user_id,system,recall@10,long_tail_recall@10
AE24IPP565CF2NWNDCSTYYGAWY5A,Essence (K=3),0.0,
AE24IPP565CF2NWNDCSTYYGAWY5A,CF (ItemKNN),0.0,
AE25PKP4DELQUP4EKOFRMTXG26GQ,Essence (K=3),0.0,
AE25PKP4DELQUP4EKOFRMTXG26GQ,CF (ItemKNN),0.0,
AE2BR5KVBCYRPJOE5QIJA522WD6A,Essence (K=3),0.0,
AE2BR5KVBCYRPJOE5QIJA522WD6A,CF (ItemKNN),0.0,
AE2EQIWFETMRHUOAQQ75IT7OYCWA,Essence (K=3),0.0,
AE2EQIWFETMRHUOAQQ75IT7OYCWA,CF (ItemKNN),0.0,
AE2FQMIPSPB4P4ICPAPY6CWKLVRA,Essence (K=3),0.0,
AE2FQMIPSPB4P4ICPAPY6CWKLVRA,CF (ItemKNN),0.0,
AE2IOEBB2ZWAJRCPU3UNMFYKFJAA,Essence (K=3),0.2,
AE2IOEBB2ZWAJRCPU3UNMFYKFJAA,CF (ItemKNN),0.0,
AE2L54LBHP2INCTEHGS7IEAFQJIA,Essence (K=3),0.0,
AE2L54LBHP2INCTEHGS7IEAFQJIA,CF (ItemKNN),0.0,
AE2LYVGEMVGJLY4AKRKBUGATC7RA,Essence (K=3),0.0,
AE2LYVGEMVGJLY4AKRKBUGATC7RA,CF (ItemKNN),0.0,
AE2N7SLQNNU3DMKWCSYQ3EX7YKSQ,Essence (K=3),0.0,
AE2N7SLQNNU3DMKWCSYQ3EX7YKSQ,CF (ItemKNN),0.0,
AE2PT4VR4PSPFP7GEKIAWXU5WIBQ,Essence (K=3),0.0,
AE2PT4VR4PSPFP7GEKIAWXU5WIBQ,CF (ItemKNN),0.0,
AE2RM4MMMEI72LAIUE65SE6O3HYA,Essence (K=3),0.0,
AE2RM4MMMEI72LAIUE65SE6O3HYA,CF (ItemKNN),0.0,
AE34UEHMNFJNTDSCOKGUGGZN37LQ,Essence (K=3),0.0,
AE34UEHMNFJNTDSCOKGUGGZN37LQ,CF (ItemKNN),0.0,
AE36QRRPB4KJXCCDF2O6RO3RHGEA,Essence (K=3),0.0,
AE36QRRPB4KJXCCDF2O6RO3RHGEA,CF (ItemKNN),0.0,
AE3B52RNBKYNGB4W7OUKA2ZUKETA,Essence (K=3),0.0,
AE3B52RNBKYNGB4W7OUKA2ZUKETA,CF (ItemKNN),0.0,
AE3F4FYL3INJ4TR7BTEVSJNZF7VQ,Essence (K=3),0.0,
AE3F4FYL3INJ4TR7BTEVSJNZF7VQ,CF (ItemKNN),0.0,
AE3JIZUY5NFAZXIUPKYAIC43SICQ,Essence (K=3),0.0,
AE3JIZUY5NFAZXIUPKYAIC43SICQ,CF (ItemKNN),0.0,
AE3NMEDUNWZRXX34BS4OARMGPIZQ,Essence (K=3),0.0,
AE3NMEDUNWZRXX34BS4OARMGPIZQ,CF (ItemKNN),0.0,
AE3O33QDAJUUUIHLL3BDEE4CT5WQ,Essence (K=3),0.0,
AE3O33QDAJUUUIHLL3BDEE4CT5WQ,CF (ItemKNN),0.0,
AE3QBHORIX77P4VSY56UGRH7JHKA,Essence (K=3),0.0,
AE3QBHORIX77P4VSY56UGRH7JHKA,CF (ItemKNN),0.0,
AE3ZDAWJ75N5SZ4DPS54A6UNGVDQ,Essence (K=3),0.0,
AE3ZDAWJ75N5SZ4DPS54A6UNGVDQ,CF (ItemKNN),0.0,
AE42ZHZLHE3K7IGBNPUQ2XGDQNIA,Essence (K=3),0.0,
AE42ZHZLHE3K7IGBNPUQ2XGDQNIA,CF (ItemKNN),0.0,
AE4Y3YEZRRMFC44WE74BCZQN5LRA,Essence (K=3),0.0,
AE4Y3YEZRRMFC44WE74BCZQN5LRA,CF (ItemKNN),0.0,
AE4ZF44EU4MZ3EFEBIKC6IVMBSMQ,Essence (K=3),0.0,
AE4ZF44EU4MZ3EFEBIKC6IVMBSMQ,CF (ItemKNN),0.0,
AE55IIDFUIUGHAHTLOPEQDSW3IHA,Essence (K=3),0.0,
AE55IIDFUIUGHAHTLOPEQDSW3IHA,CF (ItemKNN),0.0,
AE56DXBMRDCY5MHCAL24LQJR7AMA,Essence (K=3),0.8571428571428571,
AE56DXBMRDCY5MHCAL24LQJR7AMA,CF (ItemKNN),0.0,
AE5BZ3XGNCMDPF2Y7V4VJ5XIE2OQ,Essence (K=3),0.0,
AE5BZ3XGNCMDPF2Y7V4VJ5XIE2OQ,CF (ItemKNN),0.0,
AE5EMRUM6ZAJLDVAXHHON3LR46MQ,Essence (K=3),0.0,
AE5EMRUM6ZAJLDVAXHHON3LR46MQ,CF (ItemKNN),0.0,
AE5IUVLTAKMTYF7KFQOJBVDTWNEA,Essence (K=3),0.0,
AE5IUVLTAKMTYF7KFQOJBVDTWNEA,CF (ItemKNN),0.0,
AE5O6ZHTQIPFEEGJ22RTNRAG6MVQ,Essence (K=3),0.0,
AE5O6ZHTQIPFEEGJ22RTNRAG6MVQ,CF (ItemKNN),0.0,
AE5TY5TARFLHSSR4NQDUBPKZMQTQ,Essence (K=3),0.0,
AE5TY5TARFLHSSR4NQDUBPKZMQTQ,CF (ItemKNN),0.0,
AE5XEQMYG5PBY3OMG3NN4NJDSUPA,Essence (K=3),0.0,
AE5XEQMYG5PBY3OMG3NN4NJDSUPA,CF (ItemKNN),0.0,
AE5ZAEAGS7LVO5WE5HHJ7GKUQRBA,Essence (K=3),0.0,
AE5ZAEAGS7LVO5WE5HHJ7GKUQRBA,CF (ItemKNN),0.0,
AE637SWDEZDSUOIQAR5MUU5CHOCA,Essence (K=3),0.0,
AE637SWDEZDSUOIQAR5MUU5CHOCA,CF (ItemKNN),0.0,
AE63UQTYF2B7FBOT7GPWW7ZCSDCQ,Essence (K=3),0.0,
AE63UQTYF2B7FBOT7GPWW7ZCSDCQ,CF (ItemKNN),0.0,
AE6462BTZG254SNA4VCUXPAQEAPA,Essence (K=3),0.0,
AE6462BTZG254SNA4VCUXPAQEAPA,CF (ItemKNN),0.0,
AE6BA7CQPSS7F6UMPTJ5EBBMFN4Q,Essence (K=3),0.0,
AE6BA7CQPSS7F6UMPTJ5EBBMFN4Q,CF (ItemKNN),0.0,
AE6BF5P4HYA3SMJFGKSEYDWTSGFQ,Essence (K=3),0.0,
AE6BF5P4HYA3SMJFGKSEYDWTSGFQ,CF (ItemKNN),0.0,
AE6DG6QAAH2XSB7HUDD76XMNBWYQ,Essence (K=3),0.2,
AE6DG6QAAH2XSB7HUDD76XMNBWYQ,CF (ItemKNN),0.0,
AE6E2BZSOCL273XIXORZY3NQUOWQ,Essence (K=3),0.0,
AE6E2BZSOCL273XIXORZY3NQUOWQ,CF (ItemKNN),0.0,
AE6I32MGP77YFNCYJGPL7H6H6P4A,Essence (K=3),0.14285714285714285,
AE6I32MGP77YFNCYJGPL7H6H6P4A,CF (ItemKNN),0.0,
AE6WSSXICM6NUXIT6VYPIITKGXPQ,Essence (K=3),0.0,
AE6WSSXICM6NUXIT6VYPIITKGXPQ,CF (ItemKNN),0.0,
AE76KLBIAF2DHSGCNBLOAL7ILN7A,Essence (K=3),0.0,
AE76KLBIAF2DHSGCNBLOAL7ILN7A,CF (ItemKNN),0.0,
AE77XZ3PG7XMKTKPHHEZFEEET7QQ,Essence (K=3),0.0,
AE77XZ3PG7XMKTKPHHEZFEEET7QQ,CF (ItemKNN),0.0,
AE7EEXVSBZJR6H5V4G2APKJAGDRA,Essence (K=3),0.0,
AE7EEXVSBZJR6H5V4G2APKJAGDRA,CF (ItemKNN),0.0,
AE7FC5YJJSQ5QAXL5J4GBFQ52AVA,Essence (K=3),0.06666666666666667,
AE7FC5YJJSQ5QAXL5J4GBFQ52AVA,CF (ItemKNN),0.0,
AE7HKWEYQGSL6J2NS25S2XXH3SBA,Essence (K=3),0.0,
AE7HKWEYQGSL6J2NS25S2XXH3SBA,CF (ItemKNN),0.0,
AE7HUGGKDH6LGNVOMFMY6NTG4YBQ,Essence (K=3),0.0,
AE7HUGGKDH6LGNVOMFMY6NTG4YBQ,CF (ItemKNN),0.0,
AE7JHYVQBFVNCPTLV3POFLHOMULQ,Essence (K=3),0.0,
AE7JHYVQBFVNCPTLV3POFLHOMULQ,CF (ItemKNN),0.0,
AE7KJLDBHYCA6Z4CVAIRTMAIOUNQ,Essence (K=3),0.0,
AE7KJLDBHYCA6Z4CVAIRTMAIOUNQ,CF (ItemKNN),0.0,
AE7MEWDMTDZDHDVJKWGKB3MCAIPA,Essence (K=3),0.0,
AE7MEWDMTDZDHDVJKWGKB3MCAIPA,CF (ItemKNN),0.0,
AE7NJBCDLDS3GMXV3LN55U23OIZQ,Essence (K=3),0.0,
AE7NJBCDLDS3GMXV3LN55U23OIZQ,CF (ItemKNN),0.0,
AE7R3JK73JEXTUC3J36FE5X5FJAQ,Essence (K=3),0.0,
AE7R3JK73JEXTUC3J36FE5X5FJAQ,CF (ItemKNN),0.0,
AE7UWKMZA6DOZTHJVXEI3ZQV7TSQ,Essence (K=3),0.0,
AE7UWKMZA6DOZTHJVXEI3ZQV7TSQ,CF (ItemKNN),0.0,
AE7YNU75R4Q5EDFGD5GHFHN5U6LQ,Essence (K=3),0.0,
AE7YNU75R4Q5EDFGD5GHFHN5U6LQ,CF (ItemKNN),0.0,
AEA27IIUHGPUCMUMGFACNRNDKF3A,Essence (K=3),0.0,
AEA27IIUHGPUCMUMGFACNRNDKF3A,CF (ItemKNN),0.0,
AEA2RTKQFCBIFICU4LW537E3SF6A,Essence (K=3),0.0,
AEA2RTKQFCBIFICU4LW537E3SF6A,CF (ItemKNN),0.0,
AEA37BHOBFANFBUOKXHGKHRE4C2A,Essence (K=3),0.0,
AEA37BHOBFANFBUOKXHGKHRE4C2A,CF (ItemKNN),0.0,
AEAEEWYVZ2PYHOG3JLVGJ2BIYQYQ,Essence (K=3),0.0,
AEAEEWYVZ2PYHOG3JLVGJ2BIYQYQ,CF (ItemKNN),0.0,
AEAIYWJDA77GH4GUZBBBU3IPMFRQ,Essence (K=3),0.0,
AEAIYWJDA77GH4GUZBBBU3IPMFRQ,CF (ItemKNN),0.0,
AEAJ4XROS3EJ7JB4ZMKP35YIWU3A,Essence (K=3),0.0,
AEAJ4XROS3EJ7JB4ZMKP35YIWU3A,CF (ItemKNN),0.0,
AEAKSVYQPLKKNTW4RNE6E6UHD2CA,Essence (K=3),0.0,
AEAKSVYQPLKKNTW4RNE6E6UHD2CA,CF (ItemKNN),0.0,
AEAN4MNOJVFSMD2ZFMKYQ4X4N2HA,Essence (K=3),0.15384615384615385,
AEAN4MNOJVFSMD2ZFMKYQ4X4N2HA,CF (ItemKNN),0.0,
AEAPBPDVH2ITSUQTUV3AZN5V3RXA,Essence (K=3),0.0,
AEAPBPDVH2ITSUQTUV3AZN5V3RXA,CF (ItemKNN),0.0,
AEAR2TC7VZCNLUVXVJGLO6UFOO4A,Essence (K=3),0.0,
AEAR2TC7VZCNLUVXVJGLO6UFOO4A,CF (ItemKNN),0.0,
AEAXIHND3PQZVYWBSKHEZVELNC6Q,Essence (K=3),0.0,
AEAXIHND3PQZVYWBSKHEZVELNC6Q,CF (ItemKNN),0.0,
AEBAQTUQLJAJPIY4XSKAHQ6ZQRZQ,Essence (K=3),0.0,
AEBAQTUQLJAJPIY4XSKAHQ6ZQRZQ,CF (ItemKNN),0.0,
AEBHKFOA5GOEFOBILCDGSINIJH6Q,Essence (K=3),0.0,
AEBHKFOA5GOEFOBILCDGSINIJH6Q,CF (ItemKNN),0.0,
AEBILCVEHOQQIUYFGCZHXNYSJPQQ,Essence (K=3),0.0,
AEBILCVEHOQQIUYFGCZHXNYSJPQQ,CF (ItemKNN),0.0,
AEBMHNX4DJIPJWDDLX2OGECFVSXA,Essence (K=3),0.0,
AEBMHNX4DJIPJWDDLX2OGECFVSXA,CF (ItemKNN),0.0,
AEBN3ZEJBUAQOQSYUFDCNQPSYXIA,Essence (K=3),0.0,
AEBN3ZEJBUAQOQSYUFDCNQPSYXIA,CF (ItemKNN),0.0,
AEBQYIJ2ZKM3Q7CCYDWWTQSZAFOA,Essence (K=3),0.0,
AEBQYIJ2ZKM3Q7CCYDWWTQSZAFOA,CF (ItemKNN),0.0,
AEBTZ533CGSDBLRIUDYVI2Y2MDJA,Essence (K=3),0.0,
AEBTZ533CGSDBLRIUDYVI2Y2MDJA,CF (ItemKNN),0.0,
AEBV2DAMJ36JSEFIY4OM5QXQMX2A,Essence (K=3),0.0,
AEBV2DAMJ36JSEFIY4OM5QXQMX2A,CF (ItemKNN),0.0,
AEC3JL3L5COQT3736SYI7LMMQS4Q,Essence (K=3),0.0,
AEC3JL3L5COQT3736SYI7LMMQS4Q,CF (ItemKNN),0.0,
AEC6N2FWZBI4BI24H7ZXGPHULNRQ,Essence (K=3),0.0,
AEC6N2FWZBI4BI24H7ZXGPHULNRQ,CF (ItemKNN),0.0,
AECAZYV46EMIQD63JR6NNO6IYZFA,Essence (K=3),0.0,
AECAZYV46EMIQD63JR6NNO6IYZFA,CF (ItemKNN),0.0,
AECCVFESJPHVAS4RVRKEA4EEXXXQ,Essence (K=3),0.0,
AECCVFESJPHVAS4RVRKEA4EEXXXQ,CF (ItemKNN),0.0,
AECDCYZOTXQR7II22FBWUQOXX3HQ,Essence (K=3),0.0,
AECDCYZOTXQR7II22FBWUQOXX3HQ,CF (ItemKNN),0.0,
AECFSTETVURAXDHXR4T3745IQNPA,Essence (K=3),0.0,
AECFSTETVURAXDHXR4T3745IQNPA,CF (ItemKNN),0.0,
AECKRIBEGVXZJZY43V3HG7ZQNQUQ,Essence (K=3),0.0,
AECKRIBEGVXZJZY43V3HG7ZQNQUQ,CF (ItemKNN),0.0,
AECL7JB5WQ5HTVCYDYW3XE2JBPHQ,Essence (K=3),0.0,
AECL7JB5WQ5HTVCYDYW3XE2JBPHQ,CF (ItemKNN),0.0,
AECM64WE6UTVEZ6JPBFJ3HZRS2CQ,Essence (K=3),0.0,
AECM64WE6UTVEZ6JPBFJ3HZRS2CQ,CF (ItemKNN),0.0,
AECPVEJ4XSSVLYRJMZRULTHZHTGQ,Essence (K=3),0.2,
AECPVEJ4XSSVLYRJMZRULTHZHTGQ,CF (ItemKNN),0.0,
AECQIXEHDH7NBXK6A2FRF2QZHDPQ,Essence (K=3),0.0,
AECQIXEHDH7NBXK6A2FRF2QZHDPQ,CF (ItemKNN),0.0,
AECT4QHKYMP3TTJ35M73OO5ZYRCA,Essence (K=3),0.0,
AECT4QHKYMP3TTJ35M73OO5ZYRCA,CF (ItemKNN),0.0,
AECTF3HARL3U5KUKZYKIQ7Q7ZMSA,Essence (K=3),0.0,
AECTF3HARL3U5KUKZYKIQ7Q7ZMSA,CF (ItemKNN),0.0,
AECZYIRDYWLSY4LRB6WFWDW3NF5A,Essence (K=3),0.0,
AECZYIRDYWLSY4LRB6WFWDW3NF5A,CF (ItemKNN),0.0,
AED2YPA2SNGJGNVYELKNR3YUWUJQ,Essence (K=3),0.0,
AED2YPA2SNGJGNVYELKNR3YUWUJQ,CF (ItemKNN),0.0,
AED3PQGKE2MP7OA6YA7ITROMHQEQ,Essence (K=3),0.0,
AED3PQGKE2MP7OA6YA7ITROMHQEQ,CF (ItemKNN),0.0,
AED3TIUTVGBYQIVHFQ7BL5XXMEEQ,Essence (K=3),0.0,
AED3TIUTVGBYQIVHFQ7BL5XXMEEQ,CF (ItemKNN),0.0,
AED67S5C67COQ6E3IWLCN5NO7VLA,Essence (K=3),0.0,
AED67S5C67COQ6E3IWLCN5NO7VLA,CF (ItemKNN),0.0,
AED7ZMGX2J2O5YXONLDQCSFFUS4A,Essence (K=3),0.0,
AED7ZMGX2J2O5YXONLDQCSFFUS4A,CF (ItemKNN),0.0,
AEDGWSW5ZO7QCGU5UD47IQ5BJ6MQ,Essence (K=3),0.0,
AEDGWSW5ZO7QCGU5UD47IQ5BJ6MQ,CF (ItemKNN),0.0,
AEDHKOIH6WAOPG7NPJHXCIGHKSBQ,Essence (K=3),0.0,
AEDHKOIH6WAOPG7NPJHXCIGHKSBQ,CF (ItemKNN),0.0,
AEDI34V7XXO7LG7B2PG2XRJQ5EHQ,Essence (K=3),0.0,
AEDI34V7XXO7LG7B2PG2XRJQ5EHQ,CF (ItemKNN),0.0,
AEDIKSFRX5JXTPBFH4WEVHDENUUQ,Essence (K=3),0.0,
AEDIKSFRX5JXTPBFH4WEVHDENUUQ,CF (ItemKNN),0.0,
AEDKUI35LSPOZADCPBARMRQMPSGQ,Essence (K=3),0.0,
AEDKUI35LSPOZADCPBARMRQMPSGQ,CF (ItemKNN),0.0,
AEDM7KNLPWPILDHY2PIF2FNDQSMA,Essence (K=3),0.0,
AEDM7KNLPWPILDHY2PIF2FNDQSMA,CF (ItemKNN),0.0,
AEDNHNJFJOE7GJ3ZNYVIZNTAOK2Q,Essence (K=3),0.0,
AEDNHNJFJOE7GJ3ZNYVIZNTAOK2Q,CF (ItemKNN),0.0,
AEDYOS5VDOGIV6EQEO6KVJUS4V5Q,Essence (K=3),0.0,
AEDYOS5VDOGIV6EQEO6KVJUS4V5Q,CF (ItemKNN),0.0,
AEDZBNHNKSIXOHEUKYYPMIOYLB6Q,Essence (K=3),0.0,
AEDZBNHNKSIXOHEUKYYPMIOYLB6Q,CF (ItemKNN),0.0,
AEECHRG42M53EIZTJ7HVXZQI4U4Q,Essence (K=3),0.0,
AEECHRG42M53EIZTJ7HVXZQI4U4Q,CF (ItemKNN),0.0,
AEEJEKEDIYEAJRUREDLANBFCGUVQ,Essence (K=3),0.0,
AEEJEKEDIYEAJRUREDLANBFCGUVQ,CF (ItemKNN),0.0,
AEEJPOPGZKVV7ATPNSU346IXCFKQ,Essence (K=3),0.0,
AEEJPOPGZKVV7ATPNSU346IXCFKQ,CF (ItemKNN),0.0,
AEEJXJFDOZHMRHI7CNSTEX77XXWA,Essence (K=3),0.0,
AEEJXJFDOZHMRHI7CNSTEX77XXWA,CF (ItemKNN),0.0,
AEEMAQWZ7FWRTRG6L5BEGVZ24MNQ,Essence (K=3),0.0,
AEEMAQWZ7FWRTRG6L5BEGVZ24MNQ,CF (ItemKNN),0.0,
AEEMFZXUUFIQCI5A2MZYX5YQE6GA,Essence (K=3),0.6666666666666666,
AEEMFZXUUFIQCI5A2MZYX5YQE6GA,CF (ItemKNN),0.0,
AEERK55JHJK5CO6ECZEHRJVVMP3Q,Essence (K=3),0.0,
AEERK55JHJK5CO6ECZEHRJVVMP3Q,CF (ItemKNN),0.0,
AEERZ6EBGS2TMZ5HUTJJPLOCTLUA,Essence (K=3),0.0,
AEERZ6EBGS2TMZ5HUTJJPLOCTLUA,CF (ItemKNN),0.0,
AEESVU5UOECM5KSS3YAWLTABB7SA,Essence (K=3),0.0,
AEESVU5UOECM5KSS3YAWLTABB7SA,CF (ItemKNN),0.0,
AEEWYZKH4OGRHNPVL2UIMYF6Q7BA,Essence (K=3),0.0,
AEEWYZKH4OGRHNPVL2UIMYF6Q7BA,CF (ItemKNN),0.0,
AEEYGYMKWB4NMP7XEOKRRJB6ZXOA,Essence (K=3),0.0,
AEEYGYMKWB4NMP7XEOKRRJB6ZXOA,CF (ItemKNN),0.0,
AEEYQNUYWOE4DA5SZ32PUA6I5VRA,Essence (K=3),0.0,
AEEYQNUYWOE4DA5SZ32PUA6I5VRA,CF (ItemKNN),0.0,
AEF23RYE2HBCPG447X2JD6J7G52A,Essence (K=3),0.0,
AEF23RYE2HBCPG447X2JD6J7G52A,CF (ItemKNN),0.0,
AEFA7QXOFRL2NABVRTPMSM5SXLDA,Essence (K=3),0.0,
AEFA7QXOFRL2NABVRTPMSM5SXLDA,CF (ItemKNN),0.0,
AEFEJHBNSMLDSE6VAENHF3JTEUJA,Essence (K=3),0.0,
AEFEJHBNSMLDSE6VAENHF3JTEUJA,CF (ItemKNN),0.0,
AEFEQBCTSOCM2EZ2EGWMH5RJGCEA,Essence (K=3),0.0,
AEFEQBCTSOCM2EZ2EGWMH5RJGCEA,CF (ItemKNN),0.0,
AEFH67R3UHKTHNT5VSRKRLM3CMNQ,Essence (K=3),0.0,
AEFH67R3UHKTHNT5VSRKRLM3CMNQ,CF (ItemKNN),0.0,
AEFNK3NSCPOCOIONNSPQ5XTQI4SA,Essence (K=3),0.0,
AEFNK3NSCPOCOIONNSPQ5XTQI4SA,CF (ItemKNN),0.0,
AEFQLMDRHWAJBF5ZGU24UFIM2PXQ,Essence (K=3),0.0,
AEFQLMDRHWAJBF5ZGU24UFIM2PXQ,CF (ItemKNN),0.0,
AEFRH7NOWYFGWTHRO5FBH4HRDXJQ,Essence (K=3),0.0,
AEFRH7NOWYFGWTHRO5FBH4HRDXJQ,CF (ItemKNN),0.0,
AEFRZZPFLH2D4JEEZWNM2QP7VUQQ,Essence (K=3),0.0,
AEFRZZPFLH2D4JEEZWNM2QP7VUQQ,CF (ItemKNN),0.0,
AEFWA4RPS6UJZNM3VYR3YC7AFMBQ,Essence (K=3),0.0,
AEFWA4RPS6UJZNM3VYR3YC7AFMBQ,CF (ItemKNN),0.0,
AEG27DGPKCQ5ZWXYWSJP6QM3AAIA,Essence (K=3),0.0,
AEG27DGPKCQ5ZWXYWSJP6QM3AAIA,CF (ItemKNN),0.0,
AEGD27E2R5NPNVOKSOEQ6FI54SZQ,Essence (K=3),0.0,
AEGD27E2R5NPNVOKSOEQ6FI54SZQ,CF (ItemKNN),0.0,
AEGDYPMSKYVXJV5ITGUWJBM63HTQ,Essence (K=3),0.0,
AEGDYPMSKYVXJV5ITGUWJBM63HTQ,CF (ItemKNN),0.0,
AEGFFH5RWY7KQZT3HLOKAMK3JZ5A,Essence (K=3),0.0,
AEGFFH5RWY7KQZT3HLOKAMK3JZ5A,CF (ItemKNN),0.0,
AEGJRNSGJ4S2IH33KSH45ICZ4UOQ,Essence (K=3),0.0,
AEGJRNSGJ4S2IH33KSH45ICZ4UOQ,CF (ItemKNN),0.0,
AEGLMXXDXIEN2GTXMMBD4RPFYV3A,Essence (K=3),0.0,
AEGLMXXDXIEN2GTXMMBD4RPFYV3A,CF (ItemKNN),0.0,
AEGLWCLYPWJR5MISZI2R536DRGVA,Essence (K=3),0.0,
AEGLWCLYPWJR5MISZI2R536DRGVA,CF (ItemKNN),0.0,
AEGNLI4GH2WPBOMTCJUES6G6SCCQ,Essence (K=3),0.0,
AEGNLI4GH2WPBOMTCJUES6G6SCCQ,CF (ItemKNN),0.0,
AEGQ5337JE7AZVWQB4NH3D3WLSGA,Essence (K=3),0.0,
AEGQ5337JE7AZVWQB4NH3D3WLSGA,CF (ItemKNN),0.0,
AEGQTA4YSBF6A7ETUOUGFTZASJLQ,Essence (K=3),0.0,
AEGQTA4YSBF6A7ETUOUGFTZASJLQ,CF (ItemKNN),0.0,
AEGSNK3H7CQ5RQTO3VEUA7ERV7ZA,Essence (K=3),0.0,
AEGSNK3H7CQ5RQTO3VEUA7ERV7ZA,CF (ItemKNN),0.0,
AEGTJIWQKVA5K2C7XCOOCUWDX7KQ,Essence (K=3),0.0,
AEGTJIWQKVA5K2C7XCOOCUWDX7KQ,CF (ItemKNN),0.0,
AEGZ6HJQWPXJNPNRXWYHSOEXFCHA,Essence (K=3),0.0,
AEGZ6HJQWPXJNPNRXWYHSOEXFCHA,CF (ItemKNN),0.0,
AEH3PHNVNSH6XTESIP6JIMOUYQ4A,Essence (K=3),0.0,
AEH3PHNVNSH6XTESIP6JIMOUYQ4A,CF (ItemKNN),0.0,
AEH74W5HKKUU4ATDNSACSSQHSE3A,Essence (K=3),0.0,
AEH74W5HKKUU4ATDNSACSSQHSE3A,CF (ItemKNN),0.0,
AEHBOFYTNFSD2522T3QQKA6AN67Q,Essence (K=3),0.0,
AEHBOFYTNFSD2522T3QQKA6AN67Q,CF (ItemKNN),0.0,
AEHEHGC7266BDBZFW4CFBQ5XUXZA,Essence (K=3),0.0,
AEHEHGC7266BDBZFW4CFBQ5XUXZA,CF (ItemKNN),0.0,
AEHEORTA5L6RK6HJ6EQGI4M7I35A,Essence (K=3),0.0,
AEHEORTA5L6RK6HJ6EQGI4M7I35A,CF (ItemKNN),0.0,
AEHIZZWVTLEKHGRW53EE33PVWGJA,Essence (K=3),0.0,
AEHIZZWVTLEKHGRW53EE33PVWGJA,CF (ItemKNN),0.0,
AEHKDITJSRMJ4O67W74EBS2I2LAQ,Essence (K=3),0.0,
AEHKDITJSRMJ4O67W74EBS2I2LAQ,CF (ItemKNN),0.0,
AEHOIAZ54JAVWFIIVNP7HDP4WHGA,Essence (K=3),0.0,
AEHOIAZ54JAVWFIIVNP7HDP4WHGA,CF (ItemKNN),0.0,
AEHQOWODMPOUGWT4MIYKIJLNWSFQ,Essence (K=3),0.0,
AEHQOWODMPOUGWT4MIYKIJLNWSFQ,CF (ItemKNN),0.0,
AEHSPPWMKD3UUNOD4AMUUNV7O5KA,Essence (K=3),0.0,
AEHSPPWMKD3UUNOD4AMUUNV7O5KA,CF (ItemKNN),0.0,
AEHT5W5PE3RE2MCZXXNO7M3REICQ,Essence (K=3),0.4,
AEHT5W5PE3RE2MCZXXNO7M3REICQ,CF (ItemKNN),0.0,
AEHVHK3KO5WFC5DJG7CYRHSAVV4A,Essence (K=3),0.0,
AEHVHK3KO5WFC5DJG7CYRHSAVV4A,CF (ItemKNN),0.0,
AEI3YEAVL2VKZ4RVDCH3RYUD4FYA,Essence (K=3),0.0,
AEI3YEAVL2VKZ4RVDCH3RYUD4FYA,CF (ItemKNN),0.0,
AEI4TR2QQJ7VTDKHJEI7IAVZAFBQ,Essence (K=3),0.0,
AEI4TR2QQJ7VTDKHJEI7IAVZAFBQ,CF (ItemKNN),0.0,
AEI5UAXZBQ5SXPPLI5D7ZLLC7Q7Q,Essence (K=3),0.0,
AEI5UAXZBQ5SXPPLI5D7ZLLC7Q7Q,CF (ItemKNN),0.0,
AEI6U4DU5GRGNQNPB5Q3M3K6SAPQ,Essence (K=3),0.0,
AEI6U4DU5GRGNQNPB5Q3M3K6SAPQ,CF (ItemKNN),0.0,
AEI7DYTDWVA3ZI3LWL44JWZ4E4JQ,Essence (K=3),0.0,
AEI7DYTDWVA3ZI3LWL44JWZ4E4JQ,CF (ItemKNN),0.0,
AEIB3IDZTOEVMASMETR35S6OSNFA,Essence (K=3),0.0,
AEIB3IDZTOEVMASMETR35S6OSNFA,CF (ItemKNN),0.0,
AEID3PA45DNZKX5BUQPMBFPBNG3A,Essence (K=3),0.0,
AEID3PA45DNZKX5BUQPMBFPBNG3A,CF (ItemKNN),0.0,
AEIEKUH6Z6OH2GVPS35MCF6C2YNQ,Essence (K=3),0.0,
AEIEKUH6Z6OH2GVPS35MCF6C2YNQ,CF (ItemKNN),0.0,
AEIF2GR4TZS3IGJ3CE7KPE36BH3Q,Essence (K=3),0.2,
AEIF2GR4TZS3IGJ3CE7KPE36BH3Q,CF (ItemKNN),0.0,
AEIFZ7RCFJNHSOBPBODUVDUFUJ7A,Essence (K=3),0.25,
AEIFZ7RCFJNHSOBPBODUVDUFUJ7A,CF (ItemKNN),0.0,
AEIHDVD2MWZSZKRUYWMRMKQHEQ7A,Essence (K=3),0.0,
AEIHDVD2MWZSZKRUYWMRMKQHEQ7A,CF (ItemKNN),0.0,
AEIIRIHLIYKQGI7ZOCIJTRDF5NPQ_2_2_1,Essence (K=3),0.0,
AEIIRIHLIYKQGI7ZOCIJTRDF5NPQ_2_2_1,CF (ItemKNN),0.0,
AEIKHP34OZXSDQKHIZDSR3MZQFYA,Essence (K=3),0.0,
AEIKHP34OZXSDQKHIZDSR3MZQFYA,CF (ItemKNN),0.0,
AEIKOR4LYRGXNDZNKR3JJA6OR2AQ,Essence (K=3),0.0,
AEIKOR4LYRGXNDZNKR3JJA6OR2AQ,CF (ItemKNN),0.0,
AEIM2JLPSCPSZM5GZHLSPP5DGDFA,Essence (K=3),0.0,
AEIM2JLPSCPSZM5GZHLSPP5DGDFA,CF (ItemKNN),0.0,
AEISGGHLCD4CJHCYWVTBEUFCD4JA,Essence (K=3),0.0,
AEISGGHLCD4CJHCYWVTBEUFCD4JA,CF (ItemKNN),0.0,
AEITN5VWBFOBU7WDYZTLAYTGG7BA,Essence (K=3),0.0,
AEITN5VWBFOBU7WDYZTLAYTGG7BA,CF (ItemKNN),0.0,
AEIUZ6AWK7K745G4VMW3VTFDVHLQ,Essence (K=3),0.0,
AEIUZ6AWK7K745G4VMW3VTFDVHLQ,CF (ItemKNN),0.0,
AEIWIRX7HSBPUU5PT4NZH2YZV4ZA,Essence (K=3),0.0,
AEIWIRX7HSBPUU5PT4NZH2YZV4ZA,CF (ItemKNN),0.0,
AEJ5IZ74676MDNCZTTAY66ZILU3Q,Essence (K=3),0.0,
AEJ5IZ74676MDNCZTTAY66ZILU3Q,CF (ItemKNN),0.0,
AEJ7AVPS7KWP4NQ5D5KVROJWZP6Q,Essence (K=3),0.3333333333333333,
AEJ7AVPS7KWP4NQ5D5KVROJWZP6Q,CF (ItemKNN),0.0,
AEJANVQPUFAV45D4QF4SF2KHLP2Q,Essence (K=3),0.0,
AEJANVQPUFAV45D4QF4SF2KHLP2Q,CF (ItemKNN),0.0,
AEJC7XDADUMJTGFAHKWOXDNV7EAA,Essence (K=3),0.0,
AEJC7XDADUMJTGFAHKWOXDNV7EAA,CF (ItemKNN),0.0,
AEJDQZLMYD5AUO2PD4OJPFFXLX5Q,Essence (K=3),0.0,
AEJDQZLMYD5AUO2PD4OJPFFXLX5Q,CF (ItemKNN),0.0,
AEJFIBPMDHR4SWQKLYGVJX6T3IFA,Essence (K=3),0.0,
AEJFIBPMDHR4SWQKLYGVJX6T3IFA,CF (ItemKNN),0.0,
AEJH772BM23YVRK3N2V47DCVZ3QA,Essence (K=3),0.0,
AEJH772BM23YVRK3N2V47DCVZ3QA,CF (ItemKNN),0.0,
AEJHEYDTSLVGAT33LXSNIFUGPPZQ,Essence (K=3),0.0,
AEJHEYDTSLVGAT33LXSNIFUGPPZQ,CF (ItemKNN),0.0,
AEJI3JLDDY7DAGVBK6QGKF5HZAPQ,Essence (K=3),0.0,
AEJI3JLDDY7DAGVBK6QGKF5HZAPQ,CF (ItemKNN),0.0,
AEJML7B26PQE7U4BSTSHBCQTDNWQ,Essence (K=3),0.0,
AEJML7B26PQE7U4BSTSHBCQTDNWQ,CF (ItemKNN),0.0,
AEJOAGVMS53VQOEHWOGDLAU363TA,Essence (K=3),0.0,
AEJOAGVMS53VQOEHWOGDLAU363TA,CF (ItemKNN),0.0,
AEJP73XQSOETXMVQBPJPBBKVRVOA,Essence (K=3),0.0,
AEJP73XQSOETXMVQBPJPBBKVRVOA,CF (ItemKNN),0.0,
AEJPFUEHKHDA525RKFWQBZU3MY2Q,Essence (K=3),0.0,
AEJPFUEHKHDA525RKFWQBZU3MY2Q,CF (ItemKNN),0.0,
AEJPTSSVEEDYKUMJQ5YH6LE2PMFA,Essence (K=3),0.0,
AEJPTSSVEEDYKUMJQ5YH6LE2PMFA,CF (ItemKNN),0.0,
AEJTHD3NLWRBBSFEBZZNDVNX34IQ,Essence (K=3),0.3333333333333333,
AEJTHD3NLWRBBSFEBZZNDVNX34IQ,CF (ItemKNN),0.0,
AEJWOZC4BAH6D2XW5NISXUOEHHMA,Essence (K=3),0.0,
AEJWOZC4BAH6D2XW5NISXUOEHHMA,CF (ItemKNN),0.0,
AEJZMA34QZDQHJE3PRIICGLSHL7Q,Essence (K=3),0.0,
AEJZMA34QZDQHJE3PRIICGLSHL7Q,CF (ItemKNN),0.0,
AEK2ODLNOCXJNIHHA7QG7BRMD2CQ,Essence (K=3),0.0,
AEK2ODLNOCXJNIHHA7QG7BRMD2CQ,CF (ItemKNN),0.0,
AEK4264N3ZWOLSQL7QJ734GMV7GA,Essence (K=3),0.0,
AEK4264N3ZWOLSQL7QJ734GMV7GA,CF (ItemKNN),0.0,
AEK7EZ7C6V44Y7MHZZI5Q6DRGAIA,Essence (K=3),0.0,
AEK7EZ7C6V44Y7MHZZI5Q6DRGAIA,CF (ItemKNN),0.0,
AEKFFI3ZHHGJKEEY2GHDBDUU35XQ,Essence (K=3),0.0,
AEKFFI3ZHHGJKEEY2GHDBDUU35XQ,CF (ItemKNN),0.0,
AEKG47U2ZSDWCBQWO2CYJJOHGEBQ,Essence (K=3),0.0,
AEKG47U2ZSDWCBQWO2CYJJOHGEBQ,CF (ItemKNN),0.0,
AEKGU5KEYVHGNTYTRM2BL5O7AFQA,Essence (K=3),0.0,
AEKGU5KEYVHGNTYTRM2BL5O7AFQA,CF (ItemKNN),0.0,
AEKH7UEPF7VS2H5TS6S7E244D72A,Essence (K=3),0.0,
AEKH7UEPF7VS2H5TS6S7E244D72A,CF (ItemKNN),0.0,
AEKHHBB7LPSXVVST3ISDZEW7TXJQ,Essence (K=3),0.0,
AEKHHBB7LPSXVVST3ISDZEW7TXJQ,CF (ItemKNN),0.0,
AEKN5ESHFCUHGLVOK2QK5DHMYOYQ,Essence (K=3),0.0,
AEKN5ESHFCUHGLVOK2QK5DHMYOYQ,CF (ItemKNN),0.0,
AEKQIEV34GW4FIXHEGP7C4Z2ZIEA,Essence (K=3),0.0,
AEKQIEV34GW4FIXHEGP7C4Z2ZIEA,CF (ItemKNN),0.0,
AEKREDYEXNR2RCS7UH4KFQQ3LPRQ,Essence (K=3),0.0,
AEKREDYEXNR2RCS7UH4KFQQ3LPRQ,CF (ItemKNN),0.0,
AEKS5CJXD5CS3H6N2YNGAMTRDJLA,Essence (K=3),0.0,
AEKS5CJXD5CS3H6N2YNGAMTRDJLA,CF (ItemKNN),0.0,
AEKTHXEFTMGZLSLWWOGVHSA76OTQ,Essence (K=3),0.0,
AEKTHXEFTMGZLSLWWOGVHSA76OTQ,CF (ItemKNN),0.0,
AEKWF23K2TG5SJXDONWW3K6BDVVA,Essence (K=3),0.0,
AEKWF23K2TG5SJXDONWW3K6BDVVA,CF (ItemKNN),0.0,
AEKY22QCB7EPDF2P4RXZSSNTNMSQ,Essence (K=3),0.0,
AEKY22QCB7EPDF2P4RXZSSNTNMSQ,CF (ItemKNN),0.0,
AEKYQ3DZ6X3J36VOCL3KUWCMOH6A,Essence (K=3),0.0,
AEKYQ3DZ6X3J36VOCL3KUWCMOH6A,CF (ItemKNN),0.0,
AEKYXJVULXTRHIDGBLVJ64XWN5IA,Essence (K=3),0.0,
AEKYXJVULXTRHIDGBLVJ64XWN5IA,CF (ItemKNN),0.0,
AEL2VUYDTGB7VTQQ7INYO5DORTDA,Essence (K=3),0.0,
AEL2VUYDTGB7VTQQ7INYO5DORTDA,CF (ItemKNN),0.0,
AEL3DA2RF7ZZSMSFTS6DY4PCQ6KA,Essence (K=3),0.0,
AEL3DA2RF7ZZSMSFTS6DY4PCQ6KA,CF (ItemKNN),0.0,
AELA55IUPW7C6HEFF2JZ3GLHQJLQ,Essence (K=3),0.0,
AELA55IUPW7C6HEFF2JZ3GLHQJLQ,CF (ItemKNN),0.0,
AELI3UAD2WAGMP3HLKTC2HDSZ7IQ,Essence (K=3),0.25,
AELI3UAD2WAGMP3HLKTC2HDSZ7IQ,CF (ItemKNN),0.0,
AELIND6M6RLMXOFMNSZFAZPWNVCA,Essence (K=3),0.8,
AELIND6M6RLMXOFMNSZFAZPWNVCA,CF (ItemKNN),0.0,
AELKGRC6IB2MQGYN4CA4K4CKW4SQ,Essence (K=3),0.0,
AELKGRC6IB2MQGYN4CA4K4CKW4SQ,CF (ItemKNN),0.0,
AELNKTZKYOXRNBNAQOIXSQW5GRLQ,Essence (K=3),0.0,
AELNKTZKYOXRNBNAQOIXSQW5GRLQ,CF (ItemKNN),0.0,
AELNWGTMJ6DMWXQ3VQOV7XK5UTHQ,Essence (K=3),0.0,
AELNWGTMJ6DMWXQ3VQOV7XK5UTHQ,CF (ItemKNN),0.0,
AELP2CEXNBYBEKA7QB5LZ76UHQVA,Essence (K=3),0.0,
AELP2CEXNBYBEKA7QB5LZ76UHQVA,CF (ItemKNN),0.0,
AELQL2T7SKO2JUOD32QCHFK6LFWA,Essence (K=3),0.0,
AELQL2T7SKO2JUOD32QCHFK6LFWA,CF (ItemKNN),0.0,
AELRLZACOGCQWUE2JKAVMOGORTFA,Essence (K=3),0.0,
AELRLZACOGCQWUE2JKAVMOGORTFA,CF (ItemKNN),0.0,
AELTHNAIG7KQIZLYILUHAXGTWC6A,Essence (K=3),0.0,
AELTHNAIG7KQIZLYILUHAXGTWC6A,CF (ItemKNN),0.0,
AELXIWO4NQK74LMLOXAFUBPKBIIA,Essence (K=3),0.0,
AELXIWO4NQK74LMLOXAFUBPKBIIA,CF (ItemKNN),0.0,
AEM2TL7XTMNEY6VBQOXMB6CKEGFA,Essence (K=3),0.0,
AEM2TL7XTMNEY6VBQOXMB6CKEGFA,CF (ItemKNN),0.0,
AEMC6IS7V2ZQXQYZIN5VTPZ2F2GQ,Essence (K=3),0.0,
AEMC6IS7V2ZQXQYZIN5VTPZ2F2GQ,CF (ItemKNN),0.0,
AEMSNGIYEV5IGI67T2FQSS5TKGUA,Essence (K=3),0.0,
AEMSNGIYEV5IGI67T2FQSS5TKGUA,CF (ItemKNN),0.0,
AEMTLSMNHPY3MDIYZGWP3AME4SKA,Essence (K=3),0.0,
AEMTLSMNHPY3MDIYZGWP3AME4SKA,CF (ItemKNN),0.0,
AEMTMJU4IGLOGGYPQVQKCWQEBZMQ,Essence (K=3),0.0,
AEMTMJU4IGLOGGYPQVQKCWQEBZMQ,CF (ItemKNN),0.0,
AEMUHZGDHRORTTX5Z6RRFOAEYJTA,Essence (K=3),0.0,
AEMUHZGDHRORTTX5Z6RRFOAEYJTA,CF (ItemKNN),0.0,
AEN2N4CUCLSOT5HSELJVMDPLRG2Q,Essence (K=3),0.0,
AEN2N4CUCLSOT5HSELJVMDPLRG2Q,CF (ItemKNN),0.0,
AEN3GNFZHJ4VSCE4YYXLGGJU7ZBA,Essence (K=3),0.0,
AEN3GNFZHJ4VSCE4YYXLGGJU7ZBA,CF (ItemKNN),0.0,
AEN5WTEWCGW6YPKQBALFLDUXUJVA,Essence (K=3),0.0,
AEN5WTEWCGW6YPKQBALFLDUXUJVA,CF (ItemKNN),0.0,
AENB7XZR7CQA225LS72VDXMW54RA,Essence (K=3),0.0,
AENB7XZR7CQA225LS72VDXMW54RA,CF (ItemKNN),0.0,
AENDTO74FSVBOOBYEV5UP7C6CAPQ,Essence (K=3),0.0,
AENDTO74FSVBOOBYEV5UP7C6CAPQ,CF (ItemKNN),0.0,
AENFUH65F4DQSUML4ZGYETLHOUPA,Essence (K=3),0.0,
AENFUH65F4DQSUML4ZGYETLHOUPA,CF (ItemKNN),0.0,
AENH26VFYJQVORKN3K6PTFSNXP2A,Essence (K=3),0.0,
AENH26VFYJQVORKN3K6PTFSNXP2A,CF (ItemKNN),0.0,
AENH6CYFNMAFYE3WTD2ILT3NNRNQ,Essence (K=3),0.2,
AENH6CYFNMAFYE3WTD2ILT3NNRNQ,CF (ItemKNN),0.0,
AENHJFPZU6DXKMJ6FIEOJDKA2EJA,Essence (K=3),0.0,
AENHJFPZU6DXKMJ6FIEOJDKA2EJA,CF (ItemKNN),0.0,
AENI33GCGENHGKP7ZNGBVEZHMXQQ,Essence (K=3),0.0,
AENI33GCGENHGKP7ZNGBVEZHMXQQ,CF (ItemKNN),0.0,
AENIAYF2WUFKC7UXZ5YLQTEOVIOQ,Essence (K=3),0.0,
AENIAYF2WUFKC7UXZ5YLQTEOVIOQ,CF (ItemKNN),0.0,
AENIJI3JBKOOS6BJ7S7SLUEBMFSQ,Essence (K=3),0.0,
AENIJI3JBKOOS6BJ7S7SLUEBMFSQ,CF (ItemKNN),0.0,
AENJSNLDGOSZMICXRYSX53TZXJZQ,Essence (K=3),0.0,
AENJSNLDGOSZMICXRYSX53TZXJZQ,CF (ItemKNN),0.0,
AENNPOWHSDG6FZXL5AC7KGVPAPLA,Essence (K=3),0.0,
AENNPOWHSDG6FZXL5AC7KGVPAPLA,CF (ItemKNN),0.0,
AENOV7PVFKAMLSU624FFLLB3EHAQ,Essence (K=3),0.0,
AENOV7PVFKAMLSU624FFLLB3EHAQ,CF (ItemKNN),0.0,
AEO3J65KAZ2LQRKHUNJXTDCSXPSQ,Essence (K=3),0.0,
AEO3J65KAZ2LQRKHUNJXTDCSXPSQ,CF (ItemKNN),0.0,
AEO46HGQBWDQQHHXGM3DC64WWSIA,Essence (K=3),0.0,
AEO46HGQBWDQQHHXGM3DC64WWSIA,CF (ItemKNN),0.0,
AEO5CQ5ZMRVDNDVBB3G7ZZDPCQGQ,Essence (K=3),0.5,
AEO5CQ5ZMRVDNDVBB3G7ZZDPCQGQ,CF (ItemKNN),0.0,
AEO6KAJT4WEYDECCPDXQHJRBKNZA,Essence (K=3),0.0,
AEO6KAJT4WEYDECCPDXQHJRBKNZA,CF (ItemKNN),0.0,
AEO6MBZ7VCDP76UTLSIFVDXHIH6Q,Essence (K=3),0.0,
AEO6MBZ7VCDP76UTLSIFVDXHIH6Q,CF (ItemKNN),0.0,
AEOCHDVENID4PLB4GFX5WBHH6T4A,Essence (K=3),0.0,
AEOCHDVENID4PLB4GFX5WBHH6T4A,CF (ItemKNN),0.0,
AEOFJ7PTDAUCHOLHA7F57RM7YG5Q,Essence (K=3),0.0,
AEOFJ7PTDAUCHOLHA7F57RM7YG5Q,CF (ItemKNN),0.0,
AEOFSEWVZRACZ5NOFZNXEUT7VGKA,Essence (K=3),0.0,
AEOFSEWVZRACZ5NOFZNXEUT7VGKA,CF (ItemKNN),0.0,
AEOJJNU2YGEVTVEW2MJCXX4V5OYQ,Essence (K=3),0.0,
AEOJJNU2YGEVTVEW2MJCXX4V5OYQ,CF (ItemKNN),0.0,
AEOJVWQW72WFJW3RWDAVJWK7E2XQ,Essence (K=3),0.0,
AEOJVWQW72WFJW3RWDAVJWK7E2XQ,CF (ItemKNN),0.0,
AEOKHVZIRIHWHAFTCKWNXLQJCCLA,Essence (K=3),0.0,
AEOKHVZIRIHWHAFTCKWNXLQJCCLA,CF (ItemKNN),0.0,
AEOLP6DWX5AGS5XVTFIVLEFUOHUQ,Essence (K=3),0.0,
AEOLP6DWX5AGS5XVTFIVLEFUOHUQ,CF (ItemKNN),0.0,
AEORT7NYCZWF2AB3ZILUK6H6BU5A,Essence (K=3),0.0,
AEORT7NYCZWF2AB3ZILUK6H6BU5A,CF (ItemKNN),0.0,
AEOSQQQGVTSKCDPSEF5277XEGBHA,Essence (K=3),0.0,
AEOSQQQGVTSKCDPSEF5277XEGBHA,CF (ItemKNN),0.0,
AEOSXHTCPCSVQQ2QB7KSZNJJBI2Q,Essence (K=3),0.0,
AEOSXHTCPCSVQQ2QB7KSZNJJBI2Q,CF (ItemKNN),0.0,
AEOWCUSMTEUTTOP4FS5R6DIG53RA,Essence (K=3),0.0,
AEOWCUSMTEUTTOP4FS5R6DIG53RA,CF (ItemKNN),0.0,
AEOX6UNPILSWRCNGURVF36U742VQ,Essence (K=3),0.0,
AEOX6UNPILSWRCNGURVF36U742VQ,CF (ItemKNN),0.0,
AEP4ZHH5TO6YGBXQN6DV7PWJH3PQ,Essence (K=3),0.0,
AEP4ZHH5TO6YGBXQN6DV7PWJH3PQ,CF (ItemKNN),0.0,
AEP7SVTUDTL76DG2R5EVQYHIQDKA,Essence (K=3),0.0,
AEP7SVTUDTL76DG2R5EVQYHIQDKA,CF (ItemKNN),0.0,
AEPBQGIKLDXOY4DZSTTJYGGZWABQ,Essence (K=3),0.0,
AEPBQGIKLDXOY4DZSTTJYGGZWABQ,CF (ItemKNN),0.0,
AEPCEALOW7XAKVWD36M4MSO2Q7GQ,Essence (K=3),0.0,
AEPCEALOW7XAKVWD36M4MSO2Q7GQ,CF (ItemKNN),0.0,
AEPCEQTBJAD5QAGZS6YM5BTY22MQ,Essence (K=3),0.0,
AEPCEQTBJAD5QAGZS6YM5BTY22MQ,CF (ItemKNN),0.0,
AEPDQZPSMUZXXDE5NREEFFLBK23Q,Essence (K=3),0.0,
AEPDQZPSMUZXXDE5NREEFFLBK23Q,CF (ItemKNN),0.0,
AEPI3EAL2I6IWZBRLT2D3TSLZWNA,Essence (K=3),0.0,
AEPI3EAL2I6IWZBRLT2D3TSLZWNA,CF (ItemKNN),0.0,
AEPII5OV5MUBXPIFZ2EIXIXZAKZQ,Essence (K=3),0.0,
AEPII5OV5MUBXPIFZ2EIXIXZAKZQ,CF (ItemKNN),0.0,
AEPINYLVGWLBPIVFAXYLLCD56R4Q,Essence (K=3),0.0,
AEPINYLVGWLBPIVFAXYLLCD56R4Q,CF (ItemKNN),0.0,
AEPJ246YASMF64XZ7MB6WGXVU3HA,Essence (K=3),0.0,
AEPJ246YASMF64XZ7MB6WGXVU3HA,CF (ItemKNN),0.0,
AEPPHODW4ZJVNKBDV3N2VQRELXQQ,Essence (K=3),0.0,
AEPPHODW4ZJVNKBDV3N2VQRELXQQ,CF (ItemKNN),0.0,
AEPVIXOSC2KZTMTBSRZSQXZ3THZA,Essence (K=3),0.0,
AEPVIXOSC2KZTMTBSRZSQXZ3THZA,CF (ItemKNN),0.0,
AEPXOWWDTZUCTWXFNYFP5ZKIG3NQ,Essence (K=3),0.0,
AEPXOWWDTZUCTWXFNYFP5ZKIG3NQ,CF (ItemKNN),0.0,
AEQ2VNNEAFSTGKZZE224R2J7STXQ,Essence (K=3),0.0,
AEQ2VNNEAFSTGKZZE224R2J7STXQ,CF (ItemKNN),0.0,
AEQ43GNK22OVOFXKN5C4MTGBBFMQ,Essence (K=3),0.0,
AEQ43GNK22OVOFXKN5C4MTGBBFMQ,CF (ItemKNN),0.0,
AEQEKTBFSZNTYY5HKN7ZDQ5C7IGQ,Essence (K=3),0.0,
AEQEKTBFSZNTYY5HKN7ZDQ5C7IGQ,CF (ItemKNN),0.0,
AEQFIGS5UJKWTXXLHOE4KJ32RYIA,Essence (K=3),0.0,
AEQFIGS5UJKWTXXLHOE4KJ32RYIA,CF (ItemKNN),0.0,
AEQFZ6J36644OJYNHUCSEU2AD3GA,Essence (K=3),0.0,
AEQFZ6J36644OJYNHUCSEU2AD3GA,CF (ItemKNN),0.0,
AEQGRVMEYZ72DABEOX73PITCAN4Q,Essence (K=3),0.0,
AEQGRVMEYZ72DABEOX73PITCAN4Q,CF (ItemKNN),0.0,
AEQGYLXVT5UVHR6RJ6J2JRXBFH2Q,Essence (K=3),0.0,
AEQGYLXVT5UVHR6RJ6J2JRXBFH2Q,CF (ItemKNN),0.0,
AEQKV3HM3IVHWNX3JCHYIVCVPJQA,Essence (K=3),0.0,
AEQKV3HM3IVHWNX3JCHYIVCVPJQA,CF (ItemKNN),0.0,
AEQXORRI4AH4OMLSKNDDABKUEFQQ,Essence (K=3),0.0,
AEQXORRI4AH4OMLSKNDDABKUEFQQ,CF (ItemKNN),0.0,
AEQXVB7JA7V64NEYHUMBI4DZ3FCQ,Essence (K=3),0.0,
AEQXVB7JA7V64NEYHUMBI4DZ3FCQ,CF (ItemKNN),0.0,
AER2SW3VOPZEHN4GKKANQ46C6MDA,Essence (K=3),0.14285714285714285,
AER2SW3VOPZEHN4GKKANQ46C6MDA,CF (ItemKNN),0.0,
AER42BHOKYLIWICAV6G5XET7S5JA,Essence (K=3),0.0,
AER42BHOKYLIWICAV6G5XET7S5JA,CF (ItemKNN),0.0,
AER63CHZHTGXBLIETSGKZRKG6WHA,Essence (K=3),0.0,
AER63CHZHTGXBLIETSGKZRKG6WHA,CF (ItemKNN),0.0,
AER63ET57JQWDJYG7T5PWKYPU7YA,Essence (K=3),0.0,
AER63ET57JQWDJYG7T5PWKYPU7YA,CF (ItemKNN),0.0,
AERHIFN6YWBTX5E444KFMFLRCCXQ,Essence (K=3),0.0,
AERHIFN6YWBTX5E444KFMFLRCCXQ,CF (ItemKNN),0.0,
AERHK5RABUOQNIOUGQGCZY4IZKVA,Essence (K=3),0.0,
AERHK5RABUOQNIOUGQGCZY4IZKVA,CF (ItemKNN),0.0,
AERIW37GFDSVLZXANDKFUOVLY74A,Essence (K=3),0.0,
AERIW37GFDSVLZXANDKFUOVLY74A,CF (ItemKNN),0.0,
AERKCAELXR5ELTP7WHOVU3SL5KJQ,Essence (K=3),0.0,
AERKCAELXR5ELTP7WHOVU3SL5KJQ,CF (ItemKNN),0.0,
AERLZDWODTDHCO7QBCQUSWOI2ZRQ,Essence (K=3),1.0,
AERLZDWODTDHCO7QBCQUSWOI2ZRQ,CF (ItemKNN),0.0,
AERMIMRUHPJ4NTNAEGAKTGG72RQQ,Essence (K=3),0.25,
AERMIMRUHPJ4NTNAEGAKTGG72RQQ,CF (ItemKNN),0.0,
AEROS75ARPVPT732G4AWELNMNFTA,Essence (K=3),0.0,
AEROS75ARPVPT732G4AWELNMNFTA,CF (ItemKNN),0.0,
AEROTJJNQ2OP77V5I5PSLYBLVHCA,Essence (K=3),0.0,
AEROTJJNQ2OP77V5I5PSLYBLVHCA,CF (ItemKNN),0.0,
AERRDC7EP3BO3SJGJMCVZNWGNUWA,Essence (K=3),0.08333333333333333,
AERRDC7EP3BO3SJGJMCVZNWGNUWA,CF (ItemKNN),0.0,
AERS3X4G3TTTDVYYV6DSZ2EILDPA,Essence (K=3),0.0,
AERS3X4G3TTTDVYYV6DSZ2EILDPA,CF (ItemKNN),0.0,
AERU4GLVEBSLAVVE3UTYZO4ZVS6A,Essence (K=3),0.0,
AERU4GLVEBSLAVVE3UTYZO4ZVS6A,CF (ItemKNN),0.0,
AERVIQC2AGVY4DOOYDBHDIEAB53A,Essence (K=3),0.0,
AERVIQC2AGVY4DOOYDBHDIEAB53A,CF (ItemKNN),0.0,
AERW7OJA4HYB3LHZ2PUNMB5YMM4Q,Essence (K=3),0.0,
AERW7OJA4HYB3LHZ2PUNMB5YMM4Q,CF (ItemKNN),0.0,
AES2EDSXHDHSBAOEEFW7SKV3Z7CQ,Essence (K=3),0.0,
AES2EDSXHDHSBAOEEFW7SKV3Z7CQ,CF (ItemKNN),0.0,
AES3P456IBM4Y5WRBLYQEP4C22XQ,Essence (K=3),0.0,
AES3P456IBM4Y5WRBLYQEP4C22XQ,CF (ItemKNN),0.0,
AES7RYET3XLHYUZJKNYYTHH64CDA,Essence (K=3),0.0,
AES7RYET3XLHYUZJKNYYTHH64CDA,CF (ItemKNN),0.0,
AESHNOQAXNDP45X4XUPVJEZ5KB5A,Essence (K=3),0.0,
AESHNOQAXNDP45X4XUPVJEZ5KB5A,CF (ItemKNN),0.0,
AESM7V7EFIGG5FODNLS77XW7AZ2Q,Essence (K=3),0.0,
AESM7V7EFIGG5FODNLS77XW7AZ2Q,CF (ItemKNN),0.0,
AESWRITQTB4VXBV3RPTY6ZPTWQLA,Essence (K=3),0.0,
AESWRITQTB4VXBV3RPTY6ZPTWQLA,CF (ItemKNN),0.0,
AET37D3WDNBYL2OF32CYUU57KFPA,Essence (K=3),0.0,
AET37D3WDNBYL2OF32CYUU57KFPA,CF (ItemKNN),0.0,
AET5XZ4IFQFIRWRNU22AOHHZLVUQ,Essence (K=3),0.0,
AET5XZ4IFQFIRWRNU22AOHHZLVUQ,CF (ItemKNN),0.0,
AETA5Q4TFDLPGL5YWI3GE2T73D3Q,Essence (K=3),0.0,
AETA5Q4TFDLPGL5YWI3GE2T73D3Q,CF (ItemKNN),0.0,
AETAF4OSMXREUSPTPGMLXFCGIPGQ,Essence (K=3),0.0,
AETAF4OSMXREUSPTPGMLXFCGIPGQ,CF (ItemKNN),0.0,
AETATROCLFSVJ74SAXL24TQPJXGQ,Essence (K=3),0.0,
AETATROCLFSVJ74SAXL24TQPJXGQ,CF (ItemKNN),0.0,
AETDRXEAKGJNPCCAA2AGDTL2M5BQ,Essence (K=3),0.0,
AETDRXEAKGJNPCCAA2AGDTL2M5BQ,CF (ItemKNN),0.0,
AETFYI5ANZGO4W4NEG3NJ4FMON2A,Essence (K=3),0.0,
AETFYI5ANZGO4W4NEG3NJ4FMON2A,CF (ItemKNN),0.0,
AETIFTWOY7IS4OCZNGU4NADKHQXA,Essence (K=3),0.0,
AETIFTWOY7IS4OCZNGU4NADKHQXA,CF (ItemKNN),0.0,
AETPBVLJBSRYDXATJD6BCOONX4DQ,Essence (K=3),0.0,
AETPBVLJBSRYDXATJD6BCOONX4DQ,CF (ItemKNN),0.0,
AETUKJPXKBLMTYFX4SPZ3ZODBNHQ,Essence (K=3),0.0,
AETUKJPXKBLMTYFX4SPZ3ZODBNHQ,CF (ItemKNN),0.0,
AETVOXSQLZZ5TSMUTRR6PGZYGJ6A,Essence (K=3),0.0,
AETVOXSQLZZ5TSMUTRR6PGZYGJ6A,CF (ItemKNN),0.0,
AETW7OZTCDKCZVBHGGBCJQTTU6KA,Essence (K=3),0.0,
AETW7OZTCDKCZVBHGGBCJQTTU6KA,CF (ItemKNN),0.0,
AETWZEGM36SKNH4BB54R5DQOZY3Q,Essence (K=3),0.0,
AETWZEGM36SKNH4BB54R5DQOZY3Q,CF (ItemKNN),0.0,
AEU22EZFI5EN3QIGYTW5HXT32OUA,Essence (K=3),0.125,
AEU22EZFI5EN3QIGYTW5HXT32OUA,CF (ItemKNN),0.0,
AEU4RAC5LE6LTF52KPGW6IJBOMQQ,Essence (K=3),0.0,
AEU4RAC5LE6LTF52KPGW6IJBOMQQ,CF (ItemKNN),0.0,
AEU5S4GJKGWRJ55B7U6L7YVIHWOQ,Essence (K=3),0.0,
AEU5S4GJKGWRJ55B7U6L7YVIHWOQ,CF (ItemKNN),0.0,
AEU7KZURZGK6FLR2CGDGSZ7HSGTA,Essence (K=3),0.0,
AEU7KZURZGK6FLR2CGDGSZ7HSGTA,CF (ItemKNN),0.0,
AEU7PWQJYAX35X7EQQULEQK4HQRA,Essence (K=3),0.0,
AEU7PWQJYAX35X7EQQULEQK4HQRA,CF (ItemKNN),0.0,
AEU7QBNRZ36KSLQGYK26E7G3CUCQ,Essence (K=3),0.0,
AEU7QBNRZ36KSLQGYK26E7G3CUCQ,CF (ItemKNN),0.0,
AEUA342VYO4MXYMC73U2G7IWQ55A,Essence (K=3),0.0,
AEUA342VYO4MXYMC73U2G7IWQ55A,CF (ItemKNN),0.0,
AEUDCTJABXD44TGLEY2635VLF42A,Essence (K=3),0.0,
AEUDCTJABXD44TGLEY2635VLF42A,CF (ItemKNN),0.0,
AEUGL2OAD6FM3FJGNDVISKA6T2VQ,Essence (K=3),0.0,
AEUGL2OAD6FM3FJGNDVISKA6T2VQ,CF (ItemKNN),0.0,
AEUHLXXMZCJI2F6HWOZTAENOLTFA,Essence (K=3),0.0,
AEUHLXXMZCJI2F6HWOZTAENOLTFA,CF (ItemKNN),0.0,
AEUJ3V5NX2BV33LZZ3KFB2QYLQDA,Essence (K=3),0.05263157894736842,
AEUJ3V5NX2BV33LZZ3KFB2QYLQDA,CF (ItemKNN),0.0,
AEUNFBHMROLF2ZZWTQX6YJXRYOGA,Essence (K=3),0.0,
AEUNFBHMROLF2ZZWTQX6YJXRYOGA,CF (ItemKNN),0.0,
AEUNQHA5HRRK6PKNEI264TNL5YJQ,Essence (K=3),0.0,
AEUNQHA5HRRK6PKNEI264TNL5YJQ,CF (ItemKNN),0.0,
AEURC56MOPVXGEK3XS4LOHUL6JSQ,Essence (K=3),0.0,
AEURC56MOPVXGEK3XS4LOHUL6JSQ,CF (ItemKNN),0.0,
AEUS5ADOHM7I2HEM6VZWMZXQCVTQ,Essence (K=3),0.0,
AEUS5ADOHM7I2HEM6VZWMZXQCVTQ,CF (ItemKNN),0.0,
AEUSMSGIQYBBHSWOJYETHH7ZXOVA,Essence (K=3),0.0,
AEUSMSGIQYBBHSWOJYETHH7ZXOVA,CF (ItemKNN),0.0,
AEUW7EEDJWDAVHPE2WSVQYTX74YQ,Essence (K=3),0.0,
AEUW7EEDJWDAVHPE2WSVQYTX74YQ,CF (ItemKNN),0.0,
AEUXGURMIPE22JKK2IR2HMEFNGAA,Essence (K=3),0.0,
AEUXGURMIPE22JKK2IR2HMEFNGAA,CF (ItemKNN),0.0,
AEUYFYP3WUEZ32B2XF6IN3QNNFTA,Essence (K=3),0.0,
AEUYFYP3WUEZ32B2XF6IN3QNNFTA,CF (ItemKNN),0.0,
AEV4VYB342PGNC4VZVG4XLZIMJYA,Essence (K=3),0.0,
AEV4VYB342PGNC4VZVG4XLZIMJYA,CF (ItemKNN),0.0,
AEV5CHBGTEZIMBVTSXUXJNT77RHQ,Essence (K=3),0.0,
AEV5CHBGTEZIMBVTSXUXJNT77RHQ,CF (ItemKNN),0.0,
AEV6FR33FCBMJHE6C4C6VW3KPKSQ,Essence (K=3),0.0,
AEV6FR33FCBMJHE6C4C6VW3KPKSQ,CF (ItemKNN),0.0,
AEVANAUW67Y37WABLIVRJZJJLYXQ,Essence (K=3),0.0,
AEVANAUW67Y37WABLIVRJZJJLYXQ,CF (ItemKNN),0.0,
AEVF5EIFNSPO7NULRHJ2WPUMPPQA,Essence (K=3),0.0,
AEVF5EIFNSPO7NULRHJ2WPUMPPQA,CF (ItemKNN),0.0,
AEVGR3UQUOB3WIS3GUXYP53VK7KA,Essence (K=3),0.0,
AEVGR3UQUOB3WIS3GUXYP53VK7KA,CF (ItemKNN),0.0,
AEVLM2V7JOEAHOCJMV4EYMORJP7Q,Essence (K=3),0.0,
AEVLM2V7JOEAHOCJMV4EYMORJP7Q,CF (ItemKNN),0.0,
AEVLY7T752JCVGS227I2ADVVWIDA,Essence (K=3),0.0,
AEVLY7T752JCVGS227I2ADVVWIDA,CF (ItemKNN),0.0,
AEVRI442WLWKSBWN6IKYQ2XP3QVA,Essence (K=3),0.0,
AEVRI442WLWKSBWN6IKYQ2XP3QVA,CF (ItemKNN),0.0,
AEVV6D2KYWRXAHT4FLAIPGM6NUXA,Essence (K=3),0.0,
AEVV6D2KYWRXAHT4FLAIPGM6NUXA,CF (ItemKNN),0.0,
AEW34QBZ6YWBRIMU675MMMJVMLEA,Essence (K=3),0.0,
AEW34QBZ6YWBRIMU675MMMJVMLEA,CF (ItemKNN),0.0,
AEW7OKFQV54LUPA5OJG2VJ3MIOWQ,Essence (K=3),0.0,
AEW7OKFQV54LUPA5OJG2VJ3MIOWQ,CF (ItemKNN),0.0,
AEWBUR6W6KCX6GGEE6GWV2EQ7Y6A,Essence (K=3),0.0,
AEWBUR6W6KCX6GGEE6GWV2EQ7Y6A,CF (ItemKNN),0.0,
AEWFAL7G3VYOXURGLU5G3PZT7L7A,Essence (K=3),0.3333333333333333,
AEWFAL7G3VYOXURGLU5G3PZT7L7A,CF (ItemKNN),0.0,
AEWGZJWAWHMW7KWH6U7PAVVGYPGA,Essence (K=3),0.0,
AEWGZJWAWHMW7KWH6U7PAVVGYPGA,CF (ItemKNN),0.0,
AEWHCQNTEZLFTN23IVNY3ENL5NSA,Essence (K=3),0.0,
AEWHCQNTEZLFTN23IVNY3ENL5NSA,CF (ItemKNN),0.0,
AEWHSFTCTWHIC33Y6GQCZVKSZ34A,Essence (K=3),0.0,
AEWHSFTCTWHIC33Y6GQCZVKSZ34A,CF (ItemKNN),0.0,
AEWMX54MK6TA4GEHREGS3CJJGA5A,Essence (K=3),0.0,
AEWMX54MK6TA4GEHREGS3CJJGA5A,CF (ItemKNN),0.0,
AEWPOCPQD7JZY2J2JLZCGIWCGSRQ,Essence (K=3),0.0,
AEWPOCPQD7JZY2J2JLZCGIWCGSRQ,CF (ItemKNN),0.0,
AEWQ3AJ633KF2UMZBFSG3GJKVUFA,Essence (K=3),0.0,
AEWQ3AJ633KF2UMZBFSG3GJKVUFA,CF (ItemKNN),0.0,
AEWU3KIFLUA3TFUPUUWXBJF53S3A,Essence (K=3),0.0,
AEWU3KIFLUA3TFUPUUWXBJF53S3A,CF (ItemKNN),0.0,
AEWUKSRSCJCALV3X7U4B623VZ7EA,Essence (K=3),0.0,
AEWUKSRSCJCALV3X7U4B623VZ7EA,CF (ItemKNN),0.0,
AEWV3VZ2K3GQMSIWZYD743BBWMYQ,Essence (K=3),0.0,
AEWV3VZ2K3GQMSIWZYD743BBWMYQ,CF (ItemKNN),0.0,
AEX3THJ2B7CVB3RESZREWC5675MQ,Essence (K=3),0.0,
AEX3THJ2B7CVB3RESZREWC5675MQ,CF (ItemKNN),0.0,
AEXDE77ALKKEFCSPJNZJ2JE6I6TA,Essence (K=3),0.0,
AEXDE77ALKKEFCSPJNZJ2JE6I6TA,CF (ItemKNN),0.0,
AEXF4SVVA2KEWF5XFJO3BU2CY6OQ,Essence (K=3),0.0,
AEXF4SVVA2KEWF5XFJO3BU2CY6OQ,CF (ItemKNN),0.0,
AEXIQM53NELGMZDK3VGFVVLT6NJA,Essence (K=3),0.0,
AEXIQM53NELGMZDK3VGFVVLT6NJA,CF (ItemKNN),0.0,
AEXJFP65DTWHMBJMJKLT4IADIXIA,Essence (K=3),0.0,
AEXJFP65DTWHMBJMJKLT4IADIXIA,CF (ItemKNN),0.0,
AEXLIO2TQ54WUO35IW2XHRTS745A,Essence (K=3),0.0,
AEXLIO2TQ54WUO35IW2XHRTS745A,CF (ItemKNN),0.0,
AEXMJDF3EOWVKJFDTRLRGXN35PRQ,Essence (K=3),0.0,
AEXMJDF3EOWVKJFDTRLRGXN35PRQ,CF (ItemKNN),0.0,
AEXOM5MCCHLECEXBWHCYDDTYVUFA,Essence (K=3),0.0,
AEXOM5MCCHLECEXBWHCYDDTYVUFA,CF (ItemKNN),0.0,
AEXP5NIJYPDMEYRF4DGDFT6TH7OQ,Essence (K=3),0.0,
AEXP5NIJYPDMEYRF4DGDFT6TH7OQ,CF (ItemKNN),0.0,
AEXSRE2HX4THSW4WPVLVFNT4YB6A,Essence (K=3),0.0,
AEXSRE2HX4THSW4WPVLVFNT4YB6A,CF (ItemKNN),0.0,
AEXW4KFAMWWWGWF7SXRBMBQ4LSOA,Essence (K=3),0.0,
AEXW4KFAMWWWGWF7SXRBMBQ4LSOA,CF (ItemKNN),0.0,
AEXWDT56IH4R2HLTXA34LNW3L6WQ,Essence (K=3),0.0,
AEXWDT56IH4R2HLTXA34LNW3L6WQ,CF (ItemKNN),0.0,
AEY3XP2EGGI3AHKLVX7VTNLLLINA,Essence (K=3),0.0,
AEY3XP2EGGI3AHKLVX7VTNLLLINA,CF (ItemKNN),0.0,
AEYBEBCQHK7CND5L2U4KZC4UBRBA,Essence (K=3),0.0,
AEYBEBCQHK7CND5L2U4KZC4UBRBA,CF (ItemKNN),0.0,
AEYHEKKZW5R6A4H7PPK4NHZ7QLEA,Essence (K=3),0.0,
AEYHEKKZW5R6A4H7PPK4NHZ7QLEA,CF (ItemKNN),0.0,
AEYIS5EFWY3D4JMPTXXUKCZ4DUBQ,Essence (K=3),0.0,
AEYIS5EFWY3D4JMPTXXUKCZ4DUBQ,CF (ItemKNN),0.0,
AEYJLPAY364JCKDWYE6KX25TZ5EA,Essence (K=3),0.0,
AEYJLPAY364JCKDWYE6KX25TZ5EA,CF (ItemKNN),0.0,
AEYM53XFJTINP5KWCAE34HXCO2IQ,Essence (K=3),0.0,
AEYM53XFJTINP5KWCAE34HXCO2IQ,CF (ItemKNN),0.0,
AEYO5P5CS5PI6KAUDUSUBIUELETQ,Essence (K=3),0.0,
AEYO5P5CS5PI6KAUDUSUBIUELETQ,CF (ItemKNN),0.0,
AEYPQH33ZCBQNLOOLD3HGEGNF5SA,Essence (K=3),0.0,
AEYPQH33ZCBQNLOOLD3HGEGNF5SA,CF (ItemKNN),0.0,
AEYS6FPWUIFMCXBXEAGAVRZRQARQ,Essence (K=3),0.0,
AEYS6FPWUIFMCXBXEAGAVRZRQARQ,CF (ItemKNN),0.0,
AEYSGCOJIR5X4PFUY7JGUOFCZVNA,Essence (K=3),0.0,
AEYSGCOJIR5X4PFUY7JGUOFCZVNA,CF (ItemKNN),0.0,
AEYTEWRCY7KF5K4NBOHG6I4VUUOQ,Essence (K=3),0.0,
AEYTEWRCY7KF5K4NBOHG6I4VUUOQ,CF (ItemKNN),0.0,
AEYVDSFKTQC4RAZW6NEDY5VQHZ3A,Essence (K=3),0.0,
AEYVDSFKTQC4RAZW6NEDY5VQHZ3A,CF (ItemKNN),0.0,
AEZ2LLS3S7PLTNA2WFRXZUGVNW2Q,Essence (K=3),0.0,
AEZ2LLS3S7PLTNA2WFRXZUGVNW2Q,CF (ItemKNN),0.0,
AEZ5ZPLDPFZWOQF7QF5ZCK6SWVWQ,Essence (K=3),0.0,
AEZ5ZPLDPFZWOQF7QF5ZCK6SWVWQ,CF (ItemKNN),0.0,
AEZ6B2L5L5O2UET3UC4ORLXTVT3A,Essence (K=3),0.0,
AEZ6B2L5L5O2UET3UC4ORLXTVT3A,CF (ItemKNN),0.0,
AEZ6SBJRRLDNJBYFWUK2DCFQMMFA,Essence (K=3),0.0,
AEZ6SBJRRLDNJBYFWUK2DCFQMMFA,CF (ItemKNN),0.0,
AEZE4SRC2MMMYH4IBTDEXB2MHJJQ,Essence (K=3),0.0,
AEZE4SRC2MMMYH4IBTDEXB2MHJJQ,CF (ItemKNN),0.0,
AEZHA77T7U3ACHXOL5UGIFOOED4Q,Essence (K=3),0.0,
AEZHA77T7U3ACHXOL5UGIFOOED4Q,CF (ItemKNN),0.0,
AEZJ2TGHQC2AYUZFDM4Q6YX4LOHA,Essence (K=3),0.0,
AEZJ2TGHQC2AYUZFDM4Q6YX4LOHA,CF (ItemKNN),0.0,
AEZLO6YQ4HOJMBZ7QPIIFXA7ZPLQ,Essence (K=3),0.0,
AEZLO6YQ4HOJMBZ7QPIIFXA7ZPLQ,CF (ItemKNN),0.0,
AEZLQ6I4GWACLZDMYHMF6C7I3MUA,Essence (K=3),0.0,
AEZLQ6I4GWACLZDMYHMF6C7I3MUA,CF (ItemKNN),0.0,
AEZMGLCXCRXMYCFIBFTFL2YBBPOA,Essence (K=3),0.0,
AEZMGLCXCRXMYCFIBFTFL2YBBPOA,CF (ItemKNN),0.0,
AEZMOON7P7RY6KKNY24VWRYMLMHQ,Essence (K=3),0.0,
AEZMOON7P7RY6KKNY24VWRYMLMHQ,CF (ItemKNN),0.0,
AEZPR3OI4DAJYXIDPM4QJS2V2RZQ,Essence (K=3),0.0,
AEZPR3OI4DAJYXIDPM4QJS2V2RZQ,CF (ItemKNN),0.0,
AEZTZFYT3ZX7CF24YZUIKH5J24YQ,Essence (K=3),0.1111111111111111,
AEZTZFYT3ZX7CF24YZUIKH5J24YQ,CF (ItemKNN),0.0,
AEZVEAAR7CYFXBO4PMTHOAMO6BSA,Essence (K=3),0.0,
AEZVEAAR7CYFXBO4PMTHOAMO6BSA,CF (ItemKNN),0.0,
AEZWGVHK62MI6F3R42A5I4G4KCHA,Essence (K=3),0.0,
AEZWGVHK62MI6F3R42A5I4G4KCHA,CF (ItemKNN),0.0,
AEZXR5L263IRQUQNAQUMWJDHMPVA,Essence (K=3),0.25,
AEZXR5L263IRQUQNAQUMWJDHMPVA,CF (ItemKNN),0.0,
AEZY2G7RDJM5PDKG4WUN2GLE7GGQ,Essence (K=3),0.0,
AEZY2G7RDJM5PDKG4WUN2GLE7GGQ,CF (ItemKNN),0.0,
AF226UBRQOQ2XOQ3SHF4ONWOCAUA,Essence (K=3),0.0,
AF226UBRQOQ2XOQ3SHF4ONWOCAUA,CF (ItemKNN),0.0,
AF26NZZRAS54FZM7EOJ637ZPHUKQ,Essence (K=3),0.0,
AF26NZZRAS54FZM7EOJ637ZPHUKQ,CF (ItemKNN),0.0,
AF26XZUO4HQMW2NAMRO3NGCZEOAQ,Essence (K=3),0.0,
AF26XZUO4HQMW2NAMRO3NGCZEOAQ,CF (ItemKNN),0.0,
AF27MUBMAHB7EPMB6NC3WMVQ3RMQ,Essence (K=3),0.0,
AF27MUBMAHB7EPMB6NC3WMVQ3RMQ,CF (ItemKNN),0.0,
AF2JMSNEKMYOD7D6UQACZFQIAG4A,Essence (K=3),0.0,
AF2JMSNEKMYOD7D6UQACZFQIAG4A,CF (ItemKNN),0.0,
AF2LKY37WWUF5AVP5ADJ5XJUBSPA,Essence (K=3),0.0,
AF2LKY37WWUF5AVP5ADJ5XJUBSPA,CF (ItemKNN),0.0,
AF2LMUVYDIBJJ5QZQA36DKB4C7RQ,Essence (K=3),0.0,
AF2LMUVYDIBJJ5QZQA36DKB4C7RQ,CF (ItemKNN),0.0,
AF2LPOY6JWRI6CN2QSQI34JTWUDQ,Essence (K=3),0.0,
AF2LPOY6JWRI6CN2QSQI34JTWUDQ,CF (ItemKNN),0.0,
AF2M2RZFGOAD2B5RS4OARVAED2HQ,Essence (K=3),0.0,
AF2M2RZFGOAD2B5RS4OARVAED2HQ,CF (ItemKNN),0.0,
AF2NR3L4PTH2LXCMM5WTRUBLDSSQ,Essence (K=3),0.0,
AF2NR3L4PTH2LXCMM5WTRUBLDSSQ,CF (ItemKNN),0.0,
AF2OZ3TM334625U364LHXGQQO4GQ,Essence (K=3),0.0,
AF2OZ3TM334625U364LHXGQQO4GQ,CF (ItemKNN),0.0,
AF2PFXQYAQWAH2EIK5FHDSETSLKA,Essence (K=3),0.0,
AF2PFXQYAQWAH2EIK5FHDSETSLKA,CF (ItemKNN),0.0,
AF2PYTBB3YLSEVDJST7E5AOSXJLQ,Essence (K=3),0.0,
AF2PYTBB3YLSEVDJST7E5AOSXJLQ,CF (ItemKNN),0.0,
AF2RB5N2VWYDFXWG4UM257QQ22QA,Essence (K=3),0.0,
AF2RB5N2VWYDFXWG4UM257QQ22QA,CF (ItemKNN),0.0,
AF2TAVAZ4V4LJWBTAVIVF6TU2OFQ,Essence (K=3),0.0,
AF2TAVAZ4V4LJWBTAVIVF6TU2OFQ,CF (ItemKNN),0.0,
AF2VVMASHY55FTASGFBTHV42EM2A,Essence (K=3),0.0,
AF2VVMASHY55FTASGFBTHV42EM2A,CF (ItemKNN),0.0,
AF2ZI4BYPY56Y2O3ZS5MHQBQMCDA,Essence (K=3),0.0,
AF2ZI4BYPY56Y2O3ZS5MHQBQMCDA,CF (ItemKNN),0.0,
AF35QAXJFPUFXIKCRP6WLE2TTVWQ,Essence (K=3),0.0,
AF35QAXJFPUFXIKCRP6WLE2TTVWQ,CF (ItemKNN),0.0,
AF3FS4TPCZYPGJMKHGTRLC6OE4UA,Essence (K=3),0.0,
AF3FS4TPCZYPGJMKHGTRLC6OE4UA,CF (ItemKNN),0.0,
AF3FZH2XXBFBDKK3LB6Y7SZBOZYQ,Essence (K=3),0.42857142857142855,
AF3FZH2XXBFBDKK3LB6Y7SZBOZYQ,CF (ItemKNN),0.0,
AF3IKE5V7OZFMVJKJI3INCSQA7CQ,Essence (K=3),0.0,
AF3IKE5V7OZFMVJKJI3INCSQA7CQ,CF (ItemKNN),0.0,
AF3J42VUWFI42QEKYFDGFA55SR2A,Essence (K=3),0.0,
AF3J42VUWFI42QEKYFDGFA55SR2A,CF (ItemKNN),0.0,
AF3KF4CVKVD3MOGQT2QEMWXRVZNQ,Essence (K=3),0.0,
AF3KF4CVKVD3MOGQT2QEMWXRVZNQ,CF (ItemKNN),0.0,
AF3M2HFBKY5L2LYXD4GOX5ROWIKA,Essence (K=3),0.0,
AF3M2HFBKY5L2LYXD4GOX5ROWIKA,CF (ItemKNN),0.0,
AF3RIXFFIORNQZTXHDKBYQXLAQMA,Essence (K=3),0.0,
AF3RIXFFIORNQZTXHDKBYQXLAQMA,CF (ItemKNN),0.0,
AF3TR7EBS37EVLMKBHCADOLNWOQA,Essence (K=3),0.0,
AF3TR7EBS37EVLMKBHCADOLNWOQA,CF (ItemKNN),0.0,
AF3ZMBFSS5VET7PNQ3LTOWPDN5IQ,Essence (K=3),0.0,
AF3ZMBFSS5VET7PNQ3LTOWPDN5IQ,CF (ItemKNN),0.0,
AF3ZYOKALGCMQLUARH4VU72EOMJQ,Essence (K=3),0.5,
AF3ZYOKALGCMQLUARH4VU72EOMJQ,CF (ItemKNN),0.0,
AF425YWIDQYRPXVHOHO3RUT6MOIA,Essence (K=3),0.0,
AF425YWIDQYRPXVHOHO3RUT6MOIA,CF (ItemKNN),0.0,
AF44TB62MTSDCSU4A5J7R2GAULLA,Essence (K=3),0.0,
AF44TB62MTSDCSU4A5J7R2GAULLA,CF (ItemKNN),0.0,
AF4ACGTK5AZW4VFSJ6F6MN7QFSOA,Essence (K=3),0.0,
AF4ACGTK5AZW4VFSJ6F6MN7QFSOA,CF (ItemKNN),0.0,
AF4FBX7TMLQVLJB45TOQ2EJTXVYA,Essence (K=3),0.0,
AF4FBX7TMLQVLJB45TOQ2EJTXVYA,CF (ItemKNN),0.0,
AF4FRBBFKQTWPWHAYEVIEVGIX4YA,Essence (K=3),0.0,
AF4FRBBFKQTWPWHAYEVIEVGIX4YA,CF (ItemKNN),0.0,
AF4GW4KJBW3LAH552SANPYH3GL4A,Essence (K=3),0.0,
AF4GW4KJBW3LAH552SANPYH3GL4A,CF (ItemKNN),0.0,
AF4NMCMOVJWFTNPCJKBTJZLHADNQ,Essence (K=3),0.0,
AF4NMCMOVJWFTNPCJKBTJZLHADNQ,CF (ItemKNN),0.0,
AF4SSPLSSF27VDKV6JLWVEE2DO4A,Essence (K=3),0.0,
AF4SSPLSSF27VDKV6JLWVEE2DO4A,CF (ItemKNN),0.0,
AF52CPMZOVTZRQ4THF643TLPPU2Q,Essence (K=3),0.0,
AF52CPMZOVTZRQ4THF643TLPPU2Q,CF (ItemKNN),0.0,
AF54A7HVXA73YHG4G2B3DX7B53AA,Essence (K=3),0.0,
AF54A7HVXA73YHG4G2B3DX7B53AA,CF (ItemKNN),0.0,
AF5EF27UBPOSAAAG726MSGWL4IZQ,Essence (K=3),0.0,
AF5EF27UBPOSAAAG726MSGWL4IZQ,CF (ItemKNN),0.0,
AF5EOY2VJ6PI36BFC3GZIAJTBAEQ,Essence (K=3),0.0,
AF5EOY2VJ6PI36BFC3GZIAJTBAEQ,CF (ItemKNN),0.0,
AF5IX6RNFPXT7HNXU6UD6Q5G6MBQ,Essence (K=3),0.0,
AF5IX6RNFPXT7HNXU6UD6Q5G6MBQ,CF (ItemKNN),0.0,
AF5NATN2OIAB54BDEMUYEXQV6GVA,Essence (K=3),0.0,
AF5NATN2OIAB54BDEMUYEXQV6GVA,CF (ItemKNN),0.0,
AF5NQD5Z7Z4LCNSA5NACXJGRZXOA,Essence (K=3),0.0,
AF5NQD5Z7Z4LCNSA5NACXJGRZXOA,CF (ItemKNN),0.0,
AF5SWT72D7ONRMX365HGDUMGEEHA,Essence (K=3),0.0,
AF5SWT72D7ONRMX365HGDUMGEEHA,CF (ItemKNN),0.0,
AF5UVXL3M5KBWZUKE3PFSNT5FNAQ,Essence (K=3),0.0,
AF5UVXL3M5KBWZUKE3PFSNT5FNAQ,CF (ItemKNN),0.0,
AF5VW4WFV2JWSOIEMRFZM4EF5NLQ,Essence (K=3),0.0,
AF5VW4WFV2JWSOIEMRFZM4EF5NLQ,CF (ItemKNN),0.0,
AF5W4LLFQLKCR3NJHUQHZZ3SOIKQ,Essence (K=3),0.0,
AF5W4LLFQLKCR3NJHUQHZZ3SOIKQ,CF (ItemKNN),0.0,
AF5X55VGAETPEYCZG4VVLADZ57OQ,Essence (K=3),0.0,
AF5X55VGAETPEYCZG4VVLADZ57OQ,CF (ItemKNN),0.0,
AF5YITGEVYNENMSMTCYBG6I72XHA,Essence (K=3),0.0,
AF5YITGEVYNENMSMTCYBG6I72XHA,CF (ItemKNN),0.0,
AF64Q7YLFDHZKIHKUMWAPMHOCECA,Essence (K=3),0.0,
AF64Q7YLFDHZKIHKUMWAPMHOCECA,CF (ItemKNN),0.0,
AF656D6ZJ3UVKSBIFI5GHRGMGMHA,Essence (K=3),0.0,
AF656D6ZJ3UVKSBIFI5GHRGMGMHA,CF (ItemKNN),0.0,
AF65V7WLUYOSHH5QZ7TXBPG5AHSA,Essence (K=3),0.0,
AF65V7WLUYOSHH5QZ7TXBPG5AHSA,CF (ItemKNN),0.0,
AF6APUO3P7ZTZYDLBZTTJ6FGD4JA,Essence (K=3),0.0,
AF6APUO3P7ZTZYDLBZTTJ6FGD4JA,CF (ItemKNN),0.0,
AF6AZ7XLFNQYPW2SOOM6R6HWKZSA,Essence (K=3),0.0,
AF6AZ7XLFNQYPW2SOOM6R6HWKZSA,CF (ItemKNN),0.0,
AF6DTQDGHMY5ABQKEJLZDFYIQTKQ,Essence (K=3),0.0,
AF6DTQDGHMY5ABQKEJLZDFYIQTKQ,CF (ItemKNN),0.0,
AF6K764QITPCDFFVA56WY3O75MYQ,Essence (K=3),0.0,
AF6K764QITPCDFFVA56WY3O75MYQ,CF (ItemKNN),0.0,
AF6KLVECQVBTEGYURITICIZ74A4A,Essence (K=3),0.0,
AF6KLVECQVBTEGYURITICIZ74A4A,CF (ItemKNN),0.0,
AF6TRGORLGEF47IEA6UXE27VCV5Q,Essence (K=3),0.0,
AF6TRGORLGEF47IEA6UXE27VCV5Q,CF (ItemKNN),0.0,
AF6U5NPJ2HZCPTXMSFM4QSE2IIRA,Essence (K=3),0.0,
AF6U5NPJ2HZCPTXMSFM4QSE2IIRA,CF (ItemKNN),0.0,
AF6ZAXZ5HQZ7BF3TLPWWTZ4P6BGA,Essence (K=3),0.0,
AF6ZAXZ5HQZ7BF3TLPWWTZ4P6BGA,CF (ItemKNN),0.0,
AF6ZLNQCQ2ZW53TKVFAAKYLB4HSQ,Essence (K=3),0.0,
AF6ZLNQCQ2ZW53TKVFAAKYLB4HSQ,CF (ItemKNN),0.0,
AF75FTUGHY2RJ5KAGNDRR7KGBTEQ,Essence (K=3),0.0,
AF75FTUGHY2RJ5KAGNDRR7KGBTEQ,CF (ItemKNN),0.0,
AF76NH4RUBWDHQSGVN2PCXZNSLZA,Essence (K=3),0.0,
AF76NH4RUBWDHQSGVN2PCXZNSLZA,CF (ItemKNN),0.0,
AF77XZ6MFYU7AQTJPQZSKLXEJHOQ,Essence (K=3),0.0,
AF77XZ6MFYU7AQTJPQZSKLXEJHOQ,CF (ItemKNN),0.0,
AF7ABIXWRMZTRZZ4KONRTSFXLVWQ,Essence (K=3),0.0,
AF7ABIXWRMZTRZZ4KONRTSFXLVWQ,CF (ItemKNN),0.0,
AF7COOATE2NAP4MAHOATCGC2OW7Q,Essence (K=3),0.0,
AF7COOATE2NAP4MAHOATCGC2OW7Q,CF (ItemKNN),0.0,
AF7GOLLW4ELSEEJR5CS7GEN6LU7A,Essence (K=3),0.0,
AF7GOLLW4ELSEEJR5CS7GEN6LU7A,CF (ItemKNN),0.0,
AF7HAVVESIT4QBJYZJMWTZBWB36Q,Essence (K=3),0.0,
AF7HAVVESIT4QBJYZJMWTZBWB36Q,CF (ItemKNN),0.0,
AF7IN3MHFTZCNBOFHGFFL3W7YS4A,Essence (K=3),0.0,
AF7IN3MHFTZCNBOFHGFFL3W7YS4A,CF (ItemKNN),0.0,
AF7JP2ZHVTB6LEDTUFBVCTEKFU5A,Essence (K=3),0.0,
AF7JP2ZHVTB6LEDTUFBVCTEKFU5A,CF (ItemKNN),0.0,
AF7KIZTDR2R3I4MWNRFZ7UYYXBUQ,Essence (K=3),0.0,
AF7KIZTDR2R3I4MWNRFZ7UYYXBUQ,CF (ItemKNN),0.0,
AFA6RBBAJHPPSMIILDPTUVOLXMNQ,Essence (K=3),0.0,
AFA6RBBAJHPPSMIILDPTUVOLXMNQ,CF (ItemKNN),0.0,
AFACY7FQQZS26DA47PEXH4QWE4GA,Essence (K=3),0.0,
AFACY7FQQZS26DA47PEXH4QWE4GA,CF (ItemKNN),0.0,
AFAEAJP3HJPBXLRTH6ZMGJTADXIA,Essence (K=3),0.0,
AFAEAJP3HJPBXLRTH6ZMGJTADXIA,CF (ItemKNN),0.0,
AFAMYTW7RG7XQB45PZRCMQYHDDDA,Essence (K=3),0.2,
AFAMYTW7RG7XQB45PZRCMQYHDDDA,CF (ItemKNN),0.0,
AFAP3MJ32WUYJHPN5ZQJ6JGMGUSA,Essence (K=3),0.0,
AFAP3MJ32WUYJHPN5ZQJ6JGMGUSA,CF (ItemKNN),0.0,
AFATDQMYSPI6TQ3WGHYQSG742PRA,Essence (K=3),0.0,
AFATDQMYSPI6TQ3WGHYQSG742PRA,CF (ItemKNN),0.0,
AFAVNIGPSTTXZ5BQHO2KBSUQ5DGQ,Essence (K=3),0.0,
AFAVNIGPSTTXZ5BQHO2KBSUQ5DGQ,CF (ItemKNN),0.0,
AFB4TH4M6JJKV2DTGU7Q3WCQZLQA,Essence (K=3),0.0,
AFB4TH4M6JJKV2DTGU7Q3WCQZLQA,CF (ItemKNN),0.0,
AFB5HRJFQQV2JHQXCUQAT2RXQW7Q,Essence (K=3),0.0,
AFB5HRJFQQV2JHQXCUQAT2RXQW7Q,CF (ItemKNN),0.0,
AFB6X44FWDDOKJQRH4PQXXDPDEMA,Essence (K=3),0.0,
AFB6X44FWDDOKJQRH4PQXXDPDEMA,CF (ItemKNN),0.0,
AFB76X6ZRGBOGUYLMLMRFRHTWNBQ,Essence (K=3),0.0,
AFB76X6ZRGBOGUYLMLMRFRHTWNBQ,CF (ItemKNN),0.0,
AFB7MFTDPUKNJNTDA72JYGND2PAA,Essence (K=3),0.0,
AFB7MFTDPUKNJNTDA72JYGND2PAA,CF (ItemKNN),0.0,
AFBIB6CB4DYSUXKHFVM7RGMB7ZMQ,Essence (K=3),0.0,
AFBIB6CB4DYSUXKHFVM7RGMB7ZMQ,CF (ItemKNN),0.0,
AFBIMPF3BIOTEPNZ5OF4JPBMJ52Q,Essence (K=3),0.0,
AFBIMPF3BIOTEPNZ5OF4JPBMJ52Q,CF (ItemKNN),0.0,
AFBLKOEBM3DMXFIDX44MNTZEONOQ,Essence (K=3),0.0,
AFBLKOEBM3DMXFIDX44MNTZEONOQ,CF (ItemKNN),0.0,
AFBNKA7QHDWIVKVLAUY7SJAUSBPA,Essence (K=3),0.0,
AFBNKA7QHDWIVKVLAUY7SJAUSBPA,CF (ItemKNN),0.0,
AFBPP7XKMVKTCHNMXA2374DLVL3Q,Essence (K=3),0.0,
AFBPP7XKMVKTCHNMXA2374DLVL3Q,CF (ItemKNN),0.0,
AFBZQO43NATA44M347A6CO5PQHJA,Essence (K=3),0.0,
AFBZQO43NATA44M347A6CO5PQHJA,CF (ItemKNN),0.0,
AFC3KHGKHNRKG3HDLPWDGXJNILJA,Essence (K=3),0.0,
AFC3KHGKHNRKG3HDLPWDGXJNILJA,CF (ItemKNN),0.0,
AFC5LLFZKZAWYJGE5KU2Z462GW2Q,Essence (K=3),0.0,
AFC5LLFZKZAWYJGE5KU2Z462GW2Q,CF (ItemKNN),0.0,
AFCIQONF437KBDWXHEBG27BGOI5Q,Essence (K=3),0.0,
AFCIQONF437KBDWXHEBG27BGOI5Q,CF (ItemKNN),0.0,
AFCNXDXCFNFDHJRCRC6XMCHUPTEQ,Essence (K=3),0.0,
AFCNXDXCFNFDHJRCRC6XMCHUPTEQ,CF (ItemKNN),0.0,
AFCPS37YPEGOLHWCNAJ443ZFO2LQ,Essence (K=3),0.0,
AFCPS37YPEGOLHWCNAJ443ZFO2LQ,CF (ItemKNN),0.0,
AFCSYTR27UOVNJRVTR2DJT5KJIQQ,Essence (K=3),0.0,
AFCSYTR27UOVNJRVTR2DJT5KJIQQ,CF (ItemKNN),0.0,
AFCZJSKT3N2XWMHFIEE5J6MBXHNQ,Essence (K=3),0.0,
AFCZJSKT3N2XWMHFIEE5J6MBXHNQ,CF (ItemKNN),0.0,
AFD25W5BU4WBIRVZG3OBKFFUNGEA,Essence (K=3),0.0,
AFD25W5BU4WBIRVZG3OBKFFUNGEA,CF (ItemKNN),0.0,
AFD56Z3GZG5PDVCWJAWI2DWUE7AA,Essence (K=3),0.0,
AFD56Z3GZG5PDVCWJAWI2DWUE7AA,CF (ItemKNN),0.0,
AFD6NXTH5U4FWNNXPH62OKWL3SNQ,Essence (K=3),0.0,
AFD6NXTH5U4FWNNXPH62OKWL3SNQ,CF (ItemKNN),0.0,
AFDGOVWSEJTMMVORZWPE4OSBQAHQ,Essence (K=3),0.0,
AFDGOVWSEJTMMVORZWPE4OSBQAHQ,CF (ItemKNN),0.0,
AFDHUCLATYYXOGOGOCJDFVNHIDZQ,Essence (K=3),0.0,
AFDHUCLATYYXOGOGOCJDFVNHIDZQ,CF (ItemKNN),0.0,
AFDLJN4BMND5LWI5CIXOT2J27BTA,Essence (K=3),0.0,
AFDLJN4BMND5LWI5CIXOT2J27BTA,CF (ItemKNN),0.0,
AFE4C6ZPH2UQCL4JJFRO4NTXK3DA,Essence (K=3),0.0,
AFE4C6ZPH2UQCL4JJFRO4NTXK3DA,CF (ItemKNN),0.0,
AFE54SOHAGMGHZUFJ2L3HQH5S6MA,Essence (K=3),0.0,
AFE54SOHAGMGHZUFJ2L3HQH5S6MA,CF (ItemKNN),0.0,
AFEBSWEWUJTGFZBHRL2OOZIEZTNQ,Essence (K=3),0.0,
AFEBSWEWUJTGFZBHRL2OOZIEZTNQ,CF (ItemKNN),0.0,
AFERDF3J4TACWWJYVLVMNK57YDIQ,Essence (K=3),0.0,
AFERDF3J4TACWWJYVLVMNK57YDIQ,CF (ItemKNN),0.0,
AFFAGTMUJ5SBYKREB7IAL3XUC3ZQ,Essence (K=3),0.0,
AFFAGTMUJ5SBYKREB7IAL3XUC3ZQ,CF (ItemKNN),0.0,
AFFB4ARUBE5WTFX7BZGHZOMS3ACQ,Essence (K=3),0.0,
AFFB4ARUBE5WTFX7BZGHZOMS3ACQ,CF (ItemKNN),0.0,
AFFE2BXMD7XECTOSKR7OJW6Z2XYQ,Essence (K=3),0.0,
AFFE2BXMD7XECTOSKR7OJW6Z2XYQ,CF (ItemKNN),0.0,
AFFEVIOQDONBCYKGYRN6KULLOJAA,Essence (K=3),0.0,
AFFEVIOQDONBCYKGYRN6KULLOJAA,CF (ItemKNN),0.0,
AFFFVBGGIDSZ4IUKWJYRLXVFJHGQ,Essence (K=3),0.0,
AFFFVBGGIDSZ4IUKWJYRLXVFJHGQ,CF (ItemKNN),0.0,
AFFG5DJZ5XC2ZNIWLFOX3QSQ7CNQ,Essence (K=3),0.0,
AFFG5DJZ5XC2ZNIWLFOX3QSQ7CNQ,CF (ItemKNN),0.0,
AFFHHIKDCW5NI2P73Z2UEPJLZ2NA,Essence (K=3),0.0,
AFFHHIKDCW5NI2P73Z2UEPJLZ2NA,CF (ItemKNN),0.0,
AFFKPZFPTTML57TW7NDSSYWYZDFA,Essence (K=3),0.0,
AFFKPZFPTTML57TW7NDSSYWYZDFA,CF (ItemKNN),0.0,
AFFNR2UVFGVE3ZCHJ5G4U76K64AA,Essence (K=3),0.0,
AFFNR2UVFGVE3ZCHJ5G4U76K64AA,CF (ItemKNN),0.0,
AFFSE7VO55MBDXTPX3FNLES2XCLQ,Essence (K=3),0.0,
AFFSE7VO55MBDXTPX3FNLES2XCLQ,CF (ItemKNN),0.0,
AFFUVVE5RUL3ZKHYD6LUWFN42EMA,Essence (K=3),0.0,
AFFUVVE5RUL3ZKHYD6LUWFN42EMA,CF (ItemKNN),0.0,
AFFYJYF6SMY4OKO3KKQDBWGUEAFA,Essence (K=3),0.0,
AFFYJYF6SMY4OKO3KKQDBWGUEAFA,CF (ItemKNN),0.0,
AFFZ4BR7AY4WVHDT6RI2LJJQSMHA,Essence (K=3),0.0,
AFFZ4BR7AY4WVHDT6RI2LJJQSMHA,CF (ItemKNN),0.0,
AFG2NELL4TDZY3ZHIQEPWIK2MHWA,Essence (K=3),0.5,
AFG2NELL4TDZY3ZHIQEPWIK2MHWA,CF (ItemKNN),0.0,
AFG4PJAOBEVRKOMON2NWSA3MWERA,Essence (K=3),0.0,
AFG4PJAOBEVRKOMON2NWSA3MWERA,CF (ItemKNN),0.0,
AFG74QOJJRG3UEUCO6QZBHIPC65Q,Essence (K=3),0.0,
AFG74QOJJRG3UEUCO6QZBHIPC65Q,CF (ItemKNN),0.0,
AFGC64J5XPOZX3GL4JZIVX66224Q,Essence (K=3),0.0,
AFGC64J5XPOZX3GL4JZIVX66224Q,CF (ItemKNN),0.0,
AFGDJXPLVCTV4VPJNBUZESI33XKQ,Essence (K=3),0.0,
AFGDJXPLVCTV4VPJNBUZESI33XKQ,CF (ItemKNN),0.0,
AFGFKDJ64GCMHKYLP3XQ6WJ5WO3Q,Essence (K=3),0.0,
AFGFKDJ64GCMHKYLP3XQ6WJ5WO3Q,CF (ItemKNN),0.0,
AFGHV2FCKCMNR6XSJSK7FF5WNIOA,Essence (K=3),0.0,
AFGHV2FCKCMNR6XSJSK7FF5WNIOA,CF (ItemKNN),0.0,
AFGL6SAJUMPXGNJO6ZOOZUDNFLBQ,Essence (K=3),0.0,
AFGL6SAJUMPXGNJO6ZOOZUDNFLBQ,CF (ItemKNN),0.0,
AFGRPBGJWWC2RM6FA57MN37BELCQ,Essence (K=3),0.5,
AFGRPBGJWWC2RM6FA57MN37BELCQ,CF (ItemKNN),0.0,
AFGUEJHT3AXPG3ERLNUGESSHZATA,Essence (K=3),0.0,
AFGUEJHT3AXPG3ERLNUGESSHZATA,CF (ItemKNN),0.0,
AFGWMBIOGQBB5MKJ4USVSLYEDE6A,Essence (K=3),1.0,
AFGWMBIOGQBB5MKJ4USVSLYEDE6A,CF (ItemKNN),0.0,
AFH4K36VNX6D2ERQI27XV74FKESA,Essence (K=3),0.0,
AFH4K36VNX6D2ERQI27XV74FKESA,CF (ItemKNN),0.0,
AFH5GXKAAYTHYW7MLBCB5WRMVMUQ,Essence (K=3),0.0,
AFH5GXKAAYTHYW7MLBCB5WRMVMUQ,CF (ItemKNN),0.0,
AFH75AZ3HXUYRC4EXUSFIU3EICIQ,Essence (K=3),0.0,
AFH75AZ3HXUYRC4EXUSFIU3EICIQ,CF (ItemKNN),0.0,
AFH7JFLRM76FS74F4QB2IU6WBW6Q,Essence (K=3),0.0,
AFH7JFLRM76FS74F4QB2IU6WBW6Q,CF (ItemKNN),0.0,
AFHAM46BETKOF5WS76R3TY6ZHR6A,Essence (K=3),0.0,
AFHAM46BETKOF5WS76R3TY6ZHR6A,CF (ItemKNN),0.0,
AFHDOXWAEPNFYBJSRAHDV4OYGEXQ,Essence (K=3),0.0,
AFHDOXWAEPNFYBJSRAHDV4OYGEXQ,CF (ItemKNN),0.0,
AFHFRJKIJV43SFU53QIN4XLWKVPA,Essence (K=3),0.0,
AFHFRJKIJV43SFU53QIN4XLWKVPA,CF (ItemKNN),0.0,
AFHLQPDGC4ZGXA5Y7TLO4P42XC7Q,Essence (K=3),0.0,
AFHLQPDGC4ZGXA5Y7TLO4P42XC7Q,CF (ItemKNN),0.0,
AFHMT5JPXWQFFZG3L3G7KLGZG5OQ,Essence (K=3),0.0,
AFHMT5JPXWQFFZG3L3G7KLGZG5OQ,CF (ItemKNN),0.0,
AFHMVXGIZ4A3WRICVK2444I7E37Q,Essence (K=3),0.0,
AFHMVXGIZ4A3WRICVK2444I7E37Q,CF (ItemKNN),0.0,
AFHMXQ7GXEWBNGPU362B4VE75EJQ,Essence (K=3),0.0,
AFHMXQ7GXEWBNGPU362B4VE75EJQ,CF (ItemKNN),0.0,
AFHQLEWRT7HAEXEJVTNHWJZSNYZA,Essence (K=3),0.0,
AFHQLEWRT7HAEXEJVTNHWJZSNYZA,CF (ItemKNN),0.0,
AFHXT4JQVBD446JQPJTIHQOD32TQ,Essence (K=3),0.0,
AFHXT4JQVBD446JQPJTIHQOD32TQ,CF (ItemKNN),0.0,
AFI6FE3N2QWZNYWPSNGGM3CTFLHA,Essence (K=3),0.0,
AFI6FE3N2QWZNYWPSNGGM3CTFLHA,CF (ItemKNN),0.0,
AFI6KFBF4RLYIEI4P5HNMOKSOJBA,Essence (K=3),0.0,
AFI6KFBF4RLYIEI4P5HNMOKSOJBA,CF (ItemKNN),0.0,
AFI6OJOY3YLTK2XQUJ6Q56GKWUTQ,Essence (K=3),0.0,
AFI6OJOY3YLTK2XQUJ6Q56GKWUTQ,CF (ItemKNN),0.0,
AFIB7UJAIYASTN4ZYQAVSB4PFZLQ,Essence (K=3),0.0,
AFIB7UJAIYASTN4ZYQAVSB4PFZLQ,CF (ItemKNN),0.0,
AFIBHNQSFP3TISPRVKA2LSAGV3CQ,Essence (K=3),0.0,
AFIBHNQSFP3TISPRVKA2LSAGV3CQ,CF (ItemKNN),0.0,
AFICHVZ62IFAWIBZK3U6B7NZWAVQ,Essence (K=3),0.0,
AFICHVZ62IFAWIBZK3U6B7NZWAVQ,CF (ItemKNN),0.0,
AFIHDBPFQ26YJZQMDNYUW6SY23PQ,Essence (K=3),0.25,
AFIHDBPFQ26YJZQMDNYUW6SY23PQ,CF (ItemKNN),0.0,
AFIHWD7J2EKQOEMMRU5KWDDET3JQ,Essence (K=3),0.0,
AFIHWD7J2EKQOEMMRU5KWDDET3JQ,CF (ItemKNN),0.0,
AFILBS3UCRFOW52FU2KAHJ6QFXTA,Essence (K=3),0.0,
AFILBS3UCRFOW52FU2KAHJ6QFXTA,CF (ItemKNN),0.0,
AFINYPC2ES62BZJ5ZUXS5SAM7F6Q,Essence (K=3),0.0,
AFINYPC2ES62BZJ5ZUXS5SAM7F6Q,CF (ItemKNN),0.0,
AFIWUIX2CJSFWSZCFKOW2VNJMO2A,Essence (K=3),0.0,
AFIWUIX2CJSFWSZCFKOW2VNJMO2A,CF (ItemKNN),0.0,
AFJ2V7MSOFT2RYPPEY6VAQKWNFGA,Essence (K=3),0.0,
AFJ2V7MSOFT2RYPPEY6VAQKWNFGA,CF (ItemKNN),0.0,
AFJ5OPJDCTIE6KE2KO5GQTT7GAXA,Essence (K=3),0.0,
AFJ5OPJDCTIE6KE2KO5GQTT7GAXA,CF (ItemKNN),0.0,
AFJ6BJ52LJTX56EG7QOFZKHSACFQ,Essence (K=3),0.0,
AFJ6BJ52LJTX56EG7QOFZKHSACFQ,CF (ItemKNN),0.0,
AFJEVXZK427AU4QMT5EOOSQIXONA,Essence (K=3),0.0,
AFJEVXZK427AU4QMT5EOOSQIXONA,CF (ItemKNN),0.0,
AFJEXMOBDOQDOIX46YFY5KMNQCZA,Essence (K=3),0.0,
AFJEXMOBDOQDOIX46YFY5KMNQCZA,CF (ItemKNN),0.0,
AFJHGPVLATXDD3EKHPZNKYQIWTEQ,Essence (K=3),0.0,
AFJHGPVLATXDD3EKHPZNKYQIWTEQ,CF (ItemKNN),0.0,
AFJVQ3HNGNLNBRJJVN5LHCNGH2LA,Essence (K=3),0.0,
AFJVQ3HNGNLNBRJJVN5LHCNGH2LA,CF (ItemKNN),0.0,
AFJWF5TUFVA64VSQO35RGGKW33VA,Essence (K=3),0.0,
AFJWF5TUFVA64VSQO35RGGKW33VA,CF (ItemKNN),0.0,
AFJXBMEQSSFFZUQ4UVCQX53PA6TQ,Essence (K=3),0.0,
AFJXBMEQSSFFZUQ4UVCQX53PA6TQ,CF (ItemKNN),0.0,
AFK3DSGRV5TY74IGD3J3S52MVLTA,Essence (K=3),0.0,
AFK3DSGRV5TY74IGD3J3S52MVLTA,CF (ItemKNN),0.0,
AFKBJUJ6HGZCEF2PHSDN3UC4T5FA,Essence (K=3),0.0,
AFKBJUJ6HGZCEF2PHSDN3UC4T5FA,CF (ItemKNN),0.0,
AFKDSHJZ5JULXLBZIHZMI3HRV3MA,Essence (K=3),0.0,
AFKDSHJZ5JULXLBZIHZMI3HRV3MA,CF (ItemKNN),0.0,
AFKDWV7XVRPPXUJ2VKDMOTWU3LKQ,Essence (K=3),0.0,
AFKDWV7XVRPPXUJ2VKDMOTWU3LKQ,CF (ItemKNN),0.0,
AFKJUQ3TU2W4SGIRYCR4QMMHWPDQ,Essence (K=3),0.0,
AFKJUQ3TU2W4SGIRYCR4QMMHWPDQ,CF (ItemKNN),0.0,
AFKL4NNCJDSRVRCFIRREN4QDH6MA,Essence (K=3),0.0,
AFKL4NNCJDSRVRCFIRREN4QDH6MA,CF (ItemKNN),0.0,
AFKLZ2H6RE74YF67Q4767TLYHQ3Q,Essence (K=3),0.0,
AFKLZ2H6RE74YF67Q4767TLYHQ3Q,CF (ItemKNN),0.0,
AFKPYCRFAB5X6YL367CSGMCL3O5A,Essence (K=3),0.0,
AFKPYCRFAB5X6YL367CSGMCL3O5A,CF (ItemKNN),0.0,
AFKSKBPCWXW45MCBMMOFVW26XAIQ,Essence (K=3),0.0,
AFKSKBPCWXW45MCBMMOFVW26XAIQ,CF (ItemKNN),0.0,
AFKUYJ4D7OZT4YPDFAGQ7CKY7G5A,Essence (K=3),0.0,
AFKUYJ4D7OZT4YPDFAGQ7CKY7G5A,CF (ItemKNN),0.5,
AFKX6T4CODZEQ5PYGDGFHF7B6K5A,Essence (K=3),0.0,
AFKX6T4CODZEQ5PYGDGFHF7B6K5A,CF (ItemKNN),0.0,
AFKXJ3ADPJRMCWMKBJVY5UWCQ3MA,Essence (K=3),0.0,
AFKXJ3ADPJRMCWMKBJVY5UWCQ3MA,CF (ItemKNN),0.0,
AFL23JWQA7NGLYNOTXJXGDMITTXA,Essence (K=3),0.0,
AFL23JWQA7NGLYNOTXJXGDMITTXA,CF (ItemKNN),0.0,
AFL4QHPJFMZFSHXUCGHTS3MNKBLA,Essence (K=3),0.0,
AFL4QHPJFMZFSHXUCGHTS3MNKBLA,CF (ItemKNN),0.0,
AFL75C4H3HH5S3TXKY6ABI6AH7AA,Essence (K=3),0.0,
AFL75C4H3HH5S3TXKY6ABI6AH7AA,CF (ItemKNN),0.0,
AFL7TOAW7EG2CFWWIFZGCKMLHVYQ,Essence (K=3),0.0,
AFL7TOAW7EG2CFWWIFZGCKMLHVYQ,CF (ItemKNN),0.0,
AFLDM7DR27LSS77VEFKT4Q5URA7Q,Essence (K=3),0.0,
AFLDM7DR27LSS77VEFKT4Q5URA7Q,CF (ItemKNN),0.0,
AFLGINDB6PJ2HFPHAESCIYMHOHQA,Essence (K=3),0.0,
AFLGINDB6PJ2HFPHAESCIYMHOHQA,CF (ItemKNN),0.0,
AFLHU47XNOFSWPXKQECQRJRXIDPQ,Essence (K=3),0.0,
AFLHU47XNOFSWPXKQECQRJRXIDPQ,CF (ItemKNN),0.0,
AFLJEEDUKQFLOQF6HVEYFNXDH66A,Essence (K=3),0.0,
AFLJEEDUKQFLOQF6HVEYFNXDH66A,CF (ItemKNN),0.0,
AFLKSCZWWJFUEKY7Y5W5KX4AGQ3A,Essence (K=3),0.16666666666666666,
AFLKSCZWWJFUEKY7Y5W5KX4AGQ3A,CF (ItemKNN),0.0,
AFLMOVIEQOF77KF7PA27ELLQ5XQA,Essence (K=3),0.0,
AFLMOVIEQOF77KF7PA27ELLQ5XQA,CF (ItemKNN),0.0,
AFLQE6XTZUZWVGWJOGRSGYYHSZIQ,Essence (K=3),0.0,
AFLQE6XTZUZWVGWJOGRSGYYHSZIQ,CF (ItemKNN),0.0,
AFLYVVD5HCJGZOJ4SHYEBUHFHOKA,Essence (K=3),0.0,
AFLYVVD5HCJGZOJ4SHYEBUHFHOKA,CF (ItemKNN),0.0,
AFLYW5UTJ2UMFHAJTFMUHYXBTPAA,Essence (K=3),0.0,
AFLYW5UTJ2UMFHAJTFMUHYXBTPAA,CF (ItemKNN),0.0,
AFM2CTFXQRBH7IA6IMXY5J6FTLIQ,Essence (K=3),0.0,
AFM2CTFXQRBH7IA6IMXY5J6FTLIQ,CF (ItemKNN),0.0,
AFM3B6PPBYJ3GOVVMBP6JKCS3HGQ,Essence (K=3),0.0,
AFM3B6PPBYJ3GOVVMBP6JKCS3HGQ,CF (ItemKNN),0.0,
AFM44A3QEYJEBACSAZMTFLGRBGNQ,Essence (K=3),0.0,
AFM44A3QEYJEBACSAZMTFLGRBGNQ,CF (ItemKNN),0.0,
AFM4U7V3AI7QWHGA2TWND5LPCP5Q,Essence (K=3),0.0,
AFM4U7V3AI7QWHGA2TWND5LPCP5Q,CF (ItemKNN),0.0,
AFM632D3TIVTFNITKNTC3LKKUA5Q,Essence (K=3),0.0,
AFM632D3TIVTFNITKNTC3LKKUA5Q,CF (ItemKNN),0.0,
AFMBJLRWUEW7GFMIFESY3M72I73A,Essence (K=3),0.0,
AFMBJLRWUEW7GFMIFESY3M72I73A,CF (ItemKNN),0.0,
AFMBROKUVPFSPVOJWED5YSQPKILQ,Essence (K=3),0.0,
AFMBROKUVPFSPVOJWED5YSQPKILQ,CF (ItemKNN),0.0,
AFMBXTGWFJVX666RWOJWJ2CHUGCQ,Essence (K=3),0.0,
AFMBXTGWFJVX666RWOJWJ2CHUGCQ,CF (ItemKNN),0.0,
AFMC3IZ2ETRU5XXODXMC5ADYZFBA,Essence (K=3),0.0,
AFMC3IZ2ETRU5XXODXMC5ADYZFBA,CF (ItemKNN),0.0,
AFMFHWUQYNU7XHX56AU7NNNDKWRQ,Essence (K=3),0.0,
AFMFHWUQYNU7XHX56AU7NNNDKWRQ,CF (ItemKNN),0.0,
AFMKBOYBETSTD42NUNWGIMD5V5NA,Essence (K=3),0.0,
AFMKBOYBETSTD42NUNWGIMD5V5NA,CF (ItemKNN),0.0,
AFMMRE56NRM2VESZUWPFYHJSJ45Q,Essence (K=3),0.0,
AFMMRE56NRM2VESZUWPFYHJSJ45Q,CF (ItemKNN),0.0,
AFMQRAQ6V2T7JG4M4GHPIK32RDXQ,Essence (K=3),0.0,
AFMQRAQ6V2T7JG4M4GHPIK32RDXQ,CF (ItemKNN),0.0,
AFMWK2RRTBPCR7EZGV4JDW4TUCFQ,Essence (K=3),0.0,
AFMWK2RRTBPCR7EZGV4JDW4TUCFQ,CF (ItemKNN),0.0,
AFMWNCAZFMEDGOGQ3K2IMOYG2CUQ,Essence (K=3),0.0,
AFMWNCAZFMEDGOGQ3K2IMOYG2CUQ,CF (ItemKNN),0.0,
AFMYYYO5OQMUNTP7OCFDC7FQ6UCA,Essence (K=3),0.0,
AFMYYYO5OQMUNTP7OCFDC7FQ6UCA,CF (ItemKNN),0.0,
AFN6LKT2AUQ2KWRZB23SL6T5EKJQ,Essence (K=3),0.0,
AFN6LKT2AUQ2KWRZB23SL6T5EKJQ,CF (ItemKNN),0.0,
AFN7675R4GNWGGWJXLV63MLHNMJQ,Essence (K=3),0.25,
AFN7675R4GNWGGWJXLV63MLHNMJQ,CF (ItemKNN),0.0,
AFNETLZFRQO6E4MSTXXRRE7FABEA,Essence (K=3),0.0,
AFNETLZFRQO6E4MSTXXRRE7FABEA,CF (ItemKNN),0.0,
AFNEXX7JSKGXNRORMBDQOOH3B2SQ,Essence (K=3),0.0,
AFNEXX7JSKGXNRORMBDQOOH3B2SQ,CF (ItemKNN),0.0,
AFNF5TBXKN4KKQDSMVXX6KGSAAWA,Essence (K=3),0.0,
AFNF5TBXKN4KKQDSMVXX6KGSAAWA,CF (ItemKNN),0.0,
AFNHXTHM4NHZY67FT37OLERZTKTA,Essence (K=3),0.0,
AFNHXTHM4NHZY67FT37OLERZTKTA,CF (ItemKNN),0.0,
AFNO5Y37YOZBXVEYGCPAHOXAK5VQ,Essence (K=3),0.0,
AFNO5Y37YOZBXVEYGCPAHOXAK5VQ,CF (ItemKNN),0.0,
AFNPYGSTBEQQXECK73PO5SWHZA7A,Essence (K=3),0.0,
AFNPYGSTBEQQXECK73PO5SWHZA7A,CF (ItemKNN),0.0,
AFNQNOSC523JPSS43IBIRSMYEMYA,Essence (K=3),0.0,
AFNQNOSC523JPSS43IBIRSMYEMYA,CF (ItemKNN),0.0,
AFNRCLGLGHTH2OZCCXJUXYUGQLUA,Essence (K=3),0.0,
AFNRCLGLGHTH2OZCCXJUXYUGQLUA,CF (ItemKNN),0.0,
AFNX6XKIN5GCXAXWE3CDVAW4K4MA,Essence (K=3),0.0,
AFNX6XKIN5GCXAXWE3CDVAW4K4MA,CF (ItemKNN),0.0,
AFNZJSWM7UPTEQZSXQE4YQZ32QPQ,Essence (K=3),0.0,
AFNZJSWM7UPTEQZSXQE4YQZ32QPQ,CF (ItemKNN),0.0,
AFO3EWL5AUXMQOXAENR2E2XKOP7A,Essence (K=3),0.0,
AFO3EWL5AUXMQOXAENR2E2XKOP7A,CF (ItemKNN),0.0,
AFO7O3CGDKJINX3Y7U2HFPRVSWSA,Essence (K=3),0.0,
AFO7O3CGDKJINX3Y7U2HFPRVSWSA,CF (ItemKNN),0.0,
AFOAMSDIGOCGP6RJFMV3SST274MA,Essence (K=3),0.0,
AFOAMSDIGOCGP6RJFMV3SST274MA,CF (ItemKNN),0.0,
AFODGOH4AAL6OJCDIEI75COMHMRA,Essence (K=3),0.0,
AFODGOH4AAL6OJCDIEI75COMHMRA,CF (ItemKNN),0.0,
AFOECZ4SKCJEHDQ4UIXE2DH7YQ5A,Essence (K=3),0.0,
AFOECZ4SKCJEHDQ4UIXE2DH7YQ5A,CF (ItemKNN),0.0,
AFOHEZS2M3Y3BMBPMZACSNOH2YPQ,Essence (K=3),0.0,
AFOHEZS2M3Y3BMBPMZACSNOH2YPQ,CF (ItemKNN),0.0,
AFOONVLY7TWNBKZDQ2HXC25WEO5Q,Essence (K=3),0.0,
AFOONVLY7TWNBKZDQ2HXC25WEO5Q,CF (ItemKNN),0.0,
AFOYBXZA6UK4YT32LKYCZLCQG3VQ,Essence (K=3),0.0,
AFOYBXZA6UK4YT32LKYCZLCQG3VQ,CF (ItemKNN),0.0,
AFP5O5IKIYVUIZMGHB4I4QHAUERQ,Essence (K=3),0.0,
AFP5O5IKIYVUIZMGHB4I4QHAUERQ,CF (ItemKNN),0.0,
AFPEUSBGNDJILCA3NGGFIZG6WCSQ,Essence (K=3),0.0,
AFPEUSBGNDJILCA3NGGFIZG6WCSQ,CF (ItemKNN),0.0,
AFPOTFD5RRB6MHZQ5P5UIVG7QTBA,Essence (K=3),0.0,
AFPOTFD5RRB6MHZQ5P5UIVG7QTBA,CF (ItemKNN),0.0,
AFPQREI2ZDAOOHPDQJ77ASEUIDYA,Essence (K=3),0.0,
AFPQREI2ZDAOOHPDQJ77ASEUIDYA,CF (ItemKNN),0.0,
AFPZ25M45T7CUX4YPBJRPAM7PXSA,Essence (K=3),0.0,
AFPZ25M45T7CUX4YPBJRPAM7PXSA,CF (ItemKNN),0.0,
AFQ4RXCGFMPHD2HB55W33MIFQ2WQ,Essence (K=3),0.0,
AFQ4RXCGFMPHD2HB55W33MIFQ2WQ,CF (ItemKNN),0.0,
AFQA73GHU6CKQ425EVZLRUFH6D6Q,Essence (K=3),0.0,
AFQA73GHU6CKQ425EVZLRUFH6D6Q,CF (ItemKNN),0.0,
AFQAHYZLA663LKWD7QQOW6ZTKQXQ,Essence (K=3),0.0,
AFQAHYZLA663LKWD7QQOW6ZTKQXQ,CF (ItemKNN),0.0,
AFQB54YYBF2UU4ZCL7V3HKT7DR4A,Essence (K=3),0.0,
AFQB54YYBF2UU4ZCL7V3HKT7DR4A,CF (ItemKNN),0.0,
AFQB6AWX3WBJYZQHBXGP2HLCONKQ,Essence (K=3),0.0,
AFQB6AWX3WBJYZQHBXGP2HLCONKQ,CF (ItemKNN),0.0,
AFQCIHPQHRSGMSF2WU2FOVE34GWA,Essence (K=3),0.0,
AFQCIHPQHRSGMSF2WU2FOVE34GWA,CF (ItemKNN),0.0,
AFQDPSZYIUZO4D76CAVQFBSS3CXQ,Essence (K=3),0.0,
AFQDPSZYIUZO4D76CAVQFBSS3CXQ,CF (ItemKNN),0.0,
AFQEQRWER7XPKP4QBJUEIKUWFLSQ,Essence (K=3),0.0,
AFQEQRWER7XPKP4QBJUEIKUWFLSQ,CF (ItemKNN),0.0,
AFQFRRRV4CMQMVCIXPCJN4XCA5WA,Essence (K=3),0.0,
AFQFRRRV4CMQMVCIXPCJN4XCA5WA,CF (ItemKNN),0.0,
AFQGEOMWLTM2VWY6T3PAXO24WZWA,Essence (K=3),0.0,
AFQGEOMWLTM2VWY6T3PAXO24WZWA,CF (ItemKNN),0.0,
AFQHEQJKQOBX42YQLEO4DPXEUEZQ,Essence (K=3),0.0,
AFQHEQJKQOBX42YQLEO4DPXEUEZQ,CF (ItemKNN),0.0,
AFQHG6DQYJUJ6PWAJ3DY7I4YHYPQ,Essence (K=3),0.0,
AFQHG6DQYJUJ6PWAJ3DY7I4YHYPQ,CF (ItemKNN),0.0,
AFQNZZ37U5NE27T6H2YKRZKOXLLQ,Essence (K=3),0.0,
AFQNZZ37U5NE27T6H2YKRZKOXLLQ,CF (ItemKNN),0.0,
AFQOZMHENBPV747ILRGDYWKR5YGA,Essence (K=3),0.0,
AFQOZMHENBPV747ILRGDYWKR5YGA,CF (ItemKNN),0.0,
AFQPDGHVZA2PIZK7VP6PFUP7D6BQ,Essence (K=3),0.0,
AFQPDGHVZA2PIZK7VP6PFUP7D6BQ,CF (ItemKNN),0.0,
AFQR2CAI3IEFGNQEXHCWMBHV7QZQ,Essence (K=3),0.0,
AFQR2CAI3IEFGNQEXHCWMBHV7QZQ,CF (ItemKNN),0.0,
AFQRLVWYTFG4YO4RNXSJWSQUOJAQ,Essence (K=3),0.0,
AFQRLVWYTFG4YO4RNXSJWSQUOJAQ,CF (ItemKNN),0.0,
AFQZGH6WY37FH46QGEOC6POBNO4Q,Essence (K=3),0.0,
AFQZGH6WY37FH46QGEOC6POBNO4Q,CF (ItemKNN),0.0,
AFRA6YXULA4EXFHLZW2TSTYO3HFQ,Essence (K=3),0.0,
AFRA6YXULA4EXFHLZW2TSTYO3HFQ,CF (ItemKNN),0.0,
AFREFX6HP432TL5MSBDZJWTK2RZA,Essence (K=3),0.0,
AFREFX6HP432TL5MSBDZJWTK2RZA,CF (ItemKNN),0.0,
AFRMWOA4XCXJJT2LJJ7GBAQAZXJQ,Essence (K=3),0.0,
AFRMWOA4XCXJJT2LJJ7GBAQAZXJQ,CF (ItemKNN),0.0,
AFRPLHQY3PSZ36J2GFVU7LGNSRWA,Essence (K=3),0.0,
AFRPLHQY3PSZ36J2GFVU7LGNSRWA,CF (ItemKNN),0.0,
AFRRMBJRX47AWH64MIG76T5GLQLA,Essence (K=3),0.0,
AFRRMBJRX47AWH64MIG76T5GLQLA,CF (ItemKNN),0.0,
AFRTCV5LEUOUZMNAGCMRBUTWXWXQ,Essence (K=3),0.0,
AFRTCV5LEUOUZMNAGCMRBUTWXWXQ,CF (ItemKNN),0.0,
AFRULJ47WEAMKTW4S7YO6WAVFDFA,Essence (K=3),0.0,
AFRULJ47WEAMKTW4S7YO6WAVFDFA,CF (ItemKNN),0.0,
AFRVLLRG3XETBPQWO23X2EKOO25Q,Essence (K=3),0.0,
AFRVLLRG3XETBPQWO23X2EKOO25Q,CF (ItemKNN),0.0,
AFRXD7UL2F3H7ZMH6NICQUDW343A,Essence (K=3),0.0,
AFRXD7UL2F3H7ZMH6NICQUDW343A,CF (ItemKNN),0.0,
AFRXRMRRTRH5OKC2PPQSMW6AG5IA,Essence (K=3),0.0,
AFRXRMRRTRH5OKC2PPQSMW6AG5IA,CF (ItemKNN),0.0,
AFS6OY32CEHUCPBPKJMCMLFOOZRQ,Essence (K=3),0.0,
AFS6OY32CEHUCPBPKJMCMLFOOZRQ,CF (ItemKNN),0.0,
AFS762DRUBA6BR2N5A2VMLS4726Q,Essence (K=3),0.0,
AFS762DRUBA6BR2N5A2VMLS4726Q,CF (ItemKNN),0.0,
AFS7Q3JDAOELDZ3AB2PPDV5HFQGQ,Essence (K=3),0.0,
AFS7Q3JDAOELDZ3AB2PPDV5HFQGQ,CF (ItemKNN),0.0,
AFS7ZN2VLTRNTM2DQTIQSYHAMV6A,Essence (K=3),0.0,
AFS7ZN2VLTRNTM2DQTIQSYHAMV6A,CF (ItemKNN),0.0,
AFSAKM6VZNODTF5RFGEEE3GQA2SQ,Essence (K=3),0.0,
AFSAKM6VZNODTF5RFGEEE3GQA2SQ,CF (ItemKNN),0.0,
AFSD5CSKQUSWNC2KB5WS2Z23TCNA,Essence (K=3),0.0,
AFSD5CSKQUSWNC2KB5WS2Z23TCNA,CF (ItemKNN),0.0,
AFSDCHVKZLUGYXEBDYSHTGFPWDSQ,Essence (K=3),0.0,
AFSDCHVKZLUGYXEBDYSHTGFPWDSQ,CF (ItemKNN),0.0,
AFSJQDINDJ7YSCVGUKHBL4XBDNUA,Essence (K=3),0.125,
AFSJQDINDJ7YSCVGUKHBL4XBDNUA,CF (ItemKNN),0.0,
AFSMKZXC5LLBOEGNYZF4XE73GZIQ,Essence (K=3),0.0,
AFSMKZXC5LLBOEGNYZF4XE73GZIQ,CF (ItemKNN),0.0,
AFSOE6CUYFA4B3DBWAUZT5BLYKGQ,Essence (K=3),0.0,
AFSOE6CUYFA4B3DBWAUZT5BLYKGQ,CF (ItemKNN),0.0,
AFSPNU7RCSF3Q5N32XNAQK63GUXA,Essence (K=3),0.0,
AFSPNU7RCSF3Q5N32XNAQK63GUXA,CF (ItemKNN),0.0,
AFSTRVM7HCN36GBDSYDU3GIOGQYA,Essence (K=3),0.0,
AFSTRVM7HCN36GBDSYDU3GIOGQYA,CF (ItemKNN),0.0,
AFSXUVAIKUK7LPVOYW7NL6I5FK4A,Essence (K=3),0.0,
AFSXUVAIKUK7LPVOYW7NL6I5FK4A,CF (ItemKNN),0.0,
AFSZXKMEH7GMF257EMPBZ64SCF7Q,Essence (K=3),0.0,
AFSZXKMEH7GMF257EMPBZ64SCF7Q,CF (ItemKNN),0.0,
AFT27H7RWAHK2DR44IHDWG7ZTBOQ,Essence (K=3),0.0,
AFT27H7RWAHK2DR44IHDWG7ZTBOQ,CF (ItemKNN),0.0,
AFT2KA5CLENUCLGLKEYZXCMK6QQQ,Essence (K=3),0.0,
AFT2KA5CLENUCLGLKEYZXCMK6QQQ,CF (ItemKNN),0.0,
AFT474OSLK6Q2TSFCBCJF7SPWWGQ,Essence (K=3),0.0,
AFT474OSLK6Q2TSFCBCJF7SPWWGQ,CF (ItemKNN),0.0,
AFT4KW5LV6RW3FWNLVVJ2WVK6PWQ,Essence (K=3),0.0,
AFT4KW5LV6RW3FWNLVVJ2WVK6PWQ,CF (ItemKNN),0.0,
AFT4UJF42JFZZM2KDVNBJOB4UFZA,Essence (K=3),0.0,
AFT4UJF42JFZZM2KDVNBJOB4UFZA,CF (ItemKNN),0.0,
AFT57HVH4BWX64KBDDRQKSRF4XYA,Essence (K=3),0.0,
AFT57HVH4BWX64KBDDRQKSRF4XYA,CF (ItemKNN),0.0,
AFT6NKVPX6IKUPEMEIRLMICXAJEA,Essence (K=3),0.0,
AFT6NKVPX6IKUPEMEIRLMICXAJEA,CF (ItemKNN),0.0,
AFTABZGQFOD3Z7RXUT7KPJKJ36EQ,Essence (K=3),0.0,
AFTABZGQFOD3Z7RXUT7KPJKJ36EQ,CF (ItemKNN),0.0,
AFTDRNK77YWMTFRPS7YNJ26SQEYQ,Essence (K=3),0.0,
AFTDRNK77YWMTFRPS7YNJ26SQEYQ,CF (ItemKNN),0.0,
AFTPGCBZ4ZKIRBJJQEC6W63D4MZQ,Essence (K=3),0.0,
AFTPGCBZ4ZKIRBJJQEC6W63D4MZQ,CF (ItemKNN),0.0,
AFTPHODED6MHDEMNLP6P5TMPBSVA,Essence (K=3),0.0,
AFTPHODED6MHDEMNLP6P5TMPBSVA,CF (ItemKNN),0.0,
AFTV44MRDW3TFUAEDDOSED6EQ7CQ,Essence (K=3),0.0,
AFTV44MRDW3TFUAEDDOSED6EQ7CQ,CF (ItemKNN),0.0,
AFTVR2JKEVGUFDSSOQZNHCSRXW2Q,Essence (K=3),0.3333333333333333,
AFTVR2JKEVGUFDSSOQZNHCSRXW2Q,CF (ItemKNN),0.0,
AFTVZVP6YZQ4FT3GK2OLKTFFFWAA,Essence (K=3),0.0,
AFTVZVP6YZQ4FT3GK2OLKTFFFWAA,CF (ItemKNN),0.0,
AFTWJAI66PG5PDMRI3TT6A77YPJA,Essence (K=3),0.0,
AFTWJAI66PG5PDMRI3TT6A77YPJA,CF (ItemKNN),0.0,
AFTY2W2L5KAHMGJC45YDKBKOFPSQ,Essence (K=3),0.0,
AFTY2W2L5KAHMGJC45YDKBKOFPSQ,CF (ItemKNN),0.0,
AFU45LRRRXWMZXLQCJ34DK227WTQ,Essence (K=3),0.0,
AFU45LRRRXWMZXLQCJ34DK227WTQ,CF (ItemKNN),0.0,
AFU5QF435PD4QKGO7PDT46FC6W7A,Essence (K=3),0.0,
AFU5QF435PD4QKGO7PDT46FC6W7A,CF (ItemKNN),0.0,
AFU6H2YGKXAWNLNTQHBODV3NPAEA,Essence (K=3),0.0,
AFU6H2YGKXAWNLNTQHBODV3NPAEA,CF (ItemKNN),0.0,
AFU7RZ3PWHPJMVC43JLSLZDUHNDA,Essence (K=3),0.0,
AFU7RZ3PWHPJMVC43JLSLZDUHNDA,CF (ItemKNN),0.0,
AFUEFQPRHURC4SDRBS2VGMAM7BPQ,Essence (K=3),0.0,
AFUEFQPRHURC4SDRBS2VGMAM7BPQ,CF (ItemKNN),0.0,
AFUGBAVJPH5QXVCYDCC57KMYGXWA,Essence (K=3),0.0,
AFUGBAVJPH5QXVCYDCC57KMYGXWA,CF (ItemKNN),0.0,
AFUIKNMIBLX5NLZ3JYB5UK4NGXNQ,Essence (K=3),0.0,
AFUIKNMIBLX5NLZ3JYB5UK4NGXNQ,CF (ItemKNN),0.0,
AFUJ4KVERHGJMOEU5CN3ERR5YCEA,Essence (K=3),0.0,
AFUJ4KVERHGJMOEU5CN3ERR5YCEA,CF (ItemKNN),0.0,
AFULHBO2RKOADAJJAJNFWW57MXQQ,Essence (K=3),0.0,
AFULHBO2RKOADAJJAJNFWW57MXQQ,CF (ItemKNN),0.0,
AFULZUWVBHKZKBSNV5GDK6Y7ZWAA,Essence (K=3),0.0,
AFULZUWVBHKZKBSNV5GDK6Y7ZWAA,CF (ItemKNN),0.0,
AFUPOQY5RSV572OSK3EAYHJP42IA,Essence (K=3),0.0,
AFUPOQY5RSV572OSK3EAYHJP42IA,CF (ItemKNN),0.0,
AFUPYKYOB6NRMT6BLK4BFGWUMB7A,Essence (K=3),0.0,
AFUPYKYOB6NRMT6BLK4BFGWUMB7A,CF (ItemKNN),0.0,
AFURGBTZDSJMFRQHNLJGRT3GZWKQ,Essence (K=3),0.0,
AFURGBTZDSJMFRQHNLJGRT3GZWKQ,CF (ItemKNN),0.0,
AFUSZCLQUAUQBVWFRKZBDFH3LY3A,Essence (K=3),0.0,
AFUSZCLQUAUQBVWFRKZBDFH3LY3A,CF (ItemKNN),0.0,
AFUV4VUBXN67W5JNJPNZ5DAZPE6A,Essence (K=3),0.0,
AFUV4VUBXN67W5JNJPNZ5DAZPE6A,CF (ItemKNN),0.0,
AFUXCBNNXQEWX2PZNBXKMXD25GLA,Essence (K=3),0.0,
AFUXCBNNXQEWX2PZNBXKMXD25GLA,CF (ItemKNN),0.0,
AFUYENS5K5RUBNNPN5YFIRUQSWSA,Essence (K=3),0.0,
AFUYENS5K5RUBNNPN5YFIRUQSWSA,CF (ItemKNN),0.0,
AFV7BHNY5QGVMYKC4Q5VNZLVQNIQ,Essence (K=3),0.0,
AFV7BHNY5QGVMYKC4Q5VNZLVQNIQ,CF (ItemKNN),0.0,
AFV7LFIKZAWA7TGWJMEI22I32GQA,Essence (K=3),0.0,
AFV7LFIKZAWA7TGWJMEI22I32GQA,CF (ItemKNN),0.0,
AFVA5W76II3KZYZBM6A6MJ5F77MQ,Essence (K=3),0.0,
AFVA5W76II3KZYZBM6A6MJ5F77MQ,CF (ItemKNN),0.0,
AFVFLIMZPBUBWCRTHJKUEYM6KRLQ,Essence (K=3),0.0,
AFVFLIMZPBUBWCRTHJKUEYM6KRLQ,CF (ItemKNN),0.0,
AFVMFSL2ZYMCQ5KJESHDXSUL2RLQ,Essence (K=3),0.0,
AFVMFSL2ZYMCQ5KJESHDXSUL2RLQ,CF (ItemKNN),0.0,
AFVP5HY6KKRHG23C65HUMXXZ25KQ,Essence (K=3),0.0,
AFVP5HY6KKRHG23C65HUMXXZ25KQ,CF (ItemKNN),0.0,
AFVR7CIL4RXITW7U5DHHXGTYDRZA,Essence (K=3),0.0,
AFVR7CIL4RXITW7U5DHHXGTYDRZA,CF (ItemKNN),0.0,
AFVYW6TUB7GQFL7P53CMEM34H24Q,Essence (K=3),0.0,
AFVYW6TUB7GQFL7P53CMEM34H24Q,CF (ItemKNN),0.0,
AFVZCNPUKSBH7UELHUEMVF2BRO4Q,Essence (K=3),0.0,
AFVZCNPUKSBH7UELHUEMVF2BRO4Q,CF (ItemKNN),0.0,
AFVZSEAXLGCJDORSTXHUCFYVOF2Q,Essence (K=3),0.0,
AFVZSEAXLGCJDORSTXHUCFYVOF2Q,CF (ItemKNN),0.0,
AFWD3PWZ5MPFWXUFPXLMPKC5NR6A,Essence (K=3),0.2,
AFWD3PWZ5MPFWXUFPXLMPKC5NR6A,CF (ItemKNN),0.0,
AFWF4SZCPCIZXUUNGCEXFU6WL6GQ,Essence (K=3),0.0,
AFWF4SZCPCIZXUUNGCEXFU6WL6GQ,CF (ItemKNN),0.0,
AFWFUSZQ3UCM3GHCNHFTQSRX2YPA,Essence (K=3),0.09090909090909091,
AFWFUSZQ3UCM3GHCNHFTQSRX2YPA,CF (ItemKNN),0.0,
AFWJIIAYYUBUM6NSCP243QONNEPA,Essence (K=3),0.0,
AFWJIIAYYUBUM6NSCP243QONNEPA,CF (ItemKNN),0.0,
AFWKIMTYVOXMZQD24QEUC2UQEO7A,Essence (K=3),0.0,
AFWKIMTYVOXMZQD24QEUC2UQEO7A,CF (ItemKNN),0.0,
AFWL4OYOP7XIVAC4JO6SHT7OJCWA,Essence (K=3),0.0,
AFWL4OYOP7XIVAC4JO6SHT7OJCWA,CF (ItemKNN),0.0,
AFWVPHZSZ6D4SJUCNU2M7IRAVMSA,Essence (K=3),0.0,
AFWVPHZSZ6D4SJUCNU2M7IRAVMSA,CF (ItemKNN),0.0,
AFWW665CAZMBU3BCRK4MVIO6N5BQ,Essence (K=3),0.0,
AFWW665CAZMBU3BCRK4MVIO6N5BQ,CF (ItemKNN),0.0,
AFX5APRIJVTHSY7WTJS36JEPFZFA,Essence (K=3),0.0,
AFX5APRIJVTHSY7WTJS36JEPFZFA,CF (ItemKNN),0.0,
AFX6D3EK5RBNFXVZDWCICNYENU4A,Essence (K=3),0.0,
AFX6D3EK5RBNFXVZDWCICNYENU4A,CF (ItemKNN),0.0,
AFXEEMIK5G5E3MNQESGXLRHIBH6Q,Essence (K=3),0.0,
AFXEEMIK5G5E3MNQESGXLRHIBH6Q,CF (ItemKNN),0.0,
AFXISNFHJHIO7XJYDXWLKUUXFA4Q,Essence (K=3),0.25,
AFXISNFHJHIO7XJYDXWLKUUXFA4Q,CF (ItemKNN),0.0,
AFXL34HGKHZ3KSV3P7BMKB4ASI2A,Essence (K=3),0.0,
AFXL34HGKHZ3KSV3P7BMKB4ASI2A,CF (ItemKNN),0.0,
AFXPOKNTDZXAK5XDZ2TLTCXZIS6Q,Essence (K=3),0.0,
AFXPOKNTDZXAK5XDZ2TLTCXZIS6Q,CF (ItemKNN),0.0,
AFXQY5O6NNLTDM3ZSGI5SV5X44BA,Essence (K=3),0.0,
AFXQY5O6NNLTDM3ZSGI5SV5X44BA,CF (ItemKNN),0.0,
AFXSJVZWTZNN5NTL5M3QS544VXRA,Essence (K=3),0.0,
AFXSJVZWTZNN5NTL5M3QS544VXRA,CF (ItemKNN),0.0,
AFXTPN3SBU4JC4P3IZCFFNTXYQJA,Essence (K=3),0.0,
AFXTPN3SBU4JC4P3IZCFFNTXYQJA,CF (ItemKNN),0.0,
AFXTWZDWSKU5ALFZ6EEEVALRBMAA,Essence (K=3),0.0,
AFXTWZDWSKU5ALFZ6EEEVALRBMAA,CF (ItemKNN),0.0,
AFXWGS7DRCN5SKOSB2RCCQ2YJHXA,Essence (K=3),0.0,
AFXWGS7DRCN5SKOSB2RCCQ2YJHXA,CF (ItemKNN),0.0,
AFXWN4PITPKCT7IWMSALBCOJOWOQ,Essence (K=3),0.0,
AFXWN4PITPKCT7IWMSALBCOJOWOQ,CF (ItemKNN),0.0,
AFXXK6D5KCWF6IKNGJ3IXC2L7ZRA,Essence (K=3),0.0,
AFXXK6D5KCWF6IKNGJ3IXC2L7ZRA,CF (ItemKNN),0.0,
AFY2HAOOR7KE6NXQ2PD3BBWNH5KA,Essence (K=3),0.0,
AFY2HAOOR7KE6NXQ2PD3BBWNH5KA,CF (ItemKNN),0.0,
AFYBJY5T5C2VS3GIBYN24QASXB6Q,Essence (K=3),0.0,
AFYBJY5T5C2VS3GIBYN24QASXB6Q,CF (ItemKNN),0.0,
AFYBN556IOEJMFPEAFRCABP5EZVQ,Essence (K=3),0.0,
AFYBN556IOEJMFPEAFRCABP5EZVQ,CF (ItemKNN),0.0,
AFYD4BLSJXTLJKWP4XTUDFIXYTHQ,Essence (K=3),0.0,
AFYD4BLSJXTLJKWP4XTUDFIXYTHQ,CF (ItemKNN),0.0,
AFYDHN6AHUFZQTAQBS3C5VSUQWSA,Essence (K=3),0.0,
AFYDHN6AHUFZQTAQBS3C5VSUQWSA,CF (ItemKNN),0.0,
AFYFBW6WE3YS6Z6ABXYLPSVMVNUA,Essence (K=3),0.0,
AFYFBW6WE3YS6Z6ABXYLPSVMVNUA,CF (ItemKNN),0.0,
AFYVIMCVJVXVJOKVIXEXW5GWY26Q,Essence (K=3),0.0,
AFYVIMCVJVXVJOKVIXEXW5GWY26Q,CF (ItemKNN),0.0,
AFYWJSDGHUWQKYWIA5V6WBHBJKAQ,Essence (K=3),0.0,
AFYWJSDGHUWQKYWIA5V6WBHBJKAQ,CF (ItemKNN),0.0,
AFZ4HCIGNRMS23DROQUN5GK6BXDQ,Essence (K=3),0.0,
AFZ4HCIGNRMS23DROQUN5GK6BXDQ,CF (ItemKNN),0.0,
AFZ52HT752TIMAMOHAKC4BVLXQMQ,Essence (K=3),0.5,
AFZ52HT752TIMAMOHAKC4BVLXQMQ,CF (ItemKNN),0.0,
AFZCUPJ4YLNN2XASEJXI6USME6NQ,Essence (K=3),0.0,
AFZCUPJ4YLNN2XASEJXI6USME6NQ,CF (ItemKNN),0.0,
AFZFUKCD5Z5RKCEO3E7ODCL2SURQ,Essence (K=3),0.0,
AFZFUKCD5Z5RKCEO3E7ODCL2SURQ,CF (ItemKNN),0.0,
AFZGCWIQTXJ4GJOROIGHUWSUZKFQ,Essence (K=3),0.0,
AFZGCWIQTXJ4GJOROIGHUWSUZKFQ,CF (ItemKNN),0.0,
AFZGORHSJTHMPOOTYIRQV5WC5JFQ,Essence (K=3),0.0,
AFZGORHSJTHMPOOTYIRQV5WC5JFQ,CF (ItemKNN),0.0,
AFZI7NRJ3EHUXZ7M2MZG2SSTH73A,Essence (K=3),0.0,
AFZI7NRJ3EHUXZ7M2MZG2SSTH73A,CF (ItemKNN),0.0,
AFZIAOYRVGG2HC6HROS7XPFJKAHA,Essence (K=3),0.0,
AFZIAOYRVGG2HC6HROS7XPFJKAHA,CF (ItemKNN),0.0,
AFZJHSIADX7QUON34PM2DKHERNLA,Essence (K=3),0.0,
AFZJHSIADX7QUON34PM2DKHERNLA,CF (ItemKNN),0.0,
AFZOAUVKPVSHVWKV6SV5B2RUXOQA,Essence (K=3),0.0,
AFZOAUVKPVSHVWKV6SV5B2RUXOQA,CF (ItemKNN),0.0,
AFZPUXSXCCSVPQSA3KGSAVDDGTMQ,Essence (K=3),0.0,
AFZPUXSXCCSVPQSA3KGSAVDDGTMQ,CF (ItemKNN),0.0,
AFZQNOL7ZY7LWEFEJ5KKX4PEB6BQ,Essence (K=3),0.0,
AFZQNOL7ZY7LWEFEJ5KKX4PEB6BQ,CF (ItemKNN),0.0,
AFZSSLGULINNG536WSMG6POFN33Q,Essence (K=3),0.0,
AFZSSLGULINNG536WSMG6POFN33Q,CF (ItemKNN),0.0,
AFZUY43OPA56WNL6TTVB34YMTADQ,Essence (K=3),0.0,
AFZUY43OPA56WNL6TTVB34YMTADQ,CF (ItemKNN),0.0,
AFZYQJDSSEQGF2UDEWDZLQYLOTWQ,Essence (K=3),0.0,
AFZYQJDSSEQGF2UDEWDZLQYLOTWQ,CF (ItemKNN),0.0,
AFZZCU2VG2L6L5FODK3HCBN25WMA,Essence (K=3),0.0,
AFZZCU2VG2L6L5FODK3HCBN25WMA,CF (ItemKNN),0.0,
AG256JJTNPVZHDHIS5QKTBU6IA3Q,Essence (K=3),0.0,
AG256JJTNPVZHDHIS5QKTBU6IA3Q,CF (ItemKNN),0.0,
AG25NSCLIOIOBNI6E2KVZF236C5A,Essence (K=3),0.0,
AG25NSCLIOIOBNI6E2KVZF236C5A,CF (ItemKNN),0.0,
AG25UWOTNZ64PS6OHQACS43SBDAQ,Essence (K=3),0.0,
AG25UWOTNZ64PS6OHQACS43SBDAQ,CF (ItemKNN),0.0,
AG25YQVN3W7LIU4VKFH23LQD7RQA,Essence (K=3),0.0,
AG25YQVN3W7LIU4VKFH23LQD7RQA,CF (ItemKNN),0.0,
AG2ATJPLTIH73FNUWYTJJ26MI4NA,Essence (K=3),0.0,
AG2ATJPLTIH73FNUWYTJJ26MI4NA,CF (ItemKNN),0.0,
AG2EIWRNW3I6VCUV6VVD3AHXYF7Q,Essence (K=3),0.0,
AG2EIWRNW3I6VCUV6VVD3AHXYF7Q,CF (ItemKNN),0.0,
AG2EUA5HHNV3KRDAXXO7PWAFZ5FA,Essence (K=3),0.0,
AG2EUA5HHNV3KRDAXXO7PWAFZ5FA,CF (ItemKNN),0.0,
AG2GVMU23XR45AKQECI3AHTX6MBQ,Essence (K=3),0.0,
AG2GVMU23XR45AKQECI3AHTX6MBQ,CF (ItemKNN),0.0,
AG2IJPL54ET4JBK22F6DKN42DOBQ,Essence (K=3),0.21428571428571427,
AG2IJPL54ET4JBK22F6DKN42DOBQ,CF (ItemKNN),0.0,
AG2KHPZQK4XK7EHMZ4DKB557HTLA,Essence (K=3),0.0,
AG2KHPZQK4XK7EHMZ4DKB557HTLA,CF (ItemKNN),0.0,
AG2L6E4H2SO43HLVNQI3BHCU6NWQ,Essence (K=3),0.0,
AG2L6E4H2SO43HLVNQI3BHCU6NWQ,CF (ItemKNN),0.0,
AG2M63HC2MJLQM35EIF7BVTRPUIQ,Essence (K=3),0.0,
AG2M63HC2MJLQM35EIF7BVTRPUIQ,CF (ItemKNN),0.0,
AG2R7LMGMNKBE6H4DFW3K2RKSRWA,Essence (K=3),0.0,
AG2R7LMGMNKBE6H4DFW3K2RKSRWA,CF (ItemKNN),0.0,
AG2SAG6HSVFZIJAUOF52XCOVLQAQ,Essence (K=3),0.0,
AG2SAG6HSVFZIJAUOF52XCOVLQAQ,CF (ItemKNN),0.0,
AG2VJYW57FMT4YBSY3KYIHY6EURA,Essence (K=3),0.0,
AG2VJYW57FMT4YBSY3KYIHY6EURA,CF (ItemKNN),0.0,
AG2VUQZRX3EDPPTT65Z2GL5QUJ2A,Essence (K=3),0.0,
AG2VUQZRX3EDPPTT65Z2GL5QUJ2A,CF (ItemKNN),0.0,
AG33Q5746MEHUR7LBHIAZNLVFEUQ,Essence (K=3),0.0,
AG33Q5746MEHUR7LBHIAZNLVFEUQ,CF (ItemKNN),0.0,
AG35AI5EEQKOQMLMGUQZFLRK7PTQ,Essence (K=3),0.0,
AG35AI5EEQKOQMLMGUQZFLRK7PTQ,CF (ItemKNN),0.0,
AG3DDQB3FSRV7K7X633EKCYO6ASQ,Essence (K=3),0.0,
AG3DDQB3FSRV7K7X633EKCYO6ASQ,CF (ItemKNN),0.0,
AG3GHD6KATNMYPQ4MUUE6MSA5HWQ,Essence (K=3),0.0,
AG3GHD6KATNMYPQ4MUUE6MSA5HWQ,CF (ItemKNN),0.0,
AG3KH773Y6RJ4O3TJ4I4IKLR7AIA,Essence (K=3),0.0,
AG3KH773Y6RJ4O3TJ4I4IKLR7AIA,CF (ItemKNN),0.0,
AG3M4LFA4ZK7WESDNEN5ZCOA33WQ,Essence (K=3),0.0,
AG3M4LFA4ZK7WESDNEN5ZCOA33WQ,CF (ItemKNN),0.0,
AG3NAWE54CTXWLK2BOMFOYN44SNA,Essence (K=3),0.0,
AG3NAWE54CTXWLK2BOMFOYN44SNA,CF (ItemKNN),0.0,
AG3VZBL7U5LWV3QC5CO6RW3RROBQ,Essence (K=3),0.0,
AG3VZBL7U5LWV3QC5CO6RW3RROBQ,CF (ItemKNN),0.0,
AG3WWJH4253LU6T5KEZCKDIJUCBQ,Essence (K=3),0.0,
AG3WWJH4253LU6T5KEZCKDIJUCBQ,CF (ItemKNN),0.0,
AG3YPMKHMUZY5I4MUULIR6BEHE4Q,Essence (K=3),0.0,
AG3YPMKHMUZY5I4MUULIR6BEHE4Q,CF (ItemKNN),0.0,
AG426E2XSGOIH3IGLL5XMTKXCXNQ,Essence (K=3),0.0,
AG426E2XSGOIH3IGLL5XMTKXCXNQ,CF (ItemKNN),0.0,
AG45FQYFSBSTAC67CIHUGUROYZUQ,Essence (K=3),0.0,
AG45FQYFSBSTAC67CIHUGUROYZUQ,CF (ItemKNN),0.0,
AG45J2F62J2MAO2UNYA64DT4PXAQ,Essence (K=3),0.14285714285714285,
AG45J2F62J2MAO2UNYA64DT4PXAQ,CF (ItemKNN),0.0,
AG47X6BE6OAZTFASDFV2K4AWQL6A,Essence (K=3),0.25,
AG47X6BE6OAZTFASDFV2K4AWQL6A,CF (ItemKNN),0.0,
AG4D7KPB3PTMYDG6JGZPGDRPKTGA,Essence (K=3),0.0,
AG4D7KPB3PTMYDG6JGZPGDRPKTGA,CF (ItemKNN),0.0,
AG4DH56ZK2SRZXX5CIGX5LBWYXQA,Essence (K=3),0.0,
AG4DH56ZK2SRZXX5CIGX5LBWYXQA,CF (ItemKNN),0.0,
AG4JDGQREZU2VL7SH3QAA6MDJKSQ,Essence (K=3),0.0,
AG4JDGQREZU2VL7SH3QAA6MDJKSQ,CF (ItemKNN),0.0,
AG4JVV3FTZT2AMVTDGOKADZIJX3Q,Essence (K=3),0.0,
AG4JVV3FTZT2AMVTDGOKADZIJX3Q,CF (ItemKNN),0.0,
AG4KNYTI6CV2XEUWC3AT33TOF32Q,Essence (K=3),0.0,
AG4KNYTI6CV2XEUWC3AT33TOF32Q,CF (ItemKNN),0.0,
AG4KQJLB5PPIRTHCFMGIPZ7TCKUQ,Essence (K=3),0.8,
AG4KQJLB5PPIRTHCFMGIPZ7TCKUQ,CF (ItemKNN),0.0,
AG4NJEEA4XPFDCI3JNS6OL7FJHGA,Essence (K=3),0.0,
AG4NJEEA4XPFDCI3JNS6OL7FJHGA,CF (ItemKNN),0.0,
AG4P5MNOMQ5SOECLKFHEK3DX33TA,Essence (K=3),0.0,
AG4P5MNOMQ5SOECLKFHEK3DX33TA,CF (ItemKNN),0.0,
AG4QHIZFWXQYM3FCWZSPKKFOS5BQ,Essence (K=3),0.0,
AG4QHIZFWXQYM3FCWZSPKKFOS5BQ,CF (ItemKNN),0.0,
AG52JWUG3H4CYIYENIKXM4Z4RMXQ,Essence (K=3),0.0,
AG52JWUG3H4CYIYENIKXM4Z4RMXQ,CF (ItemKNN),0.0,
AG53KWZXX2MEI5JMM5SJLYKWFYOA,Essence (K=3),0.0,
AG53KWZXX2MEI5JMM5SJLYKWFYOA,CF (ItemKNN),0.0,
AG57FBA3ZBZ6OGAOIDLG7PR4USPA,Essence (K=3),0.0,
AG57FBA3ZBZ6OGAOIDLG7PR4USPA,CF (ItemKNN),0.0,
AG5EJTIBO5EXXYDMOSUQVYBDJIJA,Essence (K=3),0.0,
AG5EJTIBO5EXXYDMOSUQVYBDJIJA,CF (ItemKNN),0.0,
AG5GGOE4MIKTMDCTFYQEDN67UVKQ,Essence (K=3),0.0,
AG5GGOE4MIKTMDCTFYQEDN67UVKQ,CF (ItemKNN),0.0,
AG5IEMZFHTWHEM6FFBDMQBSH24GQ,Essence (K=3),0.0,
AG5IEMZFHTWHEM6FFBDMQBSH24GQ,CF (ItemKNN),0.0,
AG5IEN4THDRURS5MQUSUZYZYUF5Q,Essence (K=3),0.0,
AG5IEN4THDRURS5MQUSUZYZYUF5Q,CF (ItemKNN),0.0,
AG5PFWKWU77L3DLYUHHZRSMKKXNA,Essence (K=3),0.0,
AG5PFWKWU77L3DLYUHHZRSMKKXNA,CF (ItemKNN),0.0,
AG5POK2R6T7TNLWM34LGZLGYLTOQ,Essence (K=3),0.0,
AG5POK2R6T7TNLWM34LGZLGYLTOQ,CF (ItemKNN),0.0,
AG5QCC2MQN6XT7I4OUPNOESNLTHA,Essence (K=3),0.25,
AG5QCC2MQN6XT7I4OUPNOESNLTHA,CF (ItemKNN),0.0,
AG5WPSVCNLT4M33SXXOUXWE32LLQ,Essence (K=3),0.0,
AG5WPSVCNLT4M33SXXOUXWE32LLQ,CF (ItemKNN),0.0,
AG5YKWO57PMH2CZKCQEOEEGZRQJA,Essence (K=3),0.3333333333333333,
AG5YKWO57PMH2CZKCQEOEEGZRQJA,CF (ItemKNN),0.0,
AG65HM5RVTFBMAIXRLOAVS3Z3HNA,Essence (K=3),0.0,
AG65HM5RVTFBMAIXRLOAVS3Z3HNA,CF (ItemKNN),0.0,
AG664F7XMBNM7CUENCDBJATDROHQ,Essence (K=3),0.0,
AG664F7XMBNM7CUENCDBJATDROHQ,CF (ItemKNN),0.0,
AG67AEXULJQMW7GLFJDJGZEBNT2A,Essence (K=3),0.0,
AG67AEXULJQMW7GLFJDJGZEBNT2A,CF (ItemKNN),0.0,
AG6AYVY4OS3I7US6RS2YHOLPQM2Q,Essence (K=3),0.0,
AG6AYVY4OS3I7US6RS2YHOLPQM2Q,CF (ItemKNN),0.0,
AG6EIHDADU65T2M7V2QOIJEJYI5A,Essence (K=3),0.0,
AG6EIHDADU65T2M7V2QOIJEJYI5A,CF (ItemKNN),0.0,
AG6GPIKENPZRBMYKTGNF46XUN7FA,Essence (K=3),0.0,
AG6GPIKENPZRBMYKTGNF46XUN7FA,CF (ItemKNN),0.0,
AG6IAN32LFXF46L5SSFW443EN64Q,Essence (K=3),0.0,
AG6IAN32LFXF46L5SSFW443EN64Q,CF (ItemKNN),0.0,
AG6SV6KH5H2L6E5GZ5NTIK7POELQ,Essence (K=3),0.0,
AG6SV6KH5H2L6E5GZ5NTIK7POELQ,CF (ItemKNN),0.0,
AG6TVCP4OWHMYAEWK27XWYZR6FAA,Essence (K=3),0.0,
AG6TVCP4OWHMYAEWK27XWYZR6FAA,CF (ItemKNN),0.0,
AG6XG5EBYE5M7TOAFSCWOAZKGHIA,Essence (K=3),0.0,
AG6XG5EBYE5M7TOAFSCWOAZKGHIA,CF (ItemKNN),0.0,
AG6YXEPL6ENWE4CTSAOR3HHPX6BQ,Essence (K=3),0.0,
AG6YXEPL6ENWE4CTSAOR3HHPX6BQ,CF (ItemKNN),0.0,
AG73Z42QIAZW5QMI425NB3AKCVLA,Essence (K=3),0.0,
AG73Z42QIAZW5QMI425NB3AKCVLA,CF (ItemKNN),0.0,
AG74QXOLXOXXBRNNHB6H4LXRJERA,Essence (K=3),0.0,
AG74QXOLXOXXBRNNHB6H4LXRJERA,CF (ItemKNN),0.0,
AG7FEHOLMTMN6JSE6FXCFAHCL26Q,Essence (K=3),0.0,
AG7FEHOLMTMN6JSE6FXCFAHCL26Q,CF (ItemKNN),0.0,
AG7HEUXYJY2LXKEAO233XULAZJOQ,Essence (K=3),0.0,
AG7HEUXYJY2LXKEAO233XULAZJOQ,CF (ItemKNN),0.0,
AG7I743DBZQFLJ76LMKVKDI3YJAQ,Essence (K=3),0.0,
AG7I743DBZQFLJ76LMKVKDI3YJAQ,CF (ItemKNN),0.0,
AG7JHGOHLKP562RLJUGJGIWKE4TA,Essence (K=3),0.0,
AG7JHGOHLKP562RLJUGJGIWKE4TA,CF (ItemKNN),0.0,
AG7NJYKYFX3D5AFUK6WD32RVMD4Q,Essence (K=3),0.0,
AG7NJYKYFX3D5AFUK6WD32RVMD4Q,CF (ItemKNN),0.0,
AG7RKT3TQ5KNALFQTX6AP3NWWXEQ,Essence (K=3),0.0,
AG7RKT3TQ5KNALFQTX6AP3NWWXEQ,CF (ItemKNN),0.0,
AG7S2BXUGI2G5RJFLE5T32H54XFA,Essence (K=3),0.0,
AG7S2BXUGI2G5RJFLE5T32H54XFA,CF (ItemKNN),0.0,
AG7TXYCQZCUKVG7C4B5OJND364SA,Essence (K=3),0.0,
AG7TXYCQZCUKVG7C4B5OJND364SA,CF (ItemKNN),0.0,
AG7UARZKJO6PN75CBEY42EBVQOFA,Essence (K=3),0.0,
AG7UARZKJO6PN75CBEY42EBVQOFA,CF (ItemKNN),0.0,
AG7UZAWIH2SV7PATOWBJOO4NIQAA,Essence (K=3),0.0,
AG7UZAWIH2SV7PATOWBJOO4NIQAA,CF (ItemKNN),0.0,
AG7VINHKWSSJNX23KJOYIUAEOGDA,Essence (K=3),0.25,
AG7VINHKWSSJNX23KJOYIUAEOGDA,CF (ItemKNN),0.0,
AG7Y7FOL43VKCJDSEYP25LWSQFYQ,Essence (K=3),0.0,
AG7Y7FOL43VKCJDSEYP25LWSQFYQ,CF (ItemKNN),0.0,
AG7ZHNF6IJPLT7Y3DENNM6XWXEPA,Essence (K=3),0.0,
AG7ZHNF6IJPLT7Y3DENNM6XWXEPA,CF (ItemKNN),0.0,
AGA3V7ICXKHCESK7AQJKH2ZIP62A,Essence (K=3),0.0,
AGA3V7ICXKHCESK7AQJKH2ZIP62A,CF (ItemKNN),0.0,
AGA6ELHQQPZEVEG26LAAV6SFWDEA,Essence (K=3),0.0,
AGA6ELHQQPZEVEG26LAAV6SFWDEA,CF (ItemKNN),0.0,
AGAIFW4CADGCRD7ZTK7WA5ZPSSMA,Essence (K=3),0.0,
AGAIFW4CADGCRD7ZTK7WA5ZPSSMA,CF (ItemKNN),0.0,
AGAKQAITS4UTWUJFRP7G5FKPI33A,Essence (K=3),0.0,
AGAKQAITS4UTWUJFRP7G5FKPI33A,CF (ItemKNN),0.0,
AGALVYGREGJB2QJ4Y5BBJUBKEWAQ,Essence (K=3),0.0,
AGALVYGREGJB2QJ4Y5BBJUBKEWAQ,CF (ItemKNN),0.0,
AGAPV5OVPQPOAUWQZN6GTAQCVL4A,Essence (K=3),0.0,
AGAPV5OVPQPOAUWQZN6GTAQCVL4A,CF (ItemKNN),0.0,
AGAS7VFGWZRNSHZDBOG2OIGJJAHQ,Essence (K=3),0.0,
AGAS7VFGWZRNSHZDBOG2OIGJJAHQ,CF (ItemKNN),0.0,
AGAU6SD2VS7SJONCEQROOUBFQPRQ,Essence (K=3),0.0,
AGAU6SD2VS7SJONCEQROOUBFQPRQ,CF (ItemKNN),0.0,
AGAUKTX7WKPRODBVP62GLOSWXWNA,Essence (K=3),0.0,
AGAUKTX7WKPRODBVP62GLOSWXWNA,CF (ItemKNN),0.0,
AGAWZ25AT4BMEKVA72Q3TKQA3GZQ,Essence (K=3),0.0,
AGAWZ25AT4BMEKVA72Q3TKQA3GZQ,CF (ItemKNN),0.0,
AGAXRWI3OXILG65ZGA267I37MHGA,Essence (K=3),0.0,
AGAXRWI3OXILG65ZGA267I37MHGA,CF (ItemKNN),0.0,
AGBCPVNLWDIGZQNPTES2EGWRUG3Q,Essence (K=3),0.0,
AGBCPVNLWDIGZQNPTES2EGWRUG3Q,CF (ItemKNN),0.0,
AGBDW5HTTDTD7PX4JE5JJGFBMGSQ,Essence (K=3),0.0,
AGBDW5HTTDTD7PX4JE5JJGFBMGSQ,CF (ItemKNN),0.0,
AGBO4REEUDHVELNUKSYSVHNR7IUA,Essence (K=3),0.0,
AGBO4REEUDHVELNUKSYSVHNR7IUA,CF (ItemKNN),0.0,
AGBQSN5H3ZHMLW4SWRI6TQINO6BQ,Essence (K=3),0.0,
AGBQSN5H3ZHMLW4SWRI6TQINO6BQ,CF (ItemKNN),0.0,
AGBSBTMGYFHRUFU53KSUXUSYSGXA,Essence (K=3),0.0,
AGBSBTMGYFHRUFU53KSUXUSYSGXA,CF (ItemKNN),0.0,
AGBSTY6SKAOWGU47KW726CTF6REA,Essence (K=3),0.0,
AGBSTY6SKAOWGU47KW726CTF6REA,CF (ItemKNN),0.0,
AGBV5RCPMSI6G4LYYEM62KONRURQ,Essence (K=3),0.0,
AGBV5RCPMSI6G4LYYEM62KONRURQ,CF (ItemKNN),0.0,
AGC3YYKGEOXRFYGVPB52ZC7JGZUQ,Essence (K=3),0.0,
AGC3YYKGEOXRFYGVPB52ZC7JGZUQ,CF (ItemKNN),0.0,
AGC4MWUL6RK2FFE5F2XJOL7TT4SQ,Essence (K=3),0.0,
AGC4MWUL6RK2FFE5F2XJOL7TT4SQ,CF (ItemKNN),0.0,
AGC7B5XAMCKS5JQZY26N3HUKDTFQ,Essence (K=3),0.0,
AGC7B5XAMCKS5JQZY26N3HUKDTFQ,CF (ItemKNN),0.0,
AGC7YZNGZUMLZBQPTCXZ3G67GZRA,Essence (K=3),0.0,
AGC7YZNGZUMLZBQPTCXZ3G67GZRA,CF (ItemKNN),0.0,
AGCAXKPJGNRZSEOOXH4RXUPS4PZQ,Essence (K=3),0.0,
AGCAXKPJGNRZSEOOXH4RXUPS4PZQ,CF (ItemKNN),0.0,
AGCCAESXN25VH56YY4V23HORTTYQ,Essence (K=3),0.0,
AGCCAESXN25VH56YY4V23HORTTYQ,CF (ItemKNN),0.0,
AGCEG52FAYFCAJUWYRFKXTNPRIOA,Essence (K=3),0.0,
AGCEG52FAYFCAJUWYRFKXTNPRIOA,CF (ItemKNN),0.0,
AGCEMBF74IHVFUDDKQV4H6RYJJFA,Essence (K=3),0.0,
AGCEMBF74IHVFUDDKQV4H6RYJJFA,CF (ItemKNN),0.0,
AGCGJLFRTTH62NQCAEO235PL2TGQ,Essence (K=3),0.0,
AGCGJLFRTTH62NQCAEO235PL2TGQ,CF (ItemKNN),0.0,
AGCIWZOQ6EXDARGN7UO4KRE2VNCA,Essence (K=3),0.0,
AGCIWZOQ6EXDARGN7UO4KRE2VNCA,CF (ItemKNN),0.0,
AGCRNNVKJUPPHO7XXU7DKVVKNPAA,Essence (K=3),0.0,
AGCRNNVKJUPPHO7XXU7DKVVKNPAA,CF (ItemKNN),0.0,
AGCSH2QGPZAPKMO4RSRMRCHR3N3A,Essence (K=3),0.0,
AGCSH2QGPZAPKMO4RSRMRCHR3N3A,CF (ItemKNN),0.0,
AGCWATQPGD6UFLQYQP53FTLGLHKQ,Essence (K=3),0.0,
AGCWATQPGD6UFLQYQP53FTLGLHKQ,CF (ItemKNN),0.0,
AGDF6OOWTVAFZLMZ2Z3TQB7TGXGA,Essence (K=3),0.0,
AGDF6OOWTVAFZLMZ2Z3TQB7TGXGA,CF (ItemKNN),0.0,
AGDK25G6GU4YKRJ7MIIW4J7RW3DQ,Essence (K=3),0.0,
AGDK25G6GU4YKRJ7MIIW4J7RW3DQ,CF (ItemKNN),0.0,
AGDMSQ543LH3RB6A2YUKAH2RG3PQ,Essence (K=3),0.0,
AGDMSQ543LH3RB6A2YUKAH2RG3PQ,CF (ItemKNN),0.0,
AGDOIWDOMB5NM3M65FKJY5TZ5IFA,Essence (K=3),0.0,
AGDOIWDOMB5NM3M65FKJY5TZ5IFA,CF (ItemKNN),0.0,
AGDQCAX573GEXWKTJ4INUD7NSH2Q,Essence (K=3),0.0,
AGDQCAX573GEXWKTJ4INUD7NSH2Q,CF (ItemKNN),0.0,
AGDSFUPLYQJ7XN6O7WFGNXNVE5BQ,Essence (K=3),0.0,
AGDSFUPLYQJ7XN6O7WFGNXNVE5BQ,CF (ItemKNN),0.0,
AGDSJVJE6XIC6663DXEUDQLT24MQ,Essence (K=3),0.0,
AGDSJVJE6XIC6663DXEUDQLT24MQ,CF (ItemKNN),0.0,
AGE547VYT5237XV4RXAVWEUCBQEQ,Essence (K=3),0.0,
AGE547VYT5237XV4RXAVWEUCBQEQ,CF (ItemKNN),0.0,
AGE6WH2OZZU2KHZBFAWA7X2UV4KA,Essence (K=3),0.0,
AGE6WH2OZZU2KHZBFAWA7X2UV4KA,CF (ItemKNN),0.0,
AGE72UHSXLMISQJUCAVJ23QTT6SA,Essence (K=3),0.0,
AGE72UHSXLMISQJUCAVJ23QTT6SA,CF (ItemKNN),0.0,
AGECTTCI3CGWSNWJHCRPXKH4SCQA,Essence (K=3),0.0,
AGECTTCI3CGWSNWJHCRPXKH4SCQA,CF (ItemKNN),0.0,
AGEDM3FTZK3KLYYLDMJ7DM376FHQ,Essence (K=3),0.16666666666666666,
AGEDM3FTZK3KLYYLDMJ7DM376FHQ,CF (ItemKNN),0.0,
AGEE5QUMQ5SQKUZDCLEOCW6QJJFQ,Essence (K=3),0.0,
AGEE5QUMQ5SQKUZDCLEOCW6QJJFQ,CF (ItemKNN),0.0,
AGEEISX66TCXT4A5BV5R7PFCQNPQ,Essence (K=3),0.0,
AGEEISX66TCXT4A5BV5R7PFCQNPQ,CF (ItemKNN),0.0,
AGEEOY26VF2B7IL7EO537NTHD2NA,Essence (K=3),0.0,
AGEEOY26VF2B7IL7EO537NTHD2NA,CF (ItemKNN),0.0,
AGEFPQJGJREWX44MTKR6IJ5PX23Q,Essence (K=3),0.0,
AGEFPQJGJREWX44MTKR6IJ5PX23Q,CF (ItemKNN),0.0,
AGEG6LXEQ7A3VCJC6YMNW2OZ3YVQ,Essence (K=3),0.0,
AGEG6LXEQ7A3VCJC6YMNW2OZ3YVQ,CF (ItemKNN),0.0,
AGEGW27LWW3XLVAEA2FDZCX4S2PQ,Essence (K=3),0.0,
AGEGW27LWW3XLVAEA2FDZCX4S2PQ,CF (ItemKNN),0.0,
AGEH6AQGOVAMASM6JFY4AELGRY7Q,Essence (K=3),0.0,
AGEH6AQGOVAMASM6JFY4AELGRY7Q,CF (ItemKNN),0.0,
AGEJPQ3TQZCMQHIDIORC4QF7VVMQ,Essence (K=3),0.0,
AGEJPQ3TQZCMQHIDIORC4QF7VVMQ,CF (ItemKNN),0.0,
AGEKE44CBJ6JHGKK6ZAGGEAFSG7A,Essence (K=3),0.0,
AGEKE44CBJ6JHGKK6ZAGGEAFSG7A,CF (ItemKNN),0.0,
AGEM377USTLOB66X3IVLT4XFUDMA,Essence (K=3),0.0,
AGEM377USTLOB66X3IVLT4XFUDMA,CF (ItemKNN),0.0,
AGEOL7LSHJFKJVCQB4J2ZGEDU3IA,Essence (K=3),0.0,
AGEOL7LSHJFKJVCQB4J2ZGEDU3IA,CF (ItemKNN),0.0,
AGEU43CKPAEC7A2DXM3AMGG73THA,Essence (K=3),0.0,
AGEU43CKPAEC7A2DXM3AMGG73THA,CF (ItemKNN),0.0,
AGEUN6TTVRCSQXZSWEDE6VGXLFZA,Essence (K=3),0.0,
AGEUN6TTVRCSQXZSWEDE6VGXLFZA,CF (ItemKNN),0.0,
AGEXSQYOE6QENERQRTKDGMKSKMDA,Essence (K=3),0.0,
AGEXSQYOE6QENERQRTKDGMKSKMDA,CF (ItemKNN),0.0,
AGF6JOEINYZIXA2FWFVGHB63RQGA,Essence (K=3),0.4,
AGF6JOEINYZIXA2FWFVGHB63RQGA,CF (ItemKNN),0.0,
AGFGEEWU4Z37FECFOUHFZYMQAORA,Essence (K=3),0.4,
AGFGEEWU4Z37FECFOUHFZYMQAORA,CF (ItemKNN),0.0,
AGFISDVW6TIA3Z4WGP5FZDMMVQOQ,Essence (K=3),0.0,
AGFISDVW6TIA3Z4WGP5FZDMMVQOQ,CF (ItemKNN),0.0,
AGFITDBX2GCRLII6WFT2RY24UYJQ,Essence (K=3),0.0,
AGFITDBX2GCRLII6WFT2RY24UYJQ,CF (ItemKNN),0.0,
AGFLODZYK7HFYCHNP24JZJRMXYIA,Essence (K=3),0.0,
AGFLODZYK7HFYCHNP24JZJRMXYIA,CF (ItemKNN),0.0,
AGFMQQ7NCB3YQM7ERNPZ66SPCADQ,Essence (K=3),0.0,
AGFMQQ7NCB3YQM7ERNPZ66SPCADQ,CF (ItemKNN),0.0,
AGFQ2L22FVJPU7E45EW5QNLL52ZQ,Essence (K=3),0.0,
AGFQ2L22FVJPU7E45EW5QNLL52ZQ,CF (ItemKNN),0.0,
AGFQY7VM24GIBWFRV7NIH5FK5GGA,Essence (K=3),0.0,
AGFQY7VM24GIBWFRV7NIH5FK5GGA,CF (ItemKNN),0.0,
AGFRRPHPE5NLWNKAGVLTCYLRG4LA,Essence (K=3),0.0,
AGFRRPHPE5NLWNKAGVLTCYLRG4LA,CF (ItemKNN),0.0,
AGFRVRKDTKMME52SBPNYLLLAYITQ,Essence (K=3),0.0,
AGFRVRKDTKMME52SBPNYLLLAYITQ,CF (ItemKNN),0.0,
AGFTZKCH3YT5BUCGOCVDKLPYIBDA,Essence (K=3),0.0,
AGFTZKCH3YT5BUCGOCVDKLPYIBDA,CF (ItemKNN),0.0,
AGFWOLCP3YXULQROP2JPWLRFWZRA,Essence (K=3),0.0,
AGFWOLCP3YXULQROP2JPWLRFWZRA,CF (ItemKNN),0.0,
AGG24KNWIGHNYEPX2IS7OXYUFRIA,Essence (K=3),0.2,
AGG24KNWIGHNYEPX2IS7OXYUFRIA,CF (ItemKNN),0.0,
AGG2XQBTW5QZQTU7AKRIJXC7DGYA,Essence (K=3),0.0,
AGG2XQBTW5QZQTU7AKRIJXC7DGYA,CF (ItemKNN),0.0,
AGG5AQY3UG6I374L6J3EMQY6ZEZQ,Essence (K=3),0.0,
AGG5AQY3UG6I374L6J3EMQY6ZEZQ,CF (ItemKNN),0.0,
AGG5GD3PKDIMUMFJUK66SSEUT5JQ,Essence (K=3),0.0,
AGG5GD3PKDIMUMFJUK66SSEUT5JQ,CF (ItemKNN),0.0,
AGG7ZAYUXZKYDA3GRDEVUQRY7S2Q,Essence (K=3),0.0,
AGG7ZAYUXZKYDA3GRDEVUQRY7S2Q,CF (ItemKNN),0.0,
AGGBEHL4EQTT63RWFHT55UQ5PPPQ,Essence (K=3),0.0,
AGGBEHL4EQTT63RWFHT55UQ5PPPQ,CF (ItemKNN),0.0,
AGGFXQ3BTMQXJOLWC44G4ZIJQ24Q,Essence (K=3),0.1111111111111111,
AGGFXQ3BTMQXJOLWC44G4ZIJQ24Q,CF (ItemKNN),0.0,
AGGKHFYI7IB3HU2BSJKUMQ7RE42Q,Essence (K=3),0.0,
AGGKHFYI7IB3HU2BSJKUMQ7RE42Q,CF (ItemKNN),0.0,
AGGNED7QJHIWM4U2JM22G5ZNDBYQ,Essence (K=3),0.0,
AGGNED7QJHIWM4U2JM22G5ZNDBYQ,CF (ItemKNN),0.0,
AGGNS5YCIWJ7YSK5OEN7MNNCVI4Q,Essence (K=3),0.0,
AGGNS5YCIWJ7YSK5OEN7MNNCVI4Q,CF (ItemKNN),0.0,
AGGQYKVWAI2YO4RTVB2LLE45Z47Q,Essence (K=3),0.0,
AGGQYKVWAI2YO4RTVB2LLE45Z47Q,CF (ItemKNN),0.0,
AGGR75NNVQYTQUBNR5W7KA4OLF3A,Essence (K=3),0.0,
AGGR75NNVQYTQUBNR5W7KA4OLF3A,CF (ItemKNN),0.0,
AGGTIT5J4YWSF2ULV5HUDUOD5MLA,Essence (K=3),0.5,
AGGTIT5J4YWSF2ULV5HUDUOD5MLA,CF (ItemKNN),0.0,
AGGXS4Z3BBVW5AHMGZCK7YC6PHWQ,Essence (K=3),0.0,
AGGXS4Z3BBVW5AHMGZCK7YC6PHWQ,CF (ItemKNN),0.0,
AGHAEAGGIKWH6QFTMYVZBRJG26BA,Essence (K=3),0.0,
AGHAEAGGIKWH6QFTMYVZBRJG26BA,CF (ItemKNN),0.0,
AGHDQUQF5HHKSM6JJ5DOEECYGYJQ,Essence (K=3),0.0,
AGHDQUQF5HHKSM6JJ5DOEECYGYJQ,CF (ItemKNN),0.0,
AGHDZFK2DKO6CYEENN22WDQK2XYQ,Essence (K=3),0.0,
AGHDZFK2DKO6CYEENN22WDQK2XYQ,CF (ItemKNN),0.0,
AGHH64TOI6BF5OF3LKVDQIKIMSWA,Essence (K=3),0.0,
AGHH64TOI6BF5OF3LKVDQIKIMSWA,CF (ItemKNN),0.0,
AGHPPNYG77TZFAVHPTYBGYQHN56Q,Essence (K=3),0.0,
AGHPPNYG77TZFAVHPTYBGYQHN56Q,CF (ItemKNN),0.0,
AGHS6EDRDXK35Y6F2ZCTQLGYZWIA,Essence (K=3),0.0,
AGHS6EDRDXK35Y6F2ZCTQLGYZWIA,CF (ItemKNN),0.0,
AGHSUTDW5EYFRSIA2OP52ZK525QQ,Essence (K=3),0.0,
AGHSUTDW5EYFRSIA2OP52ZK525QQ,CF (ItemKNN),0.0,
AGHSX6F5Q2FCGR2FEAWIJJSCIIRA,Essence (K=3),0.0,
AGHSX6F5Q2FCGR2FEAWIJJSCIIRA,CF (ItemKNN),0.0,
AGHT3HQHRIF43YXZEXOPVNN3PVJA,Essence (K=3),0.0,
AGHT3HQHRIF43YXZEXOPVNN3PVJA,CF (ItemKNN),0.0,
AGHUVKM72YKG4KSG62IAFZQ7JTJA,Essence (K=3),0.0,
AGHUVKM72YKG4KSG62IAFZQ7JTJA,CF (ItemKNN),0.0,
AGHXS2OU3KFYDX2HBQAD6DJDHSOQ,Essence (K=3),0.0,
AGHXS2OU3KFYDX2HBQAD6DJDHSOQ,CF (ItemKNN),0.0,
AGHY3FSM46KKIA6ZOCJV5H3DEUCQ,Essence (K=3),0.0,
AGHY3FSM46KKIA6ZOCJV5H3DEUCQ,CF (ItemKNN),0.0,
AGI2KSHYWID347DVC2OZ25WZ6KIQ,Essence (K=3),0.0,
AGI2KSHYWID347DVC2OZ25WZ6KIQ,CF (ItemKNN),0.0,
AGI6II7RRACEVFPR6IJB5JS3PRXA,Essence (K=3),0.0,
AGI6II7RRACEVFPR6IJB5JS3PRXA,CF (ItemKNN),0.0,
AGI7CGNZGQG26DQ6DROZASJABRQA,Essence (K=3),0.0,
AGI7CGNZGQG26DQ6DROZASJABRQA,CF (ItemKNN),0.0,
AGIAC3TIZYW2TXOC7J7YMPWJXOWQ,Essence (K=3),0.0,
AGIAC3TIZYW2TXOC7J7YMPWJXOWQ,CF (ItemKNN),0.0,
AGIB4R5WWKZK43XDL5GXGULH4BHQ,Essence (K=3),0.0,
AGIB4R5WWKZK43XDL5GXGULH4BHQ,CF (ItemKNN),0.0,
AGIDVWEQISCWRAIATZZBDFPR6JIA,Essence (K=3),0.0,
AGIDVWEQISCWRAIATZZBDFPR6JIA,CF (ItemKNN),0.0,
AGIL7OJHXBQKPVJVLLDCC3ASSKBQ,Essence (K=3),0.0,
AGIL7OJHXBQKPVJVLLDCC3ASSKBQ,CF (ItemKNN),0.0,
AGIPDVBDWZE6MCBEMSHFIR33S52Q,Essence (K=3),1.0,
AGIPDVBDWZE6MCBEMSHFIR33S52Q,CF (ItemKNN),0.0,
AGISAAQT4NCA4GYUWEHQMOS74O2A,Essence (K=3),0.0,
AGISAAQT4NCA4GYUWEHQMOS74O2A,CF (ItemKNN),0.0,
AGIVPEUV76DWN6E7PNCH6EQUAPQA,Essence (K=3),0.0,
AGIVPEUV76DWN6E7PNCH6EQUAPQA,CF (ItemKNN),0.0,
AGIWYLLL5BV7CJI4BBKOI32J6ZEA,Essence (K=3),0.0,
AGIWYLLL5BV7CJI4BBKOI32J6ZEA,CF (ItemKNN),0.0,
AGIXFNLQKHNY5FY3UT3WO3ME3KOA,Essence (K=3),0.0,
AGIXFNLQKHNY5FY3UT3WO3ME3KOA,CF (ItemKNN),0.0,
AGIZIX3QTB2BX5ADGK2JZXAVVOHA,Essence (K=3),0.0,
AGIZIX3QTB2BX5ADGK2JZXAVVOHA,CF (ItemKNN),0.0,
AGJA3IZWH75QGRIDVSMP6LXIUTXQ,Essence (K=3),0.25,
AGJA3IZWH75QGRIDVSMP6LXIUTXQ,CF (ItemKNN),0.0,
AGJDEVYJZR4ZH7P2BQF7RW5OXZOQ,Essence (K=3),0.0,
AGJDEVYJZR4ZH7P2BQF7RW5OXZOQ,CF (ItemKNN),0.0,
AGJEOGMPYXKFMJLJ26GOJ63HA2XA,Essence (K=3),0.0,
AGJEOGMPYXKFMJLJ26GOJ63HA2XA,CF (ItemKNN),0.0,
AGJEWCN7TPN3KRJPW52LMTBXBGEQ,Essence (K=3),0.0,
AGJEWCN7TPN3KRJPW52LMTBXBGEQ,CF (ItemKNN),0.0,
AGJH6MI2FS2ZT5A4LGUMSTMXBLLQ,Essence (K=3),0.0,
AGJH6MI2FS2ZT5A4LGUMSTMXBLLQ,CF (ItemKNN),0.0,
AGJVPTZJB3E67FDQWFA3G6EKOYCQ,Essence (K=3),0.0,
AGJVPTZJB3E67FDQWFA3G6EKOYCQ,CF (ItemKNN),0.0,
AGJZPEJFZMDKBAXTPDZATTJDJ3NA,Essence (K=3),0.0,
AGJZPEJFZMDKBAXTPDZATTJDJ3NA,CF (ItemKNN),0.0,
AGK4RDFR4U6G6DZMEXWMU463AZ7A,Essence (K=3),0.0,
AGK4RDFR4U6G6DZMEXWMU463AZ7A,CF (ItemKNN),0.0,
AGKGLU3G7RKKXYM374KPEIVMZ2OQ,Essence (K=3),0.0,
AGKGLU3G7RKKXYM374KPEIVMZ2OQ,CF (ItemKNN),0.0,
AGKUCML76DUT5DAWRBVEO4DHZL4Q,Essence (K=3),0.0,
AGKUCML76DUT5DAWRBVEO4DHZL4Q,CF (ItemKNN),0.0,
AGL4FUN42XCQMA62DY5OF2FIMUCA,Essence (K=3),0.0,
AGL4FUN42XCQMA62DY5OF2FIMUCA,CF (ItemKNN),0.0,
AGL7WJQ7CT6CYRC36DFLD7G4W6FQ,Essence (K=3),0.0,
AGL7WJQ7CT6CYRC36DFLD7G4W6FQ,CF (ItemKNN),0.0,
AGL7ZPXBFQW4G2XPIQMUDA3Z3TQA,Essence (K=3),0.0,
AGL7ZPXBFQW4G2XPIQMUDA3Z3TQA,CF (ItemKNN),0.0,
AGLG2HV3YXNTBXA6JOMXFRT7BJPA,Essence (K=3),0.0,
AGLG2HV3YXNTBXA6JOMXFRT7BJPA,CF (ItemKNN),0.0,
AGLI4L4NOT7OKEYM76T6O42IICVA,Essence (K=3),0.0,
AGLI4L4NOT7OKEYM76T6O42IICVA,CF (ItemKNN),0.0,
AGLKLJPPATQQ5LV74YB7MGBIFOPA,Essence (K=3),0.0,
AGLKLJPPATQQ5LV74YB7MGBIFOPA,CF (ItemKNN),0.0,
AGLL5O2HLRMOYLYER5ZZIE56N74A,Essence (K=3),0.0,
AGLL5O2HLRMOYLYER5ZZIE56N74A,CF (ItemKNN),0.0,
AGLOK44526O77V4PNP2H3I665YUA,Essence (K=3),0.0,
AGLOK44526O77V4PNP2H3I665YUA,CF (ItemKNN),0.0,
AGLPERCRFIISQPZAFEMMG5ZMWCIA,Essence (K=3),0.0,
AGLPERCRFIISQPZAFEMMG5ZMWCIA,CF (ItemKNN),0.0,
AGLPJHBPL5BISSXLCLYC24CACE6Q,Essence (K=3),0.0,
AGLPJHBPL5BISSXLCLYC24CACE6Q,CF (ItemKNN),0.0,
AGLQC2MDOQTYKORSHU7RGRMZBR5Q,Essence (K=3),0.0,
AGLQC2MDOQTYKORSHU7RGRMZBR5Q,CF (ItemKNN),0.0,
AGLRPERYNIIFJXEWIYJDGI4A2DMQ,Essence (K=3),0.0,
AGLRPERYNIIFJXEWIYJDGI4A2DMQ,CF (ItemKNN),0.0,
AGLTMYT5VVQ44POJW676OZXZT2XA,Essence (K=3),0.0,
AGLTMYT5VVQ44POJW676OZXZT2XA,CF (ItemKNN),0.0,
AGLUVPH2G6GK6EX6AUHBA36SWIDQ,Essence (K=3),0.0,
AGLUVPH2G6GK6EX6AUHBA36SWIDQ,CF (ItemKNN),0.0,
AGLXDANMESSJCAYZNEMUZWT7MRNA,Essence (K=3),0.0,
AGLXDANMESSJCAYZNEMUZWT7MRNA,CF (ItemKNN),0.0,
AGLZOVDLNLSPMPM4ASJL3IP47YMQ,Essence (K=3),0.0,
AGLZOVDLNLSPMPM4ASJL3IP47YMQ,CF (ItemKNN),0.0,
AGLZQURCP6E7EEIOWXMNCKWWN7KQ,Essence (K=3),0.0,
AGLZQURCP6E7EEIOWXMNCKWWN7KQ,CF (ItemKNN),0.0,
AGM4YAEGMUSVU2JSLHPZIBE55GFA,Essence (K=3),0.0,
AGM4YAEGMUSVU2JSLHPZIBE55GFA,CF (ItemKNN),0.0,
AGM7NQXRFQGA6GIRX2ZDRNUNNS5A,Essence (K=3),0.0,
AGM7NQXRFQGA6GIRX2ZDRNUNNS5A,CF (ItemKNN),0.0,
AGMBWCUJ3QT5GKGLNOTJ4HRWQGXA,Essence (K=3),0.0,
AGMBWCUJ3QT5GKGLNOTJ4HRWQGXA,CF (ItemKNN),0.0,
AGMDLWEXHZTURYNVYSZ3SSNA6ZCA,Essence (K=3),0.0,
AGMDLWEXHZTURYNVYSZ3SSNA6ZCA,CF (ItemKNN),0.0,
AGMEELLJOCW4QQQ5ZJRKFCXZKXTA,Essence (K=3),0.0,
AGMEELLJOCW4QQQ5ZJRKFCXZKXTA,CF (ItemKNN),0.0,
AGMHCWXV3JJ6C7CNTCQXJRSJQYIQ,Essence (K=3),0.0,
AGMHCWXV3JJ6C7CNTCQXJRSJQYIQ,CF (ItemKNN),0.0,
AGMMMUFATFA2FOGZ2DMJY6PG3KKQ,Essence (K=3),0.0,
AGMMMUFATFA2FOGZ2DMJY6PG3KKQ,CF (ItemKNN),0.0,
AGMNDFVAL3ROVDTWEPXWCELFLSMQ,Essence (K=3),0.0,
AGMNDFVAL3ROVDTWEPXWCELFLSMQ,CF (ItemKNN),0.0,
AGMO6A4IZTD75XMINDMBKGYN52EQ,Essence (K=3),0.0,
AGMO6A4IZTD75XMINDMBKGYN52EQ,CF (ItemKNN),0.0,
AGMVGNICOUZNRT5DLGBJQBLQ2FGA,Essence (K=3),0.0,
AGMVGNICOUZNRT5DLGBJQBLQ2FGA,CF (ItemKNN),0.0,
AGMXHFFE7ICTASZACOWLHXKVFDEA,Essence (K=3),0.0,
AGMXHFFE7ICTASZACOWLHXKVFDEA,CF (ItemKNN),0.0,
AGMYK5CSCCJ5MVTBOIPUEZUNMKFA,Essence (K=3),0.0,
AGMYK5CSCCJ5MVTBOIPUEZUNMKFA,CF (ItemKNN),0.0,
AGMYZUAPRUQIZIVQTNK2PVOLP2CQ,Essence (K=3),0.0,
AGMYZUAPRUQIZIVQTNK2PVOLP2CQ,CF (ItemKNN),0.0,
AGMZ54XX2W3FXBPTJYN3RXFSI7MA,Essence (K=3),0.0,
AGMZ54XX2W3FXBPTJYN3RXFSI7MA,CF (ItemKNN),0.0,
AGN4SAKFGIOHKCDRLNJ62BQHSB6A,Essence (K=3),0.16666666666666666,
AGN4SAKFGIOHKCDRLNJ62BQHSB6A,CF (ItemKNN),0.0,
AGND7MRJQYGKXG3IVEVMXNYWD27Q,Essence (K=3),0.0,
AGND7MRJQYGKXG3IVEVMXNYWD27Q,CF (ItemKNN),0.0,
AGNDBRXHS6TYSZWMDAYNWSEX4Z5A,Essence (K=3),0.6666666666666666,
AGNDBRXHS6TYSZWMDAYNWSEX4Z5A,CF (ItemKNN),0.0,
AGNECLBFBVWD3FWZC3QRT25XAEMQ,Essence (K=3),0.0,
AGNECLBFBVWD3FWZC3QRT25XAEMQ,CF (ItemKNN),0.0,
AGNF7PN7A5JSXQVJZBD24ZS62SPQ,Essence (K=3),0.0,
AGNF7PN7A5JSXQVJZBD24ZS62SPQ,CF (ItemKNN),0.0,
AGNFHCQMNS4YGQGFTUUWD6FRPHRQ,Essence (K=3),0.0,
AGNFHCQMNS4YGQGFTUUWD6FRPHRQ,CF (ItemKNN),0.0,
AGNFNEABKEESTPCH7Z3ZQ4OTTYXA,Essence (K=3),0.0,
AGNFNEABKEESTPCH7Z3ZQ4OTTYXA,CF (ItemKNN),0.0,
AGNNY2HWWUG4HVF55UERTWEXJABQ,Essence (K=3),0.0,
AGNNY2HWWUG4HVF55UERTWEXJABQ,CF (ItemKNN),0.0,
AGNOTGTM2GZMN6HGNFD7S4JY23PQ,Essence (K=3),0.0,
AGNOTGTM2GZMN6HGNFD7S4JY23PQ,CF (ItemKNN),0.0,
AGNPSYXMK36ROTAVHPO6ZEQK3V2Q,Essence (K=3),0.0,
AGNPSYXMK36ROTAVHPO6ZEQK3V2Q,CF (ItemKNN),0.0,
AGNQ7SO6QWD6N2XDHPXGEWH5GYZA,Essence (K=3),0.0,
AGNQ7SO6QWD6N2XDHPXGEWH5GYZA,CF (ItemKNN),0.0,
AGNQFN4MPYH66IXB3ZFW7G2BQ6LA,Essence (K=3),0.0,
AGNQFN4MPYH66IXB3ZFW7G2BQ6LA,CF (ItemKNN),0.0,
AGNRBD2YSJJZN3BBM5RP2MRP7JGQ,Essence (K=3),0.0,
AGNRBD2YSJJZN3BBM5RP2MRP7JGQ,CF (ItemKNN),0.0,
AGNSSZYOUBNOPNXLTATEPXIWLFLQ,Essence (K=3),0.0,
AGNSSZYOUBNOPNXLTATEPXIWLFLQ,CF (ItemKNN),0.0,
AGNX7PPKVPW6D3Z4RRSV66RJ5NVQ,Essence (K=3),0.0,
AGNX7PPKVPW6D3Z4RRSV66RJ5NVQ,CF (ItemKNN),0.0,
AGO7X4JXTL4NKZPUJZN5SOR7N3TQ,Essence (K=3),0.0,
AGO7X4JXTL4NKZPUJZN5SOR7N3TQ,CF (ItemKNN),0.0,
AGOA2HIADEEE26AL3IP74R6U2IHQ,Essence (K=3),0.0,
AGOA2HIADEEE26AL3IP74R6U2IHQ,CF (ItemKNN),0.0,
AGOA6PTKPYNAMT2HF6WX6BXP6TMQ,Essence (K=3),0.0,
AGOA6PTKPYNAMT2HF6WX6BXP6TMQ,CF (ItemKNN),0.0,
AGOAIXXDOVZIN7QBNZKV7NYWVV6A,Essence (K=3),0.0,
AGOAIXXDOVZIN7QBNZKV7NYWVV6A,CF (ItemKNN),0.0,
AGOC72SW6MT2UA5FIYNF24NMC4SQ,Essence (K=3),0.75,
AGOC72SW6MT2UA5FIYNF24NMC4SQ,CF (ItemKNN),0.0,
AGOFZDDGIYDIZHTSJ6NHZAPH2J5A,Essence (K=3),0.0,
AGOFZDDGIYDIZHTSJ6NHZAPH2J5A,CF (ItemKNN),0.0,
AGOG6WYMIO25QFC4JCKTBTIF33BQ,Essence (K=3),0.0,
AGOG6WYMIO25QFC4JCKTBTIF33BQ,CF (ItemKNN),0.0,
AGOI2KTVDNOHLHCCKOCYL44NR2WQ,Essence (K=3),0.0,
AGOI2KTVDNOHLHCCKOCYL44NR2WQ,CF (ItemKNN),0.0,
AGOJOFX7QT5EKLKFKICTCYUCNSTQ,Essence (K=3),0.0,
AGOJOFX7QT5EKLKFKICTCYUCNSTQ,CF (ItemKNN),0.0,
AGOQGO6HQWIHV2XWEYFIYRMG2X4A,Essence (K=3),0.0,
AGOQGO6HQWIHV2XWEYFIYRMG2X4A,CF (ItemKNN),0.0,
AGOTSGE7ZDSUSY72MTABMR5OGFNQ,Essence (K=3),0.0,
AGOTSGE7ZDSUSY72MTABMR5OGFNQ,CF (ItemKNN),0.0,
AGOVYIK55X6LH23OSQRPTQERYLIA,Essence (K=3),0.0,
AGOVYIK55X6LH23OSQRPTQERYLIA,CF (ItemKNN),0.0,
AGOXLQYHCEKKJGNEVQ63HJA4Y6YA,Essence (K=3),0.0,
AGOXLQYHCEKKJGNEVQ63HJA4Y6YA,CF (ItemKNN),0.0,
AGP2LIJFAG7QON7IESIYC2DPE3QQ,Essence (K=3),0.0,
AGP2LIJFAG7QON7IESIYC2DPE3QQ,CF (ItemKNN),0.0,
AGP2NHCPH6RDLCY3TQQRV7GFYKBA,Essence (K=3),0.0,
AGP2NHCPH6RDLCY3TQQRV7GFYKBA,CF (ItemKNN),0.0,
AGP2UC2NAGJIPTQP2LTLC6R3O7PQ,Essence (K=3),0.0,
AGP2UC2NAGJIPTQP2LTLC6R3O7PQ,CF (ItemKNN),0.0,
AGP6Q5AKCFRVW432C6EMC7UHAVVA,Essence (K=3),0.0,
AGP6Q5AKCFRVW432C6EMC7UHAVVA,CF (ItemKNN),0.0,
AGP7GKZ5ELAOYKOJ5MG5XIFWP7PQ,Essence (K=3),0.0,
AGP7GKZ5ELAOYKOJ5MG5XIFWP7PQ,CF (ItemKNN),0.0,
AGPABAPZIMSA3WMHWO6CK26QPRDQ,Essence (K=3),0.0,
AGPABAPZIMSA3WMHWO6CK26QPRDQ,CF (ItemKNN),0.0,
AGPBDBUGFCIGKOMZ4A63YYNUY7RA,Essence (K=3),0.0,
AGPBDBUGFCIGKOMZ4A63YYNUY7RA,CF (ItemKNN),0.0,
AGPCEUUKY7OJ4RA56QKUU5ZU4EGQ,Essence (K=3),0.0,
AGPCEUUKY7OJ4RA56QKUU5ZU4EGQ,CF (ItemKNN),0.0,
AGPERX2BUEEGD6CDIT75TI7XPBPQ,Essence (K=3),0.0,
AGPERX2BUEEGD6CDIT75TI7XPBPQ,CF (ItemKNN),0.0,
AGPEURLJKUC4JPUHWGX3K35P5JBQ,Essence (K=3),0.0,
AGPEURLJKUC4JPUHWGX3K35P5JBQ,CF (ItemKNN),0.0,
AGPS3WIBU2HO5EGTFSLE5QHOQYWQ,Essence (K=3),0.0,
AGPS3WIBU2HO5EGTFSLE5QHOQYWQ,CF (ItemKNN),0.0,
AGPTXAG2GKMMFHICGIL5FW5LLYXA,Essence (K=3),0.0,
AGPTXAG2GKMMFHICGIL5FW5LLYXA,CF (ItemKNN),0.0,
AGPUMX7POHL7UVAIK3MR2225OWBA,Essence (K=3),0.0,
AGPUMX7POHL7UVAIK3MR2225OWBA,CF (ItemKNN),0.0,
AGPVQ5Y4CZHCO42QQ7UQTWR735EQ,Essence (K=3),0.0,
AGPVQ5Y4CZHCO42QQ7UQTWR735EQ,CF (ItemKNN),0.0,
AGPY4HXLQIFSSXJ4EH6EZZFFEXTA,Essence (K=3),0.0,
AGPY4HXLQIFSSXJ4EH6EZZFFEXTA,CF (ItemKNN),0.0,
AGQ3HE72HZALBUFFVTHPZ7EYBAEA,Essence (K=3),0.0,
AGQ3HE72HZALBUFFVTHPZ7EYBAEA,CF (ItemKNN),0.0,
AGQ3XISY2FARUIDPJVSPDWED3BXQ,Essence (K=3),0.0,
AGQ3XISY2FARUIDPJVSPDWED3BXQ,CF (ItemKNN),0.0,
AGQ5MQVSATIMDGZ2ZIJV3QUHE5XQ,Essence (K=3),0.0,
AGQ5MQVSATIMDGZ2ZIJV3QUHE5XQ,CF (ItemKNN),0.0,
AGQGUPACPPK4DEYVFAEWS3EMMSDQ,Essence (K=3),0.0,
AGQGUPACPPK4DEYVFAEWS3EMMSDQ,CF (ItemKNN),0.0,
AGQH6S27IKGR3QURKFZHW3MDQ3ZQ,Essence (K=3),0.0,
AGQH6S27IKGR3QURKFZHW3MDQ3ZQ,CF (ItemKNN),0.0,
AGQIOPVOBEHS2ELZRGBORDPMCVJA,Essence (K=3),0.0,
AGQIOPVOBEHS2ELZRGBORDPMCVJA,CF (ItemKNN),0.0,
AGQOASHVGLEHAJMQE6N75KHD6LHA,Essence (K=3),0.0,
AGQOASHVGLEHAJMQE6N75KHD6LHA,CF (ItemKNN),0.0,
AGQPIZ6BYPZ4TOPFDOWRLBSBV3QA,Essence (K=3),0.0,
AGQPIZ6BYPZ4TOPFDOWRLBSBV3QA,CF (ItemKNN),0.0,
AGQRDFU6UVFOBT6V45XT6LBEXCTQ,Essence (K=3),0.0,
AGQRDFU6UVFOBT6V45XT6LBEXCTQ,CF (ItemKNN),0.0,
AGQSFHJAIQ6BJLIVLVJQS3NOIOKA,Essence (K=3),0.0,
AGQSFHJAIQ6BJLIVLVJQS3NOIOKA,CF (ItemKNN),0.0,
AGQSHJJMINADTH6XWTKQBFN54JAQ,Essence (K=3),0.0,
AGQSHJJMINADTH6XWTKQBFN54JAQ,CF (ItemKNN),0.0,
AGQWDHIAN3Y5ZNGTH3J326KLEBNA,Essence (K=3),0.0,
AGQWDHIAN3Y5ZNGTH3J326KLEBNA,CF (ItemKNN),0.0,
AGQYEXFUQB6H5UWEU2GPJXJQ7V5Q,Essence (K=3),0.0,
AGQYEXFUQB6H5UWEU2GPJXJQ7V5Q,CF (ItemKNN),0.0,
AGQZH36XXSYTAPSSVNGQ4P4BL23Q,Essence (K=3),0.0,
AGQZH36XXSYTAPSSVNGQ4P4BL23Q,CF (ItemKNN),0.0,
AGRA6GLTWH7U3NV6BEYVEYXK4IOA,Essence (K=3),0.0,
AGRA6GLTWH7U3NV6BEYVEYXK4IOA,CF (ItemKNN),0.0,
AGRE74KBYUIHJMNWZ46NVCESLSHQ,Essence (K=3),0.0,
AGRE74KBYUIHJMNWZ46NVCESLSHQ,CF (ItemKNN),0.0,
AGRFBNTBPLO2CB4A6PJBFY4QWUQA,Essence (K=3),0.0,
AGRFBNTBPLO2CB4A6PJBFY4QWUQA,CF (ItemKNN),0.0,
AGRIIIF2WQ7ADENVKY4GWO7Z5TPQ,Essence (K=3),0.0,
AGRIIIF2WQ7ADENVKY4GWO7Z5TPQ,CF (ItemKNN),0.0,
AGROUFA34ORQG3KLELWMHKMFGO4A,Essence (K=3),0.0,
AGROUFA34ORQG3KLELWMHKMFGO4A,CF (ItemKNN),0.0,
AGRU7BSKQWM2TQZYQNSSFHUVPV4Q,Essence (K=3),0.0,
AGRU7BSKQWM2TQZYQNSSFHUVPV4Q,CF (ItemKNN),0.0,
AGRUEEYZUWTTUAXMGCMEVWQ5HCOA,Essence (K=3),0.0,
AGRUEEYZUWTTUAXMGCMEVWQ5HCOA,CF (ItemKNN),0.0,
AGRVYK4MSC2AUDQJHT4NSRX7Y6SQ,Essence (K=3),0.0,
AGRVYK4MSC2AUDQJHT4NSRX7Y6SQ,CF (ItemKNN),0.0,
AGRXBLVCXB35TRKCC7BLRIXVZJWQ,Essence (K=3),0.0,
AGRXBLVCXB35TRKCC7BLRIXVZJWQ,CF (ItemKNN),0.0,
AGRYUS5YZPNBFMWRXZ25KH765HEQ,Essence (K=3),0.0,
AGRYUS5YZPNBFMWRXZ25KH765HEQ,CF (ItemKNN),0.0,
AGS2AIGKUNVIF53YCYFHHHQFJYWA,Essence (K=3),0.0,
AGS2AIGKUNVIF53YCYFHHHQFJYWA,CF (ItemKNN),0.0,
AGS5M6TA3K6SUIEO3ZUNBMLOTNNQ,Essence (K=3),0.0,
AGS5M6TA3K6SUIEO3ZUNBMLOTNNQ,CF (ItemKNN),0.0,
AGS6VOZQYPDQ7PKA6GTGHD5GA3KA,Essence (K=3),0.0,
AGS6VOZQYPDQ7PKA6GTGHD5GA3KA,CF (ItemKNN),0.0,
AGS7HV2GN62B3Q734VWPBKAKAM6Q,Essence (K=3),0.0,
AGS7HV2GN62B3Q734VWPBKAKAM6Q,CF (ItemKNN),0.0,
AGSBWDHMLSIJNGUY3WJW3WVJT3TQ,Essence (K=3),0.0,
AGSBWDHMLSIJNGUY3WJW3WVJT3TQ,CF (ItemKNN),0.0,
AGSFFWGHDHFIIM5J6OQNRGX7L4EQ,Essence (K=3),0.0,
AGSFFWGHDHFIIM5J6OQNRGX7L4EQ,CF (ItemKNN),0.0,
AGSHCB5T2ALDERK7YYPZ7GPCXISQ,Essence (K=3),0.125,
AGSHCB5T2ALDERK7YYPZ7GPCXISQ,CF (ItemKNN),0.0,
AGSKIIWKRE53RMXLI2HVUUNO5TWA,Essence (K=3),0.0,
AGSKIIWKRE53RMXLI2HVUUNO5TWA,CF (ItemKNN),0.0,
AGSLJQOUHG4HEY3F6PC2TMUXDETQ,Essence (K=3),0.0,
AGSLJQOUHG4HEY3F6PC2TMUXDETQ,CF (ItemKNN),0.0,
AGSQ6AR4V6RI4O7M4SZZWMJ5EABQ,Essence (K=3),0.0,
AGSQ6AR4V6RI4O7M4SZZWMJ5EABQ,CF (ItemKNN),0.0,
AGSY7ZCXLC6HQXLX67JFOVBRSMJQ,Essence (K=3),0.0,
AGSY7ZCXLC6HQXLX67JFOVBRSMJQ,CF (ItemKNN),0.0,
AGT43PQODOBFU7DQSFQSPYEX5HKQ,Essence (K=3),0.0,
AGT43PQODOBFU7DQSFQSPYEX5HKQ,CF (ItemKNN),0.0,
AGT5H6BI3SHK2WZ4VGDVGL6PLC6Q,Essence (K=3),0.0,
AGT5H6BI3SHK2WZ4VGDVGL6PLC6Q,CF (ItemKNN),0.0,
AGT6JQLXFSBLXLDE6QPYJ7Y6KUGA,Essence (K=3),0.0,
AGT6JQLXFSBLXLDE6QPYJ7Y6KUGA,CF (ItemKNN),0.0,
AGTC6BG277JEUPAOBO3SD2OJPN4A,Essence (K=3),0.0,
AGTC6BG277JEUPAOBO3SD2OJPN4A,CF (ItemKNN),0.0,
AGTCQBXLHUSYYKF4ZXAN7JN4VTJQ,Essence (K=3),0.0,
AGTCQBXLHUSYYKF4ZXAN7JN4VTJQ,CF (ItemKNN),0.0,
AGTDMRXT6TJVBAN3O7QP6537RZJQ,Essence (K=3),0.0,
AGTDMRXT6TJVBAN3O7QP6537RZJQ,CF (ItemKNN),0.0,
AGTDVWM3VCHW3FL4O7R7KIYCM4RA,Essence (K=3),0.0,
AGTDVWM3VCHW3FL4O7R7KIYCM4RA,CF (ItemKNN),0.0,
AGTHXUIYC7ZYXAAGS3X3ONHNNVVQ,Essence (K=3),0.0,
AGTHXUIYC7ZYXAAGS3X3ONHNNVVQ,CF (ItemKNN),0.0,
AGTM7IA6PD2G6VGFOUI7Y2GE54LQ,Essence (K=3),0.0,
AGTM7IA6PD2G6VGFOUI7Y2GE54LQ,CF (ItemKNN),0.0,
AGTORXIE2HUPKNRRRP2U3KYS6AJA,Essence (K=3),0.0,
AGTORXIE2HUPKNRRRP2U3KYS6AJA,CF (ItemKNN),0.0,
AGTSTPGVKBM57QBY7PF4T5L6A7AA,Essence (K=3),0.0,
AGTSTPGVKBM57QBY7PF4T5L6A7AA,CF (ItemKNN),0.0,
AGTSXBLODC2IEGM7BCNGI7YOFZTA,Essence (K=3),0.0,
AGTSXBLODC2IEGM7BCNGI7YOFZTA,CF (ItemKNN),0.0,
AGTZW5CLTAWDMH6GNBBKAW23IRPQ,Essence (K=3),0.0,
AGTZW5CLTAWDMH6GNBBKAW23IRPQ,CF (ItemKNN),0.0,
AGU3VMGHA2QYD4ETHVNGS7L3UUNQ,Essence (K=3),0.0,
AGU3VMGHA2QYD4ETHVNGS7L3UUNQ,CF (ItemKNN),0.0,
AGU4LW5KOSMVPYSS2WUDKFOBDUOA,Essence (K=3),0.0,
AGU4LW5KOSMVPYSS2WUDKFOBDUOA,CF (ItemKNN),0.0,
AGU5F75N6HKW4HO4NHLZBXOCYWWA,Essence (K=3),0.0,
AGU5F75N6HKW4HO4NHLZBXOCYWWA,CF (ItemKNN),0.0,
AGU5GJOCWGRFFICUNKCZF73Y7DWA,Essence (K=3),0.0,
AGU5GJOCWGRFFICUNKCZF73Y7DWA,CF (ItemKNN),0.0,
AGU6EIWIZSV6AIQSAVRDHTIJCHPA,Essence (K=3),0.0,
AGU6EIWIZSV6AIQSAVRDHTIJCHPA,CF (ItemKNN),0.0,
AGUBDU6YYFTAJT534LRGFDAITTBQ,Essence (K=3),0.15384615384615385,
AGUBDU6YYFTAJT534LRGFDAITTBQ,CF (ItemKNN),0.0,
AGUCNIHN3UU3VITNWOSNZ5IUZDZA,Essence (K=3),0.0,
AGUCNIHN3UU3VITNWOSNZ5IUZDZA,CF (ItemKNN),0.0,
AGUDKZGMKHKT63F263RTLKDN56BQ,Essence (K=3),0.0,
AGUDKZGMKHKT63F263RTLKDN56BQ,CF (ItemKNN),0.0,
AGULIJZFLHE46SP7NZ4B2L6XD7VQ,Essence (K=3),0.0,
AGULIJZFLHE46SP7NZ4B2L6XD7VQ,CF (ItemKNN),0.0,
AGULRRH35GZ5ZTPVYGYIUKNEUOSQ,Essence (K=3),0.0,
AGULRRH35GZ5ZTPVYGYIUKNEUOSQ,CF (ItemKNN),0.0,
AGULZVFRG5XHPCTXFZOPCW3VSZWQ,Essence (K=3),0.0,
AGULZVFRG5XHPCTXFZOPCW3VSZWQ,CF (ItemKNN),0.0,
AGUO3LSE2S7LYHRYE7L6A6V7JAQA,Essence (K=3),0.0,
AGUO3LSE2S7LYHRYE7L6A6V7JAQA,CF (ItemKNN),0.0,
AGUOL3VRCRVOW3S4SVHS36ULHNHA,Essence (K=3),0.0,
AGUOL3VRCRVOW3S4SVHS36ULHNHA,CF (ItemKNN),0.0,
AGUSJR33T4OEHUGKDQHU4HN5KEUA,Essence (K=3),0.0,
AGUSJR33T4OEHUGKDQHU4HN5KEUA,CF (ItemKNN),0.0,
AGUUOEEFMVOAWKL2QHC5WEHKYIUA,Essence (K=3),0.0,
AGUUOEEFMVOAWKL2QHC5WEHKYIUA,CF (ItemKNN),0.0,
AGUWKGBIQOFLSJXC3FPNFKTBSJ4A,Essence (K=3),0.0,
AGUWKGBIQOFLSJXC3FPNFKTBSJ4A,CF (ItemKNN),0.0,
AGUXZGR23Y4E6CVFBXDB7U4RGWKQ,Essence (K=3),0.0,
AGUXZGR23Y4E6CVFBXDB7U4RGWKQ,CF (ItemKNN),0.0,
AGUYRGPZEPMPJDJUS4WOTLB3DU2A,Essence (K=3),0.0,
AGUYRGPZEPMPJDJUS4WOTLB3DU2A,CF (ItemKNN),0.0,
AGV2EP5HG6WVSITI4CFZ4ZC5BZ2A,Essence (K=3),0.0,
AGV2EP5HG6WVSITI4CFZ4ZC5BZ2A,CF (ItemKNN),0.0,
AGV2IULSG6OOZLZNJESDS2BMHTYA,Essence (K=3),0.0,
AGV2IULSG6OOZLZNJESDS2BMHTYA,CF (ItemKNN),0.0,
AGV4A3KWLIHZ2L4LQJ5OYHRSFOMA,Essence (K=3),0.5,
AGV4A3KWLIHZ2L4LQJ5OYHRSFOMA,CF (ItemKNN),0.0,
AGV77VWHNGLG5HOKRWTM5LHTM7KQ,Essence (K=3),0.0,
AGV77VWHNGLG5HOKRWTM5LHTM7KQ,CF (ItemKNN),0.0,
AGVHB22Z2Y5BHMNGZSI2RZECP6AA,Essence (K=3),0.0,
AGVHB22Z2Y5BHMNGZSI2RZECP6AA,CF (ItemKNN),0.0,
AGVHDAMOX3GKMK4CJ5IZI5J57QKA,Essence (K=3),0.0,
AGVHDAMOX3GKMK4CJ5IZI5J57QKA,CF (ItemKNN),0.0,
AGVJFMXXFYXT4AMUEAB4VRLSC2ZQ,Essence (K=3),0.0,
AGVJFMXXFYXT4AMUEAB4VRLSC2ZQ,CF (ItemKNN),0.0,
AGVWE6IA6NWXPDJSVU4KGYYYNBSA,Essence (K=3),0.0,
AGVWE6IA6NWXPDJSVU4KGYYYNBSA,CF (ItemKNN),0.0,
AGVWSSL2RCPV4ULFXL3UCPG7TLFQ,Essence (K=3),0.0,
AGVWSSL2RCPV4ULFXL3UCPG7TLFQ,CF (ItemKNN),0.0,
AGVYKFSWT35KNZJA2AMANHY3EYJQ,Essence (K=3),0.0,
AGVYKFSWT35KNZJA2AMANHY3EYJQ,CF (ItemKNN),0.0,
AGW2Q34KQNUJJZ5SLTWGIV77MM3Q,Essence (K=3),0.0,
AGW2Q34KQNUJJZ5SLTWGIV77MM3Q,CF (ItemKNN),0.0,
AGW2X5ULFS5X27YJPWLB74H7OPTQ,Essence (K=3),0.0,
AGW2X5ULFS5X27YJPWLB74H7OPTQ,CF (ItemKNN),0.0,
AGW5AW54AOUD4CPT4GM4ATM27L5Q,Essence (K=3),0.0,
AGW5AW54AOUD4CPT4GM4ATM27L5Q,CF (ItemKNN),0.0,
AGWAOOY6M6ETINGAYGWRUA4XWVZQ,Essence (K=3),0.0,
AGWAOOY6M6ETINGAYGWRUA4XWVZQ,CF (ItemKNN),0.0,
AGWCCUUN5SDAIJAJKAMNF7OZ3KGA,Essence (K=3),0.0,
AGWCCUUN5SDAIJAJKAMNF7OZ3KGA,CF (ItemKNN),0.0,
AGWCIBGDL26V3XMRRZPVAX65L2OQ,Essence (K=3),0.0,
AGWCIBGDL26V3XMRRZPVAX65L2OQ,CF (ItemKNN),0.0,
AGWCV6DOCX5QO3HSLGK6XM62YBXA,Essence (K=3),0.0,
AGWCV6DOCX5QO3HSLGK6XM62YBXA,CF (ItemKNN),0.0,
AGWG3T77ZAGX2XUFZI2PBY6UENKQ,Essence (K=3),0.0,
AGWG3T77ZAGX2XUFZI2PBY6UENKQ,CF (ItemKNN),0.0,
AGWG5NTYDMSARYPCQPHIJU64ACDQ,Essence (K=3),0.0,
AGWG5NTYDMSARYPCQPHIJU64ACDQ,CF (ItemKNN),0.0,
AGWGBUVDMG4BFE575MTYMF3LQMCA,Essence (K=3),0.0,
AGWGBUVDMG4BFE575MTYMF3LQMCA,CF (ItemKNN),0.0,
AGWK5TRRULB7JGEHV6EM7D7JAU4Q,Essence (K=3),0.0,
AGWK5TRRULB7JGEHV6EM7D7JAU4Q,CF (ItemKNN),0.0,
AGWMFFTDDGKS4TLE5EIWUM4Y2LRA,Essence (K=3),0.0,
AGWMFFTDDGKS4TLE5EIWUM4Y2LRA,CF (ItemKNN),0.0,
AGWMQEPHCO2HTPNZBLGWG2F5ZC5A,Essence (K=3),0.0,
AGWMQEPHCO2HTPNZBLGWG2F5ZC5A,CF (ItemKNN),0.0,
AGWOVT67DTLU3ZIPTXJBEYH7LHSQ,Essence (K=3),0.0,
AGWOVT67DTLU3ZIPTXJBEYH7LHSQ,CF (ItemKNN),0.0,
AGWPLYBL2E3MR5VN3O4XOLTHGI4Q,Essence (K=3),0.0,
AGWPLYBL2E3MR5VN3O4XOLTHGI4Q,CF (ItemKNN),0.0,
AGWPSLMPSCLHSMRXVTXSMOSZ7FJA,Essence (K=3),0.0,
AGWPSLMPSCLHSMRXVTXSMOSZ7FJA,CF (ItemKNN),0.0,
AGWYMPST2CHG27RRMXQGPN2L6FRA,Essence (K=3),0.0,
AGWYMPST2CHG27RRMXQGPN2L6FRA,CF (ItemKNN),0.0,
AGWZ5HDMFF75COKL7BZREMDL6C4Q,Essence (K=3),0.0,
AGWZ5HDMFF75COKL7BZREMDL6C4Q,CF (ItemKNN),0.0,
AGWZDVSD5NOVPNQ77ZR3K37ZJ35A,Essence (K=3),0.0,
AGWZDVSD5NOVPNQ77ZR3K37ZJ35A,CF (ItemKNN),0.0,
AGWZRBKXVCJLDYSU4X2THGNG2ORQ,Essence (K=3),0.0,
AGWZRBKXVCJLDYSU4X2THGNG2ORQ,CF (ItemKNN),0.0,
AGWZSILTAHWTROVMO3VGEUB6FEOQ,Essence (K=3),0.0,
AGWZSILTAHWTROVMO3VGEUB6FEOQ,CF (ItemKNN),0.0,
AGX2HRFYD2KOQRG32GZVHG4HQGEQ,Essence (K=3),0.0,
AGX2HRFYD2KOQRG32GZVHG4HQGEQ,CF (ItemKNN),0.0,
AGX45JXOBD6LJ7OTO5KH4M6LWVOA,Essence (K=3),0.0,
AGX45JXOBD6LJ7OTO5KH4M6LWVOA,CF (ItemKNN),0.0,
AGXBIK5KK5FYO2MROYX5ZOVD5RSA,Essence (K=3),0.0,
AGXBIK5KK5FYO2MROYX5ZOVD5RSA,CF (ItemKNN),0.0,
AGXFA5NRMF3ILKV6HEKUN47OTVYA,Essence (K=3),0.0,
AGXFA5NRMF3ILKV6HEKUN47OTVYA,CF (ItemKNN),0.0,
AGXPANV56YQPOP235TR3BO5RSW7A,Essence (K=3),0.0,
AGXPANV56YQPOP235TR3BO5RSW7A,CF (ItemKNN),0.125,
AGXPVY7DYHFAPG4XOBQ6U2M4LZAQ,Essence (K=3),0.029411764705882353,
AGXPVY7DYHFAPG4XOBQ6U2M4LZAQ,CF (ItemKNN),0.0,
AGXQFVU7F6FQKRHHNCQNXB6D4MRA,Essence (K=3),0.0,
AGXQFVU7F6FQKRHHNCQNXB6D4MRA,CF (ItemKNN),0.0,
AGXRA37RPRLVBXO6OIF2TDR7PXIQ,Essence (K=3),0.0,
AGXRA37RPRLVBXO6OIF2TDR7PXIQ,CF (ItemKNN),0.0,
AGXRVBTZSVNNFAQH6AYNGVNN3EGA,Essence (K=3),0.0,
AGXRVBTZSVNNFAQH6AYNGVNN3EGA,CF (ItemKNN),0.0,
AGXUUWH2KXP5QMPLUSREJ7J44P7Q,Essence (K=3),0.0,
AGXUUWH2KXP5QMPLUSREJ7J44P7Q,CF (ItemKNN),0.0,
AGXX73HOQ7RSYCWLBF4OFBTLN7WQ,Essence (K=3),0.0,
AGXX73HOQ7RSYCWLBF4OFBTLN7WQ,CF (ItemKNN),0.0,
AGXYFWEA2NMWAWH4NUPVTMLNTVDQ,Essence (K=3),0.0,
AGXYFWEA2NMWAWH4NUPVTMLNTVDQ,CF (ItemKNN),0.0,
AGY4TGR2XNVQGUC5PUFHLLIMURFQ,Essence (K=3),0.0,
AGY4TGR2XNVQGUC5PUFHLLIMURFQ,CF (ItemKNN),0.0,
AGYAQHY3RSJM7IQLNKNDGJ5AYMFA,Essence (K=3),0.0,
AGYAQHY3RSJM7IQLNKNDGJ5AYMFA,CF (ItemKNN),0.0,
AGYBGW2VBTU26OJIFPN6VZA2SHAA,Essence (K=3),0.0,
AGYBGW2VBTU26OJIFPN6VZA2SHAA,CF (ItemKNN),0.0,
AGYCMQX7SORWNKVQLJBST3YHM6PQ,Essence (K=3),0.0,
AGYCMQX7SORWNKVQLJBST3YHM6PQ,CF (ItemKNN),0.0,
AGYFLTNRIGYKE2YCSGUJAXKH5M2Q,Essence (K=3),0.2,
AGYFLTNRIGYKE2YCSGUJAXKH5M2Q,CF (ItemKNN),0.0,
AGYGYQMDMY4R62ZIU43HHLCHYCYQ,Essence (K=3),0.0,
AGYGYQMDMY4R62ZIU43HHLCHYCYQ,CF (ItemKNN),0.0,
AGYMPPRZ4AGDTATWNTVLEPFWTBFA,Essence (K=3),0.0,
AGYMPPRZ4AGDTATWNTVLEPFWTBFA,CF (ItemKNN),0.0,
AGYOQLMPDNT26XDEJXXKIYKCFUNQ,Essence (K=3),0.0,
AGYOQLMPDNT26XDEJXXKIYKCFUNQ,CF (ItemKNN),0.0,
AGYQEQ3VEVKN33PPRCI7BRP6W2FQ,Essence (K=3),0.0,
AGYQEQ3VEVKN33PPRCI7BRP6W2FQ,CF (ItemKNN),0.0,
AGYQHWUVRH5B53VCV5ZJMVK7XI2A,Essence (K=3),0.0,
AGYQHWUVRH5B53VCV5ZJMVK7XI2A,CF (ItemKNN),0.0,
AGYQUK3TMMJTFKQZI4LAU2IPJ4BQ,Essence (K=3),0.0,
AGYQUK3TMMJTFKQZI4LAU2IPJ4BQ,CF (ItemKNN),0.0,
AGYUEMT3OLI4BBQ7KTQUXAU35TXA,Essence (K=3),0.0,
AGYUEMT3OLI4BBQ7KTQUXAU35TXA,CF (ItemKNN),0.0,
AGYWYLS6GOPTKBFEWTT6MTUP2VNQ,Essence (K=3),0.0,
AGYWYLS6GOPTKBFEWTT6MTUP2VNQ,CF (ItemKNN),0.0,
AGZ6HHURF2ZQ2OA3SERNBO4PEMEQ,Essence (K=3),0.0,
AGZ6HHURF2ZQ2OA3SERNBO4PEMEQ,CF (ItemKNN),0.0,
AGZBHGUT5AJXGXJ4YQZI5FW774NQ,Essence (K=3),0.0,
AGZBHGUT5AJXGXJ4YQZI5FW774NQ,CF (ItemKNN),0.0,
AGZC7435URSXORTVTDD53NTAE2SA,Essence (K=3),0.0,
AGZC7435URSXORTVTDD53NTAE2SA,CF (ItemKNN),0.0,
AGZCMD5G32CG3ESZADATS35WZ3IQ,Essence (K=3),0.0,
AGZCMD5G32CG3ESZADATS35WZ3IQ,CF (ItemKNN),0.0,
AGZCSH5ZYNRWH4XDRWQIBCXUWHWA,Essence (K=3),0.0,
AGZCSH5ZYNRWH4XDRWQIBCXUWHWA,CF (ItemKNN),0.0,
AGZEPTJWCXSWXWX7GZDX2SQYD2AA,Essence (K=3),0.0,
AGZEPTJWCXSWXWX7GZDX2SQYD2AA,CF (ItemKNN),0.0,
AGZFC44YNQB7ISQNZTOBMWXBPNTA,Essence (K=3),0.0,
AGZFC44YNQB7ISQNZTOBMWXBPNTA,CF (ItemKNN),0.0,
AGZFGWNGNTWNQ52WYLAL6GO7MBHQ,Essence (K=3),0.0,
AGZFGWNGNTWNQ52WYLAL6GO7MBHQ,CF (ItemKNN),0.0,
AGZGN6WV3DWMBS5CN4AXEXMYLMRA,Essence (K=3),0.0,
AGZGN6WV3DWMBS5CN4AXEXMYLMRA,CF (ItemKNN),0.0,
AGZT6KUVJYUFGZOAHLXX37LBRAAA,Essence (K=3),0.0,
AGZT6KUVJYUFGZOAHLXX37LBRAAA,CF (ItemKNN),0.0,
AGZVA5WGPNF23JZKK3FTGM4V36JA,Essence (K=3),0.0,
AGZVA5WGPNF23JZKK3FTGM4V36JA,CF (ItemKNN),0.0,
AGZZC7NVQCFFZF6V7TRXDEFHFR2A,Essence (K=3),0.0,
AGZZC7NVQCFFZF6V7TRXDEFHFR2A,CF (ItemKNN),0.0,
AH23KVPPAIVTSTPNWMP4YOX332LA,Essence (K=3),0.0,
AH23KVPPAIVTSTPNWMP4YOX332LA,CF (ItemKNN),0.0,
AH25HY77QDK6SKCT5DWZIXLZ37IQ,Essence (K=3),0.0,
AH25HY77QDK6SKCT5DWZIXLZ37IQ,CF (ItemKNN),0.0,
AH27FP6P62WSLCHAT4KV6CK5LK6A,Essence (K=3),0.0,
AH27FP6P62WSLCHAT4KV6CK5LK6A,CF (ItemKNN),0.0,
AH27VNW4PJTWXFLP4KTMBJPU74GQ,Essence (K=3),0.0,
AH27VNW4PJTWXFLP4KTMBJPU74GQ,CF (ItemKNN),0.0,
AH2CGEXAFFSVRYQQWD4DANCLQJLQ,Essence (K=3),0.0,
AH2CGEXAFFSVRYQQWD4DANCLQJLQ,CF (ItemKNN),0.0,
AH2G3ZBFARX4X2ZYY6D2JLPSZDWQ,Essence (K=3),0.0,
AH2G3ZBFARX4X2ZYY6D2JLPSZDWQ,CF (ItemKNN),0.0,
AH2GTGGDOJIBXJK5D3GF3QYI5UGA,Essence (K=3),0.0,
AH2GTGGDOJIBXJK5D3GF3QYI5UGA,CF (ItemKNN),0.0,
AH2HIVVJJ6A4XB7RJLZTAAEROYIQ,Essence (K=3),0.0,
AH2HIVVJJ6A4XB7RJLZTAAEROYIQ,CF (ItemKNN),0.0,
AH2IQHEG5XFPBGKYCFIUCMXDOX3Q,Essence (K=3),0.0,
AH2IQHEG5XFPBGKYCFIUCMXDOX3Q,CF (ItemKNN),0.0,
AH2KC7SRRR5HAYBQKZKVZDDOELPA,Essence (K=3),0.0,
AH2KC7SRRR5HAYBQKZKVZDDOELPA,CF (ItemKNN),0.0,
AH2OWAHA2VX3GFKIE3T5BX72GJRQ,Essence (K=3),0.0,
AH2OWAHA2VX3GFKIE3T5BX72GJRQ,CF (ItemKNN),0.0,
AH2TUXOFANK6LBHVYA4E7EFQXMTQ,Essence (K=3),0.0,
AH2TUXOFANK6LBHVYA4E7EFQXMTQ,CF (ItemKNN),0.0,
AH2X7XBWAYBCY5K3WVVRQFXQW47Q,Essence (K=3),0.0,
AH2X7XBWAYBCY5K3WVVRQFXQW47Q,CF (ItemKNN),0.0,
AH2ZCE7SCLPJZRMXVMMHW5GKCG3A,Essence (K=3),0.5,
AH2ZCE7SCLPJZRMXVMMHW5GKCG3A,CF (ItemKNN),0.0,
AH32LYWETRPHG34RYAS5P7T3VOKA,Essence (K=3),0.0,
AH32LYWETRPHG34RYAS5P7T3VOKA,CF (ItemKNN),0.0,
AH33RHMYYFWJYVWJJTOAEPFBZHDQ,Essence (K=3),0.0,
AH33RHMYYFWJYVWJJTOAEPFBZHDQ,CF (ItemKNN),0.0,
AH34RIXGI36EBUEIHL3IMSXVL7MA,Essence (K=3),0.0,
AH34RIXGI36EBUEIHL3IMSXVL7MA,CF (ItemKNN),0.0,
AH3AYO3JS6LDYIXCL42KNWCNSRAQ,Essence (K=3),0.0,
AH3AYO3JS6LDYIXCL42KNWCNSRAQ,CF (ItemKNN),0.0,
AH3DQATQ4GGYD5XXP63Y4M4HUF4Q,Essence (K=3),0.0,
AH3DQATQ4GGYD5XXP63Y4M4HUF4Q,CF (ItemKNN),0.0,
AH3GYNKNKCK3RMESE7LWH6EP7REA,Essence (K=3),0.25,
AH3GYNKNKCK3RMESE7LWH6EP7REA,CF (ItemKNN),0.0,
AH3I5PJWQVC73QGJVRVR5GK5CMJQ,Essence (K=3),0.0,
AH3I5PJWQVC73QGJVRVR5GK5CMJQ,CF (ItemKNN),0.0,
AH3KOVKRR42LN5TBRGVD63IOUIRQ,Essence (K=3),0.0,
AH3KOVKRR42LN5TBRGVD63IOUIRQ,CF (ItemKNN),0.0,
AH3O2TNJRJIZYCMV3OLEM2F5A4DA,Essence (K=3),0.0,
AH3O2TNJRJIZYCMV3OLEM2F5A4DA,CF (ItemKNN),0.0,
AH3P6L5V4CSFCMD6AZBWYD7X27LA,Essence (K=3),0.0,
AH3P6L5V4CSFCMD6AZBWYD7X27LA,CF (ItemKNN),0.0,
AH3T7IW5Y43NB4DN7B6V6PD5SZCQ,Essence (K=3),0.0,
AH3T7IW5Y43NB4DN7B6V6PD5SZCQ,CF (ItemKNN),0.0,
AH3YYDSBQVNKS2MGZCGWLZA6F7QA,Essence (K=3),0.0,
AH3YYDSBQVNKS2MGZCGWLZA6F7QA,CF (ItemKNN),0.0,
AH46F5IQWUJA4PW4I4NM2TSE4SOA,Essence (K=3),0.0,
AH46F5IQWUJA4PW4I4NM2TSE4SOA,CF (ItemKNN),0.0,
AH474GXYYKHXC27XQLF6WZDGLOXQ,Essence (K=3),0.5,
AH474GXYYKHXC27XQLF6WZDGLOXQ,CF (ItemKNN),0.0,
AH4LZBW2GRUR5BKUZ7GAKCNUW4EA,Essence (K=3),0.0,
AH4LZBW2GRUR5BKUZ7GAKCNUW4EA,CF (ItemKNN),0.0,
AH4RZAFFWLLYDZ5HQFYN7NREQVKQ,Essence (K=3),0.0,
AH4RZAFFWLLYDZ5HQFYN7NREQVKQ,CF (ItemKNN),0.0,
AH4VFMIO7MB3WE63AUC2ABAIHRPQ,Essence (K=3),0.0,
AH4VFMIO7MB3WE63AUC2ABAIHRPQ,CF (ItemKNN),0.0,
AH4XZE7MZMEN543DGINJQ6U2AGYA,Essence (K=3),0.0,
AH4XZE7MZMEN543DGINJQ6U2AGYA,CF (ItemKNN),0.0,
AH56DJACUKMRMSRO64Y5YBHSNFVQ,Essence (K=3),0.0,
AH56DJACUKMRMSRO64Y5YBHSNFVQ,CF (ItemKNN),0.0,
AH5A3OEGR57ZIE5SZ5PO5BHMYWQA,Essence (K=3),0.0,
AH5A3OEGR57ZIE5SZ5PO5BHMYWQA,CF (ItemKNN),0.0,
AH5F6QI77O65KV4TZY7KP546JSDQ,Essence (K=3),0.0,
AH5F6QI77O65KV4TZY7KP546JSDQ,CF (ItemKNN),0.0,
AH5G2DB7VQXZ2MH72S22LIGZ7F3Q,Essence (K=3),0.0,
AH5G2DB7VQXZ2MH72S22LIGZ7F3Q,CF (ItemKNN),0.0,
AH5NA6LIKHFQO3CDP6LULJT6VLYA,Essence (K=3),0.125,
AH5NA6LIKHFQO3CDP6LULJT6VLYA,CF (ItemKNN),0.0,
AH5OGZHDDZZPGDVDSEW63IJBOC6A,Essence (K=3),0.0,
AH5OGZHDDZZPGDVDSEW63IJBOC6A,CF (ItemKNN),0.0,
AH5OHMDSBMWMYMOA2734WQRJPYOA,Essence (K=3),0.0,
AH5OHMDSBMWMYMOA2734WQRJPYOA,CF (ItemKNN),0.0,
AH5OLAKBIAGC64AU5LAD3GWEAZIA,Essence (K=3),0.0,
AH5OLAKBIAGC64AU5LAD3GWEAZIA,CF (ItemKNN),0.0,
AH5QGTU36JXYGYPMAR2RWYFJ6UNQ,Essence (K=3),0.0,
AH5QGTU36JXYGYPMAR2RWYFJ6UNQ,CF (ItemKNN),0.0,
AH5SCTPI23KZM6SOSL4KMT6K3ALQ,Essence (K=3),0.0,
AH5SCTPI23KZM6SOSL4KMT6K3ALQ,CF (ItemKNN),0.0,
AH5UTAFTC32AGDHBOLMY3J6OIEWQ,Essence (K=3),0.0,
AH5UTAFTC32AGDHBOLMY3J6OIEWQ,CF (ItemKNN),0.0,
AH5UVMPTOLP4WMUIQQV4JMA2IX7A,Essence (K=3),0.0,
AH5UVMPTOLP4WMUIQQV4JMA2IX7A,CF (ItemKNN),0.0,
AH63IT3Q6OA23O3S4TZ3LJYYNBIQ,Essence (K=3),0.25,
AH63IT3Q6OA23O3S4TZ3LJYYNBIQ,CF (ItemKNN),0.0,
AH6C44AOMHR4YPCDHNF36L2WTXMQ,Essence (K=3),0.0,
AH6C44AOMHR4YPCDHNF36L2WTXMQ,CF (ItemKNN),0.0,
AH6CCBGTTQVS67QHNTOKUDY5MM3A,Essence (K=3),0.0,
AH6CCBGTTQVS67QHNTOKUDY5MM3A,CF (ItemKNN),0.0,
AH6CMWZ754IEXWWHQMY2BPG6AM6A,Essence (K=3),0.0,
AH6CMWZ754IEXWWHQMY2BPG6AM6A,CF (ItemKNN),0.0,
AH6HLVUEFNKAYSH24X6BTYR3LEXQ,Essence (K=3),0.0,
AH6HLVUEFNKAYSH24X6BTYR3LEXQ,CF (ItemKNN),0.0,
AH6QFLGTZUWMNELVVPEQMFYXCCCA,Essence (K=3),0.0,
AH6QFLGTZUWMNELVVPEQMFYXCCCA,CF (ItemKNN),0.0,
AH6QQOPBE6MOWEI6IUDUO24LVXUQ,Essence (K=3),0.0,
AH6QQOPBE6MOWEI6IUDUO24LVXUQ,CF (ItemKNN),0.0,
AH6WIJ5MTYHU6KFPQKAWEU2DDILA,Essence (K=3),0.0,
AH6WIJ5MTYHU6KFPQKAWEU2DDILA,CF (ItemKNN),0.0,
AH6WLMC4CLGSVJN6AJGCWES6WSBQ,Essence (K=3),0.0,
AH6WLMC4CLGSVJN6AJGCWES6WSBQ,CF (ItemKNN),0.0,
AH74GPTJ4572QCBYTRE2JO3FIIHA,Essence (K=3),0.0,
AH74GPTJ4572QCBYTRE2JO3FIIHA,CF (ItemKNN),0.0,
AH7EQ5VNR7BOW3IEI2C6OGIIVBUA,Essence (K=3),0.0,
AH7EQ5VNR7BOW3IEI2C6OGIIVBUA,CF (ItemKNN),0.0,
AH7GUVVKGGPJ74ULLJXXUQ6TDQTQ,Essence (K=3),0.0,
AH7GUVVKGGPJ74ULLJXXUQ6TDQTQ,CF (ItemKNN),0.0,
AH7IA4WM2ISEQKMFCKVXWCZCLD7Q,Essence (K=3),0.0,
AH7IA4WM2ISEQKMFCKVXWCZCLD7Q,CF (ItemKNN),0.0,
AH7PCORVT76UBL3QQWA37M67XCAA,Essence (K=3),0.0,
AH7PCORVT76UBL3QQWA37M67XCAA,CF (ItemKNN),0.0,
AH7UJCOKUCVECWIMBNFC5KU33GLA,Essence (K=3),0.0,
AH7UJCOKUCVECWIMBNFC5KU33GLA,CF (ItemKNN),0.0,
AH7YFMUQ4T3L4F4AXWH6W35CAUTA,Essence (K=3),0.0,
AH7YFMUQ4T3L4F4AXWH6W35CAUTA,CF (ItemKNN),0.0,
AHA3PWRXECNTQX33JCX2YCKTUO4A,Essence (K=3),0.0,
AHA3PWRXECNTQX33JCX2YCKTUO4A,CF (ItemKNN),0.0,
AHA4ZUE367VIESLX3MQYYH3OKBIQ,Essence (K=3),0.0,
AHA4ZUE367VIESLX3MQYYH3OKBIQ,CF (ItemKNN),0.0,
AHAAEJSXRPI5GRKDAFQACXEHSAJQ,Essence (K=3),0.0,
AHAAEJSXRPI5GRKDAFQACXEHSAJQ,CF (ItemKNN),0.0,
AHACQI3FPGL524EFQWSXOJG7VT5A,Essence (K=3),0.1,
AHACQI3FPGL524EFQWSXOJG7VT5A,CF (ItemKNN),0.0,
AHAIEIRSORRPA62USNQVCCQSJLBQ,Essence (K=3),0.0,
AHAIEIRSORRPA62USNQVCCQSJLBQ,CF (ItemKNN),0.0,
AHAMHLUWZTVCHUQLQNDZZAAX4KGA,Essence (K=3),0.0,
AHAMHLUWZTVCHUQLQNDZZAAX4KGA,CF (ItemKNN),0.0,
AHAPOSKRPSKSAMXOKGNSUYWI5WOQ,Essence (K=3),0.0,
AHAPOSKRPSKSAMXOKGNSUYWI5WOQ,CF (ItemKNN),0.0,
AHAR2YSTNGRIJYEQBVS7W67JYS5A,Essence (K=3),0.0,
AHAR2YSTNGRIJYEQBVS7W67JYS5A,CF (ItemKNN),0.0,
AHARTDWK3UVRFPYYSKR5GHWTPA6A,Essence (K=3),0.0,
AHARTDWK3UVRFPYYSKR5GHWTPA6A,CF (ItemKNN),0.0,
AHAWBIWDFA7Z7EORQUHNKXOPBZYA,Essence (K=3),0.0,
AHAWBIWDFA7Z7EORQUHNKXOPBZYA,CF (ItemKNN),0.0,
AHAYX6YWLK52LPXFSE2QUNMMS44A,Essence (K=3),0.0,
AHAYX6YWLK52LPXFSE2QUNMMS44A,CF (ItemKNN),0.0,
AHB25DQEPBAQXEJMRTTRHYBLBEEQ,Essence (K=3),0.0,
AHB25DQEPBAQXEJMRTTRHYBLBEEQ,CF (ItemKNN),0.0,
AHB3UXKMIFBPCHFL3U25H4HT2PBQ,Essence (K=3),0.0,
AHB3UXKMIFBPCHFL3U25H4HT2PBQ,CF (ItemKNN),0.0,
AHB5USJ5J3KKUFYLQBYDFVGYZI7Q,Essence (K=3),0.0,
AHB5USJ5J3KKUFYLQBYDFVGYZI7Q,CF (ItemKNN),0.0,
AHB7SDVFNQQINSZ6MIX3J3V5MHMA,Essence (K=3),0.0,
AHB7SDVFNQQINSZ6MIX3J3V5MHMA,CF (ItemKNN),0.0,
AHB7URM2ZEBASDARVUBQPPCTKTRQ,Essence (K=3),0.0,
AHB7URM2ZEBASDARVUBQPPCTKTRQ,CF (ItemKNN),0.0,
AHBFWMXRA5DXHYFMFLYRC25DVUCQ,Essence (K=3),0.0,
AHBFWMXRA5DXHYFMFLYRC25DVUCQ,CF (ItemKNN),0.0,
AHBKPHIWICSBEESGB3EIWWUCMEJA,Essence (K=3),0.0,
AHBKPHIWICSBEESGB3EIWWUCMEJA,CF (ItemKNN),0.0,
AHBM2ZS3IHNCWH2XHOUUYN2N6EPA,Essence (K=3),0.0,
AHBM2ZS3IHNCWH2XHOUUYN2N6EPA,CF (ItemKNN),0.0,
AHBPQDWOYSP5QQEIETIMQFCX7EGQ,Essence (K=3),0.0,
AHBPQDWOYSP5QQEIETIMQFCX7EGQ,CF (ItemKNN),0.0,
AHBPVWEQQJYJV7OYQKXEXLNQCNLQ,Essence (K=3),0.0,
AHBPVWEQQJYJV7OYQKXEXLNQCNLQ,CF (ItemKNN),0.0,
AHBQYAFF3P7663IHYQ7KCE75NQBA,Essence (K=3),0.0,
AHBQYAFF3P7663IHYQ7KCE75NQBA,CF (ItemKNN),0.0,
AHBTQWKQL422IH7YO2XKYIEL7P7Q,Essence (K=3),0.0,
AHBTQWKQL422IH7YO2XKYIEL7P7Q,CF (ItemKNN),0.0,
AHC3FSGWZO57J3CBTI6MPELPQEFA,Essence (K=3),0.0,
AHC3FSGWZO57J3CBTI6MPELPQEFA,CF (ItemKNN),0.0,
AHC3PL2MI23ASRTMEVN3Y7HSUX7Q,Essence (K=3),0.0,
AHC3PL2MI23ASRTMEVN3Y7HSUX7Q,CF (ItemKNN),0.0,
AHC4XG2P7FLTT4YTTYQCXFEX6DIA,Essence (K=3),0.0,
AHC4XG2P7FLTT4YTTYQCXFEX6DIA,CF (ItemKNN),0.0,
AHC5D76CWQV6UHSOJIWNXFGM4ATA,Essence (K=3),0.0,
AHC5D76CWQV6UHSOJIWNXFGM4ATA,CF (ItemKNN),0.0,
AHC6C4GKXZI2RI7TKGZ6FTGQMMCA,Essence (K=3),0.0,
AHC6C4GKXZI2RI7TKGZ6FTGQMMCA,CF (ItemKNN),0.0,
AHC6K467P7YVJTHM4EHJ34EGWNIQ,Essence (K=3),0.0,
AHC6K467P7YVJTHM4EHJ34EGWNIQ,CF (ItemKNN),0.0,
AHC6RDL6QSNP6YPLICGRKXNUOAWA,Essence (K=3),0.0,
AHC6RDL6QSNP6YPLICGRKXNUOAWA,CF (ItemKNN),0.0,
AHC74ZNMBOUXBJC4JI5O6QHT6D3Q,Essence (K=3),0.0,
AHC74ZNMBOUXBJC4JI5O6QHT6D3Q,CF (ItemKNN),0.0,
AHCA3FF2KQI7SRT32XBZCNHFEHOQ,Essence (K=3),0.0,
AHCA3FF2KQI7SRT32XBZCNHFEHOQ,CF (ItemKNN),0.0,
AHCCQILGSXELJC53YV6K3C3WBDFA,Essence (K=3),0.0,
AHCCQILGSXELJC53YV6K3C3WBDFA,CF (ItemKNN),0.0,
AHCEGHGYWR4RIDWR2LGQDCCLJJAA,Essence (K=3),0.0,
AHCEGHGYWR4RIDWR2LGQDCCLJJAA,CF (ItemKNN),0.0,
AHCFV3JUAQB2IEYXBMDPWDV3BF7A,Essence (K=3),0.0,
AHCFV3JUAQB2IEYXBMDPWDV3BF7A,CF (ItemKNN),0.0,
AHCGZ7DHLVG6ZOMYMT72HXIRSPVA,Essence (K=3),0.0,
AHCGZ7DHLVG6ZOMYMT72HXIRSPVA,CF (ItemKNN),0.0,
AHCKW36JOHBW4ALRQVU7R6YTDZLA,Essence (K=3),0.0,
AHCKW36JOHBW4ALRQVU7R6YTDZLA,CF (ItemKNN),0.0,
AHCLUVQ2GNXOH2MAMZFJ2HNDJPQQ,Essence (K=3),0.0,
AHCLUVQ2GNXOH2MAMZFJ2HNDJPQQ,CF (ItemKNN),0.0,
AHCODMEDV6AJKCF4N5LFS3LMAZXA,Essence (K=3),0.0,
AHCODMEDV6AJKCF4N5LFS3LMAZXA,CF (ItemKNN),0.0,
AHCR4E3C277EQLVE43JKUNMPGRBA,Essence (K=3),0.0,
AHCR4E3C277EQLVE43JKUNMPGRBA,CF (ItemKNN),0.0,
AHCV2RR4HIAI5KGCSMUZE5VX55GA,Essence (K=3),0.0,
AHCV2RR4HIAI5KGCSMUZE5VX55GA,CF (ItemKNN),0.0,
AHD4VSCBIOL3ZM6XDCZYCQKQYDNA,Essence (K=3),0.0,
AHD4VSCBIOL3ZM6XDCZYCQKQYDNA,CF (ItemKNN),0.0,
AHDB4MTGAFZQFPFUBC2GCW3H5MRA,Essence (K=3),0.0,
AHDB4MTGAFZQFPFUBC2GCW3H5MRA,CF (ItemKNN),0.0,
AHDLZL4XEAVBYPZ62GIZQQJRJZFQ,Essence (K=3),0.0,
AHDLZL4XEAVBYPZ62GIZQQJRJZFQ,CF (ItemKNN),0.0,
AHDQPQDNVBTIX2G6H3MDFCEQYADA,Essence (K=3),0.0,
AHDQPQDNVBTIX2G6H3MDFCEQYADA,CF (ItemKNN),0.0,
AHDQTLHWO5K537EF3L5GC5S4JEKA,Essence (K=3),0.0,
AHDQTLHWO5K537EF3L5GC5S4JEKA,CF (ItemKNN),0.0,
AHDRE7FPR6UXPOU7DUZHI473L72Q,Essence (K=3),0.0,
AHDRE7FPR6UXPOU7DUZHI473L72Q,CF (ItemKNN),0.0,
AHDTY7KXH5RGZPKHWWH5W37IIQ5Q,Essence (K=3),0.0,
AHDTY7KXH5RGZPKHWWH5W37IIQ5Q,CF (ItemKNN),0.0,
AHDZ6IPACNCWO77TMLNXUGUS2NEQ,Essence (K=3),0.0,
AHDZ6IPACNCWO77TMLNXUGUS2NEQ,CF (ItemKNN),0.0,
AHE6A2J23M6UUHWUSY4VUC3N7ROA,Essence (K=3),0.0,
AHE6A2J23M6UUHWUSY4VUC3N7ROA,CF (ItemKNN),0.0,
AHE7LV5BQBPV3JUMYW4LG542LBPA,Essence (K=3),0.0,
AHE7LV5BQBPV3JUMYW4LG542LBPA,CF (ItemKNN),0.0,
AHEC6MDJE57EX2CLUG5MGQNSLUTA,Essence (K=3),0.0,
AHEC6MDJE57EX2CLUG5MGQNSLUTA,CF (ItemKNN),0.0,
AHEFCAXVJIHAXFE4BJVGD5CQT25A,Essence (K=3),0.0,
AHEFCAXVJIHAXFE4BJVGD5CQT25A,CF (ItemKNN),0.0,
AHEILWZYRACQLSSOZTFZYJ6IXYEQ,Essence (K=3),0.0,
AHEILWZYRACQLSSOZTFZYJ6IXYEQ,CF (ItemKNN),0.0,
AHEIUQGGTZHTBHPH6T62JM3IOKSA,Essence (K=3),0.0,
AHEIUQGGTZHTBHPH6T62JM3IOKSA,CF (ItemKNN),0.0,
AHEKI6TT6MHCBDICMPPLBOVL7JMQ,Essence (K=3),0.0,
AHEKI6TT6MHCBDICMPPLBOVL7JMQ,CF (ItemKNN),0.0,
AHEX3HC3ZBC74O36D4APF724EAHA,Essence (K=3),0.0,
AHEX3HC3ZBC74O36D4APF724EAHA,CF (ItemKNN),0.0,
AHEXUYOR2PRRNNV5WDG463IFTNCQ,Essence (K=3),0.0,
AHEXUYOR2PRRNNV5WDG463IFTNCQ,CF (ItemKNN),0.0,
AHF24EZD4VJLOPJHYV7CLQZLQHOA,Essence (K=3),0.0,
AHF24EZD4VJLOPJHYV7CLQZLQHOA,CF (ItemKNN),0.0,
AHF7ZXYZLEFMZHRC6Y6T2J3P57FA,Essence (K=3),0.0,
AHF7ZXYZLEFMZHRC6Y6T2J3P57FA,CF (ItemKNN),0.0,
AHFBQ42QEWHFCKBRX7XBDXX3L4OQ,Essence (K=3),0.0,
AHFBQ42QEWHFCKBRX7XBDXX3L4OQ,CF (ItemKNN),0.0,
AHFBXB7WUVYP4IZEEOPTWUSMVJIQ,Essence (K=3),0.0,
AHFBXB7WUVYP4IZEEOPTWUSMVJIQ,CF (ItemKNN),0.0,
AHFKDG33YKWZZOGTFP6YJ7LWOV6Q,Essence (K=3),0.0,
AHFKDG33YKWZZOGTFP6YJ7LWOV6Q,CF (ItemKNN),0.0,
AHFOXJTL3OFNCGNJP5TURBFLJ2HA,Essence (K=3),0.0,
AHFOXJTL3OFNCGNJP5TURBFLJ2HA,CF (ItemKNN),0.0,
AHFWCJI7WYM3NK4TJGF2EOIZZSDA,Essence (K=3),0.0,
AHFWCJI7WYM3NK4TJGF2EOIZZSDA,CF (ItemKNN),0.0,
AHFYFYNJG4YZIOUI57L5QBXLEBTQ,Essence (K=3),0.0,
AHFYFYNJG4YZIOUI57L5QBXLEBTQ,CF (ItemKNN),0.0,
AHG22FGDCE4C5S6PKIBPUIKG2BFA,Essence (K=3),0.0,
AHG22FGDCE4C5S6PKIBPUIKG2BFA,CF (ItemKNN),0.0,
AHG72ACR5SCVBYCFM5VTLHZAP5RA,Essence (K=3),0.0,
AHG72ACR5SCVBYCFM5VTLHZAP5RA,CF (ItemKNN),0.0,
AHGCL2VOIB45FI4XNLWJCUDXN6IA,Essence (K=3),0.0,
AHGCL2VOIB45FI4XNLWJCUDXN6IA,CF (ItemKNN),0.0,
AHGE72BODDEH75S355KDPIQZITKQ,Essence (K=3),0.0,
AHGE72BODDEH75S355KDPIQZITKQ,CF (ItemKNN),0.0,
AHGEX4UH7GDLQOVPGZ2OW4LGD7LA,Essence (K=3),0.0,
AHGEX4UH7GDLQOVPGZ2OW4LGD7LA,CF (ItemKNN),0.0,
AHGLZNIXAROQF4PP2IEWEDEM6QTQ,Essence (K=3),0.0,
AHGLZNIXAROQF4PP2IEWEDEM6QTQ,CF (ItemKNN),0.0,
AHGMXOM4EFBCBNWIL6AYHPAGUI5Q,Essence (K=3),0.0,
AHGMXOM4EFBCBNWIL6AYHPAGUI5Q,CF (ItemKNN),0.0,
AHGPNG6LJKHYC5WXK7TUE5CXQQKA,Essence (K=3),0.0,
AHGPNG6LJKHYC5WXK7TUE5CXQQKA,CF (ItemKNN),0.0,
AHGVWK2DQY4TARS4CTTZBWKJG2ZA,Essence (K=3),0.0,
AHGVWK2DQY4TARS4CTTZBWKJG2ZA,CF (ItemKNN),0.0,
AHGWKHXWZ4TWP4SWQZP4W5PMMNNQ,Essence (K=3),0.0,
AHGWKHXWZ4TWP4SWQZP4W5PMMNNQ,CF (ItemKNN),0.0,
AHGZATEWKDOBD2J7JTA3ZHCZOHXQ,Essence (K=3),0.0,
AHGZATEWKDOBD2J7JTA3ZHCZOHXQ,CF (ItemKNN),0.0,
AHGZGOELT5KZXFZ4NF3V2DHUDQ2Q,Essence (K=3),0.0,
AHGZGOELT5KZXFZ4NF3V2DHUDQ2Q,CF (ItemKNN),0.0,
AHH2TTXJBT3G6M727TYEIIBADARQ,Essence (K=3),0.0,
AHH2TTXJBT3G6M727TYEIIBADARQ,CF (ItemKNN),0.0,
AHH2WY6Y246M2HNR2AWVJJSCUCLA,Essence (K=3),0.0,
AHH2WY6Y246M2HNR2AWVJJSCUCLA,CF (ItemKNN),0.0,
AHH37YROLTSQR6XVOM3EVQRECVEA,Essence (K=3),0.0,
AHH37YROLTSQR6XVOM3EVQRECVEA,CF (ItemKNN),0.0,
AHHFUZZOT2HPJ3PSELTBLOYQS4IA,Essence (K=3),0.0,
AHHFUZZOT2HPJ3PSELTBLOYQS4IA,CF (ItemKNN),0.0,
AHHFZB6IG3XVYSZGCCKHROEUL2DA,Essence (K=3),0.0,
AHHFZB6IG3XVYSZGCCKHROEUL2DA,CF (ItemKNN),0.0,
AHHKGC44C5EAIHLULTUGQLO455UQ,Essence (K=3),0.0,
AHHKGC44C5EAIHLULTUGQLO455UQ,CF (ItemKNN),0.0,
AHHO2ZI7DREW777VPC7CAI7A3FMA,Essence (K=3),0.0,
AHHO2ZI7DREW777VPC7CAI7A3FMA,CF (ItemKNN),0.0,
AHHOVMKTOHRFODCRFGSNPKTJ6BWQ,Essence (K=3),0.0,
AHHOVMKTOHRFODCRFGSNPKTJ6BWQ,CF (ItemKNN),0.0,
AHI2WUS2Z36WV4AB6TT3MR5DXDHA,Essence (K=3),0.0,
AHI2WUS2Z36WV4AB6TT3MR5DXDHA,CF (ItemKNN),0.0,
AHI46ZL6NBNBRUD5F3YUP5ZWHEFQ,Essence (K=3),0.0,
AHI46ZL6NBNBRUD5F3YUP5ZWHEFQ,CF (ItemKNN),0.0,
AHI4PG33FLI6H3SWRDSDVGDDAPLA,Essence (K=3),0.0,
AHI4PG33FLI6H3SWRDSDVGDDAPLA,CF (ItemKNN),0.0,
AHI4QMBBHXRDUNUUC6WMI6FUSXBA,Essence (K=3),0.25,
AHI4QMBBHXRDUNUUC6WMI6FUSXBA,CF (ItemKNN),0.0,
AHI57FBXWZSC3JTQCE3VTAT4HNQQ,Essence (K=3),0.0,
AHI57FBXWZSC3JTQCE3VTAT4HNQQ,CF (ItemKNN),0.0,
AHIF5HZGSEWZJKQNLCOKGUATDF7Q,Essence (K=3),0.0,
AHIF5HZGSEWZJKQNLCOKGUATDF7Q,CF (ItemKNN),0.0,
AHIFMMUC22JSTO54NVEFJKGL4Q4A,Essence (K=3),0.0,
AHIFMMUC22JSTO54NVEFJKGL4Q4A,CF (ItemKNN),0.0,
AHIJ3OOZAUJFNUJS62VIBVZVVRUA,Essence (K=3),0.0,
AHIJ3OOZAUJFNUJS62VIBVZVVRUA,CF (ItemKNN),0.0,
AHIJEUUMT3WKONI35CDE645HB3DA,Essence (K=3),0.0,
AHIJEUUMT3WKONI35CDE645HB3DA,CF (ItemKNN),0.0,
AHILCBZMPDDT6ZH36BY6FX2VCKOQ,Essence (K=3),0.0,
AHILCBZMPDDT6ZH36BY6FX2VCKOQ,CF (ItemKNN),0.0,
AHILXQL5R5XDILZXBNAVJKCHENTQ,Essence (K=3),0.0,
AHILXQL5R5XDILZXBNAVJKCHENTQ,CF (ItemKNN),0.0,
AHIOIBDRNST344VQCCGSJTSAZL2A,Essence (K=3),0.0,
AHIOIBDRNST344VQCCGSJTSAZL2A,CF (ItemKNN),0.0,
AHIQGQL6GAKB6WNNSLJZEUVFAPCA,Essence (K=3),0.0,
AHIQGQL6GAKB6WNNSLJZEUVFAPCA,CF (ItemKNN),0.0,
AHIQVGPHCBR5MH3RIITKQ75KL77Q,Essence (K=3),0.0,
AHIQVGPHCBR5MH3RIITKQ75KL77Q,CF (ItemKNN),0.0,
AHIRTEXYDINKP4DT3CGOQIFLKQJQ,Essence (K=3),0.0,
AHIRTEXYDINKP4DT3CGOQIFLKQJQ,CF (ItemKNN),0.0,
AHIRWKIA4JWTMPDXNI6ZTUCUQ5NA,Essence (K=3),0.0,
AHIRWKIA4JWTMPDXNI6ZTUCUQ5NA,CF (ItemKNN),0.0,
AHIUD4ASTIXKKM2CA3A72HXXBJNA,Essence (K=3),0.0,
AHIUD4ASTIXKKM2CA3A72HXXBJNA,CF (ItemKNN),0.0,
AHIVPVXLFHWZ76UQ3YTYXAAT4JDQ,Essence (K=3),0.0,
AHIVPVXLFHWZ76UQ3YTYXAAT4JDQ,CF (ItemKNN),0.0,
AHIWRGPY45DQ5FZ3OEBGGHYYFDBQ,Essence (K=3),0.0,
AHIWRGPY45DQ5FZ3OEBGGHYYFDBQ,CF (ItemKNN),0.0,
AHJ4QNNR4CSVJTARGV63HXQ7ECBA,Essence (K=3),0.0,
AHJ4QNNR4CSVJTARGV63HXQ7ECBA,CF (ItemKNN),0.0,
AHJESSK2XPBGMOFKLP5IKZ3QOH4Q,Essence (K=3),0.0,
AHJESSK2XPBGMOFKLP5IKZ3QOH4Q,CF (ItemKNN),0.0,
AHJETUBRCQ3U4CBL5MXYARLVJ5KA,Essence (K=3),0.0,
AHJETUBRCQ3U4CBL5MXYARLVJ5KA,CF (ItemKNN),0.0,
AHJGWPATO2HVXXOWYVZR7HUFAKDQ,Essence (K=3),0.0,
AHJGWPATO2HVXXOWYVZR7HUFAKDQ,CF (ItemKNN),0.0,
AHJGYZY3APTF23QWCDSM66CQCPZA,Essence (K=3),0.0,
AHJGYZY3APTF23QWCDSM66CQCPZA,CF (ItemKNN),0.0,
AHJK3FGLVYOU2BIOY44JE2BMSOAQ,Essence (K=3),0.0,
AHJK3FGLVYOU2BIOY44JE2BMSOAQ,CF (ItemKNN),0.0,
AHJLJY6D7TTL3QSMN4TFAJJSAGUA,Essence (K=3),0.0,
AHJLJY6D7TTL3QSMN4TFAJJSAGUA,CF (ItemKNN),0.0,
AHJN6ADBXVTCSCTIPC4WXJFTYIRQ,Essence (K=3),0.0,
AHJN6ADBXVTCSCTIPC4WXJFTYIRQ,CF (ItemKNN),0.0,
AHJRQ62HQBVA3MMCU3EPZVCMSRAQ,Essence (K=3),0.0,
AHJRQ62HQBVA3MMCU3EPZVCMSRAQ,CF (ItemKNN),0.0,
AHJUCN3APUY6MTUCTFXKSVV3556A,Essence (K=3),0.0,
AHJUCN3APUY6MTUCTFXKSVV3556A,CF (ItemKNN),0.0,
AHJV6Q32BEVYOLMEWWDQVHWXK6KQ,Essence (K=3),0.0,
AHJV6Q32BEVYOLMEWWDQVHWXK6KQ,CF (ItemKNN),0.0,
AHJZLZSJYR62FOUM2QO4CYHLMQNA,Essence (K=3),0.0,
AHJZLZSJYR62FOUM2QO4CYHLMQNA,CF (ItemKNN),0.0,
AHK2HFL2O6XQAYQGN5JKL7PP3C3Q,Essence (K=3),0.0,
AHK2HFL2O6XQAYQGN5JKL7PP3C3Q,CF (ItemKNN),0.0,
AHK34FRI3IXS3TKBW7N7KLJGUCNQ,Essence (K=3),0.0,
AHK34FRI3IXS3TKBW7N7KLJGUCNQ,CF (ItemKNN),0.0,
AHK5SGHSRFPRJBFW7FU6V5LYU64Q,Essence (K=3),0.0,
AHK5SGHSRFPRJBFW7FU6V5LYU64Q,CF (ItemKNN),0.0,
AHKAZNWK7KEIIWG2W65ZYU2ZUITA,Essence (K=3),0.0,
AHKAZNWK7KEIIWG2W65ZYU2ZUITA,CF (ItemKNN),0.0,
AHKIJ4LXI6GTDE5GXHT2IG7KZNGQ,Essence (K=3),0.0,
AHKIJ4LXI6GTDE5GXHT2IG7KZNGQ,CF (ItemKNN),0.0,
AHKITCQRKCZWF6O5WKSH6FRB2M6Q,Essence (K=3),0.125,
AHKITCQRKCZWF6O5WKSH6FRB2M6Q,CF (ItemKNN),0.0,
AHKKZAJYUXGXJSHCDKUL32FSODBA,Essence (K=3),0.0,
AHKKZAJYUXGXJSHCDKUL32FSODBA,CF (ItemKNN),0.0,
AHKNO5KU26W4HS2EPCIMPWZ5YXRQ,Essence (K=3),0.0,
AHKNO5KU26W4HS2EPCIMPWZ5YXRQ,CF (ItemKNN),0.0,
AHKQI5DHL4DCAKLYWF4C7KKP4W2Q,Essence (K=3),0.0,
AHKQI5DHL4DCAKLYWF4C7KKP4W2Q,CF (ItemKNN),0.0,
AHKUVDQJZUWZ5P4PCSJZGQYIDQNA,Essence (K=3),0.0,
AHKUVDQJZUWZ5P4PCSJZGQYIDQNA,CF (ItemKNN),0.0,
AHKWAW7SXIBUAWOM2EA3LQHMMG2A,Essence (K=3),0.16666666666666666,
AHKWAW7SXIBUAWOM2EA3LQHMMG2A,CF (ItemKNN),0.0,
AHKYXV7JN2UO3QERHEGKW775HIQA,Essence (K=3),0.0,
AHKYXV7JN2UO3QERHEGKW775HIQA,CF (ItemKNN),0.0,
AHL3PEI32DHUY2CKIYE6G3662M6A,Essence (K=3),0.0,
AHL3PEI32DHUY2CKIYE6G3662M6A,CF (ItemKNN),0.0,
AHL6GOIWDTTV25AODOVLUHXGK5UA,Essence (K=3),0.0,
AHL6GOIWDTTV25AODOVLUHXGK5UA,CF (ItemKNN),0.0,
AHL6T2DFXK5RJVTRAPLDHV4WGXEQ,Essence (K=3),0.0,
AHL6T2DFXK5RJVTRAPLDHV4WGXEQ,CF (ItemKNN),0.0,
AHLALNC7WGCMQ3ZU7VM2WX5M2NLQ,Essence (K=3),0.0,
AHLALNC7WGCMQ3ZU7VM2WX5M2NLQ,CF (ItemKNN),0.0,
AHLAVEDOCCOQJFFLE7DOC7G7USPQ,Essence (K=3),0.0,
AHLAVEDOCCOQJFFLE7DOC7G7USPQ,CF (ItemKNN),0.0,
AHLDFQ6XMNOCSFS7ULOPJ4LEB5WQ,Essence (K=3),0.0,
AHLDFQ6XMNOCSFS7ULOPJ4LEB5WQ,CF (ItemKNN),0.0,
AHLEIZP4DAP2IWRSS2LVARIQ3PBQ,Essence (K=3),0.0,
AHLEIZP4DAP2IWRSS2LVARIQ3PBQ,CF (ItemKNN),0.0,
AHLFXRTP4HGQIH7XW5IZ5KMQIXGA,Essence (K=3),0.0,
AHLFXRTP4HGQIH7XW5IZ5KMQIXGA,CF (ItemKNN),0.0,
AHLLSVTTSQ4BELN5KCOUTXUIYHHA,Essence (K=3),0.0,
AHLLSVTTSQ4BELN5KCOUTXUIYHHA,CF (ItemKNN),0.0,
AHLNW6DYCFEI6XX5INWEOEK2SJZA,Essence (K=3),0.0,
AHLNW6DYCFEI6XX5INWEOEK2SJZA,CF (ItemKNN),0.0,
AHLPFBPY5TW77NKF5PRR2YCCWD3A,Essence (K=3),0.0,
AHLPFBPY5TW77NKF5PRR2YCCWD3A,CF (ItemKNN),0.0,
AHLPVQA2N54QFHXF6Y4V2TDYXV6Q,Essence (K=3),0.0,
AHLPVQA2N54QFHXF6Y4V2TDYXV6Q,CF (ItemKNN),0.0,
AHLQU36RFFABP5KHRWUWJKGTTH5A,Essence (K=3),0.0,
AHLQU36RFFABP5KHRWUWJKGTTH5A,CF (ItemKNN),0.0,
AHLRMQKR4DY4ZPHJVDAQMGCSRFGQ,Essence (K=3),0.0,
AHLRMQKR4DY4ZPHJVDAQMGCSRFGQ,CF (ItemKNN),0.0,
AHLSNLTZK6EATUSJZPL5K2FJHNFA,Essence (K=3),0.0,
AHLSNLTZK6EATUSJZPL5K2FJHNFA,CF (ItemKNN),0.0,
AHLT6VC2YEASH5M6MKB2CBDSUHPQ,Essence (K=3),0.0,
AHLT6VC2YEASH5M6MKB2CBDSUHPQ,CF (ItemKNN),0.0,
AHLWQQB3V7RBFOTIHWDR4T7XMDXA,Essence (K=3),0.0,
AHLWQQB3V7RBFOTIHWDR4T7XMDXA,CF (ItemKNN),0.0,
AHM2E3X72ZORE62AFX5ONQNGDWWA,Essence (K=3),0.0,
AHM2E3X72ZORE62AFX5ONQNGDWWA,CF (ItemKNN),0.0,
AHM2KGZMLINHQ2BXPP7AE52C4PAA,Essence (K=3),0.0,
AHM2KGZMLINHQ2BXPP7AE52C4PAA,CF (ItemKNN),0.0,
AHM5ZNS25TY5TGW7R3VM2RBNKE6Q,Essence (K=3),0.0,
AHM5ZNS25TY5TGW7R3VM2RBNKE6Q,CF (ItemKNN),0.0,
AHM6Q3656KXPYGTKJLYL4J2N55MA,Essence (K=3),0.0,
AHM6Q3656KXPYGTKJLYL4J2N55MA,CF (ItemKNN),0.0,
AHMJNZHZ5EYZH7WVHIUBGI23UP2Q,Essence (K=3),0.0,
AHMJNZHZ5EYZH7WVHIUBGI23UP2Q,CF (ItemKNN),0.0,
AHMKCCGYEEAOVDDD2CID5F4CXGLQ,Essence (K=3),0.0,
AHMKCCGYEEAOVDDD2CID5F4CXGLQ,CF (ItemKNN),0.0,
AHMQE4CUBESTD62NMJD3PC3BFQYQ,Essence (K=3),0.0,
AHMQE4CUBESTD62NMJD3PC3BFQYQ,CF (ItemKNN),0.0,
AHN5QP7YL3S2AQPJLVXPIIFJZKMA,Essence (K=3),0.0,
AHN5QP7YL3S2AQPJLVXPIIFJZKMA,CF (ItemKNN),0.0,
AHN665XTQDKQVRNM67SCZTMX3BXQ,Essence (K=3),0.0,
AHN665XTQDKQVRNM67SCZTMX3BXQ,CF (ItemKNN),0.0,
AHNAZOJFPKO2OOH6HT7QAGNEBI2Q,Essence (K=3),0.0,
AHNAZOJFPKO2OOH6HT7QAGNEBI2Q,CF (ItemKNN),0.0,
AHNCVWGN3T4CU7E2MYKPMJ5ZRRGQ,Essence (K=3),0.0,
AHNCVWGN3T4CU7E2MYKPMJ5ZRRGQ,CF (ItemKNN),0.0,
AHNDLLLTAJJS2FEUGLTNSH6TXHXQ,Essence (K=3),0.0,
AHNDLLLTAJJS2FEUGLTNSH6TXHXQ,CF (ItemKNN),0.0,
AHNL4SK35JO2GU3D3RMNKIE2YRLQ,Essence (K=3),0.3333333333333333,
AHNL4SK35JO2GU3D3RMNKIE2YRLQ,CF (ItemKNN),0.0,
AHNQO4ZQSLGCDHULGXOONGQJXWDQ,Essence (K=3),0.0,
AHNQO4ZQSLGCDHULGXOONGQJXWDQ,CF (ItemKNN),0.0,
AHNUQU4SFS6TCQICMJP6J2INRCNQ,Essence (K=3),0.0,
AHNUQU4SFS6TCQICMJP6J2INRCNQ,CF (ItemKNN),0.0,
AHNVE4FLDBJY7EB6J3JET7ZBE2JA,Essence (K=3),0.0,
AHNVE4FLDBJY7EB6J3JET7ZBE2JA,CF (ItemKNN),0.0,
AHOAIYXI3DQESGG7UE7KEBHAIBWA,Essence (K=3),0.0,
AHOAIYXI3DQESGG7UE7KEBHAIBWA,CF (ItemKNN),0.0,
AHOHMETLXKVGD7PIBJ7GFG2LYZOA,Essence (K=3),0.0,
AHOHMETLXKVGD7PIBJ7GFG2LYZOA,CF (ItemKNN),0.0,
AHOIERADN5IACWTQRW2ZGUKCXXOA,Essence (K=3),0.0,
AHOIERADN5IACWTQRW2ZGUKCXXOA,CF (ItemKNN),0.0,
AHOK53NP457EW3K3CL7TSEFZTPMA,Essence (K=3),0.0,
AHOK53NP457EW3K3CL7TSEFZTPMA,CF (ItemKNN),0.0,
AHOURVP3V4HNO3R5LNH5T2S4NHJQ,Essence (K=3),0.0,
AHOURVP3V4HNO3R5LNH5T2S4NHJQ,CF (ItemKNN),0.0,
AHOY46LP7JHU6XIG2BIFODERF2OA,Essence (K=3),0.0,
AHOY46LP7JHU6XIG2BIFODERF2OA,CF (ItemKNN),0.0,
AHOZDFOCSXPNFDP5KZPQA6G5ZFEQ,Essence (K=3),0.0,
AHOZDFOCSXPNFDP5KZPQA6G5ZFEQ,CF (ItemKNN),0.0,
AHP6GV5BUYKMTM3TZ5VBMTSRHGLQ,Essence (K=3),0.0,
AHP6GV5BUYKMTM3TZ5VBMTSRHGLQ,CF (ItemKNN),0.0,
AHPADE4GXIL27RNENBLDDZNYML5A,Essence (K=3),0.0,
AHPADE4GXIL27RNENBLDDZNYML5A,CF (ItemKNN),0.0,
AHPFHP43AXWRYZZ4HPNCW7I7J3ZQ,Essence (K=3),0.0,
AHPFHP43AXWRYZZ4HPNCW7I7J3ZQ,CF (ItemKNN),0.0,
AHPG65LKS3QKRWDUWAKZNLEK5RZQ,Essence (K=3),0.0,
AHPG65LKS3QKRWDUWAKZNLEK5RZQ,CF (ItemKNN),0.0,
AHPHB42X5G2Q4BIDEAB5PGRQBNHQ,Essence (K=3),0.0,
AHPHB42X5G2Q4BIDEAB5PGRQBNHQ,CF (ItemKNN),0.0,
AHPHVQQS4HHPCKFBOGTOYQ3G46SA,Essence (K=3),0.0,
AHPHVQQS4HHPCKFBOGTOYQ3G46SA,CF (ItemKNN),0.0,
AHPOVOFCT7EFFHI7HGU5QQTWGN4A,Essence (K=3),0.0,
AHPOVOFCT7EFFHI7HGU5QQTWGN4A,CF (ItemKNN),0.0,
AHPT4UW32VRA6UF4PSPLNMGG3NTQ,Essence (K=3),0.0,
AHPT4UW32VRA6UF4PSPLNMGG3NTQ,CF (ItemKNN),0.0,
AHPUFPZBLT5FNKXNNNMGMSE4O72A,Essence (K=3),0.25,
AHPUFPZBLT5FNKXNNNMGMSE4O72A,CF (ItemKNN),0.0,
AHPUPAZYHWFP2OAONBT6UDRSM6FQ,Essence (K=3),0.0,
AHPUPAZYHWFP2OAONBT6UDRSM6FQ,CF (ItemKNN),0.0,
AHPYP6L4SFNFTW5MU3LHUR6VFQVQ,Essence (K=3),0.0,
AHPYP6L4SFNFTW5MU3LHUR6VFQVQ,CF (ItemKNN),0.0,
AHPZ6VMNE7YJQ67RVOX4XPAPUFWQ,Essence (K=3),0.0,
AHPZ6VMNE7YJQ67RVOX4XPAPUFWQ,CF (ItemKNN),0.0,
AHQ2B7J6O63XJU6D7PGOS3LNEONQ,Essence (K=3),0.0,
AHQ2B7J6O63XJU6D7PGOS3LNEONQ,CF (ItemKNN),0.0,
AHQ3D2NSTAUAXJ4WMYZHEMR4SM5Q,Essence (K=3),0.0,
AHQ3D2NSTAUAXJ4WMYZHEMR4SM5Q,CF (ItemKNN),0.0,
AHQ6JUW2JR4E4SATH7RQL73YYRVQ,Essence (K=3),0.0,
AHQ6JUW2JR4E4SATH7RQL73YYRVQ,CF (ItemKNN),0.0,
AHQ7D2BQLS42WTCZR32QWG3VRFCA,Essence (K=3),0.0,
AHQ7D2BQLS42WTCZR32QWG3VRFCA,CF (ItemKNN),0.0,
AHQ7NMNTQCQCYZSLFBA3YKSKFZRA,Essence (K=3),0.0,
AHQ7NMNTQCQCYZSLFBA3YKSKFZRA,CF (ItemKNN),0.0,
AHQCRSAU63LRJRMGTV2ZYJJZ54KA,Essence (K=3),0.0,
AHQCRSAU63LRJRMGTV2ZYJJZ54KA,CF (ItemKNN),0.0,
AHQDGG24AT6SLAPGE3MUIZNWW6YQ,Essence (K=3),0.0,
AHQDGG24AT6SLAPGE3MUIZNWW6YQ,CF (ItemKNN),0.0,
AHQF2VXWQPUBKYR3RMJ6VDFDYUSQ,Essence (K=3),0.0,
AHQF2VXWQPUBKYR3RMJ6VDFDYUSQ,CF (ItemKNN),0.0,
AHQG4L3AEH4SXNJJDSYDRNE66LAQ,Essence (K=3),0.0,
AHQG4L3AEH4SXNJJDSYDRNE66LAQ,CF (ItemKNN),0.0,
AHQHOQ5OMLE3WTOGP5D3EWVFTZHQ,Essence (K=3),0.0,
AHQHOQ5OMLE3WTOGP5D3EWVFTZHQ,CF (ItemKNN),0.0,
AHQMWIPOOE5GHLHIFVEPYLY5R6UQ,Essence (K=3),0.0,
AHQMWIPOOE5GHLHIFVEPYLY5R6UQ,CF (ItemKNN),0.0,
AHQRPAPQ6XTQDYO4OSLPM6UWN6OQ,Essence (K=3),0.0,
AHQRPAPQ6XTQDYO4OSLPM6UWN6OQ,CF (ItemKNN),0.0,
AHQTH4NPZW2TOM2LTNCKOERIZEHA,Essence (K=3),0.0,
AHQTH4NPZW2TOM2LTNCKOERIZEHA,CF (ItemKNN),0.0,
AHQVQBSU55YEG4IOSFAR3VWMDC7A,Essence (K=3),0.0,
AHQVQBSU55YEG4IOSFAR3VWMDC7A,CF (ItemKNN),0.0,
AHQXH4F5YDWOD4FCSRDRBKFKCC7A,Essence (K=3),0.0,
AHQXH4F5YDWOD4FCSRDRBKFKCC7A,CF (ItemKNN),0.0,
AHQXVWLZDAUU7AHWWMRBQCPOQ5JQ,Essence (K=3),0.0,
AHQXVWLZDAUU7AHWWMRBQCPOQ5JQ,CF (ItemKNN),0.0,
AHR2DGO6W46QT6VNDWQSKRQHCXHQ,Essence (K=3),0.0,
AHR2DGO6W46QT6VNDWQSKRQHCXHQ,CF (ItemKNN),0.0,
AHR2PVBDNMZRXPN5ALKXVNPTWD7A,Essence (K=3),0.0,
AHR2PVBDNMZRXPN5ALKXVNPTWD7A,CF (ItemKNN),0.0,
AHR4MHDLPWKWZV6F64OBA5OBKF3A,Essence (K=3),0.0,
AHR4MHDLPWKWZV6F64OBA5OBKF3A,CF (ItemKNN),0.0,
AHR5UPHW7JTZY2QUTBQL77V6Q7JA,Essence (K=3),0.0,
AHR5UPHW7JTZY2QUTBQL77V6Q7JA,CF (ItemKNN),0.0,
AHREKRWM46C4QJNJBOU7B6SCUTNQ,Essence (K=3),0.0,
AHREKRWM46C4QJNJBOU7B6SCUTNQ,CF (ItemKNN),0.0,
AHRGVWNFDLZI4JITQGYLKPYACAJA,Essence (K=3),0.0,
AHRGVWNFDLZI4JITQGYLKPYACAJA,CF (ItemKNN),0.0,
AHRKX23GMWLK2HUPEKFIJYN3AUFQ,Essence (K=3),0.0,
AHRKX23GMWLK2HUPEKFIJYN3AUFQ,CF (ItemKNN),0.0,
AHRM4WTYRIO2IJNRLYX4O5BKLAVA,Essence (K=3),0.0,
AHRM4WTYRIO2IJNRLYX4O5BKLAVA,CF (ItemKNN),0.0,
AHRP3KIADBDKJX2PO2PP2WSUUDPA,Essence (K=3),0.0,
AHRP3KIADBDKJX2PO2PP2WSUUDPA,CF (ItemKNN),0.0,
AHRV7TCSEIPOZ6VB5V7Q6RRQGYAQ,Essence (K=3),0.0,
AHRV7TCSEIPOZ6VB5V7Q6RRQGYAQ,CF (ItemKNN),0.0,
AHRVZOJWMGJ5ESPUOLTYMSSTP34A,Essence (K=3),0.0,
AHRVZOJWMGJ5ESPUOLTYMSSTP34A,CF (ItemKNN),0.0,
AHRY6FI53O4GO7UHMFB2Z3AN5PQA,Essence (K=3),1.0,
AHRY6FI53O4GO7UHMFB2Z3AN5PQA,CF (ItemKNN),0.0,
AHRYI2GT66AGOTCDJBVXTFZUJGSA,Essence (K=3),0.0,
AHRYI2GT66AGOTCDJBVXTFZUJGSA,CF (ItemKNN),0.0,
AHS6522QITVGEU2JNWYQMGMBC6LA,Essence (K=3),0.0,
AHS6522QITVGEU2JNWYQMGMBC6LA,CF (ItemKNN),0.0,
AHSFEQ5ZMQPASWAKRXDXLYU3TCRA,Essence (K=3),0.0,
AHSFEQ5ZMQPASWAKRXDXLYU3TCRA,CF (ItemKNN),0.0,
AHSIMT3FPNR67R42XQXYATKX2OTA,Essence (K=3),0.0,
AHSIMT3FPNR67R42XQXYATKX2OTA,CF (ItemKNN),0.0,
AHSK5D7OBKCQCWSOWSLXDGA6ZCBQ,Essence (K=3),0.0,
AHSK5D7OBKCQCWSOWSLXDGA6ZCBQ,CF (ItemKNN),0.0,
AHSLHYUXUZ4BUGGS7LPYD6FMK4NA,Essence (K=3),0.0,
AHSLHYUXUZ4BUGGS7LPYD6FMK4NA,CF (ItemKNN),0.0,
AHSNHIPANYAMDTPAVUBV222AD6FA,Essence (K=3),0.0,
AHSNHIPANYAMDTPAVUBV222AD6FA,CF (ItemKNN),0.0,
AHSPBUK3GIEJ3AAVLVMJVEVBAYRA,Essence (K=3),0.0,
AHSPBUK3GIEJ3AAVLVMJVEVBAYRA,CF (ItemKNN),0.0,
AHSSSHWULOHRNPEMO6SJVGMAVZ4Q,Essence (K=3),0.0,
AHSSSHWULOHRNPEMO6SJVGMAVZ4Q,CF (ItemKNN),0.0,
AHSTHKGETO7CATP2RZ5UFO2CP2EA,Essence (K=3),0.0,
AHSTHKGETO7CATP2RZ5UFO2CP2EA,CF (ItemKNN),0.0,
AHSTYCG5Z3T3O7VMA4NDBWR5NDYA,Essence (K=3),0.0,
AHSTYCG5Z3T3O7VMA4NDBWR5NDYA,CF (ItemKNN),0.0,
AHSVZZJGFSJNZDZ4HTRDHNR2LXIQ,Essence (K=3),0.0,
AHSVZZJGFSJNZDZ4HTRDHNR2LXIQ,CF (ItemKNN),0.0,
AHSW6GTG7CTWRIIKSLMAHZ5UGV6Q,Essence (K=3),0.0,
AHSW6GTG7CTWRIIKSLMAHZ5UGV6Q,CF (ItemKNN),0.0,
AHSZ4XGGFVDUJZYYTDVOUDDWA4OQ,Essence (K=3),0.0,
AHSZ4XGGFVDUJZYYTDVOUDDWA4OQ,CF (ItemKNN),0.0,
AHT2X6NY6VY7KFQPGKKVNERQDVPA,Essence (K=3),0.0,
AHT2X6NY6VY7KFQPGKKVNERQDVPA,CF (ItemKNN),0.0,
AHT4FTOB4E63DCALDMJSKEIZR44Q,Essence (K=3),0.25,
AHT4FTOB4E63DCALDMJSKEIZR44Q,CF (ItemKNN),0.0,
AHTBKFGP4VB3G7MWNX5DTLUL5CUA,Essence (K=3),0.0,
AHTBKFGP4VB3G7MWNX5DTLUL5CUA,CF (ItemKNN),0.0,
AHTH6ZVBISSFHN2CYZCCNWU2LBJQ,Essence (K=3),0.0,
AHTH6ZVBISSFHN2CYZCCNWU2LBJQ,CF (ItemKNN),0.0,
AHTJE7UCULBTKD6SSNBQLPRRCQMQ,Essence (K=3),0.0,
AHTJE7UCULBTKD6SSNBQLPRRCQMQ,CF (ItemKNN),0.0,
AHTJX37C4WZYZA7LPXZNQHNRIUNA,Essence (K=3),0.0,
AHTJX37C4WZYZA7LPXZNQHNRIUNA,CF (ItemKNN),0.0,
AHTNFSP7L4UEOL3M2EJTV6MIRRAA,Essence (K=3),0.0,
AHTNFSP7L4UEOL3M2EJTV6MIRRAA,CF (ItemKNN),0.0,
AHTRI5Y4QU3P76VNLEN5TOCOIKAA,Essence (K=3),0.0,
AHTRI5Y4QU3P76VNLEN5TOCOIKAA,CF (ItemKNN),0.0,
AHTUKIGN3UIGSM73RW56PKRWPGMA,Essence (K=3),0.0,
AHTUKIGN3UIGSM73RW56PKRWPGMA,CF (ItemKNN),0.0,
AHTVG62EKINEGTA6S5RL7N5R6UZA,Essence (K=3),0.0,
AHTVG62EKINEGTA6S5RL7N5R6UZA,CF (ItemKNN),0.0,
AHU2HOKQW43TT75HTZTUGQKHELFQ,Essence (K=3),0.0,
AHU2HOKQW43TT75HTZTUGQKHELFQ,CF (ItemKNN),0.0,
AHU65DZGTJUSEA3QY2RKKZKHFAJA,Essence (K=3),0.0,
AHU65DZGTJUSEA3QY2RKKZKHFAJA,CF (ItemKNN),0.0,
AHU66OWAT65EGAQHZVJDZFBMUAEA,Essence (K=3),0.0,
AHU66OWAT65EGAQHZVJDZFBMUAEA,CF (ItemKNN),0.0,
AHUALHQGIUD6HTNZD5AUQK5UTZOQ,Essence (K=3),0.0,
AHUALHQGIUD6HTNZD5AUQK5UTZOQ,CF (ItemKNN),0.0,
AHUDTIODG5MYT7KGMOS4BJK7PSJA,Essence (K=3),0.16666666666666666,
AHUDTIODG5MYT7KGMOS4BJK7PSJA,CF (ItemKNN),0.0,
AHUFLGX7PDNTC7JAHTT72GWUCUWA,Essence (K=3),0.0,
AHUFLGX7PDNTC7JAHTT72GWUCUWA,CF (ItemKNN),0.0,
AHUFXHGENLW7LS5XVUHZWZALJTZA,Essence (K=3),0.0,
AHUFXHGENLW7LS5XVUHZWZALJTZA,CF (ItemKNN),0.0,
AHUH7DSHIROUQWXQ4F2RT5GKSD3A,Essence (K=3),0.0,
AHUH7DSHIROUQWXQ4F2RT5GKSD3A,CF (ItemKNN),0.0,
AHUIFUPJ7TX6C7UJTX7HB2FMLV2Q,Essence (K=3),0.0,
AHUIFUPJ7TX6C7UJTX7HB2FMLV2Q,CF (ItemKNN),0.0,
AHUJSMFSTWJYI34S5PWGWV2ABQUA,Essence (K=3),0.0,
AHUJSMFSTWJYI34S5PWGWV2ABQUA,CF (ItemKNN),0.0,
AHUK6FFS5MKUQO6TEKNZW5ESUO2Q,Essence (K=3),0.3333333333333333,
AHUK6FFS5MKUQO6TEKNZW5ESUO2Q,CF (ItemKNN),0.0,
AHUN3Y6S53NNWZSXNNEYDZ5ITD5A,Essence (K=3),0.0,
AHUN3Y6S53NNWZSXNNEYDZ5ITD5A,CF (ItemKNN),0.0,
AHURCZXJJQPLP7WNIKAS7R7CN7UA,Essence (K=3),0.0,
AHURCZXJJQPLP7WNIKAS7R7CN7UA,CF (ItemKNN),0.0,
AHURXXYNHZVWH3GOMYJJY4PQPJFQ,Essence (K=3),0.0,
AHURXXYNHZVWH3GOMYJJY4PQPJFQ,CF (ItemKNN),0.0,
AHUY6YMAXSR5Q4RLJSOU5X7SZTQQ,Essence (K=3),0.0,
AHUY6YMAXSR5Q4RLJSOU5X7SZTQQ,CF (ItemKNN),0.0,
AHV2VTH3DO4LWKLXB2BTYMLVLGYQ,Essence (K=3),0.0,
AHV2VTH3DO4LWKLXB2BTYMLVLGYQ,CF (ItemKNN),0.0,
AHVAMPJUUCJMHRGZS5WZO7VCWTPA,Essence (K=3),0.0,
AHVAMPJUUCJMHRGZS5WZO7VCWTPA,CF (ItemKNN),0.0,
AHVANMKTGZMW75SEYHVZJPKMCJHQ,Essence (K=3),0.0,
AHVANMKTGZMW75SEYHVZJPKMCJHQ,CF (ItemKNN),0.0,
AHVKYKLHG4J2PPDY2ILDSRRYNHOQ,Essence (K=3),0.25,
AHVKYKLHG4J2PPDY2ILDSRRYNHOQ,CF (ItemKNN),0.0,
AHVNPE7LYJL3EAUTJOKBIGJ6THTQ,Essence (K=3),0.5,
AHVNPE7LYJL3EAUTJOKBIGJ6THTQ,CF (ItemKNN),0.0,
AHVO5OFVJEHI2YWZYNWMWSGYLDAQ,Essence (K=3),0.0,
AHVO5OFVJEHI2YWZYNWMWSGYLDAQ,CF (ItemKNN),0.0,
AHVPENM4MEQY33LRSMOELN2MVKHQ,Essence (K=3),0.0,
AHVPENM4MEQY33LRSMOELN2MVKHQ,CF (ItemKNN),0.0,
AHVPT7GZUSBW53MJVATJBNTJKGZA,Essence (K=3),0.0,
AHVPT7GZUSBW53MJVATJBNTJKGZA,CF (ItemKNN),0.0,
AHVTH3GTWVKHO6UZKJMADAMEVPZQ,Essence (K=3),0.0,
AHVTH3GTWVKHO6UZKJMADAMEVPZQ,CF (ItemKNN),0.0,
AHVW5NEO4B7SI3E7KHNLEQDJQQ5Q,Essence (K=3),0.0,
AHVW5NEO4B7SI3E7KHNLEQDJQQ5Q,CF (ItemKNN),0.0,
AHW3TLGGNUINL2OB6K7SDIJM4BYA,Essence (K=3),0.0,
AHW3TLGGNUINL2OB6K7SDIJM4BYA,CF (ItemKNN),0.0,
AHW53GXECBG3IN2C5YZ7I7QEJH5Q,Essence (K=3),0.0,
AHW53GXECBG3IN2C5YZ7I7QEJH5Q,CF (ItemKNN),0.0,
AHW6BF7A57LSA2DSZSTLXSOTU32Q,Essence (K=3),0.0,
AHW6BF7A57LSA2DSZSTLXSOTU32Q,CF (ItemKNN),0.0,
AHWB4JND5BLAONVAEDILDP5LMX4Q,Essence (K=3),0.0,
AHWB4JND5BLAONVAEDILDP5LMX4Q,CF (ItemKNN),0.0,
AHWFVBDSKM7QTZXWUUX6Q4CZIWZA,Essence (K=3),0.0,
AHWFVBDSKM7QTZXWUUX6Q4CZIWZA,CF (ItemKNN),0.0,
AHWGMLTTRZRZGDNAATGFOJKVMK5Q,Essence (K=3),0.0,
AHWGMLTTRZRZGDNAATGFOJKVMK5Q,CF (ItemKNN),0.0,
AHWGXUH6HLZGKWEEYOGN64BUXDDA,Essence (K=3),0.0,
AHWGXUH6HLZGKWEEYOGN64BUXDDA,CF (ItemKNN),0.0,
AHWHSWZNYBBBFG6R3V5ANKVQAO6Q,Essence (K=3),0.0,
AHWHSWZNYBBBFG6R3V5ANKVQAO6Q,CF (ItemKNN),0.0,
AHWI6M5IAVGWQA7Q7ORSHK5JMYFA,Essence (K=3),0.0,
AHWI6M5IAVGWQA7Q7ORSHK5JMYFA,CF (ItemKNN),0.0,
AHWKMB3AOI6O3NKEJJTUWRVI64OQ,Essence (K=3),0.0,
AHWKMB3AOI6O3NKEJJTUWRVI64OQ,CF (ItemKNN),0.0,
AHWLU6AC7NSWMVVH24OL7IHENUTQ,Essence (K=3),0.0,
AHWLU6AC7NSWMVVH24OL7IHENUTQ,CF (ItemKNN),0.0,
AHWOAZAYYM2S3RJRNKWTPAEFIT2Q,Essence (K=3),0.0,
AHWOAZAYYM2S3RJRNKWTPAEFIT2Q,CF (ItemKNN),0.0,
AHWTHNC6SGRTE6RWRDP5COGXXITQ,Essence (K=3),0.25,
AHWTHNC6SGRTE6RWRDP5COGXXITQ,CF (ItemKNN),0.0,
AHWXRCOXX7EBDE5PHAOFTLE5BGLA,Essence (K=3),0.0,
AHWXRCOXX7EBDE5PHAOFTLE5BGLA,CF (ItemKNN),0.0,
AHWXRYZA5YJKYILXD6UR3QZT3QVQ,Essence (K=3),0.0,
AHWXRYZA5YJKYILXD6UR3QZT3QVQ,CF (ItemKNN),0.0,
AHWYJN7KO5UKNNG242UPQ6QQKYEA,Essence (K=3),0.0,
AHWYJN7KO5UKNNG242UPQ6QQKYEA,CF (ItemKNN),0.0,
AHWYPJ52IBKDEUNOTLOLIF42GS2A,Essence (K=3),0.0,
AHWYPJ52IBKDEUNOTLOLIF42GS2A,CF (ItemKNN),0.0,
AHWZETQZQCQGV4TJKEFXG67Q4A3A,Essence (K=3),0.0,
AHWZETQZQCQGV4TJKEFXG67Q4A3A,CF (ItemKNN),0.0,
AHX3M6ACUAD2JYYYFJBF2QO6BPNQ,Essence (K=3),0.0,
AHX3M6ACUAD2JYYYFJBF2QO6BPNQ,CF (ItemKNN),0.0,
AHX4DZ75CUPIIPFMFULH76YFGKMA,Essence (K=3),0.0,
AHX4DZ75CUPIIPFMFULH76YFGKMA,CF (ItemKNN),0.0,
AHX5NFYQKKFFJ3ODDWRHBRVF2NIQ,Essence (K=3),0.0,
AHX5NFYQKKFFJ3ODDWRHBRVF2NIQ,CF (ItemKNN),0.0,
AHX7CGMK37YC2BTDBVYRJJCM5S7A,Essence (K=3),0.0,
AHX7CGMK37YC2BTDBVYRJJCM5S7A,CF (ItemKNN),0.0,
AHXB4U7JJWIEGLK4CY5UVCY7LHUA,Essence (K=3),0.0,
AHXB4U7JJWIEGLK4CY5UVCY7LHUA,CF (ItemKNN),0.0,
AHXIXB5GU5AODB26FIJVGN76OU3A,Essence (K=3),0.0,
AHXIXB5GU5AODB26FIJVGN76OU3A,CF (ItemKNN),0.0,
AHXKOXDKOJCGLJISITIWZO3AZZ3Q,Essence (K=3),0.0,
AHXKOXDKOJCGLJISITIWZO3AZZ3Q,CF (ItemKNN),0.0,
AHXKZOGUU674KUYIBHHEW7N3CLRQ,Essence (K=3),0.0,
AHXKZOGUU674KUYIBHHEW7N3CLRQ,CF (ItemKNN),0.0,
AHXVJRI7Y33F4ZLH66NQ4FIUTMNA,Essence (K=3),0.0,
AHXVJRI7Y33F4ZLH66NQ4FIUTMNA,CF (ItemKNN),0.0,
AHY52B6X3PA6SNZ54OYIC3OTWY2A,Essence (K=3),0.0,
AHY52B6X3PA6SNZ54OYIC3OTWY2A,CF (ItemKNN),0.0,
AHY5AQIO27FYGCFNKJBL3TF2GD3A,Essence (K=3),0.0,
AHY5AQIO27FYGCFNKJBL3TF2GD3A,CF (ItemKNN),0.0,
AHY67IQXT5DTKIBOALRECK7DFROQ,Essence (K=3),0.0,
AHY67IQXT5DTKIBOALRECK7DFROQ,CF (ItemKNN),0.0,
AHYAGPWVMGOZY24LZFQ3UKOEFHMA,Essence (K=3),0.0,
AHYAGPWVMGOZY24LZFQ3UKOEFHMA,CF (ItemKNN),0.0,
AHYBR4CBAFGI67PUJBAYRZX25CBQ,Essence (K=3),0.0,
AHYBR4CBAFGI67PUJBAYRZX25CBQ,CF (ItemKNN),0.0,
AHYCJXMQZKCSWGOGZHBHUAMULAZQ,Essence (K=3),0.0,
AHYCJXMQZKCSWGOGZHBHUAMULAZQ,CF (ItemKNN),0.0,
AHYN6Q5FYHPXLI7G3FRRJ7C2TTXA,Essence (K=3),0.0,
AHYN6Q5FYHPXLI7G3FRRJ7C2TTXA,CF (ItemKNN),0.0,
AHYPZ7KDLCA6DMBJDVUCRNFGMLUQ,Essence (K=3),0.0,
AHYPZ7KDLCA6DMBJDVUCRNFGMLUQ,CF (ItemKNN),0.0,
AHYR4SLZFIWQGWJYVGHYYPLDCEQQ,Essence (K=3),0.0,
AHYR4SLZFIWQGWJYVGHYYPLDCEQQ,CF (ItemKNN),0.0,
AHYRJ3OE7KHYNWMSOTJLM4ULR77Q,Essence (K=3),0.0,
AHYRJ3OE7KHYNWMSOTJLM4ULR77Q,CF (ItemKNN),0.0,
AHYRP2WDSE7O3Y4NUUBHRWLC3I2Q,Essence (K=3),0.0,
AHYRP2WDSE7O3Y4NUUBHRWLC3I2Q,CF (ItemKNN),0.0,
AHYTX5ULPQZXZ2QD3OYPZW4IJCKA,Essence (K=3),0.0,
AHYTX5ULPQZXZ2QD3OYPZW4IJCKA,CF (ItemKNN),0.0,
AHYUGLGGO7PTTMBVT5XQ4RLJPOMQ,Essence (K=3),0.0,
AHYUGLGGO7PTTMBVT5XQ4RLJPOMQ,CF (ItemKNN),0.0,
AHYZUSXC6UD7O7OCOJZI6X2QP6BA,Essence (K=3),0.0,
AHYZUSXC6UD7O7OCOJZI6X2QP6BA,CF (ItemKNN),0.0,
AHZDCOFRHU6VDXLXZ6VA73ED4QSQ,Essence (K=3),0.0,
AHZDCOFRHU6VDXLXZ6VA73ED4QSQ,CF (ItemKNN),0.0,
AHZFB3BH5VENRYAFHBJPADWMKUNA,Essence (K=3),0.0,
AHZFB3BH5VENRYAFHBJPADWMKUNA,CF (ItemKNN),0.0,
AHZG66YIJOOWNIRABEC63BOHEEPQ,Essence (K=3),0.0,
AHZG66YIJOOWNIRABEC63BOHEEPQ,CF (ItemKNN),0.0,
AHZHAKSHUBW5LWZUIHUFMIW76HKA,Essence (K=3),0.0,
AHZHAKSHUBW5LWZUIHUFMIW76HKA,CF (ItemKNN),0.0,
AHZMVM7Q74J23RR2VBHYJRQCJLBA,Essence (K=3),0.0,
AHZMVM7Q74J23RR2VBHYJRQCJLBA,CF (ItemKNN),0.0,
AHZPIKP74RSTBYH3G2SRZEJRWEKA,Essence (K=3),0.0,
AHZPIKP74RSTBYH3G2SRZEJRWEKA,CF (ItemKNN),0.0,
AHZQPSHEYJODQN7UT4LCW6IY77VQ,Essence (K=3),0.0,
AHZQPSHEYJODQN7UT4LCW6IY77VQ,CF (ItemKNN),0.0,
AHZTBWAQJCFN3OK33YJPOWXRFPAQ,Essence (K=3),0.0,
AHZTBWAQJCFN3OK33YJPOWXRFPAQ,CF (ItemKNN),0.0,
AHZU3I6ZY2OETMYY7QPBRWWOQH2A,Essence (K=3),0.0,
AHZU3I6ZY2OETMYY7QPBRWWOQH2A,CF (ItemKNN),0.0,
