user_id,system,recall@10,long_tail_recall@10
67,MIND,0.04,0.0
92,MIND,0.0,nan
182,MIND,0.0,0.0
264,MIND,0.0,nan
335,MIND,0.0,nan
400,MIND,0.0,nan
419,MIND,0.0,nan
509,MIND,0.1428571428571428,nan
559,MIND,0.1818181818181818,nan
890,MIND,0.0,nan
953,MIND,0.0833333333333333,nan
1049,MIND,0.05,nan
1159,MIND,0.0,0.0
1264,MIND,0.0,nan
1310,MIND,0.0,nan
1510,MIND,0.25,nan
1523,MIND,0.0,nan
1568,MIND,0.0,nan
1649,MIND,0.0,0.0
1873,MIND,0.1333333333333333,nan
2002,MIND,0.0,nan
2063,MIND,0.0,nan
2226,MIND,0.037037037037037,nan
2260,MIND,0.2222222222222222,nan
2297,MIND,0.0,nan
2396,MIND,0.0714285714285714,nan
2501,MIND,0.0,nan
2810,MIND,0.0,nan
3146,MIND,0.04,nan
3161,MIND,0.5,nan
3171,MIND,0.0588235294117647,nan
3307,MIND,0.5454545454545454,nan
3367,MIND,0.0263157894736842,0.0
3413,MIND,0.0,nan
3461,MIND,0.0,nan
3561,MIND,0.0,0.0
3835,MIND,0.0,nan
3964,MIND,0.0,nan
4022,MIND,0.0,nan
4057,MIND,0.0,nan
4059,MIND,0.0714285714285714,nan
4157,MIND,0.0,nan
4186,MIND,0.0,0.0
4291,MIND,0.1363636363636363,nan
4359,MIND,0.0,0.0
4378,MIND,0.25,nan
4462,MIND,0.0,nan
4643,MIND,0.25,nan
4673,MIND,0.0,nan
4686,MIND,0.0,nan
4701,MIND,0.0,nan
4827,MIND,0.3333333333333333,nan
5025,MIND,0.0,nan
5087,MIND,0.0,0.0
5152,MIND,0.0,nan
5205,MIND,0.0,0.0
5295,MIND,0.0,0.0
5307,MIND,0.0,nan
5418,MIND,0.1111111111111111,0.0
5833,MIND,0.0,0.0
5856,MIND,0.0,nan
5961,MIND,0.0476190476190476,nan
6017,MIND,0.0,nan
6052,MIND,0.0909090909090909,nan
6221,MIND,0.0,nan
6296,MIND,0.064516129032258,nan
6409,MIND,0.0,nan
6463,MIND,0.0,nan
6483,MIND,0.0,nan
6488,MIND,0.0,nan
6544,MIND,0.0,nan
6547,MIND,0.0,nan
6673,MIND,0.1,nan
6798,MIND,0.0,0.0
7071,MIND,0.0,nan
7100,MIND,0.0,0.0
7170,MIND,0.0,0.0
7216,MIND,0.0,0.0
7378,MIND,0.0,nan
7408,MIND,0.0,nan
7462,MIND,0.05,nan
7489,MIND,0.0,nan
7525,MIND,0.0,nan
7675,MIND,0.0,0.0
7980,MIND,0.0,nan
8163,MIND,0.0,0.0
8174,MIND,0.0,0.0
8184,MIND,0.0769230769230769,nan
8231,MIND,0.0285714285714285,0.0
8232,MIND,0.0,nan
8268,MIND,0.0,0.0
8358,MIND,0.0,0.0
8397,MIND,0.0,0.0
8474,MIND,0.0,nan
8727,MIND,0.0,nan
8826,MIND,0.4285714285714285,nan
8830,MIND,0.0,nan
8882,MIND,0.0,nan
9118,MIND,0.0,nan
9146,MIND,0.0,0.0
9269,MIND,0.0,0.0
9312,MIND,0.2,nan
9441,MIND,0.0,nan
9533,MIND,0.0555555555555555,nan
9557,MIND,0.0,nan
9604,MIND,0.0952380952380952,nan
9736,MIND,0.0,nan
9839,MIND,0.0,0.0
9889,MIND,0.5,nan
9898,MIND,0.0,nan
9950,MIND,0.0303030303030303,0.0
10169,MIND,0.0,nan
10314,MIND,0.0,nan
10372,MIND,0.0,0.0
10450,MIND,0.0,nan
10477,MIND,0.0,0.0
10667,MIND,0.0,nan
10796,MIND,0.0714285714285714,nan
11007,MIND,0.0,nan
11097,MIND,0.0666666666666666,nan
11176,MIND,0.0,nan
11196,MIND,0.0,nan
11212,MIND,0.0,0.0
11245,MIND,0.0,0.0
11272,MIND,0.125,nan
11319,MIND,0.0,0.0
11355,MIND,0.0,nan
11376,MIND,0.0,nan
11415,MIND,0.0,nan
11439,MIND,0.0,nan
11576,MIND,0.0454545454545454,0.0
11599,MIND,0.032258064516129,0.0
11632,MIND,0.0333333333333333,0.0
11667,MIND,0.0,nan
11668,MIND,0.0526315789473684,nan
11866,MIND,0.0,nan
11912,MIND,0.0294117647058823,0.0
11981,MIND,0.0,nan
12077,MIND,0.0526315789473684,nan
12114,MIND,0.0,0.0
12234,MIND,0.0,0.0
12279,MIND,0.0909090909090909,nan
12306,MIND,0.2222222222222222,nan
12315,MIND,0.0,nan
12330,MIND,0.0,0.0
12428,MIND,0.4,nan
12670,MIND,0.0,nan
12867,MIND,0.0,0.0
12874,MIND,0.0,nan
12903,MIND,0.2,nan
13044,MIND,0.0,0.0
13093,MIND,0.0,nan
13122,MIND,0.1666666666666666,nan
13144,MIND,0.0,nan
13171,MIND,0.0,nan
13275,MIND,0.0,nan
13387,MIND,0.0,0.0
13402,MIND,0.0,nan
13728,MIND,0.0,nan
13855,MIND,0.0952380952380952,0.0
13912,MIND,0.0,nan
13981,MIND,0.1666666666666666,nan
13986,MIND,0.0,nan
14146,MIND,0.0,nan
14194,MIND,0.0,0.0
14373,MIND,0.0,nan
14720,MIND,0.0,nan
14748,MIND,0.0,0.0
14760,MIND,0.0625,nan
14843,MIND,0.0,0.0
14896,MIND,0.5,nan
14910,MIND,0.0,nan
14970,MIND,0.0285714285714285,0.0
15071,MIND,0.0,nan
15147,MIND,0.0,0.0
15202,MIND,0.2,nan
15230,MIND,0.0625,nan
15239,MIND,0.0,nan
15259,MIND,0.0,nan
15308,MIND,0.0,nan
15404,MIND,0.2,nan
15799,MIND,0.1666666666666666,nan
15834,MIND,0.0,nan
15868,MIND,0.0,nan
15872,MIND,0.0,nan
15980,MIND,0.0,nan
16059,MIND,0.0,nan
16064,MIND,0.0,nan
16164,MIND,0.0,nan
16195,MIND,0.0,nan
16211,MIND,0.025,0.0
16273,MIND,0.0,nan
16312,MIND,0.0,0.0
16385,MIND,0.0769230769230769,nan
16409,MIND,0.0,nan
16413,MIND,0.0,nan
16490,MIND,0.1052631578947368,nan
16643,MIND,0.0,nan
16692,MIND,0.0,nan
16740,MIND,0.2,nan
16759,MIND,0.0,nan
16791,MIND,0.2,nan
16918,MIND,0.0,nan
17085,MIND,0.1428571428571428,nan
17233,MIND,0.0,nan
17381,MIND,0.0,nan
17407,MIND,0.0,nan
17420,MIND,0.1428571428571428,nan
17494,MIND,0.0,nan
17660,MIND,0.0,nan
17705,MIND,0.04,nan
17713,MIND,0.0,0.0
17857,MIND,0.4166666666666667,nan
17915,MIND,0.0555555555555555,nan
18185,MIND,0.0,nan
18219,MIND,0.0,nan
18270,MIND,0.0588235294117647,0.0
18271,MIND,0.1111111111111111,nan
18530,MIND,0.0,nan
18647,MIND,0.0,nan
18694,MIND,0.0,0.0
18715,MIND,0.0357142857142857,nan
18717,MIND,0.375,nan
18753,MIND,0.0,nan
18820,MIND,0.25,nan
18851,MIND,0.0,nan
18864,MIND,0.2,nan
18900,MIND,0.1428571428571428,nan
18947,MIND,0.0,nan
18980,MIND,0.0,nan
19076,MIND,0.0,nan
19202,MIND,0.0588235294117647,nan
19366,MIND,0.0,nan
19544,MIND,0.0,0.0
19592,MIND,0.0,nan
19724,MIND,0.2,nan
19779,MIND,0.0588235294117647,nan
19787,MIND,0.0333333333333333,0.0
19836,MIND,0.0666666666666666,nan
19849,MIND,0.0,0.0
19966,MIND,0.0,0.0
20207,MIND,0.0,nan
20334,MIND,0.0476190476190476,0.0
20379,MIND,0.0,nan
20411,MIND,0.0,0.0
20560,MIND,0.0,nan
20587,MIND,0.125,nan
20630,MIND,0.0,nan
20635,MIND,0.0,0.0
20640,MIND,0.0,nan
20689,MIND,0.0,nan
20798,MIND,0.2,nan
20825,MIND,0.0,nan
20858,MIND,0.05,nan
20981,MIND,0.0,0.0
21387,MIND,0.1666666666666666,nan
21396,MIND,0.1428571428571428,nan
21419,MIND,0.2727272727272727,nan
21483,MIND,0.0,nan
21606,MIND,0.0,nan
21633,MIND,0.0,nan
21657,MIND,0.0,nan
21795,MIND,0.0,nan
21944,MIND,0.0,nan
22162,MIND,0.0,0.0
22169,MIND,0.0,nan
22317,MIND,0.0555555555555555,nan
22364,MIND,0.0,nan
22624,MIND,0.0714285714285714,nan
22629,MIND,0.0,nan
22822,MIND,0.1428571428571428,nan
22835,MIND,0.0,nan
22862,MIND,0.0,nan
22923,MIND,0.0,nan
23016,MIND,0.0,0.0
23266,MIND,0.0277777777777777,0.0
23374,MIND,0.0,nan
23420,MIND,0.0,0.0
23587,MIND,0.0333333333333333,nan
23670,MIND,0.0,nan
23825,MIND,0.0,nan
24115,MIND,0.0,nan
24145,MIND,0.0,nan
24226,MIND,0.0,nan
24307,MIND,0.0416666666666666,0.0
24365,MIND,0.0714285714285714,0.0
24375,MIND,0.0,nan
24400,MIND,0.1,nan
24687,MIND,0.0,0.0
24831,MIND,0.1176470588235294,nan
24896,MIND,0.0588235294117647,nan
24943,MIND,0.0769230769230769,nan
25014,MIND,0.0,nan
25018,MIND,0.0,nan
25019,MIND,0.0,nan
25044,MIND,0.0,0.0
25202,MIND,0.0,0.0
25278,MIND,0.0,nan
25306,MIND,0.0967741935483871,nan
25311,MIND,0.0689655172413793,nan
25351,MIND,0.0,nan
25459,MIND,0.0,nan
25465,MIND,0.0,nan
25642,MIND,0.0,nan
25729,MIND,0.1666666666666666,nan
25792,MIND,0.0,nan
25838,MIND,0.0,nan
25876,MIND,0.0,nan
25907,MIND,0.0,nan
25939,MIND,0.0,0.0
26064,MIND,0.0833333333333333,0.0
26072,MIND,0.0,nan
26147,MIND,0.0,nan
26198,MIND,0.0,nan
26339,MIND,0.0,nan
26465,MIND,0.0,nan
26472,MIND,0.0,0.0
26630,MIND,0.037037037037037,nan
26653,MIND,0.0,nan
26780,MIND,0.0,nan
26839,MIND,0.0,nan
26971,MIND,0.0,nan
26985,MIND,0.0625,0.0
27050,MIND,0.0,nan
27061,MIND,0.0,nan
27194,MIND,0.0,0.0
27256,MIND,0.0,nan
27267,MIND,0.0,0.0
27503,MIND,0.0,0.0
27800,MIND,0.0,nan
27850,MIND,0.1666666666666666,nan
28045,MIND,0.0,0.0
28494,MIND,0.0,0.0
28529,MIND,0.0,nan
28705,MIND,0.0,nan
28724,MIND,0.0,nan
28799,MIND,0.0,nan
28841,MIND,0.3076923076923077,nan
28881,MIND,0.0,nan
29027,MIND,0.0,nan
29269,MIND,0.0588235294117647,nan
29281,MIND,0.0,0.0
29398,MIND,0.375,nan
29412,MIND,0.1111111111111111,nan
29514,MIND,0.0,nan
29751,MIND,0.0,nan
29792,MIND,0.0,nan
29812,MIND,0.1538461538461538,nan
30092,MIND,0.1111111111111111,nan
30236,MIND,0.04,nan
30367,MIND,0.0,nan
30481,MIND,0.0,nan
30761,MIND,0.0384615384615384,0.0
30943,MIND,0.0,nan
31129,MIND,0.25,nan
31144,MIND,0.1428571428571428,nan
31181,MIND,0.0555555555555555,0.0
31188,MIND,0.0,nan
31204,MIND,0.0,nan
31236,MIND,0.125,nan
31264,MIND,0.0,0.0
31338,MIND,0.0,0.0
31421,MIND,0.0,nan
31429,MIND,0.0,nan
31468,MIND,0.0333333333333333,0.0
31537,MIND,0.0,nan
31593,MIND,0.0,nan
31678,MIND,0.0,nan
31835,MIND,0.0,0.0
31886,MIND,0.1666666666666666,nan
32298,MIND,0.0,0.0
32435,MIND,0.0,nan
32516,MIND,0.0,nan
32599,MIND,0.0,nan
32609,MIND,0.0588235294117647,nan
32650,MIND,0.0,nan
32663,MIND,0.3333333333333333,nan
32693,MIND,0.0263157894736842,0.0
32726,MIND,0.0,nan
32934,MIND,0.0526315789473684,nan
32993,MIND,0.1111111111111111,nan
33396,MIND,0.037037037037037,nan
33405,MIND,0.0,nan
33517,MIND,0.0,0.0
33946,MIND,0.0,nan
34106,MIND,0.0,nan
34405,MIND,0.0,nan
34498,MIND,0.0,0.0
34514,MIND,0.0,nan
34593,MIND,0.0,0.0
34650,MIND,0.0588235294117647,0.0
34659,MIND,0.0,nan
34761,MIND,0.0,nan
34788,MIND,0.0,nan
34836,MIND,0.0,nan
34837,MIND,0.1666666666666666,nan
34920,MIND,0.0,nan
35007,MIND,0.0,0.0
35096,MIND,0.0666666666666666,nan
35104,MIND,0.25,nan
35142,MIND,0.0,0.0
35190,MIND,0.0,nan
35377,MIND,0.0,nan
35546,MIND,0.0,nan
35689,MIND,0.0,nan
35760,MIND,0.0,nan
35806,MIND,0.0,0.0
35925,MIND,0.0,0.0
35958,MIND,0.0,nan
35986,MIND,0.0,nan
36036,MIND,0.03125,0.0
36051,MIND,0.1,nan
36082,MIND,0.05,nan
36176,MIND,0.0,nan
36210,MIND,0.0,0.0
36226,MIND,0.0,nan
36364,MIND,0.0,nan
36401,MIND,0.0,nan
36541,MIND,0.0,nan
36619,MIND,0.0,0.0
36661,MIND,0.1428571428571428,nan
36829,MIND,0.0,nan
36906,MIND,0.0833333333333333,nan
36914,MIND,0.0,0.0
36934,MIND,0.0,nan
37065,MIND,0.0,0.0
37076,MIND,0.0,nan
37355,MIND,0.0,nan
37356,MIND,0.0,nan
37371,MIND,0.0,nan
37418,MIND,0.0,nan
37586,MIND,0.0,nan
37590,MIND,0.1111111111111111,nan
37607,MIND,0.0454545454545454,0.0
37790,MIND,0.0,nan
37791,MIND,0.0,nan
37862,MIND,0.0,nan
37979,MIND,0.0,nan
38020,MIND,0.0,nan
38137,MIND,0.081081081081081,nan
38219,MIND,0.0,nan
38238,MIND,0.4,nan
38345,MIND,0.0666666666666666,nan
38368,MIND,0.0,nan
38413,MIND,0.1666666666666666,nan
38524,MIND,0.0,nan
38573,MIND,0.0,0.0
38577,MIND,0.0,nan
38587,MIND,0.0,nan
38641,MIND,0.0,nan
38787,MIND,0.0,nan
38833,MIND,0.0,0.0
38891,MIND,0.0,nan
38971,MIND,0.0,nan
39107,MIND,0.0666666666666666,0.0
39195,MIND,0.0454545454545454,nan
39220,MIND,0.0,nan
39238,MIND,0.25,nan
39307,MIND,0.0,nan
39316,MIND,0.0588235294117647,nan
39342,MIND,0.0,nan
39405,MIND,0.1428571428571428,nan
39482,MIND,0.0,0.0
39566,MIND,0.0,0.0
39572,MIND,0.25,nan
39645,MIND,0.0,nan
39895,MIND,0.0,nan
39921,MIND,0.0,nan
39972,MIND,0.1666666666666666,nan
40013,MIND,0.0,nan
40049,MIND,0.0,nan
40071,MIND,0.0,nan
40088,MIND,0.0,0.0
40121,MIND,0.0,nan
40136,MIND,0.1,nan
40219,MIND,0.4,nan
40225,MIND,0.0,0.0
40234,MIND,0.0,nan
40343,MIND,0.0,nan
40451,MIND,0.0434782608695652,nan
40517,MIND,0.0,nan
40618,MIND,0.0,nan
40624,MIND,0.2,nan
40730,MIND,0.0,0.0
40768,MIND,0.0,nan
40771,MIND,0.0,nan
40846,MIND,0.0,nan
40935,MIND,0.1666666666666666,nan
40989,MIND,0.0,nan
41042,MIND,0.0,nan
41088,MIND,0.0303030303030303,nan
41129,MIND,0.0,0.0
41168,MIND,0.0,0.0
41242,MIND,0.0,nan
41289,MIND,0.0303030303030303,0.0
41292,MIND,0.0,nan
41426,MIND,0.0,0.0
41448,MIND,0.1666666666666666,nan
41461,MIND,0.1428571428571428,nan
41723,MIND,0.0,nan
41846,MIND,0.0,nan
41948,MIND,0.0,nan
42094,MIND,0.0,0.0
42228,MIND,0.0,nan
42456,MIND,0.0,nan
42600,MIND,0.0,0.0
42758,MIND,0.0,nan
42864,MIND,0.2,0.0
42937,MIND,0.0526315789473684,0.0
43060,MIND,0.0,nan
43096,MIND,0.0,0.0
43198,MIND,0.1666666666666666,nan
43304,MIND,0.0,nan
43401,MIND,0.0,0.0
43474,MIND,0.0416666666666666,0.0
43475,MIND,0.0,nan
43486,MIND,0.0,0.0
43493,MIND,0.0,nan
43506,MIND,0.0,nan
43546,MIND,0.1,nan
43570,MIND,0.0,nan
43575,MIND,0.0,nan
43596,MIND,0.0,nan
43643,MIND,0.0,nan
43666,MIND,0.0,nan
43668,MIND,0.0,nan
43856,MIND,0.04,0.0
43859,MIND,0.0,nan
43884,MIND,0.0,nan
43894,MIND,0.2,nan
43910,MIND,0.0,nan
44005,MIND,0.0,nan
44110,MIND,0.0,nan
44283,MIND,0.0,nan
44356,MIND,0.0666666666666666,nan
44376,MIND,0.0,nan
44502,MIND,0.0769230769230769,nan
44638,MIND,0.0,nan
44728,MIND,0.0,nan
44746,MIND,0.0625,nan
44776,MIND,0.1428571428571428,nan
44839,MIND,0.0,nan
44916,MIND,0.0,nan
45068,MIND,0.0,nan
45092,MIND,0.0769230769230769,nan
45114,MIND,0.0,nan
45191,MIND,0.1428571428571428,nan
45326,MIND,0.0,nan
45393,MIND,0.25,nan
45400,MIND,0.0,0.0
45435,MIND,0.027027027027027,nan
45466,MIND,0.0,nan
45564,MIND,0.1176470588235294,nan
45667,MIND,0.0666666666666666,nan
45684,MIND,0.0,nan
45717,MIND,0.0,0.0
45722,MIND,0.0,0.0
45731,MIND,0.0,0.0
45770,MIND,0.125,0.0
45779,MIND,0.0909090909090909,nan
45789,MIND,0.0,0.0
45844,MIND,0.0714285714285714,nan
45878,MIND,0.0,0.0
45969,MIND,0.0,0.0
45985,MIND,0.1666666666666666,nan
46311,MIND,0.0277777777777777,0.0
46466,MIND,0.05,nan
46482,MIND,0.0,nan
46507,MIND,0.0,nan
46647,MIND,0.0,0.0
46737,MIND,0.0,nan
46838,MIND,0.3,nan
46885,MIND,0.0,0.0
46959,MIND,0.0666666666666666,nan
47033,MIND,0.0625,0.0
47164,MIND,0.05,nan
47242,MIND,0.1111111111111111,0.0
47283,MIND,0.0,nan
47346,MIND,0.0,nan
47357,MIND,0.0555555555555555,nan
47377,MIND,0.2,nan
47438,MIND,0.0,nan
47575,MIND,0.125,nan
47866,MIND,0.0,0.0
47967,MIND,0.6666666666666666,nan
48015,MIND,0.0285714285714285,0.0
48182,MIND,0.0,nan
48213,MIND,0.0714285714285714,nan
48231,MIND,0.1,nan
48353,MIND,0.25,nan
48488,MIND,0.0625,nan
48492,MIND,0.0,nan
48509,MIND,0.0,nan
48580,MIND,0.0,nan
48616,MIND,0.0,nan
48684,MIND,0.0,nan
48760,MIND,0.3333333333333333,nan
48866,MIND,0.1666666666666666,nan
49055,MIND,0.0909090909090909,nan
49076,MIND,0.0,0.0
49085,MIND,0.0,nan
49171,MIND,0.0,nan
49208,MIND,0.0869565217391304,nan
49220,MIND,0.1,nan
49304,MIND,0.1,nan
49360,MIND,0.037037037037037,nan
49469,MIND,0.25,nan
49569,MIND,0.0,nan
49654,MIND,0.2,nan
49664,MIND,0.1,nan
49678,MIND,0.025,0.0
49718,MIND,0.0,0.0
49939,MIND,0.0,nan
49944,MIND,0.0,nan
49977,MIND,0.0,0.0
50019,MIND,0.1111111111111111,nan
50149,MIND,0.1176470588235294,nan
50182,MIND,0.0,nan
50316,MIND,0.0,nan
50382,MIND,0.0,0.0
50526,MIND,0.0,0.0
50544,MIND,0.0,nan
50648,MIND,0.0476190476190476,nan
50756,MIND,0.0,0.0
50821,MIND,0.0384615384615384,nan
51011,MIND,0.1764705882352941,0.0
51064,MIND,0.0,nan
51115,MIND,0.0,0.0
51221,MIND,0.0,0.0
51259,MIND,0.2307692307692307,nan
51530,MIND,0.0,nan
51542,MIND,0.0384615384615384,nan
51579,MIND,0.2857142857142857,nan
51619,MIND,0.0666666666666666,nan
51676,MIND,0.0,nan
51704,MIND,0.2857142857142857,nan
51837,MIND,0.2,0.0
51849,MIND,0.0,nan
51952,MIND,0.0,nan
51983,MIND,0.0,nan
52027,MIND,0.0,nan
52130,MIND,0.0,nan
52278,MIND,0.0,nan
52540,MIND,0.0,nan
52756,MIND,0.0263157894736842,0.0
52863,MIND,0.2083333333333333,nan
52939,MIND,0.0833333333333333,nan
52949,MIND,0.0,0.0
52952,MIND,0.2,nan
53111,MIND,0.0714285714285714,nan
53264,MIND,0.0,nan
53283,MIND,0.0,0.0
53299,MIND,0.0,nan
53407,MIND,0.1666666666666666,nan
53597,MIND,0.0,0.0
53680,MIND,0.0,nan
53704,MIND,0.0,nan
53782,MIND,0.0555555555555555,nan
53887,MIND,0.0,0.0
53925,MIND,0.0,nan
53970,MIND,0.0,0.0
54171,MIND,0.0,0.0
54226,MIND,0.032258064516129,0.0
54259,MIND,0.0,nan
54320,MIND,0.0,nan
54336,MIND,0.0,nan
54379,MIND,0.0,nan
54515,MIND,0.0,nan
54548,MIND,0.0,nan
54590,MIND,0.0,nan
54749,MIND,0.0,0.0
54784,MIND,0.0,nan
54794,MIND,0.0,nan
55060,MIND,0.125,nan
55168,MIND,0.0,nan
55210,MIND,0.0,0.0
55254,MIND,0.0,nan
55285,MIND,0.0,nan
55422,MIND,0.0,nan
55524,MIND,0.0,nan
55599,MIND,0.0344827586206896,nan
55625,MIND,0.0,nan
55719,MIND,0.0,nan
55817,MIND,0.0,nan
55872,MIND,0.0,0.0
55885,MIND,0.0,nan
55898,MIND,0.0,nan
55952,MIND,0.2,nan
56042,MIND,0.1111111111111111,nan
56316,MIND,0.15,nan
56468,MIND,0.0512820512820512,nan
56505,MIND,0.0833333333333333,nan
56698,MIND,0.0,nan
56772,MIND,0.0344827586206896,0.0
56792,MIND,0.0,0.0
57032,MIND,0.0,nan
57167,MIND,0.0,nan
57336,MIND,0.0,nan
57446,MIND,0.125,nan
57493,MIND,0.0,nan
57692,MIND,0.0,nan
57795,MIND,0.0833333333333333,0.0
57802,MIND,0.0434782608695652,nan
57895,MIND,0.0,nan
58120,MIND,0.0357142857142857,nan
58223,MIND,0.0,0.0
58311,MIND,0.0,nan
58380,MIND,0.0,nan
58795,MIND,0.0,nan
58899,MIND,0.0,nan
58936,MIND,0.0625,nan
58986,MIND,0.0476190476190476,nan
58991,MIND,0.0,nan
59304,MIND,0.0,0.0
59430,MIND,0.0,0.0
59456,MIND,0.0,nan
59493,MIND,0.0,0.0
59522,MIND,0.0,nan
59601,MIND,0.2857142857142857,nan
59648,MIND,0.0,nan
59855,MIND,0.0,nan
59925,MIND,0.0,nan
59956,MIND,0.25,nan
59960,MIND,0.0,0.0
60121,MIND,0.2857142857142857,nan
60133,MIND,0.0952380952380952,0.0
60374,MIND,0.0,0.0
60580,MIND,0.0555555555555555,nan
60642,MIND,0.0,nan
60663,MIND,0.0,nan
60697,MIND,0.0,nan
60746,MIND,0.0,nan
60870,MIND,0.0769230769230769,nan
60923,MIND,0.0,nan
60930,MIND,0.0,0.0
61009,MIND,0.0,nan
61085,MIND,0.0,nan
61407,MIND,0.0,0.0
61484,MIND,0.0,nan
61641,MIND,0.0,nan
61725,MIND,0.0,nan
62036,MIND,0.0,nan
62256,MIND,0.0,nan
62336,MIND,0.0,nan
62339,MIND,0.0,nan
62359,MIND,0.0,nan
62362,MIND,0.0,0.0
62365,MIND,0.0,0.0
62416,MIND,0.0,nan
62495,MIND,0.25,nan
62509,MIND,0.0,nan
62529,MIND,0.0,nan
62568,MIND,0.0,nan
62569,MIND,0.2,nan
62672,MIND,0.0555555555555555,nan
62706,MIND,0.0,nan
62726,MIND,0.05,nan
62769,MIND,0.0454545454545454,nan
62907,MIND,0.0,nan
62984,MIND,0.0,nan
62994,MIND,0.0,nan
63086,MIND,0.0789473684210526,0.0
63145,MIND,0.0,0.0
63263,MIND,0.0,nan
63274,MIND,0.0,nan
63343,MIND,0.0344827586206896,nan
63484,MIND,0.0,nan
63909,MIND,0.0,0.0
63943,MIND,0.0,nan
64048,MIND,0.0,nan
64131,MIND,0.0833333333333333,nan
64200,MIND,0.0,0.0
64792,MIND,0.2,nan
64886,MIND,0.1666666666666666,nan
65062,MIND,0.0,nan
65085,MIND,0.0,nan
65089,MIND,0.0,0.0
65231,MIND,0.0952380952380952,nan
65360,MIND,0.0,0.0
65372,MIND,0.0,nan
65482,MIND,0.05,nan
65537,MIND,0.1,0.0
65624,MIND,0.0,nan
65688,MIND,0.0,0.0
65726,MIND,0.0,nan
65729,MIND,0.3333333333333333,nan
65861,MIND,0.0,0.0
65904,MIND,0.0,nan
65960,MIND,0.0,nan
65985,MIND,0.0833333333333333,nan
66193,MIND,0.03125,0.0
66209,MIND,0.0,nan
66230,MIND,0.5,nan
66436,MIND,0.0,nan
66499,MIND,0.0,nan
66522,MIND,0.0,0.0
66534,MIND,0.0,nan
66802,MIND,0.0,nan
66851,MIND,0.0,nan
66859,MIND,0.0,nan
66861,MIND,0.032258064516129,0.0
66961,MIND,0.0,0.0
67045,MIND,0.0833333333333333,nan
67110,MIND,0.0,nan
67130,MIND,0.04,0.0
67160,MIND,0.0,nan
67167,MIND,0.0,0.0
67172,MIND,0.0,0.0
67191,MIND,0.0,nan
67431,MIND,0.027027027027027,0.0
67552,MIND,0.0,nan
67603,MIND,0.0,nan
67696,MIND,0.0,0.0
67709,MIND,0.0,nan
67761,MIND,0.0476190476190476,nan
67803,MIND,0.0,nan
67960,MIND,0.0476190476190476,nan
68155,MIND,0.0,0.0
68224,MIND,0.0,nan
68226,MIND,0.0666666666666666,nan
68236,MIND,0.0,nan
68329,MIND,0.0,nan
68330,MIND,0.0,nan
68377,MIND,0.0,nan
68445,MIND,0.0909090909090909,nan
68913,MIND,0.0857142857142857,nan
68930,MIND,0.25,nan
68945,MIND,0.037037037037037,nan
68991,MIND,0.0476190476190476,nan
69083,MIND,0.0,nan
69096,MIND,0.0,nan
69145,MIND,0.0625,0.0
69327,MIND,0.8,nan
69372,MIND,0.0769230769230769,nan
69379,MIND,0.1666666666666666,nan
69421,MIND,0.125,nan
69495,MIND,0.0,nan
69559,MIND,0.1666666666666666,nan
69580,MIND,0.0,nan
69649,MIND,0.0,nan
69650,MIND,0.1,nan
69769,MIND,0.1,nan
69917,MIND,0.0,nan
69919,MIND,0.0,0.0
69979,MIND,0.0,nan
70184,MIND,0.0,nan
70345,MIND,0.0909090909090909,0.0
70458,MIND,0.0,nan
70468,MIND,0.2857142857142857,nan
70498,MIND,0.0,nan
70532,MIND,0.0,nan
70701,MIND,0.0,nan
70718,MIND,0.0,0.0
70846,MIND,0.0,0.0
70898,MIND,0.0,nan
70945,MIND,0.0,nan
71058,MIND,0.125,nan
71304,MIND,0.0,nan
71372,MIND,0.0,nan
71463,MIND,0.0,0.0
71492,MIND,0.0,0.0
71605,MIND,0.0,nan
71616,MIND,0.1428571428571428,nan
71656,MIND,0.0,nan
71664,MIND,0.05,nan
71691,MIND,0.0,nan
71743,MIND,0.4,nan
71968,MIND,0.0,0.0
72027,MIND,0.0526315789473684,0.0
72029,MIND,0.0,nan
72041,MIND,0.0,nan
72193,MIND,0.1,nan
72318,MIND,0.0,0.0
72390,MIND,0.0,nan
72416,MIND,0.1428571428571428,nan
72469,MIND,0.0,nan
72620,MIND,0.0,nan
72628,MIND,0.1428571428571428,nan
72636,MIND,0.0,nan
72679,MIND,0.0,0.0
72699,MIND,0.0,nan
72710,MIND,0.1428571428571428,nan
72772,MIND,0.0,nan
72795,MIND,0.0,nan
72860,MIND,0.0,0.0
72904,MIND,0.0,nan
72950,MIND,0.0,nan
73122,MIND,0.0263157894736842,0.0
73313,MIND,0.0,nan
73417,MIND,0.0416666666666666,nan
73671,MIND,0.0,0.0
73740,MIND,0.0,0.0
73847,MIND,0.0714285714285714,nan
73994,MIND,0.0,nan
74068,MIND,0.0,nan
74070,MIND,0.0,nan
74119,MIND,0.375,nan
74242,MIND,0.25,nan
74559,MIND,0.0,0.0
74604,MIND,0.0,nan
74619,MIND,0.0,nan
74623,MIND,0.0,0.0
74667,MIND,0.0,nan
74768,MIND,0.1111111111111111,nan
74771,MIND,0.0,nan
74780,MIND,0.0,0.0
74786,MIND,0.25,nan
74822,MIND,0.0434782608695652,nan
74874,MIND,0.0,0.0
74886,MIND,0.0,0.0
75062,MIND,0.04,0.0
75119,MIND,0.0,nan
75127,MIND,0.0,0.0
75143,MIND,0.25,nan
75192,MIND,0.0666666666666666,nan
75366,MIND,0.05,nan
75450,MIND,0.0,nan
75548,MIND,0.0,nan
75576,MIND,0.1851851851851851,nan
75606,MIND,0.0,nan
75698,MIND,0.0714285714285714,0.0
75834,MIND,0.25,nan
75882,MIND,0.0,nan
75919,MIND,0.0285714285714285,nan
75961,MIND,0.2,nan
76005,MIND,0.0,nan
76064,MIND,0.05,0.0
76344,MIND,0.1428571428571428,nan
76393,MIND,0.0,nan
76409,MIND,0.0,nan
76424,MIND,0.0,nan
76449,MIND,0.0,0.0
76470,MIND,0.0,0.0
76482,MIND,0.0,0.0
76519,MIND,0.0,nan
76633,MIND,0.4,nan
76820,MIND,0.0666666666666666,nan
76885,MIND,0.0769230769230769,nan
76978,MIND,0.0,nan
77023,MIND,0.1111111111111111,nan
77083,MIND,0.0,nan
77198,MIND,0.0476190476190476,0.0
77212,MIND,0.0,nan
77275,MIND,0.0,nan
77293,MIND,0.0285714285714285,nan
77342,MIND,0.1666666666666666,nan
77372,MIND,0.0,nan
77405,MIND,0.0,0.0
77550,MIND,0.0,nan
77670,MIND,0.0,nan
77743,MIND,0.0,0.0
77791,MIND,0.037037037037037,nan
77825,MIND,0.0,nan
77838,MIND,0.0263157894736842,0.0
77889,MIND,0.0,nan
78074,MIND,0.0,nan
78148,MIND,0.0,0.0
78173,MIND,0.0,nan
78316,MIND,0.0,nan
78428,MIND,0.0,nan
78457,MIND,0.0714285714285714,0.0
78583,MIND,0.0,nan
78748,MIND,0.0,nan
79177,MIND,0.125,nan
79262,MIND,0.2,nan
79370,MIND,0.0,0.0
79495,MIND,0.0,nan
79537,MIND,0.0,nan
79651,MIND,0.0,0.0
79679,MIND,0.1111111111111111,nan
79724,MIND,0.0769230769230769,nan
79740,MIND,0.0,0.0
79860,MIND,0.0769230769230769,nan
79895,MIND,0.0,nan
79896,MIND,0.0,0.0
79956,MIND,0.0,nan
80071,MIND,0.0,0.0
80217,MIND,0.5,nan
80288,MIND,0.0,nan
80331,MIND,0.1428571428571428,0.0
80381,MIND,0.0,nan
80387,MIND,0.0,nan
80391,MIND,0.0,nan
80514,MIND,0.2727272727272727,nan
80560,MIND,0.0344827586206896,nan
80656,MIND,0.0,nan
80757,MIND,0.0,nan
80768,MIND,0.0,nan
80905,MIND,0.0,nan
80911,MIND,0.0,0.0
81060,MIND,0.0,nan
81208,MIND,0.0,nan
81253,MIND,0.2,nan
81337,MIND,0.0,0.0
81351,MIND,0.0714285714285714,nan
81510,MIND,0.0625,nan
81530,MIND,0.0,0.0
81735,MIND,0.0,nan
81891,MIND,0.0,nan
82007,MIND,0.0,0.0
82024,MIND,0.1428571428571428,nan
82148,MIND,0.0,nan
82361,MIND,0.0,0.0
82381,MIND,0.0,nan
82579,MIND,0.1666666666666666,nan
82655,MIND,0.0666666666666666,0.0
82741,MIND,0.0,nan
83064,MIND,0.0769230769230769,nan
83161,MIND,0.0,nan
83169,MIND,0.0,0.0
83249,MIND,0.0,0.0
83259,MIND,0.0,nan
83439,MIND,0.1764705882352941,nan
83534,MIND,0.0,nan
83537,MIND,0.8333333333333334,nan
83549,MIND,0.0,nan
83561,MIND,0.027027027027027,nan
83627,MIND,0.0,0.0
83720,MIND,0.0,nan
83802,MIND,0.0,nan
83824,MIND,0.0,0.0
84092,MIND,0.0,nan
84133,MIND,0.1666666666666666,nan
84598,MIND,0.0,nan
84673,MIND,0.0,0.0
84810,MIND,0.0,nan
84991,MIND,0.0476190476190476,0.0
85142,MIND,0.0,nan
85211,MIND,0.2,nan
85297,MIND,0.05,nan
85382,MIND,0.1666666666666666,nan
85537,MIND,0.0,0.0
85769,MIND,0.0,nan
85842,MIND,0.0,nan
85971,MIND,0.0,nan
86006,MIND,0.0256410256410256,nan
86309,MIND,0.1,nan
86522,MIND,0.0,nan
86819,MIND,0.3636363636363636,nan
87023,MIND,0.0,0.0
87049,MIND,0.037037037037037,nan
87241,MIND,0.0294117647058823,0.0
87331,MIND,0.0416666666666666,0.0
87348,MIND,0.0,nan
87382,MIND,0.25,nan
87383,MIND,0.4,nan
87389,MIND,0.0,0.0
87642,MIND,0.0,0.0
87647,MIND,0.0,0.0
87801,MIND,0.0,nan
87877,MIND,0.0,nan
87880,MIND,0.0,nan
88163,MIND,0.0,nan
88224,MIND,0.0,nan
88227,MIND,0.0,nan
88236,MIND,0.0,nan
88283,MIND,0.0,nan
88346,MIND,0.0,nan
88448,MIND,0.0,nan
88461,MIND,0.0,0.0
88544,MIND,0.0,nan
88553,MIND,0.0,nan
88587,MIND,0.0,nan
88606,MIND,0.027027027027027,0.0
88666,MIND,0.0,nan
88704,MIND,0.0,nan
88712,MIND,0.0,nan
88724,MIND,0.0,nan
88728,MIND,0.0,nan
88730,MIND,0.0,nan
88824,MIND,0.0666666666666666,nan
88849,MIND,0.1818181818181818,nan
88857,MIND,0.0,nan
88922,MIND,0.0,0.0
88991,MIND,0.0,nan
89181,MIND,0.0,nan
89244,MIND,0.04,0.0
89248,MIND,0.0,nan
89351,MIND,0.0,0.0
89384,MIND,0.0,0.0
89556,MIND,0.0,0.0
89571,MIND,0.0,nan
89632,MIND,0.1111111111111111,0.0
89702,MIND,0.0,0.0
89740,MIND,0.0,nan
89823,MIND,0.0,0.0
89907,MIND,0.25,nan
90112,MIND,0.0689655172413793,nan
90125,MIND,0.0,0.0
90336,MIND,0.0,nan
90436,MIND,0.0,nan
90483,MIND,0.0,nan
90522,MIND,0.0,nan
90533,MIND,0.0,nan
90605,MIND,0.0,0.0
90677,MIND,0.375,nan
90745,MIND,0.0,0.0
90781,MIND,0.0,0.0
90793,MIND,0.05,nan
90803,MIND,0.0,nan
90835,MIND,0.0,nan
90880,MIND,0.0,nan
90989,MIND,0.0,nan
91011,MIND,0.0555555555555555,nan
91029,MIND,0.1666666666666666,nan
91100,MIND,0.0,nan
91179,MIND,0.0,nan
91211,MIND,0.0689655172413793,nan
91301,MIND,0.1666666666666666,nan
91405,MIND,0.3333333333333333,nan
91408,MIND,0.0,nan
91612,MIND,0.0,0.0
91676,MIND,0.0,nan
91691,MIND,0.0,nan
91798,MIND,0.0,nan
91941,MIND,0.0,0.0
92101,MIND,0.0476190476190476,0.0
92272,MIND,0.0,nan
92328,MIND,0.0,nan
92350,MIND,0.0,0.0
92358,MIND,0.0,0.0
92585,MIND,0.0,nan
92608,MIND,0.0,nan
92758,MIND,0.0,nan
92826,MIND,0.0,0.0
92963,MIND,0.0,nan
93077,MIND,0.0,nan
93288,MIND,0.0,nan
93317,MIND,0.0,nan
93532,MIND,0.0714285714285714,nan
93604,MIND,0.1538461538461538,nan
93622,MIND,0.05,nan
93690,MIND,0.4,nan
93716,MIND,0.125,nan
93911,MIND,0.0,nan
94034,MIND,0.0333333333333333,nan
94055,MIND,0.0,nan
94399,MIND,0.0,nan
94515,MIND,0.0,nan
94585,MIND,0.1428571428571428,nan
94674,MIND,0.0,nan
94676,MIND,0.0,0.0
94692,MIND,0.0,nan
94767,MIND,0.0555555555555555,0.0
94772,MIND,0.0,0.0
94833,MIND,0.0,nan
94909,MIND,0.0,nan
94965,MIND,0.0,0.0
95177,MIND,0.0,0.0
95215,MIND,0.0,nan
95260,MIND,0.05,nan
95316,MIND,0.0,nan
95368,MIND,0.0,nan
95379,MIND,0.0,nan
95483,MIND,0.1666666666666666,nan
95635,MIND,0.0,nan
95793,MIND,0.0,nan
95892,MIND,0.0,nan
95949,MIND,0.0,nan
95970,MIND,0.0,nan
96039,MIND,0.0666666666666666,nan
96052,MIND,0.0,nan
96119,MIND,0.0,nan
96122,MIND,0.0526315789473684,nan
96251,MIND,0.25,nan
96513,MIND,0.0,nan
96542,MIND,0.1176470588235294,nan
96575,MIND,0.0,nan
96614,MIND,0.0,nan
96728,MIND,0.0526315789473684,0.0
96747,MIND,0.1666666666666666,nan
96760,MIND,0.0277777777777777,0.0
96878,MIND,0.0,nan
96928,MIND,0.1333333333333333,0.0
96959,MIND,0.04,0.0
97021,MIND,0.0909090909090909,nan
97079,MIND,0.0,0.0
97314,MIND,0.0,nan
97349,MIND,0.1111111111111111,nan
97415,MIND,0.0,0.0
97626,MIND,0.0909090909090909,nan
97741,MIND,0.0,nan
97824,MIND,0.0,nan
97825,MIND,0.0,nan
97894,MIND,0.0,nan
97969,MIND,0.0,nan
98014,MIND,0.0,nan
98019,MIND,0.0588235294117647,nan
98061,MIND,0.0,nan
98090,MIND,0.0,nan
98134,MIND,0.0,nan
98200,MIND,0.0294117647058823,nan
98346,MIND,0.1111111111111111,nan
98501,MIND,0.0,nan
98579,MIND,0.125,nan
98754,MIND,0.0,nan
99018,MIND,0.05,nan
99225,MIND,0.0,nan
99297,MIND,0.1666666666666666,nan
99299,MIND,0.0,nan
99473,MIND,0.0,nan
99644,MIND,0.0,nan
99693,MIND,0.0,0.0
99709,MIND,0.0,0.0
99721,MIND,0.0,0.0
99754,MIND,0.0,nan
99768,MIND,0.0,nan
99845,MIND,0.0909090909090909,nan
99876,MIND,0.0,nan
100128,MIND,0.037037037037037,0.0
100143,MIND,0.0,nan
100172,MIND,0.0,nan
100240,MIND,0.0,0.0
100262,MIND,0.0,0.0
100334,MIND,0.4,nan
100381,MIND,0.5,nan
100538,MIND,0.0,0.0
100606,MIND,0.0,nan
100778,MIND,0.04,nan
101252,MIND,0.0,0.0
101271,MIND,0.0,0.0
101312,MIND,0.0625,0.0
101578,MIND,0.0555555555555555,nan
101747,MIND,0.0,nan
101762,MIND,0.0,nan
101884,MIND,0.0,0.0
101906,MIND,0.0,nan
101934,MIND,0.0,nan
101957,MIND,0.125,nan
102113,MIND,0.0,nan
102150,MIND,0.0,nan
102171,MIND,0.0,nan
102189,MIND,0.0,nan
102216,MIND,0.0,0.0
102369,MIND,0.0454545454545454,nan
102428,MIND,0.0,0.0
102514,MIND,0.0,nan
102533,MIND,0.0,nan
102817,MIND,0.0,0.0
102857,MIND,0.0,nan
102873,MIND,0.1538461538461538,nan
102890,MIND,0.0,0.0
103086,MIND,0.0,nan
103095,MIND,0.5,nan
103164,MIND,0.0625,nan
103200,MIND,0.0689655172413793,nan
103202,MIND,0.0,nan
103343,MIND,0.0769230769230769,nan
103400,MIND,0.1666666666666666,nan
103527,MIND,0.0,0.0
103580,MIND,0.0666666666666666,nan
103625,MIND,0.1666666666666666,nan
103794,MIND,0.0,0.0
103803,MIND,0.0714285714285714,0.0
104097,MIND,0.0,nan
104227,MIND,0.0,nan
104310,MIND,0.0,0.0
104318,MIND,0.0434782608695652,nan
104401,MIND,0.0,nan
104430,MIND,0.1875,nan
104502,MIND,0.0,0.0
104532,MIND,0.0,nan
104549,MIND,0.0,nan
104692,MIND,0.0,0.0
104775,MIND,0.037037037037037,nan
104869,MIND,0.4,nan
104904,MIND,0.0,0.0
104911,MIND,0.0,0.0
105015,MIND,0.0,nan
105076,MIND,0.0,nan
105078,MIND,0.0,nan
105150,MIND,0.0666666666666666,nan
105160,MIND,0.2857142857142857,nan
105250,MIND,0.0,nan
105402,MIND,0.0,0.0
105485,MIND,0.0,0.0
105524,MIND,0.0,0.0
105687,MIND,0.0952380952380952,nan
105702,MIND,0.0,0.0
106034,MIND,0.0,nan
106145,MIND,0.125,nan
106202,MIND,0.0,0.0
106244,MIND,0.2727272727272727,nan
106268,MIND,0.1666666666666666,nan
106461,MIND,0.0,nan
106478,MIND,0.1666666666666666,nan
106482,MIND,0.0,nan
106490,MIND,0.0,nan
106544,MIND,0.0714285714285714,nan
106748,MIND,0.0,nan
106845,MIND,0.25,nan
106850,MIND,0.125,nan
106851,MIND,0.1,nan
106901,MIND,0.4285714285714285,nan
106946,MIND,0.0,nan
107112,MIND,0.0,nan
107149,MIND,0.2222222222222222,nan
107196,MIND,0.0,nan
107214,MIND,0.0,0.0
107425,MIND,0.0,nan
107504,MIND,0.0,nan
107632,MIND,0.0,nan
107647,MIND,0.0,nan
107672,MIND,0.0,nan
107764,MIND,0.0,nan
107862,MIND,0.0,nan
108098,MIND,0.0,0.0
108154,MIND,0.0357142857142857,nan
108254,MIND,0.0,0.0
108359,MIND,0.0769230769230769,0.0
108382,MIND,0.0625,0.0
108412,MIND,0.0,nan
108499,MIND,0.0,nan
108529,MIND,0.0,nan
108544,MIND,0.0,0.0
108614,MIND,0.0,0.0
108735,MIND,0.0,nan
108746,MIND,0.0,nan
108785,MIND,0.0,nan
108844,MIND,0.025,nan
108961,MIND,0.0909090909090909,nan
108999,MIND,0.0769230769230769,nan
109044,MIND,0.0,nan
109111,MIND,0.5,nan
109163,MIND,0.0,0.0
109192,MIND,0.0,nan
109209,MIND,0.0,nan
109250,MIND,0.1052631578947368,nan
109373,MIND,0.0,nan
109682,MIND,0.0,nan
109688,MIND,0.0,nan
109694,MIND,0.0,nan
109805,MIND,0.0,0.0
109854,MIND,0.0,0.0
109912,MIND,0.0555555555555555,0.0
110015,MIND,0.0,nan
110033,MIND,0.0,nan
110107,MIND,0.0,nan
110158,MIND,0.0,nan
110189,MIND,0.0,0.0
110225,MIND,0.1111111111111111,nan
110235,MIND,0.1111111111111111,nan
110284,MIND,0.0,nan
110306,MIND,0.0,nan
110479,MIND,0.0,0.0
110577,MIND,0.125,0.0
110589,MIND,0.0,0.0
110660,MIND,0.0,0.0
110665,MIND,0.0,nan
110747,MIND,0.0,nan
110911,MIND,0.0,nan
110921,MIND,0.0,nan
110928,MIND,0.0,nan
110996,MIND,0.0,nan
111063,MIND,0.0714285714285714,nan
111132,MIND,0.1111111111111111,nan
111241,MIND,0.0,nan
111305,MIND,0.037037037037037,nan
111406,MIND,0.0,nan
111410,MIND,0.0,nan
111455,MIND,0.2,nan
111478,MIND,0.0714285714285714,nan
111700,MIND,0.0,nan
111759,MIND,0.0,nan
111885,MIND,0.0,0.0
111919,MIND,0.0,nan
111977,MIND,0.0,nan
112118,MIND,0.0,nan
112133,MIND,0.0,nan
112173,MIND,0.0,nan
112351,MIND,0.0,0.0
112425,MIND,0.0,0.0
112552,MIND,0.2,nan
112573,MIND,0.0,nan
112606,MIND,0.0,nan
112775,MIND,0.0909090909090909,nan
112794,MIND,0.0,0.0
112903,MIND,0.1111111111111111,nan
112964,MIND,0.0,0.0
113048,MIND,0.0,nan
113073,MIND,0.0,0.0
113093,MIND,0.0,nan
113183,MIND,0.0,0.0
113269,MIND,0.0,0.0
113376,MIND,0.5,nan
113452,MIND,0.0,0.0
113502,MIND,0.0,nan
113520,MIND,0.0,0.0
113524,MIND,0.375,nan
113572,MIND,0.05,nan
113573,MIND,0.0,0.0
113638,MIND,0.0,nan
113764,MIND,0.75,nan
113927,MIND,0.0,nan
114079,MIND,0.0,nan
114124,MIND,0.0,nan
114131,MIND,0.0,nan
114387,MIND,0.0,0.0
114462,MIND,0.0416666666666666,0.0
114540,MIND,0.0526315789473684,nan
114562,MIND,0.0,nan
114578,MIND,0.0,nan
114675,MIND,0.0416666666666666,nan
114677,MIND,0.0,nan
114711,MIND,0.0,nan
114728,MIND,0.4285714285714285,nan
114828,MIND,0.2857142857142857,nan
114846,MIND,0.0,nan
115004,MIND,0.0,nan
115035,MIND,0.0,nan
115078,MIND,0.0,0.0
115297,MIND,0.0,nan
115312,MIND,0.0,nan
115326,MIND,0.0,0.0
115334,MIND,0.0,nan
115411,MIND,0.0,nan
115585,MIND,0.0833333333333333,0.0
115603,MIND,0.0,nan
115693,MIND,0.0,0.0
115750,MIND,0.0476190476190476,nan
115859,MIND,0.1428571428571428,nan
115966,MIND,0.0,nan
115996,MIND,0.0416666666666666,0.0
116045,MIND,0.0,0.0
116173,MIND,0.0,nan
116269,MIND,0.0,nan
116331,MIND,0.0833333333333333,nan
116424,MIND,0.0,nan
116454,MIND,0.0,nan
116589,MIND,0.2,nan
116754,MIND,0.0,0.0
117086,MIND,0.0,nan
117291,MIND,0.0625,nan
117389,MIND,0.0,nan
117639,MIND,0.0,nan
117810,MIND,0.0,nan
117836,MIND,0.125,nan
117899,MIND,0.0555555555555555,nan
118066,MIND,0.2,nan
118113,MIND,0.0,nan
118183,MIND,0.0,nan
118184,MIND,0.027027027027027,0.0
118191,MIND,0.0555555555555555,nan
118241,MIND,0.0,nan
118336,MIND,0.0,nan
118362,MIND,0.1666666666666666,nan
118406,MIND,0.0,0.0
118418,MIND,0.0769230769230769,nan
118470,MIND,0.032258064516129,nan
118574,MIND,0.1,nan
118608,MIND,0.0,nan
118672,MIND,0.0,0.0
118804,MIND,0.0294117647058823,nan
118868,MIND,0.3333333333333333,nan
119023,MIND,0.0,0.0
119149,MIND,0.0,nan
119159,MIND,0.0,nan
119219,MIND,0.0,nan
119460,MIND,0.0952380952380952,0.0
119549,MIND,0.0384615384615384,0.0
119807,MIND,0.0,nan
119857,MIND,0.1538461538461538,nan
119944,MIND,0.05,0.0
119953,MIND,0.0666666666666666,nan
120054,MIND,0.0,nan
120083,MIND,0.0,nan
120171,MIND,0.0,nan
120255,MIND,0.08,0.0
120386,MIND,0.0,nan
120468,MIND,0.0,nan
120701,MIND,0.0588235294117647,nan
120821,MIND,0.25,nan
120836,MIND,0.0,0.0
120905,MIND,0.0,0.0
121020,MIND,0.0,nan
121054,MIND,0.0,nan
121133,MIND,0.0,0.0
121147,MIND,0.0,nan
121223,MIND,0.0,nan
121468,MIND,0.0,0.0
121713,MIND,0.0,nan
121797,MIND,0.0,nan
121891,MIND,0.0,0.0
121940,MIND,0.0526315789473684,nan
122009,MIND,0.0833333333333333,nan
122071,MIND,0.037037037037037,0.0
122094,MIND,0.0,0.0
122174,MIND,0.0,0.0
122216,MIND,0.0555555555555555,nan
122295,MIND,0.0833333333333333,0.0
122455,MIND,0.0256410256410256,nan
122459,MIND,0.25,nan
122509,MIND,0.125,nan
122541,MIND,0.0,nan
122662,MIND,0.0,0.0
122722,MIND,0.0,nan
122768,MIND,0.0,nan
122797,MIND,0.0,0.0
122835,MIND,0.0,nan
122915,MIND,0.0285714285714285,0.0
122921,MIND,0.0,nan
122998,MIND,0.0,0.0
123004,MIND,0.0,0.0
123035,MIND,0.25,nan
123168,MIND,0.0,nan
123179,MIND,0.0,nan
123184,MIND,0.0,nan
123257,MIND,0.0,nan
123413,MIND,0.0,nan
123482,MIND,0.0,nan
123494,MIND,0.0,0.0
123529,MIND,0.0,nan
123634,MIND,0.0,nan
123647,MIND,0.125,0.0
123674,MIND,0.0,0.0
123802,MIND,0.0,0.0
123914,MIND,0.0,nan
123929,MIND,0.0,nan
124020,MIND,0.0,nan
124032,MIND,0.0,0.0
124199,MIND,0.0,nan
124201,MIND,0.0,nan
124255,MIND,0.0,0.0
124287,MIND,0.0,nan
124367,MIND,0.25,nan
124394,MIND,0.1,nan
124677,MIND,0.0,nan
124781,MIND,0.0,nan
124872,MIND,0.1428571428571428,nan
124968,MIND,0.0,0.0
125001,MIND,0.0,nan
125028,MIND,0.0,nan
125049,MIND,0.1666666666666666,nan
125064,MIND,0.0,nan
125159,MIND,0.0,nan
125274,MIND,0.0,nan
125307,MIND,0.1538461538461538,nan
125360,MIND,0.0,nan
125403,MIND,0.0277777777777777,0.0
125424,MIND,0.0,0.0
125459,MIND,0.0,nan
125526,MIND,0.0,0.0
125677,MIND,0.0,nan
125724,MIND,0.0,nan
125859,MIND,0.2,nan
125892,MIND,0.0,nan
125895,MIND,0.0,0.0
126075,MIND,0.0,0.0
126167,MIND,0.0,nan
126308,MIND,0.0,nan
126339,MIND,0.0,nan
126357,MIND,0.0,nan
126549,MIND,0.0555555555555555,nan
126587,MIND,0.0,nan
126758,MIND,0.0,nan
126976,MIND,0.0,nan
126986,MIND,0.0,nan
127006,MIND,0.0,nan
127076,MIND,0.0,nan
127113,MIND,0.0,nan
127320,MIND,0.0,nan
127480,MIND,0.0,0.0
127508,MIND,0.2,nan
127514,MIND,0.0,nan
127557,MIND,0.0,nan
127831,MIND,0.0,nan
127848,MIND,0.1666666666666666,nan
127942,MIND,0.0,0.0
127959,MIND,0.0285714285714285,0.0
127991,MIND,0.0,nan
128231,MIND,0.0,nan
128416,MIND,0.0,0.0
128467,MIND,0.0,nan
128597,MIND,0.0,nan
128636,MIND,0.0714285714285714,nan
128750,MIND,0.0,nan
128867,MIND,0.0,nan
128954,MIND,0.05,nan
129037,MIND,0.0769230769230769,nan
129136,MIND,0.0,nan
129240,MIND,0.0,nan
129253,MIND,0.0,nan
129297,MIND,0.0,nan
129388,MIND,0.0,nan
129446,MIND,0.0,nan
129465,MIND,0.0625,0.0
129589,MIND,0.0,nan
129827,MIND,0.0,nan
129933,MIND,0.0,nan
129941,MIND,0.0,nan
130023,MIND,0.0,0.0
130166,MIND,0.0,nan
130215,MIND,0.5714285714285714,nan
130237,MIND,0.0,0.0
130253,MIND,0.0,nan
130307,MIND,0.0,0.0
130444,MIND,0.0,0.0
130709,MIND,0.0,0.0
130819,MIND,0.0,nan
130838,MIND,0.0333333333333333,0.0
130841,MIND,0.0,nan
130855,MIND,0.0,nan
131108,MIND,0.0,nan
131163,MIND,0.0,nan
131274,MIND,0.0,nan
131348,MIND,0.1428571428571428,nan
131445,MIND,0.25,nan
131447,MIND,0.2,nan
131558,MIND,0.0285714285714285,0.0
131695,MIND,0.0,nan
131774,MIND,0.0526315789473684,0.0
131832,MIND,0.0,nan
132102,MIND,0.0909090909090909,0.0
132135,MIND,0.0,0.0
132154,MIND,0.0,nan
132208,MIND,0.0,nan
132215,MIND,0.1428571428571428,nan
132277,MIND,0.0,nan
132351,MIND,0.0909090909090909,nan
132406,MIND,0.0,nan
132510,MIND,0.0,nan
132514,MIND,0.0,nan
132522,MIND,0.0,0.0
132557,MIND,0.0,nan
132608,MIND,0.0,0.0
132612,MIND,0.0,nan
132681,MIND,0.0,nan
132770,MIND,0.0,0.0
132801,MIND,0.0,nan
132992,MIND,0.0,nan
133212,MIND,0.125,nan
133215,MIND,0.1363636363636363,0.0
133272,MIND,0.0344827586206896,nan
133320,MIND,0.0,0.0
133677,MIND,0.2,nan
133789,MIND,0.0357142857142857,0.0
133909,MIND,0.0,nan
134070,MIND,0.0,nan
134161,MIND,0.0,nan
134250,MIND,0.5,nan
134464,MIND,0.0,nan
134605,MIND,0.0,nan
134818,MIND,0.0,nan
134821,MIND,0.0,nan
134853,MIND,0.0,nan
134965,MIND,0.25,nan
135028,MIND,0.0,0.0
135077,MIND,0.0,nan
135112,MIND,0.0,nan
135124,MIND,0.037037037037037,nan
135348,MIND,0.0,nan
135400,MIND,0.1666666666666666,nan
135406,MIND,0.0,0.0
135486,MIND,0.0,0.0
135522,MIND,0.0,0.0
135659,MIND,0.074074074074074,nan
135806,MIND,0.0,nan
136139,MIND,0.0333333333333333,0.0
136252,MIND,0.375,nan
136260,MIND,0.1666666666666666,nan
136364,MIND,0.0277777777777777,0.0
136430,MIND,0.0,nan
136445,MIND,0.0,nan
136471,MIND,0.0833333333333333,0.0
136628,MIND,0.0,nan
136669,MIND,0.1666666666666666,nan
136706,MIND,0.0,0.0
136789,MIND,0.1666666666666666,nan
136823,MIND,0.0,nan
136838,MIND,0.0,nan
136968,MIND,0.0,0.0
136973,MIND,0.0,nan
136976,MIND,0.0,0.0
137033,MIND,0.0666666666666666,nan
137117,MIND,0.0,nan
137136,MIND,0.0357142857142857,nan
137172,MIND,0.0,nan
137314,MIND,0.0909090909090909,nan
137351,MIND,0.0,nan
137361,MIND,0.0,nan
137592,MIND,0.0,0.0
137736,MIND,0.4,nan
137884,MIND,0.0,nan
137982,MIND,0.0,nan
138080,MIND,0.0,nan
138230,MIND,0.0,nan
138271,MIND,0.0,nan
138467,MIND,0.0,0.0
138598,MIND,0.0,0.0
138818,MIND,0.0263157894736842,nan
138862,MIND,0.0714285714285714,nan
138931,MIND,0.0,nan
138986,MIND,0.0,nan
139221,MIND,0.1428571428571428,nan
139309,MIND,0.0,nan
139312,MIND,0.0,nan
139363,MIND,0.032258064516129,nan
139417,MIND,0.0,0.0
139569,MIND,0.125,nan
139596,MIND,0.1666666666666666,nan
139679,MIND,0.0,0.0
139783,MIND,0.0,nan
139847,MIND,0.0,nan
139915,MIND,0.0,nan
139923,MIND,0.0,nan
140019,MIND,0.0,0.0
140080,MIND,0.0294117647058823,0.0
140113,MIND,0.2,nan
140175,MIND,0.0,nan
140194,MIND,0.0,0.0
140356,MIND,0.125,nan
140497,MIND,0.0,nan
140520,MIND,0.0,nan
140597,MIND,0.0256410256410256,0.0
140604,MIND,0.0,nan
140719,MIND,0.0,0.0
140880,MIND,0.0625,nan
141012,MIND,0.0,0.0
141130,MIND,0.0,0.0
141174,MIND,0.0,0.0
141178,MIND,0.0,nan
141262,MIND,0.0,0.0
141266,MIND,0.3333333333333333,nan
141310,MIND,0.0,0.0
141323,MIND,0.2142857142857142,nan
141352,MIND,0.0,0.0
141365,MIND,0.0,nan
141415,MIND,0.0,0.0
141456,MIND,0.4,nan
141479,MIND,0.0,nan
141508,MIND,0.125,nan
141512,MIND,0.0,nan
141514,MIND,0.0,nan
141527,MIND,0.0,0.0
141866,MIND,0.1052631578947368,nan
141895,MIND,0.0,0.0
141902,MIND,0.0,nan
141949,MIND,0.0,nan
141988,MIND,0.0,nan
141994,MIND,0.1111111111111111,0.0
142037,MIND,0.0,nan
142058,MIND,0.0,0.0
142086,MIND,0.0714285714285714,nan
142291,MIND,0.0,nan
142350,MIND,0.0,nan
142612,MIND,0.1666666666666666,nan
142743,MIND,0.0625,nan
142759,MIND,0.1666666666666666,nan
142800,MIND,0.081081081081081,0.0
142816,MIND,0.0,0.0
142937,MIND,0.0,nan
142957,MIND,0.0,0.0
143010,MIND,0.0,nan
143024,MIND,0.0,nan
143089,MIND,0.0,nan
143227,MIND,0.5,nan
143263,MIND,0.0,0.0
143270,MIND,0.0,nan
143294,MIND,0.0,0.0
143320,MIND,0.0,nan
143558,MIND,0.0,nan
143613,MIND,0.0,nan
143652,MIND,0.0,nan
143851,MIND,0.0,nan
143928,MIND,0.1666666666666666,nan
143944,MIND,0.0,nan
144034,MIND,0.0434782608695652,nan
144176,MIND,0.0,0.0
144194,MIND,0.0,nan
144285,MIND,0.0,0.0
144378,MIND,0.0,nan
144389,MIND,0.0,0.0
144444,MIND,0.0,nan
144526,MIND,0.0,nan
144565,MIND,0.0,nan
144616,MIND,0.0,nan
144645,MIND,0.0,nan
144652,MIND,0.0,0.0
144737,MIND,0.0,nan
144777,MIND,0.0434782608695652,nan
144900,MIND,0.0,0.0
145019,MIND,0.0909090909090909,nan
145194,MIND,0.0,nan
145219,MIND,0.0,nan
145293,MIND,0.0,nan
145309,MIND,0.1111111111111111,nan
145409,MIND,0.0357142857142857,0.0
145416,MIND,0.3333333333333333,nan
145418,MIND,0.0,nan
145527,MIND,0.0,nan
145722,MIND,0.0,0.0
145748,MIND,0.0,nan
146057,MIND,0.0,0.0
146108,MIND,0.0,nan
146202,MIND,0.0303030303030303,0.0
146387,MIND,0.1818181818181818,nan
146413,MIND,0.0,nan
146425,MIND,0.0,nan
146485,MIND,0.0,nan
146511,MIND,0.3333333333333333,nan
146593,MIND,0.0,nan
146665,MIND,0.0,0.0
147351,MIND,0.0,nan
147450,MIND,0.0,nan
147452,MIND,0.1666666666666666,nan
147621,MIND,0.05,nan
147623,MIND,0.0,0.0
147632,MIND,0.0,0.0
147717,MIND,0.0,0.0
147733,MIND,0.027027027027027,nan
147803,MIND,0.0,0.0
147992,MIND,0.0526315789473684,0.0
147997,MIND,0.0256410256410256,nan
148086,MIND,0.0,0.0
148214,MIND,0.0,nan
148273,MIND,0.0,0.0
148296,MIND,0.0,0.0
148372,MIND,0.0,nan
148375,MIND,0.0,0.0
148465,MIND,0.1111111111111111,nan
148503,MIND,0.1538461538461538,nan
148622,MIND,0.0,nan
148700,MIND,0.0,nan
148714,MIND,0.0,nan
148957,MIND,0.0,nan
148969,MIND,0.0,nan
149154,MIND,0.2,nan
149176,MIND,0.0,nan
149214,MIND,0.0,nan
149228,MIND,0.0,0.0
149375,MIND,0.0,nan
149415,MIND,0.1428571428571428,nan
149541,MIND,0.0,nan
149571,MIND,0.1666666666666666,nan
149907,MIND,0.0,nan
149940,MIND,0.0,0.0
149955,MIND,0.0,nan
149987,MIND,0.0,0.0
150038,MIND,0.0,nan
150045,MIND,0.0,nan
150138,MIND,0.0,nan
150217,MIND,0.0,nan
150339,MIND,0.0,nan
150481,MIND,0.375,nan
150708,MIND,0.0,nan
150868,MIND,0.0,nan
150876,MIND,0.0,0.0
151016,MIND,0.037037037037037,nan
151045,MIND,0.0,nan
151057,MIND,0.0,nan
151248,MIND,0.0,nan
151277,MIND,0.0,nan
151317,MIND,0.0,nan
151429,MIND,0.0,0.0
151504,MIND,0.3125,nan
151524,MIND,0.0,nan
151655,MIND,0.0,nan
151759,MIND,0.0,0.0
151855,MIND,0.0,nan
152007,MIND,0.0,nan
152037,MIND,0.0,0.0
152065,MIND,0.0344827586206896,nan
152167,MIND,0.0,nan
152190,MIND,0.0,nan
152384,MIND,0.0625,nan
152586,MIND,0.0526315789473684,nan
152591,MIND,0.1428571428571428,nan
152609,MIND,0.0,nan
152619,MIND,0.0,0.0
152756,MIND,0.0,nan
152911,MIND,0.0,nan
153061,MIND,0.0,0.0
153213,MIND,0.0,nan
153244,MIND,0.0,nan
153284,MIND,0.0357142857142857,nan
153310,MIND,0.0,nan
153378,MIND,0.0,nan
153466,MIND,0.0,nan
153525,MIND,0.125,nan
153537,MIND,0.4,nan
153664,MIND,0.1111111111111111,nan
153704,MIND,0.0,nan
153859,MIND,0.0,nan
154232,MIND,0.0,nan
154252,MIND,0.0,nan
154281,MIND,0.0,nan
154445,MIND,0.0,nan
154448,MIND,0.0,nan
154460,MIND,0.0,nan
154578,MIND,0.0588235294117647,nan
154641,MIND,0.0,nan
154661,MIND,0.0,0.0
154810,MIND,0.0666666666666666,0.0
154848,MIND,0.25,nan
154857,MIND,0.03125,0.0
154888,MIND,0.0,nan
154932,MIND,0.0,nan
155080,MIND,0.0,nan
155096,MIND,0.0,nan
155248,MIND,0.0,nan
155272,MIND,0.0476190476190476,0.0
155280,MIND,0.1363636363636363,nan
155394,MIND,0.0,nan
155410,MIND,0.0833333333333333,nan
155440,MIND,0.5,nan
155540,MIND,0.0,nan
155555,MIND,0.0344827586206896,nan
155574,MIND,0.1666666666666666,nan
155660,MIND,0.0,nan
155686,MIND,0.1,nan
155733,MIND,0.0,nan
155869,MIND,0.0,nan
155888,MIND,0.0,nan
155904,MIND,0.0714285714285714,nan
155945,MIND,0.0,nan
155986,MIND,0.037037037037037,0.0
156056,MIND,0.4285714285714285,nan
156140,MIND,0.0,nan
156176,MIND,0.1818181818181818,nan
156191,MIND,0.0,nan
156238,MIND,0.0,nan
156288,MIND,0.0,nan
156360,MIND,0.0,0.0
156374,MIND,0.2857142857142857,nan
156613,MIND,0.0,nan
156624,MIND,0.0,nan
156678,MIND,0.0,nan
156727,MIND,0.0,nan
157224,MIND,0.0714285714285714,nan
157235,MIND,0.0,0.0
157239,MIND,0.0666666666666666,nan
157342,MIND,0.0,nan
157374,MIND,0.0,nan
157660,MIND,0.0,nan
157705,MIND,0.0,0.0
157824,MIND,0.0,0.0
157825,MIND,0.0,nan
158010,MIND,0.2,nan
158032,MIND,0.0,nan
158125,MIND,0.0,nan
158183,MIND,0.0,nan
158320,MIND,0.0,nan
158421,MIND,0.0,0.0
158477,MIND,0.0,0.0
158494,MIND,0.0,0.0
158572,MIND,0.0,nan
158594,MIND,0.0,nan
158597,MIND,0.0,nan
158769,MIND,0.0,nan
158837,MIND,0.0,0.0
158897,MIND,0.0416666666666666,0.0
158914,MIND,0.0,0.0
159047,MIND,0.0,nan
159131,MIND,0.0,nan
159175,MIND,0.0,0.0
159183,MIND,0.1,0.0
159211,MIND,0.25,nan
159336,MIND,0.3,nan
159371,MIND,0.0,nan
159407,MIND,0.0,nan
159529,MIND,0.0,0.0
159531,MIND,0.0,nan
159589,MIND,0.0,0.0
159658,MIND,0.0,0.0
159714,MIND,0.2857142857142857,nan
159870,MIND,0.0,nan
159876,MIND,0.1666666666666666,nan
159957,MIND,0.0,nan
159992,MIND,0.0,nan
160063,MIND,0.0,nan
160385,MIND,0.0,nan
160452,MIND,0.0833333333333333,nan
160650,MIND,0.25,nan
160664,MIND,0.0,0.0
160670,MIND,0.0,nan
160718,MIND,0.0,0.0
160960,MIND,0.0,nan
160982,MIND,0.0,nan
161030,MIND,0.0,nan
161073,MIND,0.05,nan
161116,MIND,0.0,nan
161123,MIND,0.0,nan
161129,MIND,0.0,nan
161149,MIND,0.0,nan
161183,MIND,0.1666666666666666,nan
161558,MIND,0.1111111111111111,nan
161609,MIND,0.0,nan
161610,MIND,0.0,nan
161622,MIND,0.0,nan
161657,MIND,0.0,nan
161669,MIND,0.0,nan
161835,MIND,0.0,0.0
161851,MIND,0.0,nan
161855,MIND,0.0,nan
162164,MIND,0.1538461538461538,nan
162229,MIND,0.0,nan
162272,MIND,0.0,0.0
162310,MIND,0.0,nan
162356,MIND,0.0,nan
162423,MIND,0.0,nan
67,ComiRec (SA),0.0,0.0
92,ComiRec (SA),0.05555555555555555,
182,ComiRec (SA),0.0,0.0
264,ComiRec (SA),0.0,
335,ComiRec (SA),0.0,
400,ComiRec (SA),0.045454545454545456,
419,ComiRec (SA),0.0,
509,ComiRec (SA),0.0,
559,ComiRec (SA),0.18181818181818182,
890,ComiRec (SA),0.6,
953,ComiRec (SA),0.0,
1049,ComiRec (SA),0.05,
1159,ComiRec (SA),0.0,0.0
1264,ComiRec (SA),0.375,
1310,ComiRec (SA),0.0,
1510,ComiRec (SA),0.0,
1523,ComiRec (SA),0.0,
1568,ComiRec (SA),0.0,
1649,ComiRec (SA),0.08333333333333333,0.5
1873,ComiRec (SA),0.06666666666666667,
2002,ComiRec (SA),0.09523809523809523,
2063,ComiRec (SA),0.0,
2226,ComiRec (SA),0.0,
2260,ComiRec (SA),0.3333333333333333,
2297,ComiRec (SA),0.125,
2396,ComiRec (SA),0.07142857142857142,
2501,ComiRec (SA),0.038461538461538464,
2810,ComiRec (SA),0.0,
3146,ComiRec (SA),0.0,
3161,ComiRec (SA),0.5,
3171,ComiRec (SA),0.11764705882352941,
3307,ComiRec (SA),0.5454545454545454,
3367,ComiRec (SA),0.0,0.0
3413,ComiRec (SA),0.14285714285714285,
3461,ComiRec (SA),0.0,
3561,ComiRec (SA),0.0,0.0
3835,ComiRec (SA),0.0,
3964,ComiRec (SA),0.13333333333333333,
4022,ComiRec (SA),0.0,
4057,ComiRec (SA),0.0,
4059,ComiRec (SA),0.21428571428571427,
4157,ComiRec (SA),0.2,
4186,ComiRec (SA),0.0,0.0
4291,ComiRec (SA),0.0,
4359,ComiRec (SA),0.0,0.0
4378,ComiRec (SA),0.25,
4462,ComiRec (SA),0.0,
4643,ComiRec (SA),0.0,
4673,ComiRec (SA),0.0,
4686,ComiRec (SA),0.0,
4701,ComiRec (SA),0.21428571428571427,
4827,ComiRec (SA),0.5555555555555556,
5025,ComiRec (SA),0.0,
5087,ComiRec (SA),0.06666666666666667,0.0
5152,ComiRec (SA),0.0967741935483871,
5205,ComiRec (SA),0.0,0.0
5295,ComiRec (SA),0.0,0.0
5307,ComiRec (SA),0.25,
5418,ComiRec (SA),0.0,0.0
5833,ComiRec (SA),0.0,0.0
5856,ComiRec (SA),0.0,
5961,ComiRec (SA),0.0,
6017,ComiRec (SA),0.0,
6052,ComiRec (SA),0.045454545454545456,
6221,ComiRec (SA),0.0,
6296,ComiRec (SA),0.06451612903225806,
6409,ComiRec (SA),0.0,
6463,ComiRec (SA),0.0,
6483,ComiRec (SA),0.0,
6488,ComiRec (SA),0.0,
6544,ComiRec (SA),0.2,
6547,ComiRec (SA),0.25,
6673,ComiRec (SA),0.1,
6798,ComiRec (SA),0.0,0.0
7071,ComiRec (SA),0.0625,
7100,ComiRec (SA),0.047619047619047616,0.0
7170,ComiRec (SA),0.0,0.0
7216,ComiRec (SA),0.0,0.0
7378,ComiRec (SA),0.09090909090909091,
7408,ComiRec (SA),0.125,
7462,ComiRec (SA),0.0,
7489,ComiRec (SA),0.0,
7525,ComiRec (SA),0.0,
7675,ComiRec (SA),0.02631578947368421,0.0
7980,ComiRec (SA),0.0,
8163,ComiRec (SA),0.0,0.0
8174,ComiRec (SA),0.05,0.0
8184,ComiRec (SA),0.07692307692307693,
8231,ComiRec (SA),0.0,0.0
8232,ComiRec (SA),0.1111111111111111,
8268,ComiRec (SA),0.0,0.0
8358,ComiRec (SA),0.0,0.0
8397,ComiRec (SA),0.0,0.0
8474,ComiRec (SA),0.0,
8727,ComiRec (SA),0.25,
8826,ComiRec (SA),0.5714285714285714,
8830,ComiRec (SA),0.0,
8882,ComiRec (SA),0.0,
9118,ComiRec (SA),0.0,
9146,ComiRec (SA),0.05,0.0
9269,ComiRec (SA),0.02857142857142857,0.0
9312,ComiRec (SA),0.0,
9441,ComiRec (SA),0.0,
9533,ComiRec (SA),0.0,
9557,ComiRec (SA),0.2,
9604,ComiRec (SA),0.0,
9736,ComiRec (SA),0.0,
9839,ComiRec (SA),0.05263157894736842,0.0
9889,ComiRec (SA),0.0,
9898,ComiRec (SA),0.0,
9950,ComiRec (SA),0.030303030303030304,0.0
10169,ComiRec (SA),0.0,
10314,ComiRec (SA),0.0,
10372,ComiRec (SA),0.0,0.0
10450,ComiRec (SA),0.0,
10477,ComiRec (SA),0.10526315789473684,0.0
10667,ComiRec (SA),0.2,
10796,ComiRec (SA),0.07142857142857142,
11007,ComiRec (SA),0.8,
11097,ComiRec (SA),0.06666666666666667,
11176,ComiRec (SA),0.0,
11196,ComiRec (SA),0.0,
11212,ComiRec (SA),0.0,0.0
11245,ComiRec (SA),0.0,0.0
11272,ComiRec (SA),0.0,
11319,ComiRec (SA),0.0,0.0
11355,ComiRec (SA),0.2,
11376,ComiRec (SA),0.09090909090909091,
11415,ComiRec (SA),0.0,
11439,ComiRec (SA),0.0,
11576,ComiRec (SA),0.3181818181818182,0.0
11599,ComiRec (SA),0.0,0.0
11632,ComiRec (SA),0.0,0.0
11667,ComiRec (SA),0.0,
11668,ComiRec (SA),0.0,
11866,ComiRec (SA),0.09090909090909091,
11912,ComiRec (SA),0.029411764705882353,0.0
11981,ComiRec (SA),0.0,
12077,ComiRec (SA),0.0,
12114,ComiRec (SA),0.0,0.0
12234,ComiRec (SA),0.0,0.0
12279,ComiRec (SA),0.09090909090909091,
12306,ComiRec (SA),0.2222222222222222,
12315,ComiRec (SA),0.07692307692307693,
12330,ComiRec (SA),0.0,0.0
12428,ComiRec (SA),0.0,
12670,ComiRec (SA),0.0,
12867,ComiRec (SA),0.0,0.0
12874,ComiRec (SA),0.0,
12903,ComiRec (SA),0.4,
13044,ComiRec (SA),0.0,0.0
13093,ComiRec (SA),0.125,
13122,ComiRec (SA),0.0,
13144,ComiRec (SA),0.07692307692307693,
13171,ComiRec (SA),0.16666666666666666,
13275,ComiRec (SA),0.0,
13387,ComiRec (SA),0.0,0.0
13402,ComiRec (SA),0.0,
13728,ComiRec (SA),0.0,
13855,ComiRec (SA),0.047619047619047616,0.0
13912,ComiRec (SA),0.0,
13981,ComiRec (SA),0.16666666666666666,
13986,ComiRec (SA),0.0,
14146,ComiRec (SA),0.041666666666666664,
14194,ComiRec (SA),0.03225806451612903,0.0
14373,ComiRec (SA),0.0,
14720,ComiRec (SA),0.18181818181818182,
14748,ComiRec (SA),0.0,0.0
14760,ComiRec (SA),0.0,
14843,ComiRec (SA),0.0,0.0
14896,ComiRec (SA),0.25,
14910,ComiRec (SA),0.0,
14970,ComiRec (SA),0.0,0.0
15071,ComiRec (SA),0.0,
15147,ComiRec (SA),0.0,0.0
15202,ComiRec (SA),0.2,
15230,ComiRec (SA),0.0,
15239,ComiRec (SA),0.25,
15259,ComiRec (SA),0.0,
15308,ComiRec (SA),0.0,
15404,ComiRec (SA),0.2,
15799,ComiRec (SA),0.16666666666666666,
15834,ComiRec (SA),0.0,
15868,ComiRec (SA),0.2,
15872,ComiRec (SA),0.75,
15980,ComiRec (SA),0.16666666666666666,
16059,ComiRec (SA),0.0,
16064,ComiRec (SA),0.0,
16164,ComiRec (SA),0.0,
16195,ComiRec (SA),0.0,
16211,ComiRec (SA),0.05,0.0
16273,ComiRec (SA),0.0,
16312,ComiRec (SA),0.0,0.0
16385,ComiRec (SA),0.07692307692307693,
16409,ComiRec (SA),0.0,
16413,ComiRec (SA),0.08333333333333333,
16490,ComiRec (SA),0.15789473684210525,
16643,ComiRec (SA),0.0,
16692,ComiRec (SA),0.0,
16740,ComiRec (SA),0.0,
16759,ComiRec (SA),0.0,
16791,ComiRec (SA),0.0,
16918,ComiRec (SA),0.0,
17085,ComiRec (SA),0.0,
17233,ComiRec (SA),0.0,
17381,ComiRec (SA),0.0,
17407,ComiRec (SA),0.0,
17420,ComiRec (SA),0.14285714285714285,
17494,ComiRec (SA),0.0,
17660,ComiRec (SA),0.07142857142857142,
17705,ComiRec (SA),0.12,
17713,ComiRec (SA),0.02564102564102564,0.0
17857,ComiRec (SA),0.25,
17915,ComiRec (SA),0.0,
18185,ComiRec (SA),0.2,
18219,ComiRec (SA),0.16666666666666666,
18270,ComiRec (SA),0.0,0.0
18271,ComiRec (SA),0.4444444444444444,
18530,ComiRec (SA),0.0,
18647,ComiRec (SA),0.0,
18694,ComiRec (SA),0.0,0.0
18715,ComiRec (SA),0.0,
18717,ComiRec (SA),0.375,
18753,ComiRec (SA),0.0,
18820,ComiRec (SA),0.75,
18851,ComiRec (SA),0.0,
18864,ComiRec (SA),0.4,
18900,ComiRec (SA),0.14285714285714285,
18947,ComiRec (SA),0.0,
18980,ComiRec (SA),0.0,
19076,ComiRec (SA),0.1,
19202,ComiRec (SA),0.058823529411764705,
19366,ComiRec (SA),0.0,
19544,ComiRec (SA),0.13333333333333333,0.0
19592,ComiRec (SA),0.2,
19724,ComiRec (SA),0.0,
19779,ComiRec (SA),0.11764705882352941,
19787,ComiRec (SA),0.03333333333333333,0.0
19836,ComiRec (SA),0.13333333333333333,
19849,ComiRec (SA),0.0,0.0
19966,ComiRec (SA),0.0,0.0
20207,ComiRec (SA),0.05263157894736842,
20334,ComiRec (SA),0.0,0.0
20379,ComiRec (SA),0.11764705882352941,
20411,ComiRec (SA),0.0,0.0
20560,ComiRec (SA),0.075,
20587,ComiRec (SA),0.0,
20630,ComiRec (SA),0.0,
20635,ComiRec (SA),0.029411764705882353,0.0
20640,ComiRec (SA),0.0,
20689,ComiRec (SA),0.0,
20798,ComiRec (SA),0.2,
20825,ComiRec (SA),0.2,
20858,ComiRec (SA),0.1,
20981,ComiRec (SA),0.0,0.0
21387,ComiRec (SA),0.0,
21396,ComiRec (SA),0.2857142857142857,
21419,ComiRec (SA),0.0,
21483,ComiRec (SA),0.07692307692307693,
21606,ComiRec (SA),0.0,
21633,ComiRec (SA),0.0,
21657,ComiRec (SA),0.13333333333333333,
21795,ComiRec (SA),0.1,
21944,ComiRec (SA),0.0,
22162,ComiRec (SA),0.0,0.0
22169,ComiRec (SA),0.0,
22317,ComiRec (SA),0.0,
22364,ComiRec (SA),0.0,
22624,ComiRec (SA),0.0,
22629,ComiRec (SA),0.0,
22822,ComiRec (SA),0.14285714285714285,
22835,ComiRec (SA),0.0,
22862,ComiRec (SA),0.0,
22923,ComiRec (SA),0.14285714285714285,
23016,ComiRec (SA),0.0,0.0
23266,ComiRec (SA),0.0,0.0
23374,ComiRec (SA),0.0,
23420,ComiRec (SA),0.0,0.0
23587,ComiRec (SA),0.03333333333333333,
23670,ComiRec (SA),0.0,
23825,ComiRec (SA),0.0,
24115,ComiRec (SA),0.1,
24145,ComiRec (SA),0.09090909090909091,
24226,ComiRec (SA),0.0,
24307,ComiRec (SA),0.041666666666666664,0.0
24365,ComiRec (SA),0.0,0.0
24375,ComiRec (SA),0.15384615384615385,
24400,ComiRec (SA),0.1,
24687,ComiRec (SA),0.13333333333333333,0.0
24831,ComiRec (SA),0.058823529411764705,
24896,ComiRec (SA),0.0,
24943,ComiRec (SA),0.23076923076923078,
25014,ComiRec (SA),0.0,
25018,ComiRec (SA),0.1,
25019,ComiRec (SA),0.1,
25044,ComiRec (SA),0.0,0.0
25202,ComiRec (SA),0.0,0.0
25278,ComiRec (SA),0.25,
25306,ComiRec (SA),0.0,
25311,ComiRec (SA),0.06896551724137931,
25351,ComiRec (SA),0.0,
25459,ComiRec (SA),0.0,
25465,ComiRec (SA),0.0,
25642,ComiRec (SA),0.0,
25729,ComiRec (SA),0.2777777777777778,
25792,ComiRec (SA),0.1111111111111111,
25838,ComiRec (SA),0.1111111111111111,
25876,ComiRec (SA),0.0,
25907,ComiRec (SA),0.125,
25939,ComiRec (SA),0.0,0.0
26064,ComiRec (SA),0.0,0.0
26072,ComiRec (SA),0.0,
26147,ComiRec (SA),0.2,
26198,ComiRec (SA),0.75,
26339,ComiRec (SA),0.0,
26465,ComiRec (SA),0.0,
26472,ComiRec (SA),0.0,0.0
26630,ComiRec (SA),0.0,
26653,ComiRec (SA),0.25,
26780,ComiRec (SA),0.2222222222222222,
26839,ComiRec (SA),0.0,
26971,ComiRec (SA),0.0,
26985,ComiRec (SA),0.125,0.0
27050,ComiRec (SA),0.0,
27061,ComiRec (SA),0.07894736842105263,
27194,ComiRec (SA),0.0,0.0
27256,ComiRec (SA),0.0,
27267,ComiRec (SA),0.0,0.0
27503,ComiRec (SA),0.0,0.0
27800,ComiRec (SA),0.16666666666666666,
27850,ComiRec (SA),0.0,
28045,ComiRec (SA),0.0,0.0
28494,ComiRec (SA),0.02857142857142857,0.0
28529,ComiRec (SA),0.0,
28705,ComiRec (SA),0.0,
28724,ComiRec (SA),0.0,
28799,ComiRec (SA),0.4,
28841,ComiRec (SA),0.15384615384615385,
28881,ComiRec (SA),0.0,
29027,ComiRec (SA),0.0,
29269,ComiRec (SA),0.0,
29281,ComiRec (SA),0.0,0.0
29398,ComiRec (SA),0.25,
29412,ComiRec (SA),0.1111111111111111,
29514,ComiRec (SA),0.0,
29751,ComiRec (SA),0.0,
29792,ComiRec (SA),0.2,
29812,ComiRec (SA),0.0,
30092,ComiRec (SA),0.0,
30236,ComiRec (SA),0.0,
30367,ComiRec (SA),0.07142857142857142,
30481,ComiRec (SA),0.0,
30761,ComiRec (SA),0.038461538461538464,0.0
30943,ComiRec (SA),0.16666666666666666,
31129,ComiRec (SA),0.0,
31144,ComiRec (SA),0.0,
31181,ComiRec (SA),0.05555555555555555,0.0
31188,ComiRec (SA),0.0,
31204,ComiRec (SA),0.0,
31236,ComiRec (SA),0.0,
31264,ComiRec (SA),0.025,0.0
31338,ComiRec (SA),0.0,0.0
31421,ComiRec (SA),0.1,
31429,ComiRec (SA),0.3333333333333333,
31468,ComiRec (SA),0.0,0.0
31537,ComiRec (SA),0.1,
31593,ComiRec (SA),0.5,
31678,ComiRec (SA),0.14285714285714285,
31835,ComiRec (SA),0.0,0.0
31886,ComiRec (SA),0.0,
32298,ComiRec (SA),0.09090909090909091,0.0
32435,ComiRec (SA),0.14285714285714285,
32516,ComiRec (SA),0.2,
32599,ComiRec (SA),0.0,
32609,ComiRec (SA),0.11764705882352941,
32650,ComiRec (SA),0.0,
32663,ComiRec (SA),0.0,
32693,ComiRec (SA),0.05263157894736842,0.0
32726,ComiRec (SA),0.25,
32934,ComiRec (SA),0.05263157894736842,
32993,ComiRec (SA),0.1111111111111111,
33396,ComiRec (SA),0.0,
33405,ComiRec (SA),0.0,
33517,ComiRec (SA),0.0,0.0
33946,ComiRec (SA),0.1875,
34106,ComiRec (SA),0.18181818181818182,
34405,ComiRec (SA),0.25,
34498,ComiRec (SA),0.0,0.0
34514,ComiRec (SA),0.0,
34593,ComiRec (SA),0.03225806451612903,0.16666666666666666
34650,ComiRec (SA),0.0,0.0
34659,ComiRec (SA),0.16666666666666666,
34761,ComiRec (SA),0.0,
34788,ComiRec (SA),0.0,
34836,ComiRec (SA),0.0,
34837,ComiRec (SA),0.0,
34920,ComiRec (SA),0.07692307692307693,
35007,ComiRec (SA),0.058823529411764705,0.0
35096,ComiRec (SA),0.0,
35104,ComiRec (SA),0.25,
35142,ComiRec (SA),0.11428571428571428,0.0
35190,ComiRec (SA),0.0,
35377,ComiRec (SA),0.09090909090909091,
35546,ComiRec (SA),0.0,
35689,ComiRec (SA),0.125,
35760,ComiRec (SA),0.0,
35806,ComiRec (SA),0.0,0.0
35925,ComiRec (SA),0.0,0.0
35958,ComiRec (SA),0.0,
35986,ComiRec (SA),0.16666666666666666,
36036,ComiRec (SA),0.09375,0.0
36051,ComiRec (SA),0.1,
36082,ComiRec (SA),0.0,
36176,ComiRec (SA),0.0,
36210,ComiRec (SA),0.0,0.0
36226,ComiRec (SA),0.0,
36364,ComiRec (SA),0.0,
36401,ComiRec (SA),0.0,
36541,ComiRec (SA),0.0,
36619,ComiRec (SA),0.06666666666666667,0.0
36661,ComiRec (SA),0.0,
36829,ComiRec (SA),0.0,
36906,ComiRec (SA),0.16666666666666666,
36914,ComiRec (SA),0.0,0.0
36934,ComiRec (SA),0.14285714285714285,
37065,ComiRec (SA),0.0,0.0
37076,ComiRec (SA),0.16666666666666666,
37355,ComiRec (SA),0.0,
37356,ComiRec (SA),0.0,
37371,ComiRec (SA),0.05555555555555555,
37418,ComiRec (SA),0.0,
37586,ComiRec (SA),0.1111111111111111,
37590,ComiRec (SA),0.0,
37607,ComiRec (SA),0.0,0.0
37790,ComiRec (SA),0.25,
37791,ComiRec (SA),0.043478260869565216,
37862,ComiRec (SA),0.0,
37979,ComiRec (SA),0.0,
38020,ComiRec (SA),0.8,
38137,ComiRec (SA),0.05405405405405406,
38219,ComiRec (SA),0.0,
38238,ComiRec (SA),0.0,
38345,ComiRec (SA),0.0,
38368,ComiRec (SA),0.0,
38413,ComiRec (SA),0.16666666666666666,
38524,ComiRec (SA),0.23529411764705882,
38573,ComiRec (SA),0.3333333333333333,0.0
38577,ComiRec (SA),0.0,
38587,ComiRec (SA),0.0,
38641,ComiRec (SA),0.0,
38787,ComiRec (SA),0.0,
38833,ComiRec (SA),0.0,0.0
38891,ComiRec (SA),0.13636363636363635,
38971,ComiRec (SA),0.125,
39107,ComiRec (SA),0.0,0.0
39195,ComiRec (SA),0.045454545454545456,
39220,ComiRec (SA),0.0,
39238,ComiRec (SA),0.0,
39307,ComiRec (SA),0.0,
39316,ComiRec (SA),0.0,
39342,ComiRec (SA),0.0,
39405,ComiRec (SA),0.0,
39482,ComiRec (SA),0.0,0.0
39566,ComiRec (SA),0.08333333333333333,0.0
39572,ComiRec (SA),0.75,
39645,ComiRec (SA),0.0,
39895,ComiRec (SA),0.0,
39921,ComiRec (SA),0.1875,
39972,ComiRec (SA),0.3333333333333333,
40013,ComiRec (SA),0.0,
40049,ComiRec (SA),0.0,
40071,ComiRec (SA),0.0,
40088,ComiRec (SA),0.07692307692307693,0.0
40121,ComiRec (SA),0.42857142857142855,
40136,ComiRec (SA),0.1,
40219,ComiRec (SA),0.2,
40225,ComiRec (SA),0.08695652173913043,0.0
40234,ComiRec (SA),0.0,
40343,ComiRec (SA),0.1111111111111111,
40451,ComiRec (SA),0.0,
40517,ComiRec (SA),0.0625,
40618,ComiRec (SA),0.0,
40624,ComiRec (SA),0.1,
40730,ComiRec (SA),0.0,0.0
40768,ComiRec (SA),0.14285714285714285,
40771,ComiRec (SA),0.1111111111111111,
40846,ComiRec (SA),0.0,
40935,ComiRec (SA),0.3333333333333333,
40989,ComiRec (SA),0.0,
41042,ComiRec (SA),0.09090909090909091,
41088,ComiRec (SA),0.030303030303030304,
41129,ComiRec (SA),0.0,0.0
41168,ComiRec (SA),0.08333333333333333,0.0
41242,ComiRec (SA),0.0,
41289,ComiRec (SA),0.030303030303030304,0.0
41292,ComiRec (SA),0.16666666666666666,
41426,ComiRec (SA),0.06060606060606061,0.0
41448,ComiRec (SA),0.0,
41461,ComiRec (SA),0.14285714285714285,
41723,ComiRec (SA),0.1111111111111111,
41846,ComiRec (SA),0.0,
41948,ComiRec (SA),0.2727272727272727,
42094,ComiRec (SA),0.0,0.0
42228,ComiRec (SA),0.4,
42456,ComiRec (SA),0.0,
42600,ComiRec (SA),0.0,0.0
42758,ComiRec (SA),0.08695652173913043,
42864,ComiRec (SA),0.0,0.0
42937,ComiRec (SA),0.10526315789473684,0.0
43060,ComiRec (SA),0.2,
43096,ComiRec (SA),0.0,0.0
43198,ComiRec (SA),0.16666666666666666,
43304,ComiRec (SA),0.0,
43401,ComiRec (SA),0.0,0.0
43474,ComiRec (SA),0.041666666666666664,0.0
43475,ComiRec (SA),0.0,
43486,ComiRec (SA),0.0,0.0
43493,ComiRec (SA),0.0,
43506,ComiRec (SA),0.0,
43546,ComiRec (SA),0.1,
43570,ComiRec (SA),0.0,
43575,ComiRec (SA),0.0,
43596,ComiRec (SA),0.2222222222222222,
43643,ComiRec (SA),0.0,
43666,ComiRec (SA),0.25,
43668,ComiRec (SA),0.0,
43856,ComiRec (SA),0.0,0.0
43859,ComiRec (SA),0.05405405405405406,
43884,ComiRec (SA),0.0,
43894,ComiRec (SA),0.4,
43910,ComiRec (SA),0.0,
44005,ComiRec (SA),0.0,
44110,ComiRec (SA),0.08333333333333333,
44283,ComiRec (SA),0.0,
44356,ComiRec (SA),0.3333333333333333,
44376,ComiRec (SA),0.0,
44502,ComiRec (SA),0.0,
44638,ComiRec (SA),0.0,
44728,ComiRec (SA),0.0,
44746,ComiRec (SA),0.0,
44776,ComiRec (SA),0.0,
44839,ComiRec (SA),0.0,
44916,ComiRec (SA),0.0,
45068,ComiRec (SA),0.06451612903225806,
45092,ComiRec (SA),0.0,
45114,ComiRec (SA),0.0,
45191,ComiRec (SA),0.14285714285714285,
45326,ComiRec (SA),0.045454545454545456,
45393,ComiRec (SA),0.0,
45400,ComiRec (SA),0.0,0.0
45435,ComiRec (SA),0.0,
45466,ComiRec (SA),0.0,
45564,ComiRec (SA),0.058823529411764705,
45667,ComiRec (SA),0.0,
45684,ComiRec (SA),0.0,
45717,ComiRec (SA),0.0,0.0
45722,ComiRec (SA),0.0,0.0
45731,ComiRec (SA),0.0,0.0
45770,ComiRec (SA),0.125,0.0
45779,ComiRec (SA),0.0,
45789,ComiRec (SA),0.0,0.0
45844,ComiRec (SA),0.0,
45878,ComiRec (SA),0.0,0.0
45969,ComiRec (SA),0.0,0.0
45985,ComiRec (SA),0.16666666666666666,
46311,ComiRec (SA),0.027777777777777776,0.0
46466,ComiRec (SA),0.0,
46482,ComiRec (SA),0.09090909090909091,
46507,ComiRec (SA),0.0,
46647,ComiRec (SA),0.0,0.0
46737,ComiRec (SA),0.0,
46838,ComiRec (SA),0.3,
46885,ComiRec (SA),0.0,0.0
46959,ComiRec (SA),0.06666666666666667,
47033,ComiRec (SA),0.0,0.0
47164,ComiRec (SA),0.0,
47242,ComiRec (SA),0.1111111111111111,0.0
47283,ComiRec (SA),0.16666666666666666,
47346,ComiRec (SA),0.0,
47357,ComiRec (SA),0.0,
47377,ComiRec (SA),0.2,
47438,ComiRec (SA),0.0,
47575,ComiRec (SA),0.375,
47866,ComiRec (SA),0.0,0.0
47967,ComiRec (SA),0.5,
48015,ComiRec (SA),0.02857142857142857,0.0
48182,ComiRec (SA),0.03571428571428571,
48213,ComiRec (SA),0.42857142857142855,
48231,ComiRec (SA),0.0,
48353,ComiRec (SA),0.0,
48488,ComiRec (SA),0.0,
48492,ComiRec (SA),0.0,
48509,ComiRec (SA),0.0,
48580,ComiRec (SA),0.0,
48616,ComiRec (SA),0.038461538461538464,
48684,ComiRec (SA),0.2222222222222222,
48760,ComiRec (SA),0.2222222222222222,
48866,ComiRec (SA),0.3333333333333333,
49055,ComiRec (SA),0.09090909090909091,
49076,ComiRec (SA),0.16666666666666666,0.0
49085,ComiRec (SA),0.0,
49171,ComiRec (SA),0.0,
49208,ComiRec (SA),0.043478260869565216,
49220,ComiRec (SA),0.0,
49304,ComiRec (SA),0.0,
49360,ComiRec (SA),0.037037037037037035,
49469,ComiRec (SA),0.25,
49569,ComiRec (SA),0.0,
49654,ComiRec (SA),0.0,
49664,ComiRec (SA),0.0,
49678,ComiRec (SA),0.0,0.0
49718,ComiRec (SA),0.0,0.0
49939,ComiRec (SA),0.0,
49944,ComiRec (SA),0.3333333333333333,
49977,ComiRec (SA),0.0,0.0
50019,ComiRec (SA),0.1111111111111111,
50149,ComiRec (SA),0.17647058823529413,
50182,ComiRec (SA),0.0,
50316,ComiRec (SA),0.0,
50382,ComiRec (SA),0.0,0.0
50526,ComiRec (SA),0.06666666666666667,0.0
50544,ComiRec (SA),0.0,
50648,ComiRec (SA),0.047619047619047616,
50756,ComiRec (SA),0.07692307692307693,0.0
50821,ComiRec (SA),0.038461538461538464,
51011,ComiRec (SA),0.11764705882352941,0.0
51064,ComiRec (SA),0.0,
51115,ComiRec (SA),0.0,0.0
51221,ComiRec (SA),0.0,0.0
51259,ComiRec (SA),0.15384615384615385,
51530,ComiRec (SA),0.1111111111111111,
51542,ComiRec (SA),0.0,
51579,ComiRec (SA),0.14285714285714285,
51619,ComiRec (SA),0.0,
51676,ComiRec (SA),0.0,
51704,ComiRec (SA),0.14285714285714285,
51837,ComiRec (SA),0.0,0.0
51849,ComiRec (SA),0.1111111111111111,
51952,ComiRec (SA),0.0,
51983,ComiRec (SA),0.0,
52027,ComiRec (SA),0.0,
52130,ComiRec (SA),0.0,
52278,ComiRec (SA),0.2727272727272727,
52540,ComiRec (SA),0.0,
52756,ComiRec (SA),0.0,0.0
52863,ComiRec (SA),0.0,
52939,ComiRec (SA),0.0,
52949,ComiRec (SA),0.0,0.0
52952,ComiRec (SA),0.0,
53111,ComiRec (SA),0.14285714285714285,
53264,ComiRec (SA),0.0,
53283,ComiRec (SA),0.06666666666666667,0.0
53299,ComiRec (SA),0.05263157894736842,
53407,ComiRec (SA),0.0,
53597,ComiRec (SA),0.0,0.0
53680,ComiRec (SA),0.0,
53704,ComiRec (SA),0.02564102564102564,
53782,ComiRec (SA),0.1111111111111111,
53887,ComiRec (SA),0.0,0.0
53925,ComiRec (SA),0.05555555555555555,
53970,ComiRec (SA),0.0,0.0
54171,ComiRec (SA),0.0,0.0
54226,ComiRec (SA),0.0,0.0
54259,ComiRec (SA),0.4,
54320,ComiRec (SA),0.0,
54336,ComiRec (SA),0.0,
54379,ComiRec (SA),0.0,
54515,ComiRec (SA),0.0,
54548,ComiRec (SA),0.0,
54590,ComiRec (SA),0.0,
54749,ComiRec (SA),0.02857142857142857,0.0
54784,ComiRec (SA),0.0,
54794,ComiRec (SA),0.0,
55060,ComiRec (SA),0.375,
55168,ComiRec (SA),0.0,
55210,ComiRec (SA),0.0,0.0
55254,ComiRec (SA),0.21428571428571427,
55285,ComiRec (SA),0.0,
55422,ComiRec (SA),0.0,
55524,ComiRec (SA),0.0,
55599,ComiRec (SA),0.0,
55625,ComiRec (SA),0.2,
55719,ComiRec (SA),0.14285714285714285,
55817,ComiRec (SA),0.0,
55872,ComiRec (SA),0.0,0.0
55885,ComiRec (SA),0.0,
55898,ComiRec (SA),0.125,
55952,ComiRec (SA),0.6,
56042,ComiRec (SA),0.0,
56316,ComiRec (SA),0.05,
56468,ComiRec (SA),0.02564102564102564,
56505,ComiRec (SA),0.0,
56698,ComiRec (SA),0.14285714285714285,
56772,ComiRec (SA),0.06896551724137931,0.0
56792,ComiRec (SA),0.05555555555555555,0.0
57032,ComiRec (SA),0.07142857142857142,
57167,ComiRec (SA),0.0,
57336,ComiRec (SA),0.4,
57446,ComiRec (SA),0.125,
57493,ComiRec (SA),0.3333333333333333,
57692,ComiRec (SA),0.2857142857142857,
57795,ComiRec (SA),0.0,0.0
57802,ComiRec (SA),0.043478260869565216,
57895,ComiRec (SA),0.0,
58120,ComiRec (SA),0.0,
58223,ComiRec (SA),0.07692307692307693,0.0
58311,ComiRec (SA),0.0,
58380,ComiRec (SA),0.0,
58795,ComiRec (SA),0.25,
58899,ComiRec (SA),0.05555555555555555,
58936,ComiRec (SA),0.0625,
58986,ComiRec (SA),0.0,
58991,ComiRec (SA),0.0,
59304,ComiRec (SA),0.0,0.0
59430,ComiRec (SA),0.0,0.0
59456,ComiRec (SA),0.125,
59493,ComiRec (SA),0.0,0.0
59522,ComiRec (SA),0.0,
59601,ComiRec (SA),0.14285714285714285,
59648,ComiRec (SA),0.125,
59855,ComiRec (SA),0.0,
59925,ComiRec (SA),0.14285714285714285,
59956,ComiRec (SA),0.0,
59960,ComiRec (SA),0.0,0.0
60121,ComiRec (SA),0.2857142857142857,
60133,ComiRec (SA),0.0,0.0
60374,ComiRec (SA),0.0,0.0
60580,ComiRec (SA),0.05555555555555555,
60642,ComiRec (SA),0.0,
60663,ComiRec (SA),0.0,
60697,ComiRec (SA),0.0,
60746,ComiRec (SA),0.0,
60870,ComiRec (SA),0.0,
60923,ComiRec (SA),0.0,
60930,ComiRec (SA),0.07692307692307693,0.0
61009,ComiRec (SA),0.75,
61085,ComiRec (SA),0.0,
61407,ComiRec (SA),0.125,0.0
61484,ComiRec (SA),0.0625,
61641,ComiRec (SA),0.125,
61725,ComiRec (SA),0.125,
62036,ComiRec (SA),0.0,
62256,ComiRec (SA),0.0,
62336,ComiRec (SA),0.16666666666666666,
62339,ComiRec (SA),0.0,
62359,ComiRec (SA),0.0,
62362,ComiRec (SA),0.0,0.0
62365,ComiRec (SA),0.0,0.0
62416,ComiRec (SA),0.0,
62495,ComiRec (SA),0.0,
62509,ComiRec (SA),0.07142857142857142,
62529,ComiRec (SA),0.2,
62568,ComiRec (SA),0.0,
62569,ComiRec (SA),0.2,
62672,ComiRec (SA),0.05555555555555555,
62706,ComiRec (SA),0.14285714285714285,
62726,ComiRec (SA),0.1,
62769,ComiRec (SA),0.0,
62907,ComiRec (SA),0.0,
62984,ComiRec (SA),0.0,
62994,ComiRec (SA),0.0,
63086,ComiRec (SA),0.02631578947368421,0.0
63145,ComiRec (SA),0.0,0.0
63263,ComiRec (SA),0.0,
63274,ComiRec (SA),0.0,
63343,ComiRec (SA),0.06896551724137931,
63484,ComiRec (SA),0.04,
63909,ComiRec (SA),0.08,0.0
63943,ComiRec (SA),0.041666666666666664,
64048,ComiRec (SA),0.0,
64131,ComiRec (SA),0.3333333333333333,
64200,ComiRec (SA),0.13333333333333333,0.0
64792,ComiRec (SA),0.0,
64886,ComiRec (SA),0.16666666666666666,
65062,ComiRec (SA),0.0,
65085,ComiRec (SA),0.1111111111111111,
65089,ComiRec (SA),0.4,0.0
65231,ComiRec (SA),0.0,
65360,ComiRec (SA),0.0,0.0
65372,ComiRec (SA),0.0,
65482,ComiRec (SA),0.05,
65537,ComiRec (SA),0.0,0.0
65624,ComiRec (SA),0.11764705882352941,
65688,ComiRec (SA),0.08333333333333333,0.0
65726,ComiRec (SA),0.0,
65729,ComiRec (SA),0.16666666666666666,
65861,ComiRec (SA),0.0,0.0
65904,ComiRec (SA),0.0,
65960,ComiRec (SA),0.0,
65985,ComiRec (SA),0.08333333333333333,
66193,ComiRec (SA),0.0,0.0
66209,ComiRec (SA),0.0,
66230,ComiRec (SA),0.25,
66436,ComiRec (SA),0.3333333333333333,
66499,ComiRec (SA),0.037037037037037035,
66522,ComiRec (SA),0.0,0.0
66534,ComiRec (SA),0.0,
66802,ComiRec (SA),0.23529411764705882,
66851,ComiRec (SA),0.0,
66859,ComiRec (SA),0.08333333333333333,
66861,ComiRec (SA),0.12903225806451613,0.0
66961,ComiRec (SA),0.0,0.0
67045,ComiRec (SA),0.0,
67110,ComiRec (SA),0.0,
67130,ComiRec (SA),0.0,0.0
67160,ComiRec (SA),0.3333333333333333,
67167,ComiRec (SA),0.0,0.0
67172,ComiRec (SA),0.03125,0.0
67191,ComiRec (SA),0.25,
67431,ComiRec (SA),0.0,0.0
67552,ComiRec (SA),0.0,
67603,ComiRec (SA),0.4,
67696,ComiRec (SA),0.0,0.0
67709,ComiRec (SA),0.0,
67761,ComiRec (SA),0.0,
67803,ComiRec (SA),0.0,
67960,ComiRec (SA),0.09523809523809523,
68155,ComiRec (SA),0.08333333333333333,0.0
68224,ComiRec (SA),0.0,
68226,ComiRec (SA),0.0,
68236,ComiRec (SA),0.0,
68329,ComiRec (SA),0.1111111111111111,
68330,ComiRec (SA),0.4,
68377,ComiRec (SA),0.05555555555555555,
68445,ComiRec (SA),0.0,
68913,ComiRec (SA),0.02857142857142857,
68930,ComiRec (SA),0.25,
68945,ComiRec (SA),0.07407407407407407,
68991,ComiRec (SA),0.047619047619047616,
69083,ComiRec (SA),0.3333333333333333,
69096,ComiRec (SA),0.0,
69145,ComiRec (SA),0.0,0.0
69327,ComiRec (SA),0.4,
69372,ComiRec (SA),0.038461538461538464,
69379,ComiRec (SA),0.0,
69421,ComiRec (SA),0.0,
69495,ComiRec (SA),0.0,
69559,ComiRec (SA),0.08333333333333333,
69580,ComiRec (SA),0.03225806451612903,
69649,ComiRec (SA),0.05,
69650,ComiRec (SA),0.1,
69769,ComiRec (SA),0.2,
69917,ComiRec (SA),0.0,
69919,ComiRec (SA),0.0,0.0
69979,ComiRec (SA),0.0,
70184,ComiRec (SA),0.0,
70345,ComiRec (SA),0.045454545454545456,0.0
70458,ComiRec (SA),0.0,
70468,ComiRec (SA),0.14285714285714285,
70498,ComiRec (SA),0.0,
70532,ComiRec (SA),0.1111111111111111,
70701,ComiRec (SA),0.11538461538461539,
70718,ComiRec (SA),0.0,0.0
70846,ComiRec (SA),0.0,0.0
70898,ComiRec (SA),0.11764705882352941,
70945,ComiRec (SA),0.0,
71058,ComiRec (SA),0.0,
71304,ComiRec (SA),0.1111111111111111,
71372,ComiRec (SA),0.0,
71463,ComiRec (SA),0.0,0.0
71492,ComiRec (SA),0.0,0.0
71605,ComiRec (SA),0.0,
71616,ComiRec (SA),0.2857142857142857,
71656,ComiRec (SA),0.0,
71664,ComiRec (SA),0.1,
71691,ComiRec (SA),0.25,
71743,ComiRec (SA),0.8,
71968,ComiRec (SA),0.1111111111111111,0.0
72027,ComiRec (SA),0.10526315789473684,0.0
72029,ComiRec (SA),0.16666666666666666,
72041,ComiRec (SA),0.0,
72193,ComiRec (SA),0.05,
72318,ComiRec (SA),0.0,0.0
72390,ComiRec (SA),0.06666666666666667,
72416,ComiRec (SA),0.0,
72469,ComiRec (SA),0.0,
72620,ComiRec (SA),0.0,
72628,ComiRec (SA),0.0,
72636,ComiRec (SA),0.0,
72679,ComiRec (SA),0.058823529411764705,0.0
72699,ComiRec (SA),0.0,
72710,ComiRec (SA),0.14285714285714285,
72772,ComiRec (SA),0.26666666666666666,
72795,ComiRec (SA),0.0,
72860,ComiRec (SA),0.0,0.0
72904,ComiRec (SA),0.0,
72950,ComiRec (SA),0.0,
73122,ComiRec (SA),0.02631578947368421,0.0
73313,ComiRec (SA),0.14285714285714285,
73417,ComiRec (SA),0.125,
73671,ComiRec (SA),0.0,0.0
73740,ComiRec (SA),0.2,0.0
73847,ComiRec (SA),0.14285714285714285,
73994,ComiRec (SA),0.029411764705882353,
74068,ComiRec (SA),0.125,
74070,ComiRec (SA),0.4,
74119,ComiRec (SA),0.125,
74242,ComiRec (SA),0.0,
74559,ComiRec (SA),0.0,0.0
74604,ComiRec (SA),0.0,
74619,ComiRec (SA),0.025,
74623,ComiRec (SA),0.0,0.0
74667,ComiRec (SA),0.0,
74768,ComiRec (SA),0.2222222222222222,
74771,ComiRec (SA),0.0,
74780,ComiRec (SA),0.0,0.0
74786,ComiRec (SA),0.0,
74822,ComiRec (SA),0.043478260869565216,
74874,ComiRec (SA),0.0,0.0
74886,ComiRec (SA),0.0,0.0
75062,ComiRec (SA),0.04,0.0
75119,ComiRec (SA),0.0,
75127,ComiRec (SA),0.02857142857142857,0.0
75143,ComiRec (SA),0.25,
75192,ComiRec (SA),0.13333333333333333,
75366,ComiRec (SA),0.05,
75450,ComiRec (SA),0.0,
75548,ComiRec (SA),0.1,
75576,ComiRec (SA),0.1111111111111111,
75606,ComiRec (SA),0.0,
75698,ComiRec (SA),0.0,0.0
75834,ComiRec (SA),0.25,
75882,ComiRec (SA),0.0,
75919,ComiRec (SA),0.02857142857142857,
75961,ComiRec (SA),0.2,
76005,ComiRec (SA),0.0,
76064,ComiRec (SA),0.05,0.0
76344,ComiRec (SA),0.14285714285714285,
76393,ComiRec (SA),0.0,
76409,ComiRec (SA),0.05555555555555555,
76424,ComiRec (SA),0.0,
76449,ComiRec (SA),0.029411764705882353,0.0
76470,ComiRec (SA),0.0,0.0
76482,ComiRec (SA),0.0,0.0
76519,ComiRec (SA),0.0,
76633,ComiRec (SA),0.6,
76820,ComiRec (SA),0.1,
76885,ComiRec (SA),0.0,
76978,ComiRec (SA),0.25,
77023,ComiRec (SA),0.1111111111111111,
77083,ComiRec (SA),0.0,
77198,ComiRec (SA),0.14285714285714285,0.0
77212,ComiRec (SA),0.2222222222222222,
77275,ComiRec (SA),0.0,
77293,ComiRec (SA),0.02857142857142857,
77342,ComiRec (SA),0.3333333333333333,
77372,ComiRec (SA),0.0,
77405,ComiRec (SA),0.0,0.0
77550,ComiRec (SA),0.0,
77670,ComiRec (SA),0.0,
77743,ComiRec (SA),0.0,0.0
77791,ComiRec (SA),0.07407407407407407,
77825,ComiRec (SA),0.3333333333333333,
77838,ComiRec (SA),0.0,0.0
77889,ComiRec (SA),0.0,
78074,ComiRec (SA),0.125,
78148,ComiRec (SA),0.2857142857142857,0.0
78173,ComiRec (SA),0.0,
78316,ComiRec (SA),0.1,
78428,ComiRec (SA),0.0,
78457,ComiRec (SA),0.0,0.0
78583,ComiRec (SA),0.0,
78748,ComiRec (SA),0.0,
79177,ComiRec (SA),0.0,
79262,ComiRec (SA),0.0,
79370,ComiRec (SA),0.0,0.0
79495,ComiRec (SA),0.0,
79537,ComiRec (SA),0.0625,
79651,ComiRec (SA),0.0,0.0
79679,ComiRec (SA),0.2222222222222222,
79724,ComiRec (SA),0.07692307692307693,
79740,ComiRec (SA),0.0,0.0
79860,ComiRec (SA),0.23076923076923078,
79895,ComiRec (SA),0.25,
79896,ComiRec (SA),0.0,0.0
79956,ComiRec (SA),0.0,
80071,ComiRec (SA),0.0,0.0
80217,ComiRec (SA),0.0,
80288,ComiRec (SA),0.0,
80331,ComiRec (SA),0.2857142857142857,0.0
80381,ComiRec (SA),0.125,
80387,ComiRec (SA),0.0,
80391,ComiRec (SA),0.0,
80514,ComiRec (SA),0.18181818181818182,
80560,ComiRec (SA),0.034482758620689655,
80656,ComiRec (SA),0.0,
80757,ComiRec (SA),0.0,
80768,ComiRec (SA),0.043478260869565216,
80905,ComiRec (SA),0.25,
80911,ComiRec (SA),0.05555555555555555,0.0
81060,ComiRec (SA),0.05555555555555555,
81208,ComiRec (SA),0.0,
81253,ComiRec (SA),0.0,
81337,ComiRec (SA),0.0,0.0
81351,ComiRec (SA),0.07142857142857142,
81510,ComiRec (SA),0.0,
81530,ComiRec (SA),0.0,0.0
81735,ComiRec (SA),0.0,
81891,ComiRec (SA),0.14285714285714285,
82007,ComiRec (SA),0.0625,0.0
82024,ComiRec (SA),0.42857142857142855,
82148,ComiRec (SA),0.14285714285714285,
82361,ComiRec (SA),0.058823529411764705,0.0
82381,ComiRec (SA),0.043478260869565216,
82579,ComiRec (SA),0.3333333333333333,
82655,ComiRec (SA),0.06666666666666667,0.0
82741,ComiRec (SA),0.0,
83064,ComiRec (SA),0.0,
83161,ComiRec (SA),0.0,
83169,ComiRec (SA),0.0,0.0
83249,ComiRec (SA),0.0,0.0
83259,ComiRec (SA),0.0,
83439,ComiRec (SA),0.0,
83534,ComiRec (SA),0.25,
83537,ComiRec (SA),0.5,
83549,ComiRec (SA),0.0,
83561,ComiRec (SA),0.02702702702702703,
83627,ComiRec (SA),0.0,0.0
83720,ComiRec (SA),0.0,
83802,ComiRec (SA),0.0,
83824,ComiRec (SA),0.0,0.0
84092,ComiRec (SA),0.0,
84133,ComiRec (SA),0.16666666666666666,
84598,ComiRec (SA),0.13333333333333333,
84673,ComiRec (SA),0.0,0.0
84810,ComiRec (SA),0.0,
84991,ComiRec (SA),0.19047619047619047,0.0
85142,ComiRec (SA),0.0,
85211,ComiRec (SA),0.0,
85297,ComiRec (SA),0.0,
85382,ComiRec (SA),0.0,
85537,ComiRec (SA),0.0,0.0
85769,ComiRec (SA),0.0,
85842,ComiRec (SA),0.0,
85971,ComiRec (SA),0.13333333333333333,
86006,ComiRec (SA),0.05128205128205128,
86309,ComiRec (SA),0.1,
86522,ComiRec (SA),0.11764705882352941,
86819,ComiRec (SA),0.2727272727272727,
87023,ComiRec (SA),0.02857142857142857,0.0
87049,ComiRec (SA),0.037037037037037035,
87241,ComiRec (SA),0.0,0.0
87331,ComiRec (SA),0.0,0.0
87348,ComiRec (SA),0.0,
87382,ComiRec (SA),0.0,
87383,ComiRec (SA),0.4,
87389,ComiRec (SA),0.0,0.0
87642,ComiRec (SA),0.0,0.0
87647,ComiRec (SA),0.0,0.0
87801,ComiRec (SA),0.25,
87877,ComiRec (SA),0.0,
87880,ComiRec (SA),0.0,
88163,ComiRec (SA),0.2727272727272727,
88224,ComiRec (SA),0.3333333333333333,
88227,ComiRec (SA),0.038461538461538464,
88236,ComiRec (SA),0.0,
88283,ComiRec (SA),0.0,
88346,ComiRec (SA),0.0,
88448,ComiRec (SA),0.0,
88461,ComiRec (SA),0.0,0.0
88544,ComiRec (SA),0.0,
88553,ComiRec (SA),0.0,
88587,ComiRec (SA),0.05,
88606,ComiRec (SA),0.0,0.0
88666,ComiRec (SA),0.25,
88704,ComiRec (SA),0.0,
88712,ComiRec (SA),0.10526315789473684,
88724,ComiRec (SA),0.027777777777777776,
88728,ComiRec (SA),0.0,
88730,ComiRec (SA),0.0,
88824,ComiRec (SA),0.13333333333333333,
88849,ComiRec (SA),0.0,
88857,ComiRec (SA),0.0,
88922,ComiRec (SA),0.07407407407407407,0.0
88991,ComiRec (SA),0.0,
89181,ComiRec (SA),0.16666666666666666,
89244,ComiRec (SA),0.0,0.0
89248,ComiRec (SA),0.07142857142857142,
89351,ComiRec (SA),0.0,0.0
89384,ComiRec (SA),0.0,0.0
89556,ComiRec (SA),0.0,0.0
89571,ComiRec (SA),0.3333333333333333,
89632,ComiRec (SA),0.05555555555555555,0.0
89702,ComiRec (SA),0.0,0.0
89740,ComiRec (SA),0.0625,
89823,ComiRec (SA),0.0,0.0
89907,ComiRec (SA),0.0,
90112,ComiRec (SA),0.034482758620689655,
90125,ComiRec (SA),0.0,0.0
90336,ComiRec (SA),0.125,
90436,ComiRec (SA),0.0,
90483,ComiRec (SA),0.0,
90522,ComiRec (SA),0.0,
90533,ComiRec (SA),0.05555555555555555,
90605,ComiRec (SA),0.06896551724137931,0.0
90677,ComiRec (SA),0.25,
90745,ComiRec (SA),0.0,0.0
90781,ComiRec (SA),0.0,0.0
90793,ComiRec (SA),0.1,
90803,ComiRec (SA),0.0,
90835,ComiRec (SA),0.0,
90880,ComiRec (SA),0.0,
90989,ComiRec (SA),0.0,
91011,ComiRec (SA),0.0,
91029,ComiRec (SA),0.16666666666666666,
91100,ComiRec (SA),0.0,
91179,ComiRec (SA),0.08333333333333333,
91211,ComiRec (SA),0.0,
91301,ComiRec (SA),0.0,
91405,ComiRec (SA),0.6666666666666666,
91408,ComiRec (SA),0.0,
91612,ComiRec (SA),0.0,0.0
91676,ComiRec (SA),0.058823529411764705,
91691,ComiRec (SA),0.2,
91798,ComiRec (SA),0.0,
91941,ComiRec (SA),0.07407407407407407,0.0
92101,ComiRec (SA),0.0,0.0
92272,ComiRec (SA),0.05405405405405406,
92328,ComiRec (SA),0.06666666666666667,
92350,ComiRec (SA),0.0,0.0
92358,ComiRec (SA),0.0,0.0
92585,ComiRec (SA),0.0,
92608,ComiRec (SA),0.0,
92758,ComiRec (SA),0.125,
92826,ComiRec (SA),0.0,0.0
92963,ComiRec (SA),0.03125,
93077,ComiRec (SA),0.0,
93288,ComiRec (SA),0.18181818181818182,
93317,ComiRec (SA),0.0,
93532,ComiRec (SA),0.07142857142857142,
93604,ComiRec (SA),0.07692307692307693,
93622,ComiRec (SA),0.0,
93690,ComiRec (SA),0.4,
93716,ComiRec (SA),0.0,
93911,ComiRec (SA),0.0,
94034,ComiRec (SA),0.16666666666666666,
94055,ComiRec (SA),0.0,
94399,ComiRec (SA),0.0,
94515,ComiRec (SA),0.0,
94585,ComiRec (SA),0.0,
94674,ComiRec (SA),0.36363636363636365,
94676,ComiRec (SA),0.0,0.0
94692,ComiRec (SA),0.0,
94767,ComiRec (SA),0.027777777777777776,0.0
94772,ComiRec (SA),0.0,0.0
94833,ComiRec (SA),0.0,
94909,ComiRec (SA),0.0,
94965,ComiRec (SA),0.043478260869565216,0.0
95177,ComiRec (SA),0.0,0.0
95215,ComiRec (SA),0.0,
95260,ComiRec (SA),0.1,
95316,ComiRec (SA),0.0,
95368,ComiRec (SA),0.0,
95379,ComiRec (SA),0.0,
95483,ComiRec (SA),0.3333333333333333,
95635,ComiRec (SA),0.09523809523809523,
95793,ComiRec (SA),0.0,
95892,ComiRec (SA),0.08333333333333333,
95949,ComiRec (SA),0.04,
95970,ComiRec (SA),0.03125,
96039,ComiRec (SA),0.2,
96052,ComiRec (SA),0.0,
96119,ComiRec (SA),0.2,
96122,ComiRec (SA),0.0,
96251,ComiRec (SA),0.4166666666666667,
96513,ComiRec (SA),0.16666666666666666,
96542,ComiRec (SA),0.11764705882352941,
96575,ComiRec (SA),0.08333333333333333,
96614,ComiRec (SA),0.0,
96728,ComiRec (SA),0.0,0.0
96747,ComiRec (SA),0.0,
96760,ComiRec (SA),0.027777777777777776,0.0
96878,ComiRec (SA),0.058823529411764705,
96928,ComiRec (SA),0.0,0.0
96959,ComiRec (SA),0.0,0.0
97021,ComiRec (SA),0.18181818181818182,
97079,ComiRec (SA),0.0,0.0
97314,ComiRec (SA),0.2857142857142857,
97349,ComiRec (SA),0.0,
97415,ComiRec (SA),0.0,0.0
97626,ComiRec (SA),0.0,
97741,ComiRec (SA),0.0,
97824,ComiRec (SA),0.05,
97825,ComiRec (SA),0.0,
97894,ComiRec (SA),0.047619047619047616,
97969,ComiRec (SA),0.0,
98014,ComiRec (SA),0.25,
98019,ComiRec (SA),0.17647058823529413,
98061,ComiRec (SA),0.0,
98090,ComiRec (SA),0.08333333333333333,
98134,ComiRec (SA),0.08333333333333333,
98200,ComiRec (SA),0.0,
98346,ComiRec (SA),0.0,
98501,ComiRec (SA),0.0,
98579,ComiRec (SA),0.0625,
98754,ComiRec (SA),0.0,
99018,ComiRec (SA),0.3,
99225,ComiRec (SA),0.0,
99297,ComiRec (SA),0.16666666666666666,
99299,ComiRec (SA),0.1,
99473,ComiRec (SA),0.125,
99644,ComiRec (SA),0.0,
99693,ComiRec (SA),0.047619047619047616,0.0
99709,ComiRec (SA),0.0,0.0
99721,ComiRec (SA),0.0,0.0
99754,ComiRec (SA),0.0,
99768,ComiRec (SA),0.0,
99845,ComiRec (SA),0.045454545454545456,
99876,ComiRec (SA),0.0,
100128,ComiRec (SA),0.037037037037037035,0.0
100143,ComiRec (SA),0.3333333333333333,
100172,ComiRec (SA),0.6666666666666666,
100240,ComiRec (SA),0.2,0.0
100262,ComiRec (SA),0.0,0.0
100334,ComiRec (SA),0.8,
100381,ComiRec (SA),0.5,
100538,ComiRec (SA),0.0,0.0
100606,ComiRec (SA),0.0,
100778,ComiRec (SA),0.0,
101252,ComiRec (SA),0.0,0.0
101271,ComiRec (SA),0.0,0.0
101312,ComiRec (SA),0.125,0.0
101578,ComiRec (SA),0.05555555555555555,
101747,ComiRec (SA),0.0,
101762,ComiRec (SA),0.06451612903225806,
101884,ComiRec (SA),0.0,0.0
101906,ComiRec (SA),0.0,
101934,ComiRec (SA),0.0,
101957,ComiRec (SA),0.25,
102113,ComiRec (SA),0.0,
102150,ComiRec (SA),0.038461538461538464,
102171,ComiRec (SA),0.0,
102189,ComiRec (SA),0.0,
102216,ComiRec (SA),0.0,0.0
102369,ComiRec (SA),0.13636363636363635,
102428,ComiRec (SA),0.0,0.0
102514,ComiRec (SA),0.0,
102533,ComiRec (SA),0.125,
102817,ComiRec (SA),0.09090909090909091,0.0
102857,ComiRec (SA),0.15384615384615385,
102873,ComiRec (SA),0.07692307692307693,
102890,ComiRec (SA),0.03125,0.0
103086,ComiRec (SA),0.0,
103095,ComiRec (SA),0.125,
103164,ComiRec (SA),0.0,
103200,ComiRec (SA),0.06896551724137931,
103202,ComiRec (SA),0.0,
103343,ComiRec (SA),0.0,
103400,ComiRec (SA),0.5,
103527,ComiRec (SA),0.09090909090909091,0.0
103580,ComiRec (SA),0.0,
103625,ComiRec (SA),0.3333333333333333,
103794,ComiRec (SA),0.2857142857142857,0.0
103803,ComiRec (SA),0.07142857142857142,0.0
104097,ComiRec (SA),0.0,
104227,ComiRec (SA),0.3333333333333333,
104310,ComiRec (SA),0.0,0.0
104318,ComiRec (SA),0.13043478260869565,
104401,ComiRec (SA),0.0,
104430,ComiRec (SA),0.0625,
104502,ComiRec (SA),0.0,0.0
104532,ComiRec (SA),0.25,
104549,ComiRec (SA),0.0,
104692,ComiRec (SA),0.0,0.0
104775,ComiRec (SA),0.07407407407407407,
104869,ComiRec (SA),0.4,
104904,ComiRec (SA),0.0,0.0
104911,ComiRec (SA),0.0,0.0
105015,ComiRec (SA),0.0,
105076,ComiRec (SA),0.0,
105078,ComiRec (SA),0.0,
105150,ComiRec (SA),0.13333333333333333,
105160,ComiRec (SA),0.0,
105250,ComiRec (SA),0.0,
105402,ComiRec (SA),0.0,0.0
105485,ComiRec (SA),0.16666666666666666,0.0
105524,ComiRec (SA),0.0967741935483871,0.0
105687,ComiRec (SA),0.0,
105702,ComiRec (SA),0.0,0.0
106034,ComiRec (SA),0.0,
106145,ComiRec (SA),0.0,
106202,ComiRec (SA),0.0,0.0
106244,ComiRec (SA),0.0,
106268,ComiRec (SA),0.0,
106461,ComiRec (SA),0.05555555555555555,
106478,ComiRec (SA),0.0,
106482,ComiRec (SA),0.0,
106490,ComiRec (SA),0.0,
106544,ComiRec (SA),0.2857142857142857,
106748,ComiRec (SA),0.0,
106845,ComiRec (SA),0.25,
106850,ComiRec (SA),0.0,
106851,ComiRec (SA),0.0,
106901,ComiRec (SA),0.2857142857142857,
106946,ComiRec (SA),0.0,
107112,ComiRec (SA),0.0,
107149,ComiRec (SA),0.1111111111111111,
107196,ComiRec (SA),0.15,
107214,ComiRec (SA),0.0,0.0
107425,ComiRec (SA),0.0,
107504,ComiRec (SA),0.0,
107632,ComiRec (SA),0.1388888888888889,
107647,ComiRec (SA),0.2,
107672,ComiRec (SA),0.0,
107764,ComiRec (SA),0.0,
107862,ComiRec (SA),0.0,
108098,ComiRec (SA),0.0,0.0
108154,ComiRec (SA),0.0,
108254,ComiRec (SA),0.0,0.0
108359,ComiRec (SA),0.07692307692307693,0.0
108382,ComiRec (SA),0.0,0.0
108412,ComiRec (SA),0.1,
108499,ComiRec (SA),0.125,
108529,ComiRec (SA),0.0,
108544,ComiRec (SA),0.0,0.0
108614,ComiRec (SA),0.0,0.0
108735,ComiRec (SA),0.0,
108746,ComiRec (SA),0.0,
108785,ComiRec (SA),0.16666666666666666,
108844,ComiRec (SA),0.075,
108961,ComiRec (SA),0.09090909090909091,
108999,ComiRec (SA),0.038461538461538464,
109044,ComiRec (SA),0.0,
109111,ComiRec (SA),0.5,
109163,ComiRec (SA),0.08695652173913043,0.0
109192,ComiRec (SA),0.0,
109209,ComiRec (SA),0.0,
109250,ComiRec (SA),0.0,
109373,ComiRec (SA),0.0,
109682,ComiRec (SA),0.08333333333333333,
109688,ComiRec (SA),0.5,
109694,ComiRec (SA),0.058823529411764705,
109805,ComiRec (SA),0.1111111111111111,0.0
109854,ComiRec (SA),0.0,0.0
109912,ComiRec (SA),0.0,0.0
110015,ComiRec (SA),0.0,
110033,ComiRec (SA),0.0,
110107,ComiRec (SA),0.09090909090909091,
110158,ComiRec (SA),0.14285714285714285,
110189,ComiRec (SA),0.0,0.0
110225,ComiRec (SA),0.0,
110235,ComiRec (SA),0.1111111111111111,
110284,ComiRec (SA),0.0,
110306,ComiRec (SA),0.0,
110479,ComiRec (SA),0.0,0.0
110577,ComiRec (SA),0.125,0.0
110589,ComiRec (SA),0.0,0.0
110660,ComiRec (SA),0.0,0.0
110665,ComiRec (SA),0.0,
110747,ComiRec (SA),0.25,
110911,ComiRec (SA),0.0,
110921,ComiRec (SA),0.2727272727272727,
110928,ComiRec (SA),0.0,
110996,ComiRec (SA),0.3333333333333333,
111063,ComiRec (SA),0.0,
111132,ComiRec (SA),0.1111111111111111,
111241,ComiRec (SA),0.0,
111305,ComiRec (SA),0.0,
111406,ComiRec (SA),0.1111111111111111,
111410,ComiRec (SA),0.18181818181818182,
111455,ComiRec (SA),0.0,
111478,ComiRec (SA),0.14285714285714285,
111700,ComiRec (SA),0.4,
111759,ComiRec (SA),0.25,
111885,ComiRec (SA),0.0,0.0
111919,ComiRec (SA),0.0,
111977,ComiRec (SA),0.25,
112118,ComiRec (SA),0.1111111111111111,
112133,ComiRec (SA),0.0,
112173,ComiRec (SA),0.16666666666666666,
112351,ComiRec (SA),0.0,0.0
112425,ComiRec (SA),0.0,0.0
112552,ComiRec (SA),0.1,
112573,ComiRec (SA),0.0,
112606,ComiRec (SA),0.0,
112775,ComiRec (SA),0.09090909090909091,
112794,ComiRec (SA),0.0,0.0
112903,ComiRec (SA),0.4444444444444444,
112964,ComiRec (SA),0.07142857142857142,0.0
113048,ComiRec (SA),0.0,
113073,ComiRec (SA),0.0,0.0
113093,ComiRec (SA),0.2,
113183,ComiRec (SA),0.0,0.0
113269,ComiRec (SA),0.0,0.0
113376,ComiRec (SA),0.0,
113452,ComiRec (SA),0.14285714285714285,0.0
113502,ComiRec (SA),0.0,
113520,ComiRec (SA),0.0,0.0
113524,ComiRec (SA),0.5,
113572,ComiRec (SA),0.0,
113573,ComiRec (SA),0.0,0.0
113638,ComiRec (SA),0.0,
113764,ComiRec (SA),0.75,
113927,ComiRec (SA),0.0,
114079,ComiRec (SA),0.0,
114124,ComiRec (SA),0.0,
114131,ComiRec (SA),0.0,
114387,ComiRec (SA),0.0,0.0
114462,ComiRec (SA),0.08333333333333333,0.0
114540,ComiRec (SA),0.0,
114562,ComiRec (SA),0.08823529411764706,
114578,ComiRec (SA),0.0,
114675,ComiRec (SA),0.041666666666666664,
114677,ComiRec (SA),0.0,
114711,ComiRec (SA),0.0,
114728,ComiRec (SA),0.2857142857142857,
114828,ComiRec (SA),0.14285714285714285,
114846,ComiRec (SA),0.041666666666666664,
115004,ComiRec (SA),0.0,
115035,ComiRec (SA),0.0,
115078,ComiRec (SA),0.0,0.0
115297,ComiRec (SA),0.125,
115312,ComiRec (SA),0.0,
115326,ComiRec (SA),0.0,0.0
115334,ComiRec (SA),0.0,
115411,ComiRec (SA),0.0,
115585,ComiRec (SA),0.16666666666666666,0.0
115603,ComiRec (SA),0.058823529411764705,
115693,ComiRec (SA),0.07692307692307693,0.0
115750,ComiRec (SA),0.14285714285714285,
115859,ComiRec (SA),0.0,
115966,ComiRec (SA),0.0,
115996,ComiRec (SA),0.0,0.0
116045,ComiRec (SA),0.16666666666666666,0.0
116173,ComiRec (SA),0.0,
116269,ComiRec (SA),0.0,
116331,ComiRec (SA),0.3333333333333333,
116424,ComiRec (SA),0.0,
116454,ComiRec (SA),0.0,
116589,ComiRec (SA),0.4,
116754,ComiRec (SA),0.0,0.0
117086,ComiRec (SA),0.0,
117291,ComiRec (SA),0.0,
117389,ComiRec (SA),0.0,
117639,ComiRec (SA),0.2,
117810,ComiRec (SA),0.07692307692307693,
117836,ComiRec (SA),0.0,
117899,ComiRec (SA),0.05555555555555555,
118066,ComiRec (SA),0.15,
118113,ComiRec (SA),0.2857142857142857,
118183,ComiRec (SA),0.0,
118184,ComiRec (SA),0.0,0.0
118191,ComiRec (SA),0.0,
118241,ComiRec (SA),0.0,
118336,ComiRec (SA),0.0,
118362,ComiRec (SA),0.5,
118406,ComiRec (SA),0.0,0.0
118418,ComiRec (SA),0.15384615384615385,
118470,ComiRec (SA),0.03225806451612903,
118574,ComiRec (SA),0.0,
118608,ComiRec (SA),0.0,
118672,ComiRec (SA),0.0,0.0
118804,ComiRec (SA),0.08823529411764706,
118868,ComiRec (SA),0.2222222222222222,
119023,ComiRec (SA),0.0,0.0
119149,ComiRec (SA),0.16666666666666666,
119159,ComiRec (SA),0.0,
119219,ComiRec (SA),0.2857142857142857,
119460,ComiRec (SA),0.047619047619047616,0.0
119549,ComiRec (SA),0.038461538461538464,0.0
119807,ComiRec (SA),0.0,
119857,ComiRec (SA),0.23076923076923078,
119944,ComiRec (SA),0.0,0.0
119953,ComiRec (SA),0.13333333333333333,
120054,ComiRec (SA),0.0,
120083,ComiRec (SA),0.06451612903225806,
120171,ComiRec (SA),0.0,
120255,ComiRec (SA),0.08,0.0
120386,ComiRec (SA),0.0,
120468,ComiRec (SA),0.25,
120701,ComiRec (SA),0.11764705882352941,
120821,ComiRec (SA),0.25,
120836,ComiRec (SA),0.0,0.0
120905,ComiRec (SA),0.0,0.0
121020,ComiRec (SA),0.5,
121054,ComiRec (SA),0.0,
121133,ComiRec (SA),0.0,0.0
121147,ComiRec (SA),0.0,
121223,ComiRec (SA),0.0,
121468,ComiRec (SA),0.0,0.0
121713,ComiRec (SA),0.0,
121797,ComiRec (SA),0.07142857142857142,
121891,ComiRec (SA),0.02857142857142857,0.0
121940,ComiRec (SA),0.0,
122009,ComiRec (SA),0.08333333333333333,
122071,ComiRec (SA),0.0,0.0
122094,ComiRec (SA),0.3333333333333333,0.0
122174,ComiRec (SA),0.0,0.0
122216,ComiRec (SA),0.1111111111111111,
122295,ComiRec (SA),0.0,0.0
122455,ComiRec (SA),0.02564102564102564,
122459,ComiRec (SA),0.0,
122509,ComiRec (SA),0.125,
122541,ComiRec (SA),0.0,
122662,ComiRec (SA),0.07692307692307693,0.0
122722,ComiRec (SA),0.0,
122768,ComiRec (SA),0.4,
122797,ComiRec (SA),0.0,0.0
122835,ComiRec (SA),0.07407407407407407,
122915,ComiRec (SA),0.0,0.0
122921,ComiRec (SA),0.06666666666666667,
122998,ComiRec (SA),0.0,0.0
123004,ComiRec (SA),0.0,0.0
123035,ComiRec (SA),0.0,
123168,ComiRec (SA),0.18181818181818182,
123179,ComiRec (SA),0.0,
123184,ComiRec (SA),0.034482758620689655,
123257,ComiRec (SA),0.5,
123413,ComiRec (SA),0.047619047619047616,
123482,ComiRec (SA),0.0,
123494,ComiRec (SA),0.0,0.0
123529,ComiRec (SA),0.0,
123634,ComiRec (SA),0.0,
123647,ComiRec (SA),0.0,0.0
123674,ComiRec (SA),0.0,0.0
123802,ComiRec (SA),0.0,0.0
123914,ComiRec (SA),0.0,
123929,ComiRec (SA),0.1,
124020,ComiRec (SA),0.0,
124032,ComiRec (SA),0.0,0.0
124199,ComiRec (SA),0.0,
124201,ComiRec (SA),0.2,
124255,ComiRec (SA),0.1,0.0
124287,ComiRec (SA),0.07142857142857142,
124367,ComiRec (SA),0.125,
124394,ComiRec (SA),0.1,
124677,ComiRec (SA),0.5,
124781,ComiRec (SA),0.0,
124872,ComiRec (SA),0.14285714285714285,
124968,ComiRec (SA),0.02857142857142857,0.0
125001,ComiRec (SA),0.0,
125028,ComiRec (SA),0.0,
125049,ComiRec (SA),0.3333333333333333,
125064,ComiRec (SA),0.16666666666666666,
125159,ComiRec (SA),0.0,
125274,ComiRec (SA),0.16666666666666666,
125307,ComiRec (SA),0.15384615384615385,
125360,ComiRec (SA),0.0,
125403,ComiRec (SA),0.027777777777777776,0.0
125424,ComiRec (SA),0.0,0.0
125459,ComiRec (SA),0.07142857142857142,
125526,ComiRec (SA),0.0,0.0
125677,ComiRec (SA),0.0,
125724,ComiRec (SA),0.0,
125859,ComiRec (SA),0.4,
125892,ComiRec (SA),0.0,
125895,ComiRec (SA),0.0,0.0
126075,ComiRec (SA),0.0,0.0
126167,ComiRec (SA),0.0,
126308,ComiRec (SA),0.0,
126339,ComiRec (SA),0.09090909090909091,
126357,ComiRec (SA),0.0,
126549,ComiRec (SA),0.0,
126587,ComiRec (SA),0.0,
126758,ComiRec (SA),0.0,
126976,ComiRec (SA),0.0,
126986,ComiRec (SA),0.0,
127006,ComiRec (SA),0.25,
127076,ComiRec (SA),0.0,
127113,ComiRec (SA),0.0,
127320,ComiRec (SA),0.2916666666666667,
127480,ComiRec (SA),0.0,0.0
127508,ComiRec (SA),0.0,
127514,ComiRec (SA),0.0,
127557,ComiRec (SA),0.1111111111111111,
127831,ComiRec (SA),0.0,
127848,ComiRec (SA),0.0,
127942,ComiRec (SA),0.0,0.0
127959,ComiRec (SA),0.0,0.0
127991,ComiRec (SA),0.16666666666666666,
128231,ComiRec (SA),0.0,
128416,ComiRec (SA),0.0,0.0
128467,ComiRec (SA),0.2,
128597,ComiRec (SA),0.0,
128636,ComiRec (SA),0.0,
128750,ComiRec (SA),0.0,
128867,ComiRec (SA),0.0,
128954,ComiRec (SA),0.05,
129037,ComiRec (SA),0.0,
129136,ComiRec (SA),0.25,
129240,ComiRec (SA),0.0,
129253,ComiRec (SA),0.17647058823529413,
129297,ComiRec (SA),0.0,
129388,ComiRec (SA),0.1,
129446,ComiRec (SA),0.26666666666666666,
129465,ComiRec (SA),0.0625,0.0
129589,ComiRec (SA),0.25,
129827,ComiRec (SA),0.0,
129933,ComiRec (SA),0.0,
129941,ComiRec (SA),0.0,
130023,ComiRec (SA),0.045454545454545456,0.0
130166,ComiRec (SA),0.0,
130215,ComiRec (SA),0.5714285714285714,
130237,ComiRec (SA),0.0,0.0
130253,ComiRec (SA),0.0,
130307,ComiRec (SA),0.0,0.0
130444,ComiRec (SA),0.0,0.0
130709,ComiRec (SA),0.0,0.0
130819,ComiRec (SA),0.0,
130838,ComiRec (SA),0.0,0.0
130841,ComiRec (SA),0.0,
130855,ComiRec (SA),0.0,
131108,ComiRec (SA),0.16666666666666666,
131163,ComiRec (SA),0.0,
131274,ComiRec (SA),0.0,
131348,ComiRec (SA),0.2857142857142857,
131445,ComiRec (SA),0.5,
131447,ComiRec (SA),0.0,
131558,ComiRec (SA),0.05714285714285714,0.0
131695,ComiRec (SA),0.0,
131774,ComiRec (SA),0.02631578947368421,0.0
131832,ComiRec (SA),0.0,
132102,ComiRec (SA),0.0,0.0
132135,ComiRec (SA),0.0,0.0
132154,ComiRec (SA),0.0,
132208,ComiRec (SA),0.2222222222222222,
132215,ComiRec (SA),0.0,
132277,ComiRec (SA),0.0,
132351,ComiRec (SA),0.0,
132406,ComiRec (SA),0.09523809523809523,
132510,ComiRec (SA),0.0,
132514,ComiRec (SA),0.11764705882352941,
132522,ComiRec (SA),0.0,0.0
132557,ComiRec (SA),0.0,
132608,ComiRec (SA),0.1111111111111111,0.0
132612,ComiRec (SA),0.0,
132681,ComiRec (SA),0.2,
132770,ComiRec (SA),0.0,0.0
132801,ComiRec (SA),0.125,
132992,ComiRec (SA),0.2857142857142857,
133212,ComiRec (SA),0.125,
133215,ComiRec (SA),0.09090909090909091,0.0
133272,ComiRec (SA),0.034482758620689655,
133320,ComiRec (SA),0.0,0.0
133677,ComiRec (SA),0.0,
133789,ComiRec (SA),0.0,0.0
133909,ComiRec (SA),0.3333333333333333,
134070,ComiRec (SA),0.0,
134161,ComiRec (SA),0.0,
134250,ComiRec (SA),0.16666666666666666,
134464,ComiRec (SA),0.0,
134605,ComiRec (SA),0.0,
134818,ComiRec (SA),0.0,
134821,ComiRec (SA),0.0,
134853,ComiRec (SA),0.2,
134965,ComiRec (SA),0.375,
135028,ComiRec (SA),0.0,0.0
135077,ComiRec (SA),0.2,
135112,ComiRec (SA),0.041666666666666664,
135124,ComiRec (SA),0.07407407407407407,
135348,ComiRec (SA),0.0,
135400,ComiRec (SA),0.0,
135406,ComiRec (SA),0.0,0.0
135486,ComiRec (SA),0.2,0.0
135522,ComiRec (SA),0.07142857142857142,0.0
135659,ComiRec (SA),0.1111111111111111,
135806,ComiRec (SA),0.0,
136139,ComiRec (SA),0.0,0.0
136252,ComiRec (SA),0.125,
136260,ComiRec (SA),0.0,
136364,ComiRec (SA),0.05555555555555555,0.0
136430,ComiRec (SA),0.1,
136445,ComiRec (SA),0.0,
136471,ComiRec (SA),0.0,0.0
136628,ComiRec (SA),0.75,
136669,ComiRec (SA),0.3333333333333333,
136706,ComiRec (SA),0.0,0.0
136789,ComiRec (SA),0.08333333333333333,
136823,ComiRec (SA),0.0,
136838,ComiRec (SA),0.0,
136968,ComiRec (SA),0.0,0.0
136973,ComiRec (SA),0.0,
136976,ComiRec (SA),0.0,0.0
137033,ComiRec (SA),0.1,
137117,ComiRec (SA),0.0,
137136,ComiRec (SA),0.0,
137172,ComiRec (SA),0.0,
137314,ComiRec (SA),0.0,
137351,ComiRec (SA),0.0,
137361,ComiRec (SA),0.0,
137592,ComiRec (SA),0.0,0.0
137736,ComiRec (SA),0.6,
137884,ComiRec (SA),0.0,
137982,ComiRec (SA),0.0,
138080,ComiRec (SA),0.0,
138230,ComiRec (SA),0.8,
138271,ComiRec (SA),0.0,
138467,ComiRec (SA),0.0,0.0
138598,ComiRec (SA),0.0,0.0
138818,ComiRec (SA),0.0,
138862,ComiRec (SA),0.0,
138931,ComiRec (SA),0.0,
138986,ComiRec (SA),0.025,
139221,ComiRec (SA),0.047619047619047616,
139309,ComiRec (SA),0.0,
139312,ComiRec (SA),0.1111111111111111,
139363,ComiRec (SA),0.0,
139417,ComiRec (SA),0.07692307692307693,0.0
139569,ComiRec (SA),0.0625,
139596,ComiRec (SA),0.6666666666666666,
139679,ComiRec (SA),0.0,0.0
139783,ComiRec (SA),0.2857142857142857,
139847,ComiRec (SA),0.25,
139915,ComiRec (SA),0.0,
139923,ComiRec (SA),0.08333333333333333,
140019,ComiRec (SA),0.03571428571428571,0.0
140080,ComiRec (SA),0.08823529411764706,0.0
140113,ComiRec (SA),0.6,
140175,ComiRec (SA),0.0,
140194,ComiRec (SA),0.0,0.0
140356,ComiRec (SA),0.0,
140497,ComiRec (SA),0.0,
140520,ComiRec (SA),0.125,
140597,ComiRec (SA),0.02564102564102564,0.0
140604,ComiRec (SA),0.0,
140719,ComiRec (SA),0.18181818181818182,0.0
140880,ComiRec (SA),0.125,
141012,ComiRec (SA),0.0,0.0
141130,ComiRec (SA),0.0,0.0
141174,ComiRec (SA),0.0,0.0
141178,ComiRec (SA),0.0,
141262,ComiRec (SA),0.058823529411764705,0.0
141266,ComiRec (SA),0.0,
141310,ComiRec (SA),0.08333333333333333,0.0
141323,ComiRec (SA),0.14285714285714285,
141352,ComiRec (SA),0.05714285714285714,0.0
141365,ComiRec (SA),0.14285714285714285,
141415,ComiRec (SA),0.0,0.0
141456,ComiRec (SA),0.4,
141479,ComiRec (SA),0.0,
141508,ComiRec (SA),0.0,
141512,ComiRec (SA),0.0,
141514,ComiRec (SA),0.2,
141527,ComiRec (SA),0.0,0.0
141866,ComiRec (SA),0.15789473684210525,
141895,ComiRec (SA),0.0,0.0
141902,ComiRec (SA),0.0,
141949,ComiRec (SA),0.0,
141988,ComiRec (SA),0.058823529411764705,
141994,ComiRec (SA),0.0,0.0
142037,ComiRec (SA),0.375,
142058,ComiRec (SA),0.03125,0.0
142086,ComiRec (SA),0.07142857142857142,
142291,ComiRec (SA),0.058823529411764705,
142350,ComiRec (SA),0.034482758620689655,
142612,ComiRec (SA),0.0,
142743,ComiRec (SA),0.0,
142759,ComiRec (SA),0.16666666666666666,
142800,ComiRec (SA),0.0,0.0
142816,ComiRec (SA),0.0,0.0
142937,ComiRec (SA),0.0,
142957,ComiRec (SA),0.0,0.0
143010,ComiRec (SA),0.0,
143024,ComiRec (SA),0.0,
143089,ComiRec (SA),0.0,
143227,ComiRec (SA),0.25,
143263,ComiRec (SA),0.0,0.0
143270,ComiRec (SA),0.0,
143294,ComiRec (SA),0.10344827586206896,0.0
143320,ComiRec (SA),0.0,
143558,ComiRec (SA),0.0,
143613,ComiRec (SA),0.09090909090909091,
143652,ComiRec (SA),0.0,
143851,ComiRec (SA),0.0,
143928,ComiRec (SA),0.0,
143944,ComiRec (SA),0.125,
144034,ComiRec (SA),0.0,
144176,ComiRec (SA),0.0,0.0
144194,ComiRec (SA),0.0,
144285,ComiRec (SA),0.0,0.0
144378,ComiRec (SA),0.0,
144389,ComiRec (SA),0.0,0.0
144444,ComiRec (SA),0.10526315789473684,
144526,ComiRec (SA),0.0,
144565,ComiRec (SA),0.0,
144616,ComiRec (SA),0.0,
144645,ComiRec (SA),0.5,
144652,ComiRec (SA),0.0,0.0
144737,ComiRec (SA),0.0,
144777,ComiRec (SA),0.0,
144900,ComiRec (SA),0.0,0.0
145019,ComiRec (SA),0.045454545454545456,
145194,ComiRec (SA),0.058823529411764705,
145219,ComiRec (SA),0.0,
145293,ComiRec (SA),0.05555555555555555,
145309,ComiRec (SA),0.0,
145409,ComiRec (SA),0.07142857142857142,0.0
145416,ComiRec (SA),0.3333333333333333,
145418,ComiRec (SA),0.0,
145527,ComiRec (SA),0.4,
145722,ComiRec (SA),0.0,0.0
145748,ComiRec (SA),0.0,
146057,ComiRec (SA),0.0,0.0
146108,ComiRec (SA),0.0,
146202,ComiRec (SA),0.030303030303030304,0.0
146387,ComiRec (SA),0.09090909090909091,
146413,ComiRec (SA),0.2,
146425,ComiRec (SA),0.0,
146485,ComiRec (SA),0.0,
146511,ComiRec (SA),0.0,
146593,ComiRec (SA),0.09090909090909091,
146665,ComiRec (SA),0.0,0.0
147351,ComiRec (SA),0.4,
147450,ComiRec (SA),0.0,
147452,ComiRec (SA),0.08333333333333333,
147621,ComiRec (SA),0.05,
147623,ComiRec (SA),0.0,0.0
147632,ComiRec (SA),0.0,0.0
147717,ComiRec (SA),0.18181818181818182,0.0
147733,ComiRec (SA),0.0,
147803,ComiRec (SA),0.07142857142857142,0.0
147992,ComiRec (SA),0.0,0.0
147997,ComiRec (SA),0.02564102564102564,
148086,ComiRec (SA),0.027777777777777776,0.0
148214,ComiRec (SA),0.0,
148273,ComiRec (SA),0.08695652173913043,0.0
148296,ComiRec (SA),0.0,0.0
148372,ComiRec (SA),0.0,
148375,ComiRec (SA),0.14285714285714285,0.0
148465,ComiRec (SA),0.2222222222222222,
148503,ComiRec (SA),0.15384615384615385,
148622,ComiRec (SA),0.0,
148700,ComiRec (SA),0.0,
148714,ComiRec (SA),0.3333333333333333,
148957,ComiRec (SA),0.0,
148969,ComiRec (SA),0.0,
149154,ComiRec (SA),0.2,
149176,ComiRec (SA),0.027777777777777776,
149214,ComiRec (SA),0.0,
149228,ComiRec (SA),0.0,0.0
149375,ComiRec (SA),0.25,
149415,ComiRec (SA),0.14285714285714285,
149541,ComiRec (SA),0.0,
149571,ComiRec (SA),0.0,
149907,ComiRec (SA),0.0,
149940,ComiRec (SA),0.0,0.0
149955,ComiRec (SA),0.0,
149987,ComiRec (SA),0.030303030303030304,0.0
150038,ComiRec (SA),0.05263157894736842,
150045,ComiRec (SA),0.1111111111111111,
150138,ComiRec (SA),0.07692307692307693,
150217,ComiRec (SA),0.0,
150339,ComiRec (SA),0.0,
150481,ComiRec (SA),0.0,
150708,ComiRec (SA),0.0,
150868,ComiRec (SA),0.0,
150876,ComiRec (SA),0.0,0.0
151016,ComiRec (SA),0.037037037037037035,
151045,ComiRec (SA),0.08333333333333333,
151057,ComiRec (SA),0.0,
151248,ComiRec (SA),0.0,
151277,ComiRec (SA),0.4,
151317,ComiRec (SA),0.0,
151429,ComiRec (SA),0.09090909090909091,0.0
151504,ComiRec (SA),0.1875,
151524,ComiRec (SA),0.2,
151655,ComiRec (SA),0.0,
151759,ComiRec (SA),0.0,0.0
151855,ComiRec (SA),0.02857142857142857,
152007,ComiRec (SA),0.14285714285714285,
152037,ComiRec (SA),0.0,0.0
152065,ComiRec (SA),0.06896551724137931,
152167,ComiRec (SA),0.0,
152190,ComiRec (SA),0.25,
152384,ComiRec (SA),0.0625,
152586,ComiRec (SA),0.05263157894736842,
152591,ComiRec (SA),0.0,
152609,ComiRec (SA),0.0,
152619,ComiRec (SA),0.0,0.0
152756,ComiRec (SA),0.2,
152911,ComiRec (SA),0.0,
153061,ComiRec (SA),0.0,0.0
153213,ComiRec (SA),0.0,
153244,ComiRec (SA),0.25,
153284,ComiRec (SA),0.03571428571428571,
153310,ComiRec (SA),0.3333333333333333,
153378,ComiRec (SA),0.0,
153466,ComiRec (SA),0.07142857142857142,
153525,ComiRec (SA),0.125,
153537,ComiRec (SA),0.6,
153664,ComiRec (SA),0.1111111111111111,
153704,ComiRec (SA),0.0,
153859,ComiRec (SA),0.0,
154232,ComiRec (SA),0.0,
154252,ComiRec (SA),0.07692307692307693,
154281,ComiRec (SA),0.0,
154445,ComiRec (SA),0.0,
154448,ComiRec (SA),0.0,
154460,ComiRec (SA),0.2857142857142857,
154578,ComiRec (SA),0.11764705882352941,
154641,ComiRec (SA),0.14285714285714285,
154661,ComiRec (SA),0.0,0.0
154810,ComiRec (SA),0.03333333333333333,0.0
154848,ComiRec (SA),0.25,
154857,ComiRec (SA),0.0,0.0
154888,ComiRec (SA),0.0,
154932,ComiRec (SA),0.0,
155080,ComiRec (SA),0.0,
155096,ComiRec (SA),0.0,
155248,ComiRec (SA),0.06666666666666667,
155272,ComiRec (SA),0.0,0.0
155280,ComiRec (SA),0.18181818181818182,
155394,ComiRec (SA),0.0,
155410,ComiRec (SA),0.3333333333333333,
155440,ComiRec (SA),0.5,
155540,ComiRec (SA),0.0,
155555,ComiRec (SA),0.0,
155574,ComiRec (SA),0.16666666666666666,
155660,ComiRec (SA),0.0,
155686,ComiRec (SA),0.0,
155733,ComiRec (SA),0.0,
155869,ComiRec (SA),0.0,
155888,ComiRec (SA),0.125,
155904,ComiRec (SA),0.21428571428571427,
155945,ComiRec (SA),0.0,
155986,ComiRec (SA),0.037037037037037035,0.0
156056,ComiRec (SA),0.14285714285714285,
156140,ComiRec (SA),0.0,
156176,ComiRec (SA),0.09090909090909091,
156191,ComiRec (SA),0.0,
156238,ComiRec (SA),0.0,
156288,ComiRec (SA),0.0,
156360,ComiRec (SA),0.02857142857142857,0.0
156374,ComiRec (SA),0.2857142857142857,
156613,ComiRec (SA),0.0,
156624,ComiRec (SA),0.125,
156678,ComiRec (SA),0.25,
156727,ComiRec (SA),0.2857142857142857,
157224,ComiRec (SA),0.0,
157235,ComiRec (SA),0.0,0.0
157239,ComiRec (SA),0.13333333333333333,
157342,ComiRec (SA),0.0,
157374,ComiRec (SA),0.0,
157660,ComiRec (SA),0.0,
157705,ComiRec (SA),0.0,0.0
157824,ComiRec (SA),0.0,0.0
157825,ComiRec (SA),0.0,
158010,ComiRec (SA),0.0,
158032,ComiRec (SA),0.25,
158125,ComiRec (SA),0.1,
158183,ComiRec (SA),0.0,
158320,ComiRec (SA),0.16666666666666666,
158421,ComiRec (SA),0.0,0.0
158477,ComiRec (SA),0.0,0.0
158494,ComiRec (SA),0.0,0.0
158572,ComiRec (SA),0.0,
158594,ComiRec (SA),0.05,
158597,ComiRec (SA),0.125,
158769,ComiRec (SA),0.25,
158837,ComiRec (SA),0.10526315789473684,0.0
158897,ComiRec (SA),0.08333333333333333,0.0
158914,ComiRec (SA),0.0,0.0
159047,ComiRec (SA),0.18181818181818182,
159131,ComiRec (SA),0.0,
159175,ComiRec (SA),0.0,0.0
159183,ComiRec (SA),0.0,0.0
159211,ComiRec (SA),0.0,
159336,ComiRec (SA),0.15,
159371,ComiRec (SA),0.09090909090909091,
159407,ComiRec (SA),0.0,
159529,ComiRec (SA),0.0,0.0
159531,ComiRec (SA),0.0,
159589,ComiRec (SA),0.0,0.0
159658,ComiRec (SA),0.0,0.0
159714,ComiRec (SA),0.42857142857142855,
159870,ComiRec (SA),0.03333333333333333,
159876,ComiRec (SA),0.0,
159957,ComiRec (SA),0.0,
159992,ComiRec (SA),0.05555555555555555,
160063,ComiRec (SA),0.16666666666666666,
160385,ComiRec (SA),0.0,
160452,ComiRec (SA),0.0,
160650,ComiRec (SA),0.0,
160664,ComiRec (SA),0.0,0.0
160670,ComiRec (SA),0.0,
160718,ComiRec (SA),0.0,0.0
160960,ComiRec (SA),0.0,
160982,ComiRec (SA),0.15384615384615385,
161030,ComiRec (SA),0.0,
161073,ComiRec (SA),0.0,
161116,ComiRec (SA),0.1875,
161123,ComiRec (SA),0.0,
161129,ComiRec (SA),0.0,
161149,ComiRec (SA),0.0967741935483871,
161183,ComiRec (SA),0.0,
161558,ComiRec (SA),0.1111111111111111,
161609,ComiRec (SA),0.16666666666666666,
161610,ComiRec (SA),0.2,
161622,ComiRec (SA),0.09090909090909091,
161657,ComiRec (SA),0.6666666666666666,
161669,ComiRec (SA),0.0,
161835,ComiRec (SA),0.0,0.0
161851,ComiRec (SA),0.0,
161855,ComiRec (SA),0.0,
162164,ComiRec (SA),0.3076923076923077,
162229,ComiRec (SA),0.0,
162272,ComiRec (SA),0.0,0.0
162310,ComiRec (SA),0.0,
162356,ComiRec (SA),0.2857142857142857,
162423,ComiRec (SA),0.0,
