user_id,system,recall@10,long_tail_recall@10
67,Random,0.0,0.0
67,Popularity,0.0,0.0
67,CF (ItemKNN),0.04,0.0
67,Content (Avg Emb),0.0,0.0
67,Last-Item,0.0,0.0
67,Avg-Last-10,0.0,0.0
67,Recency-Weighted,0.04,0.0
67,Essence (K=3),0.0,0.0
92,Random,0.0,
92,Popularity,0.1666666666666666,
92,CF (ItemKNN),0.1111111111111111,
92,Content (Avg Emb),0.0,
92,Last-Item,0.0,
92,Avg-Last-10,0.0,
92,Recency-Weighted,0.0,
92,Essence (K=3),0.0,
182,Random,0.0,0.0
182,Popularity,0.0,0.0
182,CF (ItemKNN),0.0,0.0
182,Content (Avg Emb),0.0,0.0
182,Last-Item,0.0,0.0
182,Avg-Last-10,0.0,0.0
182,Recency-Weighted,0.0,0.0
182,Essence (K=3),0.0,0.0
264,Random,0.0,
264,Popularity,0.125,
264,CF (ItemKNN),0.0,
264,Content (Avg Emb),0.0,
264,Last-Item,0.0,
264,Avg-Last-10,0.0,
264,Recency-Weighted,0.0,
264,Essence (K=3),0.0,
335,Random,0.0,
335,Popularity,0.0,
335,CF (ItemKNN),0.0,
335,Content (Avg Emb),0.0,
335,Last-Item,0.0,
335,Avg-Last-10,0.0,
335,Recency-Weighted,0.0,
335,Essence (K=3),0.0,
400,Random,0.0,
400,Popularity,0.0,
400,CF (ItemKNN),0.0454545454545454,
400,Content (Avg Emb),0.0,
400,Last-Item,0.0,
400,Avg-Last-10,0.0454545454545454,
400,Recency-Weighted,0.0,
400,Essence (K=3),0.0,
419,Random,0.0,
419,Popularity,0.0833333333333333,
419,CF (ItemKNN),0.0,
419,Content (Avg Emb),0.0,
419,Last-Item,0.0833333333333333,
419,Avg-Last-10,0.0,
419,Recency-Weighted,0.0,
419,Essence (K=3),0.0,
509,Random,0.0,
509,Popularity,0.0,
509,CF (ItemKNN),0.1428571428571428,
509,Content (Avg Emb),0.0,
509,Last-Item,0.0,
509,Avg-Last-10,0.0,
509,Recency-Weighted,0.0,
509,Essence (K=3),0.0,
559,Random,0.0,
559,Popularity,0.0,
559,CF (ItemKNN),0.0,
559,Content (Avg Emb),0.0,
559,Last-Item,0.0,
559,Avg-Last-10,0.0,
559,Recency-Weighted,0.0,
559,Essence (K=3),0.0,
890,Random,0.0,
890,Popularity,0.0,
890,CF (ItemKNN),0.6,
890,Content (Avg Emb),0.0,
890,Last-Item,0.0,
890,Avg-Last-10,0.0,
890,Recency-Weighted,0.0,
890,Essence (K=3),0.0,
953,Random,0.0,
953,Popularity,0.0,
953,CF (ItemKNN),0.0833333333333333,
953,Content (Avg Emb),0.0,
953,Last-Item,0.0,
953,Avg-Last-10,0.0,
953,Recency-Weighted,0.0,
953,Essence (K=3),0.0,
1049,Random,0.0,
1049,Popularity,0.1,
1049,CF (ItemKNN),0.1,
1049,Content (Avg Emb),0.0,
1049,Last-Item,0.0,
1049,Avg-Last-10,0.0,
1049,Recency-Weighted,0.0,
1049,Essence (K=3),0.0,
1159,Random,0.0,0.0
1159,Popularity,0.0,0.0
1159,CF (ItemKNN),0.0,0.0
1159,Content (Avg Emb),0.0,0.0
1159,Last-Item,0.0,0.0
1159,Avg-Last-10,0.0,0.0
1159,Recency-Weighted,0.0,0.0
1159,Essence (K=3),0.0,0.0
1264,Random,0.0,
1264,Popularity,0.125,
1264,CF (ItemKNN),0.375,
1264,Content (Avg Emb),0.0,
1264,Last-Item,0.125,
1264,Avg-Last-10,0.0,
1264,Recency-Weighted,0.0,
1264,Essence (K=3),0.0,
1310,Random,0.0,
1310,Popularity,0.0,
1310,CF (ItemKNN),0.0,
1310,Content (Avg Emb),0.0,
1310,Last-Item,0.0,
1310,Avg-Last-10,0.0,
1310,Recency-Weighted,0.0,
1310,Essence (K=3),0.0,
1510,Random,0.0,
1510,Popularity,0.0,
1510,CF (ItemKNN),0.0,
1510,Content (Avg Emb),0.0,
1510,Last-Item,0.0,
1510,Avg-Last-10,0.0,
1510,Recency-Weighted,0.0,
1510,Essence (K=3),0.0,
1523,Random,0.0,
1523,Popularity,0.0,
1523,CF (ItemKNN),0.0,
1523,Content (Avg Emb),0.0,
1523,Last-Item,0.0,
1523,Avg-Last-10,0.0,
1523,Recency-Weighted,0.0,
1523,Essence (K=3),0.0,
1568,Random,0.0,
1568,Popularity,0.0,
1568,CF (ItemKNN),0.0,
1568,Content (Avg Emb),0.0,
1568,Last-Item,0.0,
1568,Avg-Last-10,0.0,
1568,Recency-Weighted,0.0,
1568,Essence (K=3),0.0,
1649,Random,0.0,0.0
1649,Popularity,0.0,0.0
1649,CF (ItemKNN),0.0,0.0
1649,Content (Avg Emb),0.0,0.0
1649,Last-Item,0.0,0.0
1649,Avg-Last-10,0.0,0.0
1649,Recency-Weighted,0.0,0.0
1649,Essence (K=3),0.0,0.0
1873,Random,0.0,
1873,Popularity,0.0,
1873,CF (ItemKNN),0.0,
1873,Content (Avg Emb),0.0,
1873,Last-Item,0.0,
1873,Avg-Last-10,0.0,
1873,Recency-Weighted,0.0,
1873,Essence (K=3),0.0,
2002,Random,0.0,
2002,Popularity,0.0,
2002,CF (ItemKNN),0.0476190476190476,
2002,Content (Avg Emb),0.0,
2002,Last-Item,0.0,
2002,Avg-Last-10,0.0,
2002,Recency-Weighted,0.0,
2002,Essence (K=3),0.0,
2063,Random,0.125,
2063,Popularity,0.0,
2063,CF (ItemKNN),0.0,
2063,Content (Avg Emb),0.0,
2063,Last-Item,0.0,
2063,Avg-Last-10,0.0,
2063,Recency-Weighted,0.0,
2063,Essence (K=3),0.0,
2226,Random,0.0,
2226,Popularity,0.037037037037037,
2226,CF (ItemKNN),0.037037037037037,
2226,Content (Avg Emb),0.0,
2226,Last-Item,0.0,
2226,Avg-Last-10,0.037037037037037,
2226,Recency-Weighted,0.0,
2226,Essence (K=3),0.0,
2260,Random,0.0,
2260,Popularity,0.2222222222222222,
2260,CF (ItemKNN),0.0,
2260,Content (Avg Emb),0.0,
2260,Last-Item,0.0,
2260,Avg-Last-10,0.0,
2260,Recency-Weighted,0.0,
2260,Essence (K=3),0.0,
2297,Random,0.0,
2297,Popularity,0.125,
2297,CF (ItemKNN),0.125,
2297,Content (Avg Emb),0.0,
2297,Last-Item,0.0,
2297,Avg-Last-10,0.0,
2297,Recency-Weighted,0.0,
2297,Essence (K=3),0.0,
2396,Random,0.0,
2396,Popularity,0.2857142857142857,
2396,CF (ItemKNN),0.4285714285714285,
2396,Content (Avg Emb),0.0,
2396,Last-Item,0.0,
2396,Avg-Last-10,0.0,
2396,Recency-Weighted,0.0,
2396,Essence (K=3),0.0,
2501,Random,0.0,
2501,Popularity,0.0,
2501,CF (ItemKNN),0.0,
2501,Content (Avg Emb),0.0,
2501,Last-Item,0.0,
2501,Avg-Last-10,0.0,
2501,Recency-Weighted,0.0,
2501,Essence (K=3),0.0,
2810,Random,0.0,
2810,Popularity,0.0,
2810,CF (ItemKNN),0.0,
2810,Content (Avg Emb),0.0,
2810,Last-Item,0.0,
2810,Avg-Last-10,0.0,
2810,Recency-Weighted,0.0,
2810,Essence (K=3),0.0,
3146,Random,0.0,
3146,Popularity,0.0,
3146,CF (ItemKNN),0.0,
3146,Content (Avg Emb),0.0,
3146,Last-Item,0.0,
3146,Avg-Last-10,0.0,
3146,Recency-Weighted,0.0,
3146,Essence (K=3),0.0,
3161,Random,0.0,
3161,Popularity,0.1666666666666666,
3161,CF (ItemKNN),0.1666666666666666,
3161,Content (Avg Emb),0.0,
3161,Last-Item,0.0,
3161,Avg-Last-10,0.0,
3161,Recency-Weighted,0.0,
3161,Essence (K=3),0.0,
3171,Random,0.0,
3171,Popularity,0.0,
3171,CF (ItemKNN),0.0,
3171,Content (Avg Emb),0.0,
3171,Last-Item,0.0,
3171,Avg-Last-10,0.0,
3171,Recency-Weighted,0.0,
3171,Essence (K=3),0.0,
3307,Random,0.0,
3307,Popularity,0.0,
3307,CF (ItemKNN),0.0909090909090909,
3307,Content (Avg Emb),0.0,
3307,Last-Item,0.0,
3307,Avg-Last-10,0.0,
3307,Recency-Weighted,0.0,
3307,Essence (K=3),0.0,
3367,Random,0.0,0.0
3367,Popularity,0.0263157894736842,0.0
3367,CF (ItemKNN),0.0526315789473684,0.0
3367,Content (Avg Emb),0.0,0.0
3367,Last-Item,0.0,0.0
3367,Avg-Last-10,0.0,0.0
3367,Recency-Weighted,0.0,0.0
3367,Essence (K=3),0.0,0.0
3413,Random,0.0,
3413,Popularity,0.1428571428571428,
3413,CF (ItemKNN),0.1428571428571428,
3413,Content (Avg Emb),0.0,
3413,Last-Item,0.0,
3413,Avg-Last-10,0.0,
3413,Recency-Weighted,0.0,
3413,Essence (K=3),0.0,
3461,Random,0.0588235294117647,
3461,Popularity,0.0588235294117647,
3461,CF (ItemKNN),0.1176470588235294,
3461,Content (Avg Emb),0.0,
3461,Last-Item,0.0,
3461,Avg-Last-10,0.0,
3461,Recency-Weighted,0.0,
3461,Essence (K=3),0.0,
3561,Random,0.0,0.0
3561,Popularity,0.037037037037037,0.0
3561,CF (ItemKNN),0.074074074074074,0.0
3561,Content (Avg Emb),0.0,0.0
3561,Last-Item,0.0,0.0
3561,Avg-Last-10,0.0,0.0
3561,Recency-Weighted,0.0,0.0
3561,Essence (K=3),0.0,0.0
3835,Random,0.0,
3835,Popularity,0.1428571428571428,
3835,CF (ItemKNN),0.0,
3835,Content (Avg Emb),0.0,
3835,Last-Item,0.0,
3835,Avg-Last-10,0.0,
3835,Recency-Weighted,0.0,
3835,Essence (K=3),0.0,
3964,Random,0.0,
3964,Popularity,0.2,
3964,CF (ItemKNN),0.1333333333333333,
3964,Content (Avg Emb),0.0,
3964,Last-Item,0.0666666666666666,
3964,Avg-Last-10,0.0,
3964,Recency-Weighted,0.0,
3964,Essence (K=3),0.0,
4022,Random,0.0,
4022,Popularity,0.1111111111111111,
4022,CF (ItemKNN),0.2222222222222222,
4022,Content (Avg Emb),0.0,
4022,Last-Item,0.0,
4022,Avg-Last-10,0.0,
4022,Recency-Weighted,0.0,
4022,Essence (K=3),0.0,
4057,Random,0.0,
4057,Popularity,0.037037037037037,
4057,CF (ItemKNN),0.0,
4057,Content (Avg Emb),0.0,
4057,Last-Item,0.037037037037037,
4057,Avg-Last-10,0.037037037037037,
4057,Recency-Weighted,0.037037037037037,
4057,Essence (K=3),0.0,
4059,Random,0.0,
4059,Popularity,0.0714285714285714,
4059,CF (ItemKNN),0.1428571428571428,
4059,Content (Avg Emb),0.0,
4059,Last-Item,0.0,
4059,Avg-Last-10,0.0,
4059,Recency-Weighted,0.0,
4059,Essence (K=3),0.0,
4157,Random,0.0,
4157,Popularity,0.0,
4157,CF (ItemKNN),0.0,
4157,Content (Avg Emb),0.0,
4157,Last-Item,0.0,
4157,Avg-Last-10,0.0,
4157,Recency-Weighted,0.0,
4157,Essence (K=3),0.0,
4186,Random,0.0,0.0
4186,Popularity,0.0,0.0
4186,CF (ItemKNN),0.0,0.0
4186,Content (Avg Emb),0.0,0.0
4186,Last-Item,0.0,0.0
4186,Avg-Last-10,0.0,0.0
4186,Recency-Weighted,0.0,0.0
4186,Essence (K=3),0.0,0.0
4291,Random,0.0,
4291,Popularity,0.0909090909090909,
4291,CF (ItemKNN),0.0454545454545454,
4291,Content (Avg Emb),0.0,
4291,Last-Item,0.0,
4291,Avg-Last-10,0.0,
4291,Recency-Weighted,0.0,
4291,Essence (K=3),0.0,
4359,Random,0.0,0.0
4359,Popularity,0.0,0.0
4359,CF (ItemKNN),0.0,0.0
4359,Content (Avg Emb),0.0,0.0
4359,Last-Item,0.0,0.0
4359,Avg-Last-10,0.0555555555555555,0.0
4359,Recency-Weighted,0.0555555555555555,0.0
4359,Essence (K=3),0.0,0.0
4378,Random,0.0,
4378,Popularity,0.0,
4378,CF (ItemKNN),0.0,
4378,Content (Avg Emb),0.0,
4378,Last-Item,0.0,
4378,Avg-Last-10,0.0,
4378,Recency-Weighted,0.0,
4378,Essence (K=3),0.0,
4462,Random,0.0,
4462,Popularity,0.0,
4462,CF (ItemKNN),0.0,
4462,Content (Avg Emb),0.0,
4462,Last-Item,0.0,
4462,Avg-Last-10,0.0,
4462,Recency-Weighted,0.0,
4462,Essence (K=3),0.0,
4643,Random,0.0,
4643,Popularity,0.0,
4643,CF (ItemKNN),0.25,
4643,Content (Avg Emb),0.0,
4643,Last-Item,0.0,
4643,Avg-Last-10,0.0,
4643,Recency-Weighted,0.0,
4643,Essence (K=3),0.0,
4673,Random,0.0,
4673,Popularity,0.0,
4673,CF (ItemKNN),0.0,
4673,Content (Avg Emb),0.0,
4673,Last-Item,0.0,
4673,Avg-Last-10,0.0,
4673,Recency-Weighted,0.0,
4673,Essence (K=3),0.0,
4686,Random,0.0,
4686,Popularity,0.2,
4686,CF (ItemKNN),0.0,
4686,Content (Avg Emb),0.0,
4686,Last-Item,0.0,
4686,Avg-Last-10,0.0,
4686,Recency-Weighted,0.0,
4686,Essence (K=3),0.2,
4701,Random,0.0,
4701,Popularity,0.0714285714285714,
4701,CF (ItemKNN),0.1428571428571428,
4701,Content (Avg Emb),0.0,
4701,Last-Item,0.0,
4701,Avg-Last-10,0.0,
4701,Recency-Weighted,0.0,
4701,Essence (K=3),0.0,
4827,Random,0.0,
4827,Popularity,0.1111111111111111,
4827,CF (ItemKNN),0.5555555555555556,
4827,Content (Avg Emb),0.0,
4827,Last-Item,0.0,
4827,Avg-Last-10,0.0,
4827,Recency-Weighted,0.0,
4827,Essence (K=3),0.0,
5025,Random,0.0,
5025,Popularity,0.0,
5025,CF (ItemKNN),0.0,
5025,Content (Avg Emb),0.0,
5025,Last-Item,0.0,
5025,Avg-Last-10,0.0,
5025,Recency-Weighted,0.0,
5025,Essence (K=3),0.0,
5087,Random,0.0,0.0
5087,Popularity,0.0,0.0
5087,CF (ItemKNN),0.0,0.0
5087,Content (Avg Emb),0.0,0.0
5087,Last-Item,0.0,0.0
5087,Avg-Last-10,0.0,0.0
5087,Recency-Weighted,0.0333333333333333,0.0
5087,Essence (K=3),0.0,0.0
5152,Random,0.0,
5152,Popularity,0.1290322580645161,
5152,CF (ItemKNN),0.1290322580645161,
5152,Content (Avg Emb),0.0,
5152,Last-Item,0.0,
5152,Avg-Last-10,0.0,
5152,Recency-Weighted,0.0,
5152,Essence (K=3),0.0,
5205,Random,0.0,0.0
5205,Popularity,0.0,0.0
5205,CF (ItemKNN),0.0434782608695652,0.0
5205,Content (Avg Emb),0.0,0.0
5205,Last-Item,0.0,0.0
5205,Avg-Last-10,0.0,0.0
5205,Recency-Weighted,0.0,0.0
5205,Essence (K=3),0.0,0.0
5295,Random,0.0,0.0
5295,Popularity,0.0,0.0
5295,CF (ItemKNN),0.0,0.0
5295,Content (Avg Emb),0.0,0.0
5295,Last-Item,0.0,0.0
5295,Avg-Last-10,0.1428571428571428,0.0
5295,Recency-Weighted,0.1428571428571428,0.0
5295,Essence (K=3),0.0,0.0
5307,Random,0.0,
5307,Popularity,0.0,
5307,CF (ItemKNN),0.25,
5307,Content (Avg Emb),0.0,
5307,Last-Item,0.0,
5307,Avg-Last-10,0.0,
5307,Recency-Weighted,0.0,
5307,Essence (K=3),0.0,
5418,Random,0.0,0.0
5418,Popularity,0.0,0.0
5418,CF (ItemKNN),0.0,0.0
5418,Content (Avg Emb),0.0,0.0
5418,Last-Item,0.0,0.0
5418,Avg-Last-10,0.0,0.0
5418,Recency-Weighted,0.0,0.0
5418,Essence (K=3),0.0,0.0
5833,Random,0.0,0.0
5833,Popularity,0.0,0.0
5833,CF (ItemKNN),0.0,0.0
5833,Content (Avg Emb),0.0,0.0
5833,Last-Item,0.1111111111111111,0.0
5833,Avg-Last-10,0.0,0.0
5833,Recency-Weighted,0.0,0.0
5833,Essence (K=3),0.0,0.0
5856,Random,0.0,
5856,Popularity,0.0,
5856,CF (ItemKNN),0.0,
5856,Content (Avg Emb),0.0,
5856,Last-Item,0.0,
5856,Avg-Last-10,0.0,
5856,Recency-Weighted,0.0,
5856,Essence (K=3),0.0,
5961,Random,0.0,
5961,Popularity,0.0,
5961,CF (ItemKNN),0.0476190476190476,
5961,Content (Avg Emb),0.0,
5961,Last-Item,0.0,
5961,Avg-Last-10,0.0,
5961,Recency-Weighted,0.0,
5961,Essence (K=3),0.0,
6017,Random,0.0,
6017,Popularity,0.0,
6017,CF (ItemKNN),0.0,
6017,Content (Avg Emb),0.0,
6017,Last-Item,0.0,
6017,Avg-Last-10,0.0666666666666666,
6017,Recency-Weighted,0.0666666666666666,
6017,Essence (K=3),0.0,
6052,Random,0.0,
6052,Popularity,0.0,
6052,CF (ItemKNN),0.0454545454545454,
6052,Content (Avg Emb),0.0,
6052,Last-Item,0.0,
6052,Avg-Last-10,0.0454545454545454,
6052,Recency-Weighted,0.0,
6052,Essence (K=3),0.0,
6221,Random,0.0,
6221,Popularity,0.0,
6221,CF (ItemKNN),0.0,
6221,Content (Avg Emb),0.0,
6221,Last-Item,0.0,
6221,Avg-Last-10,0.0,
6221,Recency-Weighted,0.0,
6221,Essence (K=3),0.0,
6296,Random,0.032258064516129,
6296,Popularity,0.064516129032258,
6296,CF (ItemKNN),0.0967741935483871,
6296,Content (Avg Emb),0.0,
6296,Last-Item,0.0,
6296,Avg-Last-10,0.032258064516129,
6296,Recency-Weighted,0.032258064516129,
6296,Essence (K=3),0.0,
6409,Random,0.0,
6409,Popularity,0.0,
6409,CF (ItemKNN),0.0,
6409,Content (Avg Emb),0.0,
6409,Last-Item,0.0,
6409,Avg-Last-10,0.0,
6409,Recency-Weighted,0.0,
6409,Essence (K=3),0.0,
6463,Random,0.0,
6463,Popularity,0.1111111111111111,
6463,CF (ItemKNN),0.1111111111111111,
6463,Content (Avg Emb),0.0,
6463,Last-Item,0.0,
6463,Avg-Last-10,0.0,
6463,Recency-Weighted,0.0,
6463,Essence (K=3),0.0,
6483,Random,0.0,
6483,Popularity,0.0,
6483,CF (ItemKNN),0.0,
6483,Content (Avg Emb),0.0,
6483,Last-Item,0.0,
6483,Avg-Last-10,0.0,
6483,Recency-Weighted,0.0,
6483,Essence (K=3),0.0,
6488,Random,0.0,
6488,Popularity,0.0,
6488,CF (ItemKNN),0.0,
6488,Content (Avg Emb),0.0,
6488,Last-Item,0.0,
6488,Avg-Last-10,0.2,
6488,Recency-Weighted,0.2,
6488,Essence (K=3),0.0,
6544,Random,0.0,
6544,Popularity,0.2,
6544,CF (ItemKNN),0.4,
6544,Content (Avg Emb),0.0,
6544,Last-Item,0.0,
6544,Avg-Last-10,0.0,
6544,Recency-Weighted,0.0,
6544,Essence (K=3),0.0,
6547,Random,0.0,
6547,Popularity,0.0,
6547,CF (ItemKNN),0.25,
6547,Content (Avg Emb),0.0,
6547,Last-Item,0.0,
6547,Avg-Last-10,0.0,
6547,Recency-Weighted,0.0,
6547,Essence (K=3),0.0,
6673,Random,0.0,
6673,Popularity,0.1,
6673,CF (ItemKNN),0.2,
6673,Content (Avg Emb),0.0,
6673,Last-Item,0.1,
6673,Avg-Last-10,0.0,
6673,Recency-Weighted,0.0,
6673,Essence (K=3),0.0,
6798,Random,0.0,0.0
6798,Popularity,0.0,0.0
6798,CF (ItemKNN),0.0,0.0
6798,Content (Avg Emb),0.0,0.0
6798,Last-Item,0.0,0.0
6798,Avg-Last-10,0.0,0.0
6798,Recency-Weighted,0.0,0.0
6798,Essence (K=3),0.0,0.0
7071,Random,0.0,
7071,Popularity,0.0625,
7071,CF (ItemKNN),0.0,
7071,Content (Avg Emb),0.0,
7071,Last-Item,0.0,
7071,Avg-Last-10,0.0,
7071,Recency-Weighted,0.0,
7071,Essence (K=3),0.0,
7100,Random,0.0,0.0
7100,Popularity,0.0,0.0
7100,CF (ItemKNN),0.0,0.0
7100,Content (Avg Emb),0.0,0.0
7100,Last-Item,0.0,0.0
7100,Avg-Last-10,0.0,0.0
7100,Recency-Weighted,0.0,0.0
7100,Essence (K=3),0.0476190476190476,0.0
7170,Random,0.1666666666666666,0.0
7170,Popularity,0.0,0.0
7170,CF (ItemKNN),0.1666666666666666,0.0
7170,Content (Avg Emb),0.0,0.0
7170,Last-Item,0.0,0.0
7170,Avg-Last-10,0.0,0.0
7170,Recency-Weighted,0.0,0.0
7170,Essence (K=3),0.0,0.0
7216,Random,0.0,0.0
7216,Popularity,0.0,0.0
7216,CF (ItemKNN),0.0,0.0
7216,Content (Avg Emb),0.0,0.0
7216,Last-Item,0.0,0.0
7216,Avg-Last-10,0.0,0.0
7216,Recency-Weighted,0.0,0.0
7216,Essence (K=3),0.0,0.0
7378,Random,0.0,
7378,Popularity,0.0,
7378,CF (ItemKNN),0.2727272727272727,
7378,Content (Avg Emb),0.0,
7378,Last-Item,0.0,
7378,Avg-Last-10,0.0,
7378,Recency-Weighted,0.0909090909090909,
7378,Essence (K=3),0.0,
7408,Random,0.0,
7408,Popularity,0.5,
7408,CF (ItemKNN),0.375,
7408,Content (Avg Emb),0.0,
7408,Last-Item,0.0,
7408,Avg-Last-10,0.0,
7408,Recency-Weighted,0.0,
7408,Essence (K=3),0.0,
7462,Random,0.0,
7462,Popularity,0.05,
7462,CF (ItemKNN),0.05,
7462,Content (Avg Emb),0.0,
7462,Last-Item,0.0,
7462,Avg-Last-10,0.05,
7462,Recency-Weighted,0.0,
7462,Essence (K=3),0.0,
7489,Random,0.0,
7489,Popularity,0.0,
7489,CF (ItemKNN),0.4,
7489,Content (Avg Emb),0.0,
7489,Last-Item,0.0,
7489,Avg-Last-10,0.0,
7489,Recency-Weighted,0.0,
7489,Essence (K=3),0.0,
7525,Random,0.0,
7525,Popularity,0.0454545454545454,
7525,CF (ItemKNN),0.0454545454545454,
7525,Content (Avg Emb),0.0,
7525,Last-Item,0.0,
7525,Avg-Last-10,0.0,
7525,Recency-Weighted,0.0,
7525,Essence (K=3),0.0,
7675,Random,0.0,0.0
7675,Popularity,0.0263157894736842,0.0
7675,CF (ItemKNN),0.0,0.0
7675,Content (Avg Emb),0.0,0.0
7675,Last-Item,0.0263157894736842,0.0
7675,Avg-Last-10,0.0,0.0
7675,Recency-Weighted,0.0,0.0
7675,Essence (K=3),0.0,0.0
7980,Random,0.0,
7980,Popularity,0.0,
7980,CF (ItemKNN),0.0909090909090909,
7980,Content (Avg Emb),0.0,
7980,Last-Item,0.0,
7980,Avg-Last-10,0.0,
7980,Recency-Weighted,0.0,
7980,Essence (K=3),0.0,
8163,Random,0.0,0.0
8163,Popularity,0.0,0.0
8163,CF (ItemKNN),0.0,0.0
8163,Content (Avg Emb),0.0,0.0
8163,Last-Item,0.0,0.0
8163,Avg-Last-10,0.0,0.0
8163,Recency-Weighted,0.0,0.0
8163,Essence (K=3),0.0,0.0
8174,Random,0.0,0.0
8174,Popularity,0.0,0.0
8174,CF (ItemKNN),0.0,0.0
8174,Content (Avg Emb),0.0,0.0
8174,Last-Item,0.0,0.0
8174,Avg-Last-10,0.1,0.0
8174,Recency-Weighted,0.1,0.0
8174,Essence (K=3),0.0,0.0
8184,Random,0.0,
8184,Popularity,0.0,
8184,CF (ItemKNN),0.0,
8184,Content (Avg Emb),0.0,
8184,Last-Item,0.0,
8184,Avg-Last-10,0.0,
8184,Recency-Weighted,0.0,
8184,Essence (K=3),0.0,
8231,Random,0.0,0.0
8231,Popularity,0.0857142857142857,0.0
8231,CF (ItemKNN),0.0857142857142857,0.0
8231,Content (Avg Emb),0.0,0.0
8231,Last-Item,0.0,0.0
8231,Avg-Last-10,0.0,0.0
8231,Recency-Weighted,0.0,0.0
8231,Essence (K=3),0.0,0.0
8232,Random,0.0,
8232,Popularity,0.0,
8232,CF (ItemKNN),0.1111111111111111,
8232,Content (Avg Emb),0.0,
8232,Last-Item,0.1111111111111111,
8232,Avg-Last-10,0.0,
8232,Recency-Weighted,0.0,
8232,Essence (K=3),0.1111111111111111,
8268,Random,0.0,0.0
8268,Popularity,0.0,0.0
8268,CF (ItemKNN),0.0,0.0
8268,Content (Avg Emb),0.0,0.0
8268,Last-Item,0.0,0.0
8268,Avg-Last-10,0.0,0.0
8268,Recency-Weighted,0.0,0.0
8268,Essence (K=3),0.0,0.0
8358,Random,0.0,0.0
8358,Popularity,0.0,0.0
8358,CF (ItemKNN),0.0,0.0
8358,Content (Avg Emb),0.0,0.0
8358,Last-Item,0.0,0.0
8358,Avg-Last-10,0.0,0.0
8358,Recency-Weighted,0.0,0.0
8358,Essence (K=3),0.0,0.0
8397,Random,0.0,0.0
8397,Popularity,0.0,0.0
8397,CF (ItemKNN),0.0714285714285714,0.0
8397,Content (Avg Emb),0.0,0.0
8397,Last-Item,0.0,0.0
8397,Avg-Last-10,0.0,0.0
8397,Recency-Weighted,0.0,0.0
8397,Essence (K=3),0.0,0.0
8474,Random,0.0,
8474,Popularity,0.0,
8474,CF (ItemKNN),0.0,
8474,Content (Avg Emb),0.0,
8474,Last-Item,0.0,
8474,Avg-Last-10,0.0,
8474,Recency-Weighted,0.0,
8474,Essence (K=3),0.0,
8727,Random,0.0,
8727,Popularity,0.25,
8727,CF (ItemKNN),0.25,
8727,Content (Avg Emb),0.0,
8727,Last-Item,0.0,
8727,Avg-Last-10,0.0,
8727,Recency-Weighted,0.0,
8727,Essence (K=3),0.0,
8826,Random,0.0,
8826,Popularity,0.2857142857142857,
8826,CF (ItemKNN),0.4285714285714285,
8826,Content (Avg Emb),0.0,
8826,Last-Item,0.0,
8826,Avg-Last-10,0.0,
8826,Recency-Weighted,0.0,
8826,Essence (K=3),0.0,
8830,Random,0.0,
8830,Popularity,0.0,
8830,CF (ItemKNN),0.0,
8830,Content (Avg Emb),0.0,
8830,Last-Item,0.0,
8830,Avg-Last-10,0.0,
8830,Recency-Weighted,0.0,
8830,Essence (K=3),0.0,
8882,Random,0.0,
8882,Popularity,0.1666666666666666,
8882,CF (ItemKNN),0.1666666666666666,
8882,Content (Avg Emb),0.0,
8882,Last-Item,0.0,
8882,Avg-Last-10,0.0,
8882,Recency-Weighted,0.0,
8882,Essence (K=3),0.0,
9118,Random,0.0,
9118,Popularity,0.0303030303030303,
9118,CF (ItemKNN),0.0303030303030303,
9118,Content (Avg Emb),0.0,
9118,Last-Item,0.0,
9118,Avg-Last-10,0.0,
9118,Recency-Weighted,0.0,
9118,Essence (K=3),0.0,
9146,Random,0.0,0.0
9146,Popularity,0.05,0.0
9146,CF (ItemKNN),0.05,0.0
9146,Content (Avg Emb),0.0,0.0
9146,Last-Item,0.0,0.0
9146,Avg-Last-10,0.0,0.0
9146,Recency-Weighted,0.0,0.0
9146,Essence (K=3),0.0,0.0
9269,Random,0.0,0.0
9269,Popularity,0.0571428571428571,0.0
9269,CF (ItemKNN),0.0571428571428571,1.0
9269,Content (Avg Emb),0.0,0.0
9269,Last-Item,0.0285714285714285,0.0
9269,Avg-Last-10,0.0285714285714285,0.0
9269,Recency-Weighted,0.0285714285714285,0.0
9269,Essence (K=3),0.0,0.0
9312,Random,0.0,
9312,Popularity,0.0,
9312,CF (ItemKNN),0.0,
9312,Content (Avg Emb),0.0,
9312,Last-Item,0.0,
9312,Avg-Last-10,0.2,
9312,Recency-Weighted,0.2,
9312,Essence (K=3),0.0,
9441,Random,0.0,
9441,Popularity,0.0,
9441,CF (ItemKNN),0.5,
9441,Content (Avg Emb),0.0,
9441,Last-Item,0.0,
9441,Avg-Last-10,0.0,
9441,Recency-Weighted,0.0,
9441,Essence (K=3),0.0,
9533,Random,0.0,
9533,Popularity,0.0,
9533,CF (ItemKNN),0.0,
9533,Content (Avg Emb),0.0,
9533,Last-Item,0.0,
9533,Avg-Last-10,0.0555555555555555,
9533,Recency-Weighted,0.0555555555555555,
9533,Essence (K=3),0.0,
9557,Random,0.0,
9557,Popularity,0.2,
9557,CF (ItemKNN),0.0,
9557,Content (Avg Emb),0.0,
9557,Last-Item,0.0,
9557,Avg-Last-10,0.0,
9557,Recency-Weighted,0.0,
9557,Essence (K=3),0.0,
9604,Random,0.0,
9604,Popularity,0.0,
9604,CF (ItemKNN),0.0,
9604,Content (Avg Emb),0.0,
9604,Last-Item,0.0,
9604,Avg-Last-10,0.0,
9604,Recency-Weighted,0.0,
9604,Essence (K=3),0.0,
9736,Random,0.0,
9736,Popularity,0.0,
9736,CF (ItemKNN),0.0,
9736,Content (Avg Emb),0.0,
9736,Last-Item,0.0,
9736,Avg-Last-10,0.0,
9736,Recency-Weighted,0.0,
9736,Essence (K=3),0.0,
9839,Random,0.0,0.0
9839,Popularity,0.0789473684210526,0.0
9839,CF (ItemKNN),0.0789473684210526,0.0
9839,Content (Avg Emb),0.0,0.0
9839,Last-Item,0.0,0.0
9839,Avg-Last-10,0.0,0.0
9839,Recency-Weighted,0.0,0.0
9839,Essence (K=3),0.0,0.0
9889,Random,0.0,
9889,Popularity,0.25,
9889,CF (ItemKNN),0.0,
9889,Content (Avg Emb),0.0,
9889,Last-Item,0.0,
9889,Avg-Last-10,0.0,
9889,Recency-Weighted,0.0,
9889,Essence (K=3),0.0,
9898,Random,0.0,
9898,Popularity,0.3,
9898,CF (ItemKNN),0.2,
9898,Content (Avg Emb),0.0,
9898,Last-Item,0.0,
9898,Avg-Last-10,0.0,
9898,Recency-Weighted,0.0,
9898,Essence (K=3),0.0,
9950,Random,0.0,0.0
9950,Popularity,0.0303030303030303,0.0
9950,CF (ItemKNN),0.0303030303030303,0.0
9950,Content (Avg Emb),0.0,0.0
9950,Last-Item,0.0,0.0
9950,Avg-Last-10,0.0,0.0
9950,Recency-Weighted,0.0,0.0
9950,Essence (K=3),0.0,0.0
10169,Random,0.0,
10169,Popularity,0.0,
10169,CF (ItemKNN),0.0,
10169,Content (Avg Emb),0.0,
10169,Last-Item,0.0,
10169,Avg-Last-10,0.0,
10169,Recency-Weighted,0.0,
10169,Essence (K=3),0.0,
10314,Random,0.0,
10314,Popularity,0.0,
10314,CF (ItemKNN),0.0769230769230769,
10314,Content (Avg Emb),0.0,
10314,Last-Item,0.0,
10314,Avg-Last-10,0.0,
10314,Recency-Weighted,0.0,
10314,Essence (K=3),0.0,
10372,Random,0.0,0.0
10372,Popularity,0.0,0.0
10372,CF (ItemKNN),0.0,0.0
10372,Content (Avg Emb),0.0,0.0
10372,Last-Item,0.0,0.0
10372,Avg-Last-10,0.0,0.0
10372,Recency-Weighted,0.0,0.0
10372,Essence (K=3),0.0,0.0
10450,Random,0.0,
10450,Popularity,0.0,
10450,CF (ItemKNN),0.0,
10450,Content (Avg Emb),0.0,
10450,Last-Item,0.0,
10450,Avg-Last-10,0.0,
10450,Recency-Weighted,0.0,
10450,Essence (K=3),0.0,
10477,Random,0.0,0.0
10477,Popularity,0.0526315789473684,0.0
10477,CF (ItemKNN),0.1052631578947368,0.0
10477,Content (Avg Emb),0.0,0.0
10477,Last-Item,0.0,0.0
10477,Avg-Last-10,0.0,0.0
10477,Recency-Weighted,0.0,0.0
10477,Essence (K=3),0.0,0.0
10667,Random,0.0,
10667,Popularity,0.0,
10667,CF (ItemKNN),0.0,
10667,Content (Avg Emb),0.0,
10667,Last-Item,0.0,
10667,Avg-Last-10,0.0,
10667,Recency-Weighted,0.0,
10667,Essence (K=3),0.0,
10796,Random,0.0,
10796,Popularity,0.0,
10796,CF (ItemKNN),0.0,
10796,Content (Avg Emb),0.0,
10796,Last-Item,0.0,
10796,Avg-Last-10,0.0,
10796,Recency-Weighted,0.0,
10796,Essence (K=3),0.0,
11007,Random,0.0,
11007,Popularity,0.8,
11007,CF (ItemKNN),0.8,
11007,Content (Avg Emb),0.0,
11007,Last-Item,0.0,
11007,Avg-Last-10,0.0,
11007,Recency-Weighted,0.0,
11007,Essence (K=3),0.0,
11097,Random,0.0,
11097,Popularity,0.0,
11097,CF (ItemKNN),0.0,
11097,Content (Avg Emb),0.0,
11097,Last-Item,0.0,
11097,Avg-Last-10,0.0,
11097,Recency-Weighted,0.0,
11097,Essence (K=3),0.0,
11176,Random,0.0,
11176,Popularity,0.1666666666666666,
11176,CF (ItemKNN),0.0,
11176,Content (Avg Emb),0.0,
11176,Last-Item,0.0,
11176,Avg-Last-10,0.1666666666666666,
11176,Recency-Weighted,0.1666666666666666,
11176,Essence (K=3),0.0,
11196,Random,0.0,
11196,Popularity,0.0,
11196,CF (ItemKNN),0.0,
11196,Content (Avg Emb),0.0,
11196,Last-Item,0.0,
11196,Avg-Last-10,0.0,
11196,Recency-Weighted,0.0,
11196,Essence (K=3),0.0,
11212,Random,0.0,0.0
11212,Popularity,0.0,0.0
11212,CF (ItemKNN),0.0,0.0
11212,Content (Avg Emb),0.0,0.0
11212,Last-Item,0.0,0.0
11212,Avg-Last-10,0.0,0.0
11212,Recency-Weighted,0.0,0.0
11212,Essence (K=3),0.0,0.0
11245,Random,0.0,0.0
11245,Popularity,0.0,0.0
11245,CF (ItemKNN),0.0,0.0
11245,Content (Avg Emb),0.0,0.0
11245,Last-Item,0.0,0.0
11245,Avg-Last-10,0.0,0.0
11245,Recency-Weighted,0.0,0.0
11245,Essence (K=3),0.0,0.0
11272,Random,0.0,
11272,Popularity,0.0,
11272,CF (ItemKNN),0.125,
11272,Content (Avg Emb),0.125,
11272,Last-Item,0.0,
11272,Avg-Last-10,0.0,
11272,Recency-Weighted,0.0,
11272,Essence (K=3),0.0,
11319,Random,0.0,0.0
11319,Popularity,0.0,0.0
11319,CF (ItemKNN),0.0,0.0
11319,Content (Avg Emb),0.0,0.0
11319,Last-Item,0.0,0.0
11319,Avg-Last-10,0.0,0.0
11319,Recency-Weighted,0.0,0.0
11319,Essence (K=3),0.0,0.0
11355,Random,0.0,
11355,Popularity,0.2,
11355,CF (ItemKNN),0.2,
11355,Content (Avg Emb),0.0,
11355,Last-Item,0.0,
11355,Avg-Last-10,0.0,
11355,Recency-Weighted,0.0,
11355,Essence (K=3),0.0,
11376,Random,0.0,
11376,Popularity,0.0,
11376,CF (ItemKNN),0.0,
11376,Content (Avg Emb),0.0,
11376,Last-Item,0.0909090909090909,
11376,Avg-Last-10,0.0,
11376,Recency-Weighted,0.0,
11376,Essence (K=3),0.0,
11415,Random,0.0,
11415,Popularity,0.0,
11415,CF (ItemKNN),0.0,
11415,Content (Avg Emb),0.0,
11415,Last-Item,0.0,
11415,Avg-Last-10,0.0,
11415,Recency-Weighted,0.0,
11415,Essence (K=3),0.0,
11439,Random,0.0,
11439,Popularity,0.0,
11439,CF (ItemKNN),0.0,
11439,Content (Avg Emb),0.0,
11439,Last-Item,0.0,
11439,Avg-Last-10,0.0,
11439,Recency-Weighted,0.0,
11439,Essence (K=3),0.0,
11576,Random,0.0,0.0
11576,Popularity,0.0,0.0
11576,CF (ItemKNN),0.2272727272727272,0.0
11576,Content (Avg Emb),0.0,0.0
11576,Last-Item,0.0,0.0
11576,Avg-Last-10,0.0,0.0
11576,Recency-Weighted,0.0,0.0
11576,Essence (K=3),0.0,0.0
11599,Random,0.0,0.0
11599,Popularity,0.0,0.0
11599,CF (ItemKNN),0.0,0.0
11599,Content (Avg Emb),0.032258064516129,0.0
11599,Last-Item,0.0,0.0
11599,Avg-Last-10,0.064516129032258,0.0
11599,Recency-Weighted,0.064516129032258,0.0
11599,Essence (K=3),0.032258064516129,0.0
11632,Random,0.0333333333333333,0.0
11632,Popularity,0.0333333333333333,0.0
11632,CF (ItemKNN),0.1,0.0
11632,Content (Avg Emb),0.0,0.0
11632,Last-Item,0.0,0.0
11632,Avg-Last-10,0.0,0.0
11632,Recency-Weighted,0.0,0.0
11632,Essence (K=3),0.0,0.0
11667,Random,0.0,
11667,Popularity,0.1111111111111111,
11667,CF (ItemKNN),0.2222222222222222,
11667,Content (Avg Emb),0.0,
11667,Last-Item,0.1111111111111111,
11667,Avg-Last-10,0.1111111111111111,
11667,Recency-Weighted,0.1111111111111111,
11667,Essence (K=3),0.0,
11668,Random,0.0,
11668,Popularity,0.1052631578947368,
11668,CF (ItemKNN),0.1052631578947368,
11668,Content (Avg Emb),0.0,
11668,Last-Item,0.0,
11668,Avg-Last-10,0.0,
11668,Recency-Weighted,0.0,
11668,Essence (K=3),0.0,
11866,Random,0.0,
11866,Popularity,0.1818181818181818,
11866,CF (ItemKNN),0.0,
11866,Content (Avg Emb),0.0,
11866,Last-Item,0.0,
11866,Avg-Last-10,0.0,
11866,Recency-Weighted,0.0,
11866,Essence (K=3),0.0,
11912,Random,0.0,0.0
11912,Popularity,0.0588235294117647,0.0
11912,CF (ItemKNN),0.0294117647058823,0.0
11912,Content (Avg Emb),0.0,0.0
11912,Last-Item,0.0,0.0
11912,Avg-Last-10,0.0,0.0
11912,Recency-Weighted,0.0,0.0
11912,Essence (K=3),0.0,0.0
11981,Random,0.0,
11981,Popularity,0.0,
11981,CF (ItemKNN),0.0,
11981,Content (Avg Emb),0.0,
11981,Last-Item,0.0,
11981,Avg-Last-10,0.0,
11981,Recency-Weighted,0.0,
11981,Essence (K=3),0.0,
12077,Random,0.0,
12077,Popularity,0.0,
12077,CF (ItemKNN),0.0,
12077,Content (Avg Emb),0.0,
12077,Last-Item,0.0,
12077,Avg-Last-10,0.0,
12077,Recency-Weighted,0.0,
12077,Essence (K=3),0.0,
12114,Random,0.0,0.0
12114,Popularity,0.0833333333333333,0.0
12114,CF (ItemKNN),0.0833333333333333,0.0
12114,Content (Avg Emb),0.0,0.0
12114,Last-Item,0.0,0.0
12114,Avg-Last-10,0.0,0.0
12114,Recency-Weighted,0.0,0.0
12114,Essence (K=3),0.0,0.0
12234,Random,0.0,0.0
12234,Popularity,0.0,0.0
12234,CF (ItemKNN),0.0,0.0
12234,Content (Avg Emb),0.0,0.0
12234,Last-Item,0.0588235294117647,0.0
12234,Avg-Last-10,0.0,0.0
12234,Recency-Weighted,0.0,0.0
12234,Essence (K=3),0.0,0.0
12279,Random,0.0,
12279,Popularity,0.0909090909090909,
12279,CF (ItemKNN),0.0,
12279,Content (Avg Emb),0.0,
12279,Last-Item,0.0,
12279,Avg-Last-10,0.0,
12279,Recency-Weighted,0.0,
12279,Essence (K=3),0.0,
12306,Random,0.0,
12306,Popularity,0.1111111111111111,
12306,CF (ItemKNN),0.1111111111111111,
12306,Content (Avg Emb),0.0,
12306,Last-Item,0.0,
12306,Avg-Last-10,0.0,
12306,Recency-Weighted,0.0,
12306,Essence (K=3),0.0,
12315,Random,0.0,
12315,Popularity,0.0,
12315,CF (ItemKNN),0.0384615384615384,
12315,Content (Avg Emb),0.0,
12315,Last-Item,0.0,
12315,Avg-Last-10,0.0,
12315,Recency-Weighted,0.0,
12315,Essence (K=3),0.0,
12330,Random,0.0357142857142857,0.0
12330,Popularity,0.0,0.0
12330,CF (ItemKNN),0.0357142857142857,0.0
12330,Content (Avg Emb),0.0,0.0
12330,Last-Item,0.0,0.0
12330,Avg-Last-10,0.0,0.0
12330,Recency-Weighted,0.0,0.0
12330,Essence (K=3),0.0,0.0
12428,Random,0.0,
12428,Popularity,0.0,
12428,CF (ItemKNN),0.0,
12428,Content (Avg Emb),0.0,
12428,Last-Item,0.0,
12428,Avg-Last-10,0.0,
12428,Recency-Weighted,0.0,
12428,Essence (K=3),0.0,
12670,Random,0.0,
12670,Popularity,0.0,
12670,CF (ItemKNN),0.08,
12670,Content (Avg Emb),0.0,
12670,Last-Item,0.0,
12670,Avg-Last-10,0.0,
12670,Recency-Weighted,0.0,
12670,Essence (K=3),0.0,
12867,Random,0.0,0.0
12867,Popularity,0.0,0.0
12867,CF (ItemKNN),0.0,0.0
12867,Content (Avg Emb),0.0,0.0
12867,Last-Item,0.0,0.0
12867,Avg-Last-10,0.0,0.0
12867,Recency-Weighted,0.0,0.0
12867,Essence (K=3),0.0,0.0
12874,Random,0.0,
12874,Popularity,0.1428571428571428,
12874,CF (ItemKNN),0.1428571428571428,
12874,Content (Avg Emb),0.0,
12874,Last-Item,0.0,
12874,Avg-Last-10,0.0,
12874,Recency-Weighted,0.0,
12874,Essence (K=3),0.0,
12903,Random,0.0,
12903,Popularity,0.2,
12903,CF (ItemKNN),0.4,
12903,Content (Avg Emb),0.0,
12903,Last-Item,0.0,
12903,Avg-Last-10,0.0,
12903,Recency-Weighted,0.0,
12903,Essence (K=3),0.0,
13044,Random,0.0,0.0
13044,Popularity,0.088235294117647,0.0
13044,CF (ItemKNN),0.0588235294117647,0.0
13044,Content (Avg Emb),0.0,0.0
13044,Last-Item,0.0,0.0
13044,Avg-Last-10,0.0,0.0
13044,Recency-Weighted,0.0,0.0
13044,Essence (K=3),0.0,0.0
13093,Random,0.0,
13093,Popularity,0.0,
13093,CF (ItemKNN),0.125,
13093,Content (Avg Emb),0.0,
13093,Last-Item,0.0,
13093,Avg-Last-10,0.0,
13093,Recency-Weighted,0.0,
13093,Essence (K=3),0.0,
13122,Random,0.0,
13122,Popularity,0.0,
13122,CF (ItemKNN),0.1666666666666666,
13122,Content (Avg Emb),0.0,
13122,Last-Item,0.0,
13122,Avg-Last-10,0.0,
13122,Recency-Weighted,0.0,
13122,Essence (K=3),0.0,
13144,Random,0.0,
13144,Popularity,0.0,
13144,CF (ItemKNN),0.0769230769230769,
13144,Content (Avg Emb),0.0,
13144,Last-Item,0.0,
13144,Avg-Last-10,0.0,
13144,Recency-Weighted,0.0,
13144,Essence (K=3),0.0,
13171,Random,0.0,
13171,Popularity,0.0,
13171,CF (ItemKNN),0.0,
13171,Content (Avg Emb),0.0,
13171,Last-Item,0.0,
13171,Avg-Last-10,0.0,
13171,Recency-Weighted,0.0,
13171,Essence (K=3),0.0,
13275,Random,0.0,
13275,Popularity,0.0,
13275,CF (ItemKNN),0.1,
13275,Content (Avg Emb),0.0,
13275,Last-Item,0.0,
13275,Avg-Last-10,0.0,
13275,Recency-Weighted,0.0,
13275,Essence (K=3),0.0,
13387,Random,0.0,0.0
13387,Popularity,0.0967741935483871,0.0
13387,CF (ItemKNN),0.0967741935483871,0.0
13387,Content (Avg Emb),0.0,0.0
13387,Last-Item,0.032258064516129,0.0
13387,Avg-Last-10,0.0,0.0
13387,Recency-Weighted,0.0,0.0
13387,Essence (K=3),0.0,0.0
13402,Random,0.0,
13402,Popularity,0.0,
13402,CF (ItemKNN),0.0,
13402,Content (Avg Emb),0.0,
13402,Last-Item,0.0,
13402,Avg-Last-10,0.0,
13402,Recency-Weighted,0.0,
13402,Essence (K=3),0.0,
13728,Random,0.0,
13728,Popularity,0.0,
13728,CF (ItemKNN),0.0,
13728,Content (Avg Emb),0.0,
13728,Last-Item,0.0,
13728,Avg-Last-10,0.0,
13728,Recency-Weighted,0.0,
13728,Essence (K=3),0.0,
13855,Random,0.0,0.0
13855,Popularity,0.0,0.0
13855,CF (ItemKNN),0.0476190476190476,0.0
13855,Content (Avg Emb),0.0,0.0
13855,Last-Item,0.0,0.0
13855,Avg-Last-10,0.0,0.0
13855,Recency-Weighted,0.0,0.0
13855,Essence (K=3),0.0,0.0
13912,Random,0.0,
13912,Popularity,0.0,
13912,CF (ItemKNN),0.0,
13912,Content (Avg Emb),0.0,
13912,Last-Item,0.0,
13912,Avg-Last-10,0.0,
13912,Recency-Weighted,0.0,
13912,Essence (K=3),0.0,
13981,Random,0.0,
13981,Popularity,0.0,
13981,CF (ItemKNN),0.1666666666666666,
13981,Content (Avg Emb),0.0,
13981,Last-Item,0.0,
13981,Avg-Last-10,0.0,
13981,Recency-Weighted,0.0,
13981,Essence (K=3),0.0,
13986,Random,0.0,
13986,Popularity,0.0,
13986,CF (ItemKNN),0.0,
13986,Content (Avg Emb),0.0,
13986,Last-Item,0.0,
13986,Avg-Last-10,0.0,
13986,Recency-Weighted,0.0,
13986,Essence (K=3),0.0,
14146,Random,0.0,
14146,Popularity,0.0833333333333333,
14146,CF (ItemKNN),0.1666666666666666,
14146,Content (Avg Emb),0.0,
14146,Last-Item,0.0,
14146,Avg-Last-10,0.0,
14146,Recency-Weighted,0.0,
14146,Essence (K=3),0.0,
14194,Random,0.0,0.0
14194,Popularity,0.0,0.0
14194,CF (ItemKNN),0.032258064516129,0.0
14194,Content (Avg Emb),0.0,0.0
14194,Last-Item,0.0,0.0
14194,Avg-Last-10,0.0,0.0
14194,Recency-Weighted,0.0,0.0
14194,Essence (K=3),0.0,0.0
14373,Random,0.0,
14373,Popularity,0.0,
14373,CF (ItemKNN),0.0,
14373,Content (Avg Emb),0.0,
14373,Last-Item,0.0,
14373,Avg-Last-10,0.0,
14373,Recency-Weighted,0.0,
14373,Essence (K=3),0.0,
14720,Random,0.0,
14720,Popularity,0.0909090909090909,
14720,CF (ItemKNN),0.2727272727272727,
14720,Content (Avg Emb),0.0,
14720,Last-Item,0.0,
14720,Avg-Last-10,0.0,
14720,Recency-Weighted,0.0,
14720,Essence (K=3),0.0,
14748,Random,0.0,0.0
14748,Popularity,0.0,0.0
14748,CF (ItemKNN),0.0,0.0
14748,Content (Avg Emb),0.0,0.0
14748,Last-Item,0.0,0.0
14748,Avg-Last-10,0.0,0.0
14748,Recency-Weighted,0.0,0.0
14748,Essence (K=3),0.0,0.0
14760,Random,0.0,
14760,Popularity,0.0,
14760,CF (ItemKNN),0.0,
14760,Content (Avg Emb),0.0,
14760,Last-Item,0.0625,
14760,Avg-Last-10,0.0,
14760,Recency-Weighted,0.0,
14760,Essence (K=3),0.0,
14843,Random,0.0,0.0
14843,Popularity,0.0,0.0
14843,CF (ItemKNN),0.0,0.0
14843,Content (Avg Emb),0.0,0.0
14843,Last-Item,0.0,0.0
14843,Avg-Last-10,0.0,0.0
14843,Recency-Weighted,0.0,0.0
14843,Essence (K=3),0.0,0.0
14896,Random,0.0,
14896,Popularity,0.0,
14896,CF (ItemKNN),0.0,
14896,Content (Avg Emb),0.0,
14896,Last-Item,0.0,
14896,Avg-Last-10,0.0,
14896,Recency-Weighted,0.0,
14896,Essence (K=3),0.0,
14910,Random,0.0,
14910,Popularity,0.0,
14910,CF (ItemKNN),0.0,
14910,Content (Avg Emb),0.0,
14910,Last-Item,0.0,
14910,Avg-Last-10,0.0,
14910,Recency-Weighted,0.0,
14910,Essence (K=3),0.0,
14970,Random,0.0,0.0
14970,Popularity,0.0,0.0
14970,CF (ItemKNN),0.0285714285714285,0.0
14970,Content (Avg Emb),0.0,0.0
14970,Last-Item,0.0,0.0
14970,Avg-Last-10,0.0,0.0
14970,Recency-Weighted,0.0,0.0
14970,Essence (K=3),0.0,0.0
15071,Random,0.0,
15071,Popularity,0.0,
15071,CF (ItemKNN),0.0,
15071,Content (Avg Emb),0.0,
15071,Last-Item,0.0,
15071,Avg-Last-10,0.0,
15071,Recency-Weighted,0.0,
15071,Essence (K=3),0.0,
15147,Random,0.0,0.0
15147,Popularity,0.0,0.0
15147,CF (ItemKNN),0.0,0.0
15147,Content (Avg Emb),0.0,0.0
15147,Last-Item,0.0,0.0
15147,Avg-Last-10,0.0,0.0
15147,Recency-Weighted,0.0,0.0
15147,Essence (K=3),0.0,0.0
15202,Random,0.0,
15202,Popularity,0.0,
15202,CF (ItemKNN),0.1333333333333333,
15202,Content (Avg Emb),0.0,
15202,Last-Item,0.0,
15202,Avg-Last-10,0.0,
15202,Recency-Weighted,0.0,
15202,Essence (K=3),0.0666666666666666,
15230,Random,0.0,
15230,Popularity,0.0,
15230,CF (ItemKNN),0.0,
15230,Content (Avg Emb),0.0625,
15230,Last-Item,0.0,
15230,Avg-Last-10,0.0,
15230,Recency-Weighted,0.0,
15230,Essence (K=3),0.0625,
15239,Random,0.0,
15239,Popularity,0.125,
15239,CF (ItemKNN),0.5,
15239,Content (Avg Emb),0.0,
15239,Last-Item,0.0,
15239,Avg-Last-10,0.0,
15239,Recency-Weighted,0.0,
15239,Essence (K=3),0.0,
15259,Random,0.0,
15259,Popularity,0.0,
15259,CF (ItemKNN),0.0,
15259,Content (Avg Emb),0.0,
15259,Last-Item,0.0,
15259,Avg-Last-10,0.0,
15259,Recency-Weighted,0.0,
15259,Essence (K=3),0.0,
15308,Random,0.0,
15308,Popularity,0.16,
15308,CF (ItemKNN),0.24,
15308,Content (Avg Emb),0.0,
15308,Last-Item,0.04,
15308,Avg-Last-10,0.04,
15308,Recency-Weighted,0.04,
15308,Essence (K=3),0.0,
15404,Random,0.0,
15404,Popularity,0.0,
15404,CF (ItemKNN),0.4,
15404,Content (Avg Emb),0.0,
15404,Last-Item,0.0,
15404,Avg-Last-10,0.0,
15404,Recency-Weighted,0.0,
15404,Essence (K=3),0.0,
15799,Random,0.0,
15799,Popularity,0.0,
15799,CF (ItemKNN),0.6666666666666666,
15799,Content (Avg Emb),0.0,
15799,Last-Item,0.0,
15799,Avg-Last-10,0.0,
15799,Recency-Weighted,0.0,
15799,Essence (K=3),0.0,
15834,Random,0.0,
15834,Popularity,0.0303030303030303,
15834,CF (ItemKNN),0.0303030303030303,
15834,Content (Avg Emb),0.0,
15834,Last-Item,0.0,
15834,Avg-Last-10,0.0,
15834,Recency-Weighted,0.0,
15834,Essence (K=3),0.0,
15868,Random,0.0,
15868,Popularity,0.2,
15868,CF (ItemKNN),0.4,
15868,Content (Avg Emb),0.0,
15868,Last-Item,0.2,
15868,Avg-Last-10,0.0,
15868,Recency-Weighted,0.0,
15868,Essence (K=3),0.0,
15872,Random,0.0,
15872,Popularity,0.0,
15872,CF (ItemKNN),0.5,
15872,Content (Avg Emb),0.0,
15872,Last-Item,0.5,
15872,Avg-Last-10,0.0,
15872,Recency-Weighted,0.0,
15872,Essence (K=3),0.0,
15980,Random,0.0,
15980,Popularity,0.3333333333333333,
15980,CF (ItemKNN),0.1666666666666666,
15980,Content (Avg Emb),0.0,
15980,Last-Item,0.0,
15980,Avg-Last-10,0.0,
15980,Recency-Weighted,0.0,
15980,Essence (K=3),0.0,
16059,Random,0.0,
16059,Popularity,0.0909090909090909,
16059,CF (ItemKNN),0.0,
16059,Content (Avg Emb),0.0,
16059,Last-Item,0.0,
16059,Avg-Last-10,0.0,
16059,Recency-Weighted,0.0,
16059,Essence (K=3),0.0,
16064,Random,0.0,
16064,Popularity,0.0,
16064,CF (ItemKNN),0.0,
16064,Content (Avg Emb),0.0,
16064,Last-Item,0.0,
16064,Avg-Last-10,0.0,
16064,Recency-Weighted,0.0,
16064,Essence (K=3),0.0,
16164,Random,0.0,
16164,Popularity,0.0,
16164,CF (ItemKNN),0.1538461538461538,
16164,Content (Avg Emb),0.0,
16164,Last-Item,0.0,
16164,Avg-Last-10,0.0,
16164,Recency-Weighted,0.0,
16164,Essence (K=3),0.0,
16195,Random,0.0,
16195,Popularity,0.0,
16195,CF (ItemKNN),0.0,
16195,Content (Avg Emb),0.0,
16195,Last-Item,0.0,
16195,Avg-Last-10,0.0,
16195,Recency-Weighted,0.0,
16195,Essence (K=3),0.0,
16211,Random,0.0,0.0
16211,Popularity,0.025,0.0
16211,CF (ItemKNN),0.025,0.0
16211,Content (Avg Emb),0.0,0.0
16211,Last-Item,0.0,0.0
16211,Avg-Last-10,0.0,0.0
16211,Recency-Weighted,0.0,0.0
16211,Essence (K=3),0.0,0.0
16273,Random,0.0,
16273,Popularity,0.0,
16273,CF (ItemKNN),0.0,
16273,Content (Avg Emb),0.0,
16273,Last-Item,0.0,
16273,Avg-Last-10,0.0,
16273,Recency-Weighted,0.0,
16273,Essence (K=3),0.0,
16312,Random,0.0,0.0
16312,Popularity,0.0666666666666666,0.0
16312,CF (ItemKNN),0.0666666666666666,0.0
16312,Content (Avg Emb),0.0,0.0
16312,Last-Item,0.0,0.0
16312,Avg-Last-10,0.0,0.0
16312,Recency-Weighted,0.0,0.0
16312,Essence (K=3),0.0,0.0
16385,Random,0.0,
16385,Popularity,0.0,
16385,CF (ItemKNN),0.1538461538461538,
16385,Content (Avg Emb),0.0,
16385,Last-Item,0.0,
16385,Avg-Last-10,0.0,
16385,Recency-Weighted,0.0,
16385,Essence (K=3),0.0,
16409,Random,0.0,
16409,Popularity,0.0,
16409,CF (ItemKNN),0.0,
16409,Content (Avg Emb),0.0,
16409,Last-Item,0.0,
16409,Avg-Last-10,0.0,
16409,Recency-Weighted,0.0,
16409,Essence (K=3),0.0,
16413,Random,0.0,
16413,Popularity,0.0833333333333333,
16413,CF (ItemKNN),0.0,
16413,Content (Avg Emb),0.0,
16413,Last-Item,0.0,
16413,Avg-Last-10,0.0,
16413,Recency-Weighted,0.0,
16413,Essence (K=3),0.0,
16490,Random,0.0,
16490,Popularity,0.0526315789473684,
16490,CF (ItemKNN),0.0,
16490,Content (Avg Emb),0.0,
16490,Last-Item,0.0,
16490,Avg-Last-10,0.0,
16490,Recency-Weighted,0.0,
16490,Essence (K=3),0.0,
16643,Random,0.0,
16643,Popularity,0.0,
16643,CF (ItemKNN),0.0666666666666666,
16643,Content (Avg Emb),0.0,
16643,Last-Item,0.0,
16643,Avg-Last-10,0.0,
16643,Recency-Weighted,0.0,
16643,Essence (K=3),0.0,
16692,Random,0.0,
16692,Popularity,0.0,
16692,CF (ItemKNN),0.0,
16692,Content (Avg Emb),0.0,
16692,Last-Item,0.2,
16692,Avg-Last-10,0.0,
16692,Recency-Weighted,0.0,
16692,Essence (K=3),0.0,
16740,Random,0.0,
16740,Popularity,0.0,
16740,CF (ItemKNN),0.0,
16740,Content (Avg Emb),0.0,
16740,Last-Item,0.0,
16740,Avg-Last-10,0.0,
16740,Recency-Weighted,0.0,
16740,Essence (K=3),0.0,
16759,Random,0.0,
16759,Popularity,0.0,
16759,CF (ItemKNN),0.0,
16759,Content (Avg Emb),0.0,
16759,Last-Item,0.0,
16759,Avg-Last-10,0.0,
16759,Recency-Weighted,0.0,
16759,Essence (K=3),0.0,
16791,Random,0.0,
16791,Popularity,0.0,
16791,CF (ItemKNN),0.0,
16791,Content (Avg Emb),0.0,
16791,Last-Item,0.0,
16791,Avg-Last-10,0.0,
16791,Recency-Weighted,0.0,
16791,Essence (K=3),0.0,
16918,Random,0.0,
16918,Popularity,0.0285714285714285,
16918,CF (ItemKNN),0.0285714285714285,
16918,Content (Avg Emb),0.0,
16918,Last-Item,0.0,
16918,Avg-Last-10,0.0,
16918,Recency-Weighted,0.0,
16918,Essence (K=3),0.0,
17085,Random,0.0,
17085,Popularity,0.0,
17085,CF (ItemKNN),0.0,
17085,Content (Avg Emb),0.0,
17085,Last-Item,0.0,
17085,Avg-Last-10,0.0,
17085,Recency-Weighted,0.0,
17085,Essence (K=3),0.0,
17233,Random,0.0,
17233,Popularity,0.0,
17233,CF (ItemKNN),0.25,
17233,Content (Avg Emb),0.0,
17233,Last-Item,0.0,
17233,Avg-Last-10,0.0,
17233,Recency-Weighted,0.0,
17233,Essence (K=3),0.0,
17381,Random,0.0,
17381,Popularity,0.5,
17381,CF (ItemKNN),0.0,
17381,Content (Avg Emb),0.0,
17381,Last-Item,0.5,
17381,Avg-Last-10,0.0,
17381,Recency-Weighted,0.25,
17381,Essence (K=3),0.0,
17407,Random,0.0,
17407,Popularity,0.0,
17407,CF (ItemKNN),0.0,
17407,Content (Avg Emb),0.0,
17407,Last-Item,0.025,
17407,Avg-Last-10,0.025,
17407,Recency-Weighted,0.0,
17407,Essence (K=3),0.0,
17420,Random,0.0,
17420,Popularity,0.0,
17420,CF (ItemKNN),0.1428571428571428,
17420,Content (Avg Emb),0.0,
17420,Last-Item,0.0,
17420,Avg-Last-10,0.0,
17420,Recency-Weighted,0.0,
17420,Essence (K=3),0.1428571428571428,
17494,Random,0.0,
17494,Popularity,0.0,
17494,CF (ItemKNN),0.0,
17494,Content (Avg Emb),0.0,
17494,Last-Item,0.0,
17494,Avg-Last-10,0.0,
17494,Recency-Weighted,0.0,
17494,Essence (K=3),0.0,
17660,Random,0.0,
17660,Popularity,0.0714285714285714,
17660,CF (ItemKNN),0.0714285714285714,
17660,Content (Avg Emb),0.0,
17660,Last-Item,0.0,
17660,Avg-Last-10,0.0,
17660,Recency-Weighted,0.0,
17660,Essence (K=3),0.0,
17705,Random,0.0,
17705,Popularity,0.0,
17705,CF (ItemKNN),0.0,
17705,Content (Avg Emb),0.0,
17705,Last-Item,0.0,
17705,Avg-Last-10,0.0,
17705,Recency-Weighted,0.0,
17705,Essence (K=3),0.0,
17713,Random,0.0,0.0
17713,Popularity,0.0,0.0
17713,CF (ItemKNN),0.0,0.0
17713,Content (Avg Emb),0.0,0.0
17713,Last-Item,0.0,0.0
17713,Avg-Last-10,0.0,0.0
17713,Recency-Weighted,0.0,0.0
17713,Essence (K=3),0.0256410256410256,0.0
17857,Random,0.0,
17857,Popularity,0.0,
17857,CF (ItemKNN),0.4166666666666667,
17857,Content (Avg Emb),0.0,
17857,Last-Item,0.0,
17857,Avg-Last-10,0.0,
17857,Recency-Weighted,0.0,
17857,Essence (K=3),0.0,
17915,Random,0.0,
17915,Popularity,0.0555555555555555,
17915,CF (ItemKNN),0.0555555555555555,
17915,Content (Avg Emb),0.0,
17915,Last-Item,0.0,
17915,Avg-Last-10,0.0,
17915,Recency-Weighted,0.0,
17915,Essence (K=3),0.0,
18185,Random,0.0,
18185,Popularity,0.0,
18185,CF (ItemKNN),0.2,
18185,Content (Avg Emb),0.0,
18185,Last-Item,0.0,
18185,Avg-Last-10,0.0,
18185,Recency-Weighted,0.0,
18185,Essence (K=3),0.0,
18219,Random,0.0,
18219,Popularity,0.0,
18219,CF (ItemKNN),0.3333333333333333,
18219,Content (Avg Emb),0.0,
18219,Last-Item,0.0,
18219,Avg-Last-10,0.0,
18219,Recency-Weighted,0.0,
18219,Essence (K=3),0.0,
18270,Random,0.0,0.0
18270,Popularity,0.0,0.0
18270,CF (ItemKNN),0.0,0.0
18270,Content (Avg Emb),0.0,0.0
18270,Last-Item,0.0,0.0
18270,Avg-Last-10,0.0,0.0
18270,Recency-Weighted,0.0,0.0
18270,Essence (K=3),0.0,0.0
18271,Random,0.0,
18271,Popularity,0.4444444444444444,
18271,CF (ItemKNN),0.3333333333333333,
18271,Content (Avg Emb),0.0,
18271,Last-Item,0.0,
18271,Avg-Last-10,0.0,
18271,Recency-Weighted,0.0,
18271,Essence (K=3),0.0,
18530,Random,0.0,
18530,Popularity,0.0,
18530,CF (ItemKNN),0.0,
18530,Content (Avg Emb),0.0,
18530,Last-Item,0.0,
18530,Avg-Last-10,0.0,
18530,Recency-Weighted,0.0,
18530,Essence (K=3),0.0,
18647,Random,0.0,
18647,Popularity,0.0,
18647,CF (ItemKNN),0.0,
18647,Content (Avg Emb),0.0,
18647,Last-Item,0.125,
18647,Avg-Last-10,0.0,
18647,Recency-Weighted,0.0,
18647,Essence (K=3),0.0,
18694,Random,0.0,0.0
18694,Popularity,0.0,0.0
18694,CF (ItemKNN),0.0476190476190476,0.0
18694,Content (Avg Emb),0.0,0.0
18694,Last-Item,0.0,0.0
18694,Avg-Last-10,0.0,0.0
18694,Recency-Weighted,0.0,0.0
18694,Essence (K=3),0.0,0.0
18715,Random,0.0357142857142857,
18715,Popularity,0.0357142857142857,
18715,CF (ItemKNN),0.0357142857142857,
18715,Content (Avg Emb),0.0,
18715,Last-Item,0.0,
18715,Avg-Last-10,0.0357142857142857,
18715,Recency-Weighted,0.0357142857142857,
18715,Essence (K=3),0.0714285714285714,
18717,Random,0.0,
18717,Popularity,0.125,
18717,CF (ItemKNN),0.125,
18717,Content (Avg Emb),0.0,
18717,Last-Item,0.0,
18717,Avg-Last-10,0.0,
18717,Recency-Weighted,0.0,
18717,Essence (K=3),0.0,
18753,Random,0.0,
18753,Popularity,0.0,
18753,CF (ItemKNN),0.0,
18753,Content (Avg Emb),0.0,
18753,Last-Item,0.0,
18753,Avg-Last-10,0.0,
18753,Recency-Weighted,0.0,
18753,Essence (K=3),0.0,
18820,Random,0.0,
18820,Popularity,0.25,
18820,CF (ItemKNN),0.5,
18820,Content (Avg Emb),0.0,
18820,Last-Item,0.25,
18820,Avg-Last-10,0.0,
18820,Recency-Weighted,0.0,
18820,Essence (K=3),0.0,
18851,Random,0.0,
18851,Popularity,0.0,
18851,CF (ItemKNN),0.0,
18851,Content (Avg Emb),0.0,
18851,Last-Item,0.0,
18851,Avg-Last-10,0.0,
18851,Recency-Weighted,0.0,
18851,Essence (K=3),0.0,
18864,Random,0.0,
18864,Popularity,0.0,
18864,CF (ItemKNN),0.2,
18864,Content (Avg Emb),0.0,
18864,Last-Item,0.0,
18864,Avg-Last-10,0.0,
18864,Recency-Weighted,0.0,
18864,Essence (K=3),0.0,
18900,Random,0.0,
18900,Popularity,0.1428571428571428,
18900,CF (ItemKNN),0.1428571428571428,
18900,Content (Avg Emb),0.0,
18900,Last-Item,0.0,
18900,Avg-Last-10,0.0,
18900,Recency-Weighted,0.0,
18900,Essence (K=3),0.0,
18947,Random,0.0,
18947,Popularity,0.0,
18947,CF (ItemKNN),0.0,
18947,Content (Avg Emb),0.0,
18947,Last-Item,0.0,
18947,Avg-Last-10,0.0,
18947,Recency-Weighted,0.0,
18947,Essence (K=3),0.0,
18980,Random,0.0,
18980,Popularity,0.0,
18980,CF (ItemKNN),0.0,
18980,Content (Avg Emb),0.0,
18980,Last-Item,0.25,
18980,Avg-Last-10,0.0,
18980,Recency-Weighted,0.25,
18980,Essence (K=3),0.0,
19076,Random,0.0,
19076,Popularity,0.0,
19076,CF (ItemKNN),0.0,
19076,Content (Avg Emb),0.0,
19076,Last-Item,0.0,
19076,Avg-Last-10,0.0,
19076,Recency-Weighted,0.0,
19076,Essence (K=3),0.0,
19202,Random,0.0,
19202,Popularity,0.0,
19202,CF (ItemKNN),0.0,
19202,Content (Avg Emb),0.0,
19202,Last-Item,0.0,
19202,Avg-Last-10,0.0,
19202,Recency-Weighted,0.0,
19202,Essence (K=3),0.0,
19366,Random,0.0,
19366,Popularity,0.0,
19366,CF (ItemKNN),0.0,
19366,Content (Avg Emb),0.0,
19366,Last-Item,0.0,
19366,Avg-Last-10,0.0,
19366,Recency-Weighted,0.0,
19366,Essence (K=3),0.0,
19544,Random,0.0,0.0
19544,Popularity,0.0,0.0
19544,CF (ItemKNN),0.0,0.0
19544,Content (Avg Emb),0.0,0.0
19544,Last-Item,0.0,0.0
19544,Avg-Last-10,0.0,0.0
19544,Recency-Weighted,0.0,0.0
19544,Essence (K=3),0.0,0.0
19592,Random,0.0,
19592,Popularity,0.2,
19592,CF (ItemKNN),0.2,
19592,Content (Avg Emb),0.0,
19592,Last-Item,0.0,
19592,Avg-Last-10,0.0,
19592,Recency-Weighted,0.0,
19592,Essence (K=3),0.0,
19724,Random,0.0,
19724,Popularity,0.0,
19724,CF (ItemKNN),0.2,
19724,Content (Avg Emb),0.0,
19724,Last-Item,0.0,
19724,Avg-Last-10,0.0,
19724,Recency-Weighted,0.0,
19724,Essence (K=3),0.0,
19779,Random,0.0,
19779,Popularity,0.0,
19779,CF (ItemKNN),0.1176470588235294,
19779,Content (Avg Emb),0.0,
19779,Last-Item,0.0,
19779,Avg-Last-10,0.0,
19779,Recency-Weighted,0.0,
19779,Essence (K=3),0.0,
19787,Random,0.0,0.0
19787,Popularity,0.0,0.0
19787,CF (ItemKNN),0.0,0.0
19787,Content (Avg Emb),0.0,0.0
19787,Last-Item,0.0333333333333333,0.0
19787,Avg-Last-10,0.0333333333333333,0.0
19787,Recency-Weighted,0.0333333333333333,0.0
19787,Essence (K=3),0.0,0.0
19836,Random,0.0,
19836,Popularity,0.0,
19836,CF (ItemKNN),0.3333333333333333,
19836,Content (Avg Emb),0.0,
19836,Last-Item,0.0,
19836,Avg-Last-10,0.0666666666666666,
19836,Recency-Weighted,0.0666666666666666,
19836,Essence (K=3),0.0666666666666666,
19849,Random,0.0,0.0
19849,Popularity,0.0,0.0
19849,CF (ItemKNN),0.0,0.0
19849,Content (Avg Emb),0.0,0.0
19849,Last-Item,0.125,0.0
19849,Avg-Last-10,0.0,0.0
19849,Recency-Weighted,0.0,0.0
19849,Essence (K=3),0.0,0.0
19966,Random,0.0,0.0
19966,Popularity,0.0,0.0
19966,CF (ItemKNN),0.0,0.0
19966,Content (Avg Emb),0.0,0.0
19966,Last-Item,0.0,0.0
19966,Avg-Last-10,0.0,0.0
19966,Recency-Weighted,0.0,0.0
19966,Essence (K=3),0.0,0.0
20207,Random,0.0,
20207,Popularity,0.1052631578947368,
20207,CF (ItemKNN),0.0,
20207,Content (Avg Emb),0.0,
20207,Last-Item,0.0,
20207,Avg-Last-10,0.0526315789473684,
20207,Recency-Weighted,0.0526315789473684,
20207,Essence (K=3),0.0,
20334,Random,0.0,0.0
20334,Popularity,0.0,0.0
20334,CF (ItemKNN),0.0,0.0
20334,Content (Avg Emb),0.0,0.0
20334,Last-Item,0.0,0.0
20334,Avg-Last-10,0.0,0.0
20334,Recency-Weighted,0.0,0.0
20334,Essence (K=3),0.0,0.0
20379,Random,0.0,
20379,Popularity,0.1764705882352941,
20379,CF (ItemKNN),0.1176470588235294,
20379,Content (Avg Emb),0.0,
20379,Last-Item,0.0,
20379,Avg-Last-10,0.0,
20379,Recency-Weighted,0.0,
20379,Essence (K=3),0.0,
20411,Random,0.1,0.0
20411,Popularity,0.0,0.0
20411,CF (ItemKNN),0.0,0.0
20411,Content (Avg Emb),0.0,0.0
20411,Last-Item,0.0,0.0
20411,Avg-Last-10,0.0,0.0
20411,Recency-Weighted,0.0,0.0
20411,Essence (K=3),0.0,0.0
20560,Random,0.0,
20560,Popularity,0.075,
20560,CF (ItemKNN),0.1,
20560,Content (Avg Emb),0.0,
20560,Last-Item,0.0,
20560,Avg-Last-10,0.0,
20560,Recency-Weighted,0.0,
20560,Essence (K=3),0.0,
20587,Random,0.0,
20587,Popularity,0.0,
20587,CF (ItemKNN),0.0,
20587,Content (Avg Emb),0.0,
20587,Last-Item,0.0,
20587,Avg-Last-10,0.0,
20587,Recency-Weighted,0.0,
20587,Essence (K=3),0.0,
20630,Random,0.0,
20630,Popularity,0.0,
20630,CF (ItemKNN),0.2,
20630,Content (Avg Emb),0.0,
20630,Last-Item,0.0,
20630,Avg-Last-10,0.2,
20630,Recency-Weighted,0.0,
20630,Essence (K=3),0.0,
20635,Random,0.0,0.0
20635,Popularity,0.0,0.0
20635,CF (ItemKNN),0.0588235294117647,0.0
20635,Content (Avg Emb),0.0294117647058823,0.0
20635,Last-Item,0.0,0.0
20635,Avg-Last-10,0.0588235294117647,0.0
20635,Recency-Weighted,0.088235294117647,0.0
20635,Essence (K=3),0.0,0.0
20640,Random,0.0,
20640,Popularity,0.0,
20640,CF (ItemKNN),0.0,
20640,Content (Avg Emb),0.0,
20640,Last-Item,0.0,
20640,Avg-Last-10,0.0,
20640,Recency-Weighted,0.0,
20640,Essence (K=3),0.0,
20689,Random,0.0,
20689,Popularity,0.0,
20689,CF (ItemKNN),0.0,
20689,Content (Avg Emb),0.0,
20689,Last-Item,0.0,
20689,Avg-Last-10,0.0,
20689,Recency-Weighted,0.0,
20689,Essence (K=3),0.0,
20798,Random,0.0,
20798,Popularity,0.0,
20798,CF (ItemKNN),0.0,
20798,Content (Avg Emb),0.0,
20798,Last-Item,0.0,
20798,Avg-Last-10,0.0,
20798,Recency-Weighted,0.0,
20798,Essence (K=3),0.0,
20825,Random,0.0,
20825,Popularity,0.0,
20825,CF (ItemKNN),0.2,
20825,Content (Avg Emb),0.0,
20825,Last-Item,0.0,
20825,Avg-Last-10,0.0,
20825,Recency-Weighted,0.0,
20825,Essence (K=3),0.0,
20858,Random,0.0,
20858,Popularity,0.25,
20858,CF (ItemKNN),0.15,
20858,Content (Avg Emb),0.0,
20858,Last-Item,0.0,
20858,Avg-Last-10,0.0,
20858,Recency-Weighted,0.0,
20858,Essence (K=3),0.0,
20981,Random,0.0,0.0
20981,Popularity,0.0,0.0
20981,CF (ItemKNN),0.0,0.0
20981,Content (Avg Emb),0.0,0.0
20981,Last-Item,0.0,0.0
20981,Avg-Last-10,0.0,0.0
20981,Recency-Weighted,0.0,0.0
20981,Essence (K=3),0.0,0.0
21387,Random,0.0,
21387,Popularity,0.0,
21387,CF (ItemKNN),0.0,
21387,Content (Avg Emb),0.0,
21387,Last-Item,0.0,
21387,Avg-Last-10,0.0,
21387,Recency-Weighted,0.0,
21387,Essence (K=3),0.0,
21396,Random,0.0,
21396,Popularity,0.4285714285714285,
21396,CF (ItemKNN),0.5714285714285714,
21396,Content (Avg Emb),0.0,
21396,Last-Item,0.1428571428571428,
21396,Avg-Last-10,0.0,
21396,Recency-Weighted,0.1428571428571428,
21396,Essence (K=3),0.0,
21419,Random,0.0,
21419,Popularity,0.0,
21419,CF (ItemKNN),0.0,
21419,Content (Avg Emb),0.0,
21419,Last-Item,0.0,
21419,Avg-Last-10,0.0,
21419,Recency-Weighted,0.0,
21419,Essence (K=3),0.0,
21483,Random,0.0,
21483,Popularity,0.0769230769230769,
21483,CF (ItemKNN),0.0769230769230769,
21483,Content (Avg Emb),0.0,
21483,Last-Item,0.0,
21483,Avg-Last-10,0.0,
21483,Recency-Weighted,0.0,
21483,Essence (K=3),0.0,
21606,Random,0.0,
21606,Popularity,0.0588235294117647,
21606,CF (ItemKNN),0.1764705882352941,
21606,Content (Avg Emb),0.1176470588235294,
21606,Last-Item,0.0,
21606,Avg-Last-10,0.0588235294117647,
21606,Recency-Weighted,0.0588235294117647,
21606,Essence (K=3),0.0,
21633,Random,0.0,
21633,Popularity,0.0,
21633,CF (ItemKNN),0.0,
21633,Content (Avg Emb),0.0,
21633,Last-Item,0.0,
21633,Avg-Last-10,0.0,
21633,Recency-Weighted,0.0,
21633,Essence (K=3),0.0,
21657,Random,0.0,
21657,Popularity,0.0,
21657,CF (ItemKNN),0.0666666666666666,
21657,Content (Avg Emb),0.0,
21657,Last-Item,0.0,
21657,Avg-Last-10,0.0,
21657,Recency-Weighted,0.0,
21657,Essence (K=3),0.0666666666666666,
21795,Random,0.0,
21795,Popularity,0.1,
21795,CF (ItemKNN),0.1,
21795,Content (Avg Emb),0.0,
21795,Last-Item,0.0,
21795,Avg-Last-10,0.0,
21795,Recency-Weighted,0.0,
21795,Essence (K=3),0.0,
21944,Random,0.0,
21944,Popularity,0.0,
21944,CF (ItemKNN),0.0,
21944,Content (Avg Emb),0.0,
21944,Last-Item,0.0,
21944,Avg-Last-10,0.0,
21944,Recency-Weighted,0.0,
21944,Essence (K=3),0.0,
22162,Random,0.0,0.0
22162,Popularity,0.0,0.0
22162,CF (ItemKNN),0.0,0.0
22162,Content (Avg Emb),0.0,0.0
22162,Last-Item,0.0,0.0
22162,Avg-Last-10,0.0,0.0
22162,Recency-Weighted,0.0,0.0
22162,Essence (K=3),0.0,0.0
22169,Random,0.0,
22169,Popularity,0.0833333333333333,
22169,CF (ItemKNN),0.0833333333333333,
22169,Content (Avg Emb),0.0,
22169,Last-Item,0.0,
22169,Avg-Last-10,0.0416666666666666,
22169,Recency-Weighted,0.0416666666666666,
22169,Essence (K=3),0.0416666666666666,
22317,Random,0.0,
22317,Popularity,0.0,
22317,CF (ItemKNN),0.0,
22317,Content (Avg Emb),0.0,
22317,Last-Item,0.0,
22317,Avg-Last-10,0.0,
22317,Recency-Weighted,0.0,
22317,Essence (K=3),0.0,
22364,Random,0.0,
22364,Popularity,0.0,
22364,CF (ItemKNN),0.0,
22364,Content (Avg Emb),0.0,
22364,Last-Item,0.0,
22364,Avg-Last-10,0.0,
22364,Recency-Weighted,0.0,
22364,Essence (K=3),0.0,
22624,Random,0.0,
22624,Popularity,0.0,
22624,CF (ItemKNN),0.0,
22624,Content (Avg Emb),0.0,
22624,Last-Item,0.0,
22624,Avg-Last-10,0.0,
22624,Recency-Weighted,0.0,
22624,Essence (K=3),0.0,
22629,Random,0.0,
22629,Popularity,0.0,
22629,CF (ItemKNN),0.0,
22629,Content (Avg Emb),0.0,
22629,Last-Item,0.0,
22629,Avg-Last-10,0.0,
22629,Recency-Weighted,0.0,
22629,Essence (K=3),0.0,
22822,Random,0.0,
22822,Popularity,0.1428571428571428,
22822,CF (ItemKNN),0.1428571428571428,
22822,Content (Avg Emb),0.0,
22822,Last-Item,0.0,
22822,Avg-Last-10,0.0,
22822,Recency-Weighted,0.0,
22822,Essence (K=3),0.0,
22835,Random,0.0,
22835,Popularity,0.0,
22835,CF (ItemKNN),0.0,
22835,Content (Avg Emb),0.0,
22835,Last-Item,0.0,
22835,Avg-Last-10,0.0,
22835,Recency-Weighted,0.0,
22835,Essence (K=3),0.0,
22862,Random,0.0,
22862,Popularity,0.0,
22862,CF (ItemKNN),0.0,
22862,Content (Avg Emb),0.0,
22862,Last-Item,0.0,
22862,Avg-Last-10,0.0,
22862,Recency-Weighted,0.0,
22862,Essence (K=3),0.0,
22923,Random,0.0,
22923,Popularity,0.0714285714285714,
22923,CF (ItemKNN),0.0714285714285714,
22923,Content (Avg Emb),0.0,
22923,Last-Item,0.0,
22923,Avg-Last-10,0.0,
22923,Recency-Weighted,0.0,
22923,Essence (K=3),0.0,
23016,Random,0.0,0.0
23016,Popularity,0.0,0.0
23016,CF (ItemKNN),0.0,0.0
23016,Content (Avg Emb),0.0,0.0
23016,Last-Item,0.0,0.0
23016,Avg-Last-10,0.0,0.0
23016,Recency-Weighted,0.0,0.0
23016,Essence (K=3),0.0,0.0
23266,Random,0.0,0.0
23266,Popularity,0.0277777777777777,0.0
23266,CF (ItemKNN),0.0277777777777777,0.0
23266,Content (Avg Emb),0.0,0.0
23266,Last-Item,0.0,0.0
23266,Avg-Last-10,0.0,0.0
23266,Recency-Weighted,0.0,0.0
23266,Essence (K=3),0.0,0.0
23374,Random,0.0,
23374,Popularity,0.0,
23374,CF (ItemKNN),0.0,
23374,Content (Avg Emb),0.0,
23374,Last-Item,0.0,
23374,Avg-Last-10,0.0,
23374,Recency-Weighted,0.0,
23374,Essence (K=3),0.0,
23420,Random,0.0,0.0
23420,Popularity,0.0833333333333333,0.0
23420,CF (ItemKNN),0.0416666666666666,0.0
23420,Content (Avg Emb),0.0,0.0
23420,Last-Item,0.0,0.0
23420,Avg-Last-10,0.0,0.0
23420,Recency-Weighted,0.0,0.0
23420,Essence (K=3),0.0,0.0
23587,Random,0.0,
23587,Popularity,0.0333333333333333,
23587,CF (ItemKNN),0.0,
23587,Content (Avg Emb),0.0,
23587,Last-Item,0.0,
23587,Avg-Last-10,0.0,
23587,Recency-Weighted,0.0,
23587,Essence (K=3),0.0333333333333333,
23670,Random,0.0,
23670,Popularity,0.0,
23670,CF (ItemKNN),0.0,
23670,Content (Avg Emb),0.0,
23670,Last-Item,0.0,
23670,Avg-Last-10,0.0,
23670,Recency-Weighted,0.0,
23670,Essence (K=3),0.0,
23825,Random,0.0,
23825,Popularity,0.1,
23825,CF (ItemKNN),0.2,
23825,Content (Avg Emb),0.0,
23825,Last-Item,0.0,
23825,Avg-Last-10,0.0,
23825,Recency-Weighted,0.0,
23825,Essence (K=3),0.0,
24115,Random,0.0,
24115,Popularity,0.1,
24115,CF (ItemKNN),0.2,
24115,Content (Avg Emb),0.0,
24115,Last-Item,0.0,
24115,Avg-Last-10,0.0,
24115,Recency-Weighted,0.0,
24115,Essence (K=3),0.0,
24145,Random,0.0,
24145,Popularity,0.0,
24145,CF (ItemKNN),0.0,
24145,Content (Avg Emb),0.0,
24145,Last-Item,0.0,
24145,Avg-Last-10,0.0909090909090909,
24145,Recency-Weighted,0.0909090909090909,
24145,Essence (K=3),0.0,
24226,Random,0.0,
24226,Popularity,0.0833333333333333,
24226,CF (ItemKNN),0.0,
24226,Content (Avg Emb),0.0,
24226,Last-Item,0.0,
24226,Avg-Last-10,0.0,
24226,Recency-Weighted,0.0,
24226,Essence (K=3),0.0,
24307,Random,0.0,0.0
24307,Popularity,0.0,0.0
24307,CF (ItemKNN),0.0833333333333333,0.0
24307,Content (Avg Emb),0.0,0.0
24307,Last-Item,0.0,0.0
24307,Avg-Last-10,0.0416666666666666,0.0
24307,Recency-Weighted,0.0416666666666666,0.0
24307,Essence (K=3),0.0,0.0
24365,Random,0.0,0.0
24365,Popularity,0.0,0.0
24365,CF (ItemKNN),0.0,0.0
24365,Content (Avg Emb),0.0,0.0
24365,Last-Item,0.0,0.0
24365,Avg-Last-10,0.0,0.0
24365,Recency-Weighted,0.0,0.0
24365,Essence (K=3),0.0,0.0
24375,Random,0.0,
24375,Popularity,0.2307692307692307,
24375,CF (ItemKNN),0.0769230769230769,
24375,Content (Avg Emb),0.0,
24375,Last-Item,0.0,
24375,Avg-Last-10,0.0,
24375,Recency-Weighted,0.0,
24375,Essence (K=3),0.0,
24400,Random,0.0,
24400,Popularity,0.3,
24400,CF (ItemKNN),0.3,
24400,Content (Avg Emb),0.0,
24400,Last-Item,0.0,
24400,Avg-Last-10,0.0,
24400,Recency-Weighted,0.0,
24400,Essence (K=3),0.0,
24687,Random,0.0,0.0
24687,Popularity,0.0,0.0
24687,CF (ItemKNN),0.0333333333333333,0.0
24687,Content (Avg Emb),0.0,0.0
24687,Last-Item,0.0,0.0
24687,Avg-Last-10,0.0,0.0
24687,Recency-Weighted,0.0,0.0
24687,Essence (K=3),0.0,0.0
24831,Random,0.0,
24831,Popularity,0.0,
24831,CF (ItemKNN),0.1176470588235294,
24831,Content (Avg Emb),0.0,
24831,Last-Item,0.0,
24831,Avg-Last-10,0.0,
24831,Recency-Weighted,0.0,
24831,Essence (K=3),0.0,
24896,Random,0.0,
24896,Popularity,0.0,
24896,CF (ItemKNN),0.0,
24896,Content (Avg Emb),0.0,
24896,Last-Item,0.0,
24896,Avg-Last-10,0.0,
24896,Recency-Weighted,0.0,
24896,Essence (K=3),0.0,
24943,Random,0.0,
24943,Popularity,0.3846153846153846,
24943,CF (ItemKNN),0.1538461538461538,
24943,Content (Avg Emb),0.0,
24943,Last-Item,0.0,
24943,Avg-Last-10,0.0,
24943,Recency-Weighted,0.0,
24943,Essence (K=3),0.0,
25014,Random,0.0,
25014,Popularity,0.0,
25014,CF (ItemKNN),0.0,
25014,Content (Avg Emb),0.0,
25014,Last-Item,0.0,
25014,Avg-Last-10,0.0,
25014,Recency-Weighted,0.0,
25014,Essence (K=3),0.0,
25018,Random,0.0,
25018,Popularity,0.0,
25018,CF (ItemKNN),0.0,
25018,Content (Avg Emb),0.0,
25018,Last-Item,0.0,
25018,Avg-Last-10,0.0,
25018,Recency-Weighted,0.0,
25018,Essence (K=3),0.0,
25019,Random,0.0,
25019,Popularity,0.0,
25019,CF (ItemKNN),0.0,
25019,Content (Avg Emb),0.0,
25019,Last-Item,0.1,
25019,Avg-Last-10,0.0,
25019,Recency-Weighted,0.0,
25019,Essence (K=3),0.0,
25044,Random,0.0,0.0
25044,Popularity,0.0,0.0
25044,CF (ItemKNN),0.0,0.0
25044,Content (Avg Emb),0.0,0.0
25044,Last-Item,0.0,0.0
25044,Avg-Last-10,0.0,0.0
25044,Recency-Weighted,0.0,0.0
25044,Essence (K=3),0.0,0.0
25202,Random,0.0,0.0
25202,Popularity,0.0,0.0
25202,CF (ItemKNN),0.0,0.0
25202,Content (Avg Emb),0.0,0.0
25202,Last-Item,0.0,0.0
25202,Avg-Last-10,0.0,0.0
25202,Recency-Weighted,0.0,0.0
25202,Essence (K=3),0.0,0.0
25278,Random,0.0,
25278,Popularity,0.25,
25278,CF (ItemKNN),0.5,
25278,Content (Avg Emb),0.125,
25278,Last-Item,0.0,
25278,Avg-Last-10,0.125,
25278,Recency-Weighted,0.125,
25278,Essence (K=3),0.125,
25306,Random,0.0,
25306,Popularity,0.032258064516129,
25306,CF (ItemKNN),0.064516129032258,
25306,Content (Avg Emb),0.0,
25306,Last-Item,0.0,
25306,Avg-Last-10,0.0,
25306,Recency-Weighted,0.0,
25306,Essence (K=3),0.0,
25311,Random,0.0,
25311,Popularity,0.0,
25311,CF (ItemKNN),0.0,
25311,Content (Avg Emb),0.0,
25311,Last-Item,0.0,
25311,Avg-Last-10,0.0,
25311,Recency-Weighted,0.0,
25311,Essence (K=3),0.0,
25351,Random,0.0,
25351,Popularity,0.2,
25351,CF (ItemKNN),0.2,
25351,Content (Avg Emb),0.0,
25351,Last-Item,0.0,
25351,Avg-Last-10,0.0,
25351,Recency-Weighted,0.0,
25351,Essence (K=3),0.0,
25459,Random,0.0,
25459,Popularity,0.0,
25459,CF (ItemKNN),0.1666666666666666,
25459,Content (Avg Emb),0.0,
25459,Last-Item,0.0,
25459,Avg-Last-10,0.0,
25459,Recency-Weighted,0.0,
25459,Essence (K=3),0.1666666666666666,
25465,Random,0.0,
25465,Popularity,0.0,
25465,CF (ItemKNN),0.0,
25465,Content (Avg Emb),0.0,
25465,Last-Item,0.0,
25465,Avg-Last-10,0.0,
25465,Recency-Weighted,0.0,
25465,Essence (K=3),0.0,
25642,Random,0.0,
25642,Popularity,0.0454545454545454,
25642,CF (ItemKNN),0.0909090909090909,
25642,Content (Avg Emb),0.0909090909090909,
25642,Last-Item,0.0909090909090909,
25642,Avg-Last-10,0.0,
25642,Recency-Weighted,0.0,
25642,Essence (K=3),0.1363636363636363,
25729,Random,0.0,
25729,Popularity,0.0,
25729,CF (ItemKNN),0.1111111111111111,
25729,Content (Avg Emb),0.0,
25729,Last-Item,0.0,
25729,Avg-Last-10,0.0555555555555555,
25729,Recency-Weighted,0.0,
25729,Essence (K=3),0.0555555555555555,
25792,Random,0.0,
25792,Popularity,0.0,
25792,CF (ItemKNN),0.0,
25792,Content (Avg Emb),0.0,
25792,Last-Item,0.0,
25792,Avg-Last-10,0.0,
25792,Recency-Weighted,0.0,
25792,Essence (K=3),0.0,
25838,Random,0.0,
25838,Popularity,0.1111111111111111,
25838,CF (ItemKNN),0.0,
25838,Content (Avg Emb),0.0,
25838,Last-Item,0.0,
25838,Avg-Last-10,0.0,
25838,Recency-Weighted,0.0,
25838,Essence (K=3),0.0,
25876,Random,0.0,
25876,Popularity,0.0,
25876,CF (ItemKNN),0.0,
25876,Content (Avg Emb),0.0,
25876,Last-Item,0.0,
25876,Avg-Last-10,0.0,
25876,Recency-Weighted,0.0,
25876,Essence (K=3),0.0,
25907,Random,0.0,
25907,Popularity,0.0,
25907,CF (ItemKNN),0.0,
25907,Content (Avg Emb),0.0,
25907,Last-Item,0.0,
25907,Avg-Last-10,0.0,
25907,Recency-Weighted,0.0,
25907,Essence (K=3),0.0,
25939,Random,0.0,0.0
25939,Popularity,0.0967741935483871,0.0
25939,CF (ItemKNN),0.032258064516129,0.0
25939,Content (Avg Emb),0.0,0.0
25939,Last-Item,0.0,0.0
25939,Avg-Last-10,0.0,0.0
25939,Recency-Weighted,0.0,0.0
25939,Essence (K=3),0.0,0.0
26064,Random,0.0,0.0
26064,Popularity,0.0,0.0
26064,CF (ItemKNN),0.0,0.0
26064,Content (Avg Emb),0.0,0.0
26064,Last-Item,0.0,0.0
26064,Avg-Last-10,0.0,0.0
26064,Recency-Weighted,0.0,0.0
26064,Essence (K=3),0.0,0.0
26072,Random,0.0,
26072,Popularity,0.0,
26072,CF (ItemKNN),0.0,
26072,Content (Avg Emb),0.0,
26072,Last-Item,0.0,
26072,Avg-Last-10,0.0,
26072,Recency-Weighted,0.0,
26072,Essence (K=3),0.0,
26147,Random,0.0,
26147,Popularity,0.0,
26147,CF (ItemKNN),0.0,
26147,Content (Avg Emb),0.0,
26147,Last-Item,0.0,
26147,Avg-Last-10,0.0,
26147,Recency-Weighted,0.0,
26147,Essence (K=3),0.0,
26198,Random,0.0,
26198,Popularity,0.25,
26198,CF (ItemKNN),0.5,
26198,Content (Avg Emb),0.0,
26198,Last-Item,0.0,
26198,Avg-Last-10,0.0,
26198,Recency-Weighted,0.0,
26198,Essence (K=3),0.0,
26339,Random,0.0,
26339,Popularity,0.0,
26339,CF (ItemKNN),0.0,
26339,Content (Avg Emb),0.0,
26339,Last-Item,0.0,
26339,Avg-Last-10,0.0,
26339,Recency-Weighted,0.0,
26339,Essence (K=3),0.0,
26465,Random,0.0,
26465,Popularity,0.0,
26465,CF (ItemKNN),0.1428571428571428,
26465,Content (Avg Emb),0.0,
26465,Last-Item,0.0,
26465,Avg-Last-10,0.0,
26465,Recency-Weighted,0.0,
26465,Essence (K=3),0.0,
26472,Random,0.0,0.0
26472,Popularity,0.0,0.0
26472,CF (ItemKNN),0.0,0.0
26472,Content (Avg Emb),0.0,0.0
26472,Last-Item,0.0,0.0
26472,Avg-Last-10,0.0,0.0
26472,Recency-Weighted,0.0,0.0
26472,Essence (K=3),0.0,0.0
26630,Random,0.0,
26630,Popularity,0.0,
26630,CF (ItemKNN),0.037037037037037,
26630,Content (Avg Emb),0.0,
26630,Last-Item,0.0,
26630,Avg-Last-10,0.0,
26630,Recency-Weighted,0.0,
26630,Essence (K=3),0.0,
26653,Random,0.25,
26653,Popularity,0.25,
26653,CF (ItemKNN),0.25,
26653,Content (Avg Emb),0.0,
26653,Last-Item,0.0,
26653,Avg-Last-10,0.0,
26653,Recency-Weighted,0.0,
26653,Essence (K=3),0.0,
26780,Random,0.0,
26780,Popularity,0.1111111111111111,
26780,CF (ItemKNN),0.1111111111111111,
26780,Content (Avg Emb),0.1111111111111111,
26780,Last-Item,0.0,
26780,Avg-Last-10,0.1111111111111111,
26780,Recency-Weighted,0.0,
26780,Essence (K=3),0.0,
26839,Random,0.0,
26839,Popularity,0.0,
26839,CF (ItemKNN),0.0,
26839,Content (Avg Emb),0.0,
26839,Last-Item,0.0,
26839,Avg-Last-10,0.0,
26839,Recency-Weighted,0.0,
26839,Essence (K=3),0.0,
26971,Random,0.0,
26971,Popularity,0.4,
26971,CF (ItemKNN),0.8,
26971,Content (Avg Emb),0.0,
26971,Last-Item,0.0,
26971,Avg-Last-10,0.0,
26971,Recency-Weighted,0.0,
26971,Essence (K=3),0.0,
26985,Random,0.0,0.0
26985,Popularity,0.0,0.0
26985,CF (ItemKNN),0.0,0.0
26985,Content (Avg Emb),0.0,0.0
26985,Last-Item,0.0,0.0
26985,Avg-Last-10,0.0,0.0
26985,Recency-Weighted,0.0,0.0
26985,Essence (K=3),0.0,0.0
27050,Random,0.0,
27050,Popularity,0.0,
27050,CF (ItemKNN),0.125,
27050,Content (Avg Emb),0.0,
27050,Last-Item,0.0,
27050,Avg-Last-10,0.0,
27050,Recency-Weighted,0.0,
27050,Essence (K=3),0.0,
27061,Random,0.0,
27061,Popularity,0.0,
27061,CF (ItemKNN),0.0263157894736842,
27061,Content (Avg Emb),0.0,
27061,Last-Item,0.0263157894736842,
27061,Avg-Last-10,0.0,
27061,Recency-Weighted,0.0,
27061,Essence (K=3),0.0,
27194,Random,0.0,0.0
27194,Popularity,0.0,0.0
27194,CF (ItemKNN),0.0,0.0
27194,Content (Avg Emb),0.0,0.0
27194,Last-Item,0.0,0.0
27194,Avg-Last-10,0.0,0.0
27194,Recency-Weighted,0.0,0.0
27194,Essence (K=3),0.0,0.0
27256,Random,0.0,
27256,Popularity,0.0909090909090909,
27256,CF (ItemKNN),0.0909090909090909,
27256,Content (Avg Emb),0.0,
27256,Last-Item,0.0,
27256,Avg-Last-10,0.0,
27256,Recency-Weighted,0.0,
27256,Essence (K=3),0.0,
27267,Random,0.0,0.0
27267,Popularity,0.0,0.0
27267,CF (ItemKNN),0.0,0.0
27267,Content (Avg Emb),0.0,0.0
27267,Last-Item,0.0,0.0
27267,Avg-Last-10,0.0,0.0
27267,Recency-Weighted,0.0,0.0
27267,Essence (K=3),0.0,0.0
27503,Random,0.0,0.0
27503,Popularity,0.0,0.0
27503,CF (ItemKNN),0.0,0.0
27503,Content (Avg Emb),0.0,0.0
27503,Last-Item,0.0,0.0
27503,Avg-Last-10,0.0,0.0
27503,Recency-Weighted,0.0333333333333333,0.0
27503,Essence (K=3),0.0,0.0
27800,Random,0.0,
27800,Popularity,0.3333333333333333,
27800,CF (ItemKNN),0.3333333333333333,
27800,Content (Avg Emb),0.0,
27800,Last-Item,0.0,
27800,Avg-Last-10,0.0,
27800,Recency-Weighted,0.0,
27800,Essence (K=3),0.0,
27850,Random,0.0,
27850,Popularity,0.0833333333333333,
27850,CF (ItemKNN),0.0,
27850,Content (Avg Emb),0.0,
27850,Last-Item,0.0,
27850,Avg-Last-10,0.0,
27850,Recency-Weighted,0.0,
27850,Essence (K=3),0.0,
28045,Random,0.0,0.0
28045,Popularity,0.0,0.0
28045,CF (ItemKNN),0.0,0.0
28045,Content (Avg Emb),0.0,0.0
28045,Last-Item,0.0,0.0
28045,Avg-Last-10,0.0,0.0
28045,Recency-Weighted,0.0,0.0
28045,Essence (K=3),0.0,0.0
28494,Random,0.0,0.0
28494,Popularity,0.0,0.0
28494,CF (ItemKNN),0.0,0.0
28494,Content (Avg Emb),0.0,0.0
28494,Last-Item,0.0,0.0
28494,Avg-Last-10,0.0,0.0
28494,Recency-Weighted,0.0,0.0
28494,Essence (K=3),0.0,0.0
28529,Random,0.0,
28529,Popularity,0.0,
28529,CF (ItemKNN),0.0,
28529,Content (Avg Emb),0.0,
28529,Last-Item,0.0,
28529,Avg-Last-10,0.0,
28529,Recency-Weighted,0.0,
28529,Essence (K=3),0.0,
28705,Random,0.0,
28705,Popularity,0.2,
28705,CF (ItemKNN),0.2,
28705,Content (Avg Emb),0.0,
28705,Last-Item,0.0,
28705,Avg-Last-10,0.0,
28705,Recency-Weighted,0.0,
28705,Essence (K=3),0.2,
28724,Random,0.0,
28724,Popularity,0.0,
28724,CF (ItemKNN),0.0,
28724,Content (Avg Emb),0.0,
28724,Last-Item,0.0,
28724,Avg-Last-10,0.0,
28724,Recency-Weighted,0.0,
28724,Essence (K=3),0.0,
28799,Random,0.0,
28799,Popularity,0.2,
28799,CF (ItemKNN),0.6,
28799,Content (Avg Emb),0.0,
28799,Last-Item,0.6,
28799,Avg-Last-10,0.0,
28799,Recency-Weighted,0.4,
28799,Essence (K=3),0.6,
28841,Random,0.0,
28841,Popularity,0.0,
28841,CF (ItemKNN),0.1538461538461538,
28841,Content (Avg Emb),0.0,
28841,Last-Item,0.0,
28841,Avg-Last-10,0.0,
28841,Recency-Weighted,0.0,
28841,Essence (K=3),0.0,
28881,Random,0.0,
28881,Popularity,0.0,
28881,CF (ItemKNN),0.0,
28881,Content (Avg Emb),0.0,
28881,Last-Item,0.1428571428571428,
28881,Avg-Last-10,0.0,
28881,Recency-Weighted,0.0,
28881,Essence (K=3),0.0,
29027,Random,0.0,
29027,Popularity,0.0,
29027,CF (ItemKNN),0.0,
29027,Content (Avg Emb),0.0,
29027,Last-Item,0.0,
29027,Avg-Last-10,0.0,
29027,Recency-Weighted,0.0,
29027,Essence (K=3),0.0,
29269,Random,0.0,
29269,Popularity,0.1176470588235294,
29269,CF (ItemKNN),0.1176470588235294,
29269,Content (Avg Emb),0.0,
29269,Last-Item,0.0,
29269,Avg-Last-10,0.0,
29269,Recency-Weighted,0.0,
29269,Essence (K=3),0.0,
29281,Random,0.0,0.0
29281,Popularity,0.0,0.0
29281,CF (ItemKNN),0.05,0.0
29281,Content (Avg Emb),0.0,0.0
29281,Last-Item,0.0,0.0
29281,Avg-Last-10,0.0,0.0
29281,Recency-Weighted,0.0,0.0
29281,Essence (K=3),0.0,0.0
29398,Random,0.0,
29398,Popularity,0.25,
29398,CF (ItemKNN),0.125,
29398,Content (Avg Emb),0.0,
29398,Last-Item,0.0,
29398,Avg-Last-10,0.0,
29398,Recency-Weighted,0.0,
29398,Essence (K=3),0.0,
29412,Random,0.0,
29412,Popularity,0.1111111111111111,
29412,CF (ItemKNN),0.0,
29412,Content (Avg Emb),0.0,
29412,Last-Item,0.0,
29412,Avg-Last-10,0.0,
29412,Recency-Weighted,0.0,
29412,Essence (K=3),0.0,
29514,Random,0.0,
29514,Popularity,0.0,
29514,CF (ItemKNN),0.0,
29514,Content (Avg Emb),0.0,
29514,Last-Item,0.0,
29514,Avg-Last-10,0.0,
29514,Recency-Weighted,0.0,
29514,Essence (K=3),0.0,
29751,Random,0.0,
29751,Popularity,0.0,
29751,CF (ItemKNN),0.0,
29751,Content (Avg Emb),0.0,
29751,Last-Item,0.0,
29751,Avg-Last-10,0.0,
29751,Recency-Weighted,0.0,
29751,Essence (K=3),0.0,
29792,Random,0.0,
29792,Popularity,0.0,
29792,CF (ItemKNN),0.0,
29792,Content (Avg Emb),0.0,
29792,Last-Item,0.0,
29792,Avg-Last-10,0.0,
29792,Recency-Weighted,0.0,
29792,Essence (K=3),0.0,
29812,Random,0.0,
29812,Popularity,0.0,
29812,CF (ItemKNN),0.0,
29812,Content (Avg Emb),0.0,
29812,Last-Item,0.0,
29812,Avg-Last-10,0.0,
29812,Recency-Weighted,0.0,
29812,Essence (K=3),0.0,
30092,Random,0.0,
30092,Popularity,0.1111111111111111,
30092,CF (ItemKNN),0.0,
30092,Content (Avg Emb),0.0,
30092,Last-Item,0.0,
30092,Avg-Last-10,0.0,
30092,Recency-Weighted,0.0,
30092,Essence (K=3),0.0,
30236,Random,0.0,
30236,Popularity,0.0,
30236,CF (ItemKNN),0.0,
30236,Content (Avg Emb),0.0,
30236,Last-Item,0.0,
30236,Avg-Last-10,0.0,
30236,Recency-Weighted,0.0,
30236,Essence (K=3),0.0,
30367,Random,0.0,
30367,Popularity,0.0,
30367,CF (ItemKNN),0.0714285714285714,
30367,Content (Avg Emb),0.0,
30367,Last-Item,0.0,
30367,Avg-Last-10,0.0,
30367,Recency-Weighted,0.0,
30367,Essence (K=3),0.0,
30481,Random,0.0,
30481,Popularity,0.1428571428571428,
30481,CF (ItemKNN),0.1904761904761904,
30481,Content (Avg Emb),0.0,
30481,Last-Item,0.0,
30481,Avg-Last-10,0.0,
30481,Recency-Weighted,0.0,
30481,Essence (K=3),0.0,
30761,Random,0.0384615384615384,0.0
30761,Popularity,0.0384615384615384,0.0
30761,CF (ItemKNN),0.0769230769230769,0.0
30761,Content (Avg Emb),0.0,0.0
30761,Last-Item,0.0,0.0
30761,Avg-Last-10,0.0,0.0
30761,Recency-Weighted,0.0,0.0
30761,Essence (K=3),0.0,0.0
30943,Random,0.0,
30943,Popularity,0.0,
30943,CF (ItemKNN),0.1666666666666666,
30943,Content (Avg Emb),0.0,
30943,Last-Item,0.0,
30943,Avg-Last-10,0.0,
30943,Recency-Weighted,0.0,
30943,Essence (K=3),0.0,
31129,Random,0.0,
31129,Popularity,0.0,
31129,CF (ItemKNN),0.0,
31129,Content (Avg Emb),0.0,
31129,Last-Item,0.0,
31129,Avg-Last-10,0.0,
31129,Recency-Weighted,0.0,
31129,Essence (K=3),0.0,
31144,Random,0.0,
31144,Popularity,0.0,
31144,CF (ItemKNN),0.0,
31144,Content (Avg Emb),0.0,
31144,Last-Item,0.0,
31144,Avg-Last-10,0.0,
31144,Recency-Weighted,0.0,
31144,Essence (K=3),0.0,
31181,Random,0.0,0.0
31181,Popularity,0.0,0.0
31181,CF (ItemKNN),0.1111111111111111,0.0
31181,Content (Avg Emb),0.0,0.0
31181,Last-Item,0.0,0.0
31181,Avg-Last-10,0.0,0.0
31181,Recency-Weighted,0.0,0.0
31181,Essence (K=3),0.0,0.0
31188,Random,0.0,
31188,Popularity,0.0,
31188,CF (ItemKNN),0.1666666666666666,
31188,Content (Avg Emb),0.0,
31188,Last-Item,0.0,
31188,Avg-Last-10,0.0,
31188,Recency-Weighted,0.0,
31188,Essence (K=3),0.0,
31204,Random,0.0,
31204,Popularity,0.0,
31204,CF (ItemKNN),0.0,
31204,Content (Avg Emb),0.0,
31204,Last-Item,0.0,
31204,Avg-Last-10,0.0,
31204,Recency-Weighted,0.0,
31204,Essence (K=3),0.0,
31236,Random,0.0,
31236,Popularity,0.0,
31236,CF (ItemKNN),0.25,
31236,Content (Avg Emb),0.0,
31236,Last-Item,0.0,
31236,Avg-Last-10,0.0,
31236,Recency-Weighted,0.0,
31236,Essence (K=3),0.0,
31264,Random,0.0,0.0
31264,Popularity,0.0,0.0
31264,CF (ItemKNN),0.0,0.0
31264,Content (Avg Emb),0.0,0.0
31264,Last-Item,0.0,0.0
31264,Avg-Last-10,0.025,0.0
31264,Recency-Weighted,0.05,0.0
31264,Essence (K=3),0.025,0.0
31338,Random,0.0,0.0
31338,Popularity,0.4285714285714285,0.0
31338,CF (ItemKNN),0.4285714285714285,0.0
31338,Content (Avg Emb),0.0,0.0
31338,Last-Item,0.0,0.0
31338,Avg-Last-10,0.0,0.0
31338,Recency-Weighted,0.0,0.0
31338,Essence (K=3),0.0,0.0
31421,Random,0.0,
31421,Popularity,0.1,
31421,CF (ItemKNN),0.15,
31421,Content (Avg Emb),0.0,
31421,Last-Item,0.05,
31421,Avg-Last-10,0.0,
31421,Recency-Weighted,0.0,
31421,Essence (K=3),0.0,
31429,Random,0.0,
31429,Popularity,0.3333333333333333,
31429,CF (ItemKNN),0.0,
31429,Content (Avg Emb),0.0,
31429,Last-Item,0.1666666666666666,
31429,Avg-Last-10,0.0,
31429,Recency-Weighted,0.0,
31429,Essence (K=3),0.0,
31468,Random,0.0,0.0
31468,Popularity,0.0,0.0
31468,CF (ItemKNN),0.0,0.0
31468,Content (Avg Emb),0.0,0.0
31468,Last-Item,0.0,0.0
31468,Avg-Last-10,0.0,0.0
31468,Recency-Weighted,0.0,0.0
31468,Essence (K=3),0.0,0.0
31537,Random,0.0,
31537,Popularity,0.1,
31537,CF (ItemKNN),0.1,
31537,Content (Avg Emb),0.1,
31537,Last-Item,0.0,
31537,Avg-Last-10,0.1,
31537,Recency-Weighted,0.0,
31537,Essence (K=3),0.0,
31593,Random,0.0,
31593,Popularity,0.25,
31593,CF (ItemKNN),0.25,
31593,Content (Avg Emb),0.0,
31593,Last-Item,0.0,
31593,Avg-Last-10,0.0,
31593,Recency-Weighted,0.0,
31593,Essence (K=3),0.0,
31678,Random,0.0,
31678,Popularity,0.1428571428571428,
31678,CF (ItemKNN),0.0,
31678,Content (Avg Emb),0.0,
31678,Last-Item,0.0,
31678,Avg-Last-10,0.0,
31678,Recency-Weighted,0.0,
31678,Essence (K=3),0.0,
31835,Random,0.0,0.0
31835,Popularity,0.0,0.0
31835,CF (ItemKNN),0.0,0.0
31835,Content (Avg Emb),0.0,0.0
31835,Last-Item,0.0,0.0
31835,Avg-Last-10,0.0,0.0
31835,Recency-Weighted,0.0,0.0
31835,Essence (K=3),0.0,0.0
31886,Random,0.0,
31886,Popularity,0.0,
31886,CF (ItemKNN),0.0833333333333333,
31886,Content (Avg Emb),0.0,
31886,Last-Item,0.0,
31886,Avg-Last-10,0.0,
31886,Recency-Weighted,0.0,
31886,Essence (K=3),0.0,
32298,Random,0.0,0.0
32298,Popularity,0.0,0.0
32298,CF (ItemKNN),0.0,0.0
32298,Content (Avg Emb),0.0,0.0
32298,Last-Item,0.0,0.0
32298,Avg-Last-10,0.0,0.0
32298,Recency-Weighted,0.0,0.0
32298,Essence (K=3),0.0,0.0
32435,Random,0.0,
32435,Popularity,0.0,
32435,CF (ItemKNN),0.0,
32435,Content (Avg Emb),0.0,
32435,Last-Item,0.0,
32435,Avg-Last-10,0.0,
32435,Recency-Weighted,0.0,
32435,Essence (K=3),0.0,
32516,Random,0.0,
32516,Popularity,0.0,
32516,CF (ItemKNN),0.0,
32516,Content (Avg Emb),0.0,
32516,Last-Item,0.0,
32516,Avg-Last-10,0.0,
32516,Recency-Weighted,0.0,
32516,Essence (K=3),0.0,
32599,Random,0.0,
32599,Popularity,0.1666666666666666,
32599,CF (ItemKNN),0.1666666666666666,
32599,Content (Avg Emb),0.0,
32599,Last-Item,0.0,
32599,Avg-Last-10,0.0,
32599,Recency-Weighted,0.0,
32599,Essence (K=3),0.0,
32609,Random,0.0,
32609,Popularity,0.0,
32609,CF (ItemKNN),0.1176470588235294,
32609,Content (Avg Emb),0.0,
32609,Last-Item,0.0,
32609,Avg-Last-10,0.0,
32609,Recency-Weighted,0.0,
32609,Essence (K=3),0.0,
32650,Random,0.0,
32650,Popularity,0.1428571428571428,
32650,CF (ItemKNN),0.1428571428571428,
32650,Content (Avg Emb),0.0,
32650,Last-Item,0.0,
32650,Avg-Last-10,0.0,
32650,Recency-Weighted,0.0,
32650,Essence (K=3),0.0,
32663,Random,0.0,
32663,Popularity,0.0,
32663,CF (ItemKNN),0.0,
32663,Content (Avg Emb),0.0,
32663,Last-Item,0.0,
32663,Avg-Last-10,0.0,
32663,Recency-Weighted,0.0,
32663,Essence (K=3),0.0,
32693,Random,0.0,0.0
32693,Popularity,0.0263157894736842,0.0
32693,CF (ItemKNN),0.0789473684210526,0.0
32693,Content (Avg Emb),0.0,0.0
32693,Last-Item,0.0,0.0
32693,Avg-Last-10,0.0,0.0
32693,Recency-Weighted,0.0,0.0
32693,Essence (K=3),0.0,0.0
32726,Random,0.0,
32726,Popularity,0.0,
32726,CF (ItemKNN),0.25,
32726,Content (Avg Emb),0.0,
32726,Last-Item,0.25,
32726,Avg-Last-10,0.0,
32726,Recency-Weighted,0.0,
32726,Essence (K=3),0.0,
32934,Random,0.0,
32934,Popularity,0.0,
32934,CF (ItemKNN),0.0526315789473684,
32934,Content (Avg Emb),0.0,
32934,Last-Item,0.0,
32934,Avg-Last-10,0.0,
32934,Recency-Weighted,0.0,
32934,Essence (K=3),0.0,
32993,Random,0.0,
32993,Popularity,0.2222222222222222,
32993,CF (ItemKNN),0.3333333333333333,
32993,Content (Avg Emb),0.0,
32993,Last-Item,0.0,
32993,Avg-Last-10,0.0,
32993,Recency-Weighted,0.0,
32993,Essence (K=3),0.0,
33396,Random,0.0,
33396,Popularity,0.037037037037037,
33396,CF (ItemKNN),0.0,
33396,Content (Avg Emb),0.0,
33396,Last-Item,0.0,
33396,Avg-Last-10,0.0,
33396,Recency-Weighted,0.0,
33396,Essence (K=3),0.0,
33405,Random,0.0,
33405,Popularity,0.125,
33405,CF (ItemKNN),0.1666666666666666,
33405,Content (Avg Emb),0.0,
33405,Last-Item,0.1666666666666666,
33405,Avg-Last-10,0.0,
33405,Recency-Weighted,0.0416666666666666,
33405,Essence (K=3),0.0,
33517,Random,0.0,0.0
33517,Popularity,0.0,0.0
33517,CF (ItemKNN),0.0,0.0
33517,Content (Avg Emb),0.0,0.0
33517,Last-Item,0.0,0.0
33517,Avg-Last-10,0.0,0.0
33517,Recency-Weighted,0.0,0.0
33517,Essence (K=3),0.0,0.0
33946,Random,0.0,
33946,Popularity,0.0625,
33946,CF (ItemKNN),0.0,
33946,Content (Avg Emb),0.0,
33946,Last-Item,0.0,
33946,Avg-Last-10,0.0,
33946,Recency-Weighted,0.0,
33946,Essence (K=3),0.0,
34106,Random,0.0,
34106,Popularity,0.4545454545454545,
34106,CF (ItemKNN),0.3636363636363636,
34106,Content (Avg Emb),0.0,
34106,Last-Item,0.0,
34106,Avg-Last-10,0.0,
34106,Recency-Weighted,0.0909090909090909,
34106,Essence (K=3),0.0,
34405,Random,0.0,
34405,Popularity,0.0,
34405,CF (ItemKNN),0.0,
34405,Content (Avg Emb),0.0,
34405,Last-Item,0.0,
34405,Avg-Last-10,0.0,
34405,Recency-Weighted,0.0,
34405,Essence (K=3),0.0,
34498,Random,0.0,0.0
34498,Popularity,0.0,0.0
34498,CF (ItemKNN),0.0,0.0
34498,Content (Avg Emb),0.0,0.0
34498,Last-Item,0.0,0.0
34498,Avg-Last-10,0.0526315789473684,0.0
34498,Recency-Weighted,0.0,0.0
34498,Essence (K=3),0.0526315789473684,0.0
34514,Random,0.0,
34514,Popularity,0.0,
34514,CF (ItemKNN),0.0,
34514,Content (Avg Emb),0.0,
34514,Last-Item,0.0,
34514,Avg-Last-10,0.0,
34514,Recency-Weighted,0.0,
34514,Essence (K=3),0.0,
34593,Random,0.0,0.0
34593,Popularity,0.032258064516129,0.0
34593,CF (ItemKNN),0.032258064516129,0.0
34593,Content (Avg Emb),0.0,0.0
34593,Last-Item,0.0,0.0
34593,Avg-Last-10,0.0,0.0
34593,Recency-Weighted,0.0,0.0
34593,Essence (K=3),0.0,0.0
34650,Random,0.0,0.0
34650,Popularity,0.0588235294117647,0.0
34650,CF (ItemKNN),0.0294117647058823,0.0
34650,Content (Avg Emb),0.0,0.0
34650,Last-Item,0.0,0.0
34650,Avg-Last-10,0.0,0.0
34650,Recency-Weighted,0.0,0.0
34650,Essence (K=3),0.0,0.0
34659,Random,0.0,
34659,Popularity,0.0,
34659,CF (ItemKNN),0.0,
34659,Content (Avg Emb),0.0,
34659,Last-Item,0.0,
34659,Avg-Last-10,0.0833333333333333,
34659,Recency-Weighted,0.0833333333333333,
34659,Essence (K=3),0.0,
34761,Random,0.0,
34761,Popularity,0.0,
34761,CF (ItemKNN),0.0,
34761,Content (Avg Emb),0.0,
34761,Last-Item,0.0,
34761,Avg-Last-10,0.0,
34761,Recency-Weighted,0.0,
34761,Essence (K=3),0.0,
34788,Random,0.0,
34788,Popularity,0.0,
34788,CF (ItemKNN),0.0,
34788,Content (Avg Emb),0.0,
34788,Last-Item,0.0,
34788,Avg-Last-10,0.0,
34788,Recency-Weighted,0.0,
34788,Essence (K=3),0.0,
34836,Random,0.0,
34836,Popularity,0.1,
34836,CF (ItemKNN),0.1,
34836,Content (Avg Emb),0.0,
34836,Last-Item,0.0,
34836,Avg-Last-10,0.0,
34836,Recency-Weighted,0.0,
34836,Essence (K=3),0.0,
34837,Random,0.0,
34837,Popularity,0.0,
34837,CF (ItemKNN),0.0,
34837,Content (Avg Emb),0.0,
34837,Last-Item,0.0,
34837,Avg-Last-10,0.0,
34837,Recency-Weighted,0.0,
34837,Essence (K=3),0.0,
34920,Random,0.0,
34920,Popularity,0.0,
34920,CF (ItemKNN),0.0,
34920,Content (Avg Emb),0.0,
34920,Last-Item,0.0,
34920,Avg-Last-10,0.0,
34920,Recency-Weighted,0.0,
34920,Essence (K=3),0.0,
35007,Random,0.0,0.0
35007,Popularity,0.0,0.0
35007,CF (ItemKNN),0.0588235294117647,0.0
35007,Content (Avg Emb),0.0,0.0
35007,Last-Item,0.0588235294117647,0.0
35007,Avg-Last-10,0.0,0.0
35007,Recency-Weighted,0.0,0.0
35007,Essence (K=3),0.0,0.0
35096,Random,0.0,
35096,Popularity,0.0666666666666666,
35096,CF (ItemKNN),0.0,
35096,Content (Avg Emb),0.0,
35096,Last-Item,0.0,
35096,Avg-Last-10,0.0,
35096,Recency-Weighted,0.0,
35096,Essence (K=3),0.0,
35104,Random,0.0,
35104,Popularity,0.25,
35104,CF (ItemKNN),0.5,
35104,Content (Avg Emb),0.0,
35104,Last-Item,0.0,
35104,Avg-Last-10,0.0,
35104,Recency-Weighted,0.0,
35104,Essence (K=3),0.0,
35142,Random,0.0,0.0
35142,Popularity,0.1142857142857142,0.0
35142,CF (ItemKNN),0.0857142857142857,0.0
35142,Content (Avg Emb),0.0,0.0
35142,Last-Item,0.0,0.0
35142,Avg-Last-10,0.0,0.0
35142,Recency-Weighted,0.0,0.0
35142,Essence (K=3),0.0,0.0
35190,Random,0.0,
35190,Popularity,0.0,
35190,CF (ItemKNN),0.0,
35190,Content (Avg Emb),0.0,
35190,Last-Item,0.0,
35190,Avg-Last-10,0.0,
35190,Recency-Weighted,0.0,
35190,Essence (K=3),0.0,
35377,Random,0.0,
35377,Popularity,0.0,
35377,CF (ItemKNN),0.0,
35377,Content (Avg Emb),0.0,
35377,Last-Item,0.0,
35377,Avg-Last-10,0.0,
35377,Recency-Weighted,0.0,
35377,Essence (K=3),0.0,
35546,Random,0.0,
35546,Popularity,0.0,
35546,CF (ItemKNN),0.0,
35546,Content (Avg Emb),0.0,
35546,Last-Item,0.0,
35546,Avg-Last-10,0.0,
35546,Recency-Weighted,0.0,
35546,Essence (K=3),0.0,
35689,Random,0.0,
35689,Popularity,0.125,
35689,CF (ItemKNN),0.375,
35689,Content (Avg Emb),0.125,
35689,Last-Item,0.0,
35689,Avg-Last-10,0.0,
35689,Recency-Weighted,0.0,
35689,Essence (K=3),0.0,
35760,Random,0.0,
35760,Popularity,0.0,
35760,CF (ItemKNN),0.0,
35760,Content (Avg Emb),0.0,
35760,Last-Item,0.0,
35760,Avg-Last-10,0.0,
35760,Recency-Weighted,0.0,
35760,Essence (K=3),0.0,
35806,Random,0.0,0.0
35806,Popularity,0.0,0.0
35806,CF (ItemKNN),0.0344827586206896,0.0
35806,Content (Avg Emb),0.0344827586206896,0.0
35806,Last-Item,0.0,0.0
35806,Avg-Last-10,0.0,0.0
35806,Recency-Weighted,0.0,0.0
35806,Essence (K=3),0.0,0.0
35925,Random,0.0,0.0
35925,Popularity,0.09375,0.0
35925,CF (ItemKNN),0.125,0.0
35925,Content (Avg Emb),0.03125,0.0
35925,Last-Item,0.0,0.0
35925,Avg-Last-10,0.0,0.0
35925,Recency-Weighted,0.0,0.0
35925,Essence (K=3),0.0,0.0
35958,Random,0.0,
35958,Popularity,0.0,
35958,CF (ItemKNN),0.0,
35958,Content (Avg Emb),0.0,
35958,Last-Item,0.0,
35958,Avg-Last-10,0.0,
35958,Recency-Weighted,0.0,
35958,Essence (K=3),0.0,
35986,Random,0.0,
35986,Popularity,0.0,
35986,CF (ItemKNN),0.0,
35986,Content (Avg Emb),0.0,
35986,Last-Item,0.0,
35986,Avg-Last-10,0.0,
35986,Recency-Weighted,0.0,
35986,Essence (K=3),0.0,
36036,Random,0.0,0.0
36036,Popularity,0.0625,0.0
36036,CF (ItemKNN),0.09375,0.0
36036,Content (Avg Emb),0.0,0.0
36036,Last-Item,0.0,0.0
36036,Avg-Last-10,0.0,0.0
36036,Recency-Weighted,0.0,0.0
36036,Essence (K=3),0.0,0.0
36051,Random,0.0,
36051,Popularity,0.0,
36051,CF (ItemKNN),0.1,
36051,Content (Avg Emb),0.0,
36051,Last-Item,0.0,
36051,Avg-Last-10,0.1,
36051,Recency-Weighted,0.1,
36051,Essence (K=3),0.1,
36082,Random,0.0,
36082,Popularity,0.0,
36082,CF (ItemKNN),0.0,
36082,Content (Avg Emb),0.0,
36082,Last-Item,0.0,
36082,Avg-Last-10,0.0,
36082,Recency-Weighted,0.0,
36082,Essence (K=3),0.0,
36176,Random,0.0,
36176,Popularity,0.0,
36176,CF (ItemKNN),0.0,
36176,Content (Avg Emb),0.0,
36176,Last-Item,0.0,
36176,Avg-Last-10,0.0,
36176,Recency-Weighted,0.0,
36176,Essence (K=3),0.0,
36210,Random,0.0,0.0
36210,Popularity,0.0,0.0
36210,CF (ItemKNN),0.1428571428571428,0.0
36210,Content (Avg Emb),0.0,0.0
36210,Last-Item,0.0,0.0
36210,Avg-Last-10,0.0,0.0
36210,Recency-Weighted,0.0,0.0
36210,Essence (K=3),0.1428571428571428,0.0
36226,Random,0.0,
36226,Popularity,0.0,
36226,CF (ItemKNN),0.0,
36226,Content (Avg Emb),0.0,
36226,Last-Item,0.0,
36226,Avg-Last-10,0.0,
36226,Recency-Weighted,0.0,
36226,Essence (K=3),0.0,
36364,Random,0.0,
36364,Popularity,0.2222222222222222,
36364,CF (ItemKNN),0.2222222222222222,
36364,Content (Avg Emb),0.0,
36364,Last-Item,0.0,
36364,Avg-Last-10,0.0,
36364,Recency-Weighted,0.0,
36364,Essence (K=3),0.0,
36401,Random,0.0,
36401,Popularity,0.1666666666666666,
36401,CF (ItemKNN),0.0,
36401,Content (Avg Emb),0.0,
36401,Last-Item,0.0,
36401,Avg-Last-10,0.0,
36401,Recency-Weighted,0.0,
36401,Essence (K=3),0.0,
36541,Random,0.0,
36541,Popularity,0.0,
36541,CF (ItemKNN),0.0,
36541,Content (Avg Emb),0.0,
36541,Last-Item,0.0,
36541,Avg-Last-10,0.0,
36541,Recency-Weighted,0.0,
36541,Essence (K=3),0.0,
36619,Random,0.0,0.0
36619,Popularity,0.0666666666666666,0.0
36619,CF (ItemKNN),0.0666666666666666,0.0
36619,Content (Avg Emb),0.0,0.0
36619,Last-Item,0.0,0.0
36619,Avg-Last-10,0.0,0.0
36619,Recency-Weighted,0.0,0.0
36619,Essence (K=3),0.0,0.0
36661,Random,0.0,
36661,Popularity,0.0,
36661,CF (ItemKNN),0.0,
36661,Content (Avg Emb),0.0,
36661,Last-Item,0.0,
36661,Avg-Last-10,0.0,
36661,Recency-Weighted,0.0,
36661,Essence (K=3),0.0,
36829,Random,0.0,
36829,Popularity,0.3333333333333333,
36829,CF (ItemKNN),0.0,
36829,Content (Avg Emb),0.0,
36829,Last-Item,0.0,
36829,Avg-Last-10,0.1111111111111111,
36829,Recency-Weighted,0.1111111111111111,
36829,Essence (K=3),0.0,
36906,Random,0.0,
36906,Popularity,0.0,
36906,CF (ItemKNN),0.1666666666666666,
36906,Content (Avg Emb),0.0,
36906,Last-Item,0.25,
36906,Avg-Last-10,0.25,
36906,Recency-Weighted,0.25,
36906,Essence (K=3),0.0,
36914,Random,0.0,0.0
36914,Popularity,0.0,0.0
36914,CF (ItemKNN),0.0,0.0
36914,Content (Avg Emb),0.0,0.0
36914,Last-Item,0.0,0.0
36914,Avg-Last-10,0.0,0.0
36914,Recency-Weighted,0.0,0.0
36914,Essence (K=3),0.0,0.0
36934,Random,0.0,
36934,Popularity,0.2857142857142857,
36934,CF (ItemKNN),0.1428571428571428,
36934,Content (Avg Emb),0.0,
36934,Last-Item,0.0,
36934,Avg-Last-10,0.0,
36934,Recency-Weighted,0.0,
36934,Essence (K=3),0.0,
37065,Random,0.0,0.0
37065,Popularity,0.0384615384615384,0.0
37065,CF (ItemKNN),0.0,0.0
37065,Content (Avg Emb),0.0384615384615384,0.0
37065,Last-Item,0.0,0.0
37065,Avg-Last-10,0.0,0.0
37065,Recency-Weighted,0.0,0.0
37065,Essence (K=3),0.0,0.0
37076,Random,0.0,
37076,Popularity,0.1666666666666666,
37076,CF (ItemKNN),0.3333333333333333,
37076,Content (Avg Emb),0.0,
37076,Last-Item,0.0,
37076,Avg-Last-10,0.0,
37076,Recency-Weighted,0.0,
37076,Essence (K=3),0.0,
37355,Random,0.0,
37355,Popularity,0.0,
37355,CF (ItemKNN),0.25,
37355,Content (Avg Emb),0.0,
37355,Last-Item,0.0,
37355,Avg-Last-10,0.0,
37355,Recency-Weighted,0.0,
37355,Essence (K=3),0.0,
37356,Random,0.0,
37356,Popularity,0.1818181818181818,
37356,CF (ItemKNN),0.0,
37356,Content (Avg Emb),0.0909090909090909,
37356,Last-Item,0.0,
37356,Avg-Last-10,0.0,
37356,Recency-Weighted,0.0,
37356,Essence (K=3),0.0,
37371,Random,0.0,
37371,Popularity,0.0,
37371,CF (ItemKNN),0.0,
37371,Content (Avg Emb),0.0,
37371,Last-Item,0.0,
37371,Avg-Last-10,0.0,
37371,Recency-Weighted,0.0,
37371,Essence (K=3),0.0,
37418,Random,0.0,
37418,Popularity,0.0,
37418,CF (ItemKNN),0.0833333333333333,
37418,Content (Avg Emb),0.0,
37418,Last-Item,0.0,
37418,Avg-Last-10,0.0,
37418,Recency-Weighted,0.0,
37418,Essence (K=3),0.0,
37586,Random,0.0,
37586,Popularity,0.1111111111111111,
37586,CF (ItemKNN),0.1111111111111111,
37586,Content (Avg Emb),0.0,
37586,Last-Item,0.0,
37586,Avg-Last-10,0.0,
37586,Recency-Weighted,0.0,
37586,Essence (K=3),0.0,
37590,Random,0.0,
37590,Popularity,0.0,
37590,CF (ItemKNN),0.0,
37590,Content (Avg Emb),0.0,
37590,Last-Item,0.0,
37590,Avg-Last-10,0.0,
37590,Recency-Weighted,0.0,
37590,Essence (K=3),0.0,
37607,Random,0.0454545454545454,0.0
37607,Popularity,0.0,0.0
37607,CF (ItemKNN),0.0454545454545454,0.0
37607,Content (Avg Emb),0.0,0.0
37607,Last-Item,0.0,0.0
37607,Avg-Last-10,0.0,0.0
37607,Recency-Weighted,0.0,0.0
37607,Essence (K=3),0.0,0.0
37790,Random,0.0,
37790,Popularity,0.25,
37790,CF (ItemKNN),0.375,
37790,Content (Avg Emb),0.125,
37790,Last-Item,0.125,
37790,Avg-Last-10,0.125,
37790,Recency-Weighted,0.125,
37790,Essence (K=3),0.0,
37791,Random,0.0,
37791,Popularity,0.0,
37791,CF (ItemKNN),0.0,
37791,Content (Avg Emb),0.0,
37791,Last-Item,0.0,
37791,Avg-Last-10,0.0,
37791,Recency-Weighted,0.0,
37791,Essence (K=3),0.0,
37862,Random,0.0,
37862,Popularity,0.0,
37862,CF (ItemKNN),0.0,
37862,Content (Avg Emb),0.0,
37862,Last-Item,0.0,
37862,Avg-Last-10,0.0,
37862,Recency-Weighted,0.0,
37862,Essence (K=3),0.0,
37979,Random,0.0,
37979,Popularity,0.0,
37979,CF (ItemKNN),0.0,
37979,Content (Avg Emb),0.0,
37979,Last-Item,0.0,
37979,Avg-Last-10,0.0,
37979,Recency-Weighted,0.0,
37979,Essence (K=3),0.0,
38020,Random,0.0,
38020,Popularity,0.0,
38020,CF (ItemKNN),0.6,
38020,Content (Avg Emb),0.0,
38020,Last-Item,0.0,
38020,Avg-Last-10,0.0,
38020,Recency-Weighted,0.0,
38020,Essence (K=3),0.0,
38137,Random,0.0,
38137,Popularity,0.0,
38137,CF (ItemKNN),0.0,
38137,Content (Avg Emb),0.0,
38137,Last-Item,0.0,
38137,Avg-Last-10,0.0,
38137,Recency-Weighted,0.0,
38137,Essence (K=3),0.0,
38219,Random,0.0,
38219,Popularity,0.0,
38219,CF (ItemKNN),0.0,
38219,Content (Avg Emb),0.0,
38219,Last-Item,0.25,
38219,Avg-Last-10,0.0,
38219,Recency-Weighted,0.0,
38219,Essence (K=3),0.0,
38238,Random,0.0,
38238,Popularity,0.0,
38238,CF (ItemKNN),0.0,
38238,Content (Avg Emb),0.0,
38238,Last-Item,0.0,
38238,Avg-Last-10,0.0,
38238,Recency-Weighted,0.0,
38238,Essence (K=3),0.0,
38345,Random,0.0,
38345,Popularity,0.0,
38345,CF (ItemKNN),0.0,
38345,Content (Avg Emb),0.0,
38345,Last-Item,0.0,
38345,Avg-Last-10,0.0,
38345,Recency-Weighted,0.0,
38345,Essence (K=3),0.0,
38368,Random,0.0,
38368,Popularity,0.0,
38368,CF (ItemKNN),0.0,
38368,Content (Avg Emb),0.0,
38368,Last-Item,0.0,
38368,Avg-Last-10,0.0,
38368,Recency-Weighted,0.0,
38368,Essence (K=3),0.0,
38413,Random,0.0,
38413,Popularity,0.0,
38413,CF (ItemKNN),0.0,
38413,Content (Avg Emb),0.0,
38413,Last-Item,0.0,
38413,Avg-Last-10,0.0,
38413,Recency-Weighted,0.0,
38413,Essence (K=3),0.0,
38524,Random,0.0,
38524,Popularity,0.1176470588235294,
38524,CF (ItemKNN),0.1764705882352941,
38524,Content (Avg Emb),0.0,
38524,Last-Item,0.0,
38524,Avg-Last-10,0.0,
38524,Recency-Weighted,0.0,
38524,Essence (K=3),0.0,
38573,Random,0.0,0.0
38573,Popularity,0.0,0.0
38573,CF (ItemKNN),0.0,0.0
38573,Content (Avg Emb),0.0,0.0
38573,Last-Item,0.0,0.0
38573,Avg-Last-10,0.0,0.0
38573,Recency-Weighted,0.0,0.0
38573,Essence (K=3),0.0,0.0
38577,Random,0.0,
38577,Popularity,0.0,
38577,CF (ItemKNN),0.0,
38577,Content (Avg Emb),0.0,
38577,Last-Item,0.0,
38577,Avg-Last-10,0.0,
38577,Recency-Weighted,0.0,
38577,Essence (K=3),0.0,
38587,Random,0.0,
38587,Popularity,0.0,
38587,CF (ItemKNN),0.4,
38587,Content (Avg Emb),0.0,
38587,Last-Item,0.0,
38587,Avg-Last-10,0.0,
38587,Recency-Weighted,0.0,
38587,Essence (K=3),0.0,
38641,Random,0.0,
38641,Popularity,0.0,
38641,CF (ItemKNN),0.0,
38641,Content (Avg Emb),0.0,
38641,Last-Item,0.0,
38641,Avg-Last-10,0.0,
38641,Recency-Weighted,0.0,
38641,Essence (K=3),0.0,
38787,Random,0.0,
38787,Popularity,0.6666666666666666,
38787,CF (ItemKNN),0.1666666666666666,
38787,Content (Avg Emb),0.0,
38787,Last-Item,0.0,
38787,Avg-Last-10,0.0,
38787,Recency-Weighted,0.0,
38787,Essence (K=3),0.0,
38833,Random,0.0,0.0
38833,Popularity,0.0,0.0
38833,CF (ItemKNN),0.2857142857142857,0.0
38833,Content (Avg Emb),0.0,0.0
38833,Last-Item,0.0,0.0
38833,Avg-Last-10,0.0,0.0
38833,Recency-Weighted,0.0,0.0
38833,Essence (K=3),0.0,0.0
38891,Random,0.0,
38891,Popularity,0.1818181818181818,
38891,CF (ItemKNN),0.1363636363636363,
38891,Content (Avg Emb),0.0,
38891,Last-Item,0.0,
38891,Avg-Last-10,0.0,
38891,Recency-Weighted,0.0,
38891,Essence (K=3),0.0,
38971,Random,0.0,
38971,Popularity,0.125,
38971,CF (ItemKNN),0.125,
38971,Content (Avg Emb),0.0,
38971,Last-Item,0.0,
38971,Avg-Last-10,0.0,
38971,Recency-Weighted,0.0,
38971,Essence (K=3),0.0,
39107,Random,0.0,0.0
39107,Popularity,0.0,0.0
39107,CF (ItemKNN),0.0,0.0
39107,Content (Avg Emb),0.0,0.0
39107,Last-Item,0.0,0.0
39107,Avg-Last-10,0.0,0.0
39107,Recency-Weighted,0.0,0.0
39107,Essence (K=3),0.0,0.0
39195,Random,0.0,
39195,Popularity,0.0,
39195,CF (ItemKNN),0.0,
39195,Content (Avg Emb),0.0,
39195,Last-Item,0.0,
39195,Avg-Last-10,0.0,
39195,Recency-Weighted,0.0,
39195,Essence (K=3),0.0,
39220,Random,0.0,
39220,Popularity,0.0,
39220,CF (ItemKNN),0.4,
39220,Content (Avg Emb),0.0,
39220,Last-Item,0.0,
39220,Avg-Last-10,0.0,
39220,Recency-Weighted,0.0,
39220,Essence (K=3),0.0,
39238,Random,0.0,
39238,Popularity,0.25,
39238,CF (ItemKNN),0.25,
39238,Content (Avg Emb),0.0,
39238,Last-Item,0.0,
39238,Avg-Last-10,0.0,
39238,Recency-Weighted,0.0,
39238,Essence (K=3),0.0,
39307,Random,0.0,
39307,Popularity,0.0625,
39307,CF (ItemKNN),0.0625,
39307,Content (Avg Emb),0.0,
39307,Last-Item,0.0,
39307,Avg-Last-10,0.0,
39307,Recency-Weighted,0.0,
39307,Essence (K=3),0.0,
39316,Random,0.0,
39316,Popularity,0.0,
39316,CF (ItemKNN),0.0,
39316,Content (Avg Emb),0.0,
39316,Last-Item,0.0,
39316,Avg-Last-10,0.0,
39316,Recency-Weighted,0.0,
39316,Essence (K=3),0.0,
39342,Random,0.0,
39342,Popularity,0.1428571428571428,
39342,CF (ItemKNN),0.0,
39342,Content (Avg Emb),0.0,
39342,Last-Item,0.0,
39342,Avg-Last-10,0.0,
39342,Recency-Weighted,0.0,
39342,Essence (K=3),0.0,
39405,Random,0.0,
39405,Popularity,0.0,
39405,CF (ItemKNN),0.4285714285714285,
39405,Content (Avg Emb),0.0,
39405,Last-Item,0.0,
39405,Avg-Last-10,0.0,
39405,Recency-Weighted,0.0,
39405,Essence (K=3),0.0,
39482,Random,0.0,0.0
39482,Popularity,0.0,0.0
39482,CF (ItemKNN),0.0,0.0
39482,Content (Avg Emb),0.0,0.0
39482,Last-Item,0.0,0.0
39482,Avg-Last-10,0.0,0.0
39482,Recency-Weighted,0.0,0.0
39482,Essence (K=3),0.0,0.0
39566,Random,0.0,0.0
39566,Popularity,0.1666666666666666,0.0
39566,CF (ItemKNN),0.1666666666666666,0.0
39566,Content (Avg Emb),0.0833333333333333,0.0
39566,Last-Item,0.0,0.0
39566,Avg-Last-10,0.0833333333333333,0.0
39566,Recency-Weighted,0.0833333333333333,0.0
39566,Essence (K=3),0.0,0.0
39572,Random,0.0,
39572,Popularity,0.5,
39572,CF (ItemKNN),0.25,
39572,Content (Avg Emb),0.0,
39572,Last-Item,0.0,
39572,Avg-Last-10,0.0,
39572,Recency-Weighted,0.0,
39572,Essence (K=3),0.0,
39645,Random,0.0,
39645,Popularity,0.0,
39645,CF (ItemKNN),0.0,
39645,Content (Avg Emb),0.0,
39645,Last-Item,0.0,
39645,Avg-Last-10,0.0,
39645,Recency-Weighted,0.0,
39645,Essence (K=3),0.0,
39895,Random,0.0,
39895,Popularity,0.0,
39895,CF (ItemKNN),0.125,
39895,Content (Avg Emb),0.0,
39895,Last-Item,0.0,
39895,Avg-Last-10,0.0,
39895,Recency-Weighted,0.0,
39895,Essence (K=3),0.125,
39921,Random,0.0,
39921,Popularity,0.1875,
39921,CF (ItemKNN),0.125,
39921,Content (Avg Emb),0.0,
39921,Last-Item,0.0,
39921,Avg-Last-10,0.0,
39921,Recency-Weighted,0.0,
39921,Essence (K=3),0.0,
39972,Random,0.0,
39972,Popularity,0.0,
39972,CF (ItemKNN),0.1666666666666666,
39972,Content (Avg Emb),0.0,
39972,Last-Item,0.0,
39972,Avg-Last-10,0.0,
39972,Recency-Weighted,0.0,
39972,Essence (K=3),0.0,
40013,Random,0.0,
40013,Popularity,0.0,
40013,CF (ItemKNN),0.0,
40013,Content (Avg Emb),0.0,
40013,Last-Item,0.0,
40013,Avg-Last-10,0.0,
40013,Recency-Weighted,0.0,
40013,Essence (K=3),0.0,
40049,Random,0.0,
40049,Popularity,0.0,
40049,CF (ItemKNN),0.3333333333333333,
40049,Content (Avg Emb),0.0,
40049,Last-Item,0.0,
40049,Avg-Last-10,0.0,
40049,Recency-Weighted,0.0,
40049,Essence (K=3),0.0,
40071,Random,0.0,
40071,Popularity,0.0,
40071,CF (ItemKNN),0.0,
40071,Content (Avg Emb),0.0,
40071,Last-Item,0.0,
40071,Avg-Last-10,0.0,
40071,Recency-Weighted,0.0,
40071,Essence (K=3),0.0,
40088,Random,0.0,0.0
40088,Popularity,0.0769230769230769,0.0
40088,CF (ItemKNN),0.0769230769230769,0.0
40088,Content (Avg Emb),0.0,0.0
40088,Last-Item,0.0,0.0
40088,Avg-Last-10,0.0,0.0
40088,Recency-Weighted,0.0,0.0
40088,Essence (K=3),0.0,0.0
40121,Random,0.0,
40121,Popularity,0.2857142857142857,
40121,CF (ItemKNN),0.5714285714285714,
40121,Content (Avg Emb),0.0,
40121,Last-Item,0.0,
40121,Avg-Last-10,0.0,
40121,Recency-Weighted,0.0,
40121,Essence (K=3),0.0,
40136,Random,0.0,
40136,Popularity,0.05,
40136,CF (ItemKNN),0.0,
40136,Content (Avg Emb),0.0,
40136,Last-Item,0.0,
40136,Avg-Last-10,0.0,
40136,Recency-Weighted,0.0,
40136,Essence (K=3),0.0,
40219,Random,0.0,
40219,Popularity,0.1,
40219,CF (ItemKNN),0.9,
40219,Content (Avg Emb),0.0,
40219,Last-Item,0.0,
40219,Avg-Last-10,0.0,
40219,Recency-Weighted,0.0,
40219,Essence (K=3),0.0,
40225,Random,0.0,0.0
40225,Popularity,0.0434782608695652,0.0
40225,CF (ItemKNN),0.217391304347826,0.0
40225,Content (Avg Emb),0.0,0.0
40225,Last-Item,0.0,0.0
40225,Avg-Last-10,0.0,0.0
40225,Recency-Weighted,0.0,0.0
40225,Essence (K=3),0.0,0.0
40234,Random,0.0,
40234,Popularity,0.0,
40234,CF (ItemKNN),0.037037037037037,
40234,Content (Avg Emb),0.0,
40234,Last-Item,0.0,
40234,Avg-Last-10,0.0,
40234,Recency-Weighted,0.0,
40234,Essence (K=3),0.0,
40343,Random,0.0,
40343,Popularity,0.0,
40343,CF (ItemKNN),0.0,
40343,Content (Avg Emb),0.0,
40343,Last-Item,0.0,
40343,Avg-Last-10,0.0,
40343,Recency-Weighted,0.0,
40343,Essence (K=3),0.0,
40451,Random,0.0,
40451,Popularity,0.0,
40451,CF (ItemKNN),0.0434782608695652,
40451,Content (Avg Emb),0.0,
40451,Last-Item,0.0,
40451,Avg-Last-10,0.0,
40451,Recency-Weighted,0.0,
40451,Essence (K=3),0.0,
40517,Random,0.0,
40517,Popularity,0.0625,
40517,CF (ItemKNN),0.03125,
40517,Content (Avg Emb),0.0,
40517,Last-Item,0.0,
40517,Avg-Last-10,0.0,
40517,Recency-Weighted,0.0,
40517,Essence (K=3),0.0,
40618,Random,0.0,
40618,Popularity,0.0,
40618,CF (ItemKNN),0.0,
40618,Content (Avg Emb),0.0,
40618,Last-Item,0.0,
40618,Avg-Last-10,0.0,
40618,Recency-Weighted,0.0,
40618,Essence (K=3),0.0,
40624,Random,0.0,
40624,Popularity,0.0,
40624,CF (ItemKNN),0.0,
40624,Content (Avg Emb),0.0,
40624,Last-Item,0.0,
40624,Avg-Last-10,0.0,
40624,Recency-Weighted,0.0,
40624,Essence (K=3),0.0,
40730,Random,0.0,0.0
40730,Popularity,0.0,0.0
40730,CF (ItemKNN),0.0,0.0
40730,Content (Avg Emb),0.0,0.0
40730,Last-Item,0.0,0.0
40730,Avg-Last-10,0.0,0.0
40730,Recency-Weighted,0.0,0.0
40730,Essence (K=3),0.0,0.0
40768,Random,0.0,
40768,Popularity,0.1428571428571428,
40768,CF (ItemKNN),0.1428571428571428,
40768,Content (Avg Emb),0.0,
40768,Last-Item,0.0,
40768,Avg-Last-10,0.0,
40768,Recency-Weighted,0.0,
40768,Essence (K=3),0.0,
40771,Random,0.0,
40771,Popularity,0.0,
40771,CF (ItemKNN),0.0,
40771,Content (Avg Emb),0.0,
40771,Last-Item,0.0,
40771,Avg-Last-10,0.0,
40771,Recency-Weighted,0.0,
40771,Essence (K=3),0.0,
40846,Random,0.0,
40846,Popularity,0.0,
40846,CF (ItemKNN),0.0,
40846,Content (Avg Emb),0.0,
40846,Last-Item,0.0,
40846,Avg-Last-10,0.0,
40846,Recency-Weighted,0.0,
40846,Essence (K=3),0.0,
40935,Random,0.0,
40935,Popularity,0.1666666666666666,
40935,CF (ItemKNN),0.5,
40935,Content (Avg Emb),0.0,
40935,Last-Item,0.0,
40935,Avg-Last-10,0.0,
40935,Recency-Weighted,0.0,
40935,Essence (K=3),0.0,
40989,Random,0.0,
40989,Popularity,0.0,
40989,CF (ItemKNN),0.125,
40989,Content (Avg Emb),0.0,
40989,Last-Item,0.0,
40989,Avg-Last-10,0.0,
40989,Recency-Weighted,0.0,
40989,Essence (K=3),0.0,
41042,Random,0.0,
41042,Popularity,0.0454545454545454,
41042,CF (ItemKNN),0.0454545454545454,
41042,Content (Avg Emb),0.0,
41042,Last-Item,0.0,
41042,Avg-Last-10,0.0,
41042,Recency-Weighted,0.0,
41042,Essence (K=3),0.0,
41088,Random,0.0,
41088,Popularity,0.0606060606060606,
41088,CF (ItemKNN),0.0606060606060606,
41088,Content (Avg Emb),0.0,
41088,Last-Item,0.0,
41088,Avg-Last-10,0.0303030303030303,
41088,Recency-Weighted,0.0303030303030303,
41088,Essence (K=3),0.0,
41129,Random,0.0,0.0
41129,Popularity,0.0,0.0
41129,CF (ItemKNN),0.0,0.0
41129,Content (Avg Emb),0.0,0.0
41129,Last-Item,0.0,0.0
41129,Avg-Last-10,0.0,0.0
41129,Recency-Weighted,0.0,0.0
41129,Essence (K=3),0.0,0.0
41168,Random,0.0,0.0
41168,Popularity,0.0833333333333333,0.0
41168,CF (ItemKNN),0.0833333333333333,0.0
41168,Content (Avg Emb),0.0,0.0
41168,Last-Item,0.0,0.0
41168,Avg-Last-10,0.0,0.0
41168,Recency-Weighted,0.0,0.0
41168,Essence (K=3),0.0,0.0
41242,Random,0.0,
41242,Popularity,0.0909090909090909,
41242,CF (ItemKNN),0.0,
41242,Content (Avg Emb),0.0,
41242,Last-Item,0.0,
41242,Avg-Last-10,0.0,
41242,Recency-Weighted,0.0,
41242,Essence (K=3),0.0,
41289,Random,0.0,0.0
41289,Popularity,0.0303030303030303,0.0
41289,CF (ItemKNN),0.0303030303030303,0.0
41289,Content (Avg Emb),0.0,0.0
41289,Last-Item,0.0,0.0
41289,Avg-Last-10,0.0,0.0
41289,Recency-Weighted,0.0,0.0
41289,Essence (K=3),0.0,0.0
41292,Random,0.0,
41292,Popularity,0.3333333333333333,
41292,CF (ItemKNN),0.3333333333333333,
41292,Content (Avg Emb),0.0,
41292,Last-Item,0.0,
41292,Avg-Last-10,0.0,
41292,Recency-Weighted,0.0,
41292,Essence (K=3),0.0,
41426,Random,0.0,0.0
41426,Popularity,0.0,0.0
41426,CF (ItemKNN),0.0606060606060606,0.0
41426,Content (Avg Emb),0.0,0.0
41426,Last-Item,0.0303030303030303,0.0
41426,Avg-Last-10,0.0909090909090909,0.0
41426,Recency-Weighted,0.1212121212121212,0.0
41426,Essence (K=3),0.0,0.0
41448,Random,0.0,
41448,Popularity,0.1666666666666666,
41448,CF (ItemKNN),0.0,
41448,Content (Avg Emb),0.0,
41448,Last-Item,0.0,
41448,Avg-Last-10,0.0,
41448,Recency-Weighted,0.0,
41448,Essence (K=3),0.0,
41461,Random,0.0,
41461,Popularity,0.1428571428571428,
41461,CF (ItemKNN),0.0,
41461,Content (Avg Emb),0.0,
41461,Last-Item,0.0,
41461,Avg-Last-10,0.1428571428571428,
41461,Recency-Weighted,0.0,
41461,Essence (K=3),0.0,
41723,Random,0.0,
41723,Popularity,0.2222222222222222,
41723,CF (ItemKNN),0.0,
41723,Content (Avg Emb),0.0,
41723,Last-Item,0.0,
41723,Avg-Last-10,0.0,
41723,Recency-Weighted,0.0,
41723,Essence (K=3),0.0,
41846,Random,0.0,
41846,Popularity,0.0526315789473684,
41846,CF (ItemKNN),0.0526315789473684,
41846,Content (Avg Emb),0.0,
41846,Last-Item,0.0,
41846,Avg-Last-10,0.0,
41846,Recency-Weighted,0.0,
41846,Essence (K=3),0.0,
41948,Random,0.0,
41948,Popularity,0.0,
41948,CF (ItemKNN),0.0,
41948,Content (Avg Emb),0.0,
41948,Last-Item,0.0,
41948,Avg-Last-10,0.0,
41948,Recency-Weighted,0.0,
41948,Essence (K=3),0.0,
42094,Random,0.0,0.0
42094,Popularity,0.0,0.0
42094,CF (ItemKNN),0.0689655172413793,0.0
42094,Content (Avg Emb),0.0,0.0
42094,Last-Item,0.0689655172413793,0.0
42094,Avg-Last-10,0.0,0.0
42094,Recency-Weighted,0.0,0.0
42094,Essence (K=3),0.0,0.0
42228,Random,0.0,
42228,Popularity,0.2,
42228,CF (ItemKNN),0.0,
42228,Content (Avg Emb),0.0,
42228,Last-Item,0.0,
42228,Avg-Last-10,0.0,
42228,Recency-Weighted,0.0,
42228,Essence (K=3),0.0,
42456,Random,0.0,
42456,Popularity,0.0,
42456,CF (ItemKNN),0.1052631578947368,
42456,Content (Avg Emb),0.0,
42456,Last-Item,0.0,
42456,Avg-Last-10,0.0,
42456,Recency-Weighted,0.0,
42456,Essence (K=3),0.0,
42600,Random,0.0,0.0
42600,Popularity,0.0,0.0
42600,CF (ItemKNN),0.0,0.0
42600,Content (Avg Emb),0.0,0.0
42600,Last-Item,0.0,0.0
42600,Avg-Last-10,0.0,0.0
42600,Recency-Weighted,0.0,0.0
42600,Essence (K=3),0.0,0.0
42758,Random,0.0,
42758,Popularity,0.1739130434782608,
42758,CF (ItemKNN),0.0869565217391304,
42758,Content (Avg Emb),0.0,
42758,Last-Item,0.0,
42758,Avg-Last-10,0.0434782608695652,
42758,Recency-Weighted,0.0434782608695652,
42758,Essence (K=3),0.0,
42864,Random,0.0,0.0
42864,Popularity,0.0,0.0
42864,CF (ItemKNN),0.0,0.0
42864,Content (Avg Emb),0.0,0.0
42864,Last-Item,0.0,0.0
42864,Avg-Last-10,0.0,0.0
42864,Recency-Weighted,0.0,0.0
42864,Essence (K=3),0.0,0.0
42937,Random,0.0,0.0
42937,Popularity,0.0526315789473684,0.0
42937,CF (ItemKNN),0.1052631578947368,0.0
42937,Content (Avg Emb),0.0,0.0
42937,Last-Item,0.0,0.0
42937,Avg-Last-10,0.0,0.0
42937,Recency-Weighted,0.0,0.0
42937,Essence (K=3),0.0,0.0
43060,Random,0.0,
43060,Popularity,0.0,
43060,CF (ItemKNN),0.2,
43060,Content (Avg Emb),0.0,
43060,Last-Item,0.0,
43060,Avg-Last-10,0.0,
43060,Recency-Weighted,0.0,
43060,Essence (K=3),0.0,
43096,Random,0.0,0.0
43096,Popularity,0.0,0.0
43096,CF (ItemKNN),0.0,0.0
43096,Content (Avg Emb),0.0,0.0
43096,Last-Item,0.0,0.0
43096,Avg-Last-10,0.0,0.0
43096,Recency-Weighted,0.0,0.0
43096,Essence (K=3),0.0,0.0
43198,Random,0.0,
43198,Popularity,0.1666666666666666,
43198,CF (ItemKNN),0.3333333333333333,
43198,Content (Avg Emb),0.0,
43198,Last-Item,0.0,
43198,Avg-Last-10,0.0,
43198,Recency-Weighted,0.0,
43198,Essence (K=3),0.0,
43304,Random,0.0,
43304,Popularity,0.0,
43304,CF (ItemKNN),0.2,
43304,Content (Avg Emb),0.0,
43304,Last-Item,0.0,
43304,Avg-Last-10,0.0,
43304,Recency-Weighted,0.0,
43304,Essence (K=3),0.0,
43401,Random,0.0,0.0
43401,Popularity,0.0,0.0
43401,CF (ItemKNN),0.0,0.0
43401,Content (Avg Emb),0.0,0.0
43401,Last-Item,0.0,0.0
43401,Avg-Last-10,0.0,0.0
43401,Recency-Weighted,0.0,0.0
43401,Essence (K=3),0.0,0.0
43474,Random,0.0,0.0
43474,Popularity,0.0,0.0
43474,CF (ItemKNN),0.0,0.0
43474,Content (Avg Emb),0.0,0.0
43474,Last-Item,0.0,0.0
43474,Avg-Last-10,0.0,0.0
43474,Recency-Weighted,0.0,0.0
43474,Essence (K=3),0.0,0.0
43475,Random,0.0,
43475,Popularity,0.0,
43475,CF (ItemKNN),0.0,
43475,Content (Avg Emb),0.0,
43475,Last-Item,0.0,
43475,Avg-Last-10,0.0,
43475,Recency-Weighted,0.0,
43475,Essence (K=3),0.0,
43486,Random,0.0,0.0
43486,Popularity,0.0,0.0
43486,CF (ItemKNN),0.0,0.0
43486,Content (Avg Emb),0.0,0.0
43486,Last-Item,0.0,0.0
43486,Avg-Last-10,0.0,0.0
43486,Recency-Weighted,0.0,0.0
43486,Essence (K=3),0.0,0.0
43493,Random,0.0,
43493,Popularity,0.0,
43493,CF (ItemKNN),0.0,
43493,Content (Avg Emb),0.0,
43493,Last-Item,0.0,
43493,Avg-Last-10,0.0,
43493,Recency-Weighted,0.0,
43493,Essence (K=3),0.0,
43506,Random,0.0,
43506,Popularity,0.0416666666666666,
43506,CF (ItemKNN),0.0416666666666666,
43506,Content (Avg Emb),0.0,
43506,Last-Item,0.0,
43506,Avg-Last-10,0.0,
43506,Recency-Weighted,0.0,
43506,Essence (K=3),0.0,
43546,Random,0.0,
43546,Popularity,0.2,
43546,CF (ItemKNN),0.15,
43546,Content (Avg Emb),0.0,
43546,Last-Item,0.0,
43546,Avg-Last-10,0.0,
43546,Recency-Weighted,0.0,
43546,Essence (K=3),0.0,
43570,Random,0.0,
43570,Popularity,0.0,
43570,CF (ItemKNN),0.0,
43570,Content (Avg Emb),0.0,
43570,Last-Item,0.0,
43570,Avg-Last-10,0.0,
43570,Recency-Weighted,0.0,
43570,Essence (K=3),0.0,
43575,Random,0.0,
43575,Popularity,0.0,
43575,CF (ItemKNN),0.0333333333333333,
43575,Content (Avg Emb),0.0,
43575,Last-Item,0.0,
43575,Avg-Last-10,0.0333333333333333,
43575,Recency-Weighted,0.0333333333333333,
43575,Essence (K=3),0.0,
43596,Random,0.0,
43596,Popularity,0.0,
43596,CF (ItemKNN),0.2222222222222222,
43596,Content (Avg Emb),0.0,
43596,Last-Item,0.0,
43596,Avg-Last-10,0.0,
43596,Recency-Weighted,0.0,
43596,Essence (K=3),0.0,
43643,Random,0.0,
43643,Popularity,0.0,
43643,CF (ItemKNN),0.0833333333333333,
43643,Content (Avg Emb),0.0,
43643,Last-Item,0.0,
43643,Avg-Last-10,0.0,
43643,Recency-Weighted,0.0,
43643,Essence (K=3),0.0,
43666,Random,0.0,
43666,Popularity,0.0,
43666,CF (ItemKNN),0.0,
43666,Content (Avg Emb),0.0,
43666,Last-Item,0.0,
43666,Avg-Last-10,0.0,
43666,Recency-Weighted,0.0,
43666,Essence (K=3),0.0,
43668,Random,0.0,
43668,Popularity,0.0,
43668,CF (ItemKNN),0.0,
43668,Content (Avg Emb),0.0,
43668,Last-Item,0.0,
43668,Avg-Last-10,0.0,
43668,Recency-Weighted,0.0,
43668,Essence (K=3),0.0,
43856,Random,0.0,0.0
43856,Popularity,0.0,0.0
43856,CF (ItemKNN),0.0,0.0
43856,Content (Avg Emb),0.0,0.0
43856,Last-Item,0.0,0.0
43856,Avg-Last-10,0.0,0.0
43856,Recency-Weighted,0.0,0.0
43856,Essence (K=3),0.0,0.0
43859,Random,0.0,
43859,Popularity,0.1081081081081081,
43859,CF (ItemKNN),0.081081081081081,
43859,Content (Avg Emb),0.0,
43859,Last-Item,0.0,
43859,Avg-Last-10,0.0,
43859,Recency-Weighted,0.0,
43859,Essence (K=3),0.0,
43884,Random,0.0,
43884,Popularity,0.0,
43884,CF (ItemKNN),0.0,
43884,Content (Avg Emb),0.0,
43884,Last-Item,0.1111111111111111,
43884,Avg-Last-10,0.0,
43884,Recency-Weighted,0.0,
43884,Essence (K=3),0.0,
43894,Random,0.0,
43894,Popularity,0.0,
43894,CF (ItemKNN),0.2,
43894,Content (Avg Emb),0.0,
43894,Last-Item,0.0,
43894,Avg-Last-10,0.0,
43894,Recency-Weighted,0.0,
43894,Essence (K=3),0.0,
43910,Random,0.0,
43910,Popularity,0.0,
43910,CF (ItemKNN),0.0,
43910,Content (Avg Emb),0.0,
43910,Last-Item,0.0,
43910,Avg-Last-10,0.0,
43910,Recency-Weighted,0.0,
43910,Essence (K=3),0.0,
44005,Random,0.0,
44005,Popularity,0.0,
44005,CF (ItemKNN),0.0,
44005,Content (Avg Emb),0.0,
44005,Last-Item,0.0,
44005,Avg-Last-10,0.0,
44005,Recency-Weighted,0.0,
44005,Essence (K=3),0.0,
44110,Random,0.0,
44110,Popularity,0.0833333333333333,
44110,CF (ItemKNN),0.1666666666666666,
44110,Content (Avg Emb),0.0,
44110,Last-Item,0.0833333333333333,
44110,Avg-Last-10,0.0,
44110,Recency-Weighted,0.0,
44110,Essence (K=3),0.0,
44283,Random,0.0,
44283,Popularity,0.2,
44283,CF (ItemKNN),0.1,
44283,Content (Avg Emb),0.0,
44283,Last-Item,0.0,
44283,Avg-Last-10,0.0,
44283,Recency-Weighted,0.0,
44283,Essence (K=3),0.0,
44356,Random,0.0,
44356,Popularity,0.0666666666666666,
44356,CF (ItemKNN),0.2,
44356,Content (Avg Emb),0.0,
44356,Last-Item,0.0,
44356,Avg-Last-10,0.0,
44356,Recency-Weighted,0.0,
44356,Essence (K=3),0.0,
44376,Random,0.0,
44376,Popularity,0.0625,
44376,CF (ItemKNN),0.25,
44376,Content (Avg Emb),0.0,
44376,Last-Item,0.0,
44376,Avg-Last-10,0.0,
44376,Recency-Weighted,0.0,
44376,Essence (K=3),0.0,
44502,Random,0.0,
44502,Popularity,0.0,
44502,CF (ItemKNN),0.0,
44502,Content (Avg Emb),0.0,
44502,Last-Item,0.0,
44502,Avg-Last-10,0.0,
44502,Recency-Weighted,0.0,
44502,Essence (K=3),0.0,
44638,Random,0.0,
44638,Popularity,0.0,
44638,CF (ItemKNN),0.0,
44638,Content (Avg Emb),0.0,
44638,Last-Item,0.0,
44638,Avg-Last-10,0.0,
44638,Recency-Weighted,0.0,
44638,Essence (K=3),0.0,
44728,Random,0.0,
44728,Popularity,0.0,
44728,CF (ItemKNN),0.0,
44728,Content (Avg Emb),0.0,
44728,Last-Item,0.0,
44728,Avg-Last-10,0.0,
44728,Recency-Weighted,0.0,
44728,Essence (K=3),0.0,
44746,Random,0.0,
44746,Popularity,0.0,
44746,CF (ItemKNN),0.0625,
44746,Content (Avg Emb),0.0,
44746,Last-Item,0.0,
44746,Avg-Last-10,0.0,
44746,Recency-Weighted,0.0,
44746,Essence (K=3),0.0,
44776,Random,0.0,
44776,Popularity,0.0,
44776,CF (ItemKNN),0.0,
44776,Content (Avg Emb),0.0,
44776,Last-Item,0.0,
44776,Avg-Last-10,0.0,
44776,Recency-Weighted,0.0,
44776,Essence (K=3),0.0,
44839,Random,0.0,
44839,Popularity,0.0,
44839,CF (ItemKNN),0.0,
44839,Content (Avg Emb),0.0,
44839,Last-Item,0.0,
44839,Avg-Last-10,0.0,
44839,Recency-Weighted,0.0,
44839,Essence (K=3),0.0,
44916,Random,0.0,
44916,Popularity,0.0,
44916,CF (ItemKNN),0.0,
44916,Content (Avg Emb),0.0,
44916,Last-Item,0.0,
44916,Avg-Last-10,0.0,
44916,Recency-Weighted,0.0,
44916,Essence (K=3),0.0,
45068,Random,0.0,
45068,Popularity,0.0,
45068,CF (ItemKNN),0.032258064516129,
45068,Content (Avg Emb),0.0,
45068,Last-Item,0.0,
45068,Avg-Last-10,0.0,
45068,Recency-Weighted,0.0,
45068,Essence (K=3),0.0,
45092,Random,0.0,
45092,Popularity,0.0,
45092,CF (ItemKNN),0.0,
45092,Content (Avg Emb),0.0,
45092,Last-Item,0.0,
45092,Avg-Last-10,0.0,
45092,Recency-Weighted,0.0,
45092,Essence (K=3),0.0,
45114,Random,0.0,
45114,Popularity,0.0,
45114,CF (ItemKNN),0.0,
45114,Content (Avg Emb),0.0,
45114,Last-Item,0.0,
45114,Avg-Last-10,0.0,
45114,Recency-Weighted,0.0,
45114,Essence (K=3),0.0,
45191,Random,0.0,
45191,Popularity,0.2857142857142857,
45191,CF (ItemKNN),0.1428571428571428,
45191,Content (Avg Emb),0.0,
45191,Last-Item,0.0,
45191,Avg-Last-10,0.0,
45191,Recency-Weighted,0.0,
45191,Essence (K=3),0.0,
45326,Random,0.0,
45326,Popularity,0.0,
45326,CF (ItemKNN),0.0,
45326,Content (Avg Emb),0.0,
45326,Last-Item,0.0,
45326,Avg-Last-10,0.0454545454545454,
45326,Recency-Weighted,0.0,
45326,Essence (K=3),0.0,
45393,Random,0.0,
45393,Popularity,0.0,
45393,CF (ItemKNN),0.25,
45393,Content (Avg Emb),0.0,
45393,Last-Item,0.0,
45393,Avg-Last-10,0.0,
45393,Recency-Weighted,0.0,
45393,Essence (K=3),0.0,
45400,Random,0.0,0.0
45400,Popularity,0.0,0.0
45400,CF (ItemKNN),0.1111111111111111,0.0
45400,Content (Avg Emb),0.0,0.0
45400,Last-Item,0.0,0.0
45400,Avg-Last-10,0.0,0.0
45400,Recency-Weighted,0.0,0.0
45400,Essence (K=3),0.0,0.0
45435,Random,0.0,
45435,Popularity,0.054054054054054,
45435,CF (ItemKNN),0.0,
45435,Content (Avg Emb),0.0,
45435,Last-Item,0.0,
45435,Avg-Last-10,0.0,
45435,Recency-Weighted,0.0,
45435,Essence (K=3),0.0,
45466,Random,0.0,
45466,Popularity,0.0,
45466,CF (ItemKNN),0.0,
45466,Content (Avg Emb),0.0,
45466,Last-Item,0.0,
45466,Avg-Last-10,0.0,
45466,Recency-Weighted,0.0,
45466,Essence (K=3),0.0,
45564,Random,0.0,
45564,Popularity,0.0,
45564,CF (ItemKNN),0.1176470588235294,
45564,Content (Avg Emb),0.0,
45564,Last-Item,0.0,
45564,Avg-Last-10,0.0,
45564,Recency-Weighted,0.0,
45564,Essence (K=3),0.0,
45667,Random,0.0,
45667,Popularity,0.0666666666666666,
45667,CF (ItemKNN),0.0,
45667,Content (Avg Emb),0.0,
45667,Last-Item,0.0,
45667,Avg-Last-10,0.0,
45667,Recency-Weighted,0.0,
45667,Essence (K=3),0.0,
45684,Random,0.0,
45684,Popularity,0.0,
45684,CF (ItemKNN),0.0,
45684,Content (Avg Emb),0.0,
45684,Last-Item,0.0,
45684,Avg-Last-10,0.0,
45684,Recency-Weighted,0.0,
45684,Essence (K=3),0.0,
45717,Random,0.0,0.0
45717,Popularity,0.0625,0.0
45717,CF (ItemKNN),0.0,0.0
45717,Content (Avg Emb),0.0,0.0
45717,Last-Item,0.0625,0.0
45717,Avg-Last-10,0.0,0.0
45717,Recency-Weighted,0.0,0.0
45717,Essence (K=3),0.0,0.0
45722,Random,0.0,0.0
45722,Popularity,0.0,0.0
45722,CF (ItemKNN),0.0,0.0
45722,Content (Avg Emb),0.0,0.0
45722,Last-Item,0.0,0.0
45722,Avg-Last-10,0.0,0.0
45722,Recency-Weighted,0.0,0.0
45722,Essence (K=3),0.0,0.0
45731,Random,0.0,0.0
45731,Popularity,0.0,0.0
45731,CF (ItemKNN),0.037037037037037,0.0
45731,Content (Avg Emb),0.037037037037037,0.0
45731,Last-Item,0.0,0.0
45731,Avg-Last-10,0.0,0.0
45731,Recency-Weighted,0.0,0.0
45731,Essence (K=3),0.0,0.0
45770,Random,0.0,0.0
45770,Popularity,0.0,0.0
45770,CF (ItemKNN),0.0,0.0
45770,Content (Avg Emb),0.0,0.0
45770,Last-Item,0.0,0.0
45770,Avg-Last-10,0.0,0.0
45770,Recency-Weighted,0.0,0.0
45770,Essence (K=3),0.0,0.0
45779,Random,0.0,
45779,Popularity,0.0,
45779,CF (ItemKNN),0.0909090909090909,
45779,Content (Avg Emb),0.0,
45779,Last-Item,0.0,
45779,Avg-Last-10,0.0909090909090909,
45779,Recency-Weighted,0.0909090909090909,
45779,Essence (K=3),0.0,
45789,Random,0.0,0.0
45789,Popularity,0.0,0.0
45789,CF (ItemKNN),0.0,0.0
45789,Content (Avg Emb),0.0,0.0
45789,Last-Item,0.0,0.0
45789,Avg-Last-10,0.0,0.0
45789,Recency-Weighted,0.0,0.0
45789,Essence (K=3),0.0,0.0
45844,Random,0.0,
45844,Popularity,0.0714285714285714,
45844,CF (ItemKNN),0.1428571428571428,
45844,Content (Avg Emb),0.0714285714285714,
45844,Last-Item,0.0,
45844,Avg-Last-10,0.0714285714285714,
45844,Recency-Weighted,0.0714285714285714,
45844,Essence (K=3),0.0714285714285714,
45878,Random,0.0,0.0
45878,Popularity,0.0,0.0
45878,CF (ItemKNN),0.0,0.0
45878,Content (Avg Emb),0.0,0.0
45878,Last-Item,0.0,0.0
45878,Avg-Last-10,0.0,0.0
45878,Recency-Weighted,0.0,0.0
45878,Essence (K=3),0.0,0.0
45969,Random,0.0,0.0
45969,Popularity,0.125,0.0
45969,CF (ItemKNN),0.125,0.0
45969,Content (Avg Emb),0.0,0.0
45969,Last-Item,0.0,0.0
45969,Avg-Last-10,0.0,0.0
45969,Recency-Weighted,0.0,0.0
45969,Essence (K=3),0.0625,0.0
45985,Random,0.0,
45985,Popularity,0.0,
45985,CF (ItemKNN),0.0,
45985,Content (Avg Emb),0.0,
45985,Last-Item,0.0,
45985,Avg-Last-10,0.0,
45985,Recency-Weighted,0.0,
45985,Essence (K=3),0.0,
46311,Random,0.0,0.0
46311,Popularity,0.0,0.0
46311,CF (ItemKNN),0.0,0.0
46311,Content (Avg Emb),0.0,0.0
46311,Last-Item,0.0,0.0
46311,Avg-Last-10,0.0,0.0
46311,Recency-Weighted,0.0,0.0
46311,Essence (K=3),0.0,0.0
46466,Random,0.0,
46466,Popularity,0.0,
46466,CF (ItemKNN),0.0,
46466,Content (Avg Emb),0.0,
46466,Last-Item,0.0,
46466,Avg-Last-10,0.0,
46466,Recency-Weighted,0.0,
46466,Essence (K=3),0.0,
46482,Random,0.0,
46482,Popularity,0.0,
46482,CF (ItemKNN),0.0,
46482,Content (Avg Emb),0.0,
46482,Last-Item,0.0909090909090909,
46482,Avg-Last-10,0.0,
46482,Recency-Weighted,0.0,
46482,Essence (K=3),0.0,
46507,Random,0.0,
46507,Popularity,0.0,
46507,CF (ItemKNN),0.0,
46507,Content (Avg Emb),0.0,
46507,Last-Item,0.0,
46507,Avg-Last-10,0.0,
46507,Recency-Weighted,0.0,
46507,Essence (K=3),0.0,
46647,Random,0.0,0.0
46647,Popularity,0.0,0.0
46647,CF (ItemKNN),0.0434782608695652,0.0
46647,Content (Avg Emb),0.0,0.0
46647,Last-Item,0.0,0.0
46647,Avg-Last-10,0.0,0.0
46647,Recency-Weighted,0.0,0.0
46647,Essence (K=3),0.0,0.0
46737,Random,0.0,
46737,Popularity,0.0,
46737,CF (ItemKNN),0.0,
46737,Content (Avg Emb),0.0,
46737,Last-Item,0.0,
46737,Avg-Last-10,0.0,
46737,Recency-Weighted,0.0,
46737,Essence (K=3),0.0,
46838,Random,0.0,
46838,Popularity,0.1,
46838,CF (ItemKNN),0.2,
46838,Content (Avg Emb),0.0,
46838,Last-Item,0.0,
46838,Avg-Last-10,0.0,
46838,Recency-Weighted,0.0,
46838,Essence (K=3),0.0,
46885,Random,0.0,0.0
46885,Popularity,0.0,0.0
46885,CF (ItemKNN),0.0,0.0
46885,Content (Avg Emb),0.0,0.0
46885,Last-Item,0.0,0.0
46885,Avg-Last-10,0.0,0.0
46885,Recency-Weighted,0.0,0.0
46885,Essence (K=3),0.0,0.0
46959,Random,0.0,
46959,Popularity,0.0,
46959,CF (ItemKNN),0.0,
46959,Content (Avg Emb),0.0,
46959,Last-Item,0.0,
46959,Avg-Last-10,0.0,
46959,Recency-Weighted,0.0,
46959,Essence (K=3),0.0,
47033,Random,0.0,0.0
47033,Popularity,0.0,0.0
47033,CF (ItemKNN),0.0,0.0
47033,Content (Avg Emb),0.0,0.0
47033,Last-Item,0.125,0.0
47033,Avg-Last-10,0.0,0.0
47033,Recency-Weighted,0.0,0.0
47033,Essence (K=3),0.0,0.0
47164,Random,0.0,
47164,Popularity,0.05,
47164,CF (ItemKNN),0.3,
47164,Content (Avg Emb),0.05,
47164,Last-Item,0.0,
47164,Avg-Last-10,0.0,
47164,Recency-Weighted,0.0,
47164,Essence (K=3),0.0,
47242,Random,0.0,0.0
47242,Popularity,0.0,0.0
47242,CF (ItemKNN),0.0,0.0
47242,Content (Avg Emb),0.0,0.0
47242,Last-Item,0.0,0.0
47242,Avg-Last-10,0.0,0.0
47242,Recency-Weighted,0.0,0.0
47242,Essence (K=3),0.0,0.0
47283,Random,0.0,
47283,Popularity,0.0,
47283,CF (ItemKNN),0.6666666666666666,
47283,Content (Avg Emb),0.0,
47283,Last-Item,0.0,
47283,Avg-Last-10,0.0,
47283,Recency-Weighted,0.0,
47283,Essence (K=3),0.0,
47346,Random,0.0,
47346,Popularity,0.0,
47346,CF (ItemKNN),0.0,
47346,Content (Avg Emb),0.0357142857142857,
47346,Last-Item,0.0,
47346,Avg-Last-10,0.0,
47346,Recency-Weighted,0.0,
47346,Essence (K=3),0.0357142857142857,
47357,Random,0.0,
47357,Popularity,0.0,
47357,CF (ItemKNN),0.0,
47357,Content (Avg Emb),0.0,
47357,Last-Item,0.0,
47357,Avg-Last-10,0.0,
47357,Recency-Weighted,0.0,
47357,Essence (K=3),0.0,
47377,Random,0.0,
47377,Popularity,0.0,
47377,CF (ItemKNN),0.0,
47377,Content (Avg Emb),0.0,
47377,Last-Item,0.0,
47377,Avg-Last-10,0.0,
47377,Recency-Weighted,0.0,
47377,Essence (K=3),0.0,
47438,Random,0.0,
47438,Popularity,0.0,
47438,CF (ItemKNN),0.0,
47438,Content (Avg Emb),0.0,
47438,Last-Item,0.0,
47438,Avg-Last-10,0.0,
47438,Recency-Weighted,0.0,
47438,Essence (K=3),0.0,
47575,Random,0.0,
47575,Popularity,0.5,
47575,CF (ItemKNN),0.5,
47575,Content (Avg Emb),0.0,
47575,Last-Item,0.0,
47575,Avg-Last-10,0.0,
47575,Recency-Weighted,0.0,
47575,Essence (K=3),0.125,
47866,Random,0.0,0.0
47866,Popularity,0.0,0.0
47866,CF (ItemKNN),0.0,0.0
47866,Content (Avg Emb),0.0,0.0
47866,Last-Item,0.0,0.0
47866,Avg-Last-10,0.0,0.0
47866,Recency-Weighted,0.0,0.0
47866,Essence (K=3),0.0,0.0
47967,Random,0.0,
47967,Popularity,0.1666666666666666,
47967,CF (ItemKNN),0.6666666666666666,
47967,Content (Avg Emb),0.0,
47967,Last-Item,0.0,
47967,Avg-Last-10,0.0,
47967,Recency-Weighted,0.0,
47967,Essence (K=3),0.0,
48015,Random,0.0,0.0
48015,Popularity,0.0571428571428571,0.0
48015,CF (ItemKNN),0.0857142857142857,0.0
48015,Content (Avg Emb),0.0,0.0
48015,Last-Item,0.0,0.0
48015,Avg-Last-10,0.0,0.0
48015,Recency-Weighted,0.0,0.0
48015,Essence (K=3),0.0,0.0
48182,Random,0.0,
48182,Popularity,0.0357142857142857,
48182,CF (ItemKNN),0.0357142857142857,
48182,Content (Avg Emb),0.0,
48182,Last-Item,0.0,
48182,Avg-Last-10,0.0,
48182,Recency-Weighted,0.0,
48182,Essence (K=3),0.0,
48213,Random,0.0,
48213,Popularity,0.4285714285714285,
48213,CF (ItemKNN),0.3571428571428571,
48213,Content (Avg Emb),0.0,
48213,Last-Item,0.0714285714285714,
48213,Avg-Last-10,0.0714285714285714,
48213,Recency-Weighted,0.0714285714285714,
48213,Essence (K=3),0.0,
48231,Random,0.0,
48231,Popularity,0.0,
48231,CF (ItemKNN),0.0,
48231,Content (Avg Emb),0.0,
48231,Last-Item,0.0,
48231,Avg-Last-10,0.0,
48231,Recency-Weighted,0.0,
48231,Essence (K=3),0.0,
48353,Random,0.0,
48353,Popularity,0.0,
48353,CF (ItemKNN),0.25,
48353,Content (Avg Emb),0.0,
48353,Last-Item,0.0,
48353,Avg-Last-10,0.0,
48353,Recency-Weighted,0.0,
48353,Essence (K=3),0.0,
48488,Random,0.0,
48488,Popularity,0.0,
48488,CF (ItemKNN),0.0,
48488,Content (Avg Emb),0.0,
48488,Last-Item,0.0,
48488,Avg-Last-10,0.0,
48488,Recency-Weighted,0.0,
48488,Essence (K=3),0.0,
48492,Random,0.0,
48492,Popularity,0.0,
48492,CF (ItemKNN),0.0,
48492,Content (Avg Emb),0.0,
48492,Last-Item,0.0,
48492,Avg-Last-10,0.0,
48492,Recency-Weighted,0.0,
48492,Essence (K=3),0.0,
48509,Random,0.0,
48509,Popularity,0.0476190476190476,
48509,CF (ItemKNN),0.0,
48509,Content (Avg Emb),0.0,
48509,Last-Item,0.0,
48509,Avg-Last-10,0.0,
48509,Recency-Weighted,0.0,
48509,Essence (K=3),0.0,
48580,Random,0.0,
48580,Popularity,0.0,
48580,CF (ItemKNN),0.0,
48580,Content (Avg Emb),0.0,
48580,Last-Item,0.0,
48580,Avg-Last-10,0.0,
48580,Recency-Weighted,0.0,
48580,Essence (K=3),0.0,
48616,Random,0.0,
48616,Popularity,0.0,
48616,CF (ItemKNN),0.0384615384615384,
48616,Content (Avg Emb),0.0,
48616,Last-Item,0.0,
48616,Avg-Last-10,0.0,
48616,Recency-Weighted,0.0,
48616,Essence (K=3),0.0,
48684,Random,0.0,
48684,Popularity,0.1111111111111111,
48684,CF (ItemKNN),0.1111111111111111,
48684,Content (Avg Emb),0.0,
48684,Last-Item,0.0,
48684,Avg-Last-10,0.0,
48684,Recency-Weighted,0.0,
48684,Essence (K=3),0.0,
48760,Random,0.0,
48760,Popularity,0.1111111111111111,
48760,CF (ItemKNN),0.0,
48760,Content (Avg Emb),0.0,
48760,Last-Item,0.0,
48760,Avg-Last-10,0.0,
48760,Recency-Weighted,0.0,
48760,Essence (K=3),0.0,
48866,Random,0.0,
48866,Popularity,0.1666666666666666,
48866,CF (ItemKNN),0.1666666666666666,
48866,Content (Avg Emb),0.0,
48866,Last-Item,0.0,
48866,Avg-Last-10,0.0,
48866,Recency-Weighted,0.0,
48866,Essence (K=3),0.0,
49055,Random,0.0,
49055,Popularity,0.0,
49055,CF (ItemKNN),0.0,
49055,Content (Avg Emb),0.0,
49055,Last-Item,0.0,
49055,Avg-Last-10,0.0,
49055,Recency-Weighted,0.0,
49055,Essence (K=3),0.0,
49076,Random,0.0,0.0
49076,Popularity,0.0,0.0
49076,CF (ItemKNN),0.0,0.0
49076,Content (Avg Emb),0.0,0.0
49076,Last-Item,0.0,0.0
49076,Avg-Last-10,0.0,0.0
49076,Recency-Weighted,0.0,0.0
49076,Essence (K=3),0.0,0.0
49085,Random,0.0,
49085,Popularity,0.0,
49085,CF (ItemKNN),0.0,
49085,Content (Avg Emb),0.0,
49085,Last-Item,0.0,
49085,Avg-Last-10,0.0,
49085,Recency-Weighted,0.0,
49085,Essence (K=3),0.0,
49171,Random,0.0,
49171,Popularity,0.0,
49171,CF (ItemKNN),0.0714285714285714,
49171,Content (Avg Emb),0.0,
49171,Last-Item,0.0,
49171,Avg-Last-10,0.0,
49171,Recency-Weighted,0.0,
49171,Essence (K=3),0.0,
49208,Random,0.0,
49208,Popularity,0.0,
49208,CF (ItemKNN),0.0,
49208,Content (Avg Emb),0.0,
49208,Last-Item,0.0,
49208,Avg-Last-10,0.0,
49208,Recency-Weighted,0.0,
49208,Essence (K=3),0.0,
49220,Random,0.0,
49220,Popularity,0.1,
49220,CF (ItemKNN),0.3,
49220,Content (Avg Emb),0.1,
49220,Last-Item,0.0,
49220,Avg-Last-10,0.0,
49220,Recency-Weighted,0.0,
49220,Essence (K=3),0.0,
49304,Random,0.0,
49304,Popularity,0.0,
49304,CF (ItemKNN),0.1,
49304,Content (Avg Emb),0.0,
49304,Last-Item,0.0,
49304,Avg-Last-10,0.0,
49304,Recency-Weighted,0.0,
49304,Essence (K=3),0.0,
49360,Random,0.0,
49360,Popularity,0.0,
49360,CF (ItemKNN),0.0,
49360,Content (Avg Emb),0.0,
49360,Last-Item,0.0,
49360,Avg-Last-10,0.0,
49360,Recency-Weighted,0.0,
49360,Essence (K=3),0.0,
49469,Random,0.0,
49469,Popularity,0.0,
49469,CF (ItemKNN),0.25,
49469,Content (Avg Emb),0.0,
49469,Last-Item,0.0,
49469,Avg-Last-10,0.0,
49469,Recency-Weighted,0.0,
49469,Essence (K=3),0.0,
49569,Random,0.0,
49569,Popularity,0.0,
49569,CF (ItemKNN),0.05,
49569,Content (Avg Emb),0.0,
49569,Last-Item,0.0,
49569,Avg-Last-10,0.0,
49569,Recency-Weighted,0.0,
49569,Essence (K=3),0.0,
49654,Random,0.0,
49654,Popularity,0.0,
49654,CF (ItemKNN),0.0,
49654,Content (Avg Emb),0.0,
49654,Last-Item,0.0,
49654,Avg-Last-10,0.0,
49654,Recency-Weighted,0.0,
49654,Essence (K=3),0.0,
49664,Random,0.0,
49664,Popularity,0.0,
49664,CF (ItemKNN),0.05,
49664,Content (Avg Emb),0.0,
49664,Last-Item,0.0,
49664,Avg-Last-10,0.0,
49664,Recency-Weighted,0.0,
49664,Essence (K=3),0.0,
49678,Random,0.0,0.0
49678,Popularity,0.025,0.0
49678,CF (ItemKNN),0.0,0.0
49678,Content (Avg Emb),0.0,0.0
49678,Last-Item,0.025,0.0
49678,Avg-Last-10,0.0,0.0
49678,Recency-Weighted,0.0,0.0
49678,Essence (K=3),0.0,0.0
49718,Random,0.0,0.0
49718,Popularity,0.0,0.0
49718,CF (ItemKNN),0.0,0.0
49718,Content (Avg Emb),0.0,0.0
49718,Last-Item,0.0,0.0
49718,Avg-Last-10,0.0,0.0
49718,Recency-Weighted,0.0,0.0
49718,Essence (K=3),0.0,0.0
49939,Random,0.0,
49939,Popularity,0.0,
49939,CF (ItemKNN),0.0,
49939,Content (Avg Emb),0.0,
49939,Last-Item,0.0,
49939,Avg-Last-10,0.0,
49939,Recency-Weighted,0.0,
49939,Essence (K=3),0.0,
49944,Random,0.0,
49944,Popularity,0.1111111111111111,
49944,CF (ItemKNN),0.1111111111111111,
49944,Content (Avg Emb),0.0,
49944,Last-Item,0.0,
49944,Avg-Last-10,0.0,
49944,Recency-Weighted,0.0,
49944,Essence (K=3),0.0,
49977,Random,0.0,0.0
49977,Popularity,0.0,0.0
49977,CF (ItemKNN),0.0,0.0
49977,Content (Avg Emb),0.0,0.0
49977,Last-Item,0.0,0.0
49977,Avg-Last-10,0.0,0.0
49977,Recency-Weighted,0.0,0.0
49977,Essence (K=3),0.0,0.0
50019,Random,0.0,
50019,Popularity,0.0,
50019,CF (ItemKNN),0.0,
50019,Content (Avg Emb),0.0,
50019,Last-Item,0.0,
50019,Avg-Last-10,0.0,
50019,Recency-Weighted,0.0,
50019,Essence (K=3),0.1111111111111111,
50149,Random,0.0,
50149,Popularity,0.0588235294117647,
50149,CF (ItemKNN),0.1176470588235294,
50149,Content (Avg Emb),0.0,
50149,Last-Item,0.0,
50149,Avg-Last-10,0.0,
50149,Recency-Weighted,0.0,
50149,Essence (K=3),0.0,
50182,Random,0.0,
50182,Popularity,0.0,
50182,CF (ItemKNN),0.0,
50182,Content (Avg Emb),0.0,
50182,Last-Item,0.0,
50182,Avg-Last-10,0.0,
50182,Recency-Weighted,0.0,
50182,Essence (K=3),0.0,
50316,Random,0.0,
50316,Popularity,0.0,
50316,CF (ItemKNN),0.1428571428571428,
50316,Content (Avg Emb),0.0,
50316,Last-Item,0.0,
50316,Avg-Last-10,0.0,
50316,Recency-Weighted,0.0,
50316,Essence (K=3),0.0,
50382,Random,0.0,0.0
50382,Popularity,0.0,0.0
50382,CF (ItemKNN),0.0,0.0
50382,Content (Avg Emb),0.0,0.0
50382,Last-Item,0.0,0.0
50382,Avg-Last-10,0.0,0.0
50382,Recency-Weighted,0.0,0.0
50382,Essence (K=3),0.0,0.0
50526,Random,0.0,0.0
50526,Popularity,0.0,0.0
50526,CF (ItemKNN),0.0,0.0
50526,Content (Avg Emb),0.0,0.0
50526,Last-Item,0.0666666666666666,0.0
50526,Avg-Last-10,0.0,0.0
50526,Recency-Weighted,0.0,0.0
50526,Essence (K=3),0.0,0.0
50544,Random,0.0,
50544,Popularity,0.0,
50544,CF (ItemKNN),0.0,
50544,Content (Avg Emb),0.0,
50544,Last-Item,0.0,
50544,Avg-Last-10,0.0,
50544,Recency-Weighted,0.0,
50544,Essence (K=3),0.0,
50648,Random,0.0,
50648,Popularity,0.0476190476190476,
50648,CF (ItemKNN),0.1428571428571428,
50648,Content (Avg Emb),0.0,
50648,Last-Item,0.0,
50648,Avg-Last-10,0.0,
50648,Recency-Weighted,0.0,
50648,Essence (K=3),0.0,
50756,Random,0.0,0.0
50756,Popularity,0.0,0.0
50756,CF (ItemKNN),0.0,0.0
50756,Content (Avg Emb),0.0,0.0
50756,Last-Item,0.0,0.0
50756,Avg-Last-10,0.0,0.0
50756,Recency-Weighted,0.0,0.0
50756,Essence (K=3),0.0,0.0
50821,Random,0.0,
50821,Popularity,0.0384615384615384,
50821,CF (ItemKNN),0.1153846153846153,
50821,Content (Avg Emb),0.0,
50821,Last-Item,0.0,
50821,Avg-Last-10,0.0,
50821,Recency-Weighted,0.0,
50821,Essence (K=3),0.0,
51011,Random,0.0,0.0
51011,Popularity,0.0588235294117647,0.0
51011,CF (ItemKNN),0.0588235294117647,0.0
51011,Content (Avg Emb),0.0,0.0
51011,Last-Item,0.0,0.0
51011,Avg-Last-10,0.0,0.0
51011,Recency-Weighted,0.0,0.0
51011,Essence (K=3),0.0,0.0
51064,Random,0.0,
51064,Popularity,0.0,
51064,CF (ItemKNN),0.0,
51064,Content (Avg Emb),0.0,
51064,Last-Item,0.0,
51064,Avg-Last-10,0.0,
51064,Recency-Weighted,0.0,
51064,Essence (K=3),0.0,
51115,Random,0.0,0.0
51115,Popularity,0.0,0.0
51115,CF (ItemKNN),0.0625,0.0
51115,Content (Avg Emb),0.0,0.0
51115,Last-Item,0.0,0.0
51115,Avg-Last-10,0.0,0.0
51115,Recency-Weighted,0.0,0.0
51115,Essence (K=3),0.0,0.0
51221,Random,0.0,0.0
51221,Popularity,0.0,0.0
51221,CF (ItemKNN),0.0,0.0
51221,Content (Avg Emb),0.0,0.0
51221,Last-Item,0.0,0.0
51221,Avg-Last-10,0.0,0.0
51221,Recency-Weighted,0.0,0.0
51221,Essence (K=3),0.0,0.0
51259,Random,0.0,
51259,Popularity,0.0769230769230769,
51259,CF (ItemKNN),0.2307692307692307,
51259,Content (Avg Emb),0.0,
51259,Last-Item,0.0,
51259,Avg-Last-10,0.0,
51259,Recency-Weighted,0.0,
51259,Essence (K=3),0.0,
51530,Random,0.0,
51530,Popularity,0.0,
51530,CF (ItemKNN),0.1111111111111111,
51530,Content (Avg Emb),0.0,
51530,Last-Item,0.0,
51530,Avg-Last-10,0.0,
51530,Recency-Weighted,0.0,
51530,Essence (K=3),0.0,
51542,Random,0.0,
51542,Popularity,0.0384615384615384,
51542,CF (ItemKNN),0.0769230769230769,
51542,Content (Avg Emb),0.0,
51542,Last-Item,0.0,
51542,Avg-Last-10,0.0,
51542,Recency-Weighted,0.0,
51542,Essence (K=3),0.0,
51579,Random,0.0,
51579,Popularity,0.0,
51579,CF (ItemKNN),0.0,
51579,Content (Avg Emb),0.0,
51579,Last-Item,0.0,
51579,Avg-Last-10,0.0,
51579,Recency-Weighted,0.0,
51579,Essence (K=3),0.0,
51619,Random,0.0,
51619,Popularity,0.0,
51619,CF (ItemKNN),0.0333333333333333,
51619,Content (Avg Emb),0.0,
51619,Last-Item,0.0,
51619,Avg-Last-10,0.0,
51619,Recency-Weighted,0.0,
51619,Essence (K=3),0.0,
51676,Random,0.0,
51676,Popularity,0.0,
51676,CF (ItemKNN),0.0,
51676,Content (Avg Emb),0.0,
51676,Last-Item,0.0,
51676,Avg-Last-10,0.0,
51676,Recency-Weighted,0.0,
51676,Essence (K=3),0.0,
51704,Random,0.0,
51704,Popularity,0.0,
51704,CF (ItemKNN),0.0,
51704,Content (Avg Emb),0.0,
51704,Last-Item,0.0,
51704,Avg-Last-10,0.0,
51704,Recency-Weighted,0.0,
51704,Essence (K=3),0.0,
51837,Random,0.0,0.0
51837,Popularity,0.0,0.0
51837,CF (ItemKNN),0.0,0.0
51837,Content (Avg Emb),0.2,0.0
51837,Last-Item,0.0,0.0
51837,Avg-Last-10,0.2,0.0
51837,Recency-Weighted,0.2,0.0
51837,Essence (K=3),0.0,0.0
51849,Random,0.0,
51849,Popularity,0.1111111111111111,
51849,CF (ItemKNN),0.0,
51849,Content (Avg Emb),0.0,
51849,Last-Item,0.0,
51849,Avg-Last-10,0.0,
51849,Recency-Weighted,0.0,
51849,Essence (K=3),0.0,
51952,Random,0.0,
51952,Popularity,0.0,
51952,CF (ItemKNN),0.0,
51952,Content (Avg Emb),0.2,
51952,Last-Item,0.0,
51952,Avg-Last-10,0.2,
51952,Recency-Weighted,0.0,
51952,Essence (K=3),0.2,
51983,Random,0.0,
51983,Popularity,0.0,
51983,CF (ItemKNN),0.0,
51983,Content (Avg Emb),0.0,
51983,Last-Item,0.0,
51983,Avg-Last-10,0.0,
51983,Recency-Weighted,0.0,
51983,Essence (K=3),0.0,
52027,Random,0.0,
52027,Popularity,0.0,
52027,CF (ItemKNN),0.125,
52027,Content (Avg Emb),0.0,
52027,Last-Item,0.0,
52027,Avg-Last-10,0.0,
52027,Recency-Weighted,0.0,
52027,Essence (K=3),0.0,
52130,Random,0.0,
52130,Popularity,0.0,
52130,CF (ItemKNN),0.0,
52130,Content (Avg Emb),0.0,
52130,Last-Item,0.0,
52130,Avg-Last-10,0.0,
52130,Recency-Weighted,0.0,
52130,Essence (K=3),0.0,
52278,Random,0.0,
52278,Popularity,0.0909090909090909,
52278,CF (ItemKNN),0.3636363636363636,
52278,Content (Avg Emb),0.0,
52278,Last-Item,0.0,
52278,Avg-Last-10,0.0,
52278,Recency-Weighted,0.0,
52278,Essence (K=3),0.0,
52540,Random,0.0,
52540,Popularity,0.0,
52540,CF (ItemKNN),0.0,
52540,Content (Avg Emb),0.0,
52540,Last-Item,0.0,
52540,Avg-Last-10,0.0,
52540,Recency-Weighted,0.0,
52540,Essence (K=3),0.0,
52756,Random,0.0,0.0
52756,Popularity,0.0,0.0
52756,CF (ItemKNN),0.0263157894736842,0.0
52756,Content (Avg Emb),0.0,0.0
52756,Last-Item,0.0,0.0
52756,Avg-Last-10,0.0,0.0
52756,Recency-Weighted,0.0,0.0
52756,Essence (K=3),0.0,0.0
52863,Random,0.0,
52863,Popularity,0.0,
52863,CF (ItemKNN),0.0,
52863,Content (Avg Emb),0.0,
52863,Last-Item,0.0,
52863,Avg-Last-10,0.0,
52863,Recency-Weighted,0.0,
52863,Essence (K=3),0.0,
52939,Random,0.0,
52939,Popularity,0.0,
52939,CF (ItemKNN),0.0833333333333333,
52939,Content (Avg Emb),0.0,
52939,Last-Item,0.0,
52939,Avg-Last-10,0.0,
52939,Recency-Weighted,0.0,
52939,Essence (K=3),0.0,
52949,Random,0.0,0.0
52949,Popularity,0.0,0.0
52949,CF (ItemKNN),0.0476190476190476,0.0
52949,Content (Avg Emb),0.0,0.0
52949,Last-Item,0.0,0.0
52949,Avg-Last-10,0.0,0.0
52949,Recency-Weighted,0.0,0.0
52949,Essence (K=3),0.0,0.0
52952,Random,0.0,
52952,Popularity,0.0,
52952,CF (ItemKNN),0.0,
52952,Content (Avg Emb),0.0,
52952,Last-Item,0.0,
52952,Avg-Last-10,0.0,
52952,Recency-Weighted,0.0,
52952,Essence (K=3),0.0,
53111,Random,0.0,
53111,Popularity,0.0,
53111,CF (ItemKNN),0.1428571428571428,
53111,Content (Avg Emb),0.0,
53111,Last-Item,0.0,
53111,Avg-Last-10,0.1428571428571428,
53111,Recency-Weighted,0.1428571428571428,
53111,Essence (K=3),0.0714285714285714,
53264,Random,0.0,
53264,Popularity,0.0,
53264,CF (ItemKNN),0.0476190476190476,
53264,Content (Avg Emb),0.0,
53264,Last-Item,0.0,
53264,Avg-Last-10,0.0,
53264,Recency-Weighted,0.0,
53264,Essence (K=3),0.0,
53283,Random,0.0,0.0
53283,Popularity,0.0,0.0
53283,CF (ItemKNN),0.0666666666666666,0.0
53283,Content (Avg Emb),0.0666666666666666,0.0
53283,Last-Item,0.0,0.0
53283,Avg-Last-10,0.0666666666666666,0.0
53283,Recency-Weighted,0.0666666666666666,0.0
53283,Essence (K=3),0.0,0.0
53299,Random,0.0,
53299,Popularity,0.0,
53299,CF (ItemKNN),0.0,
53299,Content (Avg Emb),0.0,
53299,Last-Item,0.0,
53299,Avg-Last-10,0.0,
53299,Recency-Weighted,0.0,
53299,Essence (K=3),0.0,
53407,Random,0.0,
53407,Popularity,0.0,
53407,CF (ItemKNN),0.0,
53407,Content (Avg Emb),0.0,
53407,Last-Item,0.0,
53407,Avg-Last-10,0.0,
53407,Recency-Weighted,0.0,
53407,Essence (K=3),0.0,
53597,Random,0.0,0.0
53597,Popularity,0.0,0.0
53597,CF (ItemKNN),0.0,0.0
53597,Content (Avg Emb),0.0,0.0
53597,Last-Item,0.0,0.0
53597,Avg-Last-10,0.0,0.0
53597,Recency-Weighted,0.0,0.0
53597,Essence (K=3),0.0,0.0
53680,Random,0.0,
53680,Popularity,0.0333333333333333,
53680,CF (ItemKNN),0.0333333333333333,
53680,Content (Avg Emb),0.0,
53680,Last-Item,0.0,
53680,Avg-Last-10,0.0,
53680,Recency-Weighted,0.0,
53680,Essence (K=3),0.0,
53704,Random,0.0,
53704,Popularity,0.0,
53704,CF (ItemKNN),0.0,
53704,Content (Avg Emb),0.0,
53704,Last-Item,0.0,
53704,Avg-Last-10,0.0,
53704,Recency-Weighted,0.0,
53704,Essence (K=3),0.0,
53782,Random,0.0,
53782,Popularity,0.1111111111111111,
53782,CF (ItemKNN),0.0,
53782,Content (Avg Emb),0.0,
53782,Last-Item,0.0,
53782,Avg-Last-10,0.0,
53782,Recency-Weighted,0.0,
53782,Essence (K=3),0.0,
53887,Random,0.0,0.0
53887,Popularity,0.0,0.0
53887,CF (ItemKNN),0.0454545454545454,0.5
53887,Content (Avg Emb),0.0454545454545454,0.0
53887,Last-Item,0.0,0.0
53887,Avg-Last-10,0.0454545454545454,0.0
53887,Recency-Weighted,0.0454545454545454,0.0
53887,Essence (K=3),0.0,0.0
53925,Random,0.0,
53925,Popularity,0.0,
53925,CF (ItemKNN),0.0555555555555555,
53925,Content (Avg Emb),0.0,
53925,Last-Item,0.0,
53925,Avg-Last-10,0.0,
53925,Recency-Weighted,0.0,
53925,Essence (K=3),0.0,
53970,Random,0.0,0.0
53970,Popularity,0.0,0.0
53970,CF (ItemKNN),0.0,0.0
53970,Content (Avg Emb),0.0769230769230769,0.0
53970,Last-Item,0.0,0.0
53970,Avg-Last-10,0.0,0.0
53970,Recency-Weighted,0.0769230769230769,0.0
53970,Essence (K=3),0.0769230769230769,0.0
54171,Random,0.0,0.0
54171,Popularity,0.0,0.0
54171,CF (ItemKNN),0.0,0.0
54171,Content (Avg Emb),0.0,0.0
54171,Last-Item,0.0,0.0
54171,Avg-Last-10,0.0,0.0
54171,Recency-Weighted,0.0,0.0
54171,Essence (K=3),0.0,0.0
54226,Random,0.0,0.0
54226,Popularity,0.0,0.0
54226,CF (ItemKNN),0.032258064516129,0.0
54226,Content (Avg Emb),0.0,0.0
54226,Last-Item,0.0,0.0
54226,Avg-Last-10,0.0,0.0
54226,Recency-Weighted,0.0,0.0
54226,Essence (K=3),0.0,0.0
54259,Random,0.0,
54259,Popularity,0.4,
54259,CF (ItemKNN),0.4,
54259,Content (Avg Emb),0.0,
54259,Last-Item,0.0,
54259,Avg-Last-10,0.0,
54259,Recency-Weighted,0.0,
54259,Essence (K=3),0.0,
54320,Random,0.0,
54320,Popularity,0.0,
54320,CF (ItemKNN),0.0,
54320,Content (Avg Emb),0.0,
54320,Last-Item,0.0,
54320,Avg-Last-10,0.0,
54320,Recency-Weighted,0.0,
54320,Essence (K=3),0.0,
54336,Random,0.0,
54336,Popularity,0.0,
54336,CF (ItemKNN),0.0,
54336,Content (Avg Emb),0.0,
54336,Last-Item,0.0,
54336,Avg-Last-10,0.0,
54336,Recency-Weighted,0.0,
54336,Essence (K=3),0.0,
54379,Random,0.0,
54379,Popularity,0.0,
54379,CF (ItemKNN),0.0,
54379,Content (Avg Emb),0.0,
54379,Last-Item,0.0,
54379,Avg-Last-10,0.0,
54379,Recency-Weighted,0.0,
54379,Essence (K=3),0.0,
54515,Random,0.0,
54515,Popularity,0.1666666666666666,
54515,CF (ItemKNN),0.1666666666666666,
54515,Content (Avg Emb),0.0,
54515,Last-Item,0.0,
54515,Avg-Last-10,0.0,
54515,Recency-Weighted,0.0,
54515,Essence (K=3),0.0,
54548,Random,0.0,
54548,Popularity,0.0,
54548,CF (ItemKNN),0.0,
54548,Content (Avg Emb),0.0,
54548,Last-Item,0.0,
54548,Avg-Last-10,0.0,
54548,Recency-Weighted,0.0,
54548,Essence (K=3),0.0,
54590,Random,0.0,
54590,Popularity,0.0,
54590,CF (ItemKNN),0.0,
54590,Content (Avg Emb),0.0,
54590,Last-Item,0.0,
54590,Avg-Last-10,0.0,
54590,Recency-Weighted,0.0,
54590,Essence (K=3),0.0,
54749,Random,0.0,0.0
54749,Popularity,0.0,0.0
54749,CF (ItemKNN),0.0,0.0
54749,Content (Avg Emb),0.0,0.0
54749,Last-Item,0.0,0.0
54749,Avg-Last-10,0.0285714285714285,0.0
54749,Recency-Weighted,0.0285714285714285,0.0
54749,Essence (K=3),0.0,0.0
54784,Random,0.0,
54784,Popularity,0.0,
54784,CF (ItemKNN),0.0,
54784,Content (Avg Emb),0.0,
54784,Last-Item,0.0,
54784,Avg-Last-10,0.0,
54784,Recency-Weighted,0.0,
54784,Essence (K=3),0.0,
54794,Random,0.0,
54794,Popularity,0.0,
54794,CF (ItemKNN),0.0,
54794,Content (Avg Emb),0.0,
54794,Last-Item,0.0476190476190476,
54794,Avg-Last-10,0.0,
54794,Recency-Weighted,0.0,
54794,Essence (K=3),0.0,
55060,Random,0.0,
55060,Popularity,0.0,
55060,CF (ItemKNN),0.25,
55060,Content (Avg Emb),0.0,
55060,Last-Item,0.0,
55060,Avg-Last-10,0.0,
55060,Recency-Weighted,0.0,
55060,Essence (K=3),0.0,
55168,Random,0.0,
55168,Popularity,0.0,
55168,CF (ItemKNN),0.0,
55168,Content (Avg Emb),0.0,
55168,Last-Item,0.0,
55168,Avg-Last-10,0.0,
55168,Recency-Weighted,0.0,
55168,Essence (K=3),0.0,
55210,Random,0.0,0.0
55210,Popularity,0.0,0.0
55210,CF (ItemKNN),0.0,0.0
55210,Content (Avg Emb),0.0,0.0
55210,Last-Item,0.0,0.0
55210,Avg-Last-10,0.0,0.0
55210,Recency-Weighted,0.0,0.0
55210,Essence (K=3),0.0,0.0
55254,Random,0.0,
55254,Popularity,0.1428571428571428,
55254,CF (ItemKNN),0.2857142857142857,
55254,Content (Avg Emb),0.0,
55254,Last-Item,0.0,
55254,Avg-Last-10,0.0,
55254,Recency-Weighted,0.0,
55254,Essence (K=3),0.0,
55285,Random,0.0,
55285,Popularity,0.0,
55285,CF (ItemKNN),0.0714285714285714,
55285,Content (Avg Emb),0.0,
55285,Last-Item,0.0,
55285,Avg-Last-10,0.0,
55285,Recency-Weighted,0.0,
55285,Essence (K=3),0.0,
55422,Random,0.0,
55422,Popularity,0.0,
55422,CF (ItemKNN),0.0,
55422,Content (Avg Emb),0.0,
55422,Last-Item,0.0,
55422,Avg-Last-10,0.0,
55422,Recency-Weighted,0.0,
55422,Essence (K=3),0.0,
55524,Random,0.0,
55524,Popularity,0.0,
55524,CF (ItemKNN),0.2142857142857142,
55524,Content (Avg Emb),0.0,
55524,Last-Item,0.0,
55524,Avg-Last-10,0.0,
55524,Recency-Weighted,0.0,
55524,Essence (K=3),0.0,
55599,Random,0.0,
55599,Popularity,0.0,
55599,CF (ItemKNN),0.0,
55599,Content (Avg Emb),0.0,
55599,Last-Item,0.0,
55599,Avg-Last-10,0.0,
55599,Recency-Weighted,0.0,
55599,Essence (K=3),0.0,
55625,Random,0.0,
55625,Popularity,0.2,
55625,CF (ItemKNN),0.4,
55625,Content (Avg Emb),0.0,
55625,Last-Item,0.2,
55625,Avg-Last-10,0.0,
55625,Recency-Weighted,0.0,
55625,Essence (K=3),0.0,
55719,Random,0.0,
55719,Popularity,0.0,
55719,CF (ItemKNN),0.1428571428571428,
55719,Content (Avg Emb),0.0,
55719,Last-Item,0.0,
55719,Avg-Last-10,0.0,
55719,Recency-Weighted,0.0,
55719,Essence (K=3),0.1428571428571428,
55817,Random,0.0,
55817,Popularity,0.0,
55817,CF (ItemKNN),0.0,
55817,Content (Avg Emb),0.0,
55817,Last-Item,0.0,
55817,Avg-Last-10,0.0,
55817,Recency-Weighted,0.0,
55817,Essence (K=3),0.0,
55872,Random,0.0,0.0
55872,Popularity,0.0,0.0
55872,CF (ItemKNN),0.0526315789473684,0.0
55872,Content (Avg Emb),0.0,0.0
55872,Last-Item,0.0,0.0
55872,Avg-Last-10,0.0,0.0
55872,Recency-Weighted,0.0,0.0
55872,Essence (K=3),0.0,0.0
55885,Random,0.0,
55885,Popularity,0.0,
55885,CF (ItemKNN),0.1666666666666666,
55885,Content (Avg Emb),0.0833333333333333,
55885,Last-Item,0.0,
55885,Avg-Last-10,0.0,
55885,Recency-Weighted,0.0,
55885,Essence (K=3),0.0,
55898,Random,0.0,
55898,Popularity,0.0,
55898,CF (ItemKNN),0.5,
55898,Content (Avg Emb),0.0,
55898,Last-Item,0.0,
55898,Avg-Last-10,0.0,
55898,Recency-Weighted,0.0,
55898,Essence (K=3),0.0,
55952,Random,0.0,
55952,Popularity,0.0,
55952,CF (ItemKNN),0.6,
55952,Content (Avg Emb),0.0,
55952,Last-Item,0.0,
55952,Avg-Last-10,0.0,
55952,Recency-Weighted,0.0,
55952,Essence (K=3),0.0,
56042,Random,0.0,
56042,Popularity,0.0,
56042,CF (ItemKNN),0.0,
56042,Content (Avg Emb),0.0,
56042,Last-Item,0.0,
56042,Avg-Last-10,0.0,
56042,Recency-Weighted,0.0,
56042,Essence (K=3),0.0,
56316,Random,0.0,
56316,Popularity,0.0,
56316,CF (ItemKNN),0.0,
56316,Content (Avg Emb),0.0,
56316,Last-Item,0.0,
56316,Avg-Last-10,0.0,
56316,Recency-Weighted,0.0,
56316,Essence (K=3),0.0,
56468,Random,0.0,
56468,Popularity,0.0256410256410256,
56468,CF (ItemKNN),0.0512820512820512,
56468,Content (Avg Emb),0.0,
56468,Last-Item,0.0,
56468,Avg-Last-10,0.0,
56468,Recency-Weighted,0.0,
56468,Essence (K=3),0.0,
56505,Random,0.0,
56505,Popularity,0.0,
56505,CF (ItemKNN),0.0,
56505,Content (Avg Emb),0.0,
56505,Last-Item,0.0,
56505,Avg-Last-10,0.0,
56505,Recency-Weighted,0.0,
56505,Essence (K=3),0.0,
56698,Random,0.0,
56698,Popularity,0.0,
56698,CF (ItemKNN),0.2857142857142857,
56698,Content (Avg Emb),0.0,
56698,Last-Item,0.0,
56698,Avg-Last-10,0.0,
56698,Recency-Weighted,0.0,
56698,Essence (K=3),0.0,
56772,Random,0.0,0.0
56772,Popularity,0.0689655172413793,0.0
56772,CF (ItemKNN),0.0689655172413793,0.0
56772,Content (Avg Emb),0.0,0.0
56772,Last-Item,0.0,0.0
56772,Avg-Last-10,0.0,0.0
56772,Recency-Weighted,0.0,0.0
56772,Essence (K=3),0.0,0.0
56792,Random,0.0,0.0
56792,Popularity,0.0,0.0
56792,CF (ItemKNN),0.1111111111111111,0.0
56792,Content (Avg Emb),0.0,0.0
56792,Last-Item,0.0,0.0
56792,Avg-Last-10,0.0,0.0
56792,Recency-Weighted,0.0555555555555555,0.0
56792,Essence (K=3),0.0,0.0
57032,Random,0.0,
57032,Popularity,0.1428571428571428,
57032,CF (ItemKNN),0.1428571428571428,
57032,Content (Avg Emb),0.0,
57032,Last-Item,0.0,
57032,Avg-Last-10,0.0,
57032,Recency-Weighted,0.0,
57032,Essence (K=3),0.0,
57167,Random,0.0,
57167,Popularity,0.0,
57167,CF (ItemKNN),0.0,
57167,Content (Avg Emb),0.0,
57167,Last-Item,0.0,
57167,Avg-Last-10,0.0,
57167,Recency-Weighted,0.0,
57167,Essence (K=3),0.0,
57336,Random,0.0,
57336,Popularity,0.4,
57336,CF (ItemKNN),0.4,
57336,Content (Avg Emb),0.0,
57336,Last-Item,0.0,
57336,Avg-Last-10,0.0,
57336,Recency-Weighted,0.0,
57336,Essence (K=3),0.0,
57446,Random,0.0,
57446,Popularity,0.0,
57446,CF (ItemKNN),0.125,
57446,Content (Avg Emb),0.0,
57446,Last-Item,0.0,
57446,Avg-Last-10,0.0,
57446,Recency-Weighted,0.0,
57446,Essence (K=3),0.0,
57493,Random,0.0,
57493,Popularity,0.0,
57493,CF (ItemKNN),0.0,
57493,Content (Avg Emb),0.0,
57493,Last-Item,0.0,
57493,Avg-Last-10,0.0,
57493,Recency-Weighted,0.0,
57493,Essence (K=3),0.0,
57692,Random,0.0,
57692,Popularity,0.2857142857142857,
57692,CF (ItemKNN),0.0,
57692,Content (Avg Emb),0.0,
57692,Last-Item,0.0,
57692,Avg-Last-10,0.0,
57692,Recency-Weighted,0.0,
57692,Essence (K=3),0.0,
57795,Random,0.0,0.0
57795,Popularity,0.0,0.0
57795,CF (ItemKNN),0.0,0.0
57795,Content (Avg Emb),0.0,0.0
57795,Last-Item,0.0,0.0
57795,Avg-Last-10,0.0,0.0
57795,Recency-Weighted,0.0,0.0
57795,Essence (K=3),0.0,0.0
57802,Random,0.0,
57802,Popularity,0.0,
57802,CF (ItemKNN),0.0,
57802,Content (Avg Emb),0.0,
57802,Last-Item,0.0,
57802,Avg-Last-10,0.0,
57802,Recency-Weighted,0.0,
57802,Essence (K=3),0.0,
57895,Random,0.0,
57895,Popularity,0.0,
57895,CF (ItemKNN),0.0,
57895,Content (Avg Emb),0.0,
57895,Last-Item,0.0,
57895,Avg-Last-10,0.0,
57895,Recency-Weighted,0.0,
57895,Essence (K=3),0.0,
58120,Random,0.0,
58120,Popularity,0.0,
58120,CF (ItemKNN),0.0,
58120,Content (Avg Emb),0.0,
58120,Last-Item,0.0,
58120,Avg-Last-10,0.0,
58120,Recency-Weighted,0.0,
58120,Essence (K=3),0.0,
58223,Random,0.0,0.0
58223,Popularity,0.0,0.0
58223,CF (ItemKNN),0.1538461538461538,0.0
58223,Content (Avg Emb),0.0,0.0
58223,Last-Item,0.0,0.0
58223,Avg-Last-10,0.0,0.0
58223,Recency-Weighted,0.0769230769230769,0.0
58223,Essence (K=3),0.0,0.0
58311,Random,0.0,
58311,Popularity,0.0869565217391304,
58311,CF (ItemKNN),0.0434782608695652,
58311,Content (Avg Emb),0.0,
58311,Last-Item,0.0,
58311,Avg-Last-10,0.0,
58311,Recency-Weighted,0.0,
58311,Essence (K=3),0.0,
58380,Random,0.0,
58380,Popularity,0.3333333333333333,
58380,CF (ItemKNN),0.1666666666666666,
58380,Content (Avg Emb),0.0,
58380,Last-Item,0.1666666666666666,
58380,Avg-Last-10,0.0,
58380,Recency-Weighted,0.0,
58380,Essence (K=3),0.0,
58795,Random,0.0,
58795,Popularity,0.125,
58795,CF (ItemKNN),0.25,
58795,Content (Avg Emb),0.125,
58795,Last-Item,0.0,
58795,Avg-Last-10,0.125,
58795,Recency-Weighted,0.125,
58795,Essence (K=3),0.0,
58899,Random,0.0,
58899,Popularity,0.0,
58899,CF (ItemKNN),0.1388888888888889,
58899,Content (Avg Emb),0.0,
58899,Last-Item,0.0,
58899,Avg-Last-10,0.0,
58899,Recency-Weighted,0.0,
58899,Essence (K=3),0.0277777777777777,
58936,Random,0.0,
58936,Popularity,0.0,
58936,CF (ItemKNN),0.25,
58936,Content (Avg Emb),0.0,
58936,Last-Item,0.0,
58936,Avg-Last-10,0.0,
58936,Recency-Weighted,0.0,
58936,Essence (K=3),0.0,
58986,Random,0.0476190476190476,
58986,Popularity,0.0,
58986,CF (ItemKNN),0.0952380952380952,
58986,Content (Avg Emb),0.0,
58986,Last-Item,0.0,
58986,Avg-Last-10,0.0,
58986,Recency-Weighted,0.0,
58986,Essence (K=3),0.0,
58991,Random,0.0,
58991,Popularity,0.0,
58991,CF (ItemKNN),0.2,
58991,Content (Avg Emb),0.0,
58991,Last-Item,0.0,
58991,Avg-Last-10,0.2,
58991,Recency-Weighted,0.2,
58991,Essence (K=3),0.0,
59304,Random,0.05,0.0
59304,Popularity,0.05,0.0
59304,CF (ItemKNN),0.1,0.0
59304,Content (Avg Emb),0.0,0.0
59304,Last-Item,0.0,0.0
59304,Avg-Last-10,0.0,0.0
59304,Recency-Weighted,0.0,0.0
59304,Essence (K=3),0.0,0.0
59430,Random,0.0,0.0
59430,Popularity,0.1428571428571428,0.0
59430,CF (ItemKNN),0.0,0.0
59430,Content (Avg Emb),0.0,0.0
59430,Last-Item,0.0,0.0
59430,Avg-Last-10,0.0,0.0
59430,Recency-Weighted,0.0,0.0
59430,Essence (K=3),0.0,0.0
59456,Random,0.0,
59456,Popularity,0.125,
59456,CF (ItemKNN),0.375,
59456,Content (Avg Emb),0.0,
59456,Last-Item,0.125,
59456,Avg-Last-10,0.0,
59456,Recency-Weighted,0.0,
59456,Essence (K=3),0.0,
59493,Random,0.0,0.0
59493,Popularity,0.0,0.0
59493,CF (ItemKNN),0.0,0.0
59493,Content (Avg Emb),0.0,0.0
59493,Last-Item,0.0,0.0
59493,Avg-Last-10,0.0,0.0
59493,Recency-Weighted,0.0,0.0
59493,Essence (K=3),0.0,0.0
59522,Random,0.0,
59522,Popularity,0.0,
59522,CF (ItemKNN),0.0833333333333333,
59522,Content (Avg Emb),0.0,
59522,Last-Item,0.1666666666666666,
59522,Avg-Last-10,0.0,
59522,Recency-Weighted,0.0,
59522,Essence (K=3),0.0,
59601,Random,0.0,
59601,Popularity,0.0,
59601,CF (ItemKNN),0.0,
59601,Content (Avg Emb),0.0,
59601,Last-Item,0.0,
59601,Avg-Last-10,0.0,
59601,Recency-Weighted,0.0,
59601,Essence (K=3),0.0,
59648,Random,0.0,
59648,Popularity,0.125,
59648,CF (ItemKNN),0.125,
59648,Content (Avg Emb),0.0,
59648,Last-Item,0.0,
59648,Avg-Last-10,0.0,
59648,Recency-Weighted,0.0,
59648,Essence (K=3),0.125,
59855,Random,0.0,
59855,Popularity,0.0,
59855,CF (ItemKNN),0.0,
59855,Content (Avg Emb),0.0,
59855,Last-Item,0.0,
59855,Avg-Last-10,0.0,
59855,Recency-Weighted,0.0,
59855,Essence (K=3),0.0,
59925,Random,0.0,
59925,Popularity,0.0,
59925,CF (ItemKNN),0.1428571428571428,
59925,Content (Avg Emb),0.0,
59925,Last-Item,0.0,
59925,Avg-Last-10,0.0,
59925,Recency-Weighted,0.0,
59925,Essence (K=3),0.0,
59956,Random,0.0,
59956,Popularity,0.0,
59956,CF (ItemKNN),0.25,
59956,Content (Avg Emb),0.0,
59956,Last-Item,0.0,
59956,Avg-Last-10,0.0,
59956,Recency-Weighted,0.0,
59956,Essence (K=3),0.0,
59960,Random,0.0,0.0
59960,Popularity,0.25,0.0
59960,CF (ItemKNN),0.25,0.0
59960,Content (Avg Emb),0.0,0.0
59960,Last-Item,0.0,0.0
59960,Avg-Last-10,0.0,0.0
59960,Recency-Weighted,0.0,0.0
59960,Essence (K=3),0.0,0.0
60121,Random,0.0,
60121,Popularity,0.0,
60121,CF (ItemKNN),0.2857142857142857,
60121,Content (Avg Emb),0.0,
60121,Last-Item,0.0,
60121,Avg-Last-10,0.0,
60121,Recency-Weighted,0.0,
60121,Essence (K=3),0.0,
60133,Random,0.0,0.0
60133,Popularity,0.0,0.0
60133,CF (ItemKNN),0.0,0.0
60133,Content (Avg Emb),0.0,0.0
60133,Last-Item,0.0,0.0
60133,Avg-Last-10,0.0,0.0
60133,Recency-Weighted,0.0,0.0
60133,Essence (K=3),0.0,0.0
60374,Random,0.0,0.0
60374,Popularity,0.0,0.0
60374,CF (ItemKNN),0.0,0.0
60374,Content (Avg Emb),0.0,0.0
60374,Last-Item,0.0,0.0
60374,Avg-Last-10,0.0,0.0
60374,Recency-Weighted,0.0,0.0
60374,Essence (K=3),0.0,0.0
60580,Random,0.0,
60580,Popularity,0.0555555555555555,
60580,CF (ItemKNN),0.0,
60580,Content (Avg Emb),0.0,
60580,Last-Item,0.0,
60580,Avg-Last-10,0.0,
60580,Recency-Weighted,0.0,
60580,Essence (K=3),0.0,
60642,Random,0.0,
60642,Popularity,0.2,
60642,CF (ItemKNN),0.0,
60642,Content (Avg Emb),0.0,
60642,Last-Item,0.0,
60642,Avg-Last-10,0.0,
60642,Recency-Weighted,0.0,
60642,Essence (K=3),0.0,
60663,Random,0.0,
60663,Popularity,0.0,
60663,CF (ItemKNN),0.0,
60663,Content (Avg Emb),0.0,
60663,Last-Item,0.0,
60663,Avg-Last-10,0.0,
60663,Recency-Weighted,0.0,
60663,Essence (K=3),0.0,
60697,Random,0.0,
60697,Popularity,0.0769230769230769,
60697,CF (ItemKNN),0.0,
60697,Content (Avg Emb),0.0,
60697,Last-Item,0.0,
60697,Avg-Last-10,0.0,
60697,Recency-Weighted,0.0,
60697,Essence (K=3),0.0,
60746,Random,0.0,
60746,Popularity,0.0714285714285714,
60746,CF (ItemKNN),0.0714285714285714,
60746,Content (Avg Emb),0.0,
60746,Last-Item,0.0,
60746,Avg-Last-10,0.0,
60746,Recency-Weighted,0.0,
60746,Essence (K=3),0.0,
60870,Random,0.0,
60870,Popularity,0.0,
60870,CF (ItemKNN),0.0,
60870,Content (Avg Emb),0.0,
60870,Last-Item,0.0,
60870,Avg-Last-10,0.0,
60870,Recency-Weighted,0.0,
60870,Essence (K=3),0.0,
60923,Random,0.0,
60923,Popularity,0.0,
60923,CF (ItemKNN),0.0,
60923,Content (Avg Emb),0.0,
60923,Last-Item,0.0,
60923,Avg-Last-10,0.0,
60923,Recency-Weighted,0.0,
60923,Essence (K=3),0.0,
60930,Random,0.0384615384615384,0.0
60930,Popularity,0.0384615384615384,0.0
60930,CF (ItemKNN),0.2307692307692307,0.0
60930,Content (Avg Emb),0.0,0.0
60930,Last-Item,0.0,0.0
60930,Avg-Last-10,0.0,0.0
60930,Recency-Weighted,0.0,0.0
60930,Essence (K=3),0.0,0.0
61009,Random,0.0,
61009,Popularity,0.0,
61009,CF (ItemKNN),0.75,
61009,Content (Avg Emb),0.0,
61009,Last-Item,0.0,
61009,Avg-Last-10,0.0,
61009,Recency-Weighted,0.0,
61009,Essence (K=3),0.0,
61085,Random,0.0,
61085,Popularity,0.0,
61085,CF (ItemKNN),0.0,
61085,Content (Avg Emb),0.0,
61085,Last-Item,0.0,
61085,Avg-Last-10,0.0,
61085,Recency-Weighted,0.0,
61085,Essence (K=3),0.0,
61407,Random,0.0,0.0
61407,Popularity,0.0,0.0
61407,CF (ItemKNN),0.0,0.0
61407,Content (Avg Emb),0.0,0.0
61407,Last-Item,0.0625,0.0
61407,Avg-Last-10,0.0,0.0
61407,Recency-Weighted,0.0,0.0
61407,Essence (K=3),0.0,0.0
61484,Random,0.0,
61484,Popularity,0.3125,
61484,CF (ItemKNN),0.125,
61484,Content (Avg Emb),0.0,
61484,Last-Item,0.0,
61484,Avg-Last-10,0.0,
61484,Recency-Weighted,0.0,
61484,Essence (K=3),0.0,
61641,Random,0.0,
61641,Popularity,0.0,
61641,CF (ItemKNN),0.0,
61641,Content (Avg Emb),0.0,
61641,Last-Item,0.0,
61641,Avg-Last-10,0.0,
61641,Recency-Weighted,0.0,
61641,Essence (K=3),0.0,
61725,Random,0.0,
61725,Popularity,0.0,
61725,CF (ItemKNN),0.125,
61725,Content (Avg Emb),0.0,
61725,Last-Item,0.0,
61725,Avg-Last-10,0.0,
61725,Recency-Weighted,0.0,
61725,Essence (K=3),0.0,
62036,Random,0.0,
62036,Popularity,0.0,
62036,CF (ItemKNN),0.2,
62036,Content (Avg Emb),0.0,
62036,Last-Item,0.0,
62036,Avg-Last-10,0.0,
62036,Recency-Weighted,0.0,
62036,Essence (K=3),0.0,
62256,Random,0.0,
62256,Popularity,0.0,
62256,CF (ItemKNN),0.0,
62256,Content (Avg Emb),0.0,
62256,Last-Item,0.0,
62256,Avg-Last-10,0.0,
62256,Recency-Weighted,0.0,
62256,Essence (K=3),0.0,
62336,Random,0.0,
62336,Popularity,0.0,
62336,CF (ItemKNN),0.1666666666666666,
62336,Content (Avg Emb),0.0,
62336,Last-Item,0.0,
62336,Avg-Last-10,0.0,
62336,Recency-Weighted,0.0,
62336,Essence (K=3),0.0,
62339,Random,0.0,
62339,Popularity,0.25,
62339,CF (ItemKNN),0.0,
62339,Content (Avg Emb),0.0,
62339,Last-Item,0.25,
62339,Avg-Last-10,0.0,
62339,Recency-Weighted,0.0,
62339,Essence (K=3),0.0,
62359,Random,0.0,
62359,Popularity,0.0,
62359,CF (ItemKNN),0.0,
62359,Content (Avg Emb),0.0,
62359,Last-Item,0.0,
62359,Avg-Last-10,0.0,
62359,Recency-Weighted,0.0,
62359,Essence (K=3),0.0,
62362,Random,0.0,0.0
62362,Popularity,0.0,0.0
62362,CF (ItemKNN),0.0,0.0
62362,Content (Avg Emb),0.0,0.0
62362,Last-Item,0.0,0.0
62362,Avg-Last-10,0.0,0.0
62362,Recency-Weighted,0.0,0.0
62362,Essence (K=3),0.0,0.0
62365,Random,0.0,0.0
62365,Popularity,0.0,0.0
62365,CF (ItemKNN),0.0,0.0
62365,Content (Avg Emb),0.0357142857142857,0.0
62365,Last-Item,0.0357142857142857,0.0
62365,Avg-Last-10,0.0357142857142857,0.0
62365,Recency-Weighted,0.0357142857142857,0.0
62365,Essence (K=3),0.0,0.0
62416,Random,0.0,
62416,Popularity,0.0625,
62416,CF (ItemKNN),0.0625,
62416,Content (Avg Emb),0.0,
62416,Last-Item,0.0,
62416,Avg-Last-10,0.0,
62416,Recency-Weighted,0.0,
62416,Essence (K=3),0.0,
62495,Random,0.0,
62495,Popularity,0.0,
62495,CF (ItemKNN),0.25,
62495,Content (Avg Emb),0.0,
62495,Last-Item,0.0,
62495,Avg-Last-10,0.0,
62495,Recency-Weighted,0.0,
62495,Essence (K=3),0.0,
62509,Random,0.0,
62509,Popularity,0.0714285714285714,
62509,CF (ItemKNN),0.0714285714285714,
62509,Content (Avg Emb),0.0,
62509,Last-Item,0.0,
62509,Avg-Last-10,0.0,
62509,Recency-Weighted,0.0,
62509,Essence (K=3),0.0,
62529,Random,0.0,
62529,Popularity,0.6,
62529,CF (ItemKNN),0.4,
62529,Content (Avg Emb),0.0,
62529,Last-Item,0.0,
62529,Avg-Last-10,0.0,
62529,Recency-Weighted,0.0,
62529,Essence (K=3),0.0,
62568,Random,0.0,
62568,Popularity,0.0,
62568,CF (ItemKNN),0.0,
62568,Content (Avg Emb),0.0,
62568,Last-Item,0.0,
62568,Avg-Last-10,0.0,
62568,Recency-Weighted,0.0,
62568,Essence (K=3),0.0,
62569,Random,0.0,
62569,Popularity,0.0,
62569,CF (ItemKNN),0.8,
62569,Content (Avg Emb),0.0,
62569,Last-Item,0.0,
62569,Avg-Last-10,0.0,
62569,Recency-Weighted,0.0,
62569,Essence (K=3),0.0,
62672,Random,0.0,
62672,Popularity,0.0555555555555555,
62672,CF (ItemKNN),0.0833333333333333,
62672,Content (Avg Emb),0.0,
62672,Last-Item,0.0277777777777777,
62672,Avg-Last-10,0.0277777777777777,
62672,Recency-Weighted,0.0277777777777777,
62672,Essence (K=3),0.0,
62706,Random,0.0,
62706,Popularity,0.3571428571428571,
62706,CF (ItemKNN),0.2142857142857142,
62706,Content (Avg Emb),0.0,
62706,Last-Item,0.0714285714285714,
62706,Avg-Last-10,0.0714285714285714,
62706,Recency-Weighted,0.0714285714285714,
62706,Essence (K=3),0.0714285714285714,
62726,Random,0.0,
62726,Popularity,0.0,
62726,CF (ItemKNN),0.0,
62726,Content (Avg Emb),0.0,
62726,Last-Item,0.0,
62726,Avg-Last-10,0.0,
62726,Recency-Weighted,0.0,
62726,Essence (K=3),0.0,
62769,Random,0.0,
62769,Popularity,0.0,
62769,CF (ItemKNN),0.0,
62769,Content (Avg Emb),0.0,
62769,Last-Item,0.0,
62769,Avg-Last-10,0.0,
62769,Recency-Weighted,0.0,
62769,Essence (K=3),0.0,
62907,Random,0.0,
62907,Popularity,0.0,
62907,CF (ItemKNN),0.0,
62907,Content (Avg Emb),0.0,
62907,Last-Item,0.0,
62907,Avg-Last-10,0.0,
62907,Recency-Weighted,0.0,
62907,Essence (K=3),0.0,
62984,Random,0.0,
62984,Popularity,0.2857142857142857,
62984,CF (ItemKNN),0.2857142857142857,
62984,Content (Avg Emb),0.0,
62984,Last-Item,0.0,
62984,Avg-Last-10,0.0,
62984,Recency-Weighted,0.0,
62984,Essence (K=3),0.0,
62994,Random,0.0,
62994,Popularity,0.0,
62994,CF (ItemKNN),0.0,
62994,Content (Avg Emb),0.0,
62994,Last-Item,0.0,
62994,Avg-Last-10,0.0,
62994,Recency-Weighted,0.0,
62994,Essence (K=3),0.0,
63086,Random,0.0,0.0
63086,Popularity,0.0,0.0
63086,CF (ItemKNN),0.0,0.0
63086,Content (Avg Emb),0.0,0.0
63086,Last-Item,0.0,0.0
63086,Avg-Last-10,0.0,0.0
63086,Recency-Weighted,0.0,0.0
63086,Essence (K=3),0.0,0.0
63145,Random,0.0,0.0
63145,Popularity,0.0,0.0
63145,CF (ItemKNN),0.0,0.0
63145,Content (Avg Emb),0.0,0.0
63145,Last-Item,0.0,0.0
63145,Avg-Last-10,0.0,0.0
63145,Recency-Weighted,0.0,0.0
63145,Essence (K=3),0.0,0.0
63263,Random,0.0,
63263,Popularity,0.0,
63263,CF (ItemKNN),0.2,
63263,Content (Avg Emb),0.0,
63263,Last-Item,0.0,
63263,Avg-Last-10,0.0,
63263,Recency-Weighted,0.0,
63263,Essence (K=3),0.0,
63274,Random,0.0,
63274,Popularity,0.0,
63274,CF (ItemKNN),0.0714285714285714,
63274,Content (Avg Emb),0.0,
63274,Last-Item,0.0,
63274,Avg-Last-10,0.0,
63274,Recency-Weighted,0.0,
63274,Essence (K=3),0.0,
63343,Random,0.0,
63343,Popularity,0.0344827586206896,
63343,CF (ItemKNN),0.0689655172413793,
63343,Content (Avg Emb),0.0,
63343,Last-Item,0.0689655172413793,
63343,Avg-Last-10,0.0,
63343,Recency-Weighted,0.0,
63343,Essence (K=3),0.0,
63484,Random,0.0,
63484,Popularity,0.0,
63484,CF (ItemKNN),0.04,
63484,Content (Avg Emb),0.0,
63484,Last-Item,0.0,
63484,Avg-Last-10,0.0,
63484,Recency-Weighted,0.0,
63484,Essence (K=3),0.0,
63909,Random,0.0,0.0
63909,Popularity,0.08,0.0
63909,CF (ItemKNN),0.0,0.0
63909,Content (Avg Emb),0.0,0.0
63909,Last-Item,0.0,0.0
63909,Avg-Last-10,0.0,0.0
63909,Recency-Weighted,0.0,0.0
63909,Essence (K=3),0.0,0.0
63943,Random,0.0416666666666666,
63943,Popularity,0.0,
63943,CF (ItemKNN),0.0,
63943,Content (Avg Emb),0.0,
63943,Last-Item,0.0,
63943,Avg-Last-10,0.0,
63943,Recency-Weighted,0.0,
63943,Essence (K=3),0.0,
64048,Random,0.0,
64048,Popularity,0.0,
64048,CF (ItemKNN),0.0,
64048,Content (Avg Emb),0.0476190476190476,
64048,Last-Item,0.0,
64048,Avg-Last-10,0.0,
64048,Recency-Weighted,0.0,
64048,Essence (K=3),0.0476190476190476,
64131,Random,0.0,
64131,Popularity,0.0833333333333333,
64131,CF (ItemKNN),0.3333333333333333,
64131,Content (Avg Emb),0.0,
64131,Last-Item,0.0,
64131,Avg-Last-10,0.0,
64131,Recency-Weighted,0.0,
64131,Essence (K=3),0.0,
64200,Random,0.0666666666666666,0.0
64200,Popularity,0.1333333333333333,0.0
64200,CF (ItemKNN),0.1333333333333333,0.0
64200,Content (Avg Emb),0.0,0.0
64200,Last-Item,0.0,0.0
64200,Avg-Last-10,0.0,0.0
64200,Recency-Weighted,0.0,0.0
64200,Essence (K=3),0.0,0.0
64792,Random,0.0,
64792,Popularity,0.0,
64792,CF (ItemKNN),0.0,
64792,Content (Avg Emb),0.2,
64792,Last-Item,0.0,
64792,Avg-Last-10,0.0,
64792,Recency-Weighted,0.0,
64792,Essence (K=3),0.0,
64886,Random,0.0,
64886,Popularity,0.0,
64886,CF (ItemKNN),0.0,
64886,Content (Avg Emb),0.0,
64886,Last-Item,0.0,
64886,Avg-Last-10,0.0,
64886,Recency-Weighted,0.0,
64886,Essence (K=3),0.0,
65062,Random,0.0,
65062,Popularity,0.0,
65062,CF (ItemKNN),0.0,
65062,Content (Avg Emb),0.0,
65062,Last-Item,0.0,
65062,Avg-Last-10,0.0,
65062,Recency-Weighted,0.0,
65062,Essence (K=3),0.0,
65085,Random,0.0,
65085,Popularity,0.1111111111111111,
65085,CF (ItemKNN),0.0,
65085,Content (Avg Emb),0.0,
65085,Last-Item,0.0,
65085,Avg-Last-10,0.0,
65085,Recency-Weighted,0.0,
65085,Essence (K=3),0.0,
65089,Random,0.0,0.0
65089,Popularity,0.0,0.0
65089,CF (ItemKNN),0.2,0.0
65089,Content (Avg Emb),0.0,0.0
65089,Last-Item,0.0,0.0
65089,Avg-Last-10,0.0,0.0
65089,Recency-Weighted,0.0,0.0
65089,Essence (K=3),0.0,0.0
65231,Random,0.0,
65231,Popularity,0.0,
65231,CF (ItemKNN),0.0,
65231,Content (Avg Emb),0.0,
65231,Last-Item,0.0,
65231,Avg-Last-10,0.0,
65231,Recency-Weighted,0.0,
65231,Essence (K=3),0.0,
65360,Random,0.0,0.0
65360,Popularity,0.0,0.0
65360,CF (ItemKNN),0.0,0.0
65360,Content (Avg Emb),0.0,0.0
65360,Last-Item,0.0833333333333333,0.0
65360,Avg-Last-10,0.0,0.0
65360,Recency-Weighted,0.0,0.0
65360,Essence (K=3),0.0,0.0
65372,Random,0.0,
65372,Popularity,0.0,
65372,CF (ItemKNN),0.0,
65372,Content (Avg Emb),0.0,
65372,Last-Item,0.0,
65372,Avg-Last-10,0.0,
65372,Recency-Weighted,0.0,
65372,Essence (K=3),0.0,
65482,Random,0.0,
65482,Popularity,0.15,
65482,CF (ItemKNN),0.1,
65482,Content (Avg Emb),0.0,
65482,Last-Item,0.0,
65482,Avg-Last-10,0.0,
65482,Recency-Weighted,0.0,
65482,Essence (K=3),0.0,
65537,Random,0.0,0.0
65537,Popularity,0.05,0.0
65537,CF (ItemKNN),0.1,0.0
65537,Content (Avg Emb),0.0,0.0
65537,Last-Item,0.0,0.0
65537,Avg-Last-10,0.0,0.0
65537,Recency-Weighted,0.0,0.0
65537,Essence (K=3),0.0,0.0
65624,Random,0.0,
65624,Popularity,0.0588235294117647,
65624,CF (ItemKNN),0.1176470588235294,
65624,Content (Avg Emb),0.0,
65624,Last-Item,0.0,
65624,Avg-Last-10,0.0,
65624,Recency-Weighted,0.0,
65624,Essence (K=3),0.0,
65688,Random,0.0,0.0
65688,Popularity,0.0833333333333333,0.0
65688,CF (ItemKNN),0.0833333333333333,0.0
65688,Content (Avg Emb),0.0,0.0
65688,Last-Item,0.0,0.0
65688,Avg-Last-10,0.0,0.0
65688,Recency-Weighted,0.0,0.0
65688,Essence (K=3),0.0,0.0
65726,Random,0.0833333333333333,
65726,Popularity,0.0,
65726,CF (ItemKNN),0.0833333333333333,
65726,Content (Avg Emb),0.0,
65726,Last-Item,0.0,
65726,Avg-Last-10,0.0,
65726,Recency-Weighted,0.0,
65726,Essence (K=3),0.0,
65729,Random,0.0,
65729,Popularity,0.0,
65729,CF (ItemKNN),0.0,
65729,Content (Avg Emb),0.0,
65729,Last-Item,0.0,
65729,Avg-Last-10,0.0,
65729,Recency-Weighted,0.0,
65729,Essence (K=3),0.0,
65861,Random,0.0,0.0
65861,Popularity,0.0,0.0
65861,CF (ItemKNN),0.0,0.0
65861,Content (Avg Emb),0.0,0.0
65861,Last-Item,0.0,0.0
65861,Avg-Last-10,0.0,0.0
65861,Recency-Weighted,0.0,0.0
65861,Essence (K=3),0.0,0.0
65904,Random,0.0,
65904,Popularity,0.1666666666666666,
65904,CF (ItemKNN),0.1666666666666666,
65904,Content (Avg Emb),0.0,
65904,Last-Item,0.0,
65904,Avg-Last-10,0.0,
65904,Recency-Weighted,0.0,
65904,Essence (K=3),0.0,
65960,Random,0.0,
65960,Popularity,0.0,
65960,CF (ItemKNN),0.0,
65960,Content (Avg Emb),0.0,
65960,Last-Item,0.0,
65960,Avg-Last-10,0.0,
65960,Recency-Weighted,0.0,
65960,Essence (K=3),0.0,
65985,Random,0.0,
65985,Popularity,0.0,
65985,CF (ItemKNN),0.0,
65985,Content (Avg Emb),0.0,
65985,Last-Item,0.0,
65985,Avg-Last-10,0.0,
65985,Recency-Weighted,0.0,
65985,Essence (K=3),0.0,
66193,Random,0.0,0.0
66193,Popularity,0.0,0.0
66193,CF (ItemKNN),0.03125,0.0
66193,Content (Avg Emb),0.0,0.0
66193,Last-Item,0.0,0.0
66193,Avg-Last-10,0.0,0.0
66193,Recency-Weighted,0.0,0.0
66193,Essence (K=3),0.0,0.0
66209,Random,0.0,
66209,Popularity,0.0384615384615384,
66209,CF (ItemKNN),0.0769230769230769,
66209,Content (Avg Emb),0.0,
66209,Last-Item,0.0,
66209,Avg-Last-10,0.0,
66209,Recency-Weighted,0.0,
66209,Essence (K=3),0.0,
66230,Random,0.0,
66230,Popularity,0.0,
66230,CF (ItemKNN),0.0,
66230,Content (Avg Emb),0.0,
66230,Last-Item,0.0,
66230,Avg-Last-10,0.0,
66230,Recency-Weighted,0.0,
66230,Essence (K=3),0.0,
66436,Random,0.0,
66436,Popularity,0.2222222222222222,
66436,CF (ItemKNN),0.3333333333333333,
66436,Content (Avg Emb),0.1111111111111111,
66436,Last-Item,0.0,
66436,Avg-Last-10,0.0,
66436,Recency-Weighted,0.1111111111111111,
66436,Essence (K=3),0.0,
66499,Random,0.0,
66499,Popularity,0.0,
66499,CF (ItemKNN),0.1111111111111111,
66499,Content (Avg Emb),0.0,
66499,Last-Item,0.0,
66499,Avg-Last-10,0.0,
66499,Recency-Weighted,0.0,
66499,Essence (K=3),0.0,
66522,Random,0.0,0.0
66522,Popularity,0.0588235294117647,0.0
66522,CF (ItemKNN),0.1176470588235294,0.0
66522,Content (Avg Emb),0.0,0.0
66522,Last-Item,0.0,0.0
66522,Avg-Last-10,0.0,0.0
66522,Recency-Weighted,0.0,0.0
66522,Essence (K=3),0.0,0.0
66534,Random,0.0,
66534,Popularity,0.0,
66534,CF (ItemKNN),0.0,
66534,Content (Avg Emb),0.0,
66534,Last-Item,0.0,
66534,Avg-Last-10,0.0,
66534,Recency-Weighted,0.0,
66534,Essence (K=3),0.0,
66802,Random,0.0,
66802,Popularity,0.0588235294117647,
66802,CF (ItemKNN),0.2941176470588235,
66802,Content (Avg Emb),0.0,
66802,Last-Item,0.0,
66802,Avg-Last-10,0.0,
66802,Recency-Weighted,0.0,
66802,Essence (K=3),0.0,
66851,Random,0.0,
66851,Popularity,0.0,
66851,CF (ItemKNN),0.0,
66851,Content (Avg Emb),0.0,
66851,Last-Item,0.0,
66851,Avg-Last-10,0.0,
66851,Recency-Weighted,0.0,
66851,Essence (K=3),0.0,
66859,Random,0.0,
66859,Popularity,0.0,
66859,CF (ItemKNN),0.1666666666666666,
66859,Content (Avg Emb),0.0,
66859,Last-Item,0.0,
66859,Avg-Last-10,0.0,
66859,Recency-Weighted,0.0,
66859,Essence (K=3),0.0,
66861,Random,0.0,0.0
66861,Popularity,0.032258064516129,0.0
66861,CF (ItemKNN),0.0967741935483871,0.0
66861,Content (Avg Emb),0.0,0.0
66861,Last-Item,0.0,0.0
66861,Avg-Last-10,0.0,0.0
66861,Recency-Weighted,0.0,0.0
66861,Essence (K=3),0.0,0.0
66961,Random,0.0,0.0
66961,Popularity,0.0,0.0
66961,CF (ItemKNN),0.0,0.0
66961,Content (Avg Emb),0.0,0.0
66961,Last-Item,0.0,0.0
66961,Avg-Last-10,0.0,0.0
66961,Recency-Weighted,0.0,0.0
66961,Essence (K=3),0.0,0.0
67045,Random,0.0,
67045,Popularity,0.0,
67045,CF (ItemKNN),0.0,
67045,Content (Avg Emb),0.0,
67045,Last-Item,0.0,
67045,Avg-Last-10,0.0,
67045,Recency-Weighted,0.0,
67045,Essence (K=3),0.0,
67110,Random,0.0,
67110,Popularity,0.125,
67110,CF (ItemKNN),0.125,
67110,Content (Avg Emb),0.0,
67110,Last-Item,0.0,
67110,Avg-Last-10,0.0,
67110,Recency-Weighted,0.0,
67110,Essence (K=3),0.0,
67130,Random,0.0,0.0
67130,Popularity,0.0,0.0
67130,CF (ItemKNN),0.0,0.0
67130,Content (Avg Emb),0.0,0.0
67130,Last-Item,0.0,0.0
67130,Avg-Last-10,0.0,0.0
67130,Recency-Weighted,0.0,0.0
67130,Essence (K=3),0.0,0.0
67160,Random,0.0,
67160,Popularity,0.3333333333333333,
67160,CF (ItemKNN),0.5,
67160,Content (Avg Emb),0.0,
67160,Last-Item,0.0,
67160,Avg-Last-10,0.0,
67160,Recency-Weighted,0.0,
67160,Essence (K=3),0.0,
67167,Random,0.0,0.0
67167,Popularity,0.0,0.0
67167,CF (ItemKNN),0.032258064516129,0.0
67167,Content (Avg Emb),0.0,0.0
67167,Last-Item,0.0,0.0
67167,Avg-Last-10,0.0,0.0
67167,Recency-Weighted,0.0,0.0
67167,Essence (K=3),0.0,0.0
67172,Random,0.0,0.0
67172,Popularity,0.03125,0.0
67172,CF (ItemKNN),0.0,0.0
67172,Content (Avg Emb),0.0,0.0
67172,Last-Item,0.0,0.0
67172,Avg-Last-10,0.0,0.0
67172,Recency-Weighted,0.0,0.0
67172,Essence (K=3),0.0,0.0
67191,Random,0.0,
67191,Popularity,0.0,
67191,CF (ItemKNN),0.25,
67191,Content (Avg Emb),0.0,
67191,Last-Item,0.0,
67191,Avg-Last-10,0.0,
67191,Recency-Weighted,0.0,
67191,Essence (K=3),0.0,
67431,Random,0.027027027027027,0.0
67431,Popularity,0.0,0.0
67431,CF (ItemKNN),0.0,0.0
67431,Content (Avg Emb),0.0,0.0
67431,Last-Item,0.0,0.0
67431,Avg-Last-10,0.0,0.0
67431,Recency-Weighted,0.0,0.0
67431,Essence (K=3),0.0,0.0
67552,Random,0.0,
67552,Popularity,0.0,
67552,CF (ItemKNN),0.0,
67552,Content (Avg Emb),0.0,
67552,Last-Item,0.0,
67552,Avg-Last-10,0.0,
67552,Recency-Weighted,0.0,
67552,Essence (K=3),0.0,
67603,Random,0.0,
67603,Popularity,0.4,
67603,CF (ItemKNN),0.4,
67603,Content (Avg Emb),0.0,
67603,Last-Item,0.0,
67603,Avg-Last-10,0.0,
67603,Recency-Weighted,0.0,
67603,Essence (K=3),0.0,
67696,Random,0.0,0.0
67696,Popularity,0.0,0.0
67696,CF (ItemKNN),0.25,0.0
67696,Content (Avg Emb),0.0,0.0
67696,Last-Item,0.0,0.0
67696,Avg-Last-10,0.0,0.0
67696,Recency-Weighted,0.0,0.0
67696,Essence (K=3),0.0,0.0
67709,Random,0.0,
67709,Popularity,0.0,
67709,CF (ItemKNN),0.0,
67709,Content (Avg Emb),0.0,
67709,Last-Item,0.0,
67709,Avg-Last-10,0.0,
67709,Recency-Weighted,0.0,
67709,Essence (K=3),0.0,
67761,Random,0.0,
67761,Popularity,0.0,
67761,CF (ItemKNN),0.0,
67761,Content (Avg Emb),0.0,
67761,Last-Item,0.0,
67761,Avg-Last-10,0.0,
67761,Recency-Weighted,0.0,
67761,Essence (K=3),0.0,
67803,Random,0.0,
67803,Popularity,0.1428571428571428,
67803,CF (ItemKNN),0.1428571428571428,
67803,Content (Avg Emb),0.0,
67803,Last-Item,0.0,
67803,Avg-Last-10,0.0,
67803,Recency-Weighted,0.0,
67803,Essence (K=3),0.0,
67960,Random,0.0,
67960,Popularity,0.0,
67960,CF (ItemKNN),0.0,
67960,Content (Avg Emb),0.0,
67960,Last-Item,0.0,
67960,Avg-Last-10,0.0,
67960,Recency-Weighted,0.0,
67960,Essence (K=3),0.0,
68155,Random,0.0,0.0
68155,Popularity,0.0,0.0
68155,CF (ItemKNN),0.0,0.0
68155,Content (Avg Emb),0.0833333333333333,0.0
68155,Last-Item,0.0,0.0
68155,Avg-Last-10,0.0,0.0
68155,Recency-Weighted,0.0,0.0
68155,Essence (K=3),0.0,0.0
68224,Random,0.0,
68224,Popularity,0.0769230769230769,
68224,CF (ItemKNN),0.2307692307692307,
68224,Content (Avg Emb),0.0,
68224,Last-Item,0.0,
68224,Avg-Last-10,0.0769230769230769,
68224,Recency-Weighted,0.0769230769230769,
68224,Essence (K=3),0.0769230769230769,
68226,Random,0.0,
68226,Popularity,0.0,
68226,CF (ItemKNN),0.0,
68226,Content (Avg Emb),0.0,
68226,Last-Item,0.0,
68226,Avg-Last-10,0.0,
68226,Recency-Weighted,0.0,
68226,Essence (K=3),0.0,
68236,Random,0.0,
68236,Popularity,0.0,
68236,CF (ItemKNN),0.0,
68236,Content (Avg Emb),0.0,
68236,Last-Item,0.0,
68236,Avg-Last-10,0.0,
68236,Recency-Weighted,0.0,
68236,Essence (K=3),0.0,
68329,Random,0.0,
68329,Popularity,0.0,
68329,CF (ItemKNN),0.0,
68329,Content (Avg Emb),0.0,
68329,Last-Item,0.0,
68329,Avg-Last-10,0.0,
68329,Recency-Weighted,0.0,
68329,Essence (K=3),0.0,
68330,Random,0.0,
68330,Popularity,0.0,
68330,CF (ItemKNN),0.4,
68330,Content (Avg Emb),0.0,
68330,Last-Item,0.6,
68330,Avg-Last-10,0.6,
68330,Recency-Weighted,0.6,
68330,Essence (K=3),0.0,
68377,Random,0.0,
68377,Popularity,0.1111111111111111,
68377,CF (ItemKNN),0.0555555555555555,
68377,Content (Avg Emb),0.0,
68377,Last-Item,0.0,
68377,Avg-Last-10,0.0,
68377,Recency-Weighted,0.0,
68377,Essence (K=3),0.0,
68445,Random,0.0,
68445,Popularity,0.0,
68445,CF (ItemKNN),0.0,
68445,Content (Avg Emb),0.0,
68445,Last-Item,0.0,
68445,Avg-Last-10,0.0,
68445,Recency-Weighted,0.0,
68445,Essence (K=3),0.0,
68913,Random,0.0,
68913,Popularity,0.1142857142857142,
68913,CF (ItemKNN),0.0857142857142857,
68913,Content (Avg Emb),0.0,
68913,Last-Item,0.0,
68913,Avg-Last-10,0.0,
68913,Recency-Weighted,0.0,
68913,Essence (K=3),0.0,
68930,Random,0.0,
68930,Popularity,0.25,
68930,CF (ItemKNN),0.0,
68930,Content (Avg Emb),0.0,
68930,Last-Item,0.0,
68930,Avg-Last-10,0.0,
68930,Recency-Weighted,0.0,
68930,Essence (K=3),0.0,
68945,Random,0.0,
68945,Popularity,0.1481481481481481,
68945,CF (ItemKNN),0.1111111111111111,
68945,Content (Avg Emb),0.0,
68945,Last-Item,0.074074074074074,
68945,Avg-Last-10,0.037037037037037,
68945,Recency-Weighted,0.037037037037037,
68945,Essence (K=3),0.0,
68991,Random,0.0,
68991,Popularity,0.0476190476190476,
68991,CF (ItemKNN),0.1904761904761904,
68991,Content (Avg Emb),0.0,
68991,Last-Item,0.0,
68991,Avg-Last-10,0.0,
68991,Recency-Weighted,0.0,
68991,Essence (K=3),0.0,
69083,Random,0.0,
69083,Popularity,0.0,
69083,CF (ItemKNN),0.3333333333333333,
69083,Content (Avg Emb),0.0,
69083,Last-Item,0.0,
69083,Avg-Last-10,0.0,
69083,Recency-Weighted,0.0,
69083,Essence (K=3),0.1666666666666666,
69096,Random,0.0,
69096,Popularity,0.0,
69096,CF (ItemKNN),0.0,
69096,Content (Avg Emb),0.0,
69096,Last-Item,0.0,
69096,Avg-Last-10,0.0,
69096,Recency-Weighted,0.0,
69096,Essence (K=3),0.0,
69145,Random,0.0,0.0
69145,Popularity,0.0,0.0
69145,CF (ItemKNN),0.0,0.0
69145,Content (Avg Emb),0.0,0.0
69145,Last-Item,0.0,0.0
69145,Avg-Last-10,0.0,0.0
69145,Recency-Weighted,0.0,0.0
69145,Essence (K=3),0.0,0.0
69327,Random,0.0,
69327,Popularity,0.2,
69327,CF (ItemKNN),1.0,
69327,Content (Avg Emb),0.0,
69327,Last-Item,0.0,
69327,Avg-Last-10,0.0,
69327,Recency-Weighted,0.0,
69327,Essence (K=3),0.0,
69372,Random,0.0,
69372,Popularity,0.0769230769230769,
69372,CF (ItemKNN),0.1153846153846153,
69372,Content (Avg Emb),0.0,
69372,Last-Item,0.0,
69372,Avg-Last-10,0.0384615384615384,
69372,Recency-Weighted,0.0384615384615384,
69372,Essence (K=3),0.0,
69379,Random,0.0,
69379,Popularity,0.0,
69379,CF (ItemKNN),0.0,
69379,Content (Avg Emb),0.0,
69379,Last-Item,0.0,
69379,Avg-Last-10,0.0,
69379,Recency-Weighted,0.0,
69379,Essence (K=3),0.0,
69421,Random,0.0,
69421,Popularity,0.0,
69421,CF (ItemKNN),0.125,
69421,Content (Avg Emb),0.0,
69421,Last-Item,0.0,
69421,Avg-Last-10,0.0,
69421,Recency-Weighted,0.0,
69421,Essence (K=3),0.0,
69495,Random,0.0,
69495,Popularity,0.0,
69495,CF (ItemKNN),0.0,
69495,Content (Avg Emb),0.0,
69495,Last-Item,0.0,
69495,Avg-Last-10,0.0,
69495,Recency-Weighted,0.0,
69495,Essence (K=3),0.0,
69559,Random,0.0,
69559,Popularity,0.0,
69559,CF (ItemKNN),0.0,
69559,Content (Avg Emb),0.0,
69559,Last-Item,0.0,
69559,Avg-Last-10,0.0,
69559,Recency-Weighted,0.0,
69559,Essence (K=3),0.0,
69580,Random,0.0,
69580,Popularity,0.2258064516129032,
69580,CF (ItemKNN),0.1612903225806451,
69580,Content (Avg Emb),0.032258064516129,
69580,Last-Item,0.0,
69580,Avg-Last-10,0.0,
69580,Recency-Weighted,0.0,
69580,Essence (K=3),0.0,
69649,Random,0.0,
69649,Popularity,0.05,
69649,CF (ItemKNN),0.05,
69649,Content (Avg Emb),0.0,
69649,Last-Item,0.0,
69649,Avg-Last-10,0.0,
69649,Recency-Weighted,0.0,
69649,Essence (K=3),0.0,
69650,Random,0.0,
69650,Popularity,0.0,
69650,CF (ItemKNN),0.3,
69650,Content (Avg Emb),0.0,
69650,Last-Item,0.0,
69650,Avg-Last-10,0.0,
69650,Recency-Weighted,0.0,
69650,Essence (K=3),0.0,
69769,Random,0.0,
69769,Popularity,0.1,
69769,CF (ItemKNN),0.2,
69769,Content (Avg Emb),0.0,
69769,Last-Item,0.0,
69769,Avg-Last-10,0.0,
69769,Recency-Weighted,0.0,
69769,Essence (K=3),0.0,
69917,Random,0.0,
69917,Popularity,0.0434782608695652,
69917,CF (ItemKNN),0.0434782608695652,
69917,Content (Avg Emb),0.0,
69917,Last-Item,0.0,
69917,Avg-Last-10,0.0,
69917,Recency-Weighted,0.0,
69917,Essence (K=3),0.0,
69919,Random,0.0,0.0
69919,Popularity,0.0,0.0
69919,CF (ItemKNN),0.0,0.0
69919,Content (Avg Emb),0.0,0.0
69919,Last-Item,0.0,0.0
69919,Avg-Last-10,0.0,0.0
69919,Recency-Weighted,0.0,0.0
69919,Essence (K=3),0.0,0.0
69979,Random,0.0,
69979,Popularity,0.0,
69979,CF (ItemKNN),0.0,
69979,Content (Avg Emb),0.0,
69979,Last-Item,0.0,
69979,Avg-Last-10,0.0,
69979,Recency-Weighted,0.0,
69979,Essence (K=3),0.0,
70184,Random,0.0,
70184,Popularity,0.0,
70184,CF (ItemKNN),0.0,
70184,Content (Avg Emb),0.0,
70184,Last-Item,0.0,
70184,Avg-Last-10,0.0,
70184,Recency-Weighted,0.0,
70184,Essence (K=3),0.0,
70345,Random,0.0,0.0
70345,Popularity,0.0454545454545454,0.0
70345,CF (ItemKNN),0.0,0.0
70345,Content (Avg Emb),0.0,0.0
70345,Last-Item,0.0,0.0
70345,Avg-Last-10,0.0454545454545454,0.0
70345,Recency-Weighted,0.0454545454545454,0.0
70345,Essence (K=3),0.0,0.0
70458,Random,0.0,
70458,Popularity,0.0,
70458,CF (ItemKNN),0.0,
70458,Content (Avg Emb),0.0,
70458,Last-Item,0.0,
70458,Avg-Last-10,0.0,
70458,Recency-Weighted,0.0,
70458,Essence (K=3),0.0,
70468,Random,0.0,
70468,Popularity,0.2857142857142857,
70468,CF (ItemKNN),0.1428571428571428,
70468,Content (Avg Emb),0.0,
70468,Last-Item,0.0,
70468,Avg-Last-10,0.0,
70468,Recency-Weighted,0.0,
70468,Essence (K=3),0.0,
70498,Random,0.0,
70498,Popularity,0.1,
70498,CF (ItemKNN),0.3,
70498,Content (Avg Emb),0.0,
70498,Last-Item,0.0,
70498,Avg-Last-10,0.0,
70498,Recency-Weighted,0.0,
70498,Essence (K=3),0.0,
70532,Random,0.0,
70532,Popularity,0.1111111111111111,
70532,CF (ItemKNN),0.1111111111111111,
70532,Content (Avg Emb),0.0,
70532,Last-Item,0.0,
70532,Avg-Last-10,0.1111111111111111,
70532,Recency-Weighted,0.1111111111111111,
70532,Essence (K=3),0.1111111111111111,
70701,Random,0.0,
70701,Popularity,0.0,
70701,CF (ItemKNN),0.0769230769230769,
70701,Content (Avg Emb),0.0,
70701,Last-Item,0.0,
70701,Avg-Last-10,0.0,
70701,Recency-Weighted,0.0,
70701,Essence (K=3),0.0,
70718,Random,0.0714285714285714,0.0
70718,Popularity,0.0,0.0
70718,CF (ItemKNN),0.0,0.0
70718,Content (Avg Emb),0.0,0.0
70718,Last-Item,0.0,0.0
70718,Avg-Last-10,0.0,0.0
70718,Recency-Weighted,0.0,0.0
70718,Essence (K=3),0.0,0.0
70846,Random,0.0,0.0
70846,Popularity,0.0,0.0
70846,CF (ItemKNN),0.1538461538461538,0.0
70846,Content (Avg Emb),0.0,0.0
70846,Last-Item,0.0,0.0
70846,Avg-Last-10,0.0,0.0
70846,Recency-Weighted,0.0,0.0
70846,Essence (K=3),0.0,0.0
70898,Random,0.0,
70898,Popularity,0.0588235294117647,
70898,CF (ItemKNN),0.2941176470588235,
70898,Content (Avg Emb),0.0,
70898,Last-Item,0.0,
70898,Avg-Last-10,0.0,
70898,Recency-Weighted,0.0,
70898,Essence (K=3),0.0,
70945,Random,0.0,
70945,Popularity,0.0,
70945,CF (ItemKNN),0.0,
70945,Content (Avg Emb),0.0,
70945,Last-Item,0.0,
70945,Avg-Last-10,0.0,
70945,Recency-Weighted,0.0,
70945,Essence (K=3),0.0,
71058,Random,0.0,
71058,Popularity,0.0,
71058,CF (ItemKNN),0.0,
71058,Content (Avg Emb),0.0,
71058,Last-Item,0.0,
71058,Avg-Last-10,0.0,
71058,Recency-Weighted,0.0,
71058,Essence (K=3),0.0,
71304,Random,0.0,
71304,Popularity,0.0,
71304,CF (ItemKNN),0.0,
71304,Content (Avg Emb),0.0,
71304,Last-Item,0.0,
71304,Avg-Last-10,0.0,
71304,Recency-Weighted,0.0,
71304,Essence (K=3),0.0,
71372,Random,0.0,
71372,Popularity,0.1428571428571428,
71372,CF (ItemKNN),0.1428571428571428,
71372,Content (Avg Emb),0.0,
71372,Last-Item,0.0,
71372,Avg-Last-10,0.0,
71372,Recency-Weighted,0.0,
71372,Essence (K=3),0.0,
71463,Random,0.0,0.0
71463,Popularity,0.0,0.0
71463,CF (ItemKNN),0.0,0.0
71463,Content (Avg Emb),0.0,0.0
71463,Last-Item,0.0,0.0
71463,Avg-Last-10,0.0,0.0
71463,Recency-Weighted,0.0,0.0
71463,Essence (K=3),0.0,0.0
71492,Random,0.0,0.0
71492,Popularity,0.0,0.0
71492,CF (ItemKNN),0.0,0.0
71492,Content (Avg Emb),0.0,0.0
71492,Last-Item,0.0,0.0
71492,Avg-Last-10,0.0,0.0
71492,Recency-Weighted,0.0,0.0
71492,Essence (K=3),0.0,0.0
71605,Random,0.0,
71605,Popularity,0.3333333333333333,
71605,CF (ItemKNN),0.1666666666666666,
71605,Content (Avg Emb),0.0,
71605,Last-Item,0.0,
71605,Avg-Last-10,0.0,
71605,Recency-Weighted,0.0,
71605,Essence (K=3),0.0,
71616,Random,0.0,
71616,Popularity,0.1428571428571428,
71616,CF (ItemKNN),0.2857142857142857,
71616,Content (Avg Emb),0.0,
71616,Last-Item,0.0,
71616,Avg-Last-10,0.0,
71616,Recency-Weighted,0.0,
71616,Essence (K=3),0.0,
71656,Random,0.0,
71656,Popularity,0.125,
71656,CF (ItemKNN),0.125,
71656,Content (Avg Emb),0.0,
71656,Last-Item,0.0,
71656,Avg-Last-10,0.0,
71656,Recency-Weighted,0.0,
71656,Essence (K=3),0.0,
71664,Random,0.0,
71664,Popularity,0.0,
71664,CF (ItemKNN),0.1,
71664,Content (Avg Emb),0.05,
71664,Last-Item,0.0,
71664,Avg-Last-10,0.05,
71664,Recency-Weighted,0.0,
71664,Essence (K=3),0.0,
71691,Random,0.0,
71691,Popularity,0.0,
71691,CF (ItemKNN),0.0,
71691,Content (Avg Emb),0.0,
71691,Last-Item,0.0,
71691,Avg-Last-10,0.0,
71691,Recency-Weighted,0.0,
71691,Essence (K=3),0.0,
71743,Random,0.0,
71743,Popularity,0.4,
71743,CF (ItemKNN),0.4,
71743,Content (Avg Emb),0.0,
71743,Last-Item,0.0,
71743,Avg-Last-10,0.0,
71743,Recency-Weighted,0.0,
71743,Essence (K=3),0.0,
71968,Random,0.0,0.0
71968,Popularity,0.0,0.0
71968,CF (ItemKNN),0.1111111111111111,0.0
71968,Content (Avg Emb),0.0,0.0
71968,Last-Item,0.1111111111111111,0.0
71968,Avg-Last-10,0.0,0.0
71968,Recency-Weighted,0.0,0.0
71968,Essence (K=3),0.0,0.0
72027,Random,0.0,0.0
72027,Popularity,0.0,0.0
72027,CF (ItemKNN),0.0526315789473684,0.0
72027,Content (Avg Emb),0.0,0.0
72027,Last-Item,0.0,0.0
72027,Avg-Last-10,0.0526315789473684,0.0
72027,Recency-Weighted,0.0526315789473684,0.0
72027,Essence (K=3),0.0,0.0
72029,Random,0.0,
72029,Popularity,0.0,
72029,CF (ItemKNN),0.0,
72029,Content (Avg Emb),0.0,
72029,Last-Item,0.0,
72029,Avg-Last-10,0.0,
72029,Recency-Weighted,0.0,
72029,Essence (K=3),0.0,
72041,Random,0.0,
72041,Popularity,0.2,
72041,CF (ItemKNN),0.2,
72041,Content (Avg Emb),0.0,
72041,Last-Item,0.0,
72041,Avg-Last-10,0.0,
72041,Recency-Weighted,0.0,
72041,Essence (K=3),0.0,
72193,Random,0.0,
72193,Popularity,0.0,
72193,CF (ItemKNN),0.05,
72193,Content (Avg Emb),0.0,
72193,Last-Item,0.0,
72193,Avg-Last-10,0.0,
72193,Recency-Weighted,0.0,
72193,Essence (K=3),0.0,
72318,Random,0.0,0.0
72318,Popularity,0.032258064516129,0.0
72318,CF (ItemKNN),0.032258064516129,0.0
72318,Content (Avg Emb),0.0,0.0
72318,Last-Item,0.0,0.0
72318,Avg-Last-10,0.0,0.0
72318,Recency-Weighted,0.0,0.0
72318,Essence (K=3),0.0,0.0
72390,Random,0.0,
72390,Popularity,0.0,
72390,CF (ItemKNN),0.0666666666666666,
72390,Content (Avg Emb),0.0,
72390,Last-Item,0.0,
72390,Avg-Last-10,0.0,
72390,Recency-Weighted,0.0,
72390,Essence (K=3),0.0,
72416,Random,0.0,
72416,Popularity,0.0,
72416,CF (ItemKNN),0.0,
72416,Content (Avg Emb),0.0,
72416,Last-Item,0.0,
72416,Avg-Last-10,0.0,
72416,Recency-Weighted,0.0,
72416,Essence (K=3),0.0,
72469,Random,0.0,
72469,Popularity,0.0,
72469,CF (ItemKNN),0.0,
72469,Content (Avg Emb),0.0,
72469,Last-Item,0.0,
72469,Avg-Last-10,0.0,
72469,Recency-Weighted,0.0,
72469,Essence (K=3),0.0,
72620,Random,0.0,
72620,Popularity,0.0,
72620,CF (ItemKNN),0.0,
72620,Content (Avg Emb),0.0,
72620,Last-Item,0.0,
72620,Avg-Last-10,0.0,
72620,Recency-Weighted,0.0,
72620,Essence (K=3),0.0,
72628,Random,0.0,
72628,Popularity,0.0,
72628,CF (ItemKNN),0.1428571428571428,
72628,Content (Avg Emb),0.0,
72628,Last-Item,0.0,
72628,Avg-Last-10,0.0,
72628,Recency-Weighted,0.0,
72628,Essence (K=3),0.0,
72636,Random,0.0,
72636,Popularity,0.1,
72636,CF (ItemKNN),0.0,
72636,Content (Avg Emb),0.0,
72636,Last-Item,0.0,
72636,Avg-Last-10,0.0,
72636,Recency-Weighted,0.0,
72636,Essence (K=3),0.0,
72679,Random,0.0,0.0
72679,Popularity,0.0,0.0
72679,CF (ItemKNN),0.0,0.0
72679,Content (Avg Emb),0.0,0.0
72679,Last-Item,0.0,0.0
72679,Avg-Last-10,0.0,0.0
72679,Recency-Weighted,0.0,0.0
72679,Essence (K=3),0.0,0.0
72699,Random,0.0,
72699,Popularity,0.0,
72699,CF (ItemKNN),0.2,
72699,Content (Avg Emb),0.0,
72699,Last-Item,0.0,
72699,Avg-Last-10,0.0,
72699,Recency-Weighted,0.0,
72699,Essence (K=3),0.0,
72710,Random,0.0,
72710,Popularity,0.2857142857142857,
72710,CF (ItemKNN),0.4285714285714285,
72710,Content (Avg Emb),0.0,
72710,Last-Item,0.0,
72710,Avg-Last-10,0.0,
72710,Recency-Weighted,0.0,
72710,Essence (K=3),0.0,
72772,Random,0.0,
72772,Popularity,0.1333333333333333,
72772,CF (ItemKNN),0.2,
72772,Content (Avg Emb),0.0,
72772,Last-Item,0.0,
72772,Avg-Last-10,0.0,
72772,Recency-Weighted,0.0,
72772,Essence (K=3),0.0,
72795,Random,0.0,
72795,Popularity,0.0909090909090909,
72795,CF (ItemKNN),0.0909090909090909,
72795,Content (Avg Emb),0.0,
72795,Last-Item,0.0,
72795,Avg-Last-10,0.0,
72795,Recency-Weighted,0.0,
72795,Essence (K=3),0.0,
72860,Random,0.0,0.0
72860,Popularity,0.0,0.0
72860,CF (ItemKNN),0.0,0.0
72860,Content (Avg Emb),0.0,0.0
72860,Last-Item,0.0,0.0
72860,Avg-Last-10,0.0,0.0
72860,Recency-Weighted,0.0,0.0
72860,Essence (K=3),0.0,0.0
72904,Random,0.0,
72904,Popularity,0.0,
72904,CF (ItemKNN),0.0,
72904,Content (Avg Emb),0.0,
72904,Last-Item,0.0,
72904,Avg-Last-10,0.0,
72904,Recency-Weighted,0.1666666666666666,
72904,Essence (K=3),0.0,
72950,Random,0.0,
72950,Popularity,0.0,
72950,CF (ItemKNN),0.0,
72950,Content (Avg Emb),0.0,
72950,Last-Item,0.0,
72950,Avg-Last-10,0.0,
72950,Recency-Weighted,0.0,
72950,Essence (K=3),0.0,
73122,Random,0.0,0.0
73122,Popularity,0.0263157894736842,0.0
73122,CF (ItemKNN),0.0263157894736842,0.0
73122,Content (Avg Emb),0.0,0.0
73122,Last-Item,0.0,0.0
73122,Avg-Last-10,0.0,0.0
73122,Recency-Weighted,0.0,0.0
73122,Essence (K=3),0.0,0.0
73313,Random,0.0,
73313,Popularity,0.0,
73313,CF (ItemKNN),0.1428571428571428,
73313,Content (Avg Emb),0.0,
73313,Last-Item,0.0,
73313,Avg-Last-10,0.0,
73313,Recency-Weighted,0.0,
73313,Essence (K=3),0.0,
73417,Random,0.0,
73417,Popularity,0.0,
73417,CF (ItemKNN),0.0416666666666666,
73417,Content (Avg Emb),0.0,
73417,Last-Item,0.0,
73417,Avg-Last-10,0.0,
73417,Recency-Weighted,0.0,
73417,Essence (K=3),0.0,
73671,Random,0.0,0.0
73671,Popularity,0.0,0.0
73671,CF (ItemKNN),0.0,0.0
73671,Content (Avg Emb),0.0,0.0
73671,Last-Item,0.0,0.0
73671,Avg-Last-10,0.0,0.0
73671,Recency-Weighted,0.0,0.0
73671,Essence (K=3),0.0,0.0
73740,Random,0.0,0.0
73740,Popularity,0.0,0.0
73740,CF (ItemKNN),0.0,0.0
73740,Content (Avg Emb),0.0,0.0
73740,Last-Item,0.0,0.0
73740,Avg-Last-10,0.0,0.0
73740,Recency-Weighted,0.0,0.0
73740,Essence (K=3),0.0,0.0
73847,Random,0.0,
73847,Popularity,0.0,
73847,CF (ItemKNN),0.2142857142857142,
73847,Content (Avg Emb),0.0,
73847,Last-Item,0.0,
73847,Avg-Last-10,0.0,
73847,Recency-Weighted,0.0,
73847,Essence (K=3),0.0,
73994,Random,0.0,
73994,Popularity,0.0,
73994,CF (ItemKNN),0.0588235294117647,
73994,Content (Avg Emb),0.0,
73994,Last-Item,0.1176470588235294,
73994,Avg-Last-10,0.0,
73994,Recency-Weighted,0.0,
73994,Essence (K=3),0.0,
74068,Random,0.0,
74068,Popularity,0.0625,
74068,CF (ItemKNN),0.0,
74068,Content (Avg Emb),0.0,
74068,Last-Item,0.0,
74068,Avg-Last-10,0.0,
74068,Recency-Weighted,0.0,
74068,Essence (K=3),0.0,
74070,Random,0.0,
74070,Popularity,0.0,
74070,CF (ItemKNN),0.4,
74070,Content (Avg Emb),0.0,
74070,Last-Item,0.0,
74070,Avg-Last-10,0.0,
74070,Recency-Weighted,0.0,
74070,Essence (K=3),0.0,
74119,Random,0.0,
74119,Popularity,0.0,
74119,CF (ItemKNN),0.875,
74119,Content (Avg Emb),0.0,
74119,Last-Item,0.0,
74119,Avg-Last-10,0.0,
74119,Recency-Weighted,0.0,
74119,Essence (K=3),0.0,
74242,Random,0.0,
74242,Popularity,0.0,
74242,CF (ItemKNN),0.0,
74242,Content (Avg Emb),0.0,
74242,Last-Item,0.0,
74242,Avg-Last-10,0.0,
74242,Recency-Weighted,0.0,
74242,Essence (K=3),0.0,
74559,Random,0.0,0.0
74559,Popularity,0.0,0.0
74559,CF (ItemKNN),0.0588235294117647,0.0
74559,Content (Avg Emb),0.0,0.0
74559,Last-Item,0.0,0.0
74559,Avg-Last-10,0.0,0.0
74559,Recency-Weighted,0.0,0.0
74559,Essence (K=3),0.0,0.0
74604,Random,0.0,
74604,Popularity,0.0,
74604,CF (ItemKNN),0.0,
74604,Content (Avg Emb),0.0,
74604,Last-Item,0.0,
74604,Avg-Last-10,0.0,
74604,Recency-Weighted,0.0,
74604,Essence (K=3),0.0,
74619,Random,0.0,
74619,Popularity,0.025,
74619,CF (ItemKNN),0.0,
74619,Content (Avg Emb),0.0,
74619,Last-Item,0.025,
74619,Avg-Last-10,0.0,
74619,Recency-Weighted,0.0,
74619,Essence (K=3),0.0,
74623,Random,0.0,0.0
74623,Popularity,0.1,0.0
74623,CF (ItemKNN),0.2,0.0
74623,Content (Avg Emb),0.0,0.0
74623,Last-Item,0.0,0.0
74623,Avg-Last-10,0.0,0.0
74623,Recency-Weighted,0.0,0.0
74623,Essence (K=3),0.0,0.0
74667,Random,0.0,
74667,Popularity,0.0,
74667,CF (ItemKNN),0.2857142857142857,
74667,Content (Avg Emb),0.1428571428571428,
74667,Last-Item,0.0,
74667,Avg-Last-10,0.0,
74667,Recency-Weighted,0.0,
74667,Essence (K=3),0.0,
74768,Random,0.0,
74768,Popularity,0.0,
74768,CF (ItemKNN),0.1111111111111111,
74768,Content (Avg Emb),0.0,
74768,Last-Item,0.0,
74768,Avg-Last-10,0.0,
74768,Recency-Weighted,0.0,
74768,Essence (K=3),0.0,
74771,Random,0.0,
74771,Popularity,0.3333333333333333,
74771,CF (ItemKNN),0.5,
74771,Content (Avg Emb),0.0,
74771,Last-Item,0.1666666666666666,
74771,Avg-Last-10,0.0,
74771,Recency-Weighted,0.0,
74771,Essence (K=3),0.0,
74780,Random,0.0,0.0
74780,Popularity,0.0,0.0
74780,CF (ItemKNN),0.0,0.0
74780,Content (Avg Emb),0.0,0.0
74780,Last-Item,0.0,0.0
74780,Avg-Last-10,0.0,0.0
74780,Recency-Weighted,0.0,0.0
74780,Essence (K=3),0.0,0.0
74786,Random,0.0,
74786,Popularity,0.0,
74786,CF (ItemKNN),0.0,
74786,Content (Avg Emb),0.0,
74786,Last-Item,0.0,
74786,Avg-Last-10,0.0,
74786,Recency-Weighted,0.0,
74786,Essence (K=3),0.0,
74822,Random,0.0,
74822,Popularity,0.0,
74822,CF (ItemKNN),0.0,
74822,Content (Avg Emb),0.0,
74822,Last-Item,0.0,
74822,Avg-Last-10,0.0434782608695652,
74822,Recency-Weighted,0.0,
74822,Essence (K=3),0.0,
74874,Random,0.0,0.0
74874,Popularity,0.0,0.0
74874,CF (ItemKNN),0.0,0.0
74874,Content (Avg Emb),0.0,0.0
74874,Last-Item,0.1666666666666666,0.0
74874,Avg-Last-10,0.0,0.0
74874,Recency-Weighted,0.1666666666666666,0.0
74874,Essence (K=3),0.3333333333333333,0.0
74886,Random,0.0,0.0
74886,Popularity,0.0,0.0
74886,CF (ItemKNN),0.0,0.0
74886,Content (Avg Emb),0.0,0.0
74886,Last-Item,0.0,0.0
74886,Avg-Last-10,0.0,0.0
74886,Recency-Weighted,0.0,0.0
74886,Essence (K=3),0.0,0.0
75062,Random,0.0,0.0
75062,Popularity,0.0,0.0
75062,CF (ItemKNN),0.0,0.0
75062,Content (Avg Emb),0.0,0.0
75062,Last-Item,0.0,0.0
75062,Avg-Last-10,0.0,0.0
75062,Recency-Weighted,0.04,0.0
75062,Essence (K=3),0.0,0.0
75119,Random,0.0,
75119,Popularity,0.0,
75119,CF (ItemKNN),0.0,
75119,Content (Avg Emb),0.0,
75119,Last-Item,0.0,
75119,Avg-Last-10,0.0,
75119,Recency-Weighted,0.0,
75119,Essence (K=3),0.0,
75127,Random,0.0,0.0
75127,Popularity,0.0,0.0
75127,CF (ItemKNN),0.0,0.0
75127,Content (Avg Emb),0.0,0.0
75127,Last-Item,0.0,0.0
75127,Avg-Last-10,0.0,0.0
75127,Recency-Weighted,0.0,0.0
75127,Essence (K=3),0.0,0.0
75143,Random,0.0,
75143,Popularity,0.0,
75143,CF (ItemKNN),0.0,
75143,Content (Avg Emb),0.0,
75143,Last-Item,0.0,
75143,Avg-Last-10,0.0,
75143,Recency-Weighted,0.0,
75143,Essence (K=3),0.0,
75192,Random,0.0,
75192,Popularity,0.1333333333333333,
75192,CF (ItemKNN),0.2666666666666666,
75192,Content (Avg Emb),0.0,
75192,Last-Item,0.0666666666666666,
75192,Avg-Last-10,0.0,
75192,Recency-Weighted,0.0,
75192,Essence (K=3),0.0,
75366,Random,0.0,
75366,Popularity,0.2,
75366,CF (ItemKNN),0.15,
75366,Content (Avg Emb),0.0,
75366,Last-Item,0.0,
75366,Avg-Last-10,0.05,
75366,Recency-Weighted,0.05,
75366,Essence (K=3),0.0,
75450,Random,0.0,
75450,Popularity,0.0,
75450,CF (ItemKNN),0.0,
75450,Content (Avg Emb),0.0,
75450,Last-Item,0.0,
75450,Avg-Last-10,0.0,
75450,Recency-Weighted,0.0,
75450,Essence (K=3),0.0,
75548,Random,0.0,
75548,Popularity,0.2,
75548,CF (ItemKNN),0.1,
75548,Content (Avg Emb),0.0,
75548,Last-Item,0.0,
75548,Avg-Last-10,0.0,
75548,Recency-Weighted,0.0,
75548,Essence (K=3),0.0,
75576,Random,0.0,
75576,Popularity,0.0,
75576,CF (ItemKNN),0.074074074074074,
75576,Content (Avg Emb),0.0,
75576,Last-Item,0.0,
75576,Avg-Last-10,0.0,
75576,Recency-Weighted,0.0,
75576,Essence (K=3),0.0,
75606,Random,0.0,
75606,Popularity,0.0,
75606,CF (ItemKNN),0.0,
75606,Content (Avg Emb),0.0,
75606,Last-Item,0.0,
75606,Avg-Last-10,0.0,
75606,Recency-Weighted,0.0,
75606,Essence (K=3),0.0,
75698,Random,0.0,0.0
75698,Popularity,0.0,0.0
75698,CF (ItemKNN),0.0,0.0
75698,Content (Avg Emb),0.0,0.0
75698,Last-Item,0.0,0.0
75698,Avg-Last-10,0.0,0.0
75698,Recency-Weighted,0.0,0.0
75698,Essence (K=3),0.0,0.0
75834,Random,0.0,
75834,Popularity,0.0,
75834,CF (ItemKNN),0.05,
75834,Content (Avg Emb),0.0,
75834,Last-Item,0.05,
75834,Avg-Last-10,0.0,
75834,Recency-Weighted,0.0,
75834,Essence (K=3),0.0,
75882,Random,0.0,
75882,Popularity,0.0909090909090909,
75882,CF (ItemKNN),0.0909090909090909,
75882,Content (Avg Emb),0.0,
75882,Last-Item,0.0,
75882,Avg-Last-10,0.0,
75882,Recency-Weighted,0.0,
75882,Essence (K=3),0.0,
75919,Random,0.0,
75919,Popularity,0.0,
75919,CF (ItemKNN),0.0,
75919,Content (Avg Emb),0.0,
75919,Last-Item,0.0,
75919,Avg-Last-10,0.0,
75919,Recency-Weighted,0.0,
75919,Essence (K=3),0.0,
75961,Random,0.0,
75961,Popularity,0.0,
75961,CF (ItemKNN),0.0,
75961,Content (Avg Emb),0.0,
75961,Last-Item,0.0,
75961,Avg-Last-10,0.0,
75961,Recency-Weighted,0.0,
75961,Essence (K=3),0.0,
76005,Random,0.0,
76005,Popularity,0.0,
76005,CF (ItemKNN),0.0,
76005,Content (Avg Emb),0.0,
76005,Last-Item,0.0,
76005,Avg-Last-10,0.0,
76005,Recency-Weighted,0.0,
76005,Essence (K=3),0.0,
76064,Random,0.0,0.0
76064,Popularity,0.0,0.0
76064,CF (ItemKNN),0.1,0.0
76064,Content (Avg Emb),0.05,0.0
76064,Last-Item,0.15,0.0
76064,Avg-Last-10,0.05,0.0
76064,Recency-Weighted,0.0,0.0
76064,Essence (K=3),0.0,0.0
76344,Random,0.0,
76344,Popularity,0.0,
76344,CF (ItemKNN),0.0,
76344,Content (Avg Emb),0.0,
76344,Last-Item,0.0,
76344,Avg-Last-10,0.0,
76344,Recency-Weighted,0.0,
76344,Essence (K=3),0.0,
76393,Random,0.0,
76393,Popularity,0.0,
76393,CF (ItemKNN),0.0,
76393,Content (Avg Emb),0.0,
76393,Last-Item,0.2,
76393,Avg-Last-10,0.0,
76393,Recency-Weighted,0.0,
76393,Essence (K=3),0.0,
76409,Random,0.0,
76409,Popularity,0.0,
76409,CF (ItemKNN),0.0,
76409,Content (Avg Emb),0.0,
76409,Last-Item,0.0,
76409,Avg-Last-10,0.0,
76409,Recency-Weighted,0.0,
76409,Essence (K=3),0.0,
76424,Random,0.0,
76424,Popularity,0.0,
76424,CF (ItemKNN),0.0,
76424,Content (Avg Emb),0.0,
76424,Last-Item,0.0,
76424,Avg-Last-10,0.0,
76424,Recency-Weighted,0.0,
76424,Essence (K=3),0.0,
76449,Random,0.0,0.0
76449,Popularity,0.0,0.0
76449,CF (ItemKNN),0.0294117647058823,0.0
76449,Content (Avg Emb),0.0,0.0
76449,Last-Item,0.0,0.0
76449,Avg-Last-10,0.0,0.0
76449,Recency-Weighted,0.0,0.0
76449,Essence (K=3),0.0,0.0
76470,Random,0.0,0.0
76470,Popularity,0.0,0.0
76470,CF (ItemKNN),0.1111111111111111,0.0
76470,Content (Avg Emb),0.0,0.0
76470,Last-Item,0.0,0.0
76470,Avg-Last-10,0.0,0.0
76470,Recency-Weighted,0.0,0.0
76470,Essence (K=3),0.0,0.0
76482,Random,0.0,0.0
76482,Popularity,0.0,0.0
76482,CF (ItemKNN),0.0,0.0
76482,Content (Avg Emb),0.0,0.0
76482,Last-Item,0.0,0.0
76482,Avg-Last-10,0.0,0.0
76482,Recency-Weighted,0.0,0.0
76482,Essence (K=3),0.0,0.0
76519,Random,0.0,
76519,Popularity,0.0,
76519,CF (ItemKNN),0.2,
76519,Content (Avg Emb),0.0,
76519,Last-Item,0.0,
76519,Avg-Last-10,0.0,
76519,Recency-Weighted,0.0,
76519,Essence (K=3),0.0,
76633,Random,0.0,
76633,Popularity,0.2,
76633,CF (ItemKNN),0.0,
76633,Content (Avg Emb),0.0,
76633,Last-Item,0.0,
76633,Avg-Last-10,0.0,
76633,Recency-Weighted,0.0,
76633,Essence (K=3),0.0,
76820,Random,0.0,
76820,Popularity,0.0,
76820,CF (ItemKNN),0.0,
76820,Content (Avg Emb),0.0,
76820,Last-Item,0.0,
76820,Avg-Last-10,0.0,
76820,Recency-Weighted,0.0,
76820,Essence (K=3),0.0,
76885,Random,0.0,
76885,Popularity,0.0,
76885,CF (ItemKNN),0.0,
76885,Content (Avg Emb),0.0,
76885,Last-Item,0.0,
76885,Avg-Last-10,0.0,
76885,Recency-Weighted,0.0,
76885,Essence (K=3),0.0,
76978,Random,0.0,
76978,Popularity,0.25,
76978,CF (ItemKNN),0.0,
76978,Content (Avg Emb),0.0,
76978,Last-Item,0.0,
76978,Avg-Last-10,0.0,
76978,Recency-Weighted,0.0,
76978,Essence (K=3),0.0,
77023,Random,0.0,
77023,Popularity,0.1111111111111111,
77023,CF (ItemKNN),0.2222222222222222,
77023,Content (Avg Emb),0.0,
77023,Last-Item,0.0,
77023,Avg-Last-10,0.0,
77023,Recency-Weighted,0.0,
77023,Essence (K=3),0.0,
77083,Random,0.0,
77083,Popularity,0.0,
77083,CF (ItemKNN),0.0,
77083,Content (Avg Emb),0.0,
77083,Last-Item,0.0,
77083,Avg-Last-10,0.0,
77083,Recency-Weighted,0.0,
77083,Essence (K=3),0.0,
77198,Random,0.0,0.0
77198,Popularity,0.0,0.0
77198,CF (ItemKNN),0.0476190476190476,0.0
77198,Content (Avg Emb),0.0,0.0
77198,Last-Item,0.0,0.0
77198,Avg-Last-10,0.0,0.0
77198,Recency-Weighted,0.0,0.0
77198,Essence (K=3),0.0,0.0
77212,Random,0.0,
77212,Popularity,0.0,
77212,CF (ItemKNN),0.2222222222222222,
77212,Content (Avg Emb),0.0,
77212,Last-Item,0.0,
77212,Avg-Last-10,0.0,
77212,Recency-Weighted,0.0,
77212,Essence (K=3),0.0,
77275,Random,0.0,
77275,Popularity,0.0,
77275,CF (ItemKNN),0.0,
77275,Content (Avg Emb),0.0,
77275,Last-Item,0.0,
77275,Avg-Last-10,0.0,
77275,Recency-Weighted,0.0,
77275,Essence (K=3),0.0,
77293,Random,0.0,
77293,Popularity,0.0571428571428571,
77293,CF (ItemKNN),0.0571428571428571,
77293,Content (Avg Emb),0.0,
77293,Last-Item,0.0,
77293,Avg-Last-10,0.0,
77293,Recency-Weighted,0.0,
77293,Essence (K=3),0.0,
77342,Random,0.0,
77342,Popularity,0.0,
77342,CF (ItemKNN),0.5,
77342,Content (Avg Emb),0.0,
77342,Last-Item,0.0,
77342,Avg-Last-10,0.0,
77342,Recency-Weighted,0.0,
77342,Essence (K=3),0.0,
77372,Random,0.0,
77372,Popularity,0.1818181818181818,
77372,CF (ItemKNN),0.1818181818181818,
77372,Content (Avg Emb),0.0,
77372,Last-Item,0.0,
77372,Avg-Last-10,0.0,
77372,Recency-Weighted,0.0,
77372,Essence (K=3),0.0909090909090909,
77405,Random,0.0,0.0
77405,Popularity,0.0,0.0
77405,CF (ItemKNN),0.0,0.0
77405,Content (Avg Emb),0.0,0.0
77405,Last-Item,0.0,0.0
77405,Avg-Last-10,0.0,0.0
77405,Recency-Weighted,0.0,0.0
77405,Essence (K=3),0.0,0.0
77550,Random,0.0,
77550,Popularity,0.0,
77550,CF (ItemKNN),0.2,
77550,Content (Avg Emb),0.0,
77550,Last-Item,0.0,
77550,Avg-Last-10,0.0,
77550,Recency-Weighted,0.0,
77550,Essence (K=3),0.0,
77670,Random,0.0,
77670,Popularity,0.0,
77670,CF (ItemKNN),0.0,
77670,Content (Avg Emb),0.0,
77670,Last-Item,0.0,
77670,Avg-Last-10,0.0,
77670,Recency-Weighted,0.0,
77670,Essence (K=3),0.0,
77743,Random,0.0,0.0
77743,Popularity,0.0,0.0
77743,CF (ItemKNN),0.0,0.0
77743,Content (Avg Emb),0.0833333333333333,0.0
77743,Last-Item,0.0,0.0
77743,Avg-Last-10,0.0,0.0
77743,Recency-Weighted,0.0,0.0
77743,Essence (K=3),0.0,0.0
77791,Random,0.0,
77791,Popularity,0.0,
77791,CF (ItemKNN),0.074074074074074,
77791,Content (Avg Emb),0.0,
77791,Last-Item,0.0,
77791,Avg-Last-10,0.0,
77791,Recency-Weighted,0.0,
77791,Essence (K=3),0.0,
77825,Random,0.0,
77825,Popularity,0.0,
77825,CF (ItemKNN),0.0,
77825,Content (Avg Emb),0.0,
77825,Last-Item,0.0,
77825,Avg-Last-10,0.0,
77825,Recency-Weighted,0.0,
77825,Essence (K=3),0.0,
77838,Random,0.0,0.0
77838,Popularity,0.0,0.0
77838,CF (ItemKNN),0.0,0.0
77838,Content (Avg Emb),0.0,0.0
77838,Last-Item,0.0,0.0
77838,Avg-Last-10,0.0,0.0
77838,Recency-Weighted,0.0,0.0
77838,Essence (K=3),0.0,0.0
77889,Random,0.0,
77889,Popularity,0.125,
77889,CF (ItemKNN),0.125,
77889,Content (Avg Emb),0.0,
77889,Last-Item,0.0,
77889,Avg-Last-10,0.0,
77889,Recency-Weighted,0.0,
77889,Essence (K=3),0.0,
78074,Random,0.0,
78074,Popularity,0.0,
78074,CF (ItemKNN),0.125,
78074,Content (Avg Emb),0.0,
78074,Last-Item,0.0,
78074,Avg-Last-10,0.0,
78074,Recency-Weighted,0.0,
78074,Essence (K=3),0.0,
78148,Random,0.0,0.0
78148,Popularity,0.0,0.0
78148,CF (ItemKNN),0.2857142857142857,0.0
78148,Content (Avg Emb),0.0,0.0
78148,Last-Item,0.0,0.0
78148,Avg-Last-10,0.0,0.0
78148,Recency-Weighted,0.0,0.0
78148,Essence (K=3),0.0,0.0
78173,Random,0.0,
78173,Popularity,0.0,
78173,CF (ItemKNN),0.1428571428571428,
78173,Content (Avg Emb),0.0,
78173,Last-Item,0.0,
78173,Avg-Last-10,0.0,
78173,Recency-Weighted,0.0,
78173,Essence (K=3),0.0,
78316,Random,0.0,
78316,Popularity,0.0,
78316,CF (ItemKNN),0.1,
78316,Content (Avg Emb),0.0,
78316,Last-Item,0.0,
78316,Avg-Last-10,0.0,
78316,Recency-Weighted,0.0,
78316,Essence (K=3),0.0,
78428,Random,0.0,
78428,Popularity,0.0,
78428,CF (ItemKNN),0.0,
78428,Content (Avg Emb),0.0,
78428,Last-Item,0.0,
78428,Avg-Last-10,0.0,
78428,Recency-Weighted,0.2,
78428,Essence (K=3),0.0,
78457,Random,0.0,0.0
78457,Popularity,0.0,0.0
78457,CF (ItemKNN),0.0,0.0
78457,Content (Avg Emb),0.0,0.0
78457,Last-Item,0.0,0.0
78457,Avg-Last-10,0.0,0.0
78457,Recency-Weighted,0.0,0.0
78457,Essence (K=3),0.0,0.0
78583,Random,0.0,
78583,Popularity,0.0,
78583,CF (ItemKNN),0.25,
78583,Content (Avg Emb),0.0,
78583,Last-Item,0.0,
78583,Avg-Last-10,0.0,
78583,Recency-Weighted,0.0,
78583,Essence (K=3),0.0,
78748,Random,0.0,
78748,Popularity,0.0,
78748,CF (ItemKNN),0.0,
78748,Content (Avg Emb),0.0,
78748,Last-Item,0.1666666666666666,
78748,Avg-Last-10,0.1666666666666666,
78748,Recency-Weighted,0.1666666666666666,
78748,Essence (K=3),0.0,
79177,Random,0.0,
79177,Popularity,0.0,
79177,CF (ItemKNN),0.0625,
79177,Content (Avg Emb),0.0,
79177,Last-Item,0.0,
79177,Avg-Last-10,0.0,
79177,Recency-Weighted,0.0,
79177,Essence (K=3),0.0,
79262,Random,0.0,
79262,Popularity,0.0,
79262,CF (ItemKNN),0.0,
79262,Content (Avg Emb),0.0,
79262,Last-Item,0.0,
79262,Avg-Last-10,0.0,
79262,Recency-Weighted,0.0,
79262,Essence (K=3),0.0,
79370,Random,0.0,0.0
79370,Popularity,0.0,0.0
79370,CF (ItemKNN),0.0,0.0
79370,Content (Avg Emb),0.0,0.0
79370,Last-Item,0.0,0.0
79370,Avg-Last-10,0.0,0.0
79370,Recency-Weighted,0.0,0.0
79370,Essence (K=3),0.0,0.0
79495,Random,0.0,
79495,Popularity,0.0,
79495,CF (ItemKNN),0.0,
79495,Content (Avg Emb),0.0,
79495,Last-Item,0.0,
79495,Avg-Last-10,0.0,
79495,Recency-Weighted,0.0,
79495,Essence (K=3),0.0,
79537,Random,0.0,
79537,Popularity,0.0,
79537,CF (ItemKNN),0.0,
79537,Content (Avg Emb),0.0,
79537,Last-Item,0.0,
79537,Avg-Last-10,0.0,
79537,Recency-Weighted,0.0,
79537,Essence (K=3),0.0,
79651,Random,0.0,0.0
79651,Popularity,0.0,0.0
79651,CF (ItemKNN),0.0,0.0
79651,Content (Avg Emb),0.0,0.0
79651,Last-Item,0.0,0.0
79651,Avg-Last-10,0.0,0.0
79651,Recency-Weighted,0.0,0.0
79651,Essence (K=3),0.0,0.0
79679,Random,0.0,
79679,Popularity,0.0,
79679,CF (ItemKNN),0.0,
79679,Content (Avg Emb),0.0,
79679,Last-Item,0.0,
79679,Avg-Last-10,0.0,
79679,Recency-Weighted,0.0,
79679,Essence (K=3),0.0,
79724,Random,0.0,
79724,Popularity,0.0769230769230769,
79724,CF (ItemKNN),0.0769230769230769,
79724,Content (Avg Emb),0.0,
79724,Last-Item,0.0,
79724,Avg-Last-10,0.0,
79724,Recency-Weighted,0.0,
79724,Essence (K=3),0.0,
79740,Random,0.0,0.0
79740,Popularity,0.0,0.0
79740,CF (ItemKNN),0.0,0.0
79740,Content (Avg Emb),0.0,0.0
79740,Last-Item,0.0,0.0
79740,Avg-Last-10,0.0,0.0
79740,Recency-Weighted,0.0,0.0
79740,Essence (K=3),0.0,0.0
79860,Random,0.0,
79860,Popularity,0.0,
79860,CF (ItemKNN),0.0769230769230769,
79860,Content (Avg Emb),0.0,
79860,Last-Item,0.0,
79860,Avg-Last-10,0.0,
79860,Recency-Weighted,0.0,
79860,Essence (K=3),0.0,
79895,Random,0.0,
79895,Popularity,0.0,
79895,CF (ItemKNN),0.0,
79895,Content (Avg Emb),0.0,
79895,Last-Item,0.125,
79895,Avg-Last-10,0.0,
79895,Recency-Weighted,0.125,
79895,Essence (K=3),0.125,
79896,Random,0.0666666666666666,0.0
79896,Popularity,0.0,0.0
79896,CF (ItemKNN),0.0,0.0
79896,Content (Avg Emb),0.0,0.0
79896,Last-Item,0.0,0.0
79896,Avg-Last-10,0.0,0.0
79896,Recency-Weighted,0.0666666666666666,0.0
79896,Essence (K=3),0.0,0.0
79956,Random,0.0,
79956,Popularity,0.0,
79956,CF (ItemKNN),0.0,
79956,Content (Avg Emb),0.0,
79956,Last-Item,0.0,
79956,Avg-Last-10,0.0,
79956,Recency-Weighted,0.0,
79956,Essence (K=3),0.0,
80071,Random,0.0,0.0
80071,Popularity,0.0,0.0
80071,CF (ItemKNN),0.0,0.0
80071,Content (Avg Emb),0.0,0.0
80071,Last-Item,0.0,0.0
80071,Avg-Last-10,0.0,0.0
80071,Recency-Weighted,0.0,0.0
80071,Essence (K=3),0.0,0.0
80217,Random,0.0,
80217,Popularity,0.0,
80217,CF (ItemKNN),0.0,
80217,Content (Avg Emb),0.0,
80217,Last-Item,0.0,
80217,Avg-Last-10,0.0,
80217,Recency-Weighted,0.0,
80217,Essence (K=3),0.0,
80288,Random,0.0,
80288,Popularity,0.125,
80288,CF (ItemKNN),0.0,
80288,Content (Avg Emb),0.0,
80288,Last-Item,0.0,
80288,Avg-Last-10,0.0,
80288,Recency-Weighted,0.0,
80288,Essence (K=3),0.0,
80331,Random,0.0,0.0
80331,Popularity,0.1428571428571428,0.0
80331,CF (ItemKNN),0.1428571428571428,0.0
80331,Content (Avg Emb),0.0,0.0
80331,Last-Item,0.0,0.0
80331,Avg-Last-10,0.0,0.0
80331,Recency-Weighted,0.0,0.0
80331,Essence (K=3),0.0,0.0
80381,Random,0.0,
80381,Popularity,0.375,
80381,CF (ItemKNN),0.625,
80381,Content (Avg Emb),0.0,
80381,Last-Item,0.0,
80381,Avg-Last-10,0.0,
80381,Recency-Weighted,0.0,
80381,Essence (K=3),0.0,
80387,Random,0.0,
80387,Popularity,0.0,
80387,CF (ItemKNN),0.0,
80387,Content (Avg Emb),0.0,
80387,Last-Item,0.0,
80387,Avg-Last-10,0.0,
80387,Recency-Weighted,0.0,
80387,Essence (K=3),0.0,
80391,Random,0.0,
80391,Popularity,0.2857142857142857,
80391,CF (ItemKNN),0.0,
80391,Content (Avg Emb),0.0,
80391,Last-Item,0.0,
80391,Avg-Last-10,0.0,
80391,Recency-Weighted,0.0,
80391,Essence (K=3),0.0,
80514,Random,0.0909090909090909,
80514,Popularity,0.0,
80514,CF (ItemKNN),0.0909090909090909,
80514,Content (Avg Emb),0.0,
80514,Last-Item,0.0,
80514,Avg-Last-10,0.0,
80514,Recency-Weighted,0.0,
80514,Essence (K=3),0.0,
80560,Random,0.0,
80560,Popularity,0.0,
80560,CF (ItemKNN),0.0689655172413793,
80560,Content (Avg Emb),0.0,
80560,Last-Item,0.0,
80560,Avg-Last-10,0.0,
80560,Recency-Weighted,0.0,
80560,Essence (K=3),0.0,
80656,Random,0.0,
80656,Popularity,0.0357142857142857,
80656,CF (ItemKNN),0.0,
80656,Content (Avg Emb),0.0,
80656,Last-Item,0.0,
80656,Avg-Last-10,0.0,
80656,Recency-Weighted,0.0,
80656,Essence (K=3),0.0,
80757,Random,0.0,
80757,Popularity,0.1428571428571428,
80757,CF (ItemKNN),0.0,
80757,Content (Avg Emb),0.0,
80757,Last-Item,0.0,
80757,Avg-Last-10,0.0,
80757,Recency-Weighted,0.0,
80757,Essence (K=3),0.0,
80768,Random,0.0,
80768,Popularity,0.0869565217391304,
80768,CF (ItemKNN),0.1739130434782608,
80768,Content (Avg Emb),0.0,
80768,Last-Item,0.0,
80768,Avg-Last-10,0.0,
80768,Recency-Weighted,0.0,
80768,Essence (K=3),0.0,
80905,Random,0.0,
80905,Popularity,0.5,
80905,CF (ItemKNN),0.75,
80905,Content (Avg Emb),0.0,
80905,Last-Item,0.0,
80905,Avg-Last-10,0.0,
80905,Recency-Weighted,0.0,
80905,Essence (K=3),0.0,
80911,Random,0.0,0.0
80911,Popularity,0.0555555555555555,0.0
80911,CF (ItemKNN),0.0555555555555555,0.0
80911,Content (Avg Emb),0.0,0.0
80911,Last-Item,0.0,0.0
80911,Avg-Last-10,0.0,0.0
80911,Recency-Weighted,0.0,0.0
80911,Essence (K=3),0.0,0.0
81060,Random,0.0,
81060,Popularity,0.0,
81060,CF (ItemKNN),0.0555555555555555,
81060,Content (Avg Emb),0.0,
81060,Last-Item,0.0,
81060,Avg-Last-10,0.0,
81060,Recency-Weighted,0.0,
81060,Essence (K=3),0.0,
81208,Random,0.0,
81208,Popularity,0.0,
81208,CF (ItemKNN),0.0,
81208,Content (Avg Emb),0.0,
81208,Last-Item,0.0,
81208,Avg-Last-10,0.0,
81208,Recency-Weighted,0.0,
81208,Essence (K=3),0.0,
81253,Random,0.0,
81253,Popularity,0.0,
81253,CF (ItemKNN),0.0,
81253,Content (Avg Emb),0.0,
81253,Last-Item,0.0,
81253,Avg-Last-10,0.0,
81253,Recency-Weighted,0.0,
81253,Essence (K=3),0.0,
81337,Random,0.0,0.0
81337,Popularity,0.25,0.0
81337,CF (ItemKNN),0.0,0.0
81337,Content (Avg Emb),0.0,0.0
81337,Last-Item,0.0,0.0
81337,Avg-Last-10,0.0,0.0
81337,Recency-Weighted,0.0,0.0
81337,Essence (K=3),0.0,0.0
81351,Random,0.0,
81351,Popularity,0.0714285714285714,
81351,CF (ItemKNN),0.0714285714285714,
81351,Content (Avg Emb),0.0,
81351,Last-Item,0.0,
81351,Avg-Last-10,0.0,
81351,Recency-Weighted,0.0,
81351,Essence (K=3),0.0,
81510,Random,0.0,
81510,Popularity,0.0,
81510,CF (ItemKNN),0.0,
81510,Content (Avg Emb),0.0,
81510,Last-Item,0.0,
81510,Avg-Last-10,0.0,
81510,Recency-Weighted,0.0,
81510,Essence (K=3),0.0,
81530,Random,0.0,0.0
81530,Popularity,0.0,0.0
81530,CF (ItemKNN),0.04,0.0
81530,Content (Avg Emb),0.0,0.0
81530,Last-Item,0.0,0.0
81530,Avg-Last-10,0.0,0.0
81530,Recency-Weighted,0.0,0.0
81530,Essence (K=3),0.0,0.0
81735,Random,0.0,
81735,Popularity,0.0,
81735,CF (ItemKNN),0.0,
81735,Content (Avg Emb),0.0,
81735,Last-Item,0.0,
81735,Avg-Last-10,0.0,
81735,Recency-Weighted,0.0,
81735,Essence (K=3),0.0,
81891,Random,0.0,
81891,Popularity,0.1428571428571428,
81891,CF (ItemKNN),0.1428571428571428,
81891,Content (Avg Emb),0.0,
81891,Last-Item,0.0,
81891,Avg-Last-10,0.0,
81891,Recency-Weighted,0.0,
81891,Essence (K=3),0.0,
82007,Random,0.0,0.0
82007,Popularity,0.0625,0.0
82007,CF (ItemKNN),0.125,0.0
82007,Content (Avg Emb),0.0,0.0
82007,Last-Item,0.0,0.0
82007,Avg-Last-10,0.0625,0.0
82007,Recency-Weighted,0.0625,0.0
82007,Essence (K=3),0.0,0.0
82024,Random,0.0,
82024,Popularity,0.0,
82024,CF (ItemKNN),0.2857142857142857,
82024,Content (Avg Emb),0.0,
82024,Last-Item,0.0,
82024,Avg-Last-10,0.0,
82024,Recency-Weighted,0.0,
82024,Essence (K=3),0.0,
82148,Random,0.0,
82148,Popularity,0.1428571428571428,
82148,CF (ItemKNN),0.1428571428571428,
82148,Content (Avg Emb),0.0,
82148,Last-Item,0.0,
82148,Avg-Last-10,0.0,
82148,Recency-Weighted,0.0,
82148,Essence (K=3),0.0,
82361,Random,0.0,0.0
82361,Popularity,0.0,0.0
82361,CF (ItemKNN),0.0,0.0
82361,Content (Avg Emb),0.0,0.0
82361,Last-Item,0.0588235294117647,0.0
82361,Avg-Last-10,0.0,0.0
82361,Recency-Weighted,0.0,0.0
82361,Essence (K=3),0.0,0.0
82381,Random,0.0,
82381,Popularity,0.0434782608695652,
82381,CF (ItemKNN),0.1304347826086956,
82381,Content (Avg Emb),0.0,
82381,Last-Item,0.0434782608695652,
82381,Avg-Last-10,0.0,
82381,Recency-Weighted,0.0434782608695652,
82381,Essence (K=3),0.0434782608695652,
82579,Random,0.0,
82579,Popularity,0.0,
82579,CF (ItemKNN),0.5,
82579,Content (Avg Emb),0.0,
82579,Last-Item,0.0,
82579,Avg-Last-10,0.0,
82579,Recency-Weighted,0.0,
82579,Essence (K=3),0.0,
82655,Random,0.0,0.0
82655,Popularity,0.0,0.0
82655,CF (ItemKNN),0.0,0.0
82655,Content (Avg Emb),0.0,0.0
82655,Last-Item,0.0,0.0
82655,Avg-Last-10,0.0,0.0
82655,Recency-Weighted,0.0,0.0
82655,Essence (K=3),0.0,0.0
82741,Random,0.0,
82741,Popularity,0.0,
82741,CF (ItemKNN),0.0,
82741,Content (Avg Emb),0.0,
82741,Last-Item,0.0,
82741,Avg-Last-10,0.0,
82741,Recency-Weighted,0.0,
82741,Essence (K=3),0.0,
83064,Random,0.0,
83064,Popularity,0.0,
83064,CF (ItemKNN),0.1538461538461538,
83064,Content (Avg Emb),0.0,
83064,Last-Item,0.0,
83064,Avg-Last-10,0.0,
83064,Recency-Weighted,0.0,
83064,Essence (K=3),0.0,
83161,Random,0.0,
83161,Popularity,0.0,
83161,CF (ItemKNN),0.0,
83161,Content (Avg Emb),0.0,
83161,Last-Item,0.0,
83161,Avg-Last-10,0.0,
83161,Recency-Weighted,0.0,
83161,Essence (K=3),0.0,
83169,Random,0.0,0.0
83169,Popularity,0.0,0.0
83169,CF (ItemKNN),0.0,0.0
83169,Content (Avg Emb),0.0,0.0
83169,Last-Item,0.0,0.0
83169,Avg-Last-10,0.0,0.0
83169,Recency-Weighted,0.0,0.0
83169,Essence (K=3),0.0,0.0
83249,Random,0.0,0.0
83249,Popularity,0.0294117647058823,0.0
83249,CF (ItemKNN),0.088235294117647,0.0
83249,Content (Avg Emb),0.0,0.0
83249,Last-Item,0.0,0.0
83249,Avg-Last-10,0.0,0.0
83249,Recency-Weighted,0.0,0.0
83249,Essence (K=3),0.0,0.0
83259,Random,0.0,
83259,Popularity,0.0,
83259,CF (ItemKNN),0.0,
83259,Content (Avg Emb),0.0,
83259,Last-Item,0.0,
83259,Avg-Last-10,0.0,
83259,Recency-Weighted,0.0,
83259,Essence (K=3),0.0,
83439,Random,0.0,
83439,Popularity,0.0,
83439,CF (ItemKNN),0.0,
83439,Content (Avg Emb),0.0,
83439,Last-Item,0.0,
83439,Avg-Last-10,0.0,
83439,Recency-Weighted,0.0,
83439,Essence (K=3),0.0,
83534,Random,0.0,
83534,Popularity,0.0,
83534,CF (ItemKNN),0.0,
83534,Content (Avg Emb),0.0,
83534,Last-Item,0.0,
83534,Avg-Last-10,0.0,
83534,Recency-Weighted,0.0,
83534,Essence (K=3),0.0,
83537,Random,0.0,
83537,Popularity,0.1666666666666666,
83537,CF (ItemKNN),0.0,
83537,Content (Avg Emb),0.0,
83537,Last-Item,0.0,
83537,Avg-Last-10,0.0,
83537,Recency-Weighted,0.0,
83537,Essence (K=3),0.0,
83549,Random,0.0,
83549,Popularity,0.1428571428571428,
83549,CF (ItemKNN),0.1428571428571428,
83549,Content (Avg Emb),0.0,
83549,Last-Item,0.0,
83549,Avg-Last-10,0.0,
83549,Recency-Weighted,0.0,
83549,Essence (K=3),0.0,
83561,Random,0.0,
83561,Popularity,0.027027027027027,
83561,CF (ItemKNN),0.0,
83561,Content (Avg Emb),0.0,
83561,Last-Item,0.0,
83561,Avg-Last-10,0.0,
83561,Recency-Weighted,0.0,
83561,Essence (K=3),0.0,
83627,Random,0.0,0.0
83627,Popularity,0.0,0.0
83627,CF (ItemKNN),0.0333333333333333,0.0
83627,Content (Avg Emb),0.0,0.0
83627,Last-Item,0.0,0.0
83627,Avg-Last-10,0.0,0.0
83627,Recency-Weighted,0.0,0.0
83627,Essence (K=3),0.0,0.0
83720,Random,0.0,
83720,Popularity,0.0,
83720,CF (ItemKNN),0.0,
83720,Content (Avg Emb),0.0,
83720,Last-Item,0.0,
83720,Avg-Last-10,0.0,
83720,Recency-Weighted,0.0,
83720,Essence (K=3),0.0,
83802,Random,0.0,
83802,Popularity,0.2,
83802,CF (ItemKNN),0.0,
83802,Content (Avg Emb),0.0,
83802,Last-Item,0.0,
83802,Avg-Last-10,0.0,
83802,Recency-Weighted,0.0,
83802,Essence (K=3),0.0,
83824,Random,0.0,0.0
83824,Popularity,0.0,0.0
83824,CF (ItemKNN),0.0,0.0
83824,Content (Avg Emb),0.0,0.0
83824,Last-Item,0.0,0.0
83824,Avg-Last-10,0.0,0.0
83824,Recency-Weighted,0.1111111111111111,0.0
83824,Essence (K=3),0.0,0.0
84092,Random,0.0,
84092,Popularity,0.0,
84092,CF (ItemKNN),0.0,
84092,Content (Avg Emb),0.0,
84092,Last-Item,0.0,
84092,Avg-Last-10,0.0,
84092,Recency-Weighted,0.0,
84092,Essence (K=3),0.0,
84133,Random,0.0,
84133,Popularity,0.0,
84133,CF (ItemKNN),0.0,
84133,Content (Avg Emb),0.0,
84133,Last-Item,0.0,
84133,Avg-Last-10,0.0,
84133,Recency-Weighted,0.0,
84133,Essence (K=3),0.0,
84598,Random,0.0,
84598,Popularity,0.0,
84598,CF (ItemKNN),0.0,
84598,Content (Avg Emb),0.0,
84598,Last-Item,0.0666666666666666,
84598,Avg-Last-10,0.0,
84598,Recency-Weighted,0.0,
84598,Essence (K=3),0.0,
84673,Random,0.0,0.0
84673,Popularity,0.0,0.0
84673,CF (ItemKNN),0.0,0.0
84673,Content (Avg Emb),0.0,0.0
84673,Last-Item,0.0,0.0
84673,Avg-Last-10,0.0,0.0
84673,Recency-Weighted,0.0,0.0
84673,Essence (K=3),0.0,0.0
84810,Random,0.0,
84810,Popularity,0.1764705882352941,
84810,CF (ItemKNN),0.1764705882352941,
84810,Content (Avg Emb),0.0,
84810,Last-Item,0.0,
84810,Avg-Last-10,0.0,
84810,Recency-Weighted,0.0,
84810,Essence (K=3),0.0,
84991,Random,0.0,0.0
84991,Popularity,0.0,0.0
84991,CF (ItemKNN),0.0952380952380952,0.0
84991,Content (Avg Emb),0.0,0.0
84991,Last-Item,0.0,0.0
84991,Avg-Last-10,0.0476190476190476,0.0
84991,Recency-Weighted,0.0476190476190476,0.0
84991,Essence (K=3),0.0,0.0
85142,Random,0.0,
85142,Popularity,0.0,
85142,CF (ItemKNN),0.04,
85142,Content (Avg Emb),0.0,
85142,Last-Item,0.0,
85142,Avg-Last-10,0.0,
85142,Recency-Weighted,0.0,
85142,Essence (K=3),0.0,
85211,Random,0.0,
85211,Popularity,0.2,
85211,CF (ItemKNN),0.2,
85211,Content (Avg Emb),0.0,
85211,Last-Item,0.0,
85211,Avg-Last-10,0.0,
85211,Recency-Weighted,0.0,
85211,Essence (K=3),0.0,
85297,Random,0.0,
85297,Popularity,0.05,
85297,CF (ItemKNN),0.2,
85297,Content (Avg Emb),0.0,
85297,Last-Item,0.0,
85297,Avg-Last-10,0.0,
85297,Recency-Weighted,0.0,
85297,Essence (K=3),0.0,
85382,Random,0.0,
85382,Popularity,0.0,
85382,CF (ItemKNN),0.0,
85382,Content (Avg Emb),0.0,
85382,Last-Item,0.0,
85382,Avg-Last-10,0.0,
85382,Recency-Weighted,0.0,
85382,Essence (K=3),0.0,
85537,Random,0.0,0.0
85537,Popularity,0.0,0.0
85537,CF (ItemKNN),0.0,0.0
85537,Content (Avg Emb),0.0,0.0
85537,Last-Item,0.0,0.0
85537,Avg-Last-10,0.0,0.0
85537,Recency-Weighted,0.0,0.0
85537,Essence (K=3),0.0,0.0
85769,Random,0.0,
85769,Popularity,0.0,
85769,CF (ItemKNN),0.0,
85769,Content (Avg Emb),0.0,
85769,Last-Item,0.0,
85769,Avg-Last-10,0.0,
85769,Recency-Weighted,0.0,
85769,Essence (K=3),0.0,
85842,Random,0.0,
85842,Popularity,0.0,
85842,CF (ItemKNN),0.0,
85842,Content (Avg Emb),0.0,
85842,Last-Item,0.0357142857142857,
85842,Avg-Last-10,0.0,
85842,Recency-Weighted,0.0,
85842,Essence (K=3),0.0,
85971,Random,0.0,
85971,Popularity,0.0,
85971,CF (ItemKNN),0.0,
85971,Content (Avg Emb),0.0,
85971,Last-Item,0.0,
85971,Avg-Last-10,0.0666666666666666,
85971,Recency-Weighted,0.0666666666666666,
85971,Essence (K=3),0.0666666666666666,
86006,Random,0.0,
86006,Popularity,0.0512820512820512,
86006,CF (ItemKNN),0.0256410256410256,
86006,Content (Avg Emb),0.0,
86006,Last-Item,0.0,
86006,Avg-Last-10,0.0,
86006,Recency-Weighted,0.0,
86006,Essence (K=3),0.0,
86309,Random,0.0,
86309,Popularity,0.1,
86309,CF (ItemKNN),0.1,
86309,Content (Avg Emb),0.0,
86309,Last-Item,0.0,
86309,Avg-Last-10,0.0,
86309,Recency-Weighted,0.0,
86309,Essence (K=3),0.0,
86522,Random,0.0,
86522,Popularity,0.0588235294117647,
86522,CF (ItemKNN),0.0588235294117647,
86522,Content (Avg Emb),0.0588235294117647,
86522,Last-Item,0.0,
86522,Avg-Last-10,0.0,
86522,Recency-Weighted,0.0,
86522,Essence (K=3),0.0,
86819,Random,0.0,
86819,Popularity,0.0,
86819,CF (ItemKNN),0.3636363636363636,
86819,Content (Avg Emb),0.0,
86819,Last-Item,0.0,
86819,Avg-Last-10,0.0,
86819,Recency-Weighted,0.0,
86819,Essence (K=3),0.0,
87023,Random,0.0,0.0
87023,Popularity,0.0,0.0
87023,CF (ItemKNN),0.0,0.0
87023,Content (Avg Emb),0.0,0.0
87023,Last-Item,0.0,0.0
87023,Avg-Last-10,0.0285714285714285,0.0
87023,Recency-Weighted,0.0,0.0
87023,Essence (K=3),0.0,0.0
87049,Random,0.0,
87049,Popularity,0.0,
87049,CF (ItemKNN),0.0,
87049,Content (Avg Emb),0.0,
87049,Last-Item,0.037037037037037,
87049,Avg-Last-10,0.0,
87049,Recency-Weighted,0.0,
87049,Essence (K=3),0.0,
87241,Random,0.0,0.0
87241,Popularity,0.0294117647058823,0.0
87241,CF (ItemKNN),0.0,0.0
87241,Content (Avg Emb),0.0,0.0
87241,Last-Item,0.0,0.0
87241,Avg-Last-10,0.0,0.0
87241,Recency-Weighted,0.0,0.0
87241,Essence (K=3),0.0294117647058823,0.0
87331,Random,0.0,0.0
87331,Popularity,0.0,0.0
87331,CF (ItemKNN),0.0833333333333333,0.0
87331,Content (Avg Emb),0.0416666666666666,0.0
87331,Last-Item,0.0,0.0
87331,Avg-Last-10,0.0,0.0
87331,Recency-Weighted,0.0,0.0
87331,Essence (K=3),0.0,0.0
87348,Random,0.0,
87348,Popularity,0.0,
87348,CF (ItemKNN),0.0,
87348,Content (Avg Emb),0.0,
87348,Last-Item,0.0,
87348,Avg-Last-10,0.0,
87348,Recency-Weighted,0.0,
87348,Essence (K=3),0.0,
87382,Random,0.0,
87382,Popularity,0.25,
87382,CF (ItemKNN),0.0,
87382,Content (Avg Emb),0.0,
87382,Last-Item,0.0,
87382,Avg-Last-10,0.0,
87382,Recency-Weighted,0.0,
87382,Essence (K=3),0.0,
87383,Random,0.0,
87383,Popularity,0.0,
87383,CF (ItemKNN),0.0,
87383,Content (Avg Emb),0.0,
87383,Last-Item,0.0,
87383,Avg-Last-10,0.0,
87383,Recency-Weighted,0.0,
87383,Essence (K=3),0.0,
87389,Random,0.0,0.0
87389,Popularity,0.0,0.0
87389,CF (ItemKNN),0.0,0.0
87389,Content (Avg Emb),0.0,0.0
87389,Last-Item,0.0,0.0
87389,Avg-Last-10,0.0,0.0
87389,Recency-Weighted,0.0,0.0
87389,Essence (K=3),0.0,0.0
87642,Random,0.0,0.0
87642,Popularity,0.0,0.0
87642,CF (ItemKNN),0.0,0.0
87642,Content (Avg Emb),0.0,0.0
87642,Last-Item,0.0,0.0
87642,Avg-Last-10,0.0,0.0
87642,Recency-Weighted,0.0,0.0
87642,Essence (K=3),0.0,0.0
87647,Random,0.0,0.0
87647,Popularity,0.0,0.0
87647,CF (ItemKNN),0.0,0.0
87647,Content (Avg Emb),0.0,0.0
87647,Last-Item,0.0,0.0
87647,Avg-Last-10,0.0,0.0
87647,Recency-Weighted,0.0,0.0
87647,Essence (K=3),0.0,0.0
87801,Random,0.0,
87801,Popularity,0.25,
87801,CF (ItemKNN),0.5,
87801,Content (Avg Emb),0.0,
87801,Last-Item,0.0,
87801,Avg-Last-10,0.0,
87801,Recency-Weighted,0.0,
87801,Essence (K=3),0.0,
87877,Random,0.0,
87877,Popularity,0.0,
87877,CF (ItemKNN),0.0,
87877,Content (Avg Emb),0.0,
87877,Last-Item,0.0,
87877,Avg-Last-10,0.0,
87877,Recency-Weighted,0.0,
87877,Essence (K=3),0.0,
87880,Random,0.0,
87880,Popularity,0.0,
87880,CF (ItemKNN),0.0,
87880,Content (Avg Emb),0.0,
87880,Last-Item,0.0,
87880,Avg-Last-10,0.0,
87880,Recency-Weighted,0.0,
87880,Essence (K=3),0.0,
88163,Random,0.0,
88163,Popularity,0.0,
88163,CF (ItemKNN),0.0909090909090909,
88163,Content (Avg Emb),0.0,
88163,Last-Item,0.0909090909090909,
88163,Avg-Last-10,0.0,
88163,Recency-Weighted,0.0,
88163,Essence (K=3),0.0,
88224,Random,0.0,
88224,Popularity,0.0,
88224,CF (ItemKNN),0.0,
88224,Content (Avg Emb),0.0,
88224,Last-Item,0.0,
88224,Avg-Last-10,0.0,
88224,Recency-Weighted,0.0,
88224,Essence (K=3),0.0,
88227,Random,0.0,
88227,Popularity,0.0769230769230769,
88227,CF (ItemKNN),0.0,
88227,Content (Avg Emb),0.0,
88227,Last-Item,0.0,
88227,Avg-Last-10,0.0,
88227,Recency-Weighted,0.0,
88227,Essence (K=3),0.0,
88236,Random,0.0,
88236,Popularity,0.0,
88236,CF (ItemKNN),0.0,
88236,Content (Avg Emb),0.0,
88236,Last-Item,0.0625,
88236,Avg-Last-10,0.0,
88236,Recency-Weighted,0.0,
88236,Essence (K=3),0.0,
88283,Random,0.0,
88283,Popularity,0.0,
88283,CF (ItemKNN),0.0,
88283,Content (Avg Emb),0.0,
88283,Last-Item,0.0,
88283,Avg-Last-10,0.0,
88283,Recency-Weighted,0.0,
88283,Essence (K=3),0.0,
88346,Random,0.0,
88346,Popularity,0.0,
88346,CF (ItemKNN),0.0,
88346,Content (Avg Emb),0.0,
88346,Last-Item,0.0,
88346,Avg-Last-10,0.0,
88346,Recency-Weighted,0.0,
88346,Essence (K=3),0.0,
88448,Random,0.0,
88448,Popularity,0.0,
88448,CF (ItemKNN),0.1666666666666666,
88448,Content (Avg Emb),0.0,
88448,Last-Item,0.0,
88448,Avg-Last-10,0.0,
88448,Recency-Weighted,0.0,
88448,Essence (K=3),0.0,
88461,Random,0.0,0.0
88461,Popularity,0.0434782608695652,0.0
88461,CF (ItemKNN),0.0434782608695652,0.0
88461,Content (Avg Emb),0.0,0.0
88461,Last-Item,0.0,0.0
88461,Avg-Last-10,0.0,0.0
88461,Recency-Weighted,0.0,0.0
88461,Essence (K=3),0.0,0.0
88544,Random,0.0,
88544,Popularity,0.1111111111111111,
88544,CF (ItemKNN),0.037037037037037,
88544,Content (Avg Emb),0.0,
88544,Last-Item,0.0,
88544,Avg-Last-10,0.0,
88544,Recency-Weighted,0.0,
88544,Essence (K=3),0.0,
88553,Random,0.0,
88553,Popularity,0.0,
88553,CF (ItemKNN),0.0,
88553,Content (Avg Emb),0.0,
88553,Last-Item,0.0,
88553,Avg-Last-10,0.0,
88553,Recency-Weighted,0.0,
88553,Essence (K=3),0.0,
88587,Random,0.0,
88587,Popularity,0.05,
88587,CF (ItemKNN),0.05,
88587,Content (Avg Emb),0.0,
88587,Last-Item,0.0,
88587,Avg-Last-10,0.0,
88587,Recency-Weighted,0.0,
88587,Essence (K=3),0.0,
88606,Random,0.0,0.0
88606,Popularity,0.1081081081081081,0.0
88606,CF (ItemKNN),0.1081081081081081,0.0
88606,Content (Avg Emb),0.0,0.0
88606,Last-Item,0.0,0.0
88606,Avg-Last-10,0.0,0.0
88606,Recency-Weighted,0.0,0.0
88606,Essence (K=3),0.0,0.0
88666,Random,0.0,
88666,Popularity,0.0,
88666,CF (ItemKNN),0.0,
88666,Content (Avg Emb),0.0,
88666,Last-Item,0.25,
88666,Avg-Last-10,0.0,
88666,Recency-Weighted,0.0,
88666,Essence (K=3),0.0,
88704,Random,0.0,
88704,Popularity,0.0454545454545454,
88704,CF (ItemKNN),0.0454545454545454,
88704,Content (Avg Emb),0.0,
88704,Last-Item,0.0,
88704,Avg-Last-10,0.0,
88704,Recency-Weighted,0.0,
88704,Essence (K=3),0.0,
88712,Random,0.0,
88712,Popularity,0.0,
88712,CF (ItemKNN),0.0,
88712,Content (Avg Emb),0.0,
88712,Last-Item,0.0,
88712,Avg-Last-10,0.0,
88712,Recency-Weighted,0.0,
88712,Essence (K=3),0.0,
88724,Random,0.0,
88724,Popularity,0.0555555555555555,
88724,CF (ItemKNN),0.0555555555555555,
88724,Content (Avg Emb),0.0,
88724,Last-Item,0.0,
88724,Avg-Last-10,0.0,
88724,Recency-Weighted,0.0,
88724,Essence (K=3),0.0,
88728,Random,0.0,
88728,Popularity,0.032258064516129,
88728,CF (ItemKNN),0.032258064516129,
88728,Content (Avg Emb),0.0,
88728,Last-Item,0.0,
88728,Avg-Last-10,0.0,
88728,Recency-Weighted,0.0,
88728,Essence (K=3),0.0,
88730,Random,0.0,
88730,Popularity,0.0,
88730,CF (ItemKNN),0.0909090909090909,
88730,Content (Avg Emb),0.0,
88730,Last-Item,0.0,
88730,Avg-Last-10,0.0,
88730,Recency-Weighted,0.0,
88730,Essence (K=3),0.0,
88824,Random,0.0,
88824,Popularity,0.1333333333333333,
88824,CF (ItemKNN),0.0666666666666666,
88824,Content (Avg Emb),0.0,
88824,Last-Item,0.0,
88824,Avg-Last-10,0.0,
88824,Recency-Weighted,0.0,
88824,Essence (K=3),0.0,
88849,Random,0.0,
88849,Popularity,0.0,
88849,CF (ItemKNN),0.0,
88849,Content (Avg Emb),0.0,
88849,Last-Item,0.0,
88849,Avg-Last-10,0.0,
88849,Recency-Weighted,0.0,
88849,Essence (K=3),0.0,
88857,Random,0.0,
88857,Popularity,0.0,
88857,CF (ItemKNN),0.0,
88857,Content (Avg Emb),0.0,
88857,Last-Item,0.0,
88857,Avg-Last-10,0.0,
88857,Recency-Weighted,0.0,
88857,Essence (K=3),0.0,
88922,Random,0.0,0.0
88922,Popularity,0.0,0.0
88922,CF (ItemKNN),0.0,0.0
88922,Content (Avg Emb),0.0,0.0
88922,Last-Item,0.0,0.0
88922,Avg-Last-10,0.0,0.0
88922,Recency-Weighted,0.0,0.0
88922,Essence (K=3),0.0,0.0
88991,Random,0.0,
88991,Popularity,0.0,
88991,CF (ItemKNN),0.0,
88991,Content (Avg Emb),0.0,
88991,Last-Item,0.0,
88991,Avg-Last-10,0.0,
88991,Recency-Weighted,0.0,
88991,Essence (K=3),0.0,
89181,Random,0.0,
89181,Popularity,0.0,
89181,CF (ItemKNN),0.0,
89181,Content (Avg Emb),0.0,
89181,Last-Item,0.0,
89181,Avg-Last-10,0.0,
89181,Recency-Weighted,0.0,
89181,Essence (K=3),0.0,
89244,Random,0.0,0.0
89244,Popularity,0.04,0.0
89244,CF (ItemKNN),0.04,0.0
89244,Content (Avg Emb),0.0,0.0
89244,Last-Item,0.0,0.0
89244,Avg-Last-10,0.0,0.0
89244,Recency-Weighted,0.0,0.0
89244,Essence (K=3),0.0,0.0
89248,Random,0.0,
89248,Popularity,0.1428571428571428,
89248,CF (ItemKNN),0.1428571428571428,
89248,Content (Avg Emb),0.0,
89248,Last-Item,0.0,
89248,Avg-Last-10,0.0,
89248,Recency-Weighted,0.0,
89248,Essence (K=3),0.0,
89351,Random,0.0,0.0
89351,Popularity,0.0,0.0
89351,CF (ItemKNN),0.0,0.0
89351,Content (Avg Emb),0.0,0.0
89351,Last-Item,0.0,0.0
89351,Avg-Last-10,0.0,0.0
89351,Recency-Weighted,0.0,0.0
89351,Essence (K=3),0.0,0.0
89384,Random,0.0,0.0
89384,Popularity,0.0,0.0
89384,CF (ItemKNN),0.0,0.0
89384,Content (Avg Emb),0.0,0.0
89384,Last-Item,0.1666666666666666,1.0
89384,Avg-Last-10,0.0,0.0
89384,Recency-Weighted,0.0,0.0
89384,Essence (K=3),0.0,0.0
89556,Random,0.0,0.0
89556,Popularity,0.0,0.0
89556,CF (ItemKNN),0.0,0.0
89556,Content (Avg Emb),0.0,0.0
89556,Last-Item,0.0,0.0
89556,Avg-Last-10,0.0,0.0
89556,Recency-Weighted,0.0,0.0
89556,Essence (K=3),0.0,0.0
89571,Random,0.0,
89571,Popularity,0.5,
89571,CF (ItemKNN),0.1666666666666666,
89571,Content (Avg Emb),0.0,
89571,Last-Item,0.0,
89571,Avg-Last-10,0.0,
89571,Recency-Weighted,0.0,
89571,Essence (K=3),0.0,
89632,Random,0.0,0.0
89632,Popularity,0.1666666666666666,0.0
89632,CF (ItemKNN),0.1666666666666666,0.0
89632,Content (Avg Emb),0.0,0.0
89632,Last-Item,0.0,0.0
89632,Avg-Last-10,0.0,0.0
89632,Recency-Weighted,0.0555555555555555,0.0
89632,Essence (K=3),0.0,0.0
89702,Random,0.0,0.0
89702,Popularity,0.0,0.0
89702,CF (ItemKNN),0.0625,0.0
89702,Content (Avg Emb),0.0,0.0
89702,Last-Item,0.0,0.0
89702,Avg-Last-10,0.0,0.0
89702,Recency-Weighted,0.0,0.0
89702,Essence (K=3),0.0,0.0
89740,Random,0.0,
89740,Popularity,0.0,
89740,CF (ItemKNN),0.0,
89740,Content (Avg Emb),0.0,
89740,Last-Item,0.0,
89740,Avg-Last-10,0.125,
89740,Recency-Weighted,0.125,
89740,Essence (K=3),0.0625,
89823,Random,0.0,0.0
89823,Popularity,0.0333333333333333,0.0
89823,CF (ItemKNN),0.0333333333333333,0.0
89823,Content (Avg Emb),0.0,0.0
89823,Last-Item,0.0,0.0
89823,Avg-Last-10,0.0,0.0
89823,Recency-Weighted,0.0,0.0
89823,Essence (K=3),0.0,0.0
89907,Random,0.0,
89907,Popularity,0.0,
89907,CF (ItemKNN),0.25,
89907,Content (Avg Emb),0.0,
89907,Last-Item,0.0,
89907,Avg-Last-10,0.0,
89907,Recency-Weighted,0.0,
89907,Essence (K=3),0.0,
90112,Random,0.0,
90112,Popularity,0.0,
90112,CF (ItemKNN),0.1034482758620689,
90112,Content (Avg Emb),0.0,
90112,Last-Item,0.0,
90112,Avg-Last-10,0.0,
90112,Recency-Weighted,0.0,
90112,Essence (K=3),0.0,
90125,Random,0.0,0.0
90125,Popularity,0.0,0.0
90125,CF (ItemKNN),0.1666666666666666,0.0
90125,Content (Avg Emb),0.0,0.0
90125,Last-Item,0.0,0.0
90125,Avg-Last-10,0.0,0.0
90125,Recency-Weighted,0.0,0.0
90125,Essence (K=3),0.0,0.0
90336,Random,0.0,
90336,Popularity,0.0,
90336,CF (ItemKNN),0.125,
90336,Content (Avg Emb),0.0,
90336,Last-Item,0.0,
90336,Avg-Last-10,0.0,
90336,Recency-Weighted,0.0,
90336,Essence (K=3),0.0,
90436,Random,0.0,
90436,Popularity,0.0,
90436,CF (ItemKNN),0.0,
90436,Content (Avg Emb),0.0,
90436,Last-Item,0.0,
90436,Avg-Last-10,0.0,
90436,Recency-Weighted,0.0,
90436,Essence (K=3),0.0,
90483,Random,0.0,
90483,Popularity,0.0,
90483,CF (ItemKNN),0.0,
90483,Content (Avg Emb),0.0,
90483,Last-Item,0.0,
90483,Avg-Last-10,0.0,
90483,Recency-Weighted,0.0,
90483,Essence (K=3),0.0,
90522,Random,0.0,
90522,Popularity,0.0434782608695652,
90522,CF (ItemKNN),0.0434782608695652,
90522,Content (Avg Emb),0.0,
90522,Last-Item,0.0,
90522,Avg-Last-10,0.0,
90522,Recency-Weighted,0.0,
90522,Essence (K=3),0.0,
90533,Random,0.0,
90533,Popularity,0.0555555555555555,
90533,CF (ItemKNN),0.0,
90533,Content (Avg Emb),0.0,
90533,Last-Item,0.0,
90533,Avg-Last-10,0.0,
90533,Recency-Weighted,0.0,
90533,Essence (K=3),0.0,
90605,Random,0.0,0.0
90605,Popularity,0.0,0.0
90605,CF (ItemKNN),0.0,0.0
90605,Content (Avg Emb),0.0,0.0
90605,Last-Item,0.0,0.0
90605,Avg-Last-10,0.0,0.0
90605,Recency-Weighted,0.0,0.0
90605,Essence (K=3),0.0344827586206896,0.0
90677,Random,0.0,
90677,Popularity,0.25,
90677,CF (ItemKNN),0.5,
90677,Content (Avg Emb),0.0,
90677,Last-Item,0.0,
90677,Avg-Last-10,0.0,
90677,Recency-Weighted,0.0,
90677,Essence (K=3),0.0,
90745,Random,0.0,0.0
90745,Popularity,0.0,0.0
90745,CF (ItemKNN),0.0,0.0
90745,Content (Avg Emb),0.0,0.0
90745,Last-Item,0.0,0.0
90745,Avg-Last-10,0.0,0.0
90745,Recency-Weighted,0.0,0.0
90745,Essence (K=3),0.0,0.0
90781,Random,0.0,0.0
90781,Popularity,0.0,0.0
90781,CF (ItemKNN),0.0384615384615384,0.0
90781,Content (Avg Emb),0.0,0.0
90781,Last-Item,0.0384615384615384,0.0
90781,Avg-Last-10,0.0,0.0
90781,Recency-Weighted,0.0,0.0
90781,Essence (K=3),0.0,0.0
90793,Random,0.0,
90793,Popularity,0.0,
90793,CF (ItemKNN),0.0,
90793,Content (Avg Emb),0.0,
90793,Last-Item,0.0,
90793,Avg-Last-10,0.0,
90793,Recency-Weighted,0.0,
90793,Essence (K=3),0.0,
90803,Random,0.0,
90803,Popularity,0.1,
90803,CF (ItemKNN),0.1,
90803,Content (Avg Emb),0.1,
90803,Last-Item,0.0,
90803,Avg-Last-10,0.0,
90803,Recency-Weighted,0.0,
90803,Essence (K=3),0.0,
90835,Random,0.0,
90835,Popularity,0.0869565217391304,
90835,CF (ItemKNN),0.0869565217391304,
90835,Content (Avg Emb),0.0,
90835,Last-Item,0.0,
90835,Avg-Last-10,0.0,
90835,Recency-Weighted,0.0,
90835,Essence (K=3),0.0,
90880,Random,0.0,
90880,Popularity,0.1666666666666666,
90880,CF (ItemKNN),0.0833333333333333,
90880,Content (Avg Emb),0.0,
90880,Last-Item,0.0833333333333333,
90880,Avg-Last-10,0.0,
90880,Recency-Weighted,0.0,
90880,Essence (K=3),0.0,
90989,Random,0.0,
90989,Popularity,0.0,
90989,CF (ItemKNN),0.0,
90989,Content (Avg Emb),0.0,
90989,Last-Item,0.0,
90989,Avg-Last-10,0.0,
90989,Recency-Weighted,0.0,
90989,Essence (K=3),0.0,
91011,Random,0.0,
91011,Popularity,0.0555555555555555,
91011,CF (ItemKNN),0.0555555555555555,
91011,Content (Avg Emb),0.0,
91011,Last-Item,0.0,
91011,Avg-Last-10,0.0,
91011,Recency-Weighted,0.0,
91011,Essence (K=3),0.0,
91029,Random,0.0,
91029,Popularity,0.0,
91029,CF (ItemKNN),0.0833333333333333,
91029,Content (Avg Emb),0.0,
91029,Last-Item,0.0,
91029,Avg-Last-10,0.0,
91029,Recency-Weighted,0.0,
91029,Essence (K=3),0.0,
91100,Random,0.0,
91100,Popularity,0.0,
91100,CF (ItemKNN),0.0555555555555555,
91100,Content (Avg Emb),0.0,
91100,Last-Item,0.0,
91100,Avg-Last-10,0.0,
91100,Recency-Weighted,0.0,
91100,Essence (K=3),0.0,
91179,Random,0.0,
91179,Popularity,0.0,
91179,CF (ItemKNN),0.0,
91179,Content (Avg Emb),0.0416666666666666,
91179,Last-Item,0.0,
91179,Avg-Last-10,0.0416666666666666,
91179,Recency-Weighted,0.0416666666666666,
91179,Essence (K=3),0.0,
91211,Random,0.0,
91211,Popularity,0.0,
91211,CF (ItemKNN),0.0344827586206896,
91211,Content (Avg Emb),0.0,
91211,Last-Item,0.0,
91211,Avg-Last-10,0.0,
91211,Recency-Weighted,0.0,
91211,Essence (K=3),0.0,
91301,Random,0.0,
91301,Popularity,0.1666666666666666,
91301,CF (ItemKNN),0.0,
91301,Content (Avg Emb),0.0,
91301,Last-Item,0.0,
91301,Avg-Last-10,0.0,
91301,Recency-Weighted,0.0,
91301,Essence (K=3),0.0,
91405,Random,0.0,
91405,Popularity,0.5,
91405,CF (ItemKNN),0.8333333333333334,
91405,Content (Avg Emb),0.0,
91405,Last-Item,0.0,
91405,Avg-Last-10,0.0,
91405,Recency-Weighted,0.0,
91405,Essence (K=3),0.0,
91408,Random,0.0,
91408,Popularity,0.0,
91408,CF (ItemKNN),0.0,
91408,Content (Avg Emb),0.0,
91408,Last-Item,0.0,
91408,Avg-Last-10,0.0,
91408,Recency-Weighted,0.0,
91408,Essence (K=3),0.0,
91612,Random,0.0,0.0
91612,Popularity,0.0,0.0
91612,CF (ItemKNN),0.25,0.3333333333333333
91612,Content (Avg Emb),0.0,0.0
91612,Last-Item,0.0,0.0
91612,Avg-Last-10,0.0,0.0
91612,Recency-Weighted,0.0,0.0
91612,Essence (K=3),0.0,0.0
91676,Random,0.0,
91676,Popularity,0.2352941176470588,
91676,CF (ItemKNN),0.2352941176470588,
91676,Content (Avg Emb),0.0588235294117647,
91676,Last-Item,0.0,
91676,Avg-Last-10,0.0,
91676,Recency-Weighted,0.0,
91676,Essence (K=3),0.0,
91691,Random,0.0,
91691,Popularity,0.0,
91691,CF (ItemKNN),0.2,
91691,Content (Avg Emb),0.0,
91691,Last-Item,0.0,
91691,Avg-Last-10,0.0,
91691,Recency-Weighted,0.0,
91691,Essence (K=3),0.0,
91798,Random,0.0,
91798,Popularity,0.0,
91798,CF (ItemKNN),0.0,
91798,Content (Avg Emb),0.0,
91798,Last-Item,0.0,
91798,Avg-Last-10,0.0,
91798,Recency-Weighted,0.0,
91798,Essence (K=3),0.0,
91941,Random,0.0,0.0
91941,Popularity,0.0,0.0
91941,CF (ItemKNN),0.0,0.0
91941,Content (Avg Emb),0.0,0.0
91941,Last-Item,0.0,0.0
91941,Avg-Last-10,0.0,0.0
91941,Recency-Weighted,0.0,0.0
91941,Essence (K=3),0.0,0.0
92101,Random,0.0,0.0
92101,Popularity,0.0,0.0
92101,CF (ItemKNN),0.0,0.0
92101,Content (Avg Emb),0.0,0.0
92101,Last-Item,0.0476190476190476,0.0
92101,Avg-Last-10,0.0,0.0
92101,Recency-Weighted,0.0,0.0
92101,Essence (K=3),0.0,0.0
92272,Random,0.027027027027027,
92272,Popularity,0.1351351351351351,
92272,CF (ItemKNN),0.1621621621621621,
92272,Content (Avg Emb),0.027027027027027,
92272,Last-Item,0.0,
92272,Avg-Last-10,0.0,
92272,Recency-Weighted,0.0,
92272,Essence (K=3),0.0,
92328,Random,0.0,
92328,Popularity,0.0666666666666666,
92328,CF (ItemKNN),0.0,
92328,Content (Avg Emb),0.0,
92328,Last-Item,0.0,
92328,Avg-Last-10,0.0,
92328,Recency-Weighted,0.0,
92328,Essence (K=3),0.0,
92350,Random,0.0,0.0
92350,Popularity,0.0,0.0
92350,CF (ItemKNN),0.0,0.0
92350,Content (Avg Emb),0.0,0.0
92350,Last-Item,0.0,0.0
92350,Avg-Last-10,0.0,0.0
92350,Recency-Weighted,0.0,0.0
92350,Essence (K=3),0.0,0.0
92358,Random,0.0,0.0
92358,Popularity,0.0,0.0
92358,CF (ItemKNN),0.0,0.0
92358,Content (Avg Emb),0.0,0.0
92358,Last-Item,0.0,0.0
92358,Avg-Last-10,0.0,0.0
92358,Recency-Weighted,0.0,0.0
92358,Essence (K=3),0.0,0.0
92585,Random,0.0,
92585,Popularity,0.0,
92585,CF (ItemKNN),0.0,
92585,Content (Avg Emb),0.0,
92585,Last-Item,0.0,
92585,Avg-Last-10,0.0,
92585,Recency-Weighted,0.0,
92585,Essence (K=3),0.0,
92608,Random,0.0,
92608,Popularity,0.0,
92608,CF (ItemKNN),0.0,
92608,Content (Avg Emb),0.0,
92608,Last-Item,0.0,
92608,Avg-Last-10,0.0,
92608,Recency-Weighted,0.0,
92608,Essence (K=3),0.0,
92758,Random,0.0,
92758,Popularity,0.0,
92758,CF (ItemKNN),0.125,
92758,Content (Avg Emb),0.125,
92758,Last-Item,0.375,
92758,Avg-Last-10,0.125,
92758,Recency-Weighted,0.125,
92758,Essence (K=3),0.25,
92826,Random,0.0,0.0
92826,Popularity,0.0,0.0
92826,CF (ItemKNN),0.0,0.0
92826,Content (Avg Emb),0.0,0.0
92826,Last-Item,0.0,0.0
92826,Avg-Last-10,0.0,0.0
92826,Recency-Weighted,0.0,0.0
92826,Essence (K=3),0.0,0.0
92963,Random,0.0,
92963,Popularity,0.03125,
92963,CF (ItemKNN),0.0625,
92963,Content (Avg Emb),0.0,
92963,Last-Item,0.0,
92963,Avg-Last-10,0.0,
92963,Recency-Weighted,0.0,
92963,Essence (K=3),0.0,
93077,Random,0.0,
93077,Popularity,0.0476190476190476,
93077,CF (ItemKNN),0.1904761904761904,
93077,Content (Avg Emb),0.0,
93077,Last-Item,0.0,
93077,Avg-Last-10,0.0,
93077,Recency-Weighted,0.0,
93077,Essence (K=3),0.0,
93288,Random,0.0,
93288,Popularity,0.0,
93288,CF (ItemKNN),0.0909090909090909,
93288,Content (Avg Emb),0.0,
93288,Last-Item,0.0,
93288,Avg-Last-10,0.0,
93288,Recency-Weighted,0.0,
93288,Essence (K=3),0.0,
93317,Random,0.0,
93317,Popularity,0.0,
93317,CF (ItemKNN),0.0,
93317,Content (Avg Emb),0.0,
93317,Last-Item,0.0,
93317,Avg-Last-10,0.0,
93317,Recency-Weighted,0.0,
93317,Essence (K=3),0.0,
93532,Random,0.0,
93532,Popularity,0.0714285714285714,
93532,CF (ItemKNN),0.0714285714285714,
93532,Content (Avg Emb),0.0,
93532,Last-Item,0.0,
93532,Avg-Last-10,0.0,
93532,Recency-Weighted,0.0,
93532,Essence (K=3),0.0,
93604,Random,0.0,
93604,Popularity,0.0769230769230769,
93604,CF (ItemKNN),0.3076923076923077,
93604,Content (Avg Emb),0.0,
93604,Last-Item,0.0,
93604,Avg-Last-10,0.0,
93604,Recency-Weighted,0.0,
93604,Essence (K=3),0.0,
93622,Random,0.0,
93622,Popularity,0.0,
93622,CF (ItemKNN),0.0,
93622,Content (Avg Emb),0.0,
93622,Last-Item,0.0,
93622,Avg-Last-10,0.0,
93622,Recency-Weighted,0.0,
93622,Essence (K=3),0.0,
93690,Random,0.0,
93690,Popularity,0.0,
93690,CF (ItemKNN),1.0,
93690,Content (Avg Emb),0.0,
93690,Last-Item,0.0,
93690,Avg-Last-10,0.0,
93690,Recency-Weighted,0.0,
93690,Essence (K=3),0.0,
93716,Random,0.0,
93716,Popularity,0.0,
93716,CF (ItemKNN),0.125,
93716,Content (Avg Emb),0.0,
93716,Last-Item,0.0,
93716,Avg-Last-10,0.0,
93716,Recency-Weighted,0.0,
93716,Essence (K=3),0.0,
93911,Random,0.0,
93911,Popularity,0.1428571428571428,
93911,CF (ItemKNN),0.1428571428571428,
93911,Content (Avg Emb),0.0357142857142857,
93911,Last-Item,0.0,
93911,Avg-Last-10,0.0,
93911,Recency-Weighted,0.0,
93911,Essence (K=3),0.0,
94034,Random,0.0,
94034,Popularity,0.0,
94034,CF (ItemKNN),0.1333333333333333,
94034,Content (Avg Emb),0.0333333333333333,
94034,Last-Item,0.0,
94034,Avg-Last-10,0.0333333333333333,
94034,Recency-Weighted,0.0333333333333333,
94034,Essence (K=3),0.0,
94055,Random,0.0,
94055,Popularity,0.0,
94055,CF (ItemKNN),0.0,
94055,Content (Avg Emb),0.0,
94055,Last-Item,0.0,
94055,Avg-Last-10,0.0,
94055,Recency-Weighted,0.0,
94055,Essence (K=3),0.0,
94399,Random,0.0,
94399,Popularity,0.5,
94399,CF (ItemKNN),0.5,
94399,Content (Avg Emb),0.0,
94399,Last-Item,0.0,
94399,Avg-Last-10,0.0,
94399,Recency-Weighted,0.0,
94399,Essence (K=3),0.0,
94515,Random,0.0,
94515,Popularity,0.0,
94515,CF (ItemKNN),0.0,
94515,Content (Avg Emb),0.0,
94515,Last-Item,0.0,
94515,Avg-Last-10,0.0,
94515,Recency-Weighted,0.0,
94515,Essence (K=3),0.0,
94585,Random,0.0,
94585,Popularity,0.1428571428571428,
94585,CF (ItemKNN),0.4285714285714285,
94585,Content (Avg Emb),0.0,
94585,Last-Item,0.0,
94585,Avg-Last-10,0.0,
94585,Recency-Weighted,0.0,
94585,Essence (K=3),0.0,
94674,Random,0.0,
94674,Popularity,0.0,
94674,CF (ItemKNN),0.1818181818181818,
94674,Content (Avg Emb),0.0,
94674,Last-Item,0.0,
94674,Avg-Last-10,0.0,
94674,Recency-Weighted,0.0,
94674,Essence (K=3),0.0,
94676,Random,0.0,0.0
94676,Popularity,0.0294117647058823,0.0
94676,CF (ItemKNN),0.0294117647058823,0.0
94676,Content (Avg Emb),0.0,0.0
94676,Last-Item,0.0,0.0
94676,Avg-Last-10,0.0,0.0
94676,Recency-Weighted,0.0,0.0
94676,Essence (K=3),0.0,0.0
94692,Random,0.0,
94692,Popularity,0.25,
94692,CF (ItemKNN),0.0,
94692,Content (Avg Emb),0.0,
94692,Last-Item,0.0,
94692,Avg-Last-10,0.0,
94692,Recency-Weighted,0.0,
94692,Essence (K=3),0.0,
94767,Random,0.0277777777777777,0.0
94767,Popularity,0.0,0.0
94767,CF (ItemKNN),0.0555555555555555,0.0
94767,Content (Avg Emb),0.0,0.0
94767,Last-Item,0.0,0.0
94767,Avg-Last-10,0.0,0.0
94767,Recency-Weighted,0.0,0.0
94767,Essence (K=3),0.0,0.0
94772,Random,0.0,0.0
94772,Popularity,0.1,0.0
94772,CF (ItemKNN),0.0,0.0
94772,Content (Avg Emb),0.0,0.0
94772,Last-Item,0.0,0.0
94772,Avg-Last-10,0.0,0.0
94772,Recency-Weighted,0.0,0.0
94772,Essence (K=3),0.0,0.0
94833,Random,0.0,
94833,Popularity,0.0,
94833,CF (ItemKNN),0.2,
94833,Content (Avg Emb),0.0,
94833,Last-Item,0.0,
94833,Avg-Last-10,0.0,
94833,Recency-Weighted,0.0,
94833,Essence (K=3),0.0,
94909,Random,0.0,
94909,Popularity,0.2,
94909,CF (ItemKNN),0.2,
94909,Content (Avg Emb),0.0,
94909,Last-Item,0.0,
94909,Avg-Last-10,0.0,
94909,Recency-Weighted,0.0,
94909,Essence (K=3),0.0,
94965,Random,0.0,0.0
94965,Popularity,0.0869565217391304,0.0
94965,CF (ItemKNN),0.0869565217391304,0.0
94965,Content (Avg Emb),0.0,0.0
94965,Last-Item,0.0,0.0
94965,Avg-Last-10,0.0,0.0
94965,Recency-Weighted,0.0,0.0
94965,Essence (K=3),0.0,0.0
95177,Random,0.0,0.0
95177,Popularity,0.0,0.0
95177,CF (ItemKNN),0.0,0.0
95177,Content (Avg Emb),0.0,0.0
95177,Last-Item,0.0,0.0
95177,Avg-Last-10,0.0,0.0
95177,Recency-Weighted,0.0,0.0
95177,Essence (K=3),0.0,0.0
95215,Random,0.0,
95215,Popularity,0.0,
95215,CF (ItemKNN),0.125,
95215,Content (Avg Emb),0.0,
95215,Last-Item,0.0,
95215,Avg-Last-10,0.0,
95215,Recency-Weighted,0.0,
95215,Essence (K=3),0.0,
95260,Random,0.0,
95260,Popularity,0.05,
95260,CF (ItemKNN),0.0,
95260,Content (Avg Emb),0.05,
95260,Last-Item,0.0,
95260,Avg-Last-10,0.05,
95260,Recency-Weighted,0.05,
95260,Essence (K=3),0.1,
95316,Random,0.0,
95316,Popularity,0.3333333333333333,
95316,CF (ItemKNN),0.5,
95316,Content (Avg Emb),0.0,
95316,Last-Item,0.0,
95316,Avg-Last-10,0.0,
95316,Recency-Weighted,0.0,
95316,Essence (K=3),0.0,
95368,Random,0.0,
95368,Popularity,0.0,
95368,CF (ItemKNN),0.0,
95368,Content (Avg Emb),0.0,
95368,Last-Item,0.0,
95368,Avg-Last-10,0.0,
95368,Recency-Weighted,0.0,
95368,Essence (K=3),0.0,
95379,Random,0.0,
95379,Popularity,0.125,
95379,CF (ItemKNN),0.125,
95379,Content (Avg Emb),0.0,
95379,Last-Item,0.0,
95379,Avg-Last-10,0.0,
95379,Recency-Weighted,0.0,
95379,Essence (K=3),0.0,
95483,Random,0.0,
95483,Popularity,0.0,
95483,CF (ItemKNN),0.0,
95483,Content (Avg Emb),0.0,
95483,Last-Item,0.0,
95483,Avg-Last-10,0.0,
95483,Recency-Weighted,0.0,
95483,Essence (K=3),0.0,
95635,Random,0.0,
95635,Popularity,0.0,
95635,CF (ItemKNN),0.1428571428571428,
95635,Content (Avg Emb),0.0,
95635,Last-Item,0.0,
95635,Avg-Last-10,0.0,
95635,Recency-Weighted,0.0,
95635,Essence (K=3),0.0,
95793,Random,0.0,
95793,Popularity,0.0,
95793,CF (ItemKNN),0.0,
95793,Content (Avg Emb),0.0,
95793,Last-Item,0.0,
95793,Avg-Last-10,0.0,
95793,Recency-Weighted,0.0,
95793,Essence (K=3),0.0,
95892,Random,0.0,
95892,Popularity,0.0,
95892,CF (ItemKNN),0.0,
95892,Content (Avg Emb),0.0,
95892,Last-Item,0.0,
95892,Avg-Last-10,0.0,
95892,Recency-Weighted,0.0,
95892,Essence (K=3),0.0,
95949,Random,0.0,
95949,Popularity,0.0,
95949,CF (ItemKNN),0.04,
95949,Content (Avg Emb),0.0,
95949,Last-Item,0.12,
95949,Avg-Last-10,0.0,
95949,Recency-Weighted,0.0,
95949,Essence (K=3),0.0,
95970,Random,0.0,
95970,Popularity,0.0,
95970,CF (ItemKNN),0.09375,
95970,Content (Avg Emb),0.0,
95970,Last-Item,0.0,
95970,Avg-Last-10,0.0,
95970,Recency-Weighted,0.0,
95970,Essence (K=3),0.0,
96039,Random,0.0,
96039,Popularity,0.1333333333333333,
96039,CF (ItemKNN),0.3333333333333333,
96039,Content (Avg Emb),0.0,
96039,Last-Item,0.0,
96039,Avg-Last-10,0.0,
96039,Recency-Weighted,0.0,
96039,Essence (K=3),0.0,
96052,Random,0.0,
96052,Popularity,0.0,
96052,CF (ItemKNN),0.1666666666666666,
96052,Content (Avg Emb),0.0,
96052,Last-Item,0.0,
96052,Avg-Last-10,0.0,
96052,Recency-Weighted,0.0,
96052,Essence (K=3),0.0,
96119,Random,0.0,
96119,Popularity,0.2,
96119,CF (ItemKNN),0.2,
96119,Content (Avg Emb),0.0,
96119,Last-Item,0.0,
96119,Avg-Last-10,0.0,
96119,Recency-Weighted,0.0,
96119,Essence (K=3),0.0,
96122,Random,0.0,
96122,Popularity,0.0,
96122,CF (ItemKNN),0.0,
96122,Content (Avg Emb),0.0,
96122,Last-Item,0.0,
96122,Avg-Last-10,0.0,
96122,Recency-Weighted,0.0,
96122,Essence (K=3),0.0,
96251,Random,0.0,
96251,Popularity,0.0833333333333333,
96251,CF (ItemKNN),0.5833333333333334,
96251,Content (Avg Emb),0.0,
96251,Last-Item,0.0,
96251,Avg-Last-10,0.0,
96251,Recency-Weighted,0.0,
96251,Essence (K=3),0.0,
96513,Random,0.0,
96513,Popularity,0.0833333333333333,
96513,CF (ItemKNN),0.125,
96513,Content (Avg Emb),0.0,
96513,Last-Item,0.0,
96513,Avg-Last-10,0.0,
96513,Recency-Weighted,0.0,
96513,Essence (K=3),0.0,
96542,Random,0.0,
96542,Popularity,0.0,
96542,CF (ItemKNN),0.0588235294117647,
96542,Content (Avg Emb),0.0,
96542,Last-Item,0.0,
96542,Avg-Last-10,0.0,
96542,Recency-Weighted,0.0,
96542,Essence (K=3),0.0,
96575,Random,0.0,
96575,Popularity,0.0,
96575,CF (ItemKNN),0.0,
96575,Content (Avg Emb),0.0,
96575,Last-Item,0.0,
96575,Avg-Last-10,0.0,
96575,Recency-Weighted,0.0,
96575,Essence (K=3),0.0,
96614,Random,0.0,
96614,Popularity,0.0,
96614,CF (ItemKNN),0.0,
96614,Content (Avg Emb),0.0,
96614,Last-Item,0.0,
96614,Avg-Last-10,0.0,
96614,Recency-Weighted,0.0,
96614,Essence (K=3),0.0,
96728,Random,0.0,0.0
96728,Popularity,0.0,0.0
96728,CF (ItemKNN),0.0,0.0
96728,Content (Avg Emb),0.0,0.0
96728,Last-Item,0.0,0.0
96728,Avg-Last-10,0.0,0.0
96728,Recency-Weighted,0.0,0.0
96728,Essence (K=3),0.0,0.0
96747,Random,0.0,
96747,Popularity,0.0,
96747,CF (ItemKNN),0.0,
96747,Content (Avg Emb),0.0,
96747,Last-Item,0.0,
96747,Avg-Last-10,0.0,
96747,Recency-Weighted,0.0,
96747,Essence (K=3),0.0,
96760,Random,0.0,0.0
96760,Popularity,0.0555555555555555,0.0
96760,CF (ItemKNN),0.0833333333333333,0.0
96760,Content (Avg Emb),0.0277777777777777,1.0
96760,Last-Item,0.0,0.0
96760,Avg-Last-10,0.0277777777777777,1.0
96760,Recency-Weighted,0.0277777777777777,1.0
96760,Essence (K=3),0.0,0.0
96878,Random,0.0,
96878,Popularity,0.0588235294117647,
96878,CF (ItemKNN),0.0,
96878,Content (Avg Emb),0.0,
96878,Last-Item,0.0,
96878,Avg-Last-10,0.0,
96878,Recency-Weighted,0.0,
96878,Essence (K=3),0.0588235294117647,
96928,Random,0.0,0.0
96928,Popularity,0.0,0.0
96928,CF (ItemKNN),0.0,0.0
96928,Content (Avg Emb),0.0,0.0
96928,Last-Item,0.0,0.0
96928,Avg-Last-10,0.0,0.0
96928,Recency-Weighted,0.0,0.0
96928,Essence (K=3),0.0,0.0
96959,Random,0.0,0.0
96959,Popularity,0.04,0.0
96959,CF (ItemKNN),0.0,0.0
96959,Content (Avg Emb),0.0,0.0
96959,Last-Item,0.0,0.0
96959,Avg-Last-10,0.0,0.0
96959,Recency-Weighted,0.0,0.0
96959,Essence (K=3),0.0,0.0
97021,Random,0.0,
97021,Popularity,0.0,
97021,CF (ItemKNN),0.1818181818181818,
97021,Content (Avg Emb),0.0,
97021,Last-Item,0.0,
97021,Avg-Last-10,0.0,
97021,Recency-Weighted,0.0,
97021,Essence (K=3),0.0,
97079,Random,0.0,0.0
97079,Popularity,0.0,0.0
97079,CF (ItemKNN),0.0,0.0
97079,Content (Avg Emb),0.0,0.0
97079,Last-Item,0.0,0.0
97079,Avg-Last-10,0.0,0.0
97079,Recency-Weighted,0.0,0.0
97079,Essence (K=3),0.0,0.0
97314,Random,0.0,
97314,Popularity,0.2857142857142857,
97314,CF (ItemKNN),0.1428571428571428,
97314,Content (Avg Emb),0.0,
97314,Last-Item,0.0,
97314,Avg-Last-10,0.0,
97314,Recency-Weighted,0.0,
97314,Essence (K=3),0.0,
97349,Random,0.0,
97349,Popularity,0.0,
97349,CF (ItemKNN),0.0,
97349,Content (Avg Emb),0.0,
97349,Last-Item,0.0,
97349,Avg-Last-10,0.0,
97349,Recency-Weighted,0.0,
97349,Essence (K=3),0.0,
97415,Random,0.0,0.0
97415,Popularity,0.0,0.0
97415,CF (ItemKNN),0.0,0.0
97415,Content (Avg Emb),0.0,0.0
97415,Last-Item,0.0,0.0
97415,Avg-Last-10,0.0,0.0
97415,Recency-Weighted,0.0,0.0
97415,Essence (K=3),0.25,0.0
97626,Random,0.0,
97626,Popularity,0.0,
97626,CF (ItemKNN),0.0,
97626,Content (Avg Emb),0.0303030303030303,
97626,Last-Item,0.0,
97626,Avg-Last-10,0.0303030303030303,
97626,Recency-Weighted,0.0,
97626,Essence (K=3),0.0303030303030303,
97741,Random,0.0,
97741,Popularity,0.0,
97741,CF (ItemKNN),0.0,
97741,Content (Avg Emb),0.0,
97741,Last-Item,0.0,
97741,Avg-Last-10,0.0,
97741,Recency-Weighted,0.0,
97741,Essence (K=3),0.0,
97824,Random,0.0,
97824,Popularity,0.0,
97824,CF (ItemKNN),0.0,
97824,Content (Avg Emb),0.0,
97824,Last-Item,0.0,
97824,Avg-Last-10,0.0,
97824,Recency-Weighted,0.0,
97824,Essence (K=3),0.0,
97825,Random,0.0,
97825,Popularity,0.0,
97825,CF (ItemKNN),0.0,
97825,Content (Avg Emb),0.0,
97825,Last-Item,0.0,
97825,Avg-Last-10,0.0,
97825,Recency-Weighted,0.0,
97825,Essence (K=3),0.0,
97894,Random,0.0,
97894,Popularity,0.0952380952380952,
97894,CF (ItemKNN),0.0952380952380952,
97894,Content (Avg Emb),0.0,
97894,Last-Item,0.0,
97894,Avg-Last-10,0.0,
97894,Recency-Weighted,0.0,
97894,Essence (K=3),0.0,
97969,Random,0.0,
97969,Popularity,0.0,
97969,CF (ItemKNN),0.0,
97969,Content (Avg Emb),0.0,
97969,Last-Item,0.0,
97969,Avg-Last-10,0.0,
97969,Recency-Weighted,0.0,
97969,Essence (K=3),0.0,
98014,Random,0.0,
98014,Popularity,0.25,
98014,CF (ItemKNN),0.5,
98014,Content (Avg Emb),0.0,
98014,Last-Item,0.0,
98014,Avg-Last-10,0.25,
98014,Recency-Weighted,0.25,
98014,Essence (K=3),0.0,
98019,Random,0.0,
98019,Popularity,0.0588235294117647,
98019,CF (ItemKNN),0.0588235294117647,
98019,Content (Avg Emb),0.0,
98019,Last-Item,0.0588235294117647,
98019,Avg-Last-10,0.0,
98019,Recency-Weighted,0.0,
98019,Essence (K=3),0.0,
98061,Random,0.0,
98061,Popularity,0.0,
98061,CF (ItemKNN),0.0,
98061,Content (Avg Emb),0.0,
98061,Last-Item,0.0,
98061,Avg-Last-10,0.0,
98061,Recency-Weighted,0.0,
98061,Essence (K=3),0.0,
98090,Random,0.0,
98090,Popularity,0.1666666666666666,
98090,CF (ItemKNN),0.0833333333333333,
98090,Content (Avg Emb),0.0,
98090,Last-Item,0.3333333333333333,
98090,Avg-Last-10,0.0,
98090,Recency-Weighted,0.0833333333333333,
98090,Essence (K=3),0.0,
98134,Random,0.0,
98134,Popularity,0.1666666666666666,
98134,CF (ItemKNN),0.1666666666666666,
98134,Content (Avg Emb),0.0,
98134,Last-Item,0.0,
98134,Avg-Last-10,0.0,
98134,Recency-Weighted,0.0,
98134,Essence (K=3),0.0,
98200,Random,0.0,
98200,Popularity,0.0,
98200,CF (ItemKNN),0.0,
98200,Content (Avg Emb),0.0,
98200,Last-Item,0.0,
98200,Avg-Last-10,0.0,
98200,Recency-Weighted,0.0,
98200,Essence (K=3),0.0,
98346,Random,0.0,
98346,Popularity,0.0,
98346,CF (ItemKNN),0.0,
98346,Content (Avg Emb),0.0,
98346,Last-Item,0.0,
98346,Avg-Last-10,0.0,
98346,Recency-Weighted,0.0,
98346,Essence (K=3),0.0,
98501,Random,0.0,
98501,Popularity,0.0,
98501,CF (ItemKNN),0.0,
98501,Content (Avg Emb),0.0,
98501,Last-Item,0.0,
98501,Avg-Last-10,0.0,
98501,Recency-Weighted,0.0,
98501,Essence (K=3),0.0,
98579,Random,0.0,
98579,Popularity,0.0,
98579,CF (ItemKNN),0.0625,
98579,Content (Avg Emb),0.0,
98579,Last-Item,0.0,
98579,Avg-Last-10,0.0,
98579,Recency-Weighted,0.0,
98579,Essence (K=3),0.0,
98754,Random,0.0,
98754,Popularity,0.0,
98754,CF (ItemKNN),0.0,
98754,Content (Avg Emb),0.1111111111111111,
98754,Last-Item,0.1111111111111111,
98754,Avg-Last-10,0.0,
98754,Recency-Weighted,0.0,
98754,Essence (K=3),0.1111111111111111,
99018,Random,0.0,
99018,Popularity,0.0,
99018,CF (ItemKNN),0.1,
99018,Content (Avg Emb),0.0,
99018,Last-Item,0.2,
99018,Avg-Last-10,0.05,
99018,Recency-Weighted,0.05,
99018,Essence (K=3),0.0,
99225,Random,0.0,
99225,Popularity,0.0,
99225,CF (ItemKNN),0.0,
99225,Content (Avg Emb),0.0,
99225,Last-Item,0.0,
99225,Avg-Last-10,0.0,
99225,Recency-Weighted,0.0,
99225,Essence (K=3),0.0,
99297,Random,0.0,
99297,Popularity,0.1666666666666666,
99297,CF (ItemKNN),0.1666666666666666,
99297,Content (Avg Emb),0.0,
99297,Last-Item,0.0,
99297,Avg-Last-10,0.0,
99297,Recency-Weighted,0.0,
99297,Essence (K=3),0.0,
99299,Random,0.0,
99299,Popularity,0.1,
99299,CF (ItemKNN),0.0,
99299,Content (Avg Emb),0.0,
99299,Last-Item,0.0,
99299,Avg-Last-10,0.0,
99299,Recency-Weighted,0.0,
99299,Essence (K=3),0.0,
99473,Random,0.0,
99473,Popularity,0.125,
99473,CF (ItemKNN),0.0,
99473,Content (Avg Emb),0.0,
99473,Last-Item,0.0,
99473,Avg-Last-10,0.0,
99473,Recency-Weighted,0.0,
99473,Essence (K=3),0.0,
99644,Random,0.0,
99644,Popularity,0.0,
99644,CF (ItemKNN),0.2,
99644,Content (Avg Emb),0.0,
99644,Last-Item,0.0,
99644,Avg-Last-10,0.0,
99644,Recency-Weighted,0.0,
99644,Essence (K=3),0.0,
99693,Random,0.0,0.0
99693,Popularity,0.0476190476190476,0.0
99693,CF (ItemKNN),0.0476190476190476,0.0
99693,Content (Avg Emb),0.0,0.0
99693,Last-Item,0.0,0.0
99693,Avg-Last-10,0.0,0.0
99693,Recency-Weighted,0.0,0.0
99693,Essence (K=3),0.0,0.0
99709,Random,0.0,0.0
99709,Popularity,0.0,0.0
99709,CF (ItemKNN),0.0,0.0
99709,Content (Avg Emb),0.0,0.0
99709,Last-Item,0.054054054054054,0.0
99709,Avg-Last-10,0.0,0.0
99709,Recency-Weighted,0.0,0.0
99709,Essence (K=3),0.0,0.0
99721,Random,0.0,0.0
99721,Popularity,0.0,0.0
99721,CF (ItemKNN),0.0,0.0
99721,Content (Avg Emb),0.0,0.0
99721,Last-Item,0.0,0.0
99721,Avg-Last-10,0.0,0.0
99721,Recency-Weighted,0.0,0.0
99721,Essence (K=3),0.0,0.0
99754,Random,0.0,
99754,Popularity,0.0,
99754,CF (ItemKNN),0.0,
99754,Content (Avg Emb),0.0,
99754,Last-Item,0.0,
99754,Avg-Last-10,0.0,
99754,Recency-Weighted,0.0,
99754,Essence (K=3),0.0,
99768,Random,0.0,
99768,Popularity,0.0952380952380952,
99768,CF (ItemKNN),0.0476190476190476,
99768,Content (Avg Emb),0.0,
99768,Last-Item,0.0,
99768,Avg-Last-10,0.0,
99768,Recency-Weighted,0.0,
99768,Essence (K=3),0.0,
99845,Random,0.0,
99845,Popularity,0.0,
99845,CF (ItemKNN),0.0,
99845,Content (Avg Emb),0.0,
99845,Last-Item,0.0,
99845,Avg-Last-10,0.0,
99845,Recency-Weighted,0.0,
99845,Essence (K=3),0.0,
99876,Random,0.0,
99876,Popularity,0.0,
99876,CF (ItemKNN),0.3333333333333333,
99876,Content (Avg Emb),0.0,
99876,Last-Item,0.0,
99876,Avg-Last-10,0.0,
99876,Recency-Weighted,0.0,
99876,Essence (K=3),0.0,
100128,Random,0.0,0.0
100128,Popularity,0.0,0.0
100128,CF (ItemKNN),0.0,0.0
100128,Content (Avg Emb),0.0,0.0
100128,Last-Item,0.0,0.0
100128,Avg-Last-10,0.0,0.0
100128,Recency-Weighted,0.0,0.0
100128,Essence (K=3),0.0,0.0
100143,Random,0.0,
100143,Popularity,0.6666666666666666,
100143,CF (ItemKNN),0.5,
100143,Content (Avg Emb),0.0,
100143,Last-Item,0.0,
100143,Avg-Last-10,0.0,
100143,Recency-Weighted,0.0,
100143,Essence (K=3),0.0,
100172,Random,0.0,
100172,Popularity,0.1666666666666666,
100172,CF (ItemKNN),0.3333333333333333,
100172,Content (Avg Emb),0.0,
100172,Last-Item,0.0,
100172,Avg-Last-10,0.0,
100172,Recency-Weighted,0.0,
100172,Essence (K=3),0.0,
100240,Random,0.0,0.0
100240,Popularity,0.2,0.0
100240,CF (ItemKNN),0.2,0.0
100240,Content (Avg Emb),0.0,0.0
100240,Last-Item,0.0,0.0
100240,Avg-Last-10,0.0,0.0
100240,Recency-Weighted,0.0,0.0
100240,Essence (K=3),0.0,0.0
100262,Random,0.0,0.0
100262,Popularity,0.0285714285714285,0.0
100262,CF (ItemKNN),0.0571428571428571,0.0
100262,Content (Avg Emb),0.0,0.0
100262,Last-Item,0.0,0.0
100262,Avg-Last-10,0.0,0.0
100262,Recency-Weighted,0.0,0.0
100262,Essence (K=3),0.0,0.0
100334,Random,0.0,
100334,Popularity,0.2,
100334,CF (ItemKNN),0.8,
100334,Content (Avg Emb),0.0,
100334,Last-Item,0.0,
100334,Avg-Last-10,0.0,
100334,Recency-Weighted,0.0,
100334,Essence (K=3),0.0,
100381,Random,0.0,
100381,Popularity,0.0,
100381,CF (ItemKNN),0.2,
100381,Content (Avg Emb),0.0,
100381,Last-Item,0.0,
100381,Avg-Last-10,0.0,
100381,Recency-Weighted,0.0,
100381,Essence (K=3),0.0,
100538,Random,0.0,0.0
100538,Popularity,0.0,0.0
100538,CF (ItemKNN),0.0434782608695652,0.0
100538,Content (Avg Emb),0.0,0.0
100538,Last-Item,0.0,0.0
100538,Avg-Last-10,0.0,0.0
100538,Recency-Weighted,0.0,0.0
100538,Essence (K=3),0.0,0.0
100606,Random,0.0,
100606,Popularity,0.0,
100606,CF (ItemKNN),0.0,
100606,Content (Avg Emb),0.0,
100606,Last-Item,0.0,
100606,Avg-Last-10,0.0,
100606,Recency-Weighted,0.0,
100606,Essence (K=3),0.0,
100778,Random,0.0,
100778,Popularity,0.04,
100778,CF (ItemKNN),0.12,
100778,Content (Avg Emb),0.0,
100778,Last-Item,0.0,
100778,Avg-Last-10,0.0,
100778,Recency-Weighted,0.0,
100778,Essence (K=3),0.0,
101252,Random,0.0,0.0
101252,Popularity,0.0833333333333333,0.0
101252,CF (ItemKNN),0.0833333333333333,0.0
101252,Content (Avg Emb),0.0,0.0
101252,Last-Item,0.0,0.0
101252,Avg-Last-10,0.0,0.0
101252,Recency-Weighted,0.0,0.0
101252,Essence (K=3),0.0,0.0
101271,Random,0.0,0.0
101271,Popularity,0.0,0.0
101271,CF (ItemKNN),0.0,0.0
101271,Content (Avg Emb),0.0,0.0
101271,Last-Item,0.0,0.0
101271,Avg-Last-10,0.0,0.0
101271,Recency-Weighted,0.0,0.0
101271,Essence (K=3),0.0,0.0
101312,Random,0.0,0.0
101312,Popularity,0.0,0.0
101312,CF (ItemKNN),0.125,0.0
101312,Content (Avg Emb),0.0,0.0
101312,Last-Item,0.0,0.0
101312,Avg-Last-10,0.0,0.0
101312,Recency-Weighted,0.0,0.0
101312,Essence (K=3),0.0,0.0
101578,Random,0.0,
101578,Popularity,0.0555555555555555,
101578,CF (ItemKNN),0.2222222222222222,
101578,Content (Avg Emb),0.0,
101578,Last-Item,0.0,
101578,Avg-Last-10,0.0,
101578,Recency-Weighted,0.0,
101578,Essence (K=3),0.0,
101747,Random,0.0,
101747,Popularity,0.0,
101747,CF (ItemKNN),0.0,
101747,Content (Avg Emb),0.0,
101747,Last-Item,0.0,
101747,Avg-Last-10,0.0,
101747,Recency-Weighted,0.0,
101747,Essence (K=3),0.0,
101762,Random,0.0,
101762,Popularity,0.032258064516129,
101762,CF (ItemKNN),0.0967741935483871,
101762,Content (Avg Emb),0.0,
101762,Last-Item,0.0,
101762,Avg-Last-10,0.0,
101762,Recency-Weighted,0.0,
101762,Essence (K=3),0.0,
101884,Random,0.0,0.0
101884,Popularity,0.0,0.0
101884,CF (ItemKNN),0.0,0.0
101884,Content (Avg Emb),0.0555555555555555,0.0
101884,Last-Item,0.0,0.0
101884,Avg-Last-10,0.0555555555555555,0.0
101884,Recency-Weighted,0.0555555555555555,0.0
101884,Essence (K=3),0.0,0.0
101906,Random,0.0,
101906,Popularity,0.0,
101906,CF (ItemKNN),0.0,
101906,Content (Avg Emb),0.0,
101906,Last-Item,0.0,
101906,Avg-Last-10,0.0,
101906,Recency-Weighted,0.0,
101906,Essence (K=3),0.0,
101934,Random,0.0,
101934,Popularity,0.0,
101934,CF (ItemKNN),0.0,
101934,Content (Avg Emb),0.0,
101934,Last-Item,0.0,
101934,Avg-Last-10,0.0,
101934,Recency-Weighted,0.0,
101934,Essence (K=3),0.0,
101957,Random,0.0,
101957,Popularity,0.0,
101957,CF (ItemKNN),0.0,
101957,Content (Avg Emb),0.0,
101957,Last-Item,0.0,
101957,Avg-Last-10,0.0,
101957,Recency-Weighted,0.0,
101957,Essence (K=3),0.0,
102113,Random,0.0,
102113,Popularity,0.0,
102113,CF (ItemKNN),0.0,
102113,Content (Avg Emb),0.1428571428571428,
102113,Last-Item,0.0,
102113,Avg-Last-10,0.1428571428571428,
102113,Recency-Weighted,0.1428571428571428,
102113,Essence (K=3),0.0,
102150,Random,0.0,
102150,Popularity,0.1538461538461538,
102150,CF (ItemKNN),0.0769230769230769,
102150,Content (Avg Emb),0.0384615384615384,
102150,Last-Item,0.0,
102150,Avg-Last-10,0.0769230769230769,
102150,Recency-Weighted,0.0769230769230769,
102150,Essence (K=3),0.0384615384615384,
102171,Random,0.0,
102171,Popularity,0.0,
102171,CF (ItemKNN),0.0,
102171,Content (Avg Emb),0.0,
102171,Last-Item,0.0,
102171,Avg-Last-10,0.0,
102171,Recency-Weighted,0.0,
102171,Essence (K=3),0.0,
102189,Random,0.0,
102189,Popularity,0.0,
102189,CF (ItemKNN),0.0,
102189,Content (Avg Emb),0.0,
102189,Last-Item,0.0,
102189,Avg-Last-10,0.0,
102189,Recency-Weighted,0.0,
102189,Essence (K=3),0.0,
102216,Random,0.0,0.0
102216,Popularity,0.0,0.0
102216,CF (ItemKNN),0.0909090909090909,0.0
102216,Content (Avg Emb),0.0,0.0
102216,Last-Item,0.0,0.0
102216,Avg-Last-10,0.0,0.0
102216,Recency-Weighted,0.0,0.0
102216,Essence (K=3),0.0,0.0
102369,Random,0.0,
102369,Popularity,0.0,
102369,CF (ItemKNN),0.0454545454545454,
102369,Content (Avg Emb),0.0,
102369,Last-Item,0.0,
102369,Avg-Last-10,0.0,
102369,Recency-Weighted,0.0,
102369,Essence (K=3),0.0,
102428,Random,0.0,0.0
102428,Popularity,0.0,0.0
102428,CF (ItemKNN),0.0,0.0
102428,Content (Avg Emb),0.0,0.0
102428,Last-Item,0.0,0.0
102428,Avg-Last-10,0.0,0.0
102428,Recency-Weighted,0.0,0.0
102428,Essence (K=3),0.0714285714285714,0.0
102514,Random,0.0,
102514,Popularity,0.0,
102514,CF (ItemKNN),0.0,
102514,Content (Avg Emb),0.0,
102514,Last-Item,0.0,
102514,Avg-Last-10,0.0,
102514,Recency-Weighted,0.0,
102514,Essence (K=3),0.0,
102533,Random,0.0,
102533,Popularity,0.375,
102533,CF (ItemKNN),0.125,
102533,Content (Avg Emb),0.0,
102533,Last-Item,0.0,
102533,Avg-Last-10,0.0,
102533,Recency-Weighted,0.0,
102533,Essence (K=3),0.0,
102817,Random,0.0,0.0
102817,Popularity,0.0,0.0
102817,CF (ItemKNN),0.0,0.0
102817,Content (Avg Emb),0.0,0.0
102817,Last-Item,0.0909090909090909,0.0
102817,Avg-Last-10,0.0,0.0
102817,Recency-Weighted,0.0,0.0
102817,Essence (K=3),0.0,0.0
102857,Random,0.0,
102857,Popularity,0.0,
102857,CF (ItemKNN),0.0769230769230769,
102857,Content (Avg Emb),0.0,
102857,Last-Item,0.0,
102857,Avg-Last-10,0.0,
102857,Recency-Weighted,0.0,
102857,Essence (K=3),0.0,
102873,Random,0.0,
102873,Popularity,0.0769230769230769,
102873,CF (ItemKNN),0.0769230769230769,
102873,Content (Avg Emb),0.0,
102873,Last-Item,0.0,
102873,Avg-Last-10,0.0,
102873,Recency-Weighted,0.0,
102873,Essence (K=3),0.0,
102890,Random,0.0,0.0
102890,Popularity,0.03125,0.0
102890,CF (ItemKNN),0.0625,0.0
102890,Content (Avg Emb),0.0,0.0
102890,Last-Item,0.03125,0.0
102890,Avg-Last-10,0.0,0.0
102890,Recency-Weighted,0.0,0.0
102890,Essence (K=3),0.0,0.0
103086,Random,0.0,
103086,Popularity,0.2,
103086,CF (ItemKNN),0.0,
103086,Content (Avg Emb),0.0,
103086,Last-Item,0.0,
103086,Avg-Last-10,0.0,
103086,Recency-Weighted,0.0,
103086,Essence (K=3),0.0,
103095,Random,0.0,
103095,Popularity,0.0,
103095,CF (ItemKNN),0.75,
103095,Content (Avg Emb),0.0,
103095,Last-Item,0.0,
103095,Avg-Last-10,0.0,
103095,Recency-Weighted,0.0,
103095,Essence (K=3),0.0,
103164,Random,0.0,
103164,Popularity,0.0625,
103164,CF (ItemKNN),0.0625,
103164,Content (Avg Emb),0.0,
103164,Last-Item,0.0,
103164,Avg-Last-10,0.0,
103164,Recency-Weighted,0.0,
103164,Essence (K=3),0.0,
103200,Random,0.0,
103200,Popularity,0.1034482758620689,
103200,CF (ItemKNN),0.1034482758620689,
103200,Content (Avg Emb),0.0,
103200,Last-Item,0.0,
103200,Avg-Last-10,0.0,
103200,Recency-Weighted,0.0,
103200,Essence (K=3),0.0,
103202,Random,0.0,
103202,Popularity,0.0,
103202,CF (ItemKNN),0.0,
103202,Content (Avg Emb),0.0,
103202,Last-Item,0.0,
103202,Avg-Last-10,0.0,
103202,Recency-Weighted,0.0,
103202,Essence (K=3),0.0,
103343,Random,0.0,
103343,Popularity,0.0,
103343,CF (ItemKNN),0.0,
103343,Content (Avg Emb),0.0,
103343,Last-Item,0.0,
103343,Avg-Last-10,0.0,
103343,Recency-Weighted,0.0,
103343,Essence (K=3),0.0,
103400,Random,0.1666666666666666,
103400,Popularity,0.3333333333333333,
103400,CF (ItemKNN),0.6666666666666666,
103400,Content (Avg Emb),0.0,
103400,Last-Item,0.0,
103400,Avg-Last-10,0.0,
103400,Recency-Weighted,0.0,
103400,Essence (K=3),0.0,
103527,Random,0.0,0.0
103527,Popularity,0.0,0.0
103527,CF (ItemKNN),0.0,0.0
103527,Content (Avg Emb),0.0,0.0
103527,Last-Item,0.0,0.0
103527,Avg-Last-10,0.0,0.0
103527,Recency-Weighted,0.0,0.0
103527,Essence (K=3),0.0,0.0
103580,Random,0.0,
103580,Popularity,0.0,
103580,CF (ItemKNN),0.0333333333333333,
103580,Content (Avg Emb),0.0,
103580,Last-Item,0.0333333333333333,
103580,Avg-Last-10,0.0,
103580,Recency-Weighted,0.0,
103580,Essence (K=3),0.0,
103625,Random,0.0,
103625,Popularity,0.0,
103625,CF (ItemKNN),0.3333333333333333,
103625,Content (Avg Emb),0.0,
103625,Last-Item,0.0,
103625,Avg-Last-10,0.0,
103625,Recency-Weighted,0.0,
103625,Essence (K=3),0.0,
103794,Random,0.0,0.0
103794,Popularity,0.0,0.0
103794,CF (ItemKNN),0.2857142857142857,0.0
103794,Content (Avg Emb),0.1428571428571428,0.0
103794,Last-Item,0.2857142857142857,0.0
103794,Avg-Last-10,0.1428571428571428,0.0
103794,Recency-Weighted,0.1428571428571428,0.5
103794,Essence (K=3),0.1428571428571428,0.0
103803,Random,0.0,0.0
103803,Popularity,0.0714285714285714,0.0
103803,CF (ItemKNN),0.0714285714285714,0.0
103803,Content (Avg Emb),0.0,0.0
103803,Last-Item,0.0,0.0
103803,Avg-Last-10,0.0,0.0
103803,Recency-Weighted,0.0,0.0
103803,Essence (K=3),0.0,0.0
104097,Random,0.0,
104097,Popularity,0.0,
104097,CF (ItemKNN),0.0,
104097,Content (Avg Emb),0.0,
104097,Last-Item,0.0,
104097,Avg-Last-10,0.0,
104097,Recency-Weighted,0.0,
104097,Essence (K=3),0.0,
104227,Random,0.0,
104227,Popularity,0.3333333333333333,
104227,CF (ItemKNN),0.3333333333333333,
104227,Content (Avg Emb),0.0,
104227,Last-Item,0.0,
104227,Avg-Last-10,0.0,
104227,Recency-Weighted,0.0,
104227,Essence (K=3),0.0,
104310,Random,0.0,0.0
104310,Popularity,0.0,0.0
104310,CF (ItemKNN),0.0,0.0
104310,Content (Avg Emb),0.0,0.0
104310,Last-Item,0.0,0.0
104310,Avg-Last-10,0.0,0.0
104310,Recency-Weighted,0.0,0.0
104310,Essence (K=3),0.0,0.0
104318,Random,0.0,
104318,Popularity,0.0,
104318,CF (ItemKNN),0.0,
104318,Content (Avg Emb),0.0,
104318,Last-Item,0.0869565217391304,
104318,Avg-Last-10,0.0,
104318,Recency-Weighted,0.0,
104318,Essence (K=3),0.0,
104401,Random,0.0,
104401,Popularity,0.0857142857142857,
104401,CF (ItemKNN),0.2571428571428571,
104401,Content (Avg Emb),0.0,
104401,Last-Item,0.0,
104401,Avg-Last-10,0.0,
104401,Recency-Weighted,0.0,
104401,Essence (K=3),0.0,
104430,Random,0.0,
104430,Popularity,0.0625,
104430,CF (ItemKNN),0.1875,
104430,Content (Avg Emb),0.0,
104430,Last-Item,0.0,
104430,Avg-Last-10,0.0,
104430,Recency-Weighted,0.0,
104430,Essence (K=3),0.0,
104502,Random,0.0,0.0
104502,Popularity,0.0,0.0
104502,CF (ItemKNN),0.1052631578947368,0.0
104502,Content (Avg Emb),0.0,0.0
104502,Last-Item,0.0,0.0
104502,Avg-Last-10,0.0,0.0
104502,Recency-Weighted,0.0,0.0
104502,Essence (K=3),0.0,0.0
104532,Random,0.0,
104532,Popularity,0.0,
104532,CF (ItemKNN),0.5,
104532,Content (Avg Emb),0.0,
104532,Last-Item,0.0,
104532,Avg-Last-10,0.0,
104532,Recency-Weighted,0.0,
104532,Essence (K=3),0.0,
104549,Random,0.0,
104549,Popularity,0.0,
104549,CF (ItemKNN),0.0,
104549,Content (Avg Emb),0.0,
104549,Last-Item,0.0,
104549,Avg-Last-10,0.0,
104549,Recency-Weighted,0.0,
104549,Essence (K=3),0.0,
104692,Random,0.0,0.0
104692,Popularity,0.0,0.0
104692,CF (ItemKNN),0.0,0.0
104692,Content (Avg Emb),0.0,0.0
104692,Last-Item,0.0,0.0
104692,Avg-Last-10,0.0,0.0
104692,Recency-Weighted,0.0,0.0
104692,Essence (K=3),0.0,0.0
104775,Random,0.0,
104775,Popularity,0.0,
104775,CF (ItemKNN),0.0,
104775,Content (Avg Emb),0.0,
104775,Last-Item,0.0,
104775,Avg-Last-10,0.0,
104775,Recency-Weighted,0.0,
104775,Essence (K=3),0.0,
104869,Random,0.0,
104869,Popularity,0.6,
104869,CF (ItemKNN),0.8,
104869,Content (Avg Emb),0.0,
104869,Last-Item,0.0,
104869,Avg-Last-10,0.0,
104869,Recency-Weighted,0.0,
104869,Essence (K=3),0.0,
104904,Random,0.0,0.0
104904,Popularity,0.0,0.0
104904,CF (ItemKNN),0.0,0.0
104904,Content (Avg Emb),0.0,0.0
104904,Last-Item,0.0,0.0
104904,Avg-Last-10,0.0,0.0
104904,Recency-Weighted,0.0,0.0
104904,Essence (K=3),0.0,0.0
104911,Random,0.0,0.0
104911,Popularity,0.0,0.0
104911,CF (ItemKNN),0.0384615384615384,0.0
104911,Content (Avg Emb),0.0,0.0
104911,Last-Item,0.0,0.0
104911,Avg-Last-10,0.0,0.0
104911,Recency-Weighted,0.0,0.0
104911,Essence (K=3),0.0,0.0
105015,Random,0.0,
105015,Popularity,0.2,
105015,CF (ItemKNN),0.2,
105015,Content (Avg Emb),0.0,
105015,Last-Item,0.0,
105015,Avg-Last-10,0.0,
105015,Recency-Weighted,0.0,
105015,Essence (K=3),0.0,
105076,Random,0.0,
105076,Popularity,0.0,
105076,CF (ItemKNN),0.1428571428571428,
105076,Content (Avg Emb),0.0,
105076,Last-Item,0.0,
105076,Avg-Last-10,0.0,
105076,Recency-Weighted,0.0,
105076,Essence (K=3),0.0,
105078,Random,0.0,
105078,Popularity,0.0,
105078,CF (ItemKNN),0.0,
105078,Content (Avg Emb),0.0,
105078,Last-Item,0.0,
105078,Avg-Last-10,0.0,
105078,Recency-Weighted,0.0,
105078,Essence (K=3),0.0,
105150,Random,0.0,
105150,Popularity,0.0,
105150,CF (ItemKNN),0.0666666666666666,
105150,Content (Avg Emb),0.0,
105150,Last-Item,0.0,
105150,Avg-Last-10,0.0,
105150,Recency-Weighted,0.0,
105150,Essence (K=3),0.0,
105160,Random,0.0,
105160,Popularity,0.0,
105160,CF (ItemKNN),0.0,
105160,Content (Avg Emb),0.0,
105160,Last-Item,0.0,
105160,Avg-Last-10,0.0,
105160,Recency-Weighted,0.0,
105160,Essence (K=3),0.0,
105250,Random,0.0,
105250,Popularity,0.0,
105250,CF (ItemKNN),0.0,
105250,Content (Avg Emb),0.0,
105250,Last-Item,0.0833333333333333,
105250,Avg-Last-10,0.0,
105250,Recency-Weighted,0.0,
105250,Essence (K=3),0.0,
105402,Random,0.0,0.0
105402,Popularity,0.037037037037037,0.0
105402,CF (ItemKNN),0.074074074074074,0.0
105402,Content (Avg Emb),0.0,0.0
105402,Last-Item,0.0,0.0
105402,Avg-Last-10,0.0,0.0
105402,Recency-Weighted,0.0,0.0
105402,Essence (K=3),0.0,0.0
105485,Random,0.0,0.0
105485,Popularity,0.0,0.0
105485,CF (ItemKNN),0.0,0.0
105485,Content (Avg Emb),0.0,0.0
105485,Last-Item,0.0,0.0
105485,Avg-Last-10,0.0,0.0
105485,Recency-Weighted,0.0,0.0
105485,Essence (K=3),0.0,0.0
105524,Random,0.0,0.0
105524,Popularity,0.0,0.0
105524,CF (ItemKNN),0.0,0.0
105524,Content (Avg Emb),0.0,0.0
105524,Last-Item,0.032258064516129,0.0
105524,Avg-Last-10,0.0,0.0
105524,Recency-Weighted,0.0,0.0
105524,Essence (K=3),0.0,0.0
105687,Random,0.0,
105687,Popularity,0.0,
105687,CF (ItemKNN),0.0,
105687,Content (Avg Emb),0.0,
105687,Last-Item,0.0,
105687,Avg-Last-10,0.0,
105687,Recency-Weighted,0.0,
105687,Essence (K=3),0.0,
105702,Random,0.0,0.0
105702,Popularity,0.25,0.0
105702,CF (ItemKNN),0.25,0.0
105702,Content (Avg Emb),0.0,0.0
105702,Last-Item,0.0,0.0
105702,Avg-Last-10,0.0,0.0
105702,Recency-Weighted,0.0,0.0
105702,Essence (K=3),0.0,0.0
106034,Random,0.0,
106034,Popularity,0.0434782608695652,
106034,CF (ItemKNN),0.1304347826086956,
106034,Content (Avg Emb),0.0,
106034,Last-Item,0.0,
106034,Avg-Last-10,0.0,
106034,Recency-Weighted,0.0,
106034,Essence (K=3),0.0,
106145,Random,0.0,
106145,Popularity,0.0,
106145,CF (ItemKNN),0.0,
106145,Content (Avg Emb),0.0,
106145,Last-Item,0.0,
106145,Avg-Last-10,0.0,
106145,Recency-Weighted,0.0,
106145,Essence (K=3),0.0,
106202,Random,0.0,0.0
106202,Popularity,0.0555555555555555,0.0
106202,CF (ItemKNN),0.0833333333333333,0.0
106202,Content (Avg Emb),0.0,0.0
106202,Last-Item,0.0,0.0
106202,Avg-Last-10,0.0,0.0
106202,Recency-Weighted,0.0,0.0
106202,Essence (K=3),0.0,0.0
106244,Random,0.0,
106244,Popularity,0.0,
106244,CF (ItemKNN),0.0,
106244,Content (Avg Emb),0.0,
106244,Last-Item,0.0,
106244,Avg-Last-10,0.0,
106244,Recency-Weighted,0.0,
106244,Essence (K=3),0.0,
106268,Random,0.0,
106268,Popularity,0.1666666666666666,
106268,CF (ItemKNN),0.3333333333333333,
106268,Content (Avg Emb),0.0,
106268,Last-Item,0.0,
106268,Avg-Last-10,0.0,
106268,Recency-Weighted,0.0,
106268,Essence (K=3),0.0,
106461,Random,0.0,
106461,Popularity,0.0,
106461,CF (ItemKNN),0.1666666666666666,
106461,Content (Avg Emb),0.0,
106461,Last-Item,0.0555555555555555,
106461,Avg-Last-10,0.0,
106461,Recency-Weighted,0.0,
106461,Essence (K=3),0.0,
106478,Random,0.0,
106478,Popularity,0.1666666666666666,
106478,CF (ItemKNN),0.0,
106478,Content (Avg Emb),0.0,
106478,Last-Item,0.0,
106478,Avg-Last-10,0.0,
106478,Recency-Weighted,0.0,
106478,Essence (K=3),0.0,
106482,Random,0.0,
106482,Popularity,0.0,
106482,CF (ItemKNN),0.0,
106482,Content (Avg Emb),0.0,
106482,Last-Item,0.0,
106482,Avg-Last-10,0.0,
106482,Recency-Weighted,0.0,
106482,Essence (K=3),0.0,
106490,Random,0.0,
106490,Popularity,0.0,
106490,CF (ItemKNN),0.2142857142857142,
106490,Content (Avg Emb),0.0,
106490,Last-Item,0.0,
106490,Avg-Last-10,0.0,
106490,Recency-Weighted,0.0,
106490,Essence (K=3),0.0,
106544,Random,0.0,
106544,Popularity,0.0,
106544,CF (ItemKNN),0.0,
106544,Content (Avg Emb),0.0,
106544,Last-Item,0.0714285714285714,
106544,Avg-Last-10,0.1428571428571428,
106544,Recency-Weighted,0.1428571428571428,
106544,Essence (K=3),0.1428571428571428,
106748,Random,0.0,
106748,Popularity,0.0,
106748,CF (ItemKNN),0.04,
106748,Content (Avg Emb),0.0,
106748,Last-Item,0.0,
106748,Avg-Last-10,0.0,
106748,Recency-Weighted,0.0,
106748,Essence (K=3),0.0,
106845,Random,0.0,
106845,Popularity,0.0,
106845,CF (ItemKNN),0.0,
106845,Content (Avg Emb),0.0,
106845,Last-Item,0.0,
106845,Avg-Last-10,0.0,
106845,Recency-Weighted,0.0,
106845,Essence (K=3),0.0,
106850,Random,0.0,
106850,Popularity,0.25,
106850,CF (ItemKNN),0.25,
106850,Content (Avg Emb),0.0,
106850,Last-Item,0.0,
106850,Avg-Last-10,0.0,
106850,Recency-Weighted,0.0,
106850,Essence (K=3),0.0,
106851,Random,0.0,
106851,Popularity,0.0,
106851,CF (ItemKNN),0.0,
106851,Content (Avg Emb),0.0,
106851,Last-Item,0.0,
106851,Avg-Last-10,0.0,
106851,Recency-Weighted,0.0,
106851,Essence (K=3),0.0,
106901,Random,0.0,
106901,Popularity,0.2857142857142857,
106901,CF (ItemKNN),0.4285714285714285,
106901,Content (Avg Emb),0.0,
106901,Last-Item,0.0,
106901,Avg-Last-10,0.0,
106901,Recency-Weighted,0.0,
106901,Essence (K=3),0.0,
106946,Random,0.0,
106946,Popularity,0.0526315789473684,
106946,CF (ItemKNN),0.1052631578947368,
106946,Content (Avg Emb),0.0,
106946,Last-Item,0.0,
106946,Avg-Last-10,0.0,
106946,Recency-Weighted,0.0,
106946,Essence (K=3),0.0,
107112,Random,0.0,
107112,Popularity,0.0,
107112,CF (ItemKNN),0.0,
107112,Content (Avg Emb),0.0,
107112,Last-Item,0.0,
107112,Avg-Last-10,0.0,
107112,Recency-Weighted,0.0,
107112,Essence (K=3),0.0,
107149,Random,0.0,
107149,Popularity,0.1111111111111111,
107149,CF (ItemKNN),0.2222222222222222,
107149,Content (Avg Emb),0.0,
107149,Last-Item,0.0,
107149,Avg-Last-10,0.0,
107149,Recency-Weighted,0.0,
107149,Essence (K=3),0.0,
107196,Random,0.0,
107196,Popularity,0.1,
107196,CF (ItemKNN),0.15,
107196,Content (Avg Emb),0.0,
107196,Last-Item,0.0,
107196,Avg-Last-10,0.0,
107196,Recency-Weighted,0.0,
107196,Essence (K=3),0.0,
107214,Random,0.0,0.0
107214,Popularity,0.1111111111111111,0.0
107214,CF (ItemKNN),0.0,0.0
107214,Content (Avg Emb),0.0,0.0
107214,Last-Item,0.0,0.0
107214,Avg-Last-10,0.0,0.0
107214,Recency-Weighted,0.0,0.0
107214,Essence (K=3),0.1111111111111111,0.0
107425,Random,0.0,
107425,Popularity,0.0625,
107425,CF (ItemKNN),0.0,
107425,Content (Avg Emb),0.0,
107425,Last-Item,0.0,
107425,Avg-Last-10,0.0,
107425,Recency-Weighted,0.0,
107425,Essence (K=3),0.0,
107504,Random,0.0,
107504,Popularity,0.0,
107504,CF (ItemKNN),0.1111111111111111,
107504,Content (Avg Emb),0.0,
107504,Last-Item,0.0,
107504,Avg-Last-10,0.0,
107504,Recency-Weighted,0.0,
107504,Essence (K=3),0.0,
107632,Random,0.0,
107632,Popularity,0.0555555555555555,
107632,CF (ItemKNN),0.0555555555555555,
107632,Content (Avg Emb),0.0,
107632,Last-Item,0.0,
107632,Avg-Last-10,0.0,
107632,Recency-Weighted,0.0,
107632,Essence (K=3),0.0,
107647,Random,0.0,
107647,Popularity,0.0,
107647,CF (ItemKNN),0.2,
107647,Content (Avg Emb),0.0,
107647,Last-Item,0.0,
107647,Avg-Last-10,0.0,
107647,Recency-Weighted,0.0,
107647,Essence (K=3),0.0,
107672,Random,0.0,
107672,Popularity,0.0,
107672,CF (ItemKNN),0.0,
107672,Content (Avg Emb),0.0,
107672,Last-Item,0.0,
107672,Avg-Last-10,0.0,
107672,Recency-Weighted,0.0,
107672,Essence (K=3),0.0,
107764,Random,0.0,
107764,Popularity,0.125,
107764,CF (ItemKNN),0.0,
107764,Content (Avg Emb),0.0,
107764,Last-Item,0.0,
107764,Avg-Last-10,0.0,
107764,Recency-Weighted,0.0,
107764,Essence (K=3),0.0,
107862,Random,0.0,
107862,Popularity,0.0,
107862,CF (ItemKNN),0.0,
107862,Content (Avg Emb),0.0,
107862,Last-Item,0.0,
107862,Avg-Last-10,0.0,
107862,Recency-Weighted,0.0,
107862,Essence (K=3),0.0,
108098,Random,0.0,0.0
108098,Popularity,0.0,0.0
108098,CF (ItemKNN),0.0,0.0
108098,Content (Avg Emb),0.0,0.0
108098,Last-Item,0.0,0.0
108098,Avg-Last-10,0.0,0.0
108098,Recency-Weighted,0.0,0.0
108098,Essence (K=3),0.0,0.0
108154,Random,0.0,
108154,Popularity,0.0714285714285714,
108154,CF (ItemKNN),0.1785714285714285,
108154,Content (Avg Emb),0.0,
108154,Last-Item,0.0357142857142857,
108154,Avg-Last-10,0.0,
108154,Recency-Weighted,0.0,
108154,Essence (K=3),0.0,
108254,Random,0.0,0.0
108254,Popularity,0.0,0.0
108254,CF (ItemKNN),0.0,0.0
108254,Content (Avg Emb),0.0,0.0
108254,Last-Item,0.0,0.0
108254,Avg-Last-10,0.0,0.0
108254,Recency-Weighted,0.0,0.0
108254,Essence (K=3),0.0,0.0
108359,Random,0.0,0.0
108359,Popularity,0.1538461538461538,0.0
108359,CF (ItemKNN),0.0769230769230769,0.0
108359,Content (Avg Emb),0.0,0.0
108359,Last-Item,0.0,0.0
108359,Avg-Last-10,0.0,0.0
108359,Recency-Weighted,0.0,0.0
108359,Essence (K=3),0.0,0.0
108382,Random,0.0,0.0
108382,Popularity,0.0,0.0
108382,CF (ItemKNN),0.03125,0.0
108382,Content (Avg Emb),0.0,0.0
108382,Last-Item,0.03125,0.0
108382,Avg-Last-10,0.0,0.0
108382,Recency-Weighted,0.0,0.0
108382,Essence (K=3),0.03125,0.0
108412,Random,0.0,
108412,Popularity,0.0,
108412,CF (ItemKNN),0.0,
108412,Content (Avg Emb),0.0,
108412,Last-Item,0.0,
108412,Avg-Last-10,0.0,
108412,Recency-Weighted,0.0,
108412,Essence (K=3),0.0,
108499,Random,0.0,
108499,Popularity,0.375,
108499,CF (ItemKNN),0.5,
108499,Content (Avg Emb),0.125,
108499,Last-Item,0.0,
108499,Avg-Last-10,0.125,
108499,Recency-Weighted,0.125,
108499,Essence (K=3),0.0,
108529,Random,0.0,
108529,Popularity,0.0,
108529,CF (ItemKNN),0.0,
108529,Content (Avg Emb),0.0,
108529,Last-Item,0.0,
108529,Avg-Last-10,0.0,
108529,Recency-Weighted,0.0,
108529,Essence (K=3),0.0,
108544,Random,0.0,0.0
108544,Popularity,0.0,0.0
108544,CF (ItemKNN),0.0476190476190476,0.0
108544,Content (Avg Emb),0.0,0.0
108544,Last-Item,0.0,0.0
108544,Avg-Last-10,0.0,0.0
108544,Recency-Weighted,0.0,0.0
108544,Essence (K=3),0.0,0.0
108614,Random,0.0,0.0
108614,Popularity,0.0,0.0
108614,CF (ItemKNN),0.0,0.0
108614,Content (Avg Emb),0.0,0.0
108614,Last-Item,0.0,0.0
108614,Avg-Last-10,0.0,0.0
108614,Recency-Weighted,0.0,0.0
108614,Essence (K=3),0.0,0.0
108735,Random,0.0,
108735,Popularity,0.0,
108735,CF (ItemKNN),0.0,
108735,Content (Avg Emb),0.0,
108735,Last-Item,0.0,
108735,Avg-Last-10,0.0,
108735,Recency-Weighted,0.0,
108735,Essence (K=3),0.0,
108746,Random,0.0,
108746,Popularity,0.0,
108746,CF (ItemKNN),0.0,
108746,Content (Avg Emb),0.0,
108746,Last-Item,0.0,
108746,Avg-Last-10,0.0,
108746,Recency-Weighted,0.0,
108746,Essence (K=3),0.0,
108785,Random,0.0,
108785,Popularity,0.0,
108785,CF (ItemKNN),0.3333333333333333,
108785,Content (Avg Emb),0.0,
108785,Last-Item,0.0,
108785,Avg-Last-10,0.0,
108785,Recency-Weighted,0.0,
108785,Essence (K=3),0.0,
108844,Random,0.0,
108844,Popularity,0.0,
108844,CF (ItemKNN),0.0,
108844,Content (Avg Emb),0.025,
108844,Last-Item,0.0,
108844,Avg-Last-10,0.0,
108844,Recency-Weighted,0.0,
108844,Essence (K=3),0.025,
108961,Random,0.0,
108961,Popularity,0.0909090909090909,
108961,CF (ItemKNN),0.0,
108961,Content (Avg Emb),0.0,
108961,Last-Item,0.0,
108961,Avg-Last-10,0.0,
108961,Recency-Weighted,0.0,
108961,Essence (K=3),0.0,
108999,Random,0.0,
108999,Popularity,0.0,
108999,CF (ItemKNN),0.0384615384615384,
108999,Content (Avg Emb),0.0,
108999,Last-Item,0.0,
108999,Avg-Last-10,0.0384615384615384,
108999,Recency-Weighted,0.0384615384615384,
108999,Essence (K=3),0.0,
109044,Random,0.0,
109044,Popularity,0.0714285714285714,
109044,CF (ItemKNN),0.1428571428571428,
109044,Content (Avg Emb),0.0,
109044,Last-Item,0.0,
109044,Avg-Last-10,0.0,
109044,Recency-Weighted,0.0,
109044,Essence (K=3),0.0,
109111,Random,0.0,
109111,Popularity,0.25,
109111,CF (ItemKNN),0.5,
109111,Content (Avg Emb),0.0,
109111,Last-Item,0.0,
109111,Avg-Last-10,0.0,
109111,Recency-Weighted,0.0,
109111,Essence (K=3),0.0,
109163,Random,0.0,0.0
109163,Popularity,0.0434782608695652,0.0
109163,CF (ItemKNN),0.0869565217391304,0.0
109163,Content (Avg Emb),0.0,0.0
109163,Last-Item,0.0,0.0
109163,Avg-Last-10,0.0,0.0
109163,Recency-Weighted,0.0,0.0
109163,Essence (K=3),0.0,0.0
109192,Random,0.0,
109192,Popularity,0.2,
109192,CF (ItemKNN),0.2,
109192,Content (Avg Emb),0.0,
109192,Last-Item,0.0,
109192,Avg-Last-10,0.0,
109192,Recency-Weighted,0.0,
109192,Essence (K=3),0.0,
109209,Random,0.0,
109209,Popularity,0.0,
109209,CF (ItemKNN),0.1,
109209,Content (Avg Emb),0.0,
109209,Last-Item,0.0,
109209,Avg-Last-10,0.0,
109209,Recency-Weighted,0.0,
109209,Essence (K=3),0.0,
109250,Random,0.0,
109250,Popularity,0.0,
109250,CF (ItemKNN),0.0,
109250,Content (Avg Emb),0.0,
109250,Last-Item,0.0,
109250,Avg-Last-10,0.0,
109250,Recency-Weighted,0.0,
109250,Essence (K=3),0.0,
109373,Random,0.0,
109373,Popularity,0.0,
109373,CF (ItemKNN),0.0,
109373,Content (Avg Emb),0.0,
109373,Last-Item,0.0,
109373,Avg-Last-10,0.0,
109373,Recency-Weighted,0.0,
109373,Essence (K=3),0.0,
109682,Random,0.0,
109682,Popularity,0.0,
109682,CF (ItemKNN),0.0833333333333333,
109682,Content (Avg Emb),0.0,
109682,Last-Item,0.0,
109682,Avg-Last-10,0.0,
109682,Recency-Weighted,0.0,
109682,Essence (K=3),0.0,
109688,Random,0.0,
109688,Popularity,0.5,
109688,CF (ItemKNN),0.5,
109688,Content (Avg Emb),0.25,
109688,Last-Item,0.0,
109688,Avg-Last-10,0.25,
109688,Recency-Weighted,0.25,
109688,Essence (K=3),0.0,
109694,Random,0.0,
109694,Popularity,0.0588235294117647,
109694,CF (ItemKNN),0.0,
109694,Content (Avg Emb),0.0,
109694,Last-Item,0.0,
109694,Avg-Last-10,0.0,
109694,Recency-Weighted,0.0,
109694,Essence (K=3),0.0,
109805,Random,0.0,0.0
109805,Popularity,0.1111111111111111,0.0
109805,CF (ItemKNN),0.1111111111111111,0.0
109805,Content (Avg Emb),0.0,0.0
109805,Last-Item,0.0,0.0
109805,Avg-Last-10,0.0555555555555555,0.0
109805,Recency-Weighted,0.0555555555555555,0.0
109805,Essence (K=3),0.0,0.0
109854,Random,0.0,0.0
109854,Popularity,0.0303030303030303,0.0
109854,CF (ItemKNN),0.0606060606060606,0.0
109854,Content (Avg Emb),0.0,0.0
109854,Last-Item,0.0,0.0
109854,Avg-Last-10,0.0,0.0
109854,Recency-Weighted,0.0,0.0
109854,Essence (K=3),0.0,0.0
109912,Random,0.0,0.0
109912,Popularity,0.0277777777777777,0.0
109912,CF (ItemKNN),0.0,0.0
109912,Content (Avg Emb),0.0,0.0
109912,Last-Item,0.0,0.0
109912,Avg-Last-10,0.0,0.0
109912,Recency-Weighted,0.0,0.0
109912,Essence (K=3),0.0,0.0
110015,Random,0.0,
110015,Popularity,0.0,
110015,CF (ItemKNN),0.0,
110015,Content (Avg Emb),0.0,
110015,Last-Item,0.0,
110015,Avg-Last-10,0.0,
110015,Recency-Weighted,0.0,
110015,Essence (K=3),0.0,
110033,Random,0.0,
110033,Popularity,0.0,
110033,CF (ItemKNN),0.0,
110033,Content (Avg Emb),0.0,
110033,Last-Item,0.0,
110033,Avg-Last-10,0.0,
110033,Recency-Weighted,0.0,
110033,Essence (K=3),0.0,
110107,Random,0.0,
110107,Popularity,0.0909090909090909,
110107,CF (ItemKNN),0.0909090909090909,
110107,Content (Avg Emb),0.0,
110107,Last-Item,0.0,
110107,Avg-Last-10,0.0,
110107,Recency-Weighted,0.0,
110107,Essence (K=3),0.0,
110158,Random,0.0,
110158,Popularity,0.1428571428571428,
110158,CF (ItemKNN),0.0,
110158,Content (Avg Emb),0.0,
110158,Last-Item,0.0,
110158,Avg-Last-10,0.0,
110158,Recency-Weighted,0.0,
110158,Essence (K=3),0.0,
110189,Random,0.0,0.0
110189,Popularity,0.0,0.0
110189,CF (ItemKNN),0.0,0.0
110189,Content (Avg Emb),0.0,0.0
110189,Last-Item,0.0,0.0
110189,Avg-Last-10,0.0,0.0
110189,Recency-Weighted,0.0,0.0
110189,Essence (K=3),0.0,0.0
110225,Random,0.0,
110225,Popularity,0.0,
110225,CF (ItemKNN),0.0,
110225,Content (Avg Emb),0.0,
110225,Last-Item,0.0,
110225,Avg-Last-10,0.0,
110225,Recency-Weighted,0.0,
110225,Essence (K=3),0.0,
110235,Random,0.0,
110235,Popularity,0.1666666666666666,
110235,CF (ItemKNN),0.3333333333333333,
110235,Content (Avg Emb),0.0,
110235,Last-Item,0.0,
110235,Avg-Last-10,0.0,
110235,Recency-Weighted,0.0,
110235,Essence (K=3),0.0,
110284,Random,0.0,
110284,Popularity,0.032258064516129,
110284,CF (ItemKNN),0.032258064516129,
110284,Content (Avg Emb),0.0,
110284,Last-Item,0.0,
110284,Avg-Last-10,0.0,
110284,Recency-Weighted,0.0,
110284,Essence (K=3),0.0,
110306,Random,0.0,
110306,Popularity,0.0714285714285714,
110306,CF (ItemKNN),0.0,
110306,Content (Avg Emb),0.0,
110306,Last-Item,0.0,
110306,Avg-Last-10,0.0,
110306,Recency-Weighted,0.0,
110306,Essence (K=3),0.0,
110479,Random,0.0,0.0
110479,Popularity,0.0,0.0
110479,CF (ItemKNN),0.0,0.0
110479,Content (Avg Emb),0.0,0.0
110479,Last-Item,0.0,0.0
110479,Avg-Last-10,0.0,0.0
110479,Recency-Weighted,0.0,0.0
110479,Essence (K=3),0.0,0.0
110577,Random,0.0,0.0
110577,Popularity,0.0,0.0
110577,CF (ItemKNN),0.25,0.0
110577,Content (Avg Emb),0.0,0.0
110577,Last-Item,0.0,0.0
110577,Avg-Last-10,0.0,0.0
110577,Recency-Weighted,0.0,0.0
110577,Essence (K=3),0.0,0.0
110589,Random,0.0,0.0
110589,Popularity,0.0,0.0
110589,CF (ItemKNN),0.0,0.0
110589,Content (Avg Emb),0.0,0.0
110589,Last-Item,0.0,0.0
110589,Avg-Last-10,0.0384615384615384,0.0
110589,Recency-Weighted,0.0384615384615384,0.0
110589,Essence (K=3),0.0384615384615384,0.0
110660,Random,0.0,0.0
110660,Popularity,0.0,0.0
110660,CF (ItemKNN),0.0,0.0
110660,Content (Avg Emb),0.0,0.0
110660,Last-Item,0.0,0.0
110660,Avg-Last-10,0.0,0.0
110660,Recency-Weighted,0.0,0.0
110660,Essence (K=3),0.0,0.0
110665,Random,0.0,
110665,Popularity,0.0,
110665,CF (ItemKNN),0.0833333333333333,
110665,Content (Avg Emb),0.0,
110665,Last-Item,0.0,
110665,Avg-Last-10,0.0,
110665,Recency-Weighted,0.0,
110665,Essence (K=3),0.0,
110747,Random,0.0,
110747,Popularity,0.0,
110747,CF (ItemKNN),0.0,
110747,Content (Avg Emb),0.0,
110747,Last-Item,0.0,
110747,Avg-Last-10,0.0,
110747,Recency-Weighted,0.0,
110747,Essence (K=3),0.0,
110911,Random,0.0,
110911,Popularity,0.0,
110911,CF (ItemKNN),0.0,
110911,Content (Avg Emb),0.0,
110911,Last-Item,0.0,
110911,Avg-Last-10,0.0,
110911,Recency-Weighted,0.0,
110911,Essence (K=3),0.0,
110921,Random,0.0,
110921,Popularity,0.4545454545454545,
110921,CF (ItemKNN),0.2727272727272727,
110921,Content (Avg Emb),0.0909090909090909,
110921,Last-Item,0.0,
110921,Avg-Last-10,0.0,
110921,Recency-Weighted,0.0,
110921,Essence (K=3),0.0,
110928,Random,0.0,
110928,Popularity,0.0,
110928,CF (ItemKNN),0.0,
110928,Content (Avg Emb),0.0,
110928,Last-Item,0.0,
110928,Avg-Last-10,0.0,
110928,Recency-Weighted,0.0,
110928,Essence (K=3),0.0,
110996,Random,0.0,
110996,Popularity,0.1666666666666666,
110996,CF (ItemKNN),0.1666666666666666,
110996,Content (Avg Emb),0.0,
110996,Last-Item,0.0,
110996,Avg-Last-10,0.0,
110996,Recency-Weighted,0.0,
110996,Essence (K=3),0.0,
111063,Random,0.0,
111063,Popularity,0.0714285714285714,
111063,CF (ItemKNN),0.0,
111063,Content (Avg Emb),0.0,
111063,Last-Item,0.0,
111063,Avg-Last-10,0.0,
111063,Recency-Weighted,0.0,
111063,Essence (K=3),0.0,
111132,Random,0.0,
111132,Popularity,0.0,
111132,CF (ItemKNN),0.1111111111111111,
111132,Content (Avg Emb),0.0,
111132,Last-Item,0.0,
111132,Avg-Last-10,0.0,
111132,Recency-Weighted,0.0,
111132,Essence (K=3),0.0,
111241,Random,0.0,
111241,Popularity,0.0,
111241,CF (ItemKNN),0.0,
111241,Content (Avg Emb),0.0,
111241,Last-Item,0.0,
111241,Avg-Last-10,0.0,
111241,Recency-Weighted,0.0,
111241,Essence (K=3),0.0,
111305,Random,0.0,
111305,Popularity,0.0,
111305,CF (ItemKNN),0.037037037037037,
111305,Content (Avg Emb),0.037037037037037,
111305,Last-Item,0.0,
111305,Avg-Last-10,0.0,
111305,Recency-Weighted,0.0,
111305,Essence (K=3),0.0,
111406,Random,0.0,
111406,Popularity,0.1111111111111111,
111406,CF (ItemKNN),0.1111111111111111,
111406,Content (Avg Emb),0.0,
111406,Last-Item,0.0,
111406,Avg-Last-10,0.0,
111406,Recency-Weighted,0.0,
111406,Essence (K=3),0.0,
111410,Random,0.0,
111410,Popularity,0.0,
111410,CF (ItemKNN),0.0,
111410,Content (Avg Emb),0.0,
111410,Last-Item,0.0909090909090909,
111410,Avg-Last-10,0.0,
111410,Recency-Weighted,0.0,
111410,Essence (K=3),0.0,
111455,Random,0.0,
111455,Popularity,0.0,
111455,CF (ItemKNN),0.0,
111455,Content (Avg Emb),0.0,
111455,Last-Item,0.0,
111455,Avg-Last-10,0.0,
111455,Recency-Weighted,0.0,
111455,Essence (K=3),0.0,
111478,Random,0.0,
111478,Popularity,0.1428571428571428,
111478,CF (ItemKNN),0.0714285714285714,
111478,Content (Avg Emb),0.0,
111478,Last-Item,0.0,
111478,Avg-Last-10,0.0,
111478,Recency-Weighted,0.0,
111478,Essence (K=3),0.0,
111700,Random,0.0,
111700,Popularity,0.0,
111700,CF (ItemKNN),0.4,
111700,Content (Avg Emb),0.0,
111700,Last-Item,0.0,
111700,Avg-Last-10,0.0,
111700,Recency-Weighted,0.0,
111700,Essence (K=3),0.0,
111759,Random,0.0,
111759,Popularity,0.5,
111759,CF (ItemKNN),0.5,
111759,Content (Avg Emb),0.0,
111759,Last-Item,0.0,
111759,Avg-Last-10,0.0,
111759,Recency-Weighted,0.0,
111759,Essence (K=3),0.0,
111885,Random,0.0,0.0
111885,Popularity,0.0,0.0
111885,CF (ItemKNN),0.2,0.0
111885,Content (Avg Emb),0.0,0.0
111885,Last-Item,0.0,0.0
111885,Avg-Last-10,0.0,0.0
111885,Recency-Weighted,0.0,0.0
111885,Essence (K=3),0.0,0.0
111919,Random,0.0,
111919,Popularity,0.0,
111919,CF (ItemKNN),0.0,
111919,Content (Avg Emb),0.0,
111919,Last-Item,0.0,
111919,Avg-Last-10,0.0,
111919,Recency-Weighted,0.0,
111919,Essence (K=3),0.0,
111977,Random,0.0,
111977,Popularity,0.0,
111977,CF (ItemKNN),0.0,
111977,Content (Avg Emb),0.0,
111977,Last-Item,0.0,
111977,Avg-Last-10,0.0,
111977,Recency-Weighted,0.0,
111977,Essence (K=3),0.0,
112118,Random,0.0,
112118,Popularity,0.0,
112118,CF (ItemKNN),0.0,
112118,Content (Avg Emb),0.0,
112118,Last-Item,0.0,
112118,Avg-Last-10,0.0,
112118,Recency-Weighted,0.0,
112118,Essence (K=3),0.0,
112133,Random,0.0,
112133,Popularity,0.0769230769230769,
112133,CF (ItemKNN),0.0769230769230769,
112133,Content (Avg Emb),0.0,
112133,Last-Item,0.0,
112133,Avg-Last-10,0.0,
112133,Recency-Weighted,0.0,
112133,Essence (K=3),0.0,
112173,Random,0.0,
112173,Popularity,0.0,
112173,CF (ItemKNN),0.0,
112173,Content (Avg Emb),0.0,
112173,Last-Item,0.0,
112173,Avg-Last-10,0.0,
112173,Recency-Weighted,0.0,
112173,Essence (K=3),0.0,
112351,Random,0.0,0.0
112351,Popularity,0.0,0.0
112351,CF (ItemKNN),0.0,0.0
112351,Content (Avg Emb),0.0,0.0
112351,Last-Item,0.0,0.0
112351,Avg-Last-10,0.0666666666666666,0.0
112351,Recency-Weighted,0.0666666666666666,0.0
112351,Essence (K=3),0.0666666666666666,0.0
112425,Random,0.0,0.0
112425,Popularity,0.5,0.0
112425,CF (ItemKNN),0.5,0.0
112425,Content (Avg Emb),0.0,0.0
112425,Last-Item,0.0,0.0
112425,Avg-Last-10,0.0,0.0
112425,Recency-Weighted,0.0,0.0
112425,Essence (K=3),0.0,0.0
112552,Random,0.0,
112552,Popularity,0.0,
112552,CF (ItemKNN),0.1,
112552,Content (Avg Emb),0.0,
112552,Last-Item,0.0,
112552,Avg-Last-10,0.0,
112552,Recency-Weighted,0.0,
112552,Essence (K=3),0.0,
112573,Random,0.0,
112573,Popularity,0.0,
112573,CF (ItemKNN),0.0,
112573,Content (Avg Emb),0.0,
112573,Last-Item,0.0,
112573,Avg-Last-10,0.0,
112573,Recency-Weighted,0.0,
112573,Essence (K=3),0.0,
112606,Random,0.0,
112606,Popularity,0.0,
112606,CF (ItemKNN),0.0,
112606,Content (Avg Emb),0.0,
112606,Last-Item,0.0,
112606,Avg-Last-10,0.0,
112606,Recency-Weighted,0.0,
112606,Essence (K=3),0.0,
112775,Random,0.0,
112775,Popularity,0.0,
112775,CF (ItemKNN),0.0,
112775,Content (Avg Emb),0.0,
112775,Last-Item,0.0,
112775,Avg-Last-10,0.0,
112775,Recency-Weighted,0.0,
112775,Essence (K=3),0.0,
112794,Random,0.0,0.0
112794,Popularity,0.0,0.0
112794,CF (ItemKNN),0.0,0.0
112794,Content (Avg Emb),0.0,0.0
112794,Last-Item,0.0,0.0
112794,Avg-Last-10,0.0,0.0
112794,Recency-Weighted,0.0,0.0
112794,Essence (K=3),0.0,0.0
112903,Random,0.0,
112903,Popularity,0.1111111111111111,
112903,CF (ItemKNN),0.2222222222222222,
112903,Content (Avg Emb),0.0,
112903,Last-Item,0.0,
112903,Avg-Last-10,0.0,
112903,Recency-Weighted,0.0,
112903,Essence (K=3),0.0,
112964,Random,0.0,0.0
112964,Popularity,0.0,0.0
112964,CF (ItemKNN),0.0,0.0
112964,Content (Avg Emb),0.0,0.0
112964,Last-Item,0.0,0.0
112964,Avg-Last-10,0.0,0.0
112964,Recency-Weighted,0.0,0.0
112964,Essence (K=3),0.0,0.0
113048,Random,0.0,
113048,Popularity,0.0,
113048,CF (ItemKNN),0.0,
113048,Content (Avg Emb),0.0,
113048,Last-Item,0.0,
113048,Avg-Last-10,0.0,
113048,Recency-Weighted,0.0,
113048,Essence (K=3),0.0,
113073,Random,0.0,0.0
113073,Popularity,0.032258064516129,0.0
113073,CF (ItemKNN),0.032258064516129,0.0
113073,Content (Avg Emb),0.0,0.0
113073,Last-Item,0.0,0.0
113073,Avg-Last-10,0.0,0.0
113073,Recency-Weighted,0.0,0.0
113073,Essence (K=3),0.0,0.0
113093,Random,0.0,
113093,Popularity,0.2,
113093,CF (ItemKNN),0.3,
113093,Content (Avg Emb),0.0,
113093,Last-Item,0.0,
113093,Avg-Last-10,0.0,
113093,Recency-Weighted,0.0,
113093,Essence (K=3),0.0,
113183,Random,0.0,0.0
113183,Popularity,0.0909090909090909,0.0
113183,CF (ItemKNN),0.0,0.0
113183,Content (Avg Emb),0.0,0.0
113183,Last-Item,0.0,0.0
113183,Avg-Last-10,0.0,0.0
113183,Recency-Weighted,0.0,0.0
113183,Essence (K=3),0.0,0.0
113269,Random,0.0,0.0
113269,Popularity,0.0,0.0
113269,CF (ItemKNN),0.0,0.0
113269,Content (Avg Emb),0.0,0.0
113269,Last-Item,0.0,0.0
113269,Avg-Last-10,0.0,0.0
113269,Recency-Weighted,0.0,0.0
113269,Essence (K=3),0.0,0.0
113376,Random,0.0,
113376,Popularity,0.25,
113376,CF (ItemKNN),0.0,
113376,Content (Avg Emb),0.0,
113376,Last-Item,0.0,
113376,Avg-Last-10,0.0,
113376,Recency-Weighted,0.0,
113376,Essence (K=3),0.0,
113452,Random,0.0,0.0
113452,Popularity,0.1428571428571428,0.0
113452,CF (ItemKNN),0.1428571428571428,0.0
113452,Content (Avg Emb),0.0,0.0
113452,Last-Item,0.1428571428571428,0.0
113452,Avg-Last-10,0.0,0.0
113452,Recency-Weighted,0.0,0.0
113452,Essence (K=3),0.0,0.0
113502,Random,0.0,
113502,Popularity,0.4,
113502,CF (ItemKNN),0.0,
113502,Content (Avg Emb),0.0,
113502,Last-Item,0.0,
113502,Avg-Last-10,0.0,
113502,Recency-Weighted,0.0,
113502,Essence (K=3),0.0,
113520,Random,0.0,0.0
113520,Popularity,0.0,0.0
113520,CF (ItemKNN),0.0,0.0
113520,Content (Avg Emb),0.0,0.0
113520,Last-Item,0.0,0.0
113520,Avg-Last-10,0.0,0.0
113520,Recency-Weighted,0.0,0.0
113520,Essence (K=3),0.0,0.0
113524,Random,0.0,
113524,Popularity,0.25,
113524,CF (ItemKNN),0.5,
113524,Content (Avg Emb),0.0,
113524,Last-Item,0.0,
113524,Avg-Last-10,0.0,
113524,Recency-Weighted,0.0,
113524,Essence (K=3),0.0,
113572,Random,0.0,
113572,Popularity,0.0,
113572,CF (ItemKNN),0.05,
113572,Content (Avg Emb),0.0,
113572,Last-Item,0.0,
113572,Avg-Last-10,0.0,
113572,Recency-Weighted,0.0,
113572,Essence (K=3),0.0,
113573,Random,0.0,0.0
113573,Popularity,0.0,0.0
113573,CF (ItemKNN),0.0,0.0
113573,Content (Avg Emb),0.0,0.0
113573,Last-Item,0.0,0.0
113573,Avg-Last-10,0.0,0.0
113573,Recency-Weighted,0.0,0.0
113573,Essence (K=3),0.0714285714285714,1.0
113638,Random,0.0,
113638,Popularity,0.0,
113638,CF (ItemKNN),0.0,
113638,Content (Avg Emb),0.0,
113638,Last-Item,0.0,
113638,Avg-Last-10,0.0769230769230769,
113638,Recency-Weighted,0.0769230769230769,
113638,Essence (K=3),0.0,
113764,Random,0.0,
113764,Popularity,0.0,
113764,CF (ItemKNN),1.0,
113764,Content (Avg Emb),0.0,
113764,Last-Item,0.0,
113764,Avg-Last-10,0.0,
113764,Recency-Weighted,0.0,
113764,Essence (K=3),0.0,
113927,Random,0.0,
113927,Popularity,0.2,
113927,CF (ItemKNN),0.0,
113927,Content (Avg Emb),0.0,
113927,Last-Item,0.0,
113927,Avg-Last-10,0.0,
113927,Recency-Weighted,0.0,
113927,Essence (K=3),0.0,
114079,Random,0.0,
114079,Popularity,0.0,
114079,CF (ItemKNN),0.0,
114079,Content (Avg Emb),0.0,
114079,Last-Item,0.0,
114079,Avg-Last-10,0.0,
114079,Recency-Weighted,0.0,
114079,Essence (K=3),0.0,
114124,Random,0.0,
114124,Popularity,0.0,
114124,CF (ItemKNN),0.25,
114124,Content (Avg Emb),0.0,
114124,Last-Item,0.0,
114124,Avg-Last-10,0.0,
114124,Recency-Weighted,0.0,
114124,Essence (K=3),0.0,
114131,Random,0.0,
114131,Popularity,0.0,
114131,CF (ItemKNN),0.0,
114131,Content (Avg Emb),0.0,
114131,Last-Item,0.0,
114131,Avg-Last-10,0.0,
114131,Recency-Weighted,0.1666666666666666,
114131,Essence (K=3),0.0,
114387,Random,0.0,0.0
114387,Popularity,0.0,0.0
114387,CF (ItemKNN),0.0,0.0
114387,Content (Avg Emb),0.0285714285714285,0.0
114387,Last-Item,0.0,0.0
114387,Avg-Last-10,0.0285714285714285,0.0
114387,Recency-Weighted,0.0285714285714285,0.0
114387,Essence (K=3),0.0,0.0
114462,Random,0.0,0.0
114462,Popularity,0.0416666666666666,0.0
114462,CF (ItemKNN),0.1666666666666666,0.0
114462,Content (Avg Emb),0.0,0.0
114462,Last-Item,0.0,0.0
114462,Avg-Last-10,0.0,0.0
114462,Recency-Weighted,0.0,0.0
114462,Essence (K=3),0.0,0.0
114540,Random,0.0,
114540,Popularity,0.0,
114540,CF (ItemKNN),0.0,
114540,Content (Avg Emb),0.0,
114540,Last-Item,0.0,
114540,Avg-Last-10,0.0,
114540,Recency-Weighted,0.0,
114540,Essence (K=3),0.0,
114562,Random,0.0,
114562,Popularity,0.0,
114562,CF (ItemKNN),0.0,
114562,Content (Avg Emb),0.0,
114562,Last-Item,0.0,
114562,Avg-Last-10,0.0,
114562,Recency-Weighted,0.0,
114562,Essence (K=3),0.0,
114578,Random,0.0,
114578,Popularity,0.0,
114578,CF (ItemKNN),0.0,
114578,Content (Avg Emb),0.0,
114578,Last-Item,0.0,
114578,Avg-Last-10,0.0,
114578,Recency-Weighted,0.0,
114578,Essence (K=3),0.0,
114675,Random,0.0,
114675,Popularity,0.0416666666666666,
114675,CF (ItemKNN),0.0833333333333333,
114675,Content (Avg Emb),0.0,
114675,Last-Item,0.0,
114675,Avg-Last-10,0.0,
114675,Recency-Weighted,0.0,
114675,Essence (K=3),0.0,
114677,Random,0.0,
114677,Popularity,0.0,
114677,CF (ItemKNN),0.0,
114677,Content (Avg Emb),0.0,
114677,Last-Item,0.0,
114677,Avg-Last-10,0.0,
114677,Recency-Weighted,0.0,
114677,Essence (K=3),0.0,
114711,Random,0.0,
114711,Popularity,0.0416666666666666,
114711,CF (ItemKNN),0.0416666666666666,
114711,Content (Avg Emb),0.0,
114711,Last-Item,0.0,
114711,Avg-Last-10,0.0,
114711,Recency-Weighted,0.0416666666666666,
114711,Essence (K=3),0.0,
114728,Random,0.0,
114728,Popularity,0.2857142857142857,
114728,CF (ItemKNN),0.2857142857142857,
114728,Content (Avg Emb),0.0,
114728,Last-Item,0.0,
114728,Avg-Last-10,0.0,
114728,Recency-Weighted,0.0,
114728,Essence (K=3),0.0,
114828,Random,0.0,
114828,Popularity,0.0,
114828,CF (ItemKNN),0.2857142857142857,
114828,Content (Avg Emb),0.0,
114828,Last-Item,0.0,
114828,Avg-Last-10,0.0,
114828,Recency-Weighted,0.0,
114828,Essence (K=3),0.0,
114846,Random,0.0,
114846,Popularity,0.0416666666666666,
114846,CF (ItemKNN),0.0416666666666666,
114846,Content (Avg Emb),0.0,
114846,Last-Item,0.0,
114846,Avg-Last-10,0.0,
114846,Recency-Weighted,0.0,
114846,Essence (K=3),0.0,
115004,Random,0.0,
115004,Popularity,0.0,
115004,CF (ItemKNN),0.0,
115004,Content (Avg Emb),0.0,
115004,Last-Item,0.0,
115004,Avg-Last-10,0.0,
115004,Recency-Weighted,0.0,
115004,Essence (K=3),0.0,
115035,Random,0.0,
115035,Popularity,0.0,
115035,CF (ItemKNN),0.0,
115035,Content (Avg Emb),0.0,
115035,Last-Item,0.0,
115035,Avg-Last-10,0.0,
115035,Recency-Weighted,0.0,
115035,Essence (K=3),0.0,
115078,Random,0.0,0.0
115078,Popularity,0.0,0.0
115078,CF (ItemKNN),0.0,0.0
115078,Content (Avg Emb),0.0,0.0
115078,Last-Item,0.0,0.0
115078,Avg-Last-10,0.0,0.0
115078,Recency-Weighted,0.0,0.0
115078,Essence (K=3),0.0,0.0
115297,Random,0.0,
115297,Popularity,0.0,
115297,CF (ItemKNN),0.125,
115297,Content (Avg Emb),0.0,
115297,Last-Item,0.0,
115297,Avg-Last-10,0.0,
115297,Recency-Weighted,0.0,
115297,Essence (K=3),0.0,
115312,Random,0.0,
115312,Popularity,0.0833333333333333,
115312,CF (ItemKNN),0.0833333333333333,
115312,Content (Avg Emb),0.0,
115312,Last-Item,0.0,
115312,Avg-Last-10,0.0,
115312,Recency-Weighted,0.0,
115312,Essence (K=3),0.0,
115326,Random,0.0,0.0
115326,Popularity,0.0,0.0
115326,CF (ItemKNN),0.0,0.0
115326,Content (Avg Emb),0.0,0.0
115326,Last-Item,0.0,0.0
115326,Avg-Last-10,0.0,0.0
115326,Recency-Weighted,0.0,0.0
115326,Essence (K=3),0.0,0.0
115334,Random,0.0,
115334,Popularity,0.0,
115334,CF (ItemKNN),0.0,
115334,Content (Avg Emb),0.0,
115334,Last-Item,0.0,
115334,Avg-Last-10,0.0,
115334,Recency-Weighted,0.0,
115334,Essence (K=3),0.05,
115411,Random,0.0,
115411,Popularity,0.0,
115411,CF (ItemKNN),0.0,
115411,Content (Avg Emb),0.0,
115411,Last-Item,0.3333333333333333,
115411,Avg-Last-10,0.2222222222222222,
115411,Recency-Weighted,0.3333333333333333,
115411,Essence (K=3),0.0,
115585,Random,0.0,0.0
115585,Popularity,0.25,0.0
115585,CF (ItemKNN),0.1666666666666666,0.0
115585,Content (Avg Emb),0.0,0.0
115585,Last-Item,0.0,0.0
115585,Avg-Last-10,0.0,0.0
115585,Recency-Weighted,0.0,0.0
115585,Essence (K=3),0.0,0.0
115603,Random,0.0,
115603,Popularity,0.0588235294117647,
115603,CF (ItemKNN),0.0,
115603,Content (Avg Emb),0.0,
115603,Last-Item,0.0588235294117647,
115603,Avg-Last-10,0.0,
115603,Recency-Weighted,0.0,
115603,Essence (K=3),0.0,
115693,Random,0.0,0.0
115693,Popularity,0.0769230769230769,0.0
115693,CF (ItemKNN),0.1538461538461538,0.0
115693,Content (Avg Emb),0.0,0.0
115693,Last-Item,0.0,0.0
115693,Avg-Last-10,0.0,0.0
115693,Recency-Weighted,0.0,0.0
115693,Essence (K=3),0.0,0.0
115750,Random,0.0,
115750,Popularity,0.0476190476190476,
115750,CF (ItemKNN),0.0952380952380952,
115750,Content (Avg Emb),0.0,
115750,Last-Item,0.0,
115750,Avg-Last-10,0.0,
115750,Recency-Weighted,0.0,
115750,Essence (K=3),0.0,
115859,Random,0.0,
115859,Popularity,0.0,
115859,CF (ItemKNN),0.0,
115859,Content (Avg Emb),0.0,
115859,Last-Item,0.0,
115859,Avg-Last-10,0.0,
115859,Recency-Weighted,0.0,
115859,Essence (K=3),0.0,
115966,Random,0.0,
115966,Popularity,0.5,
115966,CF (ItemKNN),0.75,
115966,Content (Avg Emb),0.0,
115966,Last-Item,0.0,
115966,Avg-Last-10,0.0,
115966,Recency-Weighted,0.0,
115966,Essence (K=3),0.0,
115996,Random,0.0,0.0
115996,Popularity,0.0,0.0
115996,CF (ItemKNN),0.0833333333333333,0.0
115996,Content (Avg Emb),0.0,0.0
115996,Last-Item,0.0,0.0
115996,Avg-Last-10,0.0,0.0
115996,Recency-Weighted,0.0,0.0
115996,Essence (K=3),0.0,0.0
116045,Random,0.0,0.0
116045,Popularity,0.0,0.0
116045,CF (ItemKNN),0.0,0.0
116045,Content (Avg Emb),0.0,0.0
116045,Last-Item,0.0,0.0
116045,Avg-Last-10,0.0,0.0
116045,Recency-Weighted,0.0,0.0
116045,Essence (K=3),0.0,0.0
116173,Random,0.0,
116173,Popularity,0.0,
116173,CF (ItemKNN),0.0,
116173,Content (Avg Emb),0.0,
116173,Last-Item,0.0,
116173,Avg-Last-10,0.0,
116173,Recency-Weighted,0.0,
116173,Essence (K=3),0.0,
116269,Random,0.0,
116269,Popularity,0.0,
116269,CF (ItemKNN),0.0,
116269,Content (Avg Emb),0.0,
116269,Last-Item,0.0,
116269,Avg-Last-10,0.0,
116269,Recency-Weighted,0.0,
116269,Essence (K=3),0.0,
116331,Random,0.0,
116331,Popularity,0.25,
116331,CF (ItemKNN),0.1666666666666666,
116331,Content (Avg Emb),0.0,
116331,Last-Item,0.0,
116331,Avg-Last-10,0.0,
116331,Recency-Weighted,0.0,
116331,Essence (K=3),0.0,
116424,Random,0.0,
116424,Popularity,0.0,
116424,CF (ItemKNN),0.0,
116424,Content (Avg Emb),0.0,
116424,Last-Item,0.0,
116424,Avg-Last-10,0.0,
116424,Recency-Weighted,0.0,
116424,Essence (K=3),0.0,
116454,Random,0.0,
116454,Popularity,0.25,
116454,CF (ItemKNN),0.25,
116454,Content (Avg Emb),0.0,
116454,Last-Item,0.0,
116454,Avg-Last-10,0.0,
116454,Recency-Weighted,0.0,
116454,Essence (K=3),0.0,
116589,Random,0.0,
116589,Popularity,0.2,
116589,CF (ItemKNN),0.2,
116589,Content (Avg Emb),0.0,
116589,Last-Item,0.0,
116589,Avg-Last-10,0.0,
116589,Recency-Weighted,0.0,
116589,Essence (K=3),0.0,
116754,Random,0.0,0.0
116754,Popularity,0.0,0.0
116754,CF (ItemKNN),0.0,0.0
116754,Content (Avg Emb),0.0,0.0
116754,Last-Item,0.0,0.0
116754,Avg-Last-10,0.0,0.0
116754,Recency-Weighted,0.0,0.0
116754,Essence (K=3),0.0,0.0
117086,Random,0.0,
117086,Popularity,0.25,
117086,CF (ItemKNN),0.0,
117086,Content (Avg Emb),0.0,
117086,Last-Item,0.0,
117086,Avg-Last-10,0.0,
117086,Recency-Weighted,0.0,
117086,Essence (K=3),0.0,
117291,Random,0.0,
117291,Popularity,0.0,
117291,CF (ItemKNN),0.0,
117291,Content (Avg Emb),0.0,
117291,Last-Item,0.0,
117291,Avg-Last-10,0.0,
117291,Recency-Weighted,0.0,
117291,Essence (K=3),0.0,
117389,Random,0.0,
117389,Popularity,0.0,
117389,CF (ItemKNN),0.25,
117389,Content (Avg Emb),0.0,
117389,Last-Item,0.0,
117389,Avg-Last-10,0.0,
117389,Recency-Weighted,0.0,
117389,Essence (K=3),0.0,
117639,Random,0.0,
117639,Popularity,0.0,
117639,CF (ItemKNN),0.0,
117639,Content (Avg Emb),0.0,
117639,Last-Item,0.0,
117639,Avg-Last-10,0.0,
117639,Recency-Weighted,0.0,
117639,Essence (K=3),0.0,
117810,Random,0.0,
117810,Popularity,0.0,
117810,CF (ItemKNN),0.0769230769230769,
117810,Content (Avg Emb),0.0,
117810,Last-Item,0.0,
117810,Avg-Last-10,0.0,
117810,Recency-Weighted,0.0,
117810,Essence (K=3),0.0,
117836,Random,0.0,
117836,Popularity,0.0,
117836,CF (ItemKNN),0.0,
117836,Content (Avg Emb),0.0,
117836,Last-Item,0.0,
117836,Avg-Last-10,0.0,
117836,Recency-Weighted,0.0,
117836,Essence (K=3),0.0,
117899,Random,0.0,
117899,Popularity,0.0555555555555555,
117899,CF (ItemKNN),0.0555555555555555,
117899,Content (Avg Emb),0.0,
117899,Last-Item,0.0,
117899,Avg-Last-10,0.0,
117899,Recency-Weighted,0.0,
117899,Essence (K=3),0.0,
118066,Random,0.0,
118066,Popularity,0.1,
118066,CF (ItemKNN),0.2,
118066,Content (Avg Emb),0.0,
118066,Last-Item,0.05,
118066,Avg-Last-10,0.0,
118066,Recency-Weighted,0.0,
118066,Essence (K=3),0.0,
118113,Random,0.0,
118113,Popularity,0.0,
118113,CF (ItemKNN),0.1428571428571428,
118113,Content (Avg Emb),0.0,
118113,Last-Item,0.0,
118113,Avg-Last-10,0.0,
118113,Recency-Weighted,0.0,
118113,Essence (K=3),0.0,
118183,Random,0.0,
118183,Popularity,0.2,
118183,CF (ItemKNN),0.0,
118183,Content (Avg Emb),0.0,
118183,Last-Item,0.0,
118183,Avg-Last-10,0.0,
118183,Recency-Weighted,0.0,
118183,Essence (K=3),0.0,
118184,Random,0.0,0.0
118184,Popularity,0.0,0.0
118184,CF (ItemKNN),0.027027027027027,0.0
118184,Content (Avg Emb),0.0,0.0
118184,Last-Item,0.0,0.0
118184,Avg-Last-10,0.0,0.0
118184,Recency-Weighted,0.0,0.0
118184,Essence (K=3),0.0,0.0
118191,Random,0.0,
118191,Popularity,0.0,
118191,CF (ItemKNN),0.0555555555555555,
118191,Content (Avg Emb),0.0555555555555555,
118191,Last-Item,0.0,
118191,Avg-Last-10,0.0,
118191,Recency-Weighted,0.0,
118191,Essence (K=3),0.0,
118241,Random,0.0,
118241,Popularity,0.0769230769230769,
118241,CF (ItemKNN),0.2307692307692307,
118241,Content (Avg Emb),0.0,
118241,Last-Item,0.0,
118241,Avg-Last-10,0.0,
118241,Recency-Weighted,0.0,
118241,Essence (K=3),0.0,
118336,Random,0.0,
118336,Popularity,0.0,
118336,CF (ItemKNN),0.0,
118336,Content (Avg Emb),0.1111111111111111,
118336,Last-Item,0.0,
118336,Avg-Last-10,0.1111111111111111,
118336,Recency-Weighted,0.1111111111111111,
118336,Essence (K=3),0.0,
118362,Random,0.0,
118362,Popularity,0.3333333333333333,
118362,CF (ItemKNN),0.3333333333333333,
118362,Content (Avg Emb),0.0,
118362,Last-Item,0.0,
118362,Avg-Last-10,0.0,
118362,Recency-Weighted,0.0,
118362,Essence (K=3),0.0,
118406,Random,0.0,0.0
118406,Popularity,0.0,0.0
118406,CF (ItemKNN),0.1111111111111111,0.0
118406,Content (Avg Emb),0.0,0.0
118406,Last-Item,0.0,0.0
118406,Avg-Last-10,0.0,0.0
118406,Recency-Weighted,0.0,0.0
118406,Essence (K=3),0.0,0.0
118418,Random,0.0,
118418,Popularity,0.0769230769230769,
118418,CF (ItemKNN),0.0,
118418,Content (Avg Emb),0.0,
118418,Last-Item,0.0,
118418,Avg-Last-10,0.0,
118418,Recency-Weighted,0.0769230769230769,
118418,Essence (K=3),0.0,
118470,Random,0.0,
118470,Popularity,0.032258064516129,
118470,CF (ItemKNN),0.032258064516129,
118470,Content (Avg Emb),0.0,
118470,Last-Item,0.0,
118470,Avg-Last-10,0.0,
118470,Recency-Weighted,0.0,
118470,Essence (K=3),0.0,
118574,Random,0.0,
118574,Popularity,0.0,
118574,CF (ItemKNN),0.0,
118574,Content (Avg Emb),0.0,
118574,Last-Item,0.0,
118574,Avg-Last-10,0.0,
118574,Recency-Weighted,0.0,
118574,Essence (K=3),0.0,
118608,Random,0.0,
118608,Popularity,0.0,
118608,CF (ItemKNN),0.0,
118608,Content (Avg Emb),0.0,
118608,Last-Item,0.0,
118608,Avg-Last-10,0.0,
118608,Recency-Weighted,0.0,
118608,Essence (K=3),0.0,
118672,Random,0.0,0.0
118672,Popularity,0.0,0.0
118672,CF (ItemKNN),0.0,0.0
118672,Content (Avg Emb),0.0,0.0
118672,Last-Item,0.0,0.0
118672,Avg-Last-10,0.0,0.0
118672,Recency-Weighted,0.0,0.0
118672,Essence (K=3),0.0,0.0
118804,Random,0.0,
118804,Popularity,0.0294117647058823,
118804,CF (ItemKNN),0.0294117647058823,
118804,Content (Avg Emb),0.0,
118804,Last-Item,0.0,
118804,Avg-Last-10,0.0,
118804,Recency-Weighted,0.0,
118804,Essence (K=3),0.0,
118868,Random,0.0,
118868,Popularity,0.0,
118868,CF (ItemKNN),0.0,
118868,Content (Avg Emb),0.0,
118868,Last-Item,0.0,
118868,Avg-Last-10,0.0,
118868,Recency-Weighted,0.0,
118868,Essence (K=3),0.0,
119023,Random,0.0,0.0
119023,Popularity,0.0666666666666666,0.0
119023,CF (ItemKNN),0.0666666666666666,0.0
119023,Content (Avg Emb),0.0,0.0
119023,Last-Item,0.0,0.0
119023,Avg-Last-10,0.0,0.0
119023,Recency-Weighted,0.0,0.0
119023,Essence (K=3),0.0,0.0
119149,Random,0.0,
119149,Popularity,0.5,
119149,CF (ItemKNN),0.1666666666666666,
119149,Content (Avg Emb),0.0,
119149,Last-Item,0.0,
119149,Avg-Last-10,0.0,
119149,Recency-Weighted,0.0,
119149,Essence (K=3),0.0,
119159,Random,0.0,
119159,Popularity,0.0,
119159,CF (ItemKNN),0.0,
119159,Content (Avg Emb),0.0,
119159,Last-Item,0.0,
119159,Avg-Last-10,0.0,
119159,Recency-Weighted,0.0,
119159,Essence (K=3),0.0,
119219,Random,0.0,
119219,Popularity,0.1428571428571428,
119219,CF (ItemKNN),0.1428571428571428,
119219,Content (Avg Emb),0.1428571428571428,
119219,Last-Item,0.0,
119219,Avg-Last-10,0.1428571428571428,
119219,Recency-Weighted,0.0,
119219,Essence (K=3),0.0,
119460,Random,0.0,0.0
119460,Popularity,0.0476190476190476,0.0
119460,CF (ItemKNN),0.0,0.0
119460,Content (Avg Emb),0.0,0.0
119460,Last-Item,0.0,0.0
119460,Avg-Last-10,0.0,0.0
119460,Recency-Weighted,0.0,0.0
119460,Essence (K=3),0.0,0.0
119549,Random,0.0,0.0
119549,Popularity,0.0,0.0
119549,CF (ItemKNN),0.0384615384615384,0.0
119549,Content (Avg Emb),0.0,0.0
119549,Last-Item,0.0,0.0
119549,Avg-Last-10,0.0384615384615384,0.0
119549,Recency-Weighted,0.0384615384615384,0.0
119549,Essence (K=3),0.0384615384615384,0.0
119807,Random,0.0,
119807,Popularity,0.0434782608695652,
119807,CF (ItemKNN),0.0434782608695652,
119807,Content (Avg Emb),0.0434782608695652,
119807,Last-Item,0.0,
119807,Avg-Last-10,0.0434782608695652,
119807,Recency-Weighted,0.0434782608695652,
119807,Essence (K=3),0.0,
119857,Random,0.0,
119857,Popularity,0.0,
119857,CF (ItemKNN),0.1538461538461538,
119857,Content (Avg Emb),0.0,
119857,Last-Item,0.0,
119857,Avg-Last-10,0.0,
119857,Recency-Weighted,0.0,
119857,Essence (K=3),0.0,
119944,Random,0.0,0.0
119944,Popularity,0.1,0.0
119944,CF (ItemKNN),0.1,0.0
119944,Content (Avg Emb),0.0,0.0
119944,Last-Item,0.0,0.0
119944,Avg-Last-10,0.0,0.0
119944,Recency-Weighted,0.0,0.0
119944,Essence (K=3),0.0,0.0
119953,Random,0.0,
119953,Popularity,0.0666666666666666,
119953,CF (ItemKNN),0.0,
119953,Content (Avg Emb),0.0,
119953,Last-Item,0.0,
119953,Avg-Last-10,0.0,
119953,Recency-Weighted,0.0,
119953,Essence (K=3),0.0,
120054,Random,0.0,
120054,Popularity,0.0,
120054,CF (ItemKNN),0.0,
120054,Content (Avg Emb),0.0,
120054,Last-Item,0.0,
120054,Avg-Last-10,0.0,
120054,Recency-Weighted,0.0,
120054,Essence (K=3),0.0,
120083,Random,0.0,
120083,Popularity,0.0967741935483871,
120083,CF (ItemKNN),0.0967741935483871,
120083,Content (Avg Emb),0.0,
120083,Last-Item,0.0,
120083,Avg-Last-10,0.0,
120083,Recency-Weighted,0.0,
120083,Essence (K=3),0.0,
120171,Random,0.0,
120171,Popularity,0.0952380952380952,
120171,CF (ItemKNN),0.0476190476190476,
120171,Content (Avg Emb),0.0,
120171,Last-Item,0.0,
120171,Avg-Last-10,0.0,
120171,Recency-Weighted,0.0,
120171,Essence (K=3),0.0,
120255,Random,0.0,0.0
120255,Popularity,0.04,0.0
120255,CF (ItemKNN),0.12,0.0
120255,Content (Avg Emb),0.0,0.0
120255,Last-Item,0.0,0.0
120255,Avg-Last-10,0.0,0.0
120255,Recency-Weighted,0.0,0.0
120255,Essence (K=3),0.0,0.0
120386,Random,0.0,
120386,Popularity,0.0,
120386,CF (ItemKNN),0.0,
120386,Content (Avg Emb),0.0,
120386,Last-Item,0.0,
120386,Avg-Last-10,0.0,
120386,Recency-Weighted,0.0,
120386,Essence (K=3),0.0,
120468,Random,0.0,
120468,Popularity,0.0,
120468,CF (ItemKNN),0.0,
120468,Content (Avg Emb),0.0,
120468,Last-Item,0.0,
120468,Avg-Last-10,0.0,
120468,Recency-Weighted,0.0,
120468,Essence (K=3),0.0,
120701,Random,0.0,
120701,Popularity,0.0,
120701,CF (ItemKNN),0.0588235294117647,
120701,Content (Avg Emb),0.0,
120701,Last-Item,0.0,
120701,Avg-Last-10,0.0,
120701,Recency-Weighted,0.0,
120701,Essence (K=3),0.0,
120821,Random,0.0,
120821,Popularity,0.25,
120821,CF (ItemKNN),0.25,
120821,Content (Avg Emb),0.0,
120821,Last-Item,0.0,
120821,Avg-Last-10,0.0,
120821,Recency-Weighted,0.0,
120821,Essence (K=3),0.0,
120836,Random,0.0,0.0
120836,Popularity,0.0,0.0
120836,CF (ItemKNN),0.0285714285714285,0.0
120836,Content (Avg Emb),0.0,0.0
120836,Last-Item,0.0,0.0
120836,Avg-Last-10,0.0,0.0
120836,Recency-Weighted,0.0,0.0
120836,Essence (K=3),0.0,0.0
120905,Random,0.0,0.0
120905,Popularity,0.0,0.0
120905,CF (ItemKNN),0.0909090909090909,0.0
120905,Content (Avg Emb),0.0,0.0
120905,Last-Item,0.0,0.0
120905,Avg-Last-10,0.0,0.0
120905,Recency-Weighted,0.0,0.0
120905,Essence (K=3),0.0,0.0
121020,Random,0.0,
121020,Popularity,0.0,
121020,CF (ItemKNN),0.3333333333333333,
121020,Content (Avg Emb),0.0,
121020,Last-Item,0.0,
121020,Avg-Last-10,0.0,
121020,Recency-Weighted,0.0,
121020,Essence (K=3),0.0,
121054,Random,0.0,
121054,Popularity,0.0,
121054,CF (ItemKNN),0.0,
121054,Content (Avg Emb),0.0,
121054,Last-Item,0.0,
121054,Avg-Last-10,0.0,
121054,Recency-Weighted,0.0,
121054,Essence (K=3),0.0,
121133,Random,0.0,0.0
121133,Popularity,0.0,0.0
121133,CF (ItemKNN),0.0,0.0
121133,Content (Avg Emb),0.0,0.0
121133,Last-Item,0.0,0.0
121133,Avg-Last-10,0.0,0.0
121133,Recency-Weighted,0.0,0.0
121133,Essence (K=3),0.0,0.0
121147,Random,0.0,
121147,Popularity,0.125,
121147,CF (ItemKNN),0.0,
121147,Content (Avg Emb),0.0,
121147,Last-Item,0.0,
121147,Avg-Last-10,0.0,
121147,Recency-Weighted,0.0,
121147,Essence (K=3),0.125,
121223,Random,0.0,
121223,Popularity,0.0909090909090909,
121223,CF (ItemKNN),0.0,
121223,Content (Avg Emb),0.0,
121223,Last-Item,0.0909090909090909,
121223,Avg-Last-10,0.0,
121223,Recency-Weighted,0.0,
121223,Essence (K=3),0.0,
121468,Random,0.0,0.0
121468,Popularity,0.0,0.0
121468,CF (ItemKNN),0.0,0.0
121468,Content (Avg Emb),0.0,0.0
121468,Last-Item,0.0,0.0
121468,Avg-Last-10,0.0,0.0
121468,Recency-Weighted,0.0,0.0
121468,Essence (K=3),0.0,0.0
121713,Random,0.0,
121713,Popularity,0.0,
121713,CF (ItemKNN),0.0,
121713,Content (Avg Emb),0.0,
121713,Last-Item,0.0,
121713,Avg-Last-10,0.0,
121713,Recency-Weighted,0.0,
121713,Essence (K=3),0.0,
121797,Random,0.0,
121797,Popularity,0.0,
121797,CF (ItemKNN),0.0714285714285714,
121797,Content (Avg Emb),0.0,
121797,Last-Item,0.0,
121797,Avg-Last-10,0.0,
121797,Recency-Weighted,0.0,
121797,Essence (K=3),0.0,
121891,Random,0.0,0.0
121891,Popularity,0.0,0.0
121891,CF (ItemKNN),0.0,0.0
121891,Content (Avg Emb),0.0,0.0
121891,Last-Item,0.0,0.0
121891,Avg-Last-10,0.0,0.0
121891,Recency-Weighted,0.0,0.0
121891,Essence (K=3),0.0,0.0
121940,Random,0.0,
121940,Popularity,0.0,
121940,CF (ItemKNN),0.0,
121940,Content (Avg Emb),0.0,
121940,Last-Item,0.0,
121940,Avg-Last-10,0.0,
121940,Recency-Weighted,0.0,
121940,Essence (K=3),0.0526315789473684,
122009,Random,0.0,
122009,Popularity,0.0,
122009,CF (ItemKNN),0.0,
122009,Content (Avg Emb),0.0,
122009,Last-Item,0.0,
122009,Avg-Last-10,0.0,
122009,Recency-Weighted,0.0,
122009,Essence (K=3),0.0,
122071,Random,0.0,0.0
122071,Popularity,0.0,0.0
122071,CF (ItemKNN),0.0,0.0
122071,Content (Avg Emb),0.0,0.0
122071,Last-Item,0.0,0.0
122071,Avg-Last-10,0.0,0.0
122071,Recency-Weighted,0.0,0.0
122071,Essence (K=3),0.0,0.0
122094,Random,0.0,0.0
122094,Popularity,0.3333333333333333,0.0
122094,CF (ItemKNN),0.3333333333333333,0.0
122094,Content (Avg Emb),0.0,0.0
122094,Last-Item,0.0,0.0
122094,Avg-Last-10,0.0,0.0
122094,Recency-Weighted,0.0,0.0
122094,Essence (K=3),0.0,0.0
122174,Random,0.0,0.0
122174,Popularity,0.0,0.0
122174,CF (ItemKNN),0.0,0.0
122174,Content (Avg Emb),0.0,0.0
122174,Last-Item,0.0,0.0
122174,Avg-Last-10,0.0,0.0
122174,Recency-Weighted,0.0,0.0
122174,Essence (K=3),0.0,0.0
122216,Random,0.0,
122216,Popularity,0.0,
122216,CF (ItemKNN),0.1666666666666666,
122216,Content (Avg Emb),0.0,
122216,Last-Item,0.0,
122216,Avg-Last-10,0.0,
122216,Recency-Weighted,0.0,
122216,Essence (K=3),0.0,
122295,Random,0.0,0.0
122295,Popularity,0.0,0.0
122295,CF (ItemKNN),0.0,0.0
122295,Content (Avg Emb),0.0,0.0
122295,Last-Item,0.0,0.0
122295,Avg-Last-10,0.0,0.0
122295,Recency-Weighted,0.0,0.0
122295,Essence (K=3),0.0,0.0
122455,Random,0.0,
122455,Popularity,0.0256410256410256,
122455,CF (ItemKNN),0.0769230769230769,
122455,Content (Avg Emb),0.0,
122455,Last-Item,0.0,
122455,Avg-Last-10,0.0,
122455,Recency-Weighted,0.0,
122455,Essence (K=3),0.0,
122459,Random,0.0,
122459,Popularity,0.0,
122459,CF (ItemKNN),0.0,
122459,Content (Avg Emb),0.0,
122459,Last-Item,0.0,
122459,Avg-Last-10,0.0,
122459,Recency-Weighted,0.0,
122459,Essence (K=3),0.0,
122509,Random,0.0,
122509,Popularity,0.0,
122509,CF (ItemKNN),0.125,
122509,Content (Avg Emb),0.125,
122509,Last-Item,0.0,
122509,Avg-Last-10,0.25,
122509,Recency-Weighted,0.25,
122509,Essence (K=3),0.25,
122541,Random,0.0,
122541,Popularity,0.0,
122541,CF (ItemKNN),0.0,
122541,Content (Avg Emb),0.0,
122541,Last-Item,0.0,
122541,Avg-Last-10,0.0,
122541,Recency-Weighted,0.0,
122541,Essence (K=3),0.0,
122662,Random,0.0,0.0
122662,Popularity,0.0384615384615384,0.0
122662,CF (ItemKNN),0.0384615384615384,0.0
122662,Content (Avg Emb),0.0,0.0
122662,Last-Item,0.0384615384615384,0.0
122662,Avg-Last-10,0.0,0.0
122662,Recency-Weighted,0.0,0.0
122662,Essence (K=3),0.0,0.0
122722,Random,0.0,
122722,Popularity,0.0,
122722,CF (ItemKNN),0.0,
122722,Content (Avg Emb),0.0,
122722,Last-Item,0.0,
122722,Avg-Last-10,0.0,
122722,Recency-Weighted,0.0,
122722,Essence (K=3),0.0,
122768,Random,0.0,
122768,Popularity,0.4,
122768,CF (ItemKNN),0.4,
122768,Content (Avg Emb),0.0,
122768,Last-Item,0.0,
122768,Avg-Last-10,0.0,
122768,Recency-Weighted,0.0,
122768,Essence (K=3),0.0,
122797,Random,0.0,0.0
122797,Popularity,0.0,0.0
122797,CF (ItemKNN),0.0,0.0
122797,Content (Avg Emb),0.0,0.0
122797,Last-Item,0.0,0.0
122797,Avg-Last-10,0.0,0.0
122797,Recency-Weighted,0.0,0.0
122797,Essence (K=3),0.0,0.0
122835,Random,0.0,
122835,Popularity,0.0,
122835,CF (ItemKNN),0.037037037037037,
122835,Content (Avg Emb),0.0,
122835,Last-Item,0.0,
122835,Avg-Last-10,0.037037037037037,
122835,Recency-Weighted,0.037037037037037,
122835,Essence (K=3),0.0,
122915,Random,0.0,0.0
122915,Popularity,0.0285714285714285,0.0
122915,CF (ItemKNN),0.0,0.0
122915,Content (Avg Emb),0.0,0.0
122915,Last-Item,0.0,0.0
122915,Avg-Last-10,0.0285714285714285,0.0
122915,Recency-Weighted,0.0,0.0
122915,Essence (K=3),0.0,0.0
122921,Random,0.0,
122921,Popularity,0.2,
122921,CF (ItemKNN),0.1333333333333333,
122921,Content (Avg Emb),0.0,
122921,Last-Item,0.0,
122921,Avg-Last-10,0.0,
122921,Recency-Weighted,0.0666666666666666,
122921,Essence (K=3),0.0,
122998,Random,0.0,0.0
122998,Popularity,0.0,0.0
122998,CF (ItemKNN),0.0,0.0
122998,Content (Avg Emb),0.0,0.0
122998,Last-Item,0.0,0.0
122998,Avg-Last-10,0.0,0.0
122998,Recency-Weighted,0.0,0.0
122998,Essence (K=3),0.0,0.0
123004,Random,0.0,0.0
123004,Popularity,0.0,0.0
123004,CF (ItemKNN),0.0,0.0
123004,Content (Avg Emb),0.0,0.0
123004,Last-Item,0.0,0.0
123004,Avg-Last-10,0.0,0.0
123004,Recency-Weighted,0.0,0.0
123004,Essence (K=3),0.0,0.0
123035,Random,0.0,
123035,Popularity,0.0,
123035,CF (ItemKNN),0.0,
123035,Content (Avg Emb),0.0,
123035,Last-Item,0.0,
123035,Avg-Last-10,0.0,
123035,Recency-Weighted,0.0,
123035,Essence (K=3),0.0,
123168,Random,0.0,
123168,Popularity,0.0909090909090909,
123168,CF (ItemKNN),0.0909090909090909,
123168,Content (Avg Emb),0.0,
123168,Last-Item,0.0,
123168,Avg-Last-10,0.0,
123168,Recency-Weighted,0.0,
123168,Essence (K=3),0.0,
123179,Random,0.0,
123179,Popularity,0.1428571428571428,
123179,CF (ItemKNN),0.1071428571428571,
123179,Content (Avg Emb),0.0,
123179,Last-Item,0.0,
123179,Avg-Last-10,0.0,
123179,Recency-Weighted,0.0,
123179,Essence (K=3),0.0,
123184,Random,0.0,
123184,Popularity,0.0344827586206896,
123184,CF (ItemKNN),0.0344827586206896,
123184,Content (Avg Emb),0.0,
123184,Last-Item,0.0,
123184,Avg-Last-10,0.0,
123184,Recency-Weighted,0.0,
123184,Essence (K=3),0.0,
123257,Random,0.0,
123257,Popularity,0.25,
123257,CF (ItemKNN),0.25,
123257,Content (Avg Emb),0.0,
123257,Last-Item,0.0,
123257,Avg-Last-10,0.0,
123257,Recency-Weighted,0.0,
123257,Essence (K=3),0.0,
123413,Random,0.0,
123413,Popularity,0.0,
123413,CF (ItemKNN),0.0,
123413,Content (Avg Emb),0.0,
123413,Last-Item,0.0,
123413,Avg-Last-10,0.0,
123413,Recency-Weighted,0.0,
123413,Essence (K=3),0.0,
123482,Random,0.0,
123482,Popularity,0.0333333333333333,
123482,CF (ItemKNN),0.0333333333333333,
123482,Content (Avg Emb),0.0,
123482,Last-Item,0.0,
123482,Avg-Last-10,0.0,
123482,Recency-Weighted,0.0,
123482,Essence (K=3),0.0,
123494,Random,0.0,0.0
123494,Popularity,0.0,0.0
123494,CF (ItemKNN),0.0,0.0
123494,Content (Avg Emb),0.0,0.0
123494,Last-Item,0.1111111111111111,0.0
123494,Avg-Last-10,0.0,0.0
123494,Recency-Weighted,0.0,0.0
123494,Essence (K=3),0.0,0.0
123529,Random,0.0,
123529,Popularity,0.0,
123529,CF (ItemKNN),0.0,
123529,Content (Avg Emb),0.4,
123529,Last-Item,0.0,
123529,Avg-Last-10,0.2,
123529,Recency-Weighted,0.2,
123529,Essence (K=3),0.2,
123634,Random,0.0,
123634,Popularity,0.1034482758620689,
123634,CF (ItemKNN),0.0344827586206896,
123634,Content (Avg Emb),0.0,
123634,Last-Item,0.0,
123634,Avg-Last-10,0.0,
123634,Recency-Weighted,0.0,
123634,Essence (K=3),0.0,
123647,Random,0.0,0.0
123647,Popularity,0.0,0.0
123647,CF (ItemKNN),0.0,0.0
123647,Content (Avg Emb),0.0,0.0
123647,Last-Item,0.0,0.0
123647,Avg-Last-10,0.0,0.0
123647,Recency-Weighted,0.0,0.0
123647,Essence (K=3),0.0,0.0
123674,Random,0.0,0.0
123674,Popularity,0.0,0.0
123674,CF (ItemKNN),0.0,0.0
123674,Content (Avg Emb),0.0,0.0
123674,Last-Item,0.0,0.0
123674,Avg-Last-10,0.0,0.0
123674,Recency-Weighted,0.0,0.0
123674,Essence (K=3),0.0,0.0
123802,Random,0.0,0.0
123802,Popularity,0.0,0.0
123802,CF (ItemKNN),0.0,0.0
123802,Content (Avg Emb),0.0,0.0
123802,Last-Item,0.0,0.0
123802,Avg-Last-10,0.0,0.0
123802,Recency-Weighted,0.0,0.0
123802,Essence (K=3),0.0,0.0
123914,Random,0.0,
123914,Popularity,0.0,
123914,CF (ItemKNN),0.0,
123914,Content (Avg Emb),0.0,
123914,Last-Item,0.0,
123914,Avg-Last-10,0.0,
123914,Recency-Weighted,0.0,
123914,Essence (K=3),0.0,
123929,Random,0.0,
123929,Popularity,0.2,
123929,CF (ItemKNN),0.2,
123929,Content (Avg Emb),0.0,
123929,Last-Item,0.0,
123929,Avg-Last-10,0.0,
123929,Recency-Weighted,0.0,
123929,Essence (K=3),0.0,
124020,Random,0.0,
124020,Popularity,0.0714285714285714,
124020,CF (ItemKNN),0.0,
124020,Content (Avg Emb),0.0,
124020,Last-Item,0.0,
124020,Avg-Last-10,0.0,
124020,Recency-Weighted,0.0,
124020,Essence (K=3),0.0,
124032,Random,0.0,0.0
124032,Popularity,0.0,0.0
124032,CF (ItemKNN),0.0,0.0
124032,Content (Avg Emb),0.0,0.0
124032,Last-Item,0.0,0.0
124032,Avg-Last-10,0.0,0.0
124032,Recency-Weighted,0.0,0.0
124032,Essence (K=3),0.0,0.0
124199,Random,0.0,
124199,Popularity,0.0,
124199,CF (ItemKNN),0.0,
124199,Content (Avg Emb),0.0,
124199,Last-Item,0.0,
124199,Avg-Last-10,0.0,
124199,Recency-Weighted,0.0,
124199,Essence (K=3),0.0,
124201,Random,0.0,
124201,Popularity,0.2,
124201,CF (ItemKNN),0.2,
124201,Content (Avg Emb),0.0,
124201,Last-Item,0.0,
124201,Avg-Last-10,0.0,
124201,Recency-Weighted,0.0,
124201,Essence (K=3),0.0,
124255,Random,0.0,0.0
124255,Popularity,0.1,0.0
124255,CF (ItemKNN),0.1,0.0
124255,Content (Avg Emb),0.0,0.0
124255,Last-Item,0.0,0.0
124255,Avg-Last-10,0.0,0.0
124255,Recency-Weighted,0.0,0.0
124255,Essence (K=3),0.0,0.0
124287,Random,0.0714285714285714,
124287,Popularity,0.0714285714285714,
124287,CF (ItemKNN),0.0714285714285714,
124287,Content (Avg Emb),0.0,
124287,Last-Item,0.0,
124287,Avg-Last-10,0.0,
124287,Recency-Weighted,0.0,
124287,Essence (K=3),0.0,
124367,Random,0.0,
124367,Popularity,0.0,
124367,CF (ItemKNN),0.5,
124367,Content (Avg Emb),0.0,
124367,Last-Item,0.0,
124367,Avg-Last-10,0.0,
124367,Recency-Weighted,0.0,
124367,Essence (K=3),0.0,
124394,Random,0.0,
124394,Popularity,0.0,
124394,CF (ItemKNN),0.0,
124394,Content (Avg Emb),0.0,
124394,Last-Item,0.0,
124394,Avg-Last-10,0.0,
124394,Recency-Weighted,0.0,
124394,Essence (K=3),0.0,
124677,Random,0.0,
124677,Popularity,0.75,
124677,CF (ItemKNN),0.75,
124677,Content (Avg Emb),0.0,
124677,Last-Item,0.0,
124677,Avg-Last-10,0.0,
124677,Recency-Weighted,0.0,
124677,Essence (K=3),0.0,
124781,Random,0.0,
124781,Popularity,0.375,
124781,CF (ItemKNN),0.125,
124781,Content (Avg Emb),0.125,
124781,Last-Item,0.0,
124781,Avg-Last-10,0.125,
124781,Recency-Weighted,0.125,
124781,Essence (K=3),0.125,
124872,Random,0.0,
124872,Popularity,0.0,
124872,CF (ItemKNN),0.1428571428571428,
124872,Content (Avg Emb),0.0,
124872,Last-Item,0.0,
124872,Avg-Last-10,0.0,
124872,Recency-Weighted,0.0,
124872,Essence (K=3),0.0,
124968,Random,0.0,0.0
124968,Popularity,0.0285714285714285,0.0
124968,CF (ItemKNN),0.0285714285714285,0.0
124968,Content (Avg Emb),0.0,0.0
124968,Last-Item,0.0,0.0
124968,Avg-Last-10,0.0,0.0
124968,Recency-Weighted,0.0,0.0
124968,Essence (K=3),0.0,0.0
125001,Random,0.0,
125001,Popularity,0.0,
125001,CF (ItemKNN),0.0,
125001,Content (Avg Emb),0.1666666666666666,
125001,Last-Item,0.0,
125001,Avg-Last-10,0.1666666666666666,
125001,Recency-Weighted,0.1666666666666666,
125001,Essence (K=3),0.1666666666666666,
125028,Random,0.0,
125028,Popularity,0.0,
125028,CF (ItemKNN),0.0,
125028,Content (Avg Emb),0.0,
125028,Last-Item,0.0,
125028,Avg-Last-10,0.0,
125028,Recency-Weighted,0.0,
125028,Essence (K=3),0.0,
125049,Random,0.0,
125049,Popularity,0.1666666666666666,
125049,CF (ItemKNN),0.1666666666666666,
125049,Content (Avg Emb),0.0,
125049,Last-Item,0.0,
125049,Avg-Last-10,0.0,
125049,Recency-Weighted,0.0,
125049,Essence (K=3),0.0,
125064,Random,0.0,
125064,Popularity,0.1666666666666666,
125064,CF (ItemKNN),0.1666666666666666,
125064,Content (Avg Emb),0.0,
125064,Last-Item,0.0,
125064,Avg-Last-10,0.0,
125064,Recency-Weighted,0.0,
125064,Essence (K=3),0.0,
125159,Random,0.0,
125159,Popularity,0.1428571428571428,
125159,CF (ItemKNN),0.0,
125159,Content (Avg Emb),0.0,
125159,Last-Item,0.0,
125159,Avg-Last-10,0.0,
125159,Recency-Weighted,0.0,
125159,Essence (K=3),0.0,
125274,Random,0.0,
125274,Popularity,0.0555555555555555,
125274,CF (ItemKNN),0.1666666666666666,
125274,Content (Avg Emb),0.0,
125274,Last-Item,0.0,
125274,Avg-Last-10,0.0,
125274,Recency-Weighted,0.0,
125274,Essence (K=3),0.0,
125307,Random,0.0769230769230769,
125307,Popularity,0.0,
125307,CF (ItemKNN),0.0,
125307,Content (Avg Emb),0.0,
125307,Last-Item,0.0,
125307,Avg-Last-10,0.0,
125307,Recency-Weighted,0.0,
125307,Essence (K=3),0.0,
125360,Random,0.0,
125360,Popularity,0.0,
125360,CF (ItemKNN),0.0303030303030303,
125360,Content (Avg Emb),0.0,
125360,Last-Item,0.0,
125360,Avg-Last-10,0.0,
125360,Recency-Weighted,0.0,
125360,Essence (K=3),0.0303030303030303,
125403,Random,0.0,0.0
125403,Popularity,0.0277777777777777,0.0
125403,CF (ItemKNN),0.0,0.0
125403,Content (Avg Emb),0.0,0.0
125403,Last-Item,0.0,0.0
125403,Avg-Last-10,0.0,0.0
125403,Recency-Weighted,0.0,0.0
125403,Essence (K=3),0.0,0.0
125424,Random,0.0,0.0
125424,Popularity,0.0,0.0
125424,CF (ItemKNN),0.0,0.0
125424,Content (Avg Emb),0.0,0.0
125424,Last-Item,0.0555555555555555,0.0
125424,Avg-Last-10,0.0,0.0
125424,Recency-Weighted,0.0,0.0
125424,Essence (K=3),0.0,0.0
125459,Random,0.0,
125459,Popularity,0.0,
125459,CF (ItemKNN),0.0,
125459,Content (Avg Emb),0.0,
125459,Last-Item,0.0,
125459,Avg-Last-10,0.0,
125459,Recency-Weighted,0.0,
125459,Essence (K=3),0.0,
125526,Random,0.0,0.0
125526,Popularity,0.0,0.0
125526,CF (ItemKNN),0.0,0.0
125526,Content (Avg Emb),0.0,0.0
125526,Last-Item,0.0,0.0
125526,Avg-Last-10,0.0,0.0
125526,Recency-Weighted,0.0,0.0
125526,Essence (K=3),0.0,0.0
125677,Random,0.0,
125677,Popularity,0.0,
125677,CF (ItemKNN),0.0,
125677,Content (Avg Emb),0.0,
125677,Last-Item,0.0,
125677,Avg-Last-10,0.0,
125677,Recency-Weighted,0.0,
125677,Essence (K=3),0.0,
125724,Random,0.0,
125724,Popularity,0.0,
125724,CF (ItemKNN),0.0,
125724,Content (Avg Emb),0.0,
125724,Last-Item,0.0,
125724,Avg-Last-10,0.0,
125724,Recency-Weighted,0.0,
125724,Essence (K=3),0.0,
125859,Random,0.0,
125859,Popularity,0.0,
125859,CF (ItemKNN),0.0,
125859,Content (Avg Emb),0.0,
125859,Last-Item,0.0,
125859,Avg-Last-10,0.0,
125859,Recency-Weighted,0.0,
125859,Essence (K=3),0.0,
125892,Random,0.0,
125892,Popularity,0.0,
125892,CF (ItemKNN),0.0,
125892,Content (Avg Emb),0.0,
125892,Last-Item,0.0,
125892,Avg-Last-10,0.0,
125892,Recency-Weighted,0.0,
125892,Essence (K=3),0.0,
125895,Random,0.0,0.0
125895,Popularity,0.0,0.0
125895,CF (ItemKNN),0.0,0.0
125895,Content (Avg Emb),0.0,0.0
125895,Last-Item,0.0,0.0
125895,Avg-Last-10,0.0,0.0
125895,Recency-Weighted,0.0,0.0
125895,Essence (K=3),0.0,0.0
126075,Random,0.0,0.0
126075,Popularity,0.0,0.0
126075,CF (ItemKNN),0.0,0.0
126075,Content (Avg Emb),0.0,0.0
126075,Last-Item,0.0,0.0
126075,Avg-Last-10,0.0,0.0
126075,Recency-Weighted,0.0,0.0
126075,Essence (K=3),0.0,0.0
126167,Random,0.0,
126167,Popularity,0.0,
126167,CF (ItemKNN),0.0,
126167,Content (Avg Emb),0.0,
126167,Last-Item,0.0,
126167,Avg-Last-10,0.0,
126167,Recency-Weighted,0.0,
126167,Essence (K=3),0.0,
126308,Random,0.0,
126308,Popularity,0.0,
126308,CF (ItemKNN),0.0,
126308,Content (Avg Emb),0.0,
126308,Last-Item,0.0,
126308,Avg-Last-10,0.0,
126308,Recency-Weighted,0.0,
126308,Essence (K=3),0.0,
126339,Random,0.0,
126339,Popularity,0.0606060606060606,
126339,CF (ItemKNN),0.0303030303030303,
126339,Content (Avg Emb),0.0,
126339,Last-Item,0.0,
126339,Avg-Last-10,0.0,
126339,Recency-Weighted,0.0,
126339,Essence (K=3),0.0,
126357,Random,0.0,
126357,Popularity,0.0,
126357,CF (ItemKNN),0.0,
126357,Content (Avg Emb),0.0,
126357,Last-Item,0.0,
126357,Avg-Last-10,0.0,
126357,Recency-Weighted,0.0,
126357,Essence (K=3),0.0,
126549,Random,0.0555555555555555,
126549,Popularity,0.0555555555555555,
126549,CF (ItemKNN),0.0,
126549,Content (Avg Emb),0.0,
126549,Last-Item,0.0,
126549,Avg-Last-10,0.0,
126549,Recency-Weighted,0.0,
126549,Essence (K=3),0.0,
126587,Random,0.0,
126587,Popularity,0.0,
126587,CF (ItemKNN),0.0,
126587,Content (Avg Emb),0.0,
126587,Last-Item,0.0,
126587,Avg-Last-10,0.0,
126587,Recency-Weighted,0.0,
126587,Essence (K=3),0.0,
126758,Random,0.0,
126758,Popularity,0.0,
126758,CF (ItemKNN),0.1666666666666666,
126758,Content (Avg Emb),0.0,
126758,Last-Item,0.0,
126758,Avg-Last-10,0.0,
126758,Recency-Weighted,0.0,
126758,Essence (K=3),0.0,
126976,Random,0.0,
126976,Popularity,0.0,
126976,CF (ItemKNN),0.0,
126976,Content (Avg Emb),0.0,
126976,Last-Item,0.0,
126976,Avg-Last-10,0.0,
126976,Recency-Weighted,0.0,
126976,Essence (K=3),0.0,
126986,Random,0.0,
126986,Popularity,0.0,
126986,CF (ItemKNN),0.0,
126986,Content (Avg Emb),0.0,
126986,Last-Item,0.0,
126986,Avg-Last-10,0.0,
126986,Recency-Weighted,0.0,
126986,Essence (K=3),0.0,
127006,Random,0.0,
127006,Popularity,0.0,
127006,CF (ItemKNN),0.0,
127006,Content (Avg Emb),0.0,
127006,Last-Item,0.0,
127006,Avg-Last-10,0.0,
127006,Recency-Weighted,0.0,
127006,Essence (K=3),0.0,
127076,Random,0.0,
127076,Popularity,0.0,
127076,CF (ItemKNN),0.0,
127076,Content (Avg Emb),0.0,
127076,Last-Item,0.0,
127076,Avg-Last-10,0.0,
127076,Recency-Weighted,0.0,
127076,Essence (K=3),0.0,
127113,Random,0.0,
127113,Popularity,0.0,
127113,CF (ItemKNN),0.0,
127113,Content (Avg Emb),0.0,
127113,Last-Item,0.0,
127113,Avg-Last-10,0.0,
127113,Recency-Weighted,0.0,
127113,Essence (K=3),0.0,
127320,Random,0.0,
127320,Popularity,0.0833333333333333,
127320,CF (ItemKNN),0.2083333333333333,
127320,Content (Avg Emb),0.0,
127320,Last-Item,0.0,
127320,Avg-Last-10,0.0,
127320,Recency-Weighted,0.0,
127320,Essence (K=3),0.0,
127480,Random,0.0,0.0
127480,Popularity,0.0,0.0
127480,CF (ItemKNN),0.0,0.0
127480,Content (Avg Emb),0.0,0.0
127480,Last-Item,0.0,0.0
127480,Avg-Last-10,0.0,0.0
127480,Recency-Weighted,0.0,0.0
127480,Essence (K=3),0.0,0.0
127508,Random,0.0,
127508,Popularity,0.0,
127508,CF (ItemKNN),0.1,
127508,Content (Avg Emb),0.0,
127508,Last-Item,0.0,
127508,Avg-Last-10,0.0,
127508,Recency-Weighted,0.0,
127508,Essence (K=3),0.0,
127514,Random,0.0,
127514,Popularity,0.4444444444444444,
127514,CF (ItemKNN),0.2222222222222222,
127514,Content (Avg Emb),0.1111111111111111,
127514,Last-Item,0.0,
127514,Avg-Last-10,0.1111111111111111,
127514,Recency-Weighted,0.1111111111111111,
127514,Essence (K=3),0.0,
127557,Random,0.0,
127557,Popularity,0.1111111111111111,
127557,CF (ItemKNN),0.0,
127557,Content (Avg Emb),0.0,
127557,Last-Item,0.0,
127557,Avg-Last-10,0.0,
127557,Recency-Weighted,0.0,
127557,Essence (K=3),0.0,
127831,Random,0.0,
127831,Popularity,0.1818181818181818,
127831,CF (ItemKNN),0.4545454545454545,
127831,Content (Avg Emb),0.0,
127831,Last-Item,0.0,
127831,Avg-Last-10,0.0,
127831,Recency-Weighted,0.0,
127831,Essence (K=3),0.0,
127848,Random,0.0,
127848,Popularity,0.1666666666666666,
127848,CF (ItemKNN),0.3333333333333333,
127848,Content (Avg Emb),0.0,
127848,Last-Item,0.0,
127848,Avg-Last-10,0.0,
127848,Recency-Weighted,0.0,
127848,Essence (K=3),0.0,
127942,Random,0.0,0.0
127942,Popularity,0.0,0.0
127942,CF (ItemKNN),0.0,0.0
127942,Content (Avg Emb),0.0,0.0
127942,Last-Item,0.0,0.0
127942,Avg-Last-10,0.0,0.0
127942,Recency-Weighted,0.0,0.0
127942,Essence (K=3),0.0,0.0
127959,Random,0.0285714285714285,0.0
127959,Popularity,0.0,0.0
127959,CF (ItemKNN),0.0,0.0
127959,Content (Avg Emb),0.0,0.0
127959,Last-Item,0.0,0.0
127959,Avg-Last-10,0.0,0.0
127959,Recency-Weighted,0.0,0.0
127959,Essence (K=3),0.0,0.0
127991,Random,0.0,
127991,Popularity,0.0833333333333333,
127991,CF (ItemKNN),0.0,
127991,Content (Avg Emb),0.0,
127991,Last-Item,0.0,
127991,Avg-Last-10,0.0,
127991,Recency-Weighted,0.0,
127991,Essence (K=3),0.0,
128231,Random,0.0,
128231,Popularity,0.0,
128231,CF (ItemKNN),0.0833333333333333,
128231,Content (Avg Emb),0.0,
128231,Last-Item,0.0,
128231,Avg-Last-10,0.0,
128231,Recency-Weighted,0.0,
128231,Essence (K=3),0.0,
128416,Random,0.0,0.0
128416,Popularity,0.0,0.0
128416,CF (ItemKNN),0.0,0.0
128416,Content (Avg Emb),0.0,0.0
128416,Last-Item,0.0,0.0
128416,Avg-Last-10,0.0,0.0
128416,Recency-Weighted,0.0,0.0
128416,Essence (K=3),0.0,0.0
128467,Random,0.0,
128467,Popularity,0.2,
128467,CF (ItemKNN),0.0,
128467,Content (Avg Emb),0.0,
128467,Last-Item,0.0,
128467,Avg-Last-10,0.0,
128467,Recency-Weighted,0.0,
128467,Essence (K=3),0.0,
128597,Random,0.0,
128597,Popularity,0.0,
128597,CF (ItemKNN),0.0,
128597,Content (Avg Emb),0.0,
128597,Last-Item,0.0,
128597,Avg-Last-10,0.0,
128597,Recency-Weighted,0.0,
128597,Essence (K=3),0.0,
128636,Random,0.0,
128636,Popularity,0.0,
128636,CF (ItemKNN),0.0,
128636,Content (Avg Emb),0.0,
128636,Last-Item,0.0,
128636,Avg-Last-10,0.0,
128636,Recency-Weighted,0.0,
128636,Essence (K=3),0.0,
128750,Random,0.0,
128750,Popularity,0.0,
128750,CF (ItemKNN),0.0,
128750,Content (Avg Emb),0.0,
128750,Last-Item,0.0,
128750,Avg-Last-10,0.0,
128750,Recency-Weighted,0.0,
128750,Essence (K=3),0.0,
128867,Random,0.0,
128867,Popularity,0.0,
128867,CF (ItemKNN),0.0,
128867,Content (Avg Emb),0.0,
128867,Last-Item,0.0,
128867,Avg-Last-10,0.0,
128867,Recency-Weighted,0.0,
128867,Essence (K=3),0.0,
128954,Random,0.0,
128954,Popularity,0.05,
128954,CF (ItemKNN),0.05,
128954,Content (Avg Emb),0.0,
128954,Last-Item,0.0,
128954,Avg-Last-10,0.0,
128954,Recency-Weighted,0.0,
128954,Essence (K=3),0.0,
129037,Random,0.0,
129037,Popularity,0.0,
129037,CF (ItemKNN),0.0769230769230769,
129037,Content (Avg Emb),0.0,
129037,Last-Item,0.0,
129037,Avg-Last-10,0.0769230769230769,
129037,Recency-Weighted,0.0769230769230769,
129037,Essence (K=3),0.0,
129136,Random,0.0,
129136,Popularity,0.5,
129136,CF (ItemKNN),0.5,
129136,Content (Avg Emb),0.0,
129136,Last-Item,0.0,
129136,Avg-Last-10,0.0,
129136,Recency-Weighted,0.0,
129136,Essence (K=3),0.0,
129240,Random,0.0,
129240,Popularity,0.0869565217391304,
129240,CF (ItemKNN),0.0869565217391304,
129240,Content (Avg Emb),0.0,
129240,Last-Item,0.0,
129240,Avg-Last-10,0.0,
129240,Recency-Weighted,0.0434782608695652,
129240,Essence (K=3),0.0434782608695652,
129253,Random,0.0,
129253,Popularity,0.1176470588235294,
129253,CF (ItemKNN),0.1764705882352941,
129253,Content (Avg Emb),0.0,
129253,Last-Item,0.0,
129253,Avg-Last-10,0.0,
129253,Recency-Weighted,0.0,
129253,Essence (K=3),0.0,
129297,Random,0.0,
129297,Popularity,0.0,
129297,CF (ItemKNN),0.0,
129297,Content (Avg Emb),0.0,
129297,Last-Item,0.0,
129297,Avg-Last-10,0.0,
129297,Recency-Weighted,0.0,
129297,Essence (K=3),0.0,
129388,Random,0.0,
129388,Popularity,0.1,
129388,CF (ItemKNN),0.1,
129388,Content (Avg Emb),0.0,
129388,Last-Item,0.0,
129388,Avg-Last-10,0.0,
129388,Recency-Weighted,0.0,
129388,Essence (K=3),0.0,
129446,Random,0.0,
129446,Popularity,0.0666666666666666,
129446,CF (ItemKNN),0.2666666666666666,
129446,Content (Avg Emb),0.0,
129446,Last-Item,0.0,
129446,Avg-Last-10,0.0,
129446,Recency-Weighted,0.0,
129446,Essence (K=3),0.0,
129465,Random,0.0,0.0
129465,Popularity,0.1875,0.0
129465,CF (ItemKNN),0.09375,0.0
129465,Content (Avg Emb),0.0,0.0
129465,Last-Item,0.03125,0.0
129465,Avg-Last-10,0.03125,0.0
129465,Recency-Weighted,0.03125,0.0
129465,Essence (K=3),0.0,0.0
129589,Random,0.0,
129589,Popularity,0.0,
129589,CF (ItemKNN),0.0,
129589,Content (Avg Emb),0.25,
129589,Last-Item,0.5,
129589,Avg-Last-10,0.25,
129589,Recency-Weighted,0.25,
129589,Essence (K=3),0.25,
129827,Random,0.0,
129827,Popularity,0.0,
129827,CF (ItemKNN),0.0,
129827,Content (Avg Emb),0.0,
129827,Last-Item,0.0,
129827,Avg-Last-10,0.0,
129827,Recency-Weighted,0.0,
129827,Essence (K=3),0.0,
129933,Random,0.0,
129933,Popularity,0.25,
129933,CF (ItemKNN),0.0,
129933,Content (Avg Emb),0.0,
129933,Last-Item,0.0,
129933,Avg-Last-10,0.0,
129933,Recency-Weighted,0.0,
129933,Essence (K=3),0.0,
129941,Random,0.0,
129941,Popularity,0.0,
129941,CF (ItemKNN),0.0,
129941,Content (Avg Emb),0.0,
129941,Last-Item,0.0,
129941,Avg-Last-10,0.0,
129941,Recency-Weighted,0.0,
129941,Essence (K=3),0.0,
130023,Random,0.0,0.0
130023,Popularity,0.2272727272727272,0.0
130023,CF (ItemKNN),0.1818181818181818,0.0
130023,Content (Avg Emb),0.0454545454545454,0.0
130023,Last-Item,0.0,0.0
130023,Avg-Last-10,0.0,0.0
130023,Recency-Weighted,0.0,0.0
130023,Essence (K=3),0.0,0.0
130166,Random,0.0,
130166,Popularity,0.0,
130166,CF (ItemKNN),0.0,
130166,Content (Avg Emb),0.0,
130166,Last-Item,0.0,
130166,Avg-Last-10,0.0,
130166,Recency-Weighted,0.0,
130166,Essence (K=3),0.0,
130215,Random,0.0,
130215,Popularity,0.1428571428571428,
130215,CF (ItemKNN),0.4285714285714285,
130215,Content (Avg Emb),0.0,
130215,Last-Item,0.0,
130215,Avg-Last-10,0.0,
130215,Recency-Weighted,0.0,
130215,Essence (K=3),0.0,
130237,Random,0.0,0.0
130237,Popularity,0.0,0.0
130237,CF (ItemKNN),0.0,0.0
130237,Content (Avg Emb),0.0,0.0
130237,Last-Item,0.0,0.0
130237,Avg-Last-10,0.0,0.0
130237,Recency-Weighted,0.0,0.0
130237,Essence (K=3),0.0,0.0
130253,Random,0.0,
130253,Popularity,0.0,
130253,CF (ItemKNN),0.0,
130253,Content (Avg Emb),0.0,
130253,Last-Item,0.0,
130253,Avg-Last-10,0.0,
130253,Recency-Weighted,0.0,
130253,Essence (K=3),0.0,
130307,Random,0.0,0.0
130307,Popularity,0.0769230769230769,0.0
130307,CF (ItemKNN),0.0769230769230769,0.0
130307,Content (Avg Emb),0.0,0.0
130307,Last-Item,0.0,0.0
130307,Avg-Last-10,0.0,0.0
130307,Recency-Weighted,0.0,0.0
130307,Essence (K=3),0.0769230769230769,0.0
130444,Random,0.0,0.0
130444,Popularity,0.0,0.0
130444,CF (ItemKNN),0.0,0.0
130444,Content (Avg Emb),0.0,0.0
130444,Last-Item,0.0,0.0
130444,Avg-Last-10,0.0,0.0
130444,Recency-Weighted,0.0,0.0
130444,Essence (K=3),0.0,0.0
130709,Random,0.0,0.0
130709,Popularity,0.0,0.0
130709,CF (ItemKNN),0.1176470588235294,0.0
130709,Content (Avg Emb),0.0,0.0
130709,Last-Item,0.0,0.0
130709,Avg-Last-10,0.0,0.0
130709,Recency-Weighted,0.0,0.0
130709,Essence (K=3),0.0,0.0
130819,Random,0.0,
130819,Popularity,0.1,
130819,CF (ItemKNN),0.1,
130819,Content (Avg Emb),0.0,
130819,Last-Item,0.0,
130819,Avg-Last-10,0.0,
130819,Recency-Weighted,0.0,
130819,Essence (K=3),0.0,
130838,Random,0.0,0.0
130838,Popularity,0.0,0.0
130838,CF (ItemKNN),0.0,0.0
130838,Content (Avg Emb),0.0,0.0
130838,Last-Item,0.0,0.0
130838,Avg-Last-10,0.0,0.0
130838,Recency-Weighted,0.0,0.0
130838,Essence (K=3),0.0,0.0
130841,Random,0.0,
130841,Popularity,0.0,
130841,CF (ItemKNN),0.0,
130841,Content (Avg Emb),0.0,
130841,Last-Item,0.0,
130841,Avg-Last-10,0.0,
130841,Recency-Weighted,0.0,
130841,Essence (K=3),0.0,
130855,Random,0.0,
130855,Popularity,0.0,
130855,CF (ItemKNN),0.0,
130855,Content (Avg Emb),0.0,
130855,Last-Item,0.0,
130855,Avg-Last-10,0.0,
130855,Recency-Weighted,0.0,
130855,Essence (K=3),0.0,
131108,Random,0.0,
131108,Popularity,0.0,
131108,CF (ItemKNN),0.0,
131108,Content (Avg Emb),0.0,
131108,Last-Item,0.0,
131108,Avg-Last-10,0.0,
131108,Recency-Weighted,0.0,
131108,Essence (K=3),0.0,
131163,Random,0.0,
131163,Popularity,0.0,
131163,CF (ItemKNN),0.0,
131163,Content (Avg Emb),0.0,
131163,Last-Item,0.0,
131163,Avg-Last-10,0.0,
131163,Recency-Weighted,0.0,
131163,Essence (K=3),0.0,
131274,Random,0.0,
131274,Popularity,0.0,
131274,CF (ItemKNN),0.0,
131274,Content (Avg Emb),0.0,
131274,Last-Item,0.0,
131274,Avg-Last-10,0.0,
131274,Recency-Weighted,0.0,
131274,Essence (K=3),0.0,
131348,Random,0.0,
131348,Popularity,0.1428571428571428,
131348,CF (ItemKNN),0.1428571428571428,
131348,Content (Avg Emb),0.0,
131348,Last-Item,0.0,
131348,Avg-Last-10,0.0,
131348,Recency-Weighted,0.0,
131348,Essence (K=3),0.0,
131445,Random,0.0,
131445,Popularity,0.0,
131445,CF (ItemKNN),0.5,
131445,Content (Avg Emb),0.0,
131445,Last-Item,0.0,
131445,Avg-Last-10,0.0,
131445,Recency-Weighted,0.0,
131445,Essence (K=3),0.0,
131447,Random,0.0,
131447,Popularity,0.0,
131447,CF (ItemKNN),0.0,
131447,Content (Avg Emb),0.0,
131447,Last-Item,0.0,
131447,Avg-Last-10,0.0,
131447,Recency-Weighted,0.0,
131447,Essence (K=3),0.0,
131558,Random,0.0,0.0
131558,Popularity,0.0285714285714285,0.0
131558,CF (ItemKNN),0.0285714285714285,0.0
131558,Content (Avg Emb),0.0,0.0
131558,Last-Item,0.0,0.0
131558,Avg-Last-10,0.0,0.0
131558,Recency-Weighted,0.0,0.0
131558,Essence (K=3),0.0,0.0
131695,Random,0.0,
131695,Popularity,0.0,
131695,CF (ItemKNN),0.1666666666666666,
131695,Content (Avg Emb),0.0,
131695,Last-Item,0.0,
131695,Avg-Last-10,0.0,
131695,Recency-Weighted,0.0,
131695,Essence (K=3),0.0,
131774,Random,0.0,0.0
131774,Popularity,0.0526315789473684,0.0
131774,CF (ItemKNN),0.1052631578947368,0.0
131774,Content (Avg Emb),0.0,0.0
131774,Last-Item,0.0,0.0
131774,Avg-Last-10,0.0,0.0
131774,Recency-Weighted,0.0,0.0
131774,Essence (K=3),0.0,0.0
131832,Random,0.0,
131832,Popularity,0.0,
131832,CF (ItemKNN),0.0,
131832,Content (Avg Emb),0.0,
131832,Last-Item,0.0,
131832,Avg-Last-10,0.0,
131832,Recency-Weighted,0.0,
131832,Essence (K=3),0.0,
132102,Random,0.0,0.0
132102,Popularity,0.0,0.0
132102,CF (ItemKNN),0.0909090909090909,0.0
132102,Content (Avg Emb),0.0,0.0
132102,Last-Item,0.0,0.0
132102,Avg-Last-10,0.0,0.0
132102,Recency-Weighted,0.0,0.0
132102,Essence (K=3),0.0,0.0
132135,Random,0.0,0.0
132135,Popularity,0.0,0.0
132135,CF (ItemKNN),0.0666666666666666,0.0
132135,Content (Avg Emb),0.0,0.0
132135,Last-Item,0.0,0.0
132135,Avg-Last-10,0.0,0.0
132135,Recency-Weighted,0.0,0.0
132135,Essence (K=3),0.0,0.0
132154,Random,0.0,
132154,Popularity,0.0,
132154,CF (ItemKNN),0.0,
132154,Content (Avg Emb),0.0,
132154,Last-Item,0.0,
132154,Avg-Last-10,0.0,
132154,Recency-Weighted,0.0,
132154,Essence (K=3),0.0,
132208,Random,0.0,
132208,Popularity,0.0,
132208,CF (ItemKNN),0.1111111111111111,
132208,Content (Avg Emb),0.0,
132208,Last-Item,0.0,
132208,Avg-Last-10,0.0,
132208,Recency-Weighted,0.0,
132208,Essence (K=3),0.0,
132215,Random,0.0,
132215,Popularity,0.0,
132215,CF (ItemKNN),0.0,
132215,Content (Avg Emb),0.0,
132215,Last-Item,0.0,
132215,Avg-Last-10,0.0,
132215,Recency-Weighted,0.0,
132215,Essence (K=3),0.0,
132277,Random,0.0,
132277,Popularity,0.0,
132277,CF (ItemKNN),0.0,
132277,Content (Avg Emb),0.0,
132277,Last-Item,0.0,
132277,Avg-Last-10,0.0,
132277,Recency-Weighted,0.0,
132277,Essence (K=3),0.0,
132351,Random,0.0,
132351,Popularity,0.0,
132351,CF (ItemKNN),0.0,
132351,Content (Avg Emb),0.0,
132351,Last-Item,0.0,
132351,Avg-Last-10,0.0,
132351,Recency-Weighted,0.0,
132351,Essence (K=3),0.0,
132406,Random,0.0,
132406,Popularity,0.238095238095238,
132406,CF (ItemKNN),0.238095238095238,
132406,Content (Avg Emb),0.0,
132406,Last-Item,0.0952380952380952,
132406,Avg-Last-10,0.0,
132406,Recency-Weighted,0.0,
132406,Essence (K=3),0.0,
132510,Random,0.0,
132510,Popularity,0.0,
132510,CF (ItemKNN),0.0,
132510,Content (Avg Emb),0.0,
132510,Last-Item,0.0,
132510,Avg-Last-10,0.0,
132510,Recency-Weighted,0.0,
132510,Essence (K=3),0.0,
132514,Random,0.0,
132514,Popularity,0.0,
132514,CF (ItemKNN),0.0,
132514,Content (Avg Emb),0.0,
132514,Last-Item,0.0,
132514,Avg-Last-10,0.0,
132514,Recency-Weighted,0.0,
132514,Essence (K=3),0.0,
132522,Random,0.0,0.0
132522,Popularity,0.025,0.0
132522,CF (ItemKNN),0.05,0.0
132522,Content (Avg Emb),0.0,0.0
132522,Last-Item,0.0,0.0
132522,Avg-Last-10,0.0,0.0
132522,Recency-Weighted,0.0,0.0
132522,Essence (K=3),0.0,0.0
132557,Random,0.0,
132557,Popularity,0.0434782608695652,
132557,CF (ItemKNN),0.0869565217391304,
132557,Content (Avg Emb),0.0,
132557,Last-Item,0.0,
132557,Avg-Last-10,0.0,
132557,Recency-Weighted,0.0,
132557,Essence (K=3),0.0,
132608,Random,0.0,0.0
132608,Popularity,0.0,0.0
132608,CF (ItemKNN),0.1111111111111111,0.0
132608,Content (Avg Emb),0.0,0.0
132608,Last-Item,0.0555555555555555,0.0
132608,Avg-Last-10,0.0,0.0
132608,Recency-Weighted,0.0,0.0
132608,Essence (K=3),0.0,0.0
132612,Random,0.0,
132612,Popularity,0.0,
132612,CF (ItemKNN),0.0,
132612,Content (Avg Emb),0.0,
132612,Last-Item,0.0,
132612,Avg-Last-10,0.0,
132612,Recency-Weighted,0.0,
132612,Essence (K=3),0.0,
132681,Random,0.0,
132681,Popularity,0.1,
132681,CF (ItemKNN),0.1,
132681,Content (Avg Emb),0.0,
132681,Last-Item,0.0,
132681,Avg-Last-10,0.0,
132681,Recency-Weighted,0.0,
132681,Essence (K=3),0.0,
132770,Random,0.0,0.0
132770,Popularity,0.0,0.0
132770,CF (ItemKNN),0.0,0.0
132770,Content (Avg Emb),0.0,0.0
132770,Last-Item,0.027027027027027,0.0
132770,Avg-Last-10,0.0,0.0
132770,Recency-Weighted,0.0,0.0
132770,Essence (K=3),0.0,0.0
132801,Random,0.0,
132801,Popularity,0.0,
132801,CF (ItemKNN),0.0,
132801,Content (Avg Emb),0.0,
132801,Last-Item,0.0,
132801,Avg-Last-10,0.0,
132801,Recency-Weighted,0.0,
132801,Essence (K=3),0.0,
132992,Random,0.0,
132992,Popularity,0.0,
132992,CF (ItemKNN),0.0,
132992,Content (Avg Emb),0.0,
132992,Last-Item,0.0,
132992,Avg-Last-10,0.0,
132992,Recency-Weighted,0.0,
132992,Essence (K=3),0.0,
133212,Random,0.0,
133212,Popularity,0.0,
133212,CF (ItemKNN),0.125,
133212,Content (Avg Emb),0.0,
133212,Last-Item,0.0,
133212,Avg-Last-10,0.0,
133212,Recency-Weighted,0.0,
133212,Essence (K=3),0.0,
133215,Random,0.0,0.0
133215,Popularity,0.0,0.0
133215,CF (ItemKNN),0.0,0.0
133215,Content (Avg Emb),0.0,0.0
133215,Last-Item,0.0454545454545454,0.0
133215,Avg-Last-10,0.0,0.0
133215,Recency-Weighted,0.0454545454545454,0.0
133215,Essence (K=3),0.0,0.0
133272,Random,0.0,
133272,Popularity,0.0,
133272,CF (ItemKNN),0.0,
133272,Content (Avg Emb),0.0344827586206896,
133272,Last-Item,0.0,
133272,Avg-Last-10,0.0,
133272,Recency-Weighted,0.0344827586206896,
133272,Essence (K=3),0.0,
133320,Random,0.0,0.0
133320,Popularity,0.0,0.0
133320,CF (ItemKNN),0.0256410256410256,0.0
133320,Content (Avg Emb),0.0,0.0
133320,Last-Item,0.0,0.0
133320,Avg-Last-10,0.0,0.0
133320,Recency-Weighted,0.0,0.0
133320,Essence (K=3),0.0,0.0
133677,Random,0.0,
133677,Popularity,0.0,
133677,CF (ItemKNN),0.0,
133677,Content (Avg Emb),0.0,
133677,Last-Item,0.0,
133677,Avg-Last-10,0.0,
133677,Recency-Weighted,0.0,
133677,Essence (K=3),0.0,
133789,Random,0.0,0.0
133789,Popularity,0.0,0.0
133789,CF (ItemKNN),0.0357142857142857,0.0
133789,Content (Avg Emb),0.0,0.0
133789,Last-Item,0.0,0.0
133789,Avg-Last-10,0.0,0.0
133789,Recency-Weighted,0.0,0.0
133789,Essence (K=3),0.0,0.0
133909,Random,0.0,
133909,Popularity,0.0,
133909,CF (ItemKNN),0.5,
133909,Content (Avg Emb),0.0,
133909,Last-Item,0.0,
133909,Avg-Last-10,0.0,
133909,Recency-Weighted,0.0,
133909,Essence (K=3),0.0,
134070,Random,0.0,
134070,Popularity,0.0,
134070,CF (ItemKNN),0.5,
134070,Content (Avg Emb),0.0,
134070,Last-Item,0.75,
134070,Avg-Last-10,0.0,
134070,Recency-Weighted,0.0,
134070,Essence (K=3),0.0,
134161,Random,0.0,
134161,Popularity,0.0,
134161,CF (ItemKNN),0.0,
134161,Content (Avg Emb),0.0,
134161,Last-Item,0.0,
134161,Avg-Last-10,0.0,
134161,Recency-Weighted,0.0,
134161,Essence (K=3),0.0,
134250,Random,0.0,
134250,Popularity,0.1666666666666666,
134250,CF (ItemKNN),0.3333333333333333,
134250,Content (Avg Emb),0.0,
134250,Last-Item,0.0,
134250,Avg-Last-10,0.0,
134250,Recency-Weighted,0.0,
134250,Essence (K=3),0.0,
134464,Random,0.0,
134464,Popularity,0.0,
134464,CF (ItemKNN),0.0,
134464,Content (Avg Emb),0.0,
134464,Last-Item,0.0,
134464,Avg-Last-10,0.0,
134464,Recency-Weighted,0.0,
134464,Essence (K=3),0.0,
134605,Random,0.0,
134605,Popularity,0.0,
134605,CF (ItemKNN),0.125,
134605,Content (Avg Emb),0.0,
134605,Last-Item,0.0,
134605,Avg-Last-10,0.0,
134605,Recency-Weighted,0.0,
134605,Essence (K=3),0.0,
134818,Random,0.0,
134818,Popularity,0.0,
134818,CF (ItemKNN),0.0,
134818,Content (Avg Emb),0.0,
134818,Last-Item,0.0,
134818,Avg-Last-10,0.0,
134818,Recency-Weighted,0.0,
134818,Essence (K=3),0.0,
134821,Random,0.0,
134821,Popularity,0.0,
134821,CF (ItemKNN),0.0,
134821,Content (Avg Emb),0.0,
134821,Last-Item,0.0,
134821,Avg-Last-10,0.0,
134821,Recency-Weighted,0.0,
134821,Essence (K=3),0.0,
134853,Random,0.0,
134853,Popularity,0.0,
134853,CF (ItemKNN),0.2,
134853,Content (Avg Emb),0.0,
134853,Last-Item,0.0,
134853,Avg-Last-10,0.0,
134853,Recency-Weighted,0.0,
134853,Essence (K=3),0.0,
134965,Random,0.0,
134965,Popularity,0.125,
134965,CF (ItemKNN),0.0,
134965,Content (Avg Emb),0.0,
134965,Last-Item,0.0,
134965,Avg-Last-10,0.0,
134965,Recency-Weighted,0.0,
134965,Essence (K=3),0.0,
135028,Random,0.0,0.0
135028,Popularity,0.0,0.0
135028,CF (ItemKNN),0.0,0.0
135028,Content (Avg Emb),0.0,0.0
135028,Last-Item,0.0,0.0
135028,Avg-Last-10,0.0,0.0
135028,Recency-Weighted,0.0,0.0
135028,Essence (K=3),0.0,0.0
135077,Random,0.0,
135077,Popularity,0.2,
135077,CF (ItemKNN),0.0,
135077,Content (Avg Emb),0.0,
135077,Last-Item,0.0,
135077,Avg-Last-10,0.0,
135077,Recency-Weighted,0.0,
135077,Essence (K=3),0.0,
135112,Random,0.0,
135112,Popularity,0.0416666666666666,
135112,CF (ItemKNN),0.125,
135112,Content (Avg Emb),0.0,
135112,Last-Item,0.0,
135112,Avg-Last-10,0.0,
135112,Recency-Weighted,0.0,
135112,Essence (K=3),0.0,
135124,Random,0.0,
135124,Popularity,0.0,
135124,CF (ItemKNN),0.0,
135124,Content (Avg Emb),0.037037037037037,
135124,Last-Item,0.1111111111111111,
135124,Avg-Last-10,0.0,
135124,Recency-Weighted,0.0,
135124,Essence (K=3),0.0,
135348,Random,0.0,
135348,Popularity,0.0,
135348,CF (ItemKNN),0.0,
135348,Content (Avg Emb),0.0,
135348,Last-Item,0.0,
135348,Avg-Last-10,0.0,
135348,Recency-Weighted,0.0,
135348,Essence (K=3),0.0,
135400,Random,0.0,
135400,Popularity,0.0,
135400,CF (ItemKNN),0.1666666666666666,
135400,Content (Avg Emb),0.0,
135400,Last-Item,0.0,
135400,Avg-Last-10,0.0,
135400,Recency-Weighted,0.0,
135400,Essence (K=3),0.0,
135406,Random,0.0,0.0
135406,Popularity,0.0,0.0
135406,CF (ItemKNN),0.0,0.0
135406,Content (Avg Emb),0.0,0.0
135406,Last-Item,0.0,0.0
135406,Avg-Last-10,0.0,0.0
135406,Recency-Weighted,0.0,0.0
135406,Essence (K=3),0.0666666666666666,0.0
135486,Random,0.0,0.0
135486,Popularity,0.0,0.0
135486,CF (ItemKNN),0.2,0.0
135486,Content (Avg Emb),0.0,0.0
135486,Last-Item,0.0,0.0
135486,Avg-Last-10,0.0,0.0
135486,Recency-Weighted,0.0,0.0
135486,Essence (K=3),0.0,0.0
135522,Random,0.0,0.0
135522,Popularity,0.0,0.0
135522,CF (ItemKNN),0.0,0.0
135522,Content (Avg Emb),0.0,0.0
135522,Last-Item,0.0,0.0
135522,Avg-Last-10,0.0,0.0
135522,Recency-Weighted,0.0,0.0
135522,Essence (K=3),0.0,0.0
135659,Random,0.0,
135659,Popularity,0.2222222222222222,
135659,CF (ItemKNN),0.3333333333333333,
135659,Content (Avg Emb),0.0,
135659,Last-Item,0.0,
135659,Avg-Last-10,0.0,
135659,Recency-Weighted,0.0,
135659,Essence (K=3),0.037037037037037,
135806,Random,0.0,
135806,Popularity,0.2,
135806,CF (ItemKNN),0.0,
135806,Content (Avg Emb),0.0,
135806,Last-Item,0.0,
135806,Avg-Last-10,0.0,
135806,Recency-Weighted,0.0,
135806,Essence (K=3),0.0,
136139,Random,0.0,0.0
136139,Popularity,0.0,0.0
136139,CF (ItemKNN),0.0,0.0
136139,Content (Avg Emb),0.0333333333333333,0.0
136139,Last-Item,0.0333333333333333,0.5
136139,Avg-Last-10,0.0,0.0
136139,Recency-Weighted,0.0,0.0
136139,Essence (K=3),0.0,0.0
136252,Random,0.0,
136252,Popularity,0.125,
136252,CF (ItemKNN),0.375,
136252,Content (Avg Emb),0.0,
136252,Last-Item,0.125,
136252,Avg-Last-10,0.0,
136252,Recency-Weighted,0.0,
136252,Essence (K=3),0.0,
136260,Random,0.0,
136260,Popularity,0.0,
136260,CF (ItemKNN),0.0,
136260,Content (Avg Emb),0.0,
136260,Last-Item,0.0,
136260,Avg-Last-10,0.0,
136260,Recency-Weighted,0.0,
136260,Essence (K=3),0.0,
136364,Random,0.0,0.0
136364,Popularity,0.0277777777777777,0.0
136364,CF (ItemKNN),0.0555555555555555,0.0
136364,Content (Avg Emb),0.0,0.0
136364,Last-Item,0.0,0.0
136364,Avg-Last-10,0.0,0.0
136364,Recency-Weighted,0.0,0.0
136364,Essence (K=3),0.0,0.0
136430,Random,0.0,
136430,Popularity,0.1,
136430,CF (ItemKNN),0.1,
136430,Content (Avg Emb),0.0,
136430,Last-Item,0.0333333333333333,
136430,Avg-Last-10,0.0,
136430,Recency-Weighted,0.0,
136430,Essence (K=3),0.0,
136445,Random,0.0,
136445,Popularity,0.0,
136445,CF (ItemKNN),0.0,
136445,Content (Avg Emb),0.0,
136445,Last-Item,0.0,
136445,Avg-Last-10,0.0,
136445,Recency-Weighted,0.0,
136445,Essence (K=3),0.0,
136471,Random,0.0,0.0
136471,Popularity,0.0,0.0
136471,CF (ItemKNN),0.0,0.0
136471,Content (Avg Emb),0.0,0.0
136471,Last-Item,0.0,0.0
136471,Avg-Last-10,0.0,0.0
136471,Recency-Weighted,0.0,0.0
136471,Essence (K=3),0.0,0.0
136628,Random,0.0,
136628,Popularity,0.25,
136628,CF (ItemKNN),0.25,
136628,Content (Avg Emb),0.0,
136628,Last-Item,0.0,
136628,Avg-Last-10,0.0,
136628,Recency-Weighted,0.0,
136628,Essence (K=3),0.0,
136669,Random,0.0,
136669,Popularity,0.1666666666666666,
136669,CF (ItemKNN),0.3333333333333333,
136669,Content (Avg Emb),0.0,
136669,Last-Item,0.0,
136669,Avg-Last-10,0.0,
136669,Recency-Weighted,0.0,
136669,Essence (K=3),0.0,
136706,Random,0.0,0.0
136706,Popularity,0.1,0.0
136706,CF (ItemKNN),0.1666666666666666,0.0
136706,Content (Avg Emb),0.0,0.0
136706,Last-Item,0.0,0.0
136706,Avg-Last-10,0.0,0.0
136706,Recency-Weighted,0.0,0.0
136706,Essence (K=3),0.0,0.0
136789,Random,0.0,
136789,Popularity,0.0833333333333333,
136789,CF (ItemKNN),0.25,
136789,Content (Avg Emb),0.0,
136789,Last-Item,0.0,
136789,Avg-Last-10,0.0,
136789,Recency-Weighted,0.0,
136789,Essence (K=3),0.0,
136823,Random,0.0,
136823,Popularity,0.1818181818181818,
136823,CF (ItemKNN),0.1818181818181818,
136823,Content (Avg Emb),0.0,
136823,Last-Item,0.0,
136823,Avg-Last-10,0.0909090909090909,
136823,Recency-Weighted,0.0909090909090909,
136823,Essence (K=3),0.0,
136838,Random,0.0,
136838,Popularity,0.0,
136838,CF (ItemKNN),0.0,
136838,Content (Avg Emb),0.0,
136838,Last-Item,0.0,
136838,Avg-Last-10,0.0,
136838,Recency-Weighted,0.0,
136838,Essence (K=3),0.0,
136968,Random,0.0,0.0
136968,Popularity,0.0,0.0
136968,CF (ItemKNN),0.0,0.0
136968,Content (Avg Emb),0.0,0.0
136968,Last-Item,0.0,0.0
136968,Avg-Last-10,0.0,0.0
136968,Recency-Weighted,0.0,0.0
136968,Essence (K=3),0.0,0.0
136973,Random,0.0,
136973,Popularity,0.0,
136973,CF (ItemKNN),0.0,
136973,Content (Avg Emb),0.0,
136973,Last-Item,0.0,
136973,Avg-Last-10,0.0,
136973,Recency-Weighted,0.0,
136973,Essence (K=3),0.0,
136976,Random,0.0,0.0
136976,Popularity,0.0,0.0
136976,CF (ItemKNN),0.0,0.0
136976,Content (Avg Emb),0.0,0.0
136976,Last-Item,0.0,0.0
136976,Avg-Last-10,0.0,0.0
136976,Recency-Weighted,0.0,0.0
136976,Essence (K=3),0.0,0.0
137033,Random,0.0,
137033,Popularity,0.0333333333333333,
137033,CF (ItemKNN),0.1,
137033,Content (Avg Emb),0.0,
137033,Last-Item,0.0,
137033,Avg-Last-10,0.0,
137033,Recency-Weighted,0.0,
137033,Essence (K=3),0.0,
137117,Random,0.0,
137117,Popularity,0.0,
137117,CF (ItemKNN),0.0,
137117,Content (Avg Emb),0.0,
137117,Last-Item,0.0,
137117,Avg-Last-10,0.0,
137117,Recency-Weighted,0.0,
137117,Essence (K=3),0.0,
137136,Random,0.0,
137136,Popularity,0.0,
137136,CF (ItemKNN),0.0,
137136,Content (Avg Emb),0.0,
137136,Last-Item,0.0,
137136,Avg-Last-10,0.0,
137136,Recency-Weighted,0.0,
137136,Essence (K=3),0.0,
137172,Random,0.0,
137172,Popularity,0.0,
137172,CF (ItemKNN),0.0476190476190476,
137172,Content (Avg Emb),0.0,
137172,Last-Item,0.0,
137172,Avg-Last-10,0.0,
137172,Recency-Weighted,0.0,
137172,Essence (K=3),0.0,
137314,Random,0.0,
137314,Popularity,0.0909090909090909,
137314,CF (ItemKNN),0.0909090909090909,
137314,Content (Avg Emb),0.0,
137314,Last-Item,0.0,
137314,Avg-Last-10,0.0,
137314,Recency-Weighted,0.0,
137314,Essence (K=3),0.0,
137351,Random,0.0,
137351,Popularity,0.0,
137351,CF (ItemKNN),0.0,
137351,Content (Avg Emb),0.0,
137351,Last-Item,0.0,
137351,Avg-Last-10,0.0,
137351,Recency-Weighted,0.0,
137351,Essence (K=3),0.0,
137361,Random,0.0,
137361,Popularity,0.0,
137361,CF (ItemKNN),0.0,
137361,Content (Avg Emb),0.0,
137361,Last-Item,0.0,
137361,Avg-Last-10,0.0,
137361,Recency-Weighted,0.0,
137361,Essence (K=3),0.0,
137592,Random,0.0,0.0
137592,Popularity,0.1904761904761904,0.0
137592,CF (ItemKNN),0.2857142857142857,0.0
137592,Content (Avg Emb),0.0,0.0
137592,Last-Item,0.0,0.0
137592,Avg-Last-10,0.0,0.0
137592,Recency-Weighted,0.0,0.0
137592,Essence (K=3),0.0,0.0
137736,Random,0.0,
137736,Popularity,0.2,
137736,CF (ItemKNN),0.4,
137736,Content (Avg Emb),0.0,
137736,Last-Item,0.0,
137736,Avg-Last-10,0.0,
137736,Recency-Weighted,0.0,
137736,Essence (K=3),0.0,
137884,Random,0.0,
137884,Popularity,0.0,
137884,CF (ItemKNN),0.0,
137884,Content (Avg Emb),0.0,
137884,Last-Item,0.0,
137884,Avg-Last-10,0.0,
137884,Recency-Weighted,0.0,
137884,Essence (K=3),0.0909090909090909,
137982,Random,0.0,
137982,Popularity,0.0,
137982,CF (ItemKNN),0.0,
137982,Content (Avg Emb),0.0,
137982,Last-Item,0.0,
137982,Avg-Last-10,0.0,
137982,Recency-Weighted,0.0,
137982,Essence (K=3),0.0,
138080,Random,0.0,
138080,Popularity,0.0,
138080,CF (ItemKNN),0.0,
138080,Content (Avg Emb),0.0,
138080,Last-Item,0.25,
138080,Avg-Last-10,0.0,
138080,Recency-Weighted,0.0,
138080,Essence (K=3),0.0,
138230,Random,0.0,
138230,Popularity,1.0,
138230,CF (ItemKNN),0.8,
138230,Content (Avg Emb),0.0,
138230,Last-Item,0.0,
138230,Avg-Last-10,0.0,
138230,Recency-Weighted,0.0,
138230,Essence (K=3),0.0,
138271,Random,0.0,
138271,Popularity,0.0,
138271,CF (ItemKNN),0.0,
138271,Content (Avg Emb),0.0,
138271,Last-Item,0.0,
138271,Avg-Last-10,0.0,
138271,Recency-Weighted,0.0,
138271,Essence (K=3),0.0,
138467,Random,0.0,0.0
138467,Popularity,0.0,0.0
138467,CF (ItemKNN),0.0,0.0
138467,Content (Avg Emb),0.0,0.0
138467,Last-Item,0.0,0.0
138467,Avg-Last-10,0.0,0.0
138467,Recency-Weighted,0.0,0.0
138467,Essence (K=3),0.0,0.0
138598,Random,0.0,0.0
138598,Popularity,0.0,0.0
138598,CF (ItemKNN),0.0,0.0
138598,Content (Avg Emb),0.0,0.0
138598,Last-Item,0.0,0.0
138598,Avg-Last-10,0.0,0.0
138598,Recency-Weighted,0.0,0.0
138598,Essence (K=3),0.0,0.0
138818,Random,0.0,
138818,Popularity,0.1052631578947368,
138818,CF (ItemKNN),0.1052631578947368,
138818,Content (Avg Emb),0.0,
138818,Last-Item,0.0,
138818,Avg-Last-10,0.0,
138818,Recency-Weighted,0.0263157894736842,
138818,Essence (K=3),0.0,
138862,Random,0.0,
138862,Popularity,0.0,
138862,CF (ItemKNN),0.0,
138862,Content (Avg Emb),0.0,
138862,Last-Item,0.0,
138862,Avg-Last-10,0.0714285714285714,
138862,Recency-Weighted,0.0,
138862,Essence (K=3),0.0,
138931,Random,0.0,
138931,Popularity,0.0,
138931,CF (ItemKNN),0.0,
138931,Content (Avg Emb),0.0,
138931,Last-Item,0.0,
138931,Avg-Last-10,0.0,
138931,Recency-Weighted,0.0,
138931,Essence (K=3),0.0,
138986,Random,0.0,
138986,Popularity,0.125,
138986,CF (ItemKNN),0.1,
138986,Content (Avg Emb),0.0,
138986,Last-Item,0.0,
138986,Avg-Last-10,0.0,
138986,Recency-Weighted,0.0,
138986,Essence (K=3),0.0,
139221,Random,0.0,
139221,Popularity,0.0,
139221,CF (ItemKNN),0.0476190476190476,
139221,Content (Avg Emb),0.0,
139221,Last-Item,0.0,
139221,Avg-Last-10,0.0,
139221,Recency-Weighted,0.0,
139221,Essence (K=3),0.0,
139309,Random,0.0,
139309,Popularity,0.0,
139309,CF (ItemKNN),0.0,
139309,Content (Avg Emb),0.0,
139309,Last-Item,0.0,
139309,Avg-Last-10,0.0,
139309,Recency-Weighted,0.0,
139309,Essence (K=3),0.0,
139312,Random,0.0,
139312,Popularity,0.1111111111111111,
139312,CF (ItemKNN),0.0,
139312,Content (Avg Emb),0.0,
139312,Last-Item,0.0,
139312,Avg-Last-10,0.0,
139312,Recency-Weighted,0.0,
139312,Essence (K=3),0.0,
139363,Random,0.0,
139363,Popularity,0.0,
139363,CF (ItemKNN),0.0,
139363,Content (Avg Emb),0.032258064516129,
139363,Last-Item,0.0,
139363,Avg-Last-10,0.032258064516129,
139363,Recency-Weighted,0.0,
139363,Essence (K=3),0.0,
139417,Random,0.0,0.0
139417,Popularity,0.0,0.0
139417,CF (ItemKNN),0.0,0.0
139417,Content (Avg Emb),0.0,0.0
139417,Last-Item,0.0,0.0
139417,Avg-Last-10,0.0,0.0
139417,Recency-Weighted,0.0,0.0
139417,Essence (K=3),0.0,0.0
139569,Random,0.0,
139569,Popularity,0.0,
139569,CF (ItemKNN),0.0,
139569,Content (Avg Emb),0.0,
139569,Last-Item,0.0,
139569,Avg-Last-10,0.0,
139569,Recency-Weighted,0.0,
139569,Essence (K=3),0.0,
139596,Random,0.0,
139596,Popularity,0.1666666666666666,
139596,CF (ItemKNN),0.3333333333333333,
139596,Content (Avg Emb),0.0,
139596,Last-Item,0.0,
139596,Avg-Last-10,0.0,
139596,Recency-Weighted,0.0,
139596,Essence (K=3),0.0,
139679,Random,0.0,0.0
139679,Popularity,0.0,0.0
139679,CF (ItemKNN),0.0,0.0
139679,Content (Avg Emb),0.0,0.0
139679,Last-Item,0.1666666666666666,0.0
139679,Avg-Last-10,0.0,0.0
139679,Recency-Weighted,0.0,0.0
139679,Essence (K=3),0.0,0.0
139783,Random,0.1428571428571428,
139783,Popularity,0.0,
139783,CF (ItemKNN),0.2857142857142857,
139783,Content (Avg Emb),0.0,
139783,Last-Item,0.0,
139783,Avg-Last-10,0.0,
139783,Recency-Weighted,0.0,
139783,Essence (K=3),0.0,
139847,Random,0.0,
139847,Popularity,0.0,
139847,CF (ItemKNN),0.0,
139847,Content (Avg Emb),0.0,
139847,Last-Item,0.0,
139847,Avg-Last-10,0.0,
139847,Recency-Weighted,0.0,
139847,Essence (K=3),0.0,
139915,Random,0.0,
139915,Popularity,0.0,
139915,CF (ItemKNN),0.25,
139915,Content (Avg Emb),0.0,
139915,Last-Item,0.0,
139915,Avg-Last-10,0.0,
139915,Recency-Weighted,0.0,
139915,Essence (K=3),0.0,
139923,Random,0.0,
139923,Popularity,0.0,
139923,CF (ItemKNN),0.0,
139923,Content (Avg Emb),0.0,
139923,Last-Item,0.0,
139923,Avg-Last-10,0.0,
139923,Recency-Weighted,0.0,
139923,Essence (K=3),0.0,
140019,Random,0.0,0.0
140019,Popularity,0.0357142857142857,0.0
140019,CF (ItemKNN),0.0357142857142857,0.0
140019,Content (Avg Emb),0.0,0.0
140019,Last-Item,0.0,0.0
140019,Avg-Last-10,0.0,0.0
140019,Recency-Weighted,0.0,0.0
140019,Essence (K=3),0.0,0.0
140080,Random,0.0294117647058823,0.0
140080,Popularity,0.0,0.0
140080,CF (ItemKNN),0.0294117647058823,0.0
140080,Content (Avg Emb),0.0294117647058823,0.0
140080,Last-Item,0.0,0.0
140080,Avg-Last-10,0.088235294117647,0.0
140080,Recency-Weighted,0.088235294117647,0.0
140080,Essence (K=3),0.1176470588235294,0.0
140113,Random,0.0,
140113,Popularity,0.2,
140113,CF (ItemKNN),0.8,
140113,Content (Avg Emb),0.0,
140113,Last-Item,0.0,
140113,Avg-Last-10,0.0,
140113,Recency-Weighted,0.0,
140113,Essence (K=3),0.0,
140175,Random,0.0,
140175,Popularity,0.0,
140175,CF (ItemKNN),0.0,
140175,Content (Avg Emb),0.0,
140175,Last-Item,0.0,
140175,Avg-Last-10,0.0,
140175,Recency-Weighted,0.0,
140175,Essence (K=3),0.0,
140194,Random,0.0,0.0
140194,Popularity,0.0588235294117647,0.0
140194,CF (ItemKNN),0.0588235294117647,0.0
140194,Content (Avg Emb),0.0,0.0
140194,Last-Item,0.0,0.0
140194,Avg-Last-10,0.0,0.0
140194,Recency-Weighted,0.0,0.0
140194,Essence (K=3),0.0,0.0
140356,Random,0.0,
140356,Popularity,0.0,
140356,CF (ItemKNN),0.0,
140356,Content (Avg Emb),0.0,
140356,Last-Item,0.0,
140356,Avg-Last-10,0.0,
140356,Recency-Weighted,0.0,
140356,Essence (K=3),0.0,
140497,Random,0.0,
140497,Popularity,0.1666666666666666,
140497,CF (ItemKNN),0.5,
140497,Content (Avg Emb),0.0,
140497,Last-Item,0.0,
140497,Avg-Last-10,0.0,
140497,Recency-Weighted,0.0,
140497,Essence (K=3),0.0,
140520,Random,0.0,
140520,Popularity,0.0,
140520,CF (ItemKNN),0.0,
140520,Content (Avg Emb),0.0,
140520,Last-Item,0.0,
140520,Avg-Last-10,0.0,
140520,Recency-Weighted,0.0,
140520,Essence (K=3),0.0,
140597,Random,0.0,0.0
140597,Popularity,0.0512820512820512,0.0
140597,CF (ItemKNN),0.0769230769230769,0.0
140597,Content (Avg Emb),0.0,0.0
140597,Last-Item,0.0,0.0
140597,Avg-Last-10,0.0256410256410256,0.0
140597,Recency-Weighted,0.0256410256410256,0.0
140597,Essence (K=3),0.0,0.0
140604,Random,0.0,
140604,Popularity,0.0,
140604,CF (ItemKNN),0.0,
140604,Content (Avg Emb),0.0,
140604,Last-Item,0.0,
140604,Avg-Last-10,0.0,
140604,Recency-Weighted,0.0,
140604,Essence (K=3),0.0,
140719,Random,0.0,0.0
140719,Popularity,0.0,0.0
140719,CF (ItemKNN),0.0,0.0
140719,Content (Avg Emb),0.0,0.0
140719,Last-Item,0.0,0.0
140719,Avg-Last-10,0.0,0.0
140719,Recency-Weighted,0.0,0.0
140719,Essence (K=3),0.0,0.0
140880,Random,0.0,
140880,Popularity,0.0,
140880,CF (ItemKNN),0.0,
140880,Content (Avg Emb),0.0,
140880,Last-Item,0.0,
140880,Avg-Last-10,0.0,
140880,Recency-Weighted,0.0,
140880,Essence (K=3),0.0,
141012,Random,0.0,0.0
141012,Popularity,0.0,0.0
141012,CF (ItemKNN),0.0,0.0
141012,Content (Avg Emb),0.0,0.0
141012,Last-Item,0.0,0.0
141012,Avg-Last-10,0.0,0.0
141012,Recency-Weighted,0.0,0.0
141012,Essence (K=3),0.0,0.0
141130,Random,0.0,0.0
141130,Popularity,0.2857142857142857,0.0
141130,CF (ItemKNN),0.1904761904761904,0.0
141130,Content (Avg Emb),0.0,0.0
141130,Last-Item,0.0,0.0
141130,Avg-Last-10,0.0,0.0
141130,Recency-Weighted,0.0,0.0
141130,Essence (K=3),0.0,0.0
141174,Random,0.0,0.0
141174,Popularity,0.0,0.0
141174,CF (ItemKNN),0.0,0.0
141174,Content (Avg Emb),0.0,0.0
141174,Last-Item,0.0434782608695652,0.0
141174,Avg-Last-10,0.0,0.0
141174,Recency-Weighted,0.0,0.0
141174,Essence (K=3),0.0,0.0
141178,Random,0.0,
141178,Popularity,0.0,
141178,CF (ItemKNN),0.0,
141178,Content (Avg Emb),0.0,
141178,Last-Item,0.0,
141178,Avg-Last-10,0.0,
141178,Recency-Weighted,0.0,
141178,Essence (K=3),0.0,
141262,Random,0.0,0.0
141262,Popularity,0.0,0.0
141262,CF (ItemKNN),0.0,0.0
141262,Content (Avg Emb),0.0294117647058823,0.0
141262,Last-Item,0.0,0.0
141262,Avg-Last-10,0.0,0.0
141262,Recency-Weighted,0.0,0.0
141262,Essence (K=3),0.0,0.0
141266,Random,0.0,
141266,Popularity,0.0,
141266,CF (ItemKNN),0.0,
141266,Content (Avg Emb),0.0,
141266,Last-Item,0.0,
141266,Avg-Last-10,0.0,
141266,Recency-Weighted,0.0,
141266,Essence (K=3),0.0,
141310,Random,0.0,0.0
141310,Popularity,0.0,0.0
141310,CF (ItemKNN),0.0,0.0
141310,Content (Avg Emb),0.0,0.0
141310,Last-Item,0.0,0.0
141310,Avg-Last-10,0.0,0.0
141310,Recency-Weighted,0.0,0.0
141310,Essence (K=3),0.0,0.0
141323,Random,0.0,
141323,Popularity,0.0,
141323,CF (ItemKNN),0.1428571428571428,
141323,Content (Avg Emb),0.0,
141323,Last-Item,0.0,
141323,Avg-Last-10,0.0,
141323,Recency-Weighted,0.0,
141323,Essence (K=3),0.0714285714285714,
141352,Random,0.0,0.0
141352,Popularity,0.0285714285714285,0.0
141352,CF (ItemKNN),0.0285714285714285,0.0
141352,Content (Avg Emb),0.0,0.0
141352,Last-Item,0.0,0.0
141352,Avg-Last-10,0.0,0.0
141352,Recency-Weighted,0.0,0.0
141352,Essence (K=3),0.0,0.0
141365,Random,0.0,
141365,Popularity,0.0,
141365,CF (ItemKNN),0.0,
141365,Content (Avg Emb),0.0,
141365,Last-Item,0.0,
141365,Avg-Last-10,0.0,
141365,Recency-Weighted,0.0,
141365,Essence (K=3),0.0,
141415,Random,0.0,0.0
141415,Popularity,0.05,0.0
141415,CF (ItemKNN),0.1,0.0
141415,Content (Avg Emb),0.0,0.0
141415,Last-Item,0.05,0.0
141415,Avg-Last-10,0.0,0.0
141415,Recency-Weighted,0.0,0.0
141415,Essence (K=3),0.0,0.0
141456,Random,0.0,
141456,Popularity,0.2,
141456,CF (ItemKNN),0.2,
141456,Content (Avg Emb),0.0,
141456,Last-Item,0.2,
141456,Avg-Last-10,0.0,
141456,Recency-Weighted,0.0,
141456,Essence (K=3),0.0,
141479,Random,0.0,
141479,Popularity,0.0,
141479,CF (ItemKNN),0.0,
141479,Content (Avg Emb),0.0,
141479,Last-Item,0.0,
141479,Avg-Last-10,0.0,
141479,Recency-Weighted,0.0,
141479,Essence (K=3),0.0,
141508,Random,0.0,
141508,Popularity,0.0,
141508,CF (ItemKNN),0.0,
141508,Content (Avg Emb),0.0,
141508,Last-Item,0.0,
141508,Avg-Last-10,0.0,
141508,Recency-Weighted,0.0,
141508,Essence (K=3),0.0,
141512,Random,0.0,
141512,Popularity,0.0,
141512,CF (ItemKNN),0.0,
141512,Content (Avg Emb),0.0,
141512,Last-Item,0.0,
141512,Avg-Last-10,0.0,
141512,Recency-Weighted,0.0,
141512,Essence (K=3),0.0,
141514,Random,0.0,
141514,Popularity,0.2,
141514,CF (ItemKNN),0.2,
141514,Content (Avg Emb),0.0,
141514,Last-Item,0.0,
141514,Avg-Last-10,0.0,
141514,Recency-Weighted,0.0,
141514,Essence (K=3),0.0,
141527,Random,0.0,0.0
141527,Popularity,0.0952380952380952,0.0
141527,CF (ItemKNN),0.0476190476190476,0.0
141527,Content (Avg Emb),0.0,0.0
141527,Last-Item,0.0,0.0
141527,Avg-Last-10,0.0,0.0
141527,Recency-Weighted,0.0,0.0
141527,Essence (K=3),0.0,0.0
141866,Random,0.0,
141866,Popularity,0.0526315789473684,
141866,CF (ItemKNN),0.1052631578947368,
141866,Content (Avg Emb),0.0,
141866,Last-Item,0.0,
141866,Avg-Last-10,0.0,
141866,Recency-Weighted,0.0,
141866,Essence (K=3),0.0,
141895,Random,0.0,0.0
141895,Popularity,0.0,0.0
141895,CF (ItemKNN),0.0333333333333333,0.0
141895,Content (Avg Emb),0.0,0.0
141895,Last-Item,0.0,0.0
141895,Avg-Last-10,0.0333333333333333,0.0
141895,Recency-Weighted,0.0,0.0
141895,Essence (K=3),0.0333333333333333,0.0
141902,Random,0.0,
141902,Popularity,0.0,
141902,CF (ItemKNN),0.1111111111111111,
141902,Content (Avg Emb),0.0,
141902,Last-Item,0.0,
141902,Avg-Last-10,0.0,
141902,Recency-Weighted,0.0,
141902,Essence (K=3),0.0,
141949,Random,0.0,
141949,Popularity,0.0,
141949,CF (ItemKNN),0.25,
141949,Content (Avg Emb),0.0,
141949,Last-Item,0.0,
141949,Avg-Last-10,0.0,
141949,Recency-Weighted,0.0,
141949,Essence (K=3),0.0,
141988,Random,0.0,
141988,Popularity,0.0588235294117647,
141988,CF (ItemKNN),0.1176470588235294,
141988,Content (Avg Emb),0.0,
141988,Last-Item,0.0,
141988,Avg-Last-10,0.0,
141988,Recency-Weighted,0.0,
141988,Essence (K=3),0.0,
141994,Random,0.0,0.0
141994,Popularity,0.0,0.0
141994,CF (ItemKNN),0.0,0.0
141994,Content (Avg Emb),0.0,0.0
141994,Last-Item,0.0,0.0
141994,Avg-Last-10,0.0,0.0
141994,Recency-Weighted,0.0,0.0
141994,Essence (K=3),0.0,0.0
142037,Random,0.0,
142037,Popularity,0.0,
142037,CF (ItemKNN),0.25,
142037,Content (Avg Emb),0.0,
142037,Last-Item,0.0,
142037,Avg-Last-10,0.0,
142037,Recency-Weighted,0.0,
142037,Essence (K=3),0.0,
142058,Random,0.0,0.0
142058,Popularity,0.0,0.0
142058,CF (ItemKNN),0.09375,0.0
142058,Content (Avg Emb),0.0,0.0
142058,Last-Item,0.0,0.0
142058,Avg-Last-10,0.0,0.0
142058,Recency-Weighted,0.0,0.0
142058,Essence (K=3),0.0,0.0
142086,Random,0.0,
142086,Popularity,0.1428571428571428,
142086,CF (ItemKNN),0.2142857142857142,
142086,Content (Avg Emb),0.0,
142086,Last-Item,0.0,
142086,Avg-Last-10,0.0,
142086,Recency-Weighted,0.0,
142086,Essence (K=3),0.0,
142291,Random,0.0,
142291,Popularity,0.0588235294117647,
142291,CF (ItemKNN),0.0588235294117647,
142291,Content (Avg Emb),0.0,
142291,Last-Item,0.0,
142291,Avg-Last-10,0.0,
142291,Recency-Weighted,0.0,
142291,Essence (K=3),0.0,
142350,Random,0.0,
142350,Popularity,0.0689655172413793,
142350,CF (ItemKNN),0.0689655172413793,
142350,Content (Avg Emb),0.0344827586206896,
142350,Last-Item,0.0,
142350,Avg-Last-10,0.0344827586206896,
142350,Recency-Weighted,0.0,
142350,Essence (K=3),0.0344827586206896,
142612,Random,0.0,
142612,Popularity,0.0,
142612,CF (ItemKNN),0.0,
142612,Content (Avg Emb),0.0,
142612,Last-Item,0.0,
142612,Avg-Last-10,0.0,
142612,Recency-Weighted,0.0,
142612,Essence (K=3),0.0,
142743,Random,0.0,
142743,Popularity,0.0625,
142743,CF (ItemKNN),0.0,
142743,Content (Avg Emb),0.0,
142743,Last-Item,0.0,
142743,Avg-Last-10,0.0,
142743,Recency-Weighted,0.0,
142743,Essence (K=3),0.0,
142759,Random,0.0,
142759,Popularity,0.0,
142759,CF (ItemKNN),0.0,
142759,Content (Avg Emb),0.0,
142759,Last-Item,0.0,
142759,Avg-Last-10,0.0,
142759,Recency-Weighted,0.0,
142759,Essence (K=3),0.0,
142800,Random,0.0,0.0
142800,Popularity,0.0,0.0
142800,CF (ItemKNN),0.027027027027027,0.0
142800,Content (Avg Emb),0.0,0.0
142800,Last-Item,0.0,0.0
142800,Avg-Last-10,0.0,0.0
142800,Recency-Weighted,0.0,0.0
142800,Essence (K=3),0.0,0.0
142816,Random,0.0,0.0
142816,Popularity,0.1,0.0
142816,CF (ItemKNN),0.0,0.0
142816,Content (Avg Emb),0.0,0.0
142816,Last-Item,0.0,0.0
142816,Avg-Last-10,0.0,0.0
142816,Recency-Weighted,0.0,0.0
142816,Essence (K=3),0.0,0.0
142937,Random,0.0,
142937,Popularity,0.0384615384615384,
142937,CF (ItemKNN),0.0,
142937,Content (Avg Emb),0.0,
142937,Last-Item,0.0,
142937,Avg-Last-10,0.0,
142937,Recency-Weighted,0.0,
142937,Essence (K=3),0.0,
142957,Random,0.0,0.0
142957,Popularity,0.0,0.0
142957,CF (ItemKNN),0.0,0.0
142957,Content (Avg Emb),0.0,0.0
142957,Last-Item,0.0,0.0
142957,Avg-Last-10,0.0,0.0
142957,Recency-Weighted,0.0,0.0
142957,Essence (K=3),0.0,0.0
143010,Random,0.0,
143010,Popularity,0.0555555555555555,
143010,CF (ItemKNN),0.0555555555555555,
143010,Content (Avg Emb),0.0,
143010,Last-Item,0.0,
143010,Avg-Last-10,0.0,
143010,Recency-Weighted,0.0,
143010,Essence (K=3),0.1111111111111111,
143024,Random,0.0,
143024,Popularity,0.0,
143024,CF (ItemKNN),0.0,
143024,Content (Avg Emb),0.0,
143024,Last-Item,0.0,
143024,Avg-Last-10,0.0,
143024,Recency-Weighted,0.0,
143024,Essence (K=3),0.0,
143089,Random,0.0,
143089,Popularity,0.0,
143089,CF (ItemKNN),0.625,
143089,Content (Avg Emb),0.0,
143089,Last-Item,0.0,
143089,Avg-Last-10,0.0,
143089,Recency-Weighted,0.0,
143089,Essence (K=3),0.0,
143227,Random,0.0,
143227,Popularity,0.25,
143227,CF (ItemKNN),0.0,
143227,Content (Avg Emb),0.0,
143227,Last-Item,0.0,
143227,Avg-Last-10,0.0,
143227,Recency-Weighted,0.0,
143227,Essence (K=3),0.0,
143263,Random,0.0,0.0
143263,Popularity,0.0,0.0
143263,CF (ItemKNN),0.0,0.0
143263,Content (Avg Emb),0.1052631578947368,0.0
143263,Last-Item,0.0,0.0
143263,Avg-Last-10,0.0526315789473684,0.0
143263,Recency-Weighted,0.0,0.0
143263,Essence (K=3),0.0,0.0
143270,Random,0.0,
143270,Popularity,0.0,
143270,CF (ItemKNN),0.1818181818181818,
143270,Content (Avg Emb),0.0,
143270,Last-Item,0.0,
143270,Avg-Last-10,0.0,
143270,Recency-Weighted,0.0,
143270,Essence (K=3),0.0,
143294,Random,0.0,0.0
143294,Popularity,0.0,0.0
143294,CF (ItemKNN),0.0344827586206896,0.0
143294,Content (Avg Emb),0.0,0.0
143294,Last-Item,0.0,0.0
143294,Avg-Last-10,0.0,0.0
143294,Recency-Weighted,0.0,0.0
143294,Essence (K=3),0.0,0.0
143320,Random,0.0,
143320,Popularity,0.0,
143320,CF (ItemKNN),0.0,
143320,Content (Avg Emb),0.0,
143320,Last-Item,0.0,
143320,Avg-Last-10,0.0,
143320,Recency-Weighted,0.0,
143320,Essence (K=3),0.0,
143558,Random,0.0,
143558,Popularity,0.0,
143558,CF (ItemKNN),0.0,
143558,Content (Avg Emb),0.0,
143558,Last-Item,0.0,
143558,Avg-Last-10,0.0,
143558,Recency-Weighted,0.0,
143558,Essence (K=3),0.0,
143613,Random,0.0,
143613,Popularity,0.0,
143613,CF (ItemKNN),0.0,
143613,Content (Avg Emb),0.0,
143613,Last-Item,0.0,
143613,Avg-Last-10,0.0,
143613,Recency-Weighted,0.0,
143613,Essence (K=3),0.0,
143652,Random,0.0,
143652,Popularity,0.0909090909090909,
143652,CF (ItemKNN),0.1818181818181818,
143652,Content (Avg Emb),0.0,
143652,Last-Item,0.0,
143652,Avg-Last-10,0.0,
143652,Recency-Weighted,0.0,
143652,Essence (K=3),0.0,
143851,Random,0.0,
143851,Popularity,0.0,
143851,CF (ItemKNN),0.0,
143851,Content (Avg Emb),0.0,
143851,Last-Item,0.0,
143851,Avg-Last-10,0.0,
143851,Recency-Weighted,0.0,
143851,Essence (K=3),0.0,
143928,Random,0.0,
143928,Popularity,0.0,
143928,CF (ItemKNN),0.0,
143928,Content (Avg Emb),0.0,
143928,Last-Item,0.0,
143928,Avg-Last-10,0.0,
143928,Recency-Weighted,0.0,
143928,Essence (K=3),0.0,
143944,Random,0.0,
143944,Popularity,0.0,
143944,CF (ItemKNN),0.0,
143944,Content (Avg Emb),0.0,
143944,Last-Item,0.0,
143944,Avg-Last-10,0.0,
143944,Recency-Weighted,0.0625,
143944,Essence (K=3),0.0,
144034,Random,0.0,
144034,Popularity,0.1304347826086956,
144034,CF (ItemKNN),0.0869565217391304,
144034,Content (Avg Emb),0.0,
144034,Last-Item,0.0,
144034,Avg-Last-10,0.0,
144034,Recency-Weighted,0.0869565217391304,
144034,Essence (K=3),0.0,
144176,Random,0.0,0.0
144176,Popularity,0.0,0.0
144176,CF (ItemKNN),0.0,0.0
144176,Content (Avg Emb),0.0,0.0
144176,Last-Item,0.0,0.0
144176,Avg-Last-10,0.0,0.0
144176,Recency-Weighted,0.0,0.0
144176,Essence (K=3),0.0,0.0
144194,Random,0.0,
144194,Popularity,0.0,
144194,CF (ItemKNN),0.0,
144194,Content (Avg Emb),0.0,
144194,Last-Item,0.0,
144194,Avg-Last-10,0.0,
144194,Recency-Weighted,0.0,
144194,Essence (K=3),0.0,
144285,Random,0.0,0.0
144285,Popularity,0.0,0.0
144285,CF (ItemKNN),0.0,0.0
144285,Content (Avg Emb),0.0,0.0
144285,Last-Item,0.0,0.0
144285,Avg-Last-10,0.0,0.0
144285,Recency-Weighted,0.0,0.0
144285,Essence (K=3),0.0,0.0
144378,Random,0.0,
144378,Popularity,0.0,
144378,CF (ItemKNN),0.0,
144378,Content (Avg Emb),0.0,
144378,Last-Item,0.0,
144378,Avg-Last-10,0.0,
144378,Recency-Weighted,0.0,
144378,Essence (K=3),0.0,
144389,Random,0.0,0.0
144389,Popularity,0.1666666666666666,0.0
144389,CF (ItemKNN),0.3333333333333333,0.0
144389,Content (Avg Emb),0.1666666666666666,0.0
144389,Last-Item,0.0,0.0
144389,Avg-Last-10,0.1666666666666666,0.0
144389,Recency-Weighted,0.1666666666666666,0.0
144389,Essence (K=3),0.0,0.0
144444,Random,0.0,
144444,Popularity,0.1052631578947368,
144444,CF (ItemKNN),0.1578947368421052,
144444,Content (Avg Emb),0.0,
144444,Last-Item,0.0,
144444,Avg-Last-10,0.0,
144444,Recency-Weighted,0.0,
144444,Essence (K=3),0.0,
144526,Random,0.0,
144526,Popularity,0.0,
144526,CF (ItemKNN),0.0,
144526,Content (Avg Emb),0.0,
144526,Last-Item,0.0,
144526,Avg-Last-10,0.0,
144526,Recency-Weighted,0.0,
144526,Essence (K=3),0.0,
144565,Random,0.0,
144565,Popularity,0.0384615384615384,
144565,CF (ItemKNN),0.0,
144565,Content (Avg Emb),0.0,
144565,Last-Item,0.0,
144565,Avg-Last-10,0.0,
144565,Recency-Weighted,0.0,
144565,Essence (K=3),0.0,
144616,Random,0.0,
144616,Popularity,0.0,
144616,CF (ItemKNN),0.0,
144616,Content (Avg Emb),0.0,
144616,Last-Item,0.0,
144616,Avg-Last-10,0.05,
144616,Recency-Weighted,0.05,
144616,Essence (K=3),0.0,
144645,Random,0.0,
144645,Popularity,0.1666666666666666,
144645,CF (ItemKNN),0.5,
144645,Content (Avg Emb),0.0,
144645,Last-Item,0.0,
144645,Avg-Last-10,0.0,
144645,Recency-Weighted,0.0,
144645,Essence (K=3),0.0,
144652,Random,0.0,0.0
144652,Popularity,0.0,0.0
144652,CF (ItemKNN),0.0,0.0
144652,Content (Avg Emb),0.0,0.0
144652,Last-Item,0.0,0.0
144652,Avg-Last-10,0.0,0.0
144652,Recency-Weighted,0.0,0.0
144652,Essence (K=3),0.0,0.0
144737,Random,0.0,
144737,Popularity,0.037037037037037,
144737,CF (ItemKNN),0.037037037037037,
144737,Content (Avg Emb),0.0,
144737,Last-Item,0.0,
144737,Avg-Last-10,0.0,
144737,Recency-Weighted,0.0,
144737,Essence (K=3),0.0,
144777,Random,0.0,
144777,Popularity,0.0869565217391304,
144777,CF (ItemKNN),0.1304347826086956,
144777,Content (Avg Emb),0.0,
144777,Last-Item,0.0,
144777,Avg-Last-10,0.0,
144777,Recency-Weighted,0.0,
144777,Essence (K=3),0.0,
144900,Random,0.0,0.0
144900,Popularity,0.0,0.0
144900,CF (ItemKNN),0.25,0.0
144900,Content (Avg Emb),0.0,0.0
144900,Last-Item,0.0,0.0
144900,Avg-Last-10,0.0,0.0
144900,Recency-Weighted,0.0,0.0
144900,Essence (K=3),0.0,0.0
145019,Random,0.0,
145019,Popularity,0.0,
145019,CF (ItemKNN),0.0,
145019,Content (Avg Emb),0.0,
145019,Last-Item,0.0,
145019,Avg-Last-10,0.0,
145019,Recency-Weighted,0.0,
145019,Essence (K=3),0.0,
145194,Random,0.0,
145194,Popularity,0.0,
145194,CF (ItemKNN),0.0588235294117647,
145194,Content (Avg Emb),0.0,
145194,Last-Item,0.0,
145194,Avg-Last-10,0.0,
145194,Recency-Weighted,0.0,
145194,Essence (K=3),0.0,
145219,Random,0.0,
145219,Popularity,0.0454545454545454,
145219,CF (ItemKNN),0.0454545454545454,
145219,Content (Avg Emb),0.0,
145219,Last-Item,0.0454545454545454,
145219,Avg-Last-10,0.0,
145219,Recency-Weighted,0.0454545454545454,
145219,Essence (K=3),0.0,
145293,Random,0.0,
145293,Popularity,0.0,
145293,CF (ItemKNN),0.0,
145293,Content (Avg Emb),0.0,
145293,Last-Item,0.0,
145293,Avg-Last-10,0.0,
145293,Recency-Weighted,0.0,
145293,Essence (K=3),0.0,
145309,Random,0.0,
145309,Popularity,0.0,
145309,CF (ItemKNN),0.1111111111111111,
145309,Content (Avg Emb),0.0,
145309,Last-Item,0.0,
145309,Avg-Last-10,0.0,
145309,Recency-Weighted,0.0,
145309,Essence (K=3),0.0,
145409,Random,0.0,0.0
145409,Popularity,0.0,0.0
145409,CF (ItemKNN),0.0357142857142857,0.0
145409,Content (Avg Emb),0.0,0.0
145409,Last-Item,0.0,0.0
145409,Avg-Last-10,0.0,0.0
145409,Recency-Weighted,0.0,0.0
145409,Essence (K=3),0.0,0.0
145416,Random,0.0,
145416,Popularity,0.3333333333333333,
145416,CF (ItemKNN),0.3333333333333333,
145416,Content (Avg Emb),0.0,
145416,Last-Item,0.0,
145416,Avg-Last-10,0.0,
145416,Recency-Weighted,0.0,
145416,Essence (K=3),0.0,
145418,Random,0.0,
145418,Popularity,0.0,
145418,CF (ItemKNN),0.0,
145418,Content (Avg Emb),0.0,
145418,Last-Item,0.0,
145418,Avg-Last-10,0.0,
145418,Recency-Weighted,0.0,
145418,Essence (K=3),0.0,
145527,Random,0.0,
145527,Popularity,0.2,
145527,CF (ItemKNN),0.4,
145527,Content (Avg Emb),0.0,
145527,Last-Item,0.0,
145527,Avg-Last-10,0.0,
145527,Recency-Weighted,0.0,
145527,Essence (K=3),0.0,
145722,Random,0.0,0.0
145722,Popularity,0.0476190476190476,0.0
145722,CF (ItemKNN),0.0476190476190476,0.0
145722,Content (Avg Emb),0.0,0.0
145722,Last-Item,0.0,0.0
145722,Avg-Last-10,0.0,0.0
145722,Recency-Weighted,0.0,0.0
145722,Essence (K=3),0.0,0.0
145748,Random,0.0,
145748,Popularity,0.0,
145748,CF (ItemKNN),0.1,
145748,Content (Avg Emb),0.0,
145748,Last-Item,0.0,
145748,Avg-Last-10,0.0,
145748,Recency-Weighted,0.0,
145748,Essence (K=3),0.0,
146057,Random,0.0,0.0
146057,Popularity,0.0,0.0
146057,CF (ItemKNN),0.0,0.0
146057,Content (Avg Emb),0.0,0.0
146057,Last-Item,0.0,0.0
146057,Avg-Last-10,0.0,0.0
146057,Recency-Weighted,0.0,0.0
146057,Essence (K=3),0.0,0.0
146108,Random,0.0,
146108,Popularity,0.0,
146108,CF (ItemKNN),0.0,
146108,Content (Avg Emb),0.0,
146108,Last-Item,0.0,
146108,Avg-Last-10,0.0,
146108,Recency-Weighted,0.0,
146108,Essence (K=3),0.0,
146202,Random,0.0,0.0
146202,Popularity,0.0303030303030303,0.0
146202,CF (ItemKNN),0.0303030303030303,0.0
146202,Content (Avg Emb),0.0,0.0
146202,Last-Item,0.0,0.0
146202,Avg-Last-10,0.0,0.0
146202,Recency-Weighted,0.0,0.0
146202,Essence (K=3),0.0,0.0
146387,Random,0.0,
146387,Popularity,0.0,
146387,CF (ItemKNN),0.0454545454545454,
146387,Content (Avg Emb),0.0,
146387,Last-Item,0.0,
146387,Avg-Last-10,0.0454545454545454,
146387,Recency-Weighted,0.0454545454545454,
146387,Essence (K=3),0.0,
146413,Random,0.0,
146413,Popularity,0.2,
146413,CF (ItemKNN),0.0,
146413,Content (Avg Emb),0.0,
146413,Last-Item,0.0,
146413,Avg-Last-10,0.0,
146413,Recency-Weighted,0.0,
146413,Essence (K=3),0.0,
146425,Random,0.0,
146425,Popularity,0.0,
146425,CF (ItemKNN),0.0,
146425,Content (Avg Emb),0.0,
146425,Last-Item,0.0,
146425,Avg-Last-10,0.0,
146425,Recency-Weighted,0.0,
146425,Essence (K=3),0.0,
146485,Random,0.0,
146485,Popularity,0.0,
146485,CF (ItemKNN),0.0,
146485,Content (Avg Emb),0.0,
146485,Last-Item,0.0,
146485,Avg-Last-10,0.0,
146485,Recency-Weighted,0.0,
146485,Essence (K=3),0.0,
146511,Random,0.0,
146511,Popularity,0.1111111111111111,
146511,CF (ItemKNN),0.1111111111111111,
146511,Content (Avg Emb),0.0,
146511,Last-Item,0.0,
146511,Avg-Last-10,0.0,
146511,Recency-Weighted,0.0,
146511,Essence (K=3),0.0,
146593,Random,0.0,
146593,Popularity,0.0,
146593,CF (ItemKNN),0.0,
146593,Content (Avg Emb),0.0,
146593,Last-Item,0.0,
146593,Avg-Last-10,0.0454545454545454,
146593,Recency-Weighted,0.0454545454545454,
146593,Essence (K=3),0.0,
146665,Random,0.0,0.0
146665,Popularity,0.125,0.0
146665,CF (ItemKNN),0.125,0.0
146665,Content (Avg Emb),0.0,0.0
146665,Last-Item,0.0,0.0
146665,Avg-Last-10,0.0,0.0
146665,Recency-Weighted,0.0,0.0
146665,Essence (K=3),0.0,0.0
147351,Random,0.0,
147351,Popularity,0.2,
147351,CF (ItemKNN),0.6,
147351,Content (Avg Emb),0.2,
147351,Last-Item,0.2,
147351,Avg-Last-10,0.2,
147351,Recency-Weighted,0.2,
147351,Essence (K=3),0.0,
147450,Random,0.0,
147450,Popularity,0.0,
147450,CF (ItemKNN),0.1666666666666666,
147450,Content (Avg Emb),0.0,
147450,Last-Item,0.0,
147450,Avg-Last-10,0.0,
147450,Recency-Weighted,0.0,
147450,Essence (K=3),0.0,
147452,Random,0.0,
147452,Popularity,0.0,
147452,CF (ItemKNN),0.25,
147452,Content (Avg Emb),0.0,
147452,Last-Item,0.0,
147452,Avg-Last-10,0.0,
147452,Recency-Weighted,0.0,
147452,Essence (K=3),0.0,
147621,Random,0.0,
147621,Popularity,0.0,
147621,CF (ItemKNN),0.05,
147621,Content (Avg Emb),0.0,
147621,Last-Item,0.0,
147621,Avg-Last-10,0.0,
147621,Recency-Weighted,0.0,
147621,Essence (K=3),0.0,
147623,Random,0.0,0.0
147623,Popularity,0.0,0.0
147623,CF (ItemKNN),0.0,0.0
147623,Content (Avg Emb),0.0,0.0
147623,Last-Item,0.0,0.0
147623,Avg-Last-10,0.0,0.0
147623,Recency-Weighted,0.0,0.0
147623,Essence (K=3),0.0,0.0
147632,Random,0.0,0.0
147632,Popularity,0.0,0.0
147632,CF (ItemKNN),0.0,0.0
147632,Content (Avg Emb),0.0,0.0
147632,Last-Item,0.0,0.0
147632,Avg-Last-10,0.0,0.0
147632,Recency-Weighted,0.0,0.0
147632,Essence (K=3),0.0,0.0
147717,Random,0.0,0.0
147717,Popularity,0.1818181818181818,0.0
147717,CF (ItemKNN),0.0909090909090909,0.0
147717,Content (Avg Emb),0.0,0.0
147717,Last-Item,0.0909090909090909,0.0
147717,Avg-Last-10,0.0,0.0
147717,Recency-Weighted,0.0909090909090909,0.0
147717,Essence (K=3),0.0,0.0
147733,Random,0.0,
147733,Popularity,0.0,
147733,CF (ItemKNN),0.0,
147733,Content (Avg Emb),0.0,
147733,Last-Item,0.0,
147733,Avg-Last-10,0.0,
147733,Recency-Weighted,0.0,
147733,Essence (K=3),0.0,
147803,Random,0.0,0.0
147803,Popularity,0.0,0.0
147803,CF (ItemKNN),0.0,0.0
147803,Content (Avg Emb),0.0,0.0
147803,Last-Item,0.0714285714285714,0.0
147803,Avg-Last-10,0.0,0.0
147803,Recency-Weighted,0.0,0.0
147803,Essence (K=3),0.0,0.0
147992,Random,0.0,0.0
147992,Popularity,0.1052631578947368,0.0
147992,CF (ItemKNN),0.1052631578947368,0.0
147992,Content (Avg Emb),0.0526315789473684,0.0
147992,Last-Item,0.0,0.0
147992,Avg-Last-10,0.0,0.0
147992,Recency-Weighted,0.0,0.0
147992,Essence (K=3),0.0,0.0
147997,Random,0.0,
147997,Popularity,0.0,
147997,CF (ItemKNN),0.0769230769230769,
147997,Content (Avg Emb),0.0,
147997,Last-Item,0.0,
147997,Avg-Last-10,0.0,
147997,Recency-Weighted,0.0,
147997,Essence (K=3),0.0,
148086,Random,0.0277777777777777,0.0
148086,Popularity,0.0,0.0
148086,CF (ItemKNN),0.0277777777777777,0.0
148086,Content (Avg Emb),0.0,0.0
148086,Last-Item,0.0,0.0
148086,Avg-Last-10,0.0277777777777777,0.0
148086,Recency-Weighted,0.0277777777777777,0.0
148086,Essence (K=3),0.0277777777777777,0.0
148214,Random,0.0,
148214,Popularity,0.0,
148214,CF (ItemKNN),0.0,
148214,Content (Avg Emb),0.0,
148214,Last-Item,0.0,
148214,Avg-Last-10,0.0,
148214,Recency-Weighted,0.0,
148214,Essence (K=3),0.0,
148273,Random,0.0,0.0
148273,Popularity,0.0434782608695652,0.0
148273,CF (ItemKNN),0.0869565217391304,0.0
148273,Content (Avg Emb),0.0,0.0
148273,Last-Item,0.0,0.0
148273,Avg-Last-10,0.0,0.0
148273,Recency-Weighted,0.0,0.0
148273,Essence (K=3),0.0,0.0
148296,Random,0.0285714285714285,0.0
148296,Popularity,0.0571428571428571,0.0
148296,CF (ItemKNN),0.0285714285714285,0.0
148296,Content (Avg Emb),0.0,0.0
148296,Last-Item,0.0,0.0
148296,Avg-Last-10,0.0,0.0
148296,Recency-Weighted,0.0,0.0
148296,Essence (K=3),0.0,0.0
148372,Random,0.0,
148372,Popularity,0.25,
148372,CF (ItemKNN),0.0,
148372,Content (Avg Emb),0.0,
148372,Last-Item,0.0,
148372,Avg-Last-10,0.0,
148372,Recency-Weighted,0.0,
148372,Essence (K=3),0.0,
148375,Random,0.0,0.0
148375,Popularity,0.1428571428571428,0.0
148375,CF (ItemKNN),0.0,0.0
148375,Content (Avg Emb),0.0,0.0
148375,Last-Item,0.0,0.0
148375,Avg-Last-10,0.0,0.0
148375,Recency-Weighted,0.0,0.0
148375,Essence (K=3),0.0,0.0
148465,Random,0.0,
148465,Popularity,0.2222222222222222,
148465,CF (ItemKNN),0.3333333333333333,
148465,Content (Avg Emb),0.0,
148465,Last-Item,0.0,
148465,Avg-Last-10,0.0,
148465,Recency-Weighted,0.0,
148465,Essence (K=3),0.0,
148503,Random,0.0,
148503,Popularity,0.0,
148503,CF (ItemKNN),0.3846153846153846,
148503,Content (Avg Emb),0.0,
148503,Last-Item,0.0,
148503,Avg-Last-10,0.0,
148503,Recency-Weighted,0.0,
148503,Essence (K=3),0.0,
148622,Random,0.0,
148622,Popularity,0.0,
148622,CF (ItemKNN),0.0,
148622,Content (Avg Emb),0.0,
148622,Last-Item,0.0,
148622,Avg-Last-10,0.0,
148622,Recency-Weighted,0.0,
148622,Essence (K=3),0.0,
148700,Random,0.0,
148700,Popularity,0.5,
148700,CF (ItemKNN),0.0,
148700,Content (Avg Emb),0.0,
148700,Last-Item,0.0,
148700,Avg-Last-10,0.0,
148700,Recency-Weighted,0.0,
148700,Essence (K=3),0.0,
148714,Random,0.0,
148714,Popularity,0.0,
148714,CF (ItemKNN),0.0,
148714,Content (Avg Emb),0.0,
148714,Last-Item,0.1666666666666666,
148714,Avg-Last-10,0.0,
148714,Recency-Weighted,0.1666666666666666,
148714,Essence (K=3),0.0,
148957,Random,0.0769230769230769,
148957,Popularity,0.1538461538461538,
148957,CF (ItemKNN),0.1538461538461538,
148957,Content (Avg Emb),0.0,
148957,Last-Item,0.0,
148957,Avg-Last-10,0.0,
148957,Recency-Weighted,0.0,
148957,Essence (K=3),0.0,
148969,Random,0.0,
148969,Popularity,0.0,
148969,CF (ItemKNN),0.0,
148969,Content (Avg Emb),0.0,
148969,Last-Item,0.0,
148969,Avg-Last-10,0.0,
148969,Recency-Weighted,0.0,
148969,Essence (K=3),0.0,
149154,Random,0.0,
149154,Popularity,0.0,
149154,CF (ItemKNN),0.0,
149154,Content (Avg Emb),0.0,
149154,Last-Item,0.0,
149154,Avg-Last-10,0.0,
149154,Recency-Weighted,0.0,
149154,Essence (K=3),0.0,
149176,Random,0.0,
149176,Popularity,0.0833333333333333,
149176,CF (ItemKNN),0.0555555555555555,
149176,Content (Avg Emb),0.0,
149176,Last-Item,0.0,
149176,Avg-Last-10,0.0,
149176,Recency-Weighted,0.0,
149176,Essence (K=3),0.0,
149214,Random,0.0,
149214,Popularity,0.2,
149214,CF (ItemKNN),0.0,
149214,Content (Avg Emb),0.0,
149214,Last-Item,0.0,
149214,Avg-Last-10,0.0,
149214,Recency-Weighted,0.0,
149214,Essence (K=3),0.0,
149228,Random,0.0,0.0
149228,Popularity,0.0344827586206896,0.0
149228,CF (ItemKNN),0.0344827586206896,0.0
149228,Content (Avg Emb),0.0,0.0
149228,Last-Item,0.0,0.0
149228,Avg-Last-10,0.0,0.0
149228,Recency-Weighted,0.0,0.0
149228,Essence (K=3),0.0,0.0
149375,Random,0.0,
149375,Popularity,0.0,
149375,CF (ItemKNN),0.0,
149375,Content (Avg Emb),0.0,
149375,Last-Item,0.0,
149375,Avg-Last-10,0.0,
149375,Recency-Weighted,0.0,
149375,Essence (K=3),0.0,
149415,Random,0.0,
149415,Popularity,0.0,
149415,CF (ItemKNN),0.1428571428571428,
149415,Content (Avg Emb),0.0,
149415,Last-Item,0.0,
149415,Avg-Last-10,0.0,
149415,Recency-Weighted,0.0,
149415,Essence (K=3),0.0,
149541,Random,0.0,
149541,Popularity,0.0,
149541,CF (ItemKNN),0.0,
149541,Content (Avg Emb),0.0,
149541,Last-Item,0.0,
149541,Avg-Last-10,0.0,
149541,Recency-Weighted,0.0,
149541,Essence (K=3),0.0,
149571,Random,0.0,
149571,Popularity,0.0,
149571,CF (ItemKNN),0.0,
149571,Content (Avg Emb),0.0,
149571,Last-Item,0.0,
149571,Avg-Last-10,0.0,
149571,Recency-Weighted,0.0,
149571,Essence (K=3),0.0,
149907,Random,0.0,
149907,Popularity,0.0,
149907,CF (ItemKNN),0.0,
149907,Content (Avg Emb),0.0,
149907,Last-Item,0.0,
149907,Avg-Last-10,0.0,
149907,Recency-Weighted,0.0,
149907,Essence (K=3),0.0,
149940,Random,0.0,0.0
149940,Popularity,0.0526315789473684,0.0
149940,CF (ItemKNN),0.1578947368421052,0.0
149940,Content (Avg Emb),0.0526315789473684,0.0
149940,Last-Item,0.0,0.0
149940,Avg-Last-10,0.0,0.0
149940,Recency-Weighted,0.0,0.0
149940,Essence (K=3),0.0,0.0
149955,Random,0.0,
149955,Popularity,0.0833333333333333,
149955,CF (ItemKNN),0.0,
149955,Content (Avg Emb),0.0,
149955,Last-Item,0.0,
149955,Avg-Last-10,0.0,
149955,Recency-Weighted,0.0,
149955,Essence (K=3),0.0,
149987,Random,0.0,0.0
149987,Popularity,0.0,0.0
149987,CF (ItemKNN),0.0303030303030303,0.0
149987,Content (Avg Emb),0.0,0.0
149987,Last-Item,0.0,0.0
149987,Avg-Last-10,0.0,0.0
149987,Recency-Weighted,0.0,0.0
149987,Essence (K=3),0.0,0.0
150038,Random,0.0,
150038,Popularity,0.0,
150038,CF (ItemKNN),0.0526315789473684,
150038,Content (Avg Emb),0.0,
150038,Last-Item,0.0,
150038,Avg-Last-10,0.0,
150038,Recency-Weighted,0.0,
150038,Essence (K=3),0.0,
150045,Random,0.0,
150045,Popularity,0.2222222222222222,
150045,CF (ItemKNN),0.1111111111111111,
150045,Content (Avg Emb),0.0,
150045,Last-Item,0.0,
150045,Avg-Last-10,0.0,
150045,Recency-Weighted,0.0,
150045,Essence (K=3),0.0,
150138,Random,0.0,
150138,Popularity,0.0,
150138,CF (ItemKNN),0.0,
150138,Content (Avg Emb),0.0,
150138,Last-Item,0.0,
150138,Avg-Last-10,0.0,
150138,Recency-Weighted,0.0,
150138,Essence (K=3),0.0,
150217,Random,0.0,
150217,Popularity,0.25,
150217,CF (ItemKNN),0.0,
150217,Content (Avg Emb),0.0,
150217,Last-Item,0.0,
150217,Avg-Last-10,0.0,
150217,Recency-Weighted,0.0,
150217,Essence (K=3),0.0,
150339,Random,0.0,
150339,Popularity,0.25,
150339,CF (ItemKNN),0.0,
150339,Content (Avg Emb),0.0,
150339,Last-Item,0.0,
150339,Avg-Last-10,0.0,
150339,Recency-Weighted,0.0,
150339,Essence (K=3),0.0,
150481,Random,0.0,
150481,Popularity,0.0,
150481,CF (ItemKNN),0.0,
150481,Content (Avg Emb),0.0,
150481,Last-Item,0.0,
150481,Avg-Last-10,0.0,
150481,Recency-Weighted,0.0,
150481,Essence (K=3),0.0,
150708,Random,0.0,
150708,Popularity,0.125,
150708,CF (ItemKNN),0.25,
150708,Content (Avg Emb),0.0,
150708,Last-Item,0.0,
150708,Avg-Last-10,0.0,
150708,Recency-Weighted,0.0,
150708,Essence (K=3),0.0,
150868,Random,0.0,
150868,Popularity,0.1666666666666666,
150868,CF (ItemKNN),0.1666666666666666,
150868,Content (Avg Emb),0.0,
150868,Last-Item,0.0,
150868,Avg-Last-10,0.0,
150868,Recency-Weighted,0.0,
150868,Essence (K=3),0.0,
150876,Random,0.0,0.0
150876,Popularity,0.0,0.0
150876,CF (ItemKNN),0.0,0.0
150876,Content (Avg Emb),0.0,0.0
150876,Last-Item,0.0,0.0
150876,Avg-Last-10,0.0,0.0
150876,Recency-Weighted,0.0,0.0
150876,Essence (K=3),0.0,0.0
151016,Random,0.037037037037037,
151016,Popularity,0.074074074074074,
151016,CF (ItemKNN),0.074074074074074,
151016,Content (Avg Emb),0.0,
151016,Last-Item,0.0,
151016,Avg-Last-10,0.0,
151016,Recency-Weighted,0.0,
151016,Essence (K=3),0.0,
151045,Random,0.0,
151045,Popularity,0.0,
151045,CF (ItemKNN),0.1666666666666666,
151045,Content (Avg Emb),0.0,
151045,Last-Item,0.0,
151045,Avg-Last-10,0.0,
151045,Recency-Weighted,0.0,
151045,Essence (K=3),0.0,
151057,Random,0.0,
151057,Popularity,0.0,
151057,CF (ItemKNN),0.0,
151057,Content (Avg Emb),0.125,
151057,Last-Item,0.0,
151057,Avg-Last-10,0.125,
151057,Recency-Weighted,0.125,
151057,Essence (K=3),0.125,
151248,Random,0.0,
151248,Popularity,0.0,
151248,CF (ItemKNN),0.0,
151248,Content (Avg Emb),0.0,
151248,Last-Item,0.0,
151248,Avg-Last-10,0.0,
151248,Recency-Weighted,0.0,
151248,Essence (K=3),0.0,
151277,Random,0.0,
151277,Popularity,0.0,
151277,CF (ItemKNN),0.0,
151277,Content (Avg Emb),0.0,
151277,Last-Item,0.0,
151277,Avg-Last-10,0.0,
151277,Recency-Weighted,0.0,
151277,Essence (K=3),0.0,
151317,Random,0.0,
151317,Popularity,0.0,
151317,CF (ItemKNN),0.0,
151317,Content (Avg Emb),0.0,
151317,Last-Item,0.0,
151317,Avg-Last-10,0.0,
151317,Recency-Weighted,0.0,
151317,Essence (K=3),0.0,
151429,Random,0.0454545454545454,0.0
151429,Popularity,0.1363636363636363,0.0
151429,CF (ItemKNN),0.1818181818181818,0.0
151429,Content (Avg Emb),0.0454545454545454,0.0
151429,Last-Item,0.0,0.0
151429,Avg-Last-10,0.0,0.0
151429,Recency-Weighted,0.0,0.0
151429,Essence (K=3),0.0454545454545454,0.0
151504,Random,0.0,
151504,Popularity,0.0,
151504,CF (ItemKNN),0.3125,
151504,Content (Avg Emb),0.0,
151504,Last-Item,0.0,
151504,Avg-Last-10,0.0,
151504,Recency-Weighted,0.0,
151504,Essence (K=3),0.0,
151524,Random,0.0,
151524,Popularity,0.0,
151524,CF (ItemKNN),0.0,
151524,Content (Avg Emb),0.0,
151524,Last-Item,0.0,
151524,Avg-Last-10,0.0,
151524,Recency-Weighted,0.0,
151524,Essence (K=3),0.0,
151655,Random,0.0,
151655,Popularity,0.0,
151655,CF (ItemKNN),0.0,
151655,Content (Avg Emb),0.0,
151655,Last-Item,0.0,
151655,Avg-Last-10,0.0,
151655,Recency-Weighted,0.0,
151655,Essence (K=3),0.0,
151759,Random,0.0,0.0
151759,Popularity,0.0,0.0
151759,CF (ItemKNN),0.1666666666666666,0.0
151759,Content (Avg Emb),0.0,0.0
151759,Last-Item,0.0,0.0
151759,Avg-Last-10,0.0,0.0
151759,Recency-Weighted,0.0,0.0
151759,Essence (K=3),0.0,0.0
151855,Random,0.0,
151855,Popularity,0.0,
151855,CF (ItemKNN),0.0,
151855,Content (Avg Emb),0.0,
151855,Last-Item,0.0,
151855,Avg-Last-10,0.0,
151855,Recency-Weighted,0.0,
151855,Essence (K=3),0.0,
152007,Random,0.0,
152007,Popularity,0.0,
152007,CF (ItemKNN),0.0,
152007,Content (Avg Emb),0.0,
152007,Last-Item,0.0,
152007,Avg-Last-10,0.0,
152007,Recency-Weighted,0.0,
152007,Essence (K=3),0.0,
152037,Random,0.0,0.0
152037,Popularity,0.0,0.0
152037,CF (ItemKNN),0.0384615384615384,0.0
152037,Content (Avg Emb),0.0,0.0
152037,Last-Item,0.0,0.0
152037,Avg-Last-10,0.0,0.0
152037,Recency-Weighted,0.0384615384615384,0.0
152037,Essence (K=3),0.0,0.0
152065,Random,0.0,
152065,Popularity,0.0,
152065,CF (ItemKNN),0.0,
152065,Content (Avg Emb),0.0,
152065,Last-Item,0.0344827586206896,
152065,Avg-Last-10,0.0,
152065,Recency-Weighted,0.0,
152065,Essence (K=3),0.0,
152167,Random,0.0,
152167,Popularity,0.0,
152167,CF (ItemKNN),0.0769230769230769,
152167,Content (Avg Emb),0.0,
152167,Last-Item,0.0,
152167,Avg-Last-10,0.0,
152167,Recency-Weighted,0.0,
152167,Essence (K=3),0.0,
152190,Random,0.0,
152190,Popularity,0.375,
152190,CF (ItemKNN),0.625,
152190,Content (Avg Emb),0.0,
152190,Last-Item,0.0,
152190,Avg-Last-10,0.0,
152190,Recency-Weighted,0.0,
152190,Essence (K=3),0.0,
152384,Random,0.0,
152384,Popularity,0.0,
152384,CF (ItemKNN),0.0625,
152384,Content (Avg Emb),0.0625,
152384,Last-Item,0.0,
152384,Avg-Last-10,0.0,
152384,Recency-Weighted,0.0,
152384,Essence (K=3),0.0,
152586,Random,0.0,
152586,Popularity,0.0,
152586,CF (ItemKNN),0.0,
152586,Content (Avg Emb),0.0,
152586,Last-Item,0.0,
152586,Avg-Last-10,0.0,
152586,Recency-Weighted,0.0,
152586,Essence (K=3),0.0,
152591,Random,0.0,
152591,Popularity,0.1428571428571428,
152591,CF (ItemKNN),0.0,
152591,Content (Avg Emb),0.0,
152591,Last-Item,0.0,
152591,Avg-Last-10,0.0,
152591,Recency-Weighted,0.0,
152591,Essence (K=3),0.0,
152609,Random,0.0,
152609,Popularity,0.5714285714285714,
152609,CF (ItemKNN),0.5714285714285714,
152609,Content (Avg Emb),0.0,
152609,Last-Item,0.0,
152609,Avg-Last-10,0.0,
152609,Recency-Weighted,0.0,
152609,Essence (K=3),0.0,
152619,Random,0.0,0.0
152619,Popularity,0.0,0.0
152619,CF (ItemKNN),0.0,0.0
152619,Content (Avg Emb),0.0,0.0
152619,Last-Item,0.0,0.0
152619,Avg-Last-10,0.0,0.0
152619,Recency-Weighted,0.0,0.0
152619,Essence (K=3),0.0,0.0
152756,Random,0.0,
152756,Popularity,0.2,
152756,CF (ItemKNN),0.4,
152756,Content (Avg Emb),0.0,
152756,Last-Item,0.0,
152756,Avg-Last-10,0.0,
152756,Recency-Weighted,0.0,
152756,Essence (K=3),0.0,
152911,Random,0.0,
152911,Popularity,0.0,
152911,CF (ItemKNN),0.0,
152911,Content (Avg Emb),0.0,
152911,Last-Item,0.0,
152911,Avg-Last-10,0.0,
152911,Recency-Weighted,0.0,
152911,Essence (K=3),0.0,
153061,Random,0.0,0.0
153061,Popularity,0.0,0.0
153061,CF (ItemKNN),0.0,0.0
153061,Content (Avg Emb),0.0,0.0
153061,Last-Item,0.0,0.0
153061,Avg-Last-10,0.0,0.0
153061,Recency-Weighted,0.0,0.0
153061,Essence (K=3),0.0,0.0
153213,Random,0.0,
153213,Popularity,0.4210526315789473,
153213,CF (ItemKNN),0.4210526315789473,
153213,Content (Avg Emb),0.0,
153213,Last-Item,0.0,
153213,Avg-Last-10,0.0,
153213,Recency-Weighted,0.0,
153213,Essence (K=3),0.0526315789473684,
153244,Random,0.0,
153244,Popularity,0.25,
153244,CF (ItemKNN),0.25,
153244,Content (Avg Emb),0.25,
153244,Last-Item,0.25,
153244,Avg-Last-10,0.25,
153244,Recency-Weighted,0.25,
153244,Essence (K=3),0.0,
153284,Random,0.0,
153284,Popularity,0.0357142857142857,
153284,CF (ItemKNN),0.0,
153284,Content (Avg Emb),0.0,
153284,Last-Item,0.0,
153284,Avg-Last-10,0.0,
153284,Recency-Weighted,0.0,
153284,Essence (K=3),0.0,
153310,Random,0.0,
153310,Popularity,0.0,
153310,CF (ItemKNN),0.0,
153310,Content (Avg Emb),0.0,
153310,Last-Item,0.0,
153310,Avg-Last-10,0.0,
153310,Recency-Weighted,0.0,
153310,Essence (K=3),0.0,
153378,Random,0.0,
153378,Popularity,0.0,
153378,CF (ItemKNN),0.0,
153378,Content (Avg Emb),0.0,
153378,Last-Item,0.0,
153378,Avg-Last-10,0.0,
153378,Recency-Weighted,0.0,
153378,Essence (K=3),0.0,
153466,Random,0.0,
153466,Popularity,0.0714285714285714,
153466,CF (ItemKNN),0.0714285714285714,
153466,Content (Avg Emb),0.0,
153466,Last-Item,0.0,
153466,Avg-Last-10,0.0,
153466,Recency-Weighted,0.0,
153466,Essence (K=3),0.0,
153525,Random,0.0,
153525,Popularity,0.25,
153525,CF (ItemKNN),0.375,
153525,Content (Avg Emb),0.0,
153525,Last-Item,0.0,
153525,Avg-Last-10,0.0,
153525,Recency-Weighted,0.0,
153525,Essence (K=3),0.0,
153537,Random,0.0,
153537,Popularity,0.0,
153537,CF (ItemKNN),0.2,
153537,Content (Avg Emb),0.0,
153537,Last-Item,0.0,
153537,Avg-Last-10,0.0,
153537,Recency-Weighted,0.0,
153537,Essence (K=3),0.0,
153664,Random,0.0,
153664,Popularity,0.1111111111111111,
153664,CF (ItemKNN),0.0,
153664,Content (Avg Emb),0.0,
153664,Last-Item,0.0,
153664,Avg-Last-10,0.0,
153664,Recency-Weighted,0.0,
153664,Essence (K=3),0.0,
153704,Random,0.0,
153704,Popularity,0.0,
153704,CF (ItemKNN),0.0,
153704,Content (Avg Emb),0.0,
153704,Last-Item,0.0,
153704,Avg-Last-10,0.0,
153704,Recency-Weighted,0.0,
153704,Essence (K=3),0.0,
153859,Random,0.0,
153859,Popularity,0.0,
153859,CF (ItemKNN),0.0,
153859,Content (Avg Emb),0.0,
153859,Last-Item,0.0,
153859,Avg-Last-10,0.0,
153859,Recency-Weighted,0.0,
153859,Essence (K=3),0.0,
154232,Random,0.0,
154232,Popularity,0.0,
154232,CF (ItemKNN),0.0833333333333333,
154232,Content (Avg Emb),0.0,
154232,Last-Item,0.0,
154232,Avg-Last-10,0.0,
154232,Recency-Weighted,0.0,
154232,Essence (K=3),0.0,
154252,Random,0.0,
154252,Popularity,0.0,
154252,CF (ItemKNN),0.0,
154252,Content (Avg Emb),0.0,
154252,Last-Item,0.0,
154252,Avg-Last-10,0.0,
154252,Recency-Weighted,0.0,
154252,Essence (K=3),0.0,
154281,Random,0.0,
154281,Popularity,0.0,
154281,CF (ItemKNN),0.2,
154281,Content (Avg Emb),0.0,
154281,Last-Item,0.0,
154281,Avg-Last-10,0.0,
154281,Recency-Weighted,0.0,
154281,Essence (K=3),0.0,
154445,Random,0.0,
154445,Popularity,0.0,
154445,CF (ItemKNN),0.0,
154445,Content (Avg Emb),0.0,
154445,Last-Item,0.0,
154445,Avg-Last-10,0.0,
154445,Recency-Weighted,0.0,
154445,Essence (K=3),0.0,
154448,Random,0.0,
154448,Popularity,0.0526315789473684,
154448,CF (ItemKNN),0.0526315789473684,
154448,Content (Avg Emb),0.0,
154448,Last-Item,0.0,
154448,Avg-Last-10,0.0,
154448,Recency-Weighted,0.0,
154448,Essence (K=3),0.0,
154460,Random,0.0,
154460,Popularity,0.0,
154460,CF (ItemKNN),0.0,
154460,Content (Avg Emb),0.0,
154460,Last-Item,0.0,
154460,Avg-Last-10,0.0,
154460,Recency-Weighted,0.0,
154460,Essence (K=3),0.0,
154578,Random,0.0,
154578,Popularity,0.0588235294117647,
154578,CF (ItemKNN),0.1176470588235294,
154578,Content (Avg Emb),0.0,
154578,Last-Item,0.0,
154578,Avg-Last-10,0.0,
154578,Recency-Weighted,0.0,
154578,Essence (K=3),0.0,
154641,Random,0.0,
154641,Popularity,0.0,
154641,CF (ItemKNN),0.0,
154641,Content (Avg Emb),0.0,
154641,Last-Item,0.0,
154641,Avg-Last-10,0.0,
154641,Recency-Weighted,0.0,
154641,Essence (K=3),0.0,
154661,Random,0.0,0.0
154661,Popularity,0.0,0.0
154661,CF (ItemKNN),0.0,0.0
154661,Content (Avg Emb),0.0,0.0
154661,Last-Item,0.0,0.0
154661,Avg-Last-10,0.0,0.0
154661,Recency-Weighted,0.0,0.0
154661,Essence (K=3),0.0,0.0
154810,Random,0.0,0.0
154810,Popularity,0.0,0.0
154810,CF (ItemKNN),0.0,0.0
154810,Content (Avg Emb),0.0,0.0
154810,Last-Item,0.0,0.0
154810,Avg-Last-10,0.0,0.0
154810,Recency-Weighted,0.0333333333333333,0.0
154810,Essence (K=3),0.0,0.0
154848,Random,0.0,
154848,Popularity,0.25,
154848,CF (ItemKNN),0.5,
154848,Content (Avg Emb),0.0,
154848,Last-Item,0.0,
154848,Avg-Last-10,0.0,
154848,Recency-Weighted,0.0,
154848,Essence (K=3),0.0,
154857,Random,0.0,0.0
154857,Popularity,0.0,0.0
154857,CF (ItemKNN),0.0,0.0
154857,Content (Avg Emb),0.03125,0.0
154857,Last-Item,0.0,0.0
154857,Avg-Last-10,0.0,0.0
154857,Recency-Weighted,0.0,0.0
154857,Essence (K=3),0.0,0.0
154888,Random,0.0,
154888,Popularity,0.0,
154888,CF (ItemKNN),0.0,
154888,Content (Avg Emb),0.0,
154888,Last-Item,0.0,
154888,Avg-Last-10,0.0,
154888,Recency-Weighted,0.0,
154888,Essence (K=3),0.0,
154932,Random,0.0,
154932,Popularity,0.1818181818181818,
154932,CF (ItemKNN),0.2727272727272727,
154932,Content (Avg Emb),0.0,
154932,Last-Item,0.0,
154932,Avg-Last-10,0.0,
154932,Recency-Weighted,0.0,
154932,Essence (K=3),0.0,
155080,Random,0.0,
155080,Popularity,0.0454545454545454,
155080,CF (ItemKNN),0.0454545454545454,
155080,Content (Avg Emb),0.0,
155080,Last-Item,0.0,
155080,Avg-Last-10,0.0,
155080,Recency-Weighted,0.0,
155080,Essence (K=3),0.0,
155096,Random,0.0,
155096,Popularity,0.0,
155096,CF (ItemKNN),0.0,
155096,Content (Avg Emb),0.0,
155096,Last-Item,0.0,
155096,Avg-Last-10,0.0,
155096,Recency-Weighted,0.0,
155096,Essence (K=3),0.0,
155248,Random,0.0,
155248,Popularity,0.0,
155248,CF (ItemKNN),0.0666666666666666,
155248,Content (Avg Emb),0.0666666666666666,
155248,Last-Item,0.0,
155248,Avg-Last-10,0.0,
155248,Recency-Weighted,0.0,
155248,Essence (K=3),0.0,
155272,Random,0.0,0.0
155272,Popularity,0.0,0.0
155272,CF (ItemKNN),0.0,0.0
155272,Content (Avg Emb),0.0,0.0
155272,Last-Item,0.0,0.0
155272,Avg-Last-10,0.0,0.0
155272,Recency-Weighted,0.0,0.0
155272,Essence (K=3),0.0,0.0
155280,Random,0.0,
155280,Popularity,0.1363636363636363,
155280,CF (ItemKNN),0.1363636363636363,
155280,Content (Avg Emb),0.0,
155280,Last-Item,0.0,
155280,Avg-Last-10,0.0,
155280,Recency-Weighted,0.0,
155280,Essence (K=3),0.0,
155394,Random,0.0,
155394,Popularity,0.2,
155394,CF (ItemKNN),0.0,
155394,Content (Avg Emb),0.0,
155394,Last-Item,0.0,
155394,Avg-Last-10,0.0,
155394,Recency-Weighted,0.0,
155394,Essence (K=3),0.0,
155410,Random,0.0,
155410,Popularity,0.0,
155410,CF (ItemKNN),0.0833333333333333,
155410,Content (Avg Emb),0.0,
155410,Last-Item,0.0833333333333333,
155410,Avg-Last-10,0.0,
155410,Recency-Weighted,0.0,
155410,Essence (K=3),0.0,
155440,Random,0.0,
155440,Popularity,0.0,
155440,CF (ItemKNN),0.0,
155440,Content (Avg Emb),0.0,
155440,Last-Item,0.0,
155440,Avg-Last-10,0.0,
155440,Recency-Weighted,0.0,
155440,Essence (K=3),0.0,
155540,Random,0.0,
155540,Popularity,0.0,
155540,CF (ItemKNN),0.0,
155540,Content (Avg Emb),0.0,
155540,Last-Item,0.0,
155540,Avg-Last-10,0.0,
155540,Recency-Weighted,0.0,
155540,Essence (K=3),0.0,
155555,Random,0.0,
155555,Popularity,0.0,
155555,CF (ItemKNN),0.0,
155555,Content (Avg Emb),0.0,
155555,Last-Item,0.0,
155555,Avg-Last-10,0.0,
155555,Recency-Weighted,0.0,
155555,Essence (K=3),0.0,
155574,Random,0.0,
155574,Popularity,0.1666666666666666,
155574,CF (ItemKNN),0.5,
155574,Content (Avg Emb),0.0,
155574,Last-Item,0.0,
155574,Avg-Last-10,0.0,
155574,Recency-Weighted,0.0,
155574,Essence (K=3),0.0,
155660,Random,0.0,
155660,Popularity,0.0,
155660,CF (ItemKNN),0.1428571428571428,
155660,Content (Avg Emb),0.0,
155660,Last-Item,0.0,
155660,Avg-Last-10,0.0,
155660,Recency-Weighted,0.0,
155660,Essence (K=3),0.0,
155686,Random,0.0,
155686,Popularity,0.2,
155686,CF (ItemKNN),0.1,
155686,Content (Avg Emb),0.0,
155686,Last-Item,0.0,
155686,Avg-Last-10,0.0,
155686,Recency-Weighted,0.0,
155686,Essence (K=3),0.0,
155733,Random,0.0,
155733,Popularity,0.0,
155733,CF (ItemKNN),0.0,
155733,Content (Avg Emb),0.0,
155733,Last-Item,0.0,
155733,Avg-Last-10,0.0,
155733,Recency-Weighted,0.0,
155733,Essence (K=3),0.0,
155869,Random,0.0,
155869,Popularity,0.0,
155869,CF (ItemKNN),0.0,
155869,Content (Avg Emb),0.0,
155869,Last-Item,0.0909090909090909,
155869,Avg-Last-10,0.0,
155869,Recency-Weighted,0.0,
155869,Essence (K=3),0.0,
155888,Random,0.0,
155888,Popularity,0.375,
155888,CF (ItemKNN),0.25,
155888,Content (Avg Emb),0.0,
155888,Last-Item,0.0,
155888,Avg-Last-10,0.0,
155888,Recency-Weighted,0.0,
155888,Essence (K=3),0.0,
155904,Random,0.0,
155904,Popularity,0.2142857142857142,
155904,CF (ItemKNN),0.3571428571428571,
155904,Content (Avg Emb),0.0,
155904,Last-Item,0.0,
155904,Avg-Last-10,0.0,
155904,Recency-Weighted,0.0,
155904,Essence (K=3),0.0,
155945,Random,0.0,
155945,Popularity,0.0,
155945,CF (ItemKNN),0.0,
155945,Content (Avg Emb),0.0,
155945,Last-Item,0.0,
155945,Avg-Last-10,0.0,
155945,Recency-Weighted,0.0,
155945,Essence (K=3),0.0,
155986,Random,0.0,0.0
155986,Popularity,0.0,0.0
155986,CF (ItemKNN),0.0,0.0
155986,Content (Avg Emb),0.037037037037037,0.0
155986,Last-Item,0.0,0.0
155986,Avg-Last-10,0.037037037037037,0.0
155986,Recency-Weighted,0.0,0.0
155986,Essence (K=3),0.0,0.0
156056,Random,0.0,
156056,Popularity,0.0,
156056,CF (ItemKNN),0.0,
156056,Content (Avg Emb),0.0,
156056,Last-Item,0.0,
156056,Avg-Last-10,0.0,
156056,Recency-Weighted,0.0,
156056,Essence (K=3),0.0,
156140,Random,0.0,
156140,Popularity,0.0,
156140,CF (ItemKNN),0.0,
156140,Content (Avg Emb),0.0,
156140,Last-Item,0.0,
156140,Avg-Last-10,0.0,
156140,Recency-Weighted,0.0,
156140,Essence (K=3),0.0,
156176,Random,0.0,
156176,Popularity,0.0,
156176,CF (ItemKNN),0.0909090909090909,
156176,Content (Avg Emb),0.0,
156176,Last-Item,0.0,
156176,Avg-Last-10,0.0,
156176,Recency-Weighted,0.0,
156176,Essence (K=3),0.0,
156191,Random,0.0,
156191,Popularity,0.0,
156191,CF (ItemKNN),0.0,
156191,Content (Avg Emb),0.0,
156191,Last-Item,0.0,
156191,Avg-Last-10,0.0,
156191,Recency-Weighted,0.0,
156191,Essence (K=3),0.0,
156238,Random,0.0,
156238,Popularity,0.0,
156238,CF (ItemKNN),0.0,
156238,Content (Avg Emb),0.0,
156238,Last-Item,0.0,
156238,Avg-Last-10,0.0,
156238,Recency-Weighted,0.0,
156238,Essence (K=3),0.0,
156288,Random,0.0,
156288,Popularity,0.0,
156288,CF (ItemKNN),0.0,
156288,Content (Avg Emb),0.0,
156288,Last-Item,0.0,
156288,Avg-Last-10,0.0,
156288,Recency-Weighted,0.0,
156288,Essence (K=3),0.0,
156360,Random,0.0,0.0
156360,Popularity,0.0,0.0
156360,CF (ItemKNN),0.0,0.0
156360,Content (Avg Emb),0.0,0.0
156360,Last-Item,0.0,0.0
156360,Avg-Last-10,0.0571428571428571,0.25
156360,Recency-Weighted,0.0571428571428571,0.25
156360,Essence (K=3),0.0,0.0
156374,Random,0.0,
156374,Popularity,0.0,
156374,CF (ItemKNN),0.0,
156374,Content (Avg Emb),0.0,
156374,Last-Item,0.0,
156374,Avg-Last-10,0.0,
156374,Recency-Weighted,0.0,
156374,Essence (K=3),0.0,
156613,Random,0.0,
156613,Popularity,0.0,
156613,CF (ItemKNN),0.0,
156613,Content (Avg Emb),0.0,
156613,Last-Item,0.0,
156613,Avg-Last-10,0.0,
156613,Recency-Weighted,0.0,
156613,Essence (K=3),0.0,
156624,Random,0.0,
156624,Popularity,0.0,
156624,CF (ItemKNN),0.125,
156624,Content (Avg Emb),0.0,
156624,Last-Item,0.0,
156624,Avg-Last-10,0.0,
156624,Recency-Weighted,0.0,
156624,Essence (K=3),0.0,
156678,Random,0.0,
156678,Popularity,0.0,
156678,CF (ItemKNN),0.0,
156678,Content (Avg Emb),0.0,
156678,Last-Item,0.0,
156678,Avg-Last-10,0.0,
156678,Recency-Weighted,0.0,
156678,Essence (K=3),0.0,
156727,Random,0.0,
156727,Popularity,0.0,
156727,CF (ItemKNN),0.2857142857142857,
156727,Content (Avg Emb),0.0,
156727,Last-Item,0.0,
156727,Avg-Last-10,0.0,
156727,Recency-Weighted,0.0,
156727,Essence (K=3),0.0,
157224,Random,0.0,
157224,Popularity,0.0,
157224,CF (ItemKNN),0.0714285714285714,
157224,Content (Avg Emb),0.0,
157224,Last-Item,0.0,
157224,Avg-Last-10,0.0,
157224,Recency-Weighted,0.0,
157224,Essence (K=3),0.0,
157235,Random,0.0,0.0
157235,Popularity,0.0666666666666666,0.0
157235,CF (ItemKNN),0.0666666666666666,0.0
157235,Content (Avg Emb),0.0,0.0
157235,Last-Item,0.0,0.0
157235,Avg-Last-10,0.0,0.0
157235,Recency-Weighted,0.0,0.0
157235,Essence (K=3),0.0666666666666666,0.0
157239,Random,0.0,
157239,Popularity,0.0,
157239,CF (ItemKNN),0.0,
157239,Content (Avg Emb),0.0,
157239,Last-Item,0.0,
157239,Avg-Last-10,0.0,
157239,Recency-Weighted,0.0,
157239,Essence (K=3),0.0,
157342,Random,0.0,
157342,Popularity,0.0,
157342,CF (ItemKNN),0.0,
157342,Content (Avg Emb),0.0,
157342,Last-Item,0.1666666666666666,
157342,Avg-Last-10,0.0,
157342,Recency-Weighted,0.0,
157342,Essence (K=3),0.0,
157374,Random,0.0,
157374,Popularity,0.0,
157374,CF (ItemKNN),0.0,
157374,Content (Avg Emb),0.0,
157374,Last-Item,0.0,
157374,Avg-Last-10,0.0,
157374,Recency-Weighted,0.0,
157374,Essence (K=3),0.0,
157660,Random,0.0,
157660,Popularity,0.1034482758620689,
157660,CF (ItemKNN),0.0344827586206896,
157660,Content (Avg Emb),0.0,
157660,Last-Item,0.0,
157660,Avg-Last-10,0.0,
157660,Recency-Weighted,0.0,
157660,Essence (K=3),0.0,
157705,Random,0.0,0.0
157705,Popularity,0.0,0.0
157705,CF (ItemKNN),0.0,0.0
157705,Content (Avg Emb),0.0,0.0
157705,Last-Item,0.0,0.0
157705,Avg-Last-10,0.0,0.0
157705,Recency-Weighted,0.0,0.0
157705,Essence (K=3),0.0,0.0
157824,Random,0.0,0.0
157824,Popularity,0.0,0.0
157824,CF (ItemKNN),0.2,0.0
157824,Content (Avg Emb),0.0,0.0
157824,Last-Item,0.0,0.0
157824,Avg-Last-10,0.0,0.0
157824,Recency-Weighted,0.0,0.0
157824,Essence (K=3),0.0,0.0
157825,Random,0.0,
157825,Popularity,0.0,
157825,CF (ItemKNN),0.0,
157825,Content (Avg Emb),0.0,
157825,Last-Item,0.1666666666666666,
157825,Avg-Last-10,0.1666666666666666,
157825,Recency-Weighted,0.1666666666666666,
157825,Essence (K=3),0.1666666666666666,
158010,Random,0.0,
158010,Popularity,0.0,
158010,CF (ItemKNN),0.0,
158010,Content (Avg Emb),0.0,
158010,Last-Item,0.0,
158010,Avg-Last-10,0.0,
158010,Recency-Weighted,0.0,
158010,Essence (K=3),0.0,
158032,Random,0.0,
158032,Popularity,0.0,
158032,CF (ItemKNN),0.25,
158032,Content (Avg Emb),0.0,
158032,Last-Item,0.0,
158032,Avg-Last-10,0.0,
158032,Recency-Weighted,0.0,
158032,Essence (K=3),0.0,
158125,Random,0.0,
158125,Popularity,0.0,
158125,CF (ItemKNN),0.0,
158125,Content (Avg Emb),0.2,
158125,Last-Item,0.1,
158125,Avg-Last-10,0.1,
158125,Recency-Weighted,0.1,
158125,Essence (K=3),0.1,
158183,Random,0.0,
158183,Popularity,0.0,
158183,CF (ItemKNN),0.0,
158183,Content (Avg Emb),0.0,
158183,Last-Item,0.0,
158183,Avg-Last-10,0.0,
158183,Recency-Weighted,0.0,
158183,Essence (K=3),0.0,
158320,Random,0.0,
158320,Popularity,0.0,
158320,CF (ItemKNN),0.1666666666666666,
158320,Content (Avg Emb),0.0,
158320,Last-Item,0.0,
158320,Avg-Last-10,0.0,
158320,Recency-Weighted,0.0,
158320,Essence (K=3),0.0,
158421,Random,0.0,0.0
158421,Popularity,0.0,0.0
158421,CF (ItemKNN),0.0,0.0
158421,Content (Avg Emb),0.0,0.0
158421,Last-Item,0.0,0.0
158421,Avg-Last-10,0.0,0.0
158421,Recency-Weighted,0.0,0.0
158421,Essence (K=3),0.0,0.0
158477,Random,0.0,0.0
158477,Popularity,0.0625,0.0
158477,CF (ItemKNN),0.0625,0.0
158477,Content (Avg Emb),0.0,0.0
158477,Last-Item,0.0,0.0
158477,Avg-Last-10,0.0,0.0
158477,Recency-Weighted,0.0,0.0
158477,Essence (K=3),0.0,0.0
158494,Random,0.0,0.0
158494,Popularity,0.1428571428571428,0.0
158494,CF (ItemKNN),0.1428571428571428,0.0
158494,Content (Avg Emb),0.0,0.0
158494,Last-Item,0.0,0.0
158494,Avg-Last-10,0.0,0.0
158494,Recency-Weighted,0.0,0.0
158494,Essence (K=3),0.0,0.0
158572,Random,0.0,
158572,Popularity,0.0,
158572,CF (ItemKNN),0.2,
158572,Content (Avg Emb),0.0,
158572,Last-Item,0.0,
158572,Avg-Last-10,0.0,
158572,Recency-Weighted,0.0,
158572,Essence (K=3),0.0,
158594,Random,0.0,
158594,Popularity,0.05,
158594,CF (ItemKNN),0.05,
158594,Content (Avg Emb),0.0,
158594,Last-Item,0.0,
158594,Avg-Last-10,0.0,
158594,Recency-Weighted,0.0,
158594,Essence (K=3),0.0,
158597,Random,0.0,
158597,Popularity,0.0,
158597,CF (ItemKNN),0.25,
158597,Content (Avg Emb),0.0,
158597,Last-Item,0.0,
158597,Avg-Last-10,0.0,
158597,Recency-Weighted,0.0,
158597,Essence (K=3),0.0,
158769,Random,0.0,
158769,Popularity,0.5,
158769,CF (ItemKNN),0.0,
158769,Content (Avg Emb),0.0,
158769,Last-Item,0.0,
158769,Avg-Last-10,0.0,
158769,Recency-Weighted,0.0,
158769,Essence (K=3),0.0,
158837,Random,0.0,0.0
158837,Popularity,0.0,0.0
158837,CF (ItemKNN),0.0,0.0
158837,Content (Avg Emb),0.0,0.0
158837,Last-Item,0.0526315789473684,0.0
158837,Avg-Last-10,0.0,0.0
158837,Recency-Weighted,0.0,0.0
158837,Essence (K=3),0.0,0.0
158897,Random,0.0,0.0
158897,Popularity,0.0,0.0
158897,CF (ItemKNN),0.0,0.0
158897,Content (Avg Emb),0.0,0.0
158897,Last-Item,0.0,0.0
158897,Avg-Last-10,0.0,0.0
158897,Recency-Weighted,0.0,0.0
158897,Essence (K=3),0.0,0.0
158914,Random,0.0,0.0
158914,Popularity,0.0666666666666666,0.0
158914,CF (ItemKNN),0.0666666666666666,0.0
158914,Content (Avg Emb),0.0,0.0
158914,Last-Item,0.0,0.0
158914,Avg-Last-10,0.0,0.0
158914,Recency-Weighted,0.0,0.0
158914,Essence (K=3),0.0,0.0
159047,Random,0.0,
159047,Popularity,0.2272727272727272,
159047,CF (ItemKNN),0.0909090909090909,
159047,Content (Avg Emb),0.0,
159047,Last-Item,0.0,
159047,Avg-Last-10,0.0,
159047,Recency-Weighted,0.0,
159047,Essence (K=3),0.0,
159131,Random,0.0,
159131,Popularity,0.0,
159131,CF (ItemKNN),0.0,
159131,Content (Avg Emb),0.0,
159131,Last-Item,0.0,
159131,Avg-Last-10,0.0,
159131,Recency-Weighted,0.0,
159131,Essence (K=3),0.0,
159175,Random,0.0,0.0
159175,Popularity,0.0,0.0
159175,CF (ItemKNN),0.0,0.0
159175,Content (Avg Emb),0.0,0.0
159175,Last-Item,0.0,0.0
159175,Avg-Last-10,0.0,0.0
159175,Recency-Weighted,0.0,0.0
159175,Essence (K=3),0.0,0.0
159183,Random,0.0,0.0
159183,Popularity,0.0,0.0
159183,CF (ItemKNN),0.0,0.0
159183,Content (Avg Emb),0.0,0.0
159183,Last-Item,0.0,0.0
159183,Avg-Last-10,0.0,0.0
159183,Recency-Weighted,0.0,0.0
159183,Essence (K=3),0.1,0.0
159211,Random,0.0,
159211,Popularity,0.0,
159211,CF (ItemKNN),0.0,
159211,Content (Avg Emb),0.0,
159211,Last-Item,0.0,
159211,Avg-Last-10,0.0,
159211,Recency-Weighted,0.0,
159211,Essence (K=3),0.0,
159336,Random,0.0,
159336,Popularity,0.0,
159336,CF (ItemKNN),0.0,
159336,Content (Avg Emb),0.0,
159336,Last-Item,0.0,
159336,Avg-Last-10,0.0,
159336,Recency-Weighted,0.0,
159336,Essence (K=3),0.0,
159371,Random,0.0,
159371,Popularity,0.0,
159371,CF (ItemKNN),0.0,
159371,Content (Avg Emb),0.0,
159371,Last-Item,0.0,
159371,Avg-Last-10,0.0,
159371,Recency-Weighted,0.0,
159371,Essence (K=3),0.0,
159407,Random,0.0,
159407,Popularity,0.0,
159407,CF (ItemKNN),0.1666666666666666,
159407,Content (Avg Emb),0.0,
159407,Last-Item,0.0,
159407,Avg-Last-10,0.0,
159407,Recency-Weighted,0.0,
159407,Essence (K=3),0.0,
159529,Random,0.0,0.0
159529,Popularity,0.0,0.0
159529,CF (ItemKNN),0.0,0.0
159529,Content (Avg Emb),0.0,0.0
159529,Last-Item,0.0,0.0
159529,Avg-Last-10,0.0,0.0
159529,Recency-Weighted,0.1,0.5
159529,Essence (K=3),0.0,0.0
159531,Random,0.0,
159531,Popularity,0.0,
159531,CF (ItemKNN),0.0,
159531,Content (Avg Emb),0.0,
159531,Last-Item,0.0,
159531,Avg-Last-10,0.0,
159531,Recency-Weighted,0.0,
159531,Essence (K=3),0.0,
159589,Random,0.0,0.0
159589,Popularity,0.0,0.0
159589,CF (ItemKNN),0.0,0.0
159589,Content (Avg Emb),0.0,0.0
159589,Last-Item,0.0,0.0
159589,Avg-Last-10,0.0,0.0
159589,Recency-Weighted,0.0,0.0
159589,Essence (K=3),0.0,0.0
159658,Random,0.0,0.0
159658,Popularity,0.0833333333333333,0.0
159658,CF (ItemKNN),0.0833333333333333,0.0
159658,Content (Avg Emb),0.0,0.0
159658,Last-Item,0.0,0.0
159658,Avg-Last-10,0.0,0.0
159658,Recency-Weighted,0.0,0.0
159658,Essence (K=3),0.0,0.0
159714,Random,0.0,
159714,Popularity,0.0,
159714,CF (ItemKNN),0.0,
159714,Content (Avg Emb),0.0,
159714,Last-Item,0.0,
159714,Avg-Last-10,0.0,
159714,Recency-Weighted,0.0,
159714,Essence (K=3),0.0,
159870,Random,0.0,
159870,Popularity,0.1333333333333333,
159870,CF (ItemKNN),0.2,
159870,Content (Avg Emb),0.0,
159870,Last-Item,0.0,
159870,Avg-Last-10,0.0,
159870,Recency-Weighted,0.0,
159870,Essence (K=3),0.0,
159876,Random,0.0,
159876,Popularity,0.1666666666666666,
159876,CF (ItemKNN),0.1666666666666666,
159876,Content (Avg Emb),0.0,
159876,Last-Item,0.0,
159876,Avg-Last-10,0.0,
159876,Recency-Weighted,0.0,
159876,Essence (K=3),0.0,
159957,Random,0.0,
159957,Popularity,0.0,
159957,CF (ItemKNN),0.0,
159957,Content (Avg Emb),0.0,
159957,Last-Item,0.0,
159957,Avg-Last-10,0.0,
159957,Recency-Weighted,0.0,
159957,Essence (K=3),0.0,
159992,Random,0.0,
159992,Popularity,0.0,
159992,CF (ItemKNN),0.0555555555555555,
159992,Content (Avg Emb),0.0,
159992,Last-Item,0.0,
159992,Avg-Last-10,0.0,
159992,Recency-Weighted,0.0,
159992,Essence (K=3),0.0,
160063,Random,0.0,
160063,Popularity,0.0,
160063,CF (ItemKNN),0.0,
160063,Content (Avg Emb),0.0,
160063,Last-Item,0.0,
160063,Avg-Last-10,0.0,
160063,Recency-Weighted,0.0,
160063,Essence (K=3),0.0,
160385,Random,0.0,
160385,Popularity,0.0,
160385,CF (ItemKNN),0.0,
160385,Content (Avg Emb),0.0,
160385,Last-Item,0.0,
160385,Avg-Last-10,0.0,
160385,Recency-Weighted,0.0,
160385,Essence (K=3),0.0,
160452,Random,0.0,
160452,Popularity,0.0,
160452,CF (ItemKNN),0.0,
160452,Content (Avg Emb),0.0,
160452,Last-Item,0.1666666666666666,
160452,Avg-Last-10,0.0833333333333333,
160452,Recency-Weighted,0.0833333333333333,
160452,Essence (K=3),0.0833333333333333,
160650,Random,0.0,
160650,Popularity,0.0,
160650,CF (ItemKNN),0.0,
160650,Content (Avg Emb),0.0,
160650,Last-Item,0.0,
160650,Avg-Last-10,0.0,
160650,Recency-Weighted,0.0,
160650,Essence (K=3),0.0,
160664,Random,0.0,0.0
160664,Popularity,0.0,0.0
160664,CF (ItemKNN),0.0,0.0
160664,Content (Avg Emb),0.0,0.0
160664,Last-Item,0.0,0.0
160664,Avg-Last-10,0.0,0.0
160664,Recency-Weighted,0.0,0.0
160664,Essence (K=3),0.0,0.0
160670,Random,0.0,
160670,Popularity,0.1111111111111111,
160670,CF (ItemKNN),0.1111111111111111,
160670,Content (Avg Emb),0.0,
160670,Last-Item,0.0,
160670,Avg-Last-10,0.0,
160670,Recency-Weighted,0.0,
160670,Essence (K=3),0.0,
160718,Random,0.0,0.0
160718,Popularity,0.0,0.0
160718,CF (ItemKNN),0.0,0.0
160718,Content (Avg Emb),0.0,0.0
160718,Last-Item,0.0,0.0
160718,Avg-Last-10,0.0,0.0
160718,Recency-Weighted,0.0,0.0
160718,Essence (K=3),0.0,0.0
160960,Random,0.0,
160960,Popularity,0.0,
160960,CF (ItemKNN),0.0,
160960,Content (Avg Emb),0.1666666666666666,
160960,Last-Item,0.0,
160960,Avg-Last-10,0.0,
160960,Recency-Weighted,0.1666666666666666,
160960,Essence (K=3),0.0,
160982,Random,0.0,
160982,Popularity,0.0,
160982,CF (ItemKNN),0.0,
160982,Content (Avg Emb),0.0,
160982,Last-Item,0.0,
160982,Avg-Last-10,0.0769230769230769,
160982,Recency-Weighted,0.0,
160982,Essence (K=3),0.0769230769230769,
161030,Random,0.0,
161030,Popularity,0.0,
161030,CF (ItemKNN),0.0,
161030,Content (Avg Emb),0.0,
161030,Last-Item,0.0,
161030,Avg-Last-10,0.0,
161030,Recency-Weighted,0.0,
161030,Essence (K=3),0.0,
161073,Random,0.0,
161073,Popularity,0.15,
161073,CF (ItemKNN),0.1,
161073,Content (Avg Emb),0.0,
161073,Last-Item,0.0,
161073,Avg-Last-10,0.0,
161073,Recency-Weighted,0.0,
161073,Essence (K=3),0.0,
161116,Random,0.0,
161116,Popularity,0.1875,
161116,CF (ItemKNN),0.125,
161116,Content (Avg Emb),0.0,
161116,Last-Item,0.0,
161116,Avg-Last-10,0.0,
161116,Recency-Weighted,0.0,
161116,Essence (K=3),0.0,
161123,Random,0.0,
161123,Popularity,0.0,
161123,CF (ItemKNN),0.0909090909090909,
161123,Content (Avg Emb),0.0,
161123,Last-Item,0.0,
161123,Avg-Last-10,0.0,
161123,Recency-Weighted,0.0,
161123,Essence (K=3),0.0,
161129,Random,0.0,
161129,Popularity,0.0,
161129,CF (ItemKNN),0.0588235294117647,
161129,Content (Avg Emb),0.0,
161129,Last-Item,0.0,
161129,Avg-Last-10,0.0,
161129,Recency-Weighted,0.0,
161129,Essence (K=3),0.0,
161149,Random,0.0,
161149,Popularity,0.032258064516129,
161149,CF (ItemKNN),0.032258064516129,
161149,Content (Avg Emb),0.0,
161149,Last-Item,0.0,
161149,Avg-Last-10,0.0,
161149,Recency-Weighted,0.0,
161149,Essence (K=3),0.0,
161183,Random,0.0,
161183,Popularity,0.1666666666666666,
161183,CF (ItemKNN),0.25,
161183,Content (Avg Emb),0.0,
161183,Last-Item,0.0,
161183,Avg-Last-10,0.0,
161183,Recency-Weighted,0.0,
161183,Essence (K=3),0.0,
161558,Random,0.0,
161558,Popularity,0.0,
161558,CF (ItemKNN),0.1111111111111111,
161558,Content (Avg Emb),0.0,
161558,Last-Item,0.0,
161558,Avg-Last-10,0.0,
161558,Recency-Weighted,0.0,
161558,Essence (K=3),0.0,
161609,Random,0.0,
161609,Popularity,0.0,
161609,CF (ItemKNN),0.0,
161609,Content (Avg Emb),0.0,
161609,Last-Item,0.0,
161609,Avg-Last-10,0.0,
161609,Recency-Weighted,0.0,
161609,Essence (K=3),0.0,
161610,Random,0.0,
161610,Popularity,0.2,
161610,CF (ItemKNN),0.2,
161610,Content (Avg Emb),0.2,
161610,Last-Item,0.0,
161610,Avg-Last-10,0.2,
161610,Recency-Weighted,0.2,
161610,Essence (K=3),0.2,
161622,Random,0.0,
161622,Popularity,0.0909090909090909,
161622,CF (ItemKNN),0.1818181818181818,
161622,Content (Avg Emb),0.0,
161622,Last-Item,0.0,
161622,Avg-Last-10,0.0,
161622,Recency-Weighted,0.0,
161622,Essence (K=3),0.0,
161657,Random,0.0,
161657,Popularity,0.6666666666666666,
161657,CF (ItemKNN),0.6666666666666666,
161657,Content (Avg Emb),0.0,
161657,Last-Item,0.0,
161657,Avg-Last-10,0.0,
161657,Recency-Weighted,0.0,
161657,Essence (K=3),0.0,
161669,Random,0.0,
161669,Popularity,0.2,
161669,CF (ItemKNN),0.2,
161669,Content (Avg Emb),0.0,
161669,Last-Item,0.0,
161669,Avg-Last-10,0.2,
161669,Recency-Weighted,0.2,
161669,Essence (K=3),0.0,
161835,Random,0.0,0.0
161835,Popularity,0.075,0.0
161835,CF (ItemKNN),0.075,0.0
161835,Content (Avg Emb),0.025,0.0
161835,Last-Item,0.0,0.0
161835,Avg-Last-10,0.025,0.0
161835,Recency-Weighted,0.025,0.0
161835,Essence (K=3),0.05,0.0
161851,Random,0.0,
161851,Popularity,0.1142857142857142,
161851,CF (ItemKNN),0.1714285714285714,
161851,Content (Avg Emb),0.0,
161851,Last-Item,0.0,
161851,Avg-Last-10,0.0,
161851,Recency-Weighted,0.0,
161851,Essence (K=3),0.0,
161855,Random,0.0,
161855,Popularity,0.0,
161855,CF (ItemKNN),0.0,
161855,Content (Avg Emb),0.0,
161855,Last-Item,0.0,
161855,Avg-Last-10,0.0,
161855,Recency-Weighted,0.0,
161855,Essence (K=3),0.0,
162164,Random,0.0,
162164,Popularity,0.0,
162164,CF (ItemKNN),0.0,
162164,Content (Avg Emb),0.0,
162164,Last-Item,0.0,
162164,Avg-Last-10,0.0,
162164,Recency-Weighted,0.0,
162164,Essence (K=3),0.0,
162229,Random,0.0,
162229,Popularity,0.0,
162229,CF (ItemKNN),0.0,
162229,Content (Avg Emb),0.0,
162229,Last-Item,0.0,
162229,Avg-Last-10,0.0,
162229,Recency-Weighted,0.0,
162229,Essence (K=3),0.0,
162272,Random,0.0,0.0
162272,Popularity,0.0,0.0
162272,CF (ItemKNN),0.0,0.0
162272,Content (Avg Emb),0.0,0.0
162272,Last-Item,0.0,0.0
162272,Avg-Last-10,0.0,0.0
162272,Recency-Weighted,0.0,0.0
162272,Essence (K=3),0.0,0.0
162310,Random,0.0,
162310,Popularity,0.1111111111111111,
162310,CF (ItemKNN),0.1111111111111111,
162310,Content (Avg Emb),0.0,
162310,Last-Item,0.1111111111111111,
162310,Avg-Last-10,0.0,
162310,Recency-Weighted,0.0,
162310,Essence (K=3),0.0,
162356,Random,0.0,
162356,Popularity,0.0,
162356,CF (ItemKNN),0.1428571428571428,
162356,Content (Avg Emb),0.0,
162356,Last-Item,0.0,
162356,Avg-Last-10,0.0,
162356,Recency-Weighted,0.0,
162356,Essence (K=3),0.0,
162423,Random,0.0,
162423,Popularity,0.0,
162423,CF (ItemKNN),0.0,
162423,Content (Avg Emb),0.0,
162423,Last-Item,0.0,
162423,Avg-Last-10,0.0,
162423,Recency-Weighted,0.0,
162423,Essence (K=3),0.0,
67,MIND,0.04,0.0
92,MIND,0.0,
182,MIND,0.0,0.0
264,MIND,0.0,
335,MIND,0.0,
400,MIND,0.0,
419,MIND,0.0,
509,MIND,0.1428571428571428,
559,MIND,0.1818181818181818,
890,MIND,0.0,
953,MIND,0.0833333333333333,
1049,MIND,0.05,
1159,MIND,0.0,0.0
1264,MIND,0.0,
1310,MIND,0.0,
1510,MIND,0.25,
1523,MIND,0.0,
1568,MIND,0.0,
1649,MIND,0.0,0.0
1873,MIND,0.1333333333333333,
2002,MIND,0.0,
2063,MIND,0.0,
2226,MIND,0.037037037037037,
2260,MIND,0.2222222222222222,
2297,MIND,0.0,
2396,MIND,0.0714285714285714,
2501,MIND,0.0,
2810,MIND,0.0,
3146,MIND,0.04,
3161,MIND,0.5,
3171,MIND,0.0588235294117647,
3307,MIND,0.5454545454545454,
3367,MIND,0.0263157894736842,0.0
3413,MIND,0.0,
3461,MIND,0.0,
3561,MIND,0.0,0.0
3835,MIND,0.0,
3964,MIND,0.0,
4022,MIND,0.0,
4057,MIND,0.0,
4059,MIND,0.0714285714285714,
4157,MIND,0.0,
4186,MIND,0.0,0.0
4291,MIND,0.1363636363636363,
4359,MIND,0.0,0.0
4378,MIND,0.25,
4462,MIND,0.0,
4643,MIND,0.25,
4673,MIND,0.0,
4686,MIND,0.0,
4701,MIND,0.0,
4827,MIND,0.3333333333333333,
5025,MIND,0.0,
5087,MIND,0.0,0.0
5152,MIND,0.0,
5205,MIND,0.0,0.0
5295,MIND,0.0,0.0
5307,MIND,0.0,
5418,MIND,0.1111111111111111,0.0
5833,MIND,0.0,0.0
5856,MIND,0.0,
5961,MIND,0.0476190476190476,
6017,MIND,0.0,
6052,MIND,0.0909090909090909,
6221,MIND,0.0,
6296,MIND,0.064516129032258,
6409,MIND,0.0,
6463,MIND,0.0,
6483,MIND,0.0,
6488,MIND,0.0,
6544,MIND,0.0,
6547,MIND,0.0,
6673,MIND,0.1,
6798,MIND,0.0,0.0
7071,MIND,0.0,
7100,MIND,0.0,0.0
7170,MIND,0.0,0.0
7216,MIND,0.0,0.0
7378,MIND,0.0,
7408,MIND,0.0,
7462,MIND,0.05,
7489,MIND,0.0,
7525,MIND,0.0,
7675,MIND,0.0,0.0
7980,MIND,0.0,
8163,MIND,0.0,0.0
8174,MIND,0.0,0.0
8184,MIND,0.0769230769230769,
8231,MIND,0.0285714285714285,0.0
8232,MIND,0.0,
8268,MIND,0.0,0.0
8358,MIND,0.0,0.0
8397,MIND,0.0,0.0
8474,MIND,0.0,
8727,MIND,0.0,
8826,MIND,0.4285714285714285,
8830,MIND,0.0,
8882,MIND,0.0,
9118,MIND,0.0,
9146,MIND,0.0,0.0
9269,MIND,0.0,0.0
9312,MIND,0.2,
9441,MIND,0.0,
9533,MIND,0.0555555555555555,
9557,MIND,0.0,
9604,MIND,0.0952380952380952,
9736,MIND,0.0,
9839,MIND,0.0,0.0
9889,MIND,0.5,
9898,MIND,0.0,
9950,MIND,0.0303030303030303,0.0
10169,MIND,0.0,
10314,MIND,0.0,
10372,MIND,0.0,0.0
10450,MIND,0.0,
10477,MIND,0.0,0.0
10667,MIND,0.0,
10796,MIND,0.0714285714285714,
11007,MIND,0.0,
11097,MIND,0.0666666666666666,
11176,MIND,0.0,
11196,MIND,0.0,
11212,MIND,0.0,0.0
11245,MIND,0.0,0.0
11272,MIND,0.125,
11319,MIND,0.0,0.0
11355,MIND,0.0,
11376,MIND,0.0,
11415,MIND,0.0,
11439,MIND,0.0,
11576,MIND,0.0454545454545454,0.0
11599,MIND,0.032258064516129,0.0
11632,MIND,0.0333333333333333,0.0
11667,MIND,0.0,
11668,MIND,0.0526315789473684,
11866,MIND,0.0,
11912,MIND,0.0294117647058823,0.0
11981,MIND,0.0,
12077,MIND,0.0526315789473684,
12114,MIND,0.0,0.0
12234,MIND,0.0,0.0
12279,MIND,0.0909090909090909,
12306,MIND,0.2222222222222222,
12315,MIND,0.0,
12330,MIND,0.0,0.0
12428,MIND,0.4,
12670,MIND,0.0,
12867,MIND,0.0,0.0
12874,MIND,0.0,
12903,MIND,0.2,
13044,MIND,0.0,0.0
13093,MIND,0.0,
13122,MIND,0.1666666666666666,
13144,MIND,0.0,
13171,MIND,0.0,
13275,MIND,0.0,
13387,MIND,0.0,0.0
13402,MIND,0.0,
13728,MIND,0.0,
13855,MIND,0.0952380952380952,0.0
13912,MIND,0.0,
13981,MIND,0.1666666666666666,
13986,MIND,0.0,
14146,MIND,0.0,
14194,MIND,0.0,0.0
14373,MIND,0.0,
14720,MIND,0.0,
14748,MIND,0.0,0.0
14760,MIND,0.0625,
14843,MIND,0.0,0.0
14896,MIND,0.5,
14910,MIND,0.0,
14970,MIND,0.0285714285714285,0.0
15071,MIND,0.0,
15147,MIND,0.0,0.0
15202,MIND,0.2,
15230,MIND,0.0625,
15239,MIND,0.0,
15259,MIND,0.0,
15308,MIND,0.0,
15404,MIND,0.2,
15799,MIND,0.1666666666666666,
15834,MIND,0.0,
15868,MIND,0.0,
15872,MIND,0.0,
15980,MIND,0.0,
16059,MIND,0.0,
16064,MIND,0.0,
16164,MIND,0.0,
16195,MIND,0.0,
16211,MIND,0.025,0.0
16273,MIND,0.0,
16312,MIND,0.0,0.0
16385,MIND,0.0769230769230769,
16409,MIND,0.0,
16413,MIND,0.0,
16490,MIND,0.1052631578947368,
16643,MIND,0.0,
16692,MIND,0.0,
16740,MIND,0.2,
16759,MIND,0.0,
16791,MIND,0.2,
16918,MIND,0.0,
17085,MIND,0.1428571428571428,
17233,MIND,0.0,
17381,MIND,0.0,
17407,MIND,0.0,
17420,MIND,0.1428571428571428,
17494,MIND,0.0,
17660,MIND,0.0,
17705,MIND,0.04,
17713,MIND,0.0,0.0
17857,MIND,0.4166666666666667,
17915,MIND,0.0555555555555555,
18185,MIND,0.0,
18219,MIND,0.0,
18270,MIND,0.0588235294117647,0.0
18271,MIND,0.1111111111111111,
18530,MIND,0.0,
18647,MIND,0.0,
18694,MIND,0.0,0.0
18715,MIND,0.0357142857142857,
18717,MIND,0.375,
18753,MIND,0.0,
18820,MIND,0.25,
18851,MIND,0.0,
18864,MIND,0.2,
18900,MIND,0.1428571428571428,
18947,MIND,0.0,
18980,MIND,0.0,
19076,MIND,0.0,
19202,MIND,0.0588235294117647,
19366,MIND,0.0,
19544,MIND,0.0,0.0
19592,MIND,0.0,
19724,MIND,0.2,
19779,MIND,0.0588235294117647,
19787,MIND,0.0333333333333333,0.0
19836,MIND,0.0666666666666666,
19849,MIND,0.0,0.0
19966,MIND,0.0,0.0
20207,MIND,0.0,
20334,MIND,0.0476190476190476,0.0
20379,MIND,0.0,
20411,MIND,0.0,0.0
20560,MIND,0.0,
20587,MIND,0.125,
20630,MIND,0.0,
20635,MIND,0.0,0.0
20640,MIND,0.0,
20689,MIND,0.0,
20798,MIND,0.2,
20825,MIND,0.0,
20858,MIND,0.05,
20981,MIND,0.0,0.0
21387,MIND,0.1666666666666666,
21396,MIND,0.1428571428571428,
21419,MIND,0.2727272727272727,
21483,MIND,0.0,
21606,MIND,0.0,
21633,MIND,0.0,
21657,MIND,0.0,
21795,MIND,0.0,
21944,MIND,0.0,
22162,MIND,0.0,0.0
22169,MIND,0.0,
22317,MIND,0.0555555555555555,
22364,MIND,0.0,
22624,MIND,0.0714285714285714,
22629,MIND,0.0,
22822,MIND,0.1428571428571428,
22835,MIND,0.0,
22862,MIND,0.0,
22923,MIND,0.0,
23016,MIND,0.0,0.0
23266,MIND,0.0277777777777777,0.0
23374,MIND,0.0,
23420,MIND,0.0,0.0
23587,MIND,0.0333333333333333,
23670,MIND,0.0,
23825,MIND,0.0,
24115,MIND,0.0,
24145,MIND,0.0,
24226,MIND,0.0,
24307,MIND,0.0416666666666666,0.0
24365,MIND,0.0714285714285714,0.0
24375,MIND,0.0,
24400,MIND,0.1,
24687,MIND,0.0,0.0
24831,MIND,0.1176470588235294,
24896,MIND,0.0588235294117647,
24943,MIND,0.0769230769230769,
25014,MIND,0.0,
25018,MIND,0.0,
25019,MIND,0.0,
25044,MIND,0.0,0.0
25202,MIND,0.0,0.0
25278,MIND,0.0,
25306,MIND,0.0967741935483871,
25311,MIND,0.0689655172413793,
25351,MIND,0.0,
25459,MIND,0.0,
25465,MIND,0.0,
25642,MIND,0.0,
25729,MIND,0.1666666666666666,
25792,MIND,0.0,
25838,MIND,0.0,
25876,MIND,0.0,
25907,MIND,0.0,
25939,MIND,0.0,0.0
26064,MIND,0.0833333333333333,0.0
26072,MIND,0.0,
26147,MIND,0.0,
26198,MIND,0.0,
26339,MIND,0.0,
26465,MIND,0.0,
26472,MIND,0.0,0.0
26630,MIND,0.037037037037037,
26653,MIND,0.0,
26780,MIND,0.0,
26839,MIND,0.0,
26971,MIND,0.0,
26985,MIND,0.0625,0.0
27050,MIND,0.0,
27061,MIND,0.0,
27194,MIND,0.0,0.0
27256,MIND,0.0,
27267,MIND,0.0,0.0
27503,MIND,0.0,0.0
27800,MIND,0.0,
27850,MIND,0.1666666666666666,
28045,MIND,0.0,0.0
28494,MIND,0.0,0.0
28529,MIND,0.0,
28705,MIND,0.0,
28724,MIND,0.0,
28799,MIND,0.0,
28841,MIND,0.3076923076923077,
28881,MIND,0.0,
29027,MIND,0.0,
29269,MIND,0.0588235294117647,
29281,MIND,0.0,0.0
29398,MIND,0.375,
29412,MIND,0.1111111111111111,
29514,MIND,0.0,
29751,MIND,0.0,
29792,MIND,0.0,
29812,MIND,0.1538461538461538,
30092,MIND,0.1111111111111111,
30236,MIND,0.04,
30367,MIND,0.0,
30481,MIND,0.0,
30761,MIND,0.0384615384615384,0.0
30943,MIND,0.0,
31129,MIND,0.25,
31144,MIND,0.1428571428571428,
31181,MIND,0.0555555555555555,0.0
31188,MIND,0.0,
31204,MIND,0.0,
31236,MIND,0.125,
31264,MIND,0.0,0.0
31338,MIND,0.0,0.0
31421,MIND,0.0,
31429,MIND,0.0,
31468,MIND,0.0333333333333333,0.0
31537,MIND,0.0,
31593,MIND,0.0,
31678,MIND,0.0,
31835,MIND,0.0,0.0
31886,MIND,0.1666666666666666,
32298,MIND,0.0,0.0
32435,MIND,0.0,
32516,MIND,0.0,
32599,MIND,0.0,
32609,MIND,0.0588235294117647,
32650,MIND,0.0,
32663,MIND,0.3333333333333333,
32693,MIND,0.0263157894736842,0.0
32726,MIND,0.0,
32934,MIND,0.0526315789473684,
32993,MIND,0.1111111111111111,
33396,MIND,0.037037037037037,
33405,MIND,0.0,
33517,MIND,0.0,0.0
33946,MIND,0.0,
34106,MIND,0.0,
34405,MIND,0.0,
34498,MIND,0.0,0.0
34514,MIND,0.0,
34593,MIND,0.0,0.0
34650,MIND,0.0588235294117647,0.0
34659,MIND,0.0,
34761,MIND,0.0,
34788,MIND,0.0,
34836,MIND,0.0,
34837,MIND,0.1666666666666666,
34920,MIND,0.0,
35007,MIND,0.0,0.0
35096,MIND,0.0666666666666666,
35104,MIND,0.25,
35142,MIND,0.0,0.0
35190,MIND,0.0,
35377,MIND,0.0,
35546,MIND,0.0,
35689,MIND,0.0,
35760,MIND,0.0,
35806,MIND,0.0,0.0
35925,MIND,0.0,0.0
35958,MIND,0.0,
35986,MIND,0.0,
36036,MIND,0.03125,0.0
36051,MIND,0.1,
36082,MIND,0.05,
36176,MIND,0.0,
36210,MIND,0.0,0.0
36226,MIND,0.0,
36364,MIND,0.0,
36401,MIND,0.0,
36541,MIND,0.0,
36619,MIND,0.0,0.0
36661,MIND,0.1428571428571428,
36829,MIND,0.0,
36906,MIND,0.0833333333333333,
36914,MIND,0.0,0.0
36934,MIND,0.0,
37065,MIND,0.0,0.0
37076,MIND,0.0,
37355,MIND,0.0,
37356,MIND,0.0,
37371,MIND,0.0,
37418,MIND,0.0,
37586,MIND,0.0,
37590,MIND,0.1111111111111111,
37607,MIND,0.0454545454545454,0.0
37790,MIND,0.0,
37791,MIND,0.0,
37862,MIND,0.0,
37979,MIND,0.0,
38020,MIND,0.0,
38137,MIND,0.081081081081081,
38219,MIND,0.0,
38238,MIND,0.4,
38345,MIND,0.0666666666666666,
38368,MIND,0.0,
38413,MIND,0.1666666666666666,
38524,MIND,0.0,
38573,MIND,0.0,0.0
38577,MIND,0.0,
38587,MIND,0.0,
38641,MIND,0.0,
38787,MIND,0.0,
38833,MIND,0.0,0.0
38891,MIND,0.0,
38971,MIND,0.0,
39107,MIND,0.0666666666666666,0.0
39195,MIND,0.0454545454545454,
39220,MIND,0.0,
39238,MIND,0.25,
39307,MIND,0.0,
39316,MIND,0.0588235294117647,
39342,MIND,0.0,
39405,MIND,0.1428571428571428,
39482,MIND,0.0,0.0
39566,MIND,0.0,0.0
39572,MIND,0.25,
39645,MIND,0.0,
39895,MIND,0.0,
39921,MIND,0.0,
39972,MIND,0.1666666666666666,
40013,MIND,0.0,
40049,MIND,0.0,
40071,MIND,0.0,
40088,MIND,0.0,0.0
40121,MIND,0.0,
40136,MIND,0.1,
40219,MIND,0.4,
40225,MIND,0.0,0.0
40234,MIND,0.0,
40343,MIND,0.0,
40451,MIND,0.0434782608695652,
40517,MIND,0.0,
40618,MIND,0.0,
40624,MIND,0.2,
40730,MIND,0.0,0.0
40768,MIND,0.0,
40771,MIND,0.0,
40846,MIND,0.0,
40935,MIND,0.1666666666666666,
40989,MIND,0.0,
41042,MIND,0.0,
41088,MIND,0.0303030303030303,
41129,MIND,0.0,0.0
41168,MIND,0.0,0.0
41242,MIND,0.0,
41289,MIND,0.0303030303030303,0.0
41292,MIND,0.0,
41426,MIND,0.0,0.0
41448,MIND,0.1666666666666666,
41461,MIND,0.1428571428571428,
41723,MIND,0.0,
41846,MIND,0.0,
41948,MIND,0.0,
42094,MIND,0.0,0.0
42228,MIND,0.0,
42456,MIND,0.0,
42600,MIND,0.0,0.0
42758,MIND,0.0,
42864,MIND,0.2,0.0
42937,MIND,0.0526315789473684,0.0
43060,MIND,0.0,
43096,MIND,0.0,0.0
43198,MIND,0.1666666666666666,
43304,MIND,0.0,
43401,MIND,0.0,0.0
43474,MIND,0.0416666666666666,0.0
43475,MIND,0.0,
43486,MIND,0.0,0.0
43493,MIND,0.0,
43506,MIND,0.0,
43546,MIND,0.1,
43570,MIND,0.0,
43575,MIND,0.0,
43596,MIND,0.0,
43643,MIND,0.0,
43666,MIND,0.0,
43668,MIND,0.0,
43856,MIND,0.04,0.0
43859,MIND,0.0,
43884,MIND,0.0,
43894,MIND,0.2,
43910,MIND,0.0,
44005,MIND,0.0,
44110,MIND,0.0,
44283,MIND,0.0,
44356,MIND,0.0666666666666666,
44376,MIND,0.0,
44502,MIND,0.0769230769230769,
44638,MIND,0.0,
44728,MIND,0.0,
44746,MIND,0.0625,
44776,MIND,0.1428571428571428,
44839,MIND,0.0,
44916,MIND,0.0,
45068,MIND,0.0,
45092,MIND,0.0769230769230769,
45114,MIND,0.0,
45191,MIND,0.1428571428571428,
45326,MIND,0.0,
45393,MIND,0.25,
45400,MIND,0.0,0.0
45435,MIND,0.027027027027027,
45466,MIND,0.0,
45564,MIND,0.1176470588235294,
45667,MIND,0.0666666666666666,
45684,MIND,0.0,
45717,MIND,0.0,0.0
45722,MIND,0.0,0.0
45731,MIND,0.0,0.0
45770,MIND,0.125,0.0
45779,MIND,0.0909090909090909,
45789,MIND,0.0,0.0
45844,MIND,0.0714285714285714,
45878,MIND,0.0,0.0
45969,MIND,0.0,0.0
45985,MIND,0.1666666666666666,
46311,MIND,0.0277777777777777,0.0
46466,MIND,0.05,
46482,MIND,0.0,
46507,MIND,0.0,
46647,MIND,0.0,0.0
46737,MIND,0.0,
46838,MIND,0.3,
46885,MIND,0.0,0.0
46959,MIND,0.0666666666666666,
47033,MIND,0.0625,0.0
47164,MIND,0.05,
47242,MIND,0.1111111111111111,0.0
47283,MIND,0.0,
47346,MIND,0.0,
47357,MIND,0.0555555555555555,
47377,MIND,0.2,
47438,MIND,0.0,
47575,MIND,0.125,
47866,MIND,0.0,0.0
47967,MIND,0.6666666666666666,
48015,MIND,0.0285714285714285,0.0
48182,MIND,0.0,
48213,MIND,0.0714285714285714,
48231,MIND,0.1,
48353,MIND,0.25,
48488,MIND,0.0625,
48492,MIND,0.0,
48509,MIND,0.0,
48580,MIND,0.0,
48616,MIND,0.0,
48684,MIND,0.0,
48760,MIND,0.3333333333333333,
48866,MIND,0.1666666666666666,
49055,MIND,0.0909090909090909,
49076,MIND,0.0,0.0
49085,MIND,0.0,
49171,MIND,0.0,
49208,MIND,0.0869565217391304,
49220,MIND,0.1,
49304,MIND,0.1,
49360,MIND,0.037037037037037,
49469,MIND,0.25,
49569,MIND,0.0,
49654,MIND,0.2,
49664,MIND,0.1,
49678,MIND,0.025,0.0
49718,MIND,0.0,0.0
49939,MIND,0.0,
49944,MIND,0.0,
49977,MIND,0.0,0.0
50019,MIND,0.1111111111111111,
50149,MIND,0.1176470588235294,
50182,MIND,0.0,
50316,MIND,0.0,
50382,MIND,0.0,0.0
50526,MIND,0.0,0.0
50544,MIND,0.0,
50648,MIND,0.0476190476190476,
50756,MIND,0.0,0.0
50821,MIND,0.0384615384615384,
51011,MIND,0.1764705882352941,0.0
51064,MIND,0.0,
51115,MIND,0.0,0.0
51221,MIND,0.0,0.0
51259,MIND,0.2307692307692307,
51530,MIND,0.0,
51542,MIND,0.0384615384615384,
51579,MIND,0.2857142857142857,
51619,MIND,0.0666666666666666,
51676,MIND,0.0,
51704,MIND,0.2857142857142857,
51837,MIND,0.2,0.0
51849,MIND,0.0,
51952,MIND,0.0,
51983,MIND,0.0,
52027,MIND,0.0,
52130,MIND,0.0,
52278,MIND,0.0,
52540,MIND,0.0,
52756,MIND,0.0263157894736842,0.0
52863,MIND,0.2083333333333333,
52939,MIND,0.0833333333333333,
52949,MIND,0.0,0.0
52952,MIND,0.2,
53111,MIND,0.0714285714285714,
53264,MIND,0.0,
53283,MIND,0.0,0.0
53299,MIND,0.0,
53407,MIND,0.1666666666666666,
53597,MIND,0.0,0.0
53680,MIND,0.0,
53704,MIND,0.0,
53782,MIND,0.0555555555555555,
53887,MIND,0.0,0.0
53925,MIND,0.0,
53970,MIND,0.0,0.0
54171,MIND,0.0,0.0
54226,MIND,0.032258064516129,0.0
54259,MIND,0.0,
54320,MIND,0.0,
54336,MIND,0.0,
54379,MIND,0.0,
54515,MIND,0.0,
54548,MIND,0.0,
54590,MIND,0.0,
54749,MIND,0.0,0.0
54784,MIND,0.0,
54794,MIND,0.0,
55060,MIND,0.125,
55168,MIND,0.0,
55210,MIND,0.0,0.0
55254,MIND,0.0,
55285,MIND,0.0,
55422,MIND,0.0,
55524,MIND,0.0,
55599,MIND,0.0344827586206896,
55625,MIND,0.0,
55719,MIND,0.0,
55817,MIND,0.0,
55872,MIND,0.0,0.0
55885,MIND,0.0,
55898,MIND,0.0,
55952,MIND,0.2,
56042,MIND,0.1111111111111111,
56316,MIND,0.15,
56468,MIND,0.0512820512820512,
56505,MIND,0.0833333333333333,
56698,MIND,0.0,
56772,MIND,0.0344827586206896,0.0
56792,MIND,0.0,0.0
57032,MIND,0.0,
57167,MIND,0.0,
57336,MIND,0.0,
57446,MIND,0.125,
57493,MIND,0.0,
57692,MIND,0.0,
57795,MIND,0.0833333333333333,0.0
57802,MIND,0.0434782608695652,
57895,MIND,0.0,
58120,MIND,0.0357142857142857,
58223,MIND,0.0,0.0
58311,MIND,0.0,
58380,MIND,0.0,
58795,MIND,0.0,
58899,MIND,0.0,
58936,MIND,0.0625,
58986,MIND,0.0476190476190476,
58991,MIND,0.0,
59304,MIND,0.0,0.0
59430,MIND,0.0,0.0
59456,MIND,0.0,
59493,MIND,0.0,0.0
59522,MIND,0.0,
59601,MIND,0.2857142857142857,
59648,MIND,0.0,
59855,MIND,0.0,
59925,MIND,0.0,
59956,MIND,0.25,
59960,MIND,0.0,0.0
60121,MIND,0.2857142857142857,
60133,MIND,0.0952380952380952,0.0
60374,MIND,0.0,0.0
60580,MIND,0.0555555555555555,
60642,MIND,0.0,
60663,MIND,0.0,
60697,MIND,0.0,
60746,MIND,0.0,
60870,MIND,0.0769230769230769,
60923,MIND,0.0,
60930,MIND,0.0,0.0
61009,MIND,0.0,
61085,MIND,0.0,
61407,MIND,0.0,0.0
61484,MIND,0.0,
61641,MIND,0.0,
61725,MIND,0.0,
62036,MIND,0.0,
62256,MIND,0.0,
62336,MIND,0.0,
62339,MIND,0.0,
62359,MIND,0.0,
62362,MIND,0.0,0.0
62365,MIND,0.0,0.0
62416,MIND,0.0,
62495,MIND,0.25,
62509,MIND,0.0,
62529,MIND,0.0,
62568,MIND,0.0,
62569,MIND,0.2,
62672,MIND,0.0555555555555555,
62706,MIND,0.0,
62726,MIND,0.05,
62769,MIND,0.0454545454545454,
62907,MIND,0.0,
62984,MIND,0.0,
62994,MIND,0.0,
63086,MIND,0.0789473684210526,0.0
63145,MIND,0.0,0.0
63263,MIND,0.0,
63274,MIND,0.0,
63343,MIND,0.0344827586206896,
63484,MIND,0.0,
63909,MIND,0.0,0.0
63943,MIND,0.0,
64048,MIND,0.0,
64131,MIND,0.0833333333333333,
64200,MIND,0.0,0.0
64792,MIND,0.2,
64886,MIND,0.1666666666666666,
65062,MIND,0.0,
65085,MIND,0.0,
65089,MIND,0.0,0.0
65231,MIND,0.0952380952380952,
65360,MIND,0.0,0.0
65372,MIND,0.0,
65482,MIND,0.05,
65537,MIND,0.1,0.0
65624,MIND,0.0,
65688,MIND,0.0,0.0
65726,MIND,0.0,
65729,MIND,0.3333333333333333,
65861,MIND,0.0,0.0
65904,MIND,0.0,
65960,MIND,0.0,
65985,MIND,0.0833333333333333,
66193,MIND,0.03125,0.0
66209,MIND,0.0,
66230,MIND,0.5,
66436,MIND,0.0,
66499,MIND,0.0,
66522,MIND,0.0,0.0
66534,MIND,0.0,
66802,MIND,0.0,
66851,MIND,0.0,
66859,MIND,0.0,
66861,MIND,0.032258064516129,0.0
66961,MIND,0.0,0.0
67045,MIND,0.0833333333333333,
67110,MIND,0.0,
67130,MIND,0.04,0.0
67160,MIND,0.0,
67167,MIND,0.0,0.0
67172,MIND,0.0,0.0
67191,MIND,0.0,
67431,MIND,0.027027027027027,0.0
67552,MIND,0.0,
67603,MIND,0.0,
67696,MIND,0.0,0.0
67709,MIND,0.0,
67761,MIND,0.0476190476190476,
67803,MIND,0.0,
67960,MIND,0.0476190476190476,
68155,MIND,0.0,0.0
68224,MIND,0.0,
68226,MIND,0.0666666666666666,
68236,MIND,0.0,
68329,MIND,0.0,
68330,MIND,0.0,
68377,MIND,0.0,
68445,MIND,0.0909090909090909,
68913,MIND,0.0857142857142857,
68930,MIND,0.25,
68945,MIND,0.037037037037037,
68991,MIND,0.0476190476190476,
69083,MIND,0.0,
69096,MIND,0.0,
69145,MIND,0.0625,0.0
69327,MIND,0.8,
69372,MIND,0.0769230769230769,
69379,MIND,0.1666666666666666,
69421,MIND,0.125,
69495,MIND,0.0,
69559,MIND,0.1666666666666666,
69580,MIND,0.0,
69649,MIND,0.0,
69650,MIND,0.1,
69769,MIND,0.1,
69917,MIND,0.0,
69919,MIND,0.0,0.0
69979,MIND,0.0,
70184,MIND,0.0,
70345,MIND,0.0909090909090909,0.0
70458,MIND,0.0,
70468,MIND,0.2857142857142857,
70498,MIND,0.0,
70532,MIND,0.0,
70701,MIND,0.0,
70718,MIND,0.0,0.0
70846,MIND,0.0,0.0
70898,MIND,0.0,
70945,MIND,0.0,
71058,MIND,0.125,
71304,MIND,0.0,
71372,MIND,0.0,
71463,MIND,0.0,0.0
71492,MIND,0.0,0.0
71605,MIND,0.0,
71616,MIND,0.1428571428571428,
71656,MIND,0.0,
71664,MIND,0.05,
71691,MIND,0.0,
71743,MIND,0.4,
71968,MIND,0.0,0.0
72027,MIND,0.0526315789473684,0.0
72029,MIND,0.0,
72041,MIND,0.0,
72193,MIND,0.1,
72318,MIND,0.0,0.0
72390,MIND,0.0,
72416,MIND,0.1428571428571428,
72469,MIND,0.0,
72620,MIND,0.0,
72628,MIND,0.1428571428571428,
72636,MIND,0.0,
72679,MIND,0.0,0.0
72699,MIND,0.0,
72710,MIND,0.1428571428571428,
72772,MIND,0.0,
72795,MIND,0.0,
72860,MIND,0.0,0.0
72904,MIND,0.0,
72950,MIND,0.0,
73122,MIND,0.0263157894736842,0.0
73313,MIND,0.0,
73417,MIND,0.0416666666666666,
73671,MIND,0.0,0.0
73740,MIND,0.0,0.0
73847,MIND,0.0714285714285714,
73994,MIND,0.0,
74068,MIND,0.0,
74070,MIND,0.0,
74119,MIND,0.375,
74242,MIND,0.25,
74559,MIND,0.0,0.0
74604,MIND,0.0,
74619,MIND,0.0,
74623,MIND,0.0,0.0
74667,MIND,0.0,
74768,MIND,0.1111111111111111,
74771,MIND,0.0,
74780,MIND,0.0,0.0
74786,MIND,0.25,
74822,MIND,0.0434782608695652,
74874,MIND,0.0,0.0
74886,MIND,0.0,0.0
75062,MIND,0.04,0.0
75119,MIND,0.0,
75127,MIND,0.0,0.0
75143,MIND,0.25,
75192,MIND,0.0666666666666666,
75366,MIND,0.05,
75450,MIND,0.0,
75548,MIND,0.0,
75576,MIND,0.1851851851851851,
75606,MIND,0.0,
75698,MIND,0.0714285714285714,0.0
75834,MIND,0.25,
75882,MIND,0.0,
75919,MIND,0.0285714285714285,
75961,MIND,0.2,
76005,MIND,0.0,
76064,MIND,0.05,0.0
76344,MIND,0.1428571428571428,
76393,MIND,0.0,
76409,MIND,0.0,
76424,MIND,0.0,
76449,MIND,0.0,0.0
76470,MIND,0.0,0.0
76482,MIND,0.0,0.0
76519,MIND,0.0,
76633,MIND,0.4,
76820,MIND,0.0666666666666666,
76885,MIND,0.0769230769230769,
76978,MIND,0.0,
77023,MIND,0.1111111111111111,
77083,MIND,0.0,
77198,MIND,0.0476190476190476,0.0
77212,MIND,0.0,
77275,MIND,0.0,
77293,MIND,0.0285714285714285,
77342,MIND,0.1666666666666666,
77372,MIND,0.0,
77405,MIND,0.0,0.0
77550,MIND,0.0,
77670,MIND,0.0,
77743,MIND,0.0,0.0
77791,MIND,0.037037037037037,
77825,MIND,0.0,
77838,MIND,0.0263157894736842,0.0
77889,MIND,0.0,
78074,MIND,0.0,
78148,MIND,0.0,0.0
78173,MIND,0.0,
78316,MIND,0.0,
78428,MIND,0.0,
78457,MIND,0.0714285714285714,0.0
78583,MIND,0.0,
78748,MIND,0.0,
79177,MIND,0.125,
79262,MIND,0.2,
79370,MIND,0.0,0.0
79495,MIND,0.0,
79537,MIND,0.0,
79651,MIND,0.0,0.0
79679,MIND,0.1111111111111111,
79724,MIND,0.0769230769230769,
79740,MIND,0.0,0.0
79860,MIND,0.0769230769230769,
79895,MIND,0.0,
79896,MIND,0.0,0.0
79956,MIND,0.0,
80071,MIND,0.0,0.0
80217,MIND,0.5,
80288,MIND,0.0,
80331,MIND,0.1428571428571428,0.0
80381,MIND,0.0,
80387,MIND,0.0,
80391,MIND,0.0,
80514,MIND,0.2727272727272727,
80560,MIND,0.0344827586206896,
80656,MIND,0.0,
80757,MIND,0.0,
80768,MIND,0.0,
80905,MIND,0.0,
80911,MIND,0.0,0.0
81060,MIND,0.0,
81208,MIND,0.0,
81253,MIND,0.2,
81337,MIND,0.0,0.0
81351,MIND,0.0714285714285714,
81510,MIND,0.0625,
81530,MIND,0.0,0.0
81735,MIND,0.0,
81891,MIND,0.0,
82007,MIND,0.0,0.0
82024,MIND,0.1428571428571428,
82148,MIND,0.0,
82361,MIND,0.0,0.0
82381,MIND,0.0,
82579,MIND,0.1666666666666666,
82655,MIND,0.0666666666666666,0.0
82741,MIND,0.0,
83064,MIND,0.0769230769230769,
83161,MIND,0.0,
83169,MIND,0.0,0.0
83249,MIND,0.0,0.0
83259,MIND,0.0,
83439,MIND,0.1764705882352941,
83534,MIND,0.0,
83537,MIND,0.8333333333333334,
83549,MIND,0.0,
83561,MIND,0.027027027027027,
83627,MIND,0.0,0.0
83720,MIND,0.0,
83802,MIND,0.0,
83824,MIND,0.0,0.0
84092,MIND,0.0,
84133,MIND,0.1666666666666666,
84598,MIND,0.0,
84673,MIND,0.0,0.0
84810,MIND,0.0,
84991,MIND,0.0476190476190476,0.0
85142,MIND,0.0,
85211,MIND,0.2,
85297,MIND,0.05,
85382,MIND,0.1666666666666666,
85537,MIND,0.0,0.0
85769,MIND,0.0,
85842,MIND,0.0,
85971,MIND,0.0,
86006,MIND,0.0256410256410256,
86309,MIND,0.1,
86522,MIND,0.0,
86819,MIND,0.3636363636363636,
87023,MIND,0.0,0.0
87049,MIND,0.037037037037037,
87241,MIND,0.0294117647058823,0.0
87331,MIND,0.0416666666666666,0.0
87348,MIND,0.0,
87382,MIND,0.25,
87383,MIND,0.4,
87389,MIND,0.0,0.0
87642,MIND,0.0,0.0
87647,MIND,0.0,0.0
87801,MIND,0.0,
87877,MIND,0.0,
87880,MIND,0.0,
88163,MIND,0.0,
88224,MIND,0.0,
88227,MIND,0.0,
88236,MIND,0.0,
88283,MIND,0.0,
88346,MIND,0.0,
88448,MIND,0.0,
88461,MIND,0.0,0.0
88544,MIND,0.0,
88553,MIND,0.0,
88587,MIND,0.0,
88606,MIND,0.027027027027027,0.0
88666,MIND,0.0,
88704,MIND,0.0,
88712,MIND,0.0,
88724,MIND,0.0,
88728,MIND,0.0,
88730,MIND,0.0,
88824,MIND,0.0666666666666666,
88849,MIND,0.1818181818181818,
88857,MIND,0.0,
88922,MIND,0.0,0.0
88991,MIND,0.0,
89181,MIND,0.0,
89244,MIND,0.04,0.0
89248,MIND,0.0,
89351,MIND,0.0,0.0
89384,MIND,0.0,0.0
89556,MIND,0.0,0.0
89571,MIND,0.0,
89632,MIND,0.1111111111111111,0.0
89702,MIND,0.0,0.0
89740,MIND,0.0,
89823,MIND,0.0,0.0
89907,MIND,0.25,
90112,MIND,0.0689655172413793,
90125,MIND,0.0,0.0
90336,MIND,0.0,
90436,MIND,0.0,
90483,MIND,0.0,
90522,MIND,0.0,
90533,MIND,0.0,
90605,MIND,0.0,0.0
90677,MIND,0.375,
90745,MIND,0.0,0.0
90781,MIND,0.0,0.0
90793,MIND,0.05,
90803,MIND,0.0,
90835,MIND,0.0,
90880,MIND,0.0,
90989,MIND,0.0,
91011,MIND,0.0555555555555555,
91029,MIND,0.1666666666666666,
91100,MIND,0.0,
91179,MIND,0.0,
91211,MIND,0.0689655172413793,
91301,MIND,0.1666666666666666,
91405,MIND,0.3333333333333333,
91408,MIND,0.0,
91612,MIND,0.0,0.0
91676,MIND,0.0,
91691,MIND,0.0,
91798,MIND,0.0,
91941,MIND,0.0,0.0
92101,MIND,0.0476190476190476,0.0
92272,MIND,0.0,
92328,MIND,0.0,
92350,MIND,0.0,0.0
92358,MIND,0.0,0.0
92585,MIND,0.0,
92608,MIND,0.0,
92758,MIND,0.0,
92826,MIND,0.0,0.0
92963,MIND,0.0,
93077,MIND,0.0,
93288,MIND,0.0,
93317,MIND,0.0,
93532,MIND,0.0714285714285714,
93604,MIND,0.1538461538461538,
93622,MIND,0.05,
93690,MIND,0.4,
93716,MIND,0.125,
93911,MIND,0.0,
94034,MIND,0.0333333333333333,
94055,MIND,0.0,
94399,MIND,0.0,
94515,MIND,0.0,
94585,MIND,0.1428571428571428,
94674,MIND,0.0,
94676,MIND,0.0,0.0
94692,MIND,0.0,
94767,MIND,0.0555555555555555,0.0
94772,MIND,0.0,0.0
94833,MIND,0.0,
94909,MIND,0.0,
94965,MIND,0.0,0.0
95177,MIND,0.0,0.0
95215,MIND,0.0,
95260,MIND,0.05,
95316,MIND,0.0,
95368,MIND,0.0,
95379,MIND,0.0,
95483,MIND,0.1666666666666666,
95635,MIND,0.0,
95793,MIND,0.0,
95892,MIND,0.0,
95949,MIND,0.0,
95970,MIND,0.0,
96039,MIND,0.0666666666666666,
96052,MIND,0.0,
96119,MIND,0.0,
96122,MIND,0.0526315789473684,
96251,MIND,0.25,
96513,MIND,0.0,
96542,MIND,0.1176470588235294,
96575,MIND,0.0,
96614,MIND,0.0,
96728,MIND,0.0526315789473684,0.0
96747,MIND,0.1666666666666666,
96760,MIND,0.0277777777777777,0.0
96878,MIND,0.0,
96928,MIND,0.1333333333333333,0.0
96959,MIND,0.04,0.0
97021,MIND,0.0909090909090909,
97079,MIND,0.0,0.0
97314,MIND,0.0,
97349,MIND,0.1111111111111111,
97415,MIND,0.0,0.0
97626,MIND,0.0909090909090909,
97741,MIND,0.0,
97824,MIND,0.0,
97825,MIND,0.0,
97894,MIND,0.0,
97969,MIND,0.0,
98014,MIND,0.0,
98019,MIND,0.0588235294117647,
98061,MIND,0.0,
98090,MIND,0.0,
98134,MIND,0.0,
98200,MIND,0.0294117647058823,
98346,MIND,0.1111111111111111,
98501,MIND,0.0,
98579,MIND,0.125,
98754,MIND,0.0,
99018,MIND,0.05,
99225,MIND,0.0,
99297,MIND,0.1666666666666666,
99299,MIND,0.0,
99473,MIND,0.0,
99644,MIND,0.0,
99693,MIND,0.0,0.0
99709,MIND,0.0,0.0
99721,MIND,0.0,0.0
99754,MIND,0.0,
99768,MIND,0.0,
99845,MIND,0.0909090909090909,
99876,MIND,0.0,
100128,MIND,0.037037037037037,0.0
100143,MIND,0.0,
100172,MIND,0.0,
100240,MIND,0.0,0.0
100262,MIND,0.0,0.0
100334,MIND,0.4,
100381,MIND,0.5,
100538,MIND,0.0,0.0
100606,MIND,0.0,
100778,MIND,0.04,
101252,MIND,0.0,0.0
101271,MIND,0.0,0.0
101312,MIND,0.0625,0.0
101578,MIND,0.0555555555555555,
101747,MIND,0.0,
101762,MIND,0.0,
101884,MIND,0.0,0.0
101906,MIND,0.0,
101934,MIND,0.0,
101957,MIND,0.125,
102113,MIND,0.0,
102150,MIND,0.0,
102171,MIND,0.0,
102189,MIND,0.0,
102216,MIND,0.0,0.0
102369,MIND,0.0454545454545454,
102428,MIND,0.0,0.0
102514,MIND,0.0,
102533,MIND,0.0,
102817,MIND,0.0,0.0
102857,MIND,0.0,
102873,MIND,0.1538461538461538,
102890,MIND,0.0,0.0
103086,MIND,0.0,
103095,MIND,0.5,
103164,MIND,0.0625,
103200,MIND,0.0689655172413793,
103202,MIND,0.0,
103343,MIND,0.0769230769230769,
103400,MIND,0.1666666666666666,
103527,MIND,0.0,0.0
103580,MIND,0.0666666666666666,
103625,MIND,0.1666666666666666,
103794,MIND,0.0,0.0
103803,MIND,0.0714285714285714,0.0
104097,MIND,0.0,
104227,MIND,0.0,
104310,MIND,0.0,0.0
104318,MIND,0.0434782608695652,
104401,MIND,0.0,
104430,MIND,0.1875,
104502,MIND,0.0,0.0
104532,MIND,0.0,
104549,MIND,0.0,
104692,MIND,0.0,0.0
104775,MIND,0.037037037037037,
104869,MIND,0.4,
104904,MIND,0.0,0.0
104911,MIND,0.0,0.0
105015,MIND,0.0,
105076,MIND,0.0,
105078,MIND,0.0,
105150,MIND,0.0666666666666666,
105160,MIND,0.2857142857142857,
105250,MIND,0.0,
105402,MIND,0.0,0.0
105485,MIND,0.0,0.0
105524,MIND,0.0,0.0
105687,MIND,0.0952380952380952,
105702,MIND,0.0,0.0
106034,MIND,0.0,
106145,MIND,0.125,
106202,MIND,0.0,0.0
106244,MIND,0.2727272727272727,
106268,MIND,0.1666666666666666,
106461,MIND,0.0,
106478,MIND,0.1666666666666666,
106482,MIND,0.0,
106490,MIND,0.0,
106544,MIND,0.0714285714285714,
106748,MIND,0.0,
106845,MIND,0.25,
106850,MIND,0.125,
106851,MIND,0.1,
106901,MIND,0.4285714285714285,
106946,MIND,0.0,
107112,MIND,0.0,
107149,MIND,0.2222222222222222,
107196,MIND,0.0,
107214,MIND,0.0,0.0
107425,MIND,0.0,
107504,MIND,0.0,
107632,MIND,0.0,
107647,MIND,0.0,
107672,MIND,0.0,
107764,MIND,0.0,
107862,MIND,0.0,
108098,MIND,0.0,0.0
108154,MIND,0.0357142857142857,
108254,MIND,0.0,0.0
108359,MIND,0.0769230769230769,0.0
108382,MIND,0.0625,0.0
108412,MIND,0.0,
108499,MIND,0.0,
108529,MIND,0.0,
108544,MIND,0.0,0.0
108614,MIND,0.0,0.0
108735,MIND,0.0,
108746,MIND,0.0,
108785,MIND,0.0,
108844,MIND,0.025,
108961,MIND,0.0909090909090909,
108999,MIND,0.0769230769230769,
109044,MIND,0.0,
109111,MIND,0.5,
109163,MIND,0.0,0.0
109192,MIND,0.0,
109209,MIND,0.0,
109250,MIND,0.1052631578947368,
109373,MIND,0.0,
109682,MIND,0.0,
109688,MIND,0.0,
109694,MIND,0.0,
109805,MIND,0.0,0.0
109854,MIND,0.0,0.0
109912,MIND,0.0555555555555555,0.0
110015,MIND,0.0,
110033,MIND,0.0,
110107,MIND,0.0,
110158,MIND,0.0,
110189,MIND,0.0,0.0
110225,MIND,0.1111111111111111,
110235,MIND,0.1111111111111111,
110284,MIND,0.0,
110306,MIND,0.0,
110479,MIND,0.0,0.0
110577,MIND,0.125,0.0
110589,MIND,0.0,0.0
110660,MIND,0.0,0.0
110665,MIND,0.0,
110747,MIND,0.0,
110911,MIND,0.0,
110921,MIND,0.0,
110928,MIND,0.0,
110996,MIND,0.0,
111063,MIND,0.0714285714285714,
111132,MIND,0.1111111111111111,
111241,MIND,0.0,
111305,MIND,0.037037037037037,
111406,MIND,0.0,
111410,MIND,0.0,
111455,MIND,0.2,
111478,MIND,0.0714285714285714,
111700,MIND,0.0,
111759,MIND,0.0,
111885,MIND,0.0,0.0
111919,MIND,0.0,
111977,MIND,0.0,
112118,MIND,0.0,
112133,MIND,0.0,
112173,MIND,0.0,
112351,MIND,0.0,0.0
112425,MIND,0.0,0.0
112552,MIND,0.2,
112573,MIND,0.0,
112606,MIND,0.0,
112775,MIND,0.0909090909090909,
112794,MIND,0.0,0.0
112903,MIND,0.1111111111111111,
112964,MIND,0.0,0.0
113048,MIND,0.0,
113073,MIND,0.0,0.0
113093,MIND,0.0,
113183,MIND,0.0,0.0
113269,MIND,0.0,0.0
113376,MIND,0.5,
113452,MIND,0.0,0.0
113502,MIND,0.0,
113520,MIND,0.0,0.0
113524,MIND,0.375,
113572,MIND,0.05,
113573,MIND,0.0,0.0
113638,MIND,0.0,
113764,MIND,0.75,
113927,MIND,0.0,
114079,MIND,0.0,
114124,MIND,0.0,
114131,MIND,0.0,
114387,MIND,0.0,0.0
114462,MIND,0.0416666666666666,0.0
114540,MIND,0.0526315789473684,
114562,MIND,0.0,
114578,MIND,0.0,
114675,MIND,0.0416666666666666,
114677,MIND,0.0,
114711,MIND,0.0,
114728,MIND,0.4285714285714285,
114828,MIND,0.2857142857142857,
114846,MIND,0.0,
115004,MIND,0.0,
115035,MIND,0.0,
115078,MIND,0.0,0.0
115297,MIND,0.0,
115312,MIND,0.0,
115326,MIND,0.0,0.0
115334,MIND,0.0,
115411,MIND,0.0,
115585,MIND,0.0833333333333333,0.0
115603,MIND,0.0,
115693,MIND,0.0,0.0
115750,MIND,0.0476190476190476,
115859,MIND,0.1428571428571428,
115966,MIND,0.0,
115996,MIND,0.0416666666666666,0.0
116045,MIND,0.0,0.0
116173,MIND,0.0,
116269,MIND,0.0,
116331,MIND,0.0833333333333333,
116424,MIND,0.0,
116454,MIND,0.0,
116589,MIND,0.2,
116754,MIND,0.0,0.0
117086,MIND,0.0,
117291,MIND,0.0625,
117389,MIND,0.0,
117639,MIND,0.0,
117810,MIND,0.0,
117836,MIND,0.125,
117899,MIND,0.0555555555555555,
118066,MIND,0.2,
118113,MIND,0.0,
118183,MIND,0.0,
118184,MIND,0.027027027027027,0.0
118191,MIND,0.0555555555555555,
118241,MIND,0.0,
118336,MIND,0.0,
118362,MIND,0.1666666666666666,
118406,MIND,0.0,0.0
118418,MIND,0.0769230769230769,
118470,MIND,0.032258064516129,
118574,MIND,0.1,
118608,MIND,0.0,
118672,MIND,0.0,0.0
118804,MIND,0.0294117647058823,
118868,MIND,0.3333333333333333,
119023,MIND,0.0,0.0
119149,MIND,0.0,
119159,MIND,0.0,
119219,MIND,0.0,
119460,MIND,0.0952380952380952,0.0
119549,MIND,0.0384615384615384,0.0
119807,MIND,0.0,
119857,MIND,0.1538461538461538,
119944,MIND,0.05,0.0
119953,MIND,0.0666666666666666,
120054,MIND,0.0,
120083,MIND,0.0,
120171,MIND,0.0,
120255,MIND,0.08,0.0
120386,MIND,0.0,
120468,MIND,0.0,
120701,MIND,0.0588235294117647,
120821,MIND,0.25,
120836,MIND,0.0,0.0
120905,MIND,0.0,0.0
121020,MIND,0.0,
121054,MIND,0.0,
121133,MIND,0.0,0.0
121147,MIND,0.0,
121223,MIND,0.0,
121468,MIND,0.0,0.0
121713,MIND,0.0,
121797,MIND,0.0,
121891,MIND,0.0,0.0
121940,MIND,0.0526315789473684,
122009,MIND,0.0833333333333333,
122071,MIND,0.037037037037037,0.0
122094,MIND,0.0,0.0
122174,MIND,0.0,0.0
122216,MIND,0.0555555555555555,
122295,MIND,0.0833333333333333,0.0
122455,MIND,0.0256410256410256,
122459,MIND,0.25,
122509,MIND,0.125,
122541,MIND,0.0,
122662,MIND,0.0,0.0
122722,MIND,0.0,
122768,MIND,0.0,
122797,MIND,0.0,0.0
122835,MIND,0.0,
122915,MIND,0.0285714285714285,0.0
122921,MIND,0.0,
122998,MIND,0.0,0.0
123004,MIND,0.0,0.0
123035,MIND,0.25,
123168,MIND,0.0,
123179,MIND,0.0,
123184,MIND,0.0,
123257,MIND,0.0,
123413,MIND,0.0,
123482,MIND,0.0,
123494,MIND,0.0,0.0
123529,MIND,0.0,
123634,MIND,0.0,
123647,MIND,0.125,0.0
123674,MIND,0.0,0.0
123802,MIND,0.0,0.0
123914,MIND,0.0,
123929,MIND,0.0,
124020,MIND,0.0,
124032,MIND,0.0,0.0
124199,MIND,0.0,
124201,MIND,0.0,
124255,MIND,0.0,0.0
124287,MIND,0.0,
124367,MIND,0.25,
124394,MIND,0.1,
124677,MIND,0.0,
124781,MIND,0.0,
124872,MIND,0.1428571428571428,
124968,MIND,0.0,0.0
125001,MIND,0.0,
125028,MIND,0.0,
125049,MIND,0.1666666666666666,
125064,MIND,0.0,
125159,MIND,0.0,
125274,MIND,0.0,
125307,MIND,0.1538461538461538,
125360,MIND,0.0,
125403,MIND,0.0277777777777777,0.0
125424,MIND,0.0,0.0
125459,MIND,0.0,
125526,MIND,0.0,0.0
125677,MIND,0.0,
125724,MIND,0.0,
125859,MIND,0.2,
125892,MIND,0.0,
125895,MIND,0.0,0.0
126075,MIND,0.0,0.0
126167,MIND,0.0,
126308,MIND,0.0,
126339,MIND,0.0,
126357,MIND,0.0,
126549,MIND,0.0555555555555555,
126587,MIND,0.0,
126758,MIND,0.0,
126976,MIND,0.0,
126986,MIND,0.0,
127006,MIND,0.0,
127076,MIND,0.0,
127113,MIND,0.0,
127320,MIND,0.0,
127480,MIND,0.0,0.0
127508,MIND,0.2,
127514,MIND,0.0,
127557,MIND,0.0,
127831,MIND,0.0,
127848,MIND,0.1666666666666666,
127942,MIND,0.0,0.0
127959,MIND,0.0285714285714285,0.0
127991,MIND,0.0,
128231,MIND,0.0,
128416,MIND,0.0,0.0
128467,MIND,0.0,
128597,MIND,0.0,
128636,MIND,0.0714285714285714,
128750,MIND,0.0,
128867,MIND,0.0,
128954,MIND,0.05,
129037,MIND,0.0769230769230769,
129136,MIND,0.0,
129240,MIND,0.0,
129253,MIND,0.0,
129297,MIND,0.0,
129388,MIND,0.0,
129446,MIND,0.0,
129465,MIND,0.0625,0.0
129589,MIND,0.0,
129827,MIND,0.0,
129933,MIND,0.0,
129941,MIND,0.0,
130023,MIND,0.0,0.0
130166,MIND,0.0,
130215,MIND,0.5714285714285714,
130237,MIND,0.0,0.0
130253,MIND,0.0,
130307,MIND,0.0,0.0
130444,MIND,0.0,0.0
130709,MIND,0.0,0.0
130819,MIND,0.0,
130838,MIND,0.0333333333333333,0.0
130841,MIND,0.0,
130855,MIND,0.0,
131108,MIND,0.0,
131163,MIND,0.0,
131274,MIND,0.0,
131348,MIND,0.1428571428571428,
131445,MIND,0.25,
131447,MIND,0.2,
131558,MIND,0.0285714285714285,0.0
131695,MIND,0.0,
131774,MIND,0.0526315789473684,0.0
131832,MIND,0.0,
132102,MIND,0.0909090909090909,0.0
132135,MIND,0.0,0.0
132154,MIND,0.0,
132208,MIND,0.0,
132215,MIND,0.1428571428571428,
132277,MIND,0.0,
132351,MIND,0.0909090909090909,
132406,MIND,0.0,
132510,MIND,0.0,
132514,MIND,0.0,
132522,MIND,0.0,0.0
132557,MIND,0.0,
132608,MIND,0.0,0.0
132612,MIND,0.0,
132681,MIND,0.0,
132770,MIND,0.0,0.0
132801,MIND,0.0,
132992,MIND,0.0,
133212,MIND,0.125,
133215,MIND,0.1363636363636363,0.0
133272,MIND,0.0344827586206896,
133320,MIND,0.0,0.0
133677,MIND,0.2,
133789,MIND,0.0357142857142857,0.0
133909,MIND,0.0,
134070,MIND,0.0,
134161,MIND,0.0,
134250,MIND,0.5,
134464,MIND,0.0,
134605,MIND,0.0,
134818,MIND,0.0,
134821,MIND,0.0,
134853,MIND,0.0,
134965,MIND,0.25,
135028,MIND,0.0,0.0
135077,MIND,0.0,
135112,MIND,0.0,
135124,MIND,0.037037037037037,
135348,MIND,0.0,
135400,MIND,0.1666666666666666,
135406,MIND,0.0,0.0
135486,MIND,0.0,0.0
135522,MIND,0.0,0.0
135659,MIND,0.074074074074074,
135806,MIND,0.0,
136139,MIND,0.0333333333333333,0.0
136252,MIND,0.375,
136260,MIND,0.1666666666666666,
136364,MIND,0.0277777777777777,0.0
136430,MIND,0.0,
136445,MIND,0.0,
136471,MIND,0.0833333333333333,0.0
136628,MIND,0.0,
136669,MIND,0.1666666666666666,
136706,MIND,0.0,0.0
136789,MIND,0.1666666666666666,
136823,MIND,0.0,
136838,MIND,0.0,
136968,MIND,0.0,0.0
136973,MIND,0.0,
136976,MIND,0.0,0.0
137033,MIND,0.0666666666666666,
137117,MIND,0.0,
137136,MIND,0.0357142857142857,
137172,MIND,0.0,
137314,MIND,0.0909090909090909,
137351,MIND,0.0,
137361,MIND,0.0,
137592,MIND,0.0,0.0
137736,MIND,0.4,
137884,MIND,0.0,
137982,MIND,0.0,
138080,MIND,0.0,
138230,MIND,0.0,
138271,MIND,0.0,
138467,MIND,0.0,0.0
138598,MIND,0.0,0.0
138818,MIND,0.0263157894736842,
138862,MIND,0.0714285714285714,
138931,MIND,0.0,
138986,MIND,0.0,
139221,MIND,0.1428571428571428,
139309,MIND,0.0,
139312,MIND,0.0,
139363,MIND,0.032258064516129,
139417,MIND,0.0,0.0
139569,MIND,0.125,
139596,MIND,0.1666666666666666,
139679,MIND,0.0,0.0
139783,MIND,0.0,
139847,MIND,0.0,
139915,MIND,0.0,
139923,MIND,0.0,
140019,MIND,0.0,0.0
140080,MIND,0.0294117647058823,0.0
140113,MIND,0.2,
140175,MIND,0.0,
140194,MIND,0.0,0.0
140356,MIND,0.125,
140497,MIND,0.0,
140520,MIND,0.0,
140597,MIND,0.0256410256410256,0.0
140604,MIND,0.0,
140719,MIND,0.0,0.0
140880,MIND,0.0625,
141012,MIND,0.0,0.0
141130,MIND,0.0,0.0
141174,MIND,0.0,0.0
141178,MIND,0.0,
141262,MIND,0.0,0.0
141266,MIND,0.3333333333333333,
141310,MIND,0.0,0.0
141323,MIND,0.2142857142857142,
141352,MIND,0.0,0.0
141365,MIND,0.0,
141415,MIND,0.0,0.0
141456,MIND,0.4,
141479,MIND,0.0,
141508,MIND,0.125,
141512,MIND,0.0,
141514,MIND,0.0,
141527,MIND,0.0,0.0
141866,MIND,0.1052631578947368,
141895,MIND,0.0,0.0
141902,MIND,0.0,
141949,MIND,0.0,
141988,MIND,0.0,
141994,MIND,0.1111111111111111,0.0
142037,MIND,0.0,
142058,MIND,0.0,0.0
142086,MIND,0.0714285714285714,
142291,MIND,0.0,
142350,MIND,0.0,
142612,MIND,0.1666666666666666,
142743,MIND,0.0625,
142759,MIND,0.1666666666666666,
142800,MIND,0.081081081081081,0.0
142816,MIND,0.0,0.0
142937,MIND,0.0,
142957,MIND,0.0,0.0
143010,MIND,0.0,
143024,MIND,0.0,
143089,MIND,0.0,
143227,MIND,0.5,
143263,MIND,0.0,0.0
143270,MIND,0.0,
143294,MIND,0.0,0.0
143320,MIND,0.0,
143558,MIND,0.0,
143613,MIND,0.0,
143652,MIND,0.0,
143851,MIND,0.0,
143928,MIND,0.1666666666666666,
143944,MIND,0.0,
144034,MIND,0.0434782608695652,
144176,MIND,0.0,0.0
144194,MIND,0.0,
144285,MIND,0.0,0.0
144378,MIND,0.0,
144389,MIND,0.0,0.0
144444,MIND,0.0,
144526,MIND,0.0,
144565,MIND,0.0,
144616,MIND,0.0,
144645,MIND,0.0,
144652,MIND,0.0,0.0
144737,MIND,0.0,
144777,MIND,0.0434782608695652,
144900,MIND,0.0,0.0
145019,MIND,0.0909090909090909,
145194,MIND,0.0,
145219,MIND,0.0,
145293,MIND,0.0,
145309,MIND,0.1111111111111111,
145409,MIND,0.0357142857142857,0.0
145416,MIND,0.3333333333333333,
145418,MIND,0.0,
145527,MIND,0.0,
145722,MIND,0.0,0.0
145748,MIND,0.0,
146057,MIND,0.0,0.0
146108,MIND,0.0,
146202,MIND,0.0303030303030303,0.0
146387,MIND,0.1818181818181818,
146413,MIND,0.0,
146425,MIND,0.0,
146485,MIND,0.0,
146511,MIND,0.3333333333333333,
146593,MIND,0.0,
146665,MIND,0.0,0.0
147351,MIND,0.0,
147450,MIND,0.0,
147452,MIND,0.1666666666666666,
147621,MIND,0.05,
147623,MIND,0.0,0.0
147632,MIND,0.0,0.0
147717,MIND,0.0,0.0
147733,MIND,0.027027027027027,
147803,MIND,0.0,0.0
147992,MIND,0.0526315789473684,0.0
147997,MIND,0.0256410256410256,
148086,MIND,0.0,0.0
148214,MIND,0.0,
148273,MIND,0.0,0.0
148296,MIND,0.0,0.0
148372,MIND,0.0,
148375,MIND,0.0,0.0
148465,MIND,0.1111111111111111,
148503,MIND,0.1538461538461538,
148622,MIND,0.0,
148700,MIND,0.0,
148714,MIND,0.0,
148957,MIND,0.0,
148969,MIND,0.0,
149154,MIND,0.2,
149176,MIND,0.0,
149214,MIND,0.0,
149228,MIND,0.0,0.0
149375,MIND,0.0,
149415,MIND,0.1428571428571428,
149541,MIND,0.0,
149571,MIND,0.1666666666666666,
149907,MIND,0.0,
149940,MIND,0.0,0.0
149955,MIND,0.0,
149987,MIND,0.0,0.0
150038,MIND,0.0,
150045,MIND,0.0,
150138,MIND,0.0,
150217,MIND,0.0,
150339,MIND,0.0,
150481,MIND,0.375,
150708,MIND,0.0,
150868,MIND,0.0,
150876,MIND,0.0,0.0
151016,MIND,0.037037037037037,
151045,MIND,0.0,
151057,MIND,0.0,
151248,MIND,0.0,
151277,MIND,0.0,
151317,MIND,0.0,
151429,MIND,0.0,0.0
151504,MIND,0.3125,
151524,MIND,0.0,
151655,MIND,0.0,
151759,MIND,0.0,0.0
151855,MIND,0.0,
152007,MIND,0.0,
152037,MIND,0.0,0.0
152065,MIND,0.0344827586206896,
152167,MIND,0.0,
152190,MIND,0.0,
152384,MIND,0.0625,
152586,MIND,0.0526315789473684,
152591,MIND,0.1428571428571428,
152609,MIND,0.0,
152619,MIND,0.0,0.0
152756,MIND,0.0,
152911,MIND,0.0,
153061,MIND,0.0,0.0
153213,MIND,0.0,
153244,MIND,0.0,
153284,MIND,0.0357142857142857,
153310,MIND,0.0,
153378,MIND,0.0,
153466,MIND,0.0,
153525,MIND,0.125,
153537,MIND,0.4,
153664,MIND,0.1111111111111111,
153704,MIND,0.0,
153859,MIND,0.0,
154232,MIND,0.0,
154252,MIND,0.0,
154281,MIND,0.0,
154445,MIND,0.0,
154448,MIND,0.0,
154460,MIND,0.0,
154578,MIND,0.0588235294117647,
154641,MIND,0.0,
154661,MIND,0.0,0.0
154810,MIND,0.0666666666666666,0.0
154848,MIND,0.25,
154857,MIND,0.03125,0.0
154888,MIND,0.0,
154932,MIND,0.0,
155080,MIND,0.0,
155096,MIND,0.0,
155248,MIND,0.0,
155272,MIND,0.0476190476190476,0.0
155280,MIND,0.1363636363636363,
155394,MIND,0.0,
155410,MIND,0.0833333333333333,
155440,MIND,0.5,
155540,MIND,0.0,
155555,MIND,0.0344827586206896,
155574,MIND,0.1666666666666666,
155660,MIND,0.0,
155686,MIND,0.1,
155733,MIND,0.0,
155869,MIND,0.0,
155888,MIND,0.0,
155904,MIND,0.0714285714285714,
155945,MIND,0.0,
155986,MIND,0.037037037037037,0.0
156056,MIND,0.4285714285714285,
156140,MIND,0.0,
156176,MIND,0.1818181818181818,
156191,MIND,0.0,
156238,MIND,0.0,
156288,MIND,0.0,
156360,MIND,0.0,0.0
156374,MIND,0.2857142857142857,
156613,MIND,0.0,
156624,MIND,0.0,
156678,MIND,0.0,
156727,MIND,0.0,
157224,MIND,0.0714285714285714,
157235,MIND,0.0,0.0
157239,MIND,0.0666666666666666,
157342,MIND,0.0,
157374,MIND,0.0,
157660,MIND,0.0,
157705,MIND,0.0,0.0
157824,MIND,0.0,0.0
157825,MIND,0.0,
158010,MIND,0.2,
158032,MIND,0.0,
158125,MIND,0.0,
158183,MIND,0.0,
158320,MIND,0.0,
158421,MIND,0.0,0.0
158477,MIND,0.0,0.0
158494,MIND,0.0,0.0
158572,MIND,0.0,
158594,MIND,0.0,
158597,MIND,0.0,
158769,MIND,0.0,
158837,MIND,0.0,0.0
158897,MIND,0.0416666666666666,0.0
158914,MIND,0.0,0.0
159047,MIND,0.0,
159131,MIND,0.0,
159175,MIND,0.0,0.0
159183,MIND,0.1,0.0
159211,MIND,0.25,
159336,MIND,0.3,
159371,MIND,0.0,
159407,MIND,0.0,
159529,MIND,0.0,0.0
159531,MIND,0.0,
159589,MIND,0.0,0.0
159658,MIND,0.0,0.0
159714,MIND,0.2857142857142857,
159870,MIND,0.0,
159876,MIND,0.1666666666666666,
159957,MIND,0.0,
159992,MIND,0.0,
160063,MIND,0.0,
160385,MIND,0.0,
160452,MIND,0.0833333333333333,
160650,MIND,0.25,
160664,MIND,0.0,0.0
160670,MIND,0.0,
160718,MIND,0.0,0.0
160960,MIND,0.0,
160982,MIND,0.0,
161030,MIND,0.0,
161073,MIND,0.05,
161116,MIND,0.0,
161123,MIND,0.0,
161129,MIND,0.0,
161149,MIND,0.0,
161183,MIND,0.1666666666666666,
161558,MIND,0.1111111111111111,
161609,MIND,0.0,
161610,MIND,0.0,
161622,MIND,0.0,
161657,MIND,0.0,
161669,MIND,0.0,
161835,MIND,0.0,0.0
161851,MIND,0.0,
161855,MIND,0.0,
162164,MIND,0.1538461538461538,
162229,MIND,0.0,
162272,MIND,0.0,0.0
162310,MIND,0.0,
162356,MIND,0.0,
162423,MIND,0.0,
67,ComiRec (SA),0.0,0.0
92,ComiRec (SA),0.0555555555555555,
182,ComiRec (SA),0.0,0.0
264,ComiRec (SA),0.0,
335,ComiRec (SA),0.0,
400,ComiRec (SA),0.0454545454545454,
419,ComiRec (SA),0.0,
509,ComiRec (SA),0.0,
559,ComiRec (SA),0.1818181818181818,
890,ComiRec (SA),0.6,
953,ComiRec (SA),0.0,
1049,ComiRec (SA),0.05,
1159,ComiRec (SA),0.0,0.0
1264,ComiRec (SA),0.375,
1310,ComiRec (SA),0.0,
1510,ComiRec (SA),0.0,
1523,ComiRec (SA),0.0,
1568,ComiRec (SA),0.0,
1649,ComiRec (SA),0.0833333333333333,0.5
1873,ComiRec (SA),0.0666666666666666,
2002,ComiRec (SA),0.0952380952380952,
2063,ComiRec (SA),0.0,
2226,ComiRec (SA),0.0,
2260,ComiRec (SA),0.3333333333333333,
2297,ComiRec (SA),0.125,
2396,ComiRec (SA),0.0714285714285714,
2501,ComiRec (SA),0.0384615384615384,
2810,ComiRec (SA),0.0,
3146,ComiRec (SA),0.0,
3161,ComiRec (SA),0.5,
3171,ComiRec (SA),0.1176470588235294,
3307,ComiRec (SA),0.5454545454545454,
3367,ComiRec (SA),0.0,0.0
3413,ComiRec (SA),0.1428571428571428,
3461,ComiRec (SA),0.0,
3561,ComiRec (SA),0.0,0.0
3835,ComiRec (SA),0.0,
3964,ComiRec (SA),0.1333333333333333,
4022,ComiRec (SA),0.0,
4057,ComiRec (SA),0.0,
4059,ComiRec (SA),0.2142857142857142,
4157,ComiRec (SA),0.2,
4186,ComiRec (SA),0.0,0.0
4291,ComiRec (SA),0.0,
4359,ComiRec (SA),0.0,0.0
4378,ComiRec (SA),0.25,
4462,ComiRec (SA),0.0,
4643,ComiRec (SA),0.0,
4673,ComiRec (SA),0.0,
4686,ComiRec (SA),0.0,
4701,ComiRec (SA),0.2142857142857142,
4827,ComiRec (SA),0.5555555555555556,
5025,ComiRec (SA),0.0,
5087,ComiRec (SA),0.0666666666666666,0.0
5152,ComiRec (SA),0.0967741935483871,
5205,ComiRec (SA),0.0,0.0
5295,ComiRec (SA),0.0,0.0
5307,ComiRec (SA),0.25,
5418,ComiRec (SA),0.0,0.0
5833,ComiRec (SA),0.0,0.0
5856,ComiRec (SA),0.0,
5961,ComiRec (SA),0.0,
6017,ComiRec (SA),0.0,
6052,ComiRec (SA),0.0454545454545454,
6221,ComiRec (SA),0.0,
6296,ComiRec (SA),0.064516129032258,
6409,ComiRec (SA),0.0,
6463,ComiRec (SA),0.0,
6483,ComiRec (SA),0.0,
6488,ComiRec (SA),0.0,
6544,ComiRec (SA),0.2,
6547,ComiRec (SA),0.25,
6673,ComiRec (SA),0.1,
6798,ComiRec (SA),0.0,0.0
7071,ComiRec (SA),0.0625,
7100,ComiRec (SA),0.0476190476190476,0.0
7170,ComiRec (SA),0.0,0.0
7216,ComiRec (SA),0.0,0.0
7378,ComiRec (SA),0.0909090909090909,
7408,ComiRec (SA),0.125,
7462,ComiRec (SA),0.0,
7489,ComiRec (SA),0.0,
7525,ComiRec (SA),0.0,
7675,ComiRec (SA),0.0263157894736842,0.0
7980,ComiRec (SA),0.0,
8163,ComiRec (SA),0.0,0.0
8174,ComiRec (SA),0.05,0.0
8184,ComiRec (SA),0.0769230769230769,
8231,ComiRec (SA),0.0,0.0
8232,ComiRec (SA),0.1111111111111111,
8268,ComiRec (SA),0.0,0.0
8358,ComiRec (SA),0.0,0.0
8397,ComiRec (SA),0.0,0.0
8474,ComiRec (SA),0.0,
8727,ComiRec (SA),0.25,
8826,ComiRec (SA),0.5714285714285714,
8830,ComiRec (SA),0.0,
8882,ComiRec (SA),0.0,
9118,ComiRec (SA),0.0,
9146,ComiRec (SA),0.05,0.0
9269,ComiRec (SA),0.0285714285714285,0.0
9312,ComiRec (SA),0.0,
9441,ComiRec (SA),0.0,
9533,ComiRec (SA),0.0,
9557,ComiRec (SA),0.2,
9604,ComiRec (SA),0.0,
9736,ComiRec (SA),0.0,
9839,ComiRec (SA),0.0526315789473684,0.0
9889,ComiRec (SA),0.0,
9898,ComiRec (SA),0.0,
9950,ComiRec (SA),0.0303030303030303,0.0
10169,ComiRec (SA),0.0,
10314,ComiRec (SA),0.0,
10372,ComiRec (SA),0.0,0.0
10450,ComiRec (SA),0.0,
10477,ComiRec (SA),0.1052631578947368,0.0
10667,ComiRec (SA),0.2,
10796,ComiRec (SA),0.0714285714285714,
11007,ComiRec (SA),0.8,
11097,ComiRec (SA),0.0666666666666666,
11176,ComiRec (SA),0.0,
11196,ComiRec (SA),0.0,
11212,ComiRec (SA),0.0,0.0
11245,ComiRec (SA),0.0,0.0
11272,ComiRec (SA),0.0,
11319,ComiRec (SA),0.0,0.0
11355,ComiRec (SA),0.2,
11376,ComiRec (SA),0.0909090909090909,
11415,ComiRec (SA),0.0,
11439,ComiRec (SA),0.0,
11576,ComiRec (SA),0.3181818181818182,0.0
11599,ComiRec (SA),0.0,0.0
11632,ComiRec (SA),0.0,0.0
11667,ComiRec (SA),0.0,
11668,ComiRec (SA),0.0,
11866,ComiRec (SA),0.0909090909090909,
11912,ComiRec (SA),0.0294117647058823,0.0
11981,ComiRec (SA),0.0,
12077,ComiRec (SA),0.0,
12114,ComiRec (SA),0.0,0.0
12234,ComiRec (SA),0.0,0.0
12279,ComiRec (SA),0.0909090909090909,
12306,ComiRec (SA),0.2222222222222222,
12315,ComiRec (SA),0.0769230769230769,
12330,ComiRec (SA),0.0,0.0
12428,ComiRec (SA),0.0,
12670,ComiRec (SA),0.0,
12867,ComiRec (SA),0.0,0.0
12874,ComiRec (SA),0.0,
12903,ComiRec (SA),0.4,
13044,ComiRec (SA),0.0,0.0
13093,ComiRec (SA),0.125,
13122,ComiRec (SA),0.0,
13144,ComiRec (SA),0.0769230769230769,
13171,ComiRec (SA),0.1666666666666666,
13275,ComiRec (SA),0.0,
13387,ComiRec (SA),0.0,0.0
13402,ComiRec (SA),0.0,
13728,ComiRec (SA),0.0,
13855,ComiRec (SA),0.0476190476190476,0.0
13912,ComiRec (SA),0.0,
13981,ComiRec (SA),0.1666666666666666,
13986,ComiRec (SA),0.0,
14146,ComiRec (SA),0.0416666666666666,
14194,ComiRec (SA),0.032258064516129,0.0
14373,ComiRec (SA),0.0,
14720,ComiRec (SA),0.1818181818181818,
14748,ComiRec (SA),0.0,0.0
14760,ComiRec (SA),0.0,
14843,ComiRec (SA),0.0,0.0
14896,ComiRec (SA),0.25,
14910,ComiRec (SA),0.0,
14970,ComiRec (SA),0.0,0.0
15071,ComiRec (SA),0.0,
15147,ComiRec (SA),0.0,0.0
15202,ComiRec (SA),0.2,
15230,ComiRec (SA),0.0,
15239,ComiRec (SA),0.25,
15259,ComiRec (SA),0.0,
15308,ComiRec (SA),0.0,
15404,ComiRec (SA),0.2,
15799,ComiRec (SA),0.1666666666666666,
15834,ComiRec (SA),0.0,
15868,ComiRec (SA),0.2,
15872,ComiRec (SA),0.75,
15980,ComiRec (SA),0.1666666666666666,
16059,ComiRec (SA),0.0,
16064,ComiRec (SA),0.0,
16164,ComiRec (SA),0.0,
16195,ComiRec (SA),0.0,
16211,ComiRec (SA),0.05,0.0
16273,ComiRec (SA),0.0,
16312,ComiRec (SA),0.0,0.0
16385,ComiRec (SA),0.0769230769230769,
16409,ComiRec (SA),0.0,
16413,ComiRec (SA),0.0833333333333333,
16490,ComiRec (SA),0.1578947368421052,
16643,ComiRec (SA),0.0,
16692,ComiRec (SA),0.0,
16740,ComiRec (SA),0.0,
16759,ComiRec (SA),0.0,
16791,ComiRec (SA),0.0,
16918,ComiRec (SA),0.0,
17085,ComiRec (SA),0.0,
17233,ComiRec (SA),0.0,
17381,ComiRec (SA),0.0,
17407,ComiRec (SA),0.0,
17420,ComiRec (SA),0.1428571428571428,
17494,ComiRec (SA),0.0,
17660,ComiRec (SA),0.0714285714285714,
17705,ComiRec (SA),0.12,
17713,ComiRec (SA),0.0256410256410256,0.0
17857,ComiRec (SA),0.25,
17915,ComiRec (SA),0.0,
18185,ComiRec (SA),0.2,
18219,ComiRec (SA),0.1666666666666666,
18270,ComiRec (SA),0.0,0.0
18271,ComiRec (SA),0.4444444444444444,
18530,ComiRec (SA),0.0,
18647,ComiRec (SA),0.0,
18694,ComiRec (SA),0.0,0.0
18715,ComiRec (SA),0.0,
18717,ComiRec (SA),0.375,
18753,ComiRec (SA),0.0,
18820,ComiRec (SA),0.75,
18851,ComiRec (SA),0.0,
18864,ComiRec (SA),0.4,
18900,ComiRec (SA),0.1428571428571428,
18947,ComiRec (SA),0.0,
18980,ComiRec (SA),0.0,
19076,ComiRec (SA),0.1,
19202,ComiRec (SA),0.0588235294117647,
19366,ComiRec (SA),0.0,
19544,ComiRec (SA),0.1333333333333333,0.0
19592,ComiRec (SA),0.2,
19724,ComiRec (SA),0.0,
19779,ComiRec (SA),0.1176470588235294,
19787,ComiRec (SA),0.0333333333333333,0.0
19836,ComiRec (SA),0.1333333333333333,
19849,ComiRec (SA),0.0,0.0
19966,ComiRec (SA),0.0,0.0
20207,ComiRec (SA),0.0526315789473684,
20334,ComiRec (SA),0.0,0.0
20379,ComiRec (SA),0.1176470588235294,
20411,ComiRec (SA),0.0,0.0
20560,ComiRec (SA),0.075,
20587,ComiRec (SA),0.0,
20630,ComiRec (SA),0.0,
20635,ComiRec (SA),0.0294117647058823,0.0
20640,ComiRec (SA),0.0,
20689,ComiRec (SA),0.0,
20798,ComiRec (SA),0.2,
20825,ComiRec (SA),0.2,
20858,ComiRec (SA),0.1,
20981,ComiRec (SA),0.0,0.0
21387,ComiRec (SA),0.0,
21396,ComiRec (SA),0.2857142857142857,
21419,ComiRec (SA),0.0,
21483,ComiRec (SA),0.0769230769230769,
21606,ComiRec (SA),0.0,
21633,ComiRec (SA),0.0,
21657,ComiRec (SA),0.1333333333333333,
21795,ComiRec (SA),0.1,
21944,ComiRec (SA),0.0,
22162,ComiRec (SA),0.0,0.0
22169,ComiRec (SA),0.0,
22317,ComiRec (SA),0.0,
22364,ComiRec (SA),0.0,
22624,ComiRec (SA),0.0,
22629,ComiRec (SA),0.0,
22822,ComiRec (SA),0.1428571428571428,
22835,ComiRec (SA),0.0,
22862,ComiRec (SA),0.0,
22923,ComiRec (SA),0.1428571428571428,
23016,ComiRec (SA),0.0,0.0
23266,ComiRec (SA),0.0,0.0
23374,ComiRec (SA),0.0,
23420,ComiRec (SA),0.0,0.0
23587,ComiRec (SA),0.0333333333333333,
23670,ComiRec (SA),0.0,
23825,ComiRec (SA),0.0,
24115,ComiRec (SA),0.1,
24145,ComiRec (SA),0.0909090909090909,
24226,ComiRec (SA),0.0,
24307,ComiRec (SA),0.0416666666666666,0.0
24365,ComiRec (SA),0.0,0.0
24375,ComiRec (SA),0.1538461538461538,
24400,ComiRec (SA),0.1,
24687,ComiRec (SA),0.1333333333333333,0.0
24831,ComiRec (SA),0.0588235294117647,
24896,ComiRec (SA),0.0,
24943,ComiRec (SA),0.2307692307692307,
25014,ComiRec (SA),0.0,
25018,ComiRec (SA),0.1,
25019,ComiRec (SA),0.1,
25044,ComiRec (SA),0.0,0.0
25202,ComiRec (SA),0.0,0.0
25278,ComiRec (SA),0.25,
25306,ComiRec (SA),0.0,
25311,ComiRec (SA),0.0689655172413793,
25351,ComiRec (SA),0.0,
25459,ComiRec (SA),0.0,
25465,ComiRec (SA),0.0,
25642,ComiRec (SA),0.0,
25729,ComiRec (SA),0.2777777777777778,
25792,ComiRec (SA),0.1111111111111111,
25838,ComiRec (SA),0.1111111111111111,
25876,ComiRec (SA),0.0,
25907,ComiRec (SA),0.125,
25939,ComiRec (SA),0.0,0.0
26064,ComiRec (SA),0.0,0.0
26072,ComiRec (SA),0.0,
26147,ComiRec (SA),0.2,
26198,ComiRec (SA),0.75,
26339,ComiRec (SA),0.0,
26465,ComiRec (SA),0.0,
26472,ComiRec (SA),0.0,0.0
26630,ComiRec (SA),0.0,
26653,ComiRec (SA),0.25,
26780,ComiRec (SA),0.2222222222222222,
26839,ComiRec (SA),0.0,
26971,ComiRec (SA),0.0,
26985,ComiRec (SA),0.125,0.0
27050,ComiRec (SA),0.0,
27061,ComiRec (SA),0.0789473684210526,
27194,ComiRec (SA),0.0,0.0
27256,ComiRec (SA),0.0,
27267,ComiRec (SA),0.0,0.0
27503,ComiRec (SA),0.0,0.0
27800,ComiRec (SA),0.1666666666666666,
27850,ComiRec (SA),0.0,
28045,ComiRec (SA),0.0,0.0
28494,ComiRec (SA),0.0285714285714285,0.0
28529,ComiRec (SA),0.0,
28705,ComiRec (SA),0.0,
28724,ComiRec (SA),0.0,
28799,ComiRec (SA),0.4,
28841,ComiRec (SA),0.1538461538461538,
28881,ComiRec (SA),0.0,
29027,ComiRec (SA),0.0,
29269,ComiRec (SA),0.0,
29281,ComiRec (SA),0.0,0.0
29398,ComiRec (SA),0.25,
29412,ComiRec (SA),0.1111111111111111,
29514,ComiRec (SA),0.0,
29751,ComiRec (SA),0.0,
29792,ComiRec (SA),0.2,
29812,ComiRec (SA),0.0,
30092,ComiRec (SA),0.0,
30236,ComiRec (SA),0.0,
30367,ComiRec (SA),0.0714285714285714,
30481,ComiRec (SA),0.0,
30761,ComiRec (SA),0.0384615384615384,0.0
30943,ComiRec (SA),0.1666666666666666,
31129,ComiRec (SA),0.0,
31144,ComiRec (SA),0.0,
31181,ComiRec (SA),0.0555555555555555,0.0
31188,ComiRec (SA),0.0,
31204,ComiRec (SA),0.0,
31236,ComiRec (SA),0.0,
31264,ComiRec (SA),0.025,0.0
31338,ComiRec (SA),0.0,0.0
31421,ComiRec (SA),0.1,
31429,ComiRec (SA),0.3333333333333333,
31468,ComiRec (SA),0.0,0.0
31537,ComiRec (SA),0.1,
31593,ComiRec (SA),0.5,
31678,ComiRec (SA),0.1428571428571428,
31835,ComiRec (SA),0.0,0.0
31886,ComiRec (SA),0.0,
32298,ComiRec (SA),0.0909090909090909,0.0
32435,ComiRec (SA),0.1428571428571428,
32516,ComiRec (SA),0.2,
32599,ComiRec (SA),0.0,
32609,ComiRec (SA),0.1176470588235294,
32650,ComiRec (SA),0.0,
32663,ComiRec (SA),0.0,
32693,ComiRec (SA),0.0526315789473684,0.0
32726,ComiRec (SA),0.25,
32934,ComiRec (SA),0.0526315789473684,
32993,ComiRec (SA),0.1111111111111111,
33396,ComiRec (SA),0.0,
33405,ComiRec (SA),0.0,
33517,ComiRec (SA),0.0,0.0
33946,ComiRec (SA),0.1875,
34106,ComiRec (SA),0.1818181818181818,
34405,ComiRec (SA),0.25,
34498,ComiRec (SA),0.0,0.0
34514,ComiRec (SA),0.0,
34593,ComiRec (SA),0.032258064516129,0.1666666666666666
34650,ComiRec (SA),0.0,0.0
34659,ComiRec (SA),0.1666666666666666,
34761,ComiRec (SA),0.0,
34788,ComiRec (SA),0.0,
34836,ComiRec (SA),0.0,
34837,ComiRec (SA),0.0,
34920,ComiRec (SA),0.0769230769230769,
35007,ComiRec (SA),0.0588235294117647,0.0
35096,ComiRec (SA),0.0,
35104,ComiRec (SA),0.25,
35142,ComiRec (SA),0.1142857142857142,0.0
35190,ComiRec (SA),0.0,
35377,ComiRec (SA),0.0909090909090909,
35546,ComiRec (SA),0.0,
35689,ComiRec (SA),0.125,
35760,ComiRec (SA),0.0,
35806,ComiRec (SA),0.0,0.0
35925,ComiRec (SA),0.0,0.0
35958,ComiRec (SA),0.0,
35986,ComiRec (SA),0.1666666666666666,
36036,ComiRec (SA),0.09375,0.0
36051,ComiRec (SA),0.1,
36082,ComiRec (SA),0.0,
36176,ComiRec (SA),0.0,
36210,ComiRec (SA),0.0,0.0
36226,ComiRec (SA),0.0,
36364,ComiRec (SA),0.0,
36401,ComiRec (SA),0.0,
36541,ComiRec (SA),0.0,
36619,ComiRec (SA),0.0666666666666666,0.0
36661,ComiRec (SA),0.0,
36829,ComiRec (SA),0.0,
36906,ComiRec (SA),0.1666666666666666,
36914,ComiRec (SA),0.0,0.0
36934,ComiRec (SA),0.1428571428571428,
37065,ComiRec (SA),0.0,0.0
37076,ComiRec (SA),0.1666666666666666,
37355,ComiRec (SA),0.0,
37356,ComiRec (SA),0.0,
37371,ComiRec (SA),0.0555555555555555,
37418,ComiRec (SA),0.0,
37586,ComiRec (SA),0.1111111111111111,
37590,ComiRec (SA),0.0,
37607,ComiRec (SA),0.0,0.0
37790,ComiRec (SA),0.25,
37791,ComiRec (SA),0.0434782608695652,
37862,ComiRec (SA),0.0,
37979,ComiRec (SA),0.0,
38020,ComiRec (SA),0.8,
38137,ComiRec (SA),0.054054054054054,
38219,ComiRec (SA),0.0,
38238,ComiRec (SA),0.0,
38345,ComiRec (SA),0.0,
38368,ComiRec (SA),0.0,
38413,ComiRec (SA),0.1666666666666666,
38524,ComiRec (SA),0.2352941176470588,
38573,ComiRec (SA),0.3333333333333333,0.0
38577,ComiRec (SA),0.0,
38587,ComiRec (SA),0.0,
38641,ComiRec (SA),0.0,
38787,ComiRec (SA),0.0,
38833,ComiRec (SA),0.0,0.0
38891,ComiRec (SA),0.1363636363636363,
38971,ComiRec (SA),0.125,
39107,ComiRec (SA),0.0,0.0
39195,ComiRec (SA),0.0454545454545454,
39220,ComiRec (SA),0.0,
39238,ComiRec (SA),0.0,
39307,ComiRec (SA),0.0,
39316,ComiRec (SA),0.0,
39342,ComiRec (SA),0.0,
39405,ComiRec (SA),0.0,
39482,ComiRec (SA),0.0,0.0
39566,ComiRec (SA),0.0833333333333333,0.0
39572,ComiRec (SA),0.75,
39645,ComiRec (SA),0.0,
39895,ComiRec (SA),0.0,
39921,ComiRec (SA),0.1875,
39972,ComiRec (SA),0.3333333333333333,
40013,ComiRec (SA),0.0,
40049,ComiRec (SA),0.0,
40071,ComiRec (SA),0.0,
40088,ComiRec (SA),0.0769230769230769,0.0
40121,ComiRec (SA),0.4285714285714285,
40136,ComiRec (SA),0.1,
40219,ComiRec (SA),0.2,
40225,ComiRec (SA),0.0869565217391304,0.0
40234,ComiRec (SA),0.0,
40343,ComiRec (SA),0.1111111111111111,
40451,ComiRec (SA),0.0,
40517,ComiRec (SA),0.0625,
40618,ComiRec (SA),0.0,
40624,ComiRec (SA),0.1,
40730,ComiRec (SA),0.0,0.0
40768,ComiRec (SA),0.1428571428571428,
40771,ComiRec (SA),0.1111111111111111,
40846,ComiRec (SA),0.0,
40935,ComiRec (SA),0.3333333333333333,
40989,ComiRec (SA),0.0,
41042,ComiRec (SA),0.0909090909090909,
41088,ComiRec (SA),0.0303030303030303,
41129,ComiRec (SA),0.0,0.0
41168,ComiRec (SA),0.0833333333333333,0.0
41242,ComiRec (SA),0.0,
41289,ComiRec (SA),0.0303030303030303,0.0
41292,ComiRec (SA),0.1666666666666666,
41426,ComiRec (SA),0.0606060606060606,0.0
41448,ComiRec (SA),0.0,
41461,ComiRec (SA),0.1428571428571428,
41723,ComiRec (SA),0.1111111111111111,
41846,ComiRec (SA),0.0,
41948,ComiRec (SA),0.2727272727272727,
42094,ComiRec (SA),0.0,0.0
42228,ComiRec (SA),0.4,
42456,ComiRec (SA),0.0,
42600,ComiRec (SA),0.0,0.0
42758,ComiRec (SA),0.0869565217391304,
42864,ComiRec (SA),0.0,0.0
42937,ComiRec (SA),0.1052631578947368,0.0
43060,ComiRec (SA),0.2,
43096,ComiRec (SA),0.0,0.0
43198,ComiRec (SA),0.1666666666666666,
43304,ComiRec (SA),0.0,
43401,ComiRec (SA),0.0,0.0
43474,ComiRec (SA),0.0416666666666666,0.0
43475,ComiRec (SA),0.0,
43486,ComiRec (SA),0.0,0.0
43493,ComiRec (SA),0.0,
43506,ComiRec (SA),0.0,
43546,ComiRec (SA),0.1,
43570,ComiRec (SA),0.0,
43575,ComiRec (SA),0.0,
43596,ComiRec (SA),0.2222222222222222,
43643,ComiRec (SA),0.0,
43666,ComiRec (SA),0.25,
43668,ComiRec (SA),0.0,
43856,ComiRec (SA),0.0,0.0
43859,ComiRec (SA),0.054054054054054,
43884,ComiRec (SA),0.0,
43894,ComiRec (SA),0.4,
43910,ComiRec (SA),0.0,
44005,ComiRec (SA),0.0,
44110,ComiRec (SA),0.0833333333333333,
44283,ComiRec (SA),0.0,
44356,ComiRec (SA),0.3333333333333333,
44376,ComiRec (SA),0.0,
44502,ComiRec (SA),0.0,
44638,ComiRec (SA),0.0,
44728,ComiRec (SA),0.0,
44746,ComiRec (SA),0.0,
44776,ComiRec (SA),0.0,
44839,ComiRec (SA),0.0,
44916,ComiRec (SA),0.0,
45068,ComiRec (SA),0.064516129032258,
45092,ComiRec (SA),0.0,
45114,ComiRec (SA),0.0,
45191,ComiRec (SA),0.1428571428571428,
45326,ComiRec (SA),0.0454545454545454,
45393,ComiRec (SA),0.0,
45400,ComiRec (SA),0.0,0.0
45435,ComiRec (SA),0.0,
45466,ComiRec (SA),0.0,
45564,ComiRec (SA),0.0588235294117647,
45667,ComiRec (SA),0.0,
45684,ComiRec (SA),0.0,
45717,ComiRec (SA),0.0,0.0
45722,ComiRec (SA),0.0,0.0
45731,ComiRec (SA),0.0,0.0
45770,ComiRec (SA),0.125,0.0
45779,ComiRec (SA),0.0,
45789,ComiRec (SA),0.0,0.0
45844,ComiRec (SA),0.0,
45878,ComiRec (SA),0.0,0.0
45969,ComiRec (SA),0.0,0.0
45985,ComiRec (SA),0.1666666666666666,
46311,ComiRec (SA),0.0277777777777777,0.0
46466,ComiRec (SA),0.0,
46482,ComiRec (SA),0.0909090909090909,
46507,ComiRec (SA),0.0,
46647,ComiRec (SA),0.0,0.0
46737,ComiRec (SA),0.0,
46838,ComiRec (SA),0.3,
46885,ComiRec (SA),0.0,0.0
46959,ComiRec (SA),0.0666666666666666,
47033,ComiRec (SA),0.0,0.0
47164,ComiRec (SA),0.0,
47242,ComiRec (SA),0.1111111111111111,0.0
47283,ComiRec (SA),0.1666666666666666,
47346,ComiRec (SA),0.0,
47357,ComiRec (SA),0.0,
47377,ComiRec (SA),0.2,
47438,ComiRec (SA),0.0,
47575,ComiRec (SA),0.375,
47866,ComiRec (SA),0.0,0.0
47967,ComiRec (SA),0.5,
48015,ComiRec (SA),0.0285714285714285,0.0
48182,ComiRec (SA),0.0357142857142857,
48213,ComiRec (SA),0.4285714285714285,
48231,ComiRec (SA),0.0,
48353,ComiRec (SA),0.0,
48488,ComiRec (SA),0.0,
48492,ComiRec (SA),0.0,
48509,ComiRec (SA),0.0,
48580,ComiRec (SA),0.0,
48616,ComiRec (SA),0.0384615384615384,
48684,ComiRec (SA),0.2222222222222222,
48760,ComiRec (SA),0.2222222222222222,
48866,ComiRec (SA),0.3333333333333333,
49055,ComiRec (SA),0.0909090909090909,
49076,ComiRec (SA),0.1666666666666666,0.0
49085,ComiRec (SA),0.0,
49171,ComiRec (SA),0.0,
49208,ComiRec (SA),0.0434782608695652,
49220,ComiRec (SA),0.0,
49304,ComiRec (SA),0.0,
49360,ComiRec (SA),0.037037037037037,
49469,ComiRec (SA),0.25,
49569,ComiRec (SA),0.0,
49654,ComiRec (SA),0.0,
49664,ComiRec (SA),0.0,
49678,ComiRec (SA),0.0,0.0
49718,ComiRec (SA),0.0,0.0
49939,ComiRec (SA),0.0,
49944,ComiRec (SA),0.3333333333333333,
49977,ComiRec (SA),0.0,0.0
50019,ComiRec (SA),0.1111111111111111,
50149,ComiRec (SA),0.1764705882352941,
50182,ComiRec (SA),0.0,
50316,ComiRec (SA),0.0,
50382,ComiRec (SA),0.0,0.0
50526,ComiRec (SA),0.0666666666666666,0.0
50544,ComiRec (SA),0.0,
50648,ComiRec (SA),0.0476190476190476,
50756,ComiRec (SA),0.0769230769230769,0.0
50821,ComiRec (SA),0.0384615384615384,
51011,ComiRec (SA),0.1176470588235294,0.0
51064,ComiRec (SA),0.0,
51115,ComiRec (SA),0.0,0.0
51221,ComiRec (SA),0.0,0.0
51259,ComiRec (SA),0.1538461538461538,
51530,ComiRec (SA),0.1111111111111111,
51542,ComiRec (SA),0.0,
51579,ComiRec (SA),0.1428571428571428,
51619,ComiRec (SA),0.0,
51676,ComiRec (SA),0.0,
51704,ComiRec (SA),0.1428571428571428,
51837,ComiRec (SA),0.0,0.0
51849,ComiRec (SA),0.1111111111111111,
51952,ComiRec (SA),0.0,
51983,ComiRec (SA),0.0,
52027,ComiRec (SA),0.0,
52130,ComiRec (SA),0.0,
52278,ComiRec (SA),0.2727272727272727,
52540,ComiRec (SA),0.0,
52756,ComiRec (SA),0.0,0.0
52863,ComiRec (SA),0.0,
52939,ComiRec (SA),0.0,
52949,ComiRec (SA),0.0,0.0
52952,ComiRec (SA),0.0,
53111,ComiRec (SA),0.1428571428571428,
53264,ComiRec (SA),0.0,
53283,ComiRec (SA),0.0666666666666666,0.0
53299,ComiRec (SA),0.0526315789473684,
53407,ComiRec (SA),0.0,
53597,ComiRec (SA),0.0,0.0
53680,ComiRec (SA),0.0,
53704,ComiRec (SA),0.0256410256410256,
53782,ComiRec (SA),0.1111111111111111,
53887,ComiRec (SA),0.0,0.0
53925,ComiRec (SA),0.0555555555555555,
53970,ComiRec (SA),0.0,0.0
54171,ComiRec (SA),0.0,0.0
54226,ComiRec (SA),0.0,0.0
54259,ComiRec (SA),0.4,
54320,ComiRec (SA),0.0,
54336,ComiRec (SA),0.0,
54379,ComiRec (SA),0.0,
54515,ComiRec (SA),0.0,
54548,ComiRec (SA),0.0,
54590,ComiRec (SA),0.0,
54749,ComiRec (SA),0.0285714285714285,0.0
54784,ComiRec (SA),0.0,
54794,ComiRec (SA),0.0,
55060,ComiRec (SA),0.375,
55168,ComiRec (SA),0.0,
55210,ComiRec (SA),0.0,0.0
55254,ComiRec (SA),0.2142857142857142,
55285,ComiRec (SA),0.0,
55422,ComiRec (SA),0.0,
55524,ComiRec (SA),0.0,
55599,ComiRec (SA),0.0,
55625,ComiRec (SA),0.2,
55719,ComiRec (SA),0.1428571428571428,
55817,ComiRec (SA),0.0,
55872,ComiRec (SA),0.0,0.0
55885,ComiRec (SA),0.0,
55898,ComiRec (SA),0.125,
55952,ComiRec (SA),0.6,
56042,ComiRec (SA),0.0,
56316,ComiRec (SA),0.05,
56468,ComiRec (SA),0.0256410256410256,
56505,ComiRec (SA),0.0,
56698,ComiRec (SA),0.1428571428571428,
56772,ComiRec (SA),0.0689655172413793,0.0
56792,ComiRec (SA),0.0555555555555555,0.0
57032,ComiRec (SA),0.0714285714285714,
57167,ComiRec (SA),0.0,
57336,ComiRec (SA),0.4,
57446,ComiRec (SA),0.125,
57493,ComiRec (SA),0.3333333333333333,
57692,ComiRec (SA),0.2857142857142857,
57795,ComiRec (SA),0.0,0.0
57802,ComiRec (SA),0.0434782608695652,
57895,ComiRec (SA),0.0,
58120,ComiRec (SA),0.0,
58223,ComiRec (SA),0.0769230769230769,0.0
58311,ComiRec (SA),0.0,
58380,ComiRec (SA),0.0,
58795,ComiRec (SA),0.25,
58899,ComiRec (SA),0.0555555555555555,
58936,ComiRec (SA),0.0625,
58986,ComiRec (SA),0.0,
58991,ComiRec (SA),0.0,
59304,ComiRec (SA),0.0,0.0
59430,ComiRec (SA),0.0,0.0
59456,ComiRec (SA),0.125,
59493,ComiRec (SA),0.0,0.0
59522,ComiRec (SA),0.0,
59601,ComiRec (SA),0.1428571428571428,
59648,ComiRec (SA),0.125,
59855,ComiRec (SA),0.0,
59925,ComiRec (SA),0.1428571428571428,
59956,ComiRec (SA),0.0,
59960,ComiRec (SA),0.0,0.0
60121,ComiRec (SA),0.2857142857142857,
60133,ComiRec (SA),0.0,0.0
60374,ComiRec (SA),0.0,0.0
60580,ComiRec (SA),0.0555555555555555,
60642,ComiRec (SA),0.0,
60663,ComiRec (SA),0.0,
60697,ComiRec (SA),0.0,
60746,ComiRec (SA),0.0,
60870,ComiRec (SA),0.0,
60923,ComiRec (SA),0.0,
60930,ComiRec (SA),0.0769230769230769,0.0
61009,ComiRec (SA),0.75,
61085,ComiRec (SA),0.0,
61407,ComiRec (SA),0.125,0.0
61484,ComiRec (SA),0.0625,
61641,ComiRec (SA),0.125,
61725,ComiRec (SA),0.125,
62036,ComiRec (SA),0.0,
62256,ComiRec (SA),0.0,
62336,ComiRec (SA),0.1666666666666666,
62339,ComiRec (SA),0.0,
62359,ComiRec (SA),0.0,
62362,ComiRec (SA),0.0,0.0
62365,ComiRec (SA),0.0,0.0
62416,ComiRec (SA),0.0,
62495,ComiRec (SA),0.0,
62509,ComiRec (SA),0.0714285714285714,
62529,ComiRec (SA),0.2,
62568,ComiRec (SA),0.0,
62569,ComiRec (SA),0.2,
62672,ComiRec (SA),0.0555555555555555,
62706,ComiRec (SA),0.1428571428571428,
62726,ComiRec (SA),0.1,
62769,ComiRec (SA),0.0,
62907,ComiRec (SA),0.0,
62984,ComiRec (SA),0.0,
62994,ComiRec (SA),0.0,
63086,ComiRec (SA),0.0263157894736842,0.0
63145,ComiRec (SA),0.0,0.0
63263,ComiRec (SA),0.0,
63274,ComiRec (SA),0.0,
63343,ComiRec (SA),0.0689655172413793,
63484,ComiRec (SA),0.04,
63909,ComiRec (SA),0.08,0.0
63943,ComiRec (SA),0.0416666666666666,
64048,ComiRec (SA),0.0,
64131,ComiRec (SA),0.3333333333333333,
64200,ComiRec (SA),0.1333333333333333,0.0
64792,ComiRec (SA),0.0,
64886,ComiRec (SA),0.1666666666666666,
65062,ComiRec (SA),0.0,
65085,ComiRec (SA),0.1111111111111111,
65089,ComiRec (SA),0.4,0.0
65231,ComiRec (SA),0.0,
65360,ComiRec (SA),0.0,0.0
65372,ComiRec (SA),0.0,
65482,ComiRec (SA),0.05,
65537,ComiRec (SA),0.0,0.0
65624,ComiRec (SA),0.1176470588235294,
65688,ComiRec (SA),0.0833333333333333,0.0
65726,ComiRec (SA),0.0,
65729,ComiRec (SA),0.1666666666666666,
65861,ComiRec (SA),0.0,0.0
65904,ComiRec (SA),0.0,
65960,ComiRec (SA),0.0,
65985,ComiRec (SA),0.0833333333333333,
66193,ComiRec (SA),0.0,0.0
66209,ComiRec (SA),0.0,
66230,ComiRec (SA),0.25,
66436,ComiRec (SA),0.3333333333333333,
66499,ComiRec (SA),0.037037037037037,
66522,ComiRec (SA),0.0,0.0
66534,ComiRec (SA),0.0,
66802,ComiRec (SA),0.2352941176470588,
66851,ComiRec (SA),0.0,
66859,ComiRec (SA),0.0833333333333333,
66861,ComiRec (SA),0.1290322580645161,0.0
66961,ComiRec (SA),0.0,0.0
67045,ComiRec (SA),0.0,
67110,ComiRec (SA),0.0,
67130,ComiRec (SA),0.0,0.0
67160,ComiRec (SA),0.3333333333333333,
67167,ComiRec (SA),0.0,0.0
67172,ComiRec (SA),0.03125,0.0
67191,ComiRec (SA),0.25,
67431,ComiRec (SA),0.0,0.0
67552,ComiRec (SA),0.0,
67603,ComiRec (SA),0.4,
67696,ComiRec (SA),0.0,0.0
67709,ComiRec (SA),0.0,
67761,ComiRec (SA),0.0,
67803,ComiRec (SA),0.0,
67960,ComiRec (SA),0.0952380952380952,
68155,ComiRec (SA),0.0833333333333333,0.0
68224,ComiRec (SA),0.0,
68226,ComiRec (SA),0.0,
68236,ComiRec (SA),0.0,
68329,ComiRec (SA),0.1111111111111111,
68330,ComiRec (SA),0.4,
68377,ComiRec (SA),0.0555555555555555,
68445,ComiRec (SA),0.0,
68913,ComiRec (SA),0.0285714285714285,
68930,ComiRec (SA),0.25,
68945,ComiRec (SA),0.074074074074074,
68991,ComiRec (SA),0.0476190476190476,
69083,ComiRec (SA),0.3333333333333333,
69096,ComiRec (SA),0.0,
69145,ComiRec (SA),0.0,0.0
69327,ComiRec (SA),0.4,
69372,ComiRec (SA),0.0384615384615384,
69379,ComiRec (SA),0.0,
69421,ComiRec (SA),0.0,
69495,ComiRec (SA),0.0,
69559,ComiRec (SA),0.0833333333333333,
69580,ComiRec (SA),0.032258064516129,
69649,ComiRec (SA),0.05,
69650,ComiRec (SA),0.1,
69769,ComiRec (SA),0.2,
69917,ComiRec (SA),0.0,
69919,ComiRec (SA),0.0,0.0
69979,ComiRec (SA),0.0,
70184,ComiRec (SA),0.0,
70345,ComiRec (SA),0.0454545454545454,0.0
70458,ComiRec (SA),0.0,
70468,ComiRec (SA),0.1428571428571428,
70498,ComiRec (SA),0.0,
70532,ComiRec (SA),0.1111111111111111,
70701,ComiRec (SA),0.1153846153846153,
70718,ComiRec (SA),0.0,0.0
70846,ComiRec (SA),0.0,0.0
70898,ComiRec (SA),0.1176470588235294,
70945,ComiRec (SA),0.0,
71058,ComiRec (SA),0.0,
71304,ComiRec (SA),0.1111111111111111,
71372,ComiRec (SA),0.0,
71463,ComiRec (SA),0.0,0.0
71492,ComiRec (SA),0.0,0.0
71605,ComiRec (SA),0.0,
71616,ComiRec (SA),0.2857142857142857,
71656,ComiRec (SA),0.0,
71664,ComiRec (SA),0.1,
71691,ComiRec (SA),0.25,
71743,ComiRec (SA),0.8,
71968,ComiRec (SA),0.1111111111111111,0.0
72027,ComiRec (SA),0.1052631578947368,0.0
72029,ComiRec (SA),0.1666666666666666,
72041,ComiRec (SA),0.0,
72193,ComiRec (SA),0.05,
72318,ComiRec (SA),0.0,0.0
72390,ComiRec (SA),0.0666666666666666,
72416,ComiRec (SA),0.0,
72469,ComiRec (SA),0.0,
72620,ComiRec (SA),0.0,
72628,ComiRec (SA),0.0,
72636,ComiRec (SA),0.0,
72679,ComiRec (SA),0.0588235294117647,0.0
72699,ComiRec (SA),0.0,
72710,ComiRec (SA),0.1428571428571428,
72772,ComiRec (SA),0.2666666666666666,
72795,ComiRec (SA),0.0,
72860,ComiRec (SA),0.0,0.0
72904,ComiRec (SA),0.0,
72950,ComiRec (SA),0.0,
73122,ComiRec (SA),0.0263157894736842,0.0
73313,ComiRec (SA),0.1428571428571428,
73417,ComiRec (SA),0.125,
73671,ComiRec (SA),0.0,0.0
73740,ComiRec (SA),0.2,0.0
73847,ComiRec (SA),0.1428571428571428,
73994,ComiRec (SA),0.0294117647058823,
74068,ComiRec (SA),0.125,
74070,ComiRec (SA),0.4,
74119,ComiRec (SA),0.125,
74242,ComiRec (SA),0.0,
74559,ComiRec (SA),0.0,0.0
74604,ComiRec (SA),0.0,
74619,ComiRec (SA),0.025,
74623,ComiRec (SA),0.0,0.0
74667,ComiRec (SA),0.0,
74768,ComiRec (SA),0.2222222222222222,
74771,ComiRec (SA),0.0,
74780,ComiRec (SA),0.0,0.0
74786,ComiRec (SA),0.0,
74822,ComiRec (SA),0.0434782608695652,
74874,ComiRec (SA),0.0,0.0
74886,ComiRec (SA),0.0,0.0
75062,ComiRec (SA),0.04,0.0
75119,ComiRec (SA),0.0,
75127,ComiRec (SA),0.0285714285714285,0.0
75143,ComiRec (SA),0.25,
75192,ComiRec (SA),0.1333333333333333,
75366,ComiRec (SA),0.05,
75450,ComiRec (SA),0.0,
75548,ComiRec (SA),0.1,
75576,ComiRec (SA),0.1111111111111111,
75606,ComiRec (SA),0.0,
75698,ComiRec (SA),0.0,0.0
75834,ComiRec (SA),0.25,
75882,ComiRec (SA),0.0,
75919,ComiRec (SA),0.0285714285714285,
75961,ComiRec (SA),0.2,
76005,ComiRec (SA),0.0,
76064,ComiRec (SA),0.05,0.0
76344,ComiRec (SA),0.1428571428571428,
76393,ComiRec (SA),0.0,
76409,ComiRec (SA),0.0555555555555555,
76424,ComiRec (SA),0.0,
76449,ComiRec (SA),0.0294117647058823,0.0
76470,ComiRec (SA),0.0,0.0
76482,ComiRec (SA),0.0,0.0
76519,ComiRec (SA),0.0,
76633,ComiRec (SA),0.6,
76820,ComiRec (SA),0.1,
76885,ComiRec (SA),0.0,
76978,ComiRec (SA),0.25,
77023,ComiRec (SA),0.1111111111111111,
77083,ComiRec (SA),0.0,
77198,ComiRec (SA),0.1428571428571428,0.0
77212,ComiRec (SA),0.2222222222222222,
77275,ComiRec (SA),0.0,
77293,ComiRec (SA),0.0285714285714285,
77342,ComiRec (SA),0.3333333333333333,
77372,ComiRec (SA),0.0,
77405,ComiRec (SA),0.0,0.0
77550,ComiRec (SA),0.0,
77670,ComiRec (SA),0.0,
77743,ComiRec (SA),0.0,0.0
77791,ComiRec (SA),0.074074074074074,
77825,ComiRec (SA),0.3333333333333333,
77838,ComiRec (SA),0.0,0.0
77889,ComiRec (SA),0.0,
78074,ComiRec (SA),0.125,
78148,ComiRec (SA),0.2857142857142857,0.0
78173,ComiRec (SA),0.0,
78316,ComiRec (SA),0.1,
78428,ComiRec (SA),0.0,
78457,ComiRec (SA),0.0,0.0
78583,ComiRec (SA),0.0,
78748,ComiRec (SA),0.0,
79177,ComiRec (SA),0.0,
79262,ComiRec (SA),0.0,
79370,ComiRec (SA),0.0,0.0
79495,ComiRec (SA),0.0,
79537,ComiRec (SA),0.0625,
79651,ComiRec (SA),0.0,0.0
79679,ComiRec (SA),0.2222222222222222,
79724,ComiRec (SA),0.0769230769230769,
79740,ComiRec (SA),0.0,0.0
79860,ComiRec (SA),0.2307692307692307,
79895,ComiRec (SA),0.25,
79896,ComiRec (SA),0.0,0.0
79956,ComiRec (SA),0.0,
80071,ComiRec (SA),0.0,0.0
80217,ComiRec (SA),0.0,
80288,ComiRec (SA),0.0,
80331,ComiRec (SA),0.2857142857142857,0.0
80381,ComiRec (SA),0.125,
80387,ComiRec (SA),0.0,
80391,ComiRec (SA),0.0,
80514,ComiRec (SA),0.1818181818181818,
80560,ComiRec (SA),0.0344827586206896,
80656,ComiRec (SA),0.0,
80757,ComiRec (SA),0.0,
80768,ComiRec (SA),0.0434782608695652,
80905,ComiRec (SA),0.25,
80911,ComiRec (SA),0.0555555555555555,0.0
81060,ComiRec (SA),0.0555555555555555,
81208,ComiRec (SA),0.0,
81253,ComiRec (SA),0.0,
81337,ComiRec (SA),0.0,0.0
81351,ComiRec (SA),0.0714285714285714,
81510,ComiRec (SA),0.0,
81530,ComiRec (SA),0.0,0.0
81735,ComiRec (SA),0.0,
81891,ComiRec (SA),0.1428571428571428,
82007,ComiRec (SA),0.0625,0.0
82024,ComiRec (SA),0.4285714285714285,
82148,ComiRec (SA),0.1428571428571428,
82361,ComiRec (SA),0.0588235294117647,0.0
82381,ComiRec (SA),0.0434782608695652,
82579,ComiRec (SA),0.3333333333333333,
82655,ComiRec (SA),0.0666666666666666,0.0
82741,ComiRec (SA),0.0,
83064,ComiRec (SA),0.0,
83161,ComiRec (SA),0.0,
83169,ComiRec (SA),0.0,0.0
83249,ComiRec (SA),0.0,0.0
83259,ComiRec (SA),0.0,
83439,ComiRec (SA),0.0,
83534,ComiRec (SA),0.25,
83537,ComiRec (SA),0.5,
83549,ComiRec (SA),0.0,
83561,ComiRec (SA),0.027027027027027,
83627,ComiRec (SA),0.0,0.0
83720,ComiRec (SA),0.0,
83802,ComiRec (SA),0.0,
83824,ComiRec (SA),0.0,0.0
84092,ComiRec (SA),0.0,
84133,ComiRec (SA),0.1666666666666666,
84598,ComiRec (SA),0.1333333333333333,
84673,ComiRec (SA),0.0,0.0
84810,ComiRec (SA),0.0,
84991,ComiRec (SA),0.1904761904761904,0.0
85142,ComiRec (SA),0.0,
85211,ComiRec (SA),0.0,
85297,ComiRec (SA),0.0,
85382,ComiRec (SA),0.0,
85537,ComiRec (SA),0.0,0.0
85769,ComiRec (SA),0.0,
85842,ComiRec (SA),0.0,
85971,ComiRec (SA),0.1333333333333333,
86006,ComiRec (SA),0.0512820512820512,
86309,ComiRec (SA),0.1,
86522,ComiRec (SA),0.1176470588235294,
86819,ComiRec (SA),0.2727272727272727,
87023,ComiRec (SA),0.0285714285714285,0.0
87049,ComiRec (SA),0.037037037037037,
87241,ComiRec (SA),0.0,0.0
87331,ComiRec (SA),0.0,0.0
87348,ComiRec (SA),0.0,
87382,ComiRec (SA),0.0,
87383,ComiRec (SA),0.4,
87389,ComiRec (SA),0.0,0.0
87642,ComiRec (SA),0.0,0.0
87647,ComiRec (SA),0.0,0.0
87801,ComiRec (SA),0.25,
87877,ComiRec (SA),0.0,
87880,ComiRec (SA),0.0,
88163,ComiRec (SA),0.2727272727272727,
88224,ComiRec (SA),0.3333333333333333,
88227,ComiRec (SA),0.0384615384615384,
88236,ComiRec (SA),0.0,
88283,ComiRec (SA),0.0,
88346,ComiRec (SA),0.0,
88448,ComiRec (SA),0.0,
88461,ComiRec (SA),0.0,0.0
88544,ComiRec (SA),0.0,
88553,ComiRec (SA),0.0,
88587,ComiRec (SA),0.05,
88606,ComiRec (SA),0.0,0.0
88666,ComiRec (SA),0.25,
88704,ComiRec (SA),0.0,
88712,ComiRec (SA),0.1052631578947368,
88724,ComiRec (SA),0.0277777777777777,
88728,ComiRec (SA),0.0,
88730,ComiRec (SA),0.0,
88824,ComiRec (SA),0.1333333333333333,
88849,ComiRec (SA),0.0,
88857,ComiRec (SA),0.0,
88922,ComiRec (SA),0.074074074074074,0.0
88991,ComiRec (SA),0.0,
89181,ComiRec (SA),0.1666666666666666,
89244,ComiRec (SA),0.0,0.0
89248,ComiRec (SA),0.0714285714285714,
89351,ComiRec (SA),0.0,0.0
89384,ComiRec (SA),0.0,0.0
89556,ComiRec (SA),0.0,0.0
89571,ComiRec (SA),0.3333333333333333,
89632,ComiRec (SA),0.0555555555555555,0.0
89702,ComiRec (SA),0.0,0.0
89740,ComiRec (SA),0.0625,
89823,ComiRec (SA),0.0,0.0
89907,ComiRec (SA),0.0,
90112,ComiRec (SA),0.0344827586206896,
90125,ComiRec (SA),0.0,0.0
90336,ComiRec (SA),0.125,
90436,ComiRec (SA),0.0,
90483,ComiRec (SA),0.0,
90522,ComiRec (SA),0.0,
90533,ComiRec (SA),0.0555555555555555,
90605,ComiRec (SA),0.0689655172413793,0.0
90677,ComiRec (SA),0.25,
90745,ComiRec (SA),0.0,0.0
90781,ComiRec (SA),0.0,0.0
90793,ComiRec (SA),0.1,
90803,ComiRec (SA),0.0,
90835,ComiRec (SA),0.0,
90880,ComiRec (SA),0.0,
90989,ComiRec (SA),0.0,
91011,ComiRec (SA),0.0,
91029,ComiRec (SA),0.1666666666666666,
91100,ComiRec (SA),0.0,
91179,ComiRec (SA),0.0833333333333333,
91211,ComiRec (SA),0.0,
91301,ComiRec (SA),0.0,
91405,ComiRec (SA),0.6666666666666666,
91408,ComiRec (SA),0.0,
91612,ComiRec (SA),0.0,0.0
91676,ComiRec (SA),0.0588235294117647,
91691,ComiRec (SA),0.2,
91798,ComiRec (SA),0.0,
91941,ComiRec (SA),0.074074074074074,0.0
92101,ComiRec (SA),0.0,0.0
92272,ComiRec (SA),0.054054054054054,
92328,ComiRec (SA),0.0666666666666666,
92350,ComiRec (SA),0.0,0.0
92358,ComiRec (SA),0.0,0.0
92585,ComiRec (SA),0.0,
92608,ComiRec (SA),0.0,
92758,ComiRec (SA),0.125,
92826,ComiRec (SA),0.0,0.0
92963,ComiRec (SA),0.03125,
93077,ComiRec (SA),0.0,
93288,ComiRec (SA),0.1818181818181818,
93317,ComiRec (SA),0.0,
93532,ComiRec (SA),0.0714285714285714,
93604,ComiRec (SA),0.0769230769230769,
93622,ComiRec (SA),0.0,
93690,ComiRec (SA),0.4,
93716,ComiRec (SA),0.0,
93911,ComiRec (SA),0.0,
94034,ComiRec (SA),0.1666666666666666,
94055,ComiRec (SA),0.0,
94399,ComiRec (SA),0.0,
94515,ComiRec (SA),0.0,
94585,ComiRec (SA),0.0,
94674,ComiRec (SA),0.3636363636363636,
94676,ComiRec (SA),0.0,0.0
94692,ComiRec (SA),0.0,
94767,ComiRec (SA),0.0277777777777777,0.0
94772,ComiRec (SA),0.0,0.0
94833,ComiRec (SA),0.0,
94909,ComiRec (SA),0.0,
94965,ComiRec (SA),0.0434782608695652,0.0
95177,ComiRec (SA),0.0,0.0
95215,ComiRec (SA),0.0,
95260,ComiRec (SA),0.1,
95316,ComiRec (SA),0.0,
95368,ComiRec (SA),0.0,
95379,ComiRec (SA),0.0,
95483,ComiRec (SA),0.3333333333333333,
95635,ComiRec (SA),0.0952380952380952,
95793,ComiRec (SA),0.0,
95892,ComiRec (SA),0.0833333333333333,
95949,ComiRec (SA),0.04,
95970,ComiRec (SA),0.03125,
96039,ComiRec (SA),0.2,
96052,ComiRec (SA),0.0,
96119,ComiRec (SA),0.2,
96122,ComiRec (SA),0.0,
96251,ComiRec (SA),0.4166666666666667,
96513,ComiRec (SA),0.1666666666666666,
96542,ComiRec (SA),0.1176470588235294,
96575,ComiRec (SA),0.0833333333333333,
96614,ComiRec (SA),0.0,
96728,ComiRec (SA),0.0,0.0
96747,ComiRec (SA),0.0,
96760,ComiRec (SA),0.0277777777777777,0.0
96878,ComiRec (SA),0.0588235294117647,
96928,ComiRec (SA),0.0,0.0
96959,ComiRec (SA),0.0,0.0
97021,ComiRec (SA),0.1818181818181818,
97079,ComiRec (SA),0.0,0.0
97314,ComiRec (SA),0.2857142857142857,
97349,ComiRec (SA),0.0,
97415,ComiRec (SA),0.0,0.0
97626,ComiRec (SA),0.0,
97741,ComiRec (SA),0.0,
97824,ComiRec (SA),0.05,
97825,ComiRec (SA),0.0,
97894,ComiRec (SA),0.0476190476190476,
97969,ComiRec (SA),0.0,
98014,ComiRec (SA),0.25,
98019,ComiRec (SA),0.1764705882352941,
98061,ComiRec (SA),0.0,
98090,ComiRec (SA),0.0833333333333333,
98134,ComiRec (SA),0.0833333333333333,
98200,ComiRec (SA),0.0,
98346,ComiRec (SA),0.0,
98501,ComiRec (SA),0.0,
98579,ComiRec (SA),0.0625,
98754,ComiRec (SA),0.0,
99018,ComiRec (SA),0.3,
99225,ComiRec (SA),0.0,
99297,ComiRec (SA),0.1666666666666666,
99299,ComiRec (SA),0.1,
99473,ComiRec (SA),0.125,
99644,ComiRec (SA),0.0,
99693,ComiRec (SA),0.0476190476190476,0.0
99709,ComiRec (SA),0.0,0.0
99721,ComiRec (SA),0.0,0.0
99754,ComiRec (SA),0.0,
99768,ComiRec (SA),0.0,
99845,ComiRec (SA),0.0454545454545454,
99876,ComiRec (SA),0.0,
100128,ComiRec (SA),0.037037037037037,0.0
100143,ComiRec (SA),0.3333333333333333,
100172,ComiRec (SA),0.6666666666666666,
100240,ComiRec (SA),0.2,0.0
100262,ComiRec (SA),0.0,0.0
100334,ComiRec (SA),0.8,
100381,ComiRec (SA),0.5,
100538,ComiRec (SA),0.0,0.0
100606,ComiRec (SA),0.0,
100778,ComiRec (SA),0.0,
101252,ComiRec (SA),0.0,0.0
101271,ComiRec (SA),0.0,0.0
101312,ComiRec (SA),0.125,0.0
101578,ComiRec (SA),0.0555555555555555,
101747,ComiRec (SA),0.0,
101762,ComiRec (SA),0.064516129032258,
101884,ComiRec (SA),0.0,0.0
101906,ComiRec (SA),0.0,
101934,ComiRec (SA),0.0,
101957,ComiRec (SA),0.25,
102113,ComiRec (SA),0.0,
102150,ComiRec (SA),0.0384615384615384,
102171,ComiRec (SA),0.0,
102189,ComiRec (SA),0.0,
102216,ComiRec (SA),0.0,0.0
102369,ComiRec (SA),0.1363636363636363,
102428,ComiRec (SA),0.0,0.0
102514,ComiRec (SA),0.0,
102533,ComiRec (SA),0.125,
102817,ComiRec (SA),0.0909090909090909,0.0
102857,ComiRec (SA),0.1538461538461538,
102873,ComiRec (SA),0.0769230769230769,
102890,ComiRec (SA),0.03125,0.0
103086,ComiRec (SA),0.0,
103095,ComiRec (SA),0.125,
103164,ComiRec (SA),0.0,
103200,ComiRec (SA),0.0689655172413793,
103202,ComiRec (SA),0.0,
103343,ComiRec (SA),0.0,
103400,ComiRec (SA),0.5,
103527,ComiRec (SA),0.0909090909090909,0.0
103580,ComiRec (SA),0.0,
103625,ComiRec (SA),0.3333333333333333,
103794,ComiRec (SA),0.2857142857142857,0.0
103803,ComiRec (SA),0.0714285714285714,0.0
104097,ComiRec (SA),0.0,
104227,ComiRec (SA),0.3333333333333333,
104310,ComiRec (SA),0.0,0.0
104318,ComiRec (SA),0.1304347826086956,
104401,ComiRec (SA),0.0,
104430,ComiRec (SA),0.0625,
104502,ComiRec (SA),0.0,0.0
104532,ComiRec (SA),0.25,
104549,ComiRec (SA),0.0,
104692,ComiRec (SA),0.0,0.0
104775,ComiRec (SA),0.074074074074074,
104869,ComiRec (SA),0.4,
104904,ComiRec (SA),0.0,0.0
104911,ComiRec (SA),0.0,0.0
105015,ComiRec (SA),0.0,
105076,ComiRec (SA),0.0,
105078,ComiRec (SA),0.0,
105150,ComiRec (SA),0.1333333333333333,
105160,ComiRec (SA),0.0,
105250,ComiRec (SA),0.0,
105402,ComiRec (SA),0.0,0.0
105485,ComiRec (SA),0.1666666666666666,0.0
105524,ComiRec (SA),0.0967741935483871,0.0
105687,ComiRec (SA),0.0,
105702,ComiRec (SA),0.0,0.0
106034,ComiRec (SA),0.0,
106145,ComiRec (SA),0.0,
106202,ComiRec (SA),0.0,0.0
106244,ComiRec (SA),0.0,
106268,ComiRec (SA),0.0,
106461,ComiRec (SA),0.0555555555555555,
106478,ComiRec (SA),0.0,
106482,ComiRec (SA),0.0,
106490,ComiRec (SA),0.0,
106544,ComiRec (SA),0.2857142857142857,
106748,ComiRec (SA),0.0,
106845,ComiRec (SA),0.25,
106850,ComiRec (SA),0.0,
106851,ComiRec (SA),0.0,
106901,ComiRec (SA),0.2857142857142857,
106946,ComiRec (SA),0.0,
107112,ComiRec (SA),0.0,
107149,ComiRec (SA),0.1111111111111111,
107196,ComiRec (SA),0.15,
107214,ComiRec (SA),0.0,0.0
107425,ComiRec (SA),0.0,
107504,ComiRec (SA),0.0,
107632,ComiRec (SA),0.1388888888888889,
107647,ComiRec (SA),0.2,
107672,ComiRec (SA),0.0,
107764,ComiRec (SA),0.0,
107862,ComiRec (SA),0.0,
108098,ComiRec (SA),0.0,0.0
108154,ComiRec (SA),0.0,
108254,ComiRec (SA),0.0,0.0
108359,ComiRec (SA),0.0769230769230769,0.0
108382,ComiRec (SA),0.0,0.0
108412,ComiRec (SA),0.1,
108499,ComiRec (SA),0.125,
108529,ComiRec (SA),0.0,
108544,ComiRec (SA),0.0,0.0
108614,ComiRec (SA),0.0,0.0
108735,ComiRec (SA),0.0,
108746,ComiRec (SA),0.0,
108785,ComiRec (SA),0.1666666666666666,
108844,ComiRec (SA),0.075,
108961,ComiRec (SA),0.0909090909090909,
108999,ComiRec (SA),0.0384615384615384,
109044,ComiRec (SA),0.0,
109111,ComiRec (SA),0.5,
109163,ComiRec (SA),0.0869565217391304,0.0
109192,ComiRec (SA),0.0,
109209,ComiRec (SA),0.0,
109250,ComiRec (SA),0.0,
109373,ComiRec (SA),0.0,
109682,ComiRec (SA),0.0833333333333333,
109688,ComiRec (SA),0.5,
109694,ComiRec (SA),0.0588235294117647,
109805,ComiRec (SA),0.1111111111111111,0.0
109854,ComiRec (SA),0.0,0.0
109912,ComiRec (SA),0.0,0.0
110015,ComiRec (SA),0.0,
110033,ComiRec (SA),0.0,
110107,ComiRec (SA),0.0909090909090909,
110158,ComiRec (SA),0.1428571428571428,
110189,ComiRec (SA),0.0,0.0
110225,ComiRec (SA),0.0,
110235,ComiRec (SA),0.1111111111111111,
110284,ComiRec (SA),0.0,
110306,ComiRec (SA),0.0,
110479,ComiRec (SA),0.0,0.0
110577,ComiRec (SA),0.125,0.0
110589,ComiRec (SA),0.0,0.0
110660,ComiRec (SA),0.0,0.0
110665,ComiRec (SA),0.0,
110747,ComiRec (SA),0.25,
110911,ComiRec (SA),0.0,
110921,ComiRec (SA),0.2727272727272727,
110928,ComiRec (SA),0.0,
110996,ComiRec (SA),0.3333333333333333,
111063,ComiRec (SA),0.0,
111132,ComiRec (SA),0.1111111111111111,
111241,ComiRec (SA),0.0,
111305,ComiRec (SA),0.0,
111406,ComiRec (SA),0.1111111111111111,
111410,ComiRec (SA),0.1818181818181818,
111455,ComiRec (SA),0.0,
111478,ComiRec (SA),0.1428571428571428,
111700,ComiRec (SA),0.4,
111759,ComiRec (SA),0.25,
111885,ComiRec (SA),0.0,0.0
111919,ComiRec (SA),0.0,
111977,ComiRec (SA),0.25,
112118,ComiRec (SA),0.1111111111111111,
112133,ComiRec (SA),0.0,
112173,ComiRec (SA),0.1666666666666666,
112351,ComiRec (SA),0.0,0.0
112425,ComiRec (SA),0.0,0.0
112552,ComiRec (SA),0.1,
112573,ComiRec (SA),0.0,
112606,ComiRec (SA),0.0,
112775,ComiRec (SA),0.0909090909090909,
112794,ComiRec (SA),0.0,0.0
112903,ComiRec (SA),0.4444444444444444,
112964,ComiRec (SA),0.0714285714285714,0.0
113048,ComiRec (SA),0.0,
113073,ComiRec (SA),0.0,0.0
113093,ComiRec (SA),0.2,
113183,ComiRec (SA),0.0,0.0
113269,ComiRec (SA),0.0,0.0
113376,ComiRec (SA),0.0,
113452,ComiRec (SA),0.1428571428571428,0.0
113502,ComiRec (SA),0.0,
113520,ComiRec (SA),0.0,0.0
113524,ComiRec (SA),0.5,
113572,ComiRec (SA),0.0,
113573,ComiRec (SA),0.0,0.0
113638,ComiRec (SA),0.0,
113764,ComiRec (SA),0.75,
113927,ComiRec (SA),0.0,
114079,ComiRec (SA),0.0,
114124,ComiRec (SA),0.0,
114131,ComiRec (SA),0.0,
114387,ComiRec (SA),0.0,0.0
114462,ComiRec (SA),0.0833333333333333,0.0
114540,ComiRec (SA),0.0,
114562,ComiRec (SA),0.088235294117647,
114578,ComiRec (SA),0.0,
114675,ComiRec (SA),0.0416666666666666,
114677,ComiRec (SA),0.0,
114711,ComiRec (SA),0.0,
114728,ComiRec (SA),0.2857142857142857,
114828,ComiRec (SA),0.1428571428571428,
114846,ComiRec (SA),0.0416666666666666,
115004,ComiRec (SA),0.0,
115035,ComiRec (SA),0.0,
115078,ComiRec (SA),0.0,0.0
115297,ComiRec (SA),0.125,
115312,ComiRec (SA),0.0,
115326,ComiRec (SA),0.0,0.0
115334,ComiRec (SA),0.0,
115411,ComiRec (SA),0.0,
115585,ComiRec (SA),0.1666666666666666,0.0
115603,ComiRec (SA),0.0588235294117647,
115693,ComiRec (SA),0.0769230769230769,0.0
115750,ComiRec (SA),0.1428571428571428,
115859,ComiRec (SA),0.0,
115966,ComiRec (SA),0.0,
115996,ComiRec (SA),0.0,0.0
116045,ComiRec (SA),0.1666666666666666,0.0
116173,ComiRec (SA),0.0,
116269,ComiRec (SA),0.0,
116331,ComiRec (SA),0.3333333333333333,
116424,ComiRec (SA),0.0,
116454,ComiRec (SA),0.0,
116589,ComiRec (SA),0.4,
116754,ComiRec (SA),0.0,0.0
117086,ComiRec (SA),0.0,
117291,ComiRec (SA),0.0,
117389,ComiRec (SA),0.0,
117639,ComiRec (SA),0.2,
117810,ComiRec (SA),0.0769230769230769,
117836,ComiRec (SA),0.0,
117899,ComiRec (SA),0.0555555555555555,
118066,ComiRec (SA),0.15,
118113,ComiRec (SA),0.2857142857142857,
118183,ComiRec (SA),0.0,
118184,ComiRec (SA),0.0,0.0
118191,ComiRec (SA),0.0,
118241,ComiRec (SA),0.0,
118336,ComiRec (SA),0.0,
118362,ComiRec (SA),0.5,
118406,ComiRec (SA),0.0,0.0
118418,ComiRec (SA),0.1538461538461538,
118470,ComiRec (SA),0.032258064516129,
118574,ComiRec (SA),0.0,
118608,ComiRec (SA),0.0,
118672,ComiRec (SA),0.0,0.0
118804,ComiRec (SA),0.088235294117647,
118868,ComiRec (SA),0.2222222222222222,
119023,ComiRec (SA),0.0,0.0
119149,ComiRec (SA),0.1666666666666666,
119159,ComiRec (SA),0.0,
119219,ComiRec (SA),0.2857142857142857,
119460,ComiRec (SA),0.0476190476190476,0.0
119549,ComiRec (SA),0.0384615384615384,0.0
119807,ComiRec (SA),0.0,
119857,ComiRec (SA),0.2307692307692307,
119944,ComiRec (SA),0.0,0.0
119953,ComiRec (SA),0.1333333333333333,
120054,ComiRec (SA),0.0,
120083,ComiRec (SA),0.064516129032258,
120171,ComiRec (SA),0.0,
120255,ComiRec (SA),0.08,0.0
120386,ComiRec (SA),0.0,
120468,ComiRec (SA),0.25,
120701,ComiRec (SA),0.1176470588235294,
120821,ComiRec (SA),0.25,
120836,ComiRec (SA),0.0,0.0
120905,ComiRec (SA),0.0,0.0
121020,ComiRec (SA),0.5,
121054,ComiRec (SA),0.0,
121133,ComiRec (SA),0.0,0.0
121147,ComiRec (SA),0.0,
121223,ComiRec (SA),0.0,
121468,ComiRec (SA),0.0,0.0
121713,ComiRec (SA),0.0,
121797,ComiRec (SA),0.0714285714285714,
121891,ComiRec (SA),0.0285714285714285,0.0
121940,ComiRec (SA),0.0,
122009,ComiRec (SA),0.0833333333333333,
122071,ComiRec (SA),0.0,0.0
122094,ComiRec (SA),0.3333333333333333,0.0
122174,ComiRec (SA),0.0,0.0
122216,ComiRec (SA),0.1111111111111111,
122295,ComiRec (SA),0.0,0.0
122455,ComiRec (SA),0.0256410256410256,
122459,ComiRec (SA),0.0,
122509,ComiRec (SA),0.125,
122541,ComiRec (SA),0.0,
122662,ComiRec (SA),0.0769230769230769,0.0
122722,ComiRec (SA),0.0,
122768,ComiRec (SA),0.4,
122797,ComiRec (SA),0.0,0.0
122835,ComiRec (SA),0.074074074074074,
122915,ComiRec (SA),0.0,0.0
122921,ComiRec (SA),0.0666666666666666,
122998,ComiRec (SA),0.0,0.0
123004,ComiRec (SA),0.0,0.0
123035,ComiRec (SA),0.0,
123168,ComiRec (SA),0.1818181818181818,
123179,ComiRec (SA),0.0,
123184,ComiRec (SA),0.0344827586206896,
123257,ComiRec (SA),0.5,
123413,ComiRec (SA),0.0476190476190476,
123482,ComiRec (SA),0.0,
123494,ComiRec (SA),0.0,0.0
123529,ComiRec (SA),0.0,
123634,ComiRec (SA),0.0,
123647,ComiRec (SA),0.0,0.0
123674,ComiRec (SA),0.0,0.0
123802,ComiRec (SA),0.0,0.0
123914,ComiRec (SA),0.0,
123929,ComiRec (SA),0.1,
124020,ComiRec (SA),0.0,
124032,ComiRec (SA),0.0,0.0
124199,ComiRec (SA),0.0,
124201,ComiRec (SA),0.2,
124255,ComiRec (SA),0.1,0.0
124287,ComiRec (SA),0.0714285714285714,
124367,ComiRec (SA),0.125,
124394,ComiRec (SA),0.1,
124677,ComiRec (SA),0.5,
124781,ComiRec (SA),0.0,
124872,ComiRec (SA),0.1428571428571428,
124968,ComiRec (SA),0.0285714285714285,0.0
125001,ComiRec (SA),0.0,
125028,ComiRec (SA),0.0,
125049,ComiRec (SA),0.3333333333333333,
125064,ComiRec (SA),0.1666666666666666,
125159,ComiRec (SA),0.0,
125274,ComiRec (SA),0.1666666666666666,
125307,ComiRec (SA),0.1538461538461538,
125360,ComiRec (SA),0.0,
125403,ComiRec (SA),0.0277777777777777,0.0
125424,ComiRec (SA),0.0,0.0
125459,ComiRec (SA),0.0714285714285714,
125526,ComiRec (SA),0.0,0.0
125677,ComiRec (SA),0.0,
125724,ComiRec (SA),0.0,
125859,ComiRec (SA),0.4,
125892,ComiRec (SA),0.0,
125895,ComiRec (SA),0.0,0.0
126075,ComiRec (SA),0.0,0.0
126167,ComiRec (SA),0.0,
126308,ComiRec (SA),0.0,
126339,ComiRec (SA),0.0909090909090909,
126357,ComiRec (SA),0.0,
126549,ComiRec (SA),0.0,
126587,ComiRec (SA),0.0,
126758,ComiRec (SA),0.0,
126976,ComiRec (SA),0.0,
126986,ComiRec (SA),0.0,
127006,ComiRec (SA),0.25,
127076,ComiRec (SA),0.0,
127113,ComiRec (SA),0.0,
127320,ComiRec (SA),0.2916666666666667,
127480,ComiRec (SA),0.0,0.0
127508,ComiRec (SA),0.0,
127514,ComiRec (SA),0.0,
127557,ComiRec (SA),0.1111111111111111,
127831,ComiRec (SA),0.0,
127848,ComiRec (SA),0.0,
127942,ComiRec (SA),0.0,0.0
127959,ComiRec (SA),0.0,0.0
127991,ComiRec (SA),0.1666666666666666,
128231,ComiRec (SA),0.0,
128416,ComiRec (SA),0.0,0.0
128467,ComiRec (SA),0.2,
128597,ComiRec (SA),0.0,
128636,ComiRec (SA),0.0,
128750,ComiRec (SA),0.0,
128867,ComiRec (SA),0.0,
128954,ComiRec (SA),0.05,
129037,ComiRec (SA),0.0,
129136,ComiRec (SA),0.25,
129240,ComiRec (SA),0.0,
129253,ComiRec (SA),0.1764705882352941,
129297,ComiRec (SA),0.0,
129388,ComiRec (SA),0.1,
129446,ComiRec (SA),0.2666666666666666,
129465,ComiRec (SA),0.0625,0.0
129589,ComiRec (SA),0.25,
129827,ComiRec (SA),0.0,
129933,ComiRec (SA),0.0,
129941,ComiRec (SA),0.0,
130023,ComiRec (SA),0.0454545454545454,0.0
130166,ComiRec (SA),0.0,
130215,ComiRec (SA),0.5714285714285714,
130237,ComiRec (SA),0.0,0.0
130253,ComiRec (SA),0.0,
130307,ComiRec (SA),0.0,0.0
130444,ComiRec (SA),0.0,0.0
130709,ComiRec (SA),0.0,0.0
130819,ComiRec (SA),0.0,
130838,ComiRec (SA),0.0,0.0
130841,ComiRec (SA),0.0,
130855,ComiRec (SA),0.0,
131108,ComiRec (SA),0.1666666666666666,
131163,ComiRec (SA),0.0,
131274,ComiRec (SA),0.0,
131348,ComiRec (SA),0.2857142857142857,
131445,ComiRec (SA),0.5,
131447,ComiRec (SA),0.0,
131558,ComiRec (SA),0.0571428571428571,0.0
131695,ComiRec (SA),0.0,
131774,ComiRec (SA),0.0263157894736842,0.0
131832,ComiRec (SA),0.0,
132102,ComiRec (SA),0.0,0.0
132135,ComiRec (SA),0.0,0.0
132154,ComiRec (SA),0.0,
132208,ComiRec (SA),0.2222222222222222,
132215,ComiRec (SA),0.0,
132277,ComiRec (SA),0.0,
132351,ComiRec (SA),0.0,
132406,ComiRec (SA),0.0952380952380952,
132510,ComiRec (SA),0.0,
132514,ComiRec (SA),0.1176470588235294,
132522,ComiRec (SA),0.0,0.0
132557,ComiRec (SA),0.0,
132608,ComiRec (SA),0.1111111111111111,0.0
132612,ComiRec (SA),0.0,
132681,ComiRec (SA),0.2,
132770,ComiRec (SA),0.0,0.0
132801,ComiRec (SA),0.125,
132992,ComiRec (SA),0.2857142857142857,
133212,ComiRec (SA),0.125,
133215,ComiRec (SA),0.0909090909090909,0.0
133272,ComiRec (SA),0.0344827586206896,
133320,ComiRec (SA),0.0,0.0
133677,ComiRec (SA),0.0,
133789,ComiRec (SA),0.0,0.0
133909,ComiRec (SA),0.3333333333333333,
134070,ComiRec (SA),0.0,
134161,ComiRec (SA),0.0,
134250,ComiRec (SA),0.1666666666666666,
134464,ComiRec (SA),0.0,
134605,ComiRec (SA),0.0,
134818,ComiRec (SA),0.0,
134821,ComiRec (SA),0.0,
134853,ComiRec (SA),0.2,
134965,ComiRec (SA),0.375,
135028,ComiRec (SA),0.0,0.0
135077,ComiRec (SA),0.2,
135112,ComiRec (SA),0.0416666666666666,
135124,ComiRec (SA),0.074074074074074,
135348,ComiRec (SA),0.0,
135400,ComiRec (SA),0.0,
135406,ComiRec (SA),0.0,0.0
135486,ComiRec (SA),0.2,0.0
135522,ComiRec (SA),0.0714285714285714,0.0
135659,ComiRec (SA),0.1111111111111111,
135806,ComiRec (SA),0.0,
136139,ComiRec (SA),0.0,0.0
136252,ComiRec (SA),0.125,
136260,ComiRec (SA),0.0,
136364,ComiRec (SA),0.0555555555555555,0.0
136430,ComiRec (SA),0.1,
136445,ComiRec (SA),0.0,
136471,ComiRec (SA),0.0,0.0
136628,ComiRec (SA),0.75,
136669,ComiRec (SA),0.3333333333333333,
136706,ComiRec (SA),0.0,0.0
136789,ComiRec (SA),0.0833333333333333,
136823,ComiRec (SA),0.0,
136838,ComiRec (SA),0.0,
136968,ComiRec (SA),0.0,0.0
136973,ComiRec (SA),0.0,
136976,ComiRec (SA),0.0,0.0
137033,ComiRec (SA),0.1,
137117,ComiRec (SA),0.0,
137136,ComiRec (SA),0.0,
137172,ComiRec (SA),0.0,
137314,ComiRec (SA),0.0,
137351,ComiRec (SA),0.0,
137361,ComiRec (SA),0.0,
137592,ComiRec (SA),0.0,0.0
137736,ComiRec (SA),0.6,
137884,ComiRec (SA),0.0,
137982,ComiRec (SA),0.0,
138080,ComiRec (SA),0.0,
138230,ComiRec (SA),0.8,
138271,ComiRec (SA),0.0,
138467,ComiRec (SA),0.0,0.0
138598,ComiRec (SA),0.0,0.0
138818,ComiRec (SA),0.0,
138862,ComiRec (SA),0.0,
138931,ComiRec (SA),0.0,
138986,ComiRec (SA),0.025,
139221,ComiRec (SA),0.0476190476190476,
139309,ComiRec (SA),0.0,
139312,ComiRec (SA),0.1111111111111111,
139363,ComiRec (SA),0.0,
139417,ComiRec (SA),0.0769230769230769,0.0
139569,ComiRec (SA),0.0625,
139596,ComiRec (SA),0.6666666666666666,
139679,ComiRec (SA),0.0,0.0
139783,ComiRec (SA),0.2857142857142857,
139847,ComiRec (SA),0.25,
139915,ComiRec (SA),0.0,
139923,ComiRec (SA),0.0833333333333333,
140019,ComiRec (SA),0.0357142857142857,0.0
140080,ComiRec (SA),0.088235294117647,0.0
140113,ComiRec (SA),0.6,
140175,ComiRec (SA),0.0,
140194,ComiRec (SA),0.0,0.0
140356,ComiRec (SA),0.0,
140497,ComiRec (SA),0.0,
140520,ComiRec (SA),0.125,
140597,ComiRec (SA),0.0256410256410256,0.0
140604,ComiRec (SA),0.0,
140719,ComiRec (SA),0.1818181818181818,0.0
140880,ComiRec (SA),0.125,
141012,ComiRec (SA),0.0,0.0
141130,ComiRec (SA),0.0,0.0
141174,ComiRec (SA),0.0,0.0
141178,ComiRec (SA),0.0,
141262,ComiRec (SA),0.0588235294117647,0.0
141266,ComiRec (SA),0.0,
141310,ComiRec (SA),0.0833333333333333,0.0
141323,ComiRec (SA),0.1428571428571428,
141352,ComiRec (SA),0.0571428571428571,0.0
141365,ComiRec (SA),0.1428571428571428,
141415,ComiRec (SA),0.0,0.0
141456,ComiRec (SA),0.4,
141479,ComiRec (SA),0.0,
141508,ComiRec (SA),0.0,
141512,ComiRec (SA),0.0,
141514,ComiRec (SA),0.2,
141527,ComiRec (SA),0.0,0.0
141866,ComiRec (SA),0.1578947368421052,
141895,ComiRec (SA),0.0,0.0
141902,ComiRec (SA),0.0,
141949,ComiRec (SA),0.0,
141988,ComiRec (SA),0.0588235294117647,
141994,ComiRec (SA),0.0,0.0
142037,ComiRec (SA),0.375,
142058,ComiRec (SA),0.03125,0.0
142086,ComiRec (SA),0.0714285714285714,
142291,ComiRec (SA),0.0588235294117647,
142350,ComiRec (SA),0.0344827586206896,
142612,ComiRec (SA),0.0,
142743,ComiRec (SA),0.0,
142759,ComiRec (SA),0.1666666666666666,
142800,ComiRec (SA),0.0,0.0
142816,ComiRec (SA),0.0,0.0
142937,ComiRec (SA),0.0,
142957,ComiRec (SA),0.0,0.0
143010,ComiRec (SA),0.0,
143024,ComiRec (SA),0.0,
143089,ComiRec (SA),0.0,
143227,ComiRec (SA),0.25,
143263,ComiRec (SA),0.0,0.0
143270,ComiRec (SA),0.0,
143294,ComiRec (SA),0.1034482758620689,0.0
143320,ComiRec (SA),0.0,
143558,ComiRec (SA),0.0,
143613,ComiRec (SA),0.0909090909090909,
143652,ComiRec (SA),0.0,
143851,ComiRec (SA),0.0,
143928,ComiRec (SA),0.0,
143944,ComiRec (SA),0.125,
144034,ComiRec (SA),0.0,
144176,ComiRec (SA),0.0,0.0
144194,ComiRec (SA),0.0,
144285,ComiRec (SA),0.0,0.0
144378,ComiRec (SA),0.0,
144389,ComiRec (SA),0.0,0.0
144444,ComiRec (SA),0.1052631578947368,
144526,ComiRec (SA),0.0,
144565,ComiRec (SA),0.0,
144616,ComiRec (SA),0.0,
144645,ComiRec (SA),0.5,
144652,ComiRec (SA),0.0,0.0
144737,ComiRec (SA),0.0,
144777,ComiRec (SA),0.0,
144900,ComiRec (SA),0.0,0.0
145019,ComiRec (SA),0.0454545454545454,
145194,ComiRec (SA),0.0588235294117647,
145219,ComiRec (SA),0.0,
145293,ComiRec (SA),0.0555555555555555,
145309,ComiRec (SA),0.0,
145409,ComiRec (SA),0.0714285714285714,0.0
145416,ComiRec (SA),0.3333333333333333,
145418,ComiRec (SA),0.0,
145527,ComiRec (SA),0.4,
145722,ComiRec (SA),0.0,0.0
145748,ComiRec (SA),0.0,
146057,ComiRec (SA),0.0,0.0
146108,ComiRec (SA),0.0,
146202,ComiRec (SA),0.0303030303030303,0.0
146387,ComiRec (SA),0.0909090909090909,
146413,ComiRec (SA),0.2,
146425,ComiRec (SA),0.0,
146485,ComiRec (SA),0.0,
146511,ComiRec (SA),0.0,
146593,ComiRec (SA),0.0909090909090909,
146665,ComiRec (SA),0.0,0.0
147351,ComiRec (SA),0.4,
147450,ComiRec (SA),0.0,
147452,ComiRec (SA),0.0833333333333333,
147621,ComiRec (SA),0.05,
147623,ComiRec (SA),0.0,0.0
147632,ComiRec (SA),0.0,0.0
147717,ComiRec (SA),0.1818181818181818,0.0
147733,ComiRec (SA),0.0,
147803,ComiRec (SA),0.0714285714285714,0.0
147992,ComiRec (SA),0.0,0.0
147997,ComiRec (SA),0.0256410256410256,
148086,ComiRec (SA),0.0277777777777777,0.0
148214,ComiRec (SA),0.0,
148273,ComiRec (SA),0.0869565217391304,0.0
148296,ComiRec (SA),0.0,0.0
148372,ComiRec (SA),0.0,
148375,ComiRec (SA),0.1428571428571428,0.0
148465,ComiRec (SA),0.2222222222222222,
148503,ComiRec (SA),0.1538461538461538,
148622,ComiRec (SA),0.0,
148700,ComiRec (SA),0.0,
148714,ComiRec (SA),0.3333333333333333,
148957,ComiRec (SA),0.0,
148969,ComiRec (SA),0.0,
149154,ComiRec (SA),0.2,
149176,ComiRec (SA),0.0277777777777777,
149214,ComiRec (SA),0.0,
149228,ComiRec (SA),0.0,0.0
149375,ComiRec (SA),0.25,
149415,ComiRec (SA),0.1428571428571428,
149541,ComiRec (SA),0.0,
149571,ComiRec (SA),0.0,
149907,ComiRec (SA),0.0,
149940,ComiRec (SA),0.0,0.0
149955,ComiRec (SA),0.0,
149987,ComiRec (SA),0.0303030303030303,0.0
150038,ComiRec (SA),0.0526315789473684,
150045,ComiRec (SA),0.1111111111111111,
150138,ComiRec (SA),0.0769230769230769,
150217,ComiRec (SA),0.0,
150339,ComiRec (SA),0.0,
150481,ComiRec (SA),0.0,
150708,ComiRec (SA),0.0,
150868,ComiRec (SA),0.0,
150876,ComiRec (SA),0.0,0.0
151016,ComiRec (SA),0.037037037037037,
151045,ComiRec (SA),0.0833333333333333,
151057,ComiRec (SA),0.0,
151248,ComiRec (SA),0.0,
151277,ComiRec (SA),0.4,
151317,ComiRec (SA),0.0,
151429,ComiRec (SA),0.0909090909090909,0.0
151504,ComiRec (SA),0.1875,
151524,ComiRec (SA),0.2,
151655,ComiRec (SA),0.0,
151759,ComiRec (SA),0.0,0.0
151855,ComiRec (SA),0.0285714285714285,
152007,ComiRec (SA),0.1428571428571428,
152037,ComiRec (SA),0.0,0.0
152065,ComiRec (SA),0.0689655172413793,
152167,ComiRec (SA),0.0,
152190,ComiRec (SA),0.25,
152384,ComiRec (SA),0.0625,
152586,ComiRec (SA),0.0526315789473684,
152591,ComiRec (SA),0.0,
152609,ComiRec (SA),0.0,
152619,ComiRec (SA),0.0,0.0
152756,ComiRec (SA),0.2,
152911,ComiRec (SA),0.0,
153061,ComiRec (SA),0.0,0.0
153213,ComiRec (SA),0.0,
153244,ComiRec (SA),0.25,
153284,ComiRec (SA),0.0357142857142857,
153310,ComiRec (SA),0.3333333333333333,
153378,ComiRec (SA),0.0,
153466,ComiRec (SA),0.0714285714285714,
153525,ComiRec (SA),0.125,
153537,ComiRec (SA),0.6,
153664,ComiRec (SA),0.1111111111111111,
153704,ComiRec (SA),0.0,
153859,ComiRec (SA),0.0,
154232,ComiRec (SA),0.0,
154252,ComiRec (SA),0.0769230769230769,
154281,ComiRec (SA),0.0,
154445,ComiRec (SA),0.0,
154448,ComiRec (SA),0.0,
154460,ComiRec (SA),0.2857142857142857,
154578,ComiRec (SA),0.1176470588235294,
154641,ComiRec (SA),0.1428571428571428,
154661,ComiRec (SA),0.0,0.0
154810,ComiRec (SA),0.0333333333333333,0.0
154848,ComiRec (SA),0.25,
154857,ComiRec (SA),0.0,0.0
154888,ComiRec (SA),0.0,
154932,ComiRec (SA),0.0,
155080,ComiRec (SA),0.0,
155096,ComiRec (SA),0.0,
155248,ComiRec (SA),0.0666666666666666,
155272,ComiRec (SA),0.0,0.0
155280,ComiRec (SA),0.1818181818181818,
155394,ComiRec (SA),0.0,
155410,ComiRec (SA),0.3333333333333333,
155440,ComiRec (SA),0.5,
155540,ComiRec (SA),0.0,
155555,ComiRec (SA),0.0,
155574,ComiRec (SA),0.1666666666666666,
155660,ComiRec (SA),0.0,
155686,ComiRec (SA),0.0,
155733,ComiRec (SA),0.0,
155869,ComiRec (SA),0.0,
155888,ComiRec (SA),0.125,
155904,ComiRec (SA),0.2142857142857142,
155945,ComiRec (SA),0.0,
155986,ComiRec (SA),0.037037037037037,0.0
156056,ComiRec (SA),0.1428571428571428,
156140,ComiRec (SA),0.0,
156176,ComiRec (SA),0.0909090909090909,
156191,ComiRec (SA),0.0,
156238,ComiRec (SA),0.0,
156288,ComiRec (SA),0.0,
156360,ComiRec (SA),0.0285714285714285,0.0
156374,ComiRec (SA),0.2857142857142857,
156613,ComiRec (SA),0.0,
156624,ComiRec (SA),0.125,
156678,ComiRec (SA),0.25,
156727,ComiRec (SA),0.2857142857142857,
157224,ComiRec (SA),0.0,
157235,ComiRec (SA),0.0,0.0
157239,ComiRec (SA),0.1333333333333333,
157342,ComiRec (SA),0.0,
157374,ComiRec (SA),0.0,
157660,ComiRec (SA),0.0,
157705,ComiRec (SA),0.0,0.0
157824,ComiRec (SA),0.0,0.0
157825,ComiRec (SA),0.0,
158010,ComiRec (SA),0.0,
158032,ComiRec (SA),0.25,
158125,ComiRec (SA),0.1,
158183,ComiRec (SA),0.0,
158320,ComiRec (SA),0.1666666666666666,
158421,ComiRec (SA),0.0,0.0
158477,ComiRec (SA),0.0,0.0
158494,ComiRec (SA),0.0,0.0
158572,ComiRec (SA),0.0,
158594,ComiRec (SA),0.05,
158597,ComiRec (SA),0.125,
158769,ComiRec (SA),0.25,
158837,ComiRec (SA),0.1052631578947368,0.0
158897,ComiRec (SA),0.0833333333333333,0.0
158914,ComiRec (SA),0.0,0.0
159047,ComiRec (SA),0.1818181818181818,
159131,ComiRec (SA),0.0,
159175,ComiRec (SA),0.0,0.0
159183,ComiRec (SA),0.0,0.0
159211,ComiRec (SA),0.0,
159336,ComiRec (SA),0.15,
159371,ComiRec (SA),0.0909090909090909,
159407,ComiRec (SA),0.0,
159529,ComiRec (SA),0.0,0.0
159531,ComiRec (SA),0.0,
159589,ComiRec (SA),0.0,0.0
159658,ComiRec (SA),0.0,0.0
159714,ComiRec (SA),0.4285714285714285,
159870,ComiRec (SA),0.0333333333333333,
159876,ComiRec (SA),0.0,
159957,ComiRec (SA),0.0,
159992,ComiRec (SA),0.0555555555555555,
160063,ComiRec (SA),0.1666666666666666,
160385,ComiRec (SA),0.0,
160452,ComiRec (SA),0.0,
160650,ComiRec (SA),0.0,
160664,ComiRec (SA),0.0,0.0
160670,ComiRec (SA),0.0,
160718,ComiRec (SA),0.0,0.0
160960,ComiRec (SA),0.0,
160982,ComiRec (SA),0.1538461538461538,
161030,ComiRec (SA),0.0,
161073,ComiRec (SA),0.0,
161116,ComiRec (SA),0.1875,
161123,ComiRec (SA),0.0,
161129,ComiRec (SA),0.0,
161149,ComiRec (SA),0.0967741935483871,
161183,ComiRec (SA),0.0,
161558,ComiRec (SA),0.1111111111111111,
161609,ComiRec (SA),0.1666666666666666,
161610,ComiRec (SA),0.2,
161622,ComiRec (SA),0.0909090909090909,
161657,ComiRec (SA),0.6666666666666666,
161669,ComiRec (SA),0.0,
161835,ComiRec (SA),0.0,0.0
161851,ComiRec (SA),0.0,
161855,ComiRec (SA),0.0,
162164,ComiRec (SA),0.3076923076923077,
162229,ComiRec (SA),0.0,
162272,ComiRec (SA),0.0,0.0
162310,ComiRec (SA),0.0,
162356,ComiRec (SA),0.2857142857142857,
162423,ComiRec (SA),0.0,
