user_id,system,recall@10,long_tail_recall@10
86,Random,0.0,
86,Popularity,0.0,
86,CF (ItemKNN),0.0,
86,Content (Avg Emb),0.0,
86,Last-Item,0.0,
86,Avg-Last-10,0.0,
86,Recency-Weighted,0.0,
86,Essence (K=15),0.0,
115,Random,0.0,
115,Popularity,0.0,
115,CF (ItemKNN),0.0,
115,Content (Avg Emb),0.0,
115,Last-Item,0.0,
115,Avg-Last-10,0.0,
115,Recency-Weighted,0.0,
115,Essence (K=15),0.0,
195,Random,0.0,0.0
195,Popularity,0.0,0.0
195,CF (ItemKNN),0.2,0.0
195,Content (Avg Emb),0.0,0.0
195,Last-Item,0.05,0.0
195,Avg-Last-10,0.0,0.0
195,Recency-Weighted,0.0,0.0
195,Essence (K=15),0.0,0.0
272,Random,0.0,0.0
272,Popularity,0.0,0.0
272,CF (ItemKNN),0.0,0.0
272,Content (Avg Emb),0.1111111111111111,0.0
272,Last-Item,0.1111111111111111,0.0
272,Avg-Last-10,0.0,0.0
272,Recency-Weighted,0.0,0.0
272,Essence (K=15),0.0,0.0
339,Random,0.0,
339,Popularity,0.2,
339,CF (ItemKNN),0.2,
339,Content (Avg Emb),0.0,
339,Last-Item,0.0,
339,Avg-Last-10,0.0,
339,Recency-Weighted,0.0,
339,Essence (K=15),0.0,
392,Random,0.0,
392,Popularity,0.0,
392,CF (ItemKNN),0.0,
392,Content (Avg Emb),0.0,
392,Last-Item,0.14285714285714285,
392,Avg-Last-10,0.0,
392,Recency-Weighted,0.14285714285714285,
392,Essence (K=15),0.14285714285714285,
410,Random,0.0,0.0
410,Popularity,0.045454545454545456,0.0
410,CF (ItemKNN),0.09090909090909091,0.0
410,Content (Avg Emb),0.0,0.0
410,Last-Item,0.0,0.0
410,Avg-Last-10,0.0,0.0
410,Recency-Weighted,0.0,0.0
410,Essence (K=15),0.0,0.0
773,Random,0.0,
773,Popularity,0.16666666666666666,
773,CF (ItemKNN),0.0,
773,Content (Avg Emb),0.0,
773,Last-Item,0.0,
773,Avg-Last-10,0.0,
773,Recency-Weighted,0.0,
773,Essence (K=15),0.0,
931,Random,0.0,
931,Popularity,0.0,
931,CF (ItemKNN),0.8333333333333334,
931,Content (Avg Emb),0.0,
931,Last-Item,0.0,
931,Avg-Last-10,0.0,
931,Recency-Weighted,0.0,
931,Essence (K=15),0.0,
989,Random,0.0,
989,Popularity,0.0,
989,CF (ItemKNN),0.0,
989,Content (Avg Emb),0.0,
989,Last-Item,0.0,
989,Avg-Last-10,0.0,
989,Recency-Weighted,0.0,
989,Essence (K=15),0.0,
1125,Random,0.0,
1125,Popularity,0.0,
1125,CF (ItemKNN),0.0,
1125,Content (Avg Emb),0.0,
1125,Last-Item,0.0,
1125,Avg-Last-10,0.0,
1125,Recency-Weighted,0.0,
1125,Essence (K=15),0.0,
1135,Random,0.0,
1135,Popularity,0.0,
1135,CF (ItemKNN),0.0,
1135,Content (Avg Emb),0.0,
1135,Last-Item,0.0,
1135,Avg-Last-10,0.0,
1135,Recency-Weighted,0.0,
1135,Essence (K=15),0.0,
1167,Random,0.0,0.0
1167,Popularity,0.0,0.0
1167,CF (ItemKNN),0.030303030303030304,0.0
1167,Content (Avg Emb),0.030303030303030304,0.0
1167,Last-Item,0.0,0.0
1167,Avg-Last-10,0.0,0.0
1167,Recency-Weighted,0.0,0.0
1167,Essence (K=15),0.0,0.0
1235,Random,0.0,
1235,Popularity,0.0,
1235,CF (ItemKNN),0.08333333333333333,
1235,Content (Avg Emb),0.0,
1235,Last-Item,0.0,
1235,Avg-Last-10,0.0,
1235,Recency-Weighted,0.0,
1235,Essence (K=15),0.0,
1238,Random,0.0,0.0
1238,Popularity,0.03333333333333333,0.0
1238,CF (ItemKNN),0.03333333333333333,0.0
1238,Content (Avg Emb),0.0,0.0
1238,Last-Item,0.03333333333333333,0.0
1238,Avg-Last-10,0.0,0.0
1238,Recency-Weighted,0.0,0.0
1238,Essence (K=15),0.0,0.0
1449,Random,0.0,
1449,Popularity,0.08333333333333333,
1449,CF (ItemKNN),0.08333333333333333,
1449,Content (Avg Emb),0.0,
1449,Last-Item,0.0,
1449,Avg-Last-10,0.0,
1449,Recency-Weighted,0.0,
1449,Essence (K=15),0.0,
1465,Random,0.0,0.0
1465,Popularity,0.0,0.0
1465,CF (ItemKNN),0.1875,0.0
1465,Content (Avg Emb),0.0,0.0
1465,Last-Item,0.0,0.0
1465,Avg-Last-10,0.0,0.0
1465,Recency-Weighted,0.0,0.0
1465,Essence (K=15),0.0,0.0
1624,Random,0.0,0.0
1624,Popularity,0.0,0.0
1624,CF (ItemKNN),0.0,0.0
1624,Content (Avg Emb),0.0,0.0
1624,Last-Item,0.0,0.0
1624,Avg-Last-10,0.0,0.0
1624,Recency-Weighted,0.0,0.0
1624,Essence (K=15),0.034482758620689655,0.0
1647,Random,0.0,0.0
1647,Popularity,0.0,0.0
1647,CF (ItemKNN),0.0,0.0
1647,Content (Avg Emb),0.0,0.0
1647,Last-Item,0.0,0.0
1647,Avg-Last-10,0.0,0.0
1647,Recency-Weighted,0.0,0.0
1647,Essence (K=15),0.0,0.0
1690,Random,0.0,
1690,Popularity,0.0,
1690,CF (ItemKNN),0.0,
1690,Content (Avg Emb),0.0,
1690,Last-Item,0.0,
1690,Avg-Last-10,0.0,
1690,Recency-Weighted,0.0,
1690,Essence (K=15),0.0,
1698,Random,0.0,
1698,Popularity,0.0,
1698,CF (ItemKNN),0.0,
1698,Content (Avg Emb),0.0,
1698,Last-Item,0.0,
1698,Avg-Last-10,0.0,
1698,Recency-Weighted,0.0,
1698,Essence (K=15),0.0,
1755,Random,0.058823529411764705,0.0
1755,Popularity,0.0,0.0
1755,CF (ItemKNN),0.0,0.0
1755,Content (Avg Emb),0.0,0.0
1755,Last-Item,0.058823529411764705,0.0
1755,Avg-Last-10,0.0,0.0
1755,Recency-Weighted,0.0,0.0
1755,Essence (K=15),0.0,0.0
1774,Random,0.0,
1774,Popularity,0.0,
1774,CF (ItemKNN),0.125,
1774,Content (Avg Emb),0.0,
1774,Last-Item,0.0,
1774,Avg-Last-10,0.0,
1774,Recency-Weighted,0.0,
1774,Essence (K=15),0.0,
1798,Random,0.0,0.0
1798,Popularity,0.0,0.0
1798,CF (ItemKNN),0.0,0.0
1798,Content (Avg Emb),0.0,0.0
1798,Last-Item,0.0,0.0
1798,Avg-Last-10,0.0,0.0
1798,Recency-Weighted,0.0,0.0
1798,Essence (K=15),0.0,0.0
1812,Random,0.0,0.0
1812,Popularity,0.06896551724137931,0.0
1812,CF (ItemKNN),0.10344827586206896,0.0
1812,Content (Avg Emb),0.0,0.0
1812,Last-Item,0.034482758620689655,0.0
1812,Avg-Last-10,0.0,0.0
1812,Recency-Weighted,0.0,0.0
1812,Essence (K=15),0.06896551724137931,0.0
1862,Random,0.0,0.0
1862,Popularity,0.0,0.0
1862,CF (ItemKNN),0.0,0.0
1862,Content (Avg Emb),0.0,0.0
1862,Last-Item,0.0,0.0
1862,Avg-Last-10,0.0,0.0
1862,Recency-Weighted,0.0,0.0
1862,Essence (K=15),0.0,0.0
1872,Random,0.0,
1872,Popularity,0.09090909090909091,
1872,CF (ItemKNN),0.09090909090909091,
1872,Content (Avg Emb),0.0,
1872,Last-Item,0.0,
1872,Avg-Last-10,0.0,
1872,Recency-Weighted,0.0,
1872,Essence (K=15),0.0,
2023,Random,0.0,
2023,Popularity,0.08695652173913043,
2023,CF (ItemKNN),0.043478260869565216,
2023,Content (Avg Emb),0.0,
2023,Last-Item,0.0,
2023,Avg-Last-10,0.0,
2023,Recency-Weighted,0.0,
2023,Essence (K=15),0.0,
2045,Random,0.0,
2045,Popularity,0.0,
2045,CF (ItemKNN),0.0,
2045,Content (Avg Emb),0.04,
2045,Last-Item,0.0,
2045,Avg-Last-10,0.04,
2045,Recency-Weighted,0.04,
2045,Essence (K=15),0.0,
2130,Random,0.0,
2130,Popularity,0.0,
2130,CF (ItemKNN),0.0,
2130,Content (Avg Emb),0.0,
2130,Last-Item,0.0,
2130,Avg-Last-10,0.0,
2130,Recency-Weighted,0.0,
2130,Essence (K=15),0.0,
2134,Random,0.0,0.0
2134,Popularity,0.06896551724137931,0.0
2134,CF (ItemKNN),0.13793103448275862,0.0
2134,Content (Avg Emb),0.0,0.0
2134,Last-Item,0.0,0.0
2134,Avg-Last-10,0.0,0.0
2134,Recency-Weighted,0.0,0.0
2134,Essence (K=15),0.0,0.0
2285,Random,0.0,
2285,Popularity,0.4,
2285,CF (ItemKNN),0.6,
2285,Content (Avg Emb),0.0,
2285,Last-Item,0.0,
2285,Avg-Last-10,0.0,
2285,Recency-Weighted,0.0,
2285,Essence (K=15),0.0,
2376,Random,0.0,
2376,Popularity,0.14285714285714285,
2376,CF (ItemKNN),0.0,
2376,Content (Avg Emb),0.0,
2376,Last-Item,0.0,
2376,Avg-Last-10,0.0,
2376,Recency-Weighted,0.0,
2376,Essence (K=15),0.0,
2393,Random,0.0,
2393,Popularity,0.0,
2393,CF (ItemKNN),0.043478260869565216,
2393,Content (Avg Emb),0.0,
2393,Last-Item,0.0,
2393,Avg-Last-10,0.0,
2393,Recency-Weighted,0.0,
2393,Essence (K=15),0.0,
2497,Random,0.0,
2497,Popularity,0.047619047619047616,
2497,CF (ItemKNN),0.047619047619047616,
2497,Content (Avg Emb),0.0,
2497,Last-Item,0.0,
2497,Avg-Last-10,0.0,
2497,Recency-Weighted,0.0,
2497,Essence (K=15),0.0,
2505,Random,0.0,
2505,Popularity,0.05555555555555555,
2505,CF (ItemKNN),0.1111111111111111,
2505,Content (Avg Emb),0.0,
2505,Last-Item,0.0,
2505,Avg-Last-10,0.0,
2505,Recency-Weighted,0.0,
2505,Essence (K=15),0.0,
2666,Random,0.0,
2666,Popularity,0.3333333333333333,
2666,CF (ItemKNN),0.16666666666666666,
2666,Content (Avg Emb),0.0,
2666,Last-Item,0.0,
2666,Avg-Last-10,0.0,
2666,Recency-Weighted,0.0,
2666,Essence (K=15),0.0,
2713,Random,0.0,
2713,Popularity,0.07692307692307693,
2713,CF (ItemKNN),0.15384615384615385,
2713,Content (Avg Emb),0.0,
2713,Last-Item,0.038461538461538464,
2713,Avg-Last-10,0.038461538461538464,
2713,Recency-Weighted,0.038461538461538464,
2713,Essence (K=15),0.038461538461538464,
2742,Random,0.0,
2742,Popularity,0.0,
2742,CF (ItemKNN),0.0,
2742,Content (Avg Emb),0.0,
2742,Last-Item,0.25,
2742,Avg-Last-10,0.0,
2742,Recency-Weighted,0.0,
2742,Essence (K=15),0.0,
2781,Random,0.0,
2781,Popularity,0.1,
2781,CF (ItemKNN),0.05,
2781,Content (Avg Emb),0.0,
2781,Last-Item,0.05,
2781,Avg-Last-10,0.0,
2781,Recency-Weighted,0.0,
2781,Essence (K=15),0.0,
2793,Random,0.0,
2793,Popularity,0.0,
2793,CF (ItemKNN),0.0,
2793,Content (Avg Emb),0.0,
2793,Last-Item,0.0,
2793,Avg-Last-10,0.0,
2793,Recency-Weighted,0.0,
2793,Essence (K=15),0.0,
2825,Random,0.0,
2825,Popularity,0.0,
2825,CF (ItemKNN),0.0,
2825,Content (Avg Emb),0.0,
2825,Last-Item,0.0,
2825,Avg-Last-10,0.07692307692307693,
2825,Recency-Weighted,0.07692307692307693,
2825,Essence (K=15),0.0,
3005,Random,0.0,0.0
3005,Popularity,0.12903225806451613,0.0
3005,CF (ItemKNN),0.22580645161290322,0.0
3005,Content (Avg Emb),0.0,0.0
3005,Last-Item,0.06451612903225806,0.0
3005,Avg-Last-10,0.0,0.0
3005,Recency-Weighted,0.0,0.0
3005,Essence (K=15),0.0,0.0
3066,Random,0.0,
3066,Popularity,0.02631578947368421,
3066,CF (ItemKNN),0.05263157894736842,
3066,Content (Avg Emb),0.0,
3066,Last-Item,0.02631578947368421,
3066,Avg-Last-10,0.0,
3066,Recency-Weighted,0.0,
3066,Essence (K=15),0.0,
3109,Random,0.0,
3109,Popularity,0.0,
3109,CF (ItemKNN),0.0,
3109,Content (Avg Emb),0.0,
3109,Last-Item,0.0,
3109,Avg-Last-10,0.0,
3109,Recency-Weighted,0.0,
3109,Essence (K=15),0.0,
3149,Random,0.0,
3149,Popularity,0.0,
3149,CF (ItemKNN),0.2,
3149,Content (Avg Emb),0.0,
3149,Last-Item,0.0,
3149,Avg-Last-10,0.0,
3149,Recency-Weighted,0.0,
3149,Essence (K=15),0.0,
3191,Random,0.0,0.0
3191,Popularity,0.0,0.0
3191,CF (ItemKNN),0.0,0.0
3191,Content (Avg Emb),0.0,0.0
3191,Last-Item,0.0,0.0
3191,Avg-Last-10,0.0,0.0
3191,Recency-Weighted,0.0,0.0
3191,Essence (K=15),0.0,0.0
3212,Random,0.0,
3212,Popularity,0.0,
3212,CF (ItemKNN),0.15,
3212,Content (Avg Emb),0.0,
3212,Last-Item,0.0,
3212,Avg-Last-10,0.0,
3212,Recency-Weighted,0.0,
3212,Essence (K=15),0.0,
3229,Random,0.0,0.0
3229,Popularity,0.0,0.0
3229,CF (ItemKNN),0.0,0.0
3229,Content (Avg Emb),0.0,0.0
3229,Last-Item,0.0,0.0
3229,Avg-Last-10,0.0,0.0
3229,Recency-Weighted,0.0,0.0
3229,Essence (K=15),0.0,0.0
3262,Random,0.0,
3262,Popularity,0.0,
3262,CF (ItemKNN),0.0,
3262,Content (Avg Emb),0.0,
3262,Last-Item,0.0,
3262,Avg-Last-10,0.0,
3262,Recency-Weighted,0.0,
3262,Essence (K=15),0.0,
3282,Random,0.0,
3282,Popularity,0.14285714285714285,
3282,CF (ItemKNN),0.42857142857142855,
3282,Content (Avg Emb),0.0,
3282,Last-Item,0.0,
3282,Avg-Last-10,0.0,
3282,Recency-Weighted,0.0,
3282,Essence (K=15),0.0,
3342,Random,0.0,
3342,Popularity,0.0,
3342,CF (ItemKNN),0.05555555555555555,
3342,Content (Avg Emb),0.0,
3342,Last-Item,0.0,
3342,Avg-Last-10,0.0,
3342,Recency-Weighted,0.0,
3342,Essence (K=15),0.0,
3386,Random,0.0,
3386,Popularity,0.0,
3386,CF (ItemKNN),0.0,
3386,Content (Avg Emb),0.2,
3386,Last-Item,0.2,
3386,Avg-Last-10,0.0,
3386,Recency-Weighted,0.0,
3386,Essence (K=15),0.0,
3496,Random,0.0,
3496,Popularity,0.0,
3496,CF (ItemKNN),0.0,
3496,Content (Avg Emb),0.0,
3496,Last-Item,0.0,
3496,Avg-Last-10,0.0,
3496,Recency-Weighted,0.0,
3496,Essence (K=15),0.0,
3531,Random,0.0,
3531,Popularity,0.0,
3531,CF (ItemKNN),0.0,
3531,Content (Avg Emb),0.0,
3531,Last-Item,0.0,
3531,Avg-Last-10,0.0,
3531,Recency-Weighted,0.0,
3531,Essence (K=15),0.0,
3585,Random,0.0,
3585,Popularity,0.0,
3585,CF (ItemKNN),0.0,
3585,Content (Avg Emb),0.0,
3585,Last-Item,0.0,
3585,Avg-Last-10,0.0,
3585,Recency-Weighted,0.0,
3585,Essence (K=15),0.0,
3621,Random,0.0,0.0
3621,Popularity,0.06060606060606061,0.0
3621,CF (ItemKNN),0.06060606060606061,0.0
3621,Content (Avg Emb),0.030303030303030304,0.0
3621,Last-Item,0.0,0.0
3621,Avg-Last-10,0.030303030303030304,0.0
3621,Recency-Weighted,0.030303030303030304,0.0
3621,Essence (K=15),0.0,0.0
3643,Random,0.0,0.0
3643,Popularity,0.0,0.0
3643,CF (ItemKNN),0.0,0.0
3643,Content (Avg Emb),0.0,0.0
3643,Last-Item,0.0,0.0
3643,Avg-Last-10,0.0,0.0
3643,Recency-Weighted,0.0,0.0
3643,Essence (K=15),0.0,0.0
3689,Random,0.0,0.0
3689,Popularity,0.1111111111111111,0.0
3689,CF (ItemKNN),0.08333333333333333,0.0
3689,Content (Avg Emb),0.0,0.0
3689,Last-Item,0.0,0.0
3689,Avg-Last-10,0.0,0.0
3689,Recency-Weighted,0.0,0.0
3689,Essence (K=15),0.0,0.0
3702,Random,0.0,
3702,Popularity,0.12903225806451613,
3702,CF (ItemKNN),0.0967741935483871,
3702,Content (Avg Emb),0.0,
3702,Last-Item,0.0,
3702,Avg-Last-10,0.0,
3702,Recency-Weighted,0.0,
3702,Essence (K=15),0.0,
3722,Random,0.0,0.0
3722,Popularity,0.0,0.0
3722,CF (ItemKNN),0.1,0.0
3722,Content (Avg Emb),0.0,0.0
3722,Last-Item,0.0,0.0
3722,Avg-Last-10,0.0,0.0
3722,Recency-Weighted,0.0,0.0
3722,Essence (K=15),0.0,0.0
3851,Random,0.0,
3851,Popularity,0.0,
3851,CF (ItemKNN),0.0,
3851,Content (Avg Emb),0.0,
3851,Last-Item,0.0,
3851,Avg-Last-10,0.0,
3851,Recency-Weighted,0.0,
3851,Essence (K=15),0.0,
3967,Random,0.0,
3967,Popularity,0.0,
3967,CF (ItemKNN),0.1111111111111111,
3967,Content (Avg Emb),0.2222222222222222,
3967,Last-Item,0.1111111111111111,
3967,Avg-Last-10,0.1111111111111111,
3967,Recency-Weighted,0.1111111111111111,
3967,Essence (K=15),0.0,
3979,Random,0.0,
3979,Popularity,0.0,
3979,CF (ItemKNN),0.0,
3979,Content (Avg Emb),0.0,
3979,Last-Item,0.0,
3979,Avg-Last-10,0.0,
3979,Recency-Weighted,0.0,
3979,Essence (K=15),0.0,
4029,Random,0.0,
4029,Popularity,0.038461538461538464,
4029,CF (ItemKNN),0.07692307692307693,
4029,Content (Avg Emb),0.0,
4029,Last-Item,0.0,
4029,Avg-Last-10,0.0,
4029,Recency-Weighted,0.0,
4029,Essence (K=15),0.0,
4124,Random,0.0,0.0
4124,Popularity,0.029411764705882353,0.0
4124,CF (ItemKNN),0.058823529411764705,0.0
4124,Content (Avg Emb),0.0,0.0
4124,Last-Item,0.0,0.0
4124,Avg-Last-10,0.029411764705882353,0.0
4124,Recency-Weighted,0.0,0.0
4124,Essence (K=15),0.0,0.0
4151,Random,0.0,
4151,Popularity,0.4,
4151,CF (ItemKNN),0.6,
4151,Content (Avg Emb),0.0,
4151,Last-Item,0.0,
4151,Avg-Last-10,0.0,
4151,Recency-Weighted,0.0,
4151,Essence (K=15),0.0,
4192,Random,0.0,
4192,Popularity,0.0,
4192,CF (ItemKNN),0.0,
4192,Content (Avg Emb),0.0,
4192,Last-Item,0.0,
4192,Avg-Last-10,0.0,
4192,Recency-Weighted,0.0,
4192,Essence (K=15),0.0,
4272,Random,0.0,
4272,Popularity,0.0,
4272,CF (ItemKNN),0.0,
4272,Content (Avg Emb),0.0,
4272,Last-Item,0.0,
4272,Avg-Last-10,0.0,
4272,Recency-Weighted,0.0,
4272,Essence (K=15),0.0,
4369,Random,0.0,
4369,Popularity,0.2,
4369,CF (ItemKNN),0.2,
4369,Content (Avg Emb),0.0,
4369,Last-Item,0.0,
4369,Avg-Last-10,0.0,
4369,Recency-Weighted,0.0,
4369,Essence (K=15),0.0,
4397,Random,0.0,0.0
4397,Popularity,0.03225806451612903,0.0
4397,CF (ItemKNN),0.06451612903225806,0.0
4397,Content (Avg Emb),0.0,0.0
4397,Last-Item,0.03225806451612903,0.0
4397,Avg-Last-10,0.0,0.0
4397,Recency-Weighted,0.0,0.0
4397,Essence (K=15),0.0,0.0
4484,Random,0.0,
4484,Popularity,0.0,
4484,CF (ItemKNN),0.0,
4484,Content (Avg Emb),0.0,
4484,Last-Item,0.0,
4484,Avg-Last-10,0.0,
4484,Recency-Weighted,0.0,
4484,Essence (K=15),0.0,
4525,Random,0.0,
4525,Popularity,0.0,
4525,CF (ItemKNN),0.0,
4525,Content (Avg Emb),0.0,
4525,Last-Item,0.0,
4525,Avg-Last-10,0.0,
4525,Recency-Weighted,0.0,
4525,Essence (K=15),0.0,
4644,Random,0.0,
4644,Popularity,0.06666666666666667,
4644,CF (ItemKNN),0.13333333333333333,
4644,Content (Avg Emb),0.0,
4644,Last-Item,0.0,
4644,Avg-Last-10,0.0,
4644,Recency-Weighted,0.0,
4644,Essence (K=15),0.0,
4659,Random,0.0,0.0
4659,Popularity,0.0,0.0
4659,CF (ItemKNN),0.0,0.0
4659,Content (Avg Emb),0.0,0.0
4659,Last-Item,0.0,0.0
4659,Avg-Last-10,0.0,0.0
4659,Recency-Weighted,0.0,0.0
4659,Essence (K=15),0.0,0.0
4766,Random,0.0,
4766,Popularity,0.0,
4766,CF (ItemKNN),0.25,
4766,Content (Avg Emb),0.0,
4766,Last-Item,0.0,
4766,Avg-Last-10,0.0,
4766,Recency-Weighted,0.0,
4766,Essence (K=15),0.0,
4922,Random,0.0,
4922,Popularity,0.0,
4922,CF (ItemKNN),0.0,
4922,Content (Avg Emb),0.0,
4922,Last-Item,0.0,
4922,Avg-Last-10,0.0,
4922,Recency-Weighted,0.0,
4922,Essence (K=15),0.0,
4925,Random,0.0,
4925,Popularity,0.0,
4925,CF (ItemKNN),0.0,
4925,Content (Avg Emb),0.0,
4925,Last-Item,0.0,
4925,Avg-Last-10,0.0,
4925,Recency-Weighted,0.0,
4925,Essence (K=15),0.0,
4951,Random,0.0,
4951,Popularity,0.0,
4951,CF (ItemKNN),0.0,
4951,Content (Avg Emb),0.0,
4951,Last-Item,0.0,
4951,Avg-Last-10,0.0,
4951,Recency-Weighted,0.0,
4951,Essence (K=15),0.0,
5044,Random,0.0,
5044,Popularity,0.0,
5044,CF (ItemKNN),0.0,
5044,Content (Avg Emb),0.0,
5044,Last-Item,0.0,
5044,Avg-Last-10,0.0,
5044,Recency-Weighted,0.0,
5044,Essence (K=15),0.0,
5134,Random,0.0,0.0
5134,Popularity,0.0,0.0
5134,CF (ItemKNN),0.0,0.0
5134,Content (Avg Emb),0.0,0.0
5134,Last-Item,0.0,0.0
5134,Avg-Last-10,0.0,0.0
5134,Recency-Weighted,0.0,0.0
5134,Essence (K=15),0.0,0.0
5179,Random,0.0,
5179,Popularity,0.0,
5179,CF (ItemKNN),0.0,
5179,Content (Avg Emb),0.0,
5179,Last-Item,0.0,
5179,Avg-Last-10,0.0,
5179,Recency-Weighted,0.0,
5179,Essence (K=15),0.0,
5190,Random,0.0,0.0
5190,Popularity,0.0,0.0
5190,CF (ItemKNN),0.10714285714285714,0.0
5190,Content (Avg Emb),0.0,0.0
5190,Last-Item,0.07142857142857142,0.5
5190,Avg-Last-10,0.03571428571428571,0.5
5190,Recency-Weighted,0.07142857142857142,0.5
5190,Essence (K=15),0.07142857142857142,0.5
5216,Random,0.0,0.0
5216,Popularity,0.0,0.0
5216,CF (ItemKNN),0.0,0.0
5216,Content (Avg Emb),0.0,0.0
5216,Last-Item,0.0,0.0
5216,Avg-Last-10,0.0,0.0
5216,Recency-Weighted,0.0,0.0
5216,Essence (K=15),0.038461538461538464,0.0
5256,Random,0.0,
5256,Popularity,0.0,
5256,CF (ItemKNN),0.0,
5256,Content (Avg Emb),0.0,
5256,Last-Item,0.0,
5256,Avg-Last-10,0.0,
5256,Recency-Weighted,0.0,
5256,Essence (K=15),0.0,
5280,Random,0.0,
5280,Popularity,0.0,
5280,CF (ItemKNN),0.2,
5280,Content (Avg Emb),0.2,
5280,Last-Item,0.0,
5280,Avg-Last-10,0.2,
5280,Recency-Weighted,0.2,
5280,Essence (K=15),0.2,
5338,Random,0.0,
5338,Popularity,0.0,
5338,CF (ItemKNN),0.0,
5338,Content (Avg Emb),0.0,
5338,Last-Item,0.0,
5338,Avg-Last-10,0.0,
5338,Recency-Weighted,0.0,
5338,Essence (K=15),0.0,
5394,Random,0.0,0.0
5394,Popularity,0.0,0.0
5394,CF (ItemKNN),0.029411764705882353,0.0
5394,Content (Avg Emb),0.0,0.0
5394,Last-Item,0.0,0.0
5394,Avg-Last-10,0.0,0.0
5394,Recency-Weighted,0.0,0.0
5394,Essence (K=15),0.0,0.0
5423,Random,0.0,
5423,Popularity,0.0,
5423,CF (ItemKNN),0.2,
5423,Content (Avg Emb),0.0,
5423,Last-Item,0.0,
5423,Avg-Last-10,0.0,
5423,Recency-Weighted,0.0,
5423,Essence (K=15),0.0,
5476,Random,0.0,
5476,Popularity,0.0,
5476,CF (ItemKNN),0.0,
5476,Content (Avg Emb),0.0,
5476,Last-Item,0.0,
5476,Avg-Last-10,0.0,
5476,Recency-Weighted,0.0,
5476,Essence (K=15),0.0,
5491,Random,0.0,
5491,Popularity,0.5,
5491,CF (ItemKNN),0.0,
5491,Content (Avg Emb),0.0,
5491,Last-Item,0.0,
5491,Avg-Last-10,0.0,
5491,Recency-Weighted,0.0,
5491,Essence (K=15),0.0,
5545,Random,0.0,
5545,Popularity,0.0,
5545,CF (ItemKNN),0.07692307692307693,
5545,Content (Avg Emb),0.0,
5545,Last-Item,0.0,
5545,Avg-Last-10,0.0,
5545,Recency-Weighted,0.0,
5545,Essence (K=15),0.0,
5580,Random,0.0,0.0
5580,Popularity,0.0,0.0
5580,CF (ItemKNN),0.0,0.0
5580,Content (Avg Emb),0.0,0.0
5580,Last-Item,0.0,0.0
5580,Avg-Last-10,0.0,0.0
5580,Recency-Weighted,0.0,0.0
5580,Essence (K=15),0.0,0.0
5735,Random,0.0,
5735,Popularity,0.0,
5735,CF (ItemKNN),0.0,
5735,Content (Avg Emb),0.0,
5735,Last-Item,0.0,
5735,Avg-Last-10,0.0,
5735,Recency-Weighted,0.0,
5735,Essence (K=15),0.0,
6053,Random,0.0,
6053,Popularity,0.2,
6053,CF (ItemKNN),0.0,
6053,Content (Avg Emb),0.0,
6053,Last-Item,0.0,
6053,Avg-Last-10,0.0,
6053,Recency-Weighted,0.0,
6053,Essence (K=15),0.0,
6172,Random,0.0,
6172,Popularity,0.0,
6172,CF (ItemKNN),0.0,
6172,Content (Avg Emb),0.0,
6172,Last-Item,0.0,
6172,Avg-Last-10,0.0,
6172,Recency-Weighted,0.0,
6172,Essence (K=15),0.0,
6185,Random,0.0,0.0
6185,Popularity,0.0,0.0
6185,CF (ItemKNN),0.0,0.0
6185,Content (Avg Emb),0.0,0.0
6185,Last-Item,0.0,0.0
6185,Avg-Last-10,0.0,0.0
6185,Recency-Weighted,0.0,0.0
6185,Essence (K=15),0.0,0.0
6270,Random,0.0,
6270,Popularity,0.0,
6270,CF (ItemKNN),0.0,
6270,Content (Avg Emb),0.0,
6270,Last-Item,0.0,
6270,Avg-Last-10,0.0,
6270,Recency-Weighted,0.0,
6270,Essence (K=15),0.0,
6282,Random,0.0,
6282,Popularity,0.0,
6282,CF (ItemKNN),0.0,
6282,Content (Avg Emb),0.0,
6282,Last-Item,0.0,
6282,Avg-Last-10,0.0,
6282,Recency-Weighted,0.0,
6282,Essence (K=15),0.0,
6301,Random,0.0,
6301,Popularity,0.07142857142857142,
6301,CF (ItemKNN),0.0,
6301,Content (Avg Emb),0.0,
6301,Last-Item,0.0,
6301,Avg-Last-10,0.0,
6301,Recency-Weighted,0.0,
6301,Essence (K=15),0.0,
6372,Random,0.0,
6372,Popularity,0.09090909090909091,
6372,CF (ItemKNN),0.09090909090909091,
6372,Content (Avg Emb),0.0,
6372,Last-Item,0.0,
6372,Avg-Last-10,0.0,
6372,Recency-Weighted,0.0,
6372,Essence (K=15),0.0,
6392,Random,0.0,
6392,Popularity,0.0,
6392,CF (ItemKNN),0.1111111111111111,
6392,Content (Avg Emb),0.0,
6392,Last-Item,0.0,
6392,Avg-Last-10,0.0,
6392,Recency-Weighted,0.0,
6392,Essence (K=15),0.0,
6403,Random,0.0,
6403,Popularity,0.3,
6403,CF (ItemKNN),0.3,
6403,Content (Avg Emb),0.0,
6403,Last-Item,0.25,
6403,Avg-Last-10,0.0,
6403,Recency-Weighted,0.0,
6403,Essence (K=15),0.0,
6607,Random,0.0,0.0
6607,Popularity,0.0,0.0
6607,CF (ItemKNN),0.0,0.0
6607,Content (Avg Emb),0.0,0.0
6607,Last-Item,0.0,0.0
6607,Avg-Last-10,0.0,0.0
6607,Recency-Weighted,0.0,0.0
6607,Essence (K=15),0.0,0.0
6715,Random,0.0,
6715,Popularity,0.0,
6715,CF (ItemKNN),0.0,
6715,Content (Avg Emb),0.0,
6715,Last-Item,0.0,
6715,Avg-Last-10,0.0,
6715,Recency-Weighted,0.0,
6715,Essence (K=15),0.0,
6923,Random,0.0,
6923,Popularity,0.0,
6923,CF (ItemKNN),0.0,
6923,Content (Avg Emb),0.0,
6923,Last-Item,0.0,
6923,Avg-Last-10,0.0,
6923,Recency-Weighted,0.0,
6923,Essence (K=15),0.0,
6924,Random,0.0,0.0
6924,Popularity,0.0,0.0
6924,CF (ItemKNN),0.0,0.0
6924,Content (Avg Emb),0.0,0.0
6924,Last-Item,0.0,0.0
6924,Avg-Last-10,0.0,0.0
6924,Recency-Weighted,0.0,0.0
6924,Essence (K=15),0.0,0.0
6966,Random,0.0,
6966,Popularity,0.0,
6966,CF (ItemKNN),0.0,
6966,Content (Avg Emb),0.0,
6966,Last-Item,0.0,
6966,Avg-Last-10,0.0,
6966,Recency-Weighted,0.0,
6966,Essence (K=15),0.0,
6973,Random,0.0,
6973,Popularity,0.09090909090909091,
6973,CF (ItemKNN),0.18181818181818182,
6973,Content (Avg Emb),0.0,
6973,Last-Item,0.0,
6973,Avg-Last-10,0.0,
6973,Recency-Weighted,0.0,
6973,Essence (K=15),0.0,
7138,Random,0.0,0.0
7138,Popularity,0.0625,0.0
7138,CF (ItemKNN),0.125,0.0
7138,Content (Avg Emb),0.0,0.0
7138,Last-Item,0.0,0.0
7138,Avg-Last-10,0.0,0.0
7138,Recency-Weighted,0.0,0.0
7138,Essence (K=15),0.0,0.0
7154,Random,0.0,
7154,Popularity,0.0,
7154,CF (ItemKNN),0.0,
7154,Content (Avg Emb),0.0,
7154,Last-Item,0.0,
7154,Avg-Last-10,0.0,
7154,Recency-Weighted,0.0,
7154,Essence (K=15),0.0,
7225,Random,0.0,0.0
7225,Popularity,0.06896551724137931,0.0
7225,CF (ItemKNN),0.034482758620689655,0.0
7225,Content (Avg Emb),0.034482758620689655,0.0
7225,Last-Item,0.0,0.0
7225,Avg-Last-10,0.0,0.0
7225,Recency-Weighted,0.0,0.0
7225,Essence (K=15),0.0,0.0
7332,Random,0.0,
7332,Popularity,0.058823529411764705,
7332,CF (ItemKNN),0.0,
7332,Content (Avg Emb),0.0,
7332,Last-Item,0.0,
7332,Avg-Last-10,0.0,
7332,Recency-Weighted,0.0,
7332,Essence (K=15),0.0,
7451,Random,0.0,
7451,Popularity,0.2,
7451,CF (ItemKNN),0.0,
7451,Content (Avg Emb),0.0,
7451,Last-Item,0.0,
7451,Avg-Last-10,0.0,
7451,Recency-Weighted,0.0,
7451,Essence (K=15),0.0,
7501,Random,0.0,
7501,Popularity,0.0,
7501,CF (ItemKNN),0.0,
7501,Content (Avg Emb),0.0,
7501,Last-Item,0.0,
7501,Avg-Last-10,0.0,
7501,Recency-Weighted,0.0,
7501,Essence (K=15),0.0,
7614,Random,0.0,
7614,Popularity,0.0,
7614,CF (ItemKNN),0.2857142857142857,
7614,Content (Avg Emb),0.0,
7614,Last-Item,0.0,
7614,Avg-Last-10,0.0,
7614,Recency-Weighted,0.0,
7614,Essence (K=15),0.0,
7636,Random,0.0,
7636,Popularity,0.045454545454545456,
7636,CF (ItemKNN),0.09090909090909091,
7636,Content (Avg Emb),0.0,
7636,Last-Item,0.09090909090909091,
7636,Avg-Last-10,0.045454545454545456,
7636,Recency-Weighted,0.045454545454545456,
7636,Essence (K=15),0.045454545454545456,
7638,Random,0.0,
7638,Popularity,0.1724137931034483,
7638,CF (ItemKNN),0.034482758620689655,
7638,Content (Avg Emb),0.0,
7638,Last-Item,0.0,
7638,Avg-Last-10,0.0,
7638,Recency-Weighted,0.0,
7638,Essence (K=15),0.0,
7662,Random,0.0,0.0
7662,Popularity,0.0,0.0
7662,CF (ItemKNN),0.0,0.0
7662,Content (Avg Emb),0.0,0.0
7662,Last-Item,0.0,0.0
7662,Avg-Last-10,0.0625,0.0
7662,Recency-Weighted,0.0625,0.0
7662,Essence (K=15),0.0,0.0
7775,Random,0.0,
7775,Popularity,0.0,
7775,CF (ItemKNN),0.1,
7775,Content (Avg Emb),0.0,
7775,Last-Item,0.0,
7775,Avg-Last-10,0.0,
7775,Recency-Weighted,0.0,
7775,Essence (K=15),0.0,
7913,Random,0.0,0.0
7913,Popularity,0.0,0.0
7913,CF (ItemKNN),0.0,0.0
7913,Content (Avg Emb),0.0,0.0
7913,Last-Item,0.0,0.0
7913,Avg-Last-10,0.0,0.0
7913,Recency-Weighted,0.0,0.0
7913,Essence (K=15),0.0,0.0
7959,Random,0.0,0.0
7959,Popularity,0.17391304347826086,0.0
7959,CF (ItemKNN),0.17391304347826086,0.0
7959,Content (Avg Emb),0.0,0.0
7959,Last-Item,0.0,0.0
7959,Avg-Last-10,0.0,0.0
7959,Recency-Weighted,0.0,0.0
7959,Essence (K=15),0.0,0.0
8142,Random,0.0,
8142,Popularity,0.0,
8142,CF (ItemKNN),0.0,
8142,Content (Avg Emb),0.0,
8142,Last-Item,0.0,
8142,Avg-Last-10,0.0,
8142,Recency-Weighted,0.0,
8142,Essence (K=15),0.0,
8156,Random,0.0,0.0
8156,Popularity,0.0,0.0
8156,CF (ItemKNN),0.13333333333333333,0.0
8156,Content (Avg Emb),0.0,0.0
8156,Last-Item,0.0,0.0
8156,Avg-Last-10,0.0,0.0
8156,Recency-Weighted,0.0,0.0
8156,Essence (K=15),0.0,0.0
8157,Random,0.0,0.0
8157,Popularity,0.0,0.0
8157,CF (ItemKNN),0.0,0.0
8157,Content (Avg Emb),0.0,0.0
8157,Last-Item,0.0,0.0
8157,Avg-Last-10,0.0,0.0
8157,Recency-Weighted,0.0,0.0
8157,Essence (K=15),0.0,0.0
8292,Random,0.0,0.0
8292,Popularity,0.0,0.0
8292,CF (ItemKNN),0.0,0.0
8292,Content (Avg Emb),0.0,0.0
8292,Last-Item,0.0,0.0
8292,Avg-Last-10,0.0,0.0
8292,Recency-Weighted,0.0,0.0
8292,Essence (K=15),0.0,0.0
8313,Random,0.0,
8313,Popularity,0.12,
8313,CF (ItemKNN),0.08,
8313,Content (Avg Emb),0.04,
8313,Last-Item,0.0,
8313,Avg-Last-10,0.0,
8313,Recency-Weighted,0.0,
8313,Essence (K=15),0.0,
8342,Random,0.0,0.0
8342,Popularity,0.0,0.0
8342,CF (ItemKNN),0.0,0.0
8342,Content (Avg Emb),0.0,0.0
8342,Last-Item,0.0,0.0
8342,Avg-Last-10,0.0,0.0
8342,Recency-Weighted,0.0,0.0
8342,Essence (K=15),0.0,0.0
8432,Random,0.0,
8432,Popularity,0.0,
8432,CF (ItemKNN),0.0,
8432,Content (Avg Emb),0.0,
8432,Last-Item,0.0,
8432,Avg-Last-10,0.0,
8432,Recency-Weighted,0.0,
8432,Essence (K=15),0.0,
8564,Random,0.0,
8564,Popularity,0.0,
8564,CF (ItemKNN),0.0,
8564,Content (Avg Emb),0.0,
8564,Last-Item,0.0,
8564,Avg-Last-10,0.0,
8564,Recency-Weighted,0.0,
8564,Essence (K=15),0.0,
8608,Random,0.0,0.0
8608,Popularity,0.0,0.0
8608,CF (ItemKNN),0.0,0.0
8608,Content (Avg Emb),0.0,0.0
8608,Last-Item,0.0,0.0
8608,Avg-Last-10,0.02702702702702703,0.0
8608,Recency-Weighted,0.0,0.0
8608,Essence (K=15),0.0,0.0
8723,Random,0.0,
8723,Popularity,0.0,
8723,CF (ItemKNN),0.07142857142857142,
8723,Content (Avg Emb),0.0,
8723,Last-Item,0.0,
8723,Avg-Last-10,0.0,
8723,Recency-Weighted,0.0,
8723,Essence (K=15),0.0,
8826,Random,0.0,
8826,Popularity,0.2857142857142857,
8826,CF (ItemKNN),0.42857142857142855,
8826,Content (Avg Emb),0.0,
8826,Last-Item,0.0,
8826,Avg-Last-10,0.0,
8826,Recency-Weighted,0.0,
8826,Essence (K=15),0.0,
9157,Random,0.0,
9157,Popularity,0.16666666666666666,
9157,CF (ItemKNN),0.0,
9157,Content (Avg Emb),0.16666666666666666,
9157,Last-Item,0.0,
9157,Avg-Last-10,0.0,
9157,Recency-Weighted,0.0,
9157,Essence (K=15),0.0,
9403,Random,0.0,0.0
9403,Popularity,0.05263157894736842,0.0
9403,CF (ItemKNN),0.21052631578947367,0.0
9403,Content (Avg Emb),0.0,0.0
9403,Last-Item,0.0,0.0
9403,Avg-Last-10,0.0,0.0
9403,Recency-Weighted,0.0,0.0
9403,Essence (K=15),0.0,0.0
9461,Random,0.0,0.0
9461,Popularity,0.0,0.0
9461,CF (ItemKNN),0.0,0.0
9461,Content (Avg Emb),0.0,0.0
9461,Last-Item,0.0,0.0
9461,Avg-Last-10,0.0,0.0
9461,Recency-Weighted,0.0,0.0
9461,Essence (K=15),0.0,0.0
9479,Random,0.0,
9479,Popularity,0.0,
9479,CF (ItemKNN),0.0,
9479,Content (Avg Emb),0.0,
9479,Last-Item,0.0,
9479,Avg-Last-10,0.0,
9479,Recency-Weighted,0.0,
9479,Essence (K=15),0.0,
9575,Random,0.0,0.0
9575,Popularity,0.045454545454545456,0.0
9575,CF (ItemKNN),0.18181818181818182,0.0
9575,Content (Avg Emb),0.0,0.0
9575,Last-Item,0.0,0.0
9575,Avg-Last-10,0.0,0.0
9575,Recency-Weighted,0.0,0.0
9575,Essence (K=15),0.0,0.0
9607,Random,0.0,
9607,Popularity,0.0,
9607,CF (ItemKNN),0.0,
9607,Content (Avg Emb),0.0,
9607,Last-Item,0.0,
9607,Avg-Last-10,0.0,
9607,Recency-Weighted,0.0,
9607,Essence (K=15),0.0,
9633,Random,0.0,
9633,Popularity,0.0,
9633,CF (ItemKNN),0.025,
9633,Content (Avg Emb),0.0,
9633,Last-Item,0.0,
9633,Avg-Last-10,0.025,
9633,Recency-Weighted,0.0,
9633,Essence (K=15),0.0,
9853,Random,0.0,
9853,Popularity,0.0,
9853,CF (ItemKNN),0.0625,
9853,Content (Avg Emb),0.0,
9853,Last-Item,0.0,
9853,Avg-Last-10,0.125,
9853,Recency-Weighted,0.0,
9853,Essence (K=15),0.0,
9900,Random,0.0,0.0
9900,Popularity,0.07692307692307693,0.0
9900,CF (ItemKNN),0.07692307692307693,0.0
9900,Content (Avg Emb),0.0,0.0
9900,Last-Item,0.0,0.0
9900,Avg-Last-10,0.0,0.0
9900,Recency-Weighted,0.0,0.0
9900,Essence (K=15),0.0,0.0
9910,Random,0.0,0.0
9910,Popularity,0.07692307692307693,0.0
9910,CF (ItemKNN),0.23076923076923078,0.0
9910,Content (Avg Emb),0.0,0.0
9910,Last-Item,0.0,0.0
9910,Avg-Last-10,0.0,0.0
9910,Recency-Weighted,0.0,0.0
9910,Essence (K=15),0.0,0.0
9923,Random,0.0,
9923,Popularity,0.0,
9923,CF (ItemKNN),0.1,
9923,Content (Avg Emb),0.0,
9923,Last-Item,0.0,
9923,Avg-Last-10,0.0,
9923,Recency-Weighted,0.0,
9923,Essence (K=15),0.0,
9965,Random,0.0,
9965,Popularity,0.0,
9965,CF (ItemKNN),0.0,
9965,Content (Avg Emb),0.0,
9965,Last-Item,0.0,
9965,Avg-Last-10,0.0,
9965,Recency-Weighted,0.0,
9965,Essence (K=15),0.0,
9993,Random,0.0,
9993,Popularity,0.09090909090909091,
9993,CF (ItemKNN),0.13636363636363635,
9993,Content (Avg Emb),0.0,
9993,Last-Item,0.0,
9993,Avg-Last-10,0.0,
9993,Recency-Weighted,0.0,
9993,Essence (K=15),0.0,
9995,Random,0.0,
9995,Popularity,0.0,
9995,CF (ItemKNN),0.1111111111111111,
9995,Content (Avg Emb),0.0,
9995,Last-Item,0.0,
9995,Avg-Last-10,0.0,
9995,Recency-Weighted,0.0,
9995,Essence (K=15),0.0,
9996,Random,0.0,
9996,Popularity,0.0,
9996,CF (ItemKNN),0.06451612903225806,
9996,Content (Avg Emb),0.0,
9996,Last-Item,0.0,
9996,Avg-Last-10,0.0,
9996,Recency-Weighted,0.0,
9996,Essence (K=15),0.0,
10015,Random,0.0,
10015,Popularity,0.0,
10015,CF (ItemKNN),0.0,
10015,Content (Avg Emb),0.2,
10015,Last-Item,0.0,
10015,Avg-Last-10,0.0,
10015,Recency-Weighted,0.0,
10015,Essence (K=15),0.0,
10028,Random,0.0,
10028,Popularity,0.09090909090909091,
10028,CF (ItemKNN),0.09090909090909091,
10028,Content (Avg Emb),0.0,
10028,Last-Item,0.0,
10028,Avg-Last-10,0.0,
10028,Recency-Weighted,0.0,
10028,Essence (K=15),0.0,
10142,Random,0.0,
10142,Popularity,0.041666666666666664,
10142,CF (ItemKNN),0.0,
10142,Content (Avg Emb),0.0,
10142,Last-Item,0.0,
10142,Avg-Last-10,0.0,
10142,Recency-Weighted,0.0,
10142,Essence (K=15),0.041666666666666664,
10373,Random,0.0,
10373,Popularity,0.13333333333333333,
10373,CF (ItemKNN),0.0,
10373,Content (Avg Emb),0.0,
10373,Last-Item,0.0,
10373,Avg-Last-10,0.0,
10373,Recency-Weighted,0.0,
10373,Essence (K=15),0.0,
10464,Random,0.0,
10464,Popularity,0.0,
10464,CF (ItemKNN),0.0,
10464,Content (Avg Emb),0.0,
10464,Last-Item,0.0,
10464,Avg-Last-10,0.0,
10464,Recency-Weighted,0.0,
10464,Essence (K=15),0.0,
10471,Random,0.0,0.0
10471,Popularity,0.0,0.0
10471,CF (ItemKNN),0.0,0.0
10471,Content (Avg Emb),0.0,0.0
10471,Last-Item,0.0,0.0
10471,Avg-Last-10,0.0,0.0
10471,Recency-Weighted,0.0,0.0
10471,Essence (K=15),0.0,0.0
11002,Random,0.0,
11002,Popularity,0.07894736842105263,
11002,CF (ItemKNN),0.10526315789473684,
11002,Content (Avg Emb),0.0,
11002,Last-Item,0.0,
11002,Avg-Last-10,0.0,
11002,Recency-Weighted,0.0,
11002,Essence (K=15),0.0,
11033,Random,0.0,
11033,Popularity,0.058823529411764705,
11033,CF (ItemKNN),0.029411764705882353,
11033,Content (Avg Emb),0.0,
11033,Last-Item,0.0,
11033,Avg-Last-10,0.0,
11033,Recency-Weighted,0.0,
11033,Essence (K=15),0.0,
11280,Random,0.0,
11280,Popularity,0.0,
11280,CF (ItemKNN),0.0,
11280,Content (Avg Emb),0.0,
11280,Last-Item,0.1,
11280,Avg-Last-10,0.0,
11280,Recency-Weighted,0.0,
11280,Essence (K=15),0.0,
11358,Random,0.0,
11358,Popularity,0.0,
11358,CF (ItemKNN),0.11538461538461539,
11358,Content (Avg Emb),0.0,
11358,Last-Item,0.0,
11358,Avg-Last-10,0.0,
11358,Recency-Weighted,0.0,
11358,Essence (K=15),0.0,
11499,Random,0.0,
11499,Popularity,0.16666666666666666,
11499,CF (ItemKNN),0.16666666666666666,
11499,Content (Avg Emb),0.0,
11499,Last-Item,0.0,
11499,Avg-Last-10,0.0,
11499,Recency-Weighted,0.0,
11499,Essence (K=15),0.0,
11519,Random,0.0,
11519,Popularity,0.0,
11519,CF (ItemKNN),0.0,
11519,Content (Avg Emb),0.0,
11519,Last-Item,0.0,
11519,Avg-Last-10,0.0,
11519,Recency-Weighted,0.0,
11519,Essence (K=15),0.0,
11538,Random,0.0,
11538,Popularity,0.14285714285714285,
11538,CF (ItemKNN),0.14285714285714285,
11538,Content (Avg Emb),0.0,
11538,Last-Item,0.0,
11538,Avg-Last-10,0.0,
11538,Recency-Weighted,0.0,
11538,Essence (K=15),0.0,
11601,Random,0.0,
11601,Popularity,0.0,
11601,CF (ItemKNN),0.08333333333333333,
11601,Content (Avg Emb),0.0,
11601,Last-Item,0.0,
11601,Avg-Last-10,0.0,
11601,Recency-Weighted,0.0,
11601,Essence (K=15),0.0,
11785,Random,0.0,
11785,Popularity,0.0,
11785,CF (ItemKNN),0.0,
11785,Content (Avg Emb),0.0,
11785,Last-Item,0.0,
11785,Avg-Last-10,0.0,
11785,Recency-Weighted,0.0,
11785,Essence (K=15),0.0,
11811,Random,0.0,
11811,Popularity,0.0,
11811,CF (ItemKNN),0.0,
11811,Content (Avg Emb),0.0,
11811,Last-Item,0.0,
11811,Avg-Last-10,0.0625,
11811,Recency-Weighted,0.0625,
11811,Essence (K=15),0.0625,
11919,Random,0.0,
11919,Popularity,0.0,
11919,CF (ItemKNN),0.75,
11919,Content (Avg Emb),0.0,
11919,Last-Item,0.0,
11919,Avg-Last-10,0.0,
11919,Recency-Weighted,0.0,
11919,Essence (K=15),0.0,
11968,Random,0.0,
11968,Popularity,0.0,
11968,CF (ItemKNN),0.0,
11968,Content (Avg Emb),0.0,
11968,Last-Item,0.0,
11968,Avg-Last-10,0.0,
11968,Recency-Weighted,0.0,
11968,Essence (K=15),0.0,
12034,Random,0.0,0.0
12034,Popularity,0.0,0.0
12034,CF (ItemKNN),0.0,0.0
12034,Content (Avg Emb),0.0,0.0
12034,Last-Item,0.0,0.0
12034,Avg-Last-10,0.0,0.0
12034,Recency-Weighted,0.0,0.0
12034,Essence (K=15),0.0,0.0
12348,Random,0.0,0.0
12348,Popularity,0.0,0.0
12348,CF (ItemKNN),0.0,0.0
12348,Content (Avg Emb),0.0,0.0
12348,Last-Item,0.0,0.0
12348,Avg-Last-10,0.0,0.0
12348,Recency-Weighted,0.0,0.0
12348,Essence (K=15),0.0,0.0
12468,Random,0.0,
12468,Popularity,0.1,
12468,CF (ItemKNN),0.1,
12468,Content (Avg Emb),0.0,
12468,Last-Item,0.0,
12468,Avg-Last-10,0.0,
12468,Recency-Weighted,0.0,
12468,Essence (K=15),0.0,
12594,Random,0.04,
12594,Popularity,0.2,
12594,CF (ItemKNN),0.08,
12594,Content (Avg Emb),0.0,
12594,Last-Item,0.0,
12594,Avg-Last-10,0.0,
12594,Recency-Weighted,0.0,
12594,Essence (K=15),0.0,
12598,Random,0.0,
12598,Popularity,0.0,
12598,CF (ItemKNN),0.25,
12598,Content (Avg Emb),0.0,
12598,Last-Item,0.0,
12598,Avg-Last-10,0.0,
12598,Recency-Weighted,0.0,
12598,Essence (K=15),0.0,
12612,Random,0.0,
12612,Popularity,0.0,
12612,CF (ItemKNN),0.0,
12612,Content (Avg Emb),0.0,
12612,Last-Item,0.0,
12612,Avg-Last-10,0.0,
12612,Recency-Weighted,0.0,
12612,Essence (K=15),0.0,
12665,Random,0.0,0.0
12665,Popularity,0.0,0.0
12665,CF (ItemKNN),0.0,0.0
12665,Content (Avg Emb),0.0,0.0
12665,Last-Item,0.0,0.0
12665,Avg-Last-10,0.0,0.0
12665,Recency-Weighted,0.0,0.0
12665,Essence (K=15),0.0,0.0
12774,Random,0.0,
12774,Popularity,0.0,
12774,CF (ItemKNN),0.0,
12774,Content (Avg Emb),0.0,
12774,Last-Item,0.0,
12774,Avg-Last-10,0.0,
12774,Recency-Weighted,0.0,
12774,Essence (K=15),0.0,
12869,Random,0.0,
12869,Popularity,0.0,
12869,CF (ItemKNN),0.08,
12869,Content (Avg Emb),0.0,
12869,Last-Item,0.0,
12869,Avg-Last-10,0.04,
12869,Recency-Weighted,0.04,
12869,Essence (K=15),0.0,
12927,Random,0.0,
12927,Popularity,0.0,
12927,CF (ItemKNN),0.0,
12927,Content (Avg Emb),0.0,
12927,Last-Item,0.0,
12927,Avg-Last-10,0.0,
12927,Recency-Weighted,0.0,
12927,Essence (K=15),0.0,
13045,Random,0.0,
13045,Popularity,0.0,
13045,CF (ItemKNN),0.0,
13045,Content (Avg Emb),0.0,
13045,Last-Item,0.0,
13045,Avg-Last-10,0.0,
13045,Recency-Weighted,0.0,
13045,Essence (K=15),0.0,
13098,Random,0.0,
13098,Popularity,0.0,
13098,CF (ItemKNN),0.0,
13098,Content (Avg Emb),0.0,
13098,Last-Item,0.0,
13098,Avg-Last-10,0.1111111111111111,
13098,Recency-Weighted,0.1111111111111111,
13098,Essence (K=15),0.1111111111111111,
13174,Random,0.0,0.0
13174,Popularity,0.043478260869565216,0.0
13174,CF (ItemKNN),0.0,0.0
13174,Content (Avg Emb),0.0,0.0
13174,Last-Item,0.0,0.0
13174,Avg-Last-10,0.043478260869565216,1.0
13174,Recency-Weighted,0.043478260869565216,1.0
13174,Essence (K=15),0.0,0.0
13183,Random,0.0,
13183,Popularity,0.0,
13183,CF (ItemKNN),0.0,
13183,Content (Avg Emb),0.0,
13183,Last-Item,0.0,
13183,Avg-Last-10,0.0,
13183,Recency-Weighted,0.0,
13183,Essence (K=15),0.0,
13271,Random,0.0,
13271,Popularity,0.0,
13271,CF (ItemKNN),0.0,
13271,Content (Avg Emb),0.0,
13271,Last-Item,0.0,
13271,Avg-Last-10,0.0,
13271,Recency-Weighted,0.0,
13271,Essence (K=15),0.0,
13281,Random,0.0,
13281,Popularity,0.0,
13281,CF (ItemKNN),0.0,
13281,Content (Avg Emb),0.0,
13281,Last-Item,0.0,
13281,Avg-Last-10,0.0,
13281,Recency-Weighted,0.0,
13281,Essence (K=15),0.0,
13313,Random,0.0,0.0
13313,Popularity,0.03333333333333333,0.0
13313,CF (ItemKNN),0.03333333333333333,0.0
13313,Content (Avg Emb),0.0,0.0
13313,Last-Item,0.0,0.0
13313,Avg-Last-10,0.0,0.0
13313,Recency-Weighted,0.0,0.0
13313,Essence (K=15),0.0,0.0
13370,Random,0.0,
13370,Popularity,0.0,
13370,CF (ItemKNN),0.0,
13370,Content (Avg Emb),0.0,
13370,Last-Item,0.0,
13370,Avg-Last-10,0.0,
13370,Recency-Weighted,0.0,
13370,Essence (K=15),0.0,
13406,Random,0.0,
13406,Popularity,0.0,
13406,CF (ItemKNN),0.0,
13406,Content (Avg Emb),0.0,
13406,Last-Item,0.0,
13406,Avg-Last-10,0.0,
13406,Recency-Weighted,0.0,
13406,Essence (K=15),0.0,
13457,Random,0.0,
13457,Popularity,0.2,
13457,CF (ItemKNN),0.0,
13457,Content (Avg Emb),0.0,
13457,Last-Item,0.0,
13457,Avg-Last-10,0.0,
13457,Recency-Weighted,0.0,
13457,Essence (K=15),0.0,
13559,Random,0.0,
13559,Popularity,0.2,
13559,CF (ItemKNN),0.4,
13559,Content (Avg Emb),0.0,
13559,Last-Item,0.0,
13559,Avg-Last-10,0.0,
13559,Recency-Weighted,0.0,
13559,Essence (K=15),0.0,
13633,Random,0.0,0.0
13633,Popularity,0.0,0.0
13633,CF (ItemKNN),0.0,0.0
13633,Content (Avg Emb),0.0,0.0
13633,Last-Item,0.0,0.0
13633,Avg-Last-10,0.0,0.0
13633,Recency-Weighted,0.0,0.0
13633,Essence (K=15),0.0,0.0
13658,Random,0.0,
13658,Popularity,0.034482758620689655,
13658,CF (ItemKNN),0.0,
13658,Content (Avg Emb),0.0,
13658,Last-Item,0.034482758620689655,
13658,Avg-Last-10,0.0,
13658,Recency-Weighted,0.0,
13658,Essence (K=15),0.034482758620689655,
13677,Random,0.0,
13677,Popularity,0.0,
13677,CF (ItemKNN),0.0,
13677,Content (Avg Emb),0.0,
13677,Last-Item,0.0,
13677,Avg-Last-10,0.0,
13677,Recency-Weighted,0.0,
13677,Essence (K=15),0.0,
13726,Random,0.0,
13726,Popularity,0.0,
13726,CF (ItemKNN),0.0,
13726,Content (Avg Emb),0.0,
13726,Last-Item,0.0,
13726,Avg-Last-10,0.0,
13726,Recency-Weighted,0.0,
13726,Essence (K=15),0.0,
13854,Random,0.0,
13854,Popularity,0.4,
13854,CF (ItemKNN),0.6,
13854,Content (Avg Emb),0.0,
13854,Last-Item,0.0,
13854,Avg-Last-10,0.0,
13854,Recency-Weighted,0.0,
13854,Essence (K=15),0.0,
13871,Random,0.0,0.0
13871,Popularity,0.034482758620689655,0.0
13871,CF (ItemKNN),0.06896551724137931,0.0
13871,Content (Avg Emb),0.0,0.0
13871,Last-Item,0.0,0.0
13871,Avg-Last-10,0.0,0.0
13871,Recency-Weighted,0.0,0.0
13871,Essence (K=15),0.0,0.0
14013,Random,0.0,
14013,Popularity,0.0,
14013,CF (ItemKNN),0.0,
14013,Content (Avg Emb),0.0,
14013,Last-Item,0.0,
14013,Avg-Last-10,0.0,
14013,Recency-Weighted,0.0,
14013,Essence (K=15),0.2,
14046,Random,0.0,
14046,Popularity,0.09375,
14046,CF (ItemKNN),0.15625,
14046,Content (Avg Emb),0.0,
14046,Last-Item,0.0,
14046,Avg-Last-10,0.0,
14046,Recency-Weighted,0.0,
14046,Essence (K=15),0.0,
14074,Random,0.0,0.0
14074,Popularity,0.1111111111111111,0.0
14074,CF (ItemKNN),0.2222222222222222,0.0
14074,Content (Avg Emb),0.0,0.0
14074,Last-Item,0.05555555555555555,0.0
14074,Avg-Last-10,0.1111111111111111,0.0
14074,Recency-Weighted,0.1111111111111111,0.0
14074,Essence (K=15),0.0,0.0
14226,Random,0.0,
14226,Popularity,0.0,
14226,CF (ItemKNN),0.0,
14226,Content (Avg Emb),0.0,
14226,Last-Item,0.0,
14226,Avg-Last-10,0.0,
14226,Recency-Weighted,0.0,
14226,Essence (K=15),0.0,
14269,Random,0.0,
14269,Popularity,0.1111111111111111,
14269,CF (ItemKNN),0.3333333333333333,
14269,Content (Avg Emb),0.0,
14269,Last-Item,0.0,
14269,Avg-Last-10,0.0,
14269,Recency-Weighted,0.0,
14269,Essence (K=15),0.0,
14305,Random,0.0,0.0
14305,Popularity,0.0625,0.0
14305,CF (ItemKNN),0.0625,0.0
14305,Content (Avg Emb),0.0,0.0
14305,Last-Item,0.0,0.0
14305,Avg-Last-10,0.0,0.0
14305,Recency-Weighted,0.0,0.0
14305,Essence (K=15),0.0,0.0
14356,Random,0.0,0.0
14356,Popularity,0.0,0.0
14356,CF (ItemKNN),0.0,0.0
14356,Content (Avg Emb),0.0625,0.0
14356,Last-Item,0.0,0.0
14356,Avg-Last-10,0.0,0.0
14356,Recency-Weighted,0.0,0.0
14356,Essence (K=15),0.0,0.0
14380,Random,0.0,0.0
14380,Popularity,0.0,0.0
14380,CF (ItemKNN),0.0,0.0
14380,Content (Avg Emb),0.0,0.0
14380,Last-Item,0.0,0.0
14380,Avg-Last-10,0.0,0.0
14380,Recency-Weighted,0.0,0.0
14380,Essence (K=15),0.0,0.0
14394,Random,0.0,
14394,Popularity,0.3333333333333333,
14394,CF (ItemKNN),0.16666666666666666,
14394,Content (Avg Emb),0.0,
14394,Last-Item,0.0,
14394,Avg-Last-10,0.0,
14394,Recency-Weighted,0.0,
14394,Essence (K=15),0.0,
14443,Random,0.0,
14443,Popularity,0.2,
14443,CF (ItemKNN),0.2,
14443,Content (Avg Emb),0.0,
14443,Last-Item,0.0,
14443,Avg-Last-10,0.0,
14443,Recency-Weighted,0.0,
14443,Essence (K=15),0.0,
14460,Random,0.0,
14460,Popularity,0.041666666666666664,
14460,CF (ItemKNN),0.08333333333333333,
14460,Content (Avg Emb),0.0,
14460,Last-Item,0.041666666666666664,
14460,Avg-Last-10,0.0,
14460,Recency-Weighted,0.0,
14460,Essence (K=15),0.0,
14496,Random,0.0,
14496,Popularity,0.1,
14496,CF (ItemKNN),0.2,
14496,Content (Avg Emb),0.0,
14496,Last-Item,0.0,
14496,Avg-Last-10,0.0,
14496,Recency-Weighted,0.0,
14496,Essence (K=15),0.0,
14546,Random,0.0,
14546,Popularity,0.4,
14546,CF (ItemKNN),0.2,
14546,Content (Avg Emb),0.2,
14546,Last-Item,0.2,
14546,Avg-Last-10,0.2,
14546,Recency-Weighted,0.2,
14546,Essence (K=15),0.2,
14550,Random,0.0,0.0
14550,Popularity,0.0,0.0
14550,CF (ItemKNN),0.0,0.0
14550,Content (Avg Emb),0.0,0.0
14550,Last-Item,0.0,0.0
14550,Avg-Last-10,0.0,0.0
14550,Recency-Weighted,0.0,0.0
14550,Essence (K=15),0.0,0.0
14649,Random,0.0,0.0
14649,Popularity,0.06666666666666667,0.0
14649,CF (ItemKNN),0.0,0.0
14649,Content (Avg Emb),0.0,0.0
14649,Last-Item,0.03333333333333333,0.0
14649,Avg-Last-10,0.0,0.0
14649,Recency-Weighted,0.0,0.0
14649,Essence (K=15),0.0,0.0
14744,Random,0.0,
14744,Popularity,0.05555555555555555,
14744,CF (ItemKNN),0.05555555555555555,
14744,Content (Avg Emb),0.0,
14744,Last-Item,0.0,
14744,Avg-Last-10,0.0,
14744,Recency-Weighted,0.0,
14744,Essence (K=15),0.0,
14806,Random,0.0,
14806,Popularity,0.0,
14806,CF (ItemKNN),0.2857142857142857,
14806,Content (Avg Emb),0.14285714285714285,
14806,Last-Item,0.0,
14806,Avg-Last-10,0.0,
14806,Recency-Weighted,0.0,
14806,Essence (K=15),0.0,
14818,Random,0.0,0.0
14818,Popularity,0.09090909090909091,0.0
14818,CF (ItemKNN),0.18181818181818182,0.0
14818,Content (Avg Emb),0.0,0.0
14818,Last-Item,0.0,0.0
14818,Avg-Last-10,0.0,0.0
14818,Recency-Weighted,0.0,0.0
14818,Essence (K=15),0.0,0.0
14858,Random,0.0,0.0
14858,Popularity,0.06451612903225806,0.0
14858,CF (ItemKNN),0.16129032258064516,0.0
14858,Content (Avg Emb),0.0,0.0
14858,Last-Item,0.0,0.0
14858,Avg-Last-10,0.0,0.0
14858,Recency-Weighted,0.0,0.0
14858,Essence (K=15),0.0,0.0
14927,Random,0.0,
14927,Popularity,0.0,
14927,CF (ItemKNN),0.0,
14927,Content (Avg Emb),0.0,
14927,Last-Item,0.0,
14927,Avg-Last-10,0.0,
14927,Recency-Weighted,0.0,
14927,Essence (K=15),0.0,
15060,Random,0.0,
15060,Popularity,0.16666666666666666,
15060,CF (ItemKNN),0.16666666666666666,
15060,Content (Avg Emb),0.0,
15060,Last-Item,0.0,
15060,Avg-Last-10,0.0,
15060,Recency-Weighted,0.0,
15060,Essence (K=15),0.0,
15084,Random,0.0,
15084,Popularity,0.0,
15084,CF (ItemKNN),0.0,
15084,Content (Avg Emb),0.0,
15084,Last-Item,0.0,
15084,Avg-Last-10,0.0,
15084,Recency-Weighted,0.0625,
15084,Essence (K=15),0.0,
15087,Random,0.0,
15087,Popularity,0.0,
15087,CF (ItemKNN),0.18181818181818182,
15087,Content (Avg Emb),0.0,
15087,Last-Item,0.09090909090909091,
15087,Avg-Last-10,0.0,
15087,Recency-Weighted,0.0,
15087,Essence (K=15),0.0,
15093,Random,0.0,
15093,Popularity,0.08333333333333333,
15093,CF (ItemKNN),0.0,
15093,Content (Avg Emb),0.0,
15093,Last-Item,0.0,
15093,Avg-Last-10,0.0,
15093,Recency-Weighted,0.0,
15093,Essence (K=15),0.0,
15179,Random,0.0,
15179,Popularity,0.5,
15179,CF (ItemKNN),0.75,
15179,Content (Avg Emb),0.0,
15179,Last-Item,0.0,
15179,Avg-Last-10,0.0,
15179,Recency-Weighted,0.0,
15179,Essence (K=15),0.0,
15284,Random,0.0,
15284,Popularity,0.0,
15284,CF (ItemKNN),0.0,
15284,Content (Avg Emb),0.0,
15284,Last-Item,0.0,
15284,Avg-Last-10,0.0,
15284,Recency-Weighted,0.0,
15284,Essence (K=15),0.0,
15364,Random,0.0,
15364,Popularity,0.05555555555555555,
15364,CF (ItemKNN),0.05555555555555555,
15364,Content (Avg Emb),0.0,
15364,Last-Item,0.0,
15364,Avg-Last-10,0.0,
15364,Recency-Weighted,0.0,
15364,Essence (K=15),0.0,
15373,Random,0.0,0.0
15373,Popularity,0.0,0.0
15373,CF (ItemKNN),0.0,0.0
15373,Content (Avg Emb),0.02631578947368421,0.0
15373,Last-Item,0.0,0.0
15373,Avg-Last-10,0.02631578947368421,0.0
15373,Recency-Weighted,0.02631578947368421,0.0
15373,Essence (K=15),0.02631578947368421,0.0
15516,Random,0.0,
15516,Popularity,0.0,
15516,CF (ItemKNN),0.0,
15516,Content (Avg Emb),0.0,
15516,Last-Item,0.0,
15516,Avg-Last-10,0.0,
15516,Recency-Weighted,0.0,
15516,Essence (K=15),0.0,
15629,Random,0.0,
15629,Popularity,0.0,
15629,CF (ItemKNN),0.0,
15629,Content (Avg Emb),0.0,
15629,Last-Item,0.0,
15629,Avg-Last-10,0.0,
15629,Recency-Weighted,0.0,
15629,Essence (K=15),0.0,
15639,Random,0.0,
15639,Popularity,0.0,
15639,CF (ItemKNN),0.0,
15639,Content (Avg Emb),0.0,
15639,Last-Item,0.0,
15639,Avg-Last-10,0.0,
15639,Recency-Weighted,0.0,
15639,Essence (K=15),0.0,
15677,Random,0.0,
15677,Popularity,0.0,
15677,CF (ItemKNN),0.0,
15677,Content (Avg Emb),0.0,
15677,Last-Item,0.0,
15677,Avg-Last-10,0.0,
15677,Recency-Weighted,0.0,
15677,Essence (K=15),0.0,
15714,Random,0.0,
15714,Popularity,0.0,
15714,CF (ItemKNN),0.09090909090909091,
15714,Content (Avg Emb),0.0,
15714,Last-Item,0.0,
15714,Avg-Last-10,0.0,
15714,Recency-Weighted,0.0,
15714,Essence (K=15),0.0,
15728,Random,0.0,0.0
15728,Popularity,0.0,0.0
15728,CF (ItemKNN),0.0,0.0
15728,Content (Avg Emb),0.0,0.0
15728,Last-Item,0.02631578947368421,0.0
15728,Avg-Last-10,0.0,0.0
15728,Recency-Weighted,0.0,0.0
15728,Essence (K=15),0.0,0.0
15793,Random,0.0,
15793,Popularity,0.0,
15793,CF (ItemKNN),0.0,
15793,Content (Avg Emb),0.0,
15793,Last-Item,0.0,
15793,Avg-Last-10,0.0,
15793,Recency-Weighted,0.0,
15793,Essence (K=15),0.0,
15827,Random,0.0,
15827,Popularity,0.0,
15827,CF (ItemKNN),0.0,
15827,Content (Avg Emb),0.0,
15827,Last-Item,0.0,
15827,Avg-Last-10,0.0,
15827,Recency-Weighted,0.0,
15827,Essence (K=15),0.0,
15927,Random,0.0,
15927,Popularity,0.0,
15927,CF (ItemKNN),0.0,
15927,Content (Avg Emb),0.0,
15927,Last-Item,0.0,
15927,Avg-Last-10,0.0,
15927,Recency-Weighted,0.0,
15927,Essence (K=15),0.0,
15991,Random,0.0,
15991,Popularity,0.0,
15991,CF (ItemKNN),0.25,
15991,Content (Avg Emb),0.0,
15991,Last-Item,0.0,
15991,Avg-Last-10,0.0,
15991,Recency-Weighted,0.0,
15991,Essence (K=15),0.0,
16082,Random,0.0,
16082,Popularity,0.0,
16082,CF (ItemKNN),0.0,
16082,Content (Avg Emb),0.0,
16082,Last-Item,0.0,
16082,Avg-Last-10,0.0,
16082,Recency-Weighted,0.0,
16082,Essence (K=15),0.0,
16220,Random,0.0,
16220,Popularity,0.0,
16220,CF (ItemKNN),0.07407407407407407,
16220,Content (Avg Emb),0.0,
16220,Last-Item,0.037037037037037035,
16220,Avg-Last-10,0.0,
16220,Recency-Weighted,0.0,
16220,Essence (K=15),0.0,
16228,Random,0.0,
16228,Popularity,0.0,
16228,CF (ItemKNN),0.0,
16228,Content (Avg Emb),0.0,
16228,Last-Item,0.0,
16228,Avg-Last-10,0.0,
16228,Recency-Weighted,0.0,
16228,Essence (K=15),0.0,
16467,Random,0.0,
16467,Popularity,0.0,
16467,CF (ItemKNN),0.25,
16467,Content (Avg Emb),0.0,
16467,Last-Item,0.0,
16467,Avg-Last-10,0.0,
16467,Recency-Weighted,0.0,
16467,Essence (K=15),0.0,
16533,Random,0.0,
16533,Popularity,0.0,
16533,CF (ItemKNN),0.0,
16533,Content (Avg Emb),0.0,
16533,Last-Item,0.0,
16533,Avg-Last-10,0.0,
16533,Recency-Weighted,0.0,
16533,Essence (K=15),0.0,
16633,Random,0.0,
16633,Popularity,0.0,
16633,CF (ItemKNN),0.5833333333333334,
16633,Content (Avg Emb),0.0,
16633,Last-Item,0.0,
16633,Avg-Last-10,0.0,
16633,Recency-Weighted,0.0,
16633,Essence (K=15),0.0,
16661,Random,0.0,
16661,Popularity,0.0,
16661,CF (ItemKNN),0.0,
16661,Content (Avg Emb),0.0,
16661,Last-Item,0.0,
16661,Avg-Last-10,0.0,
16661,Recency-Weighted,0.0,
16661,Essence (K=15),0.0,
16717,Random,0.0,0.0
16717,Popularity,0.12903225806451613,0.0
16717,CF (ItemKNN),0.06451612903225806,0.0
16717,Content (Avg Emb),0.0,0.0
16717,Last-Item,0.0,0.0
16717,Avg-Last-10,0.0,0.0
16717,Recency-Weighted,0.0,0.0
16717,Essence (K=15),0.0,0.0
16802,Random,0.0,
16802,Popularity,0.0,
16802,CF (ItemKNN),0.0,
16802,Content (Avg Emb),0.0,
16802,Last-Item,0.0,
16802,Avg-Last-10,0.0,
16802,Recency-Weighted,0.0,
16802,Essence (K=15),0.0,
16833,Random,0.0,
16833,Popularity,0.0,
16833,CF (ItemKNN),0.2,
16833,Content (Avg Emb),0.0,
16833,Last-Item,0.0,
16833,Avg-Last-10,0.0,
16833,Recency-Weighted,0.0,
16833,Essence (K=15),0.0,
16885,Random,0.0,
16885,Popularity,0.0,
16885,CF (ItemKNN),0.0,
16885,Content (Avg Emb),0.0,
16885,Last-Item,0.3333333333333333,
16885,Avg-Last-10,0.0,
16885,Recency-Weighted,0.0,
16885,Essence (K=15),0.0,
16891,Random,0.0,0.0
16891,Popularity,0.0,0.0
16891,CF (ItemKNN),0.2,0.0
16891,Content (Avg Emb),0.0,0.0
16891,Last-Item,0.0,0.0
16891,Avg-Last-10,0.0,0.0
16891,Recency-Weighted,0.0,0.0
16891,Essence (K=15),0.0,0.0
16904,Random,0.0,
16904,Popularity,0.8571428571428571,
16904,CF (ItemKNN),0.7142857142857143,
16904,Content (Avg Emb),0.14285714285714285,
16904,Last-Item,0.0,
16904,Avg-Last-10,0.0,
16904,Recency-Weighted,0.0,
16904,Essence (K=15),0.0,
17053,Random,0.0,
17053,Popularity,0.0,
17053,CF (ItemKNN),0.0,
17053,Content (Avg Emb),0.0,
17053,Last-Item,0.0,
17053,Avg-Last-10,0.0,
17053,Recency-Weighted,0.0,
17053,Essence (K=15),0.0,
17059,Random,0.0,
17059,Popularity,0.14285714285714285,
17059,CF (ItemKNN),0.14285714285714285,
17059,Content (Avg Emb),0.0,
17059,Last-Item,0.0,
17059,Avg-Last-10,0.14285714285714285,
17059,Recency-Weighted,0.14285714285714285,
17059,Essence (K=15),0.0,
17140,Random,0.0,0.0
17140,Popularity,0.0,0.0
17140,CF (ItemKNN),0.0,0.0
17140,Content (Avg Emb),0.0,0.0
17140,Last-Item,0.0,0.0
17140,Avg-Last-10,0.0,0.0
17140,Recency-Weighted,0.0,0.0
17140,Essence (K=15),0.0,0.0
17194,Random,0.0,0.0
17194,Popularity,0.0,0.0
17194,CF (ItemKNN),0.06666666666666667,0.0
17194,Content (Avg Emb),0.0,0.0
17194,Last-Item,0.0,0.0
17194,Avg-Last-10,0.0,0.0
17194,Recency-Weighted,0.0,0.0
17194,Essence (K=15),0.0,0.0
17226,Random,0.0,0.0
17226,Popularity,0.0,0.0
17226,CF (ItemKNN),0.0,0.0
17226,Content (Avg Emb),0.0,0.0
17226,Last-Item,0.0,0.0
17226,Avg-Last-10,0.0,0.0
17226,Recency-Weighted,0.0,0.0
17226,Essence (K=15),0.0,0.0
17266,Random,0.0,
17266,Popularity,0.0,
17266,CF (ItemKNN),0.0,
17266,Content (Avg Emb),0.0,
17266,Last-Item,0.0,
17266,Avg-Last-10,0.0,
17266,Recency-Weighted,0.0,
17266,Essence (K=15),0.0,
17302,Random,0.0,0.0
17302,Popularity,0.125,0.0
17302,CF (ItemKNN),0.125,0.0
17302,Content (Avg Emb),0.0,0.0
17302,Last-Item,0.0,0.0
17302,Avg-Last-10,0.0,0.0
17302,Recency-Weighted,0.0,0.0
17302,Essence (K=15),0.0,0.0
17403,Random,0.0,0.0
17403,Popularity,0.058823529411764705,0.0
17403,CF (ItemKNN),0.058823529411764705,0.0
17403,Content (Avg Emb),0.0,0.0
17403,Last-Item,0.0,0.0
17403,Avg-Last-10,0.058823529411764705,0.0
17403,Recency-Weighted,0.058823529411764705,0.0
17403,Essence (K=15),0.11764705882352941,0.0
17536,Random,0.0,
17536,Popularity,0.0,
17536,CF (ItemKNN),0.0,
17536,Content (Avg Emb),0.0,
17536,Last-Item,0.0,
17536,Avg-Last-10,0.0,
17536,Recency-Weighted,0.0,
17536,Essence (K=15),0.0,
17591,Random,0.0,
17591,Popularity,0.0,
17591,CF (ItemKNN),0.0,
17591,Content (Avg Emb),0.0,
17591,Last-Item,0.0,
17591,Avg-Last-10,0.0,
17591,Recency-Weighted,0.0,
17591,Essence (K=15),0.0,
17674,Random,0.0,
17674,Popularity,0.0,
17674,CF (ItemKNN),0.125,
17674,Content (Avg Emb),0.0,
17674,Last-Item,0.0,
17674,Avg-Last-10,0.0,
17674,Recency-Weighted,0.0,
17674,Essence (K=15),0.0,
17690,Random,0.0,
17690,Popularity,0.0,
17690,CF (ItemKNN),0.0,
17690,Content (Avg Emb),0.0,
17690,Last-Item,0.0,
17690,Avg-Last-10,0.0,
17690,Recency-Weighted,0.0,
17690,Essence (K=15),0.0,
17701,Random,0.0,
17701,Popularity,0.16666666666666666,
17701,CF (ItemKNN),0.3333333333333333,
17701,Content (Avg Emb),0.0,
17701,Last-Item,0.0,
17701,Avg-Last-10,0.0,
17701,Recency-Weighted,0.0,
17701,Essence (K=15),0.0,
17713,Random,0.0,0.0
17713,Popularity,0.0,0.0
17713,CF (ItemKNN),0.0,0.0
17713,Content (Avg Emb),0.0,0.0
17713,Last-Item,0.0,0.0
17713,Avg-Last-10,0.0,0.0
17713,Recency-Weighted,0.0,0.0
17713,Essence (K=15),0.0,0.0
17808,Random,0.0,
17808,Popularity,0.0,
17808,CF (ItemKNN),0.3333333333333333,
17808,Content (Avg Emb),0.0,
17808,Last-Item,0.0,
17808,Avg-Last-10,0.0,
17808,Recency-Weighted,0.0,
17808,Essence (K=15),0.0,
17816,Random,0.0,
17816,Popularity,0.0,
17816,CF (ItemKNN),0.0,
17816,Content (Avg Emb),0.0,
17816,Last-Item,0.0,
17816,Avg-Last-10,0.0,
17816,Recency-Weighted,0.0,
17816,Essence (K=15),0.0,
17869,Random,0.0,
17869,Popularity,0.2,
17869,CF (ItemKNN),0.2,
17869,Content (Avg Emb),0.0,
17869,Last-Item,0.0,
17869,Avg-Last-10,0.0,
17869,Recency-Weighted,0.0,
17869,Essence (K=15),0.0,
17908,Random,0.0,
17908,Popularity,0.05555555555555555,
17908,CF (ItemKNN),0.0,
17908,Content (Avg Emb),0.0,
17908,Last-Item,0.0,
17908,Avg-Last-10,0.0,
17908,Recency-Weighted,0.0,
17908,Essence (K=15),0.0,
17912,Random,0.0,
17912,Popularity,0.13513513513513514,
17912,CF (ItemKNN),0.08108108108108109,
17912,Content (Avg Emb),0.0,
17912,Last-Item,0.0,
17912,Avg-Last-10,0.02702702702702703,
17912,Recency-Weighted,0.02702702702702703,
17912,Essence (K=15),0.0,
17928,Random,0.0,
17928,Popularity,0.2,
17928,CF (ItemKNN),0.2,
17928,Content (Avg Emb),0.0,
17928,Last-Item,0.0,
17928,Avg-Last-10,0.0,
17928,Recency-Weighted,0.0,
17928,Essence (K=15),0.0,
17967,Random,0.0,
17967,Popularity,0.0,
17967,CF (ItemKNN),0.125,
17967,Content (Avg Emb),0.0,
17967,Last-Item,0.0,
17967,Avg-Last-10,0.0,
17967,Recency-Weighted,0.0,
17967,Essence (K=15),0.0,
18126,Random,0.0,
18126,Popularity,0.0,
18126,CF (ItemKNN),0.0,
18126,Content (Avg Emb),0.0,
18126,Last-Item,0.0,
18126,Avg-Last-10,0.043478260869565216,
18126,Recency-Weighted,0.0,
18126,Essence (K=15),0.08695652173913043,
18216,Random,0.0,0.0
18216,Popularity,0.0,0.0
18216,CF (ItemKNN),0.03333333333333333,0.0
18216,Content (Avg Emb),0.03333333333333333,0.0
18216,Last-Item,0.0,0.0
18216,Avg-Last-10,0.03333333333333333,0.0
18216,Recency-Weighted,0.03333333333333333,0.0
18216,Essence (K=15),0.0,0.0
18230,Random,0.0,
18230,Popularity,0.0,
18230,CF (ItemKNN),0.0,
18230,Content (Avg Emb),0.0,
18230,Last-Item,0.0,
18230,Avg-Last-10,0.0,
18230,Recency-Weighted,0.0,
18230,Essence (K=15),0.0,
18329,Random,0.0,
18329,Popularity,0.1111111111111111,
18329,CF (ItemKNN),0.1111111111111111,
18329,Content (Avg Emb),0.0,
18329,Last-Item,0.0,
18329,Avg-Last-10,0.0,
18329,Recency-Weighted,0.0,
18329,Essence (K=15),0.0,
18342,Random,0.0,
18342,Popularity,0.0,
18342,CF (ItemKNN),0.0,
18342,Content (Avg Emb),0.0,
18342,Last-Item,0.1,
18342,Avg-Last-10,0.0,
18342,Recency-Weighted,0.0,
18342,Essence (K=15),0.0,
18349,Random,0.0,0.0
18349,Popularity,0.0,0.0
18349,CF (ItemKNN),0.0,0.0
18349,Content (Avg Emb),0.0,0.0
18349,Last-Item,0.0,0.0
18349,Avg-Last-10,0.0,0.0
18349,Recency-Weighted,0.0,0.0
18349,Essence (K=15),0.0,0.0
18505,Random,0.0,0.0
18505,Popularity,0.0,0.0
18505,CF (ItemKNN),0.0,0.0
18505,Content (Avg Emb),0.0,0.0
18505,Last-Item,0.02702702702702703,0.0
18505,Avg-Last-10,0.02702702702702703,0.0
18505,Recency-Weighted,0.02702702702702703,0.0
18505,Essence (K=15),0.0,0.0
18587,Random,0.0,
18587,Popularity,0.058823529411764705,
18587,CF (ItemKNN),0.0,
18587,Content (Avg Emb),0.0,
18587,Last-Item,0.0,
18587,Avg-Last-10,0.0,
18587,Recency-Weighted,0.0,
18587,Essence (K=15),0.0,
18649,Random,0.0,
18649,Popularity,0.0,
18649,CF (ItemKNN),0.0,
18649,Content (Avg Emb),0.0,
18649,Last-Item,0.0,
18649,Avg-Last-10,0.0,
18649,Recency-Weighted,0.0,
18649,Essence (K=15),0.0,
18703,Random,0.0,
18703,Popularity,0.07142857142857142,
18703,CF (ItemKNN),0.14285714285714285,
18703,Content (Avg Emb),0.0,
18703,Last-Item,0.0,
18703,Avg-Last-10,0.0,
18703,Recency-Weighted,0.0,
18703,Essence (K=15),0.0,
18857,Random,0.0,
18857,Popularity,0.03225806451612903,
18857,CF (ItemKNN),0.03225806451612903,
18857,Content (Avg Emb),0.0,
18857,Last-Item,0.0,
18857,Avg-Last-10,0.0,
18857,Recency-Weighted,0.0,
18857,Essence (K=15),0.0,
18972,Random,0.0,
18972,Popularity,0.037037037037037035,
18972,CF (ItemKNN),0.0,
18972,Content (Avg Emb),0.0,
18972,Last-Item,0.0,
18972,Avg-Last-10,0.0,
18972,Recency-Weighted,0.0,
18972,Essence (K=15),0.037037037037037035,
19004,Random,0.0,0.0
19004,Popularity,0.16666666666666666,0.0
19004,CF (ItemKNN),0.1111111111111111,0.0
19004,Content (Avg Emb),0.0,0.0
19004,Last-Item,0.0,0.0
19004,Avg-Last-10,0.0,0.0
19004,Recency-Weighted,0.0,0.0
19004,Essence (K=15),0.0,0.0
19029,Random,0.0,
19029,Popularity,0.1,
19029,CF (ItemKNN),0.3,
19029,Content (Avg Emb),0.0,
19029,Last-Item,0.0,
19029,Avg-Last-10,0.0,
19029,Recency-Weighted,0.0,
19029,Essence (K=15),0.0,
19087,Random,0.0,
19087,Popularity,0.0,
19087,CF (ItemKNN),0.0,
19087,Content (Avg Emb),0.0,
19087,Last-Item,0.0,
19087,Avg-Last-10,0.0,
19087,Recency-Weighted,0.0,
19087,Essence (K=15),0.0,
19191,Random,0.0,0.0
19191,Popularity,0.09090909090909091,0.0
19191,CF (ItemKNN),0.2727272727272727,0.0
19191,Content (Avg Emb),0.0,0.0
19191,Last-Item,0.0,0.0
19191,Avg-Last-10,0.0,0.0
19191,Recency-Weighted,0.0,0.0
19191,Essence (K=15),0.0,0.0
19218,Random,0.0,
19218,Popularity,0.02702702702702703,
19218,CF (ItemKNN),0.05405405405405406,
19218,Content (Avg Emb),0.0,
19218,Last-Item,0.0,
19218,Avg-Last-10,0.0,
19218,Recency-Weighted,0.0,
19218,Essence (K=15),0.0,
19380,Random,0.0,0.0
19380,Popularity,0.0,0.0
19380,CF (ItemKNN),0.0,0.0
19380,Content (Avg Emb),0.0,0.0
19380,Last-Item,0.0,0.0
19380,Avg-Last-10,0.0,0.0
19380,Recency-Weighted,0.0,0.0
19380,Essence (K=15),0.0,0.0
19542,Random,0.0,
19542,Popularity,0.0,
19542,CF (ItemKNN),0.0,
19542,Content (Avg Emb),0.0,
19542,Last-Item,0.0,
19542,Avg-Last-10,0.0,
19542,Recency-Weighted,0.0,
19542,Essence (K=15),0.0,
19587,Random,0.0,
19587,Popularity,0.0,
19587,CF (ItemKNN),0.3333333333333333,
19587,Content (Avg Emb),0.0,
19587,Last-Item,0.0,
19587,Avg-Last-10,0.0,
19587,Recency-Weighted,0.0,
19587,Essence (K=15),0.0,
19620,Random,0.0,
19620,Popularity,0.3333333333333333,
19620,CF (ItemKNN),0.5,
19620,Content (Avg Emb),0.0,
19620,Last-Item,0.0,
19620,Avg-Last-10,0.0,
19620,Recency-Weighted,0.0,
19620,Essence (K=15),0.16666666666666666,
19721,Random,0.0,
19721,Popularity,0.5,
19721,CF (ItemKNN),0.6666666666666666,
19721,Content (Avg Emb),0.0,
19721,Last-Item,0.16666666666666666,
19721,Avg-Last-10,0.0,
19721,Recency-Weighted,0.0,
19721,Essence (K=15),0.0,
19985,Random,0.0,
19985,Popularity,0.1,
19985,CF (ItemKNN),0.0,
19985,Content (Avg Emb),0.0,
19985,Last-Item,0.0,
19985,Avg-Last-10,0.0,
19985,Recency-Weighted,0.0,
19985,Essence (K=15),0.0,
19994,Random,0.0,0.0
19994,Popularity,0.16666666666666666,0.0
19994,CF (ItemKNN),0.16666666666666666,0.0
19994,Content (Avg Emb),0.0,0.0
19994,Last-Item,0.0,0.0
19994,Avg-Last-10,0.0,0.0
19994,Recency-Weighted,0.0,0.0
19994,Essence (K=15),0.0,0.0
20080,Random,0.0,
20080,Popularity,0.0,
20080,CF (ItemKNN),0.0,
20080,Content (Avg Emb),0.0,
20080,Last-Item,0.0,
20080,Avg-Last-10,0.0,
20080,Recency-Weighted,0.0,
20080,Essence (K=15),0.0,
20097,Random,0.0,
20097,Popularity,0.0,
20097,CF (ItemKNN),0.16666666666666666,
20097,Content (Avg Emb),0.0,
20097,Last-Item,0.0,
20097,Avg-Last-10,0.0,
20097,Recency-Weighted,0.0,
20097,Essence (K=15),0.0,
20201,Random,0.0,0.0
20201,Popularity,0.0,0.0
20201,CF (ItemKNN),0.0,0.0
20201,Content (Avg Emb),0.0,0.0
20201,Last-Item,0.0,0.0
20201,Avg-Last-10,0.0,0.0
20201,Recency-Weighted,0.0,0.0
20201,Essence (K=15),0.0,0.0
20248,Random,0.0,
20248,Popularity,0.0,
20248,CF (ItemKNN),0.0,
20248,Content (Avg Emb),0.0,
20248,Last-Item,0.0,
20248,Avg-Last-10,0.0,
20248,Recency-Weighted,0.0,
20248,Essence (K=15),0.0,
20285,Random,0.0,
20285,Popularity,0.0,
20285,CF (ItemKNN),0.6,
20285,Content (Avg Emb),0.0,
20285,Last-Item,0.2,
20285,Avg-Last-10,0.0,
20285,Recency-Weighted,0.0,
20285,Essence (K=15),0.0,
20326,Random,0.0,
20326,Popularity,0.0,
20326,CF (ItemKNN),0.16666666666666666,
20326,Content (Avg Emb),0.0,
20326,Last-Item,0.0,
20326,Avg-Last-10,0.0,
20326,Recency-Weighted,0.0,
20326,Essence (K=15),0.0,
20348,Random,0.0,
20348,Popularity,0.034482758620689655,
20348,CF (ItemKNN),0.0,
20348,Content (Avg Emb),0.0,
20348,Last-Item,0.0,
20348,Avg-Last-10,0.0,
20348,Recency-Weighted,0.0,
20348,Essence (K=15),0.0,
20359,Random,0.0,
20359,Popularity,0.0,
20359,CF (ItemKNN),0.0,
20359,Content (Avg Emb),0.0,
20359,Last-Item,0.0,
20359,Avg-Last-10,0.0,
20359,Recency-Weighted,0.0,
20359,Essence (K=15),0.0,
20366,Random,0.0,
20366,Popularity,0.14285714285714285,
20366,CF (ItemKNN),0.14285714285714285,
20366,Content (Avg Emb),0.0,
20366,Last-Item,0.0,
20366,Avg-Last-10,0.0,
20366,Recency-Weighted,0.0,
20366,Essence (K=15),0.0,
20415,Random,0.0,0.0
20415,Popularity,0.0,0.0
20415,CF (ItemKNN),0.05555555555555555,0.0
20415,Content (Avg Emb),0.0,0.0
20415,Last-Item,0.0,0.0
20415,Avg-Last-10,0.0,0.0
20415,Recency-Weighted,0.0,0.0
20415,Essence (K=15),0.0,0.0
20430,Random,0.0,
20430,Popularity,0.0,
20430,CF (ItemKNN),0.75,
20430,Content (Avg Emb),0.0,
20430,Last-Item,0.0,
20430,Avg-Last-10,0.0,
20430,Recency-Weighted,0.0,
20430,Essence (K=15),0.0,
20433,Random,0.0,
20433,Popularity,0.0,
20433,CF (ItemKNN),0.16666666666666666,
20433,Content (Avg Emb),0.0,
20433,Last-Item,0.0,
20433,Avg-Last-10,0.0,
20433,Recency-Weighted,0.0,
20433,Essence (K=15),0.0,
20603,Random,0.0,
20603,Popularity,0.18181818181818182,
20603,CF (ItemKNN),0.13636363636363635,
20603,Content (Avg Emb),0.0,
20603,Last-Item,0.045454545454545456,
20603,Avg-Last-10,0.0,
20603,Recency-Weighted,0.0,
20603,Essence (K=15),0.0,
20652,Random,0.0,0.0
20652,Popularity,0.0,0.0
20652,CF (ItemKNN),0.0,0.0
20652,Content (Avg Emb),0.0,0.0
20652,Last-Item,0.0,0.0
20652,Avg-Last-10,0.0,0.0
20652,Recency-Weighted,0.0,0.0
20652,Essence (K=15),0.0,0.0
20781,Random,0.0,0.0
20781,Popularity,0.058823529411764705,0.0
20781,CF (ItemKNN),0.058823529411764705,0.0
20781,Content (Avg Emb),0.0,0.0
20781,Last-Item,0.0,0.0
20781,Avg-Last-10,0.0,0.0
20781,Recency-Weighted,0.0,0.0
20781,Essence (K=15),0.0,0.0
20855,Random,0.0,0.0
20855,Popularity,0.0,0.0
20855,CF (ItemKNN),0.0,0.0
20855,Content (Avg Emb),0.0,0.0
20855,Last-Item,0.0,0.0
20855,Avg-Last-10,0.045454545454545456,0.0
20855,Recency-Weighted,0.045454545454545456,0.0
20855,Essence (K=15),0.0,0.0
20922,Random,0.0,
20922,Popularity,0.3333333333333333,
20922,CF (ItemKNN),0.5,
20922,Content (Avg Emb),0.0,
20922,Last-Item,0.0,
20922,Avg-Last-10,0.0,
20922,Recency-Weighted,0.0,
20922,Essence (K=15),0.0,
21031,Random,0.09090909090909091,
21031,Popularity,0.0,
21031,CF (ItemKNN),0.0,
21031,Content (Avg Emb),0.0,
21031,Last-Item,0.0,
21031,Avg-Last-10,0.0,
21031,Recency-Weighted,0.0,
21031,Essence (K=15),0.0,
21137,Random,0.0,0.0
21137,Popularity,0.0,0.0
21137,CF (ItemKNN),0.0,0.0
21137,Content (Avg Emb),0.0,0.0
21137,Last-Item,0.0,0.0
21137,Avg-Last-10,0.0,0.0
21137,Recency-Weighted,0.0,0.0
21137,Essence (K=15),0.0,0.0
21138,Random,0.0,
21138,Popularity,0.0,
21138,CF (ItemKNN),0.0,
21138,Content (Avg Emb),0.0,
21138,Last-Item,0.0,
21138,Avg-Last-10,0.0,
21138,Recency-Weighted,0.0,
21138,Essence (K=15),0.0,
21230,Random,0.0,0.0
21230,Popularity,0.08333333333333333,0.0
21230,CF (ItemKNN),0.027777777777777776,0.0
21230,Content (Avg Emb),0.0,0.0
21230,Last-Item,0.0,0.0
21230,Avg-Last-10,0.0,0.0
21230,Recency-Weighted,0.0,0.0
21230,Essence (K=15),0.0,0.0
21239,Random,0.0,0.0
21239,Popularity,0.2,0.0
21239,CF (ItemKNN),0.0,0.0
21239,Content (Avg Emb),0.0,0.0
21239,Last-Item,0.2,0.0
21239,Avg-Last-10,0.2,0.0
21239,Recency-Weighted,0.2,0.0
21239,Essence (K=15),0.2,0.0
21293,Random,0.0,
21293,Popularity,0.0,
21293,CF (ItemKNN),0.21428571428571427,
21293,Content (Avg Emb),0.0,
21293,Last-Item,0.0,
21293,Avg-Last-10,0.0,
21293,Recency-Weighted,0.0,
21293,Essence (K=15),0.0,
21315,Random,0.0,
21315,Popularity,0.0,
21315,CF (ItemKNN),0.5,
21315,Content (Avg Emb),0.0,
21315,Last-Item,0.0,
21315,Avg-Last-10,0.0,
21315,Recency-Weighted,0.0,
21315,Essence (K=15),0.0,
21344,Random,0.0,
21344,Popularity,0.0,
21344,CF (ItemKNN),0.0,
21344,Content (Avg Emb),0.0,
21344,Last-Item,0.0,
21344,Avg-Last-10,0.0,
21344,Recency-Weighted,0.0,
21344,Essence (K=15),0.0,
21392,Random,0.0,
21392,Popularity,0.0,
21392,CF (ItemKNN),0.0,
21392,Content (Avg Emb),0.0,
21392,Last-Item,0.0,
21392,Avg-Last-10,0.0,
21392,Recency-Weighted,0.0,
21392,Essence (K=15),0.0,
21544,Random,0.0,
21544,Popularity,0.0,
21544,CF (ItemKNN),0.0,
21544,Content (Avg Emb),0.0,
21544,Last-Item,0.0,
21544,Avg-Last-10,0.0,
21544,Recency-Weighted,0.0,
21544,Essence (K=15),0.0,
21696,Random,0.0,0.0
21696,Popularity,0.09090909090909091,0.0
21696,CF (ItemKNN),0.045454545454545456,0.0
21696,Content (Avg Emb),0.045454545454545456,0.5
21696,Last-Item,0.0,0.0
21696,Avg-Last-10,0.0,0.0
21696,Recency-Weighted,0.0,0.0
21696,Essence (K=15),0.0,0.0
21734,Random,0.0,
21734,Popularity,0.0,
21734,CF (ItemKNN),0.14285714285714285,
21734,Content (Avg Emb),0.0,
21734,Last-Item,0.0,
21734,Avg-Last-10,0.0,
21734,Recency-Weighted,0.0,
21734,Essence (K=15),0.0,
21855,Random,0.0,
21855,Popularity,0.0,
21855,CF (ItemKNN),0.0,
21855,Content (Avg Emb),0.0,
21855,Last-Item,0.0,
21855,Avg-Last-10,0.0,
21855,Recency-Weighted,0.0,
21855,Essence (K=15),0.0,
21876,Random,0.0,
21876,Popularity,0.0,
21876,CF (ItemKNN),0.0,
21876,Content (Avg Emb),0.0,
21876,Last-Item,0.0,
21876,Avg-Last-10,0.0,
21876,Recency-Weighted,0.0,
21876,Essence (K=15),0.0,
22003,Random,0.0,
22003,Popularity,0.0,
22003,CF (ItemKNN),0.36363636363636365,
22003,Content (Avg Emb),0.0,
22003,Last-Item,0.0,
22003,Avg-Last-10,0.0,
22003,Recency-Weighted,0.0,
22003,Essence (K=15),0.0,
22114,Random,0.0,
22114,Popularity,0.0,
22114,CF (ItemKNN),0.034482758620689655,
22114,Content (Avg Emb),0.0,
22114,Last-Item,0.0,
22114,Avg-Last-10,0.0,
22114,Recency-Weighted,0.0,
22114,Essence (K=15),0.0,
22682,Random,0.0,
22682,Popularity,0.0,
22682,CF (ItemKNN),0.24242424242424243,
22682,Content (Avg Emb),0.0,
22682,Last-Item,0.030303030303030304,
22682,Avg-Last-10,0.0,
22682,Recency-Weighted,0.0,
22682,Essence (K=15),0.0,
22789,Random,0.0,
22789,Popularity,0.09090909090909091,
22789,CF (ItemKNN),0.18181818181818182,
22789,Content (Avg Emb),0.0,
22789,Last-Item,0.0,
22789,Avg-Last-10,0.0,
22789,Recency-Weighted,0.0,
22789,Essence (K=15),0.0,
22915,Random,0.0,
22915,Popularity,0.0,
22915,CF (ItemKNN),0.0,
22915,Content (Avg Emb),0.0,
22915,Last-Item,0.0,
22915,Avg-Last-10,0.0,
22915,Recency-Weighted,0.0,
22915,Essence (K=15),0.0,
22981,Random,0.0,
22981,Popularity,0.0,
22981,CF (ItemKNN),0.07142857142857142,
22981,Content (Avg Emb),0.0,
22981,Last-Item,0.0,
22981,Avg-Last-10,0.14285714285714285,
22981,Recency-Weighted,0.07142857142857142,
22981,Essence (K=15),0.14285714285714285,
23094,Random,0.0,0.0
23094,Popularity,0.0,0.0
23094,CF (ItemKNN),0.0,0.0
23094,Content (Avg Emb),0.0,0.0
23094,Last-Item,0.0,0.0
23094,Avg-Last-10,0.0,0.0
23094,Recency-Weighted,0.0,0.0
23094,Essence (K=15),0.0,0.0
23200,Random,0.0,0.0
23200,Popularity,0.16666666666666666,0.0
23200,CF (ItemKNN),0.08333333333333333,0.0
23200,Content (Avg Emb),0.0,0.0
23200,Last-Item,0.0,0.0
23200,Avg-Last-10,0.0,0.0
23200,Recency-Weighted,0.0,0.0
23200,Essence (K=15),0.0,0.0
23262,Random,0.0,
23262,Popularity,0.0,
23262,CF (ItemKNN),0.4,
23262,Content (Avg Emb),0.0,
23262,Last-Item,0.0,
23262,Avg-Last-10,0.0,
23262,Recency-Weighted,0.0,
23262,Essence (K=15),0.0,
23301,Random,0.0,
23301,Popularity,0.0625,
23301,CF (ItemKNN),0.0625,
23301,Content (Avg Emb),0.0,
23301,Last-Item,0.0,
23301,Avg-Last-10,0.0,
23301,Recency-Weighted,0.0,
23301,Essence (K=15),0.0,
23554,Random,0.0,
23554,Popularity,0.07692307692307693,
23554,CF (ItemKNN),0.23076923076923078,
23554,Content (Avg Emb),0.0,
23554,Last-Item,0.0,
23554,Avg-Last-10,0.07692307692307693,
23554,Recency-Weighted,0.07692307692307693,
23554,Essence (K=15),0.07692307692307693,
23711,Random,0.0,
23711,Popularity,0.0,
23711,CF (ItemKNN),0.0,
23711,Content (Avg Emb),0.0,
23711,Last-Item,0.0,
23711,Avg-Last-10,0.0,
23711,Recency-Weighted,0.0,
23711,Essence (K=15),0.0,
23884,Random,0.0,
23884,Popularity,0.0,
23884,CF (ItemKNN),0.047619047619047616,
23884,Content (Avg Emb),0.0,
23884,Last-Item,0.0,
23884,Avg-Last-10,0.0,
23884,Recency-Weighted,0.0,
23884,Essence (K=15),0.0,
23986,Random,0.0,
23986,Popularity,0.0,
23986,CF (ItemKNN),0.0,
23986,Content (Avg Emb),0.0,
23986,Last-Item,0.0,
23986,Avg-Last-10,0.16666666666666666,
23986,Recency-Weighted,0.0,
23986,Essence (K=15),0.0,
24114,Random,0.0,
24114,Popularity,0.2,
24114,CF (ItemKNN),0.2,
24114,Content (Avg Emb),0.0,
24114,Last-Item,0.0,
24114,Avg-Last-10,0.0,
24114,Recency-Weighted,0.0,
24114,Essence (K=15),0.0,
24141,Random,0.0,
24141,Popularity,0.0,
24141,CF (ItemKNN),0.3333333333333333,
24141,Content (Avg Emb),0.0,
24141,Last-Item,0.0,
24141,Avg-Last-10,0.0,
24141,Recency-Weighted,0.0,
24141,Essence (K=15),0.0,
24184,Random,0.0,
24184,Popularity,0.0,
24184,CF (ItemKNN),0.0,
24184,Content (Avg Emb),0.0,
24184,Last-Item,0.0,
24184,Avg-Last-10,0.0,
24184,Recency-Weighted,0.0,
24184,Essence (K=15),0.0,
24205,Random,0.0,0.0
24205,Popularity,0.0,0.0
24205,CF (ItemKNN),0.0,0.0
24205,Content (Avg Emb),0.0,0.0
24205,Last-Item,0.0,0.0
24205,Avg-Last-10,0.0,0.0
24205,Recency-Weighted,0.0,0.0
24205,Essence (K=15),0.0,0.0
24240,Random,0.0,
24240,Popularity,0.16666666666666666,
24240,CF (ItemKNN),0.25,
24240,Content (Avg Emb),0.08333333333333333,
24240,Last-Item,0.08333333333333333,
24240,Avg-Last-10,0.0,
24240,Recency-Weighted,0.0,
24240,Essence (K=15),0.0,
24304,Random,0.0,
24304,Popularity,0.043478260869565216,
24304,CF (ItemKNN),0.043478260869565216,
24304,Content (Avg Emb),0.0,
24304,Last-Item,0.0,
24304,Avg-Last-10,0.0,
24304,Recency-Weighted,0.0,
24304,Essence (K=15),0.0,
24388,Random,0.0,
24388,Popularity,0.0,
24388,CF (ItemKNN),0.05555555555555555,
24388,Content (Avg Emb),0.0,
24388,Last-Item,0.0,
24388,Avg-Last-10,0.05555555555555555,
24388,Recency-Weighted,0.0,
24388,Essence (K=15),0.0,
24552,Random,0.029411764705882353,0.0
24552,Popularity,0.0,0.0
24552,CF (ItemKNN),0.0,0.0
24552,Content (Avg Emb),0.0,0.0
24552,Last-Item,0.0,0.0
24552,Avg-Last-10,0.0,0.0
24552,Recency-Weighted,0.0,0.0
24552,Essence (K=15),0.0,0.0
24603,Random,0.0,0.0
24603,Popularity,0.0,0.0
24603,CF (ItemKNN),0.05,0.0
24603,Content (Avg Emb),0.0,0.0
24603,Last-Item,0.0,0.0
24603,Avg-Last-10,0.0,0.0
24603,Recency-Weighted,0.0,0.0
24603,Essence (K=15),0.0,0.0
24604,Random,0.0,
24604,Popularity,0.05,
24604,CF (ItemKNN),0.15,
24604,Content (Avg Emb),0.0,
24604,Last-Item,0.0,
24604,Avg-Last-10,0.0,
24604,Recency-Weighted,0.0,
24604,Essence (K=15),0.0,
24635,Random,0.0,
24635,Popularity,0.0,
24635,CF (ItemKNN),0.0,
24635,Content (Avg Emb),0.0,
24635,Last-Item,0.0,
24635,Avg-Last-10,0.0,
24635,Recency-Weighted,0.0,
24635,Essence (K=15),0.0,
24777,Random,0.0,0.0
24777,Popularity,0.07894736842105263,0.0
24777,CF (ItemKNN),0.21052631578947367,0.0
24777,Content (Avg Emb),0.0,0.0
24777,Last-Item,0.0,0.0
24777,Avg-Last-10,0.02631578947368421,0.0
24777,Recency-Weighted,0.02631578947368421,0.0
24777,Essence (K=15),0.0,0.0
25122,Random,0.0,
25122,Popularity,0.0,
25122,CF (ItemKNN),0.0,
25122,Content (Avg Emb),0.1111111111111111,
25122,Last-Item,0.0,
25122,Avg-Last-10,0.0,
25122,Recency-Weighted,0.0,
25122,Essence (K=15),0.0,
25213,Random,0.0,
25213,Popularity,0.0,
25213,CF (ItemKNN),0.0,
25213,Content (Avg Emb),0.0,
25213,Last-Item,0.0,
25213,Avg-Last-10,0.0,
25213,Recency-Weighted,0.0,
25213,Essence (K=15),0.0,
25222,Random,0.0,
25222,Popularity,0.0,
25222,CF (ItemKNN),0.0,
25222,Content (Avg Emb),0.16666666666666666,
25222,Last-Item,0.0,
25222,Avg-Last-10,0.0,
25222,Recency-Weighted,0.0,
25222,Essence (K=15),0.0,
25227,Random,0.0,0.0
25227,Popularity,0.0,0.0
25227,CF (ItemKNN),0.0,0.0
25227,Content (Avg Emb),0.0,0.0
25227,Last-Item,0.0,0.0
25227,Avg-Last-10,0.0,0.0
25227,Recency-Weighted,0.0,0.0
25227,Essence (K=15),0.0,0.0
25229,Random,0.0,
25229,Popularity,0.0,
25229,CF (ItemKNN),0.0,
25229,Content (Avg Emb),0.0,
25229,Last-Item,0.0,
25229,Avg-Last-10,0.0,
25229,Recency-Weighted,0.0,
25229,Essence (K=15),0.0,
25314,Random,0.0,
25314,Popularity,0.0,
25314,CF (ItemKNN),0.0,
25314,Content (Avg Emb),0.0,
25314,Last-Item,0.0,
25314,Avg-Last-10,0.0,
25314,Recency-Weighted,0.0,
25314,Essence (K=15),0.0,
25321,Random,0.0,
25321,Popularity,0.08695652173913043,
25321,CF (ItemKNN),0.17391304347826086,
25321,Content (Avg Emb),0.0,
25321,Last-Item,0.043478260869565216,
25321,Avg-Last-10,0.0,
25321,Recency-Weighted,0.0,
25321,Essence (K=15),0.0,
25329,Random,0.0,
25329,Popularity,0.0,
25329,CF (ItemKNN),0.0,
25329,Content (Avg Emb),0.0,
25329,Last-Item,0.0,
25329,Avg-Last-10,0.0,
25329,Recency-Weighted,0.0,
25329,Essence (K=15),0.0,
25408,Random,0.0,0.0
25408,Popularity,0.04,0.0
25408,CF (ItemKNN),0.04,0.0
25408,Content (Avg Emb),0.0,0.0
25408,Last-Item,0.0,0.0
25408,Avg-Last-10,0.0,0.0
25408,Recency-Weighted,0.0,0.0
25408,Essence (K=15),0.0,0.0
25550,Random,0.0,
25550,Popularity,0.0,
25550,CF (ItemKNN),0.038461538461538464,
25550,Content (Avg Emb),0.0,
25550,Last-Item,0.0,
25550,Avg-Last-10,0.0,
25550,Recency-Weighted,0.0,
25550,Essence (K=15),0.0,
25624,Random,0.0,
25624,Popularity,0.13333333333333333,
25624,CF (ItemKNN),0.26666666666666666,
25624,Content (Avg Emb),0.06666666666666667,
25624,Last-Item,0.0,
25624,Avg-Last-10,0.0,
25624,Recency-Weighted,0.0,
25624,Essence (K=15),0.0,
25695,Random,0.0,
25695,Popularity,0.21428571428571427,
25695,CF (ItemKNN),0.14285714285714285,
25695,Content (Avg Emb),0.07142857142857142,
25695,Last-Item,0.0,
25695,Avg-Last-10,0.07142857142857142,
25695,Recency-Weighted,0.07142857142857142,
25695,Essence (K=15),0.0,
26139,Random,0.0,0.0
26139,Popularity,0.1111111111111111,0.0
26139,CF (ItemKNN),0.07407407407407407,0.0
26139,Content (Avg Emb),0.0,0.0
26139,Last-Item,0.0,0.0
26139,Avg-Last-10,0.0,0.0
26139,Recency-Weighted,0.0,0.0
26139,Essence (K=15),0.0,0.0
26188,Random,0.0,
26188,Popularity,0.0,
26188,CF (ItemKNN),0.0,
26188,Content (Avg Emb),0.0,
26188,Last-Item,0.0,
26188,Avg-Last-10,0.0,
26188,Recency-Weighted,0.0,
26188,Essence (K=15),0.0,
26306,Random,0.0,
26306,Popularity,0.25,
26306,CF (ItemKNN),0.375,
26306,Content (Avg Emb),0.0,
26306,Last-Item,0.0,
26306,Avg-Last-10,0.0,
26306,Recency-Weighted,0.0,
26306,Essence (K=15),0.0,
26334,Random,0.0,
26334,Popularity,0.0,
26334,CF (ItemKNN),0.0,
26334,Content (Avg Emb),0.0,
26334,Last-Item,0.0,
26334,Avg-Last-10,0.0,
26334,Recency-Weighted,0.0,
26334,Essence (K=15),0.0,
26339,Random,0.0,
26339,Popularity,0.0,
26339,CF (ItemKNN),0.0,
26339,Content (Avg Emb),0.0,
26339,Last-Item,0.0,
26339,Avg-Last-10,0.0,
26339,Recency-Weighted,0.0,
26339,Essence (K=15),0.0,
26662,Random,0.0,
26662,Popularity,0.0,
26662,CF (ItemKNN),0.07407407407407407,
26662,Content (Avg Emb),0.0,
26662,Last-Item,0.0,
26662,Avg-Last-10,0.0,
26662,Recency-Weighted,0.0,
26662,Essence (K=15),0.0,
26713,Random,0.0,
26713,Popularity,0.125,
26713,CF (ItemKNN),0.15625,
26713,Content (Avg Emb),0.0,
26713,Last-Item,0.0,
26713,Avg-Last-10,0.0,
26713,Recency-Weighted,0.0,
26713,Essence (K=15),0.0,
26769,Random,0.0,0.0
26769,Popularity,0.0,0.0
26769,CF (ItemKNN),0.0,0.0
26769,Content (Avg Emb),0.0,0.0
26769,Last-Item,0.0,0.0
26769,Avg-Last-10,0.0,0.0
26769,Recency-Weighted,0.0,0.0
26769,Essence (K=15),0.0,0.0
26834,Random,0.0,0.0
26834,Popularity,0.1,0.0
26834,CF (ItemKNN),0.2,0.0
26834,Content (Avg Emb),0.0,0.0
26834,Last-Item,0.0,0.0
26834,Avg-Last-10,0.0,0.0
26834,Recency-Weighted,0.0,0.0
26834,Essence (K=15),0.0,0.0
26849,Random,0.0,
26849,Popularity,0.06666666666666667,
26849,CF (ItemKNN),0.1,
26849,Content (Avg Emb),0.0,
26849,Last-Item,0.0,
26849,Avg-Last-10,0.03333333333333333,
26849,Recency-Weighted,0.03333333333333333,
26849,Essence (K=15),0.0,
26853,Random,0.0,
26853,Popularity,0.3333333333333333,
26853,CF (ItemKNN),0.16666666666666666,
26853,Content (Avg Emb),0.0,
26853,Last-Item,0.0,
26853,Avg-Last-10,0.0,
26853,Recency-Weighted,0.0,
26853,Essence (K=15),0.0,
26882,Random,0.0,0.0
26882,Popularity,0.0,0.0
26882,CF (ItemKNN),0.0,0.0
26882,Content (Avg Emb),0.0,0.0
26882,Last-Item,0.0,0.0
26882,Avg-Last-10,0.0,0.0
26882,Recency-Weighted,0.0,0.0
26882,Essence (K=15),0.08333333333333333,0.0
26915,Random,0.0,
26915,Popularity,0.0,
26915,CF (ItemKNN),0.25,
26915,Content (Avg Emb),0.0,
26915,Last-Item,0.0,
26915,Avg-Last-10,0.0,
26915,Recency-Weighted,0.0,
26915,Essence (K=15),0.0,
27163,Random,0.0,
27163,Popularity,0.0,
27163,CF (ItemKNN),0.0,
27163,Content (Avg Emb),0.0,
27163,Last-Item,0.0,
27163,Avg-Last-10,0.0,
27163,Recency-Weighted,0.0,
27163,Essence (K=15),0.0,
27343,Random,0.0,
27343,Popularity,0.0,
27343,CF (ItemKNN),0.25,
27343,Content (Avg Emb),0.0,
27343,Last-Item,0.0,
27343,Avg-Last-10,0.0,
27343,Recency-Weighted,0.0,
27343,Essence (K=15),0.0,
27357,Random,0.0,
27357,Popularity,0.037037037037037035,
27357,CF (ItemKNN),0.037037037037037035,
27357,Content (Avg Emb),0.0,
27357,Last-Item,0.0,
27357,Avg-Last-10,0.0,
27357,Recency-Weighted,0.0,
27357,Essence (K=15),0.0,
27578,Random,0.0,
27578,Popularity,0.0,
27578,CF (ItemKNN),0.16666666666666666,
27578,Content (Avg Emb),0.0,
27578,Last-Item,0.0,
27578,Avg-Last-10,0.0,
27578,Recency-Weighted,0.0,
27578,Essence (K=15),0.0,
27685,Random,0.0,
27685,Popularity,0.0,
27685,CF (ItemKNN),0.043478260869565216,
27685,Content (Avg Emb),0.0,
27685,Last-Item,0.0,
27685,Avg-Last-10,0.0,
27685,Recency-Weighted,0.0,
27685,Essence (K=15),0.0,
27735,Random,0.0,0.0
27735,Popularity,0.0,0.0
27735,CF (ItemKNN),0.0,0.0
27735,Content (Avg Emb),0.0,0.0
27735,Last-Item,0.0,0.0
27735,Avg-Last-10,0.0,0.0
27735,Recency-Weighted,0.0,0.0
27735,Essence (K=15),0.0,0.0
27832,Random,0.0,
27832,Popularity,0.05,
27832,CF (ItemKNN),0.0,
27832,Content (Avg Emb),0.0,
27832,Last-Item,0.0,
27832,Avg-Last-10,0.0,
27832,Recency-Weighted,0.0,
27832,Essence (K=15),0.0,
27878,Random,0.0,0.0
27878,Popularity,0.0,0.0
27878,CF (ItemKNN),0.034482758620689655,0.0
27878,Content (Avg Emb),0.0,0.0
27878,Last-Item,0.0,0.0
27878,Avg-Last-10,0.0,0.0
27878,Recency-Weighted,0.0,0.0
27878,Essence (K=15),0.0,0.0
27956,Random,0.0,0.0
27956,Popularity,0.0,0.0
27956,CF (ItemKNN),0.10526315789473684,0.0
27956,Content (Avg Emb),0.0,0.0
27956,Last-Item,0.0,0.0
27956,Avg-Last-10,0.0,0.0
27956,Recency-Weighted,0.0,0.0
27956,Essence (K=15),0.0,0.0
28183,Random,0.0,
28183,Popularity,0.0,
28183,CF (ItemKNN),0.0,
28183,Content (Avg Emb),0.0,
28183,Last-Item,0.0,
28183,Avg-Last-10,0.0,
28183,Recency-Weighted,0.0,
28183,Essence (K=15),0.0,
28217,Random,0.0,0.0
28217,Popularity,0.0,0.0
28217,CF (ItemKNN),0.0,0.0
28217,Content (Avg Emb),0.0,0.0
28217,Last-Item,0.125,0.0
28217,Avg-Last-10,0.125,0.0
28217,Recency-Weighted,0.125,0.0
28217,Essence (K=15),0.0,0.0
28275,Random,0.0,
28275,Popularity,0.16666666666666666,
28275,CF (ItemKNN),0.0,
28275,Content (Avg Emb),0.0,
28275,Last-Item,0.0,
28275,Avg-Last-10,0.0,
28275,Recency-Weighted,0.0,
28275,Essence (K=15),0.0,
28442,Random,0.0,
28442,Popularity,0.125,
28442,CF (ItemKNN),0.0,
28442,Content (Avg Emb),0.0,
28442,Last-Item,0.0,
28442,Avg-Last-10,0.0,
28442,Recency-Weighted,0.0,
28442,Essence (K=15),0.0,
28702,Random,0.0,0.0
28702,Popularity,0.0,0.0
28702,CF (ItemKNN),0.0,0.0
28702,Content (Avg Emb),0.0,0.0
28702,Last-Item,0.0,0.0
28702,Avg-Last-10,0.0,0.0
28702,Recency-Weighted,0.0,0.0
28702,Essence (K=15),0.0,0.0
28789,Random,0.25,
28789,Popularity,0.0,
28789,CF (ItemKNN),0.0,
28789,Content (Avg Emb),0.0,
28789,Last-Item,0.0,
28789,Avg-Last-10,0.0,
28789,Recency-Weighted,0.0,
28789,Essence (K=15),0.0,
28840,Random,0.0,
28840,Popularity,0.0,
28840,CF (ItemKNN),0.0,
28840,Content (Avg Emb),0.0,
28840,Last-Item,0.0,
28840,Avg-Last-10,0.0,
28840,Recency-Weighted,0.0,
28840,Essence (K=15),0.0,
28854,Random,0.0,
28854,Popularity,0.0,
28854,CF (ItemKNN),0.14285714285714285,
28854,Content (Avg Emb),0.0,
28854,Last-Item,0.0,
28854,Avg-Last-10,0.0,
28854,Recency-Weighted,0.0,
28854,Essence (K=15),0.0,
28890,Random,0.0,0.0
28890,Popularity,0.0,0.0
28890,CF (ItemKNN),0.0,0.0
28890,Content (Avg Emb),0.0,0.0
28890,Last-Item,0.0,0.0
28890,Avg-Last-10,0.0,0.0
28890,Recency-Weighted,0.0,0.0
28890,Essence (K=15),0.0,0.0
28947,Random,0.0,
28947,Popularity,0.0,
28947,CF (ItemKNN),0.0,
28947,Content (Avg Emb),0.0,
28947,Last-Item,0.0,
28947,Avg-Last-10,0.0,
28947,Recency-Weighted,0.0,
28947,Essence (K=15),0.0,
29150,Random,0.0,
29150,Popularity,0.0,
29150,CF (ItemKNN),0.0,
29150,Content (Avg Emb),0.0,
29150,Last-Item,0.058823529411764705,
29150,Avg-Last-10,0.0,
29150,Recency-Weighted,0.0,
29150,Essence (K=15),0.0,
29265,Random,0.0,
29265,Popularity,0.0,
29265,CF (ItemKNN),0.0,
29265,Content (Avg Emb),0.0,
29265,Last-Item,0.0,
29265,Avg-Last-10,0.0,
29265,Recency-Weighted,0.0,
29265,Essence (K=15),0.0,
29269,Random,0.0,
29269,Popularity,0.058823529411764705,
29269,CF (ItemKNN),0.11764705882352941,
29269,Content (Avg Emb),0.0,
29269,Last-Item,0.0,
29269,Avg-Last-10,0.0,
29269,Recency-Weighted,0.0,
29269,Essence (K=15),0.0,
29682,Random,0.0,
29682,Popularity,0.23076923076923078,
29682,CF (ItemKNN),0.38461538461538464,
29682,Content (Avg Emb),0.0,
29682,Last-Item,0.0,
29682,Avg-Last-10,0.0,
29682,Recency-Weighted,0.0,
29682,Essence (K=15),0.0,
29754,Random,0.0,
29754,Popularity,0.0,
29754,CF (ItemKNN),0.0,
29754,Content (Avg Emb),0.0,
29754,Last-Item,0.0,
29754,Avg-Last-10,0.0,
29754,Recency-Weighted,0.0,
29754,Essence (K=15),0.0,
29755,Random,0.0,
29755,Popularity,0.0,
29755,CF (ItemKNN),0.0,
29755,Content (Avg Emb),0.09090909090909091,
29755,Last-Item,0.0,
29755,Avg-Last-10,0.09090909090909091,
29755,Recency-Weighted,0.0,
29755,Essence (K=15),0.0,
29812,Random,0.0,
29812,Popularity,0.0,
29812,CF (ItemKNN),0.0,
29812,Content (Avg Emb),0.0,
29812,Last-Item,0.0,
29812,Avg-Last-10,0.0,
29812,Recency-Weighted,0.0,
29812,Essence (K=15),0.0,
29869,Random,0.0,
29869,Popularity,0.0,
29869,CF (ItemKNN),0.0,
29869,Content (Avg Emb),0.0,
29869,Last-Item,0.0,
29869,Avg-Last-10,0.0,
29869,Recency-Weighted,0.0,
29869,Essence (K=15),0.0,
29873,Random,0.0,
29873,Popularity,0.0,
29873,CF (ItemKNN),0.1,
29873,Content (Avg Emb),0.0,
29873,Last-Item,0.0,
29873,Avg-Last-10,0.0,
29873,Recency-Weighted,0.0,
29873,Essence (K=15),0.0,
30104,Random,0.0,
30104,Popularity,0.25,
30104,CF (ItemKNN),0.0,
30104,Content (Avg Emb),0.0,
30104,Last-Item,0.0,
30104,Avg-Last-10,0.0,
30104,Recency-Weighted,0.0,
30104,Essence (K=15),0.0,
30372,Random,0.0,0.0
30372,Popularity,0.0,0.0
30372,CF (ItemKNN),0.0,0.0
30372,Content (Avg Emb),0.0,0.0
30372,Last-Item,0.0,0.0
30372,Avg-Last-10,0.0,0.0
30372,Recency-Weighted,0.0,0.0
30372,Essence (K=15),0.03225806451612903,0.0
30478,Random,0.0,
30478,Popularity,0.0,
30478,CF (ItemKNN),0.125,
30478,Content (Avg Emb),0.0,
30478,Last-Item,0.0,
30478,Avg-Last-10,0.0,
30478,Recency-Weighted,0.0,
30478,Essence (K=15),0.0,
30513,Random,0.0,
30513,Popularity,0.0,
30513,CF (ItemKNN),0.0,
30513,Content (Avg Emb),0.0,
30513,Last-Item,0.2857142857142857,
30513,Avg-Last-10,0.0,
30513,Recency-Weighted,0.0,
30513,Essence (K=15),0.0,
30541,Random,0.0,
30541,Popularity,0.0,
30541,CF (ItemKNN),0.0,
30541,Content (Avg Emb),0.0,
30541,Last-Item,0.0,
30541,Avg-Last-10,0.0,
30541,Recency-Weighted,0.0,
30541,Essence (K=15),0.0,
30545,Random,0.0,
30545,Popularity,0.0,
30545,CF (ItemKNN),0.13333333333333333,
30545,Content (Avg Emb),0.0,
30545,Last-Item,0.0,
30545,Avg-Last-10,0.0,
30545,Recency-Weighted,0.0,
30545,Essence (K=15),0.0,
30547,Random,0.0,
30547,Popularity,0.0,
30547,CF (ItemKNN),0.0,
30547,Content (Avg Emb),0.0,
30547,Last-Item,0.0,
30547,Avg-Last-10,0.0,
30547,Recency-Weighted,0.0,
30547,Essence (K=15),0.0,
30557,Random,0.0,
30557,Popularity,0.0,
30557,CF (ItemKNN),0.15789473684210525,
30557,Content (Avg Emb),0.0,
30557,Last-Item,0.0,
30557,Avg-Last-10,0.0,
30557,Recency-Weighted,0.0,
30557,Essence (K=15),0.0,
30575,Random,0.0,
30575,Popularity,0.0,
30575,CF (ItemKNN),0.0,
30575,Content (Avg Emb),0.0,
30575,Last-Item,0.0,
30575,Avg-Last-10,0.0,
30575,Recency-Weighted,0.0,
30575,Essence (K=15),0.0,
30610,Random,0.0,0.0
30610,Popularity,0.0,0.0
30610,CF (ItemKNN),0.0,0.0
30610,Content (Avg Emb),0.03333333333333333,0.0
30610,Last-Item,0.03333333333333333,0.0
30610,Avg-Last-10,0.03333333333333333,0.0
30610,Recency-Weighted,0.03333333333333333,0.0
30610,Essence (K=15),0.0,0.0
30639,Random,0.0,
30639,Popularity,0.0,
30639,CF (ItemKNN),0.058823529411764705,
30639,Content (Avg Emb),0.0,
30639,Last-Item,0.0,
30639,Avg-Last-10,0.0,
30639,Recency-Weighted,0.0,
30639,Essence (K=15),0.0,
30646,Random,0.0,
30646,Popularity,0.25,
30646,CF (ItemKNN),0.25,
30646,Content (Avg Emb),0.0,
30646,Last-Item,0.0,
30646,Avg-Last-10,0.0,
30646,Recency-Weighted,0.0,
30646,Essence (K=15),0.0,
30788,Random,0.0,
30788,Popularity,0.0,
30788,CF (ItemKNN),0.25,
30788,Content (Avg Emb),0.0,
30788,Last-Item,0.0,
30788,Avg-Last-10,0.0,
30788,Recency-Weighted,0.0,
30788,Essence (K=15),0.0,
30797,Random,0.0,
30797,Popularity,0.0,
30797,CF (ItemKNN),0.25,
30797,Content (Avg Emb),0.0,
30797,Last-Item,0.0,
30797,Avg-Last-10,0.0,
30797,Recency-Weighted,0.0,
30797,Essence (K=15),0.0,
30831,Random,0.0,
30831,Popularity,0.0,
30831,CF (ItemKNN),0.0,
30831,Content (Avg Emb),0.0,
30831,Last-Item,0.0,
30831,Avg-Last-10,0.0,
30831,Recency-Weighted,0.0,
30831,Essence (K=15),0.0,
30916,Random,0.0,
30916,Popularity,0.0,
30916,CF (ItemKNN),0.0,
30916,Content (Avg Emb),0.0,
30916,Last-Item,0.0,
30916,Avg-Last-10,0.0,
30916,Recency-Weighted,0.0,
30916,Essence (K=15),0.0,
31061,Random,0.0,
31061,Popularity,0.0625,
31061,CF (ItemKNN),0.0,
31061,Content (Avg Emb),0.0,
31061,Last-Item,0.0,
31061,Avg-Last-10,0.0,
31061,Recency-Weighted,0.0,
31061,Essence (K=15),0.0,
31122,Random,0.0,0.0
31122,Popularity,0.02564102564102564,0.0
31122,CF (ItemKNN),0.02564102564102564,0.0
31122,Content (Avg Emb),0.0,0.0
31122,Last-Item,0.0,0.0
31122,Avg-Last-10,0.0,0.0
31122,Recency-Weighted,0.0,0.0
31122,Essence (K=15),0.0,0.0
31205,Random,0.0,
31205,Popularity,0.0,
31205,CF (ItemKNN),0.0,
31205,Content (Avg Emb),0.0,
31205,Last-Item,0.0,
31205,Avg-Last-10,0.0,
31205,Recency-Weighted,0.0,
31205,Essence (K=15),0.0,
31462,Random,0.0,0.0
31462,Popularity,0.03225806451612903,0.0
31462,CF (ItemKNN),0.03225806451612903,0.0
31462,Content (Avg Emb),0.0,0.0
31462,Last-Item,0.03225806451612903,1.0
31462,Avg-Last-10,0.03225806451612903,0.0
31462,Recency-Weighted,0.03225806451612903,0.0
31462,Essence (K=15),0.03225806451612903,0.0
31816,Random,0.0,
31816,Popularity,0.0,
31816,CF (ItemKNN),0.0,
31816,Content (Avg Emb),0.0,
31816,Last-Item,0.0,
31816,Avg-Last-10,0.0,
31816,Recency-Weighted,0.0,
31816,Essence (K=15),0.0,
32073,Random,0.0,0.0
32073,Popularity,0.0,0.0
32073,CF (ItemKNN),0.0,0.0
32073,Content (Avg Emb),0.0,0.0
32073,Last-Item,0.0,0.0
32073,Avg-Last-10,0.0,0.0
32073,Recency-Weighted,0.0,0.0
32073,Essence (K=15),0.0,0.0
32104,Random,0.0,
32104,Popularity,0.1,
32104,CF (ItemKNN),0.1,
32104,Content (Avg Emb),0.0,
32104,Last-Item,0.0,
32104,Avg-Last-10,0.0,
32104,Recency-Weighted,0.0,
32104,Essence (K=15),0.0,
32157,Random,0.0,0.0
32157,Popularity,0.0,0.0
32157,CF (ItemKNN),0.0,0.0
32157,Content (Avg Emb),0.0,0.0
32157,Last-Item,0.0,0.0
32157,Avg-Last-10,0.0,0.0
32157,Recency-Weighted,0.0,0.0
32157,Essence (K=15),0.0,0.0
32291,Random,0.0,0.0
32291,Popularity,0.09523809523809523,0.0
32291,CF (ItemKNN),0.23809523809523808,0.0
32291,Content (Avg Emb),0.0,0.0
32291,Last-Item,0.0,0.0
32291,Avg-Last-10,0.0,0.0
32291,Recency-Weighted,0.0,0.0
32291,Essence (K=15),0.0,0.0
32372,Random,0.0,
32372,Popularity,0.0,
32372,CF (ItemKNN),0.0,
32372,Content (Avg Emb),0.0,
32372,Last-Item,0.0,
32372,Avg-Last-10,0.0,
32372,Recency-Weighted,0.0,
32372,Essence (K=15),0.0,
32474,Random,0.0,
32474,Popularity,0.14285714285714285,
32474,CF (ItemKNN),0.14285714285714285,
32474,Content (Avg Emb),0.0,
32474,Last-Item,0.0,
32474,Avg-Last-10,0.0,
32474,Recency-Weighted,0.0,
32474,Essence (K=15),0.0,
32581,Random,0.0,
32581,Popularity,0.2857142857142857,
32581,CF (ItemKNN),0.2857142857142857,
32581,Content (Avg Emb),0.0,
32581,Last-Item,0.0,
32581,Avg-Last-10,0.0,
32581,Recency-Weighted,0.0,
32581,Essence (K=15),0.0,
32610,Random,0.0,
32610,Popularity,0.0,
32610,CF (ItemKNN),0.1111111111111111,
32610,Content (Avg Emb),0.0,
32610,Last-Item,0.0,
32610,Avg-Last-10,0.0,
32610,Recency-Weighted,0.0,
32610,Essence (K=15),0.1111111111111111,
32625,Random,0.0,
32625,Popularity,0.0,
32625,CF (ItemKNN),0.4,
32625,Content (Avg Emb),0.0,
32625,Last-Item,0.0,
32625,Avg-Last-10,0.0,
32625,Recency-Weighted,0.0,
32625,Essence (K=15),0.0,
32633,Random,0.0,0.0
32633,Popularity,0.0,0.0
32633,CF (ItemKNN),0.0,0.0
32633,Content (Avg Emb),0.0,0.0
32633,Last-Item,0.0,0.0
32633,Avg-Last-10,0.0,0.0
32633,Recency-Weighted,0.0,0.0
32633,Essence (K=15),0.0,0.0
32747,Random,0.0,
32747,Popularity,0.0,
32747,CF (ItemKNN),0.0,
32747,Content (Avg Emb),0.0,
32747,Last-Item,0.0,
32747,Avg-Last-10,0.16666666666666666,
32747,Recency-Weighted,0.0,
32747,Essence (K=15),0.0,
32867,Random,0.0,
32867,Popularity,0.0,
32867,CF (ItemKNN),0.0,
32867,Content (Avg Emb),0.0,
32867,Last-Item,0.0,
32867,Avg-Last-10,0.0,
32867,Recency-Weighted,0.0,
32867,Essence (K=15),0.0,
32972,Random,0.0,0.0
32972,Popularity,0.0,0.0
32972,CF (ItemKNN),0.0,0.0
32972,Content (Avg Emb),0.0,0.0
32972,Last-Item,0.0,0.0
32972,Avg-Last-10,0.0,0.0
32972,Recency-Weighted,0.0,0.0
32972,Essence (K=15),0.0,0.0
32990,Random,0.0,0.0
32990,Popularity,0.0,0.0
32990,CF (ItemKNN),0.0,0.0
32990,Content (Avg Emb),0.0,0.0
32990,Last-Item,0.0,0.0
32990,Avg-Last-10,0.038461538461538464,0.0
32990,Recency-Weighted,0.038461538461538464,0.0
32990,Essence (K=15),0.0,0.0
33199,Random,0.0,
33199,Popularity,0.0,
33199,CF (ItemKNN),0.0,
33199,Content (Avg Emb),0.0,
33199,Last-Item,0.0,
33199,Avg-Last-10,0.0,
33199,Recency-Weighted,0.0,
33199,Essence (K=15),0.0,
33441,Random,0.0,0.0
33441,Popularity,0.0,0.0
33441,CF (ItemKNN),0.04,0.0
33441,Content (Avg Emb),0.0,0.0
33441,Last-Item,0.0,0.0
33441,Avg-Last-10,0.0,0.0
33441,Recency-Weighted,0.0,0.0
33441,Essence (K=15),0.0,0.0
33472,Random,0.0,0.0
33472,Popularity,0.0,0.0
33472,CF (ItemKNN),0.0,0.0
33472,Content (Avg Emb),0.0,0.0
33472,Last-Item,0.0,0.0
33472,Avg-Last-10,0.0,0.0
33472,Recency-Weighted,0.0,0.0
33472,Essence (K=15),0.0,0.0
33650,Random,0.0,
33650,Popularity,0.0,
33650,CF (ItemKNN),0.0,
33650,Content (Avg Emb),0.0,
33650,Last-Item,0.0,
33650,Avg-Last-10,0.0,
33650,Recency-Weighted,0.0,
33650,Essence (K=15),0.0,
33745,Random,0.0,0.0
33745,Popularity,0.06666666666666667,0.0
33745,CF (ItemKNN),0.06666666666666667,0.0
33745,Content (Avg Emb),0.0,0.0
33745,Last-Item,0.0,0.0
33745,Avg-Last-10,0.0,0.0
33745,Recency-Weighted,0.0,0.0
33745,Essence (K=15),0.0,0.0
33750,Random,0.0,
33750,Popularity,0.0,
33750,CF (ItemKNN),0.0,
33750,Content (Avg Emb),0.0,
33750,Last-Item,0.0,
33750,Avg-Last-10,0.0,
33750,Recency-Weighted,0.0,
33750,Essence (K=15),0.0,
33824,Random,0.0,0.0
33824,Popularity,0.0,0.0
33824,CF (ItemKNN),0.0,0.0
33824,Content (Avg Emb),0.0,0.0
33824,Last-Item,0.0,0.0
33824,Avg-Last-10,0.0,0.0
33824,Recency-Weighted,0.0,0.0
33824,Essence (K=15),0.0,0.0
33919,Random,0.0,
33919,Popularity,0.0,
33919,CF (ItemKNN),0.2222222222222222,
33919,Content (Avg Emb),0.0,
33919,Last-Item,0.0,
33919,Avg-Last-10,0.0,
33919,Recency-Weighted,0.0,
33919,Essence (K=15),0.0,
34054,Random,0.0,0.0
34054,Popularity,0.058823529411764705,0.0
34054,CF (ItemKNN),0.029411764705882353,0.0
34054,Content (Avg Emb),0.0,0.0
34054,Last-Item,0.0,0.0
34054,Avg-Last-10,0.029411764705882353,0.0
34054,Recency-Weighted,0.029411764705882353,0.0
34054,Essence (K=15),0.029411764705882353,0.0
34089,Random,0.03333333333333333,0.0
34089,Popularity,0.0,0.0
34089,CF (ItemKNN),0.0,0.0
34089,Content (Avg Emb),0.0,0.0
34089,Last-Item,0.0,0.0
34089,Avg-Last-10,0.0,0.0
34089,Recency-Weighted,0.0,0.0
34089,Essence (K=15),0.0,0.0
34611,Random,0.0,
34611,Popularity,0.0,
34611,CF (ItemKNN),0.2,
34611,Content (Avg Emb),0.0,
34611,Last-Item,0.0,
34611,Avg-Last-10,0.0,
34611,Recency-Weighted,0.0,
34611,Essence (K=15),0.0,
34640,Random,0.0,0.0
34640,Popularity,0.10256410256410256,0.0
34640,CF (ItemKNN),0.07692307692307693,0.0
34640,Content (Avg Emb),0.0,0.0
34640,Last-Item,0.0,0.0
34640,Avg-Last-10,0.0,0.0
34640,Recency-Weighted,0.0,0.0
34640,Essence (K=15),0.0,0.0
34661,Random,0.0,
34661,Popularity,0.0,
34661,CF (ItemKNN),0.0,
34661,Content (Avg Emb),0.0,
34661,Last-Item,0.0,
34661,Avg-Last-10,0.0,
34661,Recency-Weighted,0.0,
34661,Essence (K=15),0.0,
34686,Random,0.0,0.0
34686,Popularity,0.0,0.0
34686,CF (ItemKNN),0.0,0.0
34686,Content (Avg Emb),0.0,0.0
34686,Last-Item,0.13333333333333333,0.0
34686,Avg-Last-10,0.13333333333333333,0.0
34686,Recency-Weighted,0.2,0.0
34686,Essence (K=15),0.2,0.0
34732,Random,0.0,
34732,Popularity,0.16,
34732,CF (ItemKNN),0.12,
34732,Content (Avg Emb),0.0,
34732,Last-Item,0.0,
34732,Avg-Last-10,0.0,
34732,Recency-Weighted,0.0,
34732,Essence (K=15),0.0,
34966,Random,0.0,0.0
34966,Popularity,0.0,0.0
34966,CF (ItemKNN),0.0,0.0
34966,Content (Avg Emb),0.0,0.0
34966,Last-Item,0.0,0.0
34966,Avg-Last-10,0.0,0.0
34966,Recency-Weighted,0.0,0.0
34966,Essence (K=15),0.0,0.0
34992,Random,0.0,
34992,Popularity,0.0,
34992,CF (ItemKNN),0.15384615384615385,
34992,Content (Avg Emb),0.0,
34992,Last-Item,0.0,
34992,Avg-Last-10,0.0,
34992,Recency-Weighted,0.0,
34992,Essence (K=15),0.0,
35066,Random,0.0,
35066,Popularity,0.15789473684210525,
35066,CF (ItemKNN),0.05263157894736842,
35066,Content (Avg Emb),0.0,
35066,Last-Item,0.0,
35066,Avg-Last-10,0.0,
35066,Recency-Weighted,0.0,
35066,Essence (K=15),0.05263157894736842,
35095,Random,0.0,
35095,Popularity,0.0,
35095,CF (ItemKNN),0.0,
35095,Content (Avg Emb),0.0,
35095,Last-Item,0.0,
35095,Avg-Last-10,0.0,
35095,Recency-Weighted,0.0,
35095,Essence (K=15),0.0,
35129,Random,0.0,
35129,Popularity,0.0,
35129,CF (ItemKNN),0.1,
35129,Content (Avg Emb),0.0,
35129,Last-Item,0.0,
35129,Avg-Last-10,0.0,
35129,Recency-Weighted,0.0,
35129,Essence (K=15),0.0,
35265,Random,0.0,
35265,Popularity,0.0,
35265,CF (ItemKNN),0.375,
35265,Content (Avg Emb),0.0,
35265,Last-Item,0.0,
35265,Avg-Last-10,0.0,
35265,Recency-Weighted,0.0,
35265,Essence (K=15),0.0,
35292,Random,0.0,
35292,Popularity,0.0,
35292,CF (ItemKNN),0.0,
35292,Content (Avg Emb),0.0,
35292,Last-Item,0.058823529411764705,
35292,Avg-Last-10,0.0,
35292,Recency-Weighted,0.0,
35292,Essence (K=15),0.0,
35427,Random,0.0,0.0
35427,Popularity,0.0,0.0
35427,CF (ItemKNN),0.0,0.0
35427,Content (Avg Emb),0.0,0.0
35427,Last-Item,0.0,0.0
35427,Avg-Last-10,0.0,0.0
35427,Recency-Weighted,0.0,0.0
35427,Essence (K=15),0.0,0.0
35473,Random,0.0,
35473,Popularity,0.043478260869565216,
35473,CF (ItemKNN),0.2608695652173913,
35473,Content (Avg Emb),0.0,
35473,Last-Item,0.0,
35473,Avg-Last-10,0.0,
35473,Recency-Weighted,0.0,
35473,Essence (K=15),0.0,
35531,Random,0.0,
35531,Popularity,0.2222222222222222,
35531,CF (ItemKNN),0.1111111111111111,
35531,Content (Avg Emb),0.0,
35531,Last-Item,0.0,
35531,Avg-Last-10,0.0,
35531,Recency-Weighted,0.0,
35531,Essence (K=15),0.0,
35549,Random,0.0,0.0
35549,Popularity,0.03225806451612903,0.0
35549,CF (ItemKNN),0.03225806451612903,0.0
35549,Content (Avg Emb),0.0,0.0
35549,Last-Item,0.0,0.0
35549,Avg-Last-10,0.0,0.0
35549,Recency-Weighted,0.0,0.0
35549,Essence (K=15),0.0,0.0
35568,Random,0.0,
35568,Popularity,0.0,
35568,CF (ItemKNN),0.06060606060606061,
35568,Content (Avg Emb),0.0,
35568,Last-Item,0.0,
35568,Avg-Last-10,0.0,
35568,Recency-Weighted,0.0,
35568,Essence (K=15),0.0,
35671,Random,0.0,
35671,Popularity,0.06451612903225806,
35671,CF (ItemKNN),0.06451612903225806,
35671,Content (Avg Emb),0.0,
35671,Last-Item,0.0,
35671,Avg-Last-10,0.0,
35671,Recency-Weighted,0.0,
35671,Essence (K=15),0.0,
35989,Random,0.0,
35989,Popularity,0.05263157894736842,
35989,CF (ItemKNN),0.10526315789473684,
35989,Content (Avg Emb),0.0,
35989,Last-Item,0.05263157894736842,
35989,Avg-Last-10,0.0,
35989,Recency-Weighted,0.0,
35989,Essence (K=15),0.0,
36068,Random,0.0,
36068,Popularity,0.0,
36068,CF (ItemKNN),0.0,
36068,Content (Avg Emb),0.0,
36068,Last-Item,0.0,
36068,Avg-Last-10,0.0,
36068,Recency-Weighted,0.0,
36068,Essence (K=15),0.0,
36082,Random,0.0,0.0
36082,Popularity,0.0,0.0
36082,CF (ItemKNN),0.0,0.0
36082,Content (Avg Emb),0.0,0.0
36082,Last-Item,0.0,0.0
36082,Avg-Last-10,0.0,0.0
36082,Recency-Weighted,0.0,0.0
36082,Essence (K=15),0.0,0.0
36172,Random,0.0,
36172,Popularity,0.0,
36172,CF (ItemKNN),0.1111111111111111,
36172,Content (Avg Emb),0.0,
36172,Last-Item,0.0,
36172,Avg-Last-10,0.0,
36172,Recency-Weighted,0.1111111111111111,
36172,Essence (K=15),0.0,
36441,Random,0.0,
36441,Popularity,0.07692307692307693,
36441,CF (ItemKNN),0.07692307692307693,
36441,Content (Avg Emb),0.0,
36441,Last-Item,0.0,
36441,Avg-Last-10,0.0,
36441,Recency-Weighted,0.0,
36441,Essence (K=15),0.0,
36459,Random,0.0,
36459,Popularity,0.0,
36459,CF (ItemKNN),0.0,
36459,Content (Avg Emb),0.0,
36459,Last-Item,0.0,
36459,Avg-Last-10,0.0,
36459,Recency-Weighted,0.0,
36459,Essence (K=15),0.0,
36622,Random,0.0,
36622,Popularity,0.1,
36622,CF (ItemKNN),0.1,
36622,Content (Avg Emb),0.0,
36622,Last-Item,0.0,
36622,Avg-Last-10,0.0,
36622,Recency-Weighted,0.0,
36622,Essence (K=15),0.0,
36676,Random,0.0,0.0
36676,Popularity,0.0,0.0
36676,CF (ItemKNN),0.0,0.0
36676,Content (Avg Emb),0.0,0.0
36676,Last-Item,0.0,0.0
36676,Avg-Last-10,0.0,0.0
36676,Recency-Weighted,0.0,0.0
36676,Essence (K=15),0.0,0.0
36875,Random,0.0,
36875,Popularity,0.2,
36875,CF (ItemKNN),0.2,
36875,Content (Avg Emb),0.0,
36875,Last-Item,0.0,
36875,Avg-Last-10,0.0,
36875,Recency-Weighted,0.0,
36875,Essence (K=15),0.0,
36943,Random,0.0,
36943,Popularity,0.0,
36943,CF (ItemKNN),0.0,
36943,Content (Avg Emb),0.0,
36943,Last-Item,0.0,
36943,Avg-Last-10,0.0,
36943,Recency-Weighted,0.0,
36943,Essence (K=15),0.0,
36987,Random,0.0,
36987,Popularity,0.0,
36987,CF (ItemKNN),0.0,
36987,Content (Avg Emb),0.0,
36987,Last-Item,0.0,
36987,Avg-Last-10,0.0,
36987,Recency-Weighted,0.0,
36987,Essence (K=15),0.0,
37136,Random,0.0,
37136,Popularity,0.0,
37136,CF (ItemKNN),0.0,
37136,Content (Avg Emb),0.0,
37136,Last-Item,0.25,
37136,Avg-Last-10,0.0,
37136,Recency-Weighted,0.0,
37136,Essence (K=15),0.25,
37267,Random,0.0,0.0
37267,Popularity,0.0,0.0
37267,CF (ItemKNN),0.0,0.0
37267,Content (Avg Emb),0.0,0.0
37267,Last-Item,0.0,0.0
37267,Avg-Last-10,0.0,0.0
37267,Recency-Weighted,0.0,0.0
37267,Essence (K=15),0.0,0.0
37269,Random,0.0,0.0
37269,Popularity,0.09090909090909091,0.0
37269,CF (ItemKNN),0.09090909090909091,0.0
37269,Content (Avg Emb),0.0,0.0
37269,Last-Item,0.0,0.0
37269,Avg-Last-10,0.0,0.0
37269,Recency-Weighted,0.0,0.0
37269,Essence (K=15),0.0,0.0
37346,Random,0.0,
37346,Popularity,0.16666666666666666,
37346,CF (ItemKNN),0.0,
37346,Content (Avg Emb),0.0,
37346,Last-Item,0.0,
37346,Avg-Last-10,0.0,
37346,Recency-Weighted,0.0,
37346,Essence (K=15),0.0,
37381,Random,0.0,
37381,Popularity,0.0,
37381,CF (ItemKNN),0.23076923076923078,
37381,Content (Avg Emb),0.0,
37381,Last-Item,0.0,
37381,Avg-Last-10,0.0,
37381,Recency-Weighted,0.0,
37381,Essence (K=15),0.0,
37460,Random,0.0,
37460,Popularity,0.25,
37460,CF (ItemKNN),0.0,
37460,Content (Avg Emb),0.0,
37460,Last-Item,0.0,
37460,Avg-Last-10,0.0,
37460,Recency-Weighted,0.0,
37460,Essence (K=15),0.0,
37578,Random,0.0,
37578,Popularity,0.0,
37578,CF (ItemKNN),0.0,
37578,Content (Avg Emb),0.0,
37578,Last-Item,0.0,
37578,Avg-Last-10,0.0,
37578,Recency-Weighted,0.0,
37578,Essence (K=15),0.0,
37685,Random,0.0,
37685,Popularity,0.0,
37685,CF (ItemKNN),0.0,
37685,Content (Avg Emb),0.0,
37685,Last-Item,0.0,
37685,Avg-Last-10,0.0,
37685,Recency-Weighted,0.0,
37685,Essence (K=15),0.0,
37791,Random,0.0,
37791,Popularity,0.0,
37791,CF (ItemKNN),0.0,
37791,Content (Avg Emb),0.0,
37791,Last-Item,0.0,
37791,Avg-Last-10,0.0,
37791,Recency-Weighted,0.0,
37791,Essence (K=15),0.0,
37836,Random,0.0,
37836,Popularity,0.0,
37836,CF (ItemKNN),0.0,
37836,Content (Avg Emb),0.0,
37836,Last-Item,0.0,
37836,Avg-Last-10,0.0,
37836,Recency-Weighted,0.0,
37836,Essence (K=15),0.0,
37879,Random,0.0,
37879,Popularity,0.16666666666666666,
37879,CF (ItemKNN),0.0,
37879,Content (Avg Emb),0.0,
37879,Last-Item,0.0,
37879,Avg-Last-10,0.0,
37879,Recency-Weighted,0.0,
37879,Essence (K=15),0.0,
37966,Random,0.0,
37966,Popularity,0.0,
37966,CF (ItemKNN),0.14285714285714285,
37966,Content (Avg Emb),0.0,
37966,Last-Item,0.0,
37966,Avg-Last-10,0.0,
37966,Recency-Weighted,0.0,
37966,Essence (K=15),0.0,
38001,Random,0.0,
38001,Popularity,0.0,
38001,CF (ItemKNN),0.0,
38001,Content (Avg Emb),0.0,
38001,Last-Item,0.0,
38001,Avg-Last-10,0.0,
38001,Recency-Weighted,0.0,
38001,Essence (K=15),0.0,
38169,Random,0.0,
38169,Popularity,0.0,
38169,CF (ItemKNN),0.0,
38169,Content (Avg Emb),0.0,
38169,Last-Item,0.0,
38169,Avg-Last-10,0.0,
38169,Recency-Weighted,0.0,
38169,Essence (K=15),0.0,
38345,Random,0.0,
38345,Popularity,0.0,
38345,CF (ItemKNN),0.0,
38345,Content (Avg Emb),0.0,
38345,Last-Item,0.0,
38345,Avg-Last-10,0.0,
38345,Recency-Weighted,0.0,
38345,Essence (K=15),0.0,
38527,Random,0.0,
38527,Popularity,0.09090909090909091,
38527,CF (ItemKNN),0.0,
38527,Content (Avg Emb),0.0,
38527,Last-Item,0.0,
38527,Avg-Last-10,0.0,
38527,Recency-Weighted,0.0,
38527,Essence (K=15),0.0,
38823,Random,0.0,
38823,Popularity,0.0,
38823,CF (ItemKNN),0.0,
38823,Content (Avg Emb),0.0,
38823,Last-Item,0.0,
38823,Avg-Last-10,0.0,
38823,Recency-Weighted,0.0,
38823,Essence (K=15),0.0,
38851,Random,0.0,
38851,Popularity,0.11764705882352941,
38851,CF (ItemKNN),0.11764705882352941,
38851,Content (Avg Emb),0.0,
38851,Last-Item,0.0,
38851,Avg-Last-10,0.0,
38851,Recency-Weighted,0.0,
38851,Essence (K=15),0.0,
38873,Random,0.0,0.0
38873,Popularity,0.0,0.0
38873,CF (ItemKNN),0.3333333333333333,0.0
38873,Content (Avg Emb),0.0,0.0
38873,Last-Item,0.0,0.0
38873,Avg-Last-10,0.2222222222222222,0.0
38873,Recency-Weighted,0.1111111111111111,0.0
38873,Essence (K=15),0.4444444444444444,0.0
38963,Random,0.0,
38963,Popularity,0.0,
38963,CF (ItemKNN),0.0,
38963,Content (Avg Emb),0.0,
38963,Last-Item,0.0,
38963,Avg-Last-10,0.0,
38963,Recency-Weighted,0.0,
38963,Essence (K=15),0.0,
39097,Random,0.0,
39097,Popularity,0.0,
39097,CF (ItemKNN),0.0,
39097,Content (Avg Emb),0.0,
39097,Last-Item,0.0,
39097,Avg-Last-10,0.0,
39097,Recency-Weighted,0.0,
39097,Essence (K=15),0.0,
39112,Random,0.0,
39112,Popularity,0.0,
39112,CF (ItemKNN),0.125,
39112,Content (Avg Emb),0.0,
39112,Last-Item,0.0,
39112,Avg-Last-10,0.0,
39112,Recency-Weighted,0.0,
39112,Essence (K=15),0.0,
39231,Random,0.0,
39231,Popularity,0.0,
39231,CF (ItemKNN),0.08333333333333333,
39231,Content (Avg Emb),0.0,
39231,Last-Item,0.0,
39231,Avg-Last-10,0.0,
39231,Recency-Weighted,0.0,
39231,Essence (K=15),0.0,
39406,Random,0.0,
39406,Popularity,0.0,
39406,CF (ItemKNN),0.0,
39406,Content (Avg Emb),0.0,
39406,Last-Item,0.0,
39406,Avg-Last-10,0.0,
39406,Recency-Weighted,0.0,
39406,Essence (K=15),0.0,
39411,Random,0.0,
39411,Popularity,0.25,
39411,CF (ItemKNN),0.16666666666666666,
39411,Content (Avg Emb),0.0,
39411,Last-Item,0.0,
39411,Avg-Last-10,0.0,
39411,Recency-Weighted,0.0,
39411,Essence (K=15),0.0,
39457,Random,0.0,
39457,Popularity,0.0,
39457,CF (ItemKNN),0.14285714285714285,
39457,Content (Avg Emb),0.0,
39457,Last-Item,0.0,
39457,Avg-Last-10,0.0,
39457,Recency-Weighted,0.0,
39457,Essence (K=15),0.0,
39619,Random,0.0,0.0
39619,Popularity,0.0,0.0
39619,CF (ItemKNN),0.0,0.0
39619,Content (Avg Emb),0.0,0.0
39619,Last-Item,0.0,0.0
39619,Avg-Last-10,0.0,0.0
39619,Recency-Weighted,0.0,0.0
39619,Essence (K=15),0.0,0.0
39675,Random,0.0,
39675,Popularity,0.0,
39675,CF (ItemKNN),0.0,
39675,Content (Avg Emb),0.0,
39675,Last-Item,0.0,
39675,Avg-Last-10,0.0,
39675,Recency-Weighted,0.0,
39675,Essence (K=15),0.0,
39717,Random,0.0,
39717,Popularity,0.0,
39717,CF (ItemKNN),0.42857142857142855,
39717,Content (Avg Emb),0.0,
39717,Last-Item,0.0,
39717,Avg-Last-10,0.0,
39717,Recency-Weighted,0.0,
39717,Essence (K=15),0.0,
39720,Random,0.0,
39720,Popularity,0.15789473684210525,
39720,CF (ItemKNN),0.15789473684210525,
39720,Content (Avg Emb),0.0,
39720,Last-Item,0.0,
39720,Avg-Last-10,0.0,
39720,Recency-Weighted,0.0,
39720,Essence (K=15),0.0,
39840,Random,0.0,0.0
39840,Popularity,0.0,0.0
39840,CF (ItemKNN),0.0,0.0
39840,Content (Avg Emb),0.0,0.0
39840,Last-Item,0.0,0.0
39840,Avg-Last-10,0.0,0.0
39840,Recency-Weighted,0.0,0.0
39840,Essence (K=15),0.0,0.0
39999,Random,0.0,
39999,Popularity,0.0,
39999,CF (ItemKNN),0.0,
39999,Content (Avg Emb),0.0,
39999,Last-Item,0.0,
39999,Avg-Last-10,0.0,
39999,Recency-Weighted,0.0,
39999,Essence (K=15),0.0,
40143,Random,0.0,0.0
40143,Popularity,0.2,0.0
40143,CF (ItemKNN),0.2,0.0
40143,Content (Avg Emb),0.0,0.0
40143,Last-Item,0.0,0.0
40143,Avg-Last-10,0.0,0.0
40143,Recency-Weighted,0.0,0.0
40143,Essence (K=15),0.0,0.0
40180,Random,0.0,0.0
40180,Popularity,0.1,0.0
40180,CF (ItemKNN),0.1,0.0
40180,Content (Avg Emb),0.0,0.0
40180,Last-Item,0.1,0.0
40180,Avg-Last-10,0.0,0.0
40180,Recency-Weighted,0.0,0.0
40180,Essence (K=15),0.0,0.0
40257,Random,0.0,
40257,Popularity,0.14285714285714285,
40257,CF (ItemKNN),0.0,
40257,Content (Avg Emb),0.0,
40257,Last-Item,0.0,
40257,Avg-Last-10,0.0,
40257,Recency-Weighted,0.0,
40257,Essence (K=15),0.0,
40312,Random,0.0,
40312,Popularity,0.1111111111111111,
40312,CF (ItemKNN),0.0,
40312,Content (Avg Emb),0.0,
40312,Last-Item,0.0,
40312,Avg-Last-10,0.0,
40312,Recency-Weighted,0.0,
40312,Essence (K=15),0.0,
40671,Random,0.0,
40671,Popularity,0.0,
40671,CF (ItemKNN),0.25,
40671,Content (Avg Emb),0.0,
40671,Last-Item,0.0,
40671,Avg-Last-10,0.0,
40671,Recency-Weighted,0.0,
40671,Essence (K=15),0.0,
40837,Random,0.0,
40837,Popularity,0.0,
40837,CF (ItemKNN),0.0,
40837,Content (Avg Emb),0.0,
40837,Last-Item,0.0,
40837,Avg-Last-10,0.0,
40837,Recency-Weighted,0.0,
40837,Essence (K=15),0.0,
40863,Random,0.0,
40863,Popularity,0.25,
40863,CF (ItemKNN),0.0,
40863,Content (Avg Emb),0.0,
40863,Last-Item,0.0,
40863,Avg-Last-10,0.0,
40863,Recency-Weighted,0.0,
40863,Essence (K=15),0.0,
40935,Random,0.0,
40935,Popularity,0.16666666666666666,
40935,CF (ItemKNN),0.5,
40935,Content (Avg Emb),0.0,
40935,Last-Item,0.0,
40935,Avg-Last-10,0.0,
40935,Recency-Weighted,0.0,
40935,Essence (K=15),0.0,
41046,Random,0.0,
41046,Popularity,0.0,
41046,CF (ItemKNN),0.0,
41046,Content (Avg Emb),0.0,
41046,Last-Item,0.0,
41046,Avg-Last-10,0.0,
41046,Recency-Weighted,0.0,
41046,Essence (K=15),0.0,
41051,Random,0.0,0.0
41051,Popularity,0.0,0.0
41051,CF (ItemKNN),0.125,0.0
41051,Content (Avg Emb),0.0625,0.5
41051,Last-Item,0.0,0.0
41051,Avg-Last-10,0.0,0.0
41051,Recency-Weighted,0.0,0.0
41051,Essence (K=15),0.0625,0.5
41162,Random,0.0,
41162,Popularity,0.0,
41162,CF (ItemKNN),0.0,
41162,Content (Avg Emb),0.0,
41162,Last-Item,0.0,
41162,Avg-Last-10,0.047619047619047616,
41162,Recency-Weighted,0.047619047619047616,
41162,Essence (K=15),0.047619047619047616,
41295,Random,0.0,
41295,Popularity,0.2,
41295,CF (ItemKNN),0.2,
41295,Content (Avg Emb),0.0,
41295,Last-Item,0.0,
41295,Avg-Last-10,0.0,
41295,Recency-Weighted,0.0,
41295,Essence (K=15),0.0,
41496,Random,0.0,0.0
41496,Popularity,0.16666666666666666,0.0
41496,CF (ItemKNN),0.16666666666666666,0.0
41496,Content (Avg Emb),0.0,0.0
41496,Last-Item,0.0,0.0
41496,Avg-Last-10,0.0,0.0
41496,Recency-Weighted,0.0,0.0
41496,Essence (K=15),0.0,0.0
41526,Random,0.0,
41526,Popularity,0.0,
41526,CF (ItemKNN),0.0,
41526,Content (Avg Emb),0.045454545454545456,
41526,Last-Item,0.045454545454545456,
41526,Avg-Last-10,0.045454545454545456,
41526,Recency-Weighted,0.0,
41526,Essence (K=15),0.045454545454545456,
41669,Random,0.0,
41669,Popularity,0.16666666666666666,
41669,CF (ItemKNN),0.3333333333333333,
41669,Content (Avg Emb),0.0,
41669,Last-Item,0.0,
41669,Avg-Last-10,0.0,
41669,Recency-Weighted,0.0,
41669,Essence (K=15),0.0,
41757,Random,0.0,
41757,Popularity,0.0,
41757,CF (ItemKNN),0.0,
41757,Content (Avg Emb),0.0,
41757,Last-Item,0.06666666666666667,
41757,Avg-Last-10,0.0,
41757,Recency-Weighted,0.0,
41757,Essence (K=15),0.0,
41841,Random,0.0,
41841,Popularity,0.0,
41841,CF (ItemKNN),0.0,
41841,Content (Avg Emb),0.0,
41841,Last-Item,0.0,
41841,Avg-Last-10,0.0,
41841,Recency-Weighted,0.0,
41841,Essence (K=15),0.0,
41866,Random,0.0,
41866,Popularity,0.0,
41866,CF (ItemKNN),0.0,
41866,Content (Avg Emb),0.0,
41866,Last-Item,0.0,
41866,Avg-Last-10,0.0,
41866,Recency-Weighted,0.0,
41866,Essence (K=15),0.0,
41936,Random,0.0,0.0
41936,Popularity,0.08,0.0
41936,CF (ItemKNN),0.0,0.0
41936,Content (Avg Emb),0.0,0.0
41936,Last-Item,0.0,0.0
41936,Avg-Last-10,0.0,0.0
41936,Recency-Weighted,0.0,0.0
41936,Essence (K=15),0.0,0.0
41945,Random,0.0,
41945,Popularity,0.0,
41945,CF (ItemKNN),0.375,
41945,Content (Avg Emb),0.0,
41945,Last-Item,0.0,
41945,Avg-Last-10,0.0,
41945,Recency-Weighted,0.0,
41945,Essence (K=15),0.0,
41950,Random,0.0,0.0
41950,Popularity,0.0,0.0
41950,CF (ItemKNN),0.07142857142857142,0.0
41950,Content (Avg Emb),0.0,0.0
41950,Last-Item,0.0,0.0
41950,Avg-Last-10,0.0,0.0
41950,Recency-Weighted,0.0,0.0
41950,Essence (K=15),0.0,0.0
42019,Random,0.0,0.0
42019,Popularity,0.0,0.0
42019,CF (ItemKNN),0.0,0.0
42019,Content (Avg Emb),0.0,0.0
42019,Last-Item,0.0,0.0
42019,Avg-Last-10,0.0,0.0
42019,Recency-Weighted,0.0,0.0
42019,Essence (K=15),0.0,0.0
42093,Random,0.0,
42093,Popularity,0.0,
42093,CF (ItemKNN),0.0,
42093,Content (Avg Emb),0.0,
42093,Last-Item,0.0,
42093,Avg-Last-10,0.0,
42093,Recency-Weighted,0.0,
42093,Essence (K=15),0.0,
42346,Random,0.0,
42346,Popularity,0.0,
42346,CF (ItemKNN),0.3125,
42346,Content (Avg Emb),0.0,
42346,Last-Item,0.0,
42346,Avg-Last-10,0.0,
42346,Recency-Weighted,0.0,
42346,Essence (K=15),0.0,
42474,Random,0.0,0.0
42474,Popularity,0.0,0.0
42474,CF (ItemKNN),0.045454545454545456,0.0
42474,Content (Avg Emb),0.0,0.0
42474,Last-Item,0.0,0.0
42474,Avg-Last-10,0.0,0.0
42474,Recency-Weighted,0.0,0.0
42474,Essence (K=15),0.0,0.0
42533,Random,0.0,
42533,Popularity,0.0,
42533,CF (ItemKNN),0.0,
42533,Content (Avg Emb),0.0,
42533,Last-Item,0.0,
42533,Avg-Last-10,0.0,
42533,Recency-Weighted,0.0,
42533,Essence (K=15),0.0,
42545,Random,0.0,0.0
42545,Popularity,0.0,0.0
42545,CF (ItemKNN),0.0,0.0
42545,Content (Avg Emb),0.05555555555555555,0.0
42545,Last-Item,0.0,0.0
42545,Avg-Last-10,0.05555555555555555,0.0
42545,Recency-Weighted,0.0,0.0
42545,Essence (K=15),0.0,0.0
42563,Random,0.0,
42563,Popularity,0.0,
42563,CF (ItemKNN),0.0,
42563,Content (Avg Emb),0.0,
42563,Last-Item,0.09090909090909091,
42563,Avg-Last-10,0.0,
42563,Recency-Weighted,0.09090909090909091,
42563,Essence (K=15),0.09090909090909091,
42586,Random,0.0,
42586,Popularity,0.0,
42586,CF (ItemKNN),0.0,
42586,Content (Avg Emb),0.0,
42586,Last-Item,0.0,
42586,Avg-Last-10,0.0,
42586,Recency-Weighted,0.0,
42586,Essence (K=15),0.0,
42664,Random,0.0,0.0
42664,Popularity,0.0,0.0
42664,CF (ItemKNN),0.07692307692307693,0.0
42664,Content (Avg Emb),0.0,0.0
42664,Last-Item,0.0,0.0
42664,Avg-Last-10,0.0,0.0
42664,Recency-Weighted,0.0,0.0
42664,Essence (K=15),0.0,0.0
42788,Random,0.0,
42788,Popularity,0.0,
42788,CF (ItemKNN),0.1111111111111111,
42788,Content (Avg Emb),0.0,
42788,Last-Item,0.0,
42788,Avg-Last-10,0.0,
42788,Recency-Weighted,0.0,
42788,Essence (K=15),0.0,
42891,Random,0.0,
42891,Popularity,0.25,
42891,CF (ItemKNN),0.0,
42891,Content (Avg Emb),0.0,
42891,Last-Item,0.0,
42891,Avg-Last-10,0.0,
42891,Recency-Weighted,0.0,
42891,Essence (K=15),0.0,
42927,Random,0.0,
42927,Popularity,0.0,
42927,CF (ItemKNN),0.0,
42927,Content (Avg Emb),0.0,
42927,Last-Item,0.0,
42927,Avg-Last-10,0.0,
42927,Recency-Weighted,0.0,
42927,Essence (K=15),0.0,
42938,Random,0.0,0.0
42938,Popularity,0.045454545454545456,0.0
42938,CF (ItemKNN),0.045454545454545456,0.0
42938,Content (Avg Emb),0.0,0.0
42938,Last-Item,0.0,0.0
42938,Avg-Last-10,0.045454545454545456,0.0
42938,Recency-Weighted,0.045454545454545456,0.0
42938,Essence (K=15),0.0,0.0
43047,Random,0.0,
43047,Popularity,0.05714285714285714,
43047,CF (ItemKNN),0.14285714285714285,
43047,Content (Avg Emb),0.0,
43047,Last-Item,0.0,
43047,Avg-Last-10,0.0,
43047,Recency-Weighted,0.0,
43047,Essence (K=15),0.0,
43204,Random,0.0,
43204,Popularity,0.0,
43204,CF (ItemKNN),0.0,
43204,Content (Avg Emb),0.0,
43204,Last-Item,0.0,
43204,Avg-Last-10,0.0,
43204,Recency-Weighted,0.0,
43204,Essence (K=15),0.0,
43298,Random,0.0,
43298,Popularity,0.12121212121212122,
43298,CF (ItemKNN),0.12121212121212122,
43298,Content (Avg Emb),0.0,
43298,Last-Item,0.06060606060606061,
43298,Avg-Last-10,0.0,
43298,Recency-Weighted,0.030303030303030304,
43298,Essence (K=15),0.0,
43324,Random,0.0,
43324,Popularity,0.0,
43324,CF (ItemKNN),0.0,
43324,Content (Avg Emb),0.0,
43324,Last-Item,0.0,
43324,Avg-Last-10,0.0,
43324,Recency-Weighted,0.0,
43324,Essence (K=15),0.0,
43395,Random,0.0,
43395,Popularity,0.0,
43395,CF (ItemKNN),0.0,
43395,Content (Avg Emb),0.0,
43395,Last-Item,0.0,
43395,Avg-Last-10,0.0,
43395,Recency-Weighted,0.0,
43395,Essence (K=15),0.0,
43444,Random,0.0,
43444,Popularity,0.0,
43444,CF (ItemKNN),0.09090909090909091,
43444,Content (Avg Emb),0.0,
43444,Last-Item,0.0,
43444,Avg-Last-10,0.0,
43444,Recency-Weighted,0.0,
43444,Essence (K=15),0.0,
43470,Random,0.0,
43470,Popularity,0.0,
43470,CF (ItemKNN),0.0,
43470,Content (Avg Emb),0.0,
43470,Last-Item,0.0,
43470,Avg-Last-10,0.0,
43470,Recency-Weighted,0.0,
43470,Essence (K=15),0.0,
43551,Random,0.0,
43551,Popularity,0.0,
43551,CF (ItemKNN),0.0,
43551,Content (Avg Emb),0.0,
43551,Last-Item,0.0,
43551,Avg-Last-10,0.0,
43551,Recency-Weighted,0.0,
43551,Essence (K=15),0.0,
43579,Random,0.0,
43579,Popularity,0.2,
43579,CF (ItemKNN),0.2,
43579,Content (Avg Emb),0.0,
43579,Last-Item,0.0,
43579,Avg-Last-10,0.0,
43579,Recency-Weighted,0.0,
43579,Essence (K=15),0.0,
43757,Random,0.0,
43757,Popularity,0.0,
43757,CF (ItemKNN),0.0,
43757,Content (Avg Emb),0.0,
43757,Last-Item,0.0,
43757,Avg-Last-10,0.0,
43757,Recency-Weighted,0.0,
43757,Essence (K=15),0.0,
43808,Random,0.0,0.0
43808,Popularity,0.0,0.0
43808,CF (ItemKNN),0.0,0.0
43808,Content (Avg Emb),0.0,0.0
43808,Last-Item,0.0,0.0
43808,Avg-Last-10,0.0,0.0
43808,Recency-Weighted,0.0,0.0
43808,Essence (K=15),0.0,0.0
43844,Random,0.0,
43844,Popularity,0.0,
43844,CF (ItemKNN),0.0,
43844,Content (Avg Emb),0.0,
43844,Last-Item,0.0,
43844,Avg-Last-10,0.0,
43844,Recency-Weighted,0.0,
43844,Essence (K=15),0.0,
43957,Random,0.0,
43957,Popularity,0.0,
43957,CF (ItemKNN),0.0,
43957,Content (Avg Emb),0.0,
43957,Last-Item,0.0,
43957,Avg-Last-10,0.0,
43957,Recency-Weighted,0.0,
43957,Essence (K=15),0.0,
43973,Random,0.0,0.0
43973,Popularity,0.0,0.0
43973,CF (ItemKNN),0.0,0.0
43973,Content (Avg Emb),0.0,0.0
43973,Last-Item,0.0,0.0
43973,Avg-Last-10,0.0,0.0
43973,Recency-Weighted,0.0,0.0
43973,Essence (K=15),0.0,0.0
43981,Random,0.0,
43981,Popularity,0.16666666666666666,
43981,CF (ItemKNN),0.0,
43981,Content (Avg Emb),0.0,
43981,Last-Item,0.0,
43981,Avg-Last-10,0.0,
43981,Recency-Weighted,0.0,
43981,Essence (K=15),0.0,
44064,Random,0.0,
44064,Popularity,0.0,
44064,CF (ItemKNN),0.0,
44064,Content (Avg Emb),0.0,
44064,Last-Item,0.0,
44064,Avg-Last-10,0.0,
44064,Recency-Weighted,0.0,
44064,Essence (K=15),0.0,
44083,Random,0.0,
44083,Popularity,0.125,
44083,CF (ItemKNN),0.125,
44083,Content (Avg Emb),0.0,
44083,Last-Item,0.0,
44083,Avg-Last-10,0.0,
44083,Recency-Weighted,0.0,
44083,Essence (K=15),0.0,
44307,Random,0.0,0.0
44307,Popularity,0.0,0.0
44307,CF (ItemKNN),0.0,0.0
44307,Content (Avg Emb),0.0,0.0
44307,Last-Item,0.0,0.0
44307,Avg-Last-10,0.06666666666666667,0.0
44307,Recency-Weighted,0.0,0.0
44307,Essence (K=15),0.06666666666666667,0.0
44372,Random,0.0,0.0
44372,Popularity,0.0,0.0
44372,CF (ItemKNN),0.0,0.0
44372,Content (Avg Emb),0.0,0.0
44372,Last-Item,0.0,0.0
44372,Avg-Last-10,0.0,0.0
44372,Recency-Weighted,0.0,0.0
44372,Essence (K=15),0.0,0.0
44423,Random,0.0,
44423,Popularity,0.045454545454545456,
44423,CF (ItemKNN),0.0,
44423,Content (Avg Emb),0.0,
44423,Last-Item,0.0,
44423,Avg-Last-10,0.0,
44423,Recency-Weighted,0.0,
44423,Essence (K=15),0.0,
44458,Random,0.0,
44458,Popularity,0.16666666666666666,
44458,CF (ItemKNN),0.3333333333333333,
44458,Content (Avg Emb),0.0,
44458,Last-Item,0.0,
44458,Avg-Last-10,0.0,
44458,Recency-Weighted,0.0,
44458,Essence (K=15),0.08333333333333333,
44501,Random,0.0,0.0
44501,Popularity,0.06060606060606061,0.0
44501,CF (ItemKNN),0.15151515151515152,0.0
44501,Content (Avg Emb),0.0,0.0
44501,Last-Item,0.0,0.0
44501,Avg-Last-10,0.0,0.0
44501,Recency-Weighted,0.0,0.0
44501,Essence (K=15),0.0,0.0
44531,Random,0.0,
44531,Popularity,0.0,
44531,CF (ItemKNN),0.1111111111111111,
44531,Content (Avg Emb),0.0,
44531,Last-Item,0.0,
44531,Avg-Last-10,0.0,
44531,Recency-Weighted,0.1111111111111111,
44531,Essence (K=15),0.0,
44630,Random,0.0,0.0
44630,Popularity,0.0,0.0
44630,CF (ItemKNN),0.0,0.0
44630,Content (Avg Emb),0.0,0.0
44630,Last-Item,0.0,0.0
44630,Avg-Last-10,0.0,0.0
44630,Recency-Weighted,0.0,0.0
44630,Essence (K=15),0.0,0.0
44679,Random,0.0,
44679,Popularity,0.0,
44679,CF (ItemKNN),0.0,
44679,Content (Avg Emb),0.0,
44679,Last-Item,0.0,
44679,Avg-Last-10,0.0,
44679,Recency-Weighted,0.0,
44679,Essence (K=15),0.0,
44845,Random,0.04,
44845,Popularity,0.0,
44845,CF (ItemKNN),0.04,
44845,Content (Avg Emb),0.0,
44845,Last-Item,0.0,
44845,Avg-Last-10,0.0,
44845,Recency-Weighted,0.0,
44845,Essence (K=15),0.0,
44893,Random,0.0,
44893,Popularity,0.2857142857142857,
44893,CF (ItemKNN),0.42857142857142855,
44893,Content (Avg Emb),0.0,
44893,Last-Item,0.0,
44893,Avg-Last-10,0.0,
44893,Recency-Weighted,0.0,
44893,Essence (K=15),0.0,
44903,Random,0.0,
44903,Popularity,0.0,
44903,CF (ItemKNN),0.0,
44903,Content (Avg Emb),0.0,
44903,Last-Item,0.0,
44903,Avg-Last-10,0.0,
44903,Recency-Weighted,0.0,
44903,Essence (K=15),0.0,
45075,Random,0.0,0.0
45075,Popularity,0.0,0.0
45075,CF (ItemKNN),0.0,0.0
45075,Content (Avg Emb),0.0,0.0
45075,Last-Item,0.0,0.0
45075,Avg-Last-10,0.0,0.0
45075,Recency-Weighted,0.0,0.0
45075,Essence (K=15),0.07692307692307693,0.0
45236,Random,0.0,
45236,Popularity,0.0,
45236,CF (ItemKNN),0.0,
45236,Content (Avg Emb),0.0,
45236,Last-Item,0.0,
45236,Avg-Last-10,0.0,
45236,Recency-Weighted,0.0,
45236,Essence (K=15),0.0,
45324,Random,0.0,
45324,Popularity,0.08333333333333333,
45324,CF (ItemKNN),0.0,
45324,Content (Avg Emb),0.0,
45324,Last-Item,0.0,
45324,Avg-Last-10,0.0,
45324,Recency-Weighted,0.0,
45324,Essence (K=15),0.0,
45325,Random,0.0,
45325,Popularity,0.0,
45325,CF (ItemKNN),0.2,
45325,Content (Avg Emb),0.0,
45325,Last-Item,0.0,
45325,Avg-Last-10,0.0,
45325,Recency-Weighted,0.0,
45325,Essence (K=15),0.0,
45347,Random,0.0,
45347,Popularity,0.07692307692307693,
45347,CF (ItemKNN),0.07692307692307693,
45347,Content (Avg Emb),0.0,
45347,Last-Item,0.0,
45347,Avg-Last-10,0.0,
45347,Recency-Weighted,0.0,
45347,Essence (K=15),0.0,
45352,Random,0.0,0.0
45352,Popularity,0.0,0.0
45352,CF (ItemKNN),0.0,0.0
45352,Content (Avg Emb),0.0,0.0
45352,Last-Item,0.0,0.0
45352,Avg-Last-10,0.0,0.0
45352,Recency-Weighted,0.0,0.0
45352,Essence (K=15),0.0,0.0
45356,Random,0.0,
45356,Popularity,0.0,
45356,CF (ItemKNN),0.0,
45356,Content (Avg Emb),0.0,
45356,Last-Item,0.0,
45356,Avg-Last-10,0.0,
45356,Recency-Weighted,0.0,
45356,Essence (K=15),0.0,
45417,Random,0.0,
45417,Popularity,0.0,
45417,CF (ItemKNN),0.0,
45417,Content (Avg Emb),0.0,
45417,Last-Item,0.0,
45417,Avg-Last-10,0.0,
45417,Recency-Weighted,0.0,
45417,Essence (K=15),0.0,
45439,Random,0.0,
45439,Popularity,0.0,
45439,CF (ItemKNN),0.0,
45439,Content (Avg Emb),0.0,
45439,Last-Item,0.0,
45439,Avg-Last-10,0.0,
45439,Recency-Weighted,0.0,
45439,Essence (K=15),0.0,
45628,Random,0.0,
45628,Popularity,0.16666666666666666,
45628,CF (ItemKNN),0.16666666666666666,
45628,Content (Avg Emb),0.0,
45628,Last-Item,0.0,
45628,Avg-Last-10,0.0,
45628,Recency-Weighted,0.0,
45628,Essence (K=15),0.16666666666666666,
45725,Random,0.0,
45725,Popularity,0.0,
45725,CF (ItemKNN),0.0,
45725,Content (Avg Emb),0.0,
45725,Last-Item,0.0,
45725,Avg-Last-10,0.0,
45725,Recency-Weighted,0.0,
45725,Essence (K=15),0.0,
45834,Random,0.0,
45834,Popularity,0.16666666666666666,
45834,CF (ItemKNN),0.5,
45834,Content (Avg Emb),0.0,
45834,Last-Item,0.0,
45834,Avg-Last-10,0.0,
45834,Recency-Weighted,0.0,
45834,Essence (K=15),0.0,
45886,Random,0.0,0.0
45886,Popularity,0.0,0.0
45886,CF (ItemKNN),0.0,0.0
45886,Content (Avg Emb),0.1,0.0
45886,Last-Item,0.0,0.0
45886,Avg-Last-10,0.0,0.0
45886,Recency-Weighted,0.0,0.0
45886,Essence (K=15),0.0,0.0
45908,Random,0.0,
45908,Popularity,0.0,
45908,CF (ItemKNN),0.0,
45908,Content (Avg Emb),0.0,
45908,Last-Item,0.0,
45908,Avg-Last-10,0.0,
45908,Recency-Weighted,0.0,
45908,Essence (K=15),0.0,
45944,Random,0.0,0.0
45944,Popularity,0.0,0.0
45944,CF (ItemKNN),0.0,0.0
45944,Content (Avg Emb),0.0,0.0
45944,Last-Item,0.038461538461538464,0.0
45944,Avg-Last-10,0.038461538461538464,0.0
45944,Recency-Weighted,0.038461538461538464,0.0
45944,Essence (K=15),0.0,0.0
46329,Random,0.0,
46329,Popularity,0.0,
46329,CF (ItemKNN),0.0,
46329,Content (Avg Emb),0.0,
46329,Last-Item,0.0,
46329,Avg-Last-10,0.0,
46329,Recency-Weighted,0.0,
46329,Essence (K=15),0.0,
46398,Random,0.0,
46398,Popularity,0.09090909090909091,
46398,CF (ItemKNN),0.09090909090909091,
46398,Content (Avg Emb),0.0,
46398,Last-Item,0.0,
46398,Avg-Last-10,0.0,
46398,Recency-Weighted,0.0,
46398,Essence (K=15),0.0,
46421,Random,0.0,
46421,Popularity,0.0,
46421,CF (ItemKNN),0.08333333333333333,
46421,Content (Avg Emb),0.0,
46421,Last-Item,0.0,
46421,Avg-Last-10,0.0,
46421,Recency-Weighted,0.0,
46421,Essence (K=15),0.0,
46495,Random,0.0,
46495,Popularity,0.15,
46495,CF (ItemKNN),0.15,
46495,Content (Avg Emb),0.0,
46495,Last-Item,0.05,
46495,Avg-Last-10,0.0,
46495,Recency-Weighted,0.0,
46495,Essence (K=15),0.0,
46497,Random,0.0,
46497,Popularity,0.29411764705882354,
46497,CF (ItemKNN),0.23529411764705882,
46497,Content (Avg Emb),0.0,
46497,Last-Item,0.0,
46497,Avg-Last-10,0.0,
46497,Recency-Weighted,0.0,
46497,Essence (K=15),0.0,
46523,Random,0.0,
46523,Popularity,0.0,
46523,CF (ItemKNN),0.0,
46523,Content (Avg Emb),0.0,
46523,Last-Item,0.0,
46523,Avg-Last-10,0.0,
46523,Recency-Weighted,0.0,
46523,Essence (K=15),0.0,
46834,Random,0.0,
46834,Popularity,0.25,
46834,CF (ItemKNN),0.0,
46834,Content (Avg Emb),0.0,
46834,Last-Item,0.0,
46834,Avg-Last-10,0.0,
46834,Recency-Weighted,0.0,
46834,Essence (K=15),0.0,
46856,Random,0.0,
46856,Popularity,0.0,
46856,CF (ItemKNN),0.0,
46856,Content (Avg Emb),0.0,
46856,Last-Item,0.0,
46856,Avg-Last-10,0.0,
46856,Recency-Weighted,0.0,
46856,Essence (K=15),0.0,
46901,Random,0.0,
46901,Popularity,0.0,
46901,CF (ItemKNN),0.0,
46901,Content (Avg Emb),0.0,
46901,Last-Item,0.0,
46901,Avg-Last-10,0.0,
46901,Recency-Weighted,0.0,
46901,Essence (K=15),0.0,
47014,Random,0.0,
47014,Popularity,0.0,
47014,CF (ItemKNN),0.5454545454545454,
47014,Content (Avg Emb),0.0,
47014,Last-Item,0.0,
47014,Avg-Last-10,0.0,
47014,Recency-Weighted,0.0,
47014,Essence (K=15),0.0,
47016,Random,0.0,0.0
47016,Popularity,0.05,0.0
47016,CF (ItemKNN),0.05,0.0
47016,Content (Avg Emb),0.0,0.0
47016,Last-Item,0.0,0.0
47016,Avg-Last-10,0.0,0.0
47016,Recency-Weighted,0.0,0.0
47016,Essence (K=15),0.0,0.0
47127,Random,0.0,
47127,Popularity,0.0,
47127,CF (ItemKNN),0.16666666666666666,
47127,Content (Avg Emb),0.0,
47127,Last-Item,0.0,
47127,Avg-Last-10,0.0,
47127,Recency-Weighted,0.0,
47127,Essence (K=15),0.0,
47163,Random,0.0,
47163,Popularity,0.125,
47163,CF (ItemKNN),0.125,
47163,Content (Avg Emb),0.0,
47163,Last-Item,0.0,
47163,Avg-Last-10,0.0,
47163,Recency-Weighted,0.0,
47163,Essence (K=15),0.0,
47220,Random,0.0,0.0
47220,Popularity,0.02857142857142857,0.0
47220,CF (ItemKNN),0.05714285714285714,0.0
47220,Content (Avg Emb),0.0,0.0
47220,Last-Item,0.02857142857142857,0.0
47220,Avg-Last-10,0.0,0.0
47220,Recency-Weighted,0.0,0.0
47220,Essence (K=15),0.0,0.0
47236,Random,0.0,
47236,Popularity,0.0,
47236,CF (ItemKNN),0.029411764705882353,
47236,Content (Avg Emb),0.0,
47236,Last-Item,0.0,
47236,Avg-Last-10,0.0,
47236,Recency-Weighted,0.0,
47236,Essence (K=15),0.0,
47292,Random,0.0,
47292,Popularity,0.0,
47292,CF (ItemKNN),0.2,
47292,Content (Avg Emb),0.0,
47292,Last-Item,0.0,
47292,Avg-Last-10,0.0,
47292,Recency-Weighted,0.0,
47292,Essence (K=15),0.0,
47350,Random,0.0,
47350,Popularity,0.1,
47350,CF (ItemKNN),0.1,
47350,Content (Avg Emb),0.1,
47350,Last-Item,0.1,
47350,Avg-Last-10,0.0,
47350,Recency-Weighted,0.0,
47350,Essence (K=15),0.0,
47462,Random,0.0,
47462,Popularity,0.0,
47462,CF (ItemKNN),0.0,
47462,Content (Avg Emb),0.0,
47462,Last-Item,0.0,
47462,Avg-Last-10,0.0,
47462,Recency-Weighted,0.0,
47462,Essence (K=15),0.0,
47607,Random,0.0,
47607,Popularity,0.0,
47607,CF (ItemKNN),0.0,
47607,Content (Avg Emb),0.0,
47607,Last-Item,0.0,
47607,Avg-Last-10,0.0,
47607,Recency-Weighted,0.0,
47607,Essence (K=15),0.0,
47808,Random,0.0,
47808,Popularity,0.0,
47808,CF (ItemKNN),0.2,
47808,Content (Avg Emb),0.0,
47808,Last-Item,0.0,
47808,Avg-Last-10,0.0,
47808,Recency-Weighted,0.0,
47808,Essence (K=15),0.0,
47809,Random,0.0,
47809,Popularity,0.07142857142857142,
47809,CF (ItemKNN),0.07142857142857142,
47809,Content (Avg Emb),0.0,
47809,Last-Item,0.0,
47809,Avg-Last-10,0.0,
47809,Recency-Weighted,0.0,
47809,Essence (K=15),0.0,
47944,Random,0.0,
47944,Popularity,0.058823529411764705,
47944,CF (ItemKNN),0.11764705882352941,
47944,Content (Avg Emb),0.0,
47944,Last-Item,0.0,
47944,Avg-Last-10,0.0,
47944,Recency-Weighted,0.0,
47944,Essence (K=15),0.0,
48224,Random,0.0,
48224,Popularity,0.0,
48224,CF (ItemKNN),0.5,
48224,Content (Avg Emb),0.0,
48224,Last-Item,0.0,
48224,Avg-Last-10,0.0,
48224,Recency-Weighted,0.0,
48224,Essence (K=15),0.0,
48253,Random,0.0,
48253,Popularity,0.038461538461538464,
48253,CF (ItemKNN),0.038461538461538464,
48253,Content (Avg Emb),0.0,
48253,Last-Item,0.0,
48253,Avg-Last-10,0.0,
48253,Recency-Weighted,0.0,
48253,Essence (K=15),0.0,
48284,Random,0.0,
48284,Popularity,0.0,
48284,CF (ItemKNN),0.0,
48284,Content (Avg Emb),0.0,
48284,Last-Item,0.0,
48284,Avg-Last-10,0.0,
48284,Recency-Weighted,0.0,
48284,Essence (K=15),0.0,
48385,Random,0.0,
48385,Popularity,0.16666666666666666,
48385,CF (ItemKNN),0.16666666666666666,
48385,Content (Avg Emb),0.0,
48385,Last-Item,0.0,
48385,Avg-Last-10,0.0,
48385,Recency-Weighted,0.0,
48385,Essence (K=15),0.0,
48666,Random,0.0,
48666,Popularity,0.0,
48666,CF (ItemKNN),0.0,
48666,Content (Avg Emb),0.0,
48666,Last-Item,0.0,
48666,Avg-Last-10,0.0,
48666,Recency-Weighted,0.0,
48666,Essence (K=15),0.0,
48716,Random,0.0,
48716,Popularity,0.0,
48716,CF (ItemKNN),0.0,
48716,Content (Avg Emb),0.0,
48716,Last-Item,0.0,
48716,Avg-Last-10,0.0,
48716,Recency-Weighted,0.0,
48716,Essence (K=15),0.0,
48809,Random,0.0,
48809,Popularity,0.2,
48809,CF (ItemKNN),0.0,
48809,Content (Avg Emb),0.0,
48809,Last-Item,0.0,
48809,Avg-Last-10,0.0,
48809,Recency-Weighted,0.0,
48809,Essence (K=15),0.0,
48842,Random,0.0,
48842,Popularity,0.0,
48842,CF (ItemKNN),0.0,
48842,Content (Avg Emb),0.0,
48842,Last-Item,0.0,
48842,Avg-Last-10,0.0,
48842,Recency-Weighted,0.0,
48842,Essence (K=15),0.0,
48952,Random,0.0,0.0
48952,Popularity,0.0,0.0
48952,CF (ItemKNN),0.0,0.0
48952,Content (Avg Emb),0.0,0.0
48952,Last-Item,0.0,0.0
48952,Avg-Last-10,0.0,0.0
48952,Recency-Weighted,0.0,0.0
48952,Essence (K=15),0.0,0.0
48980,Random,0.0,
48980,Popularity,0.07692307692307693,
48980,CF (ItemKNN),0.15384615384615385,
48980,Content (Avg Emb),0.0,
48980,Last-Item,0.07692307692307693,
48980,Avg-Last-10,0.0,
48980,Recency-Weighted,0.0,
48980,Essence (K=15),0.07692307692307693,
49019,Random,0.0,0.0
49019,Popularity,0.0,0.0
49019,CF (ItemKNN),0.0,0.0
49019,Content (Avg Emb),0.0,0.0
49019,Last-Item,0.0,0.0
49019,Avg-Last-10,0.0,0.0
49019,Recency-Weighted,0.0,0.0
49019,Essence (K=15),0.0,0.0
49060,Random,0.0,
49060,Popularity,0.0,
49060,CF (ItemKNN),0.0,
49060,Content (Avg Emb),0.0,
49060,Last-Item,0.0,
49060,Avg-Last-10,0.0,
49060,Recency-Weighted,0.0,
49060,Essence (K=15),0.0,
49151,Random,0.0,
49151,Popularity,0.025,
49151,CF (ItemKNN),0.175,
49151,Content (Avg Emb),0.0,
49151,Last-Item,0.0,
49151,Avg-Last-10,0.0,
49151,Recency-Weighted,0.0,
49151,Essence (K=15),0.0,
49202,Random,0.0,
49202,Popularity,0.6,
49202,CF (ItemKNN),0.6,
49202,Content (Avg Emb),0.0,
49202,Last-Item,0.0,
49202,Avg-Last-10,0.0,
49202,Recency-Weighted,0.0,
49202,Essence (K=15),0.0,
49291,Random,0.0,
49291,Popularity,0.0,
49291,CF (ItemKNN),0.0,
49291,Content (Avg Emb),0.0,
49291,Last-Item,0.0,
49291,Avg-Last-10,0.16666666666666666,
49291,Recency-Weighted,0.0,
49291,Essence (K=15),0.0,
49320,Random,0.0,0.0
49320,Popularity,0.0,0.0
49320,CF (ItemKNN),0.0,0.0
49320,Content (Avg Emb),0.058823529411764705,0.0
49320,Last-Item,0.0,0.0
49320,Avg-Last-10,0.0,0.0
49320,Recency-Weighted,0.0,0.0
49320,Essence (K=15),0.058823529411764705,0.0
49408,Random,0.0,
49408,Popularity,0.0,
49408,CF (ItemKNN),0.0,
49408,Content (Avg Emb),0.08333333333333333,
49408,Last-Item,0.0,
49408,Avg-Last-10,0.08333333333333333,
49408,Recency-Weighted,0.08333333333333333,
49408,Essence (K=15),0.0,
49536,Random,0.0,
49536,Popularity,0.0,
49536,CF (ItemKNN),0.0,
49536,Content (Avg Emb),0.0,
49536,Last-Item,0.0,
49536,Avg-Last-10,0.0,
49536,Recency-Weighted,0.0,
49536,Essence (K=15),0.0,
49537,Random,0.0,
49537,Popularity,0.0,
49537,CF (ItemKNN),0.2,
49537,Content (Avg Emb),0.0,
49537,Last-Item,0.0,
49537,Avg-Last-10,0.0,
49537,Recency-Weighted,0.0,
49537,Essence (K=15),0.0,
49639,Random,0.0,
49639,Popularity,0.0,
49639,CF (ItemKNN),0.4,
49639,Content (Avg Emb),0.0,
49639,Last-Item,0.0,
49639,Avg-Last-10,0.0,
49639,Recency-Weighted,0.0,
49639,Essence (K=15),0.0,
49711,Random,0.0,
49711,Popularity,0.0,
49711,CF (ItemKNN),0.030303030303030304,
49711,Content (Avg Emb),0.0,
49711,Last-Item,0.06060606060606061,
49711,Avg-Last-10,0.0,
49711,Recency-Weighted,0.0,
49711,Essence (K=15),0.0,
49746,Random,0.0,
49746,Popularity,0.0,
49746,CF (ItemKNN),0.041666666666666664,
49746,Content (Avg Emb),0.0,
49746,Last-Item,0.0,
49746,Avg-Last-10,0.0,
49746,Recency-Weighted,0.0,
49746,Essence (K=15),0.0,
49759,Random,0.0,
49759,Popularity,0.1111111111111111,
49759,CF (ItemKNN),0.1111111111111111,
49759,Content (Avg Emb),0.0,
49759,Last-Item,0.0,
49759,Avg-Last-10,0.0,
49759,Recency-Weighted,0.0,
49759,Essence (K=15),0.0,
49787,Random,0.0,
49787,Popularity,0.045454545454545456,
49787,CF (ItemKNN),0.045454545454545456,
49787,Content (Avg Emb),0.0,
49787,Last-Item,0.0,
49787,Avg-Last-10,0.0,
49787,Recency-Weighted,0.0,
49787,Essence (K=15),0.0,
49820,Random,0.0,0.0
49820,Popularity,0.0,0.0
49820,CF (ItemKNN),0.0,0.0
49820,Content (Avg Emb),0.0,0.0
49820,Last-Item,0.0,0.0
49820,Avg-Last-10,0.0,0.0
49820,Recency-Weighted,0.0,0.0
49820,Essence (K=15),0.0,0.0
49840,Random,0.0,
49840,Popularity,0.0,
49840,CF (ItemKNN),0.0,
49840,Content (Avg Emb),0.0,
49840,Last-Item,0.2,
49840,Avg-Last-10,0.0,
49840,Recency-Weighted,0.0,
49840,Essence (K=15),0.0,
49988,Random,0.0,
49988,Popularity,0.25,
49988,CF (ItemKNN),0.0,
49988,Content (Avg Emb),0.0,
49988,Last-Item,0.0,
49988,Avg-Last-10,0.0,
49988,Recency-Weighted,0.0,
49988,Essence (K=15),0.0,
50066,Random,0.0,0.0
50066,Popularity,0.0,0.0
50066,CF (ItemKNN),0.0,0.0
50066,Content (Avg Emb),0.0,0.0
50066,Last-Item,0.0,0.0
50066,Avg-Last-10,0.0,0.0
50066,Recency-Weighted,0.0,0.0
50066,Essence (K=15),0.0,0.0
50131,Random,0.0,
50131,Popularity,0.0,
50131,CF (ItemKNN),0.0,
50131,Content (Avg Emb),0.0,
50131,Last-Item,0.0,
50131,Avg-Last-10,0.0,
50131,Recency-Weighted,0.0,
50131,Essence (K=15),0.0,
50398,Random,0.0,
50398,Popularity,0.0,
50398,CF (ItemKNN),0.03125,
50398,Content (Avg Emb),0.0,
50398,Last-Item,0.0,
50398,Avg-Last-10,0.0,
50398,Recency-Weighted,0.0,
50398,Essence (K=15),0.0,
50401,Random,0.0,0.0
50401,Popularity,0.0,0.0
50401,CF (ItemKNN),0.0,0.0
50401,Content (Avg Emb),0.0,0.0
50401,Last-Item,0.0,0.0
50401,Avg-Last-10,0.0,0.0
50401,Recency-Weighted,0.0,0.0
50401,Essence (K=15),0.0,0.0
50436,Random,0.0,
50436,Popularity,0.045454545454545456,
50436,CF (ItemKNN),0.045454545454545456,
50436,Content (Avg Emb),0.0,
50436,Last-Item,0.0,
50436,Avg-Last-10,0.0,
50436,Recency-Weighted,0.0,
50436,Essence (K=15),0.0,
50527,Random,0.0,0.0
50527,Popularity,0.0,0.0
50527,CF (ItemKNN),0.06666666666666667,0.0
50527,Content (Avg Emb),0.0,0.0
50527,Last-Item,0.0,0.0
50527,Avg-Last-10,0.0,0.0
50527,Recency-Weighted,0.0,0.0
50527,Essence (K=15),0.0,0.0
50549,Random,0.0,
50549,Popularity,0.2,
50549,CF (ItemKNN),0.0,
50549,Content (Avg Emb),0.0,
50549,Last-Item,0.0,
50549,Avg-Last-10,0.0,
50549,Recency-Weighted,0.0,
50549,Essence (K=15),0.0,
50613,Random,0.0,
50613,Popularity,0.05714285714285714,
50613,CF (ItemKNN),0.08571428571428572,
50613,Content (Avg Emb),0.0,
50613,Last-Item,0.02857142857142857,
50613,Avg-Last-10,0.0,
50613,Recency-Weighted,0.0,
50613,Essence (K=15),0.0,
50664,Random,0.0,
50664,Popularity,0.0,
50664,CF (ItemKNN),0.0,
50664,Content (Avg Emb),0.0,
50664,Last-Item,0.0,
50664,Avg-Last-10,0.0,
50664,Recency-Weighted,0.0,
50664,Essence (K=15),0.0,
50753,Random,0.0,
50753,Popularity,0.1111111111111111,
50753,CF (ItemKNN),0.0,
50753,Content (Avg Emb),0.0,
50753,Last-Item,0.0,
50753,Avg-Last-10,0.0,
50753,Recency-Weighted,0.0,
50753,Essence (K=15),0.0,
50811,Random,0.0,
50811,Popularity,0.0,
50811,CF (ItemKNN),0.2,
50811,Content (Avg Emb),0.0,
50811,Last-Item,0.0,
50811,Avg-Last-10,0.0,
50811,Recency-Weighted,0.0,
50811,Essence (K=15),0.0,
50863,Random,0.0,
50863,Popularity,0.0,
50863,CF (ItemKNN),0.0,
50863,Content (Avg Emb),0.0,
50863,Last-Item,0.0,
50863,Avg-Last-10,0.0,
50863,Recency-Weighted,0.0,
50863,Essence (K=15),0.0,
50879,Random,0.0,0.0
50879,Popularity,0.0,0.0
50879,CF (ItemKNN),0.0,0.0
50879,Content (Avg Emb),0.0,0.0
50879,Last-Item,0.0,0.0
50879,Avg-Last-10,0.0,0.0
50879,Recency-Weighted,0.0,0.0
50879,Essence (K=15),0.0,0.0
50890,Random,0.0,
50890,Popularity,0.16666666666666666,
50890,CF (ItemKNN),0.5,
50890,Content (Avg Emb),0.0,
50890,Last-Item,0.0,
50890,Avg-Last-10,0.0,
50890,Recency-Weighted,0.0,
50890,Essence (K=15),0.0,
50933,Random,0.0,
50933,Popularity,0.0,
50933,CF (ItemKNN),0.25,
50933,Content (Avg Emb),0.0,
50933,Last-Item,0.0,
50933,Avg-Last-10,0.0,
50933,Recency-Weighted,0.0,
50933,Essence (K=15),0.0,
51045,Random,0.0,
51045,Popularity,0.0,
51045,CF (ItemKNN),0.0,
51045,Content (Avg Emb),0.0,
51045,Last-Item,0.0,
51045,Avg-Last-10,0.0,
51045,Recency-Weighted,0.0,
51045,Essence (K=15),0.0,
51256,Random,0.0,
51256,Popularity,0.04,
51256,CF (ItemKNN),0.04,
51256,Content (Avg Emb),0.0,
51256,Last-Item,0.0,
51256,Avg-Last-10,0.0,
51256,Recency-Weighted,0.0,
51256,Essence (K=15),0.0,
51365,Random,0.0,0.0
51365,Popularity,0.0,0.0
51365,CF (ItemKNN),0.0,0.0
51365,Content (Avg Emb),0.0,0.0
51365,Last-Item,0.0,0.0
51365,Avg-Last-10,0.0,0.0
51365,Recency-Weighted,0.0,0.0
51365,Essence (K=15),0.0,0.0
51366,Random,0.0,
51366,Popularity,0.0,
51366,CF (ItemKNN),0.0,
51366,Content (Avg Emb),0.0,
51366,Last-Item,0.0,
51366,Avg-Last-10,0.0,
51366,Recency-Weighted,0.0,
51366,Essence (K=15),0.0,
51451,Random,0.0,
51451,Popularity,0.0,
51451,CF (ItemKNN),0.0,
51451,Content (Avg Emb),0.0,
51451,Last-Item,0.0,
51451,Avg-Last-10,0.0,
51451,Recency-Weighted,0.0,
51451,Essence (K=15),0.0,
51452,Random,0.0,
51452,Popularity,0.2,
51452,CF (ItemKNN),0.2,
51452,Content (Avg Emb),0.0,
51452,Last-Item,0.0,
51452,Avg-Last-10,0.0,
51452,Recency-Weighted,0.0,
51452,Essence (K=15),0.0,
51644,Random,0.0,
51644,Popularity,0.0,
51644,CF (ItemKNN),0.14285714285714285,
51644,Content (Avg Emb),0.0,
51644,Last-Item,0.14285714285714285,
51644,Avg-Last-10,0.0,
51644,Recency-Weighted,0.0,
51644,Essence (K=15),0.14285714285714285,
51692,Random,0.0,0.0
51692,Popularity,0.02702702702702703,0.0
51692,CF (ItemKNN),0.02702702702702703,0.0
51692,Content (Avg Emb),0.0,0.0
51692,Last-Item,0.0,0.0
51692,Avg-Last-10,0.0,0.0
51692,Recency-Weighted,0.0,0.0
51692,Essence (K=15),0.02702702702702703,0.0
51724,Random,0.0,
51724,Popularity,0.0,
51724,CF (ItemKNN),0.0,
51724,Content (Avg Emb),0.0,
51724,Last-Item,0.0,
51724,Avg-Last-10,0.0,
51724,Recency-Weighted,0.0,
51724,Essence (K=15),0.0,
51796,Random,0.0,0.0
51796,Popularity,0.07692307692307693,0.0
51796,CF (ItemKNN),0.038461538461538464,0.0
51796,Content (Avg Emb),0.0,0.0
51796,Last-Item,0.038461538461538464,0.0
51796,Avg-Last-10,0.0,0.0
51796,Recency-Weighted,0.0,0.0
51796,Essence (K=15),0.0,0.0
51807,Random,0.0,0.0
51807,Popularity,0.0,0.0
51807,CF (ItemKNN),0.02564102564102564,0.0
51807,Content (Avg Emb),0.0,0.0
51807,Last-Item,0.0,0.0
51807,Avg-Last-10,0.0,0.0
51807,Recency-Weighted,0.0,0.0
51807,Essence (K=15),0.0,0.0
51962,Random,0.0,
51962,Popularity,0.18181818181818182,
51962,CF (ItemKNN),0.18181818181818182,
51962,Content (Avg Emb),0.0,
51962,Last-Item,0.0,
51962,Avg-Last-10,0.0,
51962,Recency-Weighted,0.0,
51962,Essence (K=15),0.0,
51967,Random,0.0,0.0
51967,Popularity,0.0,0.0
51967,CF (ItemKNN),0.23529411764705882,0.0
51967,Content (Avg Emb),0.0,0.0
51967,Last-Item,0.0,0.0
51967,Avg-Last-10,0.0,0.0
51967,Recency-Weighted,0.0,0.0
51967,Essence (K=15),0.0,0.0
52028,Random,0.0,
52028,Popularity,0.0,
52028,CF (ItemKNN),0.0,
52028,Content (Avg Emb),0.0,
52028,Last-Item,0.0,
52028,Avg-Last-10,0.0,
52028,Recency-Weighted,0.0,
52028,Essence (K=15),0.0,
52106,Random,0.0,
52106,Popularity,0.0,
52106,CF (ItemKNN),0.0,
52106,Content (Avg Emb),0.0,
52106,Last-Item,0.0,
52106,Avg-Last-10,0.0,
52106,Recency-Weighted,0.0,
52106,Essence (K=15),0.0,
52314,Random,0.0,
52314,Popularity,0.07142857142857142,
52314,CF (ItemKNN),0.2857142857142857,
52314,Content (Avg Emb),0.0,
52314,Last-Item,0.0,
52314,Avg-Last-10,0.0,
52314,Recency-Weighted,0.0,
52314,Essence (K=15),0.0,
52322,Random,0.0,0.0
52322,Popularity,0.0,0.0
52322,CF (ItemKNN),0.0,0.0
52322,Content (Avg Emb),0.0,0.0
52322,Last-Item,0.0,0.0
52322,Avg-Last-10,0.0,0.0
52322,Recency-Weighted,0.0,0.0
52322,Essence (K=15),0.0,0.0
52329,Random,0.0,
52329,Popularity,0.0,
52329,CF (ItemKNN),0.2,
52329,Content (Avg Emb),0.0,
52329,Last-Item,0.0,
52329,Avg-Last-10,0.0,
52329,Recency-Weighted,0.0,
52329,Essence (K=15),0.0,
52385,Random,0.0,0.0
52385,Popularity,0.0,0.0
52385,CF (ItemKNN),0.0,0.0
52385,Content (Avg Emb),0.0,0.0
52385,Last-Item,0.0,0.0
52385,Avg-Last-10,0.0,0.0
52385,Recency-Weighted,0.0,0.0
52385,Essence (K=15),0.0,0.0
52454,Random,0.0,0.0
52454,Popularity,0.037037037037037035,0.0
52454,CF (ItemKNN),0.037037037037037035,0.0
52454,Content (Avg Emb),0.0,0.0
52454,Last-Item,0.0,0.0
52454,Avg-Last-10,0.037037037037037035,0.0
52454,Recency-Weighted,0.0,0.0
52454,Essence (K=15),0.037037037037037035,0.0
52502,Random,0.0,
52502,Popularity,0.09090909090909091,
52502,CF (ItemKNN),0.09090909090909091,
52502,Content (Avg Emb),0.0,
52502,Last-Item,0.0,
52502,Avg-Last-10,0.0,
52502,Recency-Weighted,0.0,
52502,Essence (K=15),0.0,
52514,Random,0.0,
52514,Popularity,0.0,
52514,CF (ItemKNN),0.0,
52514,Content (Avg Emb),0.0,
52514,Last-Item,0.0,
52514,Avg-Last-10,0.0,
52514,Recency-Weighted,0.0,
52514,Essence (K=15),0.0,
52581,Random,0.0,
52581,Popularity,0.0,
52581,CF (ItemKNN),0.5714285714285714,
52581,Content (Avg Emb),0.0,
52581,Last-Item,0.0,
52581,Avg-Last-10,0.0,
52581,Recency-Weighted,0.0,
52581,Essence (K=15),0.0,
52582,Random,0.0,
52582,Popularity,0.043478260869565216,
52582,CF (ItemKNN),0.08695652173913043,
52582,Content (Avg Emb),0.0,
52582,Last-Item,0.0,
52582,Avg-Last-10,0.0,
52582,Recency-Weighted,0.0,
52582,Essence (K=15),0.0,
52641,Random,0.0,
52641,Popularity,0.0,
52641,CF (ItemKNN),0.0,
52641,Content (Avg Emb),0.0,
52641,Last-Item,0.0,
52641,Avg-Last-10,0.0,
52641,Recency-Weighted,0.0,
52641,Essence (K=15),0.0,
52704,Random,0.0,0.0
52704,Popularity,0.0,0.0
52704,CF (ItemKNN),0.0,0.0
52704,Content (Avg Emb),0.0,0.0
52704,Last-Item,0.0,0.0
52704,Avg-Last-10,0.0,0.0
52704,Recency-Weighted,0.0,0.0
52704,Essence (K=15),0.0,0.0
52770,Random,0.0,
52770,Popularity,0.0,
52770,CF (ItemKNN),0.0,
52770,Content (Avg Emb),0.0,
52770,Last-Item,0.0,
52770,Avg-Last-10,0.0,
52770,Recency-Weighted,0.0,
52770,Essence (K=15),0.0,
52802,Random,0.0,
52802,Popularity,0.0,
52802,CF (ItemKNN),0.05555555555555555,
52802,Content (Avg Emb),0.1111111111111111,
52802,Last-Item,0.0,
52802,Avg-Last-10,0.05555555555555555,
52802,Recency-Weighted,0.05555555555555555,
52802,Essence (K=15),0.05555555555555555,
52817,Random,0.0,
52817,Popularity,0.08333333333333333,
52817,CF (ItemKNN),0.0,
52817,Content (Avg Emb),0.0,
52817,Last-Item,0.0,
52817,Avg-Last-10,0.0,
52817,Recency-Weighted,0.0,
52817,Essence (K=15),0.0,
52851,Random,0.0,
52851,Popularity,0.0,
52851,CF (ItemKNN),0.0,
52851,Content (Avg Emb),0.0,
52851,Last-Item,0.043478260869565216,
52851,Avg-Last-10,0.0,
52851,Recency-Weighted,0.0,
52851,Essence (K=15),0.0,
53359,Random,0.0,0.0
53359,Popularity,0.0,0.0
53359,CF (ItemKNN),0.0,0.0
53359,Content (Avg Emb),0.0,0.0
53359,Last-Item,0.0,0.0
53359,Avg-Last-10,0.0,0.0
53359,Recency-Weighted,0.0,0.0
53359,Essence (K=15),0.0,0.0
53383,Random,0.0,
53383,Popularity,0.041666666666666664,
53383,CF (ItemKNN),0.041666666666666664,
53383,Content (Avg Emb),0.0,
53383,Last-Item,0.0,
53383,Avg-Last-10,0.0,
53383,Recency-Weighted,0.0,
53383,Essence (K=15),0.0,
53428,Random,0.0,
53428,Popularity,0.0,
53428,CF (ItemKNN),0.07692307692307693,
53428,Content (Avg Emb),0.0,
53428,Last-Item,0.0,
53428,Avg-Last-10,0.0,
53428,Recency-Weighted,0.0,
53428,Essence (K=15),0.0,
53456,Random,0.0,
53456,Popularity,0.0,
53456,CF (ItemKNN),0.0,
53456,Content (Avg Emb),0.0,
53456,Last-Item,0.0,
53456,Avg-Last-10,0.0,
53456,Recency-Weighted,0.0,
53456,Essence (K=15),0.0,
53515,Random,0.0,
53515,Popularity,0.0625,
53515,CF (ItemKNN),0.0,
53515,Content (Avg Emb),0.0,
53515,Last-Item,0.0,
53515,Avg-Last-10,0.0,
53515,Recency-Weighted,0.0,
53515,Essence (K=15),0.0,
53608,Random,0.0,
53608,Popularity,0.0,
53608,CF (ItemKNN),0.0,
53608,Content (Avg Emb),0.0,
53608,Last-Item,0.0,
53608,Avg-Last-10,0.0,
53608,Recency-Weighted,0.0,
53608,Essence (K=15),0.0,
53647,Random,0.1111111111111111,0.0
53647,Popularity,0.0,0.0
53647,CF (ItemKNN),0.0,0.0
53647,Content (Avg Emb),0.0,0.0
53647,Last-Item,0.0,0.0
53647,Avg-Last-10,0.0,0.0
53647,Recency-Weighted,0.0,0.0
53647,Essence (K=15),0.0,0.0
53685,Random,0.0,
53685,Popularity,0.07407407407407407,
53685,CF (ItemKNN),0.1111111111111111,
53685,Content (Avg Emb),0.0,
53685,Last-Item,0.0,
53685,Avg-Last-10,0.0,
53685,Recency-Weighted,0.0,
53685,Essence (K=15),0.0,
53746,Random,0.0,0.0
53746,Popularity,0.0,0.0
53746,CF (ItemKNN),0.0,0.0
53746,Content (Avg Emb),0.0,0.0
53746,Last-Item,0.0,0.0
53746,Avg-Last-10,0.0,0.0
53746,Recency-Weighted,0.0,0.0
53746,Essence (K=15),0.0,0.0
53769,Random,0.0,
53769,Popularity,0.0,
53769,CF (ItemKNN),0.0,
53769,Content (Avg Emb),0.0,
53769,Last-Item,0.0,
53769,Avg-Last-10,0.0,
53769,Recency-Weighted,0.0,
53769,Essence (K=15),0.0,
53782,Random,0.0,
53782,Popularity,0.16666666666666666,
53782,CF (ItemKNN),0.0,
53782,Content (Avg Emb),0.0,
53782,Last-Item,0.0,
53782,Avg-Last-10,0.0,
53782,Recency-Weighted,0.0,
53782,Essence (K=15),0.0,
53873,Random,0.0,
53873,Popularity,0.0,
53873,CF (ItemKNN),0.0,
53873,Content (Avg Emb),0.0,
53873,Last-Item,0.0,
53873,Avg-Last-10,0.0,
53873,Recency-Weighted,0.0,
53873,Essence (K=15),0.0,
53943,Random,0.0,
53943,Popularity,0.16666666666666666,
53943,CF (ItemKNN),0.3333333333333333,
53943,Content (Avg Emb),0.0,
53943,Last-Item,0.0,
53943,Avg-Last-10,0.0,
53943,Recency-Weighted,0.0,
53943,Essence (K=15),0.0,
53944,Random,0.0,
53944,Popularity,0.0,
53944,CF (ItemKNN),0.0,
53944,Content (Avg Emb),0.0,
53944,Last-Item,0.2,
53944,Avg-Last-10,0.0,
53944,Recency-Weighted,0.0,
53944,Essence (K=15),0.0,
54022,Random,0.0,
54022,Popularity,0.03333333333333333,
54022,CF (ItemKNN),0.06666666666666667,
54022,Content (Avg Emb),0.0,
54022,Last-Item,0.0,
54022,Avg-Last-10,0.03333333333333333,
54022,Recency-Weighted,0.03333333333333333,
54022,Essence (K=15),0.0,
54130,Random,0.0,
54130,Popularity,0.18181818181818182,
54130,CF (ItemKNN),0.09090909090909091,
54130,Content (Avg Emb),0.0,
54130,Last-Item,0.0,
54130,Avg-Last-10,0.0,
54130,Recency-Weighted,0.045454545454545456,
54130,Essence (K=15),0.045454545454545456,
54191,Random,0.0,
54191,Popularity,0.0,
54191,CF (ItemKNN),0.0,
54191,Content (Avg Emb),0.0,
54191,Last-Item,0.0,
54191,Avg-Last-10,0.0,
54191,Recency-Weighted,0.0,
54191,Essence (K=15),0.0,
54224,Random,0.0,
54224,Popularity,0.0,
54224,CF (ItemKNN),0.0,
54224,Content (Avg Emb),0.0,
54224,Last-Item,0.0,
54224,Avg-Last-10,0.0,
54224,Recency-Weighted,0.0,
54224,Essence (K=15),0.0,
54241,Random,0.0,
54241,Popularity,0.0,
54241,CF (ItemKNN),0.125,
54241,Content (Avg Emb),0.0,
54241,Last-Item,0.0,
54241,Avg-Last-10,0.0,
54241,Recency-Weighted,0.0,
54241,Essence (K=15),0.0,
54291,Random,0.0,
54291,Popularity,0.09090909090909091,
54291,CF (ItemKNN),0.18181818181818182,
54291,Content (Avg Emb),0.09090909090909091,
54291,Last-Item,0.0,
54291,Avg-Last-10,0.0,
54291,Recency-Weighted,0.0,
54291,Essence (K=15),0.0,
54355,Random,0.0,
54355,Popularity,0.0,
54355,CF (ItemKNN),0.0,
54355,Content (Avg Emb),0.0,
54355,Last-Item,0.0,
54355,Avg-Last-10,0.0,
54355,Recency-Weighted,0.0,
54355,Essence (K=15),0.0,
54362,Random,0.0,
54362,Popularity,0.25,
54362,CF (ItemKNN),0.25,
54362,Content (Avg Emb),0.0,
54362,Last-Item,0.0,
54362,Avg-Last-10,0.0,
54362,Recency-Weighted,0.0,
54362,Essence (K=15),0.0,
54397,Random,0.0,
54397,Popularity,0.0,
54397,CF (ItemKNN),0.07692307692307693,
54397,Content (Avg Emb),0.0,
54397,Last-Item,0.0,
54397,Avg-Last-10,0.0,
54397,Recency-Weighted,0.0,
54397,Essence (K=15),0.0,
54429,Random,0.0,
54429,Popularity,0.0,
54429,CF (ItemKNN),0.0,
54429,Content (Avg Emb),0.0,
54429,Last-Item,0.0,
54429,Avg-Last-10,0.0,
54429,Recency-Weighted,0.0,
54429,Essence (K=15),0.0,
54468,Random,0.0,0.0
54468,Popularity,0.0,0.0
54468,CF (ItemKNN),0.0,0.0
54468,Content (Avg Emb),0.0,0.0
54468,Last-Item,0.0,0.0
54468,Avg-Last-10,0.0,0.0
54468,Recency-Weighted,0.0,0.0
54468,Essence (K=15),0.0,0.0
54487,Random,0.0,
54487,Popularity,0.0,
54487,CF (ItemKNN),0.0,
54487,Content (Avg Emb),0.0,
54487,Last-Item,0.0,
54487,Avg-Last-10,0.0,
54487,Recency-Weighted,0.0,
54487,Essence (K=15),0.0,
54659,Random,0.0,
54659,Popularity,0.0,
54659,CF (ItemKNN),0.0,
54659,Content (Avg Emb),0.0,
54659,Last-Item,0.0,
54659,Avg-Last-10,0.0,
54659,Recency-Weighted,0.0,
54659,Essence (K=15),0.0,
54841,Random,0.0,
54841,Popularity,0.0,
54841,CF (ItemKNN),0.1,
54841,Content (Avg Emb),0.05,
54841,Last-Item,0.0,
54841,Avg-Last-10,0.0,
54841,Recency-Weighted,0.0,
54841,Essence (K=15),0.0,
54877,Random,0.0,
54877,Popularity,0.0,
54877,CF (ItemKNN),0.0,
54877,Content (Avg Emb),0.0,
54877,Last-Item,0.0,
54877,Avg-Last-10,0.0,
54877,Recency-Weighted,0.0,
54877,Essence (K=15),0.0,
55099,Random,0.0,
55099,Popularity,0.0,
55099,CF (ItemKNN),0.0625,
55099,Content (Avg Emb),0.0,
55099,Last-Item,0.03125,
55099,Avg-Last-10,0.0,
55099,Recency-Weighted,0.03125,
55099,Essence (K=15),0.03125,
55173,Random,0.0,0.0
55173,Popularity,0.0,0.0
55173,CF (ItemKNN),0.0,0.0
55173,Content (Avg Emb),0.0,0.0
55173,Last-Item,0.0,0.0
55173,Avg-Last-10,0.0,0.0
55173,Recency-Weighted,0.0,0.0
55173,Essence (K=15),0.0,0.0
55235,Random,0.0,
55235,Popularity,0.0,
55235,CF (ItemKNN),0.0,
55235,Content (Avg Emb),0.0,
55235,Last-Item,0.0,
55235,Avg-Last-10,0.0,
55235,Recency-Weighted,0.0,
55235,Essence (K=15),0.0,
55365,Random,0.0,0.0
55365,Popularity,0.0,0.0
55365,CF (ItemKNN),0.0,0.0
55365,Content (Avg Emb),0.0,0.0
55365,Last-Item,0.0,0.0
55365,Avg-Last-10,0.0,0.0
55365,Recency-Weighted,0.0,0.0
55365,Essence (K=15),0.0,0.0
55449,Random,0.0,0.0
55449,Popularity,0.05555555555555555,0.0
55449,CF (ItemKNN),0.05555555555555555,0.0
55449,Content (Avg Emb),0.027777777777777776,0.0
55449,Last-Item,0.0,0.0
55449,Avg-Last-10,0.0,0.0
55449,Recency-Weighted,0.0,0.0
55449,Essence (K=15),0.0,0.0
55471,Random,0.0,0.0
55471,Popularity,0.0,0.0
55471,CF (ItemKNN),0.06896551724137931,0.0
55471,Content (Avg Emb),0.0,0.0
55471,Last-Item,0.0,0.0
55471,Avg-Last-10,0.0,0.0
55471,Recency-Weighted,0.0,0.0
55471,Essence (K=15),0.0,0.0
55750,Random,0.0,
55750,Popularity,0.0,
55750,CF (ItemKNN),0.0,
55750,Content (Avg Emb),0.0,
55750,Last-Item,0.0,
55750,Avg-Last-10,0.0,
55750,Recency-Weighted,0.0,
55750,Essence (K=15),0.0,
55773,Random,0.0,
55773,Popularity,0.08333333333333333,
55773,CF (ItemKNN),0.0,
55773,Content (Avg Emb),0.0,
55773,Last-Item,0.0,
55773,Avg-Last-10,0.0,
55773,Recency-Weighted,0.0,
55773,Essence (K=15),0.0,
55776,Random,0.0,
55776,Popularity,0.0,
55776,CF (ItemKNN),0.0,
55776,Content (Avg Emb),0.0,
55776,Last-Item,0.0,
55776,Avg-Last-10,0.0,
55776,Recency-Weighted,0.0,
55776,Essence (K=15),0.0,
55842,Random,0.0,
55842,Popularity,0.0,
55842,CF (ItemKNN),0.0,
55842,Content (Avg Emb),0.0,
55842,Last-Item,0.0,
55842,Avg-Last-10,0.0,
55842,Recency-Weighted,0.0,
55842,Essence (K=15),0.0,
55875,Random,0.0,0.0
55875,Popularity,0.08333333333333333,0.0
55875,CF (ItemKNN),0.041666666666666664,0.0
55875,Content (Avg Emb),0.0,0.0
55875,Last-Item,0.0,0.0
55875,Avg-Last-10,0.0,0.0
55875,Recency-Weighted,0.0,0.0
55875,Essence (K=15),0.0,0.0
55948,Random,0.0,
55948,Popularity,0.0,
55948,CF (ItemKNN),0.0,
55948,Content (Avg Emb),0.0,
55948,Last-Item,0.0,
55948,Avg-Last-10,0.0,
55948,Recency-Weighted,0.0,
55948,Essence (K=15),0.0,
55971,Random,0.0,
55971,Popularity,0.0,
55971,CF (ItemKNN),0.0,
55971,Content (Avg Emb),0.0,
55971,Last-Item,0.0,
55971,Avg-Last-10,0.0,
55971,Recency-Weighted,0.0,
55971,Essence (K=15),0.0,
56142,Random,0.0,
56142,Popularity,0.09090909090909091,
56142,CF (ItemKNN),0.09090909090909091,
56142,Content (Avg Emb),0.0,
56142,Last-Item,0.0,
56142,Avg-Last-10,0.0,
56142,Recency-Weighted,0.0,
56142,Essence (K=15),0.0,
56588,Random,0.0,
56588,Popularity,0.0,
56588,CF (ItemKNN),0.0,
56588,Content (Avg Emb),0.0,
56588,Last-Item,0.0,
56588,Avg-Last-10,0.0625,
56588,Recency-Weighted,0.0625,
56588,Essence (K=15),0.0,
56596,Random,0.0,
56596,Popularity,0.2222222222222222,
56596,CF (ItemKNN),0.16666666666666666,
56596,Content (Avg Emb),0.0,
56596,Last-Item,0.0,
56596,Avg-Last-10,0.0,
56596,Recency-Weighted,0.0,
56596,Essence (K=15),0.0,
56742,Random,0.0,
56742,Popularity,0.0,
56742,CF (ItemKNN),0.8,
56742,Content (Avg Emb),0.0,
56742,Last-Item,0.0,
56742,Avg-Last-10,0.0,
56742,Recency-Weighted,0.0,
56742,Essence (K=15),0.0,
56743,Random,0.0,
56743,Popularity,0.0,
56743,CF (ItemKNN),0.0,
56743,Content (Avg Emb),0.0,
56743,Last-Item,0.0,
56743,Avg-Last-10,0.0,
56743,Recency-Weighted,0.0,
56743,Essence (K=15),0.0,
56771,Random,0.2,
56771,Popularity,0.0,
56771,CF (ItemKNN),0.0,
56771,Content (Avg Emb),0.0,
56771,Last-Item,0.0,
56771,Avg-Last-10,0.0,
56771,Recency-Weighted,0.0,
56771,Essence (K=15),0.0,
56785,Random,0.0,
56785,Popularity,0.0,
56785,CF (ItemKNN),0.2,
56785,Content (Avg Emb),0.0,
56785,Last-Item,0.0,
56785,Avg-Last-10,0.0,
56785,Recency-Weighted,0.0,
56785,Essence (K=15),0.0,
56913,Random,0.0,
56913,Popularity,0.0,
56913,CF (ItemKNN),0.0,
56913,Content (Avg Emb),0.0,
56913,Last-Item,0.0,
56913,Avg-Last-10,0.0,
56913,Recency-Weighted,0.0,
56913,Essence (K=15),0.0,
56930,Random,0.0,
56930,Popularity,0.16666666666666666,
56930,CF (ItemKNN),0.3333333333333333,
56930,Content (Avg Emb),0.0,
56930,Last-Item,0.0,
56930,Avg-Last-10,0.0,
56930,Recency-Weighted,0.0,
56930,Essence (K=15),0.0,
57004,Random,0.0,0.0
57004,Popularity,0.05555555555555555,0.0
57004,CF (ItemKNN),0.05555555555555555,0.0
57004,Content (Avg Emb),0.0,0.0
57004,Last-Item,0.0,0.0
57004,Avg-Last-10,0.0,0.0
57004,Recency-Weighted,0.0,0.0
57004,Essence (K=15),0.0,0.0
57013,Random,0.0,0.0
57013,Popularity,0.0,0.0
57013,CF (ItemKNN),0.0,0.0
57013,Content (Avg Emb),0.0,0.0
57013,Last-Item,0.0,0.0
57013,Avg-Last-10,0.0,0.0
57013,Recency-Weighted,0.0,0.0
57013,Essence (K=15),0.0,0.0
57025,Random,0.0,0.0
57025,Popularity,0.0,0.0
57025,CF (ItemKNN),0.0,0.0
57025,Content (Avg Emb),0.0,0.0
57025,Last-Item,0.0,0.0
57025,Avg-Last-10,0.0,0.0
57025,Recency-Weighted,0.0,0.0
57025,Essence (K=15),0.0,0.0
57175,Random,0.0,
57175,Popularity,0.0,
57175,CF (ItemKNN),0.0,
57175,Content (Avg Emb),0.0,
57175,Last-Item,0.0,
57175,Avg-Last-10,0.0,
57175,Recency-Weighted,0.0,
57175,Essence (K=15),0.0,
57196,Random,0.0,
57196,Popularity,0.0,
57196,CF (ItemKNN),0.0,
57196,Content (Avg Emb),0.0,
57196,Last-Item,0.0,
57196,Avg-Last-10,0.0,
57196,Recency-Weighted,0.0,
57196,Essence (K=15),0.0,
57235,Random,0.0,
57235,Popularity,0.0,
57235,CF (ItemKNN),0.0,
57235,Content (Avg Emb),0.0,
57235,Last-Item,0.0,
57235,Avg-Last-10,0.0,
57235,Recency-Weighted,0.0,
57235,Essence (K=15),0.0,
57263,Random,0.0,
57263,Popularity,0.0,
57263,CF (ItemKNN),0.0,
57263,Content (Avg Emb),0.0,
57263,Last-Item,0.0,
57263,Avg-Last-10,0.0,
57263,Recency-Weighted,0.0,
57263,Essence (K=15),0.0,
57469,Random,0.0,
57469,Popularity,0.0,
57469,CF (ItemKNN),0.0,
57469,Content (Avg Emb),0.0,
57469,Last-Item,0.0,
57469,Avg-Last-10,0.0,
57469,Recency-Weighted,0.0,
57469,Essence (K=15),0.0,
57533,Random,0.0,
57533,Popularity,0.0,
57533,CF (ItemKNN),0.0,
57533,Content (Avg Emb),0.0,
57533,Last-Item,0.0,
57533,Avg-Last-10,0.0,
57533,Recency-Weighted,0.0,
57533,Essence (K=15),0.0,
57619,Random,0.0,
57619,Popularity,0.0,
57619,CF (ItemKNN),0.0,
57619,Content (Avg Emb),0.0,
57619,Last-Item,0.0,
57619,Avg-Last-10,0.0,
57619,Recency-Weighted,0.0,
57619,Essence (K=15),0.0,
57620,Random,0.0,
57620,Popularity,0.0,
57620,CF (ItemKNN),0.4,
57620,Content (Avg Emb),0.0,
57620,Last-Item,0.0,
57620,Avg-Last-10,0.0,
57620,Recency-Weighted,0.0,
57620,Essence (K=15),0.0,
57632,Random,0.0,0.0
57632,Popularity,0.0,0.0
57632,CF (ItemKNN),0.0,0.0
57632,Content (Avg Emb),0.0,0.0
57632,Last-Item,0.0,0.0
57632,Avg-Last-10,0.0,0.0
57632,Recency-Weighted,0.0,0.0
57632,Essence (K=15),0.0,0.0
57801,Random,0.0,
57801,Popularity,0.0625,
57801,CF (ItemKNN),0.0625,
57801,Content (Avg Emb),0.0,
57801,Last-Item,0.0,
57801,Avg-Last-10,0.0,
57801,Recency-Weighted,0.0,
57801,Essence (K=15),0.0,
57847,Random,0.0,
57847,Popularity,0.0,
57847,CF (ItemKNN),0.1111111111111111,
57847,Content (Avg Emb),0.0,
57847,Last-Item,0.0,
57847,Avg-Last-10,0.0,
57847,Recency-Weighted,0.0,
57847,Essence (K=15),0.0,
57870,Random,0.0,
57870,Popularity,0.0,
57870,CF (ItemKNN),0.0,
57870,Content (Avg Emb),0.0,
57870,Last-Item,0.0,
57870,Avg-Last-10,0.0,
57870,Recency-Weighted,0.0,
57870,Essence (K=15),0.0,
57977,Random,0.0,
57977,Popularity,0.0,
57977,CF (ItemKNN),0.0,
57977,Content (Avg Emb),0.0,
57977,Last-Item,0.0,
57977,Avg-Last-10,0.0,
57977,Recency-Weighted,0.0,
57977,Essence (K=15),0.0,
58017,Random,0.0,
58017,Popularity,0.0,
58017,CF (ItemKNN),0.14285714285714285,
58017,Content (Avg Emb),0.0,
58017,Last-Item,0.0,
58017,Avg-Last-10,0.0,
58017,Recency-Weighted,0.0,
58017,Essence (K=15),0.0,
58036,Random,0.0,
58036,Popularity,0.2777777777777778,
58036,CF (ItemKNN),0.05555555555555555,
58036,Content (Avg Emb),0.0,
58036,Last-Item,0.0,
58036,Avg-Last-10,0.0,
58036,Recency-Weighted,0.0,
58036,Essence (K=15),0.0,
58459,Random,0.0,
58459,Popularity,0.04,
58459,CF (ItemKNN),0.08,
58459,Content (Avg Emb),0.0,
58459,Last-Item,0.0,
58459,Avg-Last-10,0.0,
58459,Recency-Weighted,0.0,
58459,Essence (K=15),0.0,
58570,Random,0.0,0.0
58570,Popularity,0.0,0.0
58570,CF (ItemKNN),0.05,0.0
58570,Content (Avg Emb),0.0,0.0
58570,Last-Item,0.0,0.0
58570,Avg-Last-10,0.0,0.0
58570,Recency-Weighted,0.0,0.0
58570,Essence (K=15),0.0,0.0
58575,Random,0.0,0.0
58575,Popularity,0.038461538461538464,0.0
58575,CF (ItemKNN),0.038461538461538464,0.0
58575,Content (Avg Emb),0.038461538461538464,0.0
58575,Last-Item,0.0,0.0
58575,Avg-Last-10,0.0,0.0
58575,Recency-Weighted,0.0,0.0
58575,Essence (K=15),0.0,0.0
58585,Random,0.0,
58585,Popularity,0.0,
58585,CF (ItemKNN),0.0,
58585,Content (Avg Emb),0.0,
58585,Last-Item,0.0,
58585,Avg-Last-10,0.0,
58585,Recency-Weighted,0.0,
58585,Essence (K=15),0.0,
58705,Random,0.0,
58705,Popularity,0.1875,
58705,CF (ItemKNN),0.3125,
58705,Content (Avg Emb),0.0,
58705,Last-Item,0.0,
58705,Avg-Last-10,0.0,
58705,Recency-Weighted,0.0,
58705,Essence (K=15),0.0,
58713,Random,0.0,
58713,Popularity,0.0,
58713,CF (ItemKNN),0.14285714285714285,
58713,Content (Avg Emb),0.0,
58713,Last-Item,0.0,
58713,Avg-Last-10,0.0,
58713,Recency-Weighted,0.0,
58713,Essence (K=15),0.0,
58841,Random,0.0,
58841,Popularity,0.0,
58841,CF (ItemKNN),0.0,
58841,Content (Avg Emb),0.0,
58841,Last-Item,0.0,
58841,Avg-Last-10,0.0,
58841,Recency-Weighted,0.0,
58841,Essence (K=15),0.0,
58851,Random,0.0,
58851,Popularity,0.0,
58851,CF (ItemKNN),0.0,
58851,Content (Avg Emb),0.0,
58851,Last-Item,0.0,
58851,Avg-Last-10,0.0,
58851,Recency-Weighted,0.0,
58851,Essence (K=15),0.0,
58941,Random,0.0,0.0
58941,Popularity,0.05,0.0
58941,CF (ItemKNN),0.0,0.0
58941,Content (Avg Emb),0.05,0.0
58941,Last-Item,0.0,0.0
58941,Avg-Last-10,0.05,0.0
58941,Recency-Weighted,0.1,0.0
58941,Essence (K=15),0.1,0.0
59025,Random,0.0,
59025,Popularity,0.0,
59025,CF (ItemKNN),0.0,
59025,Content (Avg Emb),0.0,
59025,Last-Item,0.0,
59025,Avg-Last-10,0.0,
59025,Recency-Weighted,0.0,
59025,Essence (K=15),0.0,
59054,Random,0.0,
59054,Popularity,0.0,
59054,CF (ItemKNN),0.3333333333333333,
59054,Content (Avg Emb),0.0,
59054,Last-Item,0.0,
59054,Avg-Last-10,0.0,
59054,Recency-Weighted,0.0,
59054,Essence (K=15),0.0,
59064,Random,0.0,
59064,Popularity,0.08333333333333333,
59064,CF (ItemKNN),0.25,
59064,Content (Avg Emb),0.0,
59064,Last-Item,0.0,
59064,Avg-Last-10,0.0,
59064,Recency-Weighted,0.0,
59064,Essence (K=15),0.0,
59070,Random,0.0,0.0
59070,Popularity,0.0,0.0
59070,CF (ItemKNN),0.0,0.0
59070,Content (Avg Emb),0.0,0.0
59070,Last-Item,0.0,0.0
59070,Avg-Last-10,0.0,0.0
59070,Recency-Weighted,0.0,0.0
59070,Essence (K=15),0.0,0.0
59169,Random,0.0,
59169,Popularity,0.0,
59169,CF (ItemKNN),0.0,
59169,Content (Avg Emb),0.0,
59169,Last-Item,0.0,
59169,Avg-Last-10,0.0,
59169,Recency-Weighted,0.0,
59169,Essence (K=15),0.0,
59263,Random,0.0,0.0
59263,Popularity,0.0,0.0
59263,CF (ItemKNN),0.0,0.0
59263,Content (Avg Emb),0.0,0.0
59263,Last-Item,0.0,0.0
59263,Avg-Last-10,0.0,0.0
59263,Recency-Weighted,0.0,0.0
59263,Essence (K=15),0.0,0.0
59420,Random,0.0,
59420,Popularity,0.0,
59420,CF (ItemKNN),0.1,
59420,Content (Avg Emb),0.0,
59420,Last-Item,0.1,
59420,Avg-Last-10,0.1,
59420,Recency-Weighted,0.1,
59420,Essence (K=15),0.0,
59458,Random,0.0,
59458,Popularity,0.0,
59458,CF (ItemKNN),0.0,
59458,Content (Avg Emb),0.0,
59458,Last-Item,0.17647058823529413,
59458,Avg-Last-10,0.11764705882352941,
59458,Recency-Weighted,0.11764705882352941,
59458,Essence (K=15),0.0,
59564,Random,0.0,
59564,Popularity,0.0,
59564,CF (ItemKNN),0.0,
59564,Content (Avg Emb),0.0,
59564,Last-Item,0.0,
59564,Avg-Last-10,0.0,
59564,Recency-Weighted,0.0,
59564,Essence (K=15),0.0,
59593,Random,0.0,0.0
59593,Popularity,0.07692307692307693,0.0
59593,CF (ItemKNN),0.23076923076923078,0.0
59593,Content (Avg Emb),0.0,0.0
59593,Last-Item,0.0,0.0
59593,Avg-Last-10,0.0,0.0
59593,Recency-Weighted,0.0,0.0
59593,Essence (K=15),0.0,0.0
59609,Random,0.0,
59609,Popularity,0.2,
59609,CF (ItemKNN),0.0,
59609,Content (Avg Emb),0.0,
59609,Last-Item,0.0,
59609,Avg-Last-10,0.0,
59609,Recency-Weighted,0.0,
59609,Essence (K=15),0.0,
59806,Random,0.0,
59806,Popularity,0.0,
59806,CF (ItemKNN),0.2,
59806,Content (Avg Emb),0.0,
59806,Last-Item,0.0,
59806,Avg-Last-10,0.0,
59806,Recency-Weighted,0.0,
59806,Essence (K=15),0.0,
59955,Random,0.0,
59955,Popularity,0.4,
59955,CF (ItemKNN),0.0,
59955,Content (Avg Emb),0.0,
59955,Last-Item,0.0,
59955,Avg-Last-10,0.0,
59955,Recency-Weighted,0.0,
59955,Essence (K=15),0.0,
60164,Random,0.0,
60164,Popularity,0.25,
60164,CF (ItemKNN),0.5,
60164,Content (Avg Emb),0.0,
60164,Last-Item,0.0,
60164,Avg-Last-10,0.0,
60164,Recency-Weighted,0.0,
60164,Essence (K=15),0.0,
60282,Random,0.0,0.0
60282,Popularity,0.0,0.0
60282,CF (ItemKNN),0.0,0.0
60282,Content (Avg Emb),0.0,0.0
60282,Last-Item,0.08333333333333333,0.5
60282,Avg-Last-10,0.0,0.0
60282,Recency-Weighted,0.0,0.0
60282,Essence (K=15),0.0,0.0
60370,Random,0.0,0.0
60370,Popularity,0.0,0.0
60370,CF (ItemKNN),0.0,0.0
60370,Content (Avg Emb),0.0,0.0
60370,Last-Item,0.0,0.0
60370,Avg-Last-10,0.0,0.0
60370,Recency-Weighted,0.03125,0.0
60370,Essence (K=15),0.0625,0.0
60373,Random,0.0,0.0
60373,Popularity,0.0,0.0
60373,CF (ItemKNN),0.0,0.0
60373,Content (Avg Emb),0.0,0.0
60373,Last-Item,0.0,0.0
60373,Avg-Last-10,0.0,0.0
60373,Recency-Weighted,0.0,0.0
60373,Essence (K=15),0.0,0.0
60491,Random,0.0,
60491,Popularity,0.0,
60491,CF (ItemKNN),0.0,
60491,Content (Avg Emb),0.0,
60491,Last-Item,0.0,
60491,Avg-Last-10,0.0,
60491,Recency-Weighted,0.0,
60491,Essence (K=15),0.0,
60707,Random,0.0,
60707,Popularity,0.0,
60707,CF (ItemKNN),0.0,
60707,Content (Avg Emb),0.0,
60707,Last-Item,0.0,
60707,Avg-Last-10,0.0,
60707,Recency-Weighted,0.0,
60707,Essence (K=15),0.0,
60811,Random,0.0,0.0
60811,Popularity,0.0,0.0
60811,CF (ItemKNN),0.0,0.0
60811,Content (Avg Emb),0.0,0.0
60811,Last-Item,0.0,0.0
60811,Avg-Last-10,0.0,0.0
60811,Recency-Weighted,0.0,0.0
60811,Essence (K=15),0.0,0.0
60882,Random,0.0,
60882,Popularity,0.0,
60882,CF (ItemKNN),0.0,
60882,Content (Avg Emb),0.0,
60882,Last-Item,0.0,
60882,Avg-Last-10,0.0,
60882,Recency-Weighted,0.0,
60882,Essence (K=15),0.0,
60896,Random,0.0,0.0
60896,Popularity,0.04,0.0
60896,CF (ItemKNN),0.08,0.0
60896,Content (Avg Emb),0.0,0.0
60896,Last-Item,0.0,0.0
60896,Avg-Last-10,0.0,0.0
60896,Recency-Weighted,0.0,0.0
60896,Essence (K=15),0.0,0.0
61047,Random,0.0,
61047,Popularity,0.0,
61047,CF (ItemKNN),0.0,
61047,Content (Avg Emb),0.0,
61047,Last-Item,0.0,
61047,Avg-Last-10,0.0,
61047,Recency-Weighted,0.0,
61047,Essence (K=15),0.0,
61240,Random,0.0,
61240,Popularity,0.5,
61240,CF (ItemKNN),0.0,
61240,Content (Avg Emb),0.0,
61240,Last-Item,0.0,
61240,Avg-Last-10,0.0,
61240,Recency-Weighted,0.0,
61240,Essence (K=15),0.0,
61241,Random,0.0,
61241,Popularity,0.16666666666666666,
61241,CF (ItemKNN),0.16666666666666666,
61241,Content (Avg Emb),0.0,
61241,Last-Item,0.0,
61241,Avg-Last-10,0.0,
61241,Recency-Weighted,0.0,
61241,Essence (K=15),0.0,
61296,Random,0.0,
61296,Popularity,0.0,
61296,CF (ItemKNN),0.0,
61296,Content (Avg Emb),0.0,
61296,Last-Item,0.0,
61296,Avg-Last-10,0.0,
61296,Recency-Weighted,0.0,
61296,Essence (K=15),0.0,
61447,Random,0.0,0.0
61447,Popularity,0.0,0.0
61447,CF (ItemKNN),0.03333333333333333,0.0
61447,Content (Avg Emb),0.0,0.0
61447,Last-Item,0.0,0.0
61447,Avg-Last-10,0.0,0.0
61447,Recency-Weighted,0.0,0.0
61447,Essence (K=15),0.0,0.0
61538,Random,0.0,
61538,Popularity,0.0,
61538,CF (ItemKNN),0.0,
61538,Content (Avg Emb),0.0,
61538,Last-Item,0.0,
61538,Avg-Last-10,0.0,
61538,Recency-Weighted,0.0,
61538,Essence (K=15),0.0,
61578,Random,0.0,
61578,Popularity,0.07407407407407407,
61578,CF (ItemKNN),0.0,
61578,Content (Avg Emb),0.0,
61578,Last-Item,0.037037037037037035,
61578,Avg-Last-10,0.0,
61578,Recency-Weighted,0.0,
61578,Essence (K=15),0.0,
61653,Random,0.0,
61653,Popularity,0.16666666666666666,
61653,CF (ItemKNN),0.0,
61653,Content (Avg Emb),0.0,
61653,Last-Item,0.0,
61653,Avg-Last-10,0.0,
61653,Recency-Weighted,0.0,
61653,Essence (K=15),0.0,
61682,Random,0.0,
61682,Popularity,0.0,
61682,CF (ItemKNN),0.0,
61682,Content (Avg Emb),0.0,
61682,Last-Item,0.0,
61682,Avg-Last-10,0.0,
61682,Recency-Weighted,0.0,
61682,Essence (K=15),0.0,
61819,Random,0.0,0.0
61819,Popularity,0.0,0.0
61819,CF (ItemKNN),0.0,0.0
61819,Content (Avg Emb),0.0,0.0
61819,Last-Item,0.0,0.0
61819,Avg-Last-10,0.0,0.0
61819,Recency-Weighted,0.0,0.0
61819,Essence (K=15),0.0,0.0
61847,Random,0.0,
61847,Popularity,0.0,
61847,CF (ItemKNN),0.0,
61847,Content (Avg Emb),0.0,
61847,Last-Item,0.0,
61847,Avg-Last-10,0.0,
61847,Recency-Weighted,0.0,
61847,Essence (K=15),0.0,
61858,Random,0.0,
61858,Popularity,0.0,
61858,CF (ItemKNN),0.0,
61858,Content (Avg Emb),0.0,
61858,Last-Item,0.0,
61858,Avg-Last-10,0.0,
61858,Recency-Weighted,0.0,
61858,Essence (K=15),0.0,
61881,Random,0.0,
61881,Popularity,0.1,
61881,CF (ItemKNN),0.2,
61881,Content (Avg Emb),0.0,
61881,Last-Item,0.0,
61881,Avg-Last-10,0.0,
61881,Recency-Weighted,0.0,
61881,Essence (K=15),0.0,
61906,Random,0.0,
61906,Popularity,0.2,
61906,CF (ItemKNN),0.3,
61906,Content (Avg Emb),0.0,
61906,Last-Item,0.0,
61906,Avg-Last-10,0.0,
61906,Recency-Weighted,0.0,
61906,Essence (K=15),0.0,
61962,Random,0.0,
61962,Popularity,0.0,
61962,CF (ItemKNN),0.0,
61962,Content (Avg Emb),0.0,
61962,Last-Item,0.0,
61962,Avg-Last-10,0.0,
61962,Recency-Weighted,0.0,
61962,Essence (K=15),0.0,
61980,Random,0.0,
61980,Popularity,0.0,
61980,CF (ItemKNN),0.0,
61980,Content (Avg Emb),0.0,
61980,Last-Item,0.0,
61980,Avg-Last-10,0.0,
61980,Recency-Weighted,0.0,
61980,Essence (K=15),0.0,
61990,Random,0.0,
61990,Popularity,0.037037037037037035,
61990,CF (ItemKNN),0.25925925925925924,
61990,Content (Avg Emb),0.0,
61990,Last-Item,0.0,
61990,Avg-Last-10,0.0,
61990,Recency-Weighted,0.0,
61990,Essence (K=15),0.0,
62018,Random,0.0,
62018,Popularity,0.0,
62018,CF (ItemKNN),0.25,
62018,Content (Avg Emb),0.0,
62018,Last-Item,0.0,
62018,Avg-Last-10,0.0,
62018,Recency-Weighted,0.0,
62018,Essence (K=15),0.0,
62046,Random,0.0,
62046,Popularity,0.1,
62046,CF (ItemKNN),0.1,
62046,Content (Avg Emb),0.0,
62046,Last-Item,0.0,
62046,Avg-Last-10,0.0,
62046,Recency-Weighted,0.0,
62046,Essence (K=15),0.0,
62077,Random,0.0,
62077,Popularity,0.0,
62077,CF (ItemKNN),0.0,
62077,Content (Avg Emb),0.0,
62077,Last-Item,0.0,
62077,Avg-Last-10,0.0,
62077,Recency-Weighted,0.0,
62077,Essence (K=15),0.0,
62230,Random,0.0,
62230,Popularity,0.0,
62230,CF (ItemKNN),0.0,
62230,Content (Avg Emb),0.0,
62230,Last-Item,0.0,
62230,Avg-Last-10,0.0,
62230,Recency-Weighted,0.0,
62230,Essence (K=15),0.0,
62256,Random,0.0,
62256,Popularity,0.0,
62256,CF (ItemKNN),0.0,
62256,Content (Avg Emb),0.0,
62256,Last-Item,0.0,
62256,Avg-Last-10,0.0,
62256,Recency-Weighted,0.0,
62256,Essence (K=15),0.0,
62433,Random,0.0,
62433,Popularity,0.0,
62433,CF (ItemKNN),0.05,
62433,Content (Avg Emb),0.0,
62433,Last-Item,0.0,
62433,Avg-Last-10,0.0,
62433,Recency-Weighted,0.0,
62433,Essence (K=15),0.0,
62470,Random,0.0,0.0
62470,Popularity,0.0,0.0
62470,CF (ItemKNN),0.0,0.0
62470,Content (Avg Emb),0.0,0.0
62470,Last-Item,0.0,0.0
62470,Avg-Last-10,0.0,0.0
62470,Recency-Weighted,0.0,0.0
62470,Essence (K=15),0.0,0.0
62515,Random,0.0,
62515,Popularity,0.0,
62515,CF (ItemKNN),0.07692307692307693,
62515,Content (Avg Emb),0.0,
62515,Last-Item,0.0,
62515,Avg-Last-10,0.0,
62515,Recency-Weighted,0.0,
62515,Essence (K=15),0.0,
62589,Random,0.0,
62589,Popularity,0.1,
62589,CF (ItemKNN),0.3,
62589,Content (Avg Emb),0.1,
62589,Last-Item,0.0,
62589,Avg-Last-10,0.1,
62589,Recency-Weighted,0.1,
62589,Essence (K=15),0.0,
62730,Random,0.0,
62730,Popularity,0.0,
62730,CF (ItemKNN),0.0,
62730,Content (Avg Emb),0.0,
62730,Last-Item,0.14285714285714285,
62730,Avg-Last-10,0.0,
62730,Recency-Weighted,0.0,
62730,Essence (K=15),0.0,
62742,Random,0.0,
62742,Popularity,0.0,
62742,CF (ItemKNN),0.0,
62742,Content (Avg Emb),0.0,
62742,Last-Item,0.0,
62742,Avg-Last-10,0.0,
62742,Recency-Weighted,0.0,
62742,Essence (K=15),0.0,
62883,Random,0.0,
62883,Popularity,0.09090909090909091,
62883,CF (ItemKNN),0.2727272727272727,
62883,Content (Avg Emb),0.0,
62883,Last-Item,0.0,
62883,Avg-Last-10,0.0,
62883,Recency-Weighted,0.0,
62883,Essence (K=15),0.0,
62982,Random,0.0,0.0
62982,Popularity,0.0,0.0
62982,CF (ItemKNN),0.10526315789473684,0.0
62982,Content (Avg Emb),0.0,0.0
62982,Last-Item,0.0,0.0
62982,Avg-Last-10,0.10526315789473684,0.0
62982,Recency-Weighted,0.10526315789473684,0.0
62982,Essence (K=15),0.0,0.0
63044,Random,0.0,
63044,Popularity,0.0,
63044,CF (ItemKNN),0.0,
63044,Content (Avg Emb),0.0,
63044,Last-Item,0.0,
63044,Avg-Last-10,0.0,
63044,Recency-Weighted,0.0,
63044,Essence (K=15),0.0,
63092,Random,0.0,
63092,Popularity,0.0,
63092,CF (ItemKNN),0.1,
63092,Content (Avg Emb),0.0,
63092,Last-Item,0.05,
63092,Avg-Last-10,0.05,
63092,Recency-Weighted,0.05,
63092,Essence (K=15),0.0,
63109,Random,0.0,
63109,Popularity,0.25,
63109,CF (ItemKNN),0.125,
63109,Content (Avg Emb),0.0,
63109,Last-Item,0.0,
63109,Avg-Last-10,0.0,
63109,Recency-Weighted,0.0,
63109,Essence (K=15),0.0,
63113,Random,0.0,
63113,Popularity,0.125,
63113,CF (ItemKNN),0.1875,
63113,Content (Avg Emb),0.0,
63113,Last-Item,0.0,
63113,Avg-Last-10,0.0,
63113,Recency-Weighted,0.0,
63113,Essence (K=15),0.0,
63247,Random,0.0,
63247,Popularity,0.2,
63247,CF (ItemKNN),0.0,
63247,Content (Avg Emb),0.0,
63247,Last-Item,0.0,
63247,Avg-Last-10,0.0,
63247,Recency-Weighted,0.0,
63247,Essence (K=15),0.0,
63259,Random,0.0,0.0
63259,Popularity,0.0,0.0
63259,CF (ItemKNN),0.0,0.0
63259,Content (Avg Emb),0.0,0.0
63259,Last-Item,0.0,0.0
63259,Avg-Last-10,0.0,0.0
63259,Recency-Weighted,0.0,0.0
63259,Essence (K=15),0.0,0.0
63408,Random,0.0,
63408,Popularity,0.0,
63408,CF (ItemKNN),0.14285714285714285,
63408,Content (Avg Emb),0.0,
63408,Last-Item,0.0,
63408,Avg-Last-10,0.0,
63408,Recency-Weighted,0.0,
63408,Essence (K=15),0.0,
63566,Random,0.0,
63566,Popularity,0.0,
63566,CF (ItemKNN),0.2857142857142857,
63566,Content (Avg Emb),0.0,
63566,Last-Item,0.0,
63566,Avg-Last-10,0.0,
63566,Recency-Weighted,0.0,
63566,Essence (K=15),0.0,
63617,Random,0.0,
63617,Popularity,0.0,
63617,CF (ItemKNN),0.25,
63617,Content (Avg Emb),0.0,
63617,Last-Item,0.0,
63617,Avg-Last-10,0.0,
63617,Recency-Weighted,0.0,
63617,Essence (K=15),0.0,
63746,Random,0.0,
63746,Popularity,0.0,
63746,CF (ItemKNN),0.0,
63746,Content (Avg Emb),0.0,
63746,Last-Item,0.0,
63746,Avg-Last-10,0.0,
63746,Recency-Weighted,0.0,
63746,Essence (K=15),0.0,
63876,Random,0.0,
63876,Popularity,0.16666666666666666,
63876,CF (ItemKNN),0.16666666666666666,
63876,Content (Avg Emb),0.0,
63876,Last-Item,0.0,
63876,Avg-Last-10,0.0,
63876,Recency-Weighted,0.0,
63876,Essence (K=15),0.0,
63993,Random,0.0,0.0
63993,Popularity,0.0,0.0
63993,CF (ItemKNN),0.0,0.0
63993,Content (Avg Emb),0.0,0.0
63993,Last-Item,0.0,0.0
63993,Avg-Last-10,0.0,0.0
63993,Recency-Weighted,0.0,0.0
63993,Essence (K=15),0.0,0.0
64036,Random,0.0,
64036,Popularity,0.1111111111111111,
64036,CF (ItemKNN),0.1111111111111111,
64036,Content (Avg Emb),0.0,
64036,Last-Item,0.0,
64036,Avg-Last-10,0.0,
64036,Recency-Weighted,0.0,
64036,Essence (K=15),0.0,
64176,Random,0.0,
64176,Popularity,0.5555555555555556,
64176,CF (ItemKNN),0.4444444444444444,
64176,Content (Avg Emb),0.1111111111111111,
64176,Last-Item,0.0,
64176,Avg-Last-10,0.0,
64176,Recency-Weighted,0.1111111111111111,
64176,Essence (K=15),0.0,
64230,Random,0.0,
64230,Popularity,0.14285714285714285,
64230,CF (ItemKNN),0.14285714285714285,
64230,Content (Avg Emb),0.0,
64230,Last-Item,0.0,
64230,Avg-Last-10,0.0,
64230,Recency-Weighted,0.0,
64230,Essence (K=15),0.0,
64313,Random,0.0,
64313,Popularity,0.0,
64313,CF (ItemKNN),0.0,
64313,Content (Avg Emb),0.0,
64313,Last-Item,0.0,
64313,Avg-Last-10,0.0,
64313,Recency-Weighted,0.0,
64313,Essence (K=15),0.0,
64373,Random,0.0,
64373,Popularity,0.0,
64373,CF (ItemKNN),0.25,
64373,Content (Avg Emb),0.0,
64373,Last-Item,0.0,
64373,Avg-Last-10,0.0,
64373,Recency-Weighted,0.0,
64373,Essence (K=15),0.0,
64647,Random,0.0,
64647,Popularity,0.06666666666666667,
64647,CF (ItemKNN),0.06666666666666667,
64647,Content (Avg Emb),0.0,
64647,Last-Item,0.0,
64647,Avg-Last-10,0.0,
64647,Recency-Weighted,0.0,
64647,Essence (K=15),0.0,
64776,Random,0.0,
64776,Popularity,0.0,
64776,CF (ItemKNN),0.0,
64776,Content (Avg Emb),0.0,
64776,Last-Item,0.0,
64776,Avg-Last-10,0.0,
64776,Recency-Weighted,0.0,
64776,Essence (K=15),0.0,
64791,Random,0.0,
64791,Popularity,0.0,
64791,CF (ItemKNN),0.0,
64791,Content (Avg Emb),0.0,
64791,Last-Item,0.0,
64791,Avg-Last-10,0.0,
64791,Recency-Weighted,0.0,
64791,Essence (K=15),0.0,
64876,Random,0.0,
64876,Popularity,0.1,
64876,CF (ItemKNN),0.0,
64876,Content (Avg Emb),0.0,
64876,Last-Item,0.0,
64876,Avg-Last-10,0.0,
64876,Recency-Weighted,0.0,
64876,Essence (K=15),0.0,
64921,Random,0.0,
64921,Popularity,0.0,
64921,CF (ItemKNN),0.0,
64921,Content (Avg Emb),0.0,
64921,Last-Item,0.0,
64921,Avg-Last-10,0.0,
64921,Recency-Weighted,0.0,
64921,Essence (K=15),0.0,
65218,Random,0.0,
65218,Popularity,0.0,
65218,CF (ItemKNN),0.0,
65218,Content (Avg Emb),0.0,
65218,Last-Item,0.0,
65218,Avg-Last-10,0.0,
65218,Recency-Weighted,0.0,
65218,Essence (K=15),0.1,
65275,Random,0.0,0.0
65275,Popularity,0.0,0.0
65275,CF (ItemKNN),0.0,0.0
65275,Content (Avg Emb),0.0,0.0
65275,Last-Item,0.0,0.0
65275,Avg-Last-10,0.0,0.0
65275,Recency-Weighted,0.0,0.0
65275,Essence (K=15),0.0,0.0
65288,Random,0.0,
65288,Popularity,0.0,
65288,CF (ItemKNN),0.0,
65288,Content (Avg Emb),0.0,
65288,Last-Item,0.0,
65288,Avg-Last-10,0.0,
65288,Recency-Weighted,0.0,
65288,Essence (K=15),0.0,
65410,Random,0.0,
65410,Popularity,0.0,
65410,CF (ItemKNN),0.0,
65410,Content (Avg Emb),0.0,
65410,Last-Item,0.0,
65410,Avg-Last-10,0.0,
65410,Recency-Weighted,0.0,
65410,Essence (K=15),0.0,
65434,Random,0.0,0.0
65434,Popularity,0.1111111111111111,0.0
65434,CF (ItemKNN),0.0,0.0
65434,Content (Avg Emb),0.0,0.0
65434,Last-Item,0.05555555555555555,0.0
65434,Avg-Last-10,0.0,0.0
65434,Recency-Weighted,0.0,0.0
65434,Essence (K=15),0.0,0.0
65445,Random,0.0,
65445,Popularity,0.0,
65445,CF (ItemKNN),0.0,
65445,Content (Avg Emb),0.0,
65445,Last-Item,0.0,
65445,Avg-Last-10,0.0,
65445,Recency-Weighted,0.0,
65445,Essence (K=15),0.0,
65585,Random,0.0,0.0
65585,Popularity,0.0,0.0
65585,CF (ItemKNN),0.029411764705882353,0.0
65585,Content (Avg Emb),0.0,0.0
65585,Last-Item,0.0,0.0
65585,Avg-Last-10,0.0,0.0
65585,Recency-Weighted,0.0,0.0
65585,Essence (K=15),0.0,0.0
65637,Random,0.0,
65637,Popularity,0.0,
65637,CF (ItemKNN),0.0,
65637,Content (Avg Emb),0.0,
65637,Last-Item,0.0,
65637,Avg-Last-10,0.0,
65637,Recency-Weighted,0.0,
65637,Essence (K=15),0.0,
65653,Random,0.0,
65653,Popularity,0.08333333333333333,
65653,CF (ItemKNN),0.0,
65653,Content (Avg Emb),0.0,
65653,Last-Item,0.0,
65653,Avg-Last-10,0.0,
65653,Recency-Weighted,0.0,
65653,Essence (K=15),0.08333333333333333,
66111,Random,0.0,
66111,Popularity,0.058823529411764705,
66111,CF (ItemKNN),0.0,
66111,Content (Avg Emb),0.0,
66111,Last-Item,0.0,
66111,Avg-Last-10,0.0,
66111,Recency-Weighted,0.0,
66111,Essence (K=15),0.0,
66233,Random,0.0,
66233,Popularity,0.0,
66233,CF (ItemKNN),0.5,
66233,Content (Avg Emb),0.25,
66233,Last-Item,0.25,
66233,Avg-Last-10,0.25,
66233,Recency-Weighted,0.25,
66233,Essence (K=15),0.25,
66379,Random,0.0,
66379,Popularity,0.0,
66379,CF (ItemKNN),0.0,
66379,Content (Avg Emb),0.0,
66379,Last-Item,0.0,
66379,Avg-Last-10,0.0,
66379,Recency-Weighted,0.0,
66379,Essence (K=15),0.0,
66528,Random,0.0,0.0
66528,Popularity,0.0,0.0
66528,CF (ItemKNN),0.0,0.0
66528,Content (Avg Emb),0.0,0.0
66528,Last-Item,0.0,0.0
66528,Avg-Last-10,0.0,0.0
66528,Recency-Weighted,0.0,0.0
66528,Essence (K=15),0.0,0.0
66558,Random,0.0,0.0
66558,Popularity,0.1891891891891892,0.0
66558,CF (ItemKNN),0.1891891891891892,0.0
66558,Content (Avg Emb),0.0,0.0
66558,Last-Item,0.0,0.0
66558,Avg-Last-10,0.0,0.0
66558,Recency-Weighted,0.0,0.0
66558,Essence (K=15),0.0,0.0
66573,Random,0.0,
66573,Popularity,0.0,
66573,CF (ItemKNN),0.0,
66573,Content (Avg Emb),0.0,
66573,Last-Item,0.0,
66573,Avg-Last-10,0.0,
66573,Recency-Weighted,0.0,
66573,Essence (K=15),0.0,
66846,Random,0.0,
66846,Popularity,0.2,
66846,CF (ItemKNN),0.2,
66846,Content (Avg Emb),0.0,
66846,Last-Item,0.2,
66846,Avg-Last-10,0.0,
66846,Recency-Weighted,0.0,
66846,Essence (K=15),0.0,
66946,Random,0.0,0.0
66946,Popularity,0.0,0.0
66946,CF (ItemKNN),0.0625,0.0
66946,Content (Avg Emb),0.0,0.0
66946,Last-Item,0.03125,0.0
66946,Avg-Last-10,0.0,0.0
66946,Recency-Weighted,0.0,0.0
66946,Essence (K=15),0.0,0.0
67119,Random,0.0,
67119,Popularity,0.0,
67119,CF (ItemKNN),0.0,
67119,Content (Avg Emb),0.0,
67119,Last-Item,0.0,
67119,Avg-Last-10,0.0,
67119,Recency-Weighted,0.0,
67119,Essence (K=15),0.0,
67155,Random,0.0,
67155,Popularity,0.0,
67155,CF (ItemKNN),0.09090909090909091,
67155,Content (Avg Emb),0.0,
67155,Last-Item,0.09090909090909091,
67155,Avg-Last-10,0.09090909090909091,
67155,Recency-Weighted,0.09090909090909091,
67155,Essence (K=15),0.09090909090909091,
67168,Random,0.0,
67168,Popularity,0.0,
67168,CF (ItemKNN),1.0,
67168,Content (Avg Emb),0.0,
67168,Last-Item,0.0,
67168,Avg-Last-10,0.0,
67168,Recency-Weighted,0.0,
67168,Essence (K=15),0.0,
67222,Random,0.0,0.0
67222,Popularity,0.0,0.0
67222,CF (ItemKNN),0.0,0.0
67222,Content (Avg Emb),0.0,0.0
67222,Last-Item,0.0,0.0
67222,Avg-Last-10,0.0,0.0
67222,Recency-Weighted,0.0,0.0
67222,Essence (K=15),0.0,0.0
67494,Random,0.0,
67494,Popularity,0.0,
67494,CF (ItemKNN),0.0,
67494,Content (Avg Emb),0.0,
67494,Last-Item,0.0,
67494,Avg-Last-10,0.0,
67494,Recency-Weighted,0.0,
67494,Essence (K=15),0.0,
67645,Random,0.0,
67645,Popularity,0.0,
67645,CF (ItemKNN),0.0,
67645,Content (Avg Emb),0.0,
67645,Last-Item,0.0,
67645,Avg-Last-10,0.0,
67645,Recency-Weighted,0.0,
67645,Essence (K=15),0.0,
67660,Random,0.0,
67660,Popularity,0.0,
67660,CF (ItemKNN),0.125,
67660,Content (Avg Emb),0.0,
67660,Last-Item,0.0,
67660,Avg-Last-10,0.0,
67660,Recency-Weighted,0.0,
67660,Essence (K=15),0.0,
67677,Random,0.0,0.0
67677,Popularity,0.0,0.0
67677,CF (ItemKNN),0.0,0.0
67677,Content (Avg Emb),0.0,0.0
67677,Last-Item,0.0,0.0
67677,Avg-Last-10,0.0,0.0
67677,Recency-Weighted,0.0,0.0
67677,Essence (K=15),0.0,0.0
67876,Random,0.0,
67876,Popularity,0.0,
67876,CF (ItemKNN),0.5,
67876,Content (Avg Emb),0.0,
67876,Last-Item,0.0,
67876,Avg-Last-10,0.0,
67876,Recency-Weighted,0.0,
67876,Essence (K=15),0.0,
67968,Random,0.0,
67968,Popularity,0.0,
67968,CF (ItemKNN),0.0,
67968,Content (Avg Emb),0.0,
67968,Last-Item,0.0,
67968,Avg-Last-10,0.0,
67968,Recency-Weighted,0.0,
67968,Essence (K=15),0.0,
67974,Random,0.0,
67974,Popularity,0.0,
67974,CF (ItemKNN),0.0,
67974,Content (Avg Emb),0.0,
67974,Last-Item,0.0,
67974,Avg-Last-10,0.0,
67974,Recency-Weighted,0.0,
67974,Essence (K=15),0.0,
68060,Random,0.0,0.0
68060,Popularity,0.07692307692307693,0.0
68060,CF (ItemKNN),0.0,0.0
68060,Content (Avg Emb),0.0,0.0
68060,Last-Item,0.0,0.0
68060,Avg-Last-10,0.0,0.0
68060,Recency-Weighted,0.0,0.0
68060,Essence (K=15),0.0,0.0
68128,Random,0.0,
68128,Popularity,0.16666666666666666,
68128,CF (ItemKNN),0.0,
68128,Content (Avg Emb),0.0,
68128,Last-Item,0.0,
68128,Avg-Last-10,0.16666666666666666,
68128,Recency-Weighted,0.16666666666666666,
68128,Essence (K=15),0.16666666666666666,
68157,Random,0.0,
68157,Popularity,0.0,
68157,CF (ItemKNN),0.0,
68157,Content (Avg Emb),0.0,
68157,Last-Item,0.0,
68157,Avg-Last-10,0.0,
68157,Recency-Weighted,0.0,
68157,Essence (K=15),0.0,
68174,Random,0.0,0.0
68174,Popularity,0.1111111111111111,0.0
68174,CF (ItemKNN),0.1111111111111111,0.0
68174,Content (Avg Emb),0.0,0.0
68174,Last-Item,0.0,0.0
68174,Avg-Last-10,0.0,0.0
68174,Recency-Weighted,0.0,0.0
68174,Essence (K=15),0.0,0.0
68233,Random,0.0,0.0
68233,Popularity,0.0,0.0
68233,CF (ItemKNN),0.0,0.0
68233,Content (Avg Emb),0.0,0.0
68233,Last-Item,0.0,0.0
68233,Avg-Last-10,0.0,0.0
68233,Recency-Weighted,0.0,0.0
68233,Essence (K=15),0.0,0.0
68320,Random,0.0,
68320,Popularity,0.058823529411764705,
68320,CF (ItemKNN),0.08823529411764706,
68320,Content (Avg Emb),0.0,
68320,Last-Item,0.0,
68320,Avg-Last-10,0.0,
68320,Recency-Weighted,0.0,
68320,Essence (K=15),0.0,
68329,Random,0.0,
68329,Popularity,0.0,
68329,CF (ItemKNN),0.0,
68329,Content (Avg Emb),0.0,
68329,Last-Item,0.0,
68329,Avg-Last-10,0.0,
68329,Recency-Weighted,0.0,
68329,Essence (K=15),0.0,
68336,Random,0.0,0.0
68336,Popularity,0.07142857142857142,0.0
68336,CF (ItemKNN),0.07142857142857142,0.0
68336,Content (Avg Emb),0.0,0.0
68336,Last-Item,0.0,0.0
68336,Avg-Last-10,0.0,0.0
68336,Recency-Weighted,0.0,0.0
68336,Essence (K=15),0.0,0.0
68351,Random,0.0,
68351,Popularity,0.0,
68351,CF (ItemKNN),0.0,
68351,Content (Avg Emb),0.0,
68351,Last-Item,0.0,
68351,Avg-Last-10,0.0,
68351,Recency-Weighted,0.0,
68351,Essence (K=15),0.0,
68446,Random,0.0,
68446,Popularity,0.0,
68446,CF (ItemKNN),0.0,
68446,Content (Avg Emb),0.0,
68446,Last-Item,0.0,
68446,Avg-Last-10,0.0,
68446,Recency-Weighted,0.0,
68446,Essence (K=15),0.0,
68479,Random,0.0,
68479,Popularity,0.0,
68479,CF (ItemKNN),0.16666666666666666,
68479,Content (Avg Emb),0.0,
68479,Last-Item,0.0,
68479,Avg-Last-10,0.0,
68479,Recency-Weighted,0.0,
68479,Essence (K=15),0.0,
68727,Random,0.0,
68727,Popularity,0.0,
68727,CF (ItemKNN),0.0,
68727,Content (Avg Emb),0.0,
68727,Last-Item,0.0,
68727,Avg-Last-10,0.0,
68727,Recency-Weighted,0.0,
68727,Essence (K=15),0.0,
68742,Random,0.0,
68742,Popularity,0.0,
68742,CF (ItemKNN),0.0,
68742,Content (Avg Emb),0.0,
68742,Last-Item,0.0,
68742,Avg-Last-10,0.0,
68742,Recency-Weighted,0.0,
68742,Essence (K=15),0.0,
68850,Random,0.0,
68850,Popularity,0.0,
68850,CF (ItemKNN),0.1111111111111111,
68850,Content (Avg Emb),0.0,
68850,Last-Item,0.0,
68850,Avg-Last-10,0.0,
68850,Recency-Weighted,0.0,
68850,Essence (K=15),0.0,
68935,Random,0.0,
68935,Popularity,0.0,
68935,CF (ItemKNN),0.1,
68935,Content (Avg Emb),0.0,
68935,Last-Item,0.0,
68935,Avg-Last-10,0.0,
68935,Recency-Weighted,0.0,
68935,Essence (K=15),0.0,
69050,Random,0.0,
69050,Popularity,0.0,
69050,CF (ItemKNN),0.0,
69050,Content (Avg Emb),0.0,
69050,Last-Item,0.0,
69050,Avg-Last-10,0.0,
69050,Recency-Weighted,0.0,
69050,Essence (K=15),0.0,
69220,Random,0.0,
69220,Popularity,0.0,
69220,CF (ItemKNN),0.0,
69220,Content (Avg Emb),0.0,
69220,Last-Item,0.0,
69220,Avg-Last-10,0.0,
69220,Recency-Weighted,0.0,
69220,Essence (K=15),0.0,
69300,Random,0.0,
69300,Popularity,0.3333333333333333,
69300,CF (ItemKNN),0.5,
69300,Content (Avg Emb),0.0,
69300,Last-Item,0.0,
69300,Avg-Last-10,0.0,
69300,Recency-Weighted,0.0,
69300,Essence (K=15),0.0,
69429,Random,0.0,
69429,Popularity,0.05555555555555555,
69429,CF (ItemKNN),0.05555555555555555,
69429,Content (Avg Emb),0.0,
69429,Last-Item,0.05555555555555555,
69429,Avg-Last-10,0.0,
69429,Recency-Weighted,0.0,
69429,Essence (K=15),0.0,
69555,Random,0.0,
69555,Popularity,0.5,
69555,CF (ItemKNN),0.5,
69555,Content (Avg Emb),0.0,
69555,Last-Item,0.0,
69555,Avg-Last-10,0.0,
69555,Recency-Weighted,0.0,
69555,Essence (K=15),0.0,
69557,Random,0.0,0.0
69557,Popularity,0.038461538461538464,0.0
69557,CF (ItemKNN),0.0,0.0
69557,Content (Avg Emb),0.0,0.0
69557,Last-Item,0.0,0.0
69557,Avg-Last-10,0.0,0.0
69557,Recency-Weighted,0.0,0.0
69557,Essence (K=15),0.0,0.0
69812,Random,0.02857142857142857,
69812,Popularity,0.02857142857142857,
69812,CF (ItemKNN),0.02857142857142857,
69812,Content (Avg Emb),0.0,
69812,Last-Item,0.0,
69812,Avg-Last-10,0.0,
69812,Recency-Weighted,0.0,
69812,Essence (K=15),0.0,
69842,Random,0.0,0.0
69842,Popularity,0.0,0.0
69842,CF (ItemKNN),0.0,0.0
69842,Content (Avg Emb),0.0,0.0
69842,Last-Item,0.0,0.0
69842,Avg-Last-10,0.0,0.0
69842,Recency-Weighted,0.0,0.0
69842,Essence (K=15),0.0,0.0
69909,Random,0.0,
69909,Popularity,0.0,
69909,CF (ItemKNN),0.0,
69909,Content (Avg Emb),0.0,
69909,Last-Item,0.0,
69909,Avg-Last-10,0.0,
69909,Recency-Weighted,0.0,
69909,Essence (K=15),0.0,
69934,Random,0.0,
69934,Popularity,0.0,
69934,CF (ItemKNN),0.0,
69934,Content (Avg Emb),0.0,
69934,Last-Item,0.0,
69934,Avg-Last-10,0.0,
69934,Recency-Weighted,0.0,
69934,Essence (K=15),0.0,
69985,Random,0.0,
69985,Popularity,0.0,
69985,CF (ItemKNN),0.0,
69985,Content (Avg Emb),0.0,
69985,Last-Item,0.0,
69985,Avg-Last-10,0.0,
69985,Recency-Weighted,0.0,
69985,Essence (K=15),0.0,
70109,Random,0.0,
70109,Popularity,0.034482758620689655,
70109,CF (ItemKNN),0.034482758620689655,
70109,Content (Avg Emb),0.0,
70109,Last-Item,0.0,
70109,Avg-Last-10,0.0,
70109,Recency-Weighted,0.0,
70109,Essence (K=15),0.0,
70154,Random,0.0,
70154,Popularity,0.0,
70154,CF (ItemKNN),0.030303030303030304,
70154,Content (Avg Emb),0.0,
70154,Last-Item,0.030303030303030304,
70154,Avg-Last-10,0.0,
70154,Recency-Weighted,0.0,
70154,Essence (K=15),0.0,
70192,Random,0.0,
70192,Popularity,0.0,
70192,CF (ItemKNN),0.0,
70192,Content (Avg Emb),0.0,
70192,Last-Item,0.0,
70192,Avg-Last-10,0.0,
70192,Recency-Weighted,0.0,
70192,Essence (K=15),0.0,
70261,Random,0.0,
70261,Popularity,0.09090909090909091,
70261,CF (ItemKNN),0.0,
70261,Content (Avg Emb),0.0,
70261,Last-Item,0.0,
70261,Avg-Last-10,0.0,
70261,Recency-Weighted,0.0,
70261,Essence (K=15),0.0,
70303,Random,0.0,
70303,Popularity,0.05,
70303,CF (ItemKNN),0.0,
70303,Content (Avg Emb),0.0,
70303,Last-Item,0.0,
70303,Avg-Last-10,0.0,
70303,Recency-Weighted,0.0,
70303,Essence (K=15),0.0,
70362,Random,0.0,
70362,Popularity,0.6,
70362,CF (ItemKNN),0.4,
70362,Content (Avg Emb),0.0,
70362,Last-Item,0.0,
70362,Avg-Last-10,0.0,
70362,Recency-Weighted,0.0,
70362,Essence (K=15),0.0,
70430,Random,0.0,
70430,Popularity,0.0,
70430,CF (ItemKNN),0.0,
70430,Content (Avg Emb),0.0,
70430,Last-Item,0.0,
70430,Avg-Last-10,0.0,
70430,Recency-Weighted,0.0,
70430,Essence (K=15),0.0,
70514,Random,0.0,0.0
70514,Popularity,0.0,0.0
70514,CF (ItemKNN),0.0,0.0
70514,Content (Avg Emb),0.0,0.0
70514,Last-Item,0.0,0.0
70514,Avg-Last-10,0.0,0.0
70514,Recency-Weighted,0.0,0.0
70514,Essence (K=15),0.0,0.0
70679,Random,0.0,0.0
70679,Popularity,0.0,0.0
70679,CF (ItemKNN),0.1,0.0
70679,Content (Avg Emb),0.0,0.0
70679,Last-Item,0.0,0.0
70679,Avg-Last-10,0.0,0.0
70679,Recency-Weighted,0.0,0.0
70679,Essence (K=15),0.0,0.0
70682,Random,0.041666666666666664,
70682,Popularity,0.0,
70682,CF (ItemKNN),0.08333333333333333,
70682,Content (Avg Emb),0.0,
70682,Last-Item,0.0,
70682,Avg-Last-10,0.041666666666666664,
70682,Recency-Weighted,0.041666666666666664,
70682,Essence (K=15),0.0,
70700,Random,0.0,
70700,Popularity,0.0,
70700,CF (ItemKNN),0.1,
70700,Content (Avg Emb),0.0,
70700,Last-Item,0.0,
70700,Avg-Last-10,0.0,
70700,Recency-Weighted,0.0,
70700,Essence (K=15),0.0,
70794,Random,0.0,0.0
70794,Popularity,0.0,0.0
70794,CF (ItemKNN),0.0,0.0
70794,Content (Avg Emb),0.0,0.0
70794,Last-Item,0.0,0.0
70794,Avg-Last-10,0.0,0.0
70794,Recency-Weighted,0.0,0.0
70794,Essence (K=15),0.0,0.0
70870,Random,0.0,
70870,Popularity,0.0,
70870,CF (ItemKNN),0.0,
70870,Content (Avg Emb),0.0,
70870,Last-Item,0.0,
70870,Avg-Last-10,0.0,
70870,Recency-Weighted,0.0,
70870,Essence (K=15),0.0,
70949,Random,0.0,
70949,Popularity,0.0,
70949,CF (ItemKNN),0.0,
70949,Content (Avg Emb),0.0,
70949,Last-Item,0.0,
70949,Avg-Last-10,0.0,
70949,Recency-Weighted,0.0,
70949,Essence (K=15),0.0,
71120,Random,0.0,0.0
71120,Popularity,0.02857142857142857,0.0
71120,CF (ItemKNN),0.02857142857142857,0.0
71120,Content (Avg Emb),0.0,0.0
71120,Last-Item,0.0,0.0
71120,Avg-Last-10,0.0,0.0
71120,Recency-Weighted,0.0,0.0
71120,Essence (K=15),0.0,0.0
71135,Random,0.0,
71135,Popularity,0.2,
71135,CF (ItemKNN),0.4,
71135,Content (Avg Emb),0.0,
71135,Last-Item,0.0,
71135,Avg-Last-10,0.0,
71135,Recency-Weighted,0.0,
71135,Essence (K=15),0.0,
71211,Random,0.0,
71211,Popularity,0.0,
71211,CF (ItemKNN),0.09375,
71211,Content (Avg Emb),0.03125,
71211,Last-Item,0.03125,
71211,Avg-Last-10,0.0,
71211,Recency-Weighted,0.0,
71211,Essence (K=15),0.03125,
71321,Random,0.0,0.0
71321,Popularity,0.0,0.0
71321,CF (ItemKNN),0.0,0.0
71321,Content (Avg Emb),0.0,0.0
71321,Last-Item,0.0,0.0
71321,Avg-Last-10,0.04,0.0
71321,Recency-Weighted,0.0,0.0
71321,Essence (K=15),0.0,0.0
71375,Random,0.0,
71375,Popularity,0.0,
71375,CF (ItemKNN),0.0,
71375,Content (Avg Emb),0.0,
71375,Last-Item,0.0,
71375,Avg-Last-10,0.0,
71375,Recency-Weighted,0.0,
71375,Essence (K=15),0.0,
71388,Random,0.0,
71388,Popularity,0.0,
71388,CF (ItemKNN),0.0,
71388,Content (Avg Emb),0.0,
71388,Last-Item,0.0,
71388,Avg-Last-10,0.0,
71388,Recency-Weighted,0.0,
71388,Essence (K=15),0.0,
71457,Random,0.0,0.0
71457,Popularity,0.0,0.0
71457,CF (ItemKNN),0.0,0.0
71457,Content (Avg Emb),0.0,0.0
71457,Last-Item,0.0,0.0
71457,Avg-Last-10,0.0,0.0
71457,Recency-Weighted,0.0,0.0
71457,Essence (K=15),0.0,0.0
71494,Random,0.0,
71494,Popularity,0.0,
71494,CF (ItemKNN),0.23076923076923078,
71494,Content (Avg Emb),0.0,
71494,Last-Item,0.0,
71494,Avg-Last-10,0.0,
71494,Recency-Weighted,0.0,
71494,Essence (K=15),0.0,
71581,Random,0.0,
71581,Popularity,0.0,
71581,CF (ItemKNN),0.0,
71581,Content (Avg Emb),0.0,
71581,Last-Item,0.0,
71581,Avg-Last-10,0.0,
71581,Recency-Weighted,0.0,
71581,Essence (K=15),0.0,
71625,Random,0.0,
71625,Popularity,0.0,
71625,CF (ItemKNN),0.11538461538461539,
71625,Content (Avg Emb),0.0,
71625,Last-Item,0.19230769230769232,
71625,Avg-Last-10,0.11538461538461539,
71625,Recency-Weighted,0.19230769230769232,
71625,Essence (K=15),0.0,
71716,Random,0.0,
71716,Popularity,0.0,
71716,CF (ItemKNN),0.0,
71716,Content (Avg Emb),0.0,
71716,Last-Item,0.0,
71716,Avg-Last-10,0.0,
71716,Recency-Weighted,0.0,
71716,Essence (K=15),0.0,
71817,Random,0.0,
71817,Popularity,0.043478260869565216,
71817,CF (ItemKNN),0.08695652173913043,
71817,Content (Avg Emb),0.0,
71817,Last-Item,0.0,
71817,Avg-Last-10,0.0,
71817,Recency-Weighted,0.0,
71817,Essence (K=15),0.0,
71940,Random,0.0,
71940,Popularity,0.0,
71940,CF (ItemKNN),0.0,
71940,Content (Avg Emb),0.0,
71940,Last-Item,0.0,
71940,Avg-Last-10,0.0,
71940,Recency-Weighted,0.0,
71940,Essence (K=15),0.0,
72068,Random,0.0,
72068,Popularity,0.0,
72068,CF (ItemKNN),0.25,
72068,Content (Avg Emb),0.0,
72068,Last-Item,0.0,
72068,Avg-Last-10,0.0,
72068,Recency-Weighted,0.0,
72068,Essence (K=15),0.0,
72112,Random,0.0,
72112,Popularity,0.0,
72112,CF (ItemKNN),0.0,
72112,Content (Avg Emb),0.0,
72112,Last-Item,0.0,
72112,Avg-Last-10,0.0,
72112,Recency-Weighted,0.0,
72112,Essence (K=15),0.0,
72132,Random,0.0,
72132,Popularity,0.0,
72132,CF (ItemKNN),0.0,
72132,Content (Avg Emb),0.0,
72132,Last-Item,0.0,
72132,Avg-Last-10,0.0,
72132,Recency-Weighted,0.0,
72132,Essence (K=15),0.0,
72201,Random,0.0,
72201,Popularity,0.16666666666666666,
72201,CF (ItemKNN),0.0,
72201,Content (Avg Emb),0.0,
72201,Last-Item,0.0,
72201,Avg-Last-10,0.0,
72201,Recency-Weighted,0.0,
72201,Essence (K=15),0.0,
72215,Random,0.0,
72215,Popularity,0.0,
72215,CF (ItemKNN),0.0,
72215,Content (Avg Emb),0.0,
72215,Last-Item,0.0,
72215,Avg-Last-10,0.0,
72215,Recency-Weighted,0.0,
72215,Essence (K=15),0.0,
72246,Random,0.0,
72246,Popularity,0.0,
72246,CF (ItemKNN),0.0,
72246,Content (Avg Emb),0.0,
72246,Last-Item,0.0,
72246,Avg-Last-10,0.0,
72246,Recency-Weighted,0.0,
72246,Essence (K=15),0.0,
72269,Random,0.0,
72269,Popularity,0.2,
72269,CF (ItemKNN),0.0,
72269,Content (Avg Emb),0.0,
72269,Last-Item,0.0,
72269,Avg-Last-10,0.0,
72269,Recency-Weighted,0.0,
72269,Essence (K=15),0.0,
72290,Random,0.0,
72290,Popularity,0.0,
72290,CF (ItemKNN),0.0,
72290,Content (Avg Emb),0.0,
72290,Last-Item,0.0,
72290,Avg-Last-10,0.0,
72290,Recency-Weighted,0.0,
72290,Essence (K=15),0.0,
72355,Random,0.0,
72355,Popularity,0.09090909090909091,
72355,CF (ItemKNN),0.09090909090909091,
72355,Content (Avg Emb),0.0,
72355,Last-Item,0.0,
72355,Avg-Last-10,0.0,
72355,Recency-Weighted,0.0,
72355,Essence (K=15),0.0,
72366,Random,0.0,0.0
72366,Popularity,0.0,0.0
72366,CF (ItemKNN),0.0,0.0
72366,Content (Avg Emb),0.0,0.0
72366,Last-Item,0.0,0.0
72366,Avg-Last-10,0.0,0.0
72366,Recency-Weighted,0.0,0.0
72366,Essence (K=15),0.0,0.0
72399,Random,0.0,
72399,Popularity,0.0,
72399,CF (ItemKNN),0.16666666666666666,
72399,Content (Avg Emb),0.0,
72399,Last-Item,0.0,
72399,Avg-Last-10,0.0,
72399,Recency-Weighted,0.0,
72399,Essence (K=15),0.0,
72531,Random,0.0,0.0
72531,Popularity,0.0,0.0
72531,CF (ItemKNN),0.0,0.0
72531,Content (Avg Emb),0.0,0.0
72531,Last-Item,0.0,0.0
72531,Avg-Last-10,0.0,0.0
72531,Recency-Weighted,0.0,0.0
72531,Essence (K=15),0.0,0.0
72704,Random,0.0,
72704,Popularity,0.0,
72704,CF (ItemKNN),0.0,
72704,Content (Avg Emb),0.0,
72704,Last-Item,0.0,
72704,Avg-Last-10,0.0,
72704,Recency-Weighted,0.0,
72704,Essence (K=15),0.0,
72712,Random,0.0,0.0
72712,Popularity,0.16666666666666666,0.0
72712,CF (ItemKNN),0.0,0.0
72712,Content (Avg Emb),0.0,0.0
72712,Last-Item,0.0,0.0
72712,Avg-Last-10,0.0,0.0
72712,Recency-Weighted,0.0,0.0
72712,Essence (K=15),0.0,0.0
72750,Random,0.0,
72750,Popularity,0.14285714285714285,
72750,CF (ItemKNN),0.0,
72750,Content (Avg Emb),0.0,
72750,Last-Item,0.0,
72750,Avg-Last-10,0.0,
72750,Recency-Weighted,0.0,
72750,Essence (K=15),0.0,
72811,Random,0.0,
72811,Popularity,0.0,
72811,CF (ItemKNN),0.0,
72811,Content (Avg Emb),0.0,
72811,Last-Item,0.0,
72811,Avg-Last-10,0.0,
72811,Recency-Weighted,0.0,
72811,Essence (K=15),0.1111111111111111,
72848,Random,0.0,
72848,Popularity,0.0,
72848,CF (ItemKNN),0.0,
72848,Content (Avg Emb),0.0,
72848,Last-Item,0.0,
72848,Avg-Last-10,0.0,
72848,Recency-Weighted,0.0,
72848,Essence (K=15),0.0,
72963,Random,0.0,0.0
72963,Popularity,0.0,0.0
72963,CF (ItemKNN),0.0,0.0
72963,Content (Avg Emb),0.0,0.0
72963,Last-Item,0.0,0.0
72963,Avg-Last-10,0.0,0.0
72963,Recency-Weighted,0.0,0.0
72963,Essence (K=15),0.0,0.0
73010,Random,0.0,
73010,Popularity,0.0,
73010,CF (ItemKNN),0.0,
73010,Content (Avg Emb),0.0,
73010,Last-Item,0.5,
73010,Avg-Last-10,0.25,
73010,Recency-Weighted,0.5,
73010,Essence (K=15),0.0,
73012,Random,0.0,
73012,Popularity,0.0,
73012,CF (ItemKNN),0.0,
73012,Content (Avg Emb),0.0,
73012,Last-Item,0.0,
73012,Avg-Last-10,0.0,
73012,Recency-Weighted,0.0,
73012,Essence (K=15),0.0,
73036,Random,0.0,0.0
73036,Popularity,0.0,0.0
73036,CF (ItemKNN),0.0,0.0
73036,Content (Avg Emb),0.08333333333333333,0.0
73036,Last-Item,0.0,0.0
73036,Avg-Last-10,0.08333333333333333,0.0
73036,Recency-Weighted,0.0,0.0
73036,Essence (K=15),0.0,0.0
73052,Random,0.0,
73052,Popularity,0.041666666666666664,
73052,CF (ItemKNN),0.08333333333333333,
73052,Content (Avg Emb),0.0,
73052,Last-Item,0.0,
73052,Avg-Last-10,0.0,
73052,Recency-Weighted,0.0,
73052,Essence (K=15),0.0,
73103,Random,0.0,0.0
73103,Popularity,0.0,0.0
73103,CF (ItemKNN),0.0,0.0
73103,Content (Avg Emb),0.0,0.0
73103,Last-Item,0.0,0.0
73103,Avg-Last-10,0.0,0.0
73103,Recency-Weighted,0.0,0.0
73103,Essence (K=15),0.0,0.0
73105,Random,0.0,
73105,Popularity,0.1111111111111111,
73105,CF (ItemKNN),0.0,
73105,Content (Avg Emb),0.0,
73105,Last-Item,0.0,
73105,Avg-Last-10,0.0,
73105,Recency-Weighted,0.0,
73105,Essence (K=15),0.0,
73111,Random,0.0,
73111,Popularity,0.16666666666666666,
73111,CF (ItemKNN),0.0,
73111,Content (Avg Emb),0.0,
73111,Last-Item,0.0,
73111,Avg-Last-10,0.0,
73111,Recency-Weighted,0.0,
73111,Essence (K=15),0.0,
73205,Random,0.0,
73205,Popularity,0.125,
73205,CF (ItemKNN),0.125,
73205,Content (Avg Emb),0.0,
73205,Last-Item,0.0,
73205,Avg-Last-10,0.0,
73205,Recency-Weighted,0.0,
73205,Essence (K=15),0.0,
73356,Random,0.0,0.0
73356,Popularity,0.0,0.0
73356,CF (ItemKNN),0.0,0.0
73356,Content (Avg Emb),0.0,0.0
73356,Last-Item,0.0,0.0
73356,Avg-Last-10,0.0,0.0
73356,Recency-Weighted,0.0,0.0
73356,Essence (K=15),0.16666666666666666,0.0
73570,Random,0.0,
73570,Popularity,0.1111111111111111,
73570,CF (ItemKNN),0.1111111111111111,
73570,Content (Avg Emb),0.0,
73570,Last-Item,0.0,
73570,Avg-Last-10,0.0,
73570,Recency-Weighted,0.0,
73570,Essence (K=15),0.0,
73577,Random,0.0,
73577,Popularity,0.0,
73577,CF (ItemKNN),0.0,
73577,Content (Avg Emb),0.0,
73577,Last-Item,0.0,
73577,Avg-Last-10,0.0,
73577,Recency-Weighted,0.0,
73577,Essence (K=15),0.0,
73588,Random,0.0,
73588,Popularity,0.15384615384615385,
73588,CF (ItemKNN),0.07692307692307693,
73588,Content (Avg Emb),0.0,
73588,Last-Item,0.0,
73588,Avg-Last-10,0.0,
73588,Recency-Weighted,0.0,
73588,Essence (K=15),0.0,
73649,Random,0.0,
73649,Popularity,0.0,
73649,CF (ItemKNN),0.25,
73649,Content (Avg Emb),0.0,
73649,Last-Item,0.0,
73649,Avg-Last-10,0.0,
73649,Recency-Weighted,0.0,
73649,Essence (K=15),0.0,
73732,Random,0.0,
73732,Popularity,0.0,
73732,CF (ItemKNN),0.0,
73732,Content (Avg Emb),0.0,
73732,Last-Item,0.0,
73732,Avg-Last-10,0.0,
73732,Recency-Weighted,0.0,
73732,Essence (K=15),0.0,
73785,Random,0.0,
73785,Popularity,0.0,
73785,CF (ItemKNN),0.0,
73785,Content (Avg Emb),0.0,
73785,Last-Item,0.0,
73785,Avg-Last-10,0.0,
73785,Recency-Weighted,0.0,
73785,Essence (K=15),0.0,
73894,Random,0.0,0.0
73894,Popularity,0.06666666666666667,0.0
73894,CF (ItemKNN),0.06666666666666667,0.0
73894,Content (Avg Emb),0.0,0.0
73894,Last-Item,0.0,0.0
73894,Avg-Last-10,0.0,0.0
73894,Recency-Weighted,0.0,0.0
73894,Essence (K=15),0.0,0.0
73918,Random,0.0,
73918,Popularity,0.02702702702702703,
73918,CF (ItemKNN),0.08108108108108109,
73918,Content (Avg Emb),0.0,
73918,Last-Item,0.0,
73918,Avg-Last-10,0.0,
73918,Recency-Weighted,0.0,
73918,Essence (K=15),0.0,
74082,Random,0.04,
74082,Popularity,0.12,
74082,CF (ItemKNN),0.12,
74082,Content (Avg Emb),0.0,
74082,Last-Item,0.0,
74082,Avg-Last-10,0.0,
74082,Recency-Weighted,0.0,
74082,Essence (K=15),0.0,
74162,Random,0.0,
74162,Popularity,0.0,
74162,CF (ItemKNN),0.0,
74162,Content (Avg Emb),0.0,
74162,Last-Item,0.0,
74162,Avg-Last-10,0.0,
74162,Recency-Weighted,0.0,
74162,Essence (K=15),0.0,
74396,Random,0.0,0.0
74396,Popularity,0.03571428571428571,0.0
74396,CF (ItemKNN),0.03571428571428571,0.0
74396,Content (Avg Emb),0.0,0.0
74396,Last-Item,0.0,0.0
74396,Avg-Last-10,0.0,0.0
74396,Recency-Weighted,0.0,0.0
74396,Essence (K=15),0.0,0.0
74441,Random,0.0,
74441,Popularity,0.0,
74441,CF (ItemKNN),0.0,
74441,Content (Avg Emb),0.0,
74441,Last-Item,0.0,
74441,Avg-Last-10,0.0,
74441,Recency-Weighted,0.0,
74441,Essence (K=15),0.0,
74491,Random,0.0,
74491,Popularity,0.0,
74491,CF (ItemKNN),0.0,
74491,Content (Avg Emb),0.0,
74491,Last-Item,0.0,
74491,Avg-Last-10,0.0,
74491,Recency-Weighted,0.0,
74491,Essence (K=15),0.0,
74523,Random,0.0,0.0
74523,Popularity,0.0,0.0
74523,CF (ItemKNN),0.0,0.0
74523,Content (Avg Emb),0.0,0.0
74523,Last-Item,0.0,0.0
74523,Avg-Last-10,0.0,0.0
74523,Recency-Weighted,0.0,0.0
74523,Essence (K=15),0.0,0.0
74665,Random,0.0,
74665,Popularity,0.0,
74665,CF (ItemKNN),0.14285714285714285,
74665,Content (Avg Emb),0.0,
74665,Last-Item,0.5714285714285714,
74665,Avg-Last-10,0.0,
74665,Recency-Weighted,0.0,
74665,Essence (K=15),0.0,
74679,Random,0.0,
74679,Popularity,0.1,
74679,CF (ItemKNN),0.1,
74679,Content (Avg Emb),0.0,
74679,Last-Item,0.0,
74679,Avg-Last-10,0.0,
74679,Recency-Weighted,0.0,
74679,Essence (K=15),0.0,
74719,Random,0.0,0.0
74719,Popularity,0.125,0.0
74719,CF (ItemKNN),0.125,0.0
74719,Content (Avg Emb),0.0,0.0
74719,Last-Item,0.0,0.0
74719,Avg-Last-10,0.0,0.0
74719,Recency-Weighted,0.0,0.0
74719,Essence (K=15),0.0,0.0
74734,Random,0.0,0.0
74734,Popularity,0.0,0.0
74734,CF (ItemKNN),0.0,0.0
74734,Content (Avg Emb),0.0,0.0
74734,Last-Item,0.0,0.0
74734,Avg-Last-10,0.0,0.0
74734,Recency-Weighted,0.0,0.0
74734,Essence (K=15),0.0,0.0
74818,Random,0.0,0.0
74818,Popularity,0.0,0.0
74818,CF (ItemKNN),0.029411764705882353,0.0
74818,Content (Avg Emb),0.0,0.0
74818,Last-Item,0.0,0.0
74818,Avg-Last-10,0.0,0.0
74818,Recency-Weighted,0.0,0.0
74818,Essence (K=15),0.0,0.0
74830,Random,0.0,
74830,Popularity,0.0,
74830,CF (ItemKNN),0.0,
74830,Content (Avg Emb),0.0,
74830,Last-Item,0.0,
74830,Avg-Last-10,0.0,
74830,Recency-Weighted,0.0,
74830,Essence (K=15),0.0,
74924,Random,0.0,
74924,Popularity,0.1724137931034483,
74924,CF (ItemKNN),0.1724137931034483,
74924,Content (Avg Emb),0.0,
74924,Last-Item,0.0,
74924,Avg-Last-10,0.0,
74924,Recency-Weighted,0.0,
74924,Essence (K=15),0.0,
74943,Random,0.0,
74943,Popularity,0.0,
74943,CF (ItemKNN),0.14285714285714285,
74943,Content (Avg Emb),0.0,
74943,Last-Item,0.0,
74943,Avg-Last-10,0.0,
74943,Recency-Weighted,0.0,
74943,Essence (K=15),0.0,
74947,Random,0.0,0.0
74947,Popularity,0.0,0.0
74947,CF (ItemKNN),0.058823529411764705,0.0
74947,Content (Avg Emb),0.0,0.0
74947,Last-Item,0.0,0.0
74947,Avg-Last-10,0.0,0.0
74947,Recency-Weighted,0.0,0.0
74947,Essence (K=15),0.0,0.0
75025,Random,0.0,
75025,Popularity,0.0,
75025,CF (ItemKNN),0.0,
75025,Content (Avg Emb),0.0,
75025,Last-Item,0.0,
75025,Avg-Last-10,0.0,
75025,Recency-Weighted,0.0,
75025,Essence (K=15),0.0,
75084,Random,0.0,0.0
75084,Popularity,0.07692307692307693,0.0
75084,CF (ItemKNN),0.07692307692307693,0.0
75084,Content (Avg Emb),0.0,0.0
75084,Last-Item,0.07692307692307693,0.0
75084,Avg-Last-10,0.0,0.0
75084,Recency-Weighted,0.0,0.0
75084,Essence (K=15),0.0,0.0
75189,Random,0.0,
75189,Popularity,0.25,
75189,CF (ItemKNN),0.0,
75189,Content (Avg Emb),0.0,
75189,Last-Item,0.0,
75189,Avg-Last-10,0.0,
75189,Recency-Weighted,0.0,
75189,Essence (K=15),0.0,
75224,Random,0.0,
75224,Popularity,0.4,
75224,CF (ItemKNN),0.3,
75224,Content (Avg Emb),0.0,
75224,Last-Item,0.0,
75224,Avg-Last-10,0.0,
75224,Recency-Weighted,0.0,
75224,Essence (K=15),0.0,
75226,Random,0.0,
75226,Popularity,0.0,
75226,CF (ItemKNN),0.0,
75226,Content (Avg Emb),0.0,
75226,Last-Item,0.0,
75226,Avg-Last-10,0.0,
75226,Recency-Weighted,0.0,
75226,Essence (K=15),0.0,
75364,Random,0.0,0.0
75364,Popularity,0.0,0.0
75364,CF (ItemKNN),0.0,0.0
75364,Content (Avg Emb),0.0,0.0
75364,Last-Item,0.0,0.0
75364,Avg-Last-10,0.0,0.0
75364,Recency-Weighted,0.0,0.0
75364,Essence (K=15),0.0,0.0
75371,Random,0.0,
75371,Popularity,0.3333333333333333,
75371,CF (ItemKNN),0.0,
75371,Content (Avg Emb),0.0,
75371,Last-Item,0.0,
75371,Avg-Last-10,0.0,
75371,Recency-Weighted,0.0,
75371,Essence (K=15),0.0,
75387,Random,0.0,
75387,Popularity,0.0,
75387,CF (ItemKNN),0.0,
75387,Content (Avg Emb),0.0,
75387,Last-Item,0.0,
75387,Avg-Last-10,0.0,
75387,Recency-Weighted,0.0,
75387,Essence (K=15),0.0,
75391,Random,0.0,
75391,Popularity,0.05,
75391,CF (ItemKNN),0.0,
75391,Content (Avg Emb),0.0,
75391,Last-Item,0.0,
75391,Avg-Last-10,0.0,
75391,Recency-Weighted,0.0,
75391,Essence (K=15),0.0,
75407,Random,0.0,
75407,Popularity,0.14285714285714285,
75407,CF (ItemKNN),0.14285714285714285,
75407,Content (Avg Emb),0.0,
75407,Last-Item,0.0,
75407,Avg-Last-10,0.14285714285714285,
75407,Recency-Weighted,0.14285714285714285,
75407,Essence (K=15),0.0,
75507,Random,0.0,
75507,Popularity,0.0,
75507,CF (ItemKNN),0.16666666666666666,
75507,Content (Avg Emb),0.0,
75507,Last-Item,0.0,
75507,Avg-Last-10,0.0,
75507,Recency-Weighted,0.0,
75507,Essence (K=15),0.16666666666666666,
75517,Random,0.0,0.0
75517,Popularity,0.0,0.0
75517,CF (ItemKNN),0.0,0.0
75517,Content (Avg Emb),0.0,0.0
75517,Last-Item,0.0,0.0
75517,Avg-Last-10,0.0,0.0
75517,Recency-Weighted,0.0,0.0
75517,Essence (K=15),0.0,0.0
75567,Random,0.0,
75567,Popularity,0.0,
75567,CF (ItemKNN),0.0,
75567,Content (Avg Emb),0.0,
75567,Last-Item,0.0,
75567,Avg-Last-10,0.0,
75567,Recency-Weighted,0.0,
75567,Essence (K=15),0.0,
75608,Random,0.0,
75608,Popularity,0.037037037037037035,
75608,CF (ItemKNN),0.037037037037037035,
75608,Content (Avg Emb),0.0,
75608,Last-Item,0.0,
75608,Avg-Last-10,0.0,
75608,Recency-Weighted,0.0,
75608,Essence (K=15),0.0,
75737,Random,0.0,
75737,Popularity,0.0,
75737,CF (ItemKNN),0.0,
75737,Content (Avg Emb),0.0,
75737,Last-Item,0.0,
75737,Avg-Last-10,0.0,
75737,Recency-Weighted,0.0,
75737,Essence (K=15),0.0,
75804,Random,0.0,
75804,Popularity,0.0625,
75804,CF (ItemKNN),0.1875,
75804,Content (Avg Emb),0.0,
75804,Last-Item,0.0,
75804,Avg-Last-10,0.0625,
75804,Recency-Weighted,0.0625,
75804,Essence (K=15),0.0,
75890,Random,0.0,
75890,Popularity,0.25,
75890,CF (ItemKNN),0.25,
75890,Content (Avg Emb),0.0,
75890,Last-Item,0.0,
75890,Avg-Last-10,0.0,
75890,Recency-Weighted,0.0,
75890,Essence (K=15),0.0,
75974,Random,0.0,0.0
75974,Popularity,0.05263157894736842,0.0
75974,CF (ItemKNN),0.05263157894736842,0.0
75974,Content (Avg Emb),0.05263157894736842,0.14285714285714285
75974,Last-Item,0.0,0.0
75974,Avg-Last-10,0.0,0.0
75974,Recency-Weighted,0.0,0.0
75974,Essence (K=15),0.05263157894736842,0.14285714285714285
76048,Random,0.0,
76048,Popularity,0.25,
76048,CF (ItemKNN),0.0,
76048,Content (Avg Emb),0.0,
76048,Last-Item,0.0,
76048,Avg-Last-10,0.0,
76048,Recency-Weighted,0.0,
76048,Essence (K=15),0.0,
76078,Random,0.0,
76078,Popularity,0.0,
76078,CF (ItemKNN),0.0,
76078,Content (Avg Emb),0.0,
76078,Last-Item,0.0,
76078,Avg-Last-10,0.0,
76078,Recency-Weighted,0.0,
76078,Essence (K=15),0.0,
76095,Random,0.0,0.0
76095,Popularity,0.0,0.0
76095,CF (ItemKNN),0.0,0.0
76095,Content (Avg Emb),0.0,0.0
76095,Last-Item,0.1111111111111111,0.25
76095,Avg-Last-10,0.0,0.0
76095,Recency-Weighted,0.1111111111111111,0.25
76095,Essence (K=15),0.0,0.0
76130,Random,0.0,
76130,Popularity,0.0,
76130,CF (ItemKNN),0.0,
76130,Content (Avg Emb),0.0,
76130,Last-Item,0.0,
76130,Avg-Last-10,0.08333333333333333,
76130,Recency-Weighted,0.08333333333333333,
76130,Essence (K=15),0.0,
76354,Random,0.0,
76354,Popularity,0.0,
76354,CF (ItemKNN),0.2,
76354,Content (Avg Emb),0.0,
76354,Last-Item,0.0,
76354,Avg-Last-10,0.0,
76354,Recency-Weighted,0.0,
76354,Essence (K=15),0.0,
76357,Random,0.0,0.0
76357,Popularity,0.0,0.0
76357,CF (ItemKNN),0.05714285714285714,0.0
76357,Content (Avg Emb),0.0,0.0
76357,Last-Item,0.0,0.0
76357,Avg-Last-10,0.0,0.0
76357,Recency-Weighted,0.0,0.0
76357,Essence (K=15),0.0,0.0
76443,Random,0.0,0.0
76443,Popularity,0.034482758620689655,0.0
76443,CF (ItemKNN),0.06896551724137931,0.0
76443,Content (Avg Emb),0.0,0.0
76443,Last-Item,0.0,0.0
76443,Avg-Last-10,0.0,0.0
76443,Recency-Weighted,0.0,0.0
76443,Essence (K=15),0.0,0.0
76952,Random,0.0,
76952,Popularity,0.0,
76952,CF (ItemKNN),0.45454545454545453,
76952,Content (Avg Emb),0.0,
76952,Last-Item,0.0,
76952,Avg-Last-10,0.0,
76952,Recency-Weighted,0.0,
76952,Essence (K=15),0.0,
76999,Random,0.0,
76999,Popularity,0.0,
76999,CF (ItemKNN),0.0,
76999,Content (Avg Emb),0.0,
76999,Last-Item,0.0,
76999,Avg-Last-10,0.0,
76999,Recency-Weighted,0.0,
76999,Essence (K=15),0.0,
77159,Random,0.0,0.0
77159,Popularity,0.2,0.0
77159,CF (ItemKNN),0.2,0.0
77159,Content (Avg Emb),0.0,0.0
77159,Last-Item,0.0,0.0
77159,Avg-Last-10,0.0,0.0
77159,Recency-Weighted,0.0,0.0
77159,Essence (K=15),0.0,0.0
77274,Random,0.0,
77274,Popularity,0.0,
77274,CF (ItemKNN),0.1,
77274,Content (Avg Emb),0.0,
77274,Last-Item,0.0,
77274,Avg-Last-10,0.0,
77274,Recency-Weighted,0.0,
77274,Essence (K=15),0.0,
77403,Random,0.0,
77403,Popularity,0.0625,
77403,CF (ItemKNN),0.1875,
77403,Content (Avg Emb),0.0,
77403,Last-Item,0.0,
77403,Avg-Last-10,0.0,
77403,Recency-Weighted,0.0,
77403,Essence (K=15),0.0,
77423,Random,0.0,0.0
77423,Popularity,0.1111111111111111,0.0
77423,CF (ItemKNN),0.0,0.0
77423,Content (Avg Emb),0.0,0.0
77423,Last-Item,0.0,0.0
77423,Avg-Last-10,0.0,0.0
77423,Recency-Weighted,0.0,0.0
77423,Essence (K=15),0.0,0.0
77807,Random,0.0,
77807,Popularity,0.058823529411764705,
77807,CF (ItemKNN),0.058823529411764705,
77807,Content (Avg Emb),0.0,
77807,Last-Item,0.0,
77807,Avg-Last-10,0.0,
77807,Recency-Weighted,0.0,
77807,Essence (K=15),0.0,
77816,Random,0.0,
77816,Popularity,0.10526315789473684,
77816,CF (ItemKNN),0.05263157894736842,
77816,Content (Avg Emb),0.0,
77816,Last-Item,0.0,
77816,Avg-Last-10,0.0,
77816,Recency-Weighted,0.0,
77816,Essence (K=15),0.05263157894736842,
78037,Random,0.0,
78037,Popularity,0.0,
78037,CF (ItemKNN),0.25,
78037,Content (Avg Emb),0.0,
78037,Last-Item,0.0,
78037,Avg-Last-10,0.0,
78037,Recency-Weighted,0.0,
78037,Essence (K=15),0.0,
78132,Random,0.0,
78132,Popularity,0.05263157894736842,
78132,CF (ItemKNN),0.05263157894736842,
78132,Content (Avg Emb),0.0,
78132,Last-Item,0.0,
78132,Avg-Last-10,0.0,
78132,Recency-Weighted,0.0,
78132,Essence (K=15),0.0,
78314,Random,0.0,0.0
78314,Popularity,0.0,0.0
78314,CF (ItemKNN),0.03571428571428571,0.0
78314,Content (Avg Emb),0.0,0.0
78314,Last-Item,0.0,0.0
78314,Avg-Last-10,0.0,0.0
78314,Recency-Weighted,0.0,0.0
78314,Essence (K=15),0.0,0.0
78431,Random,0.0,
78431,Popularity,0.1,
78431,CF (ItemKNN),0.2,
78431,Content (Avg Emb),0.0,
78431,Last-Item,0.0,
78431,Avg-Last-10,0.0,
78431,Recency-Weighted,0.0,
78431,Essence (K=15),0.0,
78587,Random,0.0,
78587,Popularity,0.0,
78587,CF (ItemKNN),0.0,
78587,Content (Avg Emb),0.0,
78587,Last-Item,0.0,
78587,Avg-Last-10,0.0,
78587,Recency-Weighted,0.0,
78587,Essence (K=15),0.0,
78773,Random,0.0,
78773,Popularity,0.0,
78773,CF (ItemKNN),0.03125,
78773,Content (Avg Emb),0.0,
78773,Last-Item,0.0,
78773,Avg-Last-10,0.0,
78773,Recency-Weighted,0.0,
78773,Essence (K=15),0.0,
78777,Random,0.0,
78777,Popularity,0.0,
78777,CF (ItemKNN),0.4,
78777,Content (Avg Emb),0.0,
78777,Last-Item,0.0,
78777,Avg-Last-10,0.0,
78777,Recency-Weighted,0.0,
78777,Essence (K=15),0.0,
78802,Random,0.0,
78802,Popularity,0.0,
78802,CF (ItemKNN),0.3,
78802,Content (Avg Emb),0.0,
78802,Last-Item,0.0,
78802,Avg-Last-10,0.0,
78802,Recency-Weighted,0.0,
78802,Essence (K=15),0.0,
78847,Random,0.0,
78847,Popularity,0.125,
78847,CF (ItemKNN),0.125,
78847,Content (Avg Emb),0.0,
78847,Last-Item,0.0,
78847,Avg-Last-10,0.0,
78847,Recency-Weighted,0.0,
78847,Essence (K=15),0.0,
78869,Random,0.0,0.0
78869,Popularity,0.0,0.0
78869,CF (ItemKNN),0.0,0.0
78869,Content (Avg Emb),0.0,0.0
78869,Last-Item,0.0,0.0
78869,Avg-Last-10,0.0,0.0
78869,Recency-Weighted,0.0,0.0
78869,Essence (K=15),0.0,0.0
78879,Random,0.0,
78879,Popularity,0.0,
78879,CF (ItemKNN),0.0,
78879,Content (Avg Emb),0.0,
78879,Last-Item,0.0,
78879,Avg-Last-10,0.0,
78879,Recency-Weighted,0.0,
78879,Essence (K=15),0.0,
79022,Random,0.0,
79022,Popularity,0.0,
79022,CF (ItemKNN),0.1111111111111111,
79022,Content (Avg Emb),0.0,
79022,Last-Item,0.0,
79022,Avg-Last-10,0.0,
79022,Recency-Weighted,0.0,
79022,Essence (K=15),0.0,
79113,Random,0.0,0.0
79113,Popularity,0.0,0.0
79113,CF (ItemKNN),0.4,0.0
79113,Content (Avg Emb),0.0,0.0
79113,Last-Item,0.4,0.0
79113,Avg-Last-10,0.0,0.0
79113,Recency-Weighted,0.0,0.0
79113,Essence (K=15),0.0,0.0
79117,Random,0.0,
79117,Popularity,0.15625,
79117,CF (ItemKNN),0.125,
79117,Content (Avg Emb),0.0,
79117,Last-Item,0.0,
79117,Avg-Last-10,0.0,
79117,Recency-Weighted,0.0,
79117,Essence (K=15),0.0,
79206,Random,0.0,0.0
79206,Popularity,0.05714285714285714,0.0
79206,CF (ItemKNN),0.02857142857142857,0.0
79206,Content (Avg Emb),0.0,0.0
79206,Last-Item,0.0,0.0
79206,Avg-Last-10,0.0,0.0
79206,Recency-Weighted,0.0,0.0
79206,Essence (K=15),0.0,0.0
79246,Random,0.0,0.0
79246,Popularity,0.09090909090909091,0.0
79246,CF (ItemKNN),0.0,0.0
79246,Content (Avg Emb),0.0,0.0
79246,Last-Item,0.0,0.0
79246,Avg-Last-10,0.0,0.0
79246,Recency-Weighted,0.0,0.0
79246,Essence (K=15),0.0,0.0
79248,Random,0.0,
79248,Popularity,0.0,
79248,CF (ItemKNN),0.0,
79248,Content (Avg Emb),0.0,
79248,Last-Item,0.0,
79248,Avg-Last-10,0.0,
79248,Recency-Weighted,0.0,
79248,Essence (K=15),0.0,
79286,Random,0.0,
79286,Popularity,0.3333333333333333,
79286,CF (ItemKNN),0.6666666666666666,
79286,Content (Avg Emb),0.0,
79286,Last-Item,0.0,
79286,Avg-Last-10,0.0,
79286,Recency-Weighted,0.0,
79286,Essence (K=15),0.0,
79398,Random,0.0,
79398,Popularity,0.2,
79398,CF (ItemKNN),0.2,
79398,Content (Avg Emb),0.0,
79398,Last-Item,0.0,
79398,Avg-Last-10,0.0,
79398,Recency-Weighted,0.0,
79398,Essence (K=15),0.0,
79526,Random,0.0,
79526,Popularity,0.0,
79526,CF (ItemKNN),0.0,
79526,Content (Avg Emb),0.0,
79526,Last-Item,0.0,
79526,Avg-Last-10,0.0,
79526,Recency-Weighted,0.0,
79526,Essence (K=15),0.0,
79637,Random,0.0,
79637,Popularity,0.2,
79637,CF (ItemKNN),0.0,
79637,Content (Avg Emb),0.0,
79637,Last-Item,0.0,
79637,Avg-Last-10,0.0,
79637,Recency-Weighted,0.0,
79637,Essence (K=15),0.0,
79707,Random,0.0,0.0
79707,Popularity,0.0,0.0
79707,CF (ItemKNN),0.041666666666666664,0.0
79707,Content (Avg Emb),0.0,0.0
79707,Last-Item,0.0,0.0
79707,Avg-Last-10,0.0,0.0
79707,Recency-Weighted,0.0,0.0
79707,Essence (K=15),0.0,0.0
79718,Random,0.0,
79718,Popularity,0.0,
79718,CF (ItemKNN),0.0,
79718,Content (Avg Emb),0.0,
79718,Last-Item,0.0,
79718,Avg-Last-10,0.0,
79718,Recency-Weighted,0.0,
79718,Essence (K=15),0.0,
79768,Random,0.0,
79768,Popularity,0.047619047619047616,
79768,CF (ItemKNN),0.19047619047619047,
79768,Content (Avg Emb),0.0,
79768,Last-Item,0.0,
79768,Avg-Last-10,0.0,
79768,Recency-Weighted,0.0,
79768,Essence (K=15),0.0,
79917,Random,0.0,
79917,Popularity,0.0,
79917,CF (ItemKNN),0.041666666666666664,
79917,Content (Avg Emb),0.0,
79917,Last-Item,0.0,
79917,Avg-Last-10,0.0,
79917,Recency-Weighted,0.0,
79917,Essence (K=15),0.0,
79918,Random,0.0,
79918,Popularity,0.3,
79918,CF (ItemKNN),0.5,
79918,Content (Avg Emb),0.0,
79918,Last-Item,0.0,
79918,Avg-Last-10,0.0,
79918,Recency-Weighted,0.0,
79918,Essence (K=15),0.0,
79962,Random,0.0,0.0
79962,Popularity,0.0,0.0
79962,CF (ItemKNN),0.0,0.0
79962,Content (Avg Emb),0.0,0.0
79962,Last-Item,0.0,0.0
79962,Avg-Last-10,0.0,0.0
79962,Recency-Weighted,0.0,0.0
79962,Essence (K=15),0.0,0.0
80045,Random,0.0,
80045,Popularity,0.0,
80045,CF (ItemKNN),0.0,
80045,Content (Avg Emb),0.0,
80045,Last-Item,0.0,
80045,Avg-Last-10,0.25,
80045,Recency-Weighted,0.25,
80045,Essence (K=15),0.0,
80068,Random,0.0,0.0
80068,Popularity,0.0,0.0
80068,CF (ItemKNN),0.043478260869565216,0.0
80068,Content (Avg Emb),0.0,0.0
80068,Last-Item,0.0,0.0
80068,Avg-Last-10,0.0,0.0
80068,Recency-Weighted,0.0,0.0
80068,Essence (K=15),0.0,0.0
80099,Random,0.0,
80099,Popularity,0.2,
80099,CF (ItemKNN),0.4,
80099,Content (Avg Emb),0.0,
80099,Last-Item,0.0,
80099,Avg-Last-10,0.0,
80099,Recency-Weighted,0.0,
80099,Essence (K=15),0.0,
80251,Random,0.0,
80251,Popularity,0.125,
80251,CF (ItemKNN),0.08333333333333333,
80251,Content (Avg Emb),0.0,
80251,Last-Item,0.0,
80251,Avg-Last-10,0.0,
80251,Recency-Weighted,0.0,
80251,Essence (K=15),0.0,
80356,Random,0.0,
80356,Popularity,0.0,
80356,CF (ItemKNN),0.0,
80356,Content (Avg Emb),0.0,
80356,Last-Item,0.0,
80356,Avg-Last-10,0.0,
80356,Recency-Weighted,0.0,
80356,Essence (K=15),0.0,
80553,Random,0.0,0.0
80553,Popularity,0.043478260869565216,0.0
80553,CF (ItemKNN),0.0,0.0
80553,Content (Avg Emb),0.0,0.0
80553,Last-Item,0.0,0.0
80553,Avg-Last-10,0.0,0.0
80553,Recency-Weighted,0.0,0.0
80553,Essence (K=15),0.0,0.0
80815,Random,0.0625,0.0
80815,Popularity,0.0,0.0
80815,CF (ItemKNN),0.0,0.0
80815,Content (Avg Emb),0.0,0.0
80815,Last-Item,0.0,0.0
80815,Avg-Last-10,0.0,0.0
80815,Recency-Weighted,0.0,0.0
80815,Essence (K=15),0.0,0.0
80832,Random,0.0,
80832,Popularity,0.0,
80832,CF (ItemKNN),0.125,
80832,Content (Avg Emb),0.0,
80832,Last-Item,0.0,
80832,Avg-Last-10,0.0,
80832,Recency-Weighted,0.0,
80832,Essence (K=15),0.0,
80894,Random,0.0,
80894,Popularity,0.0625,
80894,CF (ItemKNN),0.25,
80894,Content (Avg Emb),0.0,
80894,Last-Item,0.0,
80894,Avg-Last-10,0.0,
80894,Recency-Weighted,0.0,
80894,Essence (K=15),0.0,
81110,Random,0.0,
81110,Popularity,0.0,
81110,CF (ItemKNN),0.0,
81110,Content (Avg Emb),0.0,
81110,Last-Item,0.0,
81110,Avg-Last-10,0.0,
81110,Recency-Weighted,0.0,
81110,Essence (K=15),0.0,
81189,Random,0.0,
81189,Popularity,0.07692307692307693,
81189,CF (ItemKNN),0.07692307692307693,
81189,Content (Avg Emb),0.0,
81189,Last-Item,0.0,
81189,Avg-Last-10,0.0,
81189,Recency-Weighted,0.0,
81189,Essence (K=15),0.0,
81336,Random,0.0,
81336,Popularity,0.2,
81336,CF (ItemKNN),0.2,
81336,Content (Avg Emb),0.0,
81336,Last-Item,0.0,
81336,Avg-Last-10,0.0,
81336,Recency-Weighted,0.0,
81336,Essence (K=15),0.0,
81354,Random,0.0,
81354,Popularity,0.0,
81354,CF (ItemKNN),0.0,
81354,Content (Avg Emb),0.0,
81354,Last-Item,0.0,
81354,Avg-Last-10,0.0,
81354,Recency-Weighted,0.0,
81354,Essence (K=15),0.0,
81438,Random,0.0,
81438,Popularity,0.0,
81438,CF (ItemKNN),0.0,
81438,Content (Avg Emb),0.0,
81438,Last-Item,0.038461538461538464,
81438,Avg-Last-10,0.0,
81438,Recency-Weighted,0.0,
81438,Essence (K=15),0.038461538461538464,
81442,Random,0.0,
81442,Popularity,0.0,
81442,CF (ItemKNN),0.0,
81442,Content (Avg Emb),0.0,
81442,Last-Item,0.0,
81442,Avg-Last-10,0.0,
81442,Recency-Weighted,0.0,
81442,Essence (K=15),0.25,
81515,Random,0.0,
81515,Popularity,0.0,
81515,CF (ItemKNN),0.16666666666666666,
81515,Content (Avg Emb),0.0,
81515,Last-Item,0.0,
81515,Avg-Last-10,0.0,
81515,Recency-Weighted,0.0,
81515,Essence (K=15),0.0,
81574,Random,0.0,
81574,Popularity,0.05128205128205128,
81574,CF (ItemKNN),0.10256410256410256,
81574,Content (Avg Emb),0.0,
81574,Last-Item,0.0,
81574,Avg-Last-10,0.0,
81574,Recency-Weighted,0.0,
81574,Essence (K=15),0.0,
81579,Random,0.0,
81579,Popularity,0.0,
81579,CF (ItemKNN),0.18181818181818182,
81579,Content (Avg Emb),0.0,
81579,Last-Item,0.0,
81579,Avg-Last-10,0.0,
81579,Recency-Weighted,0.0,
81579,Essence (K=15),0.0,
81606,Random,0.0,
81606,Popularity,0.0,
81606,CF (ItemKNN),0.0,
81606,Content (Avg Emb),0.0,
81606,Last-Item,0.0,
81606,Avg-Last-10,0.0,
81606,Recency-Weighted,0.0,
81606,Essence (K=15),0.0,
81660,Random,0.0,
81660,Popularity,0.75,
81660,CF (ItemKNN),0.25,
81660,Content (Avg Emb),0.0,
81660,Last-Item,0.0,
81660,Avg-Last-10,0.0,
81660,Recency-Weighted,0.0,
81660,Essence (K=15),0.0,
81854,Random,0.0,
81854,Popularity,0.25,
81854,CF (ItemKNN),0.5,
81854,Content (Avg Emb),0.0,
81854,Last-Item,0.0,
81854,Avg-Last-10,0.0,
81854,Recency-Weighted,0.0,
81854,Essence (K=15),0.0,
81960,Random,0.0,
81960,Popularity,0.1,
81960,CF (ItemKNN),0.1,
81960,Content (Avg Emb),0.0,
81960,Last-Item,0.0,
81960,Avg-Last-10,0.0,
81960,Recency-Weighted,0.0,
81960,Essence (K=15),0.0,
81989,Random,0.0,
81989,Popularity,0.0,
81989,CF (ItemKNN),0.14285714285714285,
81989,Content (Avg Emb),0.0,
81989,Last-Item,0.0,
81989,Avg-Last-10,0.0,
81989,Recency-Weighted,0.0,
81989,Essence (K=15),0.0,
82026,Random,0.0,
82026,Popularity,0.058823529411764705,
82026,CF (ItemKNN),0.058823529411764705,
82026,Content (Avg Emb),0.0,
82026,Last-Item,0.0,
82026,Avg-Last-10,0.0,
82026,Recency-Weighted,0.0,
82026,Essence (K=15),0.0,
82060,Random,0.0,
82060,Popularity,0.05263157894736842,
82060,CF (ItemKNN),0.05263157894736842,
82060,Content (Avg Emb),0.05263157894736842,
82060,Last-Item,0.0,
82060,Avg-Last-10,0.05263157894736842,
82060,Recency-Weighted,0.05263157894736842,
82060,Essence (K=15),0.0,
82251,Random,0.0,
82251,Popularity,0.0,
82251,CF (ItemKNN),0.0,
82251,Content (Avg Emb),0.09090909090909091,
82251,Last-Item,0.0,
82251,Avg-Last-10,0.0,
82251,Recency-Weighted,0.0,
82251,Essence (K=15),0.0,
82316,Random,0.0,
82316,Popularity,0.0,
82316,CF (ItemKNN),0.125,
82316,Content (Avg Emb),0.0,
82316,Last-Item,0.0,
82316,Avg-Last-10,0.0,
82316,Recency-Weighted,0.0,
82316,Essence (K=15),0.0625,
82349,Random,0.0,
82349,Popularity,0.0,
82349,CF (ItemKNN),0.0,
82349,Content (Avg Emb),0.0,
82349,Last-Item,0.0,
82349,Avg-Last-10,0.0,
82349,Recency-Weighted,0.0,
82349,Essence (K=15),0.0,
82456,Random,0.0,
82456,Popularity,0.0,
82456,CF (ItemKNN),0.16666666666666666,
82456,Content (Avg Emb),0.0,
82456,Last-Item,0.0,
82456,Avg-Last-10,0.0,
82456,Recency-Weighted,0.0,
82456,Essence (K=15),0.0,
82468,Random,0.0,
82468,Popularity,0.05555555555555555,
82468,CF (ItemKNN),0.05555555555555555,
82468,Content (Avg Emb),0.0,
82468,Last-Item,0.05555555555555555,
82468,Avg-Last-10,0.0,
82468,Recency-Weighted,0.0,
82468,Essence (K=15),0.0,
82518,Random,0.0,0.0
82518,Popularity,0.0,0.0
82518,CF (ItemKNN),0.0,0.0
82518,Content (Avg Emb),0.0,0.0
82518,Last-Item,0.0,0.0
82518,Avg-Last-10,0.0,0.0
82518,Recency-Weighted,0.0,0.0
82518,Essence (K=15),0.0,0.0
82548,Random,0.0,
82548,Popularity,0.5,
82548,CF (ItemKNN),0.25,
82548,Content (Avg Emb),0.0,
82548,Last-Item,0.0,
82548,Avg-Last-10,0.0,
82548,Recency-Weighted,0.0,
82548,Essence (K=15),0.0,
82570,Random,0.0,
82570,Popularity,0.15789473684210525,
82570,CF (ItemKNN),0.10526315789473684,
82570,Content (Avg Emb),0.0,
82570,Last-Item,0.0,
82570,Avg-Last-10,0.0,
82570,Recency-Weighted,0.0,
82570,Essence (K=15),0.0,
82577,Random,0.0,
82577,Popularity,0.037037037037037035,
82577,CF (ItemKNN),0.07407407407407407,
82577,Content (Avg Emb),0.0,
82577,Last-Item,0.0,
82577,Avg-Last-10,0.0,
82577,Recency-Weighted,0.0,
82577,Essence (K=15),0.0,
82583,Random,0.0,
82583,Popularity,0.16666666666666666,
82583,CF (ItemKNN),0.16666666666666666,
82583,Content (Avg Emb),0.0,
82583,Last-Item,0.0,
82583,Avg-Last-10,0.0,
82583,Recency-Weighted,0.0,
82583,Essence (K=15),0.0,
82717,Random,0.0,0.0
82717,Popularity,0.06666666666666667,0.0
82717,CF (ItemKNN),0.06666666666666667,0.0
82717,Content (Avg Emb),0.0,0.0
82717,Last-Item,0.0,0.0
82717,Avg-Last-10,0.0,0.0
82717,Recency-Weighted,0.0,0.0
82717,Essence (K=15),0.0,0.0
82741,Random,0.0,
82741,Popularity,0.0,
82741,CF (ItemKNN),0.0,
82741,Content (Avg Emb),0.0,
82741,Last-Item,0.0,
82741,Avg-Last-10,0.0,
82741,Recency-Weighted,0.0,
82741,Essence (K=15),0.0,
82763,Random,0.0,0.0
82763,Popularity,0.0,0.0
82763,CF (ItemKNN),0.02702702702702703,0.0
82763,Content (Avg Emb),0.0,0.0
82763,Last-Item,0.0,0.0
82763,Avg-Last-10,0.0,0.0
82763,Recency-Weighted,0.0,0.0
82763,Essence (K=15),0.0,0.0
82805,Random,0.0,0.0
82805,Popularity,0.0,0.0
82805,CF (ItemKNN),0.0,0.0
82805,Content (Avg Emb),0.0,0.0
82805,Last-Item,0.09090909090909091,0.0
82805,Avg-Last-10,0.0,0.0
82805,Recency-Weighted,0.0,0.0
82805,Essence (K=15),0.0,0.0
82872,Random,0.0,
82872,Popularity,0.0,
82872,CF (ItemKNN),0.08333333333333333,
82872,Content (Avg Emb),0.0,
82872,Last-Item,0.0,
82872,Avg-Last-10,0.0,
82872,Recency-Weighted,0.0,
82872,Essence (K=15),0.0,
83181,Random,0.0,
83181,Popularity,0.14285714285714285,
83181,CF (ItemKNN),0.42857142857142855,
83181,Content (Avg Emb),0.0,
83181,Last-Item,0.0,
83181,Avg-Last-10,0.0,
83181,Recency-Weighted,0.0,
83181,Essence (K=15),0.0,
83194,Random,0.0,
83194,Popularity,0.0,
83194,CF (ItemKNN),0.25,
83194,Content (Avg Emb),0.0,
83194,Last-Item,0.0,
83194,Avg-Last-10,0.0,
83194,Recency-Weighted,0.0,
83194,Essence (K=15),0.0,
83349,Random,0.0,
83349,Popularity,0.07142857142857142,
83349,CF (ItemKNN),0.14285714285714285,
83349,Content (Avg Emb),0.0,
83349,Last-Item,0.0,
83349,Avg-Last-10,0.0,
83349,Recency-Weighted,0.0,
83349,Essence (K=15),0.0,
83369,Random,0.0,
83369,Popularity,0.0,
83369,CF (ItemKNN),0.0,
83369,Content (Avg Emb),0.0,
83369,Last-Item,0.0,
83369,Avg-Last-10,0.0,
83369,Recency-Weighted,0.0,
83369,Essence (K=15),0.0,
83519,Random,0.0,
83519,Popularity,0.08,
83519,CF (ItemKNN),0.12,
83519,Content (Avg Emb),0.0,
83519,Last-Item,0.0,
83519,Avg-Last-10,0.0,
83519,Recency-Weighted,0.0,
83519,Essence (K=15),0.0,
83594,Random,0.0,
83594,Popularity,0.0,
83594,CF (ItemKNN),0.0,
83594,Content (Avg Emb),0.0,
83594,Last-Item,0.0,
83594,Avg-Last-10,0.0,
83594,Recency-Weighted,0.0,
83594,Essence (K=15),0.0,
83643,Random,0.0,
83643,Popularity,0.0,
83643,CF (ItemKNN),0.0,
83643,Content (Avg Emb),0.0,
83643,Last-Item,0.0,
83643,Avg-Last-10,0.0,
83643,Recency-Weighted,0.0,
83643,Essence (K=15),0.0,
83671,Random,0.0,
83671,Popularity,0.0,
83671,CF (ItemKNN),0.0,
83671,Content (Avg Emb),0.0,
83671,Last-Item,0.0,
83671,Avg-Last-10,0.0,
83671,Recency-Weighted,0.0,
83671,Essence (K=15),0.0,
83805,Random,0.0,
83805,Popularity,0.0,
83805,CF (ItemKNN),0.75,
83805,Content (Avg Emb),0.0,
83805,Last-Item,0.0,
83805,Avg-Last-10,0.0,
83805,Recency-Weighted,0.0,
83805,Essence (K=15),0.0,
83937,Random,0.0,
83937,Popularity,0.0,
83937,CF (ItemKNN),0.034482758620689655,
83937,Content (Avg Emb),0.0,
83937,Last-Item,0.0,
83937,Avg-Last-10,0.0,
83937,Recency-Weighted,0.0,
83937,Essence (K=15),0.0,
84033,Random,0.0,
84033,Popularity,0.0,
84033,CF (ItemKNN),0.0,
84033,Content (Avg Emb),0.0,
84033,Last-Item,0.0,
84033,Avg-Last-10,0.0,
84033,Recency-Weighted,0.0,
84033,Essence (K=15),0.0,
84084,Random,0.0,
84084,Popularity,0.0,
84084,CF (ItemKNN),0.6,
84084,Content (Avg Emb),0.0,
84084,Last-Item,0.0,
84084,Avg-Last-10,0.0,
84084,Recency-Weighted,0.0,
84084,Essence (K=15),0.0,
84255,Random,0.0,
84255,Popularity,0.2,
84255,CF (ItemKNN),0.0,
84255,Content (Avg Emb),0.0,
84255,Last-Item,0.0,
84255,Avg-Last-10,0.0,
84255,Recency-Weighted,0.0,
84255,Essence (K=15),0.0,
84304,Random,0.0,
84304,Popularity,0.0,
84304,CF (ItemKNN),0.09090909090909091,
84304,Content (Avg Emb),0.0,
84304,Last-Item,0.0,
84304,Avg-Last-10,0.0,
84304,Recency-Weighted,0.0,
84304,Essence (K=15),0.0,
84349,Random,0.0,
84349,Popularity,0.0,
84349,CF (ItemKNN),0.0,
84349,Content (Avg Emb),0.0,
84349,Last-Item,0.0,
84349,Avg-Last-10,0.0,
84349,Recency-Weighted,0.0,
84349,Essence (K=15),0.0,
84352,Random,0.0,
84352,Popularity,0.0,
84352,CF (ItemKNN),0.15384615384615385,
84352,Content (Avg Emb),0.0,
84352,Last-Item,0.0,
84352,Avg-Last-10,0.0,
84352,Recency-Weighted,0.0,
84352,Essence (K=15),0.0,
84404,Random,0.0,
84404,Popularity,0.0,
84404,CF (ItemKNN),0.0,
84404,Content (Avg Emb),0.0,
84404,Last-Item,0.0,
84404,Avg-Last-10,0.0,
84404,Recency-Weighted,0.0,
84404,Essence (K=15),0.0,
84587,Random,0.0,
84587,Popularity,0.05555555555555555,
84587,CF (ItemKNN),0.05555555555555555,
84587,Content (Avg Emb),0.0,
84587,Last-Item,0.0,
84587,Avg-Last-10,0.0,
84587,Recency-Weighted,0.0,
84587,Essence (K=15),0.0,
84749,Random,0.0,0.0
84749,Popularity,0.0,0.0
84749,CF (ItemKNN),0.0,0.0
84749,Content (Avg Emb),0.0,0.0
84749,Last-Item,0.0,0.0
84749,Avg-Last-10,0.0,0.0
84749,Recency-Weighted,0.0,0.0
84749,Essence (K=15),0.0,0.0
84800,Random,0.0,0.0
84800,Popularity,0.08333333333333333,0.0
84800,CF (ItemKNN),0.08333333333333333,0.0
84800,Content (Avg Emb),0.0,0.0
84800,Last-Item,0.0,0.0
84800,Avg-Last-10,0.0,0.0
84800,Recency-Weighted,0.0,0.0
84800,Essence (K=15),0.0,0.0
84842,Random,0.0,
84842,Popularity,0.0,
84842,CF (ItemKNN),0.0,
84842,Content (Avg Emb),0.0,
84842,Last-Item,0.0,
84842,Avg-Last-10,0.0,
84842,Recency-Weighted,0.0,
84842,Essence (K=15),0.0,
84852,Random,0.0,
84852,Popularity,0.0,
84852,CF (ItemKNN),0.0,
84852,Content (Avg Emb),0.0,
84852,Last-Item,0.0,
84852,Avg-Last-10,0.0,
84852,Recency-Weighted,0.0,
84852,Essence (K=15),0.0,
84985,Random,0.0,0.0
84985,Popularity,0.09090909090909091,0.0
84985,CF (ItemKNN),0.09090909090909091,0.0
84985,Content (Avg Emb),0.0,0.0
84985,Last-Item,0.0,0.0
84985,Avg-Last-10,0.0,0.0
84985,Recency-Weighted,0.0,0.0
84985,Essence (K=15),0.0,0.0
85156,Random,0.0,
85156,Popularity,0.0,
85156,CF (ItemKNN),0.0,
85156,Content (Avg Emb),0.0,
85156,Last-Item,0.0,
85156,Avg-Last-10,0.0,
85156,Recency-Weighted,0.0,
85156,Essence (K=15),0.0,
85209,Random,0.0,
85209,Popularity,0.0,
85209,CF (ItemKNN),0.0,
85209,Content (Avg Emb),0.0,
85209,Last-Item,0.0,
85209,Avg-Last-10,0.0,
85209,Recency-Weighted,0.0,
85209,Essence (K=15),0.0,
85225,Random,0.0,
85225,Popularity,0.16666666666666666,
85225,CF (ItemKNN),0.16666666666666666,
85225,Content (Avg Emb),0.0,
85225,Last-Item,0.0,
85225,Avg-Last-10,0.0,
85225,Recency-Weighted,0.0,
85225,Essence (K=15),0.0,
85239,Random,0.0,
85239,Popularity,0.07692307692307693,
85239,CF (ItemKNN),0.15384615384615385,
85239,Content (Avg Emb),0.0,
85239,Last-Item,0.0,
85239,Avg-Last-10,0.0,
85239,Recency-Weighted,0.0,
85239,Essence (K=15),0.07692307692307693,
85307,Random,0.0,
85307,Popularity,0.2,
85307,CF (ItemKNN),0.3,
85307,Content (Avg Emb),0.1,
85307,Last-Item,0.0,
85307,Avg-Last-10,0.0,
85307,Recency-Weighted,0.0,
85307,Essence (K=15),0.0,
85406,Random,0.0,0.0
85406,Popularity,0.0,0.0
85406,CF (ItemKNN),0.09523809523809523,0.0
85406,Content (Avg Emb),0.0,0.0
85406,Last-Item,0.0,0.0
85406,Avg-Last-10,0.0,0.0
85406,Recency-Weighted,0.0,0.0
85406,Essence (K=15),0.0,0.0
85455,Random,0.0,
85455,Popularity,0.0,
85455,CF (ItemKNN),0.0,
85455,Content (Avg Emb),0.0,
85455,Last-Item,0.0,
85455,Avg-Last-10,0.0,
85455,Recency-Weighted,0.0,
85455,Essence (K=15),0.0,
85515,Random,0.0,0.0
85515,Popularity,0.0,0.0
85515,CF (ItemKNN),0.0,0.0
85515,Content (Avg Emb),0.0,0.0
85515,Last-Item,0.0,0.0
85515,Avg-Last-10,0.0,0.0
85515,Recency-Weighted,0.0,0.0
85515,Essence (K=15),0.0,0.0
85785,Random,0.0,
85785,Popularity,0.09090909090909091,
85785,CF (ItemKNN),0.0,
85785,Content (Avg Emb),0.0,
85785,Last-Item,0.0,
85785,Avg-Last-10,0.0,
85785,Recency-Weighted,0.0,
85785,Essence (K=15),0.0,
85803,Random,0.0,
85803,Popularity,0.0,
85803,CF (ItemKNN),0.0,
85803,Content (Avg Emb),0.0,
85803,Last-Item,0.0,
85803,Avg-Last-10,0.0,
85803,Recency-Weighted,0.0,
85803,Essence (K=15),0.0,
85822,Random,0.0,
85822,Popularity,0.25,
85822,CF (ItemKNN),0.25,
85822,Content (Avg Emb),0.0,
85822,Last-Item,0.0,
85822,Avg-Last-10,0.0,
85822,Recency-Weighted,0.0,
85822,Essence (K=15),0.0,
85919,Random,0.0,
85919,Popularity,0.0,
85919,CF (ItemKNN),0.0,
85919,Content (Avg Emb),0.0,
85919,Last-Item,0.2,
85919,Avg-Last-10,0.0,
85919,Recency-Weighted,0.0,
85919,Essence (K=15),0.0,
85953,Random,0.0,
85953,Popularity,0.0,
85953,CF (ItemKNN),0.0,
85953,Content (Avg Emb),0.0,
85953,Last-Item,0.0,
85953,Avg-Last-10,0.0,
85953,Recency-Weighted,0.0,
85953,Essence (K=15),0.0,
86040,Random,0.0,0.0
86040,Popularity,0.0,0.0
86040,CF (ItemKNN),0.0,0.0
86040,Content (Avg Emb),0.07142857142857142,0.0
86040,Last-Item,0.07142857142857142,0.0
86040,Avg-Last-10,0.0,0.0
86040,Recency-Weighted,0.0,0.0
86040,Essence (K=15),0.0,0.0
86207,Random,0.0,0.0
86207,Popularity,0.2,0.0
86207,CF (ItemKNN),0.1,0.0
86207,Content (Avg Emb),0.0,0.0
86207,Last-Item,0.0,0.0
86207,Avg-Last-10,0.0,0.0
86207,Recency-Weighted,0.0,0.0
86207,Essence (K=15),0.0,0.0
86231,Random,0.0,0.0
86231,Popularity,0.0,0.0
86231,CF (ItemKNN),0.0,0.0
86231,Content (Avg Emb),0.1,0.0
86231,Last-Item,0.0,0.0
86231,Avg-Last-10,0.1,0.0
86231,Recency-Weighted,0.1,0.0
86231,Essence (K=15),0.0,0.0
86271,Random,0.02631578947368421,0.0
86271,Popularity,0.0,0.0
86271,CF (ItemKNN),0.0,0.0
86271,Content (Avg Emb),0.0,0.0
86271,Last-Item,0.0,0.0
86271,Avg-Last-10,0.0,0.0
86271,Recency-Weighted,0.0,0.0
86271,Essence (K=15),0.0,0.0
86333,Random,0.0,
86333,Popularity,0.0,
86333,CF (ItemKNN),0.0,
86333,Content (Avg Emb),0.0,
86333,Last-Item,0.0,
86333,Avg-Last-10,0.0,
86333,Recency-Weighted,0.0,
86333,Essence (K=15),0.0,
86437,Random,0.0,
86437,Popularity,0.0,
86437,CF (ItemKNN),0.0,
86437,Content (Avg Emb),0.0,
86437,Last-Item,0.0,
86437,Avg-Last-10,0.0,
86437,Recency-Weighted,0.0,
86437,Essence (K=15),0.0,
86526,Random,0.0,
86526,Popularity,0.0,
86526,CF (ItemKNN),0.0,
86526,Content (Avg Emb),0.0,
86526,Last-Item,0.0,
86526,Avg-Last-10,0.0,
86526,Recency-Weighted,0.0,
86526,Essence (K=15),0.0,
86589,Random,0.0,0.0
86589,Popularity,0.0,0.0
86589,CF (ItemKNN),0.0,0.0
86589,Content (Avg Emb),0.0,0.0
86589,Last-Item,0.0,0.0
86589,Avg-Last-10,0.0,0.0
86589,Recency-Weighted,0.0,0.0
86589,Essence (K=15),0.0,0.0
86662,Random,0.0,0.0
86662,Popularity,0.06060606060606061,0.0
86662,CF (ItemKNN),0.030303030303030304,0.0
86662,Content (Avg Emb),0.030303030303030304,0.0
86662,Last-Item,0.0,0.0
86662,Avg-Last-10,0.0,0.0
86662,Recency-Weighted,0.0,0.0
86662,Essence (K=15),0.0,0.0
86724,Random,0.0,0.0
86724,Popularity,0.0,0.0
86724,CF (ItemKNN),0.0,0.0
86724,Content (Avg Emb),0.0,0.0
86724,Last-Item,0.07142857142857142,0.0
86724,Avg-Last-10,0.0,0.0
86724,Recency-Weighted,0.0,0.0
86724,Essence (K=15),0.0,0.0
86912,Random,0.0,
86912,Popularity,0.2692307692307692,
86912,CF (ItemKNN),0.2692307692307692,
86912,Content (Avg Emb),0.0,
86912,Last-Item,0.038461538461538464,
86912,Avg-Last-10,0.0,
86912,Recency-Weighted,0.0,
86912,Essence (K=15),0.0,
87015,Random,0.0,
87015,Popularity,0.08,
87015,CF (ItemKNN),0.08,
87015,Content (Avg Emb),0.0,
87015,Last-Item,0.0,
87015,Avg-Last-10,0.0,
87015,Recency-Weighted,0.0,
87015,Essence (K=15),0.0,
87108,Random,0.0,
87108,Popularity,0.0,
87108,CF (ItemKNN),0.14285714285714285,
87108,Content (Avg Emb),0.0,
87108,Last-Item,0.0,
87108,Avg-Last-10,0.0,
87108,Recency-Weighted,0.0,
87108,Essence (K=15),0.0,
87313,Random,0.0,
87313,Popularity,0.1111111111111111,
87313,CF (ItemKNN),0.0,
87313,Content (Avg Emb),0.0,
87313,Last-Item,0.0,
87313,Avg-Last-10,0.0,
87313,Recency-Weighted,0.0,
87313,Essence (K=15),0.0,
87327,Random,0.0,
87327,Popularity,0.0,
87327,CF (ItemKNN),0.125,
87327,Content (Avg Emb),0.0,
87327,Last-Item,0.0,
87327,Avg-Last-10,0.0,
87327,Recency-Weighted,0.0,
87327,Essence (K=15),0.0,
87488,Random,0.0,
87488,Popularity,0.0,
87488,CF (ItemKNN),0.0,
87488,Content (Avg Emb),0.0,
87488,Last-Item,0.0,
87488,Avg-Last-10,0.0,
87488,Recency-Weighted,0.0,
87488,Essence (K=15),0.0,
87557,Random,0.0,0.0
87557,Popularity,0.0,0.0
87557,CF (ItemKNN),0.0,0.0
87557,Content (Avg Emb),0.0,0.0
87557,Last-Item,0.0,0.0
87557,Avg-Last-10,0.0,0.0
87557,Recency-Weighted,0.0,0.0
87557,Essence (K=15),0.0,0.0
87587,Random,0.0,0.0
87587,Popularity,0.0,0.0
87587,CF (ItemKNN),0.0,0.0
87587,Content (Avg Emb),0.0,0.0
87587,Last-Item,0.0,0.0
87587,Avg-Last-10,0.0,0.0
87587,Recency-Weighted,0.0,0.0
87587,Essence (K=15),0.0,0.0
87945,Random,0.0,
87945,Popularity,0.0,
87945,CF (ItemKNN),0.0,
87945,Content (Avg Emb),0.0,
87945,Last-Item,0.0,
87945,Avg-Last-10,0.0,
87945,Recency-Weighted,0.0,
87945,Essence (K=15),0.0,
87990,Random,0.0,0.0
87990,Popularity,0.0,0.0
87990,CF (ItemKNN),0.0,0.0
87990,Content (Avg Emb),0.0,0.0
87990,Last-Item,0.0,0.0
87990,Avg-Last-10,0.0,0.0
87990,Recency-Weighted,0.0,0.0
87990,Essence (K=15),0.0,0.0
88057,Random,0.0,
88057,Popularity,0.0,
88057,CF (ItemKNN),0.5714285714285714,
88057,Content (Avg Emb),0.0,
88057,Last-Item,0.5714285714285714,
88057,Avg-Last-10,0.0,
88057,Recency-Weighted,0.0,
88057,Essence (K=15),0.0,
88085,Random,0.0,
88085,Popularity,0.2,
88085,CF (ItemKNN),0.2,
88085,Content (Avg Emb),0.0,
88085,Last-Item,0.0,
88085,Avg-Last-10,0.0,
88085,Recency-Weighted,0.0,
88085,Essence (K=15),0.0,
88094,Random,0.0,
88094,Popularity,0.0,
88094,CF (ItemKNN),0.0,
88094,Content (Avg Emb),0.0,
88094,Last-Item,0.0,
88094,Avg-Last-10,0.0,
88094,Recency-Weighted,0.0,
88094,Essence (K=15),0.0,
88101,Random,0.0,0.0
88101,Popularity,0.0,0.0
88101,CF (ItemKNN),0.0,0.0
88101,Content (Avg Emb),0.0,0.0
88101,Last-Item,0.0,0.0
88101,Avg-Last-10,0.0,0.0
88101,Recency-Weighted,0.0,0.0
88101,Essence (K=15),0.030303030303030304,0.5
88454,Random,0.0,
88454,Popularity,0.0,
88454,CF (ItemKNN),0.0,
88454,Content (Avg Emb),0.0,
88454,Last-Item,0.0,
88454,Avg-Last-10,0.0,
88454,Recency-Weighted,0.0,
88454,Essence (K=15),0.0,
88551,Random,0.0,
88551,Popularity,0.0,
88551,CF (ItemKNN),0.0,
88551,Content (Avg Emb),0.0,
88551,Last-Item,0.0,
88551,Avg-Last-10,0.0,
88551,Recency-Weighted,0.0,
88551,Essence (K=15),0.0,
88609,Random,0.0,
88609,Popularity,0.0,
88609,CF (ItemKNN),0.0,
88609,Content (Avg Emb),0.0,
88609,Last-Item,0.0,
88609,Avg-Last-10,0.0,
88609,Recency-Weighted,0.0,
88609,Essence (K=15),0.0,
88613,Random,0.0,
88613,Popularity,0.0,
88613,CF (ItemKNN),0.46153846153846156,
88613,Content (Avg Emb),0.0,
88613,Last-Item,0.0,
88613,Avg-Last-10,0.0,
88613,Recency-Weighted,0.0,
88613,Essence (K=15),0.0,
88822,Random,0.0,0.0
88822,Popularity,0.025,0.0
88822,CF (ItemKNN),0.025,0.0
88822,Content (Avg Emb),0.0,0.0
88822,Last-Item,0.0,0.0
88822,Avg-Last-10,0.0,0.0
88822,Recency-Weighted,0.0,0.0
88822,Essence (K=15),0.0,0.0
88978,Random,0.0,
88978,Popularity,0.0,
88978,CF (ItemKNN),0.0,
88978,Content (Avg Emb),0.0,
88978,Last-Item,0.0,
88978,Avg-Last-10,0.0,
88978,Recency-Weighted,0.0,
88978,Essence (K=15),0.0,
89154,Random,0.0,
89154,Popularity,0.0,
89154,CF (ItemKNN),0.0,
89154,Content (Avg Emb),0.0,
89154,Last-Item,0.0,
89154,Avg-Last-10,0.0,
89154,Recency-Weighted,0.0,
89154,Essence (K=15),0.0,
89203,Random,0.0,
89203,Popularity,0.0,
89203,CF (ItemKNN),0.1,
89203,Content (Avg Emb),0.0,
89203,Last-Item,0.0,
89203,Avg-Last-10,0.0,
89203,Recency-Weighted,0.0,
89203,Essence (K=15),0.0,
89263,Random,0.0,
89263,Popularity,0.0,
89263,CF (ItemKNN),0.1,
89263,Content (Avg Emb),0.0,
89263,Last-Item,0.0,
89263,Avg-Last-10,0.0,
89263,Recency-Weighted,0.0,
89263,Essence (K=15),0.0,
89321,Random,0.0,
89321,Popularity,0.034482758620689655,
89321,CF (ItemKNN),0.034482758620689655,
89321,Content (Avg Emb),0.0,
89321,Last-Item,0.0,
89321,Avg-Last-10,0.0,
89321,Recency-Weighted,0.0,
89321,Essence (K=15),0.0,
89454,Random,0.0,
89454,Popularity,0.0,
89454,CF (ItemKNN),0.0,
89454,Content (Avg Emb),0.0,
89454,Last-Item,0.0,
89454,Avg-Last-10,0.0,
89454,Recency-Weighted,0.0,
89454,Essence (K=15),0.0,
89490,Random,0.0,0.0
89490,Popularity,0.0,0.0
89490,CF (ItemKNN),0.0,0.0
89490,Content (Avg Emb),0.06666666666666667,0.0
89490,Last-Item,0.0,0.0
89490,Avg-Last-10,0.0,0.0
89490,Recency-Weighted,0.06666666666666667,0.0
89490,Essence (K=15),0.0,0.0
89519,Random,0.0,0.0
89519,Popularity,0.0,0.0
89519,CF (ItemKNN),0.0,0.0
89519,Content (Avg Emb),0.0,0.0
89519,Last-Item,0.0,0.0
89519,Avg-Last-10,0.0,0.0
89519,Recency-Weighted,0.0,0.0
89519,Essence (K=15),0.0,0.0
89527,Random,0.0,0.0
89527,Popularity,0.0,0.0
89527,CF (ItemKNN),0.0,0.0
89527,Content (Avg Emb),0.0,0.0
89527,Last-Item,0.0,0.0
89527,Avg-Last-10,0.05128205128205128,0.0
89527,Recency-Weighted,0.05128205128205128,0.0
89527,Essence (K=15),0.02564102564102564,0.0
89596,Random,0.0,
89596,Popularity,0.0,
89596,CF (ItemKNN),0.0,
89596,Content (Avg Emb),0.0,
89596,Last-Item,0.0,
89596,Avg-Last-10,0.0,
89596,Recency-Weighted,0.0,
89596,Essence (K=15),0.0,
89774,Random,0.0,0.0
89774,Popularity,0.05,0.0
89774,CF (ItemKNN),0.05,0.0
89774,Content (Avg Emb),0.0,0.0
89774,Last-Item,0.05,1.0
89774,Avg-Last-10,0.0,0.0
89774,Recency-Weighted,0.0,0.0
89774,Essence (K=15),0.0,0.0
89838,Random,0.0,
89838,Popularity,0.0,
89838,CF (ItemKNN),0.0,
89838,Content (Avg Emb),0.0,
89838,Last-Item,0.0,
89838,Avg-Last-10,0.0,
89838,Recency-Weighted,0.0,
89838,Essence (K=15),0.0,
89950,Random,0.0,
89950,Popularity,0.3333333333333333,
89950,CF (ItemKNN),0.3333333333333333,
89950,Content (Avg Emb),0.16666666666666666,
89950,Last-Item,0.0,
89950,Avg-Last-10,0.0,
89950,Recency-Weighted,0.0,
89950,Essence (K=15),0.0,
89963,Random,0.0,
89963,Popularity,0.0,
89963,CF (ItemKNN),0.043478260869565216,
89963,Content (Avg Emb),0.0,
89963,Last-Item,0.0,
89963,Avg-Last-10,0.0,
89963,Recency-Weighted,0.0,
89963,Essence (K=15),0.0,
89972,Random,0.0,
89972,Popularity,0.0,
89972,CF (ItemKNN),0.0,
89972,Content (Avg Emb),0.0,
89972,Last-Item,0.0,
89972,Avg-Last-10,0.025,
89972,Recency-Weighted,0.025,
89972,Essence (K=15),0.025,
89993,Random,0.0,0.0
89993,Popularity,0.0,0.0
89993,CF (ItemKNN),0.03333333333333333,0.0
89993,Content (Avg Emb),0.06666666666666667,0.0
89993,Last-Item,0.03333333333333333,0.0
89993,Avg-Last-10,0.03333333333333333,0.0
89993,Recency-Weighted,0.03333333333333333,0.0
89993,Essence (K=15),0.0,0.0
89998,Random,0.0,
89998,Popularity,0.23529411764705882,
89998,CF (ItemKNN),0.0,
89998,Content (Avg Emb),0.0,
89998,Last-Item,0.0,
89998,Avg-Last-10,0.0,
89998,Recency-Weighted,0.0,
89998,Essence (K=15),0.0,
90223,Random,0.02857142857142857,0.0
90223,Popularity,0.05714285714285714,0.0
90223,CF (ItemKNN),0.05714285714285714,0.0
90223,Content (Avg Emb),0.0,0.0
90223,Last-Item,0.0,0.0
90223,Avg-Last-10,0.0,0.0
90223,Recency-Weighted,0.0,0.0
90223,Essence (K=15),0.0,0.0
90319,Random,0.0,
90319,Popularity,0.0,
90319,CF (ItemKNN),0.0,
90319,Content (Avg Emb),0.0,
90319,Last-Item,0.0,
90319,Avg-Last-10,0.0,
90319,Recency-Weighted,0.0,
90319,Essence (K=15),0.0,
90339,Random,0.0,
90339,Popularity,0.16666666666666666,
90339,CF (ItemKNN),0.16666666666666666,
90339,Content (Avg Emb),0.0,
90339,Last-Item,0.0,
90339,Avg-Last-10,0.0,
90339,Recency-Weighted,0.0,
90339,Essence (K=15),0.0,
90528,Random,0.0,
90528,Popularity,0.2,
90528,CF (ItemKNN),0.2,
90528,Content (Avg Emb),0.0,
90528,Last-Item,0.0,
90528,Avg-Last-10,0.0,
90528,Recency-Weighted,0.0,
90528,Essence (K=15),0.0,
90602,Random,0.0,
90602,Popularity,0.0,
90602,CF (ItemKNN),0.0,
90602,Content (Avg Emb),0.0,
90602,Last-Item,0.0,
90602,Avg-Last-10,0.0,
90602,Recency-Weighted,0.0,
90602,Essence (K=15),0.0,
90637,Random,0.0,
90637,Popularity,0.043478260869565216,
90637,CF (ItemKNN),0.043478260869565216,
90637,Content (Avg Emb),0.0,
90637,Last-Item,0.0,
90637,Avg-Last-10,0.0,
90637,Recency-Weighted,0.0,
90637,Essence (K=15),0.0,
90745,Random,0.0,
90745,Popularity,0.0,
90745,CF (ItemKNN),0.0,
90745,Content (Avg Emb),0.0,
90745,Last-Item,0.0,
90745,Avg-Last-10,0.0,
90745,Recency-Weighted,0.0,
90745,Essence (K=15),0.0,
90778,Random,0.0,0.0
90778,Popularity,0.0,0.0
90778,CF (ItemKNN),0.0,0.0
90778,Content (Avg Emb),0.0,0.0
90778,Last-Item,0.0,0.0
90778,Avg-Last-10,0.0,0.0
90778,Recency-Weighted,0.0,0.0
90778,Essence (K=15),0.0,0.0
90789,Random,0.0,
90789,Popularity,0.041666666666666664,
90789,CF (ItemKNN),0.08333333333333333,
90789,Content (Avg Emb),0.0,
90789,Last-Item,0.041666666666666664,
90789,Avg-Last-10,0.0,
90789,Recency-Weighted,0.0,
90789,Essence (K=15),0.0,
90996,Random,0.0,
90996,Popularity,0.0,
90996,CF (ItemKNN),0.0,
90996,Content (Avg Emb),0.0,
90996,Last-Item,0.0,
90996,Avg-Last-10,0.0,
90996,Recency-Weighted,0.0,
90996,Essence (K=15),0.0,
91172,Random,0.0,
91172,Popularity,0.0,
91172,CF (ItemKNN),0.0,
91172,Content (Avg Emb),0.0,
91172,Last-Item,0.0,
91172,Avg-Last-10,0.0,
91172,Recency-Weighted,0.0,
91172,Essence (K=15),0.0,
91186,Random,0.0,
91186,Popularity,0.0,
91186,CF (ItemKNN),0.0,
91186,Content (Avg Emb),0.0,
91186,Last-Item,0.0,
91186,Avg-Last-10,0.0,
91186,Recency-Weighted,0.06666666666666667,
91186,Essence (K=15),0.0,
91325,Random,0.0,
91325,Popularity,0.1,
91325,CF (ItemKNN),0.0,
91325,Content (Avg Emb),0.0,
91325,Last-Item,0.0,
91325,Avg-Last-10,0.0,
91325,Recency-Weighted,0.0,
91325,Essence (K=15),0.0,
91476,Random,0.0,
91476,Popularity,0.0,
91476,CF (ItemKNN),0.0,
91476,Content (Avg Emb),0.0,
91476,Last-Item,0.0,
91476,Avg-Last-10,0.0,
91476,Recency-Weighted,0.0,
91476,Essence (K=15),0.0,
91477,Random,0.0,
91477,Popularity,0.25,
91477,CF (ItemKNN),0.75,
91477,Content (Avg Emb),0.0,
91477,Last-Item,0.0,
91477,Avg-Last-10,0.0,
91477,Recency-Weighted,0.0,
91477,Essence (K=15),0.0,
91794,Random,0.0,
91794,Popularity,0.0,
91794,CF (ItemKNN),0.0,
91794,Content (Avg Emb),0.0,
91794,Last-Item,0.0,
91794,Avg-Last-10,0.0,
91794,Recency-Weighted,0.0,
91794,Essence (K=15),0.0,
91798,Random,0.0,
91798,Popularity,0.0,
91798,CF (ItemKNN),0.0,
91798,Content (Avg Emb),0.0,
91798,Last-Item,0.0,
91798,Avg-Last-10,0.0,
91798,Recency-Weighted,0.0,
91798,Essence (K=15),0.0,
91824,Random,0.0,
91824,Popularity,0.0,
91824,CF (ItemKNN),0.0,
91824,Content (Avg Emb),0.0,
91824,Last-Item,0.0,
91824,Avg-Last-10,0.0,
91824,Recency-Weighted,0.0,
91824,Essence (K=15),0.0,
91922,Random,0.0,
91922,Popularity,0.0,
91922,CF (ItemKNN),0.0,
91922,Content (Avg Emb),0.0,
91922,Last-Item,0.0,
91922,Avg-Last-10,0.0,
91922,Recency-Weighted,0.0,
91922,Essence (K=15),0.0,
92032,Random,0.0,
92032,Popularity,0.2222222222222222,
92032,CF (ItemKNN),0.2222222222222222,
92032,Content (Avg Emb),0.0,
92032,Last-Item,0.0,
92032,Avg-Last-10,0.0,
92032,Recency-Weighted,0.0,
92032,Essence (K=15),0.0,
92289,Random,0.0,
92289,Popularity,0.3333333333333333,
92289,CF (ItemKNN),0.2222222222222222,
92289,Content (Avg Emb),0.0,
92289,Last-Item,0.0,
92289,Avg-Last-10,0.0,
92289,Recency-Weighted,0.0,
92289,Essence (K=15),0.0,
92313,Random,0.0,0.0
92313,Popularity,0.0,0.0
92313,CF (ItemKNN),0.0,0.0
92313,Content (Avg Emb),0.0,0.0
92313,Last-Item,0.0,0.0
92313,Avg-Last-10,0.02702702702702703,0.3333333333333333
92313,Recency-Weighted,0.02702702702702703,0.3333333333333333
92313,Essence (K=15),0.0,0.0
92412,Random,0.0,
92412,Popularity,0.0,
92412,CF (ItemKNN),0.125,
92412,Content (Avg Emb),0.125,
92412,Last-Item,0.0,
92412,Avg-Last-10,0.125,
92412,Recency-Weighted,0.0,
92412,Essence (K=15),0.0,
92414,Random,0.0,
92414,Popularity,0.0,
92414,CF (ItemKNN),0.4,
92414,Content (Avg Emb),0.0,
92414,Last-Item,0.0,
92414,Avg-Last-10,0.0,
92414,Recency-Weighted,0.0,
92414,Essence (K=15),0.0,
92429,Random,0.0,
92429,Popularity,0.25,
92429,CF (ItemKNN),0.0,
92429,Content (Avg Emb),0.0,
92429,Last-Item,0.0,
92429,Avg-Last-10,0.0,
92429,Recency-Weighted,0.0,
92429,Essence (K=15),0.0,
92888,Random,0.0,
92888,Popularity,0.125,
92888,CF (ItemKNN),0.0,
92888,Content (Avg Emb),0.0,
92888,Last-Item,0.0,
92888,Avg-Last-10,0.0,
92888,Recency-Weighted,0.0,
92888,Essence (K=15),0.0,
92966,Random,0.043478260869565216,0.0
92966,Popularity,0.043478260869565216,0.0
92966,CF (ItemKNN),0.0,0.0
92966,Content (Avg Emb),0.0,0.0
92966,Last-Item,0.0,0.0
92966,Avg-Last-10,0.0,0.0
92966,Recency-Weighted,0.0,0.0
92966,Essence (K=15),0.043478260869565216,0.0
93025,Random,0.0,
93025,Popularity,0.0,
93025,CF (ItemKNN),0.25,
93025,Content (Avg Emb),0.0,
93025,Last-Item,0.0,
93025,Avg-Last-10,0.0,
93025,Recency-Weighted,0.0,
93025,Essence (K=15),0.0,
93075,Random,0.0,
93075,Popularity,0.0,
93075,CF (ItemKNN),0.0,
93075,Content (Avg Emb),0.0,
93075,Last-Item,0.0,
93075,Avg-Last-10,0.0,
93075,Recency-Weighted,0.0,
93075,Essence (K=15),0.0,
93124,Random,0.0,
93124,Popularity,0.15151515151515152,
93124,CF (ItemKNN),0.12121212121212122,
93124,Content (Avg Emb),0.0,
93124,Last-Item,0.0,
93124,Avg-Last-10,0.0,
93124,Recency-Weighted,0.0,
93124,Essence (K=15),0.0,
93137,Random,0.0,
93137,Popularity,0.0,
93137,CF (ItemKNN),0.08333333333333333,
93137,Content (Avg Emb),0.0,
93137,Last-Item,0.0,
93137,Avg-Last-10,0.0,
93137,Recency-Weighted,0.0,
93137,Essence (K=15),0.0,
93179,Random,0.0,
93179,Popularity,0.0,
93179,CF (ItemKNN),0.0,
93179,Content (Avg Emb),0.0,
93179,Last-Item,0.125,
93179,Avg-Last-10,0.0,
93179,Recency-Weighted,0.0,
93179,Essence (K=15),0.0,
93319,Random,0.0,0.0
93319,Popularity,0.0967741935483871,0.0
93319,CF (ItemKNN),0.0967741935483871,0.0
93319,Content (Avg Emb),0.0,0.0
93319,Last-Item,0.0,0.0
93319,Avg-Last-10,0.0,0.0
93319,Recency-Weighted,0.0,0.0
93319,Essence (K=15),0.0,0.0
93469,Random,0.0,0.0
93469,Popularity,0.0,0.0
93469,CF (ItemKNN),0.0,0.0
93469,Content (Avg Emb),0.0,0.0
93469,Last-Item,0.0,0.0
93469,Avg-Last-10,0.0,0.0
93469,Recency-Weighted,0.0,0.0
93469,Essence (K=15),0.0,0.0
93505,Random,0.0,
93505,Popularity,0.125,
93505,CF (ItemKNN),0.20833333333333334,
93505,Content (Avg Emb),0.0,
93505,Last-Item,0.0,
93505,Avg-Last-10,0.0,
93505,Recency-Weighted,0.0,
93505,Essence (K=15),0.0,
93644,Random,0.0,
93644,Popularity,0.05555555555555555,
93644,CF (ItemKNN),0.05555555555555555,
93644,Content (Avg Emb),0.0,
93644,Last-Item,0.0,
93644,Avg-Last-10,0.0,
93644,Recency-Weighted,0.0,
93644,Essence (K=15),0.0,
93663,Random,0.0,
93663,Popularity,0.0,
93663,CF (ItemKNN),0.030303030303030304,
93663,Content (Avg Emb),0.0,
93663,Last-Item,0.0,
93663,Avg-Last-10,0.0,
93663,Recency-Weighted,0.0,
93663,Essence (K=15),0.0,
93681,Random,0.0,
93681,Popularity,0.0,
93681,CF (ItemKNN),0.045454545454545456,
93681,Content (Avg Emb),0.0,
93681,Last-Item,0.0,
93681,Avg-Last-10,0.0,
93681,Recency-Weighted,0.0,
93681,Essence (K=15),0.0,
93694,Random,0.0,
93694,Popularity,0.0,
93694,CF (ItemKNN),0.0,
93694,Content (Avg Emb),0.0,
93694,Last-Item,0.0,
93694,Avg-Last-10,0.0,
93694,Recency-Weighted,0.0,
93694,Essence (K=15),0.0,
93729,Random,0.0,
93729,Popularity,0.0,
93729,CF (ItemKNN),0.0,
93729,Content (Avg Emb),0.0,
93729,Last-Item,0.0,
93729,Avg-Last-10,0.0,
93729,Recency-Weighted,0.0,
93729,Essence (K=15),0.0,
93869,Random,0.0,
93869,Popularity,0.0,
93869,CF (ItemKNN),0.16666666666666666,
93869,Content (Avg Emb),0.0,
93869,Last-Item,0.0,
93869,Avg-Last-10,0.0,
93869,Recency-Weighted,0.0,
93869,Essence (K=15),0.0,
93963,Random,0.0,
93963,Popularity,0.2,
93963,CF (ItemKNN),0.2,
93963,Content (Avg Emb),0.0,
93963,Last-Item,0.0,
93963,Avg-Last-10,0.0,
93963,Recency-Weighted,0.0,
93963,Essence (K=15),0.0,
94279,Random,0.0,
94279,Popularity,0.1,
94279,CF (ItemKNN),0.1,
94279,Content (Avg Emb),0.0,
94279,Last-Item,0.0,
94279,Avg-Last-10,0.0,
94279,Recency-Weighted,0.1,
94279,Essence (K=15),0.0,
94284,Random,0.0,
94284,Popularity,0.0,
94284,CF (ItemKNN),0.2,
94284,Content (Avg Emb),0.0,
94284,Last-Item,0.0,
94284,Avg-Last-10,0.0,
94284,Recency-Weighted,0.0,
94284,Essence (K=15),0.0,
94403,Random,0.0,
94403,Popularity,0.0,
94403,CF (ItemKNN),0.0,
94403,Content (Avg Emb),0.0,
94403,Last-Item,0.0,
94403,Avg-Last-10,0.0,
94403,Recency-Weighted,0.0,
94403,Essence (K=15),0.0,
94506,Random,0.0,
94506,Popularity,0.058823529411764705,
94506,CF (ItemKNN),0.11764705882352941,
94506,Content (Avg Emb),0.0,
94506,Last-Item,0.0,
94506,Avg-Last-10,0.0,
94506,Recency-Weighted,0.0,
94506,Essence (K=15),0.0,
94568,Random,0.0,0.0
94568,Popularity,0.0,0.0
94568,CF (ItemKNN),0.0,0.0
94568,Content (Avg Emb),0.0,0.0
94568,Last-Item,0.0,0.0
94568,Avg-Last-10,0.0,0.0
94568,Recency-Weighted,0.0,0.0
94568,Essence (K=15),0.0,0.0
94578,Random,0.0,
94578,Popularity,0.0,
94578,CF (ItemKNN),0.0,
94578,Content (Avg Emb),0.0,
94578,Last-Item,0.0,
94578,Avg-Last-10,0.0,
94578,Recency-Weighted,0.0,
94578,Essence (K=15),0.0,
94667,Random,0.0,
94667,Popularity,0.0,
94667,CF (ItemKNN),0.0,
94667,Content (Avg Emb),0.0,
94667,Last-Item,0.02857142857142857,
94667,Avg-Last-10,0.0,
94667,Recency-Weighted,0.0,
94667,Essence (K=15),0.0,
94669,Random,0.0,
94669,Popularity,0.0,
94669,CF (ItemKNN),0.09090909090909091,
94669,Content (Avg Emb),0.0,
94669,Last-Item,0.0,
94669,Avg-Last-10,0.0,
94669,Recency-Weighted,0.0,
94669,Essence (K=15),0.0,
94674,Random,0.0,
94674,Popularity,0.0,
94674,CF (ItemKNN),0.2727272727272727,
94674,Content (Avg Emb),0.0,
94674,Last-Item,0.0,
94674,Avg-Last-10,0.0,
94674,Recency-Weighted,0.0,
94674,Essence (K=15),0.0,
94722,Random,0.0,
94722,Popularity,0.0,
94722,CF (ItemKNN),0.07142857142857142,
94722,Content (Avg Emb),0.0,
94722,Last-Item,0.0,
94722,Avg-Last-10,0.0,
94722,Recency-Weighted,0.0,
94722,Essence (K=15),0.0,
94839,Random,0.0,
94839,Popularity,0.0,
94839,CF (ItemKNN),0.0,
94839,Content (Avg Emb),0.0,
94839,Last-Item,0.06666666666666667,
94839,Avg-Last-10,0.0,
94839,Recency-Weighted,0.0,
94839,Essence (K=15),0.0,
94916,Random,0.0,
94916,Popularity,0.0,
94916,CF (ItemKNN),0.0,
94916,Content (Avg Emb),0.0,
94916,Last-Item,0.0625,
94916,Avg-Last-10,0.0,
94916,Recency-Weighted,0.0,
94916,Essence (K=15),0.0,
95048,Random,0.0,
95048,Popularity,0.0,
95048,CF (ItemKNN),0.18181818181818182,
95048,Content (Avg Emb),0.0,
95048,Last-Item,0.0,
95048,Avg-Last-10,0.0,
95048,Recency-Weighted,0.0,
95048,Essence (K=15),0.0,
95098,Random,0.0,
95098,Popularity,0.0,
95098,CF (ItemKNN),0.0,
95098,Content (Avg Emb),0.0,
95098,Last-Item,0.14285714285714285,
95098,Avg-Last-10,0.0,
95098,Recency-Weighted,0.0,
95098,Essence (K=15),0.0,
95128,Random,0.0,
95128,Popularity,0.3333333333333333,
95128,CF (ItemKNN),0.5555555555555556,
95128,Content (Avg Emb),0.0,
95128,Last-Item,0.0,
95128,Avg-Last-10,0.0,
95128,Recency-Weighted,0.0,
95128,Essence (K=15),0.0,
95161,Random,0.0,
95161,Popularity,0.0,
95161,CF (ItemKNN),0.0,
95161,Content (Avg Emb),0.0,
95161,Last-Item,0.0,
95161,Avg-Last-10,0.0,
95161,Recency-Weighted,0.0,
95161,Essence (K=15),0.0,
95186,Random,0.0,
95186,Popularity,0.0,
95186,CF (ItemKNN),0.08,
95186,Content (Avg Emb),0.0,
95186,Last-Item,0.0,
95186,Avg-Last-10,0.0,
95186,Recency-Weighted,0.0,
95186,Essence (K=15),0.0,
95217,Random,0.0,
95217,Popularity,0.0,
95217,CF (ItemKNN),0.0,
95217,Content (Avg Emb),0.0,
95217,Last-Item,0.0,
95217,Avg-Last-10,0.0,
95217,Recency-Weighted,0.0,
95217,Essence (K=15),0.0,
95272,Random,0.0,
95272,Popularity,0.0,
95272,CF (ItemKNN),0.0,
95272,Content (Avg Emb),0.0,
95272,Last-Item,0.0,
95272,Avg-Last-10,0.0,
95272,Recency-Weighted,0.0,
95272,Essence (K=15),0.0,
95284,Random,0.0,
95284,Popularity,0.0,
95284,CF (ItemKNN),0.16666666666666666,
95284,Content (Avg Emb),0.0,
95284,Last-Item,0.16666666666666666,
95284,Avg-Last-10,0.0,
95284,Recency-Weighted,0.0,
95284,Essence (K=15),0.0,
95425,Random,0.0,
95425,Popularity,0.2,
95425,CF (ItemKNN),0.2,
95425,Content (Avg Emb),0.0,
95425,Last-Item,0.0,
95425,Avg-Last-10,0.0,
95425,Recency-Weighted,0.0,
95425,Essence (K=15),0.0,
95454,Random,0.0,
95454,Popularity,0.07142857142857142,
95454,CF (ItemKNN),0.10714285714285714,
95454,Content (Avg Emb),0.0,
95454,Last-Item,0.0,
95454,Avg-Last-10,0.0,
95454,Recency-Weighted,0.0,
95454,Essence (K=15),0.0,
95672,Random,0.0,
95672,Popularity,0.0,
95672,CF (ItemKNN),0.5,
95672,Content (Avg Emb),0.0,
95672,Last-Item,0.0,
95672,Avg-Last-10,0.0,
95672,Recency-Weighted,0.0,
95672,Essence (K=15),0.0,
95780,Random,0.0,
95780,Popularity,0.0,
95780,CF (ItemKNN),0.0,
95780,Content (Avg Emb),0.0,
95780,Last-Item,0.0,
95780,Avg-Last-10,0.0,
95780,Recency-Weighted,0.0,
95780,Essence (K=15),0.0,
95831,Random,0.0,
95831,Popularity,0.0,
95831,CF (ItemKNN),0.09090909090909091,
95831,Content (Avg Emb),0.0,
95831,Last-Item,0.0,
95831,Avg-Last-10,0.0,
95831,Recency-Weighted,0.0,
95831,Essence (K=15),0.0,
95908,Random,0.0,
95908,Popularity,0.0,
95908,CF (ItemKNN),0.0,
95908,Content (Avg Emb),0.0,
95908,Last-Item,0.0,
95908,Avg-Last-10,0.0,
95908,Recency-Weighted,0.0,
95908,Essence (K=15),0.0,
95925,Random,0.0,0.0
95925,Popularity,0.0,0.0
95925,CF (ItemKNN),0.15384615384615385,0.0
95925,Content (Avg Emb),0.0,0.0
95925,Last-Item,0.0,0.0
95925,Avg-Last-10,0.0,0.0
95925,Recency-Weighted,0.0,0.0
95925,Essence (K=15),0.0,0.0
96024,Random,0.0,
96024,Popularity,0.0625,
96024,CF (ItemKNN),0.0,
96024,Content (Avg Emb),0.0,
96024,Last-Item,0.125,
96024,Avg-Last-10,0.0625,
96024,Recency-Weighted,0.125,
96024,Essence (K=15),0.0,
96089,Random,0.0,
96089,Popularity,0.0,
96089,CF (ItemKNN),0.0,
96089,Content (Avg Emb),0.0,
96089,Last-Item,0.0,
96089,Avg-Last-10,0.0,
96089,Recency-Weighted,0.0,
96089,Essence (K=15),0.0,
96095,Random,0.0,
96095,Popularity,0.4,
96095,CF (ItemKNN),0.6,
96095,Content (Avg Emb),0.0,
96095,Last-Item,0.0,
96095,Avg-Last-10,0.0,
96095,Recency-Weighted,0.0,
96095,Essence (K=15),0.0,
96098,Random,0.0,
96098,Popularity,0.0,
96098,CF (ItemKNN),0.0,
96098,Content (Avg Emb),0.0,
96098,Last-Item,0.0,
96098,Avg-Last-10,0.0,
96098,Recency-Weighted,0.0,
96098,Essence (K=15),0.0,
96237,Random,0.0,0.0
96237,Popularity,0.0,0.0
96237,CF (ItemKNN),0.0,0.0
96237,Content (Avg Emb),0.0,0.0
96237,Last-Item,0.0,0.0
96237,Avg-Last-10,0.0,0.0
96237,Recency-Weighted,0.0,0.0
96237,Essence (K=15),0.0,0.0
96302,Random,0.0,
96302,Popularity,0.0,
96302,CF (ItemKNN),0.0,
96302,Content (Avg Emb),0.0,
96302,Last-Item,0.0,
96302,Avg-Last-10,0.0,
96302,Recency-Weighted,0.0,
96302,Essence (K=15),0.0,
96384,Random,0.0,0.0
96384,Popularity,0.13043478260869565,0.0
96384,CF (ItemKNN),0.08695652173913043,0.0
96384,Content (Avg Emb),0.0,0.0
96384,Last-Item,0.0,0.0
96384,Avg-Last-10,0.043478260869565216,0.0
96384,Recency-Weighted,0.043478260869565216,0.0
96384,Essence (K=15),0.0,0.0
96415,Random,0.0,
96415,Popularity,0.0,
96415,CF (ItemKNN),0.0,
96415,Content (Avg Emb),0.0,
96415,Last-Item,0.0,
96415,Avg-Last-10,0.0,
96415,Recency-Weighted,0.0,
96415,Essence (K=15),0.0,
96541,Random,0.0,
96541,Popularity,0.0,
96541,CF (ItemKNN),0.5,
96541,Content (Avg Emb),0.0,
96541,Last-Item,1.0,
96541,Avg-Last-10,0.0,
96541,Recency-Weighted,0.5,
96541,Essence (K=15),1.0,
96544,Random,0.0,0.0
96544,Popularity,0.11764705882352941,0.0
96544,CF (ItemKNN),0.058823529411764705,0.0
96544,Content (Avg Emb),0.0,0.0
96544,Last-Item,0.0,0.0
96544,Avg-Last-10,0.0,0.0
96544,Recency-Weighted,0.0,0.0
96544,Essence (K=15),0.0,0.0
96705,Random,0.0,
96705,Popularity,0.0,
96705,CF (ItemKNN),0.0,
96705,Content (Avg Emb),0.0,
96705,Last-Item,0.0,
96705,Avg-Last-10,0.0,
96705,Recency-Weighted,0.0,
96705,Essence (K=15),0.0,
96784,Random,0.0,
96784,Popularity,0.0,
96784,CF (ItemKNN),0.0,
96784,Content (Avg Emb),0.0,
96784,Last-Item,0.0,
96784,Avg-Last-10,0.0,
96784,Recency-Weighted,0.0,
96784,Essence (K=15),0.0,
96967,Random,0.0,
96967,Popularity,0.0,
96967,CF (ItemKNN),0.25,
96967,Content (Avg Emb),0.0,
96967,Last-Item,0.0,
96967,Avg-Last-10,0.0,
96967,Recency-Weighted,0.0,
96967,Essence (K=15),0.0,
96988,Random,0.0,
96988,Popularity,0.0,
96988,CF (ItemKNN),0.0,
96988,Content (Avg Emb),0.0,
96988,Last-Item,0.0,
96988,Avg-Last-10,0.0,
96988,Recency-Weighted,0.0,
96988,Essence (K=15),0.0,
97109,Random,0.0,
97109,Popularity,0.0,
97109,CF (ItemKNN),0.2,
97109,Content (Avg Emb),0.0,
97109,Last-Item,0.0,
97109,Avg-Last-10,0.0,
97109,Recency-Weighted,0.0,
97109,Essence (K=15),0.0,
97181,Random,0.0,
97181,Popularity,0.125,
97181,CF (ItemKNN),0.0,
97181,Content (Avg Emb),0.0,
97181,Last-Item,0.0,
97181,Avg-Last-10,0.0,
97181,Recency-Weighted,0.0,
97181,Essence (K=15),0.0,
97224,Random,0.0,0.0
97224,Popularity,0.0,0.0
97224,CF (ItemKNN),0.0,0.0
97224,Content (Avg Emb),0.0,0.0
97224,Last-Item,0.0,0.0
97224,Avg-Last-10,0.0,0.0
97224,Recency-Weighted,0.0,0.0
97224,Essence (K=15),0.0,0.0
97237,Random,0.0,
97237,Popularity,0.25,
97237,CF (ItemKNN),0.25,
97237,Content (Avg Emb),0.0,
97237,Last-Item,0.0,
97237,Avg-Last-10,0.0,
97237,Recency-Weighted,0.0,
97237,Essence (K=15),0.0,
97387,Random,0.0,
97387,Popularity,0.17647058823529413,
97387,CF (ItemKNN),0.23529411764705882,
97387,Content (Avg Emb),0.058823529411764705,
97387,Last-Item,0.0,
97387,Avg-Last-10,0.0,
97387,Recency-Weighted,0.0,
97387,Essence (K=15),0.0,
97484,Random,0.0,
97484,Popularity,0.25,
97484,CF (ItemKNN),0.25,
97484,Content (Avg Emb),0.0,
97484,Last-Item,0.0,
97484,Avg-Last-10,0.0,
97484,Recency-Weighted,0.0,
97484,Essence (K=15),0.0,
97492,Random,0.0,
97492,Popularity,0.2222222222222222,
97492,CF (ItemKNN),0.1111111111111111,
97492,Content (Avg Emb),0.0,
97492,Last-Item,0.0,
97492,Avg-Last-10,0.0,
97492,Recency-Weighted,0.0,
97492,Essence (K=15),0.0,
97564,Random,0.0,0.0
97564,Popularity,0.0,0.0
97564,CF (ItemKNN),0.0,0.0
97564,Content (Avg Emb),0.0,0.0
97564,Last-Item,0.0,0.0
97564,Avg-Last-10,0.0,0.0
97564,Recency-Weighted,0.0,0.0
97564,Essence (K=15),0.0,0.0
97696,Random,0.0,0.0
97696,Popularity,0.0,0.0
97696,CF (ItemKNN),0.0,0.0
97696,Content (Avg Emb),0.0,0.0
97696,Last-Item,0.0,0.0
97696,Avg-Last-10,0.0,0.0
97696,Recency-Weighted,0.0,0.0
97696,Essence (K=15),0.0,0.0
97697,Random,0.0,
97697,Popularity,0.0,
97697,CF (ItemKNN),0.0,
97697,Content (Avg Emb),0.0,
97697,Last-Item,0.0,
97697,Avg-Last-10,0.0,
97697,Recency-Weighted,0.0,
97697,Essence (K=15),0.0,
97724,Random,0.0,
97724,Popularity,0.1,
97724,CF (ItemKNN),0.05,
97724,Content (Avg Emb),0.0,
97724,Last-Item,0.0,
97724,Avg-Last-10,0.0,
97724,Recency-Weighted,0.0,
97724,Essence (K=15),0.0,
97810,Random,0.0,
97810,Popularity,0.0,
97810,CF (ItemKNN),0.0,
97810,Content (Avg Emb),0.0,
97810,Last-Item,0.0,
97810,Avg-Last-10,0.0,
97810,Recency-Weighted,0.0,
97810,Essence (K=15),0.0,
98018,Random,0.0,0.0
98018,Popularity,0.0,0.0
98018,CF (ItemKNN),0.0,0.0
98018,Content (Avg Emb),0.0,0.0
98018,Last-Item,0.0,0.0
98018,Avg-Last-10,0.0,0.0
98018,Recency-Weighted,0.0,0.0
98018,Essence (K=15),0.0,0.0
98149,Random,0.0,
98149,Popularity,0.038461538461538464,
98149,CF (ItemKNN),0.11538461538461539,
98149,Content (Avg Emb),0.0,
98149,Last-Item,0.0,
98149,Avg-Last-10,0.0,
98149,Recency-Weighted,0.0,
98149,Essence (K=15),0.0,
98200,Random,0.0,0.0
98200,Popularity,0.0,0.0
98200,CF (ItemKNN),0.0,0.0
98200,Content (Avg Emb),0.0,0.0
98200,Last-Item,0.0,0.0
98200,Avg-Last-10,0.0,0.0
98200,Recency-Weighted,0.0,0.0
98200,Essence (K=15),0.0,0.0
98211,Random,0.0,0.0
98211,Popularity,0.0,0.0
98211,CF (ItemKNN),0.0,0.0
98211,Content (Avg Emb),0.0,0.0
98211,Last-Item,0.0,0.0
98211,Avg-Last-10,0.0,0.0
98211,Recency-Weighted,0.0,0.0
98211,Essence (K=15),0.0,0.0
98481,Random,0.0,
98481,Popularity,1.0,
98481,CF (ItemKNN),0.75,
98481,Content (Avg Emb),0.25,
98481,Last-Item,0.0,
98481,Avg-Last-10,0.0,
98481,Recency-Weighted,0.0,
98481,Essence (K=15),0.0,
98505,Random,0.0,
98505,Popularity,0.4,
98505,CF (ItemKNN),0.0,
98505,Content (Avg Emb),0.0,
98505,Last-Item,0.0,
98505,Avg-Last-10,0.0,
98505,Recency-Weighted,0.0,
98505,Essence (K=15),0.0,
98528,Random,0.0,
98528,Popularity,0.0,
98528,CF (ItemKNN),0.0,
98528,Content (Avg Emb),0.0,
98528,Last-Item,0.0,
98528,Avg-Last-10,0.0,
98528,Recency-Weighted,0.0,
98528,Essence (K=15),0.0,
98542,Random,0.0,0.0
98542,Popularity,0.0,0.0
98542,CF (ItemKNN),0.0,0.0
98542,Content (Avg Emb),0.0,0.0
98542,Last-Item,0.0,0.0
98542,Avg-Last-10,0.0,0.0
98542,Recency-Weighted,0.0,0.0
98542,Essence (K=15),0.0,0.0
98569,Random,0.0,
98569,Popularity,0.25,
98569,CF (ItemKNN),0.25,
98569,Content (Avg Emb),0.0,
98569,Last-Item,0.0,
98569,Avg-Last-10,0.0,
98569,Recency-Weighted,0.0,
98569,Essence (K=15),0.0,
98973,Random,0.0,
98973,Popularity,0.0,
98973,CF (ItemKNN),0.0,
98973,Content (Avg Emb),0.0,
98973,Last-Item,0.0,
98973,Avg-Last-10,0.0,
98973,Recency-Weighted,0.0,
98973,Essence (K=15),0.0,
98990,Random,0.0,
98990,Popularity,0.0,
98990,CF (ItemKNN),0.0,
98990,Content (Avg Emb),0.0,
98990,Last-Item,0.0,
98990,Avg-Last-10,0.0,
98990,Recency-Weighted,0.0,
98990,Essence (K=15),0.0,
99093,Random,0.0,
99093,Popularity,0.047619047619047616,
99093,CF (ItemKNN),0.14285714285714285,
99093,Content (Avg Emb),0.0,
99093,Last-Item,0.0,
99093,Avg-Last-10,0.0,
99093,Recency-Weighted,0.0,
99093,Essence (K=15),0.0,
99420,Random,0.0,
99420,Popularity,0.0,
99420,CF (ItemKNN),0.1111111111111111,
99420,Content (Avg Emb),0.05555555555555555,
99420,Last-Item,0.0,
99420,Avg-Last-10,0.05555555555555555,
99420,Recency-Weighted,0.05555555555555555,
99420,Essence (K=15),0.05555555555555555,
99421,Random,0.0,0.0
99421,Popularity,0.0,0.0
99421,CF (ItemKNN),0.0,0.0
99421,Content (Avg Emb),0.0,0.0
99421,Last-Item,0.0,0.0
99421,Avg-Last-10,0.0,0.0
99421,Recency-Weighted,0.0,0.0
99421,Essence (K=15),0.0,0.0
99716,Random,0.0,
99716,Popularity,0.05555555555555555,
99716,CF (ItemKNN),0.16666666666666666,
99716,Content (Avg Emb),0.0,
99716,Last-Item,0.0,
99716,Avg-Last-10,0.0,
99716,Recency-Weighted,0.0,
99716,Essence (K=15),0.0,
99757,Random,0.0,
99757,Popularity,0.2857142857142857,
99757,CF (ItemKNN),0.14285714285714285,
99757,Content (Avg Emb),0.0,
99757,Last-Item,0.0,
99757,Avg-Last-10,0.0,
99757,Recency-Weighted,0.0,
99757,Essence (K=15),0.0,
99809,Random,0.0,
99809,Popularity,0.14285714285714285,
99809,CF (ItemKNN),0.0,
99809,Content (Avg Emb),0.0,
99809,Last-Item,0.0,
99809,Avg-Last-10,0.0,
99809,Recency-Weighted,0.0,
99809,Essence (K=15),0.0,
99872,Random,0.0,
99872,Popularity,0.0,
99872,CF (ItemKNN),0.75,
99872,Content (Avg Emb),0.0,
99872,Last-Item,0.0,
99872,Avg-Last-10,0.0,
99872,Recency-Weighted,0.0,
99872,Essence (K=15),0.0,
99892,Random,0.0,
99892,Popularity,0.0,
99892,CF (ItemKNN),0.16666666666666666,
99892,Content (Avg Emb),0.16666666666666666,
99892,Last-Item,0.0,
99892,Avg-Last-10,0.0,
99892,Recency-Weighted,0.0,
99892,Essence (K=15),0.16666666666666666,
99968,Random,0.0,
99968,Popularity,0.07142857142857142,
99968,CF (ItemKNN),0.0,
99968,Content (Avg Emb),0.0,
99968,Last-Item,0.0,
99968,Avg-Last-10,0.0,
99968,Recency-Weighted,0.0,
99968,Essence (K=15),0.0,
99988,Random,0.0,0.0
99988,Popularity,0.0,0.0
99988,CF (ItemKNN),0.0,0.0
99988,Content (Avg Emb),0.0,0.0
99988,Last-Item,0.0,0.0
99988,Avg-Last-10,0.0,0.0
99988,Recency-Weighted,0.0,0.0
99988,Essence (K=15),0.0,0.0
100013,Random,0.0,
100013,Popularity,0.0,
100013,CF (ItemKNN),0.0,
100013,Content (Avg Emb),0.0,
100013,Last-Item,0.0,
100013,Avg-Last-10,0.0,
100013,Recency-Weighted,0.0,
100013,Essence (K=15),0.0,
100022,Random,0.0,
100022,Popularity,0.2857142857142857,
100022,CF (ItemKNN),0.0,
100022,Content (Avg Emb),0.0,
100022,Last-Item,0.0,
100022,Avg-Last-10,0.0,
100022,Recency-Weighted,0.0,
100022,Essence (K=15),0.0,
100117,Random,0.0,
100117,Popularity,0.0,
100117,CF (ItemKNN),0.0,
100117,Content (Avg Emb),0.0,
100117,Last-Item,0.0,
100117,Avg-Last-10,0.0,
100117,Recency-Weighted,0.0,
100117,Essence (K=15),0.0,
100146,Random,0.0,0.0
100146,Popularity,0.0,0.0
100146,CF (ItemKNN),0.0,0.0
100146,Content (Avg Emb),0.0,0.0
100146,Last-Item,0.0,0.0
100146,Avg-Last-10,0.0,0.0
100146,Recency-Weighted,0.0,0.0
100146,Essence (K=15),0.0,0.0
100331,Random,0.0,
100331,Popularity,0.0,
100331,CF (ItemKNN),0.0,
100331,Content (Avg Emb),0.0,
100331,Last-Item,0.0,
100331,Avg-Last-10,0.0,
100331,Recency-Weighted,0.0,
100331,Essence (K=15),0.0,
100443,Random,0.0,
100443,Popularity,0.0,
100443,CF (ItemKNN),0.0,
100443,Content (Avg Emb),0.0,
100443,Last-Item,0.0,
100443,Avg-Last-10,0.0,
100443,Recency-Weighted,0.0,
100443,Essence (K=15),0.0,
100448,Random,0.0,
100448,Popularity,0.045454545454545456,
100448,CF (ItemKNN),0.045454545454545456,
100448,Content (Avg Emb),0.0,
100448,Last-Item,0.0,
100448,Avg-Last-10,0.0,
100448,Recency-Weighted,0.0,
100448,Essence (K=15),0.0,
100479,Random,0.0,
100479,Popularity,0.04,
100479,CF (ItemKNN),0.16,
100479,Content (Avg Emb),0.0,
100479,Last-Item,0.0,
100479,Avg-Last-10,0.0,
100479,Recency-Weighted,0.0,
100479,Essence (K=15),0.04,
100520,Random,0.0,
100520,Popularity,0.0,
100520,CF (ItemKNN),0.0,
100520,Content (Avg Emb),0.0,
100520,Last-Item,0.0,
100520,Avg-Last-10,0.0,
100520,Recency-Weighted,0.0,
100520,Essence (K=15),0.0,
100569,Random,0.0,
100569,Popularity,0.0,
100569,CF (ItemKNN),0.2857142857142857,
100569,Content (Avg Emb),0.0,
100569,Last-Item,0.0,
100569,Avg-Last-10,0.0,
100569,Recency-Weighted,0.0,
100569,Essence (K=15),0.0,
100764,Random,0.0,0.0
100764,Popularity,0.0,0.0
100764,CF (ItemKNN),0.0,0.0
100764,Content (Avg Emb),0.0,0.0
100764,Last-Item,0.1,0.5
100764,Avg-Last-10,0.0,0.0
100764,Recency-Weighted,0.0,0.0
100764,Essence (K=15),0.0,0.0
100767,Random,0.0,
100767,Popularity,0.0,
100767,CF (ItemKNN),0.0,
100767,Content (Avg Emb),0.0,
100767,Last-Item,0.0,
100767,Avg-Last-10,0.0,
100767,Recency-Weighted,0.0,
100767,Essence (K=15),0.03225806451612903,
100874,Random,0.0,
100874,Popularity,0.06666666666666667,
100874,CF (ItemKNN),0.2,
100874,Content (Avg Emb),0.0,
100874,Last-Item,0.0,
100874,Avg-Last-10,0.0,
100874,Recency-Weighted,0.0,
100874,Essence (K=15),0.0,
100985,Random,0.0,
100985,Popularity,0.07692307692307693,
100985,CF (ItemKNN),0.07692307692307693,
100985,Content (Avg Emb),0.07692307692307693,
100985,Last-Item,0.0,
100985,Avg-Last-10,0.0,
100985,Recency-Weighted,0.0,
100985,Essence (K=15),0.0,
101001,Random,0.0,
101001,Popularity,0.16666666666666666,
101001,CF (ItemKNN),0.0,
101001,Content (Avg Emb),0.0,
101001,Last-Item,0.0,
101001,Avg-Last-10,0.0,
101001,Recency-Weighted,0.0,
101001,Essence (K=15),0.0,
101032,Random,0.0,
101032,Popularity,0.14285714285714285,
101032,CF (ItemKNN),0.14285714285714285,
101032,Content (Avg Emb),0.0,
101032,Last-Item,0.0,
101032,Avg-Last-10,0.0,
101032,Recency-Weighted,0.0,
101032,Essence (K=15),0.0,
101069,Random,0.0,
101069,Popularity,0.16666666666666666,
101069,CF (ItemKNN),0.5,
101069,Content (Avg Emb),0.0,
101069,Last-Item,0.0,
101069,Avg-Last-10,0.0,
101069,Recency-Weighted,0.0,
101069,Essence (K=15),0.0,
101292,Random,0.0,0.0
101292,Popularity,0.0,0.0
101292,CF (ItemKNN),0.0,0.0
101292,Content (Avg Emb),0.0,0.0
101292,Last-Item,0.0,0.0
101292,Avg-Last-10,0.0,0.0
101292,Recency-Weighted,0.0,0.0
101292,Essence (K=15),0.0,0.0
101348,Random,0.0,
101348,Popularity,0.2857142857142857,
101348,CF (ItemKNN),0.14285714285714285,
101348,Content (Avg Emb),0.0,
101348,Last-Item,0.0,
101348,Avg-Last-10,0.0,
101348,Recency-Weighted,0.0,
101348,Essence (K=15),0.0,
101514,Random,0.0,0.0
101514,Popularity,0.037037037037037035,0.0
101514,CF (ItemKNN),0.037037037037037035,0.0
101514,Content (Avg Emb),0.0,0.0
101514,Last-Item,0.037037037037037035,0.0
101514,Avg-Last-10,0.037037037037037035,0.0
101514,Recency-Weighted,0.037037037037037035,0.0
101514,Essence (K=15),0.037037037037037035,0.0
101731,Random,0.0,
101731,Popularity,0.07692307692307693,
101731,CF (ItemKNN),0.0,
101731,Content (Avg Emb),0.0,
101731,Last-Item,0.0,
101731,Avg-Last-10,0.0,
101731,Recency-Weighted,0.0,
101731,Essence (K=15),0.0,
101982,Random,0.0,0.0
101982,Popularity,0.0,0.0
101982,CF (ItemKNN),0.037037037037037035,0.0
101982,Content (Avg Emb),0.0,0.0
101982,Last-Item,0.0,0.0
101982,Avg-Last-10,0.0,0.0
101982,Recency-Weighted,0.0,0.0
101982,Essence (K=15),0.0,0.0
102102,Random,0.0,0.0
102102,Popularity,0.0,0.0
102102,CF (ItemKNN),0.0,0.0
102102,Content (Avg Emb),0.0,0.0
102102,Last-Item,0.0,0.0
102102,Avg-Last-10,0.0,0.0
102102,Recency-Weighted,0.0,0.0
102102,Essence (K=15),0.0,0.0
102118,Random,0.0,0.0
102118,Popularity,0.0,0.0
102118,CF (ItemKNN),0.09090909090909091,0.0
102118,Content (Avg Emb),0.0,0.0
102118,Last-Item,0.0,0.0
102118,Avg-Last-10,0.0,0.0
102118,Recency-Weighted,0.0,0.0
102118,Essence (K=15),0.0,0.0
102153,Random,0.0,
102153,Popularity,0.0,
102153,CF (ItemKNN),0.0,
102153,Content (Avg Emb),0.0,
102153,Last-Item,0.0,
102153,Avg-Last-10,0.0,
102153,Recency-Weighted,0.0,
102153,Essence (K=15),0.0,
102387,Random,0.0,
102387,Popularity,0.0,
102387,CF (ItemKNN),0.0,
102387,Content (Avg Emb),0.0,
102387,Last-Item,0.125,
102387,Avg-Last-10,0.0,
102387,Recency-Weighted,0.125,
102387,Essence (K=15),0.0,
102400,Random,0.0,
102400,Popularity,0.1875,
102400,CF (ItemKNN),0.25,
102400,Content (Avg Emb),0.0,
102400,Last-Item,0.0625,
102400,Avg-Last-10,0.0,
102400,Recency-Weighted,0.0,
102400,Essence (K=15),0.0,
102447,Random,0.0,0.0
102447,Popularity,0.0,0.0
102447,CF (ItemKNN),0.0,0.0
102447,Content (Avg Emb),0.0,0.0
102447,Last-Item,0.0,0.0
102447,Avg-Last-10,0.0,0.0
102447,Recency-Weighted,0.0,0.0
102447,Essence (K=15),0.0,0.0
102570,Random,0.0,
102570,Popularity,0.16666666666666666,
102570,CF (ItemKNN),0.0,
102570,Content (Avg Emb),0.0,
102570,Last-Item,0.0,
102570,Avg-Last-10,0.0,
102570,Recency-Weighted,0.0,
102570,Essence (K=15),0.0,
102576,Random,0.0,
102576,Popularity,0.0,
102576,CF (ItemKNN),0.0,
102576,Content (Avg Emb),0.0,
102576,Last-Item,0.0,
102576,Avg-Last-10,0.0,
102576,Recency-Weighted,0.0,
102576,Essence (K=15),0.0,
102627,Random,0.0,
102627,Popularity,0.1111111111111111,
102627,CF (ItemKNN),0.1111111111111111,
102627,Content (Avg Emb),0.0,
102627,Last-Item,0.0,
102627,Avg-Last-10,0.0,
102627,Recency-Weighted,0.0,
102627,Essence (K=15),0.0,
102727,Random,0.0,
102727,Popularity,0.0,
102727,CF (ItemKNN),0.0,
102727,Content (Avg Emb),0.0,
102727,Last-Item,0.0,
102727,Avg-Last-10,0.0,
102727,Recency-Weighted,0.0,
102727,Essence (K=15),0.0,
102813,Random,0.0,
102813,Popularity,0.0,
102813,CF (ItemKNN),0.0,
102813,Content (Avg Emb),0.0,
102813,Last-Item,0.0,
102813,Avg-Last-10,0.0,
102813,Recency-Weighted,0.0,
102813,Essence (K=15),0.0,
102836,Random,0.0,
102836,Popularity,0.0,
102836,CF (ItemKNN),0.0,
102836,Content (Avg Emb),0.0,
102836,Last-Item,0.0,
102836,Avg-Last-10,0.0,
102836,Recency-Weighted,0.0,
102836,Essence (K=15),0.0,
102842,Random,0.0,
102842,Popularity,0.0,
102842,CF (ItemKNN),0.0,
102842,Content (Avg Emb),0.0,
102842,Last-Item,0.0,
102842,Avg-Last-10,0.0,
102842,Recency-Weighted,0.0,
102842,Essence (K=15),0.0,
102942,Random,0.0,
102942,Popularity,0.125,
102942,CF (ItemKNN),0.125,
102942,Content (Avg Emb),0.0,
102942,Last-Item,0.0,
102942,Avg-Last-10,0.0,
102942,Recency-Weighted,0.0,
102942,Essence (K=15),0.0,
102953,Random,0.0,
102953,Popularity,0.0,
102953,CF (ItemKNN),0.0,
102953,Content (Avg Emb),0.0,
102953,Last-Item,0.0,
102953,Avg-Last-10,0.0,
102953,Recency-Weighted,0.0,
102953,Essence (K=15),0.0,
102969,Random,0.0,
102969,Popularity,0.06666666666666667,
102969,CF (ItemKNN),0.06666666666666667,
102969,Content (Avg Emb),0.0,
102969,Last-Item,0.0,
102969,Avg-Last-10,0.0,
102969,Recency-Weighted,0.0,
102969,Essence (K=15),0.0,
103277,Random,0.0,
103277,Popularity,0.05555555555555555,
103277,CF (ItemKNN),0.0,
103277,Content (Avg Emb),0.0,
103277,Last-Item,0.0,
103277,Avg-Last-10,0.0,
103277,Recency-Weighted,0.0,
103277,Essence (K=15),0.0,
103304,Random,0.0,
103304,Popularity,0.0,
103304,CF (ItemKNN),0.2857142857142857,
103304,Content (Avg Emb),0.0,
103304,Last-Item,0.0,
103304,Avg-Last-10,0.0,
103304,Recency-Weighted,0.0,
103304,Essence (K=15),0.0,
103310,Random,0.0,
103310,Popularity,0.02702702702702703,
103310,CF (ItemKNN),0.0,
103310,Content (Avg Emb),0.0,
103310,Last-Item,0.0,
103310,Avg-Last-10,0.0,
103310,Recency-Weighted,0.0,
103310,Essence (K=15),0.0,
103400,Random,0.0,0.0
103400,Popularity,0.3333333333333333,0.0
103400,CF (ItemKNN),0.6666666666666666,0.0
103400,Content (Avg Emb),0.0,0.0
103400,Last-Item,0.0,0.0
103400,Avg-Last-10,0.0,0.0
103400,Recency-Weighted,0.0,0.0
103400,Essence (K=15),0.0,0.0
103473,Random,0.0,
103473,Popularity,0.1,
103473,CF (ItemKNN),0.3,
103473,Content (Avg Emb),0.0,
103473,Last-Item,0.0,
103473,Avg-Last-10,0.0,
103473,Recency-Weighted,0.0,
103473,Essence (K=15),0.0,
103527,Random,0.0,
103527,Popularity,0.0,
103527,CF (ItemKNN),0.0,
103527,Content (Avg Emb),0.0,
103527,Last-Item,0.0,
103527,Avg-Last-10,0.0,
103527,Recency-Weighted,0.0,
103527,Essence (K=15),0.0,
103748,Random,0.0,
103748,Popularity,0.07692307692307693,
103748,CF (ItemKNN),0.07692307692307693,
103748,Content (Avg Emb),0.0,
103748,Last-Item,0.0,
103748,Avg-Last-10,0.0,
103748,Recency-Weighted,0.0,
103748,Essence (K=15),0.0,
103831,Random,0.0,0.0
103831,Popularity,0.0,0.0
103831,CF (ItemKNN),0.06666666666666667,0.0
103831,Content (Avg Emb),0.0,0.0
103831,Last-Item,0.0,0.0
103831,Avg-Last-10,0.0,0.0
103831,Recency-Weighted,0.0,0.0
103831,Essence (K=15),0.0,0.0
103882,Random,0.0,
103882,Popularity,0.0,
103882,CF (ItemKNN),0.1,
103882,Content (Avg Emb),0.0,
103882,Last-Item,0.0,
103882,Avg-Last-10,0.0,
103882,Recency-Weighted,0.0,
103882,Essence (K=15),0.1,
104051,Random,0.0,
104051,Popularity,0.0,
104051,CF (ItemKNN),0.0,
104051,Content (Avg Emb),0.0,
104051,Last-Item,0.0,
104051,Avg-Last-10,0.0,
104051,Recency-Weighted,0.0,
104051,Essence (K=15),0.0,
104114,Random,0.0,
104114,Popularity,0.0,
104114,CF (ItemKNN),0.0,
104114,Content (Avg Emb),0.0,
104114,Last-Item,0.0,
104114,Avg-Last-10,0.0,
104114,Recency-Weighted,0.0,
104114,Essence (K=15),0.0,
104388,Random,0.0,0.0
104388,Popularity,0.0,0.0
104388,CF (ItemKNN),0.2,0.0
104388,Content (Avg Emb),0.0,0.0
104388,Last-Item,0.0,0.0
104388,Avg-Last-10,0.0,0.0
104388,Recency-Weighted,0.0,0.0
104388,Essence (K=15),0.0,0.0
104541,Random,0.0,
104541,Popularity,0.0,
104541,CF (ItemKNN),0.05,
104541,Content (Avg Emb),0.0,
104541,Last-Item,0.05,
104541,Avg-Last-10,0.0,
104541,Recency-Weighted,0.0,
104541,Essence (K=15),0.0,
104641,Random,0.0,
104641,Popularity,0.08333333333333333,
104641,CF (ItemKNN),0.08333333333333333,
104641,Content (Avg Emb),0.0,
104641,Last-Item,0.0,
104641,Avg-Last-10,0.0,
104641,Recency-Weighted,0.0,
104641,Essence (K=15),0.0,
104726,Random,0.0,0.0
104726,Popularity,0.0,0.0
104726,CF (ItemKNN),0.0,0.0
104726,Content (Avg Emb),0.0,0.0
104726,Last-Item,0.0,0.0
104726,Avg-Last-10,0.0,0.0
104726,Recency-Weighted,0.0,0.0
104726,Essence (K=15),0.0,0.0
104829,Random,0.0,
104829,Popularity,0.0,
104829,CF (ItemKNN),0.15384615384615385,
104829,Content (Avg Emb),0.0,
104829,Last-Item,0.0,
104829,Avg-Last-10,0.07692307692307693,
104829,Recency-Weighted,0.0,
104829,Essence (K=15),0.0,
104866,Random,0.0,0.0
104866,Popularity,0.0,0.0
104866,CF (ItemKNN),0.0,0.0
104866,Content (Avg Emb),0.0,0.0
104866,Last-Item,0.0,0.0
104866,Avg-Last-10,0.0,0.0
104866,Recency-Weighted,0.0,0.0
104866,Essence (K=15),0.0,0.0
104898,Random,0.0,
104898,Popularity,0.0,
104898,CF (ItemKNN),0.08333333333333333,
104898,Content (Avg Emb),0.0,
104898,Last-Item,0.08333333333333333,
104898,Avg-Last-10,0.0,
104898,Recency-Weighted,0.0,
104898,Essence (K=15),0.0,
105121,Random,0.0,
105121,Popularity,0.0,
105121,CF (ItemKNN),0.0,
105121,Content (Avg Emb),0.0,
105121,Last-Item,0.0,
105121,Avg-Last-10,0.0,
105121,Recency-Weighted,0.0,
105121,Essence (K=15),0.0,
105160,Random,0.0,
105160,Popularity,0.0,
105160,CF (ItemKNN),0.0,
105160,Content (Avg Emb),0.0,
105160,Last-Item,0.0,
105160,Avg-Last-10,0.0,
105160,Recency-Weighted,0.0,
105160,Essence (K=15),0.0,
105182,Random,0.0,
105182,Popularity,0.25,
105182,CF (ItemKNN),0.25,
105182,Content (Avg Emb),0.0,
105182,Last-Item,0.0,
105182,Avg-Last-10,0.0,
105182,Recency-Weighted,0.0,
105182,Essence (K=15),0.0,
105283,Random,0.0,
105283,Popularity,0.0,
105283,CF (ItemKNN),0.0,
105283,Content (Avg Emb),0.0,
105283,Last-Item,0.0,
105283,Avg-Last-10,0.0,
105283,Recency-Weighted,0.0,
105283,Essence (K=15),0.0,
105309,Random,0.0,
105309,Popularity,0.16666666666666666,
105309,CF (ItemKNN),0.0,
105309,Content (Avg Emb),0.0,
105309,Last-Item,0.16666666666666666,
105309,Avg-Last-10,0.0,
105309,Recency-Weighted,0.0,
105309,Essence (K=15),0.16666666666666666,
105328,Random,0.0,
105328,Popularity,0.0,
105328,CF (ItemKNN),0.14285714285714285,
105328,Content (Avg Emb),0.0,
105328,Last-Item,0.0,
105328,Avg-Last-10,0.0,
105328,Recency-Weighted,0.0,
105328,Essence (K=15),0.0,
105570,Random,0.0,
105570,Popularity,0.0,
105570,CF (ItemKNN),0.0,
105570,Content (Avg Emb),0.0,
105570,Last-Item,0.0,
105570,Avg-Last-10,0.0,
105570,Recency-Weighted,0.0,
105570,Essence (K=15),0.0,
105926,Random,0.0,
105926,Popularity,0.0,
105926,CF (ItemKNN),0.0,
105926,Content (Avg Emb),0.0,
105926,Last-Item,0.0,
105926,Avg-Last-10,0.0,
105926,Recency-Weighted,0.0,
105926,Essence (K=15),0.0,
105986,Random,0.0,0.0
105986,Popularity,0.0,0.0
105986,CF (ItemKNN),0.047619047619047616,0.0
105986,Content (Avg Emb),0.0,0.0
105986,Last-Item,0.0,0.0
105986,Avg-Last-10,0.0,0.0
105986,Recency-Weighted,0.0,0.0
105986,Essence (K=15),0.0,0.0
106001,Random,0.0,
106001,Popularity,0.0,
106001,CF (ItemKNN),0.2,
106001,Content (Avg Emb),0.0,
106001,Last-Item,0.0,
106001,Avg-Last-10,0.0,
106001,Recency-Weighted,0.0,
106001,Essence (K=15),0.0,
106057,Random,0.0,
106057,Popularity,0.0,
106057,CF (ItemKNN),0.0,
106057,Content (Avg Emb),0.0,
106057,Last-Item,0.0,
106057,Avg-Last-10,0.0,
106057,Recency-Weighted,0.0,
106057,Essence (K=15),0.0,
106240,Random,0.0,
106240,Popularity,0.0,
106240,CF (ItemKNN),0.0,
106240,Content (Avg Emb),0.0,
106240,Last-Item,0.0,
106240,Avg-Last-10,0.0,
106240,Recency-Weighted,0.0,
106240,Essence (K=15),0.0,
106255,Random,0.0,0.0
106255,Popularity,0.02631578947368421,0.0
106255,CF (ItemKNN),0.02631578947368421,0.0
106255,Content (Avg Emb),0.0,0.0
106255,Last-Item,0.0,0.0
106255,Avg-Last-10,0.0,0.0
106255,Recency-Weighted,0.0,0.0
106255,Essence (K=15),0.0,0.0
106268,Random,0.0,
106268,Popularity,0.16666666666666666,
106268,CF (ItemKNN),0.16666666666666666,
106268,Content (Avg Emb),0.0,
106268,Last-Item,0.0,
106268,Avg-Last-10,0.0,
106268,Recency-Weighted,0.0,
106268,Essence (K=15),0.0,
106277,Random,0.0,0.0
106277,Popularity,0.0,0.0
106277,CF (ItemKNN),0.2,0.0
106277,Content (Avg Emb),0.0,0.0
106277,Last-Item,0.0,0.0
106277,Avg-Last-10,0.0,0.0
106277,Recency-Weighted,0.0,0.0
106277,Essence (K=15),0.0,0.0
106394,Random,0.0,
106394,Popularity,0.0,
106394,CF (ItemKNN),0.0,
106394,Content (Avg Emb),0.0,
106394,Last-Item,0.0,
106394,Avg-Last-10,0.0,
106394,Recency-Weighted,0.0,
106394,Essence (K=15),0.0,
106395,Random,0.0,
106395,Popularity,0.0,
106395,CF (ItemKNN),0.0,
106395,Content (Avg Emb),0.0,
106395,Last-Item,0.0,
106395,Avg-Last-10,0.0,
106395,Recency-Weighted,0.0,
106395,Essence (K=15),0.030303030303030304,
106456,Random,0.0,
106456,Popularity,0.0,
106456,CF (ItemKNN),0.75,
106456,Content (Avg Emb),0.0,
106456,Last-Item,0.0,
106456,Avg-Last-10,0.0,
106456,Recency-Weighted,0.0,
106456,Essence (K=15),0.0,
106540,Random,0.0,
106540,Popularity,0.4,
106540,CF (ItemKNN),0.4,
106540,Content (Avg Emb),0.0,
106540,Last-Item,0.0,
106540,Avg-Last-10,0.0,
106540,Recency-Weighted,0.0,
106540,Essence (K=15),0.0,
106587,Random,0.0,0.0
106587,Popularity,0.03125,0.0
106587,CF (ItemKNN),0.09375,0.0
106587,Content (Avg Emb),0.0,0.0
106587,Last-Item,0.03125,0.0
106587,Avg-Last-10,0.0,0.0
106587,Recency-Weighted,0.0,0.0
106587,Essence (K=15),0.0,0.0
106832,Random,0.0,
106832,Popularity,0.0,
106832,CF (ItemKNN),0.0,
106832,Content (Avg Emb),0.0,
106832,Last-Item,0.0,
106832,Avg-Last-10,0.0,
106832,Recency-Weighted,0.0,
106832,Essence (K=15),0.05555555555555555,
106856,Random,0.0,
106856,Popularity,0.0,
106856,CF (ItemKNN),0.043478260869565216,
106856,Content (Avg Emb),0.0,
106856,Last-Item,0.0,
106856,Avg-Last-10,0.0,
106856,Recency-Weighted,0.0,
106856,Essence (K=15),0.0,
106914,Random,0.0,0.0
106914,Popularity,0.0,0.0
106914,CF (ItemKNN),0.0,0.0
106914,Content (Avg Emb),0.0,0.0
106914,Last-Item,0.0,0.0
106914,Avg-Last-10,0.0,0.0
106914,Recency-Weighted,0.0,0.0
106914,Essence (K=15),0.0,0.0
106971,Random,0.0,
106971,Popularity,0.0,
106971,CF (ItemKNN),0.0,
106971,Content (Avg Emb),0.0,
106971,Last-Item,0.0,
106971,Avg-Last-10,0.0,
106971,Recency-Weighted,0.0,
106971,Essence (K=15),0.0,
106986,Random,0.0,0.0
106986,Popularity,0.0,0.0
106986,CF (ItemKNN),0.02857142857142857,0.0
106986,Content (Avg Emb),0.0,0.0
106986,Last-Item,0.0,0.0
106986,Avg-Last-10,0.0,0.0
106986,Recency-Weighted,0.0,0.0
106986,Essence (K=15),0.0,0.0
107278,Random,0.0,
107278,Popularity,0.0,
107278,CF (ItemKNN),0.2222222222222222,
107278,Content (Avg Emb),0.0,
107278,Last-Item,0.0,
107278,Avg-Last-10,0.0,
107278,Recency-Weighted,0.0,
107278,Essence (K=15),0.0,
107283,Random,0.0,
107283,Popularity,0.0,
107283,CF (ItemKNN),0.08333333333333333,
107283,Content (Avg Emb),0.0,
107283,Last-Item,0.0,
107283,Avg-Last-10,0.0,
107283,Recency-Weighted,0.0,
107283,Essence (K=15),0.0,
107506,Random,0.0,
107506,Popularity,0.0,
107506,CF (ItemKNN),0.0,
107506,Content (Avg Emb),0.0,
107506,Last-Item,0.0,
107506,Avg-Last-10,0.0,
107506,Recency-Weighted,0.0,
107506,Essence (K=15),0.0,
107583,Random,0.0,0.0
107583,Popularity,0.18181818181818182,0.0
107583,CF (ItemKNN),0.18181818181818182,0.0
107583,Content (Avg Emb),0.0,0.0
107583,Last-Item,0.0,0.0
107583,Avg-Last-10,0.0,0.0
107583,Recency-Weighted,0.0,0.0
107583,Essence (K=15),0.0,0.0
107685,Random,0.0,
107685,Popularity,0.0,
107685,CF (ItemKNN),0.0,
107685,Content (Avg Emb),0.0,
107685,Last-Item,0.0,
107685,Avg-Last-10,0.0,
107685,Recency-Weighted,0.0,
107685,Essence (K=15),0.07692307692307693,
107688,Random,0.0,
107688,Popularity,0.0,
107688,CF (ItemKNN),0.5,
107688,Content (Avg Emb),0.0,
107688,Last-Item,0.0,
107688,Avg-Last-10,0.0,
107688,Recency-Weighted,0.0,
107688,Essence (K=15),0.0,
107746,Random,0.0,
107746,Popularity,0.10526315789473684,
107746,CF (ItemKNN),0.0,
107746,Content (Avg Emb),0.0,
107746,Last-Item,0.0,
107746,Avg-Last-10,0.0,
107746,Recency-Weighted,0.0,
107746,Essence (K=15),0.0,
107801,Random,0.0,
107801,Popularity,0.0,
107801,CF (ItemKNN),0.0,
107801,Content (Avg Emb),0.0,
107801,Last-Item,0.0,
107801,Avg-Last-10,0.0,
107801,Recency-Weighted,0.0,
107801,Essence (K=15),0.0,
107830,Random,0.0,
107830,Popularity,0.0,
107830,CF (ItemKNN),0.0,
107830,Content (Avg Emb),0.0,
107830,Last-Item,0.0,
107830,Avg-Last-10,0.0,
107830,Recency-Weighted,0.0,
107830,Essence (K=15),0.0,
108018,Random,0.0,
108018,Popularity,0.0,
108018,CF (ItemKNN),0.19047619047619047,
108018,Content (Avg Emb),0.0,
108018,Last-Item,0.0,
108018,Avg-Last-10,0.0,
108018,Recency-Weighted,0.0,
108018,Essence (K=15),0.0,
108060,Random,0.0,
108060,Popularity,0.14285714285714285,
108060,CF (ItemKNN),0.5714285714285714,
108060,Content (Avg Emb),0.0,
108060,Last-Item,0.0,
108060,Avg-Last-10,0.0,
108060,Recency-Weighted,0.0,
108060,Essence (K=15),0.0,
108067,Random,0.0,
108067,Popularity,0.2857142857142857,
108067,CF (ItemKNN),0.14285714285714285,
108067,Content (Avg Emb),0.0,
108067,Last-Item,0.0,
108067,Avg-Last-10,0.0,
108067,Recency-Weighted,0.0,
108067,Essence (K=15),0.0,
108149,Random,0.05555555555555555,
108149,Popularity,0.0,
108149,CF (ItemKNN),0.0,
108149,Content (Avg Emb),0.0,
108149,Last-Item,0.0,
108149,Avg-Last-10,0.0,
108149,Recency-Weighted,0.0,
108149,Essence (K=15),0.0,
108214,Random,0.0,
108214,Popularity,0.4,
108214,CF (ItemKNN),0.4,
108214,Content (Avg Emb),0.0,
108214,Last-Item,0.0,
108214,Avg-Last-10,0.0,
108214,Recency-Weighted,0.0,
108214,Essence (K=15),0.0,
108550,Random,0.0,
108550,Popularity,0.14285714285714285,
108550,CF (ItemKNN),0.14285714285714285,
108550,Content (Avg Emb),0.0,
108550,Last-Item,0.0,
108550,Avg-Last-10,0.0,
108550,Recency-Weighted,0.0,
108550,Essence (K=15),0.0,
108598,Random,0.0,0.0
108598,Popularity,0.0,0.0
108598,CF (ItemKNN),0.0,0.0
108598,Content (Avg Emb),0.0,0.0
108598,Last-Item,0.0,0.0
108598,Avg-Last-10,0.0,0.0
108598,Recency-Weighted,0.0,0.0
108598,Essence (K=15),0.0,0.0
108716,Random,0.0,
108716,Popularity,0.13333333333333333,
108716,CF (ItemKNN),0.13333333333333333,
108716,Content (Avg Emb),0.0,
108716,Last-Item,0.0,
108716,Avg-Last-10,0.0,
108716,Recency-Weighted,0.0,
108716,Essence (K=15),0.0,
108974,Random,0.0,0.0
108974,Popularity,0.18181818181818182,0.0
108974,CF (ItemKNN),0.0,0.0
108974,Content (Avg Emb),0.0,0.0
108974,Last-Item,0.0,0.0
108974,Avg-Last-10,0.0,0.0
108974,Recency-Weighted,0.0,0.0
108974,Essence (K=15),0.09090909090909091,0.0
109131,Random,0.0,
109131,Popularity,0.0,
109131,CF (ItemKNN),0.0,
109131,Content (Avg Emb),0.0,
109131,Last-Item,0.0,
109131,Avg-Last-10,0.0,
109131,Recency-Weighted,0.0,
109131,Essence (K=15),0.0,
109147,Random,0.0,0.0
109147,Popularity,0.0,0.0
109147,CF (ItemKNN),0.0,0.0
109147,Content (Avg Emb),0.0,0.0
109147,Last-Item,0.0,0.0
109147,Avg-Last-10,0.0,0.0
109147,Recency-Weighted,0.0,0.0
109147,Essence (K=15),0.0,0.0
109158,Random,0.0,0.0
109158,Popularity,0.0,0.0
109158,CF (ItemKNN),0.0,0.0
109158,Content (Avg Emb),0.0,0.0
109158,Last-Item,0.0,0.0
109158,Avg-Last-10,0.0,0.0
109158,Recency-Weighted,0.0,0.0
109158,Essence (K=15),0.0,0.0
109204,Random,0.0,0.0
109204,Popularity,0.0,0.0
109204,CF (ItemKNN),0.0,0.0
109204,Content (Avg Emb),0.0,0.0
109204,Last-Item,0.0,0.0
109204,Avg-Last-10,0.0,0.0
109204,Recency-Weighted,0.0,0.0
109204,Essence (K=15),0.0,0.0
109234,Random,0.0,
109234,Popularity,0.0,
109234,CF (ItemKNN),0.0,
109234,Content (Avg Emb),0.0,
109234,Last-Item,0.0,
109234,Avg-Last-10,0.0,
109234,Recency-Weighted,0.0,
109234,Essence (K=15),0.0,
109279,Random,0.0,
109279,Popularity,0.0,
109279,CF (ItemKNN),0.0,
109279,Content (Avg Emb),0.0,
109279,Last-Item,0.0,
109279,Avg-Last-10,0.0,
109279,Recency-Weighted,0.0,
109279,Essence (K=15),0.0,
109301,Random,0.1111111111111111,
109301,Popularity,0.0,
109301,CF (ItemKNN),0.1111111111111111,
109301,Content (Avg Emb),0.0,
109301,Last-Item,0.0,
109301,Avg-Last-10,0.0,
109301,Recency-Weighted,0.0,
109301,Essence (K=15),0.0,
109352,Random,0.0,
109352,Popularity,0.0,
109352,CF (ItemKNN),0.0,
109352,Content (Avg Emb),0.0,
109352,Last-Item,0.0,
109352,Avg-Last-10,0.0,
109352,Recency-Weighted,0.0,
109352,Essence (K=15),0.0,
109416,Random,0.0,
109416,Popularity,0.0,
109416,CF (ItemKNN),0.05,
109416,Content (Avg Emb),0.0,
109416,Last-Item,0.0,
109416,Avg-Last-10,0.0,
109416,Recency-Weighted,0.0,
109416,Essence (K=15),0.0,
109542,Random,0.0,
109542,Popularity,0.1111111111111111,
109542,CF (ItemKNN),0.1111111111111111,
109542,Content (Avg Emb),0.0,
109542,Last-Item,0.1111111111111111,
109542,Avg-Last-10,0.0,
109542,Recency-Weighted,0.0,
109542,Essence (K=15),0.0,
109582,Random,0.0,
109582,Popularity,0.0,
109582,CF (ItemKNN),0.16666666666666666,
109582,Content (Avg Emb),0.0,
109582,Last-Item,0.0,
109582,Avg-Last-10,0.0,
109582,Recency-Weighted,0.0,
109582,Essence (K=15),0.0,
109609,Random,0.0,0.0
109609,Popularity,0.0,0.0
109609,CF (ItemKNN),0.0,0.0
109609,Content (Avg Emb),0.0,0.0
109609,Last-Item,0.0,0.0
109609,Avg-Last-10,0.0,0.0
109609,Recency-Weighted,0.0,0.0
109609,Essence (K=15),0.0,0.0
109688,Random,0.0,
109688,Popularity,0.5,
109688,CF (ItemKNN),0.5,
109688,Content (Avg Emb),0.25,
109688,Last-Item,0.0,
109688,Avg-Last-10,0.25,
109688,Recency-Weighted,0.25,
109688,Essence (K=15),0.0,
109897,Random,0.0,
109897,Popularity,0.14285714285714285,
109897,CF (ItemKNN),0.2857142857142857,
109897,Content (Avg Emb),0.0,
109897,Last-Item,0.0,
109897,Avg-Last-10,0.0,
109897,Recency-Weighted,0.0,
109897,Essence (K=15),0.0,
109924,Random,0.0,
109924,Popularity,0.0,
109924,CF (ItemKNN),0.4,
109924,Content (Avg Emb),0.0,
109924,Last-Item,0.0,
109924,Avg-Last-10,0.0,
109924,Recency-Weighted,0.0,
109924,Essence (K=15),0.0,
109951,Random,0.0,
109951,Popularity,0.0,
109951,CF (ItemKNN),0.0,
109951,Content (Avg Emb),0.0,
109951,Last-Item,0.2,
109951,Avg-Last-10,0.0,
109951,Recency-Weighted,0.2,
109951,Essence (K=15),0.0,
109952,Random,0.0,0.0
109952,Popularity,0.0,0.0
109952,CF (ItemKNN),0.06666666666666667,0.0
109952,Content (Avg Emb),0.0,0.0
109952,Last-Item,0.0,0.0
109952,Avg-Last-10,0.0,0.0
109952,Recency-Weighted,0.0,0.0
109952,Essence (K=15),0.0,0.0
109956,Random,0.0,
109956,Popularity,0.0,
109956,CF (ItemKNN),0.0625,
109956,Content (Avg Emb),0.0,
109956,Last-Item,0.0,
109956,Avg-Last-10,0.0,
109956,Recency-Weighted,0.0,
109956,Essence (K=15),0.0,
110145,Random,0.0,
110145,Popularity,0.038461538461538464,
110145,CF (ItemKNN),0.038461538461538464,
110145,Content (Avg Emb),0.0,
110145,Last-Item,0.0,
110145,Avg-Last-10,0.0,
110145,Recency-Weighted,0.0,
110145,Essence (K=15),0.0,
110155,Random,0.0,
110155,Popularity,0.2,
110155,CF (ItemKNN),0.6,
110155,Content (Avg Emb),0.0,
110155,Last-Item,0.0,
110155,Avg-Last-10,0.0,
110155,Recency-Weighted,0.0,
110155,Essence (K=15),0.0,
110379,Random,0.0,
110379,Popularity,0.045454545454545456,
110379,CF (ItemKNN),0.045454545454545456,
110379,Content (Avg Emb),0.0,
110379,Last-Item,0.0,
110379,Avg-Last-10,0.0,
110379,Recency-Weighted,0.0,
110379,Essence (K=15),0.0,
110471,Random,0.0,0.0
110471,Popularity,0.0,0.0
110471,CF (ItemKNN),0.125,0.0
110471,Content (Avg Emb),0.0,0.0
110471,Last-Item,0.0,0.0
110471,Avg-Last-10,0.0,0.0
110471,Recency-Weighted,0.0,0.0
110471,Essence (K=15),0.0,0.0
110492,Random,0.0,
110492,Popularity,0.11764705882352941,
110492,CF (ItemKNN),0.058823529411764705,
110492,Content (Avg Emb),0.0,
110492,Last-Item,0.0,
110492,Avg-Last-10,0.0,
110492,Recency-Weighted,0.0,
110492,Essence (K=15),0.0,
110509,Random,0.0,
110509,Popularity,0.025,
110509,CF (ItemKNN),0.025,
110509,Content (Avg Emb),0.0,
110509,Last-Item,0.0,
110509,Avg-Last-10,0.0,
110509,Recency-Weighted,0.0,
110509,Essence (K=15),0.025,
110584,Random,0.0,
110584,Popularity,0.07142857142857142,
110584,CF (ItemKNN),0.0,
110584,Content (Avg Emb),0.0,
110584,Last-Item,0.0,
110584,Avg-Last-10,0.0,
110584,Recency-Weighted,0.0,
110584,Essence (K=15),0.0,
110910,Random,0.0,
110910,Popularity,0.0,
110910,CF (ItemKNN),0.0,
110910,Content (Avg Emb),0.0,
110910,Last-Item,0.16666666666666666,
110910,Avg-Last-10,0.0,
110910,Recency-Weighted,0.16666666666666666,
110910,Essence (K=15),0.0,
110952,Random,0.0,
110952,Popularity,0.25,
110952,CF (ItemKNN),0.25,
110952,Content (Avg Emb),0.0,
110952,Last-Item,0.0,
110952,Avg-Last-10,0.0,
110952,Recency-Weighted,0.0,
110952,Essence (K=15),0.0,
111032,Random,0.0,
111032,Popularity,0.0,
111032,CF (ItemKNN),0.0,
111032,Content (Avg Emb),0.0,
111032,Last-Item,0.0,
111032,Avg-Last-10,0.0,
111032,Recency-Weighted,0.0,
111032,Essence (K=15),0.0,
111070,Random,0.0,
111070,Popularity,0.0,
111070,CF (ItemKNN),0.0,
111070,Content (Avg Emb),0.0,
111070,Last-Item,0.0,
111070,Avg-Last-10,0.0,
111070,Recency-Weighted,0.0,
111070,Essence (K=15),0.0,
111089,Random,0.0,
111089,Popularity,0.2,
111089,CF (ItemKNN),0.0,
111089,Content (Avg Emb),0.0,
111089,Last-Item,0.0,
111089,Avg-Last-10,0.0,
111089,Recency-Weighted,0.0,
111089,Essence (K=15),0.0,
111116,Random,0.0,
111116,Popularity,0.0,
111116,CF (ItemKNN),0.16666666666666666,
111116,Content (Avg Emb),0.0,
111116,Last-Item,0.16666666666666666,
111116,Avg-Last-10,0.0,
111116,Recency-Weighted,0.0,
111116,Essence (K=15),0.0,
111364,Random,0.0,0.0
111364,Popularity,0.08823529411764706,0.0
111364,CF (ItemKNN),0.11764705882352941,0.0
111364,Content (Avg Emb),0.0,0.0
111364,Last-Item,0.0,0.0
111364,Avg-Last-10,0.029411764705882353,0.0
111364,Recency-Weighted,0.0,0.0
111364,Essence (K=15),0.0,0.0
111419,Random,0.0,0.0
111419,Popularity,0.15,0.0
111419,CF (ItemKNN),0.1,0.0
111419,Content (Avg Emb),0.0,0.0
111419,Last-Item,0.0,0.0
111419,Avg-Last-10,0.0,0.0
111419,Recency-Weighted,0.0,0.0
111419,Essence (K=15),0.0,0.0
111703,Random,0.0,
111703,Popularity,0.75,
111703,CF (ItemKNN),0.25,
111703,Content (Avg Emb),0.0,
111703,Last-Item,0.0,
111703,Avg-Last-10,0.0,
111703,Recency-Weighted,0.0,
111703,Essence (K=15),0.0,
111716,Random,0.0,
111716,Popularity,0.0,
111716,CF (ItemKNN),0.0,
111716,Content (Avg Emb),0.0,
111716,Last-Item,0.0,
111716,Avg-Last-10,0.0,
111716,Recency-Weighted,0.0,
111716,Essence (K=15),0.0,
111774,Random,0.0,
111774,Popularity,0.0,
111774,CF (ItemKNN),0.0,
111774,Content (Avg Emb),0.14285714285714285,
111774,Last-Item,0.0,
111774,Avg-Last-10,0.14285714285714285,
111774,Recency-Weighted,0.14285714285714285,
111774,Essence (K=15),0.0,
111826,Random,0.0,
111826,Popularity,0.0,
111826,CF (ItemKNN),0.0,
111826,Content (Avg Emb),0.0,
111826,Last-Item,0.0,
111826,Avg-Last-10,0.0,
111826,Recency-Weighted,0.0,
111826,Essence (K=15),0.0,
111907,Random,0.0,
111907,Popularity,0.0,
111907,CF (ItemKNN),0.0,
111907,Content (Avg Emb),0.0,
111907,Last-Item,0.0,
111907,Avg-Last-10,0.0,
111907,Recency-Weighted,0.0,
111907,Essence (K=15),0.0,
111917,Random,0.0,
111917,Popularity,0.3076923076923077,
111917,CF (ItemKNN),0.23076923076923078,
111917,Content (Avg Emb),0.0,
111917,Last-Item,0.07692307692307693,
111917,Avg-Last-10,0.07692307692307693,
111917,Recency-Weighted,0.0,
111917,Essence (K=15),0.0,
111968,Random,0.0,
111968,Popularity,0.0,
111968,CF (ItemKNN),0.0,
111968,Content (Avg Emb),0.0,
111968,Last-Item,0.0,
111968,Avg-Last-10,0.0,
111968,Recency-Weighted,0.0,
111968,Essence (K=15),0.0,
111975,Random,0.0,
111975,Popularity,0.0,
111975,CF (ItemKNN),0.0,
111975,Content (Avg Emb),0.0,
111975,Last-Item,0.0,
111975,Avg-Last-10,0.0,
111975,Recency-Weighted,0.0,
111975,Essence (K=15),0.0,
112050,Random,0.04,
112050,Popularity,0.04,
112050,CF (ItemKNN),0.04,
112050,Content (Avg Emb),0.0,
112050,Last-Item,0.0,
112050,Avg-Last-10,0.0,
112050,Recency-Weighted,0.0,
112050,Essence (K=15),0.0,
112058,Random,0.0,
112058,Popularity,0.0,
112058,CF (ItemKNN),0.07142857142857142,
112058,Content (Avg Emb),0.0,
112058,Last-Item,0.0,
112058,Avg-Last-10,0.0,
112058,Recency-Weighted,0.0,
112058,Essence (K=15),0.0,
112061,Random,0.0,0.0
112061,Popularity,0.0,0.0
112061,CF (ItemKNN),0.125,0.0
112061,Content (Avg Emb),0.0,0.0
112061,Last-Item,0.0,0.0
112061,Avg-Last-10,0.0,0.0
112061,Recency-Weighted,0.0,0.0
112061,Essence (K=15),0.0,0.0
112274,Random,0.0,
112274,Popularity,0.07142857142857142,
112274,CF (ItemKNN),0.07142857142857142,
112274,Content (Avg Emb),0.0,
112274,Last-Item,0.0,
112274,Avg-Last-10,0.0,
112274,Recency-Weighted,0.0,
112274,Essence (K=15),0.0,
112378,Random,0.0,0.0
112378,Popularity,0.08823529411764706,0.0
112378,CF (ItemKNN),0.11764705882352941,0.0
112378,Content (Avg Emb),0.0,0.0
112378,Last-Item,0.0,0.0
112378,Avg-Last-10,0.0,0.0
112378,Recency-Weighted,0.0,0.0
112378,Essence (K=15),0.0,0.0
112550,Random,0.0,
112550,Popularity,0.0,
112550,CF (ItemKNN),0.0,
112550,Content (Avg Emb),0.0,
112550,Last-Item,0.0,
112550,Avg-Last-10,0.0,
112550,Recency-Weighted,0.0,
112550,Essence (K=15),0.0,
112571,Random,0.0,0.0
112571,Popularity,0.0,0.0
112571,CF (ItemKNN),0.0,0.0
112571,Content (Avg Emb),0.0,0.0
112571,Last-Item,0.0,0.0
112571,Avg-Last-10,0.0,0.0
112571,Recency-Weighted,0.0,0.0
112571,Essence (K=15),0.0,0.0
112673,Random,0.0,
112673,Popularity,0.09090909090909091,
112673,CF (ItemKNN),0.0,
112673,Content (Avg Emb),0.0,
112673,Last-Item,0.0,
112673,Avg-Last-10,0.0,
112673,Recency-Weighted,0.0,
112673,Essence (K=15),0.0,
112691,Random,0.0,
112691,Popularity,0.0,
112691,CF (ItemKNN),0.125,
112691,Content (Avg Emb),0.0,
112691,Last-Item,0.0,
112691,Avg-Last-10,0.125,
112691,Recency-Weighted,0.125,
112691,Essence (K=15),0.0,
112814,Random,0.0,
112814,Popularity,0.0,
112814,CF (ItemKNN),0.03571428571428571,
112814,Content (Avg Emb),0.0,
112814,Last-Item,0.0,
112814,Avg-Last-10,0.0,
112814,Recency-Weighted,0.0,
112814,Essence (K=15),0.0,
112926,Random,0.0,
112926,Popularity,0.0,
112926,CF (ItemKNN),0.0,
112926,Content (Avg Emb),0.0,
112926,Last-Item,0.0,
112926,Avg-Last-10,0.0,
112926,Recency-Weighted,0.0,
112926,Essence (K=15),0.0,
112943,Random,0.0,
112943,Popularity,0.0,
112943,CF (ItemKNN),0.0,
112943,Content (Avg Emb),0.0,
112943,Last-Item,0.0,
112943,Avg-Last-10,0.0,
112943,Recency-Weighted,0.0,
112943,Essence (K=15),0.0,
112973,Random,0.0,
112973,Popularity,0.0625,
112973,CF (ItemKNN),0.0625,
112973,Content (Avg Emb),0.0,
112973,Last-Item,0.0,
112973,Avg-Last-10,0.0,
112973,Recency-Weighted,0.0,
112973,Essence (K=15),0.0,
113090,Random,0.0,
113090,Popularity,0.16666666666666666,
113090,CF (ItemKNN),0.25,
113090,Content (Avg Emb),0.0,
113090,Last-Item,0.0,
113090,Avg-Last-10,0.0,
113090,Recency-Weighted,0.0,
113090,Essence (K=15),0.0,
113486,Random,0.0,
113486,Popularity,0.0,
113486,CF (ItemKNN),0.0,
113486,Content (Avg Emb),0.0,
113486,Last-Item,0.0,
113486,Avg-Last-10,0.0,
113486,Recency-Weighted,0.0,
113486,Essence (K=15),0.0,
113621,Random,0.0,0.0
113621,Popularity,0.0,0.0
113621,CF (ItemKNN),0.0,0.0
113621,Content (Avg Emb),0.0,0.0
113621,Last-Item,0.0,0.0
113621,Avg-Last-10,0.0,0.0
113621,Recency-Weighted,0.0,0.0
113621,Essence (K=15),0.0,0.0
113656,Random,0.0,
113656,Popularity,0.0,
113656,CF (ItemKNN),0.0,
113656,Content (Avg Emb),0.0,
113656,Last-Item,0.0,
113656,Avg-Last-10,0.0,
113656,Recency-Weighted,0.0,
113656,Essence (K=15),0.0,
113701,Random,0.0,0.0
113701,Popularity,0.0,0.0
113701,CF (ItemKNN),0.0,0.0
113701,Content (Avg Emb),0.0,0.0
113701,Last-Item,0.0,0.0
113701,Avg-Last-10,0.0,0.0
113701,Recency-Weighted,0.0,0.0
113701,Essence (K=15),0.0,0.0
113902,Random,0.0,
113902,Popularity,0.16666666666666666,
113902,CF (ItemKNN),0.3333333333333333,
113902,Content (Avg Emb),0.0,
113902,Last-Item,0.0,
113902,Avg-Last-10,0.0,
113902,Recency-Weighted,0.0,
113902,Essence (K=15),0.0,
113996,Random,0.0,
113996,Popularity,0.0,
113996,CF (ItemKNN),0.045454545454545456,
113996,Content (Avg Emb),0.0,
113996,Last-Item,0.0,
113996,Avg-Last-10,0.0,
113996,Recency-Weighted,0.0,
113996,Essence (K=15),0.0,
114091,Random,0.0,
114091,Popularity,0.0,
114091,CF (ItemKNN),0.25,
114091,Content (Avg Emb),0.0,
114091,Last-Item,0.0,
114091,Avg-Last-10,0.0,
114091,Recency-Weighted,0.0,
114091,Essence (K=15),0.0,
114107,Random,0.0,
114107,Popularity,0.0967741935483871,
114107,CF (ItemKNN),0.0967741935483871,
114107,Content (Avg Emb),0.0,
114107,Last-Item,0.0,
114107,Avg-Last-10,0.0,
114107,Recency-Weighted,0.0,
114107,Essence (K=15),0.0,
114132,Random,0.0,
114132,Popularity,0.0,
114132,CF (ItemKNN),0.875,
114132,Content (Avg Emb),0.0,
114132,Last-Item,0.0,
114132,Avg-Last-10,0.0,
114132,Recency-Weighted,0.0,
114132,Essence (K=15),0.0,
114393,Random,0.0,0.0
114393,Popularity,0.05263157894736842,0.0
114393,CF (ItemKNN),0.0,0.0
114393,Content (Avg Emb),0.0,0.0
114393,Last-Item,0.0,0.0
114393,Avg-Last-10,0.0,0.0
114393,Recency-Weighted,0.0,0.0
114393,Essence (K=15),0.05263157894736842,0.0
114462,Random,0.0,
114462,Popularity,0.08333333333333333,
114462,CF (ItemKNN),0.16666666666666666,
114462,Content (Avg Emb),0.0,
114462,Last-Item,0.0,
114462,Avg-Last-10,0.0,
114462,Recency-Weighted,0.0,
114462,Essence (K=15),0.0,
114520,Random,0.0,
114520,Popularity,0.0,
114520,CF (ItemKNN),0.0,
114520,Content (Avg Emb),0.0,
114520,Last-Item,0.0,
114520,Avg-Last-10,0.0,
114520,Recency-Weighted,0.0,
114520,Essence (K=15),0.0,
114539,Random,0.0,0.0
114539,Popularity,0.0,0.0
114539,CF (ItemKNN),0.0,0.0
114539,Content (Avg Emb),0.0,0.0
114539,Last-Item,0.0,0.0
114539,Avg-Last-10,0.0,0.0
114539,Recency-Weighted,0.0,0.0
114539,Essence (K=15),0.0,0.0
114719,Random,0.0,
114719,Popularity,0.041666666666666664,
114719,CF (ItemKNN),0.0,
114719,Content (Avg Emb),0.0,
114719,Last-Item,0.0,
114719,Avg-Last-10,0.0,
114719,Recency-Weighted,0.0,
114719,Essence (K=15),0.0,
114731,Random,0.0,0.0
114731,Popularity,0.0,0.0
114731,CF (ItemKNN),0.0,0.0
114731,Content (Avg Emb),0.0,0.0
114731,Last-Item,0.038461538461538464,0.0
114731,Avg-Last-10,0.038461538461538464,0.0
114731,Recency-Weighted,0.038461538461538464,0.0
114731,Essence (K=15),0.0,0.0
114766,Random,0.0,
114766,Popularity,0.0,
114766,CF (ItemKNN),0.0,
114766,Content (Avg Emb),0.0,
114766,Last-Item,0.0,
114766,Avg-Last-10,0.0,
114766,Recency-Weighted,0.0,
114766,Essence (K=15),0.0,
114846,Random,0.0,
114846,Popularity,0.041666666666666664,
114846,CF (ItemKNN),0.041666666666666664,
114846,Content (Avg Emb),0.0,
114846,Last-Item,0.0,
114846,Avg-Last-10,0.0,
114846,Recency-Weighted,0.0,
114846,Essence (K=15),0.0,
114857,Random,0.037037037037037035,
114857,Popularity,0.037037037037037035,
114857,CF (ItemKNN),0.037037037037037035,
114857,Content (Avg Emb),0.0,
114857,Last-Item,0.0,
114857,Avg-Last-10,0.0,
114857,Recency-Weighted,0.0,
114857,Essence (K=15),0.0,
114871,Random,0.0,
114871,Popularity,0.0,
114871,CF (ItemKNN),0.0,
114871,Content (Avg Emb),0.0,
114871,Last-Item,0.0,
114871,Avg-Last-10,0.0,
114871,Recency-Weighted,0.0,
114871,Essence (K=15),0.0,
114964,Random,0.0,0.0
114964,Popularity,0.0,0.0
114964,CF (ItemKNN),0.0,0.0
114964,Content (Avg Emb),0.0,0.0
114964,Last-Item,0.0,0.0
114964,Avg-Last-10,0.0,0.0
114964,Recency-Weighted,0.0,0.0
114964,Essence (K=15),0.0,0.0
115000,Random,0.0,
115000,Popularity,0.0,
115000,CF (ItemKNN),0.0,
115000,Content (Avg Emb),0.0,
115000,Last-Item,0.0,
115000,Avg-Last-10,0.0,
115000,Recency-Weighted,0.0,
115000,Essence (K=15),0.0,
115017,Random,0.0,
115017,Popularity,0.3333333333333333,
115017,CF (ItemKNN),0.0,
115017,Content (Avg Emb),0.0,
115017,Last-Item,0.0,
115017,Avg-Last-10,0.0,
115017,Recency-Weighted,0.0,
115017,Essence (K=15),0.0,
115040,Random,0.0,
115040,Popularity,0.0,
115040,CF (ItemKNN),0.0,
115040,Content (Avg Emb),0.0,
115040,Last-Item,0.0,
115040,Avg-Last-10,0.0,
115040,Recency-Weighted,0.0,
115040,Essence (K=15),0.0,
115044,Random,0.0,
115044,Popularity,0.3333333333333333,
115044,CF (ItemKNN),0.3333333333333333,
115044,Content (Avg Emb),0.0,
115044,Last-Item,0.0,
115044,Avg-Last-10,0.0,
115044,Recency-Weighted,0.0,
115044,Essence (K=15),0.0,
115062,Random,0.0,0.0
115062,Popularity,0.0,0.0
115062,CF (ItemKNN),0.0,0.0
115062,Content (Avg Emb),0.0,0.0
115062,Last-Item,0.0,0.0
115062,Avg-Last-10,0.0,0.0
115062,Recency-Weighted,0.0,0.0
115062,Essence (K=15),0.0,0.0
115083,Random,0.0,
115083,Popularity,0.0,
115083,CF (ItemKNN),0.0,
115083,Content (Avg Emb),0.0,
115083,Last-Item,0.0,
115083,Avg-Last-10,0.2,
115083,Recency-Weighted,0.1,
115083,Essence (K=15),0.0,
115088,Random,0.0,
115088,Popularity,0.0,
115088,CF (ItemKNN),0.0,
115088,Content (Avg Emb),0.0,
115088,Last-Item,0.0,
115088,Avg-Last-10,0.0,
115088,Recency-Weighted,0.0,
115088,Essence (K=15),0.0,
115095,Random,0.0,
115095,Popularity,0.0,
115095,CF (ItemKNN),0.0,
115095,Content (Avg Emb),0.0,
115095,Last-Item,0.0,
115095,Avg-Last-10,0.0,
115095,Recency-Weighted,0.0,
115095,Essence (K=15),0.0,
115159,Random,0.0,
115159,Popularity,0.0,
115159,CF (ItemKNN),0.0,
115159,Content (Avg Emb),0.0,
115159,Last-Item,0.0,
115159,Avg-Last-10,0.0,
115159,Recency-Weighted,0.0,
115159,Essence (K=15),0.0,
115197,Random,0.0,
115197,Popularity,0.15384615384615385,
115197,CF (ItemKNN),0.15384615384615385,
115197,Content (Avg Emb),0.0,
115197,Last-Item,0.0,
115197,Avg-Last-10,0.0,
115197,Recency-Weighted,0.0,
115197,Essence (K=15),0.0,
115233,Random,0.0,
115233,Popularity,0.0,
115233,CF (ItemKNN),0.0,
115233,Content (Avg Emb),0.0,
115233,Last-Item,0.045454545454545456,
115233,Avg-Last-10,0.0,
115233,Recency-Weighted,0.0,
115233,Essence (K=15),0.0,
115267,Random,0.0,0.0
115267,Popularity,0.14285714285714285,0.0
115267,CF (ItemKNN),0.0,0.0
115267,Content (Avg Emb),0.0,0.0
115267,Last-Item,0.0,0.0
115267,Avg-Last-10,0.0,0.0
115267,Recency-Weighted,0.0,0.0
115267,Essence (K=15),0.0,0.0
115292,Random,0.0,
115292,Popularity,0.0,
115292,CF (ItemKNN),0.4,
115292,Content (Avg Emb),0.0,
115292,Last-Item,0.0,
115292,Avg-Last-10,0.0,
115292,Recency-Weighted,0.0,
115292,Essence (K=15),0.0,
115308,Random,0.0,
115308,Popularity,0.13043478260869565,
115308,CF (ItemKNN),0.2608695652173913,
115308,Content (Avg Emb),0.0,
115308,Last-Item,0.0,
115308,Avg-Last-10,0.0,
115308,Recency-Weighted,0.0,
115308,Essence (K=15),0.0,
115355,Random,0.0,0.0
115355,Popularity,0.1,0.0
115355,CF (ItemKNN),0.1,0.0
115355,Content (Avg Emb),0.0,0.0
115355,Last-Item,0.0,0.0
115355,Avg-Last-10,0.0,0.0
115355,Recency-Weighted,0.0,0.0
115355,Essence (K=15),0.0,0.0
115515,Random,0.0,0.0
115515,Popularity,0.0,0.0
115515,CF (ItemKNN),0.0,0.0
115515,Content (Avg Emb),0.0,0.0
115515,Last-Item,0.0,0.0
115515,Avg-Last-10,0.0,0.0
115515,Recency-Weighted,0.0,0.0
115515,Essence (K=15),0.0,0.0
115608,Random,0.0,0.0
115608,Popularity,0.0,0.0
115608,CF (ItemKNN),0.0,0.0
115608,Content (Avg Emb),0.0,0.0
115608,Last-Item,0.0,0.0
115608,Avg-Last-10,0.0,0.0
115608,Recency-Weighted,0.0,0.0
115608,Essence (K=15),0.0,0.0
115640,Random,0.0,
115640,Popularity,0.1111111111111111,
115640,CF (ItemKNN),0.0,
115640,Content (Avg Emb),0.0,
115640,Last-Item,0.0,
115640,Avg-Last-10,0.0,
115640,Recency-Weighted,0.0,
115640,Essence (K=15),0.0,
115662,Random,0.0,
115662,Popularity,0.0,
115662,CF (ItemKNN),0.0,
115662,Content (Avg Emb),0.0,
115662,Last-Item,0.0,
115662,Avg-Last-10,0.0,
115662,Recency-Weighted,0.0,
115662,Essence (K=15),0.0,
115903,Random,0.0,0.0
115903,Popularity,0.0,0.0
115903,CF (ItemKNN),0.0,0.0
115903,Content (Avg Emb),0.0,0.0
115903,Last-Item,0.0,0.0
115903,Avg-Last-10,0.0,0.0
115903,Recency-Weighted,0.0,0.0
115903,Essence (K=15),0.0,0.0
115906,Random,0.0,
115906,Popularity,0.0,
115906,CF (ItemKNN),0.2857142857142857,
115906,Content (Avg Emb),0.0,
115906,Last-Item,0.0,
115906,Avg-Last-10,0.0,
115906,Recency-Weighted,0.0,
115906,Essence (K=15),0.0,
116067,Random,0.0,
116067,Popularity,0.17391304347826086,
116067,CF (ItemKNN),0.043478260869565216,
116067,Content (Avg Emb),0.0,
116067,Last-Item,0.0,
116067,Avg-Last-10,0.0,
116067,Recency-Weighted,0.0,
116067,Essence (K=15),0.0,
116139,Random,0.0,
116139,Popularity,0.0,
116139,CF (ItemKNN),0.0,
116139,Content (Avg Emb),0.0,
116139,Last-Item,0.25,
116139,Avg-Last-10,0.0,
116139,Recency-Weighted,0.0,
116139,Essence (K=15),0.25,
116151,Random,0.0,
116151,Popularity,0.09090909090909091,
116151,CF (ItemKNN),0.09090909090909091,
116151,Content (Avg Emb),0.0,
116151,Last-Item,0.0,
116151,Avg-Last-10,0.0,
116151,Recency-Weighted,0.0,
116151,Essence (K=15),0.0,
116649,Random,0.0,
116649,Popularity,0.23076923076923078,
116649,CF (ItemKNN),0.23076923076923078,
116649,Content (Avg Emb),0.07692307692307693,
116649,Last-Item,0.0,
116649,Avg-Last-10,0.0,
116649,Recency-Weighted,0.0,
116649,Essence (K=15),0.0,
116748,Random,0.0,
116748,Popularity,0.0,
116748,CF (ItemKNN),0.0,
116748,Content (Avg Emb),0.0,
116748,Last-Item,0.0,
116748,Avg-Last-10,0.0,
116748,Recency-Weighted,0.0,
116748,Essence (K=15),0.0,
116771,Random,0.0,
116771,Popularity,0.14285714285714285,
116771,CF (ItemKNN),0.2857142857142857,
116771,Content (Avg Emb),0.0,
116771,Last-Item,0.0,
116771,Avg-Last-10,0.0,
116771,Recency-Weighted,0.0,
116771,Essence (K=15),0.0,
116880,Random,0.0,
116880,Popularity,0.0,
116880,CF (ItemKNN),0.2222222222222222,
116880,Content (Avg Emb),0.0,
116880,Last-Item,0.0,
116880,Avg-Last-10,0.0,
116880,Recency-Weighted,0.0,
116880,Essence (K=15),0.0,
116991,Random,0.0,
116991,Popularity,0.0,
116991,CF (ItemKNN),0.11764705882352941,
116991,Content (Avg Emb),0.0,
116991,Last-Item,0.0,
116991,Avg-Last-10,0.0,
116991,Recency-Weighted,0.0,
116991,Essence (K=15),0.0,
117058,Random,0.0,0.0
117058,Popularity,0.0,0.0
117058,CF (ItemKNN),0.0,0.0
117058,Content (Avg Emb),0.0,0.0
117058,Last-Item,0.0,0.0
117058,Avg-Last-10,0.0,0.0
117058,Recency-Weighted,0.0,0.0
117058,Essence (K=15),0.0,0.0
117066,Random,0.0,0.0
117066,Popularity,0.0,0.0
117066,CF (ItemKNN),0.0,0.0
117066,Content (Avg Emb),0.0,0.0
117066,Last-Item,0.0,0.0
117066,Avg-Last-10,0.0,0.0
117066,Recency-Weighted,0.0,0.0
117066,Essence (K=15),0.0,0.0
117094,Random,0.0,
117094,Popularity,0.0,
117094,CF (ItemKNN),0.058823529411764705,
117094,Content (Avg Emb),0.0,
117094,Last-Item,0.0,
117094,Avg-Last-10,0.0,
117094,Recency-Weighted,0.0,
117094,Essence (K=15),0.0,
117186,Random,0.0,
117186,Popularity,0.0,
117186,CF (ItemKNN),0.2,
117186,Content (Avg Emb),0.0,
117186,Last-Item,0.0,
117186,Avg-Last-10,0.0,
117186,Recency-Weighted,0.0,
117186,Essence (K=15),0.0,
117211,Random,0.0,
117211,Popularity,0.0,
117211,CF (ItemKNN),0.25,
117211,Content (Avg Emb),0.0,
117211,Last-Item,0.0,
117211,Avg-Last-10,0.0,
117211,Recency-Weighted,0.0,
117211,Essence (K=15),0.0,
117513,Random,0.0,
117513,Popularity,0.09090909090909091,
117513,CF (ItemKNN),0.22727272727272727,
117513,Content (Avg Emb),0.045454545454545456,
117513,Last-Item,0.0,
117513,Avg-Last-10,0.0,
117513,Recency-Weighted,0.0,
117513,Essence (K=15),0.0,
117631,Random,0.0,
117631,Popularity,0.14285714285714285,
117631,CF (ItemKNN),0.0,
117631,Content (Avg Emb),0.0,
117631,Last-Item,0.0,
117631,Avg-Last-10,0.0,
117631,Recency-Weighted,0.0,
117631,Essence (K=15),0.0,
117667,Random,0.0,
117667,Popularity,0.0,
117667,CF (ItemKNN),0.0,
117667,Content (Avg Emb),0.0,
117667,Last-Item,0.0,
117667,Avg-Last-10,0.0,
117667,Recency-Weighted,0.0,
117667,Essence (K=15),0.0,
117816,Random,0.0,
117816,Popularity,0.09090909090909091,
117816,CF (ItemKNN),0.18181818181818182,
117816,Content (Avg Emb),0.0,
117816,Last-Item,0.0,
117816,Avg-Last-10,0.0,
117816,Recency-Weighted,0.09090909090909091,
117816,Essence (K=15),0.0,
117862,Random,0.0,
117862,Popularity,0.0,
117862,CF (ItemKNN),0.0,
117862,Content (Avg Emb),0.0,
117862,Last-Item,0.0,
117862,Avg-Last-10,0.0,
117862,Recency-Weighted,0.0,
117862,Essence (K=15),0.0,
118015,Random,0.0,
118015,Popularity,0.0,
118015,CF (ItemKNN),0.0,
118015,Content (Avg Emb),0.0,
118015,Last-Item,0.0,
118015,Avg-Last-10,0.0,
118015,Recency-Weighted,0.0,
118015,Essence (K=15),0.0,
118032,Random,0.0,
118032,Popularity,0.2,
118032,CF (ItemKNN),0.2,
118032,Content (Avg Emb),0.0,
118032,Last-Item,0.0,
118032,Avg-Last-10,0.0,
118032,Recency-Weighted,0.0,
118032,Essence (K=15),0.0,
118065,Random,0.0,0.0
118065,Popularity,0.02631578947368421,0.0
118065,CF (ItemKNN),0.02631578947368421,0.0
118065,Content (Avg Emb),0.0,0.0
118065,Last-Item,0.0,0.0
118065,Avg-Last-10,0.0,0.0
118065,Recency-Weighted,0.0,0.0
118065,Essence (K=15),0.0,0.0
118089,Random,0.0,
118089,Popularity,0.14285714285714285,
118089,CF (ItemKNN),0.0,
118089,Content (Avg Emb),0.0,
118089,Last-Item,0.0,
118089,Avg-Last-10,0.0,
118089,Recency-Weighted,0.0,
118089,Essence (K=15),0.0,
118189,Random,0.0,
118189,Popularity,0.0,
118189,CF (ItemKNN),0.027777777777777776,
118189,Content (Avg Emb),0.0,
118189,Last-Item,0.027777777777777776,
118189,Avg-Last-10,0.0,
118189,Recency-Weighted,0.0,
118189,Essence (K=15),0.0,
118193,Random,0.0,
118193,Popularity,0.0,
118193,CF (ItemKNN),0.0,
118193,Content (Avg Emb),0.0,
118193,Last-Item,0.0,
118193,Avg-Last-10,0.0,
118193,Recency-Weighted,0.0,
118193,Essence (K=15),0.0,
118194,Random,0.0,
118194,Popularity,0.3333333333333333,
118194,CF (ItemKNN),0.3333333333333333,
118194,Content (Avg Emb),0.0,
118194,Last-Item,0.0,
118194,Avg-Last-10,0.0,
118194,Recency-Weighted,0.0,
118194,Essence (K=15),0.0,
118451,Random,0.0,
118451,Popularity,0.0,
118451,CF (ItemKNN),0.0,
118451,Content (Avg Emb),0.0,
118451,Last-Item,0.0,
118451,Avg-Last-10,0.0,
118451,Recency-Weighted,0.0,
118451,Essence (K=15),0.0,
118476,Random,0.0,
118476,Popularity,0.03571428571428571,
118476,CF (ItemKNN),0.0,
118476,Content (Avg Emb),0.0,
118476,Last-Item,0.0,
118476,Avg-Last-10,0.0,
118476,Recency-Weighted,0.0,
118476,Essence (K=15),0.0,
118682,Random,0.0,0.0
118682,Popularity,0.0,0.0
118682,CF (ItemKNN),0.0,0.0
118682,Content (Avg Emb),0.0,0.0
118682,Last-Item,0.0,0.0
118682,Avg-Last-10,0.0,0.0
118682,Recency-Weighted,0.0,0.0
118682,Essence (K=15),0.0,0.0
118777,Random,0.0,0.0
118777,Popularity,0.0,0.0
118777,CF (ItemKNN),0.0,0.0
118777,Content (Avg Emb),0.0,0.0
118777,Last-Item,0.0,0.0
118777,Avg-Last-10,0.0,0.0
118777,Recency-Weighted,0.0,0.0
118777,Essence (K=15),0.0,0.0
118903,Random,0.0,0.0
118903,Popularity,0.0,0.0
118903,CF (ItemKNN),0.0,0.0
118903,Content (Avg Emb),0.0,0.0
118903,Last-Item,0.0,0.0
118903,Avg-Last-10,0.0,0.0
118903,Recency-Weighted,0.0,0.0
118903,Essence (K=15),0.0,0.0
118954,Random,0.0,0.0
118954,Popularity,0.0,0.0
118954,CF (ItemKNN),0.0,0.0
118954,Content (Avg Emb),0.0,0.0
118954,Last-Item,0.0,0.0
118954,Avg-Last-10,0.0,0.0
118954,Recency-Weighted,0.0,0.0
118954,Essence (K=15),0.0,0.0
118977,Random,0.0,
118977,Popularity,0.0,
118977,CF (ItemKNN),0.25,
118977,Content (Avg Emb),0.0,
118977,Last-Item,0.0,
118977,Avg-Last-10,0.0,
118977,Recency-Weighted,0.0,
118977,Essence (K=15),0.0,
119006,Random,0.0,
119006,Popularity,0.0,
119006,CF (ItemKNN),0.0,
119006,Content (Avg Emb),0.0,
119006,Last-Item,0.0,
119006,Avg-Last-10,0.0,
119006,Recency-Weighted,0.0,
119006,Essence (K=15),0.2,
119028,Random,0.0,0.0
119028,Popularity,0.02564102564102564,0.0
119028,CF (ItemKNN),0.07692307692307693,0.0
119028,Content (Avg Emb),0.0,0.0
119028,Last-Item,0.0,0.0
119028,Avg-Last-10,0.0,0.0
119028,Recency-Weighted,0.0,0.0
119028,Essence (K=15),0.0,0.0
119035,Random,0.0,
119035,Popularity,0.0,
119035,CF (ItemKNN),0.0,
119035,Content (Avg Emb),0.0,
119035,Last-Item,0.0,
119035,Avg-Last-10,0.0,
119035,Recency-Weighted,0.0,
119035,Essence (K=15),0.0,
119095,Random,0.0,
119095,Popularity,0.0,
119095,CF (ItemKNN),0.16666666666666666,
119095,Content (Avg Emb),0.0,
119095,Last-Item,0.0,
119095,Avg-Last-10,0.0,
119095,Recency-Weighted,0.0,
119095,Essence (K=15),0.0,
119176,Random,0.0,0.0
119176,Popularity,0.0,0.0
119176,CF (ItemKNN),0.0,0.0
119176,Content (Avg Emb),0.0,0.0
119176,Last-Item,0.0,0.0
119176,Avg-Last-10,0.0,0.0
119176,Recency-Weighted,0.0,0.0
119176,Essence (K=15),0.0,0.0
119185,Random,0.0,
119185,Popularity,0.0,
119185,CF (ItemKNN),0.047619047619047616,
119185,Content (Avg Emb),0.0,
119185,Last-Item,0.0,
119185,Avg-Last-10,0.0,
119185,Recency-Weighted,0.0,
119185,Essence (K=15),0.0,
119191,Random,0.0,
119191,Popularity,0.4,
119191,CF (ItemKNN),0.2,
119191,Content (Avg Emb),0.0,
119191,Last-Item,0.0,
119191,Avg-Last-10,0.0,
119191,Recency-Weighted,0.0,
119191,Essence (K=15),0.0,
119340,Random,0.0,0.0
119340,Popularity,0.0,0.0
119340,CF (ItemKNN),0.0,0.0
119340,Content (Avg Emb),0.0,0.0
119340,Last-Item,0.0,0.0
119340,Avg-Last-10,0.0,0.0
119340,Recency-Weighted,0.0,0.0
119340,Essence (K=15),0.0,0.0
119466,Random,0.16666666666666666,
119466,Popularity,0.0,
119466,CF (ItemKNN),0.0,
119466,Content (Avg Emb),0.0,
119466,Last-Item,0.0,
119466,Avg-Last-10,0.0,
119466,Recency-Weighted,0.0,
119466,Essence (K=15),0.0,
119488,Random,0.0,
119488,Popularity,0.18181818181818182,
119488,CF (ItemKNN),0.18181818181818182,
119488,Content (Avg Emb),0.0,
119488,Last-Item,0.0,
119488,Avg-Last-10,0.0,
119488,Recency-Weighted,0.0,
119488,Essence (K=15),0.0,
119498,Random,0.0,
119498,Popularity,0.2,
119498,CF (ItemKNN),0.4,
119498,Content (Avg Emb),0.0,
119498,Last-Item,0.0,
119498,Avg-Last-10,0.0,
119498,Recency-Weighted,0.0,
119498,Essence (K=15),0.0,
119517,Random,0.0,0.0
119517,Popularity,0.03571428571428571,0.0
119517,CF (ItemKNN),0.03571428571428571,0.0
119517,Content (Avg Emb),0.0,0.0
119517,Last-Item,0.0,0.0
119517,Avg-Last-10,0.0,0.0
119517,Recency-Weighted,0.03571428571428571,0.0
119517,Essence (K=15),0.03571428571428571,0.0
119745,Random,0.0,
119745,Popularity,0.4,
119745,CF (ItemKNN),0.2,
119745,Content (Avg Emb),0.0,
119745,Last-Item,0.0,
119745,Avg-Last-10,0.0,
119745,Recency-Weighted,0.0,
119745,Essence (K=15),0.0,
119819,Random,0.0,
119819,Popularity,0.0,
119819,CF (ItemKNN),0.16666666666666666,
119819,Content (Avg Emb),0.0,
119819,Last-Item,0.0,
119819,Avg-Last-10,0.0,
119819,Recency-Weighted,0.0,
119819,Essence (K=15),0.0,
119861,Random,0.0,
119861,Popularity,0.0,
119861,CF (ItemKNN),0.0,
119861,Content (Avg Emb),0.0,
119861,Last-Item,0.0,
119861,Avg-Last-10,0.0,
119861,Recency-Weighted,0.0,
119861,Essence (K=15),0.0,
119972,Random,0.0,
119972,Popularity,0.0,
119972,CF (ItemKNN),0.0,
119972,Content (Avg Emb),0.0,
119972,Last-Item,0.0,
119972,Avg-Last-10,0.0,
119972,Recency-Weighted,0.0,
119972,Essence (K=15),0.0,
120036,Random,0.0,
120036,Popularity,0.0,
120036,CF (ItemKNN),0.2857142857142857,
120036,Content (Avg Emb),0.0,
120036,Last-Item,0.0,
120036,Avg-Last-10,0.0,
120036,Recency-Weighted,0.0,
120036,Essence (K=15),0.0,
120098,Random,0.0,
120098,Popularity,0.1,
120098,CF (ItemKNN),0.0,
120098,Content (Avg Emb),0.0,
120098,Last-Item,0.2,
120098,Avg-Last-10,0.0,
120098,Recency-Weighted,0.0,
120098,Essence (K=15),0.0,
120149,Random,0.0,
120149,Popularity,0.07142857142857142,
120149,CF (ItemKNN),0.14285714285714285,
120149,Content (Avg Emb),0.0,
120149,Last-Item,0.0,
120149,Avg-Last-10,0.0,
120149,Recency-Weighted,0.0,
120149,Essence (K=15),0.0,
120196,Random,0.0,
120196,Popularity,0.041666666666666664,
120196,CF (ItemKNN),0.125,
120196,Content (Avg Emb),0.0,
120196,Last-Item,0.0,
120196,Avg-Last-10,0.0,
120196,Recency-Weighted,0.0,
120196,Essence (K=15),0.0,
120204,Random,0.0,
120204,Popularity,0.0,
120204,CF (ItemKNN),0.19047619047619047,
120204,Content (Avg Emb),0.0,
120204,Last-Item,0.0,
120204,Avg-Last-10,0.0,
120204,Recency-Weighted,0.0,
120204,Essence (K=15),0.0,
120258,Random,0.0,0.0
120258,Popularity,0.05263157894736842,0.0
120258,CF (ItemKNN),0.05263157894736842,0.0
120258,Content (Avg Emb),0.0,0.0
120258,Last-Item,0.0,0.0
120258,Avg-Last-10,0.0,0.0
120258,Recency-Weighted,0.0,0.0
120258,Essence (K=15),0.0,0.0
120268,Random,0.0,
120268,Popularity,0.0,
120268,CF (ItemKNN),0.0,
120268,Content (Avg Emb),0.0,
120268,Last-Item,0.16666666666666666,
120268,Avg-Last-10,0.0,
120268,Recency-Weighted,0.0,
120268,Essence (K=15),0.0,
120280,Random,0.0,
120280,Popularity,0.0,
120280,CF (ItemKNN),0.15,
120280,Content (Avg Emb),0.0,
120280,Last-Item,0.05,
120280,Avg-Last-10,0.0,
120280,Recency-Weighted,0.0,
120280,Essence (K=15),0.0,
120303,Random,0.0,0.0
120303,Popularity,0.0,0.0
120303,CF (ItemKNN),0.0,0.0
120303,Content (Avg Emb),0.0,0.0
120303,Last-Item,0.0,0.0
120303,Avg-Last-10,0.0,0.0
120303,Recency-Weighted,0.0,0.0
120303,Essence (K=15),0.0,0.0
120466,Random,0.0,
120466,Popularity,0.0,
120466,CF (ItemKNN),0.0,
120466,Content (Avg Emb),0.0,
120466,Last-Item,0.0,
120466,Avg-Last-10,0.0,
120466,Recency-Weighted,0.0,
120466,Essence (K=15),0.0,
120474,Random,0.0,
120474,Popularity,0.0,
120474,CF (ItemKNN),0.2,
120474,Content (Avg Emb),0.0,
120474,Last-Item,0.0,
120474,Avg-Last-10,0.0,
120474,Recency-Weighted,0.0,
120474,Essence (K=15),0.0,
120731,Random,0.0,0.0
120731,Popularity,0.16666666666666666,0.0
120731,CF (ItemKNN),0.16666666666666666,0.0
120731,Content (Avg Emb),0.0,0.0
120731,Last-Item,0.0,0.0
120731,Avg-Last-10,0.0,0.0
120731,Recency-Weighted,0.0,0.0
120731,Essence (K=15),0.0,0.0
120740,Random,0.0,0.0
120740,Popularity,0.25,0.0
120740,CF (ItemKNN),0.0,0.0
120740,Content (Avg Emb),0.0,0.0
120740,Last-Item,0.0,0.0
120740,Avg-Last-10,0.0,0.0
120740,Recency-Weighted,0.0,0.0
120740,Essence (K=15),0.0,0.0
120778,Random,0.125,
120778,Popularity,0.0,
120778,CF (ItemKNN),0.125,
120778,Content (Avg Emb),0.0,
120778,Last-Item,0.0,
120778,Avg-Last-10,0.0,
120778,Recency-Weighted,0.0,
120778,Essence (K=15),0.0,
120831,Random,0.0,
120831,Popularity,0.0,
120831,CF (ItemKNN),0.041666666666666664,
120831,Content (Avg Emb),0.0,
120831,Last-Item,0.0,
120831,Avg-Last-10,0.0,
120831,Recency-Weighted,0.0,
120831,Essence (K=15),0.0,
120865,Random,0.0,
120865,Popularity,0.09090909090909091,
120865,CF (ItemKNN),0.0,
120865,Content (Avg Emb),0.0,
120865,Last-Item,0.0,
120865,Avg-Last-10,0.0,
120865,Recency-Weighted,0.0,
120865,Essence (K=15),0.0,
120902,Random,0.0,
120902,Popularity,0.0,
120902,CF (ItemKNN),0.0,
120902,Content (Avg Emb),0.0,
120902,Last-Item,0.0,
120902,Avg-Last-10,0.0,
120902,Recency-Weighted,0.0,
120902,Essence (K=15),0.0,
121003,Random,0.0,
121003,Popularity,0.0,
121003,CF (ItemKNN),0.04,
121003,Content (Avg Emb),0.0,
121003,Last-Item,0.0,
121003,Avg-Last-10,0.0,
121003,Recency-Weighted,0.0,
121003,Essence (K=15),0.0,
121039,Random,0.08333333333333333,0.0
121039,Popularity,0.0,0.0
121039,CF (ItemKNN),0.0,0.0
121039,Content (Avg Emb),0.0,0.0
121039,Last-Item,0.08333333333333333,0.0
121039,Avg-Last-10,0.0,0.0
121039,Recency-Weighted,0.0,0.0
121039,Essence (K=15),0.0,0.0
121061,Random,0.0,0.0
121061,Popularity,0.0,0.0
121061,CF (ItemKNN),0.0,0.0
121061,Content (Avg Emb),0.14285714285714285,0.0
121061,Last-Item,0.0,0.0
121061,Avg-Last-10,0.0,0.0
121061,Recency-Weighted,0.0,0.0
121061,Essence (K=15),0.0,0.0
121110,Random,0.0,0.0
121110,Popularity,0.125,0.0
121110,CF (ItemKNN),0.125,0.0
121110,Content (Avg Emb),0.0,0.0
121110,Last-Item,0.0,0.0
121110,Avg-Last-10,0.0,0.0
121110,Recency-Weighted,0.0,0.0
121110,Essence (K=15),0.0,0.0
121113,Random,0.0,
121113,Popularity,0.0,
121113,CF (ItemKNN),0.0,
121113,Content (Avg Emb),0.0,
121113,Last-Item,0.0,
121113,Avg-Last-10,0.0,
121113,Recency-Weighted,0.0,
121113,Essence (K=15),0.0,
121317,Random,0.0,
121317,Popularity,0.0,
121317,CF (ItemKNN),0.0,
121317,Content (Avg Emb),0.0,
121317,Last-Item,0.0,
121317,Avg-Last-10,0.0,
121317,Recency-Weighted,0.0,
121317,Essence (K=15),0.0,
121401,Random,0.0,
121401,Popularity,0.0,
121401,CF (ItemKNN),0.0,
121401,Content (Avg Emb),0.0,
121401,Last-Item,0.0,
121401,Avg-Last-10,0.0,
121401,Recency-Weighted,0.0,
121401,Essence (K=15),0.0,
121433,Random,0.0,0.0
121433,Popularity,0.0,0.0
121433,CF (ItemKNN),0.0,0.0
121433,Content (Avg Emb),0.0,0.0
121433,Last-Item,0.0,0.0
121433,Avg-Last-10,0.0,0.0
121433,Recency-Weighted,0.0,0.0
121433,Essence (K=15),0.0,0.0
121499,Random,0.0,
121499,Popularity,0.0,
121499,CF (ItemKNN),0.0,
121499,Content (Avg Emb),0.0,
121499,Last-Item,0.0,
121499,Avg-Last-10,0.0,
121499,Recency-Weighted,0.0,
121499,Essence (K=15),0.0,
121604,Random,0.0,
121604,Popularity,0.0,
121604,CF (ItemKNN),0.0,
121604,Content (Avg Emb),0.0,
121604,Last-Item,0.0,
121604,Avg-Last-10,0.0,
121604,Recency-Weighted,0.0,
121604,Essence (K=15),0.0,
121688,Random,0.0,0.0
121688,Popularity,0.05555555555555555,0.0
121688,CF (ItemKNN),0.1388888888888889,0.0
121688,Content (Avg Emb),0.0,0.0
121688,Last-Item,0.027777777777777776,0.0
121688,Avg-Last-10,0.0,0.0
121688,Recency-Weighted,0.027777777777777776,0.0
121688,Essence (K=15),0.0,0.0
121746,Random,0.0,
121746,Popularity,0.16666666666666666,
121746,CF (ItemKNN),0.16666666666666666,
121746,Content (Avg Emb),0.0,
121746,Last-Item,0.0,
121746,Avg-Last-10,0.0,
121746,Recency-Weighted,0.0,
121746,Essence (K=15),0.0,
121762,Random,0.0,
121762,Popularity,0.05263157894736842,
121762,CF (ItemKNN),0.0,
121762,Content (Avg Emb),0.0,
121762,Last-Item,0.02631578947368421,
121762,Avg-Last-10,0.0,
121762,Recency-Weighted,0.0,
121762,Essence (K=15),0.0,
121794,Random,0.0,
121794,Popularity,0.375,
121794,CF (ItemKNN),0.25,
121794,Content (Avg Emb),0.0,
121794,Last-Item,0.0,
121794,Avg-Last-10,0.0,
121794,Recency-Weighted,0.0,
121794,Essence (K=15),0.0,
122405,Random,0.0,
122405,Popularity,0.16666666666666666,
122405,CF (ItemKNN),0.3333333333333333,
122405,Content (Avg Emb),0.0,
122405,Last-Item,0.16666666666666666,
122405,Avg-Last-10,0.0,
122405,Recency-Weighted,0.0,
122405,Essence (K=15),0.0,
122478,Random,0.0,
122478,Popularity,0.0,
122478,CF (ItemKNN),0.0,
122478,Content (Avg Emb),0.0,
122478,Last-Item,0.0,
122478,Avg-Last-10,0.0,
122478,Recency-Weighted,0.0,
122478,Essence (K=15),0.0,
122559,Random,0.0,0.0
122559,Popularity,0.0,0.0
122559,CF (ItemKNN),0.0,0.0
122559,Content (Avg Emb),0.0,0.0
122559,Last-Item,0.0,0.0
122559,Avg-Last-10,0.0,0.0
122559,Recency-Weighted,0.0,0.0
122559,Essence (K=15),0.0,0.0
122605,Random,0.0,
122605,Popularity,0.0,
122605,CF (ItemKNN),0.0,
122605,Content (Avg Emb),0.0,
122605,Last-Item,0.0,
122605,Avg-Last-10,0.0,
122605,Recency-Weighted,0.0,
122605,Essence (K=15),0.0,
122611,Random,0.0,
122611,Popularity,0.14285714285714285,
122611,CF (ItemKNN),0.14285714285714285,
122611,Content (Avg Emb),0.0,
122611,Last-Item,0.0,
122611,Avg-Last-10,0.0,
122611,Recency-Weighted,0.0,
122611,Essence (K=15),0.0,
122639,Random,0.0,
122639,Popularity,0.0,
122639,CF (ItemKNN),0.0,
122639,Content (Avg Emb),0.0,
122639,Last-Item,0.0,
122639,Avg-Last-10,0.0,
122639,Recency-Weighted,0.0,
122639,Essence (K=15),0.2,
122644,Random,0.0,
122644,Popularity,0.2,
122644,CF (ItemKNN),0.2,
122644,Content (Avg Emb),0.0,
122644,Last-Item,0.0,
122644,Avg-Last-10,0.0,
122644,Recency-Weighted,0.0,
122644,Essence (K=15),0.0,
122647,Random,0.0,0.0
122647,Popularity,0.03333333333333333,0.0
122647,CF (ItemKNN),0.03333333333333333,0.0
122647,Content (Avg Emb),0.0,0.0
122647,Last-Item,0.0,0.0
122647,Avg-Last-10,0.0,0.0
122647,Recency-Weighted,0.0,0.0
122647,Essence (K=15),0.0,0.0
122659,Random,0.0,
122659,Popularity,0.0,
122659,CF (ItemKNN),0.0,
122659,Content (Avg Emb),0.0,
122659,Last-Item,0.0,
122659,Avg-Last-10,0.0,
122659,Recency-Weighted,0.0,
122659,Essence (K=15),0.0,
122747,Random,0.0,
122747,Popularity,0.0,
122747,CF (ItemKNN),0.0,
122747,Content (Avg Emb),0.0,
122747,Last-Item,0.0,
122747,Avg-Last-10,0.0,
122747,Recency-Weighted,0.0,
122747,Essence (K=15),0.0,
122766,Random,0.0,
122766,Popularity,0.12121212121212122,
122766,CF (ItemKNN),0.030303030303030304,
122766,Content (Avg Emb),0.030303030303030304,
122766,Last-Item,0.0,
122766,Avg-Last-10,0.0,
122766,Recency-Weighted,0.030303030303030304,
122766,Essence (K=15),0.0,
122779,Random,0.0,
122779,Popularity,0.0,
122779,CF (ItemKNN),0.0,
122779,Content (Avg Emb),0.0,
122779,Last-Item,0.0,
122779,Avg-Last-10,0.0,
122779,Recency-Weighted,0.0,
122779,Essence (K=15),0.0,
123189,Random,0.0,
123189,Popularity,0.16666666666666666,
123189,CF (ItemKNN),0.5,
123189,Content (Avg Emb),0.0,
123189,Last-Item,0.0,
123189,Avg-Last-10,0.0,
123189,Recency-Weighted,0.0,
123189,Essence (K=15),0.0,
123316,Random,0.0,
123316,Popularity,0.07692307692307693,
123316,CF (ItemKNN),0.0,
123316,Content (Avg Emb),0.0,
123316,Last-Item,0.0,
123316,Avg-Last-10,0.0,
123316,Recency-Weighted,0.0,
123316,Essence (K=15),0.0,
123531,Random,0.0,0.0
123531,Popularity,0.0,0.0
123531,CF (ItemKNN),0.0,0.0
123531,Content (Avg Emb),0.0,0.0
123531,Last-Item,0.0,0.0
123531,Avg-Last-10,0.0,0.0
123531,Recency-Weighted,0.0,0.0
123531,Essence (K=15),0.0,0.0
123630,Random,0.0,
123630,Popularity,0.0,
123630,CF (ItemKNN),0.0,
123630,Content (Avg Emb),0.0,
123630,Last-Item,0.0,
123630,Avg-Last-10,0.0,
123630,Recency-Weighted,0.0,
123630,Essence (K=15),0.0,
123647,Random,0.0,
123647,Popularity,0.0,
123647,CF (ItemKNN),0.0,
123647,Content (Avg Emb),0.0,
123647,Last-Item,0.0,
123647,Avg-Last-10,0.0,
123647,Recency-Weighted,0.0,
123647,Essence (K=15),0.0,
123708,Random,0.0,
123708,Popularity,0.0,
123708,CF (ItemKNN),0.0,
123708,Content (Avg Emb),0.0,
123708,Last-Item,0.0,
123708,Avg-Last-10,0.0,
123708,Recency-Weighted,0.0,
123708,Essence (K=15),0.0,
123937,Random,0.0,
123937,Popularity,0.0,
123937,CF (ItemKNN),0.11538461538461539,
123937,Content (Avg Emb),0.0,
123937,Last-Item,0.0,
123937,Avg-Last-10,0.0,
123937,Recency-Weighted,0.0,
123937,Essence (K=15),0.0,
123958,Random,0.0,
123958,Popularity,0.0,
123958,CF (ItemKNN),0.0,
123958,Content (Avg Emb),0.0,
123958,Last-Item,0.1111111111111111,
123958,Avg-Last-10,0.0,
123958,Recency-Weighted,0.0,
123958,Essence (K=15),0.0,
123974,Random,0.0,
123974,Popularity,0.16666666666666666,
123974,CF (ItemKNN),0.25,
123974,Content (Avg Emb),0.0,
123974,Last-Item,0.0,
123974,Avg-Last-10,0.0,
123974,Recency-Weighted,0.0,
123974,Essence (K=15),0.0,
124033,Random,0.0,
124033,Popularity,0.75,
124033,CF (ItemKNN),0.25,
124033,Content (Avg Emb),0.0,
124033,Last-Item,0.0,
124033,Avg-Last-10,0.0,
124033,Recency-Weighted,0.0,
124033,Essence (K=15),0.0,
124082,Random,0.0,
124082,Popularity,0.0,
124082,CF (ItemKNN),0.12,
124082,Content (Avg Emb),0.0,
124082,Last-Item,0.0,
124082,Avg-Last-10,0.0,
124082,Recency-Weighted,0.0,
124082,Essence (K=15),0.0,
124211,Random,0.0,
124211,Popularity,0.1,
124211,CF (ItemKNN),0.16666666666666666,
124211,Content (Avg Emb),0.0,
124211,Last-Item,0.0,
124211,Avg-Last-10,0.0,
124211,Recency-Weighted,0.0,
124211,Essence (K=15),0.0,
124303,Random,0.0,
124303,Popularity,0.0,
124303,CF (ItemKNN),0.42857142857142855,
124303,Content (Avg Emb),0.0,
124303,Last-Item,0.0,
124303,Avg-Last-10,0.0,
124303,Recency-Weighted,0.0,
124303,Essence (K=15),0.0,
124425,Random,0.0,
124425,Popularity,0.5714285714285714,
124425,CF (ItemKNN),0.42857142857142855,
124425,Content (Avg Emb),0.0,
124425,Last-Item,0.0,
124425,Avg-Last-10,0.0,
124425,Recency-Weighted,0.0,
124425,Essence (K=15),0.0,
124451,Random,0.0,
124451,Popularity,0.08,
124451,CF (ItemKNN),0.04,
124451,Content (Avg Emb),0.0,
124451,Last-Item,0.04,
124451,Avg-Last-10,0.0,
124451,Recency-Weighted,0.0,
124451,Essence (K=15),0.0,
124547,Random,0.0,
124547,Popularity,0.04,
124547,CF (ItemKNN),0.04,
124547,Content (Avg Emb),0.0,
124547,Last-Item,0.0,
124547,Avg-Last-10,0.0,
124547,Recency-Weighted,0.0,
124547,Essence (K=15),0.0,
124605,Random,0.0,
124605,Popularity,0.0,
124605,CF (ItemKNN),0.0,
124605,Content (Avg Emb),0.0,
124605,Last-Item,0.0,
124605,Avg-Last-10,0.0,
124605,Recency-Weighted,0.0,
124605,Essence (K=15),0.0,
124786,Random,0.0,
124786,Popularity,0.5,
124786,CF (ItemKNN),0.625,
124786,Content (Avg Emb),0.0,
124786,Last-Item,0.0,
124786,Avg-Last-10,0.0,
124786,Recency-Weighted,0.0,
124786,Essence (K=15),0.0,
125180,Random,0.0,
125180,Popularity,0.041666666666666664,
125180,CF (ItemKNN),0.20833333333333334,
125180,Content (Avg Emb),0.0,
125180,Last-Item,0.0,
125180,Avg-Last-10,0.0,
125180,Recency-Weighted,0.0,
125180,Essence (K=15),0.0,
125394,Random,0.0,
125394,Popularity,0.0,
125394,CF (ItemKNN),0.0,
125394,Content (Avg Emb),0.0,
125394,Last-Item,0.02631578947368421,
125394,Avg-Last-10,0.0,
125394,Recency-Weighted,0.0,
125394,Essence (K=15),0.0,
125401,Random,0.0,
125401,Popularity,0.0,
125401,CF (ItemKNN),0.0,
125401,Content (Avg Emb),0.0,
125401,Last-Item,0.0,
125401,Avg-Last-10,0.0,
125401,Recency-Weighted,0.0,
125401,Essence (K=15),0.0,
125445,Random,0.0,
125445,Popularity,0.05,
125445,CF (ItemKNN),0.1,
125445,Content (Avg Emb),0.0,
125445,Last-Item,0.1,
125445,Avg-Last-10,0.05,
125445,Recency-Weighted,0.0,
125445,Essence (K=15),0.0,
125455,Random,0.0,0.0
125455,Popularity,0.0,0.0
125455,CF (ItemKNN),0.07142857142857142,0.0
125455,Content (Avg Emb),0.0,0.0
125455,Last-Item,0.0,0.0
125455,Avg-Last-10,0.0,0.0
125455,Recency-Weighted,0.0,0.0
125455,Essence (K=15),0.0,0.0
125467,Random,0.0,
125467,Popularity,0.06666666666666667,
125467,CF (ItemKNN),0.06666666666666667,
125467,Content (Avg Emb),0.0,
125467,Last-Item,0.0,
125467,Avg-Last-10,0.0,
125467,Recency-Weighted,0.0,
125467,Essence (K=15),0.0,
125481,Random,0.0,
125481,Popularity,0.09090909090909091,
125481,CF (ItemKNN),0.09090909090909091,
125481,Content (Avg Emb),0.0,
125481,Last-Item,0.0,
125481,Avg-Last-10,0.0,
125481,Recency-Weighted,0.0,
125481,Essence (K=15),0.0,
125506,Random,0.0,
125506,Popularity,0.125,
125506,CF (ItemKNN),0.25,
125506,Content (Avg Emb),0.0,
125506,Last-Item,0.0,
125506,Avg-Last-10,0.0,
125506,Recency-Weighted,0.0,
125506,Essence (K=15),0.0,
125529,Random,0.0,0.0
125529,Popularity,0.0,0.0
125529,CF (ItemKNN),0.0,0.0
125529,Content (Avg Emb),0.0,0.0
125529,Last-Item,0.0,0.0
125529,Avg-Last-10,0.0,0.0
125529,Recency-Weighted,0.0,0.0
125529,Essence (K=15),0.0,0.0
125566,Random,0.0,0.0
125566,Popularity,0.0,0.0
125566,CF (ItemKNN),0.0625,0.0
125566,Content (Avg Emb),0.0,0.0
125566,Last-Item,0.0,0.0
125566,Avg-Last-10,0.0,0.0
125566,Recency-Weighted,0.0,0.0
125566,Essence (K=15),0.0,0.0
125612,Random,0.0,
125612,Popularity,0.0,
125612,CF (ItemKNN),0.2,
125612,Content (Avg Emb),0.0,
125612,Last-Item,0.0,
125612,Avg-Last-10,0.0,
125612,Recency-Weighted,0.0,
125612,Essence (K=15),0.0,
125641,Random,0.0,0.0
125641,Popularity,0.0,0.0
125641,CF (ItemKNN),0.07692307692307693,0.0
125641,Content (Avg Emb),0.0,0.0
125641,Last-Item,0.0,0.0
125641,Avg-Last-10,0.0,0.0
125641,Recency-Weighted,0.0,0.0
125641,Essence (K=15),0.0,0.0
125716,Random,0.0,
125716,Popularity,0.0,
125716,CF (ItemKNN),0.14285714285714285,
125716,Content (Avg Emb),0.0,
125716,Last-Item,0.0,
125716,Avg-Last-10,0.0,
125716,Recency-Weighted,0.0,
125716,Essence (K=15),0.0,
125881,Random,0.0,
125881,Popularity,0.25,
125881,CF (ItemKNN),0.25,
125881,Content (Avg Emb),0.0,
125881,Last-Item,0.0,
125881,Avg-Last-10,0.0,
125881,Recency-Weighted,0.0,
125881,Essence (K=15),0.0,
125896,Random,0.0,
125896,Popularity,0.2,
125896,CF (ItemKNN),0.4,
125896,Content (Avg Emb),0.0,
125896,Last-Item,0.0,
125896,Avg-Last-10,0.0,
125896,Recency-Weighted,0.0,
125896,Essence (K=15),0.0,
126242,Random,0.0,
126242,Popularity,0.06896551724137931,
126242,CF (ItemKNN),0.034482758620689655,
126242,Content (Avg Emb),0.0,
126242,Last-Item,0.0,
126242,Avg-Last-10,0.0,
126242,Recency-Weighted,0.0,
126242,Essence (K=15),0.0,
126269,Random,0.0,
126269,Popularity,0.0,
126269,CF (ItemKNN),0.2,
126269,Content (Avg Emb),0.0,
126269,Last-Item,0.0,
126269,Avg-Last-10,0.0,
126269,Recency-Weighted,0.0,
126269,Essence (K=15),0.0,
126287,Random,0.0,
126287,Popularity,0.0,
126287,CF (ItemKNN),0.2857142857142857,
126287,Content (Avg Emb),0.0,
126287,Last-Item,0.0,
126287,Avg-Last-10,0.0,
126287,Recency-Weighted,0.0,
126287,Essence (K=15),0.0,
126318,Random,0.0,
126318,Popularity,0.6,
126318,CF (ItemKNN),0.4,
126318,Content (Avg Emb),0.0,
126318,Last-Item,0.0,
126318,Avg-Last-10,0.0,
126318,Recency-Weighted,0.0,
126318,Essence (K=15),0.0,
126582,Random,0.0,0.0
126582,Popularity,0.0,0.0
126582,CF (ItemKNN),0.0,0.0
126582,Content (Avg Emb),0.0,0.0
126582,Last-Item,0.0,0.0
126582,Avg-Last-10,0.0,0.0
126582,Recency-Weighted,0.16666666666666666,0.0
126582,Essence (K=15),0.0,0.0
126635,Random,0.0,
126635,Popularity,0.0,
126635,CF (ItemKNN),0.0,
126635,Content (Avg Emb),0.0,
126635,Last-Item,0.0,
126635,Avg-Last-10,0.0,
126635,Recency-Weighted,0.0,
126635,Essence (K=15),0.0,
126902,Random,0.0,
126902,Popularity,0.0,
126902,CF (ItemKNN),0.0,
126902,Content (Avg Emb),0.0,
126902,Last-Item,0.0,
126902,Avg-Last-10,0.0,
126902,Recency-Weighted,0.0,
126902,Essence (K=15),0.0,
126948,Random,0.0,
126948,Popularity,0.0,
126948,CF (ItemKNN),0.11764705882352941,
126948,Content (Avg Emb),0.0,
126948,Last-Item,0.0,
126948,Avg-Last-10,0.058823529411764705,
126948,Recency-Weighted,0.058823529411764705,
126948,Essence (K=15),0.058823529411764705,
127043,Random,0.047619047619047616,
127043,Popularity,0.0,
127043,CF (ItemKNN),0.0,
127043,Content (Avg Emb),0.0,
127043,Last-Item,0.0,
127043,Avg-Last-10,0.0,
127043,Recency-Weighted,0.0,
127043,Essence (K=15),0.0,
127165,Random,0.0,
127165,Popularity,0.0,
127165,CF (ItemKNN),0.1,
127165,Content (Avg Emb),0.0,
127165,Last-Item,0.0,
127165,Avg-Last-10,0.0,
127165,Recency-Weighted,0.0,
127165,Essence (K=15),0.0,
127319,Random,0.0,
127319,Popularity,0.0,
127319,CF (ItemKNN),0.0,
127319,Content (Avg Emb),0.0,
127319,Last-Item,0.0,
127319,Avg-Last-10,0.0,
127319,Recency-Weighted,0.0,
127319,Essence (K=15),0.0,
127483,Random,0.0,
127483,Popularity,0.0,
127483,CF (ItemKNN),0.0,
127483,Content (Avg Emb),0.0,
127483,Last-Item,0.0,
127483,Avg-Last-10,0.0,
127483,Recency-Weighted,0.0,
127483,Essence (K=15),0.0,
127646,Random,0.0,0.0
127646,Popularity,0.0,0.0
127646,CF (ItemKNN),0.0,0.0
127646,Content (Avg Emb),0.0,0.0
127646,Last-Item,0.0,0.0
127646,Avg-Last-10,0.0,0.0
127646,Recency-Weighted,0.0,0.0
127646,Essence (K=15),0.037037037037037035,0.0
127728,Random,0.0,
127728,Popularity,0.0,
127728,CF (ItemKNN),0.0,
127728,Content (Avg Emb),0.0,
127728,Last-Item,0.0,
127728,Avg-Last-10,0.0,
127728,Recency-Weighted,0.0,
127728,Essence (K=15),0.0,
127782,Random,0.0,0.0
127782,Popularity,0.0,0.0
127782,CF (ItemKNN),0.0,0.0
127782,Content (Avg Emb),0.0,0.0
127782,Last-Item,0.0,0.0
127782,Avg-Last-10,0.0,0.0
127782,Recency-Weighted,0.0,0.0
127782,Essence (K=15),0.0,0.0
127804,Random,0.0,
127804,Popularity,0.07407407407407407,
127804,CF (ItemKNN),0.07407407407407407,
127804,Content (Avg Emb),0.0,
127804,Last-Item,0.0,
127804,Avg-Last-10,0.0,
127804,Recency-Weighted,0.0,
127804,Essence (K=15),0.0,
128063,Random,0.0,
128063,Popularity,0.0,
128063,CF (ItemKNN),0.0,
128063,Content (Avg Emb),0.0,
128063,Last-Item,0.0,
128063,Avg-Last-10,0.0,
128063,Recency-Weighted,0.0,
128063,Essence (K=15),0.0,
128231,Random,0.0,
128231,Popularity,0.0,
128231,CF (ItemKNN),0.16666666666666666,
128231,Content (Avg Emb),0.0,
128231,Last-Item,0.0,
128231,Avg-Last-10,0.0,
128231,Recency-Weighted,0.0,
128231,Essence (K=15),0.0,
128317,Random,0.0,
128317,Popularity,0.0,
128317,CF (ItemKNN),0.0,
128317,Content (Avg Emb),0.0,
128317,Last-Item,0.0,
128317,Avg-Last-10,0.0,
128317,Recency-Weighted,0.0,
128317,Essence (K=15),0.0,
128352,Random,0.0,
128352,Popularity,0.07692307692307693,
128352,CF (ItemKNN),0.0,
128352,Content (Avg Emb),0.0,
128352,Last-Item,0.0,
128352,Avg-Last-10,0.0,
128352,Recency-Weighted,0.0,
128352,Essence (K=15),0.0,
128370,Random,0.0,
128370,Popularity,0.0,
128370,CF (ItemKNN),0.5,
128370,Content (Avg Emb),0.0,
128370,Last-Item,0.0,
128370,Avg-Last-10,0.0,
128370,Recency-Weighted,0.0,
128370,Essence (K=15),0.0,
128449,Random,0.0,
128449,Popularity,0.03571428571428571,
128449,CF (ItemKNN),0.03571428571428571,
128449,Content (Avg Emb),0.0,
128449,Last-Item,0.0,
128449,Avg-Last-10,0.0,
128449,Recency-Weighted,0.0,
128449,Essence (K=15),0.0,
128600,Random,0.0,
128600,Popularity,0.0,
128600,CF (ItemKNN),0.3333333333333333,
128600,Content (Avg Emb),0.0,
128600,Last-Item,0.0,
128600,Avg-Last-10,0.0,
128600,Recency-Weighted,0.0,
128600,Essence (K=15),0.0,
128637,Random,0.0,
128637,Popularity,0.0,
128637,CF (ItemKNN),0.0,
128637,Content (Avg Emb),0.0,
128637,Last-Item,0.0,
128637,Avg-Last-10,0.0,
128637,Recency-Weighted,0.0,
128637,Essence (K=15),0.0,
128729,Random,0.0,
128729,Popularity,0.0,
128729,CF (ItemKNN),0.0,
128729,Content (Avg Emb),0.0,
128729,Last-Item,0.0,
128729,Avg-Last-10,0.0,
128729,Recency-Weighted,0.0,
128729,Essence (K=15),0.0,
128760,Random,0.0,0.0
128760,Popularity,0.0,0.0
128760,CF (ItemKNN),0.0,0.0
128760,Content (Avg Emb),0.0,0.0
128760,Last-Item,0.0,0.0
128760,Avg-Last-10,0.02702702702702703,0.0
128760,Recency-Weighted,0.0,0.0
128760,Essence (K=15),0.02702702702702703,0.0
128828,Random,0.0,
128828,Popularity,0.0,
128828,CF (ItemKNN),0.0,
128828,Content (Avg Emb),0.0,
128828,Last-Item,0.0,
128828,Avg-Last-10,0.0,
128828,Recency-Weighted,0.0,
128828,Essence (K=15),0.0,
128938,Random,0.0,0.0
128938,Popularity,0.03225806451612903,0.0
128938,CF (ItemKNN),0.03225806451612903,0.0
128938,Content (Avg Emb),0.0,0.0
128938,Last-Item,0.0,0.0
128938,Avg-Last-10,0.0,0.0
128938,Recency-Weighted,0.03225806451612903,0.0
128938,Essence (K=15),0.0,0.0
129035,Random,0.07142857142857142,
129035,Popularity,0.0,
129035,CF (ItemKNN),0.07142857142857142,
129035,Content (Avg Emb),0.0,
129035,Last-Item,0.07142857142857142,
129035,Avg-Last-10,0.0,
129035,Recency-Weighted,0.0,
129035,Essence (K=15),0.0,
129063,Random,0.0,
129063,Popularity,0.0,
129063,CF (ItemKNN),0.0,
129063,Content (Avg Emb),0.0,
129063,Last-Item,0.0,
129063,Avg-Last-10,0.0,
129063,Recency-Weighted,0.0,
129063,Essence (K=15),0.0,
129195,Random,0.0,
129195,Popularity,0.0,
129195,CF (ItemKNN),0.0,
129195,Content (Avg Emb),0.0,
129195,Last-Item,0.0,
129195,Avg-Last-10,0.0,
129195,Recency-Weighted,0.0,
129195,Essence (K=15),0.0,
129303,Random,0.0,0.0
129303,Popularity,0.0,0.0
129303,CF (ItemKNN),0.0,0.0
129303,Content (Avg Emb),0.0,0.0
129303,Last-Item,0.0,0.0
129303,Avg-Last-10,0.0,0.0
129303,Recency-Weighted,0.0,0.0
129303,Essence (K=15),0.0,0.0
129312,Random,0.0,0.0
129312,Popularity,0.14285714285714285,0.0
129312,CF (ItemKNN),0.2857142857142857,0.0
129312,Content (Avg Emb),0.0,0.0
129312,Last-Item,0.0,0.0
129312,Avg-Last-10,0.0,0.0
129312,Recency-Weighted,0.0,0.0
129312,Essence (K=15),0.0,0.0
129495,Random,0.0,
129495,Popularity,0.125,
129495,CF (ItemKNN),0.625,
129495,Content (Avg Emb),0.0,
129495,Last-Item,0.0,
129495,Avg-Last-10,0.0,
129495,Recency-Weighted,0.0,
129495,Essence (K=15),0.0,
129610,Random,0.0,0.0
129610,Popularity,0.0,0.0
129610,CF (ItemKNN),0.0,0.0
129610,Content (Avg Emb),0.0,0.0
129610,Last-Item,0.0,0.0
129610,Avg-Last-10,0.0,0.0
129610,Recency-Weighted,0.0,0.0
129610,Essence (K=15),0.0,0.0
129667,Random,0.0,
129667,Popularity,0.0625,
129667,CF (ItemKNN),0.0,
129667,Content (Avg Emb),0.0,
129667,Last-Item,0.0,
129667,Avg-Last-10,0.0,
129667,Recency-Weighted,0.0,
129667,Essence (K=15),0.0,
129775,Random,0.0,
129775,Popularity,0.0,
129775,CF (ItemKNN),0.0,
129775,Content (Avg Emb),0.0,
129775,Last-Item,0.0,
129775,Avg-Last-10,0.0,
129775,Recency-Weighted,0.0,
129775,Essence (K=15),0.0,
129953,Random,0.0,
129953,Popularity,0.0,
129953,CF (ItemKNN),0.0,
129953,Content (Avg Emb),0.0,
129953,Last-Item,0.0,
129953,Avg-Last-10,0.0,
129953,Recency-Weighted,0.0,
129953,Essence (K=15),0.0,
130026,Random,0.0,
130026,Popularity,0.1111111111111111,
130026,CF (ItemKNN),0.2222222222222222,
130026,Content (Avg Emb),0.0,
130026,Last-Item,0.0,
130026,Avg-Last-10,0.0,
130026,Recency-Weighted,0.0,
130026,Essence (K=15),0.0,
130031,Random,0.0,
130031,Popularity,0.0,
130031,CF (ItemKNN),0.16666666666666666,
130031,Content (Avg Emb),0.0,
130031,Last-Item,0.0,
130031,Avg-Last-10,0.0,
130031,Recency-Weighted,0.0,
130031,Essence (K=15),0.0,
130056,Random,0.0,
130056,Popularity,0.0,
130056,CF (ItemKNN),0.3333333333333333,
130056,Content (Avg Emb),0.0,
130056,Last-Item,0.0,
130056,Avg-Last-10,0.0,
130056,Recency-Weighted,0.0,
130056,Essence (K=15),0.0,
130129,Random,0.0,
130129,Popularity,0.0,
130129,CF (ItemKNN),0.11538461538461539,
130129,Content (Avg Emb),0.0,
130129,Last-Item,0.0,
130129,Avg-Last-10,0.0,
130129,Recency-Weighted,0.0,
130129,Essence (K=15),0.0,
130309,Random,0.0,
130309,Popularity,0.08695652173913043,
130309,CF (ItemKNN),0.0,
130309,Content (Avg Emb),0.0,
130309,Last-Item,0.0,
130309,Avg-Last-10,0.0,
130309,Recency-Weighted,0.0,
130309,Essence (K=15),0.0,
130398,Random,0.0,
130398,Popularity,0.0,
130398,CF (ItemKNN),0.0,
130398,Content (Avg Emb),0.0,
130398,Last-Item,0.0,
130398,Avg-Last-10,0.0,
130398,Recency-Weighted,0.0,
130398,Essence (K=15),0.0,
130435,Random,0.0,0.0
130435,Popularity,0.0,0.0
130435,CF (ItemKNN),0.0,0.0
130435,Content (Avg Emb),0.0,0.0
130435,Last-Item,0.0,0.0
130435,Avg-Last-10,0.0,0.0
130435,Recency-Weighted,0.0,0.0
130435,Essence (K=15),0.0,0.0
130549,Random,0.0,
130549,Popularity,0.0,
130549,CF (ItemKNN),0.875,
130549,Content (Avg Emb),0.0,
130549,Last-Item,0.0,
130549,Avg-Last-10,0.0,
130549,Recency-Weighted,0.0,
130549,Essence (K=15),0.0,
130752,Random,0.0,
130752,Popularity,0.0,
130752,CF (ItemKNN),0.0,
130752,Content (Avg Emb),0.0,
130752,Last-Item,0.0,
130752,Avg-Last-10,0.0,
130752,Recency-Weighted,0.0,
130752,Essence (K=15),0.0,
130815,Random,0.0,
130815,Popularity,0.14285714285714285,
130815,CF (ItemKNN),0.14285714285714285,
130815,Content (Avg Emb),0.0,
130815,Last-Item,0.0,
130815,Avg-Last-10,0.0,
130815,Recency-Weighted,0.0,
130815,Essence (K=15),0.0,
130866,Random,0.0,0.0
130866,Popularity,0.0,0.0
130866,CF (ItemKNN),0.0,0.0
130866,Content (Avg Emb),0.0,0.0
130866,Last-Item,0.0,0.0
130866,Avg-Last-10,0.0,0.0
130866,Recency-Weighted,0.0,0.0
130866,Essence (K=15),0.0,0.0
130939,Random,0.0,
130939,Popularity,0.0,
130939,CF (ItemKNN),0.0,
130939,Content (Avg Emb),0.0,
130939,Last-Item,0.0,
130939,Avg-Last-10,0.0,
130939,Recency-Weighted,0.0,
130939,Essence (K=15),0.0,
130962,Random,0.0,0.0
130962,Popularity,0.0,0.0
130962,CF (ItemKNN),0.0,0.0
130962,Content (Avg Emb),0.0,0.0
130962,Last-Item,0.0,0.0
130962,Avg-Last-10,0.0,0.0
130962,Recency-Weighted,0.0,0.0
130962,Essence (K=15),0.0,0.0
131053,Random,0.0,0.0
131053,Popularity,0.0,0.0
131053,CF (ItemKNN),0.0,0.0
131053,Content (Avg Emb),0.0,0.0
131053,Last-Item,0.0,0.0
131053,Avg-Last-10,0.0,0.0
131053,Recency-Weighted,0.0,0.0
131053,Essence (K=15),0.0,0.0
131216,Random,0.0,
131216,Popularity,0.03571428571428571,
131216,CF (ItemKNN),0.03571428571428571,
131216,Content (Avg Emb),0.0,
131216,Last-Item,0.0,
131216,Avg-Last-10,0.0,
131216,Recency-Weighted,0.0,
131216,Essence (K=15),0.0,
131274,Random,0.0,
131274,Popularity,0.0,
131274,CF (ItemKNN),0.0,
131274,Content (Avg Emb),0.0,
131274,Last-Item,0.0,
131274,Avg-Last-10,0.0,
131274,Recency-Weighted,0.0,
131274,Essence (K=15),0.0,
131286,Random,0.0,
131286,Popularity,0.3333333333333333,
131286,CF (ItemKNN),0.2222222222222222,
131286,Content (Avg Emb),0.0,
131286,Last-Item,0.0,
131286,Avg-Last-10,0.0,
131286,Recency-Weighted,0.0,
131286,Essence (K=15),0.0,
131308,Random,0.0,
131308,Popularity,0.25,
131308,CF (ItemKNN),0.0,
131308,Content (Avg Emb),0.0,
131308,Last-Item,0.0,
131308,Avg-Last-10,0.0,
131308,Recency-Weighted,0.0,
131308,Essence (K=15),0.0,
131356,Random,0.0,
131356,Popularity,0.0,
131356,CF (ItemKNN),0.0,
131356,Content (Avg Emb),0.0,
131356,Last-Item,0.0,
131356,Avg-Last-10,0.0,
131356,Recency-Weighted,0.0,
131356,Essence (K=15),0.0,
131420,Random,0.0,
131420,Popularity,0.14285714285714285,
131420,CF (ItemKNN),0.14285714285714285,
131420,Content (Avg Emb),0.0,
131420,Last-Item,0.0,
131420,Avg-Last-10,0.0,
131420,Recency-Weighted,0.0,
131420,Essence (K=15),0.0,
131459,Random,0.0,0.0
131459,Popularity,0.13157894736842105,0.0
131459,CF (ItemKNN),0.15789473684210525,0.0
131459,Content (Avg Emb),0.0,0.0
131459,Last-Item,0.0,0.0
131459,Avg-Last-10,0.0,0.0
131459,Recency-Weighted,0.0,0.0
131459,Essence (K=15),0.0,0.0
131538,Random,0.0,
131538,Popularity,0.0,
131538,CF (ItemKNN),0.0,
131538,Content (Avg Emb),0.0,
131538,Last-Item,0.0,
131538,Avg-Last-10,0.0,
131538,Recency-Weighted,0.0,
131538,Essence (K=15),0.0,
131573,Random,0.0,0.0
131573,Popularity,0.0,0.0
131573,CF (ItemKNN),0.0,0.0
131573,Content (Avg Emb),0.0,0.0
131573,Last-Item,0.045454545454545456,0.0
131573,Avg-Last-10,0.0,0.0
131573,Recency-Weighted,0.0,0.0
131573,Essence (K=15),0.045454545454545456,0.0
131707,Random,0.0,
131707,Popularity,0.0,
131707,CF (ItemKNN),0.0,
131707,Content (Avg Emb),0.0,
131707,Last-Item,0.0,
131707,Avg-Last-10,0.0,
131707,Recency-Weighted,0.0,
131707,Essence (K=15),0.0,
131715,Random,0.0,
131715,Popularity,0.16666666666666666,
131715,CF (ItemKNN),0.3333333333333333,
131715,Content (Avg Emb),0.0,
131715,Last-Item,0.0,
131715,Avg-Last-10,0.0,
131715,Recency-Weighted,0.0,
131715,Essence (K=15),0.0,
131716,Random,0.0,0.0
131716,Popularity,0.0,0.0
131716,CF (ItemKNN),0.0,0.0
131716,Content (Avg Emb),0.0,0.0
131716,Last-Item,0.0625,0.0
131716,Avg-Last-10,0.0,0.0
131716,Recency-Weighted,0.0625,0.0
131716,Essence (K=15),0.0625,0.0
131958,Random,0.0,
131958,Popularity,0.0,
131958,CF (ItemKNN),0.0,
131958,Content (Avg Emb),0.0,
131958,Last-Item,0.0,
131958,Avg-Last-10,0.0,
131958,Recency-Weighted,0.0,
131958,Essence (K=15),0.0,
131966,Random,0.0,
131966,Popularity,0.5,
131966,CF (ItemKNN),0.75,
131966,Content (Avg Emb),0.0,
131966,Last-Item,0.0,
131966,Avg-Last-10,0.0,
131966,Recency-Weighted,0.0,
131966,Essence (K=15),0.0,
132167,Random,0.0,0.0
132167,Popularity,0.0,0.0
132167,CF (ItemKNN),0.0,0.0
132167,Content (Avg Emb),0.0,0.0
132167,Last-Item,0.0,0.0
132167,Avg-Last-10,0.038461538461538464,0.0
132167,Recency-Weighted,0.038461538461538464,0.0
132167,Essence (K=15),0.038461538461538464,0.0
132169,Random,0.0,0.0
132169,Popularity,0.0,0.0
132169,CF (ItemKNN),0.0,0.0
132169,Content (Avg Emb),0.0,0.0
132169,Last-Item,0.0,0.0
132169,Avg-Last-10,0.0,0.0
132169,Recency-Weighted,0.0,0.0
132169,Essence (K=15),0.0,0.0
132254,Random,0.0,0.0
132254,Popularity,0.038461538461538464,0.0
132254,CF (ItemKNN),0.038461538461538464,0.0
132254,Content (Avg Emb),0.0,0.0
132254,Last-Item,0.0,0.0
132254,Avg-Last-10,0.0,0.0
132254,Recency-Weighted,0.0,0.0
132254,Essence (K=15),0.0,0.0
132560,Random,0.0,
132560,Popularity,0.0,
132560,CF (ItemKNN),0.0,
132560,Content (Avg Emb),0.0,
132560,Last-Item,0.0,
132560,Avg-Last-10,0.0,
132560,Recency-Weighted,0.0,
132560,Essence (K=15),0.0,
132677,Random,0.0,
132677,Popularity,0.05,
132677,CF (ItemKNN),0.0,
132677,Content (Avg Emb),0.0,
132677,Last-Item,0.0,
132677,Avg-Last-10,0.0,
132677,Recency-Weighted,0.0,
132677,Essence (K=15),0.0,
132695,Random,0.0,
132695,Popularity,0.0,
132695,CF (ItemKNN),0.0,
132695,Content (Avg Emb),0.0,
132695,Last-Item,0.0625,
132695,Avg-Last-10,0.0625,
132695,Recency-Weighted,0.0625,
132695,Essence (K=15),0.0,
132711,Random,0.0,
132711,Popularity,0.0,
132711,CF (ItemKNN),0.09090909090909091,
132711,Content (Avg Emb),0.0,
132711,Last-Item,0.0,
132711,Avg-Last-10,0.0,
132711,Recency-Weighted,0.0,
132711,Essence (K=15),0.0,
132718,Random,0.0,
132718,Popularity,0.375,
132718,CF (ItemKNN),0.25,
132718,Content (Avg Emb),0.0,
132718,Last-Item,0.0,
132718,Avg-Last-10,0.0,
132718,Recency-Weighted,0.0,
132718,Essence (K=15),0.0,
132761,Random,0.0,
132761,Popularity,0.041666666666666664,
132761,CF (ItemKNN),0.041666666666666664,
132761,Content (Avg Emb),0.0,
132761,Last-Item,0.0,
132761,Avg-Last-10,0.041666666666666664,
132761,Recency-Weighted,0.041666666666666664,
132761,Essence (K=15),0.0,
132787,Random,0.0,
132787,Popularity,0.0,
132787,CF (ItemKNN),0.07692307692307693,
132787,Content (Avg Emb),0.0,
132787,Last-Item,0.0,
132787,Avg-Last-10,0.0,
132787,Recency-Weighted,0.0,
132787,Essence (K=15),0.0,
132799,Random,0.0,
132799,Popularity,0.0,
132799,CF (ItemKNN),0.14285714285714285,
132799,Content (Avg Emb),0.0,
132799,Last-Item,0.0,
132799,Avg-Last-10,0.0,
132799,Recency-Weighted,0.0,
132799,Essence (K=15),0.0,
132829,Random,0.0,
132829,Popularity,0.0,
132829,CF (ItemKNN),0.06666666666666667,
132829,Content (Avg Emb),0.0,
132829,Last-Item,0.0,
132829,Avg-Last-10,0.0,
132829,Recency-Weighted,0.0,
132829,Essence (K=15),0.0,
132915,Random,0.0,
132915,Popularity,0.0,
132915,CF (ItemKNN),0.2,
132915,Content (Avg Emb),0.0,
132915,Last-Item,0.0,
132915,Avg-Last-10,0.0,
132915,Recency-Weighted,0.0,
132915,Essence (K=15),0.0,
133026,Random,0.0,
133026,Popularity,0.0,
133026,CF (ItemKNN),0.0,
133026,Content (Avg Emb),0.0,
133026,Last-Item,0.0,
133026,Avg-Last-10,0.0,
133026,Recency-Weighted,0.0,
133026,Essence (K=15),0.0,
133089,Random,0.0,
133089,Popularity,0.0,
133089,CF (ItemKNN),0.05555555555555555,
133089,Content (Avg Emb),0.0,
133089,Last-Item,0.0,
133089,Avg-Last-10,0.0,
133089,Recency-Weighted,0.0,
133089,Essence (K=15),0.0,
133090,Random,0.0,
133090,Popularity,0.08333333333333333,
133090,CF (ItemKNN),0.25,
133090,Content (Avg Emb),0.0,
133090,Last-Item,0.0,
133090,Avg-Last-10,0.0,
133090,Recency-Weighted,0.0,
133090,Essence (K=15),0.0,
133134,Random,0.0,
133134,Popularity,0.0,
133134,CF (ItemKNN),0.0,
133134,Content (Avg Emb),0.0,
133134,Last-Item,0.0,
133134,Avg-Last-10,0.0,
133134,Recency-Weighted,0.0,
133134,Essence (K=15),0.0,
133666,Random,0.0,
133666,Popularity,0.0,
133666,CF (ItemKNN),0.0,
133666,Content (Avg Emb),0.0,
133666,Last-Item,0.0,
133666,Avg-Last-10,0.0,
133666,Recency-Weighted,0.0,
133666,Essence (K=15),0.0,
133679,Random,0.0,
133679,Popularity,0.0,
133679,CF (ItemKNN),0.0,
133679,Content (Avg Emb),0.0,
133679,Last-Item,0.0,
133679,Avg-Last-10,0.0,
133679,Recency-Weighted,0.0,
133679,Essence (K=15),0.0,
133758,Random,0.0,
133758,Popularity,0.0,
133758,CF (ItemKNN),0.0,
133758,Content (Avg Emb),0.0,
133758,Last-Item,0.0,
133758,Avg-Last-10,0.0,
133758,Recency-Weighted,0.0,
133758,Essence (K=15),0.0,
133825,Random,0.0,
133825,Popularity,0.0,
133825,CF (ItemKNN),0.0,
133825,Content (Avg Emb),0.0,
133825,Last-Item,0.0,
133825,Avg-Last-10,0.0,
133825,Recency-Weighted,0.0,
133825,Essence (K=15),0.0,
133847,Random,0.0,
133847,Popularity,0.0,
133847,CF (ItemKNN),0.0,
133847,Content (Avg Emb),0.0,
133847,Last-Item,0.0,
133847,Avg-Last-10,0.0,
133847,Recency-Weighted,0.0,
133847,Essence (K=15),0.0,
133855,Random,0.0,0.0
133855,Popularity,0.0,0.0
133855,CF (ItemKNN),0.05555555555555555,0.0
133855,Content (Avg Emb),0.0,0.0
133855,Last-Item,0.0,0.0
133855,Avg-Last-10,0.0,0.0
133855,Recency-Weighted,0.0,0.0
133855,Essence (K=15),0.0,0.0
133902,Random,0.0,
133902,Popularity,0.0,
133902,CF (ItemKNN),0.0,
133902,Content (Avg Emb),0.058823529411764705,
133902,Last-Item,0.0,
133902,Avg-Last-10,0.058823529411764705,
133902,Recency-Weighted,0.058823529411764705,
133902,Essence (K=15),0.0,
133935,Random,0.0,
133935,Popularity,0.0,
133935,CF (ItemKNN),0.043478260869565216,
133935,Content (Avg Emb),0.0,
133935,Last-Item,0.0,
133935,Avg-Last-10,0.0,
133935,Recency-Weighted,0.0,
133935,Essence (K=15),0.0,
133943,Random,0.0,
133943,Popularity,0.0,
133943,CF (ItemKNN),0.0,
133943,Content (Avg Emb),0.0,
133943,Last-Item,0.0,
133943,Avg-Last-10,0.0,
133943,Recency-Weighted,0.0,
133943,Essence (K=15),0.0,
134010,Random,0.0,
134010,Popularity,0.0,
134010,CF (ItemKNN),0.5,
134010,Content (Avg Emb),0.0,
134010,Last-Item,0.25,
134010,Avg-Last-10,0.0,
134010,Recency-Weighted,0.0,
134010,Essence (K=15),0.0,
134067,Random,0.0,
134067,Popularity,0.0,
134067,CF (ItemKNN),0.0,
134067,Content (Avg Emb),0.0,
134067,Last-Item,0.0,
134067,Avg-Last-10,0.0,
134067,Recency-Weighted,0.0,
134067,Essence (K=15),0.0,
134295,Random,0.0,
134295,Popularity,0.0,
134295,CF (ItemKNN),0.0,
134295,Content (Avg Emb),0.0,
134295,Last-Item,0.0,
134295,Avg-Last-10,0.0,
134295,Recency-Weighted,0.0,
134295,Essence (K=15),0.0,
134442,Random,0.0,
134442,Popularity,0.4,
134442,CF (ItemKNN),0.0,
134442,Content (Avg Emb),0.0,
134442,Last-Item,0.2,
134442,Avg-Last-10,0.0,
134442,Recency-Weighted,0.2,
134442,Essence (K=15),0.2,
134576,Random,0.0,
134576,Popularity,0.0,
134576,CF (ItemKNN),0.0,
134576,Content (Avg Emb),0.25,
134576,Last-Item,0.0,
134576,Avg-Last-10,0.0,
134576,Recency-Weighted,0.0,
134576,Essence (K=15),0.0,
134660,Random,0.0,
134660,Popularity,0.0,
134660,CF (ItemKNN),0.0,
134660,Content (Avg Emb),0.0,
134660,Last-Item,0.0,
134660,Avg-Last-10,0.0,
134660,Recency-Weighted,0.0,
134660,Essence (K=15),0.0,
134672,Random,0.0,
134672,Popularity,0.36363636363636365,
134672,CF (ItemKNN),0.36363636363636365,
134672,Content (Avg Emb),0.0,
134672,Last-Item,0.0,
134672,Avg-Last-10,0.0,
134672,Recency-Weighted,0.0,
134672,Essence (K=15),0.0,
134772,Random,0.0,0.0
134772,Popularity,0.0,0.0
134772,CF (ItemKNN),0.0,0.0
134772,Content (Avg Emb),0.08333333333333333,1.0
134772,Last-Item,0.0,0.0
134772,Avg-Last-10,0.08333333333333333,1.0
134772,Recency-Weighted,0.08333333333333333,1.0
134772,Essence (K=15),0.08333333333333333,1.0
134775,Random,0.0,
134775,Popularity,0.0,
134775,CF (ItemKNN),0.0,
134775,Content (Avg Emb),0.0,
134775,Last-Item,0.0,
134775,Avg-Last-10,0.0,
134775,Recency-Weighted,0.0,
134775,Essence (K=15),0.0,
134790,Random,0.0,
134790,Popularity,0.0,
134790,CF (ItemKNN),0.043478260869565216,
134790,Content (Avg Emb),0.043478260869565216,
134790,Last-Item,0.0,
134790,Avg-Last-10,0.043478260869565216,
134790,Recency-Weighted,0.043478260869565216,
134790,Essence (K=15),0.0,
134818,Random,0.0,
134818,Popularity,0.0,
134818,CF (ItemKNN),0.0,
134818,Content (Avg Emb),0.0,
134818,Last-Item,0.0,
134818,Avg-Last-10,0.0,
134818,Recency-Weighted,0.0,
134818,Essence (K=15),0.0,
135012,Random,0.0,
135012,Popularity,0.0,
135012,CF (ItemKNN),0.0,
135012,Content (Avg Emb),0.0,
135012,Last-Item,0.0,
135012,Avg-Last-10,0.0,
135012,Recency-Weighted,0.0,
135012,Essence (K=15),0.0,
135115,Random,0.05405405405405406,0.0
135115,Popularity,0.10810810810810811,0.0
135115,CF (ItemKNN),0.08108108108108109,0.0
135115,Content (Avg Emb),0.0,0.0
135115,Last-Item,0.0,0.0
135115,Avg-Last-10,0.0,0.0
135115,Recency-Weighted,0.0,0.0
135115,Essence (K=15),0.0,0.0
135140,Random,0.0,
135140,Popularity,0.0,
135140,CF (ItemKNN),0.0,
135140,Content (Avg Emb),0.0,
135140,Last-Item,0.0,
135140,Avg-Last-10,0.0,
135140,Recency-Weighted,0.0,
135140,Essence (K=15),0.0,
135175,Random,0.0,
135175,Popularity,0.20833333333333334,
135175,CF (ItemKNN),0.125,
135175,Content (Avg Emb),0.041666666666666664,
135175,Last-Item,0.0,
135175,Avg-Last-10,0.041666666666666664,
135175,Recency-Weighted,0.041666666666666664,
135175,Essence (K=15),0.0,
135505,Random,0.0,
135505,Popularity,0.16666666666666666,
135505,CF (ItemKNN),0.0,
135505,Content (Avg Emb),0.0,
135505,Last-Item,0.0,
135505,Avg-Last-10,0.0,
135505,Recency-Weighted,0.0,
135505,Essence (K=15),0.0,
135539,Random,0.0,
135539,Popularity,0.0,
135539,CF (ItemKNN),0.0,
135539,Content (Avg Emb),0.0,
135539,Last-Item,0.0,
135539,Avg-Last-10,0.0,
135539,Recency-Weighted,0.0,
135539,Essence (K=15),0.0,
135573,Random,0.0,
135573,Popularity,0.2727272727272727,
135573,CF (ItemKNN),0.2727272727272727,
135573,Content (Avg Emb),0.09090909090909091,
135573,Last-Item,0.2727272727272727,
135573,Avg-Last-10,0.18181818181818182,
135573,Recency-Weighted,0.18181818181818182,
135573,Essence (K=15),0.2727272727272727,
135576,Random,0.0,
135576,Popularity,0.0,
135576,CF (ItemKNN),0.0,
135576,Content (Avg Emb),0.0,
135576,Last-Item,0.0,
135576,Avg-Last-10,0.0,
135576,Recency-Weighted,0.0,
135576,Essence (K=15),0.0,
135623,Random,0.0,
135623,Popularity,0.0,
135623,CF (ItemKNN),0.3333333333333333,
135623,Content (Avg Emb),0.0,
135623,Last-Item,0.0,
135623,Avg-Last-10,0.0,
135623,Recency-Weighted,0.0,
135623,Essence (K=15),0.0,
135790,Random,0.0,
135790,Popularity,0.0,
135790,CF (ItemKNN),0.0,
135790,Content (Avg Emb),0.0,
135790,Last-Item,0.0,
135790,Avg-Last-10,0.0,
135790,Recency-Weighted,0.0,
135790,Essence (K=15),0.0,
135891,Random,0.0,
135891,Popularity,0.0,
135891,CF (ItemKNN),0.11764705882352941,
135891,Content (Avg Emb),0.0,
135891,Last-Item,0.0,
135891,Avg-Last-10,0.0,
135891,Recency-Weighted,0.0,
135891,Essence (K=15),0.0,
135918,Random,0.0,0.0
135918,Popularity,0.0,0.0
135918,CF (ItemKNN),0.14285714285714285,0.0
135918,Content (Avg Emb),0.0,0.0
135918,Last-Item,0.0,0.0
135918,Avg-Last-10,0.0,0.0
135918,Recency-Weighted,0.0,0.0
135918,Essence (K=15),0.0,0.0
135928,Random,0.0,
135928,Popularity,0.2857142857142857,
135928,CF (ItemKNN),0.5714285714285714,
135928,Content (Avg Emb),0.0,
135928,Last-Item,0.0,
135928,Avg-Last-10,0.0,
135928,Recency-Weighted,0.0,
135928,Essence (K=15),0.0,
135966,Random,0.0,
135966,Popularity,0.1,
135966,CF (ItemKNN),0.2,
135966,Content (Avg Emb),0.0,
135966,Last-Item,0.2,
135966,Avg-Last-10,0.0,
135966,Recency-Weighted,0.1,
135966,Essence (K=15),0.0,
135976,Random,0.0,
135976,Popularity,0.0,
135976,CF (ItemKNN),0.7777777777777778,
135976,Content (Avg Emb),0.0,
135976,Last-Item,0.1111111111111111,
135976,Avg-Last-10,0.0,
135976,Recency-Weighted,0.0,
135976,Essence (K=15),0.0,
135988,Random,0.0,0.0
135988,Popularity,0.0,0.0
135988,CF (ItemKNN),0.1111111111111111,0.0
135988,Content (Avg Emb),0.0,0.0
135988,Last-Item,0.0,0.0
135988,Avg-Last-10,0.0,0.0
135988,Recency-Weighted,0.0,0.0
135988,Essence (K=15),0.0,0.0
136003,Random,0.0,
136003,Popularity,0.0,
136003,CF (ItemKNN),0.0,
136003,Content (Avg Emb),0.0,
136003,Last-Item,0.0,
136003,Avg-Last-10,0.0,
136003,Recency-Weighted,0.0,
136003,Essence (K=15),0.0,
136041,Random,0.0,
136041,Popularity,0.06666666666666667,
136041,CF (ItemKNN),0.06666666666666667,
136041,Content (Avg Emb),0.0,
136041,Last-Item,0.06666666666666667,
136041,Avg-Last-10,0.0,
136041,Recency-Weighted,0.0,
136041,Essence (K=15),0.0,
136073,Random,0.0,
136073,Popularity,0.0,
136073,CF (ItemKNN),0.0,
136073,Content (Avg Emb),0.0,
136073,Last-Item,0.0,
136073,Avg-Last-10,0.0,
136073,Recency-Weighted,0.0,
136073,Essence (K=15),0.0,
136484,Random,0.0,
136484,Popularity,0.14285714285714285,
136484,CF (ItemKNN),0.0,
136484,Content (Avg Emb),0.0,
136484,Last-Item,0.0,
136484,Avg-Last-10,0.0,
136484,Recency-Weighted,0.0,
136484,Essence (K=15),0.0,
136818,Random,0.0,0.0
136818,Popularity,0.0,0.0
136818,CF (ItemKNN),0.0,0.0
136818,Content (Avg Emb),0.0,0.0
136818,Last-Item,0.0,0.0
136818,Avg-Last-10,0.0,0.0
136818,Recency-Weighted,0.0,0.0
136818,Essence (K=15),0.0,0.0
136859,Random,0.0,
136859,Popularity,0.0,
136859,CF (ItemKNN),0.0,
136859,Content (Avg Emb),0.0,
136859,Last-Item,0.0,
136859,Avg-Last-10,0.0,
136859,Recency-Weighted,0.0,
136859,Essence (K=15),0.0,
136879,Random,0.0,
136879,Popularity,0.0,
136879,CF (ItemKNN),0.0,
136879,Content (Avg Emb),0.0,
136879,Last-Item,0.0,
136879,Avg-Last-10,0.0,
136879,Recency-Weighted,0.0,
136879,Essence (K=15),0.0,
136897,Random,0.0,0.0
136897,Popularity,0.0,0.0
136897,CF (ItemKNN),0.0,0.0
136897,Content (Avg Emb),0.0,0.0
136897,Last-Item,0.0,0.0
136897,Avg-Last-10,0.0,0.0
136897,Recency-Weighted,0.0,0.0
136897,Essence (K=15),0.0,0.0
136913,Random,0.0,0.0
136913,Popularity,0.0,0.0
136913,CF (ItemKNN),0.08695652173913043,0.0
136913,Content (Avg Emb),0.0,0.0
136913,Last-Item,0.0,0.0
136913,Avg-Last-10,0.0,0.0
136913,Recency-Weighted,0.0,0.0
136913,Essence (K=15),0.0,0.0
136990,Random,0.0,0.0
136990,Popularity,0.05,0.0
136990,CF (ItemKNN),0.15,0.0
136990,Content (Avg Emb),0.05,0.0
136990,Last-Item,0.0,0.0
136990,Avg-Last-10,0.0,0.0
136990,Recency-Weighted,0.0,0.0
136990,Essence (K=15),0.05,0.3333333333333333
137019,Random,0.0,
137019,Popularity,0.058823529411764705,
137019,CF (ItemKNN),0.058823529411764705,
137019,Content (Avg Emb),0.0,
137019,Last-Item,0.0,
137019,Avg-Last-10,0.0,
137019,Recency-Weighted,0.0,
137019,Essence (K=15),0.0,
137038,Random,0.0,
137038,Popularity,0.05555555555555555,
137038,CF (ItemKNN),0.1111111111111111,
137038,Content (Avg Emb),0.0,
137038,Last-Item,0.0,
137038,Avg-Last-10,0.0,
137038,Recency-Weighted,0.0,
137038,Essence (K=15),0.0,
137058,Random,0.0,
137058,Popularity,0.0,
137058,CF (ItemKNN),0.0,
137058,Content (Avg Emb),0.0,
137058,Last-Item,0.0,
137058,Avg-Last-10,0.0,
137058,Recency-Weighted,0.0,
137058,Essence (K=15),0.125,
137101,Random,0.0,
137101,Popularity,0.0,
137101,CF (ItemKNN),0.3333333333333333,
137101,Content (Avg Emb),0.0,
137101,Last-Item,0.0,
137101,Avg-Last-10,0.0,
137101,Recency-Weighted,0.0,
137101,Essence (K=15),0.0,
137137,Random,0.0,
137137,Popularity,0.0,
137137,CF (ItemKNN),0.0,
137137,Content (Avg Emb),0.0,
137137,Last-Item,0.0,
137137,Avg-Last-10,0.0,
137137,Recency-Weighted,0.0,
137137,Essence (K=15),0.0,
137188,Random,0.0,
137188,Popularity,0.07692307692307693,
137188,CF (ItemKNN),0.0,
137188,Content (Avg Emb),0.0,
137188,Last-Item,0.0,
137188,Avg-Last-10,0.0,
137188,Recency-Weighted,0.0,
137188,Essence (K=15),0.0,
137195,Random,0.0,
137195,Popularity,0.1111111111111111,
137195,CF (ItemKNN),0.1111111111111111,
137195,Content (Avg Emb),0.0,
137195,Last-Item,0.0,
137195,Avg-Last-10,0.0,
137195,Recency-Weighted,0.0,
137195,Essence (K=15),0.0,
137225,Random,0.0,0.0
137225,Popularity,0.0,0.0
137225,CF (ItemKNN),0.05555555555555555,0.0
137225,Content (Avg Emb),0.0,0.0
137225,Last-Item,0.0,0.0
137225,Avg-Last-10,0.0,0.0
137225,Recency-Weighted,0.0,0.0
137225,Essence (K=15),0.0,0.0
137230,Random,0.0,0.0
137230,Popularity,0.0,0.0
137230,CF (ItemKNN),0.0,0.0
137230,Content (Avg Emb),0.0,0.0
137230,Last-Item,0.0,0.0
137230,Avg-Last-10,0.0,0.0
137230,Recency-Weighted,0.0,0.0
137230,Essence (K=15),0.0,0.0
137362,Random,0.0,
137362,Popularity,0.0,
137362,CF (ItemKNN),0.0,
137362,Content (Avg Emb),0.0,
137362,Last-Item,0.0,
137362,Avg-Last-10,0.0,
137362,Recency-Weighted,0.0,
137362,Essence (K=15),0.0,
137381,Random,0.0,
137381,Popularity,0.4444444444444444,
137381,CF (ItemKNN),0.4444444444444444,
137381,Content (Avg Emb),0.0,
137381,Last-Item,0.0,
137381,Avg-Last-10,0.0,
137381,Recency-Weighted,0.0,
137381,Essence (K=15),0.0,
137406,Random,0.0,
137406,Popularity,0.15384615384615385,
137406,CF (ItemKNN),0.15384615384615385,
137406,Content (Avg Emb),0.0,
137406,Last-Item,0.0,
137406,Avg-Last-10,0.0,
137406,Recency-Weighted,0.0,
137406,Essence (K=15),0.07692307692307693,
137408,Random,0.0,
137408,Popularity,0.0,
137408,CF (ItemKNN),0.0,
137408,Content (Avg Emb),0.0,
137408,Last-Item,0.0,
137408,Avg-Last-10,0.0,
137408,Recency-Weighted,0.0,
137408,Essence (K=15),0.0,
137432,Random,0.0,
137432,Popularity,0.0,
137432,CF (ItemKNN),0.0,
137432,Content (Avg Emb),0.0,
137432,Last-Item,0.0,
137432,Avg-Last-10,0.0,
137432,Recency-Weighted,0.0,
137432,Essence (K=15),0.0,
137552,Random,0.0,
137552,Popularity,0.0,
137552,CF (ItemKNN),0.0,
137552,Content (Avg Emb),0.0,
137552,Last-Item,0.0,
137552,Avg-Last-10,0.0,
137552,Recency-Weighted,0.0,
137552,Essence (K=15),0.0,
137610,Random,0.0,0.0
137610,Popularity,0.0,0.0
137610,CF (ItemKNN),0.0,0.0
137610,Content (Avg Emb),0.0,0.0
137610,Last-Item,0.0,0.0
137610,Avg-Last-10,0.0,0.0
137610,Recency-Weighted,0.0,0.0
137610,Essence (K=15),0.0,0.0
137660,Random,0.0,
137660,Popularity,0.0,
137660,CF (ItemKNN),0.0,
137660,Content (Avg Emb),0.0,
137660,Last-Item,0.0,
137660,Avg-Last-10,0.0,
137660,Recency-Weighted,0.0,
137660,Essence (K=15),0.0,
137757,Random,0.0,
137757,Popularity,0.0,
137757,CF (ItemKNN),0.0,
137757,Content (Avg Emb),0.0,
137757,Last-Item,0.0,
137757,Avg-Last-10,0.0,
137757,Recency-Weighted,0.0,
137757,Essence (K=15),0.0,
137769,Random,0.0,0.0
137769,Popularity,0.0,0.0
137769,CF (ItemKNN),0.0,0.0
137769,Content (Avg Emb),0.043478260869565216,0.0
137769,Last-Item,0.0,0.0
137769,Avg-Last-10,0.0,0.0
137769,Recency-Weighted,0.0,0.0
137769,Essence (K=15),0.043478260869565216,0.0
137773,Random,0.0,0.0
137773,Popularity,0.0,0.0
137773,CF (ItemKNN),0.3333333333333333,0.0
137773,Content (Avg Emb),0.0,0.0
137773,Last-Item,0.0,0.0
137773,Avg-Last-10,0.0,0.0
137773,Recency-Weighted,0.0,0.0
137773,Essence (K=15),0.0,0.0
137853,Random,0.0,
137853,Popularity,0.2222222222222222,
137853,CF (ItemKNN),0.2222222222222222,
137853,Content (Avg Emb),0.0,
137853,Last-Item,0.0,
137853,Avg-Last-10,0.0,
137853,Recency-Weighted,0.0,
137853,Essence (K=15),0.0,
137863,Random,0.0,
137863,Popularity,0.0,
137863,CF (ItemKNN),0.0,
137863,Content (Avg Emb),0.0,
137863,Last-Item,0.0,
137863,Avg-Last-10,0.0,
137863,Recency-Weighted,0.0,
137863,Essence (K=15),0.0,
137905,Random,0.0,
137905,Popularity,0.0,
137905,CF (ItemKNN),0.0,
137905,Content (Avg Emb),0.0,
137905,Last-Item,0.0,
137905,Avg-Last-10,0.0,
137905,Recency-Weighted,0.0,
137905,Essence (K=15),0.0,
137942,Random,0.0,
137942,Popularity,0.0,
137942,CF (ItemKNN),0.08333333333333333,
137942,Content (Avg Emb),0.0,
137942,Last-Item,0.0,
137942,Avg-Last-10,0.0,
137942,Recency-Weighted,0.0,
137942,Essence (K=15),0.0,
137994,Random,0.0,
137994,Popularity,0.0,
137994,CF (ItemKNN),0.0,
137994,Content (Avg Emb),0.0,
137994,Last-Item,0.0,
137994,Avg-Last-10,0.0,
137994,Recency-Weighted,0.0,
137994,Essence (K=15),0.0,
138170,Random,0.0,0.0
138170,Popularity,0.10344827586206896,0.0
138170,CF (ItemKNN),0.034482758620689655,0.0
138170,Content (Avg Emb),0.0,0.0
138170,Last-Item,0.0,0.0
138170,Avg-Last-10,0.0,0.0
138170,Recency-Weighted,0.0,0.0
138170,Essence (K=15),0.0,0.0
138191,Random,0.03571428571428571,0.0
138191,Popularity,0.03571428571428571,0.0
138191,CF (ItemKNN),0.0,0.0
138191,Content (Avg Emb),0.0,0.0
138191,Last-Item,0.0,0.0
138191,Avg-Last-10,0.0,0.0
138191,Recency-Weighted,0.0,0.0
138191,Essence (K=15),0.03571428571428571,0.0
138217,Random,0.0,
138217,Popularity,0.0,
138217,CF (ItemKNN),0.0,
138217,Content (Avg Emb),0.0,
138217,Last-Item,0.0,
138217,Avg-Last-10,0.0,
138217,Recency-Weighted,0.0,
138217,Essence (K=15),0.0,
138260,Random,0.0,
138260,Popularity,0.0625,
138260,CF (ItemKNN),0.1875,
138260,Content (Avg Emb),0.0,
138260,Last-Item,0.0,
138260,Avg-Last-10,0.0,
138260,Recency-Weighted,0.0,
138260,Essence (K=15),0.0,
138349,Random,0.0,
138349,Popularity,0.0,
138349,CF (ItemKNN),0.0,
138349,Content (Avg Emb),0.0,
138349,Last-Item,0.0,
138349,Avg-Last-10,0.0,
138349,Recency-Weighted,0.0,
138349,Essence (K=15),0.0,
138601,Random,0.0,
138601,Popularity,0.0,
138601,CF (ItemKNN),0.0,
138601,Content (Avg Emb),0.0,
138601,Last-Item,0.0,
138601,Avg-Last-10,0.0,
138601,Recency-Weighted,0.0,
138601,Essence (K=15),0.0,
138639,Random,0.0,
138639,Popularity,0.058823529411764705,
138639,CF (ItemKNN),0.058823529411764705,
138639,Content (Avg Emb),0.0,
138639,Last-Item,0.0,
138639,Avg-Last-10,0.0,
138639,Recency-Weighted,0.0,
138639,Essence (K=15),0.0,
138745,Random,0.0,
138745,Popularity,0.0,
138745,CF (ItemKNN),0.0,
138745,Content (Avg Emb),0.1111111111111111,
138745,Last-Item,0.0,
138745,Avg-Last-10,0.0,
138745,Recency-Weighted,0.0,
138745,Essence (K=15),0.0,
138779,Random,0.0,
138779,Popularity,0.5,
138779,CF (ItemKNN),0.5,
138779,Content (Avg Emb),0.0,
138779,Last-Item,0.0,
138779,Avg-Last-10,0.0,
138779,Recency-Weighted,0.0,
138779,Essence (K=15),0.0,
138781,Random,0.0,
138781,Popularity,0.0,
138781,CF (ItemKNN),0.0,
138781,Content (Avg Emb),0.0,
138781,Last-Item,0.0,
138781,Avg-Last-10,0.0,
138781,Recency-Weighted,0.0,
138781,Essence (K=15),0.0,
138862,Random,0.0,
138862,Popularity,0.0,
138862,CF (ItemKNN),0.0,
138862,Content (Avg Emb),0.0,
138862,Last-Item,0.0,
138862,Avg-Last-10,0.07142857142857142,
138862,Recency-Weighted,0.0,
138862,Essence (K=15),0.0,
138872,Random,0.0,
138872,Popularity,0.0,
138872,CF (ItemKNN),0.0,
138872,Content (Avg Emb),0.0,
138872,Last-Item,0.0,
138872,Avg-Last-10,0.0,
138872,Recency-Weighted,0.0,
138872,Essence (K=15),0.0,
139110,Random,0.0,0.0
139110,Popularity,0.0,0.0
139110,CF (ItemKNN),0.0,0.0
139110,Content (Avg Emb),0.0,0.0
139110,Last-Item,0.0,0.0
139110,Avg-Last-10,0.0,0.0
139110,Recency-Weighted,0.0,0.0
139110,Essence (K=15),0.0,0.0
139217,Random,0.0,
139217,Popularity,0.0,
139217,CF (ItemKNN),0.4,
139217,Content (Avg Emb),0.0,
139217,Last-Item,0.0,
139217,Avg-Last-10,0.0,
139217,Recency-Weighted,0.0,
139217,Essence (K=15),0.0,
139271,Random,0.0,0.0
139271,Popularity,0.08108108108108109,0.0
139271,CF (ItemKNN),0.08108108108108109,0.0
139271,Content (Avg Emb),0.0,0.0
139271,Last-Item,0.0,0.0
139271,Avg-Last-10,0.0,0.0
139271,Recency-Weighted,0.0,0.0
139271,Essence (K=15),0.0,0.0
139294,Random,0.0,
139294,Popularity,0.0,
139294,CF (ItemKNN),0.0,
139294,Content (Avg Emb),0.0,
139294,Last-Item,0.0,
139294,Avg-Last-10,0.0,
139294,Recency-Weighted,0.0,
139294,Essence (K=15),0.0,
139367,Random,0.0,
139367,Popularity,0.0,
139367,CF (ItemKNN),0.0,
139367,Content (Avg Emb),0.0,
139367,Last-Item,0.0,
139367,Avg-Last-10,0.0,
139367,Recency-Weighted,0.0,
139367,Essence (K=15),0.0,
139441,Random,0.0,
139441,Popularity,0.0,
139441,CF (ItemKNN),0.0,
139441,Content (Avg Emb),0.0,
139441,Last-Item,0.0,
139441,Avg-Last-10,0.0,
139441,Recency-Weighted,0.0,
139441,Essence (K=15),0.0,
139560,Random,0.0,
139560,Popularity,0.0,
139560,CF (ItemKNN),0.0,
139560,Content (Avg Emb),0.0,
139560,Last-Item,0.05555555555555555,
139560,Avg-Last-10,0.05555555555555555,
139560,Recency-Weighted,0.05555555555555555,
139560,Essence (K=15),0.0,
139596,Random,0.0,
139596,Popularity,0.16666666666666666,
139596,CF (ItemKNN),0.3333333333333333,
139596,Content (Avg Emb),0.0,
139596,Last-Item,0.0,
139596,Avg-Last-10,0.0,
139596,Recency-Weighted,0.0,
139596,Essence (K=15),0.0,
139769,Random,0.0,
139769,Popularity,0.0,
139769,CF (ItemKNN),0.0,
139769,Content (Avg Emb),0.0,
139769,Last-Item,0.0,
139769,Avg-Last-10,0.0,
139769,Recency-Weighted,0.0,
139769,Essence (K=15),0.0,
139799,Random,0.0,
139799,Popularity,0.16666666666666666,
139799,CF (ItemKNN),0.0,
139799,Content (Avg Emb),0.0,
139799,Last-Item,0.0,
139799,Avg-Last-10,0.0,
139799,Recency-Weighted,0.0,
139799,Essence (K=15),0.0,
140005,Random,0.0,
140005,Popularity,0.0,
140005,CF (ItemKNN),0.047619047619047616,
140005,Content (Avg Emb),0.0,
140005,Last-Item,0.0,
140005,Avg-Last-10,0.0,
140005,Recency-Weighted,0.0,
140005,Essence (K=15),0.0,
140007,Random,0.0,
140007,Popularity,0.11538461538461539,
140007,CF (ItemKNN),0.15384615384615385,
140007,Content (Avg Emb),0.0,
140007,Last-Item,0.0,
140007,Avg-Last-10,0.0,
140007,Recency-Weighted,0.0,
140007,Essence (K=15),0.0,
140011,Random,0.0,
140011,Popularity,0.0,
140011,CF (ItemKNN),0.0,
140011,Content (Avg Emb),0.0,
140011,Last-Item,0.0,
140011,Avg-Last-10,0.0,
140011,Recency-Weighted,0.0,
140011,Essence (K=15),0.0,
140095,Random,0.0,
140095,Popularity,0.0,
140095,CF (ItemKNN),0.0,
140095,Content (Avg Emb),0.0,
140095,Last-Item,0.0,
140095,Avg-Last-10,0.0,
140095,Recency-Weighted,0.0,
140095,Essence (K=15),0.0,
140286,Random,0.0,
140286,Popularity,0.0,
140286,CF (ItemKNN),0.0,
140286,Content (Avg Emb),0.0,
140286,Last-Item,0.0,
140286,Avg-Last-10,0.0,
140286,Recency-Weighted,0.0,
140286,Essence (K=15),0.0,
140292,Random,0.0,
140292,Popularity,0.05555555555555555,
140292,CF (ItemKNN),0.05555555555555555,
140292,Content (Avg Emb),0.0,
140292,Last-Item,0.0,
140292,Avg-Last-10,0.0,
140292,Recency-Weighted,0.0,
140292,Essence (K=15),0.0,
140313,Random,0.0,
140313,Popularity,0.0,
140313,CF (ItemKNN),0.0,
140313,Content (Avg Emb),0.0,
140313,Last-Item,0.0,
140313,Avg-Last-10,0.0,
140313,Recency-Weighted,0.0,
140313,Essence (K=15),0.0,
140455,Random,0.0,
140455,Popularity,0.1875,
140455,CF (ItemKNN),0.1875,
140455,Content (Avg Emb),0.0,
140455,Last-Item,0.0,
140455,Avg-Last-10,0.0,
140455,Recency-Weighted,0.0,
140455,Essence (K=15),0.0,
140552,Random,0.0,0.0
140552,Popularity,0.0,0.0
140552,CF (ItemKNN),0.0,0.0
140552,Content (Avg Emb),0.0,0.0
140552,Last-Item,0.0,0.0
140552,Avg-Last-10,0.0,0.0
140552,Recency-Weighted,0.0,0.0
140552,Essence (K=15),0.02631578947368421,0.0
140627,Random,0.0,0.0
140627,Popularity,0.0,0.0
140627,CF (ItemKNN),0.0,0.0
140627,Content (Avg Emb),0.0,0.0
140627,Last-Item,0.0,0.0
140627,Avg-Last-10,0.0,0.0
140627,Recency-Weighted,0.0,0.0
140627,Essence (K=15),0.0,0.0
140797,Random,0.0,
140797,Popularity,0.0,
140797,CF (ItemKNN),0.0,
140797,Content (Avg Emb),0.0,
140797,Last-Item,0.0,
140797,Avg-Last-10,0.0,
140797,Recency-Weighted,0.0,
140797,Essence (K=15),0.0,
140877,Random,0.0,0.0
140877,Popularity,0.0,0.0
140877,CF (ItemKNN),0.18181818181818182,0.0
140877,Content (Avg Emb),0.0,0.0
140877,Last-Item,0.0,0.0
140877,Avg-Last-10,0.0,0.0
140877,Recency-Weighted,0.0,0.0
140877,Essence (K=15),0.0,0.0
140948,Random,0.0,
140948,Popularity,0.047619047619047616,
140948,CF (ItemKNN),0.047619047619047616,
140948,Content (Avg Emb),0.0,
140948,Last-Item,0.0,
140948,Avg-Last-10,0.0,
140948,Recency-Weighted,0.0,
140948,Essence (K=15),0.0,
141018,Random,0.0,
141018,Popularity,0.5,
141018,CF (ItemKNN),0.25,
141018,Content (Avg Emb),0.0,
141018,Last-Item,0.0,
141018,Avg-Last-10,0.0,
141018,Recency-Weighted,0.0,
141018,Essence (K=15),0.0,
141029,Random,0.0,
141029,Popularity,0.0,
141029,CF (ItemKNN),0.0,
141029,Content (Avg Emb),0.0,
141029,Last-Item,0.0,
141029,Avg-Last-10,0.0,
141029,Recency-Weighted,0.0,
141029,Essence (K=15),0.0,
141390,Random,0.0,0.0
141390,Popularity,0.0,0.0
141390,CF (ItemKNN),0.0,0.0
141390,Content (Avg Emb),0.0,0.0
141390,Last-Item,0.0,0.0
141390,Avg-Last-10,0.0,0.0
141390,Recency-Weighted,0.0,0.0
141390,Essence (K=15),0.0,0.0
141400,Random,0.0,
141400,Popularity,0.0,
141400,CF (ItemKNN),0.09523809523809523,
141400,Content (Avg Emb),0.0,
141400,Last-Item,0.0,
141400,Avg-Last-10,0.0,
141400,Recency-Weighted,0.0,
141400,Essence (K=15),0.0,
141425,Random,0.0,
141425,Popularity,0.0,
141425,CF (ItemKNN),0.0,
141425,Content (Avg Emb),0.0,
141425,Last-Item,0.0,
141425,Avg-Last-10,0.0,
141425,Recency-Weighted,0.0,
141425,Essence (K=15),0.0,
141607,Random,0.0,0.0
141607,Popularity,0.0,0.0
141607,CF (ItemKNN),0.0,0.0
141607,Content (Avg Emb),0.0,0.0
141607,Last-Item,0.1111111111111111,0.0
141607,Avg-Last-10,0.0,0.0
141607,Recency-Weighted,0.0,0.0
141607,Essence (K=15),0.0,0.0
142046,Random,0.0,
142046,Popularity,0.0625,
142046,CF (ItemKNN),0.0,
142046,Content (Avg Emb),0.125,
142046,Last-Item,0.0,
142046,Avg-Last-10,0.1875,
142046,Recency-Weighted,0.1875,
142046,Essence (K=15),0.125,
142186,Random,0.0,
142186,Popularity,0.0,
142186,CF (ItemKNN),0.0,
142186,Content (Avg Emb),0.0,
142186,Last-Item,0.0,
142186,Avg-Last-10,0.0,
142186,Recency-Weighted,0.0,
142186,Essence (K=15),0.0,
142336,Random,0.0,
142336,Popularity,0.25,
142336,CF (ItemKNN),0.25,
142336,Content (Avg Emb),0.0,
142336,Last-Item,0.0,
142336,Avg-Last-10,0.0,
142336,Recency-Weighted,0.0,
142336,Essence (K=15),0.0,
142431,Random,0.0,
142431,Popularity,0.0,
142431,CF (ItemKNN),0.0,
142431,Content (Avg Emb),0.0,
142431,Last-Item,0.0,
142431,Avg-Last-10,0.0,
142431,Recency-Weighted,0.07142857142857142,
142431,Essence (K=15),0.0,
142527,Random,0.0,0.0
142527,Popularity,0.0,0.0
142527,CF (ItemKNN),0.0,0.0
142527,Content (Avg Emb),0.0,0.0
142527,Last-Item,0.0,0.0
142527,Avg-Last-10,0.0,0.0
142527,Recency-Weighted,0.0,0.0
142527,Essence (K=15),0.0,0.0
142756,Random,0.0,
142756,Popularity,0.0,
142756,CF (ItemKNN),0.0,
142756,Content (Avg Emb),0.0,
142756,Last-Item,0.0,
142756,Avg-Last-10,0.0,
142756,Recency-Weighted,0.0,
142756,Essence (K=15),0.0,
143006,Random,0.0,
143006,Popularity,0.14285714285714285,
143006,CF (ItemKNN),0.2857142857142857,
143006,Content (Avg Emb),0.0,
143006,Last-Item,0.14285714285714285,
143006,Avg-Last-10,0.0,
143006,Recency-Weighted,0.0,
143006,Essence (K=15),0.0,
143068,Random,0.0,
143068,Popularity,0.0,
143068,CF (ItemKNN),0.0,
143068,Content (Avg Emb),0.125,
143068,Last-Item,0.0,
143068,Avg-Last-10,0.0,
143068,Recency-Weighted,0.0,
143068,Essence (K=15),0.0,
143301,Random,0.0,
143301,Popularity,0.037037037037037035,
143301,CF (ItemKNN),0.037037037037037035,
143301,Content (Avg Emb),0.0,
143301,Last-Item,0.0,
143301,Avg-Last-10,0.0,
143301,Recency-Weighted,0.0,
143301,Essence (K=15),0.0,
143386,Random,0.0,
143386,Popularity,0.0,
143386,CF (ItemKNN),0.0,
143386,Content (Avg Emb),0.0,
143386,Last-Item,0.0,
143386,Avg-Last-10,0.0,
143386,Recency-Weighted,0.0,
143386,Essence (K=15),0.0,
143442,Random,0.0,
143442,Popularity,0.125,
143442,CF (ItemKNN),0.125,
143442,Content (Avg Emb),0.0,
143442,Last-Item,0.0,
143442,Avg-Last-10,0.0,
143442,Recency-Weighted,0.0,
143442,Essence (K=15),0.0,
143460,Random,0.0,
143460,Popularity,0.0,
143460,CF (ItemKNN),0.0,
143460,Content (Avg Emb),0.0,
143460,Last-Item,0.0,
143460,Avg-Last-10,0.0,
143460,Recency-Weighted,0.0,
143460,Essence (K=15),0.0,
143465,Random,0.0,0.0
143465,Popularity,0.0,0.0
143465,CF (ItemKNN),0.03225806451612903,0.0
143465,Content (Avg Emb),0.03225806451612903,0.0
143465,Last-Item,0.03225806451612903,0.0
143465,Avg-Last-10,0.03225806451612903,0.0
143465,Recency-Weighted,0.03225806451612903,0.0
143465,Essence (K=15),0.0,0.0
143490,Random,0.0,
143490,Popularity,0.0,
143490,CF (ItemKNN),0.2857142857142857,
143490,Content (Avg Emb),0.0,
143490,Last-Item,0.0,
143490,Avg-Last-10,0.0,
143490,Recency-Weighted,0.0,
143490,Essence (K=15),0.0,
143753,Random,0.14285714285714285,
143753,Popularity,0.0,
143753,CF (ItemKNN),0.0,
143753,Content (Avg Emb),0.0,
143753,Last-Item,0.0,
143753,Avg-Last-10,0.0,
143753,Recency-Weighted,0.0,
143753,Essence (K=15),0.0,
143780,Random,0.0,0.0
143780,Popularity,0.0,0.0
143780,CF (ItemKNN),0.0,0.0
143780,Content (Avg Emb),0.0,0.0
143780,Last-Item,0.0,0.0
143780,Avg-Last-10,0.0,0.0
143780,Recency-Weighted,0.0,0.0
143780,Essence (K=15),0.0,0.0
143931,Random,0.0,
143931,Popularity,0.08108108108108109,
143931,CF (ItemKNN),0.08108108108108109,
143931,Content (Avg Emb),0.0,
143931,Last-Item,0.0,
143931,Avg-Last-10,0.0,
143931,Recency-Weighted,0.0,
143931,Essence (K=15),0.02702702702702703,
143944,Random,0.0,
143944,Popularity,0.0,
143944,CF (ItemKNN),0.0,
143944,Content (Avg Emb),0.0,
143944,Last-Item,0.0,
143944,Avg-Last-10,0.0,
143944,Recency-Weighted,0.0625,
143944,Essence (K=15),0.0625,
143982,Random,0.0,
143982,Popularity,0.2,
143982,CF (ItemKNN),0.26666666666666666,
143982,Content (Avg Emb),0.0,
143982,Last-Item,0.0,
143982,Avg-Last-10,0.0,
143982,Recency-Weighted,0.0,
143982,Essence (K=15),0.0,
144038,Random,0.0,0.0
144038,Popularity,0.0,0.0
144038,CF (ItemKNN),0.0,0.0
144038,Content (Avg Emb),0.0,0.0
144038,Last-Item,0.0,0.0
144038,Avg-Last-10,0.0,0.0
144038,Recency-Weighted,0.0,0.0
144038,Essence (K=15),0.0,0.0
144114,Random,0.0,
144114,Popularity,0.0,
144114,CF (ItemKNN),0.045454545454545456,
144114,Content (Avg Emb),0.0,
144114,Last-Item,0.0,
144114,Avg-Last-10,0.0,
144114,Recency-Weighted,0.0,
144114,Essence (K=15),0.0,
144126,Random,0.0,
144126,Popularity,0.2,
144126,CF (ItemKNN),0.2,
144126,Content (Avg Emb),0.0,
144126,Last-Item,0.0,
144126,Avg-Last-10,0.0,
144126,Recency-Weighted,0.0,
144126,Essence (K=15),0.0,
144204,Random,0.0,
144204,Popularity,0.16666666666666666,
144204,CF (ItemKNN),0.16666666666666666,
144204,Content (Avg Emb),0.0,
144204,Last-Item,0.0,
144204,Avg-Last-10,0.0,
144204,Recency-Weighted,0.0,
144204,Essence (K=15),0.16666666666666666,
144298,Random,0.0,
144298,Popularity,0.0,
144298,CF (ItemKNN),0.0,
144298,Content (Avg Emb),0.037037037037037035,
144298,Last-Item,0.0,
144298,Avg-Last-10,0.0,
144298,Recency-Weighted,0.0,
144298,Essence (K=15),0.0,
144317,Random,0.0,0.0
144317,Popularity,0.0,0.0
144317,CF (ItemKNN),0.0,0.0
144317,Content (Avg Emb),0.0,0.0
144317,Last-Item,0.0,0.0
144317,Avg-Last-10,0.0,0.0
144317,Recency-Weighted,0.0,0.0
144317,Essence (K=15),0.0,0.0
144575,Random,0.0,
144575,Popularity,0.09523809523809523,
144575,CF (ItemKNN),0.2857142857142857,
144575,Content (Avg Emb),0.0,
144575,Last-Item,0.0,
144575,Avg-Last-10,0.0,
144575,Recency-Weighted,0.0,
144575,Essence (K=15),0.0,
144602,Random,0.0,0.0
144602,Popularity,0.07692307692307693,0.0
144602,CF (ItemKNN),0.0,0.0
144602,Content (Avg Emb),0.0,0.0
144602,Last-Item,0.0,0.0
144602,Avg-Last-10,0.0,0.0
144602,Recency-Weighted,0.0,0.0
144602,Essence (K=15),0.0,0.0
144781,Random,0.0,
144781,Popularity,0.0,
144781,CF (ItemKNN),0.0,
144781,Content (Avg Emb),0.0,
144781,Last-Item,0.0,
144781,Avg-Last-10,0.0,
144781,Recency-Weighted,0.0,
144781,Essence (K=15),0.0,
144803,Random,0.0,
144803,Popularity,0.21428571428571427,
144803,CF (ItemKNN),0.21428571428571427,
144803,Content (Avg Emb),0.0,
144803,Last-Item,0.0,
144803,Avg-Last-10,0.0,
144803,Recency-Weighted,0.0,
144803,Essence (K=15),0.0,
145024,Random,0.05263157894736842,
145024,Popularity,0.0,
145024,CF (ItemKNN),0.0,
145024,Content (Avg Emb),0.0,
145024,Last-Item,0.0,
145024,Avg-Last-10,0.0,
145024,Recency-Weighted,0.0,
145024,Essence (K=15),0.0,
145044,Random,0.0,
145044,Popularity,0.10526315789473684,
145044,CF (ItemKNN),0.0,
145044,Content (Avg Emb),0.0,
145044,Last-Item,0.0,
145044,Avg-Last-10,0.0,
145044,Recency-Weighted,0.0,
145044,Essence (K=15),0.0,
145262,Random,0.0,
145262,Popularity,0.0,
145262,CF (ItemKNN),0.5,
145262,Content (Avg Emb),0.1,
145262,Last-Item,0.0,
145262,Avg-Last-10,0.1,
145262,Recency-Weighted,0.1,
145262,Essence (K=15),0.0,
145278,Random,0.0,0.0
145278,Popularity,0.0,0.0
145278,CF (ItemKNN),0.0,0.0
145278,Content (Avg Emb),0.0,0.0
145278,Last-Item,0.0,0.0
145278,Avg-Last-10,0.0,0.0
145278,Recency-Weighted,0.0,0.0
145278,Essence (K=15),0.0,0.0
145353,Random,0.0,
145353,Popularity,0.0,
145353,CF (ItemKNN),0.0,
145353,Content (Avg Emb),0.0,
145353,Last-Item,0.0,
145353,Avg-Last-10,0.0,
145353,Recency-Weighted,0.0,
145353,Essence (K=15),0.0,
145392,Random,0.03225806451612903,0.0
145392,Popularity,0.06451612903225806,0.0
145392,CF (ItemKNN),0.03225806451612903,0.0
145392,Content (Avg Emb),0.0,0.0
145392,Last-Item,0.0,0.0
145392,Avg-Last-10,0.0,0.0
145392,Recency-Weighted,0.0,0.0
145392,Essence (K=15),0.0,0.0
145413,Random,0.0,
145413,Popularity,0.0,
145413,CF (ItemKNN),0.0,
145413,Content (Avg Emb),0.0,
145413,Last-Item,0.0,
145413,Avg-Last-10,0.0,
145413,Recency-Weighted,0.0,
145413,Essence (K=15),0.0,
145475,Random,0.0,0.0
145475,Popularity,0.0,0.0
145475,CF (ItemKNN),0.0,0.0
145475,Content (Avg Emb),0.0,0.0
145475,Last-Item,0.0,0.0
145475,Avg-Last-10,0.0,0.0
145475,Recency-Weighted,0.0,0.0
145475,Essence (K=15),0.0,0.0
145494,Random,0.0,
145494,Popularity,0.14285714285714285,
145494,CF (ItemKNN),0.21428571428571427,
145494,Content (Avg Emb),0.0,
145494,Last-Item,0.0,
145494,Avg-Last-10,0.0,
145494,Recency-Weighted,0.0,
145494,Essence (K=15),0.0,
145526,Random,0.0,
145526,Popularity,0.125,
145526,CF (ItemKNN),0.125,
145526,Content (Avg Emb),0.0,
145526,Last-Item,0.0,
145526,Avg-Last-10,0.0,
145526,Recency-Weighted,0.0,
145526,Essence (K=15),0.0,
145589,Random,0.0,
145589,Popularity,0.05714285714285714,
145589,CF (ItemKNN),0.05714285714285714,
145589,Content (Avg Emb),0.0,
145589,Last-Item,0.0,
145589,Avg-Last-10,0.0,
145589,Recency-Weighted,0.0,
145589,Essence (K=15),0.0,
145634,Random,0.0,
145634,Popularity,0.16666666666666666,
145634,CF (ItemKNN),0.0,
145634,Content (Avg Emb),0.0,
145634,Last-Item,0.0,
145634,Avg-Last-10,0.0,
145634,Recency-Weighted,0.0,
145634,Essence (K=15),0.0,
145711,Random,0.0,
145711,Popularity,0.0,
145711,CF (ItemKNN),0.0,
145711,Content (Avg Emb),0.0,
145711,Last-Item,0.0,
145711,Avg-Last-10,0.0,
145711,Recency-Weighted,0.0,
145711,Essence (K=15),0.0,
145786,Random,0.0,
145786,Popularity,0.0,
145786,CF (ItemKNN),0.0,
145786,Content (Avg Emb),0.0,
145786,Last-Item,0.0,
145786,Avg-Last-10,0.0,
145786,Recency-Weighted,0.0,
145786,Essence (K=15),0.0,
145823,Random,0.0,
145823,Popularity,0.0,
145823,CF (ItemKNN),0.0,
145823,Content (Avg Emb),0.0,
145823,Last-Item,0.0,
145823,Avg-Last-10,0.0,
145823,Recency-Weighted,0.0,
145823,Essence (K=15),0.0,
145867,Random,0.0,
145867,Popularity,0.0,
145867,CF (ItemKNN),0.0,
145867,Content (Avg Emb),0.0,
145867,Last-Item,0.2,
145867,Avg-Last-10,0.0,
145867,Recency-Weighted,0.0,
145867,Essence (K=15),0.0,
145925,Random,0.0,
145925,Popularity,0.02857142857142857,
145925,CF (ItemKNN),0.11428571428571428,
145925,Content (Avg Emb),0.0,
145925,Last-Item,0.0,
145925,Avg-Last-10,0.0,
145925,Recency-Weighted,0.0,
145925,Essence (K=15),0.0,
145945,Random,0.0,
145945,Popularity,0.0,
145945,CF (ItemKNN),0.09090909090909091,
145945,Content (Avg Emb),0.0,
145945,Last-Item,0.0,
145945,Avg-Last-10,0.0,
145945,Recency-Weighted,0.0,
145945,Essence (K=15),0.0,
146266,Random,0.0,
146266,Popularity,0.0,
146266,CF (ItemKNN),0.0,
146266,Content (Avg Emb),0.0,
146266,Last-Item,0.14285714285714285,
146266,Avg-Last-10,0.0,
146266,Recency-Weighted,0.0,
146266,Essence (K=15),0.14285714285714285,
146293,Random,0.0,0.0
146293,Popularity,0.0,0.0
146293,CF (ItemKNN),0.0,0.0
146293,Content (Avg Emb),0.0,0.0
146293,Last-Item,0.0,0.0
146293,Avg-Last-10,0.0,0.0
146293,Recency-Weighted,0.0,0.0
146293,Essence (K=15),0.0,0.0
146321,Random,0.0,
146321,Popularity,0.14285714285714285,
146321,CF (ItemKNN),0.2857142857142857,
146321,Content (Avg Emb),0.0,
146321,Last-Item,0.07142857142857142,
146321,Avg-Last-10,0.0,
146321,Recency-Weighted,0.0,
146321,Essence (K=15),0.0,
146323,Random,0.0,
146323,Popularity,0.0,
146323,CF (ItemKNN),0.0,
146323,Content (Avg Emb),0.0,
146323,Last-Item,0.0,
146323,Avg-Last-10,0.0,
146323,Recency-Weighted,0.0,
146323,Essence (K=15),0.0,
146324,Random,0.0,
146324,Popularity,0.16666666666666666,
146324,CF (ItemKNN),0.0,
146324,Content (Avg Emb),0.0,
146324,Last-Item,0.0,
146324,Avg-Last-10,0.0,
146324,Recency-Weighted,0.0,
146324,Essence (K=15),0.0,
146350,Random,0.0,
146350,Popularity,0.0,
146350,CF (ItemKNN),0.0,
146350,Content (Avg Emb),0.0,
146350,Last-Item,0.0,
146350,Avg-Last-10,0.0,
146350,Recency-Weighted,0.0,
146350,Essence (K=15),0.0,
146511,Random,0.0,
146511,Popularity,0.1111111111111111,
146511,CF (ItemKNN),0.1111111111111111,
146511,Content (Avg Emb),0.0,
146511,Last-Item,0.0,
146511,Avg-Last-10,0.0,
146511,Recency-Weighted,0.0,
146511,Essence (K=15),0.0,
146543,Random,0.0,
146543,Popularity,0.0,
146543,CF (ItemKNN),0.0,
146543,Content (Avg Emb),0.0,
146543,Last-Item,0.0,
146543,Avg-Last-10,0.2,
146543,Recency-Weighted,0.0,
146543,Essence (K=15),0.0,
146626,Random,0.0,
146626,Popularity,0.1111111111111111,
146626,CF (ItemKNN),0.16666666666666666,
146626,Content (Avg Emb),0.0,
146626,Last-Item,0.0,
146626,Avg-Last-10,0.0,
146626,Recency-Weighted,0.0,
146626,Essence (K=15),0.0,
146741,Random,0.0,
146741,Popularity,0.0,
146741,CF (ItemKNN),0.0,
146741,Content (Avg Emb),0.0,
146741,Last-Item,0.0,
146741,Avg-Last-10,0.0,
146741,Recency-Weighted,0.0,
146741,Essence (K=15),0.0,
146744,Random,0.0,
146744,Popularity,0.0,
146744,CF (ItemKNN),0.0,
146744,Content (Avg Emb),0.0,
146744,Last-Item,0.0,
146744,Avg-Last-10,0.0,
146744,Recency-Weighted,0.0,
146744,Essence (K=15),0.0,
146796,Random,0.0,
146796,Popularity,0.0,
146796,CF (ItemKNN),0.25,
146796,Content (Avg Emb),0.0,
146796,Last-Item,0.0,
146796,Avg-Last-10,0.0,
146796,Recency-Weighted,0.0,
146796,Essence (K=15),0.0,
146803,Random,0.0,
146803,Popularity,0.2,
146803,CF (ItemKNN),0.0,
146803,Content (Avg Emb),0.0,
146803,Last-Item,0.0,
146803,Avg-Last-10,0.0,
146803,Recency-Weighted,0.0,
146803,Essence (K=15),0.0,
146851,Random,0.0,
146851,Popularity,0.0,
146851,CF (ItemKNN),0.25,
146851,Content (Avg Emb),0.0,
146851,Last-Item,0.0,
146851,Avg-Last-10,0.0,
146851,Recency-Weighted,0.0,
146851,Essence (K=15),0.0,
146862,Random,0.0,
146862,Popularity,0.0,
146862,CF (ItemKNN),0.05128205128205128,
146862,Content (Avg Emb),0.0,
146862,Last-Item,0.0,
146862,Avg-Last-10,0.02564102564102564,
146862,Recency-Weighted,0.02564102564102564,
146862,Essence (K=15),0.02564102564102564,
146935,Random,0.07692307692307693,
146935,Popularity,0.0,
146935,CF (ItemKNN),0.0,
146935,Content (Avg Emb),0.0,
146935,Last-Item,0.0,
146935,Avg-Last-10,0.0,
146935,Recency-Weighted,0.0,
146935,Essence (K=15),0.0,
147068,Random,0.0,
147068,Popularity,0.2,
147068,CF (ItemKNN),0.4,
147068,Content (Avg Emb),0.0,
147068,Last-Item,0.0,
147068,Avg-Last-10,0.0,
147068,Recency-Weighted,0.0,
147068,Essence (K=15),0.0,
147125,Random,0.0,0.0
147125,Popularity,0.0,0.0
147125,CF (ItemKNN),0.0,0.0
147125,Content (Avg Emb),0.0,0.0
147125,Last-Item,0.0,0.0
147125,Avg-Last-10,0.0,0.0
147125,Recency-Weighted,0.0,0.0
147125,Essence (K=15),0.0,0.0
147188,Random,0.0,
147188,Popularity,0.125,
147188,CF (ItemKNN),0.125,
147188,Content (Avg Emb),0.0,
147188,Last-Item,0.0,
147188,Avg-Last-10,0.0,
147188,Recency-Weighted,0.0,
147188,Essence (K=15),0.0,
147401,Random,0.0,0.0
147401,Popularity,0.0,0.0
147401,CF (ItemKNN),0.625,0.0
147401,Content (Avg Emb),0.0,0.0
147401,Last-Item,0.0,0.0
147401,Avg-Last-10,0.0,0.0
147401,Recency-Weighted,0.0,0.0
147401,Essence (K=15),0.0,0.0
147414,Random,0.0,
147414,Popularity,0.125,
147414,CF (ItemKNN),0.125,
147414,Content (Avg Emb),0.0,
147414,Last-Item,0.0,
147414,Avg-Last-10,0.0,
147414,Recency-Weighted,0.0,
147414,Essence (K=15),0.0,
147617,Random,0.0,
147617,Popularity,0.2857142857142857,
147617,CF (ItemKNN),0.42857142857142855,
147617,Content (Avg Emb),0.0,
147617,Last-Item,0.0,
147617,Avg-Last-10,0.0,
147617,Recency-Weighted,0.0,
147617,Essence (K=15),0.0,
147622,Random,0.0,
147622,Popularity,0.2857142857142857,
147622,CF (ItemKNN),0.0,
147622,Content (Avg Emb),0.0,
147622,Last-Item,0.0,
147622,Avg-Last-10,0.0,
147622,Recency-Weighted,0.0,
147622,Essence (K=15),0.0,
147691,Random,0.0,
147691,Popularity,0.0,
147691,CF (ItemKNN),0.0,
147691,Content (Avg Emb),0.0,
147691,Last-Item,0.0,
147691,Avg-Last-10,0.0,
147691,Recency-Weighted,0.0,
147691,Essence (K=15),0.0,
147748,Random,0.0,
147748,Popularity,0.5,
147748,CF (ItemKNN),0.25,
147748,Content (Avg Emb),0.0,
147748,Last-Item,0.0,
147748,Avg-Last-10,0.0,
147748,Recency-Weighted,0.0,
147748,Essence (K=15),0.0,
148179,Random,0.0,0.0
148179,Popularity,0.0,0.0
148179,CF (ItemKNN),0.0,0.0
148179,Content (Avg Emb),0.0,0.0
148179,Last-Item,0.0,0.0
148179,Avg-Last-10,0.0,0.0
148179,Recency-Weighted,0.0,0.0
148179,Essence (K=15),0.0,0.0
148202,Random,0.0,
148202,Popularity,0.0,
148202,CF (ItemKNN),0.125,
148202,Content (Avg Emb),0.0,
148202,Last-Item,0.0,
148202,Avg-Last-10,0.0,
148202,Recency-Weighted,0.0,
148202,Essence (K=15),0.0,
148209,Random,0.0,0.0
148209,Popularity,0.038461538461538464,0.0
148209,CF (ItemKNN),0.038461538461538464,0.0
148209,Content (Avg Emb),0.0,0.0
148209,Last-Item,0.038461538461538464,0.0
148209,Avg-Last-10,0.038461538461538464,0.0
148209,Recency-Weighted,0.07692307692307693,0.0
148209,Essence (K=15),0.0,0.0
148211,Random,0.0,
148211,Popularity,0.2,
148211,CF (ItemKNN),0.7,
148211,Content (Avg Emb),0.0,
148211,Last-Item,0.0,
148211,Avg-Last-10,0.0,
148211,Recency-Weighted,0.0,
148211,Essence (K=15),0.0,
148290,Random,0.0,
148290,Popularity,0.0,
148290,CF (ItemKNN),0.2,
148290,Content (Avg Emb),0.0,
148290,Last-Item,0.0,
148290,Avg-Last-10,0.0,
148290,Recency-Weighted,0.0,
148290,Essence (K=15),0.0,
148391,Random,0.0,0.0
148391,Popularity,0.06666666666666667,0.0
148391,CF (ItemKNN),0.06666666666666667,0.0
148391,Content (Avg Emb),0.0,0.0
148391,Last-Item,0.0,0.0
148391,Avg-Last-10,0.03333333333333333,0.0
148391,Recency-Weighted,0.03333333333333333,0.0
148391,Essence (K=15),0.0,0.0
148392,Random,0.0,0.0
148392,Popularity,0.0,0.0
148392,CF (ItemKNN),0.0,0.0
148392,Content (Avg Emb),0.0,0.0
148392,Last-Item,0.0,0.0
148392,Avg-Last-10,0.0,0.0
148392,Recency-Weighted,0.0,0.0
148392,Essence (K=15),0.0,0.0
148438,Random,0.0,
148438,Popularity,0.16666666666666666,
148438,CF (ItemKNN),0.16666666666666666,
148438,Content (Avg Emb),0.0,
148438,Last-Item,0.0,
148438,Avg-Last-10,0.0,
148438,Recency-Weighted,0.0,
148438,Essence (K=15),0.0,
148547,Random,0.0,
148547,Popularity,0.0,
148547,CF (ItemKNN),0.0,
148547,Content (Avg Emb),0.0,
148547,Last-Item,0.0,
148547,Avg-Last-10,0.04,
148547,Recency-Weighted,0.04,
148547,Essence (K=15),0.0,
148649,Random,0.0,
148649,Popularity,0.1,
148649,CF (ItemKNN),0.0,
148649,Content (Avg Emb),0.0,
148649,Last-Item,0.0,
148649,Avg-Last-10,0.0,
148649,Recency-Weighted,0.0,
148649,Essence (K=15),0.0,
148773,Random,0.0,
148773,Popularity,0.0,
148773,CF (ItemKNN),0.1111111111111111,
148773,Content (Avg Emb),0.0,
148773,Last-Item,0.0,
148773,Avg-Last-10,0.0,
148773,Recency-Weighted,0.0,
148773,Essence (K=15),0.0,
148850,Random,0.0,0.0
148850,Popularity,0.0,0.0
148850,CF (ItemKNN),0.041666666666666664,0.0
148850,Content (Avg Emb),0.0,0.0
148850,Last-Item,0.0,0.0
148850,Avg-Last-10,0.0,0.0
148850,Recency-Weighted,0.0,0.0
148850,Essence (K=15),0.0,0.0
148925,Random,0.0,
148925,Popularity,0.0,
148925,CF (ItemKNN),0.0,
148925,Content (Avg Emb),0.0,
148925,Last-Item,0.034482758620689655,
148925,Avg-Last-10,0.0,
148925,Recency-Weighted,0.0,
148925,Essence (K=15),0.0,
149005,Random,0.0,
149005,Popularity,0.0,
149005,CF (ItemKNN),0.125,
149005,Content (Avg Emb),0.0,
149005,Last-Item,0.125,
149005,Avg-Last-10,0.0,
149005,Recency-Weighted,0.0,
149005,Essence (K=15),0.0,
149044,Random,0.0,0.0
149044,Popularity,0.025,0.0
149044,CF (ItemKNN),0.05,0.0
149044,Content (Avg Emb),0.0,0.0
149044,Last-Item,0.025,0.0
149044,Avg-Last-10,0.0,0.0
149044,Recency-Weighted,0.025,0.0
149044,Essence (K=15),0.0,0.0
149090,Random,0.0,
149090,Popularity,0.0,
149090,CF (ItemKNN),0.2857142857142857,
149090,Content (Avg Emb),0.0,
149090,Last-Item,0.0,
149090,Avg-Last-10,0.0,
149090,Recency-Weighted,0.0,
149090,Essence (K=15),0.0,
149164,Random,0.0,
149164,Popularity,0.0,
149164,CF (ItemKNN),0.0,
149164,Content (Avg Emb),0.0,
149164,Last-Item,0.0,
149164,Avg-Last-10,0.0,
149164,Recency-Weighted,0.0,
149164,Essence (K=15),0.0,
149239,Random,0.0,0.0
149239,Popularity,0.0,0.0
149239,CF (ItemKNN),0.0,0.0
149239,Content (Avg Emb),0.0,0.0
149239,Last-Item,0.0,0.0
149239,Avg-Last-10,0.0,0.0
149239,Recency-Weighted,0.0,0.0
149239,Essence (K=15),0.0,0.0
149607,Random,0.0,
149607,Popularity,0.0,
149607,CF (ItemKNN),0.0,
149607,Content (Avg Emb),0.0,
149607,Last-Item,0.0,
149607,Avg-Last-10,0.0,
149607,Recency-Weighted,0.0,
149607,Essence (K=15),0.0,
149776,Random,0.0,
149776,Popularity,0.2857142857142857,
149776,CF (ItemKNN),0.2857142857142857,
149776,Content (Avg Emb),0.0,
149776,Last-Item,0.0,
149776,Avg-Last-10,0.0,
149776,Recency-Weighted,0.0,
149776,Essence (K=15),0.0,
149833,Random,0.0,0.0
149833,Popularity,0.0,0.0
149833,CF (ItemKNN),0.0,0.0
149833,Content (Avg Emb),0.0,0.0
149833,Last-Item,0.0,0.0
149833,Avg-Last-10,0.0,0.0
149833,Recency-Weighted,0.0,0.0
149833,Essence (K=15),0.0,0.0
149844,Random,0.0,0.0
149844,Popularity,0.0,0.0
149844,CF (ItemKNN),0.0,0.0
149844,Content (Avg Emb),0.0,0.0
149844,Last-Item,0.0,0.0
149844,Avg-Last-10,0.0,0.0
149844,Recency-Weighted,0.0,0.0
149844,Essence (K=15),0.0,0.0
149879,Random,0.0,
149879,Popularity,0.0,
149879,CF (ItemKNN),0.2727272727272727,
149879,Content (Avg Emb),0.0,
149879,Last-Item,0.0,
149879,Avg-Last-10,0.0,
149879,Recency-Weighted,0.0,
149879,Essence (K=15),0.0,
150027,Random,0.0,
150027,Popularity,0.0,
150027,CF (ItemKNN),0.0,
150027,Content (Avg Emb),0.0,
150027,Last-Item,0.0,
150027,Avg-Last-10,0.0,
150027,Recency-Weighted,0.0,
150027,Essence (K=15),0.0,
150056,Random,0.0,
150056,Popularity,0.375,
150056,CF (ItemKNN),0.0,
150056,Content (Avg Emb),0.0,
150056,Last-Item,0.0,
150056,Avg-Last-10,0.0,
150056,Recency-Weighted,0.0,
150056,Essence (K=15),0.0,
150086,Random,0.0,
150086,Popularity,0.0,
150086,CF (ItemKNN),0.0,
150086,Content (Avg Emb),0.0,
150086,Last-Item,0.0,
150086,Avg-Last-10,0.0,
150086,Recency-Weighted,0.0,
150086,Essence (K=15),0.0,
150126,Random,0.0,
150126,Popularity,0.08333333333333333,
150126,CF (ItemKNN),0.0,
150126,Content (Avg Emb),0.0,
150126,Last-Item,0.0,
150126,Avg-Last-10,0.0,
150126,Recency-Weighted,0.0,
150126,Essence (K=15),0.0,
150135,Random,0.0,
150135,Popularity,0.08333333333333333,
150135,CF (ItemKNN),0.16666666666666666,
150135,Content (Avg Emb),0.0,
150135,Last-Item,0.0,
150135,Avg-Last-10,0.0,
150135,Recency-Weighted,0.0,
150135,Essence (K=15),0.0,
150239,Random,0.0,
150239,Popularity,0.0,
150239,CF (ItemKNN),0.029411764705882353,
150239,Content (Avg Emb),0.0,
150239,Last-Item,0.0,
150239,Avg-Last-10,0.0,
150239,Recency-Weighted,0.0,
150239,Essence (K=15),0.029411764705882353,
150308,Random,0.0,
150308,Popularity,0.0,
150308,CF (ItemKNN),0.0,
150308,Content (Avg Emb),0.0,
150308,Last-Item,0.0,
150308,Avg-Last-10,0.0,
150308,Recency-Weighted,0.0,
150308,Essence (K=15),0.0,
150460,Random,0.0,
150460,Popularity,0.0,
150460,CF (ItemKNN),0.0,
150460,Content (Avg Emb),0.0,
150460,Last-Item,0.0,
150460,Avg-Last-10,0.0,
150460,Recency-Weighted,0.0,
150460,Essence (K=15),0.0,
150642,Random,0.0,
150642,Popularity,0.2,
150642,CF (ItemKNN),0.4,
150642,Content (Avg Emb),0.0,
150642,Last-Item,0.0,
150642,Avg-Last-10,0.0,
150642,Recency-Weighted,0.0,
150642,Essence (K=15),0.0,
150705,Random,0.0,
150705,Popularity,0.0,
150705,CF (ItemKNN),0.0,
150705,Content (Avg Emb),0.0,
150705,Last-Item,0.0,
150705,Avg-Last-10,0.0625,
150705,Recency-Weighted,0.0,
150705,Essence (K=15),0.0,
150760,Random,0.0,0.0
150760,Popularity,0.05405405405405406,0.0
150760,CF (ItemKNN),0.05405405405405406,0.0
150760,Content (Avg Emb),0.0,0.0
150760,Last-Item,0.0,0.0
150760,Avg-Last-10,0.0,0.0
150760,Recency-Weighted,0.0,0.0
150760,Essence (K=15),0.0,0.0
151140,Random,0.0,
151140,Popularity,0.03225806451612903,
151140,CF (ItemKNN),0.03225806451612903,
151140,Content (Avg Emb),0.0,
151140,Last-Item,0.0,
151140,Avg-Last-10,0.0,
151140,Recency-Weighted,0.0,
151140,Essence (K=15),0.0,
151282,Random,0.0,
151282,Popularity,0.0,
151282,CF (ItemKNN),0.14285714285714285,
151282,Content (Avg Emb),0.0,
151282,Last-Item,0.0,
151282,Avg-Last-10,0.14285714285714285,
151282,Recency-Weighted,0.14285714285714285,
151282,Essence (K=15),0.14285714285714285,
151320,Random,0.0,
151320,Popularity,0.0625,
151320,CF (ItemKNN),0.0625,
151320,Content (Avg Emb),0.0,
151320,Last-Item,0.0,
151320,Avg-Last-10,0.0,
151320,Recency-Weighted,0.0625,
151320,Essence (K=15),0.0,
151399,Random,0.0,0.0
151399,Popularity,0.0,0.0
151399,CF (ItemKNN),0.0,0.0
151399,Content (Avg Emb),0.0,0.0
151399,Last-Item,0.0,0.0
151399,Avg-Last-10,0.0,0.0
151399,Recency-Weighted,0.0,0.0
151399,Essence (K=15),0.0,0.0
151468,Random,0.0,
151468,Popularity,0.0,
151468,CF (ItemKNN),0.0,
151468,Content (Avg Emb),0.0,
151468,Last-Item,0.0,
151468,Avg-Last-10,0.0,
151468,Recency-Weighted,0.0,
151468,Essence (K=15),0.0,
151507,Random,0.0,
151507,Popularity,0.0,
151507,CF (ItemKNN),0.0,
151507,Content (Avg Emb),0.0,
151507,Last-Item,0.0,
151507,Avg-Last-10,0.0,
151507,Recency-Weighted,0.0,
151507,Essence (K=15),0.0,
151704,Random,0.0,0.0
151704,Popularity,0.0,0.0
151704,CF (ItemKNN),0.0,0.0
151704,Content (Avg Emb),0.0,0.0
151704,Last-Item,0.0,0.0
151704,Avg-Last-10,0.0,0.0
151704,Recency-Weighted,0.0,0.0
151704,Essence (K=15),0.0,0.0
151843,Random,0.0,
151843,Popularity,0.0,
151843,CF (ItemKNN),0.0,
151843,Content (Avg Emb),0.0,
151843,Last-Item,0.0,
151843,Avg-Last-10,0.0,
151843,Recency-Weighted,0.0,
151843,Essence (K=15),0.0,
152138,Random,0.0,
152138,Popularity,0.25,
152138,CF (ItemKNN),0.25,
152138,Content (Avg Emb),0.125,
152138,Last-Item,0.0,
152138,Avg-Last-10,0.0,
152138,Recency-Weighted,0.0,
152138,Essence (K=15),0.0,
152151,Random,0.0,
152151,Popularity,0.0,
152151,CF (ItemKNN),0.0,
152151,Content (Avg Emb),0.0,
152151,Last-Item,0.0,
152151,Avg-Last-10,0.0,
152151,Recency-Weighted,0.0,
152151,Essence (K=15),0.0,
152160,Random,0.0,0.0
152160,Popularity,0.0,0.0
152160,CF (ItemKNN),0.0,0.0
152160,Content (Avg Emb),0.0,0.0
152160,Last-Item,0.0,0.0
152160,Avg-Last-10,0.0,0.0
152160,Recency-Weighted,0.0,0.0
152160,Essence (K=15),0.0,0.0
152293,Random,0.0,0.0
152293,Popularity,0.0,0.0
152293,CF (ItemKNN),0.0,0.0
152293,Content (Avg Emb),0.0,0.0
152293,Last-Item,0.0,0.0
152293,Avg-Last-10,0.0,0.0
152293,Recency-Weighted,0.0,0.0
152293,Essence (K=15),0.0,0.0
152315,Random,0.0,0.0
152315,Popularity,0.0,0.0
152315,CF (ItemKNN),0.0,0.0
152315,Content (Avg Emb),0.0,0.0
152315,Last-Item,0.0,0.0
152315,Avg-Last-10,0.0,0.0
152315,Recency-Weighted,0.0,0.0
152315,Essence (K=15),0.0,0.0
152336,Random,0.0,
152336,Popularity,0.0,
152336,CF (ItemKNN),0.0,
152336,Content (Avg Emb),0.0,
152336,Last-Item,0.0,
152336,Avg-Last-10,0.0,
152336,Recency-Weighted,0.0,
152336,Essence (K=15),0.0,
152491,Random,0.0,0.0
152491,Popularity,0.07407407407407407,0.0
152491,CF (ItemKNN),0.07407407407407407,0.0
152491,Content (Avg Emb),0.0,0.0
152491,Last-Item,0.037037037037037035,0.0
152491,Avg-Last-10,0.0,0.0
152491,Recency-Weighted,0.0,0.0
152491,Essence (K=15),0.037037037037037035,0.0
152538,Random,0.0,
152538,Popularity,0.125,
152538,CF (ItemKNN),0.0,
152538,Content (Avg Emb),0.0,
152538,Last-Item,0.0,
152538,Avg-Last-10,0.0,
152538,Recency-Weighted,0.0,
152538,Essence (K=15),0.0,
152792,Random,0.0,
152792,Popularity,0.0,
152792,CF (ItemKNN),0.0,
152792,Content (Avg Emb),0.0,
152792,Last-Item,0.0,
152792,Avg-Last-10,0.0,
152792,Recency-Weighted,0.0,
152792,Essence (K=15),0.0,
152852,Random,0.0,
152852,Popularity,0.0,
152852,CF (ItemKNN),0.0,
152852,Content (Avg Emb),0.0,
152852,Last-Item,0.0,
152852,Avg-Last-10,0.0,
152852,Recency-Weighted,0.0,
152852,Essence (K=15),0.0,
152886,Random,0.0,
152886,Popularity,0.1,
152886,CF (ItemKNN),0.2,
152886,Content (Avg Emb),0.0,
152886,Last-Item,0.0,
152886,Avg-Last-10,0.0,
152886,Recency-Weighted,0.0,
152886,Essence (K=15),0.0,
152897,Random,0.0,
152897,Popularity,0.0,
152897,CF (ItemKNN),0.0,
152897,Content (Avg Emb),0.0,
152897,Last-Item,0.0,
152897,Avg-Last-10,0.0,
152897,Recency-Weighted,0.0,
152897,Essence (K=15),0.0,
153006,Random,0.0,
153006,Popularity,0.07142857142857142,
153006,CF (ItemKNN),0.21428571428571427,
153006,Content (Avg Emb),0.0,
153006,Last-Item,0.0,
153006,Avg-Last-10,0.0,
153006,Recency-Weighted,0.0,
153006,Essence (K=15),0.0,
153014,Random,0.0,
153014,Popularity,0.4,
153014,CF (ItemKNN),0.2,
153014,Content (Avg Emb),0.0,
153014,Last-Item,0.0,
153014,Avg-Last-10,0.0,
153014,Recency-Weighted,0.0,
153014,Essence (K=15),0.0,
153115,Random,0.0,
153115,Popularity,0.0,
153115,CF (ItemKNN),0.0,
153115,Content (Avg Emb),0.0,
153115,Last-Item,0.0,
153115,Avg-Last-10,0.0,
153115,Recency-Weighted,0.0,
153115,Essence (K=15),0.0,
153235,Random,0.0,
153235,Popularity,0.0,
153235,CF (ItemKNN),0.0,
153235,Content (Avg Emb),0.0,
153235,Last-Item,0.0,
153235,Avg-Last-10,0.0,
153235,Recency-Weighted,0.0,
153235,Essence (K=15),0.0,
153287,Random,0.025,
153287,Popularity,0.075,
153287,CF (ItemKNN),0.075,
153287,Content (Avg Emb),0.0,
153287,Last-Item,0.0,
153287,Avg-Last-10,0.0,
153287,Recency-Weighted,0.025,
153287,Essence (K=15),0.0,
153402,Random,0.0,
153402,Popularity,0.0,
153402,CF (ItemKNN),0.0,
153402,Content (Avg Emb),0.0,
153402,Last-Item,0.0,
153402,Avg-Last-10,0.0,
153402,Recency-Weighted,0.0,
153402,Essence (K=15),0.0,
153603,Random,0.0,
153603,Popularity,0.0,
153603,CF (ItemKNN),0.0,
153603,Content (Avg Emb),0.0,
153603,Last-Item,0.0,
153603,Avg-Last-10,0.0,
153603,Recency-Weighted,0.0,
153603,Essence (K=15),0.0,
153605,Random,0.0,
153605,Popularity,0.0,
153605,CF (ItemKNN),0.0,
153605,Content (Avg Emb),0.0,
153605,Last-Item,0.0,
153605,Avg-Last-10,0.0,
153605,Recency-Weighted,0.0,
153605,Essence (K=15),0.0,
153611,Random,0.0,0.0
153611,Popularity,0.0,0.0
153611,CF (ItemKNN),0.0,0.0
153611,Content (Avg Emb),0.0,0.0
153611,Last-Item,0.0,0.0
153611,Avg-Last-10,0.0,0.0
153611,Recency-Weighted,0.0,0.0
153611,Essence (K=15),0.0,0.0
153624,Random,0.0,
153624,Popularity,0.08333333333333333,
153624,CF (ItemKNN),0.16666666666666666,
153624,Content (Avg Emb),0.0,
153624,Last-Item,0.0,
153624,Avg-Last-10,0.0,
153624,Recency-Weighted,0.0,
153624,Essence (K=15),0.0,
153671,Random,0.0,
153671,Popularity,0.25,
153671,CF (ItemKNN),0.0,
153671,Content (Avg Emb),0.0,
153671,Last-Item,0.0,
153671,Avg-Last-10,0.0,
153671,Recency-Weighted,0.0,
153671,Essence (K=15),0.0,
153743,Random,0.0,
153743,Popularity,0.0,
153743,CF (ItemKNN),0.6,
153743,Content (Avg Emb),0.0,
153743,Last-Item,0.0,
153743,Avg-Last-10,0.0,
153743,Recency-Weighted,0.0,
153743,Essence (K=15),0.0,
153811,Random,0.0,
153811,Popularity,0.0,
153811,CF (ItemKNN),0.0,
153811,Content (Avg Emb),0.0,
153811,Last-Item,0.0,
153811,Avg-Last-10,0.0,
153811,Recency-Weighted,0.0,
153811,Essence (K=15),0.0,
153843,Random,0.0,0.0
153843,Popularity,0.0,0.0
153843,CF (ItemKNN),0.0,0.0
153843,Content (Avg Emb),0.0,0.0
153843,Last-Item,0.0,0.0
153843,Avg-Last-10,0.0,0.0
153843,Recency-Weighted,0.0,0.0
153843,Essence (K=15),0.0,0.0
153971,Random,0.0,0.0
153971,Popularity,0.0,0.0
153971,CF (ItemKNN),0.0,0.0
153971,Content (Avg Emb),0.0,0.0
153971,Last-Item,0.07692307692307693,0.0
153971,Avg-Last-10,0.0,0.0
153971,Recency-Weighted,0.0,0.0
153971,Essence (K=15),0.0,0.0
154130,Random,0.0,
154130,Popularity,0.0,
154130,CF (ItemKNN),0.0,
154130,Content (Avg Emb),0.0,
154130,Last-Item,0.0,
154130,Avg-Last-10,0.0,
154130,Recency-Weighted,0.0,
154130,Essence (K=15),0.0,
154144,Random,0.0,0.0
154144,Popularity,0.0,0.0
154144,CF (ItemKNN),0.0,0.0
154144,Content (Avg Emb),0.0,0.0
154144,Last-Item,0.0,0.0
154144,Avg-Last-10,0.0,0.0
154144,Recency-Weighted,0.0,0.0
154144,Essence (K=15),0.0,0.0
154297,Random,0.0,
154297,Popularity,0.0,
154297,CF (ItemKNN),0.14285714285714285,
154297,Content (Avg Emb),0.0,
154297,Last-Item,0.0,
154297,Avg-Last-10,0.0,
154297,Recency-Weighted,0.0,
154297,Essence (K=15),0.0,
154390,Random,0.0,0.0
154390,Popularity,0.0,0.0
154390,CF (ItemKNN),0.2857142857142857,0.0
154390,Content (Avg Emb),0.0,0.0
154390,Last-Item,0.0,0.0
154390,Avg-Last-10,0.0,0.0
154390,Recency-Weighted,0.0,0.0
154390,Essence (K=15),0.0,0.0
154506,Random,0.0,
154506,Popularity,0.0,
154506,CF (ItemKNN),0.0,
154506,Content (Avg Emb),0.0,
154506,Last-Item,0.0,
154506,Avg-Last-10,0.0,
154506,Recency-Weighted,0.0,
154506,Essence (K=15),0.0,
154717,Random,0.0,
154717,Popularity,0.0,
154717,CF (ItemKNN),0.4,
154717,Content (Avg Emb),0.0,
154717,Last-Item,0.0,
154717,Avg-Last-10,0.0,
154717,Recency-Weighted,0.0,
154717,Essence (K=15),0.0,
154860,Random,0.0,
154860,Popularity,0.0,
154860,CF (ItemKNN),0.0,
154860,Content (Avg Emb),0.0,
154860,Last-Item,0.0,
154860,Avg-Last-10,0.0,
154860,Recency-Weighted,0.0,
154860,Essence (K=15),0.0,
155215,Random,0.03125,
155215,Popularity,0.0,
155215,CF (ItemKNN),0.125,
155215,Content (Avg Emb),0.0,
155215,Last-Item,0.0,
155215,Avg-Last-10,0.03125,
155215,Recency-Weighted,0.03125,
155215,Essence (K=15),0.0,
155235,Random,0.0,
155235,Popularity,0.0,
155235,CF (ItemKNN),0.0,
155235,Content (Avg Emb),0.0,
155235,Last-Item,0.0,
155235,Avg-Last-10,0.0,
155235,Recency-Weighted,0.0,
155235,Essence (K=15),0.0,
155272,Random,0.0,
155272,Popularity,0.0,
155272,CF (ItemKNN),0.0,
155272,Content (Avg Emb),0.0,
155272,Last-Item,0.0,
155272,Avg-Last-10,0.0,
155272,Recency-Weighted,0.0,
155272,Essence (K=15),0.0,
155518,Random,0.0,
155518,Popularity,0.0,
155518,CF (ItemKNN),0.0,
155518,Content (Avg Emb),0.0,
155518,Last-Item,0.0,
155518,Avg-Last-10,0.09090909090909091,
155518,Recency-Weighted,0.09090909090909091,
155518,Essence (K=15),0.0,
155560,Random,0.0,
155560,Popularity,0.17647058823529413,
155560,CF (ItemKNN),0.11764705882352941,
155560,Content (Avg Emb),0.0,
155560,Last-Item,0.029411764705882353,
155560,Avg-Last-10,0.0,
155560,Recency-Weighted,0.0,
155560,Essence (K=15),0.0,
155580,Random,0.0,0.0
155580,Popularity,0.0,0.0
155580,CF (ItemKNN),0.0,0.0
155580,Content (Avg Emb),0.0,0.0
155580,Last-Item,0.0,0.0
155580,Avg-Last-10,0.0,0.0
155580,Recency-Weighted,0.0,0.0
155580,Essence (K=15),0.0,0.0
155694,Random,0.0,
155694,Popularity,0.10256410256410256,
155694,CF (ItemKNN),0.1282051282051282,
155694,Content (Avg Emb),0.0,
155694,Last-Item,0.0,
155694,Avg-Last-10,0.0,
155694,Recency-Weighted,0.0,
155694,Essence (K=15),0.0,
155696,Random,0.04,
155696,Popularity,0.08,
155696,CF (ItemKNN),0.16,
155696,Content (Avg Emb),0.0,
155696,Last-Item,0.0,
155696,Avg-Last-10,0.0,
155696,Recency-Weighted,0.0,
155696,Essence (K=15),0.04,
155772,Random,0.0,
155772,Popularity,0.0,
155772,CF (ItemKNN),0.0,
155772,Content (Avg Emb),0.0,
155772,Last-Item,0.2,
155772,Avg-Last-10,0.0,
155772,Recency-Weighted,0.1,
155772,Essence (K=15),0.1,
155793,Random,0.0,0.0
155793,Popularity,0.0,0.0
155793,CF (ItemKNN),0.0,0.0
155793,Content (Avg Emb),0.0,0.0
155793,Last-Item,0.0,0.0
155793,Avg-Last-10,0.0,0.0
155793,Recency-Weighted,0.0,0.0
155793,Essence (K=15),0.0,0.0
155854,Random,0.0,0.0
155854,Popularity,0.0,0.0
155854,CF (ItemKNN),0.0,0.0
155854,Content (Avg Emb),0.0,0.0
155854,Last-Item,0.0,0.0
155854,Avg-Last-10,0.0,0.0
155854,Recency-Weighted,0.07142857142857142,0.0
155854,Essence (K=15),0.0,0.0
155863,Random,0.0,
155863,Popularity,0.0,
155863,CF (ItemKNN),0.0,
155863,Content (Avg Emb),0.0,
155863,Last-Item,0.0,
155863,Avg-Last-10,0.0,
155863,Recency-Weighted,0.0,
155863,Essence (K=15),0.0,
155879,Random,0.0,
155879,Popularity,0.0,
155879,CF (ItemKNN),0.0,
155879,Content (Avg Emb),0.0,
155879,Last-Item,0.0,
155879,Avg-Last-10,0.0,
155879,Recency-Weighted,0.0,
155879,Essence (K=15),0.0,
156087,Random,0.0,
156087,Popularity,0.0,
156087,CF (ItemKNN),0.0,
156087,Content (Avg Emb),0.0,
156087,Last-Item,0.0,
156087,Avg-Last-10,0.0,
156087,Recency-Weighted,0.0,
156087,Essence (K=15),0.0,
156121,Random,0.0,
156121,Popularity,0.0,
156121,CF (ItemKNN),0.0,
156121,Content (Avg Emb),0.0,
156121,Last-Item,0.0,
156121,Avg-Last-10,0.0,
156121,Recency-Weighted,0.0,
156121,Essence (K=15),0.0,
156167,Random,0.0,
156167,Popularity,0.18181818181818182,
156167,CF (ItemKNN),0.18181818181818182,
156167,Content (Avg Emb),0.0,
156167,Last-Item,0.0,
156167,Avg-Last-10,0.0,
156167,Recency-Weighted,0.0,
156167,Essence (K=15),0.0,
156171,Random,0.0,
156171,Popularity,0.0,
156171,CF (ItemKNN),0.0,
156171,Content (Avg Emb),0.0,
156171,Last-Item,0.0,
156171,Avg-Last-10,0.0,
156171,Recency-Weighted,0.0,
156171,Essence (K=15),0.0,
156226,Random,0.0,0.0
156226,Popularity,0.0,0.0
156226,CF (ItemKNN),0.0,0.0
156226,Content (Avg Emb),0.0,0.0
156226,Last-Item,0.0,0.0
156226,Avg-Last-10,0.0,0.0
156226,Recency-Weighted,0.0,0.0
156226,Essence (K=15),0.0,0.0
156281,Random,0.0,0.0
156281,Popularity,0.0,0.0
156281,CF (ItemKNN),0.0,0.0
156281,Content (Avg Emb),0.0,0.0
156281,Last-Item,0.0,0.0
156281,Avg-Last-10,0.0,0.0
156281,Recency-Weighted,0.0,0.0
156281,Essence (K=15),0.05263157894736842,0.0
156332,Random,0.0,
156332,Popularity,0.25,
156332,CF (ItemKNN),0.25,
156332,Content (Avg Emb),0.0,
156332,Last-Item,0.0,
156332,Avg-Last-10,0.0,
156332,Recency-Weighted,0.0,
156332,Essence (K=15),0.0,
156343,Random,0.0,
156343,Popularity,0.03333333333333333,
156343,CF (ItemKNN),0.06666666666666667,
156343,Content (Avg Emb),0.0,
156343,Last-Item,0.06666666666666667,
156343,Avg-Last-10,0.0,
156343,Recency-Weighted,0.0,
156343,Essence (K=15),0.0,
156553,Random,0.0,
156553,Popularity,0.0,
156553,CF (ItemKNN),0.1111111111111111,
156553,Content (Avg Emb),0.0,
156553,Last-Item,0.0,
156553,Avg-Last-10,0.0,
156553,Recency-Weighted,0.0,
156553,Essence (K=15),0.0,
156650,Random,0.0,
156650,Popularity,0.0,
156650,CF (ItemKNN),0.0625,
156650,Content (Avg Emb),0.0,
156650,Last-Item,0.0,
156650,Avg-Last-10,0.0,
156650,Recency-Weighted,0.0,
156650,Essence (K=15),0.0,
156689,Random,0.0,0.0
156689,Popularity,0.0,0.0
156689,CF (ItemKNN),0.0,0.0
156689,Content (Avg Emb),0.0,0.0
156689,Last-Item,0.05,0.0
156689,Avg-Last-10,0.0,0.0
156689,Recency-Weighted,0.0,0.0
156689,Essence (K=15),0.0,0.0
156807,Random,0.0,
156807,Popularity,0.0,
156807,CF (ItemKNN),0.0,
156807,Content (Avg Emb),0.0,
156807,Last-Item,0.0,
156807,Avg-Last-10,0.0,
156807,Recency-Weighted,0.0,
156807,Essence (K=15),0.0,
156913,Random,0.0,
156913,Popularity,0.058823529411764705,
156913,CF (ItemKNN),0.0,
156913,Content (Avg Emb),0.0,
156913,Last-Item,0.0,
156913,Avg-Last-10,0.0,
156913,Recency-Weighted,0.0,
156913,Essence (K=15),0.0,
157071,Random,0.0,
157071,Popularity,0.2,
157071,CF (ItemKNN),0.3,
157071,Content (Avg Emb),0.0,
157071,Last-Item,0.0,
157071,Avg-Last-10,0.0,
157071,Recency-Weighted,0.0,
157071,Essence (K=15),0.0,
157139,Random,0.0,
157139,Popularity,0.0,
157139,CF (ItemKNN),0.0,
157139,Content (Avg Emb),0.0,
157139,Last-Item,0.0,
157139,Avg-Last-10,0.0,
157139,Recency-Weighted,0.0,
157139,Essence (K=15),0.0,
157218,Random,0.0,
157218,Popularity,0.0,
157218,CF (ItemKNN),0.0,
157218,Content (Avg Emb),0.0,
157218,Last-Item,0.07142857142857142,
157218,Avg-Last-10,0.0,
157218,Recency-Weighted,0.0,
157218,Essence (K=15),0.0,
157325,Random,0.0,
157325,Popularity,0.10526315789473684,
157325,CF (ItemKNN),0.21052631578947367,
157325,Content (Avg Emb),0.0,
157325,Last-Item,0.0,
157325,Avg-Last-10,0.0,
157325,Recency-Weighted,0.0,
157325,Essence (K=15),0.0,
157450,Random,0.0,0.0
157450,Popularity,0.0,0.0
157450,CF (ItemKNN),0.25,0.0
157450,Content (Avg Emb),0.0,0.0
157450,Last-Item,0.0,0.0
157450,Avg-Last-10,0.0,0.0
157450,Recency-Weighted,0.0,0.0
157450,Essence (K=15),0.0,0.0
157479,Random,0.0,
157479,Popularity,0.0,
157479,CF (ItemKNN),0.0,
157479,Content (Avg Emb),0.0,
157479,Last-Item,0.0,
157479,Avg-Last-10,0.0,
157479,Recency-Weighted,0.0,
157479,Essence (K=15),0.0,
157586,Random,0.03333333333333333,0.0
157586,Popularity,0.03333333333333333,0.0
157586,CF (ItemKNN),0.0,0.0
157586,Content (Avg Emb),0.0,0.0
157586,Last-Item,0.0,0.0
157586,Avg-Last-10,0.0,0.0
157586,Recency-Weighted,0.03333333333333333,0.0
157586,Essence (K=15),0.0,0.0
157701,Random,0.0,
157701,Popularity,0.0,
157701,CF (ItemKNN),0.0,
157701,Content (Avg Emb),0.0,
157701,Last-Item,0.0,
157701,Avg-Last-10,0.0,
157701,Recency-Weighted,0.0,
157701,Essence (K=15),0.0,
157815,Random,0.0,
157815,Popularity,0.0,
157815,CF (ItemKNN),0.0,
157815,Content (Avg Emb),0.0,
157815,Last-Item,0.0,
157815,Avg-Last-10,0.0,
157815,Recency-Weighted,0.0,
157815,Essence (K=15),0.0,
157833,Random,0.0,0.0
157833,Popularity,0.15625,0.0
157833,CF (ItemKNN),0.1875,0.0
157833,Content (Avg Emb),0.0,0.0
157833,Last-Item,0.0,0.0
157833,Avg-Last-10,0.0,0.0
157833,Recency-Weighted,0.0,0.0
157833,Essence (K=15),0.0,0.0
157840,Random,0.0,
157840,Popularity,0.0,
157840,CF (ItemKNN),0.0,
157840,Content (Avg Emb),0.0,
157840,Last-Item,0.06666666666666667,
157840,Avg-Last-10,0.0,
157840,Recency-Weighted,0.0,
157840,Essence (K=15),0.0,
158254,Random,0.0,
158254,Popularity,0.0,
158254,CF (ItemKNN),0.0,
158254,Content (Avg Emb),0.0,
158254,Last-Item,0.0,
158254,Avg-Last-10,0.0,
158254,Recency-Weighted,0.0,
158254,Essence (K=15),0.0,
158330,Random,0.0,
158330,Popularity,0.15384615384615385,
158330,CF (ItemKNN),0.15384615384615385,
158330,Content (Avg Emb),0.0,
158330,Last-Item,0.0,
158330,Avg-Last-10,0.0,
158330,Recency-Weighted,0.0,
158330,Essence (K=15),0.0,
158467,Random,0.0,
158467,Popularity,0.1111111111111111,
158467,CF (ItemKNN),0.2222222222222222,
158467,Content (Avg Emb),0.0,
158467,Last-Item,0.0,
158467,Avg-Last-10,0.0,
158467,Recency-Weighted,0.0,
158467,Essence (K=15),0.0,
158519,Random,0.0,
158519,Popularity,0.041666666666666664,
158519,CF (ItemKNN),0.08333333333333333,
158519,Content (Avg Emb),0.0,
158519,Last-Item,0.0,
158519,Avg-Last-10,0.0,
158519,Recency-Weighted,0.0,
158519,Essence (K=15),0.0,
158757,Random,0.0,0.0
158757,Popularity,0.0,0.0
158757,CF (ItemKNN),0.0,0.0
158757,Content (Avg Emb),0.0,0.0
158757,Last-Item,0.0,0.0
158757,Avg-Last-10,0.0,0.0
158757,Recency-Weighted,0.0,0.0
158757,Essence (K=15),0.0,0.0
158780,Random,0.0,
158780,Popularity,0.0,
158780,CF (ItemKNN),0.0,
158780,Content (Avg Emb),0.0,
158780,Last-Item,0.0,
158780,Avg-Last-10,0.0,
158780,Recency-Weighted,0.0,
158780,Essence (K=15),0.0,
158837,Random,0.0,0.0
158837,Popularity,0.0,0.0
158837,CF (ItemKNN),0.05263157894736842,0.0
158837,Content (Avg Emb),0.0,0.0
158837,Last-Item,0.05263157894736842,0.0
158837,Avg-Last-10,0.0,0.0
158837,Recency-Weighted,0.0,0.0
158837,Essence (K=15),0.0,0.0
159053,Random,0.0,
159053,Popularity,0.0,
159053,CF (ItemKNN),0.0,
159053,Content (Avg Emb),0.07692307692307693,
159053,Last-Item,0.0,
159053,Avg-Last-10,0.0,
159053,Recency-Weighted,0.0,
159053,Essence (K=15),0.0,
159118,Random,0.0,
159118,Popularity,0.0,
159118,CF (ItemKNN),0.0,
159118,Content (Avg Emb),0.0,
159118,Last-Item,0.0,
159118,Avg-Last-10,0.0,
159118,Recency-Weighted,0.0,
159118,Essence (K=15),0.0,
159203,Random,0.0,
159203,Popularity,0.0625,
159203,CF (ItemKNN),0.0,
159203,Content (Avg Emb),0.0,
159203,Last-Item,0.0,
159203,Avg-Last-10,0.0,
159203,Recency-Weighted,0.0,
159203,Essence (K=15),0.0,
159205,Random,0.0,
159205,Popularity,0.0,
159205,CF (ItemKNN),0.0,
159205,Content (Avg Emb),0.0,
159205,Last-Item,0.0,
159205,Avg-Last-10,0.0,
159205,Recency-Weighted,0.0,
159205,Essence (K=15),0.0,
159293,Random,0.0,
159293,Popularity,0.07407407407407407,
159293,CF (ItemKNN),0.037037037037037035,
159293,Content (Avg Emb),0.0,
159293,Last-Item,0.0,
159293,Avg-Last-10,0.0,
159293,Recency-Weighted,0.0,
159293,Essence (K=15),0.0,
159398,Random,0.0,
159398,Popularity,0.0,
159398,CF (ItemKNN),0.0,
159398,Content (Avg Emb),0.0,
159398,Last-Item,0.08333333333333333,
159398,Avg-Last-10,0.0,
159398,Recency-Weighted,0.0,
159398,Essence (K=15),0.0,
159405,Random,0.0,
159405,Popularity,0.0,
159405,CF (ItemKNN),0.0,
159405,Content (Avg Emb),0.0,
159405,Last-Item,0.0,
159405,Avg-Last-10,0.0,
159405,Recency-Weighted,0.0,
159405,Essence (K=15),0.0,
159434,Random,0.0,
159434,Popularity,0.0,
159434,CF (ItemKNN),0.0,
159434,Content (Avg Emb),0.0,
159434,Last-Item,0.0,
159434,Avg-Last-10,0.0,
159434,Recency-Weighted,0.0,
159434,Essence (K=15),0.0,
159520,Random,0.0,
159520,Popularity,0.09090909090909091,
159520,CF (ItemKNN),0.45454545454545453,
159520,Content (Avg Emb),0.0,
159520,Last-Item,0.0,
159520,Avg-Last-10,0.0,
159520,Recency-Weighted,0.0,
159520,Essence (K=15),0.0,
159616,Random,0.0,
159616,Popularity,0.0,
159616,CF (ItemKNN),0.0,
159616,Content (Avg Emb),0.0,
159616,Last-Item,0.0,
159616,Avg-Last-10,0.0,
159616,Recency-Weighted,0.0,
159616,Essence (K=15),0.0,
159751,Random,0.0,
159751,Popularity,0.0,
159751,CF (ItemKNN),0.0,
159751,Content (Avg Emb),0.0,
159751,Last-Item,0.0,
159751,Avg-Last-10,0.0,
159751,Recency-Weighted,0.0,
159751,Essence (K=15),0.0,
159823,Random,0.0,0.0
159823,Popularity,0.0,0.0
159823,CF (ItemKNN),0.0,0.0
159823,Content (Avg Emb),0.0,0.0
159823,Last-Item,0.0,0.0
159823,Avg-Last-10,0.0,0.0
159823,Recency-Weighted,0.0,0.0
159823,Essence (K=15),0.0,0.0
160263,Random,0.0,
160263,Popularity,0.21739130434782608,
160263,CF (ItemKNN),0.17391304347826086,
160263,Content (Avg Emb),0.0,
160263,Last-Item,0.0,
160263,Avg-Last-10,0.0,
160263,Recency-Weighted,0.0,
160263,Essence (K=15),0.0,
160297,Random,0.0,
160297,Popularity,0.0,
160297,CF (ItemKNN),0.0,
160297,Content (Avg Emb),0.0,
160297,Last-Item,0.0,
160297,Avg-Last-10,0.0,
160297,Recency-Weighted,0.0,
160297,Essence (K=15),0.0,
160371,Random,0.0,0.0
160371,Popularity,0.0,0.0
160371,CF (ItemKNN),0.0,0.0
160371,Content (Avg Emb),0.0,0.0
160371,Last-Item,0.0,0.0
160371,Avg-Last-10,0.0,0.0
160371,Recency-Weighted,0.0,0.0
160371,Essence (K=15),0.0,0.0
160388,Random,0.0,0.0
160388,Popularity,0.06666666666666667,0.0
160388,CF (ItemKNN),0.06666666666666667,0.0
160388,Content (Avg Emb),0.0,0.0
160388,Last-Item,0.0,0.0
160388,Avg-Last-10,0.0,0.0
160388,Recency-Weighted,0.0,0.0
160388,Essence (K=15),0.0,0.0
160411,Random,0.0,0.0
160411,Popularity,0.0,0.0
160411,CF (ItemKNN),0.19047619047619047,0.0
160411,Content (Avg Emb),0.0,0.0
160411,Last-Item,0.0,0.0
160411,Avg-Last-10,0.0,0.0
160411,Recency-Weighted,0.0,0.0
160411,Essence (K=15),0.0,0.0
160452,Random,0.0,
160452,Popularity,0.0,
160452,CF (ItemKNN),0.0,
160452,Content (Avg Emb),0.0,
160452,Last-Item,0.16666666666666666,
160452,Avg-Last-10,0.08333333333333333,
160452,Recency-Weighted,0.08333333333333333,
160452,Essence (K=15),0.0,
160546,Random,0.0,0.0
160546,Popularity,0.034482758620689655,0.0
160546,CF (ItemKNN),0.034482758620689655,0.0
160546,Content (Avg Emb),0.0,0.0
160546,Last-Item,0.034482758620689655,0.0
160546,Avg-Last-10,0.0,0.0
160546,Recency-Weighted,0.0,0.0
160546,Essence (K=15),0.0,0.0
160686,Random,0.0,
160686,Popularity,0.0,
160686,CF (ItemKNN),0.0,
160686,Content (Avg Emb),0.0,
160686,Last-Item,0.0,
160686,Avg-Last-10,0.0,
160686,Recency-Weighted,0.0,
160686,Essence (K=15),0.0,
160700,Random,0.0,
160700,Popularity,0.0,
160700,CF (ItemKNN),0.0,
160700,Content (Avg Emb),0.0,
160700,Last-Item,0.0,
160700,Avg-Last-10,0.0,
160700,Recency-Weighted,0.0,
160700,Essence (K=15),0.0,
160800,Random,0.0,
160800,Popularity,0.125,
160800,CF (ItemKNN),0.125,
160800,Content (Avg Emb),0.0,
160800,Last-Item,0.0,
160800,Avg-Last-10,0.0,
160800,Recency-Weighted,0.0,
160800,Essence (K=15),0.0,
161014,Random,0.0,0.0
161014,Popularity,0.0,0.0
161014,CF (ItemKNN),0.02564102564102564,0.0
161014,Content (Avg Emb),0.0,0.0
161014,Last-Item,0.0,0.0
161014,Avg-Last-10,0.02564102564102564,0.0
161014,Recency-Weighted,0.0,0.0
161014,Essence (K=15),0.02564102564102564,0.0
161020,Random,0.0,
161020,Popularity,0.0,
161020,CF (ItemKNN),0.0,
161020,Content (Avg Emb),0.0,
161020,Last-Item,0.0,
161020,Avg-Last-10,0.0,
161020,Recency-Weighted,0.0,
161020,Essence (K=15),0.0,
161022,Random,0.0,
161022,Popularity,0.047619047619047616,
161022,CF (ItemKNN),0.047619047619047616,
161022,Content (Avg Emb),0.0,
161022,Last-Item,0.0,
161022,Avg-Last-10,0.0,
161022,Recency-Weighted,0.0,
161022,Essence (K=15),0.0,
161094,Random,0.0,0.0
161094,Popularity,0.0,0.0
161094,CF (ItemKNN),0.0,0.0
161094,Content (Avg Emb),0.0,0.0
161094,Last-Item,0.0,0.0
161094,Avg-Last-10,0.0,0.0
161094,Recency-Weighted,0.0,0.0
161094,Essence (K=15),0.0,0.0
161159,Random,0.0,
161159,Popularity,0.0625,
161159,CF (ItemKNN),0.0625,
161159,Content (Avg Emb),0.0,
161159,Last-Item,0.0,
161159,Avg-Last-10,0.0,
161159,Recency-Weighted,0.0,
161159,Essence (K=15),0.0,
161309,Random,0.0,0.0
161309,Popularity,0.0,0.0
161309,CF (ItemKNN),0.0,0.0
161309,Content (Avg Emb),0.0,0.0
161309,Last-Item,0.0,0.0
161309,Avg-Last-10,0.0,0.0
161309,Recency-Weighted,0.0,0.0
161309,Essence (K=15),0.0,0.0
161585,Random,0.0,
161585,Popularity,0.0,
161585,CF (ItemKNN),0.0,
161585,Content (Avg Emb),0.0,
161585,Last-Item,0.0,
161585,Avg-Last-10,0.0,
161585,Recency-Weighted,0.0,
161585,Essence (K=15),0.0,
161823,Random,0.0,
161823,Popularity,0.0,
161823,CF (ItemKNN),0.0,
161823,Content (Avg Emb),0.0,
161823,Last-Item,0.0,
161823,Avg-Last-10,0.0,
161823,Recency-Weighted,0.0,
161823,Essence (K=15),0.0,
161975,Random,0.0,
161975,Popularity,0.2857142857142857,
161975,CF (ItemKNN),0.14285714285714285,
161975,Content (Avg Emb),0.0,
161975,Last-Item,0.0,
161975,Avg-Last-10,0.0,
161975,Recency-Weighted,0.0,
161975,Essence (K=15),0.0,
162020,Random,0.0,
162020,Popularity,0.0,
162020,CF (ItemKNN),0.09523809523809523,
162020,Content (Avg Emb),0.0,
162020,Last-Item,0.0,
162020,Avg-Last-10,0.0,
162020,Recency-Weighted,0.0,
162020,Essence (K=15),0.0,
162328,Random,0.0,
162328,Popularity,0.0,
162328,CF (ItemKNN),0.0,
162328,Content (Avg Emb),0.0,
162328,Last-Item,0.0,
162328,Avg-Last-10,0.0,
162328,Recency-Weighted,0.0,
162328,Essence (K=15),0.0,
162342,Random,0.0,
162342,Popularity,0.06666666666666667,
162342,CF (ItemKNN),0.2,
162342,Content (Avg Emb),0.0,
162342,Last-Item,0.0,
162342,Avg-Last-10,0.0,
162342,Recency-Weighted,0.0,
162342,Essence (K=15),0.0,
162370,Random,0.0,
162370,Popularity,0.0,
162370,CF (ItemKNN),0.0,
162370,Content (Avg Emb),0.0,
162370,Last-Item,0.0,
162370,Avg-Last-10,0.0,
162370,Recency-Weighted,0.0,
162370,Essence (K=15),0.0,
162399,Random,0.0,0.0
162399,Popularity,0.0,0.0
162399,CF (ItemKNN),0.0,0.0
162399,Content (Avg Emb),0.0,0.0
162399,Last-Item,0.0,0.0
162399,Avg-Last-10,0.0,0.0
162399,Recency-Weighted,0.0,0.0
162399,Essence (K=15),0.0,0.0
162490,Random,0.0,
162490,Popularity,0.05555555555555555,
162490,CF (ItemKNN),0.16666666666666666,
162490,Content (Avg Emb),0.05555555555555555,
162490,Last-Item,0.0,
162490,Avg-Last-10,0.0,
162490,Recency-Weighted,0.05555555555555555,
162490,Essence (K=15),0.0,
