user_id,system,recall@10,long_tail_recall@10
67,Random,0.0,0.0
67,Popularity,0.0,0.0
67,CF (ItemKNN),0.0,0.0
67,Content (Avg Emb),0.0,0.0
67,Last-Item,0.0,0.0
67,Avg-Last-10,0.0,0.0
67,Recency-Weighted,0.0,0.0
67,Essence (K=15),0.0,0.0
92,Random,0.0,
92,Popularity,0.07692307692307693,
92,CF (ItemKNN),0.07692307692307693,
92,Content (Avg Emb),0.0,
92,Last-Item,0.0,
92,Avg-Last-10,0.0,
92,Recency-Weighted,0.0,
92,Essence (K=15),0.0,
264,Random,0.0,0.0
264,Popularity,0.0,0.0
264,CF (ItemKNN),0.0,0.0
264,Content (Avg Emb),0.0,0.0
264,Last-Item,0.0,0.0
264,Avg-Last-10,0.0,0.0
264,Recency-Weighted,0.0,0.0
264,Essence (K=15),0.0,0.0
335,Random,0.0,0.0
335,Popularity,0.0,0.0
335,CF (ItemKNN),0.0,0.0
335,Content (Avg Emb),0.0,0.0
335,Last-Item,0.0,0.0
335,Avg-Last-10,0.0,0.0
335,Recency-Weighted,0.0,0.0
335,Essence (K=15),0.14285714285714285,0.0
400,Random,0.0,0.0
400,Popularity,0.0,0.0
400,CF (ItemKNN),0.05,0.0
400,Content (Avg Emb),0.0,0.0
400,Last-Item,0.0,0.0
400,Avg-Last-10,0.0,0.0
400,Recency-Weighted,0.0,0.0
400,Essence (K=15),0.0,0.0
419,Random,0.0,
419,Popularity,0.0,
419,CF (ItemKNN),0.0,
419,Content (Avg Emb),0.0,
419,Last-Item,0.0,
419,Avg-Last-10,0.0,
419,Recency-Weighted,0.0,
419,Essence (K=15),0.0,
559,Random,0.0,0.0
559,Popularity,0.0,0.0
559,CF (ItemKNN),0.0,0.0
559,Content (Avg Emb),0.0,0.0
559,Last-Item,0.0,0.0
559,Avg-Last-10,0.0,0.0
559,Recency-Weighted,0.0,0.0
559,Essence (K=15),0.0,0.0
890,Random,0.0,
890,Popularity,0.0,
890,CF (ItemKNN),0.5,
890,Content (Avg Emb),0.0,
890,Last-Item,0.0,
890,Avg-Last-10,0.0,
890,Recency-Weighted,0.0,
890,Essence (K=15),0.0,
953,Random,0.0,
953,Popularity,0.16666666666666666,
953,CF (ItemKNN),0.16666666666666666,
953,Content (Avg Emb),0.0,
953,Last-Item,0.0,
953,Avg-Last-10,0.0,
953,Recency-Weighted,0.0,
953,Essence (K=15),0.0,
1049,Random,0.0,
1049,Popularity,0.07692307692307693,
1049,CF (ItemKNN),0.07692307692307693,
1049,Content (Avg Emb),0.0,
1049,Last-Item,0.0,
1049,Avg-Last-10,0.0,
1049,Recency-Weighted,0.0,
1049,Essence (K=15),0.0,
1159,Random,0.0,0.0
1159,Popularity,0.0,0.0
1159,CF (ItemKNN),0.0,0.0
1159,Content (Avg Emb),0.0,0.0
1159,Last-Item,0.18181818181818182,0.5
1159,Avg-Last-10,0.09090909090909091,0.5
1159,Recency-Weighted,0.09090909090909091,0.5
1159,Essence (K=15),0.0,0.0
1264,Random,0.0,
1264,Popularity,0.14285714285714285,
1264,CF (ItemKNN),0.42857142857142855,
1264,Content (Avg Emb),0.0,
1264,Last-Item,0.0,
1264,Avg-Last-10,0.0,
1264,Recency-Weighted,0.0,
1264,Essence (K=15),0.0,
1523,Random,0.0,0.0
1523,Popularity,0.0,0.0
1523,CF (ItemKNN),0.0,0.0
1523,Content (Avg Emb),0.0,0.0
1523,Last-Item,0.0,0.0
1523,Avg-Last-10,0.0,0.0
1523,Recency-Weighted,0.0,0.0
1523,Essence (K=15),0.0,0.0
1649,Random,0.0,0.0
1649,Popularity,0.0,0.0
1649,CF (ItemKNN),0.125,0.0
1649,Content (Avg Emb),0.0,0.0
1649,Last-Item,0.0,0.0
1649,Avg-Last-10,0.0,0.0
1649,Recency-Weighted,0.0,0.0
1649,Essence (K=15),0.0,0.0
1873,Random,0.0,
1873,Popularity,0.0,
1873,CF (ItemKNN),0.0,
1873,Content (Avg Emb),0.0,
1873,Last-Item,0.0,
1873,Avg-Last-10,0.0,
1873,Recency-Weighted,0.0,
1873,Essence (K=15),0.0,
2002,Random,0.0,
2002,Popularity,0.0,
2002,CF (ItemKNN),0.0,
2002,Content (Avg Emb),0.0,
2002,Last-Item,0.0,
2002,Avg-Last-10,0.0,
2002,Recency-Weighted,0.0,
2002,Essence (K=15),0.0,
2063,Random,0.2,
2063,Popularity,0.0,
2063,CF (ItemKNN),0.0,
2063,Content (Avg Emb),0.0,
2063,Last-Item,0.0,
2063,Avg-Last-10,0.0,
2063,Recency-Weighted,0.0,
2063,Essence (K=15),0.0,
2226,Random,0.0,
2226,Popularity,0.0,
2226,CF (ItemKNN),0.0,
2226,Content (Avg Emb),0.0,
2226,Last-Item,0.0,
2226,Avg-Last-10,0.0,
2226,Recency-Weighted,0.0,
2226,Essence (K=15),0.0,
2297,Random,0.0,
2297,Popularity,0.16666666666666666,
2297,CF (ItemKNN),0.16666666666666666,
2297,Content (Avg Emb),0.0,
2297,Last-Item,0.0,
2297,Avg-Last-10,0.0,
2297,Recency-Weighted,0.0,
2297,Essence (K=15),0.0,
2396,Random,0.0,
2396,Popularity,0.25,
2396,CF (ItemKNN),0.25,
2396,Content (Avg Emb),0.0,
2396,Last-Item,0.0,
2396,Avg-Last-10,0.0,
2396,Recency-Weighted,0.0,
2396,Essence (K=15),0.0,
2501,Random,0.0,
2501,Popularity,0.0,
2501,CF (ItemKNN),0.0,
2501,Content (Avg Emb),0.0,
2501,Last-Item,0.0,
2501,Avg-Last-10,0.0,
2501,Recency-Weighted,0.0,
2501,Essence (K=15),0.0,
2810,Random,0.0,
2810,Popularity,0.0,
2810,CF (ItemKNN),0.0,
2810,Content (Avg Emb),0.0,
2810,Last-Item,0.0,
2810,Avg-Last-10,0.0,
2810,Recency-Weighted,0.0,
2810,Essence (K=15),0.0,
3146,Random,0.0,0.0
3146,Popularity,0.0,0.0
3146,CF (ItemKNN),0.045454545454545456,0.0
3146,Content (Avg Emb),0.0,0.0
3146,Last-Item,0.0,0.0
3146,Avg-Last-10,0.0,0.0
3146,Recency-Weighted,0.0,0.0
3146,Essence (K=15),0.0,0.0
3171,Random,0.0,
3171,Popularity,0.0,
3171,CF (ItemKNN),0.0,
3171,Content (Avg Emb),0.0,
3171,Last-Item,0.0,
3171,Avg-Last-10,0.0,
3171,Recency-Weighted,0.0,
3171,Essence (K=15),0.0,
3367,Random,0.0,
3367,Popularity,0.3333333333333333,
3367,CF (ItemKNN),0.3333333333333333,
3367,Content (Avg Emb),0.0,
3367,Last-Item,0.0,
3367,Avg-Last-10,0.0,
3367,Recency-Weighted,0.0,
3367,Essence (K=15),0.0,
3413,Random,0.0,
3413,Popularity,0.25,
3413,CF (ItemKNN),0.25,
3413,Content (Avg Emb),0.0,
3413,Last-Item,0.0,
3413,Avg-Last-10,0.0,
3413,Recency-Weighted,0.0,
3413,Essence (K=15),0.0,
3461,Random,0.0,
3461,Popularity,0.1,
3461,CF (ItemKNN),0.0,
3461,Content (Avg Emb),0.0,
3461,Last-Item,0.0,
3461,Avg-Last-10,0.0,
3461,Recency-Weighted,0.0,
3461,Essence (K=15),0.0,
3561,Random,0.0,0.0
3561,Popularity,0.0,0.0
3561,CF (ItemKNN),0.0,0.0
3561,Content (Avg Emb),0.0,0.0
3561,Last-Item,0.0,0.0
3561,Avg-Last-10,0.0,0.0
3561,Recency-Weighted,0.0,0.0
3561,Essence (K=15),0.0,0.0
3835,Random,0.0,
3835,Popularity,0.16666666666666666,
3835,CF (ItemKNN),0.0,
3835,Content (Avg Emb),0.0,
3835,Last-Item,0.0,
3835,Avg-Last-10,0.0,
3835,Recency-Weighted,0.0,
3835,Essence (K=15),0.0,
3964,Random,0.0,0.0
3964,Popularity,0.3333333333333333,0.0
3964,CF (ItemKNN),0.2222222222222222,0.0
3964,Content (Avg Emb),0.0,0.0
3964,Last-Item,0.0,0.0
3964,Avg-Last-10,0.0,0.0
3964,Recency-Weighted,0.0,0.0
3964,Essence (K=15),0.0,0.0
4022,Random,0.0,
4022,Popularity,0.16666666666666666,
4022,CF (ItemKNN),0.16666666666666666,
4022,Content (Avg Emb),0.0,
4022,Last-Item,0.0,
4022,Avg-Last-10,0.0,
4022,Recency-Weighted,0.0,
4022,Essence (K=15),0.0,
4057,Random,0.0,0.0
4057,Popularity,0.0,0.0
4057,CF (ItemKNN),0.0,0.0
4057,Content (Avg Emb),0.0,0.0
4057,Last-Item,0.0,0.0
4057,Avg-Last-10,0.0,0.0
4057,Recency-Weighted,0.0,0.0
4057,Essence (K=15),0.0,0.0
4059,Random,0.0,
4059,Popularity,0.125,
4059,CF (ItemKNN),0.0,
4059,Content (Avg Emb),0.0,
4059,Last-Item,0.0,
4059,Avg-Last-10,0.0,
4059,Recency-Weighted,0.0,
4059,Essence (K=15),0.0,
4186,Random,0.0,
4186,Popularity,0.0,
4186,CF (ItemKNN),0.0,
4186,Content (Avg Emb),0.0,
4186,Last-Item,0.0,
4186,Avg-Last-10,0.0,
4186,Recency-Weighted,0.0,
4186,Essence (K=15),0.0,
4291,Random,0.0,
4291,Popularity,0.10526315789473684,
4291,CF (ItemKNN),0.0,
4291,Content (Avg Emb),0.0,
4291,Last-Item,0.0,
4291,Avg-Last-10,0.0,
4291,Recency-Weighted,0.0,
4291,Essence (K=15),0.0,
4673,Random,0.0,
4673,Popularity,0.0,
4673,CF (ItemKNN),0.125,
4673,Content (Avg Emb),0.0,
4673,Last-Item,0.0,
4673,Avg-Last-10,0.0,
4673,Recency-Weighted,0.0,
4673,Essence (K=15),0.0,
4686,Random,0.0,
4686,Popularity,0.0,
4686,CF (ItemKNN),0.0,
4686,Content (Avg Emb),0.0,
4686,Last-Item,0.0,
4686,Avg-Last-10,0.0,
4686,Recency-Weighted,0.0,
4686,Essence (K=15),0.0,
4701,Random,0.0,0.0
4701,Popularity,0.0,0.0
4701,CF (ItemKNN),0.1,0.0
4701,Content (Avg Emb),0.0,0.0
4701,Last-Item,0.0,0.0
4701,Avg-Last-10,0.0,0.0
4701,Recency-Weighted,0.0,0.0
4701,Essence (K=15),0.0,0.0
4827,Random,0.0,
4827,Popularity,0.0,
4827,CF (ItemKNN),0.25,
4827,Content (Avg Emb),0.0,
4827,Last-Item,0.0,
4827,Avg-Last-10,0.0,
4827,Recency-Weighted,0.0,
4827,Essence (K=15),0.0,
5087,Random,0.0,0.0
5087,Popularity,0.0,0.0
5087,CF (ItemKNN),0.0,0.0
5087,Content (Avg Emb),0.0,0.0
5087,Last-Item,0.04,0.0
5087,Avg-Last-10,0.0,0.0
5087,Recency-Weighted,0.0,0.0
5087,Essence (K=15),0.0,0.0
5152,Random,0.0,
5152,Popularity,0.125,
5152,CF (ItemKNN),0.125,
5152,Content (Avg Emb),0.0,
5152,Last-Item,0.0,
5152,Avg-Last-10,0.0,
5152,Recency-Weighted,0.0,
5152,Essence (K=15),0.0,
5205,Random,0.0,0.0
5205,Popularity,0.0,0.0
5205,CF (ItemKNN),0.14285714285714285,0.0
5205,Content (Avg Emb),0.0,0.0
5205,Last-Item,0.0,0.0
5205,Avg-Last-10,0.0,0.0
5205,Recency-Weighted,0.0,0.0
5205,Essence (K=15),0.0,0.0
5418,Random,0.0,
5418,Popularity,0.0,
5418,CF (ItemKNN),0.0,
5418,Content (Avg Emb),0.0,
5418,Last-Item,0.0,
5418,Avg-Last-10,0.0,
5418,Recency-Weighted,0.0,
5418,Essence (K=15),0.0,
5833,Random,0.0,
5833,Popularity,0.0,
5833,CF (ItemKNN),0.0,
5833,Content (Avg Emb),0.0,
5833,Last-Item,0.0,
5833,Avg-Last-10,0.0,
5833,Recency-Weighted,0.0,
5833,Essence (K=15),0.0,
5961,Random,0.0,
5961,Popularity,0.0,
5961,CF (ItemKNN),0.1,
5961,Content (Avg Emb),0.0,
5961,Last-Item,0.0,
5961,Avg-Last-10,0.0,
5961,Recency-Weighted,0.0,
5961,Essence (K=15),0.0,
6017,Random,0.0,
6017,Popularity,0.0,
6017,CF (ItemKNN),0.1111111111111111,
6017,Content (Avg Emb),0.0,
6017,Last-Item,0.0,
6017,Avg-Last-10,0.0,
6017,Recency-Weighted,0.0,
6017,Essence (K=15),0.0,
6052,Random,0.0,
6052,Popularity,0.0,
6052,CF (ItemKNN),0.0,
6052,Content (Avg Emb),0.0,
6052,Last-Item,0.0,
6052,Avg-Last-10,0.0,
6052,Recency-Weighted,0.0,
6052,Essence (K=15),0.0,
6221,Random,0.0,
6221,Popularity,0.0,
6221,CF (ItemKNN),0.0,
6221,Content (Avg Emb),0.0,
6221,Last-Item,0.0,
6221,Avg-Last-10,0.0,
6221,Recency-Weighted,0.0,
6221,Essence (K=15),0.0,
6296,Random,0.0,
6296,Popularity,0.08333333333333333,
6296,CF (ItemKNN),0.125,
6296,Content (Avg Emb),0.0,
6296,Last-Item,0.0,
6296,Avg-Last-10,0.0,
6296,Recency-Weighted,0.0,
6296,Essence (K=15),0.0,
6409,Random,0.0,
6409,Popularity,0.0,
6409,CF (ItemKNN),0.0,
6409,Content (Avg Emb),0.0,
6409,Last-Item,0.0,
6409,Avg-Last-10,0.0,
6409,Recency-Weighted,0.0,
6409,Essence (K=15),0.0,
6673,Random,0.0,
6673,Popularity,0.125,
6673,CF (ItemKNN),0.125,
6673,Content (Avg Emb),0.0,
6673,Last-Item,0.125,
6673,Avg-Last-10,0.0,
6673,Recency-Weighted,0.0,
6673,Essence (K=15),0.0,
7100,Random,0.0,
7100,Popularity,0.0,
7100,CF (ItemKNN),0.0,
7100,Content (Avg Emb),0.0,
7100,Last-Item,0.0,
7100,Avg-Last-10,0.0,
7100,Recency-Weighted,0.0,
7100,Essence (K=15),0.0,
7170,Random,0.16666666666666666,
7170,Popularity,0.0,
7170,CF (ItemKNN),0.0,
7170,Content (Avg Emb),0.0,
7170,Last-Item,0.0,
7170,Avg-Last-10,0.0,
7170,Recency-Weighted,0.0,
7170,Essence (K=15),0.0,
7216,Random,0.0,0.0
7216,Popularity,0.0,0.0
7216,CF (ItemKNN),0.0,0.0
7216,Content (Avg Emb),0.0,0.0
7216,Last-Item,0.0,0.0
7216,Avg-Last-10,0.0,0.0
7216,Recency-Weighted,0.0,0.0
7216,Essence (K=15),0.0,0.0
7462,Random,0.0,
7462,Popularity,0.0,
7462,CF (ItemKNN),0.0,
7462,Content (Avg Emb),0.0,
7462,Last-Item,0.0,
7462,Avg-Last-10,0.0,
7462,Recency-Weighted,0.0,
7462,Essence (K=15),0.0,
7525,Random,0.0,
7525,Popularity,0.07692307692307693,
7525,CF (ItemKNN),0.07692307692307693,
7525,Content (Avg Emb),0.0,
7525,Last-Item,0.0,
7525,Avg-Last-10,0.0,
7525,Recency-Weighted,0.0,
7525,Essence (K=15),0.07692307692307693,
7675,Random,0.0,0.0
7675,Popularity,0.0,0.0
7675,CF (ItemKNN),0.0,0.0
7675,Content (Avg Emb),0.0,0.0
7675,Last-Item,0.0,0.0
7675,Avg-Last-10,0.0,0.0
7675,Recency-Weighted,0.0,0.0
7675,Essence (K=15),0.0,0.0
7980,Random,0.0,
7980,Popularity,0.0,
7980,CF (ItemKNN),0.125,
7980,Content (Avg Emb),0.125,
7980,Last-Item,0.0,
7980,Avg-Last-10,0.0,
7980,Recency-Weighted,0.0,
7980,Essence (K=15),0.0,
8163,Random,0.0,0.0
8163,Popularity,0.0,0.0
8163,CF (ItemKNN),0.1111111111111111,0.0
8163,Content (Avg Emb),0.0,0.0
8163,Last-Item,0.3333333333333333,0.0
8163,Avg-Last-10,0.2222222222222222,0.0
8163,Recency-Weighted,0.3333333333333333,0.0
8163,Essence (K=15),0.5555555555555556,0.0
8174,Random,0.0,0.0
8174,Popularity,0.0,0.0
8174,CF (ItemKNN),0.1,0.0
8174,Content (Avg Emb),0.1,0.0
8174,Last-Item,0.0,0.0
8174,Avg-Last-10,0.0,0.0
8174,Recency-Weighted,0.0,0.0
8174,Essence (K=15),0.0,0.0
8184,Random,0.0,
8184,Popularity,0.0,
8184,CF (ItemKNN),0.0,
8184,Content (Avg Emb),0.0,
8184,Last-Item,0.0,
8184,Avg-Last-10,0.0,
8184,Recency-Weighted,0.0,
8184,Essence (K=15),0.0,
8231,Random,0.0,0.0
8231,Popularity,0.047619047619047616,0.0
8231,CF (ItemKNN),0.047619047619047616,0.0
8231,Content (Avg Emb),0.0,0.0
8231,Last-Item,0.0,0.0
8231,Avg-Last-10,0.0,0.0
8231,Recency-Weighted,0.0,0.0
8231,Essence (K=15),0.0,0.0
8232,Random,0.0,
8232,Popularity,0.14285714285714285,
8232,CF (ItemKNN),0.2857142857142857,
8232,Content (Avg Emb),0.0,
8232,Last-Item,0.2857142857142857,
8232,Avg-Last-10,0.0,
8232,Recency-Weighted,0.0,
8232,Essence (K=15),0.0,
8268,Random,0.0,0.0
8268,Popularity,0.0,0.0
8268,CF (ItemKNN),0.0,0.0
8268,Content (Avg Emb),0.0,0.0
8268,Last-Item,0.0,0.0
8268,Avg-Last-10,0.0,0.0
8268,Recency-Weighted,0.0,0.0
8268,Essence (K=15),0.0,0.0
8397,Random,0.0,0.0
8397,Popularity,0.0,0.0
8397,CF (ItemKNN),0.1111111111111111,0.0
8397,Content (Avg Emb),0.0,0.0
8397,Last-Item,0.0,0.0
8397,Avg-Last-10,0.0,0.0
8397,Recency-Weighted,0.0,0.0
8397,Essence (K=15),0.0,0.0
8474,Random,0.0,0.0
8474,Popularity,0.0,0.0
8474,CF (ItemKNN),0.0,0.0
8474,Content (Avg Emb),0.0,0.0
8474,Last-Item,0.0,0.0
8474,Avg-Last-10,0.0,0.0
8474,Recency-Weighted,0.0,0.0
8474,Essence (K=15),0.0,0.0
9118,Random,0.0,0.0
9118,Popularity,0.03571428571428571,0.0
9118,CF (ItemKNN),0.03571428571428571,0.0
9118,Content (Avg Emb),0.0,0.0
9118,Last-Item,0.0,0.0
9118,Avg-Last-10,0.0,0.0
9118,Recency-Weighted,0.0,0.0
9118,Essence (K=15),0.0,0.0
9146,Random,0.0,
9146,Popularity,0.0,
9146,CF (ItemKNN),0.0,
9146,Content (Avg Emb),0.0,
9146,Last-Item,0.0,
9146,Avg-Last-10,0.0,
9146,Recency-Weighted,0.0,
9146,Essence (K=15),0.0,
9269,Random,0.0,0.0
9269,Popularity,0.03571428571428571,0.0
9269,CF (ItemKNN),0.10714285714285714,0.6666666666666666
9269,Content (Avg Emb),0.0,0.0
9269,Last-Item,0.0,0.0
9269,Avg-Last-10,0.03571428571428571,0.0
9269,Recency-Weighted,0.03571428571428571,0.0
9269,Essence (K=15),0.0,0.0
9533,Random,0.0,0.0
9533,Popularity,0.0,0.0
9533,CF (ItemKNN),0.0,0.0
9533,Content (Avg Emb),0.0,0.0
9533,Last-Item,0.0,0.0
9533,Avg-Last-10,0.058823529411764705,0.0
9533,Recency-Weighted,0.058823529411764705,0.0
9533,Essence (K=15),0.0,0.0
9604,Random,0.0,
9604,Popularity,0.0,
9604,CF (ItemKNN),0.0,
9604,Content (Avg Emb),0.0,
9604,Last-Item,0.0,
9604,Avg-Last-10,0.0,
9604,Recency-Weighted,0.0,
9604,Essence (K=15),0.0,
9839,Random,0.0,0.0
9839,Popularity,0.08333333333333333,0.0
9839,CF (ItemKNN),0.08333333333333333,0.0
9839,Content (Avg Emb),0.0,0.0
9839,Last-Item,0.08333333333333333,0.0
9839,Avg-Last-10,0.0,0.0
9839,Recency-Weighted,0.041666666666666664,0.0
9839,Essence (K=15),0.0,0.0
9898,Random,0.0,
9898,Popularity,0.3333333333333333,
9898,CF (ItemKNN),0.16666666666666666,
9898,Content (Avg Emb),0.0,
9898,Last-Item,0.0,
9898,Avg-Last-10,0.0,
9898,Recency-Weighted,0.0,
9898,Essence (K=15),0.0,
9950,Random,0.0,0.0
9950,Popularity,0.0,0.0
9950,CF (ItemKNN),0.0,0.0
9950,Content (Avg Emb),0.0,0.0
9950,Last-Item,0.0,0.0
9950,Avg-Last-10,0.0,0.0
9950,Recency-Weighted,0.0,0.0
9950,Essence (K=15),0.0,0.0
10169,Random,0.0,
10169,Popularity,0.0,
10169,CF (ItemKNN),0.0,
10169,Content (Avg Emb),0.0,
10169,Last-Item,0.0,
10169,Avg-Last-10,0.0,
10169,Recency-Weighted,0.0,
10169,Essence (K=15),0.0,
10314,Random,0.0,
10314,Popularity,0.0,
10314,CF (ItemKNN),0.1,
10314,Content (Avg Emb),0.0,
10314,Last-Item,0.0,
10314,Avg-Last-10,0.0,
10314,Recency-Weighted,0.0,
10314,Essence (K=15),0.0,
10372,Random,0.0,0.0
10372,Popularity,0.0,0.0
10372,CF (ItemKNN),0.0,0.0
10372,Content (Avg Emb),0.0,0.0
10372,Last-Item,0.0,0.0
10372,Avg-Last-10,0.0,0.0
10372,Recency-Weighted,0.0,0.0
10372,Essence (K=15),0.0,0.0
10450,Random,0.0,
10450,Popularity,0.0,
10450,CF (ItemKNN),0.0,
10450,Content (Avg Emb),0.0,
10450,Last-Item,0.0,
10450,Avg-Last-10,0.0,
10450,Recency-Weighted,0.0,
10450,Essence (K=15),0.0,
10667,Random,0.0,
10667,Popularity,0.0,
10667,CF (ItemKNN),0.0,
10667,Content (Avg Emb),0.0,
10667,Last-Item,0.0,
10667,Avg-Last-10,0.0,
10667,Recency-Weighted,0.0,
10667,Essence (K=15),0.0,
10796,Random,0.0,0.0
10796,Popularity,0.0,0.0
10796,CF (ItemKNN),0.0,0.0
10796,Content (Avg Emb),0.0,0.0
10796,Last-Item,0.0,0.0
10796,Avg-Last-10,0.0,0.0
10796,Recency-Weighted,0.0,0.0
10796,Essence (K=15),0.0,0.0
11097,Random,0.0,
11097,Popularity,0.0,
11097,CF (ItemKNN),0.2,
11097,Content (Avg Emb),0.0,
11097,Last-Item,0.0,
11097,Avg-Last-10,0.0,
11097,Recency-Weighted,0.0,
11097,Essence (K=15),0.0,
11176,Random,0.0,
11176,Popularity,0.25,
11176,CF (ItemKNN),0.0,
11176,Content (Avg Emb),0.0,
11176,Last-Item,0.0,
11176,Avg-Last-10,0.0,
11176,Recency-Weighted,0.0,
11176,Essence (K=15),0.0,
11212,Random,0.0,0.0
11212,Popularity,0.0,0.0
11212,CF (ItemKNN),0.0,0.0
11212,Content (Avg Emb),0.0,0.0
11212,Last-Item,0.0,0.0
11212,Avg-Last-10,0.0,0.0
11212,Recency-Weighted,0.0,0.0
11212,Essence (K=15),0.0,0.0
11272,Random,0.0,
11272,Popularity,0.0,
11272,CF (ItemKNN),0.0,
11272,Content (Avg Emb),0.0,
11272,Last-Item,0.0,
11272,Avg-Last-10,0.0,
11272,Recency-Weighted,0.0,
11272,Essence (K=15),0.0,
11319,Random,0.0,
11319,Popularity,0.0,
11319,CF (ItemKNN),0.0,
11319,Content (Avg Emb),0.0,
11319,Last-Item,0.0,
11319,Avg-Last-10,0.0,
11319,Recency-Weighted,0.0,
11319,Essence (K=15),0.0,
11355,Random,0.0,
11355,Popularity,0.25,
11355,CF (ItemKNN),0.25,
11355,Content (Avg Emb),0.0,
11355,Last-Item,0.0,
11355,Avg-Last-10,0.0,
11355,Recency-Weighted,0.0,
11355,Essence (K=15),0.0,
11376,Random,0.0,
11376,Popularity,0.0,
11376,CF (ItemKNN),0.0,
11376,Content (Avg Emb),0.0,
11376,Last-Item,0.1111111111111111,
11376,Avg-Last-10,0.0,
11376,Recency-Weighted,0.0,
11376,Essence (K=15),0.0,
11576,Random,0.0,
11576,Popularity,0.0,
11576,CF (ItemKNN),0.1,
11576,Content (Avg Emb),0.0,
11576,Last-Item,0.0,
11576,Avg-Last-10,0.0,
11576,Recency-Weighted,0.0,
11576,Essence (K=15),0.0,
11599,Random,0.0,0.0
11599,Popularity,0.0,0.0
11599,CF (ItemKNN),0.0,0.0
11599,Content (Avg Emb),0.09523809523809523,0.0
11599,Last-Item,0.09523809523809523,0.0
11599,Avg-Last-10,0.047619047619047616,0.0
11599,Recency-Weighted,0.047619047619047616,0.0
11599,Essence (K=15),0.09523809523809523,0.0
11632,Random,0.0,0.0
11632,Popularity,0.07692307692307693,0.0
11632,CF (ItemKNN),0.15384615384615385,0.0
11632,Content (Avg Emb),0.0,0.0
11632,Last-Item,0.0,0.0
11632,Avg-Last-10,0.0,0.0
11632,Recency-Weighted,0.0,0.0
11632,Essence (K=15),0.0,0.0
11667,Random,0.0,
11667,Popularity,0.2,
11667,CF (ItemKNN),0.4,
11667,Content (Avg Emb),0.0,
11667,Last-Item,0.0,
11667,Avg-Last-10,0.0,
11667,Recency-Weighted,0.2,
11667,Essence (K=15),0.0,
11668,Random,0.0,0.0
11668,Popularity,0.0,0.0
11668,CF (ItemKNN),0.0,0.0
11668,Content (Avg Emb),0.0,0.0
11668,Last-Item,0.0,0.0
11668,Avg-Last-10,0.0,0.0
11668,Recency-Weighted,0.0,0.0
11668,Essence (K=15),0.0,0.0
11866,Random,0.0,0.0
11866,Popularity,0.09090909090909091,0.0
11866,CF (ItemKNN),0.09090909090909091,0.0
11866,Content (Avg Emb),0.0,0.0
11866,Last-Item,0.0,0.0
11866,Avg-Last-10,0.0,0.0
11866,Recency-Weighted,0.0,0.0
11866,Essence (K=15),0.0,0.0
11912,Random,0.0,
11912,Popularity,0.034482758620689655,
11912,CF (ItemKNN),0.034482758620689655,
11912,Content (Avg Emb),0.0,
11912,Last-Item,0.0,
11912,Avg-Last-10,0.0,
11912,Recency-Weighted,0.0,
11912,Essence (K=15),0.0,
12077,Random,0.0,
12077,Popularity,0.0,
12077,CF (ItemKNN),0.13333333333333333,
12077,Content (Avg Emb),0.0,
12077,Last-Item,0.0,
12077,Avg-Last-10,0.0,
12077,Recency-Weighted,0.0,
12077,Essence (K=15),0.0,
12114,Random,0.0,0.0
12114,Popularity,0.2,0.0
12114,CF (ItemKNN),0.2,0.0
12114,Content (Avg Emb),0.0,0.0
12114,Last-Item,0.0,0.0
12114,Avg-Last-10,0.0,0.0
12114,Recency-Weighted,0.0,0.0
12114,Essence (K=15),0.0,0.0
12234,Random,0.0,0.0
12234,Popularity,0.0,0.0
12234,CF (ItemKNN),0.0,0.0
12234,Content (Avg Emb),0.0,0.0
12234,Last-Item,0.0,0.0
12234,Avg-Last-10,0.0,0.0
12234,Recency-Weighted,0.0,0.0
12234,Essence (K=15),0.0,0.0
12306,Random,0.0,
12306,Popularity,0.4,
12306,CF (ItemKNN),0.2,
12306,Content (Avg Emb),0.0,
12306,Last-Item,0.0,
12306,Avg-Last-10,0.0,
12306,Recency-Weighted,0.0,
12306,Essence (K=15),0.0,
12315,Random,0.0,
12315,Popularity,0.0,
12315,CF (ItemKNN),0.0,
12315,Content (Avg Emb),0.0,
12315,Last-Item,0.0,
12315,Avg-Last-10,0.0,
12315,Recency-Weighted,0.0,
12315,Essence (K=15),0.0,
12330,Random,0.0,0.0
12330,Popularity,0.0,0.0
12330,CF (ItemKNN),0.0,0.0
12330,Content (Avg Emb),0.0,0.0
12330,Last-Item,0.0,0.0
12330,Avg-Last-10,0.0,0.0
12330,Recency-Weighted,0.0,0.0
12330,Essence (K=15),0.0,0.0
12670,Random,0.0,0.0
12670,Popularity,0.0,0.0
12670,CF (ItemKNN),0.05263157894736842,0.0
12670,Content (Avg Emb),0.0,0.0
12670,Last-Item,0.0,0.0
12670,Avg-Last-10,0.0,0.0
12670,Recency-Weighted,0.0,0.0
12670,Essence (K=15),0.0,0.0
12867,Random,0.0,
12867,Popularity,0.0,
12867,CF (ItemKNN),0.0,
12867,Content (Avg Emb),0.0,
12867,Last-Item,0.0,
12867,Avg-Last-10,0.0,
12867,Recency-Weighted,0.0,
12867,Essence (K=15),0.0,
12874,Random,0.0,
12874,Popularity,0.5,
12874,CF (ItemKNN),0.5,
12874,Content (Avg Emb),0.0,
12874,Last-Item,0.0,
12874,Avg-Last-10,0.0,
12874,Recency-Weighted,0.0,
12874,Essence (K=15),0.0,
12903,Random,0.0,
12903,Popularity,0.2,
12903,CF (ItemKNN),0.6,
12903,Content (Avg Emb),0.0,
12903,Last-Item,0.0,
12903,Avg-Last-10,0.0,
12903,Recency-Weighted,0.0,
12903,Essence (K=15),0.0,
13044,Random,0.0,
13044,Popularity,0.14285714285714285,
13044,CF (ItemKNN),0.07142857142857142,
13044,Content (Avg Emb),0.0,
13044,Last-Item,0.0,
13044,Avg-Last-10,0.0,
13044,Recency-Weighted,0.0,
13044,Essence (K=15),0.0,
13093,Random,0.0,
13093,Popularity,0.0,
13093,CF (ItemKNN),0.2,
13093,Content (Avg Emb),0.0,
13093,Last-Item,0.0,
13093,Avg-Last-10,0.0,
13093,Recency-Weighted,0.0,
13093,Essence (K=15),0.0,
13122,Random,0.0,
13122,Popularity,0.0,
13122,CF (ItemKNN),0.0,
13122,Content (Avg Emb),0.0,
13122,Last-Item,0.0,
13122,Avg-Last-10,0.0,
13122,Recency-Weighted,0.0,
13122,Essence (K=15),0.0,
13144,Random,0.0,
13144,Popularity,0.0,
13144,CF (ItemKNN),0.14285714285714285,
13144,Content (Avg Emb),0.0,
13144,Last-Item,0.0,
13144,Avg-Last-10,0.0,
13144,Recency-Weighted,0.0,
13144,Essence (K=15),0.0,
13275,Random,0.0,
13275,Popularity,0.125,
13275,CF (ItemKNN),0.25,
13275,Content (Avg Emb),0.0,
13275,Last-Item,0.0,
13275,Avg-Last-10,0.0,
13275,Recency-Weighted,0.0,
13275,Essence (K=15),0.0,
13387,Random,0.0,0.0
13387,Popularity,0.1,0.0
13387,CF (ItemKNN),0.1,0.0
13387,Content (Avg Emb),0.0,0.0
13387,Last-Item,0.0,0.0
13387,Avg-Last-10,0.0,0.0
13387,Recency-Weighted,0.0,0.0
13387,Essence (K=15),0.0,0.0
13728,Random,0.0,0.0
13728,Popularity,0.0,0.0
13728,CF (ItemKNN),0.0,0.0
13728,Content (Avg Emb),0.0,0.0
13728,Last-Item,0.0,0.0
13728,Avg-Last-10,0.0,0.0
13728,Recency-Weighted,0.0,0.0
13728,Essence (K=15),0.0,0.0
13855,Random,0.0,0.0
13855,Popularity,0.0625,0.0
13855,CF (ItemKNN),0.0625,0.0
13855,Content (Avg Emb),0.0,0.0
13855,Last-Item,0.0625,0.0
13855,Avg-Last-10,0.0,0.0
13855,Recency-Weighted,0.0,0.0
13855,Essence (K=15),0.0,0.0
13981,Random,0.0,
13981,Popularity,0.0,
13981,CF (ItemKNN),0.25,
13981,Content (Avg Emb),0.0,
13981,Last-Item,0.0,
13981,Avg-Last-10,0.0,
13981,Recency-Weighted,0.0,
13981,Essence (K=15),0.0,
14146,Random,0.0,
14146,Popularity,0.08333333333333333,
14146,CF (ItemKNN),0.25,
14146,Content (Avg Emb),0.08333333333333333,
14146,Last-Item,0.0,
14146,Avg-Last-10,0.08333333333333333,
14146,Recency-Weighted,0.08333333333333333,
14146,Essence (K=15),0.08333333333333333,
14194,Random,0.0,0.0
14194,Popularity,0.0,0.0
14194,CF (ItemKNN),0.0,0.0
14194,Content (Avg Emb),0.0,0.0
14194,Last-Item,0.0,0.0
14194,Avg-Last-10,0.0,0.0
14194,Recency-Weighted,0.0,0.0
14194,Essence (K=15),0.0,0.0
14373,Random,0.0,
14373,Popularity,0.0,
14373,CF (ItemKNN),0.0,
14373,Content (Avg Emb),0.0,
14373,Last-Item,0.0,
14373,Avg-Last-10,0.0,
14373,Recency-Weighted,0.0,
14373,Essence (K=15),0.0,
14760,Random,0.0,
14760,Popularity,0.0,
14760,CF (ItemKNN),0.0,
14760,Content (Avg Emb),0.0,
14760,Last-Item,0.0,
14760,Avg-Last-10,0.0,
14760,Recency-Weighted,0.0,
14760,Essence (K=15),0.0,
14843,Random,0.0,0.0
14843,Popularity,0.0,0.0
14843,CF (ItemKNN),0.0,0.0
14843,Content (Avg Emb),0.0,0.0
14843,Last-Item,0.0,0.0
14843,Avg-Last-10,0.0,0.0
14843,Recency-Weighted,0.0,0.0
14843,Essence (K=15),0.0,0.0
14970,Random,0.0,
14970,Popularity,0.0,
14970,CF (ItemKNN),0.05,
14970,Content (Avg Emb),0.0,
14970,Last-Item,0.0,
14970,Avg-Last-10,0.0,
14970,Recency-Weighted,0.0,
14970,Essence (K=15),0.0,
15071,Random,0.0,
15071,Popularity,0.0,
15071,CF (ItemKNN),0.0,
15071,Content (Avg Emb),0.0,
15071,Last-Item,0.0,
15071,Avg-Last-10,0.0,
15071,Recency-Weighted,0.0,
15071,Essence (K=15),0.0,
15202,Random,0.0,
15202,Popularity,0.0,
15202,CF (ItemKNN),0.3333333333333333,
15202,Content (Avg Emb),0.0,
15202,Last-Item,0.0,
15202,Avg-Last-10,0.0,
15202,Recency-Weighted,0.1111111111111111,
15202,Essence (K=15),0.0,
15230,Random,0.0,0.0
15230,Popularity,0.0,0.0
15230,CF (ItemKNN),0.0,0.0
15230,Content (Avg Emb),0.06666666666666667,0.0
15230,Last-Item,0.13333333333333333,0.0
15230,Avg-Last-10,0.0,0.0
15230,Recency-Weighted,0.0,0.0
15230,Essence (K=15),0.13333333333333333,0.0
15239,Random,0.0,
15239,Popularity,0.14285714285714285,
15239,CF (ItemKNN),0.14285714285714285,
15239,Content (Avg Emb),0.0,
15239,Last-Item,0.0,
15239,Avg-Last-10,0.0,
15239,Recency-Weighted,0.0,
15239,Essence (K=15),0.0,
15259,Random,0.0,0.0
15259,Popularity,0.0,0.0
15259,CF (ItemKNN),0.0,0.0
15259,Content (Avg Emb),0.0,0.0
15259,Last-Item,0.0,0.0
15259,Avg-Last-10,0.0,0.0
15259,Recency-Weighted,0.0,0.0
15259,Essence (K=15),0.0,0.0
15308,Random,0.0,
15308,Popularity,0.2222222222222222,
15308,CF (ItemKNN),0.2222222222222222,
15308,Content (Avg Emb),0.05555555555555555,
15308,Last-Item,0.0,
15308,Avg-Last-10,0.0,
15308,Recency-Weighted,0.0,
15308,Essence (K=15),0.0,
15799,Random,0.0,
15799,Popularity,0.0,
15799,CF (ItemKNN),0.4,
15799,Content (Avg Emb),0.0,
15799,Last-Item,0.0,
15799,Avg-Last-10,0.0,
15799,Recency-Weighted,0.0,
15799,Essence (K=15),0.0,
15834,Random,0.043478260869565216,
15834,Popularity,0.0,
15834,CF (ItemKNN),0.0,
15834,Content (Avg Emb),0.0,
15834,Last-Item,0.0,
15834,Avg-Last-10,0.0,
15834,Recency-Weighted,0.0,
15834,Essence (K=15),0.0,
15868,Random,0.0,
15868,Popularity,0.2,
15868,CF (ItemKNN),0.4,
15868,Content (Avg Emb),0.0,
15868,Last-Item,0.2,
15868,Avg-Last-10,0.0,
15868,Recency-Weighted,0.0,
15868,Essence (K=15),0.0,
15980,Random,0.0,
15980,Popularity,0.75,
15980,CF (ItemKNN),0.5,
15980,Content (Avg Emb),0.0,
15980,Last-Item,0.0,
15980,Avg-Last-10,0.0,
15980,Recency-Weighted,0.0,
15980,Essence (K=15),0.0,
16059,Random,0.0,
16059,Popularity,0.0,
16059,CF (ItemKNN),0.0,
16059,Content (Avg Emb),0.0,
16059,Last-Item,0.0,
16059,Avg-Last-10,0.0,
16059,Recency-Weighted,0.0,
16059,Essence (K=15),0.0,
16164,Random,0.0,
16164,Popularity,0.0,
16164,CF (ItemKNN),0.2,
16164,Content (Avg Emb),0.0,
16164,Last-Item,0.0,
16164,Avg-Last-10,0.0,
16164,Recency-Weighted,0.0,
16164,Essence (K=15),0.0,
16211,Random,0.0,
16211,Popularity,0.038461538461538464,
16211,CF (ItemKNN),0.038461538461538464,
16211,Content (Avg Emb),0.0,
16211,Last-Item,0.0,
16211,Avg-Last-10,0.0,
16211,Recency-Weighted,0.0,
16211,Essence (K=15),0.0,
16312,Random,0.0,
16312,Popularity,0.0,
16312,CF (ItemKNN),0.18181818181818182,
16312,Content (Avg Emb),0.0,
16312,Last-Item,0.0,
16312,Avg-Last-10,0.0,
16312,Recency-Weighted,0.0,
16312,Essence (K=15),0.0,
16385,Random,0.0,
16385,Popularity,0.0,
16385,CF (ItemKNN),0.0,
16385,Content (Avg Emb),0.0,
16385,Last-Item,0.0,
16385,Avg-Last-10,0.0,
16385,Recency-Weighted,0.0,
16385,Essence (K=15),0.0,
16409,Random,0.0,
16409,Popularity,0.0,
16409,CF (ItemKNN),0.0,
16409,Content (Avg Emb),0.0,
16409,Last-Item,0.0,
16409,Avg-Last-10,0.0,
16409,Recency-Weighted,0.0,
16409,Essence (K=15),0.0,
16413,Random,0.0,
16413,Popularity,0.0,
16413,CF (ItemKNN),0.0,
16413,Content (Avg Emb),0.0,
16413,Last-Item,0.0,
16413,Avg-Last-10,0.0,
16413,Recency-Weighted,0.0,
16413,Essence (K=15),0.0,
16490,Random,0.0,
16490,Popularity,0.25,
16490,CF (ItemKNN),0.25,
16490,Content (Avg Emb),0.0,
16490,Last-Item,0.0,
16490,Avg-Last-10,0.0,
16490,Recency-Weighted,0.0,
16490,Essence (K=15),0.0,
16759,Random,0.0,
16759,Popularity,0.0,
16759,CF (ItemKNN),0.0,
16759,Content (Avg Emb),0.0,
16759,Last-Item,0.0,
16759,Avg-Last-10,0.0,
16759,Recency-Weighted,0.0,
16759,Essence (K=15),0.0,
16918,Random,0.0,
16918,Popularity,0.0,
16918,CF (ItemKNN),0.0,
16918,Content (Avg Emb),0.0,
16918,Last-Item,0.0,
16918,Avg-Last-10,0.0,
16918,Recency-Weighted,0.0,
16918,Essence (K=15),0.0,
17085,Random,0.0,
17085,Popularity,0.0,
17085,CF (ItemKNN),0.0,
17085,Content (Avg Emb),0.0,
17085,Last-Item,0.0,
17085,Avg-Last-10,0.0,
17085,Recency-Weighted,0.0,
17085,Essence (K=15),0.0,
17407,Random,0.0,
17407,Popularity,0.0,
17407,CF (ItemKNN),0.0,
17407,Content (Avg Emb),0.0,
17407,Last-Item,0.0,
17407,Avg-Last-10,0.0,
17407,Recency-Weighted,0.0,
17407,Essence (K=15),0.0,
17420,Random,0.0,
17420,Popularity,0.0,
17420,CF (ItemKNN),0.25,
17420,Content (Avg Emb),0.0,
17420,Last-Item,0.0,
17420,Avg-Last-10,0.0,
17420,Recency-Weighted,0.0,
17420,Essence (K=15),0.0,
17494,Random,0.0,
17494,Popularity,0.0,
17494,CF (ItemKNN),0.0,
17494,Content (Avg Emb),0.0,
17494,Last-Item,0.0,
17494,Avg-Last-10,0.0,
17494,Recency-Weighted,0.0,
17494,Essence (K=15),0.0,
17660,Random,0.0,
17660,Popularity,0.1111111111111111,
17660,CF (ItemKNN),0.1111111111111111,
17660,Content (Avg Emb),0.0,
17660,Last-Item,0.0,
17660,Avg-Last-10,0.0,
17660,Recency-Weighted,0.0,
17660,Essence (K=15),0.0,
17705,Random,0.0,0.0
17705,Popularity,0.0,0.0
17705,CF (ItemKNN),0.0,0.0
17705,Content (Avg Emb),0.0,0.0
17705,Last-Item,0.045454545454545456,0.0
17705,Avg-Last-10,0.0,0.0
17705,Recency-Weighted,0.0,0.0
17705,Essence (K=15),0.0,0.0
17713,Random,0.0,0.0
17713,Popularity,0.0,0.0
17713,CF (ItemKNN),0.0,0.0
17713,Content (Avg Emb),0.0,0.0
17713,Last-Item,0.0,0.0
17713,Avg-Last-10,0.0,0.0
17713,Recency-Weighted,0.0,0.0
17713,Essence (K=15),0.0,0.0
17857,Random,0.0,
17857,Popularity,0.0,
17857,CF (ItemKNN),0.125,
17857,Content (Avg Emb),0.0,
17857,Last-Item,0.0,
17857,Avg-Last-10,0.0,
17857,Recency-Weighted,0.0,
17857,Essence (K=15),0.0,
17915,Random,0.0,
17915,Popularity,0.14285714285714285,
17915,CF (ItemKNN),0.14285714285714285,
17915,Content (Avg Emb),0.0,
17915,Last-Item,0.0,
17915,Avg-Last-10,0.0,
17915,Recency-Weighted,0.0,
17915,Essence (K=15),0.0,
18270,Random,0.0,0.0
18270,Popularity,0.0,0.0
18270,CF (ItemKNN),0.0,0.0
18270,Content (Avg Emb),0.0,0.0
18270,Last-Item,0.0,0.0
18270,Avg-Last-10,0.0,0.0
18270,Recency-Weighted,0.0,0.0
18270,Essence (K=15),0.0,0.0
18530,Random,0.0,0.0
18530,Popularity,0.0,0.0
18530,CF (ItemKNN),0.0,0.0
18530,Content (Avg Emb),0.0,0.0
18530,Last-Item,0.0,0.0
18530,Avg-Last-10,0.0,0.0
18530,Recency-Weighted,0.0,0.0
18530,Essence (K=15),0.0,0.0
18647,Random,0.0,0.0
18647,Popularity,0.0,0.0
18647,CF (ItemKNN),0.0,0.0
18647,Content (Avg Emb),0.0,0.0
18647,Last-Item,0.2,0.0
18647,Avg-Last-10,0.0,0.0
18647,Recency-Weighted,0.0,0.0
18647,Essence (K=15),0.0,0.0
18694,Random,0.0,0.0
18694,Popularity,0.0,0.0
18694,CF (ItemKNN),0.0,0.0
18694,Content (Avg Emb),0.0,0.0
18694,Last-Item,0.0,0.0
18694,Avg-Last-10,0.0,0.0
18694,Recency-Weighted,0.0,0.0
18694,Essence (K=15),0.0625,0.0
18715,Random,0.0,0.0
18715,Popularity,0.0,0.0
18715,CF (ItemKNN),0.0,0.0
18715,Content (Avg Emb),0.05263157894736842,0.0
18715,Last-Item,0.0,0.0
18715,Avg-Last-10,0.10526315789473684,0.0
18715,Recency-Weighted,0.05263157894736842,0.0
18715,Essence (K=15),0.0,0.0
18717,Random,0.0,
18717,Popularity,0.2,
18717,CF (ItemKNN),0.2,
18717,Content (Avg Emb),0.0,
18717,Last-Item,0.0,
18717,Avg-Last-10,0.0,
18717,Recency-Weighted,0.0,
18717,Essence (K=15),0.0,
18753,Random,0.0,
18753,Popularity,0.0,
18753,CF (ItemKNN),0.0,
18753,Content (Avg Emb),0.0,
18753,Last-Item,0.0,
18753,Avg-Last-10,0.0,
18753,Recency-Weighted,0.0,
18753,Essence (K=15),0.0,
18947,Random,0.0,0.0
18947,Popularity,0.0,0.0
18947,CF (ItemKNN),0.0,0.0
18947,Content (Avg Emb),0.0,0.0
18947,Last-Item,0.0,0.0
18947,Avg-Last-10,0.0,0.0
18947,Recency-Weighted,0.0,0.0
18947,Essence (K=15),0.0,0.0
19076,Random,0.0,
19076,Popularity,0.0,
19076,CF (ItemKNN),0.0,
19076,Content (Avg Emb),0.0,
19076,Last-Item,0.0,
19076,Avg-Last-10,0.0,
19076,Recency-Weighted,0.0,
19076,Essence (K=15),0.0,
19202,Random,0.0,
19202,Popularity,0.0,
19202,CF (ItemKNN),0.0,
19202,Content (Avg Emb),0.0,
19202,Last-Item,0.0,
19202,Avg-Last-10,0.0,
19202,Recency-Weighted,0.0,
19202,Essence (K=15),0.0,
19544,Random,0.0,
19544,Popularity,0.0,
19544,CF (ItemKNN),0.0,
19544,Content (Avg Emb),0.0,
19544,Last-Item,0.0,
19544,Avg-Last-10,0.0,
19544,Recency-Weighted,0.0,
19544,Essence (K=15),0.0,
19724,Random,0.0,
19724,Popularity,0.0,
19724,CF (ItemKNN),0.0,
19724,Content (Avg Emb),0.0,
19724,Last-Item,0.0,
19724,Avg-Last-10,0.0,
19724,Recency-Weighted,0.0,
19724,Essence (K=15),0.0,
19779,Random,0.0,0.0
19779,Popularity,0.0,0.0
19779,CF (ItemKNN),0.0,0.0
19779,Content (Avg Emb),0.0,0.0
19779,Last-Item,0.0,0.0
19779,Avg-Last-10,0.0,0.0
19779,Recency-Weighted,0.0,0.0
19779,Essence (K=15),0.0,0.0
19787,Random,0.0,0.0
19787,Popularity,0.0,0.0
19787,CF (ItemKNN),0.0,0.0
19787,Content (Avg Emb),0.0,0.0
19787,Last-Item,0.045454545454545456,0.0
19787,Avg-Last-10,0.0,0.0
19787,Recency-Weighted,0.0,0.0
19787,Essence (K=15),0.0,0.0
19836,Random,0.0,
19836,Popularity,0.0,
19836,CF (ItemKNN),0.2727272727272727,
19836,Content (Avg Emb),0.0,
19836,Last-Item,0.0,
19836,Avg-Last-10,0.18181818181818182,
19836,Recency-Weighted,0.18181818181818182,
19836,Essence (K=15),0.18181818181818182,
19966,Random,0.0,0.0
19966,Popularity,0.0,0.0
19966,CF (ItemKNN),0.0,0.0
19966,Content (Avg Emb),0.0,0.0
19966,Last-Item,0.0,0.0
19966,Avg-Last-10,0.0,0.0
19966,Recency-Weighted,0.0,0.0
19966,Essence (K=15),0.0,0.0
20207,Random,0.0,0.0
20207,Popularity,0.08333333333333333,0.0
20207,CF (ItemKNN),0.0,0.0
20207,Content (Avg Emb),0.0,0.0
20207,Last-Item,0.0,0.0
20207,Avg-Last-10,0.0,0.0
20207,Recency-Weighted,0.0,0.0
20207,Essence (K=15),0.0,0.0
20334,Random,0.0,0.0
20334,Popularity,0.0,0.0
20334,CF (ItemKNN),0.07142857142857142,0.0
20334,Content (Avg Emb),0.0,0.0
20334,Last-Item,0.0,0.0
20334,Avg-Last-10,0.0,0.0
20334,Recency-Weighted,0.0,0.0
20334,Essence (K=15),0.0,0.0
20379,Random,0.0,
20379,Popularity,0.0,
20379,CF (ItemKNN),0.125,
20379,Content (Avg Emb),0.0,
20379,Last-Item,0.0,
20379,Avg-Last-10,0.0,
20379,Recency-Weighted,0.0,
20379,Essence (K=15),0.0,
20411,Random,0.0,
20411,Popularity,0.0,
20411,CF (ItemKNN),0.0,
20411,Content (Avg Emb),0.0,
20411,Last-Item,0.0,
20411,Avg-Last-10,0.0,
20411,Recency-Weighted,0.0,
20411,Essence (K=15),0.0,
20560,Random,0.0,
20560,Popularity,0.08,
20560,CF (ItemKNN),0.08,
20560,Content (Avg Emb),0.0,
20560,Last-Item,0.0,
20560,Avg-Last-10,0.0,
20560,Recency-Weighted,0.0,
20560,Essence (K=15),0.0,
20587,Random,0.0,
20587,Popularity,0.0,
20587,CF (ItemKNN),0.0,
20587,Content (Avg Emb),0.0,
20587,Last-Item,0.0,
20587,Avg-Last-10,0.0,
20587,Recency-Weighted,0.0,
20587,Essence (K=15),0.0,
20630,Random,0.0,
20630,Popularity,0.0,
20630,CF (ItemKNN),0.0,
20630,Content (Avg Emb),0.0,
20630,Last-Item,0.0,
20630,Avg-Last-10,0.0,
20630,Recency-Weighted,0.0,
20630,Essence (K=15),0.0,
20635,Random,0.0,
20635,Popularity,0.0625,
20635,CF (ItemKNN),0.0625,
20635,Content (Avg Emb),0.0,
20635,Last-Item,0.125,
20635,Avg-Last-10,0.0625,
20635,Recency-Weighted,0.125,
20635,Essence (K=15),0.0,
20689,Random,0.0,
20689,Popularity,0.0,
20689,CF (ItemKNN),0.0,
20689,Content (Avg Emb),0.0,
20689,Last-Item,0.0,
20689,Avg-Last-10,0.0,
20689,Recency-Weighted,0.0,
20689,Essence (K=15),0.0,
20858,Random,0.0,
20858,Popularity,0.09090909090909091,
20858,CF (ItemKNN),0.18181818181818182,
20858,Content (Avg Emb),0.0,
20858,Last-Item,0.0,
20858,Avg-Last-10,0.0,
20858,Recency-Weighted,0.0,
20858,Essence (K=15),0.0,
21387,Random,0.0,
21387,Popularity,0.0,
21387,CF (ItemKNN),0.0,
21387,Content (Avg Emb),0.0,
21387,Last-Item,0.0,
21387,Avg-Last-10,0.0,
21387,Recency-Weighted,0.0,
21387,Essence (K=15),0.0,
21396,Random,0.0,
21396,Popularity,0.5,
21396,CF (ItemKNN),0.5,
21396,Content (Avg Emb),0.0,
21396,Last-Item,0.0,
21396,Avg-Last-10,0.0,
21396,Recency-Weighted,0.0,
21396,Essence (K=15),0.0,
21419,Random,0.0,
21419,Popularity,0.0,
21419,CF (ItemKNN),0.0,
21419,Content (Avg Emb),0.0,
21419,Last-Item,0.0,
21419,Avg-Last-10,0.0,
21419,Recency-Weighted,0.0,
21419,Essence (K=15),0.0,
21483,Random,0.125,
21483,Popularity,0.0,
21483,CF (ItemKNN),0.125,
21483,Content (Avg Emb),0.0,
21483,Last-Item,0.0,
21483,Avg-Last-10,0.0,
21483,Recency-Weighted,0.0,
21483,Essence (K=15),0.0,
21606,Random,0.0,
21606,Popularity,0.0,
21606,CF (ItemKNN),0.2222222222222222,
21606,Content (Avg Emb),0.1111111111111111,
21606,Last-Item,0.0,
21606,Avg-Last-10,0.1111111111111111,
21606,Recency-Weighted,0.1111111111111111,
21606,Essence (K=15),0.1111111111111111,
21657,Random,0.0,
21657,Popularity,0.0,
21657,CF (ItemKNN),0.08333333333333333,
21657,Content (Avg Emb),0.0,
21657,Last-Item,0.0,
21657,Avg-Last-10,0.0,
21657,Recency-Weighted,0.0,
21657,Essence (K=15),0.0,
21795,Random,0.0,
21795,Popularity,0.17647058823529413,
21795,CF (ItemKNN),0.11764705882352941,
21795,Content (Avg Emb),0.0,
21795,Last-Item,0.0,
21795,Avg-Last-10,0.0,
21795,Recency-Weighted,0.0,
21795,Essence (K=15),0.0,
22162,Random,0.0,0.0
22162,Popularity,0.0,0.0
22162,CF (ItemKNN),0.0,0.0
22162,Content (Avg Emb),0.0,0.0
22162,Last-Item,0.0,0.0
22162,Avg-Last-10,0.0,0.0
22162,Recency-Weighted,0.0,0.0
22162,Essence (K=15),0.0,0.0
22169,Random,0.0,0.0
22169,Popularity,0.1111111111111111,0.0
22169,CF (ItemKNN),0.05555555555555555,0.0
22169,Content (Avg Emb),0.0,0.0
22169,Last-Item,0.0,0.0
22169,Avg-Last-10,0.05555555555555555,0.0
22169,Recency-Weighted,0.1111111111111111,0.0
22169,Essence (K=15),0.05555555555555555,0.0
22317,Random,0.0,
22317,Popularity,0.0,
22317,CF (ItemKNN),0.0,
22317,Content (Avg Emb),0.0,
22317,Last-Item,0.0,
22317,Avg-Last-10,0.0,
22317,Recency-Weighted,0.0,
22317,Essence (K=15),0.0,
22364,Random,0.0,
22364,Popularity,0.0,
22364,CF (ItemKNN),0.0,
22364,Content (Avg Emb),0.0,
22364,Last-Item,0.0,
22364,Avg-Last-10,0.0,
22364,Recency-Weighted,0.0,
22364,Essence (K=15),0.0,
22624,Random,0.0,
22624,Popularity,0.0,
22624,CF (ItemKNN),0.0,
22624,Content (Avg Emb),0.0,
22624,Last-Item,0.0,
22624,Avg-Last-10,0.0,
22624,Recency-Weighted,0.0,
22624,Essence (K=15),0.0,
22822,Random,0.0,
22822,Popularity,0.16666666666666666,
22822,CF (ItemKNN),0.16666666666666666,
22822,Content (Avg Emb),0.0,
22822,Last-Item,0.0,
22822,Avg-Last-10,0.0,
22822,Recency-Weighted,0.0,
22822,Essence (K=15),0.0,
22862,Random,0.0,
22862,Popularity,0.0,
22862,CF (ItemKNN),0.0,
22862,Content (Avg Emb),0.0,
22862,Last-Item,0.0,
22862,Avg-Last-10,0.0,
22862,Recency-Weighted,0.0,
22862,Essence (K=15),0.0,
22923,Random,0.0,
22923,Popularity,0.125,
22923,CF (ItemKNN),0.125,
22923,Content (Avg Emb),0.0,
22923,Last-Item,0.0,
22923,Avg-Last-10,0.0,
22923,Recency-Weighted,0.0,
22923,Essence (K=15),0.0,
23266,Random,0.0,
23266,Popularity,0.0,
23266,CF (ItemKNN),0.1,
23266,Content (Avg Emb),0.0,
23266,Last-Item,0.0,
23266,Avg-Last-10,0.0,
23266,Recency-Weighted,0.0,
23266,Essence (K=15),0.0,
23374,Random,0.0,
23374,Popularity,0.0,
23374,CF (ItemKNN),0.0,
23374,Content (Avg Emb),0.0,
23374,Last-Item,0.0,
23374,Avg-Last-10,0.0,
23374,Recency-Weighted,0.0,
23374,Essence (K=15),0.0,
23420,Random,0.0,
23420,Popularity,0.0625,
23420,CF (ItemKNN),0.0625,
23420,Content (Avg Emb),0.0,
23420,Last-Item,0.0,
23420,Avg-Last-10,0.0,
23420,Recency-Weighted,0.0,
23420,Essence (K=15),0.0,
23587,Random,0.0,
23587,Popularity,0.07692307692307693,
23587,CF (ItemKNN),0.0,
23587,Content (Avg Emb),0.0,
23587,Last-Item,0.0,
23587,Avg-Last-10,0.0,
23587,Recency-Weighted,0.0,
23587,Essence (K=15),0.07692307692307693,
23825,Random,0.0,
23825,Popularity,0.2,
23825,CF (ItemKNN),0.4,
23825,Content (Avg Emb),0.0,
23825,Last-Item,0.0,
23825,Avg-Last-10,0.0,
23825,Recency-Weighted,0.0,
23825,Essence (K=15),0.0,
24115,Random,0.0,
24115,Popularity,0.125,
24115,CF (ItemKNN),0.125,
24115,Content (Avg Emb),0.0,
24115,Last-Item,0.0,
24115,Avg-Last-10,0.0,
24115,Recency-Weighted,0.0,
24115,Essence (K=15),0.0,
24145,Random,0.0,
24145,Popularity,0.0,
24145,CF (ItemKNN),0.0,
24145,Content (Avg Emb),0.0,
24145,Last-Item,0.0,
24145,Avg-Last-10,0.0,
24145,Recency-Weighted,0.125,
24145,Essence (K=15),0.0,
24226,Random,0.0,
24226,Popularity,0.0,
24226,CF (ItemKNN),0.0,
24226,Content (Avg Emb),0.0,
24226,Last-Item,0.0,
24226,Avg-Last-10,0.0,
24226,Recency-Weighted,0.0,
24226,Essence (K=15),0.0,
24307,Random,0.0,0.0
24307,Popularity,0.0,0.0
24307,CF (ItemKNN),0.125,0.0
24307,Content (Avg Emb),0.0,0.0
24307,Last-Item,0.0,0.0
24307,Avg-Last-10,0.0,0.0
24307,Recency-Weighted,0.0,0.0
24307,Essence (K=15),0.0625,0.0
24365,Random,0.0,0.0
24365,Popularity,0.0,0.0
24365,CF (ItemKNN),0.0,0.0
24365,Content (Avg Emb),0.0,0.0
24365,Last-Item,0.0,0.0
24365,Avg-Last-10,0.0,0.0
24365,Recency-Weighted,0.0,0.0
24365,Essence (K=15),0.0,0.0
24375,Random,0.0,
24375,Popularity,0.375,
24375,CF (ItemKNN),0.125,
24375,Content (Avg Emb),0.0,
24375,Last-Item,0.0,
24375,Avg-Last-10,0.0,
24375,Recency-Weighted,0.0,
24375,Essence (K=15),0.0,
24400,Random,0.0,
24400,Popularity,0.16666666666666666,
24400,CF (ItemKNN),0.16666666666666666,
24400,Content (Avg Emb),0.0,
24400,Last-Item,0.16666666666666666,
24400,Avg-Last-10,0.0,
24400,Recency-Weighted,0.0,
24400,Essence (K=15),0.0,
24687,Random,0.0,0.0
24687,Popularity,0.0,0.0
24687,CF (ItemKNN),0.037037037037037035,0.0
24687,Content (Avg Emb),0.0,0.0
24687,Last-Item,0.0,0.0
24687,Avg-Last-10,0.0,0.0
24687,Recency-Weighted,0.0,0.0
24687,Essence (K=15),0.0,0.0
24831,Random,0.0,
24831,Popularity,0.0,
24831,CF (ItemKNN),0.14285714285714285,
24831,Content (Avg Emb),0.0,
24831,Last-Item,0.0,
24831,Avg-Last-10,0.0,
24831,Recency-Weighted,0.0,
24831,Essence (K=15),0.0,
24896,Random,0.0,
24896,Popularity,0.0,
24896,CF (ItemKNN),0.0,
24896,Content (Avg Emb),0.0,
24896,Last-Item,0.0,
24896,Avg-Last-10,0.0,
24896,Recency-Weighted,0.0,
24896,Essence (K=15),0.0,
24943,Random,0.0,
24943,Popularity,0.0,
24943,CF (ItemKNN),0.0,
24943,Content (Avg Emb),0.0,
24943,Last-Item,0.0,
24943,Avg-Last-10,0.0,
24943,Recency-Weighted,0.0,
24943,Essence (K=15),0.0,
25014,Random,0.0,
25014,Popularity,0.0,
25014,CF (ItemKNN),0.0,
25014,Content (Avg Emb),0.0,
25014,Last-Item,0.0,
25014,Avg-Last-10,0.0,
25014,Recency-Weighted,0.0,
25014,Essence (K=15),0.0,
25044,Random,0.0,0.0
25044,Popularity,0.0,0.0
25044,CF (ItemKNN),0.0,0.0
25044,Content (Avg Emb),0.0,0.0
25044,Last-Item,0.0,0.0
25044,Avg-Last-10,0.0,0.0
25044,Recency-Weighted,0.0,0.0
25044,Essence (K=15),0.0,0.0
25202,Random,0.0,
25202,Popularity,0.0,
25202,CF (ItemKNN),0.0,
25202,Content (Avg Emb),0.0,
25202,Last-Item,0.0,
25202,Avg-Last-10,0.0,
25202,Recency-Weighted,0.0,
25202,Essence (K=15),0.0,
25306,Random,0.0,
25306,Popularity,0.0,
25306,CF (ItemKNN),0.0,
25306,Content (Avg Emb),0.0,
25306,Last-Item,0.0,
25306,Avg-Last-10,0.0,
25306,Recency-Weighted,0.0,
25306,Essence (K=15),0.0,
25311,Random,0.0,0.0
25311,Popularity,0.0,0.0
25311,CF (ItemKNN),0.038461538461538464,0.0
25311,Content (Avg Emb),0.0,0.0
25311,Last-Item,0.0,0.0
25311,Avg-Last-10,0.0,0.0
25311,Recency-Weighted,0.0,0.0
25311,Essence (K=15),0.0,0.0
25459,Random,0.0,
25459,Popularity,0.0,
25459,CF (ItemKNN),0.0,
25459,Content (Avg Emb),0.25,
25459,Last-Item,0.0,
25459,Avg-Last-10,0.25,
25459,Recency-Weighted,0.25,
25459,Essence (K=15),0.0,
25642,Random,0.0,
25642,Popularity,0.0,
25642,CF (ItemKNN),0.0,
25642,Content (Avg Emb),0.07142857142857142,
25642,Last-Item,0.07142857142857142,
25642,Avg-Last-10,0.07142857142857142,
25642,Recency-Weighted,0.0,
25642,Essence (K=15),0.0,
25729,Random,0.0,
25729,Popularity,0.0,
25729,CF (ItemKNN),0.1111111111111111,
25729,Content (Avg Emb),0.0,
25729,Last-Item,0.0,
25729,Avg-Last-10,0.0,
25729,Recency-Weighted,0.0,
25729,Essence (K=15),0.0,
25792,Random,0.0,
25792,Popularity,0.0,
25792,CF (ItemKNN),0.16666666666666666,
25792,Content (Avg Emb),0.0,
25792,Last-Item,0.0,
25792,Avg-Last-10,0.0,
25792,Recency-Weighted,0.0,
25792,Essence (K=15),0.0,
25838,Random,0.0,
25838,Popularity,0.0,
25838,CF (ItemKNN),0.0,
25838,Content (Avg Emb),0.0,
25838,Last-Item,0.0,
25838,Avg-Last-10,0.0,
25838,Recency-Weighted,0.0,
25838,Essence (K=15),0.0,
25876,Random,0.0,
25876,Popularity,0.0,
25876,CF (ItemKNN),0.0,
25876,Content (Avg Emb),0.0,
25876,Last-Item,0.0,
25876,Avg-Last-10,0.0,
25876,Recency-Weighted,0.0,
25876,Essence (K=15),0.0,
25907,Random,0.0,
25907,Popularity,0.0,
25907,CF (ItemKNN),0.0,
25907,Content (Avg Emb),0.0,
25907,Last-Item,0.0,
25907,Avg-Last-10,0.0,
25907,Recency-Weighted,0.0,
25907,Essence (K=15),0.0,
25939,Random,0.0,
25939,Popularity,0.0,
25939,CF (ItemKNN),0.06666666666666667,
25939,Content (Avg Emb),0.0,
25939,Last-Item,0.0,
25939,Avg-Last-10,0.0,
25939,Recency-Weighted,0.0,
25939,Essence (K=15),0.0,
26064,Random,0.0,
26064,Popularity,0.0,
26064,CF (ItemKNN),0.0,
26064,Content (Avg Emb),0.0,
26064,Last-Item,0.0,
26064,Avg-Last-10,0.0,
26064,Recency-Weighted,0.0,
26064,Essence (K=15),0.0,
26147,Random,0.0,
26147,Popularity,0.0,
26147,CF (ItemKNN),0.1,
26147,Content (Avg Emb),0.0,
26147,Last-Item,0.0,
26147,Avg-Last-10,0.0,
26147,Recency-Weighted,0.0,
26147,Essence (K=15),0.0,
26339,Random,0.1111111111111111,
26339,Popularity,0.0,
26339,CF (ItemKNN),0.0,
26339,Content (Avg Emb),0.0,
26339,Last-Item,0.0,
26339,Avg-Last-10,0.0,
26339,Recency-Weighted,0.0,
26339,Essence (K=15),0.0,
26472,Random,0.0,0.0
26472,Popularity,0.0,0.0
26472,CF (ItemKNN),0.0,0.0
26472,Content (Avg Emb),0.0,0.0
26472,Last-Item,0.0,0.0
26472,Avg-Last-10,0.125,0.0
26472,Recency-Weighted,0.125,0.0
26472,Essence (K=15),0.0,0.0
26630,Random,0.0,
26630,Popularity,0.0,
26630,CF (ItemKNN),0.09090909090909091,
26630,Content (Avg Emb),0.0,
26630,Last-Item,0.0,
26630,Avg-Last-10,0.0,
26630,Recency-Weighted,0.0,
26630,Essence (K=15),0.0,
26780,Random,0.0,0.0
26780,Popularity,0.0,0.0
26780,CF (ItemKNN),0.0,0.0
26780,Content (Avg Emb),0.25,1.0
26780,Last-Item,0.0,0.0
26780,Avg-Last-10,0.0,0.0
26780,Recency-Weighted,0.0,0.0
26780,Essence (K=15),0.0,0.0
26839,Random,0.0,0.0
26839,Popularity,0.0,0.0
26839,CF (ItemKNN),0.0,0.0
26839,Content (Avg Emb),0.0,0.0
26839,Last-Item,0.0,0.0
26839,Avg-Last-10,0.0,0.0
26839,Recency-Weighted,0.0,0.0
26839,Essence (K=15),0.0,0.0
26985,Random,0.0,
26985,Popularity,0.0,
26985,CF (ItemKNN),0.0,
26985,Content (Avg Emb),0.0,
26985,Last-Item,0.0,
26985,Avg-Last-10,0.0,
26985,Recency-Weighted,0.0,
26985,Essence (K=15),0.0,
27050,Random,0.0,
27050,Popularity,0.0,
27050,CF (ItemKNN),0.14285714285714285,
27050,Content (Avg Emb),0.0,
27050,Last-Item,0.0,
27050,Avg-Last-10,0.0,
27050,Recency-Weighted,0.0,
27050,Essence (K=15),0.0,
27061,Random,0.03571428571428571,0.0
27061,Popularity,0.0,0.0
27061,CF (ItemKNN),0.03571428571428571,0.0
27061,Content (Avg Emb),0.0,0.0
27061,Last-Item,0.0,0.0
27061,Avg-Last-10,0.0,0.0
27061,Recency-Weighted,0.0,0.0
27061,Essence (K=15),0.0,0.0
27256,Random,0.0,0.0
27256,Popularity,0.06666666666666667,0.0
27256,CF (ItemKNN),0.06666666666666667,0.0
27256,Content (Avg Emb),0.0,0.0
27256,Last-Item,0.0,0.0
27256,Avg-Last-10,0.0,0.0
27256,Recency-Weighted,0.06666666666666667,0.0
27256,Essence (K=15),0.0,0.0
27267,Random,0.0,
27267,Popularity,0.0,
27267,CF (ItemKNN),0.0,
27267,Content (Avg Emb),0.0,
27267,Last-Item,0.0,
27267,Avg-Last-10,0.0,
27267,Recency-Weighted,0.0,
27267,Essence (K=15),0.0,
27503,Random,0.0,0.0
27503,Popularity,0.0,0.0
27503,CF (ItemKNN),0.0,0.0
27503,Content (Avg Emb),0.0,0.0
27503,Last-Item,0.0,0.0
27503,Avg-Last-10,0.0,0.0
27503,Recency-Weighted,0.0,0.0
27503,Essence (K=15),0.0,0.0
27800,Random,0.0,
27800,Popularity,0.25,
27800,CF (ItemKNN),0.5,
27800,Content (Avg Emb),0.0,
27800,Last-Item,0.0,
27800,Avg-Last-10,0.0,
27800,Recency-Weighted,0.0,
27800,Essence (K=15),0.0,
27850,Random,0.0,
27850,Popularity,0.0,
27850,CF (ItemKNN),0.1,
27850,Content (Avg Emb),0.0,
27850,Last-Item,0.0,
27850,Avg-Last-10,0.0,
27850,Recency-Weighted,0.0,
27850,Essence (K=15),0.0,
28045,Random,0.0,0.0
28045,Popularity,0.0,0.0
28045,CF (ItemKNN),0.0,0.0
28045,Content (Avg Emb),0.0,0.0
28045,Last-Item,0.0625,0.0
28045,Avg-Last-10,0.0,0.0
28045,Recency-Weighted,0.0,0.0
28045,Essence (K=15),0.0,0.0
28494,Random,0.0,0.0
28494,Popularity,0.0,0.0
28494,CF (ItemKNN),0.0,0.0
28494,Content (Avg Emb),0.0,0.0
28494,Last-Item,0.0,0.0
28494,Avg-Last-10,0.0,0.0
28494,Recency-Weighted,0.0,0.0
28494,Essence (K=15),0.0,0.0
28529,Random,0.0,
28529,Popularity,0.0,
28529,CF (ItemKNN),0.0,
28529,Content (Avg Emb),0.0,
28529,Last-Item,0.0,
28529,Avg-Last-10,0.0,
28529,Recency-Weighted,0.0,
28529,Essence (K=15),0.0,
28724,Random,0.0,0.0
28724,Popularity,0.0,0.0
28724,CF (ItemKNN),0.0,0.0
28724,Content (Avg Emb),0.0,0.0
28724,Last-Item,0.0,0.0
28724,Avg-Last-10,0.0,0.0
28724,Recency-Weighted,0.0,0.0
28724,Essence (K=15),0.0,0.0
28799,Random,0.0,
28799,Popularity,0.25,
28799,CF (ItemKNN),0.5,
28799,Content (Avg Emb),0.0,
28799,Last-Item,0.5,
28799,Avg-Last-10,0.25,
28799,Recency-Weighted,0.5,
28799,Essence (K=15),0.0,
28841,Random,0.0,
28841,Popularity,0.0,
28841,CF (ItemKNN),0.2857142857142857,
28841,Content (Avg Emb),0.0,
28841,Last-Item,0.0,
28841,Avg-Last-10,0.0,
28841,Recency-Weighted,0.0,
28841,Essence (K=15),0.0,
28881,Random,0.0,
28881,Popularity,0.0,
28881,CF (ItemKNN),0.0,
28881,Content (Avg Emb),0.0,
28881,Last-Item,0.2,
28881,Avg-Last-10,0.0,
28881,Recency-Weighted,0.0,
28881,Essence (K=15),0.0,
29027,Random,0.0,
29027,Popularity,0.0,
29027,CF (ItemKNN),0.0,
29027,Content (Avg Emb),0.0,
29027,Last-Item,0.0,
29027,Avg-Last-10,0.0,
29027,Recency-Weighted,0.0,
29027,Essence (K=15),0.0,
29269,Random,0.0,0.0
29269,Popularity,0.0,0.0
29269,CF (ItemKNN),0.0,0.0
29269,Content (Avg Emb),0.0,0.0
29269,Last-Item,0.0,0.0
29269,Avg-Last-10,0.0,0.0
29269,Recency-Weighted,0.0,0.0
29269,Essence (K=15),0.0,0.0
29281,Random,0.0,0.0
29281,Popularity,0.0,0.0
29281,CF (ItemKNN),0.058823529411764705,0.0
29281,Content (Avg Emb),0.0,0.0
29281,Last-Item,0.0,0.0
29281,Avg-Last-10,0.0,0.0
29281,Recency-Weighted,0.0,0.0
29281,Essence (K=15),0.0,0.0
29398,Random,0.0,
29398,Popularity,0.25,
29398,CF (ItemKNN),0.5,
29398,Content (Avg Emb),0.0,
29398,Last-Item,0.0,
29398,Avg-Last-10,0.0,
29398,Recency-Weighted,0.0,
29398,Essence (K=15),0.0,
29412,Random,0.0,
29412,Popularity,0.2,
29412,CF (ItemKNN),0.4,
29412,Content (Avg Emb),0.0,
29412,Last-Item,0.0,
29412,Avg-Last-10,0.0,
29412,Recency-Weighted,0.0,
29412,Essence (K=15),0.0,
29514,Random,0.0,
29514,Popularity,0.0,
29514,CF (ItemKNN),0.0,
29514,Content (Avg Emb),0.0,
29514,Last-Item,0.0,
29514,Avg-Last-10,0.0,
29514,Recency-Weighted,0.0,
29514,Essence (K=15),0.0,
29792,Random,0.0,
29792,Popularity,0.0,
29792,CF (ItemKNN),0.0,
29792,Content (Avg Emb),0.0,
29792,Last-Item,0.0,
29792,Avg-Last-10,0.0,
29792,Recency-Weighted,0.0,
29792,Essence (K=15),0.0,
29812,Random,0.0,
29812,Popularity,0.0,
29812,CF (ItemKNN),0.0,
29812,Content (Avg Emb),0.0,
29812,Last-Item,0.0,
29812,Avg-Last-10,0.0,
29812,Recency-Weighted,0.0,
29812,Essence (K=15),0.0,
30092,Random,0.0,
30092,Popularity,0.14285714285714285,
30092,CF (ItemKNN),0.14285714285714285,
30092,Content (Avg Emb),0.0,
30092,Last-Item,0.0,
30092,Avg-Last-10,0.0,
30092,Recency-Weighted,0.0,
30092,Essence (K=15),0.14285714285714285,
30236,Random,0.0,
30236,Popularity,0.0,
30236,CF (ItemKNN),0.0,
30236,Content (Avg Emb),0.0,
30236,Last-Item,0.0,
30236,Avg-Last-10,0.0,
30236,Recency-Weighted,0.0,
30236,Essence (K=15),0.0,
30367,Random,0.0,
30367,Popularity,0.0,
30367,CF (ItemKNN),0.0,
30367,Content (Avg Emb),0.0,
30367,Last-Item,0.0,
30367,Avg-Last-10,0.0,
30367,Recency-Weighted,0.0,
30367,Essence (K=15),0.0,
30481,Random,0.0,
30481,Popularity,0.0,
30481,CF (ItemKNN),0.0,
30481,Content (Avg Emb),0.0,
30481,Last-Item,0.0,
30481,Avg-Last-10,0.0,
30481,Recency-Weighted,0.0,
30481,Essence (K=15),0.0,
30761,Random,0.08333333333333333,
30761,Popularity,0.0,
30761,CF (ItemKNN),0.0,
30761,Content (Avg Emb),0.0,
30761,Last-Item,0.0,
30761,Avg-Last-10,0.0,
30761,Recency-Weighted,0.0,
30761,Essence (K=15),0.0,
31144,Random,0.0,
31144,Popularity,0.0,
31144,CF (ItemKNN),0.0,
31144,Content (Avg Emb),0.0,
31144,Last-Item,0.0,
31144,Avg-Last-10,0.0,
31144,Recency-Weighted,0.0,
31144,Essence (K=15),0.0,
31181,Random,0.0,0.0
31181,Popularity,0.0,0.0
31181,CF (ItemKNN),0.07142857142857142,0.0
31181,Content (Avg Emb),0.0,0.0
31181,Last-Item,0.07142857142857142,0.0
31181,Avg-Last-10,0.0,0.0
31181,Recency-Weighted,0.07142857142857142,0.0
31181,Essence (K=15),0.0,0.0
31236,Random,0.0,
31236,Popularity,0.2,
31236,CF (ItemKNN),0.2,
31236,Content (Avg Emb),0.0,
31236,Last-Item,0.0,
31236,Avg-Last-10,0.0,
31236,Recency-Weighted,0.0,
31236,Essence (K=15),0.0,
31264,Random,0.0,0.0
31264,Popularity,0.0,0.0
31264,CF (ItemKNN),0.0,0.0
31264,Content (Avg Emb),0.0,0.0
31264,Last-Item,0.0,0.0
31264,Avg-Last-10,0.07692307692307693,0.5
31264,Recency-Weighted,0.07692307692307693,0.5
31264,Essence (K=15),0.038461538461538464,0.5
31338,Random,0.0,
31338,Popularity,0.5,
31338,CF (ItemKNN),0.5,
31338,Content (Avg Emb),0.0,
31338,Last-Item,0.0,
31338,Avg-Last-10,0.0,
31338,Recency-Weighted,0.0,
31338,Essence (K=15),0.0,
31421,Random,0.0,
31421,Popularity,0.0,
31421,CF (ItemKNN),0.2857142857142857,
31421,Content (Avg Emb),0.0,
31421,Last-Item,0.2857142857142857,
31421,Avg-Last-10,0.0,
31421,Recency-Weighted,0.0,
31421,Essence (K=15),0.0,
31429,Random,0.0,
31429,Popularity,0.5,
31429,CF (ItemKNN),0.25,
31429,Content (Avg Emb),0.0,
31429,Last-Item,0.0,
31429,Avg-Last-10,0.0,
31429,Recency-Weighted,0.0,
31429,Essence (K=15),0.0,
31468,Random,0.0,0.0
31468,Popularity,0.0,0.0
31468,CF (ItemKNN),0.0,0.0
31468,Content (Avg Emb),0.0,0.0
31468,Last-Item,0.0,0.0
31468,Avg-Last-10,0.0,0.0
31468,Recency-Weighted,0.0,0.0
31468,Essence (K=15),0.0,0.0
31537,Random,0.0,
31537,Popularity,0.1,
31537,CF (ItemKNN),0.2,
31537,Content (Avg Emb),0.1,
31537,Last-Item,0.0,
31537,Avg-Last-10,0.2,
31537,Recency-Weighted,0.1,
31537,Essence (K=15),0.1,
31593,Random,0.0,
31593,Popularity,0.25,
31593,CF (ItemKNN),0.25,
31593,Content (Avg Emb),0.0,
31593,Last-Item,0.0,
31593,Avg-Last-10,0.0,
31593,Recency-Weighted,0.0,
31593,Essence (K=15),0.0,
31678,Random,0.0,
31678,Popularity,0.0,
31678,CF (ItemKNN),0.0,
31678,Content (Avg Emb),0.0,
31678,Last-Item,0.0,
31678,Avg-Last-10,0.0,
31678,Recency-Weighted,0.0,
31678,Essence (K=15),0.0,
31835,Random,0.0,0.0
31835,Popularity,0.0,0.0
31835,CF (ItemKNN),0.0,0.0
31835,Content (Avg Emb),0.0,0.0
31835,Last-Item,0.0,0.0
31835,Avg-Last-10,0.0,0.0
31835,Recency-Weighted,0.0,0.0
31835,Essence (K=15),0.0,0.0
31886,Random,0.0,
31886,Popularity,0.0,
31886,CF (ItemKNN),0.1111111111111111,
31886,Content (Avg Emb),0.0,
31886,Last-Item,0.0,
31886,Avg-Last-10,0.0,
31886,Recency-Weighted,0.0,
31886,Essence (K=15),0.0,
32298,Random,0.0,
32298,Popularity,0.0,
32298,CF (ItemKNN),0.0,
32298,Content (Avg Emb),0.0,
32298,Last-Item,0.0,
32298,Avg-Last-10,0.0,
32298,Recency-Weighted,0.0,
32298,Essence (K=15),0.0,
32599,Random,0.0,
32599,Popularity,0.18181818181818182,
32599,CF (ItemKNN),0.2727272727272727,
32599,Content (Avg Emb),0.0,
32599,Last-Item,0.0,
32599,Avg-Last-10,0.0,
32599,Recency-Weighted,0.0,
32599,Essence (K=15),0.0,
32609,Random,0.0,
32609,Popularity,0.16666666666666666,
32609,CF (ItemKNN),0.0,
32609,Content (Avg Emb),0.0,
32609,Last-Item,0.0,
32609,Avg-Last-10,0.0,
32609,Recency-Weighted,0.0,
32609,Essence (K=15),0.0,
32650,Random,0.0,
32650,Popularity,0.25,
32650,CF (ItemKNN),0.25,
32650,Content (Avg Emb),0.0,
32650,Last-Item,0.0,
32650,Avg-Last-10,0.0,
32650,Recency-Weighted,0.0,
32650,Essence (K=15),0.0,
32663,Random,0.0,0.0
32663,Popularity,0.0,0.0
32663,CF (ItemKNN),0.0,0.0
32663,Content (Avg Emb),0.0,0.0
32663,Last-Item,0.0,0.0
32663,Avg-Last-10,0.0,0.0
32663,Recency-Weighted,0.0,0.0
32663,Essence (K=15),0.0,0.0
32693,Random,0.04,0.0
32693,Popularity,0.0,0.0
32693,CF (ItemKNN),0.0,0.0
32693,Content (Avg Emb),0.04,0.0
32693,Last-Item,0.0,0.0
32693,Avg-Last-10,0.0,0.0
32693,Recency-Weighted,0.0,0.0
32693,Essence (K=15),0.0,0.0
32934,Random,0.0,0.0
32934,Popularity,0.0,0.0
32934,CF (ItemKNN),0.0,0.0
32934,Content (Avg Emb),0.0,0.0
32934,Last-Item,0.0,0.0
32934,Avg-Last-10,0.0,0.0
32934,Recency-Weighted,0.0,0.0
32934,Essence (K=15),0.0,0.0
32993,Random,0.0,
32993,Popularity,0.16666666666666666,
32993,CF (ItemKNN),0.3333333333333333,
32993,Content (Avg Emb),0.0,
32993,Last-Item,0.0,
32993,Avg-Last-10,0.0,
32993,Recency-Weighted,0.0,
32993,Essence (K=15),0.0,
33396,Random,0.0,
33396,Popularity,0.05263157894736842,
33396,CF (ItemKNN),0.05263157894736842,
33396,Content (Avg Emb),0.0,
33396,Last-Item,0.05263157894736842,
33396,Avg-Last-10,0.0,
33396,Recency-Weighted,0.0,
33396,Essence (K=15),0.0,
33405,Random,0.0,
33405,Popularity,0.09090909090909091,
33405,CF (ItemKNN),0.0,
33405,Content (Avg Emb),0.0,
33405,Last-Item,0.0,
33405,Avg-Last-10,0.0,
33405,Recency-Weighted,0.0,
33405,Essence (K=15),0.0,
33517,Random,0.0,
33517,Popularity,0.0,
33517,CF (ItemKNN),0.0,
33517,Content (Avg Emb),0.0,
33517,Last-Item,0.0,
33517,Avg-Last-10,0.0,
33517,Recency-Weighted,0.0,
33517,Essence (K=15),0.0,
33946,Random,0.0,
33946,Popularity,0.16666666666666666,
33946,CF (ItemKNN),0.0,
33946,Content (Avg Emb),0.0,
33946,Last-Item,0.0,
33946,Avg-Last-10,0.0,
33946,Recency-Weighted,0.0,
33946,Essence (K=15),0.0,
34106,Random,0.0,
34106,Popularity,0.2,
34106,CF (ItemKNN),0.4,
34106,Content (Avg Emb),0.0,
34106,Last-Item,0.0,
34106,Avg-Last-10,0.0,
34106,Recency-Weighted,0.0,
34106,Essence (K=15),0.0,
34498,Random,0.0,
34498,Popularity,0.0,
34498,CF (ItemKNN),0.0,
34498,Content (Avg Emb),0.0,
34498,Last-Item,0.0,
34498,Avg-Last-10,0.0,
34498,Recency-Weighted,0.0,
34498,Essence (K=15),0.0,
34593,Random,0.0,0.0
34593,Popularity,0.058823529411764705,0.0
34593,CF (ItemKNN),0.058823529411764705,0.0
34593,Content (Avg Emb),0.0,0.0
34593,Last-Item,0.0,0.0
34593,Avg-Last-10,0.0,0.0
34593,Recency-Weighted,0.0,0.0
34593,Essence (K=15),0.0,0.0
34650,Random,0.0,0.0
34650,Popularity,0.06666666666666667,0.0
34650,CF (ItemKNN),0.03333333333333333,0.0
34650,Content (Avg Emb),0.0,0.0
34650,Last-Item,0.0,0.0
34650,Avg-Last-10,0.0,0.0
34650,Recency-Weighted,0.0,0.0
34650,Essence (K=15),0.0,0.0
34659,Random,0.0,
34659,Popularity,0.0,
34659,CF (ItemKNN),0.0,
34659,Content (Avg Emb),0.0,
34659,Last-Item,0.0,
34659,Avg-Last-10,0.0,
34659,Recency-Weighted,0.0,
34659,Essence (K=15),0.0,
34788,Random,0.0,0.0
34788,Popularity,0.0,0.0
34788,CF (ItemKNN),0.0,0.0
34788,Content (Avg Emb),0.0,0.0
34788,Last-Item,0.0,0.0
34788,Avg-Last-10,0.0,0.0
34788,Recency-Weighted,0.0,0.0
34788,Essence (K=15),0.0,0.0
34836,Random,0.0,
34836,Popularity,0.16666666666666666,
34836,CF (ItemKNN),0.0,
34836,Content (Avg Emb),0.0,
34836,Last-Item,0.0,
34836,Avg-Last-10,0.0,
34836,Recency-Weighted,0.0,
34836,Essence (K=15),0.0,
34920,Random,0.0,
34920,Popularity,0.0,
34920,CF (ItemKNN),0.0,
34920,Content (Avg Emb),0.0,
34920,Last-Item,0.0,
34920,Avg-Last-10,0.0,
34920,Recency-Weighted,0.16666666666666666,
34920,Essence (K=15),0.0,
35007,Random,0.0,
35007,Popularity,0.0,
35007,CF (ItemKNN),0.125,
35007,Content (Avg Emb),0.0,
35007,Last-Item,0.0,
35007,Avg-Last-10,0.0,
35007,Recency-Weighted,0.0,
35007,Essence (K=15),0.0,
35096,Random,0.0,
35096,Popularity,0.0,
35096,CF (ItemKNN),0.0,
35096,Content (Avg Emb),0.0,
35096,Last-Item,0.0,
35096,Avg-Last-10,0.0625,
35096,Recency-Weighted,0.0,
35096,Essence (K=15),0.0,
35142,Random,0.0,
35142,Popularity,0.09090909090909091,
35142,CF (ItemKNN),0.09090909090909091,
35142,Content (Avg Emb),0.0,
35142,Last-Item,0.0,
35142,Avg-Last-10,0.0,
35142,Recency-Weighted,0.0,
35142,Essence (K=15),0.0,
35190,Random,0.0,
35190,Popularity,0.0,
35190,CF (ItemKNN),0.0,
35190,Content (Avg Emb),0.0,
35190,Last-Item,0.2,
35190,Avg-Last-10,0.0,
35190,Recency-Weighted,0.0,
35190,Essence (K=15),0.0,
35377,Random,0.0,0.0
35377,Popularity,0.0,0.0
35377,CF (ItemKNN),0.0,0.0
35377,Content (Avg Emb),0.0,0.0
35377,Last-Item,0.0,0.0
35377,Avg-Last-10,0.0,0.0
35377,Recency-Weighted,0.0,0.0
35377,Essence (K=15),0.0,0.0
35689,Random,0.0,
35689,Popularity,0.16666666666666666,
35689,CF (ItemKNN),0.5,
35689,Content (Avg Emb),0.16666666666666666,
35689,Last-Item,0.0,
35689,Avg-Last-10,0.0,
35689,Recency-Weighted,0.0,
35689,Essence (K=15),0.0,
35806,Random,0.0,0.0
35806,Popularity,0.0,0.0
35806,CF (ItemKNN),0.0,0.0
35806,Content (Avg Emb),0.0,0.0
35806,Last-Item,0.0,0.0
35806,Avg-Last-10,0.0,0.0
35806,Recency-Weighted,0.0,0.0
35806,Essence (K=15),0.0,0.0
35925,Random,0.0,0.0
35925,Popularity,0.0,0.0
35925,CF (ItemKNN),0.0,0.0
35925,Content (Avg Emb),0.0,0.0
35925,Last-Item,0.0,0.0
35925,Avg-Last-10,0.0,0.0
35925,Recency-Weighted,0.045454545454545456,0.0
35925,Essence (K=15),0.0,0.0
36036,Random,0.0,
36036,Popularity,0.06666666666666667,
36036,CF (ItemKNN),0.06666666666666667,
36036,Content (Avg Emb),0.0,
36036,Last-Item,0.0,
36036,Avg-Last-10,0.0,
36036,Recency-Weighted,0.0,
36036,Essence (K=15),0.0,
36051,Random,0.0,
36051,Popularity,0.0,
36051,CF (ItemKNN),0.0,
36051,Content (Avg Emb),0.0,
36051,Last-Item,0.0,
36051,Avg-Last-10,0.0,
36051,Recency-Weighted,0.0,
36051,Essence (K=15),0.0,
36082,Random,0.0,
36082,Popularity,0.0,
36082,CF (ItemKNN),0.0,
36082,Content (Avg Emb),0.0,
36082,Last-Item,0.0,
36082,Avg-Last-10,0.0,
36082,Recency-Weighted,0.0,
36082,Essence (K=15),0.0,
36176,Random,0.0,
36176,Popularity,0.0,
36176,CF (ItemKNN),0.0,
36176,Content (Avg Emb),0.0,
36176,Last-Item,0.0,
36176,Avg-Last-10,0.0,
36176,Recency-Weighted,0.0,
36176,Essence (K=15),0.0,
36226,Random,0.0,
36226,Popularity,0.0,
36226,CF (ItemKNN),0.0,
36226,Content (Avg Emb),0.0,
36226,Last-Item,0.0,
36226,Avg-Last-10,0.0,
36226,Recency-Weighted,0.0,
36226,Essence (K=15),0.0,
36364,Random,0.0,
36364,Popularity,0.0,
36364,CF (ItemKNN),0.0,
36364,Content (Avg Emb),0.0,
36364,Last-Item,0.0,
36364,Avg-Last-10,0.0,
36364,Recency-Weighted,0.0,
36364,Essence (K=15),0.0,
36401,Random,0.0,
36401,Popularity,0.25,
36401,CF (ItemKNN),0.0,
36401,Content (Avg Emb),0.0,
36401,Last-Item,0.0,
36401,Avg-Last-10,0.0,
36401,Recency-Weighted,0.0,
36401,Essence (K=15),0.0,
36619,Random,0.0,0.0
36619,Popularity,0.038461538461538464,0.0
36619,CF (ItemKNN),0.07692307692307693,0.0
36619,Content (Avg Emb),0.0,0.0
36619,Last-Item,0.0,0.0
36619,Avg-Last-10,0.0,0.0
36619,Recency-Weighted,0.0,0.0
36619,Essence (K=15),0.0,0.0
36661,Random,0.0,
36661,Popularity,0.0,
36661,CF (ItemKNN),0.0,
36661,Content (Avg Emb),0.0,
36661,Last-Item,0.0,
36661,Avg-Last-10,0.0,
36661,Recency-Weighted,0.0,
36661,Essence (K=15),0.0,
36829,Random,0.0,
36829,Popularity,0.3333333333333333,
36829,CF (ItemKNN),0.0,
36829,Content (Avg Emb),0.0,
36829,Last-Item,0.0,
36829,Avg-Last-10,0.0,
36829,Recency-Weighted,0.0,
36829,Essence (K=15),0.0,
36906,Random,0.0,
36906,Popularity,0.125,
36906,CF (ItemKNN),0.25,
36906,Content (Avg Emb),0.0,
36906,Last-Item,0.125,
36906,Avg-Last-10,0.125,
36906,Recency-Weighted,0.125,
36906,Essence (K=15),0.125,
37065,Random,0.0,
37065,Popularity,0.07692307692307693,
37065,CF (ItemKNN),0.0,
37065,Content (Avg Emb),0.0,
37065,Last-Item,0.0,
37065,Avg-Last-10,0.0,
37065,Recency-Weighted,0.0,
37065,Essence (K=15),0.0,
37076,Random,0.0,
37076,Popularity,0.0,
37076,CF (ItemKNN),0.5,
37076,Content (Avg Emb),0.0,
37076,Last-Item,0.0,
37076,Avg-Last-10,0.0,
37076,Recency-Weighted,0.0,
37076,Essence (K=15),0.0,
37356,Random,0.0,
37356,Popularity,0.2,
37356,CF (ItemKNN),0.0,
37356,Content (Avg Emb),0.0,
37356,Last-Item,0.0,
37356,Avg-Last-10,0.0,
37356,Recency-Weighted,0.0,
37356,Essence (K=15),0.0,
37371,Random,0.0,
37371,Popularity,0.06666666666666667,
37371,CF (ItemKNN),0.0,
37371,Content (Avg Emb),0.0,
37371,Last-Item,0.0,
37371,Avg-Last-10,0.0,
37371,Recency-Weighted,0.0,
37371,Essence (K=15),0.0,
37418,Random,0.0,
37418,Popularity,0.0,
37418,CF (ItemKNN),0.1,
37418,Content (Avg Emb),0.0,
37418,Last-Item,0.0,
37418,Avg-Last-10,0.0,
37418,Recency-Weighted,0.0,
37418,Essence (K=15),0.0,
37586,Random,0.0,
37586,Popularity,0.125,
37586,CF (ItemKNN),0.125,
37586,Content (Avg Emb),0.0,
37586,Last-Item,0.0,
37586,Avg-Last-10,0.0,
37586,Recency-Weighted,0.0,
37586,Essence (K=15),0.0,
37590,Random,0.0,
37590,Popularity,0.0,
37590,CF (ItemKNN),0.0,
37590,Content (Avg Emb),0.0,
37590,Last-Item,0.0,
37590,Avg-Last-10,0.0,
37590,Recency-Weighted,0.0,
37590,Essence (K=15),0.0,
37607,Random,0.0,0.0
37607,Popularity,0.0,0.0
37607,CF (ItemKNN),0.0,0.0
37607,Content (Avg Emb),0.0,0.0
37607,Last-Item,0.0,0.0
37607,Avg-Last-10,0.0,0.0
37607,Recency-Weighted,0.0,0.0
37607,Essence (K=15),0.0,0.0
37790,Random,0.0,
37790,Popularity,0.2,
37790,CF (ItemKNN),0.2,
37790,Content (Avg Emb),0.0,
37790,Last-Item,0.0,
37790,Avg-Last-10,0.0,
37790,Recency-Weighted,0.0,
37790,Essence (K=15),0.0,
37791,Random,0.0,0.0
37791,Popularity,0.07692307692307693,0.0
37791,CF (ItemKNN),0.0,0.0
37791,Content (Avg Emb),0.0,0.0
37791,Last-Item,0.0,0.0
37791,Avg-Last-10,0.0,0.0
37791,Recency-Weighted,0.0,0.0
37791,Essence (K=15),0.0,0.0
37862,Random,0.0,
37862,Popularity,0.0,
37862,CF (ItemKNN),0.0,
37862,Content (Avg Emb),0.0,
37862,Last-Item,0.0,
37862,Avg-Last-10,0.0,
37862,Recency-Weighted,0.0,
37862,Essence (K=15),0.0,
37979,Random,0.0,
37979,Popularity,0.2,
37979,CF (ItemKNN),0.2,
37979,Content (Avg Emb),0.0,
37979,Last-Item,0.0,
37979,Avg-Last-10,0.0,
37979,Recency-Weighted,0.0,
37979,Essence (K=15),0.0,
38137,Random,0.0,
38137,Popularity,0.0,
38137,CF (ItemKNN),0.0,
38137,Content (Avg Emb),0.0,
38137,Last-Item,0.0,
38137,Avg-Last-10,0.0,
38137,Recency-Weighted,0.0,
38137,Essence (K=15),0.0,
38345,Random,0.0,
38345,Popularity,0.0,
38345,CF (ItemKNN),0.0,
38345,Content (Avg Emb),0.0,
38345,Last-Item,0.0,
38345,Avg-Last-10,0.0,
38345,Recency-Weighted,0.0,
38345,Essence (K=15),0.0,
38413,Random,0.0,
38413,Popularity,0.0,
38413,CF (ItemKNN),0.1111111111111111,
38413,Content (Avg Emb),0.0,
38413,Last-Item,0.0,
38413,Avg-Last-10,0.0,
38413,Recency-Weighted,0.0,
38413,Essence (K=15),0.0,
38524,Random,0.0,
38524,Popularity,0.14285714285714285,
38524,CF (ItemKNN),0.21428571428571427,
38524,Content (Avg Emb),0.0,
38524,Last-Item,0.0,
38524,Avg-Last-10,0.0,
38524,Recency-Weighted,0.0,
38524,Essence (K=15),0.0,
38641,Random,0.0,
38641,Popularity,0.0,
38641,CF (ItemKNN),0.0,
38641,Content (Avg Emb),0.0,
38641,Last-Item,0.0,
38641,Avg-Last-10,0.0,
38641,Recency-Weighted,0.0,
38641,Essence (K=15),0.0,
38833,Random,0.0,0.0
38833,Popularity,0.0,0.0
38833,CF (ItemKNN),0.0,0.0
38833,Content (Avg Emb),0.0,0.0
38833,Last-Item,0.0,0.0
38833,Avg-Last-10,0.0,0.0
38833,Recency-Weighted,0.0,0.0
38833,Essence (K=15),0.0,0.0
38891,Random,0.0,
38891,Popularity,0.16666666666666666,
38891,CF (ItemKNN),0.05555555555555555,
38891,Content (Avg Emb),0.0,
38891,Last-Item,0.05555555555555555,
38891,Avg-Last-10,0.0,
38891,Recency-Weighted,0.0,
38891,Essence (K=15),0.0,
38971,Random,0.0,
38971,Popularity,0.0,
38971,CF (ItemKNN),0.14285714285714285,
38971,Content (Avg Emb),0.0,
38971,Last-Item,0.0,
38971,Avg-Last-10,0.0,
38971,Recency-Weighted,0.0,
38971,Essence (K=15),0.0,
39107,Random,0.0,0.0
39107,Popularity,0.0,0.0
39107,CF (ItemKNN),0.0,0.0
39107,Content (Avg Emb),0.0,0.0
39107,Last-Item,0.0,0.0
39107,Avg-Last-10,0.0,0.0
39107,Recency-Weighted,0.0,0.0
39107,Essence (K=15),0.0,0.0
39195,Random,0.0,0.0
39195,Popularity,0.0,0.0
39195,CF (ItemKNN),0.0,0.0
39195,Content (Avg Emb),0.0,0.0
39195,Last-Item,0.058823529411764705,0.5
39195,Avg-Last-10,0.0,0.0
39195,Recency-Weighted,0.0,0.0
39195,Essence (K=15),0.0,0.0
39307,Random,0.0,
39307,Popularity,0.0,
39307,CF (ItemKNN),0.0,
39307,Content (Avg Emb),0.0,
39307,Last-Item,0.0,
39307,Avg-Last-10,0.0,
39307,Recency-Weighted,0.0,
39307,Essence (K=15),0.0,
39316,Random,0.0,0.0
39316,Popularity,0.0,0.0
39316,CF (ItemKNN),0.0,0.0
39316,Content (Avg Emb),0.0,0.0
39316,Last-Item,0.0,0.0
39316,Avg-Last-10,0.0,0.0
39316,Recency-Weighted,0.0,0.0
39316,Essence (K=15),0.0,0.0
39405,Random,0.0,
39405,Popularity,0.0,
39405,CF (ItemKNN),0.2,
39405,Content (Avg Emb),0.0,
39405,Last-Item,0.0,
39405,Avg-Last-10,0.0,
39405,Recency-Weighted,0.0,
39405,Essence (K=15),0.0,
39482,Random,0.0,0.0
39482,Popularity,0.0,0.0
39482,CF (ItemKNN),0.14285714285714285,0.0
39482,Content (Avg Emb),0.0,0.0
39482,Last-Item,0.14285714285714285,0.0
39482,Avg-Last-10,0.0,0.0
39482,Recency-Weighted,0.0,0.0
39482,Essence (K=15),0.0,0.0
39566,Random,0.0,0.0
39566,Popularity,0.18181818181818182,0.0
39566,CF (ItemKNN),0.18181818181818182,0.0
39566,Content (Avg Emb),0.09090909090909091,0.0
39566,Last-Item,0.0,0.0
39566,Avg-Last-10,0.09090909090909091,0.0
39566,Recency-Weighted,0.09090909090909091,0.0
39566,Essence (K=15),0.0,0.0
39645,Random,0.0,
39645,Popularity,0.0,
39645,CF (ItemKNN),0.0,
39645,Content (Avg Emb),0.0,
39645,Last-Item,0.0,
39645,Avg-Last-10,0.0,
39645,Recency-Weighted,0.0,
39645,Essence (K=15),0.0,
39895,Random,0.0,
39895,Popularity,0.0,
39895,CF (ItemKNN),0.0,
39895,Content (Avg Emb),0.0,
39895,Last-Item,0.0,
39895,Avg-Last-10,0.0,
39895,Recency-Weighted,0.0,
39895,Essence (K=15),0.0,
39921,Random,0.0,
39921,Popularity,0.16666666666666666,
39921,CF (ItemKNN),0.08333333333333333,
39921,Content (Avg Emb),0.0,
39921,Last-Item,0.0,
39921,Avg-Last-10,0.0,
39921,Recency-Weighted,0.0,
39921,Essence (K=15),0.0,
39972,Random,0.0,
39972,Popularity,0.0,
39972,CF (ItemKNN),0.4,
39972,Content (Avg Emb),0.0,
39972,Last-Item,0.0,
39972,Avg-Last-10,0.0,
39972,Recency-Weighted,0.0,
39972,Essence (K=15),0.0,
40049,Random,0.0,
40049,Popularity,0.0,
40049,CF (ItemKNN),0.2,
40049,Content (Avg Emb),0.0,
40049,Last-Item,0.0,
40049,Avg-Last-10,0.0,
40049,Recency-Weighted,0.0,
40049,Essence (K=15),0.0,
40088,Random,0.0,
40088,Popularity,0.0,
40088,CF (ItemKNN),0.14285714285714285,
40088,Content (Avg Emb),0.0,
40088,Last-Item,0.0,
40088,Avg-Last-10,0.0,
40088,Recency-Weighted,0.0,
40088,Essence (K=15),0.0,
40121,Random,0.0,
40121,Popularity,0.25,
40121,CF (ItemKNN),0.5,
40121,Content (Avg Emb),0.0,
40121,Last-Item,0.0,
40121,Avg-Last-10,0.0,
40121,Recency-Weighted,0.0,
40121,Essence (K=15),0.0,
40136,Random,0.0,0.0
40136,Popularity,0.058823529411764705,0.0
40136,CF (ItemKNN),0.11764705882352941,0.0
40136,Content (Avg Emb),0.0,0.0
40136,Last-Item,0.0,0.0
40136,Avg-Last-10,0.0,0.0
40136,Recency-Weighted,0.0,0.0
40136,Essence (K=15),0.0,0.0
40219,Random,0.0,
40219,Popularity,0.0,
40219,CF (ItemKNN),0.0,
40219,Content (Avg Emb),0.0,
40219,Last-Item,0.0,
40219,Avg-Last-10,0.0,
40219,Recency-Weighted,0.0,
40219,Essence (K=15),0.0,
40225,Random,0.0,0.0
40225,Popularity,0.0625,0.0
40225,CF (ItemKNN),0.1875,0.0
40225,Content (Avg Emb),0.0,0.0
40225,Last-Item,0.0,0.0
40225,Avg-Last-10,0.0,0.0
40225,Recency-Weighted,0.0,0.0
40225,Essence (K=15),0.0,0.0
40234,Random,0.0,
40234,Popularity,0.0,
40234,CF (ItemKNN),0.0,
40234,Content (Avg Emb),0.0,
40234,Last-Item,0.0,
40234,Avg-Last-10,0.0,
40234,Recency-Weighted,0.0,
40234,Essence (K=15),0.0,
40343,Random,0.0,
40343,Popularity,0.0,
40343,CF (ItemKNN),0.0,
40343,Content (Avg Emb),0.0,
40343,Last-Item,0.0,
40343,Avg-Last-10,0.0,
40343,Recency-Weighted,0.0,
40343,Essence (K=15),0.0,
40451,Random,0.0,
40451,Popularity,0.0,
40451,CF (ItemKNN),0.09090909090909091,
40451,Content (Avg Emb),0.0,
40451,Last-Item,0.0,
40451,Avg-Last-10,0.09090909090909091,
40451,Recency-Weighted,0.0,
40451,Essence (K=15),0.0,
40517,Random,0.0,
40517,Popularity,0.13043478260869565,
40517,CF (ItemKNN),0.08695652173913043,
40517,Content (Avg Emb),0.0,
40517,Last-Item,0.0,
40517,Avg-Last-10,0.0,
40517,Recency-Weighted,0.0,
40517,Essence (K=15),0.0,
40618,Random,0.0,
40618,Popularity,0.0,
40618,CF (ItemKNN),0.0,
40618,Content (Avg Emb),0.0,
40618,Last-Item,0.0,
40618,Avg-Last-10,0.0,
40618,Recency-Weighted,0.0,
40618,Essence (K=15),0.0,
40624,Random,0.0,
40624,Popularity,0.0,
40624,CF (ItemKNN),0.0,
40624,Content (Avg Emb),0.0,
40624,Last-Item,0.0,
40624,Avg-Last-10,0.0,
40624,Recency-Weighted,0.0,
40624,Essence (K=15),0.0,
40935,Random,0.0,
40935,Popularity,0.25,
40935,CF (ItemKNN),0.75,
40935,Content (Avg Emb),0.0,
40935,Last-Item,0.0,
40935,Avg-Last-10,0.0,
40935,Recency-Weighted,0.0,
40935,Essence (K=15),0.0,
40989,Random,0.0,
40989,Popularity,0.0,
40989,CF (ItemKNN),0.16666666666666666,
40989,Content (Avg Emb),0.0,
40989,Last-Item,0.0,
40989,Avg-Last-10,0.0,
40989,Recency-Weighted,0.0,
40989,Essence (K=15),0.0,
41042,Random,0.0,
41042,Popularity,0.125,
41042,CF (ItemKNN),0.125,
41042,Content (Avg Emb),0.0,
41042,Last-Item,0.0,
41042,Avg-Last-10,0.0,
41042,Recency-Weighted,0.0,
41042,Essence (K=15),0.0,
41088,Random,0.0,
41088,Popularity,0.0,
41088,CF (ItemKNN),0.05263157894736842,
41088,Content (Avg Emb),0.0,
41088,Last-Item,0.0,
41088,Avg-Last-10,0.0,
41088,Recency-Weighted,0.0,
41088,Essence (K=15),0.0,
41168,Random,0.0,
41168,Popularity,0.0,
41168,CF (ItemKNN),0.0,
41168,Content (Avg Emb),0.0,
41168,Last-Item,0.0,
41168,Avg-Last-10,0.0,
41168,Recency-Weighted,0.0,
41168,Essence (K=15),0.0,
41242,Random,0.0,0.0
41242,Popularity,0.16666666666666666,0.0
41242,CF (ItemKNN),0.0,0.0
41242,Content (Avg Emb),0.0,0.0
41242,Last-Item,0.0,0.0
41242,Avg-Last-10,0.0,0.0
41242,Recency-Weighted,0.0,0.0
41242,Essence (K=15),0.0,0.0
41289,Random,0.0,
41289,Popularity,0.07142857142857142,
41289,CF (ItemKNN),0.14285714285714285,
41289,Content (Avg Emb),0.0,
41289,Last-Item,0.0,
41289,Avg-Last-10,0.0,
41289,Recency-Weighted,0.0,
41289,Essence (K=15),0.0,
41426,Random,0.0,0.0
41426,Popularity,0.0,0.0
41426,CF (ItemKNN),0.08695652173913043,0.0
41426,Content (Avg Emb),0.0,0.0
41426,Last-Item,0.0,0.0
41426,Avg-Last-10,0.08695652173913043,0.0
41426,Recency-Weighted,0.08695652173913043,0.0
41426,Essence (K=15),0.08695652173913043,0.0
41723,Random,0.0,
41723,Popularity,0.3333333333333333,
41723,CF (ItemKNN),0.16666666666666666,
41723,Content (Avg Emb),0.0,
41723,Last-Item,0.0,
41723,Avg-Last-10,0.0,
41723,Recency-Weighted,0.0,
41723,Essence (K=15),0.0,
41846,Random,0.0,0.0
41846,Popularity,0.0625,0.0
41846,CF (ItemKNN),0.0625,0.0
41846,Content (Avg Emb),0.0,0.0
41846,Last-Item,0.0,0.0
41846,Avg-Last-10,0.0,0.0
41846,Recency-Weighted,0.0,0.0
41846,Essence (K=15),0.0,0.0
41948,Random,0.0,
41948,Popularity,0.0,
41948,CF (ItemKNN),0.0,
41948,Content (Avg Emb),0.0,
41948,Last-Item,0.0,
41948,Avg-Last-10,0.0,
41948,Recency-Weighted,0.0,
41948,Essence (K=15),0.0,
42094,Random,0.0,0.0
42094,Popularity,0.0,0.0
42094,CF (ItemKNN),0.08695652173913043,0.0
42094,Content (Avg Emb),0.0,0.0
42094,Last-Item,0.08695652173913043,0.0
42094,Avg-Last-10,0.0,0.0
42094,Recency-Weighted,0.0,0.0
42094,Essence (K=15),0.0,0.0
42456,Random,0.0,
42456,Popularity,0.0,
42456,CF (ItemKNN),0.0,
42456,Content (Avg Emb),0.0,
42456,Last-Item,0.0,
42456,Avg-Last-10,0.0,
42456,Recency-Weighted,0.0,
42456,Essence (K=15),0.0,
42600,Random,0.0,0.0
42600,Popularity,0.0,0.0
42600,CF (ItemKNN),0.0,0.0
42600,Content (Avg Emb),0.0,0.0
42600,Last-Item,0.0,0.0
42600,Avg-Last-10,0.0,0.0
42600,Recency-Weighted,0.0,0.0
42600,Essence (K=15),0.0,0.0
42758,Random,0.0,0.0
42758,Popularity,0.14285714285714285,0.0
42758,CF (ItemKNN),0.09523809523809523,0.0
42758,Content (Avg Emb),0.0,0.0
42758,Last-Item,0.0,0.0
42758,Avg-Last-10,0.047619047619047616,0.0
42758,Recency-Weighted,0.047619047619047616,0.0
42758,Essence (K=15),0.0,0.0
42864,Random,0.0,
42864,Popularity,0.0,
42864,CF (ItemKNN),0.0,
42864,Content (Avg Emb),0.0,
42864,Last-Item,0.0,
42864,Avg-Last-10,0.0,
42864,Recency-Weighted,0.0,
42864,Essence (K=15),0.0,
42937,Random,0.0,0.0
42937,Popularity,0.125,0.0
42937,CF (ItemKNN),0.125,0.0
42937,Content (Avg Emb),0.0,0.0
42937,Last-Item,0.0,0.0
42937,Avg-Last-10,0.0,0.0
42937,Recency-Weighted,0.0,0.0
42937,Essence (K=15),0.0,0.0
43060,Random,0.0,0.0
43060,Popularity,0.0,0.0
43060,CF (ItemKNN),0.0,0.0
43060,Content (Avg Emb),0.0,0.0
43060,Last-Item,0.0,0.0
43060,Avg-Last-10,0.0,0.0
43060,Recency-Weighted,0.0,0.0
43060,Essence (K=15),0.0,0.0
43401,Random,0.0,0.0
43401,Popularity,0.0,0.0
43401,CF (ItemKNN),0.0,0.0
43401,Content (Avg Emb),0.0,0.0
43401,Last-Item,0.0,0.0
43401,Avg-Last-10,0.0,0.0
43401,Recency-Weighted,0.0,0.0
43401,Essence (K=15),0.0,0.0
43474,Random,0.0,0.0
43474,Popularity,0.0,0.0
43474,CF (ItemKNN),0.05555555555555555,0.0
43474,Content (Avg Emb),0.0,0.0
43474,Last-Item,0.0,0.0
43474,Avg-Last-10,0.0,0.0
43474,Recency-Weighted,0.0,0.0
43474,Essence (K=15),0.0,0.0
43506,Random,0.0,
43506,Popularity,0.08333333333333333,
43506,CF (ItemKNN),0.08333333333333333,
43506,Content (Avg Emb),0.0,
43506,Last-Item,0.0,
43506,Avg-Last-10,0.08333333333333333,
43506,Recency-Weighted,0.0,
43506,Essence (K=15),0.0,
43546,Random,0.0,
43546,Popularity,0.0,
43546,CF (ItemKNN),0.07142857142857142,
43546,Content (Avg Emb),0.0,
43546,Last-Item,0.0,
43546,Avg-Last-10,0.0,
43546,Recency-Weighted,0.0,
43546,Essence (K=15),0.0,
43570,Random,0.0,
43570,Popularity,0.0,
43570,CF (ItemKNN),0.0,
43570,Content (Avg Emb),0.0,
43570,Last-Item,0.0,
43570,Avg-Last-10,0.0,
43570,Recency-Weighted,0.0,
43570,Essence (K=15),0.0,
43575,Random,0.0,
43575,Popularity,0.045454545454545456,
43575,CF (ItemKNN),0.0,
43575,Content (Avg Emb),0.0,
43575,Last-Item,0.0,
43575,Avg-Last-10,0.0,
43575,Recency-Weighted,0.045454545454545456,
43575,Essence (K=15),0.0,
43596,Random,0.0,
43596,Popularity,0.0,
43596,CF (ItemKNN),0.14285714285714285,
43596,Content (Avg Emb),0.0,
43596,Last-Item,0.0,
43596,Avg-Last-10,0.0,
43596,Recency-Weighted,0.0,
43596,Essence (K=15),0.0,
43643,Random,0.0,
43643,Popularity,0.0,
43643,CF (ItemKNN),0.09090909090909091,
43643,Content (Avg Emb),0.09090909090909091,
43643,Last-Item,0.0,
43643,Avg-Last-10,0.0,
43643,Recency-Weighted,0.0,
43643,Essence (K=15),0.0,
43856,Random,0.0,0.0
43856,Popularity,0.0,0.0
43856,CF (ItemKNN),0.0,0.0
43856,Content (Avg Emb),0.0,0.0
43856,Last-Item,0.0,0.0
43856,Avg-Last-10,0.0,0.0
43856,Recency-Weighted,0.0,0.0
43856,Essence (K=15),0.0,0.0
43859,Random,0.0,
43859,Popularity,0.07142857142857142,
43859,CF (ItemKNN),0.14285714285714285,
43859,Content (Avg Emb),0.0,
43859,Last-Item,0.0,
43859,Avg-Last-10,0.0,
43859,Recency-Weighted,0.0,
43859,Essence (K=15),0.0,
43884,Random,0.0,
43884,Popularity,0.0,
43884,CF (ItemKNN),0.0,
43884,Content (Avg Emb),0.0,
43884,Last-Item,0.0,
43884,Avg-Last-10,0.0,
43884,Recency-Weighted,0.0,
43884,Essence (K=15),0.0,
43910,Random,0.0,
43910,Popularity,0.0,
43910,CF (ItemKNN),0.0,
43910,Content (Avg Emb),0.0,
43910,Last-Item,0.0,
43910,Avg-Last-10,0.0,
43910,Recency-Weighted,0.0,
43910,Essence (K=15),0.0,
44110,Random,0.0,
44110,Popularity,0.0,
44110,CF (ItemKNN),0.25,
44110,Content (Avg Emb),0.0,
44110,Last-Item,0.0,
44110,Avg-Last-10,0.0,
44110,Recency-Weighted,0.0,
44110,Essence (K=15),0.0,
44283,Random,0.0,0.0
44283,Popularity,0.21428571428571427,0.0
44283,CF (ItemKNN),0.07142857142857142,0.0
44283,Content (Avg Emb),0.07142857142857142,0.0
44283,Last-Item,0.07142857142857142,0.0
44283,Avg-Last-10,0.0,0.0
44283,Recency-Weighted,0.0,0.0
44283,Essence (K=15),0.07142857142857142,0.0
44356,Random,0.0,
44356,Popularity,0.0,
44356,CF (ItemKNN),0.2857142857142857,
44356,Content (Avg Emb),0.0,
44356,Last-Item,0.0,
44356,Avg-Last-10,0.0,
44356,Recency-Weighted,0.0,
44356,Essence (K=15),0.0,
44376,Random,0.0,0.0
44376,Popularity,0.08333333333333333,0.0
44376,CF (ItemKNN),0.16666666666666666,0.0
44376,Content (Avg Emb),0.0,0.0
44376,Last-Item,0.0,0.0
44376,Avg-Last-10,0.0,0.0
44376,Recency-Weighted,0.0,0.0
44376,Essence (K=15),0.0,0.0
44502,Random,0.0,
44502,Popularity,0.0,
44502,CF (ItemKNN),0.0,
44502,Content (Avg Emb),0.0,
44502,Last-Item,0.0,
44502,Avg-Last-10,0.0,
44502,Recency-Weighted,0.0,
44502,Essence (K=15),0.0,
44728,Random,0.0,
44728,Popularity,0.0,
44728,CF (ItemKNN),0.0,
44728,Content (Avg Emb),0.0,
44728,Last-Item,0.0,
44728,Avg-Last-10,0.0,
44728,Recency-Weighted,0.0,
44728,Essence (K=15),0.0,
44746,Random,0.0,
44746,Popularity,0.14285714285714285,
44746,CF (ItemKNN),0.14285714285714285,
44746,Content (Avg Emb),0.0,
44746,Last-Item,0.0,
44746,Avg-Last-10,0.0,
44746,Recency-Weighted,0.0,
44746,Essence (K=15),0.0,
44776,Random,0.0,
44776,Popularity,0.0,
44776,CF (ItemKNN),0.0,
44776,Content (Avg Emb),0.0,
44776,Last-Item,0.0,
44776,Avg-Last-10,0.0,
44776,Recency-Weighted,0.0,
44776,Essence (K=15),0.0,
44839,Random,0.0,0.0
44839,Popularity,0.0,0.0
44839,CF (ItemKNN),0.0,0.0
44839,Content (Avg Emb),0.0,0.0
44839,Last-Item,0.0,0.0
44839,Avg-Last-10,0.0,0.0
44839,Recency-Weighted,0.0,0.0
44839,Essence (K=15),0.0,0.0
45068,Random,0.0,
45068,Popularity,0.0,
45068,CF (ItemKNN),0.05,
45068,Content (Avg Emb),0.0,
45068,Last-Item,0.0,
45068,Avg-Last-10,0.0,
45068,Recency-Weighted,0.0,
45068,Essence (K=15),0.0,
45092,Random,0.0,
45092,Popularity,0.0,
45092,CF (ItemKNN),0.0,
45092,Content (Avg Emb),0.0,
45092,Last-Item,0.0,
45092,Avg-Last-10,0.0,
45092,Recency-Weighted,0.0,
45092,Essence (K=15),0.0,
45191,Random,0.0,
45191,Popularity,0.25,
45191,CF (ItemKNN),0.25,
45191,Content (Avg Emb),0.0,
45191,Last-Item,0.0,
45191,Avg-Last-10,0.0,
45191,Recency-Weighted,0.0,
45191,Essence (K=15),0.0,
45326,Random,0.0,
45326,Popularity,0.08333333333333333,
45326,CF (ItemKNN),0.08333333333333333,
45326,Content (Avg Emb),0.0,
45326,Last-Item,0.0,
45326,Avg-Last-10,0.0,
45326,Recency-Weighted,0.0,
45326,Essence (K=15),0.0,
45400,Random,0.0,
45400,Popularity,0.0,
45400,CF (ItemKNN),0.2,
45400,Content (Avg Emb),0.0,
45400,Last-Item,0.0,
45400,Avg-Last-10,0.0,
45400,Recency-Weighted,0.0,
45400,Essence (K=15),0.0,
45435,Random,0.0,
45435,Popularity,0.08,
45435,CF (ItemKNN),0.04,
45435,Content (Avg Emb),0.0,
45435,Last-Item,0.0,
45435,Avg-Last-10,0.0,
45435,Recency-Weighted,0.0,
45435,Essence (K=15),0.0,
45466,Random,0.0,
45466,Popularity,0.0,
45466,CF (ItemKNN),0.0,
45466,Content (Avg Emb),0.0,
45466,Last-Item,0.0,
45466,Avg-Last-10,0.0,
45466,Recency-Weighted,0.0,
45466,Essence (K=15),0.0,
45564,Random,0.0,
45564,Popularity,0.0,
45564,CF (ItemKNN),0.0,
45564,Content (Avg Emb),0.0,
45564,Last-Item,0.0,
45564,Avg-Last-10,0.0,
45564,Recency-Weighted,0.0,
45564,Essence (K=15),0.0,
45667,Random,0.0,
45667,Popularity,0.125,
45667,CF (ItemKNN),0.0,
45667,Content (Avg Emb),0.0,
45667,Last-Item,0.0,
45667,Avg-Last-10,0.0,
45667,Recency-Weighted,0.0,
45667,Essence (K=15),0.0,
45684,Random,0.0,0.0
45684,Popularity,0.0,0.0
45684,CF (ItemKNN),0.0,0.0
45684,Content (Avg Emb),0.0,0.0
45684,Last-Item,0.0,0.0
45684,Avg-Last-10,0.0,0.0
45684,Recency-Weighted,0.0,0.0
45684,Essence (K=15),0.0,0.0
45717,Random,0.0,
45717,Popularity,0.0,
45717,CF (ItemKNN),0.0,
45717,Content (Avg Emb),0.0,
45717,Last-Item,0.0,
45717,Avg-Last-10,0.0,
45717,Recency-Weighted,0.0,
45717,Essence (K=15),0.0,
45722,Random,0.0,0.0
45722,Popularity,0.0,0.0
45722,CF (ItemKNN),0.0,0.0
45722,Content (Avg Emb),0.0,0.0
45722,Last-Item,0.0,0.0
45722,Avg-Last-10,0.0,0.0
45722,Recency-Weighted,0.0,0.0
45722,Essence (K=15),0.0,0.0
45731,Random,0.0,
45731,Popularity,0.0,
45731,CF (ItemKNN),0.0,
45731,Content (Avg Emb),0.07692307692307693,
45731,Last-Item,0.0,
45731,Avg-Last-10,0.0,
45731,Recency-Weighted,0.0,
45731,Essence (K=15),0.0,
45770,Random,0.0,0.0
45770,Popularity,0.0,0.0
45770,CF (ItemKNN),0.0,0.0
45770,Content (Avg Emb),0.0,0.0
45770,Last-Item,0.0,0.0
45770,Avg-Last-10,0.0,0.0
45770,Recency-Weighted,0.0,0.0
45770,Essence (K=15),0.0,0.0
45779,Random,0.0,
45779,Popularity,0.0,
45779,CF (ItemKNN),0.0,
45779,Content (Avg Emb),0.0,
45779,Last-Item,0.0,
45779,Avg-Last-10,0.0,
45779,Recency-Weighted,0.0,
45779,Essence (K=15),0.0,
45844,Random,0.0,0.0
45844,Popularity,0.09090909090909091,0.0
45844,CF (ItemKNN),0.18181818181818182,0.0
45844,Content (Avg Emb),0.0,0.0
45844,Last-Item,0.0,0.0
45844,Avg-Last-10,0.0,0.0
45844,Recency-Weighted,0.0,0.0
45844,Essence (K=15),0.0,0.0
45878,Random,0.2,0.0
45878,Popularity,0.0,0.0
45878,CF (ItemKNN),0.0,0.0
45878,Content (Avg Emb),0.0,0.0
45878,Last-Item,0.0,0.0
45878,Avg-Last-10,0.0,0.0
45878,Recency-Weighted,0.0,0.0
45878,Essence (K=15),0.0,0.0
45969,Random,0.0,
45969,Popularity,0.16666666666666666,
45969,CF (ItemKNN),0.25,
45969,Content (Avg Emb),0.0,
45969,Last-Item,0.0,
45969,Avg-Last-10,0.0,
45969,Recency-Weighted,0.0,
45969,Essence (K=15),0.0,
45985,Random,0.0,
45985,Popularity,0.0,
45985,CF (ItemKNN),0.0,
45985,Content (Avg Emb),0.0,
45985,Last-Item,0.0,
45985,Avg-Last-10,0.0,
45985,Recency-Weighted,0.0,
45985,Essence (K=15),0.0,
46311,Random,0.0,
46311,Popularity,0.0,
46311,CF (ItemKNN),0.0,
46311,Content (Avg Emb),0.0,
46311,Last-Item,0.0,
46311,Avg-Last-10,0.0,
46311,Recency-Weighted,0.0,
46311,Essence (K=15),0.0,
46466,Random,0.0,
46466,Popularity,0.0,
46466,CF (ItemKNN),0.0,
46466,Content (Avg Emb),0.0,
46466,Last-Item,0.0,
46466,Avg-Last-10,0.0,
46466,Recency-Weighted,0.0,
46466,Essence (K=15),0.0,
46482,Random,0.0,
46482,Popularity,0.0,
46482,CF (ItemKNN),0.0,
46482,Content (Avg Emb),0.0,
46482,Last-Item,0.0,
46482,Avg-Last-10,0.0,
46482,Recency-Weighted,0.0,
46482,Essence (K=15),0.0,
46647,Random,0.0,
46647,Popularity,0.0,
46647,CF (ItemKNN),0.09090909090909091,
46647,Content (Avg Emb),0.0,
46647,Last-Item,0.0,
46647,Avg-Last-10,0.0,
46647,Recency-Weighted,0.0,
46647,Essence (K=15),0.0,
46959,Random,0.0,
46959,Popularity,0.0,
46959,CF (ItemKNN),0.0,
46959,Content (Avg Emb),0.0,
46959,Last-Item,0.0,
46959,Avg-Last-10,0.0,
46959,Recency-Weighted,0.0,
46959,Essence (K=15),0.0,
47033,Random,0.0,
47033,Popularity,0.0,
47033,CF (ItemKNN),0.0,
47033,Content (Avg Emb),0.0,
47033,Last-Item,0.0,
47033,Avg-Last-10,0.07692307692307693,
47033,Recency-Weighted,0.07692307692307693,
47033,Essence (K=15),0.15384615384615385,
47164,Random,0.0,
47164,Popularity,0.08333333333333333,
47164,CF (ItemKNN),0.3333333333333333,
47164,Content (Avg Emb),0.08333333333333333,
47164,Last-Item,0.0,
47164,Avg-Last-10,0.08333333333333333,
47164,Recency-Weighted,0.08333333333333333,
47164,Essence (K=15),0.16666666666666666,
47283,Random,0.0,
47283,Popularity,0.0,
47283,CF (ItemKNN),0.0,
47283,Content (Avg Emb),0.0,
47283,Last-Item,0.0,
47283,Avg-Last-10,0.0,
47283,Recency-Weighted,0.0,
47283,Essence (K=15),0.0,
47346,Random,0.0,
47346,Popularity,0.0,
47346,CF (ItemKNN),0.0,
47346,Content (Avg Emb),0.0,
47346,Last-Item,0.0,
47346,Avg-Last-10,0.0,
47346,Recency-Weighted,0.0,
47346,Essence (K=15),0.0,
47357,Random,0.0,0.0
47357,Popularity,0.0,0.0
47357,CF (ItemKNN),0.0,0.0
47357,Content (Avg Emb),0.0,0.0
47357,Last-Item,0.0,0.0
47357,Avg-Last-10,0.0,0.0
47357,Recency-Weighted,0.0,0.0
47357,Essence (K=15),0.0,0.0
47438,Random,0.0,
47438,Popularity,0.0,
47438,CF (ItemKNN),0.0,
47438,Content (Avg Emb),0.0,
47438,Last-Item,0.0,
47438,Avg-Last-10,0.0,
47438,Recency-Weighted,0.0,
47438,Essence (K=15),0.0,
47575,Random,0.0,
47575,Popularity,0.75,
47575,CF (ItemKNN),0.75,
47575,Content (Avg Emb),0.0,
47575,Last-Item,0.0,
47575,Avg-Last-10,0.0,
47575,Recency-Weighted,0.0,
47575,Essence (K=15),0.25,
47866,Random,0.0,
47866,Popularity,0.0,
47866,CF (ItemKNN),0.0,
47866,Content (Avg Emb),0.0,
47866,Last-Item,0.0,
47866,Avg-Last-10,0.0,
47866,Recency-Weighted,0.0,
47866,Essence (K=15),0.0,
48015,Random,0.0,
48015,Popularity,0.0,
48015,CF (ItemKNN),0.10526315789473684,
48015,Content (Avg Emb),0.0,
48015,Last-Item,0.0,
48015,Avg-Last-10,0.0,
48015,Recency-Weighted,0.0,
48015,Essence (K=15),0.0,
48182,Random,0.0,0.0
48182,Popularity,0.05263157894736842,0.0
48182,CF (ItemKNN),0.10526315789473684,0.0
48182,Content (Avg Emb),0.0,0.0
48182,Last-Item,0.0,0.0
48182,Avg-Last-10,0.0,0.0
48182,Recency-Weighted,0.0,0.0
48182,Essence (K=15),0.0,0.0
48213,Random,0.0,
48213,Popularity,0.5,
48213,CF (ItemKNN),0.3333333333333333,
48213,Content (Avg Emb),0.0,
48213,Last-Item,0.0,
48213,Avg-Last-10,0.0,
48213,Recency-Weighted,0.0,
48213,Essence (K=15),0.0,
48231,Random,0.0,
48231,Popularity,0.0,
48231,CF (ItemKNN),0.0,
48231,Content (Avg Emb),0.0,
48231,Last-Item,0.0,
48231,Avg-Last-10,0.0,
48231,Recency-Weighted,0.0,
48231,Essence (K=15),0.0,
48488,Random,0.0,
48488,Popularity,0.0,
48488,CF (ItemKNN),0.125,
48488,Content (Avg Emb),0.0,
48488,Last-Item,0.0,
48488,Avg-Last-10,0.0,
48488,Recency-Weighted,0.0,
48488,Essence (K=15),0.0,
48492,Random,0.0,
48492,Popularity,0.0,
48492,CF (ItemKNN),0.0,
48492,Content (Avg Emb),0.0,
48492,Last-Item,0.0,
48492,Avg-Last-10,0.0,
48492,Recency-Weighted,0.0,
48492,Essence (K=15),0.16666666666666666,
48509,Random,0.0,
48509,Popularity,0.0,
48509,CF (ItemKNN),0.0,
48509,Content (Avg Emb),0.0,
48509,Last-Item,0.0,
48509,Avg-Last-10,0.0,
48509,Recency-Weighted,0.0,
48509,Essence (K=15),0.0,
48616,Random,0.0,
48616,Popularity,0.0,
48616,CF (ItemKNN),0.09090909090909091,
48616,Content (Avg Emb),0.0,
48616,Last-Item,0.0,
48616,Avg-Last-10,0.0,
48616,Recency-Weighted,0.0,
48616,Essence (K=15),0.0,
48684,Random,0.0,
48684,Popularity,0.0,
48684,CF (ItemKNN),0.125,
48684,Content (Avg Emb),0.0,
48684,Last-Item,0.0,
48684,Avg-Last-10,0.0,
48684,Recency-Weighted,0.0,
48684,Essence (K=15),0.0,
49055,Random,0.0,
49055,Popularity,0.0,
49055,CF (ItemKNN),0.0,
49055,Content (Avg Emb),0.0,
49055,Last-Item,0.0,
49055,Avg-Last-10,0.0,
49055,Recency-Weighted,0.0,
49055,Essence (K=15),0.0,
49076,Random,0.0,0.0
49076,Popularity,0.0,0.0
49076,CF (ItemKNN),0.0,0.0
49076,Content (Avg Emb),0.0,0.0
49076,Last-Item,0.0,0.0
49076,Avg-Last-10,0.0,0.0
49076,Recency-Weighted,0.0,0.0
49076,Essence (K=15),0.0,0.0
49171,Random,0.0,0.0
49171,Popularity,0.0,0.0
49171,CF (ItemKNN),0.0,0.0
49171,Content (Avg Emb),0.0,0.0
49171,Last-Item,0.0,0.0
49171,Avg-Last-10,0.0,0.0
49171,Recency-Weighted,0.0,0.0
49171,Essence (K=15),0.0,0.0
49208,Random,0.0,0.0
49208,Popularity,0.0,0.0
49208,CF (ItemKNN),0.0,0.0
49208,Content (Avg Emb),0.0,0.0
49208,Last-Item,0.0,0.0
49208,Avg-Last-10,0.0,0.0
49208,Recency-Weighted,0.0,0.0
49208,Essence (K=15),0.0,0.0
49220,Random,0.0,
49220,Popularity,0.0,
49220,CF (ItemKNN),0.25,
49220,Content (Avg Emb),0.0,
49220,Last-Item,0.0,
49220,Avg-Last-10,0.0,
49220,Recency-Weighted,0.0,
49220,Essence (K=15),0.0,
49304,Random,0.0,
49304,Popularity,0.0,
49304,CF (ItemKNN),0.0,
49304,Content (Avg Emb),0.0,
49304,Last-Item,0.0,
49304,Avg-Last-10,0.0,
49304,Recency-Weighted,0.0,
49304,Essence (K=15),0.0,
49360,Random,0.0,
49360,Popularity,0.0,
49360,CF (ItemKNN),0.07692307692307693,
49360,Content (Avg Emb),0.0,
49360,Last-Item,0.0,
49360,Avg-Last-10,0.07692307692307693,
49360,Recency-Weighted,0.07692307692307693,
49360,Essence (K=15),0.07692307692307693,
49569,Random,0.0,
49569,Popularity,0.0,
49569,CF (ItemKNN),0.0625,
49569,Content (Avg Emb),0.0,
49569,Last-Item,0.0,
49569,Avg-Last-10,0.0,
49569,Recency-Weighted,0.0,
49569,Essence (K=15),0.0625,
49664,Random,0.0,0.0
49664,Popularity,0.0,0.0
49664,CF (ItemKNN),0.0,0.0
49664,Content (Avg Emb),0.0,0.0
49664,Last-Item,0.0,0.0
49664,Avg-Last-10,0.0,0.0
49664,Recency-Weighted,0.0,0.0
49664,Essence (K=15),0.0,0.0
49678,Random,0.0,0.0
49678,Popularity,0.09090909090909091,0.0
49678,CF (ItemKNN),0.0,0.0
49678,Content (Avg Emb),0.0,0.0
49678,Last-Item,0.0,0.0
49678,Avg-Last-10,0.0,0.0
49678,Recency-Weighted,0.0,0.0
49678,Essence (K=15),0.0,0.0
49718,Random,0.0,0.0
49718,Popularity,0.0,0.0
49718,CF (ItemKNN),0.18181818181818182,0.0
49718,Content (Avg Emb),0.0,0.0
49718,Last-Item,0.0,0.0
49718,Avg-Last-10,0.0,0.0
49718,Recency-Weighted,0.0,0.0
49718,Essence (K=15),0.0,0.0
49939,Random,0.0,0.0
49939,Popularity,0.0,0.0
49939,CF (ItemKNN),0.0,0.0
49939,Content (Avg Emb),0.0,0.0
49939,Last-Item,0.0,0.0
49939,Avg-Last-10,0.0,0.0
49939,Recency-Weighted,0.0,0.0
49939,Essence (K=15),0.0,0.0
49977,Random,0.0,
49977,Popularity,0.0,
49977,CF (ItemKNN),0.0,
49977,Content (Avg Emb),0.0,
49977,Last-Item,0.0,
49977,Avg-Last-10,0.0,
49977,Recency-Weighted,0.0,
49977,Essence (K=15),0.0,
50019,Random,0.0,
50019,Popularity,0.0,
50019,CF (ItemKNN),0.0,
50019,Content (Avg Emb),0.0,
50019,Last-Item,0.0,
50019,Avg-Last-10,0.0,
50019,Recency-Weighted,0.0,
50019,Essence (K=15),0.0,
50149,Random,0.0,
50149,Popularity,0.0625,
50149,CF (ItemKNN),0.125,
50149,Content (Avg Emb),0.0,
50149,Last-Item,0.0,
50149,Avg-Last-10,0.0,
50149,Recency-Weighted,0.0,
50149,Essence (K=15),0.0,
50182,Random,0.0,
50182,Popularity,0.0,
50182,CF (ItemKNN),0.0,
50182,Content (Avg Emb),0.0,
50182,Last-Item,0.0,
50182,Avg-Last-10,0.0,
50182,Recency-Weighted,0.0,
50182,Essence (K=15),0.0,
50316,Random,0.0,
50316,Popularity,0.0,
50316,CF (ItemKNN),0.0,
50316,Content (Avg Emb),0.0,
50316,Last-Item,0.0,
50316,Avg-Last-10,0.0,
50316,Recency-Weighted,0.0,
50316,Essence (K=15),0.0,
50526,Random,0.0,0.0
50526,Popularity,0.0,0.0
50526,CF (ItemKNN),0.0,0.0
50526,Content (Avg Emb),0.0,0.0
50526,Last-Item,0.0,0.0
50526,Avg-Last-10,0.0,0.0
50526,Recency-Weighted,0.0,0.0
50526,Essence (K=15),0.0,0.0
50648,Random,0.0,
50648,Popularity,0.0,
50648,CF (ItemKNN),0.125,
50648,Content (Avg Emb),0.0,
50648,Last-Item,0.0,
50648,Avg-Last-10,0.0,
50648,Recency-Weighted,0.0,
50648,Essence (K=15),0.0,
50756,Random,0.0,0.0
50756,Popularity,0.0,0.0
50756,CF (ItemKNN),0.2222222222222222,0.0
50756,Content (Avg Emb),0.0,0.0
50756,Last-Item,0.0,0.0
50756,Avg-Last-10,0.0,0.0
50756,Recency-Weighted,0.0,0.0
50756,Essence (K=15),0.0,0.0
50821,Random,0.0,
50821,Popularity,0.08333333333333333,
50821,CF (ItemKNN),0.0,
50821,Content (Avg Emb),0.0,
50821,Last-Item,0.25,
50821,Avg-Last-10,0.0,
50821,Recency-Weighted,0.08333333333333333,
50821,Essence (K=15),0.16666666666666666,
51011,Random,0.16666666666666666,
51011,Popularity,0.0,
51011,CF (ItemKNN),0.0,
51011,Content (Avg Emb),0.0,
51011,Last-Item,0.0,
51011,Avg-Last-10,0.0,
51011,Recency-Weighted,0.0,
51011,Essence (K=15),0.0,
51115,Random,0.0,
51115,Popularity,0.0,
51115,CF (ItemKNN),0.0,
51115,Content (Avg Emb),0.0,
51115,Last-Item,0.0,
51115,Avg-Last-10,0.0,
51115,Recency-Weighted,0.0,
51115,Essence (K=15),0.0,
51221,Random,0.0,0.0
51221,Popularity,0.0,0.0
51221,CF (ItemKNN),0.0,0.0
51221,Content (Avg Emb),0.0,0.0
51221,Last-Item,0.0,0.0
51221,Avg-Last-10,0.0,0.0
51221,Recency-Weighted,0.0,0.0
51221,Essence (K=15),0.0,0.0
51530,Random,0.0,
51530,Popularity,0.0,
51530,CF (ItemKNN),0.0,
51530,Content (Avg Emb),0.0,
51530,Last-Item,0.2,
51530,Avg-Last-10,0.0,
51530,Recency-Weighted,0.2,
51530,Essence (K=15),0.0,
51542,Random,0.0,
51542,Popularity,0.07692307692307693,
51542,CF (ItemKNN),0.23076923076923078,
51542,Content (Avg Emb),0.0,
51542,Last-Item,0.0,
51542,Avg-Last-10,0.0,
51542,Recency-Weighted,0.0,
51542,Essence (K=15),0.0,
51619,Random,0.0,0.0
51619,Popularity,0.0,0.0
51619,CF (ItemKNN),0.0,0.0
51619,Content (Avg Emb),0.0,0.0
51619,Last-Item,0.0,0.0
51619,Avg-Last-10,0.0,0.0
51619,Recency-Weighted,0.0,0.0
51619,Essence (K=15),0.0,0.0
51704,Random,0.0,
51704,Popularity,0.0,
51704,CF (ItemKNN),0.0,
51704,Content (Avg Emb),0.0,
51704,Last-Item,0.0,
51704,Avg-Last-10,0.0,
51704,Recency-Weighted,0.0,
51704,Essence (K=15),0.0,
51849,Random,0.0,0.0
51849,Popularity,0.125,0.0
51849,CF (ItemKNN),0.125,0.0
51849,Content (Avg Emb),0.0,0.0
51849,Last-Item,0.0,0.0
51849,Avg-Last-10,0.0,0.0
51849,Recency-Weighted,0.0,0.0
51849,Essence (K=15),0.0,0.0
52027,Random,0.0,
52027,Popularity,0.0,
52027,CF (ItemKNN),0.16666666666666666,
52027,Content (Avg Emb),0.0,
52027,Last-Item,0.0,
52027,Avg-Last-10,0.0,
52027,Recency-Weighted,0.0,
52027,Essence (K=15),0.0,
52130,Random,0.0,
52130,Popularity,0.0,
52130,CF (ItemKNN),0.0,
52130,Content (Avg Emb),0.0,
52130,Last-Item,0.0,
52130,Avg-Last-10,0.0,
52130,Recency-Weighted,0.0,
52130,Essence (K=15),0.0,
52278,Random,0.0,
52278,Popularity,0.0,
52278,CF (ItemKNN),0.125,
52278,Content (Avg Emb),0.0,
52278,Last-Item,0.0,
52278,Avg-Last-10,0.0,
52278,Recency-Weighted,0.0,
52278,Essence (K=15),0.0,
52540,Random,0.0,
52540,Popularity,0.0,
52540,CF (ItemKNN),0.0,
52540,Content (Avg Emb),0.0,
52540,Last-Item,0.0,
52540,Avg-Last-10,0.0,
52540,Recency-Weighted,0.0,
52540,Essence (K=15),0.0,
52756,Random,0.0,0.0
52756,Popularity,0.0,0.0
52756,CF (ItemKNN),0.0,0.0
52756,Content (Avg Emb),0.0,0.0
52756,Last-Item,0.0,0.0
52756,Avg-Last-10,0.0,0.0
52756,Recency-Weighted,0.0,0.0
52756,Essence (K=15),0.0,0.0
52863,Random,0.0,
52863,Popularity,0.0,
52863,CF (ItemKNN),0.0,
52863,Content (Avg Emb),0.0,
52863,Last-Item,0.0,
52863,Avg-Last-10,0.0,
52863,Recency-Weighted,0.0,
52863,Essence (K=15),0.2,
52939,Random,0.0,0.0
52939,Popularity,0.0,0.0
52939,CF (ItemKNN),0.14285714285714285,0.0
52939,Content (Avg Emb),0.0,0.0
52939,Last-Item,0.0,0.0
52939,Avg-Last-10,0.0,0.0
52939,Recency-Weighted,0.0,0.0
52939,Essence (K=15),0.0,0.0
52949,Random,0.0,0.0
52949,Popularity,0.0,0.0
52949,CF (ItemKNN),0.0,0.0
52949,Content (Avg Emb),0.0,0.0
52949,Last-Item,0.0,0.0
52949,Avg-Last-10,0.0,0.0
52949,Recency-Weighted,0.0,0.0
52949,Essence (K=15),0.09090909090909091,1.0
53111,Random,0.0,
53111,Popularity,0.0,
53111,CF (ItemKNN),0.1111111111111111,
53111,Content (Avg Emb),0.0,
53111,Last-Item,0.0,
53111,Avg-Last-10,0.0,
53111,Recency-Weighted,0.0,
53111,Essence (K=15),0.0,
53264,Random,0.0,
53264,Popularity,0.07692307692307693,
53264,CF (ItemKNN),0.07692307692307693,
53264,Content (Avg Emb),0.0,
53264,Last-Item,0.0,
53264,Avg-Last-10,0.0,
53264,Recency-Weighted,0.0,
53264,Essence (K=15),0.0,
53283,Random,0.0,
53283,Popularity,0.0,
53283,CF (ItemKNN),0.09090909090909091,
53283,Content (Avg Emb),0.0,
53283,Last-Item,0.0,
53283,Avg-Last-10,0.0,
53283,Recency-Weighted,0.0,
53283,Essence (K=15),0.0,
53299,Random,0.0,
53299,Popularity,0.0,
53299,CF (ItemKNN),0.0,
53299,Content (Avg Emb),0.0,
53299,Last-Item,0.0,
53299,Avg-Last-10,0.0,
53299,Recency-Weighted,0.0,
53299,Essence (K=15),0.0,
53407,Random,0.0,0.0
53407,Popularity,0.0,0.0
53407,CF (ItemKNN),0.0,0.0
53407,Content (Avg Emb),0.0,0.0
53407,Last-Item,0.0,0.0
53407,Avg-Last-10,0.0,0.0
53407,Recency-Weighted,0.0,0.0
53407,Essence (K=15),0.0,0.0
53680,Random,0.0,
53680,Popularity,0.05,
53680,CF (ItemKNN),0.05,
53680,Content (Avg Emb),0.0,
53680,Last-Item,0.05,
53680,Avg-Last-10,0.05,
53680,Recency-Weighted,0.05,
53680,Essence (K=15),0.05,
53704,Random,0.0,
53704,Popularity,0.0,
53704,CF (ItemKNN),0.0,
53704,Content (Avg Emb),0.0,
53704,Last-Item,0.0,
53704,Avg-Last-10,0.0,
53704,Recency-Weighted,0.0,
53704,Essence (K=15),0.041666666666666664,
53782,Random,0.0,
53782,Popularity,0.1111111111111111,
53782,CF (ItemKNN),0.0,
53782,Content (Avg Emb),0.0,
53782,Last-Item,0.0,
53782,Avg-Last-10,0.0,
53782,Recency-Weighted,0.0,
53782,Essence (K=15),0.0,
53887,Random,0.0,0.0
53887,Popularity,0.0,0.0
53887,CF (ItemKNN),0.0,0.0
53887,Content (Avg Emb),0.0,0.0
53887,Last-Item,0.0,0.0
53887,Avg-Last-10,0.0,0.0
53887,Recency-Weighted,0.0,0.0
53887,Essence (K=15),0.0,0.0
53925,Random,0.08333333333333333,
53925,Popularity,0.0,
53925,CF (ItemKNN),0.08333333333333333,
53925,Content (Avg Emb),0.0,
53925,Last-Item,0.0,
53925,Avg-Last-10,0.0,
53925,Recency-Weighted,0.0,
53925,Essence (K=15),0.0,
53970,Random,0.0,
53970,Popularity,0.0,
53970,CF (ItemKNN),0.0,
53970,Content (Avg Emb),0.0,
53970,Last-Item,0.0,
53970,Avg-Last-10,0.0,
53970,Recency-Weighted,0.0,
53970,Essence (K=15),0.0,
54226,Random,0.0,
54226,Popularity,0.0,
54226,CF (ItemKNN),0.14285714285714285,
54226,Content (Avg Emb),0.0,
54226,Last-Item,0.0,
54226,Avg-Last-10,0.0,
54226,Recency-Weighted,0.0,
54226,Essence (K=15),0.0,
54259,Random,0.0,
54259,Popularity,0.4444444444444444,
54259,CF (ItemKNN),0.3333333333333333,
54259,Content (Avg Emb),0.1111111111111111,
54259,Last-Item,0.0,
54259,Avg-Last-10,0.0,
54259,Recency-Weighted,0.0,
54259,Essence (K=15),0.0,
54320,Random,0.0,
54320,Popularity,0.0,
54320,CF (ItemKNN),0.0,
54320,Content (Avg Emb),0.0,
54320,Last-Item,0.0,
54320,Avg-Last-10,0.0,
54320,Recency-Weighted,0.0,
54320,Essence (K=15),0.0,
54379,Random,0.0,
54379,Popularity,0.0,
54379,CF (ItemKNN),0.0,
54379,Content (Avg Emb),0.0,
54379,Last-Item,0.0,
54379,Avg-Last-10,0.0,
54379,Recency-Weighted,0.0,
54379,Essence (K=15),0.0,
54515,Random,0.0,
54515,Popularity,0.0,
54515,CF (ItemKNN),0.2,
54515,Content (Avg Emb),0.0,
54515,Last-Item,0.0,
54515,Avg-Last-10,0.0,
54515,Recency-Weighted,0.0,
54515,Essence (K=15),0.0,
54749,Random,0.0,0.0
54749,Popularity,0.0,0.0
54749,CF (ItemKNN),0.0,0.0
54749,Content (Avg Emb),0.0,0.0
54749,Last-Item,0.037037037037037035,0.0
54749,Avg-Last-10,0.037037037037037035,0.0
54749,Recency-Weighted,0.037037037037037035,0.0
54749,Essence (K=15),0.0,0.0
54784,Random,0.0,0.0
54784,Popularity,0.0,0.0
54784,CF (ItemKNN),0.05555555555555555,0.0
54784,Content (Avg Emb),0.0,0.0
54784,Last-Item,0.0,0.0
54784,Avg-Last-10,0.0,0.0
54784,Recency-Weighted,0.0,0.0
54784,Essence (K=15),0.0,0.0
54794,Random,0.0,
54794,Popularity,0.0,
54794,CF (ItemKNN),0.0,
54794,Content (Avg Emb),0.0,
54794,Last-Item,0.0,
54794,Avg-Last-10,0.0,
54794,Recency-Weighted,0.0,
54794,Essence (K=15),0.0,
55060,Random,0.0,
55060,Popularity,0.0,
55060,CF (ItemKNN),0.25,
55060,Content (Avg Emb),0.0,
55060,Last-Item,0.0,
55060,Avg-Last-10,0.0,
55060,Recency-Weighted,0.0,
55060,Essence (K=15),0.0,
55210,Random,0.0,
55210,Popularity,0.0,
55210,CF (ItemKNN),0.0,
55210,Content (Avg Emb),0.0,
55210,Last-Item,0.0,
55210,Avg-Last-10,0.0,
55210,Recency-Weighted,0.0,
55210,Essence (K=15),0.0,
55254,Random,0.0,0.0
55254,Popularity,0.18181818181818182,0.0
55254,CF (ItemKNN),0.2727272727272727,0.0
55254,Content (Avg Emb),0.0,0.0
55254,Last-Item,0.0,0.0
55254,Avg-Last-10,0.0,0.0
55254,Recency-Weighted,0.0,0.0
55254,Essence (K=15),0.0,0.0
55285,Random,0.0,
55285,Popularity,0.0,
55285,CF (ItemKNN),0.0,
55285,Content (Avg Emb),0.0,
55285,Last-Item,0.0,
55285,Avg-Last-10,0.0,
55285,Recency-Weighted,0.0,
55285,Essence (K=15),0.0,
55524,Random,0.0,
55524,Popularity,0.0,
55524,CF (ItemKNN),0.125,
55524,Content (Avg Emb),0.0,
55524,Last-Item,0.0,
55524,Avg-Last-10,0.0,
55524,Recency-Weighted,0.0,
55524,Essence (K=15),0.0,
55599,Random,0.0,
55599,Popularity,0.0,
55599,CF (ItemKNN),0.0,
55599,Content (Avg Emb),0.0,
55599,Last-Item,0.0,
55599,Avg-Last-10,0.0,
55599,Recency-Weighted,0.0,
55599,Essence (K=15),0.0,
55719,Random,0.0,0.0
55719,Popularity,0.0,0.0
55719,CF (ItemKNN),0.14285714285714285,0.0
55719,Content (Avg Emb),0.0,0.0
55719,Last-Item,0.0,0.0
55719,Avg-Last-10,0.0,0.0
55719,Recency-Weighted,0.0,0.0
55719,Essence (K=15),0.0,0.0
55817,Random,0.0,
55817,Popularity,0.0,
55817,CF (ItemKNN),0.0,
55817,Content (Avg Emb),0.0,
55817,Last-Item,0.0,
55817,Avg-Last-10,0.0,
55817,Recency-Weighted,0.0,
55817,Essence (K=15),0.0,
55872,Random,0.0,0.0
55872,Popularity,0.0,0.0
55872,CF (ItemKNN),0.0,0.0
55872,Content (Avg Emb),0.0,0.0
55872,Last-Item,0.0,0.0
55872,Avg-Last-10,0.0,0.0
55872,Recency-Weighted,0.0,0.0
55872,Essence (K=15),0.0,0.0
55885,Random,0.0,
55885,Popularity,0.0,
55885,CF (ItemKNN),0.18181818181818182,
55885,Content (Avg Emb),0.09090909090909091,
55885,Last-Item,0.0,
55885,Avg-Last-10,0.0,
55885,Recency-Weighted,0.0,
55885,Essence (K=15),0.0,
55898,Random,0.0,
55898,Popularity,0.0,
55898,CF (ItemKNN),0.16666666666666666,
55898,Content (Avg Emb),0.0,
55898,Last-Item,0.0,
55898,Avg-Last-10,0.0,
55898,Recency-Weighted,0.0,
55898,Essence (K=15),0.0,
56042,Random,0.0,0.0
56042,Popularity,0.0,0.0
56042,CF (ItemKNN),0.0,0.0
56042,Content (Avg Emb),0.0,0.0
56042,Last-Item,0.0,0.0
56042,Avg-Last-10,0.0,0.0
56042,Recency-Weighted,0.0,0.0
56042,Essence (K=15),0.0,0.0
56316,Random,0.0,
56316,Popularity,0.0,
56316,CF (ItemKNN),0.0,
56316,Content (Avg Emb),0.0,
56316,Last-Item,0.0,
56316,Avg-Last-10,0.0,
56316,Recency-Weighted,0.0,
56316,Essence (K=15),0.0,
56468,Random,0.0,
56468,Popularity,0.07142857142857142,
56468,CF (ItemKNN),0.07142857142857142,
56468,Content (Avg Emb),0.0,
56468,Last-Item,0.0,
56468,Avg-Last-10,0.0,
56468,Recency-Weighted,0.0,
56468,Essence (K=15),0.0,
56505,Random,0.0,
56505,Popularity,0.0,
56505,CF (ItemKNN),0.0,
56505,Content (Avg Emb),0.0,
56505,Last-Item,0.0,
56505,Avg-Last-10,0.0,
56505,Recency-Weighted,0.0,
56505,Essence (K=15),0.0,
56698,Random,0.0,
56698,Popularity,0.0,
56698,CF (ItemKNN),0.4,
56698,Content (Avg Emb),0.0,
56698,Last-Item,0.0,
56698,Avg-Last-10,0.0,
56698,Recency-Weighted,0.0,
56698,Essence (K=15),0.0,
56772,Random,0.0,0.0
56772,Popularity,0.1,0.0
56772,CF (ItemKNN),0.1,0.0
56772,Content (Avg Emb),0.0,0.0
56772,Last-Item,0.0,0.0
56772,Avg-Last-10,0.0,0.0
56772,Recency-Weighted,0.0,0.0
56772,Essence (K=15),0.0,0.0
56792,Random,0.0,
56792,Popularity,0.0,
56792,CF (ItemKNN),0.0,
56792,Content (Avg Emb),0.0,
56792,Last-Item,0.0,
56792,Avg-Last-10,0.1,
56792,Recency-Weighted,0.0,
56792,Essence (K=15),0.1,
57032,Random,0.0,
57032,Popularity,0.18181818181818182,
57032,CF (ItemKNN),0.09090909090909091,
57032,Content (Avg Emb),0.0,
57032,Last-Item,0.0,
57032,Avg-Last-10,0.0,
57032,Recency-Weighted,0.0,
57032,Essence (K=15),0.0,
57446,Random,0.0,
57446,Popularity,0.0,
57446,CF (ItemKNN),0.16666666666666666,
57446,Content (Avg Emb),0.0,
57446,Last-Item,0.0,
57446,Avg-Last-10,0.0,
57446,Recency-Weighted,0.0,
57446,Essence (K=15),0.0,
57493,Random,0.0,
57493,Popularity,0.2,
57493,CF (ItemKNN),0.2,
57493,Content (Avg Emb),0.0,
57493,Last-Item,0.0,
57493,Avg-Last-10,0.0,
57493,Recency-Weighted,0.0,
57493,Essence (K=15),0.0,
57795,Random,0.0,0.0
57795,Popularity,0.0,0.0
57795,CF (ItemKNN),0.0,0.0
57795,Content (Avg Emb),0.0,0.0
57795,Last-Item,0.0,0.0
57795,Avg-Last-10,0.0,0.0
57795,Recency-Weighted,0.0,0.0
57795,Essence (K=15),0.0,0.0
57802,Random,0.0,
57802,Popularity,0.0,
57802,CF (ItemKNN),0.0,
57802,Content (Avg Emb),0.0,
57802,Last-Item,0.0,
57802,Avg-Last-10,0.0,
57802,Recency-Weighted,0.0,
57802,Essence (K=15),0.0,
57895,Random,0.0,
57895,Popularity,0.0,
57895,CF (ItemKNN),0.0,
57895,Content (Avg Emb),0.0,
57895,Last-Item,0.25,
57895,Avg-Last-10,0.0,
57895,Recency-Weighted,0.0,
57895,Essence (K=15),0.0,
58120,Random,0.0,
58120,Popularity,0.0,
58120,CF (ItemKNN),0.0,
58120,Content (Avg Emb),0.0,
58120,Last-Item,0.0,
58120,Avg-Last-10,0.0,
58120,Recency-Weighted,0.0,
58120,Essence (K=15),0.0,
58223,Random,0.0,
58223,Popularity,0.0,
58223,CF (ItemKNN),0.0,
58223,Content (Avg Emb),0.0,
58223,Last-Item,0.0,
58223,Avg-Last-10,0.0,
58223,Recency-Weighted,0.0,
58223,Essence (K=15),0.1,
58311,Random,0.0,0.0
58311,Popularity,0.1111111111111111,0.0
58311,CF (ItemKNN),0.05555555555555555,0.0
58311,Content (Avg Emb),0.0,0.0
58311,Last-Item,0.0,0.0
58311,Avg-Last-10,0.0,0.0
58311,Recency-Weighted,0.0,0.0
58311,Essence (K=15),0.0,0.0
58380,Random,0.0,
58380,Popularity,0.4,
58380,CF (ItemKNN),0.2,
58380,Content (Avg Emb),0.0,
58380,Last-Item,0.0,
58380,Avg-Last-10,0.0,
58380,Recency-Weighted,0.0,
58380,Essence (K=15),0.0,
58795,Random,0.0,
58795,Popularity,0.3333333333333333,
58795,CF (ItemKNN),0.5,
58795,Content (Avg Emb),0.16666666666666666,
58795,Last-Item,0.0,
58795,Avg-Last-10,0.0,
58795,Recency-Weighted,0.0,
58795,Essence (K=15),0.16666666666666666,
58899,Random,0.0,0.0
58899,Popularity,0.0,0.0
58899,CF (ItemKNN),0.13793103448275862,0.0
58899,Content (Avg Emb),0.0,0.0
58899,Last-Item,0.0,0.0
58899,Avg-Last-10,0.0,0.0
58899,Recency-Weighted,0.0,0.0
58899,Essence (K=15),0.0,0.0
58936,Random,0.0,
58936,Popularity,0.0,
58936,CF (ItemKNN),0.3333333333333333,
58936,Content (Avg Emb),0.0,
58936,Last-Item,0.0,
58936,Avg-Last-10,0.0,
58936,Recency-Weighted,0.0,
58936,Essence (K=15),0.0,
58986,Random,0.0,0.0
58986,Popularity,0.05263157894736842,0.0
58986,CF (ItemKNN),0.15789473684210525,0.0
58986,Content (Avg Emb),0.0,0.0
58986,Last-Item,0.0,0.0
58986,Avg-Last-10,0.0,0.0
58986,Recency-Weighted,0.05263157894736842,0.0
58986,Essence (K=15),0.0,0.0
59430,Random,0.0,
59430,Popularity,0.2,
59430,CF (ItemKNN),0.0,
59430,Content (Avg Emb),0.0,
59430,Last-Item,0.0,
59430,Avg-Last-10,0.0,
59430,Recency-Weighted,0.0,
59430,Essence (K=15),0.0,
59456,Random,0.0,
59456,Popularity,0.25,
59456,CF (ItemKNN),0.75,
59456,Content (Avg Emb),0.0,
59456,Last-Item,0.25,
59456,Avg-Last-10,0.0,
59456,Recency-Weighted,0.0,
59456,Essence (K=15),0.0,
59493,Random,0.0,0.0
59493,Popularity,0.0,0.0
59493,CF (ItemKNN),0.0,0.0
59493,Content (Avg Emb),0.0,0.0
59493,Last-Item,0.0,0.0
59493,Avg-Last-10,0.0,0.0
59493,Recency-Weighted,0.0,0.0
59493,Essence (K=15),0.0,0.0
59522,Random,0.0,0.0
59522,Popularity,0.0,0.0
59522,CF (ItemKNN),0.125,0.0
59522,Content (Avg Emb),0.0,0.0
59522,Last-Item,0.0,0.0
59522,Avg-Last-10,0.0,0.0
59522,Recency-Weighted,0.0,0.0
59522,Essence (K=15),0.0,0.0
59601,Random,0.0,
59601,Popularity,0.0,
59601,CF (ItemKNN),0.0,
59601,Content (Avg Emb),0.0,
59601,Last-Item,0.0,
59601,Avg-Last-10,0.0,
59601,Recency-Weighted,0.0,
59601,Essence (K=15),0.0,
59648,Random,0.0,
59648,Popularity,0.2,
59648,CF (ItemKNN),0.2,
59648,Content (Avg Emb),0.0,
59648,Last-Item,0.0,
59648,Avg-Last-10,0.2,
59648,Recency-Weighted,0.2,
59648,Essence (K=15),0.0,
59855,Random,0.0,
59855,Popularity,0.0,
59855,CF (ItemKNN),0.0,
59855,Content (Avg Emb),0.0,
59855,Last-Item,0.0,
59855,Avg-Last-10,0.0,
59855,Recency-Weighted,0.0,
59855,Essence (K=15),0.0,
59960,Random,0.0,
59960,Popularity,0.0,
59960,CF (ItemKNN),0.0,
59960,Content (Avg Emb),0.0,
59960,Last-Item,0.0,
59960,Avg-Last-10,0.0,
59960,Recency-Weighted,0.0,
59960,Essence (K=15),0.0,
60121,Random,0.0,
60121,Popularity,0.0,
60121,CF (ItemKNN),0.6,
60121,Content (Avg Emb),0.0,
60121,Last-Item,0.0,
60121,Avg-Last-10,0.0,
60121,Recency-Weighted,0.0,
60121,Essence (K=15),0.0,
60133,Random,0.0,0.0
60133,Popularity,0.0,0.0
60133,CF (ItemKNN),0.0,0.0
60133,Content (Avg Emb),0.0,0.0
60133,Last-Item,0.0,0.0
60133,Avg-Last-10,0.0,0.0
60133,Recency-Weighted,0.0,0.0
60133,Essence (K=15),0.0,0.0
60580,Random,0.0,
60580,Popularity,0.1111111111111111,
60580,CF (ItemKNN),0.0,
60580,Content (Avg Emb),0.0,
60580,Last-Item,0.0,
60580,Avg-Last-10,0.0,
60580,Recency-Weighted,0.0,
60580,Essence (K=15),0.0,
60697,Random,0.0,
60697,Popularity,0.0,
60697,CF (ItemKNN),0.0,
60697,Content (Avg Emb),0.0,
60697,Last-Item,0.0,
60697,Avg-Last-10,0.0,
60697,Recency-Weighted,0.0,
60697,Essence (K=15),0.0,
60746,Random,0.0,
60746,Popularity,0.1111111111111111,
60746,CF (ItemKNN),0.1111111111111111,
60746,Content (Avg Emb),0.0,
60746,Last-Item,0.0,
60746,Avg-Last-10,0.0,
60746,Recency-Weighted,0.0,
60746,Essence (K=15),0.0,
60870,Random,0.0,
60870,Popularity,0.0,
60870,CF (ItemKNN),0.0,
60870,Content (Avg Emb),0.0,
60870,Last-Item,0.0,
60870,Avg-Last-10,0.0,
60870,Recency-Weighted,0.0,
60870,Essence (K=15),0.0,
60930,Random,0.0,
60930,Popularity,0.0,
60930,CF (ItemKNN),0.0,
60930,Content (Avg Emb),0.0,
60930,Last-Item,0.0,
60930,Avg-Last-10,0.0,
60930,Recency-Weighted,0.0,
60930,Essence (K=15),0.0,
61407,Random,0.0,0.0
61407,Popularity,0.0,0.0
61407,CF (ItemKNN),0.0,0.0
61407,Content (Avg Emb),0.0,0.0
61407,Last-Item,0.0,0.0
61407,Avg-Last-10,0.0,0.0
61407,Recency-Weighted,0.0,0.0
61407,Essence (K=15),0.0,0.0
61484,Random,0.0,
61484,Popularity,0.2727272727272727,
61484,CF (ItemKNN),0.18181818181818182,
61484,Content (Avg Emb),0.0,
61484,Last-Item,0.0,
61484,Avg-Last-10,0.0,
61484,Recency-Weighted,0.0,
61484,Essence (K=15),0.0,
61641,Random,0.0,
61641,Popularity,0.0,
61641,CF (ItemKNN),0.0,
61641,Content (Avg Emb),0.0,
61641,Last-Item,0.0,
61641,Avg-Last-10,0.0,
61641,Recency-Weighted,0.0,
61641,Essence (K=15),0.0,
62256,Random,0.0,
62256,Popularity,0.0,
62256,CF (ItemKNN),0.0,
62256,Content (Avg Emb),0.0,
62256,Last-Item,0.0,
62256,Avg-Last-10,0.0,
62256,Recency-Weighted,0.0,
62256,Essence (K=15),0.0,
62336,Random,0.0,
62336,Popularity,0.0,
62336,CF (ItemKNN),0.25,
62336,Content (Avg Emb),0.0,
62336,Last-Item,0.0,
62336,Avg-Last-10,0.0,
62336,Recency-Weighted,0.0,
62336,Essence (K=15),0.0,
62416,Random,0.0,
62416,Popularity,0.04,
62416,CF (ItemKNN),0.16,
62416,Content (Avg Emb),0.0,
62416,Last-Item,0.0,
62416,Avg-Last-10,0.0,
62416,Recency-Weighted,0.0,
62416,Essence (K=15),0.0,
62509,Random,0.0,0.0
62509,Popularity,0.058823529411764705,0.0
62509,CF (ItemKNN),0.11764705882352941,0.0
62509,Content (Avg Emb),0.0,0.0
62509,Last-Item,0.0,0.0
62509,Avg-Last-10,0.0,0.0
62509,Recency-Weighted,0.0,0.0
62509,Essence (K=15),0.0,0.0
62568,Random,0.0,0.0
62568,Popularity,0.0,0.0
62568,CF (ItemKNN),0.0,0.0
62568,Content (Avg Emb),0.0,0.0
62568,Last-Item,0.0,0.0
62568,Avg-Last-10,0.0,0.0
62568,Recency-Weighted,0.0,0.0
62568,Essence (K=15),0.0,0.0
62672,Random,0.0,
62672,Popularity,0.07142857142857142,
62672,CF (ItemKNN),0.14285714285714285,
62672,Content (Avg Emb),0.0,
62672,Last-Item,0.03571428571428571,
62672,Avg-Last-10,0.0,
62672,Recency-Weighted,0.0,
62672,Essence (K=15),0.03571428571428571,
62706,Random,0.0,
62706,Popularity,0.3076923076923077,
62706,CF (ItemKNN),0.23076923076923078,
62706,Content (Avg Emb),0.0,
62706,Last-Item,0.07692307692307693,
62706,Avg-Last-10,0.07692307692307693,
62706,Recency-Weighted,0.07692307692307693,
62706,Essence (K=15),0.0,
62726,Random,0.0,
62726,Popularity,0.0,
62726,CF (ItemKNN),0.0,
62726,Content (Avg Emb),0.0,
62726,Last-Item,0.0,
62726,Avg-Last-10,0.0,
62726,Recency-Weighted,0.0,
62726,Essence (K=15),0.0,
62769,Random,0.0,
62769,Popularity,0.0,
62769,CF (ItemKNN),0.0,
62769,Content (Avg Emb),0.0,
62769,Last-Item,0.0,
62769,Avg-Last-10,0.0,
62769,Recency-Weighted,0.0,
62769,Essence (K=15),0.0,
62907,Random,0.0,0.0
62907,Popularity,0.0,0.0
62907,CF (ItemKNN),0.0,0.0
62907,Content (Avg Emb),0.0,0.0
62907,Last-Item,0.0,0.0
62907,Avg-Last-10,0.0,0.0
62907,Recency-Weighted,0.0,0.0
62907,Essence (K=15),0.0,0.0
62984,Random,0.0,
62984,Popularity,0.3333333333333333,
62984,CF (ItemKNN),0.3333333333333333,
62984,Content (Avg Emb),0.0,
62984,Last-Item,0.0,
62984,Avg-Last-10,0.0,
62984,Recency-Weighted,0.0,
62984,Essence (K=15),0.0,
62994,Random,0.0,
62994,Popularity,0.0,
62994,CF (ItemKNN),0.0,
62994,Content (Avg Emb),0.0,
62994,Last-Item,0.0,
62994,Avg-Last-10,0.0,
62994,Recency-Weighted,0.0,
62994,Essence (K=15),0.0,
63086,Random,0.0,0.0
63086,Popularity,0.0,0.0
63086,CF (ItemKNN),0.0,0.0
63086,Content (Avg Emb),0.0,0.0
63086,Last-Item,0.0,0.0
63086,Avg-Last-10,0.0,0.0
63086,Recency-Weighted,0.02702702702702703,0.0
63086,Essence (K=15),0.0,0.0
63145,Random,0.0,0.0
63145,Popularity,0.0,0.0
63145,CF (ItemKNN),0.0,0.0
63145,Content (Avg Emb),0.0,0.0
63145,Last-Item,0.0,0.0
63145,Avg-Last-10,0.0,0.0
63145,Recency-Weighted,0.0,0.0
63145,Essence (K=15),0.0,0.0
63274,Random,0.0,
63274,Popularity,0.0,
63274,CF (ItemKNN),0.1,
63274,Content (Avg Emb),0.0,
63274,Last-Item,0.0,
63274,Avg-Last-10,0.0,
63274,Recency-Weighted,0.0,
63274,Essence (K=15),0.0,
63343,Random,0.0,
63343,Popularity,0.047619047619047616,
63343,CF (ItemKNN),0.0,
63343,Content (Avg Emb),0.0,
63343,Last-Item,0.0,
63343,Avg-Last-10,0.0,
63343,Recency-Weighted,0.0,
63343,Essence (K=15),0.0,
63484,Random,0.0,0.0
63484,Popularity,0.0,0.0
63484,CF (ItemKNN),0.0,0.0
63484,Content (Avg Emb),0.0,0.0
63484,Last-Item,0.0,0.0
63484,Avg-Last-10,0.0,0.0
63484,Recency-Weighted,0.0,0.0
63484,Essence (K=15),0.0,0.0
63909,Random,0.0,
63909,Popularity,0.05555555555555555,
63909,CF (ItemKNN),0.0,
63909,Content (Avg Emb),0.0,
63909,Last-Item,0.0,
63909,Avg-Last-10,0.0,
63909,Recency-Weighted,0.0,
63909,Essence (K=15),0.0,
63943,Random,0.0,
63943,Popularity,0.0,
63943,CF (ItemKNN),0.0,
63943,Content (Avg Emb),0.0,
63943,Last-Item,0.0,
63943,Avg-Last-10,0.0,
63943,Recency-Weighted,0.0,
63943,Essence (K=15),0.0,
64048,Random,0.0,
64048,Popularity,0.0,
64048,CF (ItemKNN),0.0,
64048,Content (Avg Emb),0.0,
64048,Last-Item,0.0,
64048,Avg-Last-10,0.0,
64048,Recency-Weighted,0.0,
64048,Essence (K=15),0.0,
64131,Random,0.0,
64131,Popularity,0.14285714285714285,
64131,CF (ItemKNN),0.14285714285714285,
64131,Content (Avg Emb),0.0,
64131,Last-Item,0.0,
64131,Avg-Last-10,0.0,
64131,Recency-Weighted,0.0,
64131,Essence (K=15),0.0,
64200,Random,0.0,
64200,Popularity,0.2,
64200,CF (ItemKNN),0.2,
64200,Content (Avg Emb),0.0,
64200,Last-Item,0.0,
64200,Avg-Last-10,0.0,
64200,Recency-Weighted,0.0,
64200,Essence (K=15),0.0,
64886,Random,0.0,0.0
64886,Popularity,0.0,0.0
64886,CF (ItemKNN),0.0,0.0
64886,Content (Avg Emb),0.0,0.0
64886,Last-Item,0.0,0.0
64886,Avg-Last-10,0.0,0.0
64886,Recency-Weighted,0.0,0.0
64886,Essence (K=15),0.0,0.0
65085,Random,0.0,
65085,Popularity,0.2,
65085,CF (ItemKNN),0.0,
65085,Content (Avg Emb),0.0,
65085,Last-Item,0.0,
65085,Avg-Last-10,0.0,
65085,Recency-Weighted,0.0,
65085,Essence (K=15),0.0,
65089,Random,0.0,0.0
65089,Popularity,0.0,0.0
65089,CF (ItemKNN),0.2,0.0
65089,Content (Avg Emb),0.0,0.0
65089,Last-Item,0.0,0.0
65089,Avg-Last-10,0.0,0.0
65089,Recency-Weighted,0.0,0.0
65089,Essence (K=15),0.0,0.0
65231,Random,0.0,0.0
65231,Popularity,0.0,0.0
65231,CF (ItemKNN),0.0,0.0
65231,Content (Avg Emb),0.08333333333333333,0.0
65231,Last-Item,0.08333333333333333,0.0
65231,Avg-Last-10,0.0,0.0
65231,Recency-Weighted,0.08333333333333333,0.0
65231,Essence (K=15),0.0,0.0
65372,Random,0.0,
65372,Popularity,0.0,
65372,CF (ItemKNN),0.0,
65372,Content (Avg Emb),0.0,
65372,Last-Item,0.0,
65372,Avg-Last-10,0.0,
65372,Recency-Weighted,0.0,
65372,Essence (K=15),0.0,
65482,Random,0.0,0.0
65482,Popularity,0.2222222222222222,0.0
65482,CF (ItemKNN),0.3333333333333333,0.0
65482,Content (Avg Emb),0.0,0.0
65482,Last-Item,0.0,0.0
65482,Avg-Last-10,0.0,0.0
65482,Recency-Weighted,0.0,0.0
65482,Essence (K=15),0.0,0.0
65537,Random,0.0,0.0
65537,Popularity,0.25,0.0
65537,CF (ItemKNN),0.08333333333333333,0.0
65537,Content (Avg Emb),0.0,0.0
65537,Last-Item,0.08333333333333333,0.0
65537,Avg-Last-10,0.0,0.0
65537,Recency-Weighted,0.0,0.0
65537,Essence (K=15),0.0,0.0
65624,Random,0.0,
65624,Popularity,0.0,
65624,CF (ItemKNN),0.0,
65624,Content (Avg Emb),0.0,
65624,Last-Item,0.0,
65624,Avg-Last-10,0.0,
65624,Recency-Weighted,0.0,
65624,Essence (K=15),0.125,
65688,Random,0.0,
65688,Popularity,0.14285714285714285,
65688,CF (ItemKNN),0.14285714285714285,
65688,Content (Avg Emb),0.0,
65688,Last-Item,0.0,
65688,Avg-Last-10,0.0,
65688,Recency-Weighted,0.0,
65688,Essence (K=15),0.0,
65726,Random,0.0,0.0
65726,Popularity,0.0,0.0
65726,CF (ItemKNN),0.0,0.0
65726,Content (Avg Emb),0.0,0.0
65726,Last-Item,0.0,0.0
65726,Avg-Last-10,0.0,0.0
65726,Recency-Weighted,0.0,0.0
65726,Essence (K=15),0.0,0.0
65729,Random,0.0,
65729,Popularity,0.0,
65729,CF (ItemKNN),0.0,
65729,Content (Avg Emb),0.0,
65729,Last-Item,0.0,
65729,Avg-Last-10,0.0,
65729,Recency-Weighted,0.0,
65729,Essence (K=15),0.0,
65985,Random,0.0,0.0
65985,Popularity,0.0,0.0
65985,CF (ItemKNN),0.1111111111111111,0.0
65985,Content (Avg Emb),0.0,0.0
65985,Last-Item,0.0,0.0
65985,Avg-Last-10,0.0,0.0
65985,Recency-Weighted,0.0,0.0
65985,Essence (K=15),0.0,0.0
66193,Random,0.0,
66193,Popularity,0.0,
66193,CF (ItemKNN),0.0,
66193,Content (Avg Emb),0.0,
66193,Last-Item,0.0,
66193,Avg-Last-10,0.0,
66193,Recency-Weighted,0.0,
66193,Essence (K=15),0.0,
66209,Random,0.0,
66209,Popularity,0.08333333333333333,
66209,CF (ItemKNN),0.16666666666666666,
66209,Content (Avg Emb),0.0,
66209,Last-Item,0.0,
66209,Avg-Last-10,0.0,
66209,Recency-Weighted,0.0,
66209,Essence (K=15),0.08333333333333333,
66436,Random,0.0,
66436,Popularity,0.2,
66436,CF (ItemKNN),0.2,
66436,Content (Avg Emb),0.0,
66436,Last-Item,0.0,
66436,Avg-Last-10,0.0,
66436,Recency-Weighted,0.0,
66436,Essence (K=15),0.0,
66499,Random,0.0,
66499,Popularity,0.0,
66499,CF (ItemKNN),0.11764705882352941,
66499,Content (Avg Emb),0.0,
66499,Last-Item,0.0,
66499,Avg-Last-10,0.0,
66499,Recency-Weighted,0.0,
66499,Essence (K=15),0.0,
66522,Random,0.0,
66522,Popularity,0.08333333333333333,
66522,CF (ItemKNN),0.16666666666666666,
66522,Content (Avg Emb),0.0,
66522,Last-Item,0.0,
66522,Avg-Last-10,0.0,
66522,Recency-Weighted,0.0,
66522,Essence (K=15),0.0,
66534,Random,0.0,
66534,Popularity,0.0,
66534,CF (ItemKNN),0.0,
66534,Content (Avg Emb),0.0,
66534,Last-Item,0.0,
66534,Avg-Last-10,0.0,
66534,Recency-Weighted,0.0,
66534,Essence (K=15),0.0,
66802,Random,0.0,0.0
66802,Popularity,0.0,0.0
66802,CF (ItemKNN),0.0,0.0
66802,Content (Avg Emb),0.0,0.0
66802,Last-Item,0.0,0.0
66802,Avg-Last-10,0.0,0.0
66802,Recency-Weighted,0.0,0.0
66802,Essence (K=15),0.0,0.0
66859,Random,0.0,0.0
66859,Popularity,0.0,0.0
66859,CF (ItemKNN),0.16666666666666666,0.0
66859,Content (Avg Emb),0.0,0.0
66859,Last-Item,0.0,0.0
66859,Avg-Last-10,0.0,0.0
66859,Recency-Weighted,0.0,0.0
66859,Essence (K=15),0.0,0.0
66861,Random,0.0,0.0
66861,Popularity,0.0,0.0
66861,CF (ItemKNN),0.0,0.0
66861,Content (Avg Emb),0.0,0.0
66861,Last-Item,0.0,0.0
66861,Avg-Last-10,0.0,0.0
66861,Recency-Weighted,0.0,0.0
66861,Essence (K=15),0.0,0.0
66961,Random,0.0,0.0
66961,Popularity,0.0,0.0
66961,CF (ItemKNN),0.0,0.0
66961,Content (Avg Emb),0.0,0.0
66961,Last-Item,0.0,0.0
66961,Avg-Last-10,0.0,0.0
66961,Recency-Weighted,0.0,0.0
66961,Essence (K=15),0.0,0.0
67045,Random,0.0,
67045,Popularity,0.0,
67045,CF (ItemKNN),0.0,
67045,Content (Avg Emb),0.0,
67045,Last-Item,0.0,
67045,Avg-Last-10,0.0,
67045,Recency-Weighted,0.0,
67045,Essence (K=15),0.0,
67110,Random,0.0,
67110,Popularity,0.0,
67110,CF (ItemKNN),0.0,
67110,Content (Avg Emb),0.0,
67110,Last-Item,0.0,
67110,Avg-Last-10,0.0,
67110,Recency-Weighted,0.0,
67110,Essence (K=15),0.0,
67130,Random,0.0,0.0
67130,Popularity,0.06666666666666667,0.0
67130,CF (ItemKNN),0.0,0.0
67130,Content (Avg Emb),0.0,0.0
67130,Last-Item,0.0,0.0
67130,Avg-Last-10,0.0,0.0
67130,Recency-Weighted,0.0,0.0
67130,Essence (K=15),0.0,0.0
67160,Random,0.0,
67160,Popularity,0.4,
67160,CF (ItemKNN),0.4,
67160,Content (Avg Emb),0.0,
67160,Last-Item,0.0,
67160,Avg-Last-10,0.0,
67160,Recency-Weighted,0.0,
67160,Essence (K=15),0.0,
67167,Random,0.0,
67167,Popularity,0.0,
67167,CF (ItemKNN),0.0,
67167,Content (Avg Emb),0.0,
67167,Last-Item,0.0,
67167,Avg-Last-10,0.0,
67167,Recency-Weighted,0.0,
67167,Essence (K=15),0.0,
67172,Random,0.0,
67172,Popularity,0.0,
67172,CF (ItemKNN),0.0,
67172,Content (Avg Emb),0.0,
67172,Last-Item,0.0,
67172,Avg-Last-10,0.0,
67172,Recency-Weighted,0.0,
67172,Essence (K=15),0.0,
67191,Random,0.0,
67191,Popularity,0.25,
67191,CF (ItemKNN),0.25,
67191,Content (Avg Emb),0.0,
67191,Last-Item,0.0,
67191,Avg-Last-10,0.0,
67191,Recency-Weighted,0.0,
67191,Essence (K=15),0.0,
67431,Random,0.0,0.0
67431,Popularity,0.0,0.0
67431,CF (ItemKNN),0.0,0.0
67431,Content (Avg Emb),0.0,0.0
67431,Last-Item,0.0,0.0
67431,Avg-Last-10,0.0,0.0
67431,Recency-Weighted,0.0,0.0
67431,Essence (K=15),0.037037037037037035,0.0
67603,Random,0.0,
67603,Popularity,0.25,
67603,CF (ItemKNN),0.0,
67603,Content (Avg Emb),0.0,
67603,Last-Item,0.0,
67603,Avg-Last-10,0.0,
67603,Recency-Weighted,0.0,
67603,Essence (K=15),0.0,
67709,Random,0.0,
67709,Popularity,0.0,
67709,CF (ItemKNN),0.0,
67709,Content (Avg Emb),0.0,
67709,Last-Item,0.0,
67709,Avg-Last-10,0.0,
67709,Recency-Weighted,0.0,
67709,Essence (K=15),0.0,
67761,Random,0.0,
67761,Popularity,0.0,
67761,CF (ItemKNN),0.0,
67761,Content (Avg Emb),0.0,
67761,Last-Item,0.0,
67761,Avg-Last-10,0.0,
67761,Recency-Weighted,0.0,
67761,Essence (K=15),0.0,
67960,Random,0.0,
67960,Popularity,0.0,
67960,CF (ItemKNN),0.0,
67960,Content (Avg Emb),0.0,
67960,Last-Item,0.0,
67960,Avg-Last-10,0.0,
67960,Recency-Weighted,0.0,
67960,Essence (K=15),0.0,
68155,Random,0.0,
68155,Popularity,0.0,
68155,CF (ItemKNN),0.0,
68155,Content (Avg Emb),0.0,
68155,Last-Item,0.0,
68155,Avg-Last-10,0.0,
68155,Recency-Weighted,0.0,
68155,Essence (K=15),0.0,
68224,Random,0.0,0.0
68224,Popularity,0.1111111111111111,0.0
68224,CF (ItemKNN),0.2222222222222222,0.0
68224,Content (Avg Emb),0.0,0.0
68224,Last-Item,0.0,0.0
68224,Avg-Last-10,0.0,0.0
68224,Recency-Weighted,0.0,0.0
68224,Essence (K=15),0.0,0.0
68226,Random,0.0,
68226,Popularity,0.0,
68226,CF (ItemKNN),0.125,
68226,Content (Avg Emb),0.0,
68226,Last-Item,0.0,
68226,Avg-Last-10,0.0,
68226,Recency-Weighted,0.0,
68226,Essence (K=15),0.0,
68236,Random,0.0,
68236,Popularity,0.0,
68236,CF (ItemKNN),0.0,
68236,Content (Avg Emb),0.0,
68236,Last-Item,0.0,
68236,Avg-Last-10,0.0,
68236,Recency-Weighted,0.0,
68236,Essence (K=15),0.0,
68329,Random,0.0,
68329,Popularity,0.0,
68329,CF (ItemKNN),0.0,
68329,Content (Avg Emb),0.0,
68329,Last-Item,0.0,
68329,Avg-Last-10,0.0,
68329,Recency-Weighted,0.0,
68329,Essence (K=15),0.0,
68377,Random,0.0,
68377,Popularity,0.16666666666666666,
68377,CF (ItemKNN),0.16666666666666666,
68377,Content (Avg Emb),0.0,
68377,Last-Item,0.0,
68377,Avg-Last-10,0.0,
68377,Recency-Weighted,0.0,
68377,Essence (K=15),0.0,
68913,Random,0.0,
68913,Popularity,0.16129032258064516,
68913,CF (ItemKNN),0.0967741935483871,
68913,Content (Avg Emb),0.0,
68913,Last-Item,0.0,
68913,Avg-Last-10,0.0,
68913,Recency-Weighted,0.0,
68913,Essence (K=15),0.0,
68945,Random,0.0,
68945,Popularity,0.4,
68945,CF (ItemKNN),0.4,
68945,Content (Avg Emb),0.0,
68945,Last-Item,0.2,
68945,Avg-Last-10,0.0,
68945,Recency-Weighted,0.0,
68945,Essence (K=15),0.0,
68991,Random,0.0,
68991,Popularity,0.0,
68991,CF (ItemKNN),0.07142857142857142,
68991,Content (Avg Emb),0.0,
68991,Last-Item,0.0,
68991,Avg-Last-10,0.0,
68991,Recency-Weighted,0.0,
68991,Essence (K=15),0.0,
69083,Random,0.0,
69083,Popularity,0.0,
69083,CF (ItemKNN),0.16666666666666666,
69083,Content (Avg Emb),0.0,
69083,Last-Item,0.0,
69083,Avg-Last-10,0.0,
69083,Recency-Weighted,0.0,
69083,Essence (K=15),0.0,
69145,Random,0.0,0.0
69145,Popularity,0.0,0.0
69145,CF (ItemKNN),0.0,0.0
69145,Content (Avg Emb),0.0,0.0
69145,Last-Item,0.0,0.0
69145,Avg-Last-10,0.0,0.0
69145,Recency-Weighted,0.0,0.0
69145,Essence (K=15),0.0,0.0
69372,Random,0.0,
69372,Popularity,0.125,
69372,CF (ItemKNN),0.1875,
69372,Content (Avg Emb),0.0,
69372,Last-Item,0.0625,
69372,Avg-Last-10,0.0,
69372,Recency-Weighted,0.0,
69372,Essence (K=15),0.0,
69421,Random,0.0,
69421,Popularity,0.0,
69421,CF (ItemKNN),0.14285714285714285,
69421,Content (Avg Emb),0.0,
69421,Last-Item,0.0,
69421,Avg-Last-10,0.0,
69421,Recency-Weighted,0.0,
69421,Essence (K=15),0.0,
69495,Random,0.0,
69495,Popularity,0.0,
69495,CF (ItemKNN),0.0,
69495,Content (Avg Emb),0.0,
69495,Last-Item,0.0,
69495,Avg-Last-10,0.0,
69495,Recency-Weighted,0.0,
69495,Essence (K=15),0.0,
69559,Random,0.0,
69559,Popularity,0.0,
69559,CF (ItemKNN),0.0,
69559,Content (Avg Emb),0.0,
69559,Last-Item,0.0,
69559,Avg-Last-10,0.0,
69559,Recency-Weighted,0.0,
69559,Essence (K=15),0.0,
69580,Random,0.0,
69580,Popularity,0.25,
69580,CF (ItemKNN),0.25,
69580,Content (Avg Emb),0.08333333333333333,
69580,Last-Item,0.08333333333333333,
69580,Avg-Last-10,0.08333333333333333,
69580,Recency-Weighted,0.08333333333333333,
69580,Essence (K=15),0.08333333333333333,
69649,Random,0.0,0.0
69649,Popularity,0.0,0.0
69649,CF (ItemKNN),0.05555555555555555,0.0
69649,Content (Avg Emb),0.0,0.0
69649,Last-Item,0.0,0.0
69649,Avg-Last-10,0.0,0.0
69649,Recency-Weighted,0.0,0.0
69649,Essence (K=15),0.0,0.0
69650,Random,0.0,
69650,Popularity,0.125,
69650,CF (ItemKNN),0.375,
69650,Content (Avg Emb),0.0,
69650,Last-Item,0.0,
69650,Avg-Last-10,0.0,
69650,Recency-Weighted,0.0,
69650,Essence (K=15),0.0,
69769,Random,0.0,
69769,Popularity,0.125,
69769,CF (ItemKNN),0.125,
69769,Content (Avg Emb),0.0,
69769,Last-Item,0.0,
69769,Avg-Last-10,0.0,
69769,Recency-Weighted,0.0,
69769,Essence (K=15),0.0,
69917,Random,0.0,0.0
69917,Popularity,0.08333333333333333,0.0
69917,CF (ItemKNN),0.08333333333333333,0.0
69917,Content (Avg Emb),0.0,0.0
69917,Last-Item,0.0,0.0
69917,Avg-Last-10,0.0,0.0
69917,Recency-Weighted,0.0,0.0
69917,Essence (K=15),0.0,0.0
69919,Random,0.0,0.0
69919,Popularity,0.0,0.0
69919,CF (ItemKNN),0.0,0.0
69919,Content (Avg Emb),0.0,0.0
69919,Last-Item,0.0,0.0
69919,Avg-Last-10,0.0,0.0
69919,Recency-Weighted,0.0,0.0
69919,Essence (K=15),0.0,0.0
69979,Random,0.0,
69979,Popularity,0.0,
69979,CF (ItemKNN),0.0,
69979,Content (Avg Emb),0.0,
69979,Last-Item,0.0,
69979,Avg-Last-10,0.0,
69979,Recency-Weighted,0.0,
69979,Essence (K=15),0.0,
70345,Random,0.0,
70345,Popularity,0.0,
70345,CF (ItemKNN),0.0,
70345,Content (Avg Emb),0.0,
70345,Last-Item,0.0,
70345,Avg-Last-10,0.0,
70345,Recency-Weighted,0.0,
70345,Essence (K=15),0.0,
70458,Random,0.0,0.0
70458,Popularity,0.0,0.0
70458,CF (ItemKNN),0.4,1.0
70458,Content (Avg Emb),0.0,0.0
70458,Last-Item,0.0,0.0
70458,Avg-Last-10,0.0,0.0
70458,Recency-Weighted,0.0,0.0
70458,Essence (K=15),0.0,0.0
70468,Random,0.0,
70468,Popularity,0.5,
70468,CF (ItemKNN),0.25,
70468,Content (Avg Emb),0.0,
70468,Last-Item,0.0,
70468,Avg-Last-10,0.0,
70468,Recency-Weighted,0.0,
70468,Essence (K=15),0.0,
70498,Random,0.0,
70498,Popularity,0.2,
70498,CF (ItemKNN),0.4,
70498,Content (Avg Emb),0.0,
70498,Last-Item,0.0,
70498,Avg-Last-10,0.0,
70498,Recency-Weighted,0.0,
70498,Essence (K=15),0.0,
70532,Random,0.0,
70532,Popularity,0.2,
70532,CF (ItemKNN),0.2,
70532,Content (Avg Emb),0.0,
70532,Last-Item,0.0,
70532,Avg-Last-10,0.0,
70532,Recency-Weighted,0.0,
70532,Essence (K=15),0.0,
70701,Random,0.0,
70701,Popularity,0.0,
70701,CF (ItemKNN),0.06666666666666667,
70701,Content (Avg Emb),0.0,
70701,Last-Item,0.06666666666666667,
70701,Avg-Last-10,0.0,
70701,Recency-Weighted,0.0,
70701,Essence (K=15),0.0,
70718,Random,0.0,0.0
70718,Popularity,0.0,0.0
70718,CF (ItemKNN),0.0,0.0
70718,Content (Avg Emb),0.0,0.0
70718,Last-Item,0.0,0.0
70718,Avg-Last-10,0.0,0.0
70718,Recency-Weighted,0.0,0.0
70718,Essence (K=15),0.0,0.0
70846,Random,0.0,0.0
70846,Popularity,0.0,0.0
70846,CF (ItemKNN),0.0,0.0
70846,Content (Avg Emb),0.0,0.0
70846,Last-Item,0.0,0.0
70846,Avg-Last-10,0.0,0.0
70846,Recency-Weighted,0.0,0.0
70846,Essence (K=15),0.0,0.0
70898,Random,0.06666666666666667,0.0
70898,Popularity,0.06666666666666667,0.0
70898,CF (ItemKNN),0.06666666666666667,0.0
70898,Content (Avg Emb),0.0,0.0
70898,Last-Item,0.0,0.0
70898,Avg-Last-10,0.0,0.0
70898,Recency-Weighted,0.0,0.0
70898,Essence (K=15),0.0,0.0
71058,Random,0.0,
71058,Popularity,0.0,
71058,CF (ItemKNN),0.0,
71058,Content (Avg Emb),0.0,
71058,Last-Item,0.0,
71058,Avg-Last-10,0.0,
71058,Recency-Weighted,0.0,
71058,Essence (K=15),0.0,
71372,Random,0.0,
71372,Popularity,0.16666666666666666,
71372,CF (ItemKNN),0.16666666666666666,
71372,Content (Avg Emb),0.0,
71372,Last-Item,0.0,
71372,Avg-Last-10,0.0,
71372,Recency-Weighted,0.0,
71372,Essence (K=15),0.0,
71463,Random,0.0,0.0
71463,Popularity,0.0,0.0
71463,CF (ItemKNN),0.0,0.0
71463,Content (Avg Emb),0.0,0.0
71463,Last-Item,0.0,0.0
71463,Avg-Last-10,0.0,0.0
71463,Recency-Weighted,0.0,0.0
71463,Essence (K=15),0.0,0.0
71605,Random,0.0,
71605,Popularity,0.4,
71605,CF (ItemKNN),0.2,
71605,Content (Avg Emb),0.0,
71605,Last-Item,0.0,
71605,Avg-Last-10,0.0,
71605,Recency-Weighted,0.0,
71605,Essence (K=15),0.0,
71656,Random,0.0,
71656,Popularity,0.125,
71656,CF (ItemKNN),0.125,
71656,Content (Avg Emb),0.0,
71656,Last-Item,0.0,
71656,Avg-Last-10,0.0,
71656,Recency-Weighted,0.0,
71656,Essence (K=15),0.0,
71664,Random,0.0,
71664,Popularity,0.0,
71664,CF (ItemKNN),0.125,
71664,Content (Avg Emb),0.0,
71664,Last-Item,0.0,
71664,Avg-Last-10,0.0,
71664,Recency-Weighted,0.0,
71664,Essence (K=15),0.0,
71968,Random,0.0,0.0
71968,Popularity,0.0,0.0
71968,CF (ItemKNN),0.16666666666666666,0.0
71968,Content (Avg Emb),0.0,0.0
71968,Last-Item,0.16666666666666666,0.0
71968,Avg-Last-10,0.0,0.0
71968,Recency-Weighted,0.0,0.0
71968,Essence (K=15),0.0,0.0
72027,Random,0.0,
72027,Popularity,0.0,
72027,CF (ItemKNN),0.0,
72027,Content (Avg Emb),0.0,
72027,Last-Item,0.0,
72027,Avg-Last-10,0.0,
72027,Recency-Weighted,0.0,
72027,Essence (K=15),0.0,
72193,Random,0.0,0.0
72193,Popularity,0.0,0.0
72193,CF (ItemKNN),0.0,0.0
72193,Content (Avg Emb),0.0,0.0
72193,Last-Item,0.0,0.0
72193,Avg-Last-10,0.0,0.0
72193,Recency-Weighted,0.0,0.0
72193,Essence (K=15),0.0,0.0
72318,Random,0.0,0.0
72318,Popularity,0.05555555555555555,0.0
72318,CF (ItemKNN),0.05555555555555555,0.0
72318,Content (Avg Emb),0.0,0.0
72318,Last-Item,0.0,0.0
72318,Avg-Last-10,0.0,0.0
72318,Recency-Weighted,0.0,0.0
72318,Essence (K=15),0.0,0.0
72390,Random,0.0,0.0
72390,Popularity,0.0,0.0
72390,CF (ItemKNN),0.0,0.0
72390,Content (Avg Emb),0.0,0.0
72390,Last-Item,0.0,0.0
72390,Avg-Last-10,0.0,0.0
72390,Recency-Weighted,0.0,0.0
72390,Essence (K=15),0.0,0.0
72416,Random,0.0,
72416,Popularity,0.0,
72416,CF (ItemKNN),0.0,
72416,Content (Avg Emb),0.0,
72416,Last-Item,0.0,
72416,Avg-Last-10,0.0,
72416,Recency-Weighted,0.0,
72416,Essence (K=15),0.0,
72628,Random,0.0,
72628,Popularity,0.0,
72628,CF (ItemKNN),0.0,
72628,Content (Avg Emb),0.0,
72628,Last-Item,0.0,
72628,Avg-Last-10,0.0,
72628,Recency-Weighted,0.0,
72628,Essence (K=15),0.0,
72679,Random,0.0,0.0
72679,Popularity,0.0,0.0
72679,CF (ItemKNN),0.0,0.0
72679,Content (Avg Emb),0.0,0.0
72679,Last-Item,0.0,0.0
72679,Avg-Last-10,0.0,0.0
72679,Recency-Weighted,0.0,0.0
72679,Essence (K=15),0.0,0.0
72699,Random,0.0,
72699,Popularity,0.0,
72699,CF (ItemKNN),0.2,
72699,Content (Avg Emb),0.0,
72699,Last-Item,0.0,
72699,Avg-Last-10,0.0,
72699,Recency-Weighted,0.0,
72699,Essence (K=15),0.0,
72710,Random,0.0,
72710,Popularity,0.5,
72710,CF (ItemKNN),0.3333333333333333,
72710,Content (Avg Emb),0.0,
72710,Last-Item,0.16666666666666666,
72710,Avg-Last-10,0.0,
72710,Recency-Weighted,0.0,
72710,Essence (K=15),0.0,
72772,Random,0.0,
72772,Popularity,0.125,
72772,CF (ItemKNN),0.125,
72772,Content (Avg Emb),0.0,
72772,Last-Item,0.0,
72772,Avg-Last-10,0.125,
72772,Recency-Weighted,0.125,
72772,Essence (K=15),0.0,
72795,Random,0.0,0.0
72795,Popularity,0.0,0.0
72795,CF (ItemKNN),0.0,0.0
72795,Content (Avg Emb),0.0,0.0
72795,Last-Item,0.0,0.0
72795,Avg-Last-10,0.0,0.0
72795,Recency-Weighted,0.0,0.0
72795,Essence (K=15),0.0,0.0
72860,Random,0.0,0.0
72860,Popularity,0.0,0.0
72860,CF (ItemKNN),0.0,0.0
72860,Content (Avg Emb),0.0,0.0
72860,Last-Item,0.0,0.0
72860,Avg-Last-10,0.0,0.0
72860,Recency-Weighted,0.0,0.0
72860,Essence (K=15),0.0,0.0
72904,Random,0.0,
72904,Popularity,0.0,
72904,CF (ItemKNN),0.0,
72904,Content (Avg Emb),0.0,
72904,Last-Item,0.0,
72904,Avg-Last-10,0.0,
72904,Recency-Weighted,0.16666666666666666,
72904,Essence (K=15),0.16666666666666666,
73122,Random,0.0,0.0
73122,Popularity,0.0,0.0
73122,CF (ItemKNN),0.0,0.0
73122,Content (Avg Emb),0.0,0.0
73122,Last-Item,0.0,0.0
73122,Avg-Last-10,0.0,0.0
73122,Recency-Weighted,0.0,0.0
73122,Essence (K=15),0.0,0.0
73313,Random,0.0,
73313,Popularity,0.0,
73313,CF (ItemKNN),0.16666666666666666,
73313,Content (Avg Emb),0.0,
73313,Last-Item,0.0,
73313,Avg-Last-10,0.0,
73313,Recency-Weighted,0.0,
73313,Essence (K=15),0.0,
73417,Random,0.0,
73417,Popularity,0.0,
73417,CF (ItemKNN),0.10526315789473684,
73417,Content (Avg Emb),0.0,
73417,Last-Item,0.0,
73417,Avg-Last-10,0.0,
73417,Recency-Weighted,0.0,
73417,Essence (K=15),0.0,
73671,Random,0.0,0.0
73671,Popularity,0.0,0.0
73671,CF (ItemKNN),0.0,0.0
73671,Content (Avg Emb),0.0,0.0
73671,Last-Item,0.1,0.0
73671,Avg-Last-10,0.0,0.0
73671,Recency-Weighted,0.0,0.0
73671,Essence (K=15),0.0,0.0
73847,Random,0.0,
73847,Popularity,0.0,
73847,CF (ItemKNN),0.09090909090909091,
73847,Content (Avg Emb),0.0,
73847,Last-Item,0.0,
73847,Avg-Last-10,0.0,
73847,Recency-Weighted,0.0,
73847,Essence (K=15),0.0,
73994,Random,0.0,
73994,Popularity,0.0,
73994,CF (ItemKNN),0.058823529411764705,
73994,Content (Avg Emb),0.0,
73994,Last-Item,0.0,
73994,Avg-Last-10,0.0,
73994,Recency-Weighted,0.0,
73994,Essence (K=15),0.0,
74068,Random,0.0,
74068,Popularity,0.09090909090909091,
74068,CF (ItemKNN),0.09090909090909091,
74068,Content (Avg Emb),0.0,
74068,Last-Item,0.0,
74068,Avg-Last-10,0.0,
74068,Recency-Weighted,0.0,
74068,Essence (K=15),0.0,
74119,Random,0.0,
74119,Popularity,0.0,
74119,CF (ItemKNN),0.16666666666666666,
74119,Content (Avg Emb),0.0,
74119,Last-Item,0.0,
74119,Avg-Last-10,0.0,
74119,Recency-Weighted,0.0,
74119,Essence (K=15),0.0,
74559,Random,0.0,
74559,Popularity,0.0,
74559,CF (ItemKNN),0.08333333333333333,
74559,Content (Avg Emb),0.0,
74559,Last-Item,0.0,
74559,Avg-Last-10,0.0,
74559,Recency-Weighted,0.0,
74559,Essence (K=15),0.0,
74604,Random,0.0,
74604,Popularity,0.0,
74604,CF (ItemKNN),0.0,
74604,Content (Avg Emb),0.0,
74604,Last-Item,0.0,
74604,Avg-Last-10,0.0,
74604,Recency-Weighted,0.0,
74604,Essence (K=15),0.0,
74619,Random,0.0,0.0
74619,Popularity,0.0,0.0
74619,CF (ItemKNN),0.0,0.0
74619,Content (Avg Emb),0.0,0.0
74619,Last-Item,0.0,0.0
74619,Avg-Last-10,0.0,0.0
74619,Recency-Weighted,0.0,0.0
74619,Essence (K=15),0.0,0.0
74623,Random,0.0,
74623,Popularity,0.125,
74623,CF (ItemKNN),0.25,
74623,Content (Avg Emb),0.0,
74623,Last-Item,0.0,
74623,Avg-Last-10,0.0,
74623,Recency-Weighted,0.0,
74623,Essence (K=15),0.0,
74667,Random,0.0,
74667,Popularity,0.0,
74667,CF (ItemKNN),0.3333333333333333,
74667,Content (Avg Emb),0.16666666666666666,
74667,Last-Item,0.0,
74667,Avg-Last-10,0.16666666666666666,
74667,Recency-Weighted,0.0,
74667,Essence (K=15),0.16666666666666666,
74780,Random,0.0,0.0
74780,Popularity,0.07142857142857142,0.0
74780,CF (ItemKNN),0.0,0.0
74780,Content (Avg Emb),0.0,0.0
74780,Last-Item,0.0,0.0
74780,Avg-Last-10,0.0,0.0
74780,Recency-Weighted,0.0,0.0
74780,Essence (K=15),0.0,0.0
74822,Random,0.0,0.0
74822,Popularity,0.0,0.0
74822,CF (ItemKNN),0.0,0.0
74822,Content (Avg Emb),0.0,0.0
74822,Last-Item,0.0,0.0
74822,Avg-Last-10,0.0,0.0
74822,Recency-Weighted,0.0,0.0
74822,Essence (K=15),0.0,0.0
74886,Random,0.0,0.0
74886,Popularity,0.0,0.0
74886,CF (ItemKNN),0.06666666666666667,0.0
74886,Content (Avg Emb),0.0,0.0
74886,Last-Item,0.0,0.0
74886,Avg-Last-10,0.0,0.0
74886,Recency-Weighted,0.0,0.0
74886,Essence (K=15),0.0,0.0
75062,Random,0.0,0.0
75062,Popularity,0.0,0.0
75062,CF (ItemKNN),0.0,0.0
75062,Content (Avg Emb),0.0,0.0
75062,Last-Item,0.0,0.0
75062,Avg-Last-10,0.0,0.0
75062,Recency-Weighted,0.0,0.0
75062,Essence (K=15),0.0,0.0
75127,Random,0.0,0.0
75127,Popularity,0.0,0.0
75127,CF (ItemKNN),0.0,0.0
75127,Content (Avg Emb),0.0,0.0
75127,Last-Item,0.0,0.0
75127,Avg-Last-10,0.0,0.0
75127,Recency-Weighted,0.0,0.0
75127,Essence (K=15),0.0,0.0
75192,Random,0.0,
75192,Popularity,0.09090909090909091,
75192,CF (ItemKNN),0.36363636363636365,
75192,Content (Avg Emb),0.0,
75192,Last-Item,0.18181818181818182,
75192,Avg-Last-10,0.0,
75192,Recency-Weighted,0.0,
75192,Essence (K=15),0.0,
75366,Random,0.0,
75366,Popularity,0.36363636363636365,
75366,CF (ItemKNN),0.2727272727272727,
75366,Content (Avg Emb),0.0,
75366,Last-Item,0.0,
75366,Avg-Last-10,0.0,
75366,Recency-Weighted,0.0,
75366,Essence (K=15),0.0,
75450,Random,0.0,
75450,Popularity,0.0,
75450,CF (ItemKNN),0.0,
75450,Content (Avg Emb),0.0,
75450,Last-Item,0.0,
75450,Avg-Last-10,0.0,
75450,Recency-Weighted,0.0,
75450,Essence (K=15),0.0,
75548,Random,0.0,
75548,Popularity,0.125,
75548,CF (ItemKNN),0.125,
75548,Content (Avg Emb),0.0,
75548,Last-Item,0.0,
75548,Avg-Last-10,0.0,
75548,Recency-Weighted,0.0,
75548,Essence (K=15),0.0,
75576,Random,0.0,0.0
75576,Popularity,0.0,0.0
75576,CF (ItemKNN),0.058823529411764705,0.0
75576,Content (Avg Emb),0.0,0.0
75576,Last-Item,0.0,0.0
75576,Avg-Last-10,0.0,0.0
75576,Recency-Weighted,0.0,0.0
75576,Essence (K=15),0.0,0.0
75698,Random,0.0,0.0
75698,Popularity,0.0,0.0
75698,CF (ItemKNN),0.0,0.0
75698,Content (Avg Emb),0.0,0.0
75698,Last-Item,0.0,0.0
75698,Avg-Last-10,0.0,0.0
75698,Recency-Weighted,0.0,0.0
75698,Essence (K=15),0.0,0.0
75834,Random,0.0,
75834,Popularity,0.0,
75834,CF (ItemKNN),0.0,
75834,Content (Avg Emb),0.0,
75834,Last-Item,0.0,
75834,Avg-Last-10,0.0,
75834,Recency-Weighted,0.0,
75834,Essence (K=15),0.0,
75882,Random,0.0,
75882,Popularity,0.2,
75882,CF (ItemKNN),0.2,
75882,Content (Avg Emb),0.0,
75882,Last-Item,0.2,
75882,Avg-Last-10,0.2,
75882,Recency-Weighted,0.2,
75882,Essence (K=15),0.0,
75919,Random,0.0625,
75919,Popularity,0.0,
75919,CF (ItemKNN),0.0,
75919,Content (Avg Emb),0.0,
75919,Last-Item,0.0,
75919,Avg-Last-10,0.0,
75919,Recency-Weighted,0.0,
75919,Essence (K=15),0.0,
75961,Random,0.0,
75961,Popularity,0.0,
75961,CF (ItemKNN),0.0,
75961,Content (Avg Emb),0.0,
75961,Last-Item,0.2,
75961,Avg-Last-10,0.0,
75961,Recency-Weighted,0.0,
75961,Essence (K=15),0.0,
76005,Random,0.0,
76005,Popularity,0.0,
76005,CF (ItemKNN),0.0,
76005,Content (Avg Emb),0.0,
76005,Last-Item,0.0,
76005,Avg-Last-10,0.0,
76005,Recency-Weighted,0.0,
76005,Essence (K=15),0.0,
76064,Random,0.0,0.0
76064,Popularity,0.0,0.0
76064,CF (ItemKNN),0.0,0.0
76064,Content (Avg Emb),0.0,0.0
76064,Last-Item,0.2,0.0
76064,Avg-Last-10,0.0,0.0
76064,Recency-Weighted,0.0,0.0
76064,Essence (K=15),0.1,0.0
76344,Random,0.0,
76344,Popularity,0.0,
76344,CF (ItemKNN),0.0,
76344,Content (Avg Emb),0.0,
76344,Last-Item,0.0,
76344,Avg-Last-10,0.0,
76344,Recency-Weighted,0.0,
76344,Essence (K=15),0.0,
76409,Random,0.0,
76409,Popularity,0.0,
76409,CF (ItemKNN),0.0,
76409,Content (Avg Emb),0.0,
76409,Last-Item,0.0,
76409,Avg-Last-10,0.0,
76409,Recency-Weighted,0.0,
76409,Essence (K=15),0.0,
76449,Random,0.0,
76449,Popularity,0.0,
76449,CF (ItemKNN),0.05,
76449,Content (Avg Emb),0.0,
76449,Last-Item,0.0,
76449,Avg-Last-10,0.0,
76449,Recency-Weighted,0.0,
76449,Essence (K=15),0.0,
76482,Random,0.0,
76482,Popularity,0.0,
76482,CF (ItemKNN),0.0,
76482,Content (Avg Emb),0.0,
76482,Last-Item,0.0,
76482,Avg-Last-10,0.0,
76482,Recency-Weighted,0.0,
76482,Essence (K=15),0.0,
76519,Random,0.0,
76519,Popularity,0.0,
76519,CF (ItemKNN),0.2,
76519,Content (Avg Emb),0.0,
76519,Last-Item,0.0,
76519,Avg-Last-10,0.0,
76519,Recency-Weighted,0.0,
76519,Essence (K=15),0.0,
76820,Random,0.0,
76820,Popularity,0.0,
76820,CF (ItemKNN),0.0,
76820,Content (Avg Emb),0.0,
76820,Last-Item,0.0,
76820,Avg-Last-10,0.0,
76820,Recency-Weighted,0.0,
76820,Essence (K=15),0.0,
76885,Random,0.0,
76885,Popularity,0.0,
76885,CF (ItemKNN),0.0,
76885,Content (Avg Emb),0.0,
76885,Last-Item,0.0,
76885,Avg-Last-10,0.0,
76885,Recency-Weighted,0.0,
76885,Essence (K=15),0.0,
77198,Random,0.0,
77198,Popularity,0.0,
77198,CF (ItemKNN),0.0,
77198,Content (Avg Emb),0.0,
77198,Last-Item,0.0,
77198,Avg-Last-10,0.0,
77198,Recency-Weighted,0.0,
77198,Essence (K=15),0.0,
77212,Random,0.0,
77212,Popularity,0.0,
77212,CF (ItemKNN),0.14285714285714285,
77212,Content (Avg Emb),0.0,
77212,Last-Item,0.0,
77212,Avg-Last-10,0.0,
77212,Recency-Weighted,0.0,
77212,Essence (K=15),0.0,
77275,Random,0.0,
77275,Popularity,0.0,
77275,CF (ItemKNN),0.0,
77275,Content (Avg Emb),0.0,
77275,Last-Item,0.125,
77275,Avg-Last-10,0.0,
77275,Recency-Weighted,0.0,
77275,Essence (K=15),0.0,
77293,Random,0.0,
77293,Popularity,0.0,
77293,CF (ItemKNN),0.07692307692307693,
77293,Content (Avg Emb),0.0,
77293,Last-Item,0.0,
77293,Avg-Last-10,0.0,
77293,Recency-Weighted,0.0,
77293,Essence (K=15),0.0,
77372,Random,0.0,
77372,Popularity,0.1,
77372,CF (ItemKNN),0.1,
77372,Content (Avg Emb),0.0,
77372,Last-Item,0.0,
77372,Avg-Last-10,0.0,
77372,Recency-Weighted,0.0,
77372,Essence (K=15),0.0,
77670,Random,0.0,
77670,Popularity,0.0,
77670,CF (ItemKNN),0.0,
77670,Content (Avg Emb),0.0,
77670,Last-Item,0.0,
77670,Avg-Last-10,0.0,
77670,Recency-Weighted,0.0,
77670,Essence (K=15),0.0,
77743,Random,0.0,0.0
77743,Popularity,0.0,0.0
77743,CF (ItemKNN),0.0,0.0
77743,Content (Avg Emb),0.0,0.0
77743,Last-Item,0.0,0.0
77743,Avg-Last-10,0.0,0.0
77743,Recency-Weighted,0.0,0.0
77743,Essence (K=15),0.0,0.0
77791,Random,0.0,0.0
77791,Popularity,0.0,0.0
77791,CF (ItemKNN),0.0,0.0
77791,Content (Avg Emb),0.0,0.0
77791,Last-Item,0.0,0.0
77791,Avg-Last-10,0.0,0.0
77791,Recency-Weighted,0.0,0.0
77791,Essence (K=15),0.0,0.0
77825,Random,0.0,
77825,Popularity,0.0,
77825,CF (ItemKNN),0.0,
77825,Content (Avg Emb),0.0,
77825,Last-Item,0.0,
77825,Avg-Last-10,0.0,
77825,Recency-Weighted,0.0,
77825,Essence (K=15),0.0,
77838,Random,0.0,0.0
77838,Popularity,0.0,0.0
77838,CF (ItemKNN),0.0,0.0
77838,Content (Avg Emb),0.0,0.0
77838,Last-Item,0.0,0.0
77838,Avg-Last-10,0.0,0.0
77838,Recency-Weighted,0.0,0.0
77838,Essence (K=15),0.0,0.0
77889,Random,0.0,
77889,Popularity,0.0,
77889,CF (ItemKNN),0.2,
77889,Content (Avg Emb),0.0,
77889,Last-Item,0.0,
77889,Avg-Last-10,0.0,
77889,Recency-Weighted,0.0,
77889,Essence (K=15),0.0,
78074,Random,0.0,0.0
78074,Popularity,0.0,0.0
78074,CF (ItemKNN),0.0,0.0
78074,Content (Avg Emb),0.0,0.0
78074,Last-Item,0.0,0.0
78074,Avg-Last-10,0.0,0.0
78074,Recency-Weighted,0.0,0.0
78074,Essence (K=15),0.0,0.0
78316,Random,0.0,
78316,Popularity,0.0,
78316,CF (ItemKNN),0.0,
78316,Content (Avg Emb),0.0,
78316,Last-Item,0.0,
78316,Avg-Last-10,0.0,
78316,Recency-Weighted,0.0,
78316,Essence (K=15),0.0,
78457,Random,0.0,
78457,Popularity,0.0,
78457,CF (ItemKNN),0.0,
78457,Content (Avg Emb),0.0,
78457,Last-Item,0.0,
78457,Avg-Last-10,0.0,
78457,Recency-Weighted,0.0,
78457,Essence (K=15),0.0,
79177,Random,0.0,
79177,Popularity,0.0,
79177,CF (ItemKNN),0.07692307692307693,
79177,Content (Avg Emb),0.0,
79177,Last-Item,0.07692307692307693,
79177,Avg-Last-10,0.0,
79177,Recency-Weighted,0.0,
79177,Essence (K=15),0.0,
79370,Random,0.0,0.0
79370,Popularity,0.0,0.0
79370,CF (ItemKNN),0.0,0.0
79370,Content (Avg Emb),0.0,0.0
79370,Last-Item,0.0,0.0
79370,Avg-Last-10,0.0,0.0
79370,Recency-Weighted,0.0,0.0
79370,Essence (K=15),0.0,0.0
79495,Random,0.0,
79495,Popularity,0.0,
79495,CF (ItemKNN),0.0,
79495,Content (Avg Emb),0.0,
79495,Last-Item,0.0,
79495,Avg-Last-10,0.0,
79495,Recency-Weighted,0.0,
79495,Essence (K=15),0.0,
79537,Random,0.0,
79537,Popularity,0.0,
79537,CF (ItemKNN),0.0,
79537,Content (Avg Emb),0.0,
79537,Last-Item,0.0,
79537,Avg-Last-10,0.0,
79537,Recency-Weighted,0.0,
79537,Essence (K=15),0.0,
79651,Random,0.0,
79651,Popularity,0.0,
79651,CF (ItemKNN),0.0,
79651,Content (Avg Emb),0.0,
79651,Last-Item,0.0,
79651,Avg-Last-10,0.0,
79651,Recency-Weighted,0.0,
79651,Essence (K=15),0.0,
79724,Random,0.0,
79724,Popularity,0.16666666666666666,
79724,CF (ItemKNN),0.16666666666666666,
79724,Content (Avg Emb),0.0,
79724,Last-Item,0.0,
79724,Avg-Last-10,0.0,
79724,Recency-Weighted,0.0,
79724,Essence (K=15),0.0,
79740,Random,0.0,
79740,Popularity,0.0,
79740,CF (ItemKNN),0.0,
79740,Content (Avg Emb),0.0,
79740,Last-Item,0.0,
79740,Avg-Last-10,0.0,
79740,Recency-Weighted,0.0,
79740,Essence (K=15),0.0,
79860,Random,0.0,
79860,Popularity,0.0,
79860,CF (ItemKNN),0.09090909090909091,
79860,Content (Avg Emb),0.0,
79860,Last-Item,0.0,
79860,Avg-Last-10,0.0,
79860,Recency-Weighted,0.0,
79860,Essence (K=15),0.0,
79895,Random,0.0,
79895,Popularity,0.0,
79895,CF (ItemKNN),0.0,
79895,Content (Avg Emb),0.0,
79895,Last-Item,0.14285714285714285,
79895,Avg-Last-10,0.0,
79895,Recency-Weighted,0.14285714285714285,
79895,Essence (K=15),0.0,
79896,Random,0.0,0.0
79896,Popularity,0.0,0.0
79896,CF (ItemKNN),0.0,0.0
79896,Content (Avg Emb),0.0,0.0
79896,Last-Item,0.0,0.0
79896,Avg-Last-10,0.0,0.0
79896,Recency-Weighted,0.0,0.0
79896,Essence (K=15),0.0,0.0
80071,Random,0.0,0.0
80071,Popularity,0.0,0.0
80071,CF (ItemKNN),0.0,0.0
80071,Content (Avg Emb),0.0,0.0
80071,Last-Item,0.0,0.0
80071,Avg-Last-10,0.0,0.0
80071,Recency-Weighted,0.0,0.0
80071,Essence (K=15),0.0,0.0
80288,Random,0.0,
80288,Popularity,0.2,
80288,CF (ItemKNN),0.0,
80288,Content (Avg Emb),0.0,
80288,Last-Item,0.0,
80288,Avg-Last-10,0.0,
80288,Recency-Weighted,0.0,
80288,Essence (K=15),0.0,
80331,Random,0.0,
80331,Popularity,0.16666666666666666,
80331,CF (ItemKNN),0.16666666666666666,
80331,Content (Avg Emb),0.0,
80331,Last-Item,0.0,
80331,Avg-Last-10,0.0,
80331,Recency-Weighted,0.0,
80331,Essence (K=15),0.0,
80381,Random,0.0,
80381,Popularity,0.4,
80381,CF (ItemKNN),0.6,
80381,Content (Avg Emb),0.0,
80381,Last-Item,0.0,
80381,Avg-Last-10,0.0,
80381,Recency-Weighted,0.0,
80381,Essence (K=15),0.2,
80391,Random,0.0,
80391,Popularity,0.2,
80391,CF (ItemKNN),0.0,
80391,Content (Avg Emb),0.0,
80391,Last-Item,0.0,
80391,Avg-Last-10,0.0,
80391,Recency-Weighted,0.0,
80391,Essence (K=15),0.0,
80514,Random,0.0,
80514,Popularity,0.16666666666666666,
80514,CF (ItemKNN),0.3333333333333333,
80514,Content (Avg Emb),0.0,
80514,Last-Item,0.0,
80514,Avg-Last-10,0.0,
80514,Recency-Weighted,0.0,
80514,Essence (K=15),0.0,
80560,Random,0.0,
80560,Popularity,0.0,
80560,CF (ItemKNN),0.06666666666666667,
80560,Content (Avg Emb),0.0,
80560,Last-Item,0.0,
80560,Avg-Last-10,0.0,
80560,Recency-Weighted,0.0,
80560,Essence (K=15),0.0,
80656,Random,0.0,0.0
80656,Popularity,0.0,0.0
80656,CF (ItemKNN),0.0625,0.0
80656,Content (Avg Emb),0.0,0.0
80656,Last-Item,0.0,0.0
80656,Avg-Last-10,0.0,0.0
80656,Recency-Weighted,0.0,0.0
80656,Essence (K=15),0.0,0.0
80768,Random,0.0,0.0
80768,Popularity,0.11764705882352941,0.0
80768,CF (ItemKNN),0.23529411764705882,0.0
80768,Content (Avg Emb),0.0,0.0
80768,Last-Item,0.0,0.0
80768,Avg-Last-10,0.0,0.0
80768,Recency-Weighted,0.0,0.0
80768,Essence (K=15),0.0,0.0
80911,Random,0.0,
80911,Popularity,0.0,
80911,CF (ItemKNN),0.08333333333333333,
80911,Content (Avg Emb),0.0,
80911,Last-Item,0.0,
80911,Avg-Last-10,0.0,
80911,Recency-Weighted,0.0,
80911,Essence (K=15),0.0,
81060,Random,0.0,
81060,Popularity,0.0,
81060,CF (ItemKNN),0.09090909090909091,
81060,Content (Avg Emb),0.0,
81060,Last-Item,0.0,
81060,Avg-Last-10,0.0,
81060,Recency-Weighted,0.0,
81060,Essence (K=15),0.0,
81208,Random,0.0,
81208,Popularity,0.0,
81208,CF (ItemKNN),0.0,
81208,Content (Avg Emb),0.0,
81208,Last-Item,0.0,
81208,Avg-Last-10,0.0,
81208,Recency-Weighted,0.0,
81208,Essence (K=15),0.0,
81337,Random,0.0,
81337,Popularity,0.25,
81337,CF (ItemKNN),0.0,
81337,Content (Avg Emb),0.0,
81337,Last-Item,0.0,
81337,Avg-Last-10,0.0,
81337,Recency-Weighted,0.0,
81337,Essence (K=15),0.0,
81351,Random,0.0,
81351,Popularity,0.09090909090909091,
81351,CF (ItemKNN),0.2727272727272727,
81351,Content (Avg Emb),0.0,
81351,Last-Item,0.0,
81351,Avg-Last-10,0.0,
81351,Recency-Weighted,0.0,
81351,Essence (K=15),0.0,
81510,Random,0.0,
81510,Popularity,0.0,
81510,CF (ItemKNN),0.0,
81510,Content (Avg Emb),0.0,
81510,Last-Item,0.0,
81510,Avg-Last-10,0.0,
81510,Recency-Weighted,0.0,
81510,Essence (K=15),0.0,
81530,Random,0.0,
81530,Popularity,0.0,
81530,CF (ItemKNN),0.0,
81530,Content (Avg Emb),0.0,
81530,Last-Item,0.0,
81530,Avg-Last-10,0.0,
81530,Recency-Weighted,0.0,
81530,Essence (K=15),0.0,
81735,Random,0.0,
81735,Popularity,0.0,
81735,CF (ItemKNN),0.0,
81735,Content (Avg Emb),0.0,
81735,Last-Item,0.0,
81735,Avg-Last-10,0.0,
81735,Recency-Weighted,0.0,
81735,Essence (K=15),0.0,
81891,Random,0.0,
81891,Popularity,0.0,
81891,CF (ItemKNN),0.0,
81891,Content (Avg Emb),0.0,
81891,Last-Item,0.0,
81891,Avg-Last-10,0.0,
81891,Recency-Weighted,0.0,
81891,Essence (K=15),0.0,
82007,Random,0.0,
82007,Popularity,0.0,
82007,CF (ItemKNN),0.125,
82007,Content (Avg Emb),0.0,
82007,Last-Item,0.0,
82007,Avg-Last-10,0.125,
82007,Recency-Weighted,0.125,
82007,Essence (K=15),0.0,
82361,Random,0.0,0.0
82361,Popularity,0.0,0.0
82361,CF (ItemKNN),0.0,0.0
82361,Content (Avg Emb),0.0,0.0
82361,Last-Item,0.0,0.0
82361,Avg-Last-10,0.0,0.0
82361,Recency-Weighted,0.0,0.0
82361,Essence (K=15),0.0,0.0
82381,Random,0.0,
82381,Popularity,0.0,
82381,CF (ItemKNN),0.18181818181818182,
82381,Content (Avg Emb),0.0,
82381,Last-Item,0.0,
82381,Avg-Last-10,0.0,
82381,Recency-Weighted,0.0,
82381,Essence (K=15),0.0,
82579,Random,0.0,
82579,Popularity,0.0,
82579,CF (ItemKNN),0.5,
82579,Content (Avg Emb),0.0,
82579,Last-Item,0.0,
82579,Avg-Last-10,0.0,
82579,Recency-Weighted,0.0,
82579,Essence (K=15),0.0,
82655,Random,0.0,
82655,Popularity,0.0,
82655,CF (ItemKNN),0.0,
82655,Content (Avg Emb),0.0,
82655,Last-Item,0.0,
82655,Avg-Last-10,0.0,
82655,Recency-Weighted,0.0,
82655,Essence (K=15),0.0,
82741,Random,0.0,0.0
82741,Popularity,0.0,0.0
82741,CF (ItemKNN),0.0,0.0
82741,Content (Avg Emb),0.0,0.0
82741,Last-Item,0.06666666666666667,0.5
82741,Avg-Last-10,0.0,0.0
82741,Recency-Weighted,0.0,0.0
82741,Essence (K=15),0.0,0.0
83064,Random,0.0,
83064,Popularity,0.0,
83064,CF (ItemKNN),0.2,
83064,Content (Avg Emb),0.0,
83064,Last-Item,0.0,
83064,Avg-Last-10,0.0,
83064,Recency-Weighted,0.0,
83064,Essence (K=15),0.0,
83161,Random,0.0,
83161,Popularity,0.0,
83161,CF (ItemKNN),0.0,
83161,Content (Avg Emb),0.0,
83161,Last-Item,0.0,
83161,Avg-Last-10,0.0,
83161,Recency-Weighted,0.0,
83161,Essence (K=15),0.0,
83169,Random,0.0,0.0
83169,Popularity,0.0,0.0
83169,CF (ItemKNN),0.0,0.0
83169,Content (Avg Emb),0.0,0.0
83169,Last-Item,0.0,0.0
83169,Avg-Last-10,0.0,0.0
83169,Recency-Weighted,0.0,0.0
83169,Essence (K=15),0.0,0.0
83249,Random,0.0,0.0
83249,Popularity,0.0,0.0
83249,CF (ItemKNN),0.10344827586206896,0.0
83249,Content (Avg Emb),0.0,0.0
83249,Last-Item,0.0,0.0
83249,Avg-Last-10,0.0,0.0
83249,Recency-Weighted,0.0,0.0
83249,Essence (K=15),0.0,0.0
83259,Random,0.0,
83259,Popularity,0.0,
83259,CF (ItemKNN),0.0,
83259,Content (Avg Emb),0.0,
83259,Last-Item,0.0,
83259,Avg-Last-10,0.0,
83259,Recency-Weighted,0.0,
83259,Essence (K=15),0.0,
83439,Random,0.0,
83439,Popularity,0.0,
83439,CF (ItemKNN),0.0,
83439,Content (Avg Emb),0.0,
83439,Last-Item,0.0,
83439,Avg-Last-10,0.0,
83439,Recency-Weighted,0.0,
83439,Essence (K=15),0.0,
83561,Random,0.0,
83561,Popularity,0.0,
83561,CF (ItemKNN),0.0,
83561,Content (Avg Emb),0.0,
83561,Last-Item,0.0,
83561,Avg-Last-10,0.0,
83561,Recency-Weighted,0.0,
83561,Essence (K=15),0.0,
83627,Random,0.0,0.0
83627,Popularity,0.0,0.0
83627,CF (ItemKNN),0.0,0.0
83627,Content (Avg Emb),0.0,0.0
83627,Last-Item,0.0,0.0
83627,Avg-Last-10,0.0,0.0
83627,Recency-Weighted,0.0,0.0
83627,Essence (K=15),0.0,0.0
83720,Random,0.0,
83720,Popularity,0.0,
83720,CF (ItemKNN),0.0,
83720,Content (Avg Emb),0.0,
83720,Last-Item,0.0,
83720,Avg-Last-10,0.0,
83720,Recency-Weighted,0.0,
83720,Essence (K=15),0.0,
84092,Random,0.0,
84092,Popularity,0.0,
84092,CF (ItemKNN),0.0,
84092,Content (Avg Emb),0.0,
84092,Last-Item,0.0,
84092,Avg-Last-10,0.0,
84092,Recency-Weighted,0.0,
84092,Essence (K=15),0.0,
84673,Random,0.0,0.0
84673,Popularity,0.2,0.0
84673,CF (ItemKNN),0.2,0.0
84673,Content (Avg Emb),0.0,0.0
84673,Last-Item,0.0,0.0
84673,Avg-Last-10,0.0,0.0
84673,Recency-Weighted,0.0,0.0
84673,Essence (K=15),0.0,0.0
84810,Random,0.0,
84810,Popularity,0.08333333333333333,
84810,CF (ItemKNN),0.041666666666666664,
84810,Content (Avg Emb),0.0,
84810,Last-Item,0.0,
84810,Avg-Last-10,0.0,
84810,Recency-Weighted,0.0,
84810,Essence (K=15),0.0,
84991,Random,0.0,
84991,Popularity,0.0,
84991,CF (ItemKNN),0.0,
84991,Content (Avg Emb),0.0,
84991,Last-Item,0.0,
84991,Avg-Last-10,0.0,
84991,Recency-Weighted,0.0,
84991,Essence (K=15),0.0,
85142,Random,0.0,
85142,Popularity,0.0,
85142,CF (ItemKNN),0.07692307692307693,
85142,Content (Avg Emb),0.0,
85142,Last-Item,0.0,
85142,Avg-Last-10,0.0,
85142,Recency-Weighted,0.0,
85142,Essence (K=15),0.0,
85297,Random,0.0,0.0
85297,Popularity,0.0,0.0
85297,CF (ItemKNN),0.1875,0.0
85297,Content (Avg Emb),0.0,0.0
85297,Last-Item,0.0,0.0
85297,Avg-Last-10,0.0,0.0
85297,Recency-Weighted,0.0,0.0
85297,Essence (K=15),0.0,0.0
85382,Random,0.0,
85382,Popularity,0.0,
85382,CF (ItemKNN),0.0,
85382,Content (Avg Emb),0.0,
85382,Last-Item,0.0,
85382,Avg-Last-10,0.0,
85382,Recency-Weighted,0.0,
85382,Essence (K=15),0.0,
85537,Random,0.0,0.0
85537,Popularity,0.0,0.0
85537,CF (ItemKNN),0.0,0.0
85537,Content (Avg Emb),0.0,0.0
85537,Last-Item,0.0,0.0
85537,Avg-Last-10,0.0,0.0
85537,Recency-Weighted,0.0,0.0
85537,Essence (K=15),0.0,0.0
85769,Random,0.0,
85769,Popularity,0.0,
85769,CF (ItemKNN),0.06666666666666667,
85769,Content (Avg Emb),0.0,
85769,Last-Item,0.0,
85769,Avg-Last-10,0.0,
85769,Recency-Weighted,0.0,
85769,Essence (K=15),0.0,
85842,Random,0.0,
85842,Popularity,0.0,
85842,CF (ItemKNN),0.0,
85842,Content (Avg Emb),0.0,
85842,Last-Item,0.0,
85842,Avg-Last-10,0.0,
85842,Recency-Weighted,0.0,
85842,Essence (K=15),0.058823529411764705,
85971,Random,0.0,0.0
85971,Popularity,0.0,0.0
85971,CF (ItemKNN),0.0,0.0
85971,Content (Avg Emb),0.0,0.0
85971,Last-Item,0.0,0.0
85971,Avg-Last-10,0.0,0.0
85971,Recency-Weighted,0.0,0.0
85971,Essence (K=15),0.0,0.0
86006,Random,0.0,0.0
86006,Popularity,0.037037037037037035,0.0
86006,CF (ItemKNN),0.037037037037037035,0.0
86006,Content (Avg Emb),0.0,0.0
86006,Last-Item,0.0,0.0
86006,Avg-Last-10,0.0,0.0
86006,Recency-Weighted,0.0,0.0
86006,Essence (K=15),0.0,0.0
86309,Random,0.0,
86309,Popularity,0.125,
86309,CF (ItemKNN),0.125,
86309,Content (Avg Emb),0.0,
86309,Last-Item,0.0,
86309,Avg-Last-10,0.0,
86309,Recency-Weighted,0.0,
86309,Essence (K=15),0.0,
86522,Random,0.0,
86522,Popularity,0.0,
86522,CF (ItemKNN),0.0,
86522,Content (Avg Emb),0.0,
86522,Last-Item,0.0,
86522,Avg-Last-10,0.0,
86522,Recency-Weighted,0.0,
86522,Essence (K=15),0.0,
86819,Random,0.0,
86819,Popularity,0.0,
86819,CF (ItemKNN),0.0,
86819,Content (Avg Emb),0.0,
86819,Last-Item,0.0,
86819,Avg-Last-10,0.0,
86819,Recency-Weighted,0.0,
86819,Essence (K=15),0.0,
87023,Random,0.0,0.0
87023,Popularity,0.0,0.0
87023,CF (ItemKNN),0.0,0.0
87023,Content (Avg Emb),0.0,0.0
87023,Last-Item,0.0,0.0
87023,Avg-Last-10,0.07692307692307693,0.0
87023,Recency-Weighted,0.07692307692307693,0.0
87023,Essence (K=15),0.0,0.0
87049,Random,0.0,
87049,Popularity,0.09090909090909091,
87049,CF (ItemKNN),0.0,
87049,Content (Avg Emb),0.0,
87049,Last-Item,0.0,
87049,Avg-Last-10,0.0,
87049,Recency-Weighted,0.0,
87049,Essence (K=15),0.0,
87241,Random,0.0,0.0
87241,Popularity,0.0,0.0
87241,CF (ItemKNN),0.0,0.0
87241,Content (Avg Emb),0.0,0.0
87241,Last-Item,0.0,0.0
87241,Avg-Last-10,0.0,0.0
87241,Recency-Weighted,0.0,0.0
87241,Essence (K=15),0.0,0.0
87331,Random,0.0,0.0
87331,Popularity,0.0,0.0
87331,CF (ItemKNN),0.1,0.0
87331,Content (Avg Emb),0.05,0.0
87331,Last-Item,0.0,0.0
87331,Avg-Last-10,0.0,0.0
87331,Recency-Weighted,0.0,0.0
87331,Essence (K=15),0.0,0.0
87348,Random,0.0,0.0
87348,Popularity,0.0,0.0
87348,CF (ItemKNN),0.0,0.0
87348,Content (Avg Emb),0.0,0.0
87348,Last-Item,0.0,0.0
87348,Avg-Last-10,0.0,0.0
87348,Recency-Weighted,0.0,0.0
87348,Essence (K=15),0.0,0.0
87389,Random,0.0,0.0
87389,Popularity,0.0,0.0
87389,CF (ItemKNN),0.0,0.0
87389,Content (Avg Emb),0.0,0.0
87389,Last-Item,0.0,0.0
87389,Avg-Last-10,0.0,0.0
87389,Recency-Weighted,0.0,0.0
87389,Essence (K=15),0.0,0.0
87647,Random,0.0,0.0
87647,Popularity,0.0,0.0
87647,CF (ItemKNN),0.0,0.0
87647,Content (Avg Emb),0.0,0.0
87647,Last-Item,0.0,0.0
87647,Avg-Last-10,0.0,0.0
87647,Recency-Weighted,0.0,0.0
87647,Essence (K=15),0.0,0.0
87877,Random,0.0,
87877,Popularity,0.0,
87877,CF (ItemKNN),0.0,
87877,Content (Avg Emb),0.0,
87877,Last-Item,0.0,
87877,Avg-Last-10,0.0,
87877,Recency-Weighted,0.0,
87877,Essence (K=15),0.0,
87880,Random,0.0,
87880,Popularity,0.0,
87880,CF (ItemKNN),0.0,
87880,Content (Avg Emb),0.0,
87880,Last-Item,0.0,
87880,Avg-Last-10,0.0,
87880,Recency-Weighted,0.0,
87880,Essence (K=15),0.2,
88163,Random,0.0,
88163,Popularity,0.0,
88163,CF (ItemKNN),0.0,
88163,Content (Avg Emb),0.0,
88163,Last-Item,0.0,
88163,Avg-Last-10,0.0,
88163,Recency-Weighted,0.0,
88163,Essence (K=15),0.1,
88227,Random,0.0,0.0
88227,Popularity,0.05263157894736842,0.0
88227,CF (ItemKNN),0.0,0.0
88227,Content (Avg Emb),0.0,0.0
88227,Last-Item,0.0,0.0
88227,Avg-Last-10,0.0,0.0
88227,Recency-Weighted,0.0,0.0
88227,Essence (K=15),0.0,0.0
88236,Random,0.0,0.0
88236,Popularity,0.0,0.0
88236,CF (ItemKNN),0.0,0.0
88236,Content (Avg Emb),0.0,0.0
88236,Last-Item,0.0,0.0
88236,Avg-Last-10,0.0,0.0
88236,Recency-Weighted,0.0,0.0
88236,Essence (K=15),0.0,0.0
88461,Random,0.0,0.0
88461,Popularity,0.0,0.0
88461,CF (ItemKNN),0.0,0.0
88461,Content (Avg Emb),0.0,0.0
88461,Last-Item,0.0,0.0
88461,Avg-Last-10,0.0,0.0
88461,Recency-Weighted,0.0,0.0
88461,Essence (K=15),0.0,0.0
88544,Random,0.0,
88544,Popularity,0.09090909090909091,
88544,CF (ItemKNN),0.0,
88544,Content (Avg Emb),0.0,
88544,Last-Item,0.0,
88544,Avg-Last-10,0.0,
88544,Recency-Weighted,0.0,
88544,Essence (K=15),0.0,
88553,Random,0.0,
88553,Popularity,0.0,
88553,CF (ItemKNN),0.0,
88553,Content (Avg Emb),0.0,
88553,Last-Item,0.0,
88553,Avg-Last-10,0.0,
88553,Recency-Weighted,0.0,
88553,Essence (K=15),0.0,
88587,Random,0.0,
88587,Popularity,0.0,
88587,CF (ItemKNN),0.0,
88587,Content (Avg Emb),0.0,
88587,Last-Item,0.0,
88587,Avg-Last-10,0.06666666666666667,
88587,Recency-Weighted,0.0,
88587,Essence (K=15),0.13333333333333333,
88606,Random,0.0,
88606,Popularity,0.09090909090909091,
88606,CF (ItemKNN),0.045454545454545456,
88606,Content (Avg Emb),0.0,
88606,Last-Item,0.0,
88606,Avg-Last-10,0.0,
88606,Recency-Weighted,0.0,
88606,Essence (K=15),0.0,
88704,Random,0.0,
88704,Popularity,0.07692307692307693,
88704,CF (ItemKNN),0.07692307692307693,
88704,Content (Avg Emb),0.0,
88704,Last-Item,0.0,
88704,Avg-Last-10,0.0,
88704,Recency-Weighted,0.0,
88704,Essence (K=15),0.0,
88712,Random,0.0,
88712,Popularity,0.0,
88712,CF (ItemKNN),0.0,
88712,Content (Avg Emb),0.0,
88712,Last-Item,0.0,
88712,Avg-Last-10,0.0,
88712,Recency-Weighted,0.0,
88712,Essence (K=15),0.0,
88724,Random,0.0,0.0
88724,Popularity,0.04,0.0
88724,CF (ItemKNN),0.04,0.0
88724,Content (Avg Emb),0.0,0.0
88724,Last-Item,0.0,0.0
88724,Avg-Last-10,0.0,0.0
88724,Recency-Weighted,0.0,0.0
88724,Essence (K=15),0.04,0.0
88728,Random,0.0,
88728,Popularity,0.07692307692307693,
88728,CF (ItemKNN),0.07692307692307693,
88728,Content (Avg Emb),0.0,
88728,Last-Item,0.0,
88728,Avg-Last-10,0.0,
88728,Recency-Weighted,0.0,
88728,Essence (K=15),0.0,
88824,Random,0.0,
88824,Popularity,0.3333333333333333,
88824,CF (ItemKNN),0.2222222222222222,
88824,Content (Avg Emb),0.0,
88824,Last-Item,0.0,
88824,Avg-Last-10,0.0,
88824,Recency-Weighted,0.0,
88824,Essence (K=15),0.0,
88849,Random,0.0,
88849,Popularity,0.0,
88849,CF (ItemKNN),0.0,
88849,Content (Avg Emb),0.0,
88849,Last-Item,0.0,
88849,Avg-Last-10,0.0,
88849,Recency-Weighted,0.0,
88849,Essence (K=15),0.0,
88922,Random,0.0,0.0
88922,Popularity,0.0,0.0
88922,CF (ItemKNN),0.16666666666666666,0.0
88922,Content (Avg Emb),0.0,0.0
88922,Last-Item,0.0,0.0
88922,Avg-Last-10,0.0,0.0
88922,Recency-Weighted,0.0,0.0
88922,Essence (K=15),0.0,0.0
89181,Random,0.0,
89181,Popularity,0.0,
89181,CF (ItemKNN),0.16666666666666666,
89181,Content (Avg Emb),0.0,
89181,Last-Item,0.0,
89181,Avg-Last-10,0.0,
89181,Recency-Weighted,0.0,
89181,Essence (K=15),0.0,
89244,Random,0.0,0.0
89244,Popularity,0.047619047619047616,0.0
89244,CF (ItemKNN),0.047619047619047616,0.0
89244,Content (Avg Emb),0.0,0.0
89244,Last-Item,0.0,0.0
89244,Avg-Last-10,0.0,0.0
89244,Recency-Weighted,0.0,0.0
89244,Essence (K=15),0.0,0.0
89248,Random,0.0,
89248,Popularity,0.0,
89248,CF (ItemKNN),0.0,
89248,Content (Avg Emb),0.0,
89248,Last-Item,0.0,
89248,Avg-Last-10,0.0,
89248,Recency-Weighted,0.0,
89248,Essence (K=15),0.0,
89351,Random,0.0,0.0
89351,Popularity,0.16666666666666666,0.0
89351,CF (ItemKNN),0.16666666666666666,0.0
89351,Content (Avg Emb),0.0,0.0
89351,Last-Item,0.0,0.0
89351,Avg-Last-10,0.0,0.0
89351,Recency-Weighted,0.0,0.0
89351,Essence (K=15),0.0,0.0
89384,Random,0.0,0.0
89384,Popularity,0.0,0.0
89384,CF (ItemKNN),0.0,0.0
89384,Content (Avg Emb),0.0,0.0
89384,Last-Item,0.16666666666666666,1.0
89384,Avg-Last-10,0.0,0.0
89384,Recency-Weighted,0.0,0.0
89384,Essence (K=15),0.0,0.0
89556,Random,0.0,
89556,Popularity,0.0,
89556,CF (ItemKNN),0.0,
89556,Content (Avg Emb),0.0,
89556,Last-Item,0.0,
89556,Avg-Last-10,0.0,
89556,Recency-Weighted,0.0,
89556,Essence (K=15),0.0,
89571,Random,0.0,
89571,Popularity,0.2,
89571,CF (ItemKNN),0.2,
89571,Content (Avg Emb),0.0,
89571,Last-Item,0.0,
89571,Avg-Last-10,0.0,
89571,Recency-Weighted,0.0,
89571,Essence (K=15),0.0,
89632,Random,0.0,0.0
89632,Popularity,0.2,0.0
89632,CF (ItemKNN),0.0,0.0
89632,Content (Avg Emb),0.0,0.0
89632,Last-Item,0.0,0.0
89632,Avg-Last-10,0.0,0.0
89632,Recency-Weighted,0.0,0.0
89632,Essence (K=15),0.0,0.0
89702,Random,0.0,
89702,Popularity,0.0,
89702,CF (ItemKNN),0.1111111111111111,
89702,Content (Avg Emb),0.0,
89702,Last-Item,0.0,
89702,Avg-Last-10,0.0,
89702,Recency-Weighted,0.0,
89702,Essence (K=15),0.0,
89740,Random,0.0,
89740,Popularity,0.0,
89740,CF (ItemKNN),0.0,
89740,Content (Avg Emb),0.0,
89740,Last-Item,0.0,
89740,Avg-Last-10,0.0,
89740,Recency-Weighted,0.0,
89740,Essence (K=15),0.0,
89823,Random,0.0,0.0
89823,Popularity,0.0,0.0
89823,CF (ItemKNN),0.0,0.0
89823,Content (Avg Emb),0.0,0.0
89823,Last-Item,0.0,0.0
89823,Avg-Last-10,0.0,0.0
89823,Recency-Weighted,0.0,0.0
89823,Essence (K=15),0.0,0.0
90112,Random,0.0,
90112,Popularity,0.0,
90112,CF (ItemKNN),0.08333333333333333,
90112,Content (Avg Emb),0.0,
90112,Last-Item,0.0,
90112,Avg-Last-10,0.0,
90112,Recency-Weighted,0.0,
90112,Essence (K=15),0.0,
90336,Random,0.0,
90336,Popularity,0.0,
90336,CF (ItemKNN),0.0,
90336,Content (Avg Emb),0.0,
90336,Last-Item,0.0,
90336,Avg-Last-10,0.0,
90336,Recency-Weighted,0.0,
90336,Essence (K=15),0.0,
90436,Random,0.0,
90436,Popularity,0.0,
90436,CF (ItemKNN),0.0,
90436,Content (Avg Emb),0.0,
90436,Last-Item,0.0,
90436,Avg-Last-10,0.0,
90436,Recency-Weighted,0.0,
90436,Essence (K=15),0.0,
90522,Random,0.0,
90522,Popularity,0.05263157894736842,
90522,CF (ItemKNN),0.05263157894736842,
90522,Content (Avg Emb),0.0,
90522,Last-Item,0.05263157894736842,
90522,Avg-Last-10,0.0,
90522,Recency-Weighted,0.0,
90522,Essence (K=15),0.0,
90533,Random,0.0,
90533,Popularity,0.0,
90533,CF (ItemKNN),0.0,
90533,Content (Avg Emb),0.0,
90533,Last-Item,0.0,
90533,Avg-Last-10,0.0,
90533,Recency-Weighted,0.0,
90533,Essence (K=15),0.0,
90605,Random,0.0,0.0
90605,Popularity,0.0,0.0
90605,CF (ItemKNN),0.0,0.0
90605,Content (Avg Emb),0.0,0.0
90605,Last-Item,0.0,0.0
90605,Avg-Last-10,0.05555555555555555,0.0
90605,Recency-Weighted,0.05555555555555555,0.0
90605,Essence (K=15),0.05555555555555555,0.0
90677,Random,0.0,
90677,Popularity,0.2,
90677,CF (ItemKNN),0.6,
90677,Content (Avg Emb),0.0,
90677,Last-Item,0.0,
90677,Avg-Last-10,0.0,
90677,Recency-Weighted,0.0,
90677,Essence (K=15),0.0,
90745,Random,0.0,0.0
90745,Popularity,0.0,0.0
90745,CF (ItemKNN),0.0,0.0
90745,Content (Avg Emb),0.0,0.0
90745,Last-Item,0.0,0.0
90745,Avg-Last-10,0.0,0.0
90745,Recency-Weighted,0.0,0.0
90745,Essence (K=15),0.0,0.0
90781,Random,0.0,0.0
90781,Popularity,0.0,0.0
90781,CF (ItemKNN),0.10526315789473684,0.0
90781,Content (Avg Emb),0.0,0.0
90781,Last-Item,0.0,0.0
90781,Avg-Last-10,0.0,0.0
90781,Recency-Weighted,0.0,0.0
90781,Essence (K=15),0.0,0.0
90793,Random,0.0,0.0
90793,Popularity,0.0,0.0
90793,CF (ItemKNN),0.0,0.0
90793,Content (Avg Emb),0.0,0.0
90793,Last-Item,0.0,0.0
90793,Avg-Last-10,0.0,0.0
90793,Recency-Weighted,0.0,0.0
90793,Essence (K=15),0.0,0.0
90803,Random,0.0,
90803,Popularity,0.14285714285714285,
90803,CF (ItemKNN),0.14285714285714285,
90803,Content (Avg Emb),0.14285714285714285,
90803,Last-Item,0.0,
90803,Avg-Last-10,0.0,
90803,Recency-Weighted,0.0,
90803,Essence (K=15),0.0,
90835,Random,0.0,0.0
90835,Popularity,0.0,0.0
90835,CF (ItemKNN),0.0,0.0
90835,Content (Avg Emb),0.0,0.0
90835,Last-Item,0.0,0.0
90835,Avg-Last-10,0.0,0.0
90835,Recency-Weighted,0.0,0.0
90835,Essence (K=15),0.0,0.0
90880,Random,0.0,
90880,Popularity,0.25,
90880,CF (ItemKNN),0.25,
90880,Content (Avg Emb),0.0,
90880,Last-Item,0.0,
90880,Avg-Last-10,0.125,
90880,Recency-Weighted,0.0,
90880,Essence (K=15),0.0,
91011,Random,0.0,
91011,Popularity,0.0,
91011,CF (ItemKNN),0.06666666666666667,
91011,Content (Avg Emb),0.0,
91011,Last-Item,0.0,
91011,Avg-Last-10,0.0,
91011,Recency-Weighted,0.0,
91011,Essence (K=15),0.0,
91029,Random,0.0,
91029,Popularity,0.0,
91029,CF (ItemKNN),0.0,
91029,Content (Avg Emb),0.0,
91029,Last-Item,0.0,
91029,Avg-Last-10,0.0,
91029,Recency-Weighted,0.0,
91029,Essence (K=15),0.0,
91100,Random,0.0,
91100,Popularity,0.0,
91100,CF (ItemKNN),0.08333333333333333,
91100,Content (Avg Emb),0.0,
91100,Last-Item,0.0,
91100,Avg-Last-10,0.0,
91100,Recency-Weighted,0.0,
91100,Essence (K=15),0.0,
91179,Random,0.0,
91179,Popularity,0.0,
91179,CF (ItemKNN),0.0,
91179,Content (Avg Emb),0.0,
91179,Last-Item,0.0,
91179,Avg-Last-10,0.0,
91179,Recency-Weighted,0.0,
91179,Essence (K=15),0.0,
91211,Random,0.0,
91211,Popularity,0.0,
91211,CF (ItemKNN),0.2727272727272727,
91211,Content (Avg Emb),0.0,
91211,Last-Item,0.0,
91211,Avg-Last-10,0.0,
91211,Recency-Weighted,0.0,
91211,Essence (K=15),0.0,
91301,Random,0.0,
91301,Popularity,0.16666666666666666,
91301,CF (ItemKNN),0.0,
91301,Content (Avg Emb),0.0,
91301,Last-Item,0.0,
91301,Avg-Last-10,0.0,
91301,Recency-Weighted,0.0,
91301,Essence (K=15),0.0,
91408,Random,0.0,
91408,Popularity,0.0,
91408,CF (ItemKNN),0.0,
91408,Content (Avg Emb),0.0,
91408,Last-Item,0.0,
91408,Avg-Last-10,0.0,
91408,Recency-Weighted,0.0,
91408,Essence (K=15),0.0,
91612,Random,0.0,0.0
91612,Popularity,0.0,0.0
91612,CF (ItemKNN),0.25,0.5
91612,Content (Avg Emb),0.0,0.0
91612,Last-Item,0.0,0.0
91612,Avg-Last-10,0.0,0.0
91612,Recency-Weighted,0.0,0.0
91612,Essence (K=15),0.0,0.0
91676,Random,0.0,
91676,Popularity,0.3,
91676,CF (ItemKNN),0.2,
91676,Content (Avg Emb),0.0,
91676,Last-Item,0.0,
91676,Avg-Last-10,0.0,
91676,Recency-Weighted,0.0,
91676,Essence (K=15),0.0,
91691,Random,0.0,
91691,Popularity,0.0,
91691,CF (ItemKNN),0.5,
91691,Content (Avg Emb),0.0,
91691,Last-Item,0.0,
91691,Avg-Last-10,0.0,
91691,Recency-Weighted,0.0,
91691,Essence (K=15),0.0,
91941,Random,0.0,0.0
91941,Popularity,0.0,0.0
91941,CF (ItemKNN),0.0,0.0
91941,Content (Avg Emb),0.0,0.0
91941,Last-Item,0.0,0.0
91941,Avg-Last-10,0.0,0.0
91941,Recency-Weighted,0.0,0.0
91941,Essence (K=15),0.0,0.0
92101,Random,0.0,
92101,Popularity,0.0,
92101,CF (ItemKNN),0.0,
92101,Content (Avg Emb),0.0,
92101,Last-Item,0.0,
92101,Avg-Last-10,0.0,
92101,Recency-Weighted,0.0,
92101,Essence (K=15),0.0625,
92272,Random,0.0,
92272,Popularity,0.5555555555555556,
92272,CF (ItemKNN),0.5555555555555556,
92272,Content (Avg Emb),0.1111111111111111,
92272,Last-Item,0.0,
92272,Avg-Last-10,0.0,
92272,Recency-Weighted,0.0,
92272,Essence (K=15),0.0,
92328,Random,0.0,
92328,Popularity,0.1,
92328,CF (ItemKNN),0.2,
92328,Content (Avg Emb),0.0,
92328,Last-Item,0.0,
92328,Avg-Last-10,0.0,
92328,Recency-Weighted,0.0,
92328,Essence (K=15),0.0,
92358,Random,0.0,
92358,Popularity,0.0,
92358,CF (ItemKNN),0.0,
92358,Content (Avg Emb),0.0,
92358,Last-Item,0.0,
92358,Avg-Last-10,0.0,
92358,Recency-Weighted,0.0,
92358,Essence (K=15),0.0,
92608,Random,0.0,
92608,Popularity,0.0,
92608,CF (ItemKNN),0.0,
92608,Content (Avg Emb),0.06666666666666667,
92608,Last-Item,0.0,
92608,Avg-Last-10,0.0,
92608,Recency-Weighted,0.0,
92608,Essence (K=15),0.0,
92758,Random,0.0,
92758,Popularity,0.0,
92758,CF (ItemKNN),0.25,
92758,Content (Avg Emb),0.25,
92758,Last-Item,0.0,
92758,Avg-Last-10,0.25,
92758,Recency-Weighted,0.25,
92758,Essence (K=15),0.0,
92826,Random,0.0,0.0
92826,Popularity,0.0,0.0
92826,CF (ItemKNN),0.0,0.0
92826,Content (Avg Emb),0.0,0.0
92826,Last-Item,0.0,0.0
92826,Avg-Last-10,0.0,0.0
92826,Recency-Weighted,0.0,0.0
92826,Essence (K=15),0.0,0.0
92963,Random,0.0,
92963,Popularity,0.045454545454545456,
92963,CF (ItemKNN),0.045454545454545456,
92963,Content (Avg Emb),0.0,
92963,Last-Item,0.0,
92963,Avg-Last-10,0.0,
92963,Recency-Weighted,0.0,
92963,Essence (K=15),0.0,
93077,Random,0.0,0.0
93077,Popularity,0.0,0.0
93077,CF (ItemKNN),0.1875,0.0
93077,Content (Avg Emb),0.0,0.0
93077,Last-Item,0.0,0.0
93077,Avg-Last-10,0.0,0.0
93077,Recency-Weighted,0.0,0.0
93077,Essence (K=15),0.0,0.0
93288,Random,0.0,
93288,Popularity,0.0,
93288,CF (ItemKNN),0.0,
93288,Content (Avg Emb),0.0,
93288,Last-Item,0.0,
93288,Avg-Last-10,0.0,
93288,Recency-Weighted,0.0,
93288,Essence (K=15),0.0,
93317,Random,0.0,0.0
93317,Popularity,0.0,0.0
93317,CF (ItemKNN),0.0,0.0
93317,Content (Avg Emb),0.0,0.0
93317,Last-Item,0.0,0.0
93317,Avg-Last-10,0.0,0.0
93317,Recency-Weighted,0.0,0.0
93317,Essence (K=15),0.0,0.0
93532,Random,0.0,
93532,Popularity,0.07692307692307693,
93532,CF (ItemKNN),0.0,
93532,Content (Avg Emb),0.0,
93532,Last-Item,0.0,
93532,Avg-Last-10,0.0,
93532,Recency-Weighted,0.0,
93532,Essence (K=15),0.0,
93604,Random,0.0,
93604,Popularity,0.08333333333333333,
93604,CF (ItemKNN),0.16666666666666666,
93604,Content (Avg Emb),0.0,
93604,Last-Item,0.08333333333333333,
93604,Avg-Last-10,0.08333333333333333,
93604,Recency-Weighted,0.08333333333333333,
93604,Essence (K=15),0.0,
93622,Random,0.0,0.0
93622,Popularity,0.0,0.0
93622,CF (ItemKNN),0.0,0.0
93622,Content (Avg Emb),0.0,0.0
93622,Last-Item,0.0,0.0
93622,Avg-Last-10,0.0,0.0
93622,Recency-Weighted,0.0,0.0
93622,Essence (K=15),0.0,0.0
93716,Random,0.0,
93716,Popularity,0.0,
93716,CF (ItemKNN),0.0,
93716,Content (Avg Emb),0.0,
93716,Last-Item,0.0,
93716,Avg-Last-10,0.0,
93716,Recency-Weighted,0.0,
93716,Essence (K=15),0.2,
93911,Random,0.0,
93911,Popularity,0.21428571428571427,
93911,CF (ItemKNN),0.14285714285714285,
93911,Content (Avg Emb),0.07142857142857142,
93911,Last-Item,0.0,
93911,Avg-Last-10,0.0,
93911,Recency-Weighted,0.0,
93911,Essence (K=15),0.0,
94034,Random,0.0,
94034,Popularity,0.05263157894736842,
94034,CF (ItemKNN),0.3157894736842105,
94034,Content (Avg Emb),0.05263157894736842,
94034,Last-Item,0.0,
94034,Avg-Last-10,0.0,
94034,Recency-Weighted,0.0,
94034,Essence (K=15),0.0,
94585,Random,0.0,
94585,Popularity,0.3333333333333333,
94585,CF (ItemKNN),0.5,
94585,Content (Avg Emb),0.0,
94585,Last-Item,0.0,
94585,Avg-Last-10,0.0,
94585,Recency-Weighted,0.0,
94585,Essence (K=15),0.0,
94674,Random,0.0,
94674,Popularity,0.0,
94674,CF (ItemKNN),0.16666666666666666,
94674,Content (Avg Emb),0.0,
94674,Last-Item,0.0,
94674,Avg-Last-10,0.0,
94674,Recency-Weighted,0.0,
94674,Essence (K=15),0.0,
94676,Random,0.0,
94676,Popularity,0.0,
94676,CF (ItemKNN),0.0,
94676,Content (Avg Emb),0.0,
94676,Last-Item,0.0,
94676,Avg-Last-10,0.0,
94676,Recency-Weighted,0.0,
94676,Essence (K=15),0.0,
94692,Random,0.0,
94692,Popularity,0.25,
94692,CF (ItemKNN),0.0,
94692,Content (Avg Emb),0.0,
94692,Last-Item,0.0,
94692,Avg-Last-10,0.0,
94692,Recency-Weighted,0.0,
94692,Essence (K=15),0.0,
94767,Random,0.0,0.0
94767,Popularity,0.0,0.0
94767,CF (ItemKNN),0.06451612903225806,0.0
94767,Content (Avg Emb),0.0,0.0
94767,Last-Item,0.0,0.0
94767,Avg-Last-10,0.0,0.0
94767,Recency-Weighted,0.0,0.0
94767,Essence (K=15),0.0,0.0
94772,Random,0.0,0.0
94772,Popularity,0.0,0.0
94772,CF (ItemKNN),0.16666666666666666,0.0
94772,Content (Avg Emb),0.0,0.0
94772,Last-Item,0.0,0.0
94772,Avg-Last-10,0.0,0.0
94772,Recency-Weighted,0.0,0.0
94772,Essence (K=15),0.0,0.0
94909,Random,0.0,
94909,Popularity,0.25,
94909,CF (ItemKNN),0.25,
94909,Content (Avg Emb),0.0,
94909,Last-Item,0.0,
94909,Avg-Last-10,0.0,
94909,Recency-Weighted,0.0,
94909,Essence (K=15),0.0,
94965,Random,0.0,
94965,Popularity,0.07142857142857142,
94965,CF (ItemKNN),0.07142857142857142,
94965,Content (Avg Emb),0.0,
94965,Last-Item,0.0,
94965,Avg-Last-10,0.0,
94965,Recency-Weighted,0.0,
94965,Essence (K=15),0.0,
95215,Random,0.0,
95215,Popularity,0.0,
95215,CF (ItemKNN),0.0,
95215,Content (Avg Emb),0.0,
95215,Last-Item,0.0,
95215,Avg-Last-10,0.0,
95215,Recency-Weighted,0.0,
95215,Essence (K=15),0.0,
95260,Random,0.0,
95260,Popularity,0.0,
95260,CF (ItemKNN),0.0,
95260,Content (Avg Emb),0.0,
95260,Last-Item,0.0,
95260,Avg-Last-10,0.0,
95260,Recency-Weighted,0.0,
95260,Essence (K=15),0.0,
95635,Random,0.0,
95635,Popularity,0.0,
95635,CF (ItemKNN),0.0,
95635,Content (Avg Emb),0.0,
95635,Last-Item,0.0,
95635,Avg-Last-10,0.0,
95635,Recency-Weighted,0.0,
95635,Essence (K=15),0.0,
95793,Random,0.0,
95793,Popularity,0.0,
95793,CF (ItemKNN),0.0,
95793,Content (Avg Emb),0.0,
95793,Last-Item,0.0,
95793,Avg-Last-10,0.0,
95793,Recency-Weighted,0.0,
95793,Essence (K=15),0.0,
95892,Random,0.0,
95892,Popularity,0.0,
95892,CF (ItemKNN),0.0,
95892,Content (Avg Emb),0.0,
95892,Last-Item,0.0,
95892,Avg-Last-10,0.0,
95892,Recency-Weighted,0.0,
95892,Essence (K=15),0.0,
95949,Random,0.0,
95949,Popularity,0.0,
95949,CF (ItemKNN),0.0625,
95949,Content (Avg Emb),0.0,
95949,Last-Item,0.1875,
95949,Avg-Last-10,0.0,
95949,Recency-Weighted,0.0,
95949,Essence (K=15),0.0,
95970,Random,0.0,
95970,Popularity,0.0,
95970,CF (ItemKNN),0.1875,
95970,Content (Avg Emb),0.0,
95970,Last-Item,0.0,
95970,Avg-Last-10,0.0,
95970,Recency-Weighted,0.0,
95970,Essence (K=15),0.0,
96039,Random,0.0,
96039,Popularity,0.16666666666666666,
96039,CF (ItemKNN),0.3333333333333333,
96039,Content (Avg Emb),0.0,
96039,Last-Item,0.0,
96039,Avg-Last-10,0.0,
96039,Recency-Weighted,0.0,
96039,Essence (K=15),0.0,
96122,Random,0.0,
96122,Popularity,0.0,
96122,CF (ItemKNN),0.0,
96122,Content (Avg Emb),0.0,
96122,Last-Item,0.0,
96122,Avg-Last-10,0.0,
96122,Recency-Weighted,0.0,
96122,Essence (K=15),0.0,
96251,Random,0.0,
96251,Popularity,0.125,
96251,CF (ItemKNN),0.375,
96251,Content (Avg Emb),0.0,
96251,Last-Item,0.0,
96251,Avg-Last-10,0.0,
96251,Recency-Weighted,0.0,
96251,Essence (K=15),0.0,
96513,Random,0.0,
96513,Popularity,0.0,
96513,CF (ItemKNN),0.0,
96513,Content (Avg Emb),0.0,
96513,Last-Item,0.0,
96513,Avg-Last-10,0.0,
96513,Recency-Weighted,0.0,
96513,Essence (K=15),0.0,
96542,Random,0.0,
96542,Popularity,0.0,
96542,CF (ItemKNN),0.0,
96542,Content (Avg Emb),0.0,
96542,Last-Item,0.0,
96542,Avg-Last-10,0.0,
96542,Recency-Weighted,0.0,
96542,Essence (K=15),0.0,
96575,Random,0.0,
96575,Popularity,0.0,
96575,CF (ItemKNN),0.0,
96575,Content (Avg Emb),0.0,
96575,Last-Item,0.0,
96575,Avg-Last-10,0.0,
96575,Recency-Weighted,0.0,
96575,Essence (K=15),0.0,
96728,Random,0.0,0.0
96728,Popularity,0.0,0.0
96728,CF (ItemKNN),0.0,0.0
96728,Content (Avg Emb),0.0,0.0
96728,Last-Item,0.0,0.0
96728,Avg-Last-10,0.0,0.0
96728,Recency-Weighted,0.0,0.0
96728,Essence (K=15),0.0,0.0
96747,Random,0.0,
96747,Popularity,0.0,
96747,CF (ItemKNN),0.0,
96747,Content (Avg Emb),0.0,
96747,Last-Item,0.0,
96747,Avg-Last-10,0.0,
96747,Recency-Weighted,0.0,
96747,Essence (K=15),0.0,
96760,Random,0.0,0.0
96760,Popularity,0.058823529411764705,0.0
96760,CF (ItemKNN),0.058823529411764705,0.0
96760,Content (Avg Emb),0.11764705882352941,1.0
96760,Last-Item,0.0,0.0
96760,Avg-Last-10,0.0,0.0
96760,Recency-Weighted,0.058823529411764705,0.0
96760,Essence (K=15),0.058823529411764705,1.0
96878,Random,0.0,
96878,Popularity,0.0,
96878,CF (ItemKNN),0.08333333333333333,
96878,Content (Avg Emb),0.0,
96878,Last-Item,0.0,
96878,Avg-Last-10,0.0,
96878,Recency-Weighted,0.0,
96878,Essence (K=15),0.0,
96928,Random,0.0,0.0
96928,Popularity,0.0,0.0
96928,CF (ItemKNN),0.0,0.0
96928,Content (Avg Emb),0.0,0.0
96928,Last-Item,0.0,0.0
96928,Avg-Last-10,0.0,0.0
96928,Recency-Weighted,0.0,0.0
96928,Essence (K=15),0.0,0.0
96959,Random,0.0,
96959,Popularity,0.09090909090909091,
96959,CF (ItemKNN),0.09090909090909091,
96959,Content (Avg Emb),0.0,
96959,Last-Item,0.0,
96959,Avg-Last-10,0.0,
96959,Recency-Weighted,0.0,
96959,Essence (K=15),0.0,
97021,Random,0.0,
97021,Popularity,0.0,
97021,CF (ItemKNN),0.2,
97021,Content (Avg Emb),0.0,
97021,Last-Item,0.0,
97021,Avg-Last-10,0.0,
97021,Recency-Weighted,0.0,
97021,Essence (K=15),0.0,
97079,Random,0.0,0.0
97079,Popularity,0.0,0.0
97079,CF (ItemKNN),0.0,0.0
97079,Content (Avg Emb),0.0,0.0
97079,Last-Item,0.0,0.0
97079,Avg-Last-10,0.0,0.0
97079,Recency-Weighted,0.0,0.0
97079,Essence (K=15),0.0,0.0
97314,Random,0.0,
97314,Popularity,0.0,
97314,CF (ItemKNN),0.0,
97314,Content (Avg Emb),0.0,
97314,Last-Item,0.0,
97314,Avg-Last-10,0.0,
97314,Recency-Weighted,0.0,
97314,Essence (K=15),0.0,
97349,Random,0.0,
97349,Popularity,0.0,
97349,CF (ItemKNN),0.0,
97349,Content (Avg Emb),0.0,
97349,Last-Item,0.0,
97349,Avg-Last-10,0.0,
97349,Recency-Weighted,0.0,
97349,Essence (K=15),0.0,
97626,Random,0.0,0.0
97626,Popularity,0.0,0.0
97626,CF (ItemKNN),0.0,0.0
97626,Content (Avg Emb),0.0,0.0
97626,Last-Item,0.0,0.0
97626,Avg-Last-10,0.0,0.0
97626,Recency-Weighted,0.0,0.0
97626,Essence (K=15),0.0,0.0
97741,Random,0.0,0.0
97741,Popularity,0.0,0.0
97741,CF (ItemKNN),0.0,0.0
97741,Content (Avg Emb),0.0,0.0
97741,Last-Item,0.0,0.0
97741,Avg-Last-10,0.0,0.0
97741,Recency-Weighted,0.0,0.0
97741,Essence (K=15),0.0,0.0
97824,Random,0.0,0.0
97824,Popularity,0.0,0.0
97824,CF (ItemKNN),0.0,0.0
97824,Content (Avg Emb),0.0,0.0
97824,Last-Item,0.0,0.0
97824,Avg-Last-10,0.0,0.0
97824,Recency-Weighted,0.0,0.0
97824,Essence (K=15),0.0,0.0
97825,Random,0.0,0.0
97825,Popularity,0.0,0.0
97825,CF (ItemKNN),0.0,0.0
97825,Content (Avg Emb),0.09090909090909091,0.0
97825,Last-Item,0.09090909090909091,0.0
97825,Avg-Last-10,0.0,0.0
97825,Recency-Weighted,0.0,0.0
97825,Essence (K=15),0.0,0.0
97894,Random,0.0,
97894,Popularity,0.15384615384615385,
97894,CF (ItemKNN),0.15384615384615385,
97894,Content (Avg Emb),0.0,
97894,Last-Item,0.0,
97894,Avg-Last-10,0.0,
97894,Recency-Weighted,0.0,
97894,Essence (K=15),0.0,
98014,Random,0.0,
98014,Popularity,0.25,
98014,CF (ItemKNN),0.5,
98014,Content (Avg Emb),0.0,
98014,Last-Item,0.0,
98014,Avg-Last-10,0.25,
98014,Recency-Weighted,0.25,
98014,Essence (K=15),0.0,
98019,Random,0.0,
98019,Popularity,0.0,
98019,CF (ItemKNN),0.0,
98019,Content (Avg Emb),0.0,
98019,Last-Item,0.0,
98019,Avg-Last-10,0.0,
98019,Recency-Weighted,0.0,
98019,Essence (K=15),0.0,
98090,Random,0.0,
98090,Popularity,0.2222222222222222,
98090,CF (ItemKNN),0.4444444444444444,
98090,Content (Avg Emb),0.0,
98090,Last-Item,0.0,
98090,Avg-Last-10,0.0,
98090,Recency-Weighted,0.0,
98090,Essence (K=15),0.0,
98134,Random,0.0,
98134,Popularity,0.0,
98134,CF (ItemKNN),0.0,
98134,Content (Avg Emb),0.0,
98134,Last-Item,0.0,
98134,Avg-Last-10,0.0,
98134,Recency-Weighted,0.0,
98134,Essence (K=15),0.0,
98200,Random,0.0,
98200,Popularity,0.07142857142857142,
98200,CF (ItemKNN),0.07142857142857142,
98200,Content (Avg Emb),0.0,
98200,Last-Item,0.0,
98200,Avg-Last-10,0.0,
98200,Recency-Weighted,0.0,
98200,Essence (K=15),0.0,
98346,Random,0.0,
98346,Popularity,0.2,
98346,CF (ItemKNN),0.0,
98346,Content (Avg Emb),0.0,
98346,Last-Item,0.0,
98346,Avg-Last-10,0.0,
98346,Recency-Weighted,0.0,
98346,Essence (K=15),0.0,
98579,Random,0.0,
98579,Popularity,0.0,
98579,CF (ItemKNN),0.0,
98579,Content (Avg Emb),0.0,
98579,Last-Item,0.14285714285714285,
98579,Avg-Last-10,0.0,
98579,Recency-Weighted,0.0,
98579,Essence (K=15),0.0,
99018,Random,0.0,
99018,Popularity,0.0,
99018,CF (ItemKNN),0.0,
99018,Content (Avg Emb),0.0,
99018,Last-Item,0.23076923076923078,
99018,Avg-Last-10,0.07692307692307693,
99018,Recency-Weighted,0.15384615384615385,
99018,Essence (K=15),0.0,
99225,Random,0.0,0.0
99225,Popularity,0.0,0.0
99225,CF (ItemKNN),0.0,0.0
99225,Content (Avg Emb),0.0,0.0
99225,Last-Item,0.0,0.0
99225,Avg-Last-10,0.0,0.0
99225,Recency-Weighted,0.0,0.0
99225,Essence (K=15),0.0,0.0
99299,Random,0.0,
99299,Popularity,0.125,
99299,CF (ItemKNN),0.0,
99299,Content (Avg Emb),0.0,
99299,Last-Item,0.0,
99299,Avg-Last-10,0.0,
99299,Recency-Weighted,0.0,
99299,Essence (K=15),0.0,
99473,Random,0.0,
99473,Popularity,0.125,
99473,CF (ItemKNN),0.0,
99473,Content (Avg Emb),0.0,
99473,Last-Item,0.0,
99473,Avg-Last-10,0.0,
99473,Recency-Weighted,0.0,
99473,Essence (K=15),0.0,
99644,Random,0.0,
99644,Popularity,0.0,
99644,CF (ItemKNN),0.2,
99644,Content (Avg Emb),0.0,
99644,Last-Item,0.0,
99644,Avg-Last-10,0.0,
99644,Recency-Weighted,0.0,
99644,Essence (K=15),0.0,
99693,Random,0.0,0.0
99693,Popularity,0.125,0.0
99693,CF (ItemKNN),0.125,0.0
99693,Content (Avg Emb),0.0,0.0
99693,Last-Item,0.0,0.0
99693,Avg-Last-10,0.0,0.0
99693,Recency-Weighted,0.0,0.0
99693,Essence (K=15),0.0,0.0
99709,Random,0.0,
99709,Popularity,0.0,
99709,CF (ItemKNN),0.0,
99709,Content (Avg Emb),0.0,
99709,Last-Item,0.0,
99709,Avg-Last-10,0.0,
99709,Recency-Weighted,0.0,
99709,Essence (K=15),0.0,
99721,Random,0.0,0.0
99721,Popularity,0.0,0.0
99721,CF (ItemKNN),0.0,0.0
99721,Content (Avg Emb),0.0,0.0
99721,Last-Item,0.0,0.0
99721,Avg-Last-10,0.0,0.0
99721,Recency-Weighted,0.0,0.0
99721,Essence (K=15),0.1111111111111111,0.5
99768,Random,0.0,
99768,Popularity,0.2,
99768,CF (ItemKNN),0.0,
99768,Content (Avg Emb),0.0,
99768,Last-Item,0.0,
99768,Avg-Last-10,0.0,
99768,Recency-Weighted,0.0,
99768,Essence (K=15),0.0,
99845,Random,0.0,
99845,Popularity,0.0,
99845,CF (ItemKNN),0.0,
99845,Content (Avg Emb),0.0,
99845,Last-Item,0.0,
99845,Avg-Last-10,0.0,
99845,Recency-Weighted,0.0,
99845,Essence (K=15),0.0,
99876,Random,0.0,0.0
99876,Popularity,0.0,0.0
99876,CF (ItemKNN),0.2,0.0
99876,Content (Avg Emb),0.0,0.0
99876,Last-Item,0.0,0.0
99876,Avg-Last-10,0.0,0.0
99876,Recency-Weighted,0.0,0.0
99876,Essence (K=15),0.0,0.0
100128,Random,0.0,0.0
100128,Popularity,0.0,0.0
100128,CF (ItemKNN),0.0,0.0
100128,Content (Avg Emb),0.0,0.0
100128,Last-Item,0.0,0.0
100128,Avg-Last-10,0.0,0.0
100128,Recency-Weighted,0.0,0.0
100128,Essence (K=15),0.0,0.0
100143,Random,0.0,
100143,Popularity,0.25,
100143,CF (ItemKNN),0.25,
100143,Content (Avg Emb),0.0,
100143,Last-Item,0.0,
100143,Avg-Last-10,0.0,
100143,Recency-Weighted,0.0,
100143,Essence (K=15),0.0,
100172,Random,0.0,
100172,Popularity,0.2,
100172,CF (ItemKNN),0.8,
100172,Content (Avg Emb),0.0,
100172,Last-Item,0.4,
100172,Avg-Last-10,0.0,
100172,Recency-Weighted,0.0,
100172,Essence (K=15),0.0,
100240,Random,0.0,0.0
100240,Popularity,0.2857142857142857,0.0
100240,CF (ItemKNN),0.2857142857142857,0.0
100240,Content (Avg Emb),0.0,0.0
100240,Last-Item,0.0,0.0
100240,Avg-Last-10,0.0,0.0
100240,Recency-Weighted,0.0,0.0
100240,Essence (K=15),0.0,0.0
100262,Random,0.0,0.0
100262,Popularity,0.030303030303030304,0.0
100262,CF (ItemKNN),0.06060606060606061,0.0
100262,Content (Avg Emb),0.0,0.0
100262,Last-Item,0.0,0.0
100262,Avg-Last-10,0.0,0.0
100262,Recency-Weighted,0.0,0.0
100262,Essence (K=15),0.0,0.0
100381,Random,0.0,
100381,Popularity,0.0,
100381,CF (ItemKNN),0.0,
100381,Content (Avg Emb),0.0,
100381,Last-Item,0.0,
100381,Avg-Last-10,0.0,
100381,Recency-Weighted,0.0,
100381,Essence (K=15),0.0,
100538,Random,0.0,0.0
100538,Popularity,0.058823529411764705,0.0
100538,CF (ItemKNN),0.058823529411764705,0.0
100538,Content (Avg Emb),0.0,0.0
100538,Last-Item,0.0,0.0
100538,Avg-Last-10,0.0,0.0
100538,Recency-Weighted,0.0,0.0
100538,Essence (K=15),0.0,0.0
100606,Random,0.0,
100606,Popularity,0.0,
100606,CF (ItemKNN),0.0,
100606,Content (Avg Emb),0.0,
100606,Last-Item,0.0,
100606,Avg-Last-10,0.0,
100606,Recency-Weighted,0.0,
100606,Essence (K=15),0.0,
100778,Random,0.0,
100778,Popularity,0.0,
100778,CF (ItemKNN),0.0,
100778,Content (Avg Emb),0.0,
100778,Last-Item,0.0,
100778,Avg-Last-10,0.0,
100778,Recency-Weighted,0.0,
100778,Essence (K=15),0.0,
101252,Random,0.0,0.0
101252,Popularity,0.1,0.0
101252,CF (ItemKNN),0.1,0.0
101252,Content (Avg Emb),0.0,0.0
101252,Last-Item,0.0,0.0
101252,Avg-Last-10,0.0,0.0
101252,Recency-Weighted,0.0,0.0
101252,Essence (K=15),0.0,0.0
101271,Random,0.0,
101271,Popularity,0.0,
101271,CF (ItemKNN),0.0,
101271,Content (Avg Emb),0.058823529411764705,
101271,Last-Item,0.0,
101271,Avg-Last-10,0.0,
101271,Recency-Weighted,0.0,
101271,Essence (K=15),0.0,
101312,Random,0.0,0.0
101312,Popularity,0.0,0.0
101312,CF (ItemKNN),0.1111111111111111,0.0
101312,Content (Avg Emb),0.0,0.0
101312,Last-Item,0.0,0.0
101312,Avg-Last-10,0.0,0.0
101312,Recency-Weighted,0.0,0.0
101312,Essence (K=15),0.0,0.0
101578,Random,0.0,
101578,Popularity,0.125,
101578,CF (ItemKNN),0.25,
101578,Content (Avg Emb),0.0,
101578,Last-Item,0.0,
101578,Avg-Last-10,0.0,
101578,Recency-Weighted,0.0,
101578,Essence (K=15),0.0,
101762,Random,0.0,
101762,Popularity,0.038461538461538464,
101762,CF (ItemKNN),0.07692307692307693,
101762,Content (Avg Emb),0.0,
101762,Last-Item,0.038461538461538464,
101762,Avg-Last-10,0.0,
101762,Recency-Weighted,0.0,
101762,Essence (K=15),0.038461538461538464,
101884,Random,0.0,
101884,Popularity,0.0,
101884,CF (ItemKNN),0.0,
101884,Content (Avg Emb),0.0,
101884,Last-Item,0.0,
101884,Avg-Last-10,0.0,
101884,Recency-Weighted,0.0,
101884,Essence (K=15),0.0,
101906,Random,0.0,
101906,Popularity,0.0,
101906,CF (ItemKNN),0.0,
101906,Content (Avg Emb),0.0,
101906,Last-Item,0.0,
101906,Avg-Last-10,0.0,
101906,Recency-Weighted,0.0,
101906,Essence (K=15),0.0,
101934,Random,0.0,
101934,Popularity,0.0,
101934,CF (ItemKNN),0.25,
101934,Content (Avg Emb),0.0,
101934,Last-Item,0.0,
101934,Avg-Last-10,0.0,
101934,Recency-Weighted,0.0,
101934,Essence (K=15),0.0,
101957,Random,0.0,
101957,Popularity,0.0,
101957,CF (ItemKNN),0.0,
101957,Content (Avg Emb),0.0,
101957,Last-Item,0.0,
101957,Avg-Last-10,0.0,
101957,Recency-Weighted,0.0,
101957,Essence (K=15),0.0,
102113,Random,0.0,
102113,Popularity,0.0,
102113,CF (ItemKNN),0.0,
102113,Content (Avg Emb),0.16666666666666666,
102113,Last-Item,0.0,
102113,Avg-Last-10,0.16666666666666666,
102113,Recency-Weighted,0.0,
102113,Essence (K=15),0.0,
102150,Random,0.0,
102150,Popularity,0.23809523809523808,
102150,CF (ItemKNN),0.09523809523809523,
102150,Content (Avg Emb),0.047619047619047616,
102150,Last-Item,0.0,
102150,Avg-Last-10,0.047619047619047616,
102150,Recency-Weighted,0.047619047619047616,
102150,Essence (K=15),0.0,
102189,Random,0.0,
102189,Popularity,0.0,
102189,CF (ItemKNN),0.0,
102189,Content (Avg Emb),0.0,
102189,Last-Item,0.0,
102189,Avg-Last-10,0.0,
102189,Recency-Weighted,0.0,
102189,Essence (K=15),0.0,
102216,Random,0.0,0.0
102216,Popularity,0.0,0.0
102216,CF (ItemKNN),0.2,0.0
102216,Content (Avg Emb),0.0,0.0
102216,Last-Item,0.0,0.0
102216,Avg-Last-10,0.0,0.0
102216,Recency-Weighted,0.0,0.0
102216,Essence (K=15),0.0,0.0
102369,Random,0.0,
102369,Popularity,0.0,
102369,CF (ItemKNN),0.08333333333333333,
102369,Content (Avg Emb),0.0,
102369,Last-Item,0.0,
102369,Avg-Last-10,0.0,
102369,Recency-Weighted,0.0,
102369,Essence (K=15),0.0,
102428,Random,0.0,0.0
102428,Popularity,0.0,0.0
102428,CF (ItemKNN),0.0,0.0
102428,Content (Avg Emb),0.0,0.0
102428,Last-Item,0.0,0.0
102428,Avg-Last-10,0.0,0.0
102428,Recency-Weighted,0.0,0.0
102428,Essence (K=15),0.0,0.0
102514,Random,0.0,0.0
102514,Popularity,0.0,0.0
102514,CF (ItemKNN),0.0,0.0
102514,Content (Avg Emb),0.0,0.0
102514,Last-Item,0.0,0.0
102514,Avg-Last-10,0.0,0.0
102514,Recency-Weighted,0.0,0.0
102514,Essence (K=15),0.0,0.0
102533,Random,0.0,
102533,Popularity,0.14285714285714285,
102533,CF (ItemKNN),0.0,
102533,Content (Avg Emb),0.0,
102533,Last-Item,0.0,
102533,Avg-Last-10,0.0,
102533,Recency-Weighted,0.0,
102533,Essence (K=15),0.0,
102817,Random,0.0,0.0
102817,Popularity,0.0,0.0
102817,CF (ItemKNN),0.0,0.0
102817,Content (Avg Emb),0.0,0.0
102817,Last-Item,0.0,0.0
102817,Avg-Last-10,0.0,0.0
102817,Recency-Weighted,0.0,0.0
102817,Essence (K=15),0.0,0.0
102857,Random,0.0,
102857,Popularity,0.14285714285714285,
102857,CF (ItemKNN),0.2857142857142857,
102857,Content (Avg Emb),0.0,
102857,Last-Item,0.0,
102857,Avg-Last-10,0.0,
102857,Recency-Weighted,0.0,
102857,Essence (K=15),0.0,
102873,Random,0.0,0.0
102873,Popularity,0.0,0.0
102873,CF (ItemKNN),0.0,0.0
102873,Content (Avg Emb),0.0,0.0
102873,Last-Item,0.0,0.0
102873,Avg-Last-10,0.0,0.0
102873,Recency-Weighted,0.0,0.0
102873,Essence (K=15),0.0,0.0
102890,Random,0.058823529411764705,
102890,Popularity,0.0,
102890,CF (ItemKNN),0.058823529411764705,
102890,Content (Avg Emb),0.0,
102890,Last-Item,0.0,
102890,Avg-Last-10,0.0,
102890,Recency-Weighted,0.0,
102890,Essence (K=15),0.0,
103095,Random,0.0,
103095,Popularity,0.0,
103095,CF (ItemKNN),0.2,
103095,Content (Avg Emb),0.0,
103095,Last-Item,0.0,
103095,Avg-Last-10,0.0,
103095,Recency-Weighted,0.0,
103095,Essence (K=15),0.0,
103164,Random,0.0,0.0
103164,Popularity,0.0,0.0
103164,CF (ItemKNN),0.0,0.0
103164,Content (Avg Emb),0.0,0.0
103164,Last-Item,0.0,0.0
103164,Avg-Last-10,0.0,0.0
103164,Recency-Weighted,0.0,0.0
103164,Essence (K=15),0.0,0.0
103200,Random,0.0,
103200,Popularity,0.07142857142857142,
103200,CF (ItemKNN),0.07142857142857142,
103200,Content (Avg Emb),0.0,
103200,Last-Item,0.0,
103200,Avg-Last-10,0.0,
103200,Recency-Weighted,0.0,
103200,Essence (K=15),0.0,
103343,Random,0.0,
103343,Popularity,0.0,
103343,CF (ItemKNN),0.0,
103343,Content (Avg Emb),0.0,
103343,Last-Item,0.0,
103343,Avg-Last-10,0.0,
103343,Recency-Weighted,0.0,
103343,Essence (K=15),0.0,
103527,Random,0.0,0.0
103527,Popularity,0.0,0.0
103527,CF (ItemKNN),0.0,0.0
103527,Content (Avg Emb),0.0,0.0
103527,Last-Item,0.0,0.0
103527,Avg-Last-10,0.0,0.0
103527,Recency-Weighted,0.0,0.0
103527,Essence (K=15),0.0,0.0
103580,Random,0.0,0.0
103580,Popularity,0.0,0.0
103580,CF (ItemKNN),0.04,0.0
103580,Content (Avg Emb),0.0,0.0
103580,Last-Item,0.0,0.0
103580,Avg-Last-10,0.0,0.0
103580,Recency-Weighted,0.0,0.0
103580,Essence (K=15),0.0,0.0
103794,Random,0.0,
103794,Popularity,0.0,
103794,CF (ItemKNN),0.5,
103794,Content (Avg Emb),0.0,
103794,Last-Item,0.0,
103794,Avg-Last-10,0.0,
103794,Recency-Weighted,0.0,
103794,Essence (K=15),0.0,
103803,Random,0.0,0.0
103803,Popularity,0.1,0.0
103803,CF (ItemKNN),0.1,0.0
103803,Content (Avg Emb),0.0,0.0
103803,Last-Item,0.0,0.0
103803,Avg-Last-10,0.0,0.0
103803,Recency-Weighted,0.0,0.0
103803,Essence (K=15),0.0,0.0
104227,Random,0.0,
104227,Popularity,0.4,
104227,CF (ItemKNN),0.4,
104227,Content (Avg Emb),0.0,
104227,Last-Item,0.0,
104227,Avg-Last-10,0.0,
104227,Recency-Weighted,0.0,
104227,Essence (K=15),0.0,
104310,Random,0.0,
104310,Popularity,0.0,
104310,CF (ItemKNN),0.0,
104310,Content (Avg Emb),0.0,
104310,Last-Item,0.0,
104310,Avg-Last-10,0.0,
104310,Recency-Weighted,0.0,
104310,Essence (K=15),0.0,
104318,Random,0.0,
104318,Popularity,0.0,
104318,CF (ItemKNN),0.0,
104318,Content (Avg Emb),0.0,
104318,Last-Item,0.0,
104318,Avg-Last-10,0.0,
104318,Recency-Weighted,0.0,
104318,Essence (K=15),0.0,
104401,Random,0.0,
104401,Popularity,0.125,
104401,CF (ItemKNN),0.0,
104401,Content (Avg Emb),0.0,
104401,Last-Item,0.0,
104401,Avg-Last-10,0.0,
104401,Recency-Weighted,0.0,
104401,Essence (K=15),0.0,
104430,Random,0.0,
104430,Popularity,0.09090909090909091,
104430,CF (ItemKNN),0.2727272727272727,
104430,Content (Avg Emb),0.0,
104430,Last-Item,0.0,
104430,Avg-Last-10,0.0,
104430,Recency-Weighted,0.0,
104430,Essence (K=15),0.0,
104502,Random,0.0,0.0
104502,Popularity,0.0,0.0
104502,CF (ItemKNN),0.16666666666666666,0.0
104502,Content (Avg Emb),0.0,0.0
104502,Last-Item,0.0,0.0
104502,Avg-Last-10,0.0,0.0
104502,Recency-Weighted,0.0,0.0
104502,Essence (K=15),0.0,0.0
104532,Random,0.0,
104532,Popularity,0.2,
104532,CF (ItemKNN),0.0,
104532,Content (Avg Emb),0.0,
104532,Last-Item,0.0,
104532,Avg-Last-10,0.0,
104532,Recency-Weighted,0.0,
104532,Essence (K=15),0.0,
104549,Random,0.0,
104549,Popularity,0.0,
104549,CF (ItemKNN),0.0,
104549,Content (Avg Emb),0.0,
104549,Last-Item,0.0,
104549,Avg-Last-10,0.0,
104549,Recency-Weighted,0.0,
104549,Essence (K=15),0.0,
104692,Random,0.0,
104692,Popularity,0.0,
104692,CF (ItemKNN),0.0,
104692,Content (Avg Emb),0.0,
104692,Last-Item,0.0,
104692,Avg-Last-10,0.0,
104692,Recency-Weighted,0.0,
104692,Essence (K=15),0.0,
104775,Random,0.0,
104775,Popularity,0.07692307692307693,
104775,CF (ItemKNN),0.15384615384615385,
104775,Content (Avg Emb),0.0,
104775,Last-Item,0.0,
104775,Avg-Last-10,0.0,
104775,Recency-Weighted,0.0,
104775,Essence (K=15),0.0,
104911,Random,0.0,
104911,Popularity,0.0,
104911,CF (ItemKNN),0.0,
104911,Content (Avg Emb),0.0,
104911,Last-Item,0.0,
104911,Avg-Last-10,0.0,
104911,Recency-Weighted,0.0,
104911,Essence (K=15),0.0,
105078,Random,0.0,
105078,Popularity,0.0,
105078,CF (ItemKNN),0.0,
105078,Content (Avg Emb),0.0,
105078,Last-Item,0.0,
105078,Avg-Last-10,0.0,
105078,Recency-Weighted,0.0,
105078,Essence (K=15),0.0,
105150,Random,0.0,
105150,Popularity,0.0,
105150,CF (ItemKNN),0.07692307692307693,
105150,Content (Avg Emb),0.0,
105150,Last-Item,0.0,
105150,Avg-Last-10,0.0,
105150,Recency-Weighted,0.0,
105150,Essence (K=15),0.0,
105160,Random,0.0,
105160,Popularity,0.0,
105160,CF (ItemKNN),0.25,
105160,Content (Avg Emb),0.0,
105160,Last-Item,0.0,
105160,Avg-Last-10,0.0,
105160,Recency-Weighted,0.0,
105160,Essence (K=15),0.0,
105402,Random,0.0,0.0
105402,Popularity,0.0,0.0
105402,CF (ItemKNN),0.05555555555555555,0.0
105402,Content (Avg Emb),0.0,0.0
105402,Last-Item,0.0,0.0
105402,Avg-Last-10,0.0,0.0
105402,Recency-Weighted,0.0,0.0
105402,Essence (K=15),0.0,0.0
105485,Random,0.0,
105485,Popularity,0.0,
105485,CF (ItemKNN),0.0,
105485,Content (Avg Emb),0.0,
105485,Last-Item,0.0,
105485,Avg-Last-10,0.0,
105485,Recency-Weighted,0.0,
105485,Essence (K=15),0.0,
105524,Random,0.0,
105524,Popularity,0.0,
105524,CF (ItemKNN),0.0,
105524,Content (Avg Emb),0.0,
105524,Last-Item,0.0,
105524,Avg-Last-10,0.0,
105524,Recency-Weighted,0.0,
105524,Essence (K=15),0.0,
105687,Random,0.0,
105687,Popularity,0.0,
105687,CF (ItemKNN),0.0,
105687,Content (Avg Emb),0.0,
105687,Last-Item,0.0,
105687,Avg-Last-10,0.0,
105687,Recency-Weighted,0.0,
105687,Essence (K=15),0.0,
106034,Random,0.0,
106034,Popularity,0.05555555555555555,
106034,CF (ItemKNN),0.16666666666666666,
106034,Content (Avg Emb),0.0,
106034,Last-Item,0.0,
106034,Avg-Last-10,0.0,
106034,Recency-Weighted,0.0,
106034,Essence (K=15),0.05555555555555555,
106202,Random,0.0,0.0
106202,Popularity,0.0,0.0
106202,CF (ItemKNN),0.0,0.0
106202,Content (Avg Emb),0.0,0.0
106202,Last-Item,0.0,0.0
106202,Avg-Last-10,0.0,0.0
106202,Recency-Weighted,0.0,0.0
106202,Essence (K=15),0.0,0.0
106244,Random,0.0,
106244,Popularity,0.0,
106244,CF (ItemKNN),0.0,
106244,Content (Avg Emb),0.0,
106244,Last-Item,0.0,
106244,Avg-Last-10,0.0,
106244,Recency-Weighted,0.0,
106244,Essence (K=15),0.0,
106268,Random,0.0,
106268,Popularity,0.2,
106268,CF (ItemKNN),0.2,
106268,Content (Avg Emb),0.0,
106268,Last-Item,0.0,
106268,Avg-Last-10,0.0,
106268,Recency-Weighted,0.0,
106268,Essence (K=15),0.0,
106461,Random,0.0,
106461,Popularity,0.0,
106461,CF (ItemKNN),0.13333333333333333,
106461,Content (Avg Emb),0.0,
106461,Last-Item,0.0,
106461,Avg-Last-10,0.0,
106461,Recency-Weighted,0.0,
106461,Essence (K=15),0.0,
106490,Random,0.0,
106490,Popularity,0.0,
106490,CF (ItemKNN),0.375,
106490,Content (Avg Emb),0.0,
106490,Last-Item,0.0,
106490,Avg-Last-10,0.0,
106490,Recency-Weighted,0.0,
106490,Essence (K=15),0.0,
106544,Random,0.0,
106544,Popularity,0.0,
106544,CF (ItemKNN),0.0,
106544,Content (Avg Emb),0.0,
106544,Last-Item,0.0,
106544,Avg-Last-10,0.0,
106544,Recency-Weighted,0.0,
106544,Essence (K=15),0.0,
106748,Random,0.0,0.0
106748,Popularity,0.0,0.0
106748,CF (ItemKNN),0.0,0.0
106748,Content (Avg Emb),0.058823529411764705,0.0
106748,Last-Item,0.0,0.0
106748,Avg-Last-10,0.0,0.0
106748,Recency-Weighted,0.0,0.0
106748,Essence (K=15),0.0,0.0
106850,Random,0.0,
106850,Popularity,0.0,
106850,CF (ItemKNN),0.4,
106850,Content (Avg Emb),0.0,
106850,Last-Item,0.0,
106850,Avg-Last-10,0.0,
106850,Recency-Weighted,0.0,
106850,Essence (K=15),0.0,
106851,Random,0.0,0.0
106851,Popularity,0.0,0.0
106851,CF (ItemKNN),0.0,0.0
106851,Content (Avg Emb),0.0,0.0
106851,Last-Item,0.0,0.0
106851,Avg-Last-10,0.0,0.0
106851,Recency-Weighted,0.0,0.0
106851,Essence (K=15),0.0,0.0
106946,Random,0.0,
106946,Popularity,0.07142857142857142,
106946,CF (ItemKNN),0.07142857142857142,
106946,Content (Avg Emb),0.0,
106946,Last-Item,0.0,
106946,Avg-Last-10,0.0,
106946,Recency-Weighted,0.0,
106946,Essence (K=15),0.0,
107112,Random,0.0,
107112,Popularity,0.0,
107112,CF (ItemKNN),0.0,
107112,Content (Avg Emb),0.0,
107112,Last-Item,0.0,
107112,Avg-Last-10,0.0,
107112,Recency-Weighted,0.0,
107112,Essence (K=15),0.0,
107149,Random,0.0,
107149,Popularity,0.14285714285714285,
107149,CF (ItemKNN),0.42857142857142855,
107149,Content (Avg Emb),0.0,
107149,Last-Item,0.0,
107149,Avg-Last-10,0.0,
107149,Recency-Weighted,0.0,
107149,Essence (K=15),0.0,
107196,Random,0.0,
107196,Popularity,0.07692307692307693,
107196,CF (ItemKNN),0.07692307692307693,
107196,Content (Avg Emb),0.0,
107196,Last-Item,0.0,
107196,Avg-Last-10,0.0,
107196,Recency-Weighted,0.0,
107196,Essence (K=15),0.0,
107214,Random,0.0,0.0
107214,Popularity,0.0,0.0
107214,CF (ItemKNN),0.0,0.0
107214,Content (Avg Emb),0.0,0.0
107214,Last-Item,0.0,0.0
107214,Avg-Last-10,0.0,0.0
107214,Recency-Weighted,0.0,0.0
107214,Essence (K=15),0.0,0.0
107425,Random,0.0,
107425,Popularity,0.0,
107425,CF (ItemKNN),0.14285714285714285,
107425,Content (Avg Emb),0.0,
107425,Last-Item,0.0,
107425,Avg-Last-10,0.0,
107425,Recency-Weighted,0.0,
107425,Essence (K=15),0.0,
107504,Random,0.0,0.0
107504,Popularity,0.0,0.0
107504,CF (ItemKNN),0.125,0.0
107504,Content (Avg Emb),0.0,0.0
107504,Last-Item,0.0,0.0
107504,Avg-Last-10,0.0,0.0
107504,Recency-Weighted,0.0,0.0
107504,Essence (K=15),0.0,0.0
107632,Random,0.0,
107632,Popularity,0.0,
107632,CF (ItemKNN),0.18181818181818182,
107632,Content (Avg Emb),0.0,
107632,Last-Item,0.0,
107632,Avg-Last-10,0.0,
107632,Recency-Weighted,0.0,
107632,Essence (K=15),0.09090909090909091,
107672,Random,0.0,0.0
107672,Popularity,0.0,0.0
107672,CF (ItemKNN),0.09090909090909091,0.0
107672,Content (Avg Emb),0.0,0.0
107672,Last-Item,0.0,0.0
107672,Avg-Last-10,0.0,0.0
107672,Recency-Weighted,0.0,0.0
107672,Essence (K=15),0.0,0.0
107764,Random,0.0,
107764,Popularity,0.0,
107764,CF (ItemKNN),0.25,
107764,Content (Avg Emb),0.0,
107764,Last-Item,0.0,
107764,Avg-Last-10,0.0,
107764,Recency-Weighted,0.0,
107764,Essence (K=15),0.0,
108098,Random,0.0,
108098,Popularity,0.0,
108098,CF (ItemKNN),0.0,
108098,Content (Avg Emb),0.0,
108098,Last-Item,0.0,
108098,Avg-Last-10,0.0,
108098,Recency-Weighted,0.0,
108098,Essence (K=15),0.0,
108154,Random,0.0,
108154,Popularity,0.16666666666666666,
108154,CF (ItemKNN),0.25,
108154,Content (Avg Emb),0.0,
108154,Last-Item,0.0,
108154,Avg-Last-10,0.0,
108154,Recency-Weighted,0.0,
108154,Essence (K=15),0.0,
108254,Random,0.0,0.0
108254,Popularity,0.0,0.0
108254,CF (ItemKNN),0.0,0.0
108254,Content (Avg Emb),0.0,0.0
108254,Last-Item,0.0,0.0
108254,Avg-Last-10,0.0,0.0
108254,Recency-Weighted,0.0,0.0
108254,Essence (K=15),0.0,0.0
108359,Random,0.0,0.0
108359,Popularity,0.0,0.0
108359,CF (ItemKNN),0.0,0.0
108359,Content (Avg Emb),0.0,0.0
108359,Last-Item,0.0,0.0
108359,Avg-Last-10,0.0,0.0
108359,Recency-Weighted,0.0,0.0
108359,Essence (K=15),0.0,0.0
108382,Random,0.0,
108382,Popularity,0.0,
108382,CF (ItemKNN),0.0,
108382,Content (Avg Emb),0.0,
108382,Last-Item,0.0,
108382,Avg-Last-10,0.0,
108382,Recency-Weighted,0.0,
108382,Essence (K=15),0.0,
108412,Random,0.0,
108412,Popularity,0.0,
108412,CF (ItemKNN),0.0,
108412,Content (Avg Emb),0.0,
108412,Last-Item,0.3333333333333333,
108412,Avg-Last-10,0.0,
108412,Recency-Weighted,0.0,
108412,Essence (K=15),0.0,
108529,Random,0.0,
108529,Popularity,0.0,
108529,CF (ItemKNN),0.0,
108529,Content (Avg Emb),0.0,
108529,Last-Item,0.25,
108529,Avg-Last-10,0.0,
108529,Recency-Weighted,0.25,
108529,Essence (K=15),0.0,
108544,Random,0.0,
108544,Popularity,0.07692307692307693,
108544,CF (ItemKNN),0.15384615384615385,
108544,Content (Avg Emb),0.0,
108544,Last-Item,0.0,
108544,Avg-Last-10,0.0,
108544,Recency-Weighted,0.0,
108544,Essence (K=15),0.0,
108614,Random,0.0,0.0
108614,Popularity,0.0,0.0
108614,CF (ItemKNN),0.0,0.0
108614,Content (Avg Emb),0.0,0.0
108614,Last-Item,0.0,0.0
108614,Avg-Last-10,0.0,0.0
108614,Recency-Weighted,0.0,0.0
108614,Essence (K=15),0.0,0.0
108844,Random,0.0,
108844,Popularity,0.0,
108844,CF (ItemKNN),0.0,
108844,Content (Avg Emb),0.0,
108844,Last-Item,0.05555555555555555,
108844,Avg-Last-10,0.0,
108844,Recency-Weighted,0.05555555555555555,
108844,Essence (K=15),0.05555555555555555,
108961,Random,0.0,0.0
108961,Popularity,0.14285714285714285,0.0
108961,CF (ItemKNN),0.0,0.0
108961,Content (Avg Emb),0.0,0.0
108961,Last-Item,0.0,0.0
108961,Avg-Last-10,0.0,0.0
108961,Recency-Weighted,0.0,0.0
108961,Essence (K=15),0.0,0.0
108999,Random,0.0,
108999,Popularity,0.0,
108999,CF (ItemKNN),0.0,
108999,Content (Avg Emb),0.0,
108999,Last-Item,0.0,
108999,Avg-Last-10,0.05555555555555555,
108999,Recency-Weighted,0.0,
108999,Essence (K=15),0.0,
109044,Random,0.0,
109044,Popularity,0.08333333333333333,
109044,CF (ItemKNN),0.08333333333333333,
109044,Content (Avg Emb),0.0,
109044,Last-Item,0.08333333333333333,
109044,Avg-Last-10,0.0,
109044,Recency-Weighted,0.08333333333333333,
109044,Essence (K=15),0.08333333333333333,
109163,Random,0.0,0.0
109163,Popularity,0.13333333333333333,0.0
109163,CF (ItemKNN),0.13333333333333333,0.0
109163,Content (Avg Emb),0.0,0.0
109163,Last-Item,0.0,0.0
109163,Avg-Last-10,0.0,0.0
109163,Recency-Weighted,0.0,0.0
109163,Essence (K=15),0.0,0.0
109192,Random,0.0,
109192,Popularity,0.3333333333333333,
109192,CF (ItemKNN),0.3333333333333333,
109192,Content (Avg Emb),0.0,
109192,Last-Item,0.0,
109192,Avg-Last-10,0.0,
109192,Recency-Weighted,0.0,
109192,Essence (K=15),0.0,
109209,Random,0.0,
109209,Popularity,0.0,
109209,CF (ItemKNN),0.0,
109209,Content (Avg Emb),0.0,
109209,Last-Item,0.0,
109209,Avg-Last-10,0.0,
109209,Recency-Weighted,0.0,
109209,Essence (K=15),0.0,
109250,Random,0.0,
109250,Popularity,0.0,
109250,CF (ItemKNN),0.0,
109250,Content (Avg Emb),0.0,
109250,Last-Item,0.0,
109250,Avg-Last-10,0.0,
109250,Recency-Weighted,0.0,
109250,Essence (K=15),0.0,
109682,Random,0.0,
109682,Popularity,0.0,
109682,CF (ItemKNN),0.0,
109682,Content (Avg Emb),0.0,
109682,Last-Item,0.0,
109682,Avg-Last-10,0.0,
109682,Recency-Weighted,0.0,
109682,Essence (K=15),0.0,
109694,Random,0.0,
109694,Popularity,0.0,
109694,CF (ItemKNN),0.0,
109694,Content (Avg Emb),0.0,
109694,Last-Item,0.0,
109694,Avg-Last-10,0.0,
109694,Recency-Weighted,0.0,
109694,Essence (K=15),0.0,
109805,Random,0.0,
109805,Popularity,0.14285714285714285,
109805,CF (ItemKNN),0.14285714285714285,
109805,Content (Avg Emb),0.0,
109805,Last-Item,0.0,
109805,Avg-Last-10,0.07142857142857142,
109805,Recency-Weighted,0.07142857142857142,
109805,Essence (K=15),0.0,
109854,Random,0.0,0.0
109854,Popularity,0.08333333333333333,0.0
109854,CF (ItemKNN),0.041666666666666664,0.0
109854,Content (Avg Emb),0.0,0.0
109854,Last-Item,0.0,0.0
109854,Avg-Last-10,0.0,0.0
109854,Recency-Weighted,0.0,0.0
109854,Essence (K=15),0.0,0.0
109912,Random,0.0,0.0
109912,Popularity,0.0,0.0
109912,CF (ItemKNN),0.0,0.0
109912,Content (Avg Emb),0.0,0.0
109912,Last-Item,0.0,0.0
109912,Avg-Last-10,0.0,0.0
109912,Recency-Weighted,0.0,0.0
109912,Essence (K=15),0.0,0.0
110015,Random,0.0,
110015,Popularity,0.0,
110015,CF (ItemKNN),0.0,
110015,Content (Avg Emb),0.0,
110015,Last-Item,0.0,
110015,Avg-Last-10,0.0,
110015,Recency-Weighted,0.0,
110015,Essence (K=15),0.0,
110033,Random,0.0,
110033,Popularity,0.0,
110033,CF (ItemKNN),0.0,
110033,Content (Avg Emb),0.0,
110033,Last-Item,0.0,
110033,Avg-Last-10,0.0,
110033,Recency-Weighted,0.0,
110033,Essence (K=15),0.0,
110107,Random,0.0,
110107,Popularity,0.1111111111111111,
110107,CF (ItemKNN),0.1111111111111111,
110107,Content (Avg Emb),0.0,
110107,Last-Item,0.0,
110107,Avg-Last-10,0.0,
110107,Recency-Weighted,0.0,
110107,Essence (K=15),0.0,
110189,Random,0.0,0.0
110189,Popularity,0.0,0.0
110189,CF (ItemKNN),0.0,0.0
110189,Content (Avg Emb),0.0,0.0
110189,Last-Item,0.0,0.0
110189,Avg-Last-10,0.0,0.0
110189,Recency-Weighted,0.0,0.0
110189,Essence (K=15),0.0,0.0
110225,Random,0.0,
110225,Popularity,0.0,
110225,CF (ItemKNN),0.0,
110225,Content (Avg Emb),0.0,
110225,Last-Item,0.0,
110225,Avg-Last-10,0.0,
110225,Recency-Weighted,0.0,
110225,Essence (K=15),0.0,
110235,Random,0.0,
110235,Popularity,0.14285714285714285,
110235,CF (ItemKNN),0.21428571428571427,
110235,Content (Avg Emb),0.0,
110235,Last-Item,0.0,
110235,Avg-Last-10,0.0,
110235,Recency-Weighted,0.0,
110235,Essence (K=15),0.0,
110284,Random,0.0,
110284,Popularity,0.058823529411764705,
110284,CF (ItemKNN),0.11764705882352941,
110284,Content (Avg Emb),0.0,
110284,Last-Item,0.0,
110284,Avg-Last-10,0.0,
110284,Recency-Weighted,0.0,
110284,Essence (K=15),0.0,
110306,Random,0.0,
110306,Popularity,0.0,
110306,CF (ItemKNN),0.0,
110306,Content (Avg Emb),0.0,
110306,Last-Item,0.0,
110306,Avg-Last-10,0.0,
110306,Recency-Weighted,0.0,
110306,Essence (K=15),0.0,
110589,Random,0.0,0.0
110589,Popularity,0.0,0.0
110589,CF (ItemKNN),0.0,0.0
110589,Content (Avg Emb),0.0,0.0
110589,Last-Item,0.0,0.0
110589,Avg-Last-10,0.045454545454545456,0.0
110589,Recency-Weighted,0.045454545454545456,0.0
110589,Essence (K=15),0.0,0.0
110660,Random,0.0,
110660,Popularity,0.0,
110660,CF (ItemKNN),0.0,
110660,Content (Avg Emb),0.0,
110660,Last-Item,0.0,
110660,Avg-Last-10,0.0,
110660,Recency-Weighted,0.0,
110660,Essence (K=15),0.0,
110665,Random,0.0,0.0
110665,Popularity,0.0,0.0
110665,CF (ItemKNN),0.0,0.0
110665,Content (Avg Emb),0.0,0.0
110665,Last-Item,0.0,0.0
110665,Avg-Last-10,0.0,0.0
110665,Recency-Weighted,0.0,0.0
110665,Essence (K=15),0.0,0.0
110921,Random,0.0,
110921,Popularity,0.42857142857142855,
110921,CF (ItemKNN),0.42857142857142855,
110921,Content (Avg Emb),0.0,
110921,Last-Item,0.0,
110921,Avg-Last-10,0.0,
110921,Recency-Weighted,0.0,
110921,Essence (K=15),0.0,
111063,Random,0.0,
111063,Popularity,0.0,
111063,CF (ItemKNN),0.0,
111063,Content (Avg Emb),0.0,
111063,Last-Item,0.0,
111063,Avg-Last-10,0.0,
111063,Recency-Weighted,0.0,
111063,Essence (K=15),0.0,
111241,Random,0.0,
111241,Popularity,0.0,
111241,CF (ItemKNN),0.0,
111241,Content (Avg Emb),0.0,
111241,Last-Item,0.0,
111241,Avg-Last-10,0.0,
111241,Recency-Weighted,0.0,
111241,Essence (K=15),0.0,
111305,Random,0.0,
111305,Popularity,0.0,
111305,CF (ItemKNN),0.15,
111305,Content (Avg Emb),0.1,
111305,Last-Item,0.0,
111305,Avg-Last-10,0.05,
111305,Recency-Weighted,0.0,
111305,Essence (K=15),0.0,
111406,Random,0.0,
111406,Popularity,0.0,
111406,CF (ItemKNN),0.14285714285714285,
111406,Content (Avg Emb),0.0,
111406,Last-Item,0.0,
111406,Avg-Last-10,0.0,
111406,Recency-Weighted,0.0,
111406,Essence (K=15),0.0,
111410,Random,0.0,
111410,Popularity,0.0,
111410,CF (ItemKNN),0.0,
111410,Content (Avg Emb),0.0,
111410,Last-Item,0.2857142857142857,
111410,Avg-Last-10,0.0,
111410,Recency-Weighted,0.0,
111410,Essence (K=15),0.0,
111478,Random,0.0,
111478,Popularity,0.1,
111478,CF (ItemKNN),0.1,
111478,Content (Avg Emb),0.0,
111478,Last-Item,0.0,
111478,Avg-Last-10,0.0,
111478,Recency-Weighted,0.0,
111478,Essence (K=15),0.0,
111919,Random,0.0,
111919,Popularity,0.5,
111919,CF (ItemKNN),0.5,
111919,Content (Avg Emb),0.0,
111919,Last-Item,0.0,
111919,Avg-Last-10,0.0,
111919,Recency-Weighted,0.0,
111919,Essence (K=15),0.0,
112118,Random,0.0,
112118,Popularity,0.0,
112118,CF (ItemKNN),0.2,
112118,Content (Avg Emb),0.0,
112118,Last-Item,0.0,
112118,Avg-Last-10,0.0,
112118,Recency-Weighted,0.0,
112118,Essence (K=15),0.0,
112133,Random,0.0,
112133,Popularity,0.09090909090909091,
112133,CF (ItemKNN),0.0,
112133,Content (Avg Emb),0.0,
112133,Last-Item,0.0,
112133,Avg-Last-10,0.0,
112133,Recency-Weighted,0.0,
112133,Essence (K=15),0.0,
112173,Random,0.0,
112173,Popularity,0.0,
112173,CF (ItemKNN),0.0,
112173,Content (Avg Emb),0.0,
112173,Last-Item,0.0,
112173,Avg-Last-10,0.0,
112173,Recency-Weighted,0.0,
112173,Essence (K=15),0.0,
112351,Random,0.0,0.0
112351,Popularity,0.0,0.0
112351,CF (ItemKNN),0.0,0.0
112351,Content (Avg Emb),0.0,0.0
112351,Last-Item,0.0,0.0
112351,Avg-Last-10,0.0,0.0
112351,Recency-Weighted,0.0,0.0
112351,Essence (K=15),0.0,0.0
112552,Random,0.0,0.0
112552,Popularity,0.0,0.0
112552,CF (ItemKNN),0.1111111111111111,0.0
112552,Content (Avg Emb),0.0,0.0
112552,Last-Item,0.0,0.0
112552,Avg-Last-10,0.0,0.0
112552,Recency-Weighted,0.0,0.0
112552,Essence (K=15),0.0,0.0
112573,Random,0.0,
112573,Popularity,0.0,
112573,CF (ItemKNN),0.0,
112573,Content (Avg Emb),0.0,
112573,Last-Item,0.0,
112573,Avg-Last-10,0.0,
112573,Recency-Weighted,0.0,
112573,Essence (K=15),0.0,
112606,Random,0.0,0.0
112606,Popularity,0.0,0.0
112606,CF (ItemKNN),0.0,0.0
112606,Content (Avg Emb),0.0,0.0
112606,Last-Item,0.0,0.0
112606,Avg-Last-10,0.0,0.0
112606,Recency-Weighted,0.0,0.0
112606,Essence (K=15),0.0,0.0
112775,Random,0.0,
112775,Popularity,0.0,
112775,CF (ItemKNN),0.0,
112775,Content (Avg Emb),0.0,
112775,Last-Item,0.0,
112775,Avg-Last-10,0.0,
112775,Recency-Weighted,0.14285714285714285,
112775,Essence (K=15),0.14285714285714285,
112903,Random,0.0,
112903,Popularity,0.125,
112903,CF (ItemKNN),0.125,
112903,Content (Avg Emb),0.0,
112903,Last-Item,0.0,
112903,Avg-Last-10,0.0,
112903,Recency-Weighted,0.0,
112903,Essence (K=15),0.0,
112964,Random,0.0,0.0
112964,Popularity,0.0,0.0
112964,CF (ItemKNN),0.0,0.0
112964,Content (Avg Emb),0.0,0.0
112964,Last-Item,0.0,0.0
112964,Avg-Last-10,0.0,0.0
112964,Recency-Weighted,0.0,0.0
112964,Essence (K=15),0.0,0.0
113048,Random,0.0,0.0
113048,Popularity,0.0,0.0
113048,CF (ItemKNN),0.0,0.0
113048,Content (Avg Emb),0.0,0.0
113048,Last-Item,0.0,0.0
113048,Avg-Last-10,0.0,0.0
113048,Recency-Weighted,0.0,0.0
113048,Essence (K=15),0.0,0.0
113073,Random,0.0,
113073,Popularity,0.0,
113073,CF (ItemKNN),0.2,
113073,Content (Avg Emb),0.0,
113073,Last-Item,0.0,
113073,Avg-Last-10,0.0,
113073,Recency-Weighted,0.0,
113073,Essence (K=15),0.0,
113093,Random,0.0,
113093,Popularity,0.25,
113093,CF (ItemKNN),0.25,
113093,Content (Avg Emb),0.0,
113093,Last-Item,0.0,
113093,Avg-Last-10,0.0,
113093,Recency-Weighted,0.0,
113093,Essence (K=15),0.0,
113183,Random,0.0,0.0
113183,Popularity,0.1111111111111111,0.0
113183,CF (ItemKNN),0.0,0.0
113183,Content (Avg Emb),0.0,0.0
113183,Last-Item,0.0,0.0
113183,Avg-Last-10,0.0,0.0
113183,Recency-Weighted,0.0,0.0
113183,Essence (K=15),0.0,0.0
113269,Random,0.0,0.0
113269,Popularity,0.0625,0.0
113269,CF (ItemKNN),0.0625,0.0
113269,Content (Avg Emb),0.0,0.0
113269,Last-Item,0.0,0.0
113269,Avg-Last-10,0.0,0.0
113269,Recency-Weighted,0.0,0.0
113269,Essence (K=15),0.0,0.0
113520,Random,0.0,
113520,Popularity,0.0,
113520,CF (ItemKNN),0.0,
113520,Content (Avg Emb),0.0,
113520,Last-Item,0.0,
113520,Avg-Last-10,0.0,
113520,Recency-Weighted,0.0,
113520,Essence (K=15),0.0,
113524,Random,0.0,
113524,Popularity,0.5,
113524,CF (ItemKNN),0.0,
113524,Content (Avg Emb),0.0,
113524,Last-Item,0.0,
113524,Avg-Last-10,0.0,
113524,Recency-Weighted,0.0,
113524,Essence (K=15),0.0,
113572,Random,0.0,
113572,Popularity,0.0,
113572,CF (ItemKNN),0.0,
113572,Content (Avg Emb),0.0,
113572,Last-Item,0.0,
113572,Avg-Last-10,0.0,
113572,Recency-Weighted,0.0,
113572,Essence (K=15),0.0,
113573,Random,0.0,0.0
113573,Popularity,0.0,0.0
113573,CF (ItemKNN),0.0,0.0
113573,Content (Avg Emb),0.0,0.0
113573,Last-Item,0.0,0.0
113573,Avg-Last-10,0.0,0.0
113573,Recency-Weighted,0.0,0.0
113573,Essence (K=15),0.0,0.0
113638,Random,0.0,
113638,Popularity,0.0,
113638,CF (ItemKNN),0.0,
113638,Content (Avg Emb),0.0,
113638,Last-Item,0.0,
113638,Avg-Last-10,0.0,
113638,Recency-Weighted,0.0,
113638,Essence (K=15),0.0,
114079,Random,0.0,
114079,Popularity,0.0,
114079,CF (ItemKNN),0.0,
114079,Content (Avg Emb),0.0,
114079,Last-Item,0.0,
114079,Avg-Last-10,0.0,
114079,Recency-Weighted,0.0,
114079,Essence (K=15),0.0,
114131,Random,0.0,
114131,Popularity,0.0,
114131,CF (ItemKNN),0.0,
114131,Content (Avg Emb),0.2,
114131,Last-Item,0.2,
114131,Avg-Last-10,0.2,
114131,Recency-Weighted,0.2,
114131,Essence (K=15),0.0,
114387,Random,0.0,0.0
114387,Popularity,0.0,0.0
114387,CF (ItemKNN),0.0,0.0
114387,Content (Avg Emb),0.0,0.0
114387,Last-Item,0.06666666666666667,0.0
114387,Avg-Last-10,0.0,0.0
114387,Recency-Weighted,0.0,0.0
114387,Essence (K=15),0.0,0.0
114462,Random,0.0,
114462,Popularity,0.058823529411764705,
114462,CF (ItemKNN),0.17647058823529413,
114462,Content (Avg Emb),0.0,
114462,Last-Item,0.0,
114462,Avg-Last-10,0.0,
114462,Recency-Weighted,0.0,
114462,Essence (K=15),0.0,
114540,Random,0.0,
114540,Popularity,0.0,
114540,CF (ItemKNN),0.0,
114540,Content (Avg Emb),0.0,
114540,Last-Item,0.0,
114540,Avg-Last-10,0.0,
114540,Recency-Weighted,0.0,
114540,Essence (K=15),0.0,
114562,Random,0.0,
114562,Popularity,0.0,
114562,CF (ItemKNN),0.0,
114562,Content (Avg Emb),0.0,
114562,Last-Item,0.0,
114562,Avg-Last-10,0.0,
114562,Recency-Weighted,0.0,
114562,Essence (K=15),0.0,
114675,Random,0.0,
114675,Popularity,0.0,
114675,CF (ItemKNN),0.05555555555555555,
114675,Content (Avg Emb),0.0,
114675,Last-Item,0.0,
114675,Avg-Last-10,0.0,
114675,Recency-Weighted,0.0,
114675,Essence (K=15),0.0,
114677,Random,0.0,
114677,Popularity,0.0,
114677,CF (ItemKNN),0.0,
114677,Content (Avg Emb),0.0,
114677,Last-Item,0.0,
114677,Avg-Last-10,0.0,
114677,Recency-Weighted,0.0,
114677,Essence (K=15),0.0,
114711,Random,0.0,0.0
114711,Popularity,0.05263157894736842,0.0
114711,CF (ItemKNN),0.05263157894736842,0.0
114711,Content (Avg Emb),0.0,0.0
114711,Last-Item,0.05263157894736842,0.0
114711,Avg-Last-10,0.0,0.0
114711,Recency-Weighted,0.0,0.0
114711,Essence (K=15),0.0,0.0
114728,Random,0.0,
114728,Popularity,0.0,
114728,CF (ItemKNN),0.25,
114728,Content (Avg Emb),0.0,
114728,Last-Item,0.0,
114728,Avg-Last-10,0.0,
114728,Recency-Weighted,0.0,
114728,Essence (K=15),0.0,
114828,Random,0.0,
114828,Popularity,0.0,
114828,CF (ItemKNN),0.3333333333333333,
114828,Content (Avg Emb),0.0,
114828,Last-Item,0.0,
114828,Avg-Last-10,0.0,
114828,Recency-Weighted,0.0,
114828,Essence (K=15),0.0,
114846,Random,0.0,0.0
114846,Popularity,0.05263157894736842,0.0
114846,CF (ItemKNN),0.05263157894736842,0.0
114846,Content (Avg Emb),0.0,0.0
114846,Last-Item,0.0,0.0
114846,Avg-Last-10,0.0,0.0
114846,Recency-Weighted,0.0,0.0
114846,Essence (K=15),0.0,0.0
115035,Random,0.0,0.0
115035,Popularity,0.0,0.0
115035,CF (ItemKNN),0.0,0.0
115035,Content (Avg Emb),0.0,0.0
115035,Last-Item,0.0,0.0
115035,Avg-Last-10,0.0,0.0
115035,Recency-Weighted,0.0,0.0
115035,Essence (K=15),0.0,0.0
115078,Random,0.0,
115078,Popularity,0.0,
115078,CF (ItemKNN),0.0,
115078,Content (Avg Emb),0.0,
115078,Last-Item,0.25,
115078,Avg-Last-10,0.0,
115078,Recency-Weighted,0.0,
115078,Essence (K=15),0.0,
115297,Random,0.0,
115297,Popularity,0.0,
115297,CF (ItemKNN),0.0,
115297,Content (Avg Emb),0.0,
115297,Last-Item,0.14285714285714285,
115297,Avg-Last-10,0.14285714285714285,
115297,Recency-Weighted,0.14285714285714285,
115297,Essence (K=15),0.0,
115312,Random,0.0,
115312,Popularity,0.14285714285714285,
115312,CF (ItemKNN),0.14285714285714285,
115312,Content (Avg Emb),0.0,
115312,Last-Item,0.0,
115312,Avg-Last-10,0.0,
115312,Recency-Weighted,0.0,
115312,Essence (K=15),0.0,
115326,Random,0.0,
115326,Popularity,0.0,
115326,CF (ItemKNN),0.0,
115326,Content (Avg Emb),0.0,
115326,Last-Item,0.0,
115326,Avg-Last-10,0.0,
115326,Recency-Weighted,0.0,
115326,Essence (K=15),0.0,
115334,Random,0.0,0.0
115334,Popularity,0.0,0.0
115334,CF (ItemKNN),0.08333333333333333,0.0
115334,Content (Avg Emb),0.0,0.0
115334,Last-Item,0.0,0.0
115334,Avg-Last-10,0.0,0.0
115334,Recency-Weighted,0.0,0.0
115334,Essence (K=15),0.0,0.0
115411,Random,0.0,
115411,Popularity,0.0,
115411,CF (ItemKNN),0.0,
115411,Content (Avg Emb),0.0,
115411,Last-Item,0.42857142857142855,
115411,Avg-Last-10,0.0,
115411,Recency-Weighted,0.0,
115411,Essence (K=15),0.0,
115585,Random,0.0,0.0
115585,Popularity,0.3,0.0
115585,CF (ItemKNN),0.1,0.0
115585,Content (Avg Emb),0.0,0.0
115585,Last-Item,0.0,0.0
115585,Avg-Last-10,0.0,0.0
115585,Recency-Weighted,0.0,0.0
115585,Essence (K=15),0.0,0.0
115603,Random,0.0,0.0
115603,Popularity,0.16666666666666666,0.0
115603,CF (ItemKNN),0.0,0.0
115603,Content (Avg Emb),0.0,0.0
115603,Last-Item,0.0,0.0
115603,Avg-Last-10,0.0,0.0
115603,Recency-Weighted,0.0,0.0
115603,Essence (K=15),0.0,0.0
115693,Random,0.0,
115693,Popularity,0.07692307692307693,
115693,CF (ItemKNN),0.15384615384615385,
115693,Content (Avg Emb),0.0,
115693,Last-Item,0.0,
115693,Avg-Last-10,0.0,
115693,Recency-Weighted,0.0,
115693,Essence (K=15),0.0,
115750,Random,0.0,
115750,Popularity,0.125,
115750,CF (ItemKNN),0.125,
115750,Content (Avg Emb),0.0,
115750,Last-Item,0.0,
115750,Avg-Last-10,0.0,
115750,Recency-Weighted,0.0,
115750,Essence (K=15),0.0,
115859,Random,0.0,
115859,Popularity,0.0,
115859,CF (ItemKNN),0.0,
115859,Content (Avg Emb),0.0,
115859,Last-Item,0.0,
115859,Avg-Last-10,0.0,
115859,Recency-Weighted,0.0,
115859,Essence (K=15),0.0,
115996,Random,0.0,0.0
115996,Popularity,0.0,0.0
115996,CF (ItemKNN),0.11764705882352941,0.0
115996,Content (Avg Emb),0.0,0.0
115996,Last-Item,0.0,0.0
115996,Avg-Last-10,0.0,0.0
115996,Recency-Weighted,0.0,0.0
115996,Essence (K=15),0.0,0.0
116045,Random,0.0,
116045,Popularity,0.0,
116045,CF (ItemKNN),0.0,
116045,Content (Avg Emb),0.0,
116045,Last-Item,0.0,
116045,Avg-Last-10,0.0,
116045,Recency-Weighted,0.0,
116045,Essence (K=15),0.0,
116269,Random,0.0,
116269,Popularity,0.0,
116269,CF (ItemKNN),0.0,
116269,Content (Avg Emb),0.0,
116269,Last-Item,0.0,
116269,Avg-Last-10,0.0,
116269,Recency-Weighted,0.0,
116269,Essence (K=15),0.0,
116331,Random,0.0,
116331,Popularity,0.2727272727272727,
116331,CF (ItemKNN),0.2727272727272727,
116331,Content (Avg Emb),0.0,
116331,Last-Item,0.0,
116331,Avg-Last-10,0.0,
116331,Recency-Weighted,0.0,
116331,Essence (K=15),0.0,
116454,Random,0.0,
116454,Popularity,0.2,
116454,CF (ItemKNN),0.4,
116454,Content (Avg Emb),0.0,
116454,Last-Item,0.0,
116454,Avg-Last-10,0.0,
116454,Recency-Weighted,0.0,
116454,Essence (K=15),0.0,
117291,Random,0.0,
117291,Popularity,0.0,
117291,CF (ItemKNN),0.0,
117291,Content (Avg Emb),0.0,
117291,Last-Item,0.0,
117291,Avg-Last-10,0.0,
117291,Recency-Weighted,0.0,
117291,Essence (K=15),0.0,
117810,Random,0.0,
117810,Popularity,0.0,
117810,CF (ItemKNN),0.0,
117810,Content (Avg Emb),0.0,
117810,Last-Item,0.0,
117810,Avg-Last-10,0.0,
117810,Recency-Weighted,0.0,
117810,Essence (K=15),0.0,
117836,Random,0.0,
117836,Popularity,0.0,
117836,CF (ItemKNN),0.0,
117836,Content (Avg Emb),0.0,
117836,Last-Item,0.0,
117836,Avg-Last-10,0.0,
117836,Recency-Weighted,0.0,
117836,Essence (K=15),0.0,
117899,Random,0.1,
117899,Popularity,0.1,
117899,CF (ItemKNN),0.2,
117899,Content (Avg Emb),0.0,
117899,Last-Item,0.0,
117899,Avg-Last-10,0.0,
117899,Recency-Weighted,0.0,
117899,Essence (K=15),0.0,
118066,Random,0.0,
118066,Popularity,0.08333333333333333,
118066,CF (ItemKNN),0.25,
118066,Content (Avg Emb),0.0,
118066,Last-Item,0.0,
118066,Avg-Last-10,0.0,
118066,Recency-Weighted,0.0,
118066,Essence (K=15),0.0,
118113,Random,0.0,
118113,Popularity,0.0,
118113,CF (ItemKNN),0.25,
118113,Content (Avg Emb),0.0,
118113,Last-Item,0.0,
118113,Avg-Last-10,0.0,
118113,Recency-Weighted,0.0,
118113,Essence (K=15),0.0,
118184,Random,0.0,0.0
118184,Popularity,0.0,0.0
118184,CF (ItemKNN),0.034482758620689655,0.0
118184,Content (Avg Emb),0.0,0.0
118184,Last-Item,0.0,0.0
118184,Avg-Last-10,0.0,0.0
118184,Recency-Weighted,0.0,0.0
118184,Essence (K=15),0.0,0.0
118191,Random,0.0,0.0
118191,Popularity,0.0,0.0
118191,CF (ItemKNN),0.0,0.0
118191,Content (Avg Emb),0.0,0.0
118191,Last-Item,0.125,0.0
118191,Avg-Last-10,0.125,0.0
118191,Recency-Weighted,0.0,0.0
118191,Essence (K=15),0.125,0.0
118241,Random,0.0,
118241,Popularity,0.18181818181818182,
118241,CF (ItemKNN),0.2727272727272727,
118241,Content (Avg Emb),0.0,
118241,Last-Item,0.18181818181818182,
118241,Avg-Last-10,0.0,
118241,Recency-Weighted,0.0,
118241,Essence (K=15),0.0,
118336,Random,0.0,
118336,Popularity,0.0,
118336,CF (ItemKNN),0.0,
118336,Content (Avg Emb),0.2,
118336,Last-Item,0.0,
118336,Avg-Last-10,0.0,
118336,Recency-Weighted,0.0,
118336,Essence (K=15),0.0,
118406,Random,0.0,
118406,Popularity,0.0,
118406,CF (ItemKNN),0.2,
118406,Content (Avg Emb),0.0,
118406,Last-Item,0.0,
118406,Avg-Last-10,0.0,
118406,Recency-Weighted,0.0,
118406,Essence (K=15),0.0,
118418,Random,0.0,
118418,Popularity,0.0,
118418,CF (ItemKNN),0.0,
118418,Content (Avg Emb),0.0,
118418,Last-Item,0.0,
118418,Avg-Last-10,0.08333333333333333,
118418,Recency-Weighted,0.08333333333333333,
118418,Essence (K=15),0.08333333333333333,
118470,Random,0.0,0.0
118470,Popularity,0.07692307692307693,0.0
118470,CF (ItemKNN),0.07692307692307693,0.0
118470,Content (Avg Emb),0.0,0.0
118470,Last-Item,0.0,0.0
118470,Avg-Last-10,0.0,0.0
118470,Recency-Weighted,0.0,0.0
118470,Essence (K=15),0.0,0.0
118574,Random,0.0,
118574,Popularity,0.0,
118574,CF (ItemKNN),0.0,
118574,Content (Avg Emb),0.0,
118574,Last-Item,0.14285714285714285,
118574,Avg-Last-10,0.0,
118574,Recency-Weighted,0.0,
118574,Essence (K=15),0.0,
118608,Random,0.0,
118608,Popularity,0.0,
118608,CF (ItemKNN),0.0,
118608,Content (Avg Emb),0.0,
118608,Last-Item,0.0,
118608,Avg-Last-10,0.0,
118608,Recency-Weighted,0.0,
118608,Essence (K=15),0.0,
118672,Random,0.0,0.0
118672,Popularity,0.0,0.0
118672,CF (ItemKNN),0.0,0.0
118672,Content (Avg Emb),0.0,0.0
118672,Last-Item,0.0,0.0
118672,Avg-Last-10,0.0,0.0
118672,Recency-Weighted,0.0,0.0
118672,Essence (K=15),0.0,0.0
118804,Random,0.0,0.0
118804,Popularity,0.03333333333333333,0.0
118804,CF (ItemKNN),0.03333333333333333,0.0
118804,Content (Avg Emb),0.0,0.0
118804,Last-Item,0.03333333333333333,0.0
118804,Avg-Last-10,0.0,0.0
118804,Recency-Weighted,0.0,0.0
118804,Essence (K=15),0.0,0.0
119023,Random,0.0,
119023,Popularity,0.0,
119023,CF (ItemKNN),0.0,
119023,Content (Avg Emb),0.0,
119023,Last-Item,0.0,
119023,Avg-Last-10,0.0,
119023,Recency-Weighted,0.0,
119023,Essence (K=15),0.0,
119159,Random,0.0,
119159,Popularity,0.0,
119159,CF (ItemKNN),0.0,
119159,Content (Avg Emb),0.0,
119159,Last-Item,0.0,
119159,Avg-Last-10,0.0,
119159,Recency-Weighted,0.0,
119159,Essence (K=15),0.0,
119219,Random,0.0,
119219,Popularity,0.0,
119219,CF (ItemKNN),0.0,
119219,Content (Avg Emb),0.0,
119219,Last-Item,0.0,
119219,Avg-Last-10,0.0,
119219,Recency-Weighted,0.2,
119219,Essence (K=15),0.0,
119460,Random,0.0,
119460,Popularity,0.0,
119460,CF (ItemKNN),0.0,
119460,Content (Avg Emb),0.0,
119460,Last-Item,0.0,
119460,Avg-Last-10,0.0,
119460,Recency-Weighted,0.0,
119460,Essence (K=15),0.0,
119549,Random,0.0,0.0
119549,Popularity,0.0,0.0
119549,CF (ItemKNN),0.06666666666666667,0.0
119549,Content (Avg Emb),0.0,0.0
119549,Last-Item,0.0,0.0
119549,Avg-Last-10,0.0,0.0
119549,Recency-Weighted,0.0,0.0
119549,Essence (K=15),0.0,0.0
119807,Random,0.0,0.0
119807,Popularity,0.0625,0.0
119807,CF (ItemKNN),0.0,0.0
119807,Content (Avg Emb),0.0625,1.0
119807,Last-Item,0.0,0.0
119807,Avg-Last-10,0.0,0.0
119807,Recency-Weighted,0.0,0.0
119807,Essence (K=15),0.0,0.0
119857,Random,0.0,
119857,Popularity,0.0,
119857,CF (ItemKNN),0.0,
119857,Content (Avg Emb),0.0,
119857,Last-Item,0.0,
119857,Avg-Last-10,0.0,
119857,Recency-Weighted,0.0,
119857,Essence (K=15),0.0,
119944,Random,0.0,
119944,Popularity,0.0,
119944,CF (ItemKNN),0.0,
119944,Content (Avg Emb),0.0,
119944,Last-Item,0.0,
119944,Avg-Last-10,0.0,
119944,Recency-Weighted,0.0,
119944,Essence (K=15),0.0,
119953,Random,0.0,
119953,Popularity,0.0,
119953,CF (ItemKNN),0.0,
119953,Content (Avg Emb),0.0,
119953,Last-Item,0.0,
119953,Avg-Last-10,0.0,
119953,Recency-Weighted,0.0,
119953,Essence (K=15),0.0,
120083,Random,0.0,
120083,Popularity,0.14285714285714285,
120083,CF (ItemKNN),0.0,
120083,Content (Avg Emb),0.0,
120083,Last-Item,0.0,
120083,Avg-Last-10,0.0,
120083,Recency-Weighted,0.0,
120083,Essence (K=15),0.0,
120171,Random,0.0,
120171,Popularity,0.14285714285714285,
120171,CF (ItemKNN),0.14285714285714285,
120171,Content (Avg Emb),0.0,
120171,Last-Item,0.0,
120171,Avg-Last-10,0.0,
120171,Recency-Weighted,0.0,
120171,Essence (K=15),0.0,
120255,Random,0.0,0.0
120255,Popularity,0.0,0.0
120255,CF (ItemKNN),0.0,0.0
120255,Content (Avg Emb),0.0,0.0
120255,Last-Item,0.0,0.0
120255,Avg-Last-10,0.0,0.0
120255,Recency-Weighted,0.0,0.0
120255,Essence (K=15),0.0,0.0
120386,Random,0.0,
120386,Popularity,0.0,
120386,CF (ItemKNN),0.0,
120386,Content (Avg Emb),0.0,
120386,Last-Item,0.0,
120386,Avg-Last-10,0.0,
120386,Recency-Weighted,0.0,
120386,Essence (K=15),0.0,
120468,Random,0.0,
120468,Popularity,0.0,
120468,CF (ItemKNN),0.0,
120468,Content (Avg Emb),0.0,
120468,Last-Item,0.0,
120468,Avg-Last-10,0.0,
120468,Recency-Weighted,0.0,
120468,Essence (K=15),0.0,
120701,Random,0.0,
120701,Popularity,0.0,
120701,CF (ItemKNN),0.0,
120701,Content (Avg Emb),0.0,
120701,Last-Item,0.0,
120701,Avg-Last-10,0.0,
120701,Recency-Weighted,0.0,
120701,Essence (K=15),0.0,
120836,Random,0.0,0.0
120836,Popularity,0.0,0.0
120836,CF (ItemKNN),0.0,0.0
120836,Content (Avg Emb),0.0,0.0
120836,Last-Item,0.0,0.0
120836,Avg-Last-10,0.0,0.0
120836,Recency-Weighted,0.0,0.0
120836,Essence (K=15),0.0,0.0
120905,Random,0.0,
120905,Popularity,0.2,
120905,CF (ItemKNN),0.2,
120905,Content (Avg Emb),0.0,
120905,Last-Item,0.0,
120905,Avg-Last-10,0.0,
120905,Recency-Weighted,0.0,
120905,Essence (K=15),0.0,
121054,Random,0.0,
121054,Popularity,0.0,
121054,CF (ItemKNN),0.0,
121054,Content (Avg Emb),0.0,
121054,Last-Item,0.0,
121054,Avg-Last-10,0.0,
121054,Recency-Weighted,0.0,
121054,Essence (K=15),0.0,
121133,Random,0.0,
121133,Popularity,0.0,
121133,CF (ItemKNN),0.2,
121133,Content (Avg Emb),0.0,
121133,Last-Item,0.0,
121133,Avg-Last-10,0.0,
121133,Recency-Weighted,0.0,
121133,Essence (K=15),0.0,
121147,Random,0.0,
121147,Popularity,0.0,
121147,CF (ItemKNN),0.0,
121147,Content (Avg Emb),0.0,
121147,Last-Item,0.0,
121147,Avg-Last-10,0.0,
121147,Recency-Weighted,0.0,
121147,Essence (K=15),0.0,
121223,Random,0.0,
121223,Popularity,0.0,
121223,CF (ItemKNN),0.0,
121223,Content (Avg Emb),0.0,
121223,Last-Item,0.0,
121223,Avg-Last-10,0.0,
121223,Recency-Weighted,0.0,
121223,Essence (K=15),0.0,
121468,Random,0.0,0.0
121468,Popularity,0.0,0.0
121468,CF (ItemKNN),0.0,0.0
121468,Content (Avg Emb),0.0,0.0
121468,Last-Item,0.0,0.0
121468,Avg-Last-10,0.0,0.0
121468,Recency-Weighted,0.0,0.0
121468,Essence (K=15),0.0,0.0
121713,Random,0.0,
121713,Popularity,0.0,
121713,CF (ItemKNN),0.0,
121713,Content (Avg Emb),0.0,
121713,Last-Item,0.0,
121713,Avg-Last-10,0.0,
121713,Recency-Weighted,0.0,
121713,Essence (K=15),0.0,
121797,Random,0.0,
121797,Popularity,0.0,
121797,CF (ItemKNN),0.0,
121797,Content (Avg Emb),0.0,
121797,Last-Item,0.09090909090909091,
121797,Avg-Last-10,0.0,
121797,Recency-Weighted,0.0,
121797,Essence (K=15),0.0,
121891,Random,0.0,0.0
121891,Popularity,0.0,0.0
121891,CF (ItemKNN),0.11764705882352941,0.0
121891,Content (Avg Emb),0.0,0.0
121891,Last-Item,0.0,0.0
121891,Avg-Last-10,0.0,0.0
121891,Recency-Weighted,0.0,0.0
121891,Essence (K=15),0.0,0.0
121940,Random,0.0,0.0
121940,Popularity,0.0,0.0
121940,CF (ItemKNN),0.0,0.0
121940,Content (Avg Emb),0.0,0.0
121940,Last-Item,0.0,0.0
121940,Avg-Last-10,0.0,0.0
121940,Recency-Weighted,0.09090909090909091,0.0
121940,Essence (K=15),0.0,0.0
122009,Random,0.0,
122009,Popularity,0.0,
122009,CF (ItemKNN),0.0,
122009,Content (Avg Emb),0.0,
122009,Last-Item,0.0,
122009,Avg-Last-10,0.0,
122009,Recency-Weighted,0.0,
122009,Essence (K=15),0.0,
122094,Random,0.0,0.0
122094,Popularity,0.375,0.0
122094,CF (ItemKNN),0.5,0.0
122094,Content (Avg Emb),0.0,0.0
122094,Last-Item,0.0,0.0
122094,Avg-Last-10,0.0,0.0
122094,Recency-Weighted,0.0,0.0
122094,Essence (K=15),0.0,0.0
122216,Random,0.0,
122216,Popularity,0.0,
122216,CF (ItemKNN),0.14285714285714285,
122216,Content (Avg Emb),0.0,
122216,Last-Item,0.0,
122216,Avg-Last-10,0.0,
122216,Recency-Weighted,0.0,
122216,Essence (K=15),0.0,
122295,Random,0.0,0.0
122295,Popularity,0.0,0.0
122295,CF (ItemKNN),0.0,0.0
122295,Content (Avg Emb),0.0,0.0
122295,Last-Item,0.0,0.0
122295,Avg-Last-10,0.0,0.0
122295,Recency-Weighted,0.0,0.0
122295,Essence (K=15),0.0,0.0
122455,Random,0.0,
122455,Popularity,0.0,
122455,CF (ItemKNN),0.06666666666666667,
122455,Content (Avg Emb),0.06666666666666667,
122455,Last-Item,0.0,
122455,Avg-Last-10,0.0,
122455,Recency-Weighted,0.0,
122455,Essence (K=15),0.0,
122509,Random,0.0,
122509,Popularity,0.0,
122509,CF (ItemKNN),0.125,
122509,Content (Avg Emb),0.125,
122509,Last-Item,0.0,
122509,Avg-Last-10,0.25,
122509,Recency-Weighted,0.25,
122509,Essence (K=15),0.125,
122541,Random,0.0,0.0
122541,Popularity,0.0,0.0
122541,CF (ItemKNN),0.0,0.0
122541,Content (Avg Emb),0.0,0.0
122541,Last-Item,0.05263157894736842,0.0
122541,Avg-Last-10,0.0,0.0
122541,Recency-Weighted,0.0,0.0
122541,Essence (K=15),0.0,0.0
122662,Random,0.0,0.0
122662,Popularity,0.05555555555555555,0.0
122662,CF (ItemKNN),0.05555555555555555,0.0
122662,Content (Avg Emb),0.0,0.0
122662,Last-Item,0.0,0.0
122662,Avg-Last-10,0.0,0.0
122662,Recency-Weighted,0.0,0.0
122662,Essence (K=15),0.0,0.0
122722,Random,0.0,
122722,Popularity,0.0,
122722,CF (ItemKNN),0.0,
122722,Content (Avg Emb),0.0,
122722,Last-Item,0.0,
122722,Avg-Last-10,0.0,
122722,Recency-Weighted,0.0,
122722,Essence (K=15),0.0,
122768,Random,0.0,
122768,Popularity,0.5,
122768,CF (ItemKNN),0.25,
122768,Content (Avg Emb),0.0,
122768,Last-Item,0.0,
122768,Avg-Last-10,0.0,
122768,Recency-Weighted,0.0,
122768,Essence (K=15),0.0,
122797,Random,0.0,
122797,Popularity,0.0,
122797,CF (ItemKNN),0.25,
122797,Content (Avg Emb),0.0,
122797,Last-Item,0.0,
122797,Avg-Last-10,0.0,
122797,Recency-Weighted,0.0,
122797,Essence (K=15),0.0,
122835,Random,0.0,
122835,Popularity,0.0,
122835,CF (ItemKNN),0.0,
122835,Content (Avg Emb),0.0,
122835,Last-Item,0.0,
122835,Avg-Last-10,0.0,
122835,Recency-Weighted,0.0,
122835,Essence (K=15),0.0,
122915,Random,0.0,
122915,Popularity,0.0,
122915,CF (ItemKNN),0.0,
122915,Content (Avg Emb),0.0,
122915,Last-Item,0.0,
122915,Avg-Last-10,0.0,
122915,Recency-Weighted,0.0,
122915,Essence (K=15),0.0,
122998,Random,0.0,0.0
122998,Popularity,0.0,0.0
122998,CF (ItemKNN),0.0,0.0
122998,Content (Avg Emb),0.0,0.0
122998,Last-Item,0.0,0.0
122998,Avg-Last-10,0.0,0.0
122998,Recency-Weighted,0.0,0.0
122998,Essence (K=15),0.0,0.0
123004,Random,0.0,0.0
123004,Popularity,0.0,0.0
123004,CF (ItemKNN),0.0,0.0
123004,Content (Avg Emb),0.0,0.0
123004,Last-Item,0.0,0.0
123004,Avg-Last-10,0.0,0.0
123004,Recency-Weighted,0.0,0.0
123004,Essence (K=15),0.0,0.0
123168,Random,0.0,
123168,Popularity,0.25,
123168,CF (ItemKNN),0.5,
123168,Content (Avg Emb),0.0,
123168,Last-Item,0.0,
123168,Avg-Last-10,0.0,
123168,Recency-Weighted,0.0,
123168,Essence (K=15),0.0,
123179,Random,0.0,
123179,Popularity,0.13333333333333333,
123179,CF (ItemKNN),0.13333333333333333,
123179,Content (Avg Emb),0.0,
123179,Last-Item,0.0,
123179,Avg-Last-10,0.0,
123179,Recency-Weighted,0.0,
123179,Essence (K=15),0.0,
123184,Random,0.0,
123184,Popularity,0.05263157894736842,
123184,CF (ItemKNN),0.05263157894736842,
123184,Content (Avg Emb),0.0,
123184,Last-Item,0.0,
123184,Avg-Last-10,0.0,
123184,Recency-Weighted,0.0,
123184,Essence (K=15),0.0,
123413,Random,0.0,
123413,Popularity,0.0,
123413,CF (ItemKNN),0.0,
123413,Content (Avg Emb),0.0,
123413,Last-Item,0.0,
123413,Avg-Last-10,0.0,
123413,Recency-Weighted,0.0,
123413,Essence (K=15),0.0,
123482,Random,0.0,
123482,Popularity,0.0,
123482,CF (ItemKNN),0.0,
123482,Content (Avg Emb),0.0,
123482,Last-Item,0.0,
123482,Avg-Last-10,0.0,
123482,Recency-Weighted,0.0,
123482,Essence (K=15),0.0,
123494,Random,0.0,0.0
123494,Popularity,0.0,0.0
123494,CF (ItemKNN),0.0,0.0
123494,Content (Avg Emb),0.0,0.0
123494,Last-Item,0.0,0.0
123494,Avg-Last-10,0.0,0.0
123494,Recency-Weighted,0.0,0.0
123494,Essence (K=15),0.0,0.0
123529,Random,0.0,
123529,Popularity,0.0,
123529,CF (ItemKNN),0.2,
123529,Content (Avg Emb),0.2,
123529,Last-Item,0.0,
123529,Avg-Last-10,0.4,
123529,Recency-Weighted,0.4,
123529,Essence (K=15),0.2,
123634,Random,0.0,
123634,Popularity,0.2857142857142857,
123634,CF (ItemKNN),0.0,
123634,Content (Avg Emb),0.0,
123634,Last-Item,0.0,
123634,Avg-Last-10,0.0,
123634,Recency-Weighted,0.0,
123634,Essence (K=15),0.0,
123674,Random,0.0,
123674,Popularity,0.0,
123674,CF (ItemKNN),0.2,
123674,Content (Avg Emb),0.0,
123674,Last-Item,0.0,
123674,Avg-Last-10,0.0,
123674,Recency-Weighted,0.0,
123674,Essence (K=15),0.0,
123929,Random,0.0,
123929,Popularity,0.16666666666666666,
123929,CF (ItemKNN),0.16666666666666666,
123929,Content (Avg Emb),0.0,
123929,Last-Item,0.0,
123929,Avg-Last-10,0.0,
123929,Recency-Weighted,0.0,
123929,Essence (K=15),0.0,
124020,Random,0.0,
124020,Popularity,0.14285714285714285,
124020,CF (ItemKNN),0.0,
124020,Content (Avg Emb),0.0,
124020,Last-Item,0.0,
124020,Avg-Last-10,0.0,
124020,Recency-Weighted,0.0,
124020,Essence (K=15),0.0,
124032,Random,0.0,
124032,Popularity,0.0,
124032,CF (ItemKNN),0.0,
124032,Content (Avg Emb),0.0,
124032,Last-Item,0.0,
124032,Avg-Last-10,0.0,
124032,Recency-Weighted,0.0,
124032,Essence (K=15),0.0,
124287,Random,0.1,
124287,Popularity,0.1,
124287,CF (ItemKNN),0.1,
124287,Content (Avg Emb),0.0,
124287,Last-Item,0.0,
124287,Avg-Last-10,0.0,
124287,Recency-Weighted,0.0,
124287,Essence (K=15),0.0,
124367,Random,0.0,
124367,Popularity,0.0,
124367,CF (ItemKNN),0.25,
124367,Content (Avg Emb),0.0,
124367,Last-Item,0.0,
124367,Avg-Last-10,0.0,
124367,Recency-Weighted,0.0,
124367,Essence (K=15),0.0,
124394,Random,0.0,
124394,Popularity,0.0,
124394,CF (ItemKNN),0.0,
124394,Content (Avg Emb),0.0,
124394,Last-Item,0.0,
124394,Avg-Last-10,0.0,
124394,Recency-Weighted,0.0,
124394,Essence (K=15),0.0,
124781,Random,0.0,
124781,Popularity,0.3333333333333333,
124781,CF (ItemKNN),0.16666666666666666,
124781,Content (Avg Emb),0.16666666666666666,
124781,Last-Item,0.0,
124781,Avg-Last-10,0.16666666666666666,
124781,Recency-Weighted,0.16666666666666666,
124781,Essence (K=15),0.16666666666666666,
124872,Random,0.0,0.0
124872,Popularity,0.0,0.0
124872,CF (ItemKNN),0.0,0.0
124872,Content (Avg Emb),0.0,0.0
124872,Last-Item,0.0,0.0
124872,Avg-Last-10,0.0,0.0
124872,Recency-Weighted,0.0,0.0
124872,Essence (K=15),0.0,0.0
124968,Random,0.0,0.0
124968,Popularity,0.0,0.0
124968,CF (ItemKNN),0.0,0.0
124968,Content (Avg Emb),0.0,0.0
124968,Last-Item,0.0,0.0
124968,Avg-Last-10,0.0,0.0
124968,Recency-Weighted,0.0,0.0
124968,Essence (K=15),0.0,0.0
125001,Random,0.0,
125001,Popularity,0.0,
125001,CF (ItemKNN),0.0,
125001,Content (Avg Emb),0.2,
125001,Last-Item,0.0,
125001,Avg-Last-10,0.2,
125001,Recency-Weighted,0.2,
125001,Essence (K=15),0.0,
125064,Random,0.0,
125064,Popularity,0.16666666666666666,
125064,CF (ItemKNN),0.5,
125064,Content (Avg Emb),0.0,
125064,Last-Item,0.0,
125064,Avg-Last-10,0.0,
125064,Recency-Weighted,0.0,
125064,Essence (K=15),0.0,
125159,Random,0.0,
125159,Popularity,0.0,
125159,CF (ItemKNN),0.0,
125159,Content (Avg Emb),0.0,
125159,Last-Item,0.0,
125159,Avg-Last-10,0.0,
125159,Recency-Weighted,0.0,
125159,Essence (K=15),0.0,
125274,Random,0.0,
125274,Popularity,0.25,
125274,CF (ItemKNN),0.5,
125274,Content (Avg Emb),0.0,
125274,Last-Item,0.0,
125274,Avg-Last-10,0.0,
125274,Recency-Weighted,0.0,
125274,Essence (K=15),0.0,
125307,Random,0.0,
125307,Popularity,0.0,
125307,CF (ItemKNN),0.0,
125307,Content (Avg Emb),0.0,
125307,Last-Item,0.0,
125307,Avg-Last-10,0.0,
125307,Recency-Weighted,0.0,
125307,Essence (K=15),0.0,
125360,Random,0.0,0.0
125360,Popularity,0.0,0.0
125360,CF (ItemKNN),0.037037037037037035,0.0
125360,Content (Avg Emb),0.0,0.0
125360,Last-Item,0.0,0.0
125360,Avg-Last-10,0.0,0.0
125360,Recency-Weighted,0.0,0.0
125360,Essence (K=15),0.0,0.0
125403,Random,0.0,0.0
125403,Popularity,0.05263157894736842,0.0
125403,CF (ItemKNN),0.0,0.0
125403,Content (Avg Emb),0.0,0.0
125403,Last-Item,0.0,0.0
125403,Avg-Last-10,0.0,0.0
125403,Recency-Weighted,0.0,0.0
125403,Essence (K=15),0.0,0.0
125424,Random,0.0,0.0
125424,Popularity,0.0,0.0
125424,CF (ItemKNN),0.0,0.0
125424,Content (Avg Emb),0.0,0.0
125424,Last-Item,0.0,0.0
125424,Avg-Last-10,0.0,0.0
125424,Recency-Weighted,0.0,0.0
125424,Essence (K=15),0.0,0.0
126075,Random,0.0,0.0
126075,Popularity,0.0,0.0
126075,CF (ItemKNN),0.0,0.0
126075,Content (Avg Emb),0.0,0.0
126075,Last-Item,0.0,0.0
126075,Avg-Last-10,0.0,0.0
126075,Recency-Weighted,0.0,0.0
126075,Essence (K=15),0.0,0.0
126167,Random,0.0,
126167,Popularity,0.0,
126167,CF (ItemKNN),0.0,
126167,Content (Avg Emb),0.0,
126167,Last-Item,0.0,
126167,Avg-Last-10,0.0,
126167,Recency-Weighted,0.0,
126167,Essence (K=15),0.0,
126339,Random,0.0,
126339,Popularity,0.0,
126339,CF (ItemKNN),0.0,
126339,Content (Avg Emb),0.0,
126339,Last-Item,0.0,
126339,Avg-Last-10,0.0,
126339,Recency-Weighted,0.0,
126339,Essence (K=15),0.0,
126357,Random,0.0,0.0
126357,Popularity,0.18181818181818182,0.0
126357,CF (ItemKNN),0.2727272727272727,0.0
126357,Content (Avg Emb),0.0,0.0
126357,Last-Item,0.0,0.0
126357,Avg-Last-10,0.0,0.0
126357,Recency-Weighted,0.0,0.0
126357,Essence (K=15),0.0,0.0
126549,Random,0.0,0.0
126549,Popularity,0.0,0.0
126549,CF (ItemKNN),0.0,0.0
126549,Content (Avg Emb),0.0,0.0
126549,Last-Item,0.0,0.0
126549,Avg-Last-10,0.0,0.0
126549,Recency-Weighted,0.0,0.0
126549,Essence (K=15),0.0,0.0
126758,Random,0.0,
126758,Popularity,0.0,
126758,CF (ItemKNN),0.2222222222222222,
126758,Content (Avg Emb),0.0,
126758,Last-Item,0.0,
126758,Avg-Last-10,0.0,
126758,Recency-Weighted,0.0,
126758,Essence (K=15),0.0,
126986,Random,0.0,
126986,Popularity,0.0,
126986,CF (ItemKNN),0.0,
126986,Content (Avg Emb),0.0,
126986,Last-Item,0.0,
126986,Avg-Last-10,0.0,
126986,Recency-Weighted,0.0,
126986,Essence (K=15),0.0,
127006,Random,0.0,
127006,Popularity,0.0,
127006,CF (ItemKNN),0.0,
127006,Content (Avg Emb),0.0,
127006,Last-Item,0.0,
127006,Avg-Last-10,0.0,
127006,Recency-Weighted,0.0,
127006,Essence (K=15),0.0,
127320,Random,0.0,
127320,Popularity,0.125,
127320,CF (ItemKNN),0.1875,
127320,Content (Avg Emb),0.0,
127320,Last-Item,0.0625,
127320,Avg-Last-10,0.0,
127320,Recency-Weighted,0.0,
127320,Essence (K=15),0.0,
127480,Random,0.0,
127480,Popularity,0.0,
127480,CF (ItemKNN),0.0,
127480,Content (Avg Emb),0.0,
127480,Last-Item,0.0,
127480,Avg-Last-10,0.0,
127480,Recency-Weighted,0.0,
127480,Essence (K=15),0.0,
127508,Random,0.0,
127508,Popularity,0.0,
127508,CF (ItemKNN),0.16666666666666666,
127508,Content (Avg Emb),0.0,
127508,Last-Item,0.0,
127508,Avg-Last-10,0.0,
127508,Recency-Weighted,0.0,
127508,Essence (K=15),0.16666666666666666,
127514,Random,0.0,
127514,Popularity,0.5,
127514,CF (ItemKNN),0.5,
127514,Content (Avg Emb),0.16666666666666666,
127514,Last-Item,0.0,
127514,Avg-Last-10,0.0,
127514,Recency-Weighted,0.16666666666666666,
127514,Essence (K=15),0.0,
127831,Random,0.0,
127831,Popularity,0.25,
127831,CF (ItemKNN),0.375,
127831,Content (Avg Emb),0.0,
127831,Last-Item,0.0,
127831,Avg-Last-10,0.0,
127831,Recency-Weighted,0.0,
127831,Essence (K=15),0.0,
127848,Random,0.0,
127848,Popularity,0.25,
127848,CF (ItemKNN),0.25,
127848,Content (Avg Emb),0.0,
127848,Last-Item,0.0,
127848,Avg-Last-10,0.0,
127848,Recency-Weighted,0.0,
127848,Essence (K=15),0.0,
127959,Random,0.0,0.0
127959,Popularity,0.0,0.0
127959,CF (ItemKNN),0.0,0.0
127959,Content (Avg Emb),0.0,0.0
127959,Last-Item,0.0,0.0
127959,Avg-Last-10,0.0,0.0
127959,Recency-Weighted,0.0,0.0
127959,Essence (K=15),0.0,0.0
127991,Random,0.0,
127991,Popularity,0.375,
127991,CF (ItemKNN),0.0,
127991,Content (Avg Emb),0.0,
127991,Last-Item,0.0,
127991,Avg-Last-10,0.0,
127991,Recency-Weighted,0.0,
127991,Essence (K=15),0.0,
128231,Random,0.0,
128231,Popularity,0.0,
128231,CF (ItemKNN),0.1111111111111111,
128231,Content (Avg Emb),0.0,
128231,Last-Item,0.0,
128231,Avg-Last-10,0.0,
128231,Recency-Weighted,0.0,
128231,Essence (K=15),0.0,
128416,Random,0.0,0.0
128416,Popularity,0.0,0.0
128416,CF (ItemKNN),0.0,0.0
128416,Content (Avg Emb),0.0,0.0
128416,Last-Item,0.0,0.0
128416,Avg-Last-10,0.0,0.0
128416,Recency-Weighted,0.0,0.0
128416,Essence (K=15),0.0,0.0
128636,Random,0.0,
128636,Popularity,0.0,
128636,CF (ItemKNN),0.0,
128636,Content (Avg Emb),0.0,
128636,Last-Item,0.0,
128636,Avg-Last-10,0.0,
128636,Recency-Weighted,0.0,
128636,Essence (K=15),0.0,
128750,Random,0.0,
128750,Popularity,0.0,
128750,CF (ItemKNN),0.09090909090909091,
128750,Content (Avg Emb),0.09090909090909091,
128750,Last-Item,0.0,
128750,Avg-Last-10,0.0,
128750,Recency-Weighted,0.0,
128750,Essence (K=15),0.0,
128954,Random,0.0,
128954,Popularity,0.0,
128954,CF (ItemKNN),0.1111111111111111,
128954,Content (Avg Emb),0.0,
128954,Last-Item,0.0,
128954,Avg-Last-10,0.0,
128954,Recency-Weighted,0.0,
128954,Essence (K=15),0.0,
129037,Random,0.0,
129037,Popularity,0.0,
129037,CF (ItemKNN),0.1,
129037,Content (Avg Emb),0.0,
129037,Last-Item,0.0,
129037,Avg-Last-10,0.0,
129037,Recency-Weighted,0.0,
129037,Essence (K=15),0.0,
129240,Random,0.0,
129240,Popularity,0.14285714285714285,
129240,CF (ItemKNN),0.07142857142857142,
129240,Content (Avg Emb),0.0,
129240,Last-Item,0.0,
129240,Avg-Last-10,0.07142857142857142,
129240,Recency-Weighted,0.07142857142857142,
129240,Essence (K=15),0.0,
129253,Random,0.0,0.0
129253,Popularity,0.0,0.0
129253,CF (ItemKNN),0.1111111111111111,0.0
129253,Content (Avg Emb),0.0,0.0
129253,Last-Item,0.0,0.0
129253,Avg-Last-10,0.1111111111111111,0.0
129253,Recency-Weighted,0.1111111111111111,0.0
129253,Essence (K=15),0.1111111111111111,0.0
129297,Random,0.0,
129297,Popularity,0.0,
129297,CF (ItemKNN),0.0,
129297,Content (Avg Emb),0.0,
129297,Last-Item,0.0,
129297,Avg-Last-10,0.0,
129297,Recency-Weighted,0.0,
129297,Essence (K=15),0.0,
129388,Random,0.0,
129388,Popularity,0.14285714285714285,
129388,CF (ItemKNN),0.14285714285714285,
129388,Content (Avg Emb),0.0,
129388,Last-Item,0.0,
129388,Avg-Last-10,0.0,
129388,Recency-Weighted,0.0,
129388,Essence (K=15),0.0,
129446,Random,0.0,
129446,Popularity,0.125,
129446,CF (ItemKNN),0.375,
129446,Content (Avg Emb),0.0,
129446,Last-Item,0.0,
129446,Avg-Last-10,0.0,
129446,Recency-Weighted,0.0,
129446,Essence (K=15),0.0,
129465,Random,0.0,0.0
129465,Popularity,0.16666666666666666,0.0
129465,CF (ItemKNN),0.125,0.0
129465,Content (Avg Emb),0.0,0.0
129465,Last-Item,0.0,0.0
129465,Avg-Last-10,0.0,0.0
129465,Recency-Weighted,0.0,0.0
129465,Essence (K=15),0.0,0.0
129827,Random,0.0,
129827,Popularity,0.0,
129827,CF (ItemKNN),0.0,
129827,Content (Avg Emb),0.0,
129827,Last-Item,0.0,
129827,Avg-Last-10,0.0,
129827,Recency-Weighted,0.0,
129827,Essence (K=15),0.0,
129941,Random,0.0,0.0
129941,Popularity,0.0,0.0
129941,CF (ItemKNN),0.0,0.0
129941,Content (Avg Emb),0.0,0.0
129941,Last-Item,0.0,0.0
129941,Avg-Last-10,0.0,0.0
129941,Recency-Weighted,0.0,0.0
129941,Essence (K=15),0.0,0.0
130023,Random,0.0,
130023,Popularity,0.375,
130023,CF (ItemKNN),0.25,
130023,Content (Avg Emb),0.125,
130023,Last-Item,0.0,
130023,Avg-Last-10,0.0,
130023,Recency-Weighted,0.0,
130023,Essence (K=15),0.0,
130215,Random,0.0,
130215,Popularity,0.0,
130215,CF (ItemKNN),0.25,
130215,Content (Avg Emb),0.0,
130215,Last-Item,0.0,
130215,Avg-Last-10,0.0,
130215,Recency-Weighted,0.0,
130215,Essence (K=15),0.0,
130237,Random,0.0,0.0
130237,Popularity,0.0,0.0
130237,CF (ItemKNN),0.0,0.0
130237,Content (Avg Emb),0.0,0.0
130237,Last-Item,0.0,0.0
130237,Avg-Last-10,0.0,0.0
130237,Recency-Weighted,0.0,0.0
130237,Essence (K=15),0.0,0.0
130253,Random,0.0,
130253,Popularity,0.0,
130253,CF (ItemKNN),0.0,
130253,Content (Avg Emb),0.0,
130253,Last-Item,0.0,
130253,Avg-Last-10,0.0,
130253,Recency-Weighted,0.0,
130253,Essence (K=15),0.2,
130307,Random,0.0,0.0
130307,Popularity,0.09090909090909091,0.0
130307,CF (ItemKNN),0.09090909090909091,0.0
130307,Content (Avg Emb),0.0,0.0
130307,Last-Item,0.0,0.0
130307,Avg-Last-10,0.0,0.0
130307,Recency-Weighted,0.0,0.0
130307,Essence (K=15),0.0,0.0
130709,Random,0.0,
130709,Popularity,0.0,
130709,CF (ItemKNN),0.0,
130709,Content (Avg Emb),0.0,
130709,Last-Item,0.0,
130709,Avg-Last-10,0.0,
130709,Recency-Weighted,0.0,
130709,Essence (K=15),0.0,
130819,Random,0.0,
130819,Popularity,0.2857142857142857,
130819,CF (ItemKNN),0.14285714285714285,
130819,Content (Avg Emb),0.0,
130819,Last-Item,0.0,
130819,Avg-Last-10,0.0,
130819,Recency-Weighted,0.0,
130819,Essence (K=15),0.0,
130838,Random,0.0,0.0
130838,Popularity,0.0,0.0
130838,CF (ItemKNN),0.0,0.0
130838,Content (Avg Emb),0.0,0.0
130838,Last-Item,0.0,0.0
130838,Avg-Last-10,0.0,0.0
130838,Recency-Weighted,0.0,0.0
130838,Essence (K=15),0.0,0.0
131163,Random,0.0,
131163,Popularity,0.0,
131163,CF (ItemKNN),0.0,
131163,Content (Avg Emb),0.0,
131163,Last-Item,0.0,
131163,Avg-Last-10,0.0,
131163,Recency-Weighted,0.0,
131163,Essence (K=15),0.0,
131274,Random,0.0,
131274,Popularity,0.0,
131274,CF (ItemKNN),0.0,
131274,Content (Avg Emb),0.0,
131274,Last-Item,0.0,
131274,Avg-Last-10,0.0,
131274,Recency-Weighted,0.0,
131274,Essence (K=15),0.0,
131558,Random,0.0,
131558,Popularity,0.0,
131558,CF (ItemKNN),0.0,
131558,Content (Avg Emb),0.0,
131558,Last-Item,0.0,
131558,Avg-Last-10,0.0,
131558,Recency-Weighted,0.0,
131558,Essence (K=15),0.0,
131695,Random,0.0,
131695,Popularity,0.0,
131695,CF (ItemKNN),0.2,
131695,Content (Avg Emb),0.0,
131695,Last-Item,0.2,
131695,Avg-Last-10,0.0,
131695,Recency-Weighted,0.0,
131695,Essence (K=15),0.0,
131774,Random,0.0,
131774,Popularity,0.0625,
131774,CF (ItemKNN),0.09375,
131774,Content (Avg Emb),0.0,
131774,Last-Item,0.0,
131774,Avg-Last-10,0.0,
131774,Recency-Weighted,0.0,
131774,Essence (K=15),0.0,
131832,Random,0.0,
131832,Popularity,0.0,
131832,CF (ItemKNN),0.0,
131832,Content (Avg Emb),0.0,
131832,Last-Item,0.0,
131832,Avg-Last-10,0.0,
131832,Recency-Weighted,0.0,
131832,Essence (K=15),0.0,
132102,Random,0.0,
132102,Popularity,0.0,
132102,CF (ItemKNN),0.25,
132102,Content (Avg Emb),0.0,
132102,Last-Item,0.0,
132102,Avg-Last-10,0.0,
132102,Recency-Weighted,0.0,
132102,Essence (K=15),0.0,
132135,Random,0.0,0.0
132135,Popularity,0.0,0.0
132135,CF (ItemKNN),0.0,0.0
132135,Content (Avg Emb),0.0,0.0
132135,Last-Item,0.0,0.0
132135,Avg-Last-10,0.0,0.0
132135,Recency-Weighted,0.0,0.0
132135,Essence (K=15),0.0,0.0
132154,Random,0.0,
132154,Popularity,0.0,
132154,CF (ItemKNN),0.0,
132154,Content (Avg Emb),0.0,
132154,Last-Item,0.0,
132154,Avg-Last-10,0.0,
132154,Recency-Weighted,0.0,
132154,Essence (K=15),0.0,
132208,Random,0.0,
132208,Popularity,0.0,
132208,CF (ItemKNN),0.25,
132208,Content (Avg Emb),0.0,
132208,Last-Item,0.25,
132208,Avg-Last-10,0.0,
132208,Recency-Weighted,0.0,
132208,Essence (K=15),0.0,
132215,Random,0.0,
132215,Popularity,0.0,
132215,CF (ItemKNN),0.0,
132215,Content (Avg Emb),0.0,
132215,Last-Item,0.0,
132215,Avg-Last-10,0.0,
132215,Recency-Weighted,0.0,
132215,Essence (K=15),0.0,
132277,Random,0.0,
132277,Popularity,0.0,
132277,CF (ItemKNN),0.0,
132277,Content (Avg Emb),0.0,
132277,Last-Item,0.0,
132277,Avg-Last-10,0.0,
132277,Recency-Weighted,0.0,
132277,Essence (K=15),0.0,
132351,Random,0.0,0.0
132351,Popularity,0.0,0.0
132351,CF (ItemKNN),0.0,0.0
132351,Content (Avg Emb),0.0,0.0
132351,Last-Item,0.0,0.0
132351,Avg-Last-10,0.0,0.0
132351,Recency-Weighted,0.0,0.0
132351,Essence (K=15),0.0,0.0
132406,Random,0.0,0.0
132406,Popularity,0.125,0.0
132406,CF (ItemKNN),0.1875,0.0
132406,Content (Avg Emb),0.0,0.0
132406,Last-Item,0.0,0.0
132406,Avg-Last-10,0.0,0.0
132406,Recency-Weighted,0.0,0.0
132406,Essence (K=15),0.0,0.0
132514,Random,0.0,
132514,Popularity,0.0,
132514,CF (ItemKNN),0.0,
132514,Content (Avg Emb),0.0,
132514,Last-Item,0.0,
132514,Avg-Last-10,0.0,
132514,Recency-Weighted,0.0,
132514,Essence (K=15),0.0,
132522,Random,0.0,0.0
132522,Popularity,0.04,0.0
132522,CF (ItemKNN),0.08,0.0
132522,Content (Avg Emb),0.0,0.0
132522,Last-Item,0.0,0.0
132522,Avg-Last-10,0.0,0.0
132522,Recency-Weighted,0.0,0.0
132522,Essence (K=15),0.0,0.0
132557,Random,0.0,
132557,Popularity,0.08333333333333333,
132557,CF (ItemKNN),0.0,
132557,Content (Avg Emb),0.0,
132557,Last-Item,0.0,
132557,Avg-Last-10,0.0,
132557,Recency-Weighted,0.0,
132557,Essence (K=15),0.0,
132608,Random,0.0,
132608,Popularity,0.0,
132608,CF (ItemKNN),0.1111111111111111,
132608,Content (Avg Emb),0.0,
132608,Last-Item,0.0,
132608,Avg-Last-10,0.0,
132608,Recency-Weighted,0.0,
132608,Essence (K=15),0.0,
132681,Random,0.0,
132681,Popularity,0.0,
132681,CF (ItemKNN),0.0,
132681,Content (Avg Emb),0.0,
132681,Last-Item,0.0,
132681,Avg-Last-10,0.0,
132681,Recency-Weighted,0.0,
132681,Essence (K=15),0.0,
132770,Random,0.0,0.0
132770,Popularity,0.0,0.0
132770,CF (ItemKNN),0.0,0.0
132770,Content (Avg Emb),0.0,0.0
132770,Last-Item,0.0,0.0
132770,Avg-Last-10,0.0,0.0
132770,Recency-Weighted,0.0,0.0
132770,Essence (K=15),0.0,0.0
132801,Random,0.0,
132801,Popularity,0.16666666666666666,
132801,CF (ItemKNN),0.0,
132801,Content (Avg Emb),0.0,
132801,Last-Item,0.0,
132801,Avg-Last-10,0.0,
132801,Recency-Weighted,0.0,
132801,Essence (K=15),0.0,
132992,Random,0.0,
132992,Popularity,0.0,
132992,CF (ItemKNN),0.2,
132992,Content (Avg Emb),0.0,
132992,Last-Item,0.0,
132992,Avg-Last-10,0.0,
132992,Recency-Weighted,0.0,
132992,Essence (K=15),0.0,
133215,Random,0.0,0.0
133215,Popularity,0.0,0.0
133215,CF (ItemKNN),0.0,0.0
133215,Content (Avg Emb),0.0,0.0
133215,Last-Item,0.0,0.0
133215,Avg-Last-10,0.0,0.0
133215,Recency-Weighted,0.0,0.0
133215,Essence (K=15),0.0,0.0
133272,Random,0.0,
133272,Popularity,0.0,
133272,CF (ItemKNN),0.0,
133272,Content (Avg Emb),0.0,
133272,Last-Item,0.0,
133272,Avg-Last-10,0.0,
133272,Recency-Weighted,0.0,
133272,Essence (K=15),0.0,
133320,Random,0.0,0.0
133320,Popularity,0.0,0.0
133320,CF (ItemKNN),0.0,0.0
133320,Content (Avg Emb),0.0,0.0
133320,Last-Item,0.0,0.0
133320,Avg-Last-10,0.0,0.0
133320,Recency-Weighted,0.0,0.0
133320,Essence (K=15),0.0,0.0
133677,Random,0.0,
133677,Popularity,0.0,
133677,CF (ItemKNN),0.0,
133677,Content (Avg Emb),0.0,
133677,Last-Item,0.0,
133677,Avg-Last-10,0.0,
133677,Recency-Weighted,0.0,
133677,Essence (K=15),0.0,
133789,Random,0.0,0.0
133789,Popularity,0.0,0.0
133789,CF (ItemKNN),0.0,0.0
133789,Content (Avg Emb),0.0,0.0
133789,Last-Item,0.0,0.0
133789,Avg-Last-10,0.0,0.0
133789,Recency-Weighted,0.0,0.0
133789,Essence (K=15),0.0,0.0
134250,Random,0.0,
134250,Popularity,0.0,
134250,CF (ItemKNN),0.25,
134250,Content (Avg Emb),0.0,
134250,Last-Item,0.0,
134250,Avg-Last-10,0.0,
134250,Recency-Weighted,0.0,
134250,Essence (K=15),0.0,
134853,Random,0.0,
134853,Popularity,0.0,
134853,CF (ItemKNN),0.2,
134853,Content (Avg Emb),0.0,
134853,Last-Item,0.0,
134853,Avg-Last-10,0.0,
134853,Recency-Weighted,0.0,
134853,Essence (K=15),0.0,
135028,Random,0.0,0.0
135028,Popularity,0.0,0.0
135028,CF (ItemKNN),0.0,0.0
135028,Content (Avg Emb),0.0,0.0
135028,Last-Item,0.0,0.0
135028,Avg-Last-10,0.0,0.0
135028,Recency-Weighted,0.0,0.0
135028,Essence (K=15),0.0,0.0
135112,Random,0.0,
135112,Popularity,0.11764705882352941,
135112,CF (ItemKNN),0.17647058823529413,
135112,Content (Avg Emb),0.0,
135112,Last-Item,0.0,
135112,Avg-Last-10,0.0,
135112,Recency-Weighted,0.0,
135112,Essence (K=15),0.0,
135124,Random,0.0,0.0
135124,Popularity,0.0,0.0
135124,CF (ItemKNN),0.0,0.0
135124,Content (Avg Emb),0.0625,0.0
135124,Last-Item,0.0,0.0
135124,Avg-Last-10,0.0,0.0
135124,Recency-Weighted,0.0,0.0
135124,Essence (K=15),0.0,0.0
135400,Random,0.0,
135400,Popularity,0.0,
135400,CF (ItemKNN),0.0,
135400,Content (Avg Emb),0.0,
135400,Last-Item,0.25,
135400,Avg-Last-10,0.0,
135400,Recency-Weighted,0.0,
135400,Essence (K=15),0.0,
135406,Random,0.0,
135406,Popularity,0.0,
135406,CF (ItemKNN),0.0,
135406,Content (Avg Emb),0.0,
135406,Last-Item,0.0,
135406,Avg-Last-10,0.0,
135406,Recency-Weighted,0.0,
135406,Essence (K=15),0.0,
135522,Random,0.0,
135522,Popularity,0.0,
135522,CF (ItemKNN),0.14285714285714285,
135522,Content (Avg Emb),0.0,
135522,Last-Item,0.0,
135522,Avg-Last-10,0.0,
135522,Recency-Weighted,0.0,
135522,Essence (K=15),0.0,
135659,Random,0.0,
135659,Popularity,0.20833333333333334,
135659,CF (ItemKNN),0.3333333333333333,
135659,Content (Avg Emb),0.0,
135659,Last-Item,0.041666666666666664,
135659,Avg-Last-10,0.0,
135659,Recency-Weighted,0.0,
135659,Essence (K=15),0.0,
136139,Random,0.0,0.0
136139,Popularity,0.0,0.0
136139,CF (ItemKNN),0.0,0.0
136139,Content (Avg Emb),0.0,0.0
136139,Last-Item,0.05263157894736842,0.0
136139,Avg-Last-10,0.0,0.0
136139,Recency-Weighted,0.0,0.0
136139,Essence (K=15),0.0,0.0
136252,Random,0.0,
136252,Popularity,0.0,
136252,CF (ItemKNN),0.2857142857142857,
136252,Content (Avg Emb),0.0,
136252,Last-Item,0.0,
136252,Avg-Last-10,0.0,
136252,Recency-Weighted,0.0,
136252,Essence (K=15),0.0,
136364,Random,0.0,0.0
136364,Popularity,0.07692307692307693,0.0
136364,CF (ItemKNN),0.11538461538461539,0.0
136364,Content (Avg Emb),0.0,0.0
136364,Last-Item,0.0,0.0
136364,Avg-Last-10,0.0,0.0
136364,Recency-Weighted,0.0,0.0
136364,Essence (K=15),0.0,0.0
136430,Random,0.0,
136430,Popularity,0.14285714285714285,
136430,CF (ItemKNN),0.07142857142857142,
136430,Content (Avg Emb),0.0,
136430,Last-Item,0.0,
136430,Avg-Last-10,0.0,
136430,Recency-Weighted,0.0,
136430,Essence (K=15),0.0,
136445,Random,0.0,
136445,Popularity,0.0,
136445,CF (ItemKNN),0.0,
136445,Content (Avg Emb),0.0,
136445,Last-Item,0.0,
136445,Avg-Last-10,0.0,
136445,Recency-Weighted,0.0,
136445,Essence (K=15),0.0,
136471,Random,0.0,0.0
136471,Popularity,0.0,0.0
136471,CF (ItemKNN),0.0,0.0
136471,Content (Avg Emb),0.0,0.0
136471,Last-Item,0.0,0.0
136471,Avg-Last-10,0.0,0.0
136471,Recency-Weighted,0.0,0.0
136471,Essence (K=15),0.0,0.0
136706,Random,0.0,0.0
136706,Popularity,0.0,0.0
136706,CF (ItemKNN),0.0,0.0
136706,Content (Avg Emb),0.0,0.0
136706,Last-Item,0.0,0.0
136706,Avg-Last-10,0.0,0.0
136706,Recency-Weighted,0.0,0.0
136706,Essence (K=15),0.0,0.0
136789,Random,0.0,
136789,Popularity,0.0,
136789,CF (ItemKNN),0.0,
136789,Content (Avg Emb),0.0,
136789,Last-Item,0.0,
136789,Avg-Last-10,0.0,
136789,Recency-Weighted,0.0,
136789,Essence (K=15),0.0,
136823,Random,0.0,
136823,Popularity,0.2222222222222222,
136823,CF (ItemKNN),0.2222222222222222,
136823,Content (Avg Emb),0.1111111111111111,
136823,Last-Item,0.0,
136823,Avg-Last-10,0.0,
136823,Recency-Weighted,0.0,
136823,Essence (K=15),0.0,
136838,Random,0.0,
136838,Popularity,0.0,
136838,CF (ItemKNN),0.0,
136838,Content (Avg Emb),0.0,
136838,Last-Item,0.0,
136838,Avg-Last-10,0.0,
136838,Recency-Weighted,0.0,
136838,Essence (K=15),0.0,
136976,Random,0.1111111111111111,
136976,Popularity,0.0,
136976,CF (ItemKNN),0.0,
136976,Content (Avg Emb),0.0,
136976,Last-Item,0.0,
136976,Avg-Last-10,0.0,
136976,Recency-Weighted,0.0,
136976,Essence (K=15),0.0,
137033,Random,0.0,
137033,Popularity,0.0625,
137033,CF (ItemKNN),0.125,
137033,Content (Avg Emb),0.0,
137033,Last-Item,0.0,
137033,Avg-Last-10,0.0,
137033,Recency-Weighted,0.0,
137033,Essence (K=15),0.0625,
137136,Random,0.0,0.0
137136,Popularity,0.0,0.0
137136,CF (ItemKNN),0.0,0.0
137136,Content (Avg Emb),0.0,0.0
137136,Last-Item,0.0,0.0
137136,Avg-Last-10,0.0,0.0
137136,Recency-Weighted,0.0,0.0
137136,Essence (K=15),0.0,0.0
137172,Random,0.0,
137172,Popularity,0.0,
137172,CF (ItemKNN),0.09090909090909091,
137172,Content (Avg Emb),0.0,
137172,Last-Item,0.0,
137172,Avg-Last-10,0.0,
137172,Recency-Weighted,0.0,
137172,Essence (K=15),0.0,
137314,Random,0.0,
137314,Popularity,0.1111111111111111,
137314,CF (ItemKNN),0.1111111111111111,
137314,Content (Avg Emb),0.0,
137314,Last-Item,0.0,
137314,Avg-Last-10,0.0,
137314,Recency-Weighted,0.0,
137314,Essence (K=15),0.0,
137592,Random,0.0,0.0
137592,Popularity,0.09090909090909091,0.0
137592,CF (ItemKNN),0.09090909090909091,0.0
137592,Content (Avg Emb),0.0,0.0
137592,Last-Item,0.0,0.0
137592,Avg-Last-10,0.0,0.0
137592,Recency-Weighted,0.0,0.0
137592,Essence (K=15),0.0,0.0
137884,Random,0.0,
137884,Popularity,0.0,
137884,CF (ItemKNN),0.0,
137884,Content (Avg Emb),0.0,
137884,Last-Item,0.0,
137884,Avg-Last-10,0.0,
137884,Recency-Weighted,0.0,
137884,Essence (K=15),0.2,
138271,Random,0.0,0.0
138271,Popularity,0.0,0.0
138271,CF (ItemKNN),0.0,0.0
138271,Content (Avg Emb),0.0,0.0
138271,Last-Item,0.0,0.0
138271,Avg-Last-10,0.0,0.0
138271,Recency-Weighted,0.0,0.0
138271,Essence (K=15),0.0,0.0
138467,Random,0.0,0.0
138467,Popularity,0.0,0.0
138467,CF (ItemKNN),0.0,0.0
138467,Content (Avg Emb),0.0,0.0
138467,Last-Item,0.0,0.0
138467,Avg-Last-10,0.0,0.0
138467,Recency-Weighted,0.0,0.0
138467,Essence (K=15),0.0,0.0
138598,Random,0.0,
138598,Popularity,0.0,
138598,CF (ItemKNN),0.0,
138598,Content (Avg Emb),0.0,
138598,Last-Item,0.0,
138598,Avg-Last-10,0.0,
138598,Recency-Weighted,0.0,
138598,Essence (K=15),0.0,
138818,Random,0.0,
138818,Popularity,0.0,
138818,CF (ItemKNN),0.0,
138818,Content (Avg Emb),0.0,
138818,Last-Item,0.0,
138818,Avg-Last-10,0.0,
138818,Recency-Weighted,0.0,
138818,Essence (K=15),0.0,
138862,Random,0.0,
138862,Popularity,0.0,
138862,CF (ItemKNN),0.0,
138862,Content (Avg Emb),0.0,
138862,Last-Item,0.2,
138862,Avg-Last-10,0.0,
138862,Recency-Weighted,0.0,
138862,Essence (K=15),0.0,
138931,Random,0.0,
138931,Popularity,0.0,
138931,CF (ItemKNN),0.0,
138931,Content (Avg Emb),0.0,
138931,Last-Item,0.0,
138931,Avg-Last-10,0.0,
138931,Recency-Weighted,0.0,
138931,Essence (K=15),0.0,
138986,Random,0.0,
138986,Popularity,0.05555555555555555,
138986,CF (ItemKNN),0.1111111111111111,
138986,Content (Avg Emb),0.0,
138986,Last-Item,0.0,
138986,Avg-Last-10,0.0,
138986,Recency-Weighted,0.0,
138986,Essence (K=15),0.0,
139221,Random,0.0,
139221,Popularity,0.1,
139221,CF (ItemKNN),0.2,
139221,Content (Avg Emb),0.0,
139221,Last-Item,0.0,
139221,Avg-Last-10,0.0,
139221,Recency-Weighted,0.0,
139221,Essence (K=15),0.0,
139309,Random,0.0,0.0
139309,Popularity,0.0,0.0
139309,CF (ItemKNN),0.0,0.0
139309,Content (Avg Emb),0.0,0.0
139309,Last-Item,0.0,0.0
139309,Avg-Last-10,0.0,0.0
139309,Recency-Weighted,0.0,0.0
139309,Essence (K=15),0.0,0.0
139312,Random,0.0,
139312,Popularity,0.2,
139312,CF (ItemKNN),0.2,
139312,Content (Avg Emb),0.0,
139312,Last-Item,0.0,
139312,Avg-Last-10,0.0,
139312,Recency-Weighted,0.0,
139312,Essence (K=15),0.0,
139363,Random,0.0,0.0
139363,Popularity,0.0,0.0
139363,CF (ItemKNN),0.0,0.0
139363,Content (Avg Emb),0.037037037037037035,0.0
139363,Last-Item,0.0,0.0
139363,Avg-Last-10,0.037037037037037035,0.0
139363,Recency-Weighted,0.037037037037037035,0.0
139363,Essence (K=15),0.0,0.0
139417,Random,0.0,
139417,Popularity,0.1111111111111111,
139417,CF (ItemKNN),0.1111111111111111,
139417,Content (Avg Emb),0.0,
139417,Last-Item,0.0,
139417,Avg-Last-10,0.0,
139417,Recency-Weighted,0.0,
139417,Essence (K=15),0.0,
139569,Random,0.0,
139569,Popularity,0.0,
139569,CF (ItemKNN),0.0,
139569,Content (Avg Emb),0.0,
139569,Last-Item,0.0,
139569,Avg-Last-10,0.0,
139569,Recency-Weighted,0.0,
139569,Essence (K=15),0.0,
139783,Random,0.0,
139783,Popularity,0.0,
139783,CF (ItemKNN),0.2,
139783,Content (Avg Emb),0.0,
139783,Last-Item,0.0,
139783,Avg-Last-10,0.0,
139783,Recency-Weighted,0.0,
139783,Essence (K=15),0.0,
140019,Random,0.0,0.0
140019,Popularity,0.0,0.0
140019,CF (ItemKNN),0.0,0.0
140019,Content (Avg Emb),0.0,0.0
140019,Last-Item,0.0,0.0
140019,Avg-Last-10,0.0,0.0
140019,Recency-Weighted,0.0,0.0
140019,Essence (K=15),0.0,0.0
140080,Random,0.0,0.0
140080,Popularity,0.07142857142857142,0.0
140080,CF (ItemKNN),0.0,0.0
140080,Content (Avg Emb),0.14285714285714285,0.0
140080,Last-Item,0.0,0.0
140080,Avg-Last-10,0.07142857142857142,0.0
140080,Recency-Weighted,0.0,0.0
140080,Essence (K=15),0.0,0.0
140175,Random,0.0,
140175,Popularity,0.0,
140175,CF (ItemKNN),0.0,
140175,Content (Avg Emb),0.0,
140175,Last-Item,0.0,
140175,Avg-Last-10,0.0,
140175,Recency-Weighted,0.0,
140175,Essence (K=15),0.0,
140194,Random,0.0,0.0
140194,Popularity,0.1,0.0
140194,CF (ItemKNN),0.1,0.0
140194,Content (Avg Emb),0.0,0.0
140194,Last-Item,0.0,0.0
140194,Avg-Last-10,0.0,0.0
140194,Recency-Weighted,0.0,0.0
140194,Essence (K=15),0.0,0.0
140597,Random,0.0,0.0
140597,Popularity,0.05,0.0
140597,CF (ItemKNN),0.0,0.0
140597,Content (Avg Emb),0.05,0.0
140597,Last-Item,0.0,0.0
140597,Avg-Last-10,0.0,0.0
140597,Recency-Weighted,0.0,0.0
140597,Essence (K=15),0.0,0.0
140604,Random,0.0,0.0
140604,Popularity,0.0,0.0
140604,CF (ItemKNN),0.0,0.0
140604,Content (Avg Emb),0.0,0.0
140604,Last-Item,0.0,0.0
140604,Avg-Last-10,0.0,0.0
140604,Recency-Weighted,0.0,0.0
140604,Essence (K=15),0.0,0.0
140719,Random,0.0,
140719,Popularity,0.0,
140719,CF (ItemKNN),0.0,
140719,Content (Avg Emb),0.0,
140719,Last-Item,0.0,
140719,Avg-Last-10,0.0,
140719,Recency-Weighted,0.0,
140719,Essence (K=15),0.0,
140880,Random,0.0,
140880,Popularity,0.0,
140880,CF (ItemKNN),0.0,
140880,Content (Avg Emb),0.0,
140880,Last-Item,0.0,
140880,Avg-Last-10,0.0,
140880,Recency-Weighted,0.0,
140880,Essence (K=15),0.0,
141130,Random,0.0,
141130,Popularity,0.2222222222222222,
141130,CF (ItemKNN),0.0,
141130,Content (Avg Emb),0.0,
141130,Last-Item,0.1111111111111111,
141130,Avg-Last-10,0.0,
141130,Recency-Weighted,0.0,
141130,Essence (K=15),0.0,
141174,Random,0.0,
141174,Popularity,0.0,
141174,CF (ItemKNN),0.0,
141174,Content (Avg Emb),0.0,
141174,Last-Item,0.0,
141174,Avg-Last-10,0.0,
141174,Recency-Weighted,0.0,
141174,Essence (K=15),0.0,
141262,Random,0.0,0.0
141262,Popularity,0.0,0.0
141262,CF (ItemKNN),0.0,0.0
141262,Content (Avg Emb),0.047619047619047616,0.0
141262,Last-Item,0.0,0.0
141262,Avg-Last-10,0.0,0.0
141262,Recency-Weighted,0.0,0.0
141262,Essence (K=15),0.0,0.0
141310,Random,0.0,
141310,Popularity,0.0,
141310,CF (ItemKNN),0.0,
141310,Content (Avg Emb),0.0,
141310,Last-Item,0.0,
141310,Avg-Last-10,0.0,
141310,Recency-Weighted,0.0,
141310,Essence (K=15),0.0,
141323,Random,0.0,
141323,Popularity,0.0,
141323,CF (ItemKNN),0.09090909090909091,
141323,Content (Avg Emb),0.0,
141323,Last-Item,0.09090909090909091,
141323,Avg-Last-10,0.0,
141323,Recency-Weighted,0.0,
141323,Essence (K=15),0.0,
141352,Random,0.0,0.0
141352,Popularity,0.038461538461538464,0.0
141352,CF (ItemKNN),0.11538461538461539,0.0
141352,Content (Avg Emb),0.0,0.0
141352,Last-Item,0.0,0.0
141352,Avg-Last-10,0.0,0.0
141352,Recency-Weighted,0.0,0.0
141352,Essence (K=15),0.0,0.0
141365,Random,0.0,
141365,Popularity,0.0,
141365,CF (ItemKNN),0.0,
141365,Content (Avg Emb),0.0,
141365,Last-Item,0.0,
141365,Avg-Last-10,0.0,
141365,Recency-Weighted,0.0,
141365,Essence (K=15),0.0,
141415,Random,0.0,0.0
141415,Popularity,0.0,0.0
141415,CF (ItemKNN),0.06666666666666667,0.0
141415,Content (Avg Emb),0.0,0.0
141415,Last-Item,0.0,0.0
141415,Avg-Last-10,0.0,0.0
141415,Recency-Weighted,0.0,0.0
141415,Essence (K=15),0.0,0.0
141456,Random,0.0,
141456,Popularity,0.25,
141456,CF (ItemKNN),0.25,
141456,Content (Avg Emb),0.0,
141456,Last-Item,0.0,
141456,Avg-Last-10,0.0,
141456,Recency-Weighted,0.0,
141456,Essence (K=15),0.0,
141527,Random,0.0,
141527,Popularity,0.2,
141527,CF (ItemKNN),0.2,
141527,Content (Avg Emb),0.0,
141527,Last-Item,0.0,
141527,Avg-Last-10,0.0,
141527,Recency-Weighted,0.0,
141527,Essence (K=15),0.0,
141866,Random,0.0,
141866,Popularity,0.14285714285714285,
141866,CF (ItemKNN),0.14285714285714285,
141866,Content (Avg Emb),0.0,
141866,Last-Item,0.0,
141866,Avg-Last-10,0.0,
141866,Recency-Weighted,0.0,
141866,Essence (K=15),0.0,
141895,Random,0.0,
141895,Popularity,0.07692307692307693,
141895,CF (ItemKNN),0.0,
141895,Content (Avg Emb),0.0,
141895,Last-Item,0.0,
141895,Avg-Last-10,0.0,
141895,Recency-Weighted,0.0,
141895,Essence (K=15),0.0,
141902,Random,0.0,
141902,Popularity,0.0,
141902,CF (ItemKNN),0.2,
141902,Content (Avg Emb),0.0,
141902,Last-Item,0.0,
141902,Avg-Last-10,0.0,
141902,Recency-Weighted,0.0,
141902,Essence (K=15),0.0,
141988,Random,0.0,
141988,Popularity,0.0,
141988,CF (ItemKNN),0.0,
141988,Content (Avg Emb),0.0,
141988,Last-Item,0.0,
141988,Avg-Last-10,0.0,
141988,Recency-Weighted,0.0,
141988,Essence (K=15),0.0,
142058,Random,0.0,0.0
142058,Popularity,0.0,0.0
142058,CF (ItemKNN),0.08,0.0
142058,Content (Avg Emb),0.0,0.0
142058,Last-Item,0.0,0.0
142058,Avg-Last-10,0.0,0.0
142058,Recency-Weighted,0.0,0.0
142058,Essence (K=15),0.0,0.0
142086,Random,0.0,
142086,Popularity,0.0,
142086,CF (ItemKNN),0.25,
142086,Content (Avg Emb),0.0,
142086,Last-Item,0.0,
142086,Avg-Last-10,0.0,
142086,Recency-Weighted,0.0,
142086,Essence (K=15),0.0,
142291,Random,0.0,
142291,Popularity,0.07692307692307693,
142291,CF (ItemKNN),0.07692307692307693,
142291,Content (Avg Emb),0.0,
142291,Last-Item,0.0,
142291,Avg-Last-10,0.0,
142291,Recency-Weighted,0.0,
142291,Essence (K=15),0.0,
142350,Random,0.0,
142350,Popularity,0.0625,
142350,CF (ItemKNN),0.0625,
142350,Content (Avg Emb),0.0625,
142350,Last-Item,0.0625,
142350,Avg-Last-10,0.0625,
142350,Recency-Weighted,0.0625,
142350,Essence (K=15),0.0625,
142743,Random,0.0,
142743,Popularity,0.09090909090909091,
142743,CF (ItemKNN),0.0,
142743,Content (Avg Emb),0.0,
142743,Last-Item,0.0,
142743,Avg-Last-10,0.0,
142743,Recency-Weighted,0.0,
142743,Essence (K=15),0.0,
142759,Random,0.0,
142759,Popularity,0.0,
142759,CF (ItemKNN),0.0,
142759,Content (Avg Emb),0.0,
142759,Last-Item,0.0,
142759,Avg-Last-10,0.0,
142759,Recency-Weighted,0.0,
142759,Essence (K=15),0.0,
142800,Random,0.0,0.0
142800,Popularity,0.0,0.0
142800,CF (ItemKNN),0.0,0.0
142800,Content (Avg Emb),0.0,0.0
142800,Last-Item,0.0,0.0
142800,Avg-Last-10,0.0,0.0
142800,Recency-Weighted,0.0,0.0
142800,Essence (K=15),0.0,0.0
142937,Random,0.0,
142937,Popularity,0.047619047619047616,
142937,CF (ItemKNN),0.0,
142937,Content (Avg Emb),0.0,
142937,Last-Item,0.0,
142937,Avg-Last-10,0.0,
142937,Recency-Weighted,0.0,
142937,Essence (K=15),0.0,
142957,Random,0.0,0.0
142957,Popularity,0.0,0.0
142957,CF (ItemKNN),0.0,0.0
142957,Content (Avg Emb),0.0,0.0
142957,Last-Item,0.0,0.0
142957,Avg-Last-10,0.0,0.0
142957,Recency-Weighted,0.0,0.0
142957,Essence (K=15),0.0,0.0
143010,Random,0.0,
143010,Popularity,0.1,
143010,CF (ItemKNN),0.2,
143010,Content (Avg Emb),0.0,
143010,Last-Item,0.2,
143010,Avg-Last-10,0.1,
143010,Recency-Weighted,0.1,
143010,Essence (K=15),0.0,
143089,Random,0.0,0.0
143089,Popularity,0.0,0.0
143089,CF (ItemKNN),0.2,0.0
143089,Content (Avg Emb),0.0,0.0
143089,Last-Item,0.0,0.0
143089,Avg-Last-10,0.0,0.0
143089,Recency-Weighted,0.0,0.0
143089,Essence (K=15),0.0,0.0
143263,Random,0.0,
143263,Popularity,0.0,
143263,CF (ItemKNN),0.0,
143263,Content (Avg Emb),0.0,
143263,Last-Item,0.0,
143263,Avg-Last-10,0.0,
143263,Recency-Weighted,0.0,
143263,Essence (K=15),0.0,
143270,Random,0.0,
143270,Popularity,0.0,
143270,CF (ItemKNN),0.3,
143270,Content (Avg Emb),0.0,
143270,Last-Item,0.0,
143270,Avg-Last-10,0.0,
143270,Recency-Weighted,0.0,
143270,Essence (K=15),0.0,
143294,Random,0.0,0.0
143294,Popularity,0.0625,0.0
143294,CF (ItemKNN),0.125,0.0
143294,Content (Avg Emb),0.0,0.0
143294,Last-Item,0.0,0.0
143294,Avg-Last-10,0.0,0.0
143294,Recency-Weighted,0.0,0.0
143294,Essence (K=15),0.0,0.0
143558,Random,0.0,
143558,Popularity,0.0,
143558,CF (ItemKNN),0.0,
143558,Content (Avg Emb),0.0,
143558,Last-Item,0.0,
143558,Avg-Last-10,0.0,
143558,Recency-Weighted,0.0,
143558,Essence (K=15),0.0,
143851,Random,0.0,
143851,Popularity,0.0,
143851,CF (ItemKNN),0.0,
143851,Content (Avg Emb),0.0,
143851,Last-Item,0.0,
143851,Avg-Last-10,0.0,
143851,Recency-Weighted,0.0,
143851,Essence (K=15),0.0,
143928,Random,0.0,
143928,Popularity,0.0,
143928,CF (ItemKNN),0.0,
143928,Content (Avg Emb),0.0,
143928,Last-Item,0.0,
143928,Avg-Last-10,0.0,
143928,Recency-Weighted,0.0,
143928,Essence (K=15),0.0,
143944,Random,0.0,0.0
143944,Popularity,0.0,0.0
143944,CF (ItemKNN),0.0,0.0
143944,Content (Avg Emb),0.0,0.0
143944,Last-Item,0.0,0.0
143944,Avg-Last-10,0.0,0.0
143944,Recency-Weighted,0.0,0.0
143944,Essence (K=15),0.0,0.0
144034,Random,0.0,0.0
144034,Popularity,0.13333333333333333,0.0
144034,CF (ItemKNN),0.06666666666666667,0.0
144034,Content (Avg Emb),0.0,0.0
144034,Last-Item,0.0,0.0
144034,Avg-Last-10,0.0,0.0
144034,Recency-Weighted,0.0,0.0
144034,Essence (K=15),0.0,0.0
144176,Random,0.0,0.0
144176,Popularity,0.0,0.0
144176,CF (ItemKNN),0.0,0.0
144176,Content (Avg Emb),0.0,0.0
144176,Last-Item,0.0,0.0
144176,Avg-Last-10,0.0,0.0
144176,Recency-Weighted,0.0,0.0
144176,Essence (K=15),0.0,0.0
144285,Random,0.0,0.0
144285,Popularity,0.0,0.0
144285,CF (ItemKNN),0.0,0.0
144285,Content (Avg Emb),0.0,0.0
144285,Last-Item,0.0,0.0
144285,Avg-Last-10,0.0,0.0
144285,Recency-Weighted,0.0,0.0
144285,Essence (K=15),0.0,0.0
144389,Random,0.0,0.0
144389,Popularity,0.2,0.0
144389,CF (ItemKNN),0.4,0.0
144389,Content (Avg Emb),0.0,0.0
144389,Last-Item,0.0,0.0
144389,Avg-Last-10,0.2,0.0
144389,Recency-Weighted,0.2,0.0
144389,Essence (K=15),0.0,0.0
144444,Random,0.0,
144444,Popularity,0.3333333333333333,
144444,CF (ItemKNN),0.4444444444444444,
144444,Content (Avg Emb),0.0,
144444,Last-Item,0.0,
144444,Avg-Last-10,0.0,
144444,Recency-Weighted,0.0,
144444,Essence (K=15),0.0,
144526,Random,0.0,
144526,Popularity,0.0,
144526,CF (ItemKNN),0.0,
144526,Content (Avg Emb),0.0,
144526,Last-Item,0.0,
144526,Avg-Last-10,0.0,
144526,Recency-Weighted,0.0,
144526,Essence (K=15),0.0,
144565,Random,0.0,
144565,Popularity,0.0,
144565,CF (ItemKNN),0.0,
144565,Content (Avg Emb),0.0,
144565,Last-Item,0.0,
144565,Avg-Last-10,0.0,
144565,Recency-Weighted,0.0,
144565,Essence (K=15),0.0,
144616,Random,0.0,
144616,Popularity,0.0,
144616,CF (ItemKNN),0.0,
144616,Content (Avg Emb),0.0,
144616,Last-Item,0.0,
144616,Avg-Last-10,0.0,
144616,Recency-Weighted,0.0,
144616,Essence (K=15),0.0,
144652,Random,0.0,
144652,Popularity,0.0,
144652,CF (ItemKNN),0.0,
144652,Content (Avg Emb),0.0,
144652,Last-Item,0.0,
144652,Avg-Last-10,0.0,
144652,Recency-Weighted,0.0,
144652,Essence (K=15),0.09090909090909091,
144737,Random,0.0,
144737,Popularity,0.058823529411764705,
144737,CF (ItemKNN),0.058823529411764705,
144737,Content (Avg Emb),0.0,
144737,Last-Item,0.0,
144737,Avg-Last-10,0.0,
144737,Recency-Weighted,0.0,
144737,Essence (K=15),0.0,
144777,Random,0.0,
144777,Popularity,0.0,
144777,CF (ItemKNN),0.09090909090909091,
144777,Content (Avg Emb),0.0,
144777,Last-Item,0.0,
144777,Avg-Last-10,0.0,
144777,Recency-Weighted,0.0,
144777,Essence (K=15),0.0,
145019,Random,0.0,
145019,Popularity,0.0,
145019,CF (ItemKNN),0.0,
145019,Content (Avg Emb),0.0,
145019,Last-Item,0.0,
145019,Avg-Last-10,0.0,
145019,Recency-Weighted,0.0,
145019,Essence (K=15),0.0,
145194,Random,0.0,
145194,Popularity,0.0,
145194,CF (ItemKNN),0.0,
145194,Content (Avg Emb),0.0,
145194,Last-Item,0.0,
145194,Avg-Last-10,0.0,
145194,Recency-Weighted,0.0,
145194,Essence (K=15),0.0,
145219,Random,0.0,0.0
145219,Popularity,0.08333333333333333,0.0
145219,CF (ItemKNN),0.0,0.0
145219,Content (Avg Emb),0.0,0.0
145219,Last-Item,0.0,0.0
145219,Avg-Last-10,0.0,0.0
145219,Recency-Weighted,0.0,0.0
145219,Essence (K=15),0.0,0.0
145293,Random,0.0,
145293,Popularity,0.0,
145293,CF (ItemKNN),0.0,
145293,Content (Avg Emb),0.0,
145293,Last-Item,0.0,
145293,Avg-Last-10,0.0,
145293,Recency-Weighted,0.0,
145293,Essence (K=15),0.0,
145309,Random,0.0,
145309,Popularity,0.0,
145309,CF (ItemKNN),0.0,
145309,Content (Avg Emb),0.0,
145309,Last-Item,0.0,
145309,Avg-Last-10,0.0,
145309,Recency-Weighted,0.0,
145309,Essence (K=15),0.0,
145409,Random,0.0,0.0
145409,Popularity,0.0,0.0
145409,CF (ItemKNN),0.0,0.0
145409,Content (Avg Emb),0.0,0.0
145409,Last-Item,0.0,0.0
145409,Avg-Last-10,0.0,0.0
145409,Recency-Weighted,0.0,0.0
145409,Essence (K=15),0.0,0.0
145527,Random,0.0,
145527,Popularity,0.5,
145527,CF (ItemKNN),0.25,
145527,Content (Avg Emb),0.0,
145527,Last-Item,0.0,
145527,Avg-Last-10,0.0,
145527,Recency-Weighted,0.0,
145527,Essence (K=15),0.0,
145722,Random,0.0,0.0
145722,Popularity,0.0,0.0
145722,CF (ItemKNN),0.0,0.0
145722,Content (Avg Emb),0.0,0.0
145722,Last-Item,0.0,0.0
145722,Avg-Last-10,0.0,0.0
145722,Recency-Weighted,0.0,0.0
145722,Essence (K=15),0.0,0.0
145748,Random,0.0,
145748,Popularity,0.0,
145748,CF (ItemKNN),0.0,
145748,Content (Avg Emb),0.0,
145748,Last-Item,0.0,
145748,Avg-Last-10,0.0,
145748,Recency-Weighted,0.0,
145748,Essence (K=15),0.0,
146202,Random,0.0,0.0
146202,Popularity,0.0,0.0
146202,CF (ItemKNN),0.0,0.0
146202,Content (Avg Emb),0.0,0.0
146202,Last-Item,0.0,0.0
146202,Avg-Last-10,0.0,0.0
146202,Recency-Weighted,0.0,0.0
146202,Essence (K=15),0.0,0.0
146387,Random,0.0,
146387,Popularity,0.0,
146387,CF (ItemKNN),0.0,
146387,Content (Avg Emb),0.09090909090909091,
146387,Last-Item,0.0,
146387,Avg-Last-10,0.0,
146387,Recency-Weighted,0.0,
146387,Essence (K=15),0.0,
146425,Random,0.0,0.0
146425,Popularity,0.0,0.0
146425,CF (ItemKNN),0.0,0.0
146425,Content (Avg Emb),0.125,0.0
146425,Last-Item,0.0,0.0
146425,Avg-Last-10,0.0,0.0
146425,Recency-Weighted,0.0,0.0
146425,Essence (K=15),0.0,0.0
146665,Random,0.0,0.0
146665,Popularity,0.5,0.0
146665,CF (ItemKNN),0.0,0.0
146665,Content (Avg Emb),0.0,0.0
146665,Last-Item,0.0,0.0
146665,Avg-Last-10,0.0,0.0
146665,Recency-Weighted,0.0,0.0
146665,Essence (K=15),0.0,0.0
147450,Random,0.0,0.0
147450,Popularity,0.0,0.0
147450,CF (ItemKNN),0.0,0.0
147450,Content (Avg Emb),0.0,0.0
147450,Last-Item,0.0,0.0
147450,Avg-Last-10,0.0,0.0
147450,Recency-Weighted,0.0,0.0
147450,Essence (K=15),0.0,0.0
147452,Random,0.0,
147452,Popularity,0.1,
147452,CF (ItemKNN),0.3,
147452,Content (Avg Emb),0.0,
147452,Last-Item,0.0,
147452,Avg-Last-10,0.0,
147452,Recency-Weighted,0.0,
147452,Essence (K=15),0.0,
147621,Random,0.0,
147621,Popularity,0.0,
147621,CF (ItemKNN),0.0,
147621,Content (Avg Emb),0.0,
147621,Last-Item,0.0,
147621,Avg-Last-10,0.0,
147621,Recency-Weighted,0.0,
147621,Essence (K=15),0.0,
147717,Random,0.0,
147717,Popularity,0.14285714285714285,
147717,CF (ItemKNN),0.14285714285714285,
147717,Content (Avg Emb),0.0,
147717,Last-Item,0.14285714285714285,
147717,Avg-Last-10,0.0,
147717,Recency-Weighted,0.14285714285714285,
147717,Essence (K=15),0.0,
147733,Random,0.0,0.0
147733,Popularity,0.0,0.0
147733,CF (ItemKNN),0.0,0.0
147733,Content (Avg Emb),0.0,0.0
147733,Last-Item,0.0,0.0
147733,Avg-Last-10,0.0,0.0
147733,Recency-Weighted,0.0,0.0
147733,Essence (K=15),0.0,0.0
147803,Random,0.0,0.0
147803,Popularity,0.0,0.0
147803,CF (ItemKNN),0.0,0.0
147803,Content (Avg Emb),0.0,0.0
147803,Last-Item,0.0,0.0
147803,Avg-Last-10,0.0,0.0
147803,Recency-Weighted,0.0,0.0
147803,Essence (K=15),0.0,0.0
147992,Random,0.0,0.0
147992,Popularity,0.15384615384615385,0.0
147992,CF (ItemKNN),0.07692307692307693,0.0
147992,Content (Avg Emb),0.0,0.0
147992,Last-Item,0.0,0.0
147992,Avg-Last-10,0.0,0.0
147992,Recency-Weighted,0.0,0.0
147992,Essence (K=15),0.0,0.0
147997,Random,0.0,
147997,Popularity,0.0,
147997,CF (ItemKNN),0.038461538461538464,
147997,Content (Avg Emb),0.0,
147997,Last-Item,0.0,
147997,Avg-Last-10,0.0,
147997,Recency-Weighted,0.0,
147997,Essence (K=15),0.0,
148086,Random,0.0,
148086,Popularity,0.0,
148086,CF (ItemKNN),0.0,
148086,Content (Avg Emb),0.0,
148086,Last-Item,0.0,
148086,Avg-Last-10,0.0,
148086,Recency-Weighted,0.0,
148086,Essence (K=15),0.0,
148214,Random,0.0,0.0
148214,Popularity,0.0,0.0
148214,CF (ItemKNN),0.0,0.0
148214,Content (Avg Emb),0.0,0.0
148214,Last-Item,0.0,0.0
148214,Avg-Last-10,0.0,0.0
148214,Recency-Weighted,0.0,0.0
148214,Essence (K=15),0.0,0.0
148273,Random,0.0,
148273,Popularity,0.15384615384615385,
148273,CF (ItemKNN),0.15384615384615385,
148273,Content (Avg Emb),0.0,
148273,Last-Item,0.0,
148273,Avg-Last-10,0.0,
148273,Recency-Weighted,0.0,
148273,Essence (K=15),0.0,
148296,Random,0.045454545454545456,0.0
148296,Popularity,0.045454545454545456,0.0
148296,CF (ItemKNN),0.0,0.0
148296,Content (Avg Emb),0.0,0.0
148296,Last-Item,0.0,0.0
148296,Avg-Last-10,0.0,0.0
148296,Recency-Weighted,0.0,0.0
148296,Essence (K=15),0.0,0.0
148372,Random,0.0,
148372,Popularity,0.4,
148372,CF (ItemKNN),0.0,
148372,Content (Avg Emb),0.0,
148372,Last-Item,0.0,
148372,Avg-Last-10,0.0,
148372,Recency-Weighted,0.0,
148372,Essence (K=15),0.0,
148465,Random,0.0,
148465,Popularity,0.5,
148465,CF (ItemKNN),0.16666666666666666,
148465,Content (Avg Emb),0.0,
148465,Last-Item,0.0,
148465,Avg-Last-10,0.0,
148465,Recency-Weighted,0.0,
148465,Essence (K=15),0.0,
148503,Random,0.0,
148503,Popularity,0.14285714285714285,
148503,CF (ItemKNN),0.42857142857142855,
148503,Content (Avg Emb),0.0,
148503,Last-Item,0.0,
148503,Avg-Last-10,0.0,
148503,Recency-Weighted,0.0,
148503,Essence (K=15),0.0,
148714,Random,0.0,
148714,Popularity,0.0,
148714,CF (ItemKNN),0.0,
148714,Content (Avg Emb),0.0,
148714,Last-Item,0.0,
148714,Avg-Last-10,0.0,
148714,Recency-Weighted,0.0,
148714,Essence (K=15),0.0,
148957,Random,0.0,
148957,Popularity,0.2222222222222222,
148957,CF (ItemKNN),0.2222222222222222,
148957,Content (Avg Emb),0.0,
148957,Last-Item,0.0,
148957,Avg-Last-10,0.0,
148957,Recency-Weighted,0.0,
148957,Essence (K=15),0.0,
148969,Random,0.0,
148969,Popularity,0.0,
148969,CF (ItemKNN),0.0,
148969,Content (Avg Emb),0.0,
148969,Last-Item,0.0,
148969,Avg-Last-10,0.0,
148969,Recency-Weighted,0.0,
148969,Essence (K=15),0.0,
149176,Random,0.0,0.0
149176,Popularity,0.07692307692307693,0.0
149176,CF (ItemKNN),0.15384615384615385,0.0
149176,Content (Avg Emb),0.0,0.0
149176,Last-Item,0.0,0.0
149176,Avg-Last-10,0.0,0.0
149176,Recency-Weighted,0.0,0.0
149176,Essence (K=15),0.0,0.0
149228,Random,0.0,
149228,Popularity,0.0,
149228,CF (ItemKNN),0.0,
149228,Content (Avg Emb),0.0,
149228,Last-Item,0.0,
149228,Avg-Last-10,0.0,
149228,Recency-Weighted,0.0,
149228,Essence (K=15),0.0,
149415,Random,0.0,0.0
149415,Popularity,0.0,0.0
149415,CF (ItemKNN),0.2,0.0
149415,Content (Avg Emb),0.0,0.0
149415,Last-Item,0.0,0.0
149415,Avg-Last-10,0.0,0.0
149415,Recency-Weighted,0.0,0.0
149415,Essence (K=15),0.0,0.0
149907,Random,0.0,0.0
149907,Popularity,0.0,0.0
149907,CF (ItemKNN),0.0,0.0
149907,Content (Avg Emb),0.0,0.0
149907,Last-Item,0.0,0.0
149907,Avg-Last-10,0.0,0.0
149907,Recency-Weighted,0.0,0.0
149907,Essence (K=15),0.0,0.0
149940,Random,0.0,
149940,Popularity,0.06666666666666667,
149940,CF (ItemKNN),0.13333333333333333,
149940,Content (Avg Emb),0.0,
149940,Last-Item,0.0,
149940,Avg-Last-10,0.0,
149940,Recency-Weighted,0.0,
149940,Essence (K=15),0.0,
149955,Random,0.0,
149955,Popularity,0.14285714285714285,
149955,CF (ItemKNN),0.14285714285714285,
149955,Content (Avg Emb),0.0,
149955,Last-Item,0.0,
149955,Avg-Last-10,0.0,
149955,Recency-Weighted,0.0,
149955,Essence (K=15),0.0,
149987,Random,0.0,0.0
149987,Popularity,0.0,0.0
149987,CF (ItemKNN),0.0,0.0
149987,Content (Avg Emb),0.0,0.0
149987,Last-Item,0.0,0.0
149987,Avg-Last-10,0.05,0.0
149987,Recency-Weighted,0.05,0.0
149987,Essence (K=15),0.05,0.0
150038,Random,0.0,
150038,Popularity,0.0,
150038,CF (ItemKNN),0.06666666666666667,
150038,Content (Avg Emb),0.0,
150038,Last-Item,0.0,
150038,Avg-Last-10,0.0,
150038,Recency-Weighted,0.0,
150038,Essence (K=15),0.0,
150138,Random,0.0,0.0
150138,Popularity,0.0,0.0
150138,CF (ItemKNN),0.0,0.0
150138,Content (Avg Emb),0.0,0.0
150138,Last-Item,0.0,0.0
150138,Avg-Last-10,0.0,0.0
150138,Recency-Weighted,0.0,0.0
150138,Essence (K=15),0.0,0.0
150481,Random,0.0,
150481,Popularity,0.0,
150481,CF (ItemKNN),0.0,
150481,Content (Avg Emb),0.0,
150481,Last-Item,0.0,
150481,Avg-Last-10,0.0,
150481,Recency-Weighted,0.0,
150481,Essence (K=15),0.0,
150708,Random,0.0,
150708,Popularity,0.14285714285714285,
150708,CF (ItemKNN),0.14285714285714285,
150708,Content (Avg Emb),0.0,
150708,Last-Item,0.0,
150708,Avg-Last-10,0.0,
150708,Recency-Weighted,0.0,
150708,Essence (K=15),0.0,
150868,Random,0.0,
150868,Popularity,0.16666666666666666,
150868,CF (ItemKNN),0.3333333333333333,
150868,Content (Avg Emb),0.0,
150868,Last-Item,0.0,
150868,Avg-Last-10,0.0,
150868,Recency-Weighted,0.0,
150868,Essence (K=15),0.0,
151016,Random,0.0,0.0
151016,Popularity,0.1875,0.0
151016,CF (ItemKNN),0.125,0.0
151016,Content (Avg Emb),0.0,0.0
151016,Last-Item,0.0,0.0
151016,Avg-Last-10,0.0,0.0
151016,Recency-Weighted,0.0,0.0
151016,Essence (K=15),0.0,0.0
151045,Random,0.0,
151045,Popularity,0.0,
151045,CF (ItemKNN),0.1111111111111111,
151045,Content (Avg Emb),0.0,
151045,Last-Item,0.0,
151045,Avg-Last-10,0.0,
151045,Recency-Weighted,0.0,
151045,Essence (K=15),0.0,
151057,Random,0.0,0.0
151057,Popularity,0.0,0.0
151057,CF (ItemKNN),0.0,0.0
151057,Content (Avg Emb),0.0,0.0
151057,Last-Item,0.0,0.0
151057,Avg-Last-10,0.0,0.0
151057,Recency-Weighted,0.0,0.0
151057,Essence (K=15),0.0,0.0
151248,Random,0.0,0.0
151248,Popularity,0.0,0.0
151248,CF (ItemKNN),0.0,0.0
151248,Content (Avg Emb),0.0,0.0
151248,Last-Item,0.0,0.0
151248,Avg-Last-10,0.0,0.0
151248,Recency-Weighted,0.0,0.0
151248,Essence (K=15),0.0,0.0
151429,Random,0.0,0.0
151429,Popularity,0.2222222222222222,0.0
151429,CF (ItemKNN),0.2777777777777778,0.0
151429,Content (Avg Emb),0.05555555555555555,0.0
151429,Last-Item,0.0,0.0
151429,Avg-Last-10,0.0,0.0
151429,Recency-Weighted,0.0,0.0
151429,Essence (K=15),0.0,0.0
151504,Random,0.0,
151504,Popularity,0.0,
151504,CF (ItemKNN),0.0,
151504,Content (Avg Emb),0.0,
151504,Last-Item,0.0,
151504,Avg-Last-10,0.0,
151504,Recency-Weighted,0.0,
151504,Essence (K=15),0.0,
151655,Random,0.0,0.0
151655,Popularity,0.0,0.0
151655,CF (ItemKNN),0.0,0.0
151655,Content (Avg Emb),0.0,0.0
151655,Last-Item,0.0,0.0
151655,Avg-Last-10,0.0,0.0
151655,Recency-Weighted,0.0,0.0
151655,Essence (K=15),0.0,0.0
151759,Random,0.0,
151759,Popularity,0.0,
151759,CF (ItemKNN),0.1111111111111111,
151759,Content (Avg Emb),0.0,
151759,Last-Item,0.0,
151759,Avg-Last-10,0.0,
151759,Recency-Weighted,0.0,
151759,Essence (K=15),0.0,
151855,Random,0.0,
151855,Popularity,0.0,
151855,CF (ItemKNN),0.0,
151855,Content (Avg Emb),0.0,
151855,Last-Item,0.0,
151855,Avg-Last-10,0.0,
151855,Recency-Weighted,0.0,
151855,Essence (K=15),0.0,
152037,Random,0.0,0.0
152037,Popularity,0.0,0.0
152037,CF (ItemKNN),0.0,0.0
152037,Content (Avg Emb),0.0,0.0
152037,Last-Item,0.045454545454545456,0.0
152037,Avg-Last-10,0.0,0.0
152037,Recency-Weighted,0.0,0.0
152037,Essence (K=15),0.0,0.0
152065,Random,0.0,0.0
152065,Popularity,0.0,0.0
152065,CF (ItemKNN),0.0,0.0
152065,Content (Avg Emb),0.0,0.0
152065,Last-Item,0.0,0.0
152065,Avg-Last-10,0.0,0.0
152065,Recency-Weighted,0.0,0.0
152065,Essence (K=15),0.0,0.0
152167,Random,0.0,0.0
152167,Popularity,0.0,0.0
152167,CF (ItemKNN),0.0,0.0
152167,Content (Avg Emb),0.0,0.0
152167,Last-Item,0.0,0.0
152167,Avg-Last-10,0.0,0.0
152167,Recency-Weighted,0.0,0.0
152167,Essence (K=15),0.0,0.0
152190,Random,0.0,
152190,Popularity,0.4,
152190,CF (ItemKNN),0.6,
152190,Content (Avg Emb),0.0,
152190,Last-Item,0.0,
152190,Avg-Last-10,0.0,
152190,Recency-Weighted,0.0,
152190,Essence (K=15),0.0,
152384,Random,0.0,0.0
152384,Popularity,0.0,0.0
152384,CF (ItemKNN),0.0,0.0
152384,Content (Avg Emb),0.0,0.0
152384,Last-Item,0.0,0.0
152384,Avg-Last-10,0.0,0.0
152384,Recency-Weighted,0.0,0.0
152384,Essence (K=15),0.0,0.0
152586,Random,0.0,
152586,Popularity,0.0,
152586,CF (ItemKNN),0.0,
152586,Content (Avg Emb),0.0,
152586,Last-Item,0.0,
152586,Avg-Last-10,0.0,
152586,Recency-Weighted,0.0,
152586,Essence (K=15),0.0,
152591,Random,0.0,
152591,Popularity,0.0,
152591,CF (ItemKNN),0.0,
152591,Content (Avg Emb),0.0,
152591,Last-Item,0.0,
152591,Avg-Last-10,0.0,
152591,Recency-Weighted,0.0,
152591,Essence (K=15),0.0,
152911,Random,0.0,
152911,Popularity,0.0,
152911,CF (ItemKNN),0.0,
152911,Content (Avg Emb),0.0,
152911,Last-Item,0.0,
152911,Avg-Last-10,0.0,
152911,Recency-Weighted,0.0,
152911,Essence (K=15),0.0,
153061,Random,0.0,0.0
153061,Popularity,0.0,0.0
153061,CF (ItemKNN),0.0,0.0
153061,Content (Avg Emb),0.0,0.0
153061,Last-Item,0.0,0.0
153061,Avg-Last-10,0.0,0.0
153061,Recency-Weighted,0.0,0.0
153061,Essence (K=15),0.08333333333333333,0.0
153213,Random,0.0,0.0
153213,Popularity,0.0,0.0
153213,CF (ItemKNN),0.2,0.0
153213,Content (Avg Emb),0.0,0.0
153213,Last-Item,0.0,0.0
153213,Avg-Last-10,0.0,0.0
153213,Recency-Weighted,0.0,0.0
153213,Essence (K=15),0.0,0.0
153284,Random,0.0,
153284,Popularity,0.08333333333333333,
153284,CF (ItemKNN),0.08333333333333333,
153284,Content (Avg Emb),0.0,
153284,Last-Item,0.0,
153284,Avg-Last-10,0.0,
153284,Recency-Weighted,0.0,
153284,Essence (K=15),0.0,
153466,Random,0.0,
153466,Popularity,0.0,
153466,CF (ItemKNN),0.0,
153466,Content (Avg Emb),0.0,
153466,Last-Item,0.0,
153466,Avg-Last-10,0.0,
153466,Recency-Weighted,0.0,
153466,Essence (K=15),0.0,
153664,Random,0.0,
153664,Popularity,0.2,
153664,CF (ItemKNN),0.2,
153664,Content (Avg Emb),0.0,
153664,Last-Item,0.0,
153664,Avg-Last-10,0.0,
153664,Recency-Weighted,0.0,
153664,Essence (K=15),0.0,
154232,Random,0.0,
154232,Popularity,0.0,
154232,CF (ItemKNN),0.3333333333333333,
154232,Content (Avg Emb),0.0,
154232,Last-Item,0.0,
154232,Avg-Last-10,0.0,
154232,Recency-Weighted,0.0,
154232,Essence (K=15),0.0,
154252,Random,0.0,
154252,Popularity,0.0,
154252,CF (ItemKNN),0.08333333333333333,
154252,Content (Avg Emb),0.0,
154252,Last-Item,0.0,
154252,Avg-Last-10,0.0,
154252,Recency-Weighted,0.0,
154252,Essence (K=15),0.0,
154445,Random,0.0,
154445,Popularity,0.0,
154445,CF (ItemKNN),0.0,
154445,Content (Avg Emb),0.0,
154445,Last-Item,0.0,
154445,Avg-Last-10,0.0,
154445,Recency-Weighted,0.0,
154445,Essence (K=15),0.0,
154448,Random,0.0,
154448,Popularity,0.07142857142857142,
154448,CF (ItemKNN),0.07142857142857142,
154448,Content (Avg Emb),0.0,
154448,Last-Item,0.0,
154448,Avg-Last-10,0.0,
154448,Recency-Weighted,0.0,
154448,Essence (K=15),0.0,
154578,Random,0.0,
154578,Popularity,0.058823529411764705,
154578,CF (ItemKNN),0.11764705882352941,
154578,Content (Avg Emb),0.0,
154578,Last-Item,0.0,
154578,Avg-Last-10,0.0,
154578,Recency-Weighted,0.0,
154578,Essence (K=15),0.0,
154641,Random,0.0,
154641,Popularity,0.0,
154641,CF (ItemKNN),0.0,
154641,Content (Avg Emb),0.0,
154641,Last-Item,0.0,
154641,Avg-Last-10,0.0,
154641,Recency-Weighted,0.0,
154641,Essence (K=15),0.0,
154661,Random,0.0,0.0
154661,Popularity,0.0,0.0
154661,CF (ItemKNN),0.0,0.0
154661,Content (Avg Emb),0.0,0.0
154661,Last-Item,0.0,0.0
154661,Avg-Last-10,0.0,0.0
154661,Recency-Weighted,0.0,0.0
154661,Essence (K=15),0.0,0.0
154810,Random,0.0,0.0
154810,Popularity,0.0,0.0
154810,CF (ItemKNN),0.0,0.0
154810,Content (Avg Emb),0.0,0.0
154810,Last-Item,0.05,0.0
154810,Avg-Last-10,0.0,0.0
154810,Recency-Weighted,0.0,0.0
154810,Essence (K=15),0.0,0.0
154857,Random,0.0,0.0
154857,Popularity,0.0,0.0
154857,CF (ItemKNN),0.0,0.0
154857,Content (Avg Emb),0.0,0.0
154857,Last-Item,0.0,0.0
154857,Avg-Last-10,0.0,0.0
154857,Recency-Weighted,0.0,0.0
154857,Essence (K=15),0.0,0.0
154932,Random,0.0,
154932,Popularity,0.2222222222222222,
154932,CF (ItemKNN),0.3333333333333333,
154932,Content (Avg Emb),0.0,
154932,Last-Item,0.0,
154932,Avg-Last-10,0.0,
154932,Recency-Weighted,0.0,
154932,Essence (K=15),0.0,
155080,Random,0.0,
155080,Popularity,0.07692307692307693,
155080,CF (ItemKNN),0.15384615384615385,
155080,Content (Avg Emb),0.0,
155080,Last-Item,0.0,
155080,Avg-Last-10,0.0,
155080,Recency-Weighted,0.0,
155080,Essence (K=15),0.0,
155248,Random,0.0,
155248,Popularity,0.0,
155248,CF (ItemKNN),0.0,
155248,Content (Avg Emb),0.0,
155248,Last-Item,0.0,
155248,Avg-Last-10,0.0,
155248,Recency-Weighted,0.0,
155248,Essence (K=15),0.0,
155272,Random,0.0,0.0
155272,Popularity,0.0,0.0
155272,CF (ItemKNN),0.0,0.0
155272,Content (Avg Emb),0.0,0.0
155272,Last-Item,0.14285714285714285,0.0
155272,Avg-Last-10,0.0,0.0
155272,Recency-Weighted,0.0,0.0
155272,Essence (K=15),0.0,0.0
155280,Random,0.0,
155280,Popularity,0.25,
155280,CF (ItemKNN),0.25,
155280,Content (Avg Emb),0.0,
155280,Last-Item,0.0,
155280,Avg-Last-10,0.0,
155280,Recency-Weighted,0.0,
155280,Essence (K=15),0.0,
155410,Random,0.0,
155410,Popularity,0.0,
155410,CF (ItemKNN),0.0,
155410,Content (Avg Emb),0.0,
155410,Last-Item,0.0,
155410,Avg-Last-10,0.0,
155410,Recency-Weighted,0.0,
155410,Essence (K=15),0.0,
155440,Random,0.0,
155440,Popularity,0.0,
155440,CF (ItemKNN),0.0,
155440,Content (Avg Emb),0.0,
155440,Last-Item,0.0,
155440,Avg-Last-10,0.0,
155440,Recency-Weighted,0.0,
155440,Essence (K=15),0.0,
155555,Random,0.0,0.0
155555,Popularity,0.0,0.0
155555,CF (ItemKNN),0.0,0.0
155555,Content (Avg Emb),0.0,0.0
155555,Last-Item,0.0,0.0
155555,Avg-Last-10,0.0,0.0
155555,Recency-Weighted,0.0,0.0
155555,Essence (K=15),0.0,0.0
155574,Random,0.0,
155574,Popularity,0.16666666666666666,
155574,CF (ItemKNN),0.5,
155574,Content (Avg Emb),0.0,
155574,Last-Item,0.0,
155574,Avg-Last-10,0.0,
155574,Recency-Weighted,0.0,
155574,Essence (K=15),0.0,
155660,Random,0.0,
155660,Popularity,0.0,
155660,CF (ItemKNN),0.0,
155660,Content (Avg Emb),0.0,
155660,Last-Item,0.0,
155660,Avg-Last-10,0.0,
155660,Recency-Weighted,0.0,
155660,Essence (K=15),0.0,
155686,Random,0.1111111111111111,
155686,Popularity,0.1111111111111111,
155686,CF (ItemKNN),0.1111111111111111,
155686,Content (Avg Emb),0.1111111111111111,
155686,Last-Item,0.0,
155686,Avg-Last-10,0.1111111111111111,
155686,Recency-Weighted,0.1111111111111111,
155686,Essence (K=15),0.0,
155869,Random,0.0,
155869,Popularity,0.0,
155869,CF (ItemKNN),0.0,
155869,Content (Avg Emb),0.0,
155869,Last-Item,0.0,
155869,Avg-Last-10,0.0,
155869,Recency-Weighted,0.0,
155869,Essence (K=15),0.0,
155888,Random,0.0,
155888,Popularity,0.2,
155888,CF (ItemKNN),0.2,
155888,Content (Avg Emb),0.0,
155888,Last-Item,0.0,
155888,Avg-Last-10,0.0,
155888,Recency-Weighted,0.0,
155888,Essence (K=15),0.0,
155904,Random,0.0,
155904,Popularity,0.3333333333333333,
155904,CF (ItemKNN),0.4444444444444444,
155904,Content (Avg Emb),0.0,
155904,Last-Item,0.1111111111111111,
155904,Avg-Last-10,0.0,
155904,Recency-Weighted,0.0,
155904,Essence (K=15),0.1111111111111111,
155986,Random,0.0,0.0
155986,Popularity,0.0,0.0
155986,CF (ItemKNN),0.0,0.0
155986,Content (Avg Emb),0.045454545454545456,0.0
155986,Last-Item,0.045454545454545456,0.0
155986,Avg-Last-10,0.0,0.0
155986,Recency-Weighted,0.0,0.0
155986,Essence (K=15),0.0,0.0
156056,Random,0.0,
156056,Popularity,0.0,
156056,CF (ItemKNN),0.16666666666666666,
156056,Content (Avg Emb),0.0,
156056,Last-Item,0.0,
156056,Avg-Last-10,0.0,
156056,Recency-Weighted,0.0,
156056,Essence (K=15),0.0,
156140,Random,0.0,
156140,Popularity,0.0,
156140,CF (ItemKNN),0.0,
156140,Content (Avg Emb),0.0,
156140,Last-Item,0.0,
156140,Avg-Last-10,0.0,
156140,Recency-Weighted,0.0,
156140,Essence (K=15),0.0,
156176,Random,0.0,
156176,Popularity,0.0,
156176,CF (ItemKNN),0.14285714285714285,
156176,Content (Avg Emb),0.0,
156176,Last-Item,0.0,
156176,Avg-Last-10,0.0,
156176,Recency-Weighted,0.0,
156176,Essence (K=15),0.0,
156288,Random,0.0,
156288,Popularity,0.0,
156288,CF (ItemKNN),0.0,
156288,Content (Avg Emb),0.0,
156288,Last-Item,0.0,
156288,Avg-Last-10,0.0,
156288,Recency-Weighted,0.0,
156288,Essence (K=15),0.0,
156360,Random,0.0,0.0
156360,Popularity,0.0,0.0
156360,CF (ItemKNN),0.0,0.0
156360,Content (Avg Emb),0.0,0.0
156360,Last-Item,0.0,0.0
156360,Avg-Last-10,0.047619047619047616,0.0
156360,Recency-Weighted,0.0,0.0
156360,Essence (K=15),0.047619047619047616,0.0
156624,Random,0.0,
156624,Popularity,0.0,
156624,CF (ItemKNN),0.2,
156624,Content (Avg Emb),0.0,
156624,Last-Item,0.0,
156624,Avg-Last-10,0.0,
156624,Recency-Weighted,0.0,
156624,Essence (K=15),0.0,
156678,Random,0.0,
156678,Popularity,0.0,
156678,CF (ItemKNN),0.0,
156678,Content (Avg Emb),0.0,
156678,Last-Item,0.0,
156678,Avg-Last-10,0.0,
156678,Recency-Weighted,0.0,
156678,Essence (K=15),0.0,
157224,Random,0.0,0.0
157224,Popularity,0.0,0.0
157224,CF (ItemKNN),0.09090909090909091,0.0
157224,Content (Avg Emb),0.0,0.0
157224,Last-Item,0.09090909090909091,0.3333333333333333
157224,Avg-Last-10,0.0,0.0
157224,Recency-Weighted,0.0,0.0
157224,Essence (K=15),0.0,0.0
157235,Random,0.0,0.0
157235,Popularity,0.1111111111111111,0.0
157235,CF (ItemKNN),0.1111111111111111,0.0
157235,Content (Avg Emb),0.0,0.0
157235,Last-Item,0.0,0.0
157235,Avg-Last-10,0.0,0.0
157235,Recency-Weighted,0.0,0.0
157235,Essence (K=15),0.0,0.0
157239,Random,0.0,
157239,Popularity,0.0,
157239,CF (ItemKNN),0.0,
157239,Content (Avg Emb),0.125,
157239,Last-Item,0.0,
157239,Avg-Last-10,0.0,
157239,Recency-Weighted,0.0,
157239,Essence (K=15),0.0,
157374,Random,0.0,
157374,Popularity,0.0,
157374,CF (ItemKNN),0.0,
157374,Content (Avg Emb),0.0,
157374,Last-Item,0.0,
157374,Avg-Last-10,0.0,
157374,Recency-Weighted,0.0,
157374,Essence (K=15),0.0,
157660,Random,0.0,
157660,Popularity,0.0,
157660,CF (ItemKNN),0.0,
157660,Content (Avg Emb),0.0,
157660,Last-Item,0.0,
157660,Avg-Last-10,0.0,
157660,Recency-Weighted,0.0,
157660,Essence (K=15),0.0,
157824,Random,0.0,
157824,Popularity,0.0,
157824,CF (ItemKNN),0.0,
157824,Content (Avg Emb),0.0,
157824,Last-Item,0.0,
157824,Avg-Last-10,0.0,
157824,Recency-Weighted,0.0,
157824,Essence (K=15),0.0,
158032,Random,0.0,
158032,Popularity,0.0,
158032,CF (ItemKNN),0.2,
158032,Content (Avg Emb),0.0,
158032,Last-Item,0.0,
158032,Avg-Last-10,0.0,
158032,Recency-Weighted,0.0,
158032,Essence (K=15),0.0,
158125,Random,0.0,
158125,Popularity,0.0,
158125,CF (ItemKNN),0.0,
158125,Content (Avg Emb),0.14285714285714285,
158125,Last-Item,0.14285714285714285,
158125,Avg-Last-10,0.2857142857142857,
158125,Recency-Weighted,0.2857142857142857,
158125,Essence (K=15),0.0,
158421,Random,0.0,
158421,Popularity,0.0,
158421,CF (ItemKNN),0.0,
158421,Content (Avg Emb),0.0,
158421,Last-Item,0.0,
158421,Avg-Last-10,0.0,
158421,Recency-Weighted,0.0,
158421,Essence (K=15),0.0,
158477,Random,0.0,0.0
158477,Popularity,0.0,0.0
158477,CF (ItemKNN),0.0,0.0
158477,Content (Avg Emb),0.0,0.0
158477,Last-Item,0.0,0.0
158477,Avg-Last-10,0.0,0.0
158477,Recency-Weighted,0.0,0.0
158477,Essence (K=15),0.0,0.0
158594,Random,0.0,
158594,Popularity,0.06666666666666667,
158594,CF (ItemKNN),0.13333333333333333,
158594,Content (Avg Emb),0.0,
158594,Last-Item,0.0,
158594,Avg-Last-10,0.0,
158594,Recency-Weighted,0.0,
158594,Essence (K=15),0.0,
158597,Random,0.0,
158597,Popularity,0.2,
158597,CF (ItemKNN),0.2,
158597,Content (Avg Emb),0.0,
158597,Last-Item,0.0,
158597,Avg-Last-10,0.0,
158597,Recency-Weighted,0.0,
158597,Essence (K=15),0.0,
158837,Random,0.0,0.0
158837,Popularity,0.0,0.0
158837,CF (ItemKNN),0.0,0.0
158837,Content (Avg Emb),0.0,0.0
158837,Last-Item,0.0,0.0
158837,Avg-Last-10,0.0,0.0
158837,Recency-Weighted,0.0,0.0
158837,Essence (K=15),0.2,0.5
158897,Random,0.0,
158897,Popularity,0.0,
158897,CF (ItemKNN),0.0,
158897,Content (Avg Emb),0.0,
158897,Last-Item,0.0,
158897,Avg-Last-10,0.0,
158897,Recency-Weighted,0.0,
158897,Essence (K=15),0.0,
158914,Random,0.0,0.0
158914,Popularity,0.1111111111111111,0.0
158914,CF (ItemKNN),0.1111111111111111,0.0
158914,Content (Avg Emb),0.0,0.0
158914,Last-Item,0.0,0.0
158914,Avg-Last-10,0.0,0.0
158914,Recency-Weighted,0.0,0.0
158914,Essence (K=15),0.0,0.0
159047,Random,0.0,
159047,Popularity,0.08333333333333333,
159047,CF (ItemKNN),0.08333333333333333,
159047,Content (Avg Emb),0.0,
159047,Last-Item,0.16666666666666666,
159047,Avg-Last-10,0.0,
159047,Recency-Weighted,0.0,
159047,Essence (K=15),0.0,
159131,Random,0.0,
159131,Popularity,0.0,
159131,CF (ItemKNN),0.0,
159131,Content (Avg Emb),0.0,
159131,Last-Item,0.0,
159131,Avg-Last-10,0.0,
159131,Recency-Weighted,0.0,
159131,Essence (K=15),0.0,
159183,Random,0.0,0.0
159183,Popularity,0.0,0.0
159183,CF (ItemKNN),0.14285714285714285,0.0
159183,Content (Avg Emb),0.0,0.0
159183,Last-Item,0.0,0.0
159183,Avg-Last-10,0.0,0.0
159183,Recency-Weighted,0.0,0.0
159183,Essence (K=15),0.0,0.0
159211,Random,0.0,
159211,Popularity,0.0,
159211,CF (ItemKNN),0.0,
159211,Content (Avg Emb),0.0,
159211,Last-Item,0.0,
159211,Avg-Last-10,0.0,
159211,Recency-Weighted,0.0,
159211,Essence (K=15),0.0,
159336,Random,0.0,
159336,Popularity,0.0,
159336,CF (ItemKNN),0.0,
159336,Content (Avg Emb),0.0,
159336,Last-Item,0.0,
159336,Avg-Last-10,0.0,
159336,Recency-Weighted,0.0,
159336,Essence (K=15),0.0,
159371,Random,0.0,0.0
159371,Popularity,0.0,0.0
159371,CF (ItemKNN),0.0,0.0
159371,Content (Avg Emb),0.0,0.0
159371,Last-Item,0.0,0.0
159371,Avg-Last-10,0.0,0.0
159371,Recency-Weighted,0.0,0.0
159371,Essence (K=15),0.0,0.0
159407,Random,0.0,
159407,Popularity,0.0,
159407,CF (ItemKNN),0.0,
159407,Content (Avg Emb),0.0,
159407,Last-Item,0.0,
159407,Avg-Last-10,0.0,
159407,Recency-Weighted,0.0,
159407,Essence (K=15),0.0,
159529,Random,0.0,0.0
159529,Popularity,0.0,0.0
159529,CF (ItemKNN),0.0,0.0
159529,Content (Avg Emb),0.0,0.0
159529,Last-Item,0.0,0.0
159529,Avg-Last-10,0.0,0.0
159529,Recency-Weighted,0.0,0.0
159529,Essence (K=15),0.0,0.0
159658,Random,0.0,0.0
159658,Popularity,0.1,0.0
159658,CF (ItemKNN),0.1,0.0
159658,Content (Avg Emb),0.0,0.0
159658,Last-Item,0.1,0.5
159658,Avg-Last-10,0.0,0.0
159658,Recency-Weighted,0.0,0.0
159658,Essence (K=15),0.0,0.0
159870,Random,0.05555555555555555,
159870,Popularity,0.1111111111111111,
159870,CF (ItemKNN),0.1111111111111111,
159870,Content (Avg Emb),0.0,
159870,Last-Item,0.0,
159870,Avg-Last-10,0.0,
159870,Recency-Weighted,0.0,
159870,Essence (K=15),0.0,
159876,Random,0.0,
159876,Popularity,0.25,
159876,CF (ItemKNN),0.0,
159876,Content (Avg Emb),0.0,
159876,Last-Item,0.0,
159876,Avg-Last-10,0.0,
159876,Recency-Weighted,0.0,
159876,Essence (K=15),0.0,
159957,Random,0.0,
159957,Popularity,0.07692307692307693,
159957,CF (ItemKNN),0.0,
159957,Content (Avg Emb),0.0,
159957,Last-Item,0.0,
159957,Avg-Last-10,0.0,
159957,Recency-Weighted,0.0,
159957,Essence (K=15),0.0,
159992,Random,0.0,
159992,Popularity,0.0,
159992,CF (ItemKNN),0.0,
159992,Content (Avg Emb),0.0,
159992,Last-Item,0.0,
159992,Avg-Last-10,0.0,
159992,Recency-Weighted,0.0,
159992,Essence (K=15),0.0,
160063,Random,0.0,
160063,Popularity,0.0,
160063,CF (ItemKNN),0.0,
160063,Content (Avg Emb),0.0,
160063,Last-Item,0.0,
160063,Avg-Last-10,0.0,
160063,Recency-Weighted,0.0,
160063,Essence (K=15),0.0,
160452,Random,0.0,
160452,Popularity,0.0,
160452,CF (ItemKNN),0.0,
160452,Content (Avg Emb),0.0,
160452,Last-Item,0.0,
160452,Avg-Last-10,0.09090909090909091,
160452,Recency-Weighted,0.09090909090909091,
160452,Essence (K=15),0.0,
160650,Random,0.0,
160650,Popularity,0.2,
160650,CF (ItemKNN),0.4,
160650,Content (Avg Emb),0.0,
160650,Last-Item,0.0,
160650,Avg-Last-10,0.0,
160650,Recency-Weighted,0.0,
160650,Essence (K=15),0.0,
160664,Random,0.0,0.0
160664,Popularity,0.0,0.0
160664,CF (ItemKNN),0.0,0.0
160664,Content (Avg Emb),0.0,0.0
160664,Last-Item,0.0,0.0
160664,Avg-Last-10,0.0,0.0
160664,Recency-Weighted,0.0,0.0
160664,Essence (K=15),0.0,0.0
160670,Random,0.0,
160670,Popularity,0.16666666666666666,
160670,CF (ItemKNN),0.16666666666666666,
160670,Content (Avg Emb),0.0,
160670,Last-Item,0.0,
160670,Avg-Last-10,0.0,
160670,Recency-Weighted,0.0,
160670,Essence (K=15),0.0,
160718,Random,0.0,
160718,Popularity,0.0,
160718,CF (ItemKNN),0.0,
160718,Content (Avg Emb),0.0,
160718,Last-Item,0.0,
160718,Avg-Last-10,0.0,
160718,Recency-Weighted,0.0,
160718,Essence (K=15),0.0,
160960,Random,0.0,
160960,Popularity,0.0,
160960,CF (ItemKNN),0.0,
160960,Content (Avg Emb),0.0,
160960,Last-Item,0.0,
160960,Avg-Last-10,0.0,
160960,Recency-Weighted,0.0,
160960,Essence (K=15),0.0,
160982,Random,0.0,
160982,Popularity,0.0,
160982,CF (ItemKNN),0.0,
160982,Content (Avg Emb),0.0,
160982,Last-Item,0.0,
160982,Avg-Last-10,0.0,
160982,Recency-Weighted,0.0,
160982,Essence (K=15),0.0,
161030,Random,0.0,
161030,Popularity,0.2,
161030,CF (ItemKNN),0.2,
161030,Content (Avg Emb),0.0,
161030,Last-Item,0.0,
161030,Avg-Last-10,0.0,
161030,Recency-Weighted,0.0,
161030,Essence (K=15),0.0,
161073,Random,0.0,0.0
161073,Popularity,0.15384615384615385,0.0
161073,CF (ItemKNN),0.0,0.0
161073,Content (Avg Emb),0.0,0.0
161073,Last-Item,0.0,0.0
161073,Avg-Last-10,0.0,0.0
161073,Recency-Weighted,0.0,0.0
161073,Essence (K=15),0.0,0.0
161116,Random,0.0,
161116,Popularity,0.36363636363636365,
161116,CF (ItemKNN),0.0,
161116,Content (Avg Emb),0.0,
161116,Last-Item,0.0,
161116,Avg-Last-10,0.0,
161116,Recency-Weighted,0.0,
161116,Essence (K=15),0.0,
161123,Random,0.0,
161123,Popularity,0.0,
161123,CF (ItemKNN),0.14285714285714285,
161123,Content (Avg Emb),0.0,
161123,Last-Item,0.0,
161123,Avg-Last-10,0.0,
161123,Recency-Weighted,0.0,
161123,Essence (K=15),0.0,
161129,Random,0.0,0.0
161129,Popularity,0.0,0.0
161129,CF (ItemKNN),0.06666666666666667,0.0
161129,Content (Avg Emb),0.0,0.0
161129,Last-Item,0.0,0.0
161129,Avg-Last-10,0.0,0.0
161129,Recency-Weighted,0.0,0.0
161129,Essence (K=15),0.0,0.0
161149,Random,0.0,
161149,Popularity,0.07142857142857142,
161149,CF (ItemKNN),0.07142857142857142,
161149,Content (Avg Emb),0.0,
161149,Last-Item,0.0,
161149,Avg-Last-10,0.0,
161149,Recency-Weighted,0.0,
161149,Essence (K=15),0.0,
161183,Random,0.0,
161183,Popularity,0.2,
161183,CF (ItemKNN),0.3,
161183,Content (Avg Emb),0.0,
161183,Last-Item,0.0,
161183,Avg-Last-10,0.0,
161183,Recency-Weighted,0.0,
161183,Essence (K=15),0.0,
161558,Random,0.0,
161558,Popularity,0.0,
161558,CF (ItemKNN),0.125,
161558,Content (Avg Emb),0.0,
161558,Last-Item,0.0,
161558,Avg-Last-10,0.0,
161558,Recency-Weighted,0.0,
161558,Essence (K=15),0.0,
161609,Random,0.0,
161609,Popularity,0.0,
161609,CF (ItemKNN),0.0,
161609,Content (Avg Emb),0.0,
161609,Last-Item,0.0,
161609,Avg-Last-10,0.0,
161609,Recency-Weighted,0.0,
161609,Essence (K=15),0.0,
161622,Random,0.0,
161622,Popularity,0.1,
161622,CF (ItemKNN),0.1,
161622,Content (Avg Emb),0.0,
161622,Last-Item,0.1,
161622,Avg-Last-10,0.0,
161622,Recency-Weighted,0.0,
161622,Essence (K=15),0.0,
161835,Random,0.0,
161835,Popularity,0.125,
161835,CF (ItemKNN),0.25,
161835,Content (Avg Emb),0.125,
161835,Last-Item,0.0,
161835,Avg-Last-10,0.125,
161835,Recency-Weighted,0.0,
161835,Essence (K=15),0.0,
161851,Random,0.0,0.0
161851,Popularity,0.19047619047619047,0.0
161851,CF (ItemKNN),0.14285714285714285,0.0
161851,Content (Avg Emb),0.0,0.0
161851,Last-Item,0.0,0.0
161851,Avg-Last-10,0.0,0.0
161851,Recency-Weighted,0.0,0.0
161851,Essence (K=15),0.0,0.0
161855,Random,0.0,
161855,Popularity,0.0,
161855,CF (ItemKNN),0.0,
161855,Content (Avg Emb),0.0,
161855,Last-Item,0.0,
161855,Avg-Last-10,0.0,
161855,Recency-Weighted,0.0,
161855,Essence (K=15),0.0,
162310,Random,0.0,
162310,Popularity,0.2,
162310,CF (ItemKNN),0.0,
162310,Content (Avg Emb),0.0,
162310,Last-Item,0.0,
162310,Avg-Last-10,0.0,
162310,Recency-Weighted,0.0,
162310,Essence (K=15),0.0,
