user_id,system,recall@10,long_tail_recall@10
AE22QREQKPIH3UAJZ4S6JQYJN7SQ,Random,0.0,0.0
AE22QREQKPIH3UAJZ4S6JQYJN7SQ,Popularity,0.0,0.0
AE22QREQKPIH3UAJZ4S6JQYJN7SQ,CF (ItemKNN),0.0,0.0
AE22QREQKPIH3UAJZ4S6JQYJN7SQ,Content (Avg Emb),0.0,0.0
AE22QREQKPIH3UAJZ4S6JQYJN7SQ,Last-Item,0.0,0.0
AE22QREQKPIH3UAJZ4S6JQYJN7SQ,Avg-Last-10,0.0,0.0
AE22QREQKPIH3UAJZ4S6JQYJN7SQ,Recency-Weighted,0.0,0.0
AE22QREQKPIH3UAJZ4S6JQYJN7SQ,Essence (K=10),0.041666666666666664,0.0
AE25KZVYXLI225BINWTSSPZF5UYA,Random,0.0,0.0
AE25KZVYXLI225BINWTSSPZF5UYA,Popularity,0.0,0.0
AE25KZVYXLI225BINWTSSPZF5UYA,CF (ItemKNN),0.0,0.0
AE25KZVYXLI225BINWTSSPZF5UYA,Content (Avg Emb),0.0,0.0
AE25KZVYXLI225BINWTSSPZF5UYA,Last-Item,0.0,0.0
AE25KZVYXLI225BINWTSSPZF5UYA,Avg-Last-10,0.0,0.0
AE25KZVYXLI225BINWTSSPZF5UYA,Recency-Weighted,0.0,0.0
AE25KZVYXLI225BINWTSSPZF5UYA,Essence (K=10),0.0,0.0
AE26SX7LMLO2K4PEYRNPKHFLLQZA,Random,0.0,0.0
AE26SX7LMLO2K4PEYRNPKHFLLQZA,Popularity,0.0,0.0
AE26SX7LMLO2K4PEYRNPKHFLLQZA,CF (ItemKNN),0.0,0.0
AE26SX7LMLO2K4PEYRNPKHFLLQZA,Content (Avg Emb),0.0,0.0
AE26SX7LMLO2K4PEYRNPKHFLLQZA,Last-Item,0.0,0.0
AE26SX7LMLO2K4PEYRNPKHFLLQZA,Avg-Last-10,0.0,0.0
AE26SX7LMLO2K4PEYRNPKHFLLQZA,Recency-Weighted,0.0,0.0
AE26SX7LMLO2K4PEYRNPKHFLLQZA,Essence (K=10),0.0,0.0
AE2CIYVTHRNDZWFBKNZLPE6CIOPQ,Random,0.0,
AE2CIYVTHRNDZWFBKNZLPE6CIOPQ,Popularity,0.0,
AE2CIYVTHRNDZWFBKNZLPE6CIOPQ,CF (ItemKNN),0.0,
AE2CIYVTHRNDZWFBKNZLPE6CIOPQ,Content (Avg Emb),0.0,
AE2CIYVTHRNDZWFBKNZLPE6CIOPQ,Last-Item,0.0,
AE2CIYVTHRNDZWFBKNZLPE6CIOPQ,Avg-Last-10,0.0,
AE2CIYVTHRNDZWFBKNZLPE6CIOPQ,Recency-Weighted,0.0,
AE2CIYVTHRNDZWFBKNZLPE6CIOPQ,Essence (K=10),0.0,
AE2DBSRSZKRSQPCI5VPXWPNP4TFQ,Random,0.0,0.0
AE2DBSRSZKRSQPCI5VPXWPNP4TFQ,Popularity,0.0,0.0
AE2DBSRSZKRSQPCI5VPXWPNP4TFQ,CF (ItemKNN),0.0,0.0
AE2DBSRSZKRSQPCI5VPXWPNP4TFQ,Content (Avg Emb),0.0,0.0
AE2DBSRSZKRSQPCI5VPXWPNP4TFQ,Last-Item,0.0,0.0
AE2DBSRSZKRSQPCI5VPXWPNP4TFQ,Avg-Last-10,0.0,0.0
AE2DBSRSZKRSQPCI5VPXWPNP4TFQ,Recency-Weighted,0.0,0.0
AE2DBSRSZKRSQPCI5VPXWPNP4TFQ,Essence (K=10),0.0,0.0
AE2G6GBCSK3JWF4B3M6DIF6ALEPA,Random,0.0,0.0
AE2G6GBCSK3JWF4B3M6DIF6ALEPA,Popularity,0.0,0.0
AE2G6GBCSK3JWF4B3M6DIF6ALEPA,CF (ItemKNN),0.0,0.0
AE2G6GBCSK3JWF4B3M6DIF6ALEPA,Content (Avg Emb),0.0,0.0
AE2G6GBCSK3JWF4B3M6DIF6ALEPA,Last-Item,0.0,0.0
AE2G6GBCSK3JWF4B3M6DIF6ALEPA,Avg-Last-10,0.0,0.0
AE2G6GBCSK3JWF4B3M6DIF6ALEPA,Recency-Weighted,0.0,0.0
AE2G6GBCSK3JWF4B3M6DIF6ALEPA,Essence (K=10),0.0,0.0
AE2IQU5BU2S4T6XWD5TB7I36V3MA,Random,0.0,0.0
AE2IQU5BU2S4T6XWD5TB7I36V3MA,Popularity,0.0,0.0
AE2IQU5BU2S4T6XWD5TB7I36V3MA,CF (ItemKNN),0.0,0.0
AE2IQU5BU2S4T6XWD5TB7I36V3MA,Content (Avg Emb),0.0,0.0
AE2IQU5BU2S4T6XWD5TB7I36V3MA,Last-Item,0.0,0.0
AE2IQU5BU2S4T6XWD5TB7I36V3MA,Avg-Last-10,0.0,0.0
AE2IQU5BU2S4T6XWD5TB7I36V3MA,Recency-Weighted,0.0,0.0
AE2IQU5BU2S4T6XWD5TB7I36V3MA,Essence (K=10),0.0,0.0
AE2J7QVQQAKJGMHSSF7NH4MSZ6GQ,Random,0.0,0.0
AE2J7QVQQAKJGMHSSF7NH4MSZ6GQ,Popularity,0.0,0.0
AE2J7QVQQAKJGMHSSF7NH4MSZ6GQ,CF (ItemKNN),0.0,0.0
AE2J7QVQQAKJGMHSSF7NH4MSZ6GQ,Content (Avg Emb),0.0,0.0
AE2J7QVQQAKJGMHSSF7NH4MSZ6GQ,Last-Item,0.0,0.0
AE2J7QVQQAKJGMHSSF7NH4MSZ6GQ,Avg-Last-10,0.0,0.0
AE2J7QVQQAKJGMHSSF7NH4MSZ6GQ,Recency-Weighted,0.0,0.0
AE2J7QVQQAKJGMHSSF7NH4MSZ6GQ,Essence (K=10),0.0,0.0
AE2KWAVEK6ZEGIGY34MDTINF7YFQ,Random,0.0,0.0
AE2KWAVEK6ZEGIGY34MDTINF7YFQ,Popularity,0.0,0.0
AE2KWAVEK6ZEGIGY34MDTINF7YFQ,CF (ItemKNN),0.0,0.0
AE2KWAVEK6ZEGIGY34MDTINF7YFQ,Content (Avg Emb),0.0,0.0
AE2KWAVEK6ZEGIGY34MDTINF7YFQ,Last-Item,0.0,0.0
AE2KWAVEK6ZEGIGY34MDTINF7YFQ,Avg-Last-10,0.0,0.0
AE2KWAVEK6ZEGIGY34MDTINF7YFQ,Recency-Weighted,0.0,0.0
AE2KWAVEK6ZEGIGY34MDTINF7YFQ,Essence (K=10),0.0,0.0
AE2LLLOASH2M43CNZQFEOSYAO5NA,Random,0.0,0.0
AE2LLLOASH2M43CNZQFEOSYAO5NA,Popularity,0.0,0.0
AE2LLLOASH2M43CNZQFEOSYAO5NA,CF (ItemKNN),0.0,0.0
AE2LLLOASH2M43CNZQFEOSYAO5NA,Content (Avg Emb),0.0,0.0
AE2LLLOASH2M43CNZQFEOSYAO5NA,Last-Item,0.0,0.0
AE2LLLOASH2M43CNZQFEOSYAO5NA,Avg-Last-10,0.0,0.0
AE2LLLOASH2M43CNZQFEOSYAO5NA,Recency-Weighted,0.0,0.0
AE2LLLOASH2M43CNZQFEOSYAO5NA,Essence (K=10),0.0,0.0
AE2NVOOGJRG3E5NJJOKAAANOT6GQ,Random,0.0,0.0
AE2NVOOGJRG3E5NJJOKAAANOT6GQ,Popularity,0.0,0.0
AE2NVOOGJRG3E5NJJOKAAANOT6GQ,CF (ItemKNN),0.0,0.0
AE2NVOOGJRG3E5NJJOKAAANOT6GQ,Content (Avg Emb),0.0,0.0
AE2NVOOGJRG3E5NJJOKAAANOT6GQ,Last-Item,0.0,0.0
AE2NVOOGJRG3E5NJJOKAAANOT6GQ,Avg-Last-10,0.0,0.0
AE2NVOOGJRG3E5NJJOKAAANOT6GQ,Recency-Weighted,0.0,0.0
AE2NVOOGJRG3E5NJJOKAAANOT6GQ,Essence (K=10),0.0,0.0
AE2U6CE7IRGCAK3JUGORLDTMW4KA,Random,0.0,0.0
AE2U6CE7IRGCAK3JUGORLDTMW4KA,Popularity,0.0,0.0
AE2U6CE7IRGCAK3JUGORLDTMW4KA,CF (ItemKNN),0.0,0.0
AE2U6CE7IRGCAK3JUGORLDTMW4KA,Content (Avg Emb),0.0,0.0
AE2U6CE7IRGCAK3JUGORLDTMW4KA,Last-Item,0.0,0.0
AE2U6CE7IRGCAK3JUGORLDTMW4KA,Avg-Last-10,0.0,0.0
AE2U6CE7IRGCAK3JUGORLDTMW4KA,Recency-Weighted,0.0,0.0
AE2U6CE7IRGCAK3JUGORLDTMW4KA,Essence (K=10),0.0,0.0
AE32HDUZSH52GITI7R6DN2FUUV5A,Random,0.0,0.0
AE32HDUZSH52GITI7R6DN2FUUV5A,Popularity,0.0,0.0
AE32HDUZSH52GITI7R6DN2FUUV5A,CF (ItemKNN),0.0,0.0
AE32HDUZSH52GITI7R6DN2FUUV5A,Content (Avg Emb),0.0,0.0
AE32HDUZSH52GITI7R6DN2FUUV5A,Last-Item,0.0,0.0
AE32HDUZSH52GITI7R6DN2FUUV5A,Avg-Last-10,0.0,0.0
AE32HDUZSH52GITI7R6DN2FUUV5A,Recency-Weighted,0.0,0.0
AE32HDUZSH52GITI7R6DN2FUUV5A,Essence (K=10),0.0,0.0
AE35VYQMITC2FTO5PXCBWJN5BXGQ,Random,0.0,0.0
AE35VYQMITC2FTO5PXCBWJN5BXGQ,Popularity,0.0,0.0
AE35VYQMITC2FTO5PXCBWJN5BXGQ,CF (ItemKNN),0.0,0.0
AE35VYQMITC2FTO5PXCBWJN5BXGQ,Content (Avg Emb),0.0,0.0
AE35VYQMITC2FTO5PXCBWJN5BXGQ,Last-Item,0.0,0.0
AE35VYQMITC2FTO5PXCBWJN5BXGQ,Avg-Last-10,0.0,0.0
AE35VYQMITC2FTO5PXCBWJN5BXGQ,Recency-Weighted,0.0,0.0
AE35VYQMITC2FTO5PXCBWJN5BXGQ,Essence (K=10),0.0,0.0
AE37WTEGPRBS55ISSFYTNCQTQ2ZA,Random,0.0,0.0
AE37WTEGPRBS55ISSFYTNCQTQ2ZA,Popularity,0.0,0.0
AE37WTEGPRBS55ISSFYTNCQTQ2ZA,CF (ItemKNN),0.0,0.0
AE37WTEGPRBS55ISSFYTNCQTQ2ZA,Content (Avg Emb),0.0,0.0
AE37WTEGPRBS55ISSFYTNCQTQ2ZA,Last-Item,0.0,0.0
AE37WTEGPRBS55ISSFYTNCQTQ2ZA,Avg-Last-10,0.0,0.0
AE37WTEGPRBS55ISSFYTNCQTQ2ZA,Recency-Weighted,0.0,0.0
AE37WTEGPRBS55ISSFYTNCQTQ2ZA,Essence (K=10),0.16666666666666666,0.0
AE3COBXW5OFTYHC3CZMR6COVBQCA,Random,0.0,
AE3COBXW5OFTYHC3CZMR6COVBQCA,Popularity,0.0,
AE3COBXW5OFTYHC3CZMR6COVBQCA,CF (ItemKNN),0.0,
AE3COBXW5OFTYHC3CZMR6COVBQCA,Content (Avg Emb),0.0,
AE3COBXW5OFTYHC3CZMR6COVBQCA,Last-Item,0.0,
AE3COBXW5OFTYHC3CZMR6COVBQCA,Avg-Last-10,0.4,
AE3COBXW5OFTYHC3CZMR6COVBQCA,Recency-Weighted,0.4,
AE3COBXW5OFTYHC3CZMR6COVBQCA,Essence (K=10),0.0,
AE3HTRBMQG3EFUJOL77KEFCUPAEQ,Random,0.0,0.0
AE3HTRBMQG3EFUJOL77KEFCUPAEQ,Popularity,0.0,0.0
AE3HTRBMQG3EFUJOL77KEFCUPAEQ,CF (ItemKNN),0.0,0.0
AE3HTRBMQG3EFUJOL77KEFCUPAEQ,Content (Avg Emb),0.0,0.0
AE3HTRBMQG3EFUJOL77KEFCUPAEQ,Last-Item,0.0,0.0
AE3HTRBMQG3EFUJOL77KEFCUPAEQ,Avg-Last-10,0.0,0.0
AE3HTRBMQG3EFUJOL77KEFCUPAEQ,Recency-Weighted,0.0,0.0
AE3HTRBMQG3EFUJOL77KEFCUPAEQ,Essence (K=10),0.0,0.0
AE3IGJR2Z5ZJOTDTGFE53C2QZ2TA,Random,0.0,0.0
AE3IGJR2Z5ZJOTDTGFE53C2QZ2TA,Popularity,0.0,0.0
AE3IGJR2Z5ZJOTDTGFE53C2QZ2TA,CF (ItemKNN),0.0,0.0
AE3IGJR2Z5ZJOTDTGFE53C2QZ2TA,Content (Avg Emb),0.0,0.0
AE3IGJR2Z5ZJOTDTGFE53C2QZ2TA,Last-Item,0.0,0.0
AE3IGJR2Z5ZJOTDTGFE53C2QZ2TA,Avg-Last-10,0.0,0.0
AE3IGJR2Z5ZJOTDTGFE53C2QZ2TA,Recency-Weighted,0.0,0.0
AE3IGJR2Z5ZJOTDTGFE53C2QZ2TA,Essence (K=10),0.0,0.0
AE3JYTQKSZ4JK4SMTSRSE4UZRY6Q,Random,0.0,0.0
AE3JYTQKSZ4JK4SMTSRSE4UZRY6Q,Popularity,0.0,0.0
AE3JYTQKSZ4JK4SMTSRSE4UZRY6Q,CF (ItemKNN),0.0,0.0
AE3JYTQKSZ4JK4SMTSRSE4UZRY6Q,Content (Avg Emb),0.0,0.0
AE3JYTQKSZ4JK4SMTSRSE4UZRY6Q,Last-Item,0.0,0.0
AE3JYTQKSZ4JK4SMTSRSE4UZRY6Q,Avg-Last-10,0.0,0.0
AE3JYTQKSZ4JK4SMTSRSE4UZRY6Q,Recency-Weighted,0.0,0.0
AE3JYTQKSZ4JK4SMTSRSE4UZRY6Q,Essence (K=10),0.0,0.0
AE3MWTIPZC75MXZ4IPYDALCZZYVQ,Random,0.0,
AE3MWTIPZC75MXZ4IPYDALCZZYVQ,Popularity,0.0,
AE3MWTIPZC75MXZ4IPYDALCZZYVQ,CF (ItemKNN),0.0,
AE3MWTIPZC75MXZ4IPYDALCZZYVQ,Content (Avg Emb),0.0,
AE3MWTIPZC75MXZ4IPYDALCZZYVQ,Last-Item,0.0,
AE3MWTIPZC75MXZ4IPYDALCZZYVQ,Avg-Last-10,0.0,
AE3MWTIPZC75MXZ4IPYDALCZZYVQ,Recency-Weighted,0.0,
AE3MWTIPZC75MXZ4IPYDALCZZYVQ,Essence (K=10),0.0,
AE3NAE7QNJSHKNR4BPQILAP6RPKQ,Random,0.0,0.0
AE3NAE7QNJSHKNR4BPQILAP6RPKQ,Popularity,0.0,0.0
AE3NAE7QNJSHKNR4BPQILAP6RPKQ,CF (ItemKNN),0.0,0.0
AE3NAE7QNJSHKNR4BPQILAP6RPKQ,Content (Avg Emb),0.0,0.0
AE3NAE7QNJSHKNR4BPQILAP6RPKQ,Last-Item,0.0,0.0
AE3NAE7QNJSHKNR4BPQILAP6RPKQ,Avg-Last-10,0.0,0.0
AE3NAE7QNJSHKNR4BPQILAP6RPKQ,Recency-Weighted,0.0,0.0
AE3NAE7QNJSHKNR4BPQILAP6RPKQ,Essence (K=10),0.0,0.0
AE3PBMQ4IBNTGUZ2CWL5J75ZAJHQ,Random,0.0,
AE3PBMQ4IBNTGUZ2CWL5J75ZAJHQ,Popularity,0.2,
AE3PBMQ4IBNTGUZ2CWL5J75ZAJHQ,CF (ItemKNN),0.2,
AE3PBMQ4IBNTGUZ2CWL5J75ZAJHQ,Content (Avg Emb),0.0,
AE3PBMQ4IBNTGUZ2CWL5J75ZAJHQ,Last-Item,0.4,
AE3PBMQ4IBNTGUZ2CWL5J75ZAJHQ,Avg-Last-10,0.0,
AE3PBMQ4IBNTGUZ2CWL5J75ZAJHQ,Recency-Weighted,0.0,
AE3PBMQ4IBNTGUZ2CWL5J75ZAJHQ,Essence (K=10),0.0,
AE3WZUBLOPABAABKJOFHDMRCVV4A,Random,0.0,0.0
AE3WZUBLOPABAABKJOFHDMRCVV4A,Popularity,0.0,0.0
AE3WZUBLOPABAABKJOFHDMRCVV4A,CF (ItemKNN),0.0,0.0
AE3WZUBLOPABAABKJOFHDMRCVV4A,Content (Avg Emb),0.0,0.0
AE3WZUBLOPABAABKJOFHDMRCVV4A,Last-Item,0.0,0.0
AE3WZUBLOPABAABKJOFHDMRCVV4A,Avg-Last-10,0.0,0.0
AE3WZUBLOPABAABKJOFHDMRCVV4A,Recency-Weighted,0.0,0.0
AE3WZUBLOPABAABKJOFHDMRCVV4A,Essence (K=10),0.0,0.0
AE3XUCYVADEOMJUZFZDA5E2YES4Q,Random,0.0,
AE3XUCYVADEOMJUZFZDA5E2YES4Q,Popularity,0.0,
AE3XUCYVADEOMJUZFZDA5E2YES4Q,CF (ItemKNN),0.0,
AE3XUCYVADEOMJUZFZDA5E2YES4Q,Content (Avg Emb),0.0,
AE3XUCYVADEOMJUZFZDA5E2YES4Q,Last-Item,0.0,
AE3XUCYVADEOMJUZFZDA5E2YES4Q,Avg-Last-10,0.0,
AE3XUCYVADEOMJUZFZDA5E2YES4Q,Recency-Weighted,0.0,
AE3XUCYVADEOMJUZFZDA5E2YES4Q,Essence (K=10),0.0,
AE44V2MTKPMOOSFLWV66YOUJSKMQ,Random,0.0,0.0
AE44V2MTKPMOOSFLWV66YOUJSKMQ,Popularity,0.0,0.0
AE44V2MTKPMOOSFLWV66YOUJSKMQ,CF (ItemKNN),0.0,0.0
AE44V2MTKPMOOSFLWV66YOUJSKMQ,Content (Avg Emb),0.0,0.0
AE44V2MTKPMOOSFLWV66YOUJSKMQ,Last-Item,0.0,0.0
AE44V2MTKPMOOSFLWV66YOUJSKMQ,Avg-Last-10,0.0,0.0
AE44V2MTKPMOOSFLWV66YOUJSKMQ,Recency-Weighted,0.0,0.0
AE44V2MTKPMOOSFLWV66YOUJSKMQ,Essence (K=10),0.4,0.0
AE44VGSUW6WGYRY4H3PFS5LGREPQ,Random,0.0,0.0
AE44VGSUW6WGYRY4H3PFS5LGREPQ,Popularity,0.0,0.0
AE44VGSUW6WGYRY4H3PFS5LGREPQ,CF (ItemKNN),0.2857142857142857,0.6666666666666666
AE44VGSUW6WGYRY4H3PFS5LGREPQ,Content (Avg Emb),0.2857142857142857,0.6666666666666666
AE44VGSUW6WGYRY4H3PFS5LGREPQ,Last-Item,0.0,0.0
AE44VGSUW6WGYRY4H3PFS5LGREPQ,Avg-Last-10,0.0,0.0
AE44VGSUW6WGYRY4H3PFS5LGREPQ,Recency-Weighted,0.0,0.0
AE44VGSUW6WGYRY4H3PFS5LGREPQ,Essence (K=10),0.0,0.0
AE46FRY5RNTLHWXBV2HMYAEZCHWQ,Random,0.0,
AE46FRY5RNTLHWXBV2HMYAEZCHWQ,Popularity,0.0,
AE46FRY5RNTLHWXBV2HMYAEZCHWQ,CF (ItemKNN),0.0,
AE46FRY5RNTLHWXBV2HMYAEZCHWQ,Content (Avg Emb),0.0,
AE46FRY5RNTLHWXBV2HMYAEZCHWQ,Last-Item,0.0,
AE46FRY5RNTLHWXBV2HMYAEZCHWQ,Avg-Last-10,0.0,
AE46FRY5RNTLHWXBV2HMYAEZCHWQ,Recency-Weighted,0.0,
AE46FRY5RNTLHWXBV2HMYAEZCHWQ,Essence (K=10),0.0,
AE47WT5K7AFNH46RHUXQ4EYITHOA,Random,0.0,0.0
AE47WT5K7AFNH46RHUXQ4EYITHOA,Popularity,0.0,0.0
AE47WT5K7AFNH46RHUXQ4EYITHOA,CF (ItemKNN),0.0,0.0
AE47WT5K7AFNH46RHUXQ4EYITHOA,Content (Avg Emb),0.0,0.0
AE47WT5K7AFNH46RHUXQ4EYITHOA,Last-Item,0.0,0.0
AE47WT5K7AFNH46RHUXQ4EYITHOA,Avg-Last-10,0.0,0.0
AE47WT5K7AFNH46RHUXQ4EYITHOA,Recency-Weighted,0.0,0.0
AE47WT5K7AFNH46RHUXQ4EYITHOA,Essence (K=10),0.16666666666666666,0.0
AE4ABLCSFABSZQ6DOHPXS4XBATYA,Random,0.0,0.0
AE4ABLCSFABSZQ6DOHPXS4XBATYA,Popularity,0.0,0.0
AE4ABLCSFABSZQ6DOHPXS4XBATYA,CF (ItemKNN),0.0,0.0
AE4ABLCSFABSZQ6DOHPXS4XBATYA,Content (Avg Emb),0.0,0.0
AE4ABLCSFABSZQ6DOHPXS4XBATYA,Last-Item,0.0,0.0
AE4ABLCSFABSZQ6DOHPXS4XBATYA,Avg-Last-10,0.0,0.0
AE4ABLCSFABSZQ6DOHPXS4XBATYA,Recency-Weighted,0.0,0.0
AE4ABLCSFABSZQ6DOHPXS4XBATYA,Essence (K=10),0.0,0.0
AE4C72WC4N6Q2PHFTNY5MUCIOP7Q,Random,0.0,0.0
AE4C72WC4N6Q2PHFTNY5MUCIOP7Q,Popularity,0.0,0.0
AE4C72WC4N6Q2PHFTNY5MUCIOP7Q,CF (ItemKNN),0.0,0.0
AE4C72WC4N6Q2PHFTNY5MUCIOP7Q,Content (Avg Emb),0.0,0.0
AE4C72WC4N6Q2PHFTNY5MUCIOP7Q,Last-Item,0.2,1.0
AE4C72WC4N6Q2PHFTNY5MUCIOP7Q,Avg-Last-10,0.0,0.0
AE4C72WC4N6Q2PHFTNY5MUCIOP7Q,Recency-Weighted,0.0,0.0
AE4C72WC4N6Q2PHFTNY5MUCIOP7Q,Essence (K=10),0.0,0.0
AE4CQGMVTIWGJ6T3XJUSF45YKGJA,Random,0.0,
AE4CQGMVTIWGJ6T3XJUSF45YKGJA,Popularity,0.0,
AE4CQGMVTIWGJ6T3XJUSF45YKGJA,CF (ItemKNN),0.0,
AE4CQGMVTIWGJ6T3XJUSF45YKGJA,Content (Avg Emb),0.0,
AE4CQGMVTIWGJ6T3XJUSF45YKGJA,Last-Item,0.2,
AE4CQGMVTIWGJ6T3XJUSF45YKGJA,Avg-Last-10,0.0,
AE4CQGMVTIWGJ6T3XJUSF45YKGJA,Recency-Weighted,0.0,
AE4CQGMVTIWGJ6T3XJUSF45YKGJA,Essence (K=10),0.0,
AE4CRXUI66OBA25BUIYCG5DQJF3Q,Random,0.0,0.0
AE4CRXUI66OBA25BUIYCG5DQJF3Q,Popularity,0.0,0.0
AE4CRXUI66OBA25BUIYCG5DQJF3Q,CF (ItemKNN),0.0,0.0
AE4CRXUI66OBA25BUIYCG5DQJF3Q,Content (Avg Emb),0.0,0.0
AE4CRXUI66OBA25BUIYCG5DQJF3Q,Last-Item,0.0,0.0
AE4CRXUI66OBA25BUIYCG5DQJF3Q,Avg-Last-10,0.0,0.0
AE4CRXUI66OBA25BUIYCG5DQJF3Q,Recency-Weighted,0.0,0.0
AE4CRXUI66OBA25BUIYCG5DQJF3Q,Essence (K=10),0.0,0.0
AE4DNZI6TWHYO6THDE2C3GDQQE6Q,Random,0.0,0.0
AE4DNZI6TWHYO6THDE2C3GDQQE6Q,Popularity,0.0,0.0
AE4DNZI6TWHYO6THDE2C3GDQQE6Q,CF (ItemKNN),0.0,0.0
AE4DNZI6TWHYO6THDE2C3GDQQE6Q,Content (Avg Emb),0.0,0.0
AE4DNZI6TWHYO6THDE2C3GDQQE6Q,Last-Item,0.0,0.0
AE4DNZI6TWHYO6THDE2C3GDQQE6Q,Avg-Last-10,0.0,0.0
AE4DNZI6TWHYO6THDE2C3GDQQE6Q,Recency-Weighted,0.0,0.0
AE4DNZI6TWHYO6THDE2C3GDQQE6Q,Essence (K=10),0.0,0.0
AE4EOQQBAXUMPONKMID7G2JIFXVQ,Random,0.0,0.0
AE4EOQQBAXUMPONKMID7G2JIFXVQ,Popularity,0.0,0.0
AE4EOQQBAXUMPONKMID7G2JIFXVQ,CF (ItemKNN),0.0,0.0
AE4EOQQBAXUMPONKMID7G2JIFXVQ,Content (Avg Emb),0.0,0.0
AE4EOQQBAXUMPONKMID7G2JIFXVQ,Last-Item,0.0,0.0
AE4EOQQBAXUMPONKMID7G2JIFXVQ,Avg-Last-10,0.0,0.0
AE4EOQQBAXUMPONKMID7G2JIFXVQ,Recency-Weighted,0.0,0.0
AE4EOQQBAXUMPONKMID7G2JIFXVQ,Essence (K=10),0.0,0.0
AE4FLXMHI7URGA3GO5G3OT6TMEMQ,Random,0.0,
AE4FLXMHI7URGA3GO5G3OT6TMEMQ,Popularity,0.0,
AE4FLXMHI7URGA3GO5G3OT6TMEMQ,CF (ItemKNN),0.0,
AE4FLXMHI7URGA3GO5G3OT6TMEMQ,Content (Avg Emb),0.0,
AE4FLXMHI7URGA3GO5G3OT6TMEMQ,Last-Item,0.0,
AE4FLXMHI7URGA3GO5G3OT6TMEMQ,Avg-Last-10,0.125,
AE4FLXMHI7URGA3GO5G3OT6TMEMQ,Recency-Weighted,0.0,
AE4FLXMHI7URGA3GO5G3OT6TMEMQ,Essence (K=10),0.125,
AE4I7GX2TQR7XNQXQRZXAS4PTPGA,Random,0.0,0.0
AE4I7GX2TQR7XNQXQRZXAS4PTPGA,Popularity,0.0,0.0
AE4I7GX2TQR7XNQXQRZXAS4PTPGA,CF (ItemKNN),0.0,0.0
AE4I7GX2TQR7XNQXQRZXAS4PTPGA,Content (Avg Emb),0.0,0.0
AE4I7GX2TQR7XNQXQRZXAS4PTPGA,Last-Item,0.0,0.0
AE4I7GX2TQR7XNQXQRZXAS4PTPGA,Avg-Last-10,0.0,0.0
AE4I7GX2TQR7XNQXQRZXAS4PTPGA,Recency-Weighted,0.0,0.0
AE4I7GX2TQR7XNQXQRZXAS4PTPGA,Essence (K=10),0.0,0.0
AE4ILAZWDWLKSQWLDO7PEN2GOKMA,Random,0.0,0.0
AE4ILAZWDWLKSQWLDO7PEN2GOKMA,Popularity,0.0,0.0
AE4ILAZWDWLKSQWLDO7PEN2GOKMA,CF (ItemKNN),0.0,0.0
AE4ILAZWDWLKSQWLDO7PEN2GOKMA,Content (Avg Emb),0.0,0.0
AE4ILAZWDWLKSQWLDO7PEN2GOKMA,Last-Item,0.0,0.0
AE4ILAZWDWLKSQWLDO7PEN2GOKMA,Avg-Last-10,0.0,0.0
AE4ILAZWDWLKSQWLDO7PEN2GOKMA,Recency-Weighted,0.0,0.0
AE4ILAZWDWLKSQWLDO7PEN2GOKMA,Essence (K=10),0.0,0.0
AE4OW3FBQBCNQXL2LB7ME2DPN6AQ,Random,0.0,
AE4OW3FBQBCNQXL2LB7ME2DPN6AQ,Popularity,0.0,
AE4OW3FBQBCNQXL2LB7ME2DPN6AQ,CF (ItemKNN),0.0,
AE4OW3FBQBCNQXL2LB7ME2DPN6AQ,Content (Avg Emb),0.0,
AE4OW3FBQBCNQXL2LB7ME2DPN6AQ,Last-Item,0.0,
AE4OW3FBQBCNQXL2LB7ME2DPN6AQ,Avg-Last-10,0.0,
AE4OW3FBQBCNQXL2LB7ME2DPN6AQ,Recency-Weighted,0.0,
AE4OW3FBQBCNQXL2LB7ME2DPN6AQ,Essence (K=10),0.0,
AE4PPMAHGXWTREGMJHENRV7Z57PA,Random,0.0,
AE4PPMAHGXWTREGMJHENRV7Z57PA,Popularity,0.0,
AE4PPMAHGXWTREGMJHENRV7Z57PA,CF (ItemKNN),0.0,
AE4PPMAHGXWTREGMJHENRV7Z57PA,Content (Avg Emb),0.0,
AE4PPMAHGXWTREGMJHENRV7Z57PA,Last-Item,0.0,
AE4PPMAHGXWTREGMJHENRV7Z57PA,Avg-Last-10,0.0,
AE4PPMAHGXWTREGMJHENRV7Z57PA,Recency-Weighted,0.0,
AE4PPMAHGXWTREGMJHENRV7Z57PA,Essence (K=10),0.0,
AE4T6JYZZP2R72BLU6NUWVQDORDQ,Random,0.0,
AE4T6JYZZP2R72BLU6NUWVQDORDQ,Popularity,0.0,
AE4T6JYZZP2R72BLU6NUWVQDORDQ,CF (ItemKNN),0.0,
AE4T6JYZZP2R72BLU6NUWVQDORDQ,Content (Avg Emb),0.0,
AE4T6JYZZP2R72BLU6NUWVQDORDQ,Last-Item,0.0,
AE4T6JYZZP2R72BLU6NUWVQDORDQ,Avg-Last-10,0.0,
AE4T6JYZZP2R72BLU6NUWVQDORDQ,Recency-Weighted,0.0,
AE4T6JYZZP2R72BLU6NUWVQDORDQ,Essence (K=10),0.0,
AE4TD66ALRCLYIMK5OY44W5SZBBQ,Random,0.0,
AE4TD66ALRCLYIMK5OY44W5SZBBQ,Popularity,0.0,
AE4TD66ALRCLYIMK5OY44W5SZBBQ,CF (ItemKNN),0.0,
AE4TD66ALRCLYIMK5OY44W5SZBBQ,Content (Avg Emb),0.0,
AE4TD66ALRCLYIMK5OY44W5SZBBQ,Last-Item,0.0,
AE4TD66ALRCLYIMK5OY44W5SZBBQ,Avg-Last-10,0.0,
AE4TD66ALRCLYIMK5OY44W5SZBBQ,Recency-Weighted,0.0,
AE4TD66ALRCLYIMK5OY44W5SZBBQ,Essence (K=10),0.0,
AE4YYQVEBYC5YPP7AQS5ZUNPBK6Q,Random,0.0,
AE4YYQVEBYC5YPP7AQS5ZUNPBK6Q,Popularity,0.0,
AE4YYQVEBYC5YPP7AQS5ZUNPBK6Q,CF (ItemKNN),0.0,
AE4YYQVEBYC5YPP7AQS5ZUNPBK6Q,Content (Avg Emb),0.0,
AE4YYQVEBYC5YPP7AQS5ZUNPBK6Q,Last-Item,0.0,
AE4YYQVEBYC5YPP7AQS5ZUNPBK6Q,Avg-Last-10,0.0,
AE4YYQVEBYC5YPP7AQS5ZUNPBK6Q,Recency-Weighted,0.0,
AE4YYQVEBYC5YPP7AQS5ZUNPBK6Q,Essence (K=10),0.0,
AE4ZNMPK6ZKMPJGRAM4AWPUF7IJA,Random,0.0,0.0
AE4ZNMPK6ZKMPJGRAM4AWPUF7IJA,Popularity,0.0,0.0
AE4ZNMPK6ZKMPJGRAM4AWPUF7IJA,CF (ItemKNN),0.0,0.0
AE4ZNMPK6ZKMPJGRAM4AWPUF7IJA,Content (Avg Emb),0.0,0.0
AE4ZNMPK6ZKMPJGRAM4AWPUF7IJA,Last-Item,0.0,0.0
AE4ZNMPK6ZKMPJGRAM4AWPUF7IJA,Avg-Last-10,0.0,0.0
AE4ZNMPK6ZKMPJGRAM4AWPUF7IJA,Recency-Weighted,0.0,0.0
AE4ZNMPK6ZKMPJGRAM4AWPUF7IJA,Essence (K=10),0.0,0.0
AE54SYOPJ52GHOHSGDHFLCYC5F6A,Random,0.0,0.0
AE54SYOPJ52GHOHSGDHFLCYC5F6A,Popularity,0.0,0.0
AE54SYOPJ52GHOHSGDHFLCYC5F6A,CF (ItemKNN),0.0,0.0
AE54SYOPJ52GHOHSGDHFLCYC5F6A,Content (Avg Emb),0.0,0.0
AE54SYOPJ52GHOHSGDHFLCYC5F6A,Last-Item,0.0,0.0
AE54SYOPJ52GHOHSGDHFLCYC5F6A,Avg-Last-10,0.0,0.0
AE54SYOPJ52GHOHSGDHFLCYC5F6A,Recency-Weighted,0.0,0.0
AE54SYOPJ52GHOHSGDHFLCYC5F6A,Essence (K=10),0.0,0.0
AE55ECRXTPCQQ44RJEVM6KH2JAQQ,Random,0.0,0.0
AE55ECRXTPCQQ44RJEVM6KH2JAQQ,Popularity,0.0,0.0
AE55ECRXTPCQQ44RJEVM6KH2JAQQ,CF (ItemKNN),0.0,0.0
AE55ECRXTPCQQ44RJEVM6KH2JAQQ,Content (Avg Emb),0.0,0.0
AE55ECRXTPCQQ44RJEVM6KH2JAQQ,Last-Item,0.0,0.0
AE55ECRXTPCQQ44RJEVM6KH2JAQQ,Avg-Last-10,0.2,0.0
AE55ECRXTPCQQ44RJEVM6KH2JAQQ,Recency-Weighted,0.2,0.0
AE55ECRXTPCQQ44RJEVM6KH2JAQQ,Essence (K=10),0.0,0.0
AE5BVWBAA7EXU7WTEFP5ZM3ITMRQ,Random,0.0,0.0
AE5BVWBAA7EXU7WTEFP5ZM3ITMRQ,Popularity,0.0,0.0
AE5BVWBAA7EXU7WTEFP5ZM3ITMRQ,CF (ItemKNN),0.0,0.0
AE5BVWBAA7EXU7WTEFP5ZM3ITMRQ,Content (Avg Emb),0.0,0.0
AE5BVWBAA7EXU7WTEFP5ZM3ITMRQ,Last-Item,0.0,0.0
AE5BVWBAA7EXU7WTEFP5ZM3ITMRQ,Avg-Last-10,0.0,0.0
AE5BVWBAA7EXU7WTEFP5ZM3ITMRQ,Recency-Weighted,0.0,0.0
AE5BVWBAA7EXU7WTEFP5ZM3ITMRQ,Essence (K=10),0.0,0.0
AE5C4WFS2SPYDTQPDZBAWX3BZFWQ,Random,0.0,
AE5C4WFS2SPYDTQPDZBAWX3BZFWQ,Popularity,0.0,
AE5C4WFS2SPYDTQPDZBAWX3BZFWQ,CF (ItemKNN),0.0,
AE5C4WFS2SPYDTQPDZBAWX3BZFWQ,Content (Avg Emb),0.0,
AE5C4WFS2SPYDTQPDZBAWX3BZFWQ,Last-Item,0.25,
AE5C4WFS2SPYDTQPDZBAWX3BZFWQ,Avg-Last-10,0.0,
AE5C4WFS2SPYDTQPDZBAWX3BZFWQ,Recency-Weighted,0.0,
AE5C4WFS2SPYDTQPDZBAWX3BZFWQ,Essence (K=10),0.0,
AE5CNELSK3754MOIHTEPZTOOQGNA,Random,0.0,0.0
AE5CNELSK3754MOIHTEPZTOOQGNA,Popularity,0.0,0.0
AE5CNELSK3754MOIHTEPZTOOQGNA,CF (ItemKNN),0.0,0.0
AE5CNELSK3754MOIHTEPZTOOQGNA,Content (Avg Emb),0.0,0.0
AE5CNELSK3754MOIHTEPZTOOQGNA,Last-Item,0.0,0.0
AE5CNELSK3754MOIHTEPZTOOQGNA,Avg-Last-10,0.0,0.0
AE5CNELSK3754MOIHTEPZTOOQGNA,Recency-Weighted,0.0,0.0
AE5CNELSK3754MOIHTEPZTOOQGNA,Essence (K=10),0.0,0.0
AE5IE2EN4J6V7SYVHYCEFR36VYWA,Random,0.0,
AE5IE2EN4J6V7SYVHYCEFR36VYWA,Popularity,0.0,
AE5IE2EN4J6V7SYVHYCEFR36VYWA,CF (ItemKNN),0.0,
AE5IE2EN4J6V7SYVHYCEFR36VYWA,Content (Avg Emb),0.0,
AE5IE2EN4J6V7SYVHYCEFR36VYWA,Last-Item,0.0,
AE5IE2EN4J6V7SYVHYCEFR36VYWA,Avg-Last-10,0.0,
AE5IE2EN4J6V7SYVHYCEFR36VYWA,Recency-Weighted,0.0,
AE5IE2EN4J6V7SYVHYCEFR36VYWA,Essence (K=10),0.0,
AE5K7Y6SGXT4RMXIPPFDZFRY72XA,Random,0.0,0.0
AE5K7Y6SGXT4RMXIPPFDZFRY72XA,Popularity,0.0,0.0
AE5K7Y6SGXT4RMXIPPFDZFRY72XA,CF (ItemKNN),0.0,0.0
AE5K7Y6SGXT4RMXIPPFDZFRY72XA,Content (Avg Emb),0.0,0.0
AE5K7Y6SGXT4RMXIPPFDZFRY72XA,Last-Item,0.25,0.0
AE5K7Y6SGXT4RMXIPPFDZFRY72XA,Avg-Last-10,0.0,0.0
AE5K7Y6SGXT4RMXIPPFDZFRY72XA,Recency-Weighted,0.0,0.0
AE5K7Y6SGXT4RMXIPPFDZFRY72XA,Essence (K=10),0.0,0.0
AE5LLHS353EEQZMF5H72X5CT32WA,Random,0.0,0.0
AE5LLHS353EEQZMF5H72X5CT32WA,Popularity,0.0,0.0
AE5LLHS353EEQZMF5H72X5CT32WA,CF (ItemKNN),0.0,0.0
AE5LLHS353EEQZMF5H72X5CT32WA,Content (Avg Emb),0.0,0.0
AE5LLHS353EEQZMF5H72X5CT32WA,Last-Item,0.0,0.0
AE5LLHS353EEQZMF5H72X5CT32WA,Avg-Last-10,0.0,0.0
AE5LLHS353EEQZMF5H72X5CT32WA,Recency-Weighted,0.0,0.0
AE5LLHS353EEQZMF5H72X5CT32WA,Essence (K=10),0.0,0.0
AE5MZZ3CUCW2GX63V5FECI4RS3HA,Random,0.0,0.0
AE5MZZ3CUCW2GX63V5FECI4RS3HA,Popularity,0.0,0.0
AE5MZZ3CUCW2GX63V5FECI4RS3HA,CF (ItemKNN),0.0,0.0
AE5MZZ3CUCW2GX63V5FECI4RS3HA,Content (Avg Emb),0.0,0.0
AE5MZZ3CUCW2GX63V5FECI4RS3HA,Last-Item,0.0,0.0
AE5MZZ3CUCW2GX63V5FECI4RS3HA,Avg-Last-10,0.0,0.0
AE5MZZ3CUCW2GX63V5FECI4RS3HA,Recency-Weighted,0.0,0.0
AE5MZZ3CUCW2GX63V5FECI4RS3HA,Essence (K=10),0.0,0.0
AE5NEGRTTNB3VY4STGMZHWYJH5AQ,Random,0.0,0.0
AE5NEGRTTNB3VY4STGMZHWYJH5AQ,Popularity,0.0,0.0
AE5NEGRTTNB3VY4STGMZHWYJH5AQ,CF (ItemKNN),0.0,0.0
AE5NEGRTTNB3VY4STGMZHWYJH5AQ,Content (Avg Emb),0.0,0.0
AE5NEGRTTNB3VY4STGMZHWYJH5AQ,Last-Item,0.0,0.0
AE5NEGRTTNB3VY4STGMZHWYJH5AQ,Avg-Last-10,0.0,0.0
AE5NEGRTTNB3VY4STGMZHWYJH5AQ,Recency-Weighted,0.0,0.0
AE5NEGRTTNB3VY4STGMZHWYJH5AQ,Essence (K=10),0.2,1.0
AE5OOG2HWWVLBSUJGGIZWWTT2N4Q,Random,0.0,0.0
AE5OOG2HWWVLBSUJGGIZWWTT2N4Q,Popularity,0.0,0.0
AE5OOG2HWWVLBSUJGGIZWWTT2N4Q,CF (ItemKNN),0.0,0.0
AE5OOG2HWWVLBSUJGGIZWWTT2N4Q,Content (Avg Emb),0.0,0.0
AE5OOG2HWWVLBSUJGGIZWWTT2N4Q,Last-Item,0.0,0.0
AE5OOG2HWWVLBSUJGGIZWWTT2N4Q,Avg-Last-10,0.0,0.0
AE5OOG2HWWVLBSUJGGIZWWTT2N4Q,Recency-Weighted,0.0,0.0
AE5OOG2HWWVLBSUJGGIZWWTT2N4Q,Essence (K=10),0.0,0.0
AE5TPWVNARWKJKYV6C7FG256P7IQ,Random,0.0,0.0
AE5TPWVNARWKJKYV6C7FG256P7IQ,Popularity,0.0,0.0
AE5TPWVNARWKJKYV6C7FG256P7IQ,CF (ItemKNN),0.0,0.0
AE5TPWVNARWKJKYV6C7FG256P7IQ,Content (Avg Emb),0.0,0.0
AE5TPWVNARWKJKYV6C7FG256P7IQ,Last-Item,0.0,0.0
AE5TPWVNARWKJKYV6C7FG256P7IQ,Avg-Last-10,0.0,0.0
AE5TPWVNARWKJKYV6C7FG256P7IQ,Recency-Weighted,0.0,0.0
AE5TPWVNARWKJKYV6C7FG256P7IQ,Essence (K=10),0.0,0.0
AE5USSV75BRLJFTG5MPVZHHBHSGQ,Random,0.0,0.0
AE5USSV75BRLJFTG5MPVZHHBHSGQ,Popularity,0.0,0.0
AE5USSV75BRLJFTG5MPVZHHBHSGQ,CF (ItemKNN),0.0,0.0
AE5USSV75BRLJFTG5MPVZHHBHSGQ,Content (Avg Emb),0.0,0.0
AE5USSV75BRLJFTG5MPVZHHBHSGQ,Last-Item,0.0,0.0
AE5USSV75BRLJFTG5MPVZHHBHSGQ,Avg-Last-10,0.0,0.0
AE5USSV75BRLJFTG5MPVZHHBHSGQ,Recency-Weighted,0.0,0.0
AE5USSV75BRLJFTG5MPVZHHBHSGQ,Essence (K=10),0.0,0.0
AE5VKMHFL2MVZ6PD56Y235F7QHLQ,Random,0.0,0.0
AE5VKMHFL2MVZ6PD56Y235F7QHLQ,Popularity,0.0,0.0
AE5VKMHFL2MVZ6PD56Y235F7QHLQ,CF (ItemKNN),0.0,0.0
AE5VKMHFL2MVZ6PD56Y235F7QHLQ,Content (Avg Emb),0.0,0.0
AE5VKMHFL2MVZ6PD56Y235F7QHLQ,Last-Item,0.0,0.0
AE5VKMHFL2MVZ6PD56Y235F7QHLQ,Avg-Last-10,0.0,0.0
AE5VKMHFL2MVZ6PD56Y235F7QHLQ,Recency-Weighted,0.0,0.0
AE5VKMHFL2MVZ6PD56Y235F7QHLQ,Essence (K=10),0.0,0.0
AE5VYX42SDF2F637VFZJQWUH7GUQ,Random,0.0,0.0
AE5VYX42SDF2F637VFZJQWUH7GUQ,Popularity,0.0,0.0
AE5VYX42SDF2F637VFZJQWUH7GUQ,CF (ItemKNN),0.09090909090909091,0.5
AE5VYX42SDF2F637VFZJQWUH7GUQ,Content (Avg Emb),0.0,0.0
AE5VYX42SDF2F637VFZJQWUH7GUQ,Last-Item,0.45454545454545453,0.0
AE5VYX42SDF2F637VFZJQWUH7GUQ,Avg-Last-10,0.0,0.0
AE5VYX42SDF2F637VFZJQWUH7GUQ,Recency-Weighted,0.36363636363636365,0.0
AE5VYX42SDF2F637VFZJQWUH7GUQ,Essence (K=10),0.0,0.0
AE5Y4VFEU2I232436UKWIE76LWMQ,Random,0.0,
AE5Y4VFEU2I232436UKWIE76LWMQ,Popularity,0.0,
AE5Y4VFEU2I232436UKWIE76LWMQ,CF (ItemKNN),0.0,
AE5Y4VFEU2I232436UKWIE76LWMQ,Content (Avg Emb),0.0,
AE5Y4VFEU2I232436UKWIE76LWMQ,Last-Item,0.0,
AE5Y4VFEU2I232436UKWIE76LWMQ,Avg-Last-10,0.0,
AE5Y4VFEU2I232436UKWIE76LWMQ,Recency-Weighted,0.0,
AE5Y4VFEU2I232436UKWIE76LWMQ,Essence (K=10),0.0,
AE62276TRHZGYQJ7Z65EIRHNL36Q,Random,0.0,0.0
AE62276TRHZGYQJ7Z65EIRHNL36Q,Popularity,0.0,0.0
AE62276TRHZGYQJ7Z65EIRHNL36Q,CF (ItemKNN),0.0,0.0
AE62276TRHZGYQJ7Z65EIRHNL36Q,Content (Avg Emb),0.2,0.0
AE62276TRHZGYQJ7Z65EIRHNL36Q,Last-Item,0.0,0.0
AE62276TRHZGYQJ7Z65EIRHNL36Q,Avg-Last-10,0.2,0.0
AE62276TRHZGYQJ7Z65EIRHNL36Q,Recency-Weighted,0.0,0.0
AE62276TRHZGYQJ7Z65EIRHNL36Q,Essence (K=10),0.2,0.0
AE62J2CQOXAEUL3TXRKUUZRRKM3A,Random,0.0,
AE62J2CQOXAEUL3TXRKUUZRRKM3A,Popularity,0.0,
AE62J2CQOXAEUL3TXRKUUZRRKM3A,CF (ItemKNN),0.0,
AE62J2CQOXAEUL3TXRKUUZRRKM3A,Content (Avg Emb),0.0,
AE62J2CQOXAEUL3TXRKUUZRRKM3A,Last-Item,0.0,
AE62J2CQOXAEUL3TXRKUUZRRKM3A,Avg-Last-10,0.5,
AE62J2CQOXAEUL3TXRKUUZRRKM3A,Recency-Weighted,0.0,
AE62J2CQOXAEUL3TXRKUUZRRKM3A,Essence (K=10),0.0,
AE63FBJI5ONFSOD7L5MITC7HRMBA,Random,0.0,0.0
AE63FBJI5ONFSOD7L5MITC7HRMBA,Popularity,0.0,0.0
AE63FBJI5ONFSOD7L5MITC7HRMBA,CF (ItemKNN),0.0,0.0
AE63FBJI5ONFSOD7L5MITC7HRMBA,Content (Avg Emb),0.0,0.0
AE63FBJI5ONFSOD7L5MITC7HRMBA,Last-Item,0.0,0.0
AE63FBJI5ONFSOD7L5MITC7HRMBA,Avg-Last-10,0.0,0.0
AE63FBJI5ONFSOD7L5MITC7HRMBA,Recency-Weighted,0.0,0.0
AE63FBJI5ONFSOD7L5MITC7HRMBA,Essence (K=10),0.0,0.0
AE63L76DFRGNRUWZL236PGQ2TPSQ,Random,0.0,
AE63L76DFRGNRUWZL236PGQ2TPSQ,Popularity,0.0,
AE63L76DFRGNRUWZL236PGQ2TPSQ,CF (ItemKNN),0.0,
AE63L76DFRGNRUWZL236PGQ2TPSQ,Content (Avg Emb),0.0,
AE63L76DFRGNRUWZL236PGQ2TPSQ,Last-Item,0.0,
AE63L76DFRGNRUWZL236PGQ2TPSQ,Avg-Last-10,0.0,
AE63L76DFRGNRUWZL236PGQ2TPSQ,Recency-Weighted,0.0,
AE63L76DFRGNRUWZL236PGQ2TPSQ,Essence (K=10),0.0,
AE64VZXDJSKMV24SNZEOCQUSJ5KQ,Random,0.0,
AE64VZXDJSKMV24SNZEOCQUSJ5KQ,Popularity,0.0,
AE64VZXDJSKMV24SNZEOCQUSJ5KQ,CF (ItemKNN),0.0,
AE64VZXDJSKMV24SNZEOCQUSJ5KQ,Content (Avg Emb),0.0,
AE64VZXDJSKMV24SNZEOCQUSJ5KQ,Last-Item,0.0,
AE64VZXDJSKMV24SNZEOCQUSJ5KQ,Avg-Last-10,0.0,
AE64VZXDJSKMV24SNZEOCQUSJ5KQ,Recency-Weighted,0.0,
AE64VZXDJSKMV24SNZEOCQUSJ5KQ,Essence (K=10),0.0,
AE65QDZIHJC2IYZVF5CBICK4BPSQ,Random,0.0,0.0
AE65QDZIHJC2IYZVF5CBICK4BPSQ,Popularity,0.0,0.0
AE65QDZIHJC2IYZVF5CBICK4BPSQ,CF (ItemKNN),0.0,0.0
AE65QDZIHJC2IYZVF5CBICK4BPSQ,Content (Avg Emb),0.0,0.0
AE65QDZIHJC2IYZVF5CBICK4BPSQ,Last-Item,0.0,0.0
AE65QDZIHJC2IYZVF5CBICK4BPSQ,Avg-Last-10,0.0,0.0
AE65QDZIHJC2IYZVF5CBICK4BPSQ,Recency-Weighted,0.0,0.0
AE65QDZIHJC2IYZVF5CBICK4BPSQ,Essence (K=10),0.0,0.0
AE66EBULKVMZXLCZXPSLHXQBYMFQ,Random,0.0,0.0
AE66EBULKVMZXLCZXPSLHXQBYMFQ,Popularity,0.0,0.0
AE66EBULKVMZXLCZXPSLHXQBYMFQ,CF (ItemKNN),0.0,0.0
AE66EBULKVMZXLCZXPSLHXQBYMFQ,Content (Avg Emb),0.0,0.0
AE66EBULKVMZXLCZXPSLHXQBYMFQ,Last-Item,0.0,0.0
AE66EBULKVMZXLCZXPSLHXQBYMFQ,Avg-Last-10,0.0,0.0
AE66EBULKVMZXLCZXPSLHXQBYMFQ,Recency-Weighted,0.0,0.0
AE66EBULKVMZXLCZXPSLHXQBYMFQ,Essence (K=10),0.0,0.0
AE67LURWREPNLBFI6WQMCXAIREIA,Random,0.0,0.0
AE67LURWREPNLBFI6WQMCXAIREIA,Popularity,0.0,0.0
AE67LURWREPNLBFI6WQMCXAIREIA,CF (ItemKNN),0.0,0.0
AE67LURWREPNLBFI6WQMCXAIREIA,Content (Avg Emb),0.0,0.0
AE67LURWREPNLBFI6WQMCXAIREIA,Last-Item,0.0,0.0
AE67LURWREPNLBFI6WQMCXAIREIA,Avg-Last-10,0.0,0.0
AE67LURWREPNLBFI6WQMCXAIREIA,Recency-Weighted,0.0,0.0
AE67LURWREPNLBFI6WQMCXAIREIA,Essence (K=10),0.0,0.0
AE6A4JKKQBOARZKVNXYQ5322YAUQ,Random,0.0,0.0
AE6A4JKKQBOARZKVNXYQ5322YAUQ,Popularity,0.0,0.0
AE6A4JKKQBOARZKVNXYQ5322YAUQ,CF (ItemKNN),0.0,0.0
AE6A4JKKQBOARZKVNXYQ5322YAUQ,Content (Avg Emb),0.0,0.0
AE6A4JKKQBOARZKVNXYQ5322YAUQ,Last-Item,0.0,0.0
AE6A4JKKQBOARZKVNXYQ5322YAUQ,Avg-Last-10,0.0,0.0
AE6A4JKKQBOARZKVNXYQ5322YAUQ,Recency-Weighted,0.0,0.0
AE6A4JKKQBOARZKVNXYQ5322YAUQ,Essence (K=10),0.2,0.0
AE6CII26B3HE5344U4WKU4YFIX7A,Random,0.0,0.0
AE6CII26B3HE5344U4WKU4YFIX7A,Popularity,0.0,0.0
AE6CII26B3HE5344U4WKU4YFIX7A,CF (ItemKNN),0.0,0.0
AE6CII26B3HE5344U4WKU4YFIX7A,Content (Avg Emb),0.0,0.0
AE6CII26B3HE5344U4WKU4YFIX7A,Last-Item,0.0,0.0
AE6CII26B3HE5344U4WKU4YFIX7A,Avg-Last-10,0.0,0.0
AE6CII26B3HE5344U4WKU4YFIX7A,Recency-Weighted,0.0,0.0
AE6CII26B3HE5344U4WKU4YFIX7A,Essence (K=10),0.0,0.0
AE6EAFYUBXA23JXECGL7KLW2G45A,Random,0.0,
AE6EAFYUBXA23JXECGL7KLW2G45A,Popularity,0.0,
AE6EAFYUBXA23JXECGL7KLW2G45A,CF (ItemKNN),0.0,
AE6EAFYUBXA23JXECGL7KLW2G45A,Content (Avg Emb),0.0,
AE6EAFYUBXA23JXECGL7KLW2G45A,Last-Item,0.16666666666666666,
AE6EAFYUBXA23JXECGL7KLW2G45A,Avg-Last-10,0.0,
AE6EAFYUBXA23JXECGL7KLW2G45A,Recency-Weighted,0.0,
AE6EAFYUBXA23JXECGL7KLW2G45A,Essence (K=10),0.0,
AE6JZA6NUPFAFBZ2D47M7QYR3Z3Q,Random,0.0,0.0
AE6JZA6NUPFAFBZ2D47M7QYR3Z3Q,Popularity,0.0,0.0
AE6JZA6NUPFAFBZ2D47M7QYR3Z3Q,CF (ItemKNN),0.0,0.0
AE6JZA6NUPFAFBZ2D47M7QYR3Z3Q,Content (Avg Emb),0.0,0.0
AE6JZA6NUPFAFBZ2D47M7QYR3Z3Q,Last-Item,0.0,0.0
AE6JZA6NUPFAFBZ2D47M7QYR3Z3Q,Avg-Last-10,0.3333333333333333,0.0
AE6JZA6NUPFAFBZ2D47M7QYR3Z3Q,Recency-Weighted,0.3333333333333333,0.0
AE6JZA6NUPFAFBZ2D47M7QYR3Z3Q,Essence (K=10),0.0,0.0
AE6KWWWQCSYI6YGMLG6Q4CRXZKKA,Random,0.0,0.0
AE6KWWWQCSYI6YGMLG6Q4CRXZKKA,Popularity,0.0,0.0
AE6KWWWQCSYI6YGMLG6Q4CRXZKKA,CF (ItemKNN),0.0,0.0
AE6KWWWQCSYI6YGMLG6Q4CRXZKKA,Content (Avg Emb),0.0,0.0
AE6KWWWQCSYI6YGMLG6Q4CRXZKKA,Last-Item,0.0,0.0
AE6KWWWQCSYI6YGMLG6Q4CRXZKKA,Avg-Last-10,0.0,0.0
AE6KWWWQCSYI6YGMLG6Q4CRXZKKA,Recency-Weighted,0.0,0.0
AE6KWWWQCSYI6YGMLG6Q4CRXZKKA,Essence (K=10),0.0,0.0
AE6N6L4YU4WV5FTW7Z7W6WFTWJMQ,Random,0.0,
AE6N6L4YU4WV5FTW7Z7W6WFTWJMQ,Popularity,0.0,
AE6N6L4YU4WV5FTW7Z7W6WFTWJMQ,CF (ItemKNN),0.0,
AE6N6L4YU4WV5FTW7Z7W6WFTWJMQ,Content (Avg Emb),0.25,
AE6N6L4YU4WV5FTW7Z7W6WFTWJMQ,Last-Item,0.0,
AE6N6L4YU4WV5FTW7Z7W6WFTWJMQ,Avg-Last-10,0.25,
AE6N6L4YU4WV5FTW7Z7W6WFTWJMQ,Recency-Weighted,0.25,
AE6N6L4YU4WV5FTW7Z7W6WFTWJMQ,Essence (K=10),0.0,
AE6OGJLCQRH7QS36K25GTOYOQA7A,Random,0.0,
AE6OGJLCQRH7QS36K25GTOYOQA7A,Popularity,0.0,
AE6OGJLCQRH7QS36K25GTOYOQA7A,CF (ItemKNN),0.0,
AE6OGJLCQRH7QS36K25GTOYOQA7A,Content (Avg Emb),0.0,
AE6OGJLCQRH7QS36K25GTOYOQA7A,Last-Item,0.0,
AE6OGJLCQRH7QS36K25GTOYOQA7A,Avg-Last-10,0.0,
AE6OGJLCQRH7QS36K25GTOYOQA7A,Recency-Weighted,0.0,
AE6OGJLCQRH7QS36K25GTOYOQA7A,Essence (K=10),0.0,
AE6P6W6MPLJXA5VE5W2RCN4UWSKQ,Random,0.0,0.0
AE6P6W6MPLJXA5VE5W2RCN4UWSKQ,Popularity,0.0,0.0
AE6P6W6MPLJXA5VE5W2RCN4UWSKQ,CF (ItemKNN),0.0,0.0
AE6P6W6MPLJXA5VE5W2RCN4UWSKQ,Content (Avg Emb),0.0,0.0
AE6P6W6MPLJXA5VE5W2RCN4UWSKQ,Last-Item,0.0,0.0
AE6P6W6MPLJXA5VE5W2RCN4UWSKQ,Avg-Last-10,0.0,0.0
AE6P6W6MPLJXA5VE5W2RCN4UWSKQ,Recency-Weighted,0.0,0.0
AE6P6W6MPLJXA5VE5W2RCN4UWSKQ,Essence (K=10),0.0,0.0
AE6RDDPRDTKKBSXEYX4KY4VQNU6A,Random,0.0,0.0
AE6RDDPRDTKKBSXEYX4KY4VQNU6A,Popularity,0.0,0.0
AE6RDDPRDTKKBSXEYX4KY4VQNU6A,CF (ItemKNN),0.0,0.0
AE6RDDPRDTKKBSXEYX4KY4VQNU6A,Content (Avg Emb),0.0,0.0
AE6RDDPRDTKKBSXEYX4KY4VQNU6A,Last-Item,0.0,0.0
AE6RDDPRDTKKBSXEYX4KY4VQNU6A,Avg-Last-10,0.0,0.0
AE6RDDPRDTKKBSXEYX4KY4VQNU6A,Recency-Weighted,0.0,0.0
AE6RDDPRDTKKBSXEYX4KY4VQNU6A,Essence (K=10),0.0,0.0
AE6RIEUUQQRSZANJ3VSYELE6T26Q,Random,0.0,0.0
AE6RIEUUQQRSZANJ3VSYELE6T26Q,Popularity,0.0,0.0
AE6RIEUUQQRSZANJ3VSYELE6T26Q,CF (ItemKNN),0.0,0.0
AE6RIEUUQQRSZANJ3VSYELE6T26Q,Content (Avg Emb),0.0,0.0
AE6RIEUUQQRSZANJ3VSYELE6T26Q,Last-Item,0.0,0.0
AE6RIEUUQQRSZANJ3VSYELE6T26Q,Avg-Last-10,0.0,0.0
AE6RIEUUQQRSZANJ3VSYELE6T26Q,Recency-Weighted,0.0,0.0
AE6RIEUUQQRSZANJ3VSYELE6T26Q,Essence (K=10),0.0,0.0
AE6RWXY27NXJOKTPCRHVTHOIDTPA,Random,0.0,
AE6RWXY27NXJOKTPCRHVTHOIDTPA,Popularity,0.0,
AE6RWXY27NXJOKTPCRHVTHOIDTPA,CF (ItemKNN),0.0,
AE6RWXY27NXJOKTPCRHVTHOIDTPA,Content (Avg Emb),0.0,
AE6RWXY27NXJOKTPCRHVTHOIDTPA,Last-Item,0.0,
AE6RWXY27NXJOKTPCRHVTHOIDTPA,Avg-Last-10,0.2,
AE6RWXY27NXJOKTPCRHVTHOIDTPA,Recency-Weighted,0.2,
AE6RWXY27NXJOKTPCRHVTHOIDTPA,Essence (K=10),0.4,
AE6SL4GPX35EFKNZIS3DQV6U2X2A,Random,0.0,
AE6SL4GPX35EFKNZIS3DQV6U2X2A,Popularity,0.0,
AE6SL4GPX35EFKNZIS3DQV6U2X2A,CF (ItemKNN),0.0,
AE6SL4GPX35EFKNZIS3DQV6U2X2A,Content (Avg Emb),0.0,
AE6SL4GPX35EFKNZIS3DQV6U2X2A,Last-Item,0.0,
AE6SL4GPX35EFKNZIS3DQV6U2X2A,Avg-Last-10,0.0,
AE6SL4GPX35EFKNZIS3DQV6U2X2A,Recency-Weighted,0.0,
AE6SL4GPX35EFKNZIS3DQV6U2X2A,Essence (K=10),0.0,
AE6VEBYDO652ZQGTPYURJZZUDMVQ,Random,0.0,0.0
AE6VEBYDO652ZQGTPYURJZZUDMVQ,Popularity,0.0,0.0
AE6VEBYDO652ZQGTPYURJZZUDMVQ,CF (ItemKNN),0.0,0.0
AE6VEBYDO652ZQGTPYURJZZUDMVQ,Content (Avg Emb),0.0,0.0
AE6VEBYDO652ZQGTPYURJZZUDMVQ,Last-Item,0.15384615384615385,0.5
AE6VEBYDO652ZQGTPYURJZZUDMVQ,Avg-Last-10,0.15384615384615385,0.5
AE6VEBYDO652ZQGTPYURJZZUDMVQ,Recency-Weighted,0.15384615384615385,0.5
AE6VEBYDO652ZQGTPYURJZZUDMVQ,Essence (K=10),0.07692307692307693,0.0
AE6XHHCIFNE7MI4QL3ELGTQIE27A,Random,0.0,0.0
AE6XHHCIFNE7MI4QL3ELGTQIE27A,Popularity,0.0,0.0
AE6XHHCIFNE7MI4QL3ELGTQIE27A,CF (ItemKNN),0.0,0.0
AE6XHHCIFNE7MI4QL3ELGTQIE27A,Content (Avg Emb),0.0,0.0
AE6XHHCIFNE7MI4QL3ELGTQIE27A,Last-Item,0.0,0.0
AE6XHHCIFNE7MI4QL3ELGTQIE27A,Avg-Last-10,0.0,0.0
AE6XHHCIFNE7MI4QL3ELGTQIE27A,Recency-Weighted,0.0,0.0
AE6XHHCIFNE7MI4QL3ELGTQIE27A,Essence (K=10),0.0,0.0
AE73YFPG3YN3QBBYAFED5BPHSSGA,Random,0.0,0.0
AE73YFPG3YN3QBBYAFED5BPHSSGA,Popularity,0.0,0.0
AE73YFPG3YN3QBBYAFED5BPHSSGA,CF (ItemKNN),0.0,0.0
AE73YFPG3YN3QBBYAFED5BPHSSGA,Content (Avg Emb),0.1111111111111111,0.3333333333333333
AE73YFPG3YN3QBBYAFED5BPHSSGA,Last-Item,0.0,0.0
AE73YFPG3YN3QBBYAFED5BPHSSGA,Avg-Last-10,0.1111111111111111,0.3333333333333333
AE73YFPG3YN3QBBYAFED5BPHSSGA,Recency-Weighted,0.1111111111111111,0.3333333333333333
AE73YFPG3YN3QBBYAFED5BPHSSGA,Essence (K=10),0.0,0.0
AE74BB5ZY4Y3EJTWJRFLUIFWRUBA,Random,0.0,0.0
AE74BB5ZY4Y3EJTWJRFLUIFWRUBA,Popularity,0.0,0.0
AE74BB5ZY4Y3EJTWJRFLUIFWRUBA,CF (ItemKNN),0.0,0.0
AE74BB5ZY4Y3EJTWJRFLUIFWRUBA,Content (Avg Emb),0.0,0.0
AE74BB5ZY4Y3EJTWJRFLUIFWRUBA,Last-Item,0.0,0.0
AE74BB5ZY4Y3EJTWJRFLUIFWRUBA,Avg-Last-10,0.0,0.0
AE74BB5ZY4Y3EJTWJRFLUIFWRUBA,Recency-Weighted,0.0,0.0
AE74BB5ZY4Y3EJTWJRFLUIFWRUBA,Essence (K=10),0.0,0.0
AE74HGK3YMLBHP2ODWVLBBDL7VGA,Random,0.0,0.0
AE74HGK3YMLBHP2ODWVLBBDL7VGA,Popularity,0.0,0.0
AE74HGK3YMLBHP2ODWVLBBDL7VGA,CF (ItemKNN),0.0,0.0
AE74HGK3YMLBHP2ODWVLBBDL7VGA,Content (Avg Emb),0.0,0.0
AE74HGK3YMLBHP2ODWVLBBDL7VGA,Last-Item,0.0,0.0
AE74HGK3YMLBHP2ODWVLBBDL7VGA,Avg-Last-10,0.0,0.0
AE74HGK3YMLBHP2ODWVLBBDL7VGA,Recency-Weighted,0.0,0.0
AE74HGK3YMLBHP2ODWVLBBDL7VGA,Essence (K=10),0.0,0.0
AE76OISMKGNDMBE6BAQE5U3LU7UQ,Random,0.0,0.0
AE76OISMKGNDMBE6BAQE5U3LU7UQ,Popularity,0.0,0.0
AE76OISMKGNDMBE6BAQE5U3LU7UQ,CF (ItemKNN),0.0,0.0
AE76OISMKGNDMBE6BAQE5U3LU7UQ,Content (Avg Emb),0.0,0.0
AE76OISMKGNDMBE6BAQE5U3LU7UQ,Last-Item,0.14285714285714285,0.0
AE76OISMKGNDMBE6BAQE5U3LU7UQ,Avg-Last-10,0.0,0.0
AE76OISMKGNDMBE6BAQE5U3LU7UQ,Recency-Weighted,0.0,0.0
AE76OISMKGNDMBE6BAQE5U3LU7UQ,Essence (K=10),0.0,0.0
AE7CNOET5JKGHX6LSUBIWMGZGTAA,Random,0.0,
AE7CNOET5JKGHX6LSUBIWMGZGTAA,Popularity,0.0,
AE7CNOET5JKGHX6LSUBIWMGZGTAA,CF (ItemKNN),0.0,
AE7CNOET5JKGHX6LSUBIWMGZGTAA,Content (Avg Emb),0.0,
AE7CNOET5JKGHX6LSUBIWMGZGTAA,Last-Item,0.0,
AE7CNOET5JKGHX6LSUBIWMGZGTAA,Avg-Last-10,0.0,
AE7CNOET5JKGHX6LSUBIWMGZGTAA,Recency-Weighted,0.0,
AE7CNOET5JKGHX6LSUBIWMGZGTAA,Essence (K=10),0.0,
AE7DATQOF56UN44IUIXYAGUC745Q,Random,0.0,0.0
AE7DATQOF56UN44IUIXYAGUC745Q,Popularity,0.0,0.0
AE7DATQOF56UN44IUIXYAGUC745Q,CF (ItemKNN),0.0,0.0
AE7DATQOF56UN44IUIXYAGUC745Q,Content (Avg Emb),0.0,0.0
AE7DATQOF56UN44IUIXYAGUC745Q,Last-Item,0.0,0.0
AE7DATQOF56UN44IUIXYAGUC745Q,Avg-Last-10,0.0,0.0
AE7DATQOF56UN44IUIXYAGUC745Q,Recency-Weighted,0.0,0.0
AE7DATQOF56UN44IUIXYAGUC745Q,Essence (K=10),0.0,0.0
AE7EGKAJ4ITDQHKP4PGCPHV7P7BQ,Random,0.0,0.0
AE7EGKAJ4ITDQHKP4PGCPHV7P7BQ,Popularity,0.0,0.0
AE7EGKAJ4ITDQHKP4PGCPHV7P7BQ,CF (ItemKNN),0.0,0.0
AE7EGKAJ4ITDQHKP4PGCPHV7P7BQ,Content (Avg Emb),0.0,0.0
AE7EGKAJ4ITDQHKP4PGCPHV7P7BQ,Last-Item,0.0,0.0
AE7EGKAJ4ITDQHKP4PGCPHV7P7BQ,Avg-Last-10,0.0,0.0
AE7EGKAJ4ITDQHKP4PGCPHV7P7BQ,Recency-Weighted,0.0,0.0
AE7EGKAJ4ITDQHKP4PGCPHV7P7BQ,Essence (K=10),0.0,0.0
AE7FC5YJJSQ5QAXL5J4GBFQ52AVA,Random,0.0,0.0
AE7FC5YJJSQ5QAXL5J4GBFQ52AVA,Popularity,0.0,0.0
AE7FC5YJJSQ5QAXL5J4GBFQ52AVA,CF (ItemKNN),0.0,0.0
AE7FC5YJJSQ5QAXL5J4GBFQ52AVA,Content (Avg Emb),0.0,0.0
AE7FC5YJJSQ5QAXL5J4GBFQ52AVA,Last-Item,0.06896551724137931,0.0
AE7FC5YJJSQ5QAXL5J4GBFQ52AVA,Avg-Last-10,0.034482758620689655,0.0
AE7FC5YJJSQ5QAXL5J4GBFQ52AVA,Recency-Weighted,0.034482758620689655,0.0
AE7FC5YJJSQ5QAXL5J4GBFQ52AVA,Essence (K=10),0.0,0.0
AE7FS6L7L65S3PEU6OU3QEHLFYWA,Random,0.0,0.0
AE7FS6L7L65S3PEU6OU3QEHLFYWA,Popularity,0.0,0.0
AE7FS6L7L65S3PEU6OU3QEHLFYWA,CF (ItemKNN),0.0,0.0
AE7FS6L7L65S3PEU6OU3QEHLFYWA,Content (Avg Emb),0.0,0.0
AE7FS6L7L65S3PEU6OU3QEHLFYWA,Last-Item,0.0,0.0
AE7FS6L7L65S3PEU6OU3QEHLFYWA,Avg-Last-10,0.0,0.0
AE7FS6L7L65S3PEU6OU3QEHLFYWA,Recency-Weighted,0.0,0.0
AE7FS6L7L65S3PEU6OU3QEHLFYWA,Essence (K=10),0.0,0.0
AE7II7MX4UCZLUVZBPTI6GSFWGOA,Random,0.0,0.0
AE7II7MX4UCZLUVZBPTI6GSFWGOA,Popularity,0.0,0.0
AE7II7MX4UCZLUVZBPTI6GSFWGOA,CF (ItemKNN),0.0,0.0
AE7II7MX4UCZLUVZBPTI6GSFWGOA,Content (Avg Emb),0.0,0.0
AE7II7MX4UCZLUVZBPTI6GSFWGOA,Last-Item,0.0,0.0
AE7II7MX4UCZLUVZBPTI6GSFWGOA,Avg-Last-10,0.0,0.0
AE7II7MX4UCZLUVZBPTI6GSFWGOA,Recency-Weighted,0.0,0.0
AE7II7MX4UCZLUVZBPTI6GSFWGOA,Essence (K=10),0.0,0.0
AE7N66XNNKMNORSJKCIK4RP4NS5Q,Random,0.0,
AE7N66XNNKMNORSJKCIK4RP4NS5Q,Popularity,0.0,
AE7N66XNNKMNORSJKCIK4RP4NS5Q,CF (ItemKNN),0.0,
AE7N66XNNKMNORSJKCIK4RP4NS5Q,Content (Avg Emb),0.0,
AE7N66XNNKMNORSJKCIK4RP4NS5Q,Last-Item,0.0,
AE7N66XNNKMNORSJKCIK4RP4NS5Q,Avg-Last-10,0.0,
AE7N66XNNKMNORSJKCIK4RP4NS5Q,Recency-Weighted,0.0,
AE7N66XNNKMNORSJKCIK4RP4NS5Q,Essence (K=10),0.2,
AE7O6J6OJFBSTIOUDT7A6BVAGX4A,Random,0.0,0.0
AE7O6J6OJFBSTIOUDT7A6BVAGX4A,Popularity,0.0,0.0
AE7O6J6OJFBSTIOUDT7A6BVAGX4A,CF (ItemKNN),0.0,0.0
AE7O6J6OJFBSTIOUDT7A6BVAGX4A,Content (Avg Emb),0.0,0.0
AE7O6J6OJFBSTIOUDT7A6BVAGX4A,Last-Item,0.0,0.0
AE7O6J6OJFBSTIOUDT7A6BVAGX4A,Avg-Last-10,0.0,0.0
AE7O6J6OJFBSTIOUDT7A6BVAGX4A,Recency-Weighted,0.0,0.0
AE7O6J6OJFBSTIOUDT7A6BVAGX4A,Essence (K=10),0.0,0.0
AE7RYA6PIMC5RXEJJW2R6TY7W5KA,Random,0.0,
AE7RYA6PIMC5RXEJJW2R6TY7W5KA,Popularity,0.0,
AE7RYA6PIMC5RXEJJW2R6TY7W5KA,CF (ItemKNN),0.0,
AE7RYA6PIMC5RXEJJW2R6TY7W5KA,Content (Avg Emb),0.0,
AE7RYA6PIMC5RXEJJW2R6TY7W5KA,Last-Item,0.0,
AE7RYA6PIMC5RXEJJW2R6TY7W5KA,Avg-Last-10,0.0,
AE7RYA6PIMC5RXEJJW2R6TY7W5KA,Recency-Weighted,0.0,
AE7RYA6PIMC5RXEJJW2R6TY7W5KA,Essence (K=10),0.0,
AE7TEVZP4APHUSK6FGL54C2D5A7A,Random,0.0,0.0
AE7TEVZP4APHUSK6FGL54C2D5A7A,Popularity,0.0,0.0
AE7TEVZP4APHUSK6FGL54C2D5A7A,CF (ItemKNN),0.0,0.0
AE7TEVZP4APHUSK6FGL54C2D5A7A,Content (Avg Emb),0.0,0.0
AE7TEVZP4APHUSK6FGL54C2D5A7A,Last-Item,0.25,0.0
AE7TEVZP4APHUSK6FGL54C2D5A7A,Avg-Last-10,0.0,0.0
AE7TEVZP4APHUSK6FGL54C2D5A7A,Recency-Weighted,0.0,0.0
AE7TEVZP4APHUSK6FGL54C2D5A7A,Essence (K=10),0.0,0.0
AE7TU72NS4OZWOFBBPN4YPZPOTDQ,Random,0.0,0.0
AE7TU72NS4OZWOFBBPN4YPZPOTDQ,Popularity,0.0,0.0
AE7TU72NS4OZWOFBBPN4YPZPOTDQ,CF (ItemKNN),0.0,0.0
AE7TU72NS4OZWOFBBPN4YPZPOTDQ,Content (Avg Emb),0.0,0.0
AE7TU72NS4OZWOFBBPN4YPZPOTDQ,Last-Item,0.0,0.0
AE7TU72NS4OZWOFBBPN4YPZPOTDQ,Avg-Last-10,0.0,0.0
AE7TU72NS4OZWOFBBPN4YPZPOTDQ,Recency-Weighted,0.0,0.0
AE7TU72NS4OZWOFBBPN4YPZPOTDQ,Essence (K=10),0.0,0.0
AE7YOVTJQWBSACU5ZNWCYGPU7MZQ,Random,0.0,
AE7YOVTJQWBSACU5ZNWCYGPU7MZQ,Popularity,0.0,
AE7YOVTJQWBSACU5ZNWCYGPU7MZQ,CF (ItemKNN),0.0,
AE7YOVTJQWBSACU5ZNWCYGPU7MZQ,Content (Avg Emb),0.0,
AE7YOVTJQWBSACU5ZNWCYGPU7MZQ,Last-Item,0.0,
AE7YOVTJQWBSACU5ZNWCYGPU7MZQ,Avg-Last-10,0.0,
AE7YOVTJQWBSACU5ZNWCYGPU7MZQ,Recency-Weighted,0.16666666666666666,
AE7YOVTJQWBSACU5ZNWCYGPU7MZQ,Essence (K=10),0.0,
AE7ZDNPHYHOI7Q55LZSO6J3JAGYA,Random,0.0,
AE7ZDNPHYHOI7Q55LZSO6J3JAGYA,Popularity,0.0,
AE7ZDNPHYHOI7Q55LZSO6J3JAGYA,CF (ItemKNN),0.0,
AE7ZDNPHYHOI7Q55LZSO6J3JAGYA,Content (Avg Emb),0.0,
AE7ZDNPHYHOI7Q55LZSO6J3JAGYA,Last-Item,0.0,
AE7ZDNPHYHOI7Q55LZSO6J3JAGYA,Avg-Last-10,0.6,
AE7ZDNPHYHOI7Q55LZSO6J3JAGYA,Recency-Weighted,0.4,
AE7ZDNPHYHOI7Q55LZSO6J3JAGYA,Essence (K=10),0.6,
AEA3EXG7J66BSNSN7L64VESHT7KQ,Random,0.0,0.0
AEA3EXG7J66BSNSN7L64VESHT7KQ,Popularity,0.0,0.0
AEA3EXG7J66BSNSN7L64VESHT7KQ,CF (ItemKNN),0.0,0.0
AEA3EXG7J66BSNSN7L64VESHT7KQ,Content (Avg Emb),0.0,0.0
AEA3EXG7J66BSNSN7L64VESHT7KQ,Last-Item,0.0,0.0
AEA3EXG7J66BSNSN7L64VESHT7KQ,Avg-Last-10,0.0,0.0
AEA3EXG7J66BSNSN7L64VESHT7KQ,Recency-Weighted,0.0,0.0
AEA3EXG7J66BSNSN7L64VESHT7KQ,Essence (K=10),0.07142857142857142,0.0
AEA4MWYDSCBCTXOML6TZJZSDVSWA,Random,0.0,0.0
AEA4MWYDSCBCTXOML6TZJZSDVSWA,Popularity,0.0,0.0
AEA4MWYDSCBCTXOML6TZJZSDVSWA,CF (ItemKNN),0.0,0.0
AEA4MWYDSCBCTXOML6TZJZSDVSWA,Content (Avg Emb),0.0,0.0
AEA4MWYDSCBCTXOML6TZJZSDVSWA,Last-Item,0.0,0.0
AEA4MWYDSCBCTXOML6TZJZSDVSWA,Avg-Last-10,0.0,0.0
AEA4MWYDSCBCTXOML6TZJZSDVSWA,Recency-Weighted,0.0,0.0
AEA4MWYDSCBCTXOML6TZJZSDVSWA,Essence (K=10),0.0,0.0
AEA64GNDL46RAXTYN7DH25BM5DFQ,Random,0.0,0.0
AEA64GNDL46RAXTYN7DH25BM5DFQ,Popularity,0.0,0.0
AEA64GNDL46RAXTYN7DH25BM5DFQ,CF (ItemKNN),0.0,0.0
AEA64GNDL46RAXTYN7DH25BM5DFQ,Content (Avg Emb),0.0,0.0
AEA64GNDL46RAXTYN7DH25BM5DFQ,Last-Item,0.0,0.0
AEA64GNDL46RAXTYN7DH25BM5DFQ,Avg-Last-10,0.0,0.0
AEA64GNDL46RAXTYN7DH25BM5DFQ,Recency-Weighted,0.0,0.0
AEA64GNDL46RAXTYN7DH25BM5DFQ,Essence (K=10),0.0,0.0
AEA6NRPRZPBTG4FZ4HEXLZF6EKLQ,Random,0.0,
AEA6NRPRZPBTG4FZ4HEXLZF6EKLQ,Popularity,0.0,
AEA6NRPRZPBTG4FZ4HEXLZF6EKLQ,CF (ItemKNN),0.0,
AEA6NRPRZPBTG4FZ4HEXLZF6EKLQ,Content (Avg Emb),0.0,
AEA6NRPRZPBTG4FZ4HEXLZF6EKLQ,Last-Item,0.42857142857142855,
AEA6NRPRZPBTG4FZ4HEXLZF6EKLQ,Avg-Last-10,0.0,
AEA6NRPRZPBTG4FZ4HEXLZF6EKLQ,Recency-Weighted,0.14285714285714285,
AEA6NRPRZPBTG4FZ4HEXLZF6EKLQ,Essence (K=10),0.0,
AEAEQ6D4KQ2KZO2Z2VWC26N2AHMQ,Random,0.0,0.0
AEAEQ6D4KQ2KZO2Z2VWC26N2AHMQ,Popularity,0.0,0.0
AEAEQ6D4KQ2KZO2Z2VWC26N2AHMQ,CF (ItemKNN),0.0,0.0
AEAEQ6D4KQ2KZO2Z2VWC26N2AHMQ,Content (Avg Emb),0.0,0.0
AEAEQ6D4KQ2KZO2Z2VWC26N2AHMQ,Last-Item,0.0,0.0
AEAEQ6D4KQ2KZO2Z2VWC26N2AHMQ,Avg-Last-10,0.0,0.0
AEAEQ6D4KQ2KZO2Z2VWC26N2AHMQ,Recency-Weighted,0.0,0.0
AEAEQ6D4KQ2KZO2Z2VWC26N2AHMQ,Essence (K=10),0.0,0.0
AEAEU6EQ2FHYPMIOR2UEKX4TKPUQ,Random,0.0,
AEAEU6EQ2FHYPMIOR2UEKX4TKPUQ,Popularity,0.0,
AEAEU6EQ2FHYPMIOR2UEKX4TKPUQ,CF (ItemKNN),0.0,
AEAEU6EQ2FHYPMIOR2UEKX4TKPUQ,Content (Avg Emb),0.0,
AEAEU6EQ2FHYPMIOR2UEKX4TKPUQ,Last-Item,0.0,
AEAEU6EQ2FHYPMIOR2UEKX4TKPUQ,Avg-Last-10,0.0,
AEAEU6EQ2FHYPMIOR2UEKX4TKPUQ,Recency-Weighted,0.0,
AEAEU6EQ2FHYPMIOR2UEKX4TKPUQ,Essence (K=10),0.0,
AEAFOXNZ2PHZYTFI32UE6OPDMTJA,Random,0.0,0.0
AEAFOXNZ2PHZYTFI32UE6OPDMTJA,Popularity,0.0,0.0
AEAFOXNZ2PHZYTFI32UE6OPDMTJA,CF (ItemKNN),0.0,0.0
AEAFOXNZ2PHZYTFI32UE6OPDMTJA,Content (Avg Emb),0.0,0.0
AEAFOXNZ2PHZYTFI32UE6OPDMTJA,Last-Item,0.0,0.0
AEAFOXNZ2PHZYTFI32UE6OPDMTJA,Avg-Last-10,0.0,0.0
AEAFOXNZ2PHZYTFI32UE6OPDMTJA,Recency-Weighted,0.0,0.0
AEAFOXNZ2PHZYTFI32UE6OPDMTJA,Essence (K=10),0.0,0.0
AEAJ4XROS3EJ7JB4ZMKP35YIWU3A,Random,0.0,
AEAJ4XROS3EJ7JB4ZMKP35YIWU3A,Popularity,0.0,
AEAJ4XROS3EJ7JB4ZMKP35YIWU3A,CF (ItemKNN),0.0,
AEAJ4XROS3EJ7JB4ZMKP35YIWU3A,Content (Avg Emb),0.0,
AEAJ4XROS3EJ7JB4ZMKP35YIWU3A,Last-Item,0.0,
AEAJ4XROS3EJ7JB4ZMKP35YIWU3A,Avg-Last-10,0.0,
AEAJ4XROS3EJ7JB4ZMKP35YIWU3A,Recency-Weighted,0.0,
AEAJ4XROS3EJ7JB4ZMKP35YIWU3A,Essence (K=10),0.0,
AEAMHUKQRGKONWRLES5YSZ3QSFYQ,Random,0.0,0.0
AEAMHUKQRGKONWRLES5YSZ3QSFYQ,Popularity,0.0,0.0
AEAMHUKQRGKONWRLES5YSZ3QSFYQ,CF (ItemKNN),0.0,0.0
AEAMHUKQRGKONWRLES5YSZ3QSFYQ,Content (Avg Emb),0.0,0.0
AEAMHUKQRGKONWRLES5YSZ3QSFYQ,Last-Item,0.5,0.0
AEAMHUKQRGKONWRLES5YSZ3QSFYQ,Avg-Last-10,0.0,0.0
AEAMHUKQRGKONWRLES5YSZ3QSFYQ,Recency-Weighted,0.16666666666666666,0.0
AEAMHUKQRGKONWRLES5YSZ3QSFYQ,Essence (K=10),0.0,0.0
AEAOBKC2K3RJWA2DSPIULMZLFRUQ,Random,0.0,0.0
AEAOBKC2K3RJWA2DSPIULMZLFRUQ,Popularity,0.0,0.0
AEAOBKC2K3RJWA2DSPIULMZLFRUQ,CF (ItemKNN),0.0,0.0
AEAOBKC2K3RJWA2DSPIULMZLFRUQ,Content (Avg Emb),0.0,0.0
AEAOBKC2K3RJWA2DSPIULMZLFRUQ,Last-Item,0.0,0.0
AEAOBKC2K3RJWA2DSPIULMZLFRUQ,Avg-Last-10,0.0,0.0
AEAOBKC2K3RJWA2DSPIULMZLFRUQ,Recency-Weighted,0.0,0.0
AEAOBKC2K3RJWA2DSPIULMZLFRUQ,Essence (K=10),0.0,0.0
AEAOR7IVNZTLAXQUUA6LYUSQ24MQ,Random,0.0,0.0
AEAOR7IVNZTLAXQUUA6LYUSQ24MQ,Popularity,0.0,0.0
AEAOR7IVNZTLAXQUUA6LYUSQ24MQ,CF (ItemKNN),0.0,0.0
AEAOR7IVNZTLAXQUUA6LYUSQ24MQ,Content (Avg Emb),0.0,0.0
AEAOR7IVNZTLAXQUUA6LYUSQ24MQ,Last-Item,0.0,0.0
AEAOR7IVNZTLAXQUUA6LYUSQ24MQ,Avg-Last-10,0.0,0.0
AEAOR7IVNZTLAXQUUA6LYUSQ24MQ,Recency-Weighted,0.0,0.0
AEAOR7IVNZTLAXQUUA6LYUSQ24MQ,Essence (K=10),0.0,0.0
AEAPKDQWIMYNVTVALTVZAWTZIKZQ,Random,0.0,0.0
AEAPKDQWIMYNVTVALTVZAWTZIKZQ,Popularity,0.0,0.0
AEAPKDQWIMYNVTVALTVZAWTZIKZQ,CF (ItemKNN),0.0,0.0
AEAPKDQWIMYNVTVALTVZAWTZIKZQ,Content (Avg Emb),0.0,0.0
AEAPKDQWIMYNVTVALTVZAWTZIKZQ,Last-Item,0.0,0.0
AEAPKDQWIMYNVTVALTVZAWTZIKZQ,Avg-Last-10,0.0,0.0
AEAPKDQWIMYNVTVALTVZAWTZIKZQ,Recency-Weighted,0.0,0.0
AEAPKDQWIMYNVTVALTVZAWTZIKZQ,Essence (K=10),0.0,0.0
AEAR6YEHYJRTFLEHLKMO6UXANYLQ,Random,0.0,
AEAR6YEHYJRTFLEHLKMO6UXANYLQ,Popularity,0.0,
AEAR6YEHYJRTFLEHLKMO6UXANYLQ,CF (ItemKNN),0.0,
AEAR6YEHYJRTFLEHLKMO6UXANYLQ,Content (Avg Emb),0.25,
AEAR6YEHYJRTFLEHLKMO6UXANYLQ,Last-Item,0.0,
AEAR6YEHYJRTFLEHLKMO6UXANYLQ,Avg-Last-10,0.25,
AEAR6YEHYJRTFLEHLKMO6UXANYLQ,Recency-Weighted,0.25,
AEAR6YEHYJRTFLEHLKMO6UXANYLQ,Essence (K=10),0.25,
AEAS2JVXCFRC7LTTQMYQZU2IWO7A,Random,0.0,0.0
AEAS2JVXCFRC7LTTQMYQZU2IWO7A,Popularity,0.0,0.0
AEAS2JVXCFRC7LTTQMYQZU2IWO7A,CF (ItemKNN),0.0,0.0
AEAS2JVXCFRC7LTTQMYQZU2IWO7A,Content (Avg Emb),0.0,0.0
AEAS2JVXCFRC7LTTQMYQZU2IWO7A,Last-Item,0.0,0.0
AEAS2JVXCFRC7LTTQMYQZU2IWO7A,Avg-Last-10,0.0,0.0
AEAS2JVXCFRC7LTTQMYQZU2IWO7A,Recency-Weighted,0.0,0.0
AEAS2JVXCFRC7LTTQMYQZU2IWO7A,Essence (K=10),0.0,0.0
AEAUN4ALCYBXFXDCZHSULVFJTG2A,Random,0.0,
AEAUN4ALCYBXFXDCZHSULVFJTG2A,Popularity,0.0,
AEAUN4ALCYBXFXDCZHSULVFJTG2A,CF (ItemKNN),0.0,
AEAUN4ALCYBXFXDCZHSULVFJTG2A,Content (Avg Emb),0.0,
AEAUN4ALCYBXFXDCZHSULVFJTG2A,Last-Item,0.0,
AEAUN4ALCYBXFXDCZHSULVFJTG2A,Avg-Last-10,0.0,
AEAUN4ALCYBXFXDCZHSULVFJTG2A,Recency-Weighted,0.0,
AEAUN4ALCYBXFXDCZHSULVFJTG2A,Essence (K=10),0.0,
AEAWCWF5ZB5KL3BSUF4Q4VWEI2PA,Random,0.0,0.0
AEAWCWF5ZB5KL3BSUF4Q4VWEI2PA,Popularity,0.0,0.0
AEAWCWF5ZB5KL3BSUF4Q4VWEI2PA,CF (ItemKNN),0.0,0.0
AEAWCWF5ZB5KL3BSUF4Q4VWEI2PA,Content (Avg Emb),0.0,0.0
AEAWCWF5ZB5KL3BSUF4Q4VWEI2PA,Last-Item,0.0,0.0
AEAWCWF5ZB5KL3BSUF4Q4VWEI2PA,Avg-Last-10,0.0,0.0
AEAWCWF5ZB5KL3BSUF4Q4VWEI2PA,Recency-Weighted,0.0,0.0
AEAWCWF5ZB5KL3BSUF4Q4VWEI2PA,Essence (K=10),0.0,0.0
AEAWEM43SB4Q7KE2BWI3DK3YNA7Q,Random,0.0,
AEAWEM43SB4Q7KE2BWI3DK3YNA7Q,Popularity,0.0,
AEAWEM43SB4Q7KE2BWI3DK3YNA7Q,CF (ItemKNN),0.0,
AEAWEM43SB4Q7KE2BWI3DK3YNA7Q,Content (Avg Emb),0.0,
AEAWEM43SB4Q7KE2BWI3DK3YNA7Q,Last-Item,0.0,
AEAWEM43SB4Q7KE2BWI3DK3YNA7Q,Avg-Last-10,0.0,
AEAWEM43SB4Q7KE2BWI3DK3YNA7Q,Recency-Weighted,0.0,
AEAWEM43SB4Q7KE2BWI3DK3YNA7Q,Essence (K=10),0.0,
AEAXP2X33U6SA4TAHSY4AI2B26PA,Random,0.0,0.0
AEAXP2X33U6SA4TAHSY4AI2B26PA,Popularity,0.0,0.0
AEAXP2X33U6SA4TAHSY4AI2B26PA,CF (ItemKNN),0.0,0.0
AEAXP2X33U6SA4TAHSY4AI2B26PA,Content (Avg Emb),0.0,0.0
AEAXP2X33U6SA4TAHSY4AI2B26PA,Last-Item,0.0,0.0
AEAXP2X33U6SA4TAHSY4AI2B26PA,Avg-Last-10,0.0,0.0
AEAXP2X33U6SA4TAHSY4AI2B26PA,Recency-Weighted,0.0,0.0
AEAXP2X33U6SA4TAHSY4AI2B26PA,Essence (K=10),0.0,0.0
AEAZFLL7IIOAKTL6RVVHBG6FTIAQ,Random,0.0,
AEAZFLL7IIOAKTL6RVVHBG6FTIAQ,Popularity,0.0,
AEAZFLL7IIOAKTL6RVVHBG6FTIAQ,CF (ItemKNN),0.0,
AEAZFLL7IIOAKTL6RVVHBG6FTIAQ,Content (Avg Emb),0.0,
AEAZFLL7IIOAKTL6RVVHBG6FTIAQ,Last-Item,0.0,
AEAZFLL7IIOAKTL6RVVHBG6FTIAQ,Avg-Last-10,0.0,
AEAZFLL7IIOAKTL6RVVHBG6FTIAQ,Recency-Weighted,0.0,
AEAZFLL7IIOAKTL6RVVHBG6FTIAQ,Essence (K=10),0.0,
AEAZGAUONTK5FB7TMB26GIMNFUKQ,Random,0.0,0.0
AEAZGAUONTK5FB7TMB26GIMNFUKQ,Popularity,0.0,0.0
AEAZGAUONTK5FB7TMB26GIMNFUKQ,CF (ItemKNN),0.0,0.0
AEAZGAUONTK5FB7TMB26GIMNFUKQ,Content (Avg Emb),0.0,0.0
AEAZGAUONTK5FB7TMB26GIMNFUKQ,Last-Item,0.0,0.0
AEAZGAUONTK5FB7TMB26GIMNFUKQ,Avg-Last-10,0.0,0.0
AEAZGAUONTK5FB7TMB26GIMNFUKQ,Recency-Weighted,0.0,0.0
AEAZGAUONTK5FB7TMB26GIMNFUKQ,Essence (K=10),0.0,0.0
AEAZZJIQ6G2KC2KAURTEFBH27DAQ,Random,0.0,0.0
AEAZZJIQ6G2KC2KAURTEFBH27DAQ,Popularity,0.0,0.0
AEAZZJIQ6G2KC2KAURTEFBH27DAQ,CF (ItemKNN),0.0,0.0
AEAZZJIQ6G2KC2KAURTEFBH27DAQ,Content (Avg Emb),0.0,0.0
AEAZZJIQ6G2KC2KAURTEFBH27DAQ,Last-Item,0.125,0.0
AEAZZJIQ6G2KC2KAURTEFBH27DAQ,Avg-Last-10,0.0,0.0
AEAZZJIQ6G2KC2KAURTEFBH27DAQ,Recency-Weighted,0.0,0.0
AEAZZJIQ6G2KC2KAURTEFBH27DAQ,Essence (K=10),0.0,0.0
AEB4LFEQDTDIM3IUF3NVO2VODQLQ,Random,0.0,0.0
AEB4LFEQDTDIM3IUF3NVO2VODQLQ,Popularity,0.0,0.0
AEB4LFEQDTDIM3IUF3NVO2VODQLQ,CF (ItemKNN),0.0,0.0
AEB4LFEQDTDIM3IUF3NVO2VODQLQ,Content (Avg Emb),0.0,0.0
AEB4LFEQDTDIM3IUF3NVO2VODQLQ,Last-Item,0.05555555555555555,0.0
AEB4LFEQDTDIM3IUF3NVO2VODQLQ,Avg-Last-10,0.1111111111111111,0.6666666666666666
AEB4LFEQDTDIM3IUF3NVO2VODQLQ,Recency-Weighted,0.0,0.0
AEB4LFEQDTDIM3IUF3NVO2VODQLQ,Essence (K=10),0.16666666666666666,1.0
AEB5PRNXULGJKJCBDJHR25NCEAPQ,Random,0.0,
AEB5PRNXULGJKJCBDJHR25NCEAPQ,Popularity,0.0,
AEB5PRNXULGJKJCBDJHR25NCEAPQ,CF (ItemKNN),0.0,
AEB5PRNXULGJKJCBDJHR25NCEAPQ,Content (Avg Emb),0.0,
AEB5PRNXULGJKJCBDJHR25NCEAPQ,Last-Item,0.0,
AEB5PRNXULGJKJCBDJHR25NCEAPQ,Avg-Last-10,0.0,
AEB5PRNXULGJKJCBDJHR25NCEAPQ,Recency-Weighted,0.0,
AEB5PRNXULGJKJCBDJHR25NCEAPQ,Essence (K=10),0.0,
AEBDRTJLDLLNGKODCKL55CIULNBQ,Random,0.0,0.0
AEBDRTJLDLLNGKODCKL55CIULNBQ,Popularity,0.0,0.0
AEBDRTJLDLLNGKODCKL55CIULNBQ,CF (ItemKNN),0.0,0.0
AEBDRTJLDLLNGKODCKL55CIULNBQ,Content (Avg Emb),0.0,0.0
AEBDRTJLDLLNGKODCKL55CIULNBQ,Last-Item,0.0,0.0
AEBDRTJLDLLNGKODCKL55CIULNBQ,Avg-Last-10,0.0,0.0
AEBDRTJLDLLNGKODCKL55CIULNBQ,Recency-Weighted,0.0,0.0
AEBDRTJLDLLNGKODCKL55CIULNBQ,Essence (K=10),0.0,0.0
AEBH7YKMB5E4L4WLOJERBU5SLLZQ,Random,0.0,0.0
AEBH7YKMB5E4L4WLOJERBU5SLLZQ,Popularity,0.0,0.0
AEBH7YKMB5E4L4WLOJERBU5SLLZQ,CF (ItemKNN),0.0,0.0
AEBH7YKMB5E4L4WLOJERBU5SLLZQ,Content (Avg Emb),0.0,0.0
AEBH7YKMB5E4L4WLOJERBU5SLLZQ,Last-Item,0.0,0.0
AEBH7YKMB5E4L4WLOJERBU5SLLZQ,Avg-Last-10,0.0,0.0
AEBH7YKMB5E4L4WLOJERBU5SLLZQ,Recency-Weighted,0.0,0.0
AEBH7YKMB5E4L4WLOJERBU5SLLZQ,Essence (K=10),0.0,0.0
AEBHXJF7WDXXKWEJU5TIWSLO7T3A,Random,0.0,0.0
AEBHXJF7WDXXKWEJU5TIWSLO7T3A,Popularity,0.0,0.0
AEBHXJF7WDXXKWEJU5TIWSLO7T3A,CF (ItemKNN),0.0,0.0
AEBHXJF7WDXXKWEJU5TIWSLO7T3A,Content (Avg Emb),0.0,0.0
AEBHXJF7WDXXKWEJU5TIWSLO7T3A,Last-Item,0.0,0.0
AEBHXJF7WDXXKWEJU5TIWSLO7T3A,Avg-Last-10,0.05,0.0
AEBHXJF7WDXXKWEJU5TIWSLO7T3A,Recency-Weighted,0.05,0.0
AEBHXJF7WDXXKWEJU5TIWSLO7T3A,Essence (K=10),0.0,0.0
AEBKIU7HB42LN5OKMSECCLKBHFIQ,Random,0.0,
AEBKIU7HB42LN5OKMSECCLKBHFIQ,Popularity,0.0,
AEBKIU7HB42LN5OKMSECCLKBHFIQ,CF (ItemKNN),0.0,
AEBKIU7HB42LN5OKMSECCLKBHFIQ,Content (Avg Emb),0.0,
AEBKIU7HB42LN5OKMSECCLKBHFIQ,Last-Item,0.2,
AEBKIU7HB42LN5OKMSECCLKBHFIQ,Avg-Last-10,0.0,
AEBKIU7HB42LN5OKMSECCLKBHFIQ,Recency-Weighted,0.0,
AEBKIU7HB42LN5OKMSECCLKBHFIQ,Essence (K=10),0.2,
AEBNIV4FK54NZ242ITLEJ2OBUIFA,Random,0.0,
AEBNIV4FK54NZ242ITLEJ2OBUIFA,Popularity,0.0,
AEBNIV4FK54NZ242ITLEJ2OBUIFA,CF (ItemKNN),0.0,
AEBNIV4FK54NZ242ITLEJ2OBUIFA,Content (Avg Emb),0.0,
AEBNIV4FK54NZ242ITLEJ2OBUIFA,Last-Item,0.0,
AEBNIV4FK54NZ242ITLEJ2OBUIFA,Avg-Last-10,0.0,
AEBNIV4FK54NZ242ITLEJ2OBUIFA,Recency-Weighted,0.0,
AEBNIV4FK54NZ242ITLEJ2OBUIFA,Essence (K=10),0.2,
AEBPNQUB6O5RAFIUOCWT726ZG7MQ,Random,0.0,0.0
AEBPNQUB6O5RAFIUOCWT726ZG7MQ,Popularity,0.0,0.0
AEBPNQUB6O5RAFIUOCWT726ZG7MQ,CF (ItemKNN),0.0,0.0
AEBPNQUB6O5RAFIUOCWT726ZG7MQ,Content (Avg Emb),0.0,0.0
AEBPNQUB6O5RAFIUOCWT726ZG7MQ,Last-Item,0.0,0.0
AEBPNQUB6O5RAFIUOCWT726ZG7MQ,Avg-Last-10,0.0,0.0
AEBPNQUB6O5RAFIUOCWT726ZG7MQ,Recency-Weighted,0.0,0.0
AEBPNQUB6O5RAFIUOCWT726ZG7MQ,Essence (K=10),0.0,0.0
AEBR3QOEXOBNXXOTC37GQELNRXAQ,Random,0.0,0.0
AEBR3QOEXOBNXXOTC37GQELNRXAQ,Popularity,0.0,0.0
AEBR3QOEXOBNXXOTC37GQELNRXAQ,CF (ItemKNN),0.0,0.0
AEBR3QOEXOBNXXOTC37GQELNRXAQ,Content (Avg Emb),0.0,0.0
AEBR3QOEXOBNXXOTC37GQELNRXAQ,Last-Item,0.0,0.0
AEBR3QOEXOBNXXOTC37GQELNRXAQ,Avg-Last-10,0.0,0.0
AEBR3QOEXOBNXXOTC37GQELNRXAQ,Recency-Weighted,0.0,0.0
AEBR3QOEXOBNXXOTC37GQELNRXAQ,Essence (K=10),0.0,0.0
AEBWJFXCKKBYOFOBPBBTBOQALUVQ,Random,0.0,0.0
AEBWJFXCKKBYOFOBPBBTBOQALUVQ,Popularity,0.0,0.0
AEBWJFXCKKBYOFOBPBBTBOQALUVQ,CF (ItemKNN),0.0,0.0
AEBWJFXCKKBYOFOBPBBTBOQALUVQ,Content (Avg Emb),0.0,0.0
AEBWJFXCKKBYOFOBPBBTBOQALUVQ,Last-Item,0.0,0.0
AEBWJFXCKKBYOFOBPBBTBOQALUVQ,Avg-Last-10,0.0,0.0
AEBWJFXCKKBYOFOBPBBTBOQALUVQ,Recency-Weighted,0.0,0.0
AEBWJFXCKKBYOFOBPBBTBOQALUVQ,Essence (K=10),0.0,0.0
AEBWT2N7V45QMCWRBIBXHTSVQZ7Q,Random,0.0,
AEBWT2N7V45QMCWRBIBXHTSVQZ7Q,Popularity,0.0,
AEBWT2N7V45QMCWRBIBXHTSVQZ7Q,CF (ItemKNN),0.0,
AEBWT2N7V45QMCWRBIBXHTSVQZ7Q,Content (Avg Emb),0.0,
AEBWT2N7V45QMCWRBIBXHTSVQZ7Q,Last-Item,0.0,
AEBWT2N7V45QMCWRBIBXHTSVQZ7Q,Avg-Last-10,0.0,
AEBWT2N7V45QMCWRBIBXHTSVQZ7Q,Recency-Weighted,0.0,
AEBWT2N7V45QMCWRBIBXHTSVQZ7Q,Essence (K=10),0.0,
AEC2R55HWKYHIG3JYJPWCADSEPVA,Random,0.0,0.0
AEC2R55HWKYHIG3JYJPWCADSEPVA,Popularity,0.0,0.0
AEC2R55HWKYHIG3JYJPWCADSEPVA,CF (ItemKNN),0.0,0.0
AEC2R55HWKYHIG3JYJPWCADSEPVA,Content (Avg Emb),0.0,0.0
AEC2R55HWKYHIG3JYJPWCADSEPVA,Last-Item,0.0,0.0
AEC2R55HWKYHIG3JYJPWCADSEPVA,Avg-Last-10,0.0,0.0
AEC2R55HWKYHIG3JYJPWCADSEPVA,Recency-Weighted,0.0,0.0
AEC2R55HWKYHIG3JYJPWCADSEPVA,Essence (K=10),0.0,0.0
AEC36FHSD7M62S5QIPCB6ZXADP2Q,Random,0.0,0.0
AEC36FHSD7M62S5QIPCB6ZXADP2Q,Popularity,0.0,0.0
AEC36FHSD7M62S5QIPCB6ZXADP2Q,CF (ItemKNN),0.0,0.0
AEC36FHSD7M62S5QIPCB6ZXADP2Q,Content (Avg Emb),0.0,0.0
AEC36FHSD7M62S5QIPCB6ZXADP2Q,Last-Item,0.0,0.0
AEC36FHSD7M62S5QIPCB6ZXADP2Q,Avg-Last-10,0.0,0.0
AEC36FHSD7M62S5QIPCB6ZXADP2Q,Recency-Weighted,0.0,0.0
AEC36FHSD7M62S5QIPCB6ZXADP2Q,Essence (K=10),0.0,0.0
AEC3T3DHMKIYE6C5QBCW3FAJ3YDA,Random,0.0,
AEC3T3DHMKIYE6C5QBCW3FAJ3YDA,Popularity,0.0,
AEC3T3DHMKIYE6C5QBCW3FAJ3YDA,CF (ItemKNN),0.0,
AEC3T3DHMKIYE6C5QBCW3FAJ3YDA,Content (Avg Emb),0.16666666666666666,
AEC3T3DHMKIYE6C5QBCW3FAJ3YDA,Last-Item,0.0,
AEC3T3DHMKIYE6C5QBCW3FAJ3YDA,Avg-Last-10,0.0,
AEC3T3DHMKIYE6C5QBCW3FAJ3YDA,Recency-Weighted,0.0,
AEC3T3DHMKIYE6C5QBCW3FAJ3YDA,Essence (K=10),0.0,
AEC6ZHCV4ALIDRIXWSAO3VJPNF3A,Random,0.0,
AEC6ZHCV4ALIDRIXWSAO3VJPNF3A,Popularity,0.0,
AEC6ZHCV4ALIDRIXWSAO3VJPNF3A,CF (ItemKNN),0.0,
AEC6ZHCV4ALIDRIXWSAO3VJPNF3A,Content (Avg Emb),0.0,
AEC6ZHCV4ALIDRIXWSAO3VJPNF3A,Last-Item,0.0,
AEC6ZHCV4ALIDRIXWSAO3VJPNF3A,Avg-Last-10,0.0,
AEC6ZHCV4ALIDRIXWSAO3VJPNF3A,Recency-Weighted,0.0,
AEC6ZHCV4ALIDRIXWSAO3VJPNF3A,Essence (K=10),0.0,
AECAB7PSOO2HA2VDT5IRHZTZ7SAA,Random,0.0,
AECAB7PSOO2HA2VDT5IRHZTZ7SAA,Popularity,0.0,
AECAB7PSOO2HA2VDT5IRHZTZ7SAA,CF (ItemKNN),0.0,
AECAB7PSOO2HA2VDT5IRHZTZ7SAA,Content (Avg Emb),0.0,
AECAB7PSOO2HA2VDT5IRHZTZ7SAA,Last-Item,0.0,
AECAB7PSOO2HA2VDT5IRHZTZ7SAA,Avg-Last-10,0.0,
AECAB7PSOO2HA2VDT5IRHZTZ7SAA,Recency-Weighted,0.0,
AECAB7PSOO2HA2VDT5IRHZTZ7SAA,Essence (K=10),0.0,
AECAPJ4KVSEYTLM3ADSIUGXD62DA,Random,0.0,
AECAPJ4KVSEYTLM3ADSIUGXD62DA,Popularity,0.0,
AECAPJ4KVSEYTLM3ADSIUGXD62DA,CF (ItemKNN),0.0,
AECAPJ4KVSEYTLM3ADSIUGXD62DA,Content (Avg Emb),0.0,
AECAPJ4KVSEYTLM3ADSIUGXD62DA,Last-Item,0.0,
AECAPJ4KVSEYTLM3ADSIUGXD62DA,Avg-Last-10,0.0,
AECAPJ4KVSEYTLM3ADSIUGXD62DA,Recency-Weighted,0.0,
AECAPJ4KVSEYTLM3ADSIUGXD62DA,Essence (K=10),0.0,
AECCZCCQTPXB7O7KLFULHFGQBVCA,Random,0.0,
AECCZCCQTPXB7O7KLFULHFGQBVCA,Popularity,0.0,
AECCZCCQTPXB7O7KLFULHFGQBVCA,CF (ItemKNN),0.0,
AECCZCCQTPXB7O7KLFULHFGQBVCA,Content (Avg Emb),0.0,
AECCZCCQTPXB7O7KLFULHFGQBVCA,Last-Item,0.0,
AECCZCCQTPXB7O7KLFULHFGQBVCA,Avg-Last-10,0.0,
AECCZCCQTPXB7O7KLFULHFGQBVCA,Recency-Weighted,0.0,
AECCZCCQTPXB7O7KLFULHFGQBVCA,Essence (K=10),0.0,
AECELJD3IGGNP2IFFPYKDEXACGFA,Random,0.0,0.0
AECELJD3IGGNP2IFFPYKDEXACGFA,Popularity,0.0,0.0
AECELJD3IGGNP2IFFPYKDEXACGFA,CF (ItemKNN),0.0,0.0
AECELJD3IGGNP2IFFPYKDEXACGFA,Content (Avg Emb),0.0,0.0
AECELJD3IGGNP2IFFPYKDEXACGFA,Last-Item,0.0,0.0
AECELJD3IGGNP2IFFPYKDEXACGFA,Avg-Last-10,0.0,0.0
AECELJD3IGGNP2IFFPYKDEXACGFA,Recency-Weighted,0.0,0.0
AECELJD3IGGNP2IFFPYKDEXACGFA,Essence (K=10),0.0,0.0
AECIEWDPZ7NMNRLD2OXAZTLRUESA,Random,0.0,0.0
AECIEWDPZ7NMNRLD2OXAZTLRUESA,Popularity,0.0,0.0
AECIEWDPZ7NMNRLD2OXAZTLRUESA,CF (ItemKNN),0.0,0.0
AECIEWDPZ7NMNRLD2OXAZTLRUESA,Content (Avg Emb),0.0,0.0
AECIEWDPZ7NMNRLD2OXAZTLRUESA,Last-Item,0.0,0.0
AECIEWDPZ7NMNRLD2OXAZTLRUESA,Avg-Last-10,0.0,0.0
AECIEWDPZ7NMNRLD2OXAZTLRUESA,Recency-Weighted,0.0,0.0
AECIEWDPZ7NMNRLD2OXAZTLRUESA,Essence (K=10),0.0,0.0
AECKBCCNTOHG6EJD2XN6SQTFBYQA,Random,0.0,0.0
AECKBCCNTOHG6EJD2XN6SQTFBYQA,Popularity,0.0,0.0
AECKBCCNTOHG6EJD2XN6SQTFBYQA,CF (ItemKNN),0.0,0.0
AECKBCCNTOHG6EJD2XN6SQTFBYQA,Content (Avg Emb),0.0,0.0
AECKBCCNTOHG6EJD2XN6SQTFBYQA,Last-Item,0.0,0.0
AECKBCCNTOHG6EJD2XN6SQTFBYQA,Avg-Last-10,0.0,0.0
AECKBCCNTOHG6EJD2XN6SQTFBYQA,Recency-Weighted,0.0,0.0
AECKBCCNTOHG6EJD2XN6SQTFBYQA,Essence (K=10),0.0,0.0
AECN77ICIFGFKOVQ734KI4AJEOSA,Random,0.0,
AECN77ICIFGFKOVQ734KI4AJEOSA,Popularity,0.0,
AECN77ICIFGFKOVQ734KI4AJEOSA,CF (ItemKNN),0.0,
AECN77ICIFGFKOVQ734KI4AJEOSA,Content (Avg Emb),0.0,
AECN77ICIFGFKOVQ734KI4AJEOSA,Last-Item,0.0,
AECN77ICIFGFKOVQ734KI4AJEOSA,Avg-Last-10,0.0,
AECN77ICIFGFKOVQ734KI4AJEOSA,Recency-Weighted,0.0,
AECN77ICIFGFKOVQ734KI4AJEOSA,Essence (K=10),0.0,
AECUNGDFZB6RKYYFWPBGRTXBM5AQ,Random,0.0,0.0
AECUNGDFZB6RKYYFWPBGRTXBM5AQ,Popularity,0.0,0.0
AECUNGDFZB6RKYYFWPBGRTXBM5AQ,CF (ItemKNN),0.0,0.0
AECUNGDFZB6RKYYFWPBGRTXBM5AQ,Content (Avg Emb),0.0,0.0
AECUNGDFZB6RKYYFWPBGRTXBM5AQ,Last-Item,0.0,0.0
AECUNGDFZB6RKYYFWPBGRTXBM5AQ,Avg-Last-10,0.0,0.0
AECUNGDFZB6RKYYFWPBGRTXBM5AQ,Recency-Weighted,0.0,0.0
AECUNGDFZB6RKYYFWPBGRTXBM5AQ,Essence (K=10),0.0,0.0
AECUNLFH442GWUYJ2KCWDBZXHAIQ,Random,0.0,0.0
AECUNLFH442GWUYJ2KCWDBZXHAIQ,Popularity,0.0,0.0
AECUNLFH442GWUYJ2KCWDBZXHAIQ,CF (ItemKNN),0.0,0.0
AECUNLFH442GWUYJ2KCWDBZXHAIQ,Content (Avg Emb),0.0,0.0
AECUNLFH442GWUYJ2KCWDBZXHAIQ,Last-Item,0.0,0.0
AECUNLFH442GWUYJ2KCWDBZXHAIQ,Avg-Last-10,0.0,0.0
AECUNLFH442GWUYJ2KCWDBZXHAIQ,Recency-Weighted,0.0,0.0
AECUNLFH442GWUYJ2KCWDBZXHAIQ,Essence (K=10),0.0,0.0
AECWFTKO6IXVV7GVQXI72NPLAN2A,Random,0.0,
AECWFTKO6IXVV7GVQXI72NPLAN2A,Popularity,0.0,
AECWFTKO6IXVV7GVQXI72NPLAN2A,CF (ItemKNN),0.0,
AECWFTKO6IXVV7GVQXI72NPLAN2A,Content (Avg Emb),0.0,
AECWFTKO6IXVV7GVQXI72NPLAN2A,Last-Item,0.0,
AECWFTKO6IXVV7GVQXI72NPLAN2A,Avg-Last-10,0.0,
AECWFTKO6IXVV7GVQXI72NPLAN2A,Recency-Weighted,0.0,
AECWFTKO6IXVV7GVQXI72NPLAN2A,Essence (K=10),0.0,
AECX2XYJMWL5OVIZ62Z2BFT6IIXA,Random,0.0,0.0
AECX2XYJMWL5OVIZ62Z2BFT6IIXA,Popularity,0.0,0.0
AECX2XYJMWL5OVIZ62Z2BFT6IIXA,CF (ItemKNN),0.0,0.0
AECX2XYJMWL5OVIZ62Z2BFT6IIXA,Content (Avg Emb),0.0,0.0
AECX2XYJMWL5OVIZ62Z2BFT6IIXA,Last-Item,0.0,0.0
AECX2XYJMWL5OVIZ62Z2BFT6IIXA,Avg-Last-10,0.0,0.0
AECX2XYJMWL5OVIZ62Z2BFT6IIXA,Recency-Weighted,0.0,0.0
AECX2XYJMWL5OVIZ62Z2BFT6IIXA,Essence (K=10),0.0,0.0
AED4YEVRRXVO5WX2LSWEZ23BCQXQ,Random,0.0,0.0
AED4YEVRRXVO5WX2LSWEZ23BCQXQ,Popularity,0.0,0.0
AED4YEVRRXVO5WX2LSWEZ23BCQXQ,CF (ItemKNN),0.0,0.0
AED4YEVRRXVO5WX2LSWEZ23BCQXQ,Content (Avg Emb),0.0,0.0
AED4YEVRRXVO5WX2LSWEZ23BCQXQ,Last-Item,0.0,0.0
AED4YEVRRXVO5WX2LSWEZ23BCQXQ,Avg-Last-10,0.0,0.0
AED4YEVRRXVO5WX2LSWEZ23BCQXQ,Recency-Weighted,0.0,0.0
AED4YEVRRXVO5WX2LSWEZ23BCQXQ,Essence (K=10),0.0,0.0
AED5PHT6ILFMS63EZHLDSVU3WHMQ,Random,0.0,
AED5PHT6ILFMS63EZHLDSVU3WHMQ,Popularity,0.0,
AED5PHT6ILFMS63EZHLDSVU3WHMQ,CF (ItemKNN),0.0,
AED5PHT6ILFMS63EZHLDSVU3WHMQ,Content (Avg Emb),0.0,
AED5PHT6ILFMS63EZHLDSVU3WHMQ,Last-Item,0.0,
AED5PHT6ILFMS63EZHLDSVU3WHMQ,Avg-Last-10,0.0,
AED5PHT6ILFMS63EZHLDSVU3WHMQ,Recency-Weighted,0.0,
AED5PHT6ILFMS63EZHLDSVU3WHMQ,Essence (K=10),0.0,
AEDAPBJA6JZUBBCVCOPTBH7T7MDA,Random,0.0,
AEDAPBJA6JZUBBCVCOPTBH7T7MDA,Popularity,0.0,
AEDAPBJA6JZUBBCVCOPTBH7T7MDA,CF (ItemKNN),0.0,
AEDAPBJA6JZUBBCVCOPTBH7T7MDA,Content (Avg Emb),0.0,
AEDAPBJA6JZUBBCVCOPTBH7T7MDA,Last-Item,0.0,
AEDAPBJA6JZUBBCVCOPTBH7T7MDA,Avg-Last-10,0.0,
AEDAPBJA6JZUBBCVCOPTBH7T7MDA,Recency-Weighted,0.0,
AEDAPBJA6JZUBBCVCOPTBH7T7MDA,Essence (K=10),0.0,
AEDBEWN6LO3BUALL22P5G6RFVO3Q,Random,0.0,
AEDBEWN6LO3BUALL22P5G6RFVO3Q,Popularity,0.0,
AEDBEWN6LO3BUALL22P5G6RFVO3Q,CF (ItemKNN),0.0,
AEDBEWN6LO3BUALL22P5G6RFVO3Q,Content (Avg Emb),0.0,
AEDBEWN6LO3BUALL22P5G6RFVO3Q,Last-Item,0.0,
AEDBEWN6LO3BUALL22P5G6RFVO3Q,Avg-Last-10,0.0,
AEDBEWN6LO3BUALL22P5G6RFVO3Q,Recency-Weighted,0.0,
AEDBEWN6LO3BUALL22P5G6RFVO3Q,Essence (K=10),0.0,
AEDEZFQ7MJT6YYSMUIVUBMKISFEQ,Random,0.0,0.0
AEDEZFQ7MJT6YYSMUIVUBMKISFEQ,Popularity,0.0,0.0
AEDEZFQ7MJT6YYSMUIVUBMKISFEQ,CF (ItemKNN),0.0,0.0
AEDEZFQ7MJT6YYSMUIVUBMKISFEQ,Content (Avg Emb),0.0,0.0
AEDEZFQ7MJT6YYSMUIVUBMKISFEQ,Last-Item,0.0,0.0
AEDEZFQ7MJT6YYSMUIVUBMKISFEQ,Avg-Last-10,0.0,0.0
AEDEZFQ7MJT6YYSMUIVUBMKISFEQ,Recency-Weighted,0.0,0.0
AEDEZFQ7MJT6YYSMUIVUBMKISFEQ,Essence (K=10),0.0,0.0
AEDIORD6KJTCR6Q5PSSHFEYW3JLA,Random,0.0,
AEDIORD6KJTCR6Q5PSSHFEYW3JLA,Popularity,0.0,
AEDIORD6KJTCR6Q5PSSHFEYW3JLA,CF (ItemKNN),0.0,
AEDIORD6KJTCR6Q5PSSHFEYW3JLA,Content (Avg Emb),0.0,
AEDIORD6KJTCR6Q5PSSHFEYW3JLA,Last-Item,0.0,
AEDIORD6KJTCR6Q5PSSHFEYW3JLA,Avg-Last-10,0.0,
AEDIORD6KJTCR6Q5PSSHFEYW3JLA,Recency-Weighted,0.0,
AEDIORD6KJTCR6Q5PSSHFEYW3JLA,Essence (K=10),0.0,
AEDJD724PJBN7KE6E4KDRVPUFI5A,Random,0.0,0.0
AEDJD724PJBN7KE6E4KDRVPUFI5A,Popularity,0.0,0.0
AEDJD724PJBN7KE6E4KDRVPUFI5A,CF (ItemKNN),0.0,0.0
AEDJD724PJBN7KE6E4KDRVPUFI5A,Content (Avg Emb),0.0,0.0
AEDJD724PJBN7KE6E4KDRVPUFI5A,Last-Item,0.0,0.0
AEDJD724PJBN7KE6E4KDRVPUFI5A,Avg-Last-10,0.0,0.0
AEDJD724PJBN7KE6E4KDRVPUFI5A,Recency-Weighted,0.0,0.0
AEDJD724PJBN7KE6E4KDRVPUFI5A,Essence (K=10),0.0,0.0
AEDJTLEOOEEY2FEO7JCBJASH5KXA,Random,0.0,0.0
AEDJTLEOOEEY2FEO7JCBJASH5KXA,Popularity,0.0,0.0
AEDJTLEOOEEY2FEO7JCBJASH5KXA,CF (ItemKNN),0.0,0.0
AEDJTLEOOEEY2FEO7JCBJASH5KXA,Content (Avg Emb),0.0,0.0
AEDJTLEOOEEY2FEO7JCBJASH5KXA,Last-Item,0.0,0.0
AEDJTLEOOEEY2FEO7JCBJASH5KXA,Avg-Last-10,0.0,0.0
AEDJTLEOOEEY2FEO7JCBJASH5KXA,Recency-Weighted,0.0,0.0
AEDJTLEOOEEY2FEO7JCBJASH5KXA,Essence (K=10),0.0,0.0
AEDK6VSYG4DYUC6WWBII7JEXH2EQ,Random,0.0,
AEDK6VSYG4DYUC6WWBII7JEXH2EQ,Popularity,0.0,
AEDK6VSYG4DYUC6WWBII7JEXH2EQ,CF (ItemKNN),0.0,
AEDK6VSYG4DYUC6WWBII7JEXH2EQ,Content (Avg Emb),0.0,
AEDK6VSYG4DYUC6WWBII7JEXH2EQ,Last-Item,0.0,
AEDK6VSYG4DYUC6WWBII7JEXH2EQ,Avg-Last-10,0.0,
AEDK6VSYG4DYUC6WWBII7JEXH2EQ,Recency-Weighted,0.0,
AEDK6VSYG4DYUC6WWBII7JEXH2EQ,Essence (K=10),0.0,
AEDLJXDX6HZTQBFFN76JYV2F2V2A,Random,0.0,
AEDLJXDX6HZTQBFFN76JYV2F2V2A,Popularity,0.0,
AEDLJXDX6HZTQBFFN76JYV2F2V2A,CF (ItemKNN),0.0,
AEDLJXDX6HZTQBFFN76JYV2F2V2A,Content (Avg Emb),0.0,
AEDLJXDX6HZTQBFFN76JYV2F2V2A,Last-Item,0.0,
AEDLJXDX6HZTQBFFN76JYV2F2V2A,Avg-Last-10,0.0,
AEDLJXDX6HZTQBFFN76JYV2F2V2A,Recency-Weighted,0.0,
AEDLJXDX6HZTQBFFN76JYV2F2V2A,Essence (K=10),0.0,
AEDMHLNOK6MRJCNE5C45K3XQJDDA,Random,0.0,
AEDMHLNOK6MRJCNE5C45K3XQJDDA,Popularity,0.0,
AEDMHLNOK6MRJCNE5C45K3XQJDDA,CF (ItemKNN),0.0,
AEDMHLNOK6MRJCNE5C45K3XQJDDA,Content (Avg Emb),0.0,
AEDMHLNOK6MRJCNE5C45K3XQJDDA,Last-Item,0.0,
AEDMHLNOK6MRJCNE5C45K3XQJDDA,Avg-Last-10,0.0,
AEDMHLNOK6MRJCNE5C45K3XQJDDA,Recency-Weighted,0.0,
AEDMHLNOK6MRJCNE5C45K3XQJDDA,Essence (K=10),0.0,
AEDMIC2RPOWPXJCFASPMYLH6JEIA,Random,0.0,
AEDMIC2RPOWPXJCFASPMYLH6JEIA,Popularity,0.0,
AEDMIC2RPOWPXJCFASPMYLH6JEIA,CF (ItemKNN),0.0,
AEDMIC2RPOWPXJCFASPMYLH6JEIA,Content (Avg Emb),0.0,
AEDMIC2RPOWPXJCFASPMYLH6JEIA,Last-Item,0.0,
AEDMIC2RPOWPXJCFASPMYLH6JEIA,Avg-Last-10,0.0,
AEDMIC2RPOWPXJCFASPMYLH6JEIA,Recency-Weighted,0.0,
AEDMIC2RPOWPXJCFASPMYLH6JEIA,Essence (K=10),0.0,
AEDN6AJS7XSZLYDSG6UVPZCC2ZYA,Random,0.0,0.0
AEDN6AJS7XSZLYDSG6UVPZCC2ZYA,Popularity,0.0,0.0
AEDN6AJS7XSZLYDSG6UVPZCC2ZYA,CF (ItemKNN),0.0,0.0
AEDN6AJS7XSZLYDSG6UVPZCC2ZYA,Content (Avg Emb),0.0,0.0
AEDN6AJS7XSZLYDSG6UVPZCC2ZYA,Last-Item,0.0,0.0
AEDN6AJS7XSZLYDSG6UVPZCC2ZYA,Avg-Last-10,0.0,0.0
AEDN6AJS7XSZLYDSG6UVPZCC2ZYA,Recency-Weighted,0.0,0.0
AEDN6AJS7XSZLYDSG6UVPZCC2ZYA,Essence (K=10),0.0,0.0
AEDOWD4M625PSYBZDO5IJ64YIIBQ,Random,0.0,0.0
AEDOWD4M625PSYBZDO5IJ64YIIBQ,Popularity,0.0,0.0
AEDOWD4M625PSYBZDO5IJ64YIIBQ,CF (ItemKNN),0.0,0.0
AEDOWD4M625PSYBZDO5IJ64YIIBQ,Content (Avg Emb),0.0,0.0
AEDOWD4M625PSYBZDO5IJ64YIIBQ,Last-Item,0.0,0.0
AEDOWD4M625PSYBZDO5IJ64YIIBQ,Avg-Last-10,0.0,0.0
AEDOWD4M625PSYBZDO5IJ64YIIBQ,Recency-Weighted,0.0,0.0
AEDOWD4M625PSYBZDO5IJ64YIIBQ,Essence (K=10),0.0,0.0
AEDQYCG7NACR5N2I4ANX3BCC7XHA,Random,0.0,
AEDQYCG7NACR5N2I4ANX3BCC7XHA,Popularity,0.0,
AEDQYCG7NACR5N2I4ANX3BCC7XHA,CF (ItemKNN),0.0,
AEDQYCG7NACR5N2I4ANX3BCC7XHA,Content (Avg Emb),0.0,
AEDQYCG7NACR5N2I4ANX3BCC7XHA,Last-Item,0.0,
AEDQYCG7NACR5N2I4ANX3BCC7XHA,Avg-Last-10,0.0,
AEDQYCG7NACR5N2I4ANX3BCC7XHA,Recency-Weighted,0.0,
AEDQYCG7NACR5N2I4ANX3BCC7XHA,Essence (K=10),0.0,
AEDRXDTELL3PSLNXQ4C6Y4RYTCMA,Random,0.0,0.0
AEDRXDTELL3PSLNXQ4C6Y4RYTCMA,Popularity,0.16666666666666666,0.0
AEDRXDTELL3PSLNXQ4C6Y4RYTCMA,CF (ItemKNN),0.0,0.0
AEDRXDTELL3PSLNXQ4C6Y4RYTCMA,Content (Avg Emb),0.0,0.0
AEDRXDTELL3PSLNXQ4C6Y4RYTCMA,Last-Item,0.0,0.0
AEDRXDTELL3PSLNXQ4C6Y4RYTCMA,Avg-Last-10,0.0,0.0
AEDRXDTELL3PSLNXQ4C6Y4RYTCMA,Recency-Weighted,0.0,0.0
AEDRXDTELL3PSLNXQ4C6Y4RYTCMA,Essence (K=10),0.0,0.0
AEDRZGLCAGAPA2DBU434KGMMKKUQ,Random,0.0,0.0
AEDRZGLCAGAPA2DBU434KGMMKKUQ,Popularity,0.0,0.0
AEDRZGLCAGAPA2DBU434KGMMKKUQ,CF (ItemKNN),0.0,0.0
AEDRZGLCAGAPA2DBU434KGMMKKUQ,Content (Avg Emb),0.0,0.0
AEDRZGLCAGAPA2DBU434KGMMKKUQ,Last-Item,0.0,0.0
AEDRZGLCAGAPA2DBU434KGMMKKUQ,Avg-Last-10,0.0,0.0
AEDRZGLCAGAPA2DBU434KGMMKKUQ,Recency-Weighted,0.0,0.0
AEDRZGLCAGAPA2DBU434KGMMKKUQ,Essence (K=10),0.0,0.0
AEDSZVNZFSIWU7S3CSS6PPCPUZQQ,Random,0.0,0.0
AEDSZVNZFSIWU7S3CSS6PPCPUZQQ,Popularity,0.0,0.0
AEDSZVNZFSIWU7S3CSS6PPCPUZQQ,CF (ItemKNN),0.0,0.0
AEDSZVNZFSIWU7S3CSS6PPCPUZQQ,Content (Avg Emb),0.0,0.0
AEDSZVNZFSIWU7S3CSS6PPCPUZQQ,Last-Item,0.0,0.0
AEDSZVNZFSIWU7S3CSS6PPCPUZQQ,Avg-Last-10,0.0,0.0
AEDSZVNZFSIWU7S3CSS6PPCPUZQQ,Recency-Weighted,0.0,0.0
AEDSZVNZFSIWU7S3CSS6PPCPUZQQ,Essence (K=10),0.0,0.0
AEDTC5722YCXPCLGHBKA3L2JIXLQ,Random,0.0,
AEDTC5722YCXPCLGHBKA3L2JIXLQ,Popularity,0.0,
AEDTC5722YCXPCLGHBKA3L2JIXLQ,CF (ItemKNN),0.0,
AEDTC5722YCXPCLGHBKA3L2JIXLQ,Content (Avg Emb),0.0,
AEDTC5722YCXPCLGHBKA3L2JIXLQ,Last-Item,0.0,
AEDTC5722YCXPCLGHBKA3L2JIXLQ,Avg-Last-10,0.0,
AEDTC5722YCXPCLGHBKA3L2JIXLQ,Recency-Weighted,0.0,
AEDTC5722YCXPCLGHBKA3L2JIXLQ,Essence (K=10),0.0,
AEDYOS5VDOGIV6EQEO6KVJUS4V5Q,Random,0.0,
AEDYOS5VDOGIV6EQEO6KVJUS4V5Q,Popularity,0.0,
AEDYOS5VDOGIV6EQEO6KVJUS4V5Q,CF (ItemKNN),0.0,
AEDYOS5VDOGIV6EQEO6KVJUS4V5Q,Content (Avg Emb),0.0,
AEDYOS5VDOGIV6EQEO6KVJUS4V5Q,Last-Item,0.25,
AEDYOS5VDOGIV6EQEO6KVJUS4V5Q,Avg-Last-10,0.25,
AEDYOS5VDOGIV6EQEO6KVJUS4V5Q,Recency-Weighted,0.25,
AEDYOS5VDOGIV6EQEO6KVJUS4V5Q,Essence (K=10),0.0,
AEE3UBKOLH3AFXCY4SICKLULXVGA,Random,0.0,0.0
AEE3UBKOLH3AFXCY4SICKLULXVGA,Popularity,0.0,0.0
AEE3UBKOLH3AFXCY4SICKLULXVGA,CF (ItemKNN),0.0,0.0
AEE3UBKOLH3AFXCY4SICKLULXVGA,Content (Avg Emb),0.0,0.0
AEE3UBKOLH3AFXCY4SICKLULXVGA,Last-Item,0.0,0.0
AEE3UBKOLH3AFXCY4SICKLULXVGA,Avg-Last-10,0.2857142857142857,0.0
AEE3UBKOLH3AFXCY4SICKLULXVGA,Recency-Weighted,0.2857142857142857,0.0
AEE3UBKOLH3AFXCY4SICKLULXVGA,Essence (K=10),0.2857142857142857,0.0
AEE7MVCRCB62LZOE2DWY23QBG6LA,Random,0.0,
AEE7MVCRCB62LZOE2DWY23QBG6LA,Popularity,0.0,
AEE7MVCRCB62LZOE2DWY23QBG6LA,CF (ItemKNN),0.0,
AEE7MVCRCB62LZOE2DWY23QBG6LA,Content (Avg Emb),0.0,
AEE7MVCRCB62LZOE2DWY23QBG6LA,Last-Item,0.0,
AEE7MVCRCB62LZOE2DWY23QBG6LA,Avg-Last-10,0.0,
AEE7MVCRCB62LZOE2DWY23QBG6LA,Recency-Weighted,0.0,
AEE7MVCRCB62LZOE2DWY23QBG6LA,Essence (K=10),0.0,
AEEBBMSVPL74AVZGE3UITBA6N2VA,Random,0.0,
AEEBBMSVPL74AVZGE3UITBA6N2VA,Popularity,0.0,
AEEBBMSVPL74AVZGE3UITBA6N2VA,CF (ItemKNN),0.0,
AEEBBMSVPL74AVZGE3UITBA6N2VA,Content (Avg Emb),0.0,
AEEBBMSVPL74AVZGE3UITBA6N2VA,Last-Item,0.0,
AEEBBMSVPL74AVZGE3UITBA6N2VA,Avg-Last-10,0.0,
AEEBBMSVPL74AVZGE3UITBA6N2VA,Recency-Weighted,0.0,
AEEBBMSVPL74AVZGE3UITBA6N2VA,Essence (K=10),0.0,
AEEBNNFHILA7YWB4Z4VEY2P7RGDA,Random,0.0,0.0
AEEBNNFHILA7YWB4Z4VEY2P7RGDA,Popularity,0.0,0.0
AEEBNNFHILA7YWB4Z4VEY2P7RGDA,CF (ItemKNN),0.0,0.0
AEEBNNFHILA7YWB4Z4VEY2P7RGDA,Content (Avg Emb),0.0,0.0
AEEBNNFHILA7YWB4Z4VEY2P7RGDA,Last-Item,0.0,0.0
AEEBNNFHILA7YWB4Z4VEY2P7RGDA,Avg-Last-10,0.0,0.0
AEEBNNFHILA7YWB4Z4VEY2P7RGDA,Recency-Weighted,0.0,0.0
AEEBNNFHILA7YWB4Z4VEY2P7RGDA,Essence (K=10),0.0,0.0
AEEEM36MUW2N2FUBTSPTKYAOQK2Q,Random,0.0,0.0
AEEEM36MUW2N2FUBTSPTKYAOQK2Q,Popularity,0.0,0.0
AEEEM36MUW2N2FUBTSPTKYAOQK2Q,CF (ItemKNN),0.0,0.0
AEEEM36MUW2N2FUBTSPTKYAOQK2Q,Content (Avg Emb),0.0,0.0
AEEEM36MUW2N2FUBTSPTKYAOQK2Q,Last-Item,0.0,0.0
AEEEM36MUW2N2FUBTSPTKYAOQK2Q,Avg-Last-10,0.0,0.0
AEEEM36MUW2N2FUBTSPTKYAOQK2Q,Recency-Weighted,0.0,0.0
AEEEM36MUW2N2FUBTSPTKYAOQK2Q,Essence (K=10),0.0,0.0
AEEIQDEUY5AXKEPBDX3ATWAPRFIA,Random,0.0,
AEEIQDEUY5AXKEPBDX3ATWAPRFIA,Popularity,0.0,
AEEIQDEUY5AXKEPBDX3ATWAPRFIA,CF (ItemKNN),0.0,
AEEIQDEUY5AXKEPBDX3ATWAPRFIA,Content (Avg Emb),0.0,
AEEIQDEUY5AXKEPBDX3ATWAPRFIA,Last-Item,0.0,
AEEIQDEUY5AXKEPBDX3ATWAPRFIA,Avg-Last-10,0.0,
AEEIQDEUY5AXKEPBDX3ATWAPRFIA,Recency-Weighted,0.0,
AEEIQDEUY5AXKEPBDX3ATWAPRFIA,Essence (K=10),0.0,
AEEIZWXQP4FU27KU36IDGQJFAIRA,Random,0.0,
AEEIZWXQP4FU27KU36IDGQJFAIRA,Popularity,0.0,
AEEIZWXQP4FU27KU36IDGQJFAIRA,CF (ItemKNN),0.0,
AEEIZWXQP4FU27KU36IDGQJFAIRA,Content (Avg Emb),0.0,
AEEIZWXQP4FU27KU36IDGQJFAIRA,Last-Item,0.1111111111111111,
AEEIZWXQP4FU27KU36IDGQJFAIRA,Avg-Last-10,0.0,
AEEIZWXQP4FU27KU36IDGQJFAIRA,Recency-Weighted,0.0,
AEEIZWXQP4FU27KU36IDGQJFAIRA,Essence (K=10),0.0,
AEEJ3PDEVXWSSOSKXF7MLB4GDWFA,Random,0.0,0.0
AEEJ3PDEVXWSSOSKXF7MLB4GDWFA,Popularity,0.0,0.0
AEEJ3PDEVXWSSOSKXF7MLB4GDWFA,CF (ItemKNN),0.0,0.0
AEEJ3PDEVXWSSOSKXF7MLB4GDWFA,Content (Avg Emb),0.0,0.0
AEEJ3PDEVXWSSOSKXF7MLB4GDWFA,Last-Item,0.0,0.0
AEEJ3PDEVXWSSOSKXF7MLB4GDWFA,Avg-Last-10,0.0,0.0
AEEJ3PDEVXWSSOSKXF7MLB4GDWFA,Recency-Weighted,0.0,0.0
AEEJ3PDEVXWSSOSKXF7MLB4GDWFA,Essence (K=10),0.0,0.0
AEEORBEGAYLECVWHTYQUNXCIJ5HQ,Random,0.0,0.0
AEEORBEGAYLECVWHTYQUNXCIJ5HQ,Popularity,0.0,0.0
AEEORBEGAYLECVWHTYQUNXCIJ5HQ,CF (ItemKNN),0.0,0.0
AEEORBEGAYLECVWHTYQUNXCIJ5HQ,Content (Avg Emb),0.0,0.0
AEEORBEGAYLECVWHTYQUNXCIJ5HQ,Last-Item,0.0,0.0
AEEORBEGAYLECVWHTYQUNXCIJ5HQ,Avg-Last-10,0.0,0.0
AEEORBEGAYLECVWHTYQUNXCIJ5HQ,Recency-Weighted,0.0,0.0
AEEORBEGAYLECVWHTYQUNXCIJ5HQ,Essence (K=10),0.0,0.0
AEEPU33B7E3RZH4NCER7OCJHDYWQ,Random,0.0,
AEEPU33B7E3RZH4NCER7OCJHDYWQ,Popularity,0.0,
AEEPU33B7E3RZH4NCER7OCJHDYWQ,CF (ItemKNN),0.25,
AEEPU33B7E3RZH4NCER7OCJHDYWQ,Content (Avg Emb),0.25,
AEEPU33B7E3RZH4NCER7OCJHDYWQ,Last-Item,0.0,
AEEPU33B7E3RZH4NCER7OCJHDYWQ,Avg-Last-10,0.25,
AEEPU33B7E3RZH4NCER7OCJHDYWQ,Recency-Weighted,0.25,
AEEPU33B7E3RZH4NCER7OCJHDYWQ,Essence (K=10),0.0,
AEEQYZU6HPLKANQWFKQYEEY5OSRA,Random,0.0,
AEEQYZU6HPLKANQWFKQYEEY5OSRA,Popularity,0.0,
AEEQYZU6HPLKANQWFKQYEEY5OSRA,CF (ItemKNN),0.0,
AEEQYZU6HPLKANQWFKQYEEY5OSRA,Content (Avg Emb),0.0,
AEEQYZU6HPLKANQWFKQYEEY5OSRA,Last-Item,0.0,
AEEQYZU6HPLKANQWFKQYEEY5OSRA,Avg-Last-10,0.0,
AEEQYZU6HPLKANQWFKQYEEY5OSRA,Recency-Weighted,0.0,
AEEQYZU6HPLKANQWFKQYEEY5OSRA,Essence (K=10),0.0,
AEEUWXYDDEFGYRTLSKRTBLSWBP7Q,Random,0.0,0.0
AEEUWXYDDEFGYRTLSKRTBLSWBP7Q,Popularity,0.0,0.0
AEEUWXYDDEFGYRTLSKRTBLSWBP7Q,CF (ItemKNN),0.0,0.0
AEEUWXYDDEFGYRTLSKRTBLSWBP7Q,Content (Avg Emb),0.0,0.0
AEEUWXYDDEFGYRTLSKRTBLSWBP7Q,Last-Item,0.0,0.0
AEEUWXYDDEFGYRTLSKRTBLSWBP7Q,Avg-Last-10,0.0,0.0
AEEUWXYDDEFGYRTLSKRTBLSWBP7Q,Recency-Weighted,0.0,0.0
AEEUWXYDDEFGYRTLSKRTBLSWBP7Q,Essence (K=10),0.0,0.0
AEEY3DP2DZHA5GVYZTRPED633CAQ,Random,0.0,0.0
AEEY3DP2DZHA5GVYZTRPED633CAQ,Popularity,0.0,0.0
AEEY3DP2DZHA5GVYZTRPED633CAQ,CF (ItemKNN),0.0,0.0
AEEY3DP2DZHA5GVYZTRPED633CAQ,Content (Avg Emb),0.0,0.0
AEEY3DP2DZHA5GVYZTRPED633CAQ,Last-Item,0.0,0.0
AEEY3DP2DZHA5GVYZTRPED633CAQ,Avg-Last-10,0.0,0.0
AEEY3DP2DZHA5GVYZTRPED633CAQ,Recency-Weighted,0.0,0.0
AEEY3DP2DZHA5GVYZTRPED633CAQ,Essence (K=10),0.0,0.0
AEF23RYE2HBCPG447X2JD6J7G52A,Random,0.0,0.0
AEF23RYE2HBCPG447X2JD6J7G52A,Popularity,0.0,0.0
AEF23RYE2HBCPG447X2JD6J7G52A,CF (ItemKNN),0.0,0.0
AEF23RYE2HBCPG447X2JD6J7G52A,Content (Avg Emb),0.0,0.0
AEF23RYE2HBCPG447X2JD6J7G52A,Last-Item,0.0,0.0
AEF23RYE2HBCPG447X2JD6J7G52A,Avg-Last-10,0.0,0.0
AEF23RYE2HBCPG447X2JD6J7G52A,Recency-Weighted,0.0,0.0
AEF23RYE2HBCPG447X2JD6J7G52A,Essence (K=10),0.0,0.0
AEF3DSVLFMPERHXWIYVZRTCRI3IQ,Random,0.0,
AEF3DSVLFMPERHXWIYVZRTCRI3IQ,Popularity,0.0,
AEF3DSVLFMPERHXWIYVZRTCRI3IQ,CF (ItemKNN),0.0,
AEF3DSVLFMPERHXWIYVZRTCRI3IQ,Content (Avg Emb),0.0,
AEF3DSVLFMPERHXWIYVZRTCRI3IQ,Last-Item,0.0,
AEF3DSVLFMPERHXWIYVZRTCRI3IQ,Avg-Last-10,0.0,
AEF3DSVLFMPERHXWIYVZRTCRI3IQ,Recency-Weighted,0.0,
AEF3DSVLFMPERHXWIYVZRTCRI3IQ,Essence (K=10),0.0,
AEF7ZJXNHGAXQHPFXRZYPZFC2S4Q,Random,0.0,0.0
AEF7ZJXNHGAXQHPFXRZYPZFC2S4Q,Popularity,0.0,0.0
AEF7ZJXNHGAXQHPFXRZYPZFC2S4Q,CF (ItemKNN),0.0,0.0
AEF7ZJXNHGAXQHPFXRZYPZFC2S4Q,Content (Avg Emb),0.0,0.0
AEF7ZJXNHGAXQHPFXRZYPZFC2S4Q,Last-Item,0.0,0.0
AEF7ZJXNHGAXQHPFXRZYPZFC2S4Q,Avg-Last-10,0.0,0.0
AEF7ZJXNHGAXQHPFXRZYPZFC2S4Q,Recency-Weighted,0.0,0.0
AEF7ZJXNHGAXQHPFXRZYPZFC2S4Q,Essence (K=10),0.0,0.0
AEFEJHBNSMLDSE6VAENHF3JTEUJA,Random,0.0,0.0
AEFEJHBNSMLDSE6VAENHF3JTEUJA,Popularity,0.0,0.0
AEFEJHBNSMLDSE6VAENHF3JTEUJA,CF (ItemKNN),0.0,0.0
AEFEJHBNSMLDSE6VAENHF3JTEUJA,Content (Avg Emb),0.0,0.0
AEFEJHBNSMLDSE6VAENHF3JTEUJA,Last-Item,0.0,0.0
AEFEJHBNSMLDSE6VAENHF3JTEUJA,Avg-Last-10,0.0,0.0
AEFEJHBNSMLDSE6VAENHF3JTEUJA,Recency-Weighted,0.0,0.0
AEFEJHBNSMLDSE6VAENHF3JTEUJA,Essence (K=10),0.0,0.0
AEFGGM362OPBNATDZQUDCL5OMXCQ,Random,0.0,0.0
AEFGGM362OPBNATDZQUDCL5OMXCQ,Popularity,0.0,0.0
AEFGGM362OPBNATDZQUDCL5OMXCQ,CF (ItemKNN),0.0,0.0
AEFGGM362OPBNATDZQUDCL5OMXCQ,Content (Avg Emb),0.0,0.0
AEFGGM362OPBNATDZQUDCL5OMXCQ,Last-Item,0.1111111111111111,0.0
AEFGGM362OPBNATDZQUDCL5OMXCQ,Avg-Last-10,0.0,0.0
AEFGGM362OPBNATDZQUDCL5OMXCQ,Recency-Weighted,0.0,0.0
AEFGGM362OPBNATDZQUDCL5OMXCQ,Essence (K=10),0.0,0.0
AEFIU3GVQ23DXBFQKEOROXRMXBQA,Random,0.0,0.0
AEFIU3GVQ23DXBFQKEOROXRMXBQA,Popularity,0.0,0.0
AEFIU3GVQ23DXBFQKEOROXRMXBQA,CF (ItemKNN),0.0,0.0
AEFIU3GVQ23DXBFQKEOROXRMXBQA,Content (Avg Emb),0.0,0.0
AEFIU3GVQ23DXBFQKEOROXRMXBQA,Last-Item,0.0,0.0
AEFIU3GVQ23DXBFQKEOROXRMXBQA,Avg-Last-10,0.0,0.0
AEFIU3GVQ23DXBFQKEOROXRMXBQA,Recency-Weighted,0.05,0.0
AEFIU3GVQ23DXBFQKEOROXRMXBQA,Essence (K=10),0.0,0.0
AEFQQUW65ZFSWA3ZXX337KN75VUA,Random,0.0,
AEFQQUW65ZFSWA3ZXX337KN75VUA,Popularity,0.0,
AEFQQUW65ZFSWA3ZXX337KN75VUA,CF (ItemKNN),0.0,
AEFQQUW65ZFSWA3ZXX337KN75VUA,Content (Avg Emb),0.0,
AEFQQUW65ZFSWA3ZXX337KN75VUA,Last-Item,0.0,
AEFQQUW65ZFSWA3ZXX337KN75VUA,Avg-Last-10,0.0,
AEFQQUW65ZFSWA3ZXX337KN75VUA,Recency-Weighted,0.0,
AEFQQUW65ZFSWA3ZXX337KN75VUA,Essence (K=10),0.0,
AEFS3BWHBJKXUYOLHFDMCWPLRIPA,Random,0.0,
AEFS3BWHBJKXUYOLHFDMCWPLRIPA,Popularity,0.0,
AEFS3BWHBJKXUYOLHFDMCWPLRIPA,CF (ItemKNN),0.0,
AEFS3BWHBJKXUYOLHFDMCWPLRIPA,Content (Avg Emb),0.0,
AEFS3BWHBJKXUYOLHFDMCWPLRIPA,Last-Item,0.2,
AEFS3BWHBJKXUYOLHFDMCWPLRIPA,Avg-Last-10,0.0,
AEFS3BWHBJKXUYOLHFDMCWPLRIPA,Recency-Weighted,0.2,
AEFS3BWHBJKXUYOLHFDMCWPLRIPA,Essence (K=10),0.0,
AEFTKROBJCD73K6QKZITY3JAU6NA,Random,0.0,
AEFTKROBJCD73K6QKZITY3JAU6NA,Popularity,0.0,
AEFTKROBJCD73K6QKZITY3JAU6NA,CF (ItemKNN),0.0,
AEFTKROBJCD73K6QKZITY3JAU6NA,Content (Avg Emb),0.0,
AEFTKROBJCD73K6QKZITY3JAU6NA,Last-Item,0.0,
AEFTKROBJCD73K6QKZITY3JAU6NA,Avg-Last-10,0.0,
AEFTKROBJCD73K6QKZITY3JAU6NA,Recency-Weighted,0.0,
AEFTKROBJCD73K6QKZITY3JAU6NA,Essence (K=10),0.0,
AEG552T67GFPRA6AZH5XGJ62RU5A,Random,0.0,0.0
AEG552T67GFPRA6AZH5XGJ62RU5A,Popularity,0.0,0.0
AEG552T67GFPRA6AZH5XGJ62RU5A,CF (ItemKNN),0.0,0.0
AEG552T67GFPRA6AZH5XGJ62RU5A,Content (Avg Emb),0.0,0.0
AEG552T67GFPRA6AZH5XGJ62RU5A,Last-Item,0.0,0.0
AEG552T67GFPRA6AZH5XGJ62RU5A,Avg-Last-10,0.0,0.0
AEG552T67GFPRA6AZH5XGJ62RU5A,Recency-Weighted,0.0,0.0
AEG552T67GFPRA6AZH5XGJ62RU5A,Essence (K=10),0.0,0.0
AEG7DGOV5KQOYWMDCDXL3GVZZTHQ,Random,0.0,0.0
AEG7DGOV5KQOYWMDCDXL3GVZZTHQ,Popularity,0.0,0.0
AEG7DGOV5KQOYWMDCDXL3GVZZTHQ,CF (ItemKNN),0.0,0.0
AEG7DGOV5KQOYWMDCDXL3GVZZTHQ,Content (Avg Emb),0.0,0.0
AEG7DGOV5KQOYWMDCDXL3GVZZTHQ,Last-Item,0.0,0.0
AEG7DGOV5KQOYWMDCDXL3GVZZTHQ,Avg-Last-10,0.0,0.0
AEG7DGOV5KQOYWMDCDXL3GVZZTHQ,Recency-Weighted,0.0,0.0
AEG7DGOV5KQOYWMDCDXL3GVZZTHQ,Essence (K=10),0.0,0.0
AEGAEFX37YPPDMQJLT6XWCITH5QA,Random,0.0,0.0
AEGAEFX37YPPDMQJLT6XWCITH5QA,Popularity,0.0,0.0
AEGAEFX37YPPDMQJLT6XWCITH5QA,CF (ItemKNN),0.0,0.0
AEGAEFX37YPPDMQJLT6XWCITH5QA,Content (Avg Emb),0.18181818181818182,0.0
AEGAEFX37YPPDMQJLT6XWCITH5QA,Last-Item,0.2727272727272727,1.0
AEGAEFX37YPPDMQJLT6XWCITH5QA,Avg-Last-10,0.18181818181818182,0.0
AEGAEFX37YPPDMQJLT6XWCITH5QA,Recency-Weighted,0.18181818181818182,0.0
AEGAEFX37YPPDMQJLT6XWCITH5QA,Essence (K=10),0.18181818181818182,1.0
AEGEIVF4F2J4FGG72J5CW5YC7ZXQ,Random,0.0,
AEGEIVF4F2J4FGG72J5CW5YC7ZXQ,Popularity,0.0,
AEGEIVF4F2J4FGG72J5CW5YC7ZXQ,CF (ItemKNN),0.0,
AEGEIVF4F2J4FGG72J5CW5YC7ZXQ,Content (Avg Emb),0.2,
AEGEIVF4F2J4FGG72J5CW5YC7ZXQ,Last-Item,0.2,
AEGEIVF4F2J4FGG72J5CW5YC7ZXQ,Avg-Last-10,0.2,
AEGEIVF4F2J4FGG72J5CW5YC7ZXQ,Recency-Weighted,0.2,
AEGEIVF4F2J4FGG72J5CW5YC7ZXQ,Essence (K=10),0.0,
AEGFJG64URMZRRYJTVN6CVSQP2OQ,Random,0.0,0.0
AEGFJG64URMZRRYJTVN6CVSQP2OQ,Popularity,0.0,0.0
AEGFJG64URMZRRYJTVN6CVSQP2OQ,CF (ItemKNN),0.0,0.0
AEGFJG64URMZRRYJTVN6CVSQP2OQ,Content (Avg Emb),0.0,0.0
AEGFJG64URMZRRYJTVN6CVSQP2OQ,Last-Item,0.0,0.0
AEGFJG64URMZRRYJTVN6CVSQP2OQ,Avg-Last-10,0.0,0.0
AEGFJG64URMZRRYJTVN6CVSQP2OQ,Recency-Weighted,0.0,0.0
AEGFJG64URMZRRYJTVN6CVSQP2OQ,Essence (K=10),0.0,0.0
AEGGTVUP3NSOHHWTXXVTANTPSU7Q,Random,0.0,0.0
AEGGTVUP3NSOHHWTXXVTANTPSU7Q,Popularity,0.0,0.0
AEGGTVUP3NSOHHWTXXVTANTPSU7Q,CF (ItemKNN),0.0,0.0
AEGGTVUP3NSOHHWTXXVTANTPSU7Q,Content (Avg Emb),0.0,0.0
AEGGTVUP3NSOHHWTXXVTANTPSU7Q,Last-Item,0.0,0.0
AEGGTVUP3NSOHHWTXXVTANTPSU7Q,Avg-Last-10,0.0,0.0
AEGGTVUP3NSOHHWTXXVTANTPSU7Q,Recency-Weighted,0.0,0.0
AEGGTVUP3NSOHHWTXXVTANTPSU7Q,Essence (K=10),0.0,0.0
AEGODEFGYAPOJAPDYFNMJ2H3QMZQ,Random,0.0,0.0
AEGODEFGYAPOJAPDYFNMJ2H3QMZQ,Popularity,0.0,0.0
AEGODEFGYAPOJAPDYFNMJ2H3QMZQ,CF (ItemKNN),0.0,0.0
AEGODEFGYAPOJAPDYFNMJ2H3QMZQ,Content (Avg Emb),0.0,0.0
AEGODEFGYAPOJAPDYFNMJ2H3QMZQ,Last-Item,0.0,0.0
AEGODEFGYAPOJAPDYFNMJ2H3QMZQ,Avg-Last-10,0.0,0.0
AEGODEFGYAPOJAPDYFNMJ2H3QMZQ,Recency-Weighted,0.0,0.0
AEGODEFGYAPOJAPDYFNMJ2H3QMZQ,Essence (K=10),0.0,0.0
AEGOG2IZFI5VWKDSZV6I4XDC7ZDA,Random,0.0,0.0
AEGOG2IZFI5VWKDSZV6I4XDC7ZDA,Popularity,0.0,0.0
AEGOG2IZFI5VWKDSZV6I4XDC7ZDA,CF (ItemKNN),0.0,0.0
AEGOG2IZFI5VWKDSZV6I4XDC7ZDA,Content (Avg Emb),0.0,0.0
AEGOG2IZFI5VWKDSZV6I4XDC7ZDA,Last-Item,0.25,0.5
AEGOG2IZFI5VWKDSZV6I4XDC7ZDA,Avg-Last-10,0.0,0.0
AEGOG2IZFI5VWKDSZV6I4XDC7ZDA,Recency-Weighted,0.25,0.5
AEGOG2IZFI5VWKDSZV6I4XDC7ZDA,Essence (K=10),0.0,0.0
AEGORNMI34RDLQUZQPYSNOFWXNXQ,Random,0.0,
AEGORNMI34RDLQUZQPYSNOFWXNXQ,Popularity,0.0,
AEGORNMI34RDLQUZQPYSNOFWXNXQ,CF (ItemKNN),0.0,
AEGORNMI34RDLQUZQPYSNOFWXNXQ,Content (Avg Emb),0.0,
AEGORNMI34RDLQUZQPYSNOFWXNXQ,Last-Item,0.0,
AEGORNMI34RDLQUZQPYSNOFWXNXQ,Avg-Last-10,0.0,
AEGORNMI34RDLQUZQPYSNOFWXNXQ,Recency-Weighted,0.0,
AEGORNMI34RDLQUZQPYSNOFWXNXQ,Essence (K=10),0.2,
AEGQUWL225EHZEGTDMBRRS6USHIQ,Random,0.0,
AEGQUWL225EHZEGTDMBRRS6USHIQ,Popularity,0.0,
AEGQUWL225EHZEGTDMBRRS6USHIQ,CF (ItemKNN),0.0,
AEGQUWL225EHZEGTDMBRRS6USHIQ,Content (Avg Emb),0.0,
AEGQUWL225EHZEGTDMBRRS6USHIQ,Last-Item,0.0,
AEGQUWL225EHZEGTDMBRRS6USHIQ,Avg-Last-10,0.0,
AEGQUWL225EHZEGTDMBRRS6USHIQ,Recency-Weighted,0.0,
AEGQUWL225EHZEGTDMBRRS6USHIQ,Essence (K=10),0.0,
AEGRNU7NJZZAQRYODH3ZJWJBFMVQ,Random,0.0,
AEGRNU7NJZZAQRYODH3ZJWJBFMVQ,Popularity,0.0,
AEGRNU7NJZZAQRYODH3ZJWJBFMVQ,CF (ItemKNN),0.0,
AEGRNU7NJZZAQRYODH3ZJWJBFMVQ,Content (Avg Emb),0.0,
AEGRNU7NJZZAQRYODH3ZJWJBFMVQ,Last-Item,0.0,
AEGRNU7NJZZAQRYODH3ZJWJBFMVQ,Avg-Last-10,0.0,
AEGRNU7NJZZAQRYODH3ZJWJBFMVQ,Recency-Weighted,0.0,
AEGRNU7NJZZAQRYODH3ZJWJBFMVQ,Essence (K=10),0.0,
AEGS7Z7BL3QWCJXHG7GEVTLPY5SQ,Random,0.0,
AEGS7Z7BL3QWCJXHG7GEVTLPY5SQ,Popularity,0.0,
AEGS7Z7BL3QWCJXHG7GEVTLPY5SQ,CF (ItemKNN),0.0,
AEGS7Z7BL3QWCJXHG7GEVTLPY5SQ,Content (Avg Emb),0.0,
AEGS7Z7BL3QWCJXHG7GEVTLPY5SQ,Last-Item,0.0,
AEGS7Z7BL3QWCJXHG7GEVTLPY5SQ,Avg-Last-10,0.0,
AEGS7Z7BL3QWCJXHG7GEVTLPY5SQ,Recency-Weighted,0.0,
AEGS7Z7BL3QWCJXHG7GEVTLPY5SQ,Essence (K=10),0.0,
AEGTRNT7QISJXCCND5YGIYYOSRAQ,Random,0.0,
AEGTRNT7QISJXCCND5YGIYYOSRAQ,Popularity,0.0,
AEGTRNT7QISJXCCND5YGIYYOSRAQ,CF (ItemKNN),0.0,
AEGTRNT7QISJXCCND5YGIYYOSRAQ,Content (Avg Emb),0.0,
AEGTRNT7QISJXCCND5YGIYYOSRAQ,Last-Item,0.0,
AEGTRNT7QISJXCCND5YGIYYOSRAQ,Avg-Last-10,0.0,
AEGTRNT7QISJXCCND5YGIYYOSRAQ,Recency-Weighted,0.0,
AEGTRNT7QISJXCCND5YGIYYOSRAQ,Essence (K=10),0.0,
AEGTZWOOJEANE7IDA4HXIPERZUHA,Random,0.0,
AEGTZWOOJEANE7IDA4HXIPERZUHA,Popularity,0.0,
AEGTZWOOJEANE7IDA4HXIPERZUHA,CF (ItemKNN),0.0,
AEGTZWOOJEANE7IDA4HXIPERZUHA,Content (Avg Emb),0.0,
AEGTZWOOJEANE7IDA4HXIPERZUHA,Last-Item,0.0,
AEGTZWOOJEANE7IDA4HXIPERZUHA,Avg-Last-10,0.125,
AEGTZWOOJEANE7IDA4HXIPERZUHA,Recency-Weighted,0.125,
AEGTZWOOJEANE7IDA4HXIPERZUHA,Essence (K=10),0.125,
AEGV7BWAQYYSEFXQGJEOJKEM5FIA,Random,0.0,0.0
AEGV7BWAQYYSEFXQGJEOJKEM5FIA,Popularity,0.0,0.0
AEGV7BWAQYYSEFXQGJEOJKEM5FIA,CF (ItemKNN),0.0,0.0
AEGV7BWAQYYSEFXQGJEOJKEM5FIA,Content (Avg Emb),0.0,0.0
AEGV7BWAQYYSEFXQGJEOJKEM5FIA,Last-Item,0.0,0.0
AEGV7BWAQYYSEFXQGJEOJKEM5FIA,Avg-Last-10,0.0,0.0
AEGV7BWAQYYSEFXQGJEOJKEM5FIA,Recency-Weighted,0.0,0.0
AEGV7BWAQYYSEFXQGJEOJKEM5FIA,Essence (K=10),0.0,0.0
AEGVDEAALRRIT4HO7W2UDI3PPOBA,Random,0.0,0.0
AEGVDEAALRRIT4HO7W2UDI3PPOBA,Popularity,0.0,0.0
AEGVDEAALRRIT4HO7W2UDI3PPOBA,CF (ItemKNN),0.0,0.0
AEGVDEAALRRIT4HO7W2UDI3PPOBA,Content (Avg Emb),0.0,0.0
AEGVDEAALRRIT4HO7W2UDI3PPOBA,Last-Item,0.0,0.0
AEGVDEAALRRIT4HO7W2UDI3PPOBA,Avg-Last-10,0.0,0.0
AEGVDEAALRRIT4HO7W2UDI3PPOBA,Recency-Weighted,0.0,0.0
AEGVDEAALRRIT4HO7W2UDI3PPOBA,Essence (K=10),0.0,0.0
AEGVDTU5K66QAO7QH2GCOKFDWJGA,Random,0.0,
AEGVDTU5K66QAO7QH2GCOKFDWJGA,Popularity,0.0,
AEGVDTU5K66QAO7QH2GCOKFDWJGA,CF (ItemKNN),0.0,
AEGVDTU5K66QAO7QH2GCOKFDWJGA,Content (Avg Emb),0.0,
AEGVDTU5K66QAO7QH2GCOKFDWJGA,Last-Item,0.0,
AEGVDTU5K66QAO7QH2GCOKFDWJGA,Avg-Last-10,0.0,
AEGVDTU5K66QAO7QH2GCOKFDWJGA,Recency-Weighted,0.0,
AEGVDTU5K66QAO7QH2GCOKFDWJGA,Essence (K=10),0.0,
AEGVNHDSAFUHESL3NPQMJT2AQOMQ,Random,0.0,0.0
AEGVNHDSAFUHESL3NPQMJT2AQOMQ,Popularity,0.16666666666666666,0.0
AEGVNHDSAFUHESL3NPQMJT2AQOMQ,CF (ItemKNN),0.0,0.0
AEGVNHDSAFUHESL3NPQMJT2AQOMQ,Content (Avg Emb),0.0,0.0
AEGVNHDSAFUHESL3NPQMJT2AQOMQ,Last-Item,0.0,0.0
AEGVNHDSAFUHESL3NPQMJT2AQOMQ,Avg-Last-10,0.0,0.0
AEGVNHDSAFUHESL3NPQMJT2AQOMQ,Recency-Weighted,0.0,0.0
AEGVNHDSAFUHESL3NPQMJT2AQOMQ,Essence (K=10),0.0,0.0
AEGWE7DARUKD3TS6W2XU6KZPWCXQ,Random,0.0,
AEGWE7DARUKD3TS6W2XU6KZPWCXQ,Popularity,0.0,
AEGWE7DARUKD3TS6W2XU6KZPWCXQ,CF (ItemKNN),0.0,
AEGWE7DARUKD3TS6W2XU6KZPWCXQ,Content (Avg Emb),0.0,
AEGWE7DARUKD3TS6W2XU6KZPWCXQ,Last-Item,0.0,
AEGWE7DARUKD3TS6W2XU6KZPWCXQ,Avg-Last-10,0.0,
AEGWE7DARUKD3TS6W2XU6KZPWCXQ,Recency-Weighted,0.0,
AEGWE7DARUKD3TS6W2XU6KZPWCXQ,Essence (K=10),0.0,
AEH2JMQUALDX63YY5EG6XQSX55DA,Random,0.0,
AEH2JMQUALDX63YY5EG6XQSX55DA,Popularity,0.0,
AEH2JMQUALDX63YY5EG6XQSX55DA,CF (ItemKNN),0.0,
AEH2JMQUALDX63YY5EG6XQSX55DA,Content (Avg Emb),0.0,
AEH2JMQUALDX63YY5EG6XQSX55DA,Last-Item,0.0,
AEH2JMQUALDX63YY5EG6XQSX55DA,Avg-Last-10,0.0,
AEH2JMQUALDX63YY5EG6XQSX55DA,Recency-Weighted,0.0,
AEH2JMQUALDX63YY5EG6XQSX55DA,Essence (K=10),0.0,
AEHBNASORG3SSJN7I3QDNCMMCK5Q,Random,0.0,0.0
AEHBNASORG3SSJN7I3QDNCMMCK5Q,Popularity,0.0,0.0
AEHBNASORG3SSJN7I3QDNCMMCK5Q,CF (ItemKNN),0.0,0.0
AEHBNASORG3SSJN7I3QDNCMMCK5Q,Content (Avg Emb),0.0,0.0
AEHBNASORG3SSJN7I3QDNCMMCK5Q,Last-Item,0.0,0.0
AEHBNASORG3SSJN7I3QDNCMMCK5Q,Avg-Last-10,0.0,0.0
AEHBNASORG3SSJN7I3QDNCMMCK5Q,Recency-Weighted,0.0,0.0
AEHBNASORG3SSJN7I3QDNCMMCK5Q,Essence (K=10),0.0,0.0
AEHDY2BO6CDYT7T3P66PB7WH2JMQ,Random,0.0,
AEHDY2BO6CDYT7T3P66PB7WH2JMQ,Popularity,0.0,
AEHDY2BO6CDYT7T3P66PB7WH2JMQ,CF (ItemKNN),0.0,
AEHDY2BO6CDYT7T3P66PB7WH2JMQ,Content (Avg Emb),0.0,
AEHDY2BO6CDYT7T3P66PB7WH2JMQ,Last-Item,0.0,
AEHDY2BO6CDYT7T3P66PB7WH2JMQ,Avg-Last-10,0.0,
AEHDY2BO6CDYT7T3P66PB7WH2JMQ,Recency-Weighted,0.0,
AEHDY2BO6CDYT7T3P66PB7WH2JMQ,Essence (K=10),0.0,
AEHEKBMZEZNCLYK5H2ANIR76DGBQ,Random,0.0,0.0
AEHEKBMZEZNCLYK5H2ANIR76DGBQ,Popularity,0.0,0.0
AEHEKBMZEZNCLYK5H2ANIR76DGBQ,CF (ItemKNN),0.0,0.0
AEHEKBMZEZNCLYK5H2ANIR76DGBQ,Content (Avg Emb),0.0,0.0
AEHEKBMZEZNCLYK5H2ANIR76DGBQ,Last-Item,0.0,0.0
AEHEKBMZEZNCLYK5H2ANIR76DGBQ,Avg-Last-10,0.0,0.0
AEHEKBMZEZNCLYK5H2ANIR76DGBQ,Recency-Weighted,0.0,0.0
AEHEKBMZEZNCLYK5H2ANIR76DGBQ,Essence (K=10),0.0,0.0
AEHJN5WR4AJV63WCW3H2CF2AUVRA,Random,0.0,0.0
AEHJN5WR4AJV63WCW3H2CF2AUVRA,Popularity,0.0,0.0
AEHJN5WR4AJV63WCW3H2CF2AUVRA,CF (ItemKNN),0.0,0.0
AEHJN5WR4AJV63WCW3H2CF2AUVRA,Content (Avg Emb),0.0,0.0
AEHJN5WR4AJV63WCW3H2CF2AUVRA,Last-Item,0.0,0.0
AEHJN5WR4AJV63WCW3H2CF2AUVRA,Avg-Last-10,0.0,0.0
AEHJN5WR4AJV63WCW3H2CF2AUVRA,Recency-Weighted,0.0,0.0
AEHJN5WR4AJV63WCW3H2CF2AUVRA,Essence (K=10),0.0,0.0
AEHK2CMKRAYTZQ43GY4AJMXPHTZQ,Random,0.0,0.0
AEHK2CMKRAYTZQ43GY4AJMXPHTZQ,Popularity,0.0,0.0
AEHK2CMKRAYTZQ43GY4AJMXPHTZQ,CF (ItemKNN),0.1111111111111111,1.0
AEHK2CMKRAYTZQ43GY4AJMXPHTZQ,Content (Avg Emb),0.0,0.0
AEHK2CMKRAYTZQ43GY4AJMXPHTZQ,Last-Item,0.0,0.0
AEHK2CMKRAYTZQ43GY4AJMXPHTZQ,Avg-Last-10,0.0,0.0
AEHK2CMKRAYTZQ43GY4AJMXPHTZQ,Recency-Weighted,0.0,0.0
AEHK2CMKRAYTZQ43GY4AJMXPHTZQ,Essence (K=10),0.0,0.0
AEHVJJ6L6B6QBNDQ7A3WX7X3ZDOA,Random,0.0,0.0
AEHVJJ6L6B6QBNDQ7A3WX7X3ZDOA,Popularity,0.0,0.0
AEHVJJ6L6B6QBNDQ7A3WX7X3ZDOA,CF (ItemKNN),0.1,0.2
AEHVJJ6L6B6QBNDQ7A3WX7X3ZDOA,Content (Avg Emb),0.0,0.0
AEHVJJ6L6B6QBNDQ7A3WX7X3ZDOA,Last-Item,0.0,0.0
AEHVJJ6L6B6QBNDQ7A3WX7X3ZDOA,Avg-Last-10,0.0,0.0
AEHVJJ6L6B6QBNDQ7A3WX7X3ZDOA,Recency-Weighted,0.0,0.0
AEHVJJ6L6B6QBNDQ7A3WX7X3ZDOA,Essence (K=10),0.0,0.0
AEI5L4Z6CHKEYMPSS6XD5NLKSWCQ,Random,0.0,0.0
AEI5L4Z6CHKEYMPSS6XD5NLKSWCQ,Popularity,0.0,0.0
AEI5L4Z6CHKEYMPSS6XD5NLKSWCQ,CF (ItemKNN),0.0,0.0
AEI5L4Z6CHKEYMPSS6XD5NLKSWCQ,Content (Avg Emb),0.0,0.0
AEI5L4Z6CHKEYMPSS6XD5NLKSWCQ,Last-Item,0.1111111111111111,0.0
AEI5L4Z6CHKEYMPSS6XD5NLKSWCQ,Avg-Last-10,0.0,0.0
AEI5L4Z6CHKEYMPSS6XD5NLKSWCQ,Recency-Weighted,0.0,0.0
AEI5L4Z6CHKEYMPSS6XD5NLKSWCQ,Essence (K=10),0.0,0.0
AEI6UAIIWSNUZEBIFXZ4G5PYEEOA,Random,0.0,0.0
AEI6UAIIWSNUZEBIFXZ4G5PYEEOA,Popularity,0.0,0.0
AEI6UAIIWSNUZEBIFXZ4G5PYEEOA,CF (ItemKNN),0.0,0.0
AEI6UAIIWSNUZEBIFXZ4G5PYEEOA,Content (Avg Emb),0.0,0.0
AEI6UAIIWSNUZEBIFXZ4G5PYEEOA,Last-Item,0.0,0.0
AEI6UAIIWSNUZEBIFXZ4G5PYEEOA,Avg-Last-10,0.0,0.0
AEI6UAIIWSNUZEBIFXZ4G5PYEEOA,Recency-Weighted,0.0,0.0
AEI6UAIIWSNUZEBIFXZ4G5PYEEOA,Essence (K=10),0.0,0.0
AEI75CH7CNRMU37PC4K3SISEYK5A,Random,0.0,
AEI75CH7CNRMU37PC4K3SISEYK5A,Popularity,0.0,
AEI75CH7CNRMU37PC4K3SISEYK5A,CF (ItemKNN),0.0,
AEI75CH7CNRMU37PC4K3SISEYK5A,Content (Avg Emb),0.0,
AEI75CH7CNRMU37PC4K3SISEYK5A,Last-Item,0.0,
AEI75CH7CNRMU37PC4K3SISEYK5A,Avg-Last-10,0.0,
AEI75CH7CNRMU37PC4K3SISEYK5A,Recency-Weighted,0.0,
AEI75CH7CNRMU37PC4K3SISEYK5A,Essence (K=10),0.0,
AEIBG6AUZXUUP43YHA73B4SUHZ5Q,Random,0.0,
AEIBG6AUZXUUP43YHA73B4SUHZ5Q,Popularity,0.0,
AEIBG6AUZXUUP43YHA73B4SUHZ5Q,CF (ItemKNN),0.0,
AEIBG6AUZXUUP43YHA73B4SUHZ5Q,Content (Avg Emb),0.0,
AEIBG6AUZXUUP43YHA73B4SUHZ5Q,Last-Item,0.0,
AEIBG6AUZXUUP43YHA73B4SUHZ5Q,Avg-Last-10,0.0,
AEIBG6AUZXUUP43YHA73B4SUHZ5Q,Recency-Weighted,0.0,
AEIBG6AUZXUUP43YHA73B4SUHZ5Q,Essence (K=10),0.0,
AEIDEUMWBDJWAQGJ3FEHAQD3KJSA,Random,0.0,0.0
AEIDEUMWBDJWAQGJ3FEHAQD3KJSA,Popularity,0.0,0.0
AEIDEUMWBDJWAQGJ3FEHAQD3KJSA,CF (ItemKNN),0.0,0.0
AEIDEUMWBDJWAQGJ3FEHAQD3KJSA,Content (Avg Emb),0.0,0.0
AEIDEUMWBDJWAQGJ3FEHAQD3KJSA,Last-Item,0.0,0.0
AEIDEUMWBDJWAQGJ3FEHAQD3KJSA,Avg-Last-10,0.0,0.0
AEIDEUMWBDJWAQGJ3FEHAQD3KJSA,Recency-Weighted,0.0,0.0
AEIDEUMWBDJWAQGJ3FEHAQD3KJSA,Essence (K=10),0.0,0.0
AEIHN6JDLYL2QYCAOCBVEUPHU5EA,Random,0.0,
AEIHN6JDLYL2QYCAOCBVEUPHU5EA,Popularity,0.0,
AEIHN6JDLYL2QYCAOCBVEUPHU5EA,CF (ItemKNN),0.0,
AEIHN6JDLYL2QYCAOCBVEUPHU5EA,Content (Avg Emb),0.0,
AEIHN6JDLYL2QYCAOCBVEUPHU5EA,Last-Item,0.0,
AEIHN6JDLYL2QYCAOCBVEUPHU5EA,Avg-Last-10,0.0,
AEIHN6JDLYL2QYCAOCBVEUPHU5EA,Recency-Weighted,0.0,
AEIHN6JDLYL2QYCAOCBVEUPHU5EA,Essence (K=10),0.0,
AEIK3E4GVYYL4HGGWTXADKBXRDUQ,Random,0.0,
AEIK3E4GVYYL4HGGWTXADKBXRDUQ,Popularity,0.0,
AEIK3E4GVYYL4HGGWTXADKBXRDUQ,CF (ItemKNN),0.0,
AEIK3E4GVYYL4HGGWTXADKBXRDUQ,Content (Avg Emb),0.0,
AEIK3E4GVYYL4HGGWTXADKBXRDUQ,Last-Item,0.0,
AEIK3E4GVYYL4HGGWTXADKBXRDUQ,Avg-Last-10,0.0,
AEIK3E4GVYYL4HGGWTXADKBXRDUQ,Recency-Weighted,0.0,
AEIK3E4GVYYL4HGGWTXADKBXRDUQ,Essence (K=10),0.0,
AEIP227THO2GOYREQ7JLXU7GNSJQ,Random,0.0,0.0
AEIP227THO2GOYREQ7JLXU7GNSJQ,Popularity,0.0,0.0
AEIP227THO2GOYREQ7JLXU7GNSJQ,CF (ItemKNN),0.0,0.0
AEIP227THO2GOYREQ7JLXU7GNSJQ,Content (Avg Emb),0.0,0.0
AEIP227THO2GOYREQ7JLXU7GNSJQ,Last-Item,0.0,0.0
AEIP227THO2GOYREQ7JLXU7GNSJQ,Avg-Last-10,0.0,0.0
AEIP227THO2GOYREQ7JLXU7GNSJQ,Recency-Weighted,0.0,0.0
AEIP227THO2GOYREQ7JLXU7GNSJQ,Essence (K=10),0.0,0.0
AEIPGQ22JMCGBDBWX4HRBUHEHD4A,Random,0.0,
AEIPGQ22JMCGBDBWX4HRBUHEHD4A,Popularity,0.0,
AEIPGQ22JMCGBDBWX4HRBUHEHD4A,CF (ItemKNN),0.0,
AEIPGQ22JMCGBDBWX4HRBUHEHD4A,Content (Avg Emb),0.0,
AEIPGQ22JMCGBDBWX4HRBUHEHD4A,Last-Item,0.0,
AEIPGQ22JMCGBDBWX4HRBUHEHD4A,Avg-Last-10,0.0,
AEIPGQ22JMCGBDBWX4HRBUHEHD4A,Recency-Weighted,0.0,
AEIPGQ22JMCGBDBWX4HRBUHEHD4A,Essence (K=10),0.0,
AEIQB7ZRV4KVYX6FKZJI2TVSOWFA,Random,0.0,
AEIQB7ZRV4KVYX6FKZJI2TVSOWFA,Popularity,0.0,
AEIQB7ZRV4KVYX6FKZJI2TVSOWFA,CF (ItemKNN),0.0,
AEIQB7ZRV4KVYX6FKZJI2TVSOWFA,Content (Avg Emb),0.0,
AEIQB7ZRV4KVYX6FKZJI2TVSOWFA,Last-Item,0.0,
AEIQB7ZRV4KVYX6FKZJI2TVSOWFA,Avg-Last-10,0.0,
AEIQB7ZRV4KVYX6FKZJI2TVSOWFA,Recency-Weighted,0.0,
AEIQB7ZRV4KVYX6FKZJI2TVSOWFA,Essence (K=10),0.0,
AEIQOO2FCBCVUIRR2QZVZAYXX47A,Random,0.0,
AEIQOO2FCBCVUIRR2QZVZAYXX47A,Popularity,0.0,
AEIQOO2FCBCVUIRR2QZVZAYXX47A,CF (ItemKNN),0.0,
AEIQOO2FCBCVUIRR2QZVZAYXX47A,Content (Avg Emb),0.0,
AEIQOO2FCBCVUIRR2QZVZAYXX47A,Last-Item,0.0,
AEIQOO2FCBCVUIRR2QZVZAYXX47A,Avg-Last-10,0.0,
AEIQOO2FCBCVUIRR2QZVZAYXX47A,Recency-Weighted,0.0,
AEIQOO2FCBCVUIRR2QZVZAYXX47A,Essence (K=10),0.0,
AEIQWW76GBJKRQL5WSIOUATZBPFA,Random,0.0,
AEIQWW76GBJKRQL5WSIOUATZBPFA,Popularity,0.0,
AEIQWW76GBJKRQL5WSIOUATZBPFA,CF (ItemKNN),0.0,
AEIQWW76GBJKRQL5WSIOUATZBPFA,Content (Avg Emb),0.0,
AEIQWW76GBJKRQL5WSIOUATZBPFA,Last-Item,0.2,
AEIQWW76GBJKRQL5WSIOUATZBPFA,Avg-Last-10,0.0,
AEIQWW76GBJKRQL5WSIOUATZBPFA,Recency-Weighted,0.0,
AEIQWW76GBJKRQL5WSIOUATZBPFA,Essence (K=10),0.0,
AEITOHXVXW6SROC4ZFHJRWEO6MXQ,Random,0.0,
AEITOHXVXW6SROC4ZFHJRWEO6MXQ,Popularity,0.0,
AEITOHXVXW6SROC4ZFHJRWEO6MXQ,CF (ItemKNN),0.0,
AEITOHXVXW6SROC4ZFHJRWEO6MXQ,Content (Avg Emb),0.0,
AEITOHXVXW6SROC4ZFHJRWEO6MXQ,Last-Item,0.0,
AEITOHXVXW6SROC4ZFHJRWEO6MXQ,Avg-Last-10,0.0,
AEITOHXVXW6SROC4ZFHJRWEO6MXQ,Recency-Weighted,0.0,
AEITOHXVXW6SROC4ZFHJRWEO6MXQ,Essence (K=10),0.0,
AEJ2J743BV2RFPVNPXFEW3P47VMA,Random,0.0,0.0
AEJ2J743BV2RFPVNPXFEW3P47VMA,Popularity,0.0,0.0
AEJ2J743BV2RFPVNPXFEW3P47VMA,CF (ItemKNN),0.0,0.0
AEJ2J743BV2RFPVNPXFEW3P47VMA,Content (Avg Emb),0.0,0.0
AEJ2J743BV2RFPVNPXFEW3P47VMA,Last-Item,0.0,0.0
AEJ2J743BV2RFPVNPXFEW3P47VMA,Avg-Last-10,0.0,0.0
AEJ2J743BV2RFPVNPXFEW3P47VMA,Recency-Weighted,0.0,0.0
AEJ2J743BV2RFPVNPXFEW3P47VMA,Essence (K=10),0.0,0.0
AEJ3TNV5VTGPAI76WNR4GHH2PDIQ,Random,0.0,0.0
AEJ3TNV5VTGPAI76WNR4GHH2PDIQ,Popularity,0.0,0.0
AEJ3TNV5VTGPAI76WNR4GHH2PDIQ,CF (ItemKNN),0.0,0.0
AEJ3TNV5VTGPAI76WNR4GHH2PDIQ,Content (Avg Emb),0.0,0.0
AEJ3TNV5VTGPAI76WNR4GHH2PDIQ,Last-Item,0.0,0.0
AEJ3TNV5VTGPAI76WNR4GHH2PDIQ,Avg-Last-10,0.0,0.0
AEJ3TNV5VTGPAI76WNR4GHH2PDIQ,Recency-Weighted,0.0,0.0
AEJ3TNV5VTGPAI76WNR4GHH2PDIQ,Essence (K=10),0.0,0.0
AEJ7SNBFCY3MQTGS6IKQQD6LXYXQ,Random,0.0,0.0
AEJ7SNBFCY3MQTGS6IKQQD6LXYXQ,Popularity,0.0,0.0
AEJ7SNBFCY3MQTGS6IKQQD6LXYXQ,CF (ItemKNN),0.0,0.0
AEJ7SNBFCY3MQTGS6IKQQD6LXYXQ,Content (Avg Emb),0.0,0.0
AEJ7SNBFCY3MQTGS6IKQQD6LXYXQ,Last-Item,0.0,0.0
AEJ7SNBFCY3MQTGS6IKQQD6LXYXQ,Avg-Last-10,0.0,0.0
AEJ7SNBFCY3MQTGS6IKQQD6LXYXQ,Recency-Weighted,0.0,0.0
AEJ7SNBFCY3MQTGS6IKQQD6LXYXQ,Essence (K=10),0.0,0.0
AEJBU2VDOM5R7LKBVMR6XPKKU2DA,Random,0.0,
AEJBU2VDOM5R7LKBVMR6XPKKU2DA,Popularity,0.0,
AEJBU2VDOM5R7LKBVMR6XPKKU2DA,CF (ItemKNN),0.0,
AEJBU2VDOM5R7LKBVMR6XPKKU2DA,Content (Avg Emb),0.0,
AEJBU2VDOM5R7LKBVMR6XPKKU2DA,Last-Item,0.0,
AEJBU2VDOM5R7LKBVMR6XPKKU2DA,Avg-Last-10,0.0,
AEJBU2VDOM5R7LKBVMR6XPKKU2DA,Recency-Weighted,0.0,
AEJBU2VDOM5R7LKBVMR6XPKKU2DA,Essence (K=10),0.0,
AEJCKJLUD6GFDRBOVILCFYP3ZHBQ,Random,0.0,0.0
AEJCKJLUD6GFDRBOVILCFYP3ZHBQ,Popularity,0.0,0.0
AEJCKJLUD6GFDRBOVILCFYP3ZHBQ,CF (ItemKNN),0.0,0.0
AEJCKJLUD6GFDRBOVILCFYP3ZHBQ,Content (Avg Emb),0.0,0.0
AEJCKJLUD6GFDRBOVILCFYP3ZHBQ,Last-Item,0.0,0.0
AEJCKJLUD6GFDRBOVILCFYP3ZHBQ,Avg-Last-10,0.0,0.0
AEJCKJLUD6GFDRBOVILCFYP3ZHBQ,Recency-Weighted,0.0,0.0
AEJCKJLUD6GFDRBOVILCFYP3ZHBQ,Essence (K=10),0.0,0.0
AEJE2CWN36CYTVS4OY4B24BTLV3Q,Random,0.0,0.0
AEJE2CWN36CYTVS4OY4B24BTLV3Q,Popularity,0.0,0.0
AEJE2CWN36CYTVS4OY4B24BTLV3Q,CF (ItemKNN),0.375,1.0
AEJE2CWN36CYTVS4OY4B24BTLV3Q,Content (Avg Emb),0.0,0.0
AEJE2CWN36CYTVS4OY4B24BTLV3Q,Last-Item,0.875,1.0
AEJE2CWN36CYTVS4OY4B24BTLV3Q,Avg-Last-10,0.875,1.0
AEJE2CWN36CYTVS4OY4B24BTLV3Q,Recency-Weighted,0.875,1.0
AEJE2CWN36CYTVS4OY4B24BTLV3Q,Essence (K=10),0.875,1.0
AEJH4GIKKVPGFUY667ISKMYQP3PQ,Random,0.0,0.0
AEJH4GIKKVPGFUY667ISKMYQP3PQ,Popularity,0.0,0.0
AEJH4GIKKVPGFUY667ISKMYQP3PQ,CF (ItemKNN),0.0,0.0
AEJH4GIKKVPGFUY667ISKMYQP3PQ,Content (Avg Emb),0.0,0.0
AEJH4GIKKVPGFUY667ISKMYQP3PQ,Last-Item,0.0,0.0
AEJH4GIKKVPGFUY667ISKMYQP3PQ,Avg-Last-10,0.0,0.0
AEJH4GIKKVPGFUY667ISKMYQP3PQ,Recency-Weighted,0.0,0.0
AEJH4GIKKVPGFUY667ISKMYQP3PQ,Essence (K=10),0.0,0.0
AEJIZ7ALIWBROW4VK7TSBCVWNBQQ,Random,0.0,0.0
AEJIZ7ALIWBROW4VK7TSBCVWNBQQ,Popularity,0.0,0.0
AEJIZ7ALIWBROW4VK7TSBCVWNBQQ,CF (ItemKNN),0.0,0.0
AEJIZ7ALIWBROW4VK7TSBCVWNBQQ,Content (Avg Emb),0.0,0.0
AEJIZ7ALIWBROW4VK7TSBCVWNBQQ,Last-Item,0.0,0.0
AEJIZ7ALIWBROW4VK7TSBCVWNBQQ,Avg-Last-10,0.0,0.0
AEJIZ7ALIWBROW4VK7TSBCVWNBQQ,Recency-Weighted,0.0,0.0
AEJIZ7ALIWBROW4VK7TSBCVWNBQQ,Essence (K=10),0.0,0.0
AEJQOBWBYICNELAUYIGQZG42NHMA,Random,0.0,
AEJQOBWBYICNELAUYIGQZG42NHMA,Popularity,0.0,
AEJQOBWBYICNELAUYIGQZG42NHMA,CF (ItemKNN),0.0,
AEJQOBWBYICNELAUYIGQZG42NHMA,Content (Avg Emb),0.0,
AEJQOBWBYICNELAUYIGQZG42NHMA,Last-Item,0.0,
AEJQOBWBYICNELAUYIGQZG42NHMA,Avg-Last-10,0.0,
AEJQOBWBYICNELAUYIGQZG42NHMA,Recency-Weighted,0.0,
AEJQOBWBYICNELAUYIGQZG42NHMA,Essence (K=10),0.0,
AEJQRDONU2O5LSOD5OC77XO43DFA,Random,0.0,
AEJQRDONU2O5LSOD5OC77XO43DFA,Popularity,0.0,
AEJQRDONU2O5LSOD5OC77XO43DFA,CF (ItemKNN),0.0,
AEJQRDONU2O5LSOD5OC77XO43DFA,Content (Avg Emb),0.0,
AEJQRDONU2O5LSOD5OC77XO43DFA,Last-Item,0.0,
AEJQRDONU2O5LSOD5OC77XO43DFA,Avg-Last-10,0.0,
AEJQRDONU2O5LSOD5OC77XO43DFA,Recency-Weighted,0.0,
AEJQRDONU2O5LSOD5OC77XO43DFA,Essence (K=10),0.0,
AEJTDYRVTG2YSWYZXBHR2EXUZQVQ,Random,0.0,0.0
AEJTDYRVTG2YSWYZXBHR2EXUZQVQ,Popularity,0.0,0.0
AEJTDYRVTG2YSWYZXBHR2EXUZQVQ,CF (ItemKNN),0.0,0.0
AEJTDYRVTG2YSWYZXBHR2EXUZQVQ,Content (Avg Emb),0.0,0.0
AEJTDYRVTG2YSWYZXBHR2EXUZQVQ,Last-Item,0.0,0.0
AEJTDYRVTG2YSWYZXBHR2EXUZQVQ,Avg-Last-10,0.07692307692307693,0.0
AEJTDYRVTG2YSWYZXBHR2EXUZQVQ,Recency-Weighted,0.07692307692307693,0.0
AEJTDYRVTG2YSWYZXBHR2EXUZQVQ,Essence (K=10),0.07692307692307693,0.0
AEJVTYZT4XODG566MQIP2W6CVUHQ,Random,0.0,
AEJVTYZT4XODG566MQIP2W6CVUHQ,Popularity,0.0,
AEJVTYZT4XODG566MQIP2W6CVUHQ,CF (ItemKNN),0.0,
AEJVTYZT4XODG566MQIP2W6CVUHQ,Content (Avg Emb),0.14285714285714285,
AEJVTYZT4XODG566MQIP2W6CVUHQ,Last-Item,0.14285714285714285,
AEJVTYZT4XODG566MQIP2W6CVUHQ,Avg-Last-10,0.14285714285714285,
AEJVTYZT4XODG566MQIP2W6CVUHQ,Recency-Weighted,0.14285714285714285,
AEJVTYZT4XODG566MQIP2W6CVUHQ,Essence (K=10),0.14285714285714285,
AEK3D222KJYPQIDHYHYW7QTSPKGQ,Random,0.0,
AEK3D222KJYPQIDHYHYW7QTSPKGQ,Popularity,0.0,
AEK3D222KJYPQIDHYHYW7QTSPKGQ,CF (ItemKNN),0.0,
AEK3D222KJYPQIDHYHYW7QTSPKGQ,Content (Avg Emb),0.0,
AEK3D222KJYPQIDHYHYW7QTSPKGQ,Last-Item,0.0,
AEK3D222KJYPQIDHYHYW7QTSPKGQ,Avg-Last-10,0.0,
AEK3D222KJYPQIDHYHYW7QTSPKGQ,Recency-Weighted,0.0,
AEK3D222KJYPQIDHYHYW7QTSPKGQ,Essence (K=10),0.0,
AEK3FKULX2SZD4JJZQFJ6HY3CW3Q,Random,0.0,0.0
AEK3FKULX2SZD4JJZQFJ6HY3CW3Q,Popularity,0.0,0.0
AEK3FKULX2SZD4JJZQFJ6HY3CW3Q,CF (ItemKNN),0.0,0.0
AEK3FKULX2SZD4JJZQFJ6HY3CW3Q,Content (Avg Emb),0.0,0.0
AEK3FKULX2SZD4JJZQFJ6HY3CW3Q,Last-Item,0.0,0.0
AEK3FKULX2SZD4JJZQFJ6HY3CW3Q,Avg-Last-10,0.0,0.0
AEK3FKULX2SZD4JJZQFJ6HY3CW3Q,Recency-Weighted,0.0,0.0
AEK3FKULX2SZD4JJZQFJ6HY3CW3Q,Essence (K=10),0.0,0.0
AEK3VEELVZZ4TH6EHZNSCD2FNBHA,Random,0.0,0.0
AEK3VEELVZZ4TH6EHZNSCD2FNBHA,Popularity,0.0,0.0
AEK3VEELVZZ4TH6EHZNSCD2FNBHA,CF (ItemKNN),0.0,0.0
AEK3VEELVZZ4TH6EHZNSCD2FNBHA,Content (Avg Emb),0.0,0.0
AEK3VEELVZZ4TH6EHZNSCD2FNBHA,Last-Item,0.0,0.0
AEK3VEELVZZ4TH6EHZNSCD2FNBHA,Avg-Last-10,0.0,0.0
AEK3VEELVZZ4TH6EHZNSCD2FNBHA,Recency-Weighted,0.0,0.0
AEK3VEELVZZ4TH6EHZNSCD2FNBHA,Essence (K=10),0.0,0.0
AEK5GHZJBKSSCWJDHOAG6CQU5M7A,Random,0.0,
AEK5GHZJBKSSCWJDHOAG6CQU5M7A,Popularity,0.0,
AEK5GHZJBKSSCWJDHOAG6CQU5M7A,CF (ItemKNN),0.0,
AEK5GHZJBKSSCWJDHOAG6CQU5M7A,Content (Avg Emb),0.0,
AEK5GHZJBKSSCWJDHOAG6CQU5M7A,Last-Item,0.0,
AEK5GHZJBKSSCWJDHOAG6CQU5M7A,Avg-Last-10,0.0,
AEK5GHZJBKSSCWJDHOAG6CQU5M7A,Recency-Weighted,0.0,
AEK5GHZJBKSSCWJDHOAG6CQU5M7A,Essence (K=10),0.0,
AEKBTMFJCZEKDELK3X3E4UNZ6CWQ,Random,0.0,0.0
AEKBTMFJCZEKDELK3X3E4UNZ6CWQ,Popularity,0.0,0.0
AEKBTMFJCZEKDELK3X3E4UNZ6CWQ,CF (ItemKNN),0.0,0.0
AEKBTMFJCZEKDELK3X3E4UNZ6CWQ,Content (Avg Emb),0.0,0.0
AEKBTMFJCZEKDELK3X3E4UNZ6CWQ,Last-Item,0.0,0.0
AEKBTMFJCZEKDELK3X3E4UNZ6CWQ,Avg-Last-10,0.0,0.0
AEKBTMFJCZEKDELK3X3E4UNZ6CWQ,Recency-Weighted,0.0,0.0
AEKBTMFJCZEKDELK3X3E4UNZ6CWQ,Essence (K=10),0.0,0.0
AEKEKUAXPRVRVO4R7ZUY3AG4QJLQ,Random,0.0,0.0
AEKEKUAXPRVRVO4R7ZUY3AG4QJLQ,Popularity,0.0,0.0
AEKEKUAXPRVRVO4R7ZUY3AG4QJLQ,CF (ItemKNN),0.0,0.0
AEKEKUAXPRVRVO4R7ZUY3AG4QJLQ,Content (Avg Emb),0.0,0.0
AEKEKUAXPRVRVO4R7ZUY3AG4QJLQ,Last-Item,0.3333333333333333,0.6666666666666666
AEKEKUAXPRVRVO4R7ZUY3AG4QJLQ,Avg-Last-10,0.0,0.0
AEKEKUAXPRVRVO4R7ZUY3AG4QJLQ,Recency-Weighted,0.16666666666666666,0.3333333333333333
AEKEKUAXPRVRVO4R7ZUY3AG4QJLQ,Essence (K=10),0.0,0.0
AEKFOIPLMZZAUQPQP2FNQD6NG6VQ,Random,0.0,0.0
AEKFOIPLMZZAUQPQP2FNQD6NG6VQ,Popularity,0.0,0.0
AEKFOIPLMZZAUQPQP2FNQD6NG6VQ,CF (ItemKNN),0.0,0.0
AEKFOIPLMZZAUQPQP2FNQD6NG6VQ,Content (Avg Emb),0.0,0.0
AEKFOIPLMZZAUQPQP2FNQD6NG6VQ,Last-Item,0.0,0.0
AEKFOIPLMZZAUQPQP2FNQD6NG6VQ,Avg-Last-10,0.0,0.0
AEKFOIPLMZZAUQPQP2FNQD6NG6VQ,Recency-Weighted,0.0,0.0
AEKFOIPLMZZAUQPQP2FNQD6NG6VQ,Essence (K=10),0.0,0.0
AEKG64UTLFELMPK4F6YI3ANOOKUQ,Random,0.0,0.0
AEKG64UTLFELMPK4F6YI3ANOOKUQ,Popularity,0.0,0.0
AEKG64UTLFELMPK4F6YI3ANOOKUQ,CF (ItemKNN),0.0,0.0
AEKG64UTLFELMPK4F6YI3ANOOKUQ,Content (Avg Emb),0.0,0.0
AEKG64UTLFELMPK4F6YI3ANOOKUQ,Last-Item,0.0,0.0
AEKG64UTLFELMPK4F6YI3ANOOKUQ,Avg-Last-10,0.0,0.0
AEKG64UTLFELMPK4F6YI3ANOOKUQ,Recency-Weighted,0.0,0.0
AEKG64UTLFELMPK4F6YI3ANOOKUQ,Essence (K=10),0.0,0.0
AEKH3I67IHXLXKIUVFE3LBDIBMXQ,Random,0.0,
AEKH3I67IHXLXKIUVFE3LBDIBMXQ,Popularity,0.0,
AEKH3I67IHXLXKIUVFE3LBDIBMXQ,CF (ItemKNN),0.0,
AEKH3I67IHXLXKIUVFE3LBDIBMXQ,Content (Avg Emb),0.0,
AEKH3I67IHXLXKIUVFE3LBDIBMXQ,Last-Item,0.0,
AEKH3I67IHXLXKIUVFE3LBDIBMXQ,Avg-Last-10,0.0,
AEKH3I67IHXLXKIUVFE3LBDIBMXQ,Recency-Weighted,0.0,
AEKH3I67IHXLXKIUVFE3LBDIBMXQ,Essence (K=10),0.0,
AEKITAZ3J75QIDDCTA7QEM4ZO6ZQ,Random,0.0,0.0
AEKITAZ3J75QIDDCTA7QEM4ZO6ZQ,Popularity,0.0,0.0
AEKITAZ3J75QIDDCTA7QEM4ZO6ZQ,CF (ItemKNN),0.0,0.0
AEKITAZ3J75QIDDCTA7QEM4ZO6ZQ,Content (Avg Emb),0.0,0.0
AEKITAZ3J75QIDDCTA7QEM4ZO6ZQ,Last-Item,0.0,0.0
AEKITAZ3J75QIDDCTA7QEM4ZO6ZQ,Avg-Last-10,0.0,0.0
AEKITAZ3J75QIDDCTA7QEM4ZO6ZQ,Recency-Weighted,0.0,0.0
AEKITAZ3J75QIDDCTA7QEM4ZO6ZQ,Essence (K=10),0.0,0.0
AEKN6K46F2CJHNNEEIDHTSZBKZCQ,Random,0.0,0.0
AEKN6K46F2CJHNNEEIDHTSZBKZCQ,Popularity,0.0,0.0
AEKN6K46F2CJHNNEEIDHTSZBKZCQ,CF (ItemKNN),0.0,0.0
AEKN6K46F2CJHNNEEIDHTSZBKZCQ,Content (Avg Emb),0.0,0.0
AEKN6K46F2CJHNNEEIDHTSZBKZCQ,Last-Item,0.0,0.0
AEKN6K46F2CJHNNEEIDHTSZBKZCQ,Avg-Last-10,0.0,0.0
AEKN6K46F2CJHNNEEIDHTSZBKZCQ,Recency-Weighted,0.0,0.0
AEKN6K46F2CJHNNEEIDHTSZBKZCQ,Essence (K=10),0.07692307692307693,0.0
AEKPSDALZVPCEJOXYEDWUUAWIRAQ,Random,0.0,0.0
AEKPSDALZVPCEJOXYEDWUUAWIRAQ,Popularity,0.0,0.0
AEKPSDALZVPCEJOXYEDWUUAWIRAQ,CF (ItemKNN),0.0,0.0
AEKPSDALZVPCEJOXYEDWUUAWIRAQ,Content (Avg Emb),0.0,0.0
AEKPSDALZVPCEJOXYEDWUUAWIRAQ,Last-Item,0.0,0.0
AEKPSDALZVPCEJOXYEDWUUAWIRAQ,Avg-Last-10,0.0,0.0
AEKPSDALZVPCEJOXYEDWUUAWIRAQ,Recency-Weighted,0.08333333333333333,0.0
AEKPSDALZVPCEJOXYEDWUUAWIRAQ,Essence (K=10),0.0,0.0
AEKSBKCOEKSPLNAV2Z3S67QBCAKA,Random,0.0,
AEKSBKCOEKSPLNAV2Z3S67QBCAKA,Popularity,0.0,
AEKSBKCOEKSPLNAV2Z3S67QBCAKA,CF (ItemKNN),0.0,
AEKSBKCOEKSPLNAV2Z3S67QBCAKA,Content (Avg Emb),0.1111111111111111,
AEKSBKCOEKSPLNAV2Z3S67QBCAKA,Last-Item,0.1111111111111111,
AEKSBKCOEKSPLNAV2Z3S67QBCAKA,Avg-Last-10,0.0,
AEKSBKCOEKSPLNAV2Z3S67QBCAKA,Recency-Weighted,0.1111111111111111,
AEKSBKCOEKSPLNAV2Z3S67QBCAKA,Essence (K=10),0.2222222222222222,
AEKSMLW5H25RI4AWQUN4EO42IQ5A,Random,0.0,0.0
AEKSMLW5H25RI4AWQUN4EO42IQ5A,Popularity,0.0,0.0
AEKSMLW5H25RI4AWQUN4EO42IQ5A,CF (ItemKNN),0.0,0.0
AEKSMLW5H25RI4AWQUN4EO42IQ5A,Content (Avg Emb),0.0,0.0
AEKSMLW5H25RI4AWQUN4EO42IQ5A,Last-Item,0.0,0.0
AEKSMLW5H25RI4AWQUN4EO42IQ5A,Avg-Last-10,0.0,0.0
AEKSMLW5H25RI4AWQUN4EO42IQ5A,Recency-Weighted,0.0,0.0
AEKSMLW5H25RI4AWQUN4EO42IQ5A,Essence (K=10),0.0,0.0
AEKW4WYQ5USFJDTWCCY5J2EW7XAA,Random,0.0,0.0
AEKW4WYQ5USFJDTWCCY5J2EW7XAA,Popularity,0.0,0.0
AEKW4WYQ5USFJDTWCCY5J2EW7XAA,CF (ItemKNN),0.0,0.0
AEKW4WYQ5USFJDTWCCY5J2EW7XAA,Content (Avg Emb),0.0,0.0
AEKW4WYQ5USFJDTWCCY5J2EW7XAA,Last-Item,0.0,0.0
AEKW4WYQ5USFJDTWCCY5J2EW7XAA,Avg-Last-10,0.0,0.0
AEKW4WYQ5USFJDTWCCY5J2EW7XAA,Recency-Weighted,0.0,0.0
AEKW4WYQ5USFJDTWCCY5J2EW7XAA,Essence (K=10),0.0,0.0
AEKWINGK2KV4XP4H75CQ6IA52RKQ,Random,0.0,0.0
AEKWINGK2KV4XP4H75CQ6IA52RKQ,Popularity,0.0,0.0
AEKWINGK2KV4XP4H75CQ6IA52RKQ,CF (ItemKNN),0.0,0.0
AEKWINGK2KV4XP4H75CQ6IA52RKQ,Content (Avg Emb),0.0,0.0
AEKWINGK2KV4XP4H75CQ6IA52RKQ,Last-Item,0.0,0.0
AEKWINGK2KV4XP4H75CQ6IA52RKQ,Avg-Last-10,0.0,0.0
AEKWINGK2KV4XP4H75CQ6IA52RKQ,Recency-Weighted,0.0,0.0
AEKWINGK2KV4XP4H75CQ6IA52RKQ,Essence (K=10),0.0,0.0
AEKXOD2HMMZMQW4CVUUPREL2UJ5Q,Random,0.0,0.0
AEKXOD2HMMZMQW4CVUUPREL2UJ5Q,Popularity,0.0,0.0
AEKXOD2HMMZMQW4CVUUPREL2UJ5Q,CF (ItemKNN),0.0,0.0
AEKXOD2HMMZMQW4CVUUPREL2UJ5Q,Content (Avg Emb),0.0,0.0
AEKXOD2HMMZMQW4CVUUPREL2UJ5Q,Last-Item,0.0,0.0
AEKXOD2HMMZMQW4CVUUPREL2UJ5Q,Avg-Last-10,0.0,0.0
AEKXOD2HMMZMQW4CVUUPREL2UJ5Q,Recency-Weighted,0.0,0.0
AEKXOD2HMMZMQW4CVUUPREL2UJ5Q,Essence (K=10),0.1111111111111111,0.0
AEKXT3P5SQKWJUCMQNJEW4SZ5IUA,Random,0.0,0.0
AEKXT3P5SQKWJUCMQNJEW4SZ5IUA,Popularity,0.0,0.0
AEKXT3P5SQKWJUCMQNJEW4SZ5IUA,CF (ItemKNN),0.0,0.0
AEKXT3P5SQKWJUCMQNJEW4SZ5IUA,Content (Avg Emb),0.02564102564102564,0.0
AEKXT3P5SQKWJUCMQNJEW4SZ5IUA,Last-Item,0.0,0.0
AEKXT3P5SQKWJUCMQNJEW4SZ5IUA,Avg-Last-10,0.0,0.0
AEKXT3P5SQKWJUCMQNJEW4SZ5IUA,Recency-Weighted,0.0,0.0
AEKXT3P5SQKWJUCMQNJEW4SZ5IUA,Essence (K=10),0.0,0.0
AEL25327RKH35RVEP4H276KY5CIA,Random,0.0,0.0
AEL25327RKH35RVEP4H276KY5CIA,Popularity,0.0,0.0
AEL25327RKH35RVEP4H276KY5CIA,CF (ItemKNN),0.0,0.0
AEL25327RKH35RVEP4H276KY5CIA,Content (Avg Emb),0.0,0.0
AEL25327RKH35RVEP4H276KY5CIA,Last-Item,0.0,0.0
AEL25327RKH35RVEP4H276KY5CIA,Avg-Last-10,0.0,0.0
AEL25327RKH35RVEP4H276KY5CIA,Recency-Weighted,0.0,0.0
AEL25327RKH35RVEP4H276KY5CIA,Essence (K=10),0.0,0.0
AEL2CEC6PVPRPF4RU467K3CYY3ZQ,Random,0.0,
AEL2CEC6PVPRPF4RU467K3CYY3ZQ,Popularity,0.0,
AEL2CEC6PVPRPF4RU467K3CYY3ZQ,CF (ItemKNN),0.0,
AEL2CEC6PVPRPF4RU467K3CYY3ZQ,Content (Avg Emb),0.0,
AEL2CEC6PVPRPF4RU467K3CYY3ZQ,Last-Item,0.0,
AEL2CEC6PVPRPF4RU467K3CYY3ZQ,Avg-Last-10,0.0,
AEL2CEC6PVPRPF4RU467K3CYY3ZQ,Recency-Weighted,0.0,
AEL2CEC6PVPRPF4RU467K3CYY3ZQ,Essence (K=10),0.0,
AEL3IHM5DBHH2WVRWYYG2UEEWR4Q,Random,0.0,0.0
AEL3IHM5DBHH2WVRWYYG2UEEWR4Q,Popularity,0.0,0.0
AEL3IHM5DBHH2WVRWYYG2UEEWR4Q,CF (ItemKNN),0.0,0.0
AEL3IHM5DBHH2WVRWYYG2UEEWR4Q,Content (Avg Emb),0.0,0.0
AEL3IHM5DBHH2WVRWYYG2UEEWR4Q,Last-Item,0.0,0.0
AEL3IHM5DBHH2WVRWYYG2UEEWR4Q,Avg-Last-10,0.0,0.0
AEL3IHM5DBHH2WVRWYYG2UEEWR4Q,Recency-Weighted,0.0,0.0
AEL3IHM5DBHH2WVRWYYG2UEEWR4Q,Essence (K=10),0.0,0.0
AEL64ZOJBJWD4UJDGEPHJOD7HWBA,Random,0.0,0.0
AEL64ZOJBJWD4UJDGEPHJOD7HWBA,Popularity,0.0,0.0
AEL64ZOJBJWD4UJDGEPHJOD7HWBA,CF (ItemKNN),0.0,0.0
AEL64ZOJBJWD4UJDGEPHJOD7HWBA,Content (Avg Emb),0.0,0.0
AEL64ZOJBJWD4UJDGEPHJOD7HWBA,Last-Item,0.0,0.0
AEL64ZOJBJWD4UJDGEPHJOD7HWBA,Avg-Last-10,0.0,0.0
AEL64ZOJBJWD4UJDGEPHJOD7HWBA,Recency-Weighted,0.0,0.0
AEL64ZOJBJWD4UJDGEPHJOD7HWBA,Essence (K=10),0.0,0.0
AELCGEG7SBKCW33E77W5TGAAJ4QQ,Random,0.0,
AELCGEG7SBKCW33E77W5TGAAJ4QQ,Popularity,0.0,
AELCGEG7SBKCW33E77W5TGAAJ4QQ,CF (ItemKNN),0.0,
AELCGEG7SBKCW33E77W5TGAAJ4QQ,Content (Avg Emb),0.0,
AELCGEG7SBKCW33E77W5TGAAJ4QQ,Last-Item,0.0,
AELCGEG7SBKCW33E77W5TGAAJ4QQ,Avg-Last-10,0.0,
AELCGEG7SBKCW33E77W5TGAAJ4QQ,Recency-Weighted,0.0,
AELCGEG7SBKCW33E77W5TGAAJ4QQ,Essence (K=10),0.0,
AELCGPDETXPDOAIBR7IR75BGGSLQ,Random,0.0,0.0
AELCGPDETXPDOAIBR7IR75BGGSLQ,Popularity,0.0,0.0
AELCGPDETXPDOAIBR7IR75BGGSLQ,CF (ItemKNN),0.0,0.0
AELCGPDETXPDOAIBR7IR75BGGSLQ,Content (Avg Emb),0.0,0.0
AELCGPDETXPDOAIBR7IR75BGGSLQ,Last-Item,0.16666666666666666,0.0
AELCGPDETXPDOAIBR7IR75BGGSLQ,Avg-Last-10,0.0,0.0
AELCGPDETXPDOAIBR7IR75BGGSLQ,Recency-Weighted,0.16666666666666666,0.0
AELCGPDETXPDOAIBR7IR75BGGSLQ,Essence (K=10),0.0,0.0
AELCHMILD2CIXU4XZDA7IOWGW7GA,Random,0.0,0.0
AELCHMILD2CIXU4XZDA7IOWGW7GA,Popularity,0.0,0.0
AELCHMILD2CIXU4XZDA7IOWGW7GA,CF (ItemKNN),0.0,0.0
AELCHMILD2CIXU4XZDA7IOWGW7GA,Content (Avg Emb),0.0,0.0
AELCHMILD2CIXU4XZDA7IOWGW7GA,Last-Item,0.0,0.0
AELCHMILD2CIXU4XZDA7IOWGW7GA,Avg-Last-10,0.0,0.0
AELCHMILD2CIXU4XZDA7IOWGW7GA,Recency-Weighted,0.0,0.0
AELCHMILD2CIXU4XZDA7IOWGW7GA,Essence (K=10),0.0,0.0
AELEX5TIVCFZ5DBSYSNYTHZ6L7NQ,Random,0.0,0.0
AELEX5TIVCFZ5DBSYSNYTHZ6L7NQ,Popularity,0.0,0.0
AELEX5TIVCFZ5DBSYSNYTHZ6L7NQ,CF (ItemKNN),0.0,0.0
AELEX5TIVCFZ5DBSYSNYTHZ6L7NQ,Content (Avg Emb),0.0,0.0
AELEX5TIVCFZ5DBSYSNYTHZ6L7NQ,Last-Item,0.0,0.0
AELEX5TIVCFZ5DBSYSNYTHZ6L7NQ,Avg-Last-10,0.0,0.0
AELEX5TIVCFZ5DBSYSNYTHZ6L7NQ,Recency-Weighted,0.0,0.0
AELEX5TIVCFZ5DBSYSNYTHZ6L7NQ,Essence (K=10),0.0,0.0
AELFZFIVHCTH4OMCC2DMMA2U42FQ,Random,0.0,0.0
AELFZFIVHCTH4OMCC2DMMA2U42FQ,Popularity,0.0,0.0
AELFZFIVHCTH4OMCC2DMMA2U42FQ,CF (ItemKNN),0.0,0.0
AELFZFIVHCTH4OMCC2DMMA2U42FQ,Content (Avg Emb),0.0,0.0
AELFZFIVHCTH4OMCC2DMMA2U42FQ,Last-Item,0.0,0.0
AELFZFIVHCTH4OMCC2DMMA2U42FQ,Avg-Last-10,0.0,0.0
AELFZFIVHCTH4OMCC2DMMA2U42FQ,Recency-Weighted,0.0,0.0
AELFZFIVHCTH4OMCC2DMMA2U42FQ,Essence (K=10),0.0,0.0
AELGPUET4BG5SICXD4PLXRHEU6QA,Random,0.0,0.0
AELGPUET4BG5SICXD4PLXRHEU6QA,Popularity,0.0,0.0
AELGPUET4BG5SICXD4PLXRHEU6QA,CF (ItemKNN),0.0,0.0
AELGPUET4BG5SICXD4PLXRHEU6QA,Content (Avg Emb),0.0,0.0
AELGPUET4BG5SICXD4PLXRHEU6QA,Last-Item,0.0,0.0
AELGPUET4BG5SICXD4PLXRHEU6QA,Avg-Last-10,0.0,0.0
AELGPUET4BG5SICXD4PLXRHEU6QA,Recency-Weighted,0.0,0.0
AELGPUET4BG5SICXD4PLXRHEU6QA,Essence (K=10),0.0,0.0
AELIKH7KRAGGKTUZQJPNJE7NVZWA,Random,0.0,0.0
AELIKH7KRAGGKTUZQJPNJE7NVZWA,Popularity,0.0,0.0
AELIKH7KRAGGKTUZQJPNJE7NVZWA,CF (ItemKNN),0.0,0.0
AELIKH7KRAGGKTUZQJPNJE7NVZWA,Content (Avg Emb),0.0,0.0
AELIKH7KRAGGKTUZQJPNJE7NVZWA,Last-Item,0.0,0.0
AELIKH7KRAGGKTUZQJPNJE7NVZWA,Avg-Last-10,0.0,0.0
AELIKH7KRAGGKTUZQJPNJE7NVZWA,Recency-Weighted,0.0,0.0
AELIKH7KRAGGKTUZQJPNJE7NVZWA,Essence (K=10),0.0,0.0
AELJIO3PJLVG2Q7K27HUMC4HOXVQ,Random,0.0,
AELJIO3PJLVG2Q7K27HUMC4HOXVQ,Popularity,0.0,
AELJIO3PJLVG2Q7K27HUMC4HOXVQ,CF (ItemKNN),0.0,
AELJIO3PJLVG2Q7K27HUMC4HOXVQ,Content (Avg Emb),0.0,
AELJIO3PJLVG2Q7K27HUMC4HOXVQ,Last-Item,0.0,
AELJIO3PJLVG2Q7K27HUMC4HOXVQ,Avg-Last-10,0.0,
AELJIO3PJLVG2Q7K27HUMC4HOXVQ,Recency-Weighted,0.0,
AELJIO3PJLVG2Q7K27HUMC4HOXVQ,Essence (K=10),0.0,
AELKDP572UWVFOUQBELRKMYZ4GLA,Random,0.0,0.0
AELKDP572UWVFOUQBELRKMYZ4GLA,Popularity,0.0,0.0
AELKDP572UWVFOUQBELRKMYZ4GLA,CF (ItemKNN),0.0,0.0
AELKDP572UWVFOUQBELRKMYZ4GLA,Content (Avg Emb),0.0,0.0
AELKDP572UWVFOUQBELRKMYZ4GLA,Last-Item,0.0,0.0
AELKDP572UWVFOUQBELRKMYZ4GLA,Avg-Last-10,0.0,0.0
AELKDP572UWVFOUQBELRKMYZ4GLA,Recency-Weighted,0.0,0.0
AELKDP572UWVFOUQBELRKMYZ4GLA,Essence (K=10),0.0,0.0
AELNSLIMPIQGEJFG5X7LEFL6WTVQ,Random,0.0,
AELNSLIMPIQGEJFG5X7LEFL6WTVQ,Popularity,0.0,
AELNSLIMPIQGEJFG5X7LEFL6WTVQ,CF (ItemKNN),0.0,
AELNSLIMPIQGEJFG5X7LEFL6WTVQ,Content (Avg Emb),0.0,
AELNSLIMPIQGEJFG5X7LEFL6WTVQ,Last-Item,0.16666666666666666,
AELNSLIMPIQGEJFG5X7LEFL6WTVQ,Avg-Last-10,0.0,
AELNSLIMPIQGEJFG5X7LEFL6WTVQ,Recency-Weighted,0.0,
AELNSLIMPIQGEJFG5X7LEFL6WTVQ,Essence (K=10),0.0,
AELNW2C7WUSBXC7AYRTOEPICSDOA,Random,0.0,
AELNW2C7WUSBXC7AYRTOEPICSDOA,Popularity,0.0,
AELNW2C7WUSBXC7AYRTOEPICSDOA,CF (ItemKNN),0.0,
AELNW2C7WUSBXC7AYRTOEPICSDOA,Content (Avg Emb),0.0,
AELNW2C7WUSBXC7AYRTOEPICSDOA,Last-Item,0.0,
AELNW2C7WUSBXC7AYRTOEPICSDOA,Avg-Last-10,0.0,
AELNW2C7WUSBXC7AYRTOEPICSDOA,Recency-Weighted,0.0,
AELNW2C7WUSBXC7AYRTOEPICSDOA,Essence (K=10),0.0,
AELOMA7XQZXBYBQSVKDSIF6ML3DA,Random,0.0,0.0
AELOMA7XQZXBYBQSVKDSIF6ML3DA,Popularity,0.0,0.0
AELOMA7XQZXBYBQSVKDSIF6ML3DA,CF (ItemKNN),0.0,0.0
AELOMA7XQZXBYBQSVKDSIF6ML3DA,Content (Avg Emb),0.0,0.0
AELOMA7XQZXBYBQSVKDSIF6ML3DA,Last-Item,0.0,0.0
AELOMA7XQZXBYBQSVKDSIF6ML3DA,Avg-Last-10,0.0,0.0
AELOMA7XQZXBYBQSVKDSIF6ML3DA,Recency-Weighted,0.0,0.0
AELOMA7XQZXBYBQSVKDSIF6ML3DA,Essence (K=10),0.0,0.0
AELVEC2K7LX5RXXH2C7URU7FEAOQ,Random,0.0,0.0
AELVEC2K7LX5RXXH2C7URU7FEAOQ,Popularity,0.0,0.0
AELVEC2K7LX5RXXH2C7URU7FEAOQ,CF (ItemKNN),0.0,0.0
AELVEC2K7LX5RXXH2C7URU7FEAOQ,Content (Avg Emb),0.0,0.0
AELVEC2K7LX5RXXH2C7URU7FEAOQ,Last-Item,0.0,0.0
AELVEC2K7LX5RXXH2C7URU7FEAOQ,Avg-Last-10,0.0,0.0
AELVEC2K7LX5RXXH2C7URU7FEAOQ,Recency-Weighted,0.0,0.0
AELVEC2K7LX5RXXH2C7URU7FEAOQ,Essence (K=10),0.0,0.0
AELWJS3IOCSRBR4LKSXZG4ICUTBA,Random,0.0,
AELWJS3IOCSRBR4LKSXZG4ICUTBA,Popularity,0.0,
AELWJS3IOCSRBR4LKSXZG4ICUTBA,CF (ItemKNN),0.0,
AELWJS3IOCSRBR4LKSXZG4ICUTBA,Content (Avg Emb),0.25,
AELWJS3IOCSRBR4LKSXZG4ICUTBA,Last-Item,0.5,
AELWJS3IOCSRBR4LKSXZG4ICUTBA,Avg-Last-10,0.5,
AELWJS3IOCSRBR4LKSXZG4ICUTBA,Recency-Weighted,0.5,
AELWJS3IOCSRBR4LKSXZG4ICUTBA,Essence (K=10),0.5,
AELXM2WZABHDZTSHVYZQ3QNEPRVA,Random,0.0,
AELXM2WZABHDZTSHVYZQ3QNEPRVA,Popularity,0.0,
AELXM2WZABHDZTSHVYZQ3QNEPRVA,CF (ItemKNN),0.0,
AELXM2WZABHDZTSHVYZQ3QNEPRVA,Content (Avg Emb),0.0,
AELXM2WZABHDZTSHVYZQ3QNEPRVA,Last-Item,0.0,
AELXM2WZABHDZTSHVYZQ3QNEPRVA,Avg-Last-10,0.14285714285714285,
AELXM2WZABHDZTSHVYZQ3QNEPRVA,Recency-Weighted,0.14285714285714285,
AELXM2WZABHDZTSHVYZQ3QNEPRVA,Essence (K=10),0.0,
AEM5VK7GWRQA6OP4QRGBVHIJEWRA,Random,0.0,0.0
AEM5VK7GWRQA6OP4QRGBVHIJEWRA,Popularity,0.0,0.0
AEM5VK7GWRQA6OP4QRGBVHIJEWRA,CF (ItemKNN),0.0,0.0
AEM5VK7GWRQA6OP4QRGBVHIJEWRA,Content (Avg Emb),0.0,0.0
AEM5VK7GWRQA6OP4QRGBVHIJEWRA,Last-Item,0.0,0.0
AEM5VK7GWRQA6OP4QRGBVHIJEWRA,Avg-Last-10,0.0,0.0
AEM5VK7GWRQA6OP4QRGBVHIJEWRA,Recency-Weighted,0.0,0.0
AEM5VK7GWRQA6OP4QRGBVHIJEWRA,Essence (K=10),0.0,0.0
AEM6SNHJSMH3JYMPJFHMHO7EB4LQ,Random,0.0,0.0
AEM6SNHJSMH3JYMPJFHMHO7EB4LQ,Popularity,0.0,0.0
AEM6SNHJSMH3JYMPJFHMHO7EB4LQ,CF (ItemKNN),0.0,0.0
AEM6SNHJSMH3JYMPJFHMHO7EB4LQ,Content (Avg Emb),0.0,0.0
AEM6SNHJSMH3JYMPJFHMHO7EB4LQ,Last-Item,0.0,0.0
AEM6SNHJSMH3JYMPJFHMHO7EB4LQ,Avg-Last-10,0.0,0.0
AEM6SNHJSMH3JYMPJFHMHO7EB4LQ,Recency-Weighted,0.0,0.0
AEM6SNHJSMH3JYMPJFHMHO7EB4LQ,Essence (K=10),0.0,0.0
AEM7YYFR6HQCDCRVZ5ST7TGEYEIA,Random,0.0,
AEM7YYFR6HQCDCRVZ5ST7TGEYEIA,Popularity,0.0,
AEM7YYFR6HQCDCRVZ5ST7TGEYEIA,CF (ItemKNN),0.0,
AEM7YYFR6HQCDCRVZ5ST7TGEYEIA,Content (Avg Emb),0.0,
AEM7YYFR6HQCDCRVZ5ST7TGEYEIA,Last-Item,0.0,
AEM7YYFR6HQCDCRVZ5ST7TGEYEIA,Avg-Last-10,0.0,
AEM7YYFR6HQCDCRVZ5ST7TGEYEIA,Recency-Weighted,0.0,
AEM7YYFR6HQCDCRVZ5ST7TGEYEIA,Essence (K=10),0.0,
AEMA2MTOAYH5DJ5XWHWTTOCDP4QA,Random,0.0,0.0
AEMA2MTOAYH5DJ5XWHWTTOCDP4QA,Popularity,0.0,0.0
AEMA2MTOAYH5DJ5XWHWTTOCDP4QA,CF (ItemKNN),0.0,0.0
AEMA2MTOAYH5DJ5XWHWTTOCDP4QA,Content (Avg Emb),0.0,0.0
AEMA2MTOAYH5DJ5XWHWTTOCDP4QA,Last-Item,0.0,0.0
AEMA2MTOAYH5DJ5XWHWTTOCDP4QA,Avg-Last-10,0.0,0.0
AEMA2MTOAYH5DJ5XWHWTTOCDP4QA,Recency-Weighted,0.0,0.0
AEMA2MTOAYH5DJ5XWHWTTOCDP4QA,Essence (K=10),0.0,0.0
AEMBF4J3T4E3MB3GG6QZ2QYSK65A,Random,0.0,
AEMBF4J3T4E3MB3GG6QZ2QYSK65A,Popularity,0.0,
AEMBF4J3T4E3MB3GG6QZ2QYSK65A,CF (ItemKNN),0.0,
AEMBF4J3T4E3MB3GG6QZ2QYSK65A,Content (Avg Emb),0.0,
AEMBF4J3T4E3MB3GG6QZ2QYSK65A,Last-Item,0.0,
AEMBF4J3T4E3MB3GG6QZ2QYSK65A,Avg-Last-10,0.0,
AEMBF4J3T4E3MB3GG6QZ2QYSK65A,Recency-Weighted,0.0,
AEMBF4J3T4E3MB3GG6QZ2QYSK65A,Essence (K=10),0.0,
AEMCMVCJJBW63HEI4ZK2WHVU7ZOQ,Random,0.0,
AEMCMVCJJBW63HEI4ZK2WHVU7ZOQ,Popularity,0.0,
AEMCMVCJJBW63HEI4ZK2WHVU7ZOQ,CF (ItemKNN),0.0,
AEMCMVCJJBW63HEI4ZK2WHVU7ZOQ,Content (Avg Emb),0.0,
AEMCMVCJJBW63HEI4ZK2WHVU7ZOQ,Last-Item,0.0,
AEMCMVCJJBW63HEI4ZK2WHVU7ZOQ,Avg-Last-10,0.0,
AEMCMVCJJBW63HEI4ZK2WHVU7ZOQ,Recency-Weighted,0.0,
AEMCMVCJJBW63HEI4ZK2WHVU7ZOQ,Essence (K=10),0.0,
AEMDIE7Z3Z56PVKEQNH7RYWIA3IQ,Random,0.0,0.0
AEMDIE7Z3Z56PVKEQNH7RYWIA3IQ,Popularity,0.0,0.0
AEMDIE7Z3Z56PVKEQNH7RYWIA3IQ,CF (ItemKNN),0.2,1.0
AEMDIE7Z3Z56PVKEQNH7RYWIA3IQ,Content (Avg Emb),0.0,0.0
AEMDIE7Z3Z56PVKEQNH7RYWIA3IQ,Last-Item,0.0,0.0
AEMDIE7Z3Z56PVKEQNH7RYWIA3IQ,Avg-Last-10,0.0,0.0
AEMDIE7Z3Z56PVKEQNH7RYWIA3IQ,Recency-Weighted,0.0,0.0
AEMDIE7Z3Z56PVKEQNH7RYWIA3IQ,Essence (K=10),0.0,0.0
AEMDZDNUESN6FA54TNRLXI3HIFAQ,Random,0.0,0.0
AEMDZDNUESN6FA54TNRLXI3HIFAQ,Popularity,0.0,0.0
AEMDZDNUESN6FA54TNRLXI3HIFAQ,CF (ItemKNN),0.0,0.0
AEMDZDNUESN6FA54TNRLXI3HIFAQ,Content (Avg Emb),0.0,0.0
AEMDZDNUESN6FA54TNRLXI3HIFAQ,Last-Item,0.0,0.0
AEMDZDNUESN6FA54TNRLXI3HIFAQ,Avg-Last-10,0.0,0.0
AEMDZDNUESN6FA54TNRLXI3HIFAQ,Recency-Weighted,0.0,0.0
AEMDZDNUESN6FA54TNRLXI3HIFAQ,Essence (K=10),0.0,0.0
AEMEUVJJLSK3DFCOOHRHHQTBROZQ,Random,0.0,0.0
AEMEUVJJLSK3DFCOOHRHHQTBROZQ,Popularity,0.0,0.0
AEMEUVJJLSK3DFCOOHRHHQTBROZQ,CF (ItemKNN),0.0,0.0
AEMEUVJJLSK3DFCOOHRHHQTBROZQ,Content (Avg Emb),0.0,0.0
AEMEUVJJLSK3DFCOOHRHHQTBROZQ,Last-Item,0.0,0.0
AEMEUVJJLSK3DFCOOHRHHQTBROZQ,Avg-Last-10,0.0,0.0
AEMEUVJJLSK3DFCOOHRHHQTBROZQ,Recency-Weighted,0.0,0.0
AEMEUVJJLSK3DFCOOHRHHQTBROZQ,Essence (K=10),0.0,0.0
AEMEV5PGUQDR2INTXVPKJQK7OYSQ,Random,0.0,0.0
AEMEV5PGUQDR2INTXVPKJQK7OYSQ,Popularity,0.0,0.0
AEMEV5PGUQDR2INTXVPKJQK7OYSQ,CF (ItemKNN),0.0,0.0
AEMEV5PGUQDR2INTXVPKJQK7OYSQ,Content (Avg Emb),0.0,0.0
AEMEV5PGUQDR2INTXVPKJQK7OYSQ,Last-Item,0.0,0.0
AEMEV5PGUQDR2INTXVPKJQK7OYSQ,Avg-Last-10,0.0,0.0
AEMEV5PGUQDR2INTXVPKJQK7OYSQ,Recency-Weighted,0.0,0.0
AEMEV5PGUQDR2INTXVPKJQK7OYSQ,Essence (K=10),0.0,0.0
AEMHHDLRC657YKVJLDIR5GRCSYRQ,Random,0.0,0.0
AEMHHDLRC657YKVJLDIR5GRCSYRQ,Popularity,0.0,0.0
AEMHHDLRC657YKVJLDIR5GRCSYRQ,CF (ItemKNN),0.0,0.0
AEMHHDLRC657YKVJLDIR5GRCSYRQ,Content (Avg Emb),0.0,0.0
AEMHHDLRC657YKVJLDIR5GRCSYRQ,Last-Item,0.0,0.0
AEMHHDLRC657YKVJLDIR5GRCSYRQ,Avg-Last-10,0.0,0.0
AEMHHDLRC657YKVJLDIR5GRCSYRQ,Recency-Weighted,0.0,0.0
AEMHHDLRC657YKVJLDIR5GRCSYRQ,Essence (K=10),0.0,0.0
AEMHTRLYVFHL7OOEVYEUIAOQ6KNQ,Random,0.0,0.0
AEMHTRLYVFHL7OOEVYEUIAOQ6KNQ,Popularity,0.0,0.0
AEMHTRLYVFHL7OOEVYEUIAOQ6KNQ,CF (ItemKNN),0.0,0.0
AEMHTRLYVFHL7OOEVYEUIAOQ6KNQ,Content (Avg Emb),0.0,0.0
AEMHTRLYVFHL7OOEVYEUIAOQ6KNQ,Last-Item,0.058823529411764705,0.0
AEMHTRLYVFHL7OOEVYEUIAOQ6KNQ,Avg-Last-10,0.058823529411764705,0.0
AEMHTRLYVFHL7OOEVYEUIAOQ6KNQ,Recency-Weighted,0.058823529411764705,0.0
AEMHTRLYVFHL7OOEVYEUIAOQ6KNQ,Essence (K=10),0.058823529411764705,0.0
AEMJK6ICDGIFO2PAYCS5KWAGI6RA,Random,0.0,
AEMJK6ICDGIFO2PAYCS5KWAGI6RA,Popularity,0.0,
AEMJK6ICDGIFO2PAYCS5KWAGI6RA,CF (ItemKNN),0.0,
AEMJK6ICDGIFO2PAYCS5KWAGI6RA,Content (Avg Emb),0.0,
AEMJK6ICDGIFO2PAYCS5KWAGI6RA,Last-Item,0.2,
AEMJK6ICDGIFO2PAYCS5KWAGI6RA,Avg-Last-10,0.0,
AEMJK6ICDGIFO2PAYCS5KWAGI6RA,Recency-Weighted,0.2,
AEMJK6ICDGIFO2PAYCS5KWAGI6RA,Essence (K=10),0.0,
AEML4IPH34BQUT372XOAG4HVYRQA,Random,0.0,
AEML4IPH34BQUT372XOAG4HVYRQA,Popularity,0.0,
AEML4IPH34BQUT372XOAG4HVYRQA,CF (ItemKNN),0.0,
AEML4IPH34BQUT372XOAG4HVYRQA,Content (Avg Emb),0.0,
AEML4IPH34BQUT372XOAG4HVYRQA,Last-Item,0.0,
AEML4IPH34BQUT372XOAG4HVYRQA,Avg-Last-10,0.0,
AEML4IPH34BQUT372XOAG4HVYRQA,Recency-Weighted,0.0,
AEML4IPH34BQUT372XOAG4HVYRQA,Essence (K=10),0.0,
AEMLFDNUNDCIFNINKY4J75O5PMGQ,Random,0.0,
AEMLFDNUNDCIFNINKY4J75O5PMGQ,Popularity,0.0,
AEMLFDNUNDCIFNINKY4J75O5PMGQ,CF (ItemKNN),0.0,
AEMLFDNUNDCIFNINKY4J75O5PMGQ,Content (Avg Emb),0.25,
AEMLFDNUNDCIFNINKY4J75O5PMGQ,Last-Item,0.25,
AEMLFDNUNDCIFNINKY4J75O5PMGQ,Avg-Last-10,0.5,
AEMLFDNUNDCIFNINKY4J75O5PMGQ,Recency-Weighted,0.5,
AEMLFDNUNDCIFNINKY4J75O5PMGQ,Essence (K=10),0.75,
AEMPGNLGGVAPBOQXM6UETJ2PN2JQ,Random,0.0,0.0
AEMPGNLGGVAPBOQXM6UETJ2PN2JQ,Popularity,0.0,0.0
AEMPGNLGGVAPBOQXM6UETJ2PN2JQ,CF (ItemKNN),0.0,0.0
AEMPGNLGGVAPBOQXM6UETJ2PN2JQ,Content (Avg Emb),0.14285714285714285,0.5
AEMPGNLGGVAPBOQXM6UETJ2PN2JQ,Last-Item,0.0,0.0
AEMPGNLGGVAPBOQXM6UETJ2PN2JQ,Avg-Last-10,0.14285714285714285,0.5
AEMPGNLGGVAPBOQXM6UETJ2PN2JQ,Recency-Weighted,0.14285714285714285,0.5
AEMPGNLGGVAPBOQXM6UETJ2PN2JQ,Essence (K=10),0.0,0.0
AEMPOITKYHGM7FYUUSW3JPGOX3UA,Random,0.0,0.0
AEMPOITKYHGM7FYUUSW3JPGOX3UA,Popularity,0.0,0.0
AEMPOITKYHGM7FYUUSW3JPGOX3UA,CF (ItemKNN),0.0,0.0
AEMPOITKYHGM7FYUUSW3JPGOX3UA,Content (Avg Emb),0.0,0.0
AEMPOITKYHGM7FYUUSW3JPGOX3UA,Last-Item,0.0,0.0
AEMPOITKYHGM7FYUUSW3JPGOX3UA,Avg-Last-10,0.0,0.0
AEMPOITKYHGM7FYUUSW3JPGOX3UA,Recency-Weighted,0.0,0.0
AEMPOITKYHGM7FYUUSW3JPGOX3UA,Essence (K=10),0.0,0.0
AEMTHEKIBUID6B35C7LICDZ5Q6XQ,Random,0.0,0.0
AEMTHEKIBUID6B35C7LICDZ5Q6XQ,Popularity,0.0,0.0
AEMTHEKIBUID6B35C7LICDZ5Q6XQ,CF (ItemKNN),0.0,0.0
AEMTHEKIBUID6B35C7LICDZ5Q6XQ,Content (Avg Emb),0.0,0.0
AEMTHEKIBUID6B35C7LICDZ5Q6XQ,Last-Item,0.0,0.0
AEMTHEKIBUID6B35C7LICDZ5Q6XQ,Avg-Last-10,0.0,0.0
AEMTHEKIBUID6B35C7LICDZ5Q6XQ,Recency-Weighted,0.0,0.0
AEMTHEKIBUID6B35C7LICDZ5Q6XQ,Essence (K=10),0.0,0.0
AEMWBQ7ILOGZUNTTUMIZLSIWG47Q,Random,0.0,0.0
AEMWBQ7ILOGZUNTTUMIZLSIWG47Q,Popularity,0.0,0.0
AEMWBQ7ILOGZUNTTUMIZLSIWG47Q,CF (ItemKNN),0.0,0.0
AEMWBQ7ILOGZUNTTUMIZLSIWG47Q,Content (Avg Emb),0.0,0.0
AEMWBQ7ILOGZUNTTUMIZLSIWG47Q,Last-Item,0.0,0.0
AEMWBQ7ILOGZUNTTUMIZLSIWG47Q,Avg-Last-10,0.0,0.0
AEMWBQ7ILOGZUNTTUMIZLSIWG47Q,Recency-Weighted,0.0,0.0
AEMWBQ7ILOGZUNTTUMIZLSIWG47Q,Essence (K=10),0.0,0.0
AEMX347N3EIPC24XJDWAHHN5VY3Q,Random,0.0,0.0
AEMX347N3EIPC24XJDWAHHN5VY3Q,Popularity,0.0,0.0
AEMX347N3EIPC24XJDWAHHN5VY3Q,CF (ItemKNN),0.0,0.0
AEMX347N3EIPC24XJDWAHHN5VY3Q,Content (Avg Emb),0.0,0.0
AEMX347N3EIPC24XJDWAHHN5VY3Q,Last-Item,0.1111111111111111,0.0
AEMX347N3EIPC24XJDWAHHN5VY3Q,Avg-Last-10,0.0,0.0
AEMX347N3EIPC24XJDWAHHN5VY3Q,Recency-Weighted,0.0,0.0
AEMX347N3EIPC24XJDWAHHN5VY3Q,Essence (K=10),0.0,0.0
AEMZ2UHJ6AMQGWLEZ4AHGIVLHTRA,Random,0.0,0.0
AEMZ2UHJ6AMQGWLEZ4AHGIVLHTRA,Popularity,0.0,0.0
AEMZ2UHJ6AMQGWLEZ4AHGIVLHTRA,CF (ItemKNN),0.0,0.0
AEMZ2UHJ6AMQGWLEZ4AHGIVLHTRA,Content (Avg Emb),0.0,0.0
AEMZ2UHJ6AMQGWLEZ4AHGIVLHTRA,Last-Item,0.0,0.0
AEMZ2UHJ6AMQGWLEZ4AHGIVLHTRA,Avg-Last-10,0.0,0.0
AEMZ2UHJ6AMQGWLEZ4AHGIVLHTRA,Recency-Weighted,0.0,0.0
AEMZ2UHJ6AMQGWLEZ4AHGIVLHTRA,Essence (K=10),0.0,0.0
AEMZOHSET564GSGAEPJB7WBVG75A,Random,0.0,
AEMZOHSET564GSGAEPJB7WBVG75A,Popularity,0.0,
AEMZOHSET564GSGAEPJB7WBVG75A,CF (ItemKNN),0.0,
AEMZOHSET564GSGAEPJB7WBVG75A,Content (Avg Emb),0.0,
AEMZOHSET564GSGAEPJB7WBVG75A,Last-Item,0.0,
AEMZOHSET564GSGAEPJB7WBVG75A,Avg-Last-10,0.0,
AEMZOHSET564GSGAEPJB7WBVG75A,Recency-Weighted,0.0,
AEMZOHSET564GSGAEPJB7WBVG75A,Essence (K=10),0.0,
AEN3VYHNYIP5BQDDYOUU5WDO2GAA,Random,0.0,0.0
AEN3VYHNYIP5BQDDYOUU5WDO2GAA,Popularity,0.0,0.0
AEN3VYHNYIP5BQDDYOUU5WDO2GAA,CF (ItemKNN),0.0,0.0
AEN3VYHNYIP5BQDDYOUU5WDO2GAA,Content (Avg Emb),0.0,0.0
AEN3VYHNYIP5BQDDYOUU5WDO2GAA,Last-Item,0.0,0.0
AEN3VYHNYIP5BQDDYOUU5WDO2GAA,Avg-Last-10,0.0,0.0
AEN3VYHNYIP5BQDDYOUU5WDO2GAA,Recency-Weighted,0.0,0.0
AEN3VYHNYIP5BQDDYOUU5WDO2GAA,Essence (K=10),0.0,0.0
AEN3ZYCIECLQWF6FH4SWKJL6ODFA,Random,0.0,0.0
AEN3ZYCIECLQWF6FH4SWKJL6ODFA,Popularity,0.0,0.0
AEN3ZYCIECLQWF6FH4SWKJL6ODFA,CF (ItemKNN),0.0,0.0
AEN3ZYCIECLQWF6FH4SWKJL6ODFA,Content (Avg Emb),0.0,0.0
AEN3ZYCIECLQWF6FH4SWKJL6ODFA,Last-Item,0.0,0.0
AEN3ZYCIECLQWF6FH4SWKJL6ODFA,Avg-Last-10,0.0,0.0
AEN3ZYCIECLQWF6FH4SWKJL6ODFA,Recency-Weighted,0.0,0.0
AEN3ZYCIECLQWF6FH4SWKJL6ODFA,Essence (K=10),0.0,0.0
AEN5KRSZG5ERC5CGC3MIH4VSULNQ,Random,0.0,
AEN5KRSZG5ERC5CGC3MIH4VSULNQ,Popularity,0.0,
AEN5KRSZG5ERC5CGC3MIH4VSULNQ,CF (ItemKNN),0.0,
AEN5KRSZG5ERC5CGC3MIH4VSULNQ,Content (Avg Emb),0.0,
AEN5KRSZG5ERC5CGC3MIH4VSULNQ,Last-Item,0.0,
AEN5KRSZG5ERC5CGC3MIH4VSULNQ,Avg-Last-10,0.0,
AEN5KRSZG5ERC5CGC3MIH4VSULNQ,Recency-Weighted,0.0,
AEN5KRSZG5ERC5CGC3MIH4VSULNQ,Essence (K=10),0.0,
AEN76UPVM43DN6B55CN5UUIKK4DQ,Random,0.0,
AEN76UPVM43DN6B55CN5UUIKK4DQ,Popularity,0.0,
AEN76UPVM43DN6B55CN5UUIKK4DQ,CF (ItemKNN),0.0,
AEN76UPVM43DN6B55CN5UUIKK4DQ,Content (Avg Emb),0.0,
AEN76UPVM43DN6B55CN5UUIKK4DQ,Last-Item,0.0,
AEN76UPVM43DN6B55CN5UUIKK4DQ,Avg-Last-10,0.0,
AEN76UPVM43DN6B55CN5UUIKK4DQ,Recency-Weighted,0.0,
AEN76UPVM43DN6B55CN5UUIKK4DQ,Essence (K=10),0.0,
AENARCC4CWUQR4KPMKEDGX6MIM3Q,Random,0.0,0.0
AENARCC4CWUQR4KPMKEDGX6MIM3Q,Popularity,0.0,0.0
AENARCC4CWUQR4KPMKEDGX6MIM3Q,CF (ItemKNN),0.0,0.0
AENARCC4CWUQR4KPMKEDGX6MIM3Q,Content (Avg Emb),0.0,0.0
AENARCC4CWUQR4KPMKEDGX6MIM3Q,Last-Item,0.0,0.0
AENARCC4CWUQR4KPMKEDGX6MIM3Q,Avg-Last-10,0.0,0.0
AENARCC4CWUQR4KPMKEDGX6MIM3Q,Recency-Weighted,0.0,0.0
AENARCC4CWUQR4KPMKEDGX6MIM3Q,Essence (K=10),0.0,0.0
AENBRGKEQ3Z2D7Y7ZTTWIDDHOERQ,Random,0.0,0.0
AENBRGKEQ3Z2D7Y7ZTTWIDDHOERQ,Popularity,0.0,0.0
AENBRGKEQ3Z2D7Y7ZTTWIDDHOERQ,CF (ItemKNN),0.0,0.0
AENBRGKEQ3Z2D7Y7ZTTWIDDHOERQ,Content (Avg Emb),0.0,0.0
AENBRGKEQ3Z2D7Y7ZTTWIDDHOERQ,Last-Item,0.0,0.0
AENBRGKEQ3Z2D7Y7ZTTWIDDHOERQ,Avg-Last-10,0.0,0.0
AENBRGKEQ3Z2D7Y7ZTTWIDDHOERQ,Recency-Weighted,0.0,0.0
AENBRGKEQ3Z2D7Y7ZTTWIDDHOERQ,Essence (K=10),0.0,0.0
AENBXNCNOCDAPZ2KZ7KUBGJNX7IA,Random,0.0,
AENBXNCNOCDAPZ2KZ7KUBGJNX7IA,Popularity,0.0,
AENBXNCNOCDAPZ2KZ7KUBGJNX7IA,CF (ItemKNN),0.0,
AENBXNCNOCDAPZ2KZ7KUBGJNX7IA,Content (Avg Emb),0.0,
AENBXNCNOCDAPZ2KZ7KUBGJNX7IA,Last-Item,0.0,
AENBXNCNOCDAPZ2KZ7KUBGJNX7IA,Avg-Last-10,0.0,
AENBXNCNOCDAPZ2KZ7KUBGJNX7IA,Recency-Weighted,0.0,
AENBXNCNOCDAPZ2KZ7KUBGJNX7IA,Essence (K=10),0.0,
AENCCYRVWTTGYWPHE3ILP7IYTBJQ,Random,0.0,0.0
AENCCYRVWTTGYWPHE3ILP7IYTBJQ,Popularity,0.0,0.0
AENCCYRVWTTGYWPHE3ILP7IYTBJQ,CF (ItemKNN),0.0,0.0
AENCCYRVWTTGYWPHE3ILP7IYTBJQ,Content (Avg Emb),0.0,0.0
AENCCYRVWTTGYWPHE3ILP7IYTBJQ,Last-Item,0.0,0.0
AENCCYRVWTTGYWPHE3ILP7IYTBJQ,Avg-Last-10,0.0,0.0
AENCCYRVWTTGYWPHE3ILP7IYTBJQ,Recency-Weighted,0.0,0.0
AENCCYRVWTTGYWPHE3ILP7IYTBJQ,Essence (K=10),0.0,0.0
AENEXY5MLHS2HNCCSKOAQIULVSNA,Random,0.0,
AENEXY5MLHS2HNCCSKOAQIULVSNA,Popularity,0.0,
AENEXY5MLHS2HNCCSKOAQIULVSNA,CF (ItemKNN),0.0,
AENEXY5MLHS2HNCCSKOAQIULVSNA,Content (Avg Emb),0.0,
AENEXY5MLHS2HNCCSKOAQIULVSNA,Last-Item,0.0,
AENEXY5MLHS2HNCCSKOAQIULVSNA,Avg-Last-10,0.0,
AENEXY5MLHS2HNCCSKOAQIULVSNA,Recency-Weighted,0.0,
AENEXY5MLHS2HNCCSKOAQIULVSNA,Essence (K=10),0.0,
AENIQ4L6XEWXL6LVI7WFUZL5DKGQ,Random,0.0,0.0
AENIQ4L6XEWXL6LVI7WFUZL5DKGQ,Popularity,0.0,0.0
AENIQ4L6XEWXL6LVI7WFUZL5DKGQ,CF (ItemKNN),0.0,0.0
AENIQ4L6XEWXL6LVI7WFUZL5DKGQ,Content (Avg Emb),0.0,0.0
AENIQ4L6XEWXL6LVI7WFUZL5DKGQ,Last-Item,0.0,0.0
AENIQ4L6XEWXL6LVI7WFUZL5DKGQ,Avg-Last-10,0.0,0.0
AENIQ4L6XEWXL6LVI7WFUZL5DKGQ,Recency-Weighted,0.0,0.0
AENIQ4L6XEWXL6LVI7WFUZL5DKGQ,Essence (K=10),0.25,0.0
AENIVZLYAAACL6C6DQP2ZUMPKTWQ,Random,0.0,0.0
AENIVZLYAAACL6C6DQP2ZUMPKTWQ,Popularity,0.0,0.0
AENIVZLYAAACL6C6DQP2ZUMPKTWQ,CF (ItemKNN),0.0,0.0
AENIVZLYAAACL6C6DQP2ZUMPKTWQ,Content (Avg Emb),0.0,0.0
AENIVZLYAAACL6C6DQP2ZUMPKTWQ,Last-Item,0.0,0.0
AENIVZLYAAACL6C6DQP2ZUMPKTWQ,Avg-Last-10,0.0,0.0
AENIVZLYAAACL6C6DQP2ZUMPKTWQ,Recency-Weighted,0.0,0.0
AENIVZLYAAACL6C6DQP2ZUMPKTWQ,Essence (K=10),0.0,0.0
AENM2V3KBRQBBOQ2SORCVKNFWYFQ,Random,0.0,0.0
AENM2V3KBRQBBOQ2SORCVKNFWYFQ,Popularity,0.0,0.0
AENM2V3KBRQBBOQ2SORCVKNFWYFQ,CF (ItemKNN),0.0,0.0
AENM2V3KBRQBBOQ2SORCVKNFWYFQ,Content (Avg Emb),0.0,0.0
AENM2V3KBRQBBOQ2SORCVKNFWYFQ,Last-Item,0.0,0.0
AENM2V3KBRQBBOQ2SORCVKNFWYFQ,Avg-Last-10,0.0,0.0
AENM2V3KBRQBBOQ2SORCVKNFWYFQ,Recency-Weighted,0.0,0.0
AENM2V3KBRQBBOQ2SORCVKNFWYFQ,Essence (K=10),0.0,0.0
AENMGLVQTWJQLAD3G4BUZPX6YRCA,Random,0.0,0.0
AENMGLVQTWJQLAD3G4BUZPX6YRCA,Popularity,0.0,0.0
AENMGLVQTWJQLAD3G4BUZPX6YRCA,CF (ItemKNN),0.0,0.0
AENMGLVQTWJQLAD3G4BUZPX6YRCA,Content (Avg Emb),0.0,0.0
AENMGLVQTWJQLAD3G4BUZPX6YRCA,Last-Item,0.0,0.0
AENMGLVQTWJQLAD3G4BUZPX6YRCA,Avg-Last-10,0.0,0.0
AENMGLVQTWJQLAD3G4BUZPX6YRCA,Recency-Weighted,0.0,0.0
AENMGLVQTWJQLAD3G4BUZPX6YRCA,Essence (K=10),0.0,0.0
AENPREERA3ZKNJIYBUYKB5RYIDJQ,Random,0.0,
AENPREERA3ZKNJIYBUYKB5RYIDJQ,Popularity,0.0,
AENPREERA3ZKNJIYBUYKB5RYIDJQ,CF (ItemKNN),0.0,
AENPREERA3ZKNJIYBUYKB5RYIDJQ,Content (Avg Emb),0.0,
AENPREERA3ZKNJIYBUYKB5RYIDJQ,Last-Item,0.5,
AENPREERA3ZKNJIYBUYKB5RYIDJQ,Avg-Last-10,0.0,
AENPREERA3ZKNJIYBUYKB5RYIDJQ,Recency-Weighted,0.0,
AENPREERA3ZKNJIYBUYKB5RYIDJQ,Essence (K=10),0.0,
AENRVEN5WSELXQHVNGKCSOAEZNJA,Random,0.0,0.0
AENRVEN5WSELXQHVNGKCSOAEZNJA,Popularity,0.0,0.0
AENRVEN5WSELXQHVNGKCSOAEZNJA,CF (ItemKNN),0.0,0.0
AENRVEN5WSELXQHVNGKCSOAEZNJA,Content (Avg Emb),0.0,0.0
AENRVEN5WSELXQHVNGKCSOAEZNJA,Last-Item,0.0,0.0
AENRVEN5WSELXQHVNGKCSOAEZNJA,Avg-Last-10,0.0,0.0
AENRVEN5WSELXQHVNGKCSOAEZNJA,Recency-Weighted,0.0,0.0
AENRVEN5WSELXQHVNGKCSOAEZNJA,Essence (K=10),0.0,0.0
AENUCSEHP4Z2XNC7VEN46MRFXLQQ,Random,0.0,0.0
AENUCSEHP4Z2XNC7VEN46MRFXLQQ,Popularity,0.0,0.0
AENUCSEHP4Z2XNC7VEN46MRFXLQQ,CF (ItemKNN),0.0,0.0
AENUCSEHP4Z2XNC7VEN46MRFXLQQ,Content (Avg Emb),0.0,0.0
AENUCSEHP4Z2XNC7VEN46MRFXLQQ,Last-Item,0.0,0.0
AENUCSEHP4Z2XNC7VEN46MRFXLQQ,Avg-Last-10,0.0,0.0
AENUCSEHP4Z2XNC7VEN46MRFXLQQ,Recency-Weighted,0.0,0.0
AENUCSEHP4Z2XNC7VEN46MRFXLQQ,Essence (K=10),0.0,0.0
AENWIVUMSWJ7FC4R6YXLE6OQ4VTA,Random,0.0,
AENWIVUMSWJ7FC4R6YXLE6OQ4VTA,Popularity,0.0,
AENWIVUMSWJ7FC4R6YXLE6OQ4VTA,CF (ItemKNN),0.0,
AENWIVUMSWJ7FC4R6YXLE6OQ4VTA,Content (Avg Emb),0.0,
AENWIVUMSWJ7FC4R6YXLE6OQ4VTA,Last-Item,0.0,
AENWIVUMSWJ7FC4R6YXLE6OQ4VTA,Avg-Last-10,0.0,
AENWIVUMSWJ7FC4R6YXLE6OQ4VTA,Recency-Weighted,0.0,
AENWIVUMSWJ7FC4R6YXLE6OQ4VTA,Essence (K=10),0.0,
AENWUOJHT5P4O5VCEXOH3MQY4T5A,Random,0.0,
AENWUOJHT5P4O5VCEXOH3MQY4T5A,Popularity,0.0,
AENWUOJHT5P4O5VCEXOH3MQY4T5A,CF (ItemKNN),0.0,
AENWUOJHT5P4O5VCEXOH3MQY4T5A,Content (Avg Emb),0.0,
AENWUOJHT5P4O5VCEXOH3MQY4T5A,Last-Item,0.0,
AENWUOJHT5P4O5VCEXOH3MQY4T5A,Avg-Last-10,0.0,
AENWUOJHT5P4O5VCEXOH3MQY4T5A,Recency-Weighted,0.0,
AENWUOJHT5P4O5VCEXOH3MQY4T5A,Essence (K=10),0.0,
AENYQBE6V6BGPF3RA6IW3S7VQ3FA,Random,0.0,
AENYQBE6V6BGPF3RA6IW3S7VQ3FA,Popularity,0.0,
AENYQBE6V6BGPF3RA6IW3S7VQ3FA,CF (ItemKNN),0.0,
AENYQBE6V6BGPF3RA6IW3S7VQ3FA,Content (Avg Emb),0.25,
AENYQBE6V6BGPF3RA6IW3S7VQ3FA,Last-Item,0.0,
AENYQBE6V6BGPF3RA6IW3S7VQ3FA,Avg-Last-10,0.4166666666666667,
AENYQBE6V6BGPF3RA6IW3S7VQ3FA,Recency-Weighted,0.3333333333333333,
AENYQBE6V6BGPF3RA6IW3S7VQ3FA,Essence (K=10),0.4166666666666667,
AENZUGR7PYUAVPHDRKYSVCQEER3A,Random,0.0,0.0
AENZUGR7PYUAVPHDRKYSVCQEER3A,Popularity,0.0,0.0
AENZUGR7PYUAVPHDRKYSVCQEER3A,CF (ItemKNN),0.0,0.0
AENZUGR7PYUAVPHDRKYSVCQEER3A,Content (Avg Emb),0.0,0.0
AENZUGR7PYUAVPHDRKYSVCQEER3A,Last-Item,0.0,0.0
AENZUGR7PYUAVPHDRKYSVCQEER3A,Avg-Last-10,0.0,0.0
AENZUGR7PYUAVPHDRKYSVCQEER3A,Recency-Weighted,0.0,0.0
AENZUGR7PYUAVPHDRKYSVCQEER3A,Essence (K=10),0.0,0.0
AEO2C6KA6RUYWHRKBRD4SINCGE3Q,Random,0.0,0.0
AEO2C6KA6RUYWHRKBRD4SINCGE3Q,Popularity,0.0,0.0
AEO2C6KA6RUYWHRKBRD4SINCGE3Q,CF (ItemKNN),0.0,0.0
AEO2C6KA6RUYWHRKBRD4SINCGE3Q,Content (Avg Emb),0.0,0.0
AEO2C6KA6RUYWHRKBRD4SINCGE3Q,Last-Item,0.0,0.0
AEO2C6KA6RUYWHRKBRD4SINCGE3Q,Avg-Last-10,0.0,0.0
AEO2C6KA6RUYWHRKBRD4SINCGE3Q,Recency-Weighted,0.0,0.0
AEO2C6KA6RUYWHRKBRD4SINCGE3Q,Essence (K=10),0.0,0.0
AEO3Y2YMOIWX34NGKTFJO47P7CQQ,Random,0.0,0.0
AEO3Y2YMOIWX34NGKTFJO47P7CQQ,Popularity,0.0,0.0
AEO3Y2YMOIWX34NGKTFJO47P7CQQ,CF (ItemKNN),0.0,0.0
AEO3Y2YMOIWX34NGKTFJO47P7CQQ,Content (Avg Emb),0.0,0.0
AEO3Y2YMOIWX34NGKTFJO47P7CQQ,Last-Item,0.25,1.0
AEO3Y2YMOIWX34NGKTFJO47P7CQQ,Avg-Last-10,0.0,0.0
AEO3Y2YMOIWX34NGKTFJO47P7CQQ,Recency-Weighted,0.0,0.0
AEO3Y2YMOIWX34NGKTFJO47P7CQQ,Essence (K=10),0.0,0.0
AEO4ZIPK7W7RDO7ZID35DVNK336A,Random,0.0,0.0
AEO4ZIPK7W7RDO7ZID35DVNK336A,Popularity,0.0,0.0
AEO4ZIPK7W7RDO7ZID35DVNK336A,CF (ItemKNN),0.0,0.0
AEO4ZIPK7W7RDO7ZID35DVNK336A,Content (Avg Emb),0.0,0.0
AEO4ZIPK7W7RDO7ZID35DVNK336A,Last-Item,0.0,0.0
AEO4ZIPK7W7RDO7ZID35DVNK336A,Avg-Last-10,0.0,0.0
AEO4ZIPK7W7RDO7ZID35DVNK336A,Recency-Weighted,0.0,0.0
AEO4ZIPK7W7RDO7ZID35DVNK336A,Essence (K=10),0.0,0.0
AEOA5MRIX7JJPGJ42ZC727PY65KQ,Random,0.0,
AEOA5MRIX7JJPGJ42ZC727PY65KQ,Popularity,0.0,
AEOA5MRIX7JJPGJ42ZC727PY65KQ,CF (ItemKNN),0.0,
AEOA5MRIX7JJPGJ42ZC727PY65KQ,Content (Avg Emb),0.0,
AEOA5MRIX7JJPGJ42ZC727PY65KQ,Last-Item,0.0,
AEOA5MRIX7JJPGJ42ZC727PY65KQ,Avg-Last-10,0.0,
AEOA5MRIX7JJPGJ42ZC727PY65KQ,Recency-Weighted,0.0,
AEOA5MRIX7JJPGJ42ZC727PY65KQ,Essence (K=10),0.0,
AEOAKIZYXWXTVSC2DAVLKDHX67CA,Random,0.0,0.0
AEOAKIZYXWXTVSC2DAVLKDHX67CA,Popularity,0.0,0.0
AEOAKIZYXWXTVSC2DAVLKDHX67CA,CF (ItemKNN),0.0,0.0
AEOAKIZYXWXTVSC2DAVLKDHX67CA,Content (Avg Emb),0.25,0.0
AEOAKIZYXWXTVSC2DAVLKDHX67CA,Last-Item,0.0,0.0
AEOAKIZYXWXTVSC2DAVLKDHX67CA,Avg-Last-10,0.25,0.0
AEOAKIZYXWXTVSC2DAVLKDHX67CA,Recency-Weighted,0.25,0.0
AEOAKIZYXWXTVSC2DAVLKDHX67CA,Essence (K=10),0.25,0.0
AEOCYONXU6FP33QZ7IYJI52HKE7A,Random,0.0,0.0
AEOCYONXU6FP33QZ7IYJI52HKE7A,Popularity,0.0,0.0
AEOCYONXU6FP33QZ7IYJI52HKE7A,CF (ItemKNN),0.0,0.0
AEOCYONXU6FP33QZ7IYJI52HKE7A,Content (Avg Emb),0.0,0.0
AEOCYONXU6FP33QZ7IYJI52HKE7A,Last-Item,0.0,0.0
AEOCYONXU6FP33QZ7IYJI52HKE7A,Avg-Last-10,0.0,0.0
AEOCYONXU6FP33QZ7IYJI52HKE7A,Recency-Weighted,0.0,0.0
AEOCYONXU6FP33QZ7IYJI52HKE7A,Essence (K=10),0.0,0.0
AEOETB6YCMNPCQY3U4Y5VICUFNCQ,Random,0.0,0.0
AEOETB6YCMNPCQY3U4Y5VICUFNCQ,Popularity,0.0,0.0
AEOETB6YCMNPCQY3U4Y5VICUFNCQ,CF (ItemKNN),0.0,0.0
AEOETB6YCMNPCQY3U4Y5VICUFNCQ,Content (Avg Emb),0.0,0.0
AEOETB6YCMNPCQY3U4Y5VICUFNCQ,Last-Item,0.0,0.0
AEOETB6YCMNPCQY3U4Y5VICUFNCQ,Avg-Last-10,0.0,0.0
AEOETB6YCMNPCQY3U4Y5VICUFNCQ,Recency-Weighted,0.0,0.0
AEOETB6YCMNPCQY3U4Y5VICUFNCQ,Essence (K=10),0.0,0.0
AEOFIX6AT6U7KPBVMY3ZXQHSRT7Q,Random,0.0,
AEOFIX6AT6U7KPBVMY3ZXQHSRT7Q,Popularity,0.0,
AEOFIX6AT6U7KPBVMY3ZXQHSRT7Q,CF (ItemKNN),0.0,
AEOFIX6AT6U7KPBVMY3ZXQHSRT7Q,Content (Avg Emb),0.0,
AEOFIX6AT6U7KPBVMY3ZXQHSRT7Q,Last-Item,0.0,
AEOFIX6AT6U7KPBVMY3ZXQHSRT7Q,Avg-Last-10,0.0,
AEOFIX6AT6U7KPBVMY3ZXQHSRT7Q,Recency-Weighted,0.0,
AEOFIX6AT6U7KPBVMY3ZXQHSRT7Q,Essence (K=10),0.0,
AEOGB6GVDGF3A3YPLSTMPOLRSGOA,Random,0.0,0.0
AEOGB6GVDGF3A3YPLSTMPOLRSGOA,Popularity,0.0,0.0
AEOGB6GVDGF3A3YPLSTMPOLRSGOA,CF (ItemKNN),0.0,0.0
AEOGB6GVDGF3A3YPLSTMPOLRSGOA,Content (Avg Emb),0.0,0.0
AEOGB6GVDGF3A3YPLSTMPOLRSGOA,Last-Item,0.0,0.0
AEOGB6GVDGF3A3YPLSTMPOLRSGOA,Avg-Last-10,0.14285714285714285,0.0
AEOGB6GVDGF3A3YPLSTMPOLRSGOA,Recency-Weighted,0.14285714285714285,0.0
AEOGB6GVDGF3A3YPLSTMPOLRSGOA,Essence (K=10),0.14285714285714285,0.0
AEOL6JXW6TF3KR5R7H2XUDA5DJOQ,Random,0.0,0.0
AEOL6JXW6TF3KR5R7H2XUDA5DJOQ,Popularity,0.0,0.0
AEOL6JXW6TF3KR5R7H2XUDA5DJOQ,CF (ItemKNN),0.0,0.0
AEOL6JXW6TF3KR5R7H2XUDA5DJOQ,Content (Avg Emb),0.0,0.0
AEOL6JXW6TF3KR5R7H2XUDA5DJOQ,Last-Item,0.1,0.0
AEOL6JXW6TF3KR5R7H2XUDA5DJOQ,Avg-Last-10,0.0,0.0
AEOL6JXW6TF3KR5R7H2XUDA5DJOQ,Recency-Weighted,0.0,0.0
AEOL6JXW6TF3KR5R7H2XUDA5DJOQ,Essence (K=10),0.0,0.0
AEOMEUA7G7B74X4O4QMKGMW5FUIQ,Random,0.0,
AEOMEUA7G7B74X4O4QMKGMW5FUIQ,Popularity,0.0,
AEOMEUA7G7B74X4O4QMKGMW5FUIQ,CF (ItemKNN),0.0,
AEOMEUA7G7B74X4O4QMKGMW5FUIQ,Content (Avg Emb),0.0,
AEOMEUA7G7B74X4O4QMKGMW5FUIQ,Last-Item,0.0,
AEOMEUA7G7B74X4O4QMKGMW5FUIQ,Avg-Last-10,0.0,
AEOMEUA7G7B74X4O4QMKGMW5FUIQ,Recency-Weighted,0.0,
AEOMEUA7G7B74X4O4QMKGMW5FUIQ,Essence (K=10),0.0,
AEOMTXW3VDEHLCSTVZR52MWNEIIA,Random,0.0,0.0
AEOMTXW3VDEHLCSTVZR52MWNEIIA,Popularity,0.0,0.0
AEOMTXW3VDEHLCSTVZR52MWNEIIA,CF (ItemKNN),0.0,0.0
AEOMTXW3VDEHLCSTVZR52MWNEIIA,Content (Avg Emb),0.0,0.0
AEOMTXW3VDEHLCSTVZR52MWNEIIA,Last-Item,0.25,0.3333333333333333
AEOMTXW3VDEHLCSTVZR52MWNEIIA,Avg-Last-10,0.0,0.0
AEOMTXW3VDEHLCSTVZR52MWNEIIA,Recency-Weighted,0.0,0.0
AEOMTXW3VDEHLCSTVZR52MWNEIIA,Essence (K=10),0.0,0.0
AEOOMP4T2HDL77W7PZXHEXMXIGEA,Random,0.0,
AEOOMP4T2HDL77W7PZXHEXMXIGEA,Popularity,0.0,
AEOOMP4T2HDL77W7PZXHEXMXIGEA,CF (ItemKNN),0.0,
AEOOMP4T2HDL77W7PZXHEXMXIGEA,Content (Avg Emb),0.0,
AEOOMP4T2HDL77W7PZXHEXMXIGEA,Last-Item,0.0,
AEOOMP4T2HDL77W7PZXHEXMXIGEA,Avg-Last-10,0.0,
AEOOMP4T2HDL77W7PZXHEXMXIGEA,Recency-Weighted,0.0,
AEOOMP4T2HDL77W7PZXHEXMXIGEA,Essence (K=10),0.0,
AEOOQFRSTTPE5YVOMOO2NMENASJQ,Random,0.0,0.0
AEOOQFRSTTPE5YVOMOO2NMENASJQ,Popularity,0.0,0.0
AEOOQFRSTTPE5YVOMOO2NMENASJQ,CF (ItemKNN),0.0,0.0
AEOOQFRSTTPE5YVOMOO2NMENASJQ,Content (Avg Emb),0.0,0.0
AEOOQFRSTTPE5YVOMOO2NMENASJQ,Last-Item,0.0,0.0
AEOOQFRSTTPE5YVOMOO2NMENASJQ,Avg-Last-10,0.0,0.0
AEOOQFRSTTPE5YVOMOO2NMENASJQ,Recency-Weighted,0.0,0.0
AEOOQFRSTTPE5YVOMOO2NMENASJQ,Essence (K=10),0.0,0.0
AEOT3DSA3G2GVRNRTL35WZNPNEOA,Random,0.0,0.0
AEOT3DSA3G2GVRNRTL35WZNPNEOA,Popularity,0.0,0.0
AEOT3DSA3G2GVRNRTL35WZNPNEOA,CF (ItemKNN),0.0,0.0
AEOT3DSA3G2GVRNRTL35WZNPNEOA,Content (Avg Emb),0.0,0.0
AEOT3DSA3G2GVRNRTL35WZNPNEOA,Last-Item,0.0,0.0
AEOT3DSA3G2GVRNRTL35WZNPNEOA,Avg-Last-10,0.0,0.0
AEOT3DSA3G2GVRNRTL35WZNPNEOA,Recency-Weighted,0.0,0.0
AEOT3DSA3G2GVRNRTL35WZNPNEOA,Essence (K=10),0.0,0.0
AEOV4IREUVOHXGBFAOTSHZ6KOATA,Random,0.0,
AEOV4IREUVOHXGBFAOTSHZ6KOATA,Popularity,0.0,
AEOV4IREUVOHXGBFAOTSHZ6KOATA,CF (ItemKNN),0.0,
AEOV4IREUVOHXGBFAOTSHZ6KOATA,Content (Avg Emb),0.0,
AEOV4IREUVOHXGBFAOTSHZ6KOATA,Last-Item,0.0,
AEOV4IREUVOHXGBFAOTSHZ6KOATA,Avg-Last-10,0.0,
AEOV4IREUVOHXGBFAOTSHZ6KOATA,Recency-Weighted,0.0,
AEOV4IREUVOHXGBFAOTSHZ6KOATA,Essence (K=10),0.0,
AEOXTOZP2DGJ3K66JV5FSH6MBBKQ,Random,0.0,
AEOXTOZP2DGJ3K66JV5FSH6MBBKQ,Popularity,0.0,
AEOXTOZP2DGJ3K66JV5FSH6MBBKQ,CF (ItemKNN),0.0,
AEOXTOZP2DGJ3K66JV5FSH6MBBKQ,Content (Avg Emb),0.0,
AEOXTOZP2DGJ3K66JV5FSH6MBBKQ,Last-Item,0.0,
AEOXTOZP2DGJ3K66JV5FSH6MBBKQ,Avg-Last-10,0.0,
AEOXTOZP2DGJ3K66JV5FSH6MBBKQ,Recency-Weighted,0.0,
AEOXTOZP2DGJ3K66JV5FSH6MBBKQ,Essence (K=10),0.0,
AEP2EKPHDXUP7TJXM7TQCODEUUXA,Random,0.0,
AEP2EKPHDXUP7TJXM7TQCODEUUXA,Popularity,0.0,
AEP2EKPHDXUP7TJXM7TQCODEUUXA,CF (ItemKNN),0.0,
AEP2EKPHDXUP7TJXM7TQCODEUUXA,Content (Avg Emb),0.0,
AEP2EKPHDXUP7TJXM7TQCODEUUXA,Last-Item,0.0,
AEP2EKPHDXUP7TJXM7TQCODEUUXA,Avg-Last-10,0.0,
AEP2EKPHDXUP7TJXM7TQCODEUUXA,Recency-Weighted,0.0,
AEP2EKPHDXUP7TJXM7TQCODEUUXA,Essence (K=10),0.0,
AEP4KEM57DPC4RUUSK4T2G4QP47Q,Random,0.0,0.0
AEP4KEM57DPC4RUUSK4T2G4QP47Q,Popularity,0.0,0.0
AEP4KEM57DPC4RUUSK4T2G4QP47Q,CF (ItemKNN),0.0,0.0
AEP4KEM57DPC4RUUSK4T2G4QP47Q,Content (Avg Emb),0.5,0.0
AEP4KEM57DPC4RUUSK4T2G4QP47Q,Last-Item,0.5,1.0
AEP4KEM57DPC4RUUSK4T2G4QP47Q,Avg-Last-10,0.5,0.0
AEP4KEM57DPC4RUUSK4T2G4QP47Q,Recency-Weighted,0.5,0.0
AEP4KEM57DPC4RUUSK4T2G4QP47Q,Essence (K=10),0.5,1.0
AEP6B26XWJSWMJMYZPCZYBVKFROQ,Random,0.0,0.0
AEP6B26XWJSWMJMYZPCZYBVKFROQ,Popularity,0.0,0.0
AEP6B26XWJSWMJMYZPCZYBVKFROQ,CF (ItemKNN),0.0,0.0
AEP6B26XWJSWMJMYZPCZYBVKFROQ,Content (Avg Emb),0.0,0.0
AEP6B26XWJSWMJMYZPCZYBVKFROQ,Last-Item,0.0,0.0
AEP6B26XWJSWMJMYZPCZYBVKFROQ,Avg-Last-10,0.0,0.0
AEP6B26XWJSWMJMYZPCZYBVKFROQ,Recency-Weighted,0.0,0.0
AEP6B26XWJSWMJMYZPCZYBVKFROQ,Essence (K=10),0.0,0.0
AEPASUGOFAZV7AEOA34YPRUO67TQ,Random,0.0,
AEPASUGOFAZV7AEOA34YPRUO67TQ,Popularity,0.0,
AEPASUGOFAZV7AEOA34YPRUO67TQ,CF (ItemKNN),0.0,
AEPASUGOFAZV7AEOA34YPRUO67TQ,Content (Avg Emb),0.0,
AEPASUGOFAZV7AEOA34YPRUO67TQ,Last-Item,0.0,
AEPASUGOFAZV7AEOA34YPRUO67TQ,Avg-Last-10,0.0,
AEPASUGOFAZV7AEOA34YPRUO67TQ,Recency-Weighted,0.0,
AEPASUGOFAZV7AEOA34YPRUO67TQ,Essence (K=10),0.0,
AEPE6TE2ZGFZM3EZDK5JSIVWYGHQ,Random,0.0,0.0
AEPE6TE2ZGFZM3EZDK5JSIVWYGHQ,Popularity,0.0,0.0
AEPE6TE2ZGFZM3EZDK5JSIVWYGHQ,CF (ItemKNN),0.0,0.0
AEPE6TE2ZGFZM3EZDK5JSIVWYGHQ,Content (Avg Emb),0.0,0.0
AEPE6TE2ZGFZM3EZDK5JSIVWYGHQ,Last-Item,0.0,0.0
AEPE6TE2ZGFZM3EZDK5JSIVWYGHQ,Avg-Last-10,0.0,0.0
AEPE6TE2ZGFZM3EZDK5JSIVWYGHQ,Recency-Weighted,0.0,0.0
AEPE6TE2ZGFZM3EZDK5JSIVWYGHQ,Essence (K=10),0.0,0.0
AEPF7OETLTIWGP7ORJVYISWR23KQ,Random,0.0,
AEPF7OETLTIWGP7ORJVYISWR23KQ,Popularity,0.0,
AEPF7OETLTIWGP7ORJVYISWR23KQ,CF (ItemKNN),0.0,
AEPF7OETLTIWGP7ORJVYISWR23KQ,Content (Avg Emb),0.0,
AEPF7OETLTIWGP7ORJVYISWR23KQ,Last-Item,0.0,
AEPF7OETLTIWGP7ORJVYISWR23KQ,Avg-Last-10,0.0,
AEPF7OETLTIWGP7ORJVYISWR23KQ,Recency-Weighted,0.0,
AEPF7OETLTIWGP7ORJVYISWR23KQ,Essence (K=10),0.0,
AEPHDPWWNPRFA6Y4LPRXYDKECYEQ,Random,0.0,0.0
AEPHDPWWNPRFA6Y4LPRXYDKECYEQ,Popularity,0.0,0.0
AEPHDPWWNPRFA6Y4LPRXYDKECYEQ,CF (ItemKNN),0.0,0.0
AEPHDPWWNPRFA6Y4LPRXYDKECYEQ,Content (Avg Emb),0.0,0.0
AEPHDPWWNPRFA6Y4LPRXYDKECYEQ,Last-Item,0.0,0.0
AEPHDPWWNPRFA6Y4LPRXYDKECYEQ,Avg-Last-10,0.0,0.0
AEPHDPWWNPRFA6Y4LPRXYDKECYEQ,Recency-Weighted,0.0,0.0
AEPHDPWWNPRFA6Y4LPRXYDKECYEQ,Essence (K=10),0.0,0.0
AEPHN4ZA7IOELNFBOIQTWHZAR7JQ,Random,0.0,
AEPHN4ZA7IOELNFBOIQTWHZAR7JQ,Popularity,0.0,
AEPHN4ZA7IOELNFBOIQTWHZAR7JQ,CF (ItemKNN),0.0,
AEPHN4ZA7IOELNFBOIQTWHZAR7JQ,Content (Avg Emb),0.25,
AEPHN4ZA7IOELNFBOIQTWHZAR7JQ,Last-Item,0.0,
AEPHN4ZA7IOELNFBOIQTWHZAR7JQ,Avg-Last-10,0.25,
AEPHN4ZA7IOELNFBOIQTWHZAR7JQ,Recency-Weighted,0.25,
AEPHN4ZA7IOELNFBOIQTWHZAR7JQ,Essence (K=10),0.25,
AEPI3EAL2I6IWZBRLT2D3TSLZWNA,Random,0.0,
AEPI3EAL2I6IWZBRLT2D3TSLZWNA,Popularity,0.0,
AEPI3EAL2I6IWZBRLT2D3TSLZWNA,CF (ItemKNN),0.0,
AEPI3EAL2I6IWZBRLT2D3TSLZWNA,Content (Avg Emb),0.0,
AEPI3EAL2I6IWZBRLT2D3TSLZWNA,Last-Item,0.0,
AEPI3EAL2I6IWZBRLT2D3TSLZWNA,Avg-Last-10,0.0,
AEPI3EAL2I6IWZBRLT2D3TSLZWNA,Recency-Weighted,0.0,
AEPI3EAL2I6IWZBRLT2D3TSLZWNA,Essence (K=10),0.0,
AEPNUQYDIH4S4FS5HCCSPICNSTJQ,Random,0.0,
AEPNUQYDIH4S4FS5HCCSPICNSTJQ,Popularity,0.0,
AEPNUQYDIH4S4FS5HCCSPICNSTJQ,CF (ItemKNN),0.0,
AEPNUQYDIH4S4FS5HCCSPICNSTJQ,Content (Avg Emb),0.0,
AEPNUQYDIH4S4FS5HCCSPICNSTJQ,Last-Item,0.0,
AEPNUQYDIH4S4FS5HCCSPICNSTJQ,Avg-Last-10,0.0,
AEPNUQYDIH4S4FS5HCCSPICNSTJQ,Recency-Weighted,0.0,
AEPNUQYDIH4S4FS5HCCSPICNSTJQ,Essence (K=10),0.0,
AEPO5WAM3XKUNFH4ZXDTKGDXOMFA,Random,0.0,0.0
AEPO5WAM3XKUNFH4ZXDTKGDXOMFA,Popularity,0.0,0.0
AEPO5WAM3XKUNFH4ZXDTKGDXOMFA,CF (ItemKNN),0.0,0.0
AEPO5WAM3XKUNFH4ZXDTKGDXOMFA,Content (Avg Emb),0.0,0.0
AEPO5WAM3XKUNFH4ZXDTKGDXOMFA,Last-Item,0.0,0.0
AEPO5WAM3XKUNFH4ZXDTKGDXOMFA,Avg-Last-10,0.0,0.0
AEPO5WAM3XKUNFH4ZXDTKGDXOMFA,Recency-Weighted,0.0,0.0
AEPO5WAM3XKUNFH4ZXDTKGDXOMFA,Essence (K=10),0.0,0.0
AEPRSSS3K2WQ5TB64CMRJT6ASSKQ,Random,0.0,0.0
AEPRSSS3K2WQ5TB64CMRJT6ASSKQ,Popularity,0.0,0.0
AEPRSSS3K2WQ5TB64CMRJT6ASSKQ,CF (ItemKNN),0.0,0.0
AEPRSSS3K2WQ5TB64CMRJT6ASSKQ,Content (Avg Emb),0.0,0.0
AEPRSSS3K2WQ5TB64CMRJT6ASSKQ,Last-Item,0.0,0.0
AEPRSSS3K2WQ5TB64CMRJT6ASSKQ,Avg-Last-10,0.0,0.0
AEPRSSS3K2WQ5TB64CMRJT6ASSKQ,Recency-Weighted,0.0,0.0
AEPRSSS3K2WQ5TB64CMRJT6ASSKQ,Essence (K=10),0.0,0.0
AEPU6KWTQETYVLS4AC7GBTPHASTQ,Random,0.0,0.0
AEPU6KWTQETYVLS4AC7GBTPHASTQ,Popularity,0.0,0.0
AEPU6KWTQETYVLS4AC7GBTPHASTQ,CF (ItemKNN),0.0,0.0
AEPU6KWTQETYVLS4AC7GBTPHASTQ,Content (Avg Emb),0.0,0.0
AEPU6KWTQETYVLS4AC7GBTPHASTQ,Last-Item,0.2,0.0
AEPU6KWTQETYVLS4AC7GBTPHASTQ,Avg-Last-10,0.2,0.0
AEPU6KWTQETYVLS4AC7GBTPHASTQ,Recency-Weighted,0.2,0.0
AEPU6KWTQETYVLS4AC7GBTPHASTQ,Essence (K=10),0.0,0.0
AEPUYY3L2PE2RNQC457EOYMSK7RQ,Random,0.0,
AEPUYY3L2PE2RNQC457EOYMSK7RQ,Popularity,0.0,
AEPUYY3L2PE2RNQC457EOYMSK7RQ,CF (ItemKNN),0.0,
AEPUYY3L2PE2RNQC457EOYMSK7RQ,Content (Avg Emb),0.0,
AEPUYY3L2PE2RNQC457EOYMSK7RQ,Last-Item,0.0,
AEPUYY3L2PE2RNQC457EOYMSK7RQ,Avg-Last-10,0.0,
AEPUYY3L2PE2RNQC457EOYMSK7RQ,Recency-Weighted,0.0,
AEPUYY3L2PE2RNQC457EOYMSK7RQ,Essence (K=10),0.0,
AEPVD5KIFUDE4GRCDF235UP2RZ4A,Random,0.0,0.0
AEPVD5KIFUDE4GRCDF235UP2RZ4A,Popularity,0.0,0.0
AEPVD5KIFUDE4GRCDF235UP2RZ4A,CF (ItemKNN),0.0,0.0
AEPVD5KIFUDE4GRCDF235UP2RZ4A,Content (Avg Emb),0.0,0.0
AEPVD5KIFUDE4GRCDF235UP2RZ4A,Last-Item,0.0,0.0
AEPVD5KIFUDE4GRCDF235UP2RZ4A,Avg-Last-10,0.0,0.0
AEPVD5KIFUDE4GRCDF235UP2RZ4A,Recency-Weighted,0.0,0.0
AEPVD5KIFUDE4GRCDF235UP2RZ4A,Essence (K=10),0.0,0.0
AEPWLVNG5JDKYZ26H26IFYFDKPFA,Random,0.0,0.0
AEPWLVNG5JDKYZ26H26IFYFDKPFA,Popularity,0.0,0.0
AEPWLVNG5JDKYZ26H26IFYFDKPFA,CF (ItemKNN),0.0,0.0
AEPWLVNG5JDKYZ26H26IFYFDKPFA,Content (Avg Emb),0.0,0.0
AEPWLVNG5JDKYZ26H26IFYFDKPFA,Last-Item,0.16666666666666666,0.0
AEPWLVNG5JDKYZ26H26IFYFDKPFA,Avg-Last-10,0.0,0.0
AEPWLVNG5JDKYZ26H26IFYFDKPFA,Recency-Weighted,0.0,0.0
AEPWLVNG5JDKYZ26H26IFYFDKPFA,Essence (K=10),0.0,0.0
AEPYGJUJHE47GHQP5CIVRXWKF7EQ,Random,0.0,0.0
AEPYGJUJHE47GHQP5CIVRXWKF7EQ,Popularity,0.0,0.0
AEPYGJUJHE47GHQP5CIVRXWKF7EQ,CF (ItemKNN),0.25,1.0
AEPYGJUJHE47GHQP5CIVRXWKF7EQ,Content (Avg Emb),0.0,0.0
AEPYGJUJHE47GHQP5CIVRXWKF7EQ,Last-Item,0.25,0.0
AEPYGJUJHE47GHQP5CIVRXWKF7EQ,Avg-Last-10,0.0,0.0
AEPYGJUJHE47GHQP5CIVRXWKF7EQ,Recency-Weighted,0.0,0.0
AEPYGJUJHE47GHQP5CIVRXWKF7EQ,Essence (K=10),0.0,0.0
AEQ3ETPF64P6KQHRYBNF2MU6MSPA,Random,0.0,0.0
AEQ3ETPF64P6KQHRYBNF2MU6MSPA,Popularity,0.0,0.0
AEQ3ETPF64P6KQHRYBNF2MU6MSPA,CF (ItemKNN),0.0,0.0
AEQ3ETPF64P6KQHRYBNF2MU6MSPA,Content (Avg Emb),0.0,0.0
AEQ3ETPF64P6KQHRYBNF2MU6MSPA,Last-Item,0.0,0.0
AEQ3ETPF64P6KQHRYBNF2MU6MSPA,Avg-Last-10,0.0,0.0
AEQ3ETPF64P6KQHRYBNF2MU6MSPA,Recency-Weighted,0.0,0.0
AEQ3ETPF64P6KQHRYBNF2MU6MSPA,Essence (K=10),0.0,0.0
AEQA6NWXLE53R4ILLDMOIWRAGLFA,Random,0.0,0.0
AEQA6NWXLE53R4ILLDMOIWRAGLFA,Popularity,0.0,0.0
AEQA6NWXLE53R4ILLDMOIWRAGLFA,CF (ItemKNN),0.0,0.0
AEQA6NWXLE53R4ILLDMOIWRAGLFA,Content (Avg Emb),0.14285714285714285,0.0
AEQA6NWXLE53R4ILLDMOIWRAGLFA,Last-Item,0.0,0.0
AEQA6NWXLE53R4ILLDMOIWRAGLFA,Avg-Last-10,0.0,0.0
AEQA6NWXLE53R4ILLDMOIWRAGLFA,Recency-Weighted,0.0,0.0
AEQA6NWXLE53R4ILLDMOIWRAGLFA,Essence (K=10),0.0,0.0
AEQCPCADGR42VFIV7CAXUWT5YC2A,Random,0.0,0.0
AEQCPCADGR42VFIV7CAXUWT5YC2A,Popularity,0.0,0.0
AEQCPCADGR42VFIV7CAXUWT5YC2A,CF (ItemKNN),0.0,0.0
AEQCPCADGR42VFIV7CAXUWT5YC2A,Content (Avg Emb),0.0,0.0
AEQCPCADGR42VFIV7CAXUWT5YC2A,Last-Item,0.0,0.0
AEQCPCADGR42VFIV7CAXUWT5YC2A,Avg-Last-10,0.0,0.0
AEQCPCADGR42VFIV7CAXUWT5YC2A,Recency-Weighted,0.0,0.0
AEQCPCADGR42VFIV7CAXUWT5YC2A,Essence (K=10),0.0,0.0
AEQFU3PB2FABD7FHDOS34GNEY5VA,Random,0.0,
AEQFU3PB2FABD7FHDOS34GNEY5VA,Popularity,0.0,
AEQFU3PB2FABD7FHDOS34GNEY5VA,CF (ItemKNN),0.0,
AEQFU3PB2FABD7FHDOS34GNEY5VA,Content (Avg Emb),0.0,
AEQFU3PB2FABD7FHDOS34GNEY5VA,Last-Item,0.0,
AEQFU3PB2FABD7FHDOS34GNEY5VA,Avg-Last-10,0.0,
AEQFU3PB2FABD7FHDOS34GNEY5VA,Recency-Weighted,0.0,
AEQFU3PB2FABD7FHDOS34GNEY5VA,Essence (K=10),0.0,
AEQG6LDQRSHUX2A52AZPTLG4J6DQ,Random,0.0,0.0
AEQG6LDQRSHUX2A52AZPTLG4J6DQ,Popularity,0.0,0.0
AEQG6LDQRSHUX2A52AZPTLG4J6DQ,CF (ItemKNN),0.0,0.0
AEQG6LDQRSHUX2A52AZPTLG4J6DQ,Content (Avg Emb),0.0,0.0
AEQG6LDQRSHUX2A52AZPTLG4J6DQ,Last-Item,0.0,0.0
AEQG6LDQRSHUX2A52AZPTLG4J6DQ,Avg-Last-10,0.2,0.0
AEQG6LDQRSHUX2A52AZPTLG4J6DQ,Recency-Weighted,0.2,0.0
AEQG6LDQRSHUX2A52AZPTLG4J6DQ,Essence (K=10),0.0,0.0
AEQGJPLYXMQO7OPDZ2Q6IQQGPNGA,Random,0.0,0.0
AEQGJPLYXMQO7OPDZ2Q6IQQGPNGA,Popularity,0.0,0.0
AEQGJPLYXMQO7OPDZ2Q6IQQGPNGA,CF (ItemKNN),0.0,0.0
AEQGJPLYXMQO7OPDZ2Q6IQQGPNGA,Content (Avg Emb),0.0,0.0
AEQGJPLYXMQO7OPDZ2Q6IQQGPNGA,Last-Item,0.0,0.0
AEQGJPLYXMQO7OPDZ2Q6IQQGPNGA,Avg-Last-10,0.0,0.0
AEQGJPLYXMQO7OPDZ2Q6IQQGPNGA,Recency-Weighted,0.0,0.0
AEQGJPLYXMQO7OPDZ2Q6IQQGPNGA,Essence (K=10),0.0,0.0
AEQGYLXVT5UVHR6RJ6J2JRXBFH2Q,Random,0.0,
AEQGYLXVT5UVHR6RJ6J2JRXBFH2Q,Popularity,0.0,
AEQGYLXVT5UVHR6RJ6J2JRXBFH2Q,CF (ItemKNN),0.0,
AEQGYLXVT5UVHR6RJ6J2JRXBFH2Q,Content (Avg Emb),0.0,
AEQGYLXVT5UVHR6RJ6J2JRXBFH2Q,Last-Item,0.0,
AEQGYLXVT5UVHR6RJ6J2JRXBFH2Q,Avg-Last-10,0.0,
AEQGYLXVT5UVHR6RJ6J2JRXBFH2Q,Recency-Weighted,0.0,
AEQGYLXVT5UVHR6RJ6J2JRXBFH2Q,Essence (K=10),0.0,
AEQJWBLCQHL6YZ5SKAAB3ZPPSC2A,Random,0.0,0.0
AEQJWBLCQHL6YZ5SKAAB3ZPPSC2A,Popularity,0.0,0.0
AEQJWBLCQHL6YZ5SKAAB3ZPPSC2A,CF (ItemKNN),0.0,0.0
AEQJWBLCQHL6YZ5SKAAB3ZPPSC2A,Content (Avg Emb),0.0,0.0
AEQJWBLCQHL6YZ5SKAAB3ZPPSC2A,Last-Item,0.0,0.0
AEQJWBLCQHL6YZ5SKAAB3ZPPSC2A,Avg-Last-10,0.0,0.0
AEQJWBLCQHL6YZ5SKAAB3ZPPSC2A,Recency-Weighted,0.25,0.0
AEQJWBLCQHL6YZ5SKAAB3ZPPSC2A,Essence (K=10),0.0,0.0
AEQKH7E43GOWK5QGT4XSVG3T72HA,Random,0.0,
AEQKH7E43GOWK5QGT4XSVG3T72HA,Popularity,0.0,
AEQKH7E43GOWK5QGT4XSVG3T72HA,CF (ItemKNN),0.0,
AEQKH7E43GOWK5QGT4XSVG3T72HA,Content (Avg Emb),0.0,
AEQKH7E43GOWK5QGT4XSVG3T72HA,Last-Item,0.0,
AEQKH7E43GOWK5QGT4XSVG3T72HA,Avg-Last-10,0.0,
AEQKH7E43GOWK5QGT4XSVG3T72HA,Recency-Weighted,0.0,
AEQKH7E43GOWK5QGT4XSVG3T72HA,Essence (K=10),0.0,
AEQN3C35I4OGOHZQBKZ3UT3HZYGA,Random,0.0,0.0
AEQN3C35I4OGOHZQBKZ3UT3HZYGA,Popularity,0.0,0.0
AEQN3C35I4OGOHZQBKZ3UT3HZYGA,CF (ItemKNN),0.0,0.0
AEQN3C35I4OGOHZQBKZ3UT3HZYGA,Content (Avg Emb),0.0,0.0
AEQN3C35I4OGOHZQBKZ3UT3HZYGA,Last-Item,0.0,0.0
AEQN3C35I4OGOHZQBKZ3UT3HZYGA,Avg-Last-10,0.0,0.0
AEQN3C35I4OGOHZQBKZ3UT3HZYGA,Recency-Weighted,0.0,0.0
AEQN3C35I4OGOHZQBKZ3UT3HZYGA,Essence (K=10),0.0,0.0
AEQOL2UEJFTR2UCHSJKIPFRXGRLQ,Random,0.0,
AEQOL2UEJFTR2UCHSJKIPFRXGRLQ,Popularity,0.0,
AEQOL2UEJFTR2UCHSJKIPFRXGRLQ,CF (ItemKNN),0.0,
AEQOL2UEJFTR2UCHSJKIPFRXGRLQ,Content (Avg Emb),0.0,
AEQOL2UEJFTR2UCHSJKIPFRXGRLQ,Last-Item,0.0,
AEQOL2UEJFTR2UCHSJKIPFRXGRLQ,Avg-Last-10,0.0,
AEQOL2UEJFTR2UCHSJKIPFRXGRLQ,Recency-Weighted,0.0,
AEQOL2UEJFTR2UCHSJKIPFRXGRLQ,Essence (K=10),0.0,
AEQOQI5GWYBGFIEFCDEHQFY3JJFQ,Random,0.0,0.0
AEQOQI5GWYBGFIEFCDEHQFY3JJFQ,Popularity,0.0,0.0
AEQOQI5GWYBGFIEFCDEHQFY3JJFQ,CF (ItemKNN),0.0,0.0
AEQOQI5GWYBGFIEFCDEHQFY3JJFQ,Content (Avg Emb),0.0,0.0
AEQOQI5GWYBGFIEFCDEHQFY3JJFQ,Last-Item,0.0,0.0
AEQOQI5GWYBGFIEFCDEHQFY3JJFQ,Avg-Last-10,0.0,0.0
AEQOQI5GWYBGFIEFCDEHQFY3JJFQ,Recency-Weighted,0.0,0.0
AEQOQI5GWYBGFIEFCDEHQFY3JJFQ,Essence (K=10),0.0,0.0
AEQPMEMCRFY5QMX4UDJXWTZTU4JQ,Random,0.0,0.0
AEQPMEMCRFY5QMX4UDJXWTZTU4JQ,Popularity,0.0,0.0
AEQPMEMCRFY5QMX4UDJXWTZTU4JQ,CF (ItemKNN),0.0,0.0
AEQPMEMCRFY5QMX4UDJXWTZTU4JQ,Content (Avg Emb),0.0,0.0
AEQPMEMCRFY5QMX4UDJXWTZTU4JQ,Last-Item,0.125,0.0
AEQPMEMCRFY5QMX4UDJXWTZTU4JQ,Avg-Last-10,0.0,0.0
AEQPMEMCRFY5QMX4UDJXWTZTU4JQ,Recency-Weighted,0.0,0.0
AEQPMEMCRFY5QMX4UDJXWTZTU4JQ,Essence (K=10),0.0,0.0
AEQREPSXBDY7WWB7ANMLGKHGIS4A,Random,0.0,0.0
AEQREPSXBDY7WWB7ANMLGKHGIS4A,Popularity,0.0,0.0
AEQREPSXBDY7WWB7ANMLGKHGIS4A,CF (ItemKNN),0.1111111111111111,0.0
AEQREPSXBDY7WWB7ANMLGKHGIS4A,Content (Avg Emb),0.0,0.0
AEQREPSXBDY7WWB7ANMLGKHGIS4A,Last-Item,0.0,0.0
AEQREPSXBDY7WWB7ANMLGKHGIS4A,Avg-Last-10,0.0,0.0
AEQREPSXBDY7WWB7ANMLGKHGIS4A,Recency-Weighted,0.0,0.0
AEQREPSXBDY7WWB7ANMLGKHGIS4A,Essence (K=10),0.0,0.0
AEQV7Q53V7Q3NZPGUEO7OBEFQFIA,Random,0.0,0.0
AEQV7Q53V7Q3NZPGUEO7OBEFQFIA,Popularity,0.0,0.0
AEQV7Q53V7Q3NZPGUEO7OBEFQFIA,CF (ItemKNN),0.0,0.0
AEQV7Q53V7Q3NZPGUEO7OBEFQFIA,Content (Avg Emb),0.0,0.0
AEQV7Q53V7Q3NZPGUEO7OBEFQFIA,Last-Item,0.0,0.0
AEQV7Q53V7Q3NZPGUEO7OBEFQFIA,Avg-Last-10,0.0,0.0
AEQV7Q53V7Q3NZPGUEO7OBEFQFIA,Recency-Weighted,0.0,0.0
AEQV7Q53V7Q3NZPGUEO7OBEFQFIA,Essence (K=10),0.0,0.0
AEQY55E6P7VA4CTDIIOYX27NPC2A,Random,0.0,0.0
AEQY55E6P7VA4CTDIIOYX27NPC2A,Popularity,0.0,0.0
AEQY55E6P7VA4CTDIIOYX27NPC2A,CF (ItemKNN),0.0,0.0
AEQY55E6P7VA4CTDIIOYX27NPC2A,Content (Avg Emb),0.0,0.0
AEQY55E6P7VA4CTDIIOYX27NPC2A,Last-Item,0.0,0.0
AEQY55E6P7VA4CTDIIOYX27NPC2A,Avg-Last-10,0.0,0.0
AEQY55E6P7VA4CTDIIOYX27NPC2A,Recency-Weighted,0.0,0.0
AEQY55E6P7VA4CTDIIOYX27NPC2A,Essence (K=10),0.0,0.0
AER3LZAFSIRXHR7CDR7OXXMXNAZQ,Random,0.0,
AER3LZAFSIRXHR7CDR7OXXMXNAZQ,Popularity,0.0,
AER3LZAFSIRXHR7CDR7OXXMXNAZQ,CF (ItemKNN),0.0,
AER3LZAFSIRXHR7CDR7OXXMXNAZQ,Content (Avg Emb),0.0,
AER3LZAFSIRXHR7CDR7OXXMXNAZQ,Last-Item,0.0,
AER3LZAFSIRXHR7CDR7OXXMXNAZQ,Avg-Last-10,0.0,
AER3LZAFSIRXHR7CDR7OXXMXNAZQ,Recency-Weighted,0.0,
AER3LZAFSIRXHR7CDR7OXXMXNAZQ,Essence (K=10),0.0,
AER3XTZFP3QYHN5HCZQISALR4QCQ,Random,0.0,
AER3XTZFP3QYHN5HCZQISALR4QCQ,Popularity,0.0,
AER3XTZFP3QYHN5HCZQISALR4QCQ,CF (ItemKNN),0.0,
AER3XTZFP3QYHN5HCZQISALR4QCQ,Content (Avg Emb),0.0,
AER3XTZFP3QYHN5HCZQISALR4QCQ,Last-Item,0.0,
AER3XTZFP3QYHN5HCZQISALR4QCQ,Avg-Last-10,0.0,
AER3XTZFP3QYHN5HCZQISALR4QCQ,Recency-Weighted,0.0,
AER3XTZFP3QYHN5HCZQISALR4QCQ,Essence (K=10),0.0,
AER4HS6OFCWTKJBSTEQNUNPAPALQ,Random,0.0,0.0
AER4HS6OFCWTKJBSTEQNUNPAPALQ,Popularity,0.0,0.0
AER4HS6OFCWTKJBSTEQNUNPAPALQ,CF (ItemKNN),0.0,0.0
AER4HS6OFCWTKJBSTEQNUNPAPALQ,Content (Avg Emb),0.0,0.0
AER4HS6OFCWTKJBSTEQNUNPAPALQ,Last-Item,0.0,0.0
AER4HS6OFCWTKJBSTEQNUNPAPALQ,Avg-Last-10,0.0,0.0
AER4HS6OFCWTKJBSTEQNUNPAPALQ,Recency-Weighted,0.0,0.0
AER4HS6OFCWTKJBSTEQNUNPAPALQ,Essence (K=10),0.0,0.0
AERA4SJ5DKBFDKJH4FNLRBAYRVAA,Random,0.0,0.0
AERA4SJ5DKBFDKJH4FNLRBAYRVAA,Popularity,0.0,0.0
AERA4SJ5DKBFDKJH4FNLRBAYRVAA,CF (ItemKNN),0.0,0.0
AERA4SJ5DKBFDKJH4FNLRBAYRVAA,Content (Avg Emb),0.0,0.0
AERA4SJ5DKBFDKJH4FNLRBAYRVAA,Last-Item,0.0,0.0
AERA4SJ5DKBFDKJH4FNLRBAYRVAA,Avg-Last-10,0.0,0.0
AERA4SJ5DKBFDKJH4FNLRBAYRVAA,Recency-Weighted,0.0,0.0
AERA4SJ5DKBFDKJH4FNLRBAYRVAA,Essence (K=10),0.058823529411764705,0.0
AERAPPIK4P6KD547GCBBOECVQFXA,Random,0.0,
AERAPPIK4P6KD547GCBBOECVQFXA,Popularity,0.0,
AERAPPIK4P6KD547GCBBOECVQFXA,CF (ItemKNN),0.0,
AERAPPIK4P6KD547GCBBOECVQFXA,Content (Avg Emb),0.0,
AERAPPIK4P6KD547GCBBOECVQFXA,Last-Item,0.0,
AERAPPIK4P6KD547GCBBOECVQFXA,Avg-Last-10,0.0,
AERAPPIK4P6KD547GCBBOECVQFXA,Recency-Weighted,0.0,
AERAPPIK4P6KD547GCBBOECVQFXA,Essence (K=10),0.0,
AERB3L7REBRWH6WZ2SXKAYD6URIA,Random,0.0,
AERB3L7REBRWH6WZ2SXKAYD6URIA,Popularity,0.0,
AERB3L7REBRWH6WZ2SXKAYD6URIA,CF (ItemKNN),0.0,
AERB3L7REBRWH6WZ2SXKAYD6URIA,Content (Avg Emb),0.0,
AERB3L7REBRWH6WZ2SXKAYD6URIA,Last-Item,0.0,
AERB3L7REBRWH6WZ2SXKAYD6URIA,Avg-Last-10,0.14285714285714285,
AERB3L7REBRWH6WZ2SXKAYD6URIA,Recency-Weighted,0.14285714285714285,
AERB3L7REBRWH6WZ2SXKAYD6URIA,Essence (K=10),0.14285714285714285,
AERCRJIFZPV7WG374VNA7SES64FQ,Random,0.0,
AERCRJIFZPV7WG374VNA7SES64FQ,Popularity,0.0,
AERCRJIFZPV7WG374VNA7SES64FQ,CF (ItemKNN),0.0,
AERCRJIFZPV7WG374VNA7SES64FQ,Content (Avg Emb),0.0,
AERCRJIFZPV7WG374VNA7SES64FQ,Last-Item,0.0,
AERCRJIFZPV7WG374VNA7SES64FQ,Avg-Last-10,0.0,
AERCRJIFZPV7WG374VNA7SES64FQ,Recency-Weighted,0.0,
AERCRJIFZPV7WG374VNA7SES64FQ,Essence (K=10),0.0,
AERGM4NZBQEOAXO3K64ZZUWA3AKA,Random,0.0,0.0
AERGM4NZBQEOAXO3K64ZZUWA3AKA,Popularity,0.0,0.0
AERGM4NZBQEOAXO3K64ZZUWA3AKA,CF (ItemKNN),0.0,0.0
AERGM4NZBQEOAXO3K64ZZUWA3AKA,Content (Avg Emb),0.0,0.0
AERGM4NZBQEOAXO3K64ZZUWA3AKA,Last-Item,0.0,0.0
AERGM4NZBQEOAXO3K64ZZUWA3AKA,Avg-Last-10,0.0,0.0
AERGM4NZBQEOAXO3K64ZZUWA3AKA,Recency-Weighted,0.0,0.0
AERGM4NZBQEOAXO3K64ZZUWA3AKA,Essence (K=10),0.0,0.0
AERGPSI37SOAGPG6UNH7C42A7EGA,Random,0.0,
AERGPSI37SOAGPG6UNH7C42A7EGA,Popularity,0.0,
AERGPSI37SOAGPG6UNH7C42A7EGA,CF (ItemKNN),0.0,
AERGPSI37SOAGPG6UNH7C42A7EGA,Content (Avg Emb),0.16666666666666666,
AERGPSI37SOAGPG6UNH7C42A7EGA,Last-Item,0.0,
AERGPSI37SOAGPG6UNH7C42A7EGA,Avg-Last-10,0.16666666666666666,
AERGPSI37SOAGPG6UNH7C42A7EGA,Recency-Weighted,0.16666666666666666,
AERGPSI37SOAGPG6UNH7C42A7EGA,Essence (K=10),0.16666666666666666,
AERJG337XWFZYITZQQUZMNWF44FQ,Random,0.0,
AERJG337XWFZYITZQQUZMNWF44FQ,Popularity,0.0,
AERJG337XWFZYITZQQUZMNWF44FQ,CF (ItemKNN),0.0,
AERJG337XWFZYITZQQUZMNWF44FQ,Content (Avg Emb),0.0,
AERJG337XWFZYITZQQUZMNWF44FQ,Last-Item,0.0,
AERJG337XWFZYITZQQUZMNWF44FQ,Avg-Last-10,0.0,
AERJG337XWFZYITZQQUZMNWF44FQ,Recency-Weighted,0.0,
AERJG337XWFZYITZQQUZMNWF44FQ,Essence (K=10),0.0,
AERMJZCXNZUZHUWE5VHTCCDZMS3Q,Random,0.0,0.0
AERMJZCXNZUZHUWE5VHTCCDZMS3Q,Popularity,0.0,0.0
AERMJZCXNZUZHUWE5VHTCCDZMS3Q,CF (ItemKNN),0.0,0.0
AERMJZCXNZUZHUWE5VHTCCDZMS3Q,Content (Avg Emb),0.0,0.0
AERMJZCXNZUZHUWE5VHTCCDZMS3Q,Last-Item,0.0,0.0
AERMJZCXNZUZHUWE5VHTCCDZMS3Q,Avg-Last-10,0.0,0.0
AERMJZCXNZUZHUWE5VHTCCDZMS3Q,Recency-Weighted,0.0,0.0
AERMJZCXNZUZHUWE5VHTCCDZMS3Q,Essence (K=10),0.0,0.0
AERPBHUA7FK3QTSAEZFLWPAHO2OA,Random,0.0,
AERPBHUA7FK3QTSAEZFLWPAHO2OA,Popularity,0.0,
AERPBHUA7FK3QTSAEZFLWPAHO2OA,CF (ItemKNN),0.0,
AERPBHUA7FK3QTSAEZFLWPAHO2OA,Content (Avg Emb),0.0,
AERPBHUA7FK3QTSAEZFLWPAHO2OA,Last-Item,0.0,
AERPBHUA7FK3QTSAEZFLWPAHO2OA,Avg-Last-10,0.0,
AERPBHUA7FK3QTSAEZFLWPAHO2OA,Recency-Weighted,0.0,
AERPBHUA7FK3QTSAEZFLWPAHO2OA,Essence (K=10),0.0,
AERQHNZB3FRBABAGMEIWTLOO2SOQ,Random,0.0,
AERQHNZB3FRBABAGMEIWTLOO2SOQ,Popularity,0.0,
AERQHNZB3FRBABAGMEIWTLOO2SOQ,CF (ItemKNN),0.0,
AERQHNZB3FRBABAGMEIWTLOO2SOQ,Content (Avg Emb),0.0,
AERQHNZB3FRBABAGMEIWTLOO2SOQ,Last-Item,0.0,
AERQHNZB3FRBABAGMEIWTLOO2SOQ,Avg-Last-10,0.0,
AERQHNZB3FRBABAGMEIWTLOO2SOQ,Recency-Weighted,0.0,
AERQHNZB3FRBABAGMEIWTLOO2SOQ,Essence (K=10),0.0,
AERR7Y6RIMXKFBFRE2SBQU4R2QQA,Random,0.0,0.0
AERR7Y6RIMXKFBFRE2SBQU4R2QQA,Popularity,0.0,0.0
AERR7Y6RIMXKFBFRE2SBQU4R2QQA,CF (ItemKNN),0.0,0.0
AERR7Y6RIMXKFBFRE2SBQU4R2QQA,Content (Avg Emb),0.0,0.0
AERR7Y6RIMXKFBFRE2SBQU4R2QQA,Last-Item,0.0,0.0
AERR7Y6RIMXKFBFRE2SBQU4R2QQA,Avg-Last-10,0.0,0.0
AERR7Y6RIMXKFBFRE2SBQU4R2QQA,Recency-Weighted,0.0,0.0
AERR7Y6RIMXKFBFRE2SBQU4R2QQA,Essence (K=10),0.0,0.0
AERTGRGEF32MSQXKM5R4ISFXEWJA,Random,0.0,
AERTGRGEF32MSQXKM5R4ISFXEWJA,Popularity,0.0,
AERTGRGEF32MSQXKM5R4ISFXEWJA,CF (ItemKNN),0.0,
AERTGRGEF32MSQXKM5R4ISFXEWJA,Content (Avg Emb),0.0,
AERTGRGEF32MSQXKM5R4ISFXEWJA,Last-Item,0.0,
AERTGRGEF32MSQXKM5R4ISFXEWJA,Avg-Last-10,0.0,
AERTGRGEF32MSQXKM5R4ISFXEWJA,Recency-Weighted,0.0,
AERTGRGEF32MSQXKM5R4ISFXEWJA,Essence (K=10),0.0,
AERUCQ6FKCFGTEC6OIE3PR73V2QA,Random,0.0,0.0
AERUCQ6FKCFGTEC6OIE3PR73V2QA,Popularity,0.0,0.0
AERUCQ6FKCFGTEC6OIE3PR73V2QA,CF (ItemKNN),0.0,0.0
AERUCQ6FKCFGTEC6OIE3PR73V2QA,Content (Avg Emb),0.0,0.0
AERUCQ6FKCFGTEC6OIE3PR73V2QA,Last-Item,0.0,0.0
AERUCQ6FKCFGTEC6OIE3PR73V2QA,Avg-Last-10,0.0,0.0
AERUCQ6FKCFGTEC6OIE3PR73V2QA,Recency-Weighted,0.0,0.0
AERUCQ6FKCFGTEC6OIE3PR73V2QA,Essence (K=10),0.0,0.0
AERVTHCI7GKT7KJZVPXY5DGR463A,Random,0.0,0.0
AERVTHCI7GKT7KJZVPXY5DGR463A,Popularity,0.0,0.0
AERVTHCI7GKT7KJZVPXY5DGR463A,CF (ItemKNN),0.25,0.0
AERVTHCI7GKT7KJZVPXY5DGR463A,Content (Avg Emb),0.0,0.0
AERVTHCI7GKT7KJZVPXY5DGR463A,Last-Item,0.0,0.0
AERVTHCI7GKT7KJZVPXY5DGR463A,Avg-Last-10,0.0,0.0
AERVTHCI7GKT7KJZVPXY5DGR463A,Recency-Weighted,0.0,0.0
AERVTHCI7GKT7KJZVPXY5DGR463A,Essence (K=10),0.25,0.0
AERZS66QMVGIBFB5ILHSZRJATZHA,Random,0.0,0.0
AERZS66QMVGIBFB5ILHSZRJATZHA,Popularity,0.0,0.0
AERZS66QMVGIBFB5ILHSZRJATZHA,CF (ItemKNN),0.0,0.0
AERZS66QMVGIBFB5ILHSZRJATZHA,Content (Avg Emb),0.0,0.0
AERZS66QMVGIBFB5ILHSZRJATZHA,Last-Item,0.0,0.0
AERZS66QMVGIBFB5ILHSZRJATZHA,Avg-Last-10,0.0,0.0
AERZS66QMVGIBFB5ILHSZRJATZHA,Recency-Weighted,0.0,0.0
AERZS66QMVGIBFB5ILHSZRJATZHA,Essence (K=10),0.0,0.0
AES32YNQMN3IIEIF2DIBSREG7DSA,Random,0.0,0.0
AES32YNQMN3IIEIF2DIBSREG7DSA,Popularity,0.0,0.0
AES32YNQMN3IIEIF2DIBSREG7DSA,CF (ItemKNN),0.0,0.0
AES32YNQMN3IIEIF2DIBSREG7DSA,Content (Avg Emb),0.0,0.0
AES32YNQMN3IIEIF2DIBSREG7DSA,Last-Item,0.0,0.0
AES32YNQMN3IIEIF2DIBSREG7DSA,Avg-Last-10,0.0,0.0
AES32YNQMN3IIEIF2DIBSREG7DSA,Recency-Weighted,0.0,0.0
AES32YNQMN3IIEIF2DIBSREG7DSA,Essence (K=10),0.0,0.0
AES4XAE7K7HCBVRSDNEVBYGCQGJQ,Random,0.0,0.0
AES4XAE7K7HCBVRSDNEVBYGCQGJQ,Popularity,0.0,0.0
AES4XAE7K7HCBVRSDNEVBYGCQGJQ,CF (ItemKNN),0.0,0.0
AES4XAE7K7HCBVRSDNEVBYGCQGJQ,Content (Avg Emb),0.0,0.0
AES4XAE7K7HCBVRSDNEVBYGCQGJQ,Last-Item,0.0,0.0
AES4XAE7K7HCBVRSDNEVBYGCQGJQ,Avg-Last-10,0.0,0.0
AES4XAE7K7HCBVRSDNEVBYGCQGJQ,Recency-Weighted,0.0,0.0
AES4XAE7K7HCBVRSDNEVBYGCQGJQ,Essence (K=10),0.0,0.0
AES5VX4L5AXB3IDYL737OK3ZHRNQ,Random,0.0,0.0
AES5VX4L5AXB3IDYL737OK3ZHRNQ,Popularity,0.0,0.0
AES5VX4L5AXB3IDYL737OK3ZHRNQ,CF (ItemKNN),0.0,0.0
AES5VX4L5AXB3IDYL737OK3ZHRNQ,Content (Avg Emb),0.0,0.0
AES5VX4L5AXB3IDYL737OK3ZHRNQ,Last-Item,0.0,0.0
AES5VX4L5AXB3IDYL737OK3ZHRNQ,Avg-Last-10,0.0,0.0
AES5VX4L5AXB3IDYL737OK3ZHRNQ,Recency-Weighted,0.0,0.0
AES5VX4L5AXB3IDYL737OK3ZHRNQ,Essence (K=10),0.0,0.0
AESA3GNDOBEGEQDNGENBEPHRQHPA,Random,0.0,0.0
AESA3GNDOBEGEQDNGENBEPHRQHPA,Popularity,0.0,0.0
AESA3GNDOBEGEQDNGENBEPHRQHPA,CF (ItemKNN),0.0,0.0
AESA3GNDOBEGEQDNGENBEPHRQHPA,Content (Avg Emb),0.0,0.0
AESA3GNDOBEGEQDNGENBEPHRQHPA,Last-Item,0.0,0.0
AESA3GNDOBEGEQDNGENBEPHRQHPA,Avg-Last-10,0.0,0.0
AESA3GNDOBEGEQDNGENBEPHRQHPA,Recency-Weighted,0.0,0.0
AESA3GNDOBEGEQDNGENBEPHRQHPA,Essence (K=10),0.0,0.0
AESDB7H4RWPHN3644ANLYU4PBXHQ,Random,0.0,0.0
AESDB7H4RWPHN3644ANLYU4PBXHQ,Popularity,0.0,0.0
AESDB7H4RWPHN3644ANLYU4PBXHQ,CF (ItemKNN),0.0,0.0
AESDB7H4RWPHN3644ANLYU4PBXHQ,Content (Avg Emb),0.0,0.0
AESDB7H4RWPHN3644ANLYU4PBXHQ,Last-Item,0.0,0.0
AESDB7H4RWPHN3644ANLYU4PBXHQ,Avg-Last-10,0.0,0.0
AESDB7H4RWPHN3644ANLYU4PBXHQ,Recency-Weighted,0.0,0.0
AESDB7H4RWPHN3644ANLYU4PBXHQ,Essence (K=10),0.0,0.0
AESEZKVWU6CQDMCD43QZIMHXEASQ,Random,0.0,0.0
AESEZKVWU6CQDMCD43QZIMHXEASQ,Popularity,0.0,0.0
AESEZKVWU6CQDMCD43QZIMHXEASQ,CF (ItemKNN),0.0,0.0
AESEZKVWU6CQDMCD43QZIMHXEASQ,Content (Avg Emb),0.0,0.0
AESEZKVWU6CQDMCD43QZIMHXEASQ,Last-Item,0.125,0.3333333333333333
AESEZKVWU6CQDMCD43QZIMHXEASQ,Avg-Last-10,0.0,0.0
AESEZKVWU6CQDMCD43QZIMHXEASQ,Recency-Weighted,0.0,0.0
AESEZKVWU6CQDMCD43QZIMHXEASQ,Essence (K=10),0.0,0.0
AESGDHPMNLAAGS4WTBPCC5G5V6CA,Random,0.0,
AESGDHPMNLAAGS4WTBPCC5G5V6CA,Popularity,0.0,
AESGDHPMNLAAGS4WTBPCC5G5V6CA,CF (ItemKNN),0.0,
AESGDHPMNLAAGS4WTBPCC5G5V6CA,Content (Avg Emb),0.0,
AESGDHPMNLAAGS4WTBPCC5G5V6CA,Last-Item,0.0,
AESGDHPMNLAAGS4WTBPCC5G5V6CA,Avg-Last-10,0.0,
AESGDHPMNLAAGS4WTBPCC5G5V6CA,Recency-Weighted,0.0,
AESGDHPMNLAAGS4WTBPCC5G5V6CA,Essence (K=10),0.2857142857142857,
AESKGINZZTKUNPIIIJXM2HASPNXA,Random,0.0,
AESKGINZZTKUNPIIIJXM2HASPNXA,Popularity,0.0,
AESKGINZZTKUNPIIIJXM2HASPNXA,CF (ItemKNN),0.0,
AESKGINZZTKUNPIIIJXM2HASPNXA,Content (Avg Emb),0.0,
AESKGINZZTKUNPIIIJXM2HASPNXA,Last-Item,0.0,
AESKGINZZTKUNPIIIJXM2HASPNXA,Avg-Last-10,0.0,
AESKGINZZTKUNPIIIJXM2HASPNXA,Recency-Weighted,0.0,
AESKGINZZTKUNPIIIJXM2HASPNXA,Essence (K=10),0.0,
AESLK2RSB343LINKAAUXM4BW7NKA,Random,0.0,0.0
AESLK2RSB343LINKAAUXM4BW7NKA,Popularity,0.0,0.0
AESLK2RSB343LINKAAUXM4BW7NKA,CF (ItemKNN),0.0,0.0
AESLK2RSB343LINKAAUXM4BW7NKA,Content (Avg Emb),0.0,0.0
AESLK2RSB343LINKAAUXM4BW7NKA,Last-Item,0.0,0.0
AESLK2RSB343LINKAAUXM4BW7NKA,Avg-Last-10,0.0,0.0
AESLK2RSB343LINKAAUXM4BW7NKA,Recency-Weighted,0.0,0.0
AESLK2RSB343LINKAAUXM4BW7NKA,Essence (K=10),0.0,0.0
AESM75I2MNZUZOYIEYSXI4P62H5A,Random,0.0,0.0
AESM75I2MNZUZOYIEYSXI4P62H5A,Popularity,0.0,0.0
AESM75I2MNZUZOYIEYSXI4P62H5A,CF (ItemKNN),0.0,0.0
AESM75I2MNZUZOYIEYSXI4P62H5A,Content (Avg Emb),0.0,0.0
AESM75I2MNZUZOYIEYSXI4P62H5A,Last-Item,0.0,0.0
AESM75I2MNZUZOYIEYSXI4P62H5A,Avg-Last-10,0.0,0.0
AESM75I2MNZUZOYIEYSXI4P62H5A,Recency-Weighted,0.0,0.0
AESM75I2MNZUZOYIEYSXI4P62H5A,Essence (K=10),0.0,0.0
AESMSXFY2BCJSK7UA2LL4MKPOIEQ,Random,0.0,
AESMSXFY2BCJSK7UA2LL4MKPOIEQ,Popularity,0.0,
AESMSXFY2BCJSK7UA2LL4MKPOIEQ,CF (ItemKNN),0.0,
AESMSXFY2BCJSK7UA2LL4MKPOIEQ,Content (Avg Emb),0.0,
AESMSXFY2BCJSK7UA2LL4MKPOIEQ,Last-Item,0.0,
AESMSXFY2BCJSK7UA2LL4MKPOIEQ,Avg-Last-10,0.0,
AESMSXFY2BCJSK7UA2LL4MKPOIEQ,Recency-Weighted,0.0,
AESMSXFY2BCJSK7UA2LL4MKPOIEQ,Essence (K=10),0.0,
AESMTNLNGTB5HL22ZVEQW3LWE7HQ,Random,0.0,
AESMTNLNGTB5HL22ZVEQW3LWE7HQ,Popularity,0.0,
AESMTNLNGTB5HL22ZVEQW3LWE7HQ,CF (ItemKNN),0.0,
AESMTNLNGTB5HL22ZVEQW3LWE7HQ,Content (Avg Emb),0.0,
AESMTNLNGTB5HL22ZVEQW3LWE7HQ,Last-Item,0.0,
AESMTNLNGTB5HL22ZVEQW3LWE7HQ,Avg-Last-10,0.0,
AESMTNLNGTB5HL22ZVEQW3LWE7HQ,Recency-Weighted,0.0,
AESMTNLNGTB5HL22ZVEQW3LWE7HQ,Essence (K=10),0.0,
AESTOL5WZADXOQOWWIWDTL4XQJWA,Random,0.0,0.0
AESTOL5WZADXOQOWWIWDTL4XQJWA,Popularity,0.0,0.0
AESTOL5WZADXOQOWWIWDTL4XQJWA,CF (ItemKNN),0.0,0.0
AESTOL5WZADXOQOWWIWDTL4XQJWA,Content (Avg Emb),0.0,0.0
AESTOL5WZADXOQOWWIWDTL4XQJWA,Last-Item,0.0,0.0
AESTOL5WZADXOQOWWIWDTL4XQJWA,Avg-Last-10,0.0,0.0
AESTOL5WZADXOQOWWIWDTL4XQJWA,Recency-Weighted,0.0,0.0
AESTOL5WZADXOQOWWIWDTL4XQJWA,Essence (K=10),0.0,0.0
AESVXTRMLNOFKII3JITSS6H2WVOA,Random,0.0,0.0
AESVXTRMLNOFKII3JITSS6H2WVOA,Popularity,0.0,0.0
AESVXTRMLNOFKII3JITSS6H2WVOA,CF (ItemKNN),0.0,0.0
AESVXTRMLNOFKII3JITSS6H2WVOA,Content (Avg Emb),0.0,0.0
AESVXTRMLNOFKII3JITSS6H2WVOA,Last-Item,0.08333333333333333,0.0
AESVXTRMLNOFKII3JITSS6H2WVOA,Avg-Last-10,0.0,0.0
AESVXTRMLNOFKII3JITSS6H2WVOA,Recency-Weighted,0.0,0.0
AESVXTRMLNOFKII3JITSS6H2WVOA,Essence (K=10),0.0,0.0
AESXD7PBRGG22CLS5J6OENKPYAOQ,Random,0.0,
AESXD7PBRGG22CLS5J6OENKPYAOQ,Popularity,0.0,
AESXD7PBRGG22CLS5J6OENKPYAOQ,CF (ItemKNN),0.0,
AESXD7PBRGG22CLS5J6OENKPYAOQ,Content (Avg Emb),0.0,
AESXD7PBRGG22CLS5J6OENKPYAOQ,Last-Item,0.125,
AESXD7PBRGG22CLS5J6OENKPYAOQ,Avg-Last-10,0.0,
AESXD7PBRGG22CLS5J6OENKPYAOQ,Recency-Weighted,0.0,
AESXD7PBRGG22CLS5J6OENKPYAOQ,Essence (K=10),0.0,
AESZ7RW2LWJZQ2A5TAJ7ZEPPA6PQ,Random,0.0,0.0
AESZ7RW2LWJZQ2A5TAJ7ZEPPA6PQ,Popularity,0.0,0.0
AESZ7RW2LWJZQ2A5TAJ7ZEPPA6PQ,CF (ItemKNN),0.0,0.0
AESZ7RW2LWJZQ2A5TAJ7ZEPPA6PQ,Content (Avg Emb),0.0,0.0
AESZ7RW2LWJZQ2A5TAJ7ZEPPA6PQ,Last-Item,0.0,0.0
AESZ7RW2LWJZQ2A5TAJ7ZEPPA6PQ,Avg-Last-10,0.0,0.0
AESZ7RW2LWJZQ2A5TAJ7ZEPPA6PQ,Recency-Weighted,0.0,0.0
AESZ7RW2LWJZQ2A5TAJ7ZEPPA6PQ,Essence (K=10),0.0,0.0
AESZTRBMTCYFXPSE2C4F5O246H6A,Random,0.0,
AESZTRBMTCYFXPSE2C4F5O246H6A,Popularity,0.0,
AESZTRBMTCYFXPSE2C4F5O246H6A,CF (ItemKNN),0.0,
AESZTRBMTCYFXPSE2C4F5O246H6A,Content (Avg Emb),0.0,
AESZTRBMTCYFXPSE2C4F5O246H6A,Last-Item,0.0,
AESZTRBMTCYFXPSE2C4F5O246H6A,Avg-Last-10,0.0,
AESZTRBMTCYFXPSE2C4F5O246H6A,Recency-Weighted,0.0,
AESZTRBMTCYFXPSE2C4F5O246H6A,Essence (K=10),0.2,
AET34L4DDDJXRXKZL6LZT7TKBMQA,Random,0.0,0.0
AET34L4DDDJXRXKZL6LZT7TKBMQA,Popularity,0.0,0.0
AET34L4DDDJXRXKZL6LZT7TKBMQA,CF (ItemKNN),0.0,0.0
AET34L4DDDJXRXKZL6LZT7TKBMQA,Content (Avg Emb),0.0,0.0
AET34L4DDDJXRXKZL6LZT7TKBMQA,Last-Item,0.0,0.0
AET34L4DDDJXRXKZL6LZT7TKBMQA,Avg-Last-10,0.0,0.0
AET34L4DDDJXRXKZL6LZT7TKBMQA,Recency-Weighted,0.0,0.0
AET34L4DDDJXRXKZL6LZT7TKBMQA,Essence (K=10),0.0,0.0
AET5CHVRK6ZICF236YGZEYUTVS6A,Random,0.0,0.0
AET5CHVRK6ZICF236YGZEYUTVS6A,Popularity,0.0,0.0
AET5CHVRK6ZICF236YGZEYUTVS6A,CF (ItemKNN),0.0,0.0
AET5CHVRK6ZICF236YGZEYUTVS6A,Content (Avg Emb),0.0,0.0
AET5CHVRK6ZICF236YGZEYUTVS6A,Last-Item,0.0,0.0
AET5CHVRK6ZICF236YGZEYUTVS6A,Avg-Last-10,0.0,0.0
AET5CHVRK6ZICF236YGZEYUTVS6A,Recency-Weighted,0.0,0.0
AET5CHVRK6ZICF236YGZEYUTVS6A,Essence (K=10),0.0,0.0
AETFP526QRCL5PXK4MNVSMSGXJ4A,Random,0.0,0.0
AETFP526QRCL5PXK4MNVSMSGXJ4A,Popularity,0.0,0.0
AETFP526QRCL5PXK4MNVSMSGXJ4A,CF (ItemKNN),0.0,0.0
AETFP526QRCL5PXK4MNVSMSGXJ4A,Content (Avg Emb),0.0,0.0
AETFP526QRCL5PXK4MNVSMSGXJ4A,Last-Item,0.0,0.0
AETFP526QRCL5PXK4MNVSMSGXJ4A,Avg-Last-10,0.0,0.0
AETFP526QRCL5PXK4MNVSMSGXJ4A,Recency-Weighted,0.0,0.0
AETFP526QRCL5PXK4MNVSMSGXJ4A,Essence (K=10),0.0,0.0
AETFZLT7ZCESKUKPPBKES2UWHGGA,Random,0.0,0.0
AETFZLT7ZCESKUKPPBKES2UWHGGA,Popularity,0.0,0.0
AETFZLT7ZCESKUKPPBKES2UWHGGA,CF (ItemKNN),0.0,0.0
AETFZLT7ZCESKUKPPBKES2UWHGGA,Content (Avg Emb),0.0,0.0
AETFZLT7ZCESKUKPPBKES2UWHGGA,Last-Item,0.0,0.0
AETFZLT7ZCESKUKPPBKES2UWHGGA,Avg-Last-10,0.0,0.0
AETFZLT7ZCESKUKPPBKES2UWHGGA,Recency-Weighted,0.0,0.0
AETFZLT7ZCESKUKPPBKES2UWHGGA,Essence (K=10),0.0,0.0
AETGFSN3AHJSUCRFDSBYG76P376A,Random,0.0,0.0
AETGFSN3AHJSUCRFDSBYG76P376A,Popularity,0.0,0.0
AETGFSN3AHJSUCRFDSBYG76P376A,CF (ItemKNN),0.0,0.0
AETGFSN3AHJSUCRFDSBYG76P376A,Content (Avg Emb),0.0,0.0
AETGFSN3AHJSUCRFDSBYG76P376A,Last-Item,0.0,0.0
AETGFSN3AHJSUCRFDSBYG76P376A,Avg-Last-10,0.0,0.0
AETGFSN3AHJSUCRFDSBYG76P376A,Recency-Weighted,0.0,0.0
AETGFSN3AHJSUCRFDSBYG76P376A,Essence (K=10),0.0,0.0
AETJMQGUGJ7ON36GCVOOCTX2OGFA,Random,0.0,0.0
AETJMQGUGJ7ON36GCVOOCTX2OGFA,Popularity,0.0,0.0
AETJMQGUGJ7ON36GCVOOCTX2OGFA,CF (ItemKNN),0.0,0.0
AETJMQGUGJ7ON36GCVOOCTX2OGFA,Content (Avg Emb),0.0,0.0
AETJMQGUGJ7ON36GCVOOCTX2OGFA,Last-Item,0.0,0.0
AETJMQGUGJ7ON36GCVOOCTX2OGFA,Avg-Last-10,0.0,0.0
AETJMQGUGJ7ON36GCVOOCTX2OGFA,Recency-Weighted,0.0,0.0
AETJMQGUGJ7ON36GCVOOCTX2OGFA,Essence (K=10),0.0,0.0
AETJXNUUXUCABMOM5XKN743SRXZQ,Random,0.0,
AETJXNUUXUCABMOM5XKN743SRXZQ,Popularity,0.0,
AETJXNUUXUCABMOM5XKN743SRXZQ,CF (ItemKNN),0.0,
AETJXNUUXUCABMOM5XKN743SRXZQ,Content (Avg Emb),0.0,
AETJXNUUXUCABMOM5XKN743SRXZQ,Last-Item,0.0,
AETJXNUUXUCABMOM5XKN743SRXZQ,Avg-Last-10,0.0,
AETJXNUUXUCABMOM5XKN743SRXZQ,Recency-Weighted,0.0,
AETJXNUUXUCABMOM5XKN743SRXZQ,Essence (K=10),0.0,
AETKGDAAUJH3RKDXJUGN2VBUN3LA,Random,0.0,0.0
AETKGDAAUJH3RKDXJUGN2VBUN3LA,Popularity,0.0,0.0
AETKGDAAUJH3RKDXJUGN2VBUN3LA,CF (ItemKNN),0.0,0.0
AETKGDAAUJH3RKDXJUGN2VBUN3LA,Content (Avg Emb),0.0,0.0
AETKGDAAUJH3RKDXJUGN2VBUN3LA,Last-Item,0.0,0.0
AETKGDAAUJH3RKDXJUGN2VBUN3LA,Avg-Last-10,0.0,0.0
AETKGDAAUJH3RKDXJUGN2VBUN3LA,Recency-Weighted,0.0,0.0
AETKGDAAUJH3RKDXJUGN2VBUN3LA,Essence (K=10),0.0,0.0
AETKJTTJJVZP4P5GXL55SFDUMDQQ,Random,0.0,0.0
AETKJTTJJVZP4P5GXL55SFDUMDQQ,Popularity,0.0,0.0
AETKJTTJJVZP4P5GXL55SFDUMDQQ,CF (ItemKNN),0.0,0.0
AETKJTTJJVZP4P5GXL55SFDUMDQQ,Content (Avg Emb),0.0,0.0
AETKJTTJJVZP4P5GXL55SFDUMDQQ,Last-Item,0.0,0.0
AETKJTTJJVZP4P5GXL55SFDUMDQQ,Avg-Last-10,0.0,0.0
AETKJTTJJVZP4P5GXL55SFDUMDQQ,Recency-Weighted,0.0,0.0
AETKJTTJJVZP4P5GXL55SFDUMDQQ,Essence (K=10),0.0,0.0
AETP4RP3KNRTZYM7KY55EACKAVAQ,Random,0.0,
AETP4RP3KNRTZYM7KY55EACKAVAQ,Popularity,0.0,
AETP4RP3KNRTZYM7KY55EACKAVAQ,CF (ItemKNN),0.0,
AETP4RP3KNRTZYM7KY55EACKAVAQ,Content (Avg Emb),0.0,
AETP4RP3KNRTZYM7KY55EACKAVAQ,Last-Item,0.0,
AETP4RP3KNRTZYM7KY55EACKAVAQ,Avg-Last-10,0.0,
AETP4RP3KNRTZYM7KY55EACKAVAQ,Recency-Weighted,0.0,
AETP4RP3KNRTZYM7KY55EACKAVAQ,Essence (K=10),0.0,
AETQSESX2T2QX2FHHUE775DEND3A,Random,0.0,
AETQSESX2T2QX2FHHUE775DEND3A,Popularity,0.0,
AETQSESX2T2QX2FHHUE775DEND3A,CF (ItemKNN),0.0,
AETQSESX2T2QX2FHHUE775DEND3A,Content (Avg Emb),0.0,
AETQSESX2T2QX2FHHUE775DEND3A,Last-Item,0.0,
AETQSESX2T2QX2FHHUE775DEND3A,Avg-Last-10,0.0,
AETQSESX2T2QX2FHHUE775DEND3A,Recency-Weighted,0.0,
AETQSESX2T2QX2FHHUE775DEND3A,Essence (K=10),0.0,
AETS2NJSMYU7LX5B73AXAKBGPCRA,Random,0.0,0.0
AETS2NJSMYU7LX5B73AXAKBGPCRA,Popularity,0.0,0.0
AETS2NJSMYU7LX5B73AXAKBGPCRA,CF (ItemKNN),0.0,0.0
AETS2NJSMYU7LX5B73AXAKBGPCRA,Content (Avg Emb),0.0,0.0
AETS2NJSMYU7LX5B73AXAKBGPCRA,Last-Item,0.0,0.0
AETS2NJSMYU7LX5B73AXAKBGPCRA,Avg-Last-10,0.0,0.0
AETS2NJSMYU7LX5B73AXAKBGPCRA,Recency-Weighted,0.0,0.0
AETS2NJSMYU7LX5B73AXAKBGPCRA,Essence (K=10),0.0,0.0
AETTQLBCOZN6CURXOXIPRP7LVCRA,Random,0.0,0.0
AETTQLBCOZN6CURXOXIPRP7LVCRA,Popularity,0.0,0.0
AETTQLBCOZN6CURXOXIPRP7LVCRA,CF (ItemKNN),0.0,0.0
AETTQLBCOZN6CURXOXIPRP7LVCRA,Content (Avg Emb),0.4,0.0
AETTQLBCOZN6CURXOXIPRP7LVCRA,Last-Item,0.4,0.0
AETTQLBCOZN6CURXOXIPRP7LVCRA,Avg-Last-10,0.4,0.0
AETTQLBCOZN6CURXOXIPRP7LVCRA,Recency-Weighted,0.6,0.0
AETTQLBCOZN6CURXOXIPRP7LVCRA,Essence (K=10),0.4,0.0
AETUDGXECCJ5C56M2IDT3JY2OHUQ,Random,0.0,0.0
AETUDGXECCJ5C56M2IDT3JY2OHUQ,Popularity,0.0,0.0
AETUDGXECCJ5C56M2IDT3JY2OHUQ,CF (ItemKNN),0.0,0.0
AETUDGXECCJ5C56M2IDT3JY2OHUQ,Content (Avg Emb),0.0,0.0
AETUDGXECCJ5C56M2IDT3JY2OHUQ,Last-Item,0.0,0.0
AETUDGXECCJ5C56M2IDT3JY2OHUQ,Avg-Last-10,0.0,0.0
AETUDGXECCJ5C56M2IDT3JY2OHUQ,Recency-Weighted,0.0,0.0
AETUDGXECCJ5C56M2IDT3JY2OHUQ,Essence (K=10),0.0,0.0
AETUS563SGWH643VBNWDK3TLZMXQ,Random,0.0,
AETUS563SGWH643VBNWDK3TLZMXQ,Popularity,0.0,
AETUS563SGWH643VBNWDK3TLZMXQ,CF (ItemKNN),0.0,
AETUS563SGWH643VBNWDK3TLZMXQ,Content (Avg Emb),0.0,
AETUS563SGWH643VBNWDK3TLZMXQ,Last-Item,0.0,
AETUS563SGWH643VBNWDK3TLZMXQ,Avg-Last-10,0.0,
AETUS563SGWH643VBNWDK3TLZMXQ,Recency-Weighted,0.0,
AETUS563SGWH643VBNWDK3TLZMXQ,Essence (K=10),0.0,
AETVB3ZZ7ULMQGZS7EXKS76EYP7A,Random,0.0,
AETVB3ZZ7ULMQGZS7EXKS76EYP7A,Popularity,0.0,
AETVB3ZZ7ULMQGZS7EXKS76EYP7A,CF (ItemKNN),0.0,
AETVB3ZZ7ULMQGZS7EXKS76EYP7A,Content (Avg Emb),0.0,
AETVB3ZZ7ULMQGZS7EXKS76EYP7A,Last-Item,0.0,
AETVB3ZZ7ULMQGZS7EXKS76EYP7A,Avg-Last-10,0.0,
AETVB3ZZ7ULMQGZS7EXKS76EYP7A,Recency-Weighted,0.0,
AETVB3ZZ7ULMQGZS7EXKS76EYP7A,Essence (K=10),0.0,
AETX6W6AWHKKC4GOS3J53PRDYNFA,Random,0.0,0.0
AETX6W6AWHKKC4GOS3J53PRDYNFA,Popularity,0.0,0.0
AETX6W6AWHKKC4GOS3J53PRDYNFA,CF (ItemKNN),0.0,0.0
AETX6W6AWHKKC4GOS3J53PRDYNFA,Content (Avg Emb),0.0,0.0
AETX6W6AWHKKC4GOS3J53PRDYNFA,Last-Item,0.0,0.0
AETX6W6AWHKKC4GOS3J53PRDYNFA,Avg-Last-10,0.0,0.0
AETX6W6AWHKKC4GOS3J53PRDYNFA,Recency-Weighted,0.0,0.0
AETX6W6AWHKKC4GOS3J53PRDYNFA,Essence (K=10),0.0,0.0
AETXS6DYFRUY4CUBUQ3TLM3YD5QQ,Random,0.0,0.0
AETXS6DYFRUY4CUBUQ3TLM3YD5QQ,Popularity,0.0,0.0
AETXS6DYFRUY4CUBUQ3TLM3YD5QQ,CF (ItemKNN),0.14285714285714285,0.0
AETXS6DYFRUY4CUBUQ3TLM3YD5QQ,Content (Avg Emb),0.0,0.0
AETXS6DYFRUY4CUBUQ3TLM3YD5QQ,Last-Item,0.0,0.0
AETXS6DYFRUY4CUBUQ3TLM3YD5QQ,Avg-Last-10,0.0,0.0
AETXS6DYFRUY4CUBUQ3TLM3YD5QQ,Recency-Weighted,0.0,0.0
AETXS6DYFRUY4CUBUQ3TLM3YD5QQ,Essence (K=10),0.0,0.0
AETXVRADBT6BRQFMVSKTSWF7WMDA,Random,0.0,0.0
AETXVRADBT6BRQFMVSKTSWF7WMDA,Popularity,0.0,0.0
AETXVRADBT6BRQFMVSKTSWF7WMDA,CF (ItemKNN),0.0,0.0
AETXVRADBT6BRQFMVSKTSWF7WMDA,Content (Avg Emb),0.047619047619047616,0.0
AETXVRADBT6BRQFMVSKTSWF7WMDA,Last-Item,0.0,0.0
AETXVRADBT6BRQFMVSKTSWF7WMDA,Avg-Last-10,0.047619047619047616,0.0
AETXVRADBT6BRQFMVSKTSWF7WMDA,Recency-Weighted,0.047619047619047616,0.0
AETXVRADBT6BRQFMVSKTSWF7WMDA,Essence (K=10),0.0,0.0
AEU6JXDO52MCMXYFXVQBBEE7SIQQ,Random,0.0,0.0
AEU6JXDO52MCMXYFXVQBBEE7SIQQ,Popularity,0.0,0.0
AEU6JXDO52MCMXYFXVQBBEE7SIQQ,CF (ItemKNN),0.0,0.0
AEU6JXDO52MCMXYFXVQBBEE7SIQQ,Content (Avg Emb),0.0,0.0
AEU6JXDO52MCMXYFXVQBBEE7SIQQ,Last-Item,0.0,0.0
AEU6JXDO52MCMXYFXVQBBEE7SIQQ,Avg-Last-10,0.0,0.0
AEU6JXDO52MCMXYFXVQBBEE7SIQQ,Recency-Weighted,0.0,0.0
AEU6JXDO52MCMXYFXVQBBEE7SIQQ,Essence (K=10),0.0,0.0
AEU6XWLMXXSBB2TKHL4Q2VOAEMLQ,Random,0.0,0.0
AEU6XWLMXXSBB2TKHL4Q2VOAEMLQ,Popularity,0.0,0.0
AEU6XWLMXXSBB2TKHL4Q2VOAEMLQ,CF (ItemKNN),0.0,0.0
AEU6XWLMXXSBB2TKHL4Q2VOAEMLQ,Content (Avg Emb),0.0,0.0
AEU6XWLMXXSBB2TKHL4Q2VOAEMLQ,Last-Item,0.0,0.0
AEU6XWLMXXSBB2TKHL4Q2VOAEMLQ,Avg-Last-10,0.0,0.0
AEU6XWLMXXSBB2TKHL4Q2VOAEMLQ,Recency-Weighted,0.0,0.0
AEU6XWLMXXSBB2TKHL4Q2VOAEMLQ,Essence (K=10),0.0,0.0
AEUAKB44ZACGAYY65BZ7ETP22VEQ,Random,0.0,0.0
AEUAKB44ZACGAYY65BZ7ETP22VEQ,Popularity,0.0,0.0
AEUAKB44ZACGAYY65BZ7ETP22VEQ,CF (ItemKNN),0.0,0.0
AEUAKB44ZACGAYY65BZ7ETP22VEQ,Content (Avg Emb),0.0,0.0
AEUAKB44ZACGAYY65BZ7ETP22VEQ,Last-Item,0.0,0.0
AEUAKB44ZACGAYY65BZ7ETP22VEQ,Avg-Last-10,0.0,0.0
AEUAKB44ZACGAYY65BZ7ETP22VEQ,Recency-Weighted,0.0,0.0
AEUAKB44ZACGAYY65BZ7ETP22VEQ,Essence (K=10),0.0,0.0
AEUFUPSBNIEJVVSFJA7WT45H3FIA,Random,0.0,0.0
AEUFUPSBNIEJVVSFJA7WT45H3FIA,Popularity,0.0,0.0
AEUFUPSBNIEJVVSFJA7WT45H3FIA,CF (ItemKNN),0.0,0.0
AEUFUPSBNIEJVVSFJA7WT45H3FIA,Content (Avg Emb),0.0,0.0
AEUFUPSBNIEJVVSFJA7WT45H3FIA,Last-Item,0.14285714285714285,0.0
AEUFUPSBNIEJVVSFJA7WT45H3FIA,Avg-Last-10,0.0,0.0
AEUFUPSBNIEJVVSFJA7WT45H3FIA,Recency-Weighted,0.0,0.0
AEUFUPSBNIEJVVSFJA7WT45H3FIA,Essence (K=10),0.0,0.0
AEUG22OKXOV4L5BD2V5CDMJDNWFA,Random,0.0,
AEUG22OKXOV4L5BD2V5CDMJDNWFA,Popularity,0.0,
AEUG22OKXOV4L5BD2V5CDMJDNWFA,CF (ItemKNN),0.0,
AEUG22OKXOV4L5BD2V5CDMJDNWFA,Content (Avg Emb),0.0,
AEUG22OKXOV4L5BD2V5CDMJDNWFA,Last-Item,0.0,
AEUG22OKXOV4L5BD2V5CDMJDNWFA,Avg-Last-10,0.0,
AEUG22OKXOV4L5BD2V5CDMJDNWFA,Recency-Weighted,0.0,
AEUG22OKXOV4L5BD2V5CDMJDNWFA,Essence (K=10),0.0,
AEUISVUWZNEWSWGRUKANVBW3RSGQ,Random,0.0,0.0
AEUISVUWZNEWSWGRUKANVBW3RSGQ,Popularity,0.0,0.0
AEUISVUWZNEWSWGRUKANVBW3RSGQ,CF (ItemKNN),0.0,0.0
AEUISVUWZNEWSWGRUKANVBW3RSGQ,Content (Avg Emb),0.0,0.0
AEUISVUWZNEWSWGRUKANVBW3RSGQ,Last-Item,0.0,0.0
AEUISVUWZNEWSWGRUKANVBW3RSGQ,Avg-Last-10,0.0,0.0
AEUISVUWZNEWSWGRUKANVBW3RSGQ,Recency-Weighted,0.0,0.0
AEUISVUWZNEWSWGRUKANVBW3RSGQ,Essence (K=10),0.0,0.0
AEULMCI2TO5VBBJU3T7PMNDHRITQ,Random,0.0,0.0
AEULMCI2TO5VBBJU3T7PMNDHRITQ,Popularity,0.0,0.0
AEULMCI2TO5VBBJU3T7PMNDHRITQ,CF (ItemKNN),0.0,0.0
AEULMCI2TO5VBBJU3T7PMNDHRITQ,Content (Avg Emb),0.0,0.0
AEULMCI2TO5VBBJU3T7PMNDHRITQ,Last-Item,0.25,0.0
AEULMCI2TO5VBBJU3T7PMNDHRITQ,Avg-Last-10,0.0,0.0
AEULMCI2TO5VBBJU3T7PMNDHRITQ,Recency-Weighted,0.0,0.0
AEULMCI2TO5VBBJU3T7PMNDHRITQ,Essence (K=10),0.0,0.0
AEUM2YECJ5KK64ALAEJW4NBDNDPA,Random,0.0,
AEUM2YECJ5KK64ALAEJW4NBDNDPA,Popularity,0.0,
AEUM2YECJ5KK64ALAEJW4NBDNDPA,CF (ItemKNN),0.0,
AEUM2YECJ5KK64ALAEJW4NBDNDPA,Content (Avg Emb),0.0,
AEUM2YECJ5KK64ALAEJW4NBDNDPA,Last-Item,0.0,
AEUM2YECJ5KK64ALAEJW4NBDNDPA,Avg-Last-10,0.0,
AEUM2YECJ5KK64ALAEJW4NBDNDPA,Recency-Weighted,0.0,
AEUM2YECJ5KK64ALAEJW4NBDNDPA,Essence (K=10),0.0,
AEUPSJHYGM4QKTAGG73M6GW7KSBQ,Random,0.0,0.0
AEUPSJHYGM4QKTAGG73M6GW7KSBQ,Popularity,0.0,0.0
AEUPSJHYGM4QKTAGG73M6GW7KSBQ,CF (ItemKNN),0.0,0.0
AEUPSJHYGM4QKTAGG73M6GW7KSBQ,Content (Avg Emb),0.0,0.0
AEUPSJHYGM4QKTAGG73M6GW7KSBQ,Last-Item,0.0,0.0
AEUPSJHYGM4QKTAGG73M6GW7KSBQ,Avg-Last-10,0.0,0.0
AEUPSJHYGM4QKTAGG73M6GW7KSBQ,Recency-Weighted,0.0,0.0
AEUPSJHYGM4QKTAGG73M6GW7KSBQ,Essence (K=10),0.0,0.0
AEUSTFFMAHFP4OA4S3GKXS73HIVQ,Random,0.0,
AEUSTFFMAHFP4OA4S3GKXS73HIVQ,Popularity,0.0,
AEUSTFFMAHFP4OA4S3GKXS73HIVQ,CF (ItemKNN),0.0,
AEUSTFFMAHFP4OA4S3GKXS73HIVQ,Content (Avg Emb),0.0,
AEUSTFFMAHFP4OA4S3GKXS73HIVQ,Last-Item,0.0,
AEUSTFFMAHFP4OA4S3GKXS73HIVQ,Avg-Last-10,0.0,
AEUSTFFMAHFP4OA4S3GKXS73HIVQ,Recency-Weighted,0.0,
AEUSTFFMAHFP4OA4S3GKXS73HIVQ,Essence (K=10),0.0,
AEUTOHJXR7HHC5YJCSHVKZRTKPHA,Random,0.0,
AEUTOHJXR7HHC5YJCSHVKZRTKPHA,Popularity,0.0,
AEUTOHJXR7HHC5YJCSHVKZRTKPHA,CF (ItemKNN),0.0,
AEUTOHJXR7HHC5YJCSHVKZRTKPHA,Content (Avg Emb),0.0,
AEUTOHJXR7HHC5YJCSHVKZRTKPHA,Last-Item,0.16666666666666666,
AEUTOHJXR7HHC5YJCSHVKZRTKPHA,Avg-Last-10,0.0,
AEUTOHJXR7HHC5YJCSHVKZRTKPHA,Recency-Weighted,0.0,
AEUTOHJXR7HHC5YJCSHVKZRTKPHA,Essence (K=10),0.0,
AEUTPOB5IWS3Z7BWHGBRASZOEEAQ,Random,0.0,
AEUTPOB5IWS3Z7BWHGBRASZOEEAQ,Popularity,0.0,
AEUTPOB5IWS3Z7BWHGBRASZOEEAQ,CF (ItemKNN),0.0,
AEUTPOB5IWS3Z7BWHGBRASZOEEAQ,Content (Avg Emb),0.0,
AEUTPOB5IWS3Z7BWHGBRASZOEEAQ,Last-Item,0.0,
AEUTPOB5IWS3Z7BWHGBRASZOEEAQ,Avg-Last-10,0.0,
AEUTPOB5IWS3Z7BWHGBRASZOEEAQ,Recency-Weighted,0.0,
AEUTPOB5IWS3Z7BWHGBRASZOEEAQ,Essence (K=10),0.0,
AEUWOVNNPWHQICGMRI6SYJPL2XVQ,Random,0.0,0.0
AEUWOVNNPWHQICGMRI6SYJPL2XVQ,Popularity,0.0,0.0
AEUWOVNNPWHQICGMRI6SYJPL2XVQ,CF (ItemKNN),0.0,0.0
AEUWOVNNPWHQICGMRI6SYJPL2XVQ,Content (Avg Emb),0.0,0.0
AEUWOVNNPWHQICGMRI6SYJPL2XVQ,Last-Item,0.2,0.0
AEUWOVNNPWHQICGMRI6SYJPL2XVQ,Avg-Last-10,0.0,0.0
AEUWOVNNPWHQICGMRI6SYJPL2XVQ,Recency-Weighted,0.0,0.0
AEUWOVNNPWHQICGMRI6SYJPL2XVQ,Essence (K=10),0.0,0.0
AEUWY2VHRGNYOCZLL6DEX7QS7LKQ,Random,0.0,0.0
AEUWY2VHRGNYOCZLL6DEX7QS7LKQ,Popularity,0.0,0.0
AEUWY2VHRGNYOCZLL6DEX7QS7LKQ,CF (ItemKNN),0.0,0.0
AEUWY2VHRGNYOCZLL6DEX7QS7LKQ,Content (Avg Emb),0.0,0.0
AEUWY2VHRGNYOCZLL6DEX7QS7LKQ,Last-Item,0.0,0.0
AEUWY2VHRGNYOCZLL6DEX7QS7LKQ,Avg-Last-10,0.0,0.0
AEUWY2VHRGNYOCZLL6DEX7QS7LKQ,Recency-Weighted,0.0,0.0
AEUWY2VHRGNYOCZLL6DEX7QS7LKQ,Essence (K=10),0.0,0.0
AEUX5N4SW7AB4SCPJUEMJIS2424Q,Random,0.0,
AEUX5N4SW7AB4SCPJUEMJIS2424Q,Popularity,0.0,
AEUX5N4SW7AB4SCPJUEMJIS2424Q,CF (ItemKNN),0.0,
AEUX5N4SW7AB4SCPJUEMJIS2424Q,Content (Avg Emb),0.0,
AEUX5N4SW7AB4SCPJUEMJIS2424Q,Last-Item,0.0,
AEUX5N4SW7AB4SCPJUEMJIS2424Q,Avg-Last-10,0.0,
AEUX5N4SW7AB4SCPJUEMJIS2424Q,Recency-Weighted,0.0,
AEUX5N4SW7AB4SCPJUEMJIS2424Q,Essence (K=10),0.0,
AEUZKGFKKASGCBVYDPNTGPVKXGAA,Random,0.0,
AEUZKGFKKASGCBVYDPNTGPVKXGAA,Popularity,0.0,
AEUZKGFKKASGCBVYDPNTGPVKXGAA,CF (ItemKNN),0.0,
AEUZKGFKKASGCBVYDPNTGPVKXGAA,Content (Avg Emb),0.0,
AEUZKGFKKASGCBVYDPNTGPVKXGAA,Last-Item,0.0,
AEUZKGFKKASGCBVYDPNTGPVKXGAA,Avg-Last-10,0.0,
AEUZKGFKKASGCBVYDPNTGPVKXGAA,Recency-Weighted,0.0,
AEUZKGFKKASGCBVYDPNTGPVKXGAA,Essence (K=10),0.0,
AEUZYLHETACF5E43YKLVWLTSLYAA,Random,0.0,0.0
AEUZYLHETACF5E43YKLVWLTSLYAA,Popularity,0.0,0.0
AEUZYLHETACF5E43YKLVWLTSLYAA,CF (ItemKNN),0.0,0.0
AEUZYLHETACF5E43YKLVWLTSLYAA,Content (Avg Emb),0.0,0.0
AEUZYLHETACF5E43YKLVWLTSLYAA,Last-Item,0.0,0.0
AEUZYLHETACF5E43YKLVWLTSLYAA,Avg-Last-10,0.0,0.0
AEUZYLHETACF5E43YKLVWLTSLYAA,Recency-Weighted,0.0,0.0
AEUZYLHETACF5E43YKLVWLTSLYAA,Essence (K=10),0.0,0.0
AEV32AXCLDRFUUREEWXB3BBWQDTQ,Random,0.0,0.0
AEV32AXCLDRFUUREEWXB3BBWQDTQ,Popularity,0.0,0.0
AEV32AXCLDRFUUREEWXB3BBWQDTQ,CF (ItemKNN),0.0,0.0
AEV32AXCLDRFUUREEWXB3BBWQDTQ,Content (Avg Emb),0.0,0.0
AEV32AXCLDRFUUREEWXB3BBWQDTQ,Last-Item,0.0,0.0
AEV32AXCLDRFUUREEWXB3BBWQDTQ,Avg-Last-10,0.0,0.0
AEV32AXCLDRFUUREEWXB3BBWQDTQ,Recency-Weighted,0.0,0.0
AEV32AXCLDRFUUREEWXB3BBWQDTQ,Essence (K=10),0.0,0.0
AEV53P4VCQT3Y4IN2BXVR3NRYBWQ,Random,0.0,0.0
AEV53P4VCQT3Y4IN2BXVR3NRYBWQ,Popularity,0.0,0.0
AEV53P4VCQT3Y4IN2BXVR3NRYBWQ,CF (ItemKNN),0.0,0.0
AEV53P4VCQT3Y4IN2BXVR3NRYBWQ,Content (Avg Emb),0.0,0.0
AEV53P4VCQT3Y4IN2BXVR3NRYBWQ,Last-Item,0.0,0.0
AEV53P4VCQT3Y4IN2BXVR3NRYBWQ,Avg-Last-10,0.0,0.0
AEV53P4VCQT3Y4IN2BXVR3NRYBWQ,Recency-Weighted,0.0,0.0
AEV53P4VCQT3Y4IN2BXVR3NRYBWQ,Essence (K=10),0.0,0.0
AEVCMSXCNMK5DL54XSI2WIDZBJPQ,Random,0.0,0.0
AEVCMSXCNMK5DL54XSI2WIDZBJPQ,Popularity,0.0,0.0
AEVCMSXCNMK5DL54XSI2WIDZBJPQ,CF (ItemKNN),0.0,0.0
AEVCMSXCNMK5DL54XSI2WIDZBJPQ,Content (Avg Emb),0.0,0.0
AEVCMSXCNMK5DL54XSI2WIDZBJPQ,Last-Item,0.0,0.0
AEVCMSXCNMK5DL54XSI2WIDZBJPQ,Avg-Last-10,0.0,0.0
AEVCMSXCNMK5DL54XSI2WIDZBJPQ,Recency-Weighted,0.0,0.0
AEVCMSXCNMK5DL54XSI2WIDZBJPQ,Essence (K=10),0.0,0.0
AEVHWFWISYRZY3IVA465LU6YO2YA,Random,0.0,0.0
AEVHWFWISYRZY3IVA465LU6YO2YA,Popularity,0.0,0.0
AEVHWFWISYRZY3IVA465LU6YO2YA,CF (ItemKNN),0.0,0.0
AEVHWFWISYRZY3IVA465LU6YO2YA,Content (Avg Emb),0.125,0.0
AEVHWFWISYRZY3IVA465LU6YO2YA,Last-Item,0.0,0.0
AEVHWFWISYRZY3IVA465LU6YO2YA,Avg-Last-10,0.0,0.0
AEVHWFWISYRZY3IVA465LU6YO2YA,Recency-Weighted,0.0,0.0
AEVHWFWISYRZY3IVA465LU6YO2YA,Essence (K=10),0.0,0.0
AEVJP7MVORKSVIUOVHBYF3A4DEHQ,Random,0.0,0.0
AEVJP7MVORKSVIUOVHBYF3A4DEHQ,Popularity,0.0,0.0
AEVJP7MVORKSVIUOVHBYF3A4DEHQ,CF (ItemKNN),0.0,0.0
AEVJP7MVORKSVIUOVHBYF3A4DEHQ,Content (Avg Emb),0.0,0.0
AEVJP7MVORKSVIUOVHBYF3A4DEHQ,Last-Item,0.0,0.0
AEVJP7MVORKSVIUOVHBYF3A4DEHQ,Avg-Last-10,0.0,0.0
AEVJP7MVORKSVIUOVHBYF3A4DEHQ,Recency-Weighted,0.0,0.0
AEVJP7MVORKSVIUOVHBYF3A4DEHQ,Essence (K=10),0.0,0.0
AEVNYZKKKQPND3XSXYLHQJP3TVMQ,Random,0.0,
AEVNYZKKKQPND3XSXYLHQJP3TVMQ,Popularity,0.0,
AEVNYZKKKQPND3XSXYLHQJP3TVMQ,CF (ItemKNN),0.0,
AEVNYZKKKQPND3XSXYLHQJP3TVMQ,Content (Avg Emb),0.0,
AEVNYZKKKQPND3XSXYLHQJP3TVMQ,Last-Item,0.0,
AEVNYZKKKQPND3XSXYLHQJP3TVMQ,Avg-Last-10,0.0,
AEVNYZKKKQPND3XSXYLHQJP3TVMQ,Recency-Weighted,0.0,
AEVNYZKKKQPND3XSXYLHQJP3TVMQ,Essence (K=10),0.0,
AEVOIBJJ2N3H3XXZDAJMOVXROJEA,Random,0.0,
AEVOIBJJ2N3H3XXZDAJMOVXROJEA,Popularity,0.0,
AEVOIBJJ2N3H3XXZDAJMOVXROJEA,CF (ItemKNN),0.0,
AEVOIBJJ2N3H3XXZDAJMOVXROJEA,Content (Avg Emb),0.0,
AEVOIBJJ2N3H3XXZDAJMOVXROJEA,Last-Item,0.0,
AEVOIBJJ2N3H3XXZDAJMOVXROJEA,Avg-Last-10,0.0,
AEVOIBJJ2N3H3XXZDAJMOVXROJEA,Recency-Weighted,0.0,
AEVOIBJJ2N3H3XXZDAJMOVXROJEA,Essence (K=10),0.2,
AEVOQKWXZIHIJSI4MJ5OX5YCLJQA,Random,0.0,0.0
AEVOQKWXZIHIJSI4MJ5OX5YCLJQA,Popularity,0.0,0.0
AEVOQKWXZIHIJSI4MJ5OX5YCLJQA,CF (ItemKNN),0.0,0.0
AEVOQKWXZIHIJSI4MJ5OX5YCLJQA,Content (Avg Emb),0.0,0.0
AEVOQKWXZIHIJSI4MJ5OX5YCLJQA,Last-Item,0.0,0.0
AEVOQKWXZIHIJSI4MJ5OX5YCLJQA,Avg-Last-10,0.0,0.0
AEVOQKWXZIHIJSI4MJ5OX5YCLJQA,Recency-Weighted,0.0,0.0
AEVOQKWXZIHIJSI4MJ5OX5YCLJQA,Essence (K=10),0.0,0.0
AEVTQKVNVR54567AV5KEV5CNZ7EA,Random,0.0,0.0
AEVTQKVNVR54567AV5KEV5CNZ7EA,Popularity,0.0,0.0
AEVTQKVNVR54567AV5KEV5CNZ7EA,CF (ItemKNN),0.0,0.0
AEVTQKVNVR54567AV5KEV5CNZ7EA,Content (Avg Emb),0.0,0.0
AEVTQKVNVR54567AV5KEV5CNZ7EA,Last-Item,0.0,0.0
AEVTQKVNVR54567AV5KEV5CNZ7EA,Avg-Last-10,0.0,0.0
AEVTQKVNVR54567AV5KEV5CNZ7EA,Recency-Weighted,0.0,0.0
AEVTQKVNVR54567AV5KEV5CNZ7EA,Essence (K=10),0.0,0.0
AEVWPKNNEJDFSZEA72VLDHCFZWOQ,Random,0.0,0.0
AEVWPKNNEJDFSZEA72VLDHCFZWOQ,Popularity,0.0,0.0
AEVWPKNNEJDFSZEA72VLDHCFZWOQ,CF (ItemKNN),0.0,0.0
AEVWPKNNEJDFSZEA72VLDHCFZWOQ,Content (Avg Emb),0.0,0.0
AEVWPKNNEJDFSZEA72VLDHCFZWOQ,Last-Item,0.0,0.0
AEVWPKNNEJDFSZEA72VLDHCFZWOQ,Avg-Last-10,0.0,0.0
AEVWPKNNEJDFSZEA72VLDHCFZWOQ,Recency-Weighted,0.0,0.0
AEVWPKNNEJDFSZEA72VLDHCFZWOQ,Essence (K=10),0.0,0.0
AEVYNDL7TCLL7KFQPIKBRCT4CJ5A,Random,0.0,0.0
AEVYNDL7TCLL7KFQPIKBRCT4CJ5A,Popularity,0.0,0.0
AEVYNDL7TCLL7KFQPIKBRCT4CJ5A,CF (ItemKNN),0.0,0.0
AEVYNDL7TCLL7KFQPIKBRCT4CJ5A,Content (Avg Emb),0.0,0.0
AEVYNDL7TCLL7KFQPIKBRCT4CJ5A,Last-Item,0.0,0.0
AEVYNDL7TCLL7KFQPIKBRCT4CJ5A,Avg-Last-10,0.0,0.0
AEVYNDL7TCLL7KFQPIKBRCT4CJ5A,Recency-Weighted,0.0,0.0
AEVYNDL7TCLL7KFQPIKBRCT4CJ5A,Essence (K=10),0.0,0.0
AEW4UYFRCIBJSANOI2WZTSC43LDQ,Random,0.0,
AEW4UYFRCIBJSANOI2WZTSC43LDQ,Popularity,0.0,
AEW4UYFRCIBJSANOI2WZTSC43LDQ,CF (ItemKNN),0.0,
AEW4UYFRCIBJSANOI2WZTSC43LDQ,Content (Avg Emb),0.0,
AEW4UYFRCIBJSANOI2WZTSC43LDQ,Last-Item,0.0,
AEW4UYFRCIBJSANOI2WZTSC43LDQ,Avg-Last-10,0.0,
AEW4UYFRCIBJSANOI2WZTSC43LDQ,Recency-Weighted,0.0,
AEW4UYFRCIBJSANOI2WZTSC43LDQ,Essence (K=10),0.0,
AEWHQURWAP37FGCN4RXABEECBTVQ,Random,0.0,
AEWHQURWAP37FGCN4RXABEECBTVQ,Popularity,0.0,
AEWHQURWAP37FGCN4RXABEECBTVQ,CF (ItemKNN),0.0,
AEWHQURWAP37FGCN4RXABEECBTVQ,Content (Avg Emb),0.0,
AEWHQURWAP37FGCN4RXABEECBTVQ,Last-Item,0.0,
AEWHQURWAP37FGCN4RXABEECBTVQ,Avg-Last-10,0.0,
AEWHQURWAP37FGCN4RXABEECBTVQ,Recency-Weighted,0.0,
AEWHQURWAP37FGCN4RXABEECBTVQ,Essence (K=10),0.0,
AEWILVJNGSGIIXZAZIJA5JM6RMEQ,Random,0.0,
AEWILVJNGSGIIXZAZIJA5JM6RMEQ,Popularity,0.0,
AEWILVJNGSGIIXZAZIJA5JM6RMEQ,CF (ItemKNN),0.0,
AEWILVJNGSGIIXZAZIJA5JM6RMEQ,Content (Avg Emb),0.0,
AEWILVJNGSGIIXZAZIJA5JM6RMEQ,Last-Item,0.0,
AEWILVJNGSGIIXZAZIJA5JM6RMEQ,Avg-Last-10,0.0,
AEWILVJNGSGIIXZAZIJA5JM6RMEQ,Recency-Weighted,0.0,
AEWILVJNGSGIIXZAZIJA5JM6RMEQ,Essence (K=10),0.0,
AEWP45FLPDDGIP35KAKNKW6JKJWQ,Random,0.0,0.0
AEWP45FLPDDGIP35KAKNKW6JKJWQ,Popularity,0.0,0.0
AEWP45FLPDDGIP35KAKNKW6JKJWQ,CF (ItemKNN),0.0,0.0
AEWP45FLPDDGIP35KAKNKW6JKJWQ,Content (Avg Emb),0.0,0.0
AEWP45FLPDDGIP35KAKNKW6JKJWQ,Last-Item,0.0,0.0
AEWP45FLPDDGIP35KAKNKW6JKJWQ,Avg-Last-10,0.0,0.0
AEWP45FLPDDGIP35KAKNKW6JKJWQ,Recency-Weighted,0.0,0.0
AEWP45FLPDDGIP35KAKNKW6JKJWQ,Essence (K=10),0.0,0.0
AEWPMJB6RMMYRYCSTHTXKDLVKDWA,Random,0.0,
AEWPMJB6RMMYRYCSTHTXKDLVKDWA,Popularity,0.0,
AEWPMJB6RMMYRYCSTHTXKDLVKDWA,CF (ItemKNN),0.0,
AEWPMJB6RMMYRYCSTHTXKDLVKDWA,Content (Avg Emb),0.0,
AEWPMJB6RMMYRYCSTHTXKDLVKDWA,Last-Item,0.0,
AEWPMJB6RMMYRYCSTHTXKDLVKDWA,Avg-Last-10,0.0,
AEWPMJB6RMMYRYCSTHTXKDLVKDWA,Recency-Weighted,0.0,
AEWPMJB6RMMYRYCSTHTXKDLVKDWA,Essence (K=10),0.0,
AEWT23CDGLI5K5KMBD2R74ZVAUVQ,Random,0.0,
AEWT23CDGLI5K5KMBD2R74ZVAUVQ,Popularity,0.0,
AEWT23CDGLI5K5KMBD2R74ZVAUVQ,CF (ItemKNN),0.0,
AEWT23CDGLI5K5KMBD2R74ZVAUVQ,Content (Avg Emb),0.0,
AEWT23CDGLI5K5KMBD2R74ZVAUVQ,Last-Item,0.0,
AEWT23CDGLI5K5KMBD2R74ZVAUVQ,Avg-Last-10,0.0,
AEWT23CDGLI5K5KMBD2R74ZVAUVQ,Recency-Weighted,0.0,
AEWT23CDGLI5K5KMBD2R74ZVAUVQ,Essence (K=10),0.0,
AEWUATPYNCDCQAI6UKMXWNRX2GDA,Random,0.0,0.0
AEWUATPYNCDCQAI6UKMXWNRX2GDA,Popularity,0.0,0.0
AEWUATPYNCDCQAI6UKMXWNRX2GDA,CF (ItemKNN),0.0,0.0
AEWUATPYNCDCQAI6UKMXWNRX2GDA,Content (Avg Emb),0.0,0.0
AEWUATPYNCDCQAI6UKMXWNRX2GDA,Last-Item,0.0625,0.0
AEWUATPYNCDCQAI6UKMXWNRX2GDA,Avg-Last-10,0.0,0.0
AEWUATPYNCDCQAI6UKMXWNRX2GDA,Recency-Weighted,0.0,0.0
AEWUATPYNCDCQAI6UKMXWNRX2GDA,Essence (K=10),0.0625,0.0
AEWWCMFCVGT2Y4RS43HFKOLLO3TQ,Random,0.0,0.0
AEWWCMFCVGT2Y4RS43HFKOLLO3TQ,Popularity,0.0,0.0
AEWWCMFCVGT2Y4RS43HFKOLLO3TQ,CF (ItemKNN),0.0,0.0
AEWWCMFCVGT2Y4RS43HFKOLLO3TQ,Content (Avg Emb),0.0,0.0
AEWWCMFCVGT2Y4RS43HFKOLLO3TQ,Last-Item,0.0,0.0
AEWWCMFCVGT2Y4RS43HFKOLLO3TQ,Avg-Last-10,0.0,0.0
AEWWCMFCVGT2Y4RS43HFKOLLO3TQ,Recency-Weighted,0.0,0.0
AEWWCMFCVGT2Y4RS43HFKOLLO3TQ,Essence (K=10),0.0,0.0
AEWXM3RHSXSS26JPJCS2WS65KO2Q,Random,0.0,0.0
AEWXM3RHSXSS26JPJCS2WS65KO2Q,Popularity,0.0,0.0
AEWXM3RHSXSS26JPJCS2WS65KO2Q,CF (ItemKNN),0.0,0.0
AEWXM3RHSXSS26JPJCS2WS65KO2Q,Content (Avg Emb),0.0,0.0
AEWXM3RHSXSS26JPJCS2WS65KO2Q,Last-Item,0.0,0.0
AEWXM3RHSXSS26JPJCS2WS65KO2Q,Avg-Last-10,0.0,0.0
AEWXM3RHSXSS26JPJCS2WS65KO2Q,Recency-Weighted,0.0,0.0
AEWXM3RHSXSS26JPJCS2WS65KO2Q,Essence (K=10),0.0,0.0
AEX266YO2IIE3DJUDBTAKUGO2YVA,Random,0.0,0.0
AEX266YO2IIE3DJUDBTAKUGO2YVA,Popularity,0.0,0.0
AEX266YO2IIE3DJUDBTAKUGO2YVA,CF (ItemKNN),0.0,0.0
AEX266YO2IIE3DJUDBTAKUGO2YVA,Content (Avg Emb),0.0,0.0
AEX266YO2IIE3DJUDBTAKUGO2YVA,Last-Item,0.0,0.0
AEX266YO2IIE3DJUDBTAKUGO2YVA,Avg-Last-10,0.0,0.0
AEX266YO2IIE3DJUDBTAKUGO2YVA,Recency-Weighted,0.0,0.0
AEX266YO2IIE3DJUDBTAKUGO2YVA,Essence (K=10),0.0,0.0
AEX77X6B65PFR6IGUXTAO4UFCSTA,Random,0.0,
AEX77X6B65PFR6IGUXTAO4UFCSTA,Popularity,0.0,
AEX77X6B65PFR6IGUXTAO4UFCSTA,CF (ItemKNN),0.0,
AEX77X6B65PFR6IGUXTAO4UFCSTA,Content (Avg Emb),0.0,
AEX77X6B65PFR6IGUXTAO4UFCSTA,Last-Item,0.0,
AEX77X6B65PFR6IGUXTAO4UFCSTA,Avg-Last-10,0.0,
AEX77X6B65PFR6IGUXTAO4UFCSTA,Recency-Weighted,0.0,
AEX77X6B65PFR6IGUXTAO4UFCSTA,Essence (K=10),0.0,
AEXAQSQE2FQREMEJR2RKS2MNXG3A,Random,0.0,
AEXAQSQE2FQREMEJR2RKS2MNXG3A,Popularity,0.0,
AEXAQSQE2FQREMEJR2RKS2MNXG3A,CF (ItemKNN),0.0,
AEXAQSQE2FQREMEJR2RKS2MNXG3A,Content (Avg Emb),0.0,
AEXAQSQE2FQREMEJR2RKS2MNXG3A,Last-Item,0.0,
AEXAQSQE2FQREMEJR2RKS2MNXG3A,Avg-Last-10,0.0,
AEXAQSQE2FQREMEJR2RKS2MNXG3A,Recency-Weighted,0.0,
AEXAQSQE2FQREMEJR2RKS2MNXG3A,Essence (K=10),0.0,
AEXDAQOAWKWUBRVW5MMCFRIDQA7A,Random,0.0,0.0
AEXDAQOAWKWUBRVW5MMCFRIDQA7A,Popularity,0.0,0.0
AEXDAQOAWKWUBRVW5MMCFRIDQA7A,CF (ItemKNN),0.0,0.0
AEXDAQOAWKWUBRVW5MMCFRIDQA7A,Content (Avg Emb),0.0,0.0
AEXDAQOAWKWUBRVW5MMCFRIDQA7A,Last-Item,0.0,0.0
AEXDAQOAWKWUBRVW5MMCFRIDQA7A,Avg-Last-10,0.0,0.0
AEXDAQOAWKWUBRVW5MMCFRIDQA7A,Recency-Weighted,0.0,0.0
AEXDAQOAWKWUBRVW5MMCFRIDQA7A,Essence (K=10),0.0,0.0
AEXEWZ3AQSHU35IKJFJJ4S2WOAGQ,Random,0.0,
AEXEWZ3AQSHU35IKJFJJ4S2WOAGQ,Popularity,0.0,
AEXEWZ3AQSHU35IKJFJJ4S2WOAGQ,CF (ItemKNN),0.0,
AEXEWZ3AQSHU35IKJFJJ4S2WOAGQ,Content (Avg Emb),0.0,
AEXEWZ3AQSHU35IKJFJJ4S2WOAGQ,Last-Item,0.0,
AEXEWZ3AQSHU35IKJFJJ4S2WOAGQ,Avg-Last-10,0.0,
AEXEWZ3AQSHU35IKJFJJ4S2WOAGQ,Recency-Weighted,0.0,
AEXEWZ3AQSHU35IKJFJJ4S2WOAGQ,Essence (K=10),0.0,
AEXEXV2ZMUWLKPDJTV4ULDZODRVA,Random,0.0,
AEXEXV2ZMUWLKPDJTV4ULDZODRVA,Popularity,0.0,
AEXEXV2ZMUWLKPDJTV4ULDZODRVA,CF (ItemKNN),0.0,
AEXEXV2ZMUWLKPDJTV4ULDZODRVA,Content (Avg Emb),0.0,
AEXEXV2ZMUWLKPDJTV4ULDZODRVA,Last-Item,0.0,
AEXEXV2ZMUWLKPDJTV4ULDZODRVA,Avg-Last-10,0.0,
AEXEXV2ZMUWLKPDJTV4ULDZODRVA,Recency-Weighted,0.0,
AEXEXV2ZMUWLKPDJTV4ULDZODRVA,Essence (K=10),0.0,
AEXF6NIYLW7U57PLVRYW7OQE25LQ,Random,0.0,
AEXF6NIYLW7U57PLVRYW7OQE25LQ,Popularity,0.0,
AEXF6NIYLW7U57PLVRYW7OQE25LQ,CF (ItemKNN),0.0,
AEXF6NIYLW7U57PLVRYW7OQE25LQ,Content (Avg Emb),0.0,
AEXF6NIYLW7U57PLVRYW7OQE25LQ,Last-Item,0.09090909090909091,
AEXF6NIYLW7U57PLVRYW7OQE25LQ,Avg-Last-10,0.0,
AEXF6NIYLW7U57PLVRYW7OQE25LQ,Recency-Weighted,0.09090909090909091,
AEXF6NIYLW7U57PLVRYW7OQE25LQ,Essence (K=10),0.09090909090909091,
AEXGQLRZWDGJSDOX6WMML4ENPANA,Random,0.0,0.0
AEXGQLRZWDGJSDOX6WMML4ENPANA,Popularity,0.0,0.0
AEXGQLRZWDGJSDOX6WMML4ENPANA,CF (ItemKNN),0.16666666666666666,1.0
AEXGQLRZWDGJSDOX6WMML4ENPANA,Content (Avg Emb),0.0,0.0
AEXGQLRZWDGJSDOX6WMML4ENPANA,Last-Item,0.0,0.0
AEXGQLRZWDGJSDOX6WMML4ENPANA,Avg-Last-10,0.0,0.0
AEXGQLRZWDGJSDOX6WMML4ENPANA,Recency-Weighted,0.0,0.0
AEXGQLRZWDGJSDOX6WMML4ENPANA,Essence (K=10),0.0,0.0
AEXM6AVTMPT7XNHROEB4HNB56MWA,Random,0.0,
AEXM6AVTMPT7XNHROEB4HNB56MWA,Popularity,0.0,
AEXM6AVTMPT7XNHROEB4HNB56MWA,CF (ItemKNN),0.0,
AEXM6AVTMPT7XNHROEB4HNB56MWA,Content (Avg Emb),0.0,
AEXM6AVTMPT7XNHROEB4HNB56MWA,Last-Item,0.0,
AEXM6AVTMPT7XNHROEB4HNB56MWA,Avg-Last-10,0.0,
AEXM6AVTMPT7XNHROEB4HNB56MWA,Recency-Weighted,0.0,
AEXM6AVTMPT7XNHROEB4HNB56MWA,Essence (K=10),0.06666666666666667,
AEXQMLOGHDXQZS3JJO45OBVSWQVA,Random,0.0,0.0
AEXQMLOGHDXQZS3JJO45OBVSWQVA,Popularity,0.0,0.0
AEXQMLOGHDXQZS3JJO45OBVSWQVA,CF (ItemKNN),0.0,0.0
AEXQMLOGHDXQZS3JJO45OBVSWQVA,Content (Avg Emb),0.0,0.0
AEXQMLOGHDXQZS3JJO45OBVSWQVA,Last-Item,0.0,0.0
AEXQMLOGHDXQZS3JJO45OBVSWQVA,Avg-Last-10,0.0,0.0
AEXQMLOGHDXQZS3JJO45OBVSWQVA,Recency-Weighted,0.0,0.0
AEXQMLOGHDXQZS3JJO45OBVSWQVA,Essence (K=10),0.0,0.0
AEXRHZO62YTCL4J4FFVCOZC3FMGQ,Random,0.0,
AEXRHZO62YTCL4J4FFVCOZC3FMGQ,Popularity,0.0,
AEXRHZO62YTCL4J4FFVCOZC3FMGQ,CF (ItemKNN),0.0,
AEXRHZO62YTCL4J4FFVCOZC3FMGQ,Content (Avg Emb),0.0,
AEXRHZO62YTCL4J4FFVCOZC3FMGQ,Last-Item,0.0,
AEXRHZO62YTCL4J4FFVCOZC3FMGQ,Avg-Last-10,0.0,
AEXRHZO62YTCL4J4FFVCOZC3FMGQ,Recency-Weighted,0.0,
AEXRHZO62YTCL4J4FFVCOZC3FMGQ,Essence (K=10),0.0,
AEXXUEIRUKXITCZSEOHDS35QOWQA,Random,0.0,0.0
AEXXUEIRUKXITCZSEOHDS35QOWQA,Popularity,0.0,0.0
AEXXUEIRUKXITCZSEOHDS35QOWQA,CF (ItemKNN),0.0,0.0
AEXXUEIRUKXITCZSEOHDS35QOWQA,Content (Avg Emb),0.0,0.0
AEXXUEIRUKXITCZSEOHDS35QOWQA,Last-Item,0.0,0.0
AEXXUEIRUKXITCZSEOHDS35QOWQA,Avg-Last-10,0.0,0.0
AEXXUEIRUKXITCZSEOHDS35QOWQA,Recency-Weighted,0.0,0.0
AEXXUEIRUKXITCZSEOHDS35QOWQA,Essence (K=10),0.0,0.0
AEY3BU4IT2NKFBVGRAL7DF5XU57A,Random,0.0,0.0
AEY3BU4IT2NKFBVGRAL7DF5XU57A,Popularity,0.0,0.0
AEY3BU4IT2NKFBVGRAL7DF5XU57A,CF (ItemKNN),0.0,0.0
AEY3BU4IT2NKFBVGRAL7DF5XU57A,Content (Avg Emb),0.0,0.0
AEY3BU4IT2NKFBVGRAL7DF5XU57A,Last-Item,0.1111111111111111,0.3333333333333333
AEY3BU4IT2NKFBVGRAL7DF5XU57A,Avg-Last-10,0.0,0.0
AEY3BU4IT2NKFBVGRAL7DF5XU57A,Recency-Weighted,0.1111111111111111,0.3333333333333333
AEY3BU4IT2NKFBVGRAL7DF5XU57A,Essence (K=10),0.0,0.0
AEY57TEQ63UWICK6AIWY5YO5WKDQ,Random,0.0,0.0
AEY57TEQ63UWICK6AIWY5YO5WKDQ,Popularity,0.2,0.0
AEY57TEQ63UWICK6AIWY5YO5WKDQ,CF (ItemKNN),0.0,0.0
AEY57TEQ63UWICK6AIWY5YO5WKDQ,Content (Avg Emb),0.2,0.0
AEY57TEQ63UWICK6AIWY5YO5WKDQ,Last-Item,0.0,0.0
AEY57TEQ63UWICK6AIWY5YO5WKDQ,Avg-Last-10,0.0,0.0
AEY57TEQ63UWICK6AIWY5YO5WKDQ,Recency-Weighted,0.0,0.0
AEY57TEQ63UWICK6AIWY5YO5WKDQ,Essence (K=10),0.0,0.0
AEY6I53F6OW55FWBACWHX7TCRPXA,Random,0.0,0.0
AEY6I53F6OW55FWBACWHX7TCRPXA,Popularity,0.0,0.0
AEY6I53F6OW55FWBACWHX7TCRPXA,CF (ItemKNN),0.0,0.0
AEY6I53F6OW55FWBACWHX7TCRPXA,Content (Avg Emb),0.0,0.0
AEY6I53F6OW55FWBACWHX7TCRPXA,Last-Item,0.0,0.0
AEY6I53F6OW55FWBACWHX7TCRPXA,Avg-Last-10,0.0,0.0
AEY6I53F6OW55FWBACWHX7TCRPXA,Recency-Weighted,0.0,0.0
AEY6I53F6OW55FWBACWHX7TCRPXA,Essence (K=10),0.0,0.0
AEY7UBTE4P45RMS7LLTQF2VAKOYQ,Random,0.0,0.0
AEY7UBTE4P45RMS7LLTQF2VAKOYQ,Popularity,0.0,0.0
AEY7UBTE4P45RMS7LLTQF2VAKOYQ,CF (ItemKNN),0.0,0.0
AEY7UBTE4P45RMS7LLTQF2VAKOYQ,Content (Avg Emb),0.0,0.0
AEY7UBTE4P45RMS7LLTQF2VAKOYQ,Last-Item,0.0,0.0
AEY7UBTE4P45RMS7LLTQF2VAKOYQ,Avg-Last-10,0.0,0.0
AEY7UBTE4P45RMS7LLTQF2VAKOYQ,Recency-Weighted,0.0,0.0
AEY7UBTE4P45RMS7LLTQF2VAKOYQ,Essence (K=10),0.0,0.0
AEYAWUBS6JF5AIMHCR3VUC6OZNDA,Random,0.0,0.0
AEYAWUBS6JF5AIMHCR3VUC6OZNDA,Popularity,0.0,0.0
AEYAWUBS6JF5AIMHCR3VUC6OZNDA,CF (ItemKNN),0.0,0.0
AEYAWUBS6JF5AIMHCR3VUC6OZNDA,Content (Avg Emb),0.0,0.0
AEYAWUBS6JF5AIMHCR3VUC6OZNDA,Last-Item,0.0,0.0
AEYAWUBS6JF5AIMHCR3VUC6OZNDA,Avg-Last-10,0.0,0.0
AEYAWUBS6JF5AIMHCR3VUC6OZNDA,Recency-Weighted,0.16666666666666666,0.3333333333333333
AEYAWUBS6JF5AIMHCR3VUC6OZNDA,Essence (K=10),0.0,0.0
AEYCA6ZHU7GXQIMV3JQUGQ4H647Q,Random,0.0,0.0
AEYCA6ZHU7GXQIMV3JQUGQ4H647Q,Popularity,0.0,0.0
AEYCA6ZHU7GXQIMV3JQUGQ4H647Q,CF (ItemKNN),0.0,0.0
AEYCA6ZHU7GXQIMV3JQUGQ4H647Q,Content (Avg Emb),0.0,0.0
AEYCA6ZHU7GXQIMV3JQUGQ4H647Q,Last-Item,0.0,0.0
AEYCA6ZHU7GXQIMV3JQUGQ4H647Q,Avg-Last-10,0.0,0.0
AEYCA6ZHU7GXQIMV3JQUGQ4H647Q,Recency-Weighted,0.0,0.0
AEYCA6ZHU7GXQIMV3JQUGQ4H647Q,Essence (K=10),0.0,0.0
AEYHE5YEZR7TJFYC72LBSOFXMPGQ,Random,0.0,0.0
AEYHE5YEZR7TJFYC72LBSOFXMPGQ,Popularity,0.0,0.0
AEYHE5YEZR7TJFYC72LBSOFXMPGQ,CF (ItemKNN),0.0,0.0
AEYHE5YEZR7TJFYC72LBSOFXMPGQ,Content (Avg Emb),0.0,0.0
AEYHE5YEZR7TJFYC72LBSOFXMPGQ,Last-Item,0.0,0.0
AEYHE5YEZR7TJFYC72LBSOFXMPGQ,Avg-Last-10,0.0,0.0
AEYHE5YEZR7TJFYC72LBSOFXMPGQ,Recency-Weighted,0.0,0.0
AEYHE5YEZR7TJFYC72LBSOFXMPGQ,Essence (K=10),0.0,0.0
AEYIKFDKQPYCBIV7YKY2MQEHVMTA,Random,0.0,0.0
AEYIKFDKQPYCBIV7YKY2MQEHVMTA,Popularity,0.0,0.0
AEYIKFDKQPYCBIV7YKY2MQEHVMTA,CF (ItemKNN),0.0,0.0
AEYIKFDKQPYCBIV7YKY2MQEHVMTA,Content (Avg Emb),0.0,0.0
AEYIKFDKQPYCBIV7YKY2MQEHVMTA,Last-Item,0.0,0.0
AEYIKFDKQPYCBIV7YKY2MQEHVMTA,Avg-Last-10,0.0,0.0
AEYIKFDKQPYCBIV7YKY2MQEHVMTA,Recency-Weighted,0.0,0.0
AEYIKFDKQPYCBIV7YKY2MQEHVMTA,Essence (K=10),0.0,0.0
AEYK5NBE2PCO7SAEJKX5OW343YHQ,Random,0.0,
AEYK5NBE2PCO7SAEJKX5OW343YHQ,Popularity,0.0,
AEYK5NBE2PCO7SAEJKX5OW343YHQ,CF (ItemKNN),0.0,
AEYK5NBE2PCO7SAEJKX5OW343YHQ,Content (Avg Emb),0.6,
AEYK5NBE2PCO7SAEJKX5OW343YHQ,Last-Item,0.2,
AEYK5NBE2PCO7SAEJKX5OW343YHQ,Avg-Last-10,0.4,
AEYK5NBE2PCO7SAEJKX5OW343YHQ,Recency-Weighted,0.4,
AEYK5NBE2PCO7SAEJKX5OW343YHQ,Essence (K=10),0.2,
AEYL3SKODURYPZVFEHDFVEOEH3VA,Random,0.0,
AEYL3SKODURYPZVFEHDFVEOEH3VA,Popularity,0.0,
AEYL3SKODURYPZVFEHDFVEOEH3VA,CF (ItemKNN),0.0,
AEYL3SKODURYPZVFEHDFVEOEH3VA,Content (Avg Emb),0.0,
AEYL3SKODURYPZVFEHDFVEOEH3VA,Last-Item,0.0,
AEYL3SKODURYPZVFEHDFVEOEH3VA,Avg-Last-10,0.0,
AEYL3SKODURYPZVFEHDFVEOEH3VA,Recency-Weighted,0.0,
AEYL3SKODURYPZVFEHDFVEOEH3VA,Essence (K=10),0.0,
AEYMNDGZNZMYNHOWKBD2CWZEWTYQ,Random,0.0,0.0
AEYMNDGZNZMYNHOWKBD2CWZEWTYQ,Popularity,0.0,0.0
AEYMNDGZNZMYNHOWKBD2CWZEWTYQ,CF (ItemKNN),0.0,0.0
AEYMNDGZNZMYNHOWKBD2CWZEWTYQ,Content (Avg Emb),0.0,0.0
AEYMNDGZNZMYNHOWKBD2CWZEWTYQ,Last-Item,0.0,0.0
AEYMNDGZNZMYNHOWKBD2CWZEWTYQ,Avg-Last-10,0.08333333333333333,1.0
AEYMNDGZNZMYNHOWKBD2CWZEWTYQ,Recency-Weighted,0.08333333333333333,1.0
AEYMNDGZNZMYNHOWKBD2CWZEWTYQ,Essence (K=10),0.0,0.0
AEYNC3VDPD3PUXC6LMH7X3W54XZA,Random,0.0,
AEYNC3VDPD3PUXC6LMH7X3W54XZA,Popularity,0.0,
AEYNC3VDPD3PUXC6LMH7X3W54XZA,CF (ItemKNN),0.0,
AEYNC3VDPD3PUXC6LMH7X3W54XZA,Content (Avg Emb),0.0,
AEYNC3VDPD3PUXC6LMH7X3W54XZA,Last-Item,0.0,
AEYNC3VDPD3PUXC6LMH7X3W54XZA,Avg-Last-10,0.0,
AEYNC3VDPD3PUXC6LMH7X3W54XZA,Recency-Weighted,0.0,
AEYNC3VDPD3PUXC6LMH7X3W54XZA,Essence (K=10),0.0,
AEYPLVR6W4O5P74DOSWM2WQTK7CQ,Random,0.0,
AEYPLVR6W4O5P74DOSWM2WQTK7CQ,Popularity,0.0,
AEYPLVR6W4O5P74DOSWM2WQTK7CQ,CF (ItemKNN),0.0,
AEYPLVR6W4O5P74DOSWM2WQTK7CQ,Content (Avg Emb),0.0,
AEYPLVR6W4O5P74DOSWM2WQTK7CQ,Last-Item,0.0,
AEYPLVR6W4O5P74DOSWM2WQTK7CQ,Avg-Last-10,0.0,
AEYPLVR6W4O5P74DOSWM2WQTK7CQ,Recency-Weighted,0.0,
AEYPLVR6W4O5P74DOSWM2WQTK7CQ,Essence (K=10),0.0,
AEYPZTU5TBYSSOCHLOYVSFZLRSDQ,Random,0.0,0.0
AEYPZTU5TBYSSOCHLOYVSFZLRSDQ,Popularity,0.0,0.0
AEYPZTU5TBYSSOCHLOYVSFZLRSDQ,CF (ItemKNN),0.0,0.0
AEYPZTU5TBYSSOCHLOYVSFZLRSDQ,Content (Avg Emb),0.0,0.0
AEYPZTU5TBYSSOCHLOYVSFZLRSDQ,Last-Item,0.1111111111111111,0.0
AEYPZTU5TBYSSOCHLOYVSFZLRSDQ,Avg-Last-10,0.0,0.0
AEYPZTU5TBYSSOCHLOYVSFZLRSDQ,Recency-Weighted,0.0,0.0
AEYPZTU5TBYSSOCHLOYVSFZLRSDQ,Essence (K=10),0.0,0.0
AEYSXWQPKVKJA5HKCA5YG42RTWKA,Random,0.0,0.0
AEYSXWQPKVKJA5HKCA5YG42RTWKA,Popularity,0.0,0.0
AEYSXWQPKVKJA5HKCA5YG42RTWKA,CF (ItemKNN),0.0,0.0
AEYSXWQPKVKJA5HKCA5YG42RTWKA,Content (Avg Emb),0.0,0.0
AEYSXWQPKVKJA5HKCA5YG42RTWKA,Last-Item,0.0,0.0
AEYSXWQPKVKJA5HKCA5YG42RTWKA,Avg-Last-10,0.0,0.0
AEYSXWQPKVKJA5HKCA5YG42RTWKA,Recency-Weighted,0.0,0.0
AEYSXWQPKVKJA5HKCA5YG42RTWKA,Essence (K=10),0.0,0.0
AEYZ6FU3WUCCVNUECDER3FZO5WDA,Random,0.0,0.0
AEYZ6FU3WUCCVNUECDER3FZO5WDA,Popularity,0.0,0.0
AEYZ6FU3WUCCVNUECDER3FZO5WDA,CF (ItemKNN),0.0,0.0
AEYZ6FU3WUCCVNUECDER3FZO5WDA,Content (Avg Emb),0.0,0.0
AEYZ6FU3WUCCVNUECDER3FZO5WDA,Last-Item,0.0,0.0
AEYZ6FU3WUCCVNUECDER3FZO5WDA,Avg-Last-10,0.0,0.0
AEYZ6FU3WUCCVNUECDER3FZO5WDA,Recency-Weighted,0.0,0.0
AEYZ6FU3WUCCVNUECDER3FZO5WDA,Essence (K=10),0.0,0.0
AEZ2J3KJXC53KIQH2ZPS4UCNUU6Q,Random,0.0,0.0
AEZ2J3KJXC53KIQH2ZPS4UCNUU6Q,Popularity,0.0,0.0
AEZ2J3KJXC53KIQH2ZPS4UCNUU6Q,CF (ItemKNN),0.0,0.0
AEZ2J3KJXC53KIQH2ZPS4UCNUU6Q,Content (Avg Emb),0.0,0.0
AEZ2J3KJXC53KIQH2ZPS4UCNUU6Q,Last-Item,0.0,0.0
AEZ2J3KJXC53KIQH2ZPS4UCNUU6Q,Avg-Last-10,0.0,0.0
AEZ2J3KJXC53KIQH2ZPS4UCNUU6Q,Recency-Weighted,0.0,0.0
AEZ2J3KJXC53KIQH2ZPS4UCNUU6Q,Essence (K=10),0.0,0.0
AEZ2J3NC5556NFZVGS7QFFX74CDA,Random,0.0,0.0
AEZ2J3NC5556NFZVGS7QFFX74CDA,Popularity,0.0,0.0
AEZ2J3NC5556NFZVGS7QFFX74CDA,CF (ItemKNN),0.0,0.0
AEZ2J3NC5556NFZVGS7QFFX74CDA,Content (Avg Emb),0.0,0.0
AEZ2J3NC5556NFZVGS7QFFX74CDA,Last-Item,0.14285714285714285,0.0
AEZ2J3NC5556NFZVGS7QFFX74CDA,Avg-Last-10,0.0,0.0
AEZ2J3NC5556NFZVGS7QFFX74CDA,Recency-Weighted,0.0,0.0
AEZ2J3NC5556NFZVGS7QFFX74CDA,Essence (K=10),0.0,0.0
AEZ2LLS3S7PLTNA2WFRXZUGVNW2Q,Random,0.0,
AEZ2LLS3S7PLTNA2WFRXZUGVNW2Q,Popularity,0.0,
AEZ2LLS3S7PLTNA2WFRXZUGVNW2Q,CF (ItemKNN),0.0,
AEZ2LLS3S7PLTNA2WFRXZUGVNW2Q,Content (Avg Emb),0.0,
AEZ2LLS3S7PLTNA2WFRXZUGVNW2Q,Last-Item,0.0,
AEZ2LLS3S7PLTNA2WFRXZUGVNW2Q,Avg-Last-10,0.0,
AEZ2LLS3S7PLTNA2WFRXZUGVNW2Q,Recency-Weighted,0.0,
AEZ2LLS3S7PLTNA2WFRXZUGVNW2Q,Essence (K=10),0.0,
AEZ3NCEJJWEHN2L62PWLNRRGJAVA,Random,0.0,0.0
AEZ3NCEJJWEHN2L62PWLNRRGJAVA,Popularity,0.0,0.0
AEZ3NCEJJWEHN2L62PWLNRRGJAVA,CF (ItemKNN),0.2857142857142857,1.0
AEZ3NCEJJWEHN2L62PWLNRRGJAVA,Content (Avg Emb),0.0,0.0
AEZ3NCEJJWEHN2L62PWLNRRGJAVA,Last-Item,0.14285714285714285,0.0
AEZ3NCEJJWEHN2L62PWLNRRGJAVA,Avg-Last-10,0.0,0.0
AEZ3NCEJJWEHN2L62PWLNRRGJAVA,Recency-Weighted,0.0,0.0
AEZ3NCEJJWEHN2L62PWLNRRGJAVA,Essence (K=10),0.0,0.0
AEZBIJWR6SWCFU5K45Q5IHNUPGHA,Random,0.0,
AEZBIJWR6SWCFU5K45Q5IHNUPGHA,Popularity,0.0,
AEZBIJWR6SWCFU5K45Q5IHNUPGHA,CF (ItemKNN),0.0,
AEZBIJWR6SWCFU5K45Q5IHNUPGHA,Content (Avg Emb),0.0,
AEZBIJWR6SWCFU5K45Q5IHNUPGHA,Last-Item,0.0,
AEZBIJWR6SWCFU5K45Q5IHNUPGHA,Avg-Last-10,0.0,
AEZBIJWR6SWCFU5K45Q5IHNUPGHA,Recency-Weighted,0.0,
AEZBIJWR6SWCFU5K45Q5IHNUPGHA,Essence (K=10),0.0,
AEZO6BGVWKGMZQL3KINDFB2AQFPQ,Random,0.0,
AEZO6BGVWKGMZQL3KINDFB2AQFPQ,Popularity,0.0,
AEZO6BGVWKGMZQL3KINDFB2AQFPQ,CF (ItemKNN),0.0,
AEZO6BGVWKGMZQL3KINDFB2AQFPQ,Content (Avg Emb),0.0,
AEZO6BGVWKGMZQL3KINDFB2AQFPQ,Last-Item,0.0,
AEZO6BGVWKGMZQL3KINDFB2AQFPQ,Avg-Last-10,0.0,
AEZO6BGVWKGMZQL3KINDFB2AQFPQ,Recency-Weighted,0.0,
AEZO6BGVWKGMZQL3KINDFB2AQFPQ,Essence (K=10),0.0,
AEZQ2FFHA5RQHBHIMB52IE6BYS6A,Random,0.0,0.0
AEZQ2FFHA5RQHBHIMB52IE6BYS6A,Popularity,0.0,0.0
AEZQ2FFHA5RQHBHIMB52IE6BYS6A,CF (ItemKNN),0.0,0.0
AEZQ2FFHA5RQHBHIMB52IE6BYS6A,Content (Avg Emb),0.0,0.0
AEZQ2FFHA5RQHBHIMB52IE6BYS6A,Last-Item,0.0,0.0
AEZQ2FFHA5RQHBHIMB52IE6BYS6A,Avg-Last-10,0.0,0.0
AEZQ2FFHA5RQHBHIMB52IE6BYS6A,Recency-Weighted,0.0,0.0
AEZQ2FFHA5RQHBHIMB52IE6BYS6A,Essence (K=10),0.0,0.0
AEZSE443RFV5BYQHM7EXVYVFCQ4A,Random,0.0,0.0
AEZSE443RFV5BYQHM7EXVYVFCQ4A,Popularity,0.0,0.0
AEZSE443RFV5BYQHM7EXVYVFCQ4A,CF (ItemKNN),0.0,0.0
AEZSE443RFV5BYQHM7EXVYVFCQ4A,Content (Avg Emb),0.0,0.0
AEZSE443RFV5BYQHM7EXVYVFCQ4A,Last-Item,0.0,0.0
AEZSE443RFV5BYQHM7EXVYVFCQ4A,Avg-Last-10,0.0,0.0
AEZSE443RFV5BYQHM7EXVYVFCQ4A,Recency-Weighted,0.0,0.0
AEZSE443RFV5BYQHM7EXVYVFCQ4A,Essence (K=10),0.0,0.0
AEZUDIPCAXOQXAYFPNMYDARJAO3A,Random,0.0,0.0
AEZUDIPCAXOQXAYFPNMYDARJAO3A,Popularity,0.0,0.0
AEZUDIPCAXOQXAYFPNMYDARJAO3A,CF (ItemKNN),0.0,0.0
AEZUDIPCAXOQXAYFPNMYDARJAO3A,Content (Avg Emb),0.0,0.0
AEZUDIPCAXOQXAYFPNMYDARJAO3A,Last-Item,0.0,0.0
AEZUDIPCAXOQXAYFPNMYDARJAO3A,Avg-Last-10,0.0,0.0
AEZUDIPCAXOQXAYFPNMYDARJAO3A,Recency-Weighted,0.0,0.0
AEZUDIPCAXOQXAYFPNMYDARJAO3A,Essence (K=10),0.0,0.0
AEZUL3R34WWAORYARPTJG2X6KC5Q_1,Random,0.0,
AEZUL3R34WWAORYARPTJG2X6KC5Q_1,Popularity,0.0,
AEZUL3R34WWAORYARPTJG2X6KC5Q_1,CF (ItemKNN),0.0,
AEZUL3R34WWAORYARPTJG2X6KC5Q_1,Content (Avg Emb),0.0,
AEZUL3R34WWAORYARPTJG2X6KC5Q_1,Last-Item,0.0,
AEZUL3R34WWAORYARPTJG2X6KC5Q_1,Avg-Last-10,0.0,
AEZUL3R34WWAORYARPTJG2X6KC5Q_1,Recency-Weighted,0.0,
AEZUL3R34WWAORYARPTJG2X6KC5Q_1,Essence (K=10),0.0,
AEZUQBBASYZB3IH7NIRWABP2PCUQ,Random,0.0,
AEZUQBBASYZB3IH7NIRWABP2PCUQ,Popularity,0.0,
AEZUQBBASYZB3IH7NIRWABP2PCUQ,CF (ItemKNN),0.0,
AEZUQBBASYZB3IH7NIRWABP2PCUQ,Content (Avg Emb),0.0,
AEZUQBBASYZB3IH7NIRWABP2PCUQ,Last-Item,0.0,
AEZUQBBASYZB3IH7NIRWABP2PCUQ,Avg-Last-10,0.0,
AEZUQBBASYZB3IH7NIRWABP2PCUQ,Recency-Weighted,0.0,
AEZUQBBASYZB3IH7NIRWABP2PCUQ,Essence (K=10),0.0,
AEZURUKJTPPA5ORYO6OAAGQAOTJQ,Random,0.0,0.0
AEZURUKJTPPA5ORYO6OAAGQAOTJQ,Popularity,0.0,0.0
AEZURUKJTPPA5ORYO6OAAGQAOTJQ,CF (ItemKNN),0.0,0.0
AEZURUKJTPPA5ORYO6OAAGQAOTJQ,Content (Avg Emb),0.0,0.0
AEZURUKJTPPA5ORYO6OAAGQAOTJQ,Last-Item,0.0,0.0
AEZURUKJTPPA5ORYO6OAAGQAOTJQ,Avg-Last-10,0.0,0.0
AEZURUKJTPPA5ORYO6OAAGQAOTJQ,Recency-Weighted,0.0,0.0
AEZURUKJTPPA5ORYO6OAAGQAOTJQ,Essence (K=10),0.0,0.0
AEZY4U5NH3DLMEWI3F4CUBNFVY4A,Random,0.0,0.0
AEZY4U5NH3DLMEWI3F4CUBNFVY4A,Popularity,0.0,0.0
AEZY4U5NH3DLMEWI3F4CUBNFVY4A,CF (ItemKNN),0.0,0.0
AEZY4U5NH3DLMEWI3F4CUBNFVY4A,Content (Avg Emb),0.0,0.0
AEZY4U5NH3DLMEWI3F4CUBNFVY4A,Last-Item,0.0,0.0
AEZY4U5NH3DLMEWI3F4CUBNFVY4A,Avg-Last-10,0.0,0.0
AEZY4U5NH3DLMEWI3F4CUBNFVY4A,Recency-Weighted,0.0,0.0
AEZY4U5NH3DLMEWI3F4CUBNFVY4A,Essence (K=10),0.0,0.0
AEZYMXXTWTD7LYRJJKTP3V53O2GQ,Random,0.0,
AEZYMXXTWTD7LYRJJKTP3V53O2GQ,Popularity,0.0,
AEZYMXXTWTD7LYRJJKTP3V53O2GQ,CF (ItemKNN),0.0,
AEZYMXXTWTD7LYRJJKTP3V53O2GQ,Content (Avg Emb),0.0,
AEZYMXXTWTD7LYRJJKTP3V53O2GQ,Last-Item,0.0,
AEZYMXXTWTD7LYRJJKTP3V53O2GQ,Avg-Last-10,0.0,
AEZYMXXTWTD7LYRJJKTP3V53O2GQ,Recency-Weighted,0.0,
AEZYMXXTWTD7LYRJJKTP3V53O2GQ,Essence (K=10),0.0,
AEZYUCFLZ5EL3LVKFMFXD2DITILQ,Random,0.0,
AEZYUCFLZ5EL3LVKFMFXD2DITILQ,Popularity,0.0,
AEZYUCFLZ5EL3LVKFMFXD2DITILQ,CF (ItemKNN),0.0,
AEZYUCFLZ5EL3LVKFMFXD2DITILQ,Content (Avg Emb),0.0,
AEZYUCFLZ5EL3LVKFMFXD2DITILQ,Last-Item,0.0,
AEZYUCFLZ5EL3LVKFMFXD2DITILQ,Avg-Last-10,0.0,
AEZYUCFLZ5EL3LVKFMFXD2DITILQ,Recency-Weighted,0.0,
AEZYUCFLZ5EL3LVKFMFXD2DITILQ,Essence (K=10),0.0,
AF244LWD74LVA2HC5POCWY7JNRYA,Random,0.0,0.0
AF244LWD74LVA2HC5POCWY7JNRYA,Popularity,0.0,0.0
AF244LWD74LVA2HC5POCWY7JNRYA,CF (ItemKNN),0.0,0.0
AF244LWD74LVA2HC5POCWY7JNRYA,Content (Avg Emb),0.0,0.0
AF244LWD74LVA2HC5POCWY7JNRYA,Last-Item,0.0,0.0
AF244LWD74LVA2HC5POCWY7JNRYA,Avg-Last-10,0.0,0.0
AF244LWD74LVA2HC5POCWY7JNRYA,Recency-Weighted,0.0,0.0
AF244LWD74LVA2HC5POCWY7JNRYA,Essence (K=10),0.0,0.0
AF276HVTUNR7QTKLS75P5FVDOS7A,Random,0.0,0.0
AF276HVTUNR7QTKLS75P5FVDOS7A,Popularity,0.0,0.0
AF276HVTUNR7QTKLS75P5FVDOS7A,CF (ItemKNN),0.0,0.0
AF276HVTUNR7QTKLS75P5FVDOS7A,Content (Avg Emb),0.0,0.0
AF276HVTUNR7QTKLS75P5FVDOS7A,Last-Item,0.0,0.0
AF276HVTUNR7QTKLS75P5FVDOS7A,Avg-Last-10,0.0,0.0
AF276HVTUNR7QTKLS75P5FVDOS7A,Recency-Weighted,0.0,0.0
AF276HVTUNR7QTKLS75P5FVDOS7A,Essence (K=10),0.0,0.0
AF2CI7BGZM7V7V3IRI2ZS3KWZLUA,Random,0.0,0.0
AF2CI7BGZM7V7V3IRI2ZS3KWZLUA,Popularity,0.0,0.0
AF2CI7BGZM7V7V3IRI2ZS3KWZLUA,CF (ItemKNN),0.0,0.0
AF2CI7BGZM7V7V3IRI2ZS3KWZLUA,Content (Avg Emb),0.0,0.0
AF2CI7BGZM7V7V3IRI2ZS3KWZLUA,Last-Item,0.0,0.0
AF2CI7BGZM7V7V3IRI2ZS3KWZLUA,Avg-Last-10,0.0,0.0
AF2CI7BGZM7V7V3IRI2ZS3KWZLUA,Recency-Weighted,0.0,0.0
AF2CI7BGZM7V7V3IRI2ZS3KWZLUA,Essence (K=10),0.0,0.0
AF2FAKZLY6EIG74MO5TEICQBGYRQ,Random,0.0,0.0
AF2FAKZLY6EIG74MO5TEICQBGYRQ,Popularity,0.0,0.0
AF2FAKZLY6EIG74MO5TEICQBGYRQ,CF (ItemKNN),0.0,0.0
AF2FAKZLY6EIG74MO5TEICQBGYRQ,Content (Avg Emb),0.0,0.0
AF2FAKZLY6EIG74MO5TEICQBGYRQ,Last-Item,0.0,0.0
AF2FAKZLY6EIG74MO5TEICQBGYRQ,Avg-Last-10,0.0,0.0
AF2FAKZLY6EIG74MO5TEICQBGYRQ,Recency-Weighted,0.0,0.0
AF2FAKZLY6EIG74MO5TEICQBGYRQ,Essence (K=10),0.0,0.0
AF2FJ5GX35627WV7422IQOXOMRJQ,Random,0.0,
AF2FJ5GX35627WV7422IQOXOMRJQ,Popularity,0.0,
AF2FJ5GX35627WV7422IQOXOMRJQ,CF (ItemKNN),0.0,
AF2FJ5GX35627WV7422IQOXOMRJQ,Content (Avg Emb),0.2,
AF2FJ5GX35627WV7422IQOXOMRJQ,Last-Item,0.0,
AF2FJ5GX35627WV7422IQOXOMRJQ,Avg-Last-10,0.2,
AF2FJ5GX35627WV7422IQOXOMRJQ,Recency-Weighted,0.2,
AF2FJ5GX35627WV7422IQOXOMRJQ,Essence (K=10),0.2,
AF2IBR5R7IZV2RVSDICSNTYKDNQQ,Random,0.0,
AF2IBR5R7IZV2RVSDICSNTYKDNQQ,Popularity,0.0,
AF2IBR5R7IZV2RVSDICSNTYKDNQQ,CF (ItemKNN),0.0,
AF2IBR5R7IZV2RVSDICSNTYKDNQQ,Content (Avg Emb),0.0,
AF2IBR5R7IZV2RVSDICSNTYKDNQQ,Last-Item,0.0,
AF2IBR5R7IZV2RVSDICSNTYKDNQQ,Avg-Last-10,0.0,
AF2IBR5R7IZV2RVSDICSNTYKDNQQ,Recency-Weighted,0.0,
AF2IBR5R7IZV2RVSDICSNTYKDNQQ,Essence (K=10),0.0,
AF2J7UHVQ7FUUYUL43IUJFU4LCMQ,Random,0.0,0.0
AF2J7UHVQ7FUUYUL43IUJFU4LCMQ,Popularity,0.0,0.0
AF2J7UHVQ7FUUYUL43IUJFU4LCMQ,CF (ItemKNN),0.0,0.0
AF2J7UHVQ7FUUYUL43IUJFU4LCMQ,Content (Avg Emb),0.0,0.0
AF2J7UHVQ7FUUYUL43IUJFU4LCMQ,Last-Item,0.0,0.0
AF2J7UHVQ7FUUYUL43IUJFU4LCMQ,Avg-Last-10,0.0,0.0
AF2J7UHVQ7FUUYUL43IUJFU4LCMQ,Recency-Weighted,0.0,0.0
AF2J7UHVQ7FUUYUL43IUJFU4LCMQ,Essence (K=10),0.0,0.0
AF2KAYXBURCJJGUVK3KFHAD6JVJA,Random,0.0,0.0
AF2KAYXBURCJJGUVK3KFHAD6JVJA,Popularity,0.0,0.0
AF2KAYXBURCJJGUVK3KFHAD6JVJA,CF (ItemKNN),0.0,0.0
AF2KAYXBURCJJGUVK3KFHAD6JVJA,Content (Avg Emb),0.0,0.0
AF2KAYXBURCJJGUVK3KFHAD6JVJA,Last-Item,0.0,0.0
AF2KAYXBURCJJGUVK3KFHAD6JVJA,Avg-Last-10,0.0,0.0
AF2KAYXBURCJJGUVK3KFHAD6JVJA,Recency-Weighted,0.0,0.0
AF2KAYXBURCJJGUVK3KFHAD6JVJA,Essence (K=10),0.0,0.0
AF2OCGZKKNJNLLPWGQLT2R7ARR3A,Random,0.0,
AF2OCGZKKNJNLLPWGQLT2R7ARR3A,Popularity,0.0,
AF2OCGZKKNJNLLPWGQLT2R7ARR3A,CF (ItemKNN),0.0,
AF2OCGZKKNJNLLPWGQLT2R7ARR3A,Content (Avg Emb),0.0,
AF2OCGZKKNJNLLPWGQLT2R7ARR3A,Last-Item,0.0,
AF2OCGZKKNJNLLPWGQLT2R7ARR3A,Avg-Last-10,0.0,
AF2OCGZKKNJNLLPWGQLT2R7ARR3A,Recency-Weighted,0.0,
AF2OCGZKKNJNLLPWGQLT2R7ARR3A,Essence (K=10),0.0,
AF2R4MWKCOGO6PNTYBFU6EWTP5YQ,Random,0.0,
AF2R4MWKCOGO6PNTYBFU6EWTP5YQ,Popularity,0.0,
AF2R4MWKCOGO6PNTYBFU6EWTP5YQ,CF (ItemKNN),0.0,
AF2R4MWKCOGO6PNTYBFU6EWTP5YQ,Content (Avg Emb),0.0,
AF2R4MWKCOGO6PNTYBFU6EWTP5YQ,Last-Item,0.0,
AF2R4MWKCOGO6PNTYBFU6EWTP5YQ,Avg-Last-10,0.0,
AF2R4MWKCOGO6PNTYBFU6EWTP5YQ,Recency-Weighted,0.0,
AF2R4MWKCOGO6PNTYBFU6EWTP5YQ,Essence (K=10),0.1,
AF2YXHJATH2O2NSSV6QGMMB67VCQ,Random,0.0,0.0
AF2YXHJATH2O2NSSV6QGMMB67VCQ,Popularity,0.0,0.0
AF2YXHJATH2O2NSSV6QGMMB67VCQ,CF (ItemKNN),0.0,0.0
AF2YXHJATH2O2NSSV6QGMMB67VCQ,Content (Avg Emb),0.0,0.0
AF2YXHJATH2O2NSSV6QGMMB67VCQ,Last-Item,0.0,0.0
AF2YXHJATH2O2NSSV6QGMMB67VCQ,Avg-Last-10,0.0,0.0
AF2YXHJATH2O2NSSV6QGMMB67VCQ,Recency-Weighted,0.0,0.0
AF2YXHJATH2O2NSSV6QGMMB67VCQ,Essence (K=10),0.0,0.0
AF33D7M5RL6QGKCXGZCAI6PHPTGQ,Random,0.0,0.0
AF33D7M5RL6QGKCXGZCAI6PHPTGQ,Popularity,0.0,0.0
AF33D7M5RL6QGKCXGZCAI6PHPTGQ,CF (ItemKNN),0.0,0.0
AF33D7M5RL6QGKCXGZCAI6PHPTGQ,Content (Avg Emb),0.0,0.0
AF33D7M5RL6QGKCXGZCAI6PHPTGQ,Last-Item,0.0,0.0
AF33D7M5RL6QGKCXGZCAI6PHPTGQ,Avg-Last-10,0.0,0.0
AF33D7M5RL6QGKCXGZCAI6PHPTGQ,Recency-Weighted,0.0,0.0
AF33D7M5RL6QGKCXGZCAI6PHPTGQ,Essence (K=10),0.0,0.0
AF33P65Y44Y327OCPVYMIBDNQI7A,Random,0.0,0.0
AF33P65Y44Y327OCPVYMIBDNQI7A,Popularity,0.0,0.0
AF33P65Y44Y327OCPVYMIBDNQI7A,CF (ItemKNN),0.0,0.0
AF33P65Y44Y327OCPVYMIBDNQI7A,Content (Avg Emb),0.0,0.0
AF33P65Y44Y327OCPVYMIBDNQI7A,Last-Item,0.0,0.0
AF33P65Y44Y327OCPVYMIBDNQI7A,Avg-Last-10,0.0,0.0
AF33P65Y44Y327OCPVYMIBDNQI7A,Recency-Weighted,0.0,0.0
AF33P65Y44Y327OCPVYMIBDNQI7A,Essence (K=10),0.0,0.0
AF34QEMBIZJBJGKSROSKZNEQYB7Q,Random,0.0,0.0
AF34QEMBIZJBJGKSROSKZNEQYB7Q,Popularity,0.0,0.0
AF34QEMBIZJBJGKSROSKZNEQYB7Q,CF (ItemKNN),0.0,0.0
AF34QEMBIZJBJGKSROSKZNEQYB7Q,Content (Avg Emb),0.25,0.0
AF34QEMBIZJBJGKSROSKZNEQYB7Q,Last-Item,0.25,0.0
AF34QEMBIZJBJGKSROSKZNEQYB7Q,Avg-Last-10,0.25,0.0
AF34QEMBIZJBJGKSROSKZNEQYB7Q,Recency-Weighted,0.25,0.0
AF34QEMBIZJBJGKSROSKZNEQYB7Q,Essence (K=10),0.25,0.0
AF34QLFSSXOF7IAPTECHAINFK4PA,Random,0.0,0.0
AF34QLFSSXOF7IAPTECHAINFK4PA,Popularity,0.0,0.0
AF34QLFSSXOF7IAPTECHAINFK4PA,CF (ItemKNN),0.0,0.0
AF34QLFSSXOF7IAPTECHAINFK4PA,Content (Avg Emb),0.0,0.0
AF34QLFSSXOF7IAPTECHAINFK4PA,Last-Item,0.0,0.0
AF34QLFSSXOF7IAPTECHAINFK4PA,Avg-Last-10,0.0,0.0
AF34QLFSSXOF7IAPTECHAINFK4PA,Recency-Weighted,0.0,0.0
AF34QLFSSXOF7IAPTECHAINFK4PA,Essence (K=10),0.0,0.0
AF35D5SEBJ32JSH5VUCNSSE7CLGQ,Random,0.0,
AF35D5SEBJ32JSH5VUCNSSE7CLGQ,Popularity,0.0,
AF35D5SEBJ32JSH5VUCNSSE7CLGQ,CF (ItemKNN),0.0,
AF35D5SEBJ32JSH5VUCNSSE7CLGQ,Content (Avg Emb),0.0,
AF35D5SEBJ32JSH5VUCNSSE7CLGQ,Last-Item,0.0,
AF35D5SEBJ32JSH5VUCNSSE7CLGQ,Avg-Last-10,0.0,
AF35D5SEBJ32JSH5VUCNSSE7CLGQ,Recency-Weighted,0.0,
AF35D5SEBJ32JSH5VUCNSSE7CLGQ,Essence (K=10),0.0,
AF35PT2FPACDDV3PH2QW6PAE63ZQ,Random,0.0,0.0
AF35PT2FPACDDV3PH2QW6PAE63ZQ,Popularity,0.0,0.0
AF35PT2FPACDDV3PH2QW6PAE63ZQ,CF (ItemKNN),0.0,0.0
AF35PT2FPACDDV3PH2QW6PAE63ZQ,Content (Avg Emb),0.0,0.0
AF35PT2FPACDDV3PH2QW6PAE63ZQ,Last-Item,0.0,0.0
AF35PT2FPACDDV3PH2QW6PAE63ZQ,Avg-Last-10,0.0,0.0
AF35PT2FPACDDV3PH2QW6PAE63ZQ,Recency-Weighted,0.0,0.0
AF35PT2FPACDDV3PH2QW6PAE63ZQ,Essence (K=10),0.0,0.0
AF37V2JJAHLXRQ6YWZB5OZE23KSA,Random,0.0,
AF37V2JJAHLXRQ6YWZB5OZE23KSA,Popularity,0.0,
AF37V2JJAHLXRQ6YWZB5OZE23KSA,CF (ItemKNN),0.0,
AF37V2JJAHLXRQ6YWZB5OZE23KSA,Content (Avg Emb),0.0,
AF37V2JJAHLXRQ6YWZB5OZE23KSA,Last-Item,0.0,
AF37V2JJAHLXRQ6YWZB5OZE23KSA,Avg-Last-10,0.0,
AF37V2JJAHLXRQ6YWZB5OZE23KSA,Recency-Weighted,0.0,
AF37V2JJAHLXRQ6YWZB5OZE23KSA,Essence (K=10),0.0,
AF3AUVMIAA4NHP5LBTUNDUCNNC2A,Random,0.0,
AF3AUVMIAA4NHP5LBTUNDUCNNC2A,Popularity,0.0,
AF3AUVMIAA4NHP5LBTUNDUCNNC2A,CF (ItemKNN),0.0,
AF3AUVMIAA4NHP5LBTUNDUCNNC2A,Content (Avg Emb),0.0,
AF3AUVMIAA4NHP5LBTUNDUCNNC2A,Last-Item,0.0,
AF3AUVMIAA4NHP5LBTUNDUCNNC2A,Avg-Last-10,0.0,
AF3AUVMIAA4NHP5LBTUNDUCNNC2A,Recency-Weighted,0.0,
AF3AUVMIAA4NHP5LBTUNDUCNNC2A,Essence (K=10),0.0,
AF3AYR6XZLATKXKT3E33GKXGFO6Q,Random,0.0,
AF3AYR6XZLATKXKT3E33GKXGFO6Q,Popularity,0.0,
AF3AYR6XZLATKXKT3E33GKXGFO6Q,CF (ItemKNN),0.0,
AF3AYR6XZLATKXKT3E33GKXGFO6Q,Content (Avg Emb),0.0,
AF3AYR6XZLATKXKT3E33GKXGFO6Q,Last-Item,0.25,
AF3AYR6XZLATKXKT3E33GKXGFO6Q,Avg-Last-10,0.0,
AF3AYR6XZLATKXKT3E33GKXGFO6Q,Recency-Weighted,0.0,
AF3AYR6XZLATKXKT3E33GKXGFO6Q,Essence (K=10),0.0,
AF3LAJV7EBEYO7WHBN77DRZRIJJQ,Random,0.0,
AF3LAJV7EBEYO7WHBN77DRZRIJJQ,Popularity,0.0,
AF3LAJV7EBEYO7WHBN77DRZRIJJQ,CF (ItemKNN),0.0,
AF3LAJV7EBEYO7WHBN77DRZRIJJQ,Content (Avg Emb),0.0,
AF3LAJV7EBEYO7WHBN77DRZRIJJQ,Last-Item,0.0,
AF3LAJV7EBEYO7WHBN77DRZRIJJQ,Avg-Last-10,0.0,
AF3LAJV7EBEYO7WHBN77DRZRIJJQ,Recency-Weighted,0.0,
AF3LAJV7EBEYO7WHBN77DRZRIJJQ,Essence (K=10),0.0,
AF3LLLUUZH67U3BQEV3ZAUSPEKXQ,Random,0.0,0.0
AF3LLLUUZH67U3BQEV3ZAUSPEKXQ,Popularity,0.0,0.0
AF3LLLUUZH67U3BQEV3ZAUSPEKXQ,CF (ItemKNN),0.0,0.0
AF3LLLUUZH67U3BQEV3ZAUSPEKXQ,Content (Avg Emb),0.0,0.0
AF3LLLUUZH67U3BQEV3ZAUSPEKXQ,Last-Item,0.14285714285714285,0.0
AF3LLLUUZH67U3BQEV3ZAUSPEKXQ,Avg-Last-10,0.0,0.0
AF3LLLUUZH67U3BQEV3ZAUSPEKXQ,Recency-Weighted,0.0,0.0
AF3LLLUUZH67U3BQEV3ZAUSPEKXQ,Essence (K=10),0.0,0.0
AF3NM4U5BTLCWG67VCX6R6TTD7KQ,Random,0.0,0.0
AF3NM4U5BTLCWG67VCX6R6TTD7KQ,Popularity,0.0,0.0
AF3NM4U5BTLCWG67VCX6R6TTD7KQ,CF (ItemKNN),0.0,0.0
AF3NM4U5BTLCWG67VCX6R6TTD7KQ,Content (Avg Emb),0.0,0.0
AF3NM4U5BTLCWG67VCX6R6TTD7KQ,Last-Item,0.0,0.0
AF3NM4U5BTLCWG67VCX6R6TTD7KQ,Avg-Last-10,0.0,0.0
AF3NM4U5BTLCWG67VCX6R6TTD7KQ,Recency-Weighted,0.0,0.0
AF3NM4U5BTLCWG67VCX6R6TTD7KQ,Essence (K=10),0.0,0.0
AF3OSDTGRNDIRMN7MBY6WH3XOVTQ,Random,0.0,
AF3OSDTGRNDIRMN7MBY6WH3XOVTQ,Popularity,0.0,
AF3OSDTGRNDIRMN7MBY6WH3XOVTQ,CF (ItemKNN),0.0,
AF3OSDTGRNDIRMN7MBY6WH3XOVTQ,Content (Avg Emb),0.0,
AF3OSDTGRNDIRMN7MBY6WH3XOVTQ,Last-Item,0.0,
AF3OSDTGRNDIRMN7MBY6WH3XOVTQ,Avg-Last-10,0.0,
AF3OSDTGRNDIRMN7MBY6WH3XOVTQ,Recency-Weighted,0.0,
AF3OSDTGRNDIRMN7MBY6WH3XOVTQ,Essence (K=10),0.0,
AF3PAIZBHLCQ2YHGHMGQS6VUWNKA,Random,0.0,0.0
AF3PAIZBHLCQ2YHGHMGQS6VUWNKA,Popularity,0.0,0.0
AF3PAIZBHLCQ2YHGHMGQS6VUWNKA,CF (ItemKNN),0.0,0.0
AF3PAIZBHLCQ2YHGHMGQS6VUWNKA,Content (Avg Emb),0.0,0.0
AF3PAIZBHLCQ2YHGHMGQS6VUWNKA,Last-Item,0.0,0.0
AF3PAIZBHLCQ2YHGHMGQS6VUWNKA,Avg-Last-10,0.0,0.0
AF3PAIZBHLCQ2YHGHMGQS6VUWNKA,Recency-Weighted,0.0,0.0
AF3PAIZBHLCQ2YHGHMGQS6VUWNKA,Essence (K=10),0.0,0.0
AF3QXXTYZMM5GSAQHGYB2PBS4ZUQ,Random,0.0,
AF3QXXTYZMM5GSAQHGYB2PBS4ZUQ,Popularity,0.0,
AF3QXXTYZMM5GSAQHGYB2PBS4ZUQ,CF (ItemKNN),0.0,
AF3QXXTYZMM5GSAQHGYB2PBS4ZUQ,Content (Avg Emb),0.0,
AF3QXXTYZMM5GSAQHGYB2PBS4ZUQ,Last-Item,0.0,
AF3QXXTYZMM5GSAQHGYB2PBS4ZUQ,Avg-Last-10,0.0,
AF3QXXTYZMM5GSAQHGYB2PBS4ZUQ,Recency-Weighted,0.0,
AF3QXXTYZMM5GSAQHGYB2PBS4ZUQ,Essence (K=10),0.0,
AF3TFR5EQXOCBYMW2LP5X4N6UE2A,Random,0.0,0.0
AF3TFR5EQXOCBYMW2LP5X4N6UE2A,Popularity,0.0,0.0
AF3TFR5EQXOCBYMW2LP5X4N6UE2A,CF (ItemKNN),0.0,0.0
AF3TFR5EQXOCBYMW2LP5X4N6UE2A,Content (Avg Emb),0.0,0.0
AF3TFR5EQXOCBYMW2LP5X4N6UE2A,Last-Item,0.0,0.0
AF3TFR5EQXOCBYMW2LP5X4N6UE2A,Avg-Last-10,0.0,0.0
AF3TFR5EQXOCBYMW2LP5X4N6UE2A,Recency-Weighted,0.0,0.0
AF3TFR5EQXOCBYMW2LP5X4N6UE2A,Essence (K=10),0.0,0.0
AF3U5FTSZ4LYBRBPHNV4533XWKJQ,Random,0.0,
AF3U5FTSZ4LYBRBPHNV4533XWKJQ,Popularity,0.0,
AF3U5FTSZ4LYBRBPHNV4533XWKJQ,CF (ItemKNN),0.0,
AF3U5FTSZ4LYBRBPHNV4533XWKJQ,Content (Avg Emb),0.0,
AF3U5FTSZ4LYBRBPHNV4533XWKJQ,Last-Item,0.0,
AF3U5FTSZ4LYBRBPHNV4533XWKJQ,Avg-Last-10,0.1,
AF3U5FTSZ4LYBRBPHNV4533XWKJQ,Recency-Weighted,0.0,
AF3U5FTSZ4LYBRBPHNV4533XWKJQ,Essence (K=10),0.1,
AF3UPNCUKOH6GODP46TXRFWMCHFA,Random,0.0,0.0
AF3UPNCUKOH6GODP46TXRFWMCHFA,Popularity,0.0,0.0
AF3UPNCUKOH6GODP46TXRFWMCHFA,CF (ItemKNN),0.0,0.0
AF3UPNCUKOH6GODP46TXRFWMCHFA,Content (Avg Emb),0.2,0.0
AF3UPNCUKOH6GODP46TXRFWMCHFA,Last-Item,0.0,0.0
AF3UPNCUKOH6GODP46TXRFWMCHFA,Avg-Last-10,0.2,0.0
AF3UPNCUKOH6GODP46TXRFWMCHFA,Recency-Weighted,0.2,0.0
AF3UPNCUKOH6GODP46TXRFWMCHFA,Essence (K=10),0.2,0.0
AF3W3DXXIEUSLMLTFN63ZRRIUWZA,Random,0.0,
AF3W3DXXIEUSLMLTFN63ZRRIUWZA,Popularity,0.0,
AF3W3DXXIEUSLMLTFN63ZRRIUWZA,CF (ItemKNN),0.0,
AF3W3DXXIEUSLMLTFN63ZRRIUWZA,Content (Avg Emb),0.0,
AF3W3DXXIEUSLMLTFN63ZRRIUWZA,Last-Item,0.25,
AF3W3DXXIEUSLMLTFN63ZRRIUWZA,Avg-Last-10,0.0,
AF3W3DXXIEUSLMLTFN63ZRRIUWZA,Recency-Weighted,0.0,
AF3W3DXXIEUSLMLTFN63ZRRIUWZA,Essence (K=10),0.0,
AF3WCFS6GT6JJFSFSIYZWPLXC74Q,Random,0.0,0.0
AF3WCFS6GT6JJFSFSIYZWPLXC74Q,Popularity,0.0,0.0
AF3WCFS6GT6JJFSFSIYZWPLXC74Q,CF (ItemKNN),0.0,0.0
AF3WCFS6GT6JJFSFSIYZWPLXC74Q,Content (Avg Emb),0.0,0.0
AF3WCFS6GT6JJFSFSIYZWPLXC74Q,Last-Item,0.0,0.0
AF3WCFS6GT6JJFSFSIYZWPLXC74Q,Avg-Last-10,0.0,0.0
AF3WCFS6GT6JJFSFSIYZWPLXC74Q,Recency-Weighted,0.0,0.0
AF3WCFS6GT6JJFSFSIYZWPLXC74Q,Essence (K=10),0.0,0.0
AF3WF7NWSSUQALVXCFQUGB4PCTEQ,Random,0.0,0.0
AF3WF7NWSSUQALVXCFQUGB4PCTEQ,Popularity,0.0,0.0
AF3WF7NWSSUQALVXCFQUGB4PCTEQ,CF (ItemKNN),0.0,0.0
AF3WF7NWSSUQALVXCFQUGB4PCTEQ,Content (Avg Emb),0.0,0.0
AF3WF7NWSSUQALVXCFQUGB4PCTEQ,Last-Item,0.0,0.0
AF3WF7NWSSUQALVXCFQUGB4PCTEQ,Avg-Last-10,0.0,0.0
AF3WF7NWSSUQALVXCFQUGB4PCTEQ,Recency-Weighted,0.0,0.0
AF3WF7NWSSUQALVXCFQUGB4PCTEQ,Essence (K=10),0.0,0.0
AF3WJF7SHMLNDOFXIJK6VA4BVIBA,Random,0.0,0.0
AF3WJF7SHMLNDOFXIJK6VA4BVIBA,Popularity,0.0,0.0
AF3WJF7SHMLNDOFXIJK6VA4BVIBA,CF (ItemKNN),0.0,0.0
AF3WJF7SHMLNDOFXIJK6VA4BVIBA,Content (Avg Emb),0.0,0.0
AF3WJF7SHMLNDOFXIJK6VA4BVIBA,Last-Item,0.0,0.0
AF3WJF7SHMLNDOFXIJK6VA4BVIBA,Avg-Last-10,0.0,0.0
AF3WJF7SHMLNDOFXIJK6VA4BVIBA,Recency-Weighted,0.0,0.0
AF3WJF7SHMLNDOFXIJK6VA4BVIBA,Essence (K=10),0.0,0.0
AF3X7V5RWXHDRXLKMPQTJC6P2IWQ,Random,0.0,0.0
AF3X7V5RWXHDRXLKMPQTJC6P2IWQ,Popularity,0.0,0.0
AF3X7V5RWXHDRXLKMPQTJC6P2IWQ,CF (ItemKNN),0.0,0.0
AF3X7V5RWXHDRXLKMPQTJC6P2IWQ,Content (Avg Emb),0.0,0.0
AF3X7V5RWXHDRXLKMPQTJC6P2IWQ,Last-Item,0.0,0.0
AF3X7V5RWXHDRXLKMPQTJC6P2IWQ,Avg-Last-10,0.0,0.0
AF3X7V5RWXHDRXLKMPQTJC6P2IWQ,Recency-Weighted,0.0,0.0
AF3X7V5RWXHDRXLKMPQTJC6P2IWQ,Essence (K=10),0.0,0.0
AF3XMSYYECF5UJYNIZVOAESHSUJA,Random,0.0,
AF3XMSYYECF5UJYNIZVOAESHSUJA,Popularity,0.0,
AF3XMSYYECF5UJYNIZVOAESHSUJA,CF (ItemKNN),0.0,
AF3XMSYYECF5UJYNIZVOAESHSUJA,Content (Avg Emb),0.0,
AF3XMSYYECF5UJYNIZVOAESHSUJA,Last-Item,0.0,
AF3XMSYYECF5UJYNIZVOAESHSUJA,Avg-Last-10,0.0,
AF3XMSYYECF5UJYNIZVOAESHSUJA,Recency-Weighted,0.0,
AF3XMSYYECF5UJYNIZVOAESHSUJA,Essence (K=10),0.0,
AF3ZODCPSIUT4UMLUPLVYSDKK7JQ,Random,0.0,
AF3ZODCPSIUT4UMLUPLVYSDKK7JQ,Popularity,0.0,
AF3ZODCPSIUT4UMLUPLVYSDKK7JQ,CF (ItemKNN),0.0,
AF3ZODCPSIUT4UMLUPLVYSDKK7JQ,Content (Avg Emb),0.0,
AF3ZODCPSIUT4UMLUPLVYSDKK7JQ,Last-Item,0.0,
AF3ZODCPSIUT4UMLUPLVYSDKK7JQ,Avg-Last-10,0.0,
AF3ZODCPSIUT4UMLUPLVYSDKK7JQ,Recency-Weighted,0.0,
AF3ZODCPSIUT4UMLUPLVYSDKK7JQ,Essence (K=10),0.0,
AF47ZDP2H25M2VAOFWEEVDVSK2DA,Random,0.0,
AF47ZDP2H25M2VAOFWEEVDVSK2DA,Popularity,0.0,
AF47ZDP2H25M2VAOFWEEVDVSK2DA,CF (ItemKNN),0.0,
AF47ZDP2H25M2VAOFWEEVDVSK2DA,Content (Avg Emb),0.0,
AF47ZDP2H25M2VAOFWEEVDVSK2DA,Last-Item,0.0,
AF47ZDP2H25M2VAOFWEEVDVSK2DA,Avg-Last-10,0.0,
AF47ZDP2H25M2VAOFWEEVDVSK2DA,Recency-Weighted,0.0,
AF47ZDP2H25M2VAOFWEEVDVSK2DA,Essence (K=10),0.0,
AF4BOSS4JA2PLYZTRJY56ARMNJAQ,Random,0.0,0.0
AF4BOSS4JA2PLYZTRJY56ARMNJAQ,Popularity,0.0,0.0
AF4BOSS4JA2PLYZTRJY56ARMNJAQ,CF (ItemKNN),0.0,0.0
AF4BOSS4JA2PLYZTRJY56ARMNJAQ,Content (Avg Emb),0.0,0.0
AF4BOSS4JA2PLYZTRJY56ARMNJAQ,Last-Item,0.0,0.0
AF4BOSS4JA2PLYZTRJY56ARMNJAQ,Avg-Last-10,0.0,0.0
AF4BOSS4JA2PLYZTRJY56ARMNJAQ,Recency-Weighted,0.0,0.0
AF4BOSS4JA2PLYZTRJY56ARMNJAQ,Essence (K=10),0.0,0.0
AF4C47DUOCYO4X5MBQA5SJ2DZLAA,Random,0.0,0.0
AF4C47DUOCYO4X5MBQA5SJ2DZLAA,Popularity,0.0,0.0
AF4C47DUOCYO4X5MBQA5SJ2DZLAA,CF (ItemKNN),0.11764705882352941,0.0
AF4C47DUOCYO4X5MBQA5SJ2DZLAA,Content (Avg Emb),0.0,0.0
AF4C47DUOCYO4X5MBQA5SJ2DZLAA,Last-Item,0.058823529411764705,0.0
AF4C47DUOCYO4X5MBQA5SJ2DZLAA,Avg-Last-10,0.0,0.0
AF4C47DUOCYO4X5MBQA5SJ2DZLAA,Recency-Weighted,0.0,0.0
AF4C47DUOCYO4X5MBQA5SJ2DZLAA,Essence (K=10),0.0,0.0
AF4DG3GSNUY2D2LWKGCTNXZEZOOA,Random,0.0,0.0
AF4DG3GSNUY2D2LWKGCTNXZEZOOA,Popularity,0.0,0.0
AF4DG3GSNUY2D2LWKGCTNXZEZOOA,CF (ItemKNN),0.0,0.0
AF4DG3GSNUY2D2LWKGCTNXZEZOOA,Content (Avg Emb),0.0,0.0
AF4DG3GSNUY2D2LWKGCTNXZEZOOA,Last-Item,0.0,0.0
AF4DG3GSNUY2D2LWKGCTNXZEZOOA,Avg-Last-10,0.0,0.0
AF4DG3GSNUY2D2LWKGCTNXZEZOOA,Recency-Weighted,0.0,0.0
AF4DG3GSNUY2D2LWKGCTNXZEZOOA,Essence (K=10),0.0,0.0
AF4DYER3RDNQZKAOZABAI6FX6XQA,Random,0.0,0.0
AF4DYER3RDNQZKAOZABAI6FX6XQA,Popularity,0.0,0.0
AF4DYER3RDNQZKAOZABAI6FX6XQA,CF (ItemKNN),0.0,0.0
AF4DYER3RDNQZKAOZABAI6FX6XQA,Content (Avg Emb),0.0,0.0
AF4DYER3RDNQZKAOZABAI6FX6XQA,Last-Item,0.0,0.0
AF4DYER3RDNQZKAOZABAI6FX6XQA,Avg-Last-10,0.0,0.0
AF4DYER3RDNQZKAOZABAI6FX6XQA,Recency-Weighted,0.0,0.0
AF4DYER3RDNQZKAOZABAI6FX6XQA,Essence (K=10),0.0,0.0
AF4ENTGLIUKTXBCMXJF6WX3M5KFQ,Random,0.0,
AF4ENTGLIUKTXBCMXJF6WX3M5KFQ,Popularity,0.0,
AF4ENTGLIUKTXBCMXJF6WX3M5KFQ,CF (ItemKNN),0.0,
AF4ENTGLIUKTXBCMXJF6WX3M5KFQ,Content (Avg Emb),0.0,
AF4ENTGLIUKTXBCMXJF6WX3M5KFQ,Last-Item,0.0,
AF4ENTGLIUKTXBCMXJF6WX3M5KFQ,Avg-Last-10,0.2,
AF4ENTGLIUKTXBCMXJF6WX3M5KFQ,Recency-Weighted,0.0,
AF4ENTGLIUKTXBCMXJF6WX3M5KFQ,Essence (K=10),0.0,
AF4HMSYY5KMILXAUZ4JXJOMUZK2Q,Random,0.0,0.0
AF4HMSYY5KMILXAUZ4JXJOMUZK2Q,Popularity,0.0,0.0
AF4HMSYY5KMILXAUZ4JXJOMUZK2Q,CF (ItemKNN),0.0,0.0
AF4HMSYY5KMILXAUZ4JXJOMUZK2Q,Content (Avg Emb),0.0,0.0
AF4HMSYY5KMILXAUZ4JXJOMUZK2Q,Last-Item,0.0,0.0
AF4HMSYY5KMILXAUZ4JXJOMUZK2Q,Avg-Last-10,0.0,0.0
AF4HMSYY5KMILXAUZ4JXJOMUZK2Q,Recency-Weighted,0.0,0.0
AF4HMSYY5KMILXAUZ4JXJOMUZK2Q,Essence (K=10),0.0,0.0
AF4IEKZ7URUJEFI2SKL7WKPKQAUA,Random,0.0,0.0
AF4IEKZ7URUJEFI2SKL7WKPKQAUA,Popularity,0.0,0.0
AF4IEKZ7URUJEFI2SKL7WKPKQAUA,CF (ItemKNN),0.0,0.0
AF4IEKZ7URUJEFI2SKL7WKPKQAUA,Content (Avg Emb),0.0,0.0
AF4IEKZ7URUJEFI2SKL7WKPKQAUA,Last-Item,0.0,0.0
AF4IEKZ7URUJEFI2SKL7WKPKQAUA,Avg-Last-10,0.0,0.0
AF4IEKZ7URUJEFI2SKL7WKPKQAUA,Recency-Weighted,0.0,0.0
AF4IEKZ7URUJEFI2SKL7WKPKQAUA,Essence (K=10),0.0,0.0
AF4IZJ67A4BQNQHMME4EFRFGL6XQ,Random,0.0,
AF4IZJ67A4BQNQHMME4EFRFGL6XQ,Popularity,0.0,
AF4IZJ67A4BQNQHMME4EFRFGL6XQ,CF (ItemKNN),0.0,
AF4IZJ67A4BQNQHMME4EFRFGL6XQ,Content (Avg Emb),0.0,
AF4IZJ67A4BQNQHMME4EFRFGL6XQ,Last-Item,0.0,
AF4IZJ67A4BQNQHMME4EFRFGL6XQ,Avg-Last-10,0.0,
AF4IZJ67A4BQNQHMME4EFRFGL6XQ,Recency-Weighted,0.0,
AF4IZJ67A4BQNQHMME4EFRFGL6XQ,Essence (K=10),0.0,
AF4QJGJDJVCDTLFXHJBERUZJPUSQ,Random,0.0,0.0
AF4QJGJDJVCDTLFXHJBERUZJPUSQ,Popularity,0.0,0.0
AF4QJGJDJVCDTLFXHJBERUZJPUSQ,CF (ItemKNN),0.0,0.0
AF4QJGJDJVCDTLFXHJBERUZJPUSQ,Content (Avg Emb),0.0,0.0
AF4QJGJDJVCDTLFXHJBERUZJPUSQ,Last-Item,0.0,0.0
AF4QJGJDJVCDTLFXHJBERUZJPUSQ,Avg-Last-10,0.0,0.0
AF4QJGJDJVCDTLFXHJBERUZJPUSQ,Recency-Weighted,0.0,0.0
AF4QJGJDJVCDTLFXHJBERUZJPUSQ,Essence (K=10),0.0,0.0
AF4TN7M3QE6T4USJ26P7LPBU25MA,Random,0.0,
AF4TN7M3QE6T4USJ26P7LPBU25MA,Popularity,0.0,
AF4TN7M3QE6T4USJ26P7LPBU25MA,CF (ItemKNN),0.0,
AF4TN7M3QE6T4USJ26P7LPBU25MA,Content (Avg Emb),0.0,
AF4TN7M3QE6T4USJ26P7LPBU25MA,Last-Item,0.0,
AF4TN7M3QE6T4USJ26P7LPBU25MA,Avg-Last-10,0.0,
AF4TN7M3QE6T4USJ26P7LPBU25MA,Recency-Weighted,0.0,
AF4TN7M3QE6T4USJ26P7LPBU25MA,Essence (K=10),0.0,
AF4V7PEMNNYQNDFOAH3YJXKJ76KQ,Random,0.0,
AF4V7PEMNNYQNDFOAH3YJXKJ76KQ,Popularity,0.0,
AF4V7PEMNNYQNDFOAH3YJXKJ76KQ,CF (ItemKNN),0.0,
AF4V7PEMNNYQNDFOAH3YJXKJ76KQ,Content (Avg Emb),0.0,
AF4V7PEMNNYQNDFOAH3YJXKJ76KQ,Last-Item,0.0,
AF4V7PEMNNYQNDFOAH3YJXKJ76KQ,Avg-Last-10,0.0,
AF4V7PEMNNYQNDFOAH3YJXKJ76KQ,Recency-Weighted,0.0,
AF4V7PEMNNYQNDFOAH3YJXKJ76KQ,Essence (K=10),0.0,
AF4XIP2PDS2CIVTZACRRFAUHMQ3Q,Random,0.0,0.0
AF4XIP2PDS2CIVTZACRRFAUHMQ3Q,Popularity,0.0,0.0
AF4XIP2PDS2CIVTZACRRFAUHMQ3Q,CF (ItemKNN),0.0,0.0
AF4XIP2PDS2CIVTZACRRFAUHMQ3Q,Content (Avg Emb),0.0,0.0
AF4XIP2PDS2CIVTZACRRFAUHMQ3Q,Last-Item,0.0,0.0
AF4XIP2PDS2CIVTZACRRFAUHMQ3Q,Avg-Last-10,0.0,0.0
AF4XIP2PDS2CIVTZACRRFAUHMQ3Q,Recency-Weighted,0.0,0.0
AF4XIP2PDS2CIVTZACRRFAUHMQ3Q,Essence (K=10),0.0,0.0
AF4YENG47SUIAMFQ2T6L5WY6655A,Random,0.0,0.0
AF4YENG47SUIAMFQ2T6L5WY6655A,Popularity,0.0,0.0
AF4YENG47SUIAMFQ2T6L5WY6655A,CF (ItemKNN),0.0,0.0
AF4YENG47SUIAMFQ2T6L5WY6655A,Content (Avg Emb),0.0,0.0
AF4YENG47SUIAMFQ2T6L5WY6655A,Last-Item,0.0,0.0
AF4YENG47SUIAMFQ2T6L5WY6655A,Avg-Last-10,0.0,0.0
AF4YENG47SUIAMFQ2T6L5WY6655A,Recency-Weighted,0.0,0.0
AF4YENG47SUIAMFQ2T6L5WY6655A,Essence (K=10),0.0,0.0
AF53M6SWATUAPTYZAVYL6NZGPYVQ,Random,0.0,0.0
AF53M6SWATUAPTYZAVYL6NZGPYVQ,Popularity,0.0,0.0
AF53M6SWATUAPTYZAVYL6NZGPYVQ,CF (ItemKNN),0.0,0.0
AF53M6SWATUAPTYZAVYL6NZGPYVQ,Content (Avg Emb),0.0,0.0
AF53M6SWATUAPTYZAVYL6NZGPYVQ,Last-Item,0.0,0.0
AF53M6SWATUAPTYZAVYL6NZGPYVQ,Avg-Last-10,0.0,0.0
AF53M6SWATUAPTYZAVYL6NZGPYVQ,Recency-Weighted,0.0,0.0
AF53M6SWATUAPTYZAVYL6NZGPYVQ,Essence (K=10),0.038461538461538464,0.0
AF557GZMDK3MLGAUAAO7BF7RJSJQ,Random,0.0,0.0
AF557GZMDK3MLGAUAAO7BF7RJSJQ,Popularity,0.0,0.0
AF557GZMDK3MLGAUAAO7BF7RJSJQ,CF (ItemKNN),0.0,0.0
AF557GZMDK3MLGAUAAO7BF7RJSJQ,Content (Avg Emb),0.0,0.0
AF557GZMDK3MLGAUAAO7BF7RJSJQ,Last-Item,0.0,0.0
AF557GZMDK3MLGAUAAO7BF7RJSJQ,Avg-Last-10,0.0,0.0
AF557GZMDK3MLGAUAAO7BF7RJSJQ,Recency-Weighted,0.0,0.0
AF557GZMDK3MLGAUAAO7BF7RJSJQ,Essence (K=10),0.0,0.0
AF55WETICME5FIFUTCK7S5QET5VA,Random,0.0,0.0
AF55WETICME5FIFUTCK7S5QET5VA,Popularity,0.0,0.0
AF55WETICME5FIFUTCK7S5QET5VA,CF (ItemKNN),0.0,0.0
AF55WETICME5FIFUTCK7S5QET5VA,Content (Avg Emb),0.0,0.0
AF55WETICME5FIFUTCK7S5QET5VA,Last-Item,0.0,0.0
AF55WETICME5FIFUTCK7S5QET5VA,Avg-Last-10,0.0,0.0
AF55WETICME5FIFUTCK7S5QET5VA,Recency-Weighted,0.0,0.0
AF55WETICME5FIFUTCK7S5QET5VA,Essence (K=10),0.0,0.0
AF5B7LYF5WDQ2C3D3GWGDT4ZDTCA,Random,0.0,
AF5B7LYF5WDQ2C3D3GWGDT4ZDTCA,Popularity,0.0,
AF5B7LYF5WDQ2C3D3GWGDT4ZDTCA,CF (ItemKNN),0.0,
AF5B7LYF5WDQ2C3D3GWGDT4ZDTCA,Content (Avg Emb),0.1111111111111111,
AF5B7LYF5WDQ2C3D3GWGDT4ZDTCA,Last-Item,0.0,
AF5B7LYF5WDQ2C3D3GWGDT4ZDTCA,Avg-Last-10,0.0,
AF5B7LYF5WDQ2C3D3GWGDT4ZDTCA,Recency-Weighted,0.1111111111111111,
AF5B7LYF5WDQ2C3D3GWGDT4ZDTCA,Essence (K=10),0.0,
AF5CEWRECKR3MU4LPQQYOJJYPN6Q,Random,0.0,0.0
AF5CEWRECKR3MU4LPQQYOJJYPN6Q,Popularity,0.0,0.0
AF5CEWRECKR3MU4LPQQYOJJYPN6Q,CF (ItemKNN),0.0,0.0
AF5CEWRECKR3MU4LPQQYOJJYPN6Q,Content (Avg Emb),0.0,0.0
AF5CEWRECKR3MU4LPQQYOJJYPN6Q,Last-Item,0.0,0.0
AF5CEWRECKR3MU4LPQQYOJJYPN6Q,Avg-Last-10,0.0,0.0
AF5CEWRECKR3MU4LPQQYOJJYPN6Q,Recency-Weighted,0.0,0.0
AF5CEWRECKR3MU4LPQQYOJJYPN6Q,Essence (K=10),0.0,0.0
AF5DFOLFMWSC34XBA655XI7R5WLQ,Random,0.0,0.0
AF5DFOLFMWSC34XBA655XI7R5WLQ,Popularity,0.0,0.0
AF5DFOLFMWSC34XBA655XI7R5WLQ,CF (ItemKNN),0.0,0.0
AF5DFOLFMWSC34XBA655XI7R5WLQ,Content (Avg Emb),0.0,0.0
AF5DFOLFMWSC34XBA655XI7R5WLQ,Last-Item,0.0,0.0
AF5DFOLFMWSC34XBA655XI7R5WLQ,Avg-Last-10,0.0,0.0
AF5DFOLFMWSC34XBA655XI7R5WLQ,Recency-Weighted,0.0,0.0
AF5DFOLFMWSC34XBA655XI7R5WLQ,Essence (K=10),0.0,0.0
AF5JJQY2VRLIBH5NL6HCWHGAOURA,Random,0.0,0.0
AF5JJQY2VRLIBH5NL6HCWHGAOURA,Popularity,0.0,0.0
AF5JJQY2VRLIBH5NL6HCWHGAOURA,CF (ItemKNN),0.0,0.0
AF5JJQY2VRLIBH5NL6HCWHGAOURA,Content (Avg Emb),0.0,0.0
AF5JJQY2VRLIBH5NL6HCWHGAOURA,Last-Item,0.0,0.0
AF5JJQY2VRLIBH5NL6HCWHGAOURA,Avg-Last-10,0.0,0.0
AF5JJQY2VRLIBH5NL6HCWHGAOURA,Recency-Weighted,0.0,0.0
AF5JJQY2VRLIBH5NL6HCWHGAOURA,Essence (K=10),0.0,0.0
AF5KZLX7IP5NBD3BQH7KV5LSNLPQ,Random,0.0,
AF5KZLX7IP5NBD3BQH7KV5LSNLPQ,Popularity,0.0,
AF5KZLX7IP5NBD3BQH7KV5LSNLPQ,CF (ItemKNN),0.0,
AF5KZLX7IP5NBD3BQH7KV5LSNLPQ,Content (Avg Emb),0.0,
AF5KZLX7IP5NBD3BQH7KV5LSNLPQ,Last-Item,0.0,
AF5KZLX7IP5NBD3BQH7KV5LSNLPQ,Avg-Last-10,0.0,
AF5KZLX7IP5NBD3BQH7KV5LSNLPQ,Recency-Weighted,0.0,
AF5KZLX7IP5NBD3BQH7KV5LSNLPQ,Essence (K=10),0.0,
AF5N2IYZUVSLCNCSMMCSAKTSUUMA,Random,0.0,0.0
AF5N2IYZUVSLCNCSMMCSAKTSUUMA,Popularity,0.0,0.0
AF5N2IYZUVSLCNCSMMCSAKTSUUMA,CF (ItemKNN),0.0,0.0
AF5N2IYZUVSLCNCSMMCSAKTSUUMA,Content (Avg Emb),0.0,0.0
AF5N2IYZUVSLCNCSMMCSAKTSUUMA,Last-Item,0.0,0.0
AF5N2IYZUVSLCNCSMMCSAKTSUUMA,Avg-Last-10,0.0,0.0
AF5N2IYZUVSLCNCSMMCSAKTSUUMA,Recency-Weighted,0.0,0.0
AF5N2IYZUVSLCNCSMMCSAKTSUUMA,Essence (K=10),0.0,0.0
AF5T2AGLL72DAN5KZF5FMOFUYGAA,Random,0.0,0.0
AF5T2AGLL72DAN5KZF5FMOFUYGAA,Popularity,0.0,0.0
AF5T2AGLL72DAN5KZF5FMOFUYGAA,CF (ItemKNN),0.0,0.0
AF5T2AGLL72DAN5KZF5FMOFUYGAA,Content (Avg Emb),0.0,0.0
AF5T2AGLL72DAN5KZF5FMOFUYGAA,Last-Item,0.11764705882352941,0.0
AF5T2AGLL72DAN5KZF5FMOFUYGAA,Avg-Last-10,0.0,0.0
AF5T2AGLL72DAN5KZF5FMOFUYGAA,Recency-Weighted,0.0,0.0
AF5T2AGLL72DAN5KZF5FMOFUYGAA,Essence (K=10),0.0,0.0
AF5XAM3VA7LRZL6CIYFEA4YCI5XQ,Random,0.0,
AF5XAM3VA7LRZL6CIYFEA4YCI5XQ,Popularity,0.0,
AF5XAM3VA7LRZL6CIYFEA4YCI5XQ,CF (ItemKNN),0.0,
AF5XAM3VA7LRZL6CIYFEA4YCI5XQ,Content (Avg Emb),0.0,
AF5XAM3VA7LRZL6CIYFEA4YCI5XQ,Last-Item,0.0,
AF5XAM3VA7LRZL6CIYFEA4YCI5XQ,Avg-Last-10,0.0,
AF5XAM3VA7LRZL6CIYFEA4YCI5XQ,Recency-Weighted,0.0,
AF5XAM3VA7LRZL6CIYFEA4YCI5XQ,Essence (K=10),0.1111111111111111,
AF64PI3P4OI7SD6GHW7GEMO2EN4A,Random,0.0,
AF64PI3P4OI7SD6GHW7GEMO2EN4A,Popularity,0.2,
AF64PI3P4OI7SD6GHW7GEMO2EN4A,CF (ItemKNN),0.0,
AF64PI3P4OI7SD6GHW7GEMO2EN4A,Content (Avg Emb),0.0,
AF64PI3P4OI7SD6GHW7GEMO2EN4A,Last-Item,0.0,
AF64PI3P4OI7SD6GHW7GEMO2EN4A,Avg-Last-10,0.0,
AF64PI3P4OI7SD6GHW7GEMO2EN4A,Recency-Weighted,0.0,
AF64PI3P4OI7SD6GHW7GEMO2EN4A,Essence (K=10),0.0,
AF6AH534IHOY5RXCJVFVPP3DY57A,Random,0.0,0.0
AF6AH534IHOY5RXCJVFVPP3DY57A,Popularity,0.0,0.0
AF6AH534IHOY5RXCJVFVPP3DY57A,CF (ItemKNN),0.0,0.0
AF6AH534IHOY5RXCJVFVPP3DY57A,Content (Avg Emb),0.0,0.0
AF6AH534IHOY5RXCJVFVPP3DY57A,Last-Item,0.0,0.0
AF6AH534IHOY5RXCJVFVPP3DY57A,Avg-Last-10,0.0,0.0
AF6AH534IHOY5RXCJVFVPP3DY57A,Recency-Weighted,0.0,0.0
AF6AH534IHOY5RXCJVFVPP3DY57A,Essence (K=10),0.0,0.0
AF6C6WKNOWIR36SK2LQMAUTGLGNA,Random,0.0,
AF6C6WKNOWIR36SK2LQMAUTGLGNA,Popularity,0.0,
AF6C6WKNOWIR36SK2LQMAUTGLGNA,CF (ItemKNN),0.0,
AF6C6WKNOWIR36SK2LQMAUTGLGNA,Content (Avg Emb),0.0,
AF6C6WKNOWIR36SK2LQMAUTGLGNA,Last-Item,0.0,
AF6C6WKNOWIR36SK2LQMAUTGLGNA,Avg-Last-10,0.0,
AF6C6WKNOWIR36SK2LQMAUTGLGNA,Recency-Weighted,0.0,
AF6C6WKNOWIR36SK2LQMAUTGLGNA,Essence (K=10),0.0,
AF6CVF7PUKCM5T2V4KT4KKMWS5SA,Random,0.0,0.0
AF6CVF7PUKCM5T2V4KT4KKMWS5SA,Popularity,0.0,0.0
AF6CVF7PUKCM5T2V4KT4KKMWS5SA,CF (ItemKNN),0.0,0.0
AF6CVF7PUKCM5T2V4KT4KKMWS5SA,Content (Avg Emb),0.0,0.0
AF6CVF7PUKCM5T2V4KT4KKMWS5SA,Last-Item,0.0,0.0
AF6CVF7PUKCM5T2V4KT4KKMWS5SA,Avg-Last-10,0.0,0.0
AF6CVF7PUKCM5T2V4KT4KKMWS5SA,Recency-Weighted,0.0,0.0
AF6CVF7PUKCM5T2V4KT4KKMWS5SA,Essence (K=10),0.0,0.0
AF6CVZS2NGIN3UCIEAHM44JOCINQ,Random,0.0,0.0
AF6CVZS2NGIN3UCIEAHM44JOCINQ,Popularity,0.0,0.0
AF6CVZS2NGIN3UCIEAHM44JOCINQ,CF (ItemKNN),0.0,0.0
AF6CVZS2NGIN3UCIEAHM44JOCINQ,Content (Avg Emb),0.0,0.0
AF6CVZS2NGIN3UCIEAHM44JOCINQ,Last-Item,0.0,0.0
AF6CVZS2NGIN3UCIEAHM44JOCINQ,Avg-Last-10,0.0,0.0
AF6CVZS2NGIN3UCIEAHM44JOCINQ,Recency-Weighted,0.0,0.0
AF6CVZS2NGIN3UCIEAHM44JOCINQ,Essence (K=10),0.0,0.0
AF6EE6JABY5LO3JFBHHCVQC4SGHA,Random,0.0,
AF6EE6JABY5LO3JFBHHCVQC4SGHA,Popularity,0.0,
AF6EE6JABY5LO3JFBHHCVQC4SGHA,CF (ItemKNN),0.0,
AF6EE6JABY5LO3JFBHHCVQC4SGHA,Content (Avg Emb),0.0,
AF6EE6JABY5LO3JFBHHCVQC4SGHA,Last-Item,0.0,
AF6EE6JABY5LO3JFBHHCVQC4SGHA,Avg-Last-10,0.0,
AF6EE6JABY5LO3JFBHHCVQC4SGHA,Recency-Weighted,0.0,
AF6EE6JABY5LO3JFBHHCVQC4SGHA,Essence (K=10),0.0,
AF6GVC3EFWFZHNUGMTTYSX4C3G2Q,Random,0.0,0.0
AF6GVC3EFWFZHNUGMTTYSX4C3G2Q,Popularity,0.0,0.0
AF6GVC3EFWFZHNUGMTTYSX4C3G2Q,CF (ItemKNN),0.0,0.0
AF6GVC3EFWFZHNUGMTTYSX4C3G2Q,Content (Avg Emb),0.0,0.0
AF6GVC3EFWFZHNUGMTTYSX4C3G2Q,Last-Item,0.0,0.0
AF6GVC3EFWFZHNUGMTTYSX4C3G2Q,Avg-Last-10,0.0,0.0
AF6GVC3EFWFZHNUGMTTYSX4C3G2Q,Recency-Weighted,0.0,0.0
AF6GVC3EFWFZHNUGMTTYSX4C3G2Q,Essence (K=10),0.0,0.0
AF6JBAMYC7UVFC2WM46A3B4QKVZA,Random,0.0,
AF6JBAMYC7UVFC2WM46A3B4QKVZA,Popularity,0.0,
AF6JBAMYC7UVFC2WM46A3B4QKVZA,CF (ItemKNN),0.0,
AF6JBAMYC7UVFC2WM46A3B4QKVZA,Content (Avg Emb),0.0,
AF6JBAMYC7UVFC2WM46A3B4QKVZA,Last-Item,0.0,
AF6JBAMYC7UVFC2WM46A3B4QKVZA,Avg-Last-10,0.4,
AF6JBAMYC7UVFC2WM46A3B4QKVZA,Recency-Weighted,0.4,
AF6JBAMYC7UVFC2WM46A3B4QKVZA,Essence (K=10),0.2,
AF6LHH3TVWZM27LJSDLJBJUM5EOQ,Random,0.0,0.0
AF6LHH3TVWZM27LJSDLJBJUM5EOQ,Popularity,0.0,0.0
AF6LHH3TVWZM27LJSDLJBJUM5EOQ,CF (ItemKNN),0.0,0.0
AF6LHH3TVWZM27LJSDLJBJUM5EOQ,Content (Avg Emb),0.0,0.0
AF6LHH3TVWZM27LJSDLJBJUM5EOQ,Last-Item,0.0,0.0
AF6LHH3TVWZM27LJSDLJBJUM5EOQ,Avg-Last-10,0.0,0.0
AF6LHH3TVWZM27LJSDLJBJUM5EOQ,Recency-Weighted,0.0,0.0
AF6LHH3TVWZM27LJSDLJBJUM5EOQ,Essence (K=10),0.0,0.0
AF6OFTZXIS7LQYCU2O7UEUB7E5VA,Random,0.0,0.0
AF6OFTZXIS7LQYCU2O7UEUB7E5VA,Popularity,0.0,0.0
AF6OFTZXIS7LQYCU2O7UEUB7E5VA,CF (ItemKNN),0.0,0.0
AF6OFTZXIS7LQYCU2O7UEUB7E5VA,Content (Avg Emb),0.0,0.0
AF6OFTZXIS7LQYCU2O7UEUB7E5VA,Last-Item,0.0,0.0
AF6OFTZXIS7LQYCU2O7UEUB7E5VA,Avg-Last-10,0.0,0.0
AF6OFTZXIS7LQYCU2O7UEUB7E5VA,Recency-Weighted,0.25,0.0
AF6OFTZXIS7LQYCU2O7UEUB7E5VA,Essence (K=10),0.25,0.0
AF6TI6K2OBDMWLIGUIRNSQUUK7XQ,Random,0.0,
AF6TI6K2OBDMWLIGUIRNSQUUK7XQ,Popularity,0.0,
AF6TI6K2OBDMWLIGUIRNSQUUK7XQ,CF (ItemKNN),0.0,
AF6TI6K2OBDMWLIGUIRNSQUUK7XQ,Content (Avg Emb),0.0,
AF6TI6K2OBDMWLIGUIRNSQUUK7XQ,Last-Item,0.0,
AF6TI6K2OBDMWLIGUIRNSQUUK7XQ,Avg-Last-10,0.0,
AF6TI6K2OBDMWLIGUIRNSQUUK7XQ,Recency-Weighted,0.0,
AF6TI6K2OBDMWLIGUIRNSQUUK7XQ,Essence (K=10),0.0,
AF6TLHINBNDDQVGE36QYWLEJO5RA,Random,0.0,
AF6TLHINBNDDQVGE36QYWLEJO5RA,Popularity,0.0,
AF6TLHINBNDDQVGE36QYWLEJO5RA,CF (ItemKNN),0.0,
AF6TLHINBNDDQVGE36QYWLEJO5RA,Content (Avg Emb),0.0,
AF6TLHINBNDDQVGE36QYWLEJO5RA,Last-Item,0.0,
AF6TLHINBNDDQVGE36QYWLEJO5RA,Avg-Last-10,0.0,
AF6TLHINBNDDQVGE36QYWLEJO5RA,Recency-Weighted,0.0,
AF6TLHINBNDDQVGE36QYWLEJO5RA,Essence (K=10),0.0,
AF6TRGORLGEF47IEA6UXE27VCV5Q,Random,0.0,0.0
AF6TRGORLGEF47IEA6UXE27VCV5Q,Popularity,0.0,0.0
AF6TRGORLGEF47IEA6UXE27VCV5Q,CF (ItemKNN),0.16666666666666666,0.0
AF6TRGORLGEF47IEA6UXE27VCV5Q,Content (Avg Emb),0.0,0.0
AF6TRGORLGEF47IEA6UXE27VCV5Q,Last-Item,0.3333333333333333,0.5
AF6TRGORLGEF47IEA6UXE27VCV5Q,Avg-Last-10,0.0,0.0
AF6TRGORLGEF47IEA6UXE27VCV5Q,Recency-Weighted,0.0,0.0
AF6TRGORLGEF47IEA6UXE27VCV5Q,Essence (K=10),0.0,0.0
AF6TRIYDSROHKFXUQTIFEV6LNHXA,Random,0.0,0.0
AF6TRIYDSROHKFXUQTIFEV6LNHXA,Popularity,0.0,0.0
AF6TRIYDSROHKFXUQTIFEV6LNHXA,CF (ItemKNN),0.0,0.0
AF6TRIYDSROHKFXUQTIFEV6LNHXA,Content (Avg Emb),0.0,0.0
AF6TRIYDSROHKFXUQTIFEV6LNHXA,Last-Item,0.0,0.0
AF6TRIYDSROHKFXUQTIFEV6LNHXA,Avg-Last-10,0.0,0.0
AF6TRIYDSROHKFXUQTIFEV6LNHXA,Recency-Weighted,0.0,0.0
AF6TRIYDSROHKFXUQTIFEV6LNHXA,Essence (K=10),0.0,0.0
AF74RRVGWQH7GJRSOZI2CEMRFJRQ,Random,0.0,
AF74RRVGWQH7GJRSOZI2CEMRFJRQ,Popularity,0.0,
AF74RRVGWQH7GJRSOZI2CEMRFJRQ,CF (ItemKNN),0.0,
AF74RRVGWQH7GJRSOZI2CEMRFJRQ,Content (Avg Emb),0.0,
AF74RRVGWQH7GJRSOZI2CEMRFJRQ,Last-Item,0.0,
AF74RRVGWQH7GJRSOZI2CEMRFJRQ,Avg-Last-10,0.0,
AF74RRVGWQH7GJRSOZI2CEMRFJRQ,Recency-Weighted,0.0,
AF74RRVGWQH7GJRSOZI2CEMRFJRQ,Essence (K=10),0.0,
AF7AA4QH5DSDMVFYXZVE5Q4Z4G3Q,Random,0.0,0.0
AF7AA4QH5DSDMVFYXZVE5Q4Z4G3Q,Popularity,0.0,0.0
AF7AA4QH5DSDMVFYXZVE5Q4Z4G3Q,CF (ItemKNN),0.0,0.0
AF7AA4QH5DSDMVFYXZVE5Q4Z4G3Q,Content (Avg Emb),0.07692307692307693,0.0
AF7AA4QH5DSDMVFYXZVE5Q4Z4G3Q,Last-Item,0.07692307692307693,0.0
AF7AA4QH5DSDMVFYXZVE5Q4Z4G3Q,Avg-Last-10,0.07692307692307693,0.0
AF7AA4QH5DSDMVFYXZVE5Q4Z4G3Q,Recency-Weighted,0.07692307692307693,0.0
AF7AA4QH5DSDMVFYXZVE5Q4Z4G3Q,Essence (K=10),0.0,0.0
AF7ERXDSCSI4NDDPBAD6GTHXF5GA,Random,0.0,0.0
AF7ERXDSCSI4NDDPBAD6GTHXF5GA,Popularity,0.0,0.0
AF7ERXDSCSI4NDDPBAD6GTHXF5GA,CF (ItemKNN),0.0,0.0
AF7ERXDSCSI4NDDPBAD6GTHXF5GA,Content (Avg Emb),0.0,0.0
AF7ERXDSCSI4NDDPBAD6GTHXF5GA,Last-Item,0.09090909090909091,0.0
AF7ERXDSCSI4NDDPBAD6GTHXF5GA,Avg-Last-10,0.0,0.0
AF7ERXDSCSI4NDDPBAD6GTHXF5GA,Recency-Weighted,0.0,0.0
AF7ERXDSCSI4NDDPBAD6GTHXF5GA,Essence (K=10),0.0,0.0
AF7GMB6DGMBQSQD6HV7UFONJNUFA,Random,0.0,0.0
AF7GMB6DGMBQSQD6HV7UFONJNUFA,Popularity,0.0,0.0
AF7GMB6DGMBQSQD6HV7UFONJNUFA,CF (ItemKNN),0.0,0.0
AF7GMB6DGMBQSQD6HV7UFONJNUFA,Content (Avg Emb),0.0,0.0
AF7GMB6DGMBQSQD6HV7UFONJNUFA,Last-Item,0.0,0.0
AF7GMB6DGMBQSQD6HV7UFONJNUFA,Avg-Last-10,0.0,0.0
AF7GMB6DGMBQSQD6HV7UFONJNUFA,Recency-Weighted,0.0,0.0
AF7GMB6DGMBQSQD6HV7UFONJNUFA,Essence (K=10),0.0,0.0
AF7HDYHGE6BLJDTKORZ63U4BXRFA,Random,0.0,
AF7HDYHGE6BLJDTKORZ63U4BXRFA,Popularity,0.0,
AF7HDYHGE6BLJDTKORZ63U4BXRFA,CF (ItemKNN),0.0,
AF7HDYHGE6BLJDTKORZ63U4BXRFA,Content (Avg Emb),0.0,
AF7HDYHGE6BLJDTKORZ63U4BXRFA,Last-Item,0.0,
AF7HDYHGE6BLJDTKORZ63U4BXRFA,Avg-Last-10,0.0,
AF7HDYHGE6BLJDTKORZ63U4BXRFA,Recency-Weighted,0.0,
AF7HDYHGE6BLJDTKORZ63U4BXRFA,Essence (K=10),0.0,
AF7HEMXN2IZGOW2662V464ZX3KBQ,Random,0.0,0.0
AF7HEMXN2IZGOW2662V464ZX3KBQ,Popularity,0.0,0.0
AF7HEMXN2IZGOW2662V464ZX3KBQ,CF (ItemKNN),0.0,0.0
AF7HEMXN2IZGOW2662V464ZX3KBQ,Content (Avg Emb),0.08333333333333333,0.3333333333333333
AF7HEMXN2IZGOW2662V464ZX3KBQ,Last-Item,0.4166666666666667,0.3333333333333333
AF7HEMXN2IZGOW2662V464ZX3KBQ,Avg-Last-10,0.08333333333333333,0.3333333333333333
AF7HEMXN2IZGOW2662V464ZX3KBQ,Recency-Weighted,0.16666666666666666,0.3333333333333333
AF7HEMXN2IZGOW2662V464ZX3KBQ,Essence (K=10),0.0,0.0
AF7JP2ZHVTB6LEDTUFBVCTEKFU5A,Random,0.0,0.0
AF7JP2ZHVTB6LEDTUFBVCTEKFU5A,Popularity,0.0,0.0
AF7JP2ZHVTB6LEDTUFBVCTEKFU5A,CF (ItemKNN),0.0,0.0
AF7JP2ZHVTB6LEDTUFBVCTEKFU5A,Content (Avg Emb),0.0,0.0
AF7JP2ZHVTB6LEDTUFBVCTEKFU5A,Last-Item,0.0,0.0
AF7JP2ZHVTB6LEDTUFBVCTEKFU5A,Avg-Last-10,0.25,0.0
AF7JP2ZHVTB6LEDTUFBVCTEKFU5A,Recency-Weighted,0.25,0.0
AF7JP2ZHVTB6LEDTUFBVCTEKFU5A,Essence (K=10),0.0,0.0
AF7M3XH7DD5XPUUGMO3X7QOU3Z6A,Random,0.0,0.0
AF7M3XH7DD5XPUUGMO3X7QOU3Z6A,Popularity,0.0,0.0
AF7M3XH7DD5XPUUGMO3X7QOU3Z6A,CF (ItemKNN),0.0,0.0
AF7M3XH7DD5XPUUGMO3X7QOU3Z6A,Content (Avg Emb),0.0,0.0
AF7M3XH7DD5XPUUGMO3X7QOU3Z6A,Last-Item,0.02702702702702703,0.1111111111111111
AF7M3XH7DD5XPUUGMO3X7QOU3Z6A,Avg-Last-10,0.0,0.0
AF7M3XH7DD5XPUUGMO3X7QOU3Z6A,Recency-Weighted,0.0,0.0
AF7M3XH7DD5XPUUGMO3X7QOU3Z6A,Essence (K=10),0.0,0.0
AF7MAJZFBDHZZ4WBBIRYJ45ORYTA,Random,0.0,0.0
AF7MAJZFBDHZZ4WBBIRYJ45ORYTA,Popularity,0.0,0.0
AF7MAJZFBDHZZ4WBBIRYJ45ORYTA,CF (ItemKNN),0.0,0.0
AF7MAJZFBDHZZ4WBBIRYJ45ORYTA,Content (Avg Emb),0.0,0.0
AF7MAJZFBDHZZ4WBBIRYJ45ORYTA,Last-Item,0.0,0.0
AF7MAJZFBDHZZ4WBBIRYJ45ORYTA,Avg-Last-10,0.0,0.0
AF7MAJZFBDHZZ4WBBIRYJ45ORYTA,Recency-Weighted,0.0,0.0
AF7MAJZFBDHZZ4WBBIRYJ45ORYTA,Essence (K=10),0.0,0.0
AF7P6IVFPRAPN3QHTNH4WL6H4YEA,Random,0.0,
AF7P6IVFPRAPN3QHTNH4WL6H4YEA,Popularity,0.0,
AF7P6IVFPRAPN3QHTNH4WL6H4YEA,CF (ItemKNN),0.0,
AF7P6IVFPRAPN3QHTNH4WL6H4YEA,Content (Avg Emb),0.0,
AF7P6IVFPRAPN3QHTNH4WL6H4YEA,Last-Item,0.0,
AF7P6IVFPRAPN3QHTNH4WL6H4YEA,Avg-Last-10,0.0,
AF7P6IVFPRAPN3QHTNH4WL6H4YEA,Recency-Weighted,0.0,
AF7P6IVFPRAPN3QHTNH4WL6H4YEA,Essence (K=10),0.0,
AF7SLUEAIGGZQVIZYZPX6MBV4M7A,Random,0.0,0.0
AF7SLUEAIGGZQVIZYZPX6MBV4M7A,Popularity,0.0,0.0
AF7SLUEAIGGZQVIZYZPX6MBV4M7A,CF (ItemKNN),0.0,0.0
AF7SLUEAIGGZQVIZYZPX6MBV4M7A,Content (Avg Emb),0.0,0.0
AF7SLUEAIGGZQVIZYZPX6MBV4M7A,Last-Item,0.0,0.0
AF7SLUEAIGGZQVIZYZPX6MBV4M7A,Avg-Last-10,0.0,0.0
AF7SLUEAIGGZQVIZYZPX6MBV4M7A,Recency-Weighted,0.0,0.0
AF7SLUEAIGGZQVIZYZPX6MBV4M7A,Essence (K=10),0.0,0.0
AF7V6HPG6LA2K5AQC5EJBEKWAT3Q,Random,0.0,
AF7V6HPG6LA2K5AQC5EJBEKWAT3Q,Popularity,0.0,
AF7V6HPG6LA2K5AQC5EJBEKWAT3Q,CF (ItemKNN),0.0,
AF7V6HPG6LA2K5AQC5EJBEKWAT3Q,Content (Avg Emb),0.0,
AF7V6HPG6LA2K5AQC5EJBEKWAT3Q,Last-Item,0.0,
AF7V6HPG6LA2K5AQC5EJBEKWAT3Q,Avg-Last-10,0.0,
AF7V6HPG6LA2K5AQC5EJBEKWAT3Q,Recency-Weighted,0.0,
AF7V6HPG6LA2K5AQC5EJBEKWAT3Q,Essence (K=10),0.0,
AF7X6BEIWPBBKAYMVFLZJPHKTSEQ,Random,0.0,0.0
AF7X6BEIWPBBKAYMVFLZJPHKTSEQ,Popularity,0.0,0.0
AF7X6BEIWPBBKAYMVFLZJPHKTSEQ,CF (ItemKNN),0.0,0.0
AF7X6BEIWPBBKAYMVFLZJPHKTSEQ,Content (Avg Emb),0.0,0.0
AF7X6BEIWPBBKAYMVFLZJPHKTSEQ,Last-Item,0.0,0.0
AF7X6BEIWPBBKAYMVFLZJPHKTSEQ,Avg-Last-10,0.0,0.0
AF7X6BEIWPBBKAYMVFLZJPHKTSEQ,Recency-Weighted,0.0,0.0
AF7X6BEIWPBBKAYMVFLZJPHKTSEQ,Essence (K=10),0.0,0.0
AF7Z5ORNXDGVXJIKR273FKH7E3EA,Random,0.0,
AF7Z5ORNXDGVXJIKR273FKH7E3EA,Popularity,0.0,
AF7Z5ORNXDGVXJIKR273FKH7E3EA,CF (ItemKNN),0.0,
AF7Z5ORNXDGVXJIKR273FKH7E3EA,Content (Avg Emb),0.0,
AF7Z5ORNXDGVXJIKR273FKH7E3EA,Last-Item,0.3333333333333333,
AF7Z5ORNXDGVXJIKR273FKH7E3EA,Avg-Last-10,0.0,
AF7Z5ORNXDGVXJIKR273FKH7E3EA,Recency-Weighted,0.0,
AF7Z5ORNXDGVXJIKR273FKH7E3EA,Essence (K=10),0.0,
AFA2JDIIUBI356A3HAQ4OVBYRQOA,Random,0.0,0.0
AFA2JDIIUBI356A3HAQ4OVBYRQOA,Popularity,0.0,0.0
AFA2JDIIUBI356A3HAQ4OVBYRQOA,CF (ItemKNN),0.0,0.0
AFA2JDIIUBI356A3HAQ4OVBYRQOA,Content (Avg Emb),0.0,0.0
AFA2JDIIUBI356A3HAQ4OVBYRQOA,Last-Item,0.0,0.0
AFA2JDIIUBI356A3HAQ4OVBYRQOA,Avg-Last-10,0.0,0.0
AFA2JDIIUBI356A3HAQ4OVBYRQOA,Recency-Weighted,0.0,0.0
AFA2JDIIUBI356A3HAQ4OVBYRQOA,Essence (K=10),0.0,0.0
AFA6V5BZ42WS566JMW7W7TTFWQSQ,Random,0.0,
AFA6V5BZ42WS566JMW7W7TTFWQSQ,Popularity,0.0,
AFA6V5BZ42WS566JMW7W7TTFWQSQ,CF (ItemKNN),0.0,
AFA6V5BZ42WS566JMW7W7TTFWQSQ,Content (Avg Emb),0.0,
AFA6V5BZ42WS566JMW7W7TTFWQSQ,Last-Item,0.0,
AFA6V5BZ42WS566JMW7W7TTFWQSQ,Avg-Last-10,0.0,
AFA6V5BZ42WS566JMW7W7TTFWQSQ,Recency-Weighted,0.0,
AFA6V5BZ42WS566JMW7W7TTFWQSQ,Essence (K=10),0.0,
AFACVZAWQ25R6UUIENSIQIZVYQSQ,Random,0.0,0.0
AFACVZAWQ25R6UUIENSIQIZVYQSQ,Popularity,0.0,0.0
AFACVZAWQ25R6UUIENSIQIZVYQSQ,CF (ItemKNN),0.0,0.0
AFACVZAWQ25R6UUIENSIQIZVYQSQ,Content (Avg Emb),0.0,0.0
AFACVZAWQ25R6UUIENSIQIZVYQSQ,Last-Item,0.2857142857142857,0.0
AFACVZAWQ25R6UUIENSIQIZVYQSQ,Avg-Last-10,0.0,0.0
AFACVZAWQ25R6UUIENSIQIZVYQSQ,Recency-Weighted,0.0,0.0
AFACVZAWQ25R6UUIENSIQIZVYQSQ,Essence (K=10),0.0,0.0
AFAE2M6XJD2LKLIPMLVMRQIZBGRA,Random,0.0,
AFAE2M6XJD2LKLIPMLVMRQIZBGRA,Popularity,0.0,
AFAE2M6XJD2LKLIPMLVMRQIZBGRA,CF (ItemKNN),0.0,
AFAE2M6XJD2LKLIPMLVMRQIZBGRA,Content (Avg Emb),0.0,
AFAE2M6XJD2LKLIPMLVMRQIZBGRA,Last-Item,0.0,
AFAE2M6XJD2LKLIPMLVMRQIZBGRA,Avg-Last-10,0.0,
AFAE2M6XJD2LKLIPMLVMRQIZBGRA,Recency-Weighted,0.0,
AFAE2M6XJD2LKLIPMLVMRQIZBGRA,Essence (K=10),0.0,
AFAFLZF5TUHYTCIKRPH6C6HQHGRA,Random,0.0,0.0
AFAFLZF5TUHYTCIKRPH6C6HQHGRA,Popularity,0.0,0.0
AFAFLZF5TUHYTCIKRPH6C6HQHGRA,CF (ItemKNN),0.0,0.0
AFAFLZF5TUHYTCIKRPH6C6HQHGRA,Content (Avg Emb),0.0,0.0
AFAFLZF5TUHYTCIKRPH6C6HQHGRA,Last-Item,0.0,0.0
AFAFLZF5TUHYTCIKRPH6C6HQHGRA,Avg-Last-10,0.0,0.0
AFAFLZF5TUHYTCIKRPH6C6HQHGRA,Recency-Weighted,0.0,0.0
AFAFLZF5TUHYTCIKRPH6C6HQHGRA,Essence (K=10),0.0,0.0
AFAFQHG33KLNTUIZH6LTP57KCLPQ,Random,0.0,0.0
AFAFQHG33KLNTUIZH6LTP57KCLPQ,Popularity,0.0,0.0
AFAFQHG33KLNTUIZH6LTP57KCLPQ,CF (ItemKNN),0.0,0.0
AFAFQHG33KLNTUIZH6LTP57KCLPQ,Content (Avg Emb),0.0,0.0
AFAFQHG33KLNTUIZH6LTP57KCLPQ,Last-Item,0.0,0.0
AFAFQHG33KLNTUIZH6LTP57KCLPQ,Avg-Last-10,0.0,0.0
AFAFQHG33KLNTUIZH6LTP57KCLPQ,Recency-Weighted,0.0,0.0
AFAFQHG33KLNTUIZH6LTP57KCLPQ,Essence (K=10),0.0,0.0
AFAFTXW52QUG3OT5NQSUXGRAOKBA,Random,0.0,
AFAFTXW52QUG3OT5NQSUXGRAOKBA,Popularity,0.0,
AFAFTXW52QUG3OT5NQSUXGRAOKBA,CF (ItemKNN),0.0,
AFAFTXW52QUG3OT5NQSUXGRAOKBA,Content (Avg Emb),0.0,
AFAFTXW52QUG3OT5NQSUXGRAOKBA,Last-Item,0.08333333333333333,
AFAFTXW52QUG3OT5NQSUXGRAOKBA,Avg-Last-10,0.0,
AFAFTXW52QUG3OT5NQSUXGRAOKBA,Recency-Weighted,0.0,
AFAFTXW52QUG3OT5NQSUXGRAOKBA,Essence (K=10),0.08333333333333333,
AFAG3XQXD2F4N3OS2FV7WFEQACPA,Random,0.0,
AFAG3XQXD2F4N3OS2FV7WFEQACPA,Popularity,0.0,
AFAG3XQXD2F4N3OS2FV7WFEQACPA,CF (ItemKNN),0.0,
AFAG3XQXD2F4N3OS2FV7WFEQACPA,Content (Avg Emb),0.0,
AFAG3XQXD2F4N3OS2FV7WFEQACPA,Last-Item,0.0,
AFAG3XQXD2F4N3OS2FV7WFEQACPA,Avg-Last-10,0.0,
AFAG3XQXD2F4N3OS2FV7WFEQACPA,Recency-Weighted,0.0,
AFAG3XQXD2F4N3OS2FV7WFEQACPA,Essence (K=10),0.0,
AFAGQKNL65Z55OCJGIITDAX6DHBA,Random,0.0,
AFAGQKNL65Z55OCJGIITDAX6DHBA,Popularity,0.0,
AFAGQKNL65Z55OCJGIITDAX6DHBA,CF (ItemKNN),0.0,
AFAGQKNL65Z55OCJGIITDAX6DHBA,Content (Avg Emb),0.0,
AFAGQKNL65Z55OCJGIITDAX6DHBA,Last-Item,0.2,
AFAGQKNL65Z55OCJGIITDAX6DHBA,Avg-Last-10,0.0,
AFAGQKNL65Z55OCJGIITDAX6DHBA,Recency-Weighted,0.0,
AFAGQKNL65Z55OCJGIITDAX6DHBA,Essence (K=10),0.0,
AFAHMFMNXSZNVDU3ZYDRH6EJZFSA,Random,0.0,
AFAHMFMNXSZNVDU3ZYDRH6EJZFSA,Popularity,0.0,
AFAHMFMNXSZNVDU3ZYDRH6EJZFSA,CF (ItemKNN),0.0,
AFAHMFMNXSZNVDU3ZYDRH6EJZFSA,Content (Avg Emb),0.0,
AFAHMFMNXSZNVDU3ZYDRH6EJZFSA,Last-Item,0.0,
AFAHMFMNXSZNVDU3ZYDRH6EJZFSA,Avg-Last-10,0.16666666666666666,
AFAHMFMNXSZNVDU3ZYDRH6EJZFSA,Recency-Weighted,0.0,
AFAHMFMNXSZNVDU3ZYDRH6EJZFSA,Essence (K=10),0.0,
AFAI7QUHMUYTIRSIGD3G2G2JOI5A,Random,0.0,
AFAI7QUHMUYTIRSIGD3G2G2JOI5A,Popularity,0.0,
AFAI7QUHMUYTIRSIGD3G2G2JOI5A,CF (ItemKNN),0.0,
AFAI7QUHMUYTIRSIGD3G2G2JOI5A,Content (Avg Emb),0.0,
AFAI7QUHMUYTIRSIGD3G2G2JOI5A,Last-Item,0.0,
AFAI7QUHMUYTIRSIGD3G2G2JOI5A,Avg-Last-10,0.0,
AFAI7QUHMUYTIRSIGD3G2G2JOI5A,Recency-Weighted,0.0,
AFAI7QUHMUYTIRSIGD3G2G2JOI5A,Essence (K=10),0.0,
AFAJGVLXTEMUAHCZSL4RSEIB6O5A,Random,0.0,0.0
AFAJGVLXTEMUAHCZSL4RSEIB6O5A,Popularity,0.0,0.0
AFAJGVLXTEMUAHCZSL4RSEIB6O5A,CF (ItemKNN),0.0,0.0
AFAJGVLXTEMUAHCZSL4RSEIB6O5A,Content (Avg Emb),0.0,0.0
AFAJGVLXTEMUAHCZSL4RSEIB6O5A,Last-Item,0.0,0.0
AFAJGVLXTEMUAHCZSL4RSEIB6O5A,Avg-Last-10,0.0,0.0
AFAJGVLXTEMUAHCZSL4RSEIB6O5A,Recency-Weighted,0.0,0.0
AFAJGVLXTEMUAHCZSL4RSEIB6O5A,Essence (K=10),0.0,0.0
AFAJSSNYYMXE5BUP6OGULAFZVPSQ,Random,0.0,0.0
AFAJSSNYYMXE5BUP6OGULAFZVPSQ,Popularity,0.0,0.0
AFAJSSNYYMXE5BUP6OGULAFZVPSQ,CF (ItemKNN),0.0,0.0
AFAJSSNYYMXE5BUP6OGULAFZVPSQ,Content (Avg Emb),0.0,0.0
AFAJSSNYYMXE5BUP6OGULAFZVPSQ,Last-Item,0.0,0.0
AFAJSSNYYMXE5BUP6OGULAFZVPSQ,Avg-Last-10,0.0,0.0
AFAJSSNYYMXE5BUP6OGULAFZVPSQ,Recency-Weighted,0.0,0.0
AFAJSSNYYMXE5BUP6OGULAFZVPSQ,Essence (K=10),0.0,0.0
AFAKMYUT7F4WFWPWYAHQAHB4ELYA,Random,0.0,0.0
AFAKMYUT7F4WFWPWYAHQAHB4ELYA,Popularity,0.0,0.0
AFAKMYUT7F4WFWPWYAHQAHB4ELYA,CF (ItemKNN),0.0,0.0
AFAKMYUT7F4WFWPWYAHQAHB4ELYA,Content (Avg Emb),0.0,0.0
AFAKMYUT7F4WFWPWYAHQAHB4ELYA,Last-Item,0.0,0.0
AFAKMYUT7F4WFWPWYAHQAHB4ELYA,Avg-Last-10,0.0,0.0
AFAKMYUT7F4WFWPWYAHQAHB4ELYA,Recency-Weighted,0.0,0.0
AFAKMYUT7F4WFWPWYAHQAHB4ELYA,Essence (K=10),0.0,0.0
AFALHOD3LP6FRLD6GNULQPUJUDXQ,Random,0.0,0.0
AFALHOD3LP6FRLD6GNULQPUJUDXQ,Popularity,0.0,0.0
AFALHOD3LP6FRLD6GNULQPUJUDXQ,CF (ItemKNN),0.0,0.0
AFALHOD3LP6FRLD6GNULQPUJUDXQ,Content (Avg Emb),0.0,0.0
AFALHOD3LP6FRLD6GNULQPUJUDXQ,Last-Item,0.15384615384615385,0.2
AFALHOD3LP6FRLD6GNULQPUJUDXQ,Avg-Last-10,0.0,0.0
AFALHOD3LP6FRLD6GNULQPUJUDXQ,Recency-Weighted,0.0,0.0
AFALHOD3LP6FRLD6GNULQPUJUDXQ,Essence (K=10),0.0,0.0
AFAPY6RDZOGYDPX76XL4UWD5Y54Q,Random,0.0,0.0
AFAPY6RDZOGYDPX76XL4UWD5Y54Q,Popularity,0.0,0.0
AFAPY6RDZOGYDPX76XL4UWD5Y54Q,CF (ItemKNN),0.0,0.0
AFAPY6RDZOGYDPX76XL4UWD5Y54Q,Content (Avg Emb),0.0,0.0
AFAPY6RDZOGYDPX76XL4UWD5Y54Q,Last-Item,0.0,0.0
AFAPY6RDZOGYDPX76XL4UWD5Y54Q,Avg-Last-10,0.0,0.0
AFAPY6RDZOGYDPX76XL4UWD5Y54Q,Recency-Weighted,0.0,0.0
AFAPY6RDZOGYDPX76XL4UWD5Y54Q,Essence (K=10),0.0,0.0
AFAQ6EFTYLFUHS7KSIU4QGX2VMLQ,Random,0.0,0.0
AFAQ6EFTYLFUHS7KSIU4QGX2VMLQ,Popularity,0.0,0.0
AFAQ6EFTYLFUHS7KSIU4QGX2VMLQ,CF (ItemKNN),0.0,0.0
AFAQ6EFTYLFUHS7KSIU4QGX2VMLQ,Content (Avg Emb),0.0,0.0
AFAQ6EFTYLFUHS7KSIU4QGX2VMLQ,Last-Item,0.0,0.0
AFAQ6EFTYLFUHS7KSIU4QGX2VMLQ,Avg-Last-10,0.0,0.0
AFAQ6EFTYLFUHS7KSIU4QGX2VMLQ,Recency-Weighted,0.0,0.0
AFAQ6EFTYLFUHS7KSIU4QGX2VMLQ,Essence (K=10),0.0,0.0
AFARICEP55SL47IBHFXTFIOZ27QQ,Random,0.0,0.0
AFARICEP55SL47IBHFXTFIOZ27QQ,Popularity,0.0,0.0
AFARICEP55SL47IBHFXTFIOZ27QQ,CF (ItemKNN),0.0,0.0
AFARICEP55SL47IBHFXTFIOZ27QQ,Content (Avg Emb),0.0,0.0
AFARICEP55SL47IBHFXTFIOZ27QQ,Last-Item,0.0,0.0
AFARICEP55SL47IBHFXTFIOZ27QQ,Avg-Last-10,0.0,0.0
AFARICEP55SL47IBHFXTFIOZ27QQ,Recency-Weighted,0.0,0.0
AFARICEP55SL47IBHFXTFIOZ27QQ,Essence (K=10),0.0,0.0
AFAUOAVHNFAX3RG2TDPVPHG2D5CA,Random,0.0,
AFAUOAVHNFAX3RG2TDPVPHG2D5CA,Popularity,0.0,
AFAUOAVHNFAX3RG2TDPVPHG2D5CA,CF (ItemKNN),0.0,
AFAUOAVHNFAX3RG2TDPVPHG2D5CA,Content (Avg Emb),0.0,
AFAUOAVHNFAX3RG2TDPVPHG2D5CA,Last-Item,0.0,
AFAUOAVHNFAX3RG2TDPVPHG2D5CA,Avg-Last-10,0.0,
AFAUOAVHNFAX3RG2TDPVPHG2D5CA,Recency-Weighted,0.0,
AFAUOAVHNFAX3RG2TDPVPHG2D5CA,Essence (K=10),0.0,
AFB276UIM2JXFN52R7FEKGAUFAOQ,Random,0.0,0.0
AFB276UIM2JXFN52R7FEKGAUFAOQ,Popularity,0.0,0.0
AFB276UIM2JXFN52R7FEKGAUFAOQ,CF (ItemKNN),0.0,0.0
AFB276UIM2JXFN52R7FEKGAUFAOQ,Content (Avg Emb),0.0,0.0
AFB276UIM2JXFN52R7FEKGAUFAOQ,Last-Item,0.0,0.0
AFB276UIM2JXFN52R7FEKGAUFAOQ,Avg-Last-10,0.0,0.0
AFB276UIM2JXFN52R7FEKGAUFAOQ,Recency-Weighted,0.0,0.0
AFB276UIM2JXFN52R7FEKGAUFAOQ,Essence (K=10),0.0,0.0
AFB4MPXODLAC5LL23EL7LU4CTXVA,Random,0.0,0.0
AFB4MPXODLAC5LL23EL7LU4CTXVA,Popularity,0.0,0.0
AFB4MPXODLAC5LL23EL7LU4CTXVA,CF (ItemKNN),0.0,0.0
AFB4MPXODLAC5LL23EL7LU4CTXVA,Content (Avg Emb),0.0,0.0
AFB4MPXODLAC5LL23EL7LU4CTXVA,Last-Item,0.0,0.0
AFB4MPXODLAC5LL23EL7LU4CTXVA,Avg-Last-10,0.0,0.0
AFB4MPXODLAC5LL23EL7LU4CTXVA,Recency-Weighted,0.0,0.0
AFB4MPXODLAC5LL23EL7LU4CTXVA,Essence (K=10),0.0,0.0
AFB6X44FWDDOKJQRH4PQXXDPDEMA,Random,0.0,0.0
AFB6X44FWDDOKJQRH4PQXXDPDEMA,Popularity,0.0,0.0
AFB6X44FWDDOKJQRH4PQXXDPDEMA,CF (ItemKNN),0.0,0.0
AFB6X44FWDDOKJQRH4PQXXDPDEMA,Content (Avg Emb),0.0,0.0
AFB6X44FWDDOKJQRH4PQXXDPDEMA,Last-Item,0.0,0.0
AFB6X44FWDDOKJQRH4PQXXDPDEMA,Avg-Last-10,0.0,0.0
AFB6X44FWDDOKJQRH4PQXXDPDEMA,Recency-Weighted,0.0,0.0
AFB6X44FWDDOKJQRH4PQXXDPDEMA,Essence (K=10),0.0,0.0
AFB7NFSZEQUAXPQGV2Z4WVGNGF4A,Random,0.0,
AFB7NFSZEQUAXPQGV2Z4WVGNGF4A,Popularity,0.0,
AFB7NFSZEQUAXPQGV2Z4WVGNGF4A,CF (ItemKNN),0.0,
AFB7NFSZEQUAXPQGV2Z4WVGNGF4A,Content (Avg Emb),0.0,
AFB7NFSZEQUAXPQGV2Z4WVGNGF4A,Last-Item,0.0,
AFB7NFSZEQUAXPQGV2Z4WVGNGF4A,Avg-Last-10,0.0,
AFB7NFSZEQUAXPQGV2Z4WVGNGF4A,Recency-Weighted,0.0,
AFB7NFSZEQUAXPQGV2Z4WVGNGF4A,Essence (K=10),0.0,
AFBC7QPYWVO2AEQD7KFKEXBG5U6A,Random,0.0,0.0
AFBC7QPYWVO2AEQD7KFKEXBG5U6A,Popularity,0.0,0.0
AFBC7QPYWVO2AEQD7KFKEXBG5U6A,CF (ItemKNN),0.0,0.0
AFBC7QPYWVO2AEQD7KFKEXBG5U6A,Content (Avg Emb),0.0,0.0
AFBC7QPYWVO2AEQD7KFKEXBG5U6A,Last-Item,0.0,0.0
AFBC7QPYWVO2AEQD7KFKEXBG5U6A,Avg-Last-10,0.0,0.0
AFBC7QPYWVO2AEQD7KFKEXBG5U6A,Recency-Weighted,0.0,0.0
AFBC7QPYWVO2AEQD7KFKEXBG5U6A,Essence (K=10),0.0,0.0
AFBFMNKT2FHBYTXVCXQLS7JKC6MA,Random,0.0,
AFBFMNKT2FHBYTXVCXQLS7JKC6MA,Popularity,0.0,
AFBFMNKT2FHBYTXVCXQLS7JKC6MA,CF (ItemKNN),0.0,
AFBFMNKT2FHBYTXVCXQLS7JKC6MA,Content (Avg Emb),0.0,
AFBFMNKT2FHBYTXVCXQLS7JKC6MA,Last-Item,0.0,
AFBFMNKT2FHBYTXVCXQLS7JKC6MA,Avg-Last-10,0.0,
AFBFMNKT2FHBYTXVCXQLS7JKC6MA,Recency-Weighted,0.0,
AFBFMNKT2FHBYTXVCXQLS7JKC6MA,Essence (K=10),0.0,
AFBGS5AZJW2AQZMHEEGR6XE7KL7Q,Random,0.0,0.0
AFBGS5AZJW2AQZMHEEGR6XE7KL7Q,Popularity,0.0,0.0
AFBGS5AZJW2AQZMHEEGR6XE7KL7Q,CF (ItemKNN),0.0,0.0
AFBGS5AZJW2AQZMHEEGR6XE7KL7Q,Content (Avg Emb),0.0,0.0
AFBGS5AZJW2AQZMHEEGR6XE7KL7Q,Last-Item,0.0,0.0
AFBGS5AZJW2AQZMHEEGR6XE7KL7Q,Avg-Last-10,0.0,0.0
AFBGS5AZJW2AQZMHEEGR6XE7KL7Q,Recency-Weighted,0.0,0.0
AFBGS5AZJW2AQZMHEEGR6XE7KL7Q,Essence (K=10),0.0,0.0
AFBJZ7F4KOU4CEGZW6JNV7W4WCYQ,Random,0.0,
AFBJZ7F4KOU4CEGZW6JNV7W4WCYQ,Popularity,0.0,
AFBJZ7F4KOU4CEGZW6JNV7W4WCYQ,CF (ItemKNN),0.0,
AFBJZ7F4KOU4CEGZW6JNV7W4WCYQ,Content (Avg Emb),0.0,
AFBJZ7F4KOU4CEGZW6JNV7W4WCYQ,Last-Item,0.0,
AFBJZ7F4KOU4CEGZW6JNV7W4WCYQ,Avg-Last-10,0.0,
AFBJZ7F4KOU4CEGZW6JNV7W4WCYQ,Recency-Weighted,0.0,
AFBJZ7F4KOU4CEGZW6JNV7W4WCYQ,Essence (K=10),0.0,
AFBKIJCFKIYIS6TWHUDJVHBDPQCQ,Random,0.0,
AFBKIJCFKIYIS6TWHUDJVHBDPQCQ,Popularity,0.0,
AFBKIJCFKIYIS6TWHUDJVHBDPQCQ,CF (ItemKNN),0.0,
AFBKIJCFKIYIS6TWHUDJVHBDPQCQ,Content (Avg Emb),0.0,
AFBKIJCFKIYIS6TWHUDJVHBDPQCQ,Last-Item,0.0,
AFBKIJCFKIYIS6TWHUDJVHBDPQCQ,Avg-Last-10,0.0,
AFBKIJCFKIYIS6TWHUDJVHBDPQCQ,Recency-Weighted,0.0,
AFBKIJCFKIYIS6TWHUDJVHBDPQCQ,Essence (K=10),0.0,
AFBMY52B7LGOZNEAKQZA3O2462SQ,Random,0.0,0.0
AFBMY52B7LGOZNEAKQZA3O2462SQ,Popularity,0.0,0.0
AFBMY52B7LGOZNEAKQZA3O2462SQ,CF (ItemKNN),0.0,0.0
AFBMY52B7LGOZNEAKQZA3O2462SQ,Content (Avg Emb),0.0,0.0
AFBMY52B7LGOZNEAKQZA3O2462SQ,Last-Item,0.0,0.0
AFBMY52B7LGOZNEAKQZA3O2462SQ,Avg-Last-10,0.0,0.0
AFBMY52B7LGOZNEAKQZA3O2462SQ,Recency-Weighted,0.0,0.0
AFBMY52B7LGOZNEAKQZA3O2462SQ,Essence (K=10),0.0,0.0
AFBVLNL3S6SRAOJV4MSPXFS5T2WQ,Random,0.0,
AFBVLNL3S6SRAOJV4MSPXFS5T2WQ,Popularity,0.0,
AFBVLNL3S6SRAOJV4MSPXFS5T2WQ,CF (ItemKNN),0.0,
AFBVLNL3S6SRAOJV4MSPXFS5T2WQ,Content (Avg Emb),0.0,
AFBVLNL3S6SRAOJV4MSPXFS5T2WQ,Last-Item,0.16666666666666666,
AFBVLNL3S6SRAOJV4MSPXFS5T2WQ,Avg-Last-10,0.0,
AFBVLNL3S6SRAOJV4MSPXFS5T2WQ,Recency-Weighted,0.0,
AFBVLNL3S6SRAOJV4MSPXFS5T2WQ,Essence (K=10),0.0,
AFC2TFOHE4RLKBVIPDBT6GP7RYFQ,Random,0.0,
AFC2TFOHE4RLKBVIPDBT6GP7RYFQ,Popularity,0.0,
AFC2TFOHE4RLKBVIPDBT6GP7RYFQ,CF (ItemKNN),0.0,
AFC2TFOHE4RLKBVIPDBT6GP7RYFQ,Content (Avg Emb),0.0,
AFC2TFOHE4RLKBVIPDBT6GP7RYFQ,Last-Item,0.0,
AFC2TFOHE4RLKBVIPDBT6GP7RYFQ,Avg-Last-10,0.0,
AFC2TFOHE4RLKBVIPDBT6GP7RYFQ,Recency-Weighted,0.0,
AFC2TFOHE4RLKBVIPDBT6GP7RYFQ,Essence (K=10),0.0,
AFC3U3E43IAH2QNU5FD7QSLJDK7Q,Random,0.0,
AFC3U3E43IAH2QNU5FD7QSLJDK7Q,Popularity,0.0,
AFC3U3E43IAH2QNU5FD7QSLJDK7Q,CF (ItemKNN),0.0,
AFC3U3E43IAH2QNU5FD7QSLJDK7Q,Content (Avg Emb),0.0,
AFC3U3E43IAH2QNU5FD7QSLJDK7Q,Last-Item,0.0,
AFC3U3E43IAH2QNU5FD7QSLJDK7Q,Avg-Last-10,0.0,
AFC3U3E43IAH2QNU5FD7QSLJDK7Q,Recency-Weighted,0.0,
AFC3U3E43IAH2QNU5FD7QSLJDK7Q,Essence (K=10),0.0,
AFC4JXAL4PFGV2N7YEG5N3QVX72Q,Random,0.0,
AFC4JXAL4PFGV2N7YEG5N3QVX72Q,Popularity,0.0,
AFC4JXAL4PFGV2N7YEG5N3QVX72Q,CF (ItemKNN),0.0,
AFC4JXAL4PFGV2N7YEG5N3QVX72Q,Content (Avg Emb),0.0,
AFC4JXAL4PFGV2N7YEG5N3QVX72Q,Last-Item,0.0,
AFC4JXAL4PFGV2N7YEG5N3QVX72Q,Avg-Last-10,0.0,
AFC4JXAL4PFGV2N7YEG5N3QVX72Q,Recency-Weighted,0.0,
AFC4JXAL4PFGV2N7YEG5N3QVX72Q,Essence (K=10),0.0,
AFC4OEGXGH2JEC5EB6QXWSMKFFKA,Random,0.0,0.0
AFC4OEGXGH2JEC5EB6QXWSMKFFKA,Popularity,0.0,0.0
AFC4OEGXGH2JEC5EB6QXWSMKFFKA,CF (ItemKNN),0.0,0.0
AFC4OEGXGH2JEC5EB6QXWSMKFFKA,Content (Avg Emb),0.0,0.0
AFC4OEGXGH2JEC5EB6QXWSMKFFKA,Last-Item,0.09090909090909091,0.0
AFC4OEGXGH2JEC5EB6QXWSMKFFKA,Avg-Last-10,0.09090909090909091,0.0
AFC4OEGXGH2JEC5EB6QXWSMKFFKA,Recency-Weighted,0.0,0.0
AFC4OEGXGH2JEC5EB6QXWSMKFFKA,Essence (K=10),0.0,0.0
AFC7TYVPD6QR3W6VAZ3TZMW3OBJQ,Random,0.0,
AFC7TYVPD6QR3W6VAZ3TZMW3OBJQ,Popularity,0.0,
AFC7TYVPD6QR3W6VAZ3TZMW3OBJQ,CF (ItemKNN),0.0,
AFC7TYVPD6QR3W6VAZ3TZMW3OBJQ,Content (Avg Emb),0.25,
AFC7TYVPD6QR3W6VAZ3TZMW3OBJQ,Last-Item,0.0,
AFC7TYVPD6QR3W6VAZ3TZMW3OBJQ,Avg-Last-10,0.0,
AFC7TYVPD6QR3W6VAZ3TZMW3OBJQ,Recency-Weighted,0.0,
AFC7TYVPD6QR3W6VAZ3TZMW3OBJQ,Essence (K=10),0.5,
AFCBHMQJ436MBSXW66ARREHKID6A,Random,0.0,0.0
AFCBHMQJ436MBSXW66ARREHKID6A,Popularity,0.0,0.0
AFCBHMQJ436MBSXW66ARREHKID6A,CF (ItemKNN),0.0,0.0
AFCBHMQJ436MBSXW66ARREHKID6A,Content (Avg Emb),0.16666666666666666,0.0
AFCBHMQJ436MBSXW66ARREHKID6A,Last-Item,0.16666666666666666,0.0
AFCBHMQJ436MBSXW66ARREHKID6A,Avg-Last-10,0.16666666666666666,0.0
AFCBHMQJ436MBSXW66ARREHKID6A,Recency-Weighted,0.16666666666666666,0.0
AFCBHMQJ436MBSXW66ARREHKID6A,Essence (K=10),0.16666666666666666,0.0
AFCCRDFDEJPMZFXHIPGJ5TJFPIRQ,Random,0.0,0.0
AFCCRDFDEJPMZFXHIPGJ5TJFPIRQ,Popularity,0.0,0.0
AFCCRDFDEJPMZFXHIPGJ5TJFPIRQ,CF (ItemKNN),0.0,0.0
AFCCRDFDEJPMZFXHIPGJ5TJFPIRQ,Content (Avg Emb),0.0,0.0
AFCCRDFDEJPMZFXHIPGJ5TJFPIRQ,Last-Item,0.0,0.0
AFCCRDFDEJPMZFXHIPGJ5TJFPIRQ,Avg-Last-10,0.0,0.0
AFCCRDFDEJPMZFXHIPGJ5TJFPIRQ,Recency-Weighted,0.0,0.0
AFCCRDFDEJPMZFXHIPGJ5TJFPIRQ,Essence (K=10),0.0,0.0
AFCE6X6IYWTW4IKX3NZGQRV5BFTA,Random,0.0,0.0
AFCE6X6IYWTW4IKX3NZGQRV5BFTA,Popularity,0.0,0.0
AFCE6X6IYWTW4IKX3NZGQRV5BFTA,CF (ItemKNN),0.0,0.0
AFCE6X6IYWTW4IKX3NZGQRV5BFTA,Content (Avg Emb),0.0,0.0
AFCE6X6IYWTW4IKX3NZGQRV5BFTA,Last-Item,0.0,0.0
AFCE6X6IYWTW4IKX3NZGQRV5BFTA,Avg-Last-10,0.0,0.0
AFCE6X6IYWTW4IKX3NZGQRV5BFTA,Recency-Weighted,0.0,0.0
AFCE6X6IYWTW4IKX3NZGQRV5BFTA,Essence (K=10),0.0,0.0
AFCFI4VD4CRGQQZNCJEBW6HOXCMA,Random,0.0,0.0
AFCFI4VD4CRGQQZNCJEBW6HOXCMA,Popularity,0.0,0.0
AFCFI4VD4CRGQQZNCJEBW6HOXCMA,CF (ItemKNN),0.0,0.0
AFCFI4VD4CRGQQZNCJEBW6HOXCMA,Content (Avg Emb),0.0,0.0
AFCFI4VD4CRGQQZNCJEBW6HOXCMA,Last-Item,0.0,0.0
AFCFI4VD4CRGQQZNCJEBW6HOXCMA,Avg-Last-10,0.0,0.0
AFCFI4VD4CRGQQZNCJEBW6HOXCMA,Recency-Weighted,0.0,0.0
AFCFI4VD4CRGQQZNCJEBW6HOXCMA,Essence (K=10),0.0,0.0
AFCHDP2FFJT6DDXPDZBIPXJZVWDA,Random,0.0,0.0
AFCHDP2FFJT6DDXPDZBIPXJZVWDA,Popularity,0.0,0.0
AFCHDP2FFJT6DDXPDZBIPXJZVWDA,CF (ItemKNN),0.0,0.0
AFCHDP2FFJT6DDXPDZBIPXJZVWDA,Content (Avg Emb),0.0,0.0
AFCHDP2FFJT6DDXPDZBIPXJZVWDA,Last-Item,0.0,0.0
AFCHDP2FFJT6DDXPDZBIPXJZVWDA,Avg-Last-10,0.2,1.0
AFCHDP2FFJT6DDXPDZBIPXJZVWDA,Recency-Weighted,0.2,1.0
AFCHDP2FFJT6DDXPDZBIPXJZVWDA,Essence (K=10),0.2,1.0
AFCNQW3XOTKKDH6EWHC27ZG3FYHA,Random,0.0,0.0
AFCNQW3XOTKKDH6EWHC27ZG3FYHA,Popularity,0.0,0.0
AFCNQW3XOTKKDH6EWHC27ZG3FYHA,CF (ItemKNN),0.0,0.0
AFCNQW3XOTKKDH6EWHC27ZG3FYHA,Content (Avg Emb),0.0,0.0
AFCNQW3XOTKKDH6EWHC27ZG3FYHA,Last-Item,0.25,0.5
AFCNQW3XOTKKDH6EWHC27ZG3FYHA,Avg-Last-10,0.0,0.0
AFCNQW3XOTKKDH6EWHC27ZG3FYHA,Recency-Weighted,0.0,0.0
AFCNQW3XOTKKDH6EWHC27ZG3FYHA,Essence (K=10),0.0,0.0
AFCQYNXCIXRBK3Y4FOA6P4DGCJXA,Random,0.0,0.0
AFCQYNXCIXRBK3Y4FOA6P4DGCJXA,Popularity,0.0,0.0
AFCQYNXCIXRBK3Y4FOA6P4DGCJXA,CF (ItemKNN),0.0,0.0
AFCQYNXCIXRBK3Y4FOA6P4DGCJXA,Content (Avg Emb),0.0,0.0
AFCQYNXCIXRBK3Y4FOA6P4DGCJXA,Last-Item,0.0,0.0
AFCQYNXCIXRBK3Y4FOA6P4DGCJXA,Avg-Last-10,0.0,0.0
AFCQYNXCIXRBK3Y4FOA6P4DGCJXA,Recency-Weighted,0.0,0.0
AFCQYNXCIXRBK3Y4FOA6P4DGCJXA,Essence (K=10),0.0,0.0
AFCUOAFWTRROXXISP5XUBZMH2TLA,Random,0.0,
AFCUOAFWTRROXXISP5XUBZMH2TLA,Popularity,0.0,
AFCUOAFWTRROXXISP5XUBZMH2TLA,CF (ItemKNN),0.0,
AFCUOAFWTRROXXISP5XUBZMH2TLA,Content (Avg Emb),0.0,
AFCUOAFWTRROXXISP5XUBZMH2TLA,Last-Item,0.0,
AFCUOAFWTRROXXISP5XUBZMH2TLA,Avg-Last-10,0.0,
AFCUOAFWTRROXXISP5XUBZMH2TLA,Recency-Weighted,0.0,
AFCUOAFWTRROXXISP5XUBZMH2TLA,Essence (K=10),0.0,
AFCZ3PGYRSGD2ITDMN2L5OHGXREA,Random,0.0,0.0
AFCZ3PGYRSGD2ITDMN2L5OHGXREA,Popularity,0.0,0.0
AFCZ3PGYRSGD2ITDMN2L5OHGXREA,CF (ItemKNN),0.0,0.0
AFCZ3PGYRSGD2ITDMN2L5OHGXREA,Content (Avg Emb),0.0,0.0
AFCZ3PGYRSGD2ITDMN2L5OHGXREA,Last-Item,0.0,0.0
AFCZ3PGYRSGD2ITDMN2L5OHGXREA,Avg-Last-10,0.0,0.0
AFCZ3PGYRSGD2ITDMN2L5OHGXREA,Recency-Weighted,0.0,0.0
AFCZ3PGYRSGD2ITDMN2L5OHGXREA,Essence (K=10),0.0,0.0
AFD25XQZWZ7XRQQTGSLFP4MZ3ASQ,Random,0.0,0.0
AFD25XQZWZ7XRQQTGSLFP4MZ3ASQ,Popularity,0.0,0.0
AFD25XQZWZ7XRQQTGSLFP4MZ3ASQ,CF (ItemKNN),0.0,0.0
AFD25XQZWZ7XRQQTGSLFP4MZ3ASQ,Content (Avg Emb),0.0,0.0
AFD25XQZWZ7XRQQTGSLFP4MZ3ASQ,Last-Item,0.14285714285714285,0.0
AFD25XQZWZ7XRQQTGSLFP4MZ3ASQ,Avg-Last-10,0.0,0.0
AFD25XQZWZ7XRQQTGSLFP4MZ3ASQ,Recency-Weighted,0.0,0.0
AFD25XQZWZ7XRQQTGSLFP4MZ3ASQ,Essence (K=10),0.0,0.0
AFD2KUJCMOK6XMKWTZZ4Q4SOJFXQ,Random,0.0,0.0
AFD2KUJCMOK6XMKWTZZ4Q4SOJFXQ,Popularity,0.0,0.0
AFD2KUJCMOK6XMKWTZZ4Q4SOJFXQ,CF (ItemKNN),0.0,0.0
AFD2KUJCMOK6XMKWTZZ4Q4SOJFXQ,Content (Avg Emb),0.0,0.0
AFD2KUJCMOK6XMKWTZZ4Q4SOJFXQ,Last-Item,0.0,0.0
AFD2KUJCMOK6XMKWTZZ4Q4SOJFXQ,Avg-Last-10,0.0,0.0
AFD2KUJCMOK6XMKWTZZ4Q4SOJFXQ,Recency-Weighted,0.0,0.0
AFD2KUJCMOK6XMKWTZZ4Q4SOJFXQ,Essence (K=10),0.0,0.0
AFD36ATGINXGMLX77XXVBGIKEBQA,Random,0.0,0.0
AFD36ATGINXGMLX77XXVBGIKEBQA,Popularity,0.0,0.0
AFD36ATGINXGMLX77XXVBGIKEBQA,CF (ItemKNN),0.0,0.0
AFD36ATGINXGMLX77XXVBGIKEBQA,Content (Avg Emb),0.0,0.0
AFD36ATGINXGMLX77XXVBGIKEBQA,Last-Item,0.0,0.0
AFD36ATGINXGMLX77XXVBGIKEBQA,Avg-Last-10,0.0,0.0
AFD36ATGINXGMLX77XXVBGIKEBQA,Recency-Weighted,0.0,0.0
AFD36ATGINXGMLX77XXVBGIKEBQA,Essence (K=10),0.0,0.0
AFD7BGVXD7XMET6OLRET2L6ULANQ,Random,0.0,0.0
AFD7BGVXD7XMET6OLRET2L6ULANQ,Popularity,0.0,0.0
AFD7BGVXD7XMET6OLRET2L6ULANQ,CF (ItemKNN),0.0,0.0
AFD7BGVXD7XMET6OLRET2L6ULANQ,Content (Avg Emb),0.0,0.0
AFD7BGVXD7XMET6OLRET2L6ULANQ,Last-Item,0.25,0.0
AFD7BGVXD7XMET6OLRET2L6ULANQ,Avg-Last-10,0.25,0.0
AFD7BGVXD7XMET6OLRET2L6ULANQ,Recency-Weighted,0.25,0.0
AFD7BGVXD7XMET6OLRET2L6ULANQ,Essence (K=10),0.5,0.0
AFDEDT2HIY4OHVIJHX6JFFEPUTZQ,Random,0.0,0.0
AFDEDT2HIY4OHVIJHX6JFFEPUTZQ,Popularity,0.0,0.0
AFDEDT2HIY4OHVIJHX6JFFEPUTZQ,CF (ItemKNN),0.0,0.0
AFDEDT2HIY4OHVIJHX6JFFEPUTZQ,Content (Avg Emb),0.0,0.0
AFDEDT2HIY4OHVIJHX6JFFEPUTZQ,Last-Item,0.0,0.0
AFDEDT2HIY4OHVIJHX6JFFEPUTZQ,Avg-Last-10,0.0,0.0
AFDEDT2HIY4OHVIJHX6JFFEPUTZQ,Recency-Weighted,0.0,0.0
AFDEDT2HIY4OHVIJHX6JFFEPUTZQ,Essence (K=10),0.0,0.0
AFDFRDVT3HS5VXOUNYPZSQXHGKTA,Random,0.0,0.0
AFDFRDVT3HS5VXOUNYPZSQXHGKTA,Popularity,0.0,0.0
AFDFRDVT3HS5VXOUNYPZSQXHGKTA,CF (ItemKNN),0.0,0.0
AFDFRDVT3HS5VXOUNYPZSQXHGKTA,Content (Avg Emb),0.0,0.0
AFDFRDVT3HS5VXOUNYPZSQXHGKTA,Last-Item,0.1111111111111111,0.0
AFDFRDVT3HS5VXOUNYPZSQXHGKTA,Avg-Last-10,0.0,0.0
AFDFRDVT3HS5VXOUNYPZSQXHGKTA,Recency-Weighted,0.0,0.0
AFDFRDVT3HS5VXOUNYPZSQXHGKTA,Essence (K=10),0.0,0.0
AFDFTJ3BAVWKRJGGYK5KQY2OMX5Q,Random,0.0,0.0
AFDFTJ3BAVWKRJGGYK5KQY2OMX5Q,Popularity,0.0,0.0
AFDFTJ3BAVWKRJGGYK5KQY2OMX5Q,CF (ItemKNN),0.0,0.0
AFDFTJ3BAVWKRJGGYK5KQY2OMX5Q,Content (Avg Emb),0.0,0.0
AFDFTJ3BAVWKRJGGYK5KQY2OMX5Q,Last-Item,0.125,0.5
AFDFTJ3BAVWKRJGGYK5KQY2OMX5Q,Avg-Last-10,0.0,0.0
AFDFTJ3BAVWKRJGGYK5KQY2OMX5Q,Recency-Weighted,0.0,0.0
AFDFTJ3BAVWKRJGGYK5KQY2OMX5Q,Essence (K=10),0.0,0.0
AFDHZY2DIPEJWZAQ4GAULEYFWYMQ,Random,0.0,0.0
AFDHZY2DIPEJWZAQ4GAULEYFWYMQ,Popularity,0.0,0.0
AFDHZY2DIPEJWZAQ4GAULEYFWYMQ,CF (ItemKNN),0.0,0.0
AFDHZY2DIPEJWZAQ4GAULEYFWYMQ,Content (Avg Emb),0.0,0.0
AFDHZY2DIPEJWZAQ4GAULEYFWYMQ,Last-Item,0.0,0.0
AFDHZY2DIPEJWZAQ4GAULEYFWYMQ,Avg-Last-10,0.0,0.0
AFDHZY2DIPEJWZAQ4GAULEYFWYMQ,Recency-Weighted,0.0,0.0
AFDHZY2DIPEJWZAQ4GAULEYFWYMQ,Essence (K=10),0.0,0.0
AFDITV3F3SSEU5WXDL3D53MSW4EA,Random,0.0,
AFDITV3F3SSEU5WXDL3D53MSW4EA,Popularity,0.0,
AFDITV3F3SSEU5WXDL3D53MSW4EA,CF (ItemKNN),0.0,
AFDITV3F3SSEU5WXDL3D53MSW4EA,Content (Avg Emb),0.2,
AFDITV3F3SSEU5WXDL3D53MSW4EA,Last-Item,0.0,
AFDITV3F3SSEU5WXDL3D53MSW4EA,Avg-Last-10,0.0,
AFDITV3F3SSEU5WXDL3D53MSW4EA,Recency-Weighted,0.0,
AFDITV3F3SSEU5WXDL3D53MSW4EA,Essence (K=10),0.2,
AFDM2BFUDBKT5QE3VJJI5JBL3GTA,Random,0.0,0.0
AFDM2BFUDBKT5QE3VJJI5JBL3GTA,Popularity,0.0,0.0
AFDM2BFUDBKT5QE3VJJI5JBL3GTA,CF (ItemKNN),0.0,0.0
AFDM2BFUDBKT5QE3VJJI5JBL3GTA,Content (Avg Emb),0.0,0.0
AFDM2BFUDBKT5QE3VJJI5JBL3GTA,Last-Item,0.25,0.0
AFDM2BFUDBKT5QE3VJJI5JBL3GTA,Avg-Last-10,0.0,0.0
AFDM2BFUDBKT5QE3VJJI5JBL3GTA,Recency-Weighted,0.0,0.0
AFDM2BFUDBKT5QE3VJJI5JBL3GTA,Essence (K=10),0.0,0.0
AFDMJMMS5RN2VUXUYFMUFT6PY7GQ,Random,0.0,0.0
AFDMJMMS5RN2VUXUYFMUFT6PY7GQ,Popularity,0.0,0.0
AFDMJMMS5RN2VUXUYFMUFT6PY7GQ,CF (ItemKNN),0.0,0.0
AFDMJMMS5RN2VUXUYFMUFT6PY7GQ,Content (Avg Emb),0.0,0.0
AFDMJMMS5RN2VUXUYFMUFT6PY7GQ,Last-Item,0.0,0.0
AFDMJMMS5RN2VUXUYFMUFT6PY7GQ,Avg-Last-10,0.0,0.0
AFDMJMMS5RN2VUXUYFMUFT6PY7GQ,Recency-Weighted,0.0,0.0
AFDMJMMS5RN2VUXUYFMUFT6PY7GQ,Essence (K=10),0.0,0.0
AFDQRFTSDPSAH6PTD2ZQQQUCNTMQ,Random,0.0,
AFDQRFTSDPSAH6PTD2ZQQQUCNTMQ,Popularity,0.0,
AFDQRFTSDPSAH6PTD2ZQQQUCNTMQ,CF (ItemKNN),0.0,
AFDQRFTSDPSAH6PTD2ZQQQUCNTMQ,Content (Avg Emb),0.0,
AFDQRFTSDPSAH6PTD2ZQQQUCNTMQ,Last-Item,0.2,
AFDQRFTSDPSAH6PTD2ZQQQUCNTMQ,Avg-Last-10,0.0,
AFDQRFTSDPSAH6PTD2ZQQQUCNTMQ,Recency-Weighted,0.0,
AFDQRFTSDPSAH6PTD2ZQQQUCNTMQ,Essence (K=10),0.0,
AFDUYQXWC52QJQ62TI5ZPFRQTSKA,Random,0.0,
AFDUYQXWC52QJQ62TI5ZPFRQTSKA,Popularity,0.0,
AFDUYQXWC52QJQ62TI5ZPFRQTSKA,CF (ItemKNN),0.0,
AFDUYQXWC52QJQ62TI5ZPFRQTSKA,Content (Avg Emb),0.2727272727272727,
AFDUYQXWC52QJQ62TI5ZPFRQTSKA,Last-Item,0.45454545454545453,
AFDUYQXWC52QJQ62TI5ZPFRQTSKA,Avg-Last-10,0.36363636363636365,
AFDUYQXWC52QJQ62TI5ZPFRQTSKA,Recency-Weighted,0.36363636363636365,
AFDUYQXWC52QJQ62TI5ZPFRQTSKA,Essence (K=10),0.2727272727272727,
AFDZVXSFWCYI6SUAPNDAIE7BSWUA,Random,0.0,0.0
AFDZVXSFWCYI6SUAPNDAIE7BSWUA,Popularity,0.0,0.0
AFDZVXSFWCYI6SUAPNDAIE7BSWUA,CF (ItemKNN),0.0,0.0
AFDZVXSFWCYI6SUAPNDAIE7BSWUA,Content (Avg Emb),0.0,0.0
AFDZVXSFWCYI6SUAPNDAIE7BSWUA,Last-Item,0.0,0.0
AFDZVXSFWCYI6SUAPNDAIE7BSWUA,Avg-Last-10,0.0,0.0
AFDZVXSFWCYI6SUAPNDAIE7BSWUA,Recency-Weighted,0.0,0.0
AFDZVXSFWCYI6SUAPNDAIE7BSWUA,Essence (K=10),0.0,0.0
AFE2VGDSWNXXLDJ6JWTKDSRNUCXA,Random,0.0,0.0
AFE2VGDSWNXXLDJ6JWTKDSRNUCXA,Popularity,0.0,0.0
AFE2VGDSWNXXLDJ6JWTKDSRNUCXA,CF (ItemKNN),0.0,0.0
AFE2VGDSWNXXLDJ6JWTKDSRNUCXA,Content (Avg Emb),0.14285714285714285,0.0
AFE2VGDSWNXXLDJ6JWTKDSRNUCXA,Last-Item,0.14285714285714285,0.0
AFE2VGDSWNXXLDJ6JWTKDSRNUCXA,Avg-Last-10,0.14285714285714285,0.0
AFE2VGDSWNXXLDJ6JWTKDSRNUCXA,Recency-Weighted,0.2857142857142857,0.0
AFE2VGDSWNXXLDJ6JWTKDSRNUCXA,Essence (K=10),0.0,0.0
AFE5DWQHCRTF4TCC7Q3ZXMNRYDOA,Random,0.0,
AFE5DWQHCRTF4TCC7Q3ZXMNRYDOA,Popularity,0.0,
AFE5DWQHCRTF4TCC7Q3ZXMNRYDOA,CF (ItemKNN),0.0,
AFE5DWQHCRTF4TCC7Q3ZXMNRYDOA,Content (Avg Emb),0.0,
AFE5DWQHCRTF4TCC7Q3ZXMNRYDOA,Last-Item,0.0,
AFE5DWQHCRTF4TCC7Q3ZXMNRYDOA,Avg-Last-10,0.0,
AFE5DWQHCRTF4TCC7Q3ZXMNRYDOA,Recency-Weighted,0.0,
AFE5DWQHCRTF4TCC7Q3ZXMNRYDOA,Essence (K=10),0.0,
AFE6LRD7D7TBPSQZWJQXHTT6NBNQ,Random,0.0,0.0
AFE6LRD7D7TBPSQZWJQXHTT6NBNQ,Popularity,0.0,0.0
AFE6LRD7D7TBPSQZWJQXHTT6NBNQ,CF (ItemKNN),0.0,0.0
AFE6LRD7D7TBPSQZWJQXHTT6NBNQ,Content (Avg Emb),0.0,0.0
AFE6LRD7D7TBPSQZWJQXHTT6NBNQ,Last-Item,0.0,0.0
AFE6LRD7D7TBPSQZWJQXHTT6NBNQ,Avg-Last-10,0.0,0.0
AFE6LRD7D7TBPSQZWJQXHTT6NBNQ,Recency-Weighted,0.0,0.0
AFE6LRD7D7TBPSQZWJQXHTT6NBNQ,Essence (K=10),0.0,0.0
AFE75MLTO7LVOYZVFI2MMWCMFVFA,Random,0.0,
AFE75MLTO7LVOYZVFI2MMWCMFVFA,Popularity,0.0,
AFE75MLTO7LVOYZVFI2MMWCMFVFA,CF (ItemKNN),0.0,
AFE75MLTO7LVOYZVFI2MMWCMFVFA,Content (Avg Emb),0.0,
AFE75MLTO7LVOYZVFI2MMWCMFVFA,Last-Item,0.0,
AFE75MLTO7LVOYZVFI2MMWCMFVFA,Avg-Last-10,0.0,
AFE75MLTO7LVOYZVFI2MMWCMFVFA,Recency-Weighted,0.0,
AFE75MLTO7LVOYZVFI2MMWCMFVFA,Essence (K=10),0.0,
AFEAYSF4UBQ33GSNYM2DYWNCMIYQ,Random,0.0,0.0
AFEAYSF4UBQ33GSNYM2DYWNCMIYQ,Popularity,0.0,0.0
AFEAYSF4UBQ33GSNYM2DYWNCMIYQ,CF (ItemKNN),0.0,0.0
AFEAYSF4UBQ33GSNYM2DYWNCMIYQ,Content (Avg Emb),0.0,0.0
AFEAYSF4UBQ33GSNYM2DYWNCMIYQ,Last-Item,0.0,0.0
AFEAYSF4UBQ33GSNYM2DYWNCMIYQ,Avg-Last-10,0.0,0.0
AFEAYSF4UBQ33GSNYM2DYWNCMIYQ,Recency-Weighted,0.0,0.0
AFEAYSF4UBQ33GSNYM2DYWNCMIYQ,Essence (K=10),0.0,0.0
AFEC5FJGVU5A6HG33AEIY6N3J53Q,Random,0.0,0.0
AFEC5FJGVU5A6HG33AEIY6N3J53Q,Popularity,0.0,0.0
AFEC5FJGVU5A6HG33AEIY6N3J53Q,CF (ItemKNN),0.0,0.0
AFEC5FJGVU5A6HG33AEIY6N3J53Q,Content (Avg Emb),0.0,0.0
AFEC5FJGVU5A6HG33AEIY6N3J53Q,Last-Item,0.16666666666666666,0.0
AFEC5FJGVU5A6HG33AEIY6N3J53Q,Avg-Last-10,0.0,0.0
AFEC5FJGVU5A6HG33AEIY6N3J53Q,Recency-Weighted,0.0,0.0
AFEC5FJGVU5A6HG33AEIY6N3J53Q,Essence (K=10),0.0,0.0
AFEDW6ZWEFZNDPS5LTQAJKPCKYJA,Random,0.0,0.0
AFEDW6ZWEFZNDPS5LTQAJKPCKYJA,Popularity,0.0,0.0
AFEDW6ZWEFZNDPS5LTQAJKPCKYJA,CF (ItemKNN),0.1111111111111111,0.0
AFEDW6ZWEFZNDPS5LTQAJKPCKYJA,Content (Avg Emb),0.0,0.0
AFEDW6ZWEFZNDPS5LTQAJKPCKYJA,Last-Item,0.0,0.0
AFEDW6ZWEFZNDPS5LTQAJKPCKYJA,Avg-Last-10,0.0,0.0
AFEDW6ZWEFZNDPS5LTQAJKPCKYJA,Recency-Weighted,0.0,0.0
AFEDW6ZWEFZNDPS5LTQAJKPCKYJA,Essence (K=10),0.0,0.0
AFEEFLMJL6B6SXJ2DHIOQSZJM6GQ,Random,0.0,
AFEEFLMJL6B6SXJ2DHIOQSZJM6GQ,Popularity,0.0,
AFEEFLMJL6B6SXJ2DHIOQSZJM6GQ,CF (ItemKNN),0.0,
AFEEFLMJL6B6SXJ2DHIOQSZJM6GQ,Content (Avg Emb),0.0,
AFEEFLMJL6B6SXJ2DHIOQSZJM6GQ,Last-Item,0.0,
AFEEFLMJL6B6SXJ2DHIOQSZJM6GQ,Avg-Last-10,0.0,
AFEEFLMJL6B6SXJ2DHIOQSZJM6GQ,Recency-Weighted,0.0,
AFEEFLMJL6B6SXJ2DHIOQSZJM6GQ,Essence (K=10),0.0,
AFEGT3JRJES7GBX5GEPEQCFUQLSA,Random,0.0,0.0
AFEGT3JRJES7GBX5GEPEQCFUQLSA,Popularity,0.0,0.0
AFEGT3JRJES7GBX5GEPEQCFUQLSA,CF (ItemKNN),0.0,0.0
AFEGT3JRJES7GBX5GEPEQCFUQLSA,Content (Avg Emb),0.0,0.0
AFEGT3JRJES7GBX5GEPEQCFUQLSA,Last-Item,0.0,0.0
AFEGT3JRJES7GBX5GEPEQCFUQLSA,Avg-Last-10,0.0,0.0
AFEGT3JRJES7GBX5GEPEQCFUQLSA,Recency-Weighted,0.0,0.0
AFEGT3JRJES7GBX5GEPEQCFUQLSA,Essence (K=10),0.0,0.0
AFEHJ4XBEBBYDGP5LWFHHLVQBPTA,Random,0.0,0.0
AFEHJ4XBEBBYDGP5LWFHHLVQBPTA,Popularity,0.0,0.0
AFEHJ4XBEBBYDGP5LWFHHLVQBPTA,CF (ItemKNN),0.0,0.0
AFEHJ4XBEBBYDGP5LWFHHLVQBPTA,Content (Avg Emb),0.0,0.0
AFEHJ4XBEBBYDGP5LWFHHLVQBPTA,Last-Item,0.0,0.0
AFEHJ4XBEBBYDGP5LWFHHLVQBPTA,Avg-Last-10,0.0,0.0
AFEHJ4XBEBBYDGP5LWFHHLVQBPTA,Recency-Weighted,0.0,0.0
AFEHJ4XBEBBYDGP5LWFHHLVQBPTA,Essence (K=10),0.0,0.0
AFEHLE4R3Z4S2UKGVZM5SZULQIBQ,Random,0.0,0.0
AFEHLE4R3Z4S2UKGVZM5SZULQIBQ,Popularity,0.0,0.0
AFEHLE4R3Z4S2UKGVZM5SZULQIBQ,CF (ItemKNN),0.0,0.0
AFEHLE4R3Z4S2UKGVZM5SZULQIBQ,Content (Avg Emb),0.0,0.0
AFEHLE4R3Z4S2UKGVZM5SZULQIBQ,Last-Item,0.2,1.0
AFEHLE4R3Z4S2UKGVZM5SZULQIBQ,Avg-Last-10,0.2,1.0
AFEHLE4R3Z4S2UKGVZM5SZULQIBQ,Recency-Weighted,0.2,1.0
AFEHLE4R3Z4S2UKGVZM5SZULQIBQ,Essence (K=10),0.2,1.0
AFEIZ73KLJ2MYH3LMYEMZ5NQ26UA,Random,0.0,0.0
AFEIZ73KLJ2MYH3LMYEMZ5NQ26UA,Popularity,0.0,0.0
AFEIZ73KLJ2MYH3LMYEMZ5NQ26UA,CF (ItemKNN),0.0,0.0
AFEIZ73KLJ2MYH3LMYEMZ5NQ26UA,Content (Avg Emb),0.0,0.0
AFEIZ73KLJ2MYH3LMYEMZ5NQ26UA,Last-Item,0.0,0.0
AFEIZ73KLJ2MYH3LMYEMZ5NQ26UA,Avg-Last-10,0.0,0.0
AFEIZ73KLJ2MYH3LMYEMZ5NQ26UA,Recency-Weighted,0.0,0.0
AFEIZ73KLJ2MYH3LMYEMZ5NQ26UA,Essence (K=10),0.0,0.0
AFEJJFXLLOOAMTRWJ7KH2QG7QQEQ,Random,0.0,
AFEJJFXLLOOAMTRWJ7KH2QG7QQEQ,Popularity,0.0,
AFEJJFXLLOOAMTRWJ7KH2QG7QQEQ,CF (ItemKNN),0.0,
AFEJJFXLLOOAMTRWJ7KH2QG7QQEQ,Content (Avg Emb),0.0,
AFEJJFXLLOOAMTRWJ7KH2QG7QQEQ,Last-Item,0.125,
AFEJJFXLLOOAMTRWJ7KH2QG7QQEQ,Avg-Last-10,0.0,
AFEJJFXLLOOAMTRWJ7KH2QG7QQEQ,Recency-Weighted,0.0,
AFEJJFXLLOOAMTRWJ7KH2QG7QQEQ,Essence (K=10),0.125,
AFEKUYSHVEG42WY2X3OHM6BR4BOA,Random,0.0,0.0
AFEKUYSHVEG42WY2X3OHM6BR4BOA,Popularity,0.0,0.0
AFEKUYSHVEG42WY2X3OHM6BR4BOA,CF (ItemKNN),0.0,0.0
AFEKUYSHVEG42WY2X3OHM6BR4BOA,Content (Avg Emb),0.0,0.0
AFEKUYSHVEG42WY2X3OHM6BR4BOA,Last-Item,0.0,0.0
AFEKUYSHVEG42WY2X3OHM6BR4BOA,Avg-Last-10,0.0,0.0
AFEKUYSHVEG42WY2X3OHM6BR4BOA,Recency-Weighted,0.0,0.0
AFEKUYSHVEG42WY2X3OHM6BR4BOA,Essence (K=10),0.0,0.0
AFELPIBUWFOJYXIYLRJXMKSEAGIQ,Random,0.0,0.0
AFELPIBUWFOJYXIYLRJXMKSEAGIQ,Popularity,0.0,0.0
AFELPIBUWFOJYXIYLRJXMKSEAGIQ,CF (ItemKNN),0.0,0.0
AFELPIBUWFOJYXIYLRJXMKSEAGIQ,Content (Avg Emb),0.0,0.0
AFELPIBUWFOJYXIYLRJXMKSEAGIQ,Last-Item,0.125,0.0
AFELPIBUWFOJYXIYLRJXMKSEAGIQ,Avg-Last-10,0.0,0.0
AFELPIBUWFOJYXIYLRJXMKSEAGIQ,Recency-Weighted,0.0,0.0
AFELPIBUWFOJYXIYLRJXMKSEAGIQ,Essence (K=10),0.0,0.0
AFEMZXZD5SD4GFX7QS4JL4QUGMFA,Random,0.0,0.0
AFEMZXZD5SD4GFX7QS4JL4QUGMFA,Popularity,0.0,0.0
AFEMZXZD5SD4GFX7QS4JL4QUGMFA,CF (ItemKNN),0.0,0.0
AFEMZXZD5SD4GFX7QS4JL4QUGMFA,Content (Avg Emb),0.0,0.0
AFEMZXZD5SD4GFX7QS4JL4QUGMFA,Last-Item,0.14285714285714285,0.3333333333333333
AFEMZXZD5SD4GFX7QS4JL4QUGMFA,Avg-Last-10,0.0,0.0
AFEMZXZD5SD4GFX7QS4JL4QUGMFA,Recency-Weighted,0.14285714285714285,0.3333333333333333
AFEMZXZD5SD4GFX7QS4JL4QUGMFA,Essence (K=10),0.0,0.0
AFEPW5HPDSM7QO3XXQYHXASEHK6A,Random,0.0,
AFEPW5HPDSM7QO3XXQYHXASEHK6A,Popularity,0.0,
AFEPW5HPDSM7QO3XXQYHXASEHK6A,CF (ItemKNN),0.0,
AFEPW5HPDSM7QO3XXQYHXASEHK6A,Content (Avg Emb),0.0,
AFEPW5HPDSM7QO3XXQYHXASEHK6A,Last-Item,0.0,
AFEPW5HPDSM7QO3XXQYHXASEHK6A,Avg-Last-10,0.0,
AFEPW5HPDSM7QO3XXQYHXASEHK6A,Recency-Weighted,0.0,
AFEPW5HPDSM7QO3XXQYHXASEHK6A,Essence (K=10),0.0,
AFEQXQ2OVWYA3M6ODLRGNZJUZBVQ,Random,0.0,0.0
AFEQXQ2OVWYA3M6ODLRGNZJUZBVQ,Popularity,0.0,0.0
AFEQXQ2OVWYA3M6ODLRGNZJUZBVQ,CF (ItemKNN),0.0,0.0
AFEQXQ2OVWYA3M6ODLRGNZJUZBVQ,Content (Avg Emb),0.0,0.0
AFEQXQ2OVWYA3M6ODLRGNZJUZBVQ,Last-Item,0.0,0.0
AFEQXQ2OVWYA3M6ODLRGNZJUZBVQ,Avg-Last-10,0.0,0.0
AFEQXQ2OVWYA3M6ODLRGNZJUZBVQ,Recency-Weighted,0.0,0.0
AFEQXQ2OVWYA3M6ODLRGNZJUZBVQ,Essence (K=10),0.0,0.0
AFETQ4YGNPOHVPJPGD2LWOV7QIEA,Random,0.0,
AFETQ4YGNPOHVPJPGD2LWOV7QIEA,Popularity,0.0,
AFETQ4YGNPOHVPJPGD2LWOV7QIEA,CF (ItemKNN),0.0,
AFETQ4YGNPOHVPJPGD2LWOV7QIEA,Content (Avg Emb),0.0,
AFETQ4YGNPOHVPJPGD2LWOV7QIEA,Last-Item,0.0,
AFETQ4YGNPOHVPJPGD2LWOV7QIEA,Avg-Last-10,0.0,
AFETQ4YGNPOHVPJPGD2LWOV7QIEA,Recency-Weighted,0.0,
AFETQ4YGNPOHVPJPGD2LWOV7QIEA,Essence (K=10),0.0,
AFETSVMNXQNMNFLC3IYSGNZFVF5A,Random,0.0,0.0
AFETSVMNXQNMNFLC3IYSGNZFVF5A,Popularity,0.0,0.0
AFETSVMNXQNMNFLC3IYSGNZFVF5A,CF (ItemKNN),0.0,0.0
AFETSVMNXQNMNFLC3IYSGNZFVF5A,Content (Avg Emb),0.0,0.0
AFETSVMNXQNMNFLC3IYSGNZFVF5A,Last-Item,0.0,0.0
AFETSVMNXQNMNFLC3IYSGNZFVF5A,Avg-Last-10,0.0,0.0
AFETSVMNXQNMNFLC3IYSGNZFVF5A,Recency-Weighted,0.0,0.0
AFETSVMNXQNMNFLC3IYSGNZFVF5A,Essence (K=10),0.0,0.0
AFFEKCGG3ORMCRO7SSU2TRULMZDQ,Random,0.0,0.0
AFFEKCGG3ORMCRO7SSU2TRULMZDQ,Popularity,0.0,0.0
AFFEKCGG3ORMCRO7SSU2TRULMZDQ,CF (ItemKNN),0.0,0.0
AFFEKCGG3ORMCRO7SSU2TRULMZDQ,Content (Avg Emb),0.0,0.0
AFFEKCGG3ORMCRO7SSU2TRULMZDQ,Last-Item,0.0,0.0
AFFEKCGG3ORMCRO7SSU2TRULMZDQ,Avg-Last-10,0.0,0.0
AFFEKCGG3ORMCRO7SSU2TRULMZDQ,Recency-Weighted,0.0,0.0
AFFEKCGG3ORMCRO7SSU2TRULMZDQ,Essence (K=10),0.0,0.0
AFFERFL7MJRSEDRXCWGIN4UCNPNA,Random,0.0,
AFFERFL7MJRSEDRXCWGIN4UCNPNA,Popularity,0.0,
AFFERFL7MJRSEDRXCWGIN4UCNPNA,CF (ItemKNN),0.0,
AFFERFL7MJRSEDRXCWGIN4UCNPNA,Content (Avg Emb),0.0,
AFFERFL7MJRSEDRXCWGIN4UCNPNA,Last-Item,0.0,
AFFERFL7MJRSEDRXCWGIN4UCNPNA,Avg-Last-10,0.0,
AFFERFL7MJRSEDRXCWGIN4UCNPNA,Recency-Weighted,0.0,
AFFERFL7MJRSEDRXCWGIN4UCNPNA,Essence (K=10),0.0,
AFFFGSS233TYZMRAOXNXDUWIP3JQ,Random,0.0,
AFFFGSS233TYZMRAOXNXDUWIP3JQ,Popularity,0.0,
AFFFGSS233TYZMRAOXNXDUWIP3JQ,CF (ItemKNN),0.0,
AFFFGSS233TYZMRAOXNXDUWIP3JQ,Content (Avg Emb),0.0,
AFFFGSS233TYZMRAOXNXDUWIP3JQ,Last-Item,0.0,
AFFFGSS233TYZMRAOXNXDUWIP3JQ,Avg-Last-10,0.0,
AFFFGSS233TYZMRAOXNXDUWIP3JQ,Recency-Weighted,0.0,
AFFFGSS233TYZMRAOXNXDUWIP3JQ,Essence (K=10),0.0,
AFFGGD5FVGW2GNBY45ABD646MZ6Q,Random,0.0,
AFFGGD5FVGW2GNBY45ABD646MZ6Q,Popularity,0.0,
AFFGGD5FVGW2GNBY45ABD646MZ6Q,CF (ItemKNN),0.0,
AFFGGD5FVGW2GNBY45ABD646MZ6Q,Content (Avg Emb),0.0,
AFFGGD5FVGW2GNBY45ABD646MZ6Q,Last-Item,0.0,
AFFGGD5FVGW2GNBY45ABD646MZ6Q,Avg-Last-10,0.1111111111111111,
AFFGGD5FVGW2GNBY45ABD646MZ6Q,Recency-Weighted,0.1111111111111111,
AFFGGD5FVGW2GNBY45ABD646MZ6Q,Essence (K=10),0.1111111111111111,
AFFHFFUH6X5X75YX3Q6Y5CR2TZOA,Random,0.045454545454545456,0.0
AFFHFFUH6X5X75YX3Q6Y5CR2TZOA,Popularity,0.0,0.0
AFFHFFUH6X5X75YX3Q6Y5CR2TZOA,CF (ItemKNN),0.0,0.0
AFFHFFUH6X5X75YX3Q6Y5CR2TZOA,Content (Avg Emb),0.0,0.0
AFFHFFUH6X5X75YX3Q6Y5CR2TZOA,Last-Item,0.18181818181818182,0.0
AFFHFFUH6X5X75YX3Q6Y5CR2TZOA,Avg-Last-10,0.13636363636363635,0.0
AFFHFFUH6X5X75YX3Q6Y5CR2TZOA,Recency-Weighted,0.18181818181818182,0.0
AFFHFFUH6X5X75YX3Q6Y5CR2TZOA,Essence (K=10),0.13636363636363635,0.0
AFFJNE3GWSLZCPXVULSA2VSPUVKA,Random,0.0,0.0
AFFJNE3GWSLZCPXVULSA2VSPUVKA,Popularity,0.0,0.0
AFFJNE3GWSLZCPXVULSA2VSPUVKA,CF (ItemKNN),0.0,0.0
AFFJNE3GWSLZCPXVULSA2VSPUVKA,Content (Avg Emb),0.0,0.0
AFFJNE3GWSLZCPXVULSA2VSPUVKA,Last-Item,0.0,0.0
AFFJNE3GWSLZCPXVULSA2VSPUVKA,Avg-Last-10,0.0,0.0
AFFJNE3GWSLZCPXVULSA2VSPUVKA,Recency-Weighted,0.0,0.0
AFFJNE3GWSLZCPXVULSA2VSPUVKA,Essence (K=10),0.0,0.0
AFFJQDIHMS6LS3LQL4KR4AQJU3GA,Random,0.0,0.0
AFFJQDIHMS6LS3LQL4KR4AQJU3GA,Popularity,0.0,0.0
AFFJQDIHMS6LS3LQL4KR4AQJU3GA,CF (ItemKNN),0.0,0.0
AFFJQDIHMS6LS3LQL4KR4AQJU3GA,Content (Avg Emb),0.0,0.0
AFFJQDIHMS6LS3LQL4KR4AQJU3GA,Last-Item,0.0,0.0
AFFJQDIHMS6LS3LQL4KR4AQJU3GA,Avg-Last-10,0.0,0.0
AFFJQDIHMS6LS3LQL4KR4AQJU3GA,Recency-Weighted,0.0,0.0
AFFJQDIHMS6LS3LQL4KR4AQJU3GA,Essence (K=10),0.0,0.0
AFFT6S6HUO2ASASYZXQFQIOZB5CA,Random,0.0,0.0
AFFT6S6HUO2ASASYZXQFQIOZB5CA,Popularity,0.0,0.0
AFFT6S6HUO2ASASYZXQFQIOZB5CA,CF (ItemKNN),0.0,0.0
AFFT6S6HUO2ASASYZXQFQIOZB5CA,Content (Avg Emb),0.0,0.0
AFFT6S6HUO2ASASYZXQFQIOZB5CA,Last-Item,0.0,0.0
AFFT6S6HUO2ASASYZXQFQIOZB5CA,Avg-Last-10,0.0,0.0
AFFT6S6HUO2ASASYZXQFQIOZB5CA,Recency-Weighted,0.0,0.0
AFFT6S6HUO2ASASYZXQFQIOZB5CA,Essence (K=10),0.0,0.0
AFFUDOEGTI6YMAMRH2ZG6FKAY3FA,Random,0.0,
AFFUDOEGTI6YMAMRH2ZG6FKAY3FA,Popularity,0.0,
AFFUDOEGTI6YMAMRH2ZG6FKAY3FA,CF (ItemKNN),0.0,
AFFUDOEGTI6YMAMRH2ZG6FKAY3FA,Content (Avg Emb),0.0,
AFFUDOEGTI6YMAMRH2ZG6FKAY3FA,Last-Item,0.0,
AFFUDOEGTI6YMAMRH2ZG6FKAY3FA,Avg-Last-10,0.0,
AFFUDOEGTI6YMAMRH2ZG6FKAY3FA,Recency-Weighted,0.0,
AFFUDOEGTI6YMAMRH2ZG6FKAY3FA,Essence (K=10),0.0,
AFFVRCFUTVQFOTIJ4OINSRFTF42A,Random,0.0,0.0
AFFVRCFUTVQFOTIJ4OINSRFTF42A,Popularity,0.0,0.0
AFFVRCFUTVQFOTIJ4OINSRFTF42A,CF (ItemKNN),0.0,0.0
AFFVRCFUTVQFOTIJ4OINSRFTF42A,Content (Avg Emb),0.0,0.0
AFFVRCFUTVQFOTIJ4OINSRFTF42A,Last-Item,0.0,0.0
AFFVRCFUTVQFOTIJ4OINSRFTF42A,Avg-Last-10,0.0,0.0
AFFVRCFUTVQFOTIJ4OINSRFTF42A,Recency-Weighted,0.0,0.0
AFFVRCFUTVQFOTIJ4OINSRFTF42A,Essence (K=10),0.0,0.0
AFFWIKWKCCODJ6RFRUCMIG57USKA,Random,0.0,0.0
AFFWIKWKCCODJ6RFRUCMIG57USKA,Popularity,0.0,0.0
AFFWIKWKCCODJ6RFRUCMIG57USKA,CF (ItemKNN),0.0,0.0
AFFWIKWKCCODJ6RFRUCMIG57USKA,Content (Avg Emb),0.0,0.0
AFFWIKWKCCODJ6RFRUCMIG57USKA,Last-Item,0.0,0.0
AFFWIKWKCCODJ6RFRUCMIG57USKA,Avg-Last-10,0.0,0.0
AFFWIKWKCCODJ6RFRUCMIG57USKA,Recency-Weighted,0.0,0.0
AFFWIKWKCCODJ6RFRUCMIG57USKA,Essence (K=10),0.0,0.0
AFFXIUQN7K45C4NE72J5BXGFX2EQ,Random,0.0,0.0
AFFXIUQN7K45C4NE72J5BXGFX2EQ,Popularity,0.0,0.0
AFFXIUQN7K45C4NE72J5BXGFX2EQ,CF (ItemKNN),0.0,0.0
AFFXIUQN7K45C4NE72J5BXGFX2EQ,Content (Avg Emb),0.0,0.0
AFFXIUQN7K45C4NE72J5BXGFX2EQ,Last-Item,0.0,0.0
AFFXIUQN7K45C4NE72J5BXGFX2EQ,Avg-Last-10,0.0,0.0
AFFXIUQN7K45C4NE72J5BXGFX2EQ,Recency-Weighted,0.0,0.0
AFFXIUQN7K45C4NE72J5BXGFX2EQ,Essence (K=10),0.0,0.0
AFFYI4NKLRNCTO3GK7XY32IWISMA,Random,0.0,0.0
AFFYI4NKLRNCTO3GK7XY32IWISMA,Popularity,0.0,0.0
AFFYI4NKLRNCTO3GK7XY32IWISMA,CF (ItemKNN),0.0,0.0
AFFYI4NKLRNCTO3GK7XY32IWISMA,Content (Avg Emb),0.0,0.0
AFFYI4NKLRNCTO3GK7XY32IWISMA,Last-Item,0.0,0.0
AFFYI4NKLRNCTO3GK7XY32IWISMA,Avg-Last-10,0.0,0.0
AFFYI4NKLRNCTO3GK7XY32IWISMA,Recency-Weighted,0.16666666666666666,0.3333333333333333
AFFYI4NKLRNCTO3GK7XY32IWISMA,Essence (K=10),0.16666666666666666,0.3333333333333333
AFG2BEBWPMTWYMGM5GR2FHSJBFSQ,Random,0.0,0.0
AFG2BEBWPMTWYMGM5GR2FHSJBFSQ,Popularity,0.0,0.0
AFG2BEBWPMTWYMGM5GR2FHSJBFSQ,CF (ItemKNN),0.2,0.5
AFG2BEBWPMTWYMGM5GR2FHSJBFSQ,Content (Avg Emb),0.8,1.0
AFG2BEBWPMTWYMGM5GR2FHSJBFSQ,Last-Item,0.8,1.0
AFG2BEBWPMTWYMGM5GR2FHSJBFSQ,Avg-Last-10,0.8,1.0
AFG2BEBWPMTWYMGM5GR2FHSJBFSQ,Recency-Weighted,0.8,1.0
AFG2BEBWPMTWYMGM5GR2FHSJBFSQ,Essence (K=10),0.8,1.0
AFG7TECF5VGICHZ6GZWQVPEQ7NNA,Random,0.0,
AFG7TECF5VGICHZ6GZWQVPEQ7NNA,Popularity,0.0,
AFG7TECF5VGICHZ6GZWQVPEQ7NNA,CF (ItemKNN),0.0,
AFG7TECF5VGICHZ6GZWQVPEQ7NNA,Content (Avg Emb),0.0,
AFG7TECF5VGICHZ6GZWQVPEQ7NNA,Last-Item,0.0,
AFG7TECF5VGICHZ6GZWQVPEQ7NNA,Avg-Last-10,0.0,
AFG7TECF5VGICHZ6GZWQVPEQ7NNA,Recency-Weighted,0.0,
AFG7TECF5VGICHZ6GZWQVPEQ7NNA,Essence (K=10),0.0,
AFGAXSOCUOFU3EHU2AREEYCQ6HNA,Random,0.0,0.0
AFGAXSOCUOFU3EHU2AREEYCQ6HNA,Popularity,0.0,0.0
AFGAXSOCUOFU3EHU2AREEYCQ6HNA,CF (ItemKNN),0.0,0.0
AFGAXSOCUOFU3EHU2AREEYCQ6HNA,Content (Avg Emb),0.0,0.0
AFGAXSOCUOFU3EHU2AREEYCQ6HNA,Last-Item,0.0,0.0
AFGAXSOCUOFU3EHU2AREEYCQ6HNA,Avg-Last-10,0.0,0.0
AFGAXSOCUOFU3EHU2AREEYCQ6HNA,Recency-Weighted,0.0,0.0
AFGAXSOCUOFU3EHU2AREEYCQ6HNA,Essence (K=10),0.0,0.0
AFGFSCU3SYTZPZXYXTI54QESZKCQ,Random,0.0,
AFGFSCU3SYTZPZXYXTI54QESZKCQ,Popularity,0.0,
AFGFSCU3SYTZPZXYXTI54QESZKCQ,CF (ItemKNN),0.0,
AFGFSCU3SYTZPZXYXTI54QESZKCQ,Content (Avg Emb),0.0,
AFGFSCU3SYTZPZXYXTI54QESZKCQ,Last-Item,0.0,
AFGFSCU3SYTZPZXYXTI54QESZKCQ,Avg-Last-10,0.0,
AFGFSCU3SYTZPZXYXTI54QESZKCQ,Recency-Weighted,0.0,
AFGFSCU3SYTZPZXYXTI54QESZKCQ,Essence (K=10),0.0,
AFGGXRFTFI42QWM6GTY725VE664A,Random,0.0,
AFGGXRFTFI42QWM6GTY725VE664A,Popularity,0.0,
AFGGXRFTFI42QWM6GTY725VE664A,CF (ItemKNN),0.0,
AFGGXRFTFI42QWM6GTY725VE664A,Content (Avg Emb),0.0,
AFGGXRFTFI42QWM6GTY725VE664A,Last-Item,0.0,
AFGGXRFTFI42QWM6GTY725VE664A,Avg-Last-10,0.0,
AFGGXRFTFI42QWM6GTY725VE664A,Recency-Weighted,0.0,
AFGGXRFTFI42QWM6GTY725VE664A,Essence (K=10),0.0,
AFGHCUKSNZQZRIF42OGATFCW42EA,Random,0.0,0.0
AFGHCUKSNZQZRIF42OGATFCW42EA,Popularity,0.0,0.0
AFGHCUKSNZQZRIF42OGATFCW42EA,CF (ItemKNN),0.0,0.0
AFGHCUKSNZQZRIF42OGATFCW42EA,Content (Avg Emb),0.0,0.0
AFGHCUKSNZQZRIF42OGATFCW42EA,Last-Item,1.0,1.0
AFGHCUKSNZQZRIF42OGATFCW42EA,Avg-Last-10,0.0,0.0
AFGHCUKSNZQZRIF42OGATFCW42EA,Recency-Weighted,0.0,0.0
AFGHCUKSNZQZRIF42OGATFCW42EA,Essence (K=10),0.0,0.0
AFGHLIXVIO6HJSECEJNKLEHKFXCA,Random,0.0,
AFGHLIXVIO6HJSECEJNKLEHKFXCA,Popularity,0.0,
AFGHLIXVIO6HJSECEJNKLEHKFXCA,CF (ItemKNN),0.0,
AFGHLIXVIO6HJSECEJNKLEHKFXCA,Content (Avg Emb),0.0,
AFGHLIXVIO6HJSECEJNKLEHKFXCA,Last-Item,0.0,
AFGHLIXVIO6HJSECEJNKLEHKFXCA,Avg-Last-10,0.0,
AFGHLIXVIO6HJSECEJNKLEHKFXCA,Recency-Weighted,0.0,
AFGHLIXVIO6HJSECEJNKLEHKFXCA,Essence (K=10),0.25,
AFGKBRHGAOGVZGJTKUPVTH722TZA,Random,0.0,0.0
AFGKBRHGAOGVZGJTKUPVTH722TZA,Popularity,0.0,0.0
AFGKBRHGAOGVZGJTKUPVTH722TZA,CF (ItemKNN),0.0,0.0
AFGKBRHGAOGVZGJTKUPVTH722TZA,Content (Avg Emb),0.0,0.0
AFGKBRHGAOGVZGJTKUPVTH722TZA,Last-Item,0.0,0.0
AFGKBRHGAOGVZGJTKUPVTH722TZA,Avg-Last-10,0.0,0.0
AFGKBRHGAOGVZGJTKUPVTH722TZA,Recency-Weighted,0.0,0.0
AFGKBRHGAOGVZGJTKUPVTH722TZA,Essence (K=10),0.0,0.0
AFGKLGYTMLOVLGYTE3YO4UCX4OOA,Random,0.0,0.0
AFGKLGYTMLOVLGYTE3YO4UCX4OOA,Popularity,0.0,0.0
AFGKLGYTMLOVLGYTE3YO4UCX4OOA,CF (ItemKNN),0.0,0.0
AFGKLGYTMLOVLGYTE3YO4UCX4OOA,Content (Avg Emb),0.16666666666666666,0.5
AFGKLGYTMLOVLGYTE3YO4UCX4OOA,Last-Item,0.16666666666666666,0.5
AFGKLGYTMLOVLGYTE3YO4UCX4OOA,Avg-Last-10,0.16666666666666666,0.5
AFGKLGYTMLOVLGYTE3YO4UCX4OOA,Recency-Weighted,0.16666666666666666,0.5
AFGKLGYTMLOVLGYTE3YO4UCX4OOA,Essence (K=10),0.16666666666666666,0.5
AFGLDE5M7WSGSLE5BOK7F7HWPXQQ,Random,0.0,
AFGLDE5M7WSGSLE5BOK7F7HWPXQQ,Popularity,0.0,
AFGLDE5M7WSGSLE5BOK7F7HWPXQQ,CF (ItemKNN),0.0,
AFGLDE5M7WSGSLE5BOK7F7HWPXQQ,Content (Avg Emb),0.0,
AFGLDE5M7WSGSLE5BOK7F7HWPXQQ,Last-Item,0.0,
AFGLDE5M7WSGSLE5BOK7F7HWPXQQ,Avg-Last-10,0.0,
AFGLDE5M7WSGSLE5BOK7F7HWPXQQ,Recency-Weighted,0.0,
AFGLDE5M7WSGSLE5BOK7F7HWPXQQ,Essence (K=10),0.0,
AFGMANRXRRIDXH55OFW2YPKUK5RA,Random,0.0,
AFGMANRXRRIDXH55OFW2YPKUK5RA,Popularity,0.0,
AFGMANRXRRIDXH55OFW2YPKUK5RA,CF (ItemKNN),0.0,
AFGMANRXRRIDXH55OFW2YPKUK5RA,Content (Avg Emb),0.0,
AFGMANRXRRIDXH55OFW2YPKUK5RA,Last-Item,0.0,
AFGMANRXRRIDXH55OFW2YPKUK5RA,Avg-Last-10,0.0,
AFGMANRXRRIDXH55OFW2YPKUK5RA,Recency-Weighted,0.0,
AFGMANRXRRIDXH55OFW2YPKUK5RA,Essence (K=10),0.2,
AFGMBLNM4OYOUI3UAO33WRJN6JTQ,Random,0.0,
AFGMBLNM4OYOUI3UAO33WRJN6JTQ,Popularity,0.0,
AFGMBLNM4OYOUI3UAO33WRJN6JTQ,CF (ItemKNN),0.0,
AFGMBLNM4OYOUI3UAO33WRJN6JTQ,Content (Avg Emb),0.0,
AFGMBLNM4OYOUI3UAO33WRJN6JTQ,Last-Item,0.0,
AFGMBLNM4OYOUI3UAO33WRJN6JTQ,Avg-Last-10,0.0,
AFGMBLNM4OYOUI3UAO33WRJN6JTQ,Recency-Weighted,0.0,
AFGMBLNM4OYOUI3UAO33WRJN6JTQ,Essence (K=10),0.0,
AFGR5BKCRGLHW2VPCYVT3OXQXO5Q,Random,0.125,0.5
AFGR5BKCRGLHW2VPCYVT3OXQXO5Q,Popularity,0.0,0.0
AFGR5BKCRGLHW2VPCYVT3OXQXO5Q,CF (ItemKNN),0.0,0.0
AFGR5BKCRGLHW2VPCYVT3OXQXO5Q,Content (Avg Emb),0.0,0.0
AFGR5BKCRGLHW2VPCYVT3OXQXO5Q,Last-Item,0.0,0.0
AFGR5BKCRGLHW2VPCYVT3OXQXO5Q,Avg-Last-10,0.0,0.0
AFGR5BKCRGLHW2VPCYVT3OXQXO5Q,Recency-Weighted,0.0,0.0
AFGR5BKCRGLHW2VPCYVT3OXQXO5Q,Essence (K=10),0.0,0.0
AFH33S3WDW6JR3RSYZJYMAXGJOPQ,Random,0.0,0.0
AFH33S3WDW6JR3RSYZJYMAXGJOPQ,Popularity,0.0,0.0
AFH33S3WDW6JR3RSYZJYMAXGJOPQ,CF (ItemKNN),0.0,0.0
AFH33S3WDW6JR3RSYZJYMAXGJOPQ,Content (Avg Emb),0.0,0.0
AFH33S3WDW6JR3RSYZJYMAXGJOPQ,Last-Item,0.0,0.0
AFH33S3WDW6JR3RSYZJYMAXGJOPQ,Avg-Last-10,0.0,0.0
AFH33S3WDW6JR3RSYZJYMAXGJOPQ,Recency-Weighted,0.0,0.0
AFH33S3WDW6JR3RSYZJYMAXGJOPQ,Essence (K=10),0.0,0.0
AFH5LKGQRT36Y4Y6DZG7GQGLBYOA,Random,0.0,
AFH5LKGQRT36Y4Y6DZG7GQGLBYOA,Popularity,0.0,
AFH5LKGQRT36Y4Y6DZG7GQGLBYOA,CF (ItemKNN),0.0,
AFH5LKGQRT36Y4Y6DZG7GQGLBYOA,Content (Avg Emb),0.0,
AFH5LKGQRT36Y4Y6DZG7GQGLBYOA,Last-Item,0.0,
AFH5LKGQRT36Y4Y6DZG7GQGLBYOA,Avg-Last-10,0.0,
AFH5LKGQRT36Y4Y6DZG7GQGLBYOA,Recency-Weighted,0.0,
AFH5LKGQRT36Y4Y6DZG7GQGLBYOA,Essence (K=10),0.0,
AFH7CXTA4Z73MRTDUEOBG3K4EN4Q,Random,0.0,0.0
AFH7CXTA4Z73MRTDUEOBG3K4EN4Q,Popularity,0.0,0.0
AFH7CXTA4Z73MRTDUEOBG3K4EN4Q,CF (ItemKNN),0.0,0.0
AFH7CXTA4Z73MRTDUEOBG3K4EN4Q,Content (Avg Emb),0.0,0.0
AFH7CXTA4Z73MRTDUEOBG3K4EN4Q,Last-Item,0.0,0.0
AFH7CXTA4Z73MRTDUEOBG3K4EN4Q,Avg-Last-10,0.0,0.0
AFH7CXTA4Z73MRTDUEOBG3K4EN4Q,Recency-Weighted,0.0,0.0
AFH7CXTA4Z73MRTDUEOBG3K4EN4Q,Essence (K=10),0.0,0.0
AFHABSTUCWRPRSMHHPO6RSP5XT6A,Random,0.0,0.0
AFHABSTUCWRPRSMHHPO6RSP5XT6A,Popularity,0.0,0.0
AFHABSTUCWRPRSMHHPO6RSP5XT6A,CF (ItemKNN),0.0,0.0
AFHABSTUCWRPRSMHHPO6RSP5XT6A,Content (Avg Emb),0.0,0.0
AFHABSTUCWRPRSMHHPO6RSP5XT6A,Last-Item,0.0,0.0
AFHABSTUCWRPRSMHHPO6RSP5XT6A,Avg-Last-10,0.09090909090909091,0.0
AFHABSTUCWRPRSMHHPO6RSP5XT6A,Recency-Weighted,0.09090909090909091,0.0
AFHABSTUCWRPRSMHHPO6RSP5XT6A,Essence (K=10),0.09090909090909091,0.0
AFHAM46BETKOF5WS76R3TY6ZHR6A,Random,0.0,
AFHAM46BETKOF5WS76R3TY6ZHR6A,Popularity,0.0,
AFHAM46BETKOF5WS76R3TY6ZHR6A,CF (ItemKNN),0.0,
AFHAM46BETKOF5WS76R3TY6ZHR6A,Content (Avg Emb),0.0,
AFHAM46BETKOF5WS76R3TY6ZHR6A,Last-Item,0.0,
AFHAM46BETKOF5WS76R3TY6ZHR6A,Avg-Last-10,0.0,
AFHAM46BETKOF5WS76R3TY6ZHR6A,Recency-Weighted,0.0,
AFHAM46BETKOF5WS76R3TY6ZHR6A,Essence (K=10),0.0,
AFHDKHA74N3TGOMBJ34E2EPD5KWA,Random,0.0,
AFHDKHA74N3TGOMBJ34E2EPD5KWA,Popularity,0.0,
AFHDKHA74N3TGOMBJ34E2EPD5KWA,CF (ItemKNN),0.0,
AFHDKHA74N3TGOMBJ34E2EPD5KWA,Content (Avg Emb),0.0,
AFHDKHA74N3TGOMBJ34E2EPD5KWA,Last-Item,0.0,
AFHDKHA74N3TGOMBJ34E2EPD5KWA,Avg-Last-10,0.0,
AFHDKHA74N3TGOMBJ34E2EPD5KWA,Recency-Weighted,0.0,
AFHDKHA74N3TGOMBJ34E2EPD5KWA,Essence (K=10),0.0,
AFHIFYBT4HFTT5OQIXIB25D2WJNA,Random,0.0,0.0
AFHIFYBT4HFTT5OQIXIB25D2WJNA,Popularity,0.0,0.0
AFHIFYBT4HFTT5OQIXIB25D2WJNA,CF (ItemKNN),0.0,0.0
AFHIFYBT4HFTT5OQIXIB25D2WJNA,Content (Avg Emb),0.0,0.0
AFHIFYBT4HFTT5OQIXIB25D2WJNA,Last-Item,0.0,0.0
AFHIFYBT4HFTT5OQIXIB25D2WJNA,Avg-Last-10,0.0,0.0
AFHIFYBT4HFTT5OQIXIB25D2WJNA,Recency-Weighted,0.0,0.0
AFHIFYBT4HFTT5OQIXIB25D2WJNA,Essence (K=10),0.0,0.0
AFHNIWBZ5WLYUJYPU7BXTB3IQEQQ,Random,0.0,0.0
AFHNIWBZ5WLYUJYPU7BXTB3IQEQQ,Popularity,0.0,0.0
AFHNIWBZ5WLYUJYPU7BXTB3IQEQQ,CF (ItemKNN),0.0,0.0
AFHNIWBZ5WLYUJYPU7BXTB3IQEQQ,Content (Avg Emb),0.0,0.0
AFHNIWBZ5WLYUJYPU7BXTB3IQEQQ,Last-Item,0.0,0.0
AFHNIWBZ5WLYUJYPU7BXTB3IQEQQ,Avg-Last-10,0.0,0.0
AFHNIWBZ5WLYUJYPU7BXTB3IQEQQ,Recency-Weighted,0.0,0.0
AFHNIWBZ5WLYUJYPU7BXTB3IQEQQ,Essence (K=10),0.0,0.0
AFHNUXHUNDP2FXEZW4SMJKZRRQQA,Random,0.0,0.0
AFHNUXHUNDP2FXEZW4SMJKZRRQQA,Popularity,0.0,0.0
AFHNUXHUNDP2FXEZW4SMJKZRRQQA,CF (ItemKNN),0.0,0.0
AFHNUXHUNDP2FXEZW4SMJKZRRQQA,Content (Avg Emb),0.0,0.0
AFHNUXHUNDP2FXEZW4SMJKZRRQQA,Last-Item,0.0,0.0
AFHNUXHUNDP2FXEZW4SMJKZRRQQA,Avg-Last-10,0.0,0.0
AFHNUXHUNDP2FXEZW4SMJKZRRQQA,Recency-Weighted,0.0,0.0
AFHNUXHUNDP2FXEZW4SMJKZRRQQA,Essence (K=10),0.0,0.0
AFHP64LS4A3TQY62KU573ZBHMEKQ,Random,0.0,0.0
AFHP64LS4A3TQY62KU573ZBHMEKQ,Popularity,0.0,0.0
AFHP64LS4A3TQY62KU573ZBHMEKQ,CF (ItemKNN),0.0,0.0
AFHP64LS4A3TQY62KU573ZBHMEKQ,Content (Avg Emb),0.0,0.0
AFHP64LS4A3TQY62KU573ZBHMEKQ,Last-Item,0.0,0.0
AFHP64LS4A3TQY62KU573ZBHMEKQ,Avg-Last-10,0.0,0.0
AFHP64LS4A3TQY62KU573ZBHMEKQ,Recency-Weighted,0.0,0.0
AFHP64LS4A3TQY62KU573ZBHMEKQ,Essence (K=10),0.0,0.0
AFHPWTHVU77N4JFE4RRCU3BPJO5A,Random,0.0,0.0
AFHPWTHVU77N4JFE4RRCU3BPJO5A,Popularity,0.0,0.0
AFHPWTHVU77N4JFE4RRCU3BPJO5A,CF (ItemKNN),0.0,0.0
AFHPWTHVU77N4JFE4RRCU3BPJO5A,Content (Avg Emb),0.0,0.0
AFHPWTHVU77N4JFE4RRCU3BPJO5A,Last-Item,0.0,0.0
AFHPWTHVU77N4JFE4RRCU3BPJO5A,Avg-Last-10,0.0,0.0
AFHPWTHVU77N4JFE4RRCU3BPJO5A,Recency-Weighted,0.0,0.0
AFHPWTHVU77N4JFE4RRCU3BPJO5A,Essence (K=10),0.0,0.0
AFHT2PIIFPH2UIEOQN3XLI7AIRYA,Random,0.0,
AFHT2PIIFPH2UIEOQN3XLI7AIRYA,Popularity,0.0,
AFHT2PIIFPH2UIEOQN3XLI7AIRYA,CF (ItemKNN),0.0,
AFHT2PIIFPH2UIEOQN3XLI7AIRYA,Content (Avg Emb),0.0,
AFHT2PIIFPH2UIEOQN3XLI7AIRYA,Last-Item,0.0,
AFHT2PIIFPH2UIEOQN3XLI7AIRYA,Avg-Last-10,0.0,
AFHT2PIIFPH2UIEOQN3XLI7AIRYA,Recency-Weighted,0.0,
AFHT2PIIFPH2UIEOQN3XLI7AIRYA,Essence (K=10),0.0,
AFHWBJPPE4U2RZ6ZCASLSKIQUSEA,Random,0.0,0.0
AFHWBJPPE4U2RZ6ZCASLSKIQUSEA,Popularity,0.0,0.0
AFHWBJPPE4U2RZ6ZCASLSKIQUSEA,CF (ItemKNN),0.0,0.0
AFHWBJPPE4U2RZ6ZCASLSKIQUSEA,Content (Avg Emb),0.0,0.0
AFHWBJPPE4U2RZ6ZCASLSKIQUSEA,Last-Item,0.0,0.0
AFHWBJPPE4U2RZ6ZCASLSKIQUSEA,Avg-Last-10,0.0,0.0
AFHWBJPPE4U2RZ6ZCASLSKIQUSEA,Recency-Weighted,0.0,0.0
AFHWBJPPE4U2RZ6ZCASLSKIQUSEA,Essence (K=10),0.0,0.0
AFHYG2OWLHGFWNITXDBAN3KREP4A,Random,0.0,0.0
AFHYG2OWLHGFWNITXDBAN3KREP4A,Popularity,0.0,0.0
AFHYG2OWLHGFWNITXDBAN3KREP4A,CF (ItemKNN),0.0,0.0
AFHYG2OWLHGFWNITXDBAN3KREP4A,Content (Avg Emb),0.0,0.0
AFHYG2OWLHGFWNITXDBAN3KREP4A,Last-Item,0.0,0.0
AFHYG2OWLHGFWNITXDBAN3KREP4A,Avg-Last-10,0.0,0.0
AFHYG2OWLHGFWNITXDBAN3KREP4A,Recency-Weighted,0.0,0.0
AFHYG2OWLHGFWNITXDBAN3KREP4A,Essence (K=10),0.0,0.0
AFI4U52BZ6MKKT3RW4C4M5QY4YTA,Random,0.0,0.0
AFI4U52BZ6MKKT3RW4C4M5QY4YTA,Popularity,0.0,0.0
AFI4U52BZ6MKKT3RW4C4M5QY4YTA,CF (ItemKNN),0.0,0.0
AFI4U52BZ6MKKT3RW4C4M5QY4YTA,Content (Avg Emb),0.0,0.0
AFI4U52BZ6MKKT3RW4C4M5QY4YTA,Last-Item,0.0,0.0
AFI4U52BZ6MKKT3RW4C4M5QY4YTA,Avg-Last-10,0.0,0.0
AFI4U52BZ6MKKT3RW4C4M5QY4YTA,Recency-Weighted,0.0,0.0
AFI4U52BZ6MKKT3RW4C4M5QY4YTA,Essence (K=10),0.0,0.0
AFIAAHLAJ446IMWE3ONNFD56XSAQ,Random,0.0,0.0
AFIAAHLAJ446IMWE3ONNFD56XSAQ,Popularity,0.0,0.0
AFIAAHLAJ446IMWE3ONNFD56XSAQ,CF (ItemKNN),0.0,0.0
AFIAAHLAJ446IMWE3ONNFD56XSAQ,Content (Avg Emb),0.0,0.0
AFIAAHLAJ446IMWE3ONNFD56XSAQ,Last-Item,0.0,0.0
AFIAAHLAJ446IMWE3ONNFD56XSAQ,Avg-Last-10,0.0,0.0
AFIAAHLAJ446IMWE3ONNFD56XSAQ,Recency-Weighted,0.0,0.0
AFIAAHLAJ446IMWE3ONNFD56XSAQ,Essence (K=10),0.0,0.0
AFICP3C6QWEJ6YBSLMPF3NQYNEBQ,Random,0.0,
AFICP3C6QWEJ6YBSLMPF3NQYNEBQ,Popularity,0.0,
AFICP3C6QWEJ6YBSLMPF3NQYNEBQ,CF (ItemKNN),0.0,
AFICP3C6QWEJ6YBSLMPF3NQYNEBQ,Content (Avg Emb),0.0,
AFICP3C6QWEJ6YBSLMPF3NQYNEBQ,Last-Item,0.25,
AFICP3C6QWEJ6YBSLMPF3NQYNEBQ,Avg-Last-10,0.0,
AFICP3C6QWEJ6YBSLMPF3NQYNEBQ,Recency-Weighted,0.0,
AFICP3C6QWEJ6YBSLMPF3NQYNEBQ,Essence (K=10),0.0,
AFIEUAKF7OJOR2JA4OOQJC3JP5PA,Random,0.0,
AFIEUAKF7OJOR2JA4OOQJC3JP5PA,Popularity,0.0,
AFIEUAKF7OJOR2JA4OOQJC3JP5PA,CF (ItemKNN),0.0,
AFIEUAKF7OJOR2JA4OOQJC3JP5PA,Content (Avg Emb),0.0,
AFIEUAKF7OJOR2JA4OOQJC3JP5PA,Last-Item,0.25,
AFIEUAKF7OJOR2JA4OOQJC3JP5PA,Avg-Last-10,0.0,
AFIEUAKF7OJOR2JA4OOQJC3JP5PA,Recency-Weighted,0.0,
AFIEUAKF7OJOR2JA4OOQJC3JP5PA,Essence (K=10),0.0,
AFII27BC4YGZDC4LD77P3JCCRUYQ,Random,0.0,0.0
AFII27BC4YGZDC4LD77P3JCCRUYQ,Popularity,0.0,0.0
AFII27BC4YGZDC4LD77P3JCCRUYQ,CF (ItemKNN),0.0,0.0
AFII27BC4YGZDC4LD77P3JCCRUYQ,Content (Avg Emb),0.0,0.0
AFII27BC4YGZDC4LD77P3JCCRUYQ,Last-Item,0.0,0.0
AFII27BC4YGZDC4LD77P3JCCRUYQ,Avg-Last-10,0.0,0.0
AFII27BC4YGZDC4LD77P3JCCRUYQ,Recency-Weighted,0.0,0.0
AFII27BC4YGZDC4LD77P3JCCRUYQ,Essence (K=10),0.0,0.0
AFIKVK5OA3SIL6CJPFKJAV5NCGTA,Random,0.0,
AFIKVK5OA3SIL6CJPFKJAV5NCGTA,Popularity,0.0,
AFIKVK5OA3SIL6CJPFKJAV5NCGTA,CF (ItemKNN),0.0,
AFIKVK5OA3SIL6CJPFKJAV5NCGTA,Content (Avg Emb),0.0,
AFIKVK5OA3SIL6CJPFKJAV5NCGTA,Last-Item,0.0,
AFIKVK5OA3SIL6CJPFKJAV5NCGTA,Avg-Last-10,0.0,
AFIKVK5OA3SIL6CJPFKJAV5NCGTA,Recency-Weighted,0.0,
AFIKVK5OA3SIL6CJPFKJAV5NCGTA,Essence (K=10),0.0,
AFIL6FFZDMEPLBPVNP7JL7ITPWPQ,Random,0.0,0.0
AFIL6FFZDMEPLBPVNP7JL7ITPWPQ,Popularity,0.0,0.0
AFIL6FFZDMEPLBPVNP7JL7ITPWPQ,CF (ItemKNN),0.0,0.0
AFIL6FFZDMEPLBPVNP7JL7ITPWPQ,Content (Avg Emb),0.0,0.0
AFIL6FFZDMEPLBPVNP7JL7ITPWPQ,Last-Item,0.0,0.0
AFIL6FFZDMEPLBPVNP7JL7ITPWPQ,Avg-Last-10,0.0,0.0
AFIL6FFZDMEPLBPVNP7JL7ITPWPQ,Recency-Weighted,0.0,0.0
AFIL6FFZDMEPLBPVNP7JL7ITPWPQ,Essence (K=10),0.0,0.0
AFIN5BT7W7PQDEXG4B3WHXBWMA4A,Random,0.0,0.0
AFIN5BT7W7PQDEXG4B3WHXBWMA4A,Popularity,0.0,0.0
AFIN5BT7W7PQDEXG4B3WHXBWMA4A,CF (ItemKNN),0.0,0.0
AFIN5BT7W7PQDEXG4B3WHXBWMA4A,Content (Avg Emb),0.0,0.0
AFIN5BT7W7PQDEXG4B3WHXBWMA4A,Last-Item,0.0,0.0
AFIN5BT7W7PQDEXG4B3WHXBWMA4A,Avg-Last-10,0.0,0.0
AFIN5BT7W7PQDEXG4B3WHXBWMA4A,Recency-Weighted,0.0,0.0
AFIN5BT7W7PQDEXG4B3WHXBWMA4A,Essence (K=10),0.0,0.0
AFIQ5CAQMU3BB6YQVBIKZNZYH4JQ,Random,0.0,0.0
AFIQ5CAQMU3BB6YQVBIKZNZYH4JQ,Popularity,0.0,0.0
AFIQ5CAQMU3BB6YQVBIKZNZYH4JQ,CF (ItemKNN),0.0,0.0
AFIQ5CAQMU3BB6YQVBIKZNZYH4JQ,Content (Avg Emb),0.16666666666666666,0.0
AFIQ5CAQMU3BB6YQVBIKZNZYH4JQ,Last-Item,0.5,0.0
AFIQ5CAQMU3BB6YQVBIKZNZYH4JQ,Avg-Last-10,0.3333333333333333,0.0
AFIQ5CAQMU3BB6YQVBIKZNZYH4JQ,Recency-Weighted,0.5,0.0
AFIQ5CAQMU3BB6YQVBIKZNZYH4JQ,Essence (K=10),0.3333333333333333,0.0
AFIQA5RVAKUXU7JI5RHN2RAHPI4Q,Random,0.0,
AFIQA5RVAKUXU7JI5RHN2RAHPI4Q,Popularity,0.0,
AFIQA5RVAKUXU7JI5RHN2RAHPI4Q,CF (ItemKNN),0.0,
AFIQA5RVAKUXU7JI5RHN2RAHPI4Q,Content (Avg Emb),0.0,
AFIQA5RVAKUXU7JI5RHN2RAHPI4Q,Last-Item,0.0,
AFIQA5RVAKUXU7JI5RHN2RAHPI4Q,Avg-Last-10,0.0,
AFIQA5RVAKUXU7JI5RHN2RAHPI4Q,Recency-Weighted,0.0,
AFIQA5RVAKUXU7JI5RHN2RAHPI4Q,Essence (K=10),0.0,
AFISRXUENQZTMZL7GPSGR37L6RPQ,Random,0.1111111111111111,
AFISRXUENQZTMZL7GPSGR37L6RPQ,Popularity,0.0,
AFISRXUENQZTMZL7GPSGR37L6RPQ,CF (ItemKNN),0.0,
AFISRXUENQZTMZL7GPSGR37L6RPQ,Content (Avg Emb),0.0,
AFISRXUENQZTMZL7GPSGR37L6RPQ,Last-Item,0.0,
AFISRXUENQZTMZL7GPSGR37L6RPQ,Avg-Last-10,0.0,
AFISRXUENQZTMZL7GPSGR37L6RPQ,Recency-Weighted,0.0,
AFISRXUENQZTMZL7GPSGR37L6RPQ,Essence (K=10),0.0,
AFIUWRXSC4S2IAWFQISCFB6DHFJA,Random,0.0,0.0
AFIUWRXSC4S2IAWFQISCFB6DHFJA,Popularity,0.0,0.0
AFIUWRXSC4S2IAWFQISCFB6DHFJA,CF (ItemKNN),0.0,0.0
AFIUWRXSC4S2IAWFQISCFB6DHFJA,Content (Avg Emb),0.0,0.0
AFIUWRXSC4S2IAWFQISCFB6DHFJA,Last-Item,0.0,0.0
AFIUWRXSC4S2IAWFQISCFB6DHFJA,Avg-Last-10,0.0,0.0
AFIUWRXSC4S2IAWFQISCFB6DHFJA,Recency-Weighted,0.0,0.0
AFIUWRXSC4S2IAWFQISCFB6DHFJA,Essence (K=10),0.0,0.0
AFIYR6LCMQWWNYLQNRSK4ZOUZV2Q,Random,0.0,0.0
AFIYR6LCMQWWNYLQNRSK4ZOUZV2Q,Popularity,0.0,0.0
AFIYR6LCMQWWNYLQNRSK4ZOUZV2Q,CF (ItemKNN),0.0,0.0
AFIYR6LCMQWWNYLQNRSK4ZOUZV2Q,Content (Avg Emb),0.0,0.0
AFIYR6LCMQWWNYLQNRSK4ZOUZV2Q,Last-Item,0.0,0.0
AFIYR6LCMQWWNYLQNRSK4ZOUZV2Q,Avg-Last-10,0.0,0.0
AFIYR6LCMQWWNYLQNRSK4ZOUZV2Q,Recency-Weighted,0.0,0.0
AFIYR6LCMQWWNYLQNRSK4ZOUZV2Q,Essence (K=10),0.0,0.0
AFJ567EOS3EYBTZJWKSJ4P55M55A,Random,0.0,
AFJ567EOS3EYBTZJWKSJ4P55M55A,Popularity,0.0,
AFJ567EOS3EYBTZJWKSJ4P55M55A,CF (ItemKNN),0.0,
AFJ567EOS3EYBTZJWKSJ4P55M55A,Content (Avg Emb),0.0,
AFJ567EOS3EYBTZJWKSJ4P55M55A,Last-Item,0.0,
AFJ567EOS3EYBTZJWKSJ4P55M55A,Avg-Last-10,0.16666666666666666,
AFJ567EOS3EYBTZJWKSJ4P55M55A,Recency-Weighted,0.0,
AFJ567EOS3EYBTZJWKSJ4P55M55A,Essence (K=10),0.3333333333333333,
AFJB3MIAFKTQR3UAF2DSU254OTNQ,Random,0.0,0.0
AFJB3MIAFKTQR3UAF2DSU254OTNQ,Popularity,0.0,0.0
AFJB3MIAFKTQR3UAF2DSU254OTNQ,CF (ItemKNN),0.0,0.0
AFJB3MIAFKTQR3UAF2DSU254OTNQ,Content (Avg Emb),0.0,0.0
AFJB3MIAFKTQR3UAF2DSU254OTNQ,Last-Item,0.0,0.0
AFJB3MIAFKTQR3UAF2DSU254OTNQ,Avg-Last-10,0.0,0.0
AFJB3MIAFKTQR3UAF2DSU254OTNQ,Recency-Weighted,0.0,0.0
AFJB3MIAFKTQR3UAF2DSU254OTNQ,Essence (K=10),0.0,0.0
AFJBIIHGORPG6PHET4KDNY7IT5ZA,Random,0.0,0.0
AFJBIIHGORPG6PHET4KDNY7IT5ZA,Popularity,0.0,0.0
AFJBIIHGORPG6PHET4KDNY7IT5ZA,CF (ItemKNN),0.0,0.0
AFJBIIHGORPG6PHET4KDNY7IT5ZA,Content (Avg Emb),0.0,0.0
AFJBIIHGORPG6PHET4KDNY7IT5ZA,Last-Item,0.0,0.0
AFJBIIHGORPG6PHET4KDNY7IT5ZA,Avg-Last-10,0.0,0.0
AFJBIIHGORPG6PHET4KDNY7IT5ZA,Recency-Weighted,0.0,0.0
AFJBIIHGORPG6PHET4KDNY7IT5ZA,Essence (K=10),0.0,0.0
AFJEVFV26A6AHFH2CDHIEBMTGNRA,Random,0.0,
AFJEVFV26A6AHFH2CDHIEBMTGNRA,Popularity,0.0,
AFJEVFV26A6AHFH2CDHIEBMTGNRA,CF (ItemKNN),0.0,
AFJEVFV26A6AHFH2CDHIEBMTGNRA,Content (Avg Emb),0.0,
AFJEVFV26A6AHFH2CDHIEBMTGNRA,Last-Item,0.0,
AFJEVFV26A6AHFH2CDHIEBMTGNRA,Avg-Last-10,0.0,
AFJEVFV26A6AHFH2CDHIEBMTGNRA,Recency-Weighted,0.0,
AFJEVFV26A6AHFH2CDHIEBMTGNRA,Essence (K=10),0.0,
AFJEXMOBDOQDOIX46YFY5KMNQCZA,Random,0.0,0.0
AFJEXMOBDOQDOIX46YFY5KMNQCZA,Popularity,0.0,0.0
AFJEXMOBDOQDOIX46YFY5KMNQCZA,CF (ItemKNN),0.0,0.0
AFJEXMOBDOQDOIX46YFY5KMNQCZA,Content (Avg Emb),0.0,0.0
AFJEXMOBDOQDOIX46YFY5KMNQCZA,Last-Item,0.0,0.0
AFJEXMOBDOQDOIX46YFY5KMNQCZA,Avg-Last-10,0.0,0.0
AFJEXMOBDOQDOIX46YFY5KMNQCZA,Recency-Weighted,0.0,0.0
AFJEXMOBDOQDOIX46YFY5KMNQCZA,Essence (K=10),0.0,0.0
AFJGJ6ZBI6UOR4Q3ZWR5V3XP7EFA,Random,0.0,0.0
AFJGJ6ZBI6UOR4Q3ZWR5V3XP7EFA,Popularity,0.0,0.0
AFJGJ6ZBI6UOR4Q3ZWR5V3XP7EFA,CF (ItemKNN),0.0,0.0
AFJGJ6ZBI6UOR4Q3ZWR5V3XP7EFA,Content (Avg Emb),0.0,0.0
AFJGJ6ZBI6UOR4Q3ZWR5V3XP7EFA,Last-Item,0.0,0.0
AFJGJ6ZBI6UOR4Q3ZWR5V3XP7EFA,Avg-Last-10,0.0,0.0
AFJGJ6ZBI6UOR4Q3ZWR5V3XP7EFA,Recency-Weighted,0.0,0.0
AFJGJ6ZBI6UOR4Q3ZWR5V3XP7EFA,Essence (K=10),0.0,0.0
AFJIJ4QZ6ZCVH7PSZAGGR3XVTIJA,Random,0.0,
AFJIJ4QZ6ZCVH7PSZAGGR3XVTIJA,Popularity,0.0,
AFJIJ4QZ6ZCVH7PSZAGGR3XVTIJA,CF (ItemKNN),0.0,
AFJIJ4QZ6ZCVH7PSZAGGR3XVTIJA,Content (Avg Emb),0.0,
AFJIJ4QZ6ZCVH7PSZAGGR3XVTIJA,Last-Item,0.0,
AFJIJ4QZ6ZCVH7PSZAGGR3XVTIJA,Avg-Last-10,0.0,
AFJIJ4QZ6ZCVH7PSZAGGR3XVTIJA,Recency-Weighted,0.0,
AFJIJ4QZ6ZCVH7PSZAGGR3XVTIJA,Essence (K=10),0.0,
AFJKHRKHDILDRHRYU54J25V4TWEA,Random,0.0,0.0
AFJKHRKHDILDRHRYU54J25V4TWEA,Popularity,0.0,0.0
AFJKHRKHDILDRHRYU54J25V4TWEA,CF (ItemKNN),0.0,0.0
AFJKHRKHDILDRHRYU54J25V4TWEA,Content (Avg Emb),0.0,0.0
AFJKHRKHDILDRHRYU54J25V4TWEA,Last-Item,0.0,0.0
AFJKHRKHDILDRHRYU54J25V4TWEA,Avg-Last-10,0.0,0.0
AFJKHRKHDILDRHRYU54J25V4TWEA,Recency-Weighted,0.0,0.0
AFJKHRKHDILDRHRYU54J25V4TWEA,Essence (K=10),0.0,0.0
AFJKPABX57M4CSBNHCWWGVAPLFLA,Random,0.0,0.0
AFJKPABX57M4CSBNHCWWGVAPLFLA,Popularity,0.0,0.0
AFJKPABX57M4CSBNHCWWGVAPLFLA,CF (ItemKNN),0.0,0.0
AFJKPABX57M4CSBNHCWWGVAPLFLA,Content (Avg Emb),0.16666666666666666,0.0
AFJKPABX57M4CSBNHCWWGVAPLFLA,Last-Item,0.0,0.0
AFJKPABX57M4CSBNHCWWGVAPLFLA,Avg-Last-10,0.0,0.0
AFJKPABX57M4CSBNHCWWGVAPLFLA,Recency-Weighted,0.0,0.0
AFJKPABX57M4CSBNHCWWGVAPLFLA,Essence (K=10),0.16666666666666666,0.0
AFJLISQ5RNOURGSHCO2KDKVK7XAQ,Random,0.0,
AFJLISQ5RNOURGSHCO2KDKVK7XAQ,Popularity,0.0,
AFJLISQ5RNOURGSHCO2KDKVK7XAQ,CF (ItemKNN),0.0,
AFJLISQ5RNOURGSHCO2KDKVK7XAQ,Content (Avg Emb),0.0,
AFJLISQ5RNOURGSHCO2KDKVK7XAQ,Last-Item,0.0,
AFJLISQ5RNOURGSHCO2KDKVK7XAQ,Avg-Last-10,0.0,
AFJLISQ5RNOURGSHCO2KDKVK7XAQ,Recency-Weighted,0.0,
AFJLISQ5RNOURGSHCO2KDKVK7XAQ,Essence (K=10),0.0,
AFJMVEYUKMAVRWL7KNJMZUAUSKWQ,Random,0.0,0.0
AFJMVEYUKMAVRWL7KNJMZUAUSKWQ,Popularity,0.0,0.0
AFJMVEYUKMAVRWL7KNJMZUAUSKWQ,CF (ItemKNN),0.0,0.0
AFJMVEYUKMAVRWL7KNJMZUAUSKWQ,Content (Avg Emb),0.0,0.0
AFJMVEYUKMAVRWL7KNJMZUAUSKWQ,Last-Item,0.0,0.0
AFJMVEYUKMAVRWL7KNJMZUAUSKWQ,Avg-Last-10,0.0,0.0
AFJMVEYUKMAVRWL7KNJMZUAUSKWQ,Recency-Weighted,0.0,0.0
AFJMVEYUKMAVRWL7KNJMZUAUSKWQ,Essence (K=10),0.0,0.0
AFJNVGGMMQAIDULOVPTR2MPBEIMQ,Random,0.0,
AFJNVGGMMQAIDULOVPTR2MPBEIMQ,Popularity,0.0,
AFJNVGGMMQAIDULOVPTR2MPBEIMQ,CF (ItemKNN),0.0,
AFJNVGGMMQAIDULOVPTR2MPBEIMQ,Content (Avg Emb),0.5,
AFJNVGGMMQAIDULOVPTR2MPBEIMQ,Last-Item,0.0,
AFJNVGGMMQAIDULOVPTR2MPBEIMQ,Avg-Last-10,0.5,
AFJNVGGMMQAIDULOVPTR2MPBEIMQ,Recency-Weighted,0.3333333333333333,
AFJNVGGMMQAIDULOVPTR2MPBEIMQ,Essence (K=10),0.5,
AFJSZFMXHTQ4BBIAAOMY224GEU3A,Random,0.0,0.0
AFJSZFMXHTQ4BBIAAOMY224GEU3A,Popularity,0.0,0.0
AFJSZFMXHTQ4BBIAAOMY224GEU3A,CF (ItemKNN),0.0,0.0
AFJSZFMXHTQ4BBIAAOMY224GEU3A,Content (Avg Emb),0.0,0.0
AFJSZFMXHTQ4BBIAAOMY224GEU3A,Last-Item,0.0,0.0
AFJSZFMXHTQ4BBIAAOMY224GEU3A,Avg-Last-10,0.2,0.0
AFJSZFMXHTQ4BBIAAOMY224GEU3A,Recency-Weighted,0.2,0.0
AFJSZFMXHTQ4BBIAAOMY224GEU3A,Essence (K=10),0.0,0.0
AFJTGK4TCHNXPLVF7KFPGZNZ3RKA,Random,0.0,0.0
AFJTGK4TCHNXPLVF7KFPGZNZ3RKA,Popularity,0.0,0.0
AFJTGK4TCHNXPLVF7KFPGZNZ3RKA,CF (ItemKNN),0.0,0.0
AFJTGK4TCHNXPLVF7KFPGZNZ3RKA,Content (Avg Emb),0.0,0.0
AFJTGK4TCHNXPLVF7KFPGZNZ3RKA,Last-Item,0.0,0.0
AFJTGK4TCHNXPLVF7KFPGZNZ3RKA,Avg-Last-10,0.0,0.0
AFJTGK4TCHNXPLVF7KFPGZNZ3RKA,Recency-Weighted,0.0,0.0
AFJTGK4TCHNXPLVF7KFPGZNZ3RKA,Essence (K=10),0.0,0.0
AFJWIFAVQAI33J6TTTTLM2ZGTX5Q,Random,0.0,0.0
AFJWIFAVQAI33J6TTTTLM2ZGTX5Q,Popularity,0.0,0.0
AFJWIFAVQAI33J6TTTTLM2ZGTX5Q,CF (ItemKNN),0.0,0.0
AFJWIFAVQAI33J6TTTTLM2ZGTX5Q,Content (Avg Emb),0.0,0.0
AFJWIFAVQAI33J6TTTTLM2ZGTX5Q,Last-Item,0.0,0.0
AFJWIFAVQAI33J6TTTTLM2ZGTX5Q,Avg-Last-10,0.0,0.0
AFJWIFAVQAI33J6TTTTLM2ZGTX5Q,Recency-Weighted,0.0,0.0
AFJWIFAVQAI33J6TTTTLM2ZGTX5Q,Essence (K=10),0.0,0.0
AFJWUJW3C5IMYHDR3BFJZB45OLOQ,Random,0.0,
AFJWUJW3C5IMYHDR3BFJZB45OLOQ,Popularity,0.0,
AFJWUJW3C5IMYHDR3BFJZB45OLOQ,CF (ItemKNN),0.0,
AFJWUJW3C5IMYHDR3BFJZB45OLOQ,Content (Avg Emb),0.0,
AFJWUJW3C5IMYHDR3BFJZB45OLOQ,Last-Item,0.0,
AFJWUJW3C5IMYHDR3BFJZB45OLOQ,Avg-Last-10,0.0,
AFJWUJW3C5IMYHDR3BFJZB45OLOQ,Recency-Weighted,0.0,
AFJWUJW3C5IMYHDR3BFJZB45OLOQ,Essence (K=10),0.0,
AFJXYWHAI2XHWARFHYZUZVWZ5NBQ,Random,0.0,
AFJXYWHAI2XHWARFHYZUZVWZ5NBQ,Popularity,0.0,
AFJXYWHAI2XHWARFHYZUZVWZ5NBQ,CF (ItemKNN),0.0,
AFJXYWHAI2XHWARFHYZUZVWZ5NBQ,Content (Avg Emb),0.0,
AFJXYWHAI2XHWARFHYZUZVWZ5NBQ,Last-Item,0.0,
AFJXYWHAI2XHWARFHYZUZVWZ5NBQ,Avg-Last-10,0.0,
AFJXYWHAI2XHWARFHYZUZVWZ5NBQ,Recency-Weighted,0.0,
AFJXYWHAI2XHWARFHYZUZVWZ5NBQ,Essence (K=10),0.0,
AFK2H5EWE6PBBRGBPUU5ZHFEYFFQ,Random,0.0,0.0
AFK2H5EWE6PBBRGBPUU5ZHFEYFFQ,Popularity,0.0,0.0
AFK2H5EWE6PBBRGBPUU5ZHFEYFFQ,CF (ItemKNN),0.0,0.0
AFK2H5EWE6PBBRGBPUU5ZHFEYFFQ,Content (Avg Emb),0.0,0.0
AFK2H5EWE6PBBRGBPUU5ZHFEYFFQ,Last-Item,0.0,0.0
AFK2H5EWE6PBBRGBPUU5ZHFEYFFQ,Avg-Last-10,0.0,0.0
AFK2H5EWE6PBBRGBPUU5ZHFEYFFQ,Recency-Weighted,0.0,0.0
AFK2H5EWE6PBBRGBPUU5ZHFEYFFQ,Essence (K=10),0.0,0.0
AFK6MCLDTVX7R4RHN7S2OSVK7QOQ,Random,0.0,0.0
AFK6MCLDTVX7R4RHN7S2OSVK7QOQ,Popularity,0.0,0.0
AFK6MCLDTVX7R4RHN7S2OSVK7QOQ,CF (ItemKNN),0.0,0.0
AFK6MCLDTVX7R4RHN7S2OSVK7QOQ,Content (Avg Emb),0.0,0.0
AFK6MCLDTVX7R4RHN7S2OSVK7QOQ,Last-Item,0.0,0.0
AFK6MCLDTVX7R4RHN7S2OSVK7QOQ,Avg-Last-10,0.0,0.0
AFK6MCLDTVX7R4RHN7S2OSVK7QOQ,Recency-Weighted,0.0,0.0
AFK6MCLDTVX7R4RHN7S2OSVK7QOQ,Essence (K=10),0.0,0.0
AFK6ND4TXX47T5FQAZR3BEFHN5OQ,Random,0.0,0.0
AFK6ND4TXX47T5FQAZR3BEFHN5OQ,Popularity,0.0,0.0
AFK6ND4TXX47T5FQAZR3BEFHN5OQ,CF (ItemKNN),0.0,0.0
AFK6ND4TXX47T5FQAZR3BEFHN5OQ,Content (Avg Emb),0.0,0.0
AFK6ND4TXX47T5FQAZR3BEFHN5OQ,Last-Item,0.0,0.0
AFK6ND4TXX47T5FQAZR3BEFHN5OQ,Avg-Last-10,0.0,0.0
AFK6ND4TXX47T5FQAZR3BEFHN5OQ,Recency-Weighted,0.0,0.0
AFK6ND4TXX47T5FQAZR3BEFHN5OQ,Essence (K=10),0.0,0.0
AFKBQ3RPVHSABVN7JV2LNJD5VWXQ,Random,0.0,
AFKBQ3RPVHSABVN7JV2LNJD5VWXQ,Popularity,0.0,
AFKBQ3RPVHSABVN7JV2LNJD5VWXQ,CF (ItemKNN),0.0,
AFKBQ3RPVHSABVN7JV2LNJD5VWXQ,Content (Avg Emb),0.0,
AFKBQ3RPVHSABVN7JV2LNJD5VWXQ,Last-Item,0.0,
AFKBQ3RPVHSABVN7JV2LNJD5VWXQ,Avg-Last-10,0.0,
AFKBQ3RPVHSABVN7JV2LNJD5VWXQ,Recency-Weighted,0.0,
AFKBQ3RPVHSABVN7JV2LNJD5VWXQ,Essence (K=10),0.0,
AFKFGLD5WACH4CIEML56IFUBMCRA,Random,0.0,0.0
AFKFGLD5WACH4CIEML56IFUBMCRA,Popularity,0.0,0.0
AFKFGLD5WACH4CIEML56IFUBMCRA,CF (ItemKNN),0.0,0.0
AFKFGLD5WACH4CIEML56IFUBMCRA,Content (Avg Emb),0.0,0.0
AFKFGLD5WACH4CIEML56IFUBMCRA,Last-Item,0.0,0.0
AFKFGLD5WACH4CIEML56IFUBMCRA,Avg-Last-10,0.0,0.0
AFKFGLD5WACH4CIEML56IFUBMCRA,Recency-Weighted,0.0,0.0
AFKFGLD5WACH4CIEML56IFUBMCRA,Essence (K=10),0.0,0.0
AFKJ6EOATHZWN4RB3LGPU25VCCNA,Random,0.0,0.0
AFKJ6EOATHZWN4RB3LGPU25VCCNA,Popularity,0.0,0.0
AFKJ6EOATHZWN4RB3LGPU25VCCNA,CF (ItemKNN),0.0,0.0
AFKJ6EOATHZWN4RB3LGPU25VCCNA,Content (Avg Emb),0.043478260869565216,0.0
AFKJ6EOATHZWN4RB3LGPU25VCCNA,Last-Item,0.0,0.0
AFKJ6EOATHZWN4RB3LGPU25VCCNA,Avg-Last-10,0.043478260869565216,0.0
AFKJ6EOATHZWN4RB3LGPU25VCCNA,Recency-Weighted,0.043478260869565216,0.0
AFKJ6EOATHZWN4RB3LGPU25VCCNA,Essence (K=10),0.043478260869565216,0.0
AFKNEFPRGUDVC5L2FZAPV7V2XBVA,Random,0.0,0.0
AFKNEFPRGUDVC5L2FZAPV7V2XBVA,Popularity,0.0,0.0
AFKNEFPRGUDVC5L2FZAPV7V2XBVA,CF (ItemKNN),0.0,0.0
AFKNEFPRGUDVC5L2FZAPV7V2XBVA,Content (Avg Emb),0.0,0.0
AFKNEFPRGUDVC5L2FZAPV7V2XBVA,Last-Item,0.0,0.0
AFKNEFPRGUDVC5L2FZAPV7V2XBVA,Avg-Last-10,0.0,0.0
AFKNEFPRGUDVC5L2FZAPV7V2XBVA,Recency-Weighted,0.0,0.0
AFKNEFPRGUDVC5L2FZAPV7V2XBVA,Essence (K=10),0.0,0.0
AFKO7QSWNHYD7J57D5JCEPOHGIUQ,Random,0.0,0.0
AFKO7QSWNHYD7J57D5JCEPOHGIUQ,Popularity,0.0,0.0
AFKO7QSWNHYD7J57D5JCEPOHGIUQ,CF (ItemKNN),0.030303030303030304,0.3333333333333333
AFKO7QSWNHYD7J57D5JCEPOHGIUQ,Content (Avg Emb),0.0,0.0
AFKO7QSWNHYD7J57D5JCEPOHGIUQ,Last-Item,0.06060606060606061,0.0
AFKO7QSWNHYD7J57D5JCEPOHGIUQ,Avg-Last-10,0.030303030303030304,0.3333333333333333
AFKO7QSWNHYD7J57D5JCEPOHGIUQ,Recency-Weighted,0.030303030303030304,0.3333333333333333
AFKO7QSWNHYD7J57D5JCEPOHGIUQ,Essence (K=10),0.030303030303030304,0.3333333333333333
AFKOS242FY57QMKVISYRFRIX52TQ,Random,0.0,0.0
AFKOS242FY57QMKVISYRFRIX52TQ,Popularity,0.0,0.0
AFKOS242FY57QMKVISYRFRIX52TQ,CF (ItemKNN),0.0,0.0
AFKOS242FY57QMKVISYRFRIX52TQ,Content (Avg Emb),0.0,0.0
AFKOS242FY57QMKVISYRFRIX52TQ,Last-Item,0.0,0.0
AFKOS242FY57QMKVISYRFRIX52TQ,Avg-Last-10,0.0,0.0
AFKOS242FY57QMKVISYRFRIX52TQ,Recency-Weighted,0.0,0.0
AFKOS242FY57QMKVISYRFRIX52TQ,Essence (K=10),0.0,0.0
AFKP4SH2WGPUL5IAARBB2SB6JONQ,Random,0.0,
AFKP4SH2WGPUL5IAARBB2SB6JONQ,Popularity,0.0,
AFKP4SH2WGPUL5IAARBB2SB6JONQ,CF (ItemKNN),0.0,
AFKP4SH2WGPUL5IAARBB2SB6JONQ,Content (Avg Emb),0.0,
AFKP4SH2WGPUL5IAARBB2SB6JONQ,Last-Item,0.0,
AFKP4SH2WGPUL5IAARBB2SB6JONQ,Avg-Last-10,0.0,
AFKP4SH2WGPUL5IAARBB2SB6JONQ,Recency-Weighted,0.0,
AFKP4SH2WGPUL5IAARBB2SB6JONQ,Essence (K=10),0.0,
AFKSCUAAZHSHADB3UHQUWPIAZVGQ,Random,0.0,
AFKSCUAAZHSHADB3UHQUWPIAZVGQ,Popularity,0.0,
AFKSCUAAZHSHADB3UHQUWPIAZVGQ,CF (ItemKNN),0.0,
AFKSCUAAZHSHADB3UHQUWPIAZVGQ,Content (Avg Emb),0.0,
AFKSCUAAZHSHADB3UHQUWPIAZVGQ,Last-Item,0.0,
AFKSCUAAZHSHADB3UHQUWPIAZVGQ,Avg-Last-10,0.0,
AFKSCUAAZHSHADB3UHQUWPIAZVGQ,Recency-Weighted,0.0,
AFKSCUAAZHSHADB3UHQUWPIAZVGQ,Essence (K=10),0.0,
AFKWXEL2XJ4ZAMVSONR5LOM5QZUQ,Random,0.0,0.0
AFKWXEL2XJ4ZAMVSONR5LOM5QZUQ,Popularity,0.0,0.0
AFKWXEL2XJ4ZAMVSONR5LOM5QZUQ,CF (ItemKNN),0.0,0.0
AFKWXEL2XJ4ZAMVSONR5LOM5QZUQ,Content (Avg Emb),0.0,0.0
AFKWXEL2XJ4ZAMVSONR5LOM5QZUQ,Last-Item,0.0,0.0
AFKWXEL2XJ4ZAMVSONR5LOM5QZUQ,Avg-Last-10,0.0,0.0
AFKWXEL2XJ4ZAMVSONR5LOM5QZUQ,Recency-Weighted,0.0,0.0
AFKWXEL2XJ4ZAMVSONR5LOM5QZUQ,Essence (K=10),0.0,0.0
AFKXBP7GLRB7YL7XU6YNE6JW6PFQ,Random,0.0,0.0
AFKXBP7GLRB7YL7XU6YNE6JW6PFQ,Popularity,0.0,0.0
AFKXBP7GLRB7YL7XU6YNE6JW6PFQ,CF (ItemKNN),0.0,0.0
AFKXBP7GLRB7YL7XU6YNE6JW6PFQ,Content (Avg Emb),0.0,0.0
AFKXBP7GLRB7YL7XU6YNE6JW6PFQ,Last-Item,0.0,0.0
AFKXBP7GLRB7YL7XU6YNE6JW6PFQ,Avg-Last-10,0.0,0.0
AFKXBP7GLRB7YL7XU6YNE6JW6PFQ,Recency-Weighted,0.0,0.0
AFKXBP7GLRB7YL7XU6YNE6JW6PFQ,Essence (K=10),0.0,0.0
AFKXQLJL4VTQV2OX7S3TBTTELO6A,Random,0.0,
AFKXQLJL4VTQV2OX7S3TBTTELO6A,Popularity,0.0,
AFKXQLJL4VTQV2OX7S3TBTTELO6A,CF (ItemKNN),0.0,
AFKXQLJL4VTQV2OX7S3TBTTELO6A,Content (Avg Emb),0.0,
AFKXQLJL4VTQV2OX7S3TBTTELO6A,Last-Item,0.0,
AFKXQLJL4VTQV2OX7S3TBTTELO6A,Avg-Last-10,0.0,
AFKXQLJL4VTQV2OX7S3TBTTELO6A,Recency-Weighted,0.0,
AFKXQLJL4VTQV2OX7S3TBTTELO6A,Essence (K=10),0.0,
AFL4ABLXDRGTLCXT7E3CBM3JFDZA,Random,0.0,0.0
AFL4ABLXDRGTLCXT7E3CBM3JFDZA,Popularity,0.0,0.0
AFL4ABLXDRGTLCXT7E3CBM3JFDZA,CF (ItemKNN),0.0,0.0
AFL4ABLXDRGTLCXT7E3CBM3JFDZA,Content (Avg Emb),0.0,0.0
AFL4ABLXDRGTLCXT7E3CBM3JFDZA,Last-Item,0.0,0.0
AFL4ABLXDRGTLCXT7E3CBM3JFDZA,Avg-Last-10,0.0,0.0
AFL4ABLXDRGTLCXT7E3CBM3JFDZA,Recency-Weighted,0.0,0.0
AFL4ABLXDRGTLCXT7E3CBM3JFDZA,Essence (K=10),0.0,0.0
AFLDO4MAIBIVOQOR4NCE5ZG7KIVA,Random,0.0,0.0
AFLDO4MAIBIVOQOR4NCE5ZG7KIVA,Popularity,0.0,0.0
AFLDO4MAIBIVOQOR4NCE5ZG7KIVA,CF (ItemKNN),0.0,0.0
AFLDO4MAIBIVOQOR4NCE5ZG7KIVA,Content (Avg Emb),0.0,0.0
AFLDO4MAIBIVOQOR4NCE5ZG7KIVA,Last-Item,0.0,0.0
AFLDO4MAIBIVOQOR4NCE5ZG7KIVA,Avg-Last-10,0.0,0.0
AFLDO4MAIBIVOQOR4NCE5ZG7KIVA,Recency-Weighted,0.0,0.0
AFLDO4MAIBIVOQOR4NCE5ZG7KIVA,Essence (K=10),0.0,0.0
AFLE2KJGLZ2O4IGMT5RCIVJUWO4Q,Random,0.0,0.0
AFLE2KJGLZ2O4IGMT5RCIVJUWO4Q,Popularity,0.0,0.0
AFLE2KJGLZ2O4IGMT5RCIVJUWO4Q,CF (ItemKNN),0.0,0.0
AFLE2KJGLZ2O4IGMT5RCIVJUWO4Q,Content (Avg Emb),0.0,0.0
AFLE2KJGLZ2O4IGMT5RCIVJUWO4Q,Last-Item,0.0,0.0
AFLE2KJGLZ2O4IGMT5RCIVJUWO4Q,Avg-Last-10,0.0,0.0
AFLE2KJGLZ2O4IGMT5RCIVJUWO4Q,Recency-Weighted,0.0,0.0
AFLE2KJGLZ2O4IGMT5RCIVJUWO4Q,Essence (K=10),0.0,0.0
AFLFEQSEQBGZHPMCK5INM5TJBMMA,Random,0.0,0.0
AFLFEQSEQBGZHPMCK5INM5TJBMMA,Popularity,0.0,0.0
AFLFEQSEQBGZHPMCK5INM5TJBMMA,CF (ItemKNN),0.0,0.0
AFLFEQSEQBGZHPMCK5INM5TJBMMA,Content (Avg Emb),0.0,0.0
AFLFEQSEQBGZHPMCK5INM5TJBMMA,Last-Item,0.0,0.0
AFLFEQSEQBGZHPMCK5INM5TJBMMA,Avg-Last-10,0.0,0.0
AFLFEQSEQBGZHPMCK5INM5TJBMMA,Recency-Weighted,0.0,0.0
AFLFEQSEQBGZHPMCK5INM5TJBMMA,Essence (K=10),0.0,0.0
AFLL4U25TAC2OAQW3Q6SKWKGXBOA,Random,0.0,
AFLL4U25TAC2OAQW3Q6SKWKGXBOA,Popularity,0.0,
AFLL4U25TAC2OAQW3Q6SKWKGXBOA,CF (ItemKNN),0.0,
AFLL4U25TAC2OAQW3Q6SKWKGXBOA,Content (Avg Emb),0.0,
AFLL4U25TAC2OAQW3Q6SKWKGXBOA,Last-Item,0.0,
AFLL4U25TAC2OAQW3Q6SKWKGXBOA,Avg-Last-10,0.0,
AFLL4U25TAC2OAQW3Q6SKWKGXBOA,Recency-Weighted,0.0,
AFLL4U25TAC2OAQW3Q6SKWKGXBOA,Essence (K=10),0.0,
AFLLKEKTCFYK3URMDTA3KHH6LU2Q,Random,0.0,
AFLLKEKTCFYK3URMDTA3KHH6LU2Q,Popularity,0.0,
AFLLKEKTCFYK3URMDTA3KHH6LU2Q,CF (ItemKNN),0.0,
AFLLKEKTCFYK3URMDTA3KHH6LU2Q,Content (Avg Emb),0.0,
AFLLKEKTCFYK3URMDTA3KHH6LU2Q,Last-Item,0.0,
AFLLKEKTCFYK3URMDTA3KHH6LU2Q,Avg-Last-10,0.0,
AFLLKEKTCFYK3URMDTA3KHH6LU2Q,Recency-Weighted,0.0,
AFLLKEKTCFYK3URMDTA3KHH6LU2Q,Essence (K=10),0.0,
AFLNTG5VFFFHPOVBINTEGOLEGUOA,Random,0.0,
AFLNTG5VFFFHPOVBINTEGOLEGUOA,Popularity,0.0,
AFLNTG5VFFFHPOVBINTEGOLEGUOA,CF (ItemKNN),0.0,
AFLNTG5VFFFHPOVBINTEGOLEGUOA,Content (Avg Emb),0.0,
AFLNTG5VFFFHPOVBINTEGOLEGUOA,Last-Item,0.0,
AFLNTG5VFFFHPOVBINTEGOLEGUOA,Avg-Last-10,0.0,
AFLNTG5VFFFHPOVBINTEGOLEGUOA,Recency-Weighted,0.0,
AFLNTG5VFFFHPOVBINTEGOLEGUOA,Essence (K=10),0.0,
AFLP3ICZXBEBJZ2R24EQ3HVLXPQQ,Random,0.0,0.0
AFLP3ICZXBEBJZ2R24EQ3HVLXPQQ,Popularity,0.0,0.0
AFLP3ICZXBEBJZ2R24EQ3HVLXPQQ,CF (ItemKNN),0.0,0.0
AFLP3ICZXBEBJZ2R24EQ3HVLXPQQ,Content (Avg Emb),0.0,0.0
AFLP3ICZXBEBJZ2R24EQ3HVLXPQQ,Last-Item,0.0,0.0
AFLP3ICZXBEBJZ2R24EQ3HVLXPQQ,Avg-Last-10,0.0,0.0
AFLP3ICZXBEBJZ2R24EQ3HVLXPQQ,Recency-Weighted,0.0,0.0
AFLP3ICZXBEBJZ2R24EQ3HVLXPQQ,Essence (K=10),0.0,0.0
AFLP4LQ3A52MIFV3YXCZ7YE323BQ,Random,0.0,0.0
AFLP4LQ3A52MIFV3YXCZ7YE323BQ,Popularity,0.0,0.0
AFLP4LQ3A52MIFV3YXCZ7YE323BQ,CF (ItemKNN),0.0,0.0
AFLP4LQ3A52MIFV3YXCZ7YE323BQ,Content (Avg Emb),0.0,0.0
AFLP4LQ3A52MIFV3YXCZ7YE323BQ,Last-Item,0.0,0.0
AFLP4LQ3A52MIFV3YXCZ7YE323BQ,Avg-Last-10,0.0,0.0
AFLP4LQ3A52MIFV3YXCZ7YE323BQ,Recency-Weighted,0.0,0.0
AFLP4LQ3A52MIFV3YXCZ7YE323BQ,Essence (K=10),0.0,0.0
AFLTFGAGC2FKDFLGLGEKJ5IVB7TQ,Random,0.0,0.0
AFLTFGAGC2FKDFLGLGEKJ5IVB7TQ,Popularity,0.0,0.0
AFLTFGAGC2FKDFLGLGEKJ5IVB7TQ,CF (ItemKNN),0.0,0.0
AFLTFGAGC2FKDFLGLGEKJ5IVB7TQ,Content (Avg Emb),0.0,0.0
AFLTFGAGC2FKDFLGLGEKJ5IVB7TQ,Last-Item,0.0,0.0
AFLTFGAGC2FKDFLGLGEKJ5IVB7TQ,Avg-Last-10,0.0,0.0
AFLTFGAGC2FKDFLGLGEKJ5IVB7TQ,Recency-Weighted,0.0,0.0
AFLTFGAGC2FKDFLGLGEKJ5IVB7TQ,Essence (K=10),0.0,0.0
AFLZUWN2ZUEOBR57ZDAKZ7ZRRIXA,Random,0.0,0.0
AFLZUWN2ZUEOBR57ZDAKZ7ZRRIXA,Popularity,0.0,0.0
AFLZUWN2ZUEOBR57ZDAKZ7ZRRIXA,CF (ItemKNN),0.0,0.0
AFLZUWN2ZUEOBR57ZDAKZ7ZRRIXA,Content (Avg Emb),0.0,0.0
AFLZUWN2ZUEOBR57ZDAKZ7ZRRIXA,Last-Item,0.1111111111111111,0.0
AFLZUWN2ZUEOBR57ZDAKZ7ZRRIXA,Avg-Last-10,0.0,0.0
AFLZUWN2ZUEOBR57ZDAKZ7ZRRIXA,Recency-Weighted,0.0,0.0
AFLZUWN2ZUEOBR57ZDAKZ7ZRRIXA,Essence (K=10),0.1111111111111111,0.0
AFM6ROIARLJMFNG6WHH736E7USTA,Random,0.0,0.0
AFM6ROIARLJMFNG6WHH736E7USTA,Popularity,0.0,0.0
AFM6ROIARLJMFNG6WHH736E7USTA,CF (ItemKNN),0.0,0.0
AFM6ROIARLJMFNG6WHH736E7USTA,Content (Avg Emb),0.0,0.0
AFM6ROIARLJMFNG6WHH736E7USTA,Last-Item,0.0,0.0
AFM6ROIARLJMFNG6WHH736E7USTA,Avg-Last-10,0.0,0.0
AFM6ROIARLJMFNG6WHH736E7USTA,Recency-Weighted,0.0,0.0
AFM6ROIARLJMFNG6WHH736E7USTA,Essence (K=10),0.0,0.0
AFM7AOWKZYNANOIS6VLA3ULFH7OQ,Random,0.0,0.0
AFM7AOWKZYNANOIS6VLA3ULFH7OQ,Popularity,0.0,0.0
AFM7AOWKZYNANOIS6VLA3ULFH7OQ,CF (ItemKNN),0.0,0.0
AFM7AOWKZYNANOIS6VLA3ULFH7OQ,Content (Avg Emb),0.3333333333333333,0.0
AFM7AOWKZYNANOIS6VLA3ULFH7OQ,Last-Item,0.0,0.0
AFM7AOWKZYNANOIS6VLA3ULFH7OQ,Avg-Last-10,0.0,0.0
AFM7AOWKZYNANOIS6VLA3ULFH7OQ,Recency-Weighted,0.0,0.0
AFM7AOWKZYNANOIS6VLA3ULFH7OQ,Essence (K=10),0.0,0.0
AFMACL4AFULDVTMMAIATI577UZ6Q,Random,0.0,0.0
AFMACL4AFULDVTMMAIATI577UZ6Q,Popularity,0.0,0.0
AFMACL4AFULDVTMMAIATI577UZ6Q,CF (ItemKNN),0.0,0.0
AFMACL4AFULDVTMMAIATI577UZ6Q,Content (Avg Emb),0.0,0.0
AFMACL4AFULDVTMMAIATI577UZ6Q,Last-Item,0.0,0.0
AFMACL4AFULDVTMMAIATI577UZ6Q,Avg-Last-10,0.0,0.0
AFMACL4AFULDVTMMAIATI577UZ6Q,Recency-Weighted,0.0,0.0
AFMACL4AFULDVTMMAIATI577UZ6Q,Essence (K=10),0.0,0.0
AFMB4B6TY4SEX2C7VQSU5TQFW3LA,Random,0.0,0.0
AFMB4B6TY4SEX2C7VQSU5TQFW3LA,Popularity,0.0,0.0
AFMB4B6TY4SEX2C7VQSU5TQFW3LA,CF (ItemKNN),0.0,0.0
AFMB4B6TY4SEX2C7VQSU5TQFW3LA,Content (Avg Emb),0.0,0.0
AFMB4B6TY4SEX2C7VQSU5TQFW3LA,Last-Item,0.0,0.0
AFMB4B6TY4SEX2C7VQSU5TQFW3LA,Avg-Last-10,0.0,0.0
AFMB4B6TY4SEX2C7VQSU5TQFW3LA,Recency-Weighted,0.0,0.0
AFMB4B6TY4SEX2C7VQSU5TQFW3LA,Essence (K=10),0.0,0.0
AFMBF3NCA6H2AHO6D2WX6SUBPELA,Random,0.0,0.0
AFMBF3NCA6H2AHO6D2WX6SUBPELA,Popularity,0.0,0.0
AFMBF3NCA6H2AHO6D2WX6SUBPELA,CF (ItemKNN),0.0,0.0
AFMBF3NCA6H2AHO6D2WX6SUBPELA,Content (Avg Emb),0.0,0.0
AFMBF3NCA6H2AHO6D2WX6SUBPELA,Last-Item,0.0,0.0
AFMBF3NCA6H2AHO6D2WX6SUBPELA,Avg-Last-10,0.0,0.0
AFMBF3NCA6H2AHO6D2WX6SUBPELA,Recency-Weighted,0.0,0.0
AFMBF3NCA6H2AHO6D2WX6SUBPELA,Essence (K=10),0.0,0.0
AFMBJTFAF7EPYETI3FLUDOJCDMFQ,Random,0.0,0.0
AFMBJTFAF7EPYETI3FLUDOJCDMFQ,Popularity,0.0,0.0
AFMBJTFAF7EPYETI3FLUDOJCDMFQ,CF (ItemKNN),0.0,0.0
AFMBJTFAF7EPYETI3FLUDOJCDMFQ,Content (Avg Emb),0.0,0.0
AFMBJTFAF7EPYETI3FLUDOJCDMFQ,Last-Item,0.0,0.0
AFMBJTFAF7EPYETI3FLUDOJCDMFQ,Avg-Last-10,0.0,0.0
AFMBJTFAF7EPYETI3FLUDOJCDMFQ,Recency-Weighted,0.0,0.0
AFMBJTFAF7EPYETI3FLUDOJCDMFQ,Essence (K=10),0.0,0.0
AFMD5RT3CIKPFQ7QBKG5XGVEVQVA,Random,0.0,
AFMD5RT3CIKPFQ7QBKG5XGVEVQVA,Popularity,0.0,
AFMD5RT3CIKPFQ7QBKG5XGVEVQVA,CF (ItemKNN),0.3333333333333333,
AFMD5RT3CIKPFQ7QBKG5XGVEVQVA,Content (Avg Emb),0.16666666666666666,
AFMD5RT3CIKPFQ7QBKG5XGVEVQVA,Last-Item,0.16666666666666666,
AFMD5RT3CIKPFQ7QBKG5XGVEVQVA,Avg-Last-10,0.0,
AFMD5RT3CIKPFQ7QBKG5XGVEVQVA,Recency-Weighted,0.0,
AFMD5RT3CIKPFQ7QBKG5XGVEVQVA,Essence (K=10),0.16666666666666666,
AFMEQT4X4N7SOKWPKLFDPPYMH7LA,Random,0.0,0.0
AFMEQT4X4N7SOKWPKLFDPPYMH7LA,Popularity,0.0,0.0
AFMEQT4X4N7SOKWPKLFDPPYMH7LA,CF (ItemKNN),0.14285714285714285,0.3333333333333333
AFMEQT4X4N7SOKWPKLFDPPYMH7LA,Content (Avg Emb),0.0,0.0
AFMEQT4X4N7SOKWPKLFDPPYMH7LA,Last-Item,0.0,0.0
AFMEQT4X4N7SOKWPKLFDPPYMH7LA,Avg-Last-10,0.0,0.0
AFMEQT4X4N7SOKWPKLFDPPYMH7LA,Recency-Weighted,0.0,0.0
AFMEQT4X4N7SOKWPKLFDPPYMH7LA,Essence (K=10),0.0,0.0
AFMSAU2PEZD5OIEQASCOPOKWP53A,Random,0.0,0.0
AFMSAU2PEZD5OIEQASCOPOKWP53A,Popularity,0.0,0.0
AFMSAU2PEZD5OIEQASCOPOKWP53A,CF (ItemKNN),0.0,0.0
AFMSAU2PEZD5OIEQASCOPOKWP53A,Content (Avg Emb),0.0,0.0
AFMSAU2PEZD5OIEQASCOPOKWP53A,Last-Item,0.0,0.0
AFMSAU2PEZD5OIEQASCOPOKWP53A,Avg-Last-10,0.0,0.0
AFMSAU2PEZD5OIEQASCOPOKWP53A,Recency-Weighted,0.0,0.0
AFMSAU2PEZD5OIEQASCOPOKWP53A,Essence (K=10),0.0,0.0
AFMWCYHQ25DWI2CKGCBA6B4W6L6A,Random,0.0,
AFMWCYHQ25DWI2CKGCBA6B4W6L6A,Popularity,0.0,
AFMWCYHQ25DWI2CKGCBA6B4W6L6A,CF (ItemKNN),0.0,
AFMWCYHQ25DWI2CKGCBA6B4W6L6A,Content (Avg Emb),0.0,
AFMWCYHQ25DWI2CKGCBA6B4W6L6A,Last-Item,0.0,
AFMWCYHQ25DWI2CKGCBA6B4W6L6A,Avg-Last-10,0.0,
AFMWCYHQ25DWI2CKGCBA6B4W6L6A,Recency-Weighted,0.0,
AFMWCYHQ25DWI2CKGCBA6B4W6L6A,Essence (K=10),0.0,
AFMXOJMRRULOEPUOLEANZQWTUNYA,Random,0.0,
AFMXOJMRRULOEPUOLEANZQWTUNYA,Popularity,0.0,
AFMXOJMRRULOEPUOLEANZQWTUNYA,CF (ItemKNN),0.0,
AFMXOJMRRULOEPUOLEANZQWTUNYA,Content (Avg Emb),0.0,
AFMXOJMRRULOEPUOLEANZQWTUNYA,Last-Item,0.0,
AFMXOJMRRULOEPUOLEANZQWTUNYA,Avg-Last-10,0.0,
AFMXOJMRRULOEPUOLEANZQWTUNYA,Recency-Weighted,0.0,
AFMXOJMRRULOEPUOLEANZQWTUNYA,Essence (K=10),0.0,
AFMYTKQJLI6VYEAMBIO6YMYRR7NQ,Random,0.0,
AFMYTKQJLI6VYEAMBIO6YMYRR7NQ,Popularity,0.0,
AFMYTKQJLI6VYEAMBIO6YMYRR7NQ,CF (ItemKNN),0.0,
AFMYTKQJLI6VYEAMBIO6YMYRR7NQ,Content (Avg Emb),0.0,
AFMYTKQJLI6VYEAMBIO6YMYRR7NQ,Last-Item,0.0,
AFMYTKQJLI6VYEAMBIO6YMYRR7NQ,Avg-Last-10,0.0,
AFMYTKQJLI6VYEAMBIO6YMYRR7NQ,Recency-Weighted,0.0,
AFMYTKQJLI6VYEAMBIO6YMYRR7NQ,Essence (K=10),0.0,
AFMZECPMURM5TMBSQYYAFRZ2ODKA,Random,0.0,0.0
AFMZECPMURM5TMBSQYYAFRZ2ODKA,Popularity,0.0,0.0
AFMZECPMURM5TMBSQYYAFRZ2ODKA,CF (ItemKNN),0.0,0.0
AFMZECPMURM5TMBSQYYAFRZ2ODKA,Content (Avg Emb),0.0,0.0
AFMZECPMURM5TMBSQYYAFRZ2ODKA,Last-Item,0.0,0.0
AFMZECPMURM5TMBSQYYAFRZ2ODKA,Avg-Last-10,0.0,0.0
AFMZECPMURM5TMBSQYYAFRZ2ODKA,Recency-Weighted,0.0,0.0
AFMZECPMURM5TMBSQYYAFRZ2ODKA,Essence (K=10),0.0,0.0
AFN42XC7GL5BKP7IJKWCY43MKD4A,Random,0.0,0.0
AFN42XC7GL5BKP7IJKWCY43MKD4A,Popularity,0.0,0.0
AFN42XC7GL5BKP7IJKWCY43MKD4A,CF (ItemKNN),0.0,0.0
AFN42XC7GL5BKP7IJKWCY43MKD4A,Content (Avg Emb),0.0,0.0
AFN42XC7GL5BKP7IJKWCY43MKD4A,Last-Item,0.0,0.0
AFN42XC7GL5BKP7IJKWCY43MKD4A,Avg-Last-10,0.25,0.0
AFN42XC7GL5BKP7IJKWCY43MKD4A,Recency-Weighted,0.25,0.0
AFN42XC7GL5BKP7IJKWCY43MKD4A,Essence (K=10),0.25,0.0
AFN65DDQQSOAHZOK7XDWIJPU5BPA,Random,0.0,0.0
AFN65DDQQSOAHZOK7XDWIJPU5BPA,Popularity,0.0,0.0
AFN65DDQQSOAHZOK7XDWIJPU5BPA,CF (ItemKNN),0.0,0.0
AFN65DDQQSOAHZOK7XDWIJPU5BPA,Content (Avg Emb),0.0,0.0
AFN65DDQQSOAHZOK7XDWIJPU5BPA,Last-Item,0.0,0.0
AFN65DDQQSOAHZOK7XDWIJPU5BPA,Avg-Last-10,0.0,0.0
AFN65DDQQSOAHZOK7XDWIJPU5BPA,Recency-Weighted,0.0,0.0
AFN65DDQQSOAHZOK7XDWIJPU5BPA,Essence (K=10),0.0,0.0
AFN7Q76JK4NFUO4UNUG3D6WNWXOQ,Random,0.0,0.0
AFN7Q76JK4NFUO4UNUG3D6WNWXOQ,Popularity,0.0,0.0
AFN7Q76JK4NFUO4UNUG3D6WNWXOQ,CF (ItemKNN),0.0,0.0
AFN7Q76JK4NFUO4UNUG3D6WNWXOQ,Content (Avg Emb),0.0,0.0
AFN7Q76JK4NFUO4UNUG3D6WNWXOQ,Last-Item,0.0,0.0
AFN7Q76JK4NFUO4UNUG3D6WNWXOQ,Avg-Last-10,0.0,0.0
AFN7Q76JK4NFUO4UNUG3D6WNWXOQ,Recency-Weighted,0.0,0.0
AFN7Q76JK4NFUO4UNUG3D6WNWXOQ,Essence (K=10),0.0,0.0
AFNAE2A272CVAV7HJEVYDIRJMXVA,Random,0.0,
AFNAE2A272CVAV7HJEVYDIRJMXVA,Popularity,0.0,
AFNAE2A272CVAV7HJEVYDIRJMXVA,CF (ItemKNN),0.0,
AFNAE2A272CVAV7HJEVYDIRJMXVA,Content (Avg Emb),0.0,
AFNAE2A272CVAV7HJEVYDIRJMXVA,Last-Item,0.0,
AFNAE2A272CVAV7HJEVYDIRJMXVA,Avg-Last-10,0.0,
AFNAE2A272CVAV7HJEVYDIRJMXVA,Recency-Weighted,0.0,
AFNAE2A272CVAV7HJEVYDIRJMXVA,Essence (K=10),0.0,
AFNAKUKN322DDHBKHYD4YP7HRWWQ,Random,0.0,0.0
AFNAKUKN322DDHBKHYD4YP7HRWWQ,Popularity,0.0,0.0
AFNAKUKN322DDHBKHYD4YP7HRWWQ,CF (ItemKNN),0.0,0.0
AFNAKUKN322DDHBKHYD4YP7HRWWQ,Content (Avg Emb),0.0,0.0
AFNAKUKN322DDHBKHYD4YP7HRWWQ,Last-Item,0.0,0.0
AFNAKUKN322DDHBKHYD4YP7HRWWQ,Avg-Last-10,0.0,0.0
AFNAKUKN322DDHBKHYD4YP7HRWWQ,Recency-Weighted,0.0,0.0
AFNAKUKN322DDHBKHYD4YP7HRWWQ,Essence (K=10),0.0,0.0
AFNALYAIBUVBLL6MYZQYRAISVHDQ,Random,0.0,0.0
AFNALYAIBUVBLL6MYZQYRAISVHDQ,Popularity,0.0,0.0
AFNALYAIBUVBLL6MYZQYRAISVHDQ,CF (ItemKNN),0.0,0.0
AFNALYAIBUVBLL6MYZQYRAISVHDQ,Content (Avg Emb),0.0,0.0
AFNALYAIBUVBLL6MYZQYRAISVHDQ,Last-Item,0.0,0.0
AFNALYAIBUVBLL6MYZQYRAISVHDQ,Avg-Last-10,0.0,0.0
AFNALYAIBUVBLL6MYZQYRAISVHDQ,Recency-Weighted,0.0,0.0
AFNALYAIBUVBLL6MYZQYRAISVHDQ,Essence (K=10),0.0,0.0
AFNAOMKQQUV52BKX7OTQT6VEYQHQ,Random,0.0,
AFNAOMKQQUV52BKX7OTQT6VEYQHQ,Popularity,0.0,
AFNAOMKQQUV52BKX7OTQT6VEYQHQ,CF (ItemKNN),0.0,
AFNAOMKQQUV52BKX7OTQT6VEYQHQ,Content (Avg Emb),0.0,
AFNAOMKQQUV52BKX7OTQT6VEYQHQ,Last-Item,0.0,
AFNAOMKQQUV52BKX7OTQT6VEYQHQ,Avg-Last-10,0.0,
AFNAOMKQQUV52BKX7OTQT6VEYQHQ,Recency-Weighted,0.0,
AFNAOMKQQUV52BKX7OTQT6VEYQHQ,Essence (K=10),0.0,
AFNEQ6P4JQ6EWJXXRH6TRIQDV4CA,Random,0.0,0.0
AFNEQ6P4JQ6EWJXXRH6TRIQDV4CA,Popularity,0.0,0.0
AFNEQ6P4JQ6EWJXXRH6TRIQDV4CA,CF (ItemKNN),0.0,0.0
AFNEQ6P4JQ6EWJXXRH6TRIQDV4CA,Content (Avg Emb),0.0,0.0
AFNEQ6P4JQ6EWJXXRH6TRIQDV4CA,Last-Item,0.09090909090909091,0.0
AFNEQ6P4JQ6EWJXXRH6TRIQDV4CA,Avg-Last-10,0.09090909090909091,0.0
AFNEQ6P4JQ6EWJXXRH6TRIQDV4CA,Recency-Weighted,0.09090909090909091,0.0
AFNEQ6P4JQ6EWJXXRH6TRIQDV4CA,Essence (K=10),0.0,0.0
AFNK6LCMLZKS3T264V7PKA2K3XMQ,Random,0.0,0.0
AFNK6LCMLZKS3T264V7PKA2K3XMQ,Popularity,0.0,0.0
AFNK6LCMLZKS3T264V7PKA2K3XMQ,CF (ItemKNN),0.0,0.0
AFNK6LCMLZKS3T264V7PKA2K3XMQ,Content (Avg Emb),0.0,0.0
AFNK6LCMLZKS3T264V7PKA2K3XMQ,Last-Item,0.0,0.0
AFNK6LCMLZKS3T264V7PKA2K3XMQ,Avg-Last-10,0.0,0.0
AFNK6LCMLZKS3T264V7PKA2K3XMQ,Recency-Weighted,0.0,0.0
AFNK6LCMLZKS3T264V7PKA2K3XMQ,Essence (K=10),0.0,0.0
AFNQWR7IIFVICQJSU7FWKRZ5ZSJA,Random,0.0,0.0
AFNQWR7IIFVICQJSU7FWKRZ5ZSJA,Popularity,0.0,0.0
AFNQWR7IIFVICQJSU7FWKRZ5ZSJA,CF (ItemKNN),0.0,0.0
AFNQWR7IIFVICQJSU7FWKRZ5ZSJA,Content (Avg Emb),0.0,0.0
AFNQWR7IIFVICQJSU7FWKRZ5ZSJA,Last-Item,0.2,0.0
AFNQWR7IIFVICQJSU7FWKRZ5ZSJA,Avg-Last-10,0.0,0.0
AFNQWR7IIFVICQJSU7FWKRZ5ZSJA,Recency-Weighted,0.0,0.0
AFNQWR7IIFVICQJSU7FWKRZ5ZSJA,Essence (K=10),0.0,0.0
AFNSEYBMTQM23RW656QE6LR65FOA,Random,0.0,
AFNSEYBMTQM23RW656QE6LR65FOA,Popularity,0.0,
AFNSEYBMTQM23RW656QE6LR65FOA,CF (ItemKNN),0.0,
AFNSEYBMTQM23RW656QE6LR65FOA,Content (Avg Emb),0.0,
AFNSEYBMTQM23RW656QE6LR65FOA,Last-Item,0.0,
AFNSEYBMTQM23RW656QE6LR65FOA,Avg-Last-10,0.0,
AFNSEYBMTQM23RW656QE6LR65FOA,Recency-Weighted,0.0,
AFNSEYBMTQM23RW656QE6LR65FOA,Essence (K=10),0.25,
AFNSVV2OGUK7HIJ3LYAUW2OU2Y5A,Random,0.0,0.0
AFNSVV2OGUK7HIJ3LYAUW2OU2Y5A,Popularity,0.0,0.0
AFNSVV2OGUK7HIJ3LYAUW2OU2Y5A,CF (ItemKNN),0.2,0.0
AFNSVV2OGUK7HIJ3LYAUW2OU2Y5A,Content (Avg Emb),0.0,0.0
AFNSVV2OGUK7HIJ3LYAUW2OU2Y5A,Last-Item,0.0,0.0
AFNSVV2OGUK7HIJ3LYAUW2OU2Y5A,Avg-Last-10,0.0,0.0
AFNSVV2OGUK7HIJ3LYAUW2OU2Y5A,Recency-Weighted,0.0,0.0
AFNSVV2OGUK7HIJ3LYAUW2OU2Y5A,Essence (K=10),0.0,0.0
AFNTXQPIY6LIYIQTNC63UCKWG42A,Random,0.0,0.0
AFNTXQPIY6LIYIQTNC63UCKWG42A,Popularity,0.0,0.0
AFNTXQPIY6LIYIQTNC63UCKWG42A,CF (ItemKNN),0.0,0.0
AFNTXQPIY6LIYIQTNC63UCKWG42A,Content (Avg Emb),0.0,0.0
AFNTXQPIY6LIYIQTNC63UCKWG42A,Last-Item,0.0,0.0
AFNTXQPIY6LIYIQTNC63UCKWG42A,Avg-Last-10,0.0,0.0
AFNTXQPIY6LIYIQTNC63UCKWG42A,Recency-Weighted,0.0,0.0
AFNTXQPIY6LIYIQTNC63UCKWG42A,Essence (K=10),0.0,0.0
AFNXJ3G6NSNMPTXFXEZ2TCYFEDDQ,Random,0.0,0.0
AFNXJ3G6NSNMPTXFXEZ2TCYFEDDQ,Popularity,0.0,0.0
AFNXJ3G6NSNMPTXFXEZ2TCYFEDDQ,CF (ItemKNN),0.0,0.0
AFNXJ3G6NSNMPTXFXEZ2TCYFEDDQ,Content (Avg Emb),0.0,0.0
AFNXJ3G6NSNMPTXFXEZ2TCYFEDDQ,Last-Item,0.0,0.0
AFNXJ3G6NSNMPTXFXEZ2TCYFEDDQ,Avg-Last-10,0.0,0.0
AFNXJ3G6NSNMPTXFXEZ2TCYFEDDQ,Recency-Weighted,0.0,0.0
AFNXJ3G6NSNMPTXFXEZ2TCYFEDDQ,Essence (K=10),0.0,0.0
AFNZQM5R2XWMIPDGD6B7QS3AQQWA,Random,0.0,0.0
AFNZQM5R2XWMIPDGD6B7QS3AQQWA,Popularity,0.0,0.0
AFNZQM5R2XWMIPDGD6B7QS3AQQWA,CF (ItemKNN),0.0,0.0
AFNZQM5R2XWMIPDGD6B7QS3AQQWA,Content (Avg Emb),0.0,0.0
AFNZQM5R2XWMIPDGD6B7QS3AQQWA,Last-Item,0.0,0.0
AFNZQM5R2XWMIPDGD6B7QS3AQQWA,Avg-Last-10,0.0,0.0
AFNZQM5R2XWMIPDGD6B7QS3AQQWA,Recency-Weighted,0.0,0.0
AFNZQM5R2XWMIPDGD6B7QS3AQQWA,Essence (K=10),0.0,0.0
AFO4GEDSQZOOKSFSQN3Y4ZSPW2JQ,Random,0.0,
AFO4GEDSQZOOKSFSQN3Y4ZSPW2JQ,Popularity,0.0,
AFO4GEDSQZOOKSFSQN3Y4ZSPW2JQ,CF (ItemKNN),0.0,
AFO4GEDSQZOOKSFSQN3Y4ZSPW2JQ,Content (Avg Emb),0.0,
AFO4GEDSQZOOKSFSQN3Y4ZSPW2JQ,Last-Item,0.0,
AFO4GEDSQZOOKSFSQN3Y4ZSPW2JQ,Avg-Last-10,0.0,
AFO4GEDSQZOOKSFSQN3Y4ZSPW2JQ,Recency-Weighted,0.0,
AFO4GEDSQZOOKSFSQN3Y4ZSPW2JQ,Essence (K=10),0.0,
AFO7JRVES5IMUQYQAJQQ3BTZIA5Q,Random,0.0,0.0
AFO7JRVES5IMUQYQAJQQ3BTZIA5Q,Popularity,0.0,0.0
AFO7JRVES5IMUQYQAJQQ3BTZIA5Q,CF (ItemKNN),0.0,0.0
AFO7JRVES5IMUQYQAJQQ3BTZIA5Q,Content (Avg Emb),0.0,0.0
AFO7JRVES5IMUQYQAJQQ3BTZIA5Q,Last-Item,0.0,0.0
AFO7JRVES5IMUQYQAJQQ3BTZIA5Q,Avg-Last-10,0.0,0.0
AFO7JRVES5IMUQYQAJQQ3BTZIA5Q,Recency-Weighted,0.0,0.0
AFO7JRVES5IMUQYQAJQQ3BTZIA5Q,Essence (K=10),0.0,0.0
AFOAGOOFUIXFHX2QEMJU7VCL72NQ,Random,0.0,0.0
AFOAGOOFUIXFHX2QEMJU7VCL72NQ,Popularity,0.0,0.0
AFOAGOOFUIXFHX2QEMJU7VCL72NQ,CF (ItemKNN),0.0,0.0
AFOAGOOFUIXFHX2QEMJU7VCL72NQ,Content (Avg Emb),0.0,0.0
AFOAGOOFUIXFHX2QEMJU7VCL72NQ,Last-Item,0.0,0.0
AFOAGOOFUIXFHX2QEMJU7VCL72NQ,Avg-Last-10,0.0,0.0
AFOAGOOFUIXFHX2QEMJU7VCL72NQ,Recency-Weighted,0.0,0.0
AFOAGOOFUIXFHX2QEMJU7VCL72NQ,Essence (K=10),0.043478260869565216,0.16666666666666666
AFOCTQQDYZNLVPRGFJAS5Q2WCZHQ,Random,0.0,0.0
AFOCTQQDYZNLVPRGFJAS5Q2WCZHQ,Popularity,0.0,0.0
AFOCTQQDYZNLVPRGFJAS5Q2WCZHQ,CF (ItemKNN),0.0,0.0
AFOCTQQDYZNLVPRGFJAS5Q2WCZHQ,Content (Avg Emb),0.0,0.0
AFOCTQQDYZNLVPRGFJAS5Q2WCZHQ,Last-Item,0.0,0.0
AFOCTQQDYZNLVPRGFJAS5Q2WCZHQ,Avg-Last-10,0.0,0.0
AFOCTQQDYZNLVPRGFJAS5Q2WCZHQ,Recency-Weighted,0.0,0.0
AFOCTQQDYZNLVPRGFJAS5Q2WCZHQ,Essence (K=10),0.0,0.0
AFODDTOAEZ6I5M4DD2M22RPJWJZQ,Random,0.0,0.0
AFODDTOAEZ6I5M4DD2M22RPJWJZQ,Popularity,0.0,0.0
AFODDTOAEZ6I5M4DD2M22RPJWJZQ,CF (ItemKNN),0.0,0.0
AFODDTOAEZ6I5M4DD2M22RPJWJZQ,Content (Avg Emb),0.0,0.0
AFODDTOAEZ6I5M4DD2M22RPJWJZQ,Last-Item,0.0,0.0
AFODDTOAEZ6I5M4DD2M22RPJWJZQ,Avg-Last-10,0.0,0.0
AFODDTOAEZ6I5M4DD2M22RPJWJZQ,Recency-Weighted,0.0,0.0
AFODDTOAEZ6I5M4DD2M22RPJWJZQ,Essence (K=10),0.0,0.0
AFODHHNGBUAJR4QXO36RSIIOHQAQ,Random,0.0,
AFODHHNGBUAJR4QXO36RSIIOHQAQ,Popularity,0.0,
AFODHHNGBUAJR4QXO36RSIIOHQAQ,CF (ItemKNN),0.0,
AFODHHNGBUAJR4QXO36RSIIOHQAQ,Content (Avg Emb),0.0,
AFODHHNGBUAJR4QXO36RSIIOHQAQ,Last-Item,0.0,
AFODHHNGBUAJR4QXO36RSIIOHQAQ,Avg-Last-10,0.0,
AFODHHNGBUAJR4QXO36RSIIOHQAQ,Recency-Weighted,0.0,
AFODHHNGBUAJR4QXO36RSIIOHQAQ,Essence (K=10),0.0,
AFOGHPVCRQQ5EKGTDR5AYK3SUVWQ,Random,0.0,0.0
AFOGHPVCRQQ5EKGTDR5AYK3SUVWQ,Popularity,0.05,0.0
AFOGHPVCRQQ5EKGTDR5AYK3SUVWQ,CF (ItemKNN),0.0,0.0
AFOGHPVCRQQ5EKGTDR5AYK3SUVWQ,Content (Avg Emb),0.0,0.0
AFOGHPVCRQQ5EKGTDR5AYK3SUVWQ,Last-Item,0.0,0.0
AFOGHPVCRQQ5EKGTDR5AYK3SUVWQ,Avg-Last-10,0.0,0.0
AFOGHPVCRQQ5EKGTDR5AYK3SUVWQ,Recency-Weighted,0.0,0.0
AFOGHPVCRQQ5EKGTDR5AYK3SUVWQ,Essence (K=10),0.0,0.0
AFOGXCEXCBANMBQD3ED4SYBWPMZQ,Random,0.0,0.0
AFOGXCEXCBANMBQD3ED4SYBWPMZQ,Popularity,0.0,0.0
AFOGXCEXCBANMBQD3ED4SYBWPMZQ,CF (ItemKNN),0.0,0.0
AFOGXCEXCBANMBQD3ED4SYBWPMZQ,Content (Avg Emb),0.0,0.0
AFOGXCEXCBANMBQD3ED4SYBWPMZQ,Last-Item,0.0,0.0
AFOGXCEXCBANMBQD3ED4SYBWPMZQ,Avg-Last-10,0.0,0.0
AFOGXCEXCBANMBQD3ED4SYBWPMZQ,Recency-Weighted,0.0,0.0
AFOGXCEXCBANMBQD3ED4SYBWPMZQ,Essence (K=10),0.0,0.0
AFOIYWAHBJKMEPMWIDNXLWD4NQMQ,Random,0.0,0.0
AFOIYWAHBJKMEPMWIDNXLWD4NQMQ,Popularity,0.0,0.0
AFOIYWAHBJKMEPMWIDNXLWD4NQMQ,CF (ItemKNN),0.0,0.0
AFOIYWAHBJKMEPMWIDNXLWD4NQMQ,Content (Avg Emb),0.0,0.0
AFOIYWAHBJKMEPMWIDNXLWD4NQMQ,Last-Item,0.0,0.0
AFOIYWAHBJKMEPMWIDNXLWD4NQMQ,Avg-Last-10,0.0,0.0
AFOIYWAHBJKMEPMWIDNXLWD4NQMQ,Recency-Weighted,0.0,0.0
AFOIYWAHBJKMEPMWIDNXLWD4NQMQ,Essence (K=10),0.2,0.5
AFOTGUAHOSOMCF2BH5IWJHDQDAZQ,Random,0.0,0.0
AFOTGUAHOSOMCF2BH5IWJHDQDAZQ,Popularity,0.0,0.0
AFOTGUAHOSOMCF2BH5IWJHDQDAZQ,CF (ItemKNN),0.0,0.0
AFOTGUAHOSOMCF2BH5IWJHDQDAZQ,Content (Avg Emb),0.0,0.0
AFOTGUAHOSOMCF2BH5IWJHDQDAZQ,Last-Item,0.0,0.0
AFOTGUAHOSOMCF2BH5IWJHDQDAZQ,Avg-Last-10,0.0,0.0
AFOTGUAHOSOMCF2BH5IWJHDQDAZQ,Recency-Weighted,0.0,0.0
AFOTGUAHOSOMCF2BH5IWJHDQDAZQ,Essence (K=10),0.0,0.0
AFOZ25YCUHRKFWTSZ5RM4LRAD3EA,Random,0.0,0.0
AFOZ25YCUHRKFWTSZ5RM4LRAD3EA,Popularity,0.0,0.0
AFOZ25YCUHRKFWTSZ5RM4LRAD3EA,CF (ItemKNN),0.2,0.0
AFOZ25YCUHRKFWTSZ5RM4LRAD3EA,Content (Avg Emb),0.0,0.0
AFOZ25YCUHRKFWTSZ5RM4LRAD3EA,Last-Item,0.0,0.0
AFOZ25YCUHRKFWTSZ5RM4LRAD3EA,Avg-Last-10,0.0,0.0
AFOZ25YCUHRKFWTSZ5RM4LRAD3EA,Recency-Weighted,0.0,0.0
AFOZ25YCUHRKFWTSZ5RM4LRAD3EA,Essence (K=10),0.0,0.0
AFP27EJSHQODEXN65BE3L3IGDJBQ,Random,0.0,0.0
AFP27EJSHQODEXN65BE3L3IGDJBQ,Popularity,0.0,0.0
AFP27EJSHQODEXN65BE3L3IGDJBQ,CF (ItemKNN),0.125,0.0
AFP27EJSHQODEXN65BE3L3IGDJBQ,Content (Avg Emb),0.0,0.0
AFP27EJSHQODEXN65BE3L3IGDJBQ,Last-Item,0.125,1.0
AFP27EJSHQODEXN65BE3L3IGDJBQ,Avg-Last-10,0.0,0.0
AFP27EJSHQODEXN65BE3L3IGDJBQ,Recency-Weighted,0.0,0.0
AFP27EJSHQODEXN65BE3L3IGDJBQ,Essence (K=10),0.0,0.0
AFP3K7IAW3PLVRAYV24ZKBP32LQA,Random,0.0,0.0
AFP3K7IAW3PLVRAYV24ZKBP32LQA,Popularity,0.0,0.0
AFP3K7IAW3PLVRAYV24ZKBP32LQA,CF (ItemKNN),0.0,0.0
AFP3K7IAW3PLVRAYV24ZKBP32LQA,Content (Avg Emb),0.0,0.0
AFP3K7IAW3PLVRAYV24ZKBP32LQA,Last-Item,0.25,0.0
AFP3K7IAW3PLVRAYV24ZKBP32LQA,Avg-Last-10,0.0,0.0
AFP3K7IAW3PLVRAYV24ZKBP32LQA,Recency-Weighted,0.0,0.0
AFP3K7IAW3PLVRAYV24ZKBP32LQA,Essence (K=10),0.0,0.0
AFP43DMRT5KF2VSPUYQ7VDP5FQVQ,Random,0.0,0.0
AFP43DMRT5KF2VSPUYQ7VDP5FQVQ,Popularity,0.125,0.0
AFP43DMRT5KF2VSPUYQ7VDP5FQVQ,CF (ItemKNN),0.0,0.0
AFP43DMRT5KF2VSPUYQ7VDP5FQVQ,Content (Avg Emb),0.0,0.0
AFP43DMRT5KF2VSPUYQ7VDP5FQVQ,Last-Item,0.0,0.0
AFP43DMRT5KF2VSPUYQ7VDP5FQVQ,Avg-Last-10,0.0,0.0
AFP43DMRT5KF2VSPUYQ7VDP5FQVQ,Recency-Weighted,0.0,0.0
AFP43DMRT5KF2VSPUYQ7VDP5FQVQ,Essence (K=10),0.0,0.0
AFP4KXDUNBALUNJA4K63AMFSODEA,Random,0.0,0.0
AFP4KXDUNBALUNJA4K63AMFSODEA,Popularity,0.0,0.0
AFP4KXDUNBALUNJA4K63AMFSODEA,CF (ItemKNN),0.0,0.0
AFP4KXDUNBALUNJA4K63AMFSODEA,Content (Avg Emb),0.0,0.0
AFP4KXDUNBALUNJA4K63AMFSODEA,Last-Item,0.0,0.0
AFP4KXDUNBALUNJA4K63AMFSODEA,Avg-Last-10,0.0,0.0
AFP4KXDUNBALUNJA4K63AMFSODEA,Recency-Weighted,0.0,0.0
AFP4KXDUNBALUNJA4K63AMFSODEA,Essence (K=10),0.0,0.0
AFP5EXQPB4QWZ5NYTRKOGVEGPB4A,Random,0.0,0.0
AFP5EXQPB4QWZ5NYTRKOGVEGPB4A,Popularity,0.0,0.0
AFP5EXQPB4QWZ5NYTRKOGVEGPB4A,CF (ItemKNN),0.25,1.0
AFP5EXQPB4QWZ5NYTRKOGVEGPB4A,Content (Avg Emb),0.0,0.0
AFP5EXQPB4QWZ5NYTRKOGVEGPB4A,Last-Item,0.25,0.0
AFP5EXQPB4QWZ5NYTRKOGVEGPB4A,Avg-Last-10,0.0,0.0
AFP5EXQPB4QWZ5NYTRKOGVEGPB4A,Recency-Weighted,0.0,0.0
AFP5EXQPB4QWZ5NYTRKOGVEGPB4A,Essence (K=10),0.0,0.0
AFPA2Y76QJEXM676ZMZ3PRDAXHFQ,Random,0.0,
AFPA2Y76QJEXM676ZMZ3PRDAXHFQ,Popularity,0.0,
AFPA2Y76QJEXM676ZMZ3PRDAXHFQ,CF (ItemKNN),0.0,
AFPA2Y76QJEXM676ZMZ3PRDAXHFQ,Content (Avg Emb),0.0,
AFPA2Y76QJEXM676ZMZ3PRDAXHFQ,Last-Item,0.16666666666666666,
AFPA2Y76QJEXM676ZMZ3PRDAXHFQ,Avg-Last-10,0.0,
AFPA2Y76QJEXM676ZMZ3PRDAXHFQ,Recency-Weighted,0.0,
AFPA2Y76QJEXM676ZMZ3PRDAXHFQ,Essence (K=10),0.0,
AFPDN4FGIR3BK2GBD7RYOB3QLOLA,Random,0.0,0.0
AFPDN4FGIR3BK2GBD7RYOB3QLOLA,Popularity,0.0,0.0
AFPDN4FGIR3BK2GBD7RYOB3QLOLA,CF (ItemKNN),0.0,0.0
AFPDN4FGIR3BK2GBD7RYOB3QLOLA,Content (Avg Emb),0.0,0.0
AFPDN4FGIR3BK2GBD7RYOB3QLOLA,Last-Item,0.0,0.0
AFPDN4FGIR3BK2GBD7RYOB3QLOLA,Avg-Last-10,0.0,0.0
AFPDN4FGIR3BK2GBD7RYOB3QLOLA,Recency-Weighted,0.0,0.0
AFPDN4FGIR3BK2GBD7RYOB3QLOLA,Essence (K=10),0.0,0.0
AFPEXW3GARDA22TAM6SGR4BDOWSA,Random,0.0,
AFPEXW3GARDA22TAM6SGR4BDOWSA,Popularity,0.0,
AFPEXW3GARDA22TAM6SGR4BDOWSA,CF (ItemKNN),0.2,
AFPEXW3GARDA22TAM6SGR4BDOWSA,Content (Avg Emb),0.0,
AFPEXW3GARDA22TAM6SGR4BDOWSA,Last-Item,0.0,
AFPEXW3GARDA22TAM6SGR4BDOWSA,Avg-Last-10,0.0,
AFPEXW3GARDA22TAM6SGR4BDOWSA,Recency-Weighted,0.0,
AFPEXW3GARDA22TAM6SGR4BDOWSA,Essence (K=10),0.0,
AFPGKILVO637HSKPVG7CBKAXGKJQ,Random,0.0,
AFPGKILVO637HSKPVG7CBKAXGKJQ,Popularity,0.0,
AFPGKILVO637HSKPVG7CBKAXGKJQ,CF (ItemKNN),0.0,
AFPGKILVO637HSKPVG7CBKAXGKJQ,Content (Avg Emb),0.0,
AFPGKILVO637HSKPVG7CBKAXGKJQ,Last-Item,0.0,
AFPGKILVO637HSKPVG7CBKAXGKJQ,Avg-Last-10,0.0,
AFPGKILVO637HSKPVG7CBKAXGKJQ,Recency-Weighted,0.0,
AFPGKILVO637HSKPVG7CBKAXGKJQ,Essence (K=10),0.0,
AFPHRQPEYQMJH4D25CTQ6KFBFMFQ,Random,0.0,0.0
AFPHRQPEYQMJH4D25CTQ6KFBFMFQ,Popularity,0.0,0.0
AFPHRQPEYQMJH4D25CTQ6KFBFMFQ,CF (ItemKNN),0.041666666666666664,0.3333333333333333
AFPHRQPEYQMJH4D25CTQ6KFBFMFQ,Content (Avg Emb),0.0,0.0
AFPHRQPEYQMJH4D25CTQ6KFBFMFQ,Last-Item,0.041666666666666664,0.0
AFPHRQPEYQMJH4D25CTQ6KFBFMFQ,Avg-Last-10,0.0,0.0
AFPHRQPEYQMJH4D25CTQ6KFBFMFQ,Recency-Weighted,0.041666666666666664,0.0
AFPHRQPEYQMJH4D25CTQ6KFBFMFQ,Essence (K=10),0.041666666666666664,0.0
AFPJC6RTILDJAH63ESURDHZB7S3A,Random,0.0,0.0
AFPJC6RTILDJAH63ESURDHZB7S3A,Popularity,0.0,0.0
AFPJC6RTILDJAH63ESURDHZB7S3A,CF (ItemKNN),0.0,0.0
AFPJC6RTILDJAH63ESURDHZB7S3A,Content (Avg Emb),0.0,0.0
AFPJC6RTILDJAH63ESURDHZB7S3A,Last-Item,0.0,0.0
AFPJC6RTILDJAH63ESURDHZB7S3A,Avg-Last-10,0.0,0.0
AFPJC6RTILDJAH63ESURDHZB7S3A,Recency-Weighted,0.0,0.0
AFPJC6RTILDJAH63ESURDHZB7S3A,Essence (K=10),0.0,0.0
AFPK7LGXR4K32DFOE322J2DCZC5Q,Random,0.0,0.0
AFPK7LGXR4K32DFOE322J2DCZC5Q,Popularity,0.0,0.0
AFPK7LGXR4K32DFOE322J2DCZC5Q,CF (ItemKNN),0.0,0.0
AFPK7LGXR4K32DFOE322J2DCZC5Q,Content (Avg Emb),0.0,0.0
AFPK7LGXR4K32DFOE322J2DCZC5Q,Last-Item,0.0,0.0
AFPK7LGXR4K32DFOE322J2DCZC5Q,Avg-Last-10,0.0,0.0
AFPK7LGXR4K32DFOE322J2DCZC5Q,Recency-Weighted,0.0,0.0
AFPK7LGXR4K32DFOE322J2DCZC5Q,Essence (K=10),0.0,0.0
AFPL4UOCEECV7SC5V5ATSMUMMDDQ,Random,0.0,0.0
AFPL4UOCEECV7SC5V5ATSMUMMDDQ,Popularity,0.0,0.0
AFPL4UOCEECV7SC5V5ATSMUMMDDQ,CF (ItemKNN),0.0,0.0
AFPL4UOCEECV7SC5V5ATSMUMMDDQ,Content (Avg Emb),0.0,0.0
AFPL4UOCEECV7SC5V5ATSMUMMDDQ,Last-Item,0.0,0.0
AFPL4UOCEECV7SC5V5ATSMUMMDDQ,Avg-Last-10,0.0,0.0
AFPL4UOCEECV7SC5V5ATSMUMMDDQ,Recency-Weighted,0.0,0.0
AFPL4UOCEECV7SC5V5ATSMUMMDDQ,Essence (K=10),0.0,0.0
AFPPA3YUYH2XX2HRQFOKTGBSW7GQ,Random,0.0,
AFPPA3YUYH2XX2HRQFOKTGBSW7GQ,Popularity,0.0,
AFPPA3YUYH2XX2HRQFOKTGBSW7GQ,CF (ItemKNN),0.0,
AFPPA3YUYH2XX2HRQFOKTGBSW7GQ,Content (Avg Emb),0.0,
AFPPA3YUYH2XX2HRQFOKTGBSW7GQ,Last-Item,0.0,
AFPPA3YUYH2XX2HRQFOKTGBSW7GQ,Avg-Last-10,0.0,
AFPPA3YUYH2XX2HRQFOKTGBSW7GQ,Recency-Weighted,0.0,
AFPPA3YUYH2XX2HRQFOKTGBSW7GQ,Essence (K=10),0.0,
AFPUR35EWNSEO3OHR2TOVTJ2WPPQ,Random,0.0,
AFPUR35EWNSEO3OHR2TOVTJ2WPPQ,Popularity,0.0,
AFPUR35EWNSEO3OHR2TOVTJ2WPPQ,CF (ItemKNN),0.0,
AFPUR35EWNSEO3OHR2TOVTJ2WPPQ,Content (Avg Emb),0.0,
AFPUR35EWNSEO3OHR2TOVTJ2WPPQ,Last-Item,0.0,
AFPUR35EWNSEO3OHR2TOVTJ2WPPQ,Avg-Last-10,0.0,
AFPUR35EWNSEO3OHR2TOVTJ2WPPQ,Recency-Weighted,0.0,
AFPUR35EWNSEO3OHR2TOVTJ2WPPQ,Essence (K=10),0.0,
AFPYFZ6TT63XEASZLLMNTSIABPZQ,Random,0.0,0.0
AFPYFZ6TT63XEASZLLMNTSIABPZQ,Popularity,0.0,0.0
AFPYFZ6TT63XEASZLLMNTSIABPZQ,CF (ItemKNN),0.0,0.0
AFPYFZ6TT63XEASZLLMNTSIABPZQ,Content (Avg Emb),0.0,0.0
AFPYFZ6TT63XEASZLLMNTSIABPZQ,Last-Item,0.0,0.0
AFPYFZ6TT63XEASZLLMNTSIABPZQ,Avg-Last-10,0.0,0.0
AFPYFZ6TT63XEASZLLMNTSIABPZQ,Recency-Weighted,0.0,0.0
AFPYFZ6TT63XEASZLLMNTSIABPZQ,Essence (K=10),0.0,0.0
AFPYRSE4GGXJKDV4PQDZXYOEA3KQ,Random,0.0,0.0
AFPYRSE4GGXJKDV4PQDZXYOEA3KQ,Popularity,0.0,0.0
AFPYRSE4GGXJKDV4PQDZXYOEA3KQ,CF (ItemKNN),0.0,0.0
AFPYRSE4GGXJKDV4PQDZXYOEA3KQ,Content (Avg Emb),0.0,0.0
AFPYRSE4GGXJKDV4PQDZXYOEA3KQ,Last-Item,0.0,0.0
AFPYRSE4GGXJKDV4PQDZXYOEA3KQ,Avg-Last-10,0.0,0.0
AFPYRSE4GGXJKDV4PQDZXYOEA3KQ,Recency-Weighted,0.0,0.0
AFPYRSE4GGXJKDV4PQDZXYOEA3KQ,Essence (K=10),0.0,0.0
AFPZSI23TVM267YP6W4Q3FYSSJNA,Random,0.0,0.0
AFPZSI23TVM267YP6W4Q3FYSSJNA,Popularity,0.0,0.0
AFPZSI23TVM267YP6W4Q3FYSSJNA,CF (ItemKNN),0.0,0.0
AFPZSI23TVM267YP6W4Q3FYSSJNA,Content (Avg Emb),0.0,0.0
AFPZSI23TVM267YP6W4Q3FYSSJNA,Last-Item,0.0,0.0
AFPZSI23TVM267YP6W4Q3FYSSJNA,Avg-Last-10,0.0,0.0
AFPZSI23TVM267YP6W4Q3FYSSJNA,Recency-Weighted,0.0,0.0
AFPZSI23TVM267YP6W4Q3FYSSJNA,Essence (K=10),0.0,0.0
AFQ4LY52FRLCVX4BI2GMBKLSM56A,Random,0.0,
AFQ4LY52FRLCVX4BI2GMBKLSM56A,Popularity,0.0,
AFQ4LY52FRLCVX4BI2GMBKLSM56A,CF (ItemKNN),0.0,
AFQ4LY52FRLCVX4BI2GMBKLSM56A,Content (Avg Emb),0.0,
AFQ4LY52FRLCVX4BI2GMBKLSM56A,Last-Item,0.0,
AFQ4LY52FRLCVX4BI2GMBKLSM56A,Avg-Last-10,0.0,
AFQ4LY52FRLCVX4BI2GMBKLSM56A,Recency-Weighted,0.0,
AFQ4LY52FRLCVX4BI2GMBKLSM56A,Essence (K=10),0.0,
AFQ665RHGBXJPXTO52JIUNWIBIMA,Random,0.0,0.0
AFQ665RHGBXJPXTO52JIUNWIBIMA,Popularity,0.0,0.0
AFQ665RHGBXJPXTO52JIUNWIBIMA,CF (ItemKNN),0.0,0.0
AFQ665RHGBXJPXTO52JIUNWIBIMA,Content (Avg Emb),0.0,0.0
AFQ665RHGBXJPXTO52JIUNWIBIMA,Last-Item,0.2857142857142857,0.0
AFQ665RHGBXJPXTO52JIUNWIBIMA,Avg-Last-10,0.0,0.0
AFQ665RHGBXJPXTO52JIUNWIBIMA,Recency-Weighted,0.14285714285714285,0.3333333333333333
AFQ665RHGBXJPXTO52JIUNWIBIMA,Essence (K=10),0.14285714285714285,0.3333333333333333
AFQ6IP5UHD5RGOVMEUIUBOTMRMVQ,Random,0.0,
AFQ6IP5UHD5RGOVMEUIUBOTMRMVQ,Popularity,0.0,
AFQ6IP5UHD5RGOVMEUIUBOTMRMVQ,CF (ItemKNN),0.0,
AFQ6IP5UHD5RGOVMEUIUBOTMRMVQ,Content (Avg Emb),0.0,
AFQ6IP5UHD5RGOVMEUIUBOTMRMVQ,Last-Item,0.0,
AFQ6IP5UHD5RGOVMEUIUBOTMRMVQ,Avg-Last-10,0.0,
AFQ6IP5UHD5RGOVMEUIUBOTMRMVQ,Recency-Weighted,0.0,
AFQ6IP5UHD5RGOVMEUIUBOTMRMVQ,Essence (K=10),0.0,
AFQA34RNBHSOSDFYPMBA6IZPWGKQ,Random,0.0,0.0
AFQA34RNBHSOSDFYPMBA6IZPWGKQ,Popularity,0.0,0.0
AFQA34RNBHSOSDFYPMBA6IZPWGKQ,CF (ItemKNN),0.0,0.0
AFQA34RNBHSOSDFYPMBA6IZPWGKQ,Content (Avg Emb),0.0,0.0
AFQA34RNBHSOSDFYPMBA6IZPWGKQ,Last-Item,0.0,0.0
AFQA34RNBHSOSDFYPMBA6IZPWGKQ,Avg-Last-10,0.0,0.0
AFQA34RNBHSOSDFYPMBA6IZPWGKQ,Recency-Weighted,0.0,0.0
AFQA34RNBHSOSDFYPMBA6IZPWGKQ,Essence (K=10),0.0,0.0
AFQCPGZJ234TQTWABFO7YQCYKOWQ,Random,0.0,0.0
AFQCPGZJ234TQTWABFO7YQCYKOWQ,Popularity,0.0,0.0
AFQCPGZJ234TQTWABFO7YQCYKOWQ,CF (ItemKNN),0.0,0.0
AFQCPGZJ234TQTWABFO7YQCYKOWQ,Content (Avg Emb),0.0,0.0
AFQCPGZJ234TQTWABFO7YQCYKOWQ,Last-Item,0.0,0.0
AFQCPGZJ234TQTWABFO7YQCYKOWQ,Avg-Last-10,0.0,0.0
AFQCPGZJ234TQTWABFO7YQCYKOWQ,Recency-Weighted,0.0,0.0
AFQCPGZJ234TQTWABFO7YQCYKOWQ,Essence (K=10),0.0,0.0
AFQE357GHD2IHSKO3PFTUAVE7ADQ,Random,0.0,0.0
AFQE357GHD2IHSKO3PFTUAVE7ADQ,Popularity,0.0,0.0
AFQE357GHD2IHSKO3PFTUAVE7ADQ,CF (ItemKNN),0.0,0.0
AFQE357GHD2IHSKO3PFTUAVE7ADQ,Content (Avg Emb),0.05555555555555555,0.0
AFQE357GHD2IHSKO3PFTUAVE7ADQ,Last-Item,0.1111111111111111,0.3333333333333333
AFQE357GHD2IHSKO3PFTUAVE7ADQ,Avg-Last-10,0.0,0.0
AFQE357GHD2IHSKO3PFTUAVE7ADQ,Recency-Weighted,0.05555555555555555,0.3333333333333333
AFQE357GHD2IHSKO3PFTUAVE7ADQ,Essence (K=10),0.0,0.0
AFQHWEB7PHYKQJSJDVYV2EKDHLXA,Random,0.0,
AFQHWEB7PHYKQJSJDVYV2EKDHLXA,Popularity,0.0,
AFQHWEB7PHYKQJSJDVYV2EKDHLXA,CF (ItemKNN),0.0,
AFQHWEB7PHYKQJSJDVYV2EKDHLXA,Content (Avg Emb),0.0,
AFQHWEB7PHYKQJSJDVYV2EKDHLXA,Last-Item,0.25,
AFQHWEB7PHYKQJSJDVYV2EKDHLXA,Avg-Last-10,0.0,
AFQHWEB7PHYKQJSJDVYV2EKDHLXA,Recency-Weighted,0.0,
AFQHWEB7PHYKQJSJDVYV2EKDHLXA,Essence (K=10),0.0,
AFQKRAB3CKDOMVRO53UUFL325COQ,Random,0.0,
AFQKRAB3CKDOMVRO53UUFL325COQ,Popularity,0.0,
AFQKRAB3CKDOMVRO53UUFL325COQ,CF (ItemKNN),0.0,
AFQKRAB3CKDOMVRO53UUFL325COQ,Content (Avg Emb),0.0,
AFQKRAB3CKDOMVRO53UUFL325COQ,Last-Item,0.0,
AFQKRAB3CKDOMVRO53UUFL325COQ,Avg-Last-10,0.0,
AFQKRAB3CKDOMVRO53UUFL325COQ,Recency-Weighted,0.0,
AFQKRAB3CKDOMVRO53UUFL325COQ,Essence (K=10),0.16666666666666666,
AFQKZTEE6E5WIMZ7BBO7FIOP7P4A,Random,0.0,
AFQKZTEE6E5WIMZ7BBO7FIOP7P4A,Popularity,0.0,
AFQKZTEE6E5WIMZ7BBO7FIOP7P4A,CF (ItemKNN),0.0,
AFQKZTEE6E5WIMZ7BBO7FIOP7P4A,Content (Avg Emb),0.0,
AFQKZTEE6E5WIMZ7BBO7FIOP7P4A,Last-Item,0.0,
AFQKZTEE6E5WIMZ7BBO7FIOP7P4A,Avg-Last-10,0.0,
AFQKZTEE6E5WIMZ7BBO7FIOP7P4A,Recency-Weighted,0.0,
AFQKZTEE6E5WIMZ7BBO7FIOP7P4A,Essence (K=10),0.0,
AFQMSW4AODEXFHMZQ35RWLPC6SRA,Random,0.0,
AFQMSW4AODEXFHMZQ35RWLPC6SRA,Popularity,0.0,
AFQMSW4AODEXFHMZQ35RWLPC6SRA,CF (ItemKNN),0.0,
AFQMSW4AODEXFHMZQ35RWLPC6SRA,Content (Avg Emb),0.0,
AFQMSW4AODEXFHMZQ35RWLPC6SRA,Last-Item,0.0,
AFQMSW4AODEXFHMZQ35RWLPC6SRA,Avg-Last-10,0.0,
AFQMSW4AODEXFHMZQ35RWLPC6SRA,Recency-Weighted,0.0,
AFQMSW4AODEXFHMZQ35RWLPC6SRA,Essence (K=10),0.0,
AFQNWD23AVN5MUGMCAVQMCCSRQRA,Random,0.0,0.0
AFQNWD23AVN5MUGMCAVQMCCSRQRA,Popularity,0.0,0.0
AFQNWD23AVN5MUGMCAVQMCCSRQRA,CF (ItemKNN),0.0,0.0
AFQNWD23AVN5MUGMCAVQMCCSRQRA,Content (Avg Emb),0.0,0.0
AFQNWD23AVN5MUGMCAVQMCCSRQRA,Last-Item,0.0,0.0
AFQNWD23AVN5MUGMCAVQMCCSRQRA,Avg-Last-10,0.0,0.0
AFQNWD23AVN5MUGMCAVQMCCSRQRA,Recency-Weighted,0.0,0.0
AFQNWD23AVN5MUGMCAVQMCCSRQRA,Essence (K=10),0.0,0.0
AFQO4A4MJ2I3YQPX4BSL7YN6ZWZA,Random,0.0,0.0
AFQO4A4MJ2I3YQPX4BSL7YN6ZWZA,Popularity,0.0,0.0
AFQO4A4MJ2I3YQPX4BSL7YN6ZWZA,CF (ItemKNN),0.0,0.0
AFQO4A4MJ2I3YQPX4BSL7YN6ZWZA,Content (Avg Emb),0.0,0.0
AFQO4A4MJ2I3YQPX4BSL7YN6ZWZA,Last-Item,0.0,0.0
AFQO4A4MJ2I3YQPX4BSL7YN6ZWZA,Avg-Last-10,0.0,0.0
AFQO4A4MJ2I3YQPX4BSL7YN6ZWZA,Recency-Weighted,0.0,0.0
AFQO4A4MJ2I3YQPX4BSL7YN6ZWZA,Essence (K=10),0.0,0.0
AFQRBJA3WWFOLJQPNUVNX3EESEJA,Random,0.0,
AFQRBJA3WWFOLJQPNUVNX3EESEJA,Popularity,0.0,
AFQRBJA3WWFOLJQPNUVNX3EESEJA,CF (ItemKNN),0.0,
AFQRBJA3WWFOLJQPNUVNX3EESEJA,Content (Avg Emb),0.0,
AFQRBJA3WWFOLJQPNUVNX3EESEJA,Last-Item,0.0,
AFQRBJA3WWFOLJQPNUVNX3EESEJA,Avg-Last-10,0.0,
AFQRBJA3WWFOLJQPNUVNX3EESEJA,Recency-Weighted,0.0,
AFQRBJA3WWFOLJQPNUVNX3EESEJA,Essence (K=10),0.0,
AFQT3BYSF44FOPUKNUBIV7QW5LGQ,Random,0.0,0.0
AFQT3BYSF44FOPUKNUBIV7QW5LGQ,Popularity,0.0,0.0
AFQT3BYSF44FOPUKNUBIV7QW5LGQ,CF (ItemKNN),0.0,0.0
AFQT3BYSF44FOPUKNUBIV7QW5LGQ,Content (Avg Emb),0.0,0.0
AFQT3BYSF44FOPUKNUBIV7QW5LGQ,Last-Item,0.0,0.0
AFQT3BYSF44FOPUKNUBIV7QW5LGQ,Avg-Last-10,0.0,0.0
AFQT3BYSF44FOPUKNUBIV7QW5LGQ,Recency-Weighted,0.0,0.0
AFQT3BYSF44FOPUKNUBIV7QW5LGQ,Essence (K=10),0.0,0.0
AFQTOMG3SCVWBFMN2CNJLHNK7MXA,Random,0.0,0.0
AFQTOMG3SCVWBFMN2CNJLHNK7MXA,Popularity,0.0,0.0
AFQTOMG3SCVWBFMN2CNJLHNK7MXA,CF (ItemKNN),0.0,0.0
AFQTOMG3SCVWBFMN2CNJLHNK7MXA,Content (Avg Emb),0.0,0.0
AFQTOMG3SCVWBFMN2CNJLHNK7MXA,Last-Item,0.0,0.0
AFQTOMG3SCVWBFMN2CNJLHNK7MXA,Avg-Last-10,0.0,0.0
AFQTOMG3SCVWBFMN2CNJLHNK7MXA,Recency-Weighted,0.0,0.0
AFQTOMG3SCVWBFMN2CNJLHNK7MXA,Essence (K=10),0.0,0.0
AFQTUMXTDLVNVYAH7YJREL4LGWTQ,Random,0.0,0.0
AFQTUMXTDLVNVYAH7YJREL4LGWTQ,Popularity,0.0,0.0
AFQTUMXTDLVNVYAH7YJREL4LGWTQ,CF (ItemKNN),0.0,0.0
AFQTUMXTDLVNVYAH7YJREL4LGWTQ,Content (Avg Emb),0.0,0.0
AFQTUMXTDLVNVYAH7YJREL4LGWTQ,Last-Item,0.0,0.0
AFQTUMXTDLVNVYAH7YJREL4LGWTQ,Avg-Last-10,0.0,0.0
AFQTUMXTDLVNVYAH7YJREL4LGWTQ,Recency-Weighted,0.0,0.0
AFQTUMXTDLVNVYAH7YJREL4LGWTQ,Essence (K=10),0.0,0.0
AFQUVXNETV7LWHK4YNUDUMZBKM3A,Random,0.0,0.0
AFQUVXNETV7LWHK4YNUDUMZBKM3A,Popularity,0.0,0.0
AFQUVXNETV7LWHK4YNUDUMZBKM3A,CF (ItemKNN),0.0,0.0
AFQUVXNETV7LWHK4YNUDUMZBKM3A,Content (Avg Emb),0.0,0.0
AFQUVXNETV7LWHK4YNUDUMZBKM3A,Last-Item,0.0,0.0
AFQUVXNETV7LWHK4YNUDUMZBKM3A,Avg-Last-10,0.0,0.0
AFQUVXNETV7LWHK4YNUDUMZBKM3A,Recency-Weighted,0.0,0.0
AFQUVXNETV7LWHK4YNUDUMZBKM3A,Essence (K=10),0.0,0.0
AFQXOJXCXKXF5DYK6NX23MRTUIJQ,Random,0.0,0.0
AFQXOJXCXKXF5DYK6NX23MRTUIJQ,Popularity,0.0,0.0
AFQXOJXCXKXF5DYK6NX23MRTUIJQ,CF (ItemKNN),0.0,0.0
AFQXOJXCXKXF5DYK6NX23MRTUIJQ,Content (Avg Emb),0.0,0.0
AFQXOJXCXKXF5DYK6NX23MRTUIJQ,Last-Item,0.0,0.0
AFQXOJXCXKXF5DYK6NX23MRTUIJQ,Avg-Last-10,0.0,0.0
AFQXOJXCXKXF5DYK6NX23MRTUIJQ,Recency-Weighted,0.0,0.0
AFQXOJXCXKXF5DYK6NX23MRTUIJQ,Essence (K=10),0.0,0.0
AFQYIGPM3GB2PS2SYTYCSL3JIF7Q,Random,0.0,
AFQYIGPM3GB2PS2SYTYCSL3JIF7Q,Popularity,0.0,
AFQYIGPM3GB2PS2SYTYCSL3JIF7Q,CF (ItemKNN),0.0,
AFQYIGPM3GB2PS2SYTYCSL3JIF7Q,Content (Avg Emb),0.0,
AFQYIGPM3GB2PS2SYTYCSL3JIF7Q,Last-Item,0.0,
AFQYIGPM3GB2PS2SYTYCSL3JIF7Q,Avg-Last-10,0.0,
AFQYIGPM3GB2PS2SYTYCSL3JIF7Q,Recency-Weighted,0.0,
AFQYIGPM3GB2PS2SYTYCSL3JIF7Q,Essence (K=10),0.0,
AFQYKTNBQTKYYVKTFJ5HX7DGBRFQ,Random,0.0,
AFQYKTNBQTKYYVKTFJ5HX7DGBRFQ,Popularity,0.0,
AFQYKTNBQTKYYVKTFJ5HX7DGBRFQ,CF (ItemKNN),0.0,
AFQYKTNBQTKYYVKTFJ5HX7DGBRFQ,Content (Avg Emb),0.0,
AFQYKTNBQTKYYVKTFJ5HX7DGBRFQ,Last-Item,0.25,
AFQYKTNBQTKYYVKTFJ5HX7DGBRFQ,Avg-Last-10,0.0,
AFQYKTNBQTKYYVKTFJ5HX7DGBRFQ,Recency-Weighted,0.0,
AFQYKTNBQTKYYVKTFJ5HX7DGBRFQ,Essence (K=10),0.0,
AFQZ5PKNQ2J2OXQZFKOXR6C3HZPA,Random,0.0,0.0
AFQZ5PKNQ2J2OXQZFKOXR6C3HZPA,Popularity,0.0,0.0
AFQZ5PKNQ2J2OXQZFKOXR6C3HZPA,CF (ItemKNN),0.0,0.0
AFQZ5PKNQ2J2OXQZFKOXR6C3HZPA,Content (Avg Emb),0.0,0.0
AFQZ5PKNQ2J2OXQZFKOXR6C3HZPA,Last-Item,0.0,0.0
AFQZ5PKNQ2J2OXQZFKOXR6C3HZPA,Avg-Last-10,0.0,0.0
AFQZ5PKNQ2J2OXQZFKOXR6C3HZPA,Recency-Weighted,0.0,0.0
AFQZ5PKNQ2J2OXQZFKOXR6C3HZPA,Essence (K=10),0.0,0.0
AFRAHW4JNSGPKDEW4BJHFOKITTOA,Random,0.0,0.0
AFRAHW4JNSGPKDEW4BJHFOKITTOA,Popularity,0.0,0.0
AFRAHW4JNSGPKDEW4BJHFOKITTOA,CF (ItemKNN),0.0,0.0
AFRAHW4JNSGPKDEW4BJHFOKITTOA,Content (Avg Emb),0.0,0.0
AFRAHW4JNSGPKDEW4BJHFOKITTOA,Last-Item,0.0,0.0
AFRAHW4JNSGPKDEW4BJHFOKITTOA,Avg-Last-10,0.0,0.0
AFRAHW4JNSGPKDEW4BJHFOKITTOA,Recency-Weighted,0.0,0.0
AFRAHW4JNSGPKDEW4BJHFOKITTOA,Essence (K=10),0.0,0.0
AFRBHNG4C4NXXTBHQFAOXN5PCVXA,Random,0.0,
AFRBHNG4C4NXXTBHQFAOXN5PCVXA,Popularity,0.0,
AFRBHNG4C4NXXTBHQFAOXN5PCVXA,CF (ItemKNN),0.25,
AFRBHNG4C4NXXTBHQFAOXN5PCVXA,Content (Avg Emb),0.0,
AFRBHNG4C4NXXTBHQFAOXN5PCVXA,Last-Item,0.0,
AFRBHNG4C4NXXTBHQFAOXN5PCVXA,Avg-Last-10,0.0,
AFRBHNG4C4NXXTBHQFAOXN5PCVXA,Recency-Weighted,0.0,
AFRBHNG4C4NXXTBHQFAOXN5PCVXA,Essence (K=10),0.0,
AFRDXQGYHZPCTCC2QG6DZLMMAHZQ,Random,0.0,
AFRDXQGYHZPCTCC2QG6DZLMMAHZQ,Popularity,0.0,
AFRDXQGYHZPCTCC2QG6DZLMMAHZQ,CF (ItemKNN),0.0,
AFRDXQGYHZPCTCC2QG6DZLMMAHZQ,Content (Avg Emb),0.0,
AFRDXQGYHZPCTCC2QG6DZLMMAHZQ,Last-Item,0.0,
AFRDXQGYHZPCTCC2QG6DZLMMAHZQ,Avg-Last-10,0.0,
AFRDXQGYHZPCTCC2QG6DZLMMAHZQ,Recency-Weighted,0.0,
AFRDXQGYHZPCTCC2QG6DZLMMAHZQ,Essence (K=10),0.0,
AFRFXAWWHCJ625YFQAV6K2D77MSQ,Random,0.0,0.0
AFRFXAWWHCJ625YFQAV6K2D77MSQ,Popularity,0.0,0.0
AFRFXAWWHCJ625YFQAV6K2D77MSQ,CF (ItemKNN),0.0,0.0
AFRFXAWWHCJ625YFQAV6K2D77MSQ,Content (Avg Emb),0.0,0.0
AFRFXAWWHCJ625YFQAV6K2D77MSQ,Last-Item,0.14285714285714285,0.0
AFRFXAWWHCJ625YFQAV6K2D77MSQ,Avg-Last-10,0.0,0.0
AFRFXAWWHCJ625YFQAV6K2D77MSQ,Recency-Weighted,0.14285714285714285,0.0
AFRFXAWWHCJ625YFQAV6K2D77MSQ,Essence (K=10),0.14285714285714285,0.0
AFRGSROI7T5UAGPS3UJDGCTK4HDQ,Random,0.0,
AFRGSROI7T5UAGPS3UJDGCTK4HDQ,Popularity,0.0,
AFRGSROI7T5UAGPS3UJDGCTK4HDQ,CF (ItemKNN),0.0,
AFRGSROI7T5UAGPS3UJDGCTK4HDQ,Content (Avg Emb),0.0,
AFRGSROI7T5UAGPS3UJDGCTK4HDQ,Last-Item,0.25,
AFRGSROI7T5UAGPS3UJDGCTK4HDQ,Avg-Last-10,0.0,
AFRGSROI7T5UAGPS3UJDGCTK4HDQ,Recency-Weighted,0.25,
AFRGSROI7T5UAGPS3UJDGCTK4HDQ,Essence (K=10),0.0,
AFRIQDKJFPO3NJ5KZIOYTUCNKR5A,Random,0.0,0.0
AFRIQDKJFPO3NJ5KZIOYTUCNKR5A,Popularity,0.0,0.0
AFRIQDKJFPO3NJ5KZIOYTUCNKR5A,CF (ItemKNN),0.0,0.0
AFRIQDKJFPO3NJ5KZIOYTUCNKR5A,Content (Avg Emb),0.25,0.0
AFRIQDKJFPO3NJ5KZIOYTUCNKR5A,Last-Item,0.0,0.0
AFRIQDKJFPO3NJ5KZIOYTUCNKR5A,Avg-Last-10,0.25,0.0
AFRIQDKJFPO3NJ5KZIOYTUCNKR5A,Recency-Weighted,0.0,0.0
AFRIQDKJFPO3NJ5KZIOYTUCNKR5A,Essence (K=10),0.25,0.0
AFRJG7OYCV3NUTX2R3Q2W3SLC25A,Random,0.0,0.0
AFRJG7OYCV3NUTX2R3Q2W3SLC25A,Popularity,0.0,0.0
AFRJG7OYCV3NUTX2R3Q2W3SLC25A,CF (ItemKNN),0.0,0.0
AFRJG7OYCV3NUTX2R3Q2W3SLC25A,Content (Avg Emb),0.0,0.0
AFRJG7OYCV3NUTX2R3Q2W3SLC25A,Last-Item,0.0,0.0
AFRJG7OYCV3NUTX2R3Q2W3SLC25A,Avg-Last-10,0.0,0.0
AFRJG7OYCV3NUTX2R3Q2W3SLC25A,Recency-Weighted,0.0,0.0
AFRJG7OYCV3NUTX2R3Q2W3SLC25A,Essence (K=10),0.0,0.0
AFRJLS3HKN4JBYR2FVXSGTIO3JNQ,Random,0.0,0.0
AFRJLS3HKN4JBYR2FVXSGTIO3JNQ,Popularity,0.0,0.0
AFRJLS3HKN4JBYR2FVXSGTIO3JNQ,CF (ItemKNN),0.0,0.0
AFRJLS3HKN4JBYR2FVXSGTIO3JNQ,Content (Avg Emb),0.0,0.0
AFRJLS3HKN4JBYR2FVXSGTIO3JNQ,Last-Item,0.0,0.0
AFRJLS3HKN4JBYR2FVXSGTIO3JNQ,Avg-Last-10,0.0,0.0
AFRJLS3HKN4JBYR2FVXSGTIO3JNQ,Recency-Weighted,0.0,0.0
AFRJLS3HKN4JBYR2FVXSGTIO3JNQ,Essence (K=10),0.0,0.0
AFRLVXV2ZMZSUAV6QVQVE7OJP7MQ,Random,0.0,
AFRLVXV2ZMZSUAV6QVQVE7OJP7MQ,Popularity,0.0,
AFRLVXV2ZMZSUAV6QVQVE7OJP7MQ,CF (ItemKNN),0.0,
AFRLVXV2ZMZSUAV6QVQVE7OJP7MQ,Content (Avg Emb),0.0,
AFRLVXV2ZMZSUAV6QVQVE7OJP7MQ,Last-Item,0.0,
AFRLVXV2ZMZSUAV6QVQVE7OJP7MQ,Avg-Last-10,0.0,
AFRLVXV2ZMZSUAV6QVQVE7OJP7MQ,Recency-Weighted,0.0,
AFRLVXV2ZMZSUAV6QVQVE7OJP7MQ,Essence (K=10),0.0,
AFRMOOG7VG4WSGTOQCQMGLIGC5LA_1,Random,0.0,
AFRMOOG7VG4WSGTOQCQMGLIGC5LA_1,Popularity,0.0,
AFRMOOG7VG4WSGTOQCQMGLIGC5LA_1,CF (ItemKNN),0.0,
AFRMOOG7VG4WSGTOQCQMGLIGC5LA_1,Content (Avg Emb),0.0,
AFRMOOG7VG4WSGTOQCQMGLIGC5LA_1,Last-Item,0.0,
AFRMOOG7VG4WSGTOQCQMGLIGC5LA_1,Avg-Last-10,0.0,
AFRMOOG7VG4WSGTOQCQMGLIGC5LA_1,Recency-Weighted,0.0,
AFRMOOG7VG4WSGTOQCQMGLIGC5LA_1,Essence (K=10),0.0,
AFRNOTFFPDIYE2GCKG6T5DCJ7RKQ,Random,0.0,0.0
AFRNOTFFPDIYE2GCKG6T5DCJ7RKQ,Popularity,0.0,0.0
AFRNOTFFPDIYE2GCKG6T5DCJ7RKQ,CF (ItemKNN),0.0,0.0
AFRNOTFFPDIYE2GCKG6T5DCJ7RKQ,Content (Avg Emb),0.0,0.0
AFRNOTFFPDIYE2GCKG6T5DCJ7RKQ,Last-Item,0.0,0.0
AFRNOTFFPDIYE2GCKG6T5DCJ7RKQ,Avg-Last-10,0.4,0.0
AFRNOTFFPDIYE2GCKG6T5DCJ7RKQ,Recency-Weighted,0.0,0.0
AFRNOTFFPDIYE2GCKG6T5DCJ7RKQ,Essence (K=10),0.0,0.0
AFRNWNUZOFRHD7B3LA67FU5UBWTQ,Random,0.0,
AFRNWNUZOFRHD7B3LA67FU5UBWTQ,Popularity,0.0,
AFRNWNUZOFRHD7B3LA67FU5UBWTQ,CF (ItemKNN),0.0,
AFRNWNUZOFRHD7B3LA67FU5UBWTQ,Content (Avg Emb),0.0,
AFRNWNUZOFRHD7B3LA67FU5UBWTQ,Last-Item,0.6666666666666666,
AFRNWNUZOFRHD7B3LA67FU5UBWTQ,Avg-Last-10,0.6666666666666666,
AFRNWNUZOFRHD7B3LA67FU5UBWTQ,Recency-Weighted,0.6666666666666666,
AFRNWNUZOFRHD7B3LA67FU5UBWTQ,Essence (K=10),0.6666666666666666,
AFRO7BJMWX3MSX6I7JON2HXCNGWA,Random,0.0,0.0
AFRO7BJMWX3MSX6I7JON2HXCNGWA,Popularity,0.0,0.0
AFRO7BJMWX3MSX6I7JON2HXCNGWA,CF (ItemKNN),0.0,0.0
AFRO7BJMWX3MSX6I7JON2HXCNGWA,Content (Avg Emb),0.0,0.0
AFRO7BJMWX3MSX6I7JON2HXCNGWA,Last-Item,0.0,0.0
AFRO7BJMWX3MSX6I7JON2HXCNGWA,Avg-Last-10,0.0,0.0
AFRO7BJMWX3MSX6I7JON2HXCNGWA,Recency-Weighted,0.0,0.0
AFRO7BJMWX3MSX6I7JON2HXCNGWA,Essence (K=10),0.0,0.0
AFRVWYAFNUKHBZHDVWSB3AGFUCRQ,Random,0.0,0.0
AFRVWYAFNUKHBZHDVWSB3AGFUCRQ,Popularity,0.0,0.0
AFRVWYAFNUKHBZHDVWSB3AGFUCRQ,CF (ItemKNN),0.0,0.0
AFRVWYAFNUKHBZHDVWSB3AGFUCRQ,Content (Avg Emb),0.0,0.0
AFRVWYAFNUKHBZHDVWSB3AGFUCRQ,Last-Item,0.0,0.0
AFRVWYAFNUKHBZHDVWSB3AGFUCRQ,Avg-Last-10,0.09090909090909091,0.0
AFRVWYAFNUKHBZHDVWSB3AGFUCRQ,Recency-Weighted,0.09090909090909091,0.0
AFRVWYAFNUKHBZHDVWSB3AGFUCRQ,Essence (K=10),0.18181818181818182,0.0
AFRXUB7ORPCFLMNT7DTRYEA2RMIA,Random,0.0,
AFRXUB7ORPCFLMNT7DTRYEA2RMIA,Popularity,0.0,
AFRXUB7ORPCFLMNT7DTRYEA2RMIA,CF (ItemKNN),0.0,
AFRXUB7ORPCFLMNT7DTRYEA2RMIA,Content (Avg Emb),0.0,
AFRXUB7ORPCFLMNT7DTRYEA2RMIA,Last-Item,0.0,
AFRXUB7ORPCFLMNT7DTRYEA2RMIA,Avg-Last-10,0.0,
AFRXUB7ORPCFLMNT7DTRYEA2RMIA,Recency-Weighted,0.0,
AFRXUB7ORPCFLMNT7DTRYEA2RMIA,Essence (K=10),0.0,
AFRYGE2CV4TKBUKSLAHBIYMWVFNQ,Random,0.0,
AFRYGE2CV4TKBUKSLAHBIYMWVFNQ,Popularity,0.0,
AFRYGE2CV4TKBUKSLAHBIYMWVFNQ,CF (ItemKNN),0.0,
AFRYGE2CV4TKBUKSLAHBIYMWVFNQ,Content (Avg Emb),0.5,
AFRYGE2CV4TKBUKSLAHBIYMWVFNQ,Last-Item,0.0,
AFRYGE2CV4TKBUKSLAHBIYMWVFNQ,Avg-Last-10,0.25,
AFRYGE2CV4TKBUKSLAHBIYMWVFNQ,Recency-Weighted,0.25,
AFRYGE2CV4TKBUKSLAHBIYMWVFNQ,Essence (K=10),0.25,
AFS35E4PGKIFROEOXJHG3TB4JSTQ,Random,0.0,0.0
AFS35E4PGKIFROEOXJHG3TB4JSTQ,Popularity,0.0,0.0
AFS35E4PGKIFROEOXJHG3TB4JSTQ,CF (ItemKNN),0.0,0.0
AFS35E4PGKIFROEOXJHG3TB4JSTQ,Content (Avg Emb),0.0,0.0
AFS35E4PGKIFROEOXJHG3TB4JSTQ,Last-Item,0.0,0.0
AFS35E4PGKIFROEOXJHG3TB4JSTQ,Avg-Last-10,0.0,0.0
AFS35E4PGKIFROEOXJHG3TB4JSTQ,Recency-Weighted,0.0,0.0
AFS35E4PGKIFROEOXJHG3TB4JSTQ,Essence (K=10),0.0,0.0
AFS65UM7GY36EUOS2VSZZN2IYQSQ,Random,0.0,
AFS65UM7GY36EUOS2VSZZN2IYQSQ,Popularity,0.0,
AFS65UM7GY36EUOS2VSZZN2IYQSQ,CF (ItemKNN),0.0,
AFS65UM7GY36EUOS2VSZZN2IYQSQ,Content (Avg Emb),1.0,
AFS65UM7GY36EUOS2VSZZN2IYQSQ,Last-Item,1.0,
AFS65UM7GY36EUOS2VSZZN2IYQSQ,Avg-Last-10,1.0,
AFS65UM7GY36EUOS2VSZZN2IYQSQ,Recency-Weighted,1.0,
AFS65UM7GY36EUOS2VSZZN2IYQSQ,Essence (K=10),1.0,
AFSAKM6VZNODTF5RFGEEE3GQA2SQ,Random,0.0,0.0
AFSAKM6VZNODTF5RFGEEE3GQA2SQ,Popularity,0.0,0.0
AFSAKM6VZNODTF5RFGEEE3GQA2SQ,CF (ItemKNN),0.0,0.0
AFSAKM6VZNODTF5RFGEEE3GQA2SQ,Content (Avg Emb),0.0,0.0
AFSAKM6VZNODTF5RFGEEE3GQA2SQ,Last-Item,0.0,0.0
AFSAKM6VZNODTF5RFGEEE3GQA2SQ,Avg-Last-10,0.0,0.0
AFSAKM6VZNODTF5RFGEEE3GQA2SQ,Recency-Weighted,0.0,0.0
AFSAKM6VZNODTF5RFGEEE3GQA2SQ,Essence (K=10),0.0,0.0
AFSEX7KSCZEMHG6RYFXDSM7WFSHA,Random,0.0,0.0
AFSEX7KSCZEMHG6RYFXDSM7WFSHA,Popularity,0.0,0.0
AFSEX7KSCZEMHG6RYFXDSM7WFSHA,CF (ItemKNN),0.0,0.0
AFSEX7KSCZEMHG6RYFXDSM7WFSHA,Content (Avg Emb),0.14285714285714285,0.0
AFSEX7KSCZEMHG6RYFXDSM7WFSHA,Last-Item,0.14285714285714285,0.0
AFSEX7KSCZEMHG6RYFXDSM7WFSHA,Avg-Last-10,0.0,0.0
AFSEX7KSCZEMHG6RYFXDSM7WFSHA,Recency-Weighted,0.0,0.0
AFSEX7KSCZEMHG6RYFXDSM7WFSHA,Essence (K=10),0.14285714285714285,0.0
AFSHHCJJXRMPBXZ26NXIUQTJLR5A,Random,0.0,0.0
AFSHHCJJXRMPBXZ26NXIUQTJLR5A,Popularity,0.0,0.0
AFSHHCJJXRMPBXZ26NXIUQTJLR5A,CF (ItemKNN),0.2857142857142857,0.0
AFSHHCJJXRMPBXZ26NXIUQTJLR5A,Content (Avg Emb),0.0,0.0
AFSHHCJJXRMPBXZ26NXIUQTJLR5A,Last-Item,0.0,0.0
AFSHHCJJXRMPBXZ26NXIUQTJLR5A,Avg-Last-10,0.2857142857142857,0.0
AFSHHCJJXRMPBXZ26NXIUQTJLR5A,Recency-Weighted,0.14285714285714285,0.0
AFSHHCJJXRMPBXZ26NXIUQTJLR5A,Essence (K=10),0.2857142857142857,0.0
AFSJH5XP2U7P3JMHAWW7IXA4GL3Q,Random,0.0,0.0
AFSJH5XP2U7P3JMHAWW7IXA4GL3Q,Popularity,0.0,0.0
AFSJH5XP2U7P3JMHAWW7IXA4GL3Q,CF (ItemKNN),0.0,0.0
AFSJH5XP2U7P3JMHAWW7IXA4GL3Q,Content (Avg Emb),0.0,0.0
AFSJH5XP2U7P3JMHAWW7IXA4GL3Q,Last-Item,0.0,0.0
AFSJH5XP2U7P3JMHAWW7IXA4GL3Q,Avg-Last-10,0.0,0.0
AFSJH5XP2U7P3JMHAWW7IXA4GL3Q,Recency-Weighted,0.0,0.0
AFSJH5XP2U7P3JMHAWW7IXA4GL3Q,Essence (K=10),0.0,0.0
AFSJHSQUSLJEN64X6DG3BEZMIFCA,Random,0.0,0.0
AFSJHSQUSLJEN64X6DG3BEZMIFCA,Popularity,0.0,0.0
AFSJHSQUSLJEN64X6DG3BEZMIFCA,CF (ItemKNN),0.0,0.0
AFSJHSQUSLJEN64X6DG3BEZMIFCA,Content (Avg Emb),0.0,0.0
AFSJHSQUSLJEN64X6DG3BEZMIFCA,Last-Item,0.0,0.0
AFSJHSQUSLJEN64X6DG3BEZMIFCA,Avg-Last-10,0.0,0.0
AFSJHSQUSLJEN64X6DG3BEZMIFCA,Recency-Weighted,0.0,0.0
AFSJHSQUSLJEN64X6DG3BEZMIFCA,Essence (K=10),0.0,0.0
AFSKLBUYR73DWLEXBVDH7TPEWOJA,Random,0.0,
AFSKLBUYR73DWLEXBVDH7TPEWOJA,Popularity,0.0,
AFSKLBUYR73DWLEXBVDH7TPEWOJA,CF (ItemKNN),0.0,
AFSKLBUYR73DWLEXBVDH7TPEWOJA,Content (Avg Emb),0.0,
AFSKLBUYR73DWLEXBVDH7TPEWOJA,Last-Item,0.0,
AFSKLBUYR73DWLEXBVDH7TPEWOJA,Avg-Last-10,0.0,
AFSKLBUYR73DWLEXBVDH7TPEWOJA,Recency-Weighted,0.0,
AFSKLBUYR73DWLEXBVDH7TPEWOJA,Essence (K=10),0.0,
AFSKU3FL2QN4RJXZJLK2HBFK5CLA,Random,0.0,0.0
AFSKU3FL2QN4RJXZJLK2HBFK5CLA,Popularity,0.0,0.0
AFSKU3FL2QN4RJXZJLK2HBFK5CLA,CF (ItemKNN),0.0,0.0
AFSKU3FL2QN4RJXZJLK2HBFK5CLA,Content (Avg Emb),0.0,0.0
AFSKU3FL2QN4RJXZJLK2HBFK5CLA,Last-Item,0.0,0.0
AFSKU3FL2QN4RJXZJLK2HBFK5CLA,Avg-Last-10,0.0,0.0
AFSKU3FL2QN4RJXZJLK2HBFK5CLA,Recency-Weighted,0.0,0.0
AFSKU3FL2QN4RJXZJLK2HBFK5CLA,Essence (K=10),0.0,0.0
AFSL3KQBDYFIDU3R42CXGSOZ3SUA,Random,0.0,
AFSL3KQBDYFIDU3R42CXGSOZ3SUA,Popularity,0.0,
AFSL3KQBDYFIDU3R42CXGSOZ3SUA,CF (ItemKNN),0.0,
AFSL3KQBDYFIDU3R42CXGSOZ3SUA,Content (Avg Emb),0.0,
AFSL3KQBDYFIDU3R42CXGSOZ3SUA,Last-Item,0.0,
AFSL3KQBDYFIDU3R42CXGSOZ3SUA,Avg-Last-10,0.0,
AFSL3KQBDYFIDU3R42CXGSOZ3SUA,Recency-Weighted,0.0,
AFSL3KQBDYFIDU3R42CXGSOZ3SUA,Essence (K=10),0.0,
AFSMCKUPJP4BEA6T33QHRAVZK5AQ,Random,0.0,0.0
AFSMCKUPJP4BEA6T33QHRAVZK5AQ,Popularity,0.0,0.0
AFSMCKUPJP4BEA6T33QHRAVZK5AQ,CF (ItemKNN),0.0,0.0
AFSMCKUPJP4BEA6T33QHRAVZK5AQ,Content (Avg Emb),0.0,0.0
AFSMCKUPJP4BEA6T33QHRAVZK5AQ,Last-Item,0.125,0.0
AFSMCKUPJP4BEA6T33QHRAVZK5AQ,Avg-Last-10,0.125,0.0
AFSMCKUPJP4BEA6T33QHRAVZK5AQ,Recency-Weighted,0.125,0.0
AFSMCKUPJP4BEA6T33QHRAVZK5AQ,Essence (K=10),0.125,0.0
AFSN3EP4NL5Z54M5U2KYYG54TIUA,Random,0.0,
AFSN3EP4NL5Z54M5U2KYYG54TIUA,Popularity,0.0,
AFSN3EP4NL5Z54M5U2KYYG54TIUA,CF (ItemKNN),0.0,
AFSN3EP4NL5Z54M5U2KYYG54TIUA,Content (Avg Emb),0.8,
AFSN3EP4NL5Z54M5U2KYYG54TIUA,Last-Item,0.8,
AFSN3EP4NL5Z54M5U2KYYG54TIUA,Avg-Last-10,0.8,
AFSN3EP4NL5Z54M5U2KYYG54TIUA,Recency-Weighted,0.8,
AFSN3EP4NL5Z54M5U2KYYG54TIUA,Essence (K=10),0.8,
AFSOMRNQW4UJFZERPMRQF34NLM6Q,Random,0.0,
AFSOMRNQW4UJFZERPMRQF34NLM6Q,Popularity,0.0,
AFSOMRNQW4UJFZERPMRQF34NLM6Q,CF (ItemKNN),0.0,
AFSOMRNQW4UJFZERPMRQF34NLM6Q,Content (Avg Emb),0.0,
AFSOMRNQW4UJFZERPMRQF34NLM6Q,Last-Item,0.0,
AFSOMRNQW4UJFZERPMRQF34NLM6Q,Avg-Last-10,0.0,
AFSOMRNQW4UJFZERPMRQF34NLM6Q,Recency-Weighted,0.0,
AFSOMRNQW4UJFZERPMRQF34NLM6Q,Essence (K=10),0.0,
AFSTG2ZZ2UHZKHYCQS2UASLJVBYQ,Random,0.0,0.0
AFSTG2ZZ2UHZKHYCQS2UASLJVBYQ,Popularity,0.0,0.0
AFSTG2ZZ2UHZKHYCQS2UASLJVBYQ,CF (ItemKNN),0.0,0.0
AFSTG2ZZ2UHZKHYCQS2UASLJVBYQ,Content (Avg Emb),0.0,0.0
AFSTG2ZZ2UHZKHYCQS2UASLJVBYQ,Last-Item,0.0,0.0
AFSTG2ZZ2UHZKHYCQS2UASLJVBYQ,Avg-Last-10,0.0,0.0
AFSTG2ZZ2UHZKHYCQS2UASLJVBYQ,Recency-Weighted,0.0,0.0
AFSTG2ZZ2UHZKHYCQS2UASLJVBYQ,Essence (K=10),0.0,0.0
AFSW363LRMBA7IPBQSFEF37L4NWQ,Random,0.0,
AFSW363LRMBA7IPBQSFEF37L4NWQ,Popularity,0.0,
AFSW363LRMBA7IPBQSFEF37L4NWQ,CF (ItemKNN),0.0,
AFSW363LRMBA7IPBQSFEF37L4NWQ,Content (Avg Emb),0.0,
AFSW363LRMBA7IPBQSFEF37L4NWQ,Last-Item,0.0,
AFSW363LRMBA7IPBQSFEF37L4NWQ,Avg-Last-10,0.2,
AFSW363LRMBA7IPBQSFEF37L4NWQ,Recency-Weighted,0.0,
AFSW363LRMBA7IPBQSFEF37L4NWQ,Essence (K=10),0.0,
AFSY7ENTP4UQ2QE6SVEP7B6OCJFA,Random,0.0,0.0
AFSY7ENTP4UQ2QE6SVEP7B6OCJFA,Popularity,0.0,0.0
AFSY7ENTP4UQ2QE6SVEP7B6OCJFA,CF (ItemKNN),0.0,0.0
AFSY7ENTP4UQ2QE6SVEP7B6OCJFA,Content (Avg Emb),0.0,0.0
AFSY7ENTP4UQ2QE6SVEP7B6OCJFA,Last-Item,0.0,0.0
AFSY7ENTP4UQ2QE6SVEP7B6OCJFA,Avg-Last-10,0.0,0.0
AFSY7ENTP4UQ2QE6SVEP7B6OCJFA,Recency-Weighted,0.0,0.0
AFSY7ENTP4UQ2QE6SVEP7B6OCJFA,Essence (K=10),0.0,0.0
AFT2ANSTHTJP3AH2YHK76FDZ27ZA,Random,0.0,0.0
AFT2ANSTHTJP3AH2YHK76FDZ27ZA,Popularity,0.0,0.0
AFT2ANSTHTJP3AH2YHK76FDZ27ZA,CF (ItemKNN),0.0,0.0
AFT2ANSTHTJP3AH2YHK76FDZ27ZA,Content (Avg Emb),0.0,0.0
AFT2ANSTHTJP3AH2YHK76FDZ27ZA,Last-Item,0.0,0.0
AFT2ANSTHTJP3AH2YHK76FDZ27ZA,Avg-Last-10,0.0,0.0
AFT2ANSTHTJP3AH2YHK76FDZ27ZA,Recency-Weighted,0.0,0.0
AFT2ANSTHTJP3AH2YHK76FDZ27ZA,Essence (K=10),0.0,0.0
AFT5GK3VLZ4N6DWV5IXEGNFJGJDA,Random,0.0,
AFT5GK3VLZ4N6DWV5IXEGNFJGJDA,Popularity,0.0,
AFT5GK3VLZ4N6DWV5IXEGNFJGJDA,CF (ItemKNN),0.0,
AFT5GK3VLZ4N6DWV5IXEGNFJGJDA,Content (Avg Emb),0.0,
AFT5GK3VLZ4N6DWV5IXEGNFJGJDA,Last-Item,0.2,
AFT5GK3VLZ4N6DWV5IXEGNFJGJDA,Avg-Last-10,0.0,
AFT5GK3VLZ4N6DWV5IXEGNFJGJDA,Recency-Weighted,0.0,
AFT5GK3VLZ4N6DWV5IXEGNFJGJDA,Essence (K=10),0.0,
AFT662VKXLEWWG6STGRHAXO2U2QA,Random,0.0,0.0
AFT662VKXLEWWG6STGRHAXO2U2QA,Popularity,0.0,0.0
AFT662VKXLEWWG6STGRHAXO2U2QA,CF (ItemKNN),0.0,0.0
AFT662VKXLEWWG6STGRHAXO2U2QA,Content (Avg Emb),0.0,0.0
AFT662VKXLEWWG6STGRHAXO2U2QA,Last-Item,0.0,0.0
AFT662VKXLEWWG6STGRHAXO2U2QA,Avg-Last-10,0.0,0.0
AFT662VKXLEWWG6STGRHAXO2U2QA,Recency-Weighted,0.0,0.0
AFT662VKXLEWWG6STGRHAXO2U2QA,Essence (K=10),0.0,0.0
AFT6TPOPMSREUHKVMJO2RPPDZOOQ,Random,0.0,
AFT6TPOPMSREUHKVMJO2RPPDZOOQ,Popularity,0.0,
AFT6TPOPMSREUHKVMJO2RPPDZOOQ,CF (ItemKNN),0.0,
AFT6TPOPMSREUHKVMJO2RPPDZOOQ,Content (Avg Emb),0.0,
AFT6TPOPMSREUHKVMJO2RPPDZOOQ,Last-Item,0.0,
AFT6TPOPMSREUHKVMJO2RPPDZOOQ,Avg-Last-10,0.0,
AFT6TPOPMSREUHKVMJO2RPPDZOOQ,Recency-Weighted,0.0,
AFT6TPOPMSREUHKVMJO2RPPDZOOQ,Essence (K=10),0.0,
AFT7XRD26PYX6E4GCCL67ONWVQKA,Random,0.0,0.0
AFT7XRD26PYX6E4GCCL67ONWVQKA,Popularity,0.0,0.0
AFT7XRD26PYX6E4GCCL67ONWVQKA,CF (ItemKNN),0.0,0.0
AFT7XRD26PYX6E4GCCL67ONWVQKA,Content (Avg Emb),0.0,0.0
AFT7XRD26PYX6E4GCCL67ONWVQKA,Last-Item,0.0,0.0
AFT7XRD26PYX6E4GCCL67ONWVQKA,Avg-Last-10,0.0,0.0
AFT7XRD26PYX6E4GCCL67ONWVQKA,Recency-Weighted,0.0,0.0
AFT7XRD26PYX6E4GCCL67ONWVQKA,Essence (K=10),0.0,0.0
AFTANLJQ6FUX53TTEDQKKFLCWPNQ,Random,0.0,0.0
AFTANLJQ6FUX53TTEDQKKFLCWPNQ,Popularity,0.0,0.0
AFTANLJQ6FUX53TTEDQKKFLCWPNQ,CF (ItemKNN),0.0,0.0
AFTANLJQ6FUX53TTEDQKKFLCWPNQ,Content (Avg Emb),0.0,0.0
AFTANLJQ6FUX53TTEDQKKFLCWPNQ,Last-Item,0.0,0.0
AFTANLJQ6FUX53TTEDQKKFLCWPNQ,Avg-Last-10,0.0,0.0
AFTANLJQ6FUX53TTEDQKKFLCWPNQ,Recency-Weighted,0.0,0.0
AFTANLJQ6FUX53TTEDQKKFLCWPNQ,Essence (K=10),0.0,0.0
AFTBB47A2BHKVLJJ5GOOELJZLXHQ,Random,0.0,
AFTBB47A2BHKVLJJ5GOOELJZLXHQ,Popularity,0.0,
AFTBB47A2BHKVLJJ5GOOELJZLXHQ,CF (ItemKNN),0.0,
AFTBB47A2BHKVLJJ5GOOELJZLXHQ,Content (Avg Emb),0.0,
AFTBB47A2BHKVLJJ5GOOELJZLXHQ,Last-Item,0.0,
AFTBB47A2BHKVLJJ5GOOELJZLXHQ,Avg-Last-10,0.0,
AFTBB47A2BHKVLJJ5GOOELJZLXHQ,Recency-Weighted,0.0,
AFTBB47A2BHKVLJJ5GOOELJZLXHQ,Essence (K=10),0.0,
AFTCI77PICFM6DIH7XGHILVUPKSA,Random,0.0,0.0
AFTCI77PICFM6DIH7XGHILVUPKSA,Popularity,0.0,0.0
AFTCI77PICFM6DIH7XGHILVUPKSA,CF (ItemKNN),0.0,0.0
AFTCI77PICFM6DIH7XGHILVUPKSA,Content (Avg Emb),0.0,0.0
AFTCI77PICFM6DIH7XGHILVUPKSA,Last-Item,0.0,0.0
AFTCI77PICFM6DIH7XGHILVUPKSA,Avg-Last-10,0.0,0.0
AFTCI77PICFM6DIH7XGHILVUPKSA,Recency-Weighted,0.0,0.0
AFTCI77PICFM6DIH7XGHILVUPKSA,Essence (K=10),0.0,0.0
AFTQ4SLHH274YWNG6675SVYHYUZA,Random,0.0,
AFTQ4SLHH274YWNG6675SVYHYUZA,Popularity,0.0,
AFTQ4SLHH274YWNG6675SVYHYUZA,CF (ItemKNN),0.0,
AFTQ4SLHH274YWNG6675SVYHYUZA,Content (Avg Emb),0.0,
AFTQ4SLHH274YWNG6675SVYHYUZA,Last-Item,0.0,
AFTQ4SLHH274YWNG6675SVYHYUZA,Avg-Last-10,0.0,
AFTQ4SLHH274YWNG6675SVYHYUZA,Recency-Weighted,0.0,
AFTQ4SLHH274YWNG6675SVYHYUZA,Essence (K=10),0.0,
AFTSRS66KXKLWRQU2UY6GPGWRLFQ,Random,0.0,
AFTSRS66KXKLWRQU2UY6GPGWRLFQ,Popularity,0.0,
AFTSRS66KXKLWRQU2UY6GPGWRLFQ,CF (ItemKNN),0.0,
AFTSRS66KXKLWRQU2UY6GPGWRLFQ,Content (Avg Emb),0.16666666666666666,
AFTSRS66KXKLWRQU2UY6GPGWRLFQ,Last-Item,0.16666666666666666,
AFTSRS66KXKLWRQU2UY6GPGWRLFQ,Avg-Last-10,0.16666666666666666,
AFTSRS66KXKLWRQU2UY6GPGWRLFQ,Recency-Weighted,0.0,
AFTSRS66KXKLWRQU2UY6GPGWRLFQ,Essence (K=10),0.0,
AFTTIASK4ZOQYOQVFVZV6NRKTKVA,Random,0.0,
AFTTIASK4ZOQYOQVFVZV6NRKTKVA,Popularity,0.0,
AFTTIASK4ZOQYOQVFVZV6NRKTKVA,CF (ItemKNN),0.0,
AFTTIASK4ZOQYOQVFVZV6NRKTKVA,Content (Avg Emb),0.0,
AFTTIASK4ZOQYOQVFVZV6NRKTKVA,Last-Item,0.0,
AFTTIASK4ZOQYOQVFVZV6NRKTKVA,Avg-Last-10,0.0,
AFTTIASK4ZOQYOQVFVZV6NRKTKVA,Recency-Weighted,0.0,
AFTTIASK4ZOQYOQVFVZV6NRKTKVA,Essence (K=10),0.25,
AFTWBCKKSUPCAO7WH53II3KJP36Q,Random,0.0,0.0
AFTWBCKKSUPCAO7WH53II3KJP36Q,Popularity,0.0,0.0
AFTWBCKKSUPCAO7WH53II3KJP36Q,CF (ItemKNN),0.0,0.0
AFTWBCKKSUPCAO7WH53II3KJP36Q,Content (Avg Emb),0.0,0.0
AFTWBCKKSUPCAO7WH53II3KJP36Q,Last-Item,0.0,0.0
AFTWBCKKSUPCAO7WH53II3KJP36Q,Avg-Last-10,0.0,0.0
AFTWBCKKSUPCAO7WH53II3KJP36Q,Recency-Weighted,0.0,0.0
AFTWBCKKSUPCAO7WH53II3KJP36Q,Essence (K=10),0.0,0.0
AFTWDHKVEEVQPM5MIGSTH54J7I2A,Random,0.0,
AFTWDHKVEEVQPM5MIGSTH54J7I2A,Popularity,0.0,
AFTWDHKVEEVQPM5MIGSTH54J7I2A,CF (ItemKNN),0.0,
AFTWDHKVEEVQPM5MIGSTH54J7I2A,Content (Avg Emb),0.0,
AFTWDHKVEEVQPM5MIGSTH54J7I2A,Last-Item,0.0,
AFTWDHKVEEVQPM5MIGSTH54J7I2A,Avg-Last-10,0.0,
AFTWDHKVEEVQPM5MIGSTH54J7I2A,Recency-Weighted,0.0,
AFTWDHKVEEVQPM5MIGSTH54J7I2A,Essence (K=10),0.0,
AFTWSONU4NZM6W3S7IGR6ABDLQQQ,Random,0.0,
AFTWSONU4NZM6W3S7IGR6ABDLQQQ,Popularity,0.0,
AFTWSONU4NZM6W3S7IGR6ABDLQQQ,CF (ItemKNN),0.0,
AFTWSONU4NZM6W3S7IGR6ABDLQQQ,Content (Avg Emb),0.0,
AFTWSONU4NZM6W3S7IGR6ABDLQQQ,Last-Item,0.0,
AFTWSONU4NZM6W3S7IGR6ABDLQQQ,Avg-Last-10,0.0,
AFTWSONU4NZM6W3S7IGR6ABDLQQQ,Recency-Weighted,0.0,
AFTWSONU4NZM6W3S7IGR6ABDLQQQ,Essence (K=10),0.0,
AFUDUQ7URWACTZUK3ZRHO4HRMBLQ,Random,0.0,0.0
AFUDUQ7URWACTZUK3ZRHO4HRMBLQ,Popularity,0.0,0.0
AFUDUQ7URWACTZUK3ZRHO4HRMBLQ,CF (ItemKNN),0.0,0.0
AFUDUQ7URWACTZUK3ZRHO4HRMBLQ,Content (Avg Emb),0.0,0.0
AFUDUQ7URWACTZUK3ZRHO4HRMBLQ,Last-Item,0.0,0.0
AFUDUQ7URWACTZUK3ZRHO4HRMBLQ,Avg-Last-10,0.0,0.0
AFUDUQ7URWACTZUK3ZRHO4HRMBLQ,Recency-Weighted,0.0,0.0
AFUDUQ7URWACTZUK3ZRHO4HRMBLQ,Essence (K=10),0.0,0.0
AFUDYFEWKR4ZABPD3ROQ5IWUQKAA,Random,0.0,
AFUDYFEWKR4ZABPD3ROQ5IWUQKAA,Popularity,0.0,
AFUDYFEWKR4ZABPD3ROQ5IWUQKAA,CF (ItemKNN),0.0,
AFUDYFEWKR4ZABPD3ROQ5IWUQKAA,Content (Avg Emb),0.0,
AFUDYFEWKR4ZABPD3ROQ5IWUQKAA,Last-Item,0.125,
AFUDYFEWKR4ZABPD3ROQ5IWUQKAA,Avg-Last-10,0.0,
AFUDYFEWKR4ZABPD3ROQ5IWUQKAA,Recency-Weighted,0.0,
AFUDYFEWKR4ZABPD3ROQ5IWUQKAA,Essence (K=10),0.0,
AFUFJ7SZNSETPG6VTHJU6U3DFPNQ,Random,0.0,0.0
AFUFJ7SZNSETPG6VTHJU6U3DFPNQ,Popularity,0.0,0.0
AFUFJ7SZNSETPG6VTHJU6U3DFPNQ,CF (ItemKNN),0.0,0.0
AFUFJ7SZNSETPG6VTHJU6U3DFPNQ,Content (Avg Emb),0.0,0.0
AFUFJ7SZNSETPG6VTHJU6U3DFPNQ,Last-Item,0.0,0.0
AFUFJ7SZNSETPG6VTHJU6U3DFPNQ,Avg-Last-10,0.0,0.0
AFUFJ7SZNSETPG6VTHJU6U3DFPNQ,Recency-Weighted,0.0,0.0
AFUFJ7SZNSETPG6VTHJU6U3DFPNQ,Essence (K=10),0.0,0.0
AFUH5YCBZ6X55KHSAP7Y3RHV5WCA,Random,0.0,
AFUH5YCBZ6X55KHSAP7Y3RHV5WCA,Popularity,0.0,
AFUH5YCBZ6X55KHSAP7Y3RHV5WCA,CF (ItemKNN),0.0,
AFUH5YCBZ6X55KHSAP7Y3RHV5WCA,Content (Avg Emb),0.0,
AFUH5YCBZ6X55KHSAP7Y3RHV5WCA,Last-Item,0.0,
AFUH5YCBZ6X55KHSAP7Y3RHV5WCA,Avg-Last-10,0.0,
AFUH5YCBZ6X55KHSAP7Y3RHV5WCA,Recency-Weighted,0.0,
AFUH5YCBZ6X55KHSAP7Y3RHV5WCA,Essence (K=10),0.0,
AFUHPARCCVJN4VBYWHJG5GQFD5TA,Random,0.0,
AFUHPARCCVJN4VBYWHJG5GQFD5TA,Popularity,0.14285714285714285,
AFUHPARCCVJN4VBYWHJG5GQFD5TA,CF (ItemKNN),0.0,
AFUHPARCCVJN4VBYWHJG5GQFD5TA,Content (Avg Emb),0.0,
AFUHPARCCVJN4VBYWHJG5GQFD5TA,Last-Item,0.0,
AFUHPARCCVJN4VBYWHJG5GQFD5TA,Avg-Last-10,0.0,
AFUHPARCCVJN4VBYWHJG5GQFD5TA,Recency-Weighted,0.0,
AFUHPARCCVJN4VBYWHJG5GQFD5TA,Essence (K=10),0.0,
AFUISLBH6VLTTZELWN56HXWCEATQ,Random,0.0,
AFUISLBH6VLTTZELWN56HXWCEATQ,Popularity,0.0,
AFUISLBH6VLTTZELWN56HXWCEATQ,CF (ItemKNN),0.0,
AFUISLBH6VLTTZELWN56HXWCEATQ,Content (Avg Emb),0.0,
AFUISLBH6VLTTZELWN56HXWCEATQ,Last-Item,0.0,
AFUISLBH6VLTTZELWN56HXWCEATQ,Avg-Last-10,0.0,
AFUISLBH6VLTTZELWN56HXWCEATQ,Recency-Weighted,0.0,
AFUISLBH6VLTTZELWN56HXWCEATQ,Essence (K=10),0.0,
AFUJ2MDJ6CV2BYCQH3TA6LSTKBXQ,Random,0.0,0.0
AFUJ2MDJ6CV2BYCQH3TA6LSTKBXQ,Popularity,0.0,0.0
AFUJ2MDJ6CV2BYCQH3TA6LSTKBXQ,CF (ItemKNN),0.0,0.0
AFUJ2MDJ6CV2BYCQH3TA6LSTKBXQ,Content (Avg Emb),0.0,0.0
AFUJ2MDJ6CV2BYCQH3TA6LSTKBXQ,Last-Item,0.14285714285714285,0.0
AFUJ2MDJ6CV2BYCQH3TA6LSTKBXQ,Avg-Last-10,0.0,0.0
AFUJ2MDJ6CV2BYCQH3TA6LSTKBXQ,Recency-Weighted,0.0,0.0
AFUJ2MDJ6CV2BYCQH3TA6LSTKBXQ,Essence (K=10),0.0,0.0
AFULAHIRNIQL5KL6H5O7SE2QKVFA,Random,0.0,0.0
AFULAHIRNIQL5KL6H5O7SE2QKVFA,Popularity,0.0,0.0
AFULAHIRNIQL5KL6H5O7SE2QKVFA,CF (ItemKNN),0.0,0.0
AFULAHIRNIQL5KL6H5O7SE2QKVFA,Content (Avg Emb),0.0,0.0
AFULAHIRNIQL5KL6H5O7SE2QKVFA,Last-Item,0.0,0.0
AFULAHIRNIQL5KL6H5O7SE2QKVFA,Avg-Last-10,0.0,0.0
AFULAHIRNIQL5KL6H5O7SE2QKVFA,Recency-Weighted,0.0,0.0
AFULAHIRNIQL5KL6H5O7SE2QKVFA,Essence (K=10),0.0,0.0
AFULDGQKQE5FQSNYJ2LJKZVJ5Q4Q,Random,0.0,0.0
AFULDGQKQE5FQSNYJ2LJKZVJ5Q4Q,Popularity,0.0,0.0
AFULDGQKQE5FQSNYJ2LJKZVJ5Q4Q,CF (ItemKNN),0.0,0.0
AFULDGQKQE5FQSNYJ2LJKZVJ5Q4Q,Content (Avg Emb),0.0,0.0
AFULDGQKQE5FQSNYJ2LJKZVJ5Q4Q,Last-Item,0.047619047619047616,0.0
AFULDGQKQE5FQSNYJ2LJKZVJ5Q4Q,Avg-Last-10,0.2857142857142857,1.0
AFULDGQKQE5FQSNYJ2LJKZVJ5Q4Q,Recency-Weighted,0.2857142857142857,1.0
AFULDGQKQE5FQSNYJ2LJKZVJ5Q4Q,Essence (K=10),0.09523809523809523,1.0
AFUNTAQEBZLHU5V44B6463K3QUJA,Random,0.0,0.0
AFUNTAQEBZLHU5V44B6463K3QUJA,Popularity,0.0,0.0
AFUNTAQEBZLHU5V44B6463K3QUJA,CF (ItemKNN),0.0,0.0
AFUNTAQEBZLHU5V44B6463K3QUJA,Content (Avg Emb),0.0,0.0
AFUNTAQEBZLHU5V44B6463K3QUJA,Last-Item,0.0,0.0
AFUNTAQEBZLHU5V44B6463K3QUJA,Avg-Last-10,0.15384615384615385,0.5
AFUNTAQEBZLHU5V44B6463K3QUJA,Recency-Weighted,0.15384615384615385,0.5
AFUNTAQEBZLHU5V44B6463K3QUJA,Essence (K=10),0.15384615384615385,0.5
AFUOOW55DBTI3FA3DHEU3J34CFAQ,Random,0.0,0.0
AFUOOW55DBTI3FA3DHEU3J34CFAQ,Popularity,0.0,0.0
AFUOOW55DBTI3FA3DHEU3J34CFAQ,CF (ItemKNN),0.2,0.5
AFUOOW55DBTI3FA3DHEU3J34CFAQ,Content (Avg Emb),0.0,0.0
AFUOOW55DBTI3FA3DHEU3J34CFAQ,Last-Item,0.2,0.5
AFUOOW55DBTI3FA3DHEU3J34CFAQ,Avg-Last-10,0.2,0.5
AFUOOW55DBTI3FA3DHEU3J34CFAQ,Recency-Weighted,0.2,0.5
AFUOOW55DBTI3FA3DHEU3J34CFAQ,Essence (K=10),0.2,0.5
AFUPV3PDARESPRD645EAUJAKFHAQ,Random,0.0,0.0
AFUPV3PDARESPRD645EAUJAKFHAQ,Popularity,0.0,0.0
AFUPV3PDARESPRD645EAUJAKFHAQ,CF (ItemKNN),0.0,0.0
AFUPV3PDARESPRD645EAUJAKFHAQ,Content (Avg Emb),0.0,0.0
AFUPV3PDARESPRD645EAUJAKFHAQ,Last-Item,0.0,0.0
AFUPV3PDARESPRD645EAUJAKFHAQ,Avg-Last-10,0.0,0.0
AFUPV3PDARESPRD645EAUJAKFHAQ,Recency-Weighted,0.0,0.0
AFUPV3PDARESPRD645EAUJAKFHAQ,Essence (K=10),0.125,1.0
AFUSGXSPKWZ5PYSMUBAHA2TWAMYA,Random,0.0,
AFUSGXSPKWZ5PYSMUBAHA2TWAMYA,Popularity,0.0,
AFUSGXSPKWZ5PYSMUBAHA2TWAMYA,CF (ItemKNN),0.0,
AFUSGXSPKWZ5PYSMUBAHA2TWAMYA,Content (Avg Emb),0.0,
AFUSGXSPKWZ5PYSMUBAHA2TWAMYA,Last-Item,0.0,
AFUSGXSPKWZ5PYSMUBAHA2TWAMYA,Avg-Last-10,0.0,
AFUSGXSPKWZ5PYSMUBAHA2TWAMYA,Recency-Weighted,0.0,
AFUSGXSPKWZ5PYSMUBAHA2TWAMYA,Essence (K=10),0.0,
AFUSW6ZVMAEYOA2QTFWINAWONPXQ,Random,0.0,0.0
AFUSW6ZVMAEYOA2QTFWINAWONPXQ,Popularity,0.0,0.0
AFUSW6ZVMAEYOA2QTFWINAWONPXQ,CF (ItemKNN),0.06666666666666667,0.0
AFUSW6ZVMAEYOA2QTFWINAWONPXQ,Content (Avg Emb),0.0,0.0
AFUSW6ZVMAEYOA2QTFWINAWONPXQ,Last-Item,0.0,0.0
AFUSW6ZVMAEYOA2QTFWINAWONPXQ,Avg-Last-10,0.0,0.0
AFUSW6ZVMAEYOA2QTFWINAWONPXQ,Recency-Weighted,0.0,0.0
AFUSW6ZVMAEYOA2QTFWINAWONPXQ,Essence (K=10),0.0,0.0
AFUVGDSDI2SAMYMYSQRWRDN2ZRMQ,Random,0.0,0.0
AFUVGDSDI2SAMYMYSQRWRDN2ZRMQ,Popularity,0.0,0.0
AFUVGDSDI2SAMYMYSQRWRDN2ZRMQ,CF (ItemKNN),0.0,0.0
AFUVGDSDI2SAMYMYSQRWRDN2ZRMQ,Content (Avg Emb),0.0,0.0
AFUVGDSDI2SAMYMYSQRWRDN2ZRMQ,Last-Item,0.0,0.0
AFUVGDSDI2SAMYMYSQRWRDN2ZRMQ,Avg-Last-10,0.0,0.0
AFUVGDSDI2SAMYMYSQRWRDN2ZRMQ,Recency-Weighted,0.0,0.0
AFUVGDSDI2SAMYMYSQRWRDN2ZRMQ,Essence (K=10),0.0,0.0
AFUWGMATFKQ2R2ZVF4VX4Z3E4PZA,Random,0.0,0.0
AFUWGMATFKQ2R2ZVF4VX4Z3E4PZA,Popularity,0.0,0.0
AFUWGMATFKQ2R2ZVF4VX4Z3E4PZA,CF (ItemKNN),0.0,0.0
AFUWGMATFKQ2R2ZVF4VX4Z3E4PZA,Content (Avg Emb),0.0,0.0
AFUWGMATFKQ2R2ZVF4VX4Z3E4PZA,Last-Item,0.0,0.0
AFUWGMATFKQ2R2ZVF4VX4Z3E4PZA,Avg-Last-10,0.0,0.0
AFUWGMATFKQ2R2ZVF4VX4Z3E4PZA,Recency-Weighted,0.0,0.0
AFUWGMATFKQ2R2ZVF4VX4Z3E4PZA,Essence (K=10),0.0,0.0
AFUXGTIJ5EAUOVCMU37SNI2JXZRA,Random,0.0,0.0
AFUXGTIJ5EAUOVCMU37SNI2JXZRA,Popularity,0.0,0.0
AFUXGTIJ5EAUOVCMU37SNI2JXZRA,CF (ItemKNN),0.0,0.0
AFUXGTIJ5EAUOVCMU37SNI2JXZRA,Content (Avg Emb),0.0,0.0
AFUXGTIJ5EAUOVCMU37SNI2JXZRA,Last-Item,0.0,0.0
AFUXGTIJ5EAUOVCMU37SNI2JXZRA,Avg-Last-10,0.0,0.0
AFUXGTIJ5EAUOVCMU37SNI2JXZRA,Recency-Weighted,0.0,0.0
AFUXGTIJ5EAUOVCMU37SNI2JXZRA,Essence (K=10),0.0,0.0
AFV3SFRKXAPY4ZF7PSVTYKY6U4WQ,Random,0.0,0.0
AFV3SFRKXAPY4ZF7PSVTYKY6U4WQ,Popularity,0.0,0.0
AFV3SFRKXAPY4ZF7PSVTYKY6U4WQ,CF (ItemKNN),0.0,0.0
AFV3SFRKXAPY4ZF7PSVTYKY6U4WQ,Content (Avg Emb),0.0,0.0
AFV3SFRKXAPY4ZF7PSVTYKY6U4WQ,Last-Item,0.0,0.0
AFV3SFRKXAPY4ZF7PSVTYKY6U4WQ,Avg-Last-10,0.0,0.0
AFV3SFRKXAPY4ZF7PSVTYKY6U4WQ,Recency-Weighted,0.0,0.0
AFV3SFRKXAPY4ZF7PSVTYKY6U4WQ,Essence (K=10),0.0,0.0
AFV4WNZ5XU46GVVWP6WT75PC7QWQ,Random,0.0,
AFV4WNZ5XU46GVVWP6WT75PC7QWQ,Popularity,0.0,
AFV4WNZ5XU46GVVWP6WT75PC7QWQ,CF (ItemKNN),0.0,
AFV4WNZ5XU46GVVWP6WT75PC7QWQ,Content (Avg Emb),0.0,
AFV4WNZ5XU46GVVWP6WT75PC7QWQ,Last-Item,0.5,
AFV4WNZ5XU46GVVWP6WT75PC7QWQ,Avg-Last-10,0.5,
AFV4WNZ5XU46GVVWP6WT75PC7QWQ,Recency-Weighted,0.5,
AFV4WNZ5XU46GVVWP6WT75PC7QWQ,Essence (K=10),0.25,
AFV7HGGXWPVGK73YH5PIGEPZT6AQ,Random,0.0,
AFV7HGGXWPVGK73YH5PIGEPZT6AQ,Popularity,0.0,
AFV7HGGXWPVGK73YH5PIGEPZT6AQ,CF (ItemKNN),0.0,
AFV7HGGXWPVGK73YH5PIGEPZT6AQ,Content (Avg Emb),0.0,
AFV7HGGXWPVGK73YH5PIGEPZT6AQ,Last-Item,0.0,
AFV7HGGXWPVGK73YH5PIGEPZT6AQ,Avg-Last-10,0.0,
AFV7HGGXWPVGK73YH5PIGEPZT6AQ,Recency-Weighted,0.0,
AFV7HGGXWPVGK73YH5PIGEPZT6AQ,Essence (K=10),0.0,
AFVAHJTLBQ4WHG4F2FBFZ6K2XNIA,Random,0.0,0.0
AFVAHJTLBQ4WHG4F2FBFZ6K2XNIA,Popularity,0.0,0.0
AFVAHJTLBQ4WHG4F2FBFZ6K2XNIA,CF (ItemKNN),0.0,0.0
AFVAHJTLBQ4WHG4F2FBFZ6K2XNIA,Content (Avg Emb),0.0,0.0
AFVAHJTLBQ4WHG4F2FBFZ6K2XNIA,Last-Item,0.0,0.0
AFVAHJTLBQ4WHG4F2FBFZ6K2XNIA,Avg-Last-10,0.0,0.0
AFVAHJTLBQ4WHG4F2FBFZ6K2XNIA,Recency-Weighted,0.0,0.0
AFVAHJTLBQ4WHG4F2FBFZ6K2XNIA,Essence (K=10),0.0,0.0
AFVE2KX6JEAZELP5YLJVJYWEJJXA,Random,0.0,0.0
AFVE2KX6JEAZELP5YLJVJYWEJJXA,Popularity,0.0,0.0
AFVE2KX6JEAZELP5YLJVJYWEJJXA,CF (ItemKNN),0.0,0.0
AFVE2KX6JEAZELP5YLJVJYWEJJXA,Content (Avg Emb),0.0,0.0
AFVE2KX6JEAZELP5YLJVJYWEJJXA,Last-Item,0.0,0.0
AFVE2KX6JEAZELP5YLJVJYWEJJXA,Avg-Last-10,0.0,0.0
AFVE2KX6JEAZELP5YLJVJYWEJJXA,Recency-Weighted,0.0,0.0
AFVE2KX6JEAZELP5YLJVJYWEJJXA,Essence (K=10),0.0,0.0
AFVJHUWFBESEELGQP54YNXELNEIA,Random,0.0,0.0
AFVJHUWFBESEELGQP54YNXELNEIA,Popularity,0.0,0.0
AFVJHUWFBESEELGQP54YNXELNEIA,CF (ItemKNN),0.0,0.0
AFVJHUWFBESEELGQP54YNXELNEIA,Content (Avg Emb),0.2,0.0
AFVJHUWFBESEELGQP54YNXELNEIA,Last-Item,0.0,0.0
AFVJHUWFBESEELGQP54YNXELNEIA,Avg-Last-10,0.0,0.0
AFVJHUWFBESEELGQP54YNXELNEIA,Recency-Weighted,0.0,0.0
AFVJHUWFBESEELGQP54YNXELNEIA,Essence (K=10),0.0,0.0
AFVJKGF5R5EURJPKVXCYYKSAINMA,Random,0.0,0.0
AFVJKGF5R5EURJPKVXCYYKSAINMA,Popularity,0.0,0.0
AFVJKGF5R5EURJPKVXCYYKSAINMA,CF (ItemKNN),0.0,0.0
AFVJKGF5R5EURJPKVXCYYKSAINMA,Content (Avg Emb),0.0,0.0
AFVJKGF5R5EURJPKVXCYYKSAINMA,Last-Item,0.0,0.0
AFVJKGF5R5EURJPKVXCYYKSAINMA,Avg-Last-10,0.0,0.0
AFVJKGF5R5EURJPKVXCYYKSAINMA,Recency-Weighted,0.0,0.0
AFVJKGF5R5EURJPKVXCYYKSAINMA,Essence (K=10),0.0,0.0
AFVOLYKLJNF56TSGNTW6FCNGQPTQ,Random,0.0,
AFVOLYKLJNF56TSGNTW6FCNGQPTQ,Popularity,0.0,
AFVOLYKLJNF56TSGNTW6FCNGQPTQ,CF (ItemKNN),0.0,
AFVOLYKLJNF56TSGNTW6FCNGQPTQ,Content (Avg Emb),0.0,
AFVOLYKLJNF56TSGNTW6FCNGQPTQ,Last-Item,0.0,
AFVOLYKLJNF56TSGNTW6FCNGQPTQ,Avg-Last-10,0.0,
AFVOLYKLJNF56TSGNTW6FCNGQPTQ,Recency-Weighted,0.0,
AFVOLYKLJNF56TSGNTW6FCNGQPTQ,Essence (K=10),0.0,
AFVZDB74CY4LGHFIHGPJBED5H2UQ,Random,0.0,0.0
AFVZDB74CY4LGHFIHGPJBED5H2UQ,Popularity,0.0,0.0
AFVZDB74CY4LGHFIHGPJBED5H2UQ,CF (ItemKNN),0.0,0.0
AFVZDB74CY4LGHFIHGPJBED5H2UQ,Content (Avg Emb),0.0,0.0
AFVZDB74CY4LGHFIHGPJBED5H2UQ,Last-Item,0.17391304347826086,0.6666666666666666
AFVZDB74CY4LGHFIHGPJBED5H2UQ,Avg-Last-10,0.17391304347826086,0.6666666666666666
AFVZDB74CY4LGHFIHGPJBED5H2UQ,Recency-Weighted,0.17391304347826086,0.6666666666666666
AFVZDB74CY4LGHFIHGPJBED5H2UQ,Essence (K=10),0.0,0.0
AFW26M2LVKP57A7VXKFVPPQERSMQ,Random,0.0,
AFW26M2LVKP57A7VXKFVPPQERSMQ,Popularity,0.0,
AFW26M2LVKP57A7VXKFVPPQERSMQ,CF (ItemKNN),0.0,
AFW26M2LVKP57A7VXKFVPPQERSMQ,Content (Avg Emb),0.0,
AFW26M2LVKP57A7VXKFVPPQERSMQ,Last-Item,0.0,
AFW26M2LVKP57A7VXKFVPPQERSMQ,Avg-Last-10,0.0,
AFW26M2LVKP57A7VXKFVPPQERSMQ,Recency-Weighted,0.0,
AFW26M2LVKP57A7VXKFVPPQERSMQ,Essence (K=10),0.0,
AFW2KOPZYVV6XURA6WYKKJGPIDYA,Random,0.0,0.0
AFW2KOPZYVV6XURA6WYKKJGPIDYA,Popularity,0.0,0.0
AFW2KOPZYVV6XURA6WYKKJGPIDYA,CF (ItemKNN),0.0,0.0
AFW2KOPZYVV6XURA6WYKKJGPIDYA,Content (Avg Emb),0.0,0.0
AFW2KOPZYVV6XURA6WYKKJGPIDYA,Last-Item,0.0,0.0
AFW2KOPZYVV6XURA6WYKKJGPIDYA,Avg-Last-10,0.0,0.0
AFW2KOPZYVV6XURA6WYKKJGPIDYA,Recency-Weighted,0.0,0.0
AFW2KOPZYVV6XURA6WYKKJGPIDYA,Essence (K=10),0.0,0.0
AFW3FS75MIXVZFF3GBOUWTHCWWVA,Random,0.0,0.0
AFW3FS75MIXVZFF3GBOUWTHCWWVA,Popularity,0.0,0.0
AFW3FS75MIXVZFF3GBOUWTHCWWVA,CF (ItemKNN),0.0,0.0
AFW3FS75MIXVZFF3GBOUWTHCWWVA,Content (Avg Emb),0.0,0.0
AFW3FS75MIXVZFF3GBOUWTHCWWVA,Last-Item,0.0,0.0
AFW3FS75MIXVZFF3GBOUWTHCWWVA,Avg-Last-10,0.0,0.0
AFW3FS75MIXVZFF3GBOUWTHCWWVA,Recency-Weighted,0.0,0.0
AFW3FS75MIXVZFF3GBOUWTHCWWVA,Essence (K=10),0.0,0.0
AFW7QG7ZPCMLCDWV4J6YVGCXZQWQ,Random,0.0,0.0
AFW7QG7ZPCMLCDWV4J6YVGCXZQWQ,Popularity,0.0,0.0
AFW7QG7ZPCMLCDWV4J6YVGCXZQWQ,CF (ItemKNN),0.0,0.0
AFW7QG7ZPCMLCDWV4J6YVGCXZQWQ,Content (Avg Emb),0.0,0.0
AFW7QG7ZPCMLCDWV4J6YVGCXZQWQ,Last-Item,0.0,0.0
AFW7QG7ZPCMLCDWV4J6YVGCXZQWQ,Avg-Last-10,0.0,0.0
AFW7QG7ZPCMLCDWV4J6YVGCXZQWQ,Recency-Weighted,0.0,0.0
AFW7QG7ZPCMLCDWV4J6YVGCXZQWQ,Essence (K=10),0.0,0.0
AFW7RIFNAXORV6KNLJ73IGI7LMGQ,Random,0.0,0.0
AFW7RIFNAXORV6KNLJ73IGI7LMGQ,Popularity,0.0,0.0
AFW7RIFNAXORV6KNLJ73IGI7LMGQ,CF (ItemKNN),0.0,0.0
AFW7RIFNAXORV6KNLJ73IGI7LMGQ,Content (Avg Emb),0.0,0.0
AFW7RIFNAXORV6KNLJ73IGI7LMGQ,Last-Item,0.0,0.0
AFW7RIFNAXORV6KNLJ73IGI7LMGQ,Avg-Last-10,0.0,0.0
AFW7RIFNAXORV6KNLJ73IGI7LMGQ,Recency-Weighted,0.0,0.0
AFW7RIFNAXORV6KNLJ73IGI7LMGQ,Essence (K=10),0.0,0.0
AFWD64XOTGNTGISJNDRLSRKQ4RHA,Random,0.0,
AFWD64XOTGNTGISJNDRLSRKQ4RHA,Popularity,0.0,
AFWD64XOTGNTGISJNDRLSRKQ4RHA,CF (ItemKNN),0.0,
AFWD64XOTGNTGISJNDRLSRKQ4RHA,Content (Avg Emb),0.0,
AFWD64XOTGNTGISJNDRLSRKQ4RHA,Last-Item,0.0,
AFWD64XOTGNTGISJNDRLSRKQ4RHA,Avg-Last-10,0.0,
AFWD64XOTGNTGISJNDRLSRKQ4RHA,Recency-Weighted,0.0,
AFWD64XOTGNTGISJNDRLSRKQ4RHA,Essence (K=10),0.0,
AFWLU2RYONIAZY3O7MCULXTSLCDA,Random,0.0,0.0
AFWLU2RYONIAZY3O7MCULXTSLCDA,Popularity,0.0,0.0
AFWLU2RYONIAZY3O7MCULXTSLCDA,CF (ItemKNN),0.0,0.0
AFWLU2RYONIAZY3O7MCULXTSLCDA,Content (Avg Emb),0.0,0.0
AFWLU2RYONIAZY3O7MCULXTSLCDA,Last-Item,0.0,0.0
AFWLU2RYONIAZY3O7MCULXTSLCDA,Avg-Last-10,0.0,0.0
AFWLU2RYONIAZY3O7MCULXTSLCDA,Recency-Weighted,0.0,0.0
AFWLU2RYONIAZY3O7MCULXTSLCDA,Essence (K=10),0.0,0.0
AFWNHAEVV7LZMGWOA2VUYIIBXTIQ,Random,0.0,0.0
AFWNHAEVV7LZMGWOA2VUYIIBXTIQ,Popularity,0.0,0.0
AFWNHAEVV7LZMGWOA2VUYIIBXTIQ,CF (ItemKNN),0.0,0.0
AFWNHAEVV7LZMGWOA2VUYIIBXTIQ,Content (Avg Emb),0.0,0.0
AFWNHAEVV7LZMGWOA2VUYIIBXTIQ,Last-Item,0.07692307692307693,0.0
AFWNHAEVV7LZMGWOA2VUYIIBXTIQ,Avg-Last-10,0.0,0.0
AFWNHAEVV7LZMGWOA2VUYIIBXTIQ,Recency-Weighted,0.0,0.0
AFWNHAEVV7LZMGWOA2VUYIIBXTIQ,Essence (K=10),0.0,0.0
AFWNNLYYSG42RP7STT5AY7XM4CZA,Random,0.0,0.0
AFWNNLYYSG42RP7STT5AY7XM4CZA,Popularity,0.0,0.0
AFWNNLYYSG42RP7STT5AY7XM4CZA,CF (ItemKNN),0.0,0.0
AFWNNLYYSG42RP7STT5AY7XM4CZA,Content (Avg Emb),0.0,0.0
AFWNNLYYSG42RP7STT5AY7XM4CZA,Last-Item,0.0,0.0
AFWNNLYYSG42RP7STT5AY7XM4CZA,Avg-Last-10,0.0,0.0
AFWNNLYYSG42RP7STT5AY7XM4CZA,Recency-Weighted,0.0,0.0
AFWNNLYYSG42RP7STT5AY7XM4CZA,Essence (K=10),0.0,0.0
AFWPE7XA4JSXUEIQKC54V57WZIJQ,Random,0.0,
AFWPE7XA4JSXUEIQKC54V57WZIJQ,Popularity,0.0,
AFWPE7XA4JSXUEIQKC54V57WZIJQ,CF (ItemKNN),0.0,
AFWPE7XA4JSXUEIQKC54V57WZIJQ,Content (Avg Emb),0.0,
AFWPE7XA4JSXUEIQKC54V57WZIJQ,Last-Item,0.0,
AFWPE7XA4JSXUEIQKC54V57WZIJQ,Avg-Last-10,0.0,
AFWPE7XA4JSXUEIQKC54V57WZIJQ,Recency-Weighted,0.0,
AFWPE7XA4JSXUEIQKC54V57WZIJQ,Essence (K=10),0.0,
AFWT572RBJ6S7TECQQIOSZGMWB7A,Random,0.0,0.0
AFWT572RBJ6S7TECQQIOSZGMWB7A,Popularity,0.0,0.0
AFWT572RBJ6S7TECQQIOSZGMWB7A,CF (ItemKNN),0.0,0.0
AFWT572RBJ6S7TECQQIOSZGMWB7A,Content (Avg Emb),0.0,0.0
AFWT572RBJ6S7TECQQIOSZGMWB7A,Last-Item,0.0,0.0
AFWT572RBJ6S7TECQQIOSZGMWB7A,Avg-Last-10,0.0,0.0
AFWT572RBJ6S7TECQQIOSZGMWB7A,Recency-Weighted,0.0,0.0
AFWT572RBJ6S7TECQQIOSZGMWB7A,Essence (K=10),0.0,0.0
AFWTNOHVPBGGVUM22XCQCZAQRCNA,Random,0.0,0.0
AFWTNOHVPBGGVUM22XCQCZAQRCNA,Popularity,0.0,0.0
AFWTNOHVPBGGVUM22XCQCZAQRCNA,CF (ItemKNN),0.0,0.0
AFWTNOHVPBGGVUM22XCQCZAQRCNA,Content (Avg Emb),0.0,0.0
AFWTNOHVPBGGVUM22XCQCZAQRCNA,Last-Item,0.0,0.0
AFWTNOHVPBGGVUM22XCQCZAQRCNA,Avg-Last-10,0.0,0.0
AFWTNOHVPBGGVUM22XCQCZAQRCNA,Recency-Weighted,0.0,0.0
AFWTNOHVPBGGVUM22XCQCZAQRCNA,Essence (K=10),0.0,0.0
AFWUMZOG2XACNPPHCZUJVSAA7TZA,Random,0.0,0.0
AFWUMZOG2XACNPPHCZUJVSAA7TZA,Popularity,0.0,0.0
AFWUMZOG2XACNPPHCZUJVSAA7TZA,CF (ItemKNN),0.0,0.0
AFWUMZOG2XACNPPHCZUJVSAA7TZA,Content (Avg Emb),0.0,0.0
AFWUMZOG2XACNPPHCZUJVSAA7TZA,Last-Item,0.0,0.0
AFWUMZOG2XACNPPHCZUJVSAA7TZA,Avg-Last-10,0.0,0.0
AFWUMZOG2XACNPPHCZUJVSAA7TZA,Recency-Weighted,0.0,0.0
AFWUMZOG2XACNPPHCZUJVSAA7TZA,Essence (K=10),0.0,0.0
AFWYYXOHMJ5OYAGDCQO5DQBGSUKQ,Random,0.0,
AFWYYXOHMJ5OYAGDCQO5DQBGSUKQ,Popularity,0.0,
AFWYYXOHMJ5OYAGDCQO5DQBGSUKQ,CF (ItemKNN),0.0,
AFWYYXOHMJ5OYAGDCQO5DQBGSUKQ,Content (Avg Emb),0.0,
AFWYYXOHMJ5OYAGDCQO5DQBGSUKQ,Last-Item,0.0,
AFWYYXOHMJ5OYAGDCQO5DQBGSUKQ,Avg-Last-10,0.0,
AFWYYXOHMJ5OYAGDCQO5DQBGSUKQ,Recency-Weighted,0.0,
AFWYYXOHMJ5OYAGDCQO5DQBGSUKQ,Essence (K=10),0.09090909090909091,
AFX22VPHXVYOBW4NAJLW4QU4W2ZQ,Random,0.0,0.0
AFX22VPHXVYOBW4NAJLW4QU4W2ZQ,Popularity,0.0,0.0
AFX22VPHXVYOBW4NAJLW4QU4W2ZQ,CF (ItemKNN),0.0,0.0
AFX22VPHXVYOBW4NAJLW4QU4W2ZQ,Content (Avg Emb),0.0,0.0
AFX22VPHXVYOBW4NAJLW4QU4W2ZQ,Last-Item,0.05555555555555555,0.0
AFX22VPHXVYOBW4NAJLW4QU4W2ZQ,Avg-Last-10,0.0,0.0
AFX22VPHXVYOBW4NAJLW4QU4W2ZQ,Recency-Weighted,0.0,0.0
AFX22VPHXVYOBW4NAJLW4QU4W2ZQ,Essence (K=10),0.0,0.0
AFX3LWBTQG6BDTC77S7YYLTLDWQQ,Random,0.0,0.0
AFX3LWBTQG6BDTC77S7YYLTLDWQQ,Popularity,0.0,0.0
AFX3LWBTQG6BDTC77S7YYLTLDWQQ,CF (ItemKNN),0.0,0.0
AFX3LWBTQG6BDTC77S7YYLTLDWQQ,Content (Avg Emb),0.0,0.0
AFX3LWBTQG6BDTC77S7YYLTLDWQQ,Last-Item,0.05555555555555555,0.0
AFX3LWBTQG6BDTC77S7YYLTLDWQQ,Avg-Last-10,0.0,0.0
AFX3LWBTQG6BDTC77S7YYLTLDWQQ,Recency-Weighted,0.0,0.0
AFX3LWBTQG6BDTC77S7YYLTLDWQQ,Essence (K=10),0.0,0.0
AFX3TL5DQV2WOZOOZISUUNFWKYNQ,Random,0.0,0.0
AFX3TL5DQV2WOZOOZISUUNFWKYNQ,Popularity,0.0,0.0
AFX3TL5DQV2WOZOOZISUUNFWKYNQ,CF (ItemKNN),0.0,0.0
AFX3TL5DQV2WOZOOZISUUNFWKYNQ,Content (Avg Emb),0.0,0.0
AFX3TL5DQV2WOZOOZISUUNFWKYNQ,Last-Item,0.0,0.0
AFX3TL5DQV2WOZOOZISUUNFWKYNQ,Avg-Last-10,0.0,0.0
AFX3TL5DQV2WOZOOZISUUNFWKYNQ,Recency-Weighted,0.0,0.0
AFX3TL5DQV2WOZOOZISUUNFWKYNQ,Essence (K=10),0.0,0.0
AFX5D4PVGGKVUSX6N6MYULTNQJSA,Random,0.0,0.0
AFX5D4PVGGKVUSX6N6MYULTNQJSA,Popularity,0.0,0.0
AFX5D4PVGGKVUSX6N6MYULTNQJSA,CF (ItemKNN),0.0,0.0
AFX5D4PVGGKVUSX6N6MYULTNQJSA,Content (Avg Emb),0.0,0.0
AFX5D4PVGGKVUSX6N6MYULTNQJSA,Last-Item,0.0,0.0
AFX5D4PVGGKVUSX6N6MYULTNQJSA,Avg-Last-10,0.0,0.0
AFX5D4PVGGKVUSX6N6MYULTNQJSA,Recency-Weighted,0.0,0.0
AFX5D4PVGGKVUSX6N6MYULTNQJSA,Essence (K=10),0.0,0.0
AFXAKVVWHQ6IQXNVGO7NKS3ZTDZA,Random,0.0,0.0
AFXAKVVWHQ6IQXNVGO7NKS3ZTDZA,Popularity,0.0,0.0
AFXAKVVWHQ6IQXNVGO7NKS3ZTDZA,CF (ItemKNN),0.0,0.0
AFXAKVVWHQ6IQXNVGO7NKS3ZTDZA,Content (Avg Emb),0.0,0.0
AFXAKVVWHQ6IQXNVGO7NKS3ZTDZA,Last-Item,0.0,0.0
AFXAKVVWHQ6IQXNVGO7NKS3ZTDZA,Avg-Last-10,0.0,0.0
AFXAKVVWHQ6IQXNVGO7NKS3ZTDZA,Recency-Weighted,0.0,0.0
AFXAKVVWHQ6IQXNVGO7NKS3ZTDZA,Essence (K=10),0.043478260869565216,0.0
AFXB7VAJQ4HWKMFIMHI7PUR6SAMQ,Random,0.0,
AFXB7VAJQ4HWKMFIMHI7PUR6SAMQ,Popularity,0.0,
AFXB7VAJQ4HWKMFIMHI7PUR6SAMQ,CF (ItemKNN),0.0,
AFXB7VAJQ4HWKMFIMHI7PUR6SAMQ,Content (Avg Emb),0.14285714285714285,
AFXB7VAJQ4HWKMFIMHI7PUR6SAMQ,Last-Item,0.0,
AFXB7VAJQ4HWKMFIMHI7PUR6SAMQ,Avg-Last-10,0.14285714285714285,
AFXB7VAJQ4HWKMFIMHI7PUR6SAMQ,Recency-Weighted,0.14285714285714285,
AFXB7VAJQ4HWKMFIMHI7PUR6SAMQ,Essence (K=10),0.0,
AFXD5AJDBGQLQKVBX35JHNO3YO7A,Random,0.0,0.0
AFXD5AJDBGQLQKVBX35JHNO3YO7A,Popularity,0.0,0.0
AFXD5AJDBGQLQKVBX35JHNO3YO7A,CF (ItemKNN),0.0,0.0
AFXD5AJDBGQLQKVBX35JHNO3YO7A,Content (Avg Emb),0.0,0.0
AFXD5AJDBGQLQKVBX35JHNO3YO7A,Last-Item,0.0,0.0
AFXD5AJDBGQLQKVBX35JHNO3YO7A,Avg-Last-10,0.0,0.0
AFXD5AJDBGQLQKVBX35JHNO3YO7A,Recency-Weighted,0.0,0.0
AFXD5AJDBGQLQKVBX35JHNO3YO7A,Essence (K=10),0.0,0.0
AFXGNVPNUG4YSJ7XSEGRNELIKQ5A,Random,0.0,
AFXGNVPNUG4YSJ7XSEGRNELIKQ5A,Popularity,0.0,
AFXGNVPNUG4YSJ7XSEGRNELIKQ5A,CF (ItemKNN),0.0,
AFXGNVPNUG4YSJ7XSEGRNELIKQ5A,Content (Avg Emb),0.0,
AFXGNVPNUG4YSJ7XSEGRNELIKQ5A,Last-Item,0.0,
AFXGNVPNUG4YSJ7XSEGRNELIKQ5A,Avg-Last-10,0.0,
AFXGNVPNUG4YSJ7XSEGRNELIKQ5A,Recency-Weighted,0.0,
AFXGNVPNUG4YSJ7XSEGRNELIKQ5A,Essence (K=10),0.0,
AFXIE27MZLIFVINYKPZJEB2Z3ITQ,Random,0.0,0.0
AFXIE27MZLIFVINYKPZJEB2Z3ITQ,Popularity,0.0,0.0
AFXIE27MZLIFVINYKPZJEB2Z3ITQ,CF (ItemKNN),0.0,0.0
AFXIE27MZLIFVINYKPZJEB2Z3ITQ,Content (Avg Emb),0.0,0.0
AFXIE27MZLIFVINYKPZJEB2Z3ITQ,Last-Item,0.14285714285714285,0.0
AFXIE27MZLIFVINYKPZJEB2Z3ITQ,Avg-Last-10,0.2857142857142857,1.0
AFXIE27MZLIFVINYKPZJEB2Z3ITQ,Recency-Weighted,0.42857142857142855,1.0
AFXIE27MZLIFVINYKPZJEB2Z3ITQ,Essence (K=10),0.42857142857142855,1.0
AFXJDOZA6FU5Y77UZNR7RLGKBQRA,Random,0.0,
AFXJDOZA6FU5Y77UZNR7RLGKBQRA,Popularity,0.0,
AFXJDOZA6FU5Y77UZNR7RLGKBQRA,CF (ItemKNN),0.0,
AFXJDOZA6FU5Y77UZNR7RLGKBQRA,Content (Avg Emb),0.0,
AFXJDOZA6FU5Y77UZNR7RLGKBQRA,Last-Item,0.0,
AFXJDOZA6FU5Y77UZNR7RLGKBQRA,Avg-Last-10,0.0,
AFXJDOZA6FU5Y77UZNR7RLGKBQRA,Recency-Weighted,0.0,
AFXJDOZA6FU5Y77UZNR7RLGKBQRA,Essence (K=10),0.0,
AFXJMLQUDOFS7XT2W5ZJYWMV2UIQ,Random,0.0,0.0
AFXJMLQUDOFS7XT2W5ZJYWMV2UIQ,Popularity,0.0,0.0
AFXJMLQUDOFS7XT2W5ZJYWMV2UIQ,CF (ItemKNN),0.0,0.0
AFXJMLQUDOFS7XT2W5ZJYWMV2UIQ,Content (Avg Emb),0.0,0.0
AFXJMLQUDOFS7XT2W5ZJYWMV2UIQ,Last-Item,0.0,0.0
AFXJMLQUDOFS7XT2W5ZJYWMV2UIQ,Avg-Last-10,0.0,0.0
AFXJMLQUDOFS7XT2W5ZJYWMV2UIQ,Recency-Weighted,0.0,0.0
AFXJMLQUDOFS7XT2W5ZJYWMV2UIQ,Essence (K=10),0.0,0.0
AFXLJHQI5UAXYY77ZKW5ZG2V2ZIA,Random,0.0,0.0
AFXLJHQI5UAXYY77ZKW5ZG2V2ZIA,Popularity,0.0,0.0
AFXLJHQI5UAXYY77ZKW5ZG2V2ZIA,CF (ItemKNN),0.0,0.0
AFXLJHQI5UAXYY77ZKW5ZG2V2ZIA,Content (Avg Emb),0.0,0.0
AFXLJHQI5UAXYY77ZKW5ZG2V2ZIA,Last-Item,0.0,0.0
AFXLJHQI5UAXYY77ZKW5ZG2V2ZIA,Avg-Last-10,0.0,0.0
AFXLJHQI5UAXYY77ZKW5ZG2V2ZIA,Recency-Weighted,0.0,0.0
AFXLJHQI5UAXYY77ZKW5ZG2V2ZIA,Essence (K=10),0.0,0.0
AFXMZUCGYGSIWEYLWPYY5MTW764A,Random,0.0,0.0
AFXMZUCGYGSIWEYLWPYY5MTW764A,Popularity,0.0,0.0
AFXMZUCGYGSIWEYLWPYY5MTW764A,CF (ItemKNN),0.0,0.0
AFXMZUCGYGSIWEYLWPYY5MTW764A,Content (Avg Emb),0.0,0.0
AFXMZUCGYGSIWEYLWPYY5MTW764A,Last-Item,0.0,0.0
AFXMZUCGYGSIWEYLWPYY5MTW764A,Avg-Last-10,0.0,0.0
AFXMZUCGYGSIWEYLWPYY5MTW764A,Recency-Weighted,0.0,0.0
AFXMZUCGYGSIWEYLWPYY5MTW764A,Essence (K=10),0.0,0.0
AFXP73PFKU5APB4MS5R7Y6K3S3IA,Random,0.0,0.0
AFXP73PFKU5APB4MS5R7Y6K3S3IA,Popularity,0.0,0.0
AFXP73PFKU5APB4MS5R7Y6K3S3IA,CF (ItemKNN),0.0,0.0
AFXP73PFKU5APB4MS5R7Y6K3S3IA,Content (Avg Emb),0.0,0.0
AFXP73PFKU5APB4MS5R7Y6K3S3IA,Last-Item,0.0,0.0
AFXP73PFKU5APB4MS5R7Y6K3S3IA,Avg-Last-10,0.0,0.0
AFXP73PFKU5APB4MS5R7Y6K3S3IA,Recency-Weighted,0.0,0.0
AFXP73PFKU5APB4MS5R7Y6K3S3IA,Essence (K=10),0.0,0.0
AFXSAMXHTTBMDCYHYXCWNRMI7S3Q,Random,0.0,
AFXSAMXHTTBMDCYHYXCWNRMI7S3Q,Popularity,0.0,
AFXSAMXHTTBMDCYHYXCWNRMI7S3Q,CF (ItemKNN),0.0,
AFXSAMXHTTBMDCYHYXCWNRMI7S3Q,Content (Avg Emb),0.0,
AFXSAMXHTTBMDCYHYXCWNRMI7S3Q,Last-Item,0.0,
AFXSAMXHTTBMDCYHYXCWNRMI7S3Q,Avg-Last-10,0.0,
AFXSAMXHTTBMDCYHYXCWNRMI7S3Q,Recency-Weighted,0.0,
AFXSAMXHTTBMDCYHYXCWNRMI7S3Q,Essence (K=10),0.0,
AFXSBDXLUGIK6DLNIKBTHQXAXNZQ,Random,0.0,0.0
AFXSBDXLUGIK6DLNIKBTHQXAXNZQ,Popularity,0.0,0.0
AFXSBDXLUGIK6DLNIKBTHQXAXNZQ,CF (ItemKNN),0.0,0.0
AFXSBDXLUGIK6DLNIKBTHQXAXNZQ,Content (Avg Emb),0.0,0.0
AFXSBDXLUGIK6DLNIKBTHQXAXNZQ,Last-Item,0.0,0.0
AFXSBDXLUGIK6DLNIKBTHQXAXNZQ,Avg-Last-10,0.0,0.0
AFXSBDXLUGIK6DLNIKBTHQXAXNZQ,Recency-Weighted,0.0,0.0
AFXSBDXLUGIK6DLNIKBTHQXAXNZQ,Essence (K=10),0.0,0.0
AFXSEI64SNCWDL7JAHSVPWPKLFZQ,Random,0.0,0.0
AFXSEI64SNCWDL7JAHSVPWPKLFZQ,Popularity,0.0,0.0
AFXSEI64SNCWDL7JAHSVPWPKLFZQ,CF (ItemKNN),0.0,0.0
AFXSEI64SNCWDL7JAHSVPWPKLFZQ,Content (Avg Emb),0.0,0.0
AFXSEI64SNCWDL7JAHSVPWPKLFZQ,Last-Item,0.25,0.0
AFXSEI64SNCWDL7JAHSVPWPKLFZQ,Avg-Last-10,0.0,0.0
AFXSEI64SNCWDL7JAHSVPWPKLFZQ,Recency-Weighted,0.0,0.0
AFXSEI64SNCWDL7JAHSVPWPKLFZQ,Essence (K=10),0.0,0.0
AFXSPUBDHVVPQUIRNBBAODYYS4LQ,Random,0.0,0.0
AFXSPUBDHVVPQUIRNBBAODYYS4LQ,Popularity,0.0,0.0
AFXSPUBDHVVPQUIRNBBAODYYS4LQ,CF (ItemKNN),0.0,0.0
AFXSPUBDHVVPQUIRNBBAODYYS4LQ,Content (Avg Emb),0.0,0.0
AFXSPUBDHVVPQUIRNBBAODYYS4LQ,Last-Item,0.0,0.0
AFXSPUBDHVVPQUIRNBBAODYYS4LQ,Avg-Last-10,0.0,0.0
AFXSPUBDHVVPQUIRNBBAODYYS4LQ,Recency-Weighted,0.0,0.0
AFXSPUBDHVVPQUIRNBBAODYYS4LQ,Essence (K=10),0.0,0.0
AFXW4AXGG7JSDBQCRS5226MAB6XA,Random,0.0,
AFXW4AXGG7JSDBQCRS5226MAB6XA,Popularity,0.0,
AFXW4AXGG7JSDBQCRS5226MAB6XA,CF (ItemKNN),0.0,
AFXW4AXGG7JSDBQCRS5226MAB6XA,Content (Avg Emb),0.0,
AFXW4AXGG7JSDBQCRS5226MAB6XA,Last-Item,0.0,
AFXW4AXGG7JSDBQCRS5226MAB6XA,Avg-Last-10,0.0,
AFXW4AXGG7JSDBQCRS5226MAB6XA,Recency-Weighted,0.0,
AFXW4AXGG7JSDBQCRS5226MAB6XA,Essence (K=10),0.0,
AFXYJ6E4K4LZRUYSVW6YLE7S5AWA,Random,0.0,0.0
AFXYJ6E4K4LZRUYSVW6YLE7S5AWA,Popularity,0.0,0.0
AFXYJ6E4K4LZRUYSVW6YLE7S5AWA,CF (ItemKNN),0.0,0.0
AFXYJ6E4K4LZRUYSVW6YLE7S5AWA,Content (Avg Emb),0.08333333333333333,0.25
AFXYJ6E4K4LZRUYSVW6YLE7S5AWA,Last-Item,0.0,0.0
AFXYJ6E4K4LZRUYSVW6YLE7S5AWA,Avg-Last-10,0.0,0.0
AFXYJ6E4K4LZRUYSVW6YLE7S5AWA,Recency-Weighted,0.0,0.0
AFXYJ6E4K4LZRUYSVW6YLE7S5AWA,Essence (K=10),0.0,0.0
AFXZO7H2VSIDHNXYHSAJUNVHRKEQ,Random,0.0,
AFXZO7H2VSIDHNXYHSAJUNVHRKEQ,Popularity,0.0,
AFXZO7H2VSIDHNXYHSAJUNVHRKEQ,CF (ItemKNN),0.0,
AFXZO7H2VSIDHNXYHSAJUNVHRKEQ,Content (Avg Emb),0.0,
AFXZO7H2VSIDHNXYHSAJUNVHRKEQ,Last-Item,0.0,
AFXZO7H2VSIDHNXYHSAJUNVHRKEQ,Avg-Last-10,0.0,
AFXZO7H2VSIDHNXYHSAJUNVHRKEQ,Recency-Weighted,0.0,
AFXZO7H2VSIDHNXYHSAJUNVHRKEQ,Essence (K=10),0.0,
AFY227XRXH5S44XRQVDJFEZHDQTQ,Random,0.0,0.0
AFY227XRXH5S44XRQVDJFEZHDQTQ,Popularity,0.0,0.0
AFY227XRXH5S44XRQVDJFEZHDQTQ,CF (ItemKNN),0.0,0.0
AFY227XRXH5S44XRQVDJFEZHDQTQ,Content (Avg Emb),0.14285714285714285,0.0
AFY227XRXH5S44XRQVDJFEZHDQTQ,Last-Item,0.0,0.0
AFY227XRXH5S44XRQVDJFEZHDQTQ,Avg-Last-10,0.0,0.0
AFY227XRXH5S44XRQVDJFEZHDQTQ,Recency-Weighted,0.0,0.0
AFY227XRXH5S44XRQVDJFEZHDQTQ,Essence (K=10),0.0,0.0
AFY2ZFUDKBAUTNBRALBBGYNP7YEA,Random,0.0,
AFY2ZFUDKBAUTNBRALBBGYNP7YEA,Popularity,0.0,
AFY2ZFUDKBAUTNBRALBBGYNP7YEA,CF (ItemKNN),0.0,
AFY2ZFUDKBAUTNBRALBBGYNP7YEA,Content (Avg Emb),0.0,
AFY2ZFUDKBAUTNBRALBBGYNP7YEA,Last-Item,0.0,
AFY2ZFUDKBAUTNBRALBBGYNP7YEA,Avg-Last-10,0.0,
AFY2ZFUDKBAUTNBRALBBGYNP7YEA,Recency-Weighted,0.0,
AFY2ZFUDKBAUTNBRALBBGYNP7YEA,Essence (K=10),0.0,
AFY4MNXRRNGZ4ALYWINQRKME4LJQ,Random,0.0,
AFY4MNXRRNGZ4ALYWINQRKME4LJQ,Popularity,0.0,
AFY4MNXRRNGZ4ALYWINQRKME4LJQ,CF (ItemKNN),0.0,
AFY4MNXRRNGZ4ALYWINQRKME4LJQ,Content (Avg Emb),0.0,
AFY4MNXRRNGZ4ALYWINQRKME4LJQ,Last-Item,0.0,
AFY4MNXRRNGZ4ALYWINQRKME4LJQ,Avg-Last-10,0.0,
AFY4MNXRRNGZ4ALYWINQRKME4LJQ,Recency-Weighted,0.0,
AFY4MNXRRNGZ4ALYWINQRKME4LJQ,Essence (K=10),0.0,
AFY57TT7XTDJGFEJ6QXP63IPF3CA,Random,0.0,0.0
AFY57TT7XTDJGFEJ6QXP63IPF3CA,Popularity,0.0,0.0
AFY57TT7XTDJGFEJ6QXP63IPF3CA,CF (ItemKNN),0.0,0.0
AFY57TT7XTDJGFEJ6QXP63IPF3CA,Content (Avg Emb),0.0,0.0
AFY57TT7XTDJGFEJ6QXP63IPF3CA,Last-Item,0.0,0.0
AFY57TT7XTDJGFEJ6QXP63IPF3CA,Avg-Last-10,0.0,0.0
AFY57TT7XTDJGFEJ6QXP63IPF3CA,Recency-Weighted,0.0,0.0
AFY57TT7XTDJGFEJ6QXP63IPF3CA,Essence (K=10),0.0,0.0
AFYDLFLCDOYW7FT4MGDH5VBO2V5Q,Random,0.0,
AFYDLFLCDOYW7FT4MGDH5VBO2V5Q,Popularity,0.0,
AFYDLFLCDOYW7FT4MGDH5VBO2V5Q,CF (ItemKNN),0.0,
AFYDLFLCDOYW7FT4MGDH5VBO2V5Q,Content (Avg Emb),0.0,
AFYDLFLCDOYW7FT4MGDH5VBO2V5Q,Last-Item,0.14285714285714285,
AFYDLFLCDOYW7FT4MGDH5VBO2V5Q,Avg-Last-10,0.0,
AFYDLFLCDOYW7FT4MGDH5VBO2V5Q,Recency-Weighted,0.14285714285714285,
AFYDLFLCDOYW7FT4MGDH5VBO2V5Q,Essence (K=10),0.14285714285714285,
AFYGJO6FKTJK7FLS4S4IDDVP5OQA,Random,0.0,0.0
AFYGJO6FKTJK7FLS4S4IDDVP5OQA,Popularity,0.0,0.0
AFYGJO6FKTJK7FLS4S4IDDVP5OQA,CF (ItemKNN),0.0,0.0
AFYGJO6FKTJK7FLS4S4IDDVP5OQA,Content (Avg Emb),0.0,0.0
AFYGJO6FKTJK7FLS4S4IDDVP5OQA,Last-Item,0.0,0.0
AFYGJO6FKTJK7FLS4S4IDDVP5OQA,Avg-Last-10,0.0,0.0
AFYGJO6FKTJK7FLS4S4IDDVP5OQA,Recency-Weighted,0.0,0.0
AFYGJO6FKTJK7FLS4S4IDDVP5OQA,Essence (K=10),0.0,0.0
AFYHCJUOZHRE3CPMJY22MEFU6HDQ,Random,0.0,
AFYHCJUOZHRE3CPMJY22MEFU6HDQ,Popularity,0.0,
AFYHCJUOZHRE3CPMJY22MEFU6HDQ,CF (ItemKNN),0.0,
AFYHCJUOZHRE3CPMJY22MEFU6HDQ,Content (Avg Emb),0.0,
AFYHCJUOZHRE3CPMJY22MEFU6HDQ,Last-Item,0.16666666666666666,
AFYHCJUOZHRE3CPMJY22MEFU6HDQ,Avg-Last-10,0.0,
AFYHCJUOZHRE3CPMJY22MEFU6HDQ,Recency-Weighted,0.0,
AFYHCJUOZHRE3CPMJY22MEFU6HDQ,Essence (K=10),0.0,
AFYKVHKB7XHW4LWQ6ILAST72NHLA,Random,0.0,0.0
AFYKVHKB7XHW4LWQ6ILAST72NHLA,Popularity,0.0,0.0
AFYKVHKB7XHW4LWQ6ILAST72NHLA,CF (ItemKNN),0.0,0.0
AFYKVHKB7XHW4LWQ6ILAST72NHLA,Content (Avg Emb),0.0,0.0
AFYKVHKB7XHW4LWQ6ILAST72NHLA,Last-Item,0.0,0.0
AFYKVHKB7XHW4LWQ6ILAST72NHLA,Avg-Last-10,0.0,0.0
AFYKVHKB7XHW4LWQ6ILAST72NHLA,Recency-Weighted,0.0,0.0
AFYKVHKB7XHW4LWQ6ILAST72NHLA,Essence (K=10),0.0,0.0
AFYRD6ZQ7W6PM6JWIEKW72BM4WGA,Random,0.0,
AFYRD6ZQ7W6PM6JWIEKW72BM4WGA,Popularity,0.0,
AFYRD6ZQ7W6PM6JWIEKW72BM4WGA,CF (ItemKNN),0.4,
AFYRD6ZQ7W6PM6JWIEKW72BM4WGA,Content (Avg Emb),0.0,
AFYRD6ZQ7W6PM6JWIEKW72BM4WGA,Last-Item,0.0,
AFYRD6ZQ7W6PM6JWIEKW72BM4WGA,Avg-Last-10,0.0,
AFYRD6ZQ7W6PM6JWIEKW72BM4WGA,Recency-Weighted,0.0,
AFYRD6ZQ7W6PM6JWIEKW72BM4WGA,Essence (K=10),0.0,
AFYX3HSYITJ7RMG6AMGXKY2LR5AQ,Random,0.0,
AFYX3HSYITJ7RMG6AMGXKY2LR5AQ,Popularity,0.0,
AFYX3HSYITJ7RMG6AMGXKY2LR5AQ,CF (ItemKNN),0.0,
AFYX3HSYITJ7RMG6AMGXKY2LR5AQ,Content (Avg Emb),0.0,
AFYX3HSYITJ7RMG6AMGXKY2LR5AQ,Last-Item,0.0,
AFYX3HSYITJ7RMG6AMGXKY2LR5AQ,Avg-Last-10,0.0,
AFYX3HSYITJ7RMG6AMGXKY2LR5AQ,Recency-Weighted,0.0,
AFYX3HSYITJ7RMG6AMGXKY2LR5AQ,Essence (K=10),0.0,
AFYX5DXWJ5STZHJMEDIEPMOCQLPA,Random,0.0,0.0
AFYX5DXWJ5STZHJMEDIEPMOCQLPA,Popularity,0.0,0.0
AFYX5DXWJ5STZHJMEDIEPMOCQLPA,CF (ItemKNN),0.0,0.0
AFYX5DXWJ5STZHJMEDIEPMOCQLPA,Content (Avg Emb),0.0,0.0
AFYX5DXWJ5STZHJMEDIEPMOCQLPA,Last-Item,0.0,0.0
AFYX5DXWJ5STZHJMEDIEPMOCQLPA,Avg-Last-10,0.0,0.0
AFYX5DXWJ5STZHJMEDIEPMOCQLPA,Recency-Weighted,0.0,0.0
AFYX5DXWJ5STZHJMEDIEPMOCQLPA,Essence (K=10),0.0,0.0
AFYYCRYYUCSYOFXYKKSCGJYOQJUQ,Random,0.0,0.0
AFYYCRYYUCSYOFXYKKSCGJYOQJUQ,Popularity,0.0,0.0
AFYYCRYYUCSYOFXYKKSCGJYOQJUQ,CF (ItemKNN),0.0,0.0
AFYYCRYYUCSYOFXYKKSCGJYOQJUQ,Content (Avg Emb),0.0,0.0
AFYYCRYYUCSYOFXYKKSCGJYOQJUQ,Last-Item,0.0,0.0
AFYYCRYYUCSYOFXYKKSCGJYOQJUQ,Avg-Last-10,0.0,0.0
AFYYCRYYUCSYOFXYKKSCGJYOQJUQ,Recency-Weighted,0.0,0.0
AFYYCRYYUCSYOFXYKKSCGJYOQJUQ,Essence (K=10),0.0,0.0
AFZ4HCIGNRMS23DROQUN5GK6BXDQ,Random,0.0,0.0
AFZ4HCIGNRMS23DROQUN5GK6BXDQ,Popularity,0.0,0.0
AFZ4HCIGNRMS23DROQUN5GK6BXDQ,CF (ItemKNN),0.0,0.0
AFZ4HCIGNRMS23DROQUN5GK6BXDQ,Content (Avg Emb),0.0,0.0
AFZ4HCIGNRMS23DROQUN5GK6BXDQ,Last-Item,0.0,0.0
AFZ4HCIGNRMS23DROQUN5GK6BXDQ,Avg-Last-10,0.0,0.0
AFZ4HCIGNRMS23DROQUN5GK6BXDQ,Recency-Weighted,0.0,0.0
AFZ4HCIGNRMS23DROQUN5GK6BXDQ,Essence (K=10),0.0,0.0
AFZ4IBPO4H4XTN3EMGBJKIDAULEA,Random,0.0,
AFZ4IBPO4H4XTN3EMGBJKIDAULEA,Popularity,0.0,
AFZ4IBPO4H4XTN3EMGBJKIDAULEA,CF (ItemKNN),0.25,
AFZ4IBPO4H4XTN3EMGBJKIDAULEA,Content (Avg Emb),0.0,
AFZ4IBPO4H4XTN3EMGBJKIDAULEA,Last-Item,0.0,
AFZ4IBPO4H4XTN3EMGBJKIDAULEA,Avg-Last-10,0.0,
AFZ4IBPO4H4XTN3EMGBJKIDAULEA,Recency-Weighted,0.0,
AFZ4IBPO4H4XTN3EMGBJKIDAULEA,Essence (K=10),0.0,
AFZ57IFZEJA2P26Q2M3XF2SFII6A,Random,0.0,0.0
AFZ57IFZEJA2P26Q2M3XF2SFII6A,Popularity,0.0,0.0
AFZ57IFZEJA2P26Q2M3XF2SFII6A,CF (ItemKNN),0.0,0.0
AFZ57IFZEJA2P26Q2M3XF2SFII6A,Content (Avg Emb),0.0,0.0
AFZ57IFZEJA2P26Q2M3XF2SFII6A,Last-Item,0.0,0.0
AFZ57IFZEJA2P26Q2M3XF2SFII6A,Avg-Last-10,0.0,0.0
AFZ57IFZEJA2P26Q2M3XF2SFII6A,Recency-Weighted,0.0,0.0
AFZ57IFZEJA2P26Q2M3XF2SFII6A,Essence (K=10),0.0,0.0
AFZ7VS2NJEX3GHH56EVKX2RMNLHQ,Random,0.0,
AFZ7VS2NJEX3GHH56EVKX2RMNLHQ,Popularity,0.0,
AFZ7VS2NJEX3GHH56EVKX2RMNLHQ,CF (ItemKNN),0.0,
AFZ7VS2NJEX3GHH56EVKX2RMNLHQ,Content (Avg Emb),0.0,
AFZ7VS2NJEX3GHH56EVKX2RMNLHQ,Last-Item,0.0,
AFZ7VS2NJEX3GHH56EVKX2RMNLHQ,Avg-Last-10,0.0,
AFZ7VS2NJEX3GHH56EVKX2RMNLHQ,Recency-Weighted,0.0,
AFZ7VS2NJEX3GHH56EVKX2RMNLHQ,Essence (K=10),0.0,
AFZC3UF5EU2VK23VWX6U2WJUKYEQ,Random,0.0,
AFZC3UF5EU2VK23VWX6U2WJUKYEQ,Popularity,0.0,
AFZC3UF5EU2VK23VWX6U2WJUKYEQ,CF (ItemKNN),0.0,
AFZC3UF5EU2VK23VWX6U2WJUKYEQ,Content (Avg Emb),0.0,
AFZC3UF5EU2VK23VWX6U2WJUKYEQ,Last-Item,0.0,
AFZC3UF5EU2VK23VWX6U2WJUKYEQ,Avg-Last-10,0.0,
AFZC3UF5EU2VK23VWX6U2WJUKYEQ,Recency-Weighted,0.0,
AFZC3UF5EU2VK23VWX6U2WJUKYEQ,Essence (K=10),0.0,
AFZDPN6JQCEAEV4E263KNBFAO63Q,Random,0.0,0.0
AFZDPN6JQCEAEV4E263KNBFAO63Q,Popularity,0.0,0.0
AFZDPN6JQCEAEV4E263KNBFAO63Q,CF (ItemKNN),0.0,0.0
AFZDPN6JQCEAEV4E263KNBFAO63Q,Content (Avg Emb),0.0,0.0
AFZDPN6JQCEAEV4E263KNBFAO63Q,Last-Item,0.0,0.0
AFZDPN6JQCEAEV4E263KNBFAO63Q,Avg-Last-10,0.0,0.0
AFZDPN6JQCEAEV4E263KNBFAO63Q,Recency-Weighted,0.0,0.0
AFZDPN6JQCEAEV4E263KNBFAO63Q,Essence (K=10),0.0,0.0
AFZG53YYUAPW7MNCE6KOFD2XCHUQ,Random,0.0,0.0
AFZG53YYUAPW7MNCE6KOFD2XCHUQ,Popularity,0.0,0.0
AFZG53YYUAPW7MNCE6KOFD2XCHUQ,CF (ItemKNN),0.0,0.0
AFZG53YYUAPW7MNCE6KOFD2XCHUQ,Content (Avg Emb),0.0,0.0
AFZG53YYUAPW7MNCE6KOFD2XCHUQ,Last-Item,0.0,0.0
AFZG53YYUAPW7MNCE6KOFD2XCHUQ,Avg-Last-10,0.0,0.0
AFZG53YYUAPW7MNCE6KOFD2XCHUQ,Recency-Weighted,0.0,0.0
AFZG53YYUAPW7MNCE6KOFD2XCHUQ,Essence (K=10),0.0,0.0
AFZHAUBWY5YSYUARYSPA6MRPDKTQ,Random,0.0,
AFZHAUBWY5YSYUARYSPA6MRPDKTQ,Popularity,0.2,
AFZHAUBWY5YSYUARYSPA6MRPDKTQ,CF (ItemKNN),0.0,
AFZHAUBWY5YSYUARYSPA6MRPDKTQ,Content (Avg Emb),0.0,
AFZHAUBWY5YSYUARYSPA6MRPDKTQ,Last-Item,0.0,
AFZHAUBWY5YSYUARYSPA6MRPDKTQ,Avg-Last-10,0.0,
AFZHAUBWY5YSYUARYSPA6MRPDKTQ,Recency-Weighted,0.0,
AFZHAUBWY5YSYUARYSPA6MRPDKTQ,Essence (K=10),0.0,
AFZI2IFM7L3A5OSCYQUOYCYXRWDQ,Random,0.0,0.0
AFZI2IFM7L3A5OSCYQUOYCYXRWDQ,Popularity,0.0,0.0
AFZI2IFM7L3A5OSCYQUOYCYXRWDQ,CF (ItemKNN),0.0,0.0
AFZI2IFM7L3A5OSCYQUOYCYXRWDQ,Content (Avg Emb),0.0,0.0
AFZI2IFM7L3A5OSCYQUOYCYXRWDQ,Last-Item,0.0,0.0
AFZI2IFM7L3A5OSCYQUOYCYXRWDQ,Avg-Last-10,0.0,0.0
AFZI2IFM7L3A5OSCYQUOYCYXRWDQ,Recency-Weighted,0.0,0.0
AFZI2IFM7L3A5OSCYQUOYCYXRWDQ,Essence (K=10),0.0,0.0
AFZJXRCHVDFJVXDKHSJ6ZD4KBQ3A,Random,0.0,
AFZJXRCHVDFJVXDKHSJ6ZD4KBQ3A,Popularity,0.0,
AFZJXRCHVDFJVXDKHSJ6ZD4KBQ3A,CF (ItemKNN),0.0,
AFZJXRCHVDFJVXDKHSJ6ZD4KBQ3A,Content (Avg Emb),0.0,
AFZJXRCHVDFJVXDKHSJ6ZD4KBQ3A,Last-Item,0.0,
AFZJXRCHVDFJVXDKHSJ6ZD4KBQ3A,Avg-Last-10,0.0,
AFZJXRCHVDFJVXDKHSJ6ZD4KBQ3A,Recency-Weighted,0.0,
AFZJXRCHVDFJVXDKHSJ6ZD4KBQ3A,Essence (K=10),0.0,
AFZKTAPULWMUXSPVPA2LJPFZCGFQ,Random,0.0,0.0
AFZKTAPULWMUXSPVPA2LJPFZCGFQ,Popularity,0.0,0.0
AFZKTAPULWMUXSPVPA2LJPFZCGFQ,CF (ItemKNN),0.0,0.0
AFZKTAPULWMUXSPVPA2LJPFZCGFQ,Content (Avg Emb),0.0,0.0
AFZKTAPULWMUXSPVPA2LJPFZCGFQ,Last-Item,0.0,0.0
AFZKTAPULWMUXSPVPA2LJPFZCGFQ,Avg-Last-10,0.0,0.0
AFZKTAPULWMUXSPVPA2LJPFZCGFQ,Recency-Weighted,0.0,0.0
AFZKTAPULWMUXSPVPA2LJPFZCGFQ,Essence (K=10),0.0,0.0
AFZLBE2ONETJWZJP554EQ6B6OX4A,Random,0.0,
AFZLBE2ONETJWZJP554EQ6B6OX4A,Popularity,0.0,
AFZLBE2ONETJWZJP554EQ6B6OX4A,CF (ItemKNN),0.0,
AFZLBE2ONETJWZJP554EQ6B6OX4A,Content (Avg Emb),0.0,
AFZLBE2ONETJWZJP554EQ6B6OX4A,Last-Item,0.0,
AFZLBE2ONETJWZJP554EQ6B6OX4A,Avg-Last-10,0.0,
AFZLBE2ONETJWZJP554EQ6B6OX4A,Recency-Weighted,0.0,
AFZLBE2ONETJWZJP554EQ6B6OX4A,Essence (K=10),0.0,
AFZN2D3IQQVR6W2KJEMURD26WHNA,Random,0.0,0.0
AFZN2D3IQQVR6W2KJEMURD26WHNA,Popularity,0.0,0.0
AFZN2D3IQQVR6W2KJEMURD26WHNA,CF (ItemKNN),0.0,0.0
AFZN2D3IQQVR6W2KJEMURD26WHNA,Content (Avg Emb),0.0,0.0
AFZN2D3IQQVR6W2KJEMURD26WHNA,Last-Item,0.0,0.0
AFZN2D3IQQVR6W2KJEMURD26WHNA,Avg-Last-10,0.0,0.0
AFZN2D3IQQVR6W2KJEMURD26WHNA,Recency-Weighted,0.0,0.0
AFZN2D3IQQVR6W2KJEMURD26WHNA,Essence (K=10),0.0,0.0
AFZNOWI32R2PKX5CY5N347DJ7ZUA,Random,0.0,0.0
AFZNOWI32R2PKX5CY5N347DJ7ZUA,Popularity,0.0,0.0
AFZNOWI32R2PKX5CY5N347DJ7ZUA,CF (ItemKNN),0.0,0.0
AFZNOWI32R2PKX5CY5N347DJ7ZUA,Content (Avg Emb),0.0,0.0
AFZNOWI32R2PKX5CY5N347DJ7ZUA,Last-Item,0.0,0.0
AFZNOWI32R2PKX5CY5N347DJ7ZUA,Avg-Last-10,0.0,0.0
AFZNOWI32R2PKX5CY5N347DJ7ZUA,Recency-Weighted,0.0,0.0
AFZNOWI32R2PKX5CY5N347DJ7ZUA,Essence (K=10),0.0,0.0
AFZS7V6NCHGVH3J2U6D7ZR42MKAQ,Random,0.0,0.0
AFZS7V6NCHGVH3J2U6D7ZR42MKAQ,Popularity,0.0,0.0
AFZS7V6NCHGVH3J2U6D7ZR42MKAQ,CF (ItemKNN),0.0,0.0
AFZS7V6NCHGVH3J2U6D7ZR42MKAQ,Content (Avg Emb),0.0,0.0
AFZS7V6NCHGVH3J2U6D7ZR42MKAQ,Last-Item,0.0,0.0
AFZS7V6NCHGVH3J2U6D7ZR42MKAQ,Avg-Last-10,0.0,0.0
AFZS7V6NCHGVH3J2U6D7ZR42MKAQ,Recency-Weighted,0.0,0.0
AFZS7V6NCHGVH3J2U6D7ZR42MKAQ,Essence (K=10),0.0,0.0
AFZYFQH32GGGFZR573PY5LPXPEDA,Random,0.0,0.0
AFZYFQH32GGGFZR573PY5LPXPEDA,Popularity,0.0,0.0
AFZYFQH32GGGFZR573PY5LPXPEDA,CF (ItemKNN),0.0,0.0
AFZYFQH32GGGFZR573PY5LPXPEDA,Content (Avg Emb),0.0,0.0
AFZYFQH32GGGFZR573PY5LPXPEDA,Last-Item,0.0,0.0
AFZYFQH32GGGFZR573PY5LPXPEDA,Avg-Last-10,0.0,0.0
AFZYFQH32GGGFZR573PY5LPXPEDA,Recency-Weighted,0.0,0.0
AFZYFQH32GGGFZR573PY5LPXPEDA,Essence (K=10),0.0,0.0
AG22C4IAS57BZJRJYJYNR7V6LNAA,Random,0.0,0.0
AG22C4IAS57BZJRJYJYNR7V6LNAA,Popularity,0.0,0.0
AG22C4IAS57BZJRJYJYNR7V6LNAA,CF (ItemKNN),0.0,0.0
AG22C4IAS57BZJRJYJYNR7V6LNAA,Content (Avg Emb),0.2,0.0
AG22C4IAS57BZJRJYJYNR7V6LNAA,Last-Item,0.0,0.0
AG22C4IAS57BZJRJYJYNR7V6LNAA,Avg-Last-10,0.2,0.0
AG22C4IAS57BZJRJYJYNR7V6LNAA,Recency-Weighted,0.2,0.0
AG22C4IAS57BZJRJYJYNR7V6LNAA,Essence (K=10),0.2,0.0
AG267KN6LICZWOCLGUV3TCLCR2VA,Random,0.0,0.0
AG267KN6LICZWOCLGUV3TCLCR2VA,Popularity,0.0,0.0
AG267KN6LICZWOCLGUV3TCLCR2VA,CF (ItemKNN),0.0,0.0
AG267KN6LICZWOCLGUV3TCLCR2VA,Content (Avg Emb),0.0,0.0
AG267KN6LICZWOCLGUV3TCLCR2VA,Last-Item,0.0,0.0
AG267KN6LICZWOCLGUV3TCLCR2VA,Avg-Last-10,0.0,0.0
AG267KN6LICZWOCLGUV3TCLCR2VA,Recency-Weighted,0.0,0.0
AG267KN6LICZWOCLGUV3TCLCR2VA,Essence (K=10),0.0,0.0
AG267S6OKZSUJH54G3VBC2SRNCZQ,Random,0.0,0.0
AG267S6OKZSUJH54G3VBC2SRNCZQ,Popularity,0.0,0.0
AG267S6OKZSUJH54G3VBC2SRNCZQ,CF (ItemKNN),0.0,0.0
AG267S6OKZSUJH54G3VBC2SRNCZQ,Content (Avg Emb),0.0,0.0
AG267S6OKZSUJH54G3VBC2SRNCZQ,Last-Item,0.0,0.0
AG267S6OKZSUJH54G3VBC2SRNCZQ,Avg-Last-10,0.0,0.0
AG267S6OKZSUJH54G3VBC2SRNCZQ,Recency-Weighted,0.0,0.0
AG267S6OKZSUJH54G3VBC2SRNCZQ,Essence (K=10),0.0,0.0
AG2B2DRAGHXBF37QFWZBZZ6JZ5HQ,Random,0.0,0.0
AG2B2DRAGHXBF37QFWZBZZ6JZ5HQ,Popularity,0.0,0.0
AG2B2DRAGHXBF37QFWZBZZ6JZ5HQ,CF (ItemKNN),0.14285714285714285,0.0
AG2B2DRAGHXBF37QFWZBZZ6JZ5HQ,Content (Avg Emb),0.0,0.0
AG2B2DRAGHXBF37QFWZBZZ6JZ5HQ,Last-Item,0.0,0.0
AG2B2DRAGHXBF37QFWZBZZ6JZ5HQ,Avg-Last-10,0.0,0.0
AG2B2DRAGHXBF37QFWZBZZ6JZ5HQ,Recency-Weighted,0.14285714285714285,0.0
AG2B2DRAGHXBF37QFWZBZZ6JZ5HQ,Essence (K=10),0.0,0.0
AG2B3DFYQ6RSAJXWSDB5X5KZB7SQ,Random,0.0,0.0
AG2B3DFYQ6RSAJXWSDB5X5KZB7SQ,Popularity,0.0,0.0
AG2B3DFYQ6RSAJXWSDB5X5KZB7SQ,CF (ItemKNN),0.0,0.0
AG2B3DFYQ6RSAJXWSDB5X5KZB7SQ,Content (Avg Emb),0.0,0.0
AG2B3DFYQ6RSAJXWSDB5X5KZB7SQ,Last-Item,0.0,0.0
AG2B3DFYQ6RSAJXWSDB5X5KZB7SQ,Avg-Last-10,0.0,0.0
AG2B3DFYQ6RSAJXWSDB5X5KZB7SQ,Recency-Weighted,0.0,0.0
AG2B3DFYQ6RSAJXWSDB5X5KZB7SQ,Essence (K=10),0.0,0.0
AG2CE2SAR6GSFYRREAERU6KJSOBQ,Random,0.0,
AG2CE2SAR6GSFYRREAERU6KJSOBQ,Popularity,0.0,
AG2CE2SAR6GSFYRREAERU6KJSOBQ,CF (ItemKNN),0.0,
AG2CE2SAR6GSFYRREAERU6KJSOBQ,Content (Avg Emb),0.0,
AG2CE2SAR6GSFYRREAERU6KJSOBQ,Last-Item,0.0,
AG2CE2SAR6GSFYRREAERU6KJSOBQ,Avg-Last-10,0.0,
AG2CE2SAR6GSFYRREAERU6KJSOBQ,Recency-Weighted,0.0,
AG2CE2SAR6GSFYRREAERU6KJSOBQ,Essence (K=10),0.0,
AG2DAD6IC2PS6VZGNHLMXZPDA37A,Random,0.0,
AG2DAD6IC2PS6VZGNHLMXZPDA37A,Popularity,0.0,
AG2DAD6IC2PS6VZGNHLMXZPDA37A,CF (ItemKNN),0.0,
AG2DAD6IC2PS6VZGNHLMXZPDA37A,Content (Avg Emb),0.0,
AG2DAD6IC2PS6VZGNHLMXZPDA37A,Last-Item,0.0,
AG2DAD6IC2PS6VZGNHLMXZPDA37A,Avg-Last-10,0.0,
AG2DAD6IC2PS6VZGNHLMXZPDA37A,Recency-Weighted,0.0,
AG2DAD6IC2PS6VZGNHLMXZPDA37A,Essence (K=10),0.0,
AG2JOKM6OKJFWWCDMT3YW35O2IVA,Random,0.0,0.0
AG2JOKM6OKJFWWCDMT3YW35O2IVA,Popularity,0.0,0.0
AG2JOKM6OKJFWWCDMT3YW35O2IVA,CF (ItemKNN),0.0,0.0
AG2JOKM6OKJFWWCDMT3YW35O2IVA,Content (Avg Emb),0.0,0.0
AG2JOKM6OKJFWWCDMT3YW35O2IVA,Last-Item,0.0,0.0
AG2JOKM6OKJFWWCDMT3YW35O2IVA,Avg-Last-10,0.0,0.0
AG2JOKM6OKJFWWCDMT3YW35O2IVA,Recency-Weighted,0.0,0.0
AG2JOKM6OKJFWWCDMT3YW35O2IVA,Essence (K=10),0.0,0.0
AG2LG6GYFUVFXVCHWJ2UR6U4VWHA,Random,0.0,
AG2LG6GYFUVFXVCHWJ2UR6U4VWHA,Popularity,0.0,
AG2LG6GYFUVFXVCHWJ2UR6U4VWHA,CF (ItemKNN),0.0,
AG2LG6GYFUVFXVCHWJ2UR6U4VWHA,Content (Avg Emb),0.0,
AG2LG6GYFUVFXVCHWJ2UR6U4VWHA,Last-Item,0.0,
AG2LG6GYFUVFXVCHWJ2UR6U4VWHA,Avg-Last-10,0.0,
AG2LG6GYFUVFXVCHWJ2UR6U4VWHA,Recency-Weighted,0.0,
AG2LG6GYFUVFXVCHWJ2UR6U4VWHA,Essence (K=10),0.0,
AG2LOU3S46MEZDF76URZMYJDJGOA,Random,0.0,
AG2LOU3S46MEZDF76URZMYJDJGOA,Popularity,0.0,
AG2LOU3S46MEZDF76URZMYJDJGOA,CF (ItemKNN),0.0,
AG2LOU3S46MEZDF76URZMYJDJGOA,Content (Avg Emb),0.0,
AG2LOU3S46MEZDF76URZMYJDJGOA,Last-Item,0.0,
AG2LOU3S46MEZDF76URZMYJDJGOA,Avg-Last-10,0.0,
AG2LOU3S46MEZDF76URZMYJDJGOA,Recency-Weighted,0.0,
AG2LOU3S46MEZDF76URZMYJDJGOA,Essence (K=10),0.0,
AG2N3WAKPVRRYENDUWHNFIVE5KOA,Random,0.0,
AG2N3WAKPVRRYENDUWHNFIVE5KOA,Popularity,0.0,
AG2N3WAKPVRRYENDUWHNFIVE5KOA,CF (ItemKNN),0.0,
AG2N3WAKPVRRYENDUWHNFIVE5KOA,Content (Avg Emb),0.0,
AG2N3WAKPVRRYENDUWHNFIVE5KOA,Last-Item,0.0,
AG2N3WAKPVRRYENDUWHNFIVE5KOA,Avg-Last-10,0.0,
AG2N3WAKPVRRYENDUWHNFIVE5KOA,Recency-Weighted,0.0,
AG2N3WAKPVRRYENDUWHNFIVE5KOA,Essence (K=10),0.0,
AG2NH42QBRMXF7VZRJK6KI5CS5DA,Random,0.0,0.0
AG2NH42QBRMXF7VZRJK6KI5CS5DA,Popularity,0.0,0.0
AG2NH42QBRMXF7VZRJK6KI5CS5DA,CF (ItemKNN),0.0,0.0
AG2NH42QBRMXF7VZRJK6KI5CS5DA,Content (Avg Emb),0.0,0.0
AG2NH42QBRMXF7VZRJK6KI5CS5DA,Last-Item,0.0,0.0
AG2NH42QBRMXF7VZRJK6KI5CS5DA,Avg-Last-10,0.0,0.0
AG2NH42QBRMXF7VZRJK6KI5CS5DA,Recency-Weighted,0.0,0.0
AG2NH42QBRMXF7VZRJK6KI5CS5DA,Essence (K=10),0.0,0.0
AG2NXAII2IHJGYVBOXLYZF3M4KGA,Random,0.0,0.0
AG2NXAII2IHJGYVBOXLYZF3M4KGA,Popularity,0.0,0.0
AG2NXAII2IHJGYVBOXLYZF3M4KGA,CF (ItemKNN),0.0,0.0
AG2NXAII2IHJGYVBOXLYZF3M4KGA,Content (Avg Emb),0.0,0.0
AG2NXAII2IHJGYVBOXLYZF3M4KGA,Last-Item,0.0,0.0
AG2NXAII2IHJGYVBOXLYZF3M4KGA,Avg-Last-10,0.0,0.0
AG2NXAII2IHJGYVBOXLYZF3M4KGA,Recency-Weighted,0.0,0.0
AG2NXAII2IHJGYVBOXLYZF3M4KGA,Essence (K=10),0.0,0.0
AG2OPPHXPCD23JJJOEARBJADDEDA,Random,0.0,
AG2OPPHXPCD23JJJOEARBJADDEDA,Popularity,0.0,
AG2OPPHXPCD23JJJOEARBJADDEDA,CF (ItemKNN),0.0,
AG2OPPHXPCD23JJJOEARBJADDEDA,Content (Avg Emb),0.0,
AG2OPPHXPCD23JJJOEARBJADDEDA,Last-Item,0.0,
AG2OPPHXPCD23JJJOEARBJADDEDA,Avg-Last-10,0.0,
AG2OPPHXPCD23JJJOEARBJADDEDA,Recency-Weighted,0.0,
AG2OPPHXPCD23JJJOEARBJADDEDA,Essence (K=10),0.0,
AG2PRYJJCCFAC4KG3IYKORNX5UGA,Random,0.0,0.0
AG2PRYJJCCFAC4KG3IYKORNX5UGA,Popularity,0.0,0.0
AG2PRYJJCCFAC4KG3IYKORNX5UGA,CF (ItemKNN),0.0,0.0
AG2PRYJJCCFAC4KG3IYKORNX5UGA,Content (Avg Emb),0.0,0.0
AG2PRYJJCCFAC4KG3IYKORNX5UGA,Last-Item,0.0,0.0
AG2PRYJJCCFAC4KG3IYKORNX5UGA,Avg-Last-10,0.0,0.0
AG2PRYJJCCFAC4KG3IYKORNX5UGA,Recency-Weighted,0.0,0.0
AG2PRYJJCCFAC4KG3IYKORNX5UGA,Essence (K=10),0.0,0.0
AG2QBED7S7DP4PTSIA2MX36JXTOA,Random,0.0,0.0
AG2QBED7S7DP4PTSIA2MX36JXTOA,Popularity,0.0,0.0
AG2QBED7S7DP4PTSIA2MX36JXTOA,CF (ItemKNN),0.0,0.0
AG2QBED7S7DP4PTSIA2MX36JXTOA,Content (Avg Emb),0.0,0.0
AG2QBED7S7DP4PTSIA2MX36JXTOA,Last-Item,0.0,0.0
AG2QBED7S7DP4PTSIA2MX36JXTOA,Avg-Last-10,0.0,0.0
AG2QBED7S7DP4PTSIA2MX36JXTOA,Recency-Weighted,0.0,0.0
AG2QBED7S7DP4PTSIA2MX36JXTOA,Essence (K=10),0.0,0.0
AG2QVRNVREGHUYQTSJLOEPEBQXIQ,Random,0.0,
AG2QVRNVREGHUYQTSJLOEPEBQXIQ,Popularity,0.0,
AG2QVRNVREGHUYQTSJLOEPEBQXIQ,CF (ItemKNN),0.0,
AG2QVRNVREGHUYQTSJLOEPEBQXIQ,Content (Avg Emb),0.0,
AG2QVRNVREGHUYQTSJLOEPEBQXIQ,Last-Item,0.0,
AG2QVRNVREGHUYQTSJLOEPEBQXIQ,Avg-Last-10,0.0,
AG2QVRNVREGHUYQTSJLOEPEBQXIQ,Recency-Weighted,0.0,
AG2QVRNVREGHUYQTSJLOEPEBQXIQ,Essence (K=10),0.0,
AG2VZQ4NU5KZ6EJICMG6J7WJ5ZGA,Random,0.0,
AG2VZQ4NU5KZ6EJICMG6J7WJ5ZGA,Popularity,0.0,
AG2VZQ4NU5KZ6EJICMG6J7WJ5ZGA,CF (ItemKNN),0.0,
AG2VZQ4NU5KZ6EJICMG6J7WJ5ZGA,Content (Avg Emb),0.0,
AG2VZQ4NU5KZ6EJICMG6J7WJ5ZGA,Last-Item,0.0,
AG2VZQ4NU5KZ6EJICMG6J7WJ5ZGA,Avg-Last-10,0.0,
AG2VZQ4NU5KZ6EJICMG6J7WJ5ZGA,Recency-Weighted,0.0,
AG2VZQ4NU5KZ6EJICMG6J7WJ5ZGA,Essence (K=10),0.0,
AG2W6XXYIZQVD2VBAX56ETQVXHIQ,Random,0.0,0.0
AG2W6XXYIZQVD2VBAX56ETQVXHIQ,Popularity,0.0,0.0
AG2W6XXYIZQVD2VBAX56ETQVXHIQ,CF (ItemKNN),0.0,0.0
AG2W6XXYIZQVD2VBAX56ETQVXHIQ,Content (Avg Emb),0.0,0.0
AG2W6XXYIZQVD2VBAX56ETQVXHIQ,Last-Item,0.0,0.0
AG2W6XXYIZQVD2VBAX56ETQVXHIQ,Avg-Last-10,0.0,0.0
AG2W6XXYIZQVD2VBAX56ETQVXHIQ,Recency-Weighted,0.0,0.0
AG2W6XXYIZQVD2VBAX56ETQVXHIQ,Essence (K=10),0.0,0.0
AG2YPWEEZZANPAZALBPA7H55ES7Q,Random,0.0,
AG2YPWEEZZANPAZALBPA7H55ES7Q,Popularity,0.0,
AG2YPWEEZZANPAZALBPA7H55ES7Q,CF (ItemKNN),0.0,
AG2YPWEEZZANPAZALBPA7H55ES7Q,Content (Avg Emb),0.4,
AG2YPWEEZZANPAZALBPA7H55ES7Q,Last-Item,0.2,
AG2YPWEEZZANPAZALBPA7H55ES7Q,Avg-Last-10,0.4,
AG2YPWEEZZANPAZALBPA7H55ES7Q,Recency-Weighted,0.4,
AG2YPWEEZZANPAZALBPA7H55ES7Q,Essence (K=10),0.2,
AG34COOWXZFFZXG3XIRVL333CDWQ,Random,0.0,0.0
AG34COOWXZFFZXG3XIRVL333CDWQ,Popularity,0.0,0.0
AG34COOWXZFFZXG3XIRVL333CDWQ,CF (ItemKNN),0.0,0.0
AG34COOWXZFFZXG3XIRVL333CDWQ,Content (Avg Emb),0.0,0.0
AG34COOWXZFFZXG3XIRVL333CDWQ,Last-Item,0.1111111111111111,0.0
AG34COOWXZFFZXG3XIRVL333CDWQ,Avg-Last-10,0.0,0.0
AG34COOWXZFFZXG3XIRVL333CDWQ,Recency-Weighted,0.0,0.0
AG34COOWXZFFZXG3XIRVL333CDWQ,Essence (K=10),0.0,0.0
AG3BSSZBSM5Z73PW4D5IRGCCZXSQ,Random,0.0,
AG3BSSZBSM5Z73PW4D5IRGCCZXSQ,Popularity,0.0,
AG3BSSZBSM5Z73PW4D5IRGCCZXSQ,CF (ItemKNN),0.0,
AG3BSSZBSM5Z73PW4D5IRGCCZXSQ,Content (Avg Emb),0.0,
AG3BSSZBSM5Z73PW4D5IRGCCZXSQ,Last-Item,0.0,
AG3BSSZBSM5Z73PW4D5IRGCCZXSQ,Avg-Last-10,0.0,
AG3BSSZBSM5Z73PW4D5IRGCCZXSQ,Recency-Weighted,0.0,
AG3BSSZBSM5Z73PW4D5IRGCCZXSQ,Essence (K=10),0.0,
AG3EKWGWLCEP3436CKWBBMQ37OTQ,Random,0.0,
AG3EKWGWLCEP3436CKWBBMQ37OTQ,Popularity,0.0,
AG3EKWGWLCEP3436CKWBBMQ37OTQ,CF (ItemKNN),0.0,
AG3EKWGWLCEP3436CKWBBMQ37OTQ,Content (Avg Emb),0.0,
AG3EKWGWLCEP3436CKWBBMQ37OTQ,Last-Item,0.0,
AG3EKWGWLCEP3436CKWBBMQ37OTQ,Avg-Last-10,0.2,
AG3EKWGWLCEP3436CKWBBMQ37OTQ,Recency-Weighted,0.2,
AG3EKWGWLCEP3436CKWBBMQ37OTQ,Essence (K=10),0.0,
AG3EWR6E7R2ZZE5UI2MA3DVAWOCA,Random,0.0,0.0
AG3EWR6E7R2ZZE5UI2MA3DVAWOCA,Popularity,0.0,0.0
AG3EWR6E7R2ZZE5UI2MA3DVAWOCA,CF (ItemKNN),0.0,0.0
AG3EWR6E7R2ZZE5UI2MA3DVAWOCA,Content (Avg Emb),0.0,0.0
AG3EWR6E7R2ZZE5UI2MA3DVAWOCA,Last-Item,0.0,0.0
AG3EWR6E7R2ZZE5UI2MA3DVAWOCA,Avg-Last-10,0.0,0.0
AG3EWR6E7R2ZZE5UI2MA3DVAWOCA,Recency-Weighted,0.0,0.0
AG3EWR6E7R2ZZE5UI2MA3DVAWOCA,Essence (K=10),0.0,0.0
AG3F55IENWKOEKQKUMVJSTE7R57Q,Random,0.0,
AG3F55IENWKOEKQKUMVJSTE7R57Q,Popularity,0.0,
AG3F55IENWKOEKQKUMVJSTE7R57Q,CF (ItemKNN),0.0,
AG3F55IENWKOEKQKUMVJSTE7R57Q,Content (Avg Emb),0.14285714285714285,
AG3F55IENWKOEKQKUMVJSTE7R57Q,Last-Item,0.5714285714285714,
AG3F55IENWKOEKQKUMVJSTE7R57Q,Avg-Last-10,0.42857142857142855,
AG3F55IENWKOEKQKUMVJSTE7R57Q,Recency-Weighted,0.5714285714285714,
AG3F55IENWKOEKQKUMVJSTE7R57Q,Essence (K=10),0.5714285714285714,
AG3FC3O672PZW2AKUNP2SUOJCFQQ,Random,0.0,
AG3FC3O672PZW2AKUNP2SUOJCFQQ,Popularity,0.0,
AG3FC3O672PZW2AKUNP2SUOJCFQQ,CF (ItemKNN),0.0,
AG3FC3O672PZW2AKUNP2SUOJCFQQ,Content (Avg Emb),0.125,
AG3FC3O672PZW2AKUNP2SUOJCFQQ,Last-Item,0.0,
AG3FC3O672PZW2AKUNP2SUOJCFQQ,Avg-Last-10,0.125,
AG3FC3O672PZW2AKUNP2SUOJCFQQ,Recency-Weighted,0.125,
AG3FC3O672PZW2AKUNP2SUOJCFQQ,Essence (K=10),0.0,
AG3FRJADO7ZZK5ALYPJ7QLS7NZTA,Random,0.0,0.0
AG3FRJADO7ZZK5ALYPJ7QLS7NZTA,Popularity,0.0,0.0
AG3FRJADO7ZZK5ALYPJ7QLS7NZTA,CF (ItemKNN),0.0,0.0
AG3FRJADO7ZZK5ALYPJ7QLS7NZTA,Content (Avg Emb),0.0,0.0
AG3FRJADO7ZZK5ALYPJ7QLS7NZTA,Last-Item,0.0,0.0
AG3FRJADO7ZZK5ALYPJ7QLS7NZTA,Avg-Last-10,0.0,0.0
AG3FRJADO7ZZK5ALYPJ7QLS7NZTA,Recency-Weighted,0.0,0.0
AG3FRJADO7ZZK5ALYPJ7QLS7NZTA,Essence (K=10),0.0,0.0
AG3GTFKPX2LL4Q4HJW5OEUR2LOKA,Random,0.0,0.0
AG3GTFKPX2LL4Q4HJW5OEUR2LOKA,Popularity,0.0,0.0
AG3GTFKPX2LL4Q4HJW5OEUR2LOKA,CF (ItemKNN),0.0,0.0
AG3GTFKPX2LL4Q4HJW5OEUR2LOKA,Content (Avg Emb),0.0,0.0
AG3GTFKPX2LL4Q4HJW5OEUR2LOKA,Last-Item,0.0,0.0
AG3GTFKPX2LL4Q4HJW5OEUR2LOKA,Avg-Last-10,0.0,0.0
AG3GTFKPX2LL4Q4HJW5OEUR2LOKA,Recency-Weighted,0.0,0.0
AG3GTFKPX2LL4Q4HJW5OEUR2LOKA,Essence (K=10),0.0,0.0
AG3H2OAJNZYJ2RRPYCIWUVEMA6HQ,Random,0.0,0.0
AG3H2OAJNZYJ2RRPYCIWUVEMA6HQ,Popularity,0.0,0.0
AG3H2OAJNZYJ2RRPYCIWUVEMA6HQ,CF (ItemKNN),0.0,0.0
AG3H2OAJNZYJ2RRPYCIWUVEMA6HQ,Content (Avg Emb),0.0,0.0
AG3H2OAJNZYJ2RRPYCIWUVEMA6HQ,Last-Item,0.0,0.0
AG3H2OAJNZYJ2RRPYCIWUVEMA6HQ,Avg-Last-10,0.0,0.0
AG3H2OAJNZYJ2RRPYCIWUVEMA6HQ,Recency-Weighted,0.0,0.0
AG3H2OAJNZYJ2RRPYCIWUVEMA6HQ,Essence (K=10),0.0,0.0
AG3JDAWGLFCYZX7CRRAJFQOSZSDA,Random,0.0,0.0
AG3JDAWGLFCYZX7CRRAJFQOSZSDA,Popularity,0.0,0.0
AG3JDAWGLFCYZX7CRRAJFQOSZSDA,CF (ItemKNN),0.0,0.0
AG3JDAWGLFCYZX7CRRAJFQOSZSDA,Content (Avg Emb),0.0,0.0
AG3JDAWGLFCYZX7CRRAJFQOSZSDA,Last-Item,0.0,0.0
AG3JDAWGLFCYZX7CRRAJFQOSZSDA,Avg-Last-10,0.0,0.0
AG3JDAWGLFCYZX7CRRAJFQOSZSDA,Recency-Weighted,0.0,0.0
AG3JDAWGLFCYZX7CRRAJFQOSZSDA,Essence (K=10),0.0,0.0
AG3JN2ZMB5UBEGH5JVIMG7NWNRHQ,Random,0.0,0.0
AG3JN2ZMB5UBEGH5JVIMG7NWNRHQ,Popularity,0.0,0.0
AG3JN2ZMB5UBEGH5JVIMG7NWNRHQ,CF (ItemKNN),0.0,0.0
AG3JN2ZMB5UBEGH5JVIMG7NWNRHQ,Content (Avg Emb),0.0,0.0
AG3JN2ZMB5UBEGH5JVIMG7NWNRHQ,Last-Item,0.16666666666666666,0.5
AG3JN2ZMB5UBEGH5JVIMG7NWNRHQ,Avg-Last-10,0.0,0.0
AG3JN2ZMB5UBEGH5JVIMG7NWNRHQ,Recency-Weighted,0.0,0.0
AG3JN2ZMB5UBEGH5JVIMG7NWNRHQ,Essence (K=10),0.0,0.0
AG3LBDWJFAUXMOAY63DRMKKLNCNA,Random,0.0,
AG3LBDWJFAUXMOAY63DRMKKLNCNA,Popularity,0.0,
AG3LBDWJFAUXMOAY63DRMKKLNCNA,CF (ItemKNN),0.0,
AG3LBDWJFAUXMOAY63DRMKKLNCNA,Content (Avg Emb),0.0,
AG3LBDWJFAUXMOAY63DRMKKLNCNA,Last-Item,0.0,
AG3LBDWJFAUXMOAY63DRMKKLNCNA,Avg-Last-10,0.0,
AG3LBDWJFAUXMOAY63DRMKKLNCNA,Recency-Weighted,0.0,
AG3LBDWJFAUXMOAY63DRMKKLNCNA,Essence (K=10),0.0,
AG3LNDOYRSUM67PF7MBJ3LEXOGUA,Random,0.0,
AG3LNDOYRSUM67PF7MBJ3LEXOGUA,Popularity,0.0,
AG3LNDOYRSUM67PF7MBJ3LEXOGUA,CF (ItemKNN),0.0,
AG3LNDOYRSUM67PF7MBJ3LEXOGUA,Content (Avg Emb),0.25,
AG3LNDOYRSUM67PF7MBJ3LEXOGUA,Last-Item,0.0,
AG3LNDOYRSUM67PF7MBJ3LEXOGUA,Avg-Last-10,0.25,
AG3LNDOYRSUM67PF7MBJ3LEXOGUA,Recency-Weighted,0.0,
AG3LNDOYRSUM67PF7MBJ3LEXOGUA,Essence (K=10),0.25,
AG3N4LYXFQU5FNMDR5U47NA33SPQ,Random,0.0,
AG3N4LYXFQU5FNMDR5U47NA33SPQ,Popularity,0.0,
AG3N4LYXFQU5FNMDR5U47NA33SPQ,CF (ItemKNN),0.0,
AG3N4LYXFQU5FNMDR5U47NA33SPQ,Content (Avg Emb),0.0,
AG3N4LYXFQU5FNMDR5U47NA33SPQ,Last-Item,0.0,
AG3N4LYXFQU5FNMDR5U47NA33SPQ,Avg-Last-10,0.0,
AG3N4LYXFQU5FNMDR5U47NA33SPQ,Recency-Weighted,0.0,
AG3N4LYXFQU5FNMDR5U47NA33SPQ,Essence (K=10),0.0,
AG3P5QVEXQAU5RUEUSE2YB64HBDQ,Random,0.0,0.0
AG3P5QVEXQAU5RUEUSE2YB64HBDQ,Popularity,0.0,0.0
AG3P5QVEXQAU5RUEUSE2YB64HBDQ,CF (ItemKNN),0.0,0.0
AG3P5QVEXQAU5RUEUSE2YB64HBDQ,Content (Avg Emb),0.0,0.0
AG3P5QVEXQAU5RUEUSE2YB64HBDQ,Last-Item,0.0,0.0
AG3P5QVEXQAU5RUEUSE2YB64HBDQ,Avg-Last-10,0.0,0.0
AG3P5QVEXQAU5RUEUSE2YB64HBDQ,Recency-Weighted,0.0,0.0
AG3P5QVEXQAU5RUEUSE2YB64HBDQ,Essence (K=10),0.0,0.0
AG3P5TF2YO25KIO7XQSXPVBKZMFA,Random,0.0,0.0
AG3P5TF2YO25KIO7XQSXPVBKZMFA,Popularity,0.0,0.0
AG3P5TF2YO25KIO7XQSXPVBKZMFA,CF (ItemKNN),0.0,0.0
AG3P5TF2YO25KIO7XQSXPVBKZMFA,Content (Avg Emb),0.0,0.0
AG3P5TF2YO25KIO7XQSXPVBKZMFA,Last-Item,0.0,0.0
AG3P5TF2YO25KIO7XQSXPVBKZMFA,Avg-Last-10,0.0,0.0
AG3P5TF2YO25KIO7XQSXPVBKZMFA,Recency-Weighted,0.0,0.0
AG3P5TF2YO25KIO7XQSXPVBKZMFA,Essence (K=10),0.0,0.0
AG3RNADZA272SHG4XTZS24W5DJGQ,Random,0.0,0.0
AG3RNADZA272SHG4XTZS24W5DJGQ,Popularity,0.0,0.0
AG3RNADZA272SHG4XTZS24W5DJGQ,CF (ItemKNN),0.0,0.0
AG3RNADZA272SHG4XTZS24W5DJGQ,Content (Avg Emb),0.0,0.0
AG3RNADZA272SHG4XTZS24W5DJGQ,Last-Item,0.0,0.0
AG3RNADZA272SHG4XTZS24W5DJGQ,Avg-Last-10,0.0,0.0
AG3RNADZA272SHG4XTZS24W5DJGQ,Recency-Weighted,0.0,0.0
AG3RNADZA272SHG4XTZS24W5DJGQ,Essence (K=10),0.0,0.0
AG3TBRBL34PFKVGOECHSGAXZNYAA,Random,0.0,
AG3TBRBL34PFKVGOECHSGAXZNYAA,Popularity,0.0,
AG3TBRBL34PFKVGOECHSGAXZNYAA,CF (ItemKNN),0.0,
AG3TBRBL34PFKVGOECHSGAXZNYAA,Content (Avg Emb),0.0,
AG3TBRBL34PFKVGOECHSGAXZNYAA,Last-Item,0.0,
AG3TBRBL34PFKVGOECHSGAXZNYAA,Avg-Last-10,0.0,
AG3TBRBL34PFKVGOECHSGAXZNYAA,Recency-Weighted,0.0,
AG3TBRBL34PFKVGOECHSGAXZNYAA,Essence (K=10),0.0,
AG3UCLDUCHLX32QFGOBIK4BTOBSQ,Random,0.0,0.0
AG3UCLDUCHLX32QFGOBIK4BTOBSQ,Popularity,0.0,0.0
AG3UCLDUCHLX32QFGOBIK4BTOBSQ,CF (ItemKNN),0.0,0.0
AG3UCLDUCHLX32QFGOBIK4BTOBSQ,Content (Avg Emb),0.0,0.0
AG3UCLDUCHLX32QFGOBIK4BTOBSQ,Last-Item,0.16666666666666666,0.0
AG3UCLDUCHLX32QFGOBIK4BTOBSQ,Avg-Last-10,0.0,0.0
AG3UCLDUCHLX32QFGOBIK4BTOBSQ,Recency-Weighted,0.0,0.0
AG3UCLDUCHLX32QFGOBIK4BTOBSQ,Essence (K=10),0.16666666666666666,0.0
AG3WQGTFJIMKBF34WB2QSBDIEFNQ,Random,0.0,
AG3WQGTFJIMKBF34WB2QSBDIEFNQ,Popularity,0.0,
AG3WQGTFJIMKBF34WB2QSBDIEFNQ,CF (ItemKNN),0.0,
AG3WQGTFJIMKBF34WB2QSBDIEFNQ,Content (Avg Emb),0.0,
AG3WQGTFJIMKBF34WB2QSBDIEFNQ,Last-Item,0.0,
AG3WQGTFJIMKBF34WB2QSBDIEFNQ,Avg-Last-10,0.0,
AG3WQGTFJIMKBF34WB2QSBDIEFNQ,Recency-Weighted,0.0,
AG3WQGTFJIMKBF34WB2QSBDIEFNQ,Essence (K=10),0.0,
AG3XIAIYKMMG356ZP2UJ4RFQTJJA,Random,0.0,0.0
AG3XIAIYKMMG356ZP2UJ4RFQTJJA,Popularity,0.0,0.0
AG3XIAIYKMMG356ZP2UJ4RFQTJJA,CF (ItemKNN),0.0,0.0
AG3XIAIYKMMG356ZP2UJ4RFQTJJA,Content (Avg Emb),0.0,0.0
AG3XIAIYKMMG356ZP2UJ4RFQTJJA,Last-Item,0.0,0.0
AG3XIAIYKMMG356ZP2UJ4RFQTJJA,Avg-Last-10,0.0,0.0
AG3XIAIYKMMG356ZP2UJ4RFQTJJA,Recency-Weighted,0.0,0.0
AG3XIAIYKMMG356ZP2UJ4RFQTJJA,Essence (K=10),0.0,0.0
AG3XUURDFKLD62JG42FWJJ6ZVLPA,Random,0.0,0.0
AG3XUURDFKLD62JG42FWJJ6ZVLPA,Popularity,0.0,0.0
AG3XUURDFKLD62JG42FWJJ6ZVLPA,CF (ItemKNN),0.0,0.0
AG3XUURDFKLD62JG42FWJJ6ZVLPA,Content (Avg Emb),0.0,0.0
AG3XUURDFKLD62JG42FWJJ6ZVLPA,Last-Item,0.0,0.0
AG3XUURDFKLD62JG42FWJJ6ZVLPA,Avg-Last-10,0.0,0.0
AG3XUURDFKLD62JG42FWJJ6ZVLPA,Recency-Weighted,0.0,0.0
AG3XUURDFKLD62JG42FWJJ6ZVLPA,Essence (K=10),0.0,0.0
AG3YEAU4RTX3CMEPJHEEOKHSV5LA,Random,0.0,0.0
AG3YEAU4RTX3CMEPJHEEOKHSV5LA,Popularity,0.0,0.0
AG3YEAU4RTX3CMEPJHEEOKHSV5LA,CF (ItemKNN),0.0,0.0
AG3YEAU4RTX3CMEPJHEEOKHSV5LA,Content (Avg Emb),0.0,0.0
AG3YEAU4RTX3CMEPJHEEOKHSV5LA,Last-Item,0.0,0.0
AG3YEAU4RTX3CMEPJHEEOKHSV5LA,Avg-Last-10,0.0,0.0
AG3YEAU4RTX3CMEPJHEEOKHSV5LA,Recency-Weighted,0.0,0.0
AG3YEAU4RTX3CMEPJHEEOKHSV5LA,Essence (K=10),0.0,0.0
AG3ZMRYMZXH3TFCY34CKJMASE5BQ,Random,0.0,
AG3ZMRYMZXH3TFCY34CKJMASE5BQ,Popularity,0.0,
AG3ZMRYMZXH3TFCY34CKJMASE5BQ,CF (ItemKNN),0.0,
AG3ZMRYMZXH3TFCY34CKJMASE5BQ,Content (Avg Emb),0.25,
AG3ZMRYMZXH3TFCY34CKJMASE5BQ,Last-Item,0.5,
AG3ZMRYMZXH3TFCY34CKJMASE5BQ,Avg-Last-10,0.5,
AG3ZMRYMZXH3TFCY34CKJMASE5BQ,Recency-Weighted,0.5,
AG3ZMRYMZXH3TFCY34CKJMASE5BQ,Essence (K=10),0.0,
AG4NDHUS4ZLY6SPFYXXDYCXEYDQQ,Random,0.0,0.0
AG4NDHUS4ZLY6SPFYXXDYCXEYDQQ,Popularity,0.0,0.0
AG4NDHUS4ZLY6SPFYXXDYCXEYDQQ,CF (ItemKNN),0.1,0.3333333333333333
AG4NDHUS4ZLY6SPFYXXDYCXEYDQQ,Content (Avg Emb),0.1,0.0
AG4NDHUS4ZLY6SPFYXXDYCXEYDQQ,Last-Item,0.0,0.0
AG4NDHUS4ZLY6SPFYXXDYCXEYDQQ,Avg-Last-10,0.1,0.0
AG4NDHUS4ZLY6SPFYXXDYCXEYDQQ,Recency-Weighted,0.2,0.0
AG4NDHUS4ZLY6SPFYXXDYCXEYDQQ,Essence (K=10),0.0,0.0
AG4O6TQZIVG52W2DLOBILPRCTN2A,Random,0.0,0.0
AG4O6TQZIVG52W2DLOBILPRCTN2A,Popularity,0.0,0.0
AG4O6TQZIVG52W2DLOBILPRCTN2A,CF (ItemKNN),0.0,0.0
AG4O6TQZIVG52W2DLOBILPRCTN2A,Content (Avg Emb),0.0,0.0
AG4O6TQZIVG52W2DLOBILPRCTN2A,Last-Item,0.0,0.0
AG4O6TQZIVG52W2DLOBILPRCTN2A,Avg-Last-10,0.0,0.0
AG4O6TQZIVG52W2DLOBILPRCTN2A,Recency-Weighted,0.0,0.0
AG4O6TQZIVG52W2DLOBILPRCTN2A,Essence (K=10),0.0,0.0
AG4QCOYTNFWI5WSX6LOXAU4CZRIQ,Random,0.0,0.0
AG4QCOYTNFWI5WSX6LOXAU4CZRIQ,Popularity,0.0,0.0
AG4QCOYTNFWI5WSX6LOXAU4CZRIQ,CF (ItemKNN),0.0,0.0
AG4QCOYTNFWI5WSX6LOXAU4CZRIQ,Content (Avg Emb),0.0,0.0
AG4QCOYTNFWI5WSX6LOXAU4CZRIQ,Last-Item,0.0,0.0
AG4QCOYTNFWI5WSX6LOXAU4CZRIQ,Avg-Last-10,0.0,0.0
AG4QCOYTNFWI5WSX6LOXAU4CZRIQ,Recency-Weighted,0.0,0.0
AG4QCOYTNFWI5WSX6LOXAU4CZRIQ,Essence (K=10),0.0,0.0
AG4RMIJI4W6ITLNIDISUKCO5VPNQ,Random,0.0,0.0
AG4RMIJI4W6ITLNIDISUKCO5VPNQ,Popularity,0.0,0.0
AG4RMIJI4W6ITLNIDISUKCO5VPNQ,CF (ItemKNN),0.0,0.0
AG4RMIJI4W6ITLNIDISUKCO5VPNQ,Content (Avg Emb),0.0,0.0
AG4RMIJI4W6ITLNIDISUKCO5VPNQ,Last-Item,0.0,0.0
AG4RMIJI4W6ITLNIDISUKCO5VPNQ,Avg-Last-10,0.0,0.0
AG4RMIJI4W6ITLNIDISUKCO5VPNQ,Recency-Weighted,0.0,0.0
AG4RMIJI4W6ITLNIDISUKCO5VPNQ,Essence (K=10),0.0,0.0
AG4TQ6SGVTRG3SO6DVHFUEN3KGNQ,Random,0.0,
AG4TQ6SGVTRG3SO6DVHFUEN3KGNQ,Popularity,0.0,
AG4TQ6SGVTRG3SO6DVHFUEN3KGNQ,CF (ItemKNN),0.0,
AG4TQ6SGVTRG3SO6DVHFUEN3KGNQ,Content (Avg Emb),0.0,
AG4TQ6SGVTRG3SO6DVHFUEN3KGNQ,Last-Item,0.0,
AG4TQ6SGVTRG3SO6DVHFUEN3KGNQ,Avg-Last-10,0.0,
AG4TQ6SGVTRG3SO6DVHFUEN3KGNQ,Recency-Weighted,0.0,
AG4TQ6SGVTRG3SO6DVHFUEN3KGNQ,Essence (K=10),0.0,
AG4XD32BSKTQZLJ6ENAPGPG4YWPQ,Random,0.0,
AG4XD32BSKTQZLJ6ENAPGPG4YWPQ,Popularity,0.0,
AG4XD32BSKTQZLJ6ENAPGPG4YWPQ,CF (ItemKNN),0.0,
AG4XD32BSKTQZLJ6ENAPGPG4YWPQ,Content (Avg Emb),0.0,
AG4XD32BSKTQZLJ6ENAPGPG4YWPQ,Last-Item,0.0,
AG4XD32BSKTQZLJ6ENAPGPG4YWPQ,Avg-Last-10,0.0,
AG4XD32BSKTQZLJ6ENAPGPG4YWPQ,Recency-Weighted,0.0,
AG4XD32BSKTQZLJ6ENAPGPG4YWPQ,Essence (K=10),0.0,
AG4Z3BVEK6BL4CL266OLIT7YJFBA,Random,0.0,0.0
AG4Z3BVEK6BL4CL266OLIT7YJFBA,Popularity,0.0,0.0
AG4Z3BVEK6BL4CL266OLIT7YJFBA,CF (ItemKNN),0.0,0.0
AG4Z3BVEK6BL4CL266OLIT7YJFBA,Content (Avg Emb),0.0,0.0
AG4Z3BVEK6BL4CL266OLIT7YJFBA,Last-Item,0.2,0.0
AG4Z3BVEK6BL4CL266OLIT7YJFBA,Avg-Last-10,0.0,0.0
AG4Z3BVEK6BL4CL266OLIT7YJFBA,Recency-Weighted,0.0,0.0
AG4Z3BVEK6BL4CL266OLIT7YJFBA,Essence (K=10),0.0,0.0
AG4ZKBIITMJ37U5CLFCBJ6CX2N5Q,Random,0.0,0.0
AG4ZKBIITMJ37U5CLFCBJ6CX2N5Q,Popularity,0.0,0.0
AG4ZKBIITMJ37U5CLFCBJ6CX2N5Q,CF (ItemKNN),0.0,0.0
AG4ZKBIITMJ37U5CLFCBJ6CX2N5Q,Content (Avg Emb),0.0,0.0
AG4ZKBIITMJ37U5CLFCBJ6CX2N5Q,Last-Item,0.0,0.0
AG4ZKBIITMJ37U5CLFCBJ6CX2N5Q,Avg-Last-10,0.0,0.0
AG4ZKBIITMJ37U5CLFCBJ6CX2N5Q,Recency-Weighted,0.0,0.0
AG4ZKBIITMJ37U5CLFCBJ6CX2N5Q,Essence (K=10),0.0,0.0
AG52O4DRCGNZHVLSMA6JOBPWV4HA,Random,0.0,0.0
AG52O4DRCGNZHVLSMA6JOBPWV4HA,Popularity,0.0,0.0
AG52O4DRCGNZHVLSMA6JOBPWV4HA,CF (ItemKNN),0.0,0.0
AG52O4DRCGNZHVLSMA6JOBPWV4HA,Content (Avg Emb),0.5,0.5
AG52O4DRCGNZHVLSMA6JOBPWV4HA,Last-Item,0.0,0.0
AG52O4DRCGNZHVLSMA6JOBPWV4HA,Avg-Last-10,0.5,0.5
AG52O4DRCGNZHVLSMA6JOBPWV4HA,Recency-Weighted,0.5,0.5
AG52O4DRCGNZHVLSMA6JOBPWV4HA,Essence (K=10),0.0,0.0
AG563OTPPUBOMZCKT46JMCOIBPZQ,Random,0.0,0.0
AG563OTPPUBOMZCKT46JMCOIBPZQ,Popularity,0.0,0.0
AG563OTPPUBOMZCKT46JMCOIBPZQ,CF (ItemKNN),0.0,0.0
AG563OTPPUBOMZCKT46JMCOIBPZQ,Content (Avg Emb),0.0,0.0
AG563OTPPUBOMZCKT46JMCOIBPZQ,Last-Item,0.0,0.0
AG563OTPPUBOMZCKT46JMCOIBPZQ,Avg-Last-10,0.0,0.0
AG563OTPPUBOMZCKT46JMCOIBPZQ,Recency-Weighted,0.0,0.0
AG563OTPPUBOMZCKT46JMCOIBPZQ,Essence (K=10),0.0,0.0
AG56Y3RCGPYNY2J4DAUPFQ7IDYNA,Random,0.0,0.0
AG56Y3RCGPYNY2J4DAUPFQ7IDYNA,Popularity,0.0,0.0
AG56Y3RCGPYNY2J4DAUPFQ7IDYNA,CF (ItemKNN),0.0,0.0
AG56Y3RCGPYNY2J4DAUPFQ7IDYNA,Content (Avg Emb),0.0,0.0
AG56Y3RCGPYNY2J4DAUPFQ7IDYNA,Last-Item,0.0,0.0
AG56Y3RCGPYNY2J4DAUPFQ7IDYNA,Avg-Last-10,0.0,0.0
AG56Y3RCGPYNY2J4DAUPFQ7IDYNA,Recency-Weighted,0.0,0.0
AG56Y3RCGPYNY2J4DAUPFQ7IDYNA,Essence (K=10),0.0,0.0
AG57FBA3ZBZ6OGAOIDLG7PR4USPA,Random,0.0,0.0
AG57FBA3ZBZ6OGAOIDLG7PR4USPA,Popularity,0.0,0.0
AG57FBA3ZBZ6OGAOIDLG7PR4USPA,CF (ItemKNN),0.0,0.0
AG57FBA3ZBZ6OGAOIDLG7PR4USPA,Content (Avg Emb),0.0,0.0
AG57FBA3ZBZ6OGAOIDLG7PR4USPA,Last-Item,0.0,0.0
AG57FBA3ZBZ6OGAOIDLG7PR4USPA,Avg-Last-10,0.0,0.0
AG57FBA3ZBZ6OGAOIDLG7PR4USPA,Recency-Weighted,0.0,0.0
AG57FBA3ZBZ6OGAOIDLG7PR4USPA,Essence (K=10),0.0,0.0
AG5AHHO7D6NHKV3XYZ2LLVORYFXQ,Random,0.0,0.0
AG5AHHO7D6NHKV3XYZ2LLVORYFXQ,Popularity,0.0,0.0
AG5AHHO7D6NHKV3XYZ2LLVORYFXQ,CF (ItemKNN),0.0,0.0
AG5AHHO7D6NHKV3XYZ2LLVORYFXQ,Content (Avg Emb),0.0,0.0
AG5AHHO7D6NHKV3XYZ2LLVORYFXQ,Last-Item,0.0,0.0
AG5AHHO7D6NHKV3XYZ2LLVORYFXQ,Avg-Last-10,0.0,0.0
AG5AHHO7D6NHKV3XYZ2LLVORYFXQ,Recency-Weighted,0.0,0.0
AG5AHHO7D6NHKV3XYZ2LLVORYFXQ,Essence (K=10),0.0,0.0
AG5DSQQOIP2AIPFVNPPKVEVWF5VQ,Random,0.0,0.0
AG5DSQQOIP2AIPFVNPPKVEVWF5VQ,Popularity,0.0,0.0
AG5DSQQOIP2AIPFVNPPKVEVWF5VQ,CF (ItemKNN),0.0,0.0
AG5DSQQOIP2AIPFVNPPKVEVWF5VQ,Content (Avg Emb),0.0,0.0
AG5DSQQOIP2AIPFVNPPKVEVWF5VQ,Last-Item,0.0,0.0
AG5DSQQOIP2AIPFVNPPKVEVWF5VQ,Avg-Last-10,0.0,0.0
AG5DSQQOIP2AIPFVNPPKVEVWF5VQ,Recency-Weighted,0.0,0.0
AG5DSQQOIP2AIPFVNPPKVEVWF5VQ,Essence (K=10),0.0,0.0
AG5H4S5WETVNHLN5KETYUGQG3JHA,Random,0.0,
AG5H4S5WETVNHLN5KETYUGQG3JHA,Popularity,0.0,
AG5H4S5WETVNHLN5KETYUGQG3JHA,CF (ItemKNN),0.0,
AG5H4S5WETVNHLN5KETYUGQG3JHA,Content (Avg Emb),0.0,
AG5H4S5WETVNHLN5KETYUGQG3JHA,Last-Item,0.0,
AG5H4S5WETVNHLN5KETYUGQG3JHA,Avg-Last-10,0.0,
AG5H4S5WETVNHLN5KETYUGQG3JHA,Recency-Weighted,0.0,
AG5H4S5WETVNHLN5KETYUGQG3JHA,Essence (K=10),0.0,
AG5H7O7MBDC5YXFXCK6DAANQJEIQ,Random,0.0,
AG5H7O7MBDC5YXFXCK6DAANQJEIQ,Popularity,0.0,
AG5H7O7MBDC5YXFXCK6DAANQJEIQ,CF (ItemKNN),0.0,
AG5H7O7MBDC5YXFXCK6DAANQJEIQ,Content (Avg Emb),0.0,
AG5H7O7MBDC5YXFXCK6DAANQJEIQ,Last-Item,0.0,
AG5H7O7MBDC5YXFXCK6DAANQJEIQ,Avg-Last-10,0.0,
AG5H7O7MBDC5YXFXCK6DAANQJEIQ,Recency-Weighted,0.0,
AG5H7O7MBDC5YXFXCK6DAANQJEIQ,Essence (K=10),0.0,
AG5H7Z35SS4K3SG6JEVEWT4GMV4Q,Random,0.0,0.0
AG5H7Z35SS4K3SG6JEVEWT4GMV4Q,Popularity,0.0,0.0
AG5H7Z35SS4K3SG6JEVEWT4GMV4Q,CF (ItemKNN),0.25,0.5
AG5H7Z35SS4K3SG6JEVEWT4GMV4Q,Content (Avg Emb),0.0,0.0
AG5H7Z35SS4K3SG6JEVEWT4GMV4Q,Last-Item,0.0,0.0
AG5H7Z35SS4K3SG6JEVEWT4GMV4Q,Avg-Last-10,0.0,0.0
AG5H7Z35SS4K3SG6JEVEWT4GMV4Q,Recency-Weighted,0.0,0.0
AG5H7Z35SS4K3SG6JEVEWT4GMV4Q,Essence (K=10),0.0,0.0
AG5KFSW4GCCWZMAGBJ33OUATORWA,Random,0.0,
AG5KFSW4GCCWZMAGBJ33OUATORWA,Popularity,0.0,
AG5KFSW4GCCWZMAGBJ33OUATORWA,CF (ItemKNN),0.0,
AG5KFSW4GCCWZMAGBJ33OUATORWA,Content (Avg Emb),0.0,
AG5KFSW4GCCWZMAGBJ33OUATORWA,Last-Item,0.0,
AG5KFSW4GCCWZMAGBJ33OUATORWA,Avg-Last-10,0.0,
AG5KFSW4GCCWZMAGBJ33OUATORWA,Recency-Weighted,0.0,
AG5KFSW4GCCWZMAGBJ33OUATORWA,Essence (K=10),0.0,
AG5N2O24F7DZHPQRFOL4VLADOQOQ,Random,0.0,0.0
AG5N2O24F7DZHPQRFOL4VLADOQOQ,Popularity,0.0,0.0
AG5N2O24F7DZHPQRFOL4VLADOQOQ,CF (ItemKNN),0.0,0.0
AG5N2O24F7DZHPQRFOL4VLADOQOQ,Content (Avg Emb),0.0,0.0
AG5N2O24F7DZHPQRFOL4VLADOQOQ,Last-Item,0.0,0.0
AG5N2O24F7DZHPQRFOL4VLADOQOQ,Avg-Last-10,0.0,0.0
AG5N2O24F7DZHPQRFOL4VLADOQOQ,Recency-Weighted,0.0,0.0
AG5N2O24F7DZHPQRFOL4VLADOQOQ,Essence (K=10),0.0,0.0
AG5OU7OFVW4E4AYZLHBT5AAS5LJA,Random,0.0,0.0
AG5OU7OFVW4E4AYZLHBT5AAS5LJA,Popularity,0.0,0.0
AG5OU7OFVW4E4AYZLHBT5AAS5LJA,CF (ItemKNN),0.0,0.0
AG5OU7OFVW4E4AYZLHBT5AAS5LJA,Content (Avg Emb),0.0,0.0
AG5OU7OFVW4E4AYZLHBT5AAS5LJA,Last-Item,0.25,0.0
AG5OU7OFVW4E4AYZLHBT5AAS5LJA,Avg-Last-10,0.0,0.0
AG5OU7OFVW4E4AYZLHBT5AAS5LJA,Recency-Weighted,0.0,0.0
AG5OU7OFVW4E4AYZLHBT5AAS5LJA,Essence (K=10),0.5,0.0
AG5OW2TRUJGKN66243XXIL6CYJLQ,Random,0.0,0.0
AG5OW2TRUJGKN66243XXIL6CYJLQ,Popularity,0.0,0.0
AG5OW2TRUJGKN66243XXIL6CYJLQ,CF (ItemKNN),0.0,0.0
AG5OW2TRUJGKN66243XXIL6CYJLQ,Content (Avg Emb),0.06666666666666667,0.0
AG5OW2TRUJGKN66243XXIL6CYJLQ,Last-Item,0.0,0.0
AG5OW2TRUJGKN66243XXIL6CYJLQ,Avg-Last-10,0.0,0.0
AG5OW2TRUJGKN66243XXIL6CYJLQ,Recency-Weighted,0.0,0.0
AG5OW2TRUJGKN66243XXIL6CYJLQ,Essence (K=10),0.0,0.0
AG5QXHYY23M7HSSVXVMCDBE3JWJA,Random,0.0,0.0
AG5QXHYY23M7HSSVXVMCDBE3JWJA,Popularity,0.0,0.0
AG5QXHYY23M7HSSVXVMCDBE3JWJA,CF (ItemKNN),0.0,0.0
AG5QXHYY23M7HSSVXVMCDBE3JWJA,Content (Avg Emb),0.0,0.0
AG5QXHYY23M7HSSVXVMCDBE3JWJA,Last-Item,0.0,0.0
AG5QXHYY23M7HSSVXVMCDBE3JWJA,Avg-Last-10,0.0,0.0
AG5QXHYY23M7HSSVXVMCDBE3JWJA,Recency-Weighted,0.0,0.0
AG5QXHYY23M7HSSVXVMCDBE3JWJA,Essence (K=10),0.0,0.0
AG5RCDJHUBENZ53RK6XW5MLEO2FA,Random,0.0,0.0
AG5RCDJHUBENZ53RK6XW5MLEO2FA,Popularity,0.0,0.0
AG5RCDJHUBENZ53RK6XW5MLEO2FA,CF (ItemKNN),0.0,0.0
AG5RCDJHUBENZ53RK6XW5MLEO2FA,Content (Avg Emb),0.0,0.0
AG5RCDJHUBENZ53RK6XW5MLEO2FA,Last-Item,0.0,0.0
AG5RCDJHUBENZ53RK6XW5MLEO2FA,Avg-Last-10,0.0,0.0
AG5RCDJHUBENZ53RK6XW5MLEO2FA,Recency-Weighted,0.0,0.0
AG5RCDJHUBENZ53RK6XW5MLEO2FA,Essence (K=10),0.0,0.0
AG5RG2OWWK5E4BUDAWXQAG6NOQ4Q,Random,0.0,
AG5RG2OWWK5E4BUDAWXQAG6NOQ4Q,Popularity,0.0,
AG5RG2OWWK5E4BUDAWXQAG6NOQ4Q,CF (ItemKNN),0.0,
AG5RG2OWWK5E4BUDAWXQAG6NOQ4Q,Content (Avg Emb),0.0,
AG5RG2OWWK5E4BUDAWXQAG6NOQ4Q,Last-Item,0.0,
AG5RG2OWWK5E4BUDAWXQAG6NOQ4Q,Avg-Last-10,0.16666666666666666,
AG5RG2OWWK5E4BUDAWXQAG6NOQ4Q,Recency-Weighted,0.0,
AG5RG2OWWK5E4BUDAWXQAG6NOQ4Q,Essence (K=10),0.16666666666666666,
AG5RGQMQRWPLLIUE7QTDY6OFFRQA,Random,0.0,0.0
AG5RGQMQRWPLLIUE7QTDY6OFFRQA,Popularity,0.0,0.0
AG5RGQMQRWPLLIUE7QTDY6OFFRQA,CF (ItemKNN),0.05555555555555555,0.0
AG5RGQMQRWPLLIUE7QTDY6OFFRQA,Content (Avg Emb),0.0,0.0
AG5RGQMQRWPLLIUE7QTDY6OFFRQA,Last-Item,0.0,0.0
AG5RGQMQRWPLLIUE7QTDY6OFFRQA,Avg-Last-10,0.0,0.0
AG5RGQMQRWPLLIUE7QTDY6OFFRQA,Recency-Weighted,0.0,0.0
AG5RGQMQRWPLLIUE7QTDY6OFFRQA,Essence (K=10),0.0,0.0
AG5RIESMWCQ346JTG3PHSSY27HXA,Random,0.0,0.0
AG5RIESMWCQ346JTG3PHSSY27HXA,Popularity,0.0,0.0
AG5RIESMWCQ346JTG3PHSSY27HXA,CF (ItemKNN),0.0,0.0
AG5RIESMWCQ346JTG3PHSSY27HXA,Content (Avg Emb),0.0,0.0
AG5RIESMWCQ346JTG3PHSSY27HXA,Last-Item,0.0,0.0
AG5RIESMWCQ346JTG3PHSSY27HXA,Avg-Last-10,0.0,0.0
AG5RIESMWCQ346JTG3PHSSY27HXA,Recency-Weighted,0.0,0.0
AG5RIESMWCQ346JTG3PHSSY27HXA,Essence (K=10),0.0,0.0
AG5SFU56C4G4PXHFFBM6K7XOM4WQ,Random,0.0,0.0
AG5SFU56C4G4PXHFFBM6K7XOM4WQ,Popularity,0.0,0.0
AG5SFU56C4G4PXHFFBM6K7XOM4WQ,CF (ItemKNN),0.0,0.0
AG5SFU56C4G4PXHFFBM6K7XOM4WQ,Content (Avg Emb),0.0,0.0
AG5SFU56C4G4PXHFFBM6K7XOM4WQ,Last-Item,0.0,0.0
AG5SFU56C4G4PXHFFBM6K7XOM4WQ,Avg-Last-10,0.0,0.0
AG5SFU56C4G4PXHFFBM6K7XOM4WQ,Recency-Weighted,0.0,0.0
AG5SFU56C4G4PXHFFBM6K7XOM4WQ,Essence (K=10),0.0,0.0
AG5T5PBNNOO5Y52FAY5BA76UGT4A,Random,0.0,0.0
AG5T5PBNNOO5Y52FAY5BA76UGT4A,Popularity,0.0,0.0
AG5T5PBNNOO5Y52FAY5BA76UGT4A,CF (ItemKNN),0.0,0.0
AG5T5PBNNOO5Y52FAY5BA76UGT4A,Content (Avg Emb),0.0,0.0
AG5T5PBNNOO5Y52FAY5BA76UGT4A,Last-Item,0.0,0.0
AG5T5PBNNOO5Y52FAY5BA76UGT4A,Avg-Last-10,0.14285714285714285,0.0
AG5T5PBNNOO5Y52FAY5BA76UGT4A,Recency-Weighted,0.0,0.0
AG5T5PBNNOO5Y52FAY5BA76UGT4A,Essence (K=10),0.0,0.0
AG5TMM7W54TXLANONXSVJQ273KQQ,Random,0.0,
AG5TMM7W54TXLANONXSVJQ273KQQ,Popularity,0.0,
AG5TMM7W54TXLANONXSVJQ273KQQ,CF (ItemKNN),0.0,
AG5TMM7W54TXLANONXSVJQ273KQQ,Content (Avg Emb),0.0,
AG5TMM7W54TXLANONXSVJQ273KQQ,Last-Item,0.0,
AG5TMM7W54TXLANONXSVJQ273KQQ,Avg-Last-10,0.0,
AG5TMM7W54TXLANONXSVJQ273KQQ,Recency-Weighted,0.0,
AG5TMM7W54TXLANONXSVJQ273KQQ,Essence (K=10),0.0,
AG5VHSX7HEMWUY3EPIX7B737Y2PQ,Random,0.0,0.0
AG5VHSX7HEMWUY3EPIX7B737Y2PQ,Popularity,0.0,0.0
AG5VHSX7HEMWUY3EPIX7B737Y2PQ,CF (ItemKNN),0.0,0.0
AG5VHSX7HEMWUY3EPIX7B737Y2PQ,Content (Avg Emb),0.0,0.0
AG5VHSX7HEMWUY3EPIX7B737Y2PQ,Last-Item,0.0,0.0
AG5VHSX7HEMWUY3EPIX7B737Y2PQ,Avg-Last-10,0.0,0.0
AG5VHSX7HEMWUY3EPIX7B737Y2PQ,Recency-Weighted,0.0,0.0
AG5VHSX7HEMWUY3EPIX7B737Y2PQ,Essence (K=10),0.0,0.0
AG5XU6DDNQQPAFVKBR4K6QE67Y6Q,Random,0.0,0.0
AG5XU6DDNQQPAFVKBR4K6QE67Y6Q,Popularity,0.0,0.0
AG5XU6DDNQQPAFVKBR4K6QE67Y6Q,CF (ItemKNN),0.0,0.0
AG5XU6DDNQQPAFVKBR4K6QE67Y6Q,Content (Avg Emb),0.0,0.0
AG5XU6DDNQQPAFVKBR4K6QE67Y6Q,Last-Item,0.0,0.0
AG5XU6DDNQQPAFVKBR4K6QE67Y6Q,Avg-Last-10,0.0,0.0
AG5XU6DDNQQPAFVKBR4K6QE67Y6Q,Recency-Weighted,0.0,0.0
AG5XU6DDNQQPAFVKBR4K6QE67Y6Q,Essence (K=10),0.0,0.0
AG5XZD7WOKXVKOAUEMIEE42WXMUQ,Random,0.0,0.0
AG5XZD7WOKXVKOAUEMIEE42WXMUQ,Popularity,0.0,0.0
AG5XZD7WOKXVKOAUEMIEE42WXMUQ,CF (ItemKNN),0.0,0.0
AG5XZD7WOKXVKOAUEMIEE42WXMUQ,Content (Avg Emb),0.0,0.0
AG5XZD7WOKXVKOAUEMIEE42WXMUQ,Last-Item,0.0,0.0
AG5XZD7WOKXVKOAUEMIEE42WXMUQ,Avg-Last-10,0.0,0.0
AG5XZD7WOKXVKOAUEMIEE42WXMUQ,Recency-Weighted,0.0,0.0
AG5XZD7WOKXVKOAUEMIEE42WXMUQ,Essence (K=10),0.0,0.0
AG5ZDQ3UHLNXF4MLD46WE6H3DP3A,Random,0.0,0.0
AG5ZDQ3UHLNXF4MLD46WE6H3DP3A,Popularity,0.0,0.0
AG5ZDQ3UHLNXF4MLD46WE6H3DP3A,CF (ItemKNN),0.0,0.0
AG5ZDQ3UHLNXF4MLD46WE6H3DP3A,Content (Avg Emb),0.0,0.0
AG5ZDQ3UHLNXF4MLD46WE6H3DP3A,Last-Item,0.0,0.0
AG5ZDQ3UHLNXF4MLD46WE6H3DP3A,Avg-Last-10,0.0,0.0
AG5ZDQ3UHLNXF4MLD46WE6H3DP3A,Recency-Weighted,0.0,0.0
AG5ZDQ3UHLNXF4MLD46WE6H3DP3A,Essence (K=10),0.0,0.0
AG62NPJK6MY3KXWII52YZPSF7D6Q,Random,0.0,0.0
AG62NPJK6MY3KXWII52YZPSF7D6Q,Popularity,0.0,0.0
AG62NPJK6MY3KXWII52YZPSF7D6Q,CF (ItemKNN),0.0,0.0
AG62NPJK6MY3KXWII52YZPSF7D6Q,Content (Avg Emb),0.0,0.0
AG62NPJK6MY3KXWII52YZPSF7D6Q,Last-Item,0.0,0.0
AG62NPJK6MY3KXWII52YZPSF7D6Q,Avg-Last-10,0.0,0.0
AG62NPJK6MY3KXWII52YZPSF7D6Q,Recency-Weighted,0.0,0.0
AG62NPJK6MY3KXWII52YZPSF7D6Q,Essence (K=10),0.0,0.0
AG64C4PZ6BG3SFSFZOWCOLSC35YA,Random,0.0,
AG64C4PZ6BG3SFSFZOWCOLSC35YA,Popularity,0.0,
AG64C4PZ6BG3SFSFZOWCOLSC35YA,CF (ItemKNN),0.0,
AG64C4PZ6BG3SFSFZOWCOLSC35YA,Content (Avg Emb),0.0,
AG64C4PZ6BG3SFSFZOWCOLSC35YA,Last-Item,0.0,
AG64C4PZ6BG3SFSFZOWCOLSC35YA,Avg-Last-10,0.0,
AG64C4PZ6BG3SFSFZOWCOLSC35YA,Recency-Weighted,0.0,
AG64C4PZ6BG3SFSFZOWCOLSC35YA,Essence (K=10),0.16666666666666666,
AG655LZJUDKIGW5PR6NY4ZSOZUCA,Random,0.0,
AG655LZJUDKIGW5PR6NY4ZSOZUCA,Popularity,0.0,
AG655LZJUDKIGW5PR6NY4ZSOZUCA,CF (ItemKNN),0.0,
AG655LZJUDKIGW5PR6NY4ZSOZUCA,Content (Avg Emb),0.0,
AG655LZJUDKIGW5PR6NY4ZSOZUCA,Last-Item,0.0,
AG655LZJUDKIGW5PR6NY4ZSOZUCA,Avg-Last-10,0.2,
AG655LZJUDKIGW5PR6NY4ZSOZUCA,Recency-Weighted,0.2,
AG655LZJUDKIGW5PR6NY4ZSOZUCA,Essence (K=10),0.0,
AG6BTDDZAGGCFMZQY3XII7F6SEUQ,Random,0.0,0.0
AG6BTDDZAGGCFMZQY3XII7F6SEUQ,Popularity,0.0,0.0
AG6BTDDZAGGCFMZQY3XII7F6SEUQ,CF (ItemKNN),0.0,0.0
AG6BTDDZAGGCFMZQY3XII7F6SEUQ,Content (Avg Emb),0.4,0.6666666666666666
AG6BTDDZAGGCFMZQY3XII7F6SEUQ,Last-Item,0.4,0.3333333333333333
AG6BTDDZAGGCFMZQY3XII7F6SEUQ,Avg-Last-10,0.4,0.6666666666666666
AG6BTDDZAGGCFMZQY3XII7F6SEUQ,Recency-Weighted,0.4,0.6666666666666666
AG6BTDDZAGGCFMZQY3XII7F6SEUQ,Essence (K=10),0.4,0.6666666666666666
AG6CMLZCGZLTQAM6CWH34PHESLVA,Random,0.0,0.0
AG6CMLZCGZLTQAM6CWH34PHESLVA,Popularity,0.0,0.0
AG6CMLZCGZLTQAM6CWH34PHESLVA,CF (ItemKNN),0.0,0.0
AG6CMLZCGZLTQAM6CWH34PHESLVA,Content (Avg Emb),0.0,0.0
AG6CMLZCGZLTQAM6CWH34PHESLVA,Last-Item,0.0,0.0
AG6CMLZCGZLTQAM6CWH34PHESLVA,Avg-Last-10,0.0,0.0
AG6CMLZCGZLTQAM6CWH34PHESLVA,Recency-Weighted,0.0,0.0
AG6CMLZCGZLTQAM6CWH34PHESLVA,Essence (K=10),0.0,0.0
AG6JRQHCOL3B4ICVPCPZC6YQBLCQ,Random,0.0,
AG6JRQHCOL3B4ICVPCPZC6YQBLCQ,Popularity,0.0,
AG6JRQHCOL3B4ICVPCPZC6YQBLCQ,CF (ItemKNN),0.0,
AG6JRQHCOL3B4ICVPCPZC6YQBLCQ,Content (Avg Emb),0.0,
AG6JRQHCOL3B4ICVPCPZC6YQBLCQ,Last-Item,0.0,
AG6JRQHCOL3B4ICVPCPZC6YQBLCQ,Avg-Last-10,0.0,
AG6JRQHCOL3B4ICVPCPZC6YQBLCQ,Recency-Weighted,0.0,
AG6JRQHCOL3B4ICVPCPZC6YQBLCQ,Essence (K=10),0.0,
AG6KGQOSRWY55INEPMNXANPOOCHQ,Random,0.0,0.0
AG6KGQOSRWY55INEPMNXANPOOCHQ,Popularity,0.0,0.0
AG6KGQOSRWY55INEPMNXANPOOCHQ,CF (ItemKNN),0.0,0.0
AG6KGQOSRWY55INEPMNXANPOOCHQ,Content (Avg Emb),0.0,0.0
AG6KGQOSRWY55INEPMNXANPOOCHQ,Last-Item,0.0,0.0
AG6KGQOSRWY55INEPMNXANPOOCHQ,Avg-Last-10,0.0,0.0
AG6KGQOSRWY55INEPMNXANPOOCHQ,Recency-Weighted,0.0,0.0
AG6KGQOSRWY55INEPMNXANPOOCHQ,Essence (K=10),0.0,0.0
AG6LRKQ63PMNPTTBQIVLB4JZFK3Q,Random,0.0,0.0
AG6LRKQ63PMNPTTBQIVLB4JZFK3Q,Popularity,0.0,0.0
AG6LRKQ63PMNPTTBQIVLB4JZFK3Q,CF (ItemKNN),0.0,0.0
AG6LRKQ63PMNPTTBQIVLB4JZFK3Q,Content (Avg Emb),0.0,0.0
AG6LRKQ63PMNPTTBQIVLB4JZFK3Q,Last-Item,0.0,0.0
AG6LRKQ63PMNPTTBQIVLB4JZFK3Q,Avg-Last-10,0.0,0.0
AG6LRKQ63PMNPTTBQIVLB4JZFK3Q,Recency-Weighted,0.0,0.0
AG6LRKQ63PMNPTTBQIVLB4JZFK3Q,Essence (K=10),0.0,0.0
AG6MU7Y7B6JTAD7SD7KSYVPTRW5Q,Random,0.0,0.0
AG6MU7Y7B6JTAD7SD7KSYVPTRW5Q,Popularity,0.0,0.0
AG6MU7Y7B6JTAD7SD7KSYVPTRW5Q,CF (ItemKNN),0.0,0.0
AG6MU7Y7B6JTAD7SD7KSYVPTRW5Q,Content (Avg Emb),0.0,0.0
AG6MU7Y7B6JTAD7SD7KSYVPTRW5Q,Last-Item,0.0,0.0
AG6MU7Y7B6JTAD7SD7KSYVPTRW5Q,Avg-Last-10,0.0,0.0
AG6MU7Y7B6JTAD7SD7KSYVPTRW5Q,Recency-Weighted,0.0,0.0
AG6MU7Y7B6JTAD7SD7KSYVPTRW5Q,Essence (K=10),0.1111111111111111,0.0
AG6RDEDGG25P4S2YNY6RLRXGPINQ,Random,0.0,0.0
AG6RDEDGG25P4S2YNY6RLRXGPINQ,Popularity,0.0,0.0
AG6RDEDGG25P4S2YNY6RLRXGPINQ,CF (ItemKNN),0.0,0.0
AG6RDEDGG25P4S2YNY6RLRXGPINQ,Content (Avg Emb),0.0,0.0
AG6RDEDGG25P4S2YNY6RLRXGPINQ,Last-Item,0.0,0.0
AG6RDEDGG25P4S2YNY6RLRXGPINQ,Avg-Last-10,0.0,0.0
AG6RDEDGG25P4S2YNY6RLRXGPINQ,Recency-Weighted,0.0,0.0
AG6RDEDGG25P4S2YNY6RLRXGPINQ,Essence (K=10),0.0,0.0
AG6U3QA6T6XDT7JTLTK3PMYM5IUQ,Random,0.0,0.0
AG6U3QA6T6XDT7JTLTK3PMYM5IUQ,Popularity,0.0,0.0
AG6U3QA6T6XDT7JTLTK3PMYM5IUQ,CF (ItemKNN),0.0,0.0
AG6U3QA6T6XDT7JTLTK3PMYM5IUQ,Content (Avg Emb),0.14285714285714285,0.0
AG6U3QA6T6XDT7JTLTK3PMYM5IUQ,Last-Item,0.07142857142857142,0.0
AG6U3QA6T6XDT7JTLTK3PMYM5IUQ,Avg-Last-10,0.21428571428571427,0.0
AG6U3QA6T6XDT7JTLTK3PMYM5IUQ,Recency-Weighted,0.21428571428571427,0.0
AG6U3QA6T6XDT7JTLTK3PMYM5IUQ,Essence (K=10),0.21428571428571427,0.0
AG6V6HFVJBTOOEHTK6HZV4X7SH6A,Random,0.0,
AG6V6HFVJBTOOEHTK6HZV4X7SH6A,Popularity,0.0,
AG6V6HFVJBTOOEHTK6HZV4X7SH6A,CF (ItemKNN),0.0,
AG6V6HFVJBTOOEHTK6HZV4X7SH6A,Content (Avg Emb),0.0,
AG6V6HFVJBTOOEHTK6HZV4X7SH6A,Last-Item,0.0,
AG6V6HFVJBTOOEHTK6HZV4X7SH6A,Avg-Last-10,0.0,
AG6V6HFVJBTOOEHTK6HZV4X7SH6A,Recency-Weighted,0.0,
AG6V6HFVJBTOOEHTK6HZV4X7SH6A,Essence (K=10),0.0,
AG6VM2IBFQZOOGYYLRTTOA633NEQ,Random,0.0,0.0
AG6VM2IBFQZOOGYYLRTTOA633NEQ,Popularity,0.0,0.0
AG6VM2IBFQZOOGYYLRTTOA633NEQ,CF (ItemKNN),0.0,0.0
AG6VM2IBFQZOOGYYLRTTOA633NEQ,Content (Avg Emb),0.0,0.0
AG6VM2IBFQZOOGYYLRTTOA633NEQ,Last-Item,0.0,0.0
AG6VM2IBFQZOOGYYLRTTOA633NEQ,Avg-Last-10,0.0,0.0
AG6VM2IBFQZOOGYYLRTTOA633NEQ,Recency-Weighted,0.0,0.0
AG6VM2IBFQZOOGYYLRTTOA633NEQ,Essence (K=10),0.0,0.0
AG6XKAFY42VLYWE2QZXILYVVQBDA,Random,0.0,
AG6XKAFY42VLYWE2QZXILYVVQBDA,Popularity,0.0,
AG6XKAFY42VLYWE2QZXILYVVQBDA,CF (ItemKNN),0.0,
AG6XKAFY42VLYWE2QZXILYVVQBDA,Content (Avg Emb),0.0,
AG6XKAFY42VLYWE2QZXILYVVQBDA,Last-Item,0.25,
AG6XKAFY42VLYWE2QZXILYVVQBDA,Avg-Last-10,0.0,
AG6XKAFY42VLYWE2QZXILYVVQBDA,Recency-Weighted,0.25,
AG6XKAFY42VLYWE2QZXILYVVQBDA,Essence (K=10),0.25,
AG6YKFGJMDHKH6HPGDSP2I3L7J4Q,Random,0.0,0.0
AG6YKFGJMDHKH6HPGDSP2I3L7J4Q,Popularity,0.0,0.0
AG6YKFGJMDHKH6HPGDSP2I3L7J4Q,CF (ItemKNN),0.0,0.0
AG6YKFGJMDHKH6HPGDSP2I3L7J4Q,Content (Avg Emb),0.2,0.0
AG6YKFGJMDHKH6HPGDSP2I3L7J4Q,Last-Item,0.0,0.0
AG6YKFGJMDHKH6HPGDSP2I3L7J4Q,Avg-Last-10,0.2,0.0
AG6YKFGJMDHKH6HPGDSP2I3L7J4Q,Recency-Weighted,0.2,0.0
AG6YKFGJMDHKH6HPGDSP2I3L7J4Q,Essence (K=10),0.2,0.0
AG722Y6MZKFH4ISZZ72TCH4PJJ6A,Random,0.0,0.0
AG722Y6MZKFH4ISZZ72TCH4PJJ6A,Popularity,0.0,0.0
AG722Y6MZKFH4ISZZ72TCH4PJJ6A,CF (ItemKNN),0.1111111111111111,0.5
AG722Y6MZKFH4ISZZ72TCH4PJJ6A,Content (Avg Emb),0.0,0.0
AG722Y6MZKFH4ISZZ72TCH4PJJ6A,Last-Item,0.0,0.0
AG722Y6MZKFH4ISZZ72TCH4PJJ6A,Avg-Last-10,0.0,0.0
AG722Y6MZKFH4ISZZ72TCH4PJJ6A,Recency-Weighted,0.0,0.0
AG722Y6MZKFH4ISZZ72TCH4PJJ6A,Essence (K=10),0.0,0.0
AG77AYK5I6RBIDOSBRIBG4JW272Q,Random,0.0,0.0
AG77AYK5I6RBIDOSBRIBG4JW272Q,Popularity,0.0,0.0
AG77AYK5I6RBIDOSBRIBG4JW272Q,CF (ItemKNN),0.0,0.0
AG77AYK5I6RBIDOSBRIBG4JW272Q,Content (Avg Emb),0.0,0.0
AG77AYK5I6RBIDOSBRIBG4JW272Q,Last-Item,0.0,0.0
AG77AYK5I6RBIDOSBRIBG4JW272Q,Avg-Last-10,0.0,0.0
AG77AYK5I6RBIDOSBRIBG4JW272Q,Recency-Weighted,0.0,0.0
AG77AYK5I6RBIDOSBRIBG4JW272Q,Essence (K=10),0.0,0.0
AG7C4QHYPVOQLMUFIW3IGBYEH7MQ,Random,0.0,
AG7C4QHYPVOQLMUFIW3IGBYEH7MQ,Popularity,0.0,
AG7C4QHYPVOQLMUFIW3IGBYEH7MQ,CF (ItemKNN),0.0,
AG7C4QHYPVOQLMUFIW3IGBYEH7MQ,Content (Avg Emb),0.0,
AG7C4QHYPVOQLMUFIW3IGBYEH7MQ,Last-Item,0.14285714285714285,
AG7C4QHYPVOQLMUFIW3IGBYEH7MQ,Avg-Last-10,0.0,
AG7C4QHYPVOQLMUFIW3IGBYEH7MQ,Recency-Weighted,0.0,
AG7C4QHYPVOQLMUFIW3IGBYEH7MQ,Essence (K=10),0.0,
AG7C65GLU2P3WU6IZQ2TKGWBKU5A,Random,0.0,
AG7C65GLU2P3WU6IZQ2TKGWBKU5A,Popularity,0.0,
AG7C65GLU2P3WU6IZQ2TKGWBKU5A,CF (ItemKNN),0.0,
AG7C65GLU2P3WU6IZQ2TKGWBKU5A,Content (Avg Emb),0.8333333333333334,
AG7C65GLU2P3WU6IZQ2TKGWBKU5A,Last-Item,0.5,
AG7C65GLU2P3WU6IZQ2TKGWBKU5A,Avg-Last-10,0.8333333333333334,
AG7C65GLU2P3WU6IZQ2TKGWBKU5A,Recency-Weighted,0.8333333333333334,
AG7C65GLU2P3WU6IZQ2TKGWBKU5A,Essence (K=10),0.3333333333333333,
AG7CLKKILR54LWFOHJBJ2WHC6KIA,Random,0.0,
AG7CLKKILR54LWFOHJBJ2WHC6KIA,Popularity,0.0,
AG7CLKKILR54LWFOHJBJ2WHC6KIA,CF (ItemKNN),0.0,
AG7CLKKILR54LWFOHJBJ2WHC6KIA,Content (Avg Emb),0.0,
AG7CLKKILR54LWFOHJBJ2WHC6KIA,Last-Item,0.0,
AG7CLKKILR54LWFOHJBJ2WHC6KIA,Avg-Last-10,0.0,
AG7CLKKILR54LWFOHJBJ2WHC6KIA,Recency-Weighted,0.0,
AG7CLKKILR54LWFOHJBJ2WHC6KIA,Essence (K=10),0.0,
AG7CP6ZX6XKH372YMZDSUUVGIDGQ,Random,0.0,0.0
AG7CP6ZX6XKH372YMZDSUUVGIDGQ,Popularity,0.0,0.0
AG7CP6ZX6XKH372YMZDSUUVGIDGQ,CF (ItemKNN),0.0,0.0
AG7CP6ZX6XKH372YMZDSUUVGIDGQ,Content (Avg Emb),0.0,0.0
AG7CP6ZX6XKH372YMZDSUUVGIDGQ,Last-Item,0.0,0.0
AG7CP6ZX6XKH372YMZDSUUVGIDGQ,Avg-Last-10,0.0,0.0
AG7CP6ZX6XKH372YMZDSUUVGIDGQ,Recency-Weighted,0.0,0.0
AG7CP6ZX6XKH372YMZDSUUVGIDGQ,Essence (K=10),0.0,0.0
AG7CYHP62GKAGU2SOZBZ74QEI2AQ,Random,0.0,
AG7CYHP62GKAGU2SOZBZ74QEI2AQ,Popularity,0.0,
AG7CYHP62GKAGU2SOZBZ74QEI2AQ,CF (ItemKNN),0.0,
AG7CYHP62GKAGU2SOZBZ74QEI2AQ,Content (Avg Emb),0.0,
AG7CYHP62GKAGU2SOZBZ74QEI2AQ,Last-Item,0.16666666666666666,
AG7CYHP62GKAGU2SOZBZ74QEI2AQ,Avg-Last-10,0.0,
AG7CYHP62GKAGU2SOZBZ74QEI2AQ,Recency-Weighted,0.0,
AG7CYHP62GKAGU2SOZBZ74QEI2AQ,Essence (K=10),0.0,
AG7M2BW2CSCYK7FNKBXJYQ2C3HHA,Random,0.0,0.0
AG7M2BW2CSCYK7FNKBXJYQ2C3HHA,Popularity,0.0,0.0
AG7M2BW2CSCYK7FNKBXJYQ2C3HHA,CF (ItemKNN),0.0,0.0
AG7M2BW2CSCYK7FNKBXJYQ2C3HHA,Content (Avg Emb),0.0,0.0
AG7M2BW2CSCYK7FNKBXJYQ2C3HHA,Last-Item,0.0,0.0
AG7M2BW2CSCYK7FNKBXJYQ2C3HHA,Avg-Last-10,0.0,0.0
AG7M2BW2CSCYK7FNKBXJYQ2C3HHA,Recency-Weighted,0.0,0.0
AG7M2BW2CSCYK7FNKBXJYQ2C3HHA,Essence (K=10),0.0,0.0
AG7OS7TLWF3O3QN5ISETJJMYVYQQ,Random,0.0,
AG7OS7TLWF3O3QN5ISETJJMYVYQQ,Popularity,0.0,
AG7OS7TLWF3O3QN5ISETJJMYVYQQ,CF (ItemKNN),0.0,
AG7OS7TLWF3O3QN5ISETJJMYVYQQ,Content (Avg Emb),0.0,
AG7OS7TLWF3O3QN5ISETJJMYVYQQ,Last-Item,0.0,
AG7OS7TLWF3O3QN5ISETJJMYVYQQ,Avg-Last-10,0.0,
AG7OS7TLWF3O3QN5ISETJJMYVYQQ,Recency-Weighted,0.0,
AG7OS7TLWF3O3QN5ISETJJMYVYQQ,Essence (K=10),0.0,
AG7PZ2PX5RJBIQYTFNIRY5QOWSOA,Random,0.0,0.0
AG7PZ2PX5RJBIQYTFNIRY5QOWSOA,Popularity,0.0,0.0
AG7PZ2PX5RJBIQYTFNIRY5QOWSOA,CF (ItemKNN),0.0,0.0
AG7PZ2PX5RJBIQYTFNIRY5QOWSOA,Content (Avg Emb),0.0,0.0
AG7PZ2PX5RJBIQYTFNIRY5QOWSOA,Last-Item,0.0,0.0
AG7PZ2PX5RJBIQYTFNIRY5QOWSOA,Avg-Last-10,0.0,0.0
AG7PZ2PX5RJBIQYTFNIRY5QOWSOA,Recency-Weighted,0.0,0.0
AG7PZ2PX5RJBIQYTFNIRY5QOWSOA,Essence (K=10),0.0,0.0
AG7Q32CKNFW4USLLGZERGNVAGGWQ,Random,0.0,
AG7Q32CKNFW4USLLGZERGNVAGGWQ,Popularity,0.0,
AG7Q32CKNFW4USLLGZERGNVAGGWQ,CF (ItemKNN),0.0,
AG7Q32CKNFW4USLLGZERGNVAGGWQ,Content (Avg Emb),0.0,
AG7Q32CKNFW4USLLGZERGNVAGGWQ,Last-Item,0.0,
AG7Q32CKNFW4USLLGZERGNVAGGWQ,Avg-Last-10,0.0,
AG7Q32CKNFW4USLLGZERGNVAGGWQ,Recency-Weighted,0.0,
AG7Q32CKNFW4USLLGZERGNVAGGWQ,Essence (K=10),0.0,
AG7SQWF56H7E3H43SOR3I4IBTAMQ,Random,0.0,
AG7SQWF56H7E3H43SOR3I4IBTAMQ,Popularity,0.0,
AG7SQWF56H7E3H43SOR3I4IBTAMQ,CF (ItemKNN),0.0,
AG7SQWF56H7E3H43SOR3I4IBTAMQ,Content (Avg Emb),0.0,
AG7SQWF56H7E3H43SOR3I4IBTAMQ,Last-Item,0.0,
AG7SQWF56H7E3H43SOR3I4IBTAMQ,Avg-Last-10,0.5,
AG7SQWF56H7E3H43SOR3I4IBTAMQ,Recency-Weighted,0.5,
AG7SQWF56H7E3H43SOR3I4IBTAMQ,Essence (K=10),0.6666666666666666,
AG7TT4I4DC5UVJBR2KC5YRDL73DQ,Random,0.0,0.0
AG7TT4I4DC5UVJBR2KC5YRDL73DQ,Popularity,0.0,0.0
AG7TT4I4DC5UVJBR2KC5YRDL73DQ,CF (ItemKNN),0.0,0.0
AG7TT4I4DC5UVJBR2KC5YRDL73DQ,Content (Avg Emb),0.0,0.0
AG7TT4I4DC5UVJBR2KC5YRDL73DQ,Last-Item,0.0,0.0
AG7TT4I4DC5UVJBR2KC5YRDL73DQ,Avg-Last-10,0.0,0.0
AG7TT4I4DC5UVJBR2KC5YRDL73DQ,Recency-Weighted,0.0,0.0
AG7TT4I4DC5UVJBR2KC5YRDL73DQ,Essence (K=10),0.0,0.0
AG7UARZKJO6PN75CBEY42EBVQOFA,Random,0.0,0.0
AG7UARZKJO6PN75CBEY42EBVQOFA,Popularity,0.0,0.0
AG7UARZKJO6PN75CBEY42EBVQOFA,CF (ItemKNN),0.0,0.0
AG7UARZKJO6PN75CBEY42EBVQOFA,Content (Avg Emb),0.0,0.0
AG7UARZKJO6PN75CBEY42EBVQOFA,Last-Item,0.0,0.0
AG7UARZKJO6PN75CBEY42EBVQOFA,Avg-Last-10,0.0,0.0
AG7UARZKJO6PN75CBEY42EBVQOFA,Recency-Weighted,0.0,0.0
AG7UARZKJO6PN75CBEY42EBVQOFA,Essence (K=10),0.0,0.0
AG7Y2PBK2E2WOEM667UYWU7AQVJA,Random,0.0,0.0
AG7Y2PBK2E2WOEM667UYWU7AQVJA,Popularity,0.0,0.0
AG7Y2PBK2E2WOEM667UYWU7AQVJA,CF (ItemKNN),0.0,0.0
AG7Y2PBK2E2WOEM667UYWU7AQVJA,Content (Avg Emb),0.0,0.0
AG7Y2PBK2E2WOEM667UYWU7AQVJA,Last-Item,0.0,0.0
AG7Y2PBK2E2WOEM667UYWU7AQVJA,Avg-Last-10,0.0,0.0
AG7Y2PBK2E2WOEM667UYWU7AQVJA,Recency-Weighted,0.0,0.0
AG7Y2PBK2E2WOEM667UYWU7AQVJA,Essence (K=10),0.0,0.0
AG7YYHQ6OAWVKREZKL4CA6DZIRCQ,Random,0.0,
AG7YYHQ6OAWVKREZKL4CA6DZIRCQ,Popularity,0.0,
AG7YYHQ6OAWVKREZKL4CA6DZIRCQ,CF (ItemKNN),0.0,
AG7YYHQ6OAWVKREZKL4CA6DZIRCQ,Content (Avg Emb),0.0,
AG7YYHQ6OAWVKREZKL4CA6DZIRCQ,Last-Item,0.0,
AG7YYHQ6OAWVKREZKL4CA6DZIRCQ,Avg-Last-10,0.0,
AG7YYHQ6OAWVKREZKL4CA6DZIRCQ,Recency-Weighted,0.0,
AG7YYHQ6OAWVKREZKL4CA6DZIRCQ,Essence (K=10),0.0,
AGA3PR2O5G6JIYDS73OLQ4SMRD2Q,Random,0.0,
AGA3PR2O5G6JIYDS73OLQ4SMRD2Q,Popularity,0.0,
AGA3PR2O5G6JIYDS73OLQ4SMRD2Q,CF (ItemKNN),0.0,
AGA3PR2O5G6JIYDS73OLQ4SMRD2Q,Content (Avg Emb),0.4,
AGA3PR2O5G6JIYDS73OLQ4SMRD2Q,Last-Item,0.0,
AGA3PR2O5G6JIYDS73OLQ4SMRD2Q,Avg-Last-10,0.2,
AGA3PR2O5G6JIYDS73OLQ4SMRD2Q,Recency-Weighted,0.2,
AGA3PR2O5G6JIYDS73OLQ4SMRD2Q,Essence (K=10),0.4,
AGA6YBEBMV2CRF3XAUPXBMIOO23Q,Random,0.0,0.0
AGA6YBEBMV2CRF3XAUPXBMIOO23Q,Popularity,0.0,0.0
AGA6YBEBMV2CRF3XAUPXBMIOO23Q,CF (ItemKNN),0.0,0.0
AGA6YBEBMV2CRF3XAUPXBMIOO23Q,Content (Avg Emb),0.0,0.0
AGA6YBEBMV2CRF3XAUPXBMIOO23Q,Last-Item,0.0,0.0
AGA6YBEBMV2CRF3XAUPXBMIOO23Q,Avg-Last-10,0.0,0.0
AGA6YBEBMV2CRF3XAUPXBMIOO23Q,Recency-Weighted,0.0,0.0
AGA6YBEBMV2CRF3XAUPXBMIOO23Q,Essence (K=10),0.0,0.0
AGAERO5EYMCGKXZJXXDZRHOOVC5Q,Random,0.0,0.0
AGAERO5EYMCGKXZJXXDZRHOOVC5Q,Popularity,0.0,0.0
AGAERO5EYMCGKXZJXXDZRHOOVC5Q,CF (ItemKNN),0.0,0.0
AGAERO5EYMCGKXZJXXDZRHOOVC5Q,Content (Avg Emb),0.0,0.0
AGAERO5EYMCGKXZJXXDZRHOOVC5Q,Last-Item,0.5,1.0
AGAERO5EYMCGKXZJXXDZRHOOVC5Q,Avg-Last-10,0.0,0.0
AGAERO5EYMCGKXZJXXDZRHOOVC5Q,Recency-Weighted,0.25,1.0
AGAERO5EYMCGKXZJXXDZRHOOVC5Q,Essence (K=10),0.0,0.0
AGANZ2IPC6SXZGFERYNNMKYR664Q,Random,0.0,0.0
AGANZ2IPC6SXZGFERYNNMKYR664Q,Popularity,0.0,0.0
AGANZ2IPC6SXZGFERYNNMKYR664Q,CF (ItemKNN),0.0,0.0
AGANZ2IPC6SXZGFERYNNMKYR664Q,Content (Avg Emb),0.0,0.0
AGANZ2IPC6SXZGFERYNNMKYR664Q,Last-Item,0.0,0.0
AGANZ2IPC6SXZGFERYNNMKYR664Q,Avg-Last-10,0.0,0.0
AGANZ2IPC6SXZGFERYNNMKYR664Q,Recency-Weighted,0.0,0.0
AGANZ2IPC6SXZGFERYNNMKYR664Q,Essence (K=10),0.0,0.0
AGAPAZ5JPSOJX6CBESKW6ZUD7E3A,Random,0.0,
AGAPAZ5JPSOJX6CBESKW6ZUD7E3A,Popularity,0.0,
AGAPAZ5JPSOJX6CBESKW6ZUD7E3A,CF (ItemKNN),0.0,
AGAPAZ5JPSOJX6CBESKW6ZUD7E3A,Content (Avg Emb),0.0,
AGAPAZ5JPSOJX6CBESKW6ZUD7E3A,Last-Item,0.0,
AGAPAZ5JPSOJX6CBESKW6ZUD7E3A,Avg-Last-10,0.0,
AGAPAZ5JPSOJX6CBESKW6ZUD7E3A,Recency-Weighted,0.0,
AGAPAZ5JPSOJX6CBESKW6ZUD7E3A,Essence (K=10),0.0,
AGAPQ3VCDTP5DCRWTXE6ANARAZ7A,Random,0.0,0.0
AGAPQ3VCDTP5DCRWTXE6ANARAZ7A,Popularity,0.0,0.0
AGAPQ3VCDTP5DCRWTXE6ANARAZ7A,CF (ItemKNN),0.0,0.0
AGAPQ3VCDTP5DCRWTXE6ANARAZ7A,Content (Avg Emb),0.0,0.0
AGAPQ3VCDTP5DCRWTXE6ANARAZ7A,Last-Item,0.0,0.0
AGAPQ3VCDTP5DCRWTXE6ANARAZ7A,Avg-Last-10,0.0,0.0
AGAPQ3VCDTP5DCRWTXE6ANARAZ7A,Recency-Weighted,0.0,0.0
AGAPQ3VCDTP5DCRWTXE6ANARAZ7A,Essence (K=10),0.0,0.0
AGAVXNOZ3ABWDA3TVMNDGG7XVITQ,Random,0.0,
AGAVXNOZ3ABWDA3TVMNDGG7XVITQ,Popularity,0.0,
AGAVXNOZ3ABWDA3TVMNDGG7XVITQ,CF (ItemKNN),0.0,
AGAVXNOZ3ABWDA3TVMNDGG7XVITQ,Content (Avg Emb),0.5,
AGAVXNOZ3ABWDA3TVMNDGG7XVITQ,Last-Item,0.0,
AGAVXNOZ3ABWDA3TVMNDGG7XVITQ,Avg-Last-10,0.5,
AGAVXNOZ3ABWDA3TVMNDGG7XVITQ,Recency-Weighted,0.5,
AGAVXNOZ3ABWDA3TVMNDGG7XVITQ,Essence (K=10),0.5,
AGAVZ2Q3YLH4TZGLRHJDYAJ24FLA,Random,0.0,
AGAVZ2Q3YLH4TZGLRHJDYAJ24FLA,Popularity,0.0,
AGAVZ2Q3YLH4TZGLRHJDYAJ24FLA,CF (ItemKNN),0.0,
AGAVZ2Q3YLH4TZGLRHJDYAJ24FLA,Content (Avg Emb),0.0,
AGAVZ2Q3YLH4TZGLRHJDYAJ24FLA,Last-Item,0.0,
AGAVZ2Q3YLH4TZGLRHJDYAJ24FLA,Avg-Last-10,0.0,
AGAVZ2Q3YLH4TZGLRHJDYAJ24FLA,Recency-Weighted,0.0,
AGAVZ2Q3YLH4TZGLRHJDYAJ24FLA,Essence (K=10),0.0,
AGAWWEKZSELG5NB5XIUQ4QHGKUCA,Random,0.0,0.0
AGAWWEKZSELG5NB5XIUQ4QHGKUCA,Popularity,0.0,0.0
AGAWWEKZSELG5NB5XIUQ4QHGKUCA,CF (ItemKNN),0.0,0.0
AGAWWEKZSELG5NB5XIUQ4QHGKUCA,Content (Avg Emb),0.0,0.0
AGAWWEKZSELG5NB5XIUQ4QHGKUCA,Last-Item,0.0,0.0
AGAWWEKZSELG5NB5XIUQ4QHGKUCA,Avg-Last-10,0.0,0.0
AGAWWEKZSELG5NB5XIUQ4QHGKUCA,Recency-Weighted,0.0,0.0
AGAWWEKZSELG5NB5XIUQ4QHGKUCA,Essence (K=10),0.0,0.0
AGAXGTR4F5DL5IIFDYEVOMCCI4RQ,Random,0.0,0.0
AGAXGTR4F5DL5IIFDYEVOMCCI4RQ,Popularity,0.0,0.0
AGAXGTR4F5DL5IIFDYEVOMCCI4RQ,CF (ItemKNN),0.0,0.0
AGAXGTR4F5DL5IIFDYEVOMCCI4RQ,Content (Avg Emb),0.0,0.0
AGAXGTR4F5DL5IIFDYEVOMCCI4RQ,Last-Item,0.0,0.0
AGAXGTR4F5DL5IIFDYEVOMCCI4RQ,Avg-Last-10,0.0,0.0
AGAXGTR4F5DL5IIFDYEVOMCCI4RQ,Recency-Weighted,0.0,0.0
AGAXGTR4F5DL5IIFDYEVOMCCI4RQ,Essence (K=10),0.0,0.0
AGB3LVN3S4X2PELYQXXL3J2BJ6KQ,Random,0.0,0.0
AGB3LVN3S4X2PELYQXXL3J2BJ6KQ,Popularity,0.0,0.0
AGB3LVN3S4X2PELYQXXL3J2BJ6KQ,CF (ItemKNN),0.0,0.0
AGB3LVN3S4X2PELYQXXL3J2BJ6KQ,Content (Avg Emb),0.0,0.0
AGB3LVN3S4X2PELYQXXL3J2BJ6KQ,Last-Item,0.0,0.0
AGB3LVN3S4X2PELYQXXL3J2BJ6KQ,Avg-Last-10,0.0,0.0
AGB3LVN3S4X2PELYQXXL3J2BJ6KQ,Recency-Weighted,0.0,0.0
AGB3LVN3S4X2PELYQXXL3J2BJ6KQ,Essence (K=10),0.0,0.0
AGB3P46GGUHFKCJ7BL4JAUCCLGTQ,Random,0.0,0.0
AGB3P46GGUHFKCJ7BL4JAUCCLGTQ,Popularity,0.0,0.0
AGB3P46GGUHFKCJ7BL4JAUCCLGTQ,CF (ItemKNN),0.0,0.0
AGB3P46GGUHFKCJ7BL4JAUCCLGTQ,Content (Avg Emb),0.0,0.0
AGB3P46GGUHFKCJ7BL4JAUCCLGTQ,Last-Item,0.0,0.0
AGB3P46GGUHFKCJ7BL4JAUCCLGTQ,Avg-Last-10,0.0,0.0
AGB3P46GGUHFKCJ7BL4JAUCCLGTQ,Recency-Weighted,0.0,0.0
AGB3P46GGUHFKCJ7BL4JAUCCLGTQ,Essence (K=10),0.0,0.0
AGB4EFG25YPRIPCVX6PHLQBXS5KA,Random,0.0,
AGB4EFG25YPRIPCVX6PHLQBXS5KA,Popularity,0.0,
AGB4EFG25YPRIPCVX6PHLQBXS5KA,CF (ItemKNN),0.0,
AGB4EFG25YPRIPCVX6PHLQBXS5KA,Content (Avg Emb),0.0,
AGB4EFG25YPRIPCVX6PHLQBXS5KA,Last-Item,0.2,
AGB4EFG25YPRIPCVX6PHLQBXS5KA,Avg-Last-10,0.2,
AGB4EFG25YPRIPCVX6PHLQBXS5KA,Recency-Weighted,0.2,
AGB4EFG25YPRIPCVX6PHLQBXS5KA,Essence (K=10),0.2,
AGB52I6MD3PHH3MPGV5BC3DQKJYQ,Random,0.0,0.0
AGB52I6MD3PHH3MPGV5BC3DQKJYQ,Popularity,0.0,0.0
AGB52I6MD3PHH3MPGV5BC3DQKJYQ,CF (ItemKNN),0.0,0.0
AGB52I6MD3PHH3MPGV5BC3DQKJYQ,Content (Avg Emb),0.0,0.0
AGB52I6MD3PHH3MPGV5BC3DQKJYQ,Last-Item,0.0,0.0
AGB52I6MD3PHH3MPGV5BC3DQKJYQ,Avg-Last-10,0.0,0.0
AGB52I6MD3PHH3MPGV5BC3DQKJYQ,Recency-Weighted,0.0,0.0
AGB52I6MD3PHH3MPGV5BC3DQKJYQ,Essence (K=10),0.0,0.0
AGBAPMNCIB2Q65LIIUTAJKJY3E4A,Random,0.0,0.0
AGBAPMNCIB2Q65LIIUTAJKJY3E4A,Popularity,0.0,0.0
AGBAPMNCIB2Q65LIIUTAJKJY3E4A,CF (ItemKNN),0.0,0.0
AGBAPMNCIB2Q65LIIUTAJKJY3E4A,Content (Avg Emb),0.0,0.0
AGBAPMNCIB2Q65LIIUTAJKJY3E4A,Last-Item,0.0,0.0
AGBAPMNCIB2Q65LIIUTAJKJY3E4A,Avg-Last-10,0.0,0.0
AGBAPMNCIB2Q65LIIUTAJKJY3E4A,Recency-Weighted,0.0,0.0
AGBAPMNCIB2Q65LIIUTAJKJY3E4A,Essence (K=10),0.0,0.0
AGBB52EZT5QGUPHZPGGSMGVSN7UA,Random,0.0,0.0
AGBB52EZT5QGUPHZPGGSMGVSN7UA,Popularity,0.0,0.0
AGBB52EZT5QGUPHZPGGSMGVSN7UA,CF (ItemKNN),0.0,0.0
AGBB52EZT5QGUPHZPGGSMGVSN7UA,Content (Avg Emb),0.0,0.0
AGBB52EZT5QGUPHZPGGSMGVSN7UA,Last-Item,0.0,0.0
AGBB52EZT5QGUPHZPGGSMGVSN7UA,Avg-Last-10,0.0,0.0
AGBB52EZT5QGUPHZPGGSMGVSN7UA,Recency-Weighted,0.0,0.0
AGBB52EZT5QGUPHZPGGSMGVSN7UA,Essence (K=10),0.0,0.0
AGBC4TJNRRWHKIBW2KZIVEPTORCA,Random,0.0,0.0
AGBC4TJNRRWHKIBW2KZIVEPTORCA,Popularity,0.0,0.0
AGBC4TJNRRWHKIBW2KZIVEPTORCA,CF (ItemKNN),0.1111111111111111,0.2
AGBC4TJNRRWHKIBW2KZIVEPTORCA,Content (Avg Emb),0.0,0.0
AGBC4TJNRRWHKIBW2KZIVEPTORCA,Last-Item,0.0,0.0
AGBC4TJNRRWHKIBW2KZIVEPTORCA,Avg-Last-10,0.0,0.0
AGBC4TJNRRWHKIBW2KZIVEPTORCA,Recency-Weighted,0.0,0.0
AGBC4TJNRRWHKIBW2KZIVEPTORCA,Essence (K=10),0.0,0.0
AGBHM47ALHLCLILFM6ZVQGVSIC5Q,Random,0.0,
AGBHM47ALHLCLILFM6ZVQGVSIC5Q,Popularity,0.0,
AGBHM47ALHLCLILFM6ZVQGVSIC5Q,CF (ItemKNN),0.0,
AGBHM47ALHLCLILFM6ZVQGVSIC5Q,Content (Avg Emb),0.0,
AGBHM47ALHLCLILFM6ZVQGVSIC5Q,Last-Item,0.0,
AGBHM47ALHLCLILFM6ZVQGVSIC5Q,Avg-Last-10,0.0,
AGBHM47ALHLCLILFM6ZVQGVSIC5Q,Recency-Weighted,0.0,
AGBHM47ALHLCLILFM6ZVQGVSIC5Q,Essence (K=10),0.0,
AGBIHQP4RR2MINA47YC7EJGFOF2Q,Random,0.0,
AGBIHQP4RR2MINA47YC7EJGFOF2Q,Popularity,0.0,
AGBIHQP4RR2MINA47YC7EJGFOF2Q,CF (ItemKNN),0.0,
AGBIHQP4RR2MINA47YC7EJGFOF2Q,Content (Avg Emb),0.0,
AGBIHQP4RR2MINA47YC7EJGFOF2Q,Last-Item,0.125,
AGBIHQP4RR2MINA47YC7EJGFOF2Q,Avg-Last-10,0.0,
AGBIHQP4RR2MINA47YC7EJGFOF2Q,Recency-Weighted,0.0,
AGBIHQP4RR2MINA47YC7EJGFOF2Q,Essence (K=10),0.0,
AGBIP7TJWZYYCSCBNLFJMOPGOUGA,Random,0.0,
AGBIP7TJWZYYCSCBNLFJMOPGOUGA,Popularity,0.0,
AGBIP7TJWZYYCSCBNLFJMOPGOUGA,CF (ItemKNN),0.0,
AGBIP7TJWZYYCSCBNLFJMOPGOUGA,Content (Avg Emb),0.0,
AGBIP7TJWZYYCSCBNLFJMOPGOUGA,Last-Item,0.0,
AGBIP7TJWZYYCSCBNLFJMOPGOUGA,Avg-Last-10,0.0,
AGBIP7TJWZYYCSCBNLFJMOPGOUGA,Recency-Weighted,0.0,
AGBIP7TJWZYYCSCBNLFJMOPGOUGA,Essence (K=10),0.0,
AGBJLNF7CZM2QZOHJJTL66ZDK63Q,Random,0.0,0.0
AGBJLNF7CZM2QZOHJJTL66ZDK63Q,Popularity,0.0,0.0
AGBJLNF7CZM2QZOHJJTL66ZDK63Q,CF (ItemKNN),0.0,0.0
AGBJLNF7CZM2QZOHJJTL66ZDK63Q,Content (Avg Emb),0.0,0.0
AGBJLNF7CZM2QZOHJJTL66ZDK63Q,Last-Item,0.0,0.0
AGBJLNF7CZM2QZOHJJTL66ZDK63Q,Avg-Last-10,0.0,0.0
AGBJLNF7CZM2QZOHJJTL66ZDK63Q,Recency-Weighted,0.0,0.0
AGBJLNF7CZM2QZOHJJTL66ZDK63Q,Essence (K=10),0.0,0.0
AGBKXYIHXEK3X4NAGOI6Z5XK4V5A,Random,0.0,0.0
AGBKXYIHXEK3X4NAGOI6Z5XK4V5A,Popularity,0.0,0.0
AGBKXYIHXEK3X4NAGOI6Z5XK4V5A,CF (ItemKNN),0.0,0.0
AGBKXYIHXEK3X4NAGOI6Z5XK4V5A,Content (Avg Emb),0.0,0.0
AGBKXYIHXEK3X4NAGOI6Z5XK4V5A,Last-Item,0.0,0.0
AGBKXYIHXEK3X4NAGOI6Z5XK4V5A,Avg-Last-10,0.0,0.0
AGBKXYIHXEK3X4NAGOI6Z5XK4V5A,Recency-Weighted,0.0,0.0
AGBKXYIHXEK3X4NAGOI6Z5XK4V5A,Essence (K=10),0.0,0.0
AGBM7GY35LWMGJYODXRL47KETOWA,Random,0.0,0.0
AGBM7GY35LWMGJYODXRL47KETOWA,Popularity,0.0,0.0
AGBM7GY35LWMGJYODXRL47KETOWA,CF (ItemKNN),0.0,0.0
AGBM7GY35LWMGJYODXRL47KETOWA,Content (Avg Emb),0.0,0.0
AGBM7GY35LWMGJYODXRL47KETOWA,Last-Item,0.0,0.0
AGBM7GY35LWMGJYODXRL47KETOWA,Avg-Last-10,0.0,0.0
AGBM7GY35LWMGJYODXRL47KETOWA,Recency-Weighted,0.0,0.0
AGBM7GY35LWMGJYODXRL47KETOWA,Essence (K=10),0.0,0.0
AGBTSSBVGLZSMNVMUL4NZ6QLZWFA,Random,0.0,
AGBTSSBVGLZSMNVMUL4NZ6QLZWFA,Popularity,0.0,
AGBTSSBVGLZSMNVMUL4NZ6QLZWFA,CF (ItemKNN),0.0,
AGBTSSBVGLZSMNVMUL4NZ6QLZWFA,Content (Avg Emb),0.0,
AGBTSSBVGLZSMNVMUL4NZ6QLZWFA,Last-Item,0.0,
AGBTSSBVGLZSMNVMUL4NZ6QLZWFA,Avg-Last-10,0.0,
AGBTSSBVGLZSMNVMUL4NZ6QLZWFA,Recency-Weighted,0.0,
AGBTSSBVGLZSMNVMUL4NZ6QLZWFA,Essence (K=10),0.0,
AGBV7SHXMW6OJLJ5OYMR5DMN2OXA,Random,0.0,
AGBV7SHXMW6OJLJ5OYMR5DMN2OXA,Popularity,0.0,
AGBV7SHXMW6OJLJ5OYMR5DMN2OXA,CF (ItemKNN),0.0,
AGBV7SHXMW6OJLJ5OYMR5DMN2OXA,Content (Avg Emb),0.0,
AGBV7SHXMW6OJLJ5OYMR5DMN2OXA,Last-Item,0.1111111111111111,
AGBV7SHXMW6OJLJ5OYMR5DMN2OXA,Avg-Last-10,0.0,
AGBV7SHXMW6OJLJ5OYMR5DMN2OXA,Recency-Weighted,0.0,
AGBV7SHXMW6OJLJ5OYMR5DMN2OXA,Essence (K=10),0.0,
AGBWLI3TUANVTL4IGTIK5VHXFVEA,Random,0.0,
AGBWLI3TUANVTL4IGTIK5VHXFVEA,Popularity,0.0,
AGBWLI3TUANVTL4IGTIK5VHXFVEA,CF (ItemKNN),0.0,
AGBWLI3TUANVTL4IGTIK5VHXFVEA,Content (Avg Emb),0.0,
AGBWLI3TUANVTL4IGTIK5VHXFVEA,Last-Item,0.0,
AGBWLI3TUANVTL4IGTIK5VHXFVEA,Avg-Last-10,0.0,
AGBWLI3TUANVTL4IGTIK5VHXFVEA,Recency-Weighted,0.0,
AGBWLI3TUANVTL4IGTIK5VHXFVEA,Essence (K=10),0.0,
AGBXMLNAPPMNCPV2OLJC5NIHIMRA,Random,0.0,
AGBXMLNAPPMNCPV2OLJC5NIHIMRA,Popularity,0.0,
AGBXMLNAPPMNCPV2OLJC5NIHIMRA,CF (ItemKNN),0.0,
AGBXMLNAPPMNCPV2OLJC5NIHIMRA,Content (Avg Emb),0.0,
AGBXMLNAPPMNCPV2OLJC5NIHIMRA,Last-Item,0.0,
AGBXMLNAPPMNCPV2OLJC5NIHIMRA,Avg-Last-10,0.0,
AGBXMLNAPPMNCPV2OLJC5NIHIMRA,Recency-Weighted,0.0,
AGBXMLNAPPMNCPV2OLJC5NIHIMRA,Essence (K=10),0.0,
AGBZNRHIETTNY7NI4CZL5EC2SRCA,Random,0.0,
AGBZNRHIETTNY7NI4CZL5EC2SRCA,Popularity,0.0,
AGBZNRHIETTNY7NI4CZL5EC2SRCA,CF (ItemKNN),0.0,
AGBZNRHIETTNY7NI4CZL5EC2SRCA,Content (Avg Emb),0.0,
AGBZNRHIETTNY7NI4CZL5EC2SRCA,Last-Item,0.0,
AGBZNRHIETTNY7NI4CZL5EC2SRCA,Avg-Last-10,0.0,
AGBZNRHIETTNY7NI4CZL5EC2SRCA,Recency-Weighted,0.0,
AGBZNRHIETTNY7NI4CZL5EC2SRCA,Essence (K=10),0.0,
AGBZPXL5Z2H24ZAUGSPTMR5NBHJQ,Random,0.0,0.0
AGBZPXL5Z2H24ZAUGSPTMR5NBHJQ,Popularity,0.0,0.0
AGBZPXL5Z2H24ZAUGSPTMR5NBHJQ,CF (ItemKNN),0.0,0.0
AGBZPXL5Z2H24ZAUGSPTMR5NBHJQ,Content (Avg Emb),0.0,0.0
AGBZPXL5Z2H24ZAUGSPTMR5NBHJQ,Last-Item,0.07692307692307693,0.0
AGBZPXL5Z2H24ZAUGSPTMR5NBHJQ,Avg-Last-10,0.0,0.0
AGBZPXL5Z2H24ZAUGSPTMR5NBHJQ,Recency-Weighted,0.0,0.0
AGBZPXL5Z2H24ZAUGSPTMR5NBHJQ,Essence (K=10),0.0,0.0
AGC2EPLMH7AQXERVJ2EEGS6QYM7Q,Random,0.0,0.0
AGC2EPLMH7AQXERVJ2EEGS6QYM7Q,Popularity,0.0,0.0
AGC2EPLMH7AQXERVJ2EEGS6QYM7Q,CF (ItemKNN),0.0,0.0
AGC2EPLMH7AQXERVJ2EEGS6QYM7Q,Content (Avg Emb),0.0,0.0
AGC2EPLMH7AQXERVJ2EEGS6QYM7Q,Last-Item,0.0,0.0
AGC2EPLMH7AQXERVJ2EEGS6QYM7Q,Avg-Last-10,0.0,0.0
AGC2EPLMH7AQXERVJ2EEGS6QYM7Q,Recency-Weighted,0.0,0.0
AGC2EPLMH7AQXERVJ2EEGS6QYM7Q,Essence (K=10),0.0,0.0
AGC2LMRKBSLM422JYC7RTDP7H7RQ,Random,0.0,
AGC2LMRKBSLM422JYC7RTDP7H7RQ,Popularity,0.0,
AGC2LMRKBSLM422JYC7RTDP7H7RQ,CF (ItemKNN),0.0,
AGC2LMRKBSLM422JYC7RTDP7H7RQ,Content (Avg Emb),0.0,
AGC2LMRKBSLM422JYC7RTDP7H7RQ,Last-Item,0.0,
AGC2LMRKBSLM422JYC7RTDP7H7RQ,Avg-Last-10,0.0,
AGC2LMRKBSLM422JYC7RTDP7H7RQ,Recency-Weighted,0.0,
AGC2LMRKBSLM422JYC7RTDP7H7RQ,Essence (K=10),0.0,
AGC2YXE2GEI3IZBTYLAT6TI5K5BA,Random,0.0,
AGC2YXE2GEI3IZBTYLAT6TI5K5BA,Popularity,0.0,
AGC2YXE2GEI3IZBTYLAT6TI5K5BA,CF (ItemKNN),0.0,
AGC2YXE2GEI3IZBTYLAT6TI5K5BA,Content (Avg Emb),0.8333333333333334,
AGC2YXE2GEI3IZBTYLAT6TI5K5BA,Last-Item,0.8333333333333334,
AGC2YXE2GEI3IZBTYLAT6TI5K5BA,Avg-Last-10,1.0,
AGC2YXE2GEI3IZBTYLAT6TI5K5BA,Recency-Weighted,1.0,
AGC2YXE2GEI3IZBTYLAT6TI5K5BA,Essence (K=10),0.8333333333333334,
AGC6RMTHKW7AZ3VJC2NR3SEJMDMA,Random,0.0,
AGC6RMTHKW7AZ3VJC2NR3SEJMDMA,Popularity,0.0,
AGC6RMTHKW7AZ3VJC2NR3SEJMDMA,CF (ItemKNN),0.0,
AGC6RMTHKW7AZ3VJC2NR3SEJMDMA,Content (Avg Emb),0.0,
AGC6RMTHKW7AZ3VJC2NR3SEJMDMA,Last-Item,0.0,
AGC6RMTHKW7AZ3VJC2NR3SEJMDMA,Avg-Last-10,0.0,
AGC6RMTHKW7AZ3VJC2NR3SEJMDMA,Recency-Weighted,0.0,
AGC6RMTHKW7AZ3VJC2NR3SEJMDMA,Essence (K=10),0.0,
AGCB4FVSAPATGSQFAGBD7Q4UUIEQ,Random,0.0,0.0
AGCB4FVSAPATGSQFAGBD7Q4UUIEQ,Popularity,0.0,0.0
AGCB4FVSAPATGSQFAGBD7Q4UUIEQ,CF (ItemKNN),0.0,0.0
AGCB4FVSAPATGSQFAGBD7Q4UUIEQ,Content (Avg Emb),0.0,0.0
AGCB4FVSAPATGSQFAGBD7Q4UUIEQ,Last-Item,0.0,0.0
AGCB4FVSAPATGSQFAGBD7Q4UUIEQ,Avg-Last-10,0.0,0.0
AGCB4FVSAPATGSQFAGBD7Q4UUIEQ,Recency-Weighted,0.0,0.0
AGCB4FVSAPATGSQFAGBD7Q4UUIEQ,Essence (K=10),0.0,0.0
AGCCSUNZGFDWUUVMRL6QYB53X6DA,Random,0.0,
AGCCSUNZGFDWUUVMRL6QYB53X6DA,Popularity,0.0,
AGCCSUNZGFDWUUVMRL6QYB53X6DA,CF (ItemKNN),0.25,
AGCCSUNZGFDWUUVMRL6QYB53X6DA,Content (Avg Emb),0.0,
AGCCSUNZGFDWUUVMRL6QYB53X6DA,Last-Item,0.0,
AGCCSUNZGFDWUUVMRL6QYB53X6DA,Avg-Last-10,0.0,
AGCCSUNZGFDWUUVMRL6QYB53X6DA,Recency-Weighted,0.0,
AGCCSUNZGFDWUUVMRL6QYB53X6DA,Essence (K=10),0.0,
AGCDH73DCTY3DF77W2EWHXPFN7OQ,Random,0.0,
AGCDH73DCTY3DF77W2EWHXPFN7OQ,Popularity,0.0,
AGCDH73DCTY3DF77W2EWHXPFN7OQ,CF (ItemKNN),0.0,
AGCDH73DCTY3DF77W2EWHXPFN7OQ,Content (Avg Emb),0.0,
AGCDH73DCTY3DF77W2EWHXPFN7OQ,Last-Item,0.2222222222222222,
AGCDH73DCTY3DF77W2EWHXPFN7OQ,Avg-Last-10,0.2222222222222222,
AGCDH73DCTY3DF77W2EWHXPFN7OQ,Recency-Weighted,0.2222222222222222,
AGCDH73DCTY3DF77W2EWHXPFN7OQ,Essence (K=10),0.2222222222222222,
AGCHCF6USPPTJCWCNEMI4P3KLUBA,Random,0.0,0.0
AGCHCF6USPPTJCWCNEMI4P3KLUBA,Popularity,0.0,0.0
AGCHCF6USPPTJCWCNEMI4P3KLUBA,CF (ItemKNN),0.0,0.0
AGCHCF6USPPTJCWCNEMI4P3KLUBA,Content (Avg Emb),0.0,0.0
AGCHCF6USPPTJCWCNEMI4P3KLUBA,Last-Item,0.0,0.0
AGCHCF6USPPTJCWCNEMI4P3KLUBA,Avg-Last-10,0.0,0.0
AGCHCF6USPPTJCWCNEMI4P3KLUBA,Recency-Weighted,0.0,0.0
AGCHCF6USPPTJCWCNEMI4P3KLUBA,Essence (K=10),0.0,0.0
AGCIQQ4XHHUU63DY24GNKKQQJJSA,Random,0.0,0.0
AGCIQQ4XHHUU63DY24GNKKQQJJSA,Popularity,0.0,0.0
AGCIQQ4XHHUU63DY24GNKKQQJJSA,CF (ItemKNN),0.0,0.0
AGCIQQ4XHHUU63DY24GNKKQQJJSA,Content (Avg Emb),0.0,0.0
AGCIQQ4XHHUU63DY24GNKKQQJJSA,Last-Item,0.0,0.0
AGCIQQ4XHHUU63DY24GNKKQQJJSA,Avg-Last-10,0.0,0.0
AGCIQQ4XHHUU63DY24GNKKQQJJSA,Recency-Weighted,0.0,0.0
AGCIQQ4XHHUU63DY24GNKKQQJJSA,Essence (K=10),0.0,0.0
AGCKIZ5YKQXY6J6JYCA73XC5TGXA,Random,0.0,
AGCKIZ5YKQXY6J6JYCA73XC5TGXA,Popularity,0.0,
AGCKIZ5YKQXY6J6JYCA73XC5TGXA,CF (ItemKNN),0.0,
AGCKIZ5YKQXY6J6JYCA73XC5TGXA,Content (Avg Emb),0.0,
AGCKIZ5YKQXY6J6JYCA73XC5TGXA,Last-Item,0.0,
AGCKIZ5YKQXY6J6JYCA73XC5TGXA,Avg-Last-10,0.0,
AGCKIZ5YKQXY6J6JYCA73XC5TGXA,Recency-Weighted,0.0,
AGCKIZ5YKQXY6J6JYCA73XC5TGXA,Essence (K=10),0.0,
AGCLBVK6HNT3OEWAV2VBFPNQ2WTA,Random,0.0,0.0
AGCLBVK6HNT3OEWAV2VBFPNQ2WTA,Popularity,0.0,0.0
AGCLBVK6HNT3OEWAV2VBFPNQ2WTA,CF (ItemKNN),0.0,0.0
AGCLBVK6HNT3OEWAV2VBFPNQ2WTA,Content (Avg Emb),0.0,0.0
AGCLBVK6HNT3OEWAV2VBFPNQ2WTA,Last-Item,0.0,0.0
AGCLBVK6HNT3OEWAV2VBFPNQ2WTA,Avg-Last-10,0.0,0.0
AGCLBVK6HNT3OEWAV2VBFPNQ2WTA,Recency-Weighted,0.0,0.0
AGCLBVK6HNT3OEWAV2VBFPNQ2WTA,Essence (K=10),0.0,0.0
AGCLOCNCS4ZDWJ2TSRFAZNGWKCGA,Random,0.0,
AGCLOCNCS4ZDWJ2TSRFAZNGWKCGA,Popularity,0.0,
AGCLOCNCS4ZDWJ2TSRFAZNGWKCGA,CF (ItemKNN),0.0,
AGCLOCNCS4ZDWJ2TSRFAZNGWKCGA,Content (Avg Emb),0.0,
AGCLOCNCS4ZDWJ2TSRFAZNGWKCGA,Last-Item,0.0,
AGCLOCNCS4ZDWJ2TSRFAZNGWKCGA,Avg-Last-10,0.0,
AGCLOCNCS4ZDWJ2TSRFAZNGWKCGA,Recency-Weighted,0.0,
AGCLOCNCS4ZDWJ2TSRFAZNGWKCGA,Essence (K=10),0.0,
AGCMAO72KCGSFYJY4B3ENADBTVEQ,Random,0.0,0.0
AGCMAO72KCGSFYJY4B3ENADBTVEQ,Popularity,0.0,0.0
AGCMAO72KCGSFYJY4B3ENADBTVEQ,CF (ItemKNN),0.0,0.0
AGCMAO72KCGSFYJY4B3ENADBTVEQ,Content (Avg Emb),0.0,0.0
AGCMAO72KCGSFYJY4B3ENADBTVEQ,Last-Item,0.0,0.0
AGCMAO72KCGSFYJY4B3ENADBTVEQ,Avg-Last-10,0.0,0.0
AGCMAO72KCGSFYJY4B3ENADBTVEQ,Recency-Weighted,0.0,0.0
AGCMAO72KCGSFYJY4B3ENADBTVEQ,Essence (K=10),0.0,0.0
AGCPP6SXJGHVAGWHOPUBCCQAN5DA,Random,0.0,
AGCPP6SXJGHVAGWHOPUBCCQAN5DA,Popularity,0.0,
AGCPP6SXJGHVAGWHOPUBCCQAN5DA,CF (ItemKNN),0.0,
AGCPP6SXJGHVAGWHOPUBCCQAN5DA,Content (Avg Emb),0.0,
AGCPP6SXJGHVAGWHOPUBCCQAN5DA,Last-Item,0.0,
AGCPP6SXJGHVAGWHOPUBCCQAN5DA,Avg-Last-10,0.0,
AGCPP6SXJGHVAGWHOPUBCCQAN5DA,Recency-Weighted,0.0,
AGCPP6SXJGHVAGWHOPUBCCQAN5DA,Essence (K=10),0.0,
AGCRLP5RCMOFU73SK5TTE5KU7YPQ,Random,0.0,0.0
AGCRLP5RCMOFU73SK5TTE5KU7YPQ,Popularity,0.0,0.0
AGCRLP5RCMOFU73SK5TTE5KU7YPQ,CF (ItemKNN),0.0,0.0
AGCRLP5RCMOFU73SK5TTE5KU7YPQ,Content (Avg Emb),0.0,0.0
AGCRLP5RCMOFU73SK5TTE5KU7YPQ,Last-Item,0.2857142857142857,1.0
AGCRLP5RCMOFU73SK5TTE5KU7YPQ,Avg-Last-10,0.0,0.0
AGCRLP5RCMOFU73SK5TTE5KU7YPQ,Recency-Weighted,0.0,0.0
AGCRLP5RCMOFU73SK5TTE5KU7YPQ,Essence (K=10),0.0,0.0
AGCUDZUB6ZKSJCGC6L7DFLBVCJ3Q,Random,0.0,0.0
AGCUDZUB6ZKSJCGC6L7DFLBVCJ3Q,Popularity,0.0,0.0
AGCUDZUB6ZKSJCGC6L7DFLBVCJ3Q,CF (ItemKNN),0.0,0.0
AGCUDZUB6ZKSJCGC6L7DFLBVCJ3Q,Content (Avg Emb),0.0,0.0
AGCUDZUB6ZKSJCGC6L7DFLBVCJ3Q,Last-Item,0.0,0.0
AGCUDZUB6ZKSJCGC6L7DFLBVCJ3Q,Avg-Last-10,0.0,0.0
AGCUDZUB6ZKSJCGC6L7DFLBVCJ3Q,Recency-Weighted,0.0,0.0
AGCUDZUB6ZKSJCGC6L7DFLBVCJ3Q,Essence (K=10),0.0,0.0
AGD3ZRC2BPZ62F3NPFAYRXLOCQVA,Random,0.0,0.0
AGD3ZRC2BPZ62F3NPFAYRXLOCQVA,Popularity,0.0,0.0
AGD3ZRC2BPZ62F3NPFAYRXLOCQVA,CF (ItemKNN),0.0,0.0
AGD3ZRC2BPZ62F3NPFAYRXLOCQVA,Content (Avg Emb),0.0,0.0
AGD3ZRC2BPZ62F3NPFAYRXLOCQVA,Last-Item,0.0,0.0
AGD3ZRC2BPZ62F3NPFAYRXLOCQVA,Avg-Last-10,0.0,0.0
AGD3ZRC2BPZ62F3NPFAYRXLOCQVA,Recency-Weighted,0.0,0.0
AGD3ZRC2BPZ62F3NPFAYRXLOCQVA,Essence (K=10),0.0,0.0
AGDAIZ7D2W75LLFTDR3NFG55KW5Q,Random,0.0,0.0
AGDAIZ7D2W75LLFTDR3NFG55KW5Q,Popularity,0.0,0.0
AGDAIZ7D2W75LLFTDR3NFG55KW5Q,CF (ItemKNN),0.0,0.0
AGDAIZ7D2W75LLFTDR3NFG55KW5Q,Content (Avg Emb),0.0,0.0
AGDAIZ7D2W75LLFTDR3NFG55KW5Q,Last-Item,0.14285714285714285,0.0
AGDAIZ7D2W75LLFTDR3NFG55KW5Q,Avg-Last-10,0.0,0.0
AGDAIZ7D2W75LLFTDR3NFG55KW5Q,Recency-Weighted,0.0,0.0
AGDAIZ7D2W75LLFTDR3NFG55KW5Q,Essence (K=10),0.0,0.0
AGDAOMSPT3IBBHW5KAXVLO7J6ZJA,Random,0.0,
AGDAOMSPT3IBBHW5KAXVLO7J6ZJA,Popularity,0.0,
AGDAOMSPT3IBBHW5KAXVLO7J6ZJA,CF (ItemKNN),0.0,
AGDAOMSPT3IBBHW5KAXVLO7J6ZJA,Content (Avg Emb),0.0,
AGDAOMSPT3IBBHW5KAXVLO7J6ZJA,Last-Item,0.0,
AGDAOMSPT3IBBHW5KAXVLO7J6ZJA,Avg-Last-10,0.0,
AGDAOMSPT3IBBHW5KAXVLO7J6ZJA,Recency-Weighted,0.14285714285714285,
AGDAOMSPT3IBBHW5KAXVLO7J6ZJA,Essence (K=10),0.0,
AGDBENRFYZGZEZXZ3YWXVJ6WFHBQ,Random,0.0,0.0
AGDBENRFYZGZEZXZ3YWXVJ6WFHBQ,Popularity,0.0,0.0
AGDBENRFYZGZEZXZ3YWXVJ6WFHBQ,CF (ItemKNN),0.0,0.0
AGDBENRFYZGZEZXZ3YWXVJ6WFHBQ,Content (Avg Emb),0.0,0.0
AGDBENRFYZGZEZXZ3YWXVJ6WFHBQ,Last-Item,0.0,0.0
AGDBENRFYZGZEZXZ3YWXVJ6WFHBQ,Avg-Last-10,0.0,0.0
AGDBENRFYZGZEZXZ3YWXVJ6WFHBQ,Recency-Weighted,0.0,0.0
AGDBENRFYZGZEZXZ3YWXVJ6WFHBQ,Essence (K=10),0.0,0.0
AGDBG7E5MT6C2UTEZLYUWAVKQ4RQ,Random,0.0,0.0
AGDBG7E5MT6C2UTEZLYUWAVKQ4RQ,Popularity,0.0,0.0
AGDBG7E5MT6C2UTEZLYUWAVKQ4RQ,CF (ItemKNN),0.0,0.0
AGDBG7E5MT6C2UTEZLYUWAVKQ4RQ,Content (Avg Emb),0.0,0.0
AGDBG7E5MT6C2UTEZLYUWAVKQ4RQ,Last-Item,0.0,0.0
AGDBG7E5MT6C2UTEZLYUWAVKQ4RQ,Avg-Last-10,0.0,0.0
AGDBG7E5MT6C2UTEZLYUWAVKQ4RQ,Recency-Weighted,0.0,0.0
AGDBG7E5MT6C2UTEZLYUWAVKQ4RQ,Essence (K=10),0.0,0.0
AGDFYX3ENAON4AQZ53NVI7O7NMBQ,Random,0.0,
AGDFYX3ENAON4AQZ53NVI7O7NMBQ,Popularity,0.0,
AGDFYX3ENAON4AQZ53NVI7O7NMBQ,CF (ItemKNN),0.0,
AGDFYX3ENAON4AQZ53NVI7O7NMBQ,Content (Avg Emb),0.0,
AGDFYX3ENAON4AQZ53NVI7O7NMBQ,Last-Item,0.0,
AGDFYX3ENAON4AQZ53NVI7O7NMBQ,Avg-Last-10,0.0,
AGDFYX3ENAON4AQZ53NVI7O7NMBQ,Recency-Weighted,0.0,
AGDFYX3ENAON4AQZ53NVI7O7NMBQ,Essence (K=10),0.0,
AGDGER7HXB6WU7FAPHPXBCOS5CEQ,Random,0.0,0.0
AGDGER7HXB6WU7FAPHPXBCOS5CEQ,Popularity,0.0,0.0
AGDGER7HXB6WU7FAPHPXBCOS5CEQ,CF (ItemKNN),0.0,0.0
AGDGER7HXB6WU7FAPHPXBCOS5CEQ,Content (Avg Emb),0.0,0.0
AGDGER7HXB6WU7FAPHPXBCOS5CEQ,Last-Item,0.0,0.0
AGDGER7HXB6WU7FAPHPXBCOS5CEQ,Avg-Last-10,0.0,0.0
AGDGER7HXB6WU7FAPHPXBCOS5CEQ,Recency-Weighted,0.0,0.0
AGDGER7HXB6WU7FAPHPXBCOS5CEQ,Essence (K=10),0.0,0.0
AGDL2DVOZUMYNMJPJRZVHMRFHMZA,Random,0.0,0.0
AGDL2DVOZUMYNMJPJRZVHMRFHMZA,Popularity,0.0,0.0
AGDL2DVOZUMYNMJPJRZVHMRFHMZA,CF (ItemKNN),0.0,0.0
AGDL2DVOZUMYNMJPJRZVHMRFHMZA,Content (Avg Emb),0.0,0.0
AGDL2DVOZUMYNMJPJRZVHMRFHMZA,Last-Item,0.0,0.0
AGDL2DVOZUMYNMJPJRZVHMRFHMZA,Avg-Last-10,0.0,0.0
AGDL2DVOZUMYNMJPJRZVHMRFHMZA,Recency-Weighted,0.0,0.0
AGDL2DVOZUMYNMJPJRZVHMRFHMZA,Essence (K=10),0.0,0.0
AGDLXFNR7QXIIWWKGI5WVSVK5PKA,Random,0.0,
AGDLXFNR7QXIIWWKGI5WVSVK5PKA,Popularity,0.0,
AGDLXFNR7QXIIWWKGI5WVSVK5PKA,CF (ItemKNN),0.0,
AGDLXFNR7QXIIWWKGI5WVSVK5PKA,Content (Avg Emb),0.0,
AGDLXFNR7QXIIWWKGI5WVSVK5PKA,Last-Item,0.0,
AGDLXFNR7QXIIWWKGI5WVSVK5PKA,Avg-Last-10,0.0,
AGDLXFNR7QXIIWWKGI5WVSVK5PKA,Recency-Weighted,0.0,
AGDLXFNR7QXIIWWKGI5WVSVK5PKA,Essence (K=10),0.0,
AGDM5K4E3N6YTID2V3CJILPARW5A,Random,0.0,0.0
AGDM5K4E3N6YTID2V3CJILPARW5A,Popularity,0.0,0.0
AGDM5K4E3N6YTID2V3CJILPARW5A,CF (ItemKNN),0.0,0.0
AGDM5K4E3N6YTID2V3CJILPARW5A,Content (Avg Emb),0.0,0.0
AGDM5K4E3N6YTID2V3CJILPARW5A,Last-Item,0.0,0.0
AGDM5K4E3N6YTID2V3CJILPARW5A,Avg-Last-10,0.0,0.0
AGDM5K4E3N6YTID2V3CJILPARW5A,Recency-Weighted,0.0,0.0
AGDM5K4E3N6YTID2V3CJILPARW5A,Essence (K=10),0.0,0.0
AGDQIRNKEIUCPXJM2NIQNLDWMDRA,Random,0.0,0.0
AGDQIRNKEIUCPXJM2NIQNLDWMDRA,Popularity,0.0,0.0
AGDQIRNKEIUCPXJM2NIQNLDWMDRA,CF (ItemKNN),0.0,0.0
AGDQIRNKEIUCPXJM2NIQNLDWMDRA,Content (Avg Emb),0.0,0.0
AGDQIRNKEIUCPXJM2NIQNLDWMDRA,Last-Item,0.0,0.0
AGDQIRNKEIUCPXJM2NIQNLDWMDRA,Avg-Last-10,0.0,0.0
AGDQIRNKEIUCPXJM2NIQNLDWMDRA,Recency-Weighted,0.0,0.0
AGDQIRNKEIUCPXJM2NIQNLDWMDRA,Essence (K=10),0.0,0.0
AGDU4FXJW73ONJCDWCI6CO5ISLFA,Random,0.0,
AGDU4FXJW73ONJCDWCI6CO5ISLFA,Popularity,0.0,
AGDU4FXJW73ONJCDWCI6CO5ISLFA,CF (ItemKNN),0.0,
AGDU4FXJW73ONJCDWCI6CO5ISLFA,Content (Avg Emb),0.0,
AGDU4FXJW73ONJCDWCI6CO5ISLFA,Last-Item,0.0,
AGDU4FXJW73ONJCDWCI6CO5ISLFA,Avg-Last-10,0.0,
AGDU4FXJW73ONJCDWCI6CO5ISLFA,Recency-Weighted,0.0,
AGDU4FXJW73ONJCDWCI6CO5ISLFA,Essence (K=10),0.0,
AGDURMI5JVELWGQOPYJDZXMHMKVQ,Random,0.0,0.0
AGDURMI5JVELWGQOPYJDZXMHMKVQ,Popularity,0.0,0.0
AGDURMI5JVELWGQOPYJDZXMHMKVQ,CF (ItemKNN),0.3333333333333333,0.0
AGDURMI5JVELWGQOPYJDZXMHMKVQ,Content (Avg Emb),0.0,0.0
AGDURMI5JVELWGQOPYJDZXMHMKVQ,Last-Item,0.0,0.0
AGDURMI5JVELWGQOPYJDZXMHMKVQ,Avg-Last-10,0.0,0.0
AGDURMI5JVELWGQOPYJDZXMHMKVQ,Recency-Weighted,0.0,0.0
AGDURMI5JVELWGQOPYJDZXMHMKVQ,Essence (K=10),0.16666666666666666,0.5
AGDUXR6MEEV732OCO426KAKMV25Q,Random,0.0,0.0
AGDUXR6MEEV732OCO426KAKMV25Q,Popularity,0.0,0.0
AGDUXR6MEEV732OCO426KAKMV25Q,CF (ItemKNN),0.0,0.0
AGDUXR6MEEV732OCO426KAKMV25Q,Content (Avg Emb),0.0,0.0
AGDUXR6MEEV732OCO426KAKMV25Q,Last-Item,0.0,0.0
AGDUXR6MEEV732OCO426KAKMV25Q,Avg-Last-10,0.0,0.0
AGDUXR6MEEV732OCO426KAKMV25Q,Recency-Weighted,0.0,0.0
AGDUXR6MEEV732OCO426KAKMV25Q,Essence (K=10),0.0,0.0
AGDV2SMGLBHNMEYEEVFADMDOILOA,Random,0.0,
AGDV2SMGLBHNMEYEEVFADMDOILOA,Popularity,0.0,
AGDV2SMGLBHNMEYEEVFADMDOILOA,CF (ItemKNN),0.0,
AGDV2SMGLBHNMEYEEVFADMDOILOA,Content (Avg Emb),0.0,
AGDV2SMGLBHNMEYEEVFADMDOILOA,Last-Item,0.0,
AGDV2SMGLBHNMEYEEVFADMDOILOA,Avg-Last-10,0.0,
AGDV2SMGLBHNMEYEEVFADMDOILOA,Recency-Weighted,0.0,
AGDV2SMGLBHNMEYEEVFADMDOILOA,Essence (K=10),0.0,
AGDVLZHRHWZ5XX4PA74SMYZD7JYQ,Random,0.0,
AGDVLZHRHWZ5XX4PA74SMYZD7JYQ,Popularity,0.0,
AGDVLZHRHWZ5XX4PA74SMYZD7JYQ,CF (ItemKNN),0.0,
AGDVLZHRHWZ5XX4PA74SMYZD7JYQ,Content (Avg Emb),0.0,
AGDVLZHRHWZ5XX4PA74SMYZD7JYQ,Last-Item,0.0,
AGDVLZHRHWZ5XX4PA74SMYZD7JYQ,Avg-Last-10,0.0,
AGDVLZHRHWZ5XX4PA74SMYZD7JYQ,Recency-Weighted,0.0,
AGDVLZHRHWZ5XX4PA74SMYZD7JYQ,Essence (K=10),0.0,
AGDY73FQW7J3SZ3YABCLAPRVT7TQ,Random,0.0,0.0
AGDY73FQW7J3SZ3YABCLAPRVT7TQ,Popularity,0.0,0.0
AGDY73FQW7J3SZ3YABCLAPRVT7TQ,CF (ItemKNN),0.0,0.0
AGDY73FQW7J3SZ3YABCLAPRVT7TQ,Content (Avg Emb),0.0,0.0
AGDY73FQW7J3SZ3YABCLAPRVT7TQ,Last-Item,0.0,0.0
AGDY73FQW7J3SZ3YABCLAPRVT7TQ,Avg-Last-10,0.0,0.0
AGDY73FQW7J3SZ3YABCLAPRVT7TQ,Recency-Weighted,0.0,0.0
AGDY73FQW7J3SZ3YABCLAPRVT7TQ,Essence (K=10),0.0,0.0
AGE2DHZRZLL3LUVIAXR6CIND4PVQ,Random,0.0,
AGE2DHZRZLL3LUVIAXR6CIND4PVQ,Popularity,0.0,
AGE2DHZRZLL3LUVIAXR6CIND4PVQ,CF (ItemKNN),0.0,
AGE2DHZRZLL3LUVIAXR6CIND4PVQ,Content (Avg Emb),0.0,
AGE2DHZRZLL3LUVIAXR6CIND4PVQ,Last-Item,0.0,
AGE2DHZRZLL3LUVIAXR6CIND4PVQ,Avg-Last-10,0.0,
AGE2DHZRZLL3LUVIAXR6CIND4PVQ,Recency-Weighted,0.0,
AGE2DHZRZLL3LUVIAXR6CIND4PVQ,Essence (K=10),0.0,
AGE4GMQCN7XRIS4XNBHTAZ24MQSQ,Random,0.0,
AGE4GMQCN7XRIS4XNBHTAZ24MQSQ,Popularity,0.0,
AGE4GMQCN7XRIS4XNBHTAZ24MQSQ,CF (ItemKNN),0.0,
AGE4GMQCN7XRIS4XNBHTAZ24MQSQ,Content (Avg Emb),0.0,
AGE4GMQCN7XRIS4XNBHTAZ24MQSQ,Last-Item,0.0,
AGE4GMQCN7XRIS4XNBHTAZ24MQSQ,Avg-Last-10,0.0,
AGE4GMQCN7XRIS4XNBHTAZ24MQSQ,Recency-Weighted,0.0,
AGE4GMQCN7XRIS4XNBHTAZ24MQSQ,Essence (K=10),0.0,
AGE55ZMHPPBPDUSLOHGIYEUBI5SQ,Random,0.0,0.0
AGE55ZMHPPBPDUSLOHGIYEUBI5SQ,Popularity,0.0,0.0
AGE55ZMHPPBPDUSLOHGIYEUBI5SQ,CF (ItemKNN),0.0,0.0
AGE55ZMHPPBPDUSLOHGIYEUBI5SQ,Content (Avg Emb),0.0,0.0
AGE55ZMHPPBPDUSLOHGIYEUBI5SQ,Last-Item,0.0,0.0
AGE55ZMHPPBPDUSLOHGIYEUBI5SQ,Avg-Last-10,0.0,0.0
AGE55ZMHPPBPDUSLOHGIYEUBI5SQ,Recency-Weighted,0.0,0.0
AGE55ZMHPPBPDUSLOHGIYEUBI5SQ,Essence (K=10),0.0,0.0
AGE5FNX4LP6U6T3SEP4JQNB5Q7UA,Random,0.0,0.0
AGE5FNX4LP6U6T3SEP4JQNB5Q7UA,Popularity,0.0,0.0
AGE5FNX4LP6U6T3SEP4JQNB5Q7UA,CF (ItemKNN),0.25,0.0
AGE5FNX4LP6U6T3SEP4JQNB5Q7UA,Content (Avg Emb),0.25,0.0
AGE5FNX4LP6U6T3SEP4JQNB5Q7UA,Last-Item,0.0,0.0
AGE5FNX4LP6U6T3SEP4JQNB5Q7UA,Avg-Last-10,0.25,0.0
AGE5FNX4LP6U6T3SEP4JQNB5Q7UA,Recency-Weighted,0.25,0.0
AGE5FNX4LP6U6T3SEP4JQNB5Q7UA,Essence (K=10),0.0,0.0
AGED76P5JHQDEW5IBU2P73QZXE6A,Random,0.0,0.0
AGED76P5JHQDEW5IBU2P73QZXE6A,Popularity,0.0,0.0
AGED76P5JHQDEW5IBU2P73QZXE6A,CF (ItemKNN),0.0,0.0
AGED76P5JHQDEW5IBU2P73QZXE6A,Content (Avg Emb),0.0,0.0
AGED76P5JHQDEW5IBU2P73QZXE6A,Last-Item,0.0,0.0
AGED76P5JHQDEW5IBU2P73QZXE6A,Avg-Last-10,0.0,0.0
AGED76P5JHQDEW5IBU2P73QZXE6A,Recency-Weighted,0.0,0.0
AGED76P5JHQDEW5IBU2P73QZXE6A,Essence (K=10),0.0,0.0
AGEEDUTFKLHA2FADU7OJYTJEC2IQ,Random,0.0,0.0
AGEEDUTFKLHA2FADU7OJYTJEC2IQ,Popularity,0.0,0.0
AGEEDUTFKLHA2FADU7OJYTJEC2IQ,CF (ItemKNN),0.0,0.0
AGEEDUTFKLHA2FADU7OJYTJEC2IQ,Content (Avg Emb),0.0,0.0
AGEEDUTFKLHA2FADU7OJYTJEC2IQ,Last-Item,0.0,0.0
AGEEDUTFKLHA2FADU7OJYTJEC2IQ,Avg-Last-10,0.0,0.0
AGEEDUTFKLHA2FADU7OJYTJEC2IQ,Recency-Weighted,0.0,0.0
AGEEDUTFKLHA2FADU7OJYTJEC2IQ,Essence (K=10),0.0,0.0
AGEIW5MDFTGLGFPYLIQB2Y27BIWA,Random,0.0,
AGEIW5MDFTGLGFPYLIQB2Y27BIWA,Popularity,0.0,
AGEIW5MDFTGLGFPYLIQB2Y27BIWA,CF (ItemKNN),0.0,
AGEIW5MDFTGLGFPYLIQB2Y27BIWA,Content (Avg Emb),0.0,
AGEIW5MDFTGLGFPYLIQB2Y27BIWA,Last-Item,0.0,
AGEIW5MDFTGLGFPYLIQB2Y27BIWA,Avg-Last-10,0.0,
AGEIW5MDFTGLGFPYLIQB2Y27BIWA,Recency-Weighted,0.0,
AGEIW5MDFTGLGFPYLIQB2Y27BIWA,Essence (K=10),0.0,
AGEK2TSF5XDH3UJJYAREQBEFMEJQ,Random,0.0,
AGEK2TSF5XDH3UJJYAREQBEFMEJQ,Popularity,0.0,
AGEK2TSF5XDH3UJJYAREQBEFMEJQ,CF (ItemKNN),0.0,
AGEK2TSF5XDH3UJJYAREQBEFMEJQ,Content (Avg Emb),0.0,
AGEK2TSF5XDH3UJJYAREQBEFMEJQ,Last-Item,0.0,
AGEK2TSF5XDH3UJJYAREQBEFMEJQ,Avg-Last-10,0.0,
AGEK2TSF5XDH3UJJYAREQBEFMEJQ,Recency-Weighted,0.0,
AGEK2TSF5XDH3UJJYAREQBEFMEJQ,Essence (K=10),0.0,
AGEK72GOUJRSOARWOY3MV4RS27DQ,Random,0.0,
AGEK72GOUJRSOARWOY3MV4RS27DQ,Popularity,0.0,
AGEK72GOUJRSOARWOY3MV4RS27DQ,CF (ItemKNN),0.0,
AGEK72GOUJRSOARWOY3MV4RS27DQ,Content (Avg Emb),0.0,
AGEK72GOUJRSOARWOY3MV4RS27DQ,Last-Item,0.0,
AGEK72GOUJRSOARWOY3MV4RS27DQ,Avg-Last-10,0.0,
AGEK72GOUJRSOARWOY3MV4RS27DQ,Recency-Weighted,0.0,
AGEK72GOUJRSOARWOY3MV4RS27DQ,Essence (K=10),0.0,
AGEKNTG6BRGHR5ZIFQBWJTTE6XKA,Random,0.0,
AGEKNTG6BRGHR5ZIFQBWJTTE6XKA,Popularity,0.0,
AGEKNTG6BRGHR5ZIFQBWJTTE6XKA,CF (ItemKNN),0.0,
AGEKNTG6BRGHR5ZIFQBWJTTE6XKA,Content (Avg Emb),0.0,
AGEKNTG6BRGHR5ZIFQBWJTTE6XKA,Last-Item,0.0,
AGEKNTG6BRGHR5ZIFQBWJTTE6XKA,Avg-Last-10,0.0,
AGEKNTG6BRGHR5ZIFQBWJTTE6XKA,Recency-Weighted,0.0,
AGEKNTG6BRGHR5ZIFQBWJTTE6XKA,Essence (K=10),0.0,
AGERLL3VBIVAAOMACI3MVECLYFPQ,Random,0.0,0.0
AGERLL3VBIVAAOMACI3MVECLYFPQ,Popularity,0.0,0.0
AGERLL3VBIVAAOMACI3MVECLYFPQ,CF (ItemKNN),0.0,0.0
AGERLL3VBIVAAOMACI3MVECLYFPQ,Content (Avg Emb),0.0,0.0
AGERLL3VBIVAAOMACI3MVECLYFPQ,Last-Item,0.0,0.0
AGERLL3VBIVAAOMACI3MVECLYFPQ,Avg-Last-10,0.0,0.0
AGERLL3VBIVAAOMACI3MVECLYFPQ,Recency-Weighted,0.0,0.0
AGERLL3VBIVAAOMACI3MVECLYFPQ,Essence (K=10),0.0,0.0
AGETPSL7OHJ32VMZIP5SBQNLNNCQ,Random,0.0,0.0
AGETPSL7OHJ32VMZIP5SBQNLNNCQ,Popularity,0.0,0.0
AGETPSL7OHJ32VMZIP5SBQNLNNCQ,CF (ItemKNN),0.0,0.0
AGETPSL7OHJ32VMZIP5SBQNLNNCQ,Content (Avg Emb),0.0,0.0
AGETPSL7OHJ32VMZIP5SBQNLNNCQ,Last-Item,0.0,0.0
AGETPSL7OHJ32VMZIP5SBQNLNNCQ,Avg-Last-10,0.0,0.0
AGETPSL7OHJ32VMZIP5SBQNLNNCQ,Recency-Weighted,0.0,0.0
AGETPSL7OHJ32VMZIP5SBQNLNNCQ,Essence (K=10),0.0,0.0
AGEXNLBJUV4VTV5B27T4IVH2PVKA,Random,0.0,
AGEXNLBJUV4VTV5B27T4IVH2PVKA,Popularity,0.0,
AGEXNLBJUV4VTV5B27T4IVH2PVKA,CF (ItemKNN),0.0,
AGEXNLBJUV4VTV5B27T4IVH2PVKA,Content (Avg Emb),0.0,
AGEXNLBJUV4VTV5B27T4IVH2PVKA,Last-Item,0.0,
AGEXNLBJUV4VTV5B27T4IVH2PVKA,Avg-Last-10,0.0,
AGEXNLBJUV4VTV5B27T4IVH2PVKA,Recency-Weighted,0.0,
AGEXNLBJUV4VTV5B27T4IVH2PVKA,Essence (K=10),0.0,
AGEXSHQSH3K4WBQGIWVPDKQU5AOQ,Random,0.0,
AGEXSHQSH3K4WBQGIWVPDKQU5AOQ,Popularity,0.0,
AGEXSHQSH3K4WBQGIWVPDKQU5AOQ,CF (ItemKNN),0.0,
AGEXSHQSH3K4WBQGIWVPDKQU5AOQ,Content (Avg Emb),0.0,
AGEXSHQSH3K4WBQGIWVPDKQU5AOQ,Last-Item,0.0,
AGEXSHQSH3K4WBQGIWVPDKQU5AOQ,Avg-Last-10,0.0,
AGEXSHQSH3K4WBQGIWVPDKQU5AOQ,Recency-Weighted,0.0,
AGEXSHQSH3K4WBQGIWVPDKQU5AOQ,Essence (K=10),0.0,
AGF37ZSSW4UED7ZB7W5NXS44C2HA,Random,0.0,0.0
AGF37ZSSW4UED7ZB7W5NXS44C2HA,Popularity,0.0,0.0
AGF37ZSSW4UED7ZB7W5NXS44C2HA,CF (ItemKNN),0.0,0.0
AGF37ZSSW4UED7ZB7W5NXS44C2HA,Content (Avg Emb),0.0,0.0
AGF37ZSSW4UED7ZB7W5NXS44C2HA,Last-Item,0.0,0.0
AGF37ZSSW4UED7ZB7W5NXS44C2HA,Avg-Last-10,0.0,0.0
AGF37ZSSW4UED7ZB7W5NXS44C2HA,Recency-Weighted,0.0,0.0
AGF37ZSSW4UED7ZB7W5NXS44C2HA,Essence (K=10),0.0,0.0
AGF3KU4OLGOGY5CAQOKBF63ZO5EQ,Random,0.0,0.0
AGF3KU4OLGOGY5CAQOKBF63ZO5EQ,Popularity,0.0,0.0
AGF3KU4OLGOGY5CAQOKBF63ZO5EQ,CF (ItemKNN),0.0,0.0
AGF3KU4OLGOGY5CAQOKBF63ZO5EQ,Content (Avg Emb),0.0,0.0
AGF3KU4OLGOGY5CAQOKBF63ZO5EQ,Last-Item,0.0,0.0
AGF3KU4OLGOGY5CAQOKBF63ZO5EQ,Avg-Last-10,0.0,0.0
AGF3KU4OLGOGY5CAQOKBF63ZO5EQ,Recency-Weighted,0.0,0.0
AGF3KU4OLGOGY5CAQOKBF63ZO5EQ,Essence (K=10),0.0,0.0
AGF7OQQRHLNDXRLB6ETCXJMZQUIQ,Random,0.0,0.0
AGF7OQQRHLNDXRLB6ETCXJMZQUIQ,Popularity,0.0,0.0
AGF7OQQRHLNDXRLB6ETCXJMZQUIQ,CF (ItemKNN),0.0,0.0
AGF7OQQRHLNDXRLB6ETCXJMZQUIQ,Content (Avg Emb),0.0,0.0
AGF7OQQRHLNDXRLB6ETCXJMZQUIQ,Last-Item,0.0,0.0
AGF7OQQRHLNDXRLB6ETCXJMZQUIQ,Avg-Last-10,0.0,0.0
AGF7OQQRHLNDXRLB6ETCXJMZQUIQ,Recency-Weighted,0.0,0.0
AGF7OQQRHLNDXRLB6ETCXJMZQUIQ,Essence (K=10),0.0,0.0
AGFEYGOHX6X772ESCEU2OI4HSUQA,Random,0.0,0.0
AGFEYGOHX6X772ESCEU2OI4HSUQA,Popularity,0.0,0.0
AGFEYGOHX6X772ESCEU2OI4HSUQA,CF (ItemKNN),0.0,0.0
AGFEYGOHX6X772ESCEU2OI4HSUQA,Content (Avg Emb),0.0,0.0
AGFEYGOHX6X772ESCEU2OI4HSUQA,Last-Item,0.0,0.0
AGFEYGOHX6X772ESCEU2OI4HSUQA,Avg-Last-10,0.0,0.0
AGFEYGOHX6X772ESCEU2OI4HSUQA,Recency-Weighted,0.0,0.0
AGFEYGOHX6X772ESCEU2OI4HSUQA,Essence (K=10),0.0,0.0
AGFILYOSIFRBTGZ65RENOLTON5WA,Random,0.0,0.0
AGFILYOSIFRBTGZ65RENOLTON5WA,Popularity,0.0,0.0
AGFILYOSIFRBTGZ65RENOLTON5WA,CF (ItemKNN),0.0,0.0
AGFILYOSIFRBTGZ65RENOLTON5WA,Content (Avg Emb),0.125,0.0
AGFILYOSIFRBTGZ65RENOLTON5WA,Last-Item,0.25,0.5
AGFILYOSIFRBTGZ65RENOLTON5WA,Avg-Last-10,0.125,0.0
AGFILYOSIFRBTGZ65RENOLTON5WA,Recency-Weighted,0.125,0.0
AGFILYOSIFRBTGZ65RENOLTON5WA,Essence (K=10),0.125,0.0
AGFIS2ROWY6GQIIZCMOECX5VDYZQ,Random,0.0,
AGFIS2ROWY6GQIIZCMOECX5VDYZQ,Popularity,0.0,
AGFIS2ROWY6GQIIZCMOECX5VDYZQ,CF (ItemKNN),0.0,
AGFIS2ROWY6GQIIZCMOECX5VDYZQ,Content (Avg Emb),0.0,
AGFIS2ROWY6GQIIZCMOECX5VDYZQ,Last-Item,0.0,
AGFIS2ROWY6GQIIZCMOECX5VDYZQ,Avg-Last-10,0.0,
AGFIS2ROWY6GQIIZCMOECX5VDYZQ,Recency-Weighted,0.0,
AGFIS2ROWY6GQIIZCMOECX5VDYZQ,Essence (K=10),0.0,
AGFKCZNOBTISTBHSFQ6JVBC3B7CA,Random,0.0,0.0
AGFKCZNOBTISTBHSFQ6JVBC3B7CA,Popularity,0.0,0.0
AGFKCZNOBTISTBHSFQ6JVBC3B7CA,CF (ItemKNN),0.0,0.0
AGFKCZNOBTISTBHSFQ6JVBC3B7CA,Content (Avg Emb),0.0,0.0
AGFKCZNOBTISTBHSFQ6JVBC3B7CA,Last-Item,0.0,0.0
AGFKCZNOBTISTBHSFQ6JVBC3B7CA,Avg-Last-10,0.0,0.0
AGFKCZNOBTISTBHSFQ6JVBC3B7CA,Recency-Weighted,0.0,0.0
AGFKCZNOBTISTBHSFQ6JVBC3B7CA,Essence (K=10),0.0,0.0
AGFKUA2FIQENHKHLJT5N7TWJLN4Q,Random,0.0,0.0
AGFKUA2FIQENHKHLJT5N7TWJLN4Q,Popularity,0.0,0.0
AGFKUA2FIQENHKHLJT5N7TWJLN4Q,CF (ItemKNN),0.0,0.0
AGFKUA2FIQENHKHLJT5N7TWJLN4Q,Content (Avg Emb),0.0,0.0
AGFKUA2FIQENHKHLJT5N7TWJLN4Q,Last-Item,0.5714285714285714,0.0
AGFKUA2FIQENHKHLJT5N7TWJLN4Q,Avg-Last-10,0.0,0.0
AGFKUA2FIQENHKHLJT5N7TWJLN4Q,Recency-Weighted,0.0,0.0
AGFKUA2FIQENHKHLJT5N7TWJLN4Q,Essence (K=10),0.0,0.0
AGFMTATACV62Y2M5S7JI62M5W42A,Random,0.0,0.0
AGFMTATACV62Y2M5S7JI62M5W42A,Popularity,0.0,0.0
AGFMTATACV62Y2M5S7JI62M5W42A,CF (ItemKNN),0.0,0.0
AGFMTATACV62Y2M5S7JI62M5W42A,Content (Avg Emb),0.0,0.0
AGFMTATACV62Y2M5S7JI62M5W42A,Last-Item,0.0,0.0
AGFMTATACV62Y2M5S7JI62M5W42A,Avg-Last-10,0.0,0.0
AGFMTATACV62Y2M5S7JI62M5W42A,Recency-Weighted,0.0,0.0
AGFMTATACV62Y2M5S7JI62M5W42A,Essence (K=10),0.0,0.0
AGFRRPHPE5NLWNKAGVLTCYLRG4LA,Random,0.0,0.0
AGFRRPHPE5NLWNKAGVLTCYLRG4LA,Popularity,0.0,0.0
AGFRRPHPE5NLWNKAGVLTCYLRG4LA,CF (ItemKNN),0.0,0.0
AGFRRPHPE5NLWNKAGVLTCYLRG4LA,Content (Avg Emb),0.0,0.0
AGFRRPHPE5NLWNKAGVLTCYLRG4LA,Last-Item,0.0,0.0
AGFRRPHPE5NLWNKAGVLTCYLRG4LA,Avg-Last-10,0.0,0.0
AGFRRPHPE5NLWNKAGVLTCYLRG4LA,Recency-Weighted,0.0,0.0
AGFRRPHPE5NLWNKAGVLTCYLRG4LA,Essence (K=10),0.0,0.0
AGFS7FH2KG4UPWX24PGOC4JJEBTA,Random,0.0,
AGFS7FH2KG4UPWX24PGOC4JJEBTA,Popularity,0.0,
AGFS7FH2KG4UPWX24PGOC4JJEBTA,CF (ItemKNN),0.0,
AGFS7FH2KG4UPWX24PGOC4JJEBTA,Content (Avg Emb),0.0,
AGFS7FH2KG4UPWX24PGOC4JJEBTA,Last-Item,0.0,
AGFS7FH2KG4UPWX24PGOC4JJEBTA,Avg-Last-10,0.0,
AGFS7FH2KG4UPWX24PGOC4JJEBTA,Recency-Weighted,0.0,
AGFS7FH2KG4UPWX24PGOC4JJEBTA,Essence (K=10),0.0,
AGFSGB5Y2XJ7FMQOLW2K4G37XNKA,Random,0.0,0.0
AGFSGB5Y2XJ7FMQOLW2K4G37XNKA,Popularity,0.0,0.0
AGFSGB5Y2XJ7FMQOLW2K4G37XNKA,CF (ItemKNN),0.0,0.0
AGFSGB5Y2XJ7FMQOLW2K4G37XNKA,Content (Avg Emb),0.0,0.0
AGFSGB5Y2XJ7FMQOLW2K4G37XNKA,Last-Item,0.0,0.0
AGFSGB5Y2XJ7FMQOLW2K4G37XNKA,Avg-Last-10,0.0,0.0
AGFSGB5Y2XJ7FMQOLW2K4G37XNKA,Recency-Weighted,0.0,0.0
AGFSGB5Y2XJ7FMQOLW2K4G37XNKA,Essence (K=10),0.0,0.0
AGFUGQHTD37L2QBZRLNJ7QJ4VKYQ,Random,0.0,0.0
AGFUGQHTD37L2QBZRLNJ7QJ4VKYQ,Popularity,0.0,0.0
AGFUGQHTD37L2QBZRLNJ7QJ4VKYQ,CF (ItemKNN),0.0,0.0
AGFUGQHTD37L2QBZRLNJ7QJ4VKYQ,Content (Avg Emb),0.0,0.0
AGFUGQHTD37L2QBZRLNJ7QJ4VKYQ,Last-Item,0.05,0.0
AGFUGQHTD37L2QBZRLNJ7QJ4VKYQ,Avg-Last-10,0.0,0.0
AGFUGQHTD37L2QBZRLNJ7QJ4VKYQ,Recency-Weighted,0.0,0.0
AGFUGQHTD37L2QBZRLNJ7QJ4VKYQ,Essence (K=10),0.0,0.0
AGFYYN2UXQMYJXJPWBOYI6IPWUMQ,Random,0.0,0.0
AGFYYN2UXQMYJXJPWBOYI6IPWUMQ,Popularity,0.0,0.0
AGFYYN2UXQMYJXJPWBOYI6IPWUMQ,CF (ItemKNN),0.0,0.0
AGFYYN2UXQMYJXJPWBOYI6IPWUMQ,Content (Avg Emb),0.0,0.0
AGFYYN2UXQMYJXJPWBOYI6IPWUMQ,Last-Item,0.0,0.0
AGFYYN2UXQMYJXJPWBOYI6IPWUMQ,Avg-Last-10,0.0,0.0
AGFYYN2UXQMYJXJPWBOYI6IPWUMQ,Recency-Weighted,0.0,0.0
AGFYYN2UXQMYJXJPWBOYI6IPWUMQ,Essence (K=10),0.0,0.0
AGG3QMGJKD4MQJGNZJXWZE2QENVQ,Random,0.0,0.0
AGG3QMGJKD4MQJGNZJXWZE2QENVQ,Popularity,0.0,0.0
AGG3QMGJKD4MQJGNZJXWZE2QENVQ,CF (ItemKNN),0.0,0.0
AGG3QMGJKD4MQJGNZJXWZE2QENVQ,Content (Avg Emb),0.0,0.0
AGG3QMGJKD4MQJGNZJXWZE2QENVQ,Last-Item,0.0,0.0
AGG3QMGJKD4MQJGNZJXWZE2QENVQ,Avg-Last-10,0.0,0.0
AGG3QMGJKD4MQJGNZJXWZE2QENVQ,Recency-Weighted,0.0,0.0
AGG3QMGJKD4MQJGNZJXWZE2QENVQ,Essence (K=10),0.0,0.0
AGG4BYP5U3KVBY2VR3GBMNVAYDHQ,Random,0.0,
AGG4BYP5U3KVBY2VR3GBMNVAYDHQ,Popularity,0.0,
AGG4BYP5U3KVBY2VR3GBMNVAYDHQ,CF (ItemKNN),0.0,
AGG4BYP5U3KVBY2VR3GBMNVAYDHQ,Content (Avg Emb),0.0,
AGG4BYP5U3KVBY2VR3GBMNVAYDHQ,Last-Item,0.0,
AGG4BYP5U3KVBY2VR3GBMNVAYDHQ,Avg-Last-10,0.0,
AGG4BYP5U3KVBY2VR3GBMNVAYDHQ,Recency-Weighted,0.0,
AGG4BYP5U3KVBY2VR3GBMNVAYDHQ,Essence (K=10),0.0,
AGGBHHROWHOLPYI27EQY5WD6NEKQ,Random,0.0,0.0
AGGBHHROWHOLPYI27EQY5WD6NEKQ,Popularity,0.0,0.0
AGGBHHROWHOLPYI27EQY5WD6NEKQ,CF (ItemKNN),0.0,0.0
AGGBHHROWHOLPYI27EQY5WD6NEKQ,Content (Avg Emb),0.0,0.0
AGGBHHROWHOLPYI27EQY5WD6NEKQ,Last-Item,0.0,0.0
AGGBHHROWHOLPYI27EQY5WD6NEKQ,Avg-Last-10,0.0,0.0
AGGBHHROWHOLPYI27EQY5WD6NEKQ,Recency-Weighted,0.0,0.0
AGGBHHROWHOLPYI27EQY5WD6NEKQ,Essence (K=10),0.0,0.0
AGGHWMQHGDNTP4I2ATIT2PGPZ3BQ,Random,0.0,
AGGHWMQHGDNTP4I2ATIT2PGPZ3BQ,Popularity,0.0,
AGGHWMQHGDNTP4I2ATIT2PGPZ3BQ,CF (ItemKNN),0.0,
AGGHWMQHGDNTP4I2ATIT2PGPZ3BQ,Content (Avg Emb),0.0,
AGGHWMQHGDNTP4I2ATIT2PGPZ3BQ,Last-Item,0.5,
AGGHWMQHGDNTP4I2ATIT2PGPZ3BQ,Avg-Last-10,0.0,
AGGHWMQHGDNTP4I2ATIT2PGPZ3BQ,Recency-Weighted,0.0,
AGGHWMQHGDNTP4I2ATIT2PGPZ3BQ,Essence (K=10),0.0,
AGGHWW3IS3IGQSGZ43GYSJGYRP7Q,Random,0.0,0.0
AGGHWW3IS3IGQSGZ43GYSJGYRP7Q,Popularity,0.0,0.0
AGGHWW3IS3IGQSGZ43GYSJGYRP7Q,CF (ItemKNN),0.0,0.0
AGGHWW3IS3IGQSGZ43GYSJGYRP7Q,Content (Avg Emb),0.0,0.0
AGGHWW3IS3IGQSGZ43GYSJGYRP7Q,Last-Item,0.0,0.0
AGGHWW3IS3IGQSGZ43GYSJGYRP7Q,Avg-Last-10,0.0,0.0
AGGHWW3IS3IGQSGZ43GYSJGYRP7Q,Recency-Weighted,0.0,0.0
AGGHWW3IS3IGQSGZ43GYSJGYRP7Q,Essence (K=10),0.0,0.0
AGGJFV75PUIF7KWLF5JNG3MNMKGA,Random,0.0,0.0
AGGJFV75PUIF7KWLF5JNG3MNMKGA,Popularity,0.0,0.0
AGGJFV75PUIF7KWLF5JNG3MNMKGA,CF (ItemKNN),0.0,0.0
AGGJFV75PUIF7KWLF5JNG3MNMKGA,Content (Avg Emb),0.02564102564102564,0.0
AGGJFV75PUIF7KWLF5JNG3MNMKGA,Last-Item,0.0,0.0
AGGJFV75PUIF7KWLF5JNG3MNMKGA,Avg-Last-10,0.02564102564102564,0.0
AGGJFV75PUIF7KWLF5JNG3MNMKGA,Recency-Weighted,0.02564102564102564,0.0
AGGJFV75PUIF7KWLF5JNG3MNMKGA,Essence (K=10),0.02564102564102564,0.0
AGGPFCEZRB6I24FYEI4N6P2PJ2IA,Random,0.0,0.0
AGGPFCEZRB6I24FYEI4N6P2PJ2IA,Popularity,0.0,0.0
AGGPFCEZRB6I24FYEI4N6P2PJ2IA,CF (ItemKNN),0.0,0.0
AGGPFCEZRB6I24FYEI4N6P2PJ2IA,Content (Avg Emb),0.0,0.0
AGGPFCEZRB6I24FYEI4N6P2PJ2IA,Last-Item,0.0,0.0
AGGPFCEZRB6I24FYEI4N6P2PJ2IA,Avg-Last-10,0.0,0.0
AGGPFCEZRB6I24FYEI4N6P2PJ2IA,Recency-Weighted,0.0,0.0
AGGPFCEZRB6I24FYEI4N6P2PJ2IA,Essence (K=10),0.0,0.0
AGGQYBU4P5PU32DRQFSXGYUAGOZQ,Random,0.0,0.0
AGGQYBU4P5PU32DRQFSXGYUAGOZQ,Popularity,0.0,0.0
AGGQYBU4P5PU32DRQFSXGYUAGOZQ,CF (ItemKNN),0.0,0.0
AGGQYBU4P5PU32DRQFSXGYUAGOZQ,Content (Avg Emb),0.0,0.0
AGGQYBU4P5PU32DRQFSXGYUAGOZQ,Last-Item,0.0,0.0
AGGQYBU4P5PU32DRQFSXGYUAGOZQ,Avg-Last-10,0.0,0.0
AGGQYBU4P5PU32DRQFSXGYUAGOZQ,Recency-Weighted,0.0,0.0
AGGQYBU4P5PU32DRQFSXGYUAGOZQ,Essence (K=10),0.0,0.0
AGGT6CFFJ6JB7KXLPQE2QBWQMPYA,Random,0.0,
AGGT6CFFJ6JB7KXLPQE2QBWQMPYA,Popularity,0.0,
AGGT6CFFJ6JB7KXLPQE2QBWQMPYA,CF (ItemKNN),0.0,
AGGT6CFFJ6JB7KXLPQE2QBWQMPYA,Content (Avg Emb),0.0,
AGGT6CFFJ6JB7KXLPQE2QBWQMPYA,Last-Item,0.0,
AGGT6CFFJ6JB7KXLPQE2QBWQMPYA,Avg-Last-10,0.0,
AGGT6CFFJ6JB7KXLPQE2QBWQMPYA,Recency-Weighted,0.0,
AGGT6CFFJ6JB7KXLPQE2QBWQMPYA,Essence (K=10),0.0,
AGGUMDU23CEFCE7SXJLZGEWIGZSA,Random,0.0,
AGGUMDU23CEFCE7SXJLZGEWIGZSA,Popularity,0.0,
AGGUMDU23CEFCE7SXJLZGEWIGZSA,CF (ItemKNN),0.0,
AGGUMDU23CEFCE7SXJLZGEWIGZSA,Content (Avg Emb),0.0,
AGGUMDU23CEFCE7SXJLZGEWIGZSA,Last-Item,0.0,
AGGUMDU23CEFCE7SXJLZGEWIGZSA,Avg-Last-10,0.0,
AGGUMDU23CEFCE7SXJLZGEWIGZSA,Recency-Weighted,0.0,
AGGUMDU23CEFCE7SXJLZGEWIGZSA,Essence (K=10),0.0,
AGGXZN2BD2YVS2A2KXCNZ7AQ2PMA,Random,0.0,0.0
AGGXZN2BD2YVS2A2KXCNZ7AQ2PMA,Popularity,0.0,0.0
AGGXZN2BD2YVS2A2KXCNZ7AQ2PMA,CF (ItemKNN),0.0,0.0
AGGXZN2BD2YVS2A2KXCNZ7AQ2PMA,Content (Avg Emb),0.0,0.0
AGGXZN2BD2YVS2A2KXCNZ7AQ2PMA,Last-Item,0.0,0.0
AGGXZN2BD2YVS2A2KXCNZ7AQ2PMA,Avg-Last-10,0.0,0.0
AGGXZN2BD2YVS2A2KXCNZ7AQ2PMA,Recency-Weighted,0.0,0.0
AGGXZN2BD2YVS2A2KXCNZ7AQ2PMA,Essence (K=10),0.0,0.0
AGGZ2SYUXMQJSS7PZBC2Z54TEMGQ,Random,0.0,
AGGZ2SYUXMQJSS7PZBC2Z54TEMGQ,Popularity,0.0,
AGGZ2SYUXMQJSS7PZBC2Z54TEMGQ,CF (ItemKNN),0.0,
AGGZ2SYUXMQJSS7PZBC2Z54TEMGQ,Content (Avg Emb),0.0,
AGGZ2SYUXMQJSS7PZBC2Z54TEMGQ,Last-Item,0.0,
AGGZ2SYUXMQJSS7PZBC2Z54TEMGQ,Avg-Last-10,0.0,
AGGZ2SYUXMQJSS7PZBC2Z54TEMGQ,Recency-Weighted,0.0,
AGGZ2SYUXMQJSS7PZBC2Z54TEMGQ,Essence (K=10),0.0,
AGH4HO3LGXH5PA6BCUAZF4NMBUGA,Random,0.0,
AGH4HO3LGXH5PA6BCUAZF4NMBUGA,Popularity,0.0,
AGH4HO3LGXH5PA6BCUAZF4NMBUGA,CF (ItemKNN),0.0,
AGH4HO3LGXH5PA6BCUAZF4NMBUGA,Content (Avg Emb),0.0,
AGH4HO3LGXH5PA6BCUAZF4NMBUGA,Last-Item,0.0,
AGH4HO3LGXH5PA6BCUAZF4NMBUGA,Avg-Last-10,0.0,
AGH4HO3LGXH5PA6BCUAZF4NMBUGA,Recency-Weighted,0.0,
AGH4HO3LGXH5PA6BCUAZF4NMBUGA,Essence (K=10),0.2,
AGH5MYXEGLKK3FZ2RDRNXL3OXHZQ,Random,0.0,0.0
AGH5MYXEGLKK3FZ2RDRNXL3OXHZQ,Popularity,0.0,0.0
AGH5MYXEGLKK3FZ2RDRNXL3OXHZQ,CF (ItemKNN),0.0,0.0
AGH5MYXEGLKK3FZ2RDRNXL3OXHZQ,Content (Avg Emb),0.0,0.0
AGH5MYXEGLKK3FZ2RDRNXL3OXHZQ,Last-Item,0.09090909090909091,0.0
AGH5MYXEGLKK3FZ2RDRNXL3OXHZQ,Avg-Last-10,0.0,0.0
AGH5MYXEGLKK3FZ2RDRNXL3OXHZQ,Recency-Weighted,0.0,0.0
AGH5MYXEGLKK3FZ2RDRNXL3OXHZQ,Essence (K=10),0.0,0.0
AGH63SRINPKEGJ3CVLRCDUCY7ETA,Random,0.0,0.0
AGH63SRINPKEGJ3CVLRCDUCY7ETA,Popularity,0.0,0.0
AGH63SRINPKEGJ3CVLRCDUCY7ETA,CF (ItemKNN),0.0,0.0
AGH63SRINPKEGJ3CVLRCDUCY7ETA,Content (Avg Emb),0.0,0.0
AGH63SRINPKEGJ3CVLRCDUCY7ETA,Last-Item,0.0,0.0
AGH63SRINPKEGJ3CVLRCDUCY7ETA,Avg-Last-10,0.0,0.0
AGH63SRINPKEGJ3CVLRCDUCY7ETA,Recency-Weighted,0.0,0.0
AGH63SRINPKEGJ3CVLRCDUCY7ETA,Essence (K=10),0.0,0.0
AGH7AQFPQHY6NDVXUBRUV35GOLZA,Random,0.0,
AGH7AQFPQHY6NDVXUBRUV35GOLZA,Popularity,0.0,
AGH7AQFPQHY6NDVXUBRUV35GOLZA,CF (ItemKNN),0.0,
AGH7AQFPQHY6NDVXUBRUV35GOLZA,Content (Avg Emb),0.0,
AGH7AQFPQHY6NDVXUBRUV35GOLZA,Last-Item,0.6666666666666666,
AGH7AQFPQHY6NDVXUBRUV35GOLZA,Avg-Last-10,0.0,
AGH7AQFPQHY6NDVXUBRUV35GOLZA,Recency-Weighted,0.0,
AGH7AQFPQHY6NDVXUBRUV35GOLZA,Essence (K=10),0.0,
AGH7WH7Y2KVY5UE73XS55KP53JJQ,Random,0.0,0.0
AGH7WH7Y2KVY5UE73XS55KP53JJQ,Popularity,0.0,0.0
AGH7WH7Y2KVY5UE73XS55KP53JJQ,CF (ItemKNN),0.0,0.0
AGH7WH7Y2KVY5UE73XS55KP53JJQ,Content (Avg Emb),0.0,0.0
AGH7WH7Y2KVY5UE73XS55KP53JJQ,Last-Item,0.0,0.0
AGH7WH7Y2KVY5UE73XS55KP53JJQ,Avg-Last-10,0.0,0.0
AGH7WH7Y2KVY5UE73XS55KP53JJQ,Recency-Weighted,0.0,0.0
AGH7WH7Y2KVY5UE73XS55KP53JJQ,Essence (K=10),0.0,0.0
AGHAQ4VHIHPHKARUIFTJPZAVK4KA,Random,0.0,
AGHAQ4VHIHPHKARUIFTJPZAVK4KA,Popularity,0.0,
AGHAQ4VHIHPHKARUIFTJPZAVK4KA,CF (ItemKNN),0.0,
AGHAQ4VHIHPHKARUIFTJPZAVK4KA,Content (Avg Emb),0.0,
AGHAQ4VHIHPHKARUIFTJPZAVK4KA,Last-Item,0.0,
AGHAQ4VHIHPHKARUIFTJPZAVK4KA,Avg-Last-10,0.0,
AGHAQ4VHIHPHKARUIFTJPZAVK4KA,Recency-Weighted,0.0,
AGHAQ4VHIHPHKARUIFTJPZAVK4KA,Essence (K=10),0.0,
AGHAVRTLSUULALO3OFAS4ZHN2YYA,Random,0.0,
AGHAVRTLSUULALO3OFAS4ZHN2YYA,Popularity,0.0,
AGHAVRTLSUULALO3OFAS4ZHN2YYA,CF (ItemKNN),0.0,
AGHAVRTLSUULALO3OFAS4ZHN2YYA,Content (Avg Emb),0.0,
AGHAVRTLSUULALO3OFAS4ZHN2YYA,Last-Item,0.25,
AGHAVRTLSUULALO3OFAS4ZHN2YYA,Avg-Last-10,0.0,
AGHAVRTLSUULALO3OFAS4ZHN2YYA,Recency-Weighted,0.0,
AGHAVRTLSUULALO3OFAS4ZHN2YYA,Essence (K=10),0.0,
AGHBOC7PACBWQEAVXM4KUMRBLKKA,Random,0.0,
AGHBOC7PACBWQEAVXM4KUMRBLKKA,Popularity,0.0,
AGHBOC7PACBWQEAVXM4KUMRBLKKA,CF (ItemKNN),0.0,
AGHBOC7PACBWQEAVXM4KUMRBLKKA,Content (Avg Emb),0.0,
AGHBOC7PACBWQEAVXM4KUMRBLKKA,Last-Item,0.0,
AGHBOC7PACBWQEAVXM4KUMRBLKKA,Avg-Last-10,0.0,
AGHBOC7PACBWQEAVXM4KUMRBLKKA,Recency-Weighted,0.0,
AGHBOC7PACBWQEAVXM4KUMRBLKKA,Essence (K=10),0.0,
AGHE3ILGBP447YOQFFI3LLZY36CQ,Random,0.0,0.0
AGHE3ILGBP447YOQFFI3LLZY36CQ,Popularity,0.0,0.0
AGHE3ILGBP447YOQFFI3LLZY36CQ,CF (ItemKNN),0.0,0.0
AGHE3ILGBP447YOQFFI3LLZY36CQ,Content (Avg Emb),0.0,0.0
AGHE3ILGBP447YOQFFI3LLZY36CQ,Last-Item,0.0,0.0
AGHE3ILGBP447YOQFFI3LLZY36CQ,Avg-Last-10,0.0,0.0
AGHE3ILGBP447YOQFFI3LLZY36CQ,Recency-Weighted,0.0,0.0
AGHE3ILGBP447YOQFFI3LLZY36CQ,Essence (K=10),0.0,0.0
AGHEI7GKFBE4NQZVF63KU2ITKNCA,Random,0.0,0.0
AGHEI7GKFBE4NQZVF63KU2ITKNCA,Popularity,0.0,0.0
AGHEI7GKFBE4NQZVF63KU2ITKNCA,CF (ItemKNN),0.0,0.0
AGHEI7GKFBE4NQZVF63KU2ITKNCA,Content (Avg Emb),0.0,0.0
AGHEI7GKFBE4NQZVF63KU2ITKNCA,Last-Item,0.0,0.0
AGHEI7GKFBE4NQZVF63KU2ITKNCA,Avg-Last-10,0.0,0.0
AGHEI7GKFBE4NQZVF63KU2ITKNCA,Recency-Weighted,0.0,0.0
AGHEI7GKFBE4NQZVF63KU2ITKNCA,Essence (K=10),0.0,0.0
AGHEWBDTBEXFIG3534KDSYKY7QNA,Random,0.0,0.0
AGHEWBDTBEXFIG3534KDSYKY7QNA,Popularity,0.0,0.0
AGHEWBDTBEXFIG3534KDSYKY7QNA,CF (ItemKNN),0.0,0.0
AGHEWBDTBEXFIG3534KDSYKY7QNA,Content (Avg Emb),0.0,0.0
AGHEWBDTBEXFIG3534KDSYKY7QNA,Last-Item,0.0,0.0
AGHEWBDTBEXFIG3534KDSYKY7QNA,Avg-Last-10,0.0,0.0
AGHEWBDTBEXFIG3534KDSYKY7QNA,Recency-Weighted,0.0,0.0
AGHEWBDTBEXFIG3534KDSYKY7QNA,Essence (K=10),0.0,0.0
AGHFLFOW6RHY6PBY2NFA5U2SIJEQ,Random,0.0,0.0
AGHFLFOW6RHY6PBY2NFA5U2SIJEQ,Popularity,0.0,0.0
AGHFLFOW6RHY6PBY2NFA5U2SIJEQ,CF (ItemKNN),0.0,0.0
AGHFLFOW6RHY6PBY2NFA5U2SIJEQ,Content (Avg Emb),0.0,0.0
AGHFLFOW6RHY6PBY2NFA5U2SIJEQ,Last-Item,0.0,0.0
AGHFLFOW6RHY6PBY2NFA5U2SIJEQ,Avg-Last-10,0.0,0.0
AGHFLFOW6RHY6PBY2NFA5U2SIJEQ,Recency-Weighted,0.0,0.0
AGHFLFOW6RHY6PBY2NFA5U2SIJEQ,Essence (K=10),0.0,0.0
AGHGPZKQWJGKIYXVZH7UMVVHYSGA,Random,0.0,0.0
AGHGPZKQWJGKIYXVZH7UMVVHYSGA,Popularity,0.0,0.0
AGHGPZKQWJGKIYXVZH7UMVVHYSGA,CF (ItemKNN),0.0,0.0
AGHGPZKQWJGKIYXVZH7UMVVHYSGA,Content (Avg Emb),0.0,0.0
AGHGPZKQWJGKIYXVZH7UMVVHYSGA,Last-Item,0.0,0.0
AGHGPZKQWJGKIYXVZH7UMVVHYSGA,Avg-Last-10,0.0,0.0
AGHGPZKQWJGKIYXVZH7UMVVHYSGA,Recency-Weighted,0.0,0.0
AGHGPZKQWJGKIYXVZH7UMVVHYSGA,Essence (K=10),0.2222222222222222,0.0
AGHH7J5XHEE7VURFLODPL43P2BZA,Random,0.0,
AGHH7J5XHEE7VURFLODPL43P2BZA,Popularity,0.0,
AGHH7J5XHEE7VURFLODPL43P2BZA,CF (ItemKNN),0.0,
AGHH7J5XHEE7VURFLODPL43P2BZA,Content (Avg Emb),0.0,
AGHH7J5XHEE7VURFLODPL43P2BZA,Last-Item,0.0,
AGHH7J5XHEE7VURFLODPL43P2BZA,Avg-Last-10,0.0,
AGHH7J5XHEE7VURFLODPL43P2BZA,Recency-Weighted,0.0,
AGHH7J5XHEE7VURFLODPL43P2BZA,Essence (K=10),0.0,
AGHHCHKP2E6EIDV3SNEFCOPY4C5Q,Random,0.0,
AGHHCHKP2E6EIDV3SNEFCOPY4C5Q,Popularity,0.0,
AGHHCHKP2E6EIDV3SNEFCOPY4C5Q,CF (ItemKNN),0.0,
AGHHCHKP2E6EIDV3SNEFCOPY4C5Q,Content (Avg Emb),0.0,
AGHHCHKP2E6EIDV3SNEFCOPY4C5Q,Last-Item,0.07142857142857142,
AGHHCHKP2E6EIDV3SNEFCOPY4C5Q,Avg-Last-10,0.0,
AGHHCHKP2E6EIDV3SNEFCOPY4C5Q,Recency-Weighted,0.0,
AGHHCHKP2E6EIDV3SNEFCOPY4C5Q,Essence (K=10),0.0,
AGHI6IXIJEPL4X4YBBYINBCNOXKA,Random,0.0,0.0
AGHI6IXIJEPL4X4YBBYINBCNOXKA,Popularity,0.14285714285714285,0.0
AGHI6IXIJEPL4X4YBBYINBCNOXKA,CF (ItemKNN),0.0,0.0
AGHI6IXIJEPL4X4YBBYINBCNOXKA,Content (Avg Emb),0.0,0.0
AGHI6IXIJEPL4X4YBBYINBCNOXKA,Last-Item,0.0,0.0
AGHI6IXIJEPL4X4YBBYINBCNOXKA,Avg-Last-10,0.0,0.0
AGHI6IXIJEPL4X4YBBYINBCNOXKA,Recency-Weighted,0.0,0.0
AGHI6IXIJEPL4X4YBBYINBCNOXKA,Essence (K=10),0.0,0.0
AGHINYICDELYVF2MJN24UT62M7EA,Random,0.0,0.0
AGHINYICDELYVF2MJN24UT62M7EA,Popularity,0.0,0.0
AGHINYICDELYVF2MJN24UT62M7EA,CF (ItemKNN),0.0,0.0
AGHINYICDELYVF2MJN24UT62M7EA,Content (Avg Emb),0.0,0.0
AGHINYICDELYVF2MJN24UT62M7EA,Last-Item,0.625,1.0
AGHINYICDELYVF2MJN24UT62M7EA,Avg-Last-10,0.625,1.0
AGHINYICDELYVF2MJN24UT62M7EA,Recency-Weighted,0.625,1.0
AGHINYICDELYVF2MJN24UT62M7EA,Essence (K=10),0.0,0.0
AGHOEOY2Y7BQ32JEBGIUHK3NCESA,Random,0.0,0.0
AGHOEOY2Y7BQ32JEBGIUHK3NCESA,Popularity,0.0,0.0
AGHOEOY2Y7BQ32JEBGIUHK3NCESA,CF (ItemKNN),0.0,0.0
AGHOEOY2Y7BQ32JEBGIUHK3NCESA,Content (Avg Emb),0.0,0.0
AGHOEOY2Y7BQ32JEBGIUHK3NCESA,Last-Item,0.0,0.0
AGHOEOY2Y7BQ32JEBGIUHK3NCESA,Avg-Last-10,0.0,0.0
AGHOEOY2Y7BQ32JEBGIUHK3NCESA,Recency-Weighted,0.0,0.0
AGHOEOY2Y7BQ32JEBGIUHK3NCESA,Essence (K=10),0.0,0.0
AGHOPQXYCREXNNSIZ3GU7Q2QYTRA,Random,0.0,
AGHOPQXYCREXNNSIZ3GU7Q2QYTRA,Popularity,0.0,
AGHOPQXYCREXNNSIZ3GU7Q2QYTRA,CF (ItemKNN),0.0,
AGHOPQXYCREXNNSIZ3GU7Q2QYTRA,Content (Avg Emb),0.0,
AGHOPQXYCREXNNSIZ3GU7Q2QYTRA,Last-Item,0.0,
AGHOPQXYCREXNNSIZ3GU7Q2QYTRA,Avg-Last-10,0.0,
AGHOPQXYCREXNNSIZ3GU7Q2QYTRA,Recency-Weighted,0.0,
AGHOPQXYCREXNNSIZ3GU7Q2QYTRA,Essence (K=10),0.0,
AGHPPNYG77TZFAVHPTYBGYQHN56Q,Random,0.0,
AGHPPNYG77TZFAVHPTYBGYQHN56Q,Popularity,0.0,
AGHPPNYG77TZFAVHPTYBGYQHN56Q,CF (ItemKNN),0.0,
AGHPPNYG77TZFAVHPTYBGYQHN56Q,Content (Avg Emb),0.0,
AGHPPNYG77TZFAVHPTYBGYQHN56Q,Last-Item,0.2857142857142857,
AGHPPNYG77TZFAVHPTYBGYQHN56Q,Avg-Last-10,0.0,
AGHPPNYG77TZFAVHPTYBGYQHN56Q,Recency-Weighted,0.0,
AGHPPNYG77TZFAVHPTYBGYQHN56Q,Essence (K=10),0.0,
AGHPTIXMHQY5G4SURRZZLKA3TPJQ,Random,0.0,
AGHPTIXMHQY5G4SURRZZLKA3TPJQ,Popularity,0.0,
AGHPTIXMHQY5G4SURRZZLKA3TPJQ,CF (ItemKNN),0.0,
AGHPTIXMHQY5G4SURRZZLKA3TPJQ,Content (Avg Emb),0.038461538461538464,
AGHPTIXMHQY5G4SURRZZLKA3TPJQ,Last-Item,0.0,
AGHPTIXMHQY5G4SURRZZLKA3TPJQ,Avg-Last-10,0.0,
AGHPTIXMHQY5G4SURRZZLKA3TPJQ,Recency-Weighted,0.0,
AGHPTIXMHQY5G4SURRZZLKA3TPJQ,Essence (K=10),0.0,
AGHS2IGE5P6EYDS43UC6BTQL2FWA,Random,0.0,
AGHS2IGE5P6EYDS43UC6BTQL2FWA,Popularity,0.0,
AGHS2IGE5P6EYDS43UC6BTQL2FWA,CF (ItemKNN),0.0,
AGHS2IGE5P6EYDS43UC6BTQL2FWA,Content (Avg Emb),0.0,
AGHS2IGE5P6EYDS43UC6BTQL2FWA,Last-Item,0.0,
AGHS2IGE5P6EYDS43UC6BTQL2FWA,Avg-Last-10,0.0,
AGHS2IGE5P6EYDS43UC6BTQL2FWA,Recency-Weighted,0.0,
AGHS2IGE5P6EYDS43UC6BTQL2FWA,Essence (K=10),0.0,
AGHUO4KWDBMDAC4FZNUHXXZBEOOQ,Random,0.0,0.0
AGHUO4KWDBMDAC4FZNUHXXZBEOOQ,Popularity,0.0,0.0
AGHUO4KWDBMDAC4FZNUHXXZBEOOQ,CF (ItemKNN),0.0,0.0
AGHUO4KWDBMDAC4FZNUHXXZBEOOQ,Content (Avg Emb),0.0,0.0
AGHUO4KWDBMDAC4FZNUHXXZBEOOQ,Last-Item,0.0,0.0
AGHUO4KWDBMDAC4FZNUHXXZBEOOQ,Avg-Last-10,0.0,0.0
AGHUO4KWDBMDAC4FZNUHXXZBEOOQ,Recency-Weighted,0.0,0.0
AGHUO4KWDBMDAC4FZNUHXXZBEOOQ,Essence (K=10),0.0,0.0
AGHVI7XGEKBHN4WXLKAUZ4JH2ZMQ,Random,0.0,0.0
AGHVI7XGEKBHN4WXLKAUZ4JH2ZMQ,Popularity,0.0,0.0
AGHVI7XGEKBHN4WXLKAUZ4JH2ZMQ,CF (ItemKNN),0.0,0.0
AGHVI7XGEKBHN4WXLKAUZ4JH2ZMQ,Content (Avg Emb),0.0,0.0
AGHVI7XGEKBHN4WXLKAUZ4JH2ZMQ,Last-Item,0.0,0.0
AGHVI7XGEKBHN4WXLKAUZ4JH2ZMQ,Avg-Last-10,0.0,0.0
AGHVI7XGEKBHN4WXLKAUZ4JH2ZMQ,Recency-Weighted,0.0,0.0
AGHVI7XGEKBHN4WXLKAUZ4JH2ZMQ,Essence (K=10),0.0,0.0
AGHWOVCEJYSPHBSDFESSQ27ZIKQQ,Random,0.0,0.0
AGHWOVCEJYSPHBSDFESSQ27ZIKQQ,Popularity,0.0,0.0
AGHWOVCEJYSPHBSDFESSQ27ZIKQQ,CF (ItemKNN),0.0,0.0
AGHWOVCEJYSPHBSDFESSQ27ZIKQQ,Content (Avg Emb),0.0,0.0
AGHWOVCEJYSPHBSDFESSQ27ZIKQQ,Last-Item,0.0,0.0
AGHWOVCEJYSPHBSDFESSQ27ZIKQQ,Avg-Last-10,0.0,0.0
AGHWOVCEJYSPHBSDFESSQ27ZIKQQ,Recency-Weighted,0.0,0.0
AGHWOVCEJYSPHBSDFESSQ27ZIKQQ,Essence (K=10),0.0,0.0
AGHYEI3RTXCLGN2EWO65V77RRWTA,Random,0.0,0.0
AGHYEI3RTXCLGN2EWO65V77RRWTA,Popularity,0.0,0.0
AGHYEI3RTXCLGN2EWO65V77RRWTA,CF (ItemKNN),0.0,0.0
AGHYEI3RTXCLGN2EWO65V77RRWTA,Content (Avg Emb),0.0,0.0
AGHYEI3RTXCLGN2EWO65V77RRWTA,Last-Item,0.0,0.0
AGHYEI3RTXCLGN2EWO65V77RRWTA,Avg-Last-10,0.0,0.0
AGHYEI3RTXCLGN2EWO65V77RRWTA,Recency-Weighted,0.0,0.0
AGHYEI3RTXCLGN2EWO65V77RRWTA,Essence (K=10),0.0,0.0
AGI3GIU76EALM3JXVF5OL5CLAIWQ,Random,0.0,
AGI3GIU76EALM3JXVF5OL5CLAIWQ,Popularity,0.0,
AGI3GIU76EALM3JXVF5OL5CLAIWQ,CF (ItemKNN),0.0,
AGI3GIU76EALM3JXVF5OL5CLAIWQ,Content (Avg Emb),0.0,
AGI3GIU76EALM3JXVF5OL5CLAIWQ,Last-Item,0.0,
AGI3GIU76EALM3JXVF5OL5CLAIWQ,Avg-Last-10,0.0,
AGI3GIU76EALM3JXVF5OL5CLAIWQ,Recency-Weighted,0.0,
AGI3GIU76EALM3JXVF5OL5CLAIWQ,Essence (K=10),0.0,
AGI5QCLQ6YFQC7W3V63E3YZJZULQ,Random,0.0,
AGI5QCLQ6YFQC7W3V63E3YZJZULQ,Popularity,0.0,
AGI5QCLQ6YFQC7W3V63E3YZJZULQ,CF (ItemKNN),0.0,
AGI5QCLQ6YFQC7W3V63E3YZJZULQ,Content (Avg Emb),1.0,
AGI5QCLQ6YFQC7W3V63E3YZJZULQ,Last-Item,0.0,
AGI5QCLQ6YFQC7W3V63E3YZJZULQ,Avg-Last-10,1.0,
AGI5QCLQ6YFQC7W3V63E3YZJZULQ,Recency-Weighted,1.0,
AGI5QCLQ6YFQC7W3V63E3YZJZULQ,Essence (K=10),0.5,
AGIAW37X26ODGTYKXRVLV6OVLBWQ,Random,0.0,0.0
AGIAW37X26ODGTYKXRVLV6OVLBWQ,Popularity,0.0,0.0
AGIAW37X26ODGTYKXRVLV6OVLBWQ,CF (ItemKNN),0.0,0.0
AGIAW37X26ODGTYKXRVLV6OVLBWQ,Content (Avg Emb),0.0,0.0
AGIAW37X26ODGTYKXRVLV6OVLBWQ,Last-Item,0.0,0.0
AGIAW37X26ODGTYKXRVLV6OVLBWQ,Avg-Last-10,0.0,0.0
AGIAW37X26ODGTYKXRVLV6OVLBWQ,Recency-Weighted,0.0,0.0
AGIAW37X26ODGTYKXRVLV6OVLBWQ,Essence (K=10),0.0,0.0
AGIB7CHZUTH4DWX2ARVHC7Q3GJDQ,Random,0.0,
AGIB7CHZUTH4DWX2ARVHC7Q3GJDQ,Popularity,0.0,
AGIB7CHZUTH4DWX2ARVHC7Q3GJDQ,CF (ItemKNN),0.0,
AGIB7CHZUTH4DWX2ARVHC7Q3GJDQ,Content (Avg Emb),0.0,
AGIB7CHZUTH4DWX2ARVHC7Q3GJDQ,Last-Item,0.0,
AGIB7CHZUTH4DWX2ARVHC7Q3GJDQ,Avg-Last-10,0.0,
AGIB7CHZUTH4DWX2ARVHC7Q3GJDQ,Recency-Weighted,0.0,
AGIB7CHZUTH4DWX2ARVHC7Q3GJDQ,Essence (K=10),0.0,
AGIBCNMQXBBVHGXR4HL6YN4TNHNA,Random,0.0,0.0
AGIBCNMQXBBVHGXR4HL6YN4TNHNA,Popularity,0.0,0.0
AGIBCNMQXBBVHGXR4HL6YN4TNHNA,CF (ItemKNN),0.0,0.0
AGIBCNMQXBBVHGXR4HL6YN4TNHNA,Content (Avg Emb),0.0,0.0
AGIBCNMQXBBVHGXR4HL6YN4TNHNA,Last-Item,0.0,0.0
AGIBCNMQXBBVHGXR4HL6YN4TNHNA,Avg-Last-10,0.0,0.0
AGIBCNMQXBBVHGXR4HL6YN4TNHNA,Recency-Weighted,0.0,0.0
AGIBCNMQXBBVHGXR4HL6YN4TNHNA,Essence (K=10),0.0,0.0
AGIHPSNPU42FGGUYREY34WIAX2MQ,Random,0.0,0.0
AGIHPSNPU42FGGUYREY34WIAX2MQ,Popularity,0.0,0.0
AGIHPSNPU42FGGUYREY34WIAX2MQ,CF (ItemKNN),0.0,0.0
AGIHPSNPU42FGGUYREY34WIAX2MQ,Content (Avg Emb),0.0,0.0
AGIHPSNPU42FGGUYREY34WIAX2MQ,Last-Item,0.3333333333333333,1.0
AGIHPSNPU42FGGUYREY34WIAX2MQ,Avg-Last-10,0.0,0.0
AGIHPSNPU42FGGUYREY34WIAX2MQ,Recency-Weighted,0.0,0.0
AGIHPSNPU42FGGUYREY34WIAX2MQ,Essence (K=10),0.0,0.0
AGIHYQLNQ7WATXYW7JFTB33YGDOA,Random,0.0,
AGIHYQLNQ7WATXYW7JFTB33YGDOA,Popularity,0.0,
AGIHYQLNQ7WATXYW7JFTB33YGDOA,CF (ItemKNN),0.0,
AGIHYQLNQ7WATXYW7JFTB33YGDOA,Content (Avg Emb),0.0,
AGIHYQLNQ7WATXYW7JFTB33YGDOA,Last-Item,0.0,
AGIHYQLNQ7WATXYW7JFTB33YGDOA,Avg-Last-10,0.0,
AGIHYQLNQ7WATXYW7JFTB33YGDOA,Recency-Weighted,0.0,
AGIHYQLNQ7WATXYW7JFTB33YGDOA,Essence (K=10),0.0,
AGII5KZUMKQSBF6LUHWIT3YGHS5A,Random,0.0,
AGII5KZUMKQSBF6LUHWIT3YGHS5A,Popularity,0.0,
AGII5KZUMKQSBF6LUHWIT3YGHS5A,CF (ItemKNN),0.0,
AGII5KZUMKQSBF6LUHWIT3YGHS5A,Content (Avg Emb),0.0,
AGII5KZUMKQSBF6LUHWIT3YGHS5A,Last-Item,0.0,
AGII5KZUMKQSBF6LUHWIT3YGHS5A,Avg-Last-10,0.0,
AGII5KZUMKQSBF6LUHWIT3YGHS5A,Recency-Weighted,0.0,
AGII5KZUMKQSBF6LUHWIT3YGHS5A,Essence (K=10),0.0,
AGIKQZUBCZYHI4DEQQZ2TCEKS2AA,Random,0.0,0.0
AGIKQZUBCZYHI4DEQQZ2TCEKS2AA,Popularity,0.0,0.0
AGIKQZUBCZYHI4DEQQZ2TCEKS2AA,CF (ItemKNN),0.0,0.0
AGIKQZUBCZYHI4DEQQZ2TCEKS2AA,Content (Avg Emb),0.0,0.0
AGIKQZUBCZYHI4DEQQZ2TCEKS2AA,Last-Item,0.02631578947368421,0.0
AGIKQZUBCZYHI4DEQQZ2TCEKS2AA,Avg-Last-10,0.02631578947368421,0.0
AGIKQZUBCZYHI4DEQQZ2TCEKS2AA,Recency-Weighted,0.02631578947368421,0.0
AGIKQZUBCZYHI4DEQQZ2TCEKS2AA,Essence (K=10),0.02631578947368421,0.0
AGIL5RUALWC4HX7HV2PAYKO4DUNQ,Random,0.0,0.0
AGIL5RUALWC4HX7HV2PAYKO4DUNQ,Popularity,0.0,0.0
AGIL5RUALWC4HX7HV2PAYKO4DUNQ,CF (ItemKNN),0.0,0.0
AGIL5RUALWC4HX7HV2PAYKO4DUNQ,Content (Avg Emb),0.0,0.0
AGIL5RUALWC4HX7HV2PAYKO4DUNQ,Last-Item,0.0,0.0
AGIL5RUALWC4HX7HV2PAYKO4DUNQ,Avg-Last-10,0.0,0.0
AGIL5RUALWC4HX7HV2PAYKO4DUNQ,Recency-Weighted,0.0,0.0
AGIL5RUALWC4HX7HV2PAYKO4DUNQ,Essence (K=10),0.0,0.0
AGINOTJ3Q4Q4X65UZSBH65SZVUMA,Random,0.0,0.0
AGINOTJ3Q4Q4X65UZSBH65SZVUMA,Popularity,0.0,0.0
AGINOTJ3Q4Q4X65UZSBH65SZVUMA,CF (ItemKNN),0.0,0.0
AGINOTJ3Q4Q4X65UZSBH65SZVUMA,Content (Avg Emb),0.0,0.0
AGINOTJ3Q4Q4X65UZSBH65SZVUMA,Last-Item,0.0,0.0
AGINOTJ3Q4Q4X65UZSBH65SZVUMA,Avg-Last-10,0.0,0.0
AGINOTJ3Q4Q4X65UZSBH65SZVUMA,Recency-Weighted,0.0,0.0
AGINOTJ3Q4Q4X65UZSBH65SZVUMA,Essence (K=10),0.0,0.0
AGIPLXKOA4F7NPM2FUYFTM5X5JEA,Random,0.0,0.0
AGIPLXKOA4F7NPM2FUYFTM5X5JEA,Popularity,0.0,0.0
AGIPLXKOA4F7NPM2FUYFTM5X5JEA,CF (ItemKNN),0.0,0.0
AGIPLXKOA4F7NPM2FUYFTM5X5JEA,Content (Avg Emb),0.0,0.0
AGIPLXKOA4F7NPM2FUYFTM5X5JEA,Last-Item,0.0,0.0
AGIPLXKOA4F7NPM2FUYFTM5X5JEA,Avg-Last-10,0.0,0.0
AGIPLXKOA4F7NPM2FUYFTM5X5JEA,Recency-Weighted,0.0,0.0
AGIPLXKOA4F7NPM2FUYFTM5X5JEA,Essence (K=10),0.0,0.0
AGIQT52NCWRQ3SWCGG2KCRRFQKNA,Random,0.0,0.0
AGIQT52NCWRQ3SWCGG2KCRRFQKNA,Popularity,0.0,0.0
AGIQT52NCWRQ3SWCGG2KCRRFQKNA,CF (ItemKNN),0.0,0.0
AGIQT52NCWRQ3SWCGG2KCRRFQKNA,Content (Avg Emb),0.0,0.0
AGIQT52NCWRQ3SWCGG2KCRRFQKNA,Last-Item,0.0,0.0
AGIQT52NCWRQ3SWCGG2KCRRFQKNA,Avg-Last-10,0.0,0.0
AGIQT52NCWRQ3SWCGG2KCRRFQKNA,Recency-Weighted,0.0,0.0
AGIQT52NCWRQ3SWCGG2KCRRFQKNA,Essence (K=10),0.0,0.0
AGIQZCUJCZLBY4223JD4PNNDZWBQ,Random,0.0,
AGIQZCUJCZLBY4223JD4PNNDZWBQ,Popularity,0.14285714285714285,
AGIQZCUJCZLBY4223JD4PNNDZWBQ,CF (ItemKNN),0.0,
AGIQZCUJCZLBY4223JD4PNNDZWBQ,Content (Avg Emb),0.0,
AGIQZCUJCZLBY4223JD4PNNDZWBQ,Last-Item,0.0,
AGIQZCUJCZLBY4223JD4PNNDZWBQ,Avg-Last-10,0.0,
AGIQZCUJCZLBY4223JD4PNNDZWBQ,Recency-Weighted,0.0,
AGIQZCUJCZLBY4223JD4PNNDZWBQ,Essence (K=10),0.0,
AGIWMTBNKWMJXW6HVTKVGB7BFHEQ,Random,0.0,0.0
AGIWMTBNKWMJXW6HVTKVGB7BFHEQ,Popularity,0.07692307692307693,0.0
AGIWMTBNKWMJXW6HVTKVGB7BFHEQ,CF (ItemKNN),0.0,0.0
AGIWMTBNKWMJXW6HVTKVGB7BFHEQ,Content (Avg Emb),0.0,0.0
AGIWMTBNKWMJXW6HVTKVGB7BFHEQ,Last-Item,0.0,0.0
AGIWMTBNKWMJXW6HVTKVGB7BFHEQ,Avg-Last-10,0.0,0.0
AGIWMTBNKWMJXW6HVTKVGB7BFHEQ,Recency-Weighted,0.0,0.0
AGIWMTBNKWMJXW6HVTKVGB7BFHEQ,Essence (K=10),0.0,0.0
AGIWRTE7THKGLEPXIDJGLOW6JDQA,Random,0.0,0.0
AGIWRTE7THKGLEPXIDJGLOW6JDQA,Popularity,0.0,0.0
AGIWRTE7THKGLEPXIDJGLOW6JDQA,CF (ItemKNN),0.0,0.0
AGIWRTE7THKGLEPXIDJGLOW6JDQA,Content (Avg Emb),0.16666666666666666,0.0
AGIWRTE7THKGLEPXIDJGLOW6JDQA,Last-Item,0.16666666666666666,0.0
AGIWRTE7THKGLEPXIDJGLOW6JDQA,Avg-Last-10,0.0,0.0
AGIWRTE7THKGLEPXIDJGLOW6JDQA,Recency-Weighted,0.16666666666666666,0.0
AGIWRTE7THKGLEPXIDJGLOW6JDQA,Essence (K=10),0.0,0.0
AGIWXP2MZJN7RTMZIEXV74L4VNXQ,Random,0.0,0.0
AGIWXP2MZJN7RTMZIEXV74L4VNXQ,Popularity,0.0,0.0
AGIWXP2MZJN7RTMZIEXV74L4VNXQ,CF (ItemKNN),0.0,0.0
AGIWXP2MZJN7RTMZIEXV74L4VNXQ,Content (Avg Emb),0.0,0.0
AGIWXP2MZJN7RTMZIEXV74L4VNXQ,Last-Item,0.2,0.0
AGIWXP2MZJN7RTMZIEXV74L4VNXQ,Avg-Last-10,0.0,0.0
AGIWXP2MZJN7RTMZIEXV74L4VNXQ,Recency-Weighted,0.0,0.0
AGIWXP2MZJN7RTMZIEXV74L4VNXQ,Essence (K=10),0.0,0.0
AGJ3Z55T6ALVOR5B6AGQAHV66MKQ,Random,0.0,
AGJ3Z55T6ALVOR5B6AGQAHV66MKQ,Popularity,0.0,
AGJ3Z55T6ALVOR5B6AGQAHV66MKQ,CF (ItemKNN),0.0,
AGJ3Z55T6ALVOR5B6AGQAHV66MKQ,Content (Avg Emb),0.0,
AGJ3Z55T6ALVOR5B6AGQAHV66MKQ,Last-Item,0.0,
AGJ3Z55T6ALVOR5B6AGQAHV66MKQ,Avg-Last-10,0.0,
AGJ3Z55T6ALVOR5B6AGQAHV66MKQ,Recency-Weighted,0.0,
AGJ3Z55T6ALVOR5B6AGQAHV66MKQ,Essence (K=10),0.0,
AGJ4Q3MGWC2JEATLWES3ZZ5FQCWQ,Random,0.0,0.0
AGJ4Q3MGWC2JEATLWES3ZZ5FQCWQ,Popularity,0.0,0.0
AGJ4Q3MGWC2JEATLWES3ZZ5FQCWQ,CF (ItemKNN),0.0,0.0
AGJ4Q3MGWC2JEATLWES3ZZ5FQCWQ,Content (Avg Emb),0.0,0.0
AGJ4Q3MGWC2JEATLWES3ZZ5FQCWQ,Last-Item,0.0,0.0
AGJ4Q3MGWC2JEATLWES3ZZ5FQCWQ,Avg-Last-10,0.041666666666666664,0.0
AGJ4Q3MGWC2JEATLWES3ZZ5FQCWQ,Recency-Weighted,0.041666666666666664,0.0
AGJ4Q3MGWC2JEATLWES3ZZ5FQCWQ,Essence (K=10),0.041666666666666664,0.0
AGJ55P6PCRFEOV6RNUU7P7PN2W5Q,Random,0.0,0.0
AGJ55P6PCRFEOV6RNUU7P7PN2W5Q,Popularity,0.0,0.0
AGJ55P6PCRFEOV6RNUU7P7PN2W5Q,CF (ItemKNN),0.0,0.0
AGJ55P6PCRFEOV6RNUU7P7PN2W5Q,Content (Avg Emb),0.0,0.0
AGJ55P6PCRFEOV6RNUU7P7PN2W5Q,Last-Item,0.0,0.0
AGJ55P6PCRFEOV6RNUU7P7PN2W5Q,Avg-Last-10,0.0,0.0
AGJ55P6PCRFEOV6RNUU7P7PN2W5Q,Recency-Weighted,0.0,0.0
AGJ55P6PCRFEOV6RNUU7P7PN2W5Q,Essence (K=10),0.0,0.0
AGJ6F7EV5WSHDD6YSSZNNAGTHOLQ,Random,0.0,
AGJ6F7EV5WSHDD6YSSZNNAGTHOLQ,Popularity,0.0,
AGJ6F7EV5WSHDD6YSSZNNAGTHOLQ,CF (ItemKNN),0.0,
AGJ6F7EV5WSHDD6YSSZNNAGTHOLQ,Content (Avg Emb),0.0,
AGJ6F7EV5WSHDD6YSSZNNAGTHOLQ,Last-Item,0.0,
AGJ6F7EV5WSHDD6YSSZNNAGTHOLQ,Avg-Last-10,0.0,
AGJ6F7EV5WSHDD6YSSZNNAGTHOLQ,Recency-Weighted,0.0,
AGJ6F7EV5WSHDD6YSSZNNAGTHOLQ,Essence (K=10),0.0,
AGJCSEYRKWURCC7CYMPKBS5ANRMA,Random,0.0,0.0
AGJCSEYRKWURCC7CYMPKBS5ANRMA,Popularity,0.0,0.0
AGJCSEYRKWURCC7CYMPKBS5ANRMA,CF (ItemKNN),0.2857142857142857,0.0
AGJCSEYRKWURCC7CYMPKBS5ANRMA,Content (Avg Emb),0.0,0.0
AGJCSEYRKWURCC7CYMPKBS5ANRMA,Last-Item,0.0,0.0
AGJCSEYRKWURCC7CYMPKBS5ANRMA,Avg-Last-10,0.0,0.0
AGJCSEYRKWURCC7CYMPKBS5ANRMA,Recency-Weighted,0.0,0.0
AGJCSEYRKWURCC7CYMPKBS5ANRMA,Essence (K=10),0.0,0.0
AGJD2GW3HQHLICUQWQID6I4RI3FQ,Random,0.0,0.0
AGJD2GW3HQHLICUQWQID6I4RI3FQ,Popularity,0.0,0.0
AGJD2GW3HQHLICUQWQID6I4RI3FQ,CF (ItemKNN),0.0,0.0
AGJD2GW3HQHLICUQWQID6I4RI3FQ,Content (Avg Emb),0.0,0.0
AGJD2GW3HQHLICUQWQID6I4RI3FQ,Last-Item,0.14285714285714285,0.5
AGJD2GW3HQHLICUQWQID6I4RI3FQ,Avg-Last-10,0.0,0.0
AGJD2GW3HQHLICUQWQID6I4RI3FQ,Recency-Weighted,0.0,0.0
AGJD2GW3HQHLICUQWQID6I4RI3FQ,Essence (K=10),0.0,0.0
AGJEFL4XRNIQSFTCKEYUCMAYUHKA,Random,0.0,
AGJEFL4XRNIQSFTCKEYUCMAYUHKA,Popularity,0.0,
AGJEFL4XRNIQSFTCKEYUCMAYUHKA,CF (ItemKNN),0.0,
AGJEFL4XRNIQSFTCKEYUCMAYUHKA,Content (Avg Emb),0.0,
AGJEFL4XRNIQSFTCKEYUCMAYUHKA,Last-Item,0.0,
AGJEFL4XRNIQSFTCKEYUCMAYUHKA,Avg-Last-10,0.0,
AGJEFL4XRNIQSFTCKEYUCMAYUHKA,Recency-Weighted,0.0,
AGJEFL4XRNIQSFTCKEYUCMAYUHKA,Essence (K=10),0.0,
AGJFI5X6GVI2WYEENQ4TYIJDQOYA,Random,0.0,0.0
AGJFI5X6GVI2WYEENQ4TYIJDQOYA,Popularity,0.0,0.0
AGJFI5X6GVI2WYEENQ4TYIJDQOYA,CF (ItemKNN),0.0,0.0
AGJFI5X6GVI2WYEENQ4TYIJDQOYA,Content (Avg Emb),0.0,0.0
AGJFI5X6GVI2WYEENQ4TYIJDQOYA,Last-Item,0.0,0.0
AGJFI5X6GVI2WYEENQ4TYIJDQOYA,Avg-Last-10,0.0,0.0
AGJFI5X6GVI2WYEENQ4TYIJDQOYA,Recency-Weighted,0.0,0.0
AGJFI5X6GVI2WYEENQ4TYIJDQOYA,Essence (K=10),0.0,0.0
AGJIA4GEOHJZNAZ2Q47HAVEKWIAQ,Random,0.0,
AGJIA4GEOHJZNAZ2Q47HAVEKWIAQ,Popularity,0.0,
AGJIA4GEOHJZNAZ2Q47HAVEKWIAQ,CF (ItemKNN),0.0,
AGJIA4GEOHJZNAZ2Q47HAVEKWIAQ,Content (Avg Emb),0.0,
AGJIA4GEOHJZNAZ2Q47HAVEKWIAQ,Last-Item,0.0,
AGJIA4GEOHJZNAZ2Q47HAVEKWIAQ,Avg-Last-10,0.0,
AGJIA4GEOHJZNAZ2Q47HAVEKWIAQ,Recency-Weighted,0.0,
AGJIA4GEOHJZNAZ2Q47HAVEKWIAQ,Essence (K=10),0.0,
AGJM3UV5AAUZ6M5AWF26475DSDJQ,Random,0.0,0.0
AGJM3UV5AAUZ6M5AWF26475DSDJQ,Popularity,0.0,0.0
AGJM3UV5AAUZ6M5AWF26475DSDJQ,CF (ItemKNN),0.0,0.0
AGJM3UV5AAUZ6M5AWF26475DSDJQ,Content (Avg Emb),0.0,0.0
AGJM3UV5AAUZ6M5AWF26475DSDJQ,Last-Item,0.0,0.0
AGJM3UV5AAUZ6M5AWF26475DSDJQ,Avg-Last-10,0.0,0.0
AGJM3UV5AAUZ6M5AWF26475DSDJQ,Recency-Weighted,0.0,0.0
AGJM3UV5AAUZ6M5AWF26475DSDJQ,Essence (K=10),0.0,0.0
AGJNBZJW2CMRRBJSAM7DOR4W7OJA,Random,0.0,
AGJNBZJW2CMRRBJSAM7DOR4W7OJA,Popularity,0.0,
AGJNBZJW2CMRRBJSAM7DOR4W7OJA,CF (ItemKNN),0.0,
AGJNBZJW2CMRRBJSAM7DOR4W7OJA,Content (Avg Emb),0.0,
AGJNBZJW2CMRRBJSAM7DOR4W7OJA,Last-Item,0.0,
AGJNBZJW2CMRRBJSAM7DOR4W7OJA,Avg-Last-10,0.0,
AGJNBZJW2CMRRBJSAM7DOR4W7OJA,Recency-Weighted,0.0,
AGJNBZJW2CMRRBJSAM7DOR4W7OJA,Essence (K=10),0.0,
AGJNMOLD2BTTJZWZUA5RH356RYJA,Random,0.0,
AGJNMOLD2BTTJZWZUA5RH356RYJA,Popularity,0.0,
AGJNMOLD2BTTJZWZUA5RH356RYJA,CF (ItemKNN),0.0,
AGJNMOLD2BTTJZWZUA5RH356RYJA,Content (Avg Emb),0.0,
AGJNMOLD2BTTJZWZUA5RH356RYJA,Last-Item,0.0,
AGJNMOLD2BTTJZWZUA5RH356RYJA,Avg-Last-10,0.0,
AGJNMOLD2BTTJZWZUA5RH356RYJA,Recency-Weighted,0.0,
AGJNMOLD2BTTJZWZUA5RH356RYJA,Essence (K=10),0.0,
AGJRZHLXDQR3IGYK4XEHO24XAYFQ,Random,0.0,0.0
AGJRZHLXDQR3IGYK4XEHO24XAYFQ,Popularity,0.0,0.0
AGJRZHLXDQR3IGYK4XEHO24XAYFQ,CF (ItemKNN),0.0,0.0
AGJRZHLXDQR3IGYK4XEHO24XAYFQ,Content (Avg Emb),0.0,0.0
AGJRZHLXDQR3IGYK4XEHO24XAYFQ,Last-Item,0.0,0.0
AGJRZHLXDQR3IGYK4XEHO24XAYFQ,Avg-Last-10,0.0,0.0
AGJRZHLXDQR3IGYK4XEHO24XAYFQ,Recency-Weighted,0.0,0.0
AGJRZHLXDQR3IGYK4XEHO24XAYFQ,Essence (K=10),0.0,0.0
AGJTTFEGBF2VGRGLS6TBVF4MA3EA,Random,0.0,0.0
AGJTTFEGBF2VGRGLS6TBVF4MA3EA,Popularity,0.0,0.0
AGJTTFEGBF2VGRGLS6TBVF4MA3EA,CF (ItemKNN),0.0,0.0
AGJTTFEGBF2VGRGLS6TBVF4MA3EA,Content (Avg Emb),0.0,0.0
AGJTTFEGBF2VGRGLS6TBVF4MA3EA,Last-Item,0.0,0.0
AGJTTFEGBF2VGRGLS6TBVF4MA3EA,Avg-Last-10,0.0,0.0
AGJTTFEGBF2VGRGLS6TBVF4MA3EA,Recency-Weighted,0.0,0.0
AGJTTFEGBF2VGRGLS6TBVF4MA3EA,Essence (K=10),0.0,0.0
AGJUAIEKHLWIVHONN7PX52S5OFTQ,Random,0.0,0.0
AGJUAIEKHLWIVHONN7PX52S5OFTQ,Popularity,0.0,0.0
AGJUAIEKHLWIVHONN7PX52S5OFTQ,CF (ItemKNN),0.0,0.0
AGJUAIEKHLWIVHONN7PX52S5OFTQ,Content (Avg Emb),0.16666666666666666,0.0
AGJUAIEKHLWIVHONN7PX52S5OFTQ,Last-Item,0.0,0.0
AGJUAIEKHLWIVHONN7PX52S5OFTQ,Avg-Last-10,0.0,0.0
AGJUAIEKHLWIVHONN7PX52S5OFTQ,Recency-Weighted,0.0,0.0
AGJUAIEKHLWIVHONN7PX52S5OFTQ,Essence (K=10),0.0,0.0
AGJVB6KAFBNJYEW7GPTRNLHSJWUA,Random,0.0,0.0
AGJVB6KAFBNJYEW7GPTRNLHSJWUA,Popularity,0.0,0.0
AGJVB6KAFBNJYEW7GPTRNLHSJWUA,CF (ItemKNN),0.0,0.0
AGJVB6KAFBNJYEW7GPTRNLHSJWUA,Content (Avg Emb),0.0,0.0
AGJVB6KAFBNJYEW7GPTRNLHSJWUA,Last-Item,0.125,1.0
AGJVB6KAFBNJYEW7GPTRNLHSJWUA,Avg-Last-10,0.75,0.0
AGJVB6KAFBNJYEW7GPTRNLHSJWUA,Recency-Weighted,0.75,0.0
AGJVB6KAFBNJYEW7GPTRNLHSJWUA,Essence (K=10),0.125,1.0
AGJW44U367Q75M2JSOR3JWWLDL6A,Random,0.0,
AGJW44U367Q75M2JSOR3JWWLDL6A,Popularity,0.0,
AGJW44U367Q75M2JSOR3JWWLDL6A,CF (ItemKNN),0.0,
AGJW44U367Q75M2JSOR3JWWLDL6A,Content (Avg Emb),0.0,
AGJW44U367Q75M2JSOR3JWWLDL6A,Last-Item,0.5714285714285714,
AGJW44U367Q75M2JSOR3JWWLDL6A,Avg-Last-10,0.0,
AGJW44U367Q75M2JSOR3JWWLDL6A,Recency-Weighted,0.0,
AGJW44U367Q75M2JSOR3JWWLDL6A,Essence (K=10),0.0,
AGJWBBUPDO53MDT6ABKGGS5MZXIA,Random,0.0,
AGJWBBUPDO53MDT6ABKGGS5MZXIA,Popularity,0.0,
AGJWBBUPDO53MDT6ABKGGS5MZXIA,CF (ItemKNN),0.0,
AGJWBBUPDO53MDT6ABKGGS5MZXIA,Content (Avg Emb),0.0,
AGJWBBUPDO53MDT6ABKGGS5MZXIA,Last-Item,0.0,
AGJWBBUPDO53MDT6ABKGGS5MZXIA,Avg-Last-10,0.0,
AGJWBBUPDO53MDT6ABKGGS5MZXIA,Recency-Weighted,0.0,
AGJWBBUPDO53MDT6ABKGGS5MZXIA,Essence (K=10),0.0,
AGK22CUTJ3R4CHFM7W7QFIOF6LYQ,Random,0.0,0.0
AGK22CUTJ3R4CHFM7W7QFIOF6LYQ,Popularity,0.0,0.0
AGK22CUTJ3R4CHFM7W7QFIOF6LYQ,CF (ItemKNN),0.0,0.0
AGK22CUTJ3R4CHFM7W7QFIOF6LYQ,Content (Avg Emb),0.0,0.0
AGK22CUTJ3R4CHFM7W7QFIOF6LYQ,Last-Item,0.0,0.0
AGK22CUTJ3R4CHFM7W7QFIOF6LYQ,Avg-Last-10,0.0,0.0
AGK22CUTJ3R4CHFM7W7QFIOF6LYQ,Recency-Weighted,0.0,0.0
AGK22CUTJ3R4CHFM7W7QFIOF6LYQ,Essence (K=10),0.0,0.0
AGK3GMDDCYZQZYNRGYV3RF4XNQTQ,Random,0.0,
AGK3GMDDCYZQZYNRGYV3RF4XNQTQ,Popularity,0.0,
AGK3GMDDCYZQZYNRGYV3RF4XNQTQ,CF (ItemKNN),0.0,
AGK3GMDDCYZQZYNRGYV3RF4XNQTQ,Content (Avg Emb),0.0,
AGK3GMDDCYZQZYNRGYV3RF4XNQTQ,Last-Item,0.0,
AGK3GMDDCYZQZYNRGYV3RF4XNQTQ,Avg-Last-10,0.0,
AGK3GMDDCYZQZYNRGYV3RF4XNQTQ,Recency-Weighted,0.0,
AGK3GMDDCYZQZYNRGYV3RF4XNQTQ,Essence (K=10),0.0,
AGK5A2DGKGLP425IDJBF7ZI537GQ,Random,0.0,0.0
AGK5A2DGKGLP425IDJBF7ZI537GQ,Popularity,0.0,0.0
AGK5A2DGKGLP425IDJBF7ZI537GQ,CF (ItemKNN),0.0,0.0
AGK5A2DGKGLP425IDJBF7ZI537GQ,Content (Avg Emb),0.0,0.0
AGK5A2DGKGLP425IDJBF7ZI537GQ,Last-Item,0.25,1.0
AGK5A2DGKGLP425IDJBF7ZI537GQ,Avg-Last-10,0.0,0.0
AGK5A2DGKGLP425IDJBF7ZI537GQ,Recency-Weighted,0.0,0.0
AGK5A2DGKGLP425IDJBF7ZI537GQ,Essence (K=10),0.0,0.0
AGK5FSJ5NLA6TEJXEWLLFDHGC4VQ,Random,0.0,
AGK5FSJ5NLA6TEJXEWLLFDHGC4VQ,Popularity,0.0,
AGK5FSJ5NLA6TEJXEWLLFDHGC4VQ,CF (ItemKNN),0.0,
AGK5FSJ5NLA6TEJXEWLLFDHGC4VQ,Content (Avg Emb),0.0,
AGK5FSJ5NLA6TEJXEWLLFDHGC4VQ,Last-Item,0.3333333333333333,
AGK5FSJ5NLA6TEJXEWLLFDHGC4VQ,Avg-Last-10,0.6666666666666666,
AGK5FSJ5NLA6TEJXEWLLFDHGC4VQ,Recency-Weighted,1.0,
AGK5FSJ5NLA6TEJXEWLLFDHGC4VQ,Essence (K=10),0.6666666666666666,
AGKAPRLYBX2LQIAK3DRULS4PHDYA,Random,0.0,0.0
AGKAPRLYBX2LQIAK3DRULS4PHDYA,Popularity,0.14285714285714285,0.0
AGKAPRLYBX2LQIAK3DRULS4PHDYA,CF (ItemKNN),0.0,0.0
AGKAPRLYBX2LQIAK3DRULS4PHDYA,Content (Avg Emb),0.0,0.0
AGKAPRLYBX2LQIAK3DRULS4PHDYA,Last-Item,0.0,0.0
AGKAPRLYBX2LQIAK3DRULS4PHDYA,Avg-Last-10,0.0,0.0
AGKAPRLYBX2LQIAK3DRULS4PHDYA,Recency-Weighted,0.0,0.0
AGKAPRLYBX2LQIAK3DRULS4PHDYA,Essence (K=10),0.0,0.0
AGKCU5YUTUW7ARPOKTHQDWDABX7Q,Random,0.0,
AGKCU5YUTUW7ARPOKTHQDWDABX7Q,Popularity,0.0,
AGKCU5YUTUW7ARPOKTHQDWDABX7Q,CF (ItemKNN),0.0,
AGKCU5YUTUW7ARPOKTHQDWDABX7Q,Content (Avg Emb),0.0,
AGKCU5YUTUW7ARPOKTHQDWDABX7Q,Last-Item,0.0,
AGKCU5YUTUW7ARPOKTHQDWDABX7Q,Avg-Last-10,0.0,
AGKCU5YUTUW7ARPOKTHQDWDABX7Q,Recency-Weighted,0.0,
AGKCU5YUTUW7ARPOKTHQDWDABX7Q,Essence (K=10),0.0,
AGKDVFMABSDLPFIPEKX4PAHZWRPQ,Random,0.0,0.0
AGKDVFMABSDLPFIPEKX4PAHZWRPQ,Popularity,0.0,0.0
AGKDVFMABSDLPFIPEKX4PAHZWRPQ,CF (ItemKNN),0.0,0.0
AGKDVFMABSDLPFIPEKX4PAHZWRPQ,Content (Avg Emb),0.0,0.0
AGKDVFMABSDLPFIPEKX4PAHZWRPQ,Last-Item,0.0,0.0
AGKDVFMABSDLPFIPEKX4PAHZWRPQ,Avg-Last-10,0.0,0.0
AGKDVFMABSDLPFIPEKX4PAHZWRPQ,Recency-Weighted,0.0,0.0
AGKDVFMABSDLPFIPEKX4PAHZWRPQ,Essence (K=10),0.0,0.0
AGKNZ3ZQOBC2LL6IAR2PYEM63FVQ,Random,0.0,0.0
AGKNZ3ZQOBC2LL6IAR2PYEM63FVQ,Popularity,0.0,0.0
AGKNZ3ZQOBC2LL6IAR2PYEM63FVQ,CF (ItemKNN),0.0,0.0
AGKNZ3ZQOBC2LL6IAR2PYEM63FVQ,Content (Avg Emb),0.0,0.0
AGKNZ3ZQOBC2LL6IAR2PYEM63FVQ,Last-Item,0.1,0.0
AGKNZ3ZQOBC2LL6IAR2PYEM63FVQ,Avg-Last-10,0.0,0.0
AGKNZ3ZQOBC2LL6IAR2PYEM63FVQ,Recency-Weighted,0.0,0.0
AGKNZ3ZQOBC2LL6IAR2PYEM63FVQ,Essence (K=10),0.0,0.0
AGKTJDJVQSISZKRVYC3TDYOB335A,Random,0.0,
AGKTJDJVQSISZKRVYC3TDYOB335A,Popularity,0.0,
AGKTJDJVQSISZKRVYC3TDYOB335A,CF (ItemKNN),0.0,
AGKTJDJVQSISZKRVYC3TDYOB335A,Content (Avg Emb),0.0,
AGKTJDJVQSISZKRVYC3TDYOB335A,Last-Item,0.0,
AGKTJDJVQSISZKRVYC3TDYOB335A,Avg-Last-10,0.0,
AGKTJDJVQSISZKRVYC3TDYOB335A,Recency-Weighted,0.0,
AGKTJDJVQSISZKRVYC3TDYOB335A,Essence (K=10),0.0,
AGKUCFI46LOE6LJ5DJTNAO73MMXA,Random,0.0,0.0
AGKUCFI46LOE6LJ5DJTNAO73MMXA,Popularity,0.0,0.0
AGKUCFI46LOE6LJ5DJTNAO73MMXA,CF (ItemKNN),0.0,0.0
AGKUCFI46LOE6LJ5DJTNAO73MMXA,Content (Avg Emb),0.0,0.0
AGKUCFI46LOE6LJ5DJTNAO73MMXA,Last-Item,0.0,0.0
AGKUCFI46LOE6LJ5DJTNAO73MMXA,Avg-Last-10,0.0,0.0
AGKUCFI46LOE6LJ5DJTNAO73MMXA,Recency-Weighted,0.0,0.0
AGKUCFI46LOE6LJ5DJTNAO73MMXA,Essence (K=10),0.0,0.0
AGKXACINPQNH5PBKKDYEUCOLVGDQ,Random,0.0,0.0
AGKXACINPQNH5PBKKDYEUCOLVGDQ,Popularity,0.0,0.0
AGKXACINPQNH5PBKKDYEUCOLVGDQ,CF (ItemKNN),0.0,0.0
AGKXACINPQNH5PBKKDYEUCOLVGDQ,Content (Avg Emb),0.0,0.0
AGKXACINPQNH5PBKKDYEUCOLVGDQ,Last-Item,0.0,0.0
AGKXACINPQNH5PBKKDYEUCOLVGDQ,Avg-Last-10,0.0,0.0
AGKXACINPQNH5PBKKDYEUCOLVGDQ,Recency-Weighted,0.0,0.0
AGKXACINPQNH5PBKKDYEUCOLVGDQ,Essence (K=10),0.0,0.0
AGKY2GIP4ICWNMFEG7L4DVRQTPVQ,Random,0.0,
AGKY2GIP4ICWNMFEG7L4DVRQTPVQ,Popularity,0.0,
AGKY2GIP4ICWNMFEG7L4DVRQTPVQ,CF (ItemKNN),0.0,
AGKY2GIP4ICWNMFEG7L4DVRQTPVQ,Content (Avg Emb),0.0,
AGKY2GIP4ICWNMFEG7L4DVRQTPVQ,Last-Item,0.0,
AGKY2GIP4ICWNMFEG7L4DVRQTPVQ,Avg-Last-10,0.0,
AGKY2GIP4ICWNMFEG7L4DVRQTPVQ,Recency-Weighted,0.0,
AGKY2GIP4ICWNMFEG7L4DVRQTPVQ,Essence (K=10),0.0,
AGKYUUTCTRABSYPTUTBJY76ETPAA,Random,0.0,0.0
AGKYUUTCTRABSYPTUTBJY76ETPAA,Popularity,0.0,0.0
AGKYUUTCTRABSYPTUTBJY76ETPAA,CF (ItemKNN),0.0,0.0
AGKYUUTCTRABSYPTUTBJY76ETPAA,Content (Avg Emb),0.0,0.0
AGKYUUTCTRABSYPTUTBJY76ETPAA,Last-Item,0.0,0.0
AGKYUUTCTRABSYPTUTBJY76ETPAA,Avg-Last-10,0.2,0.0
AGKYUUTCTRABSYPTUTBJY76ETPAA,Recency-Weighted,0.2,0.0
AGKYUUTCTRABSYPTUTBJY76ETPAA,Essence (K=10),0.2,0.0
AGL7VVJEQDRK5OVTHDZZAI4RMONA,Random,0.0,0.0
AGL7VVJEQDRK5OVTHDZZAI4RMONA,Popularity,0.0,0.0
AGL7VVJEQDRK5OVTHDZZAI4RMONA,CF (ItemKNN),0.0,0.0
AGL7VVJEQDRK5OVTHDZZAI4RMONA,Content (Avg Emb),0.0,0.0
AGL7VVJEQDRK5OVTHDZZAI4RMONA,Last-Item,0.16666666666666666,0.0
AGL7VVJEQDRK5OVTHDZZAI4RMONA,Avg-Last-10,0.0,0.0
AGL7VVJEQDRK5OVTHDZZAI4RMONA,Recency-Weighted,0.0,0.0
AGL7VVJEQDRK5OVTHDZZAI4RMONA,Essence (K=10),0.0,0.0
AGLFHYL77H3WH6JKTYJK2X62WO4Q,Random,0.0,0.0
AGLFHYL77H3WH6JKTYJK2X62WO4Q,Popularity,0.0,0.0
AGLFHYL77H3WH6JKTYJK2X62WO4Q,CF (ItemKNN),0.0,0.0
AGLFHYL77H3WH6JKTYJK2X62WO4Q,Content (Avg Emb),0.0,0.0
AGLFHYL77H3WH6JKTYJK2X62WO4Q,Last-Item,0.0,0.0
AGLFHYL77H3WH6JKTYJK2X62WO4Q,Avg-Last-10,0.0,0.0
AGLFHYL77H3WH6JKTYJK2X62WO4Q,Recency-Weighted,0.0,0.0
AGLFHYL77H3WH6JKTYJK2X62WO4Q,Essence (K=10),0.0,0.0
AGLHCLLQYSOK7UXFUIFUO4RLALOQ,Random,0.0,0.0
AGLHCLLQYSOK7UXFUIFUO4RLALOQ,Popularity,0.0,0.0
AGLHCLLQYSOK7UXFUIFUO4RLALOQ,CF (ItemKNN),0.0,0.0
AGLHCLLQYSOK7UXFUIFUO4RLALOQ,Content (Avg Emb),0.0,0.0
AGLHCLLQYSOK7UXFUIFUO4RLALOQ,Last-Item,0.0,0.0
AGLHCLLQYSOK7UXFUIFUO4RLALOQ,Avg-Last-10,0.0,0.0
AGLHCLLQYSOK7UXFUIFUO4RLALOQ,Recency-Weighted,0.0,0.0
AGLHCLLQYSOK7UXFUIFUO4RLALOQ,Essence (K=10),0.0,0.0
AGLHLT5SQAZPYL7JW5ASCBWKUCZQ,Random,0.0,
AGLHLT5SQAZPYL7JW5ASCBWKUCZQ,Popularity,0.0,
AGLHLT5SQAZPYL7JW5ASCBWKUCZQ,CF (ItemKNN),0.0,
AGLHLT5SQAZPYL7JW5ASCBWKUCZQ,Content (Avg Emb),0.0,
AGLHLT5SQAZPYL7JW5ASCBWKUCZQ,Last-Item,0.0,
AGLHLT5SQAZPYL7JW5ASCBWKUCZQ,Avg-Last-10,0.0,
AGLHLT5SQAZPYL7JW5ASCBWKUCZQ,Recency-Weighted,0.0,
AGLHLT5SQAZPYL7JW5ASCBWKUCZQ,Essence (K=10),0.0,
AGLHQSVVHORBKPTKZG66KUQMJMEA,Random,0.0,0.0
AGLHQSVVHORBKPTKZG66KUQMJMEA,Popularity,0.0,0.0
AGLHQSVVHORBKPTKZG66KUQMJMEA,CF (ItemKNN),0.0,0.0
AGLHQSVVHORBKPTKZG66KUQMJMEA,Content (Avg Emb),0.0,0.0
AGLHQSVVHORBKPTKZG66KUQMJMEA,Last-Item,0.0,0.0
AGLHQSVVHORBKPTKZG66KUQMJMEA,Avg-Last-10,0.0,0.0
AGLHQSVVHORBKPTKZG66KUQMJMEA,Recency-Weighted,0.0,0.0
AGLHQSVVHORBKPTKZG66KUQMJMEA,Essence (K=10),0.0,0.0
AGLIBYDKMWN2625PLKKNYH6G4A4A,Random,0.0,0.0
AGLIBYDKMWN2625PLKKNYH6G4A4A,Popularity,0.0,0.0
AGLIBYDKMWN2625PLKKNYH6G4A4A,CF (ItemKNN),0.0,0.0
AGLIBYDKMWN2625PLKKNYH6G4A4A,Content (Avg Emb),0.0,0.0
AGLIBYDKMWN2625PLKKNYH6G4A4A,Last-Item,0.0,0.0
AGLIBYDKMWN2625PLKKNYH6G4A4A,Avg-Last-10,0.0,0.0
AGLIBYDKMWN2625PLKKNYH6G4A4A,Recency-Weighted,0.0,0.0
AGLIBYDKMWN2625PLKKNYH6G4A4A,Essence (K=10),0.0,0.0
AGLKMGBP6W5XCFEBLJRURLFVYEGA,Random,0.0,0.0
AGLKMGBP6W5XCFEBLJRURLFVYEGA,Popularity,0.0,0.0
AGLKMGBP6W5XCFEBLJRURLFVYEGA,CF (ItemKNN),0.0,0.0
AGLKMGBP6W5XCFEBLJRURLFVYEGA,Content (Avg Emb),0.16666666666666666,0.0
AGLKMGBP6W5XCFEBLJRURLFVYEGA,Last-Item,0.0,0.0
AGLKMGBP6W5XCFEBLJRURLFVYEGA,Avg-Last-10,0.16666666666666666,0.0
AGLKMGBP6W5XCFEBLJRURLFVYEGA,Recency-Weighted,0.16666666666666666,0.0
AGLKMGBP6W5XCFEBLJRURLFVYEGA,Essence (K=10),0.0,0.0
AGLMFXC7GXSWXQZTUPGRX5E52K5Q,Random,0.0,0.0
AGLMFXC7GXSWXQZTUPGRX5E52K5Q,Popularity,0.0,0.0
AGLMFXC7GXSWXQZTUPGRX5E52K5Q,CF (ItemKNN),0.0,0.0
AGLMFXC7GXSWXQZTUPGRX5E52K5Q,Content (Avg Emb),0.0,0.0
AGLMFXC7GXSWXQZTUPGRX5E52K5Q,Last-Item,0.0,0.0
AGLMFXC7GXSWXQZTUPGRX5E52K5Q,Avg-Last-10,0.0,0.0
AGLMFXC7GXSWXQZTUPGRX5E52K5Q,Recency-Weighted,0.0,0.0
AGLMFXC7GXSWXQZTUPGRX5E52K5Q,Essence (K=10),0.0,0.0
AGLMOOS6TNX7WTDGQDOZG62E35VQ,Random,0.0,
AGLMOOS6TNX7WTDGQDOZG62E35VQ,Popularity,0.0,
AGLMOOS6TNX7WTDGQDOZG62E35VQ,CF (ItemKNN),0.0,
AGLMOOS6TNX7WTDGQDOZG62E35VQ,Content (Avg Emb),0.0,
AGLMOOS6TNX7WTDGQDOZG62E35VQ,Last-Item,0.0,
AGLMOOS6TNX7WTDGQDOZG62E35VQ,Avg-Last-10,0.14285714285714285,
AGLMOOS6TNX7WTDGQDOZG62E35VQ,Recency-Weighted,0.14285714285714285,
AGLMOOS6TNX7WTDGQDOZG62E35VQ,Essence (K=10),0.0,
AGLNCCVI362TTQVN4BOETXKXJWZA,Random,0.0,0.0
AGLNCCVI362TTQVN4BOETXKXJWZA,Popularity,0.0,0.0
AGLNCCVI362TTQVN4BOETXKXJWZA,CF (ItemKNN),0.0,0.0
AGLNCCVI362TTQVN4BOETXKXJWZA,Content (Avg Emb),0.0,0.0
AGLNCCVI362TTQVN4BOETXKXJWZA,Last-Item,0.0,0.0
AGLNCCVI362TTQVN4BOETXKXJWZA,Avg-Last-10,0.0,0.0
AGLNCCVI362TTQVN4BOETXKXJWZA,Recency-Weighted,0.0,0.0
AGLNCCVI362TTQVN4BOETXKXJWZA,Essence (K=10),0.0,0.0
AGLNDUBIXN6SZ3DVAQFFRYLPADEQ,Random,0.0,0.0
AGLNDUBIXN6SZ3DVAQFFRYLPADEQ,Popularity,0.0,0.0
AGLNDUBIXN6SZ3DVAQFFRYLPADEQ,CF (ItemKNN),0.0,0.0
AGLNDUBIXN6SZ3DVAQFFRYLPADEQ,Content (Avg Emb),0.0,0.0
AGLNDUBIXN6SZ3DVAQFFRYLPADEQ,Last-Item,0.2222222222222222,0.0
AGLNDUBIXN6SZ3DVAQFFRYLPADEQ,Avg-Last-10,0.0,0.0
AGLNDUBIXN6SZ3DVAQFFRYLPADEQ,Recency-Weighted,0.0,0.0
AGLNDUBIXN6SZ3DVAQFFRYLPADEQ,Essence (K=10),0.0,0.0
AGLNL4VN6KQVTXWWZ463OL356SEQ,Random,0.0,0.0
AGLNL4VN6KQVTXWWZ463OL356SEQ,Popularity,0.0,0.0
AGLNL4VN6KQVTXWWZ463OL356SEQ,CF (ItemKNN),0.06666666666666667,0.5
AGLNL4VN6KQVTXWWZ463OL356SEQ,Content (Avg Emb),0.0,0.0
AGLNL4VN6KQVTXWWZ463OL356SEQ,Last-Item,0.13333333333333333,0.0
AGLNL4VN6KQVTXWWZ463OL356SEQ,Avg-Last-10,0.2,0.5
AGLNL4VN6KQVTXWWZ463OL356SEQ,Recency-Weighted,0.2,0.5
AGLNL4VN6KQVTXWWZ463OL356SEQ,Essence (K=10),0.2,0.5
AGLNNE46BWWXIC4BQ2R4CRCPTK2A,Random,0.0,0.0
AGLNNE46BWWXIC4BQ2R4CRCPTK2A,Popularity,0.0,0.0
AGLNNE46BWWXIC4BQ2R4CRCPTK2A,CF (ItemKNN),0.0,0.0
AGLNNE46BWWXIC4BQ2R4CRCPTK2A,Content (Avg Emb),0.0,0.0
AGLNNE46BWWXIC4BQ2R4CRCPTK2A,Last-Item,0.0,0.0
AGLNNE46BWWXIC4BQ2R4CRCPTK2A,Avg-Last-10,0.0,0.0
AGLNNE46BWWXIC4BQ2R4CRCPTK2A,Recency-Weighted,0.0,0.0
AGLNNE46BWWXIC4BQ2R4CRCPTK2A,Essence (K=10),0.0,0.0
AGLNRREMLTDR5PJ27DNUCIPNSHHQ,Random,0.0,0.0
AGLNRREMLTDR5PJ27DNUCIPNSHHQ,Popularity,0.0,0.0
AGLNRREMLTDR5PJ27DNUCIPNSHHQ,CF (ItemKNN),0.0,0.0
AGLNRREMLTDR5PJ27DNUCIPNSHHQ,Content (Avg Emb),0.0,0.0
AGLNRREMLTDR5PJ27DNUCIPNSHHQ,Last-Item,0.0,0.0
AGLNRREMLTDR5PJ27DNUCIPNSHHQ,Avg-Last-10,0.0,0.0
AGLNRREMLTDR5PJ27DNUCIPNSHHQ,Recency-Weighted,0.0,0.0
AGLNRREMLTDR5PJ27DNUCIPNSHHQ,Essence (K=10),0.0,0.0
AGLQRGZ5MRRIWUBCDZAGMRGRZNOQ,Random,0.0,0.0
AGLQRGZ5MRRIWUBCDZAGMRGRZNOQ,Popularity,0.0,0.0
AGLQRGZ5MRRIWUBCDZAGMRGRZNOQ,CF (ItemKNN),0.0,0.0
AGLQRGZ5MRRIWUBCDZAGMRGRZNOQ,Content (Avg Emb),0.16666666666666666,0.5
AGLQRGZ5MRRIWUBCDZAGMRGRZNOQ,Last-Item,0.0,0.0
AGLQRGZ5MRRIWUBCDZAGMRGRZNOQ,Avg-Last-10,0.0,0.0
AGLQRGZ5MRRIWUBCDZAGMRGRZNOQ,Recency-Weighted,0.0,0.0
AGLQRGZ5MRRIWUBCDZAGMRGRZNOQ,Essence (K=10),0.0,0.0
AGLTRTKZDSHR6H2HBK7U7KUEMQPQ,Random,0.0,0.0
AGLTRTKZDSHR6H2HBK7U7KUEMQPQ,Popularity,0.0,0.0
AGLTRTKZDSHR6H2HBK7U7KUEMQPQ,CF (ItemKNN),0.0,0.0
AGLTRTKZDSHR6H2HBK7U7KUEMQPQ,Content (Avg Emb),0.0,0.0
AGLTRTKZDSHR6H2HBK7U7KUEMQPQ,Last-Item,0.25,0.3333333333333333
AGLTRTKZDSHR6H2HBK7U7KUEMQPQ,Avg-Last-10,0.0,0.0
AGLTRTKZDSHR6H2HBK7U7KUEMQPQ,Recency-Weighted,0.0,0.0
AGLTRTKZDSHR6H2HBK7U7KUEMQPQ,Essence (K=10),0.0,0.0
AGLTVSXE5OH65W6GWGDD7OCO5EEA,Random,0.0,
AGLTVSXE5OH65W6GWGDD7OCO5EEA,Popularity,0.0,
AGLTVSXE5OH65W6GWGDD7OCO5EEA,CF (ItemKNN),0.0,
AGLTVSXE5OH65W6GWGDD7OCO5EEA,Content (Avg Emb),0.0,
AGLTVSXE5OH65W6GWGDD7OCO5EEA,Last-Item,0.5,
AGLTVSXE5OH65W6GWGDD7OCO5EEA,Avg-Last-10,0.25,
AGLTVSXE5OH65W6GWGDD7OCO5EEA,Recency-Weighted,0.25,
AGLTVSXE5OH65W6GWGDD7OCO5EEA,Essence (K=10),0.25,
AGLVDAFQENZ322BBSJ34VSK33SGA,Random,0.0,
AGLVDAFQENZ322BBSJ34VSK33SGA,Popularity,0.0,
AGLVDAFQENZ322BBSJ34VSK33SGA,CF (ItemKNN),0.0,
AGLVDAFQENZ322BBSJ34VSK33SGA,Content (Avg Emb),0.0,
AGLVDAFQENZ322BBSJ34VSK33SGA,Last-Item,0.0,
AGLVDAFQENZ322BBSJ34VSK33SGA,Avg-Last-10,0.0,
AGLVDAFQENZ322BBSJ34VSK33SGA,Recency-Weighted,0.0,
AGLVDAFQENZ322BBSJ34VSK33SGA,Essence (K=10),0.0,
AGLVV33DZBDY4ML75DKLWLS77JNQ,Random,0.0,
AGLVV33DZBDY4ML75DKLWLS77JNQ,Popularity,0.0,
AGLVV33DZBDY4ML75DKLWLS77JNQ,CF (ItemKNN),0.0,
AGLVV33DZBDY4ML75DKLWLS77JNQ,Content (Avg Emb),0.0,
AGLVV33DZBDY4ML75DKLWLS77JNQ,Last-Item,0.0,
AGLVV33DZBDY4ML75DKLWLS77JNQ,Avg-Last-10,0.0,
AGLVV33DZBDY4ML75DKLWLS77JNQ,Recency-Weighted,0.0,
AGLVV33DZBDY4ML75DKLWLS77JNQ,Essence (K=10),0.0,
AGM3VMFOAK7VYSR54SS7SJWB7NUQ,Random,0.0,0.0
AGM3VMFOAK7VYSR54SS7SJWB7NUQ,Popularity,0.0,0.0
AGM3VMFOAK7VYSR54SS7SJWB7NUQ,CF (ItemKNN),0.0,0.0
AGM3VMFOAK7VYSR54SS7SJWB7NUQ,Content (Avg Emb),0.2222222222222222,0.0
AGM3VMFOAK7VYSR54SS7SJWB7NUQ,Last-Item,0.4444444444444444,0.0
AGM3VMFOAK7VYSR54SS7SJWB7NUQ,Avg-Last-10,0.2222222222222222,0.0
AGM3VMFOAK7VYSR54SS7SJWB7NUQ,Recency-Weighted,0.2222222222222222,0.0
AGM3VMFOAK7VYSR54SS7SJWB7NUQ,Essence (K=10),0.0,0.0
AGMCZBNCBLC5QEOGKQT4HUSERC2Q,Random,0.0,
AGMCZBNCBLC5QEOGKQT4HUSERC2Q,Popularity,0.0,
AGMCZBNCBLC5QEOGKQT4HUSERC2Q,CF (ItemKNN),0.0,
AGMCZBNCBLC5QEOGKQT4HUSERC2Q,Content (Avg Emb),0.0,
AGMCZBNCBLC5QEOGKQT4HUSERC2Q,Last-Item,0.0,
AGMCZBNCBLC5QEOGKQT4HUSERC2Q,Avg-Last-10,0.0,
AGMCZBNCBLC5QEOGKQT4HUSERC2Q,Recency-Weighted,0.0,
AGMCZBNCBLC5QEOGKQT4HUSERC2Q,Essence (K=10),0.0,
AGMFP5TQS2N2A2YJOLLOGJ2PE7XQ,Random,0.0,0.0
AGMFP5TQS2N2A2YJOLLOGJ2PE7XQ,Popularity,0.0,0.0
AGMFP5TQS2N2A2YJOLLOGJ2PE7XQ,CF (ItemKNN),0.0,0.0
AGMFP5TQS2N2A2YJOLLOGJ2PE7XQ,Content (Avg Emb),0.0,0.0
AGMFP5TQS2N2A2YJOLLOGJ2PE7XQ,Last-Item,0.0,0.0
AGMFP5TQS2N2A2YJOLLOGJ2PE7XQ,Avg-Last-10,0.0,0.0
AGMFP5TQS2N2A2YJOLLOGJ2PE7XQ,Recency-Weighted,0.0,0.0
AGMFP5TQS2N2A2YJOLLOGJ2PE7XQ,Essence (K=10),0.0,0.0
AGMIZ73RL636W5UKES7ZBJLQZJJA,Random,0.0,0.0
AGMIZ73RL636W5UKES7ZBJLQZJJA,Popularity,0.0,0.0
AGMIZ73RL636W5UKES7ZBJLQZJJA,CF (ItemKNN),0.0,0.0
AGMIZ73RL636W5UKES7ZBJLQZJJA,Content (Avg Emb),0.0,0.0
AGMIZ73RL636W5UKES7ZBJLQZJJA,Last-Item,0.0,0.0
AGMIZ73RL636W5UKES7ZBJLQZJJA,Avg-Last-10,0.0,0.0
AGMIZ73RL636W5UKES7ZBJLQZJJA,Recency-Weighted,0.0,0.0
AGMIZ73RL636W5UKES7ZBJLQZJJA,Essence (K=10),0.0,0.0
AGMOD4PQAC4UKE2XDBBQHWAB3PJA,Random,0.0,
AGMOD4PQAC4UKE2XDBBQHWAB3PJA,Popularity,0.0,
AGMOD4PQAC4UKE2XDBBQHWAB3PJA,CF (ItemKNN),0.0,
AGMOD4PQAC4UKE2XDBBQHWAB3PJA,Content (Avg Emb),0.0,
AGMOD4PQAC4UKE2XDBBQHWAB3PJA,Last-Item,0.0,
AGMOD4PQAC4UKE2XDBBQHWAB3PJA,Avg-Last-10,0.0,
AGMOD4PQAC4UKE2XDBBQHWAB3PJA,Recency-Weighted,0.14285714285714285,
AGMOD4PQAC4UKE2XDBBQHWAB3PJA,Essence (K=10),0.2857142857142857,
AGMRDGSTGZNDEK75LDPPDT2MJE4Q,Random,0.0,
AGMRDGSTGZNDEK75LDPPDT2MJE4Q,Popularity,0.0,
AGMRDGSTGZNDEK75LDPPDT2MJE4Q,CF (ItemKNN),0.0,
AGMRDGSTGZNDEK75LDPPDT2MJE4Q,Content (Avg Emb),0.0,
AGMRDGSTGZNDEK75LDPPDT2MJE4Q,Last-Item,0.0,
AGMRDGSTGZNDEK75LDPPDT2MJE4Q,Avg-Last-10,0.0,
AGMRDGSTGZNDEK75LDPPDT2MJE4Q,Recency-Weighted,0.0,
AGMRDGSTGZNDEK75LDPPDT2MJE4Q,Essence (K=10),0.0,
AGMREWE267DJLEAFC4LVRH7DBWWQ,Random,0.0,0.0
AGMREWE267DJLEAFC4LVRH7DBWWQ,Popularity,0.0,0.0
AGMREWE267DJLEAFC4LVRH7DBWWQ,CF (ItemKNN),0.0,0.0
AGMREWE267DJLEAFC4LVRH7DBWWQ,Content (Avg Emb),0.0,0.0
AGMREWE267DJLEAFC4LVRH7DBWWQ,Last-Item,0.0,0.0
AGMREWE267DJLEAFC4LVRH7DBWWQ,Avg-Last-10,0.0,0.0
AGMREWE267DJLEAFC4LVRH7DBWWQ,Recency-Weighted,0.0,0.0
AGMREWE267DJLEAFC4LVRH7DBWWQ,Essence (K=10),0.0,0.0
AGMTA2PR3KOSWLK5Q4HC6TT4MK7Q,Random,0.0,0.0
AGMTA2PR3KOSWLK5Q4HC6TT4MK7Q,Popularity,0.0,0.0
AGMTA2PR3KOSWLK5Q4HC6TT4MK7Q,CF (ItemKNN),0.0,0.0
AGMTA2PR3KOSWLK5Q4HC6TT4MK7Q,Content (Avg Emb),0.0,0.0
AGMTA2PR3KOSWLK5Q4HC6TT4MK7Q,Last-Item,0.0,0.0
AGMTA2PR3KOSWLK5Q4HC6TT4MK7Q,Avg-Last-10,0.0,0.0
AGMTA2PR3KOSWLK5Q4HC6TT4MK7Q,Recency-Weighted,0.0,0.0
AGMTA2PR3KOSWLK5Q4HC6TT4MK7Q,Essence (K=10),0.0,0.0
AGMYRE26EOFPERVILFBYW4U3IRXQ,Random,0.0,0.0
AGMYRE26EOFPERVILFBYW4U3IRXQ,Popularity,0.0,0.0
AGMYRE26EOFPERVILFBYW4U3IRXQ,CF (ItemKNN),0.0,0.0
AGMYRE26EOFPERVILFBYW4U3IRXQ,Content (Avg Emb),0.0,0.0
AGMYRE26EOFPERVILFBYW4U3IRXQ,Last-Item,0.0,0.0
AGMYRE26EOFPERVILFBYW4U3IRXQ,Avg-Last-10,0.0,0.0
AGMYRE26EOFPERVILFBYW4U3IRXQ,Recency-Weighted,0.0,0.0
AGMYRE26EOFPERVILFBYW4U3IRXQ,Essence (K=10),0.0,0.0
AGMZUL6UXQRO4ECCJR4EX44LQ47Q,Random,0.0,0.0
AGMZUL6UXQRO4ECCJR4EX44LQ47Q,Popularity,0.0,0.0
AGMZUL6UXQRO4ECCJR4EX44LQ47Q,CF (ItemKNN),0.0,0.0
AGMZUL6UXQRO4ECCJR4EX44LQ47Q,Content (Avg Emb),0.0,0.0
AGMZUL6UXQRO4ECCJR4EX44LQ47Q,Last-Item,0.125,0.0
AGMZUL6UXQRO4ECCJR4EX44LQ47Q,Avg-Last-10,0.0,0.0
AGMZUL6UXQRO4ECCJR4EX44LQ47Q,Recency-Weighted,0.0,0.0
AGMZUL6UXQRO4ECCJR4EX44LQ47Q,Essence (K=10),0.0,0.0
AGN2KLHW4AZ6RAEW36YLCJAEVLPA,Random,0.0,
AGN2KLHW4AZ6RAEW36YLCJAEVLPA,Popularity,0.0,
AGN2KLHW4AZ6RAEW36YLCJAEVLPA,CF (ItemKNN),0.0,
AGN2KLHW4AZ6RAEW36YLCJAEVLPA,Content (Avg Emb),0.0,
AGN2KLHW4AZ6RAEW36YLCJAEVLPA,Last-Item,0.0,
AGN2KLHW4AZ6RAEW36YLCJAEVLPA,Avg-Last-10,0.0,
AGN2KLHW4AZ6RAEW36YLCJAEVLPA,Recency-Weighted,0.0,
AGN2KLHW4AZ6RAEW36YLCJAEVLPA,Essence (K=10),0.0,
AGNBCYS6RM63L3QBVGEQOJOGXWJA,Random,0.0,0.0
AGNBCYS6RM63L3QBVGEQOJOGXWJA,Popularity,0.0,0.0
AGNBCYS6RM63L3QBVGEQOJOGXWJA,CF (ItemKNN),0.0,0.0
AGNBCYS6RM63L3QBVGEQOJOGXWJA,Content (Avg Emb),0.0,0.0
AGNBCYS6RM63L3QBVGEQOJOGXWJA,Last-Item,0.0,0.0
AGNBCYS6RM63L3QBVGEQOJOGXWJA,Avg-Last-10,0.0,0.0
AGNBCYS6RM63L3QBVGEQOJOGXWJA,Recency-Weighted,0.0,0.0
AGNBCYS6RM63L3QBVGEQOJOGXWJA,Essence (K=10),0.0,0.0
AGNEU7OYIWKTY6JVYGDBGTV6EBGA,Random,0.0,
AGNEU7OYIWKTY6JVYGDBGTV6EBGA,Popularity,0.0,
AGNEU7OYIWKTY6JVYGDBGTV6EBGA,CF (ItemKNN),0.0,
AGNEU7OYIWKTY6JVYGDBGTV6EBGA,Content (Avg Emb),0.0,
AGNEU7OYIWKTY6JVYGDBGTV6EBGA,Last-Item,0.0,
AGNEU7OYIWKTY6JVYGDBGTV6EBGA,Avg-Last-10,0.0,
AGNEU7OYIWKTY6JVYGDBGTV6EBGA,Recency-Weighted,0.0,
AGNEU7OYIWKTY6JVYGDBGTV6EBGA,Essence (K=10),0.0,
AGNEWOGZPRMULZX63Z6VVSJO5XBA,Random,0.0,0.0
AGNEWOGZPRMULZX63Z6VVSJO5XBA,Popularity,0.0,0.0
AGNEWOGZPRMULZX63Z6VVSJO5XBA,CF (ItemKNN),0.0,0.0
AGNEWOGZPRMULZX63Z6VVSJO5XBA,Content (Avg Emb),0.0,0.0
AGNEWOGZPRMULZX63Z6VVSJO5XBA,Last-Item,0.0,0.0
AGNEWOGZPRMULZX63Z6VVSJO5XBA,Avg-Last-10,0.0,0.0
AGNEWOGZPRMULZX63Z6VVSJO5XBA,Recency-Weighted,0.0,0.0
AGNEWOGZPRMULZX63Z6VVSJO5XBA,Essence (K=10),0.0,0.0
AGNF3AJMI7DROAIRZQSMRZKXQMNA,Random,0.0,0.0
AGNF3AJMI7DROAIRZQSMRZKXQMNA,Popularity,0.0,0.0
AGNF3AJMI7DROAIRZQSMRZKXQMNA,CF (ItemKNN),0.0,0.0
AGNF3AJMI7DROAIRZQSMRZKXQMNA,Content (Avg Emb),0.0,0.0
AGNF3AJMI7DROAIRZQSMRZKXQMNA,Last-Item,0.0,0.0
AGNF3AJMI7DROAIRZQSMRZKXQMNA,Avg-Last-10,0.0,0.0
AGNF3AJMI7DROAIRZQSMRZKXQMNA,Recency-Weighted,0.0,0.0
AGNF3AJMI7DROAIRZQSMRZKXQMNA,Essence (K=10),0.0,0.0
AGNIPSCPN3BWGUTKXJU7GRIE4D4Q,Random,0.0,0.0
AGNIPSCPN3BWGUTKXJU7GRIE4D4Q,Popularity,0.0,0.0
AGNIPSCPN3BWGUTKXJU7GRIE4D4Q,CF (ItemKNN),0.0,0.0
AGNIPSCPN3BWGUTKXJU7GRIE4D4Q,Content (Avg Emb),0.0,0.0
AGNIPSCPN3BWGUTKXJU7GRIE4D4Q,Last-Item,0.0,0.0
AGNIPSCPN3BWGUTKXJU7GRIE4D4Q,Avg-Last-10,0.0,0.0
AGNIPSCPN3BWGUTKXJU7GRIE4D4Q,Recency-Weighted,0.0,0.0
AGNIPSCPN3BWGUTKXJU7GRIE4D4Q,Essence (K=10),0.0,0.0
AGNIZ7KQIBHBGCVZUDR4LMAMEB6A,Random,0.0,0.0
AGNIZ7KQIBHBGCVZUDR4LMAMEB6A,Popularity,0.0,0.0
AGNIZ7KQIBHBGCVZUDR4LMAMEB6A,CF (ItemKNN),0.0,0.0
AGNIZ7KQIBHBGCVZUDR4LMAMEB6A,Content (Avg Emb),0.0,0.0
AGNIZ7KQIBHBGCVZUDR4LMAMEB6A,Last-Item,0.0,0.0
AGNIZ7KQIBHBGCVZUDR4LMAMEB6A,Avg-Last-10,0.0,0.0
AGNIZ7KQIBHBGCVZUDR4LMAMEB6A,Recency-Weighted,0.0,0.0
AGNIZ7KQIBHBGCVZUDR4LMAMEB6A,Essence (K=10),0.0,0.0
AGNJHJE4PFF5D23NQOJ4JUOWOIXQ,Random,0.0,0.0
AGNJHJE4PFF5D23NQOJ4JUOWOIXQ,Popularity,0.0,0.0
AGNJHJE4PFF5D23NQOJ4JUOWOIXQ,CF (ItemKNN),0.0,0.0
AGNJHJE4PFF5D23NQOJ4JUOWOIXQ,Content (Avg Emb),0.0,0.0
AGNJHJE4PFF5D23NQOJ4JUOWOIXQ,Last-Item,0.0,0.0
AGNJHJE4PFF5D23NQOJ4JUOWOIXQ,Avg-Last-10,0.0,0.0
AGNJHJE4PFF5D23NQOJ4JUOWOIXQ,Recency-Weighted,0.0,0.0
AGNJHJE4PFF5D23NQOJ4JUOWOIXQ,Essence (K=10),0.0,0.0
AGNLVN6BBOGQHIPXFE7D7A4KOMGQ,Random,0.0,0.0
AGNLVN6BBOGQHIPXFE7D7A4KOMGQ,Popularity,0.0,0.0
AGNLVN6BBOGQHIPXFE7D7A4KOMGQ,CF (ItemKNN),0.0,0.0
AGNLVN6BBOGQHIPXFE7D7A4KOMGQ,Content (Avg Emb),0.0,0.0
AGNLVN6BBOGQHIPXFE7D7A4KOMGQ,Last-Item,0.0,0.0
AGNLVN6BBOGQHIPXFE7D7A4KOMGQ,Avg-Last-10,0.0,0.0
AGNLVN6BBOGQHIPXFE7D7A4KOMGQ,Recency-Weighted,0.0,0.0
AGNLVN6BBOGQHIPXFE7D7A4KOMGQ,Essence (K=10),0.0,0.0
AGNODS7JELWKCDYEU5VGI6WDNCJA,Random,0.0,0.0
AGNODS7JELWKCDYEU5VGI6WDNCJA,Popularity,0.0,0.0
AGNODS7JELWKCDYEU5VGI6WDNCJA,CF (ItemKNN),0.0,0.0
AGNODS7JELWKCDYEU5VGI6WDNCJA,Content (Avg Emb),0.0,0.0
AGNODS7JELWKCDYEU5VGI6WDNCJA,Last-Item,0.0,0.0
AGNODS7JELWKCDYEU5VGI6WDNCJA,Avg-Last-10,0.0,0.0
AGNODS7JELWKCDYEU5VGI6WDNCJA,Recency-Weighted,0.0,0.0
AGNODS7JELWKCDYEU5VGI6WDNCJA,Essence (K=10),0.0,0.0
AGNPQWXVSJKB7VVCKWBYY7FKJLBQ,Random,0.0,0.0
AGNPQWXVSJKB7VVCKWBYY7FKJLBQ,Popularity,0.0,0.0
AGNPQWXVSJKB7VVCKWBYY7FKJLBQ,CF (ItemKNN),0.0,0.0
AGNPQWXVSJKB7VVCKWBYY7FKJLBQ,Content (Avg Emb),0.0,0.0
AGNPQWXVSJKB7VVCKWBYY7FKJLBQ,Last-Item,0.0,0.0
AGNPQWXVSJKB7VVCKWBYY7FKJLBQ,Avg-Last-10,0.0,0.0
AGNPQWXVSJKB7VVCKWBYY7FKJLBQ,Recency-Weighted,0.0,0.0
AGNPQWXVSJKB7VVCKWBYY7FKJLBQ,Essence (K=10),0.0,0.0
AGNQ7UIYNHB5JSI6NONOA56AHM7A,Random,0.0,0.0
AGNQ7UIYNHB5JSI6NONOA56AHM7A,Popularity,0.0,0.0
AGNQ7UIYNHB5JSI6NONOA56AHM7A,CF (ItemKNN),0.0,0.0
AGNQ7UIYNHB5JSI6NONOA56AHM7A,Content (Avg Emb),0.0,0.0
AGNQ7UIYNHB5JSI6NONOA56AHM7A,Last-Item,0.0,0.0
AGNQ7UIYNHB5JSI6NONOA56AHM7A,Avg-Last-10,0.0,0.0
AGNQ7UIYNHB5JSI6NONOA56AHM7A,Recency-Weighted,0.0,0.0
AGNQ7UIYNHB5JSI6NONOA56AHM7A,Essence (K=10),0.0,0.0
AGNSAQ5BUYRGGY36JSXK3ELKGO6A,Random,0.0,0.0
AGNSAQ5BUYRGGY36JSXK3ELKGO6A,Popularity,0.0,0.0
AGNSAQ5BUYRGGY36JSXK3ELKGO6A,CF (ItemKNN),0.0,0.0
AGNSAQ5BUYRGGY36JSXK3ELKGO6A,Content (Avg Emb),0.0,0.0
AGNSAQ5BUYRGGY36JSXK3ELKGO6A,Last-Item,0.0,0.0
AGNSAQ5BUYRGGY36JSXK3ELKGO6A,Avg-Last-10,0.0,0.0
AGNSAQ5BUYRGGY36JSXK3ELKGO6A,Recency-Weighted,0.0,0.0
AGNSAQ5BUYRGGY36JSXK3ELKGO6A,Essence (K=10),0.0,0.0
AGNSH755EPXYM32BN5NIVGZ2PTQA,Random,0.0,0.0
AGNSH755EPXYM32BN5NIVGZ2PTQA,Popularity,0.0,0.0
AGNSH755EPXYM32BN5NIVGZ2PTQA,CF (ItemKNN),0.0,0.0
AGNSH755EPXYM32BN5NIVGZ2PTQA,Content (Avg Emb),0.0,0.0
AGNSH755EPXYM32BN5NIVGZ2PTQA,Last-Item,0.0,0.0
AGNSH755EPXYM32BN5NIVGZ2PTQA,Avg-Last-10,0.0,0.0
AGNSH755EPXYM32BN5NIVGZ2PTQA,Recency-Weighted,0.0,0.0
AGNSH755EPXYM32BN5NIVGZ2PTQA,Essence (K=10),0.0,0.0
AGO5EBTO5HRLSBGC2JAUJNUTDU4A,Random,0.0,0.0
AGO5EBTO5HRLSBGC2JAUJNUTDU4A,Popularity,0.0,0.0
AGO5EBTO5HRLSBGC2JAUJNUTDU4A,CF (ItemKNN),0.0,0.0
AGO5EBTO5HRLSBGC2JAUJNUTDU4A,Content (Avg Emb),0.0,0.0
AGO5EBTO5HRLSBGC2JAUJNUTDU4A,Last-Item,0.0,0.0
AGO5EBTO5HRLSBGC2JAUJNUTDU4A,Avg-Last-10,0.0,0.0
AGO5EBTO5HRLSBGC2JAUJNUTDU4A,Recency-Weighted,0.0,0.0
AGO5EBTO5HRLSBGC2JAUJNUTDU4A,Essence (K=10),0.0,0.0
AGODMLJBZVLLQPL5PXHGAZZNRP3A,Random,0.0,
AGODMLJBZVLLQPL5PXHGAZZNRP3A,Popularity,0.0,
AGODMLJBZVLLQPL5PXHGAZZNRP3A,CF (ItemKNN),0.0,
AGODMLJBZVLLQPL5PXHGAZZNRP3A,Content (Avg Emb),0.25,
AGODMLJBZVLLQPL5PXHGAZZNRP3A,Last-Item,0.0,
AGODMLJBZVLLQPL5PXHGAZZNRP3A,Avg-Last-10,0.0,
AGODMLJBZVLLQPL5PXHGAZZNRP3A,Recency-Weighted,0.0,
AGODMLJBZVLLQPL5PXHGAZZNRP3A,Essence (K=10),0.0,
AGODZ2SB3BRN7KGASISXNZQK22FQ,Random,0.0,0.0
AGODZ2SB3BRN7KGASISXNZQK22FQ,Popularity,0.0,0.0
AGODZ2SB3BRN7KGASISXNZQK22FQ,CF (ItemKNN),0.0,0.0
AGODZ2SB3BRN7KGASISXNZQK22FQ,Content (Avg Emb),0.0,0.0
AGODZ2SB3BRN7KGASISXNZQK22FQ,Last-Item,0.125,0.0
AGODZ2SB3BRN7KGASISXNZQK22FQ,Avg-Last-10,0.0,0.0
AGODZ2SB3BRN7KGASISXNZQK22FQ,Recency-Weighted,0.0,0.0
AGODZ2SB3BRN7KGASISXNZQK22FQ,Essence (K=10),0.0,0.0
AGOF5FCKCT7VT4OUEDNPD5J4UEVQ,Random,0.0,0.0
AGOF5FCKCT7VT4OUEDNPD5J4UEVQ,Popularity,0.0,0.0
AGOF5FCKCT7VT4OUEDNPD5J4UEVQ,CF (ItemKNN),0.0,0.0
AGOF5FCKCT7VT4OUEDNPD5J4UEVQ,Content (Avg Emb),0.0,0.0
AGOF5FCKCT7VT4OUEDNPD5J4UEVQ,Last-Item,0.0,0.0
AGOF5FCKCT7VT4OUEDNPD5J4UEVQ,Avg-Last-10,0.0,0.0
AGOF5FCKCT7VT4OUEDNPD5J4UEVQ,Recency-Weighted,0.0,0.0
AGOF5FCKCT7VT4OUEDNPD5J4UEVQ,Essence (K=10),0.0,0.0
AGOJZYKBUZOQRNPVEKYNB6A26YTA,Random,0.0,
AGOJZYKBUZOQRNPVEKYNB6A26YTA,Popularity,0.0,
AGOJZYKBUZOQRNPVEKYNB6A26YTA,CF (ItemKNN),0.0,
AGOJZYKBUZOQRNPVEKYNB6A26YTA,Content (Avg Emb),0.0,
AGOJZYKBUZOQRNPVEKYNB6A26YTA,Last-Item,0.0,
AGOJZYKBUZOQRNPVEKYNB6A26YTA,Avg-Last-10,0.0,
AGOJZYKBUZOQRNPVEKYNB6A26YTA,Recency-Weighted,0.0,
AGOJZYKBUZOQRNPVEKYNB6A26YTA,Essence (K=10),0.0,
AGOMUJF3NSVQNWIBXGB3WGS66Y3Q,Random,0.0,0.0
AGOMUJF3NSVQNWIBXGB3WGS66Y3Q,Popularity,0.0,0.0
AGOMUJF3NSVQNWIBXGB3WGS66Y3Q,CF (ItemKNN),0.0,0.0
AGOMUJF3NSVQNWIBXGB3WGS66Y3Q,Content (Avg Emb),0.0,0.0
AGOMUJF3NSVQNWIBXGB3WGS66Y3Q,Last-Item,0.0,0.0
AGOMUJF3NSVQNWIBXGB3WGS66Y3Q,Avg-Last-10,0.0,0.0
AGOMUJF3NSVQNWIBXGB3WGS66Y3Q,Recency-Weighted,0.0,0.0
AGOMUJF3NSVQNWIBXGB3WGS66Y3Q,Essence (K=10),0.0,0.0
AGOQRFXRNWU6EJGDXIE5CLJIXOKQ,Random,0.0,0.0
AGOQRFXRNWU6EJGDXIE5CLJIXOKQ,Popularity,0.0,0.0
AGOQRFXRNWU6EJGDXIE5CLJIXOKQ,CF (ItemKNN),0.0,0.0
AGOQRFXRNWU6EJGDXIE5CLJIXOKQ,Content (Avg Emb),0.0,0.0
AGOQRFXRNWU6EJGDXIE5CLJIXOKQ,Last-Item,0.0,0.0
AGOQRFXRNWU6EJGDXIE5CLJIXOKQ,Avg-Last-10,0.0,0.0
AGOQRFXRNWU6EJGDXIE5CLJIXOKQ,Recency-Weighted,0.0,0.0
AGOQRFXRNWU6EJGDXIE5CLJIXOKQ,Essence (K=10),0.0,0.0
AGOR3KNKTKRHOJFMXQRWZT3JJ6RQ,Random,0.0,0.0
AGOR3KNKTKRHOJFMXQRWZT3JJ6RQ,Popularity,0.0,0.0
AGOR3KNKTKRHOJFMXQRWZT3JJ6RQ,CF (ItemKNN),0.0,0.0
AGOR3KNKTKRHOJFMXQRWZT3JJ6RQ,Content (Avg Emb),0.0,0.0
AGOR3KNKTKRHOJFMXQRWZT3JJ6RQ,Last-Item,0.0,0.0
AGOR3KNKTKRHOJFMXQRWZT3JJ6RQ,Avg-Last-10,0.0,0.0
AGOR3KNKTKRHOJFMXQRWZT3JJ6RQ,Recency-Weighted,0.0,0.0
AGOR3KNKTKRHOJFMXQRWZT3JJ6RQ,Essence (K=10),0.0,0.0
AGOUAIRPTEETGGIKLMKZB3HSB72A,Random,0.0,
AGOUAIRPTEETGGIKLMKZB3HSB72A,Popularity,0.0,
AGOUAIRPTEETGGIKLMKZB3HSB72A,CF (ItemKNN),0.0,
AGOUAIRPTEETGGIKLMKZB3HSB72A,Content (Avg Emb),0.0,
AGOUAIRPTEETGGIKLMKZB3HSB72A,Last-Item,0.0,
AGOUAIRPTEETGGIKLMKZB3HSB72A,Avg-Last-10,0.0,
AGOUAIRPTEETGGIKLMKZB3HSB72A,Recency-Weighted,0.0,
AGOUAIRPTEETGGIKLMKZB3HSB72A,Essence (K=10),0.0,
AGOURPLLOX26OXX4F7QWY3BU4ZFA,Random,0.0,
AGOURPLLOX26OXX4F7QWY3BU4ZFA,Popularity,0.0,
AGOURPLLOX26OXX4F7QWY3BU4ZFA,CF (ItemKNN),0.0,
AGOURPLLOX26OXX4F7QWY3BU4ZFA,Content (Avg Emb),0.0,
AGOURPLLOX26OXX4F7QWY3BU4ZFA,Last-Item,0.0,
AGOURPLLOX26OXX4F7QWY3BU4ZFA,Avg-Last-10,0.0,
AGOURPLLOX26OXX4F7QWY3BU4ZFA,Recency-Weighted,0.0,
AGOURPLLOX26OXX4F7QWY3BU4ZFA,Essence (K=10),0.0,
AGOWOP4YB2YA6JHS67NHLNPKVUYA,Random,0.0,
AGOWOP4YB2YA6JHS67NHLNPKVUYA,Popularity,0.0,
AGOWOP4YB2YA6JHS67NHLNPKVUYA,CF (ItemKNN),0.0,
AGOWOP4YB2YA6JHS67NHLNPKVUYA,Content (Avg Emb),0.0,
AGOWOP4YB2YA6JHS67NHLNPKVUYA,Last-Item,0.6666666666666666,
AGOWOP4YB2YA6JHS67NHLNPKVUYA,Avg-Last-10,0.0,
AGOWOP4YB2YA6JHS67NHLNPKVUYA,Recency-Weighted,0.5,
AGOWOP4YB2YA6JHS67NHLNPKVUYA,Essence (K=10),0.0,
AGOWQ23ASTE7Z3M6QBKV64FFMXWA,Random,0.0,
AGOWQ23ASTE7Z3M6QBKV64FFMXWA,Popularity,0.0,
AGOWQ23ASTE7Z3M6QBKV64FFMXWA,CF (ItemKNN),0.0,
AGOWQ23ASTE7Z3M6QBKV64FFMXWA,Content (Avg Emb),1.0,
AGOWQ23ASTE7Z3M6QBKV64FFMXWA,Last-Item,1.0,
AGOWQ23ASTE7Z3M6QBKV64FFMXWA,Avg-Last-10,0.6666666666666666,
AGOWQ23ASTE7Z3M6QBKV64FFMXWA,Recency-Weighted,1.0,
AGOWQ23ASTE7Z3M6QBKV64FFMXWA,Essence (K=10),0.8333333333333334,
AGOXNEC2GWLP3IUXU5VLPKFRNZHA,Random,0.0,0.0
AGOXNEC2GWLP3IUXU5VLPKFRNZHA,Popularity,0.0,0.0
AGOXNEC2GWLP3IUXU5VLPKFRNZHA,CF (ItemKNN),0.0,0.0
AGOXNEC2GWLP3IUXU5VLPKFRNZHA,Content (Avg Emb),0.0,0.0
AGOXNEC2GWLP3IUXU5VLPKFRNZHA,Last-Item,0.2,0.0
AGOXNEC2GWLP3IUXU5VLPKFRNZHA,Avg-Last-10,0.0,0.0
AGOXNEC2GWLP3IUXU5VLPKFRNZHA,Recency-Weighted,0.0,0.0
AGOXNEC2GWLP3IUXU5VLPKFRNZHA,Essence (K=10),0.0,0.0
AGOYKQX6PDFXAEUOB4HAJKLXEWSQ,Random,0.0,0.0
AGOYKQX6PDFXAEUOB4HAJKLXEWSQ,Popularity,0.0,0.0
AGOYKQX6PDFXAEUOB4HAJKLXEWSQ,CF (ItemKNN),0.0,0.0
AGOYKQX6PDFXAEUOB4HAJKLXEWSQ,Content (Avg Emb),0.0,0.0
AGOYKQX6PDFXAEUOB4HAJKLXEWSQ,Last-Item,0.0,0.0
AGOYKQX6PDFXAEUOB4HAJKLXEWSQ,Avg-Last-10,0.0,0.0
AGOYKQX6PDFXAEUOB4HAJKLXEWSQ,Recency-Weighted,0.0,0.0
AGOYKQX6PDFXAEUOB4HAJKLXEWSQ,Essence (K=10),0.0,0.0
AGP2MDBAMBVBWNOQK23R6PG3HK5A,Random,0.0,
AGP2MDBAMBVBWNOQK23R6PG3HK5A,Popularity,0.0,
AGP2MDBAMBVBWNOQK23R6PG3HK5A,CF (ItemKNN),0.0,
AGP2MDBAMBVBWNOQK23R6PG3HK5A,Content (Avg Emb),0.0,
AGP2MDBAMBVBWNOQK23R6PG3HK5A,Last-Item,0.0,
AGP2MDBAMBVBWNOQK23R6PG3HK5A,Avg-Last-10,0.14285714285714285,
AGP2MDBAMBVBWNOQK23R6PG3HK5A,Recency-Weighted,0.14285714285714285,
AGP2MDBAMBVBWNOQK23R6PG3HK5A,Essence (K=10),0.14285714285714285,
AGP2SHJRUA2KZZMKRO7GBRLIP7NQ,Random,0.0,
AGP2SHJRUA2KZZMKRO7GBRLIP7NQ,Popularity,0.0,
AGP2SHJRUA2KZZMKRO7GBRLIP7NQ,CF (ItemKNN),0.0,
AGP2SHJRUA2KZZMKRO7GBRLIP7NQ,Content (Avg Emb),0.0,
AGP2SHJRUA2KZZMKRO7GBRLIP7NQ,Last-Item,0.0,
AGP2SHJRUA2KZZMKRO7GBRLIP7NQ,Avg-Last-10,0.0,
AGP2SHJRUA2KZZMKRO7GBRLIP7NQ,Recency-Weighted,0.0,
AGP2SHJRUA2KZZMKRO7GBRLIP7NQ,Essence (K=10),0.0,
AGP32SKSF4SX46W6NNYKDL32HATA,Random,0.0,
AGP32SKSF4SX46W6NNYKDL32HATA,Popularity,0.0,
AGP32SKSF4SX46W6NNYKDL32HATA,CF (ItemKNN),0.0,
AGP32SKSF4SX46W6NNYKDL32HATA,Content (Avg Emb),0.0,
AGP32SKSF4SX46W6NNYKDL32HATA,Last-Item,0.0,
AGP32SKSF4SX46W6NNYKDL32HATA,Avg-Last-10,0.0,
AGP32SKSF4SX46W6NNYKDL32HATA,Recency-Weighted,0.0,
AGP32SKSF4SX46W6NNYKDL32HATA,Essence (K=10),0.0,
AGP47VS3VR3UXM3XQXLPN7PCDSEA,Random,0.0,0.0
AGP47VS3VR3UXM3XQXLPN7PCDSEA,Popularity,0.0,0.0
AGP47VS3VR3UXM3XQXLPN7PCDSEA,CF (ItemKNN),0.0,0.0
AGP47VS3VR3UXM3XQXLPN7PCDSEA,Content (Avg Emb),0.0,0.0
AGP47VS3VR3UXM3XQXLPN7PCDSEA,Last-Item,0.0,0.0
AGP47VS3VR3UXM3XQXLPN7PCDSEA,Avg-Last-10,0.0,0.0
AGP47VS3VR3UXM3XQXLPN7PCDSEA,Recency-Weighted,0.0,0.0
AGP47VS3VR3UXM3XQXLPN7PCDSEA,Essence (K=10),0.0,0.0
AGP654B4X62QWHJ37P7SPWFUBGEA,Random,0.0,
AGP654B4X62QWHJ37P7SPWFUBGEA,Popularity,0.0,
AGP654B4X62QWHJ37P7SPWFUBGEA,CF (ItemKNN),0.0,
AGP654B4X62QWHJ37P7SPWFUBGEA,Content (Avg Emb),0.0,
AGP654B4X62QWHJ37P7SPWFUBGEA,Last-Item,0.0,
AGP654B4X62QWHJ37P7SPWFUBGEA,Avg-Last-10,0.0,
AGP654B4X62QWHJ37P7SPWFUBGEA,Recency-Weighted,0.0,
AGP654B4X62QWHJ37P7SPWFUBGEA,Essence (K=10),0.0,
AGP6KCB6EKFJE45JMKRBI7W3X3OQ,Random,0.0,0.0
AGP6KCB6EKFJE45JMKRBI7W3X3OQ,Popularity,0.0,0.0
AGP6KCB6EKFJE45JMKRBI7W3X3OQ,CF (ItemKNN),0.0,0.0
AGP6KCB6EKFJE45JMKRBI7W3X3OQ,Content (Avg Emb),0.0,0.0
AGP6KCB6EKFJE45JMKRBI7W3X3OQ,Last-Item,0.0,0.0
AGP6KCB6EKFJE45JMKRBI7W3X3OQ,Avg-Last-10,0.0,0.0
AGP6KCB6EKFJE45JMKRBI7W3X3OQ,Recency-Weighted,0.0,0.0
AGP6KCB6EKFJE45JMKRBI7W3X3OQ,Essence (K=10),0.0,0.0
AGP6WZXM6LSEJNU4UM5BDVIQ5YOA,Random,0.0,0.0
AGP6WZXM6LSEJNU4UM5BDVIQ5YOA,Popularity,0.0,0.0
AGP6WZXM6LSEJNU4UM5BDVIQ5YOA,CF (ItemKNN),0.0,0.0
AGP6WZXM6LSEJNU4UM5BDVIQ5YOA,Content (Avg Emb),0.0,0.0
AGP6WZXM6LSEJNU4UM5BDVIQ5YOA,Last-Item,0.0,0.0
AGP6WZXM6LSEJNU4UM5BDVIQ5YOA,Avg-Last-10,0.0,0.0
AGP6WZXM6LSEJNU4UM5BDVIQ5YOA,Recency-Weighted,0.0,0.0
AGP6WZXM6LSEJNU4UM5BDVIQ5YOA,Essence (K=10),0.0,0.0
AGP7G2UPFX4OPQ7RGQZXZRTOIRYQ,Random,0.0,
AGP7G2UPFX4OPQ7RGQZXZRTOIRYQ,Popularity,0.0,
AGP7G2UPFX4OPQ7RGQZXZRTOIRYQ,CF (ItemKNN),0.0,
AGP7G2UPFX4OPQ7RGQZXZRTOIRYQ,Content (Avg Emb),0.0,
AGP7G2UPFX4OPQ7RGQZXZRTOIRYQ,Last-Item,0.0,
AGP7G2UPFX4OPQ7RGQZXZRTOIRYQ,Avg-Last-10,0.0,
AGP7G2UPFX4OPQ7RGQZXZRTOIRYQ,Recency-Weighted,0.0,
AGP7G2UPFX4OPQ7RGQZXZRTOIRYQ,Essence (K=10),0.25,
AGPA6N5XPHENTI5NJBUVJCOILIHQ,Random,0.0,0.0
AGPA6N5XPHENTI5NJBUVJCOILIHQ,Popularity,0.0,0.0
AGPA6N5XPHENTI5NJBUVJCOILIHQ,CF (ItemKNN),0.0,0.0
AGPA6N5XPHENTI5NJBUVJCOILIHQ,Content (Avg Emb),0.0,0.0
AGPA6N5XPHENTI5NJBUVJCOILIHQ,Last-Item,0.0,0.0
AGPA6N5XPHENTI5NJBUVJCOILIHQ,Avg-Last-10,0.0,0.0
AGPA6N5XPHENTI5NJBUVJCOILIHQ,Recency-Weighted,0.0,0.0
AGPA6N5XPHENTI5NJBUVJCOILIHQ,Essence (K=10),0.0,0.0
AGPBQBKXAPPPLTH53RDUR2U47HOA,Random,0.0,0.0
AGPBQBKXAPPPLTH53RDUR2U47HOA,Popularity,0.0,0.0
AGPBQBKXAPPPLTH53RDUR2U47HOA,CF (ItemKNN),0.0,0.0
AGPBQBKXAPPPLTH53RDUR2U47HOA,Content (Avg Emb),0.0,0.0
AGPBQBKXAPPPLTH53RDUR2U47HOA,Last-Item,0.0,0.0
AGPBQBKXAPPPLTH53RDUR2U47HOA,Avg-Last-10,0.0,0.0
AGPBQBKXAPPPLTH53RDUR2U47HOA,Recency-Weighted,0.0,0.0
AGPBQBKXAPPPLTH53RDUR2U47HOA,Essence (K=10),0.0,0.0
AGPCF5SI6KRPHW24RLYST6AM3Q4A,Random,0.0,0.0
AGPCF5SI6KRPHW24RLYST6AM3Q4A,Popularity,0.0,0.0
AGPCF5SI6KRPHW24RLYST6AM3Q4A,CF (ItemKNN),0.0,0.0
AGPCF5SI6KRPHW24RLYST6AM3Q4A,Content (Avg Emb),0.0,0.0
AGPCF5SI6KRPHW24RLYST6AM3Q4A,Last-Item,0.0,0.0
AGPCF5SI6KRPHW24RLYST6AM3Q4A,Avg-Last-10,0.0,0.0
AGPCF5SI6KRPHW24RLYST6AM3Q4A,Recency-Weighted,0.0,0.0
AGPCF5SI6KRPHW24RLYST6AM3Q4A,Essence (K=10),0.0,0.0
AGPDI3HH7YNVDUEAMHXBOP6SK3CQ,Random,0.0,0.0
AGPDI3HH7YNVDUEAMHXBOP6SK3CQ,Popularity,0.0,0.0
AGPDI3HH7YNVDUEAMHXBOP6SK3CQ,CF (ItemKNN),0.0,0.0
AGPDI3HH7YNVDUEAMHXBOP6SK3CQ,Content (Avg Emb),0.0,0.0
AGPDI3HH7YNVDUEAMHXBOP6SK3CQ,Last-Item,0.0,0.0
AGPDI3HH7YNVDUEAMHXBOP6SK3CQ,Avg-Last-10,0.0,0.0
AGPDI3HH7YNVDUEAMHXBOP6SK3CQ,Recency-Weighted,0.0,0.0
AGPDI3HH7YNVDUEAMHXBOP6SK3CQ,Essence (K=10),0.0,0.0
AGPML7RWB4IDM25HDK7YYU2Z37MQ,Random,0.0,0.0
AGPML7RWB4IDM25HDK7YYU2Z37MQ,Popularity,0.0,0.0
AGPML7RWB4IDM25HDK7YYU2Z37MQ,CF (ItemKNN),0.0,0.0
AGPML7RWB4IDM25HDK7YYU2Z37MQ,Content (Avg Emb),0.15,0.0
AGPML7RWB4IDM25HDK7YYU2Z37MQ,Last-Item,0.2,0.0
AGPML7RWB4IDM25HDK7YYU2Z37MQ,Avg-Last-10,0.15,0.0
AGPML7RWB4IDM25HDK7YYU2Z37MQ,Recency-Weighted,0.2,0.0
AGPML7RWB4IDM25HDK7YYU2Z37MQ,Essence (K=10),0.15,0.0
AGPMSCQHCUJBY2CHAEVVNDIRUUQQ,Random,0.0,
AGPMSCQHCUJBY2CHAEVVNDIRUUQQ,Popularity,0.0,
AGPMSCQHCUJBY2CHAEVVNDIRUUQQ,CF (ItemKNN),0.0,
AGPMSCQHCUJBY2CHAEVVNDIRUUQQ,Content (Avg Emb),0.0,
AGPMSCQHCUJBY2CHAEVVNDIRUUQQ,Last-Item,0.0,
AGPMSCQHCUJBY2CHAEVVNDIRUUQQ,Avg-Last-10,0.0,
AGPMSCQHCUJBY2CHAEVVNDIRUUQQ,Recency-Weighted,0.0,
AGPMSCQHCUJBY2CHAEVVNDIRUUQQ,Essence (K=10),0.0,
AGPNJR4WCUHPTROOCWGNIDOSF3RA,Random,0.0,
AGPNJR4WCUHPTROOCWGNIDOSF3RA,Popularity,0.0,
AGPNJR4WCUHPTROOCWGNIDOSF3RA,CF (ItemKNN),0.0,
AGPNJR4WCUHPTROOCWGNIDOSF3RA,Content (Avg Emb),0.0,
AGPNJR4WCUHPTROOCWGNIDOSF3RA,Last-Item,0.0,
AGPNJR4WCUHPTROOCWGNIDOSF3RA,Avg-Last-10,0.0,
AGPNJR4WCUHPTROOCWGNIDOSF3RA,Recency-Weighted,0.0,
AGPNJR4WCUHPTROOCWGNIDOSF3RA,Essence (K=10),0.0,
AGPR7RNOXC6TIVF24PS4CXHNOJ4A,Random,0.0,0.0
AGPR7RNOXC6TIVF24PS4CXHNOJ4A,Popularity,0.0,0.0
AGPR7RNOXC6TIVF24PS4CXHNOJ4A,CF (ItemKNN),0.0,0.0
AGPR7RNOXC6TIVF24PS4CXHNOJ4A,Content (Avg Emb),0.0,0.0
AGPR7RNOXC6TIVF24PS4CXHNOJ4A,Last-Item,0.0,0.0
AGPR7RNOXC6TIVF24PS4CXHNOJ4A,Avg-Last-10,0.0,0.0
AGPR7RNOXC6TIVF24PS4CXHNOJ4A,Recency-Weighted,0.0,0.0
AGPR7RNOXC6TIVF24PS4CXHNOJ4A,Essence (K=10),0.0,0.0
AGPRZXO3UI5A67R54QUE3DCVX52A,Random,0.0,0.0
AGPRZXO3UI5A67R54QUE3DCVX52A,Popularity,0.0,0.0
AGPRZXO3UI5A67R54QUE3DCVX52A,CF (ItemKNN),0.0,0.0
AGPRZXO3UI5A67R54QUE3DCVX52A,Content (Avg Emb),0.0,0.0
AGPRZXO3UI5A67R54QUE3DCVX52A,Last-Item,0.07692307692307693,0.0
AGPRZXO3UI5A67R54QUE3DCVX52A,Avg-Last-10,0.0,0.0
AGPRZXO3UI5A67R54QUE3DCVX52A,Recency-Weighted,0.0,0.0
AGPRZXO3UI5A67R54QUE3DCVX52A,Essence (K=10),0.0,0.0
AGPUMX7POHL7UVAIK3MR2225OWBA,Random,0.0,0.0
AGPUMX7POHL7UVAIK3MR2225OWBA,Popularity,0.0,0.0
AGPUMX7POHL7UVAIK3MR2225OWBA,CF (ItemKNN),0.0,0.0
AGPUMX7POHL7UVAIK3MR2225OWBA,Content (Avg Emb),0.0,0.0
AGPUMX7POHL7UVAIK3MR2225OWBA,Last-Item,0.0,0.0
AGPUMX7POHL7UVAIK3MR2225OWBA,Avg-Last-10,0.0,0.0
AGPUMX7POHL7UVAIK3MR2225OWBA,Recency-Weighted,0.0,0.0
AGPUMX7POHL7UVAIK3MR2225OWBA,Essence (K=10),0.0,0.0
AGPUSNCDFX7VO55YUDQFNMQEKCPA,Random,0.0,0.0
AGPUSNCDFX7VO55YUDQFNMQEKCPA,Popularity,0.0,0.0
AGPUSNCDFX7VO55YUDQFNMQEKCPA,CF (ItemKNN),0.0,0.0
AGPUSNCDFX7VO55YUDQFNMQEKCPA,Content (Avg Emb),0.0,0.0
AGPUSNCDFX7VO55YUDQFNMQEKCPA,Last-Item,0.0,0.0
AGPUSNCDFX7VO55YUDQFNMQEKCPA,Avg-Last-10,0.0,0.0
AGPUSNCDFX7VO55YUDQFNMQEKCPA,Recency-Weighted,0.0,0.0
AGPUSNCDFX7VO55YUDQFNMQEKCPA,Essence (K=10),0.0,0.0
AGPW2VWH5XVJZ3ZBE7GP7EMQLQFQ,Random,0.0,
AGPW2VWH5XVJZ3ZBE7GP7EMQLQFQ,Popularity,0.0,
AGPW2VWH5XVJZ3ZBE7GP7EMQLQFQ,CF (ItemKNN),0.0,
AGPW2VWH5XVJZ3ZBE7GP7EMQLQFQ,Content (Avg Emb),0.0,
AGPW2VWH5XVJZ3ZBE7GP7EMQLQFQ,Last-Item,0.0,
AGPW2VWH5XVJZ3ZBE7GP7EMQLQFQ,Avg-Last-10,0.1111111111111111,
AGPW2VWH5XVJZ3ZBE7GP7EMQLQFQ,Recency-Weighted,0.1111111111111111,
AGPW2VWH5XVJZ3ZBE7GP7EMQLQFQ,Essence (K=10),0.0,
AGQ27AYBO5QO7EKEX4HPHOD5PVLA,Random,0.0,0.0
AGQ27AYBO5QO7EKEX4HPHOD5PVLA,Popularity,0.0,0.0
AGQ27AYBO5QO7EKEX4HPHOD5PVLA,CF (ItemKNN),0.0,0.0
AGQ27AYBO5QO7EKEX4HPHOD5PVLA,Content (Avg Emb),0.0,0.0
AGQ27AYBO5QO7EKEX4HPHOD5PVLA,Last-Item,0.0,0.0
AGQ27AYBO5QO7EKEX4HPHOD5PVLA,Avg-Last-10,0.0,0.0
AGQ27AYBO5QO7EKEX4HPHOD5PVLA,Recency-Weighted,0.0,0.0
AGQ27AYBO5QO7EKEX4HPHOD5PVLA,Essence (K=10),0.0,0.0
AGQ5OFNKDXI3464IBV2UUKYT4W3Q,Random,0.0,0.0
AGQ5OFNKDXI3464IBV2UUKYT4W3Q,Popularity,0.0,0.0
AGQ5OFNKDXI3464IBV2UUKYT4W3Q,CF (ItemKNN),0.0,0.0
AGQ5OFNKDXI3464IBV2UUKYT4W3Q,Content (Avg Emb),0.0,0.0
AGQ5OFNKDXI3464IBV2UUKYT4W3Q,Last-Item,0.0,0.0
AGQ5OFNKDXI3464IBV2UUKYT4W3Q,Avg-Last-10,0.0,0.0
AGQ5OFNKDXI3464IBV2UUKYT4W3Q,Recency-Weighted,0.0,0.0
AGQ5OFNKDXI3464IBV2UUKYT4W3Q,Essence (K=10),0.0,0.0
AGQAOZVU6FW2U2ML6O4BHVSXDVFA,Random,0.0,
AGQAOZVU6FW2U2ML6O4BHVSXDVFA,Popularity,0.0,
AGQAOZVU6FW2U2ML6O4BHVSXDVFA,CF (ItemKNN),0.0,
AGQAOZVU6FW2U2ML6O4BHVSXDVFA,Content (Avg Emb),0.0,
AGQAOZVU6FW2U2ML6O4BHVSXDVFA,Last-Item,0.0,
AGQAOZVU6FW2U2ML6O4BHVSXDVFA,Avg-Last-10,0.0,
AGQAOZVU6FW2U2ML6O4BHVSXDVFA,Recency-Weighted,0.0,
AGQAOZVU6FW2U2ML6O4BHVSXDVFA,Essence (K=10),0.0,
AGQD2TOO7GOWGG5QZ77I2GXCUU7Q,Random,0.0,
AGQD2TOO7GOWGG5QZ77I2GXCUU7Q,Popularity,0.0,
AGQD2TOO7GOWGG5QZ77I2GXCUU7Q,CF (ItemKNN),0.0,
AGQD2TOO7GOWGG5QZ77I2GXCUU7Q,Content (Avg Emb),0.0,
AGQD2TOO7GOWGG5QZ77I2GXCUU7Q,Last-Item,0.0,
AGQD2TOO7GOWGG5QZ77I2GXCUU7Q,Avg-Last-10,0.0,
AGQD2TOO7GOWGG5QZ77I2GXCUU7Q,Recency-Weighted,0.0,
AGQD2TOO7GOWGG5QZ77I2GXCUU7Q,Essence (K=10),0.0,
AGQDSQHVLUKHI3KEUFC7QUAUC44Q,Random,0.0,0.0
AGQDSQHVLUKHI3KEUFC7QUAUC44Q,Popularity,0.0,0.0
AGQDSQHVLUKHI3KEUFC7QUAUC44Q,CF (ItemKNN),0.0,0.0
AGQDSQHVLUKHI3KEUFC7QUAUC44Q,Content (Avg Emb),0.0,0.0
AGQDSQHVLUKHI3KEUFC7QUAUC44Q,Last-Item,0.0,0.0
AGQDSQHVLUKHI3KEUFC7QUAUC44Q,Avg-Last-10,0.0,0.0
AGQDSQHVLUKHI3KEUFC7QUAUC44Q,Recency-Weighted,0.0,0.0
AGQDSQHVLUKHI3KEUFC7QUAUC44Q,Essence (K=10),0.0,0.0
AGQIU2UYSFKZATZMAC5Q56VYSAKA,Random,0.0,
AGQIU2UYSFKZATZMAC5Q56VYSAKA,Popularity,0.0,
AGQIU2UYSFKZATZMAC5Q56VYSAKA,CF (ItemKNN),0.0,
AGQIU2UYSFKZATZMAC5Q56VYSAKA,Content (Avg Emb),0.0,
AGQIU2UYSFKZATZMAC5Q56VYSAKA,Last-Item,0.0,
AGQIU2UYSFKZATZMAC5Q56VYSAKA,Avg-Last-10,0.0,
AGQIU2UYSFKZATZMAC5Q56VYSAKA,Recency-Weighted,0.0,
AGQIU2UYSFKZATZMAC5Q56VYSAKA,Essence (K=10),0.0,
AGQMMEPB52M7KHR6JLRLB6GY2NHA,Random,0.0,
AGQMMEPB52M7KHR6JLRLB6GY2NHA,Popularity,0.0,
AGQMMEPB52M7KHR6JLRLB6GY2NHA,CF (ItemKNN),0.0,
AGQMMEPB52M7KHR6JLRLB6GY2NHA,Content (Avg Emb),0.0,
AGQMMEPB52M7KHR6JLRLB6GY2NHA,Last-Item,0.0,
AGQMMEPB52M7KHR6JLRLB6GY2NHA,Avg-Last-10,0.0,
AGQMMEPB52M7KHR6JLRLB6GY2NHA,Recency-Weighted,0.0,
AGQMMEPB52M7KHR6JLRLB6GY2NHA,Essence (K=10),0.0,
AGQNUQ4XKJIWTFJGOPPCLUPVX2RQ,Random,0.0,
AGQNUQ4XKJIWTFJGOPPCLUPVX2RQ,Popularity,0.0,
AGQNUQ4XKJIWTFJGOPPCLUPVX2RQ,CF (ItemKNN),0.0,
AGQNUQ4XKJIWTFJGOPPCLUPVX2RQ,Content (Avg Emb),0.0,
AGQNUQ4XKJIWTFJGOPPCLUPVX2RQ,Last-Item,0.0,
AGQNUQ4XKJIWTFJGOPPCLUPVX2RQ,Avg-Last-10,0.0,
AGQNUQ4XKJIWTFJGOPPCLUPVX2RQ,Recency-Weighted,0.0,
AGQNUQ4XKJIWTFJGOPPCLUPVX2RQ,Essence (K=10),0.0,
AGQOPNLMUFLPUMQHBTGVBSQEZQTQ,Random,0.0,0.0
AGQOPNLMUFLPUMQHBTGVBSQEZQTQ,Popularity,0.0,0.0
AGQOPNLMUFLPUMQHBTGVBSQEZQTQ,CF (ItemKNN),0.0,0.0
AGQOPNLMUFLPUMQHBTGVBSQEZQTQ,Content (Avg Emb),0.0,0.0
AGQOPNLMUFLPUMQHBTGVBSQEZQTQ,Last-Item,0.0,0.0
AGQOPNLMUFLPUMQHBTGVBSQEZQTQ,Avg-Last-10,0.0,0.0
AGQOPNLMUFLPUMQHBTGVBSQEZQTQ,Recency-Weighted,0.0,0.0
AGQOPNLMUFLPUMQHBTGVBSQEZQTQ,Essence (K=10),0.0,0.0
AGQORD2TKBH3NWK5EEVXHXWM472A,Random,0.0,
AGQORD2TKBH3NWK5EEVXHXWM472A,Popularity,0.0,
AGQORD2TKBH3NWK5EEVXHXWM472A,CF (ItemKNN),0.0,
AGQORD2TKBH3NWK5EEVXHXWM472A,Content (Avg Emb),0.0,
AGQORD2TKBH3NWK5EEVXHXWM472A,Last-Item,0.0,
AGQORD2TKBH3NWK5EEVXHXWM472A,Avg-Last-10,0.0,
AGQORD2TKBH3NWK5EEVXHXWM472A,Recency-Weighted,0.0,
AGQORD2TKBH3NWK5EEVXHXWM472A,Essence (K=10),0.0,
AGQZOMMUE66SSJRM6EHHBQPGRJRA,Random,0.0,0.0
AGQZOMMUE66SSJRM6EHHBQPGRJRA,Popularity,0.0,0.0
AGQZOMMUE66SSJRM6EHHBQPGRJRA,CF (ItemKNN),0.0,0.0
AGQZOMMUE66SSJRM6EHHBQPGRJRA,Content (Avg Emb),0.0,0.0
AGQZOMMUE66SSJRM6EHHBQPGRJRA,Last-Item,0.0,0.0
AGQZOMMUE66SSJRM6EHHBQPGRJRA,Avg-Last-10,0.0,0.0
AGQZOMMUE66SSJRM6EHHBQPGRJRA,Recency-Weighted,0.0,0.0
AGQZOMMUE66SSJRM6EHHBQPGRJRA,Essence (K=10),0.0,0.0
AGR34DWEHBS75QTBNYYPVYX6BPSQ,Random,0.0,0.0
AGR34DWEHBS75QTBNYYPVYX6BPSQ,Popularity,0.0,0.0
AGR34DWEHBS75QTBNYYPVYX6BPSQ,CF (ItemKNN),0.0,0.0
AGR34DWEHBS75QTBNYYPVYX6BPSQ,Content (Avg Emb),0.0,0.0
AGR34DWEHBS75QTBNYYPVYX6BPSQ,Last-Item,0.0,0.0
AGR34DWEHBS75QTBNYYPVYX6BPSQ,Avg-Last-10,0.0,0.0
AGR34DWEHBS75QTBNYYPVYX6BPSQ,Recency-Weighted,0.0,0.0
AGR34DWEHBS75QTBNYYPVYX6BPSQ,Essence (K=10),0.0,0.0
AGR53OVBLICC4OZM2MO7ZFVOXHZA,Random,0.0,0.0
AGR53OVBLICC4OZM2MO7ZFVOXHZA,Popularity,0.0,0.0
AGR53OVBLICC4OZM2MO7ZFVOXHZA,CF (ItemKNN),0.0,0.0
AGR53OVBLICC4OZM2MO7ZFVOXHZA,Content (Avg Emb),0.0,0.0
AGR53OVBLICC4OZM2MO7ZFVOXHZA,Last-Item,0.0,0.0
AGR53OVBLICC4OZM2MO7ZFVOXHZA,Avg-Last-10,0.0,0.0
AGR53OVBLICC4OZM2MO7ZFVOXHZA,Recency-Weighted,0.0,0.0
AGR53OVBLICC4OZM2MO7ZFVOXHZA,Essence (K=10),0.0,0.0
AGR5XSUVCTBIZKDPWAWZHDKDRP4Q,Random,0.0,0.0
AGR5XSUVCTBIZKDPWAWZHDKDRP4Q,Popularity,0.0,0.0
AGR5XSUVCTBIZKDPWAWZHDKDRP4Q,CF (ItemKNN),0.0,0.0
AGR5XSUVCTBIZKDPWAWZHDKDRP4Q,Content (Avg Emb),0.0,0.0
AGR5XSUVCTBIZKDPWAWZHDKDRP4Q,Last-Item,0.0,0.0
AGR5XSUVCTBIZKDPWAWZHDKDRP4Q,Avg-Last-10,0.0,0.0
AGR5XSUVCTBIZKDPWAWZHDKDRP4Q,Recency-Weighted,0.0,0.0
AGR5XSUVCTBIZKDPWAWZHDKDRP4Q,Essence (K=10),0.0,0.0
AGRADGGBMSD3LO7GAANFLTTT5KJQ,Random,0.0,0.0
AGRADGGBMSD3LO7GAANFLTTT5KJQ,Popularity,0.0,0.0
AGRADGGBMSD3LO7GAANFLTTT5KJQ,CF (ItemKNN),0.0,0.0
AGRADGGBMSD3LO7GAANFLTTT5KJQ,Content (Avg Emb),0.0,0.0
AGRADGGBMSD3LO7GAANFLTTT5KJQ,Last-Item,0.0,0.0
AGRADGGBMSD3LO7GAANFLTTT5KJQ,Avg-Last-10,0.0,0.0
AGRADGGBMSD3LO7GAANFLTTT5KJQ,Recency-Weighted,0.0,0.0
AGRADGGBMSD3LO7GAANFLTTT5KJQ,Essence (K=10),0.0,0.0
AGRFBNTBPLO2CB4A6PJBFY4QWUQA,Random,0.0,0.0
AGRFBNTBPLO2CB4A6PJBFY4QWUQA,Popularity,0.0,0.0
AGRFBNTBPLO2CB4A6PJBFY4QWUQA,CF (ItemKNN),0.0,0.0
AGRFBNTBPLO2CB4A6PJBFY4QWUQA,Content (Avg Emb),0.0,0.0
AGRFBNTBPLO2CB4A6PJBFY4QWUQA,Last-Item,0.0,0.0
AGRFBNTBPLO2CB4A6PJBFY4QWUQA,Avg-Last-10,0.0,0.0
AGRFBNTBPLO2CB4A6PJBFY4QWUQA,Recency-Weighted,0.0,0.0
AGRFBNTBPLO2CB4A6PJBFY4QWUQA,Essence (K=10),0.0,0.0
AGRGV6RB2ZPSFI7W6O24EDOO5BGA,Random,0.0,
AGRGV6RB2ZPSFI7W6O24EDOO5BGA,Popularity,0.0,
AGRGV6RB2ZPSFI7W6O24EDOO5BGA,CF (ItemKNN),0.0,
AGRGV6RB2ZPSFI7W6O24EDOO5BGA,Content (Avg Emb),0.0,
AGRGV6RB2ZPSFI7W6O24EDOO5BGA,Last-Item,0.0,
AGRGV6RB2ZPSFI7W6O24EDOO5BGA,Avg-Last-10,0.0,
AGRGV6RB2ZPSFI7W6O24EDOO5BGA,Recency-Weighted,0.0,
AGRGV6RB2ZPSFI7W6O24EDOO5BGA,Essence (K=10),0.0,
AGRIURNCKV24TFGH27O6Z26KCQKA,Random,0.0,
AGRIURNCKV24TFGH27O6Z26KCQKA,Popularity,0.0,
AGRIURNCKV24TFGH27O6Z26KCQKA,CF (ItemKNN),0.0,
AGRIURNCKV24TFGH27O6Z26KCQKA,Content (Avg Emb),0.0,
AGRIURNCKV24TFGH27O6Z26KCQKA,Last-Item,0.0,
AGRIURNCKV24TFGH27O6Z26KCQKA,Avg-Last-10,0.0,
AGRIURNCKV24TFGH27O6Z26KCQKA,Recency-Weighted,0.0,
AGRIURNCKV24TFGH27O6Z26KCQKA,Essence (K=10),0.0,
AGRJDG7WJYYBQZGBHCVLCCEN36UA,Random,0.0,0.0
AGRJDG7WJYYBQZGBHCVLCCEN36UA,Popularity,0.0,0.0
AGRJDG7WJYYBQZGBHCVLCCEN36UA,CF (ItemKNN),0.0,0.0
AGRJDG7WJYYBQZGBHCVLCCEN36UA,Content (Avg Emb),0.0,0.0
AGRJDG7WJYYBQZGBHCVLCCEN36UA,Last-Item,0.0,0.0
AGRJDG7WJYYBQZGBHCVLCCEN36UA,Avg-Last-10,0.0,0.0
AGRJDG7WJYYBQZGBHCVLCCEN36UA,Recency-Weighted,0.0,0.0
AGRJDG7WJYYBQZGBHCVLCCEN36UA,Essence (K=10),0.0,0.0
AGRLCRFL4RC5KBIGNAAT5XHPDPEA,Random,0.0,
AGRLCRFL4RC5KBIGNAAT5XHPDPEA,Popularity,0.0,
AGRLCRFL4RC5KBIGNAAT5XHPDPEA,CF (ItemKNN),0.0,
AGRLCRFL4RC5KBIGNAAT5XHPDPEA,Content (Avg Emb),0.0,
AGRLCRFL4RC5KBIGNAAT5XHPDPEA,Last-Item,0.0,
AGRLCRFL4RC5KBIGNAAT5XHPDPEA,Avg-Last-10,0.0,
AGRLCRFL4RC5KBIGNAAT5XHPDPEA,Recency-Weighted,0.0,
AGRLCRFL4RC5KBIGNAAT5XHPDPEA,Essence (K=10),0.0,
AGRLJ3DAQWLZU7LRUD4FWBRKKHSQ,Random,0.0,
AGRLJ3DAQWLZU7LRUD4FWBRKKHSQ,Popularity,0.0,
AGRLJ3DAQWLZU7LRUD4FWBRKKHSQ,CF (ItemKNN),0.0,
AGRLJ3DAQWLZU7LRUD4FWBRKKHSQ,Content (Avg Emb),0.0,
AGRLJ3DAQWLZU7LRUD4FWBRKKHSQ,Last-Item,0.0,
AGRLJ3DAQWLZU7LRUD4FWBRKKHSQ,Avg-Last-10,0.0,
AGRLJ3DAQWLZU7LRUD4FWBRKKHSQ,Recency-Weighted,0.0,
AGRLJ3DAQWLZU7LRUD4FWBRKKHSQ,Essence (K=10),0.0,
AGRNKH2WZZA72JIUQGOF2MNX4UBA,Random,0.0,
AGRNKH2WZZA72JIUQGOF2MNX4UBA,Popularity,0.0,
AGRNKH2WZZA72JIUQGOF2MNX4UBA,CF (ItemKNN),0.0,
AGRNKH2WZZA72JIUQGOF2MNX4UBA,Content (Avg Emb),0.0,
AGRNKH2WZZA72JIUQGOF2MNX4UBA,Last-Item,0.0,
AGRNKH2WZZA72JIUQGOF2MNX4UBA,Avg-Last-10,0.0,
AGRNKH2WZZA72JIUQGOF2MNX4UBA,Recency-Weighted,0.0,
AGRNKH2WZZA72JIUQGOF2MNX4UBA,Essence (K=10),0.0,
AGRPKNXXOD3BU6YZETWIMUV53CQQ,Random,0.0,
AGRPKNXXOD3BU6YZETWIMUV53CQQ,Popularity,0.0,
AGRPKNXXOD3BU6YZETWIMUV53CQQ,CF (ItemKNN),0.0,
AGRPKNXXOD3BU6YZETWIMUV53CQQ,Content (Avg Emb),0.0,
AGRPKNXXOD3BU6YZETWIMUV53CQQ,Last-Item,0.0,
AGRPKNXXOD3BU6YZETWIMUV53CQQ,Avg-Last-10,0.0,
AGRPKNXXOD3BU6YZETWIMUV53CQQ,Recency-Weighted,0.0,
AGRPKNXXOD3BU6YZETWIMUV53CQQ,Essence (K=10),0.0,
AGRSVEIQ3RL7X26W4UYNAUN2SAPA,Random,0.0,
AGRSVEIQ3RL7X26W4UYNAUN2SAPA,Popularity,0.0,
AGRSVEIQ3RL7X26W4UYNAUN2SAPA,CF (ItemKNN),0.0,
AGRSVEIQ3RL7X26W4UYNAUN2SAPA,Content (Avg Emb),0.0,
AGRSVEIQ3RL7X26W4UYNAUN2SAPA,Last-Item,0.0,
AGRSVEIQ3RL7X26W4UYNAUN2SAPA,Avg-Last-10,0.0,
AGRSVEIQ3RL7X26W4UYNAUN2SAPA,Recency-Weighted,0.0,
AGRSVEIQ3RL7X26W4UYNAUN2SAPA,Essence (K=10),0.0,
AGRWNLZWN4C76KUFZ3UJSFLBYJKQ,Random,0.0,0.0
AGRWNLZWN4C76KUFZ3UJSFLBYJKQ,Popularity,0.0,0.0
AGRWNLZWN4C76KUFZ3UJSFLBYJKQ,CF (ItemKNN),0.0,0.0
AGRWNLZWN4C76KUFZ3UJSFLBYJKQ,Content (Avg Emb),0.0,0.0
AGRWNLZWN4C76KUFZ3UJSFLBYJKQ,Last-Item,0.05263157894736842,0.0
AGRWNLZWN4C76KUFZ3UJSFLBYJKQ,Avg-Last-10,0.0,0.0
AGRWNLZWN4C76KUFZ3UJSFLBYJKQ,Recency-Weighted,0.0,0.0
AGRWNLZWN4C76KUFZ3UJSFLBYJKQ,Essence (K=10),0.0,0.0
AGS43H5OCBT566AVTSQC4NC5VN6A,Random,0.0,0.0
AGS43H5OCBT566AVTSQC4NC5VN6A,Popularity,0.0,0.0
AGS43H5OCBT566AVTSQC4NC5VN6A,CF (ItemKNN),0.0,0.0
AGS43H5OCBT566AVTSQC4NC5VN6A,Content (Avg Emb),0.0,0.0
AGS43H5OCBT566AVTSQC4NC5VN6A,Last-Item,0.0,0.0
AGS43H5OCBT566AVTSQC4NC5VN6A,Avg-Last-10,0.0,0.0
AGS43H5OCBT566AVTSQC4NC5VN6A,Recency-Weighted,0.0,0.0
AGS43H5OCBT566AVTSQC4NC5VN6A,Essence (K=10),0.0,0.0
AGS47C3SO62X375JL7RWNBKCFXXA,Random,0.0,0.0
AGS47C3SO62X375JL7RWNBKCFXXA,Popularity,0.0,0.0
AGS47C3SO62X375JL7RWNBKCFXXA,CF (ItemKNN),0.0,0.0
AGS47C3SO62X375JL7RWNBKCFXXA,Content (Avg Emb),0.0,0.0
AGS47C3SO62X375JL7RWNBKCFXXA,Last-Item,0.0,0.0
AGS47C3SO62X375JL7RWNBKCFXXA,Avg-Last-10,0.0,0.0
AGS47C3SO62X375JL7RWNBKCFXXA,Recency-Weighted,0.0,0.0
AGS47C3SO62X375JL7RWNBKCFXXA,Essence (K=10),0.125,0.0
AGS4U7EMCJIVZMO2PVTKSGF46R6A,Random,0.0,0.0
AGS4U7EMCJIVZMO2PVTKSGF46R6A,Popularity,0.0,0.0
AGS4U7EMCJIVZMO2PVTKSGF46R6A,CF (ItemKNN),0.05,0.0
AGS4U7EMCJIVZMO2PVTKSGF46R6A,Content (Avg Emb),0.0,0.0
AGS4U7EMCJIVZMO2PVTKSGF46R6A,Last-Item,0.0,0.0
AGS4U7EMCJIVZMO2PVTKSGF46R6A,Avg-Last-10,0.0,0.0
AGS4U7EMCJIVZMO2PVTKSGF46R6A,Recency-Weighted,0.0,0.0
AGS4U7EMCJIVZMO2PVTKSGF46R6A,Essence (K=10),0.0,0.0
AGSACSZEID7B7HGHLBC2FVKWIZHQ,Random,0.0,0.0
AGSACSZEID7B7HGHLBC2FVKWIZHQ,Popularity,0.0,0.0
AGSACSZEID7B7HGHLBC2FVKWIZHQ,CF (ItemKNN),0.16666666666666666,0.0
AGSACSZEID7B7HGHLBC2FVKWIZHQ,Content (Avg Emb),0.0,0.0
AGSACSZEID7B7HGHLBC2FVKWIZHQ,Last-Item,0.0,0.0
AGSACSZEID7B7HGHLBC2FVKWIZHQ,Avg-Last-10,0.0,0.0
AGSACSZEID7B7HGHLBC2FVKWIZHQ,Recency-Weighted,0.0,0.0
AGSACSZEID7B7HGHLBC2FVKWIZHQ,Essence (K=10),0.0,0.0
AGSCGOQ7KM7R7UXFK4Q4LLOFBCTQ,Random,0.0,0.0
AGSCGOQ7KM7R7UXFK4Q4LLOFBCTQ,Popularity,0.0,0.0
AGSCGOQ7KM7R7UXFK4Q4LLOFBCTQ,CF (ItemKNN),0.0,0.0
AGSCGOQ7KM7R7UXFK4Q4LLOFBCTQ,Content (Avg Emb),0.0,0.0
AGSCGOQ7KM7R7UXFK4Q4LLOFBCTQ,Last-Item,0.0,0.0
AGSCGOQ7KM7R7UXFK4Q4LLOFBCTQ,Avg-Last-10,0.0,0.0
AGSCGOQ7KM7R7UXFK4Q4LLOFBCTQ,Recency-Weighted,0.0,0.0
AGSCGOQ7KM7R7UXFK4Q4LLOFBCTQ,Essence (K=10),0.0,0.0
AGSDPENT5V2X5ABV6IJTLDWOTLBQ,Random,0.0,0.0
AGSDPENT5V2X5ABV6IJTLDWOTLBQ,Popularity,0.0,0.0
AGSDPENT5V2X5ABV6IJTLDWOTLBQ,CF (ItemKNN),0.0,0.0
AGSDPENT5V2X5ABV6IJTLDWOTLBQ,Content (Avg Emb),0.0,0.0
AGSDPENT5V2X5ABV6IJTLDWOTLBQ,Last-Item,0.0,0.0
AGSDPENT5V2X5ABV6IJTLDWOTLBQ,Avg-Last-10,0.0,0.0
AGSDPENT5V2X5ABV6IJTLDWOTLBQ,Recency-Weighted,0.0,0.0
AGSDPENT5V2X5ABV6IJTLDWOTLBQ,Essence (K=10),0.0,0.0
AGSHGGTS3QTETUVVOYZGZMTTMFXA,Random,0.0,0.0
AGSHGGTS3QTETUVVOYZGZMTTMFXA,Popularity,0.0,0.0
AGSHGGTS3QTETUVVOYZGZMTTMFXA,CF (ItemKNN),0.0,0.0
AGSHGGTS3QTETUVVOYZGZMTTMFXA,Content (Avg Emb),0.0,0.0
AGSHGGTS3QTETUVVOYZGZMTTMFXA,Last-Item,0.0,0.0
AGSHGGTS3QTETUVVOYZGZMTTMFXA,Avg-Last-10,0.0,0.0
AGSHGGTS3QTETUVVOYZGZMTTMFXA,Recency-Weighted,0.0,0.0
AGSHGGTS3QTETUVVOYZGZMTTMFXA,Essence (K=10),0.0,0.0
AGSN3MUQLSZQSWTYUOZ7UERUIWDA,Random,0.0,0.0
AGSN3MUQLSZQSWTYUOZ7UERUIWDA,Popularity,0.0,0.0
AGSN3MUQLSZQSWTYUOZ7UERUIWDA,CF (ItemKNN),0.0,0.0
AGSN3MUQLSZQSWTYUOZ7UERUIWDA,Content (Avg Emb),0.0,0.0
AGSN3MUQLSZQSWTYUOZ7UERUIWDA,Last-Item,0.0,0.0
AGSN3MUQLSZQSWTYUOZ7UERUIWDA,Avg-Last-10,0.0,0.0
AGSN3MUQLSZQSWTYUOZ7UERUIWDA,Recency-Weighted,0.0,0.0
AGSN3MUQLSZQSWTYUOZ7UERUIWDA,Essence (K=10),0.0,0.0
AGSOUCAD7P5JO5PTRSMM2H4CKKQQ,Random,0.0,0.0
AGSOUCAD7P5JO5PTRSMM2H4CKKQQ,Popularity,0.0,0.0
AGSOUCAD7P5JO5PTRSMM2H4CKKQQ,CF (ItemKNN),0.0,0.0
AGSOUCAD7P5JO5PTRSMM2H4CKKQQ,Content (Avg Emb),0.0,0.0
AGSOUCAD7P5JO5PTRSMM2H4CKKQQ,Last-Item,0.0,0.0
AGSOUCAD7P5JO5PTRSMM2H4CKKQQ,Avg-Last-10,0.0,0.0
AGSOUCAD7P5JO5PTRSMM2H4CKKQQ,Recency-Weighted,0.0,0.0
AGSOUCAD7P5JO5PTRSMM2H4CKKQQ,Essence (K=10),0.0,0.0
AGSPH5TACFMTZIKJAW2W2QKIKYAQ,Random,0.0,
AGSPH5TACFMTZIKJAW2W2QKIKYAQ,Popularity,0.0,
AGSPH5TACFMTZIKJAW2W2QKIKYAQ,CF (ItemKNN),0.0,
AGSPH5TACFMTZIKJAW2W2QKIKYAQ,Content (Avg Emb),0.16666666666666666,
AGSPH5TACFMTZIKJAW2W2QKIKYAQ,Last-Item,0.0,
AGSPH5TACFMTZIKJAW2W2QKIKYAQ,Avg-Last-10,0.3333333333333333,
AGSPH5TACFMTZIKJAW2W2QKIKYAQ,Recency-Weighted,0.3333333333333333,
AGSPH5TACFMTZIKJAW2W2QKIKYAQ,Essence (K=10),0.3333333333333333,
AGSRENWR4UMDTXEF3TCNTCP7MJMA,Random,0.0,0.0
AGSRENWR4UMDTXEF3TCNTCP7MJMA,Popularity,0.0,0.0
AGSRENWR4UMDTXEF3TCNTCP7MJMA,CF (ItemKNN),0.0,0.0
AGSRENWR4UMDTXEF3TCNTCP7MJMA,Content (Avg Emb),0.0,0.0
AGSRENWR4UMDTXEF3TCNTCP7MJMA,Last-Item,0.2,0.0
AGSRENWR4UMDTXEF3TCNTCP7MJMA,Avg-Last-10,0.0,0.0
AGSRENWR4UMDTXEF3TCNTCP7MJMA,Recency-Weighted,0.0,0.0
AGSRENWR4UMDTXEF3TCNTCP7MJMA,Essence (K=10),0.0,0.0
AGSSIB3D5AC2YIR6WUMVOHM5HG2A,Random,0.0,
AGSSIB3D5AC2YIR6WUMVOHM5HG2A,Popularity,0.0,
AGSSIB3D5AC2YIR6WUMVOHM5HG2A,CF (ItemKNN),0.0,
AGSSIB3D5AC2YIR6WUMVOHM5HG2A,Content (Avg Emb),0.0,
AGSSIB3D5AC2YIR6WUMVOHM5HG2A,Last-Item,0.25,
AGSSIB3D5AC2YIR6WUMVOHM5HG2A,Avg-Last-10,0.0,
AGSSIB3D5AC2YIR6WUMVOHM5HG2A,Recency-Weighted,0.0,
AGSSIB3D5AC2YIR6WUMVOHM5HG2A,Essence (K=10),0.0,
AGSWF6IPTRLIDFP6T6566DT2ZNZQ,Random,0.0,0.0
AGSWF6IPTRLIDFP6T6566DT2ZNZQ,Popularity,0.0,0.0
AGSWF6IPTRLIDFP6T6566DT2ZNZQ,CF (ItemKNN),0.0,0.0
AGSWF6IPTRLIDFP6T6566DT2ZNZQ,Content (Avg Emb),0.0,0.0
AGSWF6IPTRLIDFP6T6566DT2ZNZQ,Last-Item,0.0,0.0
AGSWF6IPTRLIDFP6T6566DT2ZNZQ,Avg-Last-10,0.09090909090909091,0.0
AGSWF6IPTRLIDFP6T6566DT2ZNZQ,Recency-Weighted,0.09090909090909091,0.0
AGSWF6IPTRLIDFP6T6566DT2ZNZQ,Essence (K=10),0.09090909090909091,0.0
AGSWJWQUY2BFW2FBDXQMU3SXF5QA,Random,0.0,
AGSWJWQUY2BFW2FBDXQMU3SXF5QA,Popularity,0.0,
AGSWJWQUY2BFW2FBDXQMU3SXF5QA,CF (ItemKNN),0.0,
AGSWJWQUY2BFW2FBDXQMU3SXF5QA,Content (Avg Emb),0.0,
AGSWJWQUY2BFW2FBDXQMU3SXF5QA,Last-Item,0.25,
AGSWJWQUY2BFW2FBDXQMU3SXF5QA,Avg-Last-10,0.25,
AGSWJWQUY2BFW2FBDXQMU3SXF5QA,Recency-Weighted,0.25,
AGSWJWQUY2BFW2FBDXQMU3SXF5QA,Essence (K=10),0.25,
AGSXYRZP4IMNB4WDEQX5EDCQBOPA,Random,0.0,0.0
AGSXYRZP4IMNB4WDEQX5EDCQBOPA,Popularity,0.0,0.0
AGSXYRZP4IMNB4WDEQX5EDCQBOPA,CF (ItemKNN),0.0,0.0
AGSXYRZP4IMNB4WDEQX5EDCQBOPA,Content (Avg Emb),0.0,0.0
AGSXYRZP4IMNB4WDEQX5EDCQBOPA,Last-Item,0.0,0.0
AGSXYRZP4IMNB4WDEQX5EDCQBOPA,Avg-Last-10,0.0,0.0
AGSXYRZP4IMNB4WDEQX5EDCQBOPA,Recency-Weighted,0.0,0.0
AGSXYRZP4IMNB4WDEQX5EDCQBOPA,Essence (K=10),0.0,0.0
AGSYFGKMEPDYGYK5AIFLMKNWL7WQ,Random,0.0,0.0
AGSYFGKMEPDYGYK5AIFLMKNWL7WQ,Popularity,0.0,0.0
AGSYFGKMEPDYGYK5AIFLMKNWL7WQ,CF (ItemKNN),0.0,0.0
AGSYFGKMEPDYGYK5AIFLMKNWL7WQ,Content (Avg Emb),0.0,0.0
AGSYFGKMEPDYGYK5AIFLMKNWL7WQ,Last-Item,0.0,0.0
AGSYFGKMEPDYGYK5AIFLMKNWL7WQ,Avg-Last-10,0.0,0.0
AGSYFGKMEPDYGYK5AIFLMKNWL7WQ,Recency-Weighted,0.0,0.0
AGSYFGKMEPDYGYK5AIFLMKNWL7WQ,Essence (K=10),0.0,0.0
AGSYWX62EMCHCWZG2CQKSVQLXPHQ,Random,0.0,0.0
AGSYWX62EMCHCWZG2CQKSVQLXPHQ,Popularity,0.0,0.0
AGSYWX62EMCHCWZG2CQKSVQLXPHQ,CF (ItemKNN),0.0,0.0
AGSYWX62EMCHCWZG2CQKSVQLXPHQ,Content (Avg Emb),0.0,0.0
AGSYWX62EMCHCWZG2CQKSVQLXPHQ,Last-Item,0.0,0.0
AGSYWX62EMCHCWZG2CQKSVQLXPHQ,Avg-Last-10,0.0,0.0
AGSYWX62EMCHCWZG2CQKSVQLXPHQ,Recency-Weighted,0.0,0.0
AGSYWX62EMCHCWZG2CQKSVQLXPHQ,Essence (K=10),0.0,0.0
AGT3TEAVOTXRNJMBZMJJYZMP4OTA,Random,0.0,0.0
AGT3TEAVOTXRNJMBZMJJYZMP4OTA,Popularity,0.0,0.0
AGT3TEAVOTXRNJMBZMJJYZMP4OTA,CF (ItemKNN),0.0,0.0
AGT3TEAVOTXRNJMBZMJJYZMP4OTA,Content (Avg Emb),0.0,0.0
AGT3TEAVOTXRNJMBZMJJYZMP4OTA,Last-Item,0.0,0.0
AGT3TEAVOTXRNJMBZMJJYZMP4OTA,Avg-Last-10,0.0,0.0
AGT3TEAVOTXRNJMBZMJJYZMP4OTA,Recency-Weighted,0.0,0.0
AGT3TEAVOTXRNJMBZMJJYZMP4OTA,Essence (K=10),0.0,0.0
AGT5K3SOVESKG76GCJQNK2VCCDUA,Random,0.0,0.0
AGT5K3SOVESKG76GCJQNK2VCCDUA,Popularity,0.0,0.0
AGT5K3SOVESKG76GCJQNK2VCCDUA,CF (ItemKNN),0.0,0.0
AGT5K3SOVESKG76GCJQNK2VCCDUA,Content (Avg Emb),0.0,0.0
AGT5K3SOVESKG76GCJQNK2VCCDUA,Last-Item,0.0,0.0
AGT5K3SOVESKG76GCJQNK2VCCDUA,Avg-Last-10,0.0,0.0
AGT5K3SOVESKG76GCJQNK2VCCDUA,Recency-Weighted,0.0,0.0
AGT5K3SOVESKG76GCJQNK2VCCDUA,Essence (K=10),0.0,0.0
AGT5VOMYWI3LJXQZVHKWQEEXDFTA,Random,0.0,0.0
AGT5VOMYWI3LJXQZVHKWQEEXDFTA,Popularity,0.0,0.0
AGT5VOMYWI3LJXQZVHKWQEEXDFTA,CF (ItemKNN),0.0,0.0
AGT5VOMYWI3LJXQZVHKWQEEXDFTA,Content (Avg Emb),0.0,0.0
AGT5VOMYWI3LJXQZVHKWQEEXDFTA,Last-Item,0.0,0.0
AGT5VOMYWI3LJXQZVHKWQEEXDFTA,Avg-Last-10,0.0,0.0
AGT5VOMYWI3LJXQZVHKWQEEXDFTA,Recency-Weighted,0.0,0.0
AGT5VOMYWI3LJXQZVHKWQEEXDFTA,Essence (K=10),0.0,0.0
AGTAJFFK33LO6SVNKGLIW5J6EFDA,Random,0.0,
AGTAJFFK33LO6SVNKGLIW5J6EFDA,Popularity,0.0,
AGTAJFFK33LO6SVNKGLIW5J6EFDA,CF (ItemKNN),0.0,
AGTAJFFK33LO6SVNKGLIW5J6EFDA,Content (Avg Emb),0.0,
AGTAJFFK33LO6SVNKGLIW5J6EFDA,Last-Item,0.0,
AGTAJFFK33LO6SVNKGLIW5J6EFDA,Avg-Last-10,0.0,
AGTAJFFK33LO6SVNKGLIW5J6EFDA,Recency-Weighted,0.0,
AGTAJFFK33LO6SVNKGLIW5J6EFDA,Essence (K=10),0.0,
AGTB5SD3BJ3BVCZ4ILOUYXHHCB2Q,Random,0.0,0.0
AGTB5SD3BJ3BVCZ4ILOUYXHHCB2Q,Popularity,0.0,0.0
AGTB5SD3BJ3BVCZ4ILOUYXHHCB2Q,CF (ItemKNN),0.0,0.0
AGTB5SD3BJ3BVCZ4ILOUYXHHCB2Q,Content (Avg Emb),0.0,0.0
AGTB5SD3BJ3BVCZ4ILOUYXHHCB2Q,Last-Item,0.0,0.0
AGTB5SD3BJ3BVCZ4ILOUYXHHCB2Q,Avg-Last-10,0.0,0.0
AGTB5SD3BJ3BVCZ4ILOUYXHHCB2Q,Recency-Weighted,0.0,0.0
AGTB5SD3BJ3BVCZ4ILOUYXHHCB2Q,Essence (K=10),0.0,0.0
AGTCILOID5YMNGT6VOBDDGRBLI4A,Random,0.0,0.0
AGTCILOID5YMNGT6VOBDDGRBLI4A,Popularity,0.0,0.0
AGTCILOID5YMNGT6VOBDDGRBLI4A,CF (ItemKNN),0.0,0.0
AGTCILOID5YMNGT6VOBDDGRBLI4A,Content (Avg Emb),0.0,0.0
AGTCILOID5YMNGT6VOBDDGRBLI4A,Last-Item,0.0,0.0
AGTCILOID5YMNGT6VOBDDGRBLI4A,Avg-Last-10,0.0,0.0
AGTCILOID5YMNGT6VOBDDGRBLI4A,Recency-Weighted,0.0,0.0
AGTCILOID5YMNGT6VOBDDGRBLI4A,Essence (K=10),0.0,0.0
AGTGU456VCTRUN2TJZKYNIJZBKTQ,Random,0.0,0.0
AGTGU456VCTRUN2TJZKYNIJZBKTQ,Popularity,0.0,0.0
AGTGU456VCTRUN2TJZKYNIJZBKTQ,CF (ItemKNN),0.0,0.0
AGTGU456VCTRUN2TJZKYNIJZBKTQ,Content (Avg Emb),0.0,0.0
AGTGU456VCTRUN2TJZKYNIJZBKTQ,Last-Item,0.0,0.0
AGTGU456VCTRUN2TJZKYNIJZBKTQ,Avg-Last-10,0.0,0.0
AGTGU456VCTRUN2TJZKYNIJZBKTQ,Recency-Weighted,0.0,0.0
AGTGU456VCTRUN2TJZKYNIJZBKTQ,Essence (K=10),0.0,0.0
AGTLMQ6TF4JT7CNXCKSCXZA3CQUA,Random,0.0,
AGTLMQ6TF4JT7CNXCKSCXZA3CQUA,Popularity,0.0,
AGTLMQ6TF4JT7CNXCKSCXZA3CQUA,CF (ItemKNN),0.0,
AGTLMQ6TF4JT7CNXCKSCXZA3CQUA,Content (Avg Emb),0.0,
AGTLMQ6TF4JT7CNXCKSCXZA3CQUA,Last-Item,0.0,
AGTLMQ6TF4JT7CNXCKSCXZA3CQUA,Avg-Last-10,0.0,
AGTLMQ6TF4JT7CNXCKSCXZA3CQUA,Recency-Weighted,0.0,
AGTLMQ6TF4JT7CNXCKSCXZA3CQUA,Essence (K=10),0.0,
AGTLSVTXIUBXHUQYXCCZJSPYQQCQ,Random,0.0,0.0
AGTLSVTXIUBXHUQYXCCZJSPYQQCQ,Popularity,0.0,0.0
AGTLSVTXIUBXHUQYXCCZJSPYQQCQ,CF (ItemKNN),0.0,0.0
AGTLSVTXIUBXHUQYXCCZJSPYQQCQ,Content (Avg Emb),0.0,0.0
AGTLSVTXIUBXHUQYXCCZJSPYQQCQ,Last-Item,0.0,0.0
AGTLSVTXIUBXHUQYXCCZJSPYQQCQ,Avg-Last-10,0.0,0.0
AGTLSVTXIUBXHUQYXCCZJSPYQQCQ,Recency-Weighted,0.0,0.0
AGTLSVTXIUBXHUQYXCCZJSPYQQCQ,Essence (K=10),0.0,0.0
AGTP4YOJKHLPERWH4TS2IEEGSOQA,Random,0.0,
AGTP4YOJKHLPERWH4TS2IEEGSOQA,Popularity,0.0,
AGTP4YOJKHLPERWH4TS2IEEGSOQA,CF (ItemKNN),0.0,
AGTP4YOJKHLPERWH4TS2IEEGSOQA,Content (Avg Emb),0.0,
AGTP4YOJKHLPERWH4TS2IEEGSOQA,Last-Item,0.0,
AGTP4YOJKHLPERWH4TS2IEEGSOQA,Avg-Last-10,0.0,
AGTP4YOJKHLPERWH4TS2IEEGSOQA,Recency-Weighted,0.0,
AGTP4YOJKHLPERWH4TS2IEEGSOQA,Essence (K=10),0.2,
AGTPHVABRDJP5V2YVOQFSJPNWCWA,Random,0.0,
AGTPHVABRDJP5V2YVOQFSJPNWCWA,Popularity,0.0,
AGTPHVABRDJP5V2YVOQFSJPNWCWA,CF (ItemKNN),0.0,
AGTPHVABRDJP5V2YVOQFSJPNWCWA,Content (Avg Emb),0.0,
AGTPHVABRDJP5V2YVOQFSJPNWCWA,Last-Item,0.625,
AGTPHVABRDJP5V2YVOQFSJPNWCWA,Avg-Last-10,0.0,
AGTPHVABRDJP5V2YVOQFSJPNWCWA,Recency-Weighted,0.0,
AGTPHVABRDJP5V2YVOQFSJPNWCWA,Essence (K=10),0.0,
AGTPPUTXA2BNINY5WKTXGSB3T23Q,Random,0.0,
AGTPPUTXA2BNINY5WKTXGSB3T23Q,Popularity,0.0,
AGTPPUTXA2BNINY5WKTXGSB3T23Q,CF (ItemKNN),0.0,
AGTPPUTXA2BNINY5WKTXGSB3T23Q,Content (Avg Emb),0.0,
AGTPPUTXA2BNINY5WKTXGSB3T23Q,Last-Item,0.0,
AGTPPUTXA2BNINY5WKTXGSB3T23Q,Avg-Last-10,0.0,
AGTPPUTXA2BNINY5WKTXGSB3T23Q,Recency-Weighted,0.0,
AGTPPUTXA2BNINY5WKTXGSB3T23Q,Essence (K=10),0.0,
AGTUKJ57RGFEXN3KMILL6QBVEEEA,Random,0.0,
AGTUKJ57RGFEXN3KMILL6QBVEEEA,Popularity,0.0,
AGTUKJ57RGFEXN3KMILL6QBVEEEA,CF (ItemKNN),0.0,
AGTUKJ57RGFEXN3KMILL6QBVEEEA,Content (Avg Emb),0.0,
AGTUKJ57RGFEXN3KMILL6QBVEEEA,Last-Item,0.0,
AGTUKJ57RGFEXN3KMILL6QBVEEEA,Avg-Last-10,0.0,
AGTUKJ57RGFEXN3KMILL6QBVEEEA,Recency-Weighted,0.0,
AGTUKJ57RGFEXN3KMILL6QBVEEEA,Essence (K=10),0.0,
AGTWGPPR54OKYJW4O4OVUNIIDUEA,Random,0.0,0.0
AGTWGPPR54OKYJW4O4OVUNIIDUEA,Popularity,0.0,0.0
AGTWGPPR54OKYJW4O4OVUNIIDUEA,CF (ItemKNN),0.07142857142857142,0.25
AGTWGPPR54OKYJW4O4OVUNIIDUEA,Content (Avg Emb),0.14285714285714285,0.0
AGTWGPPR54OKYJW4O4OVUNIIDUEA,Last-Item,0.07142857142857142,0.0
AGTWGPPR54OKYJW4O4OVUNIIDUEA,Avg-Last-10,0.14285714285714285,0.0
AGTWGPPR54OKYJW4O4OVUNIIDUEA,Recency-Weighted,0.14285714285714285,0.0
AGTWGPPR54OKYJW4O4OVUNIIDUEA,Essence (K=10),0.2857142857142857,0.0
AGTXCMNOAX7HD5ZH7PI3TERTEAAA,Random,0.0,
AGTXCMNOAX7HD5ZH7PI3TERTEAAA,Popularity,0.0,
AGTXCMNOAX7HD5ZH7PI3TERTEAAA,CF (ItemKNN),0.0,
AGTXCMNOAX7HD5ZH7PI3TERTEAAA,Content (Avg Emb),0.0,
AGTXCMNOAX7HD5ZH7PI3TERTEAAA,Last-Item,0.0,
AGTXCMNOAX7HD5ZH7PI3TERTEAAA,Avg-Last-10,0.0,
AGTXCMNOAX7HD5ZH7PI3TERTEAAA,Recency-Weighted,0.0,
AGTXCMNOAX7HD5ZH7PI3TERTEAAA,Essence (K=10),0.25,
AGTZWSOUH6E2W4WTMESYDVPCTR5A,Random,0.0,0.0
AGTZWSOUH6E2W4WTMESYDVPCTR5A,Popularity,0.0,0.0
AGTZWSOUH6E2W4WTMESYDVPCTR5A,CF (ItemKNN),0.0,0.0
AGTZWSOUH6E2W4WTMESYDVPCTR5A,Content (Avg Emb),0.2,0.5
AGTZWSOUH6E2W4WTMESYDVPCTR5A,Last-Item,0.1,0.0
AGTZWSOUH6E2W4WTMESYDVPCTR5A,Avg-Last-10,0.1,0.0
AGTZWSOUH6E2W4WTMESYDVPCTR5A,Recency-Weighted,0.2,0.0
AGTZWSOUH6E2W4WTMESYDVPCTR5A,Essence (K=10),0.2,0.0
AGU2OT2YINBLB7DLSDFWQEXHVFRQ,Random,0.0,
AGU2OT2YINBLB7DLSDFWQEXHVFRQ,Popularity,0.0,
AGU2OT2YINBLB7DLSDFWQEXHVFRQ,CF (ItemKNN),0.0,
AGU2OT2YINBLB7DLSDFWQEXHVFRQ,Content (Avg Emb),0.0,
AGU2OT2YINBLB7DLSDFWQEXHVFRQ,Last-Item,0.0,
AGU2OT2YINBLB7DLSDFWQEXHVFRQ,Avg-Last-10,0.0,
AGU2OT2YINBLB7DLSDFWQEXHVFRQ,Recency-Weighted,0.0,
AGU2OT2YINBLB7DLSDFWQEXHVFRQ,Essence (K=10),0.0,
AGU427C3GKF5KRQV4ZJ4UI43IHUQ,Random,0.0,0.0
AGU427C3GKF5KRQV4ZJ4UI43IHUQ,Popularity,0.0,0.0
AGU427C3GKF5KRQV4ZJ4UI43IHUQ,CF (ItemKNN),0.0,0.0
AGU427C3GKF5KRQV4ZJ4UI43IHUQ,Content (Avg Emb),0.0,0.0
AGU427C3GKF5KRQV4ZJ4UI43IHUQ,Last-Item,0.0,0.0
AGU427C3GKF5KRQV4ZJ4UI43IHUQ,Avg-Last-10,0.0,0.0
AGU427C3GKF5KRQV4ZJ4UI43IHUQ,Recency-Weighted,0.0,0.0
AGU427C3GKF5KRQV4ZJ4UI43IHUQ,Essence (K=10),0.0,0.0
AGU4OUAG2Y6QBR7M3IJBLIGU27DA,Random,0.0,
AGU4OUAG2Y6QBR7M3IJBLIGU27DA,Popularity,0.0,
AGU4OUAG2Y6QBR7M3IJBLIGU27DA,CF (ItemKNN),0.0,
AGU4OUAG2Y6QBR7M3IJBLIGU27DA,Content (Avg Emb),0.0,
AGU4OUAG2Y6QBR7M3IJBLIGU27DA,Last-Item,0.0,
AGU4OUAG2Y6QBR7M3IJBLIGU27DA,Avg-Last-10,0.0,
AGU4OUAG2Y6QBR7M3IJBLIGU27DA,Recency-Weighted,0.0,
AGU4OUAG2Y6QBR7M3IJBLIGU27DA,Essence (K=10),0.0,
AGU5F75N6HKW4HO4NHLZBXOCYWWA,Random,0.0,0.0
AGU5F75N6HKW4HO4NHLZBXOCYWWA,Popularity,0.0,0.0
AGU5F75N6HKW4HO4NHLZBXOCYWWA,CF (ItemKNN),0.0,0.0
AGU5F75N6HKW4HO4NHLZBXOCYWWA,Content (Avg Emb),0.0,0.0
AGU5F75N6HKW4HO4NHLZBXOCYWWA,Last-Item,0.0,0.0
AGU5F75N6HKW4HO4NHLZBXOCYWWA,Avg-Last-10,0.0,0.0
AGU5F75N6HKW4HO4NHLZBXOCYWWA,Recency-Weighted,0.0,0.0
AGU5F75N6HKW4HO4NHLZBXOCYWWA,Essence (K=10),0.0,0.0
AGU7QG72WCUGGWVHIHZQZE6PSAOA,Random,0.0,0.0
AGU7QG72WCUGGWVHIHZQZE6PSAOA,Popularity,0.0,0.0
AGU7QG72WCUGGWVHIHZQZE6PSAOA,CF (ItemKNN),0.0,0.0
AGU7QG72WCUGGWVHIHZQZE6PSAOA,Content (Avg Emb),0.2,1.0
AGU7QG72WCUGGWVHIHZQZE6PSAOA,Last-Item,0.0,0.0
AGU7QG72WCUGGWVHIHZQZE6PSAOA,Avg-Last-10,0.0,0.0
AGU7QG72WCUGGWVHIHZQZE6PSAOA,Recency-Weighted,0.0,0.0
AGU7QG72WCUGGWVHIHZQZE6PSAOA,Essence (K=10),0.0,0.0
AGUADB5TW3KB7Q4MV7PWEJEUHJHA,Random,0.0,0.0
AGUADB5TW3KB7Q4MV7PWEJEUHJHA,Popularity,0.0,0.0
AGUADB5TW3KB7Q4MV7PWEJEUHJHA,CF (ItemKNN),0.0,0.0
AGUADB5TW3KB7Q4MV7PWEJEUHJHA,Content (Avg Emb),0.0,0.0
AGUADB5TW3KB7Q4MV7PWEJEUHJHA,Last-Item,0.0,0.0
AGUADB5TW3KB7Q4MV7PWEJEUHJHA,Avg-Last-10,0.0,0.0
AGUADB5TW3KB7Q4MV7PWEJEUHJHA,Recency-Weighted,0.0,0.0
AGUADB5TW3KB7Q4MV7PWEJEUHJHA,Essence (K=10),0.0,0.0
AGUB5SL4SA4XQH6LF45FSEVRTPBQ,Random,0.0,0.0
AGUB5SL4SA4XQH6LF45FSEVRTPBQ,Popularity,0.0,0.0
AGUB5SL4SA4XQH6LF45FSEVRTPBQ,CF (ItemKNN),0.0,0.0
AGUB5SL4SA4XQH6LF45FSEVRTPBQ,Content (Avg Emb),0.0,0.0
AGUB5SL4SA4XQH6LF45FSEVRTPBQ,Last-Item,0.0,0.0
AGUB5SL4SA4XQH6LF45FSEVRTPBQ,Avg-Last-10,0.0,0.0
AGUB5SL4SA4XQH6LF45FSEVRTPBQ,Recency-Weighted,0.0,0.0
AGUB5SL4SA4XQH6LF45FSEVRTPBQ,Essence (K=10),0.0,0.0
AGUBNX3VYEVQME4VDLCKIR3GBBGA,Random,0.0,0.0
AGUBNX3VYEVQME4VDLCKIR3GBBGA,Popularity,0.0,0.0
AGUBNX3VYEVQME4VDLCKIR3GBBGA,CF (ItemKNN),0.0,0.0
AGUBNX3VYEVQME4VDLCKIR3GBBGA,Content (Avg Emb),0.058823529411764705,0.2
AGUBNX3VYEVQME4VDLCKIR3GBBGA,Last-Item,0.0,0.0
AGUBNX3VYEVQME4VDLCKIR3GBBGA,Avg-Last-10,0.058823529411764705,0.2
AGUBNX3VYEVQME4VDLCKIR3GBBGA,Recency-Weighted,0.058823529411764705,0.2
AGUBNX3VYEVQME4VDLCKIR3GBBGA,Essence (K=10),0.058823529411764705,0.2
AGUIDEEZXGY2FJQ3VTMKGVQGWFKA,Random,0.0,0.0
AGUIDEEZXGY2FJQ3VTMKGVQGWFKA,Popularity,0.0,0.0
AGUIDEEZXGY2FJQ3VTMKGVQGWFKA,CF (ItemKNN),0.0,0.0
AGUIDEEZXGY2FJQ3VTMKGVQGWFKA,Content (Avg Emb),0.0,0.0
AGUIDEEZXGY2FJQ3VTMKGVQGWFKA,Last-Item,0.0,0.0
AGUIDEEZXGY2FJQ3VTMKGVQGWFKA,Avg-Last-10,0.0,0.0
AGUIDEEZXGY2FJQ3VTMKGVQGWFKA,Recency-Weighted,0.0,0.0
AGUIDEEZXGY2FJQ3VTMKGVQGWFKA,Essence (K=10),0.0,0.0
AGUOCKJY3B6HKTPGCKYZWDJNHADQ,Random,0.0,
AGUOCKJY3B6HKTPGCKYZWDJNHADQ,Popularity,0.0,
AGUOCKJY3B6HKTPGCKYZWDJNHADQ,CF (ItemKNN),0.0,
AGUOCKJY3B6HKTPGCKYZWDJNHADQ,Content (Avg Emb),0.0,
AGUOCKJY3B6HKTPGCKYZWDJNHADQ,Last-Item,0.0,
AGUOCKJY3B6HKTPGCKYZWDJNHADQ,Avg-Last-10,0.0,
AGUOCKJY3B6HKTPGCKYZWDJNHADQ,Recency-Weighted,0.0,
AGUOCKJY3B6HKTPGCKYZWDJNHADQ,Essence (K=10),0.0,
AGUOOY7FTOG7C4KCPABJRAUJXZTQ,Random,0.0,
AGUOOY7FTOG7C4KCPABJRAUJXZTQ,Popularity,0.0,
AGUOOY7FTOG7C4KCPABJRAUJXZTQ,CF (ItemKNN),0.0,
AGUOOY7FTOG7C4KCPABJRAUJXZTQ,Content (Avg Emb),0.0,
AGUOOY7FTOG7C4KCPABJRAUJXZTQ,Last-Item,0.0,
AGUOOY7FTOG7C4KCPABJRAUJXZTQ,Avg-Last-10,0.0,
AGUOOY7FTOG7C4KCPABJRAUJXZTQ,Recency-Weighted,0.0,
AGUOOY7FTOG7C4KCPABJRAUJXZTQ,Essence (K=10),0.0,
AGUQ43MAFOQDD6II46QNJY7MBHBQ,Random,0.0,0.0
AGUQ43MAFOQDD6II46QNJY7MBHBQ,Popularity,0.0,0.0
AGUQ43MAFOQDD6II46QNJY7MBHBQ,CF (ItemKNN),0.0,0.0
AGUQ43MAFOQDD6II46QNJY7MBHBQ,Content (Avg Emb),0.0,0.0
AGUQ43MAFOQDD6II46QNJY7MBHBQ,Last-Item,0.0,0.0
AGUQ43MAFOQDD6II46QNJY7MBHBQ,Avg-Last-10,0.0,0.0
AGUQ43MAFOQDD6II46QNJY7MBHBQ,Recency-Weighted,0.0,0.0
AGUQ43MAFOQDD6II46QNJY7MBHBQ,Essence (K=10),0.0,0.0
AGUQBR2IOG77RNFDWMZU4EFMDXWQ,Random,0.0,
AGUQBR2IOG77RNFDWMZU4EFMDXWQ,Popularity,0.0,
AGUQBR2IOG77RNFDWMZU4EFMDXWQ,CF (ItemKNN),0.0,
AGUQBR2IOG77RNFDWMZU4EFMDXWQ,Content (Avg Emb),0.0,
AGUQBR2IOG77RNFDWMZU4EFMDXWQ,Last-Item,0.0,
AGUQBR2IOG77RNFDWMZU4EFMDXWQ,Avg-Last-10,0.0,
AGUQBR2IOG77RNFDWMZU4EFMDXWQ,Recency-Weighted,0.0,
AGUQBR2IOG77RNFDWMZU4EFMDXWQ,Essence (K=10),0.0,
AGURKFMBZFWIA6NO3K4GLYLDNC7Q,Random,0.0,0.0
AGURKFMBZFWIA6NO3K4GLYLDNC7Q,Popularity,0.0,0.0
AGURKFMBZFWIA6NO3K4GLYLDNC7Q,CF (ItemKNN),0.0,0.0
AGURKFMBZFWIA6NO3K4GLYLDNC7Q,Content (Avg Emb),0.0,0.0
AGURKFMBZFWIA6NO3K4GLYLDNC7Q,Last-Item,0.0,0.0
AGURKFMBZFWIA6NO3K4GLYLDNC7Q,Avg-Last-10,0.0,0.0
AGURKFMBZFWIA6NO3K4GLYLDNC7Q,Recency-Weighted,0.0,0.0
AGURKFMBZFWIA6NO3K4GLYLDNC7Q,Essence (K=10),0.0,0.0
AGURTU32PMKQD4ODV74LHXAWCFZQ,Random,0.0,0.0
AGURTU32PMKQD4ODV74LHXAWCFZQ,Popularity,0.0,0.0
AGURTU32PMKQD4ODV74LHXAWCFZQ,CF (ItemKNN),0.0,0.0
AGURTU32PMKQD4ODV74LHXAWCFZQ,Content (Avg Emb),0.0,0.0
AGURTU32PMKQD4ODV74LHXAWCFZQ,Last-Item,0.0,0.0
AGURTU32PMKQD4ODV74LHXAWCFZQ,Avg-Last-10,0.0,0.0
AGURTU32PMKQD4ODV74LHXAWCFZQ,Recency-Weighted,0.0,0.0
AGURTU32PMKQD4ODV74LHXAWCFZQ,Essence (K=10),0.0,0.0
AGUTI5CHNLU57G4TUVXCSGNODAWQ,Random,0.0,0.0
AGUTI5CHNLU57G4TUVXCSGNODAWQ,Popularity,0.0,0.0
AGUTI5CHNLU57G4TUVXCSGNODAWQ,CF (ItemKNN),0.0,0.0
AGUTI5CHNLU57G4TUVXCSGNODAWQ,Content (Avg Emb),0.0,0.0
AGUTI5CHNLU57G4TUVXCSGNODAWQ,Last-Item,0.0,0.0
AGUTI5CHNLU57G4TUVXCSGNODAWQ,Avg-Last-10,0.0,0.0
AGUTI5CHNLU57G4TUVXCSGNODAWQ,Recency-Weighted,0.0,0.0
AGUTI5CHNLU57G4TUVXCSGNODAWQ,Essence (K=10),0.0,0.0
AGUU52WQROYZ6E7NOKR6JYXRINRQ,Random,0.0,0.0
AGUU52WQROYZ6E7NOKR6JYXRINRQ,Popularity,0.0,0.0
AGUU52WQROYZ6E7NOKR6JYXRINRQ,CF (ItemKNN),0.0,0.0
AGUU52WQROYZ6E7NOKR6JYXRINRQ,Content (Avg Emb),0.0,0.0
AGUU52WQROYZ6E7NOKR6JYXRINRQ,Last-Item,0.09523809523809523,0.0
AGUU52WQROYZ6E7NOKR6JYXRINRQ,Avg-Last-10,0.19047619047619047,0.0
AGUU52WQROYZ6E7NOKR6JYXRINRQ,Recency-Weighted,0.19047619047619047,0.0
AGUU52WQROYZ6E7NOKR6JYXRINRQ,Essence (K=10),0.14285714285714285,0.0
AGUUJUIQJVMZTAOYWPPJX5SSFJTQ,Random,0.0,0.0
AGUUJUIQJVMZTAOYWPPJX5SSFJTQ,Popularity,0.0,0.0
AGUUJUIQJVMZTAOYWPPJX5SSFJTQ,CF (ItemKNN),0.0,0.0
AGUUJUIQJVMZTAOYWPPJX5SSFJTQ,Content (Avg Emb),0.0,0.0
AGUUJUIQJVMZTAOYWPPJX5SSFJTQ,Last-Item,0.0,0.0
AGUUJUIQJVMZTAOYWPPJX5SSFJTQ,Avg-Last-10,0.0,0.0
AGUUJUIQJVMZTAOYWPPJX5SSFJTQ,Recency-Weighted,0.0,0.0
AGUUJUIQJVMZTAOYWPPJX5SSFJTQ,Essence (K=10),0.0,0.0
AGUZA4FFKMVKUN52NA3UF4Q27KTA,Random,0.0,0.0
AGUZA4FFKMVKUN52NA3UF4Q27KTA,Popularity,0.0,0.0
AGUZA4FFKMVKUN52NA3UF4Q27KTA,CF (ItemKNN),0.0,0.0
AGUZA4FFKMVKUN52NA3UF4Q27KTA,Content (Avg Emb),0.0,0.0
AGUZA4FFKMVKUN52NA3UF4Q27KTA,Last-Item,0.0,0.0
AGUZA4FFKMVKUN52NA3UF4Q27KTA,Avg-Last-10,0.0,0.0
AGUZA4FFKMVKUN52NA3UF4Q27KTA,Recency-Weighted,0.0,0.0
AGUZA4FFKMVKUN52NA3UF4Q27KTA,Essence (K=10),0.0,0.0
AGV2PCL6BHPHNPSFMCX4O6MKPNVQ,Random,0.0,0.0
AGV2PCL6BHPHNPSFMCX4O6MKPNVQ,Popularity,0.0,0.0
AGV2PCL6BHPHNPSFMCX4O6MKPNVQ,CF (ItemKNN),0.0,0.0
AGV2PCL6BHPHNPSFMCX4O6MKPNVQ,Content (Avg Emb),0.0,0.0
AGV2PCL6BHPHNPSFMCX4O6MKPNVQ,Last-Item,0.0,0.0
AGV2PCL6BHPHNPSFMCX4O6MKPNVQ,Avg-Last-10,0.0,0.0
AGV2PCL6BHPHNPSFMCX4O6MKPNVQ,Recency-Weighted,0.0,0.0
AGV2PCL6BHPHNPSFMCX4O6MKPNVQ,Essence (K=10),0.0,0.0
AGV3IDQWDTUPENX3OB565CQ4TDOA,Random,0.0,0.0
AGV3IDQWDTUPENX3OB565CQ4TDOA,Popularity,0.0,0.0
AGV3IDQWDTUPENX3OB565CQ4TDOA,CF (ItemKNN),0.0,0.0
AGV3IDQWDTUPENX3OB565CQ4TDOA,Content (Avg Emb),0.25,0.0
AGV3IDQWDTUPENX3OB565CQ4TDOA,Last-Item,0.25,0.0
AGV3IDQWDTUPENX3OB565CQ4TDOA,Avg-Last-10,0.25,0.0
AGV3IDQWDTUPENX3OB565CQ4TDOA,Recency-Weighted,0.25,0.0
AGV3IDQWDTUPENX3OB565CQ4TDOA,Essence (K=10),0.0,0.0
AGV3MID4UEY3LJBXY3ETCRVWDGIA,Random,0.0,
AGV3MID4UEY3LJBXY3ETCRVWDGIA,Popularity,0.0,
AGV3MID4UEY3LJBXY3ETCRVWDGIA,CF (ItemKNN),0.0,
AGV3MID4UEY3LJBXY3ETCRVWDGIA,Content (Avg Emb),0.0,
AGV3MID4UEY3LJBXY3ETCRVWDGIA,Last-Item,0.0,
AGV3MID4UEY3LJBXY3ETCRVWDGIA,Avg-Last-10,0.0,
AGV3MID4UEY3LJBXY3ETCRVWDGIA,Recency-Weighted,0.0,
AGV3MID4UEY3LJBXY3ETCRVWDGIA,Essence (K=10),0.0,
AGV4BDOBOQSXG5MLUQIKPPP4F6UQ,Random,0.0,0.0
AGV4BDOBOQSXG5MLUQIKPPP4F6UQ,Popularity,0.0,0.0
AGV4BDOBOQSXG5MLUQIKPPP4F6UQ,CF (ItemKNN),0.0,0.0
AGV4BDOBOQSXG5MLUQIKPPP4F6UQ,Content (Avg Emb),0.0,0.0
AGV4BDOBOQSXG5MLUQIKPPP4F6UQ,Last-Item,0.0,0.0
AGV4BDOBOQSXG5MLUQIKPPP4F6UQ,Avg-Last-10,0.0,0.0
AGV4BDOBOQSXG5MLUQIKPPP4F6UQ,Recency-Weighted,0.0,0.0
AGV4BDOBOQSXG5MLUQIKPPP4F6UQ,Essence (K=10),0.0,0.0
AGV4PWL7QNKNTK77RASAYXAPZLLQ,Random,0.0,
AGV4PWL7QNKNTK77RASAYXAPZLLQ,Popularity,0.0,
AGV4PWL7QNKNTK77RASAYXAPZLLQ,CF (ItemKNN),0.0,
AGV4PWL7QNKNTK77RASAYXAPZLLQ,Content (Avg Emb),0.0,
AGV4PWL7QNKNTK77RASAYXAPZLLQ,Last-Item,0.0,
AGV4PWL7QNKNTK77RASAYXAPZLLQ,Avg-Last-10,0.0,
AGV4PWL7QNKNTK77RASAYXAPZLLQ,Recency-Weighted,0.0,
AGV4PWL7QNKNTK77RASAYXAPZLLQ,Essence (K=10),0.0,
AGV6M7WA22PFDIUUMMOLOFOPL2QA,Random,0.0,0.0
AGV6M7WA22PFDIUUMMOLOFOPL2QA,Popularity,0.0,0.0
AGV6M7WA22PFDIUUMMOLOFOPL2QA,CF (ItemKNN),0.0,0.0
AGV6M7WA22PFDIUUMMOLOFOPL2QA,Content (Avg Emb),0.0,0.0
AGV6M7WA22PFDIUUMMOLOFOPL2QA,Last-Item,0.0,0.0
AGV6M7WA22PFDIUUMMOLOFOPL2QA,Avg-Last-10,0.0,0.0
AGV6M7WA22PFDIUUMMOLOFOPL2QA,Recency-Weighted,0.0,0.0
AGV6M7WA22PFDIUUMMOLOFOPL2QA,Essence (K=10),0.0,0.0
AGV6NHRXCH26UTXU72UYAFPZPMRQ,Random,0.0,
AGV6NHRXCH26UTXU72UYAFPZPMRQ,Popularity,0.0,
AGV6NHRXCH26UTXU72UYAFPZPMRQ,CF (ItemKNN),0.0,
AGV6NHRXCH26UTXU72UYAFPZPMRQ,Content (Avg Emb),0.0,
AGV6NHRXCH26UTXU72UYAFPZPMRQ,Last-Item,0.0,
AGV6NHRXCH26UTXU72UYAFPZPMRQ,Avg-Last-10,0.0,
AGV6NHRXCH26UTXU72UYAFPZPMRQ,Recency-Weighted,0.0,
AGV6NHRXCH26UTXU72UYAFPZPMRQ,Essence (K=10),0.0,
AGV6OFYUQ5XZKTQHR22SCB56I3KQ,Random,0.0,0.0
AGV6OFYUQ5XZKTQHR22SCB56I3KQ,Popularity,0.0,0.0
AGV6OFYUQ5XZKTQHR22SCB56I3KQ,CF (ItemKNN),0.0,0.0
AGV6OFYUQ5XZKTQHR22SCB56I3KQ,Content (Avg Emb),0.0,0.0
AGV6OFYUQ5XZKTQHR22SCB56I3KQ,Last-Item,0.0,0.0
AGV6OFYUQ5XZKTQHR22SCB56I3KQ,Avg-Last-10,0.0,0.0
AGV6OFYUQ5XZKTQHR22SCB56I3KQ,Recency-Weighted,0.0,0.0
AGV6OFYUQ5XZKTQHR22SCB56I3KQ,Essence (K=10),0.0,0.0
AGVD2TE53DSXWOUKHFGM7YXDWRHQ,Random,0.0,0.0
AGVD2TE53DSXWOUKHFGM7YXDWRHQ,Popularity,0.0,0.0
AGVD2TE53DSXWOUKHFGM7YXDWRHQ,CF (ItemKNN),0.0,0.0
AGVD2TE53DSXWOUKHFGM7YXDWRHQ,Content (Avg Emb),0.0,0.0
AGVD2TE53DSXWOUKHFGM7YXDWRHQ,Last-Item,0.0,0.0
AGVD2TE53DSXWOUKHFGM7YXDWRHQ,Avg-Last-10,0.0,0.0
AGVD2TE53DSXWOUKHFGM7YXDWRHQ,Recency-Weighted,0.0,0.0
AGVD2TE53DSXWOUKHFGM7YXDWRHQ,Essence (K=10),0.0,0.0
AGVHIKGAAFG7JB5W5JH7ANDZACSA,Random,0.0,0.0
AGVHIKGAAFG7JB5W5JH7ANDZACSA,Popularity,0.0,0.0
AGVHIKGAAFG7JB5W5JH7ANDZACSA,CF (ItemKNN),0.0,0.0
AGVHIKGAAFG7JB5W5JH7ANDZACSA,Content (Avg Emb),0.0,0.0
AGVHIKGAAFG7JB5W5JH7ANDZACSA,Last-Item,0.0,0.0
AGVHIKGAAFG7JB5W5JH7ANDZACSA,Avg-Last-10,0.0,0.0
AGVHIKGAAFG7JB5W5JH7ANDZACSA,Recency-Weighted,0.0,0.0
AGVHIKGAAFG7JB5W5JH7ANDZACSA,Essence (K=10),0.0,0.0
AGVIP7KVI45VLF2VKFNDFVRIWOQA,Random,0.0,0.0
AGVIP7KVI45VLF2VKFNDFVRIWOQA,Popularity,0.0,0.0
AGVIP7KVI45VLF2VKFNDFVRIWOQA,CF (ItemKNN),0.0,0.0
AGVIP7KVI45VLF2VKFNDFVRIWOQA,Content (Avg Emb),0.0,0.0
AGVIP7KVI45VLF2VKFNDFVRIWOQA,Last-Item,0.0,0.0
AGVIP7KVI45VLF2VKFNDFVRIWOQA,Avg-Last-10,0.0,0.0
AGVIP7KVI45VLF2VKFNDFVRIWOQA,Recency-Weighted,0.0,0.0
AGVIP7KVI45VLF2VKFNDFVRIWOQA,Essence (K=10),0.0,0.0
AGVODI3NIFRPTNKFKQCDQYHW34TA,Random,0.0,0.0
AGVODI3NIFRPTNKFKQCDQYHW34TA,Popularity,0.0,0.0
AGVODI3NIFRPTNKFKQCDQYHW34TA,CF (ItemKNN),0.0,0.0
AGVODI3NIFRPTNKFKQCDQYHW34TA,Content (Avg Emb),0.0,0.0
AGVODI3NIFRPTNKFKQCDQYHW34TA,Last-Item,0.0,0.0
AGVODI3NIFRPTNKFKQCDQYHW34TA,Avg-Last-10,0.0,0.0
AGVODI3NIFRPTNKFKQCDQYHW34TA,Recency-Weighted,0.0,0.0
AGVODI3NIFRPTNKFKQCDQYHW34TA,Essence (K=10),0.0,0.0
AGVRBI254YFOYZD72MZV7JF3XDQQ,Random,0.0,
AGVRBI254YFOYZD72MZV7JF3XDQQ,Popularity,0.0,
AGVRBI254YFOYZD72MZV7JF3XDQQ,CF (ItemKNN),0.0,
AGVRBI254YFOYZD72MZV7JF3XDQQ,Content (Avg Emb),0.0,
AGVRBI254YFOYZD72MZV7JF3XDQQ,Last-Item,0.0,
AGVRBI254YFOYZD72MZV7JF3XDQQ,Avg-Last-10,0.0,
AGVRBI254YFOYZD72MZV7JF3XDQQ,Recency-Weighted,0.0,
AGVRBI254YFOYZD72MZV7JF3XDQQ,Essence (K=10),0.0,
AGVRNQAWP4TCUXLSCJG3MCYNRWQQ,Random,0.0,
AGVRNQAWP4TCUXLSCJG3MCYNRWQQ,Popularity,0.0,
AGVRNQAWP4TCUXLSCJG3MCYNRWQQ,CF (ItemKNN),0.0,
AGVRNQAWP4TCUXLSCJG3MCYNRWQQ,Content (Avg Emb),0.0,
AGVRNQAWP4TCUXLSCJG3MCYNRWQQ,Last-Item,0.0,
AGVRNQAWP4TCUXLSCJG3MCYNRWQQ,Avg-Last-10,0.0,
AGVRNQAWP4TCUXLSCJG3MCYNRWQQ,Recency-Weighted,0.0,
AGVRNQAWP4TCUXLSCJG3MCYNRWQQ,Essence (K=10),0.0,
AGVS6X7P5V4NRABR3UWPBJMDQKQA,Random,0.0,0.0
AGVS6X7P5V4NRABR3UWPBJMDQKQA,Popularity,0.0,0.0
AGVS6X7P5V4NRABR3UWPBJMDQKQA,CF (ItemKNN),0.0,0.0
AGVS6X7P5V4NRABR3UWPBJMDQKQA,Content (Avg Emb),0.0,0.0
AGVS6X7P5V4NRABR3UWPBJMDQKQA,Last-Item,0.0,0.0
AGVS6X7P5V4NRABR3UWPBJMDQKQA,Avg-Last-10,0.0,0.0
AGVS6X7P5V4NRABR3UWPBJMDQKQA,Recency-Weighted,0.0,0.0
AGVS6X7P5V4NRABR3UWPBJMDQKQA,Essence (K=10),0.0,0.0
AGVTWDNZ6WBAXDN6L4JKYRH2T47Q,Random,0.0,
AGVTWDNZ6WBAXDN6L4JKYRH2T47Q,Popularity,0.0,
AGVTWDNZ6WBAXDN6L4JKYRH2T47Q,CF (ItemKNN),0.0,
AGVTWDNZ6WBAXDN6L4JKYRH2T47Q,Content (Avg Emb),0.0,
AGVTWDNZ6WBAXDN6L4JKYRH2T47Q,Last-Item,0.0,
AGVTWDNZ6WBAXDN6L4JKYRH2T47Q,Avg-Last-10,0.0,
AGVTWDNZ6WBAXDN6L4JKYRH2T47Q,Recency-Weighted,0.0,
AGVTWDNZ6WBAXDN6L4JKYRH2T47Q,Essence (K=10),0.0,
AGVV4J24RLTOBQJTB6WXTE2SA2FQ,Random,0.0,
AGVV4J24RLTOBQJTB6WXTE2SA2FQ,Popularity,0.0,
AGVV4J24RLTOBQJTB6WXTE2SA2FQ,CF (ItemKNN),0.0,
AGVV4J24RLTOBQJTB6WXTE2SA2FQ,Content (Avg Emb),0.0,
AGVV4J24RLTOBQJTB6WXTE2SA2FQ,Last-Item,0.0,
AGVV4J24RLTOBQJTB6WXTE2SA2FQ,Avg-Last-10,0.0,
AGVV4J24RLTOBQJTB6WXTE2SA2FQ,Recency-Weighted,0.0,
AGVV4J24RLTOBQJTB6WXTE2SA2FQ,Essence (K=10),0.0,
AGVYGMP4X3A2RZNI3M2SEFA7ETRA,Random,0.0,0.0
AGVYGMP4X3A2RZNI3M2SEFA7ETRA,Popularity,0.0,0.0
AGVYGMP4X3A2RZNI3M2SEFA7ETRA,CF (ItemKNN),0.0,0.0
AGVYGMP4X3A2RZNI3M2SEFA7ETRA,Content (Avg Emb),0.0,0.0
AGVYGMP4X3A2RZNI3M2SEFA7ETRA,Last-Item,0.0,0.0
AGVYGMP4X3A2RZNI3M2SEFA7ETRA,Avg-Last-10,0.0,0.0
AGVYGMP4X3A2RZNI3M2SEFA7ETRA,Recency-Weighted,0.0,0.0
AGVYGMP4X3A2RZNI3M2SEFA7ETRA,Essence (K=10),0.0,0.0
AGW2K7CBUHSUKBHIO32WKNZF22NA,Random,0.0,
AGW2K7CBUHSUKBHIO32WKNZF22NA,Popularity,0.0,
AGW2K7CBUHSUKBHIO32WKNZF22NA,CF (ItemKNN),0.0,
AGW2K7CBUHSUKBHIO32WKNZF22NA,Content (Avg Emb),0.0,
AGW2K7CBUHSUKBHIO32WKNZF22NA,Last-Item,0.0,
AGW2K7CBUHSUKBHIO32WKNZF22NA,Avg-Last-10,0.0,
AGW2K7CBUHSUKBHIO32WKNZF22NA,Recency-Weighted,0.0,
AGW2K7CBUHSUKBHIO32WKNZF22NA,Essence (K=10),0.0,
AGW66ZJHJPY7U6CROKA6DCTIKGQA,Random,0.0,0.0
AGW66ZJHJPY7U6CROKA6DCTIKGQA,Popularity,0.0,0.0
AGW66ZJHJPY7U6CROKA6DCTIKGQA,CF (ItemKNN),0.0,0.0
AGW66ZJHJPY7U6CROKA6DCTIKGQA,Content (Avg Emb),0.0,0.0
AGW66ZJHJPY7U6CROKA6DCTIKGQA,Last-Item,0.0,0.0
AGW66ZJHJPY7U6CROKA6DCTIKGQA,Avg-Last-10,0.0,0.0
AGW66ZJHJPY7U6CROKA6DCTIKGQA,Recency-Weighted,0.0,0.0
AGW66ZJHJPY7U6CROKA6DCTIKGQA,Essence (K=10),0.0,0.0
AGW7HSDVF32OXYGIXU6IDT4LMB5Q,Random,0.0,
AGW7HSDVF32OXYGIXU6IDT4LMB5Q,Popularity,0.0,
AGW7HSDVF32OXYGIXU6IDT4LMB5Q,CF (ItemKNN),0.0,
AGW7HSDVF32OXYGIXU6IDT4LMB5Q,Content (Avg Emb),0.2,
AGW7HSDVF32OXYGIXU6IDT4LMB5Q,Last-Item,0.2,
AGW7HSDVF32OXYGIXU6IDT4LMB5Q,Avg-Last-10,0.2,
AGW7HSDVF32OXYGIXU6IDT4LMB5Q,Recency-Weighted,0.2,
AGW7HSDVF32OXYGIXU6IDT4LMB5Q,Essence (K=10),0.0,
AGWA6GSNAVHTYIXEOCBFUU5VINJQ,Random,0.0,
AGWA6GSNAVHTYIXEOCBFUU5VINJQ,Popularity,0.0,
AGWA6GSNAVHTYIXEOCBFUU5VINJQ,CF (ItemKNN),0.0,
AGWA6GSNAVHTYIXEOCBFUU5VINJQ,Content (Avg Emb),0.0,
AGWA6GSNAVHTYIXEOCBFUU5VINJQ,Last-Item,0.0,
AGWA6GSNAVHTYIXEOCBFUU5VINJQ,Avg-Last-10,0.0,
AGWA6GSNAVHTYIXEOCBFUU5VINJQ,Recency-Weighted,0.0,
AGWA6GSNAVHTYIXEOCBFUU5VINJQ,Essence (K=10),0.0,
AGWB5BIVXFRVW2Y3DBANHN7G62NA,Random,0.0,
AGWB5BIVXFRVW2Y3DBANHN7G62NA,Popularity,0.0,
AGWB5BIVXFRVW2Y3DBANHN7G62NA,CF (ItemKNN),0.0,
AGWB5BIVXFRVW2Y3DBANHN7G62NA,Content (Avg Emb),0.0,
AGWB5BIVXFRVW2Y3DBANHN7G62NA,Last-Item,0.0,
AGWB5BIVXFRVW2Y3DBANHN7G62NA,Avg-Last-10,0.0,
AGWB5BIVXFRVW2Y3DBANHN7G62NA,Recency-Weighted,0.0,
AGWB5BIVXFRVW2Y3DBANHN7G62NA,Essence (K=10),0.0,
AGWGJLBNKBQ7FU3SAERDBMMTWEOA,Random,0.0,0.0
AGWGJLBNKBQ7FU3SAERDBMMTWEOA,Popularity,0.0,0.0
AGWGJLBNKBQ7FU3SAERDBMMTWEOA,CF (ItemKNN),0.0,0.0
AGWGJLBNKBQ7FU3SAERDBMMTWEOA,Content (Avg Emb),0.0,0.0
AGWGJLBNKBQ7FU3SAERDBMMTWEOA,Last-Item,0.0,0.0
AGWGJLBNKBQ7FU3SAERDBMMTWEOA,Avg-Last-10,0.0,0.0
AGWGJLBNKBQ7FU3SAERDBMMTWEOA,Recency-Weighted,0.0,0.0
AGWGJLBNKBQ7FU3SAERDBMMTWEOA,Essence (K=10),0.0,0.0
AGWJM3HL6VLKXBPWUZ4I7LZDIW3Q_2,Random,0.0,0.0
AGWJM3HL6VLKXBPWUZ4I7LZDIW3Q_2,Popularity,0.0,0.0
AGWJM3HL6VLKXBPWUZ4I7LZDIW3Q_2,CF (ItemKNN),0.0,0.0
AGWJM3HL6VLKXBPWUZ4I7LZDIW3Q_2,Content (Avg Emb),0.0,0.0
AGWJM3HL6VLKXBPWUZ4I7LZDIW3Q_2,Last-Item,0.0,0.0
AGWJM3HL6VLKXBPWUZ4I7LZDIW3Q_2,Avg-Last-10,0.0,0.0
AGWJM3HL6VLKXBPWUZ4I7LZDIW3Q_2,Recency-Weighted,0.0,0.0
AGWJM3HL6VLKXBPWUZ4I7LZDIW3Q_2,Essence (K=10),0.0,0.0
AGWLWDA323ED6GG2E23IDNSIHSZQ,Random,0.0,
AGWLWDA323ED6GG2E23IDNSIHSZQ,Popularity,0.0,
AGWLWDA323ED6GG2E23IDNSIHSZQ,CF (ItemKNN),0.0,
AGWLWDA323ED6GG2E23IDNSIHSZQ,Content (Avg Emb),0.0,
AGWLWDA323ED6GG2E23IDNSIHSZQ,Last-Item,0.0,
AGWLWDA323ED6GG2E23IDNSIHSZQ,Avg-Last-10,0.0,
AGWLWDA323ED6GG2E23IDNSIHSZQ,Recency-Weighted,0.0,
AGWLWDA323ED6GG2E23IDNSIHSZQ,Essence (K=10),0.0,
AGWMFVIEI5G6BT2OBBMXSF7W7DZA,Random,0.0,0.0
AGWMFVIEI5G6BT2OBBMXSF7W7DZA,Popularity,0.0,0.0
AGWMFVIEI5G6BT2OBBMXSF7W7DZA,CF (ItemKNN),0.0,0.0
AGWMFVIEI5G6BT2OBBMXSF7W7DZA,Content (Avg Emb),0.0,0.0
AGWMFVIEI5G6BT2OBBMXSF7W7DZA,Last-Item,0.0,0.0
AGWMFVIEI5G6BT2OBBMXSF7W7DZA,Avg-Last-10,0.0,0.0
AGWMFVIEI5G6BT2OBBMXSF7W7DZA,Recency-Weighted,0.0,0.0
AGWMFVIEI5G6BT2OBBMXSF7W7DZA,Essence (K=10),0.0,0.0
AGWPGNQGPIG7F3URMMC6KNB6DFUA,Random,0.0,
AGWPGNQGPIG7F3URMMC6KNB6DFUA,Popularity,0.0,
AGWPGNQGPIG7F3URMMC6KNB6DFUA,CF (ItemKNN),0.0,
AGWPGNQGPIG7F3URMMC6KNB6DFUA,Content (Avg Emb),0.0,
AGWPGNQGPIG7F3URMMC6KNB6DFUA,Last-Item,0.2,
AGWPGNQGPIG7F3URMMC6KNB6DFUA,Avg-Last-10,0.6,
AGWPGNQGPIG7F3URMMC6KNB6DFUA,Recency-Weighted,0.6,
AGWPGNQGPIG7F3URMMC6KNB6DFUA,Essence (K=10),0.6,
AGWSAXLSCEHKGGFICIQXPVGJYGEQ,Random,0.0,0.0
AGWSAXLSCEHKGGFICIQXPVGJYGEQ,Popularity,0.1111111111111111,0.0
AGWSAXLSCEHKGGFICIQXPVGJYGEQ,CF (ItemKNN),0.0,0.0
AGWSAXLSCEHKGGFICIQXPVGJYGEQ,Content (Avg Emb),0.0,0.0
AGWSAXLSCEHKGGFICIQXPVGJYGEQ,Last-Item,0.0,0.0
AGWSAXLSCEHKGGFICIQXPVGJYGEQ,Avg-Last-10,0.0,0.0
AGWSAXLSCEHKGGFICIQXPVGJYGEQ,Recency-Weighted,0.0,0.0
AGWSAXLSCEHKGGFICIQXPVGJYGEQ,Essence (K=10),0.0,0.0
AGWSMTRKAC4MLXBIE2VPJMY5LVBA,Random,0.0,
AGWSMTRKAC4MLXBIE2VPJMY5LVBA,Popularity,0.0,
AGWSMTRKAC4MLXBIE2VPJMY5LVBA,CF (ItemKNN),0.0,
AGWSMTRKAC4MLXBIE2VPJMY5LVBA,Content (Avg Emb),0.0,
AGWSMTRKAC4MLXBIE2VPJMY5LVBA,Last-Item,0.0,
AGWSMTRKAC4MLXBIE2VPJMY5LVBA,Avg-Last-10,0.0,
AGWSMTRKAC4MLXBIE2VPJMY5LVBA,Recency-Weighted,0.0,
AGWSMTRKAC4MLXBIE2VPJMY5LVBA,Essence (K=10),0.0,
AGWTXURKISTDG5HRCCANCRQHZGRQ,Random,0.0,
AGWTXURKISTDG5HRCCANCRQHZGRQ,Popularity,0.0,
AGWTXURKISTDG5HRCCANCRQHZGRQ,CF (ItemKNN),0.0,
AGWTXURKISTDG5HRCCANCRQHZGRQ,Content (Avg Emb),0.0,
AGWTXURKISTDG5HRCCANCRQHZGRQ,Last-Item,0.0,
AGWTXURKISTDG5HRCCANCRQHZGRQ,Avg-Last-10,0.0,
AGWTXURKISTDG5HRCCANCRQHZGRQ,Recency-Weighted,0.0,
AGWTXURKISTDG5HRCCANCRQHZGRQ,Essence (K=10),0.0,
AGWWLOGY523FGE5NCAXQDDGOQFXA,Random,0.0,0.0
AGWWLOGY523FGE5NCAXQDDGOQFXA,Popularity,0.0,0.0
AGWWLOGY523FGE5NCAXQDDGOQFXA,CF (ItemKNN),0.0,0.0
AGWWLOGY523FGE5NCAXQDDGOQFXA,Content (Avg Emb),0.1111111111111111,0.0
AGWWLOGY523FGE5NCAXQDDGOQFXA,Last-Item,0.1111111111111111,0.0
AGWWLOGY523FGE5NCAXQDDGOQFXA,Avg-Last-10,0.0,0.0
AGWWLOGY523FGE5NCAXQDDGOQFXA,Recency-Weighted,0.1111111111111111,0.0
AGWWLOGY523FGE5NCAXQDDGOQFXA,Essence (K=10),0.0,0.0
AGWXCMMYC7TJBARONFKMFB6XJAIA,Random,0.0,0.0
AGWXCMMYC7TJBARONFKMFB6XJAIA,Popularity,0.0,0.0
AGWXCMMYC7TJBARONFKMFB6XJAIA,CF (ItemKNN),0.0,0.0
AGWXCMMYC7TJBARONFKMFB6XJAIA,Content (Avg Emb),0.0,0.0
AGWXCMMYC7TJBARONFKMFB6XJAIA,Last-Item,0.0,0.0
AGWXCMMYC7TJBARONFKMFB6XJAIA,Avg-Last-10,0.0,0.0
AGWXCMMYC7TJBARONFKMFB6XJAIA,Recency-Weighted,0.0,0.0
AGWXCMMYC7TJBARONFKMFB6XJAIA,Essence (K=10),0.0,0.0
AGX3HUZA2USLZB3TQMPEGOE7U33A,Random,0.0,
AGX3HUZA2USLZB3TQMPEGOE7U33A,Popularity,0.0,
AGX3HUZA2USLZB3TQMPEGOE7U33A,CF (ItemKNN),0.0,
AGX3HUZA2USLZB3TQMPEGOE7U33A,Content (Avg Emb),0.0,
AGX3HUZA2USLZB3TQMPEGOE7U33A,Last-Item,0.0,
AGX3HUZA2USLZB3TQMPEGOE7U33A,Avg-Last-10,0.0,
AGX3HUZA2USLZB3TQMPEGOE7U33A,Recency-Weighted,0.0,
AGX3HUZA2USLZB3TQMPEGOE7U33A,Essence (K=10),0.0,
AGX44JHJ3YAQCW6TLIXNNZ2FDA4Q,Random,0.0,0.0
AGX44JHJ3YAQCW6TLIXNNZ2FDA4Q,Popularity,0.0,0.0
AGX44JHJ3YAQCW6TLIXNNZ2FDA4Q,CF (ItemKNN),0.0,0.0
AGX44JHJ3YAQCW6TLIXNNZ2FDA4Q,Content (Avg Emb),0.14285714285714285,0.0
AGX44JHJ3YAQCW6TLIXNNZ2FDA4Q,Last-Item,0.0,0.0
AGX44JHJ3YAQCW6TLIXNNZ2FDA4Q,Avg-Last-10,0.14285714285714285,0.0
AGX44JHJ3YAQCW6TLIXNNZ2FDA4Q,Recency-Weighted,0.14285714285714285,0.0
AGX44JHJ3YAQCW6TLIXNNZ2FDA4Q,Essence (K=10),0.14285714285714285,0.0
AGX4M7OFDWOFRE23YXEW33RXT3NA,Random,0.0,
AGX4M7OFDWOFRE23YXEW33RXT3NA,Popularity,0.0,
AGX4M7OFDWOFRE23YXEW33RXT3NA,CF (ItemKNN),0.0,
AGX4M7OFDWOFRE23YXEW33RXT3NA,Content (Avg Emb),0.0,
AGX4M7OFDWOFRE23YXEW33RXT3NA,Last-Item,0.0,
AGX4M7OFDWOFRE23YXEW33RXT3NA,Avg-Last-10,0.0,
AGX4M7OFDWOFRE23YXEW33RXT3NA,Recency-Weighted,0.0,
AGX4M7OFDWOFRE23YXEW33RXT3NA,Essence (K=10),0.0,
AGX6JJUJISMWHZ7ZEFWK7O6D4ITA,Random,0.0,0.0
AGX6JJUJISMWHZ7ZEFWK7O6D4ITA,Popularity,0.0,0.0
AGX6JJUJISMWHZ7ZEFWK7O6D4ITA,CF (ItemKNN),0.0,0.0
AGX6JJUJISMWHZ7ZEFWK7O6D4ITA,Content (Avg Emb),0.0,0.0
AGX6JJUJISMWHZ7ZEFWK7O6D4ITA,Last-Item,0.0,0.0
AGX6JJUJISMWHZ7ZEFWK7O6D4ITA,Avg-Last-10,0.0,0.0
AGX6JJUJISMWHZ7ZEFWK7O6D4ITA,Recency-Weighted,0.0,0.0
AGX6JJUJISMWHZ7ZEFWK7O6D4ITA,Essence (K=10),0.0,0.0
AGX74YU636RWU4IBVEZ3ZHHL7AYQ,Random,0.0,0.0
AGX74YU636RWU4IBVEZ3ZHHL7AYQ,Popularity,0.0,0.0
AGX74YU636RWU4IBVEZ3ZHHL7AYQ,CF (ItemKNN),0.0,0.0
AGX74YU636RWU4IBVEZ3ZHHL7AYQ,Content (Avg Emb),0.0,0.0
AGX74YU636RWU4IBVEZ3ZHHL7AYQ,Last-Item,0.0,0.0
AGX74YU636RWU4IBVEZ3ZHHL7AYQ,Avg-Last-10,0.06451612903225806,0.14285714285714285
AGX74YU636RWU4IBVEZ3ZHHL7AYQ,Recency-Weighted,0.06451612903225806,0.14285714285714285
AGX74YU636RWU4IBVEZ3ZHHL7AYQ,Essence (K=10),0.03225806451612903,0.14285714285714285
AGXCEZWEVS4KPJM5EXSY4YRQRC4Q,Random,0.0,0.0
AGXCEZWEVS4KPJM5EXSY4YRQRC4Q,Popularity,0.0,0.0
AGXCEZWEVS4KPJM5EXSY4YRQRC4Q,CF (ItemKNN),0.0,0.0
AGXCEZWEVS4KPJM5EXSY4YRQRC4Q,Content (Avg Emb),0.0,0.0
AGXCEZWEVS4KPJM5EXSY4YRQRC4Q,Last-Item,0.0,0.0
AGXCEZWEVS4KPJM5EXSY4YRQRC4Q,Avg-Last-10,0.0,0.0
AGXCEZWEVS4KPJM5EXSY4YRQRC4Q,Recency-Weighted,0.0,0.0
AGXCEZWEVS4KPJM5EXSY4YRQRC4Q,Essence (K=10),0.0,0.0
AGXCVI3UPN3BNDCTMLY7ZJ2XZFRQ,Random,0.0,
AGXCVI3UPN3BNDCTMLY7ZJ2XZFRQ,Popularity,0.0,
AGXCVI3UPN3BNDCTMLY7ZJ2XZFRQ,CF (ItemKNN),0.0,
AGXCVI3UPN3BNDCTMLY7ZJ2XZFRQ,Content (Avg Emb),0.0,
AGXCVI3UPN3BNDCTMLY7ZJ2XZFRQ,Last-Item,0.0,
AGXCVI3UPN3BNDCTMLY7ZJ2XZFRQ,Avg-Last-10,0.0,
AGXCVI3UPN3BNDCTMLY7ZJ2XZFRQ,Recency-Weighted,0.0,
AGXCVI3UPN3BNDCTMLY7ZJ2XZFRQ,Essence (K=10),0.0,
AGXGGLWZUFLIMUUV5Y2YCJS7BR3A,Random,0.0,0.0
AGXGGLWZUFLIMUUV5Y2YCJS7BR3A,Popularity,0.0,0.0
AGXGGLWZUFLIMUUV5Y2YCJS7BR3A,CF (ItemKNN),0.0,0.0
AGXGGLWZUFLIMUUV5Y2YCJS7BR3A,Content (Avg Emb),0.0,0.0
AGXGGLWZUFLIMUUV5Y2YCJS7BR3A,Last-Item,0.0,0.0
AGXGGLWZUFLIMUUV5Y2YCJS7BR3A,Avg-Last-10,0.0,0.0
AGXGGLWZUFLIMUUV5Y2YCJS7BR3A,Recency-Weighted,0.0,0.0
AGXGGLWZUFLIMUUV5Y2YCJS7BR3A,Essence (K=10),0.0,0.0
AGXGXHTUJXLJ25RQY77LOCXSSOUQ,Random,0.0,
AGXGXHTUJXLJ25RQY77LOCXSSOUQ,Popularity,0.0,
AGXGXHTUJXLJ25RQY77LOCXSSOUQ,CF (ItemKNN),0.0,
AGXGXHTUJXLJ25RQY77LOCXSSOUQ,Content (Avg Emb),0.0,
AGXGXHTUJXLJ25RQY77LOCXSSOUQ,Last-Item,0.0,
AGXGXHTUJXLJ25RQY77LOCXSSOUQ,Avg-Last-10,0.0,
AGXGXHTUJXLJ25RQY77LOCXSSOUQ,Recency-Weighted,0.0,
AGXGXHTUJXLJ25RQY77LOCXSSOUQ,Essence (K=10),0.0,
AGXHRXCB2ZG4EVTDKN5CVWZ3FDGA,Random,0.0,
AGXHRXCB2ZG4EVTDKN5CVWZ3FDGA,Popularity,0.0,
AGXHRXCB2ZG4EVTDKN5CVWZ3FDGA,CF (ItemKNN),0.0,
AGXHRXCB2ZG4EVTDKN5CVWZ3FDGA,Content (Avg Emb),0.0,
AGXHRXCB2ZG4EVTDKN5CVWZ3FDGA,Last-Item,0.0,
AGXHRXCB2ZG4EVTDKN5CVWZ3FDGA,Avg-Last-10,0.0,
AGXHRXCB2ZG4EVTDKN5CVWZ3FDGA,Recency-Weighted,0.0,
AGXHRXCB2ZG4EVTDKN5CVWZ3FDGA,Essence (K=10),0.0,
AGXHUCUXLFTQU7BC6KXVEV3VFLMA,Random,0.0,0.0
AGXHUCUXLFTQU7BC6KXVEV3VFLMA,Popularity,0.0,0.0
AGXHUCUXLFTQU7BC6KXVEV3VFLMA,CF (ItemKNN),0.0,0.0
AGXHUCUXLFTQU7BC6KXVEV3VFLMA,Content (Avg Emb),0.0,0.0
AGXHUCUXLFTQU7BC6KXVEV3VFLMA,Last-Item,0.0,0.0
AGXHUCUXLFTQU7BC6KXVEV3VFLMA,Avg-Last-10,0.0,0.0
AGXHUCUXLFTQU7BC6KXVEV3VFLMA,Recency-Weighted,0.0,0.0
AGXHUCUXLFTQU7BC6KXVEV3VFLMA,Essence (K=10),0.0,0.0
AGXLTBGW24FE3SVPCIPLGN467A3Q,Random,0.0,
AGXLTBGW24FE3SVPCIPLGN467A3Q,Popularity,0.0,
AGXLTBGW24FE3SVPCIPLGN467A3Q,CF (ItemKNN),0.0,
AGXLTBGW24FE3SVPCIPLGN467A3Q,Content (Avg Emb),0.0,
AGXLTBGW24FE3SVPCIPLGN467A3Q,Last-Item,0.0,
AGXLTBGW24FE3SVPCIPLGN467A3Q,Avg-Last-10,0.0,
AGXLTBGW24FE3SVPCIPLGN467A3Q,Recency-Weighted,0.0,
AGXLTBGW24FE3SVPCIPLGN467A3Q,Essence (K=10),0.0,
AGXNO7BG5GCCLEEZDKDIKADZL53A,Random,0.0,0.0
AGXNO7BG5GCCLEEZDKDIKADZL53A,Popularity,0.0,0.0
AGXNO7BG5GCCLEEZDKDIKADZL53A,CF (ItemKNN),0.16666666666666666,0.25
AGXNO7BG5GCCLEEZDKDIKADZL53A,Content (Avg Emb),0.0,0.0
AGXNO7BG5GCCLEEZDKDIKADZL53A,Last-Item,0.0,0.0
AGXNO7BG5GCCLEEZDKDIKADZL53A,Avg-Last-10,0.0,0.0
AGXNO7BG5GCCLEEZDKDIKADZL53A,Recency-Weighted,0.0,0.0
AGXNO7BG5GCCLEEZDKDIKADZL53A,Essence (K=10),0.0,0.0
AGXR6IQNJ5RBN224LMDUHROU3JDQ,Random,0.0,
AGXR6IQNJ5RBN224LMDUHROU3JDQ,Popularity,0.0,
AGXR6IQNJ5RBN224LMDUHROU3JDQ,CF (ItemKNN),0.0,
AGXR6IQNJ5RBN224LMDUHROU3JDQ,Content (Avg Emb),0.0,
AGXR6IQNJ5RBN224LMDUHROU3JDQ,Last-Item,0.0,
AGXR6IQNJ5RBN224LMDUHROU3JDQ,Avg-Last-10,0.0,
AGXR6IQNJ5RBN224LMDUHROU3JDQ,Recency-Weighted,0.0,
AGXR6IQNJ5RBN224LMDUHROU3JDQ,Essence (K=10),0.0,
AGXRP57MSVEIJUWU4O45AAISY2HA,Random,0.0,
AGXRP57MSVEIJUWU4O45AAISY2HA,Popularity,0.0,
AGXRP57MSVEIJUWU4O45AAISY2HA,CF (ItemKNN),0.0,
AGXRP57MSVEIJUWU4O45AAISY2HA,Content (Avg Emb),0.0,
AGXRP57MSVEIJUWU4O45AAISY2HA,Last-Item,0.0,
AGXRP57MSVEIJUWU4O45AAISY2HA,Avg-Last-10,0.0,
AGXRP57MSVEIJUWU4O45AAISY2HA,Recency-Weighted,0.0,
AGXRP57MSVEIJUWU4O45AAISY2HA,Essence (K=10),0.0,
AGXSQALJH5O5ZRLEPJ3P7HWRJZSQ,Random,0.0,0.0
AGXSQALJH5O5ZRLEPJ3P7HWRJZSQ,Popularity,0.0,0.0
AGXSQALJH5O5ZRLEPJ3P7HWRJZSQ,CF (ItemKNN),0.0,0.0
AGXSQALJH5O5ZRLEPJ3P7HWRJZSQ,Content (Avg Emb),0.0,0.0
AGXSQALJH5O5ZRLEPJ3P7HWRJZSQ,Last-Item,0.2,0.0
AGXSQALJH5O5ZRLEPJ3P7HWRJZSQ,Avg-Last-10,0.0,0.0
AGXSQALJH5O5ZRLEPJ3P7HWRJZSQ,Recency-Weighted,0.0,0.0
AGXSQALJH5O5ZRLEPJ3P7HWRJZSQ,Essence (K=10),0.0,0.0
AGXT5SVBESNGF5IGAZYW52NKCYLA,Random,0.0,0.0
AGXT5SVBESNGF5IGAZYW52NKCYLA,Popularity,0.0,0.0
AGXT5SVBESNGF5IGAZYW52NKCYLA,CF (ItemKNN),0.0,0.0
AGXT5SVBESNGF5IGAZYW52NKCYLA,Content (Avg Emb),0.0,0.0
AGXT5SVBESNGF5IGAZYW52NKCYLA,Last-Item,0.125,0.0
AGXT5SVBESNGF5IGAZYW52NKCYLA,Avg-Last-10,0.0,0.0
AGXT5SVBESNGF5IGAZYW52NKCYLA,Recency-Weighted,0.0,0.0
AGXT5SVBESNGF5IGAZYW52NKCYLA,Essence (K=10),0.25,0.0
AGXTAJL2ZYKSKBYD2SGBJBKYSL4A,Random,0.0,0.0
AGXTAJL2ZYKSKBYD2SGBJBKYSL4A,Popularity,0.0,0.0
AGXTAJL2ZYKSKBYD2SGBJBKYSL4A,CF (ItemKNN),0.0,0.0
AGXTAJL2ZYKSKBYD2SGBJBKYSL4A,Content (Avg Emb),0.0,0.0
AGXTAJL2ZYKSKBYD2SGBJBKYSL4A,Last-Item,0.0,0.0
AGXTAJL2ZYKSKBYD2SGBJBKYSL4A,Avg-Last-10,0.0,0.0
AGXTAJL2ZYKSKBYD2SGBJBKYSL4A,Recency-Weighted,0.0,0.0
AGXTAJL2ZYKSKBYD2SGBJBKYSL4A,Essence (K=10),0.0,0.0
AGXU2OD3EDBNGQITPHVDKKZE2U2Q,Random,0.0,
AGXU2OD3EDBNGQITPHVDKKZE2U2Q,Popularity,0.0,
AGXU2OD3EDBNGQITPHVDKKZE2U2Q,CF (ItemKNN),0.0,
AGXU2OD3EDBNGQITPHVDKKZE2U2Q,Content (Avg Emb),0.2,
AGXU2OD3EDBNGQITPHVDKKZE2U2Q,Last-Item,0.0,
AGXU2OD3EDBNGQITPHVDKKZE2U2Q,Avg-Last-10,0.2,
AGXU2OD3EDBNGQITPHVDKKZE2U2Q,Recency-Weighted,0.4,
AGXU2OD3EDBNGQITPHVDKKZE2U2Q,Essence (K=10),0.2,
AGXUO2ONBJUWJ7HFHZBI25LPJZPQ,Random,0.0,0.0
AGXUO2ONBJUWJ7HFHZBI25LPJZPQ,Popularity,0.0,0.0
AGXUO2ONBJUWJ7HFHZBI25LPJZPQ,CF (ItemKNN),0.0,0.0
AGXUO2ONBJUWJ7HFHZBI25LPJZPQ,Content (Avg Emb),0.0,0.0
AGXUO2ONBJUWJ7HFHZBI25LPJZPQ,Last-Item,0.0,0.0
AGXUO2ONBJUWJ7HFHZBI25LPJZPQ,Avg-Last-10,0.0,0.0
AGXUO2ONBJUWJ7HFHZBI25LPJZPQ,Recency-Weighted,0.0,0.0
AGXUO2ONBJUWJ7HFHZBI25LPJZPQ,Essence (K=10),0.0,0.0
AGXXIYIA3HHMJTEBN5AWUOPCKOJA,Random,0.0,
AGXXIYIA3HHMJTEBN5AWUOPCKOJA,Popularity,0.0,
AGXXIYIA3HHMJTEBN5AWUOPCKOJA,CF (ItemKNN),0.0,
AGXXIYIA3HHMJTEBN5AWUOPCKOJA,Content (Avg Emb),0.0,
AGXXIYIA3HHMJTEBN5AWUOPCKOJA,Last-Item,0.5,
AGXXIYIA3HHMJTEBN5AWUOPCKOJA,Avg-Last-10,0.0,
AGXXIYIA3HHMJTEBN5AWUOPCKOJA,Recency-Weighted,0.5,
AGXXIYIA3HHMJTEBN5AWUOPCKOJA,Essence (K=10),0.0,
AGXYE526HIGVX2UUYH477FSLOEHQ,Random,0.0,0.0
AGXYE526HIGVX2UUYH477FSLOEHQ,Popularity,0.0,0.0
AGXYE526HIGVX2UUYH477FSLOEHQ,CF (ItemKNN),0.0,0.0
AGXYE526HIGVX2UUYH477FSLOEHQ,Content (Avg Emb),0.0,0.0
AGXYE526HIGVX2UUYH477FSLOEHQ,Last-Item,0.0,0.0
AGXYE526HIGVX2UUYH477FSLOEHQ,Avg-Last-10,0.0,0.0
AGXYE526HIGVX2UUYH477FSLOEHQ,Recency-Weighted,0.0,0.0
AGXYE526HIGVX2UUYH477FSLOEHQ,Essence (K=10),0.0,0.0
AGXYTXZTJXY3F7F3S5PHAZ6BW2PA,Random,0.0,0.0
AGXYTXZTJXY3F7F3S5PHAZ6BW2PA,Popularity,0.0,0.0
AGXYTXZTJXY3F7F3S5PHAZ6BW2PA,CF (ItemKNN),0.0,0.0
AGXYTXZTJXY3F7F3S5PHAZ6BW2PA,Content (Avg Emb),0.0,0.0
AGXYTXZTJXY3F7F3S5PHAZ6BW2PA,Last-Item,0.0,0.0
AGXYTXZTJXY3F7F3S5PHAZ6BW2PA,Avg-Last-10,0.0,0.0
AGXYTXZTJXY3F7F3S5PHAZ6BW2PA,Recency-Weighted,0.0,0.0
AGXYTXZTJXY3F7F3S5PHAZ6BW2PA,Essence (K=10),0.0,0.0
AGXZXERNZU3LHDMZQHJBBCDORD6A,Random,0.0,0.0
AGXZXERNZU3LHDMZQHJBBCDORD6A,Popularity,0.0,0.0
AGXZXERNZU3LHDMZQHJBBCDORD6A,CF (ItemKNN),0.0,0.0
AGXZXERNZU3LHDMZQHJBBCDORD6A,Content (Avg Emb),0.0,0.0
AGXZXERNZU3LHDMZQHJBBCDORD6A,Last-Item,0.0,0.0
AGXZXERNZU3LHDMZQHJBBCDORD6A,Avg-Last-10,0.0,0.0
AGXZXERNZU3LHDMZQHJBBCDORD6A,Recency-Weighted,0.0,0.0
AGXZXERNZU3LHDMZQHJBBCDORD6A,Essence (K=10),0.0,0.0
AGY25J4RS3QBHQMYIUILQ4VAWNPA,Random,0.0,
AGY25J4RS3QBHQMYIUILQ4VAWNPA,Popularity,0.0,
AGY25J4RS3QBHQMYIUILQ4VAWNPA,CF (ItemKNN),0.0,
AGY25J4RS3QBHQMYIUILQ4VAWNPA,Content (Avg Emb),0.0,
AGY25J4RS3QBHQMYIUILQ4VAWNPA,Last-Item,0.0,
AGY25J4RS3QBHQMYIUILQ4VAWNPA,Avg-Last-10,0.2222222222222222,
AGY25J4RS3QBHQMYIUILQ4VAWNPA,Recency-Weighted,0.1111111111111111,
AGY25J4RS3QBHQMYIUILQ4VAWNPA,Essence (K=10),0.2222222222222222,
AGY2MMTXVN7VREK2JJ7STVNZQF5Q,Random,0.0,0.0
AGY2MMTXVN7VREK2JJ7STVNZQF5Q,Popularity,0.0,0.0
AGY2MMTXVN7VREK2JJ7STVNZQF5Q,CF (ItemKNN),0.0,0.0
AGY2MMTXVN7VREK2JJ7STVNZQF5Q,Content (Avg Emb),0.0,0.0
AGY2MMTXVN7VREK2JJ7STVNZQF5Q,Last-Item,0.0,0.0
AGY2MMTXVN7VREK2JJ7STVNZQF5Q,Avg-Last-10,0.0,0.0
AGY2MMTXVN7VREK2JJ7STVNZQF5Q,Recency-Weighted,0.0,0.0
AGY2MMTXVN7VREK2JJ7STVNZQF5Q,Essence (K=10),0.0,0.0
AGY2RICJPDOQTF5FXHT6AM6HZZSQ,Random,0.0,0.0
AGY2RICJPDOQTF5FXHT6AM6HZZSQ,Popularity,0.0,0.0
AGY2RICJPDOQTF5FXHT6AM6HZZSQ,CF (ItemKNN),0.0,0.0
AGY2RICJPDOQTF5FXHT6AM6HZZSQ,Content (Avg Emb),0.0,0.0
AGY2RICJPDOQTF5FXHT6AM6HZZSQ,Last-Item,0.0,0.0
AGY2RICJPDOQTF5FXHT6AM6HZZSQ,Avg-Last-10,0.0,0.0
AGY2RICJPDOQTF5FXHT6AM6HZZSQ,Recency-Weighted,0.0,0.0
AGY2RICJPDOQTF5FXHT6AM6HZZSQ,Essence (K=10),0.0,0.0
AGY6TZCP7TZOO32NRVGVQFTVLFIA,Random,0.0,
AGY6TZCP7TZOO32NRVGVQFTVLFIA,Popularity,0.0,
AGY6TZCP7TZOO32NRVGVQFTVLFIA,CF (ItemKNN),0.0,
AGY6TZCP7TZOO32NRVGVQFTVLFIA,Content (Avg Emb),0.0,
AGY6TZCP7TZOO32NRVGVQFTVLFIA,Last-Item,0.16666666666666666,
AGY6TZCP7TZOO32NRVGVQFTVLFIA,Avg-Last-10,0.0,
AGY6TZCP7TZOO32NRVGVQFTVLFIA,Recency-Weighted,0.0,
AGY6TZCP7TZOO32NRVGVQFTVLFIA,Essence (K=10),0.0,
AGY72AZLEZEBN7YJK3O2LR5444PQ,Random,0.0,0.0
AGY72AZLEZEBN7YJK3O2LR5444PQ,Popularity,0.0,0.0
AGY72AZLEZEBN7YJK3O2LR5444PQ,CF (ItemKNN),0.0,0.0
AGY72AZLEZEBN7YJK3O2LR5444PQ,Content (Avg Emb),0.0,0.0
AGY72AZLEZEBN7YJK3O2LR5444PQ,Last-Item,0.42857142857142855,0.0
AGY72AZLEZEBN7YJK3O2LR5444PQ,Avg-Last-10,0.0,0.0
AGY72AZLEZEBN7YJK3O2LR5444PQ,Recency-Weighted,0.14285714285714285,1.0
AGY72AZLEZEBN7YJK3O2LR5444PQ,Essence (K=10),0.42857142857142855,0.0
AGYB5UQKMFN3Z3M4SKEQAIEIO7VA,Random,0.0,0.0
AGYB5UQKMFN3Z3M4SKEQAIEIO7VA,Popularity,0.0,0.0
AGYB5UQKMFN3Z3M4SKEQAIEIO7VA,CF (ItemKNN),0.0,0.0
AGYB5UQKMFN3Z3M4SKEQAIEIO7VA,Content (Avg Emb),0.0,0.0
AGYB5UQKMFN3Z3M4SKEQAIEIO7VA,Last-Item,0.1,0.0
AGYB5UQKMFN3Z3M4SKEQAIEIO7VA,Avg-Last-10,0.0,0.0
AGYB5UQKMFN3Z3M4SKEQAIEIO7VA,Recency-Weighted,0.0,0.0
AGYB5UQKMFN3Z3M4SKEQAIEIO7VA,Essence (K=10),0.0,0.0
AGYB6U4CPMKD7SWVNW6RQGQMKRGQ,Random,0.0,
AGYB6U4CPMKD7SWVNW6RQGQMKRGQ,Popularity,0.0,
AGYB6U4CPMKD7SWVNW6RQGQMKRGQ,CF (ItemKNN),0.0,
AGYB6U4CPMKD7SWVNW6RQGQMKRGQ,Content (Avg Emb),0.0,
AGYB6U4CPMKD7SWVNW6RQGQMKRGQ,Last-Item,0.4,
AGYB6U4CPMKD7SWVNW6RQGQMKRGQ,Avg-Last-10,0.0,
AGYB6U4CPMKD7SWVNW6RQGQMKRGQ,Recency-Weighted,0.0,
AGYB6U4CPMKD7SWVNW6RQGQMKRGQ,Essence (K=10),0.0,
AGYCMQX7SORWNKVQLJBST3YHM6PQ,Random,0.0,0.0
AGYCMQX7SORWNKVQLJBST3YHM6PQ,Popularity,0.0,0.0
AGYCMQX7SORWNKVQLJBST3YHM6PQ,CF (ItemKNN),0.0,0.0
AGYCMQX7SORWNKVQLJBST3YHM6PQ,Content (Avg Emb),0.0,0.0
AGYCMQX7SORWNKVQLJBST3YHM6PQ,Last-Item,0.0,0.0
AGYCMQX7SORWNKVQLJBST3YHM6PQ,Avg-Last-10,0.0,0.0
AGYCMQX7SORWNKVQLJBST3YHM6PQ,Recency-Weighted,0.0,0.0
AGYCMQX7SORWNKVQLJBST3YHM6PQ,Essence (K=10),0.0,0.0
AGYGXBGTNOKUKMZKIUC7GOMP3KIA,Random,0.0,0.0
AGYGXBGTNOKUKMZKIUC7GOMP3KIA,Popularity,0.0,0.0
AGYGXBGTNOKUKMZKIUC7GOMP3KIA,CF (ItemKNN),0.0,0.0
AGYGXBGTNOKUKMZKIUC7GOMP3KIA,Content (Avg Emb),0.0,0.0
AGYGXBGTNOKUKMZKIUC7GOMP3KIA,Last-Item,0.0,0.0
AGYGXBGTNOKUKMZKIUC7GOMP3KIA,Avg-Last-10,0.0,0.0
AGYGXBGTNOKUKMZKIUC7GOMP3KIA,Recency-Weighted,0.0,0.0
AGYGXBGTNOKUKMZKIUC7GOMP3KIA,Essence (K=10),0.0,0.0
AGYIOJC6P2ZTFTUAEYYZTGQB3MMA,Random,0.0,0.0
AGYIOJC6P2ZTFTUAEYYZTGQB3MMA,Popularity,0.0,0.0
AGYIOJC6P2ZTFTUAEYYZTGQB3MMA,CF (ItemKNN),0.0,0.0
AGYIOJC6P2ZTFTUAEYYZTGQB3MMA,Content (Avg Emb),0.0,0.0
AGYIOJC6P2ZTFTUAEYYZTGQB3MMA,Last-Item,0.0,0.0
AGYIOJC6P2ZTFTUAEYYZTGQB3MMA,Avg-Last-10,0.0,0.0
AGYIOJC6P2ZTFTUAEYYZTGQB3MMA,Recency-Weighted,0.0,0.0
AGYIOJC6P2ZTFTUAEYYZTGQB3MMA,Essence (K=10),0.0,0.0
AGYL5NSITGKWJJK3AY2GLQJM3XQQ,Random,0.0,
AGYL5NSITGKWJJK3AY2GLQJM3XQQ,Popularity,0.0,
AGYL5NSITGKWJJK3AY2GLQJM3XQQ,CF (ItemKNN),0.0,
AGYL5NSITGKWJJK3AY2GLQJM3XQQ,Content (Avg Emb),0.0,
AGYL5NSITGKWJJK3AY2GLQJM3XQQ,Last-Item,0.0,
AGYL5NSITGKWJJK3AY2GLQJM3XQQ,Avg-Last-10,0.0,
AGYL5NSITGKWJJK3AY2GLQJM3XQQ,Recency-Weighted,0.0,
AGYL5NSITGKWJJK3AY2GLQJM3XQQ,Essence (K=10),0.0,
AGYOVB6DL4OKVHK3ZOOVDYGXBJSA,Random,0.0,0.0
AGYOVB6DL4OKVHK3ZOOVDYGXBJSA,Popularity,0.0,0.0
AGYOVB6DL4OKVHK3ZOOVDYGXBJSA,CF (ItemKNN),0.0,0.0
AGYOVB6DL4OKVHK3ZOOVDYGXBJSA,Content (Avg Emb),0.0,0.0
AGYOVB6DL4OKVHK3ZOOVDYGXBJSA,Last-Item,0.0,0.0
AGYOVB6DL4OKVHK3ZOOVDYGXBJSA,Avg-Last-10,0.0,0.0
AGYOVB6DL4OKVHK3ZOOVDYGXBJSA,Recency-Weighted,0.0,0.0
AGYOVB6DL4OKVHK3ZOOVDYGXBJSA,Essence (K=10),0.0,0.0
AGYRYYHZWDTCATIFFI62QU7JODSQ,Random,0.0,0.0
AGYRYYHZWDTCATIFFI62QU7JODSQ,Popularity,0.0,0.0
AGYRYYHZWDTCATIFFI62QU7JODSQ,CF (ItemKNN),0.0,0.0
AGYRYYHZWDTCATIFFI62QU7JODSQ,Content (Avg Emb),0.0,0.0
AGYRYYHZWDTCATIFFI62QU7JODSQ,Last-Item,0.0,0.0
AGYRYYHZWDTCATIFFI62QU7JODSQ,Avg-Last-10,0.0,0.0
AGYRYYHZWDTCATIFFI62QU7JODSQ,Recency-Weighted,0.0,0.0
AGYRYYHZWDTCATIFFI62QU7JODSQ,Essence (K=10),0.0,0.0
AGYSJ52I7SYO4VTNLF3LC5Q7LFOQ,Random,0.0,0.0
AGYSJ52I7SYO4VTNLF3LC5Q7LFOQ,Popularity,0.0,0.0
AGYSJ52I7SYO4VTNLF3LC5Q7LFOQ,CF (ItemKNN),0.0,0.0
AGYSJ52I7SYO4VTNLF3LC5Q7LFOQ,Content (Avg Emb),0.0,0.0
AGYSJ52I7SYO4VTNLF3LC5Q7LFOQ,Last-Item,0.0,0.0
AGYSJ52I7SYO4VTNLF3LC5Q7LFOQ,Avg-Last-10,0.0,0.0
AGYSJ52I7SYO4VTNLF3LC5Q7LFOQ,Recency-Weighted,0.0,0.0
AGYSJ52I7SYO4VTNLF3LC5Q7LFOQ,Essence (K=10),0.0,0.0
AGYST754ESSW7JBJLM6GODLOZM7Q,Random,0.0,
AGYST754ESSW7JBJLM6GODLOZM7Q,Popularity,0.0,
AGYST754ESSW7JBJLM6GODLOZM7Q,CF (ItemKNN),0.0,
AGYST754ESSW7JBJLM6GODLOZM7Q,Content (Avg Emb),0.0,
AGYST754ESSW7JBJLM6GODLOZM7Q,Last-Item,0.25,
AGYST754ESSW7JBJLM6GODLOZM7Q,Avg-Last-10,0.0,
AGYST754ESSW7JBJLM6GODLOZM7Q,Recency-Weighted,0.0,
AGYST754ESSW7JBJLM6GODLOZM7Q,Essence (K=10),0.0,
AGYWGQQLVHNLML5KDHM3ORFKP2VQ,Random,0.0,
AGYWGQQLVHNLML5KDHM3ORFKP2VQ,Popularity,0.0,
AGYWGQQLVHNLML5KDHM3ORFKP2VQ,CF (ItemKNN),0.0,
AGYWGQQLVHNLML5KDHM3ORFKP2VQ,Content (Avg Emb),0.0,
AGYWGQQLVHNLML5KDHM3ORFKP2VQ,Last-Item,0.0,
AGYWGQQLVHNLML5KDHM3ORFKP2VQ,Avg-Last-10,0.0,
AGYWGQQLVHNLML5KDHM3ORFKP2VQ,Recency-Weighted,0.0,
AGYWGQQLVHNLML5KDHM3ORFKP2VQ,Essence (K=10),0.0,
AGYX4N2Z3XFXKUMG5GMUZRXHMWBQ,Random,0.0,0.0
AGYX4N2Z3XFXKUMG5GMUZRXHMWBQ,Popularity,0.0,0.0
AGYX4N2Z3XFXKUMG5GMUZRXHMWBQ,CF (ItemKNN),0.0,0.0
AGYX4N2Z3XFXKUMG5GMUZRXHMWBQ,Content (Avg Emb),0.0,0.0
AGYX4N2Z3XFXKUMG5GMUZRXHMWBQ,Last-Item,0.0,0.0
AGYX4N2Z3XFXKUMG5GMUZRXHMWBQ,Avg-Last-10,0.0,0.0
AGYX4N2Z3XFXKUMG5GMUZRXHMWBQ,Recency-Weighted,0.0,0.0
AGYX4N2Z3XFXKUMG5GMUZRXHMWBQ,Essence (K=10),0.0,0.0
AGYXGHTCCYTERZLP6NFI2SKW2WDA,Random,0.0,0.0
AGYXGHTCCYTERZLP6NFI2SKW2WDA,Popularity,0.0,0.0
AGYXGHTCCYTERZLP6NFI2SKW2WDA,CF (ItemKNN),0.0,0.0
AGYXGHTCCYTERZLP6NFI2SKW2WDA,Content (Avg Emb),0.0,0.0
AGYXGHTCCYTERZLP6NFI2SKW2WDA,Last-Item,0.0,0.0
AGYXGHTCCYTERZLP6NFI2SKW2WDA,Avg-Last-10,0.0,0.0
AGYXGHTCCYTERZLP6NFI2SKW2WDA,Recency-Weighted,0.0,0.0
AGYXGHTCCYTERZLP6NFI2SKW2WDA,Essence (K=10),0.0,0.0
AGYYBD7SETCW2V7UIFADWPMCI72Q,Random,0.0,0.0
AGYYBD7SETCW2V7UIFADWPMCI72Q,Popularity,0.0,0.0
AGYYBD7SETCW2V7UIFADWPMCI72Q,CF (ItemKNN),0.0,0.0
AGYYBD7SETCW2V7UIFADWPMCI72Q,Content (Avg Emb),0.0,0.0
AGYYBD7SETCW2V7UIFADWPMCI72Q,Last-Item,0.0,0.0
AGYYBD7SETCW2V7UIFADWPMCI72Q,Avg-Last-10,0.0,0.0
AGYYBD7SETCW2V7UIFADWPMCI72Q,Recency-Weighted,0.0,0.0
AGYYBD7SETCW2V7UIFADWPMCI72Q,Essence (K=10),0.0,0.0
AGYZ5QR43HF2GHE7ILZNR5YVKZ4A,Random,0.0,
AGYZ5QR43HF2GHE7ILZNR5YVKZ4A,Popularity,0.0,
AGYZ5QR43HF2GHE7ILZNR5YVKZ4A,CF (ItemKNN),0.0,
AGYZ5QR43HF2GHE7ILZNR5YVKZ4A,Content (Avg Emb),0.0,
AGYZ5QR43HF2GHE7ILZNR5YVKZ4A,Last-Item,0.0,
AGYZ5QR43HF2GHE7ILZNR5YVKZ4A,Avg-Last-10,0.0,
AGYZ5QR43HF2GHE7ILZNR5YVKZ4A,Recency-Weighted,0.0,
AGYZ5QR43HF2GHE7ILZNR5YVKZ4A,Essence (K=10),0.0,
AGYZDO2CJSEHF7SZZUTUVX5CUZZA,Random,0.0,
AGYZDO2CJSEHF7SZZUTUVX5CUZZA,Popularity,0.0,
AGYZDO2CJSEHF7SZZUTUVX5CUZZA,CF (ItemKNN),0.0,
AGYZDO2CJSEHF7SZZUTUVX5CUZZA,Content (Avg Emb),0.0,
AGYZDO2CJSEHF7SZZUTUVX5CUZZA,Last-Item,0.0,
AGYZDO2CJSEHF7SZZUTUVX5CUZZA,Avg-Last-10,0.0,
AGYZDO2CJSEHF7SZZUTUVX5CUZZA,Recency-Weighted,0.0,
AGYZDO2CJSEHF7SZZUTUVX5CUZZA,Essence (K=10),0.0,
AGZ2DTEN6HBCFHOF6RPILD5S4USQ,Random,0.0,0.0
AGZ2DTEN6HBCFHOF6RPILD5S4USQ,Popularity,0.0,0.0
AGZ2DTEN6HBCFHOF6RPILD5S4USQ,CF (ItemKNN),0.0,0.0
AGZ2DTEN6HBCFHOF6RPILD5S4USQ,Content (Avg Emb),0.0,0.0
AGZ2DTEN6HBCFHOF6RPILD5S4USQ,Last-Item,0.0,0.0
AGZ2DTEN6HBCFHOF6RPILD5S4USQ,Avg-Last-10,0.0,0.0
AGZ2DTEN6HBCFHOF6RPILD5S4USQ,Recency-Weighted,0.0,0.0
AGZ2DTEN6HBCFHOF6RPILD5S4USQ,Essence (K=10),0.0,0.0
AGZAVF3E5GYFQ74PCFA2ABFGF3HA,Random,0.0,
AGZAVF3E5GYFQ74PCFA2ABFGF3HA,Popularity,0.0,
AGZAVF3E5GYFQ74PCFA2ABFGF3HA,CF (ItemKNN),0.0,
AGZAVF3E5GYFQ74PCFA2ABFGF3HA,Content (Avg Emb),0.0,
AGZAVF3E5GYFQ74PCFA2ABFGF3HA,Last-Item,0.0,
AGZAVF3E5GYFQ74PCFA2ABFGF3HA,Avg-Last-10,0.0,
AGZAVF3E5GYFQ74PCFA2ABFGF3HA,Recency-Weighted,0.0,
AGZAVF3E5GYFQ74PCFA2ABFGF3HA,Essence (K=10),0.0,
AGZAXZ66C5ZGS2VEC7HTYP6T4QCA,Random,0.0,0.0
AGZAXZ66C5ZGS2VEC7HTYP6T4QCA,Popularity,0.0,0.0
AGZAXZ66C5ZGS2VEC7HTYP6T4QCA,CF (ItemKNN),0.0,0.0
AGZAXZ66C5ZGS2VEC7HTYP6T4QCA,Content (Avg Emb),0.0,0.0
AGZAXZ66C5ZGS2VEC7HTYP6T4QCA,Last-Item,0.0,0.0
AGZAXZ66C5ZGS2VEC7HTYP6T4QCA,Avg-Last-10,0.0,0.0
AGZAXZ66C5ZGS2VEC7HTYP6T4QCA,Recency-Weighted,0.0,0.0
AGZAXZ66C5ZGS2VEC7HTYP6T4QCA,Essence (K=10),0.0,0.0
AGZEFCKA6AEG54A2PRHKPY5XTMWA,Random,0.0,0.0
AGZEFCKA6AEG54A2PRHKPY5XTMWA,Popularity,0.0,0.0
AGZEFCKA6AEG54A2PRHKPY5XTMWA,CF (ItemKNN),0.0,0.0
AGZEFCKA6AEG54A2PRHKPY5XTMWA,Content (Avg Emb),0.0,0.0
AGZEFCKA6AEG54A2PRHKPY5XTMWA,Last-Item,0.0,0.0
AGZEFCKA6AEG54A2PRHKPY5XTMWA,Avg-Last-10,0.0,0.0
AGZEFCKA6AEG54A2PRHKPY5XTMWA,Recency-Weighted,0.0,0.0
AGZEFCKA6AEG54A2PRHKPY5XTMWA,Essence (K=10),0.0,0.0
AGZRUFPPFCO7TOG6XIHV334HUVPQ,Random,0.0,0.0
AGZRUFPPFCO7TOG6XIHV334HUVPQ,Popularity,0.0,0.0
AGZRUFPPFCO7TOG6XIHV334HUVPQ,CF (ItemKNN),0.0,0.0
AGZRUFPPFCO7TOG6XIHV334HUVPQ,Content (Avg Emb),0.0,0.0
AGZRUFPPFCO7TOG6XIHV334HUVPQ,Last-Item,0.0,0.0
AGZRUFPPFCO7TOG6XIHV334HUVPQ,Avg-Last-10,0.0,0.0
AGZRUFPPFCO7TOG6XIHV334HUVPQ,Recency-Weighted,0.0,0.0
AGZRUFPPFCO7TOG6XIHV334HUVPQ,Essence (K=10),0.0,0.0
AGZSPYRXAWXLISFZJLQUHW7Z2F2Q,Random,0.0,0.0
AGZSPYRXAWXLISFZJLQUHW7Z2F2Q,Popularity,0.0,0.0
AGZSPYRXAWXLISFZJLQUHW7Z2F2Q,CF (ItemKNN),0.0,0.0
AGZSPYRXAWXLISFZJLQUHW7Z2F2Q,Content (Avg Emb),0.0,0.0
AGZSPYRXAWXLISFZJLQUHW7Z2F2Q,Last-Item,0.0,0.0
AGZSPYRXAWXLISFZJLQUHW7Z2F2Q,Avg-Last-10,0.0,0.0
AGZSPYRXAWXLISFZJLQUHW7Z2F2Q,Recency-Weighted,0.0,0.0
AGZSPYRXAWXLISFZJLQUHW7Z2F2Q,Essence (K=10),0.0,0.0
AGZVU422BJSTXGZIMCFK74SC422A,Random,0.0,0.0
AGZVU422BJSTXGZIMCFK74SC422A,Popularity,0.0,0.0
AGZVU422BJSTXGZIMCFK74SC422A,CF (ItemKNN),0.0,0.0
AGZVU422BJSTXGZIMCFK74SC422A,Content (Avg Emb),0.0,0.0
AGZVU422BJSTXGZIMCFK74SC422A,Last-Item,0.0,0.0
AGZVU422BJSTXGZIMCFK74SC422A,Avg-Last-10,0.0,0.0
AGZVU422BJSTXGZIMCFK74SC422A,Recency-Weighted,0.0,0.0
AGZVU422BJSTXGZIMCFK74SC422A,Essence (K=10),0.0,0.0
AGZXYNPEMKHQYNZ5Z6ZG6XGJ2R2Q,Random,0.0,0.0
AGZXYNPEMKHQYNZ5Z6ZG6XGJ2R2Q,Popularity,0.041666666666666664,0.0
AGZXYNPEMKHQYNZ5Z6ZG6XGJ2R2Q,CF (ItemKNN),0.041666666666666664,0.0
AGZXYNPEMKHQYNZ5Z6ZG6XGJ2R2Q,Content (Avg Emb),0.0,0.0
AGZXYNPEMKHQYNZ5Z6ZG6XGJ2R2Q,Last-Item,0.0,0.0
AGZXYNPEMKHQYNZ5Z6ZG6XGJ2R2Q,Avg-Last-10,0.0,0.0
AGZXYNPEMKHQYNZ5Z6ZG6XGJ2R2Q,Recency-Weighted,0.0,0.0
AGZXYNPEMKHQYNZ5Z6ZG6XGJ2R2Q,Essence (K=10),0.0,0.0
AGZYBKTJUQVEAEYEO4NCPYDXD62A,Random,0.0,0.0
AGZYBKTJUQVEAEYEO4NCPYDXD62A,Popularity,0.0,0.0
AGZYBKTJUQVEAEYEO4NCPYDXD62A,CF (ItemKNN),0.0,0.0
AGZYBKTJUQVEAEYEO4NCPYDXD62A,Content (Avg Emb),0.0,0.0
AGZYBKTJUQVEAEYEO4NCPYDXD62A,Last-Item,0.0,0.0
AGZYBKTJUQVEAEYEO4NCPYDXD62A,Avg-Last-10,0.0,0.0
AGZYBKTJUQVEAEYEO4NCPYDXD62A,Recency-Weighted,0.0,0.0
AGZYBKTJUQVEAEYEO4NCPYDXD62A,Essence (K=10),0.0,0.0
AH22EHITJGIGCSP3OISXP4U2T6XQ,Random,0.0,0.0
AH22EHITJGIGCSP3OISXP4U2T6XQ,Popularity,0.0,0.0
AH22EHITJGIGCSP3OISXP4U2T6XQ,CF (ItemKNN),0.0,0.0
AH22EHITJGIGCSP3OISXP4U2T6XQ,Content (Avg Emb),0.0,0.0
AH22EHITJGIGCSP3OISXP4U2T6XQ,Last-Item,0.0,0.0
AH22EHITJGIGCSP3OISXP4U2T6XQ,Avg-Last-10,0.0,0.0
AH22EHITJGIGCSP3OISXP4U2T6XQ,Recency-Weighted,0.0,0.0
AH22EHITJGIGCSP3OISXP4U2T6XQ,Essence (K=10),0.0,0.0
AH2AIFKUF6WU53IB3MW7S6OGJDLQ,Random,0.0,0.0
AH2AIFKUF6WU53IB3MW7S6OGJDLQ,Popularity,0.0,0.0
AH2AIFKUF6WU53IB3MW7S6OGJDLQ,CF (ItemKNN),0.0,0.0
AH2AIFKUF6WU53IB3MW7S6OGJDLQ,Content (Avg Emb),0.0,0.0
AH2AIFKUF6WU53IB3MW7S6OGJDLQ,Last-Item,0.0,0.0
AH2AIFKUF6WU53IB3MW7S6OGJDLQ,Avg-Last-10,0.0,0.0
AH2AIFKUF6WU53IB3MW7S6OGJDLQ,Recency-Weighted,0.03125,0.0
AH2AIFKUF6WU53IB3MW7S6OGJDLQ,Essence (K=10),0.0,0.0
AH2ALQPVQJZC4J2ZS4WDS335ESHQ,Random,0.0,
AH2ALQPVQJZC4J2ZS4WDS335ESHQ,Popularity,0.0,
AH2ALQPVQJZC4J2ZS4WDS335ESHQ,CF (ItemKNN),0.0,
AH2ALQPVQJZC4J2ZS4WDS335ESHQ,Content (Avg Emb),0.0,
AH2ALQPVQJZC4J2ZS4WDS335ESHQ,Last-Item,0.0,
AH2ALQPVQJZC4J2ZS4WDS335ESHQ,Avg-Last-10,0.0,
AH2ALQPVQJZC4J2ZS4WDS335ESHQ,Recency-Weighted,0.0,
AH2ALQPVQJZC4J2ZS4WDS335ESHQ,Essence (K=10),0.0,
AH2EGZ2VJCGBFAUDSQQNEMTPUEKQ,Random,0.0,0.0
AH2EGZ2VJCGBFAUDSQQNEMTPUEKQ,Popularity,0.0,0.0
AH2EGZ2VJCGBFAUDSQQNEMTPUEKQ,CF (ItemKNN),0.0,0.0
AH2EGZ2VJCGBFAUDSQQNEMTPUEKQ,Content (Avg Emb),0.0,0.0
AH2EGZ2VJCGBFAUDSQQNEMTPUEKQ,Last-Item,0.0,0.0
AH2EGZ2VJCGBFAUDSQQNEMTPUEKQ,Avg-Last-10,0.0,0.0
AH2EGZ2VJCGBFAUDSQQNEMTPUEKQ,Recency-Weighted,0.0,0.0
AH2EGZ2VJCGBFAUDSQQNEMTPUEKQ,Essence (K=10),0.0,0.0
AH2F7ICQCAFJ2PQ2W3WGHY2GGMHQ,Random,0.0,0.0
AH2F7ICQCAFJ2PQ2W3WGHY2GGMHQ,Popularity,0.0,0.0
AH2F7ICQCAFJ2PQ2W3WGHY2GGMHQ,CF (ItemKNN),0.0,0.0
AH2F7ICQCAFJ2PQ2W3WGHY2GGMHQ,Content (Avg Emb),0.21428571428571427,0.0
AH2F7ICQCAFJ2PQ2W3WGHY2GGMHQ,Last-Item,0.0,0.0
AH2F7ICQCAFJ2PQ2W3WGHY2GGMHQ,Avg-Last-10,0.35714285714285715,0.0
AH2F7ICQCAFJ2PQ2W3WGHY2GGMHQ,Recency-Weighted,0.35714285714285715,0.0
AH2F7ICQCAFJ2PQ2W3WGHY2GGMHQ,Essence (K=10),0.42857142857142855,0.0
AH2HJKASRSSBF4ZAC3TSCDCPZN6Q,Random,0.0,0.0
AH2HJKASRSSBF4ZAC3TSCDCPZN6Q,Popularity,0.0,0.0
AH2HJKASRSSBF4ZAC3TSCDCPZN6Q,CF (ItemKNN),0.0,0.0
AH2HJKASRSSBF4ZAC3TSCDCPZN6Q,Content (Avg Emb),0.0,0.0
AH2HJKASRSSBF4ZAC3TSCDCPZN6Q,Last-Item,0.0,0.0
AH2HJKASRSSBF4ZAC3TSCDCPZN6Q,Avg-Last-10,0.0,0.0
AH2HJKASRSSBF4ZAC3TSCDCPZN6Q,Recency-Weighted,0.0,0.0
AH2HJKASRSSBF4ZAC3TSCDCPZN6Q,Essence (K=10),0.0,0.0
AH2IQ7EYBIEZKPDQUH7R7TYOCLQA,Random,0.0,
AH2IQ7EYBIEZKPDQUH7R7TYOCLQA,Popularity,0.0,
AH2IQ7EYBIEZKPDQUH7R7TYOCLQA,CF (ItemKNN),0.0,
AH2IQ7EYBIEZKPDQUH7R7TYOCLQA,Content (Avg Emb),0.0,
AH2IQ7EYBIEZKPDQUH7R7TYOCLQA,Last-Item,0.0,
AH2IQ7EYBIEZKPDQUH7R7TYOCLQA,Avg-Last-10,0.0,
AH2IQ7EYBIEZKPDQUH7R7TYOCLQA,Recency-Weighted,0.0,
AH2IQ7EYBIEZKPDQUH7R7TYOCLQA,Essence (K=10),0.0,
AH2K6HG5HTYJXPU5YQWJFXTEOPYQ,Random,0.0,0.0
AH2K6HG5HTYJXPU5YQWJFXTEOPYQ,Popularity,0.0,0.0
AH2K6HG5HTYJXPU5YQWJFXTEOPYQ,CF (ItemKNN),0.0,0.0
AH2K6HG5HTYJXPU5YQWJFXTEOPYQ,Content (Avg Emb),0.0,0.0
AH2K6HG5HTYJXPU5YQWJFXTEOPYQ,Last-Item,0.0,0.0
AH2K6HG5HTYJXPU5YQWJFXTEOPYQ,Avg-Last-10,0.0,0.0
AH2K6HG5HTYJXPU5YQWJFXTEOPYQ,Recency-Weighted,0.0,0.0
AH2K6HG5HTYJXPU5YQWJFXTEOPYQ,Essence (K=10),0.0,0.0
AH2KZ6E54ERO2MC3R6R5VIQKZYIA,Random,0.0,0.0
AH2KZ6E54ERO2MC3R6R5VIQKZYIA,Popularity,0.0,0.0
AH2KZ6E54ERO2MC3R6R5VIQKZYIA,CF (ItemKNN),0.0,0.0
AH2KZ6E54ERO2MC3R6R5VIQKZYIA,Content (Avg Emb),0.0,0.0
AH2KZ6E54ERO2MC3R6R5VIQKZYIA,Last-Item,0.0,0.0
AH2KZ6E54ERO2MC3R6R5VIQKZYIA,Avg-Last-10,0.0,0.0
AH2KZ6E54ERO2MC3R6R5VIQKZYIA,Recency-Weighted,0.0,0.0
AH2KZ6E54ERO2MC3R6R5VIQKZYIA,Essence (K=10),0.0,0.0
AH2LS6ML5PK2IUBQF2SIEQ47DZFA,Random,0.0,0.0
AH2LS6ML5PK2IUBQF2SIEQ47DZFA,Popularity,0.0,0.0
AH2LS6ML5PK2IUBQF2SIEQ47DZFA,CF (ItemKNN),0.0,0.0
AH2LS6ML5PK2IUBQF2SIEQ47DZFA,Content (Avg Emb),0.0,0.0
AH2LS6ML5PK2IUBQF2SIEQ47DZFA,Last-Item,0.0,0.0
AH2LS6ML5PK2IUBQF2SIEQ47DZFA,Avg-Last-10,0.0,0.0
AH2LS6ML5PK2IUBQF2SIEQ47DZFA,Recency-Weighted,0.0,0.0
AH2LS6ML5PK2IUBQF2SIEQ47DZFA,Essence (K=10),0.0,0.0
AH2PI6MULTJBPDW3YE63L7KRAE5A,Random,0.0,
AH2PI6MULTJBPDW3YE63L7KRAE5A,Popularity,0.0,
AH2PI6MULTJBPDW3YE63L7KRAE5A,CF (ItemKNN),0.0,
AH2PI6MULTJBPDW3YE63L7KRAE5A,Content (Avg Emb),0.0,
AH2PI6MULTJBPDW3YE63L7KRAE5A,Last-Item,0.0,
AH2PI6MULTJBPDW3YE63L7KRAE5A,Avg-Last-10,0.0,
AH2PI6MULTJBPDW3YE63L7KRAE5A,Recency-Weighted,0.0,
AH2PI6MULTJBPDW3YE63L7KRAE5A,Essence (K=10),0.0,
AH2PMGCQSYBXCIWINIVDCN6DGXOA,Random,0.0,0.0
AH2PMGCQSYBXCIWINIVDCN6DGXOA,Popularity,0.0,0.0
AH2PMGCQSYBXCIWINIVDCN6DGXOA,CF (ItemKNN),0.0,0.0
AH2PMGCQSYBXCIWINIVDCN6DGXOA,Content (Avg Emb),0.0,0.0
AH2PMGCQSYBXCIWINIVDCN6DGXOA,Last-Item,0.0,0.0
AH2PMGCQSYBXCIWINIVDCN6DGXOA,Avg-Last-10,0.0,0.0
AH2PMGCQSYBXCIWINIVDCN6DGXOA,Recency-Weighted,0.0,0.0
AH2PMGCQSYBXCIWINIVDCN6DGXOA,Essence (K=10),0.0,0.0
AH2SZWT26V22UY5TADC3B6QO5VAQ,Random,0.0,
AH2SZWT26V22UY5TADC3B6QO5VAQ,Popularity,0.0,
AH2SZWT26V22UY5TADC3B6QO5VAQ,CF (ItemKNN),0.0,
AH2SZWT26V22UY5TADC3B6QO5VAQ,Content (Avg Emb),0.0,
AH2SZWT26V22UY5TADC3B6QO5VAQ,Last-Item,0.0,
AH2SZWT26V22UY5TADC3B6QO5VAQ,Avg-Last-10,0.0,
AH2SZWT26V22UY5TADC3B6QO5VAQ,Recency-Weighted,0.0,
AH2SZWT26V22UY5TADC3B6QO5VAQ,Essence (K=10),0.0,
AH2ZNHUVNLCRWZXA4LSJ4PZ5MV5A,Random,0.0,0.0
AH2ZNHUVNLCRWZXA4LSJ4PZ5MV5A,Popularity,0.0,0.0
AH2ZNHUVNLCRWZXA4LSJ4PZ5MV5A,CF (ItemKNN),0.0,0.0
AH2ZNHUVNLCRWZXA4LSJ4PZ5MV5A,Content (Avg Emb),0.0,0.0
AH2ZNHUVNLCRWZXA4LSJ4PZ5MV5A,Last-Item,0.07142857142857142,0.0
AH2ZNHUVNLCRWZXA4LSJ4PZ5MV5A,Avg-Last-10,0.14285714285714285,0.0
AH2ZNHUVNLCRWZXA4LSJ4PZ5MV5A,Recency-Weighted,0.14285714285714285,0.0
AH2ZNHUVNLCRWZXA4LSJ4PZ5MV5A,Essence (K=10),0.07142857142857142,0.2
AH2ZTVTOSZ7RB4HVMQG42TYCVRMA,Random,0.0,
AH2ZTVTOSZ7RB4HVMQG42TYCVRMA,Popularity,0.0,
AH2ZTVTOSZ7RB4HVMQG42TYCVRMA,CF (ItemKNN),0.0,
AH2ZTVTOSZ7RB4HVMQG42TYCVRMA,Content (Avg Emb),0.0,
AH2ZTVTOSZ7RB4HVMQG42TYCVRMA,Last-Item,0.0,
AH2ZTVTOSZ7RB4HVMQG42TYCVRMA,Avg-Last-10,0.0,
AH2ZTVTOSZ7RB4HVMQG42TYCVRMA,Recency-Weighted,0.0,
AH2ZTVTOSZ7RB4HVMQG42TYCVRMA,Essence (K=10),0.0,
AH2ZYCDQQQATI5ERCC5HUMUBPNMQ,Random,0.0,0.0
AH2ZYCDQQQATI5ERCC5HUMUBPNMQ,Popularity,0.0,0.0
AH2ZYCDQQQATI5ERCC5HUMUBPNMQ,CF (ItemKNN),0.0,0.0
AH2ZYCDQQQATI5ERCC5HUMUBPNMQ,Content (Avg Emb),0.0,0.0
AH2ZYCDQQQATI5ERCC5HUMUBPNMQ,Last-Item,0.0,0.0
AH2ZYCDQQQATI5ERCC5HUMUBPNMQ,Avg-Last-10,0.0,0.0
AH2ZYCDQQQATI5ERCC5HUMUBPNMQ,Recency-Weighted,0.0,0.0
AH2ZYCDQQQATI5ERCC5HUMUBPNMQ,Essence (K=10),0.0,0.0
AH34A4DGETUB65SHYUFMMTY4S4ZA,Random,0.0,0.0
AH34A4DGETUB65SHYUFMMTY4S4ZA,Popularity,0.0,0.0
AH34A4DGETUB65SHYUFMMTY4S4ZA,CF (ItemKNN),0.0,0.0
AH34A4DGETUB65SHYUFMMTY4S4ZA,Content (Avg Emb),0.0,0.0
AH34A4DGETUB65SHYUFMMTY4S4ZA,Last-Item,0.0,0.0
AH34A4DGETUB65SHYUFMMTY4S4ZA,Avg-Last-10,0.0,0.0
AH34A4DGETUB65SHYUFMMTY4S4ZA,Recency-Weighted,0.0,0.0
AH34A4DGETUB65SHYUFMMTY4S4ZA,Essence (K=10),0.0,0.0
AH34OICCYDJFMQ3S2VRGVMP7SAFA,Random,0.0,0.0
AH34OICCYDJFMQ3S2VRGVMP7SAFA,Popularity,0.0,0.0
AH34OICCYDJFMQ3S2VRGVMP7SAFA,CF (ItemKNN),0.0,0.0
AH34OICCYDJFMQ3S2VRGVMP7SAFA,Content (Avg Emb),0.0,0.0
AH34OICCYDJFMQ3S2VRGVMP7SAFA,Last-Item,0.0,0.0
AH34OICCYDJFMQ3S2VRGVMP7SAFA,Avg-Last-10,0.0,0.0
AH34OICCYDJFMQ3S2VRGVMP7SAFA,Recency-Weighted,0.0,0.0
AH34OICCYDJFMQ3S2VRGVMP7SAFA,Essence (K=10),0.0,0.0
AH363RIKRTQXSKBPKEH3BBZ7MMLQ,Random,0.0,
AH363RIKRTQXSKBPKEH3BBZ7MMLQ,Popularity,0.0,
AH363RIKRTQXSKBPKEH3BBZ7MMLQ,CF (ItemKNN),0.0,
AH363RIKRTQXSKBPKEH3BBZ7MMLQ,Content (Avg Emb),0.0,
AH363RIKRTQXSKBPKEH3BBZ7MMLQ,Last-Item,0.0,
AH363RIKRTQXSKBPKEH3BBZ7MMLQ,Avg-Last-10,0.0,
AH363RIKRTQXSKBPKEH3BBZ7MMLQ,Recency-Weighted,0.0,
AH363RIKRTQXSKBPKEH3BBZ7MMLQ,Essence (K=10),0.0,
AH3CH6E7XWGKB7Y5SZ74F6YGK7FA,Random,0.0,0.0
AH3CH6E7XWGKB7Y5SZ74F6YGK7FA,Popularity,0.0,0.0
AH3CH6E7XWGKB7Y5SZ74F6YGK7FA,CF (ItemKNN),0.0,0.0
AH3CH6E7XWGKB7Y5SZ74F6YGK7FA,Content (Avg Emb),0.0,0.0
AH3CH6E7XWGKB7Y5SZ74F6YGK7FA,Last-Item,0.0,0.0
AH3CH6E7XWGKB7Y5SZ74F6YGK7FA,Avg-Last-10,0.0,0.0
AH3CH6E7XWGKB7Y5SZ74F6YGK7FA,Recency-Weighted,0.0,0.0
AH3CH6E7XWGKB7Y5SZ74F6YGK7FA,Essence (K=10),0.0,0.0
AH3G5ZPANEROGJCJCTBTLK5XRUKA,Random,0.0,0.0
AH3G5ZPANEROGJCJCTBTLK5XRUKA,Popularity,0.0,0.0
AH3G5ZPANEROGJCJCTBTLK5XRUKA,CF (ItemKNN),0.0,0.0
AH3G5ZPANEROGJCJCTBTLK5XRUKA,Content (Avg Emb),0.0,0.0
AH3G5ZPANEROGJCJCTBTLK5XRUKA,Last-Item,0.0,0.0
AH3G5ZPANEROGJCJCTBTLK5XRUKA,Avg-Last-10,0.0,0.0
AH3G5ZPANEROGJCJCTBTLK5XRUKA,Recency-Weighted,0.0,0.0
AH3G5ZPANEROGJCJCTBTLK5XRUKA,Essence (K=10),0.0,0.0
AH3O2CSJWB6QQ7OLAMA3BIA5VS3Q,Random,0.0,0.0
AH3O2CSJWB6QQ7OLAMA3BIA5VS3Q,Popularity,0.0,0.0
AH3O2CSJWB6QQ7OLAMA3BIA5VS3Q,CF (ItemKNN),0.0,0.0
AH3O2CSJWB6QQ7OLAMA3BIA5VS3Q,Content (Avg Emb),0.0,0.0
AH3O2CSJWB6QQ7OLAMA3BIA5VS3Q,Last-Item,0.0,0.0
AH3O2CSJWB6QQ7OLAMA3BIA5VS3Q,Avg-Last-10,0.0,0.0
AH3O2CSJWB6QQ7OLAMA3BIA5VS3Q,Recency-Weighted,0.0,0.0
AH3O2CSJWB6QQ7OLAMA3BIA5VS3Q,Essence (K=10),0.0,0.0
AH3TAOB7UAO2ZPSOACFD6XKEZTVA,Random,0.0,0.0
AH3TAOB7UAO2ZPSOACFD6XKEZTVA,Popularity,0.0,0.0
AH3TAOB7UAO2ZPSOACFD6XKEZTVA,CF (ItemKNN),0.0,0.0
AH3TAOB7UAO2ZPSOACFD6XKEZTVA,Content (Avg Emb),0.0,0.0
AH3TAOB7UAO2ZPSOACFD6XKEZTVA,Last-Item,0.0,0.0
AH3TAOB7UAO2ZPSOACFD6XKEZTVA,Avg-Last-10,0.0,0.0
AH3TAOB7UAO2ZPSOACFD6XKEZTVA,Recency-Weighted,0.0,0.0
AH3TAOB7UAO2ZPSOACFD6XKEZTVA,Essence (K=10),0.1,0.0
AH3YYDSBQVNKS2MGZCGWLZA6F7QA,Random,0.0,0.0
AH3YYDSBQVNKS2MGZCGWLZA6F7QA,Popularity,0.0,0.0
AH3YYDSBQVNKS2MGZCGWLZA6F7QA,CF (ItemKNN),0.0,0.0
AH3YYDSBQVNKS2MGZCGWLZA6F7QA,Content (Avg Emb),0.0,0.0
AH3YYDSBQVNKS2MGZCGWLZA6F7QA,Last-Item,0.0,0.0
AH3YYDSBQVNKS2MGZCGWLZA6F7QA,Avg-Last-10,0.0,0.0
AH3YYDSBQVNKS2MGZCGWLZA6F7QA,Recency-Weighted,0.0,0.0
AH3YYDSBQVNKS2MGZCGWLZA6F7QA,Essence (K=10),0.0,0.0
AH3YZ7FDUOKMDSZQWBOZUJRIWWBQ,Random,0.0,0.0
AH3YZ7FDUOKMDSZQWBOZUJRIWWBQ,Popularity,0.0,0.0
AH3YZ7FDUOKMDSZQWBOZUJRIWWBQ,CF (ItemKNN),0.0,0.0
AH3YZ7FDUOKMDSZQWBOZUJRIWWBQ,Content (Avg Emb),0.2,0.0
AH3YZ7FDUOKMDSZQWBOZUJRIWWBQ,Last-Item,0.2,0.0
AH3YZ7FDUOKMDSZQWBOZUJRIWWBQ,Avg-Last-10,0.4,0.0
AH3YZ7FDUOKMDSZQWBOZUJRIWWBQ,Recency-Weighted,0.4,0.0
AH3YZ7FDUOKMDSZQWBOZUJRIWWBQ,Essence (K=10),0.0,0.0
AH44KQDN2CA2ROLPHD53I5B535NQ,Random,0.0,0.0
AH44KQDN2CA2ROLPHD53I5B535NQ,Popularity,0.0,0.0
AH44KQDN2CA2ROLPHD53I5B535NQ,CF (ItemKNN),0.0,0.0
AH44KQDN2CA2ROLPHD53I5B535NQ,Content (Avg Emb),0.0,0.0
AH44KQDN2CA2ROLPHD53I5B535NQ,Last-Item,0.0,0.0
AH44KQDN2CA2ROLPHD53I5B535NQ,Avg-Last-10,0.0,0.0
AH44KQDN2CA2ROLPHD53I5B535NQ,Recency-Weighted,0.0,0.0
AH44KQDN2CA2ROLPHD53I5B535NQ,Essence (K=10),0.0,0.0
AH46IVWUCWCO7XWPC7WBLGQO2EUA,Random,0.0,0.0
AH46IVWUCWCO7XWPC7WBLGQO2EUA,Popularity,0.0,0.0
AH46IVWUCWCO7XWPC7WBLGQO2EUA,CF (ItemKNN),0.0,0.0
AH46IVWUCWCO7XWPC7WBLGQO2EUA,Content (Avg Emb),0.0,0.0
AH46IVWUCWCO7XWPC7WBLGQO2EUA,Last-Item,0.16666666666666666,0.0
AH46IVWUCWCO7XWPC7WBLGQO2EUA,Avg-Last-10,0.0,0.0
AH46IVWUCWCO7XWPC7WBLGQO2EUA,Recency-Weighted,0.0,0.0
AH46IVWUCWCO7XWPC7WBLGQO2EUA,Essence (K=10),0.16666666666666666,0.0
AH47IN4QKA2NTAPUJIZJ7Q2TVJIA,Random,0.0,
AH47IN4QKA2NTAPUJIZJ7Q2TVJIA,Popularity,0.0,
AH47IN4QKA2NTAPUJIZJ7Q2TVJIA,CF (ItemKNN),0.0,
AH47IN4QKA2NTAPUJIZJ7Q2TVJIA,Content (Avg Emb),0.0,
AH47IN4QKA2NTAPUJIZJ7Q2TVJIA,Last-Item,0.0,
AH47IN4QKA2NTAPUJIZJ7Q2TVJIA,Avg-Last-10,0.0,
AH47IN4QKA2NTAPUJIZJ7Q2TVJIA,Recency-Weighted,0.0,
AH47IN4QKA2NTAPUJIZJ7Q2TVJIA,Essence (K=10),0.0,
AH4AHYLUKSLWIBFV6HWWQNOQBUHQ,Random,0.0,0.0
AH4AHYLUKSLWIBFV6HWWQNOQBUHQ,Popularity,0.0,0.0
AH4AHYLUKSLWIBFV6HWWQNOQBUHQ,CF (ItemKNN),0.0,0.0
AH4AHYLUKSLWIBFV6HWWQNOQBUHQ,Content (Avg Emb),0.0,0.0
AH4AHYLUKSLWIBFV6HWWQNOQBUHQ,Last-Item,0.05714285714285714,0.14285714285714285
AH4AHYLUKSLWIBFV6HWWQNOQBUHQ,Avg-Last-10,0.0,0.0
AH4AHYLUKSLWIBFV6HWWQNOQBUHQ,Recency-Weighted,0.0,0.0
AH4AHYLUKSLWIBFV6HWWQNOQBUHQ,Essence (K=10),0.0,0.0
AH4AQCEHAPR5FVX6NNJJBHINDD4A,Random,0.0,
AH4AQCEHAPR5FVX6NNJJBHINDD4A,Popularity,0.2,
AH4AQCEHAPR5FVX6NNJJBHINDD4A,CF (ItemKNN),0.0,
AH4AQCEHAPR5FVX6NNJJBHINDD4A,Content (Avg Emb),0.0,
AH4AQCEHAPR5FVX6NNJJBHINDD4A,Last-Item,0.2,
AH4AQCEHAPR5FVX6NNJJBHINDD4A,Avg-Last-10,0.0,
AH4AQCEHAPR5FVX6NNJJBHINDD4A,Recency-Weighted,0.0,
AH4AQCEHAPR5FVX6NNJJBHINDD4A,Essence (K=10),0.0,
AH4BWAHQMXIFDTXFQXK5P7EICR5Q,Random,0.0,0.0
AH4BWAHQMXIFDTXFQXK5P7EICR5Q,Popularity,0.0,0.0
AH4BWAHQMXIFDTXFQXK5P7EICR5Q,CF (ItemKNN),0.0,0.0
AH4BWAHQMXIFDTXFQXK5P7EICR5Q,Content (Avg Emb),0.16666666666666666,1.0
AH4BWAHQMXIFDTXFQXK5P7EICR5Q,Last-Item,0.0,0.0
AH4BWAHQMXIFDTXFQXK5P7EICR5Q,Avg-Last-10,0.16666666666666666,1.0
AH4BWAHQMXIFDTXFQXK5P7EICR5Q,Recency-Weighted,0.0,0.0
AH4BWAHQMXIFDTXFQXK5P7EICR5Q,Essence (K=10),0.0,0.0
AH4BZ4FDW3AZ5GCXF4QVFHKMF6PQ,Random,0.0,
AH4BZ4FDW3AZ5GCXF4QVFHKMF6PQ,Popularity,0.0,
AH4BZ4FDW3AZ5GCXF4QVFHKMF6PQ,CF (ItemKNN),0.0,
AH4BZ4FDW3AZ5GCXF4QVFHKMF6PQ,Content (Avg Emb),0.75,
AH4BZ4FDW3AZ5GCXF4QVFHKMF6PQ,Last-Item,0.75,
AH4BZ4FDW3AZ5GCXF4QVFHKMF6PQ,Avg-Last-10,0.625,
AH4BZ4FDW3AZ5GCXF4QVFHKMF6PQ,Recency-Weighted,0.75,
AH4BZ4FDW3AZ5GCXF4QVFHKMF6PQ,Essence (K=10),0.0,
AH4DMFEW6RMPAA5KP34TBNNKEGJA,Random,0.0,
AH4DMFEW6RMPAA5KP34TBNNKEGJA,Popularity,0.0,
AH4DMFEW6RMPAA5KP34TBNNKEGJA,CF (ItemKNN),0.0,
AH4DMFEW6RMPAA5KP34TBNNKEGJA,Content (Avg Emb),0.0,
AH4DMFEW6RMPAA5KP34TBNNKEGJA,Last-Item,0.0,
AH4DMFEW6RMPAA5KP34TBNNKEGJA,Avg-Last-10,0.0,
AH4DMFEW6RMPAA5KP34TBNNKEGJA,Recency-Weighted,0.0,
AH4DMFEW6RMPAA5KP34TBNNKEGJA,Essence (K=10),0.0,
AH4EBMZHFC35ZXBR6YQJVHXUHBXQ,Random,0.0,0.0
AH4EBMZHFC35ZXBR6YQJVHXUHBXQ,Popularity,0.0,0.0
AH4EBMZHFC35ZXBR6YQJVHXUHBXQ,CF (ItemKNN),0.0,0.0
AH4EBMZHFC35ZXBR6YQJVHXUHBXQ,Content (Avg Emb),0.0,0.0
AH4EBMZHFC35ZXBR6YQJVHXUHBXQ,Last-Item,0.0,0.0
AH4EBMZHFC35ZXBR6YQJVHXUHBXQ,Avg-Last-10,0.0,0.0
AH4EBMZHFC35ZXBR6YQJVHXUHBXQ,Recency-Weighted,0.0,0.0
AH4EBMZHFC35ZXBR6YQJVHXUHBXQ,Essence (K=10),0.0,0.0
AH4EYV43NNGDPXX4FZKB3BHWHEOQ,Random,0.0,
AH4EYV43NNGDPXX4FZKB3BHWHEOQ,Popularity,0.0,
AH4EYV43NNGDPXX4FZKB3BHWHEOQ,CF (ItemKNN),0.0,
AH4EYV43NNGDPXX4FZKB3BHWHEOQ,Content (Avg Emb),0.0,
AH4EYV43NNGDPXX4FZKB3BHWHEOQ,Last-Item,0.0,
AH4EYV43NNGDPXX4FZKB3BHWHEOQ,Avg-Last-10,0.0,
AH4EYV43NNGDPXX4FZKB3BHWHEOQ,Recency-Weighted,0.0,
AH4EYV43NNGDPXX4FZKB3BHWHEOQ,Essence (K=10),0.0,
AH4KGDR5E6PPVJI6MYFWP6XV4XRA,Random,0.0,
AH4KGDR5E6PPVJI6MYFWP6XV4XRA,Popularity,0.0,
AH4KGDR5E6PPVJI6MYFWP6XV4XRA,CF (ItemKNN),0.0,
AH4KGDR5E6PPVJI6MYFWP6XV4XRA,Content (Avg Emb),0.0,
AH4KGDR5E6PPVJI6MYFWP6XV4XRA,Last-Item,0.0,
AH4KGDR5E6PPVJI6MYFWP6XV4XRA,Avg-Last-10,0.0,
AH4KGDR5E6PPVJI6MYFWP6XV4XRA,Recency-Weighted,0.0,
AH4KGDR5E6PPVJI6MYFWP6XV4XRA,Essence (K=10),0.0,
AH4LRMVYCV5LX3DYYT6EUFEYOMHQ,Random,0.0,0.0
AH4LRMVYCV5LX3DYYT6EUFEYOMHQ,Popularity,0.0,0.0
AH4LRMVYCV5LX3DYYT6EUFEYOMHQ,CF (ItemKNN),0.0,0.0
AH4LRMVYCV5LX3DYYT6EUFEYOMHQ,Content (Avg Emb),0.0,0.0
AH4LRMVYCV5LX3DYYT6EUFEYOMHQ,Last-Item,0.0,0.0
AH4LRMVYCV5LX3DYYT6EUFEYOMHQ,Avg-Last-10,0.0,0.0
AH4LRMVYCV5LX3DYYT6EUFEYOMHQ,Recency-Weighted,0.0,0.0
AH4LRMVYCV5LX3DYYT6EUFEYOMHQ,Essence (K=10),0.0,0.0
AH4NCNUK3E2EKSD5FISGWUAFTCZQ,Random,0.0,
AH4NCNUK3E2EKSD5FISGWUAFTCZQ,Popularity,0.0,
AH4NCNUK3E2EKSD5FISGWUAFTCZQ,CF (ItemKNN),0.0,
AH4NCNUK3E2EKSD5FISGWUAFTCZQ,Content (Avg Emb),0.0,
AH4NCNUK3E2EKSD5FISGWUAFTCZQ,Last-Item,0.0,
AH4NCNUK3E2EKSD5FISGWUAFTCZQ,Avg-Last-10,0.0,
AH4NCNUK3E2EKSD5FISGWUAFTCZQ,Recency-Weighted,0.0,
AH4NCNUK3E2EKSD5FISGWUAFTCZQ,Essence (K=10),0.0,
AH4OQXN77VLA7UPTMZPOS7EDYGBA,Random,0.0,0.0
AH4OQXN77VLA7UPTMZPOS7EDYGBA,Popularity,0.0,0.0
AH4OQXN77VLA7UPTMZPOS7EDYGBA,CF (ItemKNN),0.0,0.0
AH4OQXN77VLA7UPTMZPOS7EDYGBA,Content (Avg Emb),0.0,0.0
AH4OQXN77VLA7UPTMZPOS7EDYGBA,Last-Item,0.0,0.0
AH4OQXN77VLA7UPTMZPOS7EDYGBA,Avg-Last-10,0.0,0.0
AH4OQXN77VLA7UPTMZPOS7EDYGBA,Recency-Weighted,0.0,0.0
AH4OQXN77VLA7UPTMZPOS7EDYGBA,Essence (K=10),0.0,0.0
AH4OWHQ2BRCGIQPZEGVBHBOZNFYQ,Random,0.0,0.0
AH4OWHQ2BRCGIQPZEGVBHBOZNFYQ,Popularity,0.0,0.0
AH4OWHQ2BRCGIQPZEGVBHBOZNFYQ,CF (ItemKNN),0.0,0.0
AH4OWHQ2BRCGIQPZEGVBHBOZNFYQ,Content (Avg Emb),0.0,0.0
AH4OWHQ2BRCGIQPZEGVBHBOZNFYQ,Last-Item,0.0,0.0
AH4OWHQ2BRCGIQPZEGVBHBOZNFYQ,Avg-Last-10,0.0,0.0
AH4OWHQ2BRCGIQPZEGVBHBOZNFYQ,Recency-Weighted,0.0,0.0
AH4OWHQ2BRCGIQPZEGVBHBOZNFYQ,Essence (K=10),0.0,0.0
AH4PA43TME2YUJ2P4CR3T3HOKJ7Q,Random,0.0,
AH4PA43TME2YUJ2P4CR3T3HOKJ7Q,Popularity,0.0,
AH4PA43TME2YUJ2P4CR3T3HOKJ7Q,CF (ItemKNN),0.0,
AH4PA43TME2YUJ2P4CR3T3HOKJ7Q,Content (Avg Emb),0.0,
AH4PA43TME2YUJ2P4CR3T3HOKJ7Q,Last-Item,0.0,
AH4PA43TME2YUJ2P4CR3T3HOKJ7Q,Avg-Last-10,0.0,
AH4PA43TME2YUJ2P4CR3T3HOKJ7Q,Recency-Weighted,0.0,
AH4PA43TME2YUJ2P4CR3T3HOKJ7Q,Essence (K=10),0.0,
AH4TCDFT7623OBB5JRU7KWL372HA,Random,0.0,0.0
AH4TCDFT7623OBB5JRU7KWL372HA,Popularity,0.0,0.0
AH4TCDFT7623OBB5JRU7KWL372HA,CF (ItemKNN),0.0,0.0
AH4TCDFT7623OBB5JRU7KWL372HA,Content (Avg Emb),0.0,0.0
AH4TCDFT7623OBB5JRU7KWL372HA,Last-Item,0.0,0.0
AH4TCDFT7623OBB5JRU7KWL372HA,Avg-Last-10,0.0,0.0
AH4TCDFT7623OBB5JRU7KWL372HA,Recency-Weighted,0.0,0.0
AH4TCDFT7623OBB5JRU7KWL372HA,Essence (K=10),0.0,0.0
AH4URT6TA5XGHT4OQ3ARCZHH2E6A,Random,0.0,0.0
AH4URT6TA5XGHT4OQ3ARCZHH2E6A,Popularity,0.0,0.0
AH4URT6TA5XGHT4OQ3ARCZHH2E6A,CF (ItemKNN),0.0,0.0
AH4URT6TA5XGHT4OQ3ARCZHH2E6A,Content (Avg Emb),0.0,0.0
AH4URT6TA5XGHT4OQ3ARCZHH2E6A,Last-Item,0.0,0.0
AH4URT6TA5XGHT4OQ3ARCZHH2E6A,Avg-Last-10,0.0,0.0
AH4URT6TA5XGHT4OQ3ARCZHH2E6A,Recency-Weighted,0.0,0.0
AH4URT6TA5XGHT4OQ3ARCZHH2E6A,Essence (K=10),0.16666666666666666,0.0
AH4USS4VR5D6MKMDAWE4K63EPSDQ,Random,0.0,0.0
AH4USS4VR5D6MKMDAWE4K63EPSDQ,Popularity,0.0,0.0
AH4USS4VR5D6MKMDAWE4K63EPSDQ,CF (ItemKNN),0.125,0.25
AH4USS4VR5D6MKMDAWE4K63EPSDQ,Content (Avg Emb),0.0,0.0
AH4USS4VR5D6MKMDAWE4K63EPSDQ,Last-Item,0.0,0.0
AH4USS4VR5D6MKMDAWE4K63EPSDQ,Avg-Last-10,0.0,0.0
AH4USS4VR5D6MKMDAWE4K63EPSDQ,Recency-Weighted,0.0,0.0
AH4USS4VR5D6MKMDAWE4K63EPSDQ,Essence (K=10),0.0,0.0
AH4WP2F6FRHKZQLAYPQSEGDYZHQA,Random,0.0,
AH4WP2F6FRHKZQLAYPQSEGDYZHQA,Popularity,0.0,
AH4WP2F6FRHKZQLAYPQSEGDYZHQA,CF (ItemKNN),0.0,
AH4WP2F6FRHKZQLAYPQSEGDYZHQA,Content (Avg Emb),0.0,
AH4WP2F6FRHKZQLAYPQSEGDYZHQA,Last-Item,0.0,
AH4WP2F6FRHKZQLAYPQSEGDYZHQA,Avg-Last-10,0.0,
AH4WP2F6FRHKZQLAYPQSEGDYZHQA,Recency-Weighted,0.0,
AH4WP2F6FRHKZQLAYPQSEGDYZHQA,Essence (K=10),0.0,
AH4YEL733XTZVOR7CV43I7OHZYBA,Random,0.0,0.0
AH4YEL733XTZVOR7CV43I7OHZYBA,Popularity,0.0,0.0
AH4YEL733XTZVOR7CV43I7OHZYBA,CF (ItemKNN),0.0,0.0
AH4YEL733XTZVOR7CV43I7OHZYBA,Content (Avg Emb),0.0,0.0
AH4YEL733XTZVOR7CV43I7OHZYBA,Last-Item,0.0,0.0
AH4YEL733XTZVOR7CV43I7OHZYBA,Avg-Last-10,0.0,0.0
AH4YEL733XTZVOR7CV43I7OHZYBA,Recency-Weighted,0.0,0.0
AH4YEL733XTZVOR7CV43I7OHZYBA,Essence (K=10),0.0,0.0
AH52SS6XIMNHAVJWYEKPWRQRPCPQ,Random,0.0,0.0
AH52SS6XIMNHAVJWYEKPWRQRPCPQ,Popularity,0.0,0.0
AH52SS6XIMNHAVJWYEKPWRQRPCPQ,CF (ItemKNN),0.0,0.0
AH52SS6XIMNHAVJWYEKPWRQRPCPQ,Content (Avg Emb),0.0,0.0
AH52SS6XIMNHAVJWYEKPWRQRPCPQ,Last-Item,0.0,0.0
AH52SS6XIMNHAVJWYEKPWRQRPCPQ,Avg-Last-10,0.0,0.0
AH52SS6XIMNHAVJWYEKPWRQRPCPQ,Recency-Weighted,0.0,0.0
AH52SS6XIMNHAVJWYEKPWRQRPCPQ,Essence (K=10),0.0,0.0
AH54GCMH3MDGGEY3QCENWHOJU4RQ,Random,0.0,
AH54GCMH3MDGGEY3QCENWHOJU4RQ,Popularity,0.0,
AH54GCMH3MDGGEY3QCENWHOJU4RQ,CF (ItemKNN),0.0,
AH54GCMH3MDGGEY3QCENWHOJU4RQ,Content (Avg Emb),0.0,
AH54GCMH3MDGGEY3QCENWHOJU4RQ,Last-Item,0.0,
AH54GCMH3MDGGEY3QCENWHOJU4RQ,Avg-Last-10,0.0,
AH54GCMH3MDGGEY3QCENWHOJU4RQ,Recency-Weighted,0.0,
AH54GCMH3MDGGEY3QCENWHOJU4RQ,Essence (K=10),0.0,
AH57NY2VNZMLMERUYQEXFDTCF3RQ,Random,0.0,0.0
AH57NY2VNZMLMERUYQEXFDTCF3RQ,Popularity,0.0,0.0
AH57NY2VNZMLMERUYQEXFDTCF3RQ,CF (ItemKNN),0.0,0.0
AH57NY2VNZMLMERUYQEXFDTCF3RQ,Content (Avg Emb),0.0,0.0
AH57NY2VNZMLMERUYQEXFDTCF3RQ,Last-Item,0.0,0.0
AH57NY2VNZMLMERUYQEXFDTCF3RQ,Avg-Last-10,0.0,0.0
AH57NY2VNZMLMERUYQEXFDTCF3RQ,Recency-Weighted,0.0,0.0
AH57NY2VNZMLMERUYQEXFDTCF3RQ,Essence (K=10),0.0,0.0
AH5EDLIDR7X4HZNRBZANTDKHRS3A,Random,0.0,
AH5EDLIDR7X4HZNRBZANTDKHRS3A,Popularity,0.0,
AH5EDLIDR7X4HZNRBZANTDKHRS3A,CF (ItemKNN),0.0,
AH5EDLIDR7X4HZNRBZANTDKHRS3A,Content (Avg Emb),0.0,
AH5EDLIDR7X4HZNRBZANTDKHRS3A,Last-Item,0.0,
AH5EDLIDR7X4HZNRBZANTDKHRS3A,Avg-Last-10,0.0,
AH5EDLIDR7X4HZNRBZANTDKHRS3A,Recency-Weighted,0.0,
AH5EDLIDR7X4HZNRBZANTDKHRS3A,Essence (K=10),0.0,
AH5GYIYZHE3MU6ZREAGKJFVZCIWA,Random,0.0,0.0
AH5GYIYZHE3MU6ZREAGKJFVZCIWA,Popularity,0.0,0.0
AH5GYIYZHE3MU6ZREAGKJFVZCIWA,CF (ItemKNN),0.0,0.0
AH5GYIYZHE3MU6ZREAGKJFVZCIWA,Content (Avg Emb),0.0,0.0
AH5GYIYZHE3MU6ZREAGKJFVZCIWA,Last-Item,0.0,0.0
AH5GYIYZHE3MU6ZREAGKJFVZCIWA,Avg-Last-10,0.0,0.0
AH5GYIYZHE3MU6ZREAGKJFVZCIWA,Recency-Weighted,0.0,0.0
AH5GYIYZHE3MU6ZREAGKJFVZCIWA,Essence (K=10),0.0,0.0
AH5HCJFLSCWU2PODMZCZ2AVBDWSA,Random,0.0,
AH5HCJFLSCWU2PODMZCZ2AVBDWSA,Popularity,0.0,
AH5HCJFLSCWU2PODMZCZ2AVBDWSA,CF (ItemKNN),0.0,
AH5HCJFLSCWU2PODMZCZ2AVBDWSA,Content (Avg Emb),0.0,
AH5HCJFLSCWU2PODMZCZ2AVBDWSA,Last-Item,0.0,
AH5HCJFLSCWU2PODMZCZ2AVBDWSA,Avg-Last-10,0.0,
AH5HCJFLSCWU2PODMZCZ2AVBDWSA,Recency-Weighted,0.0,
AH5HCJFLSCWU2PODMZCZ2AVBDWSA,Essence (K=10),0.0,
AH5JHRRVSESB4GIDQYZ62KH5BBZA,Random,0.0,0.0
AH5JHRRVSESB4GIDQYZ62KH5BBZA,Popularity,0.0,0.0
AH5JHRRVSESB4GIDQYZ62KH5BBZA,CF (ItemKNN),0.0,0.0
AH5JHRRVSESB4GIDQYZ62KH5BBZA,Content (Avg Emb),0.0,0.0
AH5JHRRVSESB4GIDQYZ62KH5BBZA,Last-Item,0.2,0.0
AH5JHRRVSESB4GIDQYZ62KH5BBZA,Avg-Last-10,0.0,0.0
AH5JHRRVSESB4GIDQYZ62KH5BBZA,Recency-Weighted,0.0,0.0
AH5JHRRVSESB4GIDQYZ62KH5BBZA,Essence (K=10),0.0,0.0
AH5NECIFSGCWI5VVLAU5WGMDOF5Q,Random,0.0,0.0
AH5NECIFSGCWI5VVLAU5WGMDOF5Q,Popularity,0.0,0.0
AH5NECIFSGCWI5VVLAU5WGMDOF5Q,CF (ItemKNN),0.0,0.0
AH5NECIFSGCWI5VVLAU5WGMDOF5Q,Content (Avg Emb),0.0,0.0
AH5NECIFSGCWI5VVLAU5WGMDOF5Q,Last-Item,0.0,0.0
AH5NECIFSGCWI5VVLAU5WGMDOF5Q,Avg-Last-10,0.0,0.0
AH5NECIFSGCWI5VVLAU5WGMDOF5Q,Recency-Weighted,0.0,0.0
AH5NECIFSGCWI5VVLAU5WGMDOF5Q,Essence (K=10),0.0,0.0
AH5OZYVAPLO374DQNA67WQM3YXYQ,Random,0.0,0.0
AH5OZYVAPLO374DQNA67WQM3YXYQ,Popularity,0.0,0.0
AH5OZYVAPLO374DQNA67WQM3YXYQ,CF (ItemKNN),0.0,0.0
AH5OZYVAPLO374DQNA67WQM3YXYQ,Content (Avg Emb),0.0,0.0
AH5OZYVAPLO374DQNA67WQM3YXYQ,Last-Item,0.0,0.0
AH5OZYVAPLO374DQNA67WQM3YXYQ,Avg-Last-10,0.0,0.0
AH5OZYVAPLO374DQNA67WQM3YXYQ,Recency-Weighted,0.0,0.0
AH5OZYVAPLO374DQNA67WQM3YXYQ,Essence (K=10),0.0,0.0
AH5P3MCSRDY6OWQQ73XHZY2S5GYA,Random,0.0,0.0
AH5P3MCSRDY6OWQQ73XHZY2S5GYA,Popularity,0.0,0.0
AH5P3MCSRDY6OWQQ73XHZY2S5GYA,CF (ItemKNN),0.0,0.0
AH5P3MCSRDY6OWQQ73XHZY2S5GYA,Content (Avg Emb),0.14285714285714285,0.0
AH5P3MCSRDY6OWQQ73XHZY2S5GYA,Last-Item,0.0,0.0
AH5P3MCSRDY6OWQQ73XHZY2S5GYA,Avg-Last-10,0.2857142857142857,0.0
AH5P3MCSRDY6OWQQ73XHZY2S5GYA,Recency-Weighted,0.2857142857142857,0.0
AH5P3MCSRDY6OWQQ73XHZY2S5GYA,Essence (K=10),0.14285714285714285,0.0
AH5QTTMWPNOMZUTCTFPE5LWM4NHA,Random,0.0,
AH5QTTMWPNOMZUTCTFPE5LWM4NHA,Popularity,0.0,
AH5QTTMWPNOMZUTCTFPE5LWM4NHA,CF (ItemKNN),0.0,
AH5QTTMWPNOMZUTCTFPE5LWM4NHA,Content (Avg Emb),0.0,
AH5QTTMWPNOMZUTCTFPE5LWM4NHA,Last-Item,0.0,
AH5QTTMWPNOMZUTCTFPE5LWM4NHA,Avg-Last-10,0.0,
AH5QTTMWPNOMZUTCTFPE5LWM4NHA,Recency-Weighted,0.0,
AH5QTTMWPNOMZUTCTFPE5LWM4NHA,Essence (K=10),0.0,
AH5UDCRUS5CWPAMCZ52D3IZF4R3Q,Random,0.0,
AH5UDCRUS5CWPAMCZ52D3IZF4R3Q,Popularity,0.0,
AH5UDCRUS5CWPAMCZ52D3IZF4R3Q,CF (ItemKNN),0.0,
AH5UDCRUS5CWPAMCZ52D3IZF4R3Q,Content (Avg Emb),0.0,
AH5UDCRUS5CWPAMCZ52D3IZF4R3Q,Last-Item,0.0,
AH5UDCRUS5CWPAMCZ52D3IZF4R3Q,Avg-Last-10,0.0,
AH5UDCRUS5CWPAMCZ52D3IZF4R3Q,Recency-Weighted,0.0,
AH5UDCRUS5CWPAMCZ52D3IZF4R3Q,Essence (K=10),0.0,
AH5UVFFH7E2D4KUHNOAHPZGBK3PA,Random,0.0,0.0
AH5UVFFH7E2D4KUHNOAHPZGBK3PA,Popularity,0.0,0.0
AH5UVFFH7E2D4KUHNOAHPZGBK3PA,CF (ItemKNN),0.0,0.0
AH5UVFFH7E2D4KUHNOAHPZGBK3PA,Content (Avg Emb),0.0,0.0
AH5UVFFH7E2D4KUHNOAHPZGBK3PA,Last-Item,0.0,0.0
AH5UVFFH7E2D4KUHNOAHPZGBK3PA,Avg-Last-10,0.0,0.0
AH5UVFFH7E2D4KUHNOAHPZGBK3PA,Recency-Weighted,0.0,0.0
AH5UVFFH7E2D4KUHNOAHPZGBK3PA,Essence (K=10),0.0,0.0
AH5VZM4GIZDB7IDH4LGAY22VF2IQ,Random,0.0,0.0
AH5VZM4GIZDB7IDH4LGAY22VF2IQ,Popularity,0.0,0.0
AH5VZM4GIZDB7IDH4LGAY22VF2IQ,CF (ItemKNN),0.0,0.0
AH5VZM4GIZDB7IDH4LGAY22VF2IQ,Content (Avg Emb),0.0,0.0
AH5VZM4GIZDB7IDH4LGAY22VF2IQ,Last-Item,0.0,0.0
AH5VZM4GIZDB7IDH4LGAY22VF2IQ,Avg-Last-10,0.0,0.0
AH5VZM4GIZDB7IDH4LGAY22VF2IQ,Recency-Weighted,0.0,0.0
AH5VZM4GIZDB7IDH4LGAY22VF2IQ,Essence (K=10),0.0,0.0
AH64Y34IXC5OQLSD3V2Y245WFYMA,Random,0.0,0.0
AH64Y34IXC5OQLSD3V2Y245WFYMA,Popularity,0.0,0.0
AH64Y34IXC5OQLSD3V2Y245WFYMA,CF (ItemKNN),0.0,0.0
AH64Y34IXC5OQLSD3V2Y245WFYMA,Content (Avg Emb),0.0,0.0
AH64Y34IXC5OQLSD3V2Y245WFYMA,Last-Item,0.0,0.0
AH64Y34IXC5OQLSD3V2Y245WFYMA,Avg-Last-10,0.0,0.0
AH64Y34IXC5OQLSD3V2Y245WFYMA,Recency-Weighted,0.0,0.0
AH64Y34IXC5OQLSD3V2Y245WFYMA,Essence (K=10),0.0,0.0
AH6B66WMT2J6FQSXBBSRO6T24DVQ,Random,0.0,
AH6B66WMT2J6FQSXBBSRO6T24DVQ,Popularity,0.0,
AH6B66WMT2J6FQSXBBSRO6T24DVQ,CF (ItemKNN),0.0,
AH6B66WMT2J6FQSXBBSRO6T24DVQ,Content (Avg Emb),0.0,
AH6B66WMT2J6FQSXBBSRO6T24DVQ,Last-Item,0.0,
AH6B66WMT2J6FQSXBBSRO6T24DVQ,Avg-Last-10,0.0,
AH6B66WMT2J6FQSXBBSRO6T24DVQ,Recency-Weighted,0.0,
AH6B66WMT2J6FQSXBBSRO6T24DVQ,Essence (K=10),0.0,
AH6BTT72EVNNT33YBBT4F2G6B5CA,Random,0.0,0.0
AH6BTT72EVNNT33YBBT4F2G6B5CA,Popularity,0.0,0.0
AH6BTT72EVNNT33YBBT4F2G6B5CA,CF (ItemKNN),0.0,0.0
AH6BTT72EVNNT33YBBT4F2G6B5CA,Content (Avg Emb),0.0,0.0
AH6BTT72EVNNT33YBBT4F2G6B5CA,Last-Item,0.1,0.0
AH6BTT72EVNNT33YBBT4F2G6B5CA,Avg-Last-10,0.2,0.0
AH6BTT72EVNNT33YBBT4F2G6B5CA,Recency-Weighted,0.1,0.0
AH6BTT72EVNNT33YBBT4F2G6B5CA,Essence (K=10),0.1,0.0
AH6J6MUPXTKNCQERJN6NBDY6AGPA,Random,0.0,0.0
AH6J6MUPXTKNCQERJN6NBDY6AGPA,Popularity,0.0,0.0
AH6J6MUPXTKNCQERJN6NBDY6AGPA,CF (ItemKNN),0.0,0.0
AH6J6MUPXTKNCQERJN6NBDY6AGPA,Content (Avg Emb),0.0,0.0
AH6J6MUPXTKNCQERJN6NBDY6AGPA,Last-Item,0.0,0.0
AH6J6MUPXTKNCQERJN6NBDY6AGPA,Avg-Last-10,0.0,0.0
AH6J6MUPXTKNCQERJN6NBDY6AGPA,Recency-Weighted,0.0,0.0
AH6J6MUPXTKNCQERJN6NBDY6AGPA,Essence (K=10),0.0,0.0
AH6SIIH36SC2FOWPCECUBNBEKJCA,Random,0.0,
AH6SIIH36SC2FOWPCECUBNBEKJCA,Popularity,0.0,
AH6SIIH36SC2FOWPCECUBNBEKJCA,CF (ItemKNN),0.0,
AH6SIIH36SC2FOWPCECUBNBEKJCA,Content (Avg Emb),0.0,
AH6SIIH36SC2FOWPCECUBNBEKJCA,Last-Item,0.0,
AH6SIIH36SC2FOWPCECUBNBEKJCA,Avg-Last-10,0.0,
AH6SIIH36SC2FOWPCECUBNBEKJCA,Recency-Weighted,0.0,
AH6SIIH36SC2FOWPCECUBNBEKJCA,Essence (K=10),0.0,
AH6TNJWUTHYRPPOYLSJIA2RDWKKA,Random,0.0,
AH6TNJWUTHYRPPOYLSJIA2RDWKKA,Popularity,0.0,
AH6TNJWUTHYRPPOYLSJIA2RDWKKA,CF (ItemKNN),0.0,
AH6TNJWUTHYRPPOYLSJIA2RDWKKA,Content (Avg Emb),0.0,
AH6TNJWUTHYRPPOYLSJIA2RDWKKA,Last-Item,0.0,
AH6TNJWUTHYRPPOYLSJIA2RDWKKA,Avg-Last-10,0.0,
AH6TNJWUTHYRPPOYLSJIA2RDWKKA,Recency-Weighted,0.0,
AH6TNJWUTHYRPPOYLSJIA2RDWKKA,Essence (K=10),0.0,
AH6VFYSKJUFOMTIZHWSIW6RE4LXQ,Random,0.0,
AH6VFYSKJUFOMTIZHWSIW6RE4LXQ,Popularity,0.0,
AH6VFYSKJUFOMTIZHWSIW6RE4LXQ,CF (ItemKNN),0.0,
AH6VFYSKJUFOMTIZHWSIW6RE4LXQ,Content (Avg Emb),0.0,
AH6VFYSKJUFOMTIZHWSIW6RE4LXQ,Last-Item,0.0,
AH6VFYSKJUFOMTIZHWSIW6RE4LXQ,Avg-Last-10,0.0,
AH6VFYSKJUFOMTIZHWSIW6RE4LXQ,Recency-Weighted,0.0,
AH6VFYSKJUFOMTIZHWSIW6RE4LXQ,Essence (K=10),0.0,
AH6W5DEDNVFK6W44I3W763B7PA4A,Random,0.0,
AH6W5DEDNVFK6W44I3W763B7PA4A,Popularity,0.0,
AH6W5DEDNVFK6W44I3W763B7PA4A,CF (ItemKNN),0.0,
AH6W5DEDNVFK6W44I3W763B7PA4A,Content (Avg Emb),0.0,
AH6W5DEDNVFK6W44I3W763B7PA4A,Last-Item,0.0,
AH6W5DEDNVFK6W44I3W763B7PA4A,Avg-Last-10,0.0,
AH6W5DEDNVFK6W44I3W763B7PA4A,Recency-Weighted,0.0,
AH6W5DEDNVFK6W44I3W763B7PA4A,Essence (K=10),0.0,
AH72AIWDXMGIMJPR2OS6PXNR7G7A,Random,0.0,
AH72AIWDXMGIMJPR2OS6PXNR7G7A,Popularity,0.0,
AH72AIWDXMGIMJPR2OS6PXNR7G7A,CF (ItemKNN),0.0,
AH72AIWDXMGIMJPR2OS6PXNR7G7A,Content (Avg Emb),0.0,
AH72AIWDXMGIMJPR2OS6PXNR7G7A,Last-Item,0.1111111111111111,
AH72AIWDXMGIMJPR2OS6PXNR7G7A,Avg-Last-10,0.0,
AH72AIWDXMGIMJPR2OS6PXNR7G7A,Recency-Weighted,0.0,
AH72AIWDXMGIMJPR2OS6PXNR7G7A,Essence (K=10),0.1111111111111111,
AH735D56CPU5ROVRN2TB7HOYMETQ,Random,0.0,0.0
AH735D56CPU5ROVRN2TB7HOYMETQ,Popularity,0.0,0.0
AH735D56CPU5ROVRN2TB7HOYMETQ,CF (ItemKNN),0.2222222222222222,0.0
AH735D56CPU5ROVRN2TB7HOYMETQ,Content (Avg Emb),0.1111111111111111,0.0
AH735D56CPU5ROVRN2TB7HOYMETQ,Last-Item,0.2222222222222222,0.0
AH735D56CPU5ROVRN2TB7HOYMETQ,Avg-Last-10,0.1111111111111111,0.0
AH735D56CPU5ROVRN2TB7HOYMETQ,Recency-Weighted,0.2222222222222222,0.0
AH735D56CPU5ROVRN2TB7HOYMETQ,Essence (K=10),0.0,0.0
AH75OXMN46ZB26ZAXTUAFZ6LMB3Q,Random,0.0,0.0
AH75OXMN46ZB26ZAXTUAFZ6LMB3Q,Popularity,0.0,0.0
AH75OXMN46ZB26ZAXTUAFZ6LMB3Q,CF (ItemKNN),0.0,0.0
AH75OXMN46ZB26ZAXTUAFZ6LMB3Q,Content (Avg Emb),0.0,0.0
AH75OXMN46ZB26ZAXTUAFZ6LMB3Q,Last-Item,0.08108108108108109,0.0
AH75OXMN46ZB26ZAXTUAFZ6LMB3Q,Avg-Last-10,0.0,0.0
AH75OXMN46ZB26ZAXTUAFZ6LMB3Q,Recency-Weighted,0.0,0.0
AH75OXMN46ZB26ZAXTUAFZ6LMB3Q,Essence (K=10),0.0,0.0
AH77BLPVJCYMASZ5LQYNUGN5SQWA,Random,0.0,0.0
AH77BLPVJCYMASZ5LQYNUGN5SQWA,Popularity,0.0,0.0
AH77BLPVJCYMASZ5LQYNUGN5SQWA,CF (ItemKNN),0.0,0.0
AH77BLPVJCYMASZ5LQYNUGN5SQWA,Content (Avg Emb),0.0,0.0
AH77BLPVJCYMASZ5LQYNUGN5SQWA,Last-Item,0.0,0.0
AH77BLPVJCYMASZ5LQYNUGN5SQWA,Avg-Last-10,0.0,0.0
AH77BLPVJCYMASZ5LQYNUGN5SQWA,Recency-Weighted,0.0,0.0
AH77BLPVJCYMASZ5LQYNUGN5SQWA,Essence (K=10),0.0,0.0
AH7ADZNIORWZIVHKEBF7B4ABEIVA,Random,0.0,0.0
AH7ADZNIORWZIVHKEBF7B4ABEIVA,Popularity,0.0,0.0
AH7ADZNIORWZIVHKEBF7B4ABEIVA,CF (ItemKNN),0.0,0.0
AH7ADZNIORWZIVHKEBF7B4ABEIVA,Content (Avg Emb),0.0,0.0
AH7ADZNIORWZIVHKEBF7B4ABEIVA,Last-Item,0.0,0.0
AH7ADZNIORWZIVHKEBF7B4ABEIVA,Avg-Last-10,0.0,0.0
AH7ADZNIORWZIVHKEBF7B4ABEIVA,Recency-Weighted,0.0,0.0
AH7ADZNIORWZIVHKEBF7B4ABEIVA,Essence (K=10),0.0,0.0
AH7C7R5I5C75QTNWBTVKGZGZLHKA,Random,0.0,0.0
AH7C7R5I5C75QTNWBTVKGZGZLHKA,Popularity,0.0,0.0
AH7C7R5I5C75QTNWBTVKGZGZLHKA,CF (ItemKNN),0.0,0.0
AH7C7R5I5C75QTNWBTVKGZGZLHKA,Content (Avg Emb),0.0,0.0
AH7C7R5I5C75QTNWBTVKGZGZLHKA,Last-Item,0.0,0.0
AH7C7R5I5C75QTNWBTVKGZGZLHKA,Avg-Last-10,0.0,0.0
AH7C7R5I5C75QTNWBTVKGZGZLHKA,Recency-Weighted,0.0,0.0
AH7C7R5I5C75QTNWBTVKGZGZLHKA,Essence (K=10),0.0,0.0
AH7HMKRELEL3DGY7DJC3RVJZRZWQ,Random,0.0,0.0
AH7HMKRELEL3DGY7DJC3RVJZRZWQ,Popularity,0.0,0.0
AH7HMKRELEL3DGY7DJC3RVJZRZWQ,CF (ItemKNN),0.0,0.0
AH7HMKRELEL3DGY7DJC3RVJZRZWQ,Content (Avg Emb),0.2,0.0
AH7HMKRELEL3DGY7DJC3RVJZRZWQ,Last-Item,0.0,0.0
AH7HMKRELEL3DGY7DJC3RVJZRZWQ,Avg-Last-10,0.4,0.0
AH7HMKRELEL3DGY7DJC3RVJZRZWQ,Recency-Weighted,0.4,0.0
AH7HMKRELEL3DGY7DJC3RVJZRZWQ,Essence (K=10),0.4,0.0
AH7IEZMPBDR56KWFPSXPSNI2SXQQ,Random,0.0,
AH7IEZMPBDR56KWFPSXPSNI2SXQQ,Popularity,0.0,
AH7IEZMPBDR56KWFPSXPSNI2SXQQ,CF (ItemKNN),0.0,
AH7IEZMPBDR56KWFPSXPSNI2SXQQ,Content (Avg Emb),0.0,
AH7IEZMPBDR56KWFPSXPSNI2SXQQ,Last-Item,0.25,
AH7IEZMPBDR56KWFPSXPSNI2SXQQ,Avg-Last-10,0.0,
AH7IEZMPBDR56KWFPSXPSNI2SXQQ,Recency-Weighted,0.0,
AH7IEZMPBDR56KWFPSXPSNI2SXQQ,Essence (K=10),0.0,
AH7LTAXJN6Z5YLSZ3EDQUPKBEPIA,Random,0.0,0.0
AH7LTAXJN6Z5YLSZ3EDQUPKBEPIA,Popularity,0.0,0.0
AH7LTAXJN6Z5YLSZ3EDQUPKBEPIA,CF (ItemKNN),0.0,0.0
AH7LTAXJN6Z5YLSZ3EDQUPKBEPIA,Content (Avg Emb),0.0,0.0
AH7LTAXJN6Z5YLSZ3EDQUPKBEPIA,Last-Item,0.0,0.0
AH7LTAXJN6Z5YLSZ3EDQUPKBEPIA,Avg-Last-10,0.0,0.0
AH7LTAXJN6Z5YLSZ3EDQUPKBEPIA,Recency-Weighted,0.0,0.0
AH7LTAXJN6Z5YLSZ3EDQUPKBEPIA,Essence (K=10),0.0,0.0
AH7M6UFMAZFWKMC34FPCG5PHZZMQ,Random,0.0,0.0
AH7M6UFMAZFWKMC34FPCG5PHZZMQ,Popularity,0.0,0.0
AH7M6UFMAZFWKMC34FPCG5PHZZMQ,CF (ItemKNN),0.0,0.0
AH7M6UFMAZFWKMC34FPCG5PHZZMQ,Content (Avg Emb),0.0,0.0
AH7M6UFMAZFWKMC34FPCG5PHZZMQ,Last-Item,0.0,0.0
AH7M6UFMAZFWKMC34FPCG5PHZZMQ,Avg-Last-10,0.0,0.0
AH7M6UFMAZFWKMC34FPCG5PHZZMQ,Recency-Weighted,0.0,0.0
AH7M6UFMAZFWKMC34FPCG5PHZZMQ,Essence (K=10),0.0,0.0
AH7MHWGRQ6BHKB2454W3MXLJRH3A,Random,0.0,
AH7MHWGRQ6BHKB2454W3MXLJRH3A,Popularity,0.0,
AH7MHWGRQ6BHKB2454W3MXLJRH3A,CF (ItemKNN),0.0,
AH7MHWGRQ6BHKB2454W3MXLJRH3A,Content (Avg Emb),0.0,
AH7MHWGRQ6BHKB2454W3MXLJRH3A,Last-Item,0.0,
AH7MHWGRQ6BHKB2454W3MXLJRH3A,Avg-Last-10,0.0,
AH7MHWGRQ6BHKB2454W3MXLJRH3A,Recency-Weighted,0.0,
AH7MHWGRQ6BHKB2454W3MXLJRH3A,Essence (K=10),0.0,
AH7PKGIVROFSTLK3YNZEGSWX2JSQ,Random,0.0,0.0
AH7PKGIVROFSTLK3YNZEGSWX2JSQ,Popularity,0.0,0.0
AH7PKGIVROFSTLK3YNZEGSWX2JSQ,CF (ItemKNN),0.0,0.0
AH7PKGIVROFSTLK3YNZEGSWX2JSQ,Content (Avg Emb),0.0,0.0
AH7PKGIVROFSTLK3YNZEGSWX2JSQ,Last-Item,0.0,0.0
AH7PKGIVROFSTLK3YNZEGSWX2JSQ,Avg-Last-10,0.0,0.0
AH7PKGIVROFSTLK3YNZEGSWX2JSQ,Recency-Weighted,0.0,0.0
AH7PKGIVROFSTLK3YNZEGSWX2JSQ,Essence (K=10),0.0,0.0
AH7PZQSR7TLXQGQ6LQI7BHGKCMGQ,Random,0.0,0.0
AH7PZQSR7TLXQGQ6LQI7BHGKCMGQ,Popularity,0.0,0.0
AH7PZQSR7TLXQGQ6LQI7BHGKCMGQ,CF (ItemKNN),0.0,0.0
AH7PZQSR7TLXQGQ6LQI7BHGKCMGQ,Content (Avg Emb),0.0,0.0
AH7PZQSR7TLXQGQ6LQI7BHGKCMGQ,Last-Item,0.0,0.0
AH7PZQSR7TLXQGQ6LQI7BHGKCMGQ,Avg-Last-10,0.0,0.0
AH7PZQSR7TLXQGQ6LQI7BHGKCMGQ,Recency-Weighted,0.0,0.0
AH7PZQSR7TLXQGQ6LQI7BHGKCMGQ,Essence (K=10),0.0,0.0
AH7S4LNK3MEDF24XHG4VEJCK32LA,Random,0.0,
AH7S4LNK3MEDF24XHG4VEJCK32LA,Popularity,0.0,
AH7S4LNK3MEDF24XHG4VEJCK32LA,CF (ItemKNN),0.0,
AH7S4LNK3MEDF24XHG4VEJCK32LA,Content (Avg Emb),0.0,
AH7S4LNK3MEDF24XHG4VEJCK32LA,Last-Item,0.125,
AH7S4LNK3MEDF24XHG4VEJCK32LA,Avg-Last-10,0.125,
AH7S4LNK3MEDF24XHG4VEJCK32LA,Recency-Weighted,0.125,
AH7S4LNK3MEDF24XHG4VEJCK32LA,Essence (K=10),0.125,
AH7S7DI5QDRJFCGVTJI5CM3EC2MQ,Random,0.0,0.0
AH7S7DI5QDRJFCGVTJI5CM3EC2MQ,Popularity,0.0,0.0
AH7S7DI5QDRJFCGVTJI5CM3EC2MQ,CF (ItemKNN),0.0,0.0
AH7S7DI5QDRJFCGVTJI5CM3EC2MQ,Content (Avg Emb),0.0,0.0
AH7S7DI5QDRJFCGVTJI5CM3EC2MQ,Last-Item,0.0,0.0
AH7S7DI5QDRJFCGVTJI5CM3EC2MQ,Avg-Last-10,0.0,0.0
AH7S7DI5QDRJFCGVTJI5CM3EC2MQ,Recency-Weighted,0.0,0.0
AH7S7DI5QDRJFCGVTJI5CM3EC2MQ,Essence (K=10),0.0,0.0
AH7TEQIRU2OZYON626YJIDJARNWQ,Random,0.0,
AH7TEQIRU2OZYON626YJIDJARNWQ,Popularity,0.0,
AH7TEQIRU2OZYON626YJIDJARNWQ,CF (ItemKNN),0.0,
AH7TEQIRU2OZYON626YJIDJARNWQ,Content (Avg Emb),0.25,
AH7TEQIRU2OZYON626YJIDJARNWQ,Last-Item,0.25,
AH7TEQIRU2OZYON626YJIDJARNWQ,Avg-Last-10,0.5,
AH7TEQIRU2OZYON626YJIDJARNWQ,Recency-Weighted,0.5,
AH7TEQIRU2OZYON626YJIDJARNWQ,Essence (K=10),0.5,
AH7V5KMZEGCKNL2VC3PIPQHO2XOQ,Random,0.0,0.0
AH7V5KMZEGCKNL2VC3PIPQHO2XOQ,Popularity,0.0,0.0
AH7V5KMZEGCKNL2VC3PIPQHO2XOQ,CF (ItemKNN),0.0,0.0
AH7V5KMZEGCKNL2VC3PIPQHO2XOQ,Content (Avg Emb),0.0,0.0
AH7V5KMZEGCKNL2VC3PIPQHO2XOQ,Last-Item,0.0,0.0
AH7V5KMZEGCKNL2VC3PIPQHO2XOQ,Avg-Last-10,0.0,0.0
AH7V5KMZEGCKNL2VC3PIPQHO2XOQ,Recency-Weighted,0.0,0.0
AH7V5KMZEGCKNL2VC3PIPQHO2XOQ,Essence (K=10),0.0,0.0
AH7X3KXQK27EI3TRTFFCTSU46IJQ,Random,0.0,0.0
AH7X3KXQK27EI3TRTFFCTSU46IJQ,Popularity,0.0,0.0
AH7X3KXQK27EI3TRTFFCTSU46IJQ,CF (ItemKNN),0.0,0.0
AH7X3KXQK27EI3TRTFFCTSU46IJQ,Content (Avg Emb),0.14285714285714285,0.0
AH7X3KXQK27EI3TRTFFCTSU46IJQ,Last-Item,0.0,0.0
AH7X3KXQK27EI3TRTFFCTSU46IJQ,Avg-Last-10,0.14285714285714285,0.0
AH7X3KXQK27EI3TRTFFCTSU46IJQ,Recency-Weighted,0.14285714285714285,0.0
AH7X3KXQK27EI3TRTFFCTSU46IJQ,Essence (K=10),0.14285714285714285,0.0
AH7YHL72OHNHFEGW77VUDWEUMVZQ,Random,0.0,0.0
AH7YHL72OHNHFEGW77VUDWEUMVZQ,Popularity,0.0,0.0
AH7YHL72OHNHFEGW77VUDWEUMVZQ,CF (ItemKNN),0.0,0.0
AH7YHL72OHNHFEGW77VUDWEUMVZQ,Content (Avg Emb),0.0,0.0
AH7YHL72OHNHFEGW77VUDWEUMVZQ,Last-Item,0.0,0.0
AH7YHL72OHNHFEGW77VUDWEUMVZQ,Avg-Last-10,0.0,0.0
AH7YHL72OHNHFEGW77VUDWEUMVZQ,Recency-Weighted,0.0,0.0
AH7YHL72OHNHFEGW77VUDWEUMVZQ,Essence (K=10),0.0,0.0
AHA3YDVAF24MH67FT4Y7P4APXK4A,Random,0.0,
AHA3YDVAF24MH67FT4Y7P4APXK4A,Popularity,0.0,
AHA3YDVAF24MH67FT4Y7P4APXK4A,CF (ItemKNN),0.0,
AHA3YDVAF24MH67FT4Y7P4APXK4A,Content (Avg Emb),0.0,
AHA3YDVAF24MH67FT4Y7P4APXK4A,Last-Item,0.0,
AHA3YDVAF24MH67FT4Y7P4APXK4A,Avg-Last-10,0.0,
AHA3YDVAF24MH67FT4Y7P4APXK4A,Recency-Weighted,0.0,
AHA3YDVAF24MH67FT4Y7P4APXK4A,Essence (K=10),0.0,
AHAAPKLYZUTTKF2X5IHVMZ2GGHRA,Random,0.0,0.0
AHAAPKLYZUTTKF2X5IHVMZ2GGHRA,Popularity,0.0,0.0
AHAAPKLYZUTTKF2X5IHVMZ2GGHRA,CF (ItemKNN),0.0,0.0
AHAAPKLYZUTTKF2X5IHVMZ2GGHRA,Content (Avg Emb),0.0,0.0
AHAAPKLYZUTTKF2X5IHVMZ2GGHRA,Last-Item,0.0,0.0
AHAAPKLYZUTTKF2X5IHVMZ2GGHRA,Avg-Last-10,0.0,0.0
AHAAPKLYZUTTKF2X5IHVMZ2GGHRA,Recency-Weighted,0.0,0.0
AHAAPKLYZUTTKF2X5IHVMZ2GGHRA,Essence (K=10),0.0,0.0
AHABMBY346XWUYZDM47EZ7EXY22A,Random,0.0,0.0
AHABMBY346XWUYZDM47EZ7EXY22A,Popularity,0.0,0.0
AHABMBY346XWUYZDM47EZ7EXY22A,CF (ItemKNN),0.0,0.0
AHABMBY346XWUYZDM47EZ7EXY22A,Content (Avg Emb),0.0,0.0
AHABMBY346XWUYZDM47EZ7EXY22A,Last-Item,0.0,0.0
AHABMBY346XWUYZDM47EZ7EXY22A,Avg-Last-10,0.0,0.0
AHABMBY346XWUYZDM47EZ7EXY22A,Recency-Weighted,0.0,0.0
AHABMBY346XWUYZDM47EZ7EXY22A,Essence (K=10),0.0,0.0
AHABWOELQUJHACKDPUEIMGXP42UA,Random,0.0,0.0
AHABWOELQUJHACKDPUEIMGXP42UA,Popularity,0.0,0.0
AHABWOELQUJHACKDPUEIMGXP42UA,CF (ItemKNN),0.0,0.0
AHABWOELQUJHACKDPUEIMGXP42UA,Content (Avg Emb),0.0,0.0
AHABWOELQUJHACKDPUEIMGXP42UA,Last-Item,0.0,0.0
AHABWOELQUJHACKDPUEIMGXP42UA,Avg-Last-10,0.0,0.0
AHABWOELQUJHACKDPUEIMGXP42UA,Recency-Weighted,0.0,0.0
AHABWOELQUJHACKDPUEIMGXP42UA,Essence (K=10),0.0,0.0
AHADO2ZWFNIZ3M4DCXXOZP242UDQ,Random,0.0,
AHADO2ZWFNIZ3M4DCXXOZP242UDQ,Popularity,0.0,
AHADO2ZWFNIZ3M4DCXXOZP242UDQ,CF (ItemKNN),0.0,
AHADO2ZWFNIZ3M4DCXXOZP242UDQ,Content (Avg Emb),0.0,
AHADO2ZWFNIZ3M4DCXXOZP242UDQ,Last-Item,0.0,
AHADO2ZWFNIZ3M4DCXXOZP242UDQ,Avg-Last-10,0.0,
AHADO2ZWFNIZ3M4DCXXOZP242UDQ,Recency-Weighted,0.0,
AHADO2ZWFNIZ3M4DCXXOZP242UDQ,Essence (K=10),0.25,
AHAEURC4QEKR4PBFABF52FLEBKDQ,Random,0.0,0.0
AHAEURC4QEKR4PBFABF52FLEBKDQ,Popularity,0.0,0.0
AHAEURC4QEKR4PBFABF52FLEBKDQ,CF (ItemKNN),0.0,0.0
AHAEURC4QEKR4PBFABF52FLEBKDQ,Content (Avg Emb),0.0,0.0
AHAEURC4QEKR4PBFABF52FLEBKDQ,Last-Item,0.0,0.0
AHAEURC4QEKR4PBFABF52FLEBKDQ,Avg-Last-10,0.0,0.0
AHAEURC4QEKR4PBFABF52FLEBKDQ,Recency-Weighted,0.0,0.0
AHAEURC4QEKR4PBFABF52FLEBKDQ,Essence (K=10),0.0,0.0
AHAFFVDDJXF3ADMUQECNQ7X2XWGA,Random,0.0,0.0
AHAFFVDDJXF3ADMUQECNQ7X2XWGA,Popularity,0.0,0.0
AHAFFVDDJXF3ADMUQECNQ7X2XWGA,CF (ItemKNN),0.0,0.0
AHAFFVDDJXF3ADMUQECNQ7X2XWGA,Content (Avg Emb),0.0,0.0
AHAFFVDDJXF3ADMUQECNQ7X2XWGA,Last-Item,0.0,0.0
AHAFFVDDJXF3ADMUQECNQ7X2XWGA,Avg-Last-10,0.07692307692307693,0.0
AHAFFVDDJXF3ADMUQECNQ7X2XWGA,Recency-Weighted,0.07692307692307693,0.0
AHAFFVDDJXF3ADMUQECNQ7X2XWGA,Essence (K=10),0.07692307692307693,0.0
AHAMF4JEIQ2BBANCFOVMCF3WCCMA,Random,0.0,0.0
AHAMF4JEIQ2BBANCFOVMCF3WCCMA,Popularity,0.0,0.0
AHAMF4JEIQ2BBANCFOVMCF3WCCMA,CF (ItemKNN),0.0,0.0
AHAMF4JEIQ2BBANCFOVMCF3WCCMA,Content (Avg Emb),0.0,0.0
AHAMF4JEIQ2BBANCFOVMCF3WCCMA,Last-Item,0.0,0.0
AHAMF4JEIQ2BBANCFOVMCF3WCCMA,Avg-Last-10,0.0,0.0
AHAMF4JEIQ2BBANCFOVMCF3WCCMA,Recency-Weighted,0.0,0.0
AHAMF4JEIQ2BBANCFOVMCF3WCCMA,Essence (K=10),0.0,0.0
AHAPDXZGONPFAWX6CCP5WI4WWP3Q,Random,0.0,0.0
AHAPDXZGONPFAWX6CCP5WI4WWP3Q,Popularity,0.0,0.0
AHAPDXZGONPFAWX6CCP5WI4WWP3Q,CF (ItemKNN),0.0,0.0
AHAPDXZGONPFAWX6CCP5WI4WWP3Q,Content (Avg Emb),0.0,0.0
AHAPDXZGONPFAWX6CCP5WI4WWP3Q,Last-Item,0.0,0.0
AHAPDXZGONPFAWX6CCP5WI4WWP3Q,Avg-Last-10,0.0,0.0
AHAPDXZGONPFAWX6CCP5WI4WWP3Q,Recency-Weighted,0.0,0.0
AHAPDXZGONPFAWX6CCP5WI4WWP3Q,Essence (K=10),0.0,0.0
AHAQLFJCDCMDFQSDSF3LGVX5DBPA,Random,0.0,0.0
AHAQLFJCDCMDFQSDSF3LGVX5DBPA,Popularity,0.0,0.0
AHAQLFJCDCMDFQSDSF3LGVX5DBPA,CF (ItemKNN),0.0,0.0
AHAQLFJCDCMDFQSDSF3LGVX5DBPA,Content (Avg Emb),0.0,0.0
AHAQLFJCDCMDFQSDSF3LGVX5DBPA,Last-Item,0.0,0.0
AHAQLFJCDCMDFQSDSF3LGVX5DBPA,Avg-Last-10,0.0,0.0
AHAQLFJCDCMDFQSDSF3LGVX5DBPA,Recency-Weighted,0.0,0.0
AHAQLFJCDCMDFQSDSF3LGVX5DBPA,Essence (K=10),0.0,0.0
AHAU6ZIDAXJTB7LXVHK2EOEHP3NA,Random,0.0,0.0
AHAU6ZIDAXJTB7LXVHK2EOEHP3NA,Popularity,0.0,0.0
AHAU6ZIDAXJTB7LXVHK2EOEHP3NA,CF (ItemKNN),0.0,0.0
AHAU6ZIDAXJTB7LXVHK2EOEHP3NA,Content (Avg Emb),0.0,0.0
AHAU6ZIDAXJTB7LXVHK2EOEHP3NA,Last-Item,0.0,0.0
AHAU6ZIDAXJTB7LXVHK2EOEHP3NA,Avg-Last-10,0.0,0.0
AHAU6ZIDAXJTB7LXVHK2EOEHP3NA,Recency-Weighted,0.0,0.0
AHAU6ZIDAXJTB7LXVHK2EOEHP3NA,Essence (K=10),0.0,0.0
AHAUSXZHISLZ72RLLOVGHWIOG7LQ,Random,0.0,0.0
AHAUSXZHISLZ72RLLOVGHWIOG7LQ,Popularity,0.0,0.0
AHAUSXZHISLZ72RLLOVGHWIOG7LQ,CF (ItemKNN),0.0,0.0
AHAUSXZHISLZ72RLLOVGHWIOG7LQ,Content (Avg Emb),0.0,0.0
AHAUSXZHISLZ72RLLOVGHWIOG7LQ,Last-Item,0.0,0.0
AHAUSXZHISLZ72RLLOVGHWIOG7LQ,Avg-Last-10,0.0,0.0
AHAUSXZHISLZ72RLLOVGHWIOG7LQ,Recency-Weighted,0.0,0.0
AHAUSXZHISLZ72RLLOVGHWIOG7LQ,Essence (K=10),0.0,0.0
AHAWIOVC7E27EEFBBTR3UREGWLEA,Random,0.0,0.0
AHAWIOVC7E27EEFBBTR3UREGWLEA,Popularity,0.0,0.0
AHAWIOVC7E27EEFBBTR3UREGWLEA,CF (ItemKNN),0.0,0.0
AHAWIOVC7E27EEFBBTR3UREGWLEA,Content (Avg Emb),0.0,0.0
AHAWIOVC7E27EEFBBTR3UREGWLEA,Last-Item,0.0,0.0
AHAWIOVC7E27EEFBBTR3UREGWLEA,Avg-Last-10,0.0,0.0
AHAWIOVC7E27EEFBBTR3UREGWLEA,Recency-Weighted,0.0,0.0
AHAWIOVC7E27EEFBBTR3UREGWLEA,Essence (K=10),0.0,0.0
AHAWQHT6LTQWV5A6T3PDDLLQT2UA,Random,0.0,0.0
AHAWQHT6LTQWV5A6T3PDDLLQT2UA,Popularity,0.0,0.0
AHAWQHT6LTQWV5A6T3PDDLLQT2UA,CF (ItemKNN),0.0,0.0
AHAWQHT6LTQWV5A6T3PDDLLQT2UA,Content (Avg Emb),0.0,0.0
AHAWQHT6LTQWV5A6T3PDDLLQT2UA,Last-Item,0.0,0.0
AHAWQHT6LTQWV5A6T3PDDLLQT2UA,Avg-Last-10,0.0,0.0
AHAWQHT6LTQWV5A6T3PDDLLQT2UA,Recency-Weighted,0.0,0.0
AHAWQHT6LTQWV5A6T3PDDLLQT2UA,Essence (K=10),0.0,0.0
AHAXFM3ZV4M75JBKKCRRBSCWUSLQ,Random,0.0,0.0
AHAXFM3ZV4M75JBKKCRRBSCWUSLQ,Popularity,0.0,0.0
AHAXFM3ZV4M75JBKKCRRBSCWUSLQ,CF (ItemKNN),0.5,1.0
AHAXFM3ZV4M75JBKKCRRBSCWUSLQ,Content (Avg Emb),0.75,1.0
AHAXFM3ZV4M75JBKKCRRBSCWUSLQ,Last-Item,0.25,0.0
AHAXFM3ZV4M75JBKKCRRBSCWUSLQ,Avg-Last-10,0.75,1.0
AHAXFM3ZV4M75JBKKCRRBSCWUSLQ,Recency-Weighted,0.75,1.0
AHAXFM3ZV4M75JBKKCRRBSCWUSLQ,Essence (K=10),0.75,1.0
AHAYPSL4OBHBFPHZTG7GL2VVSQ3A,Random,0.0,0.0
AHAYPSL4OBHBFPHZTG7GL2VVSQ3A,Popularity,0.0,0.0
AHAYPSL4OBHBFPHZTG7GL2VVSQ3A,CF (ItemKNN),0.0,0.0
AHAYPSL4OBHBFPHZTG7GL2VVSQ3A,Content (Avg Emb),0.0,0.0
AHAYPSL4OBHBFPHZTG7GL2VVSQ3A,Last-Item,0.0,0.0
AHAYPSL4OBHBFPHZTG7GL2VVSQ3A,Avg-Last-10,0.0,0.0
AHAYPSL4OBHBFPHZTG7GL2VVSQ3A,Recency-Weighted,0.0,0.0
AHAYPSL4OBHBFPHZTG7GL2VVSQ3A,Essence (K=10),0.0,0.0
AHAYVR4EXQLF3K43GH3MFAE4ENAQ,Random,0.0,0.0
AHAYVR4EXQLF3K43GH3MFAE4ENAQ,Popularity,0.0,0.0
AHAYVR4EXQLF3K43GH3MFAE4ENAQ,CF (ItemKNN),0.0,0.0
AHAYVR4EXQLF3K43GH3MFAE4ENAQ,Content (Avg Emb),0.0,0.0
AHAYVR4EXQLF3K43GH3MFAE4ENAQ,Last-Item,0.0,0.0
AHAYVR4EXQLF3K43GH3MFAE4ENAQ,Avg-Last-10,0.0,0.0
AHAYVR4EXQLF3K43GH3MFAE4ENAQ,Recency-Weighted,0.0,0.0
AHAYVR4EXQLF3K43GH3MFAE4ENAQ,Essence (K=10),0.0,0.0
AHAZ7WMOL4ZFYNQJO7JKFR2UTUBA,Random,0.0,
AHAZ7WMOL4ZFYNQJO7JKFR2UTUBA,Popularity,0.0,
AHAZ7WMOL4ZFYNQJO7JKFR2UTUBA,CF (ItemKNN),0.0,
AHAZ7WMOL4ZFYNQJO7JKFR2UTUBA,Content (Avg Emb),0.0,
AHAZ7WMOL4ZFYNQJO7JKFR2UTUBA,Last-Item,0.0,
AHAZ7WMOL4ZFYNQJO7JKFR2UTUBA,Avg-Last-10,0.0,
AHAZ7WMOL4ZFYNQJO7JKFR2UTUBA,Recency-Weighted,0.0,
AHAZ7WMOL4ZFYNQJO7JKFR2UTUBA,Essence (K=10),0.0,
AHB2CYFVGKZ2DVACKYC2FK3BJHMA,Random,0.0,
AHB2CYFVGKZ2DVACKYC2FK3BJHMA,Popularity,0.0,
AHB2CYFVGKZ2DVACKYC2FK3BJHMA,CF (ItemKNN),0.0,
AHB2CYFVGKZ2DVACKYC2FK3BJHMA,Content (Avg Emb),0.0,
AHB2CYFVGKZ2DVACKYC2FK3BJHMA,Last-Item,0.0,
AHB2CYFVGKZ2DVACKYC2FK3BJHMA,Avg-Last-10,0.0,
AHB2CYFVGKZ2DVACKYC2FK3BJHMA,Recency-Weighted,0.0,
AHB2CYFVGKZ2DVACKYC2FK3BJHMA,Essence (K=10),0.0,
AHB6VRV2FGOVBNRVP2FT53SASMDA,Random,0.0,
AHB6VRV2FGOVBNRVP2FT53SASMDA,Popularity,0.0,
AHB6VRV2FGOVBNRVP2FT53SASMDA,CF (ItemKNN),0.0,
AHB6VRV2FGOVBNRVP2FT53SASMDA,Content (Avg Emb),0.0,
AHB6VRV2FGOVBNRVP2FT53SASMDA,Last-Item,0.0,
AHB6VRV2FGOVBNRVP2FT53SASMDA,Avg-Last-10,0.0,
AHB6VRV2FGOVBNRVP2FT53SASMDA,Recency-Weighted,0.0,
AHB6VRV2FGOVBNRVP2FT53SASMDA,Essence (K=10),0.0,
AHB7SDVFNQQINSZ6MIX3J3V5MHMA,Random,0.0,0.0
AHB7SDVFNQQINSZ6MIX3J3V5MHMA,Popularity,0.0,0.0
AHB7SDVFNQQINSZ6MIX3J3V5MHMA,CF (ItemKNN),0.0,0.0
AHB7SDVFNQQINSZ6MIX3J3V5MHMA,Content (Avg Emb),0.0,0.0
AHB7SDVFNQQINSZ6MIX3J3V5MHMA,Last-Item,0.0,0.0
AHB7SDVFNQQINSZ6MIX3J3V5MHMA,Avg-Last-10,0.0,0.0
AHB7SDVFNQQINSZ6MIX3J3V5MHMA,Recency-Weighted,0.0,0.0
AHB7SDVFNQQINSZ6MIX3J3V5MHMA,Essence (K=10),0.0,0.0
AHBA6Z3UQSCRVIFYHVP6GFKG2STQ,Random,0.0,
AHBA6Z3UQSCRVIFYHVP6GFKG2STQ,Popularity,0.0,
AHBA6Z3UQSCRVIFYHVP6GFKG2STQ,CF (ItemKNN),0.0,
AHBA6Z3UQSCRVIFYHVP6GFKG2STQ,Content (Avg Emb),0.0,
AHBA6Z3UQSCRVIFYHVP6GFKG2STQ,Last-Item,0.0,
AHBA6Z3UQSCRVIFYHVP6GFKG2STQ,Avg-Last-10,0.0,
AHBA6Z3UQSCRVIFYHVP6GFKG2STQ,Recency-Weighted,0.0,
AHBA6Z3UQSCRVIFYHVP6GFKG2STQ,Essence (K=10),0.0,
AHBABNCE6GGOTIIR3ZG263VVRRSA,Random,0.0,0.0
AHBABNCE6GGOTIIR3ZG263VVRRSA,Popularity,0.0,0.0
AHBABNCE6GGOTIIR3ZG263VVRRSA,CF (ItemKNN),0.0,0.0
AHBABNCE6GGOTIIR3ZG263VVRRSA,Content (Avg Emb),0.0,0.0
AHBABNCE6GGOTIIR3ZG263VVRRSA,Last-Item,0.2,0.0
AHBABNCE6GGOTIIR3ZG263VVRRSA,Avg-Last-10,0.0,0.0
AHBABNCE6GGOTIIR3ZG263VVRRSA,Recency-Weighted,0.0,0.0
AHBABNCE6GGOTIIR3ZG263VVRRSA,Essence (K=10),0.0,0.0
AHBBTZ2L3UYJF4OGBQIR2NQSOMQA,Random,0.0,0.0
AHBBTZ2L3UYJF4OGBQIR2NQSOMQA,Popularity,0.0,0.0
AHBBTZ2L3UYJF4OGBQIR2NQSOMQA,CF (ItemKNN),0.0,0.0
AHBBTZ2L3UYJF4OGBQIR2NQSOMQA,Content (Avg Emb),0.0,0.0
AHBBTZ2L3UYJF4OGBQIR2NQSOMQA,Last-Item,0.0,0.0
AHBBTZ2L3UYJF4OGBQIR2NQSOMQA,Avg-Last-10,0.0,0.0
AHBBTZ2L3UYJF4OGBQIR2NQSOMQA,Recency-Weighted,0.0,0.0
AHBBTZ2L3UYJF4OGBQIR2NQSOMQA,Essence (K=10),0.0,0.0
AHBEW7KZ2BJDEFSQV7UVFXVHRIKA,Random,0.0,
AHBEW7KZ2BJDEFSQV7UVFXVHRIKA,Popularity,0.0,
AHBEW7KZ2BJDEFSQV7UVFXVHRIKA,CF (ItemKNN),0.0,
AHBEW7KZ2BJDEFSQV7UVFXVHRIKA,Content (Avg Emb),0.0,
AHBEW7KZ2BJDEFSQV7UVFXVHRIKA,Last-Item,0.0,
AHBEW7KZ2BJDEFSQV7UVFXVHRIKA,Avg-Last-10,0.16666666666666666,
AHBEW7KZ2BJDEFSQV7UVFXVHRIKA,Recency-Weighted,0.16666666666666666,
AHBEW7KZ2BJDEFSQV7UVFXVHRIKA,Essence (K=10),0.0,
AHBFYJIQ5P2F4ZUX2R54BT6G5H5A,Random,0.0,0.0
AHBFYJIQ5P2F4ZUX2R54BT6G5H5A,Popularity,0.0,0.0
AHBFYJIQ5P2F4ZUX2R54BT6G5H5A,CF (ItemKNN),0.0,0.0
AHBFYJIQ5P2F4ZUX2R54BT6G5H5A,Content (Avg Emb),0.0,0.0
AHBFYJIQ5P2F4ZUX2R54BT6G5H5A,Last-Item,0.0,0.0
AHBFYJIQ5P2F4ZUX2R54BT6G5H5A,Avg-Last-10,0.0,0.0
AHBFYJIQ5P2F4ZUX2R54BT6G5H5A,Recency-Weighted,0.0,0.0
AHBFYJIQ5P2F4ZUX2R54BT6G5H5A,Essence (K=10),0.0,0.0
AHBGO3I7XFSEQXIOH2UI4UX2VPNQ,Random,0.0,0.0
AHBGO3I7XFSEQXIOH2UI4UX2VPNQ,Popularity,0.0,0.0
AHBGO3I7XFSEQXIOH2UI4UX2VPNQ,CF (ItemKNN),0.0,0.0
AHBGO3I7XFSEQXIOH2UI4UX2VPNQ,Content (Avg Emb),0.0,0.0
AHBGO3I7XFSEQXIOH2UI4UX2VPNQ,Last-Item,0.0,0.0
AHBGO3I7XFSEQXIOH2UI4UX2VPNQ,Avg-Last-10,0.0,0.0
AHBGO3I7XFSEQXIOH2UI4UX2VPNQ,Recency-Weighted,0.0,0.0
AHBGO3I7XFSEQXIOH2UI4UX2VPNQ,Essence (K=10),0.0,0.0
AHBNNN3WP6EAZS4CE2L3WMX2LZVA,Random,0.0,0.0
AHBNNN3WP6EAZS4CE2L3WMX2LZVA,Popularity,0.0,0.0
AHBNNN3WP6EAZS4CE2L3WMX2LZVA,CF (ItemKNN),0.0,0.0
AHBNNN3WP6EAZS4CE2L3WMX2LZVA,Content (Avg Emb),0.0,0.0
AHBNNN3WP6EAZS4CE2L3WMX2LZVA,Last-Item,0.0,0.0
AHBNNN3WP6EAZS4CE2L3WMX2LZVA,Avg-Last-10,0.045454545454545456,0.0
AHBNNN3WP6EAZS4CE2L3WMX2LZVA,Recency-Weighted,0.045454545454545456,0.0
AHBNNN3WP6EAZS4CE2L3WMX2LZVA,Essence (K=10),0.0,0.0
AHBQIZZ6GS4UBTPA42CEBXXIG74A,Random,0.0,
AHBQIZZ6GS4UBTPA42CEBXXIG74A,Popularity,0.0,
AHBQIZZ6GS4UBTPA42CEBXXIG74A,CF (ItemKNN),0.0,
AHBQIZZ6GS4UBTPA42CEBXXIG74A,Content (Avg Emb),0.0,
AHBQIZZ6GS4UBTPA42CEBXXIG74A,Last-Item,0.2,
AHBQIZZ6GS4UBTPA42CEBXXIG74A,Avg-Last-10,0.0,
AHBQIZZ6GS4UBTPA42CEBXXIG74A,Recency-Weighted,0.0,
AHBQIZZ6GS4UBTPA42CEBXXIG74A,Essence (K=10),0.0,
AHBR43VQZQAXO6SXREG4RK2F7TUQ,Random,0.0,
AHBR43VQZQAXO6SXREG4RK2F7TUQ,Popularity,0.0,
AHBR43VQZQAXO6SXREG4RK2F7TUQ,CF (ItemKNN),0.0,
AHBR43VQZQAXO6SXREG4RK2F7TUQ,Content (Avg Emb),0.25,
AHBR43VQZQAXO6SXREG4RK2F7TUQ,Last-Item,0.5,
AHBR43VQZQAXO6SXREG4RK2F7TUQ,Avg-Last-10,0.0,
AHBR43VQZQAXO6SXREG4RK2F7TUQ,Recency-Weighted,0.5,
AHBR43VQZQAXO6SXREG4RK2F7TUQ,Essence (K=10),0.0,
AHBSQB6TWXSHLVKFSV3XCKNB7ZUA,Random,0.0,0.0
AHBSQB6TWXSHLVKFSV3XCKNB7ZUA,Popularity,0.0,0.0
AHBSQB6TWXSHLVKFSV3XCKNB7ZUA,CF (ItemKNN),0.0,0.0
AHBSQB6TWXSHLVKFSV3XCKNB7ZUA,Content (Avg Emb),0.0,0.0
AHBSQB6TWXSHLVKFSV3XCKNB7ZUA,Last-Item,0.0,0.0
AHBSQB6TWXSHLVKFSV3XCKNB7ZUA,Avg-Last-10,0.0,0.0
AHBSQB6TWXSHLVKFSV3XCKNB7ZUA,Recency-Weighted,0.0,0.0
AHBSQB6TWXSHLVKFSV3XCKNB7ZUA,Essence (K=10),0.0,0.0
AHBV6N7SMLYCSYO7KOXKUEWGQ23A,Random,0.0,0.0
AHBV6N7SMLYCSYO7KOXKUEWGQ23A,Popularity,0.0,0.0
AHBV6N7SMLYCSYO7KOXKUEWGQ23A,CF (ItemKNN),0.0,0.0
AHBV6N7SMLYCSYO7KOXKUEWGQ23A,Content (Avg Emb),0.0,0.0
AHBV6N7SMLYCSYO7KOXKUEWGQ23A,Last-Item,0.0,0.0
AHBV6N7SMLYCSYO7KOXKUEWGQ23A,Avg-Last-10,0.0,0.0
AHBV6N7SMLYCSYO7KOXKUEWGQ23A,Recency-Weighted,0.0,0.0
AHBV6N7SMLYCSYO7KOXKUEWGQ23A,Essence (K=10),0.0,0.0
AHBXKJVCPWFBVEBUI5GBB3KHWPUA,Random,0.0,
AHBXKJVCPWFBVEBUI5GBB3KHWPUA,Popularity,0.0,
AHBXKJVCPWFBVEBUI5GBB3KHWPUA,CF (ItemKNN),0.0,
AHBXKJVCPWFBVEBUI5GBB3KHWPUA,Content (Avg Emb),0.0,
AHBXKJVCPWFBVEBUI5GBB3KHWPUA,Last-Item,0.0,
AHBXKJVCPWFBVEBUI5GBB3KHWPUA,Avg-Last-10,0.0,
AHBXKJVCPWFBVEBUI5GBB3KHWPUA,Recency-Weighted,0.0,
AHBXKJVCPWFBVEBUI5GBB3KHWPUA,Essence (K=10),0.0,
AHBXYDUBS5QIJ63BUYSPBXI6EIZA,Random,0.0,
AHBXYDUBS5QIJ63BUYSPBXI6EIZA,Popularity,0.0,
AHBXYDUBS5QIJ63BUYSPBXI6EIZA,CF (ItemKNN),0.0,
AHBXYDUBS5QIJ63BUYSPBXI6EIZA,Content (Avg Emb),0.0,
AHBXYDUBS5QIJ63BUYSPBXI6EIZA,Last-Item,0.0,
AHBXYDUBS5QIJ63BUYSPBXI6EIZA,Avg-Last-10,0.0,
AHBXYDUBS5QIJ63BUYSPBXI6EIZA,Recency-Weighted,0.0,
AHBXYDUBS5QIJ63BUYSPBXI6EIZA,Essence (K=10),0.0,
AHBYZHBIXYOWKJP4K637JMUETK6Q,Random,0.0,0.0
AHBYZHBIXYOWKJP4K637JMUETK6Q,Popularity,0.0,0.0
AHBYZHBIXYOWKJP4K637JMUETK6Q,CF (ItemKNN),0.0,0.0
AHBYZHBIXYOWKJP4K637JMUETK6Q,Content (Avg Emb),0.0,0.0
AHBYZHBIXYOWKJP4K637JMUETK6Q,Last-Item,0.25,0.0
AHBYZHBIXYOWKJP4K637JMUETK6Q,Avg-Last-10,0.0,0.0
AHBYZHBIXYOWKJP4K637JMUETK6Q,Recency-Weighted,0.0,0.0
AHBYZHBIXYOWKJP4K637JMUETK6Q,Essence (K=10),0.0,0.0
AHC26OORKQI5M3L2DKSTNBYC7ELQ,Random,0.0,
AHC26OORKQI5M3L2DKSTNBYC7ELQ,Popularity,0.0,
AHC26OORKQI5M3L2DKSTNBYC7ELQ,CF (ItemKNN),0.0,
AHC26OORKQI5M3L2DKSTNBYC7ELQ,Content (Avg Emb),0.0,
AHC26OORKQI5M3L2DKSTNBYC7ELQ,Last-Item,0.0,
AHC26OORKQI5M3L2DKSTNBYC7ELQ,Avg-Last-10,0.0,
AHC26OORKQI5M3L2DKSTNBYC7ELQ,Recency-Weighted,0.0,
AHC26OORKQI5M3L2DKSTNBYC7ELQ,Essence (K=10),0.0,
AHC2UCNVGDOJL7NMI4T2PKNDJ4AA,Random,0.0,
AHC2UCNVGDOJL7NMI4T2PKNDJ4AA,Popularity,0.0,
AHC2UCNVGDOJL7NMI4T2PKNDJ4AA,CF (ItemKNN),0.0,
AHC2UCNVGDOJL7NMI4T2PKNDJ4AA,Content (Avg Emb),0.0,
AHC2UCNVGDOJL7NMI4T2PKNDJ4AA,Last-Item,0.0,
AHC2UCNVGDOJL7NMI4T2PKNDJ4AA,Avg-Last-10,0.0,
AHC2UCNVGDOJL7NMI4T2PKNDJ4AA,Recency-Weighted,0.0,
AHC2UCNVGDOJL7NMI4T2PKNDJ4AA,Essence (K=10),0.0,
AHC4BO347TKZ56VXV7A7LNPGRPJQ,Random,0.0,0.0
AHC4BO347TKZ56VXV7A7LNPGRPJQ,Popularity,0.0,0.0
AHC4BO347TKZ56VXV7A7LNPGRPJQ,CF (ItemKNN),0.0,0.0
AHC4BO347TKZ56VXV7A7LNPGRPJQ,Content (Avg Emb),0.0,0.0
AHC4BO347TKZ56VXV7A7LNPGRPJQ,Last-Item,0.42857142857142855,0.3333333333333333
AHC4BO347TKZ56VXV7A7LNPGRPJQ,Avg-Last-10,0.7142857142857143,0.6666666666666666
AHC4BO347TKZ56VXV7A7LNPGRPJQ,Recency-Weighted,0.8571428571428571,1.0
AHC4BO347TKZ56VXV7A7LNPGRPJQ,Essence (K=10),0.5714285714285714,0.6666666666666666
AHC63CIJHAWITWZUIVS4GFEKTMDA,Random,0.0,0.0
AHC63CIJHAWITWZUIVS4GFEKTMDA,Popularity,0.0,0.0
AHC63CIJHAWITWZUIVS4GFEKTMDA,CF (ItemKNN),0.0,0.0
AHC63CIJHAWITWZUIVS4GFEKTMDA,Content (Avg Emb),0.0,0.0
AHC63CIJHAWITWZUIVS4GFEKTMDA,Last-Item,0.0,0.0
AHC63CIJHAWITWZUIVS4GFEKTMDA,Avg-Last-10,0.0,0.0
AHC63CIJHAWITWZUIVS4GFEKTMDA,Recency-Weighted,0.0,0.0
AHC63CIJHAWITWZUIVS4GFEKTMDA,Essence (K=10),0.0,0.0
AHCBBCQVAD225EAIYRIH7YRFTZZQ,Random,0.0,0.0
AHCBBCQVAD225EAIYRIH7YRFTZZQ,Popularity,0.0,0.0
AHCBBCQVAD225EAIYRIH7YRFTZZQ,CF (ItemKNN),0.0,0.0
AHCBBCQVAD225EAIYRIH7YRFTZZQ,Content (Avg Emb),0.0,0.0
AHCBBCQVAD225EAIYRIH7YRFTZZQ,Last-Item,0.0,0.0
AHCBBCQVAD225EAIYRIH7YRFTZZQ,Avg-Last-10,0.0,0.0
AHCBBCQVAD225EAIYRIH7YRFTZZQ,Recency-Weighted,0.0,0.0
AHCBBCQVAD225EAIYRIH7YRFTZZQ,Essence (K=10),0.0,0.0
AHCDHPEM4KAB5QQ37YWQ3NUMU25Q,Random,0.0,
AHCDHPEM4KAB5QQ37YWQ3NUMU25Q,Popularity,0.0,
AHCDHPEM4KAB5QQ37YWQ3NUMU25Q,CF (ItemKNN),0.0,
AHCDHPEM4KAB5QQ37YWQ3NUMU25Q,Content (Avg Emb),0.0,
AHCDHPEM4KAB5QQ37YWQ3NUMU25Q,Last-Item,0.0,
AHCDHPEM4KAB5QQ37YWQ3NUMU25Q,Avg-Last-10,0.0,
AHCDHPEM4KAB5QQ37YWQ3NUMU25Q,Recency-Weighted,0.0,
AHCDHPEM4KAB5QQ37YWQ3NUMU25Q,Essence (K=10),0.0,
AHCERA74RFSSUO3SHHUT4GU7YSBA,Random,0.0,
AHCERA74RFSSUO3SHHUT4GU7YSBA,Popularity,0.0,
AHCERA74RFSSUO3SHHUT4GU7YSBA,CF (ItemKNN),0.0,
AHCERA74RFSSUO3SHHUT4GU7YSBA,Content (Avg Emb),0.0,
AHCERA74RFSSUO3SHHUT4GU7YSBA,Last-Item,0.0,
AHCERA74RFSSUO3SHHUT4GU7YSBA,Avg-Last-10,0.0,
AHCERA74RFSSUO3SHHUT4GU7YSBA,Recency-Weighted,0.0,
AHCERA74RFSSUO3SHHUT4GU7YSBA,Essence (K=10),0.0,
AHCL42PSR76MZ7BQXGEMB6Q6TINQ,Random,0.0,
AHCL42PSR76MZ7BQXGEMB6Q6TINQ,Popularity,0.0,
AHCL42PSR76MZ7BQXGEMB6Q6TINQ,CF (ItemKNN),0.0,
AHCL42PSR76MZ7BQXGEMB6Q6TINQ,Content (Avg Emb),0.0,
AHCL42PSR76MZ7BQXGEMB6Q6TINQ,Last-Item,0.5,
AHCL42PSR76MZ7BQXGEMB6Q6TINQ,Avg-Last-10,0.16666666666666666,
AHCL42PSR76MZ7BQXGEMB6Q6TINQ,Recency-Weighted,0.3333333333333333,
AHCL42PSR76MZ7BQXGEMB6Q6TINQ,Essence (K=10),0.0,
AHCOEUZHXSP2JHAHBZC4HSYMN7KA,Random,0.0,
AHCOEUZHXSP2JHAHBZC4HSYMN7KA,Popularity,0.0,
AHCOEUZHXSP2JHAHBZC4HSYMN7KA,CF (ItemKNN),0.0,
AHCOEUZHXSP2JHAHBZC4HSYMN7KA,Content (Avg Emb),0.0,
AHCOEUZHXSP2JHAHBZC4HSYMN7KA,Last-Item,0.0,
AHCOEUZHXSP2JHAHBZC4HSYMN7KA,Avg-Last-10,0.0,
AHCOEUZHXSP2JHAHBZC4HSYMN7KA,Recency-Weighted,0.0,
AHCOEUZHXSP2JHAHBZC4HSYMN7KA,Essence (K=10),0.0,
AHCOIQHGGLVXR4QZGGL3UECGLKCA,Random,0.0,0.0
AHCOIQHGGLVXR4QZGGL3UECGLKCA,Popularity,0.0,0.0
AHCOIQHGGLVXR4QZGGL3UECGLKCA,CF (ItemKNN),0.0,0.0
AHCOIQHGGLVXR4QZGGL3UECGLKCA,Content (Avg Emb),0.0,0.0
AHCOIQHGGLVXR4QZGGL3UECGLKCA,Last-Item,0.0,0.0
AHCOIQHGGLVXR4QZGGL3UECGLKCA,Avg-Last-10,0.0,0.0
AHCOIQHGGLVXR4QZGGL3UECGLKCA,Recency-Weighted,0.0,0.0
AHCOIQHGGLVXR4QZGGL3UECGLKCA,Essence (K=10),0.0,0.0
AHCPT3VK4U7N67BBB3PZMO5HOMWQ,Random,0.0,0.0
AHCPT3VK4U7N67BBB3PZMO5HOMWQ,Popularity,0.0,0.0
AHCPT3VK4U7N67BBB3PZMO5HOMWQ,CF (ItemKNN),0.0,0.0
AHCPT3VK4U7N67BBB3PZMO5HOMWQ,Content (Avg Emb),0.0,0.0
AHCPT3VK4U7N67BBB3PZMO5HOMWQ,Last-Item,0.5,0.0
AHCPT3VK4U7N67BBB3PZMO5HOMWQ,Avg-Last-10,0.0,0.0
AHCPT3VK4U7N67BBB3PZMO5HOMWQ,Recency-Weighted,0.0,0.0
AHCPT3VK4U7N67BBB3PZMO5HOMWQ,Essence (K=10),0.0,0.0
AHCSXIEY245GPNWMQ64T3OC7QKRA,Random,0.0,0.0
AHCSXIEY245GPNWMQ64T3OC7QKRA,Popularity,0.0,0.0
AHCSXIEY245GPNWMQ64T3OC7QKRA,CF (ItemKNN),0.0,0.0
AHCSXIEY245GPNWMQ64T3OC7QKRA,Content (Avg Emb),0.0,0.0
AHCSXIEY245GPNWMQ64T3OC7QKRA,Last-Item,0.0,0.0
AHCSXIEY245GPNWMQ64T3OC7QKRA,Avg-Last-10,0.0,0.0
AHCSXIEY245GPNWMQ64T3OC7QKRA,Recency-Weighted,0.0,0.0
AHCSXIEY245GPNWMQ64T3OC7QKRA,Essence (K=10),0.0,0.0
AHCTLQDXE3CAH4A5FB7Q5EWOLOQA,Random,0.0,
AHCTLQDXE3CAH4A5FB7Q5EWOLOQA,Popularity,0.0,
AHCTLQDXE3CAH4A5FB7Q5EWOLOQA,CF (ItemKNN),0.0,
AHCTLQDXE3CAH4A5FB7Q5EWOLOQA,Content (Avg Emb),0.0,
AHCTLQDXE3CAH4A5FB7Q5EWOLOQA,Last-Item,0.0,
AHCTLQDXE3CAH4A5FB7Q5EWOLOQA,Avg-Last-10,0.0,
AHCTLQDXE3CAH4A5FB7Q5EWOLOQA,Recency-Weighted,0.0,
AHCTLQDXE3CAH4A5FB7Q5EWOLOQA,Essence (K=10),0.0,
AHCUYKKAKEYHF6SVZL7OFESONCEQ,Random,0.0,0.0
AHCUYKKAKEYHF6SVZL7OFESONCEQ,Popularity,0.0,0.0
AHCUYKKAKEYHF6SVZL7OFESONCEQ,CF (ItemKNN),0.0,0.0
AHCUYKKAKEYHF6SVZL7OFESONCEQ,Content (Avg Emb),0.0,0.0
AHCUYKKAKEYHF6SVZL7OFESONCEQ,Last-Item,0.0,0.0
AHCUYKKAKEYHF6SVZL7OFESONCEQ,Avg-Last-10,0.0,0.0
AHCUYKKAKEYHF6SVZL7OFESONCEQ,Recency-Weighted,0.0,0.0
AHCUYKKAKEYHF6SVZL7OFESONCEQ,Essence (K=10),0.0,0.0
AHD3BGIWEBC3OC6TO6ZZ66S6OM4A,Random,0.0,0.0
AHD3BGIWEBC3OC6TO6ZZ66S6OM4A,Popularity,0.0,0.0
AHD3BGIWEBC3OC6TO6ZZ66S6OM4A,CF (ItemKNN),0.0,0.0
AHD3BGIWEBC3OC6TO6ZZ66S6OM4A,Content (Avg Emb),0.0,0.0
AHD3BGIWEBC3OC6TO6ZZ66S6OM4A,Last-Item,0.0,0.0
AHD3BGIWEBC3OC6TO6ZZ66S6OM4A,Avg-Last-10,0.0,0.0
AHD3BGIWEBC3OC6TO6ZZ66S6OM4A,Recency-Weighted,0.0,0.0
AHD3BGIWEBC3OC6TO6ZZ66S6OM4A,Essence (K=10),0.0,0.0
AHD5E44CT6P42QCYBCEMFHEEETQA,Random,0.0,0.0
AHD5E44CT6P42QCYBCEMFHEEETQA,Popularity,0.0,0.0
AHD5E44CT6P42QCYBCEMFHEEETQA,CF (ItemKNN),0.0,0.0
AHD5E44CT6P42QCYBCEMFHEEETQA,Content (Avg Emb),0.0,0.0
AHD5E44CT6P42QCYBCEMFHEEETQA,Last-Item,0.0,0.0
AHD5E44CT6P42QCYBCEMFHEEETQA,Avg-Last-10,0.0,0.0
AHD5E44CT6P42QCYBCEMFHEEETQA,Recency-Weighted,0.0,0.0
AHD5E44CT6P42QCYBCEMFHEEETQA,Essence (K=10),0.0,0.0
AHD6KNB45BFLWHYWDX77PXDMCTYQ,Random,0.0,0.0
AHD6KNB45BFLWHYWDX77PXDMCTYQ,Popularity,0.0,0.0
AHD6KNB45BFLWHYWDX77PXDMCTYQ,CF (ItemKNN),0.0,0.0
AHD6KNB45BFLWHYWDX77PXDMCTYQ,Content (Avg Emb),0.0,0.0
AHD6KNB45BFLWHYWDX77PXDMCTYQ,Last-Item,0.0,0.0
AHD6KNB45BFLWHYWDX77PXDMCTYQ,Avg-Last-10,0.0,0.0
AHD6KNB45BFLWHYWDX77PXDMCTYQ,Recency-Weighted,0.0,0.0
AHD6KNB45BFLWHYWDX77PXDMCTYQ,Essence (K=10),0.0,0.0
AHD6OU55BHTDANYIP3XG5YLDCNBQ,Random,0.0,
AHD6OU55BHTDANYIP3XG5YLDCNBQ,Popularity,0.0,
AHD6OU55BHTDANYIP3XG5YLDCNBQ,CF (ItemKNN),0.0,
AHD6OU55BHTDANYIP3XG5YLDCNBQ,Content (Avg Emb),0.0,
AHD6OU55BHTDANYIP3XG5YLDCNBQ,Last-Item,0.0,
AHD6OU55BHTDANYIP3XG5YLDCNBQ,Avg-Last-10,0.0,
AHD6OU55BHTDANYIP3XG5YLDCNBQ,Recency-Weighted,0.0,
AHD6OU55BHTDANYIP3XG5YLDCNBQ,Essence (K=10),0.0,
AHDAOOS7ZF7FKCYMKJDOTZLVIGDA,Random,0.0,
AHDAOOS7ZF7FKCYMKJDOTZLVIGDA,Popularity,0.0,
AHDAOOS7ZF7FKCYMKJDOTZLVIGDA,CF (ItemKNN),0.0,
AHDAOOS7ZF7FKCYMKJDOTZLVIGDA,Content (Avg Emb),0.0,
AHDAOOS7ZF7FKCYMKJDOTZLVIGDA,Last-Item,0.0,
AHDAOOS7ZF7FKCYMKJDOTZLVIGDA,Avg-Last-10,0.0,
AHDAOOS7ZF7FKCYMKJDOTZLVIGDA,Recency-Weighted,0.0,
AHDAOOS7ZF7FKCYMKJDOTZLVIGDA,Essence (K=10),0.0,
AHDINJIY2ZOQAASDUYXU3YQHB3PQ,Random,0.0,
AHDINJIY2ZOQAASDUYXU3YQHB3PQ,Popularity,0.0,
AHDINJIY2ZOQAASDUYXU3YQHB3PQ,CF (ItemKNN),0.0,
AHDINJIY2ZOQAASDUYXU3YQHB3PQ,Content (Avg Emb),0.0,
AHDINJIY2ZOQAASDUYXU3YQHB3PQ,Last-Item,0.75,
AHDINJIY2ZOQAASDUYXU3YQHB3PQ,Avg-Last-10,0.0,
AHDINJIY2ZOQAASDUYXU3YQHB3PQ,Recency-Weighted,0.0,
AHDINJIY2ZOQAASDUYXU3YQHB3PQ,Essence (K=10),0.0,
AHDO5JFP3SEF53TPETFYPXJ7PMVA,Random,0.0,
AHDO5JFP3SEF53TPETFYPXJ7PMVA,Popularity,0.0,
AHDO5JFP3SEF53TPETFYPXJ7PMVA,CF (ItemKNN),0.0,
AHDO5JFP3SEF53TPETFYPXJ7PMVA,Content (Avg Emb),0.0,
AHDO5JFP3SEF53TPETFYPXJ7PMVA,Last-Item,0.0,
AHDO5JFP3SEF53TPETFYPXJ7PMVA,Avg-Last-10,0.0,
AHDO5JFP3SEF53TPETFYPXJ7PMVA,Recency-Weighted,0.0,
AHDO5JFP3SEF53TPETFYPXJ7PMVA,Essence (K=10),0.0,
AHDOV4NJ2OP57PU7BVFQO6UNY75A,Random,0.0,
AHDOV4NJ2OP57PU7BVFQO6UNY75A,Popularity,0.0,
AHDOV4NJ2OP57PU7BVFQO6UNY75A,CF (ItemKNN),0.0,
AHDOV4NJ2OP57PU7BVFQO6UNY75A,Content (Avg Emb),0.0,
AHDOV4NJ2OP57PU7BVFQO6UNY75A,Last-Item,0.0,
AHDOV4NJ2OP57PU7BVFQO6UNY75A,Avg-Last-10,0.0,
AHDOV4NJ2OP57PU7BVFQO6UNY75A,Recency-Weighted,0.0,
AHDOV4NJ2OP57PU7BVFQO6UNY75A,Essence (K=10),0.0,
AHDQA5DIZXVNVK5MBSRLSNICS46Q,Random,0.0,
AHDQA5DIZXVNVK5MBSRLSNICS46Q,Popularity,0.0,
AHDQA5DIZXVNVK5MBSRLSNICS46Q,CF (ItemKNN),0.0,
AHDQA5DIZXVNVK5MBSRLSNICS46Q,Content (Avg Emb),0.0,
AHDQA5DIZXVNVK5MBSRLSNICS46Q,Last-Item,0.0,
AHDQA5DIZXVNVK5MBSRLSNICS46Q,Avg-Last-10,0.0,
AHDQA5DIZXVNVK5MBSRLSNICS46Q,Recency-Weighted,0.0,
AHDQA5DIZXVNVK5MBSRLSNICS46Q,Essence (K=10),0.0,
AHDQXTSMSMAV6UYYP7BYPCKKLLQQ,Random,0.0,0.0
AHDQXTSMSMAV6UYYP7BYPCKKLLQQ,Popularity,0.0,0.0
AHDQXTSMSMAV6UYYP7BYPCKKLLQQ,CF (ItemKNN),0.0,0.0
AHDQXTSMSMAV6UYYP7BYPCKKLLQQ,Content (Avg Emb),0.0,0.0
AHDQXTSMSMAV6UYYP7BYPCKKLLQQ,Last-Item,0.0,0.0
AHDQXTSMSMAV6UYYP7BYPCKKLLQQ,Avg-Last-10,0.0,0.0
AHDQXTSMSMAV6UYYP7BYPCKKLLQQ,Recency-Weighted,0.0,0.0
AHDQXTSMSMAV6UYYP7BYPCKKLLQQ,Essence (K=10),0.0,0.0
AHDSFTAHBSAMK76UI5QWO4S34OWA,Random,0.0,
AHDSFTAHBSAMK76UI5QWO4S34OWA,Popularity,0.0,
AHDSFTAHBSAMK76UI5QWO4S34OWA,CF (ItemKNN),0.0,
AHDSFTAHBSAMK76UI5QWO4S34OWA,Content (Avg Emb),0.0,
AHDSFTAHBSAMK76UI5QWO4S34OWA,Last-Item,0.0,
AHDSFTAHBSAMK76UI5QWO4S34OWA,Avg-Last-10,0.0,
AHDSFTAHBSAMK76UI5QWO4S34OWA,Recency-Weighted,0.0,
AHDSFTAHBSAMK76UI5QWO4S34OWA,Essence (K=10),0.0,
AHDSMV4ASXK7OG7TWKQARZNR2JOA,Random,0.0,0.0
AHDSMV4ASXK7OG7TWKQARZNR2JOA,Popularity,0.0,0.0
AHDSMV4ASXK7OG7TWKQARZNR2JOA,CF (ItemKNN),0.0,0.0
AHDSMV4ASXK7OG7TWKQARZNR2JOA,Content (Avg Emb),0.0,0.0
AHDSMV4ASXK7OG7TWKQARZNR2JOA,Last-Item,0.0,0.0
AHDSMV4ASXK7OG7TWKQARZNR2JOA,Avg-Last-10,0.0,0.0
AHDSMV4ASXK7OG7TWKQARZNR2JOA,Recency-Weighted,0.0,0.0
AHDSMV4ASXK7OG7TWKQARZNR2JOA,Essence (K=10),0.0,0.0
AHDYMKT3VH2H7H7QC7TWEBY5XURA,Random,0.0,0.0
AHDYMKT3VH2H7H7QC7TWEBY5XURA,Popularity,0.0,0.0
AHDYMKT3VH2H7H7QC7TWEBY5XURA,CF (ItemKNN),0.0,0.0
AHDYMKT3VH2H7H7QC7TWEBY5XURA,Content (Avg Emb),0.0,0.0
AHDYMKT3VH2H7H7QC7TWEBY5XURA,Last-Item,0.0,0.0
AHDYMKT3VH2H7H7QC7TWEBY5XURA,Avg-Last-10,0.0,0.0
AHDYMKT3VH2H7H7QC7TWEBY5XURA,Recency-Weighted,0.0,0.0
AHDYMKT3VH2H7H7QC7TWEBY5XURA,Essence (K=10),0.0,0.0
AHDYZBSWTNZZI57ZCRFULMBRMVYA,Random,0.0,
AHDYZBSWTNZZI57ZCRFULMBRMVYA,Popularity,0.0,
AHDYZBSWTNZZI57ZCRFULMBRMVYA,CF (ItemKNN),0.0,
AHDYZBSWTNZZI57ZCRFULMBRMVYA,Content (Avg Emb),0.0,
AHDYZBSWTNZZI57ZCRFULMBRMVYA,Last-Item,0.0,
AHDYZBSWTNZZI57ZCRFULMBRMVYA,Avg-Last-10,0.0,
AHDYZBSWTNZZI57ZCRFULMBRMVYA,Recency-Weighted,0.0,
AHDYZBSWTNZZI57ZCRFULMBRMVYA,Essence (K=10),0.0,
AHE7UBJRLBMTOILTDRB67VKAPYQA,Random,0.0,0.0
AHE7UBJRLBMTOILTDRB67VKAPYQA,Popularity,0.0,0.0
AHE7UBJRLBMTOILTDRB67VKAPYQA,CF (ItemKNN),0.0,0.0
AHE7UBJRLBMTOILTDRB67VKAPYQA,Content (Avg Emb),0.0,0.0
AHE7UBJRLBMTOILTDRB67VKAPYQA,Last-Item,0.0,0.0
AHE7UBJRLBMTOILTDRB67VKAPYQA,Avg-Last-10,0.0,0.0
AHE7UBJRLBMTOILTDRB67VKAPYQA,Recency-Weighted,0.0,0.0
AHE7UBJRLBMTOILTDRB67VKAPYQA,Essence (K=10),0.0,0.0
AHEB7Z2246WGYYOCDHGVG225VIGQ,Random,0.0,
AHEB7Z2246WGYYOCDHGVG225VIGQ,Popularity,0.0,
AHEB7Z2246WGYYOCDHGVG225VIGQ,CF (ItemKNN),0.0,
AHEB7Z2246WGYYOCDHGVG225VIGQ,Content (Avg Emb),0.0,
AHEB7Z2246WGYYOCDHGVG225VIGQ,Last-Item,0.0,
AHEB7Z2246WGYYOCDHGVG225VIGQ,Avg-Last-10,0.0,
AHEB7Z2246WGYYOCDHGVG225VIGQ,Recency-Weighted,0.0,
AHEB7Z2246WGYYOCDHGVG225VIGQ,Essence (K=10),0.0,
AHEBYBJOMMX7BA5XDHBJFNSIFJRQ,Random,0.0,
AHEBYBJOMMX7BA5XDHBJFNSIFJRQ,Popularity,0.0,
AHEBYBJOMMX7BA5XDHBJFNSIFJRQ,CF (ItemKNN),0.0,
AHEBYBJOMMX7BA5XDHBJFNSIFJRQ,Content (Avg Emb),0.0,
AHEBYBJOMMX7BA5XDHBJFNSIFJRQ,Last-Item,0.16666666666666666,
AHEBYBJOMMX7BA5XDHBJFNSIFJRQ,Avg-Last-10,0.0,
AHEBYBJOMMX7BA5XDHBJFNSIFJRQ,Recency-Weighted,0.0,
AHEBYBJOMMX7BA5XDHBJFNSIFJRQ,Essence (K=10),0.0,
AHECIEO4LPDHTUTJJI55KZIQ6XTQ,Random,0.0,
AHECIEO4LPDHTUTJJI55KZIQ6XTQ,Popularity,0.0,
AHECIEO4LPDHTUTJJI55KZIQ6XTQ,CF (ItemKNN),0.0,
AHECIEO4LPDHTUTJJI55KZIQ6XTQ,Content (Avg Emb),0.0,
AHECIEO4LPDHTUTJJI55KZIQ6XTQ,Last-Item,0.0,
AHECIEO4LPDHTUTJJI55KZIQ6XTQ,Avg-Last-10,0.0,
AHECIEO4LPDHTUTJJI55KZIQ6XTQ,Recency-Weighted,0.0,
AHECIEO4LPDHTUTJJI55KZIQ6XTQ,Essence (K=10),0.0,
AHECTBUDYXS5QVQKVULXZWEP3KSQ,Random,0.0,
AHECTBUDYXS5QVQKVULXZWEP3KSQ,Popularity,0.0,
AHECTBUDYXS5QVQKVULXZWEP3KSQ,CF (ItemKNN),0.0,
AHECTBUDYXS5QVQKVULXZWEP3KSQ,Content (Avg Emb),0.0,
AHECTBUDYXS5QVQKVULXZWEP3KSQ,Last-Item,0.0,
AHECTBUDYXS5QVQKVULXZWEP3KSQ,Avg-Last-10,0.0,
AHECTBUDYXS5QVQKVULXZWEP3KSQ,Recency-Weighted,0.0,
AHECTBUDYXS5QVQKVULXZWEP3KSQ,Essence (K=10),0.0,
AHEDHSFFEHKHO5NL3F6OQG6BAUHQ,Random,0.0,0.0
AHEDHSFFEHKHO5NL3F6OQG6BAUHQ,Popularity,0.0,0.0
AHEDHSFFEHKHO5NL3F6OQG6BAUHQ,CF (ItemKNN),0.0,0.0
AHEDHSFFEHKHO5NL3F6OQG6BAUHQ,Content (Avg Emb),0.0,0.0
AHEDHSFFEHKHO5NL3F6OQG6BAUHQ,Last-Item,0.0,0.0
AHEDHSFFEHKHO5NL3F6OQG6BAUHQ,Avg-Last-10,0.0,0.0
AHEDHSFFEHKHO5NL3F6OQG6BAUHQ,Recency-Weighted,0.0,0.0
AHEDHSFFEHKHO5NL3F6OQG6BAUHQ,Essence (K=10),0.0,0.0
AHEFTDZILAQKD3BYLQEQ2L4T5NPA,Random,0.0,
AHEFTDZILAQKD3BYLQEQ2L4T5NPA,Popularity,0.0,
AHEFTDZILAQKD3BYLQEQ2L4T5NPA,CF (ItemKNN),0.0,
AHEFTDZILAQKD3BYLQEQ2L4T5NPA,Content (Avg Emb),0.0,
AHEFTDZILAQKD3BYLQEQ2L4T5NPA,Last-Item,0.25,
AHEFTDZILAQKD3BYLQEQ2L4T5NPA,Avg-Last-10,0.0,
AHEFTDZILAQKD3BYLQEQ2L4T5NPA,Recency-Weighted,0.0,
AHEFTDZILAQKD3BYLQEQ2L4T5NPA,Essence (K=10),0.0,
AHEJRUUSVLQO7INJ4DMLILHN4XAA,Random,0.0,0.0
AHEJRUUSVLQO7INJ4DMLILHN4XAA,Popularity,0.0,0.0
AHEJRUUSVLQO7INJ4DMLILHN4XAA,CF (ItemKNN),0.0,0.0
AHEJRUUSVLQO7INJ4DMLILHN4XAA,Content (Avg Emb),0.0,0.0
AHEJRUUSVLQO7INJ4DMLILHN4XAA,Last-Item,0.0,0.0
AHEJRUUSVLQO7INJ4DMLILHN4XAA,Avg-Last-10,0.0,0.0
AHEJRUUSVLQO7INJ4DMLILHN4XAA,Recency-Weighted,0.0,0.0
AHEJRUUSVLQO7INJ4DMLILHN4XAA,Essence (K=10),0.0,0.0
AHEL5Q5A6C7DIDV2IHNA24M5NPCA,Random,0.0,
AHEL5Q5A6C7DIDV2IHNA24M5NPCA,Popularity,0.0,
AHEL5Q5A6C7DIDV2IHNA24M5NPCA,CF (ItemKNN),0.0,
AHEL5Q5A6C7DIDV2IHNA24M5NPCA,Content (Avg Emb),0.0,
AHEL5Q5A6C7DIDV2IHNA24M5NPCA,Last-Item,0.0,
AHEL5Q5A6C7DIDV2IHNA24M5NPCA,Avg-Last-10,0.16666666666666666,
AHEL5Q5A6C7DIDV2IHNA24M5NPCA,Recency-Weighted,0.0,
AHEL5Q5A6C7DIDV2IHNA24M5NPCA,Essence (K=10),0.16666666666666666,
AHENF5GLQ6DRJHYWHXSQN6ZRTGMA,Random,0.0,0.0
AHENF5GLQ6DRJHYWHXSQN6ZRTGMA,Popularity,0.0,0.0
AHENF5GLQ6DRJHYWHXSQN6ZRTGMA,CF (ItemKNN),0.0,0.0
AHENF5GLQ6DRJHYWHXSQN6ZRTGMA,Content (Avg Emb),0.0,0.0
AHENF5GLQ6DRJHYWHXSQN6ZRTGMA,Last-Item,0.0,0.0
AHENF5GLQ6DRJHYWHXSQN6ZRTGMA,Avg-Last-10,0.0,0.0
AHENF5GLQ6DRJHYWHXSQN6ZRTGMA,Recency-Weighted,0.0,0.0
AHENF5GLQ6DRJHYWHXSQN6ZRTGMA,Essence (K=10),0.0,0.0
AHEPFO3RDWWUL2W3SIHBPB752ERA,Random,0.0,0.0
AHEPFO3RDWWUL2W3SIHBPB752ERA,Popularity,0.0,0.0
AHEPFO3RDWWUL2W3SIHBPB752ERA,CF (ItemKNN),0.0,0.0
AHEPFO3RDWWUL2W3SIHBPB752ERA,Content (Avg Emb),0.0,0.0
AHEPFO3RDWWUL2W3SIHBPB752ERA,Last-Item,0.0,0.0
AHEPFO3RDWWUL2W3SIHBPB752ERA,Avg-Last-10,0.0,0.0
AHEPFO3RDWWUL2W3SIHBPB752ERA,Recency-Weighted,0.0,0.0
AHEPFO3RDWWUL2W3SIHBPB752ERA,Essence (K=10),0.0,0.0
AHEWX2DF2BNJ2IRQPRIL6MWRRZBQ,Random,0.0,
AHEWX2DF2BNJ2IRQPRIL6MWRRZBQ,Popularity,0.0,
AHEWX2DF2BNJ2IRQPRIL6MWRRZBQ,CF (ItemKNN),0.0,
AHEWX2DF2BNJ2IRQPRIL6MWRRZBQ,Content (Avg Emb),0.0,
AHEWX2DF2BNJ2IRQPRIL6MWRRZBQ,Last-Item,0.0,
AHEWX2DF2BNJ2IRQPRIL6MWRRZBQ,Avg-Last-10,0.0,
AHEWX2DF2BNJ2IRQPRIL6MWRRZBQ,Recency-Weighted,0.0,
AHEWX2DF2BNJ2IRQPRIL6MWRRZBQ,Essence (K=10),0.0,
AHEXMZGTKLQ7J5ZEMUCPNENBXC2A,Random,0.0,0.0
AHEXMZGTKLQ7J5ZEMUCPNENBXC2A,Popularity,0.0,0.0
AHEXMZGTKLQ7J5ZEMUCPNENBXC2A,CF (ItemKNN),0.0,0.0
AHEXMZGTKLQ7J5ZEMUCPNENBXC2A,Content (Avg Emb),0.0,0.0
AHEXMZGTKLQ7J5ZEMUCPNENBXC2A,Last-Item,0.025,0.0
AHEXMZGTKLQ7J5ZEMUCPNENBXC2A,Avg-Last-10,0.025,0.0
AHEXMZGTKLQ7J5ZEMUCPNENBXC2A,Recency-Weighted,0.025,0.0
AHEXMZGTKLQ7J5ZEMUCPNENBXC2A,Essence (K=10),0.0,0.0
AHEYISTQOHXKD7XVXEORHB2VUEUA,Random,0.0,0.0
AHEYISTQOHXKD7XVXEORHB2VUEUA,Popularity,0.0,0.0
AHEYISTQOHXKD7XVXEORHB2VUEUA,CF (ItemKNN),0.0,0.0
AHEYISTQOHXKD7XVXEORHB2VUEUA,Content (Avg Emb),0.0,0.0
AHEYISTQOHXKD7XVXEORHB2VUEUA,Last-Item,0.0,0.0
AHEYISTQOHXKD7XVXEORHB2VUEUA,Avg-Last-10,0.0,0.0
AHEYISTQOHXKD7XVXEORHB2VUEUA,Recency-Weighted,0.0,0.0
AHEYISTQOHXKD7XVXEORHB2VUEUA,Essence (K=10),0.0,0.0
AHEZ27HN4SEO4XY5WUJCIPDBH4PQ,Random,0.0,
AHEZ27HN4SEO4XY5WUJCIPDBH4PQ,Popularity,0.0,
AHEZ27HN4SEO4XY5WUJCIPDBH4PQ,CF (ItemKNN),0.0,
AHEZ27HN4SEO4XY5WUJCIPDBH4PQ,Content (Avg Emb),0.0,
AHEZ27HN4SEO4XY5WUJCIPDBH4PQ,Last-Item,0.8,
AHEZ27HN4SEO4XY5WUJCIPDBH4PQ,Avg-Last-10,0.4,
AHEZ27HN4SEO4XY5WUJCIPDBH4PQ,Recency-Weighted,0.6,
AHEZ27HN4SEO4XY5WUJCIPDBH4PQ,Essence (K=10),0.0,
AHF56LDX4VQW2PXTEESCT43PSAYA,Random,0.0,0.0
AHF56LDX4VQW2PXTEESCT43PSAYA,Popularity,0.0,0.0
AHF56LDX4VQW2PXTEESCT43PSAYA,CF (ItemKNN),0.0,0.0
AHF56LDX4VQW2PXTEESCT43PSAYA,Content (Avg Emb),0.0,0.0
AHF56LDX4VQW2PXTEESCT43PSAYA,Last-Item,0.0,0.0
AHF56LDX4VQW2PXTEESCT43PSAYA,Avg-Last-10,0.0,0.0
AHF56LDX4VQW2PXTEESCT43PSAYA,Recency-Weighted,0.0,0.0
AHF56LDX4VQW2PXTEESCT43PSAYA,Essence (K=10),0.0,0.0
AHF5N7QT7YWPAR4SLMDJCHL2SS4A,Random,0.0,0.0
AHF5N7QT7YWPAR4SLMDJCHL2SS4A,Popularity,0.0,0.0
AHF5N7QT7YWPAR4SLMDJCHL2SS4A,CF (ItemKNN),0.041666666666666664,0.0
AHF5N7QT7YWPAR4SLMDJCHL2SS4A,Content (Avg Emb),0.0,0.0
AHF5N7QT7YWPAR4SLMDJCHL2SS4A,Last-Item,0.0,0.0
AHF5N7QT7YWPAR4SLMDJCHL2SS4A,Avg-Last-10,0.0,0.0
AHF5N7QT7YWPAR4SLMDJCHL2SS4A,Recency-Weighted,0.0,0.0
AHF5N7QT7YWPAR4SLMDJCHL2SS4A,Essence (K=10),0.041666666666666664,0.14285714285714285
AHF7EZYBTDLWMR526VGFYIJ2TYSA,Random,0.0,0.0
AHF7EZYBTDLWMR526VGFYIJ2TYSA,Popularity,0.0,0.0
AHF7EZYBTDLWMR526VGFYIJ2TYSA,CF (ItemKNN),0.0,0.0
AHF7EZYBTDLWMR526VGFYIJ2TYSA,Content (Avg Emb),0.0,0.0
AHF7EZYBTDLWMR526VGFYIJ2TYSA,Last-Item,0.0,0.0
AHF7EZYBTDLWMR526VGFYIJ2TYSA,Avg-Last-10,0.0,0.0
AHF7EZYBTDLWMR526VGFYIJ2TYSA,Recency-Weighted,0.0,0.0
AHF7EZYBTDLWMR526VGFYIJ2TYSA,Essence (K=10),0.0,0.0
AHF7TPHK72VNTRAA675SXPJ2NVKQ,Random,0.0,0.0
AHF7TPHK72VNTRAA675SXPJ2NVKQ,Popularity,0.0,0.0
AHF7TPHK72VNTRAA675SXPJ2NVKQ,CF (ItemKNN),0.0,0.0
AHF7TPHK72VNTRAA675SXPJ2NVKQ,Content (Avg Emb),0.0,0.0
AHF7TPHK72VNTRAA675SXPJ2NVKQ,Last-Item,0.0,0.0
AHF7TPHK72VNTRAA675SXPJ2NVKQ,Avg-Last-10,0.0,0.0
AHF7TPHK72VNTRAA675SXPJ2NVKQ,Recency-Weighted,0.0,0.0
AHF7TPHK72VNTRAA675SXPJ2NVKQ,Essence (K=10),0.0,0.0
AHFCA4QV3ZE6UFR62M7VYLCFB37Q,Random,0.0,0.0
AHFCA4QV3ZE6UFR62M7VYLCFB37Q,Popularity,0.0,0.0
AHFCA4QV3ZE6UFR62M7VYLCFB37Q,CF (ItemKNN),0.0,0.0
AHFCA4QV3ZE6UFR62M7VYLCFB37Q,Content (Avg Emb),0.0,0.0
AHFCA4QV3ZE6UFR62M7VYLCFB37Q,Last-Item,0.0,0.0
AHFCA4QV3ZE6UFR62M7VYLCFB37Q,Avg-Last-10,0.0,0.0
AHFCA4QV3ZE6UFR62M7VYLCFB37Q,Recency-Weighted,0.0,0.0
AHFCA4QV3ZE6UFR62M7VYLCFB37Q,Essence (K=10),0.0,0.0
AHFDBINXRGCTKGSW6FHIN5Z3OQTA,Random,0.0,0.0
AHFDBINXRGCTKGSW6FHIN5Z3OQTA,Popularity,0.0,0.0
AHFDBINXRGCTKGSW6FHIN5Z3OQTA,CF (ItemKNN),0.0,0.0
AHFDBINXRGCTKGSW6FHIN5Z3OQTA,Content (Avg Emb),0.0,0.0
AHFDBINXRGCTKGSW6FHIN5Z3OQTA,Last-Item,0.0,0.0
AHFDBINXRGCTKGSW6FHIN5Z3OQTA,Avg-Last-10,0.0,0.0
AHFDBINXRGCTKGSW6FHIN5Z3OQTA,Recency-Weighted,0.0,0.0
AHFDBINXRGCTKGSW6FHIN5Z3OQTA,Essence (K=10),0.0,0.0
AHFHPMN6DPWHHDE2UM2KCFVT5L7A,Random,0.0,0.0
AHFHPMN6DPWHHDE2UM2KCFVT5L7A,Popularity,0.0,0.0
AHFHPMN6DPWHHDE2UM2KCFVT5L7A,CF (ItemKNN),0.0,0.0
AHFHPMN6DPWHHDE2UM2KCFVT5L7A,Content (Avg Emb),0.0,0.0
AHFHPMN6DPWHHDE2UM2KCFVT5L7A,Last-Item,0.0,0.0
AHFHPMN6DPWHHDE2UM2KCFVT5L7A,Avg-Last-10,0.0,0.0
AHFHPMN6DPWHHDE2UM2KCFVT5L7A,Recency-Weighted,0.0,0.0
AHFHPMN6DPWHHDE2UM2KCFVT5L7A,Essence (K=10),0.0,0.0
AHFJZGGXIOAUGJLYYWXQKPJEIB4Q,Random,0.0,
AHFJZGGXIOAUGJLYYWXQKPJEIB4Q,Popularity,0.0,
AHFJZGGXIOAUGJLYYWXQKPJEIB4Q,CF (ItemKNN),0.0,
AHFJZGGXIOAUGJLYYWXQKPJEIB4Q,Content (Avg Emb),0.0,
AHFJZGGXIOAUGJLYYWXQKPJEIB4Q,Last-Item,0.0,
AHFJZGGXIOAUGJLYYWXQKPJEIB4Q,Avg-Last-10,0.0,
AHFJZGGXIOAUGJLYYWXQKPJEIB4Q,Recency-Weighted,0.0,
AHFJZGGXIOAUGJLYYWXQKPJEIB4Q,Essence (K=10),0.0,
AHFL2YBAMM2VT6WEGBZNCJKV7SDA,Random,0.0,0.0
AHFL2YBAMM2VT6WEGBZNCJKV7SDA,Popularity,0.0,0.0
AHFL2YBAMM2VT6WEGBZNCJKV7SDA,CF (ItemKNN),0.0,0.0
AHFL2YBAMM2VT6WEGBZNCJKV7SDA,Content (Avg Emb),0.0,0.0
AHFL2YBAMM2VT6WEGBZNCJKV7SDA,Last-Item,0.0,0.0
AHFL2YBAMM2VT6WEGBZNCJKV7SDA,Avg-Last-10,0.0,0.0
AHFL2YBAMM2VT6WEGBZNCJKV7SDA,Recency-Weighted,0.0,0.0
AHFL2YBAMM2VT6WEGBZNCJKV7SDA,Essence (K=10),0.0,0.0
AHFNB3VUQWIY7J6RWAOUZDPFB2AA,Random,0.0,
AHFNB3VUQWIY7J6RWAOUZDPFB2AA,Popularity,0.0,
AHFNB3VUQWIY7J6RWAOUZDPFB2AA,CF (ItemKNN),0.0,
AHFNB3VUQWIY7J6RWAOUZDPFB2AA,Content (Avg Emb),0.0,
AHFNB3VUQWIY7J6RWAOUZDPFB2AA,Last-Item,0.0,
AHFNB3VUQWIY7J6RWAOUZDPFB2AA,Avg-Last-10,0.0,
AHFNB3VUQWIY7J6RWAOUZDPFB2AA,Recency-Weighted,0.0,
AHFNB3VUQWIY7J6RWAOUZDPFB2AA,Essence (K=10),0.0,
AHFOCZS3FUMDE5AQKDIE343IYHGQ,Random,0.0,0.0
AHFOCZS3FUMDE5AQKDIE343IYHGQ,Popularity,0.0,0.0
AHFOCZS3FUMDE5AQKDIE343IYHGQ,CF (ItemKNN),0.0,0.0
AHFOCZS3FUMDE5AQKDIE343IYHGQ,Content (Avg Emb),0.0,0.0
AHFOCZS3FUMDE5AQKDIE343IYHGQ,Last-Item,0.0,0.0
AHFOCZS3FUMDE5AQKDIE343IYHGQ,Avg-Last-10,0.0,0.0
AHFOCZS3FUMDE5AQKDIE343IYHGQ,Recency-Weighted,0.0,0.0
AHFOCZS3FUMDE5AQKDIE343IYHGQ,Essence (K=10),0.0,0.0
AHFPWUSYX7IGIHGTTSC5OV5X7CMQ,Random,0.0,0.0
AHFPWUSYX7IGIHGTTSC5OV5X7CMQ,Popularity,0.0,0.0
AHFPWUSYX7IGIHGTTSC5OV5X7CMQ,CF (ItemKNN),0.0,0.0
AHFPWUSYX7IGIHGTTSC5OV5X7CMQ,Content (Avg Emb),0.0,0.0
AHFPWUSYX7IGIHGTTSC5OV5X7CMQ,Last-Item,0.0,0.0
AHFPWUSYX7IGIHGTTSC5OV5X7CMQ,Avg-Last-10,0.0,0.0
AHFPWUSYX7IGIHGTTSC5OV5X7CMQ,Recency-Weighted,0.0,0.0
AHFPWUSYX7IGIHGTTSC5OV5X7CMQ,Essence (K=10),0.0,0.0
AHFQK4XUSVKS6YGXH7E7QMPE2HCA,Random,0.0,
AHFQK4XUSVKS6YGXH7E7QMPE2HCA,Popularity,0.0,
AHFQK4XUSVKS6YGXH7E7QMPE2HCA,CF (ItemKNN),0.0,
AHFQK4XUSVKS6YGXH7E7QMPE2HCA,Content (Avg Emb),0.0,
AHFQK4XUSVKS6YGXH7E7QMPE2HCA,Last-Item,0.0,
AHFQK4XUSVKS6YGXH7E7QMPE2HCA,Avg-Last-10,0.0,
AHFQK4XUSVKS6YGXH7E7QMPE2HCA,Recency-Weighted,0.0,
AHFQK4XUSVKS6YGXH7E7QMPE2HCA,Essence (K=10),0.0,
AHFTZYXA3PHMGWNNLDTPCJJR4S2A,Random,0.0,0.0
AHFTZYXA3PHMGWNNLDTPCJJR4S2A,Popularity,0.0,0.0
AHFTZYXA3PHMGWNNLDTPCJJR4S2A,CF (ItemKNN),0.0,0.0
AHFTZYXA3PHMGWNNLDTPCJJR4S2A,Content (Avg Emb),0.0,0.0
AHFTZYXA3PHMGWNNLDTPCJJR4S2A,Last-Item,0.0,0.0
AHFTZYXA3PHMGWNNLDTPCJJR4S2A,Avg-Last-10,0.0,0.0
AHFTZYXA3PHMGWNNLDTPCJJR4S2A,Recency-Weighted,0.0,0.0
AHFTZYXA3PHMGWNNLDTPCJJR4S2A,Essence (K=10),0.0,0.0
AHFXPXWYC5CYHFTHDIHE73HLIZZA,Random,0.0,0.0
AHFXPXWYC5CYHFTHDIHE73HLIZZA,Popularity,0.0,0.0
AHFXPXWYC5CYHFTHDIHE73HLIZZA,CF (ItemKNN),0.0,0.0
AHFXPXWYC5CYHFTHDIHE73HLIZZA,Content (Avg Emb),0.0,0.0
AHFXPXWYC5CYHFTHDIHE73HLIZZA,Last-Item,0.0,0.0
AHFXPXWYC5CYHFTHDIHE73HLIZZA,Avg-Last-10,0.0,0.0
AHFXPXWYC5CYHFTHDIHE73HLIZZA,Recency-Weighted,0.0,0.0
AHFXPXWYC5CYHFTHDIHE73HLIZZA,Essence (K=10),0.0,0.0
AHFYPOSFFV4YAOBDGXQOQJIYGSFQ,Random,0.0,
AHFYPOSFFV4YAOBDGXQOQJIYGSFQ,Popularity,0.0,
AHFYPOSFFV4YAOBDGXQOQJIYGSFQ,CF (ItemKNN),0.0,
AHFYPOSFFV4YAOBDGXQOQJIYGSFQ,Content (Avg Emb),0.0,
AHFYPOSFFV4YAOBDGXQOQJIYGSFQ,Last-Item,0.0,
AHFYPOSFFV4YAOBDGXQOQJIYGSFQ,Avg-Last-10,0.0,
AHFYPOSFFV4YAOBDGXQOQJIYGSFQ,Recency-Weighted,0.0,
AHFYPOSFFV4YAOBDGXQOQJIYGSFQ,Essence (K=10),0.0,
AHFZOFMCVXKZXZAOGE7EEVTTECAA,Random,0.0,0.0
AHFZOFMCVXKZXZAOGE7EEVTTECAA,Popularity,0.0,0.0
AHFZOFMCVXKZXZAOGE7EEVTTECAA,CF (ItemKNN),0.0,0.0
AHFZOFMCVXKZXZAOGE7EEVTTECAA,Content (Avg Emb),0.0,0.0
AHFZOFMCVXKZXZAOGE7EEVTTECAA,Last-Item,0.045454545454545456,0.0
AHFZOFMCVXKZXZAOGE7EEVTTECAA,Avg-Last-10,0.09090909090909091,0.2
AHFZOFMCVXKZXZAOGE7EEVTTECAA,Recency-Weighted,0.0,0.0
AHFZOFMCVXKZXZAOGE7EEVTTECAA,Essence (K=10),0.0,0.0
AHG5LGWYONJWCM7P2JQPLXFTUSRQ,Random,0.0,
AHG5LGWYONJWCM7P2JQPLXFTUSRQ,Popularity,0.0,
AHG5LGWYONJWCM7P2JQPLXFTUSRQ,CF (ItemKNN),0.0,
AHG5LGWYONJWCM7P2JQPLXFTUSRQ,Content (Avg Emb),0.0,
AHG5LGWYONJWCM7P2JQPLXFTUSRQ,Last-Item,0.1111111111111111,
AHG5LGWYONJWCM7P2JQPLXFTUSRQ,Avg-Last-10,0.0,
AHG5LGWYONJWCM7P2JQPLXFTUSRQ,Recency-Weighted,0.0,
AHG5LGWYONJWCM7P2JQPLXFTUSRQ,Essence (K=10),0.0,
AHGAQC2LC4BINRNZ7RUSWQUW7MXQ,Random,0.0,0.0
AHGAQC2LC4BINRNZ7RUSWQUW7MXQ,Popularity,0.0,0.0
AHGAQC2LC4BINRNZ7RUSWQUW7MXQ,CF (ItemKNN),0.0,0.0
AHGAQC2LC4BINRNZ7RUSWQUW7MXQ,Content (Avg Emb),0.0,0.0
AHGAQC2LC4BINRNZ7RUSWQUW7MXQ,Last-Item,0.0,0.0
AHGAQC2LC4BINRNZ7RUSWQUW7MXQ,Avg-Last-10,0.0,0.0
AHGAQC2LC4BINRNZ7RUSWQUW7MXQ,Recency-Weighted,0.0,0.0
AHGAQC2LC4BINRNZ7RUSWQUW7MXQ,Essence (K=10),0.0,0.0
AHGBJGVREO552SJRONXLAA5XYE6Q,Random,0.0,
AHGBJGVREO552SJRONXLAA5XYE6Q,Popularity,0.0,
AHGBJGVREO552SJRONXLAA5XYE6Q,CF (ItemKNN),0.0,
AHGBJGVREO552SJRONXLAA5XYE6Q,Content (Avg Emb),0.0,
AHGBJGVREO552SJRONXLAA5XYE6Q,Last-Item,0.0,
AHGBJGVREO552SJRONXLAA5XYE6Q,Avg-Last-10,0.0,
AHGBJGVREO552SJRONXLAA5XYE6Q,Recency-Weighted,0.0,
AHGBJGVREO552SJRONXLAA5XYE6Q,Essence (K=10),0.0,
AHGH4UCEJLYBM43EPXU6P75B4TVA,Random,0.0,0.0
AHGH4UCEJLYBM43EPXU6P75B4TVA,Popularity,0.0,0.0
AHGH4UCEJLYBM43EPXU6P75B4TVA,CF (ItemKNN),0.0,0.0
AHGH4UCEJLYBM43EPXU6P75B4TVA,Content (Avg Emb),0.16666666666666666,0.0
AHGH4UCEJLYBM43EPXU6P75B4TVA,Last-Item,0.0,0.0
AHGH4UCEJLYBM43EPXU6P75B4TVA,Avg-Last-10,0.6666666666666666,0.5
AHGH4UCEJLYBM43EPXU6P75B4TVA,Recency-Weighted,0.6666666666666666,1.0
AHGH4UCEJLYBM43EPXU6P75B4TVA,Essence (K=10),0.5,0.5
AHGHNNGHPH67QHAFWVGRBDHJAG5A,Random,0.0,0.0
AHGHNNGHPH67QHAFWVGRBDHJAG5A,Popularity,0.0,0.0
AHGHNNGHPH67QHAFWVGRBDHJAG5A,CF (ItemKNN),0.0,0.0
AHGHNNGHPH67QHAFWVGRBDHJAG5A,Content (Avg Emb),0.0,0.0
AHGHNNGHPH67QHAFWVGRBDHJAG5A,Last-Item,0.16666666666666666,1.0
AHGHNNGHPH67QHAFWVGRBDHJAG5A,Avg-Last-10,0.0,0.0
AHGHNNGHPH67QHAFWVGRBDHJAG5A,Recency-Weighted,0.16666666666666666,1.0
AHGHNNGHPH67QHAFWVGRBDHJAG5A,Essence (K=10),0.16666666666666666,1.0
AHGIG5DWVDH4PZHBW52J44EUVRGA,Random,0.0,0.0
AHGIG5DWVDH4PZHBW52J44EUVRGA,Popularity,0.0,0.0
AHGIG5DWVDH4PZHBW52J44EUVRGA,CF (ItemKNN),0.0,0.0
AHGIG5DWVDH4PZHBW52J44EUVRGA,Content (Avg Emb),0.15384615384615385,0.0
AHGIG5DWVDH4PZHBW52J44EUVRGA,Last-Item,0.15384615384615385,0.0
AHGIG5DWVDH4PZHBW52J44EUVRGA,Avg-Last-10,0.15384615384615385,0.0
AHGIG5DWVDH4PZHBW52J44EUVRGA,Recency-Weighted,0.15384615384615385,0.0
AHGIG5DWVDH4PZHBW52J44EUVRGA,Essence (K=10),0.15384615384615385,0.0
AHGLEJHMCBUPA6QBXH4PWGPASIEA,Random,0.0,
AHGLEJHMCBUPA6QBXH4PWGPASIEA,Popularity,0.0,
AHGLEJHMCBUPA6QBXH4PWGPASIEA,CF (ItemKNN),0.0,
AHGLEJHMCBUPA6QBXH4PWGPASIEA,Content (Avg Emb),0.0,
AHGLEJHMCBUPA6QBXH4PWGPASIEA,Last-Item,0.0,
AHGLEJHMCBUPA6QBXH4PWGPASIEA,Avg-Last-10,0.0,
AHGLEJHMCBUPA6QBXH4PWGPASIEA,Recency-Weighted,0.0,
AHGLEJHMCBUPA6QBXH4PWGPASIEA,Essence (K=10),0.0,
AHGLQQCRMTVDHCM3EKXPAVDVCTJQ,Random,0.0,0.0
AHGLQQCRMTVDHCM3EKXPAVDVCTJQ,Popularity,0.0,0.0
AHGLQQCRMTVDHCM3EKXPAVDVCTJQ,CF (ItemKNN),0.0,0.0
AHGLQQCRMTVDHCM3EKXPAVDVCTJQ,Content (Avg Emb),0.0,0.0
AHGLQQCRMTVDHCM3EKXPAVDVCTJQ,Last-Item,0.0,0.0
AHGLQQCRMTVDHCM3EKXPAVDVCTJQ,Avg-Last-10,0.0,0.0
AHGLQQCRMTVDHCM3EKXPAVDVCTJQ,Recency-Weighted,0.0,0.0
AHGLQQCRMTVDHCM3EKXPAVDVCTJQ,Essence (K=10),0.0,0.0
AHGMAJ2FHGNIYWUMS57OFQYF2IKQ,Random,0.0,0.0
AHGMAJ2FHGNIYWUMS57OFQYF2IKQ,Popularity,0.0,0.0
AHGMAJ2FHGNIYWUMS57OFQYF2IKQ,CF (ItemKNN),0.0,0.0
AHGMAJ2FHGNIYWUMS57OFQYF2IKQ,Content (Avg Emb),0.0,0.0
AHGMAJ2FHGNIYWUMS57OFQYF2IKQ,Last-Item,0.0,0.0
AHGMAJ2FHGNIYWUMS57OFQYF2IKQ,Avg-Last-10,0.0,0.0
AHGMAJ2FHGNIYWUMS57OFQYF2IKQ,Recency-Weighted,0.0,0.0
AHGMAJ2FHGNIYWUMS57OFQYF2IKQ,Essence (K=10),0.0,0.0
AHGPURJNGKZIBFGLHIYQESF44RMQ,Random,0.0,
AHGPURJNGKZIBFGLHIYQESF44RMQ,Popularity,0.0,
AHGPURJNGKZIBFGLHIYQESF44RMQ,CF (ItemKNN),0.0,
AHGPURJNGKZIBFGLHIYQESF44RMQ,Content (Avg Emb),0.0,
AHGPURJNGKZIBFGLHIYQESF44RMQ,Last-Item,0.0,
AHGPURJNGKZIBFGLHIYQESF44RMQ,Avg-Last-10,0.0,
AHGPURJNGKZIBFGLHIYQESF44RMQ,Recency-Weighted,0.0,
AHGPURJNGKZIBFGLHIYQESF44RMQ,Essence (K=10),0.0,
AHGRKJQQM3GQDZRIVWKTYEEMTBOQ,Random,0.0,0.0
AHGRKJQQM3GQDZRIVWKTYEEMTBOQ,Popularity,0.0,0.0
AHGRKJQQM3GQDZRIVWKTYEEMTBOQ,CF (ItemKNN),0.0,0.0
AHGRKJQQM3GQDZRIVWKTYEEMTBOQ,Content (Avg Emb),0.0,0.0
AHGRKJQQM3GQDZRIVWKTYEEMTBOQ,Last-Item,0.0,0.0
AHGRKJQQM3GQDZRIVWKTYEEMTBOQ,Avg-Last-10,0.0,0.0
AHGRKJQQM3GQDZRIVWKTYEEMTBOQ,Recency-Weighted,0.0,0.0
AHGRKJQQM3GQDZRIVWKTYEEMTBOQ,Essence (K=10),0.0,0.0
AHGTJXQWGOW2FQ7FIQF7ESR4NB7Q,Random,0.0,
AHGTJXQWGOW2FQ7FIQF7ESR4NB7Q,Popularity,0.0,
AHGTJXQWGOW2FQ7FIQF7ESR4NB7Q,CF (ItemKNN),0.0,
AHGTJXQWGOW2FQ7FIQF7ESR4NB7Q,Content (Avg Emb),0.0,
AHGTJXQWGOW2FQ7FIQF7ESR4NB7Q,Last-Item,0.0,
AHGTJXQWGOW2FQ7FIQF7ESR4NB7Q,Avg-Last-10,0.0,
AHGTJXQWGOW2FQ7FIQF7ESR4NB7Q,Recency-Weighted,0.0,
AHGTJXQWGOW2FQ7FIQF7ESR4NB7Q,Essence (K=10),0.0,
AHGYI7T7J3FXWZ6B2T4YLGUHBYQA,Random,0.0,
AHGYI7T7J3FXWZ6B2T4YLGUHBYQA,Popularity,0.0,
AHGYI7T7J3FXWZ6B2T4YLGUHBYQA,CF (ItemKNN),0.0,
AHGYI7T7J3FXWZ6B2T4YLGUHBYQA,Content (Avg Emb),0.0,
AHGYI7T7J3FXWZ6B2T4YLGUHBYQA,Last-Item,0.0,
AHGYI7T7J3FXWZ6B2T4YLGUHBYQA,Avg-Last-10,0.0,
AHGYI7T7J3FXWZ6B2T4YLGUHBYQA,Recency-Weighted,0.0,
AHGYI7T7J3FXWZ6B2T4YLGUHBYQA,Essence (K=10),0.0,
AHGZ4ZUAI4CVEVEV3IX6TKHKO2VQ,Random,0.0,0.0
AHGZ4ZUAI4CVEVEV3IX6TKHKO2VQ,Popularity,0.0,0.0
AHGZ4ZUAI4CVEVEV3IX6TKHKO2VQ,CF (ItemKNN),0.0,0.0
AHGZ4ZUAI4CVEVEV3IX6TKHKO2VQ,Content (Avg Emb),0.0,0.0
AHGZ4ZUAI4CVEVEV3IX6TKHKO2VQ,Last-Item,0.0,0.0
AHGZ4ZUAI4CVEVEV3IX6TKHKO2VQ,Avg-Last-10,0.0,0.0
AHGZ4ZUAI4CVEVEV3IX6TKHKO2VQ,Recency-Weighted,0.0,0.0
AHGZ4ZUAI4CVEVEV3IX6TKHKO2VQ,Essence (K=10),0.0,0.0
AHH7RJOZAXHDEXUXEZOSPCS2QPNQ,Random,0.0,0.0
AHH7RJOZAXHDEXUXEZOSPCS2QPNQ,Popularity,0.0,0.0
AHH7RJOZAXHDEXUXEZOSPCS2QPNQ,CF (ItemKNN),0.0,0.0
AHH7RJOZAXHDEXUXEZOSPCS2QPNQ,Content (Avg Emb),0.0,0.0
AHH7RJOZAXHDEXUXEZOSPCS2QPNQ,Last-Item,0.0,0.0
AHH7RJOZAXHDEXUXEZOSPCS2QPNQ,Avg-Last-10,0.0,0.0
AHH7RJOZAXHDEXUXEZOSPCS2QPNQ,Recency-Weighted,0.0,0.0
AHH7RJOZAXHDEXUXEZOSPCS2QPNQ,Essence (K=10),0.0,0.0
AHHA5UCWIIYPOHTL7Y6DUIJDBGGA,Random,0.0,0.0
AHHA5UCWIIYPOHTL7Y6DUIJDBGGA,Popularity,0.0,0.0
AHHA5UCWIIYPOHTL7Y6DUIJDBGGA,CF (ItemKNN),0.0,0.0
AHHA5UCWIIYPOHTL7Y6DUIJDBGGA,Content (Avg Emb),0.0,0.0
AHHA5UCWIIYPOHTL7Y6DUIJDBGGA,Last-Item,0.0,0.0
AHHA5UCWIIYPOHTL7Y6DUIJDBGGA,Avg-Last-10,0.0,0.0
AHHA5UCWIIYPOHTL7Y6DUIJDBGGA,Recency-Weighted,0.0,0.0
AHHA5UCWIIYPOHTL7Y6DUIJDBGGA,Essence (K=10),0.0,0.0
AHHC33ZF6BN2B6WKA4WE6ELUGYNA,Random,0.0,0.0
AHHC33ZF6BN2B6WKA4WE6ELUGYNA,Popularity,0.0,0.0
AHHC33ZF6BN2B6WKA4WE6ELUGYNA,CF (ItemKNN),0.0,0.0
AHHC33ZF6BN2B6WKA4WE6ELUGYNA,Content (Avg Emb),0.0,0.0
AHHC33ZF6BN2B6WKA4WE6ELUGYNA,Last-Item,0.0625,0.0
AHHC33ZF6BN2B6WKA4WE6ELUGYNA,Avg-Last-10,0.0,0.0
AHHC33ZF6BN2B6WKA4WE6ELUGYNA,Recency-Weighted,0.0,0.0
AHHC33ZF6BN2B6WKA4WE6ELUGYNA,Essence (K=10),0.0,0.0
AHHCPRO32Y7C3YAIJTZXFK5QEVRQ,Random,0.0,0.0
AHHCPRO32Y7C3YAIJTZXFK5QEVRQ,Popularity,0.0,0.0
AHHCPRO32Y7C3YAIJTZXFK5QEVRQ,CF (ItemKNN),0.0,0.0
AHHCPRO32Y7C3YAIJTZXFK5QEVRQ,Content (Avg Emb),0.0,0.0
AHHCPRO32Y7C3YAIJTZXFK5QEVRQ,Last-Item,0.0,0.0
AHHCPRO32Y7C3YAIJTZXFK5QEVRQ,Avg-Last-10,0.0,0.0
AHHCPRO32Y7C3YAIJTZXFK5QEVRQ,Recency-Weighted,0.0,0.0
AHHCPRO32Y7C3YAIJTZXFK5QEVRQ,Essence (K=10),0.0,0.0
AHHDO7HI4SLGUYQ34M3XYRT6V6FA,Random,0.0,0.0
AHHDO7HI4SLGUYQ34M3XYRT6V6FA,Popularity,0.0,0.0
AHHDO7HI4SLGUYQ34M3XYRT6V6FA,CF (ItemKNN),0.0,0.0
AHHDO7HI4SLGUYQ34M3XYRT6V6FA,Content (Avg Emb),0.0,0.0
AHHDO7HI4SLGUYQ34M3XYRT6V6FA,Last-Item,0.0,0.0
AHHDO7HI4SLGUYQ34M3XYRT6V6FA,Avg-Last-10,0.0,0.0
AHHDO7HI4SLGUYQ34M3XYRT6V6FA,Recency-Weighted,0.0,0.0
AHHDO7HI4SLGUYQ34M3XYRT6V6FA,Essence (K=10),0.0,0.0
AHHFZB6IG3XVYSZGCCKHROEUL2DA,Random,0.0,
AHHFZB6IG3XVYSZGCCKHROEUL2DA,Popularity,0.0,
AHHFZB6IG3XVYSZGCCKHROEUL2DA,CF (ItemKNN),0.0,
AHHFZB6IG3XVYSZGCCKHROEUL2DA,Content (Avg Emb),0.0,
AHHFZB6IG3XVYSZGCCKHROEUL2DA,Last-Item,0.0,
AHHFZB6IG3XVYSZGCCKHROEUL2DA,Avg-Last-10,0.0,
AHHFZB6IG3XVYSZGCCKHROEUL2DA,Recency-Weighted,0.0,
AHHFZB6IG3XVYSZGCCKHROEUL2DA,Essence (K=10),0.0,
AHHQTDUO43ZFEMS6WDVPBERPSSYA,Random,0.0,
AHHQTDUO43ZFEMS6WDVPBERPSSYA,Popularity,0.0,
AHHQTDUO43ZFEMS6WDVPBERPSSYA,CF (ItemKNN),0.0,
AHHQTDUO43ZFEMS6WDVPBERPSSYA,Content (Avg Emb),0.0,
AHHQTDUO43ZFEMS6WDVPBERPSSYA,Last-Item,0.0,
AHHQTDUO43ZFEMS6WDVPBERPSSYA,Avg-Last-10,0.0,
AHHQTDUO43ZFEMS6WDVPBERPSSYA,Recency-Weighted,0.0,
AHHQTDUO43ZFEMS6WDVPBERPSSYA,Essence (K=10),0.0,
AHHS2SR7DXDABY5RQC3KEBQBD46A,Random,0.0,
AHHS2SR7DXDABY5RQC3KEBQBD46A,Popularity,0.2,
AHHS2SR7DXDABY5RQC3KEBQBD46A,CF (ItemKNN),0.0,
AHHS2SR7DXDABY5RQC3KEBQBD46A,Content (Avg Emb),0.0,
AHHS2SR7DXDABY5RQC3KEBQBD46A,Last-Item,0.0,
AHHS2SR7DXDABY5RQC3KEBQBD46A,Avg-Last-10,0.0,
AHHS2SR7DXDABY5RQC3KEBQBD46A,Recency-Weighted,0.0,
AHHS2SR7DXDABY5RQC3KEBQBD46A,Essence (K=10),0.0,
AHHSLXUS6O7CBWFS5A7PSBTBDWSQ,Random,0.0,0.0
AHHSLXUS6O7CBWFS5A7PSBTBDWSQ,Popularity,0.0,0.0
AHHSLXUS6O7CBWFS5A7PSBTBDWSQ,CF (ItemKNN),0.0,0.0
AHHSLXUS6O7CBWFS5A7PSBTBDWSQ,Content (Avg Emb),0.0,0.0
AHHSLXUS6O7CBWFS5A7PSBTBDWSQ,Last-Item,0.0,0.0
AHHSLXUS6O7CBWFS5A7PSBTBDWSQ,Avg-Last-10,0.0,0.0
AHHSLXUS6O7CBWFS5A7PSBTBDWSQ,Recency-Weighted,0.0,0.0
AHHSLXUS6O7CBWFS5A7PSBTBDWSQ,Essence (K=10),0.0,0.0
AHHTB7IEQKX3BPS2LLODGA2FVJUQ,Random,0.0,0.0
AHHTB7IEQKX3BPS2LLODGA2FVJUQ,Popularity,0.0,0.0
AHHTB7IEQKX3BPS2LLODGA2FVJUQ,CF (ItemKNN),0.0,0.0
AHHTB7IEQKX3BPS2LLODGA2FVJUQ,Content (Avg Emb),0.0,0.0
AHHTB7IEQKX3BPS2LLODGA2FVJUQ,Last-Item,0.0,0.0
AHHTB7IEQKX3BPS2LLODGA2FVJUQ,Avg-Last-10,0.0,0.0
AHHTB7IEQKX3BPS2LLODGA2FVJUQ,Recency-Weighted,0.0,0.0
AHHTB7IEQKX3BPS2LLODGA2FVJUQ,Essence (K=10),0.0,0.0
AHHU5MHUTHRJT4IXPB7BK7X7HHZQ,Random,0.0,
AHHU5MHUTHRJT4IXPB7BK7X7HHZQ,Popularity,0.0,
AHHU5MHUTHRJT4IXPB7BK7X7HHZQ,CF (ItemKNN),0.0,
AHHU5MHUTHRJT4IXPB7BK7X7HHZQ,Content (Avg Emb),0.0,
AHHU5MHUTHRJT4IXPB7BK7X7HHZQ,Last-Item,0.0,
AHHU5MHUTHRJT4IXPB7BK7X7HHZQ,Avg-Last-10,0.0,
AHHU5MHUTHRJT4IXPB7BK7X7HHZQ,Recency-Weighted,0.0,
AHHU5MHUTHRJT4IXPB7BK7X7HHZQ,Essence (K=10),0.0,
AHHWJHVVVANM6XPO7EWJUAS55NTQ,Random,0.0,0.0
AHHWJHVVVANM6XPO7EWJUAS55NTQ,Popularity,0.07692307692307693,0.0
AHHWJHVVVANM6XPO7EWJUAS55NTQ,CF (ItemKNN),0.0,0.0
AHHWJHVVVANM6XPO7EWJUAS55NTQ,Content (Avg Emb),0.0,0.0
AHHWJHVVVANM6XPO7EWJUAS55NTQ,Last-Item,0.0,0.0
AHHWJHVVVANM6XPO7EWJUAS55NTQ,Avg-Last-10,0.0,0.0
AHHWJHVVVANM6XPO7EWJUAS55NTQ,Recency-Weighted,0.0,0.0
AHHWJHVVVANM6XPO7EWJUAS55NTQ,Essence (K=10),0.0,0.0
AHHXVCDX625A46BOEFME5UQ5J4IQ,Random,0.0,0.0
AHHXVCDX625A46BOEFME5UQ5J4IQ,Popularity,0.0,0.0
AHHXVCDX625A46BOEFME5UQ5J4IQ,CF (ItemKNN),0.05,1.0
AHHXVCDX625A46BOEFME5UQ5J4IQ,Content (Avg Emb),0.0,0.0
AHHXVCDX625A46BOEFME5UQ5J4IQ,Last-Item,0.0,0.0
AHHXVCDX625A46BOEFME5UQ5J4IQ,Avg-Last-10,0.0,0.0
AHHXVCDX625A46BOEFME5UQ5J4IQ,Recency-Weighted,0.0,0.0
AHHXVCDX625A46BOEFME5UQ5J4IQ,Essence (K=10),0.0,0.0
AHHY5BB4XAO23R2YJSHWEPNUJRPA,Random,0.0,
AHHY5BB4XAO23R2YJSHWEPNUJRPA,Popularity,0.0,
AHHY5BB4XAO23R2YJSHWEPNUJRPA,CF (ItemKNN),0.0,
AHHY5BB4XAO23R2YJSHWEPNUJRPA,Content (Avg Emb),0.0,
AHHY5BB4XAO23R2YJSHWEPNUJRPA,Last-Item,0.0,
AHHY5BB4XAO23R2YJSHWEPNUJRPA,Avg-Last-10,0.0,
AHHY5BB4XAO23R2YJSHWEPNUJRPA,Recency-Weighted,0.0,
AHHY5BB4XAO23R2YJSHWEPNUJRPA,Essence (K=10),0.0,
AHHYEKMY7BUTMXHSTY45FO3HOEFA,Random,0.0,0.0
AHHYEKMY7BUTMXHSTY45FO3HOEFA,Popularity,0.0,0.0
AHHYEKMY7BUTMXHSTY45FO3HOEFA,CF (ItemKNN),0.0,0.0
AHHYEKMY7BUTMXHSTY45FO3HOEFA,Content (Avg Emb),0.0,0.0
AHHYEKMY7BUTMXHSTY45FO3HOEFA,Last-Item,0.25,0.0
AHHYEKMY7BUTMXHSTY45FO3HOEFA,Avg-Last-10,0.0,0.0
AHHYEKMY7BUTMXHSTY45FO3HOEFA,Recency-Weighted,0.0,0.0
AHHYEKMY7BUTMXHSTY45FO3HOEFA,Essence (K=10),0.0,0.0
AHI36BMJQBGFNGFW4XWICD3NN45Q,Random,0.0,0.0
AHI36BMJQBGFNGFW4XWICD3NN45Q,Popularity,0.0,0.0
AHI36BMJQBGFNGFW4XWICD3NN45Q,CF (ItemKNN),0.0,0.0
AHI36BMJQBGFNGFW4XWICD3NN45Q,Content (Avg Emb),0.0,0.0
AHI36BMJQBGFNGFW4XWICD3NN45Q,Last-Item,0.16666666666666666,1.0
AHI36BMJQBGFNGFW4XWICD3NN45Q,Avg-Last-10,0.0,0.0
AHI36BMJQBGFNGFW4XWICD3NN45Q,Recency-Weighted,0.0,0.0
AHI36BMJQBGFNGFW4XWICD3NN45Q,Essence (K=10),0.0,0.0
AHI4RQOFXZS5RY2ORF3IYPFK6DUQ,Random,0.0,0.0
AHI4RQOFXZS5RY2ORF3IYPFK6DUQ,Popularity,0.0,0.0
AHI4RQOFXZS5RY2ORF3IYPFK6DUQ,CF (ItemKNN),0.0,0.0
AHI4RQOFXZS5RY2ORF3IYPFK6DUQ,Content (Avg Emb),0.0,0.0
AHI4RQOFXZS5RY2ORF3IYPFK6DUQ,Last-Item,0.0,0.0
AHI4RQOFXZS5RY2ORF3IYPFK6DUQ,Avg-Last-10,0.0,0.0
AHI4RQOFXZS5RY2ORF3IYPFK6DUQ,Recency-Weighted,0.0,0.0
AHI4RQOFXZS5RY2ORF3IYPFK6DUQ,Essence (K=10),0.0,0.0
AHI62NAZC725DSNVPRSRUVDV6GDQ,Random,0.0,0.0
AHI62NAZC725DSNVPRSRUVDV6GDQ,Popularity,0.0,0.0
AHI62NAZC725DSNVPRSRUVDV6GDQ,CF (ItemKNN),0.0,0.0
AHI62NAZC725DSNVPRSRUVDV6GDQ,Content (Avg Emb),0.0,0.0
AHI62NAZC725DSNVPRSRUVDV6GDQ,Last-Item,0.0,0.0
AHI62NAZC725DSNVPRSRUVDV6GDQ,Avg-Last-10,0.0,0.0
AHI62NAZC725DSNVPRSRUVDV6GDQ,Recency-Weighted,0.0,0.0
AHI62NAZC725DSNVPRSRUVDV6GDQ,Essence (K=10),0.0,0.0
AHI6WM4BNRYV5YLWGOE3UYFMEQNA,Random,0.0,
AHI6WM4BNRYV5YLWGOE3UYFMEQNA,Popularity,0.0,
AHI6WM4BNRYV5YLWGOE3UYFMEQNA,CF (ItemKNN),0.0,
AHI6WM4BNRYV5YLWGOE3UYFMEQNA,Content (Avg Emb),0.0,
AHI6WM4BNRYV5YLWGOE3UYFMEQNA,Last-Item,0.0,
AHI6WM4BNRYV5YLWGOE3UYFMEQNA,Avg-Last-10,0.0,
AHI6WM4BNRYV5YLWGOE3UYFMEQNA,Recency-Weighted,0.0,
AHI6WM4BNRYV5YLWGOE3UYFMEQNA,Essence (K=10),0.0,
AHIFHI7Y5WGAW2SESSLZ5DTM5UWA,Random,0.0,
AHIFHI7Y5WGAW2SESSLZ5DTM5UWA,Popularity,0.0,
AHIFHI7Y5WGAW2SESSLZ5DTM5UWA,CF (ItemKNN),0.0,
AHIFHI7Y5WGAW2SESSLZ5DTM5UWA,Content (Avg Emb),0.0,
AHIFHI7Y5WGAW2SESSLZ5DTM5UWA,Last-Item,0.0,
AHIFHI7Y5WGAW2SESSLZ5DTM5UWA,Avg-Last-10,0.0,
AHIFHI7Y5WGAW2SESSLZ5DTM5UWA,Recency-Weighted,0.0,
AHIFHI7Y5WGAW2SESSLZ5DTM5UWA,Essence (K=10),0.0,
AHIFPYKV3UWORTHILLFFBZPMGDKA,Random,0.0,0.0
AHIFPYKV3UWORTHILLFFBZPMGDKA,Popularity,0.0,0.0
AHIFPYKV3UWORTHILLFFBZPMGDKA,CF (ItemKNN),0.0,0.0
AHIFPYKV3UWORTHILLFFBZPMGDKA,Content (Avg Emb),0.0,0.0
AHIFPYKV3UWORTHILLFFBZPMGDKA,Last-Item,0.0,0.0
AHIFPYKV3UWORTHILLFFBZPMGDKA,Avg-Last-10,0.0,0.0
AHIFPYKV3UWORTHILLFFBZPMGDKA,Recency-Weighted,0.0,0.0
AHIFPYKV3UWORTHILLFFBZPMGDKA,Essence (K=10),0.0,0.0
AHIGI653AVD4ZAZKRNOCJOO625TA,Random,0.0,
AHIGI653AVD4ZAZKRNOCJOO625TA,Popularity,0.0,
AHIGI653AVD4ZAZKRNOCJOO625TA,CF (ItemKNN),0.0,
AHIGI653AVD4ZAZKRNOCJOO625TA,Content (Avg Emb),0.0,
AHIGI653AVD4ZAZKRNOCJOO625TA,Last-Item,0.0,
AHIGI653AVD4ZAZKRNOCJOO625TA,Avg-Last-10,0.0,
AHIGI653AVD4ZAZKRNOCJOO625TA,Recency-Weighted,0.0,
AHIGI653AVD4ZAZKRNOCJOO625TA,Essence (K=10),0.0,
AHIJECIW6JCZHRAZJNRONWQ2YUOQ,Random,0.0,0.0
AHIJECIW6JCZHRAZJNRONWQ2YUOQ,Popularity,0.0,0.0
AHIJECIW6JCZHRAZJNRONWQ2YUOQ,CF (ItemKNN),0.0,0.0
AHIJECIW6JCZHRAZJNRONWQ2YUOQ,Content (Avg Emb),0.0,0.0
AHIJECIW6JCZHRAZJNRONWQ2YUOQ,Last-Item,0.0,0.0
AHIJECIW6JCZHRAZJNRONWQ2YUOQ,Avg-Last-10,0.0,0.0
AHIJECIW6JCZHRAZJNRONWQ2YUOQ,Recency-Weighted,0.0,0.0
AHIJECIW6JCZHRAZJNRONWQ2YUOQ,Essence (K=10),0.0,0.0
AHIMBUNGE5BY7AGOHCR7MIW4MJHQ,Random,0.0,0.0
AHIMBUNGE5BY7AGOHCR7MIW4MJHQ,Popularity,0.0,0.0
AHIMBUNGE5BY7AGOHCR7MIW4MJHQ,CF (ItemKNN),0.0,0.0
AHIMBUNGE5BY7AGOHCR7MIW4MJHQ,Content (Avg Emb),0.0,0.0
AHIMBUNGE5BY7AGOHCR7MIW4MJHQ,Last-Item,0.0,0.0
AHIMBUNGE5BY7AGOHCR7MIW4MJHQ,Avg-Last-10,0.0,0.0
AHIMBUNGE5BY7AGOHCR7MIW4MJHQ,Recency-Weighted,0.0,0.0
AHIMBUNGE5BY7AGOHCR7MIW4MJHQ,Essence (K=10),0.0,0.0
AHIMFIDLFJ477LD6RVSOOI34WR5Q,Random,0.0,0.0
AHIMFIDLFJ477LD6RVSOOI34WR5Q,Popularity,0.0,0.0
AHIMFIDLFJ477LD6RVSOOI34WR5Q,CF (ItemKNN),0.0,0.0
AHIMFIDLFJ477LD6RVSOOI34WR5Q,Content (Avg Emb),0.0,0.0
AHIMFIDLFJ477LD6RVSOOI34WR5Q,Last-Item,0.0,0.0
AHIMFIDLFJ477LD6RVSOOI34WR5Q,Avg-Last-10,0.0,0.0
AHIMFIDLFJ477LD6RVSOOI34WR5Q,Recency-Weighted,0.0,0.0
AHIMFIDLFJ477LD6RVSOOI34WR5Q,Essence (K=10),0.0,0.0
AHIRII225GA6DSWCSEAYZAKM4LAA,Random,0.0,0.0
AHIRII225GA6DSWCSEAYZAKM4LAA,Popularity,0.0,0.0
AHIRII225GA6DSWCSEAYZAKM4LAA,CF (ItemKNN),0.0,0.0
AHIRII225GA6DSWCSEAYZAKM4LAA,Content (Avg Emb),0.0,0.0
AHIRII225GA6DSWCSEAYZAKM4LAA,Last-Item,0.0,0.0
AHIRII225GA6DSWCSEAYZAKM4LAA,Avg-Last-10,0.0,0.0
AHIRII225GA6DSWCSEAYZAKM4LAA,Recency-Weighted,0.0,0.0
AHIRII225GA6DSWCSEAYZAKM4LAA,Essence (K=10),0.0,0.0
AHIVMPEFNGBT47IDAASMWAHAA5FQ,Random,0.0,0.0
AHIVMPEFNGBT47IDAASMWAHAA5FQ,Popularity,0.0,0.0
AHIVMPEFNGBT47IDAASMWAHAA5FQ,CF (ItemKNN),0.0,0.0
AHIVMPEFNGBT47IDAASMWAHAA5FQ,Content (Avg Emb),0.0,0.0
AHIVMPEFNGBT47IDAASMWAHAA5FQ,Last-Item,0.0,0.0
AHIVMPEFNGBT47IDAASMWAHAA5FQ,Avg-Last-10,0.0,0.0
AHIVMPEFNGBT47IDAASMWAHAA5FQ,Recency-Weighted,0.0,0.0
AHIVMPEFNGBT47IDAASMWAHAA5FQ,Essence (K=10),0.0,0.0
AHJ3S3V3XBCJZFF7EE4RALKBJPPQ,Random,0.0,
AHJ3S3V3XBCJZFF7EE4RALKBJPPQ,Popularity,0.0,
AHJ3S3V3XBCJZFF7EE4RALKBJPPQ,CF (ItemKNN),0.0,
AHJ3S3V3XBCJZFF7EE4RALKBJPPQ,Content (Avg Emb),0.045454545454545456,
AHJ3S3V3XBCJZFF7EE4RALKBJPPQ,Last-Item,0.0,
AHJ3S3V3XBCJZFF7EE4RALKBJPPQ,Avg-Last-10,0.0,
AHJ3S3V3XBCJZFF7EE4RALKBJPPQ,Recency-Weighted,0.0,
AHJ3S3V3XBCJZFF7EE4RALKBJPPQ,Essence (K=10),0.0,
AHJCE4QFE6XUUU3GFVS4I4SAJLFA,Random,0.0,0.0
AHJCE4QFE6XUUU3GFVS4I4SAJLFA,Popularity,0.0,0.0
AHJCE4QFE6XUUU3GFVS4I4SAJLFA,CF (ItemKNN),0.0,0.0
AHJCE4QFE6XUUU3GFVS4I4SAJLFA,Content (Avg Emb),0.0,0.0
AHJCE4QFE6XUUU3GFVS4I4SAJLFA,Last-Item,0.0,0.0
AHJCE4QFE6XUUU3GFVS4I4SAJLFA,Avg-Last-10,0.0,0.0
AHJCE4QFE6XUUU3GFVS4I4SAJLFA,Recency-Weighted,0.0,0.0
AHJCE4QFE6XUUU3GFVS4I4SAJLFA,Essence (K=10),0.0,0.0
AHJE2HM5IDGUBEYVT2XB6D337STA,Random,0.0,0.0
AHJE2HM5IDGUBEYVT2XB6D337STA,Popularity,0.0,0.0
AHJE2HM5IDGUBEYVT2XB6D337STA,CF (ItemKNN),0.0,0.0
AHJE2HM5IDGUBEYVT2XB6D337STA,Content (Avg Emb),0.08695652173913043,0.4
AHJE2HM5IDGUBEYVT2XB6D337STA,Last-Item,0.08695652173913043,0.2
AHJE2HM5IDGUBEYVT2XB6D337STA,Avg-Last-10,0.043478260869565216,0.0
AHJE2HM5IDGUBEYVT2XB6D337STA,Recency-Weighted,0.043478260869565216,0.0
AHJE2HM5IDGUBEYVT2XB6D337STA,Essence (K=10),0.043478260869565216,0.2
AHJFLOZ2NQFARWIBFDMGLTINWZHQ,Random,0.0,
AHJFLOZ2NQFARWIBFDMGLTINWZHQ,Popularity,0.0,
AHJFLOZ2NQFARWIBFDMGLTINWZHQ,CF (ItemKNN),0.0,
AHJFLOZ2NQFARWIBFDMGLTINWZHQ,Content (Avg Emb),0.0,
AHJFLOZ2NQFARWIBFDMGLTINWZHQ,Last-Item,0.0,
AHJFLOZ2NQFARWIBFDMGLTINWZHQ,Avg-Last-10,0.0,
AHJFLOZ2NQFARWIBFDMGLTINWZHQ,Recency-Weighted,0.0,
AHJFLOZ2NQFARWIBFDMGLTINWZHQ,Essence (K=10),0.0,
AHJGBNULMBN22YPORQAPS5MW7Q5Q,Random,0.0,0.0
AHJGBNULMBN22YPORQAPS5MW7Q5Q,Popularity,0.0,0.0
AHJGBNULMBN22YPORQAPS5MW7Q5Q,CF (ItemKNN),0.0,0.0
AHJGBNULMBN22YPORQAPS5MW7Q5Q,Content (Avg Emb),0.0,0.0
AHJGBNULMBN22YPORQAPS5MW7Q5Q,Last-Item,0.0,0.0
AHJGBNULMBN22YPORQAPS5MW7Q5Q,Avg-Last-10,0.0,0.0
AHJGBNULMBN22YPORQAPS5MW7Q5Q,Recency-Weighted,0.0,0.0
AHJGBNULMBN22YPORQAPS5MW7Q5Q,Essence (K=10),0.0,0.0
AHJHUQLHM4D4SBTYMATR3ZP27BWQ,Random,0.0,0.0
AHJHUQLHM4D4SBTYMATR3ZP27BWQ,Popularity,0.0,0.0
AHJHUQLHM4D4SBTYMATR3ZP27BWQ,CF (ItemKNN),0.0,0.0
AHJHUQLHM4D4SBTYMATR3ZP27BWQ,Content (Avg Emb),0.0,0.0
AHJHUQLHM4D4SBTYMATR3ZP27BWQ,Last-Item,0.0,0.0
AHJHUQLHM4D4SBTYMATR3ZP27BWQ,Avg-Last-10,0.0,0.0
AHJHUQLHM4D4SBTYMATR3ZP27BWQ,Recency-Weighted,0.0,0.0
AHJHUQLHM4D4SBTYMATR3ZP27BWQ,Essence (K=10),0.0,0.0
AHJIQJMSVUVVVZ6NTAS3QMHKWZQQ,Random,0.0,0.0
AHJIQJMSVUVVVZ6NTAS3QMHKWZQQ,Popularity,0.0,0.0
AHJIQJMSVUVVVZ6NTAS3QMHKWZQQ,CF (ItemKNN),0.0,0.0
AHJIQJMSVUVVVZ6NTAS3QMHKWZQQ,Content (Avg Emb),0.0,0.0
AHJIQJMSVUVVVZ6NTAS3QMHKWZQQ,Last-Item,0.0,0.0
AHJIQJMSVUVVVZ6NTAS3QMHKWZQQ,Avg-Last-10,0.0,0.0
AHJIQJMSVUVVVZ6NTAS3QMHKWZQQ,Recency-Weighted,0.0,0.0
AHJIQJMSVUVVVZ6NTAS3QMHKWZQQ,Essence (K=10),0.0,0.0
AHJJ6UF6NR3IYVXVANX7OA6KIAEQ,Random,0.0,0.0
AHJJ6UF6NR3IYVXVANX7OA6KIAEQ,Popularity,0.0,0.0
AHJJ6UF6NR3IYVXVANX7OA6KIAEQ,CF (ItemKNN),0.0,0.0
AHJJ6UF6NR3IYVXVANX7OA6KIAEQ,Content (Avg Emb),0.0,0.0
AHJJ6UF6NR3IYVXVANX7OA6KIAEQ,Last-Item,0.0,0.0
AHJJ6UF6NR3IYVXVANX7OA6KIAEQ,Avg-Last-10,0.0,0.0
AHJJ6UF6NR3IYVXVANX7OA6KIAEQ,Recency-Weighted,0.0,0.0
AHJJ6UF6NR3IYVXVANX7OA6KIAEQ,Essence (K=10),0.0,0.0
AHJJUTCLPZ4URI5AEYJUOCYLWNIQ,Random,0.0,
AHJJUTCLPZ4URI5AEYJUOCYLWNIQ,Popularity,0.0,
AHJJUTCLPZ4URI5AEYJUOCYLWNIQ,CF (ItemKNN),0.0,
AHJJUTCLPZ4URI5AEYJUOCYLWNIQ,Content (Avg Emb),0.0,
AHJJUTCLPZ4URI5AEYJUOCYLWNIQ,Last-Item,0.0,
AHJJUTCLPZ4URI5AEYJUOCYLWNIQ,Avg-Last-10,0.0,
AHJJUTCLPZ4URI5AEYJUOCYLWNIQ,Recency-Weighted,0.0,
AHJJUTCLPZ4URI5AEYJUOCYLWNIQ,Essence (K=10),0.0,
AHJKAGNMY6PJDFHSPY2WVBPVVLKA,Random,0.0,0.0
AHJKAGNMY6PJDFHSPY2WVBPVVLKA,Popularity,0.0,0.0
AHJKAGNMY6PJDFHSPY2WVBPVVLKA,CF (ItemKNN),0.0,0.0
AHJKAGNMY6PJDFHSPY2WVBPVVLKA,Content (Avg Emb),0.0,0.0
AHJKAGNMY6PJDFHSPY2WVBPVVLKA,Last-Item,0.0,0.0
AHJKAGNMY6PJDFHSPY2WVBPVVLKA,Avg-Last-10,0.0,0.0
AHJKAGNMY6PJDFHSPY2WVBPVVLKA,Recency-Weighted,0.0,0.0
AHJKAGNMY6PJDFHSPY2WVBPVVLKA,Essence (K=10),0.0,0.0
AHJNWJDUI5ORWSUVBJ7SY5YBFD6A,Random,0.0,0.0
AHJNWJDUI5ORWSUVBJ7SY5YBFD6A,Popularity,0.0,0.0
AHJNWJDUI5ORWSUVBJ7SY5YBFD6A,CF (ItemKNN),0.0,0.0
AHJNWJDUI5ORWSUVBJ7SY5YBFD6A,Content (Avg Emb),0.0,0.0
AHJNWJDUI5ORWSUVBJ7SY5YBFD6A,Last-Item,0.0,0.0
AHJNWJDUI5ORWSUVBJ7SY5YBFD6A,Avg-Last-10,0.0,0.0
AHJNWJDUI5ORWSUVBJ7SY5YBFD6A,Recency-Weighted,0.0,0.0
AHJNWJDUI5ORWSUVBJ7SY5YBFD6A,Essence (K=10),0.0,0.0
AHJQ56VV2W6HH5L2TAKARRCRY7EQ,Random,0.0,0.0
AHJQ56VV2W6HH5L2TAKARRCRY7EQ,Popularity,0.0,0.0
AHJQ56VV2W6HH5L2TAKARRCRY7EQ,CF (ItemKNN),0.0,0.0
AHJQ56VV2W6HH5L2TAKARRCRY7EQ,Content (Avg Emb),0.0,0.0
AHJQ56VV2W6HH5L2TAKARRCRY7EQ,Last-Item,0.0,0.0
AHJQ56VV2W6HH5L2TAKARRCRY7EQ,Avg-Last-10,0.0,0.0
AHJQ56VV2W6HH5L2TAKARRCRY7EQ,Recency-Weighted,0.0,0.0
AHJQ56VV2W6HH5L2TAKARRCRY7EQ,Essence (K=10),0.0,0.0
AHJRQ62HQBVA3MMCU3EPZVCMSRAQ,Random,0.0,0.0
AHJRQ62HQBVA3MMCU3EPZVCMSRAQ,Popularity,0.0,0.0
AHJRQ62HQBVA3MMCU3EPZVCMSRAQ,CF (ItemKNN),0.0,0.0
AHJRQ62HQBVA3MMCU3EPZVCMSRAQ,Content (Avg Emb),0.0,0.0
AHJRQ62HQBVA3MMCU3EPZVCMSRAQ,Last-Item,0.0,0.0
AHJRQ62HQBVA3MMCU3EPZVCMSRAQ,Avg-Last-10,0.0,0.0
AHJRQ62HQBVA3MMCU3EPZVCMSRAQ,Recency-Weighted,0.0,0.0
AHJRQ62HQBVA3MMCU3EPZVCMSRAQ,Essence (K=10),0.0,0.0
AHJSKP3B4QWBDUJRYAYFYIIOLCPQ,Random,0.0,0.0
AHJSKP3B4QWBDUJRYAYFYIIOLCPQ,Popularity,0.0,0.0
AHJSKP3B4QWBDUJRYAYFYIIOLCPQ,CF (ItemKNN),0.0,0.0
AHJSKP3B4QWBDUJRYAYFYIIOLCPQ,Content (Avg Emb),0.0,0.0
AHJSKP3B4QWBDUJRYAYFYIIOLCPQ,Last-Item,0.2,0.0
AHJSKP3B4QWBDUJRYAYFYIIOLCPQ,Avg-Last-10,0.0,0.0
AHJSKP3B4QWBDUJRYAYFYIIOLCPQ,Recency-Weighted,0.0,0.0
AHJSKP3B4QWBDUJRYAYFYIIOLCPQ,Essence (K=10),0.0,0.0
AHJSS7E7CGY42BJUJ64PSREUJOKQ,Random,0.0,0.0
AHJSS7E7CGY42BJUJ64PSREUJOKQ,Popularity,0.0,0.0
AHJSS7E7CGY42BJUJ64PSREUJOKQ,CF (ItemKNN),0.0,0.0
AHJSS7E7CGY42BJUJ64PSREUJOKQ,Content (Avg Emb),0.0,0.0
AHJSS7E7CGY42BJUJ64PSREUJOKQ,Last-Item,0.25,0.0
AHJSS7E7CGY42BJUJ64PSREUJOKQ,Avg-Last-10,0.125,0.0
AHJSS7E7CGY42BJUJ64PSREUJOKQ,Recency-Weighted,0.25,0.0
AHJSS7E7CGY42BJUJ64PSREUJOKQ,Essence (K=10),0.25,0.0
AHJUMTCTTSCUQ253WJUILC2U2RYA,Random,0.0,0.0
AHJUMTCTTSCUQ253WJUILC2U2RYA,Popularity,0.0,0.0
AHJUMTCTTSCUQ253WJUILC2U2RYA,CF (ItemKNN),0.0,0.0
AHJUMTCTTSCUQ253WJUILC2U2RYA,Content (Avg Emb),0.0,0.0
AHJUMTCTTSCUQ253WJUILC2U2RYA,Last-Item,0.4,0.0
AHJUMTCTTSCUQ253WJUILC2U2RYA,Avg-Last-10,0.0,0.0
AHJUMTCTTSCUQ253WJUILC2U2RYA,Recency-Weighted,0.0,0.0
AHJUMTCTTSCUQ253WJUILC2U2RYA,Essence (K=10),0.0,0.0
AHJUTG6JHRDVRTVORX7IQCS3XZSQ,Random,0.0,
AHJUTG6JHRDVRTVORX7IQCS3XZSQ,Popularity,0.0,
AHJUTG6JHRDVRTVORX7IQCS3XZSQ,CF (ItemKNN),0.0,
AHJUTG6JHRDVRTVORX7IQCS3XZSQ,Content (Avg Emb),0.0,
AHJUTG6JHRDVRTVORX7IQCS3XZSQ,Last-Item,0.0,
AHJUTG6JHRDVRTVORX7IQCS3XZSQ,Avg-Last-10,0.0,
AHJUTG6JHRDVRTVORX7IQCS3XZSQ,Recency-Weighted,0.0,
AHJUTG6JHRDVRTVORX7IQCS3XZSQ,Essence (K=10),0.0,
AHJW2MYCX7POO6KLTYNR52N3BWCQ,Random,0.0,
AHJW2MYCX7POO6KLTYNR52N3BWCQ,Popularity,0.0,
AHJW2MYCX7POO6KLTYNR52N3BWCQ,CF (ItemKNN),0.0,
AHJW2MYCX7POO6KLTYNR52N3BWCQ,Content (Avg Emb),0.0,
AHJW2MYCX7POO6KLTYNR52N3BWCQ,Last-Item,0.0,
AHJW2MYCX7POO6KLTYNR52N3BWCQ,Avg-Last-10,0.0,
AHJW2MYCX7POO6KLTYNR52N3BWCQ,Recency-Weighted,0.0,
AHJW2MYCX7POO6KLTYNR52N3BWCQ,Essence (K=10),0.0,
AHJWAVXXBRR64HOGNXB2RRUFEKRA,Random,0.0,0.0
AHJWAVXXBRR64HOGNXB2RRUFEKRA,Popularity,0.0,0.0
AHJWAVXXBRR64HOGNXB2RRUFEKRA,CF (ItemKNN),0.0,0.0
AHJWAVXXBRR64HOGNXB2RRUFEKRA,Content (Avg Emb),0.0,0.0
AHJWAVXXBRR64HOGNXB2RRUFEKRA,Last-Item,0.0,0.0
AHJWAVXXBRR64HOGNXB2RRUFEKRA,Avg-Last-10,0.0,0.0
AHJWAVXXBRR64HOGNXB2RRUFEKRA,Recency-Weighted,0.0,0.0
AHJWAVXXBRR64HOGNXB2RRUFEKRA,Essence (K=10),0.0,0.0
AHK4OZDYB4IEQYQ4ZWTMSG2NCZXA,Random,0.0,
AHK4OZDYB4IEQYQ4ZWTMSG2NCZXA,Popularity,0.0,
AHK4OZDYB4IEQYQ4ZWTMSG2NCZXA,CF (ItemKNN),0.0,
AHK4OZDYB4IEQYQ4ZWTMSG2NCZXA,Content (Avg Emb),0.0,
AHK4OZDYB4IEQYQ4ZWTMSG2NCZXA,Last-Item,0.0,
AHK4OZDYB4IEQYQ4ZWTMSG2NCZXA,Avg-Last-10,0.0,
AHK4OZDYB4IEQYQ4ZWTMSG2NCZXA,Recency-Weighted,0.0,
AHK4OZDYB4IEQYQ4ZWTMSG2NCZXA,Essence (K=10),0.0,
AHK6Q5CEGRJBJIW4IE676SYLMOJA,Random,0.0,0.0
AHK6Q5CEGRJBJIW4IE676SYLMOJA,Popularity,0.0,0.0
AHK6Q5CEGRJBJIW4IE676SYLMOJA,CF (ItemKNN),0.0,0.0
AHK6Q5CEGRJBJIW4IE676SYLMOJA,Content (Avg Emb),0.0,0.0
AHK6Q5CEGRJBJIW4IE676SYLMOJA,Last-Item,0.0,0.0
AHK6Q5CEGRJBJIW4IE676SYLMOJA,Avg-Last-10,0.0,0.0
AHK6Q5CEGRJBJIW4IE676SYLMOJA,Recency-Weighted,0.0,0.0
AHK6Q5CEGRJBJIW4IE676SYLMOJA,Essence (K=10),0.0,0.0
AHKCJDGBP32WCLSJEJPPYQ3TYVSA,Random,0.0,
AHKCJDGBP32WCLSJEJPPYQ3TYVSA,Popularity,0.0,
AHKCJDGBP32WCLSJEJPPYQ3TYVSA,CF (ItemKNN),0.0,
AHKCJDGBP32WCLSJEJPPYQ3TYVSA,Content (Avg Emb),0.0,
AHKCJDGBP32WCLSJEJPPYQ3TYVSA,Last-Item,0.0,
AHKCJDGBP32WCLSJEJPPYQ3TYVSA,Avg-Last-10,0.0,
AHKCJDGBP32WCLSJEJPPYQ3TYVSA,Recency-Weighted,0.0,
AHKCJDGBP32WCLSJEJPPYQ3TYVSA,Essence (K=10),0.0,
AHKCZJNBFAIJMLNBVHD7YP7E5BFQ,Random,0.0,0.0
AHKCZJNBFAIJMLNBVHD7YP7E5BFQ,Popularity,0.0,0.0
AHKCZJNBFAIJMLNBVHD7YP7E5BFQ,CF (ItemKNN),0.0,0.0
AHKCZJNBFAIJMLNBVHD7YP7E5BFQ,Content (Avg Emb),0.0,0.0
AHKCZJNBFAIJMLNBVHD7YP7E5BFQ,Last-Item,0.0,0.0
AHKCZJNBFAIJMLNBVHD7YP7E5BFQ,Avg-Last-10,0.0,0.0
AHKCZJNBFAIJMLNBVHD7YP7E5BFQ,Recency-Weighted,0.0,0.0
AHKCZJNBFAIJMLNBVHD7YP7E5BFQ,Essence (K=10),0.0,0.0
AHKDG42DTV5ZCFCI5KBJE46GQJGA,Random,0.0,0.0
AHKDG42DTV5ZCFCI5KBJE46GQJGA,Popularity,0.0,0.0
AHKDG42DTV5ZCFCI5KBJE46GQJGA,CF (ItemKNN),0.0,0.0
AHKDG42DTV5ZCFCI5KBJE46GQJGA,Content (Avg Emb),0.0,0.0
AHKDG42DTV5ZCFCI5KBJE46GQJGA,Last-Item,0.0,0.0
AHKDG42DTV5ZCFCI5KBJE46GQJGA,Avg-Last-10,0.0,0.0
AHKDG42DTV5ZCFCI5KBJE46GQJGA,Recency-Weighted,0.0,0.0
AHKDG42DTV5ZCFCI5KBJE46GQJGA,Essence (K=10),0.0,0.0
AHKEBJ3BMBF7XUXNCPFXPRFS7SCA,Random,0.0,
AHKEBJ3BMBF7XUXNCPFXPRFS7SCA,Popularity,0.0,
AHKEBJ3BMBF7XUXNCPFXPRFS7SCA,CF (ItemKNN),0.0,
AHKEBJ3BMBF7XUXNCPFXPRFS7SCA,Content (Avg Emb),0.0,
AHKEBJ3BMBF7XUXNCPFXPRFS7SCA,Last-Item,0.0,
AHKEBJ3BMBF7XUXNCPFXPRFS7SCA,Avg-Last-10,0.0,
AHKEBJ3BMBF7XUXNCPFXPRFS7SCA,Recency-Weighted,0.0,
AHKEBJ3BMBF7XUXNCPFXPRFS7SCA,Essence (K=10),0.0,
AHKEH27ROSPQDUVHAFYCX5EGIFIQ,Random,0.0,
AHKEH27ROSPQDUVHAFYCX5EGIFIQ,Popularity,0.0,
AHKEH27ROSPQDUVHAFYCX5EGIFIQ,CF (ItemKNN),0.0,
AHKEH27ROSPQDUVHAFYCX5EGIFIQ,Content (Avg Emb),0.0,
AHKEH27ROSPQDUVHAFYCX5EGIFIQ,Last-Item,0.0,
AHKEH27ROSPQDUVHAFYCX5EGIFIQ,Avg-Last-10,0.0,
AHKEH27ROSPQDUVHAFYCX5EGIFIQ,Recency-Weighted,0.0,
AHKEH27ROSPQDUVHAFYCX5EGIFIQ,Essence (K=10),0.0,
AHKGMPLJ5KNH2QJUI7Y7QS2KEBXA,Random,0.0,
AHKGMPLJ5KNH2QJUI7Y7QS2KEBXA,Popularity,0.0,
AHKGMPLJ5KNH2QJUI7Y7QS2KEBXA,CF (ItemKNN),0.0,
AHKGMPLJ5KNH2QJUI7Y7QS2KEBXA,Content (Avg Emb),0.0,
AHKGMPLJ5KNH2QJUI7Y7QS2KEBXA,Last-Item,0.0,
AHKGMPLJ5KNH2QJUI7Y7QS2KEBXA,Avg-Last-10,0.0,
AHKGMPLJ5KNH2QJUI7Y7QS2KEBXA,Recency-Weighted,0.0,
AHKGMPLJ5KNH2QJUI7Y7QS2KEBXA,Essence (K=10),0.0,
AHKLGWDSZKZWFYRAAJWYT6TLZTZQ,Random,0.0,0.0
AHKLGWDSZKZWFYRAAJWYT6TLZTZQ,Popularity,0.0,0.0
AHKLGWDSZKZWFYRAAJWYT6TLZTZQ,CF (ItemKNN),0.0,0.0
AHKLGWDSZKZWFYRAAJWYT6TLZTZQ,Content (Avg Emb),0.0,0.0
AHKLGWDSZKZWFYRAAJWYT6TLZTZQ,Last-Item,0.0,0.0
AHKLGWDSZKZWFYRAAJWYT6TLZTZQ,Avg-Last-10,0.0,0.0
AHKLGWDSZKZWFYRAAJWYT6TLZTZQ,Recency-Weighted,0.0,0.0
AHKLGWDSZKZWFYRAAJWYT6TLZTZQ,Essence (K=10),0.0,0.0
AHKLSHN4527FB2PG3J7CZWR6VN2A,Random,0.0,0.0
AHKLSHN4527FB2PG3J7CZWR6VN2A,Popularity,0.0,0.0
AHKLSHN4527FB2PG3J7CZWR6VN2A,CF (ItemKNN),0.0,0.0
AHKLSHN4527FB2PG3J7CZWR6VN2A,Content (Avg Emb),0.0,0.0
AHKLSHN4527FB2PG3J7CZWR6VN2A,Last-Item,0.0,0.0
AHKLSHN4527FB2PG3J7CZWR6VN2A,Avg-Last-10,0.0,0.0
AHKLSHN4527FB2PG3J7CZWR6VN2A,Recency-Weighted,0.0,0.0
AHKLSHN4527FB2PG3J7CZWR6VN2A,Essence (K=10),0.2,1.0
AHKOKHJ3FBKL3MXEGCX4LEDXCIJQ,Random,0.0,
AHKOKHJ3FBKL3MXEGCX4LEDXCIJQ,Popularity,0.0,
AHKOKHJ3FBKL3MXEGCX4LEDXCIJQ,CF (ItemKNN),0.0,
AHKOKHJ3FBKL3MXEGCX4LEDXCIJQ,Content (Avg Emb),0.0,
AHKOKHJ3FBKL3MXEGCX4LEDXCIJQ,Last-Item,0.0,
AHKOKHJ3FBKL3MXEGCX4LEDXCIJQ,Avg-Last-10,0.0,
AHKOKHJ3FBKL3MXEGCX4LEDXCIJQ,Recency-Weighted,0.0,
AHKOKHJ3FBKL3MXEGCX4LEDXCIJQ,Essence (K=10),0.0,
AHKOXPKWIGZSGI2SOHNOR2OXTNUA,Random,0.0,
AHKOXPKWIGZSGI2SOHNOR2OXTNUA,Popularity,0.0,
AHKOXPKWIGZSGI2SOHNOR2OXTNUA,CF (ItemKNN),0.0,
AHKOXPKWIGZSGI2SOHNOR2OXTNUA,Content (Avg Emb),0.1111111111111111,
AHKOXPKWIGZSGI2SOHNOR2OXTNUA,Last-Item,0.0,
AHKOXPKWIGZSGI2SOHNOR2OXTNUA,Avg-Last-10,0.0,
AHKOXPKWIGZSGI2SOHNOR2OXTNUA,Recency-Weighted,0.0,
AHKOXPKWIGZSGI2SOHNOR2OXTNUA,Essence (K=10),0.0,
AHKPSWZFPYB4NJDJV42DAMRR25TA,Random,0.0,0.0
AHKPSWZFPYB4NJDJV42DAMRR25TA,Popularity,0.0,0.0
AHKPSWZFPYB4NJDJV42DAMRR25TA,CF (ItemKNN),0.0,0.0
AHKPSWZFPYB4NJDJV42DAMRR25TA,Content (Avg Emb),0.0,0.0
AHKPSWZFPYB4NJDJV42DAMRR25TA,Last-Item,0.0,0.0
AHKPSWZFPYB4NJDJV42DAMRR25TA,Avg-Last-10,0.0,0.0
AHKPSWZFPYB4NJDJV42DAMRR25TA,Recency-Weighted,0.0,0.0
AHKPSWZFPYB4NJDJV42DAMRR25TA,Essence (K=10),0.0,0.0
AHKPUO3UBGPLRZSU3ROYBBRBM6OQ,Random,0.0,0.0
AHKPUO3UBGPLRZSU3ROYBBRBM6OQ,Popularity,0.0,0.0
AHKPUO3UBGPLRZSU3ROYBBRBM6OQ,CF (ItemKNN),0.0,0.0
AHKPUO3UBGPLRZSU3ROYBBRBM6OQ,Content (Avg Emb),0.0,0.0
AHKPUO3UBGPLRZSU3ROYBBRBM6OQ,Last-Item,0.0,0.0
AHKPUO3UBGPLRZSU3ROYBBRBM6OQ,Avg-Last-10,0.0,0.0
AHKPUO3UBGPLRZSU3ROYBBRBM6OQ,Recency-Weighted,0.0,0.0
AHKPUO3UBGPLRZSU3ROYBBRBM6OQ,Essence (K=10),0.0,0.0
AHKQJLGK4LXEVV5T5IYHNE2W7I2Q,Random,0.0,0.0
AHKQJLGK4LXEVV5T5IYHNE2W7I2Q,Popularity,0.0,0.0
AHKQJLGK4LXEVV5T5IYHNE2W7I2Q,CF (ItemKNN),0.0,0.0
AHKQJLGK4LXEVV5T5IYHNE2W7I2Q,Content (Avg Emb),0.0,0.0
AHKQJLGK4LXEVV5T5IYHNE2W7I2Q,Last-Item,0.0,0.0
AHKQJLGK4LXEVV5T5IYHNE2W7I2Q,Avg-Last-10,0.0,0.0
AHKQJLGK4LXEVV5T5IYHNE2W7I2Q,Recency-Weighted,0.0,0.0
AHKQJLGK4LXEVV5T5IYHNE2W7I2Q,Essence (K=10),0.0,0.0
AHKYKR4YD73FVEYFV7HTCO3XCK4A,Random,0.0,0.0
AHKYKR4YD73FVEYFV7HTCO3XCK4A,Popularity,0.0,0.0
AHKYKR4YD73FVEYFV7HTCO3XCK4A,CF (ItemKNN),0.0,0.0
AHKYKR4YD73FVEYFV7HTCO3XCK4A,Content (Avg Emb),0.0,0.0
AHKYKR4YD73FVEYFV7HTCO3XCK4A,Last-Item,0.0,0.0
AHKYKR4YD73FVEYFV7HTCO3XCK4A,Avg-Last-10,0.0,0.0
AHKYKR4YD73FVEYFV7HTCO3XCK4A,Recency-Weighted,0.0,0.0
AHKYKR4YD73FVEYFV7HTCO3XCK4A,Essence (K=10),0.0,0.0
AHL3JDCTIHNTQ363HY2IBBLK7DQA,Random,0.0,0.0
AHL3JDCTIHNTQ363HY2IBBLK7DQA,Popularity,0.0,0.0
AHL3JDCTIHNTQ363HY2IBBLK7DQA,CF (ItemKNN),0.0,0.0
AHL3JDCTIHNTQ363HY2IBBLK7DQA,Content (Avg Emb),0.0,0.0
AHL3JDCTIHNTQ363HY2IBBLK7DQA,Last-Item,0.2,0.5
AHL3JDCTIHNTQ363HY2IBBLK7DQA,Avg-Last-10,0.0,0.0
AHL3JDCTIHNTQ363HY2IBBLK7DQA,Recency-Weighted,0.0,0.0
AHL3JDCTIHNTQ363HY2IBBLK7DQA,Essence (K=10),0.0,0.0
AHL4PIMFPPQ6L5SW2U427NMTVHTA,Random,0.0,
AHL4PIMFPPQ6L5SW2U427NMTVHTA,Popularity,0.0,
AHL4PIMFPPQ6L5SW2U427NMTVHTA,CF (ItemKNN),0.0,
AHL4PIMFPPQ6L5SW2U427NMTVHTA,Content (Avg Emb),0.0,
AHL4PIMFPPQ6L5SW2U427NMTVHTA,Last-Item,0.0,
AHL4PIMFPPQ6L5SW2U427NMTVHTA,Avg-Last-10,0.0,
AHL4PIMFPPQ6L5SW2U427NMTVHTA,Recency-Weighted,0.0,
AHL4PIMFPPQ6L5SW2U427NMTVHTA,Essence (K=10),0.25,
AHL5IJNODDO5Y7CY4LYZQJMLIPRQ,Random,0.0,
AHL5IJNODDO5Y7CY4LYZQJMLIPRQ,Popularity,0.0,
AHL5IJNODDO5Y7CY4LYZQJMLIPRQ,CF (ItemKNN),0.0,
AHL5IJNODDO5Y7CY4LYZQJMLIPRQ,Content (Avg Emb),0.0,
AHL5IJNODDO5Y7CY4LYZQJMLIPRQ,Last-Item,0.0,
AHL5IJNODDO5Y7CY4LYZQJMLIPRQ,Avg-Last-10,0.0,
AHL5IJNODDO5Y7CY4LYZQJMLIPRQ,Recency-Weighted,0.0,
AHL5IJNODDO5Y7CY4LYZQJMLIPRQ,Essence (K=10),0.0,
AHLAVEDOCCOQJFFLE7DOC7G7USPQ,Random,0.0,0.0
AHLAVEDOCCOQJFFLE7DOC7G7USPQ,Popularity,0.0,0.0
AHLAVEDOCCOQJFFLE7DOC7G7USPQ,CF (ItemKNN),0.0,0.0
AHLAVEDOCCOQJFFLE7DOC7G7USPQ,Content (Avg Emb),0.0,0.0
AHLAVEDOCCOQJFFLE7DOC7G7USPQ,Last-Item,0.0,0.0
AHLAVEDOCCOQJFFLE7DOC7G7USPQ,Avg-Last-10,0.0,0.0
AHLAVEDOCCOQJFFLE7DOC7G7USPQ,Recency-Weighted,0.0,0.0
AHLAVEDOCCOQJFFLE7DOC7G7USPQ,Essence (K=10),0.0,0.0
AHLCPSFGFVWYUOJNV64GNQFQ5BGQ,Random,0.0,
AHLCPSFGFVWYUOJNV64GNQFQ5BGQ,Popularity,0.0,
AHLCPSFGFVWYUOJNV64GNQFQ5BGQ,CF (ItemKNN),0.0,
AHLCPSFGFVWYUOJNV64GNQFQ5BGQ,Content (Avg Emb),0.3333333333333333,
AHLCPSFGFVWYUOJNV64GNQFQ5BGQ,Last-Item,0.0,
AHLCPSFGFVWYUOJNV64GNQFQ5BGQ,Avg-Last-10,0.5,
AHLCPSFGFVWYUOJNV64GNQFQ5BGQ,Recency-Weighted,0.5,
AHLCPSFGFVWYUOJNV64GNQFQ5BGQ,Essence (K=10),0.5,
AHLD5RIHZ4G5M6KQ4N5ACWWJPYOA,Random,0.0,0.0
AHLD5RIHZ4G5M6KQ4N5ACWWJPYOA,Popularity,0.0,0.0
AHLD5RIHZ4G5M6KQ4N5ACWWJPYOA,CF (ItemKNN),0.0,0.0
AHLD5RIHZ4G5M6KQ4N5ACWWJPYOA,Content (Avg Emb),0.0,0.0
AHLD5RIHZ4G5M6KQ4N5ACWWJPYOA,Last-Item,0.0,0.0
AHLD5RIHZ4G5M6KQ4N5ACWWJPYOA,Avg-Last-10,0.0,0.0
AHLD5RIHZ4G5M6KQ4N5ACWWJPYOA,Recency-Weighted,0.0,0.0
AHLD5RIHZ4G5M6KQ4N5ACWWJPYOA,Essence (K=10),0.0,0.0
AHLFDHGXAIOAIZTOPLTX64G273PA,Random,0.0,0.0
AHLFDHGXAIOAIZTOPLTX64G273PA,Popularity,0.0,0.0
AHLFDHGXAIOAIZTOPLTX64G273PA,CF (ItemKNN),0.0,0.0
AHLFDHGXAIOAIZTOPLTX64G273PA,Content (Avg Emb),0.0,0.0
AHLFDHGXAIOAIZTOPLTX64G273PA,Last-Item,0.0,0.0
AHLFDHGXAIOAIZTOPLTX64G273PA,Avg-Last-10,0.0,0.0
AHLFDHGXAIOAIZTOPLTX64G273PA,Recency-Weighted,0.0,0.0
AHLFDHGXAIOAIZTOPLTX64G273PA,Essence (K=10),0.0,0.0
AHLGGE3LWEJEHXGFRETY5W6RNCRA,Random,0.0,0.0
AHLGGE3LWEJEHXGFRETY5W6RNCRA,Popularity,0.0,0.0
AHLGGE3LWEJEHXGFRETY5W6RNCRA,CF (ItemKNN),0.0,0.0
AHLGGE3LWEJEHXGFRETY5W6RNCRA,Content (Avg Emb),0.0,0.0
AHLGGE3LWEJEHXGFRETY5W6RNCRA,Last-Item,0.0,0.0
AHLGGE3LWEJEHXGFRETY5W6RNCRA,Avg-Last-10,0.29411764705882354,0.5
AHLGGE3LWEJEHXGFRETY5W6RNCRA,Recency-Weighted,0.29411764705882354,0.5
AHLGGE3LWEJEHXGFRETY5W6RNCRA,Essence (K=10),0.29411764705882354,0.5
AHLIJJSZMHNKJ7VYRE55GIBBNVWQ,Random,0.0,0.0
AHLIJJSZMHNKJ7VYRE55GIBBNVWQ,Popularity,0.0,0.0
AHLIJJSZMHNKJ7VYRE55GIBBNVWQ,CF (ItemKNN),0.0,0.0
AHLIJJSZMHNKJ7VYRE55GIBBNVWQ,Content (Avg Emb),0.0,0.0
AHLIJJSZMHNKJ7VYRE55GIBBNVWQ,Last-Item,0.0,0.0
AHLIJJSZMHNKJ7VYRE55GIBBNVWQ,Avg-Last-10,0.0,0.0
AHLIJJSZMHNKJ7VYRE55GIBBNVWQ,Recency-Weighted,0.0,0.0
AHLIJJSZMHNKJ7VYRE55GIBBNVWQ,Essence (K=10),0.0,0.0
AHLK45HQAN4FRJY2ZZTU5QBYDPZA,Random,0.0,0.0
AHLK45HQAN4FRJY2ZZTU5QBYDPZA,Popularity,0.0,0.0
AHLK45HQAN4FRJY2ZZTU5QBYDPZA,CF (ItemKNN),0.0,0.0
AHLK45HQAN4FRJY2ZZTU5QBYDPZA,Content (Avg Emb),0.0,0.0
AHLK45HQAN4FRJY2ZZTU5QBYDPZA,Last-Item,0.0,0.0
AHLK45HQAN4FRJY2ZZTU5QBYDPZA,Avg-Last-10,0.0,0.0
AHLK45HQAN4FRJY2ZZTU5QBYDPZA,Recency-Weighted,0.0,0.0
AHLK45HQAN4FRJY2ZZTU5QBYDPZA,Essence (K=10),0.0,0.0
AHLLU4PBD4XHOJK7MKYOSP4UHFVA,Random,0.0,
AHLLU4PBD4XHOJK7MKYOSP4UHFVA,Popularity,0.0,
AHLLU4PBD4XHOJK7MKYOSP4UHFVA,CF (ItemKNN),0.0,
AHLLU4PBD4XHOJK7MKYOSP4UHFVA,Content (Avg Emb),0.0,
AHLLU4PBD4XHOJK7MKYOSP4UHFVA,Last-Item,0.0,
AHLLU4PBD4XHOJK7MKYOSP4UHFVA,Avg-Last-10,0.0,
AHLLU4PBD4XHOJK7MKYOSP4UHFVA,Recency-Weighted,0.0,
AHLLU4PBD4XHOJK7MKYOSP4UHFVA,Essence (K=10),0.0,
AHLRCDVZCXBUQBTPNOV5X4XO5BAA,Random,0.0,0.0
AHLRCDVZCXBUQBTPNOV5X4XO5BAA,Popularity,0.0,0.0
AHLRCDVZCXBUQBTPNOV5X4XO5BAA,CF (ItemKNN),0.0,0.0
AHLRCDVZCXBUQBTPNOV5X4XO5BAA,Content (Avg Emb),0.0,0.0
AHLRCDVZCXBUQBTPNOV5X4XO5BAA,Last-Item,0.0,0.0
AHLRCDVZCXBUQBTPNOV5X4XO5BAA,Avg-Last-10,0.0,0.0
AHLRCDVZCXBUQBTPNOV5X4XO5BAA,Recency-Weighted,0.0,0.0
AHLRCDVZCXBUQBTPNOV5X4XO5BAA,Essence (K=10),0.0,0.0
AHLS3D4JIRBINONMVUDEOXJYUVKQ,Random,0.0,
AHLS3D4JIRBINONMVUDEOXJYUVKQ,Popularity,0.0,
AHLS3D4JIRBINONMVUDEOXJYUVKQ,CF (ItemKNN),0.0,
AHLS3D4JIRBINONMVUDEOXJYUVKQ,Content (Avg Emb),0.0,
AHLS3D4JIRBINONMVUDEOXJYUVKQ,Last-Item,0.0,
AHLS3D4JIRBINONMVUDEOXJYUVKQ,Avg-Last-10,0.0,
AHLS3D4JIRBINONMVUDEOXJYUVKQ,Recency-Weighted,0.0,
AHLS3D4JIRBINONMVUDEOXJYUVKQ,Essence (K=10),0.0,
AHLXXVKZSTO2PHQWDT2WVEMN4UXQ,Random,0.0,0.0
AHLXXVKZSTO2PHQWDT2WVEMN4UXQ,Popularity,0.0,0.0
AHLXXVKZSTO2PHQWDT2WVEMN4UXQ,CF (ItemKNN),0.0,0.0
AHLXXVKZSTO2PHQWDT2WVEMN4UXQ,Content (Avg Emb),0.0,0.0
AHLXXVKZSTO2PHQWDT2WVEMN4UXQ,Last-Item,0.0,0.0
AHLXXVKZSTO2PHQWDT2WVEMN4UXQ,Avg-Last-10,0.0,0.0
AHLXXVKZSTO2PHQWDT2WVEMN4UXQ,Recency-Weighted,0.0,0.0
AHLXXVKZSTO2PHQWDT2WVEMN4UXQ,Essence (K=10),0.0,0.0
AHM5JDRBIOSV4KDIDPX6RNA7HACQ,Random,0.0,
AHM5JDRBIOSV4KDIDPX6RNA7HACQ,Popularity,0.0,
AHM5JDRBIOSV4KDIDPX6RNA7HACQ,CF (ItemKNN),0.0,
AHM5JDRBIOSV4KDIDPX6RNA7HACQ,Content (Avg Emb),0.0,
AHM5JDRBIOSV4KDIDPX6RNA7HACQ,Last-Item,0.0,
AHM5JDRBIOSV4KDIDPX6RNA7HACQ,Avg-Last-10,0.0,
AHM5JDRBIOSV4KDIDPX6RNA7HACQ,Recency-Weighted,0.0,
AHM5JDRBIOSV4KDIDPX6RNA7HACQ,Essence (K=10),0.0,
AHM5JPMCLVSGLKBNOEHU4HUBI75A,Random,0.0,0.0
AHM5JPMCLVSGLKBNOEHU4HUBI75A,Popularity,0.0,0.0
AHM5JPMCLVSGLKBNOEHU4HUBI75A,CF (ItemKNN),0.0,0.0
AHM5JPMCLVSGLKBNOEHU4HUBI75A,Content (Avg Emb),0.0,0.0
AHM5JPMCLVSGLKBNOEHU4HUBI75A,Last-Item,0.0,0.0
AHM5JPMCLVSGLKBNOEHU4HUBI75A,Avg-Last-10,0.0,0.0
AHM5JPMCLVSGLKBNOEHU4HUBI75A,Recency-Weighted,0.0,0.0
AHM5JPMCLVSGLKBNOEHU4HUBI75A,Essence (K=10),0.0,0.0
AHMGAFRDHU5DRYHMT3CRGMUOYBYQ,Random,0.0,
AHMGAFRDHU5DRYHMT3CRGMUOYBYQ,Popularity,0.0,
AHMGAFRDHU5DRYHMT3CRGMUOYBYQ,CF (ItemKNN),0.0,
AHMGAFRDHU5DRYHMT3CRGMUOYBYQ,Content (Avg Emb),0.0,
AHMGAFRDHU5DRYHMT3CRGMUOYBYQ,Last-Item,0.0,
AHMGAFRDHU5DRYHMT3CRGMUOYBYQ,Avg-Last-10,0.0,
AHMGAFRDHU5DRYHMT3CRGMUOYBYQ,Recency-Weighted,0.0,
AHMGAFRDHU5DRYHMT3CRGMUOYBYQ,Essence (K=10),0.0,
AHMIFG7YWUSIXS2I6IAJRCGY67AA,Random,0.0,
AHMIFG7YWUSIXS2I6IAJRCGY67AA,Popularity,0.0,
AHMIFG7YWUSIXS2I6IAJRCGY67AA,CF (ItemKNN),0.0,
AHMIFG7YWUSIXS2I6IAJRCGY67AA,Content (Avg Emb),0.0,
AHMIFG7YWUSIXS2I6IAJRCGY67AA,Last-Item,0.1111111111111111,
AHMIFG7YWUSIXS2I6IAJRCGY67AA,Avg-Last-10,0.0,
AHMIFG7YWUSIXS2I6IAJRCGY67AA,Recency-Weighted,0.0,
AHMIFG7YWUSIXS2I6IAJRCGY67AA,Essence (K=10),0.0,
AHMK52JFQ2AHQQ4ZUMNBL7E6ZNPA,Random,0.0,
AHMK52JFQ2AHQQ4ZUMNBL7E6ZNPA,Popularity,0.0,
AHMK52JFQ2AHQQ4ZUMNBL7E6ZNPA,CF (ItemKNN),0.0,
AHMK52JFQ2AHQQ4ZUMNBL7E6ZNPA,Content (Avg Emb),0.25,
AHMK52JFQ2AHQQ4ZUMNBL7E6ZNPA,Last-Item,0.0,
AHMK52JFQ2AHQQ4ZUMNBL7E6ZNPA,Avg-Last-10,0.5,
AHMK52JFQ2AHQQ4ZUMNBL7E6ZNPA,Recency-Weighted,0.0,
AHMK52JFQ2AHQQ4ZUMNBL7E6ZNPA,Essence (K=10),0.5,
AHMKCCGYEEAOVDDD2CID5F4CXGLQ,Random,0.0,
AHMKCCGYEEAOVDDD2CID5F4CXGLQ,Popularity,0.0,
AHMKCCGYEEAOVDDD2CID5F4CXGLQ,CF (ItemKNN),0.0,
AHMKCCGYEEAOVDDD2CID5F4CXGLQ,Content (Avg Emb),0.0,
AHMKCCGYEEAOVDDD2CID5F4CXGLQ,Last-Item,0.0,
AHMKCCGYEEAOVDDD2CID5F4CXGLQ,Avg-Last-10,0.0,
AHMKCCGYEEAOVDDD2CID5F4CXGLQ,Recency-Weighted,0.0,
AHMKCCGYEEAOVDDD2CID5F4CXGLQ,Essence (K=10),0.0,
AHMMBMINQG5L5K6XV6RLBGWQD4GQ,Random,0.0,0.0
AHMMBMINQG5L5K6XV6RLBGWQD4GQ,Popularity,0.0,0.0
AHMMBMINQG5L5K6XV6RLBGWQD4GQ,CF (ItemKNN),0.0,0.0
AHMMBMINQG5L5K6XV6RLBGWQD4GQ,Content (Avg Emb),0.0,0.0
AHMMBMINQG5L5K6XV6RLBGWQD4GQ,Last-Item,0.0,0.0
AHMMBMINQG5L5K6XV6RLBGWQD4GQ,Avg-Last-10,0.0,0.0
AHMMBMINQG5L5K6XV6RLBGWQD4GQ,Recency-Weighted,0.0,0.0
AHMMBMINQG5L5K6XV6RLBGWQD4GQ,Essence (K=10),0.0,0.0
AHMMJXCTT6HLS3SCX2IUZNVOE6MA,Random,0.0,0.0
AHMMJXCTT6HLS3SCX2IUZNVOE6MA,Popularity,0.0,0.0
AHMMJXCTT6HLS3SCX2IUZNVOE6MA,CF (ItemKNN),0.0,0.0
AHMMJXCTT6HLS3SCX2IUZNVOE6MA,Content (Avg Emb),0.0,0.0
AHMMJXCTT6HLS3SCX2IUZNVOE6MA,Last-Item,0.0,0.0
AHMMJXCTT6HLS3SCX2IUZNVOE6MA,Avg-Last-10,0.0,0.0
AHMMJXCTT6HLS3SCX2IUZNVOE6MA,Recency-Weighted,0.0,0.0
AHMMJXCTT6HLS3SCX2IUZNVOE6MA,Essence (K=10),0.0,0.0
AHMNKQGEE24HIH42RMLIYO2XWT4A,Random,0.0,0.0
AHMNKQGEE24HIH42RMLIYO2XWT4A,Popularity,0.0,0.0
AHMNKQGEE24HIH42RMLIYO2XWT4A,CF (ItemKNN),0.0,0.0
AHMNKQGEE24HIH42RMLIYO2XWT4A,Content (Avg Emb),0.0,0.0
AHMNKQGEE24HIH42RMLIYO2XWT4A,Last-Item,0.0,0.0
AHMNKQGEE24HIH42RMLIYO2XWT4A,Avg-Last-10,0.0,0.0
AHMNKQGEE24HIH42RMLIYO2XWT4A,Recency-Weighted,0.0,0.0
AHMNKQGEE24HIH42RMLIYO2XWT4A,Essence (K=10),0.0,0.0
AHMPOGFIZBFOSYGJTSSLPWEW5TJQ,Random,0.0,0.0
AHMPOGFIZBFOSYGJTSSLPWEW5TJQ,Popularity,0.0,0.0
AHMPOGFIZBFOSYGJTSSLPWEW5TJQ,CF (ItemKNN),0.0,0.0
AHMPOGFIZBFOSYGJTSSLPWEW5TJQ,Content (Avg Emb),0.0,0.0
AHMPOGFIZBFOSYGJTSSLPWEW5TJQ,Last-Item,0.0,0.0
AHMPOGFIZBFOSYGJTSSLPWEW5TJQ,Avg-Last-10,0.0,0.0
AHMPOGFIZBFOSYGJTSSLPWEW5TJQ,Recency-Weighted,0.0,0.0
AHMPOGFIZBFOSYGJTSSLPWEW5TJQ,Essence (K=10),0.0,0.0
AHMTQ7GWWQRLOL6COVDOHCVZFGUA,Random,0.0,0.0
AHMTQ7GWWQRLOL6COVDOHCVZFGUA,Popularity,0.0,0.0
AHMTQ7GWWQRLOL6COVDOHCVZFGUA,CF (ItemKNN),0.0,0.0
AHMTQ7GWWQRLOL6COVDOHCVZFGUA,Content (Avg Emb),0.0,0.0
AHMTQ7GWWQRLOL6COVDOHCVZFGUA,Last-Item,0.0,0.0
AHMTQ7GWWQRLOL6COVDOHCVZFGUA,Avg-Last-10,0.0,0.0
AHMTQ7GWWQRLOL6COVDOHCVZFGUA,Recency-Weighted,0.0,0.0
AHMTQ7GWWQRLOL6COVDOHCVZFGUA,Essence (K=10),0.0,0.0
AHMUFQ7Y3YUVBCLISIDM23HLXEIA,Random,0.0,0.0
AHMUFQ7Y3YUVBCLISIDM23HLXEIA,Popularity,0.0,0.0
AHMUFQ7Y3YUVBCLISIDM23HLXEIA,CF (ItemKNN),0.0,0.0
AHMUFQ7Y3YUVBCLISIDM23HLXEIA,Content (Avg Emb),0.0,0.0
AHMUFQ7Y3YUVBCLISIDM23HLXEIA,Last-Item,0.0,0.0
AHMUFQ7Y3YUVBCLISIDM23HLXEIA,Avg-Last-10,0.0,0.0
AHMUFQ7Y3YUVBCLISIDM23HLXEIA,Recency-Weighted,0.0,0.0
AHMUFQ7Y3YUVBCLISIDM23HLXEIA,Essence (K=10),0.0,0.0
AHMYLFPZTJTDCFE5CVEEI7FL245A,Random,0.0,0.0
AHMYLFPZTJTDCFE5CVEEI7FL245A,Popularity,0.0,0.0
AHMYLFPZTJTDCFE5CVEEI7FL245A,CF (ItemKNN),0.0,0.0
AHMYLFPZTJTDCFE5CVEEI7FL245A,Content (Avg Emb),0.0,0.0
AHMYLFPZTJTDCFE5CVEEI7FL245A,Last-Item,0.0,0.0
AHMYLFPZTJTDCFE5CVEEI7FL245A,Avg-Last-10,0.0,0.0
AHMYLFPZTJTDCFE5CVEEI7FL245A,Recency-Weighted,0.0,0.0
AHMYLFPZTJTDCFE5CVEEI7FL245A,Essence (K=10),0.0,0.0
AHN2AEDG6NJD7C5FDRPOODGDWJUQ,Random,0.0,0.0
AHN2AEDG6NJD7C5FDRPOODGDWJUQ,Popularity,0.0,0.0
AHN2AEDG6NJD7C5FDRPOODGDWJUQ,CF (ItemKNN),0.0,0.0
AHN2AEDG6NJD7C5FDRPOODGDWJUQ,Content (Avg Emb),0.0,0.0
AHN2AEDG6NJD7C5FDRPOODGDWJUQ,Last-Item,0.0,0.0
AHN2AEDG6NJD7C5FDRPOODGDWJUQ,Avg-Last-10,0.0,0.0
AHN2AEDG6NJD7C5FDRPOODGDWJUQ,Recency-Weighted,0.0,0.0
AHN2AEDG6NJD7C5FDRPOODGDWJUQ,Essence (K=10),0.0,0.0
AHN6FFKKHN2KD6SFVVAFDL2AJ6QQ,Random,0.0,0.0
AHN6FFKKHN2KD6SFVVAFDL2AJ6QQ,Popularity,0.0,0.0
AHN6FFKKHN2KD6SFVVAFDL2AJ6QQ,CF (ItemKNN),0.0,0.0
AHN6FFKKHN2KD6SFVVAFDL2AJ6QQ,Content (Avg Emb),0.0,0.0
AHN6FFKKHN2KD6SFVVAFDL2AJ6QQ,Last-Item,0.0,0.0
AHN6FFKKHN2KD6SFVVAFDL2AJ6QQ,Avg-Last-10,0.0,0.0
AHN6FFKKHN2KD6SFVVAFDL2AJ6QQ,Recency-Weighted,0.0,0.0
AHN6FFKKHN2KD6SFVVAFDL2AJ6QQ,Essence (K=10),0.0,0.0
AHN7OV5KO3QMEWJ55REAOTXJQOHQ,Random,0.0,0.0
AHN7OV5KO3QMEWJ55REAOTXJQOHQ,Popularity,0.0,0.0
AHN7OV5KO3QMEWJ55REAOTXJQOHQ,CF (ItemKNN),0.0,0.0
AHN7OV5KO3QMEWJ55REAOTXJQOHQ,Content (Avg Emb),0.0,0.0
AHN7OV5KO3QMEWJ55REAOTXJQOHQ,Last-Item,0.0,0.0
AHN7OV5KO3QMEWJ55REAOTXJQOHQ,Avg-Last-10,0.0,0.0
AHN7OV5KO3QMEWJ55REAOTXJQOHQ,Recency-Weighted,0.0,0.0
AHN7OV5KO3QMEWJ55REAOTXJQOHQ,Essence (K=10),0.0,0.0
AHNA7RA6ORGSSL54BULFNBJQ5AYA,Random,0.0,0.0
AHNA7RA6ORGSSL54BULFNBJQ5AYA,Popularity,0.0,0.0
AHNA7RA6ORGSSL54BULFNBJQ5AYA,CF (ItemKNN),0.0,0.0
AHNA7RA6ORGSSL54BULFNBJQ5AYA,Content (Avg Emb),0.0,0.0
AHNA7RA6ORGSSL54BULFNBJQ5AYA,Last-Item,0.0,0.0
AHNA7RA6ORGSSL54BULFNBJQ5AYA,Avg-Last-10,0.0,0.0
AHNA7RA6ORGSSL54BULFNBJQ5AYA,Recency-Weighted,0.0,0.0
AHNA7RA6ORGSSL54BULFNBJQ5AYA,Essence (K=10),0.0,0.0
AHND5HHTLGFC5ZZ4JAHSC4NNOVYQ,Random,0.0,
AHND5HHTLGFC5ZZ4JAHSC4NNOVYQ,Popularity,0.0,
AHND5HHTLGFC5ZZ4JAHSC4NNOVYQ,CF (ItemKNN),0.0,
AHND5HHTLGFC5ZZ4JAHSC4NNOVYQ,Content (Avg Emb),0.0,
AHND5HHTLGFC5ZZ4JAHSC4NNOVYQ,Last-Item,0.0,
AHND5HHTLGFC5ZZ4JAHSC4NNOVYQ,Avg-Last-10,0.0,
AHND5HHTLGFC5ZZ4JAHSC4NNOVYQ,Recency-Weighted,0.0,
AHND5HHTLGFC5ZZ4JAHSC4NNOVYQ,Essence (K=10),0.0,
AHNDXGL6DRL2CO7J4GHZQVAS7V4A,Random,0.0,0.0
AHNDXGL6DRL2CO7J4GHZQVAS7V4A,Popularity,0.0,0.0
AHNDXGL6DRL2CO7J4GHZQVAS7V4A,CF (ItemKNN),0.0,0.0
AHNDXGL6DRL2CO7J4GHZQVAS7V4A,Content (Avg Emb),0.0,0.0
AHNDXGL6DRL2CO7J4GHZQVAS7V4A,Last-Item,0.0,0.0
AHNDXGL6DRL2CO7J4GHZQVAS7V4A,Avg-Last-10,0.0,0.0
AHNDXGL6DRL2CO7J4GHZQVAS7V4A,Recency-Weighted,0.0,0.0
AHNDXGL6DRL2CO7J4GHZQVAS7V4A,Essence (K=10),0.16666666666666666,1.0
AHNE4WVYMHU5SVU7PPQ6L7DYX5SA,Random,0.0,0.0
AHNE4WVYMHU5SVU7PPQ6L7DYX5SA,Popularity,0.0,0.0
AHNE4WVYMHU5SVU7PPQ6L7DYX5SA,CF (ItemKNN),0.0,0.0
AHNE4WVYMHU5SVU7PPQ6L7DYX5SA,Content (Avg Emb),0.0,0.0
AHNE4WVYMHU5SVU7PPQ6L7DYX5SA,Last-Item,0.0,0.0
AHNE4WVYMHU5SVU7PPQ6L7DYX5SA,Avg-Last-10,0.0,0.0
AHNE4WVYMHU5SVU7PPQ6L7DYX5SA,Recency-Weighted,0.0,0.0
AHNE4WVYMHU5SVU7PPQ6L7DYX5SA,Essence (K=10),0.0,0.0
AHNER6Z4MF4HNR63KQEMH6IEVGTQ,Random,0.0,
AHNER6Z4MF4HNR63KQEMH6IEVGTQ,Popularity,0.0,
AHNER6Z4MF4HNR63KQEMH6IEVGTQ,CF (ItemKNN),0.0,
AHNER6Z4MF4HNR63KQEMH6IEVGTQ,Content (Avg Emb),0.0,
AHNER6Z4MF4HNR63KQEMH6IEVGTQ,Last-Item,0.0,
AHNER6Z4MF4HNR63KQEMH6IEVGTQ,Avg-Last-10,0.0,
AHNER6Z4MF4HNR63KQEMH6IEVGTQ,Recency-Weighted,0.0,
AHNER6Z4MF4HNR63KQEMH6IEVGTQ,Essence (K=10),0.0,
AHNJORLWAVCADPXHKEZCDWKWJMXQ,Random,0.0,0.0
AHNJORLWAVCADPXHKEZCDWKWJMXQ,Popularity,0.0,0.0
AHNJORLWAVCADPXHKEZCDWKWJMXQ,CF (ItemKNN),0.0,0.0
AHNJORLWAVCADPXHKEZCDWKWJMXQ,Content (Avg Emb),0.0,0.0
AHNJORLWAVCADPXHKEZCDWKWJMXQ,Last-Item,0.0,0.0
AHNJORLWAVCADPXHKEZCDWKWJMXQ,Avg-Last-10,0.2,0.6666666666666666
AHNJORLWAVCADPXHKEZCDWKWJMXQ,Recency-Weighted,0.2,0.6666666666666666
AHNJORLWAVCADPXHKEZCDWKWJMXQ,Essence (K=10),0.0,0.0
AHNKMLJFN2RJD7RYTJ2ZYQZKLQRA,Random,0.0,0.0
AHNKMLJFN2RJD7RYTJ2ZYQZKLQRA,Popularity,0.0,0.0
AHNKMLJFN2RJD7RYTJ2ZYQZKLQRA,CF (ItemKNN),0.0,0.0
AHNKMLJFN2RJD7RYTJ2ZYQZKLQRA,Content (Avg Emb),0.0,0.0
AHNKMLJFN2RJD7RYTJ2ZYQZKLQRA,Last-Item,0.0,0.0
AHNKMLJFN2RJD7RYTJ2ZYQZKLQRA,Avg-Last-10,0.0,0.0
AHNKMLJFN2RJD7RYTJ2ZYQZKLQRA,Recency-Weighted,0.0,0.0
AHNKMLJFN2RJD7RYTJ2ZYQZKLQRA,Essence (K=10),0.0,0.0
AHNMKWBCWJD5IG3NQY4VPSYMFN4A,Random,0.0,0.0
AHNMKWBCWJD5IG3NQY4VPSYMFN4A,Popularity,0.0,0.0
AHNMKWBCWJD5IG3NQY4VPSYMFN4A,CF (ItemKNN),0.0,0.0
AHNMKWBCWJD5IG3NQY4VPSYMFN4A,Content (Avg Emb),0.0,0.0
AHNMKWBCWJD5IG3NQY4VPSYMFN4A,Last-Item,0.75,1.0
AHNMKWBCWJD5IG3NQY4VPSYMFN4A,Avg-Last-10,0.0,0.0
AHNMKWBCWJD5IG3NQY4VPSYMFN4A,Recency-Weighted,0.0,0.0
AHNMKWBCWJD5IG3NQY4VPSYMFN4A,Essence (K=10),0.0,0.0
AHNONLWLJJ2F55BMJPYT4RQJ3FGA,Random,0.0,
AHNONLWLJJ2F55BMJPYT4RQJ3FGA,Popularity,0.0,
AHNONLWLJJ2F55BMJPYT4RQJ3FGA,CF (ItemKNN),0.0,
AHNONLWLJJ2F55BMJPYT4RQJ3FGA,Content (Avg Emb),0.14285714285714285,
AHNONLWLJJ2F55BMJPYT4RQJ3FGA,Last-Item,0.0,
AHNONLWLJJ2F55BMJPYT4RQJ3FGA,Avg-Last-10,0.14285714285714285,
AHNONLWLJJ2F55BMJPYT4RQJ3FGA,Recency-Weighted,0.14285714285714285,
AHNONLWLJJ2F55BMJPYT4RQJ3FGA,Essence (K=10),0.0,
AHNPRJZVFIYYV4X6MWCGN5ELUCCQ,Random,0.0,
AHNPRJZVFIYYV4X6MWCGN5ELUCCQ,Popularity,0.0,
AHNPRJZVFIYYV4X6MWCGN5ELUCCQ,CF (ItemKNN),0.0,
AHNPRJZVFIYYV4X6MWCGN5ELUCCQ,Content (Avg Emb),0.0,
AHNPRJZVFIYYV4X6MWCGN5ELUCCQ,Last-Item,0.0,
AHNPRJZVFIYYV4X6MWCGN5ELUCCQ,Avg-Last-10,0.0,
AHNPRJZVFIYYV4X6MWCGN5ELUCCQ,Recency-Weighted,0.0,
AHNPRJZVFIYYV4X6MWCGN5ELUCCQ,Essence (K=10),0.0,
AHNRKRI4TADX6D5B32WFKOWYSWZQ,Random,0.0,0.0
AHNRKRI4TADX6D5B32WFKOWYSWZQ,Popularity,0.0,0.0
AHNRKRI4TADX6D5B32WFKOWYSWZQ,CF (ItemKNN),0.0,0.0
AHNRKRI4TADX6D5B32WFKOWYSWZQ,Content (Avg Emb),0.0,0.0
AHNRKRI4TADX6D5B32WFKOWYSWZQ,Last-Item,0.0,0.0
AHNRKRI4TADX6D5B32WFKOWYSWZQ,Avg-Last-10,0.0,0.0
AHNRKRI4TADX6D5B32WFKOWYSWZQ,Recency-Weighted,0.0,0.0
AHNRKRI4TADX6D5B32WFKOWYSWZQ,Essence (K=10),0.0,0.0
AHNWUBN37U7G7SX23O3G3NGN7DTQ,Random,0.0,
AHNWUBN37U7G7SX23O3G3NGN7DTQ,Popularity,0.0,
AHNWUBN37U7G7SX23O3G3NGN7DTQ,CF (ItemKNN),0.0,
AHNWUBN37U7G7SX23O3G3NGN7DTQ,Content (Avg Emb),0.0,
AHNWUBN37U7G7SX23O3G3NGN7DTQ,Last-Item,0.25,
AHNWUBN37U7G7SX23O3G3NGN7DTQ,Avg-Last-10,0.0,
AHNWUBN37U7G7SX23O3G3NGN7DTQ,Recency-Weighted,0.0,
AHNWUBN37U7G7SX23O3G3NGN7DTQ,Essence (K=10),0.0,
AHNWXGH2T4DKK6VJEKQD4426SOBA,Random,0.0,
AHNWXGH2T4DKK6VJEKQD4426SOBA,Popularity,0.0,
AHNWXGH2T4DKK6VJEKQD4426SOBA,CF (ItemKNN),0.0,
AHNWXGH2T4DKK6VJEKQD4426SOBA,Content (Avg Emb),0.0,
AHNWXGH2T4DKK6VJEKQD4426SOBA,Last-Item,0.0,
AHNWXGH2T4DKK6VJEKQD4426SOBA,Avg-Last-10,0.0,
AHNWXGH2T4DKK6VJEKQD4426SOBA,Recency-Weighted,0.0,
AHNWXGH2T4DKK6VJEKQD4426SOBA,Essence (K=10),0.0,
AHO2462DP2CK2M5MPHI74MEVOLBA,Random,0.0,
AHO2462DP2CK2M5MPHI74MEVOLBA,Popularity,0.0,
AHO2462DP2CK2M5MPHI74MEVOLBA,CF (ItemKNN),0.0,
AHO2462DP2CK2M5MPHI74MEVOLBA,Content (Avg Emb),0.0,
AHO2462DP2CK2M5MPHI74MEVOLBA,Last-Item,0.0,
AHO2462DP2CK2M5MPHI74MEVOLBA,Avg-Last-10,0.0,
AHO2462DP2CK2M5MPHI74MEVOLBA,Recency-Weighted,0.0,
AHO2462DP2CK2M5MPHI74MEVOLBA,Essence (K=10),0.0,
AHO4LIQ2THUKZ7D6V6LVWAE5M6TQ,Random,0.0,0.0
AHO4LIQ2THUKZ7D6V6LVWAE5M6TQ,Popularity,0.0,0.0
AHO4LIQ2THUKZ7D6V6LVWAE5M6TQ,CF (ItemKNN),0.0,0.0
AHO4LIQ2THUKZ7D6V6LVWAE5M6TQ,Content (Avg Emb),0.0,0.0
AHO4LIQ2THUKZ7D6V6LVWAE5M6TQ,Last-Item,0.0,0.0
AHO4LIQ2THUKZ7D6V6LVWAE5M6TQ,Avg-Last-10,0.0,0.0
AHO4LIQ2THUKZ7D6V6LVWAE5M6TQ,Recency-Weighted,0.0,0.0
AHO4LIQ2THUKZ7D6V6LVWAE5M6TQ,Essence (K=10),0.0,0.0
AHO64FQWUBL32PRCNULIRDSBLIKA,Random,0.0,0.0
AHO64FQWUBL32PRCNULIRDSBLIKA,Popularity,0.0,0.0
AHO64FQWUBL32PRCNULIRDSBLIKA,CF (ItemKNN),0.0,0.0
AHO64FQWUBL32PRCNULIRDSBLIKA,Content (Avg Emb),0.0,0.0
AHO64FQWUBL32PRCNULIRDSBLIKA,Last-Item,0.0,0.0
AHO64FQWUBL32PRCNULIRDSBLIKA,Avg-Last-10,0.0,0.0
AHO64FQWUBL32PRCNULIRDSBLIKA,Recency-Weighted,0.0,0.0
AHO64FQWUBL32PRCNULIRDSBLIKA,Essence (K=10),0.037037037037037035,0.0
AHO77PQR3KBW7DURHJBYD72WTPMA,Random,0.0,
AHO77PQR3KBW7DURHJBYD72WTPMA,Popularity,0.0,
AHO77PQR3KBW7DURHJBYD72WTPMA,CF (ItemKNN),0.0,
AHO77PQR3KBW7DURHJBYD72WTPMA,Content (Avg Emb),0.0,
AHO77PQR3KBW7DURHJBYD72WTPMA,Last-Item,0.0,
AHO77PQR3KBW7DURHJBYD72WTPMA,Avg-Last-10,0.0,
AHO77PQR3KBW7DURHJBYD72WTPMA,Recency-Weighted,0.0,
AHO77PQR3KBW7DURHJBYD72WTPMA,Essence (K=10),0.0,
AHO7DI5YVKTCWVJZGK2RB7ROEHWA,Random,0.0,0.0
AHO7DI5YVKTCWVJZGK2RB7ROEHWA,Popularity,0.0,0.0
AHO7DI5YVKTCWVJZGK2RB7ROEHWA,CF (ItemKNN),0.0,0.0
AHO7DI5YVKTCWVJZGK2RB7ROEHWA,Content (Avg Emb),0.0,0.0
AHO7DI5YVKTCWVJZGK2RB7ROEHWA,Last-Item,0.0,0.0
AHO7DI5YVKTCWVJZGK2RB7ROEHWA,Avg-Last-10,0.0,0.0
AHO7DI5YVKTCWVJZGK2RB7ROEHWA,Recency-Weighted,0.0,0.0
AHO7DI5YVKTCWVJZGK2RB7ROEHWA,Essence (K=10),0.0,0.0
AHO7PYTVPI3KGAKIEJVVOODYMWEQ,Random,0.0,
AHO7PYTVPI3KGAKIEJVVOODYMWEQ,Popularity,0.0,
AHO7PYTVPI3KGAKIEJVVOODYMWEQ,CF (ItemKNN),0.0,
AHO7PYTVPI3KGAKIEJVVOODYMWEQ,Content (Avg Emb),0.0,
AHO7PYTVPI3KGAKIEJVVOODYMWEQ,Last-Item,0.0,
AHO7PYTVPI3KGAKIEJVVOODYMWEQ,Avg-Last-10,0.0,
AHO7PYTVPI3KGAKIEJVVOODYMWEQ,Recency-Weighted,0.0,
AHO7PYTVPI3KGAKIEJVVOODYMWEQ,Essence (K=10),0.0,
AHO7ZUNOIAEMUPUMVPDE4WCI6KBQ,Random,0.0,0.0
AHO7ZUNOIAEMUPUMVPDE4WCI6KBQ,Popularity,0.0,0.0
AHO7ZUNOIAEMUPUMVPDE4WCI6KBQ,CF (ItemKNN),0.0,0.0
AHO7ZUNOIAEMUPUMVPDE4WCI6KBQ,Content (Avg Emb),0.0,0.0
AHO7ZUNOIAEMUPUMVPDE4WCI6KBQ,Last-Item,0.0,0.0
AHO7ZUNOIAEMUPUMVPDE4WCI6KBQ,Avg-Last-10,0.0,0.0
AHO7ZUNOIAEMUPUMVPDE4WCI6KBQ,Recency-Weighted,0.0,0.0
AHO7ZUNOIAEMUPUMVPDE4WCI6KBQ,Essence (K=10),0.0,0.0
AHOBYO2YRA7W5RJB7MBALX25HDPQ,Random,0.0,
AHOBYO2YRA7W5RJB7MBALX25HDPQ,Popularity,0.0,
AHOBYO2YRA7W5RJB7MBALX25HDPQ,CF (ItemKNN),0.0,
AHOBYO2YRA7W5RJB7MBALX25HDPQ,Content (Avg Emb),0.0,
AHOBYO2YRA7W5RJB7MBALX25HDPQ,Last-Item,0.0,
AHOBYO2YRA7W5RJB7MBALX25HDPQ,Avg-Last-10,0.0,
AHOBYO2YRA7W5RJB7MBALX25HDPQ,Recency-Weighted,0.0,
AHOBYO2YRA7W5RJB7MBALX25HDPQ,Essence (K=10),0.0,
AHOCPSKQF5EMXS7WWQURR7N4VMUQ,Random,0.0,0.0
AHOCPSKQF5EMXS7WWQURR7N4VMUQ,Popularity,0.0,0.0
AHOCPSKQF5EMXS7WWQURR7N4VMUQ,CF (ItemKNN),0.0,0.0
AHOCPSKQF5EMXS7WWQURR7N4VMUQ,Content (Avg Emb),0.0,0.0
AHOCPSKQF5EMXS7WWQURR7N4VMUQ,Last-Item,0.0,0.0
AHOCPSKQF5EMXS7WWQURR7N4VMUQ,Avg-Last-10,0.0,0.0
AHOCPSKQF5EMXS7WWQURR7N4VMUQ,Recency-Weighted,0.0,0.0
AHOCPSKQF5EMXS7WWQURR7N4VMUQ,Essence (K=10),0.0,0.0
AHODIYMK6RP5WLZSRSNEGGDZ4GJQ,Random,0.0,0.0
AHODIYMK6RP5WLZSRSNEGGDZ4GJQ,Popularity,0.0,0.0
AHODIYMK6RP5WLZSRSNEGGDZ4GJQ,CF (ItemKNN),0.0,0.0
AHODIYMK6RP5WLZSRSNEGGDZ4GJQ,Content (Avg Emb),0.0,0.0
AHODIYMK6RP5WLZSRSNEGGDZ4GJQ,Last-Item,0.0,0.0
AHODIYMK6RP5WLZSRSNEGGDZ4GJQ,Avg-Last-10,0.0,0.0
AHODIYMK6RP5WLZSRSNEGGDZ4GJQ,Recency-Weighted,0.0,0.0
AHODIYMK6RP5WLZSRSNEGGDZ4GJQ,Essence (K=10),0.0,0.0
AHOIGTMHFGKG2IJ2J4VSP5DEX5CA,Random,0.0,
AHOIGTMHFGKG2IJ2J4VSP5DEX5CA,Popularity,0.0,
AHOIGTMHFGKG2IJ2J4VSP5DEX5CA,CF (ItemKNN),0.0,
AHOIGTMHFGKG2IJ2J4VSP5DEX5CA,Content (Avg Emb),0.0,
AHOIGTMHFGKG2IJ2J4VSP5DEX5CA,Last-Item,0.0,
AHOIGTMHFGKG2IJ2J4VSP5DEX5CA,Avg-Last-10,0.0,
AHOIGTMHFGKG2IJ2J4VSP5DEX5CA,Recency-Weighted,0.0,
AHOIGTMHFGKG2IJ2J4VSP5DEX5CA,Essence (K=10),0.0,
AHOOP5JNB7EXRD6D5VJ6ZX32ERTA,Random,0.0,
AHOOP5JNB7EXRD6D5VJ6ZX32ERTA,Popularity,0.0,
AHOOP5JNB7EXRD6D5VJ6ZX32ERTA,CF (ItemKNN),0.0,
AHOOP5JNB7EXRD6D5VJ6ZX32ERTA,Content (Avg Emb),0.0,
AHOOP5JNB7EXRD6D5VJ6ZX32ERTA,Last-Item,0.0,
AHOOP5JNB7EXRD6D5VJ6ZX32ERTA,Avg-Last-10,0.0,
AHOOP5JNB7EXRD6D5VJ6ZX32ERTA,Recency-Weighted,0.0,
AHOOP5JNB7EXRD6D5VJ6ZX32ERTA,Essence (K=10),0.0,
AHOQAKMFRCAF4ZCD6T4JHBLNZ6LA,Random,0.0,0.0
AHOQAKMFRCAF4ZCD6T4JHBLNZ6LA,Popularity,0.0,0.0
AHOQAKMFRCAF4ZCD6T4JHBLNZ6LA,CF (ItemKNN),0.0,0.0
AHOQAKMFRCAF4ZCD6T4JHBLNZ6LA,Content (Avg Emb),0.0,0.0
AHOQAKMFRCAF4ZCD6T4JHBLNZ6LA,Last-Item,0.0,0.0
AHOQAKMFRCAF4ZCD6T4JHBLNZ6LA,Avg-Last-10,0.0,0.0
AHOQAKMFRCAF4ZCD6T4JHBLNZ6LA,Recency-Weighted,0.0,0.0
AHOQAKMFRCAF4ZCD6T4JHBLNZ6LA,Essence (K=10),0.0,0.0
AHOVGHJTCFGT7EN7LVW6ANDTXY2A,Random,0.0,
AHOVGHJTCFGT7EN7LVW6ANDTXY2A,Popularity,0.0,
AHOVGHJTCFGT7EN7LVW6ANDTXY2A,CF (ItemKNN),0.0,
AHOVGHJTCFGT7EN7LVW6ANDTXY2A,Content (Avg Emb),0.0,
AHOVGHJTCFGT7EN7LVW6ANDTXY2A,Last-Item,0.0,
AHOVGHJTCFGT7EN7LVW6ANDTXY2A,Avg-Last-10,0.2,
AHOVGHJTCFGT7EN7LVW6ANDTXY2A,Recency-Weighted,0.2,
AHOVGHJTCFGT7EN7LVW6ANDTXY2A,Essence (K=10),0.4,
AHOVSO6RO3YOUDPEEO3FPXLJ67YA,Random,0.0,
AHOVSO6RO3YOUDPEEO3FPXLJ67YA,Popularity,0.0,
AHOVSO6RO3YOUDPEEO3FPXLJ67YA,CF (ItemKNN),0.0,
AHOVSO6RO3YOUDPEEO3FPXLJ67YA,Content (Avg Emb),0.0,
AHOVSO6RO3YOUDPEEO3FPXLJ67YA,Last-Item,0.0,
AHOVSO6RO3YOUDPEEO3FPXLJ67YA,Avg-Last-10,0.0,
AHOVSO6RO3YOUDPEEO3FPXLJ67YA,Recency-Weighted,0.0,
AHOVSO6RO3YOUDPEEO3FPXLJ67YA,Essence (K=10),0.0,
AHOWZB77PUC4RLT3LAT5QF6E6YEQ,Random,0.0,
AHOWZB77PUC4RLT3LAT5QF6E6YEQ,Popularity,0.0,
AHOWZB77PUC4RLT3LAT5QF6E6YEQ,CF (ItemKNN),0.0,
AHOWZB77PUC4RLT3LAT5QF6E6YEQ,Content (Avg Emb),0.0,
AHOWZB77PUC4RLT3LAT5QF6E6YEQ,Last-Item,0.0,
AHOWZB77PUC4RLT3LAT5QF6E6YEQ,Avg-Last-10,0.0,
AHOWZB77PUC4RLT3LAT5QF6E6YEQ,Recency-Weighted,0.0,
AHOWZB77PUC4RLT3LAT5QF6E6YEQ,Essence (K=10),0.0,
AHOXVIXUUXIJNTZRQ2JA5ZVEAGBQ,Random,0.0,0.0
AHOXVIXUUXIJNTZRQ2JA5ZVEAGBQ,Popularity,0.0,0.0
AHOXVIXUUXIJNTZRQ2JA5ZVEAGBQ,CF (ItemKNN),0.0,0.0
AHOXVIXUUXIJNTZRQ2JA5ZVEAGBQ,Content (Avg Emb),0.0,0.0
AHOXVIXUUXIJNTZRQ2JA5ZVEAGBQ,Last-Item,0.0,0.0
AHOXVIXUUXIJNTZRQ2JA5ZVEAGBQ,Avg-Last-10,0.0,0.0
AHOXVIXUUXIJNTZRQ2JA5ZVEAGBQ,Recency-Weighted,0.0,0.0
AHOXVIXUUXIJNTZRQ2JA5ZVEAGBQ,Essence (K=10),0.0,0.0
AHOYPWXPH4HWKZUFLZAD6CBPV2ZQ,Random,0.0,0.0
AHOYPWXPH4HWKZUFLZAD6CBPV2ZQ,Popularity,0.0,0.0
AHOYPWXPH4HWKZUFLZAD6CBPV2ZQ,CF (ItemKNN),0.0,0.0
AHOYPWXPH4HWKZUFLZAD6CBPV2ZQ,Content (Avg Emb),0.3333333333333333,0.0
AHOYPWXPH4HWKZUFLZAD6CBPV2ZQ,Last-Item,0.5,1.0
AHOYPWXPH4HWKZUFLZAD6CBPV2ZQ,Avg-Last-10,0.8333333333333334,0.0
AHOYPWXPH4HWKZUFLZAD6CBPV2ZQ,Recency-Weighted,0.8333333333333334,0.0
AHOYPWXPH4HWKZUFLZAD6CBPV2ZQ,Essence (K=10),0.8333333333333334,0.0
AHOZ3YJ6CQHLHMQ7ER53IZCBHK2Q,Random,0.0,0.0
AHOZ3YJ6CQHLHMQ7ER53IZCBHK2Q,Popularity,0.0,0.0
AHOZ3YJ6CQHLHMQ7ER53IZCBHK2Q,CF (ItemKNN),0.0,0.0
AHOZ3YJ6CQHLHMQ7ER53IZCBHK2Q,Content (Avg Emb),0.0,0.0
AHOZ3YJ6CQHLHMQ7ER53IZCBHK2Q,Last-Item,0.0,0.0
AHOZ3YJ6CQHLHMQ7ER53IZCBHK2Q,Avg-Last-10,0.0,0.0
AHOZ3YJ6CQHLHMQ7ER53IZCBHK2Q,Recency-Weighted,0.0,0.0
AHOZ3YJ6CQHLHMQ7ER53IZCBHK2Q,Essence (K=10),0.0,0.0
AHOZPZUKKJITYDG7JLZGDXFQHMIA,Random,0.0,
AHOZPZUKKJITYDG7JLZGDXFQHMIA,Popularity,0.0,
AHOZPZUKKJITYDG7JLZGDXFQHMIA,CF (ItemKNN),0.0,
AHOZPZUKKJITYDG7JLZGDXFQHMIA,Content (Avg Emb),0.0,
AHOZPZUKKJITYDG7JLZGDXFQHMIA,Last-Item,0.0,
AHOZPZUKKJITYDG7JLZGDXFQHMIA,Avg-Last-10,0.0,
AHOZPZUKKJITYDG7JLZGDXFQHMIA,Recency-Weighted,0.0,
AHOZPZUKKJITYDG7JLZGDXFQHMIA,Essence (K=10),0.0,
AHP4ZMIH6LUZA3BR7RY22VNDBKQA,Random,0.2,0.0
AHP4ZMIH6LUZA3BR7RY22VNDBKQA,Popularity,0.0,0.0
AHP4ZMIH6LUZA3BR7RY22VNDBKQA,CF (ItemKNN),0.0,0.0
AHP4ZMIH6LUZA3BR7RY22VNDBKQA,Content (Avg Emb),0.0,0.0
AHP4ZMIH6LUZA3BR7RY22VNDBKQA,Last-Item,0.0,0.0
AHP4ZMIH6LUZA3BR7RY22VNDBKQA,Avg-Last-10,0.0,0.0
AHP4ZMIH6LUZA3BR7RY22VNDBKQA,Recency-Weighted,0.0,0.0
AHP4ZMIH6LUZA3BR7RY22VNDBKQA,Essence (K=10),0.0,0.0
AHP77N5RMWQPOVFDIOMDA4DDPOHA,Random,0.0,0.0
AHP77N5RMWQPOVFDIOMDA4DDPOHA,Popularity,0.0,0.0
AHP77N5RMWQPOVFDIOMDA4DDPOHA,CF (ItemKNN),0.2,0.0
AHP77N5RMWQPOVFDIOMDA4DDPOHA,Content (Avg Emb),0.0,0.0
AHP77N5RMWQPOVFDIOMDA4DDPOHA,Last-Item,0.0,0.0
AHP77N5RMWQPOVFDIOMDA4DDPOHA,Avg-Last-10,0.0,0.0
AHP77N5RMWQPOVFDIOMDA4DDPOHA,Recency-Weighted,0.0,0.0
AHP77N5RMWQPOVFDIOMDA4DDPOHA,Essence (K=10),0.2,0.0
AHPCDKOBZBCZSVQEO567MNADPUXA,Random,0.0,0.0
AHPCDKOBZBCZSVQEO567MNADPUXA,Popularity,0.0,0.0
AHPCDKOBZBCZSVQEO567MNADPUXA,CF (ItemKNN),0.0,0.0
AHPCDKOBZBCZSVQEO567MNADPUXA,Content (Avg Emb),0.0,0.0
AHPCDKOBZBCZSVQEO567MNADPUXA,Last-Item,0.0,0.0
AHPCDKOBZBCZSVQEO567MNADPUXA,Avg-Last-10,0.0,0.0
AHPCDKOBZBCZSVQEO567MNADPUXA,Recency-Weighted,0.0,0.0
AHPCDKOBZBCZSVQEO567MNADPUXA,Essence (K=10),0.0,0.0
AHPEROTQRTMTTYTW7XBSLRMR2JZA,Random,0.0,
AHPEROTQRTMTTYTW7XBSLRMR2JZA,Popularity,0.0,
AHPEROTQRTMTTYTW7XBSLRMR2JZA,CF (ItemKNN),0.0,
AHPEROTQRTMTTYTW7XBSLRMR2JZA,Content (Avg Emb),0.125,
AHPEROTQRTMTTYTW7XBSLRMR2JZA,Last-Item,0.0,
AHPEROTQRTMTTYTW7XBSLRMR2JZA,Avg-Last-10,0.0,
AHPEROTQRTMTTYTW7XBSLRMR2JZA,Recency-Weighted,0.0,
AHPEROTQRTMTTYTW7XBSLRMR2JZA,Essence (K=10),0.0,
AHPFK3S5NSSO6FROYD3HRBJSW3KQ,Random,0.0,0.0
AHPFK3S5NSSO6FROYD3HRBJSW3KQ,Popularity,0.25,0.0
AHPFK3S5NSSO6FROYD3HRBJSW3KQ,CF (ItemKNN),0.0,0.0
AHPFK3S5NSSO6FROYD3HRBJSW3KQ,Content (Avg Emb),0.0,0.0
AHPFK3S5NSSO6FROYD3HRBJSW3KQ,Last-Item,0.0,0.0
AHPFK3S5NSSO6FROYD3HRBJSW3KQ,Avg-Last-10,0.0,0.0
AHPFK3S5NSSO6FROYD3HRBJSW3KQ,Recency-Weighted,0.0,0.0
AHPFK3S5NSSO6FROYD3HRBJSW3KQ,Essence (K=10),0.0,0.0
AHPNG4GAYPAUIVGMRHXVHAXJOF3Q,Random,0.0,
AHPNG4GAYPAUIVGMRHXVHAXJOF3Q,Popularity,0.0,
AHPNG4GAYPAUIVGMRHXVHAXJOF3Q,CF (ItemKNN),0.0,
AHPNG4GAYPAUIVGMRHXVHAXJOF3Q,Content (Avg Emb),0.0,
AHPNG4GAYPAUIVGMRHXVHAXJOF3Q,Last-Item,0.0,
AHPNG4GAYPAUIVGMRHXVHAXJOF3Q,Avg-Last-10,0.0,
AHPNG4GAYPAUIVGMRHXVHAXJOF3Q,Recency-Weighted,0.0,
AHPNG4GAYPAUIVGMRHXVHAXJOF3Q,Essence (K=10),0.0,
AHPOFJMVSMFF6W54H3WPHNYPQNVA,Random,0.0,0.0
AHPOFJMVSMFF6W54H3WPHNYPQNVA,Popularity,0.0,0.0
AHPOFJMVSMFF6W54H3WPHNYPQNVA,CF (ItemKNN),0.0,0.0
AHPOFJMVSMFF6W54H3WPHNYPQNVA,Content (Avg Emb),0.0,0.0
AHPOFJMVSMFF6W54H3WPHNYPQNVA,Last-Item,0.0,0.0
AHPOFJMVSMFF6W54H3WPHNYPQNVA,Avg-Last-10,0.0,0.0
AHPOFJMVSMFF6W54H3WPHNYPQNVA,Recency-Weighted,0.0,0.0
AHPOFJMVSMFF6W54H3WPHNYPQNVA,Essence (K=10),0.0,0.0
AHPOFM4BZ3TM5JPCHE4LL7T5JTTA,Random,0.0,0.0
AHPOFM4BZ3TM5JPCHE4LL7T5JTTA,Popularity,0.0,0.0
AHPOFM4BZ3TM5JPCHE4LL7T5JTTA,CF (ItemKNN),0.0,0.0
AHPOFM4BZ3TM5JPCHE4LL7T5JTTA,Content (Avg Emb),0.0,0.0
AHPOFM4BZ3TM5JPCHE4LL7T5JTTA,Last-Item,0.0,0.0
AHPOFM4BZ3TM5JPCHE4LL7T5JTTA,Avg-Last-10,0.0,0.0
AHPOFM4BZ3TM5JPCHE4LL7T5JTTA,Recency-Weighted,0.0,0.0
AHPOFM4BZ3TM5JPCHE4LL7T5JTTA,Essence (K=10),0.0,0.0
AHPOLVRPJX2M7SICJUXL4PVRXU7Q,Random,0.0,0.0
AHPOLVRPJX2M7SICJUXL4PVRXU7Q,Popularity,0.0,0.0
AHPOLVRPJX2M7SICJUXL4PVRXU7Q,CF (ItemKNN),0.0,0.0
AHPOLVRPJX2M7SICJUXL4PVRXU7Q,Content (Avg Emb),0.0,0.0
AHPOLVRPJX2M7SICJUXL4PVRXU7Q,Last-Item,0.0,0.0
AHPOLVRPJX2M7SICJUXL4PVRXU7Q,Avg-Last-10,0.2,0.0
AHPOLVRPJX2M7SICJUXL4PVRXU7Q,Recency-Weighted,0.0,0.0
AHPOLVRPJX2M7SICJUXL4PVRXU7Q,Essence (K=10),0.2,0.0
AHPUNAEGT5S5LEU4UVG7P7AKU7JQ,Random,0.0,
AHPUNAEGT5S5LEU4UVG7P7AKU7JQ,Popularity,0.0,
AHPUNAEGT5S5LEU4UVG7P7AKU7JQ,CF (ItemKNN),0.0,
AHPUNAEGT5S5LEU4UVG7P7AKU7JQ,Content (Avg Emb),0.0,
AHPUNAEGT5S5LEU4UVG7P7AKU7JQ,Last-Item,0.0,
AHPUNAEGT5S5LEU4UVG7P7AKU7JQ,Avg-Last-10,0.0,
AHPUNAEGT5S5LEU4UVG7P7AKU7JQ,Recency-Weighted,0.0,
AHPUNAEGT5S5LEU4UVG7P7AKU7JQ,Essence (K=10),0.0,
AHPVDS7YGG4CA67FHQFDVWAICAIA,Random,0.0,0.0
AHPVDS7YGG4CA67FHQFDVWAICAIA,Popularity,0.0,0.0
AHPVDS7YGG4CA67FHQFDVWAICAIA,CF (ItemKNN),0.0,0.0
AHPVDS7YGG4CA67FHQFDVWAICAIA,Content (Avg Emb),0.0,0.0
AHPVDS7YGG4CA67FHQFDVWAICAIA,Last-Item,0.0,0.0
AHPVDS7YGG4CA67FHQFDVWAICAIA,Avg-Last-10,0.0,0.0
AHPVDS7YGG4CA67FHQFDVWAICAIA,Recency-Weighted,0.0,0.0
AHPVDS7YGG4CA67FHQFDVWAICAIA,Essence (K=10),0.0,0.0
AHPYIDT4P4OUFMJJG3ITIQZIOR7A,Random,0.0,0.0
AHPYIDT4P4OUFMJJG3ITIQZIOR7A,Popularity,0.0,0.0
AHPYIDT4P4OUFMJJG3ITIQZIOR7A,CF (ItemKNN),0.0,0.0
AHPYIDT4P4OUFMJJG3ITIQZIOR7A,Content (Avg Emb),0.0,0.0
AHPYIDT4P4OUFMJJG3ITIQZIOR7A,Last-Item,0.0,0.0
AHPYIDT4P4OUFMJJG3ITIQZIOR7A,Avg-Last-10,0.0,0.0
AHPYIDT4P4OUFMJJG3ITIQZIOR7A,Recency-Weighted,0.0,0.0
AHPYIDT4P4OUFMJJG3ITIQZIOR7A,Essence (K=10),0.0,0.0
AHPZYOOF7J3MKKOJF6ZN2TGYSXAQ,Random,0.0,0.0
AHPZYOOF7J3MKKOJF6ZN2TGYSXAQ,Popularity,0.0,0.0
AHPZYOOF7J3MKKOJF6ZN2TGYSXAQ,CF (ItemKNN),0.0,0.0
AHPZYOOF7J3MKKOJF6ZN2TGYSXAQ,Content (Avg Emb),0.0,0.0
AHPZYOOF7J3MKKOJF6ZN2TGYSXAQ,Last-Item,0.0,0.0
AHPZYOOF7J3MKKOJF6ZN2TGYSXAQ,Avg-Last-10,0.0,0.0
AHPZYOOF7J3MKKOJF6ZN2TGYSXAQ,Recency-Weighted,0.0,0.0
AHPZYOOF7J3MKKOJF6ZN2TGYSXAQ,Essence (K=10),0.0,0.0
AHQ2ORAX5IDCXPBPHY2A2IOR3IWQ,Random,0.0,
AHQ2ORAX5IDCXPBPHY2A2IOR3IWQ,Popularity,0.0,
AHQ2ORAX5IDCXPBPHY2A2IOR3IWQ,CF (ItemKNN),0.0,
AHQ2ORAX5IDCXPBPHY2A2IOR3IWQ,Content (Avg Emb),0.0,
AHQ2ORAX5IDCXPBPHY2A2IOR3IWQ,Last-Item,0.0,
AHQ2ORAX5IDCXPBPHY2A2IOR3IWQ,Avg-Last-10,0.0,
AHQ2ORAX5IDCXPBPHY2A2IOR3IWQ,Recency-Weighted,0.0,
AHQ2ORAX5IDCXPBPHY2A2IOR3IWQ,Essence (K=10),0.0,
AHQ33TFDUPAHTZFJXWS3WGXZKASQ,Random,0.0,
AHQ33TFDUPAHTZFJXWS3WGXZKASQ,Popularity,0.0,
AHQ33TFDUPAHTZFJXWS3WGXZKASQ,CF (ItemKNN),0.0,
AHQ33TFDUPAHTZFJXWS3WGXZKASQ,Content (Avg Emb),0.0,
AHQ33TFDUPAHTZFJXWS3WGXZKASQ,Last-Item,0.0,
AHQ33TFDUPAHTZFJXWS3WGXZKASQ,Avg-Last-10,0.0,
AHQ33TFDUPAHTZFJXWS3WGXZKASQ,Recency-Weighted,0.0,
AHQ33TFDUPAHTZFJXWS3WGXZKASQ,Essence (K=10),0.0,
AHQ36IDKC7YBKRDTOUQUJY4YUOOQ,Random,0.0,0.0
AHQ36IDKC7YBKRDTOUQUJY4YUOOQ,Popularity,0.0,0.0
AHQ36IDKC7YBKRDTOUQUJY4YUOOQ,CF (ItemKNN),0.0,0.0
AHQ36IDKC7YBKRDTOUQUJY4YUOOQ,Content (Avg Emb),0.0,0.0
AHQ36IDKC7YBKRDTOUQUJY4YUOOQ,Last-Item,0.125,0.0
AHQ36IDKC7YBKRDTOUQUJY4YUOOQ,Avg-Last-10,0.0,0.0
AHQ36IDKC7YBKRDTOUQUJY4YUOOQ,Recency-Weighted,0.0,0.0
AHQ36IDKC7YBKRDTOUQUJY4YUOOQ,Essence (K=10),0.0,0.0
AHQ6DPPDJVZDXXPN2O7ZUYXVO37Q,Random,0.0,
AHQ6DPPDJVZDXXPN2O7ZUYXVO37Q,Popularity,0.0,
AHQ6DPPDJVZDXXPN2O7ZUYXVO37Q,CF (ItemKNN),0.0,
AHQ6DPPDJVZDXXPN2O7ZUYXVO37Q,Content (Avg Emb),0.0,
AHQ6DPPDJVZDXXPN2O7ZUYXVO37Q,Last-Item,0.0,
AHQ6DPPDJVZDXXPN2O7ZUYXVO37Q,Avg-Last-10,0.0,
AHQ6DPPDJVZDXXPN2O7ZUYXVO37Q,Recency-Weighted,0.0,
AHQ6DPPDJVZDXXPN2O7ZUYXVO37Q,Essence (K=10),0.0,
AHQ6EVQ64GMOR22ZK4X3HYQCUCDA,Random,0.0,0.0
AHQ6EVQ64GMOR22ZK4X3HYQCUCDA,Popularity,0.0,0.0
AHQ6EVQ64GMOR22ZK4X3HYQCUCDA,CF (ItemKNN),0.0,0.0
AHQ6EVQ64GMOR22ZK4X3HYQCUCDA,Content (Avg Emb),0.0,0.0
AHQ6EVQ64GMOR22ZK4X3HYQCUCDA,Last-Item,0.0625,0.0
AHQ6EVQ64GMOR22ZK4X3HYQCUCDA,Avg-Last-10,0.0625,0.0
AHQ6EVQ64GMOR22ZK4X3HYQCUCDA,Recency-Weighted,0.125,0.0
AHQ6EVQ64GMOR22ZK4X3HYQCUCDA,Essence (K=10),0.0,0.0
AHQ6JUW2JR4E4SATH7RQL73YYRVQ,Random,0.0,
AHQ6JUW2JR4E4SATH7RQL73YYRVQ,Popularity,0.0,
AHQ6JUW2JR4E4SATH7RQL73YYRVQ,CF (ItemKNN),0.0,
AHQ6JUW2JR4E4SATH7RQL73YYRVQ,Content (Avg Emb),0.0,
AHQ6JUW2JR4E4SATH7RQL73YYRVQ,Last-Item,0.0,
AHQ6JUW2JR4E4SATH7RQL73YYRVQ,Avg-Last-10,0.0,
AHQ6JUW2JR4E4SATH7RQL73YYRVQ,Recency-Weighted,0.0,
AHQ6JUW2JR4E4SATH7RQL73YYRVQ,Essence (K=10),0.0,
AHQAWPSZW66QWBYLAS4HJ2HBPJKA,Random,0.0,0.0
AHQAWPSZW66QWBYLAS4HJ2HBPJKA,Popularity,0.0,0.0
AHQAWPSZW66QWBYLAS4HJ2HBPJKA,CF (ItemKNN),0.0,0.0
AHQAWPSZW66QWBYLAS4HJ2HBPJKA,Content (Avg Emb),0.0,0.0
AHQAWPSZW66QWBYLAS4HJ2HBPJKA,Last-Item,0.0,0.0
AHQAWPSZW66QWBYLAS4HJ2HBPJKA,Avg-Last-10,0.0,0.0
AHQAWPSZW66QWBYLAS4HJ2HBPJKA,Recency-Weighted,0.0,0.0
AHQAWPSZW66QWBYLAS4HJ2HBPJKA,Essence (K=10),0.0,0.0
AHQDPXFFTDSX6RTGNJGN4MGOETUQ,Random,0.0,0.0
AHQDPXFFTDSX6RTGNJGN4MGOETUQ,Popularity,0.0,0.0
AHQDPXFFTDSX6RTGNJGN4MGOETUQ,CF (ItemKNN),0.0,0.0
AHQDPXFFTDSX6RTGNJGN4MGOETUQ,Content (Avg Emb),0.0,0.0
AHQDPXFFTDSX6RTGNJGN4MGOETUQ,Last-Item,0.0,0.0
AHQDPXFFTDSX6RTGNJGN4MGOETUQ,Avg-Last-10,0.0,0.0
AHQDPXFFTDSX6RTGNJGN4MGOETUQ,Recency-Weighted,0.0,0.0
AHQDPXFFTDSX6RTGNJGN4MGOETUQ,Essence (K=10),0.0,0.0
AHQF4GMPT6H5XMVYGAGBKYN5V66Q,Random,0.0,0.0
AHQF4GMPT6H5XMVYGAGBKYN5V66Q,Popularity,0.0,0.0
AHQF4GMPT6H5XMVYGAGBKYN5V66Q,CF (ItemKNN),0.0,0.0
AHQF4GMPT6H5XMVYGAGBKYN5V66Q,Content (Avg Emb),0.0,0.0
AHQF4GMPT6H5XMVYGAGBKYN5V66Q,Last-Item,0.0,0.0
AHQF4GMPT6H5XMVYGAGBKYN5V66Q,Avg-Last-10,0.0,0.0
AHQF4GMPT6H5XMVYGAGBKYN5V66Q,Recency-Weighted,0.0,0.0
AHQF4GMPT6H5XMVYGAGBKYN5V66Q,Essence (K=10),0.0,0.0
AHQGGS4MMWRFVNUZ6YMKP5G74D5Q,Random,0.0,
AHQGGS4MMWRFVNUZ6YMKP5G74D5Q,Popularity,0.0,
AHQGGS4MMWRFVNUZ6YMKP5G74D5Q,CF (ItemKNN),0.0,
AHQGGS4MMWRFVNUZ6YMKP5G74D5Q,Content (Avg Emb),0.0,
AHQGGS4MMWRFVNUZ6YMKP5G74D5Q,Last-Item,0.0,
AHQGGS4MMWRFVNUZ6YMKP5G74D5Q,Avg-Last-10,0.0,
AHQGGS4MMWRFVNUZ6YMKP5G74D5Q,Recency-Weighted,0.0,
AHQGGS4MMWRFVNUZ6YMKP5G74D5Q,Essence (K=10),0.0,
AHQI3K7J37TQC4AGQWMATKXSKOWA,Random,0.0,
AHQI3K7J37TQC4AGQWMATKXSKOWA,Popularity,0.0,
AHQI3K7J37TQC4AGQWMATKXSKOWA,CF (ItemKNN),0.0,
AHQI3K7J37TQC4AGQWMATKXSKOWA,Content (Avg Emb),0.0,
AHQI3K7J37TQC4AGQWMATKXSKOWA,Last-Item,0.0,
AHQI3K7J37TQC4AGQWMATKXSKOWA,Avg-Last-10,0.0,
AHQI3K7J37TQC4AGQWMATKXSKOWA,Recency-Weighted,0.0,
AHQI3K7J37TQC4AGQWMATKXSKOWA,Essence (K=10),0.0,
AHQIYTR3DALN62AVHQAM2EVU3FHQ,Random,0.0,
AHQIYTR3DALN62AVHQAM2EVU3FHQ,Popularity,0.0,
AHQIYTR3DALN62AVHQAM2EVU3FHQ,CF (ItemKNN),0.0,
AHQIYTR3DALN62AVHQAM2EVU3FHQ,Content (Avg Emb),0.0,
AHQIYTR3DALN62AVHQAM2EVU3FHQ,Last-Item,0.0,
AHQIYTR3DALN62AVHQAM2EVU3FHQ,Avg-Last-10,0.0,
AHQIYTR3DALN62AVHQAM2EVU3FHQ,Recency-Weighted,0.0,
AHQIYTR3DALN62AVHQAM2EVU3FHQ,Essence (K=10),0.0,
AHQLR5FPZNW7GJJXNTRCLKHIGI7Q,Random,0.0,
AHQLR5FPZNW7GJJXNTRCLKHIGI7Q,Popularity,0.0,
AHQLR5FPZNW7GJJXNTRCLKHIGI7Q,CF (ItemKNN),0.0,
AHQLR5FPZNW7GJJXNTRCLKHIGI7Q,Content (Avg Emb),0.0,
AHQLR5FPZNW7GJJXNTRCLKHIGI7Q,Last-Item,0.0,
AHQLR5FPZNW7GJJXNTRCLKHIGI7Q,Avg-Last-10,0.0,
AHQLR5FPZNW7GJJXNTRCLKHIGI7Q,Recency-Weighted,0.0,
AHQLR5FPZNW7GJJXNTRCLKHIGI7Q,Essence (K=10),0.2,
AHQMOBU3BGSC3MZ7DT4GNKSSUV3Q,Random,0.0,0.0
AHQMOBU3BGSC3MZ7DT4GNKSSUV3Q,Popularity,0.0,0.0
AHQMOBU3BGSC3MZ7DT4GNKSSUV3Q,CF (ItemKNN),0.0,0.0
AHQMOBU3BGSC3MZ7DT4GNKSSUV3Q,Content (Avg Emb),0.0,0.0
AHQMOBU3BGSC3MZ7DT4GNKSSUV3Q,Last-Item,0.0,0.0
AHQMOBU3BGSC3MZ7DT4GNKSSUV3Q,Avg-Last-10,0.0,0.0
AHQMOBU3BGSC3MZ7DT4GNKSSUV3Q,Recency-Weighted,0.0,0.0
AHQMOBU3BGSC3MZ7DT4GNKSSUV3Q,Essence (K=10),0.0,0.0
AHQNKS767UDUDH6QYJNUD47C7WVQ,Random,0.0,
AHQNKS767UDUDH6QYJNUD47C7WVQ,Popularity,0.0,
AHQNKS767UDUDH6QYJNUD47C7WVQ,CF (ItemKNN),0.0,
AHQNKS767UDUDH6QYJNUD47C7WVQ,Content (Avg Emb),0.0,
AHQNKS767UDUDH6QYJNUD47C7WVQ,Last-Item,0.0,
AHQNKS767UDUDH6QYJNUD47C7WVQ,Avg-Last-10,0.0,
AHQNKS767UDUDH6QYJNUD47C7WVQ,Recency-Weighted,0.0,
AHQNKS767UDUDH6QYJNUD47C7WVQ,Essence (K=10),0.0,
AHQNQDK427R5ZCZOQBRZAWGJWLYQ,Random,0.0,0.0
AHQNQDK427R5ZCZOQBRZAWGJWLYQ,Popularity,0.0,0.0
AHQNQDK427R5ZCZOQBRZAWGJWLYQ,CF (ItemKNN),0.0,0.0
AHQNQDK427R5ZCZOQBRZAWGJWLYQ,Content (Avg Emb),0.0,0.0
AHQNQDK427R5ZCZOQBRZAWGJWLYQ,Last-Item,0.0,0.0
AHQNQDK427R5ZCZOQBRZAWGJWLYQ,Avg-Last-10,0.0,0.0
AHQNQDK427R5ZCZOQBRZAWGJWLYQ,Recency-Weighted,0.0,0.0
AHQNQDK427R5ZCZOQBRZAWGJWLYQ,Essence (K=10),0.0,0.0
AHQOU6OT22I5BLFCBU4SMDHRORTA,Random,0.0,0.0
AHQOU6OT22I5BLFCBU4SMDHRORTA,Popularity,0.0,0.0
AHQOU6OT22I5BLFCBU4SMDHRORTA,CF (ItemKNN),0.0,0.0
AHQOU6OT22I5BLFCBU4SMDHRORTA,Content (Avg Emb),0.0,0.0
AHQOU6OT22I5BLFCBU4SMDHRORTA,Last-Item,0.0,0.0
AHQOU6OT22I5BLFCBU4SMDHRORTA,Avg-Last-10,0.0,0.0
AHQOU6OT22I5BLFCBU4SMDHRORTA,Recency-Weighted,0.0,0.0
AHQOU6OT22I5BLFCBU4SMDHRORTA,Essence (K=10),0.0,0.0
AHQPPLFI6VEBTWTABPG3W5FAO4CQ,Random,0.0,
AHQPPLFI6VEBTWTABPG3W5FAO4CQ,Popularity,0.0,
AHQPPLFI6VEBTWTABPG3W5FAO4CQ,CF (ItemKNN),0.0,
AHQPPLFI6VEBTWTABPG3W5FAO4CQ,Content (Avg Emb),0.0,
AHQPPLFI6VEBTWTABPG3W5FAO4CQ,Last-Item,0.14285714285714285,
AHQPPLFI6VEBTWTABPG3W5FAO4CQ,Avg-Last-10,0.42857142857142855,
AHQPPLFI6VEBTWTABPG3W5FAO4CQ,Recency-Weighted,0.2857142857142857,
AHQPPLFI6VEBTWTABPG3W5FAO4CQ,Essence (K=10),0.14285714285714285,
AHQQCRYFFW5M2ERN2BUYJFDOCV6Q,Random,0.0,0.0
AHQQCRYFFW5M2ERN2BUYJFDOCV6Q,Popularity,0.0,0.0
AHQQCRYFFW5M2ERN2BUYJFDOCV6Q,CF (ItemKNN),0.0,0.0
AHQQCRYFFW5M2ERN2BUYJFDOCV6Q,Content (Avg Emb),0.0,0.0
AHQQCRYFFW5M2ERN2BUYJFDOCV6Q,Last-Item,0.0,0.0
AHQQCRYFFW5M2ERN2BUYJFDOCV6Q,Avg-Last-10,0.0,0.0
AHQQCRYFFW5M2ERN2BUYJFDOCV6Q,Recency-Weighted,0.0,0.0
AHQQCRYFFW5M2ERN2BUYJFDOCV6Q,Essence (K=10),0.0,0.0
AHQR7XKEPS4VFFDOTHA6XFZGDNSA,Random,0.0,0.0
AHQR7XKEPS4VFFDOTHA6XFZGDNSA,Popularity,0.0,0.0
AHQR7XKEPS4VFFDOTHA6XFZGDNSA,CF (ItemKNN),0.0,0.0
AHQR7XKEPS4VFFDOTHA6XFZGDNSA,Content (Avg Emb),0.0,0.0
AHQR7XKEPS4VFFDOTHA6XFZGDNSA,Last-Item,0.0,0.0
AHQR7XKEPS4VFFDOTHA6XFZGDNSA,Avg-Last-10,0.0,0.0
AHQR7XKEPS4VFFDOTHA6XFZGDNSA,Recency-Weighted,0.0,0.0
AHQR7XKEPS4VFFDOTHA6XFZGDNSA,Essence (K=10),0.0,0.0
AHQRAL7WS3NZUGKWBFONBM4V4NNQ,Random,0.0,0.0
AHQRAL7WS3NZUGKWBFONBM4V4NNQ,Popularity,0.0,0.0
AHQRAL7WS3NZUGKWBFONBM4V4NNQ,CF (ItemKNN),0.0,0.0
AHQRAL7WS3NZUGKWBFONBM4V4NNQ,Content (Avg Emb),0.0,0.0
AHQRAL7WS3NZUGKWBFONBM4V4NNQ,Last-Item,0.0,0.0
AHQRAL7WS3NZUGKWBFONBM4V4NNQ,Avg-Last-10,0.0,0.0
AHQRAL7WS3NZUGKWBFONBM4V4NNQ,Recency-Weighted,0.0,0.0
AHQRAL7WS3NZUGKWBFONBM4V4NNQ,Essence (K=10),0.0,0.0
AHQSC3QFPUKMFQXMHHICY3MLQCJA,Random,0.0,0.0
AHQSC3QFPUKMFQXMHHICY3MLQCJA,Popularity,0.0,0.0
AHQSC3QFPUKMFQXMHHICY3MLQCJA,CF (ItemKNN),0.0,0.0
AHQSC3QFPUKMFQXMHHICY3MLQCJA,Content (Avg Emb),0.0,0.0
AHQSC3QFPUKMFQXMHHICY3MLQCJA,Last-Item,0.0,0.0
AHQSC3QFPUKMFQXMHHICY3MLQCJA,Avg-Last-10,0.0,0.0
AHQSC3QFPUKMFQXMHHICY3MLQCJA,Recency-Weighted,0.0,0.0
AHQSC3QFPUKMFQXMHHICY3MLQCJA,Essence (K=10),0.0,0.0
AHQTJN3H7CTLEVVQE32D77BHLUCA,Random,0.0,
AHQTJN3H7CTLEVVQE32D77BHLUCA,Popularity,0.0,
AHQTJN3H7CTLEVVQE32D77BHLUCA,CF (ItemKNN),0.0,
AHQTJN3H7CTLEVVQE32D77BHLUCA,Content (Avg Emb),0.0,
AHQTJN3H7CTLEVVQE32D77BHLUCA,Last-Item,0.0,
AHQTJN3H7CTLEVVQE32D77BHLUCA,Avg-Last-10,0.0,
AHQTJN3H7CTLEVVQE32D77BHLUCA,Recency-Weighted,0.0,
AHQTJN3H7CTLEVVQE32D77BHLUCA,Essence (K=10),0.0,
AHQW7CSZFBM2QKP7VKZKAKRST6ZQ,Random,0.0,0.0
AHQW7CSZFBM2QKP7VKZKAKRST6ZQ,Popularity,0.0,0.0
AHQW7CSZFBM2QKP7VKZKAKRST6ZQ,CF (ItemKNN),0.0,0.0
AHQW7CSZFBM2QKP7VKZKAKRST6ZQ,Content (Avg Emb),0.0,0.0
AHQW7CSZFBM2QKP7VKZKAKRST6ZQ,Last-Item,0.0,0.0
AHQW7CSZFBM2QKP7VKZKAKRST6ZQ,Avg-Last-10,0.0,0.0
AHQW7CSZFBM2QKP7VKZKAKRST6ZQ,Recency-Weighted,0.0,0.0
AHQW7CSZFBM2QKP7VKZKAKRST6ZQ,Essence (K=10),0.0,0.0
AHQWBCNRWJ6PO42IH62H33VP3ZUA,Random,0.0,0.0
AHQWBCNRWJ6PO42IH62H33VP3ZUA,Popularity,0.0,0.0
AHQWBCNRWJ6PO42IH62H33VP3ZUA,CF (ItemKNN),0.0,0.0
AHQWBCNRWJ6PO42IH62H33VP3ZUA,Content (Avg Emb),0.125,0.0
AHQWBCNRWJ6PO42IH62H33VP3ZUA,Last-Item,0.125,0.0
AHQWBCNRWJ6PO42IH62H33VP3ZUA,Avg-Last-10,0.125,0.0
AHQWBCNRWJ6PO42IH62H33VP3ZUA,Recency-Weighted,0.125,0.0
AHQWBCNRWJ6PO42IH62H33VP3ZUA,Essence (K=10),0.375,0.0
AHQWUKFOAY2KXR2TIVR3X3R5K3ZA,Random,0.0,0.0
AHQWUKFOAY2KXR2TIVR3X3R5K3ZA,Popularity,0.0,0.0
AHQWUKFOAY2KXR2TIVR3X3R5K3ZA,CF (ItemKNN),0.1111111111111111,0.0
AHQWUKFOAY2KXR2TIVR3X3R5K3ZA,Content (Avg Emb),0.0,0.0
AHQWUKFOAY2KXR2TIVR3X3R5K3ZA,Last-Item,0.0,0.0
AHQWUKFOAY2KXR2TIVR3X3R5K3ZA,Avg-Last-10,0.0,0.0
AHQWUKFOAY2KXR2TIVR3X3R5K3ZA,Recency-Weighted,0.0,0.0
AHQWUKFOAY2KXR2TIVR3X3R5K3ZA,Essence (K=10),0.0,0.0
AHR43BOODLDMMBOIYNSCCO6TDKMA,Random,0.0,0.0
AHR43BOODLDMMBOIYNSCCO6TDKMA,Popularity,0.0,0.0
AHR43BOODLDMMBOIYNSCCO6TDKMA,CF (ItemKNN),0.0,0.0
AHR43BOODLDMMBOIYNSCCO6TDKMA,Content (Avg Emb),0.0,0.0
AHR43BOODLDMMBOIYNSCCO6TDKMA,Last-Item,0.0,0.0
AHR43BOODLDMMBOIYNSCCO6TDKMA,Avg-Last-10,0.0,0.0
AHR43BOODLDMMBOIYNSCCO6TDKMA,Recency-Weighted,0.0,0.0
AHR43BOODLDMMBOIYNSCCO6TDKMA,Essence (K=10),0.0,0.0
AHR4XMCZ6GJ4K6UJ4QXMCNKUDJ6A,Random,0.0,0.0
AHR4XMCZ6GJ4K6UJ4QXMCNKUDJ6A,Popularity,0.0,0.0
AHR4XMCZ6GJ4K6UJ4QXMCNKUDJ6A,CF (ItemKNN),0.0,0.0
AHR4XMCZ6GJ4K6UJ4QXMCNKUDJ6A,Content (Avg Emb),0.0,0.0
AHR4XMCZ6GJ4K6UJ4QXMCNKUDJ6A,Last-Item,0.0,0.0
AHR4XMCZ6GJ4K6UJ4QXMCNKUDJ6A,Avg-Last-10,0.0,0.0
AHR4XMCZ6GJ4K6UJ4QXMCNKUDJ6A,Recency-Weighted,0.0,0.0
AHR4XMCZ6GJ4K6UJ4QXMCNKUDJ6A,Essence (K=10),0.0,0.0
AHR4XQZA5JUWOBZLTKB35CLBEQKA,Random,0.0,0.0
AHR4XQZA5JUWOBZLTKB35CLBEQKA,Popularity,0.0,0.0
AHR4XQZA5JUWOBZLTKB35CLBEQKA,CF (ItemKNN),0.0,0.0
AHR4XQZA5JUWOBZLTKB35CLBEQKA,Content (Avg Emb),0.0,0.0
AHR4XQZA5JUWOBZLTKB35CLBEQKA,Last-Item,0.0,0.0
AHR4XQZA5JUWOBZLTKB35CLBEQKA,Avg-Last-10,0.0,0.0
AHR4XQZA5JUWOBZLTKB35CLBEQKA,Recency-Weighted,0.0,0.0
AHR4XQZA5JUWOBZLTKB35CLBEQKA,Essence (K=10),0.0,0.0
AHRFROWH7CO3ZA6HL6RR7FRWQXOQ,Random,0.0,
AHRFROWH7CO3ZA6HL6RR7FRWQXOQ,Popularity,0.0,
AHRFROWH7CO3ZA6HL6RR7FRWQXOQ,CF (ItemKNN),0.0,
AHRFROWH7CO3ZA6HL6RR7FRWQXOQ,Content (Avg Emb),0.0,
AHRFROWH7CO3ZA6HL6RR7FRWQXOQ,Last-Item,0.0,
AHRFROWH7CO3ZA6HL6RR7FRWQXOQ,Avg-Last-10,0.0,
AHRFROWH7CO3ZA6HL6RR7FRWQXOQ,Recency-Weighted,0.0,
AHRFROWH7CO3ZA6HL6RR7FRWQXOQ,Essence (K=10),0.0,
AHRIUQ5MJMT6TTYY5WK7V5LC4OJA,Random,0.0,
AHRIUQ5MJMT6TTYY5WK7V5LC4OJA,Popularity,0.0,
AHRIUQ5MJMT6TTYY5WK7V5LC4OJA,CF (ItemKNN),0.0,
AHRIUQ5MJMT6TTYY5WK7V5LC4OJA,Content (Avg Emb),0.0,
AHRIUQ5MJMT6TTYY5WK7V5LC4OJA,Last-Item,0.0,
AHRIUQ5MJMT6TTYY5WK7V5LC4OJA,Avg-Last-10,0.0,
AHRIUQ5MJMT6TTYY5WK7V5LC4OJA,Recency-Weighted,0.0,
AHRIUQ5MJMT6TTYY5WK7V5LC4OJA,Essence (K=10),0.0,
AHRKCIUJ323DWMBITPVH2BLK6LZQ,Random,0.0,0.0
AHRKCIUJ323DWMBITPVH2BLK6LZQ,Popularity,0.0,0.0
AHRKCIUJ323DWMBITPVH2BLK6LZQ,CF (ItemKNN),0.0,0.0
AHRKCIUJ323DWMBITPVH2BLK6LZQ,Content (Avg Emb),0.0,0.0
AHRKCIUJ323DWMBITPVH2BLK6LZQ,Last-Item,0.0,0.0
AHRKCIUJ323DWMBITPVH2BLK6LZQ,Avg-Last-10,0.0,0.0
AHRKCIUJ323DWMBITPVH2BLK6LZQ,Recency-Weighted,0.0,0.0
AHRKCIUJ323DWMBITPVH2BLK6LZQ,Essence (K=10),0.0,0.0
AHRMAG7OREGRP3TRADF6AWA4ZNYA,Random,0.0,
AHRMAG7OREGRP3TRADF6AWA4ZNYA,Popularity,0.0,
AHRMAG7OREGRP3TRADF6AWA4ZNYA,CF (ItemKNN),0.0,
AHRMAG7OREGRP3TRADF6AWA4ZNYA,Content (Avg Emb),0.0,
AHRMAG7OREGRP3TRADF6AWA4ZNYA,Last-Item,0.0,
AHRMAG7OREGRP3TRADF6AWA4ZNYA,Avg-Last-10,0.0,
AHRMAG7OREGRP3TRADF6AWA4ZNYA,Recency-Weighted,0.0,
AHRMAG7OREGRP3TRADF6AWA4ZNYA,Essence (K=10),0.0,
AHRPOGWS4FDBIU6LHAYGE3FOMEVQ,Random,0.0,0.0
AHRPOGWS4FDBIU6LHAYGE3FOMEVQ,Popularity,0.0,0.0
AHRPOGWS4FDBIU6LHAYGE3FOMEVQ,CF (ItemKNN),0.0,0.0
AHRPOGWS4FDBIU6LHAYGE3FOMEVQ,Content (Avg Emb),0.0,0.0
AHRPOGWS4FDBIU6LHAYGE3FOMEVQ,Last-Item,0.0,0.0
AHRPOGWS4FDBIU6LHAYGE3FOMEVQ,Avg-Last-10,0.0,0.0
AHRPOGWS4FDBIU6LHAYGE3FOMEVQ,Recency-Weighted,0.0,0.0
AHRPOGWS4FDBIU6LHAYGE3FOMEVQ,Essence (K=10),0.0,0.0
AHRQF25ZV3GI47LF3IBPUWGEGFFQ,Random,0.0,
AHRQF25ZV3GI47LF3IBPUWGEGFFQ,Popularity,0.0,
AHRQF25ZV3GI47LF3IBPUWGEGFFQ,CF (ItemKNN),0.0,
AHRQF25ZV3GI47LF3IBPUWGEGFFQ,Content (Avg Emb),0.25,
AHRQF25ZV3GI47LF3IBPUWGEGFFQ,Last-Item,0.25,
AHRQF25ZV3GI47LF3IBPUWGEGFFQ,Avg-Last-10,0.25,
AHRQF25ZV3GI47LF3IBPUWGEGFFQ,Recency-Weighted,0.25,
AHRQF25ZV3GI47LF3IBPUWGEGFFQ,Essence (K=10),0.0,
AHRQJUNVEDGG6T7KNWC5ZVVHK5AQ,Random,0.0,0.0
AHRQJUNVEDGG6T7KNWC5ZVVHK5AQ,Popularity,0.0,0.0
AHRQJUNVEDGG6T7KNWC5ZVVHK5AQ,CF (ItemKNN),0.0,0.0
AHRQJUNVEDGG6T7KNWC5ZVVHK5AQ,Content (Avg Emb),0.0,0.0
AHRQJUNVEDGG6T7KNWC5ZVVHK5AQ,Last-Item,0.0,0.0
AHRQJUNVEDGG6T7KNWC5ZVVHK5AQ,Avg-Last-10,0.0,0.0
AHRQJUNVEDGG6T7KNWC5ZVVHK5AQ,Recency-Weighted,0.0,0.0
AHRQJUNVEDGG6T7KNWC5ZVVHK5AQ,Essence (K=10),0.0,0.0
AHRRBTTEVA2SFFXEF7AVL2Z6AMHQ,Random,0.0,0.0
AHRRBTTEVA2SFFXEF7AVL2Z6AMHQ,Popularity,0.0,0.0
AHRRBTTEVA2SFFXEF7AVL2Z6AMHQ,CF (ItemKNN),0.0,0.0
AHRRBTTEVA2SFFXEF7AVL2Z6AMHQ,Content (Avg Emb),0.0,0.0
AHRRBTTEVA2SFFXEF7AVL2Z6AMHQ,Last-Item,0.0,0.0
AHRRBTTEVA2SFFXEF7AVL2Z6AMHQ,Avg-Last-10,0.0,0.0
AHRRBTTEVA2SFFXEF7AVL2Z6AMHQ,Recency-Weighted,0.0,0.0
AHRRBTTEVA2SFFXEF7AVL2Z6AMHQ,Essence (K=10),0.0,0.0
AHRUOS4GEKNRFLZFGJMPUL42C3OA,Random,0.0,0.0
AHRUOS4GEKNRFLZFGJMPUL42C3OA,Popularity,0.0,0.0
AHRUOS4GEKNRFLZFGJMPUL42C3OA,CF (ItemKNN),0.0,0.0
AHRUOS4GEKNRFLZFGJMPUL42C3OA,Content (Avg Emb),0.0,0.0
AHRUOS4GEKNRFLZFGJMPUL42C3OA,Last-Item,0.0,0.0
AHRUOS4GEKNRFLZFGJMPUL42C3OA,Avg-Last-10,0.0,0.0
AHRUOS4GEKNRFLZFGJMPUL42C3OA,Recency-Weighted,0.0,0.0
AHRUOS4GEKNRFLZFGJMPUL42C3OA,Essence (K=10),0.1,0.0
AHRVIVPN32SAQKJSL2QWKB7HAPUQ,Random,0.0,
AHRVIVPN32SAQKJSL2QWKB7HAPUQ,Popularity,0.0,
AHRVIVPN32SAQKJSL2QWKB7HAPUQ,CF (ItemKNN),0.0,
AHRVIVPN32SAQKJSL2QWKB7HAPUQ,Content (Avg Emb),0.0,
AHRVIVPN32SAQKJSL2QWKB7HAPUQ,Last-Item,0.0,
AHRVIVPN32SAQKJSL2QWKB7HAPUQ,Avg-Last-10,0.0,
AHRVIVPN32SAQKJSL2QWKB7HAPUQ,Recency-Weighted,0.0,
AHRVIVPN32SAQKJSL2QWKB7HAPUQ,Essence (K=10),0.0,
AHRX7DLSGJYKQ6SVFPUX7NWX5VHA,Random,0.0,
AHRX7DLSGJYKQ6SVFPUX7NWX5VHA,Popularity,0.0,
AHRX7DLSGJYKQ6SVFPUX7NWX5VHA,CF (ItemKNN),0.0,
AHRX7DLSGJYKQ6SVFPUX7NWX5VHA,Content (Avg Emb),0.0,
AHRX7DLSGJYKQ6SVFPUX7NWX5VHA,Last-Item,0.0,
AHRX7DLSGJYKQ6SVFPUX7NWX5VHA,Avg-Last-10,0.0,
AHRX7DLSGJYKQ6SVFPUX7NWX5VHA,Recency-Weighted,0.0,
AHRX7DLSGJYKQ6SVFPUX7NWX5VHA,Essence (K=10),0.0,
AHRXBTJSEQZMZR3QHRWLZ2RFBMLQ,Random,0.0,
AHRXBTJSEQZMZR3QHRWLZ2RFBMLQ,Popularity,0.0,
AHRXBTJSEQZMZR3QHRWLZ2RFBMLQ,CF (ItemKNN),0.0,
AHRXBTJSEQZMZR3QHRWLZ2RFBMLQ,Content (Avg Emb),0.0,
AHRXBTJSEQZMZR3QHRWLZ2RFBMLQ,Last-Item,0.0,
AHRXBTJSEQZMZR3QHRWLZ2RFBMLQ,Avg-Last-10,0.0,
AHRXBTJSEQZMZR3QHRWLZ2RFBMLQ,Recency-Weighted,0.0,
AHRXBTJSEQZMZR3QHRWLZ2RFBMLQ,Essence (K=10),0.0,
AHRXHYEIGWKCRMCWEDMMS6VEW6LQ,Random,0.0,
AHRXHYEIGWKCRMCWEDMMS6VEW6LQ,Popularity,0.0,
AHRXHYEIGWKCRMCWEDMMS6VEW6LQ,CF (ItemKNN),0.0,
AHRXHYEIGWKCRMCWEDMMS6VEW6LQ,Content (Avg Emb),0.0,
AHRXHYEIGWKCRMCWEDMMS6VEW6LQ,Last-Item,0.0,
AHRXHYEIGWKCRMCWEDMMS6VEW6LQ,Avg-Last-10,0.0,
AHRXHYEIGWKCRMCWEDMMS6VEW6LQ,Recency-Weighted,0.0,
AHRXHYEIGWKCRMCWEDMMS6VEW6LQ,Essence (K=10),0.0,
AHRXQMZL6WGSGCG4ZMROYJBSWKZA,Random,0.0,0.0
AHRXQMZL6WGSGCG4ZMROYJBSWKZA,Popularity,0.0,0.0
AHRXQMZL6WGSGCG4ZMROYJBSWKZA,CF (ItemKNN),0.0,0.0
AHRXQMZL6WGSGCG4ZMROYJBSWKZA,Content (Avg Emb),0.0,0.0
AHRXQMZL6WGSGCG4ZMROYJBSWKZA,Last-Item,0.0,0.0
AHRXQMZL6WGSGCG4ZMROYJBSWKZA,Avg-Last-10,0.0,0.0
AHRXQMZL6WGSGCG4ZMROYJBSWKZA,Recency-Weighted,0.0,0.0
AHRXQMZL6WGSGCG4ZMROYJBSWKZA,Essence (K=10),0.0,0.0
AHRYXYAYVFHI5N3VY453BCDRNDQA,Random,0.0,0.0
AHRYXYAYVFHI5N3VY453BCDRNDQA,Popularity,0.0,0.0
AHRYXYAYVFHI5N3VY453BCDRNDQA,CF (ItemKNN),0.0,0.0
AHRYXYAYVFHI5N3VY453BCDRNDQA,Content (Avg Emb),0.0,0.0
AHRYXYAYVFHI5N3VY453BCDRNDQA,Last-Item,0.0,0.0
AHRYXYAYVFHI5N3VY453BCDRNDQA,Avg-Last-10,0.0,0.0
AHRYXYAYVFHI5N3VY453BCDRNDQA,Recency-Weighted,0.0,0.0
AHRYXYAYVFHI5N3VY453BCDRNDQA,Essence (K=10),0.0,0.0
AHS5OZKGA7O475KBVHLHWMPLAK6Q,Random,0.0,0.0
AHS5OZKGA7O475KBVHLHWMPLAK6Q,Popularity,0.0,0.0
AHS5OZKGA7O475KBVHLHWMPLAK6Q,CF (ItemKNN),0.0,0.0
AHS5OZKGA7O475KBVHLHWMPLAK6Q,Content (Avg Emb),0.0,0.0
AHS5OZKGA7O475KBVHLHWMPLAK6Q,Last-Item,0.0,0.0
AHS5OZKGA7O475KBVHLHWMPLAK6Q,Avg-Last-10,0.0,0.0
AHS5OZKGA7O475KBVHLHWMPLAK6Q,Recency-Weighted,0.0,0.0
AHS5OZKGA7O475KBVHLHWMPLAK6Q,Essence (K=10),0.0,0.0
AHS7XXQXR7BKYRXSYZ55DHAFZ7EA,Random,0.0,0.0
AHS7XXQXR7BKYRXSYZ55DHAFZ7EA,Popularity,0.0,0.0
AHS7XXQXR7BKYRXSYZ55DHAFZ7EA,CF (ItemKNN),0.0,0.0
AHS7XXQXR7BKYRXSYZ55DHAFZ7EA,Content (Avg Emb),0.0,0.0
AHS7XXQXR7BKYRXSYZ55DHAFZ7EA,Last-Item,0.0,0.0
AHS7XXQXR7BKYRXSYZ55DHAFZ7EA,Avg-Last-10,0.0,0.0
AHS7XXQXR7BKYRXSYZ55DHAFZ7EA,Recency-Weighted,0.0,0.0
AHS7XXQXR7BKYRXSYZ55DHAFZ7EA,Essence (K=10),0.0,0.0
AHSA33WUBG4QAI6LLZ57UR5R5KOQ,Random,0.0,0.0
AHSA33WUBG4QAI6LLZ57UR5R5KOQ,Popularity,0.0,0.0
AHSA33WUBG4QAI6LLZ57UR5R5KOQ,CF (ItemKNN),0.0,0.0
AHSA33WUBG4QAI6LLZ57UR5R5KOQ,Content (Avg Emb),0.0,0.0
AHSA33WUBG4QAI6LLZ57UR5R5KOQ,Last-Item,0.0,0.0
AHSA33WUBG4QAI6LLZ57UR5R5KOQ,Avg-Last-10,0.0,0.0
AHSA33WUBG4QAI6LLZ57UR5R5KOQ,Recency-Weighted,0.0,0.0
AHSA33WUBG4QAI6LLZ57UR5R5KOQ,Essence (K=10),0.25,0.0
AHSDNOUK2IL5HJQU3CAAVDI4EYTA,Random,0.0,0.0
AHSDNOUK2IL5HJQU3CAAVDI4EYTA,Popularity,0.0,0.0
AHSDNOUK2IL5HJQU3CAAVDI4EYTA,CF (ItemKNN),0.0,0.0
AHSDNOUK2IL5HJQU3CAAVDI4EYTA,Content (Avg Emb),0.0,0.0
AHSDNOUK2IL5HJQU3CAAVDI4EYTA,Last-Item,0.0,0.0
AHSDNOUK2IL5HJQU3CAAVDI4EYTA,Avg-Last-10,0.0,0.0
AHSDNOUK2IL5HJQU3CAAVDI4EYTA,Recency-Weighted,0.0,0.0
AHSDNOUK2IL5HJQU3CAAVDI4EYTA,Essence (K=10),0.0,0.0
AHSF26H2IMMCXHOFBDGOTXHCAY5Q,Random,0.0,
AHSF26H2IMMCXHOFBDGOTXHCAY5Q,Popularity,0.0,
AHSF26H2IMMCXHOFBDGOTXHCAY5Q,CF (ItemKNN),0.0,
AHSF26H2IMMCXHOFBDGOTXHCAY5Q,Content (Avg Emb),0.125,
AHSF26H2IMMCXHOFBDGOTXHCAY5Q,Last-Item,0.125,
AHSF26H2IMMCXHOFBDGOTXHCAY5Q,Avg-Last-10,0.0,
AHSF26H2IMMCXHOFBDGOTXHCAY5Q,Recency-Weighted,0.0,
AHSF26H2IMMCXHOFBDGOTXHCAY5Q,Essence (K=10),0.0,
AHSK3K57AGVYWKIRTTVG3GBAFLTQ,Random,0.0,0.0
AHSK3K57AGVYWKIRTTVG3GBAFLTQ,Popularity,0.0,0.0
AHSK3K57AGVYWKIRTTVG3GBAFLTQ,CF (ItemKNN),0.0,0.0
AHSK3K57AGVYWKIRTTVG3GBAFLTQ,Content (Avg Emb),0.0,0.0
AHSK3K57AGVYWKIRTTVG3GBAFLTQ,Last-Item,0.1111111111111111,0.0
AHSK3K57AGVYWKIRTTVG3GBAFLTQ,Avg-Last-10,0.0,0.0
AHSK3K57AGVYWKIRTTVG3GBAFLTQ,Recency-Weighted,0.0,0.0
AHSK3K57AGVYWKIRTTVG3GBAFLTQ,Essence (K=10),0.0,0.0
AHSK6AM47S2TMDMXUQGBGXK44ZOQ,Random,0.0,0.0
AHSK6AM47S2TMDMXUQGBGXK44ZOQ,Popularity,0.0,0.0
AHSK6AM47S2TMDMXUQGBGXK44ZOQ,CF (ItemKNN),0.0,0.0
AHSK6AM47S2TMDMXUQGBGXK44ZOQ,Content (Avg Emb),0.0,0.0
AHSK6AM47S2TMDMXUQGBGXK44ZOQ,Last-Item,0.0,0.0
AHSK6AM47S2TMDMXUQGBGXK44ZOQ,Avg-Last-10,0.0,0.0
AHSK6AM47S2TMDMXUQGBGXK44ZOQ,Recency-Weighted,0.0,0.0
AHSK6AM47S2TMDMXUQGBGXK44ZOQ,Essence (K=10),0.0,0.0
AHSONA7WG277GNHKJMTOIENQNZZQ,Random,0.0,0.0
AHSONA7WG277GNHKJMTOIENQNZZQ,Popularity,0.0,0.0
AHSONA7WG277GNHKJMTOIENQNZZQ,CF (ItemKNN),0.0,0.0
AHSONA7WG277GNHKJMTOIENQNZZQ,Content (Avg Emb),0.0,0.0
AHSONA7WG277GNHKJMTOIENQNZZQ,Last-Item,0.0,0.0
AHSONA7WG277GNHKJMTOIENQNZZQ,Avg-Last-10,0.0,0.0
AHSONA7WG277GNHKJMTOIENQNZZQ,Recency-Weighted,0.0,0.0
AHSONA7WG277GNHKJMTOIENQNZZQ,Essence (K=10),0.0,0.0
AHSOSMSAKS77KV2BBFMZPOCDCGCA,Random,0.0,0.0
AHSOSMSAKS77KV2BBFMZPOCDCGCA,Popularity,0.0,0.0
AHSOSMSAKS77KV2BBFMZPOCDCGCA,CF (ItemKNN),0.0,0.0
AHSOSMSAKS77KV2BBFMZPOCDCGCA,Content (Avg Emb),0.0,0.0
AHSOSMSAKS77KV2BBFMZPOCDCGCA,Last-Item,0.0,0.0
AHSOSMSAKS77KV2BBFMZPOCDCGCA,Avg-Last-10,0.0,0.0
AHSOSMSAKS77KV2BBFMZPOCDCGCA,Recency-Weighted,0.0,0.0
AHSOSMSAKS77KV2BBFMZPOCDCGCA,Essence (K=10),0.0,0.0
AHSQOGBSGZQQV23KS5F46K3YYBRA,Random,0.0,0.0
AHSQOGBSGZQQV23KS5F46K3YYBRA,Popularity,0.0,0.0
AHSQOGBSGZQQV23KS5F46K3YYBRA,CF (ItemKNN),0.0,0.0
AHSQOGBSGZQQV23KS5F46K3YYBRA,Content (Avg Emb),0.0,0.0
AHSQOGBSGZQQV23KS5F46K3YYBRA,Last-Item,0.0,0.0
AHSQOGBSGZQQV23KS5F46K3YYBRA,Avg-Last-10,0.0,0.0
AHSQOGBSGZQQV23KS5F46K3YYBRA,Recency-Weighted,0.0,0.0
AHSQOGBSGZQQV23KS5F46K3YYBRA,Essence (K=10),0.0,0.0
AHSRPQMHMOSI2JQLQZOCO6PKAQMQ,Random,0.0,
AHSRPQMHMOSI2JQLQZOCO6PKAQMQ,Popularity,0.0,
AHSRPQMHMOSI2JQLQZOCO6PKAQMQ,CF (ItemKNN),0.0,
AHSRPQMHMOSI2JQLQZOCO6PKAQMQ,Content (Avg Emb),0.0,
AHSRPQMHMOSI2JQLQZOCO6PKAQMQ,Last-Item,0.0,
AHSRPQMHMOSI2JQLQZOCO6PKAQMQ,Avg-Last-10,0.0,
AHSRPQMHMOSI2JQLQZOCO6PKAQMQ,Recency-Weighted,0.0,
AHSRPQMHMOSI2JQLQZOCO6PKAQMQ,Essence (K=10),0.0,
AHSTGRRRUJHIDSWTLITGT4QZRAEQ,Random,0.0,
AHSTGRRRUJHIDSWTLITGT4QZRAEQ,Popularity,0.0,
AHSTGRRRUJHIDSWTLITGT4QZRAEQ,CF (ItemKNN),0.0,
AHSTGRRRUJHIDSWTLITGT4QZRAEQ,Content (Avg Emb),0.0,
AHSTGRRRUJHIDSWTLITGT4QZRAEQ,Last-Item,0.0,
AHSTGRRRUJHIDSWTLITGT4QZRAEQ,Avg-Last-10,0.0,
AHSTGRRRUJHIDSWTLITGT4QZRAEQ,Recency-Weighted,0.0,
AHSTGRRRUJHIDSWTLITGT4QZRAEQ,Essence (K=10),0.0,
AHSV3JXT77Y3AK2HLLQ3Y4YBK3YQ,Random,0.0,0.0
AHSV3JXT77Y3AK2HLLQ3Y4YBK3YQ,Popularity,0.0,0.0
AHSV3JXT77Y3AK2HLLQ3Y4YBK3YQ,CF (ItemKNN),0.0,0.0
AHSV3JXT77Y3AK2HLLQ3Y4YBK3YQ,Content (Avg Emb),0.0,0.0
AHSV3JXT77Y3AK2HLLQ3Y4YBK3YQ,Last-Item,0.0,0.0
AHSV3JXT77Y3AK2HLLQ3Y4YBK3YQ,Avg-Last-10,0.0,0.0
AHSV3JXT77Y3AK2HLLQ3Y4YBK3YQ,Recency-Weighted,0.0,0.0
AHSV3JXT77Y3AK2HLLQ3Y4YBK3YQ,Essence (K=10),0.0,0.0
AHSVM3R5VTANNL67K4WUTALYAHYA,Random,0.0,0.0
AHSVM3R5VTANNL67K4WUTALYAHYA,Popularity,0.0,0.0
AHSVM3R5VTANNL67K4WUTALYAHYA,CF (ItemKNN),0.0,0.0
AHSVM3R5VTANNL67K4WUTALYAHYA,Content (Avg Emb),0.0,0.0
AHSVM3R5VTANNL67K4WUTALYAHYA,Last-Item,0.0,0.0
AHSVM3R5VTANNL67K4WUTALYAHYA,Avg-Last-10,0.0,0.0
AHSVM3R5VTANNL67K4WUTALYAHYA,Recency-Weighted,0.0,0.0
AHSVM3R5VTANNL67K4WUTALYAHYA,Essence (K=10),0.0,0.0
AHT2XP2GFEDBK5QZEVI64PBB547A,Random,0.0,0.0
AHT2XP2GFEDBK5QZEVI64PBB547A,Popularity,0.0,0.0
AHT2XP2GFEDBK5QZEVI64PBB547A,CF (ItemKNN),0.0,0.0
AHT2XP2GFEDBK5QZEVI64PBB547A,Content (Avg Emb),0.0,0.0
AHT2XP2GFEDBK5QZEVI64PBB547A,Last-Item,0.0,0.0
AHT2XP2GFEDBK5QZEVI64PBB547A,Avg-Last-10,0.0,0.0
AHT2XP2GFEDBK5QZEVI64PBB547A,Recency-Weighted,0.0,0.0
AHT2XP2GFEDBK5QZEVI64PBB547A,Essence (K=10),0.0,0.0
AHT4LNBZVBGOTAVEPGFCY2PSWS5A,Random,0.0,0.0
AHT4LNBZVBGOTAVEPGFCY2PSWS5A,Popularity,0.0,0.0
AHT4LNBZVBGOTAVEPGFCY2PSWS5A,CF (ItemKNN),0.0,0.0
AHT4LNBZVBGOTAVEPGFCY2PSWS5A,Content (Avg Emb),0.0,0.0
AHT4LNBZVBGOTAVEPGFCY2PSWS5A,Last-Item,0.0,0.0
AHT4LNBZVBGOTAVEPGFCY2PSWS5A,Avg-Last-10,0.0,0.0
AHT4LNBZVBGOTAVEPGFCY2PSWS5A,Recency-Weighted,0.0,0.0
AHT4LNBZVBGOTAVEPGFCY2PSWS5A,Essence (K=10),0.0,0.0
AHT4WV2TDZYYK4HRTZ5WIJVKKO5A,Random,0.0,0.0
AHT4WV2TDZYYK4HRTZ5WIJVKKO5A,Popularity,0.0,0.0
AHT4WV2TDZYYK4HRTZ5WIJVKKO5A,CF (ItemKNN),0.0,0.0
AHT4WV2TDZYYK4HRTZ5WIJVKKO5A,Content (Avg Emb),0.0,0.0
AHT4WV2TDZYYK4HRTZ5WIJVKKO5A,Last-Item,0.0,0.0
AHT4WV2TDZYYK4HRTZ5WIJVKKO5A,Avg-Last-10,0.0,0.0
AHT4WV2TDZYYK4HRTZ5WIJVKKO5A,Recency-Weighted,0.0,0.0
AHT4WV2TDZYYK4HRTZ5WIJVKKO5A,Essence (K=10),0.0,0.0
AHT5T4Z7FGDMPM5SYTAZVB2IJDQA,Random,0.0,
AHT5T4Z7FGDMPM5SYTAZVB2IJDQA,Popularity,0.0,
AHT5T4Z7FGDMPM5SYTAZVB2IJDQA,CF (ItemKNN),0.0,
AHT5T4Z7FGDMPM5SYTAZVB2IJDQA,Content (Avg Emb),0.0,
AHT5T4Z7FGDMPM5SYTAZVB2IJDQA,Last-Item,0.0,
AHT5T4Z7FGDMPM5SYTAZVB2IJDQA,Avg-Last-10,0.0,
AHT5T4Z7FGDMPM5SYTAZVB2IJDQA,Recency-Weighted,0.0,
AHT5T4Z7FGDMPM5SYTAZVB2IJDQA,Essence (K=10),0.0,
AHTABXPR7DKXEIFNP6NPPGLJFVJQ,Random,0.0,0.0
AHTABXPR7DKXEIFNP6NPPGLJFVJQ,Popularity,0.0,0.0
AHTABXPR7DKXEIFNP6NPPGLJFVJQ,CF (ItemKNN),0.0,0.0
AHTABXPR7DKXEIFNP6NPPGLJFVJQ,Content (Avg Emb),0.0,0.0
AHTABXPR7DKXEIFNP6NPPGLJFVJQ,Last-Item,0.0,0.0
AHTABXPR7DKXEIFNP6NPPGLJFVJQ,Avg-Last-10,0.0,0.0
AHTABXPR7DKXEIFNP6NPPGLJFVJQ,Recency-Weighted,0.0,0.0
AHTABXPR7DKXEIFNP6NPPGLJFVJQ,Essence (K=10),0.0,0.0
AHTCGOOJQXOF3RXIDSVKFM4WLJ4A,Random,0.0,
AHTCGOOJQXOF3RXIDSVKFM4WLJ4A,Popularity,0.0,
AHTCGOOJQXOF3RXIDSVKFM4WLJ4A,CF (ItemKNN),0.0,
AHTCGOOJQXOF3RXIDSVKFM4WLJ4A,Content (Avg Emb),0.0,
AHTCGOOJQXOF3RXIDSVKFM4WLJ4A,Last-Item,0.0,
AHTCGOOJQXOF3RXIDSVKFM4WLJ4A,Avg-Last-10,0.0,
AHTCGOOJQXOF3RXIDSVKFM4WLJ4A,Recency-Weighted,0.0,
AHTCGOOJQXOF3RXIDSVKFM4WLJ4A,Essence (K=10),0.0,
AHTEI47JIUL6GE2RVUXXJAN2INXQ,Random,0.0,0.0
AHTEI47JIUL6GE2RVUXXJAN2INXQ,Popularity,0.0,0.0
AHTEI47JIUL6GE2RVUXXJAN2INXQ,CF (ItemKNN),0.0,0.0
AHTEI47JIUL6GE2RVUXXJAN2INXQ,Content (Avg Emb),0.0,0.0
AHTEI47JIUL6GE2RVUXXJAN2INXQ,Last-Item,0.0,0.0
AHTEI47JIUL6GE2RVUXXJAN2INXQ,Avg-Last-10,0.0,0.0
AHTEI47JIUL6GE2RVUXXJAN2INXQ,Recency-Weighted,0.0,0.0
AHTEI47JIUL6GE2RVUXXJAN2INXQ,Essence (K=10),0.0,0.0
AHTGLT3E6WDIXMK6TCRUR7YZRL4Q,Random,0.0,0.0
AHTGLT3E6WDIXMK6TCRUR7YZRL4Q,Popularity,0.0,0.0
AHTGLT3E6WDIXMK6TCRUR7YZRL4Q,CF (ItemKNN),0.0,0.0
AHTGLT3E6WDIXMK6TCRUR7YZRL4Q,Content (Avg Emb),0.0,0.0
AHTGLT3E6WDIXMK6TCRUR7YZRL4Q,Last-Item,0.0,0.0
AHTGLT3E6WDIXMK6TCRUR7YZRL4Q,Avg-Last-10,0.0,0.0
AHTGLT3E6WDIXMK6TCRUR7YZRL4Q,Recency-Weighted,0.0,0.0
AHTGLT3E6WDIXMK6TCRUR7YZRL4Q,Essence (K=10),0.0,0.0
AHTH2UVPZIPST2LZZBFZ74NQA6EA,Random,0.0,
AHTH2UVPZIPST2LZZBFZ74NQA6EA,Popularity,0.0,
AHTH2UVPZIPST2LZZBFZ74NQA6EA,CF (ItemKNN),0.0,
AHTH2UVPZIPST2LZZBFZ74NQA6EA,Content (Avg Emb),0.0,
AHTH2UVPZIPST2LZZBFZ74NQA6EA,Last-Item,0.0,
AHTH2UVPZIPST2LZZBFZ74NQA6EA,Avg-Last-10,0.0,
AHTH2UVPZIPST2LZZBFZ74NQA6EA,Recency-Weighted,0.0,
AHTH2UVPZIPST2LZZBFZ74NQA6EA,Essence (K=10),0.0,
AHTILDR2Z5UN775JDFQAGQIOKKPQ,Random,0.0,0.0
AHTILDR2Z5UN775JDFQAGQIOKKPQ,Popularity,0.0,0.0
AHTILDR2Z5UN775JDFQAGQIOKKPQ,CF (ItemKNN),0.0,0.0
AHTILDR2Z5UN775JDFQAGQIOKKPQ,Content (Avg Emb),0.0,0.0
AHTILDR2Z5UN775JDFQAGQIOKKPQ,Last-Item,0.0,0.0
AHTILDR2Z5UN775JDFQAGQIOKKPQ,Avg-Last-10,0.0,0.0
AHTILDR2Z5UN775JDFQAGQIOKKPQ,Recency-Weighted,0.0,0.0
AHTILDR2Z5UN775JDFQAGQIOKKPQ,Essence (K=10),0.0,0.0
AHTISN7ISHJRQZNYK322FQU2E6PQ,Random,0.0,0.0
AHTISN7ISHJRQZNYK322FQU2E6PQ,Popularity,0.0,0.0
AHTISN7ISHJRQZNYK322FQU2E6PQ,CF (ItemKNN),0.0,0.0
AHTISN7ISHJRQZNYK322FQU2E6PQ,Content (Avg Emb),0.0,0.0
AHTISN7ISHJRQZNYK322FQU2E6PQ,Last-Item,0.0,0.0
AHTISN7ISHJRQZNYK322FQU2E6PQ,Avg-Last-10,0.0,0.0
AHTISN7ISHJRQZNYK322FQU2E6PQ,Recency-Weighted,0.0,0.0
AHTISN7ISHJRQZNYK322FQU2E6PQ,Essence (K=10),0.0,0.0
AHTJARCLAZABRYH22RBAKGWNKTNQ,Random,0.0,
AHTJARCLAZABRYH22RBAKGWNKTNQ,Popularity,0.0,
AHTJARCLAZABRYH22RBAKGWNKTNQ,CF (ItemKNN),0.0,
AHTJARCLAZABRYH22RBAKGWNKTNQ,Content (Avg Emb),0.0,
AHTJARCLAZABRYH22RBAKGWNKTNQ,Last-Item,0.0,
AHTJARCLAZABRYH22RBAKGWNKTNQ,Avg-Last-10,0.0,
AHTJARCLAZABRYH22RBAKGWNKTNQ,Recency-Weighted,0.0,
AHTJARCLAZABRYH22RBAKGWNKTNQ,Essence (K=10),0.0,
AHTMKFDY6T4UI7GLORPKJJAWIAOQ,Random,0.0,0.0
AHTMKFDY6T4UI7GLORPKJJAWIAOQ,Popularity,0.0,0.0
AHTMKFDY6T4UI7GLORPKJJAWIAOQ,CF (ItemKNN),0.0,0.0
AHTMKFDY6T4UI7GLORPKJJAWIAOQ,Content (Avg Emb),0.0,0.0
AHTMKFDY6T4UI7GLORPKJJAWIAOQ,Last-Item,0.0,0.0
AHTMKFDY6T4UI7GLORPKJJAWIAOQ,Avg-Last-10,0.0,0.0
AHTMKFDY6T4UI7GLORPKJJAWIAOQ,Recency-Weighted,0.0,0.0
AHTMKFDY6T4UI7GLORPKJJAWIAOQ,Essence (K=10),0.0,0.0
AHTMOGLP7RCES7MS2FEAZIRZHK7Q,Random,0.0,0.0
AHTMOGLP7RCES7MS2FEAZIRZHK7Q,Popularity,0.0,0.0
AHTMOGLP7RCES7MS2FEAZIRZHK7Q,CF (ItemKNN),0.0,0.0
AHTMOGLP7RCES7MS2FEAZIRZHK7Q,Content (Avg Emb),0.2,0.0
AHTMOGLP7RCES7MS2FEAZIRZHK7Q,Last-Item,0.0,0.0
AHTMOGLP7RCES7MS2FEAZIRZHK7Q,Avg-Last-10,0.0,0.0
AHTMOGLP7RCES7MS2FEAZIRZHK7Q,Recency-Weighted,0.0,0.0
AHTMOGLP7RCES7MS2FEAZIRZHK7Q,Essence (K=10),0.0,0.0
AHTNVANZ6OHXPFTV2DDQCL2AIHFQ,Random,0.0,0.0
AHTNVANZ6OHXPFTV2DDQCL2AIHFQ,Popularity,0.0,0.0
AHTNVANZ6OHXPFTV2DDQCL2AIHFQ,CF (ItemKNN),0.0,0.0
AHTNVANZ6OHXPFTV2DDQCL2AIHFQ,Content (Avg Emb),0.0,0.0
AHTNVANZ6OHXPFTV2DDQCL2AIHFQ,Last-Item,0.0,0.0
AHTNVANZ6OHXPFTV2DDQCL2AIHFQ,Avg-Last-10,0.0,0.0
AHTNVANZ6OHXPFTV2DDQCL2AIHFQ,Recency-Weighted,0.0,0.0
AHTNVANZ6OHXPFTV2DDQCL2AIHFQ,Essence (K=10),0.0,0.0
AHTPXAJTAPKAWETGEQ7BVWB3AQRA,Random,0.0,
AHTPXAJTAPKAWETGEQ7BVWB3AQRA,Popularity,0.0,
AHTPXAJTAPKAWETGEQ7BVWB3AQRA,CF (ItemKNN),0.0,
AHTPXAJTAPKAWETGEQ7BVWB3AQRA,Content (Avg Emb),0.0,
AHTPXAJTAPKAWETGEQ7BVWB3AQRA,Last-Item,0.0,
AHTPXAJTAPKAWETGEQ7BVWB3AQRA,Avg-Last-10,0.25,
AHTPXAJTAPKAWETGEQ7BVWB3AQRA,Recency-Weighted,0.25,
AHTPXAJTAPKAWETGEQ7BVWB3AQRA,Essence (K=10),0.0,
AHTPYUJPAXBSSHCDTIP6UEMBP6BQ,Random,0.0,0.0
AHTPYUJPAXBSSHCDTIP6UEMBP6BQ,Popularity,0.0,0.0
AHTPYUJPAXBSSHCDTIP6UEMBP6BQ,CF (ItemKNN),0.0,0.0
AHTPYUJPAXBSSHCDTIP6UEMBP6BQ,Content (Avg Emb),0.08333333333333333,0.5
AHTPYUJPAXBSSHCDTIP6UEMBP6BQ,Last-Item,0.0,0.0
AHTPYUJPAXBSSHCDTIP6UEMBP6BQ,Avg-Last-10,0.08333333333333333,0.5
AHTPYUJPAXBSSHCDTIP6UEMBP6BQ,Recency-Weighted,0.0,0.0
AHTPYUJPAXBSSHCDTIP6UEMBP6BQ,Essence (K=10),0.08333333333333333,0.5
AHTQDQUZA5CM2PUYRKSOYO5ULVKQ,Random,0.0,0.0
AHTQDQUZA5CM2PUYRKSOYO5ULVKQ,Popularity,0.0,0.0
AHTQDQUZA5CM2PUYRKSOYO5ULVKQ,CF (ItemKNN),0.0,0.0
AHTQDQUZA5CM2PUYRKSOYO5ULVKQ,Content (Avg Emb),0.0,0.0
AHTQDQUZA5CM2PUYRKSOYO5ULVKQ,Last-Item,0.0,0.0
AHTQDQUZA5CM2PUYRKSOYO5ULVKQ,Avg-Last-10,0.0,0.0
AHTQDQUZA5CM2PUYRKSOYO5ULVKQ,Recency-Weighted,0.0,0.0
AHTQDQUZA5CM2PUYRKSOYO5ULVKQ,Essence (K=10),0.0,0.0
AHTSS5E6LA3QBN7CEY7Q2YCKZRZQ,Random,0.0,0.0
AHTSS5E6LA3QBN7CEY7Q2YCKZRZQ,Popularity,0.0,0.0
AHTSS5E6LA3QBN7CEY7Q2YCKZRZQ,CF (ItemKNN),0.0,0.0
AHTSS5E6LA3QBN7CEY7Q2YCKZRZQ,Content (Avg Emb),0.0,0.0
AHTSS5E6LA3QBN7CEY7Q2YCKZRZQ,Last-Item,0.0,0.0
AHTSS5E6LA3QBN7CEY7Q2YCKZRZQ,Avg-Last-10,0.0,0.0
AHTSS5E6LA3QBN7CEY7Q2YCKZRZQ,Recency-Weighted,0.0,0.0
AHTSS5E6LA3QBN7CEY7Q2YCKZRZQ,Essence (K=10),0.0,0.0
AHTTAVFUNJFVFF4CTN4MFKBXI4CQ,Random,0.0,0.0
AHTTAVFUNJFVFF4CTN4MFKBXI4CQ,Popularity,0.0,0.0
AHTTAVFUNJFVFF4CTN4MFKBXI4CQ,CF (ItemKNN),0.0,0.0
AHTTAVFUNJFVFF4CTN4MFKBXI4CQ,Content (Avg Emb),0.0,0.0
AHTTAVFUNJFVFF4CTN4MFKBXI4CQ,Last-Item,0.2,0.0
AHTTAVFUNJFVFF4CTN4MFKBXI4CQ,Avg-Last-10,0.2,0.0
AHTTAVFUNJFVFF4CTN4MFKBXI4CQ,Recency-Weighted,0.2,0.0
AHTTAVFUNJFVFF4CTN4MFKBXI4CQ,Essence (K=10),0.2,0.0
AHTYFKAEG4SSL6AICFC3MDHJQNGQ,Random,0.0,0.0
AHTYFKAEG4SSL6AICFC3MDHJQNGQ,Popularity,0.0,0.0
AHTYFKAEG4SSL6AICFC3MDHJQNGQ,CF (ItemKNN),0.0,0.0
AHTYFKAEG4SSL6AICFC3MDHJQNGQ,Content (Avg Emb),0.0,0.0
AHTYFKAEG4SSL6AICFC3MDHJQNGQ,Last-Item,0.0,0.0
AHTYFKAEG4SSL6AICFC3MDHJQNGQ,Avg-Last-10,0.0,0.0
AHTYFKAEG4SSL6AICFC3MDHJQNGQ,Recency-Weighted,0.0,0.0
AHTYFKAEG4SSL6AICFC3MDHJQNGQ,Essence (K=10),0.0,0.0
AHTYGVUOJIRQWCF5EZJCIK7UFIFA,Random,0.0,
AHTYGVUOJIRQWCF5EZJCIK7UFIFA,Popularity,0.0,
AHTYGVUOJIRQWCF5EZJCIK7UFIFA,CF (ItemKNN),0.0,
AHTYGVUOJIRQWCF5EZJCIK7UFIFA,Content (Avg Emb),0.0,
AHTYGVUOJIRQWCF5EZJCIK7UFIFA,Last-Item,0.0,
AHTYGVUOJIRQWCF5EZJCIK7UFIFA,Avg-Last-10,0.0,
AHTYGVUOJIRQWCF5EZJCIK7UFIFA,Recency-Weighted,0.0,
AHTYGVUOJIRQWCF5EZJCIK7UFIFA,Essence (K=10),0.0,
AHTZSOM4LVJXMFAKCRU4RTES24OQ,Random,0.0,0.0
AHTZSOM4LVJXMFAKCRU4RTES24OQ,Popularity,0.0,0.0
AHTZSOM4LVJXMFAKCRU4RTES24OQ,CF (ItemKNN),0.0,0.0
AHTZSOM4LVJXMFAKCRU4RTES24OQ,Content (Avg Emb),0.0,0.0
AHTZSOM4LVJXMFAKCRU4RTES24OQ,Last-Item,0.0,0.0
AHTZSOM4LVJXMFAKCRU4RTES24OQ,Avg-Last-10,0.0,0.0
AHTZSOM4LVJXMFAKCRU4RTES24OQ,Recency-Weighted,0.0,0.0
AHTZSOM4LVJXMFAKCRU4RTES24OQ,Essence (K=10),0.0,0.0
AHU5KMG3Y75FVTFFZ4AEBHJVBUFA,Random,0.0,0.0
AHU5KMG3Y75FVTFFZ4AEBHJVBUFA,Popularity,0.041666666666666664,0.0
AHU5KMG3Y75FVTFFZ4AEBHJVBUFA,CF (ItemKNN),0.041666666666666664,0.0
AHU5KMG3Y75FVTFFZ4AEBHJVBUFA,Content (Avg Emb),0.0,0.0
AHU5KMG3Y75FVTFFZ4AEBHJVBUFA,Last-Item,0.0,0.0
AHU5KMG3Y75FVTFFZ4AEBHJVBUFA,Avg-Last-10,0.0,0.0
AHU5KMG3Y75FVTFFZ4AEBHJVBUFA,Recency-Weighted,0.0,0.0
AHU5KMG3Y75FVTFFZ4AEBHJVBUFA,Essence (K=10),0.0,0.0
AHU7YJI35PEELDXUF27BNEP6BXRQ,Random,0.0,0.0
AHU7YJI35PEELDXUF27BNEP6BXRQ,Popularity,0.0,0.0
AHU7YJI35PEELDXUF27BNEP6BXRQ,CF (ItemKNN),0.0,0.0
AHU7YJI35PEELDXUF27BNEP6BXRQ,Content (Avg Emb),0.0,0.0
AHU7YJI35PEELDXUF27BNEP6BXRQ,Last-Item,0.0,0.0
AHU7YJI35PEELDXUF27BNEP6BXRQ,Avg-Last-10,0.0,0.0
AHU7YJI35PEELDXUF27BNEP6BXRQ,Recency-Weighted,0.0,0.0
AHU7YJI35PEELDXUF27BNEP6BXRQ,Essence (K=10),0.0,0.0
AHUFL4JC42AMUZ3IFYTPYTACYHRA,Random,0.0,0.0
AHUFL4JC42AMUZ3IFYTPYTACYHRA,Popularity,0.0,0.0
AHUFL4JC42AMUZ3IFYTPYTACYHRA,CF (ItemKNN),0.0,0.0
AHUFL4JC42AMUZ3IFYTPYTACYHRA,Content (Avg Emb),0.0,0.0
AHUFL4JC42AMUZ3IFYTPYTACYHRA,Last-Item,0.0,0.0
AHUFL4JC42AMUZ3IFYTPYTACYHRA,Avg-Last-10,0.0,0.0
AHUFL4JC42AMUZ3IFYTPYTACYHRA,Recency-Weighted,0.0,0.0
AHUFL4JC42AMUZ3IFYTPYTACYHRA,Essence (K=10),0.0,0.0
AHUKTHXBKAC4TNKTS33LKKWXS2HA,Random,0.0,0.0
AHUKTHXBKAC4TNKTS33LKKWXS2HA,Popularity,0.0,0.0
AHUKTHXBKAC4TNKTS33LKKWXS2HA,CF (ItemKNN),0.0,0.0
AHUKTHXBKAC4TNKTS33LKKWXS2HA,Content (Avg Emb),0.0,0.0
AHUKTHXBKAC4TNKTS33LKKWXS2HA,Last-Item,0.0,0.0
AHUKTHXBKAC4TNKTS33LKKWXS2HA,Avg-Last-10,0.0,0.0
AHUKTHXBKAC4TNKTS33LKKWXS2HA,Recency-Weighted,0.0,0.0
AHUKTHXBKAC4TNKTS33LKKWXS2HA,Essence (K=10),0.0,0.0
AHUMK57EQ57LE57UTOQ7VUUVJBVQ,Random,0.0,
AHUMK57EQ57LE57UTOQ7VUUVJBVQ,Popularity,0.0,
AHUMK57EQ57LE57UTOQ7VUUVJBVQ,CF (ItemKNN),0.0,
AHUMK57EQ57LE57UTOQ7VUUVJBVQ,Content (Avg Emb),0.16666666666666666,
AHUMK57EQ57LE57UTOQ7VUUVJBVQ,Last-Item,0.0,
AHUMK57EQ57LE57UTOQ7VUUVJBVQ,Avg-Last-10,0.16666666666666666,
AHUMK57EQ57LE57UTOQ7VUUVJBVQ,Recency-Weighted,0.16666666666666666,
AHUMK57EQ57LE57UTOQ7VUUVJBVQ,Essence (K=10),0.16666666666666666,
AHUMWKJDDUOXMXSBLG3DPQQVJGSA,Random,0.0,0.0
AHUMWKJDDUOXMXSBLG3DPQQVJGSA,Popularity,0.0,0.0
AHUMWKJDDUOXMXSBLG3DPQQVJGSA,CF (ItemKNN),0.0,0.0
AHUMWKJDDUOXMXSBLG3DPQQVJGSA,Content (Avg Emb),0.0,0.0
AHUMWKJDDUOXMXSBLG3DPQQVJGSA,Last-Item,0.0,0.0
AHUMWKJDDUOXMXSBLG3DPQQVJGSA,Avg-Last-10,0.0,0.0
AHUMWKJDDUOXMXSBLG3DPQQVJGSA,Recency-Weighted,0.0,0.0
AHUMWKJDDUOXMXSBLG3DPQQVJGSA,Essence (K=10),0.0,0.0
AHUPN54QKHMXNODDCWDMDC7AODUA,Random,0.0,0.0
AHUPN54QKHMXNODDCWDMDC7AODUA,Popularity,0.0,0.0
AHUPN54QKHMXNODDCWDMDC7AODUA,CF (ItemKNN),0.0,0.0
AHUPN54QKHMXNODDCWDMDC7AODUA,Content (Avg Emb),0.0,0.0
AHUPN54QKHMXNODDCWDMDC7AODUA,Last-Item,0.2,0.0
AHUPN54QKHMXNODDCWDMDC7AODUA,Avg-Last-10,0.0,0.0
AHUPN54QKHMXNODDCWDMDC7AODUA,Recency-Weighted,0.0,0.0
AHUPN54QKHMXNODDCWDMDC7AODUA,Essence (K=10),0.0,0.0
AHUSJVYORIJYAUN2SH5VDDZDOQDQ,Random,0.0,
AHUSJVYORIJYAUN2SH5VDDZDOQDQ,Popularity,0.0,
AHUSJVYORIJYAUN2SH5VDDZDOQDQ,CF (ItemKNN),0.0,
AHUSJVYORIJYAUN2SH5VDDZDOQDQ,Content (Avg Emb),0.0,
AHUSJVYORIJYAUN2SH5VDDZDOQDQ,Last-Item,0.0,
AHUSJVYORIJYAUN2SH5VDDZDOQDQ,Avg-Last-10,0.0,
AHUSJVYORIJYAUN2SH5VDDZDOQDQ,Recency-Weighted,0.0,
AHUSJVYORIJYAUN2SH5VDDZDOQDQ,Essence (K=10),0.0,
AHUXN74WXXDOZ5P3QDCPSF6ALKDQ,Random,0.0,0.0
AHUXN74WXXDOZ5P3QDCPSF6ALKDQ,Popularity,0.0,0.0
AHUXN74WXXDOZ5P3QDCPSF6ALKDQ,CF (ItemKNN),0.0,0.0
AHUXN74WXXDOZ5P3QDCPSF6ALKDQ,Content (Avg Emb),0.0,0.0
AHUXN74WXXDOZ5P3QDCPSF6ALKDQ,Last-Item,0.16666666666666666,0.0
AHUXN74WXXDOZ5P3QDCPSF6ALKDQ,Avg-Last-10,0.0,0.0
AHUXN74WXXDOZ5P3QDCPSF6ALKDQ,Recency-Weighted,0.0,0.0
AHUXN74WXXDOZ5P3QDCPSF6ALKDQ,Essence (K=10),0.0,0.0
AHUYCZKUOYW2MLFUBRDFFEDWMSLA,Random,0.0,0.0
AHUYCZKUOYW2MLFUBRDFFEDWMSLA,Popularity,0.06666666666666667,0.0
AHUYCZKUOYW2MLFUBRDFFEDWMSLA,CF (ItemKNN),0.0,0.0
AHUYCZKUOYW2MLFUBRDFFEDWMSLA,Content (Avg Emb),0.0,0.0
AHUYCZKUOYW2MLFUBRDFFEDWMSLA,Last-Item,0.0,0.0
AHUYCZKUOYW2MLFUBRDFFEDWMSLA,Avg-Last-10,0.0,0.0
AHUYCZKUOYW2MLFUBRDFFEDWMSLA,Recency-Weighted,0.0,0.0
AHUYCZKUOYW2MLFUBRDFFEDWMSLA,Essence (K=10),0.06666666666666667,0.0
AHUYTOZQPHJFOJDT33ZZFU4CIDYA,Random,0.0,
AHUYTOZQPHJFOJDT33ZZFU4CIDYA,Popularity,0.0,
AHUYTOZQPHJFOJDT33ZZFU4CIDYA,CF (ItemKNN),0.0,
AHUYTOZQPHJFOJDT33ZZFU4CIDYA,Content (Avg Emb),0.0,
AHUYTOZQPHJFOJDT33ZZFU4CIDYA,Last-Item,0.0,
AHUYTOZQPHJFOJDT33ZZFU4CIDYA,Avg-Last-10,0.0,
AHUYTOZQPHJFOJDT33ZZFU4CIDYA,Recency-Weighted,0.0,
AHUYTOZQPHJFOJDT33ZZFU4CIDYA,Essence (K=10),0.0,
AHUZNLR5CA35WILJTOSGSHCFD5YQ,Random,0.0,
AHUZNLR5CA35WILJTOSGSHCFD5YQ,Popularity,0.0,
AHUZNLR5CA35WILJTOSGSHCFD5YQ,CF (ItemKNN),0.0,
AHUZNLR5CA35WILJTOSGSHCFD5YQ,Content (Avg Emb),0.0,
AHUZNLR5CA35WILJTOSGSHCFD5YQ,Last-Item,0.0,
AHUZNLR5CA35WILJTOSGSHCFD5YQ,Avg-Last-10,0.0,
AHUZNLR5CA35WILJTOSGSHCFD5YQ,Recency-Weighted,0.0,
AHUZNLR5CA35WILJTOSGSHCFD5YQ,Essence (K=10),0.0,
AHV2OWF7HVUYBSNSNOZCDBQRCQAQ,Random,0.0,
AHV2OWF7HVUYBSNSNOZCDBQRCQAQ,Popularity,0.0,
AHV2OWF7HVUYBSNSNOZCDBQRCQAQ,CF (ItemKNN),0.0,
AHV2OWF7HVUYBSNSNOZCDBQRCQAQ,Content (Avg Emb),0.0,
AHV2OWF7HVUYBSNSNOZCDBQRCQAQ,Last-Item,0.0,
AHV2OWF7HVUYBSNSNOZCDBQRCQAQ,Avg-Last-10,0.0,
AHV2OWF7HVUYBSNSNOZCDBQRCQAQ,Recency-Weighted,0.0,
AHV2OWF7HVUYBSNSNOZCDBQRCQAQ,Essence (K=10),0.0,
AHV3XVH2SSVP77CA4IAOWW5GKBDA,Random,0.0,
AHV3XVH2SSVP77CA4IAOWW5GKBDA,Popularity,0.0,
AHV3XVH2SSVP77CA4IAOWW5GKBDA,CF (ItemKNN),0.0,
AHV3XVH2SSVP77CA4IAOWW5GKBDA,Content (Avg Emb),0.0,
AHV3XVH2SSVP77CA4IAOWW5GKBDA,Last-Item,0.0,
AHV3XVH2SSVP77CA4IAOWW5GKBDA,Avg-Last-10,0.0,
AHV3XVH2SSVP77CA4IAOWW5GKBDA,Recency-Weighted,0.0,
AHV3XVH2SSVP77CA4IAOWW5GKBDA,Essence (K=10),0.0,
AHVCI5PW6IGGGJY3J72SZ6V4VQKQ,Random,0.0,0.0
AHVCI5PW6IGGGJY3J72SZ6V4VQKQ,Popularity,0.0,0.0
AHVCI5PW6IGGGJY3J72SZ6V4VQKQ,CF (ItemKNN),0.0,0.0
AHVCI5PW6IGGGJY3J72SZ6V4VQKQ,Content (Avg Emb),0.0,0.0
AHVCI5PW6IGGGJY3J72SZ6V4VQKQ,Last-Item,0.0,0.0
AHVCI5PW6IGGGJY3J72SZ6V4VQKQ,Avg-Last-10,0.0,0.0
AHVCI5PW6IGGGJY3J72SZ6V4VQKQ,Recency-Weighted,0.0,0.0
AHVCI5PW6IGGGJY3J72SZ6V4VQKQ,Essence (K=10),0.0,0.0
AHVD76GI325C2IHYX7LKMKYAMGVA,Random,0.0,
AHVD76GI325C2IHYX7LKMKYAMGVA,Popularity,0.0,
AHVD76GI325C2IHYX7LKMKYAMGVA,CF (ItemKNN),0.0,
AHVD76GI325C2IHYX7LKMKYAMGVA,Content (Avg Emb),0.0,
AHVD76GI325C2IHYX7LKMKYAMGVA,Last-Item,0.0,
AHVD76GI325C2IHYX7LKMKYAMGVA,Avg-Last-10,0.0,
AHVD76GI325C2IHYX7LKMKYAMGVA,Recency-Weighted,0.0,
AHVD76GI325C2IHYX7LKMKYAMGVA,Essence (K=10),0.0,
AHVEX3TK3ECN446P6N4JQBS5Z4NA,Random,0.0,0.0
AHVEX3TK3ECN446P6N4JQBS5Z4NA,Popularity,0.0,0.0
AHVEX3TK3ECN446P6N4JQBS5Z4NA,CF (ItemKNN),0.0,0.0
AHVEX3TK3ECN446P6N4JQBS5Z4NA,Content (Avg Emb),0.0,0.0
AHVEX3TK3ECN446P6N4JQBS5Z4NA,Last-Item,0.16666666666666666,0.0
AHVEX3TK3ECN446P6N4JQBS5Z4NA,Avg-Last-10,0.0,0.0
AHVEX3TK3ECN446P6N4JQBS5Z4NA,Recency-Weighted,0.0,0.0
AHVEX3TK3ECN446P6N4JQBS5Z4NA,Essence (K=10),0.0,0.0
AHVJ7SBK4T6VUP7FCXHEB3XNNMBQ,Random,0.0,0.0
AHVJ7SBK4T6VUP7FCXHEB3XNNMBQ,Popularity,0.0,0.0
AHVJ7SBK4T6VUP7FCXHEB3XNNMBQ,CF (ItemKNN),0.0,0.0
AHVJ7SBK4T6VUP7FCXHEB3XNNMBQ,Content (Avg Emb),0.0,0.0
AHVJ7SBK4T6VUP7FCXHEB3XNNMBQ,Last-Item,0.0,0.0
AHVJ7SBK4T6VUP7FCXHEB3XNNMBQ,Avg-Last-10,0.0,0.0
AHVJ7SBK4T6VUP7FCXHEB3XNNMBQ,Recency-Weighted,0.0,0.0
AHVJ7SBK4T6VUP7FCXHEB3XNNMBQ,Essence (K=10),0.0,0.0
AHVJWZ7XDX3PUTGWE4DIWPOC63MQ,Random,0.0,
AHVJWZ7XDX3PUTGWE4DIWPOC63MQ,Popularity,0.0,
AHVJWZ7XDX3PUTGWE4DIWPOC63MQ,CF (ItemKNN),0.0,
AHVJWZ7XDX3PUTGWE4DIWPOC63MQ,Content (Avg Emb),0.0,
AHVJWZ7XDX3PUTGWE4DIWPOC63MQ,Last-Item,0.16666666666666666,
AHVJWZ7XDX3PUTGWE4DIWPOC63MQ,Avg-Last-10,0.0,
AHVJWZ7XDX3PUTGWE4DIWPOC63MQ,Recency-Weighted,0.0,
AHVJWZ7XDX3PUTGWE4DIWPOC63MQ,Essence (K=10),0.0,
AHVOAO4BG2KEPKOUUHI6RRQMDWYA,Random,0.0,0.0
AHVOAO4BG2KEPKOUUHI6RRQMDWYA,Popularity,0.0,0.0
AHVOAO4BG2KEPKOUUHI6RRQMDWYA,CF (ItemKNN),0.0,0.0
AHVOAO4BG2KEPKOUUHI6RRQMDWYA,Content (Avg Emb),0.0,0.0
AHVOAO4BG2KEPKOUUHI6RRQMDWYA,Last-Item,0.0,0.0
AHVOAO4BG2KEPKOUUHI6RRQMDWYA,Avg-Last-10,0.0,0.0
AHVOAO4BG2KEPKOUUHI6RRQMDWYA,Recency-Weighted,0.0,0.0
AHVOAO4BG2KEPKOUUHI6RRQMDWYA,Essence (K=10),0.0,0.0
AHVW4WGTUKPFAUESD3VZPWTFPTFA,Random,0.0,
AHVW4WGTUKPFAUESD3VZPWTFPTFA,Popularity,0.0,
AHVW4WGTUKPFAUESD3VZPWTFPTFA,CF (ItemKNN),0.0,
AHVW4WGTUKPFAUESD3VZPWTFPTFA,Content (Avg Emb),0.0,
AHVW4WGTUKPFAUESD3VZPWTFPTFA,Last-Item,0.0,
AHVW4WGTUKPFAUESD3VZPWTFPTFA,Avg-Last-10,0.0,
AHVW4WGTUKPFAUESD3VZPWTFPTFA,Recency-Weighted,0.0,
AHVW4WGTUKPFAUESD3VZPWTFPTFA,Essence (K=10),0.0,
AHW2XNB3LHRTQE4CTYWKQUMY3NMA,Random,0.0,
AHW2XNB3LHRTQE4CTYWKQUMY3NMA,Popularity,0.0,
AHW2XNB3LHRTQE4CTYWKQUMY3NMA,CF (ItemKNN),0.14285714285714285,
AHW2XNB3LHRTQE4CTYWKQUMY3NMA,Content (Avg Emb),0.0,
AHW2XNB3LHRTQE4CTYWKQUMY3NMA,Last-Item,0.0,
AHW2XNB3LHRTQE4CTYWKQUMY3NMA,Avg-Last-10,0.0,
AHW2XNB3LHRTQE4CTYWKQUMY3NMA,Recency-Weighted,0.0,
AHW2XNB3LHRTQE4CTYWKQUMY3NMA,Essence (K=10),0.14285714285714285,
AHW2XO2SSP4R64HKICFX7DR5S3UQ,Random,0.0,
AHW2XO2SSP4R64HKICFX7DR5S3UQ,Popularity,0.0,
AHW2XO2SSP4R64HKICFX7DR5S3UQ,CF (ItemKNN),0.0,
AHW2XO2SSP4R64HKICFX7DR5S3UQ,Content (Avg Emb),0.0,
AHW2XO2SSP4R64HKICFX7DR5S3UQ,Last-Item,0.0,
AHW2XO2SSP4R64HKICFX7DR5S3UQ,Avg-Last-10,0.0,
AHW2XO2SSP4R64HKICFX7DR5S3UQ,Recency-Weighted,0.0,
AHW2XO2SSP4R64HKICFX7DR5S3UQ,Essence (K=10),0.0,
AHWBBKHETRYH6UUXHE7PH3Q4KEFQ,Random,0.0,
AHWBBKHETRYH6UUXHE7PH3Q4KEFQ,Popularity,0.0,
AHWBBKHETRYH6UUXHE7PH3Q4KEFQ,CF (ItemKNN),0.0,
AHWBBKHETRYH6UUXHE7PH3Q4KEFQ,Content (Avg Emb),0.0,
AHWBBKHETRYH6UUXHE7PH3Q4KEFQ,Last-Item,0.0,
AHWBBKHETRYH6UUXHE7PH3Q4KEFQ,Avg-Last-10,0.0,
AHWBBKHETRYH6UUXHE7PH3Q4KEFQ,Recency-Weighted,0.0,
AHWBBKHETRYH6UUXHE7PH3Q4KEFQ,Essence (K=10),0.0,
AHWBXJDM2I5NO6OL4NN2JIG5ZVMA,Random,0.0,0.0
AHWBXJDM2I5NO6OL4NN2JIG5ZVMA,Popularity,0.0,0.0
AHWBXJDM2I5NO6OL4NN2JIG5ZVMA,CF (ItemKNN),0.0,0.0
AHWBXJDM2I5NO6OL4NN2JIG5ZVMA,Content (Avg Emb),0.0,0.0
AHWBXJDM2I5NO6OL4NN2JIG5ZVMA,Last-Item,0.0,0.0
AHWBXJDM2I5NO6OL4NN2JIG5ZVMA,Avg-Last-10,0.0,0.0
AHWBXJDM2I5NO6OL4NN2JIG5ZVMA,Recency-Weighted,0.0,0.0
AHWBXJDM2I5NO6OL4NN2JIG5ZVMA,Essence (K=10),0.0,0.0
AHWD4JCLLJ4PYWRZFCD4K37JRLEA,Random,0.0,0.0
AHWD4JCLLJ4PYWRZFCD4K37JRLEA,Popularity,0.0,0.0
AHWD4JCLLJ4PYWRZFCD4K37JRLEA,CF (ItemKNN),0.0,0.0
AHWD4JCLLJ4PYWRZFCD4K37JRLEA,Content (Avg Emb),0.038461538461538464,0.0
AHWD4JCLLJ4PYWRZFCD4K37JRLEA,Last-Item,0.038461538461538464,0.0
AHWD4JCLLJ4PYWRZFCD4K37JRLEA,Avg-Last-10,0.038461538461538464,0.0
AHWD4JCLLJ4PYWRZFCD4K37JRLEA,Recency-Weighted,0.038461538461538464,0.0
AHWD4JCLLJ4PYWRZFCD4K37JRLEA,Essence (K=10),0.11538461538461539,0.0
AHWGHYF5HTPBQIR4XIBTHFEAS76A,Random,0.0,0.0
AHWGHYF5HTPBQIR4XIBTHFEAS76A,Popularity,0.0,0.0
AHWGHYF5HTPBQIR4XIBTHFEAS76A,CF (ItemKNN),0.10526315789473684,0.0
AHWGHYF5HTPBQIR4XIBTHFEAS76A,Content (Avg Emb),0.0,0.0
AHWGHYF5HTPBQIR4XIBTHFEAS76A,Last-Item,0.0,0.0
AHWGHYF5HTPBQIR4XIBTHFEAS76A,Avg-Last-10,0.0,0.0
AHWGHYF5HTPBQIR4XIBTHFEAS76A,Recency-Weighted,0.0,0.0
AHWGHYF5HTPBQIR4XIBTHFEAS76A,Essence (K=10),0.0,0.0
AHWGSGQ6M5PN6R6JW7AHY2BSUUEQ,Random,0.0,0.0
AHWGSGQ6M5PN6R6JW7AHY2BSUUEQ,Popularity,0.0,0.0
AHWGSGQ6M5PN6R6JW7AHY2BSUUEQ,CF (ItemKNN),0.2,0.3333333333333333
AHWGSGQ6M5PN6R6JW7AHY2BSUUEQ,Content (Avg Emb),0.4,0.3333333333333333
AHWGSGQ6M5PN6R6JW7AHY2BSUUEQ,Last-Item,0.4,0.3333333333333333
AHWGSGQ6M5PN6R6JW7AHY2BSUUEQ,Avg-Last-10,0.2,0.0
AHWGSGQ6M5PN6R6JW7AHY2BSUUEQ,Recency-Weighted,0.2,0.0
AHWGSGQ6M5PN6R6JW7AHY2BSUUEQ,Essence (K=10),0.2,0.0
AHWHVQLVILIDMK53J3EJ6ETKUZ2A,Random,0.0,0.0
AHWHVQLVILIDMK53J3EJ6ETKUZ2A,Popularity,0.0,0.0
AHWHVQLVILIDMK53J3EJ6ETKUZ2A,CF (ItemKNN),0.0,0.0
AHWHVQLVILIDMK53J3EJ6ETKUZ2A,Content (Avg Emb),0.0,0.0
AHWHVQLVILIDMK53J3EJ6ETKUZ2A,Last-Item,0.0,0.0
AHWHVQLVILIDMK53J3EJ6ETKUZ2A,Avg-Last-10,0.0,0.0
AHWHVQLVILIDMK53J3EJ6ETKUZ2A,Recency-Weighted,0.0,0.0
AHWHVQLVILIDMK53J3EJ6ETKUZ2A,Essence (K=10),0.0,0.0
AHWI7MEKOLZ7PN3QDY3KX56DM2UA,Random,0.0,0.0
AHWI7MEKOLZ7PN3QDY3KX56DM2UA,Popularity,0.0,0.0
AHWI7MEKOLZ7PN3QDY3KX56DM2UA,CF (ItemKNN),0.0,0.0
AHWI7MEKOLZ7PN3QDY3KX56DM2UA,Content (Avg Emb),0.0,0.0
AHWI7MEKOLZ7PN3QDY3KX56DM2UA,Last-Item,0.75,1.0
AHWI7MEKOLZ7PN3QDY3KX56DM2UA,Avg-Last-10,0.0,0.0
AHWI7MEKOLZ7PN3QDY3KX56DM2UA,Recency-Weighted,0.0,0.0
AHWI7MEKOLZ7PN3QDY3KX56DM2UA,Essence (K=10),0.0,0.0
AHWJ7XO77DKZJROC6KUZWI3I2QGQ,Random,0.0,0.0
AHWJ7XO77DKZJROC6KUZWI3I2QGQ,Popularity,0.0,0.0
AHWJ7XO77DKZJROC6KUZWI3I2QGQ,CF (ItemKNN),0.0,0.0
AHWJ7XO77DKZJROC6KUZWI3I2QGQ,Content (Avg Emb),0.0,0.0
AHWJ7XO77DKZJROC6KUZWI3I2QGQ,Last-Item,0.0,0.0
AHWJ7XO77DKZJROC6KUZWI3I2QGQ,Avg-Last-10,0.0,0.0
AHWJ7XO77DKZJROC6KUZWI3I2QGQ,Recency-Weighted,0.0,0.0
AHWJ7XO77DKZJROC6KUZWI3I2QGQ,Essence (K=10),0.0,0.0
AHWJGIMDAMS4WBLZAGOYMXYDSDLA,Random,0.0,0.0
AHWJGIMDAMS4WBLZAGOYMXYDSDLA,Popularity,0.0,0.0
AHWJGIMDAMS4WBLZAGOYMXYDSDLA,CF (ItemKNN),0.0,0.0
AHWJGIMDAMS4WBLZAGOYMXYDSDLA,Content (Avg Emb),0.0,0.0
AHWJGIMDAMS4WBLZAGOYMXYDSDLA,Last-Item,0.0,0.0
AHWJGIMDAMS4WBLZAGOYMXYDSDLA,Avg-Last-10,0.0,0.0
AHWJGIMDAMS4WBLZAGOYMXYDSDLA,Recency-Weighted,0.0,0.0
AHWJGIMDAMS4WBLZAGOYMXYDSDLA,Essence (K=10),0.0,0.0
AHWLQU53QW55RXUC7ZJOLPVKPWBA,Random,0.0,
AHWLQU53QW55RXUC7ZJOLPVKPWBA,Popularity,0.0,
AHWLQU53QW55RXUC7ZJOLPVKPWBA,CF (ItemKNN),0.0,
AHWLQU53QW55RXUC7ZJOLPVKPWBA,Content (Avg Emb),0.0,
AHWLQU53QW55RXUC7ZJOLPVKPWBA,Last-Item,0.0,
AHWLQU53QW55RXUC7ZJOLPVKPWBA,Avg-Last-10,0.0,
AHWLQU53QW55RXUC7ZJOLPVKPWBA,Recency-Weighted,0.0,
AHWLQU53QW55RXUC7ZJOLPVKPWBA,Essence (K=10),0.0,
AHWMF2V6B52H5FXEYHFQAV5CUGNA,Random,0.0,
AHWMF2V6B52H5FXEYHFQAV5CUGNA,Popularity,0.0,
AHWMF2V6B52H5FXEYHFQAV5CUGNA,CF (ItemKNN),0.0,
AHWMF2V6B52H5FXEYHFQAV5CUGNA,Content (Avg Emb),0.25,
AHWMF2V6B52H5FXEYHFQAV5CUGNA,Last-Item,0.25,
AHWMF2V6B52H5FXEYHFQAV5CUGNA,Avg-Last-10,0.25,
AHWMF2V6B52H5FXEYHFQAV5CUGNA,Recency-Weighted,0.25,
AHWMF2V6B52H5FXEYHFQAV5CUGNA,Essence (K=10),0.25,
AHWOAZAYYM2S3RJRNKWTPAEFIT2Q,Random,0.0,0.0
AHWOAZAYYM2S3RJRNKWTPAEFIT2Q,Popularity,0.0,0.0
AHWOAZAYYM2S3RJRNKWTPAEFIT2Q,CF (ItemKNN),0.0,0.0
AHWOAZAYYM2S3RJRNKWTPAEFIT2Q,Content (Avg Emb),0.0,0.0
AHWOAZAYYM2S3RJRNKWTPAEFIT2Q,Last-Item,0.0,0.0
AHWOAZAYYM2S3RJRNKWTPAEFIT2Q,Avg-Last-10,0.0,0.0
AHWOAZAYYM2S3RJRNKWTPAEFIT2Q,Recency-Weighted,0.0,0.0
AHWOAZAYYM2S3RJRNKWTPAEFIT2Q,Essence (K=10),0.0,0.0
AHWPPSDCWV2WEGZ6OXZNXL4QONOA,Random,0.0,
AHWPPSDCWV2WEGZ6OXZNXL4QONOA,Popularity,0.0,
AHWPPSDCWV2WEGZ6OXZNXL4QONOA,CF (ItemKNN),0.0,
AHWPPSDCWV2WEGZ6OXZNXL4QONOA,Content (Avg Emb),0.0,
AHWPPSDCWV2WEGZ6OXZNXL4QONOA,Last-Item,0.0,
AHWPPSDCWV2WEGZ6OXZNXL4QONOA,Avg-Last-10,0.0,
AHWPPSDCWV2WEGZ6OXZNXL4QONOA,Recency-Weighted,0.0,
AHWPPSDCWV2WEGZ6OXZNXL4QONOA,Essence (K=10),0.0,
AHWQI5RDKU3AHHGKAKNLB6BMQSFQ,Random,0.0,0.0
AHWQI5RDKU3AHHGKAKNLB6BMQSFQ,Popularity,0.0,0.0
AHWQI5RDKU3AHHGKAKNLB6BMQSFQ,CF (ItemKNN),0.0,0.0
AHWQI5RDKU3AHHGKAKNLB6BMQSFQ,Content (Avg Emb),0.0,0.0
AHWQI5RDKU3AHHGKAKNLB6BMQSFQ,Last-Item,0.0,0.0
AHWQI5RDKU3AHHGKAKNLB6BMQSFQ,Avg-Last-10,0.0,0.0
AHWQI5RDKU3AHHGKAKNLB6BMQSFQ,Recency-Weighted,0.0,0.0
AHWQI5RDKU3AHHGKAKNLB6BMQSFQ,Essence (K=10),0.0,0.0
AHWRHMCBNAB5TILQUXLLXUS55NBA,Random,0.0,0.0
AHWRHMCBNAB5TILQUXLLXUS55NBA,Popularity,0.0,0.0
AHWRHMCBNAB5TILQUXLLXUS55NBA,CF (ItemKNN),0.0,0.0
AHWRHMCBNAB5TILQUXLLXUS55NBA,Content (Avg Emb),0.0,0.0
AHWRHMCBNAB5TILQUXLLXUS55NBA,Last-Item,0.0,0.0
AHWRHMCBNAB5TILQUXLLXUS55NBA,Avg-Last-10,0.0,0.0
AHWRHMCBNAB5TILQUXLLXUS55NBA,Recency-Weighted,0.0,0.0
AHWRHMCBNAB5TILQUXLLXUS55NBA,Essence (K=10),0.0,0.0
AHWSFO5PQQI4V3JCSE4EOG63UIKQ,Random,0.0,0.0
AHWSFO5PQQI4V3JCSE4EOG63UIKQ,Popularity,0.0,0.0
AHWSFO5PQQI4V3JCSE4EOG63UIKQ,CF (ItemKNN),0.0,0.0
AHWSFO5PQQI4V3JCSE4EOG63UIKQ,Content (Avg Emb),0.0,0.0
AHWSFO5PQQI4V3JCSE4EOG63UIKQ,Last-Item,0.0,0.0
AHWSFO5PQQI4V3JCSE4EOG63UIKQ,Avg-Last-10,0.0,0.0
AHWSFO5PQQI4V3JCSE4EOG63UIKQ,Recency-Weighted,0.0,0.0
AHWSFO5PQQI4V3JCSE4EOG63UIKQ,Essence (K=10),0.0,0.0
AHWSSV2TN4RYFFIVQ3NHO6U3IW4Q,Random,0.0,
AHWSSV2TN4RYFFIVQ3NHO6U3IW4Q,Popularity,0.0,
AHWSSV2TN4RYFFIVQ3NHO6U3IW4Q,CF (ItemKNN),0.0,
AHWSSV2TN4RYFFIVQ3NHO6U3IW4Q,Content (Avg Emb),0.0,
AHWSSV2TN4RYFFIVQ3NHO6U3IW4Q,Last-Item,0.0,
AHWSSV2TN4RYFFIVQ3NHO6U3IW4Q,Avg-Last-10,0.0,
AHWSSV2TN4RYFFIVQ3NHO6U3IW4Q,Recency-Weighted,0.0,
AHWSSV2TN4RYFFIVQ3NHO6U3IW4Q,Essence (K=10),0.0,
AHWXBPFQ37Y5CZPB7IQQLDR5SMJQ,Random,0.0,
AHWXBPFQ37Y5CZPB7IQQLDR5SMJQ,Popularity,0.0,
AHWXBPFQ37Y5CZPB7IQQLDR5SMJQ,CF (ItemKNN),0.0,
AHWXBPFQ37Y5CZPB7IQQLDR5SMJQ,Content (Avg Emb),0.1111111111111111,
AHWXBPFQ37Y5CZPB7IQQLDR5SMJQ,Last-Item,0.0,
AHWXBPFQ37Y5CZPB7IQQLDR5SMJQ,Avg-Last-10,0.1111111111111111,
AHWXBPFQ37Y5CZPB7IQQLDR5SMJQ,Recency-Weighted,0.1111111111111111,
AHWXBPFQ37Y5CZPB7IQQLDR5SMJQ,Essence (K=10),0.2222222222222222,
AHWXSKN2LIQYZBT6TQES5DYSLLMQ,Random,0.0,
AHWXSKN2LIQYZBT6TQES5DYSLLMQ,Popularity,0.0,
AHWXSKN2LIQYZBT6TQES5DYSLLMQ,CF (ItemKNN),0.0,
AHWXSKN2LIQYZBT6TQES5DYSLLMQ,Content (Avg Emb),0.0,
AHWXSKN2LIQYZBT6TQES5DYSLLMQ,Last-Item,0.0,
AHWXSKN2LIQYZBT6TQES5DYSLLMQ,Avg-Last-10,0.0,
AHWXSKN2LIQYZBT6TQES5DYSLLMQ,Recency-Weighted,0.0,
AHWXSKN2LIQYZBT6TQES5DYSLLMQ,Essence (K=10),0.0,
AHWYOVIJMH3KLTEVJZEFIIRKG2TA,Random,0.0,
AHWYOVIJMH3KLTEVJZEFIIRKG2TA,Popularity,0.0,
AHWYOVIJMH3KLTEVJZEFIIRKG2TA,CF (ItemKNN),0.0,
AHWYOVIJMH3KLTEVJZEFIIRKG2TA,Content (Avg Emb),0.0,
AHWYOVIJMH3KLTEVJZEFIIRKG2TA,Last-Item,0.0,
AHWYOVIJMH3KLTEVJZEFIIRKG2TA,Avg-Last-10,0.0,
AHWYOVIJMH3KLTEVJZEFIIRKG2TA,Recency-Weighted,0.0,
AHWYOVIJMH3KLTEVJZEFIIRKG2TA,Essence (K=10),0.0,
AHX7B2BTLAPZFZOCVJM4MGGXWVTQ,Random,0.0,0.0
AHX7B2BTLAPZFZOCVJM4MGGXWVTQ,Popularity,0.0,0.0
AHX7B2BTLAPZFZOCVJM4MGGXWVTQ,CF (ItemKNN),0.2,0.0
AHX7B2BTLAPZFZOCVJM4MGGXWVTQ,Content (Avg Emb),0.0,0.0
AHX7B2BTLAPZFZOCVJM4MGGXWVTQ,Last-Item,0.0,0.0
AHX7B2BTLAPZFZOCVJM4MGGXWVTQ,Avg-Last-10,0.0,0.0
AHX7B2BTLAPZFZOCVJM4MGGXWVTQ,Recency-Weighted,0.0,0.0
AHX7B2BTLAPZFZOCVJM4MGGXWVTQ,Essence (K=10),0.0,0.0
AHXCUORBPM52NY2WMD7LXVMH2MTA,Random,0.0,0.0
AHXCUORBPM52NY2WMD7LXVMH2MTA,Popularity,0.0,0.0
AHXCUORBPM52NY2WMD7LXVMH2MTA,CF (ItemKNN),0.0,0.0
AHXCUORBPM52NY2WMD7LXVMH2MTA,Content (Avg Emb),0.0,0.0
AHXCUORBPM52NY2WMD7LXVMH2MTA,Last-Item,0.0,0.0
AHXCUORBPM52NY2WMD7LXVMH2MTA,Avg-Last-10,0.0,0.0
AHXCUORBPM52NY2WMD7LXVMH2MTA,Recency-Weighted,0.0,0.0
AHXCUORBPM52NY2WMD7LXVMH2MTA,Essence (K=10),0.0,0.0
AHXDDEXO2AKGLENELLMANH6NGUEQ,Random,0.0,
AHXDDEXO2AKGLENELLMANH6NGUEQ,Popularity,0.0,
AHXDDEXO2AKGLENELLMANH6NGUEQ,CF (ItemKNN),0.0,
AHXDDEXO2AKGLENELLMANH6NGUEQ,Content (Avg Emb),0.0,
AHXDDEXO2AKGLENELLMANH6NGUEQ,Last-Item,0.0,
AHXDDEXO2AKGLENELLMANH6NGUEQ,Avg-Last-10,0.0,
AHXDDEXO2AKGLENELLMANH6NGUEQ,Recency-Weighted,0.0,
AHXDDEXO2AKGLENELLMANH6NGUEQ,Essence (K=10),0.0,
AHXDKIPKTSA5DBMOA57NUEU5MBZA,Random,0.0,
AHXDKIPKTSA5DBMOA57NUEU5MBZA,Popularity,0.0,
AHXDKIPKTSA5DBMOA57NUEU5MBZA,CF (ItemKNN),0.0,
AHXDKIPKTSA5DBMOA57NUEU5MBZA,Content (Avg Emb),0.0,
AHXDKIPKTSA5DBMOA57NUEU5MBZA,Last-Item,0.0,
AHXDKIPKTSA5DBMOA57NUEU5MBZA,Avg-Last-10,0.0,
AHXDKIPKTSA5DBMOA57NUEU5MBZA,Recency-Weighted,0.0,
AHXDKIPKTSA5DBMOA57NUEU5MBZA,Essence (K=10),0.0,
AHXELWG57UA7YTKF26J5M3545KMA,Random,0.0,
AHXELWG57UA7YTKF26J5M3545KMA,Popularity,0.0,
AHXELWG57UA7YTKF26J5M3545KMA,CF (ItemKNN),0.0,
AHXELWG57UA7YTKF26J5M3545KMA,Content (Avg Emb),0.0,
AHXELWG57UA7YTKF26J5M3545KMA,Last-Item,0.0,
AHXELWG57UA7YTKF26J5M3545KMA,Avg-Last-10,0.0,
AHXELWG57UA7YTKF26J5M3545KMA,Recency-Weighted,0.0,
AHXELWG57UA7YTKF26J5M3545KMA,Essence (K=10),0.0,
AHXG64BMJCHHJFX2REKAF3G5KEBA,Random,0.0,0.0
AHXG64BMJCHHJFX2REKAF3G5KEBA,Popularity,0.0,0.0
AHXG64BMJCHHJFX2REKAF3G5KEBA,CF (ItemKNN),0.0,0.0
AHXG64BMJCHHJFX2REKAF3G5KEBA,Content (Avg Emb),0.0,0.0
AHXG64BMJCHHJFX2REKAF3G5KEBA,Last-Item,0.2,0.0
AHXG64BMJCHHJFX2REKAF3G5KEBA,Avg-Last-10,0.0,0.0
AHXG64BMJCHHJFX2REKAF3G5KEBA,Recency-Weighted,0.0,0.0
AHXG64BMJCHHJFX2REKAF3G5KEBA,Essence (K=10),0.0,0.0
AHXHMDGND5II3NRNCZ3OL7JQ4IOQ,Random,0.0,
AHXHMDGND5II3NRNCZ3OL7JQ4IOQ,Popularity,0.0,
AHXHMDGND5II3NRNCZ3OL7JQ4IOQ,CF (ItemKNN),0.0,
AHXHMDGND5II3NRNCZ3OL7JQ4IOQ,Content (Avg Emb),0.0,
AHXHMDGND5II3NRNCZ3OL7JQ4IOQ,Last-Item,0.0,
AHXHMDGND5II3NRNCZ3OL7JQ4IOQ,Avg-Last-10,0.0,
AHXHMDGND5II3NRNCZ3OL7JQ4IOQ,Recency-Weighted,0.0,
AHXHMDGND5II3NRNCZ3OL7JQ4IOQ,Essence (K=10),0.0,
AHXLH3RHQNUDCDDEBY2XNJNTARRA,Random,0.0,0.0
AHXLH3RHQNUDCDDEBY2XNJNTARRA,Popularity,0.0,0.0
AHXLH3RHQNUDCDDEBY2XNJNTARRA,CF (ItemKNN),0.0,0.0
AHXLH3RHQNUDCDDEBY2XNJNTARRA,Content (Avg Emb),0.0,0.0
AHXLH3RHQNUDCDDEBY2XNJNTARRA,Last-Item,0.0,0.0
AHXLH3RHQNUDCDDEBY2XNJNTARRA,Avg-Last-10,0.0,0.0
AHXLH3RHQNUDCDDEBY2XNJNTARRA,Recency-Weighted,0.0,0.0
AHXLH3RHQNUDCDDEBY2XNJNTARRA,Essence (K=10),0.0,0.0
AHXP3CDSBN263JA7WUTQZP7GM6SQ,Random,0.0,
AHXP3CDSBN263JA7WUTQZP7GM6SQ,Popularity,0.0,
AHXP3CDSBN263JA7WUTQZP7GM6SQ,CF (ItemKNN),0.0,
AHXP3CDSBN263JA7WUTQZP7GM6SQ,Content (Avg Emb),0.0,
AHXP3CDSBN263JA7WUTQZP7GM6SQ,Last-Item,0.25,
AHXP3CDSBN263JA7WUTQZP7GM6SQ,Avg-Last-10,0.0,
AHXP3CDSBN263JA7WUTQZP7GM6SQ,Recency-Weighted,0.0,
AHXP3CDSBN263JA7WUTQZP7GM6SQ,Essence (K=10),0.0,
AHXP5HIYMRFJCTGOO2C3T7KLAATQ,Random,0.0,
AHXP5HIYMRFJCTGOO2C3T7KLAATQ,Popularity,0.0,
AHXP5HIYMRFJCTGOO2C3T7KLAATQ,CF (ItemKNN),0.0,
AHXP5HIYMRFJCTGOO2C3T7KLAATQ,Content (Avg Emb),0.0,
AHXP5HIYMRFJCTGOO2C3T7KLAATQ,Last-Item,0.0,
AHXP5HIYMRFJCTGOO2C3T7KLAATQ,Avg-Last-10,0.0,
AHXP5HIYMRFJCTGOO2C3T7KLAATQ,Recency-Weighted,0.0,
AHXP5HIYMRFJCTGOO2C3T7KLAATQ,Essence (K=10),0.0,
AHXTKMIVBVSBRFY4JA5JWJELYMAQ,Random,0.0,
AHXTKMIVBVSBRFY4JA5JWJELYMAQ,Popularity,0.0,
AHXTKMIVBVSBRFY4JA5JWJELYMAQ,CF (ItemKNN),0.0,
AHXTKMIVBVSBRFY4JA5JWJELYMAQ,Content (Avg Emb),0.0,
AHXTKMIVBVSBRFY4JA5JWJELYMAQ,Last-Item,0.0,
AHXTKMIVBVSBRFY4JA5JWJELYMAQ,Avg-Last-10,0.0,
AHXTKMIVBVSBRFY4JA5JWJELYMAQ,Recency-Weighted,0.0,
AHXTKMIVBVSBRFY4JA5JWJELYMAQ,Essence (K=10),0.0,
AHXXKRH2FZF2SBIPDWITXIEPSYSA,Random,0.0,0.0
AHXXKRH2FZF2SBIPDWITXIEPSYSA,Popularity,0.0,0.0
AHXXKRH2FZF2SBIPDWITXIEPSYSA,CF (ItemKNN),0.0,0.0
AHXXKRH2FZF2SBIPDWITXIEPSYSA,Content (Avg Emb),0.0,0.0
AHXXKRH2FZF2SBIPDWITXIEPSYSA,Last-Item,0.2,0.0
AHXXKRH2FZF2SBIPDWITXIEPSYSA,Avg-Last-10,0.0,0.0
AHXXKRH2FZF2SBIPDWITXIEPSYSA,Recency-Weighted,0.0,0.0
AHXXKRH2FZF2SBIPDWITXIEPSYSA,Essence (K=10),0.0,0.0
AHXYJFCW33PHEE266BXZGHSQVDIQ,Random,0.0,
AHXYJFCW33PHEE266BXZGHSQVDIQ,Popularity,0.0,
AHXYJFCW33PHEE266BXZGHSQVDIQ,CF (ItemKNN),0.0,
AHXYJFCW33PHEE266BXZGHSQVDIQ,Content (Avg Emb),0.0,
AHXYJFCW33PHEE266BXZGHSQVDIQ,Last-Item,0.0,
AHXYJFCW33PHEE266BXZGHSQVDIQ,Avg-Last-10,0.0,
AHXYJFCW33PHEE266BXZGHSQVDIQ,Recency-Weighted,0.0,
AHXYJFCW33PHEE266BXZGHSQVDIQ,Essence (K=10),0.0,
AHXZ5LSVLFZD3YT7AFUIVO4OULTQ,Random,0.0,
AHXZ5LSVLFZD3YT7AFUIVO4OULTQ,Popularity,0.0,
AHXZ5LSVLFZD3YT7AFUIVO4OULTQ,CF (ItemKNN),0.0,
AHXZ5LSVLFZD3YT7AFUIVO4OULTQ,Content (Avg Emb),0.0,
AHXZ5LSVLFZD3YT7AFUIVO4OULTQ,Last-Item,0.0,
AHXZ5LSVLFZD3YT7AFUIVO4OULTQ,Avg-Last-10,0.0,
AHXZ5LSVLFZD3YT7AFUIVO4OULTQ,Recency-Weighted,0.0,
AHXZ5LSVLFZD3YT7AFUIVO4OULTQ,Essence (K=10),0.0,
AHY2QDETRZ67LSC2A3CWL5SYWMXA,Random,0.0,0.0
AHY2QDETRZ67LSC2A3CWL5SYWMXA,Popularity,0.0,0.0
AHY2QDETRZ67LSC2A3CWL5SYWMXA,CF (ItemKNN),0.0,0.0
AHY2QDETRZ67LSC2A3CWL5SYWMXA,Content (Avg Emb),0.0,0.0
AHY2QDETRZ67LSC2A3CWL5SYWMXA,Last-Item,0.0,0.0
AHY2QDETRZ67LSC2A3CWL5SYWMXA,Avg-Last-10,0.0,0.0
AHY2QDETRZ67LSC2A3CWL5SYWMXA,Recency-Weighted,0.0,0.0
AHY2QDETRZ67LSC2A3CWL5SYWMXA,Essence (K=10),0.0,0.0
AHY52B6X3PA6SNZ54OYIC3OTWY2A,Random,0.0,0.0
AHY52B6X3PA6SNZ54OYIC3OTWY2A,Popularity,0.0,0.0
AHY52B6X3PA6SNZ54OYIC3OTWY2A,CF (ItemKNN),0.0,0.0
AHY52B6X3PA6SNZ54OYIC3OTWY2A,Content (Avg Emb),0.0,0.0
AHY52B6X3PA6SNZ54OYIC3OTWY2A,Last-Item,0.038461538461538464,0.25
AHY52B6X3PA6SNZ54OYIC3OTWY2A,Avg-Last-10,0.0,0.0
AHY52B6X3PA6SNZ54OYIC3OTWY2A,Recency-Weighted,0.0,0.0
AHY52B6X3PA6SNZ54OYIC3OTWY2A,Essence (K=10),0.0,0.0
AHYDENGYJK522PIIYYFRPINMV4UQ,Random,0.0,0.0
AHYDENGYJK522PIIYYFRPINMV4UQ,Popularity,0.0,0.0
AHYDENGYJK522PIIYYFRPINMV4UQ,CF (ItemKNN),0.0,0.0
AHYDENGYJK522PIIYYFRPINMV4UQ,Content (Avg Emb),0.0,0.0
AHYDENGYJK522PIIYYFRPINMV4UQ,Last-Item,0.0,0.0
AHYDENGYJK522PIIYYFRPINMV4UQ,Avg-Last-10,0.0,0.0
AHYDENGYJK522PIIYYFRPINMV4UQ,Recency-Weighted,0.0,0.0
AHYDENGYJK522PIIYYFRPINMV4UQ,Essence (K=10),0.0,0.0
AHYDFKQPPT7MYHK6R3KRKM7EZX3A,Random,0.0,
AHYDFKQPPT7MYHK6R3KRKM7EZX3A,Popularity,0.0,
AHYDFKQPPT7MYHK6R3KRKM7EZX3A,CF (ItemKNN),0.0,
AHYDFKQPPT7MYHK6R3KRKM7EZX3A,Content (Avg Emb),0.0,
AHYDFKQPPT7MYHK6R3KRKM7EZX3A,Last-Item,0.0,
AHYDFKQPPT7MYHK6R3KRKM7EZX3A,Avg-Last-10,0.0,
AHYDFKQPPT7MYHK6R3KRKM7EZX3A,Recency-Weighted,0.0,
AHYDFKQPPT7MYHK6R3KRKM7EZX3A,Essence (K=10),0.0,
AHYFG62I35TBEFPUR6IG4VG7YXBA,Random,0.0,0.0
AHYFG62I35TBEFPUR6IG4VG7YXBA,Popularity,0.0,0.0
AHYFG62I35TBEFPUR6IG4VG7YXBA,CF (ItemKNN),0.0,0.0
AHYFG62I35TBEFPUR6IG4VG7YXBA,Content (Avg Emb),0.0,0.0
AHYFG62I35TBEFPUR6IG4VG7YXBA,Last-Item,0.07692307692307693,0.2
AHYFG62I35TBEFPUR6IG4VG7YXBA,Avg-Last-10,0.0,0.0
AHYFG62I35TBEFPUR6IG4VG7YXBA,Recency-Weighted,0.0,0.0
AHYFG62I35TBEFPUR6IG4VG7YXBA,Essence (K=10),0.0,0.0
AHYKRONDSHU77K6CSWUD4JQA2OWA,Random,0.0,
AHYKRONDSHU77K6CSWUD4JQA2OWA,Popularity,0.0,
AHYKRONDSHU77K6CSWUD4JQA2OWA,CF (ItemKNN),0.0,
AHYKRONDSHU77K6CSWUD4JQA2OWA,Content (Avg Emb),0.0,
AHYKRONDSHU77K6CSWUD4JQA2OWA,Last-Item,0.0,
AHYKRONDSHU77K6CSWUD4JQA2OWA,Avg-Last-10,0.0,
AHYKRONDSHU77K6CSWUD4JQA2OWA,Recency-Weighted,0.0,
AHYKRONDSHU77K6CSWUD4JQA2OWA,Essence (K=10),0.0,
AHYRD62YJQ4LZDVC43Y5LYWW3WSA,Random,0.0,0.0
AHYRD62YJQ4LZDVC43Y5LYWW3WSA,Popularity,0.0,0.0
AHYRD62YJQ4LZDVC43Y5LYWW3WSA,CF (ItemKNN),0.0,0.0
AHYRD62YJQ4LZDVC43Y5LYWW3WSA,Content (Avg Emb),0.0,0.0
AHYRD62YJQ4LZDVC43Y5LYWW3WSA,Last-Item,0.0,0.0
AHYRD62YJQ4LZDVC43Y5LYWW3WSA,Avg-Last-10,0.0,0.0
AHYRD62YJQ4LZDVC43Y5LYWW3WSA,Recency-Weighted,0.0,0.0
AHYRD62YJQ4LZDVC43Y5LYWW3WSA,Essence (K=10),0.0,0.0
AHYTHPHT6YNPXAMNNQQLH6UWREHA,Random,0.0,
AHYTHPHT6YNPXAMNNQQLH6UWREHA,Popularity,0.0,
AHYTHPHT6YNPXAMNNQQLH6UWREHA,CF (ItemKNN),0.0,
AHYTHPHT6YNPXAMNNQQLH6UWREHA,Content (Avg Emb),0.0,
AHYTHPHT6YNPXAMNNQQLH6UWREHA,Last-Item,0.0,
AHYTHPHT6YNPXAMNNQQLH6UWREHA,Avg-Last-10,0.0,
AHYTHPHT6YNPXAMNNQQLH6UWREHA,Recency-Weighted,0.0,
AHYTHPHT6YNPXAMNNQQLH6UWREHA,Essence (K=10),0.0,
AHYXMJI6ON7LZO2ROIPZ3T2ADFUQ,Random,0.0,
AHYXMJI6ON7LZO2ROIPZ3T2ADFUQ,Popularity,0.0,
AHYXMJI6ON7LZO2ROIPZ3T2ADFUQ,CF (ItemKNN),0.0,
AHYXMJI6ON7LZO2ROIPZ3T2ADFUQ,Content (Avg Emb),0.0,
AHYXMJI6ON7LZO2ROIPZ3T2ADFUQ,Last-Item,0.0,
AHYXMJI6ON7LZO2ROIPZ3T2ADFUQ,Avg-Last-10,0.0,
AHYXMJI6ON7LZO2ROIPZ3T2ADFUQ,Recency-Weighted,0.0,
AHYXMJI6ON7LZO2ROIPZ3T2ADFUQ,Essence (K=10),0.0,
AHYZBRTCF3KCLY3SJVLLRK4JNCIA,Random,0.0,
AHYZBRTCF3KCLY3SJVLLRK4JNCIA,Popularity,0.0,
AHYZBRTCF3KCLY3SJVLLRK4JNCIA,CF (ItemKNN),0.0,
AHYZBRTCF3KCLY3SJVLLRK4JNCIA,Content (Avg Emb),0.14285714285714285,
AHYZBRTCF3KCLY3SJVLLRK4JNCIA,Last-Item,0.0,
AHYZBRTCF3KCLY3SJVLLRK4JNCIA,Avg-Last-10,0.0,
AHYZBRTCF3KCLY3SJVLLRK4JNCIA,Recency-Weighted,0.0,
AHYZBRTCF3KCLY3SJVLLRK4JNCIA,Essence (K=10),0.14285714285714285,
AHYZE3K3UJ653PMMLJYX2AYQSH5Q,Random,0.0,0.0
AHYZE3K3UJ653PMMLJYX2AYQSH5Q,Popularity,0.0,0.0
AHYZE3K3UJ653PMMLJYX2AYQSH5Q,CF (ItemKNN),0.0,0.0
AHYZE3K3UJ653PMMLJYX2AYQSH5Q,Content (Avg Emb),0.0,0.0
AHYZE3K3UJ653PMMLJYX2AYQSH5Q,Last-Item,0.0,0.0
AHYZE3K3UJ653PMMLJYX2AYQSH5Q,Avg-Last-10,0.0,0.0
AHYZE3K3UJ653PMMLJYX2AYQSH5Q,Recency-Weighted,0.0,0.0
AHYZE3K3UJ653PMMLJYX2AYQSH5Q,Essence (K=10),0.0,0.0
AHZ4AP3O4LAZJ4RGOHNFZ32SELHQ,Random,0.0,0.0
AHZ4AP3O4LAZJ4RGOHNFZ32SELHQ,Popularity,0.0,0.0
AHZ4AP3O4LAZJ4RGOHNFZ32SELHQ,CF (ItemKNN),0.0,0.0
AHZ4AP3O4LAZJ4RGOHNFZ32SELHQ,Content (Avg Emb),0.0,0.0
AHZ4AP3O4LAZJ4RGOHNFZ32SELHQ,Last-Item,0.0,0.0
AHZ4AP3O4LAZJ4RGOHNFZ32SELHQ,Avg-Last-10,0.0,0.0
AHZ4AP3O4LAZJ4RGOHNFZ32SELHQ,Recency-Weighted,0.0,0.0
AHZ4AP3O4LAZJ4RGOHNFZ32SELHQ,Essence (K=10),0.0,0.0
AHZ5COSZ5LUC7OIE73UXOLSDASQA,Random,0.0,0.0
AHZ5COSZ5LUC7OIE73UXOLSDASQA,Popularity,0.0,0.0
AHZ5COSZ5LUC7OIE73UXOLSDASQA,CF (ItemKNN),0.0,0.0
AHZ5COSZ5LUC7OIE73UXOLSDASQA,Content (Avg Emb),0.0,0.0
AHZ5COSZ5LUC7OIE73UXOLSDASQA,Last-Item,0.0,0.0
AHZ5COSZ5LUC7OIE73UXOLSDASQA,Avg-Last-10,0.0,0.0
AHZ5COSZ5LUC7OIE73UXOLSDASQA,Recency-Weighted,0.0,0.0
AHZ5COSZ5LUC7OIE73UXOLSDASQA,Essence (K=10),0.0,0.0
AHZ7GEWQ7CSBURFMFZRBMHB7GIUA,Random,0.0,
AHZ7GEWQ7CSBURFMFZRBMHB7GIUA,Popularity,0.0,
AHZ7GEWQ7CSBURFMFZRBMHB7GIUA,CF (ItemKNN),0.0,
AHZ7GEWQ7CSBURFMFZRBMHB7GIUA,Content (Avg Emb),0.0,
AHZ7GEWQ7CSBURFMFZRBMHB7GIUA,Last-Item,0.0,
AHZ7GEWQ7CSBURFMFZRBMHB7GIUA,Avg-Last-10,0.0,
AHZ7GEWQ7CSBURFMFZRBMHB7GIUA,Recency-Weighted,0.0,
AHZ7GEWQ7CSBURFMFZRBMHB7GIUA,Essence (K=10),0.0,
AHZD4EJL64VV2QGPNTZVDFL57YJQ,Random,0.0,0.0
AHZD4EJL64VV2QGPNTZVDFL57YJQ,Popularity,0.0,0.0
AHZD4EJL64VV2QGPNTZVDFL57YJQ,CF (ItemKNN),0.0,0.0
AHZD4EJL64VV2QGPNTZVDFL57YJQ,Content (Avg Emb),0.0,0.0
AHZD4EJL64VV2QGPNTZVDFL57YJQ,Last-Item,0.0,0.0
AHZD4EJL64VV2QGPNTZVDFL57YJQ,Avg-Last-10,0.0,0.0
AHZD4EJL64VV2QGPNTZVDFL57YJQ,Recency-Weighted,0.0,0.0
AHZD4EJL64VV2QGPNTZVDFL57YJQ,Essence (K=10),0.0,0.0
AHZDG7RCIKPSHYUXMWEPULTBC5SQ,Random,0.0,
AHZDG7RCIKPSHYUXMWEPULTBC5SQ,Popularity,0.0,
AHZDG7RCIKPSHYUXMWEPULTBC5SQ,CF (ItemKNN),0.0,
AHZDG7RCIKPSHYUXMWEPULTBC5SQ,Content (Avg Emb),0.0,
AHZDG7RCIKPSHYUXMWEPULTBC5SQ,Last-Item,0.0,
AHZDG7RCIKPSHYUXMWEPULTBC5SQ,Avg-Last-10,0.0,
AHZDG7RCIKPSHYUXMWEPULTBC5SQ,Recency-Weighted,0.0,
AHZDG7RCIKPSHYUXMWEPULTBC5SQ,Essence (K=10),0.0,
AHZEH7UIAGYLSMVXNI55WGH2NDEQ,Random,0.0,0.0
AHZEH7UIAGYLSMVXNI55WGH2NDEQ,Popularity,0.0,0.0
AHZEH7UIAGYLSMVXNI55WGH2NDEQ,CF (ItemKNN),0.0,0.0
AHZEH7UIAGYLSMVXNI55WGH2NDEQ,Content (Avg Emb),0.0,0.0
AHZEH7UIAGYLSMVXNI55WGH2NDEQ,Last-Item,0.0,0.0
AHZEH7UIAGYLSMVXNI55WGH2NDEQ,Avg-Last-10,0.0,0.0
AHZEH7UIAGYLSMVXNI55WGH2NDEQ,Recency-Weighted,0.0,0.0
AHZEH7UIAGYLSMVXNI55WGH2NDEQ,Essence (K=10),0.0,0.0
AHZNQJOUFFNVPDCWV2QOHELRMJPA,Random,0.0,
AHZNQJOUFFNVPDCWV2QOHELRMJPA,Popularity,0.0,
AHZNQJOUFFNVPDCWV2QOHELRMJPA,CF (ItemKNN),0.0,
AHZNQJOUFFNVPDCWV2QOHELRMJPA,Content (Avg Emb),0.0,
AHZNQJOUFFNVPDCWV2QOHELRMJPA,Last-Item,0.0,
AHZNQJOUFFNVPDCWV2QOHELRMJPA,Avg-Last-10,0.0,
AHZNQJOUFFNVPDCWV2QOHELRMJPA,Recency-Weighted,0.0,
AHZNQJOUFFNVPDCWV2QOHELRMJPA,Essence (K=10),0.0,
AHZOEJVNWUGTFBOGMH6HY2JSMXDQ,Random,0.0,0.0
AHZOEJVNWUGTFBOGMH6HY2JSMXDQ,Popularity,0.0,0.0
AHZOEJVNWUGTFBOGMH6HY2JSMXDQ,CF (ItemKNN),0.0,0.0
AHZOEJVNWUGTFBOGMH6HY2JSMXDQ,Content (Avg Emb),0.0,0.0
AHZOEJVNWUGTFBOGMH6HY2JSMXDQ,Last-Item,0.0,0.0
AHZOEJVNWUGTFBOGMH6HY2JSMXDQ,Avg-Last-10,0.0625,0.0
AHZOEJVNWUGTFBOGMH6HY2JSMXDQ,Recency-Weighted,0.0625,0.0
AHZOEJVNWUGTFBOGMH6HY2JSMXDQ,Essence (K=10),0.0,0.0
AHZQ7YBUEHLQRDC3WQCJCAEPFWLA,Random,0.0,0.0
AHZQ7YBUEHLQRDC3WQCJCAEPFWLA,Popularity,0.0,0.0
AHZQ7YBUEHLQRDC3WQCJCAEPFWLA,CF (ItemKNN),0.0,0.0
AHZQ7YBUEHLQRDC3WQCJCAEPFWLA,Content (Avg Emb),0.0,0.0
AHZQ7YBUEHLQRDC3WQCJCAEPFWLA,Last-Item,0.0,0.0
AHZQ7YBUEHLQRDC3WQCJCAEPFWLA,Avg-Last-10,0.0,0.0
AHZQ7YBUEHLQRDC3WQCJCAEPFWLA,Recency-Weighted,0.16666666666666666,0.0
AHZQ7YBUEHLQRDC3WQCJCAEPFWLA,Essence (K=10),0.0,0.0
AHZURREWCOGULI3UWXPGCFZDIH2A,Random,0.0,
AHZURREWCOGULI3UWXPGCFZDIH2A,Popularity,0.0,
AHZURREWCOGULI3UWXPGCFZDIH2A,CF (ItemKNN),0.0,
AHZURREWCOGULI3UWXPGCFZDIH2A,Content (Avg Emb),0.0,
AHZURREWCOGULI3UWXPGCFZDIH2A,Last-Item,0.0,
AHZURREWCOGULI3UWXPGCFZDIH2A,Avg-Last-10,0.0,
AHZURREWCOGULI3UWXPGCFZDIH2A,Recency-Weighted,0.0,
AHZURREWCOGULI3UWXPGCFZDIH2A,Essence (K=10),0.0,
AHZV565QPA5CAKS4DLZSJJ6R52RA,Random,0.0,0.0
AHZV565QPA5CAKS4DLZSJJ6R52RA,Popularity,0.0,0.0
AHZV565QPA5CAKS4DLZSJJ6R52RA,CF (ItemKNN),0.0,0.0
AHZV565QPA5CAKS4DLZSJJ6R52RA,Content (Avg Emb),0.0,0.0
AHZV565QPA5CAKS4DLZSJJ6R52RA,Last-Item,0.0,0.0
AHZV565QPA5CAKS4DLZSJJ6R52RA,Avg-Last-10,0.0,0.0
AHZV565QPA5CAKS4DLZSJJ6R52RA,Recency-Weighted,0.0,0.0
AHZV565QPA5CAKS4DLZSJJ6R52RA,Essence (K=10),0.0,0.0
AHZVHDRDCRHUYH23WSIER36X6NWA,Random,0.0,0.0
AHZVHDRDCRHUYH23WSIER36X6NWA,Popularity,0.0,0.0
AHZVHDRDCRHUYH23WSIER36X6NWA,CF (ItemKNN),0.0,0.0
AHZVHDRDCRHUYH23WSIER36X6NWA,Content (Avg Emb),0.0,0.0
AHZVHDRDCRHUYH23WSIER36X6NWA,Last-Item,0.14285714285714285,0.0
AHZVHDRDCRHUYH23WSIER36X6NWA,Avg-Last-10,0.0,0.0
AHZVHDRDCRHUYH23WSIER36X6NWA,Recency-Weighted,0.0,0.0
AHZVHDRDCRHUYH23WSIER36X6NWA,Essence (K=10),0.0,0.0
AHZVL7AADZIGKYR5CEEPGIFQMQVA,Random,0.0,0.0
AHZVL7AADZIGKYR5CEEPGIFQMQVA,Popularity,0.0,0.0
AHZVL7AADZIGKYR5CEEPGIFQMQVA,CF (ItemKNN),0.0,0.0
AHZVL7AADZIGKYR5CEEPGIFQMQVA,Content (Avg Emb),0.0,0.0
AHZVL7AADZIGKYR5CEEPGIFQMQVA,Last-Item,0.0,0.0
AHZVL7AADZIGKYR5CEEPGIFQMQVA,Avg-Last-10,0.0,0.0
AHZVL7AADZIGKYR5CEEPGIFQMQVA,Recency-Weighted,0.0,0.0
AHZVL7AADZIGKYR5CEEPGIFQMQVA,Essence (K=10),0.0,0.0
AHZXNM5ERNYYQKTDQJNCF45PT5TQ,Random,0.0,
AHZXNM5ERNYYQKTDQJNCF45PT5TQ,Popularity,0.0,
AHZXNM5ERNYYQKTDQJNCF45PT5TQ,CF (ItemKNN),0.0,
AHZXNM5ERNYYQKTDQJNCF45PT5TQ,Content (Avg Emb),0.0,
AHZXNM5ERNYYQKTDQJNCF45PT5TQ,Last-Item,0.0,
AHZXNM5ERNYYQKTDQJNCF45PT5TQ,Avg-Last-10,0.0,
AHZXNM5ERNYYQKTDQJNCF45PT5TQ,Recency-Weighted,0.0,
AHZXNM5ERNYYQKTDQJNCF45PT5TQ,Essence (K=10),0.0,
AHZY4KI5EL5BO2U2SCODLQS2NDXQ,Random,0.0,0.0
AHZY4KI5EL5BO2U2SCODLQS2NDXQ,Popularity,0.0,0.0
AHZY4KI5EL5BO2U2SCODLQS2NDXQ,CF (ItemKNN),0.0,0.0
AHZY4KI5EL5BO2U2SCODLQS2NDXQ,Content (Avg Emb),0.0,0.0
AHZY4KI5EL5BO2U2SCODLQS2NDXQ,Last-Item,0.0,0.0
AHZY4KI5EL5BO2U2SCODLQS2NDXQ,Avg-Last-10,0.0,0.0
AHZY4KI5EL5BO2U2SCODLQS2NDXQ,Recency-Weighted,0.0,0.0
AHZY4KI5EL5BO2U2SCODLQS2NDXQ,Essence (K=10),0.0,0.0
AHZYELD6XSJA5QVVAKXLWLESQSCQ,Random,0.0,0.0
AHZYELD6XSJA5QVVAKXLWLESQSCQ,Popularity,0.0,0.0
AHZYELD6XSJA5QVVAKXLWLESQSCQ,CF (ItemKNN),0.0,0.0
AHZYELD6XSJA5QVVAKXLWLESQSCQ,Content (Avg Emb),0.0,0.0
AHZYELD6XSJA5QVVAKXLWLESQSCQ,Last-Item,0.0,0.0
AHZYELD6XSJA5QVVAKXLWLESQSCQ,Avg-Last-10,0.0,0.0
AHZYELD6XSJA5QVVAKXLWLESQSCQ,Recency-Weighted,0.0,0.0
AHZYELD6XSJA5QVVAKXLWLESQSCQ,Essence (K=10),0.0,0.0
