user_id,system,recall@10,long_tail_recall@10
AE24IPP565CF2NWNDCSTYYGAWY5A,Random,0.0,
AE24IPP565CF2NWNDCSTYYGAWY5A,Popularity,0.0,
AE24IPP565CF2NWNDCSTYYGAWY5A,CF (ItemKNN),0.0,
AE24IPP565CF2NWNDCSTYYGAWY5A,Content (Avg Emb),0.0,
AE24IPP565CF2NWNDCSTYYGAWY5A,Last-Item,0.0,
AE24IPP565CF2NWNDCSTYYGAWY5A,Avg-Last-10,0.0,
AE24IPP565CF2NWNDCSTYYGAWY5A,Recency-Weighted,0.0,
AE24IPP565CF2NWNDCSTYYGAWY5A,Essence (K=10),0.0,
AE2EQIWFETMRHUOAQQ75IT7OYCWA,Random,0.0,0.0
AE2EQIWFETMRHUOAQQ75IT7OYCWA,Popularity,0.0,0.0
AE2EQIWFETMRHUOAQQ75IT7OYCWA,CF (ItemKNN),0.0,0.0
AE2EQIWFETMRHUOAQQ75IT7OYCWA,Content (Avg Emb),0.043478260869565216,0.0
AE2EQIWFETMRHUOAQQ75IT7OYCWA,Last-Item,0.043478260869565216,0.0
AE2EQIWFETMRHUOAQQ75IT7OYCWA,Avg-Last-10,0.08695652173913043,0.0
AE2EQIWFETMRHUOAQQ75IT7OYCWA,Recency-Weighted,0.13043478260869565,0.0
AE2EQIWFETMRHUOAQQ75IT7OYCWA,Essence (K=10),0.13043478260869565,0.0
AE2FQMIPSPB4P4ICPAPY6CWKLVRA,Random,0.0,
AE2FQMIPSPB4P4ICPAPY6CWKLVRA,Popularity,0.0,
AE2FQMIPSPB4P4ICPAPY6CWKLVRA,CF (ItemKNN),0.0,
AE2FQMIPSPB4P4ICPAPY6CWKLVRA,Content (Avg Emb),0.0,
AE2FQMIPSPB4P4ICPAPY6CWKLVRA,Last-Item,0.0,
AE2FQMIPSPB4P4ICPAPY6CWKLVRA,Avg-Last-10,0.0,
AE2FQMIPSPB4P4ICPAPY6CWKLVRA,Recency-Weighted,0.0,
AE2FQMIPSPB4P4ICPAPY6CWKLVRA,Essence (K=10),0.0,
AE2IOEBB2ZWAJRCPU3UNMFYKFJAA,Random,0.0,
AE2IOEBB2ZWAJRCPU3UNMFYKFJAA,Popularity,0.0,
AE2IOEBB2ZWAJRCPU3UNMFYKFJAA,CF (ItemKNN),0.0,
AE2IOEBB2ZWAJRCPU3UNMFYKFJAA,Content (Avg Emb),0.0,
AE2IOEBB2ZWAJRCPU3UNMFYKFJAA,Last-Item,0.0,
AE2IOEBB2ZWAJRCPU3UNMFYKFJAA,Avg-Last-10,0.2,
AE2IOEBB2ZWAJRCPU3UNMFYKFJAA,Recency-Weighted,0.2,
AE2IOEBB2ZWAJRCPU3UNMFYKFJAA,Essence (K=10),0.2,
AE2L54LBHP2INCTEHGS7IEAFQJIA,Random,0.0,0.0
AE2L54LBHP2INCTEHGS7IEAFQJIA,Popularity,0.0,0.0
AE2L54LBHP2INCTEHGS7IEAFQJIA,CF (ItemKNN),0.0,0.0
AE2L54LBHP2INCTEHGS7IEAFQJIA,Content (Avg Emb),0.0,0.0
AE2L54LBHP2INCTEHGS7IEAFQJIA,Last-Item,0.0,0.0
AE2L54LBHP2INCTEHGS7IEAFQJIA,Avg-Last-10,0.0,0.0
AE2L54LBHP2INCTEHGS7IEAFQJIA,Recency-Weighted,0.0,0.0
AE2L54LBHP2INCTEHGS7IEAFQJIA,Essence (K=10),0.0,0.0
AE2LYVGEMVGJLY4AKRKBUGATC7RA,Random,0.0,0.0
AE2LYVGEMVGJLY4AKRKBUGATC7RA,Popularity,0.0,0.0
AE2LYVGEMVGJLY4AKRKBUGATC7RA,CF (ItemKNN),0.0,0.0
AE2LYVGEMVGJLY4AKRKBUGATC7RA,Content (Avg Emb),0.0,0.0
AE2LYVGEMVGJLY4AKRKBUGATC7RA,Last-Item,0.0,0.0
AE2LYVGEMVGJLY4AKRKBUGATC7RA,Avg-Last-10,0.0,0.0
AE2LYVGEMVGJLY4AKRKBUGATC7RA,Recency-Weighted,0.0,0.0
AE2LYVGEMVGJLY4AKRKBUGATC7RA,Essence (K=10),0.0,0.0
AE2N7SLQNNU3DMKWCSYQ3EX7YKSQ,Random,0.0,0.0
AE2N7SLQNNU3DMKWCSYQ3EX7YKSQ,Popularity,0.0,0.0
AE2N7SLQNNU3DMKWCSYQ3EX7YKSQ,CF (ItemKNN),0.0,0.0
AE2N7SLQNNU3DMKWCSYQ3EX7YKSQ,Content (Avg Emb),0.1111111111111111,0.0
AE2N7SLQNNU3DMKWCSYQ3EX7YKSQ,Last-Item,0.0,0.0
AE2N7SLQNNU3DMKWCSYQ3EX7YKSQ,Avg-Last-10,0.0,0.0
AE2N7SLQNNU3DMKWCSYQ3EX7YKSQ,Recency-Weighted,0.0,0.0
AE2N7SLQNNU3DMKWCSYQ3EX7YKSQ,Essence (K=10),0.0,0.0
AE34UEHMNFJNTDSCOKGUGGZN37LQ,Random,0.0,0.0
AE34UEHMNFJNTDSCOKGUGGZN37LQ,Popularity,0.0,0.0
AE34UEHMNFJNTDSCOKGUGGZN37LQ,CF (ItemKNN),0.0,0.0
AE34UEHMNFJNTDSCOKGUGGZN37LQ,Content (Avg Emb),0.0,0.0
AE34UEHMNFJNTDSCOKGUGGZN37LQ,Last-Item,0.0,0.0
AE34UEHMNFJNTDSCOKGUGGZN37LQ,Avg-Last-10,0.0,0.0
AE34UEHMNFJNTDSCOKGUGGZN37LQ,Recency-Weighted,0.0,0.0
AE34UEHMNFJNTDSCOKGUGGZN37LQ,Essence (K=10),0.0,0.0
AE36QRRPB4KJXCCDF2O6RO3RHGEA,Random,0.0,
AE36QRRPB4KJXCCDF2O6RO3RHGEA,Popularity,0.0,
AE36QRRPB4KJXCCDF2O6RO3RHGEA,CF (ItemKNN),0.0,
AE36QRRPB4KJXCCDF2O6RO3RHGEA,Content (Avg Emb),0.0,
AE36QRRPB4KJXCCDF2O6RO3RHGEA,Last-Item,0.0,
AE36QRRPB4KJXCCDF2O6RO3RHGEA,Avg-Last-10,0.0,
AE36QRRPB4KJXCCDF2O6RO3RHGEA,Recency-Weighted,0.0,
AE36QRRPB4KJXCCDF2O6RO3RHGEA,Essence (K=10),0.0,
AE3B52RNBKYNGB4W7OUKA2ZUKETA,Random,0.0,0.0
AE3B52RNBKYNGB4W7OUKA2ZUKETA,Popularity,0.0,0.0
AE3B52RNBKYNGB4W7OUKA2ZUKETA,CF (ItemKNN),0.0,0.0
AE3B52RNBKYNGB4W7OUKA2ZUKETA,Content (Avg Emb),0.0,0.0
AE3B52RNBKYNGB4W7OUKA2ZUKETA,Last-Item,0.0,0.0
AE3B52RNBKYNGB4W7OUKA2ZUKETA,Avg-Last-10,0.0,0.0
AE3B52RNBKYNGB4W7OUKA2ZUKETA,Recency-Weighted,0.0,0.0
AE3B52RNBKYNGB4W7OUKA2ZUKETA,Essence (K=10),0.0,0.0
AE3CLQPNFWSWGO2DB43T34O3UUVA,Random,0.0,
AE3CLQPNFWSWGO2DB43T34O3UUVA,Popularity,0.0,
AE3CLQPNFWSWGO2DB43T34O3UUVA,CF (ItemKNN),0.0,
AE3CLQPNFWSWGO2DB43T34O3UUVA,Content (Avg Emb),0.0,
AE3CLQPNFWSWGO2DB43T34O3UUVA,Last-Item,0.0,
AE3CLQPNFWSWGO2DB43T34O3UUVA,Avg-Last-10,0.0,
AE3CLQPNFWSWGO2DB43T34O3UUVA,Recency-Weighted,0.0,
AE3CLQPNFWSWGO2DB43T34O3UUVA,Essence (K=10),0.25,
AE3JIZUY5NFAZXIUPKYAIC43SICQ,Random,0.0,0.0
AE3JIZUY5NFAZXIUPKYAIC43SICQ,Popularity,0.0,0.0
AE3JIZUY5NFAZXIUPKYAIC43SICQ,CF (ItemKNN),0.0,0.0
AE3JIZUY5NFAZXIUPKYAIC43SICQ,Content (Avg Emb),0.0,0.0
AE3JIZUY5NFAZXIUPKYAIC43SICQ,Last-Item,0.0,0.0
AE3JIZUY5NFAZXIUPKYAIC43SICQ,Avg-Last-10,0.0,0.0
AE3JIZUY5NFAZXIUPKYAIC43SICQ,Recency-Weighted,0.0,0.0
AE3JIZUY5NFAZXIUPKYAIC43SICQ,Essence (K=10),0.0,0.0
AE3NFC36AT3HIDJ5WJD3MFIJY33A,Random,0.0,
AE3NFC36AT3HIDJ5WJD3MFIJY33A,Popularity,0.0,
AE3NFC36AT3HIDJ5WJD3MFIJY33A,CF (ItemKNN),0.0,
AE3NFC36AT3HIDJ5WJD3MFIJY33A,Content (Avg Emb),0.0,
AE3NFC36AT3HIDJ5WJD3MFIJY33A,Last-Item,0.0,
AE3NFC36AT3HIDJ5WJD3MFIJY33A,Avg-Last-10,0.0,
AE3NFC36AT3HIDJ5WJD3MFIJY33A,Recency-Weighted,0.0,
AE3NFC36AT3HIDJ5WJD3MFIJY33A,Essence (K=10),0.0,
AE3NMEDUNWZRXX34BS4OARMGPIZQ,Random,0.0,0.0
AE3NMEDUNWZRXX34BS4OARMGPIZQ,Popularity,0.0,0.0
AE3NMEDUNWZRXX34BS4OARMGPIZQ,CF (ItemKNN),0.0,0.0
AE3NMEDUNWZRXX34BS4OARMGPIZQ,Content (Avg Emb),0.0,0.0
AE3NMEDUNWZRXX34BS4OARMGPIZQ,Last-Item,0.0,0.0
AE3NMEDUNWZRXX34BS4OARMGPIZQ,Avg-Last-10,0.0,0.0
AE3NMEDUNWZRXX34BS4OARMGPIZQ,Recency-Weighted,0.0,0.0
AE3NMEDUNWZRXX34BS4OARMGPIZQ,Essence (K=10),0.0,0.0
AE3O33QDAJUUUIHLL3BDEE4CT5WQ,Random,0.0,
AE3O33QDAJUUUIHLL3BDEE4CT5WQ,Popularity,0.0,
AE3O33QDAJUUUIHLL3BDEE4CT5WQ,CF (ItemKNN),0.0,
AE3O33QDAJUUUIHLL3BDEE4CT5WQ,Content (Avg Emb),0.0,
AE3O33QDAJUUUIHLL3BDEE4CT5WQ,Last-Item,0.0,
AE3O33QDAJUUUIHLL3BDEE4CT5WQ,Avg-Last-10,0.0,
AE3O33QDAJUUUIHLL3BDEE4CT5WQ,Recency-Weighted,0.0,
AE3O33QDAJUUUIHLL3BDEE4CT5WQ,Essence (K=10),0.0,
AE3QBHORIX77P4VSY56UGRH7JHKA,Random,0.0,0.0
AE3QBHORIX77P4VSY56UGRH7JHKA,Popularity,0.0,0.0
AE3QBHORIX77P4VSY56UGRH7JHKA,CF (ItemKNN),0.0,0.0
AE3QBHORIX77P4VSY56UGRH7JHKA,Content (Avg Emb),0.0,0.0
AE3QBHORIX77P4VSY56UGRH7JHKA,Last-Item,0.0,0.0
AE3QBHORIX77P4VSY56UGRH7JHKA,Avg-Last-10,0.0,0.0
AE3QBHORIX77P4VSY56UGRH7JHKA,Recency-Weighted,0.0,0.0
AE3QBHORIX77P4VSY56UGRH7JHKA,Essence (K=10),0.0,0.0
AE3ZDAWJ75N5SZ4DPS54A6UNGVDQ,Random,0.0,0.0
AE3ZDAWJ75N5SZ4DPS54A6UNGVDQ,Popularity,0.0,0.0
AE3ZDAWJ75N5SZ4DPS54A6UNGVDQ,CF (ItemKNN),0.0,0.0
AE3ZDAWJ75N5SZ4DPS54A6UNGVDQ,Content (Avg Emb),0.0,0.0
AE3ZDAWJ75N5SZ4DPS54A6UNGVDQ,Last-Item,0.0,0.0
AE3ZDAWJ75N5SZ4DPS54A6UNGVDQ,Avg-Last-10,0.0,0.0
AE3ZDAWJ75N5SZ4DPS54A6UNGVDQ,Recency-Weighted,0.0,0.0
AE3ZDAWJ75N5SZ4DPS54A6UNGVDQ,Essence (K=10),0.0,0.0
AE3ZV7ITHUXP3C3BASBBIQ7W32OQ,Random,0.0,0.0
AE3ZV7ITHUXP3C3BASBBIQ7W32OQ,Popularity,0.0,0.0
AE3ZV7ITHUXP3C3BASBBIQ7W32OQ,CF (ItemKNN),0.0,0.0
AE3ZV7ITHUXP3C3BASBBIQ7W32OQ,Content (Avg Emb),0.0,0.0
AE3ZV7ITHUXP3C3BASBBIQ7W32OQ,Last-Item,0.16666666666666666,0.0
AE3ZV7ITHUXP3C3BASBBIQ7W32OQ,Avg-Last-10,0.0,0.0
AE3ZV7ITHUXP3C3BASBBIQ7W32OQ,Recency-Weighted,0.0,0.0
AE3ZV7ITHUXP3C3BASBBIQ7W32OQ,Essence (K=10),0.0,0.0
AE42ZHZLHE3K7IGBNPUQ2XGDQNIA,Random,0.0,0.0
AE42ZHZLHE3K7IGBNPUQ2XGDQNIA,Popularity,0.0,0.0
AE42ZHZLHE3K7IGBNPUQ2XGDQNIA,CF (ItemKNN),0.0,0.0
AE42ZHZLHE3K7IGBNPUQ2XGDQNIA,Content (Avg Emb),0.0,0.0
AE42ZHZLHE3K7IGBNPUQ2XGDQNIA,Last-Item,0.0,0.0
AE42ZHZLHE3K7IGBNPUQ2XGDQNIA,Avg-Last-10,0.0,0.0
AE42ZHZLHE3K7IGBNPUQ2XGDQNIA,Recency-Weighted,0.0,0.0
AE42ZHZLHE3K7IGBNPUQ2XGDQNIA,Essence (K=10),0.0,0.0
AE4INHLQ3RJDSFLZKJ7435HZNZ3A,Random,0.0,
AE4INHLQ3RJDSFLZKJ7435HZNZ3A,Popularity,0.0,
AE4INHLQ3RJDSFLZKJ7435HZNZ3A,CF (ItemKNN),0.0,
AE4INHLQ3RJDSFLZKJ7435HZNZ3A,Content (Avg Emb),0.0,
AE4INHLQ3RJDSFLZKJ7435HZNZ3A,Last-Item,0.0,
AE4INHLQ3RJDSFLZKJ7435HZNZ3A,Avg-Last-10,0.0,
AE4INHLQ3RJDSFLZKJ7435HZNZ3A,Recency-Weighted,0.0,
AE4INHLQ3RJDSFLZKJ7435HZNZ3A,Essence (K=10),0.0,
AE4OENC32WCDOINT3W6IDUVQNX4A,Random,0.0,0.0
AE4OENC32WCDOINT3W6IDUVQNX4A,Popularity,0.0,0.0
AE4OENC32WCDOINT3W6IDUVQNX4A,CF (ItemKNN),0.0,0.0
AE4OENC32WCDOINT3W6IDUVQNX4A,Content (Avg Emb),0.0,0.0
AE4OENC32WCDOINT3W6IDUVQNX4A,Last-Item,0.5,0.3333333333333333
AE4OENC32WCDOINT3W6IDUVQNX4A,Avg-Last-10,0.5,0.3333333333333333
AE4OENC32WCDOINT3W6IDUVQNX4A,Recency-Weighted,0.5,0.3333333333333333
AE4OENC32WCDOINT3W6IDUVQNX4A,Essence (K=10),0.75,0.6666666666666666
AE4QJLCBQH74DTKX3MN6JPSN22YQ,Random,0.0,0.0
AE4QJLCBQH74DTKX3MN6JPSN22YQ,Popularity,0.0,0.0
AE4QJLCBQH74DTKX3MN6JPSN22YQ,CF (ItemKNN),0.0,0.0
AE4QJLCBQH74DTKX3MN6JPSN22YQ,Content (Avg Emb),0.0,0.0
AE4QJLCBQH74DTKX3MN6JPSN22YQ,Last-Item,0.1111111111111111,0.2
AE4QJLCBQH74DTKX3MN6JPSN22YQ,Avg-Last-10,0.0,0.0
AE4QJLCBQH74DTKX3MN6JPSN22YQ,Recency-Weighted,0.0,0.0
AE4QJLCBQH74DTKX3MN6JPSN22YQ,Essence (K=10),0.0,0.0
AE4WNZBCEVA3EXBG2H33AQ2FG7PQ,Random,0.0,0.0
AE4WNZBCEVA3EXBG2H33AQ2FG7PQ,Popularity,0.0,0.0
AE4WNZBCEVA3EXBG2H33AQ2FG7PQ,CF (ItemKNN),0.0,0.0
AE4WNZBCEVA3EXBG2H33AQ2FG7PQ,Content (Avg Emb),0.0,0.0
AE4WNZBCEVA3EXBG2H33AQ2FG7PQ,Last-Item,0.0,0.0
AE4WNZBCEVA3EXBG2H33AQ2FG7PQ,Avg-Last-10,0.0,0.0
AE4WNZBCEVA3EXBG2H33AQ2FG7PQ,Recency-Weighted,0.0,0.0
AE4WNZBCEVA3EXBG2H33AQ2FG7PQ,Essence (K=10),0.0,0.0
AE4Y3YEZRRMFC44WE74BCZQN5LRA,Random,0.0,0.0
AE4Y3YEZRRMFC44WE74BCZQN5LRA,Popularity,0.0,0.0
AE4Y3YEZRRMFC44WE74BCZQN5LRA,CF (ItemKNN),0.0,0.0
AE4Y3YEZRRMFC44WE74BCZQN5LRA,Content (Avg Emb),0.0,0.0
AE4Y3YEZRRMFC44WE74BCZQN5LRA,Last-Item,0.0,0.0
AE4Y3YEZRRMFC44WE74BCZQN5LRA,Avg-Last-10,0.0,0.0
AE4Y3YEZRRMFC44WE74BCZQN5LRA,Recency-Weighted,0.0,0.0
AE4Y3YEZRRMFC44WE74BCZQN5LRA,Essence (K=10),0.0,0.0
AE4ZF44EU4MZ3EFEBIKC6IVMBSMQ,Random,0.0,
AE4ZF44EU4MZ3EFEBIKC6IVMBSMQ,Popularity,0.0,
AE4ZF44EU4MZ3EFEBIKC6IVMBSMQ,CF (ItemKNN),0.0,
AE4ZF44EU4MZ3EFEBIKC6IVMBSMQ,Content (Avg Emb),0.0,
AE4ZF44EU4MZ3EFEBIKC6IVMBSMQ,Last-Item,0.0,
AE4ZF44EU4MZ3EFEBIKC6IVMBSMQ,Avg-Last-10,0.0,
AE4ZF44EU4MZ3EFEBIKC6IVMBSMQ,Recency-Weighted,0.0,
AE4ZF44EU4MZ3EFEBIKC6IVMBSMQ,Essence (K=10),0.0,
AE55IIDFUIUGHAHTLOPEQDSW3IHA,Random,0.0,
AE55IIDFUIUGHAHTLOPEQDSW3IHA,Popularity,0.0,
AE55IIDFUIUGHAHTLOPEQDSW3IHA,CF (ItemKNN),0.0,
AE55IIDFUIUGHAHTLOPEQDSW3IHA,Content (Avg Emb),0.0,
AE55IIDFUIUGHAHTLOPEQDSW3IHA,Last-Item,0.0,
AE55IIDFUIUGHAHTLOPEQDSW3IHA,Avg-Last-10,0.0,
AE55IIDFUIUGHAHTLOPEQDSW3IHA,Recency-Weighted,0.0,
AE55IIDFUIUGHAHTLOPEQDSW3IHA,Essence (K=10),0.0,
AE56DXBMRDCY5MHCAL24LQJR7AMA,Random,0.0,0.0
AE56DXBMRDCY5MHCAL24LQJR7AMA,Popularity,0.0,0.0
AE56DXBMRDCY5MHCAL24LQJR7AMA,CF (ItemKNN),0.0,0.0
AE56DXBMRDCY5MHCAL24LQJR7AMA,Content (Avg Emb),0.0,0.0
AE56DXBMRDCY5MHCAL24LQJR7AMA,Last-Item,0.0,0.0
AE56DXBMRDCY5MHCAL24LQJR7AMA,Avg-Last-10,0.3333333333333333,0.0
AE56DXBMRDCY5MHCAL24LQJR7AMA,Recency-Weighted,0.3333333333333333,0.0
AE56DXBMRDCY5MHCAL24LQJR7AMA,Essence (K=10),0.5555555555555556,0.0
AE5BZ3XGNCMDPF2Y7V4VJ5XIE2OQ,Random,0.0,
AE5BZ3XGNCMDPF2Y7V4VJ5XIE2OQ,Popularity,0.2,
AE5BZ3XGNCMDPF2Y7V4VJ5XIE2OQ,CF (ItemKNN),0.0,
AE5BZ3XGNCMDPF2Y7V4VJ5XIE2OQ,Content (Avg Emb),0.0,
AE5BZ3XGNCMDPF2Y7V4VJ5XIE2OQ,Last-Item,0.0,
AE5BZ3XGNCMDPF2Y7V4VJ5XIE2OQ,Avg-Last-10,0.0,
AE5BZ3XGNCMDPF2Y7V4VJ5XIE2OQ,Recency-Weighted,0.0,
AE5BZ3XGNCMDPF2Y7V4VJ5XIE2OQ,Essence (K=10),0.0,
AE5EMRUM6ZAJLDVAXHHON3LR46MQ,Random,0.0,0.0
AE5EMRUM6ZAJLDVAXHHON3LR46MQ,Popularity,0.0,0.0
AE5EMRUM6ZAJLDVAXHHON3LR46MQ,CF (ItemKNN),0.0,0.0
AE5EMRUM6ZAJLDVAXHHON3LR46MQ,Content (Avg Emb),0.0,0.0
AE5EMRUM6ZAJLDVAXHHON3LR46MQ,Last-Item,0.0,0.0
AE5EMRUM6ZAJLDVAXHHON3LR46MQ,Avg-Last-10,0.0,0.0
AE5EMRUM6ZAJLDVAXHHON3LR46MQ,Recency-Weighted,0.0,0.0
AE5EMRUM6ZAJLDVAXHHON3LR46MQ,Essence (K=10),0.0,0.0
AE5IUVLTAKMTYF7KFQOJBVDTWNEA,Random,0.0,0.0
AE5IUVLTAKMTYF7KFQOJBVDTWNEA,Popularity,0.0,0.0
AE5IUVLTAKMTYF7KFQOJBVDTWNEA,CF (ItemKNN),0.0,0.0
AE5IUVLTAKMTYF7KFQOJBVDTWNEA,Content (Avg Emb),0.0,0.0
AE5IUVLTAKMTYF7KFQOJBVDTWNEA,Last-Item,0.0,0.0
AE5IUVLTAKMTYF7KFQOJBVDTWNEA,Avg-Last-10,0.0,0.0
AE5IUVLTAKMTYF7KFQOJBVDTWNEA,Recency-Weighted,0.0,0.0
AE5IUVLTAKMTYF7KFQOJBVDTWNEA,Essence (K=10),0.0,0.0
AE5O6ZHTQIPFEEGJ22RTNRAG6MVQ,Random,0.0,0.0
AE5O6ZHTQIPFEEGJ22RTNRAG6MVQ,Popularity,0.0,0.0
AE5O6ZHTQIPFEEGJ22RTNRAG6MVQ,CF (ItemKNN),0.0,0.0
AE5O6ZHTQIPFEEGJ22RTNRAG6MVQ,Content (Avg Emb),0.0,0.0
AE5O6ZHTQIPFEEGJ22RTNRAG6MVQ,Last-Item,0.0,0.0
AE5O6ZHTQIPFEEGJ22RTNRAG6MVQ,Avg-Last-10,0.0,0.0
AE5O6ZHTQIPFEEGJ22RTNRAG6MVQ,Recency-Weighted,0.0,0.0
AE5O6ZHTQIPFEEGJ22RTNRAG6MVQ,Essence (K=10),0.0,0.0
AE5TY5TARFLHSSR4NQDUBPKZMQTQ,Random,0.0,
AE5TY5TARFLHSSR4NQDUBPKZMQTQ,Popularity,0.0,
AE5TY5TARFLHSSR4NQDUBPKZMQTQ,CF (ItemKNN),0.0,
AE5TY5TARFLHSSR4NQDUBPKZMQTQ,Content (Avg Emb),0.0,
AE5TY5TARFLHSSR4NQDUBPKZMQTQ,Last-Item,0.0,
AE5TY5TARFLHSSR4NQDUBPKZMQTQ,Avg-Last-10,0.0,
AE5TY5TARFLHSSR4NQDUBPKZMQTQ,Recency-Weighted,0.0,
AE5TY5TARFLHSSR4NQDUBPKZMQTQ,Essence (K=10),0.0,
AE637SWDEZDSUOIQAR5MUU5CHOCA,Random,0.0,0.0
AE637SWDEZDSUOIQAR5MUU5CHOCA,Popularity,0.0,0.0
AE637SWDEZDSUOIQAR5MUU5CHOCA,CF (ItemKNN),0.0,0.0
AE637SWDEZDSUOIQAR5MUU5CHOCA,Content (Avg Emb),0.0,0.0
AE637SWDEZDSUOIQAR5MUU5CHOCA,Last-Item,0.0,0.0
AE637SWDEZDSUOIQAR5MUU5CHOCA,Avg-Last-10,0.0,0.0
AE637SWDEZDSUOIQAR5MUU5CHOCA,Recency-Weighted,0.0,0.0
AE637SWDEZDSUOIQAR5MUU5CHOCA,Essence (K=10),0.0,0.0
AE63UQTYF2B7FBOT7GPWW7ZCSDCQ,Random,0.0,
AE63UQTYF2B7FBOT7GPWW7ZCSDCQ,Popularity,0.0,
AE63UQTYF2B7FBOT7GPWW7ZCSDCQ,CF (ItemKNN),0.0,
AE63UQTYF2B7FBOT7GPWW7ZCSDCQ,Content (Avg Emb),0.0,
AE63UQTYF2B7FBOT7GPWW7ZCSDCQ,Last-Item,0.0,
AE63UQTYF2B7FBOT7GPWW7ZCSDCQ,Avg-Last-10,0.0,
AE63UQTYF2B7FBOT7GPWW7ZCSDCQ,Recency-Weighted,0.0,
AE63UQTYF2B7FBOT7GPWW7ZCSDCQ,Essence (K=10),0.0,
AE6BF5P4HYA3SMJFGKSEYDWTSGFQ,Random,0.0,0.0
AE6BF5P4HYA3SMJFGKSEYDWTSGFQ,Popularity,0.0,0.0
AE6BF5P4HYA3SMJFGKSEYDWTSGFQ,CF (ItemKNN),0.0,0.0
AE6BF5P4HYA3SMJFGKSEYDWTSGFQ,Content (Avg Emb),0.0,0.0
AE6BF5P4HYA3SMJFGKSEYDWTSGFQ,Last-Item,0.0,0.0
AE6BF5P4HYA3SMJFGKSEYDWTSGFQ,Avg-Last-10,0.0,0.0
AE6BF5P4HYA3SMJFGKSEYDWTSGFQ,Recency-Weighted,0.0,0.0
AE6BF5P4HYA3SMJFGKSEYDWTSGFQ,Essence (K=10),0.0,0.0
AE6DG6QAAH2XSB7HUDD76XMNBWYQ,Random,0.0,
AE6DG6QAAH2XSB7HUDD76XMNBWYQ,Popularity,0.0,
AE6DG6QAAH2XSB7HUDD76XMNBWYQ,CF (ItemKNN),0.0,
AE6DG6QAAH2XSB7HUDD76XMNBWYQ,Content (Avg Emb),0.0,
AE6DG6QAAH2XSB7HUDD76XMNBWYQ,Last-Item,0.0,
AE6DG6QAAH2XSB7HUDD76XMNBWYQ,Avg-Last-10,0.0,
AE6DG6QAAH2XSB7HUDD76XMNBWYQ,Recency-Weighted,0.0,
AE6DG6QAAH2XSB7HUDD76XMNBWYQ,Essence (K=10),0.0,
AE6E2BZSOCL273XIXORZY3NQUOWQ,Random,0.0,0.0
AE6E2BZSOCL273XIXORZY3NQUOWQ,Popularity,0.0,0.0
AE6E2BZSOCL273XIXORZY3NQUOWQ,CF (ItemKNN),0.0,0.0
AE6E2BZSOCL273XIXORZY3NQUOWQ,Content (Avg Emb),0.0,0.0
AE6E2BZSOCL273XIXORZY3NQUOWQ,Last-Item,0.4,1.0
AE6E2BZSOCL273XIXORZY3NQUOWQ,Avg-Last-10,0.2,0.0
AE6E2BZSOCL273XIXORZY3NQUOWQ,Recency-Weighted,0.4,1.0
AE6E2BZSOCL273XIXORZY3NQUOWQ,Essence (K=10),0.4,1.0
AE6FNRDQABKOSIPU6LQCHJWO6GJQ,Random,0.0,
AE6FNRDQABKOSIPU6LQCHJWO6GJQ,Popularity,0.0,
AE6FNRDQABKOSIPU6LQCHJWO6GJQ,CF (ItemKNN),0.0,
AE6FNRDQABKOSIPU6LQCHJWO6GJQ,Content (Avg Emb),0.0,
AE6FNRDQABKOSIPU6LQCHJWO6GJQ,Last-Item,0.0,
AE6FNRDQABKOSIPU6LQCHJWO6GJQ,Avg-Last-10,0.0,
AE6FNRDQABKOSIPU6LQCHJWO6GJQ,Recency-Weighted,0.0,
AE6FNRDQABKOSIPU6LQCHJWO6GJQ,Essence (K=10),0.0,
AE6I32MGP77YFNCYJGPL7H6H6P4A,Random,0.0,
AE6I32MGP77YFNCYJGPL7H6H6P4A,Popularity,0.0,
AE6I32MGP77YFNCYJGPL7H6H6P4A,CF (ItemKNN),0.0,
AE6I32MGP77YFNCYJGPL7H6H6P4A,Content (Avg Emb),0.1111111111111111,
AE6I32MGP77YFNCYJGPL7H6H6P4A,Last-Item,0.1111111111111111,
AE6I32MGP77YFNCYJGPL7H6H6P4A,Avg-Last-10,0.1111111111111111,
AE6I32MGP77YFNCYJGPL7H6H6P4A,Recency-Weighted,0.1111111111111111,
AE6I32MGP77YFNCYJGPL7H6H6P4A,Essence (K=10),0.1111111111111111,
AE6MB4X6USKHKVJFVUH5TLEQHZYQ,Random,0.0,
AE6MB4X6USKHKVJFVUH5TLEQHZYQ,Popularity,0.0,
AE6MB4X6USKHKVJFVUH5TLEQHZYQ,CF (ItemKNN),0.0,
AE6MB4X6USKHKVJFVUH5TLEQHZYQ,Content (Avg Emb),0.0,
AE6MB4X6USKHKVJFVUH5TLEQHZYQ,Last-Item,0.0,
AE6MB4X6USKHKVJFVUH5TLEQHZYQ,Avg-Last-10,0.0,
AE6MB4X6USKHKVJFVUH5TLEQHZYQ,Recency-Weighted,0.0,
AE6MB4X6USKHKVJFVUH5TLEQHZYQ,Essence (K=10),0.0,
AE6WSSXICM6NUXIT6VYPIITKGXPQ,Random,0.0,0.0
AE6WSSXICM6NUXIT6VYPIITKGXPQ,Popularity,0.0,0.0
AE6WSSXICM6NUXIT6VYPIITKGXPQ,CF (ItemKNN),0.0,0.0
AE6WSSXICM6NUXIT6VYPIITKGXPQ,Content (Avg Emb),0.0,0.0
AE6WSSXICM6NUXIT6VYPIITKGXPQ,Last-Item,0.35714285714285715,0.6666666666666666
AE6WSSXICM6NUXIT6VYPIITKGXPQ,Avg-Last-10,0.14285714285714285,0.6666666666666666
AE6WSSXICM6NUXIT6VYPIITKGXPQ,Recency-Weighted,0.21428571428571427,0.6666666666666666
AE6WSSXICM6NUXIT6VYPIITKGXPQ,Essence (K=10),0.42857142857142855,0.6666666666666666
AE73S23OSGRJGKA65PW2TZISNTPQ,Random,0.0,
AE73S23OSGRJGKA65PW2TZISNTPQ,Popularity,0.0,
AE73S23OSGRJGKA65PW2TZISNTPQ,CF (ItemKNN),0.0,
AE73S23OSGRJGKA65PW2TZISNTPQ,Content (Avg Emb),0.0,
AE73S23OSGRJGKA65PW2TZISNTPQ,Last-Item,0.0,
AE73S23OSGRJGKA65PW2TZISNTPQ,Avg-Last-10,0.0,
AE73S23OSGRJGKA65PW2TZISNTPQ,Recency-Weighted,0.0,
AE73S23OSGRJGKA65PW2TZISNTPQ,Essence (K=10),0.0,
AE76KLBIAF2DHSGCNBLOAL7ILN7A,Random,0.0,
AE76KLBIAF2DHSGCNBLOAL7ILN7A,Popularity,0.0,
AE76KLBIAF2DHSGCNBLOAL7ILN7A,CF (ItemKNN),0.0,
AE76KLBIAF2DHSGCNBLOAL7ILN7A,Content (Avg Emb),0.0,
AE76KLBIAF2DHSGCNBLOAL7ILN7A,Last-Item,0.25,
AE76KLBIAF2DHSGCNBLOAL7ILN7A,Avg-Last-10,0.25,
AE76KLBIAF2DHSGCNBLOAL7ILN7A,Recency-Weighted,0.25,
AE76KLBIAF2DHSGCNBLOAL7ILN7A,Essence (K=10),0.25,
AE77XZ3PG7XMKTKPHHEZFEEET7QQ,Random,0.0,0.0
AE77XZ3PG7XMKTKPHHEZFEEET7QQ,Popularity,0.125,0.0
AE77XZ3PG7XMKTKPHHEZFEEET7QQ,CF (ItemKNN),0.0,0.0
AE77XZ3PG7XMKTKPHHEZFEEET7QQ,Content (Avg Emb),0.0,0.0
AE77XZ3PG7XMKTKPHHEZFEEET7QQ,Last-Item,0.0,0.0
AE77XZ3PG7XMKTKPHHEZFEEET7QQ,Avg-Last-10,0.0,0.0
AE77XZ3PG7XMKTKPHHEZFEEET7QQ,Recency-Weighted,0.0,0.0
AE77XZ3PG7XMKTKPHHEZFEEET7QQ,Essence (K=10),0.0,0.0
AE7A2S24H674TMZF2ZCPNV4PKSMA,Random,0.0,0.0
AE7A2S24H674TMZF2ZCPNV4PKSMA,Popularity,0.0,0.0
AE7A2S24H674TMZF2ZCPNV4PKSMA,CF (ItemKNN),0.0,0.0
AE7A2S24H674TMZF2ZCPNV4PKSMA,Content (Avg Emb),0.0,0.0
AE7A2S24H674TMZF2ZCPNV4PKSMA,Last-Item,0.0,0.0
AE7A2S24H674TMZF2ZCPNV4PKSMA,Avg-Last-10,0.0,0.0
AE7A2S24H674TMZF2ZCPNV4PKSMA,Recency-Weighted,0.0,0.0
AE7A2S24H674TMZF2ZCPNV4PKSMA,Essence (K=10),0.0,0.0
AE7DOD72UCUJ4YCYXQMDSDFIDH2Q,Random,0.0,0.0
AE7DOD72UCUJ4YCYXQMDSDFIDH2Q,Popularity,0.0,0.0
AE7DOD72UCUJ4YCYXQMDSDFIDH2Q,CF (ItemKNN),0.0,0.0
AE7DOD72UCUJ4YCYXQMDSDFIDH2Q,Content (Avg Emb),0.0,0.0
AE7DOD72UCUJ4YCYXQMDSDFIDH2Q,Last-Item,0.0,0.0
AE7DOD72UCUJ4YCYXQMDSDFIDH2Q,Avg-Last-10,0.0,0.0
AE7DOD72UCUJ4YCYXQMDSDFIDH2Q,Recency-Weighted,0.0,0.0
AE7DOD72UCUJ4YCYXQMDSDFIDH2Q,Essence (K=10),0.0,0.0
AE7FC5YJJSQ5QAXL5J4GBFQ52AVA,Random,0.0,0.0
AE7FC5YJJSQ5QAXL5J4GBFQ52AVA,Popularity,0.0,0.0
AE7FC5YJJSQ5QAXL5J4GBFQ52AVA,CF (ItemKNN),0.0,0.0
AE7FC5YJJSQ5QAXL5J4GBFQ52AVA,Content (Avg Emb),0.0,0.0
AE7FC5YJJSQ5QAXL5J4GBFQ52AVA,Last-Item,0.0,0.0
AE7FC5YJJSQ5QAXL5J4GBFQ52AVA,Avg-Last-10,0.0,0.0
AE7FC5YJJSQ5QAXL5J4GBFQ52AVA,Recency-Weighted,0.03571428571428571,0.0
AE7FC5YJJSQ5QAXL5J4GBFQ52AVA,Essence (K=10),0.03571428571428571,0.0
AE7HKWEYQGSL6J2NS25S2XXH3SBA,Random,0.0,
AE7HKWEYQGSL6J2NS25S2XXH3SBA,Popularity,0.0,
AE7HKWEYQGSL6J2NS25S2XXH3SBA,CF (ItemKNN),0.0,
AE7HKWEYQGSL6J2NS25S2XXH3SBA,Content (Avg Emb),0.0,
AE7HKWEYQGSL6J2NS25S2XXH3SBA,Last-Item,0.0,
AE7HKWEYQGSL6J2NS25S2XXH3SBA,Avg-Last-10,0.0,
AE7HKWEYQGSL6J2NS25S2XXH3SBA,Recency-Weighted,0.0,
AE7HKWEYQGSL6J2NS25S2XXH3SBA,Essence (K=10),0.0,
AE7HUGGKDH6LGNVOMFMY6NTG4YBQ,Random,0.0,0.0
AE7HUGGKDH6LGNVOMFMY6NTG4YBQ,Popularity,0.0,0.0
AE7HUGGKDH6LGNVOMFMY6NTG4YBQ,CF (ItemKNN),0.0,0.0
AE7HUGGKDH6LGNVOMFMY6NTG4YBQ,Content (Avg Emb),0.0,0.0
AE7HUGGKDH6LGNVOMFMY6NTG4YBQ,Last-Item,0.0,0.0
AE7HUGGKDH6LGNVOMFMY6NTG4YBQ,Avg-Last-10,0.0,0.0
AE7HUGGKDH6LGNVOMFMY6NTG4YBQ,Recency-Weighted,0.0,0.0
AE7HUGGKDH6LGNVOMFMY6NTG4YBQ,Essence (K=10),0.0,0.0
AE7NJBCDLDS3GMXV3LN55U23OIZQ,Random,0.0,0.0
AE7NJBCDLDS3GMXV3LN55U23OIZQ,Popularity,0.0,0.0
AE7NJBCDLDS3GMXV3LN55U23OIZQ,CF (ItemKNN),0.0,0.0
AE7NJBCDLDS3GMXV3LN55U23OIZQ,Content (Avg Emb),0.0,0.0
AE7NJBCDLDS3GMXV3LN55U23OIZQ,Last-Item,0.0,0.0
AE7NJBCDLDS3GMXV3LN55U23OIZQ,Avg-Last-10,0.0,0.0
AE7NJBCDLDS3GMXV3LN55U23OIZQ,Recency-Weighted,0.0,0.0
AE7NJBCDLDS3GMXV3LN55U23OIZQ,Essence (K=10),0.0,0.0
AE7R3JK73JEXTUC3J36FE5X5FJAQ,Random,0.0,
AE7R3JK73JEXTUC3J36FE5X5FJAQ,Popularity,0.25,
AE7R3JK73JEXTUC3J36FE5X5FJAQ,CF (ItemKNN),0.0,
AE7R3JK73JEXTUC3J36FE5X5FJAQ,Content (Avg Emb),0.0,
AE7R3JK73JEXTUC3J36FE5X5FJAQ,Last-Item,0.0,
AE7R3JK73JEXTUC3J36FE5X5FJAQ,Avg-Last-10,0.0,
AE7R3JK73JEXTUC3J36FE5X5FJAQ,Recency-Weighted,0.0,
AE7R3JK73JEXTUC3J36FE5X5FJAQ,Essence (K=10),0.0,
AE7UWKMZA6DOZTHJVXEI3ZQV7TSQ,Random,0.0,
AE7UWKMZA6DOZTHJVXEI3ZQV7TSQ,Popularity,0.0,
AE7UWKMZA6DOZTHJVXEI3ZQV7TSQ,CF (ItemKNN),0.0,
AE7UWKMZA6DOZTHJVXEI3ZQV7TSQ,Content (Avg Emb),0.0,
AE7UWKMZA6DOZTHJVXEI3ZQV7TSQ,Last-Item,0.0,
AE7UWKMZA6DOZTHJVXEI3ZQV7TSQ,Avg-Last-10,0.0,
AE7UWKMZA6DOZTHJVXEI3ZQV7TSQ,Recency-Weighted,0.0,
AE7UWKMZA6DOZTHJVXEI3ZQV7TSQ,Essence (K=10),0.0,
AE7YNU75R4Q5EDFGD5GHFHN5U6LQ,Random,0.0,
AE7YNU75R4Q5EDFGD5GHFHN5U6LQ,Popularity,0.0,
AE7YNU75R4Q5EDFGD5GHFHN5U6LQ,CF (ItemKNN),0.0,
AE7YNU75R4Q5EDFGD5GHFHN5U6LQ,Content (Avg Emb),0.0,
AE7YNU75R4Q5EDFGD5GHFHN5U6LQ,Last-Item,0.0,
AE7YNU75R4Q5EDFGD5GHFHN5U6LQ,Avg-Last-10,0.0,
AE7YNU75R4Q5EDFGD5GHFHN5U6LQ,Recency-Weighted,0.0,
AE7YNU75R4Q5EDFGD5GHFHN5U6LQ,Essence (K=10),0.0,
AEA27IIUHGPUCMUMGFACNRNDKF3A,Random,0.0,0.0
AEA27IIUHGPUCMUMGFACNRNDKF3A,Popularity,0.0,0.0
AEA27IIUHGPUCMUMGFACNRNDKF3A,CF (ItemKNN),0.0,0.0
AEA27IIUHGPUCMUMGFACNRNDKF3A,Content (Avg Emb),0.0,0.0
AEA27IIUHGPUCMUMGFACNRNDKF3A,Last-Item,0.0,0.0
AEA27IIUHGPUCMUMGFACNRNDKF3A,Avg-Last-10,0.0,0.0
AEA27IIUHGPUCMUMGFACNRNDKF3A,Recency-Weighted,0.0,0.0
AEA27IIUHGPUCMUMGFACNRNDKF3A,Essence (K=10),0.0,0.0
AEA2RTKQFCBIFICU4LW537E3SF6A,Random,0.0,
AEA2RTKQFCBIFICU4LW537E3SF6A,Popularity,0.0,
AEA2RTKQFCBIFICU4LW537E3SF6A,CF (ItemKNN),0.0,
AEA2RTKQFCBIFICU4LW537E3SF6A,Content (Avg Emb),0.0,
AEA2RTKQFCBIFICU4LW537E3SF6A,Last-Item,0.0,
AEA2RTKQFCBIFICU4LW537E3SF6A,Avg-Last-10,0.0,
AEA2RTKQFCBIFICU4LW537E3SF6A,Recency-Weighted,0.0,
AEA2RTKQFCBIFICU4LW537E3SF6A,Essence (K=10),0.0,
AEA37BHOBFANFBUOKXHGKHRE4C2A,Random,0.0,0.0
AEA37BHOBFANFBUOKXHGKHRE4C2A,Popularity,0.0,0.0
AEA37BHOBFANFBUOKXHGKHRE4C2A,CF (ItemKNN),0.0,0.0
AEA37BHOBFANFBUOKXHGKHRE4C2A,Content (Avg Emb),0.0,0.0
AEA37BHOBFANFBUOKXHGKHRE4C2A,Last-Item,0.0,0.0
AEA37BHOBFANFBUOKXHGKHRE4C2A,Avg-Last-10,0.0,0.0
AEA37BHOBFANFBUOKXHGKHRE4C2A,Recency-Weighted,0.0,0.0
AEA37BHOBFANFBUOKXHGKHRE4C2A,Essence (K=10),0.0,0.0
AEAB7UDZQBD4BNE3MS7MVXD3LYZA,Random,0.0,0.0
AEAB7UDZQBD4BNE3MS7MVXD3LYZA,Popularity,0.0,0.0
AEAB7UDZQBD4BNE3MS7MVXD3LYZA,CF (ItemKNN),0.0,0.0
AEAB7UDZQBD4BNE3MS7MVXD3LYZA,Content (Avg Emb),0.25,0.0
AEAB7UDZQBD4BNE3MS7MVXD3LYZA,Last-Item,0.25,0.0
AEAB7UDZQBD4BNE3MS7MVXD3LYZA,Avg-Last-10,0.0,0.0
AEAB7UDZQBD4BNE3MS7MVXD3LYZA,Recency-Weighted,0.0,0.0
AEAB7UDZQBD4BNE3MS7MVXD3LYZA,Essence (K=10),0.5,1.0
AEAEEWYVZ2PYHOG3JLVGJ2BIYQYQ,Random,0.0,
AEAEEWYVZ2PYHOG3JLVGJ2BIYQYQ,Popularity,0.0,
AEAEEWYVZ2PYHOG3JLVGJ2BIYQYQ,CF (ItemKNN),0.0,
AEAEEWYVZ2PYHOG3JLVGJ2BIYQYQ,Content (Avg Emb),0.25,
AEAEEWYVZ2PYHOG3JLVGJ2BIYQYQ,Last-Item,0.0,
AEAEEWYVZ2PYHOG3JLVGJ2BIYQYQ,Avg-Last-10,0.0,
AEAEEWYVZ2PYHOG3JLVGJ2BIYQYQ,Recency-Weighted,0.0,
AEAEEWYVZ2PYHOG3JLVGJ2BIYQYQ,Essence (K=10),0.0,
AEAGCIMGDOZO4UE4KHV2Y4KGGIKA,Random,0.0,0.0
AEAGCIMGDOZO4UE4KHV2Y4KGGIKA,Popularity,0.0,0.0
AEAGCIMGDOZO4UE4KHV2Y4KGGIKA,CF (ItemKNN),0.0,0.0
AEAGCIMGDOZO4UE4KHV2Y4KGGIKA,Content (Avg Emb),0.0,0.0
AEAGCIMGDOZO4UE4KHV2Y4KGGIKA,Last-Item,0.0,0.0
AEAGCIMGDOZO4UE4KHV2Y4KGGIKA,Avg-Last-10,0.0,0.0
AEAGCIMGDOZO4UE4KHV2Y4KGGIKA,Recency-Weighted,0.0,0.0
AEAGCIMGDOZO4UE4KHV2Y4KGGIKA,Essence (K=10),0.0,0.0
AEAJ4XROS3EJ7JB4ZMKP35YIWU3A,Random,0.0,0.0
AEAJ4XROS3EJ7JB4ZMKP35YIWU3A,Popularity,0.0,0.0
AEAJ4XROS3EJ7JB4ZMKP35YIWU3A,CF (ItemKNN),0.16666666666666666,0.0
AEAJ4XROS3EJ7JB4ZMKP35YIWU3A,Content (Avg Emb),0.0,0.0
AEAJ4XROS3EJ7JB4ZMKP35YIWU3A,Last-Item,0.0,0.0
AEAJ4XROS3EJ7JB4ZMKP35YIWU3A,Avg-Last-10,0.0,0.0
AEAJ4XROS3EJ7JB4ZMKP35YIWU3A,Recency-Weighted,0.0,0.0
AEAJ4XROS3EJ7JB4ZMKP35YIWU3A,Essence (K=10),0.0,0.0
AEAKSVYQPLKKNTW4RNE6E6UHD2CA,Random,0.0,
AEAKSVYQPLKKNTW4RNE6E6UHD2CA,Popularity,0.0,
AEAKSVYQPLKKNTW4RNE6E6UHD2CA,CF (ItemKNN),0.0,
AEAKSVYQPLKKNTW4RNE6E6UHD2CA,Content (Avg Emb),0.14285714285714285,
AEAKSVYQPLKKNTW4RNE6E6UHD2CA,Last-Item,0.0,
AEAKSVYQPLKKNTW4RNE6E6UHD2CA,Avg-Last-10,0.14285714285714285,
AEAKSVYQPLKKNTW4RNE6E6UHD2CA,Recency-Weighted,0.14285714285714285,
AEAKSVYQPLKKNTW4RNE6E6UHD2CA,Essence (K=10),0.14285714285714285,
AEAN4MNOJVFSMD2ZFMKYQ4X4N2HA,Random,0.0,
AEAN4MNOJVFSMD2ZFMKYQ4X4N2HA,Popularity,0.0,
AEAN4MNOJVFSMD2ZFMKYQ4X4N2HA,CF (ItemKNN),0.0,
AEAN4MNOJVFSMD2ZFMKYQ4X4N2HA,Content (Avg Emb),0.07692307692307693,
AEAN4MNOJVFSMD2ZFMKYQ4X4N2HA,Last-Item,0.15384615384615385,
AEAN4MNOJVFSMD2ZFMKYQ4X4N2HA,Avg-Last-10,0.15384615384615385,
AEAN4MNOJVFSMD2ZFMKYQ4X4N2HA,Recency-Weighted,0.15384615384615385,
AEAN4MNOJVFSMD2ZFMKYQ4X4N2HA,Essence (K=10),0.23076923076923078,
AEAPBPDVH2ITSUQTUV3AZN5V3RXA,Random,0.0,0.0
AEAPBPDVH2ITSUQTUV3AZN5V3RXA,Popularity,0.0,0.0
AEAPBPDVH2ITSUQTUV3AZN5V3RXA,CF (ItemKNN),0.0,0.0
AEAPBPDVH2ITSUQTUV3AZN5V3RXA,Content (Avg Emb),0.0,0.0
AEAPBPDVH2ITSUQTUV3AZN5V3RXA,Last-Item,0.0,0.0
AEAPBPDVH2ITSUQTUV3AZN5V3RXA,Avg-Last-10,0.0,0.0
AEAPBPDVH2ITSUQTUV3AZN5V3RXA,Recency-Weighted,0.0,0.0
AEAPBPDVH2ITSUQTUV3AZN5V3RXA,Essence (K=10),0.0,0.0
AEAR2TC7VZCNLUVXVJGLO6UFOO4A,Random,0.0,
AEAR2TC7VZCNLUVXVJGLO6UFOO4A,Popularity,0.0,
AEAR2TC7VZCNLUVXVJGLO6UFOO4A,CF (ItemKNN),0.0,
AEAR2TC7VZCNLUVXVJGLO6UFOO4A,Content (Avg Emb),0.0,
AEAR2TC7VZCNLUVXVJGLO6UFOO4A,Last-Item,0.0,
AEAR2TC7VZCNLUVXVJGLO6UFOO4A,Avg-Last-10,0.0,
AEAR2TC7VZCNLUVXVJGLO6UFOO4A,Recency-Weighted,0.0,
AEAR2TC7VZCNLUVXVJGLO6UFOO4A,Essence (K=10),0.0,
AEAXIHND3PQZVYWBSKHEZVELNC6Q,Random,0.0,0.0
AEAXIHND3PQZVYWBSKHEZVELNC6Q,Popularity,0.0,0.0
AEAXIHND3PQZVYWBSKHEZVELNC6Q,CF (ItemKNN),0.0,0.0
AEAXIHND3PQZVYWBSKHEZVELNC6Q,Content (Avg Emb),0.0,0.0
AEAXIHND3PQZVYWBSKHEZVELNC6Q,Last-Item,0.0,0.0
AEAXIHND3PQZVYWBSKHEZVELNC6Q,Avg-Last-10,0.0,0.0
AEAXIHND3PQZVYWBSKHEZVELNC6Q,Recency-Weighted,0.0,0.0
AEAXIHND3PQZVYWBSKHEZVELNC6Q,Essence (K=10),0.0,0.0
AEBAQTUQLJAJPIY4XSKAHQ6ZQRZQ,Random,0.0,
AEBAQTUQLJAJPIY4XSKAHQ6ZQRZQ,Popularity,0.0,
AEBAQTUQLJAJPIY4XSKAHQ6ZQRZQ,CF (ItemKNN),0.0,
AEBAQTUQLJAJPIY4XSKAHQ6ZQRZQ,Content (Avg Emb),0.0,
AEBAQTUQLJAJPIY4XSKAHQ6ZQRZQ,Last-Item,0.0,
AEBAQTUQLJAJPIY4XSKAHQ6ZQRZQ,Avg-Last-10,0.0,
AEBAQTUQLJAJPIY4XSKAHQ6ZQRZQ,Recency-Weighted,0.0,
AEBAQTUQLJAJPIY4XSKAHQ6ZQRZQ,Essence (K=10),0.0,
AEBHKFOA5GOEFOBILCDGSINIJH6Q,Random,0.0,0.0
AEBHKFOA5GOEFOBILCDGSINIJH6Q,Popularity,0.0,0.0
AEBHKFOA5GOEFOBILCDGSINIJH6Q,CF (ItemKNN),0.0,0.0
AEBHKFOA5GOEFOBILCDGSINIJH6Q,Content (Avg Emb),0.0,0.0
AEBHKFOA5GOEFOBILCDGSINIJH6Q,Last-Item,0.0,0.0
AEBHKFOA5GOEFOBILCDGSINIJH6Q,Avg-Last-10,0.0,0.0
AEBHKFOA5GOEFOBILCDGSINIJH6Q,Recency-Weighted,0.0,0.0
AEBHKFOA5GOEFOBILCDGSINIJH6Q,Essence (K=10),0.0,0.0
AEBILCVEHOQQIUYFGCZHXNYSJPQQ,Random,0.0,0.0
AEBILCVEHOQQIUYFGCZHXNYSJPQQ,Popularity,0.0,0.0
AEBILCVEHOQQIUYFGCZHXNYSJPQQ,CF (ItemKNN),0.0,0.0
AEBILCVEHOQQIUYFGCZHXNYSJPQQ,Content (Avg Emb),0.0,0.0
AEBILCVEHOQQIUYFGCZHXNYSJPQQ,Last-Item,0.0,0.0
AEBILCVEHOQQIUYFGCZHXNYSJPQQ,Avg-Last-10,0.0,0.0
AEBILCVEHOQQIUYFGCZHXNYSJPQQ,Recency-Weighted,0.0,0.0
AEBILCVEHOQQIUYFGCZHXNYSJPQQ,Essence (K=10),0.0,0.0
AEBMHNX4DJIPJWDDLX2OGECFVSXA,Random,0.0,0.0
AEBMHNX4DJIPJWDDLX2OGECFVSXA,Popularity,0.0,0.0
AEBMHNX4DJIPJWDDLX2OGECFVSXA,CF (ItemKNN),0.0,0.0
AEBMHNX4DJIPJWDDLX2OGECFVSXA,Content (Avg Emb),0.0,0.0
AEBMHNX4DJIPJWDDLX2OGECFVSXA,Last-Item,0.0,0.0
AEBMHNX4DJIPJWDDLX2OGECFVSXA,Avg-Last-10,0.0,0.0
AEBMHNX4DJIPJWDDLX2OGECFVSXA,Recency-Weighted,0.0,0.0
AEBMHNX4DJIPJWDDLX2OGECFVSXA,Essence (K=10),0.0,0.0
AEBN3ZEJBUAQOQSYUFDCNQPSYXIA,Random,0.0,0.0
AEBN3ZEJBUAQOQSYUFDCNQPSYXIA,Popularity,0.0,0.0
AEBN3ZEJBUAQOQSYUFDCNQPSYXIA,CF (ItemKNN),0.0,0.0
AEBN3ZEJBUAQOQSYUFDCNQPSYXIA,Content (Avg Emb),0.0,0.0
AEBN3ZEJBUAQOQSYUFDCNQPSYXIA,Last-Item,0.0,0.0
AEBN3ZEJBUAQOQSYUFDCNQPSYXIA,Avg-Last-10,0.0,0.0
AEBN3ZEJBUAQOQSYUFDCNQPSYXIA,Recency-Weighted,0.0,0.0
AEBN3ZEJBUAQOQSYUFDCNQPSYXIA,Essence (K=10),0.0,0.0
AEBPL62TPS6L4GC6AJWKOID6FP5Q,Random,0.0,0.0
AEBPL62TPS6L4GC6AJWKOID6FP5Q,Popularity,0.0,0.0
AEBPL62TPS6L4GC6AJWKOID6FP5Q,CF (ItemKNN),0.0,0.0
AEBPL62TPS6L4GC6AJWKOID6FP5Q,Content (Avg Emb),0.0,0.0
AEBPL62TPS6L4GC6AJWKOID6FP5Q,Last-Item,0.0,0.0
AEBPL62TPS6L4GC6AJWKOID6FP5Q,Avg-Last-10,0.0,0.0
AEBPL62TPS6L4GC6AJWKOID6FP5Q,Recency-Weighted,0.0,0.0
AEBPL62TPS6L4GC6AJWKOID6FP5Q,Essence (K=10),0.0,0.0
AEBQYIJ2ZKM3Q7CCYDWWTQSZAFOA,Random,0.0,0.0
AEBQYIJ2ZKM3Q7CCYDWWTQSZAFOA,Popularity,0.0,0.0
AEBQYIJ2ZKM3Q7CCYDWWTQSZAFOA,CF (ItemKNN),0.0,0.0
AEBQYIJ2ZKM3Q7CCYDWWTQSZAFOA,Content (Avg Emb),0.0,0.0
AEBQYIJ2ZKM3Q7CCYDWWTQSZAFOA,Last-Item,0.0,0.0
AEBQYIJ2ZKM3Q7CCYDWWTQSZAFOA,Avg-Last-10,0.0,0.0
AEBQYIJ2ZKM3Q7CCYDWWTQSZAFOA,Recency-Weighted,0.0,0.0
AEBQYIJ2ZKM3Q7CCYDWWTQSZAFOA,Essence (K=10),0.0,0.0
AEBV2DAMJ36JSEFIY4OM5QXQMX2A,Random,0.0,0.0
AEBV2DAMJ36JSEFIY4OM5QXQMX2A,Popularity,0.0,0.0
AEBV2DAMJ36JSEFIY4OM5QXQMX2A,CF (ItemKNN),0.0,0.0
AEBV2DAMJ36JSEFIY4OM5QXQMX2A,Content (Avg Emb),0.0,0.0
AEBV2DAMJ36JSEFIY4OM5QXQMX2A,Last-Item,0.0,0.0
AEBV2DAMJ36JSEFIY4OM5QXQMX2A,Avg-Last-10,0.0,0.0
AEBV2DAMJ36JSEFIY4OM5QXQMX2A,Recency-Weighted,0.0,0.0
AEBV2DAMJ36JSEFIY4OM5QXQMX2A,Essence (K=10),0.0,0.0
AEBYQHEW6TRETTBLICHHQIUJUCPQ,Random,0.0,0.0
AEBYQHEW6TRETTBLICHHQIUJUCPQ,Popularity,0.0,0.0
AEBYQHEW6TRETTBLICHHQIUJUCPQ,CF (ItemKNN),0.0,0.0
AEBYQHEW6TRETTBLICHHQIUJUCPQ,Content (Avg Emb),0.0,0.0
AEBYQHEW6TRETTBLICHHQIUJUCPQ,Last-Item,0.0,0.0
AEBYQHEW6TRETTBLICHHQIUJUCPQ,Avg-Last-10,0.0,0.0
AEBYQHEW6TRETTBLICHHQIUJUCPQ,Recency-Weighted,0.0,0.0
AEBYQHEW6TRETTBLICHHQIUJUCPQ,Essence (K=10),0.0,0.0
AEBZ3XWQCG23UY7HLZDXXYE7JCAQ,Random,0.0,0.0
AEBZ3XWQCG23UY7HLZDXXYE7JCAQ,Popularity,0.0,0.0
AEBZ3XWQCG23UY7HLZDXXYE7JCAQ,CF (ItemKNN),0.0,0.0
AEBZ3XWQCG23UY7HLZDXXYE7JCAQ,Content (Avg Emb),0.0,0.0
AEBZ3XWQCG23UY7HLZDXXYE7JCAQ,Last-Item,0.2,0.0
AEBZ3XWQCG23UY7HLZDXXYE7JCAQ,Avg-Last-10,0.0,0.0
AEBZ3XWQCG23UY7HLZDXXYE7JCAQ,Recency-Weighted,0.0,0.0
AEBZ3XWQCG23UY7HLZDXXYE7JCAQ,Essence (K=10),0.0,0.0
AEC3JL3L5COQT3736SYI7LMMQS4Q,Random,0.0,
AEC3JL3L5COQT3736SYI7LMMQS4Q,Popularity,0.0,
AEC3JL3L5COQT3736SYI7LMMQS4Q,CF (ItemKNN),0.0,
AEC3JL3L5COQT3736SYI7LMMQS4Q,Content (Avg Emb),0.0,
AEC3JL3L5COQT3736SYI7LMMQS4Q,Last-Item,0.25,
AEC3JL3L5COQT3736SYI7LMMQS4Q,Avg-Last-10,0.0,
AEC3JL3L5COQT3736SYI7LMMQS4Q,Recency-Weighted,0.0,
AEC3JL3L5COQT3736SYI7LMMQS4Q,Essence (K=10),0.0,
AECCVFESJPHVAS4RVRKEA4EEXXXQ,Random,0.0,0.0
AECCVFESJPHVAS4RVRKEA4EEXXXQ,Popularity,0.0,0.0
AECCVFESJPHVAS4RVRKEA4EEXXXQ,CF (ItemKNN),0.0,0.0
AECCVFESJPHVAS4RVRKEA4EEXXXQ,Content (Avg Emb),0.0,0.0
AECCVFESJPHVAS4RVRKEA4EEXXXQ,Last-Item,0.0,0.0
AECCVFESJPHVAS4RVRKEA4EEXXXQ,Avg-Last-10,0.0,0.0
AECCVFESJPHVAS4RVRKEA4EEXXXQ,Recency-Weighted,0.125,0.0
AECCVFESJPHVAS4RVRKEA4EEXXXQ,Essence (K=10),0.0,0.0
AECDNCG2FWKR75NVGAJBHGHSTWLA,Random,0.0,
AECDNCG2FWKR75NVGAJBHGHSTWLA,Popularity,0.0,
AECDNCG2FWKR75NVGAJBHGHSTWLA,CF (ItemKNN),0.0,
AECDNCG2FWKR75NVGAJBHGHSTWLA,Content (Avg Emb),0.0,
AECDNCG2FWKR75NVGAJBHGHSTWLA,Last-Item,0.0,
AECDNCG2FWKR75NVGAJBHGHSTWLA,Avg-Last-10,0.0,
AECDNCG2FWKR75NVGAJBHGHSTWLA,Recency-Weighted,0.0,
AECDNCG2FWKR75NVGAJBHGHSTWLA,Essence (K=10),0.3333333333333333,
AECFSTETVURAXDHXR4T3745IQNPA,Random,0.0,
AECFSTETVURAXDHXR4T3745IQNPA,Popularity,0.0,
AECFSTETVURAXDHXR4T3745IQNPA,CF (ItemKNN),0.0,
AECFSTETVURAXDHXR4T3745IQNPA,Content (Avg Emb),0.0,
AECFSTETVURAXDHXR4T3745IQNPA,Last-Item,0.0,
AECFSTETVURAXDHXR4T3745IQNPA,Avg-Last-10,0.0,
AECFSTETVURAXDHXR4T3745IQNPA,Recency-Weighted,0.0,
AECFSTETVURAXDHXR4T3745IQNPA,Essence (K=10),0.1,
AECKRIBEGVXZJZY43V3HG7ZQNQUQ,Random,0.0,0.0
AECKRIBEGVXZJZY43V3HG7ZQNQUQ,Popularity,0.0,0.0
AECKRIBEGVXZJZY43V3HG7ZQNQUQ,CF (ItemKNN),0.0,0.0
AECKRIBEGVXZJZY43V3HG7ZQNQUQ,Content (Avg Emb),0.0,0.0
AECKRIBEGVXZJZY43V3HG7ZQNQUQ,Last-Item,0.3333333333333333,0.6666666666666666
AECKRIBEGVXZJZY43V3HG7ZQNQUQ,Avg-Last-10,0.0,0.0
AECKRIBEGVXZJZY43V3HG7ZQNQUQ,Recency-Weighted,0.0,0.0
AECKRIBEGVXZJZY43V3HG7ZQNQUQ,Essence (K=10),0.16666666666666666,0.3333333333333333
AECL7JB5WQ5HTVCYDYW3XE2JBPHQ,Random,0.0,
AECL7JB5WQ5HTVCYDYW3XE2JBPHQ,Popularity,0.0,
AECL7JB5WQ5HTVCYDYW3XE2JBPHQ,CF (ItemKNN),0.0,
AECL7JB5WQ5HTVCYDYW3XE2JBPHQ,Content (Avg Emb),0.0,
AECL7JB5WQ5HTVCYDYW3XE2JBPHQ,Last-Item,0.0,
AECL7JB5WQ5HTVCYDYW3XE2JBPHQ,Avg-Last-10,0.0,
AECL7JB5WQ5HTVCYDYW3XE2JBPHQ,Recency-Weighted,0.0,
AECL7JB5WQ5HTVCYDYW3XE2JBPHQ,Essence (K=10),0.0,
AECM64WE6UTVEZ6JPBFJ3HZRS2CQ,Random,0.0,
AECM64WE6UTVEZ6JPBFJ3HZRS2CQ,Popularity,0.0,
AECM64WE6UTVEZ6JPBFJ3HZRS2CQ,CF (ItemKNN),0.0,
AECM64WE6UTVEZ6JPBFJ3HZRS2CQ,Content (Avg Emb),0.0,
AECM64WE6UTVEZ6JPBFJ3HZRS2CQ,Last-Item,0.0,
AECM64WE6UTVEZ6JPBFJ3HZRS2CQ,Avg-Last-10,0.0,
AECM64WE6UTVEZ6JPBFJ3HZRS2CQ,Recency-Weighted,0.0,
AECM64WE6UTVEZ6JPBFJ3HZRS2CQ,Essence (K=10),0.0,
AECPVEJ4XSSVLYRJMZRULTHZHTGQ,Random,0.0,
AECPVEJ4XSSVLYRJMZRULTHZHTGQ,Popularity,0.0,
AECPVEJ4XSSVLYRJMZRULTHZHTGQ,CF (ItemKNN),0.0,
AECPVEJ4XSSVLYRJMZRULTHZHTGQ,Content (Avg Emb),0.4,
AECPVEJ4XSSVLYRJMZRULTHZHTGQ,Last-Item,0.4,
AECPVEJ4XSSVLYRJMZRULTHZHTGQ,Avg-Last-10,0.4,
AECPVEJ4XSSVLYRJMZRULTHZHTGQ,Recency-Weighted,0.6,
AECPVEJ4XSSVLYRJMZRULTHZHTGQ,Essence (K=10),0.2,
AECQIXEHDH7NBXK6A2FRF2QZHDPQ,Random,0.0,0.0
AECQIXEHDH7NBXK6A2FRF2QZHDPQ,Popularity,0.0,0.0
AECQIXEHDH7NBXK6A2FRF2QZHDPQ,CF (ItemKNN),0.0,0.0
AECQIXEHDH7NBXK6A2FRF2QZHDPQ,Content (Avg Emb),0.0,0.0
AECQIXEHDH7NBXK6A2FRF2QZHDPQ,Last-Item,0.0,0.0
AECQIXEHDH7NBXK6A2FRF2QZHDPQ,Avg-Last-10,0.0,0.0
AECQIXEHDH7NBXK6A2FRF2QZHDPQ,Recency-Weighted,0.0,0.0
AECQIXEHDH7NBXK6A2FRF2QZHDPQ,Essence (K=10),0.0,0.0
AECT4QHKYMP3TTJ35M73OO5ZYRCA,Random,0.0,
AECT4QHKYMP3TTJ35M73OO5ZYRCA,Popularity,0.0,
AECT4QHKYMP3TTJ35M73OO5ZYRCA,CF (ItemKNN),0.0,
AECT4QHKYMP3TTJ35M73OO5ZYRCA,Content (Avg Emb),0.0,
AECT4QHKYMP3TTJ35M73OO5ZYRCA,Last-Item,0.0,
AECT4QHKYMP3TTJ35M73OO5ZYRCA,Avg-Last-10,0.0,
AECT4QHKYMP3TTJ35M73OO5ZYRCA,Recency-Weighted,0.0,
AECT4QHKYMP3TTJ35M73OO5ZYRCA,Essence (K=10),0.0,
AECTF3HARL3U5KUKZYKIQ7Q7ZMSA,Random,0.0,
AECTF3HARL3U5KUKZYKIQ7Q7ZMSA,Popularity,0.0,
AECTF3HARL3U5KUKZYKIQ7Q7ZMSA,CF (ItemKNN),0.0,
AECTF3HARL3U5KUKZYKIQ7Q7ZMSA,Content (Avg Emb),0.0,
AECTF3HARL3U5KUKZYKIQ7Q7ZMSA,Last-Item,0.0,
AECTF3HARL3U5KUKZYKIQ7Q7ZMSA,Avg-Last-10,0.0,
AECTF3HARL3U5KUKZYKIQ7Q7ZMSA,Recency-Weighted,0.0,
AECTF3HARL3U5KUKZYKIQ7Q7ZMSA,Essence (K=10),0.0,
AECZYIRDYWLSY4LRB6WFWDW3NF5A,Random,0.0,0.0
AECZYIRDYWLSY4LRB6WFWDW3NF5A,Popularity,0.0,0.0
AECZYIRDYWLSY4LRB6WFWDW3NF5A,CF (ItemKNN),0.0,0.0
AECZYIRDYWLSY4LRB6WFWDW3NF5A,Content (Avg Emb),0.125,0.0
AECZYIRDYWLSY4LRB6WFWDW3NF5A,Last-Item,0.0,0.0
AECZYIRDYWLSY4LRB6WFWDW3NF5A,Avg-Last-10,0.125,0.0
AECZYIRDYWLSY4LRB6WFWDW3NF5A,Recency-Weighted,0.125,0.0
AECZYIRDYWLSY4LRB6WFWDW3NF5A,Essence (K=10),0.0,0.0
AED2GOLVKYNCMEMV6DGHZKMYTUKQ,Random,0.0,
AED2GOLVKYNCMEMV6DGHZKMYTUKQ,Popularity,0.0,
AED2GOLVKYNCMEMV6DGHZKMYTUKQ,CF (ItemKNN),0.0,
AED2GOLVKYNCMEMV6DGHZKMYTUKQ,Content (Avg Emb),0.0,
AED2GOLVKYNCMEMV6DGHZKMYTUKQ,Last-Item,0.0,
AED2GOLVKYNCMEMV6DGHZKMYTUKQ,Avg-Last-10,0.0,
AED2GOLVKYNCMEMV6DGHZKMYTUKQ,Recency-Weighted,0.0,
AED2GOLVKYNCMEMV6DGHZKMYTUKQ,Essence (K=10),0.0,
AED3PQGKE2MP7OA6YA7ITROMHQEQ,Random,0.0,0.0
AED3PQGKE2MP7OA6YA7ITROMHQEQ,Popularity,0.0,0.0
AED3PQGKE2MP7OA6YA7ITROMHQEQ,CF (ItemKNN),0.0,0.0
AED3PQGKE2MP7OA6YA7ITROMHQEQ,Content (Avg Emb),0.0,0.0
AED3PQGKE2MP7OA6YA7ITROMHQEQ,Last-Item,0.0,0.0
AED3PQGKE2MP7OA6YA7ITROMHQEQ,Avg-Last-10,0.0,0.0
AED3PQGKE2MP7OA6YA7ITROMHQEQ,Recency-Weighted,0.0,0.0
AED3PQGKE2MP7OA6YA7ITROMHQEQ,Essence (K=10),0.0,0.0
AED3TIUTVGBYQIVHFQ7BL5XXMEEQ,Random,0.0,
AED3TIUTVGBYQIVHFQ7BL5XXMEEQ,Popularity,0.0,
AED3TIUTVGBYQIVHFQ7BL5XXMEEQ,CF (ItemKNN),0.0,
AED3TIUTVGBYQIVHFQ7BL5XXMEEQ,Content (Avg Emb),0.0,
AED3TIUTVGBYQIVHFQ7BL5XXMEEQ,Last-Item,0.0,
AED3TIUTVGBYQIVHFQ7BL5XXMEEQ,Avg-Last-10,0.0,
AED3TIUTVGBYQIVHFQ7BL5XXMEEQ,Recency-Weighted,0.0,
AED3TIUTVGBYQIVHFQ7BL5XXMEEQ,Essence (K=10),0.0,
AED4NEC25KAVQYWMAVUPF5ZJGTAQ,Random,0.0,
AED4NEC25KAVQYWMAVUPF5ZJGTAQ,Popularity,0.0,
AED4NEC25KAVQYWMAVUPF5ZJGTAQ,CF (ItemKNN),0.0,
AED4NEC25KAVQYWMAVUPF5ZJGTAQ,Content (Avg Emb),0.0,
AED4NEC25KAVQYWMAVUPF5ZJGTAQ,Last-Item,0.0,
AED4NEC25KAVQYWMAVUPF5ZJGTAQ,Avg-Last-10,0.0,
AED4NEC25KAVQYWMAVUPF5ZJGTAQ,Recency-Weighted,0.0,
AED4NEC25KAVQYWMAVUPF5ZJGTAQ,Essence (K=10),0.0,
AED67S5C67COQ6E3IWLCN5NO7VLA,Random,0.0,
AED67S5C67COQ6E3IWLCN5NO7VLA,Popularity,0.0,
AED67S5C67COQ6E3IWLCN5NO7VLA,CF (ItemKNN),0.0,
AED67S5C67COQ6E3IWLCN5NO7VLA,Content (Avg Emb),0.0,
AED67S5C67COQ6E3IWLCN5NO7VLA,Last-Item,0.0,
AED67S5C67COQ6E3IWLCN5NO7VLA,Avg-Last-10,0.0,
AED67S5C67COQ6E3IWLCN5NO7VLA,Recency-Weighted,0.0,
AED67S5C67COQ6E3IWLCN5NO7VLA,Essence (K=10),0.0,
AEDAFCOGJU5QB55TRPIB3PKP2YPQ,Random,0.0,0.0
AEDAFCOGJU5QB55TRPIB3PKP2YPQ,Popularity,0.0,0.0
AEDAFCOGJU5QB55TRPIB3PKP2YPQ,CF (ItemKNN),0.0,0.0
AEDAFCOGJU5QB55TRPIB3PKP2YPQ,Content (Avg Emb),0.0,0.0
AEDAFCOGJU5QB55TRPIB3PKP2YPQ,Last-Item,0.0,0.0
AEDAFCOGJU5QB55TRPIB3PKP2YPQ,Avg-Last-10,0.0,0.0
AEDAFCOGJU5QB55TRPIB3PKP2YPQ,Recency-Weighted,0.0,0.0
AEDAFCOGJU5QB55TRPIB3PKP2YPQ,Essence (K=10),0.0,0.0
AEDGWSW5ZO7QCGU5UD47IQ5BJ6MQ,Random,0.0,
AEDGWSW5ZO7QCGU5UD47IQ5BJ6MQ,Popularity,0.0,
AEDGWSW5ZO7QCGU5UD47IQ5BJ6MQ,CF (ItemKNN),0.0,
AEDGWSW5ZO7QCGU5UD47IQ5BJ6MQ,Content (Avg Emb),0.0,
AEDGWSW5ZO7QCGU5UD47IQ5BJ6MQ,Last-Item,0.0,
AEDGWSW5ZO7QCGU5UD47IQ5BJ6MQ,Avg-Last-10,0.0,
AEDGWSW5ZO7QCGU5UD47IQ5BJ6MQ,Recency-Weighted,0.0,
AEDGWSW5ZO7QCGU5UD47IQ5BJ6MQ,Essence (K=10),0.0,
AEDHKOIH6WAOPG7NPJHXCIGHKSBQ,Random,0.0,
AEDHKOIH6WAOPG7NPJHXCIGHKSBQ,Popularity,0.0,
AEDHKOIH6WAOPG7NPJHXCIGHKSBQ,CF (ItemKNN),0.0,
AEDHKOIH6WAOPG7NPJHXCIGHKSBQ,Content (Avg Emb),0.0,
AEDHKOIH6WAOPG7NPJHXCIGHKSBQ,Last-Item,0.0,
AEDHKOIH6WAOPG7NPJHXCIGHKSBQ,Avg-Last-10,0.0,
AEDHKOIH6WAOPG7NPJHXCIGHKSBQ,Recency-Weighted,0.0,
AEDHKOIH6WAOPG7NPJHXCIGHKSBQ,Essence (K=10),0.0,
AEDI34V7XXO7LG7B2PG2XRJQ5EHQ,Random,0.0,
AEDI34V7XXO7LG7B2PG2XRJQ5EHQ,Popularity,0.0,
AEDI34V7XXO7LG7B2PG2XRJQ5EHQ,CF (ItemKNN),0.0,
AEDI34V7XXO7LG7B2PG2XRJQ5EHQ,Content (Avg Emb),0.0,
AEDI34V7XXO7LG7B2PG2XRJQ5EHQ,Last-Item,0.0,
AEDI34V7XXO7LG7B2PG2XRJQ5EHQ,Avg-Last-10,0.0,
AEDI34V7XXO7LG7B2PG2XRJQ5EHQ,Recency-Weighted,0.0,
AEDI34V7XXO7LG7B2PG2XRJQ5EHQ,Essence (K=10),0.0,
AEDIKSFRX5JXTPBFH4WEVHDENUUQ,Random,0.0,
AEDIKSFRX5JXTPBFH4WEVHDENUUQ,Popularity,0.0,
AEDIKSFRX5JXTPBFH4WEVHDENUUQ,CF (ItemKNN),0.0,
AEDIKSFRX5JXTPBFH4WEVHDENUUQ,Content (Avg Emb),0.0,
AEDIKSFRX5JXTPBFH4WEVHDENUUQ,Last-Item,0.18181818181818182,
AEDIKSFRX5JXTPBFH4WEVHDENUUQ,Avg-Last-10,0.0,
AEDIKSFRX5JXTPBFH4WEVHDENUUQ,Recency-Weighted,0.0,
AEDIKSFRX5JXTPBFH4WEVHDENUUQ,Essence (K=10),0.0,
AEDKUI35LSPOZADCPBARMRQMPSGQ,Random,0.0,0.0
AEDKUI35LSPOZADCPBARMRQMPSGQ,Popularity,0.0,0.0
AEDKUI35LSPOZADCPBARMRQMPSGQ,CF (ItemKNN),0.0,0.0
AEDKUI35LSPOZADCPBARMRQMPSGQ,Content (Avg Emb),0.0,0.0
AEDKUI35LSPOZADCPBARMRQMPSGQ,Last-Item,0.0,0.0
AEDKUI35LSPOZADCPBARMRQMPSGQ,Avg-Last-10,0.0,0.0
AEDKUI35LSPOZADCPBARMRQMPSGQ,Recency-Weighted,0.0,0.0
AEDKUI35LSPOZADCPBARMRQMPSGQ,Essence (K=10),0.0,0.0
AEDM7KNLPWPILDHY2PIF2FNDQSMA,Random,0.0,
AEDM7KNLPWPILDHY2PIF2FNDQSMA,Popularity,0.0,
AEDM7KNLPWPILDHY2PIF2FNDQSMA,CF (ItemKNN),0.0,
AEDM7KNLPWPILDHY2PIF2FNDQSMA,Content (Avg Emb),0.0,
AEDM7KNLPWPILDHY2PIF2FNDQSMA,Last-Item,0.16666666666666666,
AEDM7KNLPWPILDHY2PIF2FNDQSMA,Avg-Last-10,0.0,
AEDM7KNLPWPILDHY2PIF2FNDQSMA,Recency-Weighted,0.0,
AEDM7KNLPWPILDHY2PIF2FNDQSMA,Essence (K=10),0.0,
AEDNHNJFJOE7GJ3ZNYVIZNTAOK2Q,Random,0.0,0.0
AEDNHNJFJOE7GJ3ZNYVIZNTAOK2Q,Popularity,0.0,0.0
AEDNHNJFJOE7GJ3ZNYVIZNTAOK2Q,CF (ItemKNN),0.0,0.0
AEDNHNJFJOE7GJ3ZNYVIZNTAOK2Q,Content (Avg Emb),0.0,0.0
AEDNHNJFJOE7GJ3ZNYVIZNTAOK2Q,Last-Item,0.0,0.0
AEDNHNJFJOE7GJ3ZNYVIZNTAOK2Q,Avg-Last-10,0.0,0.0
AEDNHNJFJOE7GJ3ZNYVIZNTAOK2Q,Recency-Weighted,0.0,0.0
AEDNHNJFJOE7GJ3ZNYVIZNTAOK2Q,Essence (K=10),0.0,0.0
AEDZBNHNKSIXOHEUKYYPMIOYLB6Q,Random,0.0,
AEDZBNHNKSIXOHEUKYYPMIOYLB6Q,Popularity,0.0,
AEDZBNHNKSIXOHEUKYYPMIOYLB6Q,CF (ItemKNN),0.0,
AEDZBNHNKSIXOHEUKYYPMIOYLB6Q,Content (Avg Emb),0.0,
AEDZBNHNKSIXOHEUKYYPMIOYLB6Q,Last-Item,0.2,
AEDZBNHNKSIXOHEUKYYPMIOYLB6Q,Avg-Last-10,0.0,
AEDZBNHNKSIXOHEUKYYPMIOYLB6Q,Recency-Weighted,0.0,
AEDZBNHNKSIXOHEUKYYPMIOYLB6Q,Essence (K=10),0.0,
AEECHRG42M53EIZTJ7HVXZQI4U4Q,Random,0.0,0.0
AEECHRG42M53EIZTJ7HVXZQI4U4Q,Popularity,0.0,0.0
AEECHRG42M53EIZTJ7HVXZQI4U4Q,CF (ItemKNN),0.0,0.0
AEECHRG42M53EIZTJ7HVXZQI4U4Q,Content (Avg Emb),0.0,0.0
AEECHRG42M53EIZTJ7HVXZQI4U4Q,Last-Item,0.0,0.0
AEECHRG42M53EIZTJ7HVXZQI4U4Q,Avg-Last-10,0.0,0.0
AEECHRG42M53EIZTJ7HVXZQI4U4Q,Recency-Weighted,0.0,0.0
AEECHRG42M53EIZTJ7HVXZQI4U4Q,Essence (K=10),0.0,0.0
AEEGVVKWQ3UBYZBBJGKI76LKJAFQ,Random,0.0,0.0
AEEGVVKWQ3UBYZBBJGKI76LKJAFQ,Popularity,0.0,0.0
AEEGVVKWQ3UBYZBBJGKI76LKJAFQ,CF (ItemKNN),0.0,0.0
AEEGVVKWQ3UBYZBBJGKI76LKJAFQ,Content (Avg Emb),0.14285714285714285,0.3333333333333333
AEEGVVKWQ3UBYZBBJGKI76LKJAFQ,Last-Item,0.14285714285714285,0.0
AEEGVVKWQ3UBYZBBJGKI76LKJAFQ,Avg-Last-10,0.14285714285714285,0.3333333333333333
AEEGVVKWQ3UBYZBBJGKI76LKJAFQ,Recency-Weighted,0.14285714285714285,0.3333333333333333
AEEGVVKWQ3UBYZBBJGKI76LKJAFQ,Essence (K=10),0.0,0.0
AEEJEKEDIYEAJRUREDLANBFCGUVQ,Random,0.0,0.0
AEEJEKEDIYEAJRUREDLANBFCGUVQ,Popularity,0.0,0.0
AEEJEKEDIYEAJRUREDLANBFCGUVQ,CF (ItemKNN),0.0,0.0
AEEJEKEDIYEAJRUREDLANBFCGUVQ,Content (Avg Emb),0.0,0.0
AEEJEKEDIYEAJRUREDLANBFCGUVQ,Last-Item,0.25,0.0
AEEJEKEDIYEAJRUREDLANBFCGUVQ,Avg-Last-10,0.0,0.0
AEEJEKEDIYEAJRUREDLANBFCGUVQ,Recency-Weighted,0.0,0.0
AEEJEKEDIYEAJRUREDLANBFCGUVQ,Essence (K=10),0.0,0.0
AEEJPOPGZKVV7ATPNSU346IXCFKQ,Random,0.0,0.0
AEEJPOPGZKVV7ATPNSU346IXCFKQ,Popularity,0.0,0.0
AEEJPOPGZKVV7ATPNSU346IXCFKQ,CF (ItemKNN),0.0,0.0
AEEJPOPGZKVV7ATPNSU346IXCFKQ,Content (Avg Emb),0.0,0.0
AEEJPOPGZKVV7ATPNSU346IXCFKQ,Last-Item,0.0,0.0
AEEJPOPGZKVV7ATPNSU346IXCFKQ,Avg-Last-10,0.0,0.0
AEEJPOPGZKVV7ATPNSU346IXCFKQ,Recency-Weighted,0.0,0.0
AEEJPOPGZKVV7ATPNSU346IXCFKQ,Essence (K=10),0.0,0.0
AEEJXJFDOZHMRHI7CNSTEX77XXWA,Random,0.0,0.0
AEEJXJFDOZHMRHI7CNSTEX77XXWA,Popularity,0.0,0.0
AEEJXJFDOZHMRHI7CNSTEX77XXWA,CF (ItemKNN),0.0,0.0
AEEJXJFDOZHMRHI7CNSTEX77XXWA,Content (Avg Emb),0.0,0.0
AEEJXJFDOZHMRHI7CNSTEX77XXWA,Last-Item,0.0,0.0
AEEJXJFDOZHMRHI7CNSTEX77XXWA,Avg-Last-10,0.0,0.0
AEEJXJFDOZHMRHI7CNSTEX77XXWA,Recency-Weighted,0.0,0.0
AEEJXJFDOZHMRHI7CNSTEX77XXWA,Essence (K=10),0.0,0.0
AEEMAQWZ7FWRTRG6L5BEGVZ24MNQ,Random,0.0,0.0
AEEMAQWZ7FWRTRG6L5BEGVZ24MNQ,Popularity,0.0,0.0
AEEMAQWZ7FWRTRG6L5BEGVZ24MNQ,CF (ItemKNN),0.047619047619047616,0.0
AEEMAQWZ7FWRTRG6L5BEGVZ24MNQ,Content (Avg Emb),0.0,0.0
AEEMAQWZ7FWRTRG6L5BEGVZ24MNQ,Last-Item,0.0,0.0
AEEMAQWZ7FWRTRG6L5BEGVZ24MNQ,Avg-Last-10,0.0,0.0
AEEMAQWZ7FWRTRG6L5BEGVZ24MNQ,Recency-Weighted,0.0,0.0
AEEMAQWZ7FWRTRG6L5BEGVZ24MNQ,Essence (K=10),0.0,0.0
AEENUFZZ7VZ3QRDEXMFL34COQIAA,Random,0.0,
AEENUFZZ7VZ3QRDEXMFL34COQIAA,Popularity,0.0,
AEENUFZZ7VZ3QRDEXMFL34COQIAA,CF (ItemKNN),0.0,
AEENUFZZ7VZ3QRDEXMFL34COQIAA,Content (Avg Emb),0.0,
AEENUFZZ7VZ3QRDEXMFL34COQIAA,Last-Item,0.0,
AEENUFZZ7VZ3QRDEXMFL34COQIAA,Avg-Last-10,0.0,
AEENUFZZ7VZ3QRDEXMFL34COQIAA,Recency-Weighted,0.0,
AEENUFZZ7VZ3QRDEXMFL34COQIAA,Essence (K=10),0.0,
AEERK55JHJK5CO6ECZEHRJVVMP3Q,Random,0.0,0.0
AEERK55JHJK5CO6ECZEHRJVVMP3Q,Popularity,0.0,0.0
AEERK55JHJK5CO6ECZEHRJVVMP3Q,CF (ItemKNN),0.0,0.0
AEERK55JHJK5CO6ECZEHRJVVMP3Q,Content (Avg Emb),0.0,0.0
AEERK55JHJK5CO6ECZEHRJVVMP3Q,Last-Item,0.0,0.0
AEERK55JHJK5CO6ECZEHRJVVMP3Q,Avg-Last-10,0.0,0.0
AEERK55JHJK5CO6ECZEHRJVVMP3Q,Recency-Weighted,0.0,0.0
AEERK55JHJK5CO6ECZEHRJVVMP3Q,Essence (K=10),0.0,0.0
AEERZ6EBGS2TMZ5HUTJJPLOCTLUA,Random,0.0,
AEERZ6EBGS2TMZ5HUTJJPLOCTLUA,Popularity,0.0,
AEERZ6EBGS2TMZ5HUTJJPLOCTLUA,CF (ItemKNN),0.0,
AEERZ6EBGS2TMZ5HUTJJPLOCTLUA,Content (Avg Emb),0.0,
AEERZ6EBGS2TMZ5HUTJJPLOCTLUA,Last-Item,0.0,
AEERZ6EBGS2TMZ5HUTJJPLOCTLUA,Avg-Last-10,0.0,
AEERZ6EBGS2TMZ5HUTJJPLOCTLUA,Recency-Weighted,0.0,
AEERZ6EBGS2TMZ5HUTJJPLOCTLUA,Essence (K=10),0.0,
AEEWEZZ5OFTB6CSO6CHOAA56HWMQ,Random,0.0,0.0
AEEWEZZ5OFTB6CSO6CHOAA56HWMQ,Popularity,0.0,0.0
AEEWEZZ5OFTB6CSO6CHOAA56HWMQ,CF (ItemKNN),0.0,0.0
AEEWEZZ5OFTB6CSO6CHOAA56HWMQ,Content (Avg Emb),0.0,0.0
AEEWEZZ5OFTB6CSO6CHOAA56HWMQ,Last-Item,0.16666666666666666,0.0
AEEWEZZ5OFTB6CSO6CHOAA56HWMQ,Avg-Last-10,0.0,0.0
AEEWEZZ5OFTB6CSO6CHOAA56HWMQ,Recency-Weighted,0.0,0.0
AEEWEZZ5OFTB6CSO6CHOAA56HWMQ,Essence (K=10),0.16666666666666666,0.0
AEEWYZKH4OGRHNPVL2UIMYF6Q7BA,Random,0.0,
AEEWYZKH4OGRHNPVL2UIMYF6Q7BA,Popularity,0.0,
AEEWYZKH4OGRHNPVL2UIMYF6Q7BA,CF (ItemKNN),0.0,
AEEWYZKH4OGRHNPVL2UIMYF6Q7BA,Content (Avg Emb),0.0,
AEEWYZKH4OGRHNPVL2UIMYF6Q7BA,Last-Item,0.0,
AEEWYZKH4OGRHNPVL2UIMYF6Q7BA,Avg-Last-10,0.0,
AEEWYZKH4OGRHNPVL2UIMYF6Q7BA,Recency-Weighted,0.0,
AEEWYZKH4OGRHNPVL2UIMYF6Q7BA,Essence (K=10),0.0,
AEEYGYMKWB4NMP7XEOKRRJB6ZXOA,Random,0.0,0.0
AEEYGYMKWB4NMP7XEOKRRJB6ZXOA,Popularity,0.0,0.0
AEEYGYMKWB4NMP7XEOKRRJB6ZXOA,CF (ItemKNN),0.0,0.0
AEEYGYMKWB4NMP7XEOKRRJB6ZXOA,Content (Avg Emb),0.0,0.0
AEEYGYMKWB4NMP7XEOKRRJB6ZXOA,Last-Item,0.0,0.0
AEEYGYMKWB4NMP7XEOKRRJB6ZXOA,Avg-Last-10,0.0,0.0
AEEYGYMKWB4NMP7XEOKRRJB6ZXOA,Recency-Weighted,0.0,0.0
AEEYGYMKWB4NMP7XEOKRRJB6ZXOA,Essence (K=10),0.0,0.0
AEEYQNUYWOE4DA5SZ32PUA6I5VRA,Random,0.0,0.0
AEEYQNUYWOE4DA5SZ32PUA6I5VRA,Popularity,0.0,0.0
AEEYQNUYWOE4DA5SZ32PUA6I5VRA,CF (ItemKNN),0.0,0.0
AEEYQNUYWOE4DA5SZ32PUA6I5VRA,Content (Avg Emb),0.0,0.0
AEEYQNUYWOE4DA5SZ32PUA6I5VRA,Last-Item,0.0,0.0
AEEYQNUYWOE4DA5SZ32PUA6I5VRA,Avg-Last-10,0.0,0.0
AEEYQNUYWOE4DA5SZ32PUA6I5VRA,Recency-Weighted,0.0,0.0
AEEYQNUYWOE4DA5SZ32PUA6I5VRA,Essence (K=10),0.0,0.0
AEF23RYE2HBCPG447X2JD6J7G52A,Random,0.0,0.0
AEF23RYE2HBCPG447X2JD6J7G52A,Popularity,0.0,0.0
AEF23RYE2HBCPG447X2JD6J7G52A,CF (ItemKNN),0.0,0.0
AEF23RYE2HBCPG447X2JD6J7G52A,Content (Avg Emb),0.0,0.0
AEF23RYE2HBCPG447X2JD6J7G52A,Last-Item,0.0,0.0
AEF23RYE2HBCPG447X2JD6J7G52A,Avg-Last-10,0.0,0.0
AEF23RYE2HBCPG447X2JD6J7G52A,Recency-Weighted,0.0,0.0
AEF23RYE2HBCPG447X2JD6J7G52A,Essence (K=10),0.0,0.0
AEF5U6HJFT7LRRHXDBXQEQKQ4R6Q,Random,0.0,0.0
AEF5U6HJFT7LRRHXDBXQEQKQ4R6Q,Popularity,0.0,0.0
AEF5U6HJFT7LRRHXDBXQEQKQ4R6Q,CF (ItemKNN),0.0,0.0
AEF5U6HJFT7LRRHXDBXQEQKQ4R6Q,Content (Avg Emb),0.0,0.0
AEF5U6HJFT7LRRHXDBXQEQKQ4R6Q,Last-Item,0.0,0.0
AEF5U6HJFT7LRRHXDBXQEQKQ4R6Q,Avg-Last-10,0.0,0.0
AEF5U6HJFT7LRRHXDBXQEQKQ4R6Q,Recency-Weighted,0.0,0.0
AEF5U6HJFT7LRRHXDBXQEQKQ4R6Q,Essence (K=10),0.0,0.0
AEFA7QXOFRL2NABVRTPMSM5SXLDA,Random,0.0,0.0
AEFA7QXOFRL2NABVRTPMSM5SXLDA,Popularity,0.0,0.0
AEFA7QXOFRL2NABVRTPMSM5SXLDA,CF (ItemKNN),0.0,0.0
AEFA7QXOFRL2NABVRTPMSM5SXLDA,Content (Avg Emb),0.0,0.0
AEFA7QXOFRL2NABVRTPMSM5SXLDA,Last-Item,0.0,0.0
AEFA7QXOFRL2NABVRTPMSM5SXLDA,Avg-Last-10,0.0,0.0
AEFA7QXOFRL2NABVRTPMSM5SXLDA,Recency-Weighted,0.0,0.0
AEFA7QXOFRL2NABVRTPMSM5SXLDA,Essence (K=10),0.0,0.0
AEFEJHBNSMLDSE6VAENHF3JTEUJA,Random,0.0,0.0
AEFEJHBNSMLDSE6VAENHF3JTEUJA,Popularity,0.0,0.0
AEFEJHBNSMLDSE6VAENHF3JTEUJA,CF (ItemKNN),0.0,0.0
AEFEJHBNSMLDSE6VAENHF3JTEUJA,Content (Avg Emb),0.0,0.0
AEFEJHBNSMLDSE6VAENHF3JTEUJA,Last-Item,0.0,0.0
AEFEJHBNSMLDSE6VAENHF3JTEUJA,Avg-Last-10,0.0,0.0
AEFEJHBNSMLDSE6VAENHF3JTEUJA,Recency-Weighted,0.0,0.0
AEFEJHBNSMLDSE6VAENHF3JTEUJA,Essence (K=10),0.0,0.0
AEFH67R3UHKTHNT5VSRKRLM3CMNQ,Random,0.0,0.0
AEFH67R3UHKTHNT5VSRKRLM3CMNQ,Popularity,0.0,0.0
AEFH67R3UHKTHNT5VSRKRLM3CMNQ,CF (ItemKNN),0.0,0.0
AEFH67R3UHKTHNT5VSRKRLM3CMNQ,Content (Avg Emb),0.0,0.0
AEFH67R3UHKTHNT5VSRKRLM3CMNQ,Last-Item,0.0,0.0
AEFH67R3UHKTHNT5VSRKRLM3CMNQ,Avg-Last-10,0.0,0.0
AEFH67R3UHKTHNT5VSRKRLM3CMNQ,Recency-Weighted,0.0,0.0
AEFH67R3UHKTHNT5VSRKRLM3CMNQ,Essence (K=10),0.0,0.0
AEFIPFXGCLEEUYG2RK4ZLBC2ETKQ,Random,0.0,0.0
AEFIPFXGCLEEUYG2RK4ZLBC2ETKQ,Popularity,0.0,0.0
AEFIPFXGCLEEUYG2RK4ZLBC2ETKQ,CF (ItemKNN),0.0,0.0
AEFIPFXGCLEEUYG2RK4ZLBC2ETKQ,Content (Avg Emb),0.0,0.0
AEFIPFXGCLEEUYG2RK4ZLBC2ETKQ,Last-Item,0.0,0.0
AEFIPFXGCLEEUYG2RK4ZLBC2ETKQ,Avg-Last-10,0.0,0.0
AEFIPFXGCLEEUYG2RK4ZLBC2ETKQ,Recency-Weighted,0.0,0.0
AEFIPFXGCLEEUYG2RK4ZLBC2ETKQ,Essence (K=10),0.0,0.0
AEFNK3NSCPOCOIONNSPQ5XTQI4SA,Random,0.0,
AEFNK3NSCPOCOIONNSPQ5XTQI4SA,Popularity,0.0,
AEFNK3NSCPOCOIONNSPQ5XTQI4SA,CF (ItemKNN),0.0,
AEFNK3NSCPOCOIONNSPQ5XTQI4SA,Content (Avg Emb),0.0,
AEFNK3NSCPOCOIONNSPQ5XTQI4SA,Last-Item,0.14285714285714285,
AEFNK3NSCPOCOIONNSPQ5XTQI4SA,Avg-Last-10,0.0,
AEFNK3NSCPOCOIONNSPQ5XTQI4SA,Recency-Weighted,0.0,
AEFNK3NSCPOCOIONNSPQ5XTQI4SA,Essence (K=10),0.0,
AEFRH7NOWYFGWTHRO5FBH4HRDXJQ,Random,0.0,0.0
AEFRH7NOWYFGWTHRO5FBH4HRDXJQ,Popularity,0.0,0.0
AEFRH7NOWYFGWTHRO5FBH4HRDXJQ,CF (ItemKNN),0.0,0.0
AEFRH7NOWYFGWTHRO5FBH4HRDXJQ,Content (Avg Emb),0.0,0.0
AEFRH7NOWYFGWTHRO5FBH4HRDXJQ,Last-Item,0.0,0.0
AEFRH7NOWYFGWTHRO5FBH4HRDXJQ,Avg-Last-10,0.0,0.0
AEFRH7NOWYFGWTHRO5FBH4HRDXJQ,Recency-Weighted,0.0,0.0
AEFRH7NOWYFGWTHRO5FBH4HRDXJQ,Essence (K=10),0.0,0.0
AEFRZZPFLH2D4JEEZWNM2QP7VUQQ,Random,0.0,0.0
AEFRZZPFLH2D4JEEZWNM2QP7VUQQ,Popularity,0.0,0.0
AEFRZZPFLH2D4JEEZWNM2QP7VUQQ,CF (ItemKNN),0.0,0.0
AEFRZZPFLH2D4JEEZWNM2QP7VUQQ,Content (Avg Emb),0.0,0.0
AEFRZZPFLH2D4JEEZWNM2QP7VUQQ,Last-Item,0.0,0.0
AEFRZZPFLH2D4JEEZWNM2QP7VUQQ,Avg-Last-10,0.0,0.0
AEFRZZPFLH2D4JEEZWNM2QP7VUQQ,Recency-Weighted,0.0,0.0
AEFRZZPFLH2D4JEEZWNM2QP7VUQQ,Essence (K=10),0.0,0.0
AEFYN24GIJD3PF5UHP7TRKUEZKSA,Random,0.0,
AEFYN24GIJD3PF5UHP7TRKUEZKSA,Popularity,0.0,
AEFYN24GIJD3PF5UHP7TRKUEZKSA,CF (ItemKNN),0.0,
AEFYN24GIJD3PF5UHP7TRKUEZKSA,Content (Avg Emb),0.0,
AEFYN24GIJD3PF5UHP7TRKUEZKSA,Last-Item,0.0,
AEFYN24GIJD3PF5UHP7TRKUEZKSA,Avg-Last-10,0.0,
AEFYN24GIJD3PF5UHP7TRKUEZKSA,Recency-Weighted,0.0,
AEFYN24GIJD3PF5UHP7TRKUEZKSA,Essence (K=10),0.0,
AEGFFH5RWY7KQZT3HLOKAMK3JZ5A,Random,0.0,0.0
AEGFFH5RWY7KQZT3HLOKAMK3JZ5A,Popularity,0.0,0.0
AEGFFH5RWY7KQZT3HLOKAMK3JZ5A,CF (ItemKNN),0.0,0.0
AEGFFH5RWY7KQZT3HLOKAMK3JZ5A,Content (Avg Emb),0.0,0.0
AEGFFH5RWY7KQZT3HLOKAMK3JZ5A,Last-Item,0.0,0.0
AEGFFH5RWY7KQZT3HLOKAMK3JZ5A,Avg-Last-10,0.0,0.0
AEGFFH5RWY7KQZT3HLOKAMK3JZ5A,Recency-Weighted,0.0,0.0
AEGFFH5RWY7KQZT3HLOKAMK3JZ5A,Essence (K=10),0.0,0.0
AEGLMXXDXIEN2GTXMMBD4RPFYV3A,Random,0.0,0.0
AEGLMXXDXIEN2GTXMMBD4RPFYV3A,Popularity,0.0,0.0
AEGLMXXDXIEN2GTXMMBD4RPFYV3A,CF (ItemKNN),0.0,0.0
AEGLMXXDXIEN2GTXMMBD4RPFYV3A,Content (Avg Emb),0.0,0.0
AEGLMXXDXIEN2GTXMMBD4RPFYV3A,Last-Item,0.0,0.0
AEGLMXXDXIEN2GTXMMBD4RPFYV3A,Avg-Last-10,0.0,0.0
AEGLMXXDXIEN2GTXMMBD4RPFYV3A,Recency-Weighted,0.0,0.0
AEGLMXXDXIEN2GTXMMBD4RPFYV3A,Essence (K=10),0.0,0.0
AEGLWCLYPWJR5MISZI2R536DRGVA,Random,0.0,0.0
AEGLWCLYPWJR5MISZI2R536DRGVA,Popularity,0.0,0.0
AEGLWCLYPWJR5MISZI2R536DRGVA,CF (ItemKNN),0.0,0.0
AEGLWCLYPWJR5MISZI2R536DRGVA,Content (Avg Emb),0.0,0.0
AEGLWCLYPWJR5MISZI2R536DRGVA,Last-Item,0.0,0.0
AEGLWCLYPWJR5MISZI2R536DRGVA,Avg-Last-10,0.0,0.0
AEGLWCLYPWJR5MISZI2R536DRGVA,Recency-Weighted,0.0,0.0
AEGLWCLYPWJR5MISZI2R536DRGVA,Essence (K=10),0.0,0.0
AEGNLI4GH2WPBOMTCJUES6G6SCCQ,Random,0.0,0.0
AEGNLI4GH2WPBOMTCJUES6G6SCCQ,Popularity,0.0,0.0
AEGNLI4GH2WPBOMTCJUES6G6SCCQ,CF (ItemKNN),0.0,0.0
AEGNLI4GH2WPBOMTCJUES6G6SCCQ,Content (Avg Emb),0.0,0.0
AEGNLI4GH2WPBOMTCJUES6G6SCCQ,Last-Item,0.0,0.0
AEGNLI4GH2WPBOMTCJUES6G6SCCQ,Avg-Last-10,0.0,0.0
AEGNLI4GH2WPBOMTCJUES6G6SCCQ,Recency-Weighted,0.0,0.0
AEGNLI4GH2WPBOMTCJUES6G6SCCQ,Essence (K=10),0.0,0.0
AEGQ5337JE7AZVWQB4NH3D3WLSGA,Random,0.0,0.0
AEGQ5337JE7AZVWQB4NH3D3WLSGA,Popularity,0.0,0.0
AEGQ5337JE7AZVWQB4NH3D3WLSGA,CF (ItemKNN),0.0,0.0
AEGQ5337JE7AZVWQB4NH3D3WLSGA,Content (Avg Emb),0.0,0.0
AEGQ5337JE7AZVWQB4NH3D3WLSGA,Last-Item,0.0,0.0
AEGQ5337JE7AZVWQB4NH3D3WLSGA,Avg-Last-10,0.0,0.0
AEGQ5337JE7AZVWQB4NH3D3WLSGA,Recency-Weighted,0.0,0.0
AEGQ5337JE7AZVWQB4NH3D3WLSGA,Essence (K=10),0.0,0.0
AEGQTA4YSBF6A7ETUOUGFTZASJLQ,Random,0.0,
AEGQTA4YSBF6A7ETUOUGFTZASJLQ,Popularity,0.0,
AEGQTA4YSBF6A7ETUOUGFTZASJLQ,CF (ItemKNN),0.0,
AEGQTA4YSBF6A7ETUOUGFTZASJLQ,Content (Avg Emb),0.0,
AEGQTA4YSBF6A7ETUOUGFTZASJLQ,Last-Item,0.0,
AEGQTA4YSBF6A7ETUOUGFTZASJLQ,Avg-Last-10,0.0,
AEGQTA4YSBF6A7ETUOUGFTZASJLQ,Recency-Weighted,0.0,
AEGQTA4YSBF6A7ETUOUGFTZASJLQ,Essence (K=10),0.0,
AEGSNK3H7CQ5RQTO3VEUA7ERV7ZA,Random,0.0,
AEGSNK3H7CQ5RQTO3VEUA7ERV7ZA,Popularity,0.0,
AEGSNK3H7CQ5RQTO3VEUA7ERV7ZA,CF (ItemKNN),0.0,
AEGSNK3H7CQ5RQTO3VEUA7ERV7ZA,Content (Avg Emb),0.0,
AEGSNK3H7CQ5RQTO3VEUA7ERV7ZA,Last-Item,0.0,
AEGSNK3H7CQ5RQTO3VEUA7ERV7ZA,Avg-Last-10,0.0,
AEGSNK3H7CQ5RQTO3VEUA7ERV7ZA,Recency-Weighted,0.0,
AEGSNK3H7CQ5RQTO3VEUA7ERV7ZA,Essence (K=10),0.0,
AEGTJIWQKVA5K2C7XCOOCUWDX7KQ,Random,0.0,
AEGTJIWQKVA5K2C7XCOOCUWDX7KQ,Popularity,0.0,
AEGTJIWQKVA5K2C7XCOOCUWDX7KQ,CF (ItemKNN),0.0,
AEGTJIWQKVA5K2C7XCOOCUWDX7KQ,Content (Avg Emb),0.0,
AEGTJIWQKVA5K2C7XCOOCUWDX7KQ,Last-Item,0.0,
AEGTJIWQKVA5K2C7XCOOCUWDX7KQ,Avg-Last-10,0.0,
AEGTJIWQKVA5K2C7XCOOCUWDX7KQ,Recency-Weighted,0.0,
AEGTJIWQKVA5K2C7XCOOCUWDX7KQ,Essence (K=10),0.0,
AEGZ6HJQWPXJNPNRXWYHSOEXFCHA,Random,0.0,
AEGZ6HJQWPXJNPNRXWYHSOEXFCHA,Popularity,0.0,
AEGZ6HJQWPXJNPNRXWYHSOEXFCHA,CF (ItemKNN),0.0,
AEGZ6HJQWPXJNPNRXWYHSOEXFCHA,Content (Avg Emb),0.0,
AEGZ6HJQWPXJNPNRXWYHSOEXFCHA,Last-Item,0.0,
AEGZ6HJQWPXJNPNRXWYHSOEXFCHA,Avg-Last-10,0.0,
AEGZ6HJQWPXJNPNRXWYHSOEXFCHA,Recency-Weighted,0.0,
AEGZ6HJQWPXJNPNRXWYHSOEXFCHA,Essence (K=10),0.0,
AEH74W5HKKUU4ATDNSACSSQHSE3A,Random,0.0,
AEH74W5HKKUU4ATDNSACSSQHSE3A,Popularity,0.0,
AEH74W5HKKUU4ATDNSACSSQHSE3A,CF (ItemKNN),0.0,
AEH74W5HKKUU4ATDNSACSSQHSE3A,Content (Avg Emb),0.0,
AEH74W5HKKUU4ATDNSACSSQHSE3A,Last-Item,0.0,
AEH74W5HKKUU4ATDNSACSSQHSE3A,Avg-Last-10,0.0,
AEH74W5HKKUU4ATDNSACSSQHSE3A,Recency-Weighted,0.0,
AEH74W5HKKUU4ATDNSACSSQHSE3A,Essence (K=10),0.0,
AEHBOFYTNFSD2522T3QQKA6AN67Q,Random,0.0,
AEHBOFYTNFSD2522T3QQKA6AN67Q,Popularity,0.0,
AEHBOFYTNFSD2522T3QQKA6AN67Q,CF (ItemKNN),0.0,
AEHBOFYTNFSD2522T3QQKA6AN67Q,Content (Avg Emb),0.0,
AEHBOFYTNFSD2522T3QQKA6AN67Q,Last-Item,0.0,
AEHBOFYTNFSD2522T3QQKA6AN67Q,Avg-Last-10,0.0,
AEHBOFYTNFSD2522T3QQKA6AN67Q,Recency-Weighted,0.0,
AEHBOFYTNFSD2522T3QQKA6AN67Q,Essence (K=10),0.0,
AEHCLDKH7JVEUVXISNWXN72BVIEA,Random,0.0,0.0
AEHCLDKH7JVEUVXISNWXN72BVIEA,Popularity,0.0,0.0
AEHCLDKH7JVEUVXISNWXN72BVIEA,CF (ItemKNN),0.5,1.0
AEHCLDKH7JVEUVXISNWXN72BVIEA,Content (Avg Emb),0.0,0.0
AEHCLDKH7JVEUVXISNWXN72BVIEA,Last-Item,0.0,0.0
AEHCLDKH7JVEUVXISNWXN72BVIEA,Avg-Last-10,0.0,0.0
AEHCLDKH7JVEUVXISNWXN72BVIEA,Recency-Weighted,0.0,0.0
AEHCLDKH7JVEUVXISNWXN72BVIEA,Essence (K=10),0.0,0.0
AEHEHGC7266BDBZFW4CFBQ5XUXZA,Random,0.0,0.0
AEHEHGC7266BDBZFW4CFBQ5XUXZA,Popularity,0.0,0.0
AEHEHGC7266BDBZFW4CFBQ5XUXZA,CF (ItemKNN),0.0,0.0
AEHEHGC7266BDBZFW4CFBQ5XUXZA,Content (Avg Emb),0.0,0.0
AEHEHGC7266BDBZFW4CFBQ5XUXZA,Last-Item,0.0,0.0
AEHEHGC7266BDBZFW4CFBQ5XUXZA,Avg-Last-10,0.0,0.0
AEHEHGC7266BDBZFW4CFBQ5XUXZA,Recency-Weighted,0.0,0.0
AEHEHGC7266BDBZFW4CFBQ5XUXZA,Essence (K=10),0.0,0.0
AEHIZZWVTLEKHGRW53EE33PVWGJA,Random,0.0,0.0
AEHIZZWVTLEKHGRW53EE33PVWGJA,Popularity,0.0,0.0
AEHIZZWVTLEKHGRW53EE33PVWGJA,CF (ItemKNN),0.0,0.0
AEHIZZWVTLEKHGRW53EE33PVWGJA,Content (Avg Emb),0.0,0.0
AEHIZZWVTLEKHGRW53EE33PVWGJA,Last-Item,0.0,0.0
AEHIZZWVTLEKHGRW53EE33PVWGJA,Avg-Last-10,0.0,0.0
AEHIZZWVTLEKHGRW53EE33PVWGJA,Recency-Weighted,0.0,0.0
AEHIZZWVTLEKHGRW53EE33PVWGJA,Essence (K=10),0.0,0.0
AEHKDITJSRMJ4O67W74EBS2I2LAQ,Random,0.0,0.0
AEHKDITJSRMJ4O67W74EBS2I2LAQ,Popularity,0.0,0.0
AEHKDITJSRMJ4O67W74EBS2I2LAQ,CF (ItemKNN),0.0,0.0
AEHKDITJSRMJ4O67W74EBS2I2LAQ,Content (Avg Emb),0.0,0.0
AEHKDITJSRMJ4O67W74EBS2I2LAQ,Last-Item,0.16666666666666666,1.0
AEHKDITJSRMJ4O67W74EBS2I2LAQ,Avg-Last-10,0.0,0.0
AEHKDITJSRMJ4O67W74EBS2I2LAQ,Recency-Weighted,0.0,0.0
AEHKDITJSRMJ4O67W74EBS2I2LAQ,Essence (K=10),0.0,0.0
AEHQOWODMPOUGWT4MIYKIJLNWSFQ,Random,0.0,
AEHQOWODMPOUGWT4MIYKIJLNWSFQ,Popularity,0.0,
AEHQOWODMPOUGWT4MIYKIJLNWSFQ,CF (ItemKNN),0.0,
AEHQOWODMPOUGWT4MIYKIJLNWSFQ,Content (Avg Emb),0.0,
AEHQOWODMPOUGWT4MIYKIJLNWSFQ,Last-Item,0.0,
AEHQOWODMPOUGWT4MIYKIJLNWSFQ,Avg-Last-10,0.0,
AEHQOWODMPOUGWT4MIYKIJLNWSFQ,Recency-Weighted,0.0,
AEHQOWODMPOUGWT4MIYKIJLNWSFQ,Essence (K=10),0.0,
AEHSPPWMKD3UUNOD4AMUUNV7O5KA,Random,0.0,
AEHSPPWMKD3UUNOD4AMUUNV7O5KA,Popularity,0.0,
AEHSPPWMKD3UUNOD4AMUUNV7O5KA,CF (ItemKNN),0.0,
AEHSPPWMKD3UUNOD4AMUUNV7O5KA,Content (Avg Emb),0.0,
AEHSPPWMKD3UUNOD4AMUUNV7O5KA,Last-Item,0.0,
AEHSPPWMKD3UUNOD4AMUUNV7O5KA,Avg-Last-10,0.0,
AEHSPPWMKD3UUNOD4AMUUNV7O5KA,Recency-Weighted,0.0,
AEHSPPWMKD3UUNOD4AMUUNV7O5KA,Essence (K=10),0.0,
AEHT5W5PE3RE2MCZXXNO7M3REICQ,Random,0.0,
AEHT5W5PE3RE2MCZXXNO7M3REICQ,Popularity,0.0,
AEHT5W5PE3RE2MCZXXNO7M3REICQ,CF (ItemKNN),0.0,
AEHT5W5PE3RE2MCZXXNO7M3REICQ,Content (Avg Emb),0.4,
AEHT5W5PE3RE2MCZXXNO7M3REICQ,Last-Item,0.4,
AEHT5W5PE3RE2MCZXXNO7M3REICQ,Avg-Last-10,0.4,
AEHT5W5PE3RE2MCZXXNO7M3REICQ,Recency-Weighted,0.4,
AEHT5W5PE3RE2MCZXXNO7M3REICQ,Essence (K=10),0.4,
AEHTXGJEUCDDT26FNE7IQO55FPWQ,Random,0.0,
AEHTXGJEUCDDT26FNE7IQO55FPWQ,Popularity,0.0,
AEHTXGJEUCDDT26FNE7IQO55FPWQ,CF (ItemKNN),0.0,
AEHTXGJEUCDDT26FNE7IQO55FPWQ,Content (Avg Emb),0.0,
AEHTXGJEUCDDT26FNE7IQO55FPWQ,Last-Item,0.0,
AEHTXGJEUCDDT26FNE7IQO55FPWQ,Avg-Last-10,0.0,
AEHTXGJEUCDDT26FNE7IQO55FPWQ,Recency-Weighted,0.0,
AEHTXGJEUCDDT26FNE7IQO55FPWQ,Essence (K=10),0.0,
AEHVHK3KO5WFC5DJG7CYRHSAVV4A,Random,0.0,
AEHVHK3KO5WFC5DJG7CYRHSAVV4A,Popularity,0.0,
AEHVHK3KO5WFC5DJG7CYRHSAVV4A,CF (ItemKNN),0.0,
AEHVHK3KO5WFC5DJG7CYRHSAVV4A,Content (Avg Emb),0.0,
AEHVHK3KO5WFC5DJG7CYRHSAVV4A,Last-Item,0.0,
AEHVHK3KO5WFC5DJG7CYRHSAVV4A,Avg-Last-10,0.0,
AEHVHK3KO5WFC5DJG7CYRHSAVV4A,Recency-Weighted,0.0,
AEHVHK3KO5WFC5DJG7CYRHSAVV4A,Essence (K=10),0.0,
AEI3YEAVL2VKZ4RVDCH3RYUD4FYA,Random,0.0,
AEI3YEAVL2VKZ4RVDCH3RYUD4FYA,Popularity,0.0,
AEI3YEAVL2VKZ4RVDCH3RYUD4FYA,CF (ItemKNN),0.0,
AEI3YEAVL2VKZ4RVDCH3RYUD4FYA,Content (Avg Emb),0.0,
AEI3YEAVL2VKZ4RVDCH3RYUD4FYA,Last-Item,0.0,
AEI3YEAVL2VKZ4RVDCH3RYUD4FYA,Avg-Last-10,0.0,
AEI3YEAVL2VKZ4RVDCH3RYUD4FYA,Recency-Weighted,0.0,
AEI3YEAVL2VKZ4RVDCH3RYUD4FYA,Essence (K=10),0.0,
AEI5UAXZBQ5SXPPLI5D7ZLLC7Q7Q,Random,0.0,0.0
AEI5UAXZBQ5SXPPLI5D7ZLLC7Q7Q,Popularity,0.0,0.0
AEI5UAXZBQ5SXPPLI5D7ZLLC7Q7Q,CF (ItemKNN),0.0,0.0
AEI5UAXZBQ5SXPPLI5D7ZLLC7Q7Q,Content (Avg Emb),0.0,0.0
AEI5UAXZBQ5SXPPLI5D7ZLLC7Q7Q,Last-Item,0.0,0.0
AEI5UAXZBQ5SXPPLI5D7ZLLC7Q7Q,Avg-Last-10,0.0,0.0
AEI5UAXZBQ5SXPPLI5D7ZLLC7Q7Q,Recency-Weighted,0.0,0.0
AEI5UAXZBQ5SXPPLI5D7ZLLC7Q7Q,Essence (K=10),0.0,0.0
AEI6U4DU5GRGNQNPB5Q3M3K6SAPQ,Random,0.0,0.0
AEI6U4DU5GRGNQNPB5Q3M3K6SAPQ,Popularity,0.0,0.0
AEI6U4DU5GRGNQNPB5Q3M3K6SAPQ,CF (ItemKNN),0.0,0.0
AEI6U4DU5GRGNQNPB5Q3M3K6SAPQ,Content (Avg Emb),0.0,0.0
AEI6U4DU5GRGNQNPB5Q3M3K6SAPQ,Last-Item,0.0,0.0
AEI6U4DU5GRGNQNPB5Q3M3K6SAPQ,Avg-Last-10,0.0,0.0
AEI6U4DU5GRGNQNPB5Q3M3K6SAPQ,Recency-Weighted,0.0,0.0
AEI6U4DU5GRGNQNPB5Q3M3K6SAPQ,Essence (K=10),0.0,0.0
AEI7DYTDWVA3ZI3LWL44JWZ4E4JQ,Random,0.0,0.0
AEI7DYTDWVA3ZI3LWL44JWZ4E4JQ,Popularity,0.0,0.0
AEI7DYTDWVA3ZI3LWL44JWZ4E4JQ,CF (ItemKNN),0.0,0.0
AEI7DYTDWVA3ZI3LWL44JWZ4E4JQ,Content (Avg Emb),0.0,0.0
AEI7DYTDWVA3ZI3LWL44JWZ4E4JQ,Last-Item,0.0,0.0
AEI7DYTDWVA3ZI3LWL44JWZ4E4JQ,Avg-Last-10,0.0,0.0
AEI7DYTDWVA3ZI3LWL44JWZ4E4JQ,Recency-Weighted,0.0,0.0
AEI7DYTDWVA3ZI3LWL44JWZ4E4JQ,Essence (K=10),0.0,0.0
AEIB3IDZTOEVMASMETR35S6OSNFA,Random,0.0,0.0
AEIB3IDZTOEVMASMETR35S6OSNFA,Popularity,0.0,0.0
AEIB3IDZTOEVMASMETR35S6OSNFA,CF (ItemKNN),0.0,0.0
AEIB3IDZTOEVMASMETR35S6OSNFA,Content (Avg Emb),0.0,0.0
AEIB3IDZTOEVMASMETR35S6OSNFA,Last-Item,0.0,0.0
AEIB3IDZTOEVMASMETR35S6OSNFA,Avg-Last-10,0.0,0.0
AEIB3IDZTOEVMASMETR35S6OSNFA,Recency-Weighted,0.0,0.0
AEIB3IDZTOEVMASMETR35S6OSNFA,Essence (K=10),0.0,0.0
AEID3PA45DNZKX5BUQPMBFPBNG3A,Random,0.0,
AEID3PA45DNZKX5BUQPMBFPBNG3A,Popularity,0.0,
AEID3PA45DNZKX5BUQPMBFPBNG3A,CF (ItemKNN),0.0,
AEID3PA45DNZKX5BUQPMBFPBNG3A,Content (Avg Emb),0.0,
AEID3PA45DNZKX5BUQPMBFPBNG3A,Last-Item,0.0,
AEID3PA45DNZKX5BUQPMBFPBNG3A,Avg-Last-10,0.0,
AEID3PA45DNZKX5BUQPMBFPBNG3A,Recency-Weighted,0.0,
AEID3PA45DNZKX5BUQPMBFPBNG3A,Essence (K=10),0.0,
AEIEKUH6Z6OH2GVPS35MCF6C2YNQ,Random,0.0,0.0
AEIEKUH6Z6OH2GVPS35MCF6C2YNQ,Popularity,0.0,0.0
AEIEKUH6Z6OH2GVPS35MCF6C2YNQ,CF (ItemKNN),0.0,0.0
AEIEKUH6Z6OH2GVPS35MCF6C2YNQ,Content (Avg Emb),0.0,0.0
AEIEKUH6Z6OH2GVPS35MCF6C2YNQ,Last-Item,0.0,0.0
AEIEKUH6Z6OH2GVPS35MCF6C2YNQ,Avg-Last-10,0.0,0.0
AEIEKUH6Z6OH2GVPS35MCF6C2YNQ,Recency-Weighted,0.0,0.0
AEIEKUH6Z6OH2GVPS35MCF6C2YNQ,Essence (K=10),0.0,0.0
AEIEZUPOZCGXWTGIKDYE736YBWNQ,Random,0.0,0.0
AEIEZUPOZCGXWTGIKDYE736YBWNQ,Popularity,0.0,0.0
AEIEZUPOZCGXWTGIKDYE736YBWNQ,CF (ItemKNN),0.0,0.0
AEIEZUPOZCGXWTGIKDYE736YBWNQ,Content (Avg Emb),0.0,0.0
AEIEZUPOZCGXWTGIKDYE736YBWNQ,Last-Item,0.0,0.0
AEIEZUPOZCGXWTGIKDYE736YBWNQ,Avg-Last-10,0.0,0.0
AEIEZUPOZCGXWTGIKDYE736YBWNQ,Recency-Weighted,0.0,0.0
AEIEZUPOZCGXWTGIKDYE736YBWNQ,Essence (K=10),0.0,0.0
AEIF2GR4TZS3IGJ3CE7KPE36BH3Q,Random,0.0,
AEIF2GR4TZS3IGJ3CE7KPE36BH3Q,Popularity,0.0,
AEIF2GR4TZS3IGJ3CE7KPE36BH3Q,CF (ItemKNN),0.0,
AEIF2GR4TZS3IGJ3CE7KPE36BH3Q,Content (Avg Emb),0.16666666666666666,
AEIF2GR4TZS3IGJ3CE7KPE36BH3Q,Last-Item,0.0,
AEIF2GR4TZS3IGJ3CE7KPE36BH3Q,Avg-Last-10,0.0,
AEIF2GR4TZS3IGJ3CE7KPE36BH3Q,Recency-Weighted,0.0,
AEIF2GR4TZS3IGJ3CE7KPE36BH3Q,Essence (K=10),0.16666666666666666,
AEIFZ7RCFJNHSOBPBODUVDUFUJ7A,Random,0.0,0.0
AEIFZ7RCFJNHSOBPBODUVDUFUJ7A,Popularity,0.0,0.0
AEIFZ7RCFJNHSOBPBODUVDUFUJ7A,CF (ItemKNN),0.0,0.0
AEIFZ7RCFJNHSOBPBODUVDUFUJ7A,Content (Avg Emb),0.08333333333333333,0.0
AEIFZ7RCFJNHSOBPBODUVDUFUJ7A,Last-Item,0.25,0.0
AEIFZ7RCFJNHSOBPBODUVDUFUJ7A,Avg-Last-10,0.16666666666666666,0.0
AEIFZ7RCFJNHSOBPBODUVDUFUJ7A,Recency-Weighted,0.25,0.0
AEIFZ7RCFJNHSOBPBODUVDUFUJ7A,Essence (K=10),0.16666666666666666,0.0
AEIHDVD2MWZSZKRUYWMRMKQHEQ7A,Random,0.0,
AEIHDVD2MWZSZKRUYWMRMKQHEQ7A,Popularity,0.0,
AEIHDVD2MWZSZKRUYWMRMKQHEQ7A,CF (ItemKNN),0.0,
AEIHDVD2MWZSZKRUYWMRMKQHEQ7A,Content (Avg Emb),0.0,
AEIHDVD2MWZSZKRUYWMRMKQHEQ7A,Last-Item,0.14285714285714285,
AEIHDVD2MWZSZKRUYWMRMKQHEQ7A,Avg-Last-10,0.0,
AEIHDVD2MWZSZKRUYWMRMKQHEQ7A,Recency-Weighted,0.0,
AEIHDVD2MWZSZKRUYWMRMKQHEQ7A,Essence (K=10),0.0,
AEIIRIHLIYKQGI7ZOCIJTRDF5NPQ_2_2_1,Random,0.0,
AEIIRIHLIYKQGI7ZOCIJTRDF5NPQ_2_2_1,Popularity,0.0,
AEIIRIHLIYKQGI7ZOCIJTRDF5NPQ_2_2_1,CF (ItemKNN),0.0,
AEIIRIHLIYKQGI7ZOCIJTRDF5NPQ_2_2_1,Content (Avg Emb),0.0,
AEIIRIHLIYKQGI7ZOCIJTRDF5NPQ_2_2_1,Last-Item,0.0,
AEIIRIHLIYKQGI7ZOCIJTRDF5NPQ_2_2_1,Avg-Last-10,0.0,
AEIIRIHLIYKQGI7ZOCIJTRDF5NPQ_2_2_1,Recency-Weighted,0.0,
AEIIRIHLIYKQGI7ZOCIJTRDF5NPQ_2_2_1,Essence (K=10),0.0,
AEIKHP34OZXSDQKHIZDSR3MZQFYA,Random,0.0,0.0
AEIKHP34OZXSDQKHIZDSR3MZQFYA,Popularity,0.0,0.0
AEIKHP34OZXSDQKHIZDSR3MZQFYA,CF (ItemKNN),0.0,0.0
AEIKHP34OZXSDQKHIZDSR3MZQFYA,Content (Avg Emb),0.0,0.0
AEIKHP34OZXSDQKHIZDSR3MZQFYA,Last-Item,0.0,0.0
AEIKHP34OZXSDQKHIZDSR3MZQFYA,Avg-Last-10,0.0,0.0
AEIKHP34OZXSDQKHIZDSR3MZQFYA,Recency-Weighted,0.0,0.0
AEIKHP34OZXSDQKHIZDSR3MZQFYA,Essence (K=10),0.0,0.0
AEIKOR4LYRGXNDZNKR3JJA6OR2AQ,Random,0.0,0.0
AEIKOR4LYRGXNDZNKR3JJA6OR2AQ,Popularity,0.0,0.0
AEIKOR4LYRGXNDZNKR3JJA6OR2AQ,CF (ItemKNN),0.0,0.0
AEIKOR4LYRGXNDZNKR3JJA6OR2AQ,Content (Avg Emb),0.0,0.0
AEIKOR4LYRGXNDZNKR3JJA6OR2AQ,Last-Item,0.0,0.0
AEIKOR4LYRGXNDZNKR3JJA6OR2AQ,Avg-Last-10,0.0,0.0
AEIKOR4LYRGXNDZNKR3JJA6OR2AQ,Recency-Weighted,0.0,0.0
AEIKOR4LYRGXNDZNKR3JJA6OR2AQ,Essence (K=10),0.16666666666666666,0.0
AEIM2JLPSCPSZM5GZHLSPP5DGDFA,Random,0.0,0.0
AEIM2JLPSCPSZM5GZHLSPP5DGDFA,Popularity,0.0,0.0
AEIM2JLPSCPSZM5GZHLSPP5DGDFA,CF (ItemKNN),0.0,0.0
AEIM2JLPSCPSZM5GZHLSPP5DGDFA,Content (Avg Emb),0.0,0.0
AEIM2JLPSCPSZM5GZHLSPP5DGDFA,Last-Item,0.0,0.0
AEIM2JLPSCPSZM5GZHLSPP5DGDFA,Avg-Last-10,0.0,0.0
AEIM2JLPSCPSZM5GZHLSPP5DGDFA,Recency-Weighted,0.0,0.0
AEIM2JLPSCPSZM5GZHLSPP5DGDFA,Essence (K=10),0.0,0.0
AEIN5GS477ZI4WI2L6ZKJAU4Y6VQ,Random,0.0,
AEIN5GS477ZI4WI2L6ZKJAU4Y6VQ,Popularity,0.0,
AEIN5GS477ZI4WI2L6ZKJAU4Y6VQ,CF (ItemKNN),0.0,
AEIN5GS477ZI4WI2L6ZKJAU4Y6VQ,Content (Avg Emb),0.0,
AEIN5GS477ZI4WI2L6ZKJAU4Y6VQ,Last-Item,0.0,
AEIN5GS477ZI4WI2L6ZKJAU4Y6VQ,Avg-Last-10,0.0,
AEIN5GS477ZI4WI2L6ZKJAU4Y6VQ,Recency-Weighted,0.0,
AEIN5GS477ZI4WI2L6ZKJAU4Y6VQ,Essence (K=10),0.0,
AEISGGHLCD4CJHCYWVTBEUFCD4JA,Random,0.0,
AEISGGHLCD4CJHCYWVTBEUFCD4JA,Popularity,0.0,
AEISGGHLCD4CJHCYWVTBEUFCD4JA,CF (ItemKNN),0.0,
AEISGGHLCD4CJHCYWVTBEUFCD4JA,Content (Avg Emb),0.0,
AEISGGHLCD4CJHCYWVTBEUFCD4JA,Last-Item,0.0,
AEISGGHLCD4CJHCYWVTBEUFCD4JA,Avg-Last-10,0.0,
AEISGGHLCD4CJHCYWVTBEUFCD4JA,Recency-Weighted,0.0,
AEISGGHLCD4CJHCYWVTBEUFCD4JA,Essence (K=10),0.0,
AEITN5VWBFOBU7WDYZTLAYTGG7BA,Random,0.0,0.0
AEITN5VWBFOBU7WDYZTLAYTGG7BA,Popularity,0.0,0.0
AEITN5VWBFOBU7WDYZTLAYTGG7BA,CF (ItemKNN),0.0,0.0
AEITN5VWBFOBU7WDYZTLAYTGG7BA,Content (Avg Emb),0.0,0.0
AEITN5VWBFOBU7WDYZTLAYTGG7BA,Last-Item,0.0,0.0
AEITN5VWBFOBU7WDYZTLAYTGG7BA,Avg-Last-10,0.0,0.0
AEITN5VWBFOBU7WDYZTLAYTGG7BA,Recency-Weighted,0.0,0.0
AEITN5VWBFOBU7WDYZTLAYTGG7BA,Essence (K=10),0.0,0.0
AEIWIRX7HSBPUU5PT4NZH2YZV4ZA,Random,0.0,0.0
AEIWIRX7HSBPUU5PT4NZH2YZV4ZA,Popularity,0.0,0.0
AEIWIRX7HSBPUU5PT4NZH2YZV4ZA,CF (ItemKNN),0.0,0.0
AEIWIRX7HSBPUU5PT4NZH2YZV4ZA,Content (Avg Emb),0.0,0.0
AEIWIRX7HSBPUU5PT4NZH2YZV4ZA,Last-Item,0.0,0.0
AEIWIRX7HSBPUU5PT4NZH2YZV4ZA,Avg-Last-10,0.0,0.0
AEIWIRX7HSBPUU5PT4NZH2YZV4ZA,Recency-Weighted,0.0,0.0
AEIWIRX7HSBPUU5PT4NZH2YZV4ZA,Essence (K=10),0.0,0.0
AEIWJOHIFSOL6PNKRMASJLMX7TKQ,Random,0.0,
AEIWJOHIFSOL6PNKRMASJLMX7TKQ,Popularity,0.0,
AEIWJOHIFSOL6PNKRMASJLMX7TKQ,CF (ItemKNN),0.0,
AEIWJOHIFSOL6PNKRMASJLMX7TKQ,Content (Avg Emb),0.0,
AEIWJOHIFSOL6PNKRMASJLMX7TKQ,Last-Item,0.0,
AEIWJOHIFSOL6PNKRMASJLMX7TKQ,Avg-Last-10,0.25,
AEIWJOHIFSOL6PNKRMASJLMX7TKQ,Recency-Weighted,0.25,
AEIWJOHIFSOL6PNKRMASJLMX7TKQ,Essence (K=10),0.0,
AEJ2SKGPRFB4TDRMKIVHCZSC56PA,Random,0.0,
AEJ2SKGPRFB4TDRMKIVHCZSC56PA,Popularity,0.0,
AEJ2SKGPRFB4TDRMKIVHCZSC56PA,CF (ItemKNN),0.0,
AEJ2SKGPRFB4TDRMKIVHCZSC56PA,Content (Avg Emb),0.0,
AEJ2SKGPRFB4TDRMKIVHCZSC56PA,Last-Item,0.0,
AEJ2SKGPRFB4TDRMKIVHCZSC56PA,Avg-Last-10,0.0,
AEJ2SKGPRFB4TDRMKIVHCZSC56PA,Recency-Weighted,0.0,
AEJ2SKGPRFB4TDRMKIVHCZSC56PA,Essence (K=10),0.0,
AEJANVQPUFAV45D4QF4SF2KHLP2Q,Random,0.0,0.0
AEJANVQPUFAV45D4QF4SF2KHLP2Q,Popularity,0.0,0.0
AEJANVQPUFAV45D4QF4SF2KHLP2Q,CF (ItemKNN),0.0,0.0
AEJANVQPUFAV45D4QF4SF2KHLP2Q,Content (Avg Emb),0.0,0.0
AEJANVQPUFAV45D4QF4SF2KHLP2Q,Last-Item,0.0,0.0
AEJANVQPUFAV45D4QF4SF2KHLP2Q,Avg-Last-10,0.0,0.0
AEJANVQPUFAV45D4QF4SF2KHLP2Q,Recency-Weighted,0.0,0.0
AEJANVQPUFAV45D4QF4SF2KHLP2Q,Essence (K=10),0.0,0.0
AEJC7XDADUMJTGFAHKWOXDNV7EAA,Random,0.0,0.0
AEJC7XDADUMJTGFAHKWOXDNV7EAA,Popularity,0.0,0.0
AEJC7XDADUMJTGFAHKWOXDNV7EAA,CF (ItemKNN),0.0,0.0
AEJC7XDADUMJTGFAHKWOXDNV7EAA,Content (Avg Emb),0.0,0.0
AEJC7XDADUMJTGFAHKWOXDNV7EAA,Last-Item,0.0,0.0
AEJC7XDADUMJTGFAHKWOXDNV7EAA,Avg-Last-10,0.0,0.0
AEJC7XDADUMJTGFAHKWOXDNV7EAA,Recency-Weighted,0.0,0.0
AEJC7XDADUMJTGFAHKWOXDNV7EAA,Essence (K=10),0.0,0.0
AEJDQZLMYD5AUO2PD4OJPFFXLX5Q,Random,0.0,
AEJDQZLMYD5AUO2PD4OJPFFXLX5Q,Popularity,0.0,
AEJDQZLMYD5AUO2PD4OJPFFXLX5Q,CF (ItemKNN),0.0,
AEJDQZLMYD5AUO2PD4OJPFFXLX5Q,Content (Avg Emb),0.0,
AEJDQZLMYD5AUO2PD4OJPFFXLX5Q,Last-Item,0.0,
AEJDQZLMYD5AUO2PD4OJPFFXLX5Q,Avg-Last-10,0.0,
AEJDQZLMYD5AUO2PD4OJPFFXLX5Q,Recency-Weighted,0.0,
AEJDQZLMYD5AUO2PD4OJPFFXLX5Q,Essence (K=10),0.0,
AEJG3IEEGXNQP5MVRTOEBZSHW2VA,Random,0.0,
AEJG3IEEGXNQP5MVRTOEBZSHW2VA,Popularity,0.0,
AEJG3IEEGXNQP5MVRTOEBZSHW2VA,CF (ItemKNN),0.0,
AEJG3IEEGXNQP5MVRTOEBZSHW2VA,Content (Avg Emb),0.0,
AEJG3IEEGXNQP5MVRTOEBZSHW2VA,Last-Item,0.0,
AEJG3IEEGXNQP5MVRTOEBZSHW2VA,Avg-Last-10,0.0,
AEJG3IEEGXNQP5MVRTOEBZSHW2VA,Recency-Weighted,0.0,
AEJG3IEEGXNQP5MVRTOEBZSHW2VA,Essence (K=10),0.0,
AEJH772BM23YVRK3N2V47DCVZ3QA,Random,0.0,
AEJH772BM23YVRK3N2V47DCVZ3QA,Popularity,0.0,
AEJH772BM23YVRK3N2V47DCVZ3QA,CF (ItemKNN),0.0,
AEJH772BM23YVRK3N2V47DCVZ3QA,Content (Avg Emb),0.0,
AEJH772BM23YVRK3N2V47DCVZ3QA,Last-Item,0.0,
AEJH772BM23YVRK3N2V47DCVZ3QA,Avg-Last-10,0.0,
AEJH772BM23YVRK3N2V47DCVZ3QA,Recency-Weighted,0.0,
AEJH772BM23YVRK3N2V47DCVZ3QA,Essence (K=10),0.0,
AEJI3JLDDY7DAGVBK6QGKF5HZAPQ,Random,0.0,0.0
AEJI3JLDDY7DAGVBK6QGKF5HZAPQ,Popularity,0.0,0.0
AEJI3JLDDY7DAGVBK6QGKF5HZAPQ,CF (ItemKNN),0.0,0.0
AEJI3JLDDY7DAGVBK6QGKF5HZAPQ,Content (Avg Emb),0.0,0.0
AEJI3JLDDY7DAGVBK6QGKF5HZAPQ,Last-Item,0.09090909090909091,0.0
AEJI3JLDDY7DAGVBK6QGKF5HZAPQ,Avg-Last-10,0.09090909090909091,0.0
AEJI3JLDDY7DAGVBK6QGKF5HZAPQ,Recency-Weighted,0.09090909090909091,0.0
AEJI3JLDDY7DAGVBK6QGKF5HZAPQ,Essence (K=10),0.0,0.0
AEJML7B26PQE7U4BSTSHBCQTDNWQ,Random,0.0,
AEJML7B26PQE7U4BSTSHBCQTDNWQ,Popularity,0.0,
AEJML7B26PQE7U4BSTSHBCQTDNWQ,CF (ItemKNN),0.0,
AEJML7B26PQE7U4BSTSHBCQTDNWQ,Content (Avg Emb),0.0,
AEJML7B26PQE7U4BSTSHBCQTDNWQ,Last-Item,0.0,
AEJML7B26PQE7U4BSTSHBCQTDNWQ,Avg-Last-10,0.25,
AEJML7B26PQE7U4BSTSHBCQTDNWQ,Recency-Weighted,0.25,
AEJML7B26PQE7U4BSTSHBCQTDNWQ,Essence (K=10),0.5,
AEJNZ34EIS2HMK2L42CDLT74WCMA,Random,0.0,0.0
AEJNZ34EIS2HMK2L42CDLT74WCMA,Popularity,0.0,0.0
AEJNZ34EIS2HMK2L42CDLT74WCMA,CF (ItemKNN),0.0,0.0
AEJNZ34EIS2HMK2L42CDLT74WCMA,Content (Avg Emb),0.0,0.0
AEJNZ34EIS2HMK2L42CDLT74WCMA,Last-Item,0.16666666666666666,0.5
AEJNZ34EIS2HMK2L42CDLT74WCMA,Avg-Last-10,0.16666666666666666,0.0
AEJNZ34EIS2HMK2L42CDLT74WCMA,Recency-Weighted,0.16666666666666666,0.0
AEJNZ34EIS2HMK2L42CDLT74WCMA,Essence (K=10),0.16666666666666666,0.0
AEJP73XQSOETXMVQBPJPBBKVRVOA,Random,0.0,0.0
AEJP73XQSOETXMVQBPJPBBKVRVOA,Popularity,0.0,0.0
AEJP73XQSOETXMVQBPJPBBKVRVOA,CF (ItemKNN),0.0,0.0
AEJP73XQSOETXMVQBPJPBBKVRVOA,Content (Avg Emb),0.0,0.0
AEJP73XQSOETXMVQBPJPBBKVRVOA,Last-Item,0.0,0.0
AEJP73XQSOETXMVQBPJPBBKVRVOA,Avg-Last-10,0.0,0.0
AEJP73XQSOETXMVQBPJPBBKVRVOA,Recency-Weighted,0.0,0.0
AEJP73XQSOETXMVQBPJPBBKVRVOA,Essence (K=10),0.0,0.0
AEJPQYTMPLTRRRLLJQIOHIPTBZSA,Random,0.0,0.0
AEJPQYTMPLTRRRLLJQIOHIPTBZSA,Popularity,0.0,0.0
AEJPQYTMPLTRRRLLJQIOHIPTBZSA,CF (ItemKNN),0.0,0.0
AEJPQYTMPLTRRRLLJQIOHIPTBZSA,Content (Avg Emb),0.0,0.0
AEJPQYTMPLTRRRLLJQIOHIPTBZSA,Last-Item,0.0,0.0
AEJPQYTMPLTRRRLLJQIOHIPTBZSA,Avg-Last-10,0.0,0.0
AEJPQYTMPLTRRRLLJQIOHIPTBZSA,Recency-Weighted,0.0,0.0
AEJPQYTMPLTRRRLLJQIOHIPTBZSA,Essence (K=10),0.0,0.0
AEJPTSSVEEDYKUMJQ5YH6LE2PMFA,Random,0.0,0.0
AEJPTSSVEEDYKUMJQ5YH6LE2PMFA,Popularity,0.0,0.0
AEJPTSSVEEDYKUMJQ5YH6LE2PMFA,CF (ItemKNN),0.0,0.0
AEJPTSSVEEDYKUMJQ5YH6LE2PMFA,Content (Avg Emb),0.0,0.0
AEJPTSSVEEDYKUMJQ5YH6LE2PMFA,Last-Item,0.0,0.0
AEJPTSSVEEDYKUMJQ5YH6LE2PMFA,Avg-Last-10,0.0,0.0
AEJPTSSVEEDYKUMJQ5YH6LE2PMFA,Recency-Weighted,0.0,0.0
AEJPTSSVEEDYKUMJQ5YH6LE2PMFA,Essence (K=10),0.0,0.0
AEJTHD3NLWRBBSFEBZZNDVNX34IQ,Random,0.0,
AEJTHD3NLWRBBSFEBZZNDVNX34IQ,Popularity,0.0,
AEJTHD3NLWRBBSFEBZZNDVNX34IQ,CF (ItemKNN),0.0,
AEJTHD3NLWRBBSFEBZZNDVNX34IQ,Content (Avg Emb),0.08333333333333333,
AEJTHD3NLWRBBSFEBZZNDVNX34IQ,Last-Item,0.25,
AEJTHD3NLWRBBSFEBZZNDVNX34IQ,Avg-Last-10,0.25,
AEJTHD3NLWRBBSFEBZZNDVNX34IQ,Recency-Weighted,0.25,
AEJTHD3NLWRBBSFEBZZNDVNX34IQ,Essence (K=10),0.25,
AEJWOZC4BAH6D2XW5NISXUOEHHMA,Random,0.0,0.0
AEJWOZC4BAH6D2XW5NISXUOEHHMA,Popularity,0.0,0.0
AEJWOZC4BAH6D2XW5NISXUOEHHMA,CF (ItemKNN),0.0,0.0
AEJWOZC4BAH6D2XW5NISXUOEHHMA,Content (Avg Emb),0.0,0.0
AEJWOZC4BAH6D2XW5NISXUOEHHMA,Last-Item,0.0,0.0
AEJWOZC4BAH6D2XW5NISXUOEHHMA,Avg-Last-10,0.0,0.0
AEJWOZC4BAH6D2XW5NISXUOEHHMA,Recency-Weighted,0.0,0.0
AEJWOZC4BAH6D2XW5NISXUOEHHMA,Essence (K=10),0.0,0.0
AEJZMA34QZDQHJE3PRIICGLSHL7Q,Random,0.0,
AEJZMA34QZDQHJE3PRIICGLSHL7Q,Popularity,0.0,
AEJZMA34QZDQHJE3PRIICGLSHL7Q,CF (ItemKNN),0.0,
AEJZMA34QZDQHJE3PRIICGLSHL7Q,Content (Avg Emb),0.0,
AEJZMA34QZDQHJE3PRIICGLSHL7Q,Last-Item,0.0,
AEJZMA34QZDQHJE3PRIICGLSHL7Q,Avg-Last-10,0.0,
AEJZMA34QZDQHJE3PRIICGLSHL7Q,Recency-Weighted,0.0,
AEJZMA34QZDQHJE3PRIICGLSHL7Q,Essence (K=10),0.0,
AEK2ODLNOCXJNIHHA7QG7BRMD2CQ,Random,0.0,
AEK2ODLNOCXJNIHHA7QG7BRMD2CQ,Popularity,0.0,
AEK2ODLNOCXJNIHHA7QG7BRMD2CQ,CF (ItemKNN),0.0,
AEK2ODLNOCXJNIHHA7QG7BRMD2CQ,Content (Avg Emb),0.0,
AEK2ODLNOCXJNIHHA7QG7BRMD2CQ,Last-Item,0.0,
AEK2ODLNOCXJNIHHA7QG7BRMD2CQ,Avg-Last-10,0.0,
AEK2ODLNOCXJNIHHA7QG7BRMD2CQ,Recency-Weighted,0.0,
AEK2ODLNOCXJNIHHA7QG7BRMD2CQ,Essence (K=10),0.0,
AEK5NRQJLR4UB5CDPQW4HKHCQPUA,Random,0.0,0.0
AEK5NRQJLR4UB5CDPQW4HKHCQPUA,Popularity,0.0,0.0
AEK5NRQJLR4UB5CDPQW4HKHCQPUA,CF (ItemKNN),0.0,0.0
AEK5NRQJLR4UB5CDPQW4HKHCQPUA,Content (Avg Emb),0.0,0.0
AEK5NRQJLR4UB5CDPQW4HKHCQPUA,Last-Item,0.0,0.0
AEK5NRQJLR4UB5CDPQW4HKHCQPUA,Avg-Last-10,0.0,0.0
AEK5NRQJLR4UB5CDPQW4HKHCQPUA,Recency-Weighted,0.0,0.0
AEK5NRQJLR4UB5CDPQW4HKHCQPUA,Essence (K=10),0.0,0.0
AEKFFI3ZHHGJKEEY2GHDBDUU35XQ,Random,0.0,0.0
AEKFFI3ZHHGJKEEY2GHDBDUU35XQ,Popularity,0.0,0.0
AEKFFI3ZHHGJKEEY2GHDBDUU35XQ,CF (ItemKNN),0.0,0.0
AEKFFI3ZHHGJKEEY2GHDBDUU35XQ,Content (Avg Emb),0.0,0.0
AEKFFI3ZHHGJKEEY2GHDBDUU35XQ,Last-Item,0.0,0.0
AEKFFI3ZHHGJKEEY2GHDBDUU35XQ,Avg-Last-10,0.0,0.0
AEKFFI3ZHHGJKEEY2GHDBDUU35XQ,Recency-Weighted,0.0,0.0
AEKFFI3ZHHGJKEEY2GHDBDUU35XQ,Essence (K=10),0.0,0.0
AEKG47U2ZSDWCBQWO2CYJJOHGEBQ,Random,0.0,
AEKG47U2ZSDWCBQWO2CYJJOHGEBQ,Popularity,0.0,
AEKG47U2ZSDWCBQWO2CYJJOHGEBQ,CF (ItemKNN),0.0,
AEKG47U2ZSDWCBQWO2CYJJOHGEBQ,Content (Avg Emb),0.0,
AEKG47U2ZSDWCBQWO2CYJJOHGEBQ,Last-Item,0.0,
AEKG47U2ZSDWCBQWO2CYJJOHGEBQ,Avg-Last-10,0.0,
AEKG47U2ZSDWCBQWO2CYJJOHGEBQ,Recency-Weighted,0.0,
AEKG47U2ZSDWCBQWO2CYJJOHGEBQ,Essence (K=10),0.0,
AEKH7UEPF7VS2H5TS6S7E244D72A,Random,0.0,0.0
AEKH7UEPF7VS2H5TS6S7E244D72A,Popularity,0.0,0.0
AEKH7UEPF7VS2H5TS6S7E244D72A,CF (ItemKNN),0.0,0.0
AEKH7UEPF7VS2H5TS6S7E244D72A,Content (Avg Emb),0.0,0.0
AEKH7UEPF7VS2H5TS6S7E244D72A,Last-Item,0.0,0.0
AEKH7UEPF7VS2H5TS6S7E244D72A,Avg-Last-10,0.0,0.0
AEKH7UEPF7VS2H5TS6S7E244D72A,Recency-Weighted,0.09090909090909091,0.0
AEKH7UEPF7VS2H5TS6S7E244D72A,Essence (K=10),0.0,0.0
AEKHHBB7LPSXVVST3ISDZEW7TXJQ,Random,0.0,0.0
AEKHHBB7LPSXVVST3ISDZEW7TXJQ,Popularity,0.0,0.0
AEKHHBB7LPSXVVST3ISDZEW7TXJQ,CF (ItemKNN),0.0,0.0
AEKHHBB7LPSXVVST3ISDZEW7TXJQ,Content (Avg Emb),0.0,0.0
AEKHHBB7LPSXVVST3ISDZEW7TXJQ,Last-Item,0.0,0.0
AEKHHBB7LPSXVVST3ISDZEW7TXJQ,Avg-Last-10,0.0,0.0
AEKHHBB7LPSXVVST3ISDZEW7TXJQ,Recency-Weighted,0.0,0.0
AEKHHBB7LPSXVVST3ISDZEW7TXJQ,Essence (K=10),0.0,0.0
AEKJTZNL6BWSFD2SC4PTSLZNURKA,Random,0.0,
AEKJTZNL6BWSFD2SC4PTSLZNURKA,Popularity,0.0,
AEKJTZNL6BWSFD2SC4PTSLZNURKA,CF (ItemKNN),0.0,
AEKJTZNL6BWSFD2SC4PTSLZNURKA,Content (Avg Emb),0.0,
AEKJTZNL6BWSFD2SC4PTSLZNURKA,Last-Item,0.2857142857142857,
AEKJTZNL6BWSFD2SC4PTSLZNURKA,Avg-Last-10,0.14285714285714285,
AEKJTZNL6BWSFD2SC4PTSLZNURKA,Recency-Weighted,0.14285714285714285,
AEKJTZNL6BWSFD2SC4PTSLZNURKA,Essence (K=10),0.14285714285714285,
AEKN5ESHFCUHGLVOK2QK5DHMYOYQ,Random,0.0,0.0
AEKN5ESHFCUHGLVOK2QK5DHMYOYQ,Popularity,0.0,0.0
AEKN5ESHFCUHGLVOK2QK5DHMYOYQ,CF (ItemKNN),0.2,0.0
AEKN5ESHFCUHGLVOK2QK5DHMYOYQ,Content (Avg Emb),0.0,0.0
AEKN5ESHFCUHGLVOK2QK5DHMYOYQ,Last-Item,0.0,0.0
AEKN5ESHFCUHGLVOK2QK5DHMYOYQ,Avg-Last-10,0.0,0.0
AEKN5ESHFCUHGLVOK2QK5DHMYOYQ,Recency-Weighted,0.0,0.0
AEKN5ESHFCUHGLVOK2QK5DHMYOYQ,Essence (K=10),0.0,0.0
AEKPDUCNGW7XIIYTBVCYFQ2G6RXA,Random,0.0,0.0
AEKPDUCNGW7XIIYTBVCYFQ2G6RXA,Popularity,0.0,0.0
AEKPDUCNGW7XIIYTBVCYFQ2G6RXA,CF (ItemKNN),0.0,0.0
AEKPDUCNGW7XIIYTBVCYFQ2G6RXA,Content (Avg Emb),0.0,0.0
AEKPDUCNGW7XIIYTBVCYFQ2G6RXA,Last-Item,0.0,0.0
AEKPDUCNGW7XIIYTBVCYFQ2G6RXA,Avg-Last-10,0.0,0.0
AEKPDUCNGW7XIIYTBVCYFQ2G6RXA,Recency-Weighted,0.0,0.0
AEKPDUCNGW7XIIYTBVCYFQ2G6RXA,Essence (K=10),0.0,0.0
AEKPPOLIAQHRAWICEJKGFNPAZD5Q,Random,0.0,0.0
AEKPPOLIAQHRAWICEJKGFNPAZD5Q,Popularity,0.0,0.0
AEKPPOLIAQHRAWICEJKGFNPAZD5Q,CF (ItemKNN),0.0,0.0
AEKPPOLIAQHRAWICEJKGFNPAZD5Q,Content (Avg Emb),0.0,0.0
AEKPPOLIAQHRAWICEJKGFNPAZD5Q,Last-Item,0.0,0.0
AEKPPOLIAQHRAWICEJKGFNPAZD5Q,Avg-Last-10,0.0,0.0
AEKPPOLIAQHRAWICEJKGFNPAZD5Q,Recency-Weighted,0.0,0.0
AEKPPOLIAQHRAWICEJKGFNPAZD5Q,Essence (K=10),0.0,0.0
AEKQIEV34GW4FIXHEGP7C4Z2ZIEA,Random,0.0,0.0
AEKQIEV34GW4FIXHEGP7C4Z2ZIEA,Popularity,0.0,0.0
AEKQIEV34GW4FIXHEGP7C4Z2ZIEA,CF (ItemKNN),0.0,0.0
AEKQIEV34GW4FIXHEGP7C4Z2ZIEA,Content (Avg Emb),0.0,0.0
AEKQIEV34GW4FIXHEGP7C4Z2ZIEA,Last-Item,0.4,0.0
AEKQIEV34GW4FIXHEGP7C4Z2ZIEA,Avg-Last-10,0.0,0.0
AEKQIEV34GW4FIXHEGP7C4Z2ZIEA,Recency-Weighted,0.0,0.0
AEKQIEV34GW4FIXHEGP7C4Z2ZIEA,Essence (K=10),0.0,0.0
AEKREDYEXNR2RCS7UH4KFQQ3LPRQ,Random,0.0,0.0
AEKREDYEXNR2RCS7UH4KFQQ3LPRQ,Popularity,0.0,0.0
AEKREDYEXNR2RCS7UH4KFQQ3LPRQ,CF (ItemKNN),0.0,0.0
AEKREDYEXNR2RCS7UH4KFQQ3LPRQ,Content (Avg Emb),0.0,0.0
AEKREDYEXNR2RCS7UH4KFQQ3LPRQ,Last-Item,0.0,0.0
AEKREDYEXNR2RCS7UH4KFQQ3LPRQ,Avg-Last-10,0.0,0.0
AEKREDYEXNR2RCS7UH4KFQQ3LPRQ,Recency-Weighted,0.0,0.0
AEKREDYEXNR2RCS7UH4KFQQ3LPRQ,Essence (K=10),0.0,0.0
AEKS5CJXD5CS3H6N2YNGAMTRDJLA,Random,0.0,
AEKS5CJXD5CS3H6N2YNGAMTRDJLA,Popularity,0.0,
AEKS5CJXD5CS3H6N2YNGAMTRDJLA,CF (ItemKNN),0.0,
AEKS5CJXD5CS3H6N2YNGAMTRDJLA,Content (Avg Emb),0.0,
AEKS5CJXD5CS3H6N2YNGAMTRDJLA,Last-Item,0.0,
AEKS5CJXD5CS3H6N2YNGAMTRDJLA,Avg-Last-10,0.0,
AEKS5CJXD5CS3H6N2YNGAMTRDJLA,Recency-Weighted,0.0,
AEKS5CJXD5CS3H6N2YNGAMTRDJLA,Essence (K=10),0.0,
AEKTHXEFTMGZLSLWWOGVHSA76OTQ,Random,0.0,0.0
AEKTHXEFTMGZLSLWWOGVHSA76OTQ,Popularity,0.0,0.0
AEKTHXEFTMGZLSLWWOGVHSA76OTQ,CF (ItemKNN),0.0,0.0
AEKTHXEFTMGZLSLWWOGVHSA76OTQ,Content (Avg Emb),0.0,0.0
AEKTHXEFTMGZLSLWWOGVHSA76OTQ,Last-Item,0.0,0.0
AEKTHXEFTMGZLSLWWOGVHSA76OTQ,Avg-Last-10,0.0,0.0
AEKTHXEFTMGZLSLWWOGVHSA76OTQ,Recency-Weighted,0.0,0.0
AEKTHXEFTMGZLSLWWOGVHSA76OTQ,Essence (K=10),0.0,0.0
AEKWF23K2TG5SJXDONWW3K6BDVVA,Random,0.0,
AEKWF23K2TG5SJXDONWW3K6BDVVA,Popularity,0.0,
AEKWF23K2TG5SJXDONWW3K6BDVVA,CF (ItemKNN),0.0,
AEKWF23K2TG5SJXDONWW3K6BDVVA,Content (Avg Emb),0.0,
AEKWF23K2TG5SJXDONWW3K6BDVVA,Last-Item,0.2,
AEKWF23K2TG5SJXDONWW3K6BDVVA,Avg-Last-10,0.0,
AEKWF23K2TG5SJXDONWW3K6BDVVA,Recency-Weighted,0.0,
AEKWF23K2TG5SJXDONWW3K6BDVVA,Essence (K=10),0.0,
AEKY22QCB7EPDF2P4RXZSSNTNMSQ,Random,0.0,
AEKY22QCB7EPDF2P4RXZSSNTNMSQ,Popularity,0.0,
AEKY22QCB7EPDF2P4RXZSSNTNMSQ,CF (ItemKNN),0.0,
AEKY22QCB7EPDF2P4RXZSSNTNMSQ,Content (Avg Emb),0.0,
AEKY22QCB7EPDF2P4RXZSSNTNMSQ,Last-Item,0.0,
AEKY22QCB7EPDF2P4RXZSSNTNMSQ,Avg-Last-10,0.0,
AEKY22QCB7EPDF2P4RXZSSNTNMSQ,Recency-Weighted,0.0,
AEKY22QCB7EPDF2P4RXZSSNTNMSQ,Essence (K=10),0.0,
AEKYQ3DZ6X3J36VOCL3KUWCMOH6A,Random,0.0,0.0
AEKYQ3DZ6X3J36VOCL3KUWCMOH6A,Popularity,0.0,0.0
AEKYQ3DZ6X3J36VOCL3KUWCMOH6A,CF (ItemKNN),0.0,0.0
AEKYQ3DZ6X3J36VOCL3KUWCMOH6A,Content (Avg Emb),0.0,0.0
AEKYQ3DZ6X3J36VOCL3KUWCMOH6A,Last-Item,0.0,0.0
AEKYQ3DZ6X3J36VOCL3KUWCMOH6A,Avg-Last-10,0.0,0.0
AEKYQ3DZ6X3J36VOCL3KUWCMOH6A,Recency-Weighted,0.0,0.0
AEKYQ3DZ6X3J36VOCL3KUWCMOH6A,Essence (K=10),0.0,0.0
AEKYXJVULXTRHIDGBLVJ64XWN5IA,Random,0.0,0.0
AEKYXJVULXTRHIDGBLVJ64XWN5IA,Popularity,0.0,0.0
AEKYXJVULXTRHIDGBLVJ64XWN5IA,CF (ItemKNN),0.0,0.0
AEKYXJVULXTRHIDGBLVJ64XWN5IA,Content (Avg Emb),0.0,0.0
AEKYXJVULXTRHIDGBLVJ64XWN5IA,Last-Item,0.0,0.0
AEKYXJVULXTRHIDGBLVJ64XWN5IA,Avg-Last-10,0.0,0.0
AEKYXJVULXTRHIDGBLVJ64XWN5IA,Recency-Weighted,0.0,0.0
AEKYXJVULXTRHIDGBLVJ64XWN5IA,Essence (K=10),0.0,0.0
AEL2VUYDTGB7VTQQ7INYO5DORTDA,Random,0.0,0.0
AEL2VUYDTGB7VTQQ7INYO5DORTDA,Popularity,0.0,0.0
AEL2VUYDTGB7VTQQ7INYO5DORTDA,CF (ItemKNN),0.0,0.0
AEL2VUYDTGB7VTQQ7INYO5DORTDA,Content (Avg Emb),0.09090909090909091,0.0
AEL2VUYDTGB7VTQQ7INYO5DORTDA,Last-Item,0.18181818181818182,0.0
AEL2VUYDTGB7VTQQ7INYO5DORTDA,Avg-Last-10,0.0,0.0
AEL2VUYDTGB7VTQQ7INYO5DORTDA,Recency-Weighted,0.0,0.0
AEL2VUYDTGB7VTQQ7INYO5DORTDA,Essence (K=10),0.0,0.0
AEL3DA2RF7ZZSMSFTS6DY4PCQ6KA,Random,0.0,0.0
AEL3DA2RF7ZZSMSFTS6DY4PCQ6KA,Popularity,0.0,0.0
AEL3DA2RF7ZZSMSFTS6DY4PCQ6KA,CF (ItemKNN),0.0,0.0
AEL3DA2RF7ZZSMSFTS6DY4PCQ6KA,Content (Avg Emb),0.0,0.0
AEL3DA2RF7ZZSMSFTS6DY4PCQ6KA,Last-Item,0.0,0.0
AEL3DA2RF7ZZSMSFTS6DY4PCQ6KA,Avg-Last-10,0.0,0.0
AEL3DA2RF7ZZSMSFTS6DY4PCQ6KA,Recency-Weighted,0.0,0.0
AEL3DA2RF7ZZSMSFTS6DY4PCQ6KA,Essence (K=10),0.0,0.0
AELI3UAD2WAGMP3HLKTC2HDSZ7IQ,Random,0.0,0.0
AELI3UAD2WAGMP3HLKTC2HDSZ7IQ,Popularity,0.0,0.0
AELI3UAD2WAGMP3HLKTC2HDSZ7IQ,CF (ItemKNN),0.0,0.0
AELI3UAD2WAGMP3HLKTC2HDSZ7IQ,Content (Avg Emb),0.0,0.0
AELI3UAD2WAGMP3HLKTC2HDSZ7IQ,Last-Item,0.0,0.0
AELI3UAD2WAGMP3HLKTC2HDSZ7IQ,Avg-Last-10,0.0,0.0
AELI3UAD2WAGMP3HLKTC2HDSZ7IQ,Recency-Weighted,0.0,0.0
AELI3UAD2WAGMP3HLKTC2HDSZ7IQ,Essence (K=10),0.0,0.0
AELIND6M6RLMXOFMNSZFAZPWNVCA,Random,0.0,0.0
AELIND6M6RLMXOFMNSZFAZPWNVCA,Popularity,0.0,0.0
AELIND6M6RLMXOFMNSZFAZPWNVCA,CF (ItemKNN),0.0,0.0
AELIND6M6RLMXOFMNSZFAZPWNVCA,Content (Avg Emb),0.0,0.0
AELIND6M6RLMXOFMNSZFAZPWNVCA,Last-Item,0.8333333333333334,1.0
AELIND6M6RLMXOFMNSZFAZPWNVCA,Avg-Last-10,0.8333333333333334,1.0
AELIND6M6RLMXOFMNSZFAZPWNVCA,Recency-Weighted,0.8333333333333334,1.0
AELIND6M6RLMXOFMNSZFAZPWNVCA,Essence (K=10),0.8333333333333334,1.0
AELKGRC6IB2MQGYN4CA4K4CKW4SQ,Random,0.0,
AELKGRC6IB2MQGYN4CA4K4CKW4SQ,Popularity,0.0,
AELKGRC6IB2MQGYN4CA4K4CKW4SQ,CF (ItemKNN),0.0,
AELKGRC6IB2MQGYN4CA4K4CKW4SQ,Content (Avg Emb),0.0,
AELKGRC6IB2MQGYN4CA4K4CKW4SQ,Last-Item,0.0,
AELKGRC6IB2MQGYN4CA4K4CKW4SQ,Avg-Last-10,0.0,
AELKGRC6IB2MQGYN4CA4K4CKW4SQ,Recency-Weighted,0.0,
AELKGRC6IB2MQGYN4CA4K4CKW4SQ,Essence (K=10),0.0,
AELNKTZKYOXRNBNAQOIXSQW5GRLQ,Random,0.0,0.0
AELNKTZKYOXRNBNAQOIXSQW5GRLQ,Popularity,0.0,0.0
AELNKTZKYOXRNBNAQOIXSQW5GRLQ,CF (ItemKNN),0.0,0.0
AELNKTZKYOXRNBNAQOIXSQW5GRLQ,Content (Avg Emb),0.0,0.0
AELNKTZKYOXRNBNAQOIXSQW5GRLQ,Last-Item,0.0,0.0
AELNKTZKYOXRNBNAQOIXSQW5GRLQ,Avg-Last-10,0.038461538461538464,0.0
AELNKTZKYOXRNBNAQOIXSQW5GRLQ,Recency-Weighted,0.038461538461538464,0.0
AELNKTZKYOXRNBNAQOIXSQW5GRLQ,Essence (K=10),0.038461538461538464,0.0
AELNWGTMJ6DMWXQ3VQOV7XK5UTHQ,Random,0.0,0.0
AELNWGTMJ6DMWXQ3VQOV7XK5UTHQ,Popularity,0.0,0.0
AELNWGTMJ6DMWXQ3VQOV7XK5UTHQ,CF (ItemKNN),0.0,0.0
AELNWGTMJ6DMWXQ3VQOV7XK5UTHQ,Content (Avg Emb),0.0,0.0
AELNWGTMJ6DMWXQ3VQOV7XK5UTHQ,Last-Item,0.0,0.0
AELNWGTMJ6DMWXQ3VQOV7XK5UTHQ,Avg-Last-10,0.0,0.0
AELNWGTMJ6DMWXQ3VQOV7XK5UTHQ,Recency-Weighted,0.0,0.0
AELNWGTMJ6DMWXQ3VQOV7XK5UTHQ,Essence (K=10),0.0,0.0
AELQL2T7SKO2JUOD32QCHFK6LFWA,Random,0.0,0.0
AELQL2T7SKO2JUOD32QCHFK6LFWA,Popularity,0.0,0.0
AELQL2T7SKO2JUOD32QCHFK6LFWA,CF (ItemKNN),0.0,0.0
AELQL2T7SKO2JUOD32QCHFK6LFWA,Content (Avg Emb),0.0,0.0
AELQL2T7SKO2JUOD32QCHFK6LFWA,Last-Item,0.0,0.0
AELQL2T7SKO2JUOD32QCHFK6LFWA,Avg-Last-10,0.0,0.0
AELQL2T7SKO2JUOD32QCHFK6LFWA,Recency-Weighted,0.0,0.0
AELQL2T7SKO2JUOD32QCHFK6LFWA,Essence (K=10),0.0,0.0
AELTHNAIG7KQIZLYILUHAXGTWC6A,Random,0.0,0.0
AELTHNAIG7KQIZLYILUHAXGTWC6A,Popularity,0.0,0.0
AELTHNAIG7KQIZLYILUHAXGTWC6A,CF (ItemKNN),0.0,0.0
AELTHNAIG7KQIZLYILUHAXGTWC6A,Content (Avg Emb),0.0,0.0
AELTHNAIG7KQIZLYILUHAXGTWC6A,Last-Item,0.0,0.0
AELTHNAIG7KQIZLYILUHAXGTWC6A,Avg-Last-10,0.0,0.0
AELTHNAIG7KQIZLYILUHAXGTWC6A,Recency-Weighted,0.0,0.0
AELTHNAIG7KQIZLYILUHAXGTWC6A,Essence (K=10),0.0,0.0
AELXIWO4NQK74LMLOXAFUBPKBIIA,Random,0.0,0.0
AELXIWO4NQK74LMLOXAFUBPKBIIA,Popularity,0.0,0.0
AELXIWO4NQK74LMLOXAFUBPKBIIA,CF (ItemKNN),0.0,0.0
AELXIWO4NQK74LMLOXAFUBPKBIIA,Content (Avg Emb),0.0,0.0
AELXIWO4NQK74LMLOXAFUBPKBIIA,Last-Item,0.0,0.0
AELXIWO4NQK74LMLOXAFUBPKBIIA,Avg-Last-10,0.0,0.0
AELXIWO4NQK74LMLOXAFUBPKBIIA,Recency-Weighted,0.0,0.0
AELXIWO4NQK74LMLOXAFUBPKBIIA,Essence (K=10),0.0,0.0
AEM2TL7XTMNEY6VBQOXMB6CKEGFA,Random,0.0,
AEM2TL7XTMNEY6VBQOXMB6CKEGFA,Popularity,0.0,
AEM2TL7XTMNEY6VBQOXMB6CKEGFA,CF (ItemKNN),0.0,
AEM2TL7XTMNEY6VBQOXMB6CKEGFA,Content (Avg Emb),0.0,
AEM2TL7XTMNEY6VBQOXMB6CKEGFA,Last-Item,0.0,
AEM2TL7XTMNEY6VBQOXMB6CKEGFA,Avg-Last-10,0.0,
AEM2TL7XTMNEY6VBQOXMB6CKEGFA,Recency-Weighted,0.0,
AEM2TL7XTMNEY6VBQOXMB6CKEGFA,Essence (K=10),0.0,
AEMC6IS7V2ZQXQYZIN5VTPZ2F2GQ,Random,0.0,0.0
AEMC6IS7V2ZQXQYZIN5VTPZ2F2GQ,Popularity,0.0,0.0
AEMC6IS7V2ZQXQYZIN5VTPZ2F2GQ,CF (ItemKNN),0.0,0.0
AEMC6IS7V2ZQXQYZIN5VTPZ2F2GQ,Content (Avg Emb),0.0,0.0
AEMC6IS7V2ZQXQYZIN5VTPZ2F2GQ,Last-Item,0.0,0.0
AEMC6IS7V2ZQXQYZIN5VTPZ2F2GQ,Avg-Last-10,0.0,0.0
AEMC6IS7V2ZQXQYZIN5VTPZ2F2GQ,Recency-Weighted,0.0,0.0
AEMC6IS7V2ZQXQYZIN5VTPZ2F2GQ,Essence (K=10),0.0,0.0
AEMDUNGRCCSVUOM4M2X2TYPLRAVA,Random,0.0,
AEMDUNGRCCSVUOM4M2X2TYPLRAVA,Popularity,0.0,
AEMDUNGRCCSVUOM4M2X2TYPLRAVA,CF (ItemKNN),0.0,
AEMDUNGRCCSVUOM4M2X2TYPLRAVA,Content (Avg Emb),0.0,
AEMDUNGRCCSVUOM4M2X2TYPLRAVA,Last-Item,0.0,
AEMDUNGRCCSVUOM4M2X2TYPLRAVA,Avg-Last-10,0.0,
AEMDUNGRCCSVUOM4M2X2TYPLRAVA,Recency-Weighted,0.0,
AEMDUNGRCCSVUOM4M2X2TYPLRAVA,Essence (K=10),0.0,
AEMSNGIYEV5IGI67T2FQSS5TKGUA,Random,0.0,0.0
AEMSNGIYEV5IGI67T2FQSS5TKGUA,Popularity,0.0,0.0
AEMSNGIYEV5IGI67T2FQSS5TKGUA,CF (ItemKNN),0.0,0.0
AEMSNGIYEV5IGI67T2FQSS5TKGUA,Content (Avg Emb),0.0,0.0
AEMSNGIYEV5IGI67T2FQSS5TKGUA,Last-Item,0.0,0.0
AEMSNGIYEV5IGI67T2FQSS5TKGUA,Avg-Last-10,0.0,0.0
AEMSNGIYEV5IGI67T2FQSS5TKGUA,Recency-Weighted,0.0,0.0
AEMSNGIYEV5IGI67T2FQSS5TKGUA,Essence (K=10),0.0,0.0
AEMTLSMNHPY3MDIYZGWP3AME4SKA,Random,0.0,0.0
AEMTLSMNHPY3MDIYZGWP3AME4SKA,Popularity,0.0,0.0
AEMTLSMNHPY3MDIYZGWP3AME4SKA,CF (ItemKNN),0.0,0.0
AEMTLSMNHPY3MDIYZGWP3AME4SKA,Content (Avg Emb),0.0,0.0
AEMTLSMNHPY3MDIYZGWP3AME4SKA,Last-Item,0.0,0.0
AEMTLSMNHPY3MDIYZGWP3AME4SKA,Avg-Last-10,0.0,0.0
AEMTLSMNHPY3MDIYZGWP3AME4SKA,Recency-Weighted,0.0,0.0
AEMTLSMNHPY3MDIYZGWP3AME4SKA,Essence (K=10),0.0,0.0
AEMTMJU4IGLOGGYPQVQKCWQEBZMQ,Random,0.0,
AEMTMJU4IGLOGGYPQVQKCWQEBZMQ,Popularity,0.0,
AEMTMJU4IGLOGGYPQVQKCWQEBZMQ,CF (ItemKNN),0.0,
AEMTMJU4IGLOGGYPQVQKCWQEBZMQ,Content (Avg Emb),0.0,
AEMTMJU4IGLOGGYPQVQKCWQEBZMQ,Last-Item,0.0,
AEMTMJU4IGLOGGYPQVQKCWQEBZMQ,Avg-Last-10,0.0,
AEMTMJU4IGLOGGYPQVQKCWQEBZMQ,Recency-Weighted,0.0,
AEMTMJU4IGLOGGYPQVQKCWQEBZMQ,Essence (K=10),0.0,
AEMUHZGDHRORTTX5Z6RRFOAEYJTA,Random,0.0,
AEMUHZGDHRORTTX5Z6RRFOAEYJTA,Popularity,0.0,
AEMUHZGDHRORTTX5Z6RRFOAEYJTA,CF (ItemKNN),0.0,
AEMUHZGDHRORTTX5Z6RRFOAEYJTA,Content (Avg Emb),0.0,
AEMUHZGDHRORTTX5Z6RRFOAEYJTA,Last-Item,0.0,
AEMUHZGDHRORTTX5Z6RRFOAEYJTA,Avg-Last-10,0.0,
AEMUHZGDHRORTTX5Z6RRFOAEYJTA,Recency-Weighted,0.0,
AEMUHZGDHRORTTX5Z6RRFOAEYJTA,Essence (K=10),0.0,
AEMYEHCKJC6ACETUD464VOXBRBKA,Random,0.0,
AEMYEHCKJC6ACETUD464VOXBRBKA,Popularity,0.0,
AEMYEHCKJC6ACETUD464VOXBRBKA,CF (ItemKNN),0.0,
AEMYEHCKJC6ACETUD464VOXBRBKA,Content (Avg Emb),0.0,
AEMYEHCKJC6ACETUD464VOXBRBKA,Last-Item,0.0,
AEMYEHCKJC6ACETUD464VOXBRBKA,Avg-Last-10,0.2857142857142857,
AEMYEHCKJC6ACETUD464VOXBRBKA,Recency-Weighted,0.2857142857142857,
AEMYEHCKJC6ACETUD464VOXBRBKA,Essence (K=10),0.42857142857142855,
AEN2N4CUCLSOT5HSELJVMDPLRG2Q,Random,0.0,0.0
AEN2N4CUCLSOT5HSELJVMDPLRG2Q,Popularity,0.0,0.0
AEN2N4CUCLSOT5HSELJVMDPLRG2Q,CF (ItemKNN),0.0,0.0
AEN2N4CUCLSOT5HSELJVMDPLRG2Q,Content (Avg Emb),0.0,0.0
AEN2N4CUCLSOT5HSELJVMDPLRG2Q,Last-Item,0.0,0.0
AEN2N4CUCLSOT5HSELJVMDPLRG2Q,Avg-Last-10,0.0,0.0
AEN2N4CUCLSOT5HSELJVMDPLRG2Q,Recency-Weighted,0.0,0.0
AEN2N4CUCLSOT5HSELJVMDPLRG2Q,Essence (K=10),0.0,0.0
AEN3GNFZHJ4VSCE4YYXLGGJU7ZBA,Random,0.0,
AEN3GNFZHJ4VSCE4YYXLGGJU7ZBA,Popularity,0.0,
AEN3GNFZHJ4VSCE4YYXLGGJU7ZBA,CF (ItemKNN),0.0,
AEN3GNFZHJ4VSCE4YYXLGGJU7ZBA,Content (Avg Emb),0.0,
AEN3GNFZHJ4VSCE4YYXLGGJU7ZBA,Last-Item,0.2,
AEN3GNFZHJ4VSCE4YYXLGGJU7ZBA,Avg-Last-10,0.0,
AEN3GNFZHJ4VSCE4YYXLGGJU7ZBA,Recency-Weighted,0.0,
AEN3GNFZHJ4VSCE4YYXLGGJU7ZBA,Essence (K=10),0.0,
AEN5WTEWCGW6YPKQBALFLDUXUJVA,Random,0.0,0.0
AEN5WTEWCGW6YPKQBALFLDUXUJVA,Popularity,0.0,0.0
AEN5WTEWCGW6YPKQBALFLDUXUJVA,CF (ItemKNN),0.0,0.0
AEN5WTEWCGW6YPKQBALFLDUXUJVA,Content (Avg Emb),0.0,0.0
AEN5WTEWCGW6YPKQBALFLDUXUJVA,Last-Item,0.0,0.0
AEN5WTEWCGW6YPKQBALFLDUXUJVA,Avg-Last-10,0.0,0.0
AEN5WTEWCGW6YPKQBALFLDUXUJVA,Recency-Weighted,0.0,0.0
AEN5WTEWCGW6YPKQBALFLDUXUJVA,Essence (K=10),0.0,0.0
AEN5YQD32TYCDCSH44DHBVPNUBOQ,Random,0.0,
AEN5YQD32TYCDCSH44DHBVPNUBOQ,Popularity,0.0,
AEN5YQD32TYCDCSH44DHBVPNUBOQ,CF (ItemKNN),0.0,
AEN5YQD32TYCDCSH44DHBVPNUBOQ,Content (Avg Emb),0.0,
AEN5YQD32TYCDCSH44DHBVPNUBOQ,Last-Item,0.16666666666666666,
AEN5YQD32TYCDCSH44DHBVPNUBOQ,Avg-Last-10,0.0,
AEN5YQD32TYCDCSH44DHBVPNUBOQ,Recency-Weighted,0.0,
AEN5YQD32TYCDCSH44DHBVPNUBOQ,Essence (K=10),0.0,
AENB7XZR7CQA225LS72VDXMW54RA,Random,0.0,0.0
AENB7XZR7CQA225LS72VDXMW54RA,Popularity,0.0,0.0
AENB7XZR7CQA225LS72VDXMW54RA,CF (ItemKNN),0.0,0.0
AENB7XZR7CQA225LS72VDXMW54RA,Content (Avg Emb),0.0,0.0
AENB7XZR7CQA225LS72VDXMW54RA,Last-Item,0.0,0.0
AENB7XZR7CQA225LS72VDXMW54RA,Avg-Last-10,0.0,0.0
AENB7XZR7CQA225LS72VDXMW54RA,Recency-Weighted,0.0,0.0
AENB7XZR7CQA225LS72VDXMW54RA,Essence (K=10),0.0,0.0
AENDTO74FSVBOOBYEV5UP7C6CAPQ,Random,0.0,
AENDTO74FSVBOOBYEV5UP7C6CAPQ,Popularity,0.0,
AENDTO74FSVBOOBYEV5UP7C6CAPQ,CF (ItemKNN),0.0,
AENDTO74FSVBOOBYEV5UP7C6CAPQ,Content (Avg Emb),0.0,
AENDTO74FSVBOOBYEV5UP7C6CAPQ,Last-Item,0.0,
AENDTO74FSVBOOBYEV5UP7C6CAPQ,Avg-Last-10,0.0,
AENDTO74FSVBOOBYEV5UP7C6CAPQ,Recency-Weighted,0.0,
AENDTO74FSVBOOBYEV5UP7C6CAPQ,Essence (K=10),0.0,
AENFUH65F4DQSUML4ZGYETLHOUPA,Random,0.0,0.0
AENFUH65F4DQSUML4ZGYETLHOUPA,Popularity,0.0,0.0
AENFUH65F4DQSUML4ZGYETLHOUPA,CF (ItemKNN),0.0,0.0
AENFUH65F4DQSUML4ZGYETLHOUPA,Content (Avg Emb),0.2,0.3333333333333333
AENFUH65F4DQSUML4ZGYETLHOUPA,Last-Item,0.0,0.0
AENFUH65F4DQSUML4ZGYETLHOUPA,Avg-Last-10,0.2,0.3333333333333333
AENFUH65F4DQSUML4ZGYETLHOUPA,Recency-Weighted,0.0,0.0
AENFUH65F4DQSUML4ZGYETLHOUPA,Essence (K=10),0.0,0.0
AENH26VFYJQVORKN3K6PTFSNXP2A,Random,0.0,0.0
AENH26VFYJQVORKN3K6PTFSNXP2A,Popularity,0.0,0.0
AENH26VFYJQVORKN3K6PTFSNXP2A,CF (ItemKNN),0.0,0.0
AENH26VFYJQVORKN3K6PTFSNXP2A,Content (Avg Emb),0.0,0.0
AENH26VFYJQVORKN3K6PTFSNXP2A,Last-Item,0.0,0.0
AENH26VFYJQVORKN3K6PTFSNXP2A,Avg-Last-10,0.0,0.0
AENH26VFYJQVORKN3K6PTFSNXP2A,Recency-Weighted,0.0,0.0
AENH26VFYJQVORKN3K6PTFSNXP2A,Essence (K=10),0.0,0.0
AENH6CYFNMAFYE3WTD2ILT3NNRNQ,Random,0.0,0.0
AENH6CYFNMAFYE3WTD2ILT3NNRNQ,Popularity,0.0,0.0
AENH6CYFNMAFYE3WTD2ILT3NNRNQ,CF (ItemKNN),0.0,0.0
AENH6CYFNMAFYE3WTD2ILT3NNRNQ,Content (Avg Emb),0.0,0.0
AENH6CYFNMAFYE3WTD2ILT3NNRNQ,Last-Item,0.2222222222222222,0.3333333333333333
AENH6CYFNMAFYE3WTD2ILT3NNRNQ,Avg-Last-10,0.1111111111111111,0.0
AENH6CYFNMAFYE3WTD2ILT3NNRNQ,Recency-Weighted,0.1111111111111111,0.0
AENH6CYFNMAFYE3WTD2ILT3NNRNQ,Essence (K=10),0.1111111111111111,0.0
AENHJFPZU6DXKMJ6FIEOJDKA2EJA,Random,0.0,0.0
AENHJFPZU6DXKMJ6FIEOJDKA2EJA,Popularity,0.0,0.0
AENHJFPZU6DXKMJ6FIEOJDKA2EJA,CF (ItemKNN),0.0,0.0
AENHJFPZU6DXKMJ6FIEOJDKA2EJA,Content (Avg Emb),0.0,0.0
AENHJFPZU6DXKMJ6FIEOJDKA2EJA,Last-Item,0.0,0.0
AENHJFPZU6DXKMJ6FIEOJDKA2EJA,Avg-Last-10,0.0,0.0
AENHJFPZU6DXKMJ6FIEOJDKA2EJA,Recency-Weighted,0.0,0.0
AENHJFPZU6DXKMJ6FIEOJDKA2EJA,Essence (K=10),0.0,0.0
AENI33GCGENHGKP7ZNGBVEZHMXQQ,Random,0.0,0.0
AENI33GCGENHGKP7ZNGBVEZHMXQQ,Popularity,0.0,0.0
AENI33GCGENHGKP7ZNGBVEZHMXQQ,CF (ItemKNN),0.0,0.0
AENI33GCGENHGKP7ZNGBVEZHMXQQ,Content (Avg Emb),0.0,0.0
AENI33GCGENHGKP7ZNGBVEZHMXQQ,Last-Item,0.0,0.0
AENI33GCGENHGKP7ZNGBVEZHMXQQ,Avg-Last-10,0.0,0.0
AENI33GCGENHGKP7ZNGBVEZHMXQQ,Recency-Weighted,0.0,0.0
AENI33GCGENHGKP7ZNGBVEZHMXQQ,Essence (K=10),0.0,0.0
AENIAYF2WUFKC7UXZ5YLQTEOVIOQ,Random,0.0,0.0
AENIAYF2WUFKC7UXZ5YLQTEOVIOQ,Popularity,0.0,0.0
AENIAYF2WUFKC7UXZ5YLQTEOVIOQ,CF (ItemKNN),0.0,0.0
AENIAYF2WUFKC7UXZ5YLQTEOVIOQ,Content (Avg Emb),0.0,0.0
AENIAYF2WUFKC7UXZ5YLQTEOVIOQ,Last-Item,0.16666666666666666,0.0
AENIAYF2WUFKC7UXZ5YLQTEOVIOQ,Avg-Last-10,0.0,0.0
AENIAYF2WUFKC7UXZ5YLQTEOVIOQ,Recency-Weighted,0.0,0.0
AENIAYF2WUFKC7UXZ5YLQTEOVIOQ,Essence (K=10),0.0,0.0
AENIJI3JBKOOS6BJ7S7SLUEBMFSQ,Random,0.0,0.0
AENIJI3JBKOOS6BJ7S7SLUEBMFSQ,Popularity,0.0,0.0
AENIJI3JBKOOS6BJ7S7SLUEBMFSQ,CF (ItemKNN),0.0,0.0
AENIJI3JBKOOS6BJ7S7SLUEBMFSQ,Content (Avg Emb),0.0,0.0
AENIJI3JBKOOS6BJ7S7SLUEBMFSQ,Last-Item,0.0,0.0
AENIJI3JBKOOS6BJ7S7SLUEBMFSQ,Avg-Last-10,0.0,0.0
AENIJI3JBKOOS6BJ7S7SLUEBMFSQ,Recency-Weighted,0.0,0.0
AENIJI3JBKOOS6BJ7S7SLUEBMFSQ,Essence (K=10),0.0,0.0
AENJSNLDGOSZMICXRYSX53TZXJZQ,Random,0.0,0.0
AENJSNLDGOSZMICXRYSX53TZXJZQ,Popularity,0.0,0.0
AENJSNLDGOSZMICXRYSX53TZXJZQ,CF (ItemKNN),0.0,0.0
AENJSNLDGOSZMICXRYSX53TZXJZQ,Content (Avg Emb),0.0,0.0
AENJSNLDGOSZMICXRYSX53TZXJZQ,Last-Item,0.0,0.0
AENJSNLDGOSZMICXRYSX53TZXJZQ,Avg-Last-10,0.0,0.0
AENJSNLDGOSZMICXRYSX53TZXJZQ,Recency-Weighted,0.0,0.0
AENJSNLDGOSZMICXRYSX53TZXJZQ,Essence (K=10),0.0,0.0
AENOV7PVFKAMLSU624FFLLB3EHAQ,Random,0.0,0.0
AENOV7PVFKAMLSU624FFLLB3EHAQ,Popularity,0.0,0.0
AENOV7PVFKAMLSU624FFLLB3EHAQ,CF (ItemKNN),0.0,0.0
AENOV7PVFKAMLSU624FFLLB3EHAQ,Content (Avg Emb),0.0,0.0
AENOV7PVFKAMLSU624FFLLB3EHAQ,Last-Item,0.0,0.0
AENOV7PVFKAMLSU624FFLLB3EHAQ,Avg-Last-10,0.0,0.0
AENOV7PVFKAMLSU624FFLLB3EHAQ,Recency-Weighted,0.0,0.0
AENOV7PVFKAMLSU624FFLLB3EHAQ,Essence (K=10),0.0,0.0
AENS7EZI75CNPARGT3UCNNFJKJGQ,Random,0.0,
AENS7EZI75CNPARGT3UCNNFJKJGQ,Popularity,0.0,
AENS7EZI75CNPARGT3UCNNFJKJGQ,CF (ItemKNN),0.0,
AENS7EZI75CNPARGT3UCNNFJKJGQ,Content (Avg Emb),0.0,
AENS7EZI75CNPARGT3UCNNFJKJGQ,Last-Item,0.0,
AENS7EZI75CNPARGT3UCNNFJKJGQ,Avg-Last-10,0.0,
AENS7EZI75CNPARGT3UCNNFJKJGQ,Recency-Weighted,0.0,
AENS7EZI75CNPARGT3UCNNFJKJGQ,Essence (K=10),0.0,
AEO3J65KAZ2LQRKHUNJXTDCSXPSQ,Random,0.0,
AEO3J65KAZ2LQRKHUNJXTDCSXPSQ,Popularity,0.0,
AEO3J65KAZ2LQRKHUNJXTDCSXPSQ,CF (ItemKNN),0.0,
AEO3J65KAZ2LQRKHUNJXTDCSXPSQ,Content (Avg Emb),0.0,
AEO3J65KAZ2LQRKHUNJXTDCSXPSQ,Last-Item,0.0,
AEO3J65KAZ2LQRKHUNJXTDCSXPSQ,Avg-Last-10,0.0,
AEO3J65KAZ2LQRKHUNJXTDCSXPSQ,Recency-Weighted,0.0,
AEO3J65KAZ2LQRKHUNJXTDCSXPSQ,Essence (K=10),0.0,
AEO46HGQBWDQQHHXGM3DC64WWSIA,Random,0.0,0.0
AEO46HGQBWDQQHHXGM3DC64WWSIA,Popularity,0.0,0.0
AEO46HGQBWDQQHHXGM3DC64WWSIA,CF (ItemKNN),0.0,0.0
AEO46HGQBWDQQHHXGM3DC64WWSIA,Content (Avg Emb),0.0,0.0
AEO46HGQBWDQQHHXGM3DC64WWSIA,Last-Item,0.0,0.0
AEO46HGQBWDQQHHXGM3DC64WWSIA,Avg-Last-10,0.0,0.0
AEO46HGQBWDQQHHXGM3DC64WWSIA,Recency-Weighted,0.0,0.0
AEO46HGQBWDQQHHXGM3DC64WWSIA,Essence (K=10),0.0,0.0
AEO5CQ5ZMRVDNDVBB3G7ZZDPCQGQ,Random,0.0,0.0
AEO5CQ5ZMRVDNDVBB3G7ZZDPCQGQ,Popularity,0.0,0.0
AEO5CQ5ZMRVDNDVBB3G7ZZDPCQGQ,CF (ItemKNN),0.0,0.0
AEO5CQ5ZMRVDNDVBB3G7ZZDPCQGQ,Content (Avg Emb),0.4166666666666667,1.0
AEO5CQ5ZMRVDNDVBB3G7ZZDPCQGQ,Last-Item,0.0,0.0
AEO5CQ5ZMRVDNDVBB3G7ZZDPCQGQ,Avg-Last-10,0.25,0.5
AEO5CQ5ZMRVDNDVBB3G7ZZDPCQGQ,Recency-Weighted,0.16666666666666666,0.5
AEO5CQ5ZMRVDNDVBB3G7ZZDPCQGQ,Essence (K=10),0.0,0.0
AEO6KAJT4WEYDECCPDXQHJRBKNZA,Random,0.0,0.0
AEO6KAJT4WEYDECCPDXQHJRBKNZA,Popularity,0.0,0.0
AEO6KAJT4WEYDECCPDXQHJRBKNZA,CF (ItemKNN),0.0,0.0
AEO6KAJT4WEYDECCPDXQHJRBKNZA,Content (Avg Emb),0.0,0.0
AEO6KAJT4WEYDECCPDXQHJRBKNZA,Last-Item,0.0,0.0
AEO6KAJT4WEYDECCPDXQHJRBKNZA,Avg-Last-10,0.0,0.0
AEO6KAJT4WEYDECCPDXQHJRBKNZA,Recency-Weighted,0.0,0.0
AEO6KAJT4WEYDECCPDXQHJRBKNZA,Essence (K=10),0.0,0.0
AEO6MBZ7VCDP76UTLSIFVDXHIH6Q,Random,0.0,
AEO6MBZ7VCDP76UTLSIFVDXHIH6Q,Popularity,0.0,
AEO6MBZ7VCDP76UTLSIFVDXHIH6Q,CF (ItemKNN),0.0,
AEO6MBZ7VCDP76UTLSIFVDXHIH6Q,Content (Avg Emb),0.0,
AEO6MBZ7VCDP76UTLSIFVDXHIH6Q,Last-Item,0.0,
AEO6MBZ7VCDP76UTLSIFVDXHIH6Q,Avg-Last-10,0.0,
AEO6MBZ7VCDP76UTLSIFVDXHIH6Q,Recency-Weighted,0.0,
AEO6MBZ7VCDP76UTLSIFVDXHIH6Q,Essence (K=10),0.0,
AEOFJ7PTDAUCHOLHA7F57RM7YG5Q,Random,0.0,
AEOFJ7PTDAUCHOLHA7F57RM7YG5Q,Popularity,0.0,
AEOFJ7PTDAUCHOLHA7F57RM7YG5Q,CF (ItemKNN),0.0,
AEOFJ7PTDAUCHOLHA7F57RM7YG5Q,Content (Avg Emb),0.0,
AEOFJ7PTDAUCHOLHA7F57RM7YG5Q,Last-Item,0.0,
AEOFJ7PTDAUCHOLHA7F57RM7YG5Q,Avg-Last-10,0.0,
AEOFJ7PTDAUCHOLHA7F57RM7YG5Q,Recency-Weighted,0.0,
AEOFJ7PTDAUCHOLHA7F57RM7YG5Q,Essence (K=10),0.0,
AEOFSEWVZRACZ5NOFZNXEUT7VGKA,Random,0.0,0.0
AEOFSEWVZRACZ5NOFZNXEUT7VGKA,Popularity,0.0,0.0
AEOFSEWVZRACZ5NOFZNXEUT7VGKA,CF (ItemKNN),0.0,0.0
AEOFSEWVZRACZ5NOFZNXEUT7VGKA,Content (Avg Emb),0.09090909090909091,0.0
AEOFSEWVZRACZ5NOFZNXEUT7VGKA,Last-Item,0.0,0.0
AEOFSEWVZRACZ5NOFZNXEUT7VGKA,Avg-Last-10,0.0,0.0
AEOFSEWVZRACZ5NOFZNXEUT7VGKA,Recency-Weighted,0.0,0.0
AEOFSEWVZRACZ5NOFZNXEUT7VGKA,Essence (K=10),0.0,0.0
AEOJJNU2YGEVTVEW2MJCXX4V5OYQ,Random,0.0,0.0
AEOJJNU2YGEVTVEW2MJCXX4V5OYQ,Popularity,0.0,0.0
AEOJJNU2YGEVTVEW2MJCXX4V5OYQ,CF (ItemKNN),0.0,0.0
AEOJJNU2YGEVTVEW2MJCXX4V5OYQ,Content (Avg Emb),0.0,0.0
AEOJJNU2YGEVTVEW2MJCXX4V5OYQ,Last-Item,0.0,0.0
AEOJJNU2YGEVTVEW2MJCXX4V5OYQ,Avg-Last-10,0.0,0.0
AEOJJNU2YGEVTVEW2MJCXX4V5OYQ,Recency-Weighted,0.0,0.0
AEOJJNU2YGEVTVEW2MJCXX4V5OYQ,Essence (K=10),0.0,0.0
AEOJVWQW72WFJW3RWDAVJWK7E2XQ,Random,0.0,
AEOJVWQW72WFJW3RWDAVJWK7E2XQ,Popularity,0.0,
AEOJVWQW72WFJW3RWDAVJWK7E2XQ,CF (ItemKNN),0.0,
AEOJVWQW72WFJW3RWDAVJWK7E2XQ,Content (Avg Emb),0.14285714285714285,
AEOJVWQW72WFJW3RWDAVJWK7E2XQ,Last-Item,0.0,
AEOJVWQW72WFJW3RWDAVJWK7E2XQ,Avg-Last-10,0.0,
AEOJVWQW72WFJW3RWDAVJWK7E2XQ,Recency-Weighted,0.0,
AEOJVWQW72WFJW3RWDAVJWK7E2XQ,Essence (K=10),0.0,
AEOKHVZIRIHWHAFTCKWNXLQJCCLA,Random,0.0,
AEOKHVZIRIHWHAFTCKWNXLQJCCLA,Popularity,0.0,
AEOKHVZIRIHWHAFTCKWNXLQJCCLA,CF (ItemKNN),0.0,
AEOKHVZIRIHWHAFTCKWNXLQJCCLA,Content (Avg Emb),0.0,
AEOKHVZIRIHWHAFTCKWNXLQJCCLA,Last-Item,0.0,
AEOKHVZIRIHWHAFTCKWNXLQJCCLA,Avg-Last-10,0.0,
AEOKHVZIRIHWHAFTCKWNXLQJCCLA,Recency-Weighted,0.0,
AEOKHVZIRIHWHAFTCKWNXLQJCCLA,Essence (K=10),0.0,
AEOKXTRNQOL6C2WL4UDKCHYZ6LLQ,Random,0.0,0.0
AEOKXTRNQOL6C2WL4UDKCHYZ6LLQ,Popularity,0.0,0.0
AEOKXTRNQOL6C2WL4UDKCHYZ6LLQ,CF (ItemKNN),0.0,0.0
AEOKXTRNQOL6C2WL4UDKCHYZ6LLQ,Content (Avg Emb),0.0,0.0
AEOKXTRNQOL6C2WL4UDKCHYZ6LLQ,Last-Item,0.0,0.0
AEOKXTRNQOL6C2WL4UDKCHYZ6LLQ,Avg-Last-10,0.0,0.0
AEOKXTRNQOL6C2WL4UDKCHYZ6LLQ,Recency-Weighted,0.0,0.0
AEOKXTRNQOL6C2WL4UDKCHYZ6LLQ,Essence (K=10),0.0,0.0
AEOLP6DWX5AGS5XVTFIVLEFUOHUQ,Random,0.0,0.0
AEOLP6DWX5AGS5XVTFIVLEFUOHUQ,Popularity,0.0,0.0
AEOLP6DWX5AGS5XVTFIVLEFUOHUQ,CF (ItemKNN),0.0,0.0
AEOLP6DWX5AGS5XVTFIVLEFUOHUQ,Content (Avg Emb),0.0,0.0
AEOLP6DWX5AGS5XVTFIVLEFUOHUQ,Last-Item,0.0,0.0
AEOLP6DWX5AGS5XVTFIVLEFUOHUQ,Avg-Last-10,0.0,0.0
AEOLP6DWX5AGS5XVTFIVLEFUOHUQ,Recency-Weighted,0.0,0.0
AEOLP6DWX5AGS5XVTFIVLEFUOHUQ,Essence (K=10),0.0,0.0
AEOOELARI5NKKDRTN32TV436RKIA,Random,0.0,
AEOOELARI5NKKDRTN32TV436RKIA,Popularity,0.0,
AEOOELARI5NKKDRTN32TV436RKIA,CF (ItemKNN),0.0,
AEOOELARI5NKKDRTN32TV436RKIA,Content (Avg Emb),0.0,
AEOOELARI5NKKDRTN32TV436RKIA,Last-Item,0.0,
AEOOELARI5NKKDRTN32TV436RKIA,Avg-Last-10,0.0,
AEOOELARI5NKKDRTN32TV436RKIA,Recency-Weighted,0.0,
AEOOELARI5NKKDRTN32TV436RKIA,Essence (K=10),0.16666666666666666,
AEOPO3AIE23AZGJBTCHOCC6LQCJA,Random,0.0,0.0
AEOPO3AIE23AZGJBTCHOCC6LQCJA,Popularity,0.0,0.0
AEOPO3AIE23AZGJBTCHOCC6LQCJA,CF (ItemKNN),0.0,0.0
AEOPO3AIE23AZGJBTCHOCC6LQCJA,Content (Avg Emb),0.0,0.0
AEOPO3AIE23AZGJBTCHOCC6LQCJA,Last-Item,0.0,0.0
AEOPO3AIE23AZGJBTCHOCC6LQCJA,Avg-Last-10,0.0,0.0
AEOPO3AIE23AZGJBTCHOCC6LQCJA,Recency-Weighted,0.0,0.0
AEOPO3AIE23AZGJBTCHOCC6LQCJA,Essence (K=10),0.0,0.0
AEORT7NYCZWF2AB3ZILUK6H6BU5A,Random,0.0,0.0
AEORT7NYCZWF2AB3ZILUK6H6BU5A,Popularity,0.0,0.0
AEORT7NYCZWF2AB3ZILUK6H6BU5A,CF (ItemKNN),0.0,0.0
AEORT7NYCZWF2AB3ZILUK6H6BU5A,Content (Avg Emb),0.16666666666666666,0.0
AEORT7NYCZWF2AB3ZILUK6H6BU5A,Last-Item,0.0,0.0
AEORT7NYCZWF2AB3ZILUK6H6BU5A,Avg-Last-10,0.0,0.0
AEORT7NYCZWF2AB3ZILUK6H6BU5A,Recency-Weighted,0.0,0.0
AEORT7NYCZWF2AB3ZILUK6H6BU5A,Essence (K=10),0.0,0.0
AEOSQQQGVTSKCDPSEF5277XEGBHA,Random,0.0,0.0
AEOSQQQGVTSKCDPSEF5277XEGBHA,Popularity,0.0,0.0
AEOSQQQGVTSKCDPSEF5277XEGBHA,CF (ItemKNN),0.0,0.0
AEOSQQQGVTSKCDPSEF5277XEGBHA,Content (Avg Emb),0.0,0.0
AEOSQQQGVTSKCDPSEF5277XEGBHA,Last-Item,0.0,0.0
AEOSQQQGVTSKCDPSEF5277XEGBHA,Avg-Last-10,0.0,0.0
AEOSQQQGVTSKCDPSEF5277XEGBHA,Recency-Weighted,0.0,0.0
AEOSQQQGVTSKCDPSEF5277XEGBHA,Essence (K=10),0.0,0.0
AEOSXHTCPCSVQQ2QB7KSZNJJBI2Q,Random,0.0,
AEOSXHTCPCSVQQ2QB7KSZNJJBI2Q,Popularity,0.0,
AEOSXHTCPCSVQQ2QB7KSZNJJBI2Q,CF (ItemKNN),0.0,
AEOSXHTCPCSVQQ2QB7KSZNJJBI2Q,Content (Avg Emb),0.0,
AEOSXHTCPCSVQQ2QB7KSZNJJBI2Q,Last-Item,0.0,
AEOSXHTCPCSVQQ2QB7KSZNJJBI2Q,Avg-Last-10,0.0,
AEOSXHTCPCSVQQ2QB7KSZNJJBI2Q,Recency-Weighted,0.0,
AEOSXHTCPCSVQQ2QB7KSZNJJBI2Q,Essence (K=10),0.0,
AEOWCUSMTEUTTOP4FS5R6DIG53RA,Random,0.0,0.0
AEOWCUSMTEUTTOP4FS5R6DIG53RA,Popularity,0.0,0.0
AEOWCUSMTEUTTOP4FS5R6DIG53RA,CF (ItemKNN),0.0,0.0
AEOWCUSMTEUTTOP4FS5R6DIG53RA,Content (Avg Emb),0.0,0.0
AEOWCUSMTEUTTOP4FS5R6DIG53RA,Last-Item,0.0,0.0
AEOWCUSMTEUTTOP4FS5R6DIG53RA,Avg-Last-10,0.0,0.0
AEOWCUSMTEUTTOP4FS5R6DIG53RA,Recency-Weighted,0.0,0.0
AEOWCUSMTEUTTOP4FS5R6DIG53RA,Essence (K=10),0.0,0.0
AEOX6UNPILSWRCNGURVF36U742VQ,Random,0.0,0.0
AEOX6UNPILSWRCNGURVF36U742VQ,Popularity,0.0,0.0
AEOX6UNPILSWRCNGURVF36U742VQ,CF (ItemKNN),0.0,0.0
AEOX6UNPILSWRCNGURVF36U742VQ,Content (Avg Emb),0.0,0.0
AEOX6UNPILSWRCNGURVF36U742VQ,Last-Item,0.0,0.0
AEOX6UNPILSWRCNGURVF36U742VQ,Avg-Last-10,0.0,0.0
AEOX6UNPILSWRCNGURVF36U742VQ,Recency-Weighted,0.0,0.0
AEOX6UNPILSWRCNGURVF36U742VQ,Essence (K=10),0.0,0.0
AEP4ZHH5TO6YGBXQN6DV7PWJH3PQ,Random,0.0,
AEP4ZHH5TO6YGBXQN6DV7PWJH3PQ,Popularity,0.0,
AEP4ZHH5TO6YGBXQN6DV7PWJH3PQ,CF (ItemKNN),0.0,
AEP4ZHH5TO6YGBXQN6DV7PWJH3PQ,Content (Avg Emb),0.16666666666666666,
AEP4ZHH5TO6YGBXQN6DV7PWJH3PQ,Last-Item,0.6666666666666666,
AEP4ZHH5TO6YGBXQN6DV7PWJH3PQ,Avg-Last-10,0.16666666666666666,
AEP4ZHH5TO6YGBXQN6DV7PWJH3PQ,Recency-Weighted,0.3333333333333333,
AEP4ZHH5TO6YGBXQN6DV7PWJH3PQ,Essence (K=10),0.16666666666666666,
AEP7SVTUDTL76DG2R5EVQYHIQDKA,Random,0.0,
AEP7SVTUDTL76DG2R5EVQYHIQDKA,Popularity,0.0,
AEP7SVTUDTL76DG2R5EVQYHIQDKA,CF (ItemKNN),0.0,
AEP7SVTUDTL76DG2R5EVQYHIQDKA,Content (Avg Emb),0.0,
AEP7SVTUDTL76DG2R5EVQYHIQDKA,Last-Item,0.0,
AEP7SVTUDTL76DG2R5EVQYHIQDKA,Avg-Last-10,0.0,
AEP7SVTUDTL76DG2R5EVQYHIQDKA,Recency-Weighted,0.0,
AEP7SVTUDTL76DG2R5EVQYHIQDKA,Essence (K=10),0.0,
AEPBQGIKLDXOY4DZSTTJYGGZWABQ,Random,0.0,
AEPBQGIKLDXOY4DZSTTJYGGZWABQ,Popularity,0.0,
AEPBQGIKLDXOY4DZSTTJYGGZWABQ,CF (ItemKNN),0.0,
AEPBQGIKLDXOY4DZSTTJYGGZWABQ,Content (Avg Emb),0.2,
AEPBQGIKLDXOY4DZSTTJYGGZWABQ,Last-Item,0.0,
AEPBQGIKLDXOY4DZSTTJYGGZWABQ,Avg-Last-10,0.0,
AEPBQGIKLDXOY4DZSTTJYGGZWABQ,Recency-Weighted,0.0,
AEPBQGIKLDXOY4DZSTTJYGGZWABQ,Essence (K=10),0.0,
AEPCEQTBJAD5QAGZS6YM5BTY22MQ,Random,0.0,
AEPCEQTBJAD5QAGZS6YM5BTY22MQ,Popularity,0.0,
AEPCEQTBJAD5QAGZS6YM5BTY22MQ,CF (ItemKNN),0.0,
AEPCEQTBJAD5QAGZS6YM5BTY22MQ,Content (Avg Emb),0.0,
AEPCEQTBJAD5QAGZS6YM5BTY22MQ,Last-Item,0.0,
AEPCEQTBJAD5QAGZS6YM5BTY22MQ,Avg-Last-10,0.0,
AEPCEQTBJAD5QAGZS6YM5BTY22MQ,Recency-Weighted,0.0,
AEPCEQTBJAD5QAGZS6YM5BTY22MQ,Essence (K=10),0.0,
AEPDT6DYEN76IMZP5UOC6RLPXDYA,Random,0.0,0.0
AEPDT6DYEN76IMZP5UOC6RLPXDYA,Popularity,0.0,0.0
AEPDT6DYEN76IMZP5UOC6RLPXDYA,CF (ItemKNN),0.0,0.0
AEPDT6DYEN76IMZP5UOC6RLPXDYA,Content (Avg Emb),0.0,0.0
AEPDT6DYEN76IMZP5UOC6RLPXDYA,Last-Item,0.0,0.0
AEPDT6DYEN76IMZP5UOC6RLPXDYA,Avg-Last-10,0.0,0.0
AEPDT6DYEN76IMZP5UOC6RLPXDYA,Recency-Weighted,0.0,0.0
AEPDT6DYEN76IMZP5UOC6RLPXDYA,Essence (K=10),0.0,0.0
AEPII5OV5MUBXPIFZ2EIXIXZAKZQ,Random,0.0,0.0
AEPII5OV5MUBXPIFZ2EIXIXZAKZQ,Popularity,0.0,0.0
AEPII5OV5MUBXPIFZ2EIXIXZAKZQ,CF (ItemKNN),0.0,0.0
AEPII5OV5MUBXPIFZ2EIXIXZAKZQ,Content (Avg Emb),0.0,0.0
AEPII5OV5MUBXPIFZ2EIXIXZAKZQ,Last-Item,0.0,0.0
AEPII5OV5MUBXPIFZ2EIXIXZAKZQ,Avg-Last-10,0.0,0.0
AEPII5OV5MUBXPIFZ2EIXIXZAKZQ,Recency-Weighted,0.0,0.0
AEPII5OV5MUBXPIFZ2EIXIXZAKZQ,Essence (K=10),0.0,0.0
AEPINYLVGWLBPIVFAXYLLCD56R4Q,Random,0.0,0.0
AEPINYLVGWLBPIVFAXYLLCD56R4Q,Popularity,0.0,0.0
AEPINYLVGWLBPIVFAXYLLCD56R4Q,CF (ItemKNN),0.0,0.0
AEPINYLVGWLBPIVFAXYLLCD56R4Q,Content (Avg Emb),0.0,0.0
AEPINYLVGWLBPIVFAXYLLCD56R4Q,Last-Item,0.25,0.0
AEPINYLVGWLBPIVFAXYLLCD56R4Q,Avg-Last-10,0.0,0.0
AEPINYLVGWLBPIVFAXYLLCD56R4Q,Recency-Weighted,0.0,0.0
AEPINYLVGWLBPIVFAXYLLCD56R4Q,Essence (K=10),0.0,0.0
AEPJ246YASMF64XZ7MB6WGXVU3HA,Random,0.0,
AEPJ246YASMF64XZ7MB6WGXVU3HA,Popularity,0.0,
AEPJ246YASMF64XZ7MB6WGXVU3HA,CF (ItemKNN),0.0,
AEPJ246YASMF64XZ7MB6WGXVU3HA,Content (Avg Emb),0.25,
AEPJ246YASMF64XZ7MB6WGXVU3HA,Last-Item,0.0,
AEPJ246YASMF64XZ7MB6WGXVU3HA,Avg-Last-10,0.25,
AEPJ246YASMF64XZ7MB6WGXVU3HA,Recency-Weighted,0.25,
AEPJ246YASMF64XZ7MB6WGXVU3HA,Essence (K=10),0.25,
AEPVIXOSC2KZTMTBSRZSQXZ3THZA,Random,0.0,0.0
AEPVIXOSC2KZTMTBSRZSQXZ3THZA,Popularity,0.0,0.0
AEPVIXOSC2KZTMTBSRZSQXZ3THZA,CF (ItemKNN),0.0,0.0
AEPVIXOSC2KZTMTBSRZSQXZ3THZA,Content (Avg Emb),0.0,0.0
AEPVIXOSC2KZTMTBSRZSQXZ3THZA,Last-Item,0.0,0.0
AEPVIXOSC2KZTMTBSRZSQXZ3THZA,Avg-Last-10,0.0,0.0
AEPVIXOSC2KZTMTBSRZSQXZ3THZA,Recency-Weighted,0.0,0.0
AEPVIXOSC2KZTMTBSRZSQXZ3THZA,Essence (K=10),0.0,0.0
AEPXOWWDTZUCTWXFNYFP5ZKIG3NQ,Random,0.0,0.0
AEPXOWWDTZUCTWXFNYFP5ZKIG3NQ,Popularity,0.0,0.0
AEPXOWWDTZUCTWXFNYFP5ZKIG3NQ,CF (ItemKNN),0.0,0.0
AEPXOWWDTZUCTWXFNYFP5ZKIG3NQ,Content (Avg Emb),0.0,0.0
AEPXOWWDTZUCTWXFNYFP5ZKIG3NQ,Last-Item,0.0,0.0
AEPXOWWDTZUCTWXFNYFP5ZKIG3NQ,Avg-Last-10,0.0,0.0
AEPXOWWDTZUCTWXFNYFP5ZKIG3NQ,Recency-Weighted,0.0,0.0
AEPXOWWDTZUCTWXFNYFP5ZKIG3NQ,Essence (K=10),0.0,0.0
AEQ2VNNEAFSTGKZZE224R2J7STXQ,Random,0.0,0.0
AEQ2VNNEAFSTGKZZE224R2J7STXQ,Popularity,0.0,0.0
AEQ2VNNEAFSTGKZZE224R2J7STXQ,CF (ItemKNN),0.0,0.0
AEQ2VNNEAFSTGKZZE224R2J7STXQ,Content (Avg Emb),0.0,0.0
AEQ2VNNEAFSTGKZZE224R2J7STXQ,Last-Item,0.0,0.0
AEQ2VNNEAFSTGKZZE224R2J7STXQ,Avg-Last-10,0.0,0.0
AEQ2VNNEAFSTGKZZE224R2J7STXQ,Recency-Weighted,0.0,0.0
AEQ2VNNEAFSTGKZZE224R2J7STXQ,Essence (K=10),0.0,0.0
AEQ3OBOTWNO5VJULXLK4OY6W4JKA,Random,0.0,
AEQ3OBOTWNO5VJULXLK4OY6W4JKA,Popularity,0.0,
AEQ3OBOTWNO5VJULXLK4OY6W4JKA,CF (ItemKNN),0.0,
AEQ3OBOTWNO5VJULXLK4OY6W4JKA,Content (Avg Emb),0.0,
AEQ3OBOTWNO5VJULXLK4OY6W4JKA,Last-Item,0.0,
AEQ3OBOTWNO5VJULXLK4OY6W4JKA,Avg-Last-10,0.0,
AEQ3OBOTWNO5VJULXLK4OY6W4JKA,Recency-Weighted,0.0,
AEQ3OBOTWNO5VJULXLK4OY6W4JKA,Essence (K=10),0.0,
AEQ43GNK22OVOFXKN5C4MTGBBFMQ,Random,0.0,
AEQ43GNK22OVOFXKN5C4MTGBBFMQ,Popularity,0.0,
AEQ43GNK22OVOFXKN5C4MTGBBFMQ,CF (ItemKNN),0.0,
AEQ43GNK22OVOFXKN5C4MTGBBFMQ,Content (Avg Emb),0.0,
AEQ43GNK22OVOFXKN5C4MTGBBFMQ,Last-Item,0.0,
AEQ43GNK22OVOFXKN5C4MTGBBFMQ,Avg-Last-10,0.0,
AEQ43GNK22OVOFXKN5C4MTGBBFMQ,Recency-Weighted,0.0,
AEQ43GNK22OVOFXKN5C4MTGBBFMQ,Essence (K=10),0.0,
AEQEKTBFSZNTYY5HKN7ZDQ5C7IGQ,Random,0.0,0.0
AEQEKTBFSZNTYY5HKN7ZDQ5C7IGQ,Popularity,0.0,0.0
AEQEKTBFSZNTYY5HKN7ZDQ5C7IGQ,CF (ItemKNN),0.0,0.0
AEQEKTBFSZNTYY5HKN7ZDQ5C7IGQ,Content (Avg Emb),0.0,0.0
AEQEKTBFSZNTYY5HKN7ZDQ5C7IGQ,Last-Item,0.0,0.0
AEQEKTBFSZNTYY5HKN7ZDQ5C7IGQ,Avg-Last-10,0.0,0.0
AEQEKTBFSZNTYY5HKN7ZDQ5C7IGQ,Recency-Weighted,0.0,0.0
AEQEKTBFSZNTYY5HKN7ZDQ5C7IGQ,Essence (K=10),0.0,0.0
AEQGRVMEYZ72DABEOX73PITCAN4Q,Random,0.0,0.0
AEQGRVMEYZ72DABEOX73PITCAN4Q,Popularity,0.0,0.0
AEQGRVMEYZ72DABEOX73PITCAN4Q,CF (ItemKNN),0.0,0.0
AEQGRVMEYZ72DABEOX73PITCAN4Q,Content (Avg Emb),0.0,0.0
AEQGRVMEYZ72DABEOX73PITCAN4Q,Last-Item,0.0,0.0
AEQGRVMEYZ72DABEOX73PITCAN4Q,Avg-Last-10,0.0,0.0
AEQGRVMEYZ72DABEOX73PITCAN4Q,Recency-Weighted,0.0,0.0
AEQGRVMEYZ72DABEOX73PITCAN4Q,Essence (K=10),0.0,0.0
AEQGYLXVT5UVHR6RJ6J2JRXBFH2Q,Random,0.0,0.0
AEQGYLXVT5UVHR6RJ6J2JRXBFH2Q,Popularity,0.0,0.0
AEQGYLXVT5UVHR6RJ6J2JRXBFH2Q,CF (ItemKNN),0.0,0.0
AEQGYLXVT5UVHR6RJ6J2JRXBFH2Q,Content (Avg Emb),0.0,0.0
AEQGYLXVT5UVHR6RJ6J2JRXBFH2Q,Last-Item,0.0,0.0
AEQGYLXVT5UVHR6RJ6J2JRXBFH2Q,Avg-Last-10,0.0,0.0
AEQGYLXVT5UVHR6RJ6J2JRXBFH2Q,Recency-Weighted,0.0,0.0
AEQGYLXVT5UVHR6RJ6J2JRXBFH2Q,Essence (K=10),0.16666666666666666,0.5
AEQKV3HM3IVHWNX3JCHYIVCVPJQA,Random,0.0,
AEQKV3HM3IVHWNX3JCHYIVCVPJQA,Popularity,0.0,
AEQKV3HM3IVHWNX3JCHYIVCVPJQA,CF (ItemKNN),0.0,
AEQKV3HM3IVHWNX3JCHYIVCVPJQA,Content (Avg Emb),0.0,
AEQKV3HM3IVHWNX3JCHYIVCVPJQA,Last-Item,0.0,
AEQKV3HM3IVHWNX3JCHYIVCVPJQA,Avg-Last-10,0.25,
AEQKV3HM3IVHWNX3JCHYIVCVPJQA,Recency-Weighted,0.0,
AEQKV3HM3IVHWNX3JCHYIVCVPJQA,Essence (K=10),0.0,
AEQRAQAB4GVCIQ3WADQCXYGRYX4A,Random,0.0,
AEQRAQAB4GVCIQ3WADQCXYGRYX4A,Popularity,0.0,
AEQRAQAB4GVCIQ3WADQCXYGRYX4A,CF (ItemKNN),0.0,
AEQRAQAB4GVCIQ3WADQCXYGRYX4A,Content (Avg Emb),0.0,
AEQRAQAB4GVCIQ3WADQCXYGRYX4A,Last-Item,0.08333333333333333,
AEQRAQAB4GVCIQ3WADQCXYGRYX4A,Avg-Last-10,0.0,
AEQRAQAB4GVCIQ3WADQCXYGRYX4A,Recency-Weighted,0.0,
AEQRAQAB4GVCIQ3WADQCXYGRYX4A,Essence (K=10),0.0,
AEQXORRI4AH4OMLSKNDDABKUEFQQ,Random,0.0,
AEQXORRI4AH4OMLSKNDDABKUEFQQ,Popularity,0.0,
AEQXORRI4AH4OMLSKNDDABKUEFQQ,CF (ItemKNN),0.0,
AEQXORRI4AH4OMLSKNDDABKUEFQQ,Content (Avg Emb),0.0,
AEQXORRI4AH4OMLSKNDDABKUEFQQ,Last-Item,0.25,
AEQXORRI4AH4OMLSKNDDABKUEFQQ,Avg-Last-10,0.0,
AEQXORRI4AH4OMLSKNDDABKUEFQQ,Recency-Weighted,0.0,
AEQXORRI4AH4OMLSKNDDABKUEFQQ,Essence (K=10),0.5,
AEQXVB7JA7V64NEYHUMBI4DZ3FCQ,Random,0.0,
AEQXVB7JA7V64NEYHUMBI4DZ3FCQ,Popularity,0.0,
AEQXVB7JA7V64NEYHUMBI4DZ3FCQ,CF (ItemKNN),0.0,
AEQXVB7JA7V64NEYHUMBI4DZ3FCQ,Content (Avg Emb),0.0,
AEQXVB7JA7V64NEYHUMBI4DZ3FCQ,Last-Item,0.0,
AEQXVB7JA7V64NEYHUMBI4DZ3FCQ,Avg-Last-10,0.0,
AEQXVB7JA7V64NEYHUMBI4DZ3FCQ,Recency-Weighted,0.0,
AEQXVB7JA7V64NEYHUMBI4DZ3FCQ,Essence (K=10),0.0,
AEQZTLWXVR54HHQGCST2ZJBLF3QQ,Random,0.0,0.0
AEQZTLWXVR54HHQGCST2ZJBLF3QQ,Popularity,0.0,0.0
AEQZTLWXVR54HHQGCST2ZJBLF3QQ,CF (ItemKNN),0.0,0.0
AEQZTLWXVR54HHQGCST2ZJBLF3QQ,Content (Avg Emb),0.0,0.0
AEQZTLWXVR54HHQGCST2ZJBLF3QQ,Last-Item,0.0,0.0
AEQZTLWXVR54HHQGCST2ZJBLF3QQ,Avg-Last-10,0.0,0.0
AEQZTLWXVR54HHQGCST2ZJBLF3QQ,Recency-Weighted,0.0,0.0
AEQZTLWXVR54HHQGCST2ZJBLF3QQ,Essence (K=10),0.0,0.0
AER2SW3VOPZEHN4GKKANQ46C6MDA,Random,0.0,0.0
AER2SW3VOPZEHN4GKKANQ46C6MDA,Popularity,0.0,0.0
AER2SW3VOPZEHN4GKKANQ46C6MDA,CF (ItemKNN),0.08333333333333333,0.0
AER2SW3VOPZEHN4GKKANQ46C6MDA,Content (Avg Emb),0.0,0.0
AER2SW3VOPZEHN4GKKANQ46C6MDA,Last-Item,0.0,0.0
AER2SW3VOPZEHN4GKKANQ46C6MDA,Avg-Last-10,0.0,0.0
AER2SW3VOPZEHN4GKKANQ46C6MDA,Recency-Weighted,0.0,0.0
AER2SW3VOPZEHN4GKKANQ46C6MDA,Essence (K=10),0.0,0.0
AER42BHOKYLIWICAV6G5XET7S5JA,Random,0.0,
AER42BHOKYLIWICAV6G5XET7S5JA,Popularity,0.0,
AER42BHOKYLIWICAV6G5XET7S5JA,CF (ItemKNN),0.0,
AER42BHOKYLIWICAV6G5XET7S5JA,Content (Avg Emb),0.0,
AER42BHOKYLIWICAV6G5XET7S5JA,Last-Item,0.0,
AER42BHOKYLIWICAV6G5XET7S5JA,Avg-Last-10,0.0,
AER42BHOKYLIWICAV6G5XET7S5JA,Recency-Weighted,0.0,
AER42BHOKYLIWICAV6G5XET7S5JA,Essence (K=10),0.0,
AER63CHZHTGXBLIETSGKZRKG6WHA,Random,0.0,0.0
AER63CHZHTGXBLIETSGKZRKG6WHA,Popularity,0.0,0.0
AER63CHZHTGXBLIETSGKZRKG6WHA,CF (ItemKNN),0.0,0.0
AER63CHZHTGXBLIETSGKZRKG6WHA,Content (Avg Emb),0.0,0.0
AER63CHZHTGXBLIETSGKZRKG6WHA,Last-Item,0.05555555555555555,0.0
AER63CHZHTGXBLIETSGKZRKG6WHA,Avg-Last-10,0.0,0.0
AER63CHZHTGXBLIETSGKZRKG6WHA,Recency-Weighted,0.0,0.0
AER63CHZHTGXBLIETSGKZRKG6WHA,Essence (K=10),0.0,0.0
AER63ET57JQWDJYG7T5PWKYPU7YA,Random,0.0,
AER63ET57JQWDJYG7T5PWKYPU7YA,Popularity,0.0,
AER63ET57JQWDJYG7T5PWKYPU7YA,CF (ItemKNN),0.0,
AER63ET57JQWDJYG7T5PWKYPU7YA,Content (Avg Emb),0.0,
AER63ET57JQWDJYG7T5PWKYPU7YA,Last-Item,0.08333333333333333,
AER63ET57JQWDJYG7T5PWKYPU7YA,Avg-Last-10,0.0,
AER63ET57JQWDJYG7T5PWKYPU7YA,Recency-Weighted,0.0,
AER63ET57JQWDJYG7T5PWKYPU7YA,Essence (K=10),0.0,
AERHIFN6YWBTX5E444KFMFLRCCXQ,Random,0.0,0.0
AERHIFN6YWBTX5E444KFMFLRCCXQ,Popularity,0.0,0.0
AERHIFN6YWBTX5E444KFMFLRCCXQ,CF (ItemKNN),0.0,0.0
AERHIFN6YWBTX5E444KFMFLRCCXQ,Content (Avg Emb),0.0,0.0
AERHIFN6YWBTX5E444KFMFLRCCXQ,Last-Item,0.0,0.0
AERHIFN6YWBTX5E444KFMFLRCCXQ,Avg-Last-10,0.0,0.0
AERHIFN6YWBTX5E444KFMFLRCCXQ,Recency-Weighted,0.0,0.0
AERHIFN6YWBTX5E444KFMFLRCCXQ,Essence (K=10),0.0,0.0
AERIW37GFDSVLZXANDKFUOVLY74A,Random,0.0,0.0
AERIW37GFDSVLZXANDKFUOVLY74A,Popularity,0.0,0.0
AERIW37GFDSVLZXANDKFUOVLY74A,CF (ItemKNN),0.0,0.0
AERIW37GFDSVLZXANDKFUOVLY74A,Content (Avg Emb),0.0,0.0
AERIW37GFDSVLZXANDKFUOVLY74A,Last-Item,0.0,0.0
AERIW37GFDSVLZXANDKFUOVLY74A,Avg-Last-10,0.0,0.0
AERIW37GFDSVLZXANDKFUOVLY74A,Recency-Weighted,0.0,0.0
AERIW37GFDSVLZXANDKFUOVLY74A,Essence (K=10),0.0,0.0
AERKCAELXR5ELTP7WHOVU3SL5KJQ,Random,0.0,0.0
AERKCAELXR5ELTP7WHOVU3SL5KJQ,Popularity,0.0,0.0
AERKCAELXR5ELTP7WHOVU3SL5KJQ,CF (ItemKNN),0.0,0.0
AERKCAELXR5ELTP7WHOVU3SL5KJQ,Content (Avg Emb),0.0,0.0
AERKCAELXR5ELTP7WHOVU3SL5KJQ,Last-Item,0.0,0.0
AERKCAELXR5ELTP7WHOVU3SL5KJQ,Avg-Last-10,0.0,0.0
AERKCAELXR5ELTP7WHOVU3SL5KJQ,Recency-Weighted,0.0,0.0
AERKCAELXR5ELTP7WHOVU3SL5KJQ,Essence (K=10),0.0,0.0
AERLZDWODTDHCO7QBCQUSWOI2ZRQ,Random,0.0,0.0
AERLZDWODTDHCO7QBCQUSWOI2ZRQ,Popularity,0.0,0.0
AERLZDWODTDHCO7QBCQUSWOI2ZRQ,CF (ItemKNN),0.0,0.0
AERLZDWODTDHCO7QBCQUSWOI2ZRQ,Content (Avg Emb),0.25,0.3333333333333333
AERLZDWODTDHCO7QBCQUSWOI2ZRQ,Last-Item,0.25,0.3333333333333333
AERLZDWODTDHCO7QBCQUSWOI2ZRQ,Avg-Last-10,0.25,0.3333333333333333
AERLZDWODTDHCO7QBCQUSWOI2ZRQ,Recency-Weighted,0.25,0.3333333333333333
AERLZDWODTDHCO7QBCQUSWOI2ZRQ,Essence (K=10),0.25,0.3333333333333333
AERMIMRUHPJ4NTNAEGAKTGG72RQQ,Random,0.0,
AERMIMRUHPJ4NTNAEGAKTGG72RQQ,Popularity,0.0,
AERMIMRUHPJ4NTNAEGAKTGG72RQQ,CF (ItemKNN),0.0,
AERMIMRUHPJ4NTNAEGAKTGG72RQQ,Content (Avg Emb),0.2,
AERMIMRUHPJ4NTNAEGAKTGG72RQQ,Last-Item,0.2,
AERMIMRUHPJ4NTNAEGAKTGG72RQQ,Avg-Last-10,0.2,
AERMIMRUHPJ4NTNAEGAKTGG72RQQ,Recency-Weighted,0.2,
AERMIMRUHPJ4NTNAEGAKTGG72RQQ,Essence (K=10),0.2,
AEROS75ARPVPT732G4AWELNMNFTA,Random,0.0,0.0
AEROS75ARPVPT732G4AWELNMNFTA,Popularity,0.0,0.0
AEROS75ARPVPT732G4AWELNMNFTA,CF (ItemKNN),0.0,0.0
AEROS75ARPVPT732G4AWELNMNFTA,Content (Avg Emb),0.0,0.0
AEROS75ARPVPT732G4AWELNMNFTA,Last-Item,0.0,0.0
AEROS75ARPVPT732G4AWELNMNFTA,Avg-Last-10,0.0,0.0
AEROS75ARPVPT732G4AWELNMNFTA,Recency-Weighted,0.0,0.0
AEROS75ARPVPT732G4AWELNMNFTA,Essence (K=10),0.0,0.0
AEROTJJNQ2OP77V5I5PSLYBLVHCA,Random,0.0,
AEROTJJNQ2OP77V5I5PSLYBLVHCA,Popularity,0.0,
AEROTJJNQ2OP77V5I5PSLYBLVHCA,CF (ItemKNN),0.0,
AEROTJJNQ2OP77V5I5PSLYBLVHCA,Content (Avg Emb),0.5,
AEROTJJNQ2OP77V5I5PSLYBLVHCA,Last-Item,0.0,
AEROTJJNQ2OP77V5I5PSLYBLVHCA,Avg-Last-10,0.5,
AEROTJJNQ2OP77V5I5PSLYBLVHCA,Recency-Weighted,0.5,
AEROTJJNQ2OP77V5I5PSLYBLVHCA,Essence (K=10),0.0,
AERPVCV5ISJCK6G67C6J4J2EACUQ,Random,0.0,
AERPVCV5ISJCK6G67C6J4J2EACUQ,Popularity,0.0,
AERPVCV5ISJCK6G67C6J4J2EACUQ,CF (ItemKNN),0.0,
AERPVCV5ISJCK6G67C6J4J2EACUQ,Content (Avg Emb),0.0,
AERPVCV5ISJCK6G67C6J4J2EACUQ,Last-Item,0.0,
AERPVCV5ISJCK6G67C6J4J2EACUQ,Avg-Last-10,0.0,
AERPVCV5ISJCK6G67C6J4J2EACUQ,Recency-Weighted,0.0,
AERPVCV5ISJCK6G67C6J4J2EACUQ,Essence (K=10),0.0,
AERRDC7EP3BO3SJGJMCVZNWGNUWA,Random,0.0,
AERRDC7EP3BO3SJGJMCVZNWGNUWA,Popularity,0.0,
AERRDC7EP3BO3SJGJMCVZNWGNUWA,CF (ItemKNN),0.0,
AERRDC7EP3BO3SJGJMCVZNWGNUWA,Content (Avg Emb),0.15384615384615385,
AERRDC7EP3BO3SJGJMCVZNWGNUWA,Last-Item,0.15384615384615385,
AERRDC7EP3BO3SJGJMCVZNWGNUWA,Avg-Last-10,0.0,
AERRDC7EP3BO3SJGJMCVZNWGNUWA,Recency-Weighted,0.0,
AERRDC7EP3BO3SJGJMCVZNWGNUWA,Essence (K=10),0.46153846153846156,
AERS3X4G3TTTDVYYV6DSZ2EILDPA,Random,0.0,0.0
AERS3X4G3TTTDVYYV6DSZ2EILDPA,Popularity,0.0,0.0
AERS3X4G3TTTDVYYV6DSZ2EILDPA,CF (ItemKNN),0.0,0.0
AERS3X4G3TTTDVYYV6DSZ2EILDPA,Content (Avg Emb),0.0,0.0
AERS3X4G3TTTDVYYV6DSZ2EILDPA,Last-Item,0.0,0.0
AERS3X4G3TTTDVYYV6DSZ2EILDPA,Avg-Last-10,0.0,0.0
AERS3X4G3TTTDVYYV6DSZ2EILDPA,Recency-Weighted,0.0,0.0
AERS3X4G3TTTDVYYV6DSZ2EILDPA,Essence (K=10),0.0,0.0
AERU6XD6DVNZZABGAI5BZNGQ3YYA,Random,0.0,
AERU6XD6DVNZZABGAI5BZNGQ3YYA,Popularity,0.0,
AERU6XD6DVNZZABGAI5BZNGQ3YYA,CF (ItemKNN),0.0,
AERU6XD6DVNZZABGAI5BZNGQ3YYA,Content (Avg Emb),0.0,
AERU6XD6DVNZZABGAI5BZNGQ3YYA,Last-Item,0.0,
AERU6XD6DVNZZABGAI5BZNGQ3YYA,Avg-Last-10,0.0,
AERU6XD6DVNZZABGAI5BZNGQ3YYA,Recency-Weighted,0.0,
AERU6XD6DVNZZABGAI5BZNGQ3YYA,Essence (K=10),0.0,
AERVIQC2AGVY4DOOYDBHDIEAB53A,Random,0.0,0.0
AERVIQC2AGVY4DOOYDBHDIEAB53A,Popularity,0.0,0.0
AERVIQC2AGVY4DOOYDBHDIEAB53A,CF (ItemKNN),0.0,0.0
AERVIQC2AGVY4DOOYDBHDIEAB53A,Content (Avg Emb),0.0,0.0
AERVIQC2AGVY4DOOYDBHDIEAB53A,Last-Item,0.0,0.0
AERVIQC2AGVY4DOOYDBHDIEAB53A,Avg-Last-10,0.0,0.0
AERVIQC2AGVY4DOOYDBHDIEAB53A,Recency-Weighted,0.0,0.0
AERVIQC2AGVY4DOOYDBHDIEAB53A,Essence (K=10),0.0,0.0
AERW7OJA4HYB3LHZ2PUNMB5YMM4Q,Random,0.0,
AERW7OJA4HYB3LHZ2PUNMB5YMM4Q,Popularity,0.0,
AERW7OJA4HYB3LHZ2PUNMB5YMM4Q,CF (ItemKNN),0.0,
AERW7OJA4HYB3LHZ2PUNMB5YMM4Q,Content (Avg Emb),0.0,
AERW7OJA4HYB3LHZ2PUNMB5YMM4Q,Last-Item,0.0,
AERW7OJA4HYB3LHZ2PUNMB5YMM4Q,Avg-Last-10,0.0,
AERW7OJA4HYB3LHZ2PUNMB5YMM4Q,Recency-Weighted,0.0,
AERW7OJA4HYB3LHZ2PUNMB5YMM4Q,Essence (K=10),0.0,
AERXYBTJIQ2GK7YAWDX5LG75QNBA,Random,0.0,0.0
AERXYBTJIQ2GK7YAWDX5LG75QNBA,Popularity,0.0,0.0
AERXYBTJIQ2GK7YAWDX5LG75QNBA,CF (ItemKNN),0.0,0.0
AERXYBTJIQ2GK7YAWDX5LG75QNBA,Content (Avg Emb),0.0,0.0
AERXYBTJIQ2GK7YAWDX5LG75QNBA,Last-Item,0.0,0.0
AERXYBTJIQ2GK7YAWDX5LG75QNBA,Avg-Last-10,0.0,0.0
AERXYBTJIQ2GK7YAWDX5LG75QNBA,Recency-Weighted,0.0,0.0
AERXYBTJIQ2GK7YAWDX5LG75QNBA,Essence (K=10),0.0,0.0
AES3P456IBM4Y5WRBLYQEP4C22XQ,Random,0.0,
AES3P456IBM4Y5WRBLYQEP4C22XQ,Popularity,0.0,
AES3P456IBM4Y5WRBLYQEP4C22XQ,CF (ItemKNN),0.0,
AES3P456IBM4Y5WRBLYQEP4C22XQ,Content (Avg Emb),0.0,
AES3P456IBM4Y5WRBLYQEP4C22XQ,Last-Item,0.0,
AES3P456IBM4Y5WRBLYQEP4C22XQ,Avg-Last-10,0.0,
AES3P456IBM4Y5WRBLYQEP4C22XQ,Recency-Weighted,0.0,
AES3P456IBM4Y5WRBLYQEP4C22XQ,Essence (K=10),0.0,
AES7RYET3XLHYUZJKNYYTHH64CDA,Random,0.0,
AES7RYET3XLHYUZJKNYYTHH64CDA,Popularity,0.0,
AES7RYET3XLHYUZJKNYYTHH64CDA,CF (ItemKNN),0.0,
AES7RYET3XLHYUZJKNYYTHH64CDA,Content (Avg Emb),0.0,
AES7RYET3XLHYUZJKNYYTHH64CDA,Last-Item,0.0,
AES7RYET3XLHYUZJKNYYTHH64CDA,Avg-Last-10,0.16666666666666666,
AES7RYET3XLHYUZJKNYYTHH64CDA,Recency-Weighted,0.16666666666666666,
AES7RYET3XLHYUZJKNYYTHH64CDA,Essence (K=10),0.0,
AESFPLYB424HREQLNOB2C3W6KU6A,Random,0.0,0.0
AESFPLYB424HREQLNOB2C3W6KU6A,Popularity,0.0,0.0
AESFPLYB424HREQLNOB2C3W6KU6A,CF (ItemKNN),0.0,0.0
AESFPLYB424HREQLNOB2C3W6KU6A,Content (Avg Emb),0.0,0.0
AESFPLYB424HREQLNOB2C3W6KU6A,Last-Item,0.0,0.0
AESFPLYB424HREQLNOB2C3W6KU6A,Avg-Last-10,0.0,0.0
AESFPLYB424HREQLNOB2C3W6KU6A,Recency-Weighted,0.0,0.0
AESFPLYB424HREQLNOB2C3W6KU6A,Essence (K=10),0.0,0.0
AESHNOQAXNDP45X4XUPVJEZ5KB5A,Random,0.0,0.0
AESHNOQAXNDP45X4XUPVJEZ5KB5A,Popularity,0.0,0.0
AESHNOQAXNDP45X4XUPVJEZ5KB5A,CF (ItemKNN),0.0,0.0
AESHNOQAXNDP45X4XUPVJEZ5KB5A,Content (Avg Emb),0.0,0.0
AESHNOQAXNDP45X4XUPVJEZ5KB5A,Last-Item,0.0,0.0
AESHNOQAXNDP45X4XUPVJEZ5KB5A,Avg-Last-10,0.0,0.0
AESHNOQAXNDP45X4XUPVJEZ5KB5A,Recency-Weighted,0.0,0.0
AESHNOQAXNDP45X4XUPVJEZ5KB5A,Essence (K=10),0.0,0.0
AESM7V7EFIGG5FODNLS77XW7AZ2Q,Random,0.0,
AESM7V7EFIGG5FODNLS77XW7AZ2Q,Popularity,0.0,
AESM7V7EFIGG5FODNLS77XW7AZ2Q,CF (ItemKNN),0.0,
AESM7V7EFIGG5FODNLS77XW7AZ2Q,Content (Avg Emb),0.0,
AESM7V7EFIGG5FODNLS77XW7AZ2Q,Last-Item,0.0,
AESM7V7EFIGG5FODNLS77XW7AZ2Q,Avg-Last-10,0.0,
AESM7V7EFIGG5FODNLS77XW7AZ2Q,Recency-Weighted,0.0,
AESM7V7EFIGG5FODNLS77XW7AZ2Q,Essence (K=10),0.0,
AESW6NAV464MLTVSLMPBX44SVMPQ,Random,0.0,0.0
AESW6NAV464MLTVSLMPBX44SVMPQ,Popularity,0.0,0.0
AESW6NAV464MLTVSLMPBX44SVMPQ,CF (ItemKNN),0.0,0.0
AESW6NAV464MLTVSLMPBX44SVMPQ,Content (Avg Emb),0.0,0.0
AESW6NAV464MLTVSLMPBX44SVMPQ,Last-Item,0.0,0.0
AESW6NAV464MLTVSLMPBX44SVMPQ,Avg-Last-10,0.0,0.0
AESW6NAV464MLTVSLMPBX44SVMPQ,Recency-Weighted,0.0,0.0
AESW6NAV464MLTVSLMPBX44SVMPQ,Essence (K=10),0.0,0.0
AESWRITQTB4VXBV3RPTY6ZPTWQLA,Random,0.0,0.0
AESWRITQTB4VXBV3RPTY6ZPTWQLA,Popularity,0.0,0.0
AESWRITQTB4VXBV3RPTY6ZPTWQLA,CF (ItemKNN),0.0,0.0
AESWRITQTB4VXBV3RPTY6ZPTWQLA,Content (Avg Emb),0.0,0.0
AESWRITQTB4VXBV3RPTY6ZPTWQLA,Last-Item,0.0,0.0
AESWRITQTB4VXBV3RPTY6ZPTWQLA,Avg-Last-10,0.0,0.0
AESWRITQTB4VXBV3RPTY6ZPTWQLA,Recency-Weighted,0.0,0.0
AESWRITQTB4VXBV3RPTY6ZPTWQLA,Essence (K=10),0.0,0.0
AET37D3WDNBYL2OF32CYUU57KFPA,Random,0.0,
AET37D3WDNBYL2OF32CYUU57KFPA,Popularity,0.0,
AET37D3WDNBYL2OF32CYUU57KFPA,CF (ItemKNN),0.0,
AET37D3WDNBYL2OF32CYUU57KFPA,Content (Avg Emb),0.0,
AET37D3WDNBYL2OF32CYUU57KFPA,Last-Item,0.0,
AET37D3WDNBYL2OF32CYUU57KFPA,Avg-Last-10,0.0,
AET37D3WDNBYL2OF32CYUU57KFPA,Recency-Weighted,0.0,
AET37D3WDNBYL2OF32CYUU57KFPA,Essence (K=10),0.0,
AET5XZ4IFQFIRWRNU22AOHHZLVUQ,Random,0.0,0.0
AET5XZ4IFQFIRWRNU22AOHHZLVUQ,Popularity,0.0,0.0
AET5XZ4IFQFIRWRNU22AOHHZLVUQ,CF (ItemKNN),0.0,0.0
AET5XZ4IFQFIRWRNU22AOHHZLVUQ,Content (Avg Emb),0.0,0.0
AET5XZ4IFQFIRWRNU22AOHHZLVUQ,Last-Item,0.0,0.0
AET5XZ4IFQFIRWRNU22AOHHZLVUQ,Avg-Last-10,0.0,0.0
AET5XZ4IFQFIRWRNU22AOHHZLVUQ,Recency-Weighted,0.0,0.0
AET5XZ4IFQFIRWRNU22AOHHZLVUQ,Essence (K=10),0.0,0.0
AETA5Q4TFDLPGL5YWI3GE2T73D3Q,Random,0.0,
AETA5Q4TFDLPGL5YWI3GE2T73D3Q,Popularity,0.0,
AETA5Q4TFDLPGL5YWI3GE2T73D3Q,CF (ItemKNN),0.0,
AETA5Q4TFDLPGL5YWI3GE2T73D3Q,Content (Avg Emb),0.0,
AETA5Q4TFDLPGL5YWI3GE2T73D3Q,Last-Item,0.0,
AETA5Q4TFDLPGL5YWI3GE2T73D3Q,Avg-Last-10,0.0,
AETA5Q4TFDLPGL5YWI3GE2T73D3Q,Recency-Weighted,0.0,
AETA5Q4TFDLPGL5YWI3GE2T73D3Q,Essence (K=10),0.16666666666666666,
AETAF4OSMXREUSPTPGMLXFCGIPGQ,Random,0.0,
AETAF4OSMXREUSPTPGMLXFCGIPGQ,Popularity,0.0,
AETAF4OSMXREUSPTPGMLXFCGIPGQ,CF (ItemKNN),0.0,
AETAF4OSMXREUSPTPGMLXFCGIPGQ,Content (Avg Emb),0.0,
AETAF4OSMXREUSPTPGMLXFCGIPGQ,Last-Item,0.0,
AETAF4OSMXREUSPTPGMLXFCGIPGQ,Avg-Last-10,0.0,
AETAF4OSMXREUSPTPGMLXFCGIPGQ,Recency-Weighted,0.0,
AETAF4OSMXREUSPTPGMLXFCGIPGQ,Essence (K=10),0.0,
AETATROCLFSVJ74SAXL24TQPJXGQ,Random,0.0,0.0
AETATROCLFSVJ74SAXL24TQPJXGQ,Popularity,0.0,0.0
AETATROCLFSVJ74SAXL24TQPJXGQ,CF (ItemKNN),0.0,0.0
AETATROCLFSVJ74SAXL24TQPJXGQ,Content (Avg Emb),0.0,0.0
AETATROCLFSVJ74SAXL24TQPJXGQ,Last-Item,0.0,0.0
AETATROCLFSVJ74SAXL24TQPJXGQ,Avg-Last-10,0.0,0.0
AETATROCLFSVJ74SAXL24TQPJXGQ,Recency-Weighted,0.0,0.0
AETATROCLFSVJ74SAXL24TQPJXGQ,Essence (K=10),0.0,0.0
AETDRXEAKGJNPCCAA2AGDTL2M5BQ,Random,0.0,0.0
AETDRXEAKGJNPCCAA2AGDTL2M5BQ,Popularity,0.0,0.0
AETDRXEAKGJNPCCAA2AGDTL2M5BQ,CF (ItemKNN),0.0,0.0
AETDRXEAKGJNPCCAA2AGDTL2M5BQ,Content (Avg Emb),0.0,0.0
AETDRXEAKGJNPCCAA2AGDTL2M5BQ,Last-Item,0.0,0.0
AETDRXEAKGJNPCCAA2AGDTL2M5BQ,Avg-Last-10,0.0,0.0
AETDRXEAKGJNPCCAA2AGDTL2M5BQ,Recency-Weighted,0.0,0.0
AETDRXEAKGJNPCCAA2AGDTL2M5BQ,Essence (K=10),0.0,0.0
AETFJSMJKA624ZX52TDJKY6UJ3AA,Random,0.0,0.0
AETFJSMJKA624ZX52TDJKY6UJ3AA,Popularity,0.0,0.0
AETFJSMJKA624ZX52TDJKY6UJ3AA,CF (ItemKNN),0.0,0.0
AETFJSMJKA624ZX52TDJKY6UJ3AA,Content (Avg Emb),0.0,0.0
AETFJSMJKA624ZX52TDJKY6UJ3AA,Last-Item,0.0,0.0
AETFJSMJKA624ZX52TDJKY6UJ3AA,Avg-Last-10,0.0,0.0
AETFJSMJKA624ZX52TDJKY6UJ3AA,Recency-Weighted,0.0,0.0
AETFJSMJKA624ZX52TDJKY6UJ3AA,Essence (K=10),0.0,0.0
AETFYI5ANZGO4W4NEG3NJ4FMON2A,Random,0.0,0.0
AETFYI5ANZGO4W4NEG3NJ4FMON2A,Popularity,0.0,0.0
AETFYI5ANZGO4W4NEG3NJ4FMON2A,CF (ItemKNN),0.0,0.0
AETFYI5ANZGO4W4NEG3NJ4FMON2A,Content (Avg Emb),0.0,0.0
AETFYI5ANZGO4W4NEG3NJ4FMON2A,Last-Item,0.0,0.0
AETFYI5ANZGO4W4NEG3NJ4FMON2A,Avg-Last-10,0.0,0.0
AETFYI5ANZGO4W4NEG3NJ4FMON2A,Recency-Weighted,0.0,0.0
AETFYI5ANZGO4W4NEG3NJ4FMON2A,Essence (K=10),0.0,0.0
AETIFTWOY7IS4OCZNGU4NADKHQXA,Random,0.0,0.0
AETIFTWOY7IS4OCZNGU4NADKHQXA,Popularity,0.0,0.0
AETIFTWOY7IS4OCZNGU4NADKHQXA,CF (ItemKNN),0.0,0.0
AETIFTWOY7IS4OCZNGU4NADKHQXA,Content (Avg Emb),0.0,0.0
AETIFTWOY7IS4OCZNGU4NADKHQXA,Last-Item,0.0,0.0
AETIFTWOY7IS4OCZNGU4NADKHQXA,Avg-Last-10,0.0,0.0
AETIFTWOY7IS4OCZNGU4NADKHQXA,Recency-Weighted,0.0,0.0
AETIFTWOY7IS4OCZNGU4NADKHQXA,Essence (K=10),0.0,0.0
AETPBVLJBSRYDXATJD6BCOONX4DQ,Random,0.0,
AETPBVLJBSRYDXATJD6BCOONX4DQ,Popularity,0.0,
AETPBVLJBSRYDXATJD6BCOONX4DQ,CF (ItemKNN),0.0,
AETPBVLJBSRYDXATJD6BCOONX4DQ,Content (Avg Emb),0.0,
AETPBVLJBSRYDXATJD6BCOONX4DQ,Last-Item,0.0,
AETPBVLJBSRYDXATJD6BCOONX4DQ,Avg-Last-10,0.0,
AETPBVLJBSRYDXATJD6BCOONX4DQ,Recency-Weighted,0.0,
AETPBVLJBSRYDXATJD6BCOONX4DQ,Essence (K=10),0.0,
AETT3Z2Y25TAD7GIIKOA65XAVCLA,Random,0.0,
AETT3Z2Y25TAD7GIIKOA65XAVCLA,Popularity,0.0,
AETT3Z2Y25TAD7GIIKOA65XAVCLA,CF (ItemKNN),0.0,
AETT3Z2Y25TAD7GIIKOA65XAVCLA,Content (Avg Emb),0.0,
AETT3Z2Y25TAD7GIIKOA65XAVCLA,Last-Item,0.0,
AETT3Z2Y25TAD7GIIKOA65XAVCLA,Avg-Last-10,0.0,
AETT3Z2Y25TAD7GIIKOA65XAVCLA,Recency-Weighted,0.0,
AETT3Z2Y25TAD7GIIKOA65XAVCLA,Essence (K=10),0.0,
AETU2EOHB4IQZNB3PTLBVADBMLYQ,Random,0.0,
AETU2EOHB4IQZNB3PTLBVADBMLYQ,Popularity,0.0,
AETU2EOHB4IQZNB3PTLBVADBMLYQ,CF (ItemKNN),0.0,
AETU2EOHB4IQZNB3PTLBVADBMLYQ,Content (Avg Emb),0.0,
AETU2EOHB4IQZNB3PTLBVADBMLYQ,Last-Item,0.0,
AETU2EOHB4IQZNB3PTLBVADBMLYQ,Avg-Last-10,0.0,
AETU2EOHB4IQZNB3PTLBVADBMLYQ,Recency-Weighted,0.0,
AETU2EOHB4IQZNB3PTLBVADBMLYQ,Essence (K=10),0.0,
AETUKJPXKBLMTYFX4SPZ3ZODBNHQ,Random,0.0,0.0
AETUKJPXKBLMTYFX4SPZ3ZODBNHQ,Popularity,0.0,0.0
AETUKJPXKBLMTYFX4SPZ3ZODBNHQ,CF (ItemKNN),0.0,0.0
AETUKJPXKBLMTYFX4SPZ3ZODBNHQ,Content (Avg Emb),0.0,0.0
AETUKJPXKBLMTYFX4SPZ3ZODBNHQ,Last-Item,0.21428571428571427,0.0
AETUKJPXKBLMTYFX4SPZ3ZODBNHQ,Avg-Last-10,0.0,0.0
AETUKJPXKBLMTYFX4SPZ3ZODBNHQ,Recency-Weighted,0.0,0.0
AETUKJPXKBLMTYFX4SPZ3ZODBNHQ,Essence (K=10),0.0,0.0
AETVOXSQLZZ5TSMUTRR6PGZYGJ6A,Random,0.0,0.0
AETVOXSQLZZ5TSMUTRR6PGZYGJ6A,Popularity,0.0,0.0
AETVOXSQLZZ5TSMUTRR6PGZYGJ6A,CF (ItemKNN),0.0,0.0
AETVOXSQLZZ5TSMUTRR6PGZYGJ6A,Content (Avg Emb),0.0,0.0
AETVOXSQLZZ5TSMUTRR6PGZYGJ6A,Last-Item,0.0,0.0
AETVOXSQLZZ5TSMUTRR6PGZYGJ6A,Avg-Last-10,0.0,0.0
AETVOXSQLZZ5TSMUTRR6PGZYGJ6A,Recency-Weighted,0.0,0.0
AETVOXSQLZZ5TSMUTRR6PGZYGJ6A,Essence (K=10),0.0,0.0
AETW7OZTCDKCZVBHGGBCJQTTU6KA,Random,0.0,0.0
AETW7OZTCDKCZVBHGGBCJQTTU6KA,Popularity,0.0,0.0
AETW7OZTCDKCZVBHGGBCJQTTU6KA,CF (ItemKNN),0.0,0.0
AETW7OZTCDKCZVBHGGBCJQTTU6KA,Content (Avg Emb),0.0,0.0
AETW7OZTCDKCZVBHGGBCJQTTU6KA,Last-Item,0.07692307692307693,0.0
AETW7OZTCDKCZVBHGGBCJQTTU6KA,Avg-Last-10,0.0,0.0
AETW7OZTCDKCZVBHGGBCJQTTU6KA,Recency-Weighted,0.0,0.0
AETW7OZTCDKCZVBHGGBCJQTTU6KA,Essence (K=10),0.15384615384615385,0.0
AETWZEGM36SKNH4BB54R5DQOZY3Q,Random,0.0,0.0
AETWZEGM36SKNH4BB54R5DQOZY3Q,Popularity,0.0,0.0
AETWZEGM36SKNH4BB54R5DQOZY3Q,CF (ItemKNN),0.0,0.0
AETWZEGM36SKNH4BB54R5DQOZY3Q,Content (Avg Emb),0.0,0.0
AETWZEGM36SKNH4BB54R5DQOZY3Q,Last-Item,0.0,0.0
AETWZEGM36SKNH4BB54R5DQOZY3Q,Avg-Last-10,0.0,0.0
AETWZEGM36SKNH4BB54R5DQOZY3Q,Recency-Weighted,0.0,0.0
AETWZEGM36SKNH4BB54R5DQOZY3Q,Essence (K=10),0.0,0.0
AETZ2HU7DNFNN6M7AHJDSMIPGS4A,Random,0.0,0.0
AETZ2HU7DNFNN6M7AHJDSMIPGS4A,Popularity,0.0,0.0
AETZ2HU7DNFNN6M7AHJDSMIPGS4A,CF (ItemKNN),0.0,0.0
AETZ2HU7DNFNN6M7AHJDSMIPGS4A,Content (Avg Emb),0.0,0.0
AETZ2HU7DNFNN6M7AHJDSMIPGS4A,Last-Item,0.0,0.0
AETZ2HU7DNFNN6M7AHJDSMIPGS4A,Avg-Last-10,0.0,0.0
AETZ2HU7DNFNN6M7AHJDSMIPGS4A,Recency-Weighted,0.0,0.0
AETZ2HU7DNFNN6M7AHJDSMIPGS4A,Essence (K=10),0.0,0.0
AEU22EZFI5EN3QIGYTW5HXT32OUA,Random,0.0,0.0
AEU22EZFI5EN3QIGYTW5HXT32OUA,Popularity,0.0,0.0
AEU22EZFI5EN3QIGYTW5HXT32OUA,CF (ItemKNN),0.0,0.0
AEU22EZFI5EN3QIGYTW5HXT32OUA,Content (Avg Emb),0.0,0.0
AEU22EZFI5EN3QIGYTW5HXT32OUA,Last-Item,0.0,0.0
AEU22EZFI5EN3QIGYTW5HXT32OUA,Avg-Last-10,0.0,0.0
AEU22EZFI5EN3QIGYTW5HXT32OUA,Recency-Weighted,0.0,0.0
AEU22EZFI5EN3QIGYTW5HXT32OUA,Essence (K=10),0.0,0.0
AEU4RAC5LE6LTF52KPGW6IJBOMQQ,Random,0.0,0.0
AEU4RAC5LE6LTF52KPGW6IJBOMQQ,Popularity,0.0,0.0
AEU4RAC5LE6LTF52KPGW6IJBOMQQ,CF (ItemKNN),0.2727272727272727,1.0
AEU4RAC5LE6LTF52KPGW6IJBOMQQ,Content (Avg Emb),0.0,0.0
AEU4RAC5LE6LTF52KPGW6IJBOMQQ,Last-Item,0.0,0.0
AEU4RAC5LE6LTF52KPGW6IJBOMQQ,Avg-Last-10,0.0,0.0
AEU4RAC5LE6LTF52KPGW6IJBOMQQ,Recency-Weighted,0.0,0.0
AEU4RAC5LE6LTF52KPGW6IJBOMQQ,Essence (K=10),0.0,0.0
AEU5S4GJKGWRJ55B7U6L7YVIHWOQ,Random,0.0,0.0
AEU5S4GJKGWRJ55B7U6L7YVIHWOQ,Popularity,0.0,0.0
AEU5S4GJKGWRJ55B7U6L7YVIHWOQ,CF (ItemKNN),0.0,0.0
AEU5S4GJKGWRJ55B7U6L7YVIHWOQ,Content (Avg Emb),0.0,0.0
AEU5S4GJKGWRJ55B7U6L7YVIHWOQ,Last-Item,0.0,0.0
AEU5S4GJKGWRJ55B7U6L7YVIHWOQ,Avg-Last-10,0.0,0.0
AEU5S4GJKGWRJ55B7U6L7YVIHWOQ,Recency-Weighted,0.0,0.0
AEU5S4GJKGWRJ55B7U6L7YVIHWOQ,Essence (K=10),0.0,0.0
AEU7KZURZGK6FLR2CGDGSZ7HSGTA,Random,0.0,
AEU7KZURZGK6FLR2CGDGSZ7HSGTA,Popularity,0.0,
AEU7KZURZGK6FLR2CGDGSZ7HSGTA,CF (ItemKNN),0.0,
AEU7KZURZGK6FLR2CGDGSZ7HSGTA,Content (Avg Emb),0.0,
AEU7KZURZGK6FLR2CGDGSZ7HSGTA,Last-Item,0.0,
AEU7KZURZGK6FLR2CGDGSZ7HSGTA,Avg-Last-10,0.0,
AEU7KZURZGK6FLR2CGDGSZ7HSGTA,Recency-Weighted,0.0,
AEU7KZURZGK6FLR2CGDGSZ7HSGTA,Essence (K=10),0.0,
AEU7PWQJYAX35X7EQQULEQK4HQRA,Random,0.0,
AEU7PWQJYAX35X7EQQULEQK4HQRA,Popularity,0.0,
AEU7PWQJYAX35X7EQQULEQK4HQRA,CF (ItemKNN),0.0,
AEU7PWQJYAX35X7EQQULEQK4HQRA,Content (Avg Emb),0.4,
AEU7PWQJYAX35X7EQQULEQK4HQRA,Last-Item,0.2,
AEU7PWQJYAX35X7EQQULEQK4HQRA,Avg-Last-10,0.8,
AEU7PWQJYAX35X7EQQULEQK4HQRA,Recency-Weighted,0.6,
AEU7PWQJYAX35X7EQQULEQK4HQRA,Essence (K=10),0.4,
AEUA342VYO4MXYMC73U2G7IWQ55A,Random,0.0,0.0
AEUA342VYO4MXYMC73U2G7IWQ55A,Popularity,0.0,0.0
AEUA342VYO4MXYMC73U2G7IWQ55A,CF (ItemKNN),0.0,0.0
AEUA342VYO4MXYMC73U2G7IWQ55A,Content (Avg Emb),0.0,0.0
AEUA342VYO4MXYMC73U2G7IWQ55A,Last-Item,0.0,0.0
AEUA342VYO4MXYMC73U2G7IWQ55A,Avg-Last-10,0.0,0.0
AEUA342VYO4MXYMC73U2G7IWQ55A,Recency-Weighted,0.0,0.0
AEUA342VYO4MXYMC73U2G7IWQ55A,Essence (K=10),0.0,0.0
AEUA7WIKWNA53WXE52VGE5YRDMEQ,Random,0.0,
AEUA7WIKWNA53WXE52VGE5YRDMEQ,Popularity,0.0,
AEUA7WIKWNA53WXE52VGE5YRDMEQ,CF (ItemKNN),0.0,
AEUA7WIKWNA53WXE52VGE5YRDMEQ,Content (Avg Emb),0.2,
AEUA7WIKWNA53WXE52VGE5YRDMEQ,Last-Item,0.2,
AEUA7WIKWNA53WXE52VGE5YRDMEQ,Avg-Last-10,0.2,
AEUA7WIKWNA53WXE52VGE5YRDMEQ,Recency-Weighted,0.2,
AEUA7WIKWNA53WXE52VGE5YRDMEQ,Essence (K=10),0.2,
AEUC65FVVPRD4IR6WFZ7T4HELRPA,Random,0.0,0.0
AEUC65FVVPRD4IR6WFZ7T4HELRPA,Popularity,0.0,0.0
AEUC65FVVPRD4IR6WFZ7T4HELRPA,CF (ItemKNN),0.0,0.0
AEUC65FVVPRD4IR6WFZ7T4HELRPA,Content (Avg Emb),0.0,0.0
AEUC65FVVPRD4IR6WFZ7T4HELRPA,Last-Item,0.0,0.0
AEUC65FVVPRD4IR6WFZ7T4HELRPA,Avg-Last-10,0.16666666666666666,0.5
AEUC65FVVPRD4IR6WFZ7T4HELRPA,Recency-Weighted,0.16666666666666666,0.5
AEUC65FVVPRD4IR6WFZ7T4HELRPA,Essence (K=10),0.16666666666666666,0.5
AEUDCTJABXD44TGLEY2635VLF42A,Random,0.0,
AEUDCTJABXD44TGLEY2635VLF42A,Popularity,0.0,
AEUDCTJABXD44TGLEY2635VLF42A,CF (ItemKNN),0.0,
AEUDCTJABXD44TGLEY2635VLF42A,Content (Avg Emb),0.0,
AEUDCTJABXD44TGLEY2635VLF42A,Last-Item,0.0,
AEUDCTJABXD44TGLEY2635VLF42A,Avg-Last-10,0.0,
AEUDCTJABXD44TGLEY2635VLF42A,Recency-Weighted,0.0,
AEUDCTJABXD44TGLEY2635VLF42A,Essence (K=10),0.0,
AEUGL2OAD6FM3FJGNDVISKA6T2VQ,Random,0.0,0.0
AEUGL2OAD6FM3FJGNDVISKA6T2VQ,Popularity,0.0,0.0
AEUGL2OAD6FM3FJGNDVISKA6T2VQ,CF (ItemKNN),0.0,0.0
AEUGL2OAD6FM3FJGNDVISKA6T2VQ,Content (Avg Emb),0.0,0.0
AEUGL2OAD6FM3FJGNDVISKA6T2VQ,Last-Item,0.0,0.0
AEUGL2OAD6FM3FJGNDVISKA6T2VQ,Avg-Last-10,0.0,0.0
AEUGL2OAD6FM3FJGNDVISKA6T2VQ,Recency-Weighted,0.0,0.0
AEUGL2OAD6FM3FJGNDVISKA6T2VQ,Essence (K=10),0.0,0.0
AEUHLXXMZCJI2F6HWOZTAENOLTFA,Random,0.0,0.0
AEUHLXXMZCJI2F6HWOZTAENOLTFA,Popularity,0.0,0.0
AEUHLXXMZCJI2F6HWOZTAENOLTFA,CF (ItemKNN),0.0,0.0
AEUHLXXMZCJI2F6HWOZTAENOLTFA,Content (Avg Emb),0.0,0.0
AEUHLXXMZCJI2F6HWOZTAENOLTFA,Last-Item,0.0,0.0
AEUHLXXMZCJI2F6HWOZTAENOLTFA,Avg-Last-10,0.0,0.0
AEUHLXXMZCJI2F6HWOZTAENOLTFA,Recency-Weighted,0.0,0.0
AEUHLXXMZCJI2F6HWOZTAENOLTFA,Essence (K=10),0.0,0.0
AEUJ3V5NX2BV33LZZ3KFB2QYLQDA,Random,0.0,
AEUJ3V5NX2BV33LZZ3KFB2QYLQDA,Popularity,0.0,
AEUJ3V5NX2BV33LZZ3KFB2QYLQDA,CF (ItemKNN),0.0,
AEUJ3V5NX2BV33LZZ3KFB2QYLQDA,Content (Avg Emb),0.0,
AEUJ3V5NX2BV33LZZ3KFB2QYLQDA,Last-Item,0.0,
AEUJ3V5NX2BV33LZZ3KFB2QYLQDA,Avg-Last-10,0.047619047619047616,
AEUJ3V5NX2BV33LZZ3KFB2QYLQDA,Recency-Weighted,0.047619047619047616,
AEUJ3V5NX2BV33LZZ3KFB2QYLQDA,Essence (K=10),0.0,
AEUJZI5CJYP7TAY7XX3WM2YTTEVA,Random,0.0,0.0
AEUJZI5CJYP7TAY7XX3WM2YTTEVA,Popularity,0.0,0.0
AEUJZI5CJYP7TAY7XX3WM2YTTEVA,CF (ItemKNN),0.0,0.0
AEUJZI5CJYP7TAY7XX3WM2YTTEVA,Content (Avg Emb),0.0,0.0
AEUJZI5CJYP7TAY7XX3WM2YTTEVA,Last-Item,0.0,0.0
AEUJZI5CJYP7TAY7XX3WM2YTTEVA,Avg-Last-10,0.0,0.0
AEUJZI5CJYP7TAY7XX3WM2YTTEVA,Recency-Weighted,0.0,0.0
AEUJZI5CJYP7TAY7XX3WM2YTTEVA,Essence (K=10),0.0,0.0
AEUNFBHMROLF2ZZWTQX6YJXRYOGA,Random,0.0,
AEUNFBHMROLF2ZZWTQX6YJXRYOGA,Popularity,0.0,
AEUNFBHMROLF2ZZWTQX6YJXRYOGA,CF (ItemKNN),0.0,
AEUNFBHMROLF2ZZWTQX6YJXRYOGA,Content (Avg Emb),0.0,
AEUNFBHMROLF2ZZWTQX6YJXRYOGA,Last-Item,0.0,
AEUNFBHMROLF2ZZWTQX6YJXRYOGA,Avg-Last-10,0.0,
AEUNFBHMROLF2ZZWTQX6YJXRYOGA,Recency-Weighted,0.0,
AEUNFBHMROLF2ZZWTQX6YJXRYOGA,Essence (K=10),0.0,
AEUNQHA5HRRK6PKNEI264TNL5YJQ,Random,0.0,0.0
AEUNQHA5HRRK6PKNEI264TNL5YJQ,Popularity,0.0,0.0
AEUNQHA5HRRK6PKNEI264TNL5YJQ,CF (ItemKNN),0.0,0.0
AEUNQHA5HRRK6PKNEI264TNL5YJQ,Content (Avg Emb),0.0,0.0
AEUNQHA5HRRK6PKNEI264TNL5YJQ,Last-Item,0.0,0.0
AEUNQHA5HRRK6PKNEI264TNL5YJQ,Avg-Last-10,0.0,0.0
AEUNQHA5HRRK6PKNEI264TNL5YJQ,Recency-Weighted,0.0,0.0
AEUNQHA5HRRK6PKNEI264TNL5YJQ,Essence (K=10),0.0,0.0
AEURC56MOPVXGEK3XS4LOHUL6JSQ,Random,0.0,0.0
AEURC56MOPVXGEK3XS4LOHUL6JSQ,Popularity,0.0,0.0
AEURC56MOPVXGEK3XS4LOHUL6JSQ,CF (ItemKNN),0.0,0.0
AEURC56MOPVXGEK3XS4LOHUL6JSQ,Content (Avg Emb),0.0,0.0
AEURC56MOPVXGEK3XS4LOHUL6JSQ,Last-Item,0.0,0.0
AEURC56MOPVXGEK3XS4LOHUL6JSQ,Avg-Last-10,0.0,0.0
AEURC56MOPVXGEK3XS4LOHUL6JSQ,Recency-Weighted,0.0,0.0
AEURC56MOPVXGEK3XS4LOHUL6JSQ,Essence (K=10),0.0,0.0
AEUS5ADOHM7I2HEM6VZWMZXQCVTQ,Random,0.0,
AEUS5ADOHM7I2HEM6VZWMZXQCVTQ,Popularity,0.0,
AEUS5ADOHM7I2HEM6VZWMZXQCVTQ,CF (ItemKNN),0.0,
AEUS5ADOHM7I2HEM6VZWMZXQCVTQ,Content (Avg Emb),0.0,
AEUS5ADOHM7I2HEM6VZWMZXQCVTQ,Last-Item,0.0,
AEUS5ADOHM7I2HEM6VZWMZXQCVTQ,Avg-Last-10,0.0,
AEUS5ADOHM7I2HEM6VZWMZXQCVTQ,Recency-Weighted,0.0,
AEUS5ADOHM7I2HEM6VZWMZXQCVTQ,Essence (K=10),0.0,
AEUW7EEDJWDAVHPE2WSVQYTX74YQ,Random,0.0,0.0
AEUW7EEDJWDAVHPE2WSVQYTX74YQ,Popularity,0.0,0.0
AEUW7EEDJWDAVHPE2WSVQYTX74YQ,CF (ItemKNN),0.0,0.0
AEUW7EEDJWDAVHPE2WSVQYTX74YQ,Content (Avg Emb),0.0,0.0
AEUW7EEDJWDAVHPE2WSVQYTX74YQ,Last-Item,0.125,0.0
AEUW7EEDJWDAVHPE2WSVQYTX74YQ,Avg-Last-10,0.0,0.0
AEUW7EEDJWDAVHPE2WSVQYTX74YQ,Recency-Weighted,0.125,0.0
AEUW7EEDJWDAVHPE2WSVQYTX74YQ,Essence (K=10),0.0,0.0
AEUXGURMIPE22JKK2IR2HMEFNGAA,Random,0.0,0.0
AEUXGURMIPE22JKK2IR2HMEFNGAA,Popularity,0.0,0.0
AEUXGURMIPE22JKK2IR2HMEFNGAA,CF (ItemKNN),0.0,0.0
AEUXGURMIPE22JKK2IR2HMEFNGAA,Content (Avg Emb),0.0,0.0
AEUXGURMIPE22JKK2IR2HMEFNGAA,Last-Item,0.0,0.0
AEUXGURMIPE22JKK2IR2HMEFNGAA,Avg-Last-10,0.0,0.0
AEUXGURMIPE22JKK2IR2HMEFNGAA,Recency-Weighted,0.0,0.0
AEUXGURMIPE22JKK2IR2HMEFNGAA,Essence (K=10),0.0,0.0
AEV4VYB342PGNC4VZVG4XLZIMJYA,Random,0.0,0.0
AEV4VYB342PGNC4VZVG4XLZIMJYA,Popularity,0.0,0.0
AEV4VYB342PGNC4VZVG4XLZIMJYA,CF (ItemKNN),0.0,0.0
AEV4VYB342PGNC4VZVG4XLZIMJYA,Content (Avg Emb),0.0,0.0
AEV4VYB342PGNC4VZVG4XLZIMJYA,Last-Item,0.0,0.0
AEV4VYB342PGNC4VZVG4XLZIMJYA,Avg-Last-10,0.0,0.0
AEV4VYB342PGNC4VZVG4XLZIMJYA,Recency-Weighted,0.0,0.0
AEV4VYB342PGNC4VZVG4XLZIMJYA,Essence (K=10),0.0,0.0
AEV5CHBGTEZIMBVTSXUXJNT77RHQ,Random,0.0,
AEV5CHBGTEZIMBVTSXUXJNT77RHQ,Popularity,0.0,
AEV5CHBGTEZIMBVTSXUXJNT77RHQ,CF (ItemKNN),0.0,
AEV5CHBGTEZIMBVTSXUXJNT77RHQ,Content (Avg Emb),0.0,
AEV5CHBGTEZIMBVTSXUXJNT77RHQ,Last-Item,0.0,
AEV5CHBGTEZIMBVTSXUXJNT77RHQ,Avg-Last-10,0.0,
AEV5CHBGTEZIMBVTSXUXJNT77RHQ,Recency-Weighted,0.0,
AEV5CHBGTEZIMBVTSXUXJNT77RHQ,Essence (K=10),0.0,
AEV6FR33FCBMJHE6C4C6VW3KPKSQ,Random,0.0,0.0
AEV6FR33FCBMJHE6C4C6VW3KPKSQ,Popularity,0.0,0.0
AEV6FR33FCBMJHE6C4C6VW3KPKSQ,CF (ItemKNN),0.0,0.0
AEV6FR33FCBMJHE6C4C6VW3KPKSQ,Content (Avg Emb),0.0,0.0
AEV6FR33FCBMJHE6C4C6VW3KPKSQ,Last-Item,0.0,0.0
AEV6FR33FCBMJHE6C4C6VW3KPKSQ,Avg-Last-10,0.0,0.0
AEV6FR33FCBMJHE6C4C6VW3KPKSQ,Recency-Weighted,0.0,0.0
AEV6FR33FCBMJHE6C4C6VW3KPKSQ,Essence (K=10),0.0,0.0
AEVANAUW67Y37WABLIVRJZJJLYXQ,Random,0.0,0.0
AEVANAUW67Y37WABLIVRJZJJLYXQ,Popularity,0.0,0.0
AEVANAUW67Y37WABLIVRJZJJLYXQ,CF (ItemKNN),0.0,0.0
AEVANAUW67Y37WABLIVRJZJJLYXQ,Content (Avg Emb),0.0,0.0
AEVANAUW67Y37WABLIVRJZJJLYXQ,Last-Item,0.0,0.0
AEVANAUW67Y37WABLIVRJZJJLYXQ,Avg-Last-10,0.0,0.0
AEVANAUW67Y37WABLIVRJZJJLYXQ,Recency-Weighted,0.0,0.0
AEVANAUW67Y37WABLIVRJZJJLYXQ,Essence (K=10),0.0,0.0
AEVGR3UQUOB3WIS3GUXYP53VK7KA,Random,0.0,0.0
AEVGR3UQUOB3WIS3GUXYP53VK7KA,Popularity,0.0,0.0
AEVGR3UQUOB3WIS3GUXYP53VK7KA,CF (ItemKNN),0.0,0.0
AEVGR3UQUOB3WIS3GUXYP53VK7KA,Content (Avg Emb),0.0,0.0
AEVGR3UQUOB3WIS3GUXYP53VK7KA,Last-Item,0.0,0.0
AEVGR3UQUOB3WIS3GUXYP53VK7KA,Avg-Last-10,0.0,0.0
AEVGR3UQUOB3WIS3GUXYP53VK7KA,Recency-Weighted,0.0,0.0
AEVGR3UQUOB3WIS3GUXYP53VK7KA,Essence (K=10),0.0,0.0
AEVLM2V7JOEAHOCJMV4EYMORJP7Q,Random,0.0,0.0
AEVLM2V7JOEAHOCJMV4EYMORJP7Q,Popularity,0.0,0.0
AEVLM2V7JOEAHOCJMV4EYMORJP7Q,CF (ItemKNN),0.0,0.0
AEVLM2V7JOEAHOCJMV4EYMORJP7Q,Content (Avg Emb),0.0,0.0
AEVLM2V7JOEAHOCJMV4EYMORJP7Q,Last-Item,0.0,0.0
AEVLM2V7JOEAHOCJMV4EYMORJP7Q,Avg-Last-10,0.0,0.0
AEVLM2V7JOEAHOCJMV4EYMORJP7Q,Recency-Weighted,0.0,0.0
AEVLM2V7JOEAHOCJMV4EYMORJP7Q,Essence (K=10),0.0,0.0
AEVLY7T752JCVGS227I2ADVVWIDA,Random,0.0,
AEVLY7T752JCVGS227I2ADVVWIDA,Popularity,0.0,
AEVLY7T752JCVGS227I2ADVVWIDA,CF (ItemKNN),0.0,
AEVLY7T752JCVGS227I2ADVVWIDA,Content (Avg Emb),0.0,
AEVLY7T752JCVGS227I2ADVVWIDA,Last-Item,0.0,
AEVLY7T752JCVGS227I2ADVVWIDA,Avg-Last-10,0.0,
AEVLY7T752JCVGS227I2ADVVWIDA,Recency-Weighted,0.0,
AEVLY7T752JCVGS227I2ADVVWIDA,Essence (K=10),0.0,
AEVRI442WLWKSBWN6IKYQ2XP3QVA,Random,0.0,
AEVRI442WLWKSBWN6IKYQ2XP3QVA,Popularity,0.0,
AEVRI442WLWKSBWN6IKYQ2XP3QVA,CF (ItemKNN),0.0,
AEVRI442WLWKSBWN6IKYQ2XP3QVA,Content (Avg Emb),0.0,
AEVRI442WLWKSBWN6IKYQ2XP3QVA,Last-Item,0.2,
AEVRI442WLWKSBWN6IKYQ2XP3QVA,Avg-Last-10,0.0,
AEVRI442WLWKSBWN6IKYQ2XP3QVA,Recency-Weighted,0.0,
AEVRI442WLWKSBWN6IKYQ2XP3QVA,Essence (K=10),0.0,
AEW2NFXBU5CTTMILKSMGRQO4BYEA,Random,0.0,0.0
AEW2NFXBU5CTTMILKSMGRQO4BYEA,Popularity,0.0,0.0
AEW2NFXBU5CTTMILKSMGRQO4BYEA,CF (ItemKNN),0.0,0.0
AEW2NFXBU5CTTMILKSMGRQO4BYEA,Content (Avg Emb),0.0,0.0
AEW2NFXBU5CTTMILKSMGRQO4BYEA,Last-Item,0.0,0.0
AEW2NFXBU5CTTMILKSMGRQO4BYEA,Avg-Last-10,0.0,0.0
AEW2NFXBU5CTTMILKSMGRQO4BYEA,Recency-Weighted,0.0,0.0
AEW2NFXBU5CTTMILKSMGRQO4BYEA,Essence (K=10),0.0,0.0
AEW34QBZ6YWBRIMU675MMMJVMLEA,Random,0.0,0.0
AEW34QBZ6YWBRIMU675MMMJVMLEA,Popularity,0.0,0.0
AEW34QBZ6YWBRIMU675MMMJVMLEA,CF (ItemKNN),0.0,0.0
AEW34QBZ6YWBRIMU675MMMJVMLEA,Content (Avg Emb),0.0,0.0
AEW34QBZ6YWBRIMU675MMMJVMLEA,Last-Item,0.0,0.0
AEW34QBZ6YWBRIMU675MMMJVMLEA,Avg-Last-10,0.0,0.0
AEW34QBZ6YWBRIMU675MMMJVMLEA,Recency-Weighted,0.0,0.0
AEW34QBZ6YWBRIMU675MMMJVMLEA,Essence (K=10),0.0,0.0
AEW3FU3XN26KT3KTFIK6FD756PBQ,Random,0.0,
AEW3FU3XN26KT3KTFIK6FD756PBQ,Popularity,0.0,
AEW3FU3XN26KT3KTFIK6FD756PBQ,CF (ItemKNN),0.0,
AEW3FU3XN26KT3KTFIK6FD756PBQ,Content (Avg Emb),0.0,
AEW3FU3XN26KT3KTFIK6FD756PBQ,Last-Item,0.0,
AEW3FU3XN26KT3KTFIK6FD756PBQ,Avg-Last-10,0.2,
AEW3FU3XN26KT3KTFIK6FD756PBQ,Recency-Weighted,0.4,
AEW3FU3XN26KT3KTFIK6FD756PBQ,Essence (K=10),0.0,
AEW7OKFQV54LUPA5OJG2VJ3MIOWQ,Random,0.0,
AEW7OKFQV54LUPA5OJG2VJ3MIOWQ,Popularity,0.0,
AEW7OKFQV54LUPA5OJG2VJ3MIOWQ,CF (ItemKNN),0.0,
AEW7OKFQV54LUPA5OJG2VJ3MIOWQ,Content (Avg Emb),0.0,
AEW7OKFQV54LUPA5OJG2VJ3MIOWQ,Last-Item,0.0,
AEW7OKFQV54LUPA5OJG2VJ3MIOWQ,Avg-Last-10,0.0,
AEW7OKFQV54LUPA5OJG2VJ3MIOWQ,Recency-Weighted,0.0,
AEW7OKFQV54LUPA5OJG2VJ3MIOWQ,Essence (K=10),0.0,
AEWBUR6W6KCX6GGEE6GWV2EQ7Y6A,Random,0.0,
AEWBUR6W6KCX6GGEE6GWV2EQ7Y6A,Popularity,0.0,
AEWBUR6W6KCX6GGEE6GWV2EQ7Y6A,CF (ItemKNN),0.0,
AEWBUR6W6KCX6GGEE6GWV2EQ7Y6A,Content (Avg Emb),0.0,
AEWBUR6W6KCX6GGEE6GWV2EQ7Y6A,Last-Item,0.0,
AEWBUR6W6KCX6GGEE6GWV2EQ7Y6A,Avg-Last-10,0.0,
AEWBUR6W6KCX6GGEE6GWV2EQ7Y6A,Recency-Weighted,0.0,
AEWBUR6W6KCX6GGEE6GWV2EQ7Y6A,Essence (K=10),0.0,
AEWFAL7G3VYOXURGLU5G3PZT7L7A,Random,0.0,
AEWFAL7G3VYOXURGLU5G3PZT7L7A,Popularity,0.0,
AEWFAL7G3VYOXURGLU5G3PZT7L7A,CF (ItemKNN),0.0,
AEWFAL7G3VYOXURGLU5G3PZT7L7A,Content (Avg Emb),0.0,
AEWFAL7G3VYOXURGLU5G3PZT7L7A,Last-Item,0.2,
AEWFAL7G3VYOXURGLU5G3PZT7L7A,Avg-Last-10,0.2,
AEWFAL7G3VYOXURGLU5G3PZT7L7A,Recency-Weighted,0.4,
AEWFAL7G3VYOXURGLU5G3PZT7L7A,Essence (K=10),0.2,
AEWGZJWAWHMW7KWH6U7PAVVGYPGA,Random,0.0,0.0
AEWGZJWAWHMW7KWH6U7PAVVGYPGA,Popularity,0.0,0.0
AEWGZJWAWHMW7KWH6U7PAVVGYPGA,CF (ItemKNN),0.0,0.0
AEWGZJWAWHMW7KWH6U7PAVVGYPGA,Content (Avg Emb),0.0,0.0
AEWGZJWAWHMW7KWH6U7PAVVGYPGA,Last-Item,0.0,0.0
AEWGZJWAWHMW7KWH6U7PAVVGYPGA,Avg-Last-10,0.0,0.0
AEWGZJWAWHMW7KWH6U7PAVVGYPGA,Recency-Weighted,0.0,0.0
AEWGZJWAWHMW7KWH6U7PAVVGYPGA,Essence (K=10),0.0,0.0
AEWHSFTCTWHIC33Y6GQCZVKSZ34A,Random,0.0,
AEWHSFTCTWHIC33Y6GQCZVKSZ34A,Popularity,0.0,
AEWHSFTCTWHIC33Y6GQCZVKSZ34A,CF (ItemKNN),0.0,
AEWHSFTCTWHIC33Y6GQCZVKSZ34A,Content (Avg Emb),0.0,
AEWHSFTCTWHIC33Y6GQCZVKSZ34A,Last-Item,0.0,
AEWHSFTCTWHIC33Y6GQCZVKSZ34A,Avg-Last-10,0.0,
AEWHSFTCTWHIC33Y6GQCZVKSZ34A,Recency-Weighted,0.0,
AEWHSFTCTWHIC33Y6GQCZVKSZ34A,Essence (K=10),0.0,
AEWMHZAZFVKMPH3YRQMZRSKMGWIA,Random,0.0,0.0
AEWMHZAZFVKMPH3YRQMZRSKMGWIA,Popularity,0.0,0.0
AEWMHZAZFVKMPH3YRQMZRSKMGWIA,CF (ItemKNN),0.0,0.0
AEWMHZAZFVKMPH3YRQMZRSKMGWIA,Content (Avg Emb),0.0,0.0
AEWMHZAZFVKMPH3YRQMZRSKMGWIA,Last-Item,0.0,0.0
AEWMHZAZFVKMPH3YRQMZRSKMGWIA,Avg-Last-10,0.0,0.0
AEWMHZAZFVKMPH3YRQMZRSKMGWIA,Recency-Weighted,0.0,0.0
AEWMHZAZFVKMPH3YRQMZRSKMGWIA,Essence (K=10),0.0,0.0
AEWMOZMAFQBM5S5ESCQXQAWGS3JA,Random,0.0,0.0
AEWMOZMAFQBM5S5ESCQXQAWGS3JA,Popularity,0.0,0.0
AEWMOZMAFQBM5S5ESCQXQAWGS3JA,CF (ItemKNN),0.04,0.14285714285714285
AEWMOZMAFQBM5S5ESCQXQAWGS3JA,Content (Avg Emb),0.0,0.0
AEWMOZMAFQBM5S5ESCQXQAWGS3JA,Last-Item,0.04,0.0
AEWMOZMAFQBM5S5ESCQXQAWGS3JA,Avg-Last-10,0.0,0.0
AEWMOZMAFQBM5S5ESCQXQAWGS3JA,Recency-Weighted,0.04,0.0
AEWMOZMAFQBM5S5ESCQXQAWGS3JA,Essence (K=10),0.0,0.0
AEWMX54MK6TA4GEHREGS3CJJGA5A,Random,0.0,
AEWMX54MK6TA4GEHREGS3CJJGA5A,Popularity,0.0,
AEWMX54MK6TA4GEHREGS3CJJGA5A,CF (ItemKNN),0.0,
AEWMX54MK6TA4GEHREGS3CJJGA5A,Content (Avg Emb),0.0,
AEWMX54MK6TA4GEHREGS3CJJGA5A,Last-Item,0.0,
AEWMX54MK6TA4GEHREGS3CJJGA5A,Avg-Last-10,0.0,
AEWMX54MK6TA4GEHREGS3CJJGA5A,Recency-Weighted,0.0,
AEWMX54MK6TA4GEHREGS3CJJGA5A,Essence (K=10),0.0,
AEWPOCPQD7JZY2J2JLZCGIWCGSRQ,Random,0.0,0.0
AEWPOCPQD7JZY2J2JLZCGIWCGSRQ,Popularity,0.0,0.0
AEWPOCPQD7JZY2J2JLZCGIWCGSRQ,CF (ItemKNN),0.0,0.0
AEWPOCPQD7JZY2J2JLZCGIWCGSRQ,Content (Avg Emb),0.0,0.0
AEWPOCPQD7JZY2J2JLZCGIWCGSRQ,Last-Item,0.0,0.0
AEWPOCPQD7JZY2J2JLZCGIWCGSRQ,Avg-Last-10,0.0,0.0
AEWPOCPQD7JZY2J2JLZCGIWCGSRQ,Recency-Weighted,0.0,0.0
AEWPOCPQD7JZY2J2JLZCGIWCGSRQ,Essence (K=10),0.0,0.0
AEWQ3AJ633KF2UMZBFSG3GJKVUFA,Random,0.0,
AEWQ3AJ633KF2UMZBFSG3GJKVUFA,Popularity,0.0,
AEWQ3AJ633KF2UMZBFSG3GJKVUFA,CF (ItemKNN),0.0,
AEWQ3AJ633KF2UMZBFSG3GJKVUFA,Content (Avg Emb),0.0,
AEWQ3AJ633KF2UMZBFSG3GJKVUFA,Last-Item,0.0,
AEWQ3AJ633KF2UMZBFSG3GJKVUFA,Avg-Last-10,0.0,
AEWQ3AJ633KF2UMZBFSG3GJKVUFA,Recency-Weighted,0.0,
AEWQ3AJ633KF2UMZBFSG3GJKVUFA,Essence (K=10),0.0,
AEWU3KIFLUA3TFUPUUWXBJF53S3A,Random,0.0,
AEWU3KIFLUA3TFUPUUWXBJF53S3A,Popularity,0.16666666666666666,
AEWU3KIFLUA3TFUPUUWXBJF53S3A,CF (ItemKNN),0.0,
AEWU3KIFLUA3TFUPUUWXBJF53S3A,Content (Avg Emb),0.0,
AEWU3KIFLUA3TFUPUUWXBJF53S3A,Last-Item,0.0,
AEWU3KIFLUA3TFUPUUWXBJF53S3A,Avg-Last-10,0.0,
AEWU3KIFLUA3TFUPUUWXBJF53S3A,Recency-Weighted,0.0,
AEWU3KIFLUA3TFUPUUWXBJF53S3A,Essence (K=10),0.0,
AEWUKSRSCJCALV3X7U4B623VZ7EA,Random,0.0,0.0
AEWUKSRSCJCALV3X7U4B623VZ7EA,Popularity,0.0,0.0
AEWUKSRSCJCALV3X7U4B623VZ7EA,CF (ItemKNN),0.0,0.0
AEWUKSRSCJCALV3X7U4B623VZ7EA,Content (Avg Emb),0.0,0.0
AEWUKSRSCJCALV3X7U4B623VZ7EA,Last-Item,0.0,0.0
AEWUKSRSCJCALV3X7U4B623VZ7EA,Avg-Last-10,0.0,0.0
AEWUKSRSCJCALV3X7U4B623VZ7EA,Recency-Weighted,0.0,0.0
AEWUKSRSCJCALV3X7U4B623VZ7EA,Essence (K=10),0.0,0.0
AEX3THJ2B7CVB3RESZREWC5675MQ,Random,0.0,0.0
AEX3THJ2B7CVB3RESZREWC5675MQ,Popularity,0.0,0.0
AEX3THJ2B7CVB3RESZREWC5675MQ,CF (ItemKNN),0.0,0.0
AEX3THJ2B7CVB3RESZREWC5675MQ,Content (Avg Emb),0.0,0.0
AEX3THJ2B7CVB3RESZREWC5675MQ,Last-Item,0.16666666666666666,0.0
AEX3THJ2B7CVB3RESZREWC5675MQ,Avg-Last-10,0.0,0.0
AEX3THJ2B7CVB3RESZREWC5675MQ,Recency-Weighted,0.0,0.0
AEX3THJ2B7CVB3RESZREWC5675MQ,Essence (K=10),0.0,0.0
AEXDE77ALKKEFCSPJNZJ2JE6I6TA,Random,0.0,0.0
AEXDE77ALKKEFCSPJNZJ2JE6I6TA,Popularity,0.0,0.0
AEXDE77ALKKEFCSPJNZJ2JE6I6TA,CF (ItemKNN),0.0,0.0
AEXDE77ALKKEFCSPJNZJ2JE6I6TA,Content (Avg Emb),0.0,0.0
AEXDE77ALKKEFCSPJNZJ2JE6I6TA,Last-Item,0.0,0.0
AEXDE77ALKKEFCSPJNZJ2JE6I6TA,Avg-Last-10,0.0,0.0
AEXDE77ALKKEFCSPJNZJ2JE6I6TA,Recency-Weighted,0.0,0.0
AEXDE77ALKKEFCSPJNZJ2JE6I6TA,Essence (K=10),0.0,0.0
AEXF4SVVA2KEWF5XFJO3BU2CY6OQ,Random,0.0,
AEXF4SVVA2KEWF5XFJO3BU2CY6OQ,Popularity,0.0,
AEXF4SVVA2KEWF5XFJO3BU2CY6OQ,CF (ItemKNN),0.0,
AEXF4SVVA2KEWF5XFJO3BU2CY6OQ,Content (Avg Emb),0.0,
AEXF4SVVA2KEWF5XFJO3BU2CY6OQ,Last-Item,0.0,
AEXF4SVVA2KEWF5XFJO3BU2CY6OQ,Avg-Last-10,0.0,
AEXF4SVVA2KEWF5XFJO3BU2CY6OQ,Recency-Weighted,0.0,
AEXF4SVVA2KEWF5XFJO3BU2CY6OQ,Essence (K=10),0.0,
AEXIQM53NELGMZDK3VGFVVLT6NJA,Random,0.0,
AEXIQM53NELGMZDK3VGFVVLT6NJA,Popularity,0.0,
AEXIQM53NELGMZDK3VGFVVLT6NJA,CF (ItemKNN),0.0,
AEXIQM53NELGMZDK3VGFVVLT6NJA,Content (Avg Emb),0.0,
AEXIQM53NELGMZDK3VGFVVLT6NJA,Last-Item,0.25,
AEXIQM53NELGMZDK3VGFVVLT6NJA,Avg-Last-10,0.0,
AEXIQM53NELGMZDK3VGFVVLT6NJA,Recency-Weighted,0.0,
AEXIQM53NELGMZDK3VGFVVLT6NJA,Essence (K=10),0.0,
AEXJFP65DTWHMBJMJKLT4IADIXIA,Random,0.0,0.0
AEXJFP65DTWHMBJMJKLT4IADIXIA,Popularity,0.0,0.0
AEXJFP65DTWHMBJMJKLT4IADIXIA,CF (ItemKNN),0.0,0.0
AEXJFP65DTWHMBJMJKLT4IADIXIA,Content (Avg Emb),0.1,0.0
AEXJFP65DTWHMBJMJKLT4IADIXIA,Last-Item,0.2,0.3333333333333333
AEXJFP65DTWHMBJMJKLT4IADIXIA,Avg-Last-10,0.0,0.0
AEXJFP65DTWHMBJMJKLT4IADIXIA,Recency-Weighted,0.0,0.0
AEXJFP65DTWHMBJMJKLT4IADIXIA,Essence (K=10),0.0,0.0
AEXOM5MCCHLECEXBWHCYDDTYVUFA,Random,0.0,0.0
AEXOM5MCCHLECEXBWHCYDDTYVUFA,Popularity,0.0,0.0
AEXOM5MCCHLECEXBWHCYDDTYVUFA,CF (ItemKNN),0.0,0.0
AEXOM5MCCHLECEXBWHCYDDTYVUFA,Content (Avg Emb),0.0,0.0
AEXOM5MCCHLECEXBWHCYDDTYVUFA,Last-Item,0.0,0.0
AEXOM5MCCHLECEXBWHCYDDTYVUFA,Avg-Last-10,0.0,0.0
AEXOM5MCCHLECEXBWHCYDDTYVUFA,Recency-Weighted,0.0,0.0
AEXOM5MCCHLECEXBWHCYDDTYVUFA,Essence (K=10),0.0,0.0
AEXP5NIJYPDMEYRF4DGDFT6TH7OQ,Random,0.0,0.0
AEXP5NIJYPDMEYRF4DGDFT6TH7OQ,Popularity,0.0,0.0
AEXP5NIJYPDMEYRF4DGDFT6TH7OQ,CF (ItemKNN),0.0,0.0
AEXP5NIJYPDMEYRF4DGDFT6TH7OQ,Content (Avg Emb),0.0,0.0
AEXP5NIJYPDMEYRF4DGDFT6TH7OQ,Last-Item,0.0,0.0
AEXP5NIJYPDMEYRF4DGDFT6TH7OQ,Avg-Last-10,0.0,0.0
AEXP5NIJYPDMEYRF4DGDFT6TH7OQ,Recency-Weighted,0.0,0.0
AEXP5NIJYPDMEYRF4DGDFT6TH7OQ,Essence (K=10),0.0,0.0
AEXWDT56IH4R2HLTXA34LNW3L6WQ,Random,0.0,
AEXWDT56IH4R2HLTXA34LNW3L6WQ,Popularity,0.0,
AEXWDT56IH4R2HLTXA34LNW3L6WQ,CF (ItemKNN),0.0,
AEXWDT56IH4R2HLTXA34LNW3L6WQ,Content (Avg Emb),0.0,
AEXWDT56IH4R2HLTXA34LNW3L6WQ,Last-Item,0.0,
AEXWDT56IH4R2HLTXA34LNW3L6WQ,Avg-Last-10,0.0,
AEXWDT56IH4R2HLTXA34LNW3L6WQ,Recency-Weighted,0.0,
AEXWDT56IH4R2HLTXA34LNW3L6WQ,Essence (K=10),0.0,
AEY3XP2EGGI3AHKLVX7VTNLLLINA,Random,0.0,
AEY3XP2EGGI3AHKLVX7VTNLLLINA,Popularity,0.0,
AEY3XP2EGGI3AHKLVX7VTNLLLINA,CF (ItemKNN),0.0,
AEY3XP2EGGI3AHKLVX7VTNLLLINA,Content (Avg Emb),0.0,
AEY3XP2EGGI3AHKLVX7VTNLLLINA,Last-Item,0.2,
AEY3XP2EGGI3AHKLVX7VTNLLLINA,Avg-Last-10,0.0,
AEY3XP2EGGI3AHKLVX7VTNLLLINA,Recency-Weighted,0.0,
AEY3XP2EGGI3AHKLVX7VTNLLLINA,Essence (K=10),0.0,
AEY75TNFX4QSG2OP4NXO4KE3HISA,Random,0.0,
AEY75TNFX4QSG2OP4NXO4KE3HISA,Popularity,0.0,
AEY75TNFX4QSG2OP4NXO4KE3HISA,CF (ItemKNN),0.0,
AEY75TNFX4QSG2OP4NXO4KE3HISA,Content (Avg Emb),0.0,
AEY75TNFX4QSG2OP4NXO4KE3HISA,Last-Item,0.0,
AEY75TNFX4QSG2OP4NXO4KE3HISA,Avg-Last-10,0.0,
AEY75TNFX4QSG2OP4NXO4KE3HISA,Recency-Weighted,0.0,
AEY75TNFX4QSG2OP4NXO4KE3HISA,Essence (K=10),0.0,
AEYHEKKZW5R6A4H7PPK4NHZ7QLEA,Random,0.0,
AEYHEKKZW5R6A4H7PPK4NHZ7QLEA,Popularity,0.0,
AEYHEKKZW5R6A4H7PPK4NHZ7QLEA,CF (ItemKNN),0.0,
AEYHEKKZW5R6A4H7PPK4NHZ7QLEA,Content (Avg Emb),0.0,
AEYHEKKZW5R6A4H7PPK4NHZ7QLEA,Last-Item,0.0,
AEYHEKKZW5R6A4H7PPK4NHZ7QLEA,Avg-Last-10,0.0,
AEYHEKKZW5R6A4H7PPK4NHZ7QLEA,Recency-Weighted,0.0,
AEYHEKKZW5R6A4H7PPK4NHZ7QLEA,Essence (K=10),0.0,
AEYIMFGBJSWM4JQ6A2PFPQMZAUBA,Random,0.0,0.0
AEYIMFGBJSWM4JQ6A2PFPQMZAUBA,Popularity,0.0,0.0
AEYIMFGBJSWM4JQ6A2PFPQMZAUBA,CF (ItemKNN),0.0,0.0
AEYIMFGBJSWM4JQ6A2PFPQMZAUBA,Content (Avg Emb),0.0,0.0
AEYIMFGBJSWM4JQ6A2PFPQMZAUBA,Last-Item,0.0,0.0
AEYIMFGBJSWM4JQ6A2PFPQMZAUBA,Avg-Last-10,0.0,0.0
AEYIMFGBJSWM4JQ6A2PFPQMZAUBA,Recency-Weighted,0.0,0.0
AEYIMFGBJSWM4JQ6A2PFPQMZAUBA,Essence (K=10),0.0,0.0
AEYIS5EFWY3D4JMPTXXUKCZ4DUBQ,Random,0.0,0.0
AEYIS5EFWY3D4JMPTXXUKCZ4DUBQ,Popularity,0.0,0.0
AEYIS5EFWY3D4JMPTXXUKCZ4DUBQ,CF (ItemKNN),0.0,0.0
AEYIS5EFWY3D4JMPTXXUKCZ4DUBQ,Content (Avg Emb),0.0,0.0
AEYIS5EFWY3D4JMPTXXUKCZ4DUBQ,Last-Item,0.0,0.0
AEYIS5EFWY3D4JMPTXXUKCZ4DUBQ,Avg-Last-10,0.0,0.0
AEYIS5EFWY3D4JMPTXXUKCZ4DUBQ,Recency-Weighted,0.0,0.0
AEYIS5EFWY3D4JMPTXXUKCZ4DUBQ,Essence (K=10),0.0,0.0
AEYJLPAY364JCKDWYE6KX25TZ5EA,Random,0.0,0.0
AEYJLPAY364JCKDWYE6KX25TZ5EA,Popularity,0.0,0.0
AEYJLPAY364JCKDWYE6KX25TZ5EA,CF (ItemKNN),0.0,0.0
AEYJLPAY364JCKDWYE6KX25TZ5EA,Content (Avg Emb),0.0,0.0
AEYJLPAY364JCKDWYE6KX25TZ5EA,Last-Item,0.0,0.0
AEYJLPAY364JCKDWYE6KX25TZ5EA,Avg-Last-10,0.0,0.0
AEYJLPAY364JCKDWYE6KX25TZ5EA,Recency-Weighted,0.0,0.0
AEYJLPAY364JCKDWYE6KX25TZ5EA,Essence (K=10),0.1111111111111111,0.0
AEYM53XFJTINP5KWCAE34HXCO2IQ,Random,0.0,0.0
AEYM53XFJTINP5KWCAE34HXCO2IQ,Popularity,0.0,0.0
AEYM53XFJTINP5KWCAE34HXCO2IQ,CF (ItemKNN),0.0,0.0
AEYM53XFJTINP5KWCAE34HXCO2IQ,Content (Avg Emb),0.0,0.0
AEYM53XFJTINP5KWCAE34HXCO2IQ,Last-Item,0.0,0.0
AEYM53XFJTINP5KWCAE34HXCO2IQ,Avg-Last-10,0.0,0.0
AEYM53XFJTINP5KWCAE34HXCO2IQ,Recency-Weighted,0.0,0.0
AEYM53XFJTINP5KWCAE34HXCO2IQ,Essence (K=10),0.0,0.0
AEYO5P5CS5PI6KAUDUSUBIUELETQ,Random,0.0,
AEYO5P5CS5PI6KAUDUSUBIUELETQ,Popularity,0.0,
AEYO5P5CS5PI6KAUDUSUBIUELETQ,CF (ItemKNN),0.0,
AEYO5P5CS5PI6KAUDUSUBIUELETQ,Content (Avg Emb),0.0,
AEYO5P5CS5PI6KAUDUSUBIUELETQ,Last-Item,0.0,
AEYO5P5CS5PI6KAUDUSUBIUELETQ,Avg-Last-10,0.0,
AEYO5P5CS5PI6KAUDUSUBIUELETQ,Recency-Weighted,0.0,
AEYO5P5CS5PI6KAUDUSUBIUELETQ,Essence (K=10),0.0,
AEYPQH33ZCBQNLOOLD3HGEGNF5SA,Random,0.0,
AEYPQH33ZCBQNLOOLD3HGEGNF5SA,Popularity,0.0,
AEYPQH33ZCBQNLOOLD3HGEGNF5SA,CF (ItemKNN),0.0,
AEYPQH33ZCBQNLOOLD3HGEGNF5SA,Content (Avg Emb),0.0,
AEYPQH33ZCBQNLOOLD3HGEGNF5SA,Last-Item,0.0,
AEYPQH33ZCBQNLOOLD3HGEGNF5SA,Avg-Last-10,0.0,
AEYPQH33ZCBQNLOOLD3HGEGNF5SA,Recency-Weighted,0.0,
AEYPQH33ZCBQNLOOLD3HGEGNF5SA,Essence (K=10),0.0,
AEYS6FPWUIFMCXBXEAGAVRZRQARQ,Random,0.0,0.0
AEYS6FPWUIFMCXBXEAGAVRZRQARQ,Popularity,0.0,0.0
AEYS6FPWUIFMCXBXEAGAVRZRQARQ,CF (ItemKNN),0.14285714285714285,0.5
AEYS6FPWUIFMCXBXEAGAVRZRQARQ,Content (Avg Emb),0.0,0.0
AEYS6FPWUIFMCXBXEAGAVRZRQARQ,Last-Item,0.0,0.0
AEYS6FPWUIFMCXBXEAGAVRZRQARQ,Avg-Last-10,0.14285714285714285,0.0
AEYS6FPWUIFMCXBXEAGAVRZRQARQ,Recency-Weighted,0.14285714285714285,0.0
AEYS6FPWUIFMCXBXEAGAVRZRQARQ,Essence (K=10),0.14285714285714285,0.0
AEYSGCOJIR5X4PFUY7JGUOFCZVNA,Random,0.0,0.0
AEYSGCOJIR5X4PFUY7JGUOFCZVNA,Popularity,0.0,0.0
AEYSGCOJIR5X4PFUY7JGUOFCZVNA,CF (ItemKNN),0.0,0.0
AEYSGCOJIR5X4PFUY7JGUOFCZVNA,Content (Avg Emb),0.0,0.0
AEYSGCOJIR5X4PFUY7JGUOFCZVNA,Last-Item,0.0,0.0
AEYSGCOJIR5X4PFUY7JGUOFCZVNA,Avg-Last-10,0.0,0.0
AEYSGCOJIR5X4PFUY7JGUOFCZVNA,Recency-Weighted,0.0,0.0
AEYSGCOJIR5X4PFUY7JGUOFCZVNA,Essence (K=10),0.0,0.0
AEYTEWRCY7KF5K4NBOHG6I4VUUOQ,Random,0.0,
AEYTEWRCY7KF5K4NBOHG6I4VUUOQ,Popularity,0.0,
AEYTEWRCY7KF5K4NBOHG6I4VUUOQ,CF (ItemKNN),0.0,
AEYTEWRCY7KF5K4NBOHG6I4VUUOQ,Content (Avg Emb),0.0,
AEYTEWRCY7KF5K4NBOHG6I4VUUOQ,Last-Item,0.0,
AEYTEWRCY7KF5K4NBOHG6I4VUUOQ,Avg-Last-10,0.0,
AEYTEWRCY7KF5K4NBOHG6I4VUUOQ,Recency-Weighted,0.0,
AEYTEWRCY7KF5K4NBOHG6I4VUUOQ,Essence (K=10),0.0,
AEYVDSFKTQC4RAZW6NEDY5VQHZ3A,Random,0.0,
AEYVDSFKTQC4RAZW6NEDY5VQHZ3A,Popularity,0.0,
AEYVDSFKTQC4RAZW6NEDY5VQHZ3A,CF (ItemKNN),0.0,
AEYVDSFKTQC4RAZW6NEDY5VQHZ3A,Content (Avg Emb),0.0,
AEYVDSFKTQC4RAZW6NEDY5VQHZ3A,Last-Item,0.0,
AEYVDSFKTQC4RAZW6NEDY5VQHZ3A,Avg-Last-10,0.0,
AEYVDSFKTQC4RAZW6NEDY5VQHZ3A,Recency-Weighted,0.0,
AEYVDSFKTQC4RAZW6NEDY5VQHZ3A,Essence (K=10),0.0,
AEZ2LLS3S7PLTNA2WFRXZUGVNW2Q,Random,0.0,
AEZ2LLS3S7PLTNA2WFRXZUGVNW2Q,Popularity,0.0,
AEZ2LLS3S7PLTNA2WFRXZUGVNW2Q,CF (ItemKNN),0.0,
AEZ2LLS3S7PLTNA2WFRXZUGVNW2Q,Content (Avg Emb),0.0,
AEZ2LLS3S7PLTNA2WFRXZUGVNW2Q,Last-Item,0.0,
AEZ2LLS3S7PLTNA2WFRXZUGVNW2Q,Avg-Last-10,0.0,
AEZ2LLS3S7PLTNA2WFRXZUGVNW2Q,Recency-Weighted,0.0,
AEZ2LLS3S7PLTNA2WFRXZUGVNW2Q,Essence (K=10),0.0,
AEZ5ZPLDPFZWOQF7QF5ZCK6SWVWQ,Random,0.0,
AEZ5ZPLDPFZWOQF7QF5ZCK6SWVWQ,Popularity,0.0,
AEZ5ZPLDPFZWOQF7QF5ZCK6SWVWQ,CF (ItemKNN),0.0,
AEZ5ZPLDPFZWOQF7QF5ZCK6SWVWQ,Content (Avg Emb),0.0,
AEZ5ZPLDPFZWOQF7QF5ZCK6SWVWQ,Last-Item,0.0,
AEZ5ZPLDPFZWOQF7QF5ZCK6SWVWQ,Avg-Last-10,0.0,
AEZ5ZPLDPFZWOQF7QF5ZCK6SWVWQ,Recency-Weighted,0.0,
AEZ5ZPLDPFZWOQF7QF5ZCK6SWVWQ,Essence (K=10),0.0,
AEZ6B2L5L5O2UET3UC4ORLXTVT3A,Random,0.0,0.0
AEZ6B2L5L5O2UET3UC4ORLXTVT3A,Popularity,0.0,0.0
AEZ6B2L5L5O2UET3UC4ORLXTVT3A,CF (ItemKNN),0.0,0.0
AEZ6B2L5L5O2UET3UC4ORLXTVT3A,Content (Avg Emb),0.0,0.0
AEZ6B2L5L5O2UET3UC4ORLXTVT3A,Last-Item,0.0,0.0
AEZ6B2L5L5O2UET3UC4ORLXTVT3A,Avg-Last-10,0.0,0.0
AEZ6B2L5L5O2UET3UC4ORLXTVT3A,Recency-Weighted,0.0,0.0
AEZ6B2L5L5O2UET3UC4ORLXTVT3A,Essence (K=10),0.0,0.0
AEZ6SBJRRLDNJBYFWUK2DCFQMMFA,Random,0.0,
AEZ6SBJRRLDNJBYFWUK2DCFQMMFA,Popularity,0.0,
AEZ6SBJRRLDNJBYFWUK2DCFQMMFA,CF (ItemKNN),0.0,
AEZ6SBJRRLDNJBYFWUK2DCFQMMFA,Content (Avg Emb),0.0,
AEZ6SBJRRLDNJBYFWUK2DCFQMMFA,Last-Item,0.0,
AEZ6SBJRRLDNJBYFWUK2DCFQMMFA,Avg-Last-10,0.0,
AEZ6SBJRRLDNJBYFWUK2DCFQMMFA,Recency-Weighted,0.0,
AEZ6SBJRRLDNJBYFWUK2DCFQMMFA,Essence (K=10),0.0,
AEZE4SRC2MMMYH4IBTDEXB2MHJJQ,Random,0.0,
AEZE4SRC2MMMYH4IBTDEXB2MHJJQ,Popularity,0.0,
AEZE4SRC2MMMYH4IBTDEXB2MHJJQ,CF (ItemKNN),0.0,
AEZE4SRC2MMMYH4IBTDEXB2MHJJQ,Content (Avg Emb),0.0,
AEZE4SRC2MMMYH4IBTDEXB2MHJJQ,Last-Item,0.0,
AEZE4SRC2MMMYH4IBTDEXB2MHJJQ,Avg-Last-10,0.0,
AEZE4SRC2MMMYH4IBTDEXB2MHJJQ,Recency-Weighted,0.0,
AEZE4SRC2MMMYH4IBTDEXB2MHJJQ,Essence (K=10),0.0,
AEZJ2TGHQC2AYUZFDM4Q6YX4LOHA,Random,0.0,0.0
AEZJ2TGHQC2AYUZFDM4Q6YX4LOHA,Popularity,0.0,0.0
AEZJ2TGHQC2AYUZFDM4Q6YX4LOHA,CF (ItemKNN),0.0,0.0
AEZJ2TGHQC2AYUZFDM4Q6YX4LOHA,Content (Avg Emb),0.0,0.0
AEZJ2TGHQC2AYUZFDM4Q6YX4LOHA,Last-Item,0.3333333333333333,0.5
AEZJ2TGHQC2AYUZFDM4Q6YX4LOHA,Avg-Last-10,0.0,0.0
AEZJ2TGHQC2AYUZFDM4Q6YX4LOHA,Recency-Weighted,0.1111111111111111,0.0
AEZJ2TGHQC2AYUZFDM4Q6YX4LOHA,Essence (K=10),0.1111111111111111,0.0
AEZKGBBG6SGFUWZHUYIM3LHDF5FQ,Random,0.0,
AEZKGBBG6SGFUWZHUYIM3LHDF5FQ,Popularity,0.0,
AEZKGBBG6SGFUWZHUYIM3LHDF5FQ,CF (ItemKNN),0.0,
AEZKGBBG6SGFUWZHUYIM3LHDF5FQ,Content (Avg Emb),0.0,
AEZKGBBG6SGFUWZHUYIM3LHDF5FQ,Last-Item,0.0,
AEZKGBBG6SGFUWZHUYIM3LHDF5FQ,Avg-Last-10,0.0,
AEZKGBBG6SGFUWZHUYIM3LHDF5FQ,Recency-Weighted,0.0,
AEZKGBBG6SGFUWZHUYIM3LHDF5FQ,Essence (K=10),0.0,
AEZLB6YTDA35QNCSEGIGDAXGTNSQ,Random,0.0,0.0
AEZLB6YTDA35QNCSEGIGDAXGTNSQ,Popularity,0.0,0.0
AEZLB6YTDA35QNCSEGIGDAXGTNSQ,CF (ItemKNN),0.0,0.0
AEZLB6YTDA35QNCSEGIGDAXGTNSQ,Content (Avg Emb),0.0,0.0
AEZLB6YTDA35QNCSEGIGDAXGTNSQ,Last-Item,0.2,0.3333333333333333
AEZLB6YTDA35QNCSEGIGDAXGTNSQ,Avg-Last-10,0.0,0.0
AEZLB6YTDA35QNCSEGIGDAXGTNSQ,Recency-Weighted,0.0,0.0
AEZLB6YTDA35QNCSEGIGDAXGTNSQ,Essence (K=10),0.0,0.0
AEZLEG54V2ROA2JTU7VXX5622U6Q,Random,0.0,0.0
AEZLEG54V2ROA2JTU7VXX5622U6Q,Popularity,0.0,0.0
AEZLEG54V2ROA2JTU7VXX5622U6Q,CF (ItemKNN),0.0,0.0
AEZLEG54V2ROA2JTU7VXX5622U6Q,Content (Avg Emb),0.0,0.0
AEZLEG54V2ROA2JTU7VXX5622U6Q,Last-Item,0.0,0.0
AEZLEG54V2ROA2JTU7VXX5622U6Q,Avg-Last-10,0.0,0.0
AEZLEG54V2ROA2JTU7VXX5622U6Q,Recency-Weighted,0.0,0.0
AEZLEG54V2ROA2JTU7VXX5622U6Q,Essence (K=10),0.0,0.0
AEZLO6YQ4HOJMBZ7QPIIFXA7ZPLQ,Random,0.0,0.0
AEZLO6YQ4HOJMBZ7QPIIFXA7ZPLQ,Popularity,0.0,0.0
AEZLO6YQ4HOJMBZ7QPIIFXA7ZPLQ,CF (ItemKNN),0.0,0.0
AEZLO6YQ4HOJMBZ7QPIIFXA7ZPLQ,Content (Avg Emb),0.0,0.0
AEZLO6YQ4HOJMBZ7QPIIFXA7ZPLQ,Last-Item,0.0,0.0
AEZLO6YQ4HOJMBZ7QPIIFXA7ZPLQ,Avg-Last-10,0.0,0.0
AEZLO6YQ4HOJMBZ7QPIIFXA7ZPLQ,Recency-Weighted,0.0,0.0
AEZLO6YQ4HOJMBZ7QPIIFXA7ZPLQ,Essence (K=10),0.0,0.0
AEZMGLCXCRXMYCFIBFTFL2YBBPOA,Random,0.0,
AEZMGLCXCRXMYCFIBFTFL2YBBPOA,Popularity,0.0,
AEZMGLCXCRXMYCFIBFTFL2YBBPOA,CF (ItemKNN),0.0,
AEZMGLCXCRXMYCFIBFTFL2YBBPOA,Content (Avg Emb),0.0,
AEZMGLCXCRXMYCFIBFTFL2YBBPOA,Last-Item,0.25,
AEZMGLCXCRXMYCFIBFTFL2YBBPOA,Avg-Last-10,0.0,
AEZMGLCXCRXMYCFIBFTFL2YBBPOA,Recency-Weighted,0.0,
AEZMGLCXCRXMYCFIBFTFL2YBBPOA,Essence (K=10),0.0,
AEZMOON7P7RY6KKNY24VWRYMLMHQ,Random,0.0,0.0
AEZMOON7P7RY6KKNY24VWRYMLMHQ,Popularity,0.0,0.0
AEZMOON7P7RY6KKNY24VWRYMLMHQ,CF (ItemKNN),0.0,0.0
AEZMOON7P7RY6KKNY24VWRYMLMHQ,Content (Avg Emb),0.0,0.0
AEZMOON7P7RY6KKNY24VWRYMLMHQ,Last-Item,0.09090909090909091,1.0
AEZMOON7P7RY6KKNY24VWRYMLMHQ,Avg-Last-10,0.09090909090909091,1.0
AEZMOON7P7RY6KKNY24VWRYMLMHQ,Recency-Weighted,0.09090909090909091,1.0
AEZMOON7P7RY6KKNY24VWRYMLMHQ,Essence (K=10),0.18181818181818182,1.0
AEZPR3OI4DAJYXIDPM4QJS2V2RZQ,Random,0.0,0.0
AEZPR3OI4DAJYXIDPM4QJS2V2RZQ,Popularity,0.0,0.0
AEZPR3OI4DAJYXIDPM4QJS2V2RZQ,CF (ItemKNN),0.0,0.0
AEZPR3OI4DAJYXIDPM4QJS2V2RZQ,Content (Avg Emb),0.0,0.0
AEZPR3OI4DAJYXIDPM4QJS2V2RZQ,Last-Item,0.0,0.0
AEZPR3OI4DAJYXIDPM4QJS2V2RZQ,Avg-Last-10,0.0,0.0
AEZPR3OI4DAJYXIDPM4QJS2V2RZQ,Recency-Weighted,0.0,0.0
AEZPR3OI4DAJYXIDPM4QJS2V2RZQ,Essence (K=10),0.0,0.0
AEZTZFYT3ZX7CF24YZUIKH5J24YQ,Random,0.0,0.0
AEZTZFYT3ZX7CF24YZUIKH5J24YQ,Popularity,0.0,0.0
AEZTZFYT3ZX7CF24YZUIKH5J24YQ,CF (ItemKNN),0.1,1.0
AEZTZFYT3ZX7CF24YZUIKH5J24YQ,Content (Avg Emb),0.1,0.0
AEZTZFYT3ZX7CF24YZUIKH5J24YQ,Last-Item,0.0,0.0
AEZTZFYT3ZX7CF24YZUIKH5J24YQ,Avg-Last-10,0.2,0.0
AEZTZFYT3ZX7CF24YZUIKH5J24YQ,Recency-Weighted,0.2,0.0
AEZTZFYT3ZX7CF24YZUIKH5J24YQ,Essence (K=10),0.1,0.0
AEZWGVHK62MI6F3R42A5I4G4KCHA,Random,0.0,0.0
AEZWGVHK62MI6F3R42A5I4G4KCHA,Popularity,0.0,0.0
AEZWGVHK62MI6F3R42A5I4G4KCHA,CF (ItemKNN),0.0,0.0
AEZWGVHK62MI6F3R42A5I4G4KCHA,Content (Avg Emb),0.16666666666666666,0.3333333333333333
AEZWGVHK62MI6F3R42A5I4G4KCHA,Last-Item,0.3333333333333333,0.3333333333333333
AEZWGVHK62MI6F3R42A5I4G4KCHA,Avg-Last-10,0.16666666666666666,0.3333333333333333
AEZWGVHK62MI6F3R42A5I4G4KCHA,Recency-Weighted,0.16666666666666666,0.3333333333333333
AEZWGVHK62MI6F3R42A5I4G4KCHA,Essence (K=10),0.16666666666666666,0.3333333333333333
AEZXR5L263IRQUQNAQUMWJDHMPVA,Random,0.0,
AEZXR5L263IRQUQNAQUMWJDHMPVA,Popularity,0.0,
AEZXR5L263IRQUQNAQUMWJDHMPVA,CF (ItemKNN),0.0,
AEZXR5L263IRQUQNAQUMWJDHMPVA,Content (Avg Emb),0.0,
AEZXR5L263IRQUQNAQUMWJDHMPVA,Last-Item,1.0,
AEZXR5L263IRQUQNAQUMWJDHMPVA,Avg-Last-10,0.5,
AEZXR5L263IRQUQNAQUMWJDHMPVA,Recency-Weighted,0.75,
AEZXR5L263IRQUQNAQUMWJDHMPVA,Essence (K=10),1.0,
AEZY2G7RDJM5PDKG4WUN2GLE7GGQ,Random,0.0,
AEZY2G7RDJM5PDKG4WUN2GLE7GGQ,Popularity,0.0,
AEZY2G7RDJM5PDKG4WUN2GLE7GGQ,CF (ItemKNN),0.0,
AEZY2G7RDJM5PDKG4WUN2GLE7GGQ,Content (Avg Emb),0.0,
AEZY2G7RDJM5PDKG4WUN2GLE7GGQ,Last-Item,0.0,
AEZY2G7RDJM5PDKG4WUN2GLE7GGQ,Avg-Last-10,0.0,
AEZY2G7RDJM5PDKG4WUN2GLE7GGQ,Recency-Weighted,0.0,
AEZY2G7RDJM5PDKG4WUN2GLE7GGQ,Essence (K=10),0.0,
AEZZOXNIHIHMLLOFRMHCYPBJHSCA,Random,0.0,0.0
AEZZOXNIHIHMLLOFRMHCYPBJHSCA,Popularity,0.0,0.0
AEZZOXNIHIHMLLOFRMHCYPBJHSCA,CF (ItemKNN),0.0,0.0
AEZZOXNIHIHMLLOFRMHCYPBJHSCA,Content (Avg Emb),0.0,0.0
AEZZOXNIHIHMLLOFRMHCYPBJHSCA,Last-Item,0.0,0.0
AEZZOXNIHIHMLLOFRMHCYPBJHSCA,Avg-Last-10,0.0,0.0
AEZZOXNIHIHMLLOFRMHCYPBJHSCA,Recency-Weighted,0.0,0.0
AEZZOXNIHIHMLLOFRMHCYPBJHSCA,Essence (K=10),0.0,0.0
AF226UBRQOQ2XOQ3SHF4ONWOCAUA,Random,0.0,
AF226UBRQOQ2XOQ3SHF4ONWOCAUA,Popularity,0.0,
AF226UBRQOQ2XOQ3SHF4ONWOCAUA,CF (ItemKNN),0.0,
AF226UBRQOQ2XOQ3SHF4ONWOCAUA,Content (Avg Emb),0.0,
AF226UBRQOQ2XOQ3SHF4ONWOCAUA,Last-Item,0.0,
AF226UBRQOQ2XOQ3SHF4ONWOCAUA,Avg-Last-10,0.0,
AF226UBRQOQ2XOQ3SHF4ONWOCAUA,Recency-Weighted,0.0,
AF226UBRQOQ2XOQ3SHF4ONWOCAUA,Essence (K=10),0.0,
AF26NZZRAS54FZM7EOJ637ZPHUKQ,Random,0.0,0.0
AF26NZZRAS54FZM7EOJ637ZPHUKQ,Popularity,0.0,0.0
AF26NZZRAS54FZM7EOJ637ZPHUKQ,CF (ItemKNN),0.0,0.0
AF26NZZRAS54FZM7EOJ637ZPHUKQ,Content (Avg Emb),0.0,0.0
AF26NZZRAS54FZM7EOJ637ZPHUKQ,Last-Item,0.0,0.0
AF26NZZRAS54FZM7EOJ637ZPHUKQ,Avg-Last-10,0.0,0.0
AF26NZZRAS54FZM7EOJ637ZPHUKQ,Recency-Weighted,0.0,0.0
AF26NZZRAS54FZM7EOJ637ZPHUKQ,Essence (K=10),0.0,0.0
AF27MUBMAHB7EPMB6NC3WMVQ3RMQ,Random,0.0,0.0
AF27MUBMAHB7EPMB6NC3WMVQ3RMQ,Popularity,0.0,0.0
AF27MUBMAHB7EPMB6NC3WMVQ3RMQ,CF (ItemKNN),0.0,0.0
AF27MUBMAHB7EPMB6NC3WMVQ3RMQ,Content (Avg Emb),0.0,0.0
AF27MUBMAHB7EPMB6NC3WMVQ3RMQ,Last-Item,0.0,0.0
AF27MUBMAHB7EPMB6NC3WMVQ3RMQ,Avg-Last-10,0.0,0.0
AF27MUBMAHB7EPMB6NC3WMVQ3RMQ,Recency-Weighted,0.0,0.0
AF27MUBMAHB7EPMB6NC3WMVQ3RMQ,Essence (K=10),0.0,0.0
AF2GCNPZHWFGVG4FU7GNBAQ6V6YQ,Random,0.0,0.0
AF2GCNPZHWFGVG4FU7GNBAQ6V6YQ,Popularity,0.0,0.0
AF2GCNPZHWFGVG4FU7GNBAQ6V6YQ,CF (ItemKNN),0.0,0.0
AF2GCNPZHWFGVG4FU7GNBAQ6V6YQ,Content (Avg Emb),0.0,0.0
AF2GCNPZHWFGVG4FU7GNBAQ6V6YQ,Last-Item,0.0,0.0
AF2GCNPZHWFGVG4FU7GNBAQ6V6YQ,Avg-Last-10,0.0,0.0
AF2GCNPZHWFGVG4FU7GNBAQ6V6YQ,Recency-Weighted,0.0,0.0
AF2GCNPZHWFGVG4FU7GNBAQ6V6YQ,Essence (K=10),0.0,0.0
AF2JMSNEKMYOD7D6UQACZFQIAG4A,Random,0.0,0.0
AF2JMSNEKMYOD7D6UQACZFQIAG4A,Popularity,0.0,0.0
AF2JMSNEKMYOD7D6UQACZFQIAG4A,CF (ItemKNN),0.0,0.0
AF2JMSNEKMYOD7D6UQACZFQIAG4A,Content (Avg Emb),0.0,0.0
AF2JMSNEKMYOD7D6UQACZFQIAG4A,Last-Item,0.0,0.0
AF2JMSNEKMYOD7D6UQACZFQIAG4A,Avg-Last-10,0.0,0.0
AF2JMSNEKMYOD7D6UQACZFQIAG4A,Recency-Weighted,0.0,0.0
AF2JMSNEKMYOD7D6UQACZFQIAG4A,Essence (K=10),0.0,0.0
AF2LKY37WWUF5AVP5ADJ5XJUBSPA,Random,0.0,0.0
AF2LKY37WWUF5AVP5ADJ5XJUBSPA,Popularity,0.0,0.0
AF2LKY37WWUF5AVP5ADJ5XJUBSPA,CF (ItemKNN),0.0,0.0
AF2LKY37WWUF5AVP5ADJ5XJUBSPA,Content (Avg Emb),0.0,0.0
AF2LKY37WWUF5AVP5ADJ5XJUBSPA,Last-Item,0.0,0.0
AF2LKY37WWUF5AVP5ADJ5XJUBSPA,Avg-Last-10,0.0,0.0
AF2LKY37WWUF5AVP5ADJ5XJUBSPA,Recency-Weighted,0.0,0.0
AF2LKY37WWUF5AVP5ADJ5XJUBSPA,Essence (K=10),0.0,0.0
AF2LMUVYDIBJJ5QZQA36DKB4C7RQ,Random,0.0,
AF2LMUVYDIBJJ5QZQA36DKB4C7RQ,Popularity,0.0,
AF2LMUVYDIBJJ5QZQA36DKB4C7RQ,CF (ItemKNN),0.0,
AF2LMUVYDIBJJ5QZQA36DKB4C7RQ,Content (Avg Emb),0.0,
AF2LMUVYDIBJJ5QZQA36DKB4C7RQ,Last-Item,0.0,
AF2LMUVYDIBJJ5QZQA36DKB4C7RQ,Avg-Last-10,0.0,
AF2LMUVYDIBJJ5QZQA36DKB4C7RQ,Recency-Weighted,0.0,
AF2LMUVYDIBJJ5QZQA36DKB4C7RQ,Essence (K=10),0.0,
AF2LPOY6JWRI6CN2QSQI34JTWUDQ,Random,0.0,
AF2LPOY6JWRI6CN2QSQI34JTWUDQ,Popularity,0.0,
AF2LPOY6JWRI6CN2QSQI34JTWUDQ,CF (ItemKNN),0.0,
AF2LPOY6JWRI6CN2QSQI34JTWUDQ,Content (Avg Emb),0.0,
AF2LPOY6JWRI6CN2QSQI34JTWUDQ,Last-Item,0.0,
AF2LPOY6JWRI6CN2QSQI34JTWUDQ,Avg-Last-10,0.0,
AF2LPOY6JWRI6CN2QSQI34JTWUDQ,Recency-Weighted,0.0,
AF2LPOY6JWRI6CN2QSQI34JTWUDQ,Essence (K=10),0.0,
AF2NR3L4PTH2LXCMM5WTRUBLDSSQ,Random,0.0,
AF2NR3L4PTH2LXCMM5WTRUBLDSSQ,Popularity,0.0,
AF2NR3L4PTH2LXCMM5WTRUBLDSSQ,CF (ItemKNN),0.0,
AF2NR3L4PTH2LXCMM5WTRUBLDSSQ,Content (Avg Emb),0.0,
AF2NR3L4PTH2LXCMM5WTRUBLDSSQ,Last-Item,0.0,
AF2NR3L4PTH2LXCMM5WTRUBLDSSQ,Avg-Last-10,0.0,
AF2NR3L4PTH2LXCMM5WTRUBLDSSQ,Recency-Weighted,0.0,
AF2NR3L4PTH2LXCMM5WTRUBLDSSQ,Essence (K=10),0.0,
AF2OZ3TM334625U364LHXGQQO4GQ,Random,0.0,
AF2OZ3TM334625U364LHXGQQO4GQ,Popularity,0.0,
AF2OZ3TM334625U364LHXGQQO4GQ,CF (ItemKNN),0.0,
AF2OZ3TM334625U364LHXGQQO4GQ,Content (Avg Emb),0.0,
AF2OZ3TM334625U364LHXGQQO4GQ,Last-Item,0.0,
AF2OZ3TM334625U364LHXGQQO4GQ,Avg-Last-10,0.0,
AF2OZ3TM334625U364LHXGQQO4GQ,Recency-Weighted,0.0,
AF2OZ3TM334625U364LHXGQQO4GQ,Essence (K=10),0.0,
AF2PFXQYAQWAH2EIK5FHDSETSLKA,Random,0.0,0.0
AF2PFXQYAQWAH2EIK5FHDSETSLKA,Popularity,0.0,0.0
AF2PFXQYAQWAH2EIK5FHDSETSLKA,CF (ItemKNN),0.0,0.0
AF2PFXQYAQWAH2EIK5FHDSETSLKA,Content (Avg Emb),0.0,0.0
AF2PFXQYAQWAH2EIK5FHDSETSLKA,Last-Item,0.0,0.0
AF2PFXQYAQWAH2EIK5FHDSETSLKA,Avg-Last-10,0.0,0.0
AF2PFXQYAQWAH2EIK5FHDSETSLKA,Recency-Weighted,0.0,0.0
AF2PFXQYAQWAH2EIK5FHDSETSLKA,Essence (K=10),0.0,0.0
AF2PYTBB3YLSEVDJST7E5AOSXJLQ,Random,0.0,0.0
AF2PYTBB3YLSEVDJST7E5AOSXJLQ,Popularity,0.0,0.0
AF2PYTBB3YLSEVDJST7E5AOSXJLQ,CF (ItemKNN),0.0,0.0
AF2PYTBB3YLSEVDJST7E5AOSXJLQ,Content (Avg Emb),0.0,0.0
AF2PYTBB3YLSEVDJST7E5AOSXJLQ,Last-Item,0.0,0.0
AF2PYTBB3YLSEVDJST7E5AOSXJLQ,Avg-Last-10,0.0,0.0
AF2PYTBB3YLSEVDJST7E5AOSXJLQ,Recency-Weighted,0.0,0.0
AF2PYTBB3YLSEVDJST7E5AOSXJLQ,Essence (K=10),0.0,0.0
AF2RB5N2VWYDFXWG4UM257QQ22QA,Random,0.0,
AF2RB5N2VWYDFXWG4UM257QQ22QA,Popularity,0.0,
AF2RB5N2VWYDFXWG4UM257QQ22QA,CF (ItemKNN),0.0,
AF2RB5N2VWYDFXWG4UM257QQ22QA,Content (Avg Emb),0.0,
AF2RB5N2VWYDFXWG4UM257QQ22QA,Last-Item,0.0,
AF2RB5N2VWYDFXWG4UM257QQ22QA,Avg-Last-10,0.0,
AF2RB5N2VWYDFXWG4UM257QQ22QA,Recency-Weighted,0.0,
AF2RB5N2VWYDFXWG4UM257QQ22QA,Essence (K=10),0.0,
AF2TAVAZ4V4LJWBTAVIVF6TU2OFQ,Random,0.0,
AF2TAVAZ4V4LJWBTAVIVF6TU2OFQ,Popularity,0.0,
AF2TAVAZ4V4LJWBTAVIVF6TU2OFQ,CF (ItemKNN),0.0,
AF2TAVAZ4V4LJWBTAVIVF6TU2OFQ,Content (Avg Emb),0.0,
AF2TAVAZ4V4LJWBTAVIVF6TU2OFQ,Last-Item,0.0,
AF2TAVAZ4V4LJWBTAVIVF6TU2OFQ,Avg-Last-10,0.0,
AF2TAVAZ4V4LJWBTAVIVF6TU2OFQ,Recency-Weighted,0.0,
AF2TAVAZ4V4LJWBTAVIVF6TU2OFQ,Essence (K=10),0.0,
AF2VVMASHY55FTASGFBTHV42EM2A,Random,0.0,0.0
AF2VVMASHY55FTASGFBTHV42EM2A,Popularity,0.0,0.0
AF2VVMASHY55FTASGFBTHV42EM2A,CF (ItemKNN),0.0,0.0
AF2VVMASHY55FTASGFBTHV42EM2A,Content (Avg Emb),0.0,0.0
AF2VVMASHY55FTASGFBTHV42EM2A,Last-Item,0.0,0.0
AF2VVMASHY55FTASGFBTHV42EM2A,Avg-Last-10,0.0,0.0
AF2VVMASHY55FTASGFBTHV42EM2A,Recency-Weighted,0.0,0.0
AF2VVMASHY55FTASGFBTHV42EM2A,Essence (K=10),0.0,0.0
AF2W6A5ZNJA7DLMOT7OVIVJOXSEA,Random,0.0,
AF2W6A5ZNJA7DLMOT7OVIVJOXSEA,Popularity,0.0,
AF2W6A5ZNJA7DLMOT7OVIVJOXSEA,CF (ItemKNN),0.0,
AF2W6A5ZNJA7DLMOT7OVIVJOXSEA,Content (Avg Emb),0.0,
AF2W6A5ZNJA7DLMOT7OVIVJOXSEA,Last-Item,0.2,
AF2W6A5ZNJA7DLMOT7OVIVJOXSEA,Avg-Last-10,0.0,
AF2W6A5ZNJA7DLMOT7OVIVJOXSEA,Recency-Weighted,0.0,
AF2W6A5ZNJA7DLMOT7OVIVJOXSEA,Essence (K=10),0.0,
AF2ZI4BYPY56Y2O3ZS5MHQBQMCDA,Random,0.0,0.0
AF2ZI4BYPY56Y2O3ZS5MHQBQMCDA,Popularity,0.0,0.0
AF2ZI4BYPY56Y2O3ZS5MHQBQMCDA,CF (ItemKNN),0.0,0.0
AF2ZI4BYPY56Y2O3ZS5MHQBQMCDA,Content (Avg Emb),0.0,0.0
AF2ZI4BYPY56Y2O3ZS5MHQBQMCDA,Last-Item,0.0,0.0
AF2ZI4BYPY56Y2O3ZS5MHQBQMCDA,Avg-Last-10,0.0,0.0
AF2ZI4BYPY56Y2O3ZS5MHQBQMCDA,Recency-Weighted,0.0,0.0
AF2ZI4BYPY56Y2O3ZS5MHQBQMCDA,Essence (K=10),0.0,0.0
AF33SB6ZZ4SZTBGCJ2A26GXEHOTQ,Random,0.0,0.0
AF33SB6ZZ4SZTBGCJ2A26GXEHOTQ,Popularity,0.0,0.0
AF33SB6ZZ4SZTBGCJ2A26GXEHOTQ,CF (ItemKNN),0.0,0.0
AF33SB6ZZ4SZTBGCJ2A26GXEHOTQ,Content (Avg Emb),0.0,0.0
AF33SB6ZZ4SZTBGCJ2A26GXEHOTQ,Last-Item,0.0,0.0
AF33SB6ZZ4SZTBGCJ2A26GXEHOTQ,Avg-Last-10,0.0,0.0
AF33SB6ZZ4SZTBGCJ2A26GXEHOTQ,Recency-Weighted,0.0,0.0
AF33SB6ZZ4SZTBGCJ2A26GXEHOTQ,Essence (K=10),0.0,0.0
AF35QAXJFPUFXIKCRP6WLE2TTVWQ,Random,0.0,0.0
AF35QAXJFPUFXIKCRP6WLE2TTVWQ,Popularity,0.0,0.0
AF35QAXJFPUFXIKCRP6WLE2TTVWQ,CF (ItemKNN),0.0,0.0
AF35QAXJFPUFXIKCRP6WLE2TTVWQ,Content (Avg Emb),0.0,0.0
AF35QAXJFPUFXIKCRP6WLE2TTVWQ,Last-Item,0.0,0.0
AF35QAXJFPUFXIKCRP6WLE2TTVWQ,Avg-Last-10,0.0,0.0
AF35QAXJFPUFXIKCRP6WLE2TTVWQ,Recency-Weighted,0.0,0.0
AF35QAXJFPUFXIKCRP6WLE2TTVWQ,Essence (K=10),0.0,0.0
AF3FZH2XXBFBDKK3LB6Y7SZBOZYQ,Random,0.0,0.0
AF3FZH2XXBFBDKK3LB6Y7SZBOZYQ,Popularity,0.0,0.0
AF3FZH2XXBFBDKK3LB6Y7SZBOZYQ,CF (ItemKNN),0.0,0.0
AF3FZH2XXBFBDKK3LB6Y7SZBOZYQ,Content (Avg Emb),0.25,1.0
AF3FZH2XXBFBDKK3LB6Y7SZBOZYQ,Last-Item,0.0,0.0
AF3FZH2XXBFBDKK3LB6Y7SZBOZYQ,Avg-Last-10,0.625,1.0
AF3FZH2XXBFBDKK3LB6Y7SZBOZYQ,Recency-Weighted,0.625,1.0
AF3FZH2XXBFBDKK3LB6Y7SZBOZYQ,Essence (K=10),0.5,1.0
AF3IKE5V7OZFMVJKJI3INCSQA7CQ,Random,0.0,0.0
AF3IKE5V7OZFMVJKJI3INCSQA7CQ,Popularity,0.0,0.0
AF3IKE5V7OZFMVJKJI3INCSQA7CQ,CF (ItemKNN),0.0,0.0
AF3IKE5V7OZFMVJKJI3INCSQA7CQ,Content (Avg Emb),0.0,0.0
AF3IKE5V7OZFMVJKJI3INCSQA7CQ,Last-Item,0.14285714285714285,0.0
AF3IKE5V7OZFMVJKJI3INCSQA7CQ,Avg-Last-10,0.0,0.0
AF3IKE5V7OZFMVJKJI3INCSQA7CQ,Recency-Weighted,0.0,0.0
AF3IKE5V7OZFMVJKJI3INCSQA7CQ,Essence (K=10),0.0,0.0
AF3J42VUWFI42QEKYFDGFA55SR2A,Random,0.0,0.0
AF3J42VUWFI42QEKYFDGFA55SR2A,Popularity,0.0,0.0
AF3J42VUWFI42QEKYFDGFA55SR2A,CF (ItemKNN),0.0,0.0
AF3J42VUWFI42QEKYFDGFA55SR2A,Content (Avg Emb),0.0,0.0
AF3J42VUWFI42QEKYFDGFA55SR2A,Last-Item,0.0,0.0
AF3J42VUWFI42QEKYFDGFA55SR2A,Avg-Last-10,0.0,0.0
AF3J42VUWFI42QEKYFDGFA55SR2A,Recency-Weighted,0.0,0.0
AF3J42VUWFI42QEKYFDGFA55SR2A,Essence (K=10),0.0,0.0
AF3M2HFBKY5L2LYXD4GOX5ROWIKA,Random,0.0,0.0
AF3M2HFBKY5L2LYXD4GOX5ROWIKA,Popularity,0.0,0.0
AF3M2HFBKY5L2LYXD4GOX5ROWIKA,CF (ItemKNN),0.0,0.0
AF3M2HFBKY5L2LYXD4GOX5ROWIKA,Content (Avg Emb),0.0,0.0
AF3M2HFBKY5L2LYXD4GOX5ROWIKA,Last-Item,0.0,0.0
AF3M2HFBKY5L2LYXD4GOX5ROWIKA,Avg-Last-10,0.0,0.0
AF3M2HFBKY5L2LYXD4GOX5ROWIKA,Recency-Weighted,0.0,0.0
AF3M2HFBKY5L2LYXD4GOX5ROWIKA,Essence (K=10),0.0,0.0
AF3N4HSFIAHGCQ3JQZRQRGHKM7AA,Random,0.0,
AF3N4HSFIAHGCQ3JQZRQRGHKM7AA,Popularity,0.0,
AF3N4HSFIAHGCQ3JQZRQRGHKM7AA,CF (ItemKNN),0.0,
AF3N4HSFIAHGCQ3JQZRQRGHKM7AA,Content (Avg Emb),0.0,
AF3N4HSFIAHGCQ3JQZRQRGHKM7AA,Last-Item,0.0,
AF3N4HSFIAHGCQ3JQZRQRGHKM7AA,Avg-Last-10,0.0,
AF3N4HSFIAHGCQ3JQZRQRGHKM7AA,Recency-Weighted,0.0,
AF3N4HSFIAHGCQ3JQZRQRGHKM7AA,Essence (K=10),0.0,
AF3RIXFFIORNQZTXHDKBYQXLAQMA,Random,0.0,0.0
AF3RIXFFIORNQZTXHDKBYQXLAQMA,Popularity,0.0,0.0
AF3RIXFFIORNQZTXHDKBYQXLAQMA,CF (ItemKNN),0.0,0.0
AF3RIXFFIORNQZTXHDKBYQXLAQMA,Content (Avg Emb),0.034482758620689655,0.0
AF3RIXFFIORNQZTXHDKBYQXLAQMA,Last-Item,0.0,0.0
AF3RIXFFIORNQZTXHDKBYQXLAQMA,Avg-Last-10,0.0,0.0
AF3RIXFFIORNQZTXHDKBYQXLAQMA,Recency-Weighted,0.0,0.0
AF3RIXFFIORNQZTXHDKBYQXLAQMA,Essence (K=10),0.0,0.0
AF3ZMBFSS5VET7PNQ3LTOWPDN5IQ,Random,0.0,0.0
AF3ZMBFSS5VET7PNQ3LTOWPDN5IQ,Popularity,0.0,0.0
AF3ZMBFSS5VET7PNQ3LTOWPDN5IQ,CF (ItemKNN),0.0,0.0
AF3ZMBFSS5VET7PNQ3LTOWPDN5IQ,Content (Avg Emb),0.0,0.0
AF3ZMBFSS5VET7PNQ3LTOWPDN5IQ,Last-Item,0.0,0.0
AF3ZMBFSS5VET7PNQ3LTOWPDN5IQ,Avg-Last-10,0.0,0.0
AF3ZMBFSS5VET7PNQ3LTOWPDN5IQ,Recency-Weighted,0.0,0.0
AF3ZMBFSS5VET7PNQ3LTOWPDN5IQ,Essence (K=10),0.0,0.0
AF3ZYOKALGCMQLUARH4VU72EOMJQ,Random,0.0,0.0
AF3ZYOKALGCMQLUARH4VU72EOMJQ,Popularity,0.0,0.0
AF3ZYOKALGCMQLUARH4VU72EOMJQ,CF (ItemKNN),0.0,0.0
AF3ZYOKALGCMQLUARH4VU72EOMJQ,Content (Avg Emb),0.0,0.0
AF3ZYOKALGCMQLUARH4VU72EOMJQ,Last-Item,0.0,0.0
AF3ZYOKALGCMQLUARH4VU72EOMJQ,Avg-Last-10,0.14285714285714285,0.0
AF3ZYOKALGCMQLUARH4VU72EOMJQ,Recency-Weighted,0.14285714285714285,0.0
AF3ZYOKALGCMQLUARH4VU72EOMJQ,Essence (K=10),0.0,0.0
AF425YWIDQYRPXVHOHO3RUT6MOIA,Random,0.0,
AF425YWIDQYRPXVHOHO3RUT6MOIA,Popularity,0.0,
AF425YWIDQYRPXVHOHO3RUT6MOIA,CF (ItemKNN),0.0,
AF425YWIDQYRPXVHOHO3RUT6MOIA,Content (Avg Emb),0.0,
AF425YWIDQYRPXVHOHO3RUT6MOIA,Last-Item,0.0,
AF425YWIDQYRPXVHOHO3RUT6MOIA,Avg-Last-10,0.0,
AF425YWIDQYRPXVHOHO3RUT6MOIA,Recency-Weighted,0.0,
AF425YWIDQYRPXVHOHO3RUT6MOIA,Essence (K=10),0.0,
AF44TB62MTSDCSU4A5J7R2GAULLA,Random,0.0,0.0
AF44TB62MTSDCSU4A5J7R2GAULLA,Popularity,0.0,0.0
AF44TB62MTSDCSU4A5J7R2GAULLA,CF (ItemKNN),0.0,0.0
AF44TB62MTSDCSU4A5J7R2GAULLA,Content (Avg Emb),0.0,0.0
AF44TB62MTSDCSU4A5J7R2GAULLA,Last-Item,0.0,0.0
AF44TB62MTSDCSU4A5J7R2GAULLA,Avg-Last-10,0.0,0.0
AF44TB62MTSDCSU4A5J7R2GAULLA,Recency-Weighted,0.0,0.0
AF44TB62MTSDCSU4A5J7R2GAULLA,Essence (K=10),0.0,0.0
AF4ACGTK5AZW4VFSJ6F6MN7QFSOA,Random,0.0,0.0
AF4ACGTK5AZW4VFSJ6F6MN7QFSOA,Popularity,0.0,0.0
AF4ACGTK5AZW4VFSJ6F6MN7QFSOA,CF (ItemKNN),0.0,0.0
AF4ACGTK5AZW4VFSJ6F6MN7QFSOA,Content (Avg Emb),0.0,0.0
AF4ACGTK5AZW4VFSJ6F6MN7QFSOA,Last-Item,0.0,0.0
AF4ACGTK5AZW4VFSJ6F6MN7QFSOA,Avg-Last-10,0.0,0.0
AF4ACGTK5AZW4VFSJ6F6MN7QFSOA,Recency-Weighted,0.0,0.0
AF4ACGTK5AZW4VFSJ6F6MN7QFSOA,Essence (K=10),0.0,0.0
AF4FBX7TMLQVLJB45TOQ2EJTXVYA,Random,0.0,
AF4FBX7TMLQVLJB45TOQ2EJTXVYA,Popularity,0.0,
AF4FBX7TMLQVLJB45TOQ2EJTXVYA,CF (ItemKNN),0.0,
AF4FBX7TMLQVLJB45TOQ2EJTXVYA,Content (Avg Emb),0.0,
AF4FBX7TMLQVLJB45TOQ2EJTXVYA,Last-Item,0.0,
AF4FBX7TMLQVLJB45TOQ2EJTXVYA,Avg-Last-10,0.0,
AF4FBX7TMLQVLJB45TOQ2EJTXVYA,Recency-Weighted,0.0,
AF4FBX7TMLQVLJB45TOQ2EJTXVYA,Essence (K=10),0.0,
AF4FRBBFKQTWPWHAYEVIEVGIX4YA,Random,0.0,0.0
AF4FRBBFKQTWPWHAYEVIEVGIX4YA,Popularity,0.0,0.0
AF4FRBBFKQTWPWHAYEVIEVGIX4YA,CF (ItemKNN),0.0,0.0
AF4FRBBFKQTWPWHAYEVIEVGIX4YA,Content (Avg Emb),0.0,0.0
AF4FRBBFKQTWPWHAYEVIEVGIX4YA,Last-Item,0.0,0.0
AF4FRBBFKQTWPWHAYEVIEVGIX4YA,Avg-Last-10,0.058823529411764705,0.5
AF4FRBBFKQTWPWHAYEVIEVGIX4YA,Recency-Weighted,0.058823529411764705,0.5
AF4FRBBFKQTWPWHAYEVIEVGIX4YA,Essence (K=10),0.0,0.0
AF4GW4KJBW3LAH552SANPYH3GL4A,Random,0.0,0.0
AF4GW4KJBW3LAH552SANPYH3GL4A,Popularity,0.0,0.0
AF4GW4KJBW3LAH552SANPYH3GL4A,CF (ItemKNN),0.0,0.0
AF4GW4KJBW3LAH552SANPYH3GL4A,Content (Avg Emb),0.0,0.0
AF4GW4KJBW3LAH552SANPYH3GL4A,Last-Item,0.0,0.0
AF4GW4KJBW3LAH552SANPYH3GL4A,Avg-Last-10,0.0,0.0
AF4GW4KJBW3LAH552SANPYH3GL4A,Recency-Weighted,0.0,0.0
AF4GW4KJBW3LAH552SANPYH3GL4A,Essence (K=10),0.0,0.0
AF4NMCMOVJWFTNPCJKBTJZLHADNQ,Random,0.0,0.0
AF4NMCMOVJWFTNPCJKBTJZLHADNQ,Popularity,0.0,0.0
AF4NMCMOVJWFTNPCJKBTJZLHADNQ,CF (ItemKNN),0.0,0.0
AF4NMCMOVJWFTNPCJKBTJZLHADNQ,Content (Avg Emb),0.0,0.0
AF4NMCMOVJWFTNPCJKBTJZLHADNQ,Last-Item,0.0,0.0
AF4NMCMOVJWFTNPCJKBTJZLHADNQ,Avg-Last-10,0.0,0.0
AF4NMCMOVJWFTNPCJKBTJZLHADNQ,Recency-Weighted,0.0,0.0
AF4NMCMOVJWFTNPCJKBTJZLHADNQ,Essence (K=10),0.0,0.0
AF4SSPLSSF27VDKV6JLWVEE2DO4A,Random,0.0,0.0
AF4SSPLSSF27VDKV6JLWVEE2DO4A,Popularity,0.0,0.0
AF4SSPLSSF27VDKV6JLWVEE2DO4A,CF (ItemKNN),0.0,0.0
AF4SSPLSSF27VDKV6JLWVEE2DO4A,Content (Avg Emb),0.0,0.0
AF4SSPLSSF27VDKV6JLWVEE2DO4A,Last-Item,0.09090909090909091,0.0
AF4SSPLSSF27VDKV6JLWVEE2DO4A,Avg-Last-10,0.0,0.0
AF4SSPLSSF27VDKV6JLWVEE2DO4A,Recency-Weighted,0.0,0.0
AF4SSPLSSF27VDKV6JLWVEE2DO4A,Essence (K=10),0.0,0.0
AF52CPMZOVTZRQ4THF643TLPPU2Q,Random,0.0,
AF52CPMZOVTZRQ4THF643TLPPU2Q,Popularity,0.0,
AF52CPMZOVTZRQ4THF643TLPPU2Q,CF (ItemKNN),0.0,
AF52CPMZOVTZRQ4THF643TLPPU2Q,Content (Avg Emb),0.0,
AF52CPMZOVTZRQ4THF643TLPPU2Q,Last-Item,0.0,
AF52CPMZOVTZRQ4THF643TLPPU2Q,Avg-Last-10,0.0,
AF52CPMZOVTZRQ4THF643TLPPU2Q,Recency-Weighted,0.0,
AF52CPMZOVTZRQ4THF643TLPPU2Q,Essence (K=10),0.0,
AF54A7HVXA73YHG4G2B3DX7B53AA,Random,0.0,0.0
AF54A7HVXA73YHG4G2B3DX7B53AA,Popularity,0.0,0.0
AF54A7HVXA73YHG4G2B3DX7B53AA,CF (ItemKNN),0.0,0.0
AF54A7HVXA73YHG4G2B3DX7B53AA,Content (Avg Emb),0.0,0.0
AF54A7HVXA73YHG4G2B3DX7B53AA,Last-Item,0.0,0.0
AF54A7HVXA73YHG4G2B3DX7B53AA,Avg-Last-10,0.0,0.0
AF54A7HVXA73YHG4G2B3DX7B53AA,Recency-Weighted,0.0,0.0
AF54A7HVXA73YHG4G2B3DX7B53AA,Essence (K=10),0.0,0.0
AF5EF27UBPOSAAAG726MSGWL4IZQ,Random,0.0,
AF5EF27UBPOSAAAG726MSGWL4IZQ,Popularity,0.0,
AF5EF27UBPOSAAAG726MSGWL4IZQ,CF (ItemKNN),0.0,
AF5EF27UBPOSAAAG726MSGWL4IZQ,Content (Avg Emb),0.0,
AF5EF27UBPOSAAAG726MSGWL4IZQ,Last-Item,0.0,
AF5EF27UBPOSAAAG726MSGWL4IZQ,Avg-Last-10,0.0,
AF5EF27UBPOSAAAG726MSGWL4IZQ,Recency-Weighted,0.0,
AF5EF27UBPOSAAAG726MSGWL4IZQ,Essence (K=10),0.125,
AF5EOY2VJ6PI36BFC3GZIAJTBAEQ,Random,0.0,0.0
AF5EOY2VJ6PI36BFC3GZIAJTBAEQ,Popularity,0.0,0.0
AF5EOY2VJ6PI36BFC3GZIAJTBAEQ,CF (ItemKNN),0.0,0.0
AF5EOY2VJ6PI36BFC3GZIAJTBAEQ,Content (Avg Emb),0.0,0.0
AF5EOY2VJ6PI36BFC3GZIAJTBAEQ,Last-Item,0.0,0.0
AF5EOY2VJ6PI36BFC3GZIAJTBAEQ,Avg-Last-10,0.0,0.0
AF5EOY2VJ6PI36BFC3GZIAJTBAEQ,Recency-Weighted,0.0,0.0
AF5EOY2VJ6PI36BFC3GZIAJTBAEQ,Essence (K=10),0.0,0.0
AF5IX6RNFPXT7HNXU6UD6Q5G6MBQ,Random,0.0,0.0
AF5IX6RNFPXT7HNXU6UD6Q5G6MBQ,Popularity,0.0,0.0
AF5IX6RNFPXT7HNXU6UD6Q5G6MBQ,CF (ItemKNN),0.0,0.0
AF5IX6RNFPXT7HNXU6UD6Q5G6MBQ,Content (Avg Emb),0.0,0.0
AF5IX6RNFPXT7HNXU6UD6Q5G6MBQ,Last-Item,0.25,0.0
AF5IX6RNFPXT7HNXU6UD6Q5G6MBQ,Avg-Last-10,0.0,0.0
AF5IX6RNFPXT7HNXU6UD6Q5G6MBQ,Recency-Weighted,0.0,0.0
AF5IX6RNFPXT7HNXU6UD6Q5G6MBQ,Essence (K=10),0.0,0.0
AF5NQD5Z7Z4LCNSA5NACXJGRZXOA,Random,0.0,0.0
AF5NQD5Z7Z4LCNSA5NACXJGRZXOA,Popularity,0.0,0.0
AF5NQD5Z7Z4LCNSA5NACXJGRZXOA,CF (ItemKNN),0.0,0.0
AF5NQD5Z7Z4LCNSA5NACXJGRZXOA,Content (Avg Emb),0.0,0.0
AF5NQD5Z7Z4LCNSA5NACXJGRZXOA,Last-Item,0.16666666666666666,1.0
AF5NQD5Z7Z4LCNSA5NACXJGRZXOA,Avg-Last-10,0.0,0.0
AF5NQD5Z7Z4LCNSA5NACXJGRZXOA,Recency-Weighted,0.0,0.0
AF5NQD5Z7Z4LCNSA5NACXJGRZXOA,Essence (K=10),0.0,0.0
AF5SWT72D7ONRMX365HGDUMGEEHA,Random,0.0,
AF5SWT72D7ONRMX365HGDUMGEEHA,Popularity,0.0,
AF5SWT72D7ONRMX365HGDUMGEEHA,CF (ItemKNN),0.0,
AF5SWT72D7ONRMX365HGDUMGEEHA,Content (Avg Emb),0.0,
AF5SWT72D7ONRMX365HGDUMGEEHA,Last-Item,0.0,
AF5SWT72D7ONRMX365HGDUMGEEHA,Avg-Last-10,0.0,
AF5SWT72D7ONRMX365HGDUMGEEHA,Recency-Weighted,0.0,
AF5SWT72D7ONRMX365HGDUMGEEHA,Essence (K=10),0.0,
AF5UVXL3M5KBWZUKE3PFSNT5FNAQ,Random,0.0,
AF5UVXL3M5KBWZUKE3PFSNT5FNAQ,Popularity,0.0,
AF5UVXL3M5KBWZUKE3PFSNT5FNAQ,CF (ItemKNN),0.0,
AF5UVXL3M5KBWZUKE3PFSNT5FNAQ,Content (Avg Emb),0.0,
AF5UVXL3M5KBWZUKE3PFSNT5FNAQ,Last-Item,0.0,
AF5UVXL3M5KBWZUKE3PFSNT5FNAQ,Avg-Last-10,0.0,
AF5UVXL3M5KBWZUKE3PFSNT5FNAQ,Recency-Weighted,0.0,
AF5UVXL3M5KBWZUKE3PFSNT5FNAQ,Essence (K=10),0.0,
AF5VW4WFV2JWSOIEMRFZM4EF5NLQ,Random,0.0,0.0
AF5VW4WFV2JWSOIEMRFZM4EF5NLQ,Popularity,0.0,0.0
AF5VW4WFV2JWSOIEMRFZM4EF5NLQ,CF (ItemKNN),0.0,0.0
AF5VW4WFV2JWSOIEMRFZM4EF5NLQ,Content (Avg Emb),0.0,0.0
AF5VW4WFV2JWSOIEMRFZM4EF5NLQ,Last-Item,0.0,0.0
AF5VW4WFV2JWSOIEMRFZM4EF5NLQ,Avg-Last-10,0.0,0.0
AF5VW4WFV2JWSOIEMRFZM4EF5NLQ,Recency-Weighted,0.0,0.0
AF5VW4WFV2JWSOIEMRFZM4EF5NLQ,Essence (K=10),0.0,0.0
AF5W4LLFQLKCR3NJHUQHZZ3SOIKQ,Random,0.0,0.0
AF5W4LLFQLKCR3NJHUQHZZ3SOIKQ,Popularity,0.0,0.0
AF5W4LLFQLKCR3NJHUQHZZ3SOIKQ,CF (ItemKNN),0.0,0.0
AF5W4LLFQLKCR3NJHUQHZZ3SOIKQ,Content (Avg Emb),0.0,0.0
AF5W4LLFQLKCR3NJHUQHZZ3SOIKQ,Last-Item,0.0,0.0
AF5W4LLFQLKCR3NJHUQHZZ3SOIKQ,Avg-Last-10,0.0,0.0
AF5W4LLFQLKCR3NJHUQHZZ3SOIKQ,Recency-Weighted,0.0,0.0
AF5W4LLFQLKCR3NJHUQHZZ3SOIKQ,Essence (K=10),0.0,0.0
AF5X55VGAETPEYCZG4VVLADZ57OQ,Random,0.0,
AF5X55VGAETPEYCZG4VVLADZ57OQ,Popularity,0.0,
AF5X55VGAETPEYCZG4VVLADZ57OQ,CF (ItemKNN),0.0,
AF5X55VGAETPEYCZG4VVLADZ57OQ,Content (Avg Emb),0.0,
AF5X55VGAETPEYCZG4VVLADZ57OQ,Last-Item,0.0,
AF5X55VGAETPEYCZG4VVLADZ57OQ,Avg-Last-10,0.0,
AF5X55VGAETPEYCZG4VVLADZ57OQ,Recency-Weighted,0.0,
AF5X55VGAETPEYCZG4VVLADZ57OQ,Essence (K=10),0.0,
AF5YITGEVYNENMSMTCYBG6I72XHA,Random,0.0,
AF5YITGEVYNENMSMTCYBG6I72XHA,Popularity,0.0,
AF5YITGEVYNENMSMTCYBG6I72XHA,CF (ItemKNN),0.0,
AF5YITGEVYNENMSMTCYBG6I72XHA,Content (Avg Emb),0.0,
AF5YITGEVYNENMSMTCYBG6I72XHA,Last-Item,0.0,
AF5YITGEVYNENMSMTCYBG6I72XHA,Avg-Last-10,0.0,
AF5YITGEVYNENMSMTCYBG6I72XHA,Recency-Weighted,0.0,
AF5YITGEVYNENMSMTCYBG6I72XHA,Essence (K=10),0.0,
AF64Q7YLFDHZKIHKUMWAPMHOCECA,Random,0.0,0.0
AF64Q7YLFDHZKIHKUMWAPMHOCECA,Popularity,0.0,0.0
AF64Q7YLFDHZKIHKUMWAPMHOCECA,CF (ItemKNN),0.0,0.0
AF64Q7YLFDHZKIHKUMWAPMHOCECA,Content (Avg Emb),0.0,0.0
AF64Q7YLFDHZKIHKUMWAPMHOCECA,Last-Item,0.0,0.0
AF64Q7YLFDHZKIHKUMWAPMHOCECA,Avg-Last-10,0.0,0.0
AF64Q7YLFDHZKIHKUMWAPMHOCECA,Recency-Weighted,0.0,0.0
AF64Q7YLFDHZKIHKUMWAPMHOCECA,Essence (K=10),0.0,0.0
AF656D6ZJ3UVKSBIFI5GHRGMGMHA,Random,0.0,0.0
AF656D6ZJ3UVKSBIFI5GHRGMGMHA,Popularity,0.0,0.0
AF656D6ZJ3UVKSBIFI5GHRGMGMHA,CF (ItemKNN),0.0,0.0
AF656D6ZJ3UVKSBIFI5GHRGMGMHA,Content (Avg Emb),0.0,0.0
AF656D6ZJ3UVKSBIFI5GHRGMGMHA,Last-Item,0.0,0.0
AF656D6ZJ3UVKSBIFI5GHRGMGMHA,Avg-Last-10,0.0,0.0
AF656D6ZJ3UVKSBIFI5GHRGMGMHA,Recency-Weighted,0.0,0.0
AF656D6ZJ3UVKSBIFI5GHRGMGMHA,Essence (K=10),0.0,0.0
AF65V7WLUYOSHH5QZ7TXBPG5AHSA,Random,0.0,0.0
AF65V7WLUYOSHH5QZ7TXBPG5AHSA,Popularity,0.0,0.0
AF65V7WLUYOSHH5QZ7TXBPG5AHSA,CF (ItemKNN),0.0,0.0
AF65V7WLUYOSHH5QZ7TXBPG5AHSA,Content (Avg Emb),0.0625,0.0
AF65V7WLUYOSHH5QZ7TXBPG5AHSA,Last-Item,0.0,0.0
AF65V7WLUYOSHH5QZ7TXBPG5AHSA,Avg-Last-10,0.125,1.0
AF65V7WLUYOSHH5QZ7TXBPG5AHSA,Recency-Weighted,0.125,1.0
AF65V7WLUYOSHH5QZ7TXBPG5AHSA,Essence (K=10),0.0,0.0
AF6AZ7XLFNQYPW2SOOM6R6HWKZSA,Random,0.0,0.0
AF6AZ7XLFNQYPW2SOOM6R6HWKZSA,Popularity,0.0,0.0
AF6AZ7XLFNQYPW2SOOM6R6HWKZSA,CF (ItemKNN),0.0,0.0
AF6AZ7XLFNQYPW2SOOM6R6HWKZSA,Content (Avg Emb),0.0,0.0
AF6AZ7XLFNQYPW2SOOM6R6HWKZSA,Last-Item,0.0,0.0
AF6AZ7XLFNQYPW2SOOM6R6HWKZSA,Avg-Last-10,0.16666666666666666,0.5
AF6AZ7XLFNQYPW2SOOM6R6HWKZSA,Recency-Weighted,0.3333333333333333,0.5
AF6AZ7XLFNQYPW2SOOM6R6HWKZSA,Essence (K=10),0.0,0.0
AF6C7UYOPQLQYVIQAOGLGFK3MBEA,Random,0.0,0.0
AF6C7UYOPQLQYVIQAOGLGFK3MBEA,Popularity,0.0,0.0
AF6C7UYOPQLQYVIQAOGLGFK3MBEA,CF (ItemKNN),0.0,0.0
AF6C7UYOPQLQYVIQAOGLGFK3MBEA,Content (Avg Emb),0.0,0.0
AF6C7UYOPQLQYVIQAOGLGFK3MBEA,Last-Item,0.0,0.0
AF6C7UYOPQLQYVIQAOGLGFK3MBEA,Avg-Last-10,0.0,0.0
AF6C7UYOPQLQYVIQAOGLGFK3MBEA,Recency-Weighted,0.0,0.0
AF6C7UYOPQLQYVIQAOGLGFK3MBEA,Essence (K=10),0.0,0.0
AF6DTQDGHMY5ABQKEJLZDFYIQTKQ,Random,0.0,
AF6DTQDGHMY5ABQKEJLZDFYIQTKQ,Popularity,0.0,
AF6DTQDGHMY5ABQKEJLZDFYIQTKQ,CF (ItemKNN),0.0,
AF6DTQDGHMY5ABQKEJLZDFYIQTKQ,Content (Avg Emb),0.0,
AF6DTQDGHMY5ABQKEJLZDFYIQTKQ,Last-Item,0.0,
AF6DTQDGHMY5ABQKEJLZDFYIQTKQ,Avg-Last-10,0.0,
AF6DTQDGHMY5ABQKEJLZDFYIQTKQ,Recency-Weighted,0.0,
AF6DTQDGHMY5ABQKEJLZDFYIQTKQ,Essence (K=10),0.0,
AF6K764QITPCDFFVA56WY3O75MYQ,Random,0.0,0.0
AF6K764QITPCDFFVA56WY3O75MYQ,Popularity,0.0,0.0
AF6K764QITPCDFFVA56WY3O75MYQ,CF (ItemKNN),0.0,0.0
AF6K764QITPCDFFVA56WY3O75MYQ,Content (Avg Emb),0.0,0.0
AF6K764QITPCDFFVA56WY3O75MYQ,Last-Item,0.0,0.0
AF6K764QITPCDFFVA56WY3O75MYQ,Avg-Last-10,0.0,0.0
AF6K764QITPCDFFVA56WY3O75MYQ,Recency-Weighted,0.0,0.0
AF6K764QITPCDFFVA56WY3O75MYQ,Essence (K=10),0.0,0.0
AF6KLVECQVBTEGYURITICIZ74A4A,Random,0.0,0.0
AF6KLVECQVBTEGYURITICIZ74A4A,Popularity,0.0,0.0
AF6KLVECQVBTEGYURITICIZ74A4A,CF (ItemKNN),0.0,0.0
AF6KLVECQVBTEGYURITICIZ74A4A,Content (Avg Emb),0.0,0.0
AF6KLVECQVBTEGYURITICIZ74A4A,Last-Item,0.0,0.0
AF6KLVECQVBTEGYURITICIZ74A4A,Avg-Last-10,0.0,0.0
AF6KLVECQVBTEGYURITICIZ74A4A,Recency-Weighted,0.0,0.0
AF6KLVECQVBTEGYURITICIZ74A4A,Essence (K=10),0.0,0.0
AF6TRGORLGEF47IEA6UXE27VCV5Q,Random,0.0,0.0
AF6TRGORLGEF47IEA6UXE27VCV5Q,Popularity,0.0,0.0
AF6TRGORLGEF47IEA6UXE27VCV5Q,CF (ItemKNN),0.0,0.0
AF6TRGORLGEF47IEA6UXE27VCV5Q,Content (Avg Emb),0.0,0.0
AF6TRGORLGEF47IEA6UXE27VCV5Q,Last-Item,0.2,0.0
AF6TRGORLGEF47IEA6UXE27VCV5Q,Avg-Last-10,0.0,0.0
AF6TRGORLGEF47IEA6UXE27VCV5Q,Recency-Weighted,0.2,0.0
AF6TRGORLGEF47IEA6UXE27VCV5Q,Essence (K=10),0.0,0.0
AF6U5NPJ2HZCPTXMSFM4QSE2IIRA,Random,0.0,0.0
AF6U5NPJ2HZCPTXMSFM4QSE2IIRA,Popularity,0.0,0.0
AF6U5NPJ2HZCPTXMSFM4QSE2IIRA,CF (ItemKNN),0.0,0.0
AF6U5NPJ2HZCPTXMSFM4QSE2IIRA,Content (Avg Emb),0.0,0.0
AF6U5NPJ2HZCPTXMSFM4QSE2IIRA,Last-Item,0.0,0.0
AF6U5NPJ2HZCPTXMSFM4QSE2IIRA,Avg-Last-10,0.0,0.0
AF6U5NPJ2HZCPTXMSFM4QSE2IIRA,Recency-Weighted,0.0,0.0
AF6U5NPJ2HZCPTXMSFM4QSE2IIRA,Essence (K=10),0.0,0.0
AF6ZAXZ5HQZ7BF3TLPWWTZ4P6BGA,Random,0.0,0.0
AF6ZAXZ5HQZ7BF3TLPWWTZ4P6BGA,Popularity,0.0,0.0
AF6ZAXZ5HQZ7BF3TLPWWTZ4P6BGA,CF (ItemKNN),0.0,0.0
AF6ZAXZ5HQZ7BF3TLPWWTZ4P6BGA,Content (Avg Emb),0.0,0.0
AF6ZAXZ5HQZ7BF3TLPWWTZ4P6BGA,Last-Item,0.14285714285714285,0.0
AF6ZAXZ5HQZ7BF3TLPWWTZ4P6BGA,Avg-Last-10,0.0,0.0
AF6ZAXZ5HQZ7BF3TLPWWTZ4P6BGA,Recency-Weighted,0.0,0.0
AF6ZAXZ5HQZ7BF3TLPWWTZ4P6BGA,Essence (K=10),0.0,0.0
AF76NH4RUBWDHQSGVN2PCXZNSLZA,Random,0.0,0.0
AF76NH4RUBWDHQSGVN2PCXZNSLZA,Popularity,0.0,0.0
AF76NH4RUBWDHQSGVN2PCXZNSLZA,CF (ItemKNN),0.0,0.0
AF76NH4RUBWDHQSGVN2PCXZNSLZA,Content (Avg Emb),0.0,0.0
AF76NH4RUBWDHQSGVN2PCXZNSLZA,Last-Item,0.0,0.0
AF76NH4RUBWDHQSGVN2PCXZNSLZA,Avg-Last-10,0.0,0.0
AF76NH4RUBWDHQSGVN2PCXZNSLZA,Recency-Weighted,0.0,0.0
AF76NH4RUBWDHQSGVN2PCXZNSLZA,Essence (K=10),0.0,0.0
AF77XZ6MFYU7AQTJPQZSKLXEJHOQ,Random,0.0,0.0
AF77XZ6MFYU7AQTJPQZSKLXEJHOQ,Popularity,0.0,0.0
AF77XZ6MFYU7AQTJPQZSKLXEJHOQ,CF (ItemKNN),0.0,0.0
AF77XZ6MFYU7AQTJPQZSKLXEJHOQ,Content (Avg Emb),0.0,0.0
AF77XZ6MFYU7AQTJPQZSKLXEJHOQ,Last-Item,0.0,0.0
AF77XZ6MFYU7AQTJPQZSKLXEJHOQ,Avg-Last-10,0.0,0.0
AF77XZ6MFYU7AQTJPQZSKLXEJHOQ,Recency-Weighted,0.0,0.0
AF77XZ6MFYU7AQTJPQZSKLXEJHOQ,Essence (K=10),0.0,0.0
AF7ABIXWRMZTRZZ4KONRTSFXLVWQ,Random,0.0,0.0
AF7ABIXWRMZTRZZ4KONRTSFXLVWQ,Popularity,0.0,0.0
AF7ABIXWRMZTRZZ4KONRTSFXLVWQ,CF (ItemKNN),0.0,0.0
AF7ABIXWRMZTRZZ4KONRTSFXLVWQ,Content (Avg Emb),0.09090909090909091,0.0
AF7ABIXWRMZTRZZ4KONRTSFXLVWQ,Last-Item,0.0,0.0
AF7ABIXWRMZTRZZ4KONRTSFXLVWQ,Avg-Last-10,0.0,0.0
AF7ABIXWRMZTRZZ4KONRTSFXLVWQ,Recency-Weighted,0.0,0.0
AF7ABIXWRMZTRZZ4KONRTSFXLVWQ,Essence (K=10),0.0,0.0
AF7COOATE2NAP4MAHOATCGC2OW7Q,Random,0.0,
AF7COOATE2NAP4MAHOATCGC2OW7Q,Popularity,0.0,
AF7COOATE2NAP4MAHOATCGC2OW7Q,CF (ItemKNN),0.0,
AF7COOATE2NAP4MAHOATCGC2OW7Q,Content (Avg Emb),0.0,
AF7COOATE2NAP4MAHOATCGC2OW7Q,Last-Item,0.0,
AF7COOATE2NAP4MAHOATCGC2OW7Q,Avg-Last-10,0.0,
AF7COOATE2NAP4MAHOATCGC2OW7Q,Recency-Weighted,0.0,
AF7COOATE2NAP4MAHOATCGC2OW7Q,Essence (K=10),0.0,
AF7GOLLW4ELSEEJR5CS7GEN6LU7A,Random,0.0,0.0
AF7GOLLW4ELSEEJR5CS7GEN6LU7A,Popularity,0.0,0.0
AF7GOLLW4ELSEEJR5CS7GEN6LU7A,CF (ItemKNN),0.0,0.0
AF7GOLLW4ELSEEJR5CS7GEN6LU7A,Content (Avg Emb),0.0,0.0
AF7GOLLW4ELSEEJR5CS7GEN6LU7A,Last-Item,0.0,0.0
AF7GOLLW4ELSEEJR5CS7GEN6LU7A,Avg-Last-10,0.0,0.0
AF7GOLLW4ELSEEJR5CS7GEN6LU7A,Recency-Weighted,0.0,0.0
AF7GOLLW4ELSEEJR5CS7GEN6LU7A,Essence (K=10),0.0,0.0
AF7HAVVESIT4QBJYZJMWTZBWB36Q,Random,0.0,0.0
AF7HAVVESIT4QBJYZJMWTZBWB36Q,Popularity,0.0,0.0
AF7HAVVESIT4QBJYZJMWTZBWB36Q,CF (ItemKNN),0.0,0.0
AF7HAVVESIT4QBJYZJMWTZBWB36Q,Content (Avg Emb),0.0,0.0
AF7HAVVESIT4QBJYZJMWTZBWB36Q,Last-Item,0.0,0.0
AF7HAVVESIT4QBJYZJMWTZBWB36Q,Avg-Last-10,0.0,0.0
AF7HAVVESIT4QBJYZJMWTZBWB36Q,Recency-Weighted,0.0,0.0
AF7HAVVESIT4QBJYZJMWTZBWB36Q,Essence (K=10),0.0,0.0
AF7KIZTDR2R3I4MWNRFZ7UYYXBUQ,Random,0.0,
AF7KIZTDR2R3I4MWNRFZ7UYYXBUQ,Popularity,0.0,
AF7KIZTDR2R3I4MWNRFZ7UYYXBUQ,CF (ItemKNN),0.0,
AF7KIZTDR2R3I4MWNRFZ7UYYXBUQ,Content (Avg Emb),0.0,
AF7KIZTDR2R3I4MWNRFZ7UYYXBUQ,Last-Item,0.0,
AF7KIZTDR2R3I4MWNRFZ7UYYXBUQ,Avg-Last-10,0.0,
AF7KIZTDR2R3I4MWNRFZ7UYYXBUQ,Recency-Weighted,0.0,
AF7KIZTDR2R3I4MWNRFZ7UYYXBUQ,Essence (K=10),0.0,
AF7UQ7ISMU5RZXQL63BVIPCJRXIA,Random,0.0,0.0
AF7UQ7ISMU5RZXQL63BVIPCJRXIA,Popularity,0.0,0.0
AF7UQ7ISMU5RZXQL63BVIPCJRXIA,CF (ItemKNN),0.0,0.0
AF7UQ7ISMU5RZXQL63BVIPCJRXIA,Content (Avg Emb),0.0,0.0
AF7UQ7ISMU5RZXQL63BVIPCJRXIA,Last-Item,0.0,0.0
AF7UQ7ISMU5RZXQL63BVIPCJRXIA,Avg-Last-10,0.0,0.0
AF7UQ7ISMU5RZXQL63BVIPCJRXIA,Recency-Weighted,0.0,0.0
AF7UQ7ISMU5RZXQL63BVIPCJRXIA,Essence (K=10),0.0,0.0
AF7ZU57A7PC2HKNVAS3BZFZ3LVAQ,Random,0.0,
AF7ZU57A7PC2HKNVAS3BZFZ3LVAQ,Popularity,0.0,
AF7ZU57A7PC2HKNVAS3BZFZ3LVAQ,CF (ItemKNN),0.0,
AF7ZU57A7PC2HKNVAS3BZFZ3LVAQ,Content (Avg Emb),0.0,
AF7ZU57A7PC2HKNVAS3BZFZ3LVAQ,Last-Item,0.0,
AF7ZU57A7PC2HKNVAS3BZFZ3LVAQ,Avg-Last-10,0.0,
AF7ZU57A7PC2HKNVAS3BZFZ3LVAQ,Recency-Weighted,0.0,
AF7ZU57A7PC2HKNVAS3BZFZ3LVAQ,Essence (K=10),0.0,
AFA6RBBAJHPPSMIILDPTUVOLXMNQ,Random,0.0,
AFA6RBBAJHPPSMIILDPTUVOLXMNQ,Popularity,0.0,
AFA6RBBAJHPPSMIILDPTUVOLXMNQ,CF (ItemKNN),0.0,
AFA6RBBAJHPPSMIILDPTUVOLXMNQ,Content (Avg Emb),0.0,
AFA6RBBAJHPPSMIILDPTUVOLXMNQ,Last-Item,0.0,
AFA6RBBAJHPPSMIILDPTUVOLXMNQ,Avg-Last-10,0.25,
AFA6RBBAJHPPSMIILDPTUVOLXMNQ,Recency-Weighted,0.0,
AFA6RBBAJHPPSMIILDPTUVOLXMNQ,Essence (K=10),0.25,
AFACY7FQQZS26DA47PEXH4QWE4GA,Random,0.0,0.0
AFACY7FQQZS26DA47PEXH4QWE4GA,Popularity,0.0,0.0
AFACY7FQQZS26DA47PEXH4QWE4GA,CF (ItemKNN),0.0,0.0
AFACY7FQQZS26DA47PEXH4QWE4GA,Content (Avg Emb),0.0,0.0
AFACY7FQQZS26DA47PEXH4QWE4GA,Last-Item,0.0,0.0
AFACY7FQQZS26DA47PEXH4QWE4GA,Avg-Last-10,0.0,0.0
AFACY7FQQZS26DA47PEXH4QWE4GA,Recency-Weighted,0.0,0.0
AFACY7FQQZS26DA47PEXH4QWE4GA,Essence (K=10),0.0,0.0
AFAEAJP3HJPBXLRTH6ZMGJTADXIA,Random,0.0,
AFAEAJP3HJPBXLRTH6ZMGJTADXIA,Popularity,0.0,
AFAEAJP3HJPBXLRTH6ZMGJTADXIA,CF (ItemKNN),0.0,
AFAEAJP3HJPBXLRTH6ZMGJTADXIA,Content (Avg Emb),0.0,
AFAEAJP3HJPBXLRTH6ZMGJTADXIA,Last-Item,0.0,
AFAEAJP3HJPBXLRTH6ZMGJTADXIA,Avg-Last-10,0.0,
AFAEAJP3HJPBXLRTH6ZMGJTADXIA,Recency-Weighted,0.0,
AFAEAJP3HJPBXLRTH6ZMGJTADXIA,Essence (K=10),0.0,
AFAJO66NTA5MPEZFBG2BD23GGYKA,Random,0.0,0.0
AFAJO66NTA5MPEZFBG2BD23GGYKA,Popularity,0.0,0.0
AFAJO66NTA5MPEZFBG2BD23GGYKA,CF (ItemKNN),0.0,0.0
AFAJO66NTA5MPEZFBG2BD23GGYKA,Content (Avg Emb),0.0,0.0
AFAJO66NTA5MPEZFBG2BD23GGYKA,Last-Item,0.8,1.0
AFAJO66NTA5MPEZFBG2BD23GGYKA,Avg-Last-10,0.0,0.0
AFAJO66NTA5MPEZFBG2BD23GGYKA,Recency-Weighted,0.0,0.0
AFAJO66NTA5MPEZFBG2BD23GGYKA,Essence (K=10),0.0,0.0
AFAMYTW7RG7XQB45PZRCMQYHDDDA,Random,0.0,0.0
AFAMYTW7RG7XQB45PZRCMQYHDDDA,Popularity,0.0,0.0
AFAMYTW7RG7XQB45PZRCMQYHDDDA,CF (ItemKNN),0.0,0.0
AFAMYTW7RG7XQB45PZRCMQYHDDDA,Content (Avg Emb),0.0,0.0
AFAMYTW7RG7XQB45PZRCMQYHDDDA,Last-Item,0.0,0.0
AFAMYTW7RG7XQB45PZRCMQYHDDDA,Avg-Last-10,0.0,0.0
AFAMYTW7RG7XQB45PZRCMQYHDDDA,Recency-Weighted,0.0,0.0
AFAMYTW7RG7XQB45PZRCMQYHDDDA,Essence (K=10),0.0,0.0
AFAP3MJ32WUYJHPN5ZQJ6JGMGUSA,Random,0.0,
AFAP3MJ32WUYJHPN5ZQJ6JGMGUSA,Popularity,0.0,
AFAP3MJ32WUYJHPN5ZQJ6JGMGUSA,CF (ItemKNN),0.0,
AFAP3MJ32WUYJHPN5ZQJ6JGMGUSA,Content (Avg Emb),0.0,
AFAP3MJ32WUYJHPN5ZQJ6JGMGUSA,Last-Item,0.0,
AFAP3MJ32WUYJHPN5ZQJ6JGMGUSA,Avg-Last-10,0.0,
AFAP3MJ32WUYJHPN5ZQJ6JGMGUSA,Recency-Weighted,0.0,
AFAP3MJ32WUYJHPN5ZQJ6JGMGUSA,Essence (K=10),0.0,
AFAVNIGPSTTXZ5BQHO2KBSUQ5DGQ,Random,0.0,
AFAVNIGPSTTXZ5BQHO2KBSUQ5DGQ,Popularity,0.0,
AFAVNIGPSTTXZ5BQHO2KBSUQ5DGQ,CF (ItemKNN),0.0,
AFAVNIGPSTTXZ5BQHO2KBSUQ5DGQ,Content (Avg Emb),0.0,
AFAVNIGPSTTXZ5BQHO2KBSUQ5DGQ,Last-Item,0.0,
AFAVNIGPSTTXZ5BQHO2KBSUQ5DGQ,Avg-Last-10,0.0,
AFAVNIGPSTTXZ5BQHO2KBSUQ5DGQ,Recency-Weighted,0.0,
AFAVNIGPSTTXZ5BQHO2KBSUQ5DGQ,Essence (K=10),0.0,
AFB4TH4M6JJKV2DTGU7Q3WCQZLQA,Random,0.0,
AFB4TH4M6JJKV2DTGU7Q3WCQZLQA,Popularity,0.0,
AFB4TH4M6JJKV2DTGU7Q3WCQZLQA,CF (ItemKNN),0.0,
AFB4TH4M6JJKV2DTGU7Q3WCQZLQA,Content (Avg Emb),0.0,
AFB4TH4M6JJKV2DTGU7Q3WCQZLQA,Last-Item,0.0,
AFB4TH4M6JJKV2DTGU7Q3WCQZLQA,Avg-Last-10,0.0,
AFB4TH4M6JJKV2DTGU7Q3WCQZLQA,Recency-Weighted,0.0,
AFB4TH4M6JJKV2DTGU7Q3WCQZLQA,Essence (K=10),0.0,
AFB5HRJFQQV2JHQXCUQAT2RXQW7Q,Random,0.0,0.0
AFB5HRJFQQV2JHQXCUQAT2RXQW7Q,Popularity,0.0,0.0
AFB5HRJFQQV2JHQXCUQAT2RXQW7Q,CF (ItemKNN),0.0,0.0
AFB5HRJFQQV2JHQXCUQAT2RXQW7Q,Content (Avg Emb),0.0,0.0
AFB5HRJFQQV2JHQXCUQAT2RXQW7Q,Last-Item,0.0,0.0
AFB5HRJFQQV2JHQXCUQAT2RXQW7Q,Avg-Last-10,0.0,0.0
AFB5HRJFQQV2JHQXCUQAT2RXQW7Q,Recency-Weighted,0.0,0.0
AFB5HRJFQQV2JHQXCUQAT2RXQW7Q,Essence (K=10),0.0,0.0
AFB6X44FWDDOKJQRH4PQXXDPDEMA,Random,0.0,
AFB6X44FWDDOKJQRH4PQXXDPDEMA,Popularity,0.0,
AFB6X44FWDDOKJQRH4PQXXDPDEMA,CF (ItemKNN),0.0,
AFB6X44FWDDOKJQRH4PQXXDPDEMA,Content (Avg Emb),0.0,
AFB6X44FWDDOKJQRH4PQXXDPDEMA,Last-Item,0.0,
AFB6X44FWDDOKJQRH4PQXXDPDEMA,Avg-Last-10,0.0,
AFB6X44FWDDOKJQRH4PQXXDPDEMA,Recency-Weighted,0.0,
AFB6X44FWDDOKJQRH4PQXXDPDEMA,Essence (K=10),0.0,
AFB7MFTDPUKNJNTDA72JYGND2PAA,Random,0.0,
AFB7MFTDPUKNJNTDA72JYGND2PAA,Popularity,0.0,
AFB7MFTDPUKNJNTDA72JYGND2PAA,CF (ItemKNN),0.0,
AFB7MFTDPUKNJNTDA72JYGND2PAA,Content (Avg Emb),0.0,
AFB7MFTDPUKNJNTDA72JYGND2PAA,Last-Item,0.0,
AFB7MFTDPUKNJNTDA72JYGND2PAA,Avg-Last-10,0.0,
AFB7MFTDPUKNJNTDA72JYGND2PAA,Recency-Weighted,0.0,
AFB7MFTDPUKNJNTDA72JYGND2PAA,Essence (K=10),0.0,
AFBAZIUJSVITNKWBDG5D2RFJNWDQ,Random,0.0,0.0
AFBAZIUJSVITNKWBDG5D2RFJNWDQ,Popularity,0.0,0.0
AFBAZIUJSVITNKWBDG5D2RFJNWDQ,CF (ItemKNN),0.0,0.0
AFBAZIUJSVITNKWBDG5D2RFJNWDQ,Content (Avg Emb),0.0,0.0
AFBAZIUJSVITNKWBDG5D2RFJNWDQ,Last-Item,0.0,0.0
AFBAZIUJSVITNKWBDG5D2RFJNWDQ,Avg-Last-10,0.0,0.0
AFBAZIUJSVITNKWBDG5D2RFJNWDQ,Recency-Weighted,0.0,0.0
AFBAZIUJSVITNKWBDG5D2RFJNWDQ,Essence (K=10),0.0,0.0
AFBFFB6T5DRAJHOKT3ZMEP2X5UOQ,Random,0.0,
AFBFFB6T5DRAJHOKT3ZMEP2X5UOQ,Popularity,0.0,
AFBFFB6T5DRAJHOKT3ZMEP2X5UOQ,CF (ItemKNN),0.0,
AFBFFB6T5DRAJHOKT3ZMEP2X5UOQ,Content (Avg Emb),0.0,
AFBFFB6T5DRAJHOKT3ZMEP2X5UOQ,Last-Item,0.0,
AFBFFB6T5DRAJHOKT3ZMEP2X5UOQ,Avg-Last-10,0.0,
AFBFFB6T5DRAJHOKT3ZMEP2X5UOQ,Recency-Weighted,0.0,
AFBFFB6T5DRAJHOKT3ZMEP2X5UOQ,Essence (K=10),0.0,
AFBFMNKT2FHBYTXVCXQLS7JKC6MA,Random,0.0,0.0
AFBFMNKT2FHBYTXVCXQLS7JKC6MA,Popularity,0.0,0.0
AFBFMNKT2FHBYTXVCXQLS7JKC6MA,CF (ItemKNN),0.0,0.0
AFBFMNKT2FHBYTXVCXQLS7JKC6MA,Content (Avg Emb),0.0,0.0
AFBFMNKT2FHBYTXVCXQLS7JKC6MA,Last-Item,0.0,0.0
AFBFMNKT2FHBYTXVCXQLS7JKC6MA,Avg-Last-10,0.0,0.0
AFBFMNKT2FHBYTXVCXQLS7JKC6MA,Recency-Weighted,0.0,0.0
AFBFMNKT2FHBYTXVCXQLS7JKC6MA,Essence (K=10),0.0,0.0
AFBIB6CB4DYSUXKHFVM7RGMB7ZMQ,Random,0.0,0.0
AFBIB6CB4DYSUXKHFVM7RGMB7ZMQ,Popularity,0.0,0.0
AFBIB6CB4DYSUXKHFVM7RGMB7ZMQ,CF (ItemKNN),0.0,0.0
AFBIB6CB4DYSUXKHFVM7RGMB7ZMQ,Content (Avg Emb),0.0,0.0
AFBIB6CB4DYSUXKHFVM7RGMB7ZMQ,Last-Item,0.07692307692307693,0.5
AFBIB6CB4DYSUXKHFVM7RGMB7ZMQ,Avg-Last-10,0.0,0.0
AFBIB6CB4DYSUXKHFVM7RGMB7ZMQ,Recency-Weighted,0.0,0.0
AFBIB6CB4DYSUXKHFVM7RGMB7ZMQ,Essence (K=10),0.0,0.0
AFBIMPF3BIOTEPNZ5OF4JPBMJ52Q,Random,0.0,0.0
AFBIMPF3BIOTEPNZ5OF4JPBMJ52Q,Popularity,0.0,0.0
AFBIMPF3BIOTEPNZ5OF4JPBMJ52Q,CF (ItemKNN),0.0,0.0
AFBIMPF3BIOTEPNZ5OF4JPBMJ52Q,Content (Avg Emb),0.0,0.0
AFBIMPF3BIOTEPNZ5OF4JPBMJ52Q,Last-Item,0.0,0.0
AFBIMPF3BIOTEPNZ5OF4JPBMJ52Q,Avg-Last-10,0.0,0.0
AFBIMPF3BIOTEPNZ5OF4JPBMJ52Q,Recency-Weighted,0.0,0.0
AFBIMPF3BIOTEPNZ5OF4JPBMJ52Q,Essence (K=10),0.0,0.0
AFBK6VMXAKWCO6WBE4A64HUDXDNQ,Random,0.0,0.0
AFBK6VMXAKWCO6WBE4A64HUDXDNQ,Popularity,0.0,0.0
AFBK6VMXAKWCO6WBE4A64HUDXDNQ,CF (ItemKNN),0.0,0.0
AFBK6VMXAKWCO6WBE4A64HUDXDNQ,Content (Avg Emb),0.0,0.0
AFBK6VMXAKWCO6WBE4A64HUDXDNQ,Last-Item,0.0,0.0
AFBK6VMXAKWCO6WBE4A64HUDXDNQ,Avg-Last-10,0.0,0.0
AFBK6VMXAKWCO6WBE4A64HUDXDNQ,Recency-Weighted,0.0,0.0
AFBK6VMXAKWCO6WBE4A64HUDXDNQ,Essence (K=10),0.0,0.0
AFBLKOEBM3DMXFIDX44MNTZEONOQ,Random,0.0,
AFBLKOEBM3DMXFIDX44MNTZEONOQ,Popularity,0.0,
AFBLKOEBM3DMXFIDX44MNTZEONOQ,CF (ItemKNN),0.0,
AFBLKOEBM3DMXFIDX44MNTZEONOQ,Content (Avg Emb),0.0,
AFBLKOEBM3DMXFIDX44MNTZEONOQ,Last-Item,0.0,
AFBLKOEBM3DMXFIDX44MNTZEONOQ,Avg-Last-10,0.0,
AFBLKOEBM3DMXFIDX44MNTZEONOQ,Recency-Weighted,0.0,
AFBLKOEBM3DMXFIDX44MNTZEONOQ,Essence (K=10),0.0,
AFBNKA7QHDWIVKVLAUY7SJAUSBPA,Random,0.0,0.0
AFBNKA7QHDWIVKVLAUY7SJAUSBPA,Popularity,0.0,0.0
AFBNKA7QHDWIVKVLAUY7SJAUSBPA,CF (ItemKNN),0.0,0.0
AFBNKA7QHDWIVKVLAUY7SJAUSBPA,Content (Avg Emb),0.0,0.0
AFBNKA7QHDWIVKVLAUY7SJAUSBPA,Last-Item,0.0,0.0
AFBNKA7QHDWIVKVLAUY7SJAUSBPA,Avg-Last-10,0.0,0.0
AFBNKA7QHDWIVKVLAUY7SJAUSBPA,Recency-Weighted,0.0,0.0
AFBNKA7QHDWIVKVLAUY7SJAUSBPA,Essence (K=10),0.0,0.0
AFBTN4HATLZZKAAWRTEZMPLAWIXA,Random,0.0,
AFBTN4HATLZZKAAWRTEZMPLAWIXA,Popularity,0.0,
AFBTN4HATLZZKAAWRTEZMPLAWIXA,CF (ItemKNN),0.0,
AFBTN4HATLZZKAAWRTEZMPLAWIXA,Content (Avg Emb),0.0,
AFBTN4HATLZZKAAWRTEZMPLAWIXA,Last-Item,0.0,
AFBTN4HATLZZKAAWRTEZMPLAWIXA,Avg-Last-10,0.0,
AFBTN4HATLZZKAAWRTEZMPLAWIXA,Recency-Weighted,0.0,
AFBTN4HATLZZKAAWRTEZMPLAWIXA,Essence (K=10),0.0,
AFBZQO43NATA44M347A6CO5PQHJA,Random,0.0,0.0
AFBZQO43NATA44M347A6CO5PQHJA,Popularity,0.0,0.0
AFBZQO43NATA44M347A6CO5PQHJA,CF (ItemKNN),0.0,0.0
AFBZQO43NATA44M347A6CO5PQHJA,Content (Avg Emb),0.0,0.0
AFBZQO43NATA44M347A6CO5PQHJA,Last-Item,0.0,0.0
AFBZQO43NATA44M347A6CO5PQHJA,Avg-Last-10,0.0,0.0
AFBZQO43NATA44M347A6CO5PQHJA,Recency-Weighted,0.0,0.0
AFBZQO43NATA44M347A6CO5PQHJA,Essence (K=10),0.0,0.0
AFC32DU7LVG2QW4SVVDF24MOD4HQ,Random,0.0,
AFC32DU7LVG2QW4SVVDF24MOD4HQ,Popularity,0.0,
AFC32DU7LVG2QW4SVVDF24MOD4HQ,CF (ItemKNN),0.0,
AFC32DU7LVG2QW4SVVDF24MOD4HQ,Content (Avg Emb),0.0,
AFC32DU7LVG2QW4SVVDF24MOD4HQ,Last-Item,0.25,
AFC32DU7LVG2QW4SVVDF24MOD4HQ,Avg-Last-10,0.0,
AFC32DU7LVG2QW4SVVDF24MOD4HQ,Recency-Weighted,0.0,
AFC32DU7LVG2QW4SVVDF24MOD4HQ,Essence (K=10),0.25,
AFC3KHGKHNRKG3HDLPWDGXJNILJA,Random,0.0,
AFC3KHGKHNRKG3HDLPWDGXJNILJA,Popularity,0.0,
AFC3KHGKHNRKG3HDLPWDGXJNILJA,CF (ItemKNN),0.0,
AFC3KHGKHNRKG3HDLPWDGXJNILJA,Content (Avg Emb),0.0,
AFC3KHGKHNRKG3HDLPWDGXJNILJA,Last-Item,0.0,
AFC3KHGKHNRKG3HDLPWDGXJNILJA,Avg-Last-10,0.0,
AFC3KHGKHNRKG3HDLPWDGXJNILJA,Recency-Weighted,0.0,
AFC3KHGKHNRKG3HDLPWDGXJNILJA,Essence (K=10),0.0,
AFC5LLFZKZAWYJGE5KU2Z462GW2Q,Random,0.0,0.0
AFC5LLFZKZAWYJGE5KU2Z462GW2Q,Popularity,0.0,0.0
AFC5LLFZKZAWYJGE5KU2Z462GW2Q,CF (ItemKNN),0.0,0.0
AFC5LLFZKZAWYJGE5KU2Z462GW2Q,Content (Avg Emb),0.0,0.0
AFC5LLFZKZAWYJGE5KU2Z462GW2Q,Last-Item,0.0,0.0
AFC5LLFZKZAWYJGE5KU2Z462GW2Q,Avg-Last-10,0.0,0.0
AFC5LLFZKZAWYJGE5KU2Z462GW2Q,Recency-Weighted,0.0,0.0
AFC5LLFZKZAWYJGE5KU2Z462GW2Q,Essence (K=10),0.0,0.0
AFCIQONF437KBDWXHEBG27BGOI5Q,Random,0.0,0.0
AFCIQONF437KBDWXHEBG27BGOI5Q,Popularity,0.0,0.0
AFCIQONF437KBDWXHEBG27BGOI5Q,CF (ItemKNN),0.0,0.0
AFCIQONF437KBDWXHEBG27BGOI5Q,Content (Avg Emb),0.0,0.0
AFCIQONF437KBDWXHEBG27BGOI5Q,Last-Item,0.0,0.0
AFCIQONF437KBDWXHEBG27BGOI5Q,Avg-Last-10,0.0,0.0
AFCIQONF437KBDWXHEBG27BGOI5Q,Recency-Weighted,0.0,0.0
AFCIQONF437KBDWXHEBG27BGOI5Q,Essence (K=10),0.0,0.0
AFCPS37YPEGOLHWCNAJ443ZFO2LQ,Random,0.0,0.0
AFCPS37YPEGOLHWCNAJ443ZFO2LQ,Popularity,0.0,0.0
AFCPS37YPEGOLHWCNAJ443ZFO2LQ,CF (ItemKNN),0.0,0.0
AFCPS37YPEGOLHWCNAJ443ZFO2LQ,Content (Avg Emb),0.0,0.0
AFCPS37YPEGOLHWCNAJ443ZFO2LQ,Last-Item,0.0,0.0
AFCPS37YPEGOLHWCNAJ443ZFO2LQ,Avg-Last-10,0.0,0.0
AFCPS37YPEGOLHWCNAJ443ZFO2LQ,Recency-Weighted,0.0,0.0
AFCPS37YPEGOLHWCNAJ443ZFO2LQ,Essence (K=10),0.09090909090909091,0.0
AFCSYTR27UOVNJRVTR2DJT5KJIQQ,Random,0.0,0.0
AFCSYTR27UOVNJRVTR2DJT5KJIQQ,Popularity,0.0,0.0
AFCSYTR27UOVNJRVTR2DJT5KJIQQ,CF (ItemKNN),0.0,0.0
AFCSYTR27UOVNJRVTR2DJT5KJIQQ,Content (Avg Emb),0.0,0.0
AFCSYTR27UOVNJRVTR2DJT5KJIQQ,Last-Item,0.0,0.0
AFCSYTR27UOVNJRVTR2DJT5KJIQQ,Avg-Last-10,0.0,0.0
AFCSYTR27UOVNJRVTR2DJT5KJIQQ,Recency-Weighted,0.0,0.0
AFCSYTR27UOVNJRVTR2DJT5KJIQQ,Essence (K=10),0.0,0.0
AFCWJTJT63MGSYMKETBRFY4CBDAQ,Random,0.0,
AFCWJTJT63MGSYMKETBRFY4CBDAQ,Popularity,0.0,
AFCWJTJT63MGSYMKETBRFY4CBDAQ,CF (ItemKNN),0.0,
AFCWJTJT63MGSYMKETBRFY4CBDAQ,Content (Avg Emb),0.0,
AFCWJTJT63MGSYMKETBRFY4CBDAQ,Last-Item,0.0,
AFCWJTJT63MGSYMKETBRFY4CBDAQ,Avg-Last-10,0.0,
AFCWJTJT63MGSYMKETBRFY4CBDAQ,Recency-Weighted,0.0,
AFCWJTJT63MGSYMKETBRFY4CBDAQ,Essence (K=10),0.0,
AFCZJSKT3N2XWMHFIEE5J6MBXHNQ,Random,0.0,
AFCZJSKT3N2XWMHFIEE5J6MBXHNQ,Popularity,0.0,
AFCZJSKT3N2XWMHFIEE5J6MBXHNQ,CF (ItemKNN),0.0,
AFCZJSKT3N2XWMHFIEE5J6MBXHNQ,Content (Avg Emb),0.0,
AFCZJSKT3N2XWMHFIEE5J6MBXHNQ,Last-Item,0.0,
AFCZJSKT3N2XWMHFIEE5J6MBXHNQ,Avg-Last-10,0.0,
AFCZJSKT3N2XWMHFIEE5J6MBXHNQ,Recency-Weighted,0.0,
AFCZJSKT3N2XWMHFIEE5J6MBXHNQ,Essence (K=10),0.0,
AFD25W5BU4WBIRVZG3OBKFFUNGEA,Random,0.0,
AFD25W5BU4WBIRVZG3OBKFFUNGEA,Popularity,0.0,
AFD25W5BU4WBIRVZG3OBKFFUNGEA,CF (ItemKNN),0.0,
AFD25W5BU4WBIRVZG3OBKFFUNGEA,Content (Avg Emb),0.0,
AFD25W5BU4WBIRVZG3OBKFFUNGEA,Last-Item,0.0,
AFD25W5BU4WBIRVZG3OBKFFUNGEA,Avg-Last-10,0.0,
AFD25W5BU4WBIRVZG3OBKFFUNGEA,Recency-Weighted,0.0,
AFD25W5BU4WBIRVZG3OBKFFUNGEA,Essence (K=10),0.0,
AFD56Z3GZG5PDVCWJAWI2DWUE7AA,Random,0.0,0.0
AFD56Z3GZG5PDVCWJAWI2DWUE7AA,Popularity,0.0,0.0
AFD56Z3GZG5PDVCWJAWI2DWUE7AA,CF (ItemKNN),0.0,0.0
AFD56Z3GZG5PDVCWJAWI2DWUE7AA,Content (Avg Emb),0.0,0.0
AFD56Z3GZG5PDVCWJAWI2DWUE7AA,Last-Item,0.0,0.0
AFD56Z3GZG5PDVCWJAWI2DWUE7AA,Avg-Last-10,0.0,0.0
AFD56Z3GZG5PDVCWJAWI2DWUE7AA,Recency-Weighted,0.0,0.0
AFD56Z3GZG5PDVCWJAWI2DWUE7AA,Essence (K=10),0.0,0.0
AFD5TXJNTQ5QCQD6YHSA5NRP3RYQ,Random,0.0,0.0
AFD5TXJNTQ5QCQD6YHSA5NRP3RYQ,Popularity,0.0,0.0
AFD5TXJNTQ5QCQD6YHSA5NRP3RYQ,CF (ItemKNN),0.0,0.0
AFD5TXJNTQ5QCQD6YHSA5NRP3RYQ,Content (Avg Emb),0.0,0.0
AFD5TXJNTQ5QCQD6YHSA5NRP3RYQ,Last-Item,0.0,0.0
AFD5TXJNTQ5QCQD6YHSA5NRP3RYQ,Avg-Last-10,0.0,0.0
AFD5TXJNTQ5QCQD6YHSA5NRP3RYQ,Recency-Weighted,0.0,0.0
AFD5TXJNTQ5QCQD6YHSA5NRP3RYQ,Essence (K=10),0.0,0.0
AFD6NXTH5U4FWNNXPH62OKWL3SNQ,Random,0.0,0.0
AFD6NXTH5U4FWNNXPH62OKWL3SNQ,Popularity,0.0,0.0
AFD6NXTH5U4FWNNXPH62OKWL3SNQ,CF (ItemKNN),0.0,0.0
AFD6NXTH5U4FWNNXPH62OKWL3SNQ,Content (Avg Emb),0.0,0.0
AFD6NXTH5U4FWNNXPH62OKWL3SNQ,Last-Item,0.0,0.0
AFD6NXTH5U4FWNNXPH62OKWL3SNQ,Avg-Last-10,0.0,0.0
AFD6NXTH5U4FWNNXPH62OKWL3SNQ,Recency-Weighted,0.0,0.0
AFD6NXTH5U4FWNNXPH62OKWL3SNQ,Essence (K=10),0.0,0.0
AFDD2VWTKWQRKWZUL6RGW73KKXVA,Random,0.0,
AFDD2VWTKWQRKWZUL6RGW73KKXVA,Popularity,0.0,
AFDD2VWTKWQRKWZUL6RGW73KKXVA,CF (ItemKNN),0.0,
AFDD2VWTKWQRKWZUL6RGW73KKXVA,Content (Avg Emb),0.0,
AFDD2VWTKWQRKWZUL6RGW73KKXVA,Last-Item,0.0,
AFDD2VWTKWQRKWZUL6RGW73KKXVA,Avg-Last-10,0.0,
AFDD2VWTKWQRKWZUL6RGW73KKXVA,Recency-Weighted,0.0,
AFDD2VWTKWQRKWZUL6RGW73KKXVA,Essence (K=10),0.0,
AFDLJN4BMND5LWI5CIXOT2J27BTA,Random,0.0,0.0
AFDLJN4BMND5LWI5CIXOT2J27BTA,Popularity,0.0,0.0
AFDLJN4BMND5LWI5CIXOT2J27BTA,CF (ItemKNN),0.0,0.0
AFDLJN4BMND5LWI5CIXOT2J27BTA,Content (Avg Emb),0.0,0.0
AFDLJN4BMND5LWI5CIXOT2J27BTA,Last-Item,0.0,0.0
AFDLJN4BMND5LWI5CIXOT2J27BTA,Avg-Last-10,0.0,0.0
AFDLJN4BMND5LWI5CIXOT2J27BTA,Recency-Weighted,0.0,0.0
AFDLJN4BMND5LWI5CIXOT2J27BTA,Essence (K=10),0.0,0.0
AFDY3MTJVPS2N746ZZRAMFKQOXFQ,Random,0.0,
AFDY3MTJVPS2N746ZZRAMFKQOXFQ,Popularity,0.0,
AFDY3MTJVPS2N746ZZRAMFKQOXFQ,CF (ItemKNN),0.0,
AFDY3MTJVPS2N746ZZRAMFKQOXFQ,Content (Avg Emb),0.0,
AFDY3MTJVPS2N746ZZRAMFKQOXFQ,Last-Item,0.5,
AFDY3MTJVPS2N746ZZRAMFKQOXFQ,Avg-Last-10,0.0,
AFDY3MTJVPS2N746ZZRAMFKQOXFQ,Recency-Weighted,0.0,
AFDY3MTJVPS2N746ZZRAMFKQOXFQ,Essence (K=10),0.0,
AFDYCVHOVTFXTVSEZTNDLVDW4DJA,Random,0.0,0.0
AFDYCVHOVTFXTVSEZTNDLVDW4DJA,Popularity,0.0,0.0
AFDYCVHOVTFXTVSEZTNDLVDW4DJA,CF (ItemKNN),0.0,0.0
AFDYCVHOVTFXTVSEZTNDLVDW4DJA,Content (Avg Emb),0.0,0.0
AFDYCVHOVTFXTVSEZTNDLVDW4DJA,Last-Item,0.0,0.0
AFDYCVHOVTFXTVSEZTNDLVDW4DJA,Avg-Last-10,0.0,0.0
AFDYCVHOVTFXTVSEZTNDLVDW4DJA,Recency-Weighted,0.0,0.0
AFDYCVHOVTFXTVSEZTNDLVDW4DJA,Essence (K=10),0.0,0.0
AFE4C6ZPH2UQCL4JJFRO4NTXK3DA,Random,0.0,0.0
AFE4C6ZPH2UQCL4JJFRO4NTXK3DA,Popularity,0.0,0.0
AFE4C6ZPH2UQCL4JJFRO4NTXK3DA,CF (ItemKNN),0.0,0.0
AFE4C6ZPH2UQCL4JJFRO4NTXK3DA,Content (Avg Emb),0.0,0.0
AFE4C6ZPH2UQCL4JJFRO4NTXK3DA,Last-Item,0.2,0.0
AFE4C6ZPH2UQCL4JJFRO4NTXK3DA,Avg-Last-10,0.0,0.0
AFE4C6ZPH2UQCL4JJFRO4NTXK3DA,Recency-Weighted,0.2,0.0
AFE4C6ZPH2UQCL4JJFRO4NTXK3DA,Essence (K=10),0.0,0.0
AFE54SOHAGMGHZUFJ2L3HQH5S6MA,Random,0.0,0.0
AFE54SOHAGMGHZUFJ2L3HQH5S6MA,Popularity,0.0,0.0
AFE54SOHAGMGHZUFJ2L3HQH5S6MA,CF (ItemKNN),0.0,0.0
AFE54SOHAGMGHZUFJ2L3HQH5S6MA,Content (Avg Emb),0.0,0.0
AFE54SOHAGMGHZUFJ2L3HQH5S6MA,Last-Item,0.0,0.0
AFE54SOHAGMGHZUFJ2L3HQH5S6MA,Avg-Last-10,0.0,0.0
AFE54SOHAGMGHZUFJ2L3HQH5S6MA,Recency-Weighted,0.0,0.0
AFE54SOHAGMGHZUFJ2L3HQH5S6MA,Essence (K=10),0.0,0.0
AFEBSWEWUJTGFZBHRL2OOZIEZTNQ,Random,0.0,0.0
AFEBSWEWUJTGFZBHRL2OOZIEZTNQ,Popularity,0.0,0.0
AFEBSWEWUJTGFZBHRL2OOZIEZTNQ,CF (ItemKNN),0.0,0.0
AFEBSWEWUJTGFZBHRL2OOZIEZTNQ,Content (Avg Emb),0.0,0.0
AFEBSWEWUJTGFZBHRL2OOZIEZTNQ,Last-Item,0.2,0.0
AFEBSWEWUJTGFZBHRL2OOZIEZTNQ,Avg-Last-10,0.0,0.0
AFEBSWEWUJTGFZBHRL2OOZIEZTNQ,Recency-Weighted,0.0,0.0
AFEBSWEWUJTGFZBHRL2OOZIEZTNQ,Essence (K=10),0.2,0.0
AFELYUPTCWTAKDTNLLDPE7FBEQQQ,Random,0.0,0.0
AFELYUPTCWTAKDTNLLDPE7FBEQQQ,Popularity,0.0,0.0
AFELYUPTCWTAKDTNLLDPE7FBEQQQ,CF (ItemKNN),0.0,0.0
AFELYUPTCWTAKDTNLLDPE7FBEQQQ,Content (Avg Emb),0.0,0.0
AFELYUPTCWTAKDTNLLDPE7FBEQQQ,Last-Item,0.0,0.0
AFELYUPTCWTAKDTNLLDPE7FBEQQQ,Avg-Last-10,0.0,0.0
AFELYUPTCWTAKDTNLLDPE7FBEQQQ,Recency-Weighted,0.0,0.0
AFELYUPTCWTAKDTNLLDPE7FBEQQQ,Essence (K=10),0.0,0.0
AFENWDQ5OAFJITI36HXV7XKT3HFQ,Random,0.0,0.0
AFENWDQ5OAFJITI36HXV7XKT3HFQ,Popularity,0.0,0.0
AFENWDQ5OAFJITI36HXV7XKT3HFQ,CF (ItemKNN),0.0,0.0
AFENWDQ5OAFJITI36HXV7XKT3HFQ,Content (Avg Emb),0.0,0.0
AFENWDQ5OAFJITI36HXV7XKT3HFQ,Last-Item,0.0,0.0
AFENWDQ5OAFJITI36HXV7XKT3HFQ,Avg-Last-10,0.0,0.0
AFENWDQ5OAFJITI36HXV7XKT3HFQ,Recency-Weighted,0.0,0.0
AFENWDQ5OAFJITI36HXV7XKT3HFQ,Essence (K=10),0.25,0.0
AFERDF3J4TACWWJYVLVMNK57YDIQ,Random,0.0,0.0
AFERDF3J4TACWWJYVLVMNK57YDIQ,Popularity,0.0,0.0
AFERDF3J4TACWWJYVLVMNK57YDIQ,CF (ItemKNN),0.0,0.0
AFERDF3J4TACWWJYVLVMNK57YDIQ,Content (Avg Emb),0.0,0.0
AFERDF3J4TACWWJYVLVMNK57YDIQ,Last-Item,0.0,0.0
AFERDF3J4TACWWJYVLVMNK57YDIQ,Avg-Last-10,0.0,0.0
AFERDF3J4TACWWJYVLVMNK57YDIQ,Recency-Weighted,0.0,0.0
AFERDF3J4TACWWJYVLVMNK57YDIQ,Essence (K=10),0.0,0.0
AFF4KAFY7FMHXUPZ5AR3LYBORGKA,Random,0.0,0.0
AFF4KAFY7FMHXUPZ5AR3LYBORGKA,Popularity,0.0,0.0
AFF4KAFY7FMHXUPZ5AR3LYBORGKA,CF (ItemKNN),0.0,0.0
AFF4KAFY7FMHXUPZ5AR3LYBORGKA,Content (Avg Emb),0.0,0.0
AFF4KAFY7FMHXUPZ5AR3LYBORGKA,Last-Item,0.0,0.0
AFF4KAFY7FMHXUPZ5AR3LYBORGKA,Avg-Last-10,0.0,0.0
AFF4KAFY7FMHXUPZ5AR3LYBORGKA,Recency-Weighted,0.0,0.0
AFF4KAFY7FMHXUPZ5AR3LYBORGKA,Essence (K=10),0.0,0.0
AFFAGTMUJ5SBYKREB7IAL3XUC3ZQ,Random,0.0,
AFFAGTMUJ5SBYKREB7IAL3XUC3ZQ,Popularity,0.0,
AFFAGTMUJ5SBYKREB7IAL3XUC3ZQ,CF (ItemKNN),0.0,
AFFAGTMUJ5SBYKREB7IAL3XUC3ZQ,Content (Avg Emb),0.0,
AFFAGTMUJ5SBYKREB7IAL3XUC3ZQ,Last-Item,0.125,
AFFAGTMUJ5SBYKREB7IAL3XUC3ZQ,Avg-Last-10,0.0,
AFFAGTMUJ5SBYKREB7IAL3XUC3ZQ,Recency-Weighted,0.0,
AFFAGTMUJ5SBYKREB7IAL3XUC3ZQ,Essence (K=10),0.125,
AFFE2BXMD7XECTOSKR7OJW6Z2XYQ,Random,0.0,
AFFE2BXMD7XECTOSKR7OJW6Z2XYQ,Popularity,0.0,
AFFE2BXMD7XECTOSKR7OJW6Z2XYQ,CF (ItemKNN),0.0,
AFFE2BXMD7XECTOSKR7OJW6Z2XYQ,Content (Avg Emb),0.0,
AFFE2BXMD7XECTOSKR7OJW6Z2XYQ,Last-Item,0.0,
AFFE2BXMD7XECTOSKR7OJW6Z2XYQ,Avg-Last-10,0.0,
AFFE2BXMD7XECTOSKR7OJW6Z2XYQ,Recency-Weighted,0.0,
AFFE2BXMD7XECTOSKR7OJW6Z2XYQ,Essence (K=10),0.0,
AFFEVIOQDONBCYKGYRN6KULLOJAA,Random,0.0,
AFFEVIOQDONBCYKGYRN6KULLOJAA,Popularity,0.0,
AFFEVIOQDONBCYKGYRN6KULLOJAA,CF (ItemKNN),0.0,
AFFEVIOQDONBCYKGYRN6KULLOJAA,Content (Avg Emb),0.5,
AFFEVIOQDONBCYKGYRN6KULLOJAA,Last-Item,0.0,
AFFEVIOQDONBCYKGYRN6KULLOJAA,Avg-Last-10,0.5,
AFFEVIOQDONBCYKGYRN6KULLOJAA,Recency-Weighted,0.5,
AFFEVIOQDONBCYKGYRN6KULLOJAA,Essence (K=10),0.5,
AFFFVBGGIDSZ4IUKWJYRLXVFJHGQ,Random,0.0,0.0
AFFFVBGGIDSZ4IUKWJYRLXVFJHGQ,Popularity,0.0,0.0
AFFFVBGGIDSZ4IUKWJYRLXVFJHGQ,CF (ItemKNN),0.0,0.0
AFFFVBGGIDSZ4IUKWJYRLXVFJHGQ,Content (Avg Emb),0.0,0.0
AFFFVBGGIDSZ4IUKWJYRLXVFJHGQ,Last-Item,0.0,0.0
AFFFVBGGIDSZ4IUKWJYRLXVFJHGQ,Avg-Last-10,0.0,0.0
AFFFVBGGIDSZ4IUKWJYRLXVFJHGQ,Recency-Weighted,0.0,0.0
AFFFVBGGIDSZ4IUKWJYRLXVFJHGQ,Essence (K=10),0.0,0.0
AFFG5DJZ5XC2ZNIWLFOX3QSQ7CNQ,Random,0.0,0.0
AFFG5DJZ5XC2ZNIWLFOX3QSQ7CNQ,Popularity,0.0,0.0
AFFG5DJZ5XC2ZNIWLFOX3QSQ7CNQ,CF (ItemKNN),0.0,0.0
AFFG5DJZ5XC2ZNIWLFOX3QSQ7CNQ,Content (Avg Emb),0.0,0.0
AFFG5DJZ5XC2ZNIWLFOX3QSQ7CNQ,Last-Item,0.0,0.0
AFFG5DJZ5XC2ZNIWLFOX3QSQ7CNQ,Avg-Last-10,0.0,0.0
AFFG5DJZ5XC2ZNIWLFOX3QSQ7CNQ,Recency-Weighted,0.0,0.0
AFFG5DJZ5XC2ZNIWLFOX3QSQ7CNQ,Essence (K=10),0.0,0.0
AFFHHIKDCW5NI2P73Z2UEPJLZ2NA,Random,0.0,0.0
AFFHHIKDCW5NI2P73Z2UEPJLZ2NA,Popularity,0.0,0.0
AFFHHIKDCW5NI2P73Z2UEPJLZ2NA,CF (ItemKNN),0.0,0.0
AFFHHIKDCW5NI2P73Z2UEPJLZ2NA,Content (Avg Emb),0.0,0.0
AFFHHIKDCW5NI2P73Z2UEPJLZ2NA,Last-Item,0.0,0.0
AFFHHIKDCW5NI2P73Z2UEPJLZ2NA,Avg-Last-10,0.16666666666666666,1.0
AFFHHIKDCW5NI2P73Z2UEPJLZ2NA,Recency-Weighted,0.16666666666666666,1.0
AFFHHIKDCW5NI2P73Z2UEPJLZ2NA,Essence (K=10),0.0,0.0
AFFKPZFPTTML57TW7NDSSYWYZDFA,Random,0.0,0.0
AFFKPZFPTTML57TW7NDSSYWYZDFA,Popularity,0.0,0.0
AFFKPZFPTTML57TW7NDSSYWYZDFA,CF (ItemKNN),0.0,0.0
AFFKPZFPTTML57TW7NDSSYWYZDFA,Content (Avg Emb),0.0,0.0
AFFKPZFPTTML57TW7NDSSYWYZDFA,Last-Item,0.0,0.0
AFFKPZFPTTML57TW7NDSSYWYZDFA,Avg-Last-10,0.0,0.0
AFFKPZFPTTML57TW7NDSSYWYZDFA,Recency-Weighted,0.0,0.0
AFFKPZFPTTML57TW7NDSSYWYZDFA,Essence (K=10),0.0,0.0
AFFLXR7SP7P3HSH67MATB6KBDZOQ,Random,0.0,
AFFLXR7SP7P3HSH67MATB6KBDZOQ,Popularity,0.0,
AFFLXR7SP7P3HSH67MATB6KBDZOQ,CF (ItemKNN),0.0,
AFFLXR7SP7P3HSH67MATB6KBDZOQ,Content (Avg Emb),0.0,
AFFLXR7SP7P3HSH67MATB6KBDZOQ,Last-Item,0.0,
AFFLXR7SP7P3HSH67MATB6KBDZOQ,Avg-Last-10,0.0,
AFFLXR7SP7P3HSH67MATB6KBDZOQ,Recency-Weighted,0.0,
AFFLXR7SP7P3HSH67MATB6KBDZOQ,Essence (K=10),0.0,
AFFNPKDUAYNRD4LMKEJGW74FGJYQ,Random,0.0,
AFFNPKDUAYNRD4LMKEJGW74FGJYQ,Popularity,0.0,
AFFNPKDUAYNRD4LMKEJGW74FGJYQ,CF (ItemKNN),0.0,
AFFNPKDUAYNRD4LMKEJGW74FGJYQ,Content (Avg Emb),0.0,
AFFNPKDUAYNRD4LMKEJGW74FGJYQ,Last-Item,0.0,
AFFNPKDUAYNRD4LMKEJGW74FGJYQ,Avg-Last-10,0.0,
AFFNPKDUAYNRD4LMKEJGW74FGJYQ,Recency-Weighted,0.0,
AFFNPKDUAYNRD4LMKEJGW74FGJYQ,Essence (K=10),0.0,
AFFNR2UVFGVE3ZCHJ5G4U76K64AA,Random,0.0,0.0
AFFNR2UVFGVE3ZCHJ5G4U76K64AA,Popularity,0.0,0.0
AFFNR2UVFGVE3ZCHJ5G4U76K64AA,CF (ItemKNN),0.0,0.0
AFFNR2UVFGVE3ZCHJ5G4U76K64AA,Content (Avg Emb),0.0,0.0
AFFNR2UVFGVE3ZCHJ5G4U76K64AA,Last-Item,0.0,0.0
AFFNR2UVFGVE3ZCHJ5G4U76K64AA,Avg-Last-10,0.0,0.0
AFFNR2UVFGVE3ZCHJ5G4U76K64AA,Recency-Weighted,0.0,0.0
AFFNR2UVFGVE3ZCHJ5G4U76K64AA,Essence (K=10),0.0,0.0
AFFRL4YBJLZRMYXZCG44HK64FXYQ,Random,0.0,
AFFRL4YBJLZRMYXZCG44HK64FXYQ,Popularity,0.0,
AFFRL4YBJLZRMYXZCG44HK64FXYQ,CF (ItemKNN),0.0,
AFFRL4YBJLZRMYXZCG44HK64FXYQ,Content (Avg Emb),0.0,
AFFRL4YBJLZRMYXZCG44HK64FXYQ,Last-Item,0.0,
AFFRL4YBJLZRMYXZCG44HK64FXYQ,Avg-Last-10,0.0,
AFFRL4YBJLZRMYXZCG44HK64FXYQ,Recency-Weighted,0.0,
AFFRL4YBJLZRMYXZCG44HK64FXYQ,Essence (K=10),0.0,
AFFSE7VO55MBDXTPX3FNLES2XCLQ,Random,0.0,0.0
AFFSE7VO55MBDXTPX3FNLES2XCLQ,Popularity,0.0,0.0
AFFSE7VO55MBDXTPX3FNLES2XCLQ,CF (ItemKNN),0.0,0.0
AFFSE7VO55MBDXTPX3FNLES2XCLQ,Content (Avg Emb),0.0,0.0
AFFSE7VO55MBDXTPX3FNLES2XCLQ,Last-Item,0.0,0.0
AFFSE7VO55MBDXTPX3FNLES2XCLQ,Avg-Last-10,0.0,0.0
AFFSE7VO55MBDXTPX3FNLES2XCLQ,Recency-Weighted,0.0,0.0
AFFSE7VO55MBDXTPX3FNLES2XCLQ,Essence (K=10),0.0,0.0
AFFUVVE5RUL3ZKHYD6LUWFN42EMA,Random,0.0,
AFFUVVE5RUL3ZKHYD6LUWFN42EMA,Popularity,0.0,
AFFUVVE5RUL3ZKHYD6LUWFN42EMA,CF (ItemKNN),0.0,
AFFUVVE5RUL3ZKHYD6LUWFN42EMA,Content (Avg Emb),0.16666666666666666,
AFFUVVE5RUL3ZKHYD6LUWFN42EMA,Last-Item,0.0,
AFFUVVE5RUL3ZKHYD6LUWFN42EMA,Avg-Last-10,0.0,
AFFUVVE5RUL3ZKHYD6LUWFN42EMA,Recency-Weighted,0.0,
AFFUVVE5RUL3ZKHYD6LUWFN42EMA,Essence (K=10),0.0,
AFFYJYF6SMY4OKO3KKQDBWGUEAFA,Random,0.0,
AFFYJYF6SMY4OKO3KKQDBWGUEAFA,Popularity,0.0,
AFFYJYF6SMY4OKO3KKQDBWGUEAFA,CF (ItemKNN),0.0,
AFFYJYF6SMY4OKO3KKQDBWGUEAFA,Content (Avg Emb),0.0,
AFFYJYF6SMY4OKO3KKQDBWGUEAFA,Last-Item,0.0,
AFFYJYF6SMY4OKO3KKQDBWGUEAFA,Avg-Last-10,0.0,
AFFYJYF6SMY4OKO3KKQDBWGUEAFA,Recency-Weighted,0.0,
AFFYJYF6SMY4OKO3KKQDBWGUEAFA,Essence (K=10),0.0,
AFFZ4BR7AY4WVHDT6RI2LJJQSMHA,Random,0.0,0.0
AFFZ4BR7AY4WVHDT6RI2LJJQSMHA,Popularity,0.0,0.0
AFFZ4BR7AY4WVHDT6RI2LJJQSMHA,CF (ItemKNN),0.0,0.0
AFFZ4BR7AY4WVHDT6RI2LJJQSMHA,Content (Avg Emb),0.0,0.0
AFFZ4BR7AY4WVHDT6RI2LJJQSMHA,Last-Item,0.0,0.0
AFFZ4BR7AY4WVHDT6RI2LJJQSMHA,Avg-Last-10,0.0,0.0
AFFZ4BR7AY4WVHDT6RI2LJJQSMHA,Recency-Weighted,0.0,0.0
AFFZ4BR7AY4WVHDT6RI2LJJQSMHA,Essence (K=10),0.0,0.0
AFG2NELL4TDZY3ZHIQEPWIK2MHWA,Random,0.0,0.0
AFG2NELL4TDZY3ZHIQEPWIK2MHWA,Popularity,0.0,0.0
AFG2NELL4TDZY3ZHIQEPWIK2MHWA,CF (ItemKNN),0.0,0.0
AFG2NELL4TDZY3ZHIQEPWIK2MHWA,Content (Avg Emb),0.4,0.0
AFG2NELL4TDZY3ZHIQEPWIK2MHWA,Last-Item,0.0,0.0
AFG2NELL4TDZY3ZHIQEPWIK2MHWA,Avg-Last-10,0.4,0.0
AFG2NELL4TDZY3ZHIQEPWIK2MHWA,Recency-Weighted,0.4,0.0
AFG2NELL4TDZY3ZHIQEPWIK2MHWA,Essence (K=10),0.4,0.0
AFG4FVP53MVIDTE42DFP2AK6AUVA,Random,0.0,0.0
AFG4FVP53MVIDTE42DFP2AK6AUVA,Popularity,0.0,0.0
AFG4FVP53MVIDTE42DFP2AK6AUVA,CF (ItemKNN),0.0,0.0
AFG4FVP53MVIDTE42DFP2AK6AUVA,Content (Avg Emb),0.0,0.0
AFG4FVP53MVIDTE42DFP2AK6AUVA,Last-Item,0.0,0.0
AFG4FVP53MVIDTE42DFP2AK6AUVA,Avg-Last-10,0.0,0.0
AFG4FVP53MVIDTE42DFP2AK6AUVA,Recency-Weighted,0.0,0.0
AFG4FVP53MVIDTE42DFP2AK6AUVA,Essence (K=10),0.0,0.0
AFG74QOJJRG3UEUCO6QZBHIPC65Q,Random,0.0,0.0
AFG74QOJJRG3UEUCO6QZBHIPC65Q,Popularity,0.0,0.0
AFG74QOJJRG3UEUCO6QZBHIPC65Q,CF (ItemKNN),0.0,0.0
AFG74QOJJRG3UEUCO6QZBHIPC65Q,Content (Avg Emb),0.0,0.0
AFG74QOJJRG3UEUCO6QZBHIPC65Q,Last-Item,0.42857142857142855,0.0
AFG74QOJJRG3UEUCO6QZBHIPC65Q,Avg-Last-10,0.0,0.0
AFG74QOJJRG3UEUCO6QZBHIPC65Q,Recency-Weighted,0.0,0.0
AFG74QOJJRG3UEUCO6QZBHIPC65Q,Essence (K=10),0.2857142857142857,0.0
AFGC64J5XPOZX3GL4JZIVX66224Q,Random,0.0,
AFGC64J5XPOZX3GL4JZIVX66224Q,Popularity,0.0,
AFGC64J5XPOZX3GL4JZIVX66224Q,CF (ItemKNN),0.0,
AFGC64J5XPOZX3GL4JZIVX66224Q,Content (Avg Emb),0.0,
AFGC64J5XPOZX3GL4JZIVX66224Q,Last-Item,0.0,
AFGC64J5XPOZX3GL4JZIVX66224Q,Avg-Last-10,0.0,
AFGC64J5XPOZX3GL4JZIVX66224Q,Recency-Weighted,0.0,
AFGC64J5XPOZX3GL4JZIVX66224Q,Essence (K=10),0.0,
AFGDJXPLVCTV4VPJNBUZESI33XKQ,Random,0.0,0.0
AFGDJXPLVCTV4VPJNBUZESI33XKQ,Popularity,0.0,0.0
AFGDJXPLVCTV4VPJNBUZESI33XKQ,CF (ItemKNN),0.0,0.0
AFGDJXPLVCTV4VPJNBUZESI33XKQ,Content (Avg Emb),0.0,0.0
AFGDJXPLVCTV4VPJNBUZESI33XKQ,Last-Item,0.0,0.0
AFGDJXPLVCTV4VPJNBUZESI33XKQ,Avg-Last-10,0.14285714285714285,0.0
AFGDJXPLVCTV4VPJNBUZESI33XKQ,Recency-Weighted,0.14285714285714285,0.0
AFGDJXPLVCTV4VPJNBUZESI33XKQ,Essence (K=10),0.0,0.0
AFGFKDJ64GCMHKYLP3XQ6WJ5WO3Q,Random,0.0,0.0
AFGFKDJ64GCMHKYLP3XQ6WJ5WO3Q,Popularity,0.0,0.0
AFGFKDJ64GCMHKYLP3XQ6WJ5WO3Q,CF (ItemKNN),0.0,0.0
AFGFKDJ64GCMHKYLP3XQ6WJ5WO3Q,Content (Avg Emb),0.2,0.0
AFGFKDJ64GCMHKYLP3XQ6WJ5WO3Q,Last-Item,0.4,0.0
AFGFKDJ64GCMHKYLP3XQ6WJ5WO3Q,Avg-Last-10,0.4,0.0
AFGFKDJ64GCMHKYLP3XQ6WJ5WO3Q,Recency-Weighted,0.4,0.0
AFGFKDJ64GCMHKYLP3XQ6WJ5WO3Q,Essence (K=10),0.6,1.0
AFGHV2FCKCMNR6XSJSK7FF5WNIOA,Random,0.0,0.0
AFGHV2FCKCMNR6XSJSK7FF5WNIOA,Popularity,0.0,0.0
AFGHV2FCKCMNR6XSJSK7FF5WNIOA,CF (ItemKNN),0.0,0.0
AFGHV2FCKCMNR6XSJSK7FF5WNIOA,Content (Avg Emb),0.0,0.0
AFGHV2FCKCMNR6XSJSK7FF5WNIOA,Last-Item,0.0,0.0
AFGHV2FCKCMNR6XSJSK7FF5WNIOA,Avg-Last-10,0.0,0.0
AFGHV2FCKCMNR6XSJSK7FF5WNIOA,Recency-Weighted,0.0,0.0
AFGHV2FCKCMNR6XSJSK7FF5WNIOA,Essence (K=10),0.0,0.0
AFGL6SAJUMPXGNJO6ZOOZUDNFLBQ,Random,0.0,
AFGL6SAJUMPXGNJO6ZOOZUDNFLBQ,Popularity,0.0,
AFGL6SAJUMPXGNJO6ZOOZUDNFLBQ,CF (ItemKNN),0.0,
AFGL6SAJUMPXGNJO6ZOOZUDNFLBQ,Content (Avg Emb),0.0,
AFGL6SAJUMPXGNJO6ZOOZUDNFLBQ,Last-Item,0.0,
AFGL6SAJUMPXGNJO6ZOOZUDNFLBQ,Avg-Last-10,0.0,
AFGL6SAJUMPXGNJO6ZOOZUDNFLBQ,Recency-Weighted,0.0,
AFGL6SAJUMPXGNJO6ZOOZUDNFLBQ,Essence (K=10),0.0,
AFGRPBGJWWC2RM6FA57MN37BELCQ,Random,0.0,0.0
AFGRPBGJWWC2RM6FA57MN37BELCQ,Popularity,0.0,0.0
AFGRPBGJWWC2RM6FA57MN37BELCQ,CF (ItemKNN),0.0,0.0
AFGRPBGJWWC2RM6FA57MN37BELCQ,Content (Avg Emb),0.0,0.0
AFGRPBGJWWC2RM6FA57MN37BELCQ,Last-Item,0.0,0.0
AFGRPBGJWWC2RM6FA57MN37BELCQ,Avg-Last-10,0.0,0.0
AFGRPBGJWWC2RM6FA57MN37BELCQ,Recency-Weighted,0.0,0.0
AFGRPBGJWWC2RM6FA57MN37BELCQ,Essence (K=10),0.0,0.0
AFGUEJHT3AXPG3ERLNUGESSHZATA,Random,0.0,
AFGUEJHT3AXPG3ERLNUGESSHZATA,Popularity,0.0,
AFGUEJHT3AXPG3ERLNUGESSHZATA,CF (ItemKNN),0.0,
AFGUEJHT3AXPG3ERLNUGESSHZATA,Content (Avg Emb),0.0,
AFGUEJHT3AXPG3ERLNUGESSHZATA,Last-Item,0.0,
AFGUEJHT3AXPG3ERLNUGESSHZATA,Avg-Last-10,0.0,
AFGUEJHT3AXPG3ERLNUGESSHZATA,Recency-Weighted,0.0,
AFGUEJHT3AXPG3ERLNUGESSHZATA,Essence (K=10),0.0,
AFGWMBIOGQBB5MKJ4USVSLYEDE6A,Random,0.0,
AFGWMBIOGQBB5MKJ4USVSLYEDE6A,Popularity,0.0,
AFGWMBIOGQBB5MKJ4USVSLYEDE6A,CF (ItemKNN),0.0,
AFGWMBIOGQBB5MKJ4USVSLYEDE6A,Content (Avg Emb),0.625,
AFGWMBIOGQBB5MKJ4USVSLYEDE6A,Last-Item,0.375,
AFGWMBIOGQBB5MKJ4USVSLYEDE6A,Avg-Last-10,0.5,
AFGWMBIOGQBB5MKJ4USVSLYEDE6A,Recency-Weighted,0.5,
AFGWMBIOGQBB5MKJ4USVSLYEDE6A,Essence (K=10),0.5,
AFH3DSMJ6HCPKTDE6RINGWGCWEMA,Random,0.0,0.0
AFH3DSMJ6HCPKTDE6RINGWGCWEMA,Popularity,0.0,0.0
AFH3DSMJ6HCPKTDE6RINGWGCWEMA,CF (ItemKNN),0.0,0.0
AFH3DSMJ6HCPKTDE6RINGWGCWEMA,Content (Avg Emb),0.0,0.0
AFH3DSMJ6HCPKTDE6RINGWGCWEMA,Last-Item,0.0,0.0
AFH3DSMJ6HCPKTDE6RINGWGCWEMA,Avg-Last-10,0.0,0.0
AFH3DSMJ6HCPKTDE6RINGWGCWEMA,Recency-Weighted,0.0,0.0
AFH3DSMJ6HCPKTDE6RINGWGCWEMA,Essence (K=10),0.0,0.0
AFH5GXKAAYTHYW7MLBCB5WRMVMUQ,Random,0.0,
AFH5GXKAAYTHYW7MLBCB5WRMVMUQ,Popularity,0.0,
AFH5GXKAAYTHYW7MLBCB5WRMVMUQ,CF (ItemKNN),0.0,
AFH5GXKAAYTHYW7MLBCB5WRMVMUQ,Content (Avg Emb),0.0,
AFH5GXKAAYTHYW7MLBCB5WRMVMUQ,Last-Item,0.0,
AFH5GXKAAYTHYW7MLBCB5WRMVMUQ,Avg-Last-10,0.0,
AFH5GXKAAYTHYW7MLBCB5WRMVMUQ,Recency-Weighted,0.0,
AFH5GXKAAYTHYW7MLBCB5WRMVMUQ,Essence (K=10),0.0,
AFH75AZ3HXUYRC4EXUSFIU3EICIQ,Random,0.0,
AFH75AZ3HXUYRC4EXUSFIU3EICIQ,Popularity,0.0,
AFH75AZ3HXUYRC4EXUSFIU3EICIQ,CF (ItemKNN),0.0,
AFH75AZ3HXUYRC4EXUSFIU3EICIQ,Content (Avg Emb),0.0,
AFH75AZ3HXUYRC4EXUSFIU3EICIQ,Last-Item,0.0,
AFH75AZ3HXUYRC4EXUSFIU3EICIQ,Avg-Last-10,0.0,
AFH75AZ3HXUYRC4EXUSFIU3EICIQ,Recency-Weighted,0.0,
AFH75AZ3HXUYRC4EXUSFIU3EICIQ,Essence (K=10),0.0,
AFH7JFLRM76FS74F4QB2IU6WBW6Q,Random,0.0,0.0
AFH7JFLRM76FS74F4QB2IU6WBW6Q,Popularity,0.0,0.0
AFH7JFLRM76FS74F4QB2IU6WBW6Q,CF (ItemKNN),0.0,0.0
AFH7JFLRM76FS74F4QB2IU6WBW6Q,Content (Avg Emb),0.0,0.0
AFH7JFLRM76FS74F4QB2IU6WBW6Q,Last-Item,0.125,0.0
AFH7JFLRM76FS74F4QB2IU6WBW6Q,Avg-Last-10,0.0,0.0
AFH7JFLRM76FS74F4QB2IU6WBW6Q,Recency-Weighted,0.0,0.0
AFH7JFLRM76FS74F4QB2IU6WBW6Q,Essence (K=10),0.0,0.0
AFHAM46BETKOF5WS76R3TY6ZHR6A,Random,0.0,
AFHAM46BETKOF5WS76R3TY6ZHR6A,Popularity,0.0,
AFHAM46BETKOF5WS76R3TY6ZHR6A,CF (ItemKNN),0.0,
AFHAM46BETKOF5WS76R3TY6ZHR6A,Content (Avg Emb),0.0,
AFHAM46BETKOF5WS76R3TY6ZHR6A,Last-Item,0.0,
AFHAM46BETKOF5WS76R3TY6ZHR6A,Avg-Last-10,0.0,
AFHAM46BETKOF5WS76R3TY6ZHR6A,Recency-Weighted,0.0,
AFHAM46BETKOF5WS76R3TY6ZHR6A,Essence (K=10),0.0,
AFHDOXWAEPNFYBJSRAHDV4OYGEXQ,Random,0.0,
AFHDOXWAEPNFYBJSRAHDV4OYGEXQ,Popularity,0.0,
AFHDOXWAEPNFYBJSRAHDV4OYGEXQ,CF (ItemKNN),0.0,
AFHDOXWAEPNFYBJSRAHDV4OYGEXQ,Content (Avg Emb),0.16666666666666666,
AFHDOXWAEPNFYBJSRAHDV4OYGEXQ,Last-Item,0.16666666666666666,
AFHDOXWAEPNFYBJSRAHDV4OYGEXQ,Avg-Last-10,0.0,
AFHDOXWAEPNFYBJSRAHDV4OYGEXQ,Recency-Weighted,0.0,
AFHDOXWAEPNFYBJSRAHDV4OYGEXQ,Essence (K=10),0.0,
AFHFBDPJAJ2JZQCIRVDGOJ2U3WDQ,Random,0.0,0.0
AFHFBDPJAJ2JZQCIRVDGOJ2U3WDQ,Popularity,0.0,0.0
AFHFBDPJAJ2JZQCIRVDGOJ2U3WDQ,CF (ItemKNN),0.0,0.0
AFHFBDPJAJ2JZQCIRVDGOJ2U3WDQ,Content (Avg Emb),0.0,0.0
AFHFBDPJAJ2JZQCIRVDGOJ2U3WDQ,Last-Item,0.0,0.0
AFHFBDPJAJ2JZQCIRVDGOJ2U3WDQ,Avg-Last-10,0.0,0.0
AFHFBDPJAJ2JZQCIRVDGOJ2U3WDQ,Recency-Weighted,0.0,0.0
AFHFBDPJAJ2JZQCIRVDGOJ2U3WDQ,Essence (K=10),0.0,0.0
AFHFOPAIHAXNOR4QJSBEUV6MXCGQ,Random,0.0,
AFHFOPAIHAXNOR4QJSBEUV6MXCGQ,Popularity,0.0,
AFHFOPAIHAXNOR4QJSBEUV6MXCGQ,CF (ItemKNN),0.0,
AFHFOPAIHAXNOR4QJSBEUV6MXCGQ,Content (Avg Emb),0.0,
AFHFOPAIHAXNOR4QJSBEUV6MXCGQ,Last-Item,0.0,
AFHFOPAIHAXNOR4QJSBEUV6MXCGQ,Avg-Last-10,0.0,
AFHFOPAIHAXNOR4QJSBEUV6MXCGQ,Recency-Weighted,0.0,
AFHFOPAIHAXNOR4QJSBEUV6MXCGQ,Essence (K=10),0.0,
AFHFRJKIJV43SFU53QIN4XLWKVPA,Random,0.0,0.0
AFHFRJKIJV43SFU53QIN4XLWKVPA,Popularity,0.0,0.0
AFHFRJKIJV43SFU53QIN4XLWKVPA,CF (ItemKNN),0.0,0.0
AFHFRJKIJV43SFU53QIN4XLWKVPA,Content (Avg Emb),0.8,0.0
AFHFRJKIJV43SFU53QIN4XLWKVPA,Last-Item,0.0,0.0
AFHFRJKIJV43SFU53QIN4XLWKVPA,Avg-Last-10,0.8,0.0
AFHFRJKIJV43SFU53QIN4XLWKVPA,Recency-Weighted,0.8,0.0
AFHFRJKIJV43SFU53QIN4XLWKVPA,Essence (K=10),0.0,0.0
AFHLQPDGC4ZGXA5Y7TLO4P42XC7Q,Random,0.0,0.0
AFHLQPDGC4ZGXA5Y7TLO4P42XC7Q,Popularity,0.0,0.0
AFHLQPDGC4ZGXA5Y7TLO4P42XC7Q,CF (ItemKNN),0.0,0.0
AFHLQPDGC4ZGXA5Y7TLO4P42XC7Q,Content (Avg Emb),0.0,0.0
AFHLQPDGC4ZGXA5Y7TLO4P42XC7Q,Last-Item,0.0,0.0
AFHLQPDGC4ZGXA5Y7TLO4P42XC7Q,Avg-Last-10,0.0,0.0
AFHLQPDGC4ZGXA5Y7TLO4P42XC7Q,Recency-Weighted,0.0,0.0
AFHLQPDGC4ZGXA5Y7TLO4P42XC7Q,Essence (K=10),0.0,0.0
AFHMT5JPXWQFFZG3L3G7KLGZG5OQ,Random,0.0,0.0
AFHMT5JPXWQFFZG3L3G7KLGZG5OQ,Popularity,0.0,0.0
AFHMT5JPXWQFFZG3L3G7KLGZG5OQ,CF (ItemKNN),0.0,0.0
AFHMT5JPXWQFFZG3L3G7KLGZG5OQ,Content (Avg Emb),0.0,0.0
AFHMT5JPXWQFFZG3L3G7KLGZG5OQ,Last-Item,0.0,0.0
AFHMT5JPXWQFFZG3L3G7KLGZG5OQ,Avg-Last-10,0.0,0.0
AFHMT5JPXWQFFZG3L3G7KLGZG5OQ,Recency-Weighted,0.0,0.0
AFHMT5JPXWQFFZG3L3G7KLGZG5OQ,Essence (K=10),0.07692307692307693,0.0
AFHMVXGIZ4A3WRICVK2444I7E37Q,Random,0.0,0.0
AFHMVXGIZ4A3WRICVK2444I7E37Q,Popularity,0.0,0.0
AFHMVXGIZ4A3WRICVK2444I7E37Q,CF (ItemKNN),0.0,0.0
AFHMVXGIZ4A3WRICVK2444I7E37Q,Content (Avg Emb),0.0,0.0
AFHMVXGIZ4A3WRICVK2444I7E37Q,Last-Item,0.0,0.0
AFHMVXGIZ4A3WRICVK2444I7E37Q,Avg-Last-10,0.0,0.0
AFHMVXGIZ4A3WRICVK2444I7E37Q,Recency-Weighted,0.0,0.0
AFHMVXGIZ4A3WRICVK2444I7E37Q,Essence (K=10),0.0,0.0
AFHMXQ7GXEWBNGPU362B4VE75EJQ,Random,0.0,0.0
AFHMXQ7GXEWBNGPU362B4VE75EJQ,Popularity,0.0,0.0
AFHMXQ7GXEWBNGPU362B4VE75EJQ,CF (ItemKNN),0.0,0.0
AFHMXQ7GXEWBNGPU362B4VE75EJQ,Content (Avg Emb),0.058823529411764705,0.0
AFHMXQ7GXEWBNGPU362B4VE75EJQ,Last-Item,0.058823529411764705,0.16666666666666666
AFHMXQ7GXEWBNGPU362B4VE75EJQ,Avg-Last-10,0.058823529411764705,0.0
AFHMXQ7GXEWBNGPU362B4VE75EJQ,Recency-Weighted,0.11764705882352941,0.16666666666666666
AFHMXQ7GXEWBNGPU362B4VE75EJQ,Essence (K=10),0.11764705882352941,0.16666666666666666
AFHQLEWRT7HAEXEJVTNHWJZSNYZA,Random,0.0,0.0
AFHQLEWRT7HAEXEJVTNHWJZSNYZA,Popularity,0.0,0.0
AFHQLEWRT7HAEXEJVTNHWJZSNYZA,CF (ItemKNN),0.0,0.0
AFHQLEWRT7HAEXEJVTNHWJZSNYZA,Content (Avg Emb),0.0,0.0
AFHQLEWRT7HAEXEJVTNHWJZSNYZA,Last-Item,0.0,0.0
AFHQLEWRT7HAEXEJVTNHWJZSNYZA,Avg-Last-10,0.0,0.0
AFHQLEWRT7HAEXEJVTNHWJZSNYZA,Recency-Weighted,0.0,0.0
AFHQLEWRT7HAEXEJVTNHWJZSNYZA,Essence (K=10),0.0,0.0
AFHW625VCI7IIIDFXPHL6MU7YTIA,Random,0.0,0.0
AFHW625VCI7IIIDFXPHL6MU7YTIA,Popularity,0.0,0.0
AFHW625VCI7IIIDFXPHL6MU7YTIA,CF (ItemKNN),0.0,0.0
AFHW625VCI7IIIDFXPHL6MU7YTIA,Content (Avg Emb),0.0,0.0
AFHW625VCI7IIIDFXPHL6MU7YTIA,Last-Item,0.0,0.0
AFHW625VCI7IIIDFXPHL6MU7YTIA,Avg-Last-10,0.0,0.0
AFHW625VCI7IIIDFXPHL6MU7YTIA,Recency-Weighted,0.0,0.0
AFHW625VCI7IIIDFXPHL6MU7YTIA,Essence (K=10),0.0,0.0
AFHXT4JQVBD446JQPJTIHQOD32TQ,Random,0.0,
AFHXT4JQVBD446JQPJTIHQOD32TQ,Popularity,0.0,
AFHXT4JQVBD446JQPJTIHQOD32TQ,CF (ItemKNN),0.0,
AFHXT4JQVBD446JQPJTIHQOD32TQ,Content (Avg Emb),0.0,
AFHXT4JQVBD446JQPJTIHQOD32TQ,Last-Item,0.0,
AFHXT4JQVBD446JQPJTIHQOD32TQ,Avg-Last-10,0.0,
AFHXT4JQVBD446JQPJTIHQOD32TQ,Recency-Weighted,0.0,
AFHXT4JQVBD446JQPJTIHQOD32TQ,Essence (K=10),0.0,
AFI6FE3N2QWZNYWPSNGGM3CTFLHA,Random,0.0,0.0
AFI6FE3N2QWZNYWPSNGGM3CTFLHA,Popularity,0.0,0.0
AFI6FE3N2QWZNYWPSNGGM3CTFLHA,CF (ItemKNN),0.0,0.0
AFI6FE3N2QWZNYWPSNGGM3CTFLHA,Content (Avg Emb),0.0,0.0
AFI6FE3N2QWZNYWPSNGGM3CTFLHA,Last-Item,0.0,0.0
AFI6FE3N2QWZNYWPSNGGM3CTFLHA,Avg-Last-10,0.0,0.0
AFI6FE3N2QWZNYWPSNGGM3CTFLHA,Recency-Weighted,0.0,0.0
AFI6FE3N2QWZNYWPSNGGM3CTFLHA,Essence (K=10),0.2,0.0
AFI6KFBF4RLYIEI4P5HNMOKSOJBA,Random,0.0,0.0
AFI6KFBF4RLYIEI4P5HNMOKSOJBA,Popularity,0.0,0.0
AFI6KFBF4RLYIEI4P5HNMOKSOJBA,CF (ItemKNN),0.0,0.0
AFI6KFBF4RLYIEI4P5HNMOKSOJBA,Content (Avg Emb),0.0,0.0
AFI6KFBF4RLYIEI4P5HNMOKSOJBA,Last-Item,0.0,0.0
AFI6KFBF4RLYIEI4P5HNMOKSOJBA,Avg-Last-10,0.0,0.0
AFI6KFBF4RLYIEI4P5HNMOKSOJBA,Recency-Weighted,0.0,0.0
AFI6KFBF4RLYIEI4P5HNMOKSOJBA,Essence (K=10),0.0,0.0
AFI6OJOY3YLTK2XQUJ6Q56GKWUTQ,Random,0.0,
AFI6OJOY3YLTK2XQUJ6Q56GKWUTQ,Popularity,0.0,
AFI6OJOY3YLTK2XQUJ6Q56GKWUTQ,CF (ItemKNN),0.0,
AFI6OJOY3YLTK2XQUJ6Q56GKWUTQ,Content (Avg Emb),0.0,
AFI6OJOY3YLTK2XQUJ6Q56GKWUTQ,Last-Item,0.0,
AFI6OJOY3YLTK2XQUJ6Q56GKWUTQ,Avg-Last-10,0.0,
AFI6OJOY3YLTK2XQUJ6Q56GKWUTQ,Recency-Weighted,0.0,
AFI6OJOY3YLTK2XQUJ6Q56GKWUTQ,Essence (K=10),0.0,
AFIB7UJAIYASTN4ZYQAVSB4PFZLQ,Random,0.0,
AFIB7UJAIYASTN4ZYQAVSB4PFZLQ,Popularity,0.0,
AFIB7UJAIYASTN4ZYQAVSB4PFZLQ,CF (ItemKNN),0.0,
AFIB7UJAIYASTN4ZYQAVSB4PFZLQ,Content (Avg Emb),0.0,
AFIB7UJAIYASTN4ZYQAVSB4PFZLQ,Last-Item,0.0,
AFIB7UJAIYASTN4ZYQAVSB4PFZLQ,Avg-Last-10,0.0,
AFIB7UJAIYASTN4ZYQAVSB4PFZLQ,Recency-Weighted,0.0,
AFIB7UJAIYASTN4ZYQAVSB4PFZLQ,Essence (K=10),0.2,
AFIBHNQSFP3TISPRVKA2LSAGV3CQ,Random,0.0,0.0
AFIBHNQSFP3TISPRVKA2LSAGV3CQ,Popularity,0.0,0.0
AFIBHNQSFP3TISPRVKA2LSAGV3CQ,CF (ItemKNN),0.0,0.0
AFIBHNQSFP3TISPRVKA2LSAGV3CQ,Content (Avg Emb),0.0,0.0
AFIBHNQSFP3TISPRVKA2LSAGV3CQ,Last-Item,0.0,0.0
AFIBHNQSFP3TISPRVKA2LSAGV3CQ,Avg-Last-10,0.0,0.0
AFIBHNQSFP3TISPRVKA2LSAGV3CQ,Recency-Weighted,0.0,0.0
AFIBHNQSFP3TISPRVKA2LSAGV3CQ,Essence (K=10),0.0,0.0
AFIHDBPFQ26YJZQMDNYUW6SY23PQ,Random,0.0,
AFIHDBPFQ26YJZQMDNYUW6SY23PQ,Popularity,0.0,
AFIHDBPFQ26YJZQMDNYUW6SY23PQ,CF (ItemKNN),0.0,
AFIHDBPFQ26YJZQMDNYUW6SY23PQ,Content (Avg Emb),0.5,
AFIHDBPFQ26YJZQMDNYUW6SY23PQ,Last-Item,0.75,
AFIHDBPFQ26YJZQMDNYUW6SY23PQ,Avg-Last-10,0.5,
AFIHDBPFQ26YJZQMDNYUW6SY23PQ,Recency-Weighted,0.75,
AFIHDBPFQ26YJZQMDNYUW6SY23PQ,Essence (K=10),0.25,
AFIICL33VHTWFDOPVUJECU6XN6WA,Random,0.0,0.0
AFIICL33VHTWFDOPVUJECU6XN6WA,Popularity,0.0,0.0
AFIICL33VHTWFDOPVUJECU6XN6WA,CF (ItemKNN),0.0,0.0
AFIICL33VHTWFDOPVUJECU6XN6WA,Content (Avg Emb),0.0,0.0
AFIICL33VHTWFDOPVUJECU6XN6WA,Last-Item,0.0,0.0
AFIICL33VHTWFDOPVUJECU6XN6WA,Avg-Last-10,0.0,0.0
AFIICL33VHTWFDOPVUJECU6XN6WA,Recency-Weighted,0.0,0.0
AFIICL33VHTWFDOPVUJECU6XN6WA,Essence (K=10),0.0,0.0
AFILBS3UCRFOW52FU2KAHJ6QFXTA,Random,0.0,0.0
AFILBS3UCRFOW52FU2KAHJ6QFXTA,Popularity,0.0,0.0
AFILBS3UCRFOW52FU2KAHJ6QFXTA,CF (ItemKNN),0.0,0.0
AFILBS3UCRFOW52FU2KAHJ6QFXTA,Content (Avg Emb),0.0,0.0
AFILBS3UCRFOW52FU2KAHJ6QFXTA,Last-Item,0.0,0.0
AFILBS3UCRFOW52FU2KAHJ6QFXTA,Avg-Last-10,0.0,0.0
AFILBS3UCRFOW52FU2KAHJ6QFXTA,Recency-Weighted,0.0,0.0
AFILBS3UCRFOW52FU2KAHJ6QFXTA,Essence (K=10),0.0,0.0
AFINYPC2ES62BZJ5ZUXS5SAM7F6Q,Random,0.0,0.0
AFINYPC2ES62BZJ5ZUXS5SAM7F6Q,Popularity,0.0,0.0
AFINYPC2ES62BZJ5ZUXS5SAM7F6Q,CF (ItemKNN),0.0,0.0
AFINYPC2ES62BZJ5ZUXS5SAM7F6Q,Content (Avg Emb),0.0,0.0
AFINYPC2ES62BZJ5ZUXS5SAM7F6Q,Last-Item,0.0,0.0
AFINYPC2ES62BZJ5ZUXS5SAM7F6Q,Avg-Last-10,0.0,0.0
AFINYPC2ES62BZJ5ZUXS5SAM7F6Q,Recency-Weighted,0.0,0.0
AFINYPC2ES62BZJ5ZUXS5SAM7F6Q,Essence (K=10),0.0,0.0
AFITKU6RUCWUDZRR2IQHJCOETJ5Q,Random,0.0,
AFITKU6RUCWUDZRR2IQHJCOETJ5Q,Popularity,0.0,
AFITKU6RUCWUDZRR2IQHJCOETJ5Q,CF (ItemKNN),0.0,
AFITKU6RUCWUDZRR2IQHJCOETJ5Q,Content (Avg Emb),0.0,
AFITKU6RUCWUDZRR2IQHJCOETJ5Q,Last-Item,0.0,
AFITKU6RUCWUDZRR2IQHJCOETJ5Q,Avg-Last-10,0.0,
AFITKU6RUCWUDZRR2IQHJCOETJ5Q,Recency-Weighted,0.0,
AFITKU6RUCWUDZRR2IQHJCOETJ5Q,Essence (K=10),0.0,
AFIUE73MR26H6OIRWMM4BNBSV7UA,Random,0.0,
AFIUE73MR26H6OIRWMM4BNBSV7UA,Popularity,0.0,
AFIUE73MR26H6OIRWMM4BNBSV7UA,CF (ItemKNN),0.0,
AFIUE73MR26H6OIRWMM4BNBSV7UA,Content (Avg Emb),0.0,
AFIUE73MR26H6OIRWMM4BNBSV7UA,Last-Item,0.0,
AFIUE73MR26H6OIRWMM4BNBSV7UA,Avg-Last-10,0.0,
AFIUE73MR26H6OIRWMM4BNBSV7UA,Recency-Weighted,0.0,
AFIUE73MR26H6OIRWMM4BNBSV7UA,Essence (K=10),0.0,
AFIWUIX2CJSFWSZCFKOW2VNJMO2A,Random,0.0,0.0
AFIWUIX2CJSFWSZCFKOW2VNJMO2A,Popularity,0.0,0.0
AFIWUIX2CJSFWSZCFKOW2VNJMO2A,CF (ItemKNN),0.0,0.0
AFIWUIX2CJSFWSZCFKOW2VNJMO2A,Content (Avg Emb),0.0,0.0
AFIWUIX2CJSFWSZCFKOW2VNJMO2A,Last-Item,0.0,0.0
AFIWUIX2CJSFWSZCFKOW2VNJMO2A,Avg-Last-10,0.0,0.0
AFIWUIX2CJSFWSZCFKOW2VNJMO2A,Recency-Weighted,0.0,0.0
AFIWUIX2CJSFWSZCFKOW2VNJMO2A,Essence (K=10),0.0,0.0
AFJ2V7MSOFT2RYPPEY6VAQKWNFGA,Random,0.0,0.0
AFJ2V7MSOFT2RYPPEY6VAQKWNFGA,Popularity,0.0,0.0
AFJ2V7MSOFT2RYPPEY6VAQKWNFGA,CF (ItemKNN),0.0,0.0
AFJ2V7MSOFT2RYPPEY6VAQKWNFGA,Content (Avg Emb),0.0,0.0
AFJ2V7MSOFT2RYPPEY6VAQKWNFGA,Last-Item,0.0,0.0
AFJ2V7MSOFT2RYPPEY6VAQKWNFGA,Avg-Last-10,0.0,0.0
AFJ2V7MSOFT2RYPPEY6VAQKWNFGA,Recency-Weighted,0.0,0.0
AFJ2V7MSOFT2RYPPEY6VAQKWNFGA,Essence (K=10),0.0,0.0
AFJ5JHTHTJFXBOH3C2YNTA2Q5Y7Q,Random,0.0,
AFJ5JHTHTJFXBOH3C2YNTA2Q5Y7Q,Popularity,0.0,
AFJ5JHTHTJFXBOH3C2YNTA2Q5Y7Q,CF (ItemKNN),0.0,
AFJ5JHTHTJFXBOH3C2YNTA2Q5Y7Q,Content (Avg Emb),0.0,
AFJ5JHTHTJFXBOH3C2YNTA2Q5Y7Q,Last-Item,0.0,
AFJ5JHTHTJFXBOH3C2YNTA2Q5Y7Q,Avg-Last-10,0.0,
AFJ5JHTHTJFXBOH3C2YNTA2Q5Y7Q,Recency-Weighted,0.0,
AFJ5JHTHTJFXBOH3C2YNTA2Q5Y7Q,Essence (K=10),0.0,
AFJ5OPJDCTIE6KE2KO5GQTT7GAXA,Random,0.0,0.0
AFJ5OPJDCTIE6KE2KO5GQTT7GAXA,Popularity,0.0,0.0
AFJ5OPJDCTIE6KE2KO5GQTT7GAXA,CF (ItemKNN),0.0,0.0
AFJ5OPJDCTIE6KE2KO5GQTT7GAXA,Content (Avg Emb),0.0,0.0
AFJ5OPJDCTIE6KE2KO5GQTT7GAXA,Last-Item,0.0,0.0
AFJ5OPJDCTIE6KE2KO5GQTT7GAXA,Avg-Last-10,0.0,0.0
AFJ5OPJDCTIE6KE2KO5GQTT7GAXA,Recency-Weighted,0.0,0.0
AFJ5OPJDCTIE6KE2KO5GQTT7GAXA,Essence (K=10),0.0,0.0
AFJ6BJ52LJTX56EG7QOFZKHSACFQ,Random,0.0,0.0
AFJ6BJ52LJTX56EG7QOFZKHSACFQ,Popularity,0.0,0.0
AFJ6BJ52LJTX56EG7QOFZKHSACFQ,CF (ItemKNN),0.0,0.0
AFJ6BJ52LJTX56EG7QOFZKHSACFQ,Content (Avg Emb),0.038461538461538464,0.0
AFJ6BJ52LJTX56EG7QOFZKHSACFQ,Last-Item,0.07692307692307693,0.0
AFJ6BJ52LJTX56EG7QOFZKHSACFQ,Avg-Last-10,0.0,0.0
AFJ6BJ52LJTX56EG7QOFZKHSACFQ,Recency-Weighted,0.0,0.0
AFJ6BJ52LJTX56EG7QOFZKHSACFQ,Essence (K=10),0.038461538461538464,0.0
AFJEXMOBDOQDOIX46YFY5KMNQCZA,Random,0.0,0.0
AFJEXMOBDOQDOIX46YFY5KMNQCZA,Popularity,0.0,0.0
AFJEXMOBDOQDOIX46YFY5KMNQCZA,CF (ItemKNN),0.0,0.0
AFJEXMOBDOQDOIX46YFY5KMNQCZA,Content (Avg Emb),0.0,0.0
AFJEXMOBDOQDOIX46YFY5KMNQCZA,Last-Item,0.0,0.0
AFJEXMOBDOQDOIX46YFY5KMNQCZA,Avg-Last-10,0.0,0.0
AFJEXMOBDOQDOIX46YFY5KMNQCZA,Recency-Weighted,0.0,0.0
AFJEXMOBDOQDOIX46YFY5KMNQCZA,Essence (K=10),0.0,0.0
AFJLZFNAFWXXEONCNROWNAKN3RNA,Random,0.0,0.0
AFJLZFNAFWXXEONCNROWNAKN3RNA,Popularity,0.0,0.0
AFJLZFNAFWXXEONCNROWNAKN3RNA,CF (ItemKNN),0.16666666666666666,1.0
AFJLZFNAFWXXEONCNROWNAKN3RNA,Content (Avg Emb),0.0,0.0
AFJLZFNAFWXXEONCNROWNAKN3RNA,Last-Item,0.16666666666666666,1.0
AFJLZFNAFWXXEONCNROWNAKN3RNA,Avg-Last-10,0.0,0.0
AFJLZFNAFWXXEONCNROWNAKN3RNA,Recency-Weighted,0.0,0.0
AFJLZFNAFWXXEONCNROWNAKN3RNA,Essence (K=10),0.0,0.0
AFJO242WNCGB3KUVS5SNPGA3WNKA,Random,0.0,0.0
AFJO242WNCGB3KUVS5SNPGA3WNKA,Popularity,0.0,0.0
AFJO242WNCGB3KUVS5SNPGA3WNKA,CF (ItemKNN),0.0,0.0
AFJO242WNCGB3KUVS5SNPGA3WNKA,Content (Avg Emb),0.0,0.0
AFJO242WNCGB3KUVS5SNPGA3WNKA,Last-Item,0.0,0.0
AFJO242WNCGB3KUVS5SNPGA3WNKA,Avg-Last-10,0.0,0.0
AFJO242WNCGB3KUVS5SNPGA3WNKA,Recency-Weighted,0.0,0.0
AFJO242WNCGB3KUVS5SNPGA3WNKA,Essence (K=10),0.0,0.0
AFJSJTZSA2QE6OTUEBNVTAM3RV7A,Random,0.0,0.0
AFJSJTZSA2QE6OTUEBNVTAM3RV7A,Popularity,0.0,0.0
AFJSJTZSA2QE6OTUEBNVTAM3RV7A,CF (ItemKNN),0.0,0.0
AFJSJTZSA2QE6OTUEBNVTAM3RV7A,Content (Avg Emb),0.0,0.0
AFJSJTZSA2QE6OTUEBNVTAM3RV7A,Last-Item,0.0,0.0
AFJSJTZSA2QE6OTUEBNVTAM3RV7A,Avg-Last-10,0.0,0.0
AFJSJTZSA2QE6OTUEBNVTAM3RV7A,Recency-Weighted,0.0,0.0
AFJSJTZSA2QE6OTUEBNVTAM3RV7A,Essence (K=10),0.0,0.0
AFJVQ3HNGNLNBRJJVN5LHCNGH2LA,Random,0.0,
AFJVQ3HNGNLNBRJJVN5LHCNGH2LA,Popularity,0.0,
AFJVQ3HNGNLNBRJJVN5LHCNGH2LA,CF (ItemKNN),0.0,
AFJVQ3HNGNLNBRJJVN5LHCNGH2LA,Content (Avg Emb),0.0,
AFJVQ3HNGNLNBRJJVN5LHCNGH2LA,Last-Item,0.0,
AFJVQ3HNGNLNBRJJVN5LHCNGH2LA,Avg-Last-10,0.0,
AFJVQ3HNGNLNBRJJVN5LHCNGH2LA,Recency-Weighted,0.0,
AFJVQ3HNGNLNBRJJVN5LHCNGH2LA,Essence (K=10),0.0,
AFJWF5TUFVA64VSQO35RGGKW33VA,Random,0.0,
AFJWF5TUFVA64VSQO35RGGKW33VA,Popularity,0.0,
AFJWF5TUFVA64VSQO35RGGKW33VA,CF (ItemKNN),0.0,
AFJWF5TUFVA64VSQO35RGGKW33VA,Content (Avg Emb),0.0,
AFJWF5TUFVA64VSQO35RGGKW33VA,Last-Item,0.0,
AFJWF5TUFVA64VSQO35RGGKW33VA,Avg-Last-10,0.0,
AFJWF5TUFVA64VSQO35RGGKW33VA,Recency-Weighted,0.0,
AFJWF5TUFVA64VSQO35RGGKW33VA,Essence (K=10),0.0,
AFJXBMEQSSFFZUQ4UVCQX53PA6TQ,Random,0.0,0.0
AFJXBMEQSSFFZUQ4UVCQX53PA6TQ,Popularity,0.0,0.0
AFJXBMEQSSFFZUQ4UVCQX53PA6TQ,CF (ItemKNN),0.0,0.0
AFJXBMEQSSFFZUQ4UVCQX53PA6TQ,Content (Avg Emb),0.0,0.0
AFJXBMEQSSFFZUQ4UVCQX53PA6TQ,Last-Item,0.0,0.0
AFJXBMEQSSFFZUQ4UVCQX53PA6TQ,Avg-Last-10,0.0,0.0
AFJXBMEQSSFFZUQ4UVCQX53PA6TQ,Recency-Weighted,0.0,0.0
AFJXBMEQSSFFZUQ4UVCQX53PA6TQ,Essence (K=10),0.0,0.0
AFK2H5EWE6PBBRGBPUU5ZHFEYFFQ,Random,0.0,
AFK2H5EWE6PBBRGBPUU5ZHFEYFFQ,Popularity,0.0,
AFK2H5EWE6PBBRGBPUU5ZHFEYFFQ,CF (ItemKNN),0.0,
AFK2H5EWE6PBBRGBPUU5ZHFEYFFQ,Content (Avg Emb),0.0,
AFK2H5EWE6PBBRGBPUU5ZHFEYFFQ,Last-Item,0.0,
AFK2H5EWE6PBBRGBPUU5ZHFEYFFQ,Avg-Last-10,0.0,
AFK2H5EWE6PBBRGBPUU5ZHFEYFFQ,Recency-Weighted,0.0,
AFK2H5EWE6PBBRGBPUU5ZHFEYFFQ,Essence (K=10),0.0,
AFK4YBIZUP4L6I4DI6M2XZLXFXQQ,Random,0.0,
AFK4YBIZUP4L6I4DI6M2XZLXFXQQ,Popularity,0.0,
AFK4YBIZUP4L6I4DI6M2XZLXFXQQ,CF (ItemKNN),0.0,
AFK4YBIZUP4L6I4DI6M2XZLXFXQQ,Content (Avg Emb),0.0,
AFK4YBIZUP4L6I4DI6M2XZLXFXQQ,Last-Item,0.0,
AFK4YBIZUP4L6I4DI6M2XZLXFXQQ,Avg-Last-10,0.0,
AFK4YBIZUP4L6I4DI6M2XZLXFXQQ,Recency-Weighted,0.0,
AFK4YBIZUP4L6I4DI6M2XZLXFXQQ,Essence (K=10),0.0,
AFK5YEJOMM6OOR5GNPUUQY5IMHGA,Random,0.0,
AFK5YEJOMM6OOR5GNPUUQY5IMHGA,Popularity,0.0,
AFK5YEJOMM6OOR5GNPUUQY5IMHGA,CF (ItemKNN),0.0,
AFK5YEJOMM6OOR5GNPUUQY5IMHGA,Content (Avg Emb),0.0,
AFK5YEJOMM6OOR5GNPUUQY5IMHGA,Last-Item,0.0,
AFK5YEJOMM6OOR5GNPUUQY5IMHGA,Avg-Last-10,0.0,
AFK5YEJOMM6OOR5GNPUUQY5IMHGA,Recency-Weighted,0.0,
AFK5YEJOMM6OOR5GNPUUQY5IMHGA,Essence (K=10),0.0,
AFKBJUJ6HGZCEF2PHSDN3UC4T5FA,Random,0.0,
AFKBJUJ6HGZCEF2PHSDN3UC4T5FA,Popularity,0.0,
AFKBJUJ6HGZCEF2PHSDN3UC4T5FA,CF (ItemKNN),0.0,
AFKBJUJ6HGZCEF2PHSDN3UC4T5FA,Content (Avg Emb),0.0,
AFKBJUJ6HGZCEF2PHSDN3UC4T5FA,Last-Item,0.0,
AFKBJUJ6HGZCEF2PHSDN3UC4T5FA,Avg-Last-10,0.0,
AFKBJUJ6HGZCEF2PHSDN3UC4T5FA,Recency-Weighted,0.0,
AFKBJUJ6HGZCEF2PHSDN3UC4T5FA,Essence (K=10),0.0,
AFKEBML7ERH3AXPWWEQPCHD6EN7A,Random,0.0,0.0
AFKEBML7ERH3AXPWWEQPCHD6EN7A,Popularity,0.0,0.0
AFKEBML7ERH3AXPWWEQPCHD6EN7A,CF (ItemKNN),0.0,0.0
AFKEBML7ERH3AXPWWEQPCHD6EN7A,Content (Avg Emb),0.0,0.0
AFKEBML7ERH3AXPWWEQPCHD6EN7A,Last-Item,0.0,0.0
AFKEBML7ERH3AXPWWEQPCHD6EN7A,Avg-Last-10,0.0,0.0
AFKEBML7ERH3AXPWWEQPCHD6EN7A,Recency-Weighted,0.0,0.0
AFKEBML7ERH3AXPWWEQPCHD6EN7A,Essence (K=10),0.0,0.0
AFKG54QEQJKVB3WU5APLZCXLUXNQ,Random,0.0,0.0
AFKG54QEQJKVB3WU5APLZCXLUXNQ,Popularity,0.0,0.0
AFKG54QEQJKVB3WU5APLZCXLUXNQ,CF (ItemKNN),0.0,0.0
AFKG54QEQJKVB3WU5APLZCXLUXNQ,Content (Avg Emb),0.0,0.0
AFKG54QEQJKVB3WU5APLZCXLUXNQ,Last-Item,0.0,0.0
AFKG54QEQJKVB3WU5APLZCXLUXNQ,Avg-Last-10,0.0,0.0
AFKG54QEQJKVB3WU5APLZCXLUXNQ,Recency-Weighted,0.0,0.0
AFKG54QEQJKVB3WU5APLZCXLUXNQ,Essence (K=10),0.0,0.0
AFKJUQ3TU2W4SGIRYCR4QMMHWPDQ,Random,0.0,0.0
AFKJUQ3TU2W4SGIRYCR4QMMHWPDQ,Popularity,0.0,0.0
AFKJUQ3TU2W4SGIRYCR4QMMHWPDQ,CF (ItemKNN),0.0,0.0
AFKJUQ3TU2W4SGIRYCR4QMMHWPDQ,Content (Avg Emb),0.0,0.0
AFKJUQ3TU2W4SGIRYCR4QMMHWPDQ,Last-Item,0.0,0.0
AFKJUQ3TU2W4SGIRYCR4QMMHWPDQ,Avg-Last-10,0.0,0.0
AFKJUQ3TU2W4SGIRYCR4QMMHWPDQ,Recency-Weighted,0.0,0.0
AFKJUQ3TU2W4SGIRYCR4QMMHWPDQ,Essence (K=10),0.0,0.0
AFKL4NNCJDSRVRCFIRREN4QDH6MA,Random,0.0,0.0
AFKL4NNCJDSRVRCFIRREN4QDH6MA,Popularity,0.0,0.0
AFKL4NNCJDSRVRCFIRREN4QDH6MA,CF (ItemKNN),0.0,0.0
AFKL4NNCJDSRVRCFIRREN4QDH6MA,Content (Avg Emb),0.0,0.0
AFKL4NNCJDSRVRCFIRREN4QDH6MA,Last-Item,0.0,0.0
AFKL4NNCJDSRVRCFIRREN4QDH6MA,Avg-Last-10,0.0,0.0
AFKL4NNCJDSRVRCFIRREN4QDH6MA,Recency-Weighted,0.0,0.0
AFKL4NNCJDSRVRCFIRREN4QDH6MA,Essence (K=10),0.0,0.0
AFKLZ2H6RE74YF67Q4767TLYHQ3Q,Random,0.0,0.0
AFKLZ2H6RE74YF67Q4767TLYHQ3Q,Popularity,0.0,0.0
AFKLZ2H6RE74YF67Q4767TLYHQ3Q,CF (ItemKNN),0.0,0.0
AFKLZ2H6RE74YF67Q4767TLYHQ3Q,Content (Avg Emb),0.0,0.0
AFKLZ2H6RE74YF67Q4767TLYHQ3Q,Last-Item,0.0,0.0
AFKLZ2H6RE74YF67Q4767TLYHQ3Q,Avg-Last-10,0.16666666666666666,0.0
AFKLZ2H6RE74YF67Q4767TLYHQ3Q,Recency-Weighted,0.0,0.0
AFKLZ2H6RE74YF67Q4767TLYHQ3Q,Essence (K=10),0.0,0.0
AFKN42MUDRF3VLDSDMHGDSM5V5HQ,Random,0.0,0.0
AFKN42MUDRF3VLDSDMHGDSM5V5HQ,Popularity,0.0,0.0
AFKN42MUDRF3VLDSDMHGDSM5V5HQ,CF (ItemKNN),0.0,0.0
AFKN42MUDRF3VLDSDMHGDSM5V5HQ,Content (Avg Emb),0.0,0.0
AFKN42MUDRF3VLDSDMHGDSM5V5HQ,Last-Item,0.0,0.0
AFKN42MUDRF3VLDSDMHGDSM5V5HQ,Avg-Last-10,0.0,0.0
AFKN42MUDRF3VLDSDMHGDSM5V5HQ,Recency-Weighted,0.0,0.0
AFKN42MUDRF3VLDSDMHGDSM5V5HQ,Essence (K=10),0.0,0.0
AFKSKBPCWXW45MCBMMOFVW26XAIQ,Random,0.0,
AFKSKBPCWXW45MCBMMOFVW26XAIQ,Popularity,0.0,
AFKSKBPCWXW45MCBMMOFVW26XAIQ,CF (ItemKNN),0.0,
AFKSKBPCWXW45MCBMMOFVW26XAIQ,Content (Avg Emb),0.4,
AFKSKBPCWXW45MCBMMOFVW26XAIQ,Last-Item,0.0,
AFKSKBPCWXW45MCBMMOFVW26XAIQ,Avg-Last-10,0.4,
AFKSKBPCWXW45MCBMMOFVW26XAIQ,Recency-Weighted,0.4,
AFKSKBPCWXW45MCBMMOFVW26XAIQ,Essence (K=10),0.2,
AFKUYJ4D7OZT4YPDFAGQ7CKY7G5A,Random,0.0,0.0
AFKUYJ4D7OZT4YPDFAGQ7CKY7G5A,Popularity,0.0,0.0
AFKUYJ4D7OZT4YPDFAGQ7CKY7G5A,CF (ItemKNN),0.1111111111111111,1.0
AFKUYJ4D7OZT4YPDFAGQ7CKY7G5A,Content (Avg Emb),0.0,0.0
AFKUYJ4D7OZT4YPDFAGQ7CKY7G5A,Last-Item,0.0,0.0
AFKUYJ4D7OZT4YPDFAGQ7CKY7G5A,Avg-Last-10,0.0,0.0
AFKUYJ4D7OZT4YPDFAGQ7CKY7G5A,Recency-Weighted,0.0,0.0
AFKUYJ4D7OZT4YPDFAGQ7CKY7G5A,Essence (K=10),0.0,0.0
AFKX6T4CODZEQ5PYGDGFHF7B6K5A,Random,0.0,
AFKX6T4CODZEQ5PYGDGFHF7B6K5A,Popularity,0.0,
AFKX6T4CODZEQ5PYGDGFHF7B6K5A,CF (ItemKNN),0.0,
AFKX6T4CODZEQ5PYGDGFHF7B6K5A,Content (Avg Emb),0.0,
AFKX6T4CODZEQ5PYGDGFHF7B6K5A,Last-Item,0.0,
AFKX6T4CODZEQ5PYGDGFHF7B6K5A,Avg-Last-10,0.16666666666666666,
AFKX6T4CODZEQ5PYGDGFHF7B6K5A,Recency-Weighted,0.0,
AFKX6T4CODZEQ5PYGDGFHF7B6K5A,Essence (K=10),0.0,
AFL23JWQA7NGLYNOTXJXGDMITTXA,Random,0.0,0.0
AFL23JWQA7NGLYNOTXJXGDMITTXA,Popularity,0.0,0.0
AFL23JWQA7NGLYNOTXJXGDMITTXA,CF (ItemKNN),0.0,0.0
AFL23JWQA7NGLYNOTXJXGDMITTXA,Content (Avg Emb),0.0,0.0
AFL23JWQA7NGLYNOTXJXGDMITTXA,Last-Item,0.0,0.0
AFL23JWQA7NGLYNOTXJXGDMITTXA,Avg-Last-10,0.0,0.0
AFL23JWQA7NGLYNOTXJXGDMITTXA,Recency-Weighted,0.0,0.0
AFL23JWQA7NGLYNOTXJXGDMITTXA,Essence (K=10),0.0,0.0
AFL3UAOHGGI2DRSA7WXIJ57BWRVQ,Random,0.0,0.0
AFL3UAOHGGI2DRSA7WXIJ57BWRVQ,Popularity,0.0,0.0
AFL3UAOHGGI2DRSA7WXIJ57BWRVQ,CF (ItemKNN),0.0,0.0
AFL3UAOHGGI2DRSA7WXIJ57BWRVQ,Content (Avg Emb),0.0,0.0
AFL3UAOHGGI2DRSA7WXIJ57BWRVQ,Last-Item,0.0,0.0
AFL3UAOHGGI2DRSA7WXIJ57BWRVQ,Avg-Last-10,0.0,0.0
AFL3UAOHGGI2DRSA7WXIJ57BWRVQ,Recency-Weighted,0.0,0.0
AFL3UAOHGGI2DRSA7WXIJ57BWRVQ,Essence (K=10),0.0,0.0
AFL4QHPJFMZFSHXUCGHTS3MNKBLA,Random,0.0,
AFL4QHPJFMZFSHXUCGHTS3MNKBLA,Popularity,0.0,
AFL4QHPJFMZFSHXUCGHTS3MNKBLA,CF (ItemKNN),0.0,
AFL4QHPJFMZFSHXUCGHTS3MNKBLA,Content (Avg Emb),0.0,
AFL4QHPJFMZFSHXUCGHTS3MNKBLA,Last-Item,0.0,
AFL4QHPJFMZFSHXUCGHTS3MNKBLA,Avg-Last-10,0.0,
AFL4QHPJFMZFSHXUCGHTS3MNKBLA,Recency-Weighted,0.0,
AFL4QHPJFMZFSHXUCGHTS3MNKBLA,Essence (K=10),0.0,
AFL75C4H3HH5S3TXKY6ABI6AH7AA,Random,0.0,0.0
AFL75C4H3HH5S3TXKY6ABI6AH7AA,Popularity,0.0,0.0
AFL75C4H3HH5S3TXKY6ABI6AH7AA,CF (ItemKNN),0.0,0.0
AFL75C4H3HH5S3TXKY6ABI6AH7AA,Content (Avg Emb),0.0,0.0
AFL75C4H3HH5S3TXKY6ABI6AH7AA,Last-Item,0.0,0.0
AFL75C4H3HH5S3TXKY6ABI6AH7AA,Avg-Last-10,0.0,0.0
AFL75C4H3HH5S3TXKY6ABI6AH7AA,Recency-Weighted,0.0,0.0
AFL75C4H3HH5S3TXKY6ABI6AH7AA,Essence (K=10),0.0,0.0
AFL7TOAW7EG2CFWWIFZGCKMLHVYQ,Random,0.0,
AFL7TOAW7EG2CFWWIFZGCKMLHVYQ,Popularity,0.0,
AFL7TOAW7EG2CFWWIFZGCKMLHVYQ,CF (ItemKNN),0.0,
AFL7TOAW7EG2CFWWIFZGCKMLHVYQ,Content (Avg Emb),0.0,
AFL7TOAW7EG2CFWWIFZGCKMLHVYQ,Last-Item,0.0,
AFL7TOAW7EG2CFWWIFZGCKMLHVYQ,Avg-Last-10,0.0,
AFL7TOAW7EG2CFWWIFZGCKMLHVYQ,Recency-Weighted,0.0,
AFL7TOAW7EG2CFWWIFZGCKMLHVYQ,Essence (K=10),0.0,
AFLA7A3NUZHXV3GH2BEHZSU6EUIA,Random,0.0,0.0
AFLA7A3NUZHXV3GH2BEHZSU6EUIA,Popularity,0.0,0.0
AFLA7A3NUZHXV3GH2BEHZSU6EUIA,CF (ItemKNN),0.0,0.0
AFLA7A3NUZHXV3GH2BEHZSU6EUIA,Content (Avg Emb),0.4,0.0
AFLA7A3NUZHXV3GH2BEHZSU6EUIA,Last-Item,0.2,0.0
AFLA7A3NUZHXV3GH2BEHZSU6EUIA,Avg-Last-10,0.4,0.0
AFLA7A3NUZHXV3GH2BEHZSU6EUIA,Recency-Weighted,0.4,0.0
AFLA7A3NUZHXV3GH2BEHZSU6EUIA,Essence (K=10),0.2,0.0
AFLAX7O6XNCYLOYR5RSAWMH46ZPQ,Random,0.0,0.0
AFLAX7O6XNCYLOYR5RSAWMH46ZPQ,Popularity,0.0,0.0
AFLAX7O6XNCYLOYR5RSAWMH46ZPQ,CF (ItemKNN),0.0,0.0
AFLAX7O6XNCYLOYR5RSAWMH46ZPQ,Content (Avg Emb),0.0,0.0
AFLAX7O6XNCYLOYR5RSAWMH46ZPQ,Last-Item,0.0,0.0
AFLAX7O6XNCYLOYR5RSAWMH46ZPQ,Avg-Last-10,0.0,0.0
AFLAX7O6XNCYLOYR5RSAWMH46ZPQ,Recency-Weighted,0.0,0.0
AFLAX7O6XNCYLOYR5RSAWMH46ZPQ,Essence (K=10),0.0,0.0
AFLGINDB6PJ2HFPHAESCIYMHOHQA,Random,0.0,0.0
AFLGINDB6PJ2HFPHAESCIYMHOHQA,Popularity,0.0,0.0
AFLGINDB6PJ2HFPHAESCIYMHOHQA,CF (ItemKNN),0.0,0.0
AFLGINDB6PJ2HFPHAESCIYMHOHQA,Content (Avg Emb),0.0,0.0
AFLGINDB6PJ2HFPHAESCIYMHOHQA,Last-Item,0.0,0.0
AFLGINDB6PJ2HFPHAESCIYMHOHQA,Avg-Last-10,0.0,0.0
AFLGINDB6PJ2HFPHAESCIYMHOHQA,Recency-Weighted,0.0,0.0
AFLGINDB6PJ2HFPHAESCIYMHOHQA,Essence (K=10),0.0,0.0
AFLJEEDUKQFLOQF6HVEYFNXDH66A,Random,0.0,0.0
AFLJEEDUKQFLOQF6HVEYFNXDH66A,Popularity,0.0,0.0
AFLJEEDUKQFLOQF6HVEYFNXDH66A,CF (ItemKNN),0.0,0.0
AFLJEEDUKQFLOQF6HVEYFNXDH66A,Content (Avg Emb),0.0,0.0
AFLJEEDUKQFLOQF6HVEYFNXDH66A,Last-Item,0.0,0.0
AFLJEEDUKQFLOQF6HVEYFNXDH66A,Avg-Last-10,0.0,0.0
AFLJEEDUKQFLOQF6HVEYFNXDH66A,Recency-Weighted,0.0,0.0
AFLJEEDUKQFLOQF6HVEYFNXDH66A,Essence (K=10),0.0,0.0
AFLKSCZWWJFUEKY7Y5W5KX4AGQ3A,Random,0.0,
AFLKSCZWWJFUEKY7Y5W5KX4AGQ3A,Popularity,0.0,
AFLKSCZWWJFUEKY7Y5W5KX4AGQ3A,CF (ItemKNN),0.0,
AFLKSCZWWJFUEKY7Y5W5KX4AGQ3A,Content (Avg Emb),0.0,
AFLKSCZWWJFUEKY7Y5W5KX4AGQ3A,Last-Item,0.0,
AFLKSCZWWJFUEKY7Y5W5KX4AGQ3A,Avg-Last-10,0.16666666666666666,
AFLKSCZWWJFUEKY7Y5W5KX4AGQ3A,Recency-Weighted,0.16666666666666666,
AFLKSCZWWJFUEKY7Y5W5KX4AGQ3A,Essence (K=10),0.16666666666666666,
AFLMOVIEQOF77KF7PA27ELLQ5XQA,Random,0.0,0.0
AFLMOVIEQOF77KF7PA27ELLQ5XQA,Popularity,0.0,0.0
AFLMOVIEQOF77KF7PA27ELLQ5XQA,CF (ItemKNN),0.0,0.0
AFLMOVIEQOF77KF7PA27ELLQ5XQA,Content (Avg Emb),0.0,0.0
AFLMOVIEQOF77KF7PA27ELLQ5XQA,Last-Item,0.0,0.0
AFLMOVIEQOF77KF7PA27ELLQ5XQA,Avg-Last-10,0.0,0.0
AFLMOVIEQOF77KF7PA27ELLQ5XQA,Recency-Weighted,0.0,0.0
AFLMOVIEQOF77KF7PA27ELLQ5XQA,Essence (K=10),0.0,0.0
AFLQE6XTZUZWVGWJOGRSGYYHSZIQ,Random,0.0,
AFLQE6XTZUZWVGWJOGRSGYYHSZIQ,Popularity,0.0,
AFLQE6XTZUZWVGWJOGRSGYYHSZIQ,CF (ItemKNN),0.0,
AFLQE6XTZUZWVGWJOGRSGYYHSZIQ,Content (Avg Emb),0.0,
AFLQE6XTZUZWVGWJOGRSGYYHSZIQ,Last-Item,0.0,
AFLQE6XTZUZWVGWJOGRSGYYHSZIQ,Avg-Last-10,0.0,
AFLQE6XTZUZWVGWJOGRSGYYHSZIQ,Recency-Weighted,0.0,
AFLQE6XTZUZWVGWJOGRSGYYHSZIQ,Essence (K=10),0.0,
AFLUVB7A3SQH26LKMBP5LKMO7KZA,Random,0.0,0.0
AFLUVB7A3SQH26LKMBP5LKMO7KZA,Popularity,0.0,0.0
AFLUVB7A3SQH26LKMBP5LKMO7KZA,CF (ItemKNN),0.0,0.0
AFLUVB7A3SQH26LKMBP5LKMO7KZA,Content (Avg Emb),0.0,0.0
AFLUVB7A3SQH26LKMBP5LKMO7KZA,Last-Item,0.0,0.0
AFLUVB7A3SQH26LKMBP5LKMO7KZA,Avg-Last-10,0.0,0.0
AFLUVB7A3SQH26LKMBP5LKMO7KZA,Recency-Weighted,0.0,0.0
AFLUVB7A3SQH26LKMBP5LKMO7KZA,Essence (K=10),0.0,0.0
AFLW6FXQMVUGOQVWIT6CXX3LMQZA,Random,0.0,
AFLW6FXQMVUGOQVWIT6CXX3LMQZA,Popularity,0.0,
AFLW6FXQMVUGOQVWIT6CXX3LMQZA,CF (ItemKNN),0.0,
AFLW6FXQMVUGOQVWIT6CXX3LMQZA,Content (Avg Emb),0.0,
AFLW6FXQMVUGOQVWIT6CXX3LMQZA,Last-Item,0.0,
AFLW6FXQMVUGOQVWIT6CXX3LMQZA,Avg-Last-10,0.0,
AFLW6FXQMVUGOQVWIT6CXX3LMQZA,Recency-Weighted,0.0,
AFLW6FXQMVUGOQVWIT6CXX3LMQZA,Essence (K=10),0.0,
AFLYVVD5HCJGZOJ4SHYEBUHFHOKA,Random,0.0,0.0
AFLYVVD5HCJGZOJ4SHYEBUHFHOKA,Popularity,0.0,0.0
AFLYVVD5HCJGZOJ4SHYEBUHFHOKA,CF (ItemKNN),0.0,0.0
AFLYVVD5HCJGZOJ4SHYEBUHFHOKA,Content (Avg Emb),0.0,0.0
AFLYVVD5HCJGZOJ4SHYEBUHFHOKA,Last-Item,0.0,0.0
AFLYVVD5HCJGZOJ4SHYEBUHFHOKA,Avg-Last-10,0.0,0.0
AFLYVVD5HCJGZOJ4SHYEBUHFHOKA,Recency-Weighted,0.0,0.0
AFLYVVD5HCJGZOJ4SHYEBUHFHOKA,Essence (K=10),0.0,0.0
AFLYW5UTJ2UMFHAJTFMUHYXBTPAA,Random,0.0,0.0
AFLYW5UTJ2UMFHAJTFMUHYXBTPAA,Popularity,0.0,0.0
AFLYW5UTJ2UMFHAJTFMUHYXBTPAA,CF (ItemKNN),0.0,0.0
AFLYW5UTJ2UMFHAJTFMUHYXBTPAA,Content (Avg Emb),0.0,0.0
AFLYW5UTJ2UMFHAJTFMUHYXBTPAA,Last-Item,0.0,0.0
AFLYW5UTJ2UMFHAJTFMUHYXBTPAA,Avg-Last-10,0.0,0.0
AFLYW5UTJ2UMFHAJTFMUHYXBTPAA,Recency-Weighted,0.0,0.0
AFLYW5UTJ2UMFHAJTFMUHYXBTPAA,Essence (K=10),0.2,0.0
AFM2CTFXQRBH7IA6IMXY5J6FTLIQ,Random,0.0,
AFM2CTFXQRBH7IA6IMXY5J6FTLIQ,Popularity,0.0,
AFM2CTFXQRBH7IA6IMXY5J6FTLIQ,CF (ItemKNN),0.0,
AFM2CTFXQRBH7IA6IMXY5J6FTLIQ,Content (Avg Emb),0.0,
AFM2CTFXQRBH7IA6IMXY5J6FTLIQ,Last-Item,0.2,
AFM2CTFXQRBH7IA6IMXY5J6FTLIQ,Avg-Last-10,0.0,
AFM2CTFXQRBH7IA6IMXY5J6FTLIQ,Recency-Weighted,0.2,
AFM2CTFXQRBH7IA6IMXY5J6FTLIQ,Essence (K=10),0.0,
AFM3B6PPBYJ3GOVVMBP6JKCS3HGQ,Random,0.0,
AFM3B6PPBYJ3GOVVMBP6JKCS3HGQ,Popularity,0.0,
AFM3B6PPBYJ3GOVVMBP6JKCS3HGQ,CF (ItemKNN),0.0,
AFM3B6PPBYJ3GOVVMBP6JKCS3HGQ,Content (Avg Emb),0.0,
AFM3B6PPBYJ3GOVVMBP6JKCS3HGQ,Last-Item,0.0,
AFM3B6PPBYJ3GOVVMBP6JKCS3HGQ,Avg-Last-10,0.0,
AFM3B6PPBYJ3GOVVMBP6JKCS3HGQ,Recency-Weighted,0.0,
AFM3B6PPBYJ3GOVVMBP6JKCS3HGQ,Essence (K=10),0.0,
AFM44A3QEYJEBACSAZMTFLGRBGNQ,Random,0.0,
AFM44A3QEYJEBACSAZMTFLGRBGNQ,Popularity,0.0,
AFM44A3QEYJEBACSAZMTFLGRBGNQ,CF (ItemKNN),0.0,
AFM44A3QEYJEBACSAZMTFLGRBGNQ,Content (Avg Emb),0.0,
AFM44A3QEYJEBACSAZMTFLGRBGNQ,Last-Item,0.0,
AFM44A3QEYJEBACSAZMTFLGRBGNQ,Avg-Last-10,0.0,
AFM44A3QEYJEBACSAZMTFLGRBGNQ,Recency-Weighted,0.0,
AFM44A3QEYJEBACSAZMTFLGRBGNQ,Essence (K=10),0.0,
AFM4U7V3AI7QWHGA2TWND5LPCP5Q,Random,0.0,
AFM4U7V3AI7QWHGA2TWND5LPCP5Q,Popularity,0.0,
AFM4U7V3AI7QWHGA2TWND5LPCP5Q,CF (ItemKNN),0.0,
AFM4U7V3AI7QWHGA2TWND5LPCP5Q,Content (Avg Emb),0.0,
AFM4U7V3AI7QWHGA2TWND5LPCP5Q,Last-Item,0.0,
AFM4U7V3AI7QWHGA2TWND5LPCP5Q,Avg-Last-10,0.0,
AFM4U7V3AI7QWHGA2TWND5LPCP5Q,Recency-Weighted,0.0,
AFM4U7V3AI7QWHGA2TWND5LPCP5Q,Essence (K=10),0.0,
AFMBJLRWUEW7GFMIFESY3M72I73A,Random,0.0,0.0
AFMBJLRWUEW7GFMIFESY3M72I73A,Popularity,0.0,0.0
AFMBJLRWUEW7GFMIFESY3M72I73A,CF (ItemKNN),0.0,0.0
AFMBJLRWUEW7GFMIFESY3M72I73A,Content (Avg Emb),0.0,0.0
AFMBJLRWUEW7GFMIFESY3M72I73A,Last-Item,0.0,0.0
AFMBJLRWUEW7GFMIFESY3M72I73A,Avg-Last-10,0.0,0.0
AFMBJLRWUEW7GFMIFESY3M72I73A,Recency-Weighted,0.0,0.0
AFMBJLRWUEW7GFMIFESY3M72I73A,Essence (K=10),0.0,0.0
AFMBROKUVPFSPVOJWED5YSQPKILQ,Random,0.0,
AFMBROKUVPFSPVOJWED5YSQPKILQ,Popularity,0.0,
AFMBROKUVPFSPVOJWED5YSQPKILQ,CF (ItemKNN),0.0,
AFMBROKUVPFSPVOJWED5YSQPKILQ,Content (Avg Emb),0.0,
AFMBROKUVPFSPVOJWED5YSQPKILQ,Last-Item,0.0,
AFMBROKUVPFSPVOJWED5YSQPKILQ,Avg-Last-10,0.0,
AFMBROKUVPFSPVOJWED5YSQPKILQ,Recency-Weighted,0.0,
AFMBROKUVPFSPVOJWED5YSQPKILQ,Essence (K=10),0.0,
AFMBXTGWFJVX666RWOJWJ2CHUGCQ,Random,0.0,
AFMBXTGWFJVX666RWOJWJ2CHUGCQ,Popularity,0.0,
AFMBXTGWFJVX666RWOJWJ2CHUGCQ,CF (ItemKNN),0.0,
AFMBXTGWFJVX666RWOJWJ2CHUGCQ,Content (Avg Emb),0.0,
AFMBXTGWFJVX666RWOJWJ2CHUGCQ,Last-Item,0.0,
AFMBXTGWFJVX666RWOJWJ2CHUGCQ,Avg-Last-10,0.0,
AFMBXTGWFJVX666RWOJWJ2CHUGCQ,Recency-Weighted,0.0,
AFMBXTGWFJVX666RWOJWJ2CHUGCQ,Essence (K=10),0.0,
AFMC3IZ2ETRU5XXODXMC5ADYZFBA,Random,0.0,0.0
AFMC3IZ2ETRU5XXODXMC5ADYZFBA,Popularity,0.0,0.0
AFMC3IZ2ETRU5XXODXMC5ADYZFBA,CF (ItemKNN),0.0,0.0
AFMC3IZ2ETRU5XXODXMC5ADYZFBA,Content (Avg Emb),0.0,0.0
AFMC3IZ2ETRU5XXODXMC5ADYZFBA,Last-Item,0.0,0.0
AFMC3IZ2ETRU5XXODXMC5ADYZFBA,Avg-Last-10,0.0,0.0
AFMC3IZ2ETRU5XXODXMC5ADYZFBA,Recency-Weighted,0.0,0.0
AFMC3IZ2ETRU5XXODXMC5ADYZFBA,Essence (K=10),0.0,0.0
AFMFHWUQYNU7XHX56AU7NNNDKWRQ,Random,0.0,0.0
AFMFHWUQYNU7XHX56AU7NNNDKWRQ,Popularity,0.0,0.0
AFMFHWUQYNU7XHX56AU7NNNDKWRQ,CF (ItemKNN),0.0,0.0
AFMFHWUQYNU7XHX56AU7NNNDKWRQ,Content (Avg Emb),0.0,0.0
AFMFHWUQYNU7XHX56AU7NNNDKWRQ,Last-Item,0.0,0.0
AFMFHWUQYNU7XHX56AU7NNNDKWRQ,Avg-Last-10,0.0,0.0
AFMFHWUQYNU7XHX56AU7NNNDKWRQ,Recency-Weighted,0.0,0.0
AFMFHWUQYNU7XHX56AU7NNNDKWRQ,Essence (K=10),0.0,0.0
AFMMRE56NRM2VESZUWPFYHJSJ45Q,Random,0.0,0.0
AFMMRE56NRM2VESZUWPFYHJSJ45Q,Popularity,0.0,0.0
AFMMRE56NRM2VESZUWPFYHJSJ45Q,CF (ItemKNN),0.0,0.0
AFMMRE56NRM2VESZUWPFYHJSJ45Q,Content (Avg Emb),0.0,0.0
AFMMRE56NRM2VESZUWPFYHJSJ45Q,Last-Item,0.0,0.0
AFMMRE56NRM2VESZUWPFYHJSJ45Q,Avg-Last-10,0.0,0.0
AFMMRE56NRM2VESZUWPFYHJSJ45Q,Recency-Weighted,0.0,0.0
AFMMRE56NRM2VESZUWPFYHJSJ45Q,Essence (K=10),0.0,0.0
AFMQJGIN4LUY46LHUMVX7MV55UVQ,Random,0.0,0.0
AFMQJGIN4LUY46LHUMVX7MV55UVQ,Popularity,0.0,0.0
AFMQJGIN4LUY46LHUMVX7MV55UVQ,CF (ItemKNN),0.0,0.0
AFMQJGIN4LUY46LHUMVX7MV55UVQ,Content (Avg Emb),0.0,0.0
AFMQJGIN4LUY46LHUMVX7MV55UVQ,Last-Item,0.0,0.0
AFMQJGIN4LUY46LHUMVX7MV55UVQ,Avg-Last-10,0.0,0.0
AFMQJGIN4LUY46LHUMVX7MV55UVQ,Recency-Weighted,0.0,0.0
AFMQJGIN4LUY46LHUMVX7MV55UVQ,Essence (K=10),0.0,0.0
AFMQRAQ6V2T7JG4M4GHPIK32RDXQ,Random,0.0,0.0
AFMQRAQ6V2T7JG4M4GHPIK32RDXQ,Popularity,0.0,0.0
AFMQRAQ6V2T7JG4M4GHPIK32RDXQ,CF (ItemKNN),0.0,0.0
AFMQRAQ6V2T7JG4M4GHPIK32RDXQ,Content (Avg Emb),0.0,0.0
AFMQRAQ6V2T7JG4M4GHPIK32RDXQ,Last-Item,0.0,0.0
AFMQRAQ6V2T7JG4M4GHPIK32RDXQ,Avg-Last-10,0.0,0.0
AFMQRAQ6V2T7JG4M4GHPIK32RDXQ,Recency-Weighted,0.0,0.0
AFMQRAQ6V2T7JG4M4GHPIK32RDXQ,Essence (K=10),0.0,0.0
AFMVE2BGBYR3KWCWIYQHIEP5MZ6Q,Random,0.0,0.0
AFMVE2BGBYR3KWCWIYQHIEP5MZ6Q,Popularity,0.0,0.0
AFMVE2BGBYR3KWCWIYQHIEP5MZ6Q,CF (ItemKNN),0.0,0.0
AFMVE2BGBYR3KWCWIYQHIEP5MZ6Q,Content (Avg Emb),0.0,0.0
AFMVE2BGBYR3KWCWIYQHIEP5MZ6Q,Last-Item,0.0,0.0
AFMVE2BGBYR3KWCWIYQHIEP5MZ6Q,Avg-Last-10,0.0,0.0
AFMVE2BGBYR3KWCWIYQHIEP5MZ6Q,Recency-Weighted,0.0,0.0
AFMVE2BGBYR3KWCWIYQHIEP5MZ6Q,Essence (K=10),0.0,0.0
AFMWK2RRTBPCR7EZGV4JDW4TUCFQ,Random,0.0,
AFMWK2RRTBPCR7EZGV4JDW4TUCFQ,Popularity,0.0,
AFMWK2RRTBPCR7EZGV4JDW4TUCFQ,CF (ItemKNN),0.0,
AFMWK2RRTBPCR7EZGV4JDW4TUCFQ,Content (Avg Emb),0.0,
AFMWK2RRTBPCR7EZGV4JDW4TUCFQ,Last-Item,0.0,
AFMWK2RRTBPCR7EZGV4JDW4TUCFQ,Avg-Last-10,0.0,
AFMWK2RRTBPCR7EZGV4JDW4TUCFQ,Recency-Weighted,0.0,
AFMWK2RRTBPCR7EZGV4JDW4TUCFQ,Essence (K=10),0.0,
AFMWNCAZFMEDGOGQ3K2IMOYG2CUQ,Random,0.0,
AFMWNCAZFMEDGOGQ3K2IMOYG2CUQ,Popularity,0.0,
AFMWNCAZFMEDGOGQ3K2IMOYG2CUQ,CF (ItemKNN),0.0,
AFMWNCAZFMEDGOGQ3K2IMOYG2CUQ,Content (Avg Emb),0.0,
AFMWNCAZFMEDGOGQ3K2IMOYG2CUQ,Last-Item,0.25,
AFMWNCAZFMEDGOGQ3K2IMOYG2CUQ,Avg-Last-10,0.0,
AFMWNCAZFMEDGOGQ3K2IMOYG2CUQ,Recency-Weighted,0.0,
AFMWNCAZFMEDGOGQ3K2IMOYG2CUQ,Essence (K=10),0.0,
AFMYYYO5OQMUNTP7OCFDC7FQ6UCA,Random,0.0,
AFMYYYO5OQMUNTP7OCFDC7FQ6UCA,Popularity,0.0,
AFMYYYO5OQMUNTP7OCFDC7FQ6UCA,CF (ItemKNN),0.0,
AFMYYYO5OQMUNTP7OCFDC7FQ6UCA,Content (Avg Emb),0.0,
AFMYYYO5OQMUNTP7OCFDC7FQ6UCA,Last-Item,0.0,
AFMYYYO5OQMUNTP7OCFDC7FQ6UCA,Avg-Last-10,0.0,
AFMYYYO5OQMUNTP7OCFDC7FQ6UCA,Recency-Weighted,0.0,
AFMYYYO5OQMUNTP7OCFDC7FQ6UCA,Essence (K=10),0.0,
AFN42XC7GL5BKP7IJKWCY43MKD4A,Random,0.0,0.0
AFN42XC7GL5BKP7IJKWCY43MKD4A,Popularity,0.0,0.0
AFN42XC7GL5BKP7IJKWCY43MKD4A,CF (ItemKNN),0.0,0.0
AFN42XC7GL5BKP7IJKWCY43MKD4A,Content (Avg Emb),0.25,0.3333333333333333
AFN42XC7GL5BKP7IJKWCY43MKD4A,Last-Item,0.0,0.0
AFN42XC7GL5BKP7IJKWCY43MKD4A,Avg-Last-10,0.25,0.3333333333333333
AFN42XC7GL5BKP7IJKWCY43MKD4A,Recency-Weighted,0.25,0.3333333333333333
AFN42XC7GL5BKP7IJKWCY43MKD4A,Essence (K=10),0.25,0.3333333333333333
AFN6LKT2AUQ2KWRZB23SL6T5EKJQ,Random,0.0,
AFN6LKT2AUQ2KWRZB23SL6T5EKJQ,Popularity,0.0,
AFN6LKT2AUQ2KWRZB23SL6T5EKJQ,CF (ItemKNN),0.0,
AFN6LKT2AUQ2KWRZB23SL6T5EKJQ,Content (Avg Emb),0.0,
AFN6LKT2AUQ2KWRZB23SL6T5EKJQ,Last-Item,0.4,
AFN6LKT2AUQ2KWRZB23SL6T5EKJQ,Avg-Last-10,0.0,
AFN6LKT2AUQ2KWRZB23SL6T5EKJQ,Recency-Weighted,0.0,
AFN6LKT2AUQ2KWRZB23SL6T5EKJQ,Essence (K=10),0.0,
AFN7675R4GNWGGWJXLV63MLHNMJQ,Random,0.0,
AFN7675R4GNWGGWJXLV63MLHNMJQ,Popularity,0.0,
AFN7675R4GNWGGWJXLV63MLHNMJQ,CF (ItemKNN),0.0,
AFN7675R4GNWGGWJXLV63MLHNMJQ,Content (Avg Emb),0.1111111111111111,
AFN7675R4GNWGGWJXLV63MLHNMJQ,Last-Item,0.0,
AFN7675R4GNWGGWJXLV63MLHNMJQ,Avg-Last-10,0.2222222222222222,
AFN7675R4GNWGGWJXLV63MLHNMJQ,Recency-Weighted,0.1111111111111111,
AFN7675R4GNWGGWJXLV63MLHNMJQ,Essence (K=10),0.2222222222222222,
AFNAA7WMBLSIUBLMHSDE6SU6OPCA,Random,0.0,
AFNAA7WMBLSIUBLMHSDE6SU6OPCA,Popularity,0.0,
AFNAA7WMBLSIUBLMHSDE6SU6OPCA,CF (ItemKNN),0.0,
AFNAA7WMBLSIUBLMHSDE6SU6OPCA,Content (Avg Emb),0.0,
AFNAA7WMBLSIUBLMHSDE6SU6OPCA,Last-Item,0.2,
AFNAA7WMBLSIUBLMHSDE6SU6OPCA,Avg-Last-10,0.0,
AFNAA7WMBLSIUBLMHSDE6SU6OPCA,Recency-Weighted,0.0,
AFNAA7WMBLSIUBLMHSDE6SU6OPCA,Essence (K=10),0.0,
AFNBFEHHWEC4KHEZJW2JOIU2ABHQ,Random,0.0,0.0
AFNBFEHHWEC4KHEZJW2JOIU2ABHQ,Popularity,0.0,0.0
AFNBFEHHWEC4KHEZJW2JOIU2ABHQ,CF (ItemKNN),0.0,0.0
AFNBFEHHWEC4KHEZJW2JOIU2ABHQ,Content (Avg Emb),0.0,0.0
AFNBFEHHWEC4KHEZJW2JOIU2ABHQ,Last-Item,0.0,0.0
AFNBFEHHWEC4KHEZJW2JOIU2ABHQ,Avg-Last-10,0.0,0.0
AFNBFEHHWEC4KHEZJW2JOIU2ABHQ,Recency-Weighted,0.0,0.0
AFNBFEHHWEC4KHEZJW2JOIU2ABHQ,Essence (K=10),0.0,0.0
AFNBUTO634MBO3TPCY2NYBSEFNQA,Random,0.0,0.0
AFNBUTO634MBO3TPCY2NYBSEFNQA,Popularity,0.0,0.0
AFNBUTO634MBO3TPCY2NYBSEFNQA,CF (ItemKNN),0.0,0.0
AFNBUTO634MBO3TPCY2NYBSEFNQA,Content (Avg Emb),0.0,0.0
AFNBUTO634MBO3TPCY2NYBSEFNQA,Last-Item,0.0,0.0
AFNBUTO634MBO3TPCY2NYBSEFNQA,Avg-Last-10,0.0,0.0
AFNBUTO634MBO3TPCY2NYBSEFNQA,Recency-Weighted,0.0,0.0
AFNBUTO634MBO3TPCY2NYBSEFNQA,Essence (K=10),0.0,0.0
AFNDNOCTD2GTDNO4NUDEWP7AIHNQ,Random,0.0,0.0
AFNDNOCTD2GTDNO4NUDEWP7AIHNQ,Popularity,0.0,0.0
AFNDNOCTD2GTDNO4NUDEWP7AIHNQ,CF (ItemKNN),0.0,0.0
AFNDNOCTD2GTDNO4NUDEWP7AIHNQ,Content (Avg Emb),0.0,0.0
AFNDNOCTD2GTDNO4NUDEWP7AIHNQ,Last-Item,0.0,0.0
AFNDNOCTD2GTDNO4NUDEWP7AIHNQ,Avg-Last-10,0.0,0.0
AFNDNOCTD2GTDNO4NUDEWP7AIHNQ,Recency-Weighted,0.0,0.0
AFNDNOCTD2GTDNO4NUDEWP7AIHNQ,Essence (K=10),0.0,0.0
AFNF5TBXKN4KKQDSMVXX6KGSAAWA,Random,0.0,
AFNF5TBXKN4KKQDSMVXX6KGSAAWA,Popularity,0.0,
AFNF5TBXKN4KKQDSMVXX6KGSAAWA,CF (ItemKNN),0.0,
AFNF5TBXKN4KKQDSMVXX6KGSAAWA,Content (Avg Emb),0.0,
AFNF5TBXKN4KKQDSMVXX6KGSAAWA,Last-Item,0.0,
AFNF5TBXKN4KKQDSMVXX6KGSAAWA,Avg-Last-10,0.0,
AFNF5TBXKN4KKQDSMVXX6KGSAAWA,Recency-Weighted,0.0,
AFNF5TBXKN4KKQDSMVXX6KGSAAWA,Essence (K=10),0.0,
AFNHXTHM4NHZY67FT37OLERZTKTA,Random,0.0,0.0
AFNHXTHM4NHZY67FT37OLERZTKTA,Popularity,0.0,0.0
AFNHXTHM4NHZY67FT37OLERZTKTA,CF (ItemKNN),0.0,0.0
AFNHXTHM4NHZY67FT37OLERZTKTA,Content (Avg Emb),0.0,0.0
AFNHXTHM4NHZY67FT37OLERZTKTA,Last-Item,0.0,0.0
AFNHXTHM4NHZY67FT37OLERZTKTA,Avg-Last-10,0.0,0.0
AFNHXTHM4NHZY67FT37OLERZTKTA,Recency-Weighted,0.0,0.0
AFNHXTHM4NHZY67FT37OLERZTKTA,Essence (K=10),0.0,0.0
AFNK3T3NLHIWIZH4AHLCQSFNORWA,Random,0.0,
AFNK3T3NLHIWIZH4AHLCQSFNORWA,Popularity,0.0,
AFNK3T3NLHIWIZH4AHLCQSFNORWA,CF (ItemKNN),0.0,
AFNK3T3NLHIWIZH4AHLCQSFNORWA,Content (Avg Emb),0.0,
AFNK3T3NLHIWIZH4AHLCQSFNORWA,Last-Item,0.16666666666666666,
AFNK3T3NLHIWIZH4AHLCQSFNORWA,Avg-Last-10,0.3333333333333333,
AFNK3T3NLHIWIZH4AHLCQSFNORWA,Recency-Weighted,0.3333333333333333,
AFNK3T3NLHIWIZH4AHLCQSFNORWA,Essence (K=10),0.3333333333333333,
AFNO5Y37YOZBXVEYGCPAHOXAK5VQ,Random,0.0,0.0
AFNO5Y37YOZBXVEYGCPAHOXAK5VQ,Popularity,0.0,0.0
AFNO5Y37YOZBXVEYGCPAHOXAK5VQ,CF (ItemKNN),0.0,0.0
AFNO5Y37YOZBXVEYGCPAHOXAK5VQ,Content (Avg Emb),0.4,1.0
AFNO5Y37YOZBXVEYGCPAHOXAK5VQ,Last-Item,0.4,1.0
AFNO5Y37YOZBXVEYGCPAHOXAK5VQ,Avg-Last-10,0.4,1.0
AFNO5Y37YOZBXVEYGCPAHOXAK5VQ,Recency-Weighted,0.4,1.0
AFNO5Y37YOZBXVEYGCPAHOXAK5VQ,Essence (K=10),0.4,1.0
AFNQNOSC523JPSS43IBIRSMYEMYA,Random,0.0,
AFNQNOSC523JPSS43IBIRSMYEMYA,Popularity,0.0,
AFNQNOSC523JPSS43IBIRSMYEMYA,CF (ItemKNN),0.0,
AFNQNOSC523JPSS43IBIRSMYEMYA,Content (Avg Emb),0.0,
AFNQNOSC523JPSS43IBIRSMYEMYA,Last-Item,0.0,
AFNQNOSC523JPSS43IBIRSMYEMYA,Avg-Last-10,0.0,
AFNQNOSC523JPSS43IBIRSMYEMYA,Recency-Weighted,0.0,
AFNQNOSC523JPSS43IBIRSMYEMYA,Essence (K=10),0.0,
AFNRCLGLGHTH2OZCCXJUXYUGQLUA,Random,0.0,0.0
AFNRCLGLGHTH2OZCCXJUXYUGQLUA,Popularity,0.0,0.0
AFNRCLGLGHTH2OZCCXJUXYUGQLUA,CF (ItemKNN),0.0,0.0
AFNRCLGLGHTH2OZCCXJUXYUGQLUA,Content (Avg Emb),0.0,0.0
AFNRCLGLGHTH2OZCCXJUXYUGQLUA,Last-Item,0.0,0.0
AFNRCLGLGHTH2OZCCXJUXYUGQLUA,Avg-Last-10,0.0,0.0
AFNRCLGLGHTH2OZCCXJUXYUGQLUA,Recency-Weighted,0.0,0.0
AFNRCLGLGHTH2OZCCXJUXYUGQLUA,Essence (K=10),0.0,0.0
AFNX6XKIN5GCXAXWE3CDVAW4K4MA,Random,0.0,0.0
AFNX6XKIN5GCXAXWE3CDVAW4K4MA,Popularity,0.0,0.0
AFNX6XKIN5GCXAXWE3CDVAW4K4MA,CF (ItemKNN),0.0,0.0
AFNX6XKIN5GCXAXWE3CDVAW4K4MA,Content (Avg Emb),0.22580645161290322,0.0
AFNX6XKIN5GCXAXWE3CDVAW4K4MA,Last-Item,0.06451612903225806,0.14285714285714285
AFNX6XKIN5GCXAXWE3CDVAW4K4MA,Avg-Last-10,0.0967741935483871,0.0
AFNX6XKIN5GCXAXWE3CDVAW4K4MA,Recency-Weighted,0.06451612903225806,0.0
AFNX6XKIN5GCXAXWE3CDVAW4K4MA,Essence (K=10),0.03225806451612903,0.0
AFNZJSWM7UPTEQZSXQE4YQZ32QPQ,Random,0.0,
AFNZJSWM7UPTEQZSXQE4YQZ32QPQ,Popularity,0.0,
AFNZJSWM7UPTEQZSXQE4YQZ32QPQ,CF (ItemKNN),0.0,
AFNZJSWM7UPTEQZSXQE4YQZ32QPQ,Content (Avg Emb),0.0,
AFNZJSWM7UPTEQZSXQE4YQZ32QPQ,Last-Item,0.0,
AFNZJSWM7UPTEQZSXQE4YQZ32QPQ,Avg-Last-10,0.0,
AFNZJSWM7UPTEQZSXQE4YQZ32QPQ,Recency-Weighted,0.0,
AFNZJSWM7UPTEQZSXQE4YQZ32QPQ,Essence (K=10),0.0,
AFO3EWL5AUXMQOXAENR2E2XKOP7A,Random,0.0,
AFO3EWL5AUXMQOXAENR2E2XKOP7A,Popularity,0.0,
AFO3EWL5AUXMQOXAENR2E2XKOP7A,CF (ItemKNN),0.0,
AFO3EWL5AUXMQOXAENR2E2XKOP7A,Content (Avg Emb),0.0,
AFO3EWL5AUXMQOXAENR2E2XKOP7A,Last-Item,0.0,
AFO3EWL5AUXMQOXAENR2E2XKOP7A,Avg-Last-10,0.0,
AFO3EWL5AUXMQOXAENR2E2XKOP7A,Recency-Weighted,0.0,
AFO3EWL5AUXMQOXAENR2E2XKOP7A,Essence (K=10),0.0,
AFO7O3CGDKJINX3Y7U2HFPRVSWSA,Random,0.0,0.0
AFO7O3CGDKJINX3Y7U2HFPRVSWSA,Popularity,0.0,0.0
AFO7O3CGDKJINX3Y7U2HFPRVSWSA,CF (ItemKNN),0.0,0.0
AFO7O3CGDKJINX3Y7U2HFPRVSWSA,Content (Avg Emb),0.0,0.0
AFO7O3CGDKJINX3Y7U2HFPRVSWSA,Last-Item,0.0,0.0
AFO7O3CGDKJINX3Y7U2HFPRVSWSA,Avg-Last-10,0.0,0.0
AFO7O3CGDKJINX3Y7U2HFPRVSWSA,Recency-Weighted,0.0,0.0
AFO7O3CGDKJINX3Y7U2HFPRVSWSA,Essence (K=10),0.0,0.0
AFOAMSDIGOCGP6RJFMV3SST274MA,Random,0.0,
AFOAMSDIGOCGP6RJFMV3SST274MA,Popularity,0.0,
AFOAMSDIGOCGP6RJFMV3SST274MA,CF (ItemKNN),0.0,
AFOAMSDIGOCGP6RJFMV3SST274MA,Content (Avg Emb),0.0,
AFOAMSDIGOCGP6RJFMV3SST274MA,Last-Item,0.0,
AFOAMSDIGOCGP6RJFMV3SST274MA,Avg-Last-10,0.0,
AFOAMSDIGOCGP6RJFMV3SST274MA,Recency-Weighted,0.0,
AFOAMSDIGOCGP6RJFMV3SST274MA,Essence (K=10),0.0,
AFODGOH4AAL6OJCDIEI75COMHMRA,Random,0.0,0.0
AFODGOH4AAL6OJCDIEI75COMHMRA,Popularity,0.0,0.0
AFODGOH4AAL6OJCDIEI75COMHMRA,CF (ItemKNN),0.0,0.0
AFODGOH4AAL6OJCDIEI75COMHMRA,Content (Avg Emb),0.16666666666666666,0.0
AFODGOH4AAL6OJCDIEI75COMHMRA,Last-Item,0.16666666666666666,0.0
AFODGOH4AAL6OJCDIEI75COMHMRA,Avg-Last-10,0.0,0.0
AFODGOH4AAL6OJCDIEI75COMHMRA,Recency-Weighted,0.16666666666666666,0.0
AFODGOH4AAL6OJCDIEI75COMHMRA,Essence (K=10),0.16666666666666666,0.0
AFOECZ4SKCJEHDQ4UIXE2DH7YQ5A,Random,0.0,0.0
AFOECZ4SKCJEHDQ4UIXE2DH7YQ5A,Popularity,0.0,0.0
AFOECZ4SKCJEHDQ4UIXE2DH7YQ5A,CF (ItemKNN),0.0,0.0
AFOECZ4SKCJEHDQ4UIXE2DH7YQ5A,Content (Avg Emb),0.0,0.0
AFOECZ4SKCJEHDQ4UIXE2DH7YQ5A,Last-Item,0.0,0.0
AFOECZ4SKCJEHDQ4UIXE2DH7YQ5A,Avg-Last-10,0.0,0.0
AFOECZ4SKCJEHDQ4UIXE2DH7YQ5A,Recency-Weighted,0.0,0.0
AFOECZ4SKCJEHDQ4UIXE2DH7YQ5A,Essence (K=10),0.0,0.0
AFOHEZS2M3Y3BMBPMZACSNOH2YPQ,Random,0.0,0.0
AFOHEZS2M3Y3BMBPMZACSNOH2YPQ,Popularity,0.0,0.0
AFOHEZS2M3Y3BMBPMZACSNOH2YPQ,CF (ItemKNN),0.0,0.0
AFOHEZS2M3Y3BMBPMZACSNOH2YPQ,Content (Avg Emb),0.0,0.0
AFOHEZS2M3Y3BMBPMZACSNOH2YPQ,Last-Item,0.42857142857142855,0.75
AFOHEZS2M3Y3BMBPMZACSNOH2YPQ,Avg-Last-10,0.0,0.0
AFOHEZS2M3Y3BMBPMZACSNOH2YPQ,Recency-Weighted,0.0,0.0
AFOHEZS2M3Y3BMBPMZACSNOH2YPQ,Essence (K=10),0.0,0.0
AFOIZAKGPBUB3GZZRR7EG7H5ZNUA,Random,0.0,0.0
AFOIZAKGPBUB3GZZRR7EG7H5ZNUA,Popularity,0.0,0.0
AFOIZAKGPBUB3GZZRR7EG7H5ZNUA,CF (ItemKNN),0.0,0.0
AFOIZAKGPBUB3GZZRR7EG7H5ZNUA,Content (Avg Emb),0.0,0.0
AFOIZAKGPBUB3GZZRR7EG7H5ZNUA,Last-Item,0.0,0.0
AFOIZAKGPBUB3GZZRR7EG7H5ZNUA,Avg-Last-10,0.0,0.0
AFOIZAKGPBUB3GZZRR7EG7H5ZNUA,Recency-Weighted,0.0,0.0
AFOIZAKGPBUB3GZZRR7EG7H5ZNUA,Essence (K=10),0.0,0.0
AFOYBXZA6UK4YT32LKYCZLCQG3VQ,Random,0.0,
AFOYBXZA6UK4YT32LKYCZLCQG3VQ,Popularity,0.0,
AFOYBXZA6UK4YT32LKYCZLCQG3VQ,CF (ItemKNN),0.0,
AFOYBXZA6UK4YT32LKYCZLCQG3VQ,Content (Avg Emb),0.0,
AFOYBXZA6UK4YT32LKYCZLCQG3VQ,Last-Item,0.2,
AFOYBXZA6UK4YT32LKYCZLCQG3VQ,Avg-Last-10,0.0,
AFOYBXZA6UK4YT32LKYCZLCQG3VQ,Recency-Weighted,0.0,
AFOYBXZA6UK4YT32LKYCZLCQG3VQ,Essence (K=10),0.2,
AFP5O5IKIYVUIZMGHB4I4QHAUERQ,Random,0.0,0.0
AFP5O5IKIYVUIZMGHB4I4QHAUERQ,Popularity,0.0,0.0
AFP5O5IKIYVUIZMGHB4I4QHAUERQ,CF (ItemKNN),0.0,0.0
AFP5O5IKIYVUIZMGHB4I4QHAUERQ,Content (Avg Emb),0.0,0.0
AFP5O5IKIYVUIZMGHB4I4QHAUERQ,Last-Item,0.0,0.0
AFP5O5IKIYVUIZMGHB4I4QHAUERQ,Avg-Last-10,0.0,0.0
AFP5O5IKIYVUIZMGHB4I4QHAUERQ,Recency-Weighted,0.0,0.0
AFP5O5IKIYVUIZMGHB4I4QHAUERQ,Essence (K=10),0.0,0.0
AFPE4AEIV4LEU7PYTPZWW74YNU3Q,Random,0.0,
AFPE4AEIV4LEU7PYTPZWW74YNU3Q,Popularity,0.0,
AFPE4AEIV4LEU7PYTPZWW74YNU3Q,CF (ItemKNN),0.0,
AFPE4AEIV4LEU7PYTPZWW74YNU3Q,Content (Avg Emb),0.2,
AFPE4AEIV4LEU7PYTPZWW74YNU3Q,Last-Item,0.0,
AFPE4AEIV4LEU7PYTPZWW74YNU3Q,Avg-Last-10,0.4,
AFPE4AEIV4LEU7PYTPZWW74YNU3Q,Recency-Weighted,0.4,
AFPE4AEIV4LEU7PYTPZWW74YNU3Q,Essence (K=10),0.4,
AFPEUSBGNDJILCA3NGGFIZG6WCSQ,Random,0.0,0.0
AFPEUSBGNDJILCA3NGGFIZG6WCSQ,Popularity,0.0625,0.0
AFPEUSBGNDJILCA3NGGFIZG6WCSQ,CF (ItemKNN),0.0,0.0
AFPEUSBGNDJILCA3NGGFIZG6WCSQ,Content (Avg Emb),0.0,0.0
AFPEUSBGNDJILCA3NGGFIZG6WCSQ,Last-Item,0.0625,0.0
AFPEUSBGNDJILCA3NGGFIZG6WCSQ,Avg-Last-10,0.0,0.0
AFPEUSBGNDJILCA3NGGFIZG6WCSQ,Recency-Weighted,0.0,0.0
AFPEUSBGNDJILCA3NGGFIZG6WCSQ,Essence (K=10),0.0625,0.0
AFPL446LK5WTZFRIF6FTTHQYCRJQ,Random,0.0,
AFPL446LK5WTZFRIF6FTTHQYCRJQ,Popularity,0.0,
AFPL446LK5WTZFRIF6FTTHQYCRJQ,CF (ItemKNN),0.0,
AFPL446LK5WTZFRIF6FTTHQYCRJQ,Content (Avg Emb),0.0,
AFPL446LK5WTZFRIF6FTTHQYCRJQ,Last-Item,0.25,
AFPL446LK5WTZFRIF6FTTHQYCRJQ,Avg-Last-10,0.0,
AFPL446LK5WTZFRIF6FTTHQYCRJQ,Recency-Weighted,0.0,
AFPL446LK5WTZFRIF6FTTHQYCRJQ,Essence (K=10),0.08333333333333333,
AFPPMAPYGGLB3OEB62FXOJZAQVEQ,Random,0.0,0.0
AFPPMAPYGGLB3OEB62FXOJZAQVEQ,Popularity,0.0,0.0
AFPPMAPYGGLB3OEB62FXOJZAQVEQ,CF (ItemKNN),0.0,0.0
AFPPMAPYGGLB3OEB62FXOJZAQVEQ,Content (Avg Emb),0.0,0.0
AFPPMAPYGGLB3OEB62FXOJZAQVEQ,Last-Item,0.0,0.0
AFPPMAPYGGLB3OEB62FXOJZAQVEQ,Avg-Last-10,0.0,0.0
AFPPMAPYGGLB3OEB62FXOJZAQVEQ,Recency-Weighted,0.0,0.0
AFPPMAPYGGLB3OEB62FXOJZAQVEQ,Essence (K=10),0.0,0.0
AFPQREI2ZDAOOHPDQJ77ASEUIDYA,Random,0.0,
AFPQREI2ZDAOOHPDQJ77ASEUIDYA,Popularity,0.0,
AFPQREI2ZDAOOHPDQJ77ASEUIDYA,CF (ItemKNN),0.0,
AFPQREI2ZDAOOHPDQJ77ASEUIDYA,Content (Avg Emb),0.0,
AFPQREI2ZDAOOHPDQJ77ASEUIDYA,Last-Item,0.0,
AFPQREI2ZDAOOHPDQJ77ASEUIDYA,Avg-Last-10,0.0,
AFPQREI2ZDAOOHPDQJ77ASEUIDYA,Recency-Weighted,0.0,
AFPQREI2ZDAOOHPDQJ77ASEUIDYA,Essence (K=10),0.0,
AFPUH5HVQJRMQIZ5EZDCCWY74NAA,Random,0.0,0.0
AFPUH5HVQJRMQIZ5EZDCCWY74NAA,Popularity,0.0,0.0
AFPUH5HVQJRMQIZ5EZDCCWY74NAA,CF (ItemKNN),0.0,0.0
AFPUH5HVQJRMQIZ5EZDCCWY74NAA,Content (Avg Emb),0.0,0.0
AFPUH5HVQJRMQIZ5EZDCCWY74NAA,Last-Item,0.0,0.0
AFPUH5HVQJRMQIZ5EZDCCWY74NAA,Avg-Last-10,0.0,0.0
AFPUH5HVQJRMQIZ5EZDCCWY74NAA,Recency-Weighted,0.0,0.0
AFPUH5HVQJRMQIZ5EZDCCWY74NAA,Essence (K=10),0.0,0.0
AFPZ25M45T7CUX4YPBJRPAM7PXSA,Random,0.0,
AFPZ25M45T7CUX4YPBJRPAM7PXSA,Popularity,0.0,
AFPZ25M45T7CUX4YPBJRPAM7PXSA,CF (ItemKNN),0.0,
AFPZ25M45T7CUX4YPBJRPAM7PXSA,Content (Avg Emb),0.0,
AFPZ25M45T7CUX4YPBJRPAM7PXSA,Last-Item,0.0,
AFPZ25M45T7CUX4YPBJRPAM7PXSA,Avg-Last-10,0.06666666666666667,
AFPZ25M45T7CUX4YPBJRPAM7PXSA,Recency-Weighted,0.06666666666666667,
AFPZ25M45T7CUX4YPBJRPAM7PXSA,Essence (K=10),0.0,
AFQ4RXCGFMPHD2HB55W33MIFQ2WQ,Random,0.0,
AFQ4RXCGFMPHD2HB55W33MIFQ2WQ,Popularity,0.0,
AFQ4RXCGFMPHD2HB55W33MIFQ2WQ,CF (ItemKNN),0.0,
AFQ4RXCGFMPHD2HB55W33MIFQ2WQ,Content (Avg Emb),0.0,
AFQ4RXCGFMPHD2HB55W33MIFQ2WQ,Last-Item,0.0,
AFQ4RXCGFMPHD2HB55W33MIFQ2WQ,Avg-Last-10,0.0,
AFQ4RXCGFMPHD2HB55W33MIFQ2WQ,Recency-Weighted,0.0,
AFQ4RXCGFMPHD2HB55W33MIFQ2WQ,Essence (K=10),0.0,
AFQA6LGYI62K2AR5PARHVAPV3YZA,Random,0.0,0.0
AFQA6LGYI62K2AR5PARHVAPV3YZA,Popularity,0.0,0.0
AFQA6LGYI62K2AR5PARHVAPV3YZA,CF (ItemKNN),0.0,0.0
AFQA6LGYI62K2AR5PARHVAPV3YZA,Content (Avg Emb),0.0,0.0
AFQA6LGYI62K2AR5PARHVAPV3YZA,Last-Item,0.0,0.0
AFQA6LGYI62K2AR5PARHVAPV3YZA,Avg-Last-10,0.0,0.0
AFQA6LGYI62K2AR5PARHVAPV3YZA,Recency-Weighted,0.0,0.0
AFQA6LGYI62K2AR5PARHVAPV3YZA,Essence (K=10),0.0,0.0
AFQA73GHU6CKQ425EVZLRUFH6D6Q,Random,0.0,
AFQA73GHU6CKQ425EVZLRUFH6D6Q,Popularity,0.0,
AFQA73GHU6CKQ425EVZLRUFH6D6Q,CF (ItemKNN),0.0,
AFQA73GHU6CKQ425EVZLRUFH6D6Q,Content (Avg Emb),0.0,
AFQA73GHU6CKQ425EVZLRUFH6D6Q,Last-Item,0.0,
AFQA73GHU6CKQ425EVZLRUFH6D6Q,Avg-Last-10,0.0,
AFQA73GHU6CKQ425EVZLRUFH6D6Q,Recency-Weighted,0.0,
AFQA73GHU6CKQ425EVZLRUFH6D6Q,Essence (K=10),0.0,
AFQAHYZLA663LKWD7QQOW6ZTKQXQ,Random,0.0,
AFQAHYZLA663LKWD7QQOW6ZTKQXQ,Popularity,0.0,
AFQAHYZLA663LKWD7QQOW6ZTKQXQ,CF (ItemKNN),0.125,
AFQAHYZLA663LKWD7QQOW6ZTKQXQ,Content (Avg Emb),0.0,
AFQAHYZLA663LKWD7QQOW6ZTKQXQ,Last-Item,0.125,
AFQAHYZLA663LKWD7QQOW6ZTKQXQ,Avg-Last-10,0.0,
AFQAHYZLA663LKWD7QQOW6ZTKQXQ,Recency-Weighted,0.125,
AFQAHYZLA663LKWD7QQOW6ZTKQXQ,Essence (K=10),0.0,
AFQAMELZVJQTVUQDBNUOLZQST4RQ,Random,0.0,0.0
AFQAMELZVJQTVUQDBNUOLZQST4RQ,Popularity,0.0,0.0
AFQAMELZVJQTVUQDBNUOLZQST4RQ,CF (ItemKNN),0.0,0.0
AFQAMELZVJQTVUQDBNUOLZQST4RQ,Content (Avg Emb),0.0,0.0
AFQAMELZVJQTVUQDBNUOLZQST4RQ,Last-Item,0.0,0.0
AFQAMELZVJQTVUQDBNUOLZQST4RQ,Avg-Last-10,0.0,0.0
AFQAMELZVJQTVUQDBNUOLZQST4RQ,Recency-Weighted,0.0,0.0
AFQAMELZVJQTVUQDBNUOLZQST4RQ,Essence (K=10),0.0,0.0
AFQB54YYBF2UU4ZCL7V3HKT7DR4A,Random,0.0,0.0
AFQB54YYBF2UU4ZCL7V3HKT7DR4A,Popularity,0.0,0.0
AFQB54YYBF2UU4ZCL7V3HKT7DR4A,CF (ItemKNN),0.0,0.0
AFQB54YYBF2UU4ZCL7V3HKT7DR4A,Content (Avg Emb),0.0,0.0
AFQB54YYBF2UU4ZCL7V3HKT7DR4A,Last-Item,0.0,0.0
AFQB54YYBF2UU4ZCL7V3HKT7DR4A,Avg-Last-10,0.0,0.0
AFQB54YYBF2UU4ZCL7V3HKT7DR4A,Recency-Weighted,0.0,0.0
AFQB54YYBF2UU4ZCL7V3HKT7DR4A,Essence (K=10),0.0,0.0
AFQB6AWX3WBJYZQHBXGP2HLCONKQ,Random,0.0,0.0
AFQB6AWX3WBJYZQHBXGP2HLCONKQ,Popularity,0.0,0.0
AFQB6AWX3WBJYZQHBXGP2HLCONKQ,CF (ItemKNN),0.0,0.0
AFQB6AWX3WBJYZQHBXGP2HLCONKQ,Content (Avg Emb),0.0,0.0
AFQB6AWX3WBJYZQHBXGP2HLCONKQ,Last-Item,0.0,0.0
AFQB6AWX3WBJYZQHBXGP2HLCONKQ,Avg-Last-10,0.0,0.0
AFQB6AWX3WBJYZQHBXGP2HLCONKQ,Recency-Weighted,0.0,0.0
AFQB6AWX3WBJYZQHBXGP2HLCONKQ,Essence (K=10),0.0,0.0
AFQCIHPQHRSGMSF2WU2FOVE34GWA,Random,0.0,
AFQCIHPQHRSGMSF2WU2FOVE34GWA,Popularity,0.0,
AFQCIHPQHRSGMSF2WU2FOVE34GWA,CF (ItemKNN),0.0,
AFQCIHPQHRSGMSF2WU2FOVE34GWA,Content (Avg Emb),0.0,
AFQCIHPQHRSGMSF2WU2FOVE34GWA,Last-Item,0.0,
AFQCIHPQHRSGMSF2WU2FOVE34GWA,Avg-Last-10,0.0,
AFQCIHPQHRSGMSF2WU2FOVE34GWA,Recency-Weighted,0.0,
AFQCIHPQHRSGMSF2WU2FOVE34GWA,Essence (K=10),0.0,
AFQDOCE2TDRT5TFUINUG5NBDWFRQ,Random,0.0,0.0
AFQDOCE2TDRT5TFUINUG5NBDWFRQ,Popularity,0.0,0.0
AFQDOCE2TDRT5TFUINUG5NBDWFRQ,CF (ItemKNN),0.0,0.0
AFQDOCE2TDRT5TFUINUG5NBDWFRQ,Content (Avg Emb),0.14285714285714285,0.0
AFQDOCE2TDRT5TFUINUG5NBDWFRQ,Last-Item,0.42857142857142855,0.0
AFQDOCE2TDRT5TFUINUG5NBDWFRQ,Avg-Last-10,0.2857142857142857,0.0
AFQDOCE2TDRT5TFUINUG5NBDWFRQ,Recency-Weighted,0.5714285714285714,0.0
AFQDOCE2TDRT5TFUINUG5NBDWFRQ,Essence (K=10),0.0,0.0
AFQDPSZYIUZO4D76CAVQFBSS3CXQ,Random,0.0,
AFQDPSZYIUZO4D76CAVQFBSS3CXQ,Popularity,0.0,
AFQDPSZYIUZO4D76CAVQFBSS3CXQ,CF (ItemKNN),0.0,
AFQDPSZYIUZO4D76CAVQFBSS3CXQ,Content (Avg Emb),0.0,
AFQDPSZYIUZO4D76CAVQFBSS3CXQ,Last-Item,0.0,
AFQDPSZYIUZO4D76CAVQFBSS3CXQ,Avg-Last-10,0.0,
AFQDPSZYIUZO4D76CAVQFBSS3CXQ,Recency-Weighted,0.0,
AFQDPSZYIUZO4D76CAVQFBSS3CXQ,Essence (K=10),0.0,
AFQEQRWER7XPKP4QBJUEIKUWFLSQ,Random,0.0,0.0
AFQEQRWER7XPKP4QBJUEIKUWFLSQ,Popularity,0.0,0.0
AFQEQRWER7XPKP4QBJUEIKUWFLSQ,CF (ItemKNN),0.0,0.0
AFQEQRWER7XPKP4QBJUEIKUWFLSQ,Content (Avg Emb),0.0,0.0
AFQEQRWER7XPKP4QBJUEIKUWFLSQ,Last-Item,0.0,0.0
AFQEQRWER7XPKP4QBJUEIKUWFLSQ,Avg-Last-10,0.0,0.0
AFQEQRWER7XPKP4QBJUEIKUWFLSQ,Recency-Weighted,0.0,0.0
AFQEQRWER7XPKP4QBJUEIKUWFLSQ,Essence (K=10),0.0,0.0
AFQFRRRV4CMQMVCIXPCJN4XCA5WA,Random,0.0,0.0
AFQFRRRV4CMQMVCIXPCJN4XCA5WA,Popularity,0.0,0.0
AFQFRRRV4CMQMVCIXPCJN4XCA5WA,CF (ItemKNN),0.0,0.0
AFQFRRRV4CMQMVCIXPCJN4XCA5WA,Content (Avg Emb),0.0,0.0
AFQFRRRV4CMQMVCIXPCJN4XCA5WA,Last-Item,0.08695652173913043,0.3333333333333333
AFQFRRRV4CMQMVCIXPCJN4XCA5WA,Avg-Last-10,0.043478260869565216,0.0
AFQFRRRV4CMQMVCIXPCJN4XCA5WA,Recency-Weighted,0.08695652173913043,0.3333333333333333
AFQFRRRV4CMQMVCIXPCJN4XCA5WA,Essence (K=10),0.0,0.0
AFQHEQJKQOBX42YQLEO4DPXEUEZQ,Random,0.0,0.0
AFQHEQJKQOBX42YQLEO4DPXEUEZQ,Popularity,0.0,0.0
AFQHEQJKQOBX42YQLEO4DPXEUEZQ,CF (ItemKNN),0.0,0.0
AFQHEQJKQOBX42YQLEO4DPXEUEZQ,Content (Avg Emb),0.0,0.0
AFQHEQJKQOBX42YQLEO4DPXEUEZQ,Last-Item,0.0,0.0
AFQHEQJKQOBX42YQLEO4DPXEUEZQ,Avg-Last-10,0.0,0.0
AFQHEQJKQOBX42YQLEO4DPXEUEZQ,Recency-Weighted,0.0,0.0
AFQHEQJKQOBX42YQLEO4DPXEUEZQ,Essence (K=10),0.0,0.0
AFQHG6DQYJUJ6PWAJ3DY7I4YHYPQ,Random,0.0,0.0
AFQHG6DQYJUJ6PWAJ3DY7I4YHYPQ,Popularity,0.0,0.0
AFQHG6DQYJUJ6PWAJ3DY7I4YHYPQ,CF (ItemKNN),0.16666666666666666,0.0
AFQHG6DQYJUJ6PWAJ3DY7I4YHYPQ,Content (Avg Emb),0.0,0.0
AFQHG6DQYJUJ6PWAJ3DY7I4YHYPQ,Last-Item,0.3333333333333333,0.0
AFQHG6DQYJUJ6PWAJ3DY7I4YHYPQ,Avg-Last-10,0.0,0.0
AFQHG6DQYJUJ6PWAJ3DY7I4YHYPQ,Recency-Weighted,0.16666666666666666,0.0
AFQHG6DQYJUJ6PWAJ3DY7I4YHYPQ,Essence (K=10),0.0,0.0
AFQOZMHENBPV747ILRGDYWKR5YGA,Random,0.0,
AFQOZMHENBPV747ILRGDYWKR5YGA,Popularity,0.0,
AFQOZMHENBPV747ILRGDYWKR5YGA,CF (ItemKNN),0.0,
AFQOZMHENBPV747ILRGDYWKR5YGA,Content (Avg Emb),0.0,
AFQOZMHENBPV747ILRGDYWKR5YGA,Last-Item,0.0,
AFQOZMHENBPV747ILRGDYWKR5YGA,Avg-Last-10,0.0,
AFQOZMHENBPV747ILRGDYWKR5YGA,Recency-Weighted,0.0,
AFQOZMHENBPV747ILRGDYWKR5YGA,Essence (K=10),0.0,
AFQPDGHVZA2PIZK7VP6PFUP7D6BQ,Random,0.0,
AFQPDGHVZA2PIZK7VP6PFUP7D6BQ,Popularity,0.0,
AFQPDGHVZA2PIZK7VP6PFUP7D6BQ,CF (ItemKNN),0.0,
AFQPDGHVZA2PIZK7VP6PFUP7D6BQ,Content (Avg Emb),0.0,
AFQPDGHVZA2PIZK7VP6PFUP7D6BQ,Last-Item,0.0,
AFQPDGHVZA2PIZK7VP6PFUP7D6BQ,Avg-Last-10,0.0,
AFQPDGHVZA2PIZK7VP6PFUP7D6BQ,Recency-Weighted,0.0,
AFQPDGHVZA2PIZK7VP6PFUP7D6BQ,Essence (K=10),0.0,
AFQQIAYFU5QLUQTYUS3LAZ22AXIQ,Random,0.0,0.0
AFQQIAYFU5QLUQTYUS3LAZ22AXIQ,Popularity,0.0,0.0
AFQQIAYFU5QLUQTYUS3LAZ22AXIQ,CF (ItemKNN),0.0,0.0
AFQQIAYFU5QLUQTYUS3LAZ22AXIQ,Content (Avg Emb),0.0,0.0
AFQQIAYFU5QLUQTYUS3LAZ22AXIQ,Last-Item,0.0,0.0
AFQQIAYFU5QLUQTYUS3LAZ22AXIQ,Avg-Last-10,0.0,0.0
AFQQIAYFU5QLUQTYUS3LAZ22AXIQ,Recency-Weighted,0.0,0.0
AFQQIAYFU5QLUQTYUS3LAZ22AXIQ,Essence (K=10),0.3333333333333333,0.0
AFQRLVWYTFG4YO4RNXSJWSQUOJAQ,Random,0.0,0.0
AFQRLVWYTFG4YO4RNXSJWSQUOJAQ,Popularity,0.0,0.0
AFQRLVWYTFG4YO4RNXSJWSQUOJAQ,CF (ItemKNN),0.0,0.0
AFQRLVWYTFG4YO4RNXSJWSQUOJAQ,Content (Avg Emb),0.0,0.0
AFQRLVWYTFG4YO4RNXSJWSQUOJAQ,Last-Item,0.0,0.0
AFQRLVWYTFG4YO4RNXSJWSQUOJAQ,Avg-Last-10,0.0,0.0
AFQRLVWYTFG4YO4RNXSJWSQUOJAQ,Recency-Weighted,0.0,0.0
AFQRLVWYTFG4YO4RNXSJWSQUOJAQ,Essence (K=10),0.0,0.0
AFQT2G7MAC6AXGXK6SKXJSVTSKIQ,Random,0.0,0.0
AFQT2G7MAC6AXGXK6SKXJSVTSKIQ,Popularity,0.0,0.0
AFQT2G7MAC6AXGXK6SKXJSVTSKIQ,CF (ItemKNN),0.0,0.0
AFQT2G7MAC6AXGXK6SKXJSVTSKIQ,Content (Avg Emb),0.0,0.0
AFQT2G7MAC6AXGXK6SKXJSVTSKIQ,Last-Item,0.0,0.0
AFQT2G7MAC6AXGXK6SKXJSVTSKIQ,Avg-Last-10,0.0,0.0
AFQT2G7MAC6AXGXK6SKXJSVTSKIQ,Recency-Weighted,0.0,0.0
AFQT2G7MAC6AXGXK6SKXJSVTSKIQ,Essence (K=10),0.0,0.0
AFQUX3KI77G45XHRKPV5HQLUMJMQ,Random,0.0,
AFQUX3KI77G45XHRKPV5HQLUMJMQ,Popularity,0.0,
AFQUX3KI77G45XHRKPV5HQLUMJMQ,CF (ItemKNN),0.0,
AFQUX3KI77G45XHRKPV5HQLUMJMQ,Content (Avg Emb),0.0,
AFQUX3KI77G45XHRKPV5HQLUMJMQ,Last-Item,0.6,
AFQUX3KI77G45XHRKPV5HQLUMJMQ,Avg-Last-10,0.0,
AFQUX3KI77G45XHRKPV5HQLUMJMQ,Recency-Weighted,0.0,
AFQUX3KI77G45XHRKPV5HQLUMJMQ,Essence (K=10),0.0,
AFQZGH6WY37FH46QGEOC6POBNO4Q,Random,0.0,
AFQZGH6WY37FH46QGEOC6POBNO4Q,Popularity,0.0,
AFQZGH6WY37FH46QGEOC6POBNO4Q,CF (ItemKNN),0.0,
AFQZGH6WY37FH46QGEOC6POBNO4Q,Content (Avg Emb),0.0,
AFQZGH6WY37FH46QGEOC6POBNO4Q,Last-Item,0.0,
AFQZGH6WY37FH46QGEOC6POBNO4Q,Avg-Last-10,0.0,
AFQZGH6WY37FH46QGEOC6POBNO4Q,Recency-Weighted,0.0,
AFQZGH6WY37FH46QGEOC6POBNO4Q,Essence (K=10),0.0,
AFRA6YXULA4EXFHLZW2TSTYO3HFQ,Random,0.0,0.0
AFRA6YXULA4EXFHLZW2TSTYO3HFQ,Popularity,0.0,0.0
AFRA6YXULA4EXFHLZW2TSTYO3HFQ,CF (ItemKNN),0.0,0.0
AFRA6YXULA4EXFHLZW2TSTYO3HFQ,Content (Avg Emb),0.0,0.0
AFRA6YXULA4EXFHLZW2TSTYO3HFQ,Last-Item,0.0,0.0
AFRA6YXULA4EXFHLZW2TSTYO3HFQ,Avg-Last-10,0.0,0.0
AFRA6YXULA4EXFHLZW2TSTYO3HFQ,Recency-Weighted,0.0,0.0
AFRA6YXULA4EXFHLZW2TSTYO3HFQ,Essence (K=10),0.0,0.0
AFRDHXTHTC74B7WEOVRLLB2UYH3Q,Random,0.0,
AFRDHXTHTC74B7WEOVRLLB2UYH3Q,Popularity,0.0,
AFRDHXTHTC74B7WEOVRLLB2UYH3Q,CF (ItemKNN),0.0,
AFRDHXTHTC74B7WEOVRLLB2UYH3Q,Content (Avg Emb),0.0,
AFRDHXTHTC74B7WEOVRLLB2UYH3Q,Last-Item,0.0,
AFRDHXTHTC74B7WEOVRLLB2UYH3Q,Avg-Last-10,0.0,
AFRDHXTHTC74B7WEOVRLLB2UYH3Q,Recency-Weighted,0.0,
AFRDHXTHTC74B7WEOVRLLB2UYH3Q,Essence (K=10),0.0,
AFREFX6HP432TL5MSBDZJWTK2RZA,Random,0.0,0.0
AFREFX6HP432TL5MSBDZJWTK2RZA,Popularity,0.0,0.0
AFREFX6HP432TL5MSBDZJWTK2RZA,CF (ItemKNN),0.0,0.0
AFREFX6HP432TL5MSBDZJWTK2RZA,Content (Avg Emb),0.0,0.0
AFREFX6HP432TL5MSBDZJWTK2RZA,Last-Item,0.0,0.0
AFREFX6HP432TL5MSBDZJWTK2RZA,Avg-Last-10,0.0,0.0
AFREFX6HP432TL5MSBDZJWTK2RZA,Recency-Weighted,0.0,0.0
AFREFX6HP432TL5MSBDZJWTK2RZA,Essence (K=10),0.0,0.0
AFRMWOA4XCXJJT2LJJ7GBAQAZXJQ,Random,0.0,
AFRMWOA4XCXJJT2LJJ7GBAQAZXJQ,Popularity,0.0,
AFRMWOA4XCXJJT2LJJ7GBAQAZXJQ,CF (ItemKNN),0.0,
AFRMWOA4XCXJJT2LJJ7GBAQAZXJQ,Content (Avg Emb),0.0,
AFRMWOA4XCXJJT2LJJ7GBAQAZXJQ,Last-Item,0.0,
AFRMWOA4XCXJJT2LJJ7GBAQAZXJQ,Avg-Last-10,0.0,
AFRMWOA4XCXJJT2LJJ7GBAQAZXJQ,Recency-Weighted,0.0,
AFRMWOA4XCXJJT2LJJ7GBAQAZXJQ,Essence (K=10),0.0,
AFRPLHQY3PSZ36J2GFVU7LGNSRWA,Random,0.0,
AFRPLHQY3PSZ36J2GFVU7LGNSRWA,Popularity,0.0,
AFRPLHQY3PSZ36J2GFVU7LGNSRWA,CF (ItemKNN),0.0,
AFRPLHQY3PSZ36J2GFVU7LGNSRWA,Content (Avg Emb),0.0,
AFRPLHQY3PSZ36J2GFVU7LGNSRWA,Last-Item,0.0,
AFRPLHQY3PSZ36J2GFVU7LGNSRWA,Avg-Last-10,0.0,
AFRPLHQY3PSZ36J2GFVU7LGNSRWA,Recency-Weighted,0.14285714285714285,
AFRPLHQY3PSZ36J2GFVU7LGNSRWA,Essence (K=10),0.0,
AFRQKJXWL3CJTQC64T2Z4T73EA5A,Random,0.0,0.0
AFRQKJXWL3CJTQC64T2Z4T73EA5A,Popularity,0.0,0.0
AFRQKJXWL3CJTQC64T2Z4T73EA5A,CF (ItemKNN),0.0,0.0
AFRQKJXWL3CJTQC64T2Z4T73EA5A,Content (Avg Emb),0.0,0.0
AFRQKJXWL3CJTQC64T2Z4T73EA5A,Last-Item,0.0,0.0
AFRQKJXWL3CJTQC64T2Z4T73EA5A,Avg-Last-10,0.0,0.0
AFRQKJXWL3CJTQC64T2Z4T73EA5A,Recency-Weighted,0.0,0.0
AFRQKJXWL3CJTQC64T2Z4T73EA5A,Essence (K=10),0.0,0.0
AFRRMBJRX47AWH64MIG76T5GLQLA,Random,0.0,
AFRRMBJRX47AWH64MIG76T5GLQLA,Popularity,0.0,
AFRRMBJRX47AWH64MIG76T5GLQLA,CF (ItemKNN),0.0,
AFRRMBJRX47AWH64MIG76T5GLQLA,Content (Avg Emb),0.0,
AFRRMBJRX47AWH64MIG76T5GLQLA,Last-Item,0.0,
AFRRMBJRX47AWH64MIG76T5GLQLA,Avg-Last-10,0.0,
AFRRMBJRX47AWH64MIG76T5GLQLA,Recency-Weighted,0.0,
AFRRMBJRX47AWH64MIG76T5GLQLA,Essence (K=10),0.16666666666666666,
AFRULJ47WEAMKTW4S7YO6WAVFDFA,Random,0.0,
AFRULJ47WEAMKTW4S7YO6WAVFDFA,Popularity,0.0,
AFRULJ47WEAMKTW4S7YO6WAVFDFA,CF (ItemKNN),0.0,
AFRULJ47WEAMKTW4S7YO6WAVFDFA,Content (Avg Emb),0.14285714285714285,
AFRULJ47WEAMKTW4S7YO6WAVFDFA,Last-Item,0.0,
AFRULJ47WEAMKTW4S7YO6WAVFDFA,Avg-Last-10,0.14285714285714285,
AFRULJ47WEAMKTW4S7YO6WAVFDFA,Recency-Weighted,0.14285714285714285,
AFRULJ47WEAMKTW4S7YO6WAVFDFA,Essence (K=10),0.0,
AFRVLLRG3XETBPQWO23X2EKOO25Q,Random,0.0,0.0
AFRVLLRG3XETBPQWO23X2EKOO25Q,Popularity,0.0,0.0
AFRVLLRG3XETBPQWO23X2EKOO25Q,CF (ItemKNN),0.0,0.0
AFRVLLRG3XETBPQWO23X2EKOO25Q,Content (Avg Emb),0.125,0.0
AFRVLLRG3XETBPQWO23X2EKOO25Q,Last-Item,0.0,0.0
AFRVLLRG3XETBPQWO23X2EKOO25Q,Avg-Last-10,0.0,0.0
AFRVLLRG3XETBPQWO23X2EKOO25Q,Recency-Weighted,0.0,0.0
AFRVLLRG3XETBPQWO23X2EKOO25Q,Essence (K=10),0.0,0.0
AFRXD7UL2F3H7ZMH6NICQUDW343A,Random,0.0,
AFRXD7UL2F3H7ZMH6NICQUDW343A,Popularity,0.0,
AFRXD7UL2F3H7ZMH6NICQUDW343A,CF (ItemKNN),0.0,
AFRXD7UL2F3H7ZMH6NICQUDW343A,Content (Avg Emb),0.0,
AFRXD7UL2F3H7ZMH6NICQUDW343A,Last-Item,0.0,
AFRXD7UL2F3H7ZMH6NICQUDW343A,Avg-Last-10,0.0,
AFRXD7UL2F3H7ZMH6NICQUDW343A,Recency-Weighted,0.0,
AFRXD7UL2F3H7ZMH6NICQUDW343A,Essence (K=10),0.0,
AFRXRMRRTRH5OKC2PPQSMW6AG5IA,Random,0.0,
AFRXRMRRTRH5OKC2PPQSMW6AG5IA,Popularity,0.0,
AFRXRMRRTRH5OKC2PPQSMW6AG5IA,CF (ItemKNN),0.0,
AFRXRMRRTRH5OKC2PPQSMW6AG5IA,Content (Avg Emb),0.0,
AFRXRMRRTRH5OKC2PPQSMW6AG5IA,Last-Item,0.0,
AFRXRMRRTRH5OKC2PPQSMW6AG5IA,Avg-Last-10,0.0,
AFRXRMRRTRH5OKC2PPQSMW6AG5IA,Recency-Weighted,0.0,
AFRXRMRRTRH5OKC2PPQSMW6AG5IA,Essence (K=10),0.0,
AFRYREJK6ZNYNHURRUSXNBHODM7A,Random,0.0,0.0
AFRYREJK6ZNYNHURRUSXNBHODM7A,Popularity,0.0,0.0
AFRYREJK6ZNYNHURRUSXNBHODM7A,CF (ItemKNN),0.0,0.0
AFRYREJK6ZNYNHURRUSXNBHODM7A,Content (Avg Emb),0.0,0.0
AFRYREJK6ZNYNHURRUSXNBHODM7A,Last-Item,0.14285714285714285,0.16666666666666666
AFRYREJK6ZNYNHURRUSXNBHODM7A,Avg-Last-10,0.0,0.0
AFRYREJK6ZNYNHURRUSXNBHODM7A,Recency-Weighted,0.0,0.0
AFRYREJK6ZNYNHURRUSXNBHODM7A,Essence (K=10),0.0,0.0
AFS5VQNOFIFI2UBBMYDL6VRUNQBA,Random,0.0,
AFS5VQNOFIFI2UBBMYDL6VRUNQBA,Popularity,0.0,
AFS5VQNOFIFI2UBBMYDL6VRUNQBA,CF (ItemKNN),0.0,
AFS5VQNOFIFI2UBBMYDL6VRUNQBA,Content (Avg Emb),0.0,
AFS5VQNOFIFI2UBBMYDL6VRUNQBA,Last-Item,0.0,
AFS5VQNOFIFI2UBBMYDL6VRUNQBA,Avg-Last-10,0.0,
AFS5VQNOFIFI2UBBMYDL6VRUNQBA,Recency-Weighted,0.0,
AFS5VQNOFIFI2UBBMYDL6VRUNQBA,Essence (K=10),0.0,
AFS6OY32CEHUCPBPKJMCMLFOOZRQ,Random,0.0,0.0
AFS6OY32CEHUCPBPKJMCMLFOOZRQ,Popularity,0.0,0.0
AFS6OY32CEHUCPBPKJMCMLFOOZRQ,CF (ItemKNN),0.0,0.0
AFS6OY32CEHUCPBPKJMCMLFOOZRQ,Content (Avg Emb),0.0,0.0
AFS6OY32CEHUCPBPKJMCMLFOOZRQ,Last-Item,0.0,0.0
AFS6OY32CEHUCPBPKJMCMLFOOZRQ,Avg-Last-10,0.0,0.0
AFS6OY32CEHUCPBPKJMCMLFOOZRQ,Recency-Weighted,0.0,0.0
AFS6OY32CEHUCPBPKJMCMLFOOZRQ,Essence (K=10),0.0,0.0
AFS762DRUBA6BR2N5A2VMLS4726Q,Random,0.0,0.0
AFS762DRUBA6BR2N5A2VMLS4726Q,Popularity,0.0,0.0
AFS762DRUBA6BR2N5A2VMLS4726Q,CF (ItemKNN),0.0,0.0
AFS762DRUBA6BR2N5A2VMLS4726Q,Content (Avg Emb),0.0,0.0
AFS762DRUBA6BR2N5A2VMLS4726Q,Last-Item,0.0,0.0
AFS762DRUBA6BR2N5A2VMLS4726Q,Avg-Last-10,0.0,0.0
AFS762DRUBA6BR2N5A2VMLS4726Q,Recency-Weighted,0.0,0.0
AFS762DRUBA6BR2N5A2VMLS4726Q,Essence (K=10),0.0,0.0
AFS7ZN2VLTRNTM2DQTIQSYHAMV6A,Random,0.0,
AFS7ZN2VLTRNTM2DQTIQSYHAMV6A,Popularity,0.0,
AFS7ZN2VLTRNTM2DQTIQSYHAMV6A,CF (ItemKNN),0.0,
AFS7ZN2VLTRNTM2DQTIQSYHAMV6A,Content (Avg Emb),0.0,
AFS7ZN2VLTRNTM2DQTIQSYHAMV6A,Last-Item,0.0,
AFS7ZN2VLTRNTM2DQTIQSYHAMV6A,Avg-Last-10,0.0,
AFS7ZN2VLTRNTM2DQTIQSYHAMV6A,Recency-Weighted,0.0,
AFS7ZN2VLTRNTM2DQTIQSYHAMV6A,Essence (K=10),0.0,
AFSAKM6VZNODTF5RFGEEE3GQA2SQ,Random,0.0,0.0
AFSAKM6VZNODTF5RFGEEE3GQA2SQ,Popularity,0.0,0.0
AFSAKM6VZNODTF5RFGEEE3GQA2SQ,CF (ItemKNN),0.0,0.0
AFSAKM6VZNODTF5RFGEEE3GQA2SQ,Content (Avg Emb),0.0,0.0
AFSAKM6VZNODTF5RFGEEE3GQA2SQ,Last-Item,0.0,0.0
AFSAKM6VZNODTF5RFGEEE3GQA2SQ,Avg-Last-10,0.0,0.0
AFSAKM6VZNODTF5RFGEEE3GQA2SQ,Recency-Weighted,0.0,0.0
AFSAKM6VZNODTF5RFGEEE3GQA2SQ,Essence (K=10),0.0,0.0
AFSD5CSKQUSWNC2KB5WS2Z23TCNA,Random,0.0,0.0
AFSD5CSKQUSWNC2KB5WS2Z23TCNA,Popularity,0.0,0.0
AFSD5CSKQUSWNC2KB5WS2Z23TCNA,CF (ItemKNN),0.0,0.0
AFSD5CSKQUSWNC2KB5WS2Z23TCNA,Content (Avg Emb),0.0,0.0
AFSD5CSKQUSWNC2KB5WS2Z23TCNA,Last-Item,0.0,0.0
AFSD5CSKQUSWNC2KB5WS2Z23TCNA,Avg-Last-10,0.0,0.0
AFSD5CSKQUSWNC2KB5WS2Z23TCNA,Recency-Weighted,0.0,0.0
AFSD5CSKQUSWNC2KB5WS2Z23TCNA,Essence (K=10),0.0,0.0
AFSDCHVKZLUGYXEBDYSHTGFPWDSQ,Random,0.0,
AFSDCHVKZLUGYXEBDYSHTGFPWDSQ,Popularity,0.0,
AFSDCHVKZLUGYXEBDYSHTGFPWDSQ,CF (ItemKNN),0.0,
AFSDCHVKZLUGYXEBDYSHTGFPWDSQ,Content (Avg Emb),0.0,
AFSDCHVKZLUGYXEBDYSHTGFPWDSQ,Last-Item,0.0,
AFSDCHVKZLUGYXEBDYSHTGFPWDSQ,Avg-Last-10,0.0,
AFSDCHVKZLUGYXEBDYSHTGFPWDSQ,Recency-Weighted,0.0,
AFSDCHVKZLUGYXEBDYSHTGFPWDSQ,Essence (K=10),0.0,
AFSJQDINDJ7YSCVGUKHBL4XBDNUA,Random,0.0,0.0
AFSJQDINDJ7YSCVGUKHBL4XBDNUA,Popularity,0.0,0.0
AFSJQDINDJ7YSCVGUKHBL4XBDNUA,CF (ItemKNN),0.05263157894736842,0.5
AFSJQDINDJ7YSCVGUKHBL4XBDNUA,Content (Avg Emb),0.10526315789473684,0.0
AFSJQDINDJ7YSCVGUKHBL4XBDNUA,Last-Item,0.05263157894736842,0.0
AFSJQDINDJ7YSCVGUKHBL4XBDNUA,Avg-Last-10,0.10526315789473684,0.0
AFSJQDINDJ7YSCVGUKHBL4XBDNUA,Recency-Weighted,0.10526315789473684,0.0
AFSJQDINDJ7YSCVGUKHBL4XBDNUA,Essence (K=10),0.0,0.0
AFSMKZXC5LLBOEGNYZF4XE73GZIQ,Random,0.0,
AFSMKZXC5LLBOEGNYZF4XE73GZIQ,Popularity,0.0,
AFSMKZXC5LLBOEGNYZF4XE73GZIQ,CF (ItemKNN),0.0,
AFSMKZXC5LLBOEGNYZF4XE73GZIQ,Content (Avg Emb),0.0,
AFSMKZXC5LLBOEGNYZF4XE73GZIQ,Last-Item,0.0,
AFSMKZXC5LLBOEGNYZF4XE73GZIQ,Avg-Last-10,0.0,
AFSMKZXC5LLBOEGNYZF4XE73GZIQ,Recency-Weighted,0.0,
AFSMKZXC5LLBOEGNYZF4XE73GZIQ,Essence (K=10),0.0,
AFSOE6CUYFA4B3DBWAUZT5BLYKGQ,Random,0.0,
AFSOE6CUYFA4B3DBWAUZT5BLYKGQ,Popularity,0.0,
AFSOE6CUYFA4B3DBWAUZT5BLYKGQ,CF (ItemKNN),0.0,
AFSOE6CUYFA4B3DBWAUZT5BLYKGQ,Content (Avg Emb),0.0,
AFSOE6CUYFA4B3DBWAUZT5BLYKGQ,Last-Item,0.0,
AFSOE6CUYFA4B3DBWAUZT5BLYKGQ,Avg-Last-10,0.0,
AFSOE6CUYFA4B3DBWAUZT5BLYKGQ,Recency-Weighted,0.0,
AFSOE6CUYFA4B3DBWAUZT5BLYKGQ,Essence (K=10),0.0,
AFSPNU7RCSF3Q5N32XNAQK63GUXA,Random,0.0,
AFSPNU7RCSF3Q5N32XNAQK63GUXA,Popularity,0.0,
AFSPNU7RCSF3Q5N32XNAQK63GUXA,CF (ItemKNN),0.0,
AFSPNU7RCSF3Q5N32XNAQK63GUXA,Content (Avg Emb),0.0,
AFSPNU7RCSF3Q5N32XNAQK63GUXA,Last-Item,0.0,
AFSPNU7RCSF3Q5N32XNAQK63GUXA,Avg-Last-10,0.0,
AFSPNU7RCSF3Q5N32XNAQK63GUXA,Recency-Weighted,0.0,
AFSPNU7RCSF3Q5N32XNAQK63GUXA,Essence (K=10),0.0,
AFSTMH7U632CHK6PCXFDWUY7BP2A,Random,0.0,0.0
AFSTMH7U632CHK6PCXFDWUY7BP2A,Popularity,0.0,0.0
AFSTMH7U632CHK6PCXFDWUY7BP2A,CF (ItemKNN),0.0,0.0
AFSTMH7U632CHK6PCXFDWUY7BP2A,Content (Avg Emb),0.0,0.0
AFSTMH7U632CHK6PCXFDWUY7BP2A,Last-Item,0.0,0.0
AFSTMH7U632CHK6PCXFDWUY7BP2A,Avg-Last-10,0.0,0.0
AFSTMH7U632CHK6PCXFDWUY7BP2A,Recency-Weighted,0.2,0.3333333333333333
AFSTMH7U632CHK6PCXFDWUY7BP2A,Essence (K=10),0.0,0.0
AFSTRVM7HCN36GBDSYDU3GIOGQYA,Random,0.0,0.0
AFSTRVM7HCN36GBDSYDU3GIOGQYA,Popularity,0.0,0.0
AFSTRVM7HCN36GBDSYDU3GIOGQYA,CF (ItemKNN),0.0,0.0
AFSTRVM7HCN36GBDSYDU3GIOGQYA,Content (Avg Emb),0.0,0.0
AFSTRVM7HCN36GBDSYDU3GIOGQYA,Last-Item,0.0,0.0
AFSTRVM7HCN36GBDSYDU3GIOGQYA,Avg-Last-10,0.0,0.0
AFSTRVM7HCN36GBDSYDU3GIOGQYA,Recency-Weighted,0.0,0.0
AFSTRVM7HCN36GBDSYDU3GIOGQYA,Essence (K=10),0.0,0.0
AFSXUVAIKUK7LPVOYW7NL6I5FK4A,Random,0.0,0.0
AFSXUVAIKUK7LPVOYW7NL6I5FK4A,Popularity,0.0,0.0
AFSXUVAIKUK7LPVOYW7NL6I5FK4A,CF (ItemKNN),0.0,0.0
AFSXUVAIKUK7LPVOYW7NL6I5FK4A,Content (Avg Emb),0.0,0.0
AFSXUVAIKUK7LPVOYW7NL6I5FK4A,Last-Item,0.0,0.0
AFSXUVAIKUK7LPVOYW7NL6I5FK4A,Avg-Last-10,0.0,0.0
AFSXUVAIKUK7LPVOYW7NL6I5FK4A,Recency-Weighted,0.0,0.0
AFSXUVAIKUK7LPVOYW7NL6I5FK4A,Essence (K=10),0.0,0.0
AFSYHZQDAT4PQ7GKSNT7ISNICASQ,Random,0.0,
AFSYHZQDAT4PQ7GKSNT7ISNICASQ,Popularity,0.0,
AFSYHZQDAT4PQ7GKSNT7ISNICASQ,CF (ItemKNN),0.0,
AFSYHZQDAT4PQ7GKSNT7ISNICASQ,Content (Avg Emb),0.0,
AFSYHZQDAT4PQ7GKSNT7ISNICASQ,Last-Item,0.0,
AFSYHZQDAT4PQ7GKSNT7ISNICASQ,Avg-Last-10,0.0,
AFSYHZQDAT4PQ7GKSNT7ISNICASQ,Recency-Weighted,0.0,
AFSYHZQDAT4PQ7GKSNT7ISNICASQ,Essence (K=10),0.0,
AFSZXKMEH7GMF257EMPBZ64SCF7Q,Random,0.0,
AFSZXKMEH7GMF257EMPBZ64SCF7Q,Popularity,0.0,
AFSZXKMEH7GMF257EMPBZ64SCF7Q,CF (ItemKNN),0.0,
AFSZXKMEH7GMF257EMPBZ64SCF7Q,Content (Avg Emb),0.0,
AFSZXKMEH7GMF257EMPBZ64SCF7Q,Last-Item,0.0,
AFSZXKMEH7GMF257EMPBZ64SCF7Q,Avg-Last-10,0.0,
AFSZXKMEH7GMF257EMPBZ64SCF7Q,Recency-Weighted,0.0,
AFSZXKMEH7GMF257EMPBZ64SCF7Q,Essence (K=10),0.0,
AFT27H7RWAHK2DR44IHDWG7ZTBOQ,Random,0.0,0.0
AFT27H7RWAHK2DR44IHDWG7ZTBOQ,Popularity,0.0,0.0
AFT27H7RWAHK2DR44IHDWG7ZTBOQ,CF (ItemKNN),0.0,0.0
AFT27H7RWAHK2DR44IHDWG7ZTBOQ,Content (Avg Emb),0.0,0.0
AFT27H7RWAHK2DR44IHDWG7ZTBOQ,Last-Item,0.0,0.0
AFT27H7RWAHK2DR44IHDWG7ZTBOQ,Avg-Last-10,0.0,0.0
AFT27H7RWAHK2DR44IHDWG7ZTBOQ,Recency-Weighted,0.0,0.0
AFT27H7RWAHK2DR44IHDWG7ZTBOQ,Essence (K=10),0.0,0.0
AFT2KA5CLENUCLGLKEYZXCMK6QQQ,Random,0.0,0.0
AFT2KA5CLENUCLGLKEYZXCMK6QQQ,Popularity,0.0,0.0
AFT2KA5CLENUCLGLKEYZXCMK6QQQ,CF (ItemKNN),0.0,0.0
AFT2KA5CLENUCLGLKEYZXCMK6QQQ,Content (Avg Emb),0.0,0.0
AFT2KA5CLENUCLGLKEYZXCMK6QQQ,Last-Item,0.0,0.0
AFT2KA5CLENUCLGLKEYZXCMK6QQQ,Avg-Last-10,0.0,0.0
AFT2KA5CLENUCLGLKEYZXCMK6QQQ,Recency-Weighted,0.0,0.0
AFT2KA5CLENUCLGLKEYZXCMK6QQQ,Essence (K=10),0.0,0.0
AFT474OSLK6Q2TSFCBCJF7SPWWGQ,Random,0.0,0.0
AFT474OSLK6Q2TSFCBCJF7SPWWGQ,Popularity,0.0,0.0
AFT474OSLK6Q2TSFCBCJF7SPWWGQ,CF (ItemKNN),0.2,0.5
AFT474OSLK6Q2TSFCBCJF7SPWWGQ,Content (Avg Emb),0.0,0.0
AFT474OSLK6Q2TSFCBCJF7SPWWGQ,Last-Item,0.0,0.0
AFT474OSLK6Q2TSFCBCJF7SPWWGQ,Avg-Last-10,0.0,0.0
AFT474OSLK6Q2TSFCBCJF7SPWWGQ,Recency-Weighted,0.0,0.0
AFT474OSLK6Q2TSFCBCJF7SPWWGQ,Essence (K=10),0.0,0.0
AFT4JQEIOXSGENBGVHGSVYXCMKJA,Random,0.0,0.0
AFT4JQEIOXSGENBGVHGSVYXCMKJA,Popularity,0.0,0.0
AFT4JQEIOXSGENBGVHGSVYXCMKJA,CF (ItemKNN),0.0,0.0
AFT4JQEIOXSGENBGVHGSVYXCMKJA,Content (Avg Emb),0.0,0.0
AFT4JQEIOXSGENBGVHGSVYXCMKJA,Last-Item,0.0,0.0
AFT4JQEIOXSGENBGVHGSVYXCMKJA,Avg-Last-10,0.0,0.0
AFT4JQEIOXSGENBGVHGSVYXCMKJA,Recency-Weighted,0.0,0.0
AFT4JQEIOXSGENBGVHGSVYXCMKJA,Essence (K=10),0.0,0.0
AFT4KW5LV6RW3FWNLVVJ2WVK6PWQ,Random,0.0,0.0
AFT4KW5LV6RW3FWNLVVJ2WVK6PWQ,Popularity,0.0,0.0
AFT4KW5LV6RW3FWNLVVJ2WVK6PWQ,CF (ItemKNN),0.0,0.0
AFT4KW5LV6RW3FWNLVVJ2WVK6PWQ,Content (Avg Emb),0.0,0.0
AFT4KW5LV6RW3FWNLVVJ2WVK6PWQ,Last-Item,0.1111111111111111,0.0
AFT4KW5LV6RW3FWNLVVJ2WVK6PWQ,Avg-Last-10,0.1111111111111111,0.0
AFT4KW5LV6RW3FWNLVVJ2WVK6PWQ,Recency-Weighted,0.1111111111111111,0.0
AFT4KW5LV6RW3FWNLVVJ2WVK6PWQ,Essence (K=10),0.1111111111111111,0.0
AFT4UJF42JFZZM2KDVNBJOB4UFZA,Random,0.0,0.0
AFT4UJF42JFZZM2KDVNBJOB4UFZA,Popularity,0.0,0.0
AFT4UJF42JFZZM2KDVNBJOB4UFZA,CF (ItemKNN),0.0,0.0
AFT4UJF42JFZZM2KDVNBJOB4UFZA,Content (Avg Emb),0.0,0.0
AFT4UJF42JFZZM2KDVNBJOB4UFZA,Last-Item,0.0,0.0
AFT4UJF42JFZZM2KDVNBJOB4UFZA,Avg-Last-10,0.0,0.0
AFT4UJF42JFZZM2KDVNBJOB4UFZA,Recency-Weighted,0.0,0.0
AFT4UJF42JFZZM2KDVNBJOB4UFZA,Essence (K=10),0.0,0.0
AFT57HVH4BWX64KBDDRQKSRF4XYA,Random,0.0,
AFT57HVH4BWX64KBDDRQKSRF4XYA,Popularity,0.0,
AFT57HVH4BWX64KBDDRQKSRF4XYA,CF (ItemKNN),0.0,
AFT57HVH4BWX64KBDDRQKSRF4XYA,Content (Avg Emb),0.0,
AFT57HVH4BWX64KBDDRQKSRF4XYA,Last-Item,0.0,
AFT57HVH4BWX64KBDDRQKSRF4XYA,Avg-Last-10,0.0,
AFT57HVH4BWX64KBDDRQKSRF4XYA,Recency-Weighted,0.0,
AFT57HVH4BWX64KBDDRQKSRF4XYA,Essence (K=10),0.0,
AFT6NKVPX6IKUPEMEIRLMICXAJEA,Random,0.0,0.0
AFT6NKVPX6IKUPEMEIRLMICXAJEA,Popularity,0.0,0.0
AFT6NKVPX6IKUPEMEIRLMICXAJEA,CF (ItemKNN),0.0,0.0
AFT6NKVPX6IKUPEMEIRLMICXAJEA,Content (Avg Emb),0.0,0.0
AFT6NKVPX6IKUPEMEIRLMICXAJEA,Last-Item,0.0,0.0
AFT6NKVPX6IKUPEMEIRLMICXAJEA,Avg-Last-10,0.0,0.0
AFT6NKVPX6IKUPEMEIRLMICXAJEA,Recency-Weighted,0.0,0.0
AFT6NKVPX6IKUPEMEIRLMICXAJEA,Essence (K=10),0.0,0.0
AFTABZGQFOD3Z7RXUT7KPJKJ36EQ,Random,0.0,
AFTABZGQFOD3Z7RXUT7KPJKJ36EQ,Popularity,0.0,
AFTABZGQFOD3Z7RXUT7KPJKJ36EQ,CF (ItemKNN),0.0,
AFTABZGQFOD3Z7RXUT7KPJKJ36EQ,Content (Avg Emb),0.2857142857142857,
AFTABZGQFOD3Z7RXUT7KPJKJ36EQ,Last-Item,0.5714285714285714,
AFTABZGQFOD3Z7RXUT7KPJKJ36EQ,Avg-Last-10,0.5714285714285714,
AFTABZGQFOD3Z7RXUT7KPJKJ36EQ,Recency-Weighted,0.5714285714285714,
AFTABZGQFOD3Z7RXUT7KPJKJ36EQ,Essence (K=10),0.5714285714285714,
AFTPHODED6MHDEMNLP6P5TMPBSVA,Random,0.0,
AFTPHODED6MHDEMNLP6P5TMPBSVA,Popularity,0.0,
AFTPHODED6MHDEMNLP6P5TMPBSVA,CF (ItemKNN),0.0,
AFTPHODED6MHDEMNLP6P5TMPBSVA,Content (Avg Emb),0.0,
AFTPHODED6MHDEMNLP6P5TMPBSVA,Last-Item,0.0,
AFTPHODED6MHDEMNLP6P5TMPBSVA,Avg-Last-10,0.0,
AFTPHODED6MHDEMNLP6P5TMPBSVA,Recency-Weighted,0.0,
AFTPHODED6MHDEMNLP6P5TMPBSVA,Essence (K=10),0.0,
AFTV44MRDW3TFUAEDDOSED6EQ7CQ,Random,0.0,0.0
AFTV44MRDW3TFUAEDDOSED6EQ7CQ,Popularity,0.0,0.0
AFTV44MRDW3TFUAEDDOSED6EQ7CQ,CF (ItemKNN),0.0,0.0
AFTV44MRDW3TFUAEDDOSED6EQ7CQ,Content (Avg Emb),0.0,0.0
AFTV44MRDW3TFUAEDDOSED6EQ7CQ,Last-Item,0.0,0.0
AFTV44MRDW3TFUAEDDOSED6EQ7CQ,Avg-Last-10,0.0,0.0
AFTV44MRDW3TFUAEDDOSED6EQ7CQ,Recency-Weighted,0.0,0.0
AFTV44MRDW3TFUAEDDOSED6EQ7CQ,Essence (K=10),0.0,0.0
AFTVR2JKEVGUFDSSOQZNHCSRXW2Q,Random,0.0,0.0
AFTVR2JKEVGUFDSSOQZNHCSRXW2Q,Popularity,0.0,0.0
AFTVR2JKEVGUFDSSOQZNHCSRXW2Q,CF (ItemKNN),0.0,0.0
AFTVR2JKEVGUFDSSOQZNHCSRXW2Q,Content (Avg Emb),0.0,0.0
AFTVR2JKEVGUFDSSOQZNHCSRXW2Q,Last-Item,0.0,0.0
AFTVR2JKEVGUFDSSOQZNHCSRXW2Q,Avg-Last-10,0.0,0.0
AFTVR2JKEVGUFDSSOQZNHCSRXW2Q,Recency-Weighted,0.0,0.0
AFTVR2JKEVGUFDSSOQZNHCSRXW2Q,Essence (K=10),0.0,0.0
AFTVZVP6YZQ4FT3GK2OLKTFFFWAA,Random,0.0,
AFTVZVP6YZQ4FT3GK2OLKTFFFWAA,Popularity,0.0,
AFTVZVP6YZQ4FT3GK2OLKTFFFWAA,CF (ItemKNN),0.0,
AFTVZVP6YZQ4FT3GK2OLKTFFFWAA,Content (Avg Emb),0.0,
AFTVZVP6YZQ4FT3GK2OLKTFFFWAA,Last-Item,0.0,
AFTVZVP6YZQ4FT3GK2OLKTFFFWAA,Avg-Last-10,0.0,
AFTVZVP6YZQ4FT3GK2OLKTFFFWAA,Recency-Weighted,0.0,
AFTVZVP6YZQ4FT3GK2OLKTFFFWAA,Essence (K=10),0.0,
AFTY2W2L5KAHMGJC45YDKBKOFPSQ,Random,0.0,
AFTY2W2L5KAHMGJC45YDKBKOFPSQ,Popularity,0.0,
AFTY2W2L5KAHMGJC45YDKBKOFPSQ,CF (ItemKNN),0.0,
AFTY2W2L5KAHMGJC45YDKBKOFPSQ,Content (Avg Emb),0.0,
AFTY2W2L5KAHMGJC45YDKBKOFPSQ,Last-Item,0.0,
AFTY2W2L5KAHMGJC45YDKBKOFPSQ,Avg-Last-10,0.0,
AFTY2W2L5KAHMGJC45YDKBKOFPSQ,Recency-Weighted,0.0,
AFTY2W2L5KAHMGJC45YDKBKOFPSQ,Essence (K=10),0.0,
AFU5QF435PD4QKGO7PDT46FC6W7A,Random,0.0,0.0
AFU5QF435PD4QKGO7PDT46FC6W7A,Popularity,0.0,0.0
AFU5QF435PD4QKGO7PDT46FC6W7A,CF (ItemKNN),0.0,0.0
AFU5QF435PD4QKGO7PDT46FC6W7A,Content (Avg Emb),0.0,0.0
AFU5QF435PD4QKGO7PDT46FC6W7A,Last-Item,0.0,0.0
AFU5QF435PD4QKGO7PDT46FC6W7A,Avg-Last-10,0.0,0.0
AFU5QF435PD4QKGO7PDT46FC6W7A,Recency-Weighted,0.0,0.0
AFU5QF435PD4QKGO7PDT46FC6W7A,Essence (K=10),0.0,0.0
AFU6H2YGKXAWNLNTQHBODV3NPAEA,Random,0.0,0.0
AFU6H2YGKXAWNLNTQHBODV3NPAEA,Popularity,0.0,0.0
AFU6H2YGKXAWNLNTQHBODV3NPAEA,CF (ItemKNN),0.0,0.0
AFU6H2YGKXAWNLNTQHBODV3NPAEA,Content (Avg Emb),0.0,0.0
AFU6H2YGKXAWNLNTQHBODV3NPAEA,Last-Item,0.2857142857142857,1.0
AFU6H2YGKXAWNLNTQHBODV3NPAEA,Avg-Last-10,0.0,0.0
AFU6H2YGKXAWNLNTQHBODV3NPAEA,Recency-Weighted,0.0,0.0
AFU6H2YGKXAWNLNTQHBODV3NPAEA,Essence (K=10),0.0,0.0
AFU7RZ3PWHPJMVC43JLSLZDUHNDA,Random,0.0,0.0
AFU7RZ3PWHPJMVC43JLSLZDUHNDA,Popularity,0.16666666666666666,0.0
AFU7RZ3PWHPJMVC43JLSLZDUHNDA,CF (ItemKNN),0.0,0.0
AFU7RZ3PWHPJMVC43JLSLZDUHNDA,Content (Avg Emb),0.0,0.0
AFU7RZ3PWHPJMVC43JLSLZDUHNDA,Last-Item,0.0,0.0
AFU7RZ3PWHPJMVC43JLSLZDUHNDA,Avg-Last-10,0.0,0.0
AFU7RZ3PWHPJMVC43JLSLZDUHNDA,Recency-Weighted,0.0,0.0
AFU7RZ3PWHPJMVC43JLSLZDUHNDA,Essence (K=10),0.0,0.0
AFUEFQPRHURC4SDRBS2VGMAM7BPQ,Random,0.0,0.0
AFUEFQPRHURC4SDRBS2VGMAM7BPQ,Popularity,0.0,0.0
AFUEFQPRHURC4SDRBS2VGMAM7BPQ,CF (ItemKNN),0.0,0.0
AFUEFQPRHURC4SDRBS2VGMAM7BPQ,Content (Avg Emb),0.0,0.0
AFUEFQPRHURC4SDRBS2VGMAM7BPQ,Last-Item,0.0,0.0
AFUEFQPRHURC4SDRBS2VGMAM7BPQ,Avg-Last-10,0.0,0.0
AFUEFQPRHURC4SDRBS2VGMAM7BPQ,Recency-Weighted,0.0,0.0
AFUEFQPRHURC4SDRBS2VGMAM7BPQ,Essence (K=10),0.0,0.0
AFUEWVJSO6QCFEIPP7CGQXLQEOJQ,Random,0.0,
AFUEWVJSO6QCFEIPP7CGQXLQEOJQ,Popularity,0.0,
AFUEWVJSO6QCFEIPP7CGQXLQEOJQ,CF (ItemKNN),0.0,
AFUEWVJSO6QCFEIPP7CGQXLQEOJQ,Content (Avg Emb),0.0,
AFUEWVJSO6QCFEIPP7CGQXLQEOJQ,Last-Item,0.0,
AFUEWVJSO6QCFEIPP7CGQXLQEOJQ,Avg-Last-10,0.0,
AFUEWVJSO6QCFEIPP7CGQXLQEOJQ,Recency-Weighted,0.0,
AFUEWVJSO6QCFEIPP7CGQXLQEOJQ,Essence (K=10),0.0,
AFUGBAVJPH5QXVCYDCC57KMYGXWA,Random,0.0,
AFUGBAVJPH5QXVCYDCC57KMYGXWA,Popularity,0.0,
AFUGBAVJPH5QXVCYDCC57KMYGXWA,CF (ItemKNN),0.0,
AFUGBAVJPH5QXVCYDCC57KMYGXWA,Content (Avg Emb),0.0,
AFUGBAVJPH5QXVCYDCC57KMYGXWA,Last-Item,0.0,
AFUGBAVJPH5QXVCYDCC57KMYGXWA,Avg-Last-10,0.0,
AFUGBAVJPH5QXVCYDCC57KMYGXWA,Recency-Weighted,0.0,
AFUGBAVJPH5QXVCYDCC57KMYGXWA,Essence (K=10),0.0,
AFUIKNMIBLX5NLZ3JYB5UK4NGXNQ,Random,0.0,0.0
AFUIKNMIBLX5NLZ3JYB5UK4NGXNQ,Popularity,0.0,0.0
AFUIKNMIBLX5NLZ3JYB5UK4NGXNQ,CF (ItemKNN),0.0,0.0
AFUIKNMIBLX5NLZ3JYB5UK4NGXNQ,Content (Avg Emb),0.0,0.0
AFUIKNMIBLX5NLZ3JYB5UK4NGXNQ,Last-Item,0.0,0.0
AFUIKNMIBLX5NLZ3JYB5UK4NGXNQ,Avg-Last-10,0.0,0.0
AFUIKNMIBLX5NLZ3JYB5UK4NGXNQ,Recency-Weighted,0.0,0.0
AFUIKNMIBLX5NLZ3JYB5UK4NGXNQ,Essence (K=10),0.0,0.0
AFUJ4KVERHGJMOEU5CN3ERR5YCEA,Random,0.0,0.0
AFUJ4KVERHGJMOEU5CN3ERR5YCEA,Popularity,0.0,0.0
AFUJ4KVERHGJMOEU5CN3ERR5YCEA,CF (ItemKNN),0.0,0.0
AFUJ4KVERHGJMOEU5CN3ERR5YCEA,Content (Avg Emb),0.0,0.0
AFUJ4KVERHGJMOEU5CN3ERR5YCEA,Last-Item,0.0,0.0
AFUJ4KVERHGJMOEU5CN3ERR5YCEA,Avg-Last-10,0.0,0.0
AFUJ4KVERHGJMOEU5CN3ERR5YCEA,Recency-Weighted,0.0,0.0
AFUJ4KVERHGJMOEU5CN3ERR5YCEA,Essence (K=10),0.0,0.0
AFULHBO2RKOADAJJAJNFWW57MXQQ,Random,0.0,
AFULHBO2RKOADAJJAJNFWW57MXQQ,Popularity,0.0,
AFULHBO2RKOADAJJAJNFWW57MXQQ,CF (ItemKNN),0.0,
AFULHBO2RKOADAJJAJNFWW57MXQQ,Content (Avg Emb),0.0,
AFULHBO2RKOADAJJAJNFWW57MXQQ,Last-Item,0.0,
AFULHBO2RKOADAJJAJNFWW57MXQQ,Avg-Last-10,0.0,
AFULHBO2RKOADAJJAJNFWW57MXQQ,Recency-Weighted,0.0,
AFULHBO2RKOADAJJAJNFWW57MXQQ,Essence (K=10),0.0,
AFUPOQY5RSV572OSK3EAYHJP42IA,Random,0.0,0.0
AFUPOQY5RSV572OSK3EAYHJP42IA,Popularity,0.0,0.0
AFUPOQY5RSV572OSK3EAYHJP42IA,CF (ItemKNN),0.0,0.0
AFUPOQY5RSV572OSK3EAYHJP42IA,Content (Avg Emb),0.0,0.0
AFUPOQY5RSV572OSK3EAYHJP42IA,Last-Item,0.0,0.0
AFUPOQY5RSV572OSK3EAYHJP42IA,Avg-Last-10,0.0,0.0
AFUPOQY5RSV572OSK3EAYHJP42IA,Recency-Weighted,0.0,0.0
AFUPOQY5RSV572OSK3EAYHJP42IA,Essence (K=10),0.0,0.0
AFURGBTZDSJMFRQHNLJGRT3GZWKQ,Random,0.0,0.0
AFURGBTZDSJMFRQHNLJGRT3GZWKQ,Popularity,0.0,0.0
AFURGBTZDSJMFRQHNLJGRT3GZWKQ,CF (ItemKNN),0.0,0.0
AFURGBTZDSJMFRQHNLJGRT3GZWKQ,Content (Avg Emb),0.0,0.0
AFURGBTZDSJMFRQHNLJGRT3GZWKQ,Last-Item,0.0,0.0
AFURGBTZDSJMFRQHNLJGRT3GZWKQ,Avg-Last-10,0.0,0.0
AFURGBTZDSJMFRQHNLJGRT3GZWKQ,Recency-Weighted,0.0,0.0
AFURGBTZDSJMFRQHNLJGRT3GZWKQ,Essence (K=10),0.0,0.0
AFUSZCLQUAUQBVWFRKZBDFH3LY3A,Random,0.0,
AFUSZCLQUAUQBVWFRKZBDFH3LY3A,Popularity,0.0,
AFUSZCLQUAUQBVWFRKZBDFH3LY3A,CF (ItemKNN),0.0,
AFUSZCLQUAUQBVWFRKZBDFH3LY3A,Content (Avg Emb),0.0,
AFUSZCLQUAUQBVWFRKZBDFH3LY3A,Last-Item,0.0,
AFUSZCLQUAUQBVWFRKZBDFH3LY3A,Avg-Last-10,0.0,
AFUSZCLQUAUQBVWFRKZBDFH3LY3A,Recency-Weighted,0.0,
AFUSZCLQUAUQBVWFRKZBDFH3LY3A,Essence (K=10),0.0,
AFUV4VUBXN67W5JNJPNZ5DAZPE6A,Random,0.0,0.0
AFUV4VUBXN67W5JNJPNZ5DAZPE6A,Popularity,0.0,0.0
AFUV4VUBXN67W5JNJPNZ5DAZPE6A,CF (ItemKNN),0.0,0.0
AFUV4VUBXN67W5JNJPNZ5DAZPE6A,Content (Avg Emb),0.125,0.0
AFUV4VUBXN67W5JNJPNZ5DAZPE6A,Last-Item,0.125,1.0
AFUV4VUBXN67W5JNJPNZ5DAZPE6A,Avg-Last-10,0.0,0.0
AFUV4VUBXN67W5JNJPNZ5DAZPE6A,Recency-Weighted,0.0,0.0
AFUV4VUBXN67W5JNJPNZ5DAZPE6A,Essence (K=10),0.375,0.0
AFUXPD5BJQWRSIKENU5CELUTDSGQ,Random,0.0,0.0
AFUXPD5BJQWRSIKENU5CELUTDSGQ,Popularity,0.0,0.0
AFUXPD5BJQWRSIKENU5CELUTDSGQ,CF (ItemKNN),0.0,0.0
AFUXPD5BJQWRSIKENU5CELUTDSGQ,Content (Avg Emb),0.0,0.0
AFUXPD5BJQWRSIKENU5CELUTDSGQ,Last-Item,0.0,0.0
AFUXPD5BJQWRSIKENU5CELUTDSGQ,Avg-Last-10,0.0,0.0
AFUXPD5BJQWRSIKENU5CELUTDSGQ,Recency-Weighted,0.0,0.0
AFUXPD5BJQWRSIKENU5CELUTDSGQ,Essence (K=10),0.0,0.0
AFUYENS5K5RUBNNPN5YFIRUQSWSA,Random,0.0,0.0
AFUYENS5K5RUBNNPN5YFIRUQSWSA,Popularity,0.0,0.0
AFUYENS5K5RUBNNPN5YFIRUQSWSA,CF (ItemKNN),0.0,0.0
AFUYENS5K5RUBNNPN5YFIRUQSWSA,Content (Avg Emb),0.0,0.0
AFUYENS5K5RUBNNPN5YFIRUQSWSA,Last-Item,0.0,0.0
AFUYENS5K5RUBNNPN5YFIRUQSWSA,Avg-Last-10,0.0,0.0
AFUYENS5K5RUBNNPN5YFIRUQSWSA,Recency-Weighted,0.0,0.0
AFUYENS5K5RUBNNPN5YFIRUQSWSA,Essence (K=10),0.0,0.0
AFV7BHNY5QGVMYKC4Q5VNZLVQNIQ,Random,0.0,
AFV7BHNY5QGVMYKC4Q5VNZLVQNIQ,Popularity,0.0,
AFV7BHNY5QGVMYKC4Q5VNZLVQNIQ,CF (ItemKNN),0.0,
AFV7BHNY5QGVMYKC4Q5VNZLVQNIQ,Content (Avg Emb),0.0,
AFV7BHNY5QGVMYKC4Q5VNZLVQNIQ,Last-Item,0.0,
AFV7BHNY5QGVMYKC4Q5VNZLVQNIQ,Avg-Last-10,0.0,
AFV7BHNY5QGVMYKC4Q5VNZLVQNIQ,Recency-Weighted,0.0,
AFV7BHNY5QGVMYKC4Q5VNZLVQNIQ,Essence (K=10),0.0,
AFV7LFIKZAWA7TGWJMEI22I32GQA,Random,0.0,
AFV7LFIKZAWA7TGWJMEI22I32GQA,Popularity,0.0,
AFV7LFIKZAWA7TGWJMEI22I32GQA,CF (ItemKNN),0.0,
AFV7LFIKZAWA7TGWJMEI22I32GQA,Content (Avg Emb),0.0,
AFV7LFIKZAWA7TGWJMEI22I32GQA,Last-Item,0.0,
AFV7LFIKZAWA7TGWJMEI22I32GQA,Avg-Last-10,0.0,
AFV7LFIKZAWA7TGWJMEI22I32GQA,Recency-Weighted,0.0,
AFV7LFIKZAWA7TGWJMEI22I32GQA,Essence (K=10),0.0,
AFVA5W76II3KZYZBM6A6MJ5F77MQ,Random,0.0,
AFVA5W76II3KZYZBM6A6MJ5F77MQ,Popularity,0.0,
AFVA5W76II3KZYZBM6A6MJ5F77MQ,CF (ItemKNN),0.0,
AFVA5W76II3KZYZBM6A6MJ5F77MQ,Content (Avg Emb),0.0,
AFVA5W76II3KZYZBM6A6MJ5F77MQ,Last-Item,0.0,
AFVA5W76II3KZYZBM6A6MJ5F77MQ,Avg-Last-10,0.0,
AFVA5W76II3KZYZBM6A6MJ5F77MQ,Recency-Weighted,0.0,
AFVA5W76II3KZYZBM6A6MJ5F77MQ,Essence (K=10),0.0,
AFVFLIMZPBUBWCRTHJKUEYM6KRLQ,Random,0.0,
AFVFLIMZPBUBWCRTHJKUEYM6KRLQ,Popularity,0.0,
AFVFLIMZPBUBWCRTHJKUEYM6KRLQ,CF (ItemKNN),0.0,
AFVFLIMZPBUBWCRTHJKUEYM6KRLQ,Content (Avg Emb),0.2,
AFVFLIMZPBUBWCRTHJKUEYM6KRLQ,Last-Item,0.0,
AFVFLIMZPBUBWCRTHJKUEYM6KRLQ,Avg-Last-10,0.2,
AFVFLIMZPBUBWCRTHJKUEYM6KRLQ,Recency-Weighted,0.2,
AFVFLIMZPBUBWCRTHJKUEYM6KRLQ,Essence (K=10),0.0,
AFVM7VBAMR3IJTMPVFF3N63GLM6A,Random,0.0,
AFVM7VBAMR3IJTMPVFF3N63GLM6A,Popularity,0.0,
AFVM7VBAMR3IJTMPVFF3N63GLM6A,CF (ItemKNN),0.0,
AFVM7VBAMR3IJTMPVFF3N63GLM6A,Content (Avg Emb),0.0,
AFVM7VBAMR3IJTMPVFF3N63GLM6A,Last-Item,0.0,
AFVM7VBAMR3IJTMPVFF3N63GLM6A,Avg-Last-10,0.0,
AFVM7VBAMR3IJTMPVFF3N63GLM6A,Recency-Weighted,0.0,
AFVM7VBAMR3IJTMPVFF3N63GLM6A,Essence (K=10),0.0,
AFVMFSL2ZYMCQ5KJESHDXSUL2RLQ,Random,0.0,0.0
AFVMFSL2ZYMCQ5KJESHDXSUL2RLQ,Popularity,0.0,0.0
AFVMFSL2ZYMCQ5KJESHDXSUL2RLQ,CF (ItemKNN),0.0,0.0
AFVMFSL2ZYMCQ5KJESHDXSUL2RLQ,Content (Avg Emb),0.0,0.0
AFVMFSL2ZYMCQ5KJESHDXSUL2RLQ,Last-Item,0.0,0.0
AFVMFSL2ZYMCQ5KJESHDXSUL2RLQ,Avg-Last-10,0.0,0.0
AFVMFSL2ZYMCQ5KJESHDXSUL2RLQ,Recency-Weighted,0.0,0.0
AFVMFSL2ZYMCQ5KJESHDXSUL2RLQ,Essence (K=10),0.0,0.0
AFVP5HY6KKRHG23C65HUMXXZ25KQ,Random,0.0,0.0
AFVP5HY6KKRHG23C65HUMXXZ25KQ,Popularity,0.0,0.0
AFVP5HY6KKRHG23C65HUMXXZ25KQ,CF (ItemKNN),0.0,0.0
AFVP5HY6KKRHG23C65HUMXXZ25KQ,Content (Avg Emb),0.0,0.0
AFVP5HY6KKRHG23C65HUMXXZ25KQ,Last-Item,0.0,0.0
AFVP5HY6KKRHG23C65HUMXXZ25KQ,Avg-Last-10,0.0,0.0
AFVP5HY6KKRHG23C65HUMXXZ25KQ,Recency-Weighted,0.0,0.0
AFVP5HY6KKRHG23C65HUMXXZ25KQ,Essence (K=10),0.0,0.0
AFVR7CIL4RXITW7U5DHHXGTYDRZA,Random,0.0,0.0
AFVR7CIL4RXITW7U5DHHXGTYDRZA,Popularity,0.0,0.0
AFVR7CIL4RXITW7U5DHHXGTYDRZA,CF (ItemKNN),0.0,0.0
AFVR7CIL4RXITW7U5DHHXGTYDRZA,Content (Avg Emb),0.0,0.0
AFVR7CIL4RXITW7U5DHHXGTYDRZA,Last-Item,0.0,0.0
AFVR7CIL4RXITW7U5DHHXGTYDRZA,Avg-Last-10,0.0,0.0
AFVR7CIL4RXITW7U5DHHXGTYDRZA,Recency-Weighted,0.0,0.0
AFVR7CIL4RXITW7U5DHHXGTYDRZA,Essence (K=10),0.0,0.0
AFVXM7RXLDTBDNZV7FDVGMJ3IU6A,Random,0.0,
AFVXM7RXLDTBDNZV7FDVGMJ3IU6A,Popularity,0.0,
AFVXM7RXLDTBDNZV7FDVGMJ3IU6A,CF (ItemKNN),0.0,
AFVXM7RXLDTBDNZV7FDVGMJ3IU6A,Content (Avg Emb),0.0,
AFVXM7RXLDTBDNZV7FDVGMJ3IU6A,Last-Item,0.0,
AFVXM7RXLDTBDNZV7FDVGMJ3IU6A,Avg-Last-10,0.0,
AFVXM7RXLDTBDNZV7FDVGMJ3IU6A,Recency-Weighted,0.0,
AFVXM7RXLDTBDNZV7FDVGMJ3IU6A,Essence (K=10),0.0,
AFVYW6TUB7GQFL7P53CMEM34H24Q,Random,0.0,0.0
AFVYW6TUB7GQFL7P53CMEM34H24Q,Popularity,0.0,0.0
AFVYW6TUB7GQFL7P53CMEM34H24Q,CF (ItemKNN),0.0,0.0
AFVYW6TUB7GQFL7P53CMEM34H24Q,Content (Avg Emb),0.0,0.0
AFVYW6TUB7GQFL7P53CMEM34H24Q,Last-Item,0.0,0.0
AFVYW6TUB7GQFL7P53CMEM34H24Q,Avg-Last-10,0.0,0.0
AFVYW6TUB7GQFL7P53CMEM34H24Q,Recency-Weighted,0.0,0.0
AFVYW6TUB7GQFL7P53CMEM34H24Q,Essence (K=10),0.0,0.0
AFVZCNPUKSBH7UELHUEMVF2BRO4Q,Random,0.0,0.0
AFVZCNPUKSBH7UELHUEMVF2BRO4Q,Popularity,0.0,0.0
AFVZCNPUKSBH7UELHUEMVF2BRO4Q,CF (ItemKNN),0.0,0.0
AFVZCNPUKSBH7UELHUEMVF2BRO4Q,Content (Avg Emb),0.0,0.0
AFVZCNPUKSBH7UELHUEMVF2BRO4Q,Last-Item,0.0,0.0
AFVZCNPUKSBH7UELHUEMVF2BRO4Q,Avg-Last-10,0.0,0.0
AFVZCNPUKSBH7UELHUEMVF2BRO4Q,Recency-Weighted,0.0,0.0
AFVZCNPUKSBH7UELHUEMVF2BRO4Q,Essence (K=10),0.0,0.0
AFW5YNNRBCNDWWG2RNVZEUCQL4TA,Random,0.0,
AFW5YNNRBCNDWWG2RNVZEUCQL4TA,Popularity,0.0,
AFW5YNNRBCNDWWG2RNVZEUCQL4TA,CF (ItemKNN),0.0,
AFW5YNNRBCNDWWG2RNVZEUCQL4TA,Content (Avg Emb),0.0,
AFW5YNNRBCNDWWG2RNVZEUCQL4TA,Last-Item,0.0,
AFW5YNNRBCNDWWG2RNVZEUCQL4TA,Avg-Last-10,0.0,
AFW5YNNRBCNDWWG2RNVZEUCQL4TA,Recency-Weighted,0.0,
AFW5YNNRBCNDWWG2RNVZEUCQL4TA,Essence (K=10),0.0,
AFWD3PWZ5MPFWXUFPXLMPKC5NR6A,Random,0.0,0.0
AFWD3PWZ5MPFWXUFPXLMPKC5NR6A,Popularity,0.0,0.0
AFWD3PWZ5MPFWXUFPXLMPKC5NR6A,CF (ItemKNN),0.0,0.0
AFWD3PWZ5MPFWXUFPXLMPKC5NR6A,Content (Avg Emb),0.0,0.0
AFWD3PWZ5MPFWXUFPXLMPKC5NR6A,Last-Item,0.0,0.0
AFWD3PWZ5MPFWXUFPXLMPKC5NR6A,Avg-Last-10,0.0,0.0
AFWD3PWZ5MPFWXUFPXLMPKC5NR6A,Recency-Weighted,0.0,0.0
AFWD3PWZ5MPFWXUFPXLMPKC5NR6A,Essence (K=10),0.11764705882352941,0.0
AFWEPWAZNN7GJ5Q6SSLT25YALU4A,Random,0.0,
AFWEPWAZNN7GJ5Q6SSLT25YALU4A,Popularity,0.0,
AFWEPWAZNN7GJ5Q6SSLT25YALU4A,CF (ItemKNN),0.0,
AFWEPWAZNN7GJ5Q6SSLT25YALU4A,Content (Avg Emb),0.25,
AFWEPWAZNN7GJ5Q6SSLT25YALU4A,Last-Item,0.0,
AFWEPWAZNN7GJ5Q6SSLT25YALU4A,Avg-Last-10,0.25,
AFWEPWAZNN7GJ5Q6SSLT25YALU4A,Recency-Weighted,0.25,
AFWEPWAZNN7GJ5Q6SSLT25YALU4A,Essence (K=10),0.25,
AFWF4SZCPCIZXUUNGCEXFU6WL6GQ,Random,0.0,0.0
AFWF4SZCPCIZXUUNGCEXFU6WL6GQ,Popularity,0.0,0.0
AFWF4SZCPCIZXUUNGCEXFU6WL6GQ,CF (ItemKNN),0.0,0.0
AFWF4SZCPCIZXUUNGCEXFU6WL6GQ,Content (Avg Emb),0.0,0.0
AFWF4SZCPCIZXUUNGCEXFU6WL6GQ,Last-Item,0.0,0.0
AFWF4SZCPCIZXUUNGCEXFU6WL6GQ,Avg-Last-10,0.0,0.0
AFWF4SZCPCIZXUUNGCEXFU6WL6GQ,Recency-Weighted,0.0,0.0
AFWF4SZCPCIZXUUNGCEXFU6WL6GQ,Essence (K=10),0.0,0.0
AFWFUSZQ3UCM3GHCNHFTQSRX2YPA,Random,0.0,0.0
AFWFUSZQ3UCM3GHCNHFTQSRX2YPA,Popularity,0.0,0.0
AFWFUSZQ3UCM3GHCNHFTQSRX2YPA,CF (ItemKNN),0.0,0.0
AFWFUSZQ3UCM3GHCNHFTQSRX2YPA,Content (Avg Emb),0.0,0.0
AFWFUSZQ3UCM3GHCNHFTQSRX2YPA,Last-Item,0.36363636363636365,0.0
AFWFUSZQ3UCM3GHCNHFTQSRX2YPA,Avg-Last-10,0.09090909090909091,0.0
AFWFUSZQ3UCM3GHCNHFTQSRX2YPA,Recency-Weighted,0.2727272727272727,0.0
AFWFUSZQ3UCM3GHCNHFTQSRX2YPA,Essence (K=10),0.09090909090909091,0.0
AFWJIIAYYUBUM6NSCP243QONNEPA,Random,0.0,
AFWJIIAYYUBUM6NSCP243QONNEPA,Popularity,0.0,
AFWJIIAYYUBUM6NSCP243QONNEPA,CF (ItemKNN),0.0,
AFWJIIAYYUBUM6NSCP243QONNEPA,Content (Avg Emb),0.0,
AFWJIIAYYUBUM6NSCP243QONNEPA,Last-Item,0.0,
AFWJIIAYYUBUM6NSCP243QONNEPA,Avg-Last-10,0.0,
AFWJIIAYYUBUM6NSCP243QONNEPA,Recency-Weighted,0.0,
AFWJIIAYYUBUM6NSCP243QONNEPA,Essence (K=10),0.0,
AFWJJJ46PIGAMHSQ6P2EV5TZTWQA,Random,0.0,
AFWJJJ46PIGAMHSQ6P2EV5TZTWQA,Popularity,0.0,
AFWJJJ46PIGAMHSQ6P2EV5TZTWQA,CF (ItemKNN),0.0,
AFWJJJ46PIGAMHSQ6P2EV5TZTWQA,Content (Avg Emb),0.0,
AFWJJJ46PIGAMHSQ6P2EV5TZTWQA,Last-Item,0.16666666666666666,
AFWJJJ46PIGAMHSQ6P2EV5TZTWQA,Avg-Last-10,0.0,
AFWJJJ46PIGAMHSQ6P2EV5TZTWQA,Recency-Weighted,0.0,
AFWJJJ46PIGAMHSQ6P2EV5TZTWQA,Essence (K=10),0.0,
AFWKIMTYVOXMZQD24QEUC2UQEO7A,Random,0.0,0.0
AFWKIMTYVOXMZQD24QEUC2UQEO7A,Popularity,0.0,0.0
AFWKIMTYVOXMZQD24QEUC2UQEO7A,CF (ItemKNN),0.0,0.0
AFWKIMTYVOXMZQD24QEUC2UQEO7A,Content (Avg Emb),0.0,0.0
AFWKIMTYVOXMZQD24QEUC2UQEO7A,Last-Item,0.0,0.0
AFWKIMTYVOXMZQD24QEUC2UQEO7A,Avg-Last-10,0.0,0.0
AFWKIMTYVOXMZQD24QEUC2UQEO7A,Recency-Weighted,0.0,0.0
AFWKIMTYVOXMZQD24QEUC2UQEO7A,Essence (K=10),0.0,0.0
AFWL4OYOP7XIVAC4JO6SHT7OJCWA,Random,0.0,
AFWL4OYOP7XIVAC4JO6SHT7OJCWA,Popularity,0.0,
AFWL4OYOP7XIVAC4JO6SHT7OJCWA,CF (ItemKNN),0.0,
AFWL4OYOP7XIVAC4JO6SHT7OJCWA,Content (Avg Emb),0.0,
AFWL4OYOP7XIVAC4JO6SHT7OJCWA,Last-Item,0.0,
AFWL4OYOP7XIVAC4JO6SHT7OJCWA,Avg-Last-10,0.0,
AFWL4OYOP7XIVAC4JO6SHT7OJCWA,Recency-Weighted,0.0,
AFWL4OYOP7XIVAC4JO6SHT7OJCWA,Essence (K=10),0.0,
AFWNXDK6322LQIZXREWPAA4AJM2Q,Random,0.0,0.0
AFWNXDK6322LQIZXREWPAA4AJM2Q,Popularity,0.0,0.0
AFWNXDK6322LQIZXREWPAA4AJM2Q,CF (ItemKNN),0.0,0.0
AFWNXDK6322LQIZXREWPAA4AJM2Q,Content (Avg Emb),0.0,0.0
AFWNXDK6322LQIZXREWPAA4AJM2Q,Last-Item,0.0,0.0
AFWNXDK6322LQIZXREWPAA4AJM2Q,Avg-Last-10,0.0,0.0
AFWNXDK6322LQIZXREWPAA4AJM2Q,Recency-Weighted,0.0,0.0
AFWNXDK6322LQIZXREWPAA4AJM2Q,Essence (K=10),0.0,0.0
AFWW665CAZMBU3BCRK4MVIO6N5BQ,Random,0.0,0.0
AFWW665CAZMBU3BCRK4MVIO6N5BQ,Popularity,0.0,0.0
AFWW665CAZMBU3BCRK4MVIO6N5BQ,CF (ItemKNN),0.0,0.0
AFWW665CAZMBU3BCRK4MVIO6N5BQ,Content (Avg Emb),0.0,0.0
AFWW665CAZMBU3BCRK4MVIO6N5BQ,Last-Item,0.0,0.0
AFWW665CAZMBU3BCRK4MVIO6N5BQ,Avg-Last-10,0.0,0.0
AFWW665CAZMBU3BCRK4MVIO6N5BQ,Recency-Weighted,0.0,0.0
AFWW665CAZMBU3BCRK4MVIO6N5BQ,Essence (K=10),0.0,0.0
AFX5APRIJVTHSY7WTJS36JEPFZFA,Random,0.0,0.0
AFX5APRIJVTHSY7WTJS36JEPFZFA,Popularity,0.0,0.0
AFX5APRIJVTHSY7WTJS36JEPFZFA,CF (ItemKNN),0.0,0.0
AFX5APRIJVTHSY7WTJS36JEPFZFA,Content (Avg Emb),0.0,0.0
AFX5APRIJVTHSY7WTJS36JEPFZFA,Last-Item,0.2,0.0
AFX5APRIJVTHSY7WTJS36JEPFZFA,Avg-Last-10,0.2,0.0
AFX5APRIJVTHSY7WTJS36JEPFZFA,Recency-Weighted,0.0,0.0
AFX5APRIJVTHSY7WTJS36JEPFZFA,Essence (K=10),0.0,0.0
AFX5TBRVORYG2IM3SOB3T55VCOPA,Random,0.0,
AFX5TBRVORYG2IM3SOB3T55VCOPA,Popularity,0.0,
AFX5TBRVORYG2IM3SOB3T55VCOPA,CF (ItemKNN),0.0,
AFX5TBRVORYG2IM3SOB3T55VCOPA,Content (Avg Emb),0.0,
AFX5TBRVORYG2IM3SOB3T55VCOPA,Last-Item,0.0,
AFX5TBRVORYG2IM3SOB3T55VCOPA,Avg-Last-10,0.0,
AFX5TBRVORYG2IM3SOB3T55VCOPA,Recency-Weighted,0.0,
AFX5TBRVORYG2IM3SOB3T55VCOPA,Essence (K=10),0.25,
AFX6D3EK5RBNFXVZDWCICNYENU4A,Random,0.0,
AFX6D3EK5RBNFXVZDWCICNYENU4A,Popularity,0.0,
AFX6D3EK5RBNFXVZDWCICNYENU4A,CF (ItemKNN),0.0,
AFX6D3EK5RBNFXVZDWCICNYENU4A,Content (Avg Emb),0.14285714285714285,
AFX6D3EK5RBNFXVZDWCICNYENU4A,Last-Item,0.0,
AFX6D3EK5RBNFXVZDWCICNYENU4A,Avg-Last-10,0.14285714285714285,
AFX6D3EK5RBNFXVZDWCICNYENU4A,Recency-Weighted,0.14285714285714285,
AFX6D3EK5RBNFXVZDWCICNYENU4A,Essence (K=10),0.14285714285714285,
AFXC3EXK4262KYZCSX5LCXH7ARXQ,Random,0.0,0.0
AFXC3EXK4262KYZCSX5LCXH7ARXQ,Popularity,0.0,0.0
AFXC3EXK4262KYZCSX5LCXH7ARXQ,CF (ItemKNN),0.0,0.0
AFXC3EXK4262KYZCSX5LCXH7ARXQ,Content (Avg Emb),0.0,0.0
AFXC3EXK4262KYZCSX5LCXH7ARXQ,Last-Item,0.0,0.0
AFXC3EXK4262KYZCSX5LCXH7ARXQ,Avg-Last-10,0.0,0.0
AFXC3EXK4262KYZCSX5LCXH7ARXQ,Recency-Weighted,0.0,0.0
AFXC3EXK4262KYZCSX5LCXH7ARXQ,Essence (K=10),0.0,0.0
AFXEEMIK5G5E3MNQESGXLRHIBH6Q,Random,0.0,0.0
AFXEEMIK5G5E3MNQESGXLRHIBH6Q,Popularity,0.0,0.0
AFXEEMIK5G5E3MNQESGXLRHIBH6Q,CF (ItemKNN),0.0,0.0
AFXEEMIK5G5E3MNQESGXLRHIBH6Q,Content (Avg Emb),0.0,0.0
AFXEEMIK5G5E3MNQESGXLRHIBH6Q,Last-Item,0.0,0.0
AFXEEMIK5G5E3MNQESGXLRHIBH6Q,Avg-Last-10,0.0,0.0
AFXEEMIK5G5E3MNQESGXLRHIBH6Q,Recency-Weighted,0.0,0.0
AFXEEMIK5G5E3MNQESGXLRHIBH6Q,Essence (K=10),0.0,0.0
AFXII7SC3IRSNLIAAO7QQEWXHY5A,Random,0.0,0.0
AFXII7SC3IRSNLIAAO7QQEWXHY5A,Popularity,0.0,0.0
AFXII7SC3IRSNLIAAO7QQEWXHY5A,CF (ItemKNN),0.0,0.0
AFXII7SC3IRSNLIAAO7QQEWXHY5A,Content (Avg Emb),0.0,0.0
AFXII7SC3IRSNLIAAO7QQEWXHY5A,Last-Item,0.0,0.0
AFXII7SC3IRSNLIAAO7QQEWXHY5A,Avg-Last-10,0.0,0.0
AFXII7SC3IRSNLIAAO7QQEWXHY5A,Recency-Weighted,0.0,0.0
AFXII7SC3IRSNLIAAO7QQEWXHY5A,Essence (K=10),0.0,0.0
AFXISNFHJHIO7XJYDXWLKUUXFA4Q,Random,0.0,
AFXISNFHJHIO7XJYDXWLKUUXFA4Q,Popularity,0.0,
AFXISNFHJHIO7XJYDXWLKUUXFA4Q,CF (ItemKNN),0.0,
AFXISNFHJHIO7XJYDXWLKUUXFA4Q,Content (Avg Emb),0.0,
AFXISNFHJHIO7XJYDXWLKUUXFA4Q,Last-Item,0.2,
AFXISNFHJHIO7XJYDXWLKUUXFA4Q,Avg-Last-10,0.0,
AFXISNFHJHIO7XJYDXWLKUUXFA4Q,Recency-Weighted,0.2,
AFXISNFHJHIO7XJYDXWLKUUXFA4Q,Essence (K=10),0.2,
AFXL34HGKHZ3KSV3P7BMKB4ASI2A,Random,0.0,0.0
AFXL34HGKHZ3KSV3P7BMKB4ASI2A,Popularity,0.0,0.0
AFXL34HGKHZ3KSV3P7BMKB4ASI2A,CF (ItemKNN),0.0,0.0
AFXL34HGKHZ3KSV3P7BMKB4ASI2A,Content (Avg Emb),0.0,0.0
AFXL34HGKHZ3KSV3P7BMKB4ASI2A,Last-Item,0.0,0.0
AFXL34HGKHZ3KSV3P7BMKB4ASI2A,Avg-Last-10,0.0,0.0
AFXL34HGKHZ3KSV3P7BMKB4ASI2A,Recency-Weighted,0.0,0.0
AFXL34HGKHZ3KSV3P7BMKB4ASI2A,Essence (K=10),0.0,0.0
AFXQY5O6NNLTDM3ZSGI5SV5X44BA,Random,0.0,
AFXQY5O6NNLTDM3ZSGI5SV5X44BA,Popularity,0.0,
AFXQY5O6NNLTDM3ZSGI5SV5X44BA,CF (ItemKNN),0.0,
AFXQY5O6NNLTDM3ZSGI5SV5X44BA,Content (Avg Emb),0.0,
AFXQY5O6NNLTDM3ZSGI5SV5X44BA,Last-Item,0.0,
AFXQY5O6NNLTDM3ZSGI5SV5X44BA,Avg-Last-10,0.0,
AFXQY5O6NNLTDM3ZSGI5SV5X44BA,Recency-Weighted,0.0,
AFXQY5O6NNLTDM3ZSGI5SV5X44BA,Essence (K=10),0.0,
AFXSJVZWTZNN5NTL5M3QS544VXRA,Random,0.0,0.0
AFXSJVZWTZNN5NTL5M3QS544VXRA,Popularity,0.0,0.0
AFXSJVZWTZNN5NTL5M3QS544VXRA,CF (ItemKNN),0.0,0.0
AFXSJVZWTZNN5NTL5M3QS544VXRA,Content (Avg Emb),0.0,0.0
AFXSJVZWTZNN5NTL5M3QS544VXRA,Last-Item,0.0,0.0
AFXSJVZWTZNN5NTL5M3QS544VXRA,Avg-Last-10,0.0,0.0
AFXSJVZWTZNN5NTL5M3QS544VXRA,Recency-Weighted,0.0,0.0
AFXSJVZWTZNN5NTL5M3QS544VXRA,Essence (K=10),0.0,0.0
AFXTPN3SBU4JC4P3IZCFFNTXYQJA,Random,0.0,
AFXTPN3SBU4JC4P3IZCFFNTXYQJA,Popularity,0.0,
AFXTPN3SBU4JC4P3IZCFFNTXYQJA,CF (ItemKNN),0.0,
AFXTPN3SBU4JC4P3IZCFFNTXYQJA,Content (Avg Emb),0.0,
AFXTPN3SBU4JC4P3IZCFFNTXYQJA,Last-Item,0.0,
AFXTPN3SBU4JC4P3IZCFFNTXYQJA,Avg-Last-10,0.0,
AFXTPN3SBU4JC4P3IZCFFNTXYQJA,Recency-Weighted,0.0,
AFXTPN3SBU4JC4P3IZCFFNTXYQJA,Essence (K=10),0.0,
AFXTWZDWSKU5ALFZ6EEEVALRBMAA,Random,0.0,
AFXTWZDWSKU5ALFZ6EEEVALRBMAA,Popularity,0.0,
AFXTWZDWSKU5ALFZ6EEEVALRBMAA,CF (ItemKNN),0.0,
AFXTWZDWSKU5ALFZ6EEEVALRBMAA,Content (Avg Emb),0.0,
AFXTWZDWSKU5ALFZ6EEEVALRBMAA,Last-Item,0.0,
AFXTWZDWSKU5ALFZ6EEEVALRBMAA,Avg-Last-10,0.0,
AFXTWZDWSKU5ALFZ6EEEVALRBMAA,Recency-Weighted,0.0,
AFXTWZDWSKU5ALFZ6EEEVALRBMAA,Essence (K=10),0.0,
AFXWGS7DRCN5SKOSB2RCCQ2YJHXA,Random,0.0,
AFXWGS7DRCN5SKOSB2RCCQ2YJHXA,Popularity,0.0,
AFXWGS7DRCN5SKOSB2RCCQ2YJHXA,CF (ItemKNN),0.0,
AFXWGS7DRCN5SKOSB2RCCQ2YJHXA,Content (Avg Emb),0.0,
AFXWGS7DRCN5SKOSB2RCCQ2YJHXA,Last-Item,0.0,
AFXWGS7DRCN5SKOSB2RCCQ2YJHXA,Avg-Last-10,0.0,
AFXWGS7DRCN5SKOSB2RCCQ2YJHXA,Recency-Weighted,0.0,
AFXWGS7DRCN5SKOSB2RCCQ2YJHXA,Essence (K=10),0.0,
AFXWN4PITPKCT7IWMSALBCOJOWOQ,Random,0.0,0.0
AFXWN4PITPKCT7IWMSALBCOJOWOQ,Popularity,0.0,0.0
AFXWN4PITPKCT7IWMSALBCOJOWOQ,CF (ItemKNN),0.0,0.0
AFXWN4PITPKCT7IWMSALBCOJOWOQ,Content (Avg Emb),0.0,0.0
AFXWN4PITPKCT7IWMSALBCOJOWOQ,Last-Item,0.0,0.0
AFXWN4PITPKCT7IWMSALBCOJOWOQ,Avg-Last-10,0.0,0.0
AFXWN4PITPKCT7IWMSALBCOJOWOQ,Recency-Weighted,0.0,0.0
AFXWN4PITPKCT7IWMSALBCOJOWOQ,Essence (K=10),0.0,0.0
AFXX25O3GEWLRESYIAV6RMG2OA6Q,Random,0.0,
AFXX25O3GEWLRESYIAV6RMG2OA6Q,Popularity,0.0,
AFXX25O3GEWLRESYIAV6RMG2OA6Q,CF (ItemKNN),0.0,
AFXX25O3GEWLRESYIAV6RMG2OA6Q,Content (Avg Emb),0.0,
AFXX25O3GEWLRESYIAV6RMG2OA6Q,Last-Item,0.0,
AFXX25O3GEWLRESYIAV6RMG2OA6Q,Avg-Last-10,0.2,
AFXX25O3GEWLRESYIAV6RMG2OA6Q,Recency-Weighted,0.2,
AFXX25O3GEWLRESYIAV6RMG2OA6Q,Essence (K=10),0.2,
AFXXK6D5KCWF6IKNGJ3IXC2L7ZRA,Random,0.0,
AFXXK6D5KCWF6IKNGJ3IXC2L7ZRA,Popularity,0.0,
AFXXK6D5KCWF6IKNGJ3IXC2L7ZRA,CF (ItemKNN),0.0,
AFXXK6D5KCWF6IKNGJ3IXC2L7ZRA,Content (Avg Emb),0.0,
AFXXK6D5KCWF6IKNGJ3IXC2L7ZRA,Last-Item,0.0,
AFXXK6D5KCWF6IKNGJ3IXC2L7ZRA,Avg-Last-10,0.0,
AFXXK6D5KCWF6IKNGJ3IXC2L7ZRA,Recency-Weighted,0.0,
AFXXK6D5KCWF6IKNGJ3IXC2L7ZRA,Essence (K=10),0.0,
AFXYOMMH73HQUYWIQORVBR74YVNA,Random,0.0,0.0
AFXYOMMH73HQUYWIQORVBR74YVNA,Popularity,0.0,0.0
AFXYOMMH73HQUYWIQORVBR74YVNA,CF (ItemKNN),0.0,0.0
AFXYOMMH73HQUYWIQORVBR74YVNA,Content (Avg Emb),0.0,0.0
AFXYOMMH73HQUYWIQORVBR74YVNA,Last-Item,0.0,0.0
AFXYOMMH73HQUYWIQORVBR74YVNA,Avg-Last-10,0.0,0.0
AFXYOMMH73HQUYWIQORVBR74YVNA,Recency-Weighted,0.0,0.0
AFXYOMMH73HQUYWIQORVBR74YVNA,Essence (K=10),0.0,0.0
AFY2HAOOR7KE6NXQ2PD3BBWNH5KA,Random,0.0,
AFY2HAOOR7KE6NXQ2PD3BBWNH5KA,Popularity,0.0,
AFY2HAOOR7KE6NXQ2PD3BBWNH5KA,CF (ItemKNN),0.0,
AFY2HAOOR7KE6NXQ2PD3BBWNH5KA,Content (Avg Emb),0.0,
AFY2HAOOR7KE6NXQ2PD3BBWNH5KA,Last-Item,0.0,
AFY2HAOOR7KE6NXQ2PD3BBWNH5KA,Avg-Last-10,0.0,
AFY2HAOOR7KE6NXQ2PD3BBWNH5KA,Recency-Weighted,0.0,
AFY2HAOOR7KE6NXQ2PD3BBWNH5KA,Essence (K=10),0.0,
AFYBJY5T5C2VS3GIBYN24QASXB6Q,Random,0.0,
AFYBJY5T5C2VS3GIBYN24QASXB6Q,Popularity,0.0,
AFYBJY5T5C2VS3GIBYN24QASXB6Q,CF (ItemKNN),0.0,
AFYBJY5T5C2VS3GIBYN24QASXB6Q,Content (Avg Emb),0.0,
AFYBJY5T5C2VS3GIBYN24QASXB6Q,Last-Item,0.0,
AFYBJY5T5C2VS3GIBYN24QASXB6Q,Avg-Last-10,0.0,
AFYBJY5T5C2VS3GIBYN24QASXB6Q,Recency-Weighted,0.0,
AFYBJY5T5C2VS3GIBYN24QASXB6Q,Essence (K=10),0.0,
AFYBN556IOEJMFPEAFRCABP5EZVQ,Random,0.0,0.0
AFYBN556IOEJMFPEAFRCABP5EZVQ,Popularity,0.0,0.0
AFYBN556IOEJMFPEAFRCABP5EZVQ,CF (ItemKNN),0.0,0.0
AFYBN556IOEJMFPEAFRCABP5EZVQ,Content (Avg Emb),0.0,0.0
AFYBN556IOEJMFPEAFRCABP5EZVQ,Last-Item,0.0,0.0
AFYBN556IOEJMFPEAFRCABP5EZVQ,Avg-Last-10,0.0,0.0
AFYBN556IOEJMFPEAFRCABP5EZVQ,Recency-Weighted,0.0,0.0
AFYBN556IOEJMFPEAFRCABP5EZVQ,Essence (K=10),0.0,0.0
AFYDHN6AHUFZQTAQBS3C5VSUQWSA,Random,0.0,0.0
AFYDHN6AHUFZQTAQBS3C5VSUQWSA,Popularity,0.0,0.0
AFYDHN6AHUFZQTAQBS3C5VSUQWSA,CF (ItemKNN),0.0,0.0
AFYDHN6AHUFZQTAQBS3C5VSUQWSA,Content (Avg Emb),0.0,0.0
AFYDHN6AHUFZQTAQBS3C5VSUQWSA,Last-Item,0.0,0.0
AFYDHN6AHUFZQTAQBS3C5VSUQWSA,Avg-Last-10,0.0,0.0
AFYDHN6AHUFZQTAQBS3C5VSUQWSA,Recency-Weighted,0.0,0.0
AFYDHN6AHUFZQTAQBS3C5VSUQWSA,Essence (K=10),0.0,0.0
AFYFBW6WE3YS6Z6ABXYLPSVMVNUA,Random,0.0,
AFYFBW6WE3YS6Z6ABXYLPSVMVNUA,Popularity,0.0,
AFYFBW6WE3YS6Z6ABXYLPSVMVNUA,CF (ItemKNN),0.0,
AFYFBW6WE3YS6Z6ABXYLPSVMVNUA,Content (Avg Emb),0.0,
AFYFBW6WE3YS6Z6ABXYLPSVMVNUA,Last-Item,0.0,
AFYFBW6WE3YS6Z6ABXYLPSVMVNUA,Avg-Last-10,0.0,
AFYFBW6WE3YS6Z6ABXYLPSVMVNUA,Recency-Weighted,0.0,
AFYFBW6WE3YS6Z6ABXYLPSVMVNUA,Essence (K=10),0.0,
AFYLY7JR2Z4SB7D4OI6YU225V2OQ,Random,0.0,0.0
AFYLY7JR2Z4SB7D4OI6YU225V2OQ,Popularity,0.0,0.0
AFYLY7JR2Z4SB7D4OI6YU225V2OQ,CF (ItemKNN),0.0,0.0
AFYLY7JR2Z4SB7D4OI6YU225V2OQ,Content (Avg Emb),0.0,0.0
AFYLY7JR2Z4SB7D4OI6YU225V2OQ,Last-Item,0.0,0.0
AFYLY7JR2Z4SB7D4OI6YU225V2OQ,Avg-Last-10,0.0,0.0
AFYLY7JR2Z4SB7D4OI6YU225V2OQ,Recency-Weighted,0.0,0.0
AFYLY7JR2Z4SB7D4OI6YU225V2OQ,Essence (K=10),0.0,0.0
AFYMULKHEIBT7TGMY6IOOFLFNXUA,Random,0.0,0.0
AFYMULKHEIBT7TGMY6IOOFLFNXUA,Popularity,0.0,0.0
AFYMULKHEIBT7TGMY6IOOFLFNXUA,CF (ItemKNN),0.0,0.0
AFYMULKHEIBT7TGMY6IOOFLFNXUA,Content (Avg Emb),0.0,0.0
AFYMULKHEIBT7TGMY6IOOFLFNXUA,Last-Item,0.0,0.0
AFYMULKHEIBT7TGMY6IOOFLFNXUA,Avg-Last-10,0.0,0.0
AFYMULKHEIBT7TGMY6IOOFLFNXUA,Recency-Weighted,0.0,0.0
AFYMULKHEIBT7TGMY6IOOFLFNXUA,Essence (K=10),0.0,0.0
AFYTBQ77YCDDUMMT6SWXDWKIYGIA,Random,0.0,
AFYTBQ77YCDDUMMT6SWXDWKIYGIA,Popularity,0.0,
AFYTBQ77YCDDUMMT6SWXDWKIYGIA,CF (ItemKNN),0.0,
AFYTBQ77YCDDUMMT6SWXDWKIYGIA,Content (Avg Emb),0.75,
AFYTBQ77YCDDUMMT6SWXDWKIYGIA,Last-Item,0.75,
AFYTBQ77YCDDUMMT6SWXDWKIYGIA,Avg-Last-10,0.75,
AFYTBQ77YCDDUMMT6SWXDWKIYGIA,Recency-Weighted,0.75,
AFYTBQ77YCDDUMMT6SWXDWKIYGIA,Essence (K=10),0.75,
AFYVIMCVJVXVJOKVIXEXW5GWY26Q,Random,0.0,0.0
AFYVIMCVJVXVJOKVIXEXW5GWY26Q,Popularity,0.0,0.0
AFYVIMCVJVXVJOKVIXEXW5GWY26Q,CF (ItemKNN),0.0,0.0
AFYVIMCVJVXVJOKVIXEXW5GWY26Q,Content (Avg Emb),0.0,0.0
AFYVIMCVJVXVJOKVIXEXW5GWY26Q,Last-Item,0.0,0.0
AFYVIMCVJVXVJOKVIXEXW5GWY26Q,Avg-Last-10,0.0,0.0
AFYVIMCVJVXVJOKVIXEXW5GWY26Q,Recency-Weighted,0.0,0.0
AFYVIMCVJVXVJOKVIXEXW5GWY26Q,Essence (K=10),0.0,0.0
AFZ4HCIGNRMS23DROQUN5GK6BXDQ,Random,0.0,
AFZ4HCIGNRMS23DROQUN5GK6BXDQ,Popularity,0.0,
AFZ4HCIGNRMS23DROQUN5GK6BXDQ,CF (ItemKNN),0.0,
AFZ4HCIGNRMS23DROQUN5GK6BXDQ,Content (Avg Emb),0.0,
AFZ4HCIGNRMS23DROQUN5GK6BXDQ,Last-Item,0.0,
AFZ4HCIGNRMS23DROQUN5GK6BXDQ,Avg-Last-10,0.0,
AFZ4HCIGNRMS23DROQUN5GK6BXDQ,Recency-Weighted,0.0,
AFZ4HCIGNRMS23DROQUN5GK6BXDQ,Essence (K=10),0.0,
AFZCUPJ4YLNN2XASEJXI6USME6NQ,Random,0.0,0.0
AFZCUPJ4YLNN2XASEJXI6USME6NQ,Popularity,0.0,0.0
AFZCUPJ4YLNN2XASEJXI6USME6NQ,CF (ItemKNN),0.0,0.0
AFZCUPJ4YLNN2XASEJXI6USME6NQ,Content (Avg Emb),0.0,0.0
AFZCUPJ4YLNN2XASEJXI6USME6NQ,Last-Item,0.0,0.0
AFZCUPJ4YLNN2XASEJXI6USME6NQ,Avg-Last-10,0.0,0.0
AFZCUPJ4YLNN2XASEJXI6USME6NQ,Recency-Weighted,0.0,0.0
AFZCUPJ4YLNN2XASEJXI6USME6NQ,Essence (K=10),0.0,0.0
AFZGORHSJTHMPOOTYIRQV5WC5JFQ,Random,0.0,
AFZGORHSJTHMPOOTYIRQV5WC5JFQ,Popularity,0.0,
AFZGORHSJTHMPOOTYIRQV5WC5JFQ,CF (ItemKNN),0.0,
AFZGORHSJTHMPOOTYIRQV5WC5JFQ,Content (Avg Emb),0.0,
AFZGORHSJTHMPOOTYIRQV5WC5JFQ,Last-Item,0.0,
AFZGORHSJTHMPOOTYIRQV5WC5JFQ,Avg-Last-10,0.0,
AFZGORHSJTHMPOOTYIRQV5WC5JFQ,Recency-Weighted,0.0,
AFZGORHSJTHMPOOTYIRQV5WC5JFQ,Essence (K=10),0.0,
AFZI7NRJ3EHUXZ7M2MZG2SSTH73A,Random,0.0,0.0
AFZI7NRJ3EHUXZ7M2MZG2SSTH73A,Popularity,0.0,0.0
AFZI7NRJ3EHUXZ7M2MZG2SSTH73A,CF (ItemKNN),0.0,0.0
AFZI7NRJ3EHUXZ7M2MZG2SSTH73A,Content (Avg Emb),0.0,0.0
AFZI7NRJ3EHUXZ7M2MZG2SSTH73A,Last-Item,0.0,0.0
AFZI7NRJ3EHUXZ7M2MZG2SSTH73A,Avg-Last-10,0.0,0.0
AFZI7NRJ3EHUXZ7M2MZG2SSTH73A,Recency-Weighted,0.0,0.0
AFZI7NRJ3EHUXZ7M2MZG2SSTH73A,Essence (K=10),0.0,0.0
AFZIAOYRVGG2HC6HROS7XPFJKAHA,Random,0.0,0.0
AFZIAOYRVGG2HC6HROS7XPFJKAHA,Popularity,0.0,0.0
AFZIAOYRVGG2HC6HROS7XPFJKAHA,CF (ItemKNN),0.16666666666666666,0.0
AFZIAOYRVGG2HC6HROS7XPFJKAHA,Content (Avg Emb),0.0,0.0
AFZIAOYRVGG2HC6HROS7XPFJKAHA,Last-Item,0.16666666666666666,0.0
AFZIAOYRVGG2HC6HROS7XPFJKAHA,Avg-Last-10,0.0,0.0
AFZIAOYRVGG2HC6HROS7XPFJKAHA,Recency-Weighted,0.0,0.0
AFZIAOYRVGG2HC6HROS7XPFJKAHA,Essence (K=10),0.0,0.0
AFZJHSIADX7QUON34PM2DKHERNLA,Random,0.0,0.0
AFZJHSIADX7QUON34PM2DKHERNLA,Popularity,0.0,0.0
AFZJHSIADX7QUON34PM2DKHERNLA,CF (ItemKNN),0.0,0.0
AFZJHSIADX7QUON34PM2DKHERNLA,Content (Avg Emb),0.0,0.0
AFZJHSIADX7QUON34PM2DKHERNLA,Last-Item,0.25,0.0
AFZJHSIADX7QUON34PM2DKHERNLA,Avg-Last-10,0.0,0.0
AFZJHSIADX7QUON34PM2DKHERNLA,Recency-Weighted,0.25,0.0
AFZJHSIADX7QUON34PM2DKHERNLA,Essence (K=10),0.0,0.0
AFZKDTZN5Y74J5AXCB5CVNLDE3WA,Random,0.0,
AFZKDTZN5Y74J5AXCB5CVNLDE3WA,Popularity,0.0,
AFZKDTZN5Y74J5AXCB5CVNLDE3WA,CF (ItemKNN),0.0,
AFZKDTZN5Y74J5AXCB5CVNLDE3WA,Content (Avg Emb),0.0,
AFZKDTZN5Y74J5AXCB5CVNLDE3WA,Last-Item,0.0,
AFZKDTZN5Y74J5AXCB5CVNLDE3WA,Avg-Last-10,0.0,
AFZKDTZN5Y74J5AXCB5CVNLDE3WA,Recency-Weighted,0.0,
AFZKDTZN5Y74J5AXCB5CVNLDE3WA,Essence (K=10),0.0,
AFZOAUVKPVSHVWKV6SV5B2RUXOQA,Random,0.0,0.0
AFZOAUVKPVSHVWKV6SV5B2RUXOQA,Popularity,0.0,0.0
AFZOAUVKPVSHVWKV6SV5B2RUXOQA,CF (ItemKNN),0.0,0.0
AFZOAUVKPVSHVWKV6SV5B2RUXOQA,Content (Avg Emb),0.0,0.0
AFZOAUVKPVSHVWKV6SV5B2RUXOQA,Last-Item,0.0,0.0
AFZOAUVKPVSHVWKV6SV5B2RUXOQA,Avg-Last-10,0.0,0.0
AFZOAUVKPVSHVWKV6SV5B2RUXOQA,Recency-Weighted,0.0,0.0
AFZOAUVKPVSHVWKV6SV5B2RUXOQA,Essence (K=10),0.0,0.0
AFZPUXSXCCSVPQSA3KGSAVDDGTMQ,Random,0.0,
AFZPUXSXCCSVPQSA3KGSAVDDGTMQ,Popularity,0.0,
AFZPUXSXCCSVPQSA3KGSAVDDGTMQ,CF (ItemKNN),0.0,
AFZPUXSXCCSVPQSA3KGSAVDDGTMQ,Content (Avg Emb),0.0,
AFZPUXSXCCSVPQSA3KGSAVDDGTMQ,Last-Item,0.0,
AFZPUXSXCCSVPQSA3KGSAVDDGTMQ,Avg-Last-10,0.0,
AFZPUXSXCCSVPQSA3KGSAVDDGTMQ,Recency-Weighted,0.0,
AFZPUXSXCCSVPQSA3KGSAVDDGTMQ,Essence (K=10),0.0,
AFZQNOL7ZY7LWEFEJ5KKX4PEB6BQ,Random,0.0,0.0
AFZQNOL7ZY7LWEFEJ5KKX4PEB6BQ,Popularity,0.0,0.0
AFZQNOL7ZY7LWEFEJ5KKX4PEB6BQ,CF (ItemKNN),0.0,0.0
AFZQNOL7ZY7LWEFEJ5KKX4PEB6BQ,Content (Avg Emb),0.0,0.0
AFZQNOL7ZY7LWEFEJ5KKX4PEB6BQ,Last-Item,0.0,0.0
AFZQNOL7ZY7LWEFEJ5KKX4PEB6BQ,Avg-Last-10,0.0,0.0
AFZQNOL7ZY7LWEFEJ5KKX4PEB6BQ,Recency-Weighted,0.0,0.0
AFZQNOL7ZY7LWEFEJ5KKX4PEB6BQ,Essence (K=10),0.0,0.0
AFZSSLGULINNG536WSMG6POFN33Q,Random,0.0,0.0
AFZSSLGULINNG536WSMG6POFN33Q,Popularity,0.0,0.0
AFZSSLGULINNG536WSMG6POFN33Q,CF (ItemKNN),0.0,0.0
AFZSSLGULINNG536WSMG6POFN33Q,Content (Avg Emb),0.0,0.0
AFZSSLGULINNG536WSMG6POFN33Q,Last-Item,0.0,0.0
AFZSSLGULINNG536WSMG6POFN33Q,Avg-Last-10,0.0,0.0
AFZSSLGULINNG536WSMG6POFN33Q,Recency-Weighted,0.0,0.0
AFZSSLGULINNG536WSMG6POFN33Q,Essence (K=10),0.125,0.0
AFZUY43OPA56WNL6TTVB34YMTADQ,Random,0.0,
AFZUY43OPA56WNL6TTVB34YMTADQ,Popularity,0.0,
AFZUY43OPA56WNL6TTVB34YMTADQ,CF (ItemKNN),0.0,
AFZUY43OPA56WNL6TTVB34YMTADQ,Content (Avg Emb),0.0,
AFZUY43OPA56WNL6TTVB34YMTADQ,Last-Item,0.0,
AFZUY43OPA56WNL6TTVB34YMTADQ,Avg-Last-10,0.0,
AFZUY43OPA56WNL6TTVB34YMTADQ,Recency-Weighted,0.0,
AFZUY43OPA56WNL6TTVB34YMTADQ,Essence (K=10),0.0,
AFZZCU2VG2L6L5FODK3HCBN25WMA,Random,0.0,
AFZZCU2VG2L6L5FODK3HCBN25WMA,Popularity,0.0,
AFZZCU2VG2L6L5FODK3HCBN25WMA,CF (ItemKNN),0.0,
AFZZCU2VG2L6L5FODK3HCBN25WMA,Content (Avg Emb),0.0,
AFZZCU2VG2L6L5FODK3HCBN25WMA,Last-Item,0.0,
AFZZCU2VG2L6L5FODK3HCBN25WMA,Avg-Last-10,0.0,
AFZZCU2VG2L6L5FODK3HCBN25WMA,Recency-Weighted,0.0,
AFZZCU2VG2L6L5FODK3HCBN25WMA,Essence (K=10),0.0,
AG22E4G5NPKSIONGLOSWAOVK5BBA,Random,0.0,0.0
AG22E4G5NPKSIONGLOSWAOVK5BBA,Popularity,0.0,0.0
AG22E4G5NPKSIONGLOSWAOVK5BBA,CF (ItemKNN),0.0,0.0
AG22E4G5NPKSIONGLOSWAOVK5BBA,Content (Avg Emb),0.0,0.0
AG22E4G5NPKSIONGLOSWAOVK5BBA,Last-Item,0.0,0.0
AG22E4G5NPKSIONGLOSWAOVK5BBA,Avg-Last-10,0.0,0.0
AG22E4G5NPKSIONGLOSWAOVK5BBA,Recency-Weighted,0.0,0.0
AG22E4G5NPKSIONGLOSWAOVK5BBA,Essence (K=10),0.0,0.0
AG25NSCLIOIOBNI6E2KVZF236C5A,Random,0.0,0.0
AG25NSCLIOIOBNI6E2KVZF236C5A,Popularity,0.0,0.0
AG25NSCLIOIOBNI6E2KVZF236C5A,CF (ItemKNN),0.0,0.0
AG25NSCLIOIOBNI6E2KVZF236C5A,Content (Avg Emb),0.0,0.0
AG25NSCLIOIOBNI6E2KVZF236C5A,Last-Item,0.0,0.0
AG25NSCLIOIOBNI6E2KVZF236C5A,Avg-Last-10,0.0,0.0
AG25NSCLIOIOBNI6E2KVZF236C5A,Recency-Weighted,0.0,0.0
AG25NSCLIOIOBNI6E2KVZF236C5A,Essence (K=10),0.0,0.0
AG25UWOTNZ64PS6OHQACS43SBDAQ,Random,0.0,
AG25UWOTNZ64PS6OHQACS43SBDAQ,Popularity,0.0,
AG25UWOTNZ64PS6OHQACS43SBDAQ,CF (ItemKNN),0.0,
AG25UWOTNZ64PS6OHQACS43SBDAQ,Content (Avg Emb),0.25,
AG25UWOTNZ64PS6OHQACS43SBDAQ,Last-Item,0.25,
AG25UWOTNZ64PS6OHQACS43SBDAQ,Avg-Last-10,0.25,
AG25UWOTNZ64PS6OHQACS43SBDAQ,Recency-Weighted,0.25,
AG25UWOTNZ64PS6OHQACS43SBDAQ,Essence (K=10),0.25,
AG25YQVN3W7LIU4VKFH23LQD7RQA,Random,0.0,
AG25YQVN3W7LIU4VKFH23LQD7RQA,Popularity,0.0,
AG25YQVN3W7LIU4VKFH23LQD7RQA,CF (ItemKNN),0.0,
AG25YQVN3W7LIU4VKFH23LQD7RQA,Content (Avg Emb),0.0,
AG25YQVN3W7LIU4VKFH23LQD7RQA,Last-Item,0.0,
AG25YQVN3W7LIU4VKFH23LQD7RQA,Avg-Last-10,0.0,
AG25YQVN3W7LIU4VKFH23LQD7RQA,Recency-Weighted,0.0,
AG25YQVN3W7LIU4VKFH23LQD7RQA,Essence (K=10),0.0,
AG2EIWRNW3I6VCUV6VVD3AHXYF7Q,Random,0.0,
AG2EIWRNW3I6VCUV6VVD3AHXYF7Q,Popularity,0.0,
AG2EIWRNW3I6VCUV6VVD3AHXYF7Q,CF (ItemKNN),0.0,
AG2EIWRNW3I6VCUV6VVD3AHXYF7Q,Content (Avg Emb),0.0,
AG2EIWRNW3I6VCUV6VVD3AHXYF7Q,Last-Item,0.0,
AG2EIWRNW3I6VCUV6VVD3AHXYF7Q,Avg-Last-10,0.2,
AG2EIWRNW3I6VCUV6VVD3AHXYF7Q,Recency-Weighted,0.0,
AG2EIWRNW3I6VCUV6VVD3AHXYF7Q,Essence (K=10),0.2,
AG2EUA5HHNV3KRDAXXO7PWAFZ5FA,Random,0.0,
AG2EUA5HHNV3KRDAXXO7PWAFZ5FA,Popularity,0.0,
AG2EUA5HHNV3KRDAXXO7PWAFZ5FA,CF (ItemKNN),0.0,
AG2EUA5HHNV3KRDAXXO7PWAFZ5FA,Content (Avg Emb),0.0,
AG2EUA5HHNV3KRDAXXO7PWAFZ5FA,Last-Item,0.0,
AG2EUA5HHNV3KRDAXXO7PWAFZ5FA,Avg-Last-10,0.0,
AG2EUA5HHNV3KRDAXXO7PWAFZ5FA,Recency-Weighted,0.0,
AG2EUA5HHNV3KRDAXXO7PWAFZ5FA,Essence (K=10),0.0,
AG2GVMU23XR45AKQECI3AHTX6MBQ,Random,0.0,0.0
AG2GVMU23XR45AKQECI3AHTX6MBQ,Popularity,0.0,0.0
AG2GVMU23XR45AKQECI3AHTX6MBQ,CF (ItemKNN),0.0,0.0
AG2GVMU23XR45AKQECI3AHTX6MBQ,Content (Avg Emb),0.0,0.0
AG2GVMU23XR45AKQECI3AHTX6MBQ,Last-Item,0.0,0.0
AG2GVMU23XR45AKQECI3AHTX6MBQ,Avg-Last-10,0.0,0.0
AG2GVMU23XR45AKQECI3AHTX6MBQ,Recency-Weighted,0.0,0.0
AG2GVMU23XR45AKQECI3AHTX6MBQ,Essence (K=10),0.05555555555555555,0.0
AG2IJPL54ET4JBK22F6DKN42DOBQ,Random,0.0,0.0
AG2IJPL54ET4JBK22F6DKN42DOBQ,Popularity,0.0,0.0
AG2IJPL54ET4JBK22F6DKN42DOBQ,CF (ItemKNN),0.0,0.0
AG2IJPL54ET4JBK22F6DKN42DOBQ,Content (Avg Emb),0.0,0.0
AG2IJPL54ET4JBK22F6DKN42DOBQ,Last-Item,0.0,0.0
AG2IJPL54ET4JBK22F6DKN42DOBQ,Avg-Last-10,0.0,0.0
AG2IJPL54ET4JBK22F6DKN42DOBQ,Recency-Weighted,0.0,0.0
AG2IJPL54ET4JBK22F6DKN42DOBQ,Essence (K=10),0.0,0.0
AG2KHPZQK4XK7EHMZ4DKB557HTLA,Random,0.0,0.0
AG2KHPZQK4XK7EHMZ4DKB557HTLA,Popularity,0.0,0.0
AG2KHPZQK4XK7EHMZ4DKB557HTLA,CF (ItemKNN),0.0,0.0
AG2KHPZQK4XK7EHMZ4DKB557HTLA,Content (Avg Emb),0.0,0.0
AG2KHPZQK4XK7EHMZ4DKB557HTLA,Last-Item,0.0,0.0
AG2KHPZQK4XK7EHMZ4DKB557HTLA,Avg-Last-10,0.0,0.0
AG2KHPZQK4XK7EHMZ4DKB557HTLA,Recency-Weighted,0.0,0.0
AG2KHPZQK4XK7EHMZ4DKB557HTLA,Essence (K=10),0.0,0.0
AG2M63HC2MJLQM35EIF7BVTRPUIQ,Random,0.0,0.0
AG2M63HC2MJLQM35EIF7BVTRPUIQ,Popularity,0.0,0.0
AG2M63HC2MJLQM35EIF7BVTRPUIQ,CF (ItemKNN),0.0,0.0
AG2M63HC2MJLQM35EIF7BVTRPUIQ,Content (Avg Emb),0.0,0.0
AG2M63HC2MJLQM35EIF7BVTRPUIQ,Last-Item,0.0,0.0
AG2M63HC2MJLQM35EIF7BVTRPUIQ,Avg-Last-10,0.0,0.0
AG2M63HC2MJLQM35EIF7BVTRPUIQ,Recency-Weighted,0.0,0.0
AG2M63HC2MJLQM35EIF7BVTRPUIQ,Essence (K=10),0.0,0.0
AG2R7LMGMNKBE6H4DFW3K2RKSRWA,Random,0.0,0.0
AG2R7LMGMNKBE6H4DFW3K2RKSRWA,Popularity,0.0,0.0
AG2R7LMGMNKBE6H4DFW3K2RKSRWA,CF (ItemKNN),0.0,0.0
AG2R7LMGMNKBE6H4DFW3K2RKSRWA,Content (Avg Emb),0.0,0.0
AG2R7LMGMNKBE6H4DFW3K2RKSRWA,Last-Item,0.0,0.0
AG2R7LMGMNKBE6H4DFW3K2RKSRWA,Avg-Last-10,0.0,0.0
AG2R7LMGMNKBE6H4DFW3K2RKSRWA,Recency-Weighted,0.0,0.0
AG2R7LMGMNKBE6H4DFW3K2RKSRWA,Essence (K=10),0.0,0.0
AG2RTZBOYUM6RESPT7DD3OA32NHA,Random,0.0,0.0
AG2RTZBOYUM6RESPT7DD3OA32NHA,Popularity,0.0,0.0
AG2RTZBOYUM6RESPT7DD3OA32NHA,CF (ItemKNN),0.0,0.0
AG2RTZBOYUM6RESPT7DD3OA32NHA,Content (Avg Emb),0.0,0.0
AG2RTZBOYUM6RESPT7DD3OA32NHA,Last-Item,0.0,0.0
AG2RTZBOYUM6RESPT7DD3OA32NHA,Avg-Last-10,0.0,0.0
AG2RTZBOYUM6RESPT7DD3OA32NHA,Recency-Weighted,0.0,0.0
AG2RTZBOYUM6RESPT7DD3OA32NHA,Essence (K=10),0.0,0.0
AG2SAG6HSVFZIJAUOF52XCOVLQAQ,Random,0.0,0.0
AG2SAG6HSVFZIJAUOF52XCOVLQAQ,Popularity,0.0,0.0
AG2SAG6HSVFZIJAUOF52XCOVLQAQ,CF (ItemKNN),0.0,0.0
AG2SAG6HSVFZIJAUOF52XCOVLQAQ,Content (Avg Emb),0.0,0.0
AG2SAG6HSVFZIJAUOF52XCOVLQAQ,Last-Item,0.0,0.0
AG2SAG6HSVFZIJAUOF52XCOVLQAQ,Avg-Last-10,0.0,0.0
AG2SAG6HSVFZIJAUOF52XCOVLQAQ,Recency-Weighted,0.0,0.0
AG2SAG6HSVFZIJAUOF52XCOVLQAQ,Essence (K=10),0.0,0.0
AG2VUQZRX3EDPPTT65Z2GL5QUJ2A,Random,0.0,0.0
AG2VUQZRX3EDPPTT65Z2GL5QUJ2A,Popularity,0.0,0.0
AG2VUQZRX3EDPPTT65Z2GL5QUJ2A,CF (ItemKNN),0.0,0.0
AG2VUQZRX3EDPPTT65Z2GL5QUJ2A,Content (Avg Emb),0.0,0.0
AG2VUQZRX3EDPPTT65Z2GL5QUJ2A,Last-Item,0.0,0.0
AG2VUQZRX3EDPPTT65Z2GL5QUJ2A,Avg-Last-10,0.0,0.0
AG2VUQZRX3EDPPTT65Z2GL5QUJ2A,Recency-Weighted,0.0,0.0
AG2VUQZRX3EDPPTT65Z2GL5QUJ2A,Essence (K=10),0.0,0.0
AG2WX3SVQNSZYJ25HULQ33PNHYGQ,Random,0.0,
AG2WX3SVQNSZYJ25HULQ33PNHYGQ,Popularity,0.0,
AG2WX3SVQNSZYJ25HULQ33PNHYGQ,CF (ItemKNN),0.0,
AG2WX3SVQNSZYJ25HULQ33PNHYGQ,Content (Avg Emb),0.16666666666666666,
AG2WX3SVQNSZYJ25HULQ33PNHYGQ,Last-Item,0.0,
AG2WX3SVQNSZYJ25HULQ33PNHYGQ,Avg-Last-10,0.16666666666666666,
AG2WX3SVQNSZYJ25HULQ33PNHYGQ,Recency-Weighted,0.16666666666666666,
AG2WX3SVQNSZYJ25HULQ33PNHYGQ,Essence (K=10),0.3333333333333333,
AG33Q5746MEHUR7LBHIAZNLVFEUQ,Random,0.0,
AG33Q5746MEHUR7LBHIAZNLVFEUQ,Popularity,0.0,
AG33Q5746MEHUR7LBHIAZNLVFEUQ,CF (ItemKNN),0.0,
AG33Q5746MEHUR7LBHIAZNLVFEUQ,Content (Avg Emb),0.0,
AG33Q5746MEHUR7LBHIAZNLVFEUQ,Last-Item,0.0,
AG33Q5746MEHUR7LBHIAZNLVFEUQ,Avg-Last-10,0.0,
AG33Q5746MEHUR7LBHIAZNLVFEUQ,Recency-Weighted,0.0,
AG33Q5746MEHUR7LBHIAZNLVFEUQ,Essence (K=10),0.0,
AG35AI5EEQKOQMLMGUQZFLRK7PTQ,Random,0.0,0.0
AG35AI5EEQKOQMLMGUQZFLRK7PTQ,Popularity,0.0,0.0
AG35AI5EEQKOQMLMGUQZFLRK7PTQ,CF (ItemKNN),0.0,0.0
AG35AI5EEQKOQMLMGUQZFLRK7PTQ,Content (Avg Emb),0.0,0.0
AG35AI5EEQKOQMLMGUQZFLRK7PTQ,Last-Item,0.0,0.0
AG35AI5EEQKOQMLMGUQZFLRK7PTQ,Avg-Last-10,0.0,0.0
AG35AI5EEQKOQMLMGUQZFLRK7PTQ,Recency-Weighted,0.0,0.0
AG35AI5EEQKOQMLMGUQZFLRK7PTQ,Essence (K=10),0.0,0.0
AG3DDQB3FSRV7K7X633EKCYO6ASQ,Random,0.0,
AG3DDQB3FSRV7K7X633EKCYO6ASQ,Popularity,0.0,
AG3DDQB3FSRV7K7X633EKCYO6ASQ,CF (ItemKNN),0.0,
AG3DDQB3FSRV7K7X633EKCYO6ASQ,Content (Avg Emb),0.0,
AG3DDQB3FSRV7K7X633EKCYO6ASQ,Last-Item,0.0,
AG3DDQB3FSRV7K7X633EKCYO6ASQ,Avg-Last-10,0.0,
AG3DDQB3FSRV7K7X633EKCYO6ASQ,Recency-Weighted,0.0,
AG3DDQB3FSRV7K7X633EKCYO6ASQ,Essence (K=10),0.0,
AG3KH773Y6RJ4O3TJ4I4IKLR7AIA,Random,0.0,0.0
AG3KH773Y6RJ4O3TJ4I4IKLR7AIA,Popularity,0.0,0.0
AG3KH773Y6RJ4O3TJ4I4IKLR7AIA,CF (ItemKNN),0.0,0.0
AG3KH773Y6RJ4O3TJ4I4IKLR7AIA,Content (Avg Emb),0.0,0.0
AG3KH773Y6RJ4O3TJ4I4IKLR7AIA,Last-Item,0.0,0.0
AG3KH773Y6RJ4O3TJ4I4IKLR7AIA,Avg-Last-10,0.0,0.0
AG3KH773Y6RJ4O3TJ4I4IKLR7AIA,Recency-Weighted,0.0,0.0
AG3KH773Y6RJ4O3TJ4I4IKLR7AIA,Essence (K=10),0.0,0.0
AG3M4LFA4ZK7WESDNEN5ZCOA33WQ,Random,0.0,0.0
AG3M4LFA4ZK7WESDNEN5ZCOA33WQ,Popularity,0.0,0.0
AG3M4LFA4ZK7WESDNEN5ZCOA33WQ,CF (ItemKNN),0.0,0.0
AG3M4LFA4ZK7WESDNEN5ZCOA33WQ,Content (Avg Emb),0.0,0.0
AG3M4LFA4ZK7WESDNEN5ZCOA33WQ,Last-Item,0.0,0.0
AG3M4LFA4ZK7WESDNEN5ZCOA33WQ,Avg-Last-10,0.0,0.0
AG3M4LFA4ZK7WESDNEN5ZCOA33WQ,Recency-Weighted,0.0,0.0
AG3M4LFA4ZK7WESDNEN5ZCOA33WQ,Essence (K=10),0.0,0.0
AG3VZBL7U5LWV3QC5CO6RW3RROBQ,Random,0.0,0.0
AG3VZBL7U5LWV3QC5CO6RW3RROBQ,Popularity,0.0,0.0
AG3VZBL7U5LWV3QC5CO6RW3RROBQ,CF (ItemKNN),0.0,0.0
AG3VZBL7U5LWV3QC5CO6RW3RROBQ,Content (Avg Emb),0.0,0.0
AG3VZBL7U5LWV3QC5CO6RW3RROBQ,Last-Item,0.0,0.0
AG3VZBL7U5LWV3QC5CO6RW3RROBQ,Avg-Last-10,0.0,0.0
AG3VZBL7U5LWV3QC5CO6RW3RROBQ,Recency-Weighted,0.0,0.0
AG3VZBL7U5LWV3QC5CO6RW3RROBQ,Essence (K=10),0.0,0.0
AG3WWJH4253LU6T5KEZCKDIJUCBQ,Random,0.0,0.0
AG3WWJH4253LU6T5KEZCKDIJUCBQ,Popularity,0.0,0.0
AG3WWJH4253LU6T5KEZCKDIJUCBQ,CF (ItemKNN),0.0,0.0
AG3WWJH4253LU6T5KEZCKDIJUCBQ,Content (Avg Emb),0.0,0.0
AG3WWJH4253LU6T5KEZCKDIJUCBQ,Last-Item,0.0,0.0
AG3WWJH4253LU6T5KEZCKDIJUCBQ,Avg-Last-10,0.0,0.0
AG3WWJH4253LU6T5KEZCKDIJUCBQ,Recency-Weighted,0.0,0.0
AG3WWJH4253LU6T5KEZCKDIJUCBQ,Essence (K=10),0.0,0.0
AG3YPMKHMUZY5I4MUULIR6BEHE4Q,Random,0.0,0.0
AG3YPMKHMUZY5I4MUULIR6BEHE4Q,Popularity,0.0,0.0
AG3YPMKHMUZY5I4MUULIR6BEHE4Q,CF (ItemKNN),0.0,0.0
AG3YPMKHMUZY5I4MUULIR6BEHE4Q,Content (Avg Emb),0.0,0.0
AG3YPMKHMUZY5I4MUULIR6BEHE4Q,Last-Item,0.0,0.0
AG3YPMKHMUZY5I4MUULIR6BEHE4Q,Avg-Last-10,0.0,0.0
AG3YPMKHMUZY5I4MUULIR6BEHE4Q,Recency-Weighted,0.0,0.0
AG3YPMKHMUZY5I4MUULIR6BEHE4Q,Essence (K=10),0.0,0.0
AG426E2XSGOIH3IGLL5XMTKXCXNQ,Random,0.0,0.0
AG426E2XSGOIH3IGLL5XMTKXCXNQ,Popularity,0.0,0.0
AG426E2XSGOIH3IGLL5XMTKXCXNQ,CF (ItemKNN),0.0,0.0
AG426E2XSGOIH3IGLL5XMTKXCXNQ,Content (Avg Emb),0.0,0.0
AG426E2XSGOIH3IGLL5XMTKXCXNQ,Last-Item,0.0,0.0
AG426E2XSGOIH3IGLL5XMTKXCXNQ,Avg-Last-10,0.0,0.0
AG426E2XSGOIH3IGLL5XMTKXCXNQ,Recency-Weighted,0.0,0.0
AG426E2XSGOIH3IGLL5XMTKXCXNQ,Essence (K=10),0.0,0.0
AG44LJRWV6IAT66VAOPCNLGSTKOA,Random,0.0,
AG44LJRWV6IAT66VAOPCNLGSTKOA,Popularity,0.0,
AG44LJRWV6IAT66VAOPCNLGSTKOA,CF (ItemKNN),0.0,
AG44LJRWV6IAT66VAOPCNLGSTKOA,Content (Avg Emb),0.75,
AG44LJRWV6IAT66VAOPCNLGSTKOA,Last-Item,0.0,
AG44LJRWV6IAT66VAOPCNLGSTKOA,Avg-Last-10,0.0,
AG44LJRWV6IAT66VAOPCNLGSTKOA,Recency-Weighted,0.0,
AG44LJRWV6IAT66VAOPCNLGSTKOA,Essence (K=10),0.0,
AG45FQYFSBSTAC67CIHUGUROYZUQ,Random,0.0,
AG45FQYFSBSTAC67CIHUGUROYZUQ,Popularity,0.25,
AG45FQYFSBSTAC67CIHUGUROYZUQ,CF (ItemKNN),0.0,
AG45FQYFSBSTAC67CIHUGUROYZUQ,Content (Avg Emb),0.0,
AG45FQYFSBSTAC67CIHUGUROYZUQ,Last-Item,0.0,
AG45FQYFSBSTAC67CIHUGUROYZUQ,Avg-Last-10,0.0,
AG45FQYFSBSTAC67CIHUGUROYZUQ,Recency-Weighted,0.0,
AG45FQYFSBSTAC67CIHUGUROYZUQ,Essence (K=10),0.0,
AG45J2F62J2MAO2UNYA64DT4PXAQ,Random,0.0,0.0
AG45J2F62J2MAO2UNYA64DT4PXAQ,Popularity,0.0,0.0
AG45J2F62J2MAO2UNYA64DT4PXAQ,CF (ItemKNN),0.09523809523809523,0.3333333333333333
AG45J2F62J2MAO2UNYA64DT4PXAQ,Content (Avg Emb),0.09523809523809523,0.16666666666666666
AG45J2F62J2MAO2UNYA64DT4PXAQ,Last-Item,0.047619047619047616,0.0
AG45J2F62J2MAO2UNYA64DT4PXAQ,Avg-Last-10,0.047619047619047616,0.16666666666666666
AG45J2F62J2MAO2UNYA64DT4PXAQ,Recency-Weighted,0.047619047619047616,0.16666666666666666
AG45J2F62J2MAO2UNYA64DT4PXAQ,Essence (K=10),0.14285714285714285,0.3333333333333333
AG45NWDYKXFO3JBXKRAEER6LL6XA,Random,0.0,0.0
AG45NWDYKXFO3JBXKRAEER6LL6XA,Popularity,0.0,0.0
AG45NWDYKXFO3JBXKRAEER6LL6XA,CF (ItemKNN),0.1111111111111111,0.0
AG45NWDYKXFO3JBXKRAEER6LL6XA,Content (Avg Emb),0.0,0.0
AG45NWDYKXFO3JBXKRAEER6LL6XA,Last-Item,0.2222222222222222,0.5
AG45NWDYKXFO3JBXKRAEER6LL6XA,Avg-Last-10,0.1111111111111111,0.0
AG45NWDYKXFO3JBXKRAEER6LL6XA,Recency-Weighted,0.1111111111111111,0.0
AG45NWDYKXFO3JBXKRAEER6LL6XA,Essence (K=10),0.1111111111111111,0.25
AG4D7KPB3PTMYDG6JGZPGDRPKTGA,Random,0.0,0.0
AG4D7KPB3PTMYDG6JGZPGDRPKTGA,Popularity,0.0,0.0
AG4D7KPB3PTMYDG6JGZPGDRPKTGA,CF (ItemKNN),0.0,0.0
AG4D7KPB3PTMYDG6JGZPGDRPKTGA,Content (Avg Emb),0.0,0.0
AG4D7KPB3PTMYDG6JGZPGDRPKTGA,Last-Item,0.0,0.0
AG4D7KPB3PTMYDG6JGZPGDRPKTGA,Avg-Last-10,0.0,0.0
AG4D7KPB3PTMYDG6JGZPGDRPKTGA,Recency-Weighted,0.0,0.0
AG4D7KPB3PTMYDG6JGZPGDRPKTGA,Essence (K=10),0.0,0.0
AG4DH56ZK2SRZXX5CIGX5LBWYXQA,Random,0.0,0.0
AG4DH56ZK2SRZXX5CIGX5LBWYXQA,Popularity,0.0,0.0
AG4DH56ZK2SRZXX5CIGX5LBWYXQA,CF (ItemKNN),0.0,0.0
AG4DH56ZK2SRZXX5CIGX5LBWYXQA,Content (Avg Emb),0.0,0.0
AG4DH56ZK2SRZXX5CIGX5LBWYXQA,Last-Item,0.0,0.0
AG4DH56ZK2SRZXX5CIGX5LBWYXQA,Avg-Last-10,0.0,0.0
AG4DH56ZK2SRZXX5CIGX5LBWYXQA,Recency-Weighted,0.0,0.0
AG4DH56ZK2SRZXX5CIGX5LBWYXQA,Essence (K=10),0.0,0.0
AG4GMXAV2UCOO6N4E7GDGN2TMKTA,Random,0.0,
AG4GMXAV2UCOO6N4E7GDGN2TMKTA,Popularity,0.0,
AG4GMXAV2UCOO6N4E7GDGN2TMKTA,CF (ItemKNN),0.0,
AG4GMXAV2UCOO6N4E7GDGN2TMKTA,Content (Avg Emb),0.0,
AG4GMXAV2UCOO6N4E7GDGN2TMKTA,Last-Item,0.0,
AG4GMXAV2UCOO6N4E7GDGN2TMKTA,Avg-Last-10,0.0,
AG4GMXAV2UCOO6N4E7GDGN2TMKTA,Recency-Weighted,0.0,
AG4GMXAV2UCOO6N4E7GDGN2TMKTA,Essence (K=10),0.0,
AG4JDGQREZU2VL7SH3QAA6MDJKSQ,Random,0.0,0.0
AG4JDGQREZU2VL7SH3QAA6MDJKSQ,Popularity,0.0,0.0
AG4JDGQREZU2VL7SH3QAA6MDJKSQ,CF (ItemKNN),0.0,0.0
AG4JDGQREZU2VL7SH3QAA6MDJKSQ,Content (Avg Emb),0.0,0.0
AG4JDGQREZU2VL7SH3QAA6MDJKSQ,Last-Item,0.0,0.0
AG4JDGQREZU2VL7SH3QAA6MDJKSQ,Avg-Last-10,0.0,0.0
AG4JDGQREZU2VL7SH3QAA6MDJKSQ,Recency-Weighted,0.0,0.0
AG4JDGQREZU2VL7SH3QAA6MDJKSQ,Essence (K=10),0.0,0.0
AG4JVV3FTZT2AMVTDGOKADZIJX3Q,Random,0.0,0.0
AG4JVV3FTZT2AMVTDGOKADZIJX3Q,Popularity,0.0,0.0
AG4JVV3FTZT2AMVTDGOKADZIJX3Q,CF (ItemKNN),0.0,0.0
AG4JVV3FTZT2AMVTDGOKADZIJX3Q,Content (Avg Emb),0.0,0.0
AG4JVV3FTZT2AMVTDGOKADZIJX3Q,Last-Item,0.2,0.0
AG4JVV3FTZT2AMVTDGOKADZIJX3Q,Avg-Last-10,0.0,0.0
AG4JVV3FTZT2AMVTDGOKADZIJX3Q,Recency-Weighted,0.0,0.0
AG4JVV3FTZT2AMVTDGOKADZIJX3Q,Essence (K=10),0.2,0.0
AG4KNYTI6CV2XEUWC3AT33TOF32Q,Random,0.0,0.0
AG4KNYTI6CV2XEUWC3AT33TOF32Q,Popularity,0.0,0.0
AG4KNYTI6CV2XEUWC3AT33TOF32Q,CF (ItemKNN),0.0,0.0
AG4KNYTI6CV2XEUWC3AT33TOF32Q,Content (Avg Emb),0.0,0.0
AG4KNYTI6CV2XEUWC3AT33TOF32Q,Last-Item,0.0,0.0
AG4KNYTI6CV2XEUWC3AT33TOF32Q,Avg-Last-10,0.0,0.0
AG4KNYTI6CV2XEUWC3AT33TOF32Q,Recency-Weighted,0.2,0.0
AG4KNYTI6CV2XEUWC3AT33TOF32Q,Essence (K=10),0.2,0.0
AG4KQJLB5PPIRTHCFMGIPZ7TCKUQ,Random,0.0,0.0
AG4KQJLB5PPIRTHCFMGIPZ7TCKUQ,Popularity,0.0,0.0
AG4KQJLB5PPIRTHCFMGIPZ7TCKUQ,CF (ItemKNN),0.16666666666666666,1.0
AG4KQJLB5PPIRTHCFMGIPZ7TCKUQ,Content (Avg Emb),0.5,1.0
AG4KQJLB5PPIRTHCFMGIPZ7TCKUQ,Last-Item,0.6666666666666666,1.0
AG4KQJLB5PPIRTHCFMGIPZ7TCKUQ,Avg-Last-10,0.6666666666666666,1.0
AG4KQJLB5PPIRTHCFMGIPZ7TCKUQ,Recency-Weighted,0.6666666666666666,1.0
AG4KQJLB5PPIRTHCFMGIPZ7TCKUQ,Essence (K=10),0.5,0.0
AG4P5MNOMQ5SOECLKFHEK3DX33TA,Random,0.0,
AG4P5MNOMQ5SOECLKFHEK3DX33TA,Popularity,0.0,
AG4P5MNOMQ5SOECLKFHEK3DX33TA,CF (ItemKNN),0.0,
AG4P5MNOMQ5SOECLKFHEK3DX33TA,Content (Avg Emb),0.0,
AG4P5MNOMQ5SOECLKFHEK3DX33TA,Last-Item,0.2,
AG4P5MNOMQ5SOECLKFHEK3DX33TA,Avg-Last-10,0.0,
AG4P5MNOMQ5SOECLKFHEK3DX33TA,Recency-Weighted,0.0,
AG4P5MNOMQ5SOECLKFHEK3DX33TA,Essence (K=10),0.0,
AG4QHIZFWXQYM3FCWZSPKKFOS5BQ,Random,0.0,
AG4QHIZFWXQYM3FCWZSPKKFOS5BQ,Popularity,0.0,
AG4QHIZFWXQYM3FCWZSPKKFOS5BQ,CF (ItemKNN),0.0,
AG4QHIZFWXQYM3FCWZSPKKFOS5BQ,Content (Avg Emb),0.0,
AG4QHIZFWXQYM3FCWZSPKKFOS5BQ,Last-Item,0.0,
AG4QHIZFWXQYM3FCWZSPKKFOS5BQ,Avg-Last-10,0.0,
AG4QHIZFWXQYM3FCWZSPKKFOS5BQ,Recency-Weighted,0.0,
AG4QHIZFWXQYM3FCWZSPKKFOS5BQ,Essence (K=10),0.0,
AG52JWUG3H4CYIYENIKXM4Z4RMXQ,Random,0.0,0.0
AG52JWUG3H4CYIYENIKXM4Z4RMXQ,Popularity,0.0,0.0
AG52JWUG3H4CYIYENIKXM4Z4RMXQ,CF (ItemKNN),0.25,1.0
AG52JWUG3H4CYIYENIKXM4Z4RMXQ,Content (Avg Emb),0.0,0.0
AG52JWUG3H4CYIYENIKXM4Z4RMXQ,Last-Item,0.0,0.0
AG52JWUG3H4CYIYENIKXM4Z4RMXQ,Avg-Last-10,0.0,0.0
AG52JWUG3H4CYIYENIKXM4Z4RMXQ,Recency-Weighted,0.0,0.0
AG52JWUG3H4CYIYENIKXM4Z4RMXQ,Essence (K=10),0.0,0.0
AG57FBA3ZBZ6OGAOIDLG7PR4USPA,Random,0.0,
AG57FBA3ZBZ6OGAOIDLG7PR4USPA,Popularity,0.0,
AG57FBA3ZBZ6OGAOIDLG7PR4USPA,CF (ItemKNN),0.0,
AG57FBA3ZBZ6OGAOIDLG7PR4USPA,Content (Avg Emb),0.0,
AG57FBA3ZBZ6OGAOIDLG7PR4USPA,Last-Item,0.0,
AG57FBA3ZBZ6OGAOIDLG7PR4USPA,Avg-Last-10,0.0,
AG57FBA3ZBZ6OGAOIDLG7PR4USPA,Recency-Weighted,0.0,
AG57FBA3ZBZ6OGAOIDLG7PR4USPA,Essence (K=10),0.0,
AG5DTPDJ6XF4EU2LLSFHPJO4UZEA,Random,0.0,0.0
AG5DTPDJ6XF4EU2LLSFHPJO4UZEA,Popularity,0.0,0.0
AG5DTPDJ6XF4EU2LLSFHPJO4UZEA,CF (ItemKNN),0.0,0.0
AG5DTPDJ6XF4EU2LLSFHPJO4UZEA,Content (Avg Emb),0.0,0.0
AG5DTPDJ6XF4EU2LLSFHPJO4UZEA,Last-Item,0.0,0.0
AG5DTPDJ6XF4EU2LLSFHPJO4UZEA,Avg-Last-10,0.14285714285714285,0.0
AG5DTPDJ6XF4EU2LLSFHPJO4UZEA,Recency-Weighted,0.14285714285714285,0.0
AG5DTPDJ6XF4EU2LLSFHPJO4UZEA,Essence (K=10),0.14285714285714285,0.0
AG5EJTIBO5EXXYDMOSUQVYBDJIJA,Random,0.0,0.0
AG5EJTIBO5EXXYDMOSUQVYBDJIJA,Popularity,0.0,0.0
AG5EJTIBO5EXXYDMOSUQVYBDJIJA,CF (ItemKNN),0.0,0.0
AG5EJTIBO5EXXYDMOSUQVYBDJIJA,Content (Avg Emb),0.0,0.0
AG5EJTIBO5EXXYDMOSUQVYBDJIJA,Last-Item,0.0,0.0
AG5EJTIBO5EXXYDMOSUQVYBDJIJA,Avg-Last-10,0.0,0.0
AG5EJTIBO5EXXYDMOSUQVYBDJIJA,Recency-Weighted,0.0,0.0
AG5EJTIBO5EXXYDMOSUQVYBDJIJA,Essence (K=10),0.0,0.0
AG5F4LQTMNQHHNFNEGWSDKD6NCLQ,Random,0.0,
AG5F4LQTMNQHHNFNEGWSDKD6NCLQ,Popularity,0.0,
AG5F4LQTMNQHHNFNEGWSDKD6NCLQ,CF (ItemKNN),0.0,
AG5F4LQTMNQHHNFNEGWSDKD6NCLQ,Content (Avg Emb),0.0,
AG5F4LQTMNQHHNFNEGWSDKD6NCLQ,Last-Item,0.0,
AG5F4LQTMNQHHNFNEGWSDKD6NCLQ,Avg-Last-10,0.0,
AG5F4LQTMNQHHNFNEGWSDKD6NCLQ,Recency-Weighted,0.0,
AG5F4LQTMNQHHNFNEGWSDKD6NCLQ,Essence (K=10),0.0,
AG5GGOE4MIKTMDCTFYQEDN67UVKQ,Random,0.0,
AG5GGOE4MIKTMDCTFYQEDN67UVKQ,Popularity,0.0,
AG5GGOE4MIKTMDCTFYQEDN67UVKQ,CF (ItemKNN),0.0,
AG5GGOE4MIKTMDCTFYQEDN67UVKQ,Content (Avg Emb),0.0,
AG5GGOE4MIKTMDCTFYQEDN67UVKQ,Last-Item,0.0,
AG5GGOE4MIKTMDCTFYQEDN67UVKQ,Avg-Last-10,0.0,
AG5GGOE4MIKTMDCTFYQEDN67UVKQ,Recency-Weighted,0.0,
AG5GGOE4MIKTMDCTFYQEDN67UVKQ,Essence (K=10),0.0,
AG5HW6SXNYV26QOIYKQ3VWCECYTQ,Random,0.0,
AG5HW6SXNYV26QOIYKQ3VWCECYTQ,Popularity,0.0,
AG5HW6SXNYV26QOIYKQ3VWCECYTQ,CF (ItemKNN),0.0,
AG5HW6SXNYV26QOIYKQ3VWCECYTQ,Content (Avg Emb),0.0,
AG5HW6SXNYV26QOIYKQ3VWCECYTQ,Last-Item,0.0,
AG5HW6SXNYV26QOIYKQ3VWCECYTQ,Avg-Last-10,0.0,
AG5HW6SXNYV26QOIYKQ3VWCECYTQ,Recency-Weighted,0.0,
AG5HW6SXNYV26QOIYKQ3VWCECYTQ,Essence (K=10),0.0,
AG5IEMZFHTWHEM6FFBDMQBSH24GQ,Random,0.0,
AG5IEMZFHTWHEM6FFBDMQBSH24GQ,Popularity,0.0,
AG5IEMZFHTWHEM6FFBDMQBSH24GQ,CF (ItemKNN),0.0,
AG5IEMZFHTWHEM6FFBDMQBSH24GQ,Content (Avg Emb),0.0,
AG5IEMZFHTWHEM6FFBDMQBSH24GQ,Last-Item,0.0,
AG5IEMZFHTWHEM6FFBDMQBSH24GQ,Avg-Last-10,0.0,
AG5IEMZFHTWHEM6FFBDMQBSH24GQ,Recency-Weighted,0.0,
AG5IEMZFHTWHEM6FFBDMQBSH24GQ,Essence (K=10),0.0,
AG5IEN4THDRURS5MQUSUZYZYUF5Q,Random,0.0,0.0
AG5IEN4THDRURS5MQUSUZYZYUF5Q,Popularity,0.0,0.0
AG5IEN4THDRURS5MQUSUZYZYUF5Q,CF (ItemKNN),0.0,0.0
AG5IEN4THDRURS5MQUSUZYZYUF5Q,Content (Avg Emb),0.0,0.0
AG5IEN4THDRURS5MQUSUZYZYUF5Q,Last-Item,0.0,0.0
AG5IEN4THDRURS5MQUSUZYZYUF5Q,Avg-Last-10,0.0,0.0
AG5IEN4THDRURS5MQUSUZYZYUF5Q,Recency-Weighted,0.0,0.0
AG5IEN4THDRURS5MQUSUZYZYUF5Q,Essence (K=10),0.0,0.0
AG5PFWKWU77L3DLYUHHZRSMKKXNA,Random,0.0,0.0
AG5PFWKWU77L3DLYUHHZRSMKKXNA,Popularity,0.0,0.0
AG5PFWKWU77L3DLYUHHZRSMKKXNA,CF (ItemKNN),0.0,0.0
AG5PFWKWU77L3DLYUHHZRSMKKXNA,Content (Avg Emb),0.0,0.0
AG5PFWKWU77L3DLYUHHZRSMKKXNA,Last-Item,0.0,0.0
AG5PFWKWU77L3DLYUHHZRSMKKXNA,Avg-Last-10,0.0,0.0
AG5PFWKWU77L3DLYUHHZRSMKKXNA,Recency-Weighted,0.0,0.0
AG5PFWKWU77L3DLYUHHZRSMKKXNA,Essence (K=10),0.0,0.0
AG5POK2R6T7TNLWM34LGZLGYLTOQ,Random,0.0,0.0
AG5POK2R6T7TNLWM34LGZLGYLTOQ,Popularity,0.0,0.0
AG5POK2R6T7TNLWM34LGZLGYLTOQ,CF (ItemKNN),0.0,0.0
AG5POK2R6T7TNLWM34LGZLGYLTOQ,Content (Avg Emb),0.0,0.0
AG5POK2R6T7TNLWM34LGZLGYLTOQ,Last-Item,0.0,0.0
AG5POK2R6T7TNLWM34LGZLGYLTOQ,Avg-Last-10,0.0,0.0
AG5POK2R6T7TNLWM34LGZLGYLTOQ,Recency-Weighted,0.0,0.0
AG5POK2R6T7TNLWM34LGZLGYLTOQ,Essence (K=10),0.0,0.0
AG5QCC2MQN6XT7I4OUPNOESNLTHA,Random,0.0,
AG5QCC2MQN6XT7I4OUPNOESNLTHA,Popularity,0.0,
AG5QCC2MQN6XT7I4OUPNOESNLTHA,CF (ItemKNN),0.0,
AG5QCC2MQN6XT7I4OUPNOESNLTHA,Content (Avg Emb),0.0,
AG5QCC2MQN6XT7I4OUPNOESNLTHA,Last-Item,0.25,
AG5QCC2MQN6XT7I4OUPNOESNLTHA,Avg-Last-10,0.0,
AG5QCC2MQN6XT7I4OUPNOESNLTHA,Recency-Weighted,0.0,
AG5QCC2MQN6XT7I4OUPNOESNLTHA,Essence (K=10),0.0,
AG5T75CF3E4PHXVRVGIJCDWLQD4Q,Random,0.0,
AG5T75CF3E4PHXVRVGIJCDWLQD4Q,Popularity,0.0,
AG5T75CF3E4PHXVRVGIJCDWLQD4Q,CF (ItemKNN),0.0,
AG5T75CF3E4PHXVRVGIJCDWLQD4Q,Content (Avg Emb),0.0,
AG5T75CF3E4PHXVRVGIJCDWLQD4Q,Last-Item,0.0,
AG5T75CF3E4PHXVRVGIJCDWLQD4Q,Avg-Last-10,0.0,
AG5T75CF3E4PHXVRVGIJCDWLQD4Q,Recency-Weighted,0.0,
AG5T75CF3E4PHXVRVGIJCDWLQD4Q,Essence (K=10),0.0,
AG5UFUTELKFDXDVYOB6PZTL7VXXQ,Random,0.0,0.0
AG5UFUTELKFDXDVYOB6PZTL7VXXQ,Popularity,0.0,0.0
AG5UFUTELKFDXDVYOB6PZTL7VXXQ,CF (ItemKNN),0.0,0.0
AG5UFUTELKFDXDVYOB6PZTL7VXXQ,Content (Avg Emb),0.0,0.0
AG5UFUTELKFDXDVYOB6PZTL7VXXQ,Last-Item,0.0,0.0
AG5UFUTELKFDXDVYOB6PZTL7VXXQ,Avg-Last-10,0.0,0.0
AG5UFUTELKFDXDVYOB6PZTL7VXXQ,Recency-Weighted,0.0,0.0
AG5UFUTELKFDXDVYOB6PZTL7VXXQ,Essence (K=10),0.0,0.0
AG5X4MTFX4GIKULTGKMIV7G4XBUQ,Random,0.0,0.0
AG5X4MTFX4GIKULTGKMIV7G4XBUQ,Popularity,0.0,0.0
AG5X4MTFX4GIKULTGKMIV7G4XBUQ,CF (ItemKNN),0.0,0.0
AG5X4MTFX4GIKULTGKMIV7G4XBUQ,Content (Avg Emb),0.0,0.0
AG5X4MTFX4GIKULTGKMIV7G4XBUQ,Last-Item,0.2,0.0
AG5X4MTFX4GIKULTGKMIV7G4XBUQ,Avg-Last-10,0.0,0.0
AG5X4MTFX4GIKULTGKMIV7G4XBUQ,Recency-Weighted,0.0,0.0
AG5X4MTFX4GIKULTGKMIV7G4XBUQ,Essence (K=10),0.0,0.0
AG664F7XMBNM7CUENCDBJATDROHQ,Random,0.0,0.0
AG664F7XMBNM7CUENCDBJATDROHQ,Popularity,0.0,0.0
AG664F7XMBNM7CUENCDBJATDROHQ,CF (ItemKNN),0.0,0.0
AG664F7XMBNM7CUENCDBJATDROHQ,Content (Avg Emb),0.0,0.0
AG664F7XMBNM7CUENCDBJATDROHQ,Last-Item,0.0,0.0
AG664F7XMBNM7CUENCDBJATDROHQ,Avg-Last-10,0.0,0.0
AG664F7XMBNM7CUENCDBJATDROHQ,Recency-Weighted,0.0,0.0
AG664F7XMBNM7CUENCDBJATDROHQ,Essence (K=10),0.0,0.0
AG67AEXULJQMW7GLFJDJGZEBNT2A,Random,0.0,0.0
AG67AEXULJQMW7GLFJDJGZEBNT2A,Popularity,0.0,0.0
AG67AEXULJQMW7GLFJDJGZEBNT2A,CF (ItemKNN),0.0,0.0
AG67AEXULJQMW7GLFJDJGZEBNT2A,Content (Avg Emb),0.0,0.0
AG67AEXULJQMW7GLFJDJGZEBNT2A,Last-Item,0.0,0.0
AG67AEXULJQMW7GLFJDJGZEBNT2A,Avg-Last-10,0.0,0.0
AG67AEXULJQMW7GLFJDJGZEBNT2A,Recency-Weighted,0.0,0.0
AG67AEXULJQMW7GLFJDJGZEBNT2A,Essence (K=10),0.0,0.0
AG6AJDWW7HVQZUG6L2WLX4PYYZUA,Random,0.0,
AG6AJDWW7HVQZUG6L2WLX4PYYZUA,Popularity,0.0,
AG6AJDWW7HVQZUG6L2WLX4PYYZUA,CF (ItemKNN),0.0,
AG6AJDWW7HVQZUG6L2WLX4PYYZUA,Content (Avg Emb),0.0,
AG6AJDWW7HVQZUG6L2WLX4PYYZUA,Last-Item,0.0,
AG6AJDWW7HVQZUG6L2WLX4PYYZUA,Avg-Last-10,0.0,
AG6AJDWW7HVQZUG6L2WLX4PYYZUA,Recency-Weighted,0.0,
AG6AJDWW7HVQZUG6L2WLX4PYYZUA,Essence (K=10),0.0,
AG6AYVY4OS3I7US6RS2YHOLPQM2Q,Random,0.0,0.0
AG6AYVY4OS3I7US6RS2YHOLPQM2Q,Popularity,0.0,0.0
AG6AYVY4OS3I7US6RS2YHOLPQM2Q,CF (ItemKNN),0.0,0.0
AG6AYVY4OS3I7US6RS2YHOLPQM2Q,Content (Avg Emb),0.0,0.0
AG6AYVY4OS3I7US6RS2YHOLPQM2Q,Last-Item,0.0,0.0
AG6AYVY4OS3I7US6RS2YHOLPQM2Q,Avg-Last-10,0.0,0.0
AG6AYVY4OS3I7US6RS2YHOLPQM2Q,Recency-Weighted,0.0,0.0
AG6AYVY4OS3I7US6RS2YHOLPQM2Q,Essence (K=10),0.0,0.0
AG6GPIKENPZRBMYKTGNF46XUN7FA,Random,0.0,0.0
AG6GPIKENPZRBMYKTGNF46XUN7FA,Popularity,0.0,0.0
AG6GPIKENPZRBMYKTGNF46XUN7FA,CF (ItemKNN),0.0,0.0
AG6GPIKENPZRBMYKTGNF46XUN7FA,Content (Avg Emb),0.0,0.0
AG6GPIKENPZRBMYKTGNF46XUN7FA,Last-Item,0.0,0.0
AG6GPIKENPZRBMYKTGNF46XUN7FA,Avg-Last-10,0.0,0.0
AG6GPIKENPZRBMYKTGNF46XUN7FA,Recency-Weighted,0.0,0.0
AG6GPIKENPZRBMYKTGNF46XUN7FA,Essence (K=10),0.0,0.0
AG6IAN32LFXF46L5SSFW443EN64Q,Random,0.0,
AG6IAN32LFXF46L5SSFW443EN64Q,Popularity,0.0,
AG6IAN32LFXF46L5SSFW443EN64Q,CF (ItemKNN),0.0,
AG6IAN32LFXF46L5SSFW443EN64Q,Content (Avg Emb),0.0,
AG6IAN32LFXF46L5SSFW443EN64Q,Last-Item,0.0,
AG6IAN32LFXF46L5SSFW443EN64Q,Avg-Last-10,0.0,
AG6IAN32LFXF46L5SSFW443EN64Q,Recency-Weighted,0.0,
AG6IAN32LFXF46L5SSFW443EN64Q,Essence (K=10),0.0,
AG6PHCY2S6HHV6VNZWU6MP37EUHA,Random,0.0,0.0
AG6PHCY2S6HHV6VNZWU6MP37EUHA,Popularity,0.0,0.0
AG6PHCY2S6HHV6VNZWU6MP37EUHA,CF (ItemKNN),0.0,0.0
AG6PHCY2S6HHV6VNZWU6MP37EUHA,Content (Avg Emb),0.0,0.0
AG6PHCY2S6HHV6VNZWU6MP37EUHA,Last-Item,0.0,0.0
AG6PHCY2S6HHV6VNZWU6MP37EUHA,Avg-Last-10,0.2,0.5
AG6PHCY2S6HHV6VNZWU6MP37EUHA,Recency-Weighted,0.2,0.5
AG6PHCY2S6HHV6VNZWU6MP37EUHA,Essence (K=10),0.2,0.5
AG6XG5EBYE5M7TOAFSCWOAZKGHIA,Random,0.0,0.0
AG6XG5EBYE5M7TOAFSCWOAZKGHIA,Popularity,0.0,0.0
AG6XG5EBYE5M7TOAFSCWOAZKGHIA,CF (ItemKNN),0.125,1.0
AG6XG5EBYE5M7TOAFSCWOAZKGHIA,Content (Avg Emb),0.125,0.0
AG6XG5EBYE5M7TOAFSCWOAZKGHIA,Last-Item,0.0,0.0
AG6XG5EBYE5M7TOAFSCWOAZKGHIA,Avg-Last-10,0.125,0.0
AG6XG5EBYE5M7TOAFSCWOAZKGHIA,Recency-Weighted,0.25,0.0
AG6XG5EBYE5M7TOAFSCWOAZKGHIA,Essence (K=10),0.125,0.0
AG6YXEPL6ENWE4CTSAOR3HHPX6BQ,Random,0.0,0.0
AG6YXEPL6ENWE4CTSAOR3HHPX6BQ,Popularity,0.0,0.0
AG6YXEPL6ENWE4CTSAOR3HHPX6BQ,CF (ItemKNN),0.0,0.0
AG6YXEPL6ENWE4CTSAOR3HHPX6BQ,Content (Avg Emb),0.0,0.0
AG6YXEPL6ENWE4CTSAOR3HHPX6BQ,Last-Item,0.0,0.0
AG6YXEPL6ENWE4CTSAOR3HHPX6BQ,Avg-Last-10,0.0,0.0
AG6YXEPL6ENWE4CTSAOR3HHPX6BQ,Recency-Weighted,0.0,0.0
AG6YXEPL6ENWE4CTSAOR3HHPX6BQ,Essence (K=10),0.0,0.0
AG73Z42QIAZW5QMI425NB3AKCVLA,Random,0.0,0.0
AG73Z42QIAZW5QMI425NB3AKCVLA,Popularity,0.0,0.0
AG73Z42QIAZW5QMI425NB3AKCVLA,CF (ItemKNN),0.0,0.0
AG73Z42QIAZW5QMI425NB3AKCVLA,Content (Avg Emb),0.0,0.0
AG73Z42QIAZW5QMI425NB3AKCVLA,Last-Item,0.0,0.0
AG73Z42QIAZW5QMI425NB3AKCVLA,Avg-Last-10,0.0,0.0
AG73Z42QIAZW5QMI425NB3AKCVLA,Recency-Weighted,0.0,0.0
AG73Z42QIAZW5QMI425NB3AKCVLA,Essence (K=10),0.0,0.0
AG7BCFH2HZRGWTM7TDOBKCKPSQUQ,Random,0.0,0.0
AG7BCFH2HZRGWTM7TDOBKCKPSQUQ,Popularity,0.0,0.0
AG7BCFH2HZRGWTM7TDOBKCKPSQUQ,CF (ItemKNN),0.0,0.0
AG7BCFH2HZRGWTM7TDOBKCKPSQUQ,Content (Avg Emb),0.0,0.0
AG7BCFH2HZRGWTM7TDOBKCKPSQUQ,Last-Item,0.0,0.0
AG7BCFH2HZRGWTM7TDOBKCKPSQUQ,Avg-Last-10,0.0,0.0
AG7BCFH2HZRGWTM7TDOBKCKPSQUQ,Recency-Weighted,0.0,0.0
AG7BCFH2HZRGWTM7TDOBKCKPSQUQ,Essence (K=10),0.0,0.0
AG7C24544TV4DKMCXMW3HEO6KAEA,Random,0.0,0.0
AG7C24544TV4DKMCXMW3HEO6KAEA,Popularity,0.0,0.0
AG7C24544TV4DKMCXMW3HEO6KAEA,CF (ItemKNN),0.0,0.0
AG7C24544TV4DKMCXMW3HEO6KAEA,Content (Avg Emb),0.0,0.0
AG7C24544TV4DKMCXMW3HEO6KAEA,Last-Item,0.0,0.0
AG7C24544TV4DKMCXMW3HEO6KAEA,Avg-Last-10,0.0,0.0
AG7C24544TV4DKMCXMW3HEO6KAEA,Recency-Weighted,0.0,0.0
AG7C24544TV4DKMCXMW3HEO6KAEA,Essence (K=10),0.0,0.0
AG7FEHOLMTMN6JSE6FXCFAHCL26Q,Random,0.0,
AG7FEHOLMTMN6JSE6FXCFAHCL26Q,Popularity,0.0,
AG7FEHOLMTMN6JSE6FXCFAHCL26Q,CF (ItemKNN),0.0,
AG7FEHOLMTMN6JSE6FXCFAHCL26Q,Content (Avg Emb),0.0,
AG7FEHOLMTMN6JSE6FXCFAHCL26Q,Last-Item,0.4,
AG7FEHOLMTMN6JSE6FXCFAHCL26Q,Avg-Last-10,0.0,
AG7FEHOLMTMN6JSE6FXCFAHCL26Q,Recency-Weighted,0.2,
AG7FEHOLMTMN6JSE6FXCFAHCL26Q,Essence (K=10),0.4,
AG7HEUXYJY2LXKEAO233XULAZJOQ,Random,0.0,
AG7HEUXYJY2LXKEAO233XULAZJOQ,Popularity,0.0,
AG7HEUXYJY2LXKEAO233XULAZJOQ,CF (ItemKNN),0.0,
AG7HEUXYJY2LXKEAO233XULAZJOQ,Content (Avg Emb),0.0,
AG7HEUXYJY2LXKEAO233XULAZJOQ,Last-Item,0.0,
AG7HEUXYJY2LXKEAO233XULAZJOQ,Avg-Last-10,0.0,
AG7HEUXYJY2LXKEAO233XULAZJOQ,Recency-Weighted,0.0,
AG7HEUXYJY2LXKEAO233XULAZJOQ,Essence (K=10),0.0,
AG7I743DBZQFLJ76LMKVKDI3YJAQ,Random,0.0,
AG7I743DBZQFLJ76LMKVKDI3YJAQ,Popularity,0.0,
AG7I743DBZQFLJ76LMKVKDI3YJAQ,CF (ItemKNN),0.0,
AG7I743DBZQFLJ76LMKVKDI3YJAQ,Content (Avg Emb),0.0,
AG7I743DBZQFLJ76LMKVKDI3YJAQ,Last-Item,0.0,
AG7I743DBZQFLJ76LMKVKDI3YJAQ,Avg-Last-10,0.0,
AG7I743DBZQFLJ76LMKVKDI3YJAQ,Recency-Weighted,0.25,
AG7I743DBZQFLJ76LMKVKDI3YJAQ,Essence (K=10),0.25,
AG7IC7UE2XWCCPIAX3227DESRBIA,Random,0.0,0.0
AG7IC7UE2XWCCPIAX3227DESRBIA,Popularity,0.0,0.0
AG7IC7UE2XWCCPIAX3227DESRBIA,CF (ItemKNN),0.0,0.0
AG7IC7UE2XWCCPIAX3227DESRBIA,Content (Avg Emb),0.0,0.0
AG7IC7UE2XWCCPIAX3227DESRBIA,Last-Item,0.0,0.0
AG7IC7UE2XWCCPIAX3227DESRBIA,Avg-Last-10,0.0,0.0
AG7IC7UE2XWCCPIAX3227DESRBIA,Recency-Weighted,0.0,0.0
AG7IC7UE2XWCCPIAX3227DESRBIA,Essence (K=10),0.0,0.0
AG7JHGOHLKP562RLJUGJGIWKE4TA,Random,0.0,0.0
AG7JHGOHLKP562RLJUGJGIWKE4TA,Popularity,0.0,0.0
AG7JHGOHLKP562RLJUGJGIWKE4TA,CF (ItemKNN),0.0,0.0
AG7JHGOHLKP562RLJUGJGIWKE4TA,Content (Avg Emb),0.0,0.0
AG7JHGOHLKP562RLJUGJGIWKE4TA,Last-Item,0.0,0.0
AG7JHGOHLKP562RLJUGJGIWKE4TA,Avg-Last-10,0.0,0.0
AG7JHGOHLKP562RLJUGJGIWKE4TA,Recency-Weighted,0.0,0.0
AG7JHGOHLKP562RLJUGJGIWKE4TA,Essence (K=10),0.0,0.0
AG7KJQEEBSSEER6ZH44JKFULPYLQ,Random,0.0,
AG7KJQEEBSSEER6ZH44JKFULPYLQ,Popularity,0.0,
AG7KJQEEBSSEER6ZH44JKFULPYLQ,CF (ItemKNN),0.0,
AG7KJQEEBSSEER6ZH44JKFULPYLQ,Content (Avg Emb),0.0,
AG7KJQEEBSSEER6ZH44JKFULPYLQ,Last-Item,0.25,
AG7KJQEEBSSEER6ZH44JKFULPYLQ,Avg-Last-10,0.0,
AG7KJQEEBSSEER6ZH44JKFULPYLQ,Recency-Weighted,0.0,
AG7KJQEEBSSEER6ZH44JKFULPYLQ,Essence (K=10),0.0,
AG7LELP2BOE5EHXMAHMJE2LK4JUA,Random,0.0,
AG7LELP2BOE5EHXMAHMJE2LK4JUA,Popularity,0.0,
AG7LELP2BOE5EHXMAHMJE2LK4JUA,CF (ItemKNN),0.0,
AG7LELP2BOE5EHXMAHMJE2LK4JUA,Content (Avg Emb),0.0,
AG7LELP2BOE5EHXMAHMJE2LK4JUA,Last-Item,0.0,
AG7LELP2BOE5EHXMAHMJE2LK4JUA,Avg-Last-10,0.0,
AG7LELP2BOE5EHXMAHMJE2LK4JUA,Recency-Weighted,0.0,
AG7LELP2BOE5EHXMAHMJE2LK4JUA,Essence (K=10),0.0,
AG7NJYKYFX3D5AFUK6WD32RVMD4Q,Random,0.0,0.0
AG7NJYKYFX3D5AFUK6WD32RVMD4Q,Popularity,0.0,0.0
AG7NJYKYFX3D5AFUK6WD32RVMD4Q,CF (ItemKNN),0.0,0.0
AG7NJYKYFX3D5AFUK6WD32RVMD4Q,Content (Avg Emb),0.0,0.0
AG7NJYKYFX3D5AFUK6WD32RVMD4Q,Last-Item,0.25,0.0
AG7NJYKYFX3D5AFUK6WD32RVMD4Q,Avg-Last-10,0.0,0.0
AG7NJYKYFX3D5AFUK6WD32RVMD4Q,Recency-Weighted,0.0,0.0
AG7NJYKYFX3D5AFUK6WD32RVMD4Q,Essence (K=10),0.0,0.0
AG7OUAYXTOGHHFXEH5ASGVTLINFQ,Random,0.0,0.0
AG7OUAYXTOGHHFXEH5ASGVTLINFQ,Popularity,0.0,0.0
AG7OUAYXTOGHHFXEH5ASGVTLINFQ,CF (ItemKNN),0.0,0.0
AG7OUAYXTOGHHFXEH5ASGVTLINFQ,Content (Avg Emb),0.2,0.25
AG7OUAYXTOGHHFXEH5ASGVTLINFQ,Last-Item,0.2,0.25
AG7OUAYXTOGHHFXEH5ASGVTLINFQ,Avg-Last-10,0.0,0.0
AG7OUAYXTOGHHFXEH5ASGVTLINFQ,Recency-Weighted,0.0,0.0
AG7OUAYXTOGHHFXEH5ASGVTLINFQ,Essence (K=10),0.0,0.0
AG7RKT3TQ5KNALFQTX6AP3NWWXEQ,Random,0.0,0.0
AG7RKT3TQ5KNALFQTX6AP3NWWXEQ,Popularity,0.0,0.0
AG7RKT3TQ5KNALFQTX6AP3NWWXEQ,CF (ItemKNN),0.0,0.0
AG7RKT3TQ5KNALFQTX6AP3NWWXEQ,Content (Avg Emb),0.0,0.0
AG7RKT3TQ5KNALFQTX6AP3NWWXEQ,Last-Item,0.0,0.0
AG7RKT3TQ5KNALFQTX6AP3NWWXEQ,Avg-Last-10,0.0,0.0
AG7RKT3TQ5KNALFQTX6AP3NWWXEQ,Recency-Weighted,0.0,0.0
AG7RKT3TQ5KNALFQTX6AP3NWWXEQ,Essence (K=10),0.0,0.0
AG7S2BXUGI2G5RJFLE5T32H54XFA,Random,0.0,0.0
AG7S2BXUGI2G5RJFLE5T32H54XFA,Popularity,0.0,0.0
AG7S2BXUGI2G5RJFLE5T32H54XFA,CF (ItemKNN),0.0,0.0
AG7S2BXUGI2G5RJFLE5T32H54XFA,Content (Avg Emb),0.0,0.0
AG7S2BXUGI2G5RJFLE5T32H54XFA,Last-Item,0.0,0.0
AG7S2BXUGI2G5RJFLE5T32H54XFA,Avg-Last-10,0.0,0.0
AG7S2BXUGI2G5RJFLE5T32H54XFA,Recency-Weighted,0.0,0.0
AG7S2BXUGI2G5RJFLE5T32H54XFA,Essence (K=10),0.0,0.0
AG7TXYCQZCUKVG7C4B5OJND364SA,Random,0.0,0.0
AG7TXYCQZCUKVG7C4B5OJND364SA,Popularity,0.0,0.0
AG7TXYCQZCUKVG7C4B5OJND364SA,CF (ItemKNN),0.0,0.0
AG7TXYCQZCUKVG7C4B5OJND364SA,Content (Avg Emb),0.0,0.0
AG7TXYCQZCUKVG7C4B5OJND364SA,Last-Item,0.2,0.0
AG7TXYCQZCUKVG7C4B5OJND364SA,Avg-Last-10,0.2,0.0
AG7TXYCQZCUKVG7C4B5OJND364SA,Recency-Weighted,0.0,0.0
AG7TXYCQZCUKVG7C4B5OJND364SA,Essence (K=10),0.0,0.0
AG7UARZKJO6PN75CBEY42EBVQOFA,Random,0.0,0.0
AG7UARZKJO6PN75CBEY42EBVQOFA,Popularity,0.0,0.0
AG7UARZKJO6PN75CBEY42EBVQOFA,CF (ItemKNN),0.0,0.0
AG7UARZKJO6PN75CBEY42EBVQOFA,Content (Avg Emb),0.0,0.0
AG7UARZKJO6PN75CBEY42EBVQOFA,Last-Item,0.0,0.0
AG7UARZKJO6PN75CBEY42EBVQOFA,Avg-Last-10,0.0,0.0
AG7UARZKJO6PN75CBEY42EBVQOFA,Recency-Weighted,0.0,0.0
AG7UARZKJO6PN75CBEY42EBVQOFA,Essence (K=10),0.0,0.0
AG7UZAWIH2SV7PATOWBJOO4NIQAA,Random,0.0,
AG7UZAWIH2SV7PATOWBJOO4NIQAA,Popularity,0.0,
AG7UZAWIH2SV7PATOWBJOO4NIQAA,CF (ItemKNN),0.0,
AG7UZAWIH2SV7PATOWBJOO4NIQAA,Content (Avg Emb),0.0,
AG7UZAWIH2SV7PATOWBJOO4NIQAA,Last-Item,0.14285714285714285,
AG7UZAWIH2SV7PATOWBJOO4NIQAA,Avg-Last-10,0.0,
AG7UZAWIH2SV7PATOWBJOO4NIQAA,Recency-Weighted,0.14285714285714285,
AG7UZAWIH2SV7PATOWBJOO4NIQAA,Essence (K=10),0.2857142857142857,
AG7VINHKWSSJNX23KJOYIUAEOGDA,Random,0.0,
AG7VINHKWSSJNX23KJOYIUAEOGDA,Popularity,0.0,
AG7VINHKWSSJNX23KJOYIUAEOGDA,CF (ItemKNN),0.0,
AG7VINHKWSSJNX23KJOYIUAEOGDA,Content (Avg Emb),0.0,
AG7VINHKWSSJNX23KJOYIUAEOGDA,Last-Item,0.0,
AG7VINHKWSSJNX23KJOYIUAEOGDA,Avg-Last-10,0.25,
AG7VINHKWSSJNX23KJOYIUAEOGDA,Recency-Weighted,0.25,
AG7VINHKWSSJNX23KJOYIUAEOGDA,Essence (K=10),0.25,
AG7Y7FOL43VKCJDSEYP25LWSQFYQ,Random,0.0,0.0
AG7Y7FOL43VKCJDSEYP25LWSQFYQ,Popularity,0.0,0.0
AG7Y7FOL43VKCJDSEYP25LWSQFYQ,CF (ItemKNN),0.0,0.0
AG7Y7FOL43VKCJDSEYP25LWSQFYQ,Content (Avg Emb),0.0,0.0
AG7Y7FOL43VKCJDSEYP25LWSQFYQ,Last-Item,0.2,0.0
AG7Y7FOL43VKCJDSEYP25LWSQFYQ,Avg-Last-10,0.0,0.0
AG7Y7FOL43VKCJDSEYP25LWSQFYQ,Recency-Weighted,0.0,0.0
AG7Y7FOL43VKCJDSEYP25LWSQFYQ,Essence (K=10),0.0,0.0
AG7ZHNF6IJPLT7Y3DENNM6XWXEPA,Random,0.0,
AG7ZHNF6IJPLT7Y3DENNM6XWXEPA,Popularity,0.0,
AG7ZHNF6IJPLT7Y3DENNM6XWXEPA,CF (ItemKNN),0.0,
AG7ZHNF6IJPLT7Y3DENNM6XWXEPA,Content (Avg Emb),0.0,
AG7ZHNF6IJPLT7Y3DENNM6XWXEPA,Last-Item,0.2,
AG7ZHNF6IJPLT7Y3DENNM6XWXEPA,Avg-Last-10,0.0,
AG7ZHNF6IJPLT7Y3DENNM6XWXEPA,Recency-Weighted,0.0,
AG7ZHNF6IJPLT7Y3DENNM6XWXEPA,Essence (K=10),0.0,
AGA3V7ICXKHCESK7AQJKH2ZIP62A,Random,0.0,0.0
AGA3V7ICXKHCESK7AQJKH2ZIP62A,Popularity,0.0,0.0
AGA3V7ICXKHCESK7AQJKH2ZIP62A,CF (ItemKNN),0.0,0.0
AGA3V7ICXKHCESK7AQJKH2ZIP62A,Content (Avg Emb),0.0,0.0
AGA3V7ICXKHCESK7AQJKH2ZIP62A,Last-Item,0.0,0.0
AGA3V7ICXKHCESK7AQJKH2ZIP62A,Avg-Last-10,0.0,0.0
AGA3V7ICXKHCESK7AQJKH2ZIP62A,Recency-Weighted,0.0,0.0
AGA3V7ICXKHCESK7AQJKH2ZIP62A,Essence (K=10),0.0,0.0
AGA6ELHQQPZEVEG26LAAV6SFWDEA,Random,0.0,0.0
AGA6ELHQQPZEVEG26LAAV6SFWDEA,Popularity,0.0,0.0
AGA6ELHQQPZEVEG26LAAV6SFWDEA,CF (ItemKNN),0.0,0.0
AGA6ELHQQPZEVEG26LAAV6SFWDEA,Content (Avg Emb),0.0,0.0
AGA6ELHQQPZEVEG26LAAV6SFWDEA,Last-Item,0.0,0.0
AGA6ELHQQPZEVEG26LAAV6SFWDEA,Avg-Last-10,0.0,0.0
AGA6ELHQQPZEVEG26LAAV6SFWDEA,Recency-Weighted,0.0,0.0
AGA6ELHQQPZEVEG26LAAV6SFWDEA,Essence (K=10),0.0,0.0
AGAF5KC7MMH56QC3FMLB6GE5Y7AA,Random,0.0,
AGAF5KC7MMH56QC3FMLB6GE5Y7AA,Popularity,0.0,
AGAF5KC7MMH56QC3FMLB6GE5Y7AA,CF (ItemKNN),0.0,
AGAF5KC7MMH56QC3FMLB6GE5Y7AA,Content (Avg Emb),0.0,
AGAF5KC7MMH56QC3FMLB6GE5Y7AA,Last-Item,0.25,
AGAF5KC7MMH56QC3FMLB6GE5Y7AA,Avg-Last-10,0.0,
AGAF5KC7MMH56QC3FMLB6GE5Y7AA,Recency-Weighted,0.0,
AGAF5KC7MMH56QC3FMLB6GE5Y7AA,Essence (K=10),0.0,
AGAKQAITS4UTWUJFRP7G5FKPI33A,Random,0.0,0.0
AGAKQAITS4UTWUJFRP7G5FKPI33A,Popularity,0.0,0.0
AGAKQAITS4UTWUJFRP7G5FKPI33A,CF (ItemKNN),0.0,0.0
AGAKQAITS4UTWUJFRP7G5FKPI33A,Content (Avg Emb),0.0,0.0
AGAKQAITS4UTWUJFRP7G5FKPI33A,Last-Item,0.0,0.0
AGAKQAITS4UTWUJFRP7G5FKPI33A,Avg-Last-10,0.0,0.0
AGAKQAITS4UTWUJFRP7G5FKPI33A,Recency-Weighted,0.0,0.0
AGAKQAITS4UTWUJFRP7G5FKPI33A,Essence (K=10),0.0,0.0
AGALVYGREGJB2QJ4Y5BBJUBKEWAQ,Random,0.0,0.0
AGALVYGREGJB2QJ4Y5BBJUBKEWAQ,Popularity,0.0,0.0
AGALVYGREGJB2QJ4Y5BBJUBKEWAQ,CF (ItemKNN),0.0,0.0
AGALVYGREGJB2QJ4Y5BBJUBKEWAQ,Content (Avg Emb),0.0,0.0
AGALVYGREGJB2QJ4Y5BBJUBKEWAQ,Last-Item,0.0,0.0
AGALVYGREGJB2QJ4Y5BBJUBKEWAQ,Avg-Last-10,0.0,0.0
AGALVYGREGJB2QJ4Y5BBJUBKEWAQ,Recency-Weighted,0.0,0.0
AGALVYGREGJB2QJ4Y5BBJUBKEWAQ,Essence (K=10),0.0,0.0
AGAPV5OVPQPOAUWQZN6GTAQCVL4A,Random,0.0,
AGAPV5OVPQPOAUWQZN6GTAQCVL4A,Popularity,0.0,
AGAPV5OVPQPOAUWQZN6GTAQCVL4A,CF (ItemKNN),0.0,
AGAPV5OVPQPOAUWQZN6GTAQCVL4A,Content (Avg Emb),0.0,
AGAPV5OVPQPOAUWQZN6GTAQCVL4A,Last-Item,0.0,
AGAPV5OVPQPOAUWQZN6GTAQCVL4A,Avg-Last-10,0.0,
AGAPV5OVPQPOAUWQZN6GTAQCVL4A,Recency-Weighted,0.0,
AGAPV5OVPQPOAUWQZN6GTAQCVL4A,Essence (K=10),0.0,
AGAS7VFGWZRNSHZDBOG2OIGJJAHQ,Random,0.0,0.0
AGAS7VFGWZRNSHZDBOG2OIGJJAHQ,Popularity,0.0,0.0
AGAS7VFGWZRNSHZDBOG2OIGJJAHQ,CF (ItemKNN),0.0,0.0
AGAS7VFGWZRNSHZDBOG2OIGJJAHQ,Content (Avg Emb),0.0,0.0
AGAS7VFGWZRNSHZDBOG2OIGJJAHQ,Last-Item,0.0,0.0
AGAS7VFGWZRNSHZDBOG2OIGJJAHQ,Avg-Last-10,0.0,0.0
AGAS7VFGWZRNSHZDBOG2OIGJJAHQ,Recency-Weighted,0.0,0.0
AGAS7VFGWZRNSHZDBOG2OIGJJAHQ,Essence (K=10),0.0,0.0
AGAUKTX7WKPRODBVP62GLOSWXWNA,Random,0.0,0.0
AGAUKTX7WKPRODBVP62GLOSWXWNA,Popularity,0.0,0.0
AGAUKTX7WKPRODBVP62GLOSWXWNA,CF (ItemKNN),0.0,0.0
AGAUKTX7WKPRODBVP62GLOSWXWNA,Content (Avg Emb),0.0,0.0
AGAUKTX7WKPRODBVP62GLOSWXWNA,Last-Item,0.0,0.0
AGAUKTX7WKPRODBVP62GLOSWXWNA,Avg-Last-10,0.0,0.0
AGAUKTX7WKPRODBVP62GLOSWXWNA,Recency-Weighted,0.0,0.0
AGAUKTX7WKPRODBVP62GLOSWXWNA,Essence (K=10),0.0,0.0
AGAWZ25AT4BMEKVA72Q3TKQA3GZQ,Random,0.0,
AGAWZ25AT4BMEKVA72Q3TKQA3GZQ,Popularity,0.0,
AGAWZ25AT4BMEKVA72Q3TKQA3GZQ,CF (ItemKNN),0.0,
AGAWZ25AT4BMEKVA72Q3TKQA3GZQ,Content (Avg Emb),0.0,
AGAWZ25AT4BMEKVA72Q3TKQA3GZQ,Last-Item,0.0,
AGAWZ25AT4BMEKVA72Q3TKQA3GZQ,Avg-Last-10,0.0,
AGAWZ25AT4BMEKVA72Q3TKQA3GZQ,Recency-Weighted,0.0,
AGAWZ25AT4BMEKVA72Q3TKQA3GZQ,Essence (K=10),0.0,
AGAXRWI3OXILG65ZGA267I37MHGA,Random,0.0,
AGAXRWI3OXILG65ZGA267I37MHGA,Popularity,0.0,
AGAXRWI3OXILG65ZGA267I37MHGA,CF (ItemKNN),0.0,
AGAXRWI3OXILG65ZGA267I37MHGA,Content (Avg Emb),0.0,
AGAXRWI3OXILG65ZGA267I37MHGA,Last-Item,0.0,
AGAXRWI3OXILG65ZGA267I37MHGA,Avg-Last-10,0.0,
AGAXRWI3OXILG65ZGA267I37MHGA,Recency-Weighted,0.0,
AGAXRWI3OXILG65ZGA267I37MHGA,Essence (K=10),0.0,
AGAZVZ5D3DE2GZYDIBGRNPBG4HCQ,Random,0.0,
AGAZVZ5D3DE2GZYDIBGRNPBG4HCQ,Popularity,0.0,
AGAZVZ5D3DE2GZYDIBGRNPBG4HCQ,CF (ItemKNN),0.0,
AGAZVZ5D3DE2GZYDIBGRNPBG4HCQ,Content (Avg Emb),0.1111111111111111,
AGAZVZ5D3DE2GZYDIBGRNPBG4HCQ,Last-Item,0.2222222222222222,
AGAZVZ5D3DE2GZYDIBGRNPBG4HCQ,Avg-Last-10,0.2222222222222222,
AGAZVZ5D3DE2GZYDIBGRNPBG4HCQ,Recency-Weighted,0.2222222222222222,
AGAZVZ5D3DE2GZYDIBGRNPBG4HCQ,Essence (K=10),0.1111111111111111,
AGBDW5HTTDTD7PX4JE5JJGFBMGSQ,Random,0.0,
AGBDW5HTTDTD7PX4JE5JJGFBMGSQ,Popularity,0.0,
AGBDW5HTTDTD7PX4JE5JJGFBMGSQ,CF (ItemKNN),0.0,
AGBDW5HTTDTD7PX4JE5JJGFBMGSQ,Content (Avg Emb),0.0,
AGBDW5HTTDTD7PX4JE5JJGFBMGSQ,Last-Item,0.0,
AGBDW5HTTDTD7PX4JE5JJGFBMGSQ,Avg-Last-10,0.0,
AGBDW5HTTDTD7PX4JE5JJGFBMGSQ,Recency-Weighted,0.0,
AGBDW5HTTDTD7PX4JE5JJGFBMGSQ,Essence (K=10),0.0,
AGBHFFHOFPAELWL5OLGVM4OUD4TQ,Random,0.0,0.0
AGBHFFHOFPAELWL5OLGVM4OUD4TQ,Popularity,0.0,0.0
AGBHFFHOFPAELWL5OLGVM4OUD4TQ,CF (ItemKNN),0.0,0.0
AGBHFFHOFPAELWL5OLGVM4OUD4TQ,Content (Avg Emb),0.0,0.0
AGBHFFHOFPAELWL5OLGVM4OUD4TQ,Last-Item,0.05555555555555555,0.0
AGBHFFHOFPAELWL5OLGVM4OUD4TQ,Avg-Last-10,0.0,0.0
AGBHFFHOFPAELWL5OLGVM4OUD4TQ,Recency-Weighted,0.0,0.0
AGBHFFHOFPAELWL5OLGVM4OUD4TQ,Essence (K=10),0.0,0.0
AGBQSN5H3ZHMLW4SWRI6TQINO6BQ,Random,0.0,
AGBQSN5H3ZHMLW4SWRI6TQINO6BQ,Popularity,0.0,
AGBQSN5H3ZHMLW4SWRI6TQINO6BQ,CF (ItemKNN),0.0,
AGBQSN5H3ZHMLW4SWRI6TQINO6BQ,Content (Avg Emb),0.0,
AGBQSN5H3ZHMLW4SWRI6TQINO6BQ,Last-Item,0.0,
AGBQSN5H3ZHMLW4SWRI6TQINO6BQ,Avg-Last-10,0.0,
AGBQSN5H3ZHMLW4SWRI6TQINO6BQ,Recency-Weighted,0.0,
AGBQSN5H3ZHMLW4SWRI6TQINO6BQ,Essence (K=10),0.0,
AGBSBTMGYFHRUFU53KSUXUSYSGXA,Random,0.0,0.0
AGBSBTMGYFHRUFU53KSUXUSYSGXA,Popularity,0.0,0.0
AGBSBTMGYFHRUFU53KSUXUSYSGXA,CF (ItemKNN),0.0,0.0
AGBSBTMGYFHRUFU53KSUXUSYSGXA,Content (Avg Emb),0.0,0.0
AGBSBTMGYFHRUFU53KSUXUSYSGXA,Last-Item,0.0,0.0
AGBSBTMGYFHRUFU53KSUXUSYSGXA,Avg-Last-10,0.0,0.0
AGBSBTMGYFHRUFU53KSUXUSYSGXA,Recency-Weighted,0.0,0.0
AGBSBTMGYFHRUFU53KSUXUSYSGXA,Essence (K=10),0.0,0.0
AGBSTY6SKAOWGU47KW726CTF6REA,Random,0.0,0.0
AGBSTY6SKAOWGU47KW726CTF6REA,Popularity,0.0,0.0
AGBSTY6SKAOWGU47KW726CTF6REA,CF (ItemKNN),0.0,0.0
AGBSTY6SKAOWGU47KW726CTF6REA,Content (Avg Emb),0.0,0.0
AGBSTY6SKAOWGU47KW726CTF6REA,Last-Item,0.0,0.0
AGBSTY6SKAOWGU47KW726CTF6REA,Avg-Last-10,0.08333333333333333,0.0
AGBSTY6SKAOWGU47KW726CTF6REA,Recency-Weighted,0.08333333333333333,0.0
AGBSTY6SKAOWGU47KW726CTF6REA,Essence (K=10),0.08333333333333333,0.0
AGBTU2S7G6WX33ZXUJ7IBXHYLVPQ,Random,0.0,
AGBTU2S7G6WX33ZXUJ7IBXHYLVPQ,Popularity,0.0,
AGBTU2S7G6WX33ZXUJ7IBXHYLVPQ,CF (ItemKNN),0.0,
AGBTU2S7G6WX33ZXUJ7IBXHYLVPQ,Content (Avg Emb),0.2,
AGBTU2S7G6WX33ZXUJ7IBXHYLVPQ,Last-Item,0.0,
AGBTU2S7G6WX33ZXUJ7IBXHYLVPQ,Avg-Last-10,0.2,
AGBTU2S7G6WX33ZXUJ7IBXHYLVPQ,Recency-Weighted,0.2,
AGBTU2S7G6WX33ZXUJ7IBXHYLVPQ,Essence (K=10),0.0,
AGBV5RCPMSI6G4LYYEM62KONRURQ,Random,0.0,0.0
AGBV5RCPMSI6G4LYYEM62KONRURQ,Popularity,0.0,0.0
AGBV5RCPMSI6G4LYYEM62KONRURQ,CF (ItemKNN),0.0,0.0
AGBV5RCPMSI6G4LYYEM62KONRURQ,Content (Avg Emb),0.0,0.0
AGBV5RCPMSI6G4LYYEM62KONRURQ,Last-Item,0.0,0.0
AGBV5RCPMSI6G4LYYEM62KONRURQ,Avg-Last-10,0.0,0.0
AGBV5RCPMSI6G4LYYEM62KONRURQ,Recency-Weighted,0.0,0.0
AGBV5RCPMSI6G4LYYEM62KONRURQ,Essence (K=10),0.0,0.0
AGBWAE6Q5TGR5UOODZJFMEJ2QEOQ,Random,0.0,0.0
AGBWAE6Q5TGR5UOODZJFMEJ2QEOQ,Popularity,0.0,0.0
AGBWAE6Q5TGR5UOODZJFMEJ2QEOQ,CF (ItemKNN),0.0,0.0
AGBWAE6Q5TGR5UOODZJFMEJ2QEOQ,Content (Avg Emb),0.0,0.0
AGBWAE6Q5TGR5UOODZJFMEJ2QEOQ,Last-Item,0.0,0.0
AGBWAE6Q5TGR5UOODZJFMEJ2QEOQ,Avg-Last-10,0.0,0.0
AGBWAE6Q5TGR5UOODZJFMEJ2QEOQ,Recency-Weighted,0.0,0.0
AGBWAE6Q5TGR5UOODZJFMEJ2QEOQ,Essence (K=10),0.0,0.0
AGC3RB6DFPPJQIZTKKD434WP2ORQ,Random,0.0,0.0
AGC3RB6DFPPJQIZTKKD434WP2ORQ,Popularity,0.0,0.0
AGC3RB6DFPPJQIZTKKD434WP2ORQ,CF (ItemKNN),0.0,0.0
AGC3RB6DFPPJQIZTKKD434WP2ORQ,Content (Avg Emb),0.0,0.0
AGC3RB6DFPPJQIZTKKD434WP2ORQ,Last-Item,0.0,0.0
AGC3RB6DFPPJQIZTKKD434WP2ORQ,Avg-Last-10,0.0,0.0
AGC3RB6DFPPJQIZTKKD434WP2ORQ,Recency-Weighted,0.0,0.0
AGC3RB6DFPPJQIZTKKD434WP2ORQ,Essence (K=10),0.0,0.0
AGC3YYKGEOXRFYGVPB52ZC7JGZUQ,Random,0.16666666666666666,0.0
AGC3YYKGEOXRFYGVPB52ZC7JGZUQ,Popularity,0.0,0.0
AGC3YYKGEOXRFYGVPB52ZC7JGZUQ,CF (ItemKNN),0.0,0.0
AGC3YYKGEOXRFYGVPB52ZC7JGZUQ,Content (Avg Emb),0.0,0.0
AGC3YYKGEOXRFYGVPB52ZC7JGZUQ,Last-Item,0.0,0.0
AGC3YYKGEOXRFYGVPB52ZC7JGZUQ,Avg-Last-10,0.0,0.0
AGC3YYKGEOXRFYGVPB52ZC7JGZUQ,Recency-Weighted,0.0,0.0
AGC3YYKGEOXRFYGVPB52ZC7JGZUQ,Essence (K=10),0.0,0.0
AGC4MWUL6RK2FFE5F2XJOL7TT4SQ,Random,0.0,0.0
AGC4MWUL6RK2FFE5F2XJOL7TT4SQ,Popularity,0.0,0.0
AGC4MWUL6RK2FFE5F2XJOL7TT4SQ,CF (ItemKNN),0.0,0.0
AGC4MWUL6RK2FFE5F2XJOL7TT4SQ,Content (Avg Emb),0.0,0.0
AGC4MWUL6RK2FFE5F2XJOL7TT4SQ,Last-Item,0.0,0.0
AGC4MWUL6RK2FFE5F2XJOL7TT4SQ,Avg-Last-10,0.0,0.0
AGC4MWUL6RK2FFE5F2XJOL7TT4SQ,Recency-Weighted,0.0,0.0
AGC4MWUL6RK2FFE5F2XJOL7TT4SQ,Essence (K=10),0.0,0.0
AGC7YZNGZUMLZBQPTCXZ3G67GZRA,Random,0.0,0.0
AGC7YZNGZUMLZBQPTCXZ3G67GZRA,Popularity,0.0,0.0
AGC7YZNGZUMLZBQPTCXZ3G67GZRA,CF (ItemKNN),0.0,0.0
AGC7YZNGZUMLZBQPTCXZ3G67GZRA,Content (Avg Emb),0.0,0.0
AGC7YZNGZUMLZBQPTCXZ3G67GZRA,Last-Item,0.0,0.0
AGC7YZNGZUMLZBQPTCXZ3G67GZRA,Avg-Last-10,0.0,0.0
AGC7YZNGZUMLZBQPTCXZ3G67GZRA,Recency-Weighted,0.0,0.0
AGC7YZNGZUMLZBQPTCXZ3G67GZRA,Essence (K=10),0.0,0.0
AGCAXKPJGNRZSEOOXH4RXUPS4PZQ,Random,0.0,0.0
AGCAXKPJGNRZSEOOXH4RXUPS4PZQ,Popularity,0.0,0.0
AGCAXKPJGNRZSEOOXH4RXUPS4PZQ,CF (ItemKNN),0.03571428571428571,0.0
AGCAXKPJGNRZSEOOXH4RXUPS4PZQ,Content (Avg Emb),0.0,0.0
AGCAXKPJGNRZSEOOXH4RXUPS4PZQ,Last-Item,0.0,0.0
AGCAXKPJGNRZSEOOXH4RXUPS4PZQ,Avg-Last-10,0.0,0.0
AGCAXKPJGNRZSEOOXH4RXUPS4PZQ,Recency-Weighted,0.0,0.0
AGCAXKPJGNRZSEOOXH4RXUPS4PZQ,Essence (K=10),0.0,0.0
AGCCAESXN25VH56YY4V23HORTTYQ,Random,0.0,0.0
AGCCAESXN25VH56YY4V23HORTTYQ,Popularity,0.0,0.0
AGCCAESXN25VH56YY4V23HORTTYQ,CF (ItemKNN),0.0,0.0
AGCCAESXN25VH56YY4V23HORTTYQ,Content (Avg Emb),0.0,0.0
AGCCAESXN25VH56YY4V23HORTTYQ,Last-Item,0.0,0.0
AGCCAESXN25VH56YY4V23HORTTYQ,Avg-Last-10,0.0,0.0
AGCCAESXN25VH56YY4V23HORTTYQ,Recency-Weighted,0.0,0.0
AGCCAESXN25VH56YY4V23HORTTYQ,Essence (K=10),0.0,0.0
AGCEG52FAYFCAJUWYRFKXTNPRIOA,Random,0.0,0.0
AGCEG52FAYFCAJUWYRFKXTNPRIOA,Popularity,0.0,0.0
AGCEG52FAYFCAJUWYRFKXTNPRIOA,CF (ItemKNN),0.0,0.0
AGCEG52FAYFCAJUWYRFKXTNPRIOA,Content (Avg Emb),0.0,0.0
AGCEG52FAYFCAJUWYRFKXTNPRIOA,Last-Item,0.0,0.0
AGCEG52FAYFCAJUWYRFKXTNPRIOA,Avg-Last-10,0.0,0.0
AGCEG52FAYFCAJUWYRFKXTNPRIOA,Recency-Weighted,0.0,0.0
AGCEG52FAYFCAJUWYRFKXTNPRIOA,Essence (K=10),0.0,0.0
AGCEMBF74IHVFUDDKQV4H6RYJJFA,Random,0.0,0.0
AGCEMBF74IHVFUDDKQV4H6RYJJFA,Popularity,0.0,0.0
AGCEMBF74IHVFUDDKQV4H6RYJJFA,CF (ItemKNN),0.0,0.0
AGCEMBF74IHVFUDDKQV4H6RYJJFA,Content (Avg Emb),0.0,0.0
AGCEMBF74IHVFUDDKQV4H6RYJJFA,Last-Item,0.0,0.0
AGCEMBF74IHVFUDDKQV4H6RYJJFA,Avg-Last-10,0.0,0.0
AGCEMBF74IHVFUDDKQV4H6RYJJFA,Recency-Weighted,0.0,0.0
AGCEMBF74IHVFUDDKQV4H6RYJJFA,Essence (K=10),0.0,0.0
AGCGJLFRTTH62NQCAEO235PL2TGQ,Random,0.0,0.0
AGCGJLFRTTH62NQCAEO235PL2TGQ,Popularity,0.0,0.0
AGCGJLFRTTH62NQCAEO235PL2TGQ,CF (ItemKNN),0.0,0.0
AGCGJLFRTTH62NQCAEO235PL2TGQ,Content (Avg Emb),0.0,0.0
AGCGJLFRTTH62NQCAEO235PL2TGQ,Last-Item,0.0,0.0
AGCGJLFRTTH62NQCAEO235PL2TGQ,Avg-Last-10,0.0,0.0
AGCGJLFRTTH62NQCAEO235PL2TGQ,Recency-Weighted,0.0,0.0
AGCGJLFRTTH62NQCAEO235PL2TGQ,Essence (K=10),0.0,0.0
AGCNYCHVOAK54VNI44UQ55FJTMUA,Random,0.0,0.0
AGCNYCHVOAK54VNI44UQ55FJTMUA,Popularity,0.0,0.0
AGCNYCHVOAK54VNI44UQ55FJTMUA,CF (ItemKNN),0.0,0.0
AGCNYCHVOAK54VNI44UQ55FJTMUA,Content (Avg Emb),0.0,0.0
AGCNYCHVOAK54VNI44UQ55FJTMUA,Last-Item,0.0,0.0
AGCNYCHVOAK54VNI44UQ55FJTMUA,Avg-Last-10,0.0,0.0
AGCNYCHVOAK54VNI44UQ55FJTMUA,Recency-Weighted,0.0,0.0
AGCNYCHVOAK54VNI44UQ55FJTMUA,Essence (K=10),0.0,0.0
AGCOWIQDUV3DBDVHPC5CRKUWXV5A,Random,0.0,
AGCOWIQDUV3DBDVHPC5CRKUWXV5A,Popularity,0.0,
AGCOWIQDUV3DBDVHPC5CRKUWXV5A,CF (ItemKNN),0.0,
AGCOWIQDUV3DBDVHPC5CRKUWXV5A,Content (Avg Emb),0.0,
AGCOWIQDUV3DBDVHPC5CRKUWXV5A,Last-Item,0.0,
AGCOWIQDUV3DBDVHPC5CRKUWXV5A,Avg-Last-10,0.0,
AGCOWIQDUV3DBDVHPC5CRKUWXV5A,Recency-Weighted,0.0,
AGCOWIQDUV3DBDVHPC5CRKUWXV5A,Essence (K=10),0.0,
AGCSH2QGPZAPKMO4RSRMRCHR3N3A,Random,0.0,0.0
AGCSH2QGPZAPKMO4RSRMRCHR3N3A,Popularity,0.0,0.0
AGCSH2QGPZAPKMO4RSRMRCHR3N3A,CF (ItemKNN),0.0,0.0
AGCSH2QGPZAPKMO4RSRMRCHR3N3A,Content (Avg Emb),0.0,0.0
AGCSH2QGPZAPKMO4RSRMRCHR3N3A,Last-Item,0.0967741935483871,0.0
AGCSH2QGPZAPKMO4RSRMRCHR3N3A,Avg-Last-10,0.06451612903225806,0.0
AGCSH2QGPZAPKMO4RSRMRCHR3N3A,Recency-Weighted,0.0967741935483871,0.0
AGCSH2QGPZAPKMO4RSRMRCHR3N3A,Essence (K=10),0.0,0.0
AGDECMJO3CU7PCJYILXKKARSSRQA,Random,0.0,0.0
AGDECMJO3CU7PCJYILXKKARSSRQA,Popularity,0.0,0.0
AGDECMJO3CU7PCJYILXKKARSSRQA,CF (ItemKNN),0.0,0.0
AGDECMJO3CU7PCJYILXKKARSSRQA,Content (Avg Emb),0.0,0.0
AGDECMJO3CU7PCJYILXKKARSSRQA,Last-Item,0.0,0.0
AGDECMJO3CU7PCJYILXKKARSSRQA,Avg-Last-10,0.0,0.0
AGDECMJO3CU7PCJYILXKKARSSRQA,Recency-Weighted,0.0,0.0
AGDECMJO3CU7PCJYILXKKARSSRQA,Essence (K=10),0.0,0.0
AGDF6OOWTVAFZLMZ2Z3TQB7TGXGA,Random,0.0,0.0
AGDF6OOWTVAFZLMZ2Z3TQB7TGXGA,Popularity,0.0,0.0
AGDF6OOWTVAFZLMZ2Z3TQB7TGXGA,CF (ItemKNN),0.0,0.0
AGDF6OOWTVAFZLMZ2Z3TQB7TGXGA,Content (Avg Emb),0.0,0.0
AGDF6OOWTVAFZLMZ2Z3TQB7TGXGA,Last-Item,0.0,0.0
AGDF6OOWTVAFZLMZ2Z3TQB7TGXGA,Avg-Last-10,0.0,0.0
AGDF6OOWTVAFZLMZ2Z3TQB7TGXGA,Recency-Weighted,0.0,0.0
AGDF6OOWTVAFZLMZ2Z3TQB7TGXGA,Essence (K=10),0.0,0.0
AGDK25G6GU4YKRJ7MIIW4J7RW3DQ,Random,0.0,
AGDK25G6GU4YKRJ7MIIW4J7RW3DQ,Popularity,0.0,
AGDK25G6GU4YKRJ7MIIW4J7RW3DQ,CF (ItemKNN),0.0,
AGDK25G6GU4YKRJ7MIIW4J7RW3DQ,Content (Avg Emb),0.0,
AGDK25G6GU4YKRJ7MIIW4J7RW3DQ,Last-Item,0.0,
AGDK25G6GU4YKRJ7MIIW4J7RW3DQ,Avg-Last-10,0.0,
AGDK25G6GU4YKRJ7MIIW4J7RW3DQ,Recency-Weighted,0.0,
AGDK25G6GU4YKRJ7MIIW4J7RW3DQ,Essence (K=10),0.0,
AGDQCAX573GEXWKTJ4INUD7NSH2Q,Random,0.0,
AGDQCAX573GEXWKTJ4INUD7NSH2Q,Popularity,0.0,
AGDQCAX573GEXWKTJ4INUD7NSH2Q,CF (ItemKNN),0.0,
AGDQCAX573GEXWKTJ4INUD7NSH2Q,Content (Avg Emb),0.0,
AGDQCAX573GEXWKTJ4INUD7NSH2Q,Last-Item,0.0,
AGDQCAX573GEXWKTJ4INUD7NSH2Q,Avg-Last-10,0.0,
AGDQCAX573GEXWKTJ4INUD7NSH2Q,Recency-Weighted,0.0,
AGDQCAX573GEXWKTJ4INUD7NSH2Q,Essence (K=10),0.0,
AGDSFUPLYQJ7XN6O7WFGNXNVE5BQ,Random,0.0,0.0
AGDSFUPLYQJ7XN6O7WFGNXNVE5BQ,Popularity,0.0,0.0
AGDSFUPLYQJ7XN6O7WFGNXNVE5BQ,CF (ItemKNN),0.0,0.0
AGDSFUPLYQJ7XN6O7WFGNXNVE5BQ,Content (Avg Emb),0.0,0.0
AGDSFUPLYQJ7XN6O7WFGNXNVE5BQ,Last-Item,0.0,0.0
AGDSFUPLYQJ7XN6O7WFGNXNVE5BQ,Avg-Last-10,0.0,0.0
AGDSFUPLYQJ7XN6O7WFGNXNVE5BQ,Recency-Weighted,0.0,0.0
AGDSFUPLYQJ7XN6O7WFGNXNVE5BQ,Essence (K=10),0.0,0.0
AGDSJVJE6XIC6663DXEUDQLT24MQ,Random,0.0,0.0
AGDSJVJE6XIC6663DXEUDQLT24MQ,Popularity,0.0,0.0
AGDSJVJE6XIC6663DXEUDQLT24MQ,CF (ItemKNN),0.0,0.0
AGDSJVJE6XIC6663DXEUDQLT24MQ,Content (Avg Emb),0.0,0.0
AGDSJVJE6XIC6663DXEUDQLT24MQ,Last-Item,0.0,0.0
AGDSJVJE6XIC6663DXEUDQLT24MQ,Avg-Last-10,0.0,0.0
AGDSJVJE6XIC6663DXEUDQLT24MQ,Recency-Weighted,0.0,0.0
AGDSJVJE6XIC6663DXEUDQLT24MQ,Essence (K=10),0.0,0.0
AGE6WH2OZZU2KHZBFAWA7X2UV4KA,Random,0.0,0.0
AGE6WH2OZZU2KHZBFAWA7X2UV4KA,Popularity,0.0,0.0
AGE6WH2OZZU2KHZBFAWA7X2UV4KA,CF (ItemKNN),0.0,0.0
AGE6WH2OZZU2KHZBFAWA7X2UV4KA,Content (Avg Emb),0.0,0.0
AGE6WH2OZZU2KHZBFAWA7X2UV4KA,Last-Item,0.0,0.0
AGE6WH2OZZU2KHZBFAWA7X2UV4KA,Avg-Last-10,0.0,0.0
AGE6WH2OZZU2KHZBFAWA7X2UV4KA,Recency-Weighted,0.0,0.0
AGE6WH2OZZU2KHZBFAWA7X2UV4KA,Essence (K=10),0.0,0.0
AGE72UHSXLMISQJUCAVJ23QTT6SA,Random,0.0,0.0
AGE72UHSXLMISQJUCAVJ23QTT6SA,Popularity,0.0,0.0
AGE72UHSXLMISQJUCAVJ23QTT6SA,CF (ItemKNN),0.0,0.0
AGE72UHSXLMISQJUCAVJ23QTT6SA,Content (Avg Emb),0.0,0.0
AGE72UHSXLMISQJUCAVJ23QTT6SA,Last-Item,0.0,0.0
AGE72UHSXLMISQJUCAVJ23QTT6SA,Avg-Last-10,0.0,0.0
AGE72UHSXLMISQJUCAVJ23QTT6SA,Recency-Weighted,0.0,0.0
AGE72UHSXLMISQJUCAVJ23QTT6SA,Essence (K=10),0.0,0.0
AGECTTCI3CGWSNWJHCRPXKH4SCQA,Random,0.0,0.0
AGECTTCI3CGWSNWJHCRPXKH4SCQA,Popularity,0.0,0.0
AGECTTCI3CGWSNWJHCRPXKH4SCQA,CF (ItemKNN),0.0,0.0
AGECTTCI3CGWSNWJHCRPXKH4SCQA,Content (Avg Emb),0.0,0.0
AGECTTCI3CGWSNWJHCRPXKH4SCQA,Last-Item,0.0,0.0
AGECTTCI3CGWSNWJHCRPXKH4SCQA,Avg-Last-10,0.0,0.0
AGECTTCI3CGWSNWJHCRPXKH4SCQA,Recency-Weighted,0.0,0.0
AGECTTCI3CGWSNWJHCRPXKH4SCQA,Essence (K=10),0.0,0.0
AGEDM3FTZK3KLYYLDMJ7DM376FHQ,Random,0.0,
AGEDM3FTZK3KLYYLDMJ7DM376FHQ,Popularity,0.0,
AGEDM3FTZK3KLYYLDMJ7DM376FHQ,CF (ItemKNN),0.0,
AGEDM3FTZK3KLYYLDMJ7DM376FHQ,Content (Avg Emb),0.16666666666666666,
AGEDM3FTZK3KLYYLDMJ7DM376FHQ,Last-Item,0.0,
AGEDM3FTZK3KLYYLDMJ7DM376FHQ,Avg-Last-10,0.16666666666666666,
AGEDM3FTZK3KLYYLDMJ7DM376FHQ,Recency-Weighted,0.16666666666666666,
AGEDM3FTZK3KLYYLDMJ7DM376FHQ,Essence (K=10),0.16666666666666666,
AGEE5QUMQ5SQKUZDCLEOCW6QJJFQ,Random,0.0,
AGEE5QUMQ5SQKUZDCLEOCW6QJJFQ,Popularity,0.0,
AGEE5QUMQ5SQKUZDCLEOCW6QJJFQ,CF (ItemKNN),0.0,
AGEE5QUMQ5SQKUZDCLEOCW6QJJFQ,Content (Avg Emb),0.0,
AGEE5QUMQ5SQKUZDCLEOCW6QJJFQ,Last-Item,0.14285714285714285,
AGEE5QUMQ5SQKUZDCLEOCW6QJJFQ,Avg-Last-10,0.0,
AGEE5QUMQ5SQKUZDCLEOCW6QJJFQ,Recency-Weighted,0.0,
AGEE5QUMQ5SQKUZDCLEOCW6QJJFQ,Essence (K=10),0.0,
AGEEOY26VF2B7IL7EO537NTHD2NA,Random,0.0,0.0
AGEEOY26VF2B7IL7EO537NTHD2NA,Popularity,0.0,0.0
AGEEOY26VF2B7IL7EO537NTHD2NA,CF (ItemKNN),0.0,0.0
AGEEOY26VF2B7IL7EO537NTHD2NA,Content (Avg Emb),0.0,0.0
AGEEOY26VF2B7IL7EO537NTHD2NA,Last-Item,0.0,0.0
AGEEOY26VF2B7IL7EO537NTHD2NA,Avg-Last-10,0.0,0.0
AGEEOY26VF2B7IL7EO537NTHD2NA,Recency-Weighted,0.0,0.0
AGEEOY26VF2B7IL7EO537NTHD2NA,Essence (K=10),0.0,0.0
AGEFPQJGJREWX44MTKR6IJ5PX23Q,Random,0.0,
AGEFPQJGJREWX44MTKR6IJ5PX23Q,Popularity,0.0,
AGEFPQJGJREWX44MTKR6IJ5PX23Q,CF (ItemKNN),0.0,
AGEFPQJGJREWX44MTKR6IJ5PX23Q,Content (Avg Emb),0.0,
AGEFPQJGJREWX44MTKR6IJ5PX23Q,Last-Item,0.0,
AGEFPQJGJREWX44MTKR6IJ5PX23Q,Avg-Last-10,0.0,
AGEFPQJGJREWX44MTKR6IJ5PX23Q,Recency-Weighted,0.0,
AGEFPQJGJREWX44MTKR6IJ5PX23Q,Essence (K=10),0.25,
AGEG6LXEQ7A3VCJC6YMNW2OZ3YVQ,Random,0.0,0.0
AGEG6LXEQ7A3VCJC6YMNW2OZ3YVQ,Popularity,0.0,0.0
AGEG6LXEQ7A3VCJC6YMNW2OZ3YVQ,CF (ItemKNN),0.0,0.0
AGEG6LXEQ7A3VCJC6YMNW2OZ3YVQ,Content (Avg Emb),0.0,0.0
AGEG6LXEQ7A3VCJC6YMNW2OZ3YVQ,Last-Item,0.0,0.0
AGEG6LXEQ7A3VCJC6YMNW2OZ3YVQ,Avg-Last-10,0.0,0.0
AGEG6LXEQ7A3VCJC6YMNW2OZ3YVQ,Recency-Weighted,0.0,0.0
AGEG6LXEQ7A3VCJC6YMNW2OZ3YVQ,Essence (K=10),0.0,0.0
AGEGW27LWW3XLVAEA2FDZCX4S2PQ,Random,0.0,0.0
AGEGW27LWW3XLVAEA2FDZCX4S2PQ,Popularity,0.0,0.0
AGEGW27LWW3XLVAEA2FDZCX4S2PQ,CF (ItemKNN),0.0,0.0
AGEGW27LWW3XLVAEA2FDZCX4S2PQ,Content (Avg Emb),0.0,0.0
AGEGW27LWW3XLVAEA2FDZCX4S2PQ,Last-Item,0.06666666666666667,0.0
AGEGW27LWW3XLVAEA2FDZCX4S2PQ,Avg-Last-10,0.06666666666666667,0.25
AGEGW27LWW3XLVAEA2FDZCX4S2PQ,Recency-Weighted,0.06666666666666667,0.25
AGEGW27LWW3XLVAEA2FDZCX4S2PQ,Essence (K=10),0.0,0.0
AGEH6AQGOVAMASM6JFY4AELGRY7Q,Random,0.0,
AGEH6AQGOVAMASM6JFY4AELGRY7Q,Popularity,0.0,
AGEH6AQGOVAMASM6JFY4AELGRY7Q,CF (ItemKNN),0.0,
AGEH6AQGOVAMASM6JFY4AELGRY7Q,Content (Avg Emb),0.0,
AGEH6AQGOVAMASM6JFY4AELGRY7Q,Last-Item,0.16666666666666666,
AGEH6AQGOVAMASM6JFY4AELGRY7Q,Avg-Last-10,0.0,
AGEH6AQGOVAMASM6JFY4AELGRY7Q,Recency-Weighted,0.0,
AGEH6AQGOVAMASM6JFY4AELGRY7Q,Essence (K=10),0.0,
AGEJPQ3TQZCMQHIDIORC4QF7VVMQ,Random,0.0,0.0
AGEJPQ3TQZCMQHIDIORC4QF7VVMQ,Popularity,0.3333333333333333,0.0
AGEJPQ3TQZCMQHIDIORC4QF7VVMQ,CF (ItemKNN),0.0,0.0
AGEJPQ3TQZCMQHIDIORC4QF7VVMQ,Content (Avg Emb),0.0,0.0
AGEJPQ3TQZCMQHIDIORC4QF7VVMQ,Last-Item,0.0,0.0
AGEJPQ3TQZCMQHIDIORC4QF7VVMQ,Avg-Last-10,0.0,0.0
AGEJPQ3TQZCMQHIDIORC4QF7VVMQ,Recency-Weighted,0.0,0.0
AGEJPQ3TQZCMQHIDIORC4QF7VVMQ,Essence (K=10),0.0,0.0
AGEKE44CBJ6JHGKK6ZAGGEAFSG7A,Random,0.0,
AGEKE44CBJ6JHGKK6ZAGGEAFSG7A,Popularity,0.0,
AGEKE44CBJ6JHGKK6ZAGGEAFSG7A,CF (ItemKNN),0.0,
AGEKE44CBJ6JHGKK6ZAGGEAFSG7A,Content (Avg Emb),0.0,
AGEKE44CBJ6JHGKK6ZAGGEAFSG7A,Last-Item,0.0,
AGEKE44CBJ6JHGKK6ZAGGEAFSG7A,Avg-Last-10,0.0,
AGEKE44CBJ6JHGKK6ZAGGEAFSG7A,Recency-Weighted,0.0,
AGEKE44CBJ6JHGKK6ZAGGEAFSG7A,Essence (K=10),0.0,
AGEM377USTLOB66X3IVLT4XFUDMA,Random,0.0,0.0
AGEM377USTLOB66X3IVLT4XFUDMA,Popularity,0.0,0.0
AGEM377USTLOB66X3IVLT4XFUDMA,CF (ItemKNN),0.0,0.0
AGEM377USTLOB66X3IVLT4XFUDMA,Content (Avg Emb),0.0,0.0
AGEM377USTLOB66X3IVLT4XFUDMA,Last-Item,0.0,0.0
AGEM377USTLOB66X3IVLT4XFUDMA,Avg-Last-10,0.0,0.0
AGEM377USTLOB66X3IVLT4XFUDMA,Recency-Weighted,0.0,0.0
AGEM377USTLOB66X3IVLT4XFUDMA,Essence (K=10),0.0,0.0
AGEOL7LSHJFKJVCQB4J2ZGEDU3IA,Random,0.0,
AGEOL7LSHJFKJVCQB4J2ZGEDU3IA,Popularity,0.0,
AGEOL7LSHJFKJVCQB4J2ZGEDU3IA,CF (ItemKNN),0.0,
AGEOL7LSHJFKJVCQB4J2ZGEDU3IA,Content (Avg Emb),0.0,
AGEOL7LSHJFKJVCQB4J2ZGEDU3IA,Last-Item,0.0,
AGEOL7LSHJFKJVCQB4J2ZGEDU3IA,Avg-Last-10,0.1111111111111111,
AGEOL7LSHJFKJVCQB4J2ZGEDU3IA,Recency-Weighted,0.1111111111111111,
AGEOL7LSHJFKJVCQB4J2ZGEDU3IA,Essence (K=10),0.2222222222222222,
AGERB2PMIAIXQIHNBE4TFNXV7UBA,Random,0.0,0.0
AGERB2PMIAIXQIHNBE4TFNXV7UBA,Popularity,0.0,0.0
AGERB2PMIAIXQIHNBE4TFNXV7UBA,CF (ItemKNN),0.0,0.0
AGERB2PMIAIXQIHNBE4TFNXV7UBA,Content (Avg Emb),0.0,0.0
AGERB2PMIAIXQIHNBE4TFNXV7UBA,Last-Item,0.0,0.0
AGERB2PMIAIXQIHNBE4TFNXV7UBA,Avg-Last-10,0.0,0.0
AGERB2PMIAIXQIHNBE4TFNXV7UBA,Recency-Weighted,0.0,0.0
AGERB2PMIAIXQIHNBE4TFNXV7UBA,Essence (K=10),0.0,0.0
AGEU43CKPAEC7A2DXM3AMGG73THA,Random,0.0,0.0
AGEU43CKPAEC7A2DXM3AMGG73THA,Popularity,0.0,0.0
AGEU43CKPAEC7A2DXM3AMGG73THA,CF (ItemKNN),0.0,0.0
AGEU43CKPAEC7A2DXM3AMGG73THA,Content (Avg Emb),0.0,0.0
AGEU43CKPAEC7A2DXM3AMGG73THA,Last-Item,0.0,0.0
AGEU43CKPAEC7A2DXM3AMGG73THA,Avg-Last-10,0.0,0.0
AGEU43CKPAEC7A2DXM3AMGG73THA,Recency-Weighted,0.0,0.0
AGEU43CKPAEC7A2DXM3AMGG73THA,Essence (K=10),0.0,0.0
AGEUN6TTVRCSQXZSWEDE6VGXLFZA,Random,0.0,
AGEUN6TTVRCSQXZSWEDE6VGXLFZA,Popularity,0.0,
AGEUN6TTVRCSQXZSWEDE6VGXLFZA,CF (ItemKNN),0.0,
AGEUN6TTVRCSQXZSWEDE6VGXLFZA,Content (Avg Emb),0.0,
AGEUN6TTVRCSQXZSWEDE6VGXLFZA,Last-Item,0.0,
AGEUN6TTVRCSQXZSWEDE6VGXLFZA,Avg-Last-10,0.0,
AGEUN6TTVRCSQXZSWEDE6VGXLFZA,Recency-Weighted,0.0,
AGEUN6TTVRCSQXZSWEDE6VGXLFZA,Essence (K=10),0.0,
AGEWXW526KOH5743XNOIKVCMVJQA,Random,0.0,0.0
AGEWXW526KOH5743XNOIKVCMVJQA,Popularity,0.0,0.0
AGEWXW526KOH5743XNOIKVCMVJQA,CF (ItemKNN),0.0,0.0
AGEWXW526KOH5743XNOIKVCMVJQA,Content (Avg Emb),0.0,0.0
AGEWXW526KOH5743XNOIKVCMVJQA,Last-Item,0.0,0.0
AGEWXW526KOH5743XNOIKVCMVJQA,Avg-Last-10,0.0,0.0
AGEWXW526KOH5743XNOIKVCMVJQA,Recency-Weighted,0.0,0.0
AGEWXW526KOH5743XNOIKVCMVJQA,Essence (K=10),0.0,0.0
AGEXSQYOE6QENERQRTKDGMKSKMDA,Random,0.0,0.0
AGEXSQYOE6QENERQRTKDGMKSKMDA,Popularity,0.0,0.0
AGEXSQYOE6QENERQRTKDGMKSKMDA,CF (ItemKNN),0.0,0.0
AGEXSQYOE6QENERQRTKDGMKSKMDA,Content (Avg Emb),0.0,0.0
AGEXSQYOE6QENERQRTKDGMKSKMDA,Last-Item,0.0,0.0
AGEXSQYOE6QENERQRTKDGMKSKMDA,Avg-Last-10,0.0,0.0
AGEXSQYOE6QENERQRTKDGMKSKMDA,Recency-Weighted,0.0,0.0
AGEXSQYOE6QENERQRTKDGMKSKMDA,Essence (K=10),0.0,0.0
AGEY3IA4BA75RC4QXXAP65RQILAA,Random,0.0,
AGEY3IA4BA75RC4QXXAP65RQILAA,Popularity,0.0,
AGEY3IA4BA75RC4QXXAP65RQILAA,CF (ItemKNN),0.0,
AGEY3IA4BA75RC4QXXAP65RQILAA,Content (Avg Emb),0.0,
AGEY3IA4BA75RC4QXXAP65RQILAA,Last-Item,0.0,
AGEY3IA4BA75RC4QXXAP65RQILAA,Avg-Last-10,0.0,
AGEY3IA4BA75RC4QXXAP65RQILAA,Recency-Weighted,0.0,
AGEY3IA4BA75RC4QXXAP65RQILAA,Essence (K=10),0.0,
AGF6JOEINYZIXA2FWFVGHB63RQGA,Random,0.0,0.0
AGF6JOEINYZIXA2FWFVGHB63RQGA,Popularity,0.0,0.0
AGF6JOEINYZIXA2FWFVGHB63RQGA,CF (ItemKNN),0.0,0.0
AGF6JOEINYZIXA2FWFVGHB63RQGA,Content (Avg Emb),0.06666666666666667,0.0
AGF6JOEINYZIXA2FWFVGHB63RQGA,Last-Item,0.3333333333333333,0.0
AGF6JOEINYZIXA2FWFVGHB63RQGA,Avg-Last-10,0.2,0.0
AGF6JOEINYZIXA2FWFVGHB63RQGA,Recency-Weighted,0.26666666666666666,0.0
AGF6JOEINYZIXA2FWFVGHB63RQGA,Essence (K=10),0.0,0.0
AGFBCL2EALMFRW67RHXQPLYBYWRQ,Random,0.0,0.0
AGFBCL2EALMFRW67RHXQPLYBYWRQ,Popularity,0.0,0.0
AGFBCL2EALMFRW67RHXQPLYBYWRQ,CF (ItemKNN),0.0,0.0
AGFBCL2EALMFRW67RHXQPLYBYWRQ,Content (Avg Emb),0.0,0.0
AGFBCL2EALMFRW67RHXQPLYBYWRQ,Last-Item,0.0,0.0
AGFBCL2EALMFRW67RHXQPLYBYWRQ,Avg-Last-10,0.0,0.0
AGFBCL2EALMFRW67RHXQPLYBYWRQ,Recency-Weighted,0.0,0.0
AGFBCL2EALMFRW67RHXQPLYBYWRQ,Essence (K=10),0.14285714285714285,0.0
AGFISDVW6TIA3Z4WGP5FZDMMVQOQ,Random,0.0,0.0
AGFISDVW6TIA3Z4WGP5FZDMMVQOQ,Popularity,0.0,0.0
AGFISDVW6TIA3Z4WGP5FZDMMVQOQ,CF (ItemKNN),0.0,0.0
AGFISDVW6TIA3Z4WGP5FZDMMVQOQ,Content (Avg Emb),0.0,0.0
AGFISDVW6TIA3Z4WGP5FZDMMVQOQ,Last-Item,0.09090909090909091,0.0
AGFISDVW6TIA3Z4WGP5FZDMMVQOQ,Avg-Last-10,0.09090909090909091,0.0
AGFISDVW6TIA3Z4WGP5FZDMMVQOQ,Recency-Weighted,0.09090909090909091,0.0
AGFISDVW6TIA3Z4WGP5FZDMMVQOQ,Essence (K=10),0.0,0.0
AGFITDBX2GCRLII6WFT2RY24UYJQ,Random,0.0,0.0
AGFITDBX2GCRLII6WFT2RY24UYJQ,Popularity,0.0,0.0
AGFITDBX2GCRLII6WFT2RY24UYJQ,CF (ItemKNN),0.0,0.0
AGFITDBX2GCRLII6WFT2RY24UYJQ,Content (Avg Emb),0.2,0.0
AGFITDBX2GCRLII6WFT2RY24UYJQ,Last-Item,0.0,0.0
AGFITDBX2GCRLII6WFT2RY24UYJQ,Avg-Last-10,0.0,0.0
AGFITDBX2GCRLII6WFT2RY24UYJQ,Recency-Weighted,0.0,0.0
AGFITDBX2GCRLII6WFT2RY24UYJQ,Essence (K=10),0.0,0.0
AGFLODZYK7HFYCHNP24JZJRMXYIA,Random,0.0,0.0
AGFLODZYK7HFYCHNP24JZJRMXYIA,Popularity,0.0,0.0
AGFLODZYK7HFYCHNP24JZJRMXYIA,CF (ItemKNN),0.0,0.0
AGFLODZYK7HFYCHNP24JZJRMXYIA,Content (Avg Emb),0.0,0.0
AGFLODZYK7HFYCHNP24JZJRMXYIA,Last-Item,0.0,0.0
AGFLODZYK7HFYCHNP24JZJRMXYIA,Avg-Last-10,0.0,0.0
AGFLODZYK7HFYCHNP24JZJRMXYIA,Recency-Weighted,0.0,0.0
AGFLODZYK7HFYCHNP24JZJRMXYIA,Essence (K=10),0.0,0.0
AGFMQQ7NCB3YQM7ERNPZ66SPCADQ,Random,0.0,0.0
AGFMQQ7NCB3YQM7ERNPZ66SPCADQ,Popularity,0.0,0.0
AGFMQQ7NCB3YQM7ERNPZ66SPCADQ,CF (ItemKNN),0.0,0.0
AGFMQQ7NCB3YQM7ERNPZ66SPCADQ,Content (Avg Emb),0.0,0.0
AGFMQQ7NCB3YQM7ERNPZ66SPCADQ,Last-Item,0.0,0.0
AGFMQQ7NCB3YQM7ERNPZ66SPCADQ,Avg-Last-10,0.0,0.0
AGFMQQ7NCB3YQM7ERNPZ66SPCADQ,Recency-Weighted,0.0,0.0
AGFMQQ7NCB3YQM7ERNPZ66SPCADQ,Essence (K=10),0.0,0.0
AGFQ2L22FVJPU7E45EW5QNLL52ZQ,Random,0.0,
AGFQ2L22FVJPU7E45EW5QNLL52ZQ,Popularity,0.0,
AGFQ2L22FVJPU7E45EW5QNLL52ZQ,CF (ItemKNN),0.0,
AGFQ2L22FVJPU7E45EW5QNLL52ZQ,Content (Avg Emb),0.0,
AGFQ2L22FVJPU7E45EW5QNLL52ZQ,Last-Item,0.25,
AGFQ2L22FVJPU7E45EW5QNLL52ZQ,Avg-Last-10,0.0,
AGFQ2L22FVJPU7E45EW5QNLL52ZQ,Recency-Weighted,0.0,
AGFQ2L22FVJPU7E45EW5QNLL52ZQ,Essence (K=10),0.0,
AGFQY7VM24GIBWFRV7NIH5FK5GGA,Random,0.0,
AGFQY7VM24GIBWFRV7NIH5FK5GGA,Popularity,0.0,
AGFQY7VM24GIBWFRV7NIH5FK5GGA,CF (ItemKNN),0.0,
AGFQY7VM24GIBWFRV7NIH5FK5GGA,Content (Avg Emb),0.0,
AGFQY7VM24GIBWFRV7NIH5FK5GGA,Last-Item,0.0,
AGFQY7VM24GIBWFRV7NIH5FK5GGA,Avg-Last-10,0.0,
AGFQY7VM24GIBWFRV7NIH5FK5GGA,Recency-Weighted,0.0,
AGFQY7VM24GIBWFRV7NIH5FK5GGA,Essence (K=10),0.0,
AGFRRPHPE5NLWNKAGVLTCYLRG4LA,Random,0.0,0.0
AGFRRPHPE5NLWNKAGVLTCYLRG4LA,Popularity,0.0,0.0
AGFRRPHPE5NLWNKAGVLTCYLRG4LA,CF (ItemKNN),0.0,0.0
AGFRRPHPE5NLWNKAGVLTCYLRG4LA,Content (Avg Emb),0.0,0.0
AGFRRPHPE5NLWNKAGVLTCYLRG4LA,Last-Item,0.0,0.0
AGFRRPHPE5NLWNKAGVLTCYLRG4LA,Avg-Last-10,0.0,0.0
AGFRRPHPE5NLWNKAGVLTCYLRG4LA,Recency-Weighted,0.0,0.0
AGFRRPHPE5NLWNKAGVLTCYLRG4LA,Essence (K=10),0.0,0.0
AGFSQEADAQ3WIIUKOBWKNHGXH62A,Random,0.0,
AGFSQEADAQ3WIIUKOBWKNHGXH62A,Popularity,0.0,
AGFSQEADAQ3WIIUKOBWKNHGXH62A,CF (ItemKNN),0.0,
AGFSQEADAQ3WIIUKOBWKNHGXH62A,Content (Avg Emb),0.0,
AGFSQEADAQ3WIIUKOBWKNHGXH62A,Last-Item,0.0,
AGFSQEADAQ3WIIUKOBWKNHGXH62A,Avg-Last-10,0.0,
AGFSQEADAQ3WIIUKOBWKNHGXH62A,Recency-Weighted,0.0,
AGFSQEADAQ3WIIUKOBWKNHGXH62A,Essence (K=10),0.0,
AGFTZKCH3YT5BUCGOCVDKLPYIBDA,Random,0.0,
AGFTZKCH3YT5BUCGOCVDKLPYIBDA,Popularity,0.0,
AGFTZKCH3YT5BUCGOCVDKLPYIBDA,CF (ItemKNN),0.0,
AGFTZKCH3YT5BUCGOCVDKLPYIBDA,Content (Avg Emb),0.0,
AGFTZKCH3YT5BUCGOCVDKLPYIBDA,Last-Item,0.0,
AGFTZKCH3YT5BUCGOCVDKLPYIBDA,Avg-Last-10,0.0,
AGFTZKCH3YT5BUCGOCVDKLPYIBDA,Recency-Weighted,0.0,
AGFTZKCH3YT5BUCGOCVDKLPYIBDA,Essence (K=10),0.0,
AGG24KNWIGHNYEPX2IS7OXYUFRIA,Random,0.0,0.0
AGG24KNWIGHNYEPX2IS7OXYUFRIA,Popularity,0.0,0.0
AGG24KNWIGHNYEPX2IS7OXYUFRIA,CF (ItemKNN),0.0,0.0
AGG24KNWIGHNYEPX2IS7OXYUFRIA,Content (Avg Emb),0.0,0.0
AGG24KNWIGHNYEPX2IS7OXYUFRIA,Last-Item,0.0,0.0
AGG24KNWIGHNYEPX2IS7OXYUFRIA,Avg-Last-10,0.0,0.0
AGG24KNWIGHNYEPX2IS7OXYUFRIA,Recency-Weighted,0.0,0.0
AGG24KNWIGHNYEPX2IS7OXYUFRIA,Essence (K=10),0.0,0.0
AGG2XQBTW5QZQTU7AKRIJXC7DGYA,Random,0.0,0.0
AGG2XQBTW5QZQTU7AKRIJXC7DGYA,Popularity,0.0,0.0
AGG2XQBTW5QZQTU7AKRIJXC7DGYA,CF (ItemKNN),0.0,0.0
AGG2XQBTW5QZQTU7AKRIJXC7DGYA,Content (Avg Emb),0.0,0.0
AGG2XQBTW5QZQTU7AKRIJXC7DGYA,Last-Item,0.0,0.0
AGG2XQBTW5QZQTU7AKRIJXC7DGYA,Avg-Last-10,0.0,0.0
AGG2XQBTW5QZQTU7AKRIJXC7DGYA,Recency-Weighted,0.0,0.0
AGG2XQBTW5QZQTU7AKRIJXC7DGYA,Essence (K=10),0.0,0.0
AGG5GD3PKDIMUMFJUK66SSEUT5JQ,Random,0.0,0.0
AGG5GD3PKDIMUMFJUK66SSEUT5JQ,Popularity,0.0,0.0
AGG5GD3PKDIMUMFJUK66SSEUT5JQ,CF (ItemKNN),0.0,0.0
AGG5GD3PKDIMUMFJUK66SSEUT5JQ,Content (Avg Emb),0.0,0.0
AGG5GD3PKDIMUMFJUK66SSEUT5JQ,Last-Item,0.2,0.5
AGG5GD3PKDIMUMFJUK66SSEUT5JQ,Avg-Last-10,0.06666666666666667,0.16666666666666666
AGG5GD3PKDIMUMFJUK66SSEUT5JQ,Recency-Weighted,0.2,0.5
AGG5GD3PKDIMUMFJUK66SSEUT5JQ,Essence (K=10),0.2,0.5
AGG7ZAYUXZKYDA3GRDEVUQRY7S2Q,Random,0.0,
AGG7ZAYUXZKYDA3GRDEVUQRY7S2Q,Popularity,0.0,
AGG7ZAYUXZKYDA3GRDEVUQRY7S2Q,CF (ItemKNN),0.0,
AGG7ZAYUXZKYDA3GRDEVUQRY7S2Q,Content (Avg Emb),0.0,
AGG7ZAYUXZKYDA3GRDEVUQRY7S2Q,Last-Item,0.0,
AGG7ZAYUXZKYDA3GRDEVUQRY7S2Q,Avg-Last-10,0.0,
AGG7ZAYUXZKYDA3GRDEVUQRY7S2Q,Recency-Weighted,0.0,
AGG7ZAYUXZKYDA3GRDEVUQRY7S2Q,Essence (K=10),0.0,
AGGBEHL4EQTT63RWFHT55UQ5PPPQ,Random,0.0,0.0
AGGBEHL4EQTT63RWFHT55UQ5PPPQ,Popularity,0.0,0.0
AGGBEHL4EQTT63RWFHT55UQ5PPPQ,CF (ItemKNN),0.0,0.0
AGGBEHL4EQTT63RWFHT55UQ5PPPQ,Content (Avg Emb),0.0,0.0
AGGBEHL4EQTT63RWFHT55UQ5PPPQ,Last-Item,0.0,0.0
AGGBEHL4EQTT63RWFHT55UQ5PPPQ,Avg-Last-10,0.0,0.0
AGGBEHL4EQTT63RWFHT55UQ5PPPQ,Recency-Weighted,0.0,0.0
AGGBEHL4EQTT63RWFHT55UQ5PPPQ,Essence (K=10),0.0,0.0
AGGD4TCZZSCTR5ZXETDFSOKDWI2Q,Random,0.0,
AGGD4TCZZSCTR5ZXETDFSOKDWI2Q,Popularity,0.0,
AGGD4TCZZSCTR5ZXETDFSOKDWI2Q,CF (ItemKNN),0.0,
AGGD4TCZZSCTR5ZXETDFSOKDWI2Q,Content (Avg Emb),0.0,
AGGD4TCZZSCTR5ZXETDFSOKDWI2Q,Last-Item,0.0,
AGGD4TCZZSCTR5ZXETDFSOKDWI2Q,Avg-Last-10,0.0,
AGGD4TCZZSCTR5ZXETDFSOKDWI2Q,Recency-Weighted,0.0,
AGGD4TCZZSCTR5ZXETDFSOKDWI2Q,Essence (K=10),0.0,
AGGFXQ3BTMQXJOLWC44G4ZIJQ24Q,Random,0.0,0.0
AGGFXQ3BTMQXJOLWC44G4ZIJQ24Q,Popularity,0.0,0.0
AGGFXQ3BTMQXJOLWC44G4ZIJQ24Q,CF (ItemKNN),0.0,0.0
AGGFXQ3BTMQXJOLWC44G4ZIJQ24Q,Content (Avg Emb),0.0,0.0
AGGFXQ3BTMQXJOLWC44G4ZIJQ24Q,Last-Item,0.0,0.0
AGGFXQ3BTMQXJOLWC44G4ZIJQ24Q,Avg-Last-10,0.0,0.0
AGGFXQ3BTMQXJOLWC44G4ZIJQ24Q,Recency-Weighted,0.0,0.0
AGGFXQ3BTMQXJOLWC44G4ZIJQ24Q,Essence (K=10),0.0,0.0
AGGJ6SHNO3HLK5JODWEITQQJETKQ,Random,0.0,0.0
AGGJ6SHNO3HLK5JODWEITQQJETKQ,Popularity,0.0,0.0
AGGJ6SHNO3HLK5JODWEITQQJETKQ,CF (ItemKNN),0.0,0.0
AGGJ6SHNO3HLK5JODWEITQQJETKQ,Content (Avg Emb),0.0,0.0
AGGJ6SHNO3HLK5JODWEITQQJETKQ,Last-Item,0.0,0.0
AGGJ6SHNO3HLK5JODWEITQQJETKQ,Avg-Last-10,0.0,0.0
AGGJ6SHNO3HLK5JODWEITQQJETKQ,Recency-Weighted,0.0,0.0
AGGJ6SHNO3HLK5JODWEITQQJETKQ,Essence (K=10),0.0,0.0
AGGNED7QJHIWM4U2JM22G5ZNDBYQ,Random,0.0,0.0
AGGNED7QJHIWM4U2JM22G5ZNDBYQ,Popularity,0.0,0.0
AGGNED7QJHIWM4U2JM22G5ZNDBYQ,CF (ItemKNN),0.0,0.0
AGGNED7QJHIWM4U2JM22G5ZNDBYQ,Content (Avg Emb),0.0,0.0
AGGNED7QJHIWM4U2JM22G5ZNDBYQ,Last-Item,0.0,0.0
AGGNED7QJHIWM4U2JM22G5ZNDBYQ,Avg-Last-10,0.0,0.0
AGGNED7QJHIWM4U2JM22G5ZNDBYQ,Recency-Weighted,0.0,0.0
AGGNED7QJHIWM4U2JM22G5ZNDBYQ,Essence (K=10),0.0,0.0
AGGNS5YCIWJ7YSK5OEN7MNNCVI4Q,Random,0.0,
AGGNS5YCIWJ7YSK5OEN7MNNCVI4Q,Popularity,0.0,
AGGNS5YCIWJ7YSK5OEN7MNNCVI4Q,CF (ItemKNN),0.0,
AGGNS5YCIWJ7YSK5OEN7MNNCVI4Q,Content (Avg Emb),0.0,
AGGNS5YCIWJ7YSK5OEN7MNNCVI4Q,Last-Item,0.0,
AGGNS5YCIWJ7YSK5OEN7MNNCVI4Q,Avg-Last-10,0.0,
AGGNS5YCIWJ7YSK5OEN7MNNCVI4Q,Recency-Weighted,0.0,
AGGNS5YCIWJ7YSK5OEN7MNNCVI4Q,Essence (K=10),0.0,
AGGQYKVWAI2YO4RTVB2LLE45Z47Q,Random,0.0,0.0
AGGQYKVWAI2YO4RTVB2LLE45Z47Q,Popularity,0.0,0.0
AGGQYKVWAI2YO4RTVB2LLE45Z47Q,CF (ItemKNN),0.0,0.0
AGGQYKVWAI2YO4RTVB2LLE45Z47Q,Content (Avg Emb),0.0,0.0
AGGQYKVWAI2YO4RTVB2LLE45Z47Q,Last-Item,0.0,0.0
AGGQYKVWAI2YO4RTVB2LLE45Z47Q,Avg-Last-10,0.0,0.0
AGGQYKVWAI2YO4RTVB2LLE45Z47Q,Recency-Weighted,0.0,0.0
AGGQYKVWAI2YO4RTVB2LLE45Z47Q,Essence (K=10),0.0,0.0
AGGR75NNVQYTQUBNR5W7KA4OLF3A,Random,0.0,
AGGR75NNVQYTQUBNR5W7KA4OLF3A,Popularity,0.0,
AGGR75NNVQYTQUBNR5W7KA4OLF3A,CF (ItemKNN),0.0,
AGGR75NNVQYTQUBNR5W7KA4OLF3A,Content (Avg Emb),0.0,
AGGR75NNVQYTQUBNR5W7KA4OLF3A,Last-Item,0.0,
AGGR75NNVQYTQUBNR5W7KA4OLF3A,Avg-Last-10,0.0,
AGGR75NNVQYTQUBNR5W7KA4OLF3A,Recency-Weighted,0.0,
AGGR75NNVQYTQUBNR5W7KA4OLF3A,Essence (K=10),0.0,
AGGTIT5J4YWSF2ULV5HUDUOD5MLA,Random,0.0,
AGGTIT5J4YWSF2ULV5HUDUOD5MLA,Popularity,0.0,
AGGTIT5J4YWSF2ULV5HUDUOD5MLA,CF (ItemKNN),0.0,
AGGTIT5J4YWSF2ULV5HUDUOD5MLA,Content (Avg Emb),0.0,
AGGTIT5J4YWSF2ULV5HUDUOD5MLA,Last-Item,0.0,
AGGTIT5J4YWSF2ULV5HUDUOD5MLA,Avg-Last-10,0.0,
AGGTIT5J4YWSF2ULV5HUDUOD5MLA,Recency-Weighted,0.0,
AGGTIT5J4YWSF2ULV5HUDUOD5MLA,Essence (K=10),0.16666666666666666,
AGGXS4Z3BBVW5AHMGZCK7YC6PHWQ,Random,0.0,0.0
AGGXS4Z3BBVW5AHMGZCK7YC6PHWQ,Popularity,0.0,0.0
AGGXS4Z3BBVW5AHMGZCK7YC6PHWQ,CF (ItemKNN),0.0,0.0
AGGXS4Z3BBVW5AHMGZCK7YC6PHWQ,Content (Avg Emb),0.1111111111111111,0.0
AGGXS4Z3BBVW5AHMGZCK7YC6PHWQ,Last-Item,0.0,0.0
AGGXS4Z3BBVW5AHMGZCK7YC6PHWQ,Avg-Last-10,0.1111111111111111,0.0
AGGXS4Z3BBVW5AHMGZCK7YC6PHWQ,Recency-Weighted,0.0,0.0
AGGXS4Z3BBVW5AHMGZCK7YC6PHWQ,Essence (K=10),0.0,0.0
AGGXZF4HBU434FOTOKFANG2DH7MA,Random,0.0,0.0
AGGXZF4HBU434FOTOKFANG2DH7MA,Popularity,0.0,0.0
AGGXZF4HBU434FOTOKFANG2DH7MA,CF (ItemKNN),0.0,0.0
AGGXZF4HBU434FOTOKFANG2DH7MA,Content (Avg Emb),0.0,0.0
AGGXZF4HBU434FOTOKFANG2DH7MA,Last-Item,0.0,0.0
AGGXZF4HBU434FOTOKFANG2DH7MA,Avg-Last-10,0.0,0.0
AGGXZF4HBU434FOTOKFANG2DH7MA,Recency-Weighted,0.0,0.0
AGGXZF4HBU434FOTOKFANG2DH7MA,Essence (K=10),0.0,0.0
AGH2IT6UURIZERZ2K4AQTF4GSOTQ,Random,0.0,0.0
AGH2IT6UURIZERZ2K4AQTF4GSOTQ,Popularity,0.0,0.0
AGH2IT6UURIZERZ2K4AQTF4GSOTQ,CF (ItemKNN),0.0,0.0
AGH2IT6UURIZERZ2K4AQTF4GSOTQ,Content (Avg Emb),0.0,0.0
AGH2IT6UURIZERZ2K4AQTF4GSOTQ,Last-Item,0.0,0.0
AGH2IT6UURIZERZ2K4AQTF4GSOTQ,Avg-Last-10,0.0,0.0
AGH2IT6UURIZERZ2K4AQTF4GSOTQ,Recency-Weighted,0.0,0.0
AGH2IT6UURIZERZ2K4AQTF4GSOTQ,Essence (K=10),0.0,0.0
AGHDZFK2DKO6CYEENN22WDQK2XYQ,Random,0.0,0.0
AGHDZFK2DKO6CYEENN22WDQK2XYQ,Popularity,0.0,0.0
AGHDZFK2DKO6CYEENN22WDQK2XYQ,CF (ItemKNN),0.0,0.0
AGHDZFK2DKO6CYEENN22WDQK2XYQ,Content (Avg Emb),0.0,0.0
AGHDZFK2DKO6CYEENN22WDQK2XYQ,Last-Item,0.0,0.0
AGHDZFK2DKO6CYEENN22WDQK2XYQ,Avg-Last-10,0.0,0.0
AGHDZFK2DKO6CYEENN22WDQK2XYQ,Recency-Weighted,0.0,0.0
AGHDZFK2DKO6CYEENN22WDQK2XYQ,Essence (K=10),0.0,0.0
AGHH64TOI6BF5OF3LKVDQIKIMSWA,Random,0.0,
AGHH64TOI6BF5OF3LKVDQIKIMSWA,Popularity,0.0,
AGHH64TOI6BF5OF3LKVDQIKIMSWA,CF (ItemKNN),0.0,
AGHH64TOI6BF5OF3LKVDQIKIMSWA,Content (Avg Emb),0.0,
AGHH64TOI6BF5OF3LKVDQIKIMSWA,Last-Item,0.0,
AGHH64TOI6BF5OF3LKVDQIKIMSWA,Avg-Last-10,0.0,
AGHH64TOI6BF5OF3LKVDQIKIMSWA,Recency-Weighted,0.0,
AGHH64TOI6BF5OF3LKVDQIKIMSWA,Essence (K=10),0.0,
AGHPPNYG77TZFAVHPTYBGYQHN56Q,Random,0.0,
AGHPPNYG77TZFAVHPTYBGYQHN56Q,Popularity,0.0,
AGHPPNYG77TZFAVHPTYBGYQHN56Q,CF (ItemKNN),0.0,
AGHPPNYG77TZFAVHPTYBGYQHN56Q,Content (Avg Emb),0.0,
AGHPPNYG77TZFAVHPTYBGYQHN56Q,Last-Item,0.3333333333333333,
AGHPPNYG77TZFAVHPTYBGYQHN56Q,Avg-Last-10,0.0,
AGHPPNYG77TZFAVHPTYBGYQHN56Q,Recency-Weighted,0.0,
AGHPPNYG77TZFAVHPTYBGYQHN56Q,Essence (K=10),0.0,
AGHS6EDRDXK35Y6F2ZCTQLGYZWIA,Random,0.0,0.0
AGHS6EDRDXK35Y6F2ZCTQLGYZWIA,Popularity,0.0,0.0
AGHS6EDRDXK35Y6F2ZCTQLGYZWIA,CF (ItemKNN),0.0,0.0
AGHS6EDRDXK35Y6F2ZCTQLGYZWIA,Content (Avg Emb),0.1111111111111111,0.0
AGHS6EDRDXK35Y6F2ZCTQLGYZWIA,Last-Item,0.0,0.0
AGHS6EDRDXK35Y6F2ZCTQLGYZWIA,Avg-Last-10,0.1111111111111111,0.0
AGHS6EDRDXK35Y6F2ZCTQLGYZWIA,Recency-Weighted,0.1111111111111111,0.0
AGHS6EDRDXK35Y6F2ZCTQLGYZWIA,Essence (K=10),0.0,0.0
AGHSUTDW5EYFRSIA2OP52ZK525QQ,Random,0.0,0.0
AGHSUTDW5EYFRSIA2OP52ZK525QQ,Popularity,0.0,0.0
AGHSUTDW5EYFRSIA2OP52ZK525QQ,CF (ItemKNN),0.0,0.0
AGHSUTDW5EYFRSIA2OP52ZK525QQ,Content (Avg Emb),0.0,0.0
AGHSUTDW5EYFRSIA2OP52ZK525QQ,Last-Item,0.0,0.0
AGHSUTDW5EYFRSIA2OP52ZK525QQ,Avg-Last-10,0.0,0.0
AGHSUTDW5EYFRSIA2OP52ZK525QQ,Recency-Weighted,0.0,0.0
AGHSUTDW5EYFRSIA2OP52ZK525QQ,Essence (K=10),0.0,0.0
AGHT3HQHRIF43YXZEXOPVNN3PVJA,Random,0.0,0.0
AGHT3HQHRIF43YXZEXOPVNN3PVJA,Popularity,0.0,0.0
AGHT3HQHRIF43YXZEXOPVNN3PVJA,CF (ItemKNN),0.0,0.0
AGHT3HQHRIF43YXZEXOPVNN3PVJA,Content (Avg Emb),0.0,0.0
AGHT3HQHRIF43YXZEXOPVNN3PVJA,Last-Item,0.0,0.0
AGHT3HQHRIF43YXZEXOPVNN3PVJA,Avg-Last-10,0.0,0.0
AGHT3HQHRIF43YXZEXOPVNN3PVJA,Recency-Weighted,0.0,0.0
AGHT3HQHRIF43YXZEXOPVNN3PVJA,Essence (K=10),0.0,0.0
AGHUVKM72YKG4KSG62IAFZQ7JTJA,Random,0.0,
AGHUVKM72YKG4KSG62IAFZQ7JTJA,Popularity,0.0,
AGHUVKM72YKG4KSG62IAFZQ7JTJA,CF (ItemKNN),0.0,
AGHUVKM72YKG4KSG62IAFZQ7JTJA,Content (Avg Emb),0.0,
AGHUVKM72YKG4KSG62IAFZQ7JTJA,Last-Item,0.0,
AGHUVKM72YKG4KSG62IAFZQ7JTJA,Avg-Last-10,0.0,
AGHUVKM72YKG4KSG62IAFZQ7JTJA,Recency-Weighted,0.0,
AGHUVKM72YKG4KSG62IAFZQ7JTJA,Essence (K=10),0.0,
AGHXS2OU3KFYDX2HBQAD6DJDHSOQ,Random,0.0,0.0
AGHXS2OU3KFYDX2HBQAD6DJDHSOQ,Popularity,0.0,0.0
AGHXS2OU3KFYDX2HBQAD6DJDHSOQ,CF (ItemKNN),0.0,0.0
AGHXS2OU3KFYDX2HBQAD6DJDHSOQ,Content (Avg Emb),0.0,0.0
AGHXS2OU3KFYDX2HBQAD6DJDHSOQ,Last-Item,0.0,0.0
AGHXS2OU3KFYDX2HBQAD6DJDHSOQ,Avg-Last-10,0.0,0.0
AGHXS2OU3KFYDX2HBQAD6DJDHSOQ,Recency-Weighted,0.0,0.0
AGHXS2OU3KFYDX2HBQAD6DJDHSOQ,Essence (K=10),0.0,0.0
AGHY3FSM46KKIA6ZOCJV5H3DEUCQ,Random,0.0,0.0
AGHY3FSM46KKIA6ZOCJV5H3DEUCQ,Popularity,0.0,0.0
AGHY3FSM46KKIA6ZOCJV5H3DEUCQ,CF (ItemKNN),0.0,0.0
AGHY3FSM46KKIA6ZOCJV5H3DEUCQ,Content (Avg Emb),0.0,0.0
AGHY3FSM46KKIA6ZOCJV5H3DEUCQ,Last-Item,0.0,0.0
AGHY3FSM46KKIA6ZOCJV5H3DEUCQ,Avg-Last-10,0.0,0.0
AGHY3FSM46KKIA6ZOCJV5H3DEUCQ,Recency-Weighted,0.0,0.0
AGHY3FSM46KKIA6ZOCJV5H3DEUCQ,Essence (K=10),0.0,0.0
AGHZC2UA3DFECHU4XVUQBKNOC4UQ,Random,0.0,0.0
AGHZC2UA3DFECHU4XVUQBKNOC4UQ,Popularity,0.0,0.0
AGHZC2UA3DFECHU4XVUQBKNOC4UQ,CF (ItemKNN),0.0,0.0
AGHZC2UA3DFECHU4XVUQBKNOC4UQ,Content (Avg Emb),0.0,0.0
AGHZC2UA3DFECHU4XVUQBKNOC4UQ,Last-Item,0.25,0.3333333333333333
AGHZC2UA3DFECHU4XVUQBKNOC4UQ,Avg-Last-10,0.0,0.0
AGHZC2UA3DFECHU4XVUQBKNOC4UQ,Recency-Weighted,0.0,0.0
AGHZC2UA3DFECHU4XVUQBKNOC4UQ,Essence (K=10),0.0,0.0
AGI2KPUURG5BWWZ2HF4CE6CHSF5A,Random,0.0,0.0
AGI2KPUURG5BWWZ2HF4CE6CHSF5A,Popularity,0.0,0.0
AGI2KPUURG5BWWZ2HF4CE6CHSF5A,CF (ItemKNN),0.0,0.0
AGI2KPUURG5BWWZ2HF4CE6CHSF5A,Content (Avg Emb),0.0,0.0
AGI2KPUURG5BWWZ2HF4CE6CHSF5A,Last-Item,0.0,0.0
AGI2KPUURG5BWWZ2HF4CE6CHSF5A,Avg-Last-10,0.0,0.0
AGI2KPUURG5BWWZ2HF4CE6CHSF5A,Recency-Weighted,0.0,0.0
AGI2KPUURG5BWWZ2HF4CE6CHSF5A,Essence (K=10),0.0,0.0
AGI2KSHYWID347DVC2OZ25WZ6KIQ,Random,0.0,0.0
AGI2KSHYWID347DVC2OZ25WZ6KIQ,Popularity,0.0,0.0
AGI2KSHYWID347DVC2OZ25WZ6KIQ,CF (ItemKNN),0.0,0.0
AGI2KSHYWID347DVC2OZ25WZ6KIQ,Content (Avg Emb),0.0,0.0
AGI2KSHYWID347DVC2OZ25WZ6KIQ,Last-Item,0.0,0.0
AGI2KSHYWID347DVC2OZ25WZ6KIQ,Avg-Last-10,0.0,0.0
AGI2KSHYWID347DVC2OZ25WZ6KIQ,Recency-Weighted,0.0,0.0
AGI2KSHYWID347DVC2OZ25WZ6KIQ,Essence (K=10),0.0,0.0
AGI6II7RRACEVFPR6IJB5JS3PRXA,Random,0.0,0.0
AGI6II7RRACEVFPR6IJB5JS3PRXA,Popularity,0.0,0.0
AGI6II7RRACEVFPR6IJB5JS3PRXA,CF (ItemKNN),0.0,0.0
AGI6II7RRACEVFPR6IJB5JS3PRXA,Content (Avg Emb),0.0,0.0
AGI6II7RRACEVFPR6IJB5JS3PRXA,Last-Item,0.07692307692307693,0.0
AGI6II7RRACEVFPR6IJB5JS3PRXA,Avg-Last-10,0.07692307692307693,0.0
AGI6II7RRACEVFPR6IJB5JS3PRXA,Recency-Weighted,0.0,0.0
AGI6II7RRACEVFPR6IJB5JS3PRXA,Essence (K=10),0.15384615384615385,0.25
AGI7CGNZGQG26DQ6DROZASJABRQA,Random,0.0,0.0
AGI7CGNZGQG26DQ6DROZASJABRQA,Popularity,0.0,0.0
AGI7CGNZGQG26DQ6DROZASJABRQA,CF (ItemKNN),0.0,0.0
AGI7CGNZGQG26DQ6DROZASJABRQA,Content (Avg Emb),0.0,0.0
AGI7CGNZGQG26DQ6DROZASJABRQA,Last-Item,0.0,0.0
AGI7CGNZGQG26DQ6DROZASJABRQA,Avg-Last-10,0.0,0.0
AGI7CGNZGQG26DQ6DROZASJABRQA,Recency-Weighted,0.0,0.0
AGI7CGNZGQG26DQ6DROZASJABRQA,Essence (K=10),0.0,0.0
AGIAC3TIZYW2TXOC7J7YMPWJXOWQ,Random,0.0,0.0
AGIAC3TIZYW2TXOC7J7YMPWJXOWQ,Popularity,0.0,0.0
AGIAC3TIZYW2TXOC7J7YMPWJXOWQ,CF (ItemKNN),0.0,0.0
AGIAC3TIZYW2TXOC7J7YMPWJXOWQ,Content (Avg Emb),0.0,0.0
AGIAC3TIZYW2TXOC7J7YMPWJXOWQ,Last-Item,0.0,0.0
AGIAC3TIZYW2TXOC7J7YMPWJXOWQ,Avg-Last-10,0.0,0.0
AGIAC3TIZYW2TXOC7J7YMPWJXOWQ,Recency-Weighted,0.0,0.0
AGIAC3TIZYW2TXOC7J7YMPWJXOWQ,Essence (K=10),0.0,0.0
AGIB4R5WWKZK43XDL5GXGULH4BHQ,Random,0.0,
AGIB4R5WWKZK43XDL5GXGULH4BHQ,Popularity,0.0,
AGIB4R5WWKZK43XDL5GXGULH4BHQ,CF (ItemKNN),0.0,
AGIB4R5WWKZK43XDL5GXGULH4BHQ,Content (Avg Emb),0.2,
AGIB4R5WWKZK43XDL5GXGULH4BHQ,Last-Item,0.2,
AGIB4R5WWKZK43XDL5GXGULH4BHQ,Avg-Last-10,0.2,
AGIB4R5WWKZK43XDL5GXGULH4BHQ,Recency-Weighted,0.2,
AGIB4R5WWKZK43XDL5GXGULH4BHQ,Essence (K=10),0.0,
AGIDVWEQISCWRAIATZZBDFPR6JIA,Random,0.0,0.0
AGIDVWEQISCWRAIATZZBDFPR6JIA,Popularity,0.0,0.0
AGIDVWEQISCWRAIATZZBDFPR6JIA,CF (ItemKNN),0.0,0.0
AGIDVWEQISCWRAIATZZBDFPR6JIA,Content (Avg Emb),0.0,0.0
AGIDVWEQISCWRAIATZZBDFPR6JIA,Last-Item,0.0,0.0
AGIDVWEQISCWRAIATZZBDFPR6JIA,Avg-Last-10,0.0,0.0
AGIDVWEQISCWRAIATZZBDFPR6JIA,Recency-Weighted,0.0,0.0
AGIDVWEQISCWRAIATZZBDFPR6JIA,Essence (K=10),0.0,0.0
AGIKKRFT2XULMK7SL3HD6SDK52WA,Random,0.0,
AGIKKRFT2XULMK7SL3HD6SDK52WA,Popularity,0.0,
AGIKKRFT2XULMK7SL3HD6SDK52WA,CF (ItemKNN),0.0,
AGIKKRFT2XULMK7SL3HD6SDK52WA,Content (Avg Emb),0.0,
AGIKKRFT2XULMK7SL3HD6SDK52WA,Last-Item,0.25,
AGIKKRFT2XULMK7SL3HD6SDK52WA,Avg-Last-10,0.0,
AGIKKRFT2XULMK7SL3HD6SDK52WA,Recency-Weighted,0.0,
AGIKKRFT2XULMK7SL3HD6SDK52WA,Essence (K=10),0.0,
AGIL7OJHXBQKPVJVLLDCC3ASSKBQ,Random,0.0,0.0
AGIL7OJHXBQKPVJVLLDCC3ASSKBQ,Popularity,0.0,0.0
AGIL7OJHXBQKPVJVLLDCC3ASSKBQ,CF (ItemKNN),0.0,0.0
AGIL7OJHXBQKPVJVLLDCC3ASSKBQ,Content (Avg Emb),0.0,0.0
AGIL7OJHXBQKPVJVLLDCC3ASSKBQ,Last-Item,0.0,0.0
AGIL7OJHXBQKPVJVLLDCC3ASSKBQ,Avg-Last-10,0.0,0.0
AGIL7OJHXBQKPVJVLLDCC3ASSKBQ,Recency-Weighted,0.0,0.0
AGIL7OJHXBQKPVJVLLDCC3ASSKBQ,Essence (K=10),0.0,0.0
AGILV6ZJL6M2JSXSDOYS7LGST52A,Random,0.0,
AGILV6ZJL6M2JSXSDOYS7LGST52A,Popularity,0.0,
AGILV6ZJL6M2JSXSDOYS7LGST52A,CF (ItemKNN),0.0,
AGILV6ZJL6M2JSXSDOYS7LGST52A,Content (Avg Emb),0.0,
AGILV6ZJL6M2JSXSDOYS7LGST52A,Last-Item,0.2,
AGILV6ZJL6M2JSXSDOYS7LGST52A,Avg-Last-10,0.2,
AGILV6ZJL6M2JSXSDOYS7LGST52A,Recency-Weighted,0.2,
AGILV6ZJL6M2JSXSDOYS7LGST52A,Essence (K=10),0.0,
AGIPDVBDWZE6MCBEMSHFIR33S52Q,Random,0.0,0.0
AGIPDVBDWZE6MCBEMSHFIR33S52Q,Popularity,0.0,0.0
AGIPDVBDWZE6MCBEMSHFIR33S52Q,CF (ItemKNN),0.3333333333333333,1.0
AGIPDVBDWZE6MCBEMSHFIR33S52Q,Content (Avg Emb),0.6666666666666666,0.5
AGIPDVBDWZE6MCBEMSHFIR33S52Q,Last-Item,0.0,0.0
AGIPDVBDWZE6MCBEMSHFIR33S52Q,Avg-Last-10,0.6666666666666666,0.5
AGIPDVBDWZE6MCBEMSHFIR33S52Q,Recency-Weighted,0.5,0.0
AGIPDVBDWZE6MCBEMSHFIR33S52Q,Essence (K=10),0.5,0.0
AGISAAQT4NCA4GYUWEHQMOS74O2A,Random,0.0,
AGISAAQT4NCA4GYUWEHQMOS74O2A,Popularity,0.0,
AGISAAQT4NCA4GYUWEHQMOS74O2A,CF (ItemKNN),0.0,
AGISAAQT4NCA4GYUWEHQMOS74O2A,Content (Avg Emb),0.0,
AGISAAQT4NCA4GYUWEHQMOS74O2A,Last-Item,0.2,
AGISAAQT4NCA4GYUWEHQMOS74O2A,Avg-Last-10,0.0,
AGISAAQT4NCA4GYUWEHQMOS74O2A,Recency-Weighted,0.2,
AGISAAQT4NCA4GYUWEHQMOS74O2A,Essence (K=10),0.2,
AGIWYLLL5BV7CJI4BBKOI32J6ZEA,Random,0.0,
AGIWYLLL5BV7CJI4BBKOI32J6ZEA,Popularity,0.0,
AGIWYLLL5BV7CJI4BBKOI32J6ZEA,CF (ItemKNN),0.0,
AGIWYLLL5BV7CJI4BBKOI32J6ZEA,Content (Avg Emb),0.0,
AGIWYLLL5BV7CJI4BBKOI32J6ZEA,Last-Item,0.0,
AGIWYLLL5BV7CJI4BBKOI32J6ZEA,Avg-Last-10,0.0,
AGIWYLLL5BV7CJI4BBKOI32J6ZEA,Recency-Weighted,0.0,
AGIWYLLL5BV7CJI4BBKOI32J6ZEA,Essence (K=10),0.0,
AGIXFNLQKHNY5FY3UT3WO3ME3KOA,Random,0.0,0.0
AGIXFNLQKHNY5FY3UT3WO3ME3KOA,Popularity,0.0,0.0
AGIXFNLQKHNY5FY3UT3WO3ME3KOA,CF (ItemKNN),0.0,0.0
AGIXFNLQKHNY5FY3UT3WO3ME3KOA,Content (Avg Emb),0.0,0.0
AGIXFNLQKHNY5FY3UT3WO3ME3KOA,Last-Item,0.0,0.0
AGIXFNLQKHNY5FY3UT3WO3ME3KOA,Avg-Last-10,0.0,0.0
AGIXFNLQKHNY5FY3UT3WO3ME3KOA,Recency-Weighted,0.0,0.0
AGIXFNLQKHNY5FY3UT3WO3ME3KOA,Essence (K=10),0.0,0.0
AGJ7GISSXRLX754MERPM3BBEPIBA,Random,0.0,
AGJ7GISSXRLX754MERPM3BBEPIBA,Popularity,0.0,
AGJ7GISSXRLX754MERPM3BBEPIBA,CF (ItemKNN),0.0,
AGJ7GISSXRLX754MERPM3BBEPIBA,Content (Avg Emb),0.0,
AGJ7GISSXRLX754MERPM3BBEPIBA,Last-Item,0.0,
AGJ7GISSXRLX754MERPM3BBEPIBA,Avg-Last-10,0.0,
AGJ7GISSXRLX754MERPM3BBEPIBA,Recency-Weighted,0.0,
AGJ7GISSXRLX754MERPM3BBEPIBA,Essence (K=10),0.0,
AGJA3IZWH75QGRIDVSMP6LXIUTXQ,Random,0.0,0.0
AGJA3IZWH75QGRIDVSMP6LXIUTXQ,Popularity,0.0,0.0
AGJA3IZWH75QGRIDVSMP6LXIUTXQ,CF (ItemKNN),0.0,0.0
AGJA3IZWH75QGRIDVSMP6LXIUTXQ,Content (Avg Emb),0.0,0.0
AGJA3IZWH75QGRIDVSMP6LXIUTXQ,Last-Item,0.125,0.0
AGJA3IZWH75QGRIDVSMP6LXIUTXQ,Avg-Last-10,0.0,0.0
AGJA3IZWH75QGRIDVSMP6LXIUTXQ,Recency-Weighted,0.0,0.0
AGJA3IZWH75QGRIDVSMP6LXIUTXQ,Essence (K=10),0.0,0.0
AGJCSEYRKWURCC7CYMPKBS5ANRMA,Random,0.0,0.0
AGJCSEYRKWURCC7CYMPKBS5ANRMA,Popularity,0.0,0.0
AGJCSEYRKWURCC7CYMPKBS5ANRMA,CF (ItemKNN),0.0,0.0
AGJCSEYRKWURCC7CYMPKBS5ANRMA,Content (Avg Emb),0.0,0.0
AGJCSEYRKWURCC7CYMPKBS5ANRMA,Last-Item,0.0,0.0
AGJCSEYRKWURCC7CYMPKBS5ANRMA,Avg-Last-10,0.0,0.0
AGJCSEYRKWURCC7CYMPKBS5ANRMA,Recency-Weighted,0.0,0.0
AGJCSEYRKWURCC7CYMPKBS5ANRMA,Essence (K=10),0.0,0.0
AGJDEVYJZR4ZH7P2BQF7RW5OXZOQ,Random,0.0,
AGJDEVYJZR4ZH7P2BQF7RW5OXZOQ,Popularity,0.0,
AGJDEVYJZR4ZH7P2BQF7RW5OXZOQ,CF (ItemKNN),0.0,
AGJDEVYJZR4ZH7P2BQF7RW5OXZOQ,Content (Avg Emb),0.0,
AGJDEVYJZR4ZH7P2BQF7RW5OXZOQ,Last-Item,0.0,
AGJDEVYJZR4ZH7P2BQF7RW5OXZOQ,Avg-Last-10,0.0,
AGJDEVYJZR4ZH7P2BQF7RW5OXZOQ,Recency-Weighted,0.0,
AGJDEVYJZR4ZH7P2BQF7RW5OXZOQ,Essence (K=10),0.0,
AGJEOGMPYXKFMJLJ26GOJ63HA2XA,Random,0.0,0.0
AGJEOGMPYXKFMJLJ26GOJ63HA2XA,Popularity,0.0,0.0
AGJEOGMPYXKFMJLJ26GOJ63HA2XA,CF (ItemKNN),0.0,0.0
AGJEOGMPYXKFMJLJ26GOJ63HA2XA,Content (Avg Emb),0.0,0.0
AGJEOGMPYXKFMJLJ26GOJ63HA2XA,Last-Item,0.0,0.0
AGJEOGMPYXKFMJLJ26GOJ63HA2XA,Avg-Last-10,0.0,0.0
AGJEOGMPYXKFMJLJ26GOJ63HA2XA,Recency-Weighted,0.0,0.0
AGJEOGMPYXKFMJLJ26GOJ63HA2XA,Essence (K=10),0.0,0.0
AGJEWCN7TPN3KRJPW52LMTBXBGEQ,Random,0.0,
AGJEWCN7TPN3KRJPW52LMTBXBGEQ,Popularity,0.0,
AGJEWCN7TPN3KRJPW52LMTBXBGEQ,CF (ItemKNN),0.0,
AGJEWCN7TPN3KRJPW52LMTBXBGEQ,Content (Avg Emb),0.0,
AGJEWCN7TPN3KRJPW52LMTBXBGEQ,Last-Item,0.0,
AGJEWCN7TPN3KRJPW52LMTBXBGEQ,Avg-Last-10,0.0,
AGJEWCN7TPN3KRJPW52LMTBXBGEQ,Recency-Weighted,0.0,
AGJEWCN7TPN3KRJPW52LMTBXBGEQ,Essence (K=10),0.0,
AGJH6MI2FS2ZT5A4LGUMSTMXBLLQ,Random,0.0,0.0
AGJH6MI2FS2ZT5A4LGUMSTMXBLLQ,Popularity,0.0,0.0
AGJH6MI2FS2ZT5A4LGUMSTMXBLLQ,CF (ItemKNN),0.0,0.0
AGJH6MI2FS2ZT5A4LGUMSTMXBLLQ,Content (Avg Emb),0.0,0.0
AGJH6MI2FS2ZT5A4LGUMSTMXBLLQ,Last-Item,0.0,0.0
AGJH6MI2FS2ZT5A4LGUMSTMXBLLQ,Avg-Last-10,0.0,0.0
AGJH6MI2FS2ZT5A4LGUMSTMXBLLQ,Recency-Weighted,0.0,0.0
AGJH6MI2FS2ZT5A4LGUMSTMXBLLQ,Essence (K=10),0.0,0.0
AGJP3PTOUJCW3RQHUAZ23CYGQJAA,Random,0.0,0.0
AGJP3PTOUJCW3RQHUAZ23CYGQJAA,Popularity,0.0,0.0
AGJP3PTOUJCW3RQHUAZ23CYGQJAA,CF (ItemKNN),0.0,0.0
AGJP3PTOUJCW3RQHUAZ23CYGQJAA,Content (Avg Emb),0.0,0.0
AGJP3PTOUJCW3RQHUAZ23CYGQJAA,Last-Item,0.0,0.0
AGJP3PTOUJCW3RQHUAZ23CYGQJAA,Avg-Last-10,0.0,0.0
AGJP3PTOUJCW3RQHUAZ23CYGQJAA,Recency-Weighted,0.0,0.0
AGJP3PTOUJCW3RQHUAZ23CYGQJAA,Essence (K=10),0.0,0.0
AGJR2GJH6BOX5T5H2AGKANHSAQ7Q,Random,0.0,
AGJR2GJH6BOX5T5H2AGKANHSAQ7Q,Popularity,0.0,
AGJR2GJH6BOX5T5H2AGKANHSAQ7Q,CF (ItemKNN),0.0,
AGJR2GJH6BOX5T5H2AGKANHSAQ7Q,Content (Avg Emb),0.0,
AGJR2GJH6BOX5T5H2AGKANHSAQ7Q,Last-Item,0.8333333333333334,
AGJR2GJH6BOX5T5H2AGKANHSAQ7Q,Avg-Last-10,0.0,
AGJR2GJH6BOX5T5H2AGKANHSAQ7Q,Recency-Weighted,0.0,
AGJR2GJH6BOX5T5H2AGKANHSAQ7Q,Essence (K=10),0.0,
AGJVPTZJB3E67FDQWFA3G6EKOYCQ,Random,0.0,0.0
AGJVPTZJB3E67FDQWFA3G6EKOYCQ,Popularity,0.0,0.0
AGJVPTZJB3E67FDQWFA3G6EKOYCQ,CF (ItemKNN),0.0,0.0
AGJVPTZJB3E67FDQWFA3G6EKOYCQ,Content (Avg Emb),0.0,0.0
AGJVPTZJB3E67FDQWFA3G6EKOYCQ,Last-Item,0.0,0.0
AGJVPTZJB3E67FDQWFA3G6EKOYCQ,Avg-Last-10,0.0,0.0
AGJVPTZJB3E67FDQWFA3G6EKOYCQ,Recency-Weighted,0.0,0.0
AGJVPTZJB3E67FDQWFA3G6EKOYCQ,Essence (K=10),0.0,0.0
AGJZPEJFZMDKBAXTPDZATTJDJ3NA,Random,0.0,
AGJZPEJFZMDKBAXTPDZATTJDJ3NA,Popularity,0.0,
AGJZPEJFZMDKBAXTPDZATTJDJ3NA,CF (ItemKNN),0.0,
AGJZPEJFZMDKBAXTPDZATTJDJ3NA,Content (Avg Emb),0.0,
AGJZPEJFZMDKBAXTPDZATTJDJ3NA,Last-Item,0.0,
AGJZPEJFZMDKBAXTPDZATTJDJ3NA,Avg-Last-10,0.0,
AGJZPEJFZMDKBAXTPDZATTJDJ3NA,Recency-Weighted,0.0,
AGJZPEJFZMDKBAXTPDZATTJDJ3NA,Essence (K=10),0.0,
AGK4RDFR4U6G6DZMEXWMU463AZ7A,Random,0.0,
AGK4RDFR4U6G6DZMEXWMU463AZ7A,Popularity,0.0,
AGK4RDFR4U6G6DZMEXWMU463AZ7A,CF (ItemKNN),0.0,
AGK4RDFR4U6G6DZMEXWMU463AZ7A,Content (Avg Emb),0.0,
AGK4RDFR4U6G6DZMEXWMU463AZ7A,Last-Item,0.0,
AGK4RDFR4U6G6DZMEXWMU463AZ7A,Avg-Last-10,0.0,
AGK4RDFR4U6G6DZMEXWMU463AZ7A,Recency-Weighted,0.0,
AGK4RDFR4U6G6DZMEXWMU463AZ7A,Essence (K=10),0.0,
AGK4USRS5OW6433F2IJT2BC2D5CQ,Random,0.0,0.0
AGK4USRS5OW6433F2IJT2BC2D5CQ,Popularity,0.0,0.0
AGK4USRS5OW6433F2IJT2BC2D5CQ,CF (ItemKNN),0.0,0.0
AGK4USRS5OW6433F2IJT2BC2D5CQ,Content (Avg Emb),0.0,0.0
AGK4USRS5OW6433F2IJT2BC2D5CQ,Last-Item,0.0,0.0
AGK4USRS5OW6433F2IJT2BC2D5CQ,Avg-Last-10,0.0,0.0
AGK4USRS5OW6433F2IJT2BC2D5CQ,Recency-Weighted,0.0,0.0
AGK4USRS5OW6433F2IJT2BC2D5CQ,Essence (K=10),0.0,0.0
AGKXKG4MZOEFIBB3VYW3ZR2THSLA,Random,0.0,0.0
AGKXKG4MZOEFIBB3VYW3ZR2THSLA,Popularity,0.0,0.0
AGKXKG4MZOEFIBB3VYW3ZR2THSLA,CF (ItemKNN),0.0,0.0
AGKXKG4MZOEFIBB3VYW3ZR2THSLA,Content (Avg Emb),0.0,0.0
AGKXKG4MZOEFIBB3VYW3ZR2THSLA,Last-Item,0.25,0.0
AGKXKG4MZOEFIBB3VYW3ZR2THSLA,Avg-Last-10,0.0,0.0
AGKXKG4MZOEFIBB3VYW3ZR2THSLA,Recency-Weighted,0.0,0.0
AGKXKG4MZOEFIBB3VYW3ZR2THSLA,Essence (K=10),0.0,0.0
AGL4FUN42XCQMA62DY5OF2FIMUCA,Random,0.0,
AGL4FUN42XCQMA62DY5OF2FIMUCA,Popularity,0.0,
AGL4FUN42XCQMA62DY5OF2FIMUCA,CF (ItemKNN),0.0,
AGL4FUN42XCQMA62DY5OF2FIMUCA,Content (Avg Emb),0.0,
AGL4FUN42XCQMA62DY5OF2FIMUCA,Last-Item,0.0,
AGL4FUN42XCQMA62DY5OF2FIMUCA,Avg-Last-10,0.0,
AGL4FUN42XCQMA62DY5OF2FIMUCA,Recency-Weighted,0.0,
AGL4FUN42XCQMA62DY5OF2FIMUCA,Essence (K=10),0.0,
AGL6PYLJKVWFCWP2IWNFNQHP2INQ,Random,0.0,0.0
AGL6PYLJKVWFCWP2IWNFNQHP2INQ,Popularity,0.0,0.0
AGL6PYLJKVWFCWP2IWNFNQHP2INQ,CF (ItemKNN),0.0,0.0
AGL6PYLJKVWFCWP2IWNFNQHP2INQ,Content (Avg Emb),0.0,0.0
AGL6PYLJKVWFCWP2IWNFNQHP2INQ,Last-Item,0.0,0.0
AGL6PYLJKVWFCWP2IWNFNQHP2INQ,Avg-Last-10,0.0,0.0
AGL6PYLJKVWFCWP2IWNFNQHP2INQ,Recency-Weighted,0.0,0.0
AGL6PYLJKVWFCWP2IWNFNQHP2INQ,Essence (K=10),0.0,0.0
AGL7WJQ7CT6CYRC36DFLD7G4W6FQ,Random,0.0,0.0
AGL7WJQ7CT6CYRC36DFLD7G4W6FQ,Popularity,0.0,0.0
AGL7WJQ7CT6CYRC36DFLD7G4W6FQ,CF (ItemKNN),0.0,0.0
AGL7WJQ7CT6CYRC36DFLD7G4W6FQ,Content (Avg Emb),0.0,0.0
AGL7WJQ7CT6CYRC36DFLD7G4W6FQ,Last-Item,0.0,0.0
AGL7WJQ7CT6CYRC36DFLD7G4W6FQ,Avg-Last-10,0.0,0.0
AGL7WJQ7CT6CYRC36DFLD7G4W6FQ,Recency-Weighted,0.0,0.0
AGL7WJQ7CT6CYRC36DFLD7G4W6FQ,Essence (K=10),0.0,0.0
AGL7ZPXBFQW4G2XPIQMUDA3Z3TQA,Random,0.0,0.0
AGL7ZPXBFQW4G2XPIQMUDA3Z3TQA,Popularity,0.0,0.0
AGL7ZPXBFQW4G2XPIQMUDA3Z3TQA,CF (ItemKNN),0.0,0.0
AGL7ZPXBFQW4G2XPIQMUDA3Z3TQA,Content (Avg Emb),0.0,0.0
AGL7ZPXBFQW4G2XPIQMUDA3Z3TQA,Last-Item,0.16666666666666666,0.0
AGL7ZPXBFQW4G2XPIQMUDA3Z3TQA,Avg-Last-10,0.0,0.0
AGL7ZPXBFQW4G2XPIQMUDA3Z3TQA,Recency-Weighted,0.0,0.0
AGL7ZPXBFQW4G2XPIQMUDA3Z3TQA,Essence (K=10),0.0,0.0
AGLA52UYUHZN7ZLM3P266ETNXSQA,Random,0.0,0.0
AGLA52UYUHZN7ZLM3P266ETNXSQA,Popularity,0.0,0.0
AGLA52UYUHZN7ZLM3P266ETNXSQA,CF (ItemKNN),0.0,0.0
AGLA52UYUHZN7ZLM3P266ETNXSQA,Content (Avg Emb),0.0,0.0
AGLA52UYUHZN7ZLM3P266ETNXSQA,Last-Item,0.0,0.0
AGLA52UYUHZN7ZLM3P266ETNXSQA,Avg-Last-10,0.0,0.0
AGLA52UYUHZN7ZLM3P266ETNXSQA,Recency-Weighted,0.0,0.0
AGLA52UYUHZN7ZLM3P266ETNXSQA,Essence (K=10),0.0,0.0
AGLEM3QBRJNREAL7VKMWGTAZDG3A,Random,0.0,
AGLEM3QBRJNREAL7VKMWGTAZDG3A,Popularity,0.0,
AGLEM3QBRJNREAL7VKMWGTAZDG3A,CF (ItemKNN),0.0,
AGLEM3QBRJNREAL7VKMWGTAZDG3A,Content (Avg Emb),0.0,
AGLEM3QBRJNREAL7VKMWGTAZDG3A,Last-Item,0.0,
AGLEM3QBRJNREAL7VKMWGTAZDG3A,Avg-Last-10,0.0,
AGLEM3QBRJNREAL7VKMWGTAZDG3A,Recency-Weighted,0.0,
AGLEM3QBRJNREAL7VKMWGTAZDG3A,Essence (K=10),0.0,
AGLG2HV3YXNTBXA6JOMXFRT7BJPA,Random,0.0,0.0
AGLG2HV3YXNTBXA6JOMXFRT7BJPA,Popularity,0.0,0.0
AGLG2HV3YXNTBXA6JOMXFRT7BJPA,CF (ItemKNN),0.0,0.0
AGLG2HV3YXNTBXA6JOMXFRT7BJPA,Content (Avg Emb),0.1111111111111111,0.0
AGLG2HV3YXNTBXA6JOMXFRT7BJPA,Last-Item,0.0,0.0
AGLG2HV3YXNTBXA6JOMXFRT7BJPA,Avg-Last-10,0.0,0.0
AGLG2HV3YXNTBXA6JOMXFRT7BJPA,Recency-Weighted,0.0,0.0
AGLG2HV3YXNTBXA6JOMXFRT7BJPA,Essence (K=10),0.1111111111111111,0.0
AGLI4L4NOT7OKEYM76T6O42IICVA,Random,0.0,
AGLI4L4NOT7OKEYM76T6O42IICVA,Popularity,0.0,
AGLI4L4NOT7OKEYM76T6O42IICVA,CF (ItemKNN),0.08333333333333333,
AGLI4L4NOT7OKEYM76T6O42IICVA,Content (Avg Emb),0.0,
AGLI4L4NOT7OKEYM76T6O42IICVA,Last-Item,0.0,
AGLI4L4NOT7OKEYM76T6O42IICVA,Avg-Last-10,0.0,
AGLI4L4NOT7OKEYM76T6O42IICVA,Recency-Weighted,0.0,
AGLI4L4NOT7OKEYM76T6O42IICVA,Essence (K=10),0.0,
AGLKLJPPATQQ5LV74YB7MGBIFOPA,Random,0.0,0.0
AGLKLJPPATQQ5LV74YB7MGBIFOPA,Popularity,0.0,0.0
AGLKLJPPATQQ5LV74YB7MGBIFOPA,CF (ItemKNN),0.0,0.0
AGLKLJPPATQQ5LV74YB7MGBIFOPA,Content (Avg Emb),0.0,0.0
AGLKLJPPATQQ5LV74YB7MGBIFOPA,Last-Item,0.0,0.0
AGLKLJPPATQQ5LV74YB7MGBIFOPA,Avg-Last-10,0.0,0.0
AGLKLJPPATQQ5LV74YB7MGBIFOPA,Recency-Weighted,0.0,0.0
AGLKLJPPATQQ5LV74YB7MGBIFOPA,Essence (K=10),0.0,0.0
AGLL5O2HLRMOYLYER5ZZIE56N74A,Random,0.0,0.0
AGLL5O2HLRMOYLYER5ZZIE56N74A,Popularity,0.0,0.0
AGLL5O2HLRMOYLYER5ZZIE56N74A,CF (ItemKNN),0.0,0.0
AGLL5O2HLRMOYLYER5ZZIE56N74A,Content (Avg Emb),0.0,0.0
AGLL5O2HLRMOYLYER5ZZIE56N74A,Last-Item,0.0,0.0
AGLL5O2HLRMOYLYER5ZZIE56N74A,Avg-Last-10,0.0,0.0
AGLL5O2HLRMOYLYER5ZZIE56N74A,Recency-Weighted,0.0,0.0
AGLL5O2HLRMOYLYER5ZZIE56N74A,Essence (K=10),0.0,0.0
AGLPERCRFIISQPZAFEMMG5ZMWCIA,Random,0.0,
AGLPERCRFIISQPZAFEMMG5ZMWCIA,Popularity,0.0,
AGLPERCRFIISQPZAFEMMG5ZMWCIA,CF (ItemKNN),0.0,
AGLPERCRFIISQPZAFEMMG5ZMWCIA,Content (Avg Emb),0.0,
AGLPERCRFIISQPZAFEMMG5ZMWCIA,Last-Item,0.0,
AGLPERCRFIISQPZAFEMMG5ZMWCIA,Avg-Last-10,0.0,
AGLPERCRFIISQPZAFEMMG5ZMWCIA,Recency-Weighted,0.0,
AGLPERCRFIISQPZAFEMMG5ZMWCIA,Essence (K=10),0.0,
AGLQC2MDOQTYKORSHU7RGRMZBR5Q,Random,0.0,0.0
AGLQC2MDOQTYKORSHU7RGRMZBR5Q,Popularity,0.0,0.0
AGLQC2MDOQTYKORSHU7RGRMZBR5Q,CF (ItemKNN),0.0,0.0
AGLQC2MDOQTYKORSHU7RGRMZBR5Q,Content (Avg Emb),0.0,0.0
AGLQC2MDOQTYKORSHU7RGRMZBR5Q,Last-Item,0.0,0.0
AGLQC2MDOQTYKORSHU7RGRMZBR5Q,Avg-Last-10,0.0,0.0
AGLQC2MDOQTYKORSHU7RGRMZBR5Q,Recency-Weighted,0.0,0.0
AGLQC2MDOQTYKORSHU7RGRMZBR5Q,Essence (K=10),0.0,0.0
AGLRPERYNIIFJXEWIYJDGI4A2DMQ,Random,0.0,0.0
AGLRPERYNIIFJXEWIYJDGI4A2DMQ,Popularity,0.0,0.0
AGLRPERYNIIFJXEWIYJDGI4A2DMQ,CF (ItemKNN),0.0,0.0
AGLRPERYNIIFJXEWIYJDGI4A2DMQ,Content (Avg Emb),0.0,0.0
AGLRPERYNIIFJXEWIYJDGI4A2DMQ,Last-Item,0.0,0.0
AGLRPERYNIIFJXEWIYJDGI4A2DMQ,Avg-Last-10,0.0,0.0
AGLRPERYNIIFJXEWIYJDGI4A2DMQ,Recency-Weighted,0.0,0.0
AGLRPERYNIIFJXEWIYJDGI4A2DMQ,Essence (K=10),0.0,0.0
AGLTMYT5VVQ44POJW676OZXZT2XA,Random,0.0,
AGLTMYT5VVQ44POJW676OZXZT2XA,Popularity,0.0,
AGLTMYT5VVQ44POJW676OZXZT2XA,CF (ItemKNN),0.0,
AGLTMYT5VVQ44POJW676OZXZT2XA,Content (Avg Emb),0.0,
AGLTMYT5VVQ44POJW676OZXZT2XA,Last-Item,0.0,
AGLTMYT5VVQ44POJW676OZXZT2XA,Avg-Last-10,0.0,
AGLTMYT5VVQ44POJW676OZXZT2XA,Recency-Weighted,0.0,
AGLTMYT5VVQ44POJW676OZXZT2XA,Essence (K=10),0.0,
AGLUVPH2G6GK6EX6AUHBA36SWIDQ,Random,0.0,
AGLUVPH2G6GK6EX6AUHBA36SWIDQ,Popularity,0.0,
AGLUVPH2G6GK6EX6AUHBA36SWIDQ,CF (ItemKNN),0.0,
AGLUVPH2G6GK6EX6AUHBA36SWIDQ,Content (Avg Emb),0.0,
AGLUVPH2G6GK6EX6AUHBA36SWIDQ,Last-Item,0.3333333333333333,
AGLUVPH2G6GK6EX6AUHBA36SWIDQ,Avg-Last-10,0.3333333333333333,
AGLUVPH2G6GK6EX6AUHBA36SWIDQ,Recency-Weighted,0.3333333333333333,
AGLUVPH2G6GK6EX6AUHBA36SWIDQ,Essence (K=10),0.3333333333333333,
AGLZQURCP6E7EEIOWXMNCKWWN7KQ,Random,0.0,0.0
AGLZQURCP6E7EEIOWXMNCKWWN7KQ,Popularity,0.0,0.0
AGLZQURCP6E7EEIOWXMNCKWWN7KQ,CF (ItemKNN),0.0,0.0
AGLZQURCP6E7EEIOWXMNCKWWN7KQ,Content (Avg Emb),0.0,0.0
AGLZQURCP6E7EEIOWXMNCKWWN7KQ,Last-Item,0.0,0.0
AGLZQURCP6E7EEIOWXMNCKWWN7KQ,Avg-Last-10,0.0,0.0
AGLZQURCP6E7EEIOWXMNCKWWN7KQ,Recency-Weighted,0.0,0.0
AGLZQURCP6E7EEIOWXMNCKWWN7KQ,Essence (K=10),0.0,0.0
AGM4YAEGMUSVU2JSLHPZIBE55GFA,Random,0.0,
AGM4YAEGMUSVU2JSLHPZIBE55GFA,Popularity,0.0,
AGM4YAEGMUSVU2JSLHPZIBE55GFA,CF (ItemKNN),0.0,
AGM4YAEGMUSVU2JSLHPZIBE55GFA,Content (Avg Emb),0.0,
AGM4YAEGMUSVU2JSLHPZIBE55GFA,Last-Item,0.0,
AGM4YAEGMUSVU2JSLHPZIBE55GFA,Avg-Last-10,0.0,
AGM4YAEGMUSVU2JSLHPZIBE55GFA,Recency-Weighted,0.0,
AGM4YAEGMUSVU2JSLHPZIBE55GFA,Essence (K=10),0.0,
AGM7MOUSM34YZCSSX2LMS7ULWNTA,Random,0.0,0.0
AGM7MOUSM34YZCSSX2LMS7ULWNTA,Popularity,0.0,0.0
AGM7MOUSM34YZCSSX2LMS7ULWNTA,CF (ItemKNN),0.2,0.3333333333333333
AGM7MOUSM34YZCSSX2LMS7ULWNTA,Content (Avg Emb),0.0,0.0
AGM7MOUSM34YZCSSX2LMS7ULWNTA,Last-Item,0.0,0.0
AGM7MOUSM34YZCSSX2LMS7ULWNTA,Avg-Last-10,0.0,0.0
AGM7MOUSM34YZCSSX2LMS7ULWNTA,Recency-Weighted,0.0,0.0
AGM7MOUSM34YZCSSX2LMS7ULWNTA,Essence (K=10),0.0,0.0
AGM7NQXRFQGA6GIRX2ZDRNUNNS5A,Random,0.0,
AGM7NQXRFQGA6GIRX2ZDRNUNNS5A,Popularity,0.0,
AGM7NQXRFQGA6GIRX2ZDRNUNNS5A,CF (ItemKNN),0.0,
AGM7NQXRFQGA6GIRX2ZDRNUNNS5A,Content (Avg Emb),0.0,
AGM7NQXRFQGA6GIRX2ZDRNUNNS5A,Last-Item,0.0,
AGM7NQXRFQGA6GIRX2ZDRNUNNS5A,Avg-Last-10,0.0,
AGM7NQXRFQGA6GIRX2ZDRNUNNS5A,Recency-Weighted,0.0,
AGM7NQXRFQGA6GIRX2ZDRNUNNS5A,Essence (K=10),0.0,
AGMBLZDBYWSZJJID3LBM5IPIAZCA,Random,0.0,
AGMBLZDBYWSZJJID3LBM5IPIAZCA,Popularity,0.0,
AGMBLZDBYWSZJJID3LBM5IPIAZCA,CF (ItemKNN),0.0,
AGMBLZDBYWSZJJID3LBM5IPIAZCA,Content (Avg Emb),0.0,
AGMBLZDBYWSZJJID3LBM5IPIAZCA,Last-Item,0.0,
AGMBLZDBYWSZJJID3LBM5IPIAZCA,Avg-Last-10,0.0,
AGMBLZDBYWSZJJID3LBM5IPIAZCA,Recency-Weighted,0.0,
AGMBLZDBYWSZJJID3LBM5IPIAZCA,Essence (K=10),0.0,
AGMBWCUJ3QT5GKGLNOTJ4HRWQGXA,Random,0.0,0.0
AGMBWCUJ3QT5GKGLNOTJ4HRWQGXA,Popularity,0.0,0.0
AGMBWCUJ3QT5GKGLNOTJ4HRWQGXA,CF (ItemKNN),0.0,0.0
AGMBWCUJ3QT5GKGLNOTJ4HRWQGXA,Content (Avg Emb),0.0,0.0
AGMBWCUJ3QT5GKGLNOTJ4HRWQGXA,Last-Item,0.0,0.0
AGMBWCUJ3QT5GKGLNOTJ4HRWQGXA,Avg-Last-10,0.0,0.0
AGMBWCUJ3QT5GKGLNOTJ4HRWQGXA,Recency-Weighted,0.0,0.0
AGMBWCUJ3QT5GKGLNOTJ4HRWQGXA,Essence (K=10),0.0,0.0
AGMDLWEXHZTURYNVYSZ3SSNA6ZCA,Random,0.0,
AGMDLWEXHZTURYNVYSZ3SSNA6ZCA,Popularity,0.0,
AGMDLWEXHZTURYNVYSZ3SSNA6ZCA,CF (ItemKNN),0.0,
AGMDLWEXHZTURYNVYSZ3SSNA6ZCA,Content (Avg Emb),0.0,
AGMDLWEXHZTURYNVYSZ3SSNA6ZCA,Last-Item,0.0,
AGMDLWEXHZTURYNVYSZ3SSNA6ZCA,Avg-Last-10,0.0,
AGMDLWEXHZTURYNVYSZ3SSNA6ZCA,Recency-Weighted,0.0,
AGMDLWEXHZTURYNVYSZ3SSNA6ZCA,Essence (K=10),0.0,
AGMHCWXV3JJ6C7CNTCQXJRSJQYIQ,Random,0.0,0.0
AGMHCWXV3JJ6C7CNTCQXJRSJQYIQ,Popularity,0.0,0.0
AGMHCWXV3JJ6C7CNTCQXJRSJQYIQ,CF (ItemKNN),0.0,0.0
AGMHCWXV3JJ6C7CNTCQXJRSJQYIQ,Content (Avg Emb),0.0,0.0
AGMHCWXV3JJ6C7CNTCQXJRSJQYIQ,Last-Item,0.0,0.0
AGMHCWXV3JJ6C7CNTCQXJRSJQYIQ,Avg-Last-10,0.0,0.0
AGMHCWXV3JJ6C7CNTCQXJRSJQYIQ,Recency-Weighted,0.0,0.0
AGMHCWXV3JJ6C7CNTCQXJRSJQYIQ,Essence (K=10),0.0,0.0
AGMMMUFATFA2FOGZ2DMJY6PG3KKQ,Random,0.0,
AGMMMUFATFA2FOGZ2DMJY6PG3KKQ,Popularity,0.0,
AGMMMUFATFA2FOGZ2DMJY6PG3KKQ,CF (ItemKNN),0.0,
AGMMMUFATFA2FOGZ2DMJY6PG3KKQ,Content (Avg Emb),0.0,
AGMMMUFATFA2FOGZ2DMJY6PG3KKQ,Last-Item,0.0,
AGMMMUFATFA2FOGZ2DMJY6PG3KKQ,Avg-Last-10,0.0,
AGMMMUFATFA2FOGZ2DMJY6PG3KKQ,Recency-Weighted,0.0,
AGMMMUFATFA2FOGZ2DMJY6PG3KKQ,Essence (K=10),0.0,
AGMNDFVAL3ROVDTWEPXWCELFLSMQ,Random,0.0,0.0
AGMNDFVAL3ROVDTWEPXWCELFLSMQ,Popularity,0.0,0.0
AGMNDFVAL3ROVDTWEPXWCELFLSMQ,CF (ItemKNN),0.0,0.0
AGMNDFVAL3ROVDTWEPXWCELFLSMQ,Content (Avg Emb),0.0,0.0
AGMNDFVAL3ROVDTWEPXWCELFLSMQ,Last-Item,0.0,0.0
AGMNDFVAL3ROVDTWEPXWCELFLSMQ,Avg-Last-10,0.0,0.0
AGMNDFVAL3ROVDTWEPXWCELFLSMQ,Recency-Weighted,0.0,0.0
AGMNDFVAL3ROVDTWEPXWCELFLSMQ,Essence (K=10),0.0,0.0
AGMO6A4IZTD75XMINDMBKGYN52EQ,Random,0.0,0.0
AGMO6A4IZTD75XMINDMBKGYN52EQ,Popularity,0.0,0.0
AGMO6A4IZTD75XMINDMBKGYN52EQ,CF (ItemKNN),0.0,0.0
AGMO6A4IZTD75XMINDMBKGYN52EQ,Content (Avg Emb),0.0,0.0
AGMO6A4IZTD75XMINDMBKGYN52EQ,Last-Item,0.0,0.0
AGMO6A4IZTD75XMINDMBKGYN52EQ,Avg-Last-10,0.0,0.0
AGMO6A4IZTD75XMINDMBKGYN52EQ,Recency-Weighted,0.0,0.0
AGMO6A4IZTD75XMINDMBKGYN52EQ,Essence (K=10),0.0,0.0
AGMVGNICOUZNRT5DLGBJQBLQ2FGA,Random,0.0,0.0
AGMVGNICOUZNRT5DLGBJQBLQ2FGA,Popularity,0.0,0.0
AGMVGNICOUZNRT5DLGBJQBLQ2FGA,CF (ItemKNN),0.0,0.0
AGMVGNICOUZNRT5DLGBJQBLQ2FGA,Content (Avg Emb),0.0,0.0
AGMVGNICOUZNRT5DLGBJQBLQ2FGA,Last-Item,0.0,0.0
AGMVGNICOUZNRT5DLGBJQBLQ2FGA,Avg-Last-10,0.0,0.0
AGMVGNICOUZNRT5DLGBJQBLQ2FGA,Recency-Weighted,0.0,0.0
AGMVGNICOUZNRT5DLGBJQBLQ2FGA,Essence (K=10),0.0,0.0
AGMXHFFE7ICTASZACOWLHXKVFDEA,Random,0.0,0.0
AGMXHFFE7ICTASZACOWLHXKVFDEA,Popularity,0.0,0.0
AGMXHFFE7ICTASZACOWLHXKVFDEA,CF (ItemKNN),0.0,0.0
AGMXHFFE7ICTASZACOWLHXKVFDEA,Content (Avg Emb),0.0,0.0
AGMXHFFE7ICTASZACOWLHXKVFDEA,Last-Item,0.0,0.0
AGMXHFFE7ICTASZACOWLHXKVFDEA,Avg-Last-10,0.0,0.0
AGMXHFFE7ICTASZACOWLHXKVFDEA,Recency-Weighted,0.0,0.0
AGMXHFFE7ICTASZACOWLHXKVFDEA,Essence (K=10),0.0,0.0
AGMYK5CSCCJ5MVTBOIPUEZUNMKFA,Random,0.0,0.0
AGMYK5CSCCJ5MVTBOIPUEZUNMKFA,Popularity,0.0,0.0
AGMYK5CSCCJ5MVTBOIPUEZUNMKFA,CF (ItemKNN),0.0,0.0
AGMYK5CSCCJ5MVTBOIPUEZUNMKFA,Content (Avg Emb),0.0,0.0
AGMYK5CSCCJ5MVTBOIPUEZUNMKFA,Last-Item,0.0,0.0
AGMYK5CSCCJ5MVTBOIPUEZUNMKFA,Avg-Last-10,0.0,0.0
AGMYK5CSCCJ5MVTBOIPUEZUNMKFA,Recency-Weighted,0.0,0.0
AGMYK5CSCCJ5MVTBOIPUEZUNMKFA,Essence (K=10),0.0,0.0
AGMYZUAPRUQIZIVQTNK2PVOLP2CQ,Random,0.0,0.0
AGMYZUAPRUQIZIVQTNK2PVOLP2CQ,Popularity,0.0,0.0
AGMYZUAPRUQIZIVQTNK2PVOLP2CQ,CF (ItemKNN),0.0,0.0
AGMYZUAPRUQIZIVQTNK2PVOLP2CQ,Content (Avg Emb),0.0,0.0
AGMYZUAPRUQIZIVQTNK2PVOLP2CQ,Last-Item,0.0,0.0
AGMYZUAPRUQIZIVQTNK2PVOLP2CQ,Avg-Last-10,0.0,0.0
AGMYZUAPRUQIZIVQTNK2PVOLP2CQ,Recency-Weighted,0.0,0.0
AGMYZUAPRUQIZIVQTNK2PVOLP2CQ,Essence (K=10),0.0,0.0
AGMZ54XX2W3FXBPTJYN3RXFSI7MA,Random,0.0,0.0
AGMZ54XX2W3FXBPTJYN3RXFSI7MA,Popularity,0.0,0.0
AGMZ54XX2W3FXBPTJYN3RXFSI7MA,CF (ItemKNN),0.0,0.0
AGMZ54XX2W3FXBPTJYN3RXFSI7MA,Content (Avg Emb),0.0,0.0
AGMZ54XX2W3FXBPTJYN3RXFSI7MA,Last-Item,0.0,0.0
AGMZ54XX2W3FXBPTJYN3RXFSI7MA,Avg-Last-10,0.0,0.0
AGMZ54XX2W3FXBPTJYN3RXFSI7MA,Recency-Weighted,0.0,0.0
AGMZ54XX2W3FXBPTJYN3RXFSI7MA,Essence (K=10),0.0,0.0
AGN4SAKFGIOHKCDRLNJ62BQHSB6A,Random,0.0,
AGN4SAKFGIOHKCDRLNJ62BQHSB6A,Popularity,0.0,
AGN4SAKFGIOHKCDRLNJ62BQHSB6A,CF (ItemKNN),0.0,
AGN4SAKFGIOHKCDRLNJ62BQHSB6A,Content (Avg Emb),0.0,
AGN4SAKFGIOHKCDRLNJ62BQHSB6A,Last-Item,0.16666666666666666,
AGN4SAKFGIOHKCDRLNJ62BQHSB6A,Avg-Last-10,0.16666666666666666,
AGN4SAKFGIOHKCDRLNJ62BQHSB6A,Recency-Weighted,0.16666666666666666,
AGN4SAKFGIOHKCDRLNJ62BQHSB6A,Essence (K=10),0.16666666666666666,
AGND7MRJQYGKXG3IVEVMXNYWD27Q,Random,0.0,
AGND7MRJQYGKXG3IVEVMXNYWD27Q,Popularity,0.0,
AGND7MRJQYGKXG3IVEVMXNYWD27Q,CF (ItemKNN),0.0,
AGND7MRJQYGKXG3IVEVMXNYWD27Q,Content (Avg Emb),0.0,
AGND7MRJQYGKXG3IVEVMXNYWD27Q,Last-Item,0.0,
AGND7MRJQYGKXG3IVEVMXNYWD27Q,Avg-Last-10,0.0,
AGND7MRJQYGKXG3IVEVMXNYWD27Q,Recency-Weighted,0.0,
AGND7MRJQYGKXG3IVEVMXNYWD27Q,Essence (K=10),0.0,
AGNDBRXHS6TYSZWMDAYNWSEX4Z5A,Random,0.0,0.0
AGNDBRXHS6TYSZWMDAYNWSEX4Z5A,Popularity,0.0,0.0
AGNDBRXHS6TYSZWMDAYNWSEX4Z5A,CF (ItemKNN),0.0,0.0
AGNDBRXHS6TYSZWMDAYNWSEX4Z5A,Content (Avg Emb),0.0,0.0
AGNDBRXHS6TYSZWMDAYNWSEX4Z5A,Last-Item,0.14285714285714285,0.25
AGNDBRXHS6TYSZWMDAYNWSEX4Z5A,Avg-Last-10,0.0,0.0
AGNDBRXHS6TYSZWMDAYNWSEX4Z5A,Recency-Weighted,0.2857142857142857,0.0
AGNDBRXHS6TYSZWMDAYNWSEX4Z5A,Essence (K=10),0.5714285714285714,0.5
AGNECLBFBVWD3FWZC3QRT25XAEMQ,Random,0.0,0.0
AGNECLBFBVWD3FWZC3QRT25XAEMQ,Popularity,0.0,0.0
AGNECLBFBVWD3FWZC3QRT25XAEMQ,CF (ItemKNN),0.0,0.0
AGNECLBFBVWD3FWZC3QRT25XAEMQ,Content (Avg Emb),0.0,0.0
AGNECLBFBVWD3FWZC3QRT25XAEMQ,Last-Item,0.0,0.0
AGNECLBFBVWD3FWZC3QRT25XAEMQ,Avg-Last-10,0.0,0.0
AGNECLBFBVWD3FWZC3QRT25XAEMQ,Recency-Weighted,0.0,0.0
AGNECLBFBVWD3FWZC3QRT25XAEMQ,Essence (K=10),0.0,0.0
AGNJBMQRORPXN7MMSYA25KG34MDA,Random,0.0,0.0
AGNJBMQRORPXN7MMSYA25KG34MDA,Popularity,0.0,0.0
AGNJBMQRORPXN7MMSYA25KG34MDA,CF (ItemKNN),0.0,0.0
AGNJBMQRORPXN7MMSYA25KG34MDA,Content (Avg Emb),0.0,0.0
AGNJBMQRORPXN7MMSYA25KG34MDA,Last-Item,0.0,0.0
AGNJBMQRORPXN7MMSYA25KG34MDA,Avg-Last-10,0.0,0.0
AGNJBMQRORPXN7MMSYA25KG34MDA,Recency-Weighted,0.0,0.0
AGNJBMQRORPXN7MMSYA25KG34MDA,Essence (K=10),0.0,0.0
AGNLUZOPRUDLCSNLEOUZT5TWNXRA,Random,0.0,0.0
AGNLUZOPRUDLCSNLEOUZT5TWNXRA,Popularity,0.0,0.0
AGNLUZOPRUDLCSNLEOUZT5TWNXRA,CF (ItemKNN),0.0,0.0
AGNLUZOPRUDLCSNLEOUZT5TWNXRA,Content (Avg Emb),0.0,0.0
AGNLUZOPRUDLCSNLEOUZT5TWNXRA,Last-Item,0.0,0.0
AGNLUZOPRUDLCSNLEOUZT5TWNXRA,Avg-Last-10,0.0,0.0
AGNLUZOPRUDLCSNLEOUZT5TWNXRA,Recency-Weighted,0.0,0.0
AGNLUZOPRUDLCSNLEOUZT5TWNXRA,Essence (K=10),0.0,0.0
AGNPSYXMK36ROTAVHPO6ZEQK3V2Q,Random,0.0,
AGNPSYXMK36ROTAVHPO6ZEQK3V2Q,Popularity,0.0,
AGNPSYXMK36ROTAVHPO6ZEQK3V2Q,CF (ItemKNN),0.0,
AGNPSYXMK36ROTAVHPO6ZEQK3V2Q,Content (Avg Emb),0.0,
AGNPSYXMK36ROTAVHPO6ZEQK3V2Q,Last-Item,0.0,
AGNPSYXMK36ROTAVHPO6ZEQK3V2Q,Avg-Last-10,0.0,
AGNPSYXMK36ROTAVHPO6ZEQK3V2Q,Recency-Weighted,0.0,
AGNPSYXMK36ROTAVHPO6ZEQK3V2Q,Essence (K=10),0.0,
AGNQ7SO6QWD6N2XDHPXGEWH5GYZA,Random,0.0,0.0
AGNQ7SO6QWD6N2XDHPXGEWH5GYZA,Popularity,0.0,0.0
AGNQ7SO6QWD6N2XDHPXGEWH5GYZA,CF (ItemKNN),0.125,0.3333333333333333
AGNQ7SO6QWD6N2XDHPXGEWH5GYZA,Content (Avg Emb),0.0,0.0
AGNQ7SO6QWD6N2XDHPXGEWH5GYZA,Last-Item,0.0,0.0
AGNQ7SO6QWD6N2XDHPXGEWH5GYZA,Avg-Last-10,0.0,0.0
AGNQ7SO6QWD6N2XDHPXGEWH5GYZA,Recency-Weighted,0.0,0.0
AGNQ7SO6QWD6N2XDHPXGEWH5GYZA,Essence (K=10),0.0,0.0
AGNQFN4MPYH66IXB3ZFW7G2BQ6LA,Random,0.0,0.0
AGNQFN4MPYH66IXB3ZFW7G2BQ6LA,Popularity,0.0,0.0
AGNQFN4MPYH66IXB3ZFW7G2BQ6LA,CF (ItemKNN),0.0,0.0
AGNQFN4MPYH66IXB3ZFW7G2BQ6LA,Content (Avg Emb),0.0,0.0
AGNQFN4MPYH66IXB3ZFW7G2BQ6LA,Last-Item,0.0,0.0
AGNQFN4MPYH66IXB3ZFW7G2BQ6LA,Avg-Last-10,0.0,0.0
AGNQFN4MPYH66IXB3ZFW7G2BQ6LA,Recency-Weighted,0.0,0.0
AGNQFN4MPYH66IXB3ZFW7G2BQ6LA,Essence (K=10),0.0,0.0
AGNRBD2YSJJZN3BBM5RP2MRP7JGQ,Random,0.0,0.0
AGNRBD2YSJJZN3BBM5RP2MRP7JGQ,Popularity,0.0,0.0
AGNRBD2YSJJZN3BBM5RP2MRP7JGQ,CF (ItemKNN),0.0,0.0
AGNRBD2YSJJZN3BBM5RP2MRP7JGQ,Content (Avg Emb),0.0,0.0
AGNRBD2YSJJZN3BBM5RP2MRP7JGQ,Last-Item,0.0,0.0
AGNRBD2YSJJZN3BBM5RP2MRP7JGQ,Avg-Last-10,0.0,0.0
AGNRBD2YSJJZN3BBM5RP2MRP7JGQ,Recency-Weighted,0.0,0.0
AGNRBD2YSJJZN3BBM5RP2MRP7JGQ,Essence (K=10),0.0,0.0
AGNSSZYOUBNOPNXLTATEPXIWLFLQ,Random,0.0,
AGNSSZYOUBNOPNXLTATEPXIWLFLQ,Popularity,0.0,
AGNSSZYOUBNOPNXLTATEPXIWLFLQ,CF (ItemKNN),0.0,
AGNSSZYOUBNOPNXLTATEPXIWLFLQ,Content (Avg Emb),0.0,
AGNSSZYOUBNOPNXLTATEPXIWLFLQ,Last-Item,0.0,
AGNSSZYOUBNOPNXLTATEPXIWLFLQ,Avg-Last-10,0.0,
AGNSSZYOUBNOPNXLTATEPXIWLFLQ,Recency-Weighted,0.0,
AGNSSZYOUBNOPNXLTATEPXIWLFLQ,Essence (K=10),0.0,
AGNX7PPKVPW6D3Z4RRSV66RJ5NVQ,Random,0.0,0.0
AGNX7PPKVPW6D3Z4RRSV66RJ5NVQ,Popularity,0.0,0.0
AGNX7PPKVPW6D3Z4RRSV66RJ5NVQ,CF (ItemKNN),0.0,0.0
AGNX7PPKVPW6D3Z4RRSV66RJ5NVQ,Content (Avg Emb),0.0,0.0
AGNX7PPKVPW6D3Z4RRSV66RJ5NVQ,Last-Item,0.0,0.0
AGNX7PPKVPW6D3Z4RRSV66RJ5NVQ,Avg-Last-10,0.0,0.0
AGNX7PPKVPW6D3Z4RRSV66RJ5NVQ,Recency-Weighted,0.0,0.0
AGNX7PPKVPW6D3Z4RRSV66RJ5NVQ,Essence (K=10),0.0,0.0
AGO2DQXIDSTOMG265WO75CSXTD7Q,Random,0.0,0.0
AGO2DQXIDSTOMG265WO75CSXTD7Q,Popularity,0.0,0.0
AGO2DQXIDSTOMG265WO75CSXTD7Q,CF (ItemKNN),0.0,0.0
AGO2DQXIDSTOMG265WO75CSXTD7Q,Content (Avg Emb),0.5,0.0
AGO2DQXIDSTOMG265WO75CSXTD7Q,Last-Item,0.0,0.0
AGO2DQXIDSTOMG265WO75CSXTD7Q,Avg-Last-10,0.25,0.0
AGO2DQXIDSTOMG265WO75CSXTD7Q,Recency-Weighted,0.25,0.0
AGO2DQXIDSTOMG265WO75CSXTD7Q,Essence (K=10),0.25,0.0
AGO7X4JXTL4NKZPUJZN5SOR7N3TQ,Random,0.0,
AGO7X4JXTL4NKZPUJZN5SOR7N3TQ,Popularity,0.0,
AGO7X4JXTL4NKZPUJZN5SOR7N3TQ,CF (ItemKNN),0.0,
AGO7X4JXTL4NKZPUJZN5SOR7N3TQ,Content (Avg Emb),0.0,
AGO7X4JXTL4NKZPUJZN5SOR7N3TQ,Last-Item,0.0,
AGO7X4JXTL4NKZPUJZN5SOR7N3TQ,Avg-Last-10,0.0,
AGO7X4JXTL4NKZPUJZN5SOR7N3TQ,Recency-Weighted,0.0,
AGO7X4JXTL4NKZPUJZN5SOR7N3TQ,Essence (K=10),0.0,
AGOA2HIADEEE26AL3IP74R6U2IHQ,Random,0.0,
AGOA2HIADEEE26AL3IP74R6U2IHQ,Popularity,0.0,
AGOA2HIADEEE26AL3IP74R6U2IHQ,CF (ItemKNN),0.14285714285714285,
AGOA2HIADEEE26AL3IP74R6U2IHQ,Content (Avg Emb),0.0,
AGOA2HIADEEE26AL3IP74R6U2IHQ,Last-Item,0.0,
AGOA2HIADEEE26AL3IP74R6U2IHQ,Avg-Last-10,0.0,
AGOA2HIADEEE26AL3IP74R6U2IHQ,Recency-Weighted,0.0,
AGOA2HIADEEE26AL3IP74R6U2IHQ,Essence (K=10),0.0,
AGOAIXXDOVZIN7QBNZKV7NYWVV6A,Random,0.0,0.0
AGOAIXXDOVZIN7QBNZKV7NYWVV6A,Popularity,0.0,0.0
AGOAIXXDOVZIN7QBNZKV7NYWVV6A,CF (ItemKNN),0.0,0.0
AGOAIXXDOVZIN7QBNZKV7NYWVV6A,Content (Avg Emb),0.0,0.0
AGOAIXXDOVZIN7QBNZKV7NYWVV6A,Last-Item,0.0,0.0
AGOAIXXDOVZIN7QBNZKV7NYWVV6A,Avg-Last-10,0.0,0.0
AGOAIXXDOVZIN7QBNZKV7NYWVV6A,Recency-Weighted,0.0,0.0
AGOAIXXDOVZIN7QBNZKV7NYWVV6A,Essence (K=10),0.0,0.0
AGOC72SW6MT2UA5FIYNF24NMC4SQ,Random,0.0,
AGOC72SW6MT2UA5FIYNF24NMC4SQ,Popularity,0.0,
AGOC72SW6MT2UA5FIYNF24NMC4SQ,CF (ItemKNN),0.0,
AGOC72SW6MT2UA5FIYNF24NMC4SQ,Content (Avg Emb),0.0,
AGOC72SW6MT2UA5FIYNF24NMC4SQ,Last-Item,0.6,
AGOC72SW6MT2UA5FIYNF24NMC4SQ,Avg-Last-10,0.6,
AGOC72SW6MT2UA5FIYNF24NMC4SQ,Recency-Weighted,0.6,
AGOC72SW6MT2UA5FIYNF24NMC4SQ,Essence (K=10),0.0,
AGOFZDDGIYDIZHTSJ6NHZAPH2J5A,Random,0.0,0.0
AGOFZDDGIYDIZHTSJ6NHZAPH2J5A,Popularity,0.0,0.0
AGOFZDDGIYDIZHTSJ6NHZAPH2J5A,CF (ItemKNN),0.0,0.0
AGOFZDDGIYDIZHTSJ6NHZAPH2J5A,Content (Avg Emb),0.0,0.0
AGOFZDDGIYDIZHTSJ6NHZAPH2J5A,Last-Item,0.0,0.0
AGOFZDDGIYDIZHTSJ6NHZAPH2J5A,Avg-Last-10,0.0,0.0
AGOFZDDGIYDIZHTSJ6NHZAPH2J5A,Recency-Weighted,0.0,0.0
AGOFZDDGIYDIZHTSJ6NHZAPH2J5A,Essence (K=10),0.0,0.0
AGOG6WYMIO25QFC4JCKTBTIF33BQ,Random,0.0,0.0
AGOG6WYMIO25QFC4JCKTBTIF33BQ,Popularity,0.0,0.0
AGOG6WYMIO25QFC4JCKTBTIF33BQ,CF (ItemKNN),0.0,0.0
AGOG6WYMIO25QFC4JCKTBTIF33BQ,Content (Avg Emb),0.0,0.0
AGOG6WYMIO25QFC4JCKTBTIF33BQ,Last-Item,0.0,0.0
AGOG6WYMIO25QFC4JCKTBTIF33BQ,Avg-Last-10,0.0,0.0
AGOG6WYMIO25QFC4JCKTBTIF33BQ,Recency-Weighted,0.0,0.0
AGOG6WYMIO25QFC4JCKTBTIF33BQ,Essence (K=10),0.0,0.0
AGOI2KTVDNOHLHCCKOCYL44NR2WQ,Random,0.0,0.0
AGOI2KTVDNOHLHCCKOCYL44NR2WQ,Popularity,0.0,0.0
AGOI2KTVDNOHLHCCKOCYL44NR2WQ,CF (ItemKNN),0.0,0.0
AGOI2KTVDNOHLHCCKOCYL44NR2WQ,Content (Avg Emb),0.0,0.0
AGOI2KTVDNOHLHCCKOCYL44NR2WQ,Last-Item,0.0,0.0
AGOI2KTVDNOHLHCCKOCYL44NR2WQ,Avg-Last-10,0.0,0.0
AGOI2KTVDNOHLHCCKOCYL44NR2WQ,Recency-Weighted,0.0,0.0
AGOI2KTVDNOHLHCCKOCYL44NR2WQ,Essence (K=10),0.0,0.0
AGOJOFX7QT5EKLKFKICTCYUCNSTQ,Random,0.0,0.0
AGOJOFX7QT5EKLKFKICTCYUCNSTQ,Popularity,0.0,0.0
AGOJOFX7QT5EKLKFKICTCYUCNSTQ,CF (ItemKNN),0.037037037037037035,0.0
AGOJOFX7QT5EKLKFKICTCYUCNSTQ,Content (Avg Emb),0.0,0.0
AGOJOFX7QT5EKLKFKICTCYUCNSTQ,Last-Item,0.2222222222222222,0.3333333333333333
AGOJOFX7QT5EKLKFKICTCYUCNSTQ,Avg-Last-10,0.0,0.0
AGOJOFX7QT5EKLKFKICTCYUCNSTQ,Recency-Weighted,0.07407407407407407,0.0
AGOJOFX7QT5EKLKFKICTCYUCNSTQ,Essence (K=10),0.0,0.0
AGOQGO6HQWIHV2XWEYFIYRMG2X4A,Random,0.0,0.0
AGOQGO6HQWIHV2XWEYFIYRMG2X4A,Popularity,0.0,0.0
AGOQGO6HQWIHV2XWEYFIYRMG2X4A,CF (ItemKNN),0.0,0.0
AGOQGO6HQWIHV2XWEYFIYRMG2X4A,Content (Avg Emb),0.0,0.0
AGOQGO6HQWIHV2XWEYFIYRMG2X4A,Last-Item,0.0,0.0
AGOQGO6HQWIHV2XWEYFIYRMG2X4A,Avg-Last-10,0.0,0.0
AGOQGO6HQWIHV2XWEYFIYRMG2X4A,Recency-Weighted,0.0,0.0
AGOQGO6HQWIHV2XWEYFIYRMG2X4A,Essence (K=10),0.0,0.0
AGOTSGE7ZDSUSY72MTABMR5OGFNQ,Random,0.0,0.0
AGOTSGE7ZDSUSY72MTABMR5OGFNQ,Popularity,0.0,0.0
AGOTSGE7ZDSUSY72MTABMR5OGFNQ,CF (ItemKNN),0.0,0.0
AGOTSGE7ZDSUSY72MTABMR5OGFNQ,Content (Avg Emb),0.0,0.0
AGOTSGE7ZDSUSY72MTABMR5OGFNQ,Last-Item,0.25,0.0
AGOTSGE7ZDSUSY72MTABMR5OGFNQ,Avg-Last-10,0.0,0.0
AGOTSGE7ZDSUSY72MTABMR5OGFNQ,Recency-Weighted,0.0,0.0
AGOTSGE7ZDSUSY72MTABMR5OGFNQ,Essence (K=10),0.0,0.0
AGOVYIK55X6LH23OSQRPTQERYLIA,Random,0.0,
AGOVYIK55X6LH23OSQRPTQERYLIA,Popularity,0.0,
AGOVYIK55X6LH23OSQRPTQERYLIA,CF (ItemKNN),0.0,
AGOVYIK55X6LH23OSQRPTQERYLIA,Content (Avg Emb),0.0,
AGOVYIK55X6LH23OSQRPTQERYLIA,Last-Item,0.0,
AGOVYIK55X6LH23OSQRPTQERYLIA,Avg-Last-10,0.0,
AGOVYIK55X6LH23OSQRPTQERYLIA,Recency-Weighted,0.0,
AGOVYIK55X6LH23OSQRPTQERYLIA,Essence (K=10),0.0,
AGOXLQYHCEKKJGNEVQ63HJA4Y6YA,Random,0.0,
AGOXLQYHCEKKJGNEVQ63HJA4Y6YA,Popularity,0.0,
AGOXLQYHCEKKJGNEVQ63HJA4Y6YA,CF (ItemKNN),0.0,
AGOXLQYHCEKKJGNEVQ63HJA4Y6YA,Content (Avg Emb),0.0,
AGOXLQYHCEKKJGNEVQ63HJA4Y6YA,Last-Item,0.0,
AGOXLQYHCEKKJGNEVQ63HJA4Y6YA,Avg-Last-10,0.0,
AGOXLQYHCEKKJGNEVQ63HJA4Y6YA,Recency-Weighted,0.0,
AGOXLQYHCEKKJGNEVQ63HJA4Y6YA,Essence (K=10),0.0,
AGP2LIJFAG7QON7IESIYC2DPE3QQ,Random,0.0,
AGP2LIJFAG7QON7IESIYC2DPE3QQ,Popularity,0.0,
AGP2LIJFAG7QON7IESIYC2DPE3QQ,CF (ItemKNN),0.0,
AGP2LIJFAG7QON7IESIYC2DPE3QQ,Content (Avg Emb),0.4,
AGP2LIJFAG7QON7IESIYC2DPE3QQ,Last-Item,0.4,
AGP2LIJFAG7QON7IESIYC2DPE3QQ,Avg-Last-10,0.4,
AGP2LIJFAG7QON7IESIYC2DPE3QQ,Recency-Weighted,0.4,
AGP2LIJFAG7QON7IESIYC2DPE3QQ,Essence (K=10),0.0,
AGP2NHCPH6RDLCY3TQQRV7GFYKBA,Random,0.0,
AGP2NHCPH6RDLCY3TQQRV7GFYKBA,Popularity,0.0,
AGP2NHCPH6RDLCY3TQQRV7GFYKBA,CF (ItemKNN),0.0,
AGP2NHCPH6RDLCY3TQQRV7GFYKBA,Content (Avg Emb),0.0,
AGP2NHCPH6RDLCY3TQQRV7GFYKBA,Last-Item,0.0,
AGP2NHCPH6RDLCY3TQQRV7GFYKBA,Avg-Last-10,0.0,
AGP2NHCPH6RDLCY3TQQRV7GFYKBA,Recency-Weighted,0.0,
AGP2NHCPH6RDLCY3TQQRV7GFYKBA,Essence (K=10),0.0,
AGP2OIGTPHN7XLIXUMNIVOLP2MFA,Random,0.0,0.0
AGP2OIGTPHN7XLIXUMNIVOLP2MFA,Popularity,0.0,0.0
AGP2OIGTPHN7XLIXUMNIVOLP2MFA,CF (ItemKNN),0.0,0.0
AGP2OIGTPHN7XLIXUMNIVOLP2MFA,Content (Avg Emb),0.0,0.0
AGP2OIGTPHN7XLIXUMNIVOLP2MFA,Last-Item,0.0,0.0
AGP2OIGTPHN7XLIXUMNIVOLP2MFA,Avg-Last-10,0.14285714285714285,1.0
AGP2OIGTPHN7XLIXUMNIVOLP2MFA,Recency-Weighted,0.14285714285714285,1.0
AGP2OIGTPHN7XLIXUMNIVOLP2MFA,Essence (K=10),0.0,0.0
AGP2UC2NAGJIPTQP2LTLC6R3O7PQ,Random,0.0,0.0
AGP2UC2NAGJIPTQP2LTLC6R3O7PQ,Popularity,0.0,0.0
AGP2UC2NAGJIPTQP2LTLC6R3O7PQ,CF (ItemKNN),0.0,0.0
AGP2UC2NAGJIPTQP2LTLC6R3O7PQ,Content (Avg Emb),0.0,0.0
AGP2UC2NAGJIPTQP2LTLC6R3O7PQ,Last-Item,0.0,0.0
AGP2UC2NAGJIPTQP2LTLC6R3O7PQ,Avg-Last-10,0.0,0.0
AGP2UC2NAGJIPTQP2LTLC6R3O7PQ,Recency-Weighted,0.0,0.0
AGP2UC2NAGJIPTQP2LTLC6R3O7PQ,Essence (K=10),0.0,0.0
AGP6Q5AKCFRVW432C6EMC7UHAVVA,Random,0.0,
AGP6Q5AKCFRVW432C6EMC7UHAVVA,Popularity,0.0,
AGP6Q5AKCFRVW432C6EMC7UHAVVA,CF (ItemKNN),0.0,
AGP6Q5AKCFRVW432C6EMC7UHAVVA,Content (Avg Emb),0.0,
AGP6Q5AKCFRVW432C6EMC7UHAVVA,Last-Item,0.0,
AGP6Q5AKCFRVW432C6EMC7UHAVVA,Avg-Last-10,0.0,
AGP6Q5AKCFRVW432C6EMC7UHAVVA,Recency-Weighted,0.0,
AGP6Q5AKCFRVW432C6EMC7UHAVVA,Essence (K=10),0.0,
AGPABAPZIMSA3WMHWO6CK26QPRDQ,Random,0.0,0.0
AGPABAPZIMSA3WMHWO6CK26QPRDQ,Popularity,0.0,0.0
AGPABAPZIMSA3WMHWO6CK26QPRDQ,CF (ItemKNN),0.0,0.0
AGPABAPZIMSA3WMHWO6CK26QPRDQ,Content (Avg Emb),0.0,0.0
AGPABAPZIMSA3WMHWO6CK26QPRDQ,Last-Item,0.0,0.0
AGPABAPZIMSA3WMHWO6CK26QPRDQ,Avg-Last-10,0.0,0.0
AGPABAPZIMSA3WMHWO6CK26QPRDQ,Recency-Weighted,0.0,0.0
AGPABAPZIMSA3WMHWO6CK26QPRDQ,Essence (K=10),0.0,0.0
AGPBDBUGFCIGKOMZ4A63YYNUY7RA,Random,0.0,
AGPBDBUGFCIGKOMZ4A63YYNUY7RA,Popularity,0.0,
AGPBDBUGFCIGKOMZ4A63YYNUY7RA,CF (ItemKNN),0.0,
AGPBDBUGFCIGKOMZ4A63YYNUY7RA,Content (Avg Emb),0.0,
AGPBDBUGFCIGKOMZ4A63YYNUY7RA,Last-Item,0.0,
AGPBDBUGFCIGKOMZ4A63YYNUY7RA,Avg-Last-10,0.0,
AGPBDBUGFCIGKOMZ4A63YYNUY7RA,Recency-Weighted,0.0,
AGPBDBUGFCIGKOMZ4A63YYNUY7RA,Essence (K=10),0.0,
AGPCEUUKY7OJ4RA56QKUU5ZU4EGQ,Random,0.0,0.0
AGPCEUUKY7OJ4RA56QKUU5ZU4EGQ,Popularity,0.0,0.0
AGPCEUUKY7OJ4RA56QKUU5ZU4EGQ,CF (ItemKNN),0.0,0.0
AGPCEUUKY7OJ4RA56QKUU5ZU4EGQ,Content (Avg Emb),0.0,0.0
AGPCEUUKY7OJ4RA56QKUU5ZU4EGQ,Last-Item,0.0,0.0
AGPCEUUKY7OJ4RA56QKUU5ZU4EGQ,Avg-Last-10,0.0,0.0
AGPCEUUKY7OJ4RA56QKUU5ZU4EGQ,Recency-Weighted,0.0,0.0
AGPCEUUKY7OJ4RA56QKUU5ZU4EGQ,Essence (K=10),0.0,0.0
AGPEURLJKUC4JPUHWGX3K35P5JBQ,Random,0.0,
AGPEURLJKUC4JPUHWGX3K35P5JBQ,Popularity,0.0,
AGPEURLJKUC4JPUHWGX3K35P5JBQ,CF (ItemKNN),0.0,
AGPEURLJKUC4JPUHWGX3K35P5JBQ,Content (Avg Emb),0.0,
AGPEURLJKUC4JPUHWGX3K35P5JBQ,Last-Item,0.0,
AGPEURLJKUC4JPUHWGX3K35P5JBQ,Avg-Last-10,0.0,
AGPEURLJKUC4JPUHWGX3K35P5JBQ,Recency-Weighted,0.0,
AGPEURLJKUC4JPUHWGX3K35P5JBQ,Essence (K=10),0.0,
AGPS3WIBU2HO5EGTFSLE5QHOQYWQ,Random,0.0,0.0
AGPS3WIBU2HO5EGTFSLE5QHOQYWQ,Popularity,0.0,0.0
AGPS3WIBU2HO5EGTFSLE5QHOQYWQ,CF (ItemKNN),0.0,0.0
AGPS3WIBU2HO5EGTFSLE5QHOQYWQ,Content (Avg Emb),0.0,0.0
AGPS3WIBU2HO5EGTFSLE5QHOQYWQ,Last-Item,0.0,0.0
AGPS3WIBU2HO5EGTFSLE5QHOQYWQ,Avg-Last-10,0.0,0.0
AGPS3WIBU2HO5EGTFSLE5QHOQYWQ,Recency-Weighted,0.0,0.0
AGPS3WIBU2HO5EGTFSLE5QHOQYWQ,Essence (K=10),0.0,0.0
AGPTXAG2GKMMFHICGIL5FW5LLYXA,Random,0.0,
AGPTXAG2GKMMFHICGIL5FW5LLYXA,Popularity,0.0,
AGPTXAG2GKMMFHICGIL5FW5LLYXA,CF (ItemKNN),0.0,
AGPTXAG2GKMMFHICGIL5FW5LLYXA,Content (Avg Emb),0.0,
AGPTXAG2GKMMFHICGIL5FW5LLYXA,Last-Item,0.0,
AGPTXAG2GKMMFHICGIL5FW5LLYXA,Avg-Last-10,0.0,
AGPTXAG2GKMMFHICGIL5FW5LLYXA,Recency-Weighted,0.0,
AGPTXAG2GKMMFHICGIL5FW5LLYXA,Essence (K=10),0.0,
AGPUMX7POHL7UVAIK3MR2225OWBA,Random,0.0,0.0
AGPUMX7POHL7UVAIK3MR2225OWBA,Popularity,0.0,0.0
AGPUMX7POHL7UVAIK3MR2225OWBA,CF (ItemKNN),0.0,0.0
AGPUMX7POHL7UVAIK3MR2225OWBA,Content (Avg Emb),0.0,0.0
AGPUMX7POHL7UVAIK3MR2225OWBA,Last-Item,0.0,0.0
AGPUMX7POHL7UVAIK3MR2225OWBA,Avg-Last-10,0.0,0.0
AGPUMX7POHL7UVAIK3MR2225OWBA,Recency-Weighted,0.0,0.0
AGPUMX7POHL7UVAIK3MR2225OWBA,Essence (K=10),0.0,0.0
AGPVQ5Y4CZHCO42QQ7UQTWR735EQ,Random,0.0,0.0
AGPVQ5Y4CZHCO42QQ7UQTWR735EQ,Popularity,0.0,0.0
AGPVQ5Y4CZHCO42QQ7UQTWR735EQ,CF (ItemKNN),0.0,0.0
AGPVQ5Y4CZHCO42QQ7UQTWR735EQ,Content (Avg Emb),0.0,0.0
AGPVQ5Y4CZHCO42QQ7UQTWR735EQ,Last-Item,0.0,0.0
AGPVQ5Y4CZHCO42QQ7UQTWR735EQ,Avg-Last-10,0.0,0.0
AGPVQ5Y4CZHCO42QQ7UQTWR735EQ,Recency-Weighted,0.0,0.0
AGPVQ5Y4CZHCO42QQ7UQTWR735EQ,Essence (K=10),0.0,0.0
AGPY4HXLQIFSSXJ4EH6EZZFFEXTA,Random,0.0,0.0
AGPY4HXLQIFSSXJ4EH6EZZFFEXTA,Popularity,0.0,0.0
AGPY4HXLQIFSSXJ4EH6EZZFFEXTA,CF (ItemKNN),0.0,0.0
AGPY4HXLQIFSSXJ4EH6EZZFFEXTA,Content (Avg Emb),0.0,0.0
AGPY4HXLQIFSSXJ4EH6EZZFFEXTA,Last-Item,0.0,0.0
AGPY4HXLQIFSSXJ4EH6EZZFFEXTA,Avg-Last-10,0.0,0.0
AGPY4HXLQIFSSXJ4EH6EZZFFEXTA,Recency-Weighted,0.0,0.0
AGPY4HXLQIFSSXJ4EH6EZZFFEXTA,Essence (K=10),0.0,0.0
AGQ22JRYUOFBFNWHMDNINUER25OQ,Random,0.0,
AGQ22JRYUOFBFNWHMDNINUER25OQ,Popularity,0.0,
AGQ22JRYUOFBFNWHMDNINUER25OQ,CF (ItemKNN),0.0,
AGQ22JRYUOFBFNWHMDNINUER25OQ,Content (Avg Emb),0.0,
AGQ22JRYUOFBFNWHMDNINUER25OQ,Last-Item,0.0,
AGQ22JRYUOFBFNWHMDNINUER25OQ,Avg-Last-10,0.0,
AGQ22JRYUOFBFNWHMDNINUER25OQ,Recency-Weighted,0.0,
AGQ22JRYUOFBFNWHMDNINUER25OQ,Essence (K=10),0.0,
AGQ22OW2SLPZ7BLA5IAITHPLIPZA,Random,0.0,0.0
AGQ22OW2SLPZ7BLA5IAITHPLIPZA,Popularity,0.0,0.0
AGQ22OW2SLPZ7BLA5IAITHPLIPZA,CF (ItemKNN),0.0,0.0
AGQ22OW2SLPZ7BLA5IAITHPLIPZA,Content (Avg Emb),0.0,0.0
AGQ22OW2SLPZ7BLA5IAITHPLIPZA,Last-Item,0.0,0.0
AGQ22OW2SLPZ7BLA5IAITHPLIPZA,Avg-Last-10,0.0,0.0
AGQ22OW2SLPZ7BLA5IAITHPLIPZA,Recency-Weighted,0.0,0.0
AGQ22OW2SLPZ7BLA5IAITHPLIPZA,Essence (K=10),0.0,0.0
AGQ3HE72HZALBUFFVTHPZ7EYBAEA,Random,0.0,
AGQ3HE72HZALBUFFVTHPZ7EYBAEA,Popularity,0.0,
AGQ3HE72HZALBUFFVTHPZ7EYBAEA,CF (ItemKNN),0.0,
AGQ3HE72HZALBUFFVTHPZ7EYBAEA,Content (Avg Emb),0.0,
AGQ3HE72HZALBUFFVTHPZ7EYBAEA,Last-Item,0.0,
AGQ3HE72HZALBUFFVTHPZ7EYBAEA,Avg-Last-10,0.0,
AGQ3HE72HZALBUFFVTHPZ7EYBAEA,Recency-Weighted,0.0,
AGQ3HE72HZALBUFFVTHPZ7EYBAEA,Essence (K=10),0.0,
AGQ3XISY2FARUIDPJVSPDWED3BXQ,Random,0.0,
AGQ3XISY2FARUIDPJVSPDWED3BXQ,Popularity,0.0,
AGQ3XISY2FARUIDPJVSPDWED3BXQ,CF (ItemKNN),0.0,
AGQ3XISY2FARUIDPJVSPDWED3BXQ,Content (Avg Emb),0.0,
AGQ3XISY2FARUIDPJVSPDWED3BXQ,Last-Item,0.0,
AGQ3XISY2FARUIDPJVSPDWED3BXQ,Avg-Last-10,0.0,
AGQ3XISY2FARUIDPJVSPDWED3BXQ,Recency-Weighted,0.0,
AGQ3XISY2FARUIDPJVSPDWED3BXQ,Essence (K=10),0.0,
AGQ5MQVSATIMDGZ2ZIJV3QUHE5XQ,Random,0.0,0.0
AGQ5MQVSATIMDGZ2ZIJV3QUHE5XQ,Popularity,0.0,0.0
AGQ5MQVSATIMDGZ2ZIJV3QUHE5XQ,CF (ItemKNN),0.0,0.0
AGQ5MQVSATIMDGZ2ZIJV3QUHE5XQ,Content (Avg Emb),0.0,0.0
AGQ5MQVSATIMDGZ2ZIJV3QUHE5XQ,Last-Item,0.0,0.0
AGQ5MQVSATIMDGZ2ZIJV3QUHE5XQ,Avg-Last-10,0.0,0.0
AGQ5MQVSATIMDGZ2ZIJV3QUHE5XQ,Recency-Weighted,0.0,0.0
AGQ5MQVSATIMDGZ2ZIJV3QUHE5XQ,Essence (K=10),0.0,0.0
AGQB2GUY5OVCE3PPM53S2HK7YTJA,Random,0.0,0.0
AGQB2GUY5OVCE3PPM53S2HK7YTJA,Popularity,0.0,0.0
AGQB2GUY5OVCE3PPM53S2HK7YTJA,CF (ItemKNN),0.0,0.0
AGQB2GUY5OVCE3PPM53S2HK7YTJA,Content (Avg Emb),0.0,0.0
AGQB2GUY5OVCE3PPM53S2HK7YTJA,Last-Item,0.0,0.0
AGQB2GUY5OVCE3PPM53S2HK7YTJA,Avg-Last-10,0.0,0.0
AGQB2GUY5OVCE3PPM53S2HK7YTJA,Recency-Weighted,0.0,0.0
AGQB2GUY5OVCE3PPM53S2HK7YTJA,Essence (K=10),0.0,0.0
AGQEO3B3LR7G6E5R4FNMQ4AU2MJQ,Random,0.0,
AGQEO3B3LR7G6E5R4FNMQ4AU2MJQ,Popularity,0.0,
AGQEO3B3LR7G6E5R4FNMQ4AU2MJQ,CF (ItemKNN),0.0,
AGQEO3B3LR7G6E5R4FNMQ4AU2MJQ,Content (Avg Emb),0.0,
AGQEO3B3LR7G6E5R4FNMQ4AU2MJQ,Last-Item,0.0,
AGQEO3B3LR7G6E5R4FNMQ4AU2MJQ,Avg-Last-10,0.0,
AGQEO3B3LR7G6E5R4FNMQ4AU2MJQ,Recency-Weighted,0.0,
AGQEO3B3LR7G6E5R4FNMQ4AU2MJQ,Essence (K=10),0.0,
AGQGUPACPPK4DEYVFAEWS3EMMSDQ,Random,0.0,
AGQGUPACPPK4DEYVFAEWS3EMMSDQ,Popularity,0.0,
AGQGUPACPPK4DEYVFAEWS3EMMSDQ,CF (ItemKNN),0.0,
AGQGUPACPPK4DEYVFAEWS3EMMSDQ,Content (Avg Emb),0.0,
AGQGUPACPPK4DEYVFAEWS3EMMSDQ,Last-Item,0.0,
AGQGUPACPPK4DEYVFAEWS3EMMSDQ,Avg-Last-10,0.0,
AGQGUPACPPK4DEYVFAEWS3EMMSDQ,Recency-Weighted,0.0,
AGQGUPACPPK4DEYVFAEWS3EMMSDQ,Essence (K=10),0.0,
AGQIOPVOBEHS2ELZRGBORDPMCVJA,Random,0.0,0.0
AGQIOPVOBEHS2ELZRGBORDPMCVJA,Popularity,0.0,0.0
AGQIOPVOBEHS2ELZRGBORDPMCVJA,CF (ItemKNN),0.0,0.0
AGQIOPVOBEHS2ELZRGBORDPMCVJA,Content (Avg Emb),0.0,0.0
AGQIOPVOBEHS2ELZRGBORDPMCVJA,Last-Item,0.0,0.0
AGQIOPVOBEHS2ELZRGBORDPMCVJA,Avg-Last-10,0.0,0.0
AGQIOPVOBEHS2ELZRGBORDPMCVJA,Recency-Weighted,0.0,0.0
AGQIOPVOBEHS2ELZRGBORDPMCVJA,Essence (K=10),0.0,0.0
AGQOASHVGLEHAJMQE6N75KHD6LHA,Random,0.0,
AGQOASHVGLEHAJMQE6N75KHD6LHA,Popularity,0.0,
AGQOASHVGLEHAJMQE6N75KHD6LHA,CF (ItemKNN),0.0,
AGQOASHVGLEHAJMQE6N75KHD6LHA,Content (Avg Emb),0.125,
AGQOASHVGLEHAJMQE6N75KHD6LHA,Last-Item,0.0,
AGQOASHVGLEHAJMQE6N75KHD6LHA,Avg-Last-10,0.0,
AGQOASHVGLEHAJMQE6N75KHD6LHA,Recency-Weighted,0.0,
AGQOASHVGLEHAJMQE6N75KHD6LHA,Essence (K=10),0.125,
AGQOVKYEMKQ6CZ5FBKRVF4MKLLLQ,Random,0.0,0.0
AGQOVKYEMKQ6CZ5FBKRVF4MKLLLQ,Popularity,0.0,0.0
AGQOVKYEMKQ6CZ5FBKRVF4MKLLLQ,CF (ItemKNN),0.0,0.0
AGQOVKYEMKQ6CZ5FBKRVF4MKLLLQ,Content (Avg Emb),0.0,0.0
AGQOVKYEMKQ6CZ5FBKRVF4MKLLLQ,Last-Item,0.0,0.0
AGQOVKYEMKQ6CZ5FBKRVF4MKLLLQ,Avg-Last-10,0.0,0.0
AGQOVKYEMKQ6CZ5FBKRVF4MKLLLQ,Recency-Weighted,0.0,0.0
AGQOVKYEMKQ6CZ5FBKRVF4MKLLLQ,Essence (K=10),0.0,0.0
AGQQ7PWJH5Y3XM3S2BWZ64CYF5OA,Random,0.0,0.0
AGQQ7PWJH5Y3XM3S2BWZ64CYF5OA,Popularity,0.0,0.0
AGQQ7PWJH5Y3XM3S2BWZ64CYF5OA,CF (ItemKNN),0.0,0.0
AGQQ7PWJH5Y3XM3S2BWZ64CYF5OA,Content (Avg Emb),0.06896551724137931,0.0
AGQQ7PWJH5Y3XM3S2BWZ64CYF5OA,Last-Item,0.0,0.0
AGQQ7PWJH5Y3XM3S2BWZ64CYF5OA,Avg-Last-10,0.034482758620689655,0.0
AGQQ7PWJH5Y3XM3S2BWZ64CYF5OA,Recency-Weighted,0.034482758620689655,0.0
AGQQ7PWJH5Y3XM3S2BWZ64CYF5OA,Essence (K=10),0.06896551724137931,0.0
AGQRDFU6UVFOBT6V45XT6LBEXCTQ,Random,0.0,
AGQRDFU6UVFOBT6V45XT6LBEXCTQ,Popularity,0.0,
AGQRDFU6UVFOBT6V45XT6LBEXCTQ,CF (ItemKNN),0.0,
AGQRDFU6UVFOBT6V45XT6LBEXCTQ,Content (Avg Emb),0.0,
AGQRDFU6UVFOBT6V45XT6LBEXCTQ,Last-Item,0.0,
AGQRDFU6UVFOBT6V45XT6LBEXCTQ,Avg-Last-10,0.0,
AGQRDFU6UVFOBT6V45XT6LBEXCTQ,Recency-Weighted,0.0,
AGQRDFU6UVFOBT6V45XT6LBEXCTQ,Essence (K=10),0.0,
AGQSFHJAIQ6BJLIVLVJQS3NOIOKA,Random,0.0,0.0
AGQSFHJAIQ6BJLIVLVJQS3NOIOKA,Popularity,0.0,0.0
AGQSFHJAIQ6BJLIVLVJQS3NOIOKA,CF (ItemKNN),0.0,0.0
AGQSFHJAIQ6BJLIVLVJQS3NOIOKA,Content (Avg Emb),0.0,0.0
AGQSFHJAIQ6BJLIVLVJQS3NOIOKA,Last-Item,0.0,0.0
AGQSFHJAIQ6BJLIVLVJQS3NOIOKA,Avg-Last-10,0.0,0.0
AGQSFHJAIQ6BJLIVLVJQS3NOIOKA,Recency-Weighted,0.0,0.0
AGQSFHJAIQ6BJLIVLVJQS3NOIOKA,Essence (K=10),0.0,0.0
AGQSHJJMINADTH6XWTKQBFN54JAQ,Random,0.0,0.0
AGQSHJJMINADTH6XWTKQBFN54JAQ,Popularity,0.0,0.0
AGQSHJJMINADTH6XWTKQBFN54JAQ,CF (ItemKNN),0.0,0.0
AGQSHJJMINADTH6XWTKQBFN54JAQ,Content (Avg Emb),0.0,0.0
AGQSHJJMINADTH6XWTKQBFN54JAQ,Last-Item,0.0,0.0
AGQSHJJMINADTH6XWTKQBFN54JAQ,Avg-Last-10,0.0,0.0
AGQSHJJMINADTH6XWTKQBFN54JAQ,Recency-Weighted,0.0,0.0
AGQSHJJMINADTH6XWTKQBFN54JAQ,Essence (K=10),0.0,0.0
AGQWDHIAN3Y5ZNGTH3J326KLEBNA,Random,0.0,0.0
AGQWDHIAN3Y5ZNGTH3J326KLEBNA,Popularity,0.0,0.0
AGQWDHIAN3Y5ZNGTH3J326KLEBNA,CF (ItemKNN),0.0,0.0
AGQWDHIAN3Y5ZNGTH3J326KLEBNA,Content (Avg Emb),0.0,0.0
AGQWDHIAN3Y5ZNGTH3J326KLEBNA,Last-Item,0.0,0.0
AGQWDHIAN3Y5ZNGTH3J326KLEBNA,Avg-Last-10,0.0,0.0
AGQWDHIAN3Y5ZNGTH3J326KLEBNA,Recency-Weighted,0.0,0.0
AGQWDHIAN3Y5ZNGTH3J326KLEBNA,Essence (K=10),0.0,0.0
AGQYEXFUQB6H5UWEU2GPJXJQ7V5Q,Random,0.0,0.0
AGQYEXFUQB6H5UWEU2GPJXJQ7V5Q,Popularity,0.0,0.0
AGQYEXFUQB6H5UWEU2GPJXJQ7V5Q,CF (ItemKNN),0.0,0.0
AGQYEXFUQB6H5UWEU2GPJXJQ7V5Q,Content (Avg Emb),0.058823529411764705,0.0
AGQYEXFUQB6H5UWEU2GPJXJQ7V5Q,Last-Item,0.0,0.0
AGQYEXFUQB6H5UWEU2GPJXJQ7V5Q,Avg-Last-10,0.0,0.0
AGQYEXFUQB6H5UWEU2GPJXJQ7V5Q,Recency-Weighted,0.0,0.0
AGQYEXFUQB6H5UWEU2GPJXJQ7V5Q,Essence (K=10),0.0,0.0
AGQZH36XXSYTAPSSVNGQ4P4BL23Q,Random,0.0,
AGQZH36XXSYTAPSSVNGQ4P4BL23Q,Popularity,0.0,
AGQZH36XXSYTAPSSVNGQ4P4BL23Q,CF (ItemKNN),0.0,
AGQZH36XXSYTAPSSVNGQ4P4BL23Q,Content (Avg Emb),0.0,
AGQZH36XXSYTAPSSVNGQ4P4BL23Q,Last-Item,0.0,
AGQZH36XXSYTAPSSVNGQ4P4BL23Q,Avg-Last-10,0.0,
AGQZH36XXSYTAPSSVNGQ4P4BL23Q,Recency-Weighted,0.0,
AGQZH36XXSYTAPSSVNGQ4P4BL23Q,Essence (K=10),0.0,
AGR5EZNYTV2MUUM5TBD7Z2VQNLVA,Random,0.0,
AGR5EZNYTV2MUUM5TBD7Z2VQNLVA,Popularity,0.0,
AGR5EZNYTV2MUUM5TBD7Z2VQNLVA,CF (ItemKNN),0.0,
AGR5EZNYTV2MUUM5TBD7Z2VQNLVA,Content (Avg Emb),0.0,
AGR5EZNYTV2MUUM5TBD7Z2VQNLVA,Last-Item,0.0,
AGR5EZNYTV2MUUM5TBD7Z2VQNLVA,Avg-Last-10,0.0,
AGR5EZNYTV2MUUM5TBD7Z2VQNLVA,Recency-Weighted,0.0,
AGR5EZNYTV2MUUM5TBD7Z2VQNLVA,Essence (K=10),0.0,
AGRE74KBYUIHJMNWZ46NVCESLSHQ,Random,0.0,0.0
AGRE74KBYUIHJMNWZ46NVCESLSHQ,Popularity,0.0,0.0
AGRE74KBYUIHJMNWZ46NVCESLSHQ,CF (ItemKNN),0.0,0.0
AGRE74KBYUIHJMNWZ46NVCESLSHQ,Content (Avg Emb),0.0,0.0
AGRE74KBYUIHJMNWZ46NVCESLSHQ,Last-Item,0.0,0.0
AGRE74KBYUIHJMNWZ46NVCESLSHQ,Avg-Last-10,0.0,0.0
AGRE74KBYUIHJMNWZ46NVCESLSHQ,Recency-Weighted,0.0,0.0
AGRE74KBYUIHJMNWZ46NVCESLSHQ,Essence (K=10),0.0,0.0
AGRFBNTBPLO2CB4A6PJBFY4QWUQA,Random,0.0,
AGRFBNTBPLO2CB4A6PJBFY4QWUQA,Popularity,0.0,
AGRFBNTBPLO2CB4A6PJBFY4QWUQA,CF (ItemKNN),0.0,
AGRFBNTBPLO2CB4A6PJBFY4QWUQA,Content (Avg Emb),0.0,
AGRFBNTBPLO2CB4A6PJBFY4QWUQA,Last-Item,0.0,
AGRFBNTBPLO2CB4A6PJBFY4QWUQA,Avg-Last-10,0.0,
AGRFBNTBPLO2CB4A6PJBFY4QWUQA,Recency-Weighted,0.0,
AGRFBNTBPLO2CB4A6PJBFY4QWUQA,Essence (K=10),0.0,
AGRIIIF2WQ7ADENVKY4GWO7Z5TPQ,Random,0.0,
AGRIIIF2WQ7ADENVKY4GWO7Z5TPQ,Popularity,0.0,
AGRIIIF2WQ7ADENVKY4GWO7Z5TPQ,CF (ItemKNN),0.0,
AGRIIIF2WQ7ADENVKY4GWO7Z5TPQ,Content (Avg Emb),0.0,
AGRIIIF2WQ7ADENVKY4GWO7Z5TPQ,Last-Item,0.0,
AGRIIIF2WQ7ADENVKY4GWO7Z5TPQ,Avg-Last-10,0.0,
AGRIIIF2WQ7ADENVKY4GWO7Z5TPQ,Recency-Weighted,0.0,
AGRIIIF2WQ7ADENVKY4GWO7Z5TPQ,Essence (K=10),0.0,
AGRIN2X6IWKRSMMSUWHCQUFFK45A,Random,0.0,0.0
AGRIN2X6IWKRSMMSUWHCQUFFK45A,Popularity,0.0,0.0
AGRIN2X6IWKRSMMSUWHCQUFFK45A,CF (ItemKNN),0.0,0.0
AGRIN2X6IWKRSMMSUWHCQUFFK45A,Content (Avg Emb),0.0,0.0
AGRIN2X6IWKRSMMSUWHCQUFFK45A,Last-Item,0.0,0.0
AGRIN2X6IWKRSMMSUWHCQUFFK45A,Avg-Last-10,0.0,0.0
AGRIN2X6IWKRSMMSUWHCQUFFK45A,Recency-Weighted,0.0,0.0
AGRIN2X6IWKRSMMSUWHCQUFFK45A,Essence (K=10),0.0,0.0
AGROUFA34ORQG3KLELWMHKMFGO4A,Random,0.0,0.0
AGROUFA34ORQG3KLELWMHKMFGO4A,Popularity,0.0,0.0
AGROUFA34ORQG3KLELWMHKMFGO4A,CF (ItemKNN),0.0,0.0
AGROUFA34ORQG3KLELWMHKMFGO4A,Content (Avg Emb),0.0,0.0
AGROUFA34ORQG3KLELWMHKMFGO4A,Last-Item,0.0,0.0
AGROUFA34ORQG3KLELWMHKMFGO4A,Avg-Last-10,0.0,0.0
AGROUFA34ORQG3KLELWMHKMFGO4A,Recency-Weighted,0.0,0.0
AGROUFA34ORQG3KLELWMHKMFGO4A,Essence (K=10),0.0,0.0
AGRUEEYZUWTTUAXMGCMEVWQ5HCOA,Random,0.0,
AGRUEEYZUWTTUAXMGCMEVWQ5HCOA,Popularity,0.0,
AGRUEEYZUWTTUAXMGCMEVWQ5HCOA,CF (ItemKNN),0.0,
AGRUEEYZUWTTUAXMGCMEVWQ5HCOA,Content (Avg Emb),0.0,
AGRUEEYZUWTTUAXMGCMEVWQ5HCOA,Last-Item,0.0,
AGRUEEYZUWTTUAXMGCMEVWQ5HCOA,Avg-Last-10,0.0,
AGRUEEYZUWTTUAXMGCMEVWQ5HCOA,Recency-Weighted,0.0,
AGRUEEYZUWTTUAXMGCMEVWQ5HCOA,Essence (K=10),0.0,
AGRVYK4MSC2AUDQJHT4NSRX7Y6SQ,Random,0.0,
AGRVYK4MSC2AUDQJHT4NSRX7Y6SQ,Popularity,0.0,
AGRVYK4MSC2AUDQJHT4NSRX7Y6SQ,CF (ItemKNN),0.0,
AGRVYK4MSC2AUDQJHT4NSRX7Y6SQ,Content (Avg Emb),0.0,
AGRVYK4MSC2AUDQJHT4NSRX7Y6SQ,Last-Item,0.0,
AGRVYK4MSC2AUDQJHT4NSRX7Y6SQ,Avg-Last-10,0.0,
AGRVYK4MSC2AUDQJHT4NSRX7Y6SQ,Recency-Weighted,0.0,
AGRVYK4MSC2AUDQJHT4NSRX7Y6SQ,Essence (K=10),0.0,
AGRYUS5YZPNBFMWRXZ25KH765HEQ,Random,0.0,
AGRYUS5YZPNBFMWRXZ25KH765HEQ,Popularity,0.0,
AGRYUS5YZPNBFMWRXZ25KH765HEQ,CF (ItemKNN),0.0,
AGRYUS5YZPNBFMWRXZ25KH765HEQ,Content (Avg Emb),0.0,
AGRYUS5YZPNBFMWRXZ25KH765HEQ,Last-Item,0.0,
AGRYUS5YZPNBFMWRXZ25KH765HEQ,Avg-Last-10,0.0,
AGRYUS5YZPNBFMWRXZ25KH765HEQ,Recency-Weighted,0.0,
AGRYUS5YZPNBFMWRXZ25KH765HEQ,Essence (K=10),0.0,
AGRZRXGJETSR46HT4LNIYDXAET6Q,Random,0.0,
AGRZRXGJETSR46HT4LNIYDXAET6Q,Popularity,0.0,
AGRZRXGJETSR46HT4LNIYDXAET6Q,CF (ItemKNN),0.0,
AGRZRXGJETSR46HT4LNIYDXAET6Q,Content (Avg Emb),0.0,
AGRZRXGJETSR46HT4LNIYDXAET6Q,Last-Item,0.0,
AGRZRXGJETSR46HT4LNIYDXAET6Q,Avg-Last-10,0.0,
AGRZRXGJETSR46HT4LNIYDXAET6Q,Recency-Weighted,0.0,
AGRZRXGJETSR46HT4LNIYDXAET6Q,Essence (K=10),0.0,
AGS2AIGKUNVIF53YCYFHHHQFJYWA,Random,0.0,0.0
AGS2AIGKUNVIF53YCYFHHHQFJYWA,Popularity,0.0,0.0
AGS2AIGKUNVIF53YCYFHHHQFJYWA,CF (ItemKNN),0.0,0.0
AGS2AIGKUNVIF53YCYFHHHQFJYWA,Content (Avg Emb),0.0,0.0
AGS2AIGKUNVIF53YCYFHHHQFJYWA,Last-Item,0.0,0.0
AGS2AIGKUNVIF53YCYFHHHQFJYWA,Avg-Last-10,0.0,0.0
AGS2AIGKUNVIF53YCYFHHHQFJYWA,Recency-Weighted,0.0,0.0
AGS2AIGKUNVIF53YCYFHHHQFJYWA,Essence (K=10),0.0,0.0
AGS4U7FQVWIPSKCLEVIKACEU5KCA,Random,0.0,
AGS4U7FQVWIPSKCLEVIKACEU5KCA,Popularity,0.0,
AGS4U7FQVWIPSKCLEVIKACEU5KCA,CF (ItemKNN),0.0,
AGS4U7FQVWIPSKCLEVIKACEU5KCA,Content (Avg Emb),0.4,
AGS4U7FQVWIPSKCLEVIKACEU5KCA,Last-Item,0.4,
AGS4U7FQVWIPSKCLEVIKACEU5KCA,Avg-Last-10,0.6,
AGS4U7FQVWIPSKCLEVIKACEU5KCA,Recency-Weighted,0.6,
AGS4U7FQVWIPSKCLEVIKACEU5KCA,Essence (K=10),0.4,
AGS5M6TA3K6SUIEO3ZUNBMLOTNNQ,Random,0.0,
AGS5M6TA3K6SUIEO3ZUNBMLOTNNQ,Popularity,0.0,
AGS5M6TA3K6SUIEO3ZUNBMLOTNNQ,CF (ItemKNN),0.0,
AGS5M6TA3K6SUIEO3ZUNBMLOTNNQ,Content (Avg Emb),0.0,
AGS5M6TA3K6SUIEO3ZUNBMLOTNNQ,Last-Item,0.0,
AGS5M6TA3K6SUIEO3ZUNBMLOTNNQ,Avg-Last-10,0.0,
AGS5M6TA3K6SUIEO3ZUNBMLOTNNQ,Recency-Weighted,0.0,
AGS5M6TA3K6SUIEO3ZUNBMLOTNNQ,Essence (K=10),0.0,
AGS5QZVVE4BV2D5TNJNMLFV4QC5A,Random,0.0,0.0
AGS5QZVVE4BV2D5TNJNMLFV4QC5A,Popularity,0.0,0.0
AGS5QZVVE4BV2D5TNJNMLFV4QC5A,CF (ItemKNN),0.0,0.0
AGS5QZVVE4BV2D5TNJNMLFV4QC5A,Content (Avg Emb),0.0,0.0
AGS5QZVVE4BV2D5TNJNMLFV4QC5A,Last-Item,0.0,0.0
AGS5QZVVE4BV2D5TNJNMLFV4QC5A,Avg-Last-10,0.0,0.0
AGS5QZVVE4BV2D5TNJNMLFV4QC5A,Recency-Weighted,0.0,0.0
AGS5QZVVE4BV2D5TNJNMLFV4QC5A,Essence (K=10),0.0,0.0
AGS6VOZQYPDQ7PKA6GTGHD5GA3KA,Random,0.0,
AGS6VOZQYPDQ7PKA6GTGHD5GA3KA,Popularity,0.0,
AGS6VOZQYPDQ7PKA6GTGHD5GA3KA,CF (ItemKNN),0.0,
AGS6VOZQYPDQ7PKA6GTGHD5GA3KA,Content (Avg Emb),0.0,
AGS6VOZQYPDQ7PKA6GTGHD5GA3KA,Last-Item,0.0,
AGS6VOZQYPDQ7PKA6GTGHD5GA3KA,Avg-Last-10,0.0,
AGS6VOZQYPDQ7PKA6GTGHD5GA3KA,Recency-Weighted,0.0,
AGS6VOZQYPDQ7PKA6GTGHD5GA3KA,Essence (K=10),0.0,
AGS7HV2GN62B3Q734VWPBKAKAM6Q,Random,0.0,
AGS7HV2GN62B3Q734VWPBKAKAM6Q,Popularity,0.0,
AGS7HV2GN62B3Q734VWPBKAKAM6Q,CF (ItemKNN),0.0,
AGS7HV2GN62B3Q734VWPBKAKAM6Q,Content (Avg Emb),0.0,
AGS7HV2GN62B3Q734VWPBKAKAM6Q,Last-Item,0.0,
AGS7HV2GN62B3Q734VWPBKAKAM6Q,Avg-Last-10,0.14285714285714285,
AGS7HV2GN62B3Q734VWPBKAKAM6Q,Recency-Weighted,0.14285714285714285,
AGS7HV2GN62B3Q734VWPBKAKAM6Q,Essence (K=10),0.14285714285714285,
AGSBMLVWZDRFVH5BZZBJGFVJXOCQ,Random,0.0,
AGSBMLVWZDRFVH5BZZBJGFVJXOCQ,Popularity,0.0,
AGSBMLVWZDRFVH5BZZBJGFVJXOCQ,CF (ItemKNN),0.0,
AGSBMLVWZDRFVH5BZZBJGFVJXOCQ,Content (Avg Emb),0.0,
AGSBMLVWZDRFVH5BZZBJGFVJXOCQ,Last-Item,0.0,
AGSBMLVWZDRFVH5BZZBJGFVJXOCQ,Avg-Last-10,0.0,
AGSBMLVWZDRFVH5BZZBJGFVJXOCQ,Recency-Weighted,0.0,
AGSBMLVWZDRFVH5BZZBJGFVJXOCQ,Essence (K=10),0.0,
AGSBQQVBUTMPXJSVNSQPTEO3AQMA,Random,0.0,
AGSBQQVBUTMPXJSVNSQPTEO3AQMA,Popularity,0.0,
AGSBQQVBUTMPXJSVNSQPTEO3AQMA,CF (ItemKNN),0.0,
AGSBQQVBUTMPXJSVNSQPTEO3AQMA,Content (Avg Emb),0.0,
AGSBQQVBUTMPXJSVNSQPTEO3AQMA,Last-Item,0.0,
AGSBQQVBUTMPXJSVNSQPTEO3AQMA,Avg-Last-10,0.0,
AGSBQQVBUTMPXJSVNSQPTEO3AQMA,Recency-Weighted,0.0,
AGSBQQVBUTMPXJSVNSQPTEO3AQMA,Essence (K=10),0.2,
AGSBWDHMLSIJNGUY3WJW3WVJT3TQ,Random,0.0,
AGSBWDHMLSIJNGUY3WJW3WVJT3TQ,Popularity,0.0,
AGSBWDHMLSIJNGUY3WJW3WVJT3TQ,CF (ItemKNN),0.0,
AGSBWDHMLSIJNGUY3WJW3WVJT3TQ,Content (Avg Emb),0.0,
AGSBWDHMLSIJNGUY3WJW3WVJT3TQ,Last-Item,0.0,
AGSBWDHMLSIJNGUY3WJW3WVJT3TQ,Avg-Last-10,0.0,
AGSBWDHMLSIJNGUY3WJW3WVJT3TQ,Recency-Weighted,0.0,
AGSBWDHMLSIJNGUY3WJW3WVJT3TQ,Essence (K=10),0.0,
AGSFFWGHDHFIIM5J6OQNRGX7L4EQ,Random,0.0,0.0
AGSFFWGHDHFIIM5J6OQNRGX7L4EQ,Popularity,0.0,0.0
AGSFFWGHDHFIIM5J6OQNRGX7L4EQ,CF (ItemKNN),0.0,0.0
AGSFFWGHDHFIIM5J6OQNRGX7L4EQ,Content (Avg Emb),0.0,0.0
AGSFFWGHDHFIIM5J6OQNRGX7L4EQ,Last-Item,0.0,0.0
AGSFFWGHDHFIIM5J6OQNRGX7L4EQ,Avg-Last-10,0.0,0.0
AGSFFWGHDHFIIM5J6OQNRGX7L4EQ,Recency-Weighted,0.0,0.0
AGSFFWGHDHFIIM5J6OQNRGX7L4EQ,Essence (K=10),0.0,0.0
AGSHCB5T2ALDERK7YYPZ7GPCXISQ,Random,0.0,
AGSHCB5T2ALDERK7YYPZ7GPCXISQ,Popularity,0.0,
AGSHCB5T2ALDERK7YYPZ7GPCXISQ,CF (ItemKNN),0.0,
AGSHCB5T2ALDERK7YYPZ7GPCXISQ,Content (Avg Emb),0.125,
AGSHCB5T2ALDERK7YYPZ7GPCXISQ,Last-Item,0.125,
AGSHCB5T2ALDERK7YYPZ7GPCXISQ,Avg-Last-10,0.0,
AGSHCB5T2ALDERK7YYPZ7GPCXISQ,Recency-Weighted,0.0,
AGSHCB5T2ALDERK7YYPZ7GPCXISQ,Essence (K=10),0.125,
AGSQ6AR4V6RI4O7M4SZZWMJ5EABQ,Random,0.0,
AGSQ6AR4V6RI4O7M4SZZWMJ5EABQ,Popularity,0.0,
AGSQ6AR4V6RI4O7M4SZZWMJ5EABQ,CF (ItemKNN),0.0,
AGSQ6AR4V6RI4O7M4SZZWMJ5EABQ,Content (Avg Emb),0.0,
AGSQ6AR4V6RI4O7M4SZZWMJ5EABQ,Last-Item,0.0,
AGSQ6AR4V6RI4O7M4SZZWMJ5EABQ,Avg-Last-10,0.0,
AGSQ6AR4V6RI4O7M4SZZWMJ5EABQ,Recency-Weighted,0.0,
AGSQ6AR4V6RI4O7M4SZZWMJ5EABQ,Essence (K=10),0.0,
AGSVPHNEBTO6DM2445FNFGRSDGEQ,Random,0.0,
AGSVPHNEBTO6DM2445FNFGRSDGEQ,Popularity,0.0,
AGSVPHNEBTO6DM2445FNFGRSDGEQ,CF (ItemKNN),0.0,
AGSVPHNEBTO6DM2445FNFGRSDGEQ,Content (Avg Emb),0.0,
AGSVPHNEBTO6DM2445FNFGRSDGEQ,Last-Item,0.0,
AGSVPHNEBTO6DM2445FNFGRSDGEQ,Avg-Last-10,0.0,
AGSVPHNEBTO6DM2445FNFGRSDGEQ,Recency-Weighted,0.0,
AGSVPHNEBTO6DM2445FNFGRSDGEQ,Essence (K=10),0.0,
AGSY7ZCXLC6HQXLX67JFOVBRSMJQ,Random,0.0,0.0
AGSY7ZCXLC6HQXLX67JFOVBRSMJQ,Popularity,0.0,0.0
AGSY7ZCXLC6HQXLX67JFOVBRSMJQ,CF (ItemKNN),0.0,0.0
AGSY7ZCXLC6HQXLX67JFOVBRSMJQ,Content (Avg Emb),0.0,0.0
AGSY7ZCXLC6HQXLX67JFOVBRSMJQ,Last-Item,0.0,0.0
AGSY7ZCXLC6HQXLX67JFOVBRSMJQ,Avg-Last-10,0.0,0.0
AGSY7ZCXLC6HQXLX67JFOVBRSMJQ,Recency-Weighted,0.0,0.0
AGSY7ZCXLC6HQXLX67JFOVBRSMJQ,Essence (K=10),0.0,0.0
AGT43PQODOBFU7DQSFQSPYEX5HKQ,Random,0.0,
AGT43PQODOBFU7DQSFQSPYEX5HKQ,Popularity,0.16666666666666666,
AGT43PQODOBFU7DQSFQSPYEX5HKQ,CF (ItemKNN),0.0,
AGT43PQODOBFU7DQSFQSPYEX5HKQ,Content (Avg Emb),0.0,
AGT43PQODOBFU7DQSFQSPYEX5HKQ,Last-Item,0.0,
AGT43PQODOBFU7DQSFQSPYEX5HKQ,Avg-Last-10,0.0,
AGT43PQODOBFU7DQSFQSPYEX5HKQ,Recency-Weighted,0.0,
AGT43PQODOBFU7DQSFQSPYEX5HKQ,Essence (K=10),0.0,
AGT5H6BI3SHK2WZ4VGDVGL6PLC6Q,Random,0.0,0.0
AGT5H6BI3SHK2WZ4VGDVGL6PLC6Q,Popularity,0.0,0.0
AGT5H6BI3SHK2WZ4VGDVGL6PLC6Q,CF (ItemKNN),0.0,0.0
AGT5H6BI3SHK2WZ4VGDVGL6PLC6Q,Content (Avg Emb),0.0,0.0
AGT5H6BI3SHK2WZ4VGDVGL6PLC6Q,Last-Item,0.0,0.0
AGT5H6BI3SHK2WZ4VGDVGL6PLC6Q,Avg-Last-10,0.08333333333333333,0.0
AGT5H6BI3SHK2WZ4VGDVGL6PLC6Q,Recency-Weighted,0.0,0.0
AGT5H6BI3SHK2WZ4VGDVGL6PLC6Q,Essence (K=10),0.0,0.0
AGT6JQLXFSBLXLDE6QPYJ7Y6KUGA,Random,0.0,0.0
AGT6JQLXFSBLXLDE6QPYJ7Y6KUGA,Popularity,0.0,0.0
AGT6JQLXFSBLXLDE6QPYJ7Y6KUGA,CF (ItemKNN),0.0,0.0
AGT6JQLXFSBLXLDE6QPYJ7Y6KUGA,Content (Avg Emb),0.0,0.0
AGT6JQLXFSBLXLDE6QPYJ7Y6KUGA,Last-Item,0.0,0.0
AGT6JQLXFSBLXLDE6QPYJ7Y6KUGA,Avg-Last-10,0.0,0.0
AGT6JQLXFSBLXLDE6QPYJ7Y6KUGA,Recency-Weighted,0.0,0.0
AGT6JQLXFSBLXLDE6QPYJ7Y6KUGA,Essence (K=10),0.0,0.0
AGTBID2XXAVOIDWHDVOPQWEYVS4Q,Random,0.0,0.0
AGTBID2XXAVOIDWHDVOPQWEYVS4Q,Popularity,0.0,0.0
AGTBID2XXAVOIDWHDVOPQWEYVS4Q,CF (ItemKNN),0.0,0.0
AGTBID2XXAVOIDWHDVOPQWEYVS4Q,Content (Avg Emb),0.125,0.5
AGTBID2XXAVOIDWHDVOPQWEYVS4Q,Last-Item,0.25,0.5
AGTBID2XXAVOIDWHDVOPQWEYVS4Q,Avg-Last-10,0.25,0.5
AGTBID2XXAVOIDWHDVOPQWEYVS4Q,Recency-Weighted,0.25,0.5
AGTBID2XXAVOIDWHDVOPQWEYVS4Q,Essence (K=10),0.25,0.5
AGTC6BG277JEUPAOBO3SD2OJPN4A,Random,0.0,0.0
AGTC6BG277JEUPAOBO3SD2OJPN4A,Popularity,0.0,0.0
AGTC6BG277JEUPAOBO3SD2OJPN4A,CF (ItemKNN),0.0,0.0
AGTC6BG277JEUPAOBO3SD2OJPN4A,Content (Avg Emb),0.0,0.0
AGTC6BG277JEUPAOBO3SD2OJPN4A,Last-Item,0.0,0.0
AGTC6BG277JEUPAOBO3SD2OJPN4A,Avg-Last-10,0.0,0.0
AGTC6BG277JEUPAOBO3SD2OJPN4A,Recency-Weighted,0.0,0.0
AGTC6BG277JEUPAOBO3SD2OJPN4A,Essence (K=10),0.0,0.0
AGTCQBXLHUSYYKF4ZXAN7JN4VTJQ,Random,0.0,
AGTCQBXLHUSYYKF4ZXAN7JN4VTJQ,Popularity,0.0,
AGTCQBXLHUSYYKF4ZXAN7JN4VTJQ,CF (ItemKNN),0.0,
AGTCQBXLHUSYYKF4ZXAN7JN4VTJQ,Content (Avg Emb),0.0,
AGTCQBXLHUSYYKF4ZXAN7JN4VTJQ,Last-Item,0.0,
AGTCQBXLHUSYYKF4ZXAN7JN4VTJQ,Avg-Last-10,0.0,
AGTCQBXLHUSYYKF4ZXAN7JN4VTJQ,Recency-Weighted,0.0,
AGTCQBXLHUSYYKF4ZXAN7JN4VTJQ,Essence (K=10),0.0,
AGTDMRXT6TJVBAN3O7QP6537RZJQ,Random,0.0,0.0
AGTDMRXT6TJVBAN3O7QP6537RZJQ,Popularity,0.0,0.0
AGTDMRXT6TJVBAN3O7QP6537RZJQ,CF (ItemKNN),0.0,0.0
AGTDMRXT6TJVBAN3O7QP6537RZJQ,Content (Avg Emb),0.0,0.0
AGTDMRXT6TJVBAN3O7QP6537RZJQ,Last-Item,0.0,0.0
AGTDMRXT6TJVBAN3O7QP6537RZJQ,Avg-Last-10,0.0,0.0
AGTDMRXT6TJVBAN3O7QP6537RZJQ,Recency-Weighted,0.0,0.0
AGTDMRXT6TJVBAN3O7QP6537RZJQ,Essence (K=10),0.0,0.0
AGTDVWM3VCHW3FL4O7R7KIYCM4RA,Random,0.0,
AGTDVWM3VCHW3FL4O7R7KIYCM4RA,Popularity,0.0,
AGTDVWM3VCHW3FL4O7R7KIYCM4RA,CF (ItemKNN),0.0,
AGTDVWM3VCHW3FL4O7R7KIYCM4RA,Content (Avg Emb),0.0,
AGTDVWM3VCHW3FL4O7R7KIYCM4RA,Last-Item,0.0,
AGTDVWM3VCHW3FL4O7R7KIYCM4RA,Avg-Last-10,0.0,
AGTDVWM3VCHW3FL4O7R7KIYCM4RA,Recency-Weighted,0.0,
AGTDVWM3VCHW3FL4O7R7KIYCM4RA,Essence (K=10),0.0,
AGTFIRUARYRCTPN2SKLJBTCPJE4A,Random,0.0,0.0
AGTFIRUARYRCTPN2SKLJBTCPJE4A,Popularity,0.0,0.0
AGTFIRUARYRCTPN2SKLJBTCPJE4A,CF (ItemKNN),0.0,0.0
AGTFIRUARYRCTPN2SKLJBTCPJE4A,Content (Avg Emb),0.1111111111111111,0.0
AGTFIRUARYRCTPN2SKLJBTCPJE4A,Last-Item,0.0,0.0
AGTFIRUARYRCTPN2SKLJBTCPJE4A,Avg-Last-10,0.0,0.0
AGTFIRUARYRCTPN2SKLJBTCPJE4A,Recency-Weighted,0.0,0.0
AGTFIRUARYRCTPN2SKLJBTCPJE4A,Essence (K=10),0.1111111111111111,0.5
AGTGU456VCTRUN2TJZKYNIJZBKTQ,Random,0.0,0.0
AGTGU456VCTRUN2TJZKYNIJZBKTQ,Popularity,0.0,0.0
AGTGU456VCTRUN2TJZKYNIJZBKTQ,CF (ItemKNN),0.0,0.0
AGTGU456VCTRUN2TJZKYNIJZBKTQ,Content (Avg Emb),0.0,0.0
AGTGU456VCTRUN2TJZKYNIJZBKTQ,Last-Item,0.0,0.0
AGTGU456VCTRUN2TJZKYNIJZBKTQ,Avg-Last-10,0.0,0.0
AGTGU456VCTRUN2TJZKYNIJZBKTQ,Recency-Weighted,0.0,0.0
AGTGU456VCTRUN2TJZKYNIJZBKTQ,Essence (K=10),0.0,0.0
AGTHXUIYC7ZYXAAGS3X3ONHNNVVQ,Random,0.0,0.0
AGTHXUIYC7ZYXAAGS3X3ONHNNVVQ,Popularity,0.0,0.0
AGTHXUIYC7ZYXAAGS3X3ONHNNVVQ,CF (ItemKNN),0.0,0.0
AGTHXUIYC7ZYXAAGS3X3ONHNNVVQ,Content (Avg Emb),0.0,0.0
AGTHXUIYC7ZYXAAGS3X3ONHNNVVQ,Last-Item,0.0,0.0
AGTHXUIYC7ZYXAAGS3X3ONHNNVVQ,Avg-Last-10,0.0,0.0
AGTHXUIYC7ZYXAAGS3X3ONHNNVVQ,Recency-Weighted,0.0,0.0
AGTHXUIYC7ZYXAAGS3X3ONHNNVVQ,Essence (K=10),0.0,0.0
AGTKFJ4CUZYINULYUYLON22ESX3Q,Random,0.0,
AGTKFJ4CUZYINULYUYLON22ESX3Q,Popularity,0.0,
AGTKFJ4CUZYINULYUYLON22ESX3Q,CF (ItemKNN),0.0,
AGTKFJ4CUZYINULYUYLON22ESX3Q,Content (Avg Emb),0.0,
AGTKFJ4CUZYINULYUYLON22ESX3Q,Last-Item,0.0,
AGTKFJ4CUZYINULYUYLON22ESX3Q,Avg-Last-10,0.0,
AGTKFJ4CUZYINULYUYLON22ESX3Q,Recency-Weighted,0.0,
AGTKFJ4CUZYINULYUYLON22ESX3Q,Essence (K=10),0.0,
AGTM7IA6PD2G6VGFOUI7Y2GE54LQ,Random,0.0,
AGTM7IA6PD2G6VGFOUI7Y2GE54LQ,Popularity,0.0,
AGTM7IA6PD2G6VGFOUI7Y2GE54LQ,CF (ItemKNN),0.0,
AGTM7IA6PD2G6VGFOUI7Y2GE54LQ,Content (Avg Emb),0.0,
AGTM7IA6PD2G6VGFOUI7Y2GE54LQ,Last-Item,0.2,
AGTM7IA6PD2G6VGFOUI7Y2GE54LQ,Avg-Last-10,0.0,
AGTM7IA6PD2G6VGFOUI7Y2GE54LQ,Recency-Weighted,0.0,
AGTM7IA6PD2G6VGFOUI7Y2GE54LQ,Essence (K=10),0.0,
AGTORXIE2HUPKNRRRP2U3KYS6AJA,Random,0.0,
AGTORXIE2HUPKNRRRP2U3KYS6AJA,Popularity,0.0,
AGTORXIE2HUPKNRRRP2U3KYS6AJA,CF (ItemKNN),0.0,
AGTORXIE2HUPKNRRRP2U3KYS6AJA,Content (Avg Emb),0.0,
AGTORXIE2HUPKNRRRP2U3KYS6AJA,Last-Item,0.0,
AGTORXIE2HUPKNRRRP2U3KYS6AJA,Avg-Last-10,0.0,
AGTORXIE2HUPKNRRRP2U3KYS6AJA,Recency-Weighted,0.0,
AGTORXIE2HUPKNRRRP2U3KYS6AJA,Essence (K=10),0.0,
AGTPZZZJRD3DS2OWG5IHNOOPECRQ,Random,0.0,
AGTPZZZJRD3DS2OWG5IHNOOPECRQ,Popularity,0.0,
AGTPZZZJRD3DS2OWG5IHNOOPECRQ,CF (ItemKNN),0.0,
AGTPZZZJRD3DS2OWG5IHNOOPECRQ,Content (Avg Emb),0.0,
AGTPZZZJRD3DS2OWG5IHNOOPECRQ,Last-Item,0.0,
AGTPZZZJRD3DS2OWG5IHNOOPECRQ,Avg-Last-10,0.0,
AGTPZZZJRD3DS2OWG5IHNOOPECRQ,Recency-Weighted,0.0,
AGTPZZZJRD3DS2OWG5IHNOOPECRQ,Essence (K=10),0.0,
AGTSTPGVKBM57QBY7PF4T5L6A7AA,Random,0.0,0.0
AGTSTPGVKBM57QBY7PF4T5L6A7AA,Popularity,0.0,0.0
AGTSTPGVKBM57QBY7PF4T5L6A7AA,CF (ItemKNN),0.0,0.0
AGTSTPGVKBM57QBY7PF4T5L6A7AA,Content (Avg Emb),0.0,0.0
AGTSTPGVKBM57QBY7PF4T5L6A7AA,Last-Item,0.1,0.0
AGTSTPGVKBM57QBY7PF4T5L6A7AA,Avg-Last-10,0.0,0.0
AGTSTPGVKBM57QBY7PF4T5L6A7AA,Recency-Weighted,0.0,0.0
AGTSTPGVKBM57QBY7PF4T5L6A7AA,Essence (K=10),0.0,0.0
AGTSXBLODC2IEGM7BCNGI7YOFZTA,Random,0.0,0.0
AGTSXBLODC2IEGM7BCNGI7YOFZTA,Popularity,0.0,0.0
AGTSXBLODC2IEGM7BCNGI7YOFZTA,CF (ItemKNN),0.0,0.0
AGTSXBLODC2IEGM7BCNGI7YOFZTA,Content (Avg Emb),0.0,0.0
AGTSXBLODC2IEGM7BCNGI7YOFZTA,Last-Item,0.0,0.0
AGTSXBLODC2IEGM7BCNGI7YOFZTA,Avg-Last-10,0.0,0.0
AGTSXBLODC2IEGM7BCNGI7YOFZTA,Recency-Weighted,0.0,0.0
AGTSXBLODC2IEGM7BCNGI7YOFZTA,Essence (K=10),0.0,0.0
AGTTEYNB43QACP25AZQY3XSORATA,Random,0.0,0.0
AGTTEYNB43QACP25AZQY3XSORATA,Popularity,0.0,0.0
AGTTEYNB43QACP25AZQY3XSORATA,CF (ItemKNN),0.0,0.0
AGTTEYNB43QACP25AZQY3XSORATA,Content (Avg Emb),0.0,0.0
AGTTEYNB43QACP25AZQY3XSORATA,Last-Item,0.0,0.0
AGTTEYNB43QACP25AZQY3XSORATA,Avg-Last-10,0.0,0.0
AGTTEYNB43QACP25AZQY3XSORATA,Recency-Weighted,0.0,0.0
AGTTEYNB43QACP25AZQY3XSORATA,Essence (K=10),0.0,0.0
AGTZW5CLTAWDMH6GNBBKAW23IRPQ,Random,0.0,
AGTZW5CLTAWDMH6GNBBKAW23IRPQ,Popularity,0.0,
AGTZW5CLTAWDMH6GNBBKAW23IRPQ,CF (ItemKNN),0.0,
AGTZW5CLTAWDMH6GNBBKAW23IRPQ,Content (Avg Emb),0.0,
AGTZW5CLTAWDMH6GNBBKAW23IRPQ,Last-Item,0.0,
AGTZW5CLTAWDMH6GNBBKAW23IRPQ,Avg-Last-10,0.0,
AGTZW5CLTAWDMH6GNBBKAW23IRPQ,Recency-Weighted,0.0,
AGTZW5CLTAWDMH6GNBBKAW23IRPQ,Essence (K=10),0.0,
AGU3VMGHA2QYD4ETHVNGS7L3UUNQ,Random,0.0,
AGU3VMGHA2QYD4ETHVNGS7L3UUNQ,Popularity,0.0,
AGU3VMGHA2QYD4ETHVNGS7L3UUNQ,CF (ItemKNN),0.0,
AGU3VMGHA2QYD4ETHVNGS7L3UUNQ,Content (Avg Emb),0.0,
AGU3VMGHA2QYD4ETHVNGS7L3UUNQ,Last-Item,0.0,
AGU3VMGHA2QYD4ETHVNGS7L3UUNQ,Avg-Last-10,0.0,
AGU3VMGHA2QYD4ETHVNGS7L3UUNQ,Recency-Weighted,0.0,
AGU3VMGHA2QYD4ETHVNGS7L3UUNQ,Essence (K=10),0.0,
AGU4LW5KOSMVPYSS2WUDKFOBDUOA,Random,0.0,0.0
AGU4LW5KOSMVPYSS2WUDKFOBDUOA,Popularity,0.0,0.0
AGU4LW5KOSMVPYSS2WUDKFOBDUOA,CF (ItemKNN),0.0,0.0
AGU4LW5KOSMVPYSS2WUDKFOBDUOA,Content (Avg Emb),0.0,0.0
AGU4LW5KOSMVPYSS2WUDKFOBDUOA,Last-Item,0.0,0.0
AGU4LW5KOSMVPYSS2WUDKFOBDUOA,Avg-Last-10,0.0,0.0
AGU4LW5KOSMVPYSS2WUDKFOBDUOA,Recency-Weighted,0.0,0.0
AGU4LW5KOSMVPYSS2WUDKFOBDUOA,Essence (K=10),0.0,0.0
AGU5F75N6HKW4HO4NHLZBXOCYWWA,Random,0.0,0.0
AGU5F75N6HKW4HO4NHLZBXOCYWWA,Popularity,0.0,0.0
AGU5F75N6HKW4HO4NHLZBXOCYWWA,CF (ItemKNN),0.0,0.0
AGU5F75N6HKW4HO4NHLZBXOCYWWA,Content (Avg Emb),0.0,0.0
AGU5F75N6HKW4HO4NHLZBXOCYWWA,Last-Item,0.0,0.0
AGU5F75N6HKW4HO4NHLZBXOCYWWA,Avg-Last-10,0.0,0.0
AGU5F75N6HKW4HO4NHLZBXOCYWWA,Recency-Weighted,0.0,0.0
AGU5F75N6HKW4HO4NHLZBXOCYWWA,Essence (K=10),0.0,0.0
AGU6EIWIZSV6AIQSAVRDHTIJCHPA,Random,0.0,0.0
AGU6EIWIZSV6AIQSAVRDHTIJCHPA,Popularity,0.0,0.0
AGU6EIWIZSV6AIQSAVRDHTIJCHPA,CF (ItemKNN),0.0,0.0
AGU6EIWIZSV6AIQSAVRDHTIJCHPA,Content (Avg Emb),0.0,0.0
AGU6EIWIZSV6AIQSAVRDHTIJCHPA,Last-Item,0.0,0.0
AGU6EIWIZSV6AIQSAVRDHTIJCHPA,Avg-Last-10,0.0,0.0
AGU6EIWIZSV6AIQSAVRDHTIJCHPA,Recency-Weighted,0.0,0.0
AGU6EIWIZSV6AIQSAVRDHTIJCHPA,Essence (K=10),0.0,0.0
AGUBDU6YYFTAJT534LRGFDAITTBQ,Random,0.0,
AGUBDU6YYFTAJT534LRGFDAITTBQ,Popularity,0.0,
AGUBDU6YYFTAJT534LRGFDAITTBQ,CF (ItemKNN),0.0,
AGUBDU6YYFTAJT534LRGFDAITTBQ,Content (Avg Emb),0.0,
AGUBDU6YYFTAJT534LRGFDAITTBQ,Last-Item,0.07142857142857142,
AGUBDU6YYFTAJT534LRGFDAITTBQ,Avg-Last-10,0.07142857142857142,
AGUBDU6YYFTAJT534LRGFDAITTBQ,Recency-Weighted,0.14285714285714285,
AGUBDU6YYFTAJT534LRGFDAITTBQ,Essence (K=10),0.07142857142857142,
AGUDKZGMKHKT63F263RTLKDN56BQ,Random,0.0,0.0
AGUDKZGMKHKT63F263RTLKDN56BQ,Popularity,0.0,0.0
AGUDKZGMKHKT63F263RTLKDN56BQ,CF (ItemKNN),0.0,0.0
AGUDKZGMKHKT63F263RTLKDN56BQ,Content (Avg Emb),0.0,0.0
AGUDKZGMKHKT63F263RTLKDN56BQ,Last-Item,0.0,0.0
AGUDKZGMKHKT63F263RTLKDN56BQ,Avg-Last-10,0.0,0.0
AGUDKZGMKHKT63F263RTLKDN56BQ,Recency-Weighted,0.0,0.0
AGUDKZGMKHKT63F263RTLKDN56BQ,Essence (K=10),0.0,0.0
AGULIJZFLHE46SP7NZ4B2L6XD7VQ,Random,0.0,0.0
AGULIJZFLHE46SP7NZ4B2L6XD7VQ,Popularity,0.0,0.0
AGULIJZFLHE46SP7NZ4B2L6XD7VQ,CF (ItemKNN),0.0,0.0
AGULIJZFLHE46SP7NZ4B2L6XD7VQ,Content (Avg Emb),0.1,0.0
AGULIJZFLHE46SP7NZ4B2L6XD7VQ,Last-Item,0.0,0.0
AGULIJZFLHE46SP7NZ4B2L6XD7VQ,Avg-Last-10,0.2,0.0
AGULIJZFLHE46SP7NZ4B2L6XD7VQ,Recency-Weighted,0.2,0.0
AGULIJZFLHE46SP7NZ4B2L6XD7VQ,Essence (K=10),0.0,0.0
AGULRRH35GZ5ZTPVYGYIUKNEUOSQ,Random,0.0,0.0
AGULRRH35GZ5ZTPVYGYIUKNEUOSQ,Popularity,0.0,0.0
AGULRRH35GZ5ZTPVYGYIUKNEUOSQ,CF (ItemKNN),0.0,0.0
AGULRRH35GZ5ZTPVYGYIUKNEUOSQ,Content (Avg Emb),0.0,0.0
AGULRRH35GZ5ZTPVYGYIUKNEUOSQ,Last-Item,0.0,0.0
AGULRRH35GZ5ZTPVYGYIUKNEUOSQ,Avg-Last-10,0.0,0.0
AGULRRH35GZ5ZTPVYGYIUKNEUOSQ,Recency-Weighted,0.0,0.0
AGULRRH35GZ5ZTPVYGYIUKNEUOSQ,Essence (K=10),0.0,0.0
AGULZVFRG5XHPCTXFZOPCW3VSZWQ,Random,0.0,0.0
AGULZVFRG5XHPCTXFZOPCW3VSZWQ,Popularity,0.0,0.0
AGULZVFRG5XHPCTXFZOPCW3VSZWQ,CF (ItemKNN),0.0,0.0
AGULZVFRG5XHPCTXFZOPCW3VSZWQ,Content (Avg Emb),0.0,0.0
AGULZVFRG5XHPCTXFZOPCW3VSZWQ,Last-Item,0.0,0.0
AGULZVFRG5XHPCTXFZOPCW3VSZWQ,Avg-Last-10,0.0,0.0
AGULZVFRG5XHPCTXFZOPCW3VSZWQ,Recency-Weighted,0.0,0.0
AGULZVFRG5XHPCTXFZOPCW3VSZWQ,Essence (K=10),0.0,0.0
AGUNHS6ZFAF6LILRODI7WBFVO2PQ,Random,0.0,
AGUNHS6ZFAF6LILRODI7WBFVO2PQ,Popularity,0.0,
AGUNHS6ZFAF6LILRODI7WBFVO2PQ,CF (ItemKNN),0.0,
AGUNHS6ZFAF6LILRODI7WBFVO2PQ,Content (Avg Emb),0.0,
AGUNHS6ZFAF6LILRODI7WBFVO2PQ,Last-Item,0.0,
AGUNHS6ZFAF6LILRODI7WBFVO2PQ,Avg-Last-10,0.0,
AGUNHS6ZFAF6LILRODI7WBFVO2PQ,Recency-Weighted,0.0,
AGUNHS6ZFAF6LILRODI7WBFVO2PQ,Essence (K=10),0.0,
AGUO3LSE2S7LYHRYE7L6A6V7JAQA,Random,0.0,0.0
AGUO3LSE2S7LYHRYE7L6A6V7JAQA,Popularity,0.0,0.0
AGUO3LSE2S7LYHRYE7L6A6V7JAQA,CF (ItemKNN),0.0,0.0
AGUO3LSE2S7LYHRYE7L6A6V7JAQA,Content (Avg Emb),0.0,0.0
AGUO3LSE2S7LYHRYE7L6A6V7JAQA,Last-Item,0.0,0.0
AGUO3LSE2S7LYHRYE7L6A6V7JAQA,Avg-Last-10,0.0,0.0
AGUO3LSE2S7LYHRYE7L6A6V7JAQA,Recency-Weighted,0.0,0.0
AGUO3LSE2S7LYHRYE7L6A6V7JAQA,Essence (K=10),0.0,0.0
AGUOKSTAFW3TLBHPPF5O6GHRAHRQ,Random,0.0,
AGUOKSTAFW3TLBHPPF5O6GHRAHRQ,Popularity,0.0,
AGUOKSTAFW3TLBHPPF5O6GHRAHRQ,CF (ItemKNN),0.0,
AGUOKSTAFW3TLBHPPF5O6GHRAHRQ,Content (Avg Emb),0.0,
AGUOKSTAFW3TLBHPPF5O6GHRAHRQ,Last-Item,0.0,
AGUOKSTAFW3TLBHPPF5O6GHRAHRQ,Avg-Last-10,0.0,
AGUOKSTAFW3TLBHPPF5O6GHRAHRQ,Recency-Weighted,0.0,
AGUOKSTAFW3TLBHPPF5O6GHRAHRQ,Essence (K=10),0.0,
AGUOL3VRCRVOW3S4SVHS36ULHNHA,Random,0.0,0.0
AGUOL3VRCRVOW3S4SVHS36ULHNHA,Popularity,0.0,0.0
AGUOL3VRCRVOW3S4SVHS36ULHNHA,CF (ItemKNN),0.0,0.0
AGUOL3VRCRVOW3S4SVHS36ULHNHA,Content (Avg Emb),0.0,0.0
AGUOL3VRCRVOW3S4SVHS36ULHNHA,Last-Item,0.0,0.0
AGUOL3VRCRVOW3S4SVHS36ULHNHA,Avg-Last-10,0.0,0.0
AGUOL3VRCRVOW3S4SVHS36ULHNHA,Recency-Weighted,0.0,0.0
AGUOL3VRCRVOW3S4SVHS36ULHNHA,Essence (K=10),0.0,0.0
AGURAOSJRAQPGOIG3NDEY2R4CJMA,Random,0.0,
AGURAOSJRAQPGOIG3NDEY2R4CJMA,Popularity,0.0,
AGURAOSJRAQPGOIG3NDEY2R4CJMA,CF (ItemKNN),0.0,
AGURAOSJRAQPGOIG3NDEY2R4CJMA,Content (Avg Emb),0.0,
AGURAOSJRAQPGOIG3NDEY2R4CJMA,Last-Item,0.14285714285714285,
AGURAOSJRAQPGOIG3NDEY2R4CJMA,Avg-Last-10,0.0,
AGURAOSJRAQPGOIG3NDEY2R4CJMA,Recency-Weighted,0.14285714285714285,
AGURAOSJRAQPGOIG3NDEY2R4CJMA,Essence (K=10),0.2857142857142857,
AGUSJR33T4OEHUGKDQHU4HN5KEUA,Random,0.0,0.0
AGUSJR33T4OEHUGKDQHU4HN5KEUA,Popularity,0.0,0.0
AGUSJR33T4OEHUGKDQHU4HN5KEUA,CF (ItemKNN),0.0,0.0
AGUSJR33T4OEHUGKDQHU4HN5KEUA,Content (Avg Emb),0.0,0.0
AGUSJR33T4OEHUGKDQHU4HN5KEUA,Last-Item,0.0,0.0
AGUSJR33T4OEHUGKDQHU4HN5KEUA,Avg-Last-10,0.0,0.0
AGUSJR33T4OEHUGKDQHU4HN5KEUA,Recency-Weighted,0.0,0.0
AGUSJR33T4OEHUGKDQHU4HN5KEUA,Essence (K=10),0.125,0.0
AGUUOEEFMVOAWKL2QHC5WEHKYIUA,Random,0.0,
AGUUOEEFMVOAWKL2QHC5WEHKYIUA,Popularity,0.0,
AGUUOEEFMVOAWKL2QHC5WEHKYIUA,CF (ItemKNN),0.0,
AGUUOEEFMVOAWKL2QHC5WEHKYIUA,Content (Avg Emb),0.0,
AGUUOEEFMVOAWKL2QHC5WEHKYIUA,Last-Item,0.0,
AGUUOEEFMVOAWKL2QHC5WEHKYIUA,Avg-Last-10,0.0,
AGUUOEEFMVOAWKL2QHC5WEHKYIUA,Recency-Weighted,0.0,
AGUUOEEFMVOAWKL2QHC5WEHKYIUA,Essence (K=10),0.0,
AGUUXOHX7KOX6DSPUZY2MWKJCXIA,Random,0.0,0.0
AGUUXOHX7KOX6DSPUZY2MWKJCXIA,Popularity,0.2,0.0
AGUUXOHX7KOX6DSPUZY2MWKJCXIA,CF (ItemKNN),0.0,0.0
AGUUXOHX7KOX6DSPUZY2MWKJCXIA,Content (Avg Emb),0.0,0.0
AGUUXOHX7KOX6DSPUZY2MWKJCXIA,Last-Item,0.2,1.0
AGUUXOHX7KOX6DSPUZY2MWKJCXIA,Avg-Last-10,0.0,0.0
AGUUXOHX7KOX6DSPUZY2MWKJCXIA,Recency-Weighted,0.0,0.0
AGUUXOHX7KOX6DSPUZY2MWKJCXIA,Essence (K=10),0.2,1.0
AGUWKGBIQOFLSJXC3FPNFKTBSJ4A,Random,0.0,
AGUWKGBIQOFLSJXC3FPNFKTBSJ4A,Popularity,0.0,
AGUWKGBIQOFLSJXC3FPNFKTBSJ4A,CF (ItemKNN),0.0,
AGUWKGBIQOFLSJXC3FPNFKTBSJ4A,Content (Avg Emb),0.0,
AGUWKGBIQOFLSJXC3FPNFKTBSJ4A,Last-Item,0.0,
AGUWKGBIQOFLSJXC3FPNFKTBSJ4A,Avg-Last-10,0.0,
AGUWKGBIQOFLSJXC3FPNFKTBSJ4A,Recency-Weighted,0.0,
AGUWKGBIQOFLSJXC3FPNFKTBSJ4A,Essence (K=10),0.0,
AGUXZGR23Y4E6CVFBXDB7U4RGWKQ,Random,0.0,0.0
AGUXZGR23Y4E6CVFBXDB7U4RGWKQ,Popularity,0.0,0.0
AGUXZGR23Y4E6CVFBXDB7U4RGWKQ,CF (ItemKNN),0.0,0.0
AGUXZGR23Y4E6CVFBXDB7U4RGWKQ,Content (Avg Emb),0.0,0.0
AGUXZGR23Y4E6CVFBXDB7U4RGWKQ,Last-Item,0.2,0.0
AGUXZGR23Y4E6CVFBXDB7U4RGWKQ,Avg-Last-10,0.2,0.0
AGUXZGR23Y4E6CVFBXDB7U4RGWKQ,Recency-Weighted,0.2,0.0
AGUXZGR23Y4E6CVFBXDB7U4RGWKQ,Essence (K=10),0.0,0.0
AGUYRGPZEPMPJDJUS4WOTLB3DU2A,Random,0.0,
AGUYRGPZEPMPJDJUS4WOTLB3DU2A,Popularity,0.0,
AGUYRGPZEPMPJDJUS4WOTLB3DU2A,CF (ItemKNN),0.0,
AGUYRGPZEPMPJDJUS4WOTLB3DU2A,Content (Avg Emb),0.0,
AGUYRGPZEPMPJDJUS4WOTLB3DU2A,Last-Item,0.3333333333333333,
AGUYRGPZEPMPJDJUS4WOTLB3DU2A,Avg-Last-10,0.16666666666666666,
AGUYRGPZEPMPJDJUS4WOTLB3DU2A,Recency-Weighted,0.16666666666666666,
AGUYRGPZEPMPJDJUS4WOTLB3DU2A,Essence (K=10),0.0,
AGV2EP5HG6WVSITI4CFZ4ZC5BZ2A,Random,0.0,
AGV2EP5HG6WVSITI4CFZ4ZC5BZ2A,Popularity,0.0,
AGV2EP5HG6WVSITI4CFZ4ZC5BZ2A,CF (ItemKNN),0.0,
AGV2EP5HG6WVSITI4CFZ4ZC5BZ2A,Content (Avg Emb),0.0,
AGV2EP5HG6WVSITI4CFZ4ZC5BZ2A,Last-Item,0.0,
AGV2EP5HG6WVSITI4CFZ4ZC5BZ2A,Avg-Last-10,0.0,
AGV2EP5HG6WVSITI4CFZ4ZC5BZ2A,Recency-Weighted,0.0,
AGV2EP5HG6WVSITI4CFZ4ZC5BZ2A,Essence (K=10),0.0,
AGV2IULSG6OOZLZNJESDS2BMHTYA,Random,0.0,0.0
AGV2IULSG6OOZLZNJESDS2BMHTYA,Popularity,0.0,0.0
AGV2IULSG6OOZLZNJESDS2BMHTYA,CF (ItemKNN),0.0,0.0
AGV2IULSG6OOZLZNJESDS2BMHTYA,Content (Avg Emb),0.0,0.0
AGV2IULSG6OOZLZNJESDS2BMHTYA,Last-Item,0.0,0.0
AGV2IULSG6OOZLZNJESDS2BMHTYA,Avg-Last-10,0.0,0.0
AGV2IULSG6OOZLZNJESDS2BMHTYA,Recency-Weighted,0.0,0.0
AGV2IULSG6OOZLZNJESDS2BMHTYA,Essence (K=10),0.0,0.0
AGV4A3KWLIHZ2L4LQJ5OYHRSFOMA,Random,0.0,
AGV4A3KWLIHZ2L4LQJ5OYHRSFOMA,Popularity,0.0,
AGV4A3KWLIHZ2L4LQJ5OYHRSFOMA,CF (ItemKNN),0.0,
AGV4A3KWLIHZ2L4LQJ5OYHRSFOMA,Content (Avg Emb),0.375,
AGV4A3KWLIHZ2L4LQJ5OYHRSFOMA,Last-Item,0.0,
AGV4A3KWLIHZ2L4LQJ5OYHRSFOMA,Avg-Last-10,0.125,
AGV4A3KWLIHZ2L4LQJ5OYHRSFOMA,Recency-Weighted,0.125,
AGV4A3KWLIHZ2L4LQJ5OYHRSFOMA,Essence (K=10),0.25,
AGV77VWHNGLG5HOKRWTM5LHTM7KQ,Random,0.0,
AGV77VWHNGLG5HOKRWTM5LHTM7KQ,Popularity,0.0,
AGV77VWHNGLG5HOKRWTM5LHTM7KQ,CF (ItemKNN),0.0,
AGV77VWHNGLG5HOKRWTM5LHTM7KQ,Content (Avg Emb),0.0,
AGV77VWHNGLG5HOKRWTM5LHTM7KQ,Last-Item,0.0,
AGV77VWHNGLG5HOKRWTM5LHTM7KQ,Avg-Last-10,0.0,
AGV77VWHNGLG5HOKRWTM5LHTM7KQ,Recency-Weighted,0.0,
AGV77VWHNGLG5HOKRWTM5LHTM7KQ,Essence (K=10),0.0,
AGVBTVXSZPR2CEAEERG77TLXZYMQ,Random,0.0,0.0
AGVBTVXSZPR2CEAEERG77TLXZYMQ,Popularity,0.0,0.0
AGVBTVXSZPR2CEAEERG77TLXZYMQ,CF (ItemKNN),0.0,0.0
AGVBTVXSZPR2CEAEERG77TLXZYMQ,Content (Avg Emb),0.0,0.0
AGVBTVXSZPR2CEAEERG77TLXZYMQ,Last-Item,0.0,0.0
AGVBTVXSZPR2CEAEERG77TLXZYMQ,Avg-Last-10,0.0,0.0
AGVBTVXSZPR2CEAEERG77TLXZYMQ,Recency-Weighted,0.0,0.0
AGVBTVXSZPR2CEAEERG77TLXZYMQ,Essence (K=10),0.0,0.0
AGVHDAMOX3GKMK4CJ5IZI5J57QKA,Random,0.0,0.0
AGVHDAMOX3GKMK4CJ5IZI5J57QKA,Popularity,0.0,0.0
AGVHDAMOX3GKMK4CJ5IZI5J57QKA,CF (ItemKNN),0.0,0.0
AGVHDAMOX3GKMK4CJ5IZI5J57QKA,Content (Avg Emb),0.0,0.0
AGVHDAMOX3GKMK4CJ5IZI5J57QKA,Last-Item,0.0,0.0
AGVHDAMOX3GKMK4CJ5IZI5J57QKA,Avg-Last-10,0.0,0.0
AGVHDAMOX3GKMK4CJ5IZI5J57QKA,Recency-Weighted,0.0,0.0
AGVHDAMOX3GKMK4CJ5IZI5J57QKA,Essence (K=10),0.25,1.0
AGVJFMXXFYXT4AMUEAB4VRLSC2ZQ,Random,0.0,0.0
AGVJFMXXFYXT4AMUEAB4VRLSC2ZQ,Popularity,0.0,0.0
AGVJFMXXFYXT4AMUEAB4VRLSC2ZQ,CF (ItemKNN),0.0,0.0
AGVJFMXXFYXT4AMUEAB4VRLSC2ZQ,Content (Avg Emb),0.0,0.0
AGVJFMXXFYXT4AMUEAB4VRLSC2ZQ,Last-Item,0.0,0.0
AGVJFMXXFYXT4AMUEAB4VRLSC2ZQ,Avg-Last-10,0.0,0.0
AGVJFMXXFYXT4AMUEAB4VRLSC2ZQ,Recency-Weighted,0.0,0.0
AGVJFMXXFYXT4AMUEAB4VRLSC2ZQ,Essence (K=10),0.0,0.0
AGVL7NWIZGHA6PGBJ7RJJ2Q3F6PA,Random,0.0,
AGVL7NWIZGHA6PGBJ7RJJ2Q3F6PA,Popularity,0.0,
AGVL7NWIZGHA6PGBJ7RJJ2Q3F6PA,CF (ItemKNN),0.0,
AGVL7NWIZGHA6PGBJ7RJJ2Q3F6PA,Content (Avg Emb),0.0,
AGVL7NWIZGHA6PGBJ7RJJ2Q3F6PA,Last-Item,0.0,
AGVL7NWIZGHA6PGBJ7RJJ2Q3F6PA,Avg-Last-10,0.0,
AGVL7NWIZGHA6PGBJ7RJJ2Q3F6PA,Recency-Weighted,0.0,
AGVL7NWIZGHA6PGBJ7RJJ2Q3F6PA,Essence (K=10),0.0,
AGVOSDQL3ZVJXXIIW5T6FZNE4YLQ,Random,0.0,0.0
AGVOSDQL3ZVJXXIIW5T6FZNE4YLQ,Popularity,0.0,0.0
AGVOSDQL3ZVJXXIIW5T6FZNE4YLQ,CF (ItemKNN),0.0,0.0
AGVOSDQL3ZVJXXIIW5T6FZNE4YLQ,Content (Avg Emb),0.0,0.0
AGVOSDQL3ZVJXXIIW5T6FZNE4YLQ,Last-Item,0.0,0.0
AGVOSDQL3ZVJXXIIW5T6FZNE4YLQ,Avg-Last-10,0.0,0.0
AGVOSDQL3ZVJXXIIW5T6FZNE4YLQ,Recency-Weighted,0.0,0.0
AGVOSDQL3ZVJXXIIW5T6FZNE4YLQ,Essence (K=10),0.0,0.0
AGVWE6IA6NWXPDJSVU4KGYYYNBSA,Random,0.0,0.0
AGVWE6IA6NWXPDJSVU4KGYYYNBSA,Popularity,0.0,0.0
AGVWE6IA6NWXPDJSVU4KGYYYNBSA,CF (ItemKNN),0.0,0.0
AGVWE6IA6NWXPDJSVU4KGYYYNBSA,Content (Avg Emb),0.0,0.0
AGVWE6IA6NWXPDJSVU4KGYYYNBSA,Last-Item,0.0,0.0
AGVWE6IA6NWXPDJSVU4KGYYYNBSA,Avg-Last-10,0.0,0.0
AGVWE6IA6NWXPDJSVU4KGYYYNBSA,Recency-Weighted,0.0,0.0
AGVWE6IA6NWXPDJSVU4KGYYYNBSA,Essence (K=10),0.0,0.0
AGVWSSL2RCPV4ULFXL3UCPG7TLFQ,Random,0.0,
AGVWSSL2RCPV4ULFXL3UCPG7TLFQ,Popularity,0.0,
AGVWSSL2RCPV4ULFXL3UCPG7TLFQ,CF (ItemKNN),0.0,
AGVWSSL2RCPV4ULFXL3UCPG7TLFQ,Content (Avg Emb),0.0,
AGVWSSL2RCPV4ULFXL3UCPG7TLFQ,Last-Item,0.0,
AGVWSSL2RCPV4ULFXL3UCPG7TLFQ,Avg-Last-10,0.0,
AGVWSSL2RCPV4ULFXL3UCPG7TLFQ,Recency-Weighted,0.0,
AGVWSSL2RCPV4ULFXL3UCPG7TLFQ,Essence (K=10),0.0,
AGVYKFSWT35KNZJA2AMANHY3EYJQ,Random,0.0,0.0
AGVYKFSWT35KNZJA2AMANHY3EYJQ,Popularity,0.0,0.0
AGVYKFSWT35KNZJA2AMANHY3EYJQ,CF (ItemKNN),0.0,0.0
AGVYKFSWT35KNZJA2AMANHY3EYJQ,Content (Avg Emb),0.0,0.0
AGVYKFSWT35KNZJA2AMANHY3EYJQ,Last-Item,0.0,0.0
AGVYKFSWT35KNZJA2AMANHY3EYJQ,Avg-Last-10,0.0,0.0
AGVYKFSWT35KNZJA2AMANHY3EYJQ,Recency-Weighted,0.0,0.0
AGVYKFSWT35KNZJA2AMANHY3EYJQ,Essence (K=10),0.0,0.0
AGVYMGS3AFLFRGI66ADY6WZF6WMA,Random,0.0,
AGVYMGS3AFLFRGI66ADY6WZF6WMA,Popularity,0.0,
AGVYMGS3AFLFRGI66ADY6WZF6WMA,CF (ItemKNN),0.0,
AGVYMGS3AFLFRGI66ADY6WZF6WMA,Content (Avg Emb),0.2,
AGVYMGS3AFLFRGI66ADY6WZF6WMA,Last-Item,0.2,
AGVYMGS3AFLFRGI66ADY6WZF6WMA,Avg-Last-10,0.2,
AGVYMGS3AFLFRGI66ADY6WZF6WMA,Recency-Weighted,0.2,
AGVYMGS3AFLFRGI66ADY6WZF6WMA,Essence (K=10),0.4,
AGW2X5ULFS5X27YJPWLB74H7OPTQ,Random,0.0,
AGW2X5ULFS5X27YJPWLB74H7OPTQ,Popularity,0.0,
AGW2X5ULFS5X27YJPWLB74H7OPTQ,CF (ItemKNN),0.0,
AGW2X5ULFS5X27YJPWLB74H7OPTQ,Content (Avg Emb),0.0,
AGW2X5ULFS5X27YJPWLB74H7OPTQ,Last-Item,0.0,
AGW2X5ULFS5X27YJPWLB74H7OPTQ,Avg-Last-10,0.0,
AGW2X5ULFS5X27YJPWLB74H7OPTQ,Recency-Weighted,0.0,
AGW2X5ULFS5X27YJPWLB74H7OPTQ,Essence (K=10),0.0,
AGW5AW54AOUD4CPT4GM4ATM27L5Q,Random,0.0,0.0
AGW5AW54AOUD4CPT4GM4ATM27L5Q,Popularity,0.0,0.0
AGW5AW54AOUD4CPT4GM4ATM27L5Q,CF (ItemKNN),0.0,0.0
AGW5AW54AOUD4CPT4GM4ATM27L5Q,Content (Avg Emb),0.0,0.0
AGW5AW54AOUD4CPT4GM4ATM27L5Q,Last-Item,0.0,0.0
AGW5AW54AOUD4CPT4GM4ATM27L5Q,Avg-Last-10,0.0,0.0
AGW5AW54AOUD4CPT4GM4ATM27L5Q,Recency-Weighted,0.0,0.0
AGW5AW54AOUD4CPT4GM4ATM27L5Q,Essence (K=10),0.0,0.0
AGW5X5NMONZJIYRKGMIO3ILSORRQ,Random,0.0,
AGW5X5NMONZJIYRKGMIO3ILSORRQ,Popularity,0.0,
AGW5X5NMONZJIYRKGMIO3ILSORRQ,CF (ItemKNN),0.0,
AGW5X5NMONZJIYRKGMIO3ILSORRQ,Content (Avg Emb),0.0,
AGW5X5NMONZJIYRKGMIO3ILSORRQ,Last-Item,0.0,
AGW5X5NMONZJIYRKGMIO3ILSORRQ,Avg-Last-10,0.0,
AGW5X5NMONZJIYRKGMIO3ILSORRQ,Recency-Weighted,0.0,
AGW5X5NMONZJIYRKGMIO3ILSORRQ,Essence (K=10),0.0,
AGWAOOY6M6ETINGAYGWRUA4XWVZQ,Random,0.0,0.0
AGWAOOY6M6ETINGAYGWRUA4XWVZQ,Popularity,0.0,0.0
AGWAOOY6M6ETINGAYGWRUA4XWVZQ,CF (ItemKNN),0.0,0.0
AGWAOOY6M6ETINGAYGWRUA4XWVZQ,Content (Avg Emb),0.0,0.0
AGWAOOY6M6ETINGAYGWRUA4XWVZQ,Last-Item,0.0,0.0
AGWAOOY6M6ETINGAYGWRUA4XWVZQ,Avg-Last-10,0.0,0.0
AGWAOOY6M6ETINGAYGWRUA4XWVZQ,Recency-Weighted,0.0,0.0
AGWAOOY6M6ETINGAYGWRUA4XWVZQ,Essence (K=10),0.0,0.0
AGWCCUUN5SDAIJAJKAMNF7OZ3KGA,Random,0.0,0.0
AGWCCUUN5SDAIJAJKAMNF7OZ3KGA,Popularity,0.0,0.0
AGWCCUUN5SDAIJAJKAMNF7OZ3KGA,CF (ItemKNN),0.0,0.0
AGWCCUUN5SDAIJAJKAMNF7OZ3KGA,Content (Avg Emb),0.125,0.0
AGWCCUUN5SDAIJAJKAMNF7OZ3KGA,Last-Item,0.0,0.0
AGWCCUUN5SDAIJAJKAMNF7OZ3KGA,Avg-Last-10,0.0,0.0
AGWCCUUN5SDAIJAJKAMNF7OZ3KGA,Recency-Weighted,0.0,0.0
AGWCCUUN5SDAIJAJKAMNF7OZ3KGA,Essence (K=10),0.0,0.0
AGWCIBGDL26V3XMRRZPVAX65L2OQ,Random,0.0,0.0
AGWCIBGDL26V3XMRRZPVAX65L2OQ,Popularity,0.0,0.0
AGWCIBGDL26V3XMRRZPVAX65L2OQ,CF (ItemKNN),0.0,0.0
AGWCIBGDL26V3XMRRZPVAX65L2OQ,Content (Avg Emb),0.0,0.0
AGWCIBGDL26V3XMRRZPVAX65L2OQ,Last-Item,0.0,0.0
AGWCIBGDL26V3XMRRZPVAX65L2OQ,Avg-Last-10,0.0,0.0
AGWCIBGDL26V3XMRRZPVAX65L2OQ,Recency-Weighted,0.0,0.0
AGWCIBGDL26V3XMRRZPVAX65L2OQ,Essence (K=10),0.0,0.0
AGWCV6DOCX5QO3HSLGK6XM62YBXA,Random,0.0,
AGWCV6DOCX5QO3HSLGK6XM62YBXA,Popularity,0.0,
AGWCV6DOCX5QO3HSLGK6XM62YBXA,CF (ItemKNN),0.0,
AGWCV6DOCX5QO3HSLGK6XM62YBXA,Content (Avg Emb),0.0,
AGWCV6DOCX5QO3HSLGK6XM62YBXA,Last-Item,0.0,
AGWCV6DOCX5QO3HSLGK6XM62YBXA,Avg-Last-10,0.0,
AGWCV6DOCX5QO3HSLGK6XM62YBXA,Recency-Weighted,0.0,
AGWCV6DOCX5QO3HSLGK6XM62YBXA,Essence (K=10),0.0,
AGWG3T77ZAGX2XUFZI2PBY6UENKQ,Random,0.0,
AGWG3T77ZAGX2XUFZI2PBY6UENKQ,Popularity,0.25,
AGWG3T77ZAGX2XUFZI2PBY6UENKQ,CF (ItemKNN),0.0,
AGWG3T77ZAGX2XUFZI2PBY6UENKQ,Content (Avg Emb),0.0,
AGWG3T77ZAGX2XUFZI2PBY6UENKQ,Last-Item,0.0,
AGWG3T77ZAGX2XUFZI2PBY6UENKQ,Avg-Last-10,0.0,
AGWG3T77ZAGX2XUFZI2PBY6UENKQ,Recency-Weighted,0.0,
AGWG3T77ZAGX2XUFZI2PBY6UENKQ,Essence (K=10),0.0,
AGWG5NTYDMSARYPCQPHIJU64ACDQ,Random,0.0,
AGWG5NTYDMSARYPCQPHIJU64ACDQ,Popularity,0.0,
AGWG5NTYDMSARYPCQPHIJU64ACDQ,CF (ItemKNN),0.0,
AGWG5NTYDMSARYPCQPHIJU64ACDQ,Content (Avg Emb),0.0,
AGWG5NTYDMSARYPCQPHIJU64ACDQ,Last-Item,0.0,
AGWG5NTYDMSARYPCQPHIJU64ACDQ,Avg-Last-10,0.0,
AGWG5NTYDMSARYPCQPHIJU64ACDQ,Recency-Weighted,0.0,
AGWG5NTYDMSARYPCQPHIJU64ACDQ,Essence (K=10),0.0,
AGWK5TRRULB7JGEHV6EM7D7JAU4Q,Random,0.0,0.0
AGWK5TRRULB7JGEHV6EM7D7JAU4Q,Popularity,0.0,0.0
AGWK5TRRULB7JGEHV6EM7D7JAU4Q,CF (ItemKNN),0.0,0.0
AGWK5TRRULB7JGEHV6EM7D7JAU4Q,Content (Avg Emb),0.0,0.0
AGWK5TRRULB7JGEHV6EM7D7JAU4Q,Last-Item,0.0,0.0
AGWK5TRRULB7JGEHV6EM7D7JAU4Q,Avg-Last-10,0.0,0.0
AGWK5TRRULB7JGEHV6EM7D7JAU4Q,Recency-Weighted,0.0,0.0
AGWK5TRRULB7JGEHV6EM7D7JAU4Q,Essence (K=10),0.0,0.0
AGWMFFTDDGKS4TLE5EIWUM4Y2LRA,Random,0.0,
AGWMFFTDDGKS4TLE5EIWUM4Y2LRA,Popularity,0.0,
AGWMFFTDDGKS4TLE5EIWUM4Y2LRA,CF (ItemKNN),0.0,
AGWMFFTDDGKS4TLE5EIWUM4Y2LRA,Content (Avg Emb),0.0,
AGWMFFTDDGKS4TLE5EIWUM4Y2LRA,Last-Item,0.0,
AGWMFFTDDGKS4TLE5EIWUM4Y2LRA,Avg-Last-10,0.0,
AGWMFFTDDGKS4TLE5EIWUM4Y2LRA,Recency-Weighted,0.0,
AGWMFFTDDGKS4TLE5EIWUM4Y2LRA,Essence (K=10),0.0,
AGWMQEPHCO2HTPNZBLGWG2F5ZC5A,Random,0.0,0.0
AGWMQEPHCO2HTPNZBLGWG2F5ZC5A,Popularity,0.0,0.0
AGWMQEPHCO2HTPNZBLGWG2F5ZC5A,CF (ItemKNN),0.0,0.0
AGWMQEPHCO2HTPNZBLGWG2F5ZC5A,Content (Avg Emb),0.0,0.0
AGWMQEPHCO2HTPNZBLGWG2F5ZC5A,Last-Item,0.0,0.0
AGWMQEPHCO2HTPNZBLGWG2F5ZC5A,Avg-Last-10,0.0,0.0
AGWMQEPHCO2HTPNZBLGWG2F5ZC5A,Recency-Weighted,0.0,0.0
AGWMQEPHCO2HTPNZBLGWG2F5ZC5A,Essence (K=10),0.0,0.0
AGWOVT67DTLU3ZIPTXJBEYH7LHSQ,Random,0.0,0.0
AGWOVT67DTLU3ZIPTXJBEYH7LHSQ,Popularity,0.0,0.0
AGWOVT67DTLU3ZIPTXJBEYH7LHSQ,CF (ItemKNN),0.0,0.0
AGWOVT67DTLU3ZIPTXJBEYH7LHSQ,Content (Avg Emb),0.0,0.0
AGWOVT67DTLU3ZIPTXJBEYH7LHSQ,Last-Item,0.0,0.0
AGWOVT67DTLU3ZIPTXJBEYH7LHSQ,Avg-Last-10,0.0,0.0
AGWOVT67DTLU3ZIPTXJBEYH7LHSQ,Recency-Weighted,0.0,0.0
AGWOVT67DTLU3ZIPTXJBEYH7LHSQ,Essence (K=10),0.0,0.0
AGWYMPST2CHG27RRMXQGPN2L6FRA,Random,0.0,0.0
AGWYMPST2CHG27RRMXQGPN2L6FRA,Popularity,0.0,0.0
AGWYMPST2CHG27RRMXQGPN2L6FRA,CF (ItemKNN),0.0,0.0
AGWYMPST2CHG27RRMXQGPN2L6FRA,Content (Avg Emb),0.0,0.0
AGWYMPST2CHG27RRMXQGPN2L6FRA,Last-Item,0.0,0.0
AGWYMPST2CHG27RRMXQGPN2L6FRA,Avg-Last-10,0.0,0.0
AGWYMPST2CHG27RRMXQGPN2L6FRA,Recency-Weighted,0.0,0.0
AGWYMPST2CHG27RRMXQGPN2L6FRA,Essence (K=10),0.0,0.0
AGWZ5HDMFF75COKL7BZREMDL6C4Q,Random,0.0,0.0
AGWZ5HDMFF75COKL7BZREMDL6C4Q,Popularity,0.0,0.0
AGWZ5HDMFF75COKL7BZREMDL6C4Q,CF (ItemKNN),0.0,0.0
AGWZ5HDMFF75COKL7BZREMDL6C4Q,Content (Avg Emb),0.0,0.0
AGWZ5HDMFF75COKL7BZREMDL6C4Q,Last-Item,0.0,0.0
AGWZ5HDMFF75COKL7BZREMDL6C4Q,Avg-Last-10,0.0,0.0
AGWZ5HDMFF75COKL7BZREMDL6C4Q,Recency-Weighted,0.0,0.0
AGWZ5HDMFF75COKL7BZREMDL6C4Q,Essence (K=10),0.0,0.0
AGWZDVSD5NOVPNQ77ZR3K37ZJ35A,Random,0.0,
AGWZDVSD5NOVPNQ77ZR3K37ZJ35A,Popularity,0.0,
AGWZDVSD5NOVPNQ77ZR3K37ZJ35A,CF (ItemKNN),0.0,
AGWZDVSD5NOVPNQ77ZR3K37ZJ35A,Content (Avg Emb),0.0,
AGWZDVSD5NOVPNQ77ZR3K37ZJ35A,Last-Item,0.25,
AGWZDVSD5NOVPNQ77ZR3K37ZJ35A,Avg-Last-10,0.0,
AGWZDVSD5NOVPNQ77ZR3K37ZJ35A,Recency-Weighted,0.0,
AGWZDVSD5NOVPNQ77ZR3K37ZJ35A,Essence (K=10),0.25,
AGWZSILTAHWTROVMO3VGEUB6FEOQ,Random,0.0,0.0
AGWZSILTAHWTROVMO3VGEUB6FEOQ,Popularity,0.0,0.0
AGWZSILTAHWTROVMO3VGEUB6FEOQ,CF (ItemKNN),0.0,0.0
AGWZSILTAHWTROVMO3VGEUB6FEOQ,Content (Avg Emb),0.0,0.0
AGWZSILTAHWTROVMO3VGEUB6FEOQ,Last-Item,0.0,0.0
AGWZSILTAHWTROVMO3VGEUB6FEOQ,Avg-Last-10,0.0,0.0
AGWZSILTAHWTROVMO3VGEUB6FEOQ,Recency-Weighted,0.0,0.0
AGWZSILTAHWTROVMO3VGEUB6FEOQ,Essence (K=10),0.0,0.0
AGX2HRFYD2KOQRG32GZVHG4HQGEQ,Random,0.0,
AGX2HRFYD2KOQRG32GZVHG4HQGEQ,Popularity,0.0,
AGX2HRFYD2KOQRG32GZVHG4HQGEQ,CF (ItemKNN),0.0,
AGX2HRFYD2KOQRG32GZVHG4HQGEQ,Content (Avg Emb),0.0,
AGX2HRFYD2KOQRG32GZVHG4HQGEQ,Last-Item,0.5,
AGX2HRFYD2KOQRG32GZVHG4HQGEQ,Avg-Last-10,0.0,
AGX2HRFYD2KOQRG32GZVHG4HQGEQ,Recency-Weighted,0.25,
AGX2HRFYD2KOQRG32GZVHG4HQGEQ,Essence (K=10),0.5,
AGX2MF677FCXMB3GSUOMB6KIERJA,Random,0.0,0.0
AGX2MF677FCXMB3GSUOMB6KIERJA,Popularity,0.0,0.0
AGX2MF677FCXMB3GSUOMB6KIERJA,CF (ItemKNN),0.0,0.0
AGX2MF677FCXMB3GSUOMB6KIERJA,Content (Avg Emb),0.0,0.0
AGX2MF677FCXMB3GSUOMB6KIERJA,Last-Item,0.0,0.0
AGX2MF677FCXMB3GSUOMB6KIERJA,Avg-Last-10,0.0,0.0
AGX2MF677FCXMB3GSUOMB6KIERJA,Recency-Weighted,0.0,0.0
AGX2MF677FCXMB3GSUOMB6KIERJA,Essence (K=10),0.0,0.0
AGX45JXOBD6LJ7OTO5KH4M6LWVOA,Random,0.0,0.0
AGX45JXOBD6LJ7OTO5KH4M6LWVOA,Popularity,0.0,0.0
AGX45JXOBD6LJ7OTO5KH4M6LWVOA,CF (ItemKNN),0.0,0.0
AGX45JXOBD6LJ7OTO5KH4M6LWVOA,Content (Avg Emb),0.058823529411764705,0.0
AGX45JXOBD6LJ7OTO5KH4M6LWVOA,Last-Item,0.0,0.0
AGX45JXOBD6LJ7OTO5KH4M6LWVOA,Avg-Last-10,0.058823529411764705,0.0
AGX45JXOBD6LJ7OTO5KH4M6LWVOA,Recency-Weighted,0.058823529411764705,0.0
AGX45JXOBD6LJ7OTO5KH4M6LWVOA,Essence (K=10),0.0,0.0
AGXAEUX6PRZ33WV6AOTN5J5IDL2Q,Random,0.0,
AGXAEUX6PRZ33WV6AOTN5J5IDL2Q,Popularity,0.0,
AGXAEUX6PRZ33WV6AOTN5J5IDL2Q,CF (ItemKNN),0.0,
AGXAEUX6PRZ33WV6AOTN5J5IDL2Q,Content (Avg Emb),0.0,
AGXAEUX6PRZ33WV6AOTN5J5IDL2Q,Last-Item,0.2,
AGXAEUX6PRZ33WV6AOTN5J5IDL2Q,Avg-Last-10,0.0,
AGXAEUX6PRZ33WV6AOTN5J5IDL2Q,Recency-Weighted,0.0,
AGXAEUX6PRZ33WV6AOTN5J5IDL2Q,Essence (K=10),0.0,
AGXAGVNEJRAZAPT3LMPJJXJBVBQA,Random,0.0,
AGXAGVNEJRAZAPT3LMPJJXJBVBQA,Popularity,0.0,
AGXAGVNEJRAZAPT3LMPJJXJBVBQA,CF (ItemKNN),0.0,
AGXAGVNEJRAZAPT3LMPJJXJBVBQA,Content (Avg Emb),0.0,
AGXAGVNEJRAZAPT3LMPJJXJBVBQA,Last-Item,0.0,
AGXAGVNEJRAZAPT3LMPJJXJBVBQA,Avg-Last-10,0.0,
AGXAGVNEJRAZAPT3LMPJJXJBVBQA,Recency-Weighted,0.0,
AGXAGVNEJRAZAPT3LMPJJXJBVBQA,Essence (K=10),0.0,
AGXB22ZMJFCJG4LJDHMSPT3YVIEA,Random,0.0,
AGXB22ZMJFCJG4LJDHMSPT3YVIEA,Popularity,0.0,
AGXB22ZMJFCJG4LJDHMSPT3YVIEA,CF (ItemKNN),0.0,
AGXB22ZMJFCJG4LJDHMSPT3YVIEA,Content (Avg Emb),0.0,
AGXB22ZMJFCJG4LJDHMSPT3YVIEA,Last-Item,0.0,
AGXB22ZMJFCJG4LJDHMSPT3YVIEA,Avg-Last-10,0.0,
AGXB22ZMJFCJG4LJDHMSPT3YVIEA,Recency-Weighted,0.0,
AGXB22ZMJFCJG4LJDHMSPT3YVIEA,Essence (K=10),0.0,
AGXBIK5KK5FYO2MROYX5ZOVD5RSA,Random,0.0,
AGXBIK5KK5FYO2MROYX5ZOVD5RSA,Popularity,0.0,
AGXBIK5KK5FYO2MROYX5ZOVD5RSA,CF (ItemKNN),0.0,
AGXBIK5KK5FYO2MROYX5ZOVD5RSA,Content (Avg Emb),0.0,
AGXBIK5KK5FYO2MROYX5ZOVD5RSA,Last-Item,0.0,
AGXBIK5KK5FYO2MROYX5ZOVD5RSA,Avg-Last-10,0.14285714285714285,
AGXBIK5KK5FYO2MROYX5ZOVD5RSA,Recency-Weighted,0.14285714285714285,
AGXBIK5KK5FYO2MROYX5ZOVD5RSA,Essence (K=10),0.14285714285714285,
AGXCLEGTACWVEW5H6T4S3Q54Q7DA,Random,0.0,
AGXCLEGTACWVEW5H6T4S3Q54Q7DA,Popularity,0.0,
AGXCLEGTACWVEW5H6T4S3Q54Q7DA,CF (ItemKNN),0.0,
AGXCLEGTACWVEW5H6T4S3Q54Q7DA,Content (Avg Emb),0.0,
AGXCLEGTACWVEW5H6T4S3Q54Q7DA,Last-Item,0.0,
AGXCLEGTACWVEW5H6T4S3Q54Q7DA,Avg-Last-10,0.0,
AGXCLEGTACWVEW5H6T4S3Q54Q7DA,Recency-Weighted,0.0,
AGXCLEGTACWVEW5H6T4S3Q54Q7DA,Essence (K=10),0.0,
AGXEW7ETHDUAVASQ7NX3P4MF5BTA,Random,0.0,0.0
AGXEW7ETHDUAVASQ7NX3P4MF5BTA,Popularity,0.0,0.0
AGXEW7ETHDUAVASQ7NX3P4MF5BTA,CF (ItemKNN),0.07692307692307693,0.25
AGXEW7ETHDUAVASQ7NX3P4MF5BTA,Content (Avg Emb),0.0,0.0
AGXEW7ETHDUAVASQ7NX3P4MF5BTA,Last-Item,0.07692307692307693,0.25
AGXEW7ETHDUAVASQ7NX3P4MF5BTA,Avg-Last-10,0.07692307692307693,0.25
AGXEW7ETHDUAVASQ7NX3P4MF5BTA,Recency-Weighted,0.07692307692307693,0.25
AGXEW7ETHDUAVASQ7NX3P4MF5BTA,Essence (K=10),0.07692307692307693,0.25
AGXFA5NRMF3ILKV6HEKUN47OTVYA,Random,0.0,0.0
AGXFA5NRMF3ILKV6HEKUN47OTVYA,Popularity,0.0,0.0
AGXFA5NRMF3ILKV6HEKUN47OTVYA,CF (ItemKNN),0.0,0.0
AGXFA5NRMF3ILKV6HEKUN47OTVYA,Content (Avg Emb),0.0,0.0
AGXFA5NRMF3ILKV6HEKUN47OTVYA,Last-Item,0.0,0.0
AGXFA5NRMF3ILKV6HEKUN47OTVYA,Avg-Last-10,0.0,0.0
AGXFA5NRMF3ILKV6HEKUN47OTVYA,Recency-Weighted,0.043478260869565216,0.0
AGXFA5NRMF3ILKV6HEKUN47OTVYA,Essence (K=10),0.0,0.0
AGXPANV56YQPOP235TR3BO5RSW7A,Random,0.0,0.0
AGXPANV56YQPOP235TR3BO5RSW7A,Popularity,0.0,0.0
AGXPANV56YQPOP235TR3BO5RSW7A,CF (ItemKNN),0.0,0.0
AGXPANV56YQPOP235TR3BO5RSW7A,Content (Avg Emb),0.0,0.0
AGXPANV56YQPOP235TR3BO5RSW7A,Last-Item,0.0,0.0
AGXPANV56YQPOP235TR3BO5RSW7A,Avg-Last-10,0.0,0.0
AGXPANV56YQPOP235TR3BO5RSW7A,Recency-Weighted,0.0,0.0
AGXPANV56YQPOP235TR3BO5RSW7A,Essence (K=10),0.0,0.0
AGXPVY7DYHFAPG4XOBQ6U2M4LZAQ,Random,0.0,0.0
AGXPVY7DYHFAPG4XOBQ6U2M4LZAQ,Popularity,0.0,0.0
AGXPVY7DYHFAPG4XOBQ6U2M4LZAQ,CF (ItemKNN),0.02631578947368421,0.25
AGXPVY7DYHFAPG4XOBQ6U2M4LZAQ,Content (Avg Emb),0.0,0.0
AGXPVY7DYHFAPG4XOBQ6U2M4LZAQ,Last-Item,0.05263157894736842,0.25
AGXPVY7DYHFAPG4XOBQ6U2M4LZAQ,Avg-Last-10,0.05263157894736842,0.25
AGXPVY7DYHFAPG4XOBQ6U2M4LZAQ,Recency-Weighted,0.05263157894736842,0.25
AGXPVY7DYHFAPG4XOBQ6U2M4LZAQ,Essence (K=10),0.0,0.0
AGXQFVU7F6FQKRHHNCQNXB6D4MRA,Random,0.0,
AGXQFVU7F6FQKRHHNCQNXB6D4MRA,Popularity,0.0,
AGXQFVU7F6FQKRHHNCQNXB6D4MRA,CF (ItemKNN),0.0,
AGXQFVU7F6FQKRHHNCQNXB6D4MRA,Content (Avg Emb),0.0,
AGXQFVU7F6FQKRHHNCQNXB6D4MRA,Last-Item,0.0,
AGXQFVU7F6FQKRHHNCQNXB6D4MRA,Avg-Last-10,0.0,
AGXQFVU7F6FQKRHHNCQNXB6D4MRA,Recency-Weighted,0.0,
AGXQFVU7F6FQKRHHNCQNXB6D4MRA,Essence (K=10),0.0,
AGXRA37RPRLVBXO6OIF2TDR7PXIQ,Random,0.0,0.0
AGXRA37RPRLVBXO6OIF2TDR7PXIQ,Popularity,0.0,0.0
AGXRA37RPRLVBXO6OIF2TDR7PXIQ,CF (ItemKNN),0.0,0.0
AGXRA37RPRLVBXO6OIF2TDR7PXIQ,Content (Avg Emb),0.0,0.0
AGXRA37RPRLVBXO6OIF2TDR7PXIQ,Last-Item,0.0,0.0
AGXRA37RPRLVBXO6OIF2TDR7PXIQ,Avg-Last-10,0.0,0.0
AGXRA37RPRLVBXO6OIF2TDR7PXIQ,Recency-Weighted,0.0,0.0
AGXRA37RPRLVBXO6OIF2TDR7PXIQ,Essence (K=10),0.0,0.0
AGXRVBTZSVNNFAQH6AYNGVNN3EGA,Random,0.0,
AGXRVBTZSVNNFAQH6AYNGVNN3EGA,Popularity,0.0,
AGXRVBTZSVNNFAQH6AYNGVNN3EGA,CF (ItemKNN),0.0,
AGXRVBTZSVNNFAQH6AYNGVNN3EGA,Content (Avg Emb),0.0,
AGXRVBTZSVNNFAQH6AYNGVNN3EGA,Last-Item,0.0,
AGXRVBTZSVNNFAQH6AYNGVNN3EGA,Avg-Last-10,0.0,
AGXRVBTZSVNNFAQH6AYNGVNN3EGA,Recency-Weighted,0.0,
AGXRVBTZSVNNFAQH6AYNGVNN3EGA,Essence (K=10),0.0,
AGXUUWH2KXP5QMPLUSREJ7J44P7Q,Random,0.0,0.0
AGXUUWH2KXP5QMPLUSREJ7J44P7Q,Popularity,0.0,0.0
AGXUUWH2KXP5QMPLUSREJ7J44P7Q,CF (ItemKNN),0.0,0.0
AGXUUWH2KXP5QMPLUSREJ7J44P7Q,Content (Avg Emb),0.0,0.0
AGXUUWH2KXP5QMPLUSREJ7J44P7Q,Last-Item,0.0,0.0
AGXUUWH2KXP5QMPLUSREJ7J44P7Q,Avg-Last-10,0.0,0.0
AGXUUWH2KXP5QMPLUSREJ7J44P7Q,Recency-Weighted,0.0,0.0
AGXUUWH2KXP5QMPLUSREJ7J44P7Q,Essence (K=10),0.0,0.0
AGXX73HOQ7RSYCWLBF4OFBTLN7WQ,Random,0.0,0.0
AGXX73HOQ7RSYCWLBF4OFBTLN7WQ,Popularity,0.0,0.0
AGXX73HOQ7RSYCWLBF4OFBTLN7WQ,CF (ItemKNN),0.0,0.0
AGXX73HOQ7RSYCWLBF4OFBTLN7WQ,Content (Avg Emb),0.0,0.0
AGXX73HOQ7RSYCWLBF4OFBTLN7WQ,Last-Item,0.0,0.0
AGXX73HOQ7RSYCWLBF4OFBTLN7WQ,Avg-Last-10,0.0,0.0
AGXX73HOQ7RSYCWLBF4OFBTLN7WQ,Recency-Weighted,0.0,0.0
AGXX73HOQ7RSYCWLBF4OFBTLN7WQ,Essence (K=10),0.03333333333333333,0.0
AGXYFWEA2NMWAWH4NUPVTMLNTVDQ,Random,0.0,0.0
AGXYFWEA2NMWAWH4NUPVTMLNTVDQ,Popularity,0.0,0.0
AGXYFWEA2NMWAWH4NUPVTMLNTVDQ,CF (ItemKNN),0.0,0.0
AGXYFWEA2NMWAWH4NUPVTMLNTVDQ,Content (Avg Emb),0.0,0.0
AGXYFWEA2NMWAWH4NUPVTMLNTVDQ,Last-Item,0.0,0.0
AGXYFWEA2NMWAWH4NUPVTMLNTVDQ,Avg-Last-10,0.0,0.0
AGXYFWEA2NMWAWH4NUPVTMLNTVDQ,Recency-Weighted,0.0,0.0
AGXYFWEA2NMWAWH4NUPVTMLNTVDQ,Essence (K=10),0.0,0.0
AGY4TGR2XNVQGUC5PUFHLLIMURFQ,Random,0.0,
AGY4TGR2XNVQGUC5PUFHLLIMURFQ,Popularity,0.0,
AGY4TGR2XNVQGUC5PUFHLLIMURFQ,CF (ItemKNN),0.0,
AGY4TGR2XNVQGUC5PUFHLLIMURFQ,Content (Avg Emb),0.0,
AGY4TGR2XNVQGUC5PUFHLLIMURFQ,Last-Item,0.0,
AGY4TGR2XNVQGUC5PUFHLLIMURFQ,Avg-Last-10,0.0,
AGY4TGR2XNVQGUC5PUFHLLIMURFQ,Recency-Weighted,0.0,
AGY4TGR2XNVQGUC5PUFHLLIMURFQ,Essence (K=10),0.0,
AGYAQHY3RSJM7IQLNKNDGJ5AYMFA,Random,0.0,0.0
AGYAQHY3RSJM7IQLNKNDGJ5AYMFA,Popularity,0.0,0.0
AGYAQHY3RSJM7IQLNKNDGJ5AYMFA,CF (ItemKNN),0.0,0.0
AGYAQHY3RSJM7IQLNKNDGJ5AYMFA,Content (Avg Emb),0.0,0.0
AGYAQHY3RSJM7IQLNKNDGJ5AYMFA,Last-Item,0.0,0.0
AGYAQHY3RSJM7IQLNKNDGJ5AYMFA,Avg-Last-10,0.0,0.0
AGYAQHY3RSJM7IQLNKNDGJ5AYMFA,Recency-Weighted,0.0,0.0
AGYAQHY3RSJM7IQLNKNDGJ5AYMFA,Essence (K=10),0.0,0.0
AGYBGW2VBTU26OJIFPN6VZA2SHAA,Random,0.0,0.0
AGYBGW2VBTU26OJIFPN6VZA2SHAA,Popularity,0.0,0.0
AGYBGW2VBTU26OJIFPN6VZA2SHAA,CF (ItemKNN),0.0,0.0
AGYBGW2VBTU26OJIFPN6VZA2SHAA,Content (Avg Emb),0.0,0.0
AGYBGW2VBTU26OJIFPN6VZA2SHAA,Last-Item,0.0,0.0
AGYBGW2VBTU26OJIFPN6VZA2SHAA,Avg-Last-10,0.0,0.0
AGYBGW2VBTU26OJIFPN6VZA2SHAA,Recency-Weighted,0.0,0.0
AGYBGW2VBTU26OJIFPN6VZA2SHAA,Essence (K=10),0.0,0.0
AGYCMQX7SORWNKVQLJBST3YHM6PQ,Random,0.0,0.0
AGYCMQX7SORWNKVQLJBST3YHM6PQ,Popularity,0.0,0.0
AGYCMQX7SORWNKVQLJBST3YHM6PQ,CF (ItemKNN),0.0,0.0
AGYCMQX7SORWNKVQLJBST3YHM6PQ,Content (Avg Emb),0.0,0.0
AGYCMQX7SORWNKVQLJBST3YHM6PQ,Last-Item,0.0,0.0
AGYCMQX7SORWNKVQLJBST3YHM6PQ,Avg-Last-10,0.0,0.0
AGYCMQX7SORWNKVQLJBST3YHM6PQ,Recency-Weighted,0.0,0.0
AGYCMQX7SORWNKVQLJBST3YHM6PQ,Essence (K=10),0.0,0.0
AGYFLTNRIGYKE2YCSGUJAXKH5M2Q,Random,0.0,0.0
AGYFLTNRIGYKE2YCSGUJAXKH5M2Q,Popularity,0.0,0.0
AGYFLTNRIGYKE2YCSGUJAXKH5M2Q,CF (ItemKNN),0.0,0.0
AGYFLTNRIGYKE2YCSGUJAXKH5M2Q,Content (Avg Emb),0.0,0.0
AGYFLTNRIGYKE2YCSGUJAXKH5M2Q,Last-Item,0.0,0.0
AGYFLTNRIGYKE2YCSGUJAXKH5M2Q,Avg-Last-10,0.0,0.0
AGYFLTNRIGYKE2YCSGUJAXKH5M2Q,Recency-Weighted,0.0,0.0
AGYFLTNRIGYKE2YCSGUJAXKH5M2Q,Essence (K=10),0.0,0.0
AGYMPPRZ4AGDTATWNTVLEPFWTBFA,Random,0.0,0.0
AGYMPPRZ4AGDTATWNTVLEPFWTBFA,Popularity,0.0,0.0
AGYMPPRZ4AGDTATWNTVLEPFWTBFA,CF (ItemKNN),0.0,0.0
AGYMPPRZ4AGDTATWNTVLEPFWTBFA,Content (Avg Emb),0.0,0.0
AGYMPPRZ4AGDTATWNTVLEPFWTBFA,Last-Item,0.0,0.0
AGYMPPRZ4AGDTATWNTVLEPFWTBFA,Avg-Last-10,0.0,0.0
AGYMPPRZ4AGDTATWNTVLEPFWTBFA,Recency-Weighted,0.0,0.0
AGYMPPRZ4AGDTATWNTVLEPFWTBFA,Essence (K=10),0.0,0.0
AGYOQLMPDNT26XDEJXXKIYKCFUNQ,Random,0.0,0.0
AGYOQLMPDNT26XDEJXXKIYKCFUNQ,Popularity,0.0,0.0
AGYOQLMPDNT26XDEJXXKIYKCFUNQ,CF (ItemKNN),0.0,0.0
AGYOQLMPDNT26XDEJXXKIYKCFUNQ,Content (Avg Emb),0.0,0.0
AGYOQLMPDNT26XDEJXXKIYKCFUNQ,Last-Item,0.0,0.0
AGYOQLMPDNT26XDEJXXKIYKCFUNQ,Avg-Last-10,0.0,0.0
AGYOQLMPDNT26XDEJXXKIYKCFUNQ,Recency-Weighted,0.0,0.0
AGYOQLMPDNT26XDEJXXKIYKCFUNQ,Essence (K=10),0.0,0.0
AGYQEQ3VEVKN33PPRCI7BRP6W2FQ,Random,0.0,0.0
AGYQEQ3VEVKN33PPRCI7BRP6W2FQ,Popularity,0.0,0.0
AGYQEQ3VEVKN33PPRCI7BRP6W2FQ,CF (ItemKNN),0.0,0.0
AGYQEQ3VEVKN33PPRCI7BRP6W2FQ,Content (Avg Emb),0.0,0.0
AGYQEQ3VEVKN33PPRCI7BRP6W2FQ,Last-Item,0.0,0.0
AGYQEQ3VEVKN33PPRCI7BRP6W2FQ,Avg-Last-10,0.0,0.0
AGYQEQ3VEVKN33PPRCI7BRP6W2FQ,Recency-Weighted,0.0,0.0
AGYQEQ3VEVKN33PPRCI7BRP6W2FQ,Essence (K=10),0.0,0.0
AGYQHWUVRH5B53VCV5ZJMVK7XI2A,Random,0.0,0.0
AGYQHWUVRH5B53VCV5ZJMVK7XI2A,Popularity,0.0,0.0
AGYQHWUVRH5B53VCV5ZJMVK7XI2A,CF (ItemKNN),0.0,0.0
AGYQHWUVRH5B53VCV5ZJMVK7XI2A,Content (Avg Emb),0.0,0.0
AGYQHWUVRH5B53VCV5ZJMVK7XI2A,Last-Item,0.14285714285714285,0.0
AGYQHWUVRH5B53VCV5ZJMVK7XI2A,Avg-Last-10,0.0,0.0
AGYQHWUVRH5B53VCV5ZJMVK7XI2A,Recency-Weighted,0.0,0.0
AGYQHWUVRH5B53VCV5ZJMVK7XI2A,Essence (K=10),0.0,0.0
AGYSAFZZTS372QLZRRDQUWFKFO2A,Random,0.0,0.0
AGYSAFZZTS372QLZRRDQUWFKFO2A,Popularity,0.0,0.0
AGYSAFZZTS372QLZRRDQUWFKFO2A,CF (ItemKNN),0.16666666666666666,0.0
AGYSAFZZTS372QLZRRDQUWFKFO2A,Content (Avg Emb),0.0,0.0
AGYSAFZZTS372QLZRRDQUWFKFO2A,Last-Item,0.0,0.0
AGYSAFZZTS372QLZRRDQUWFKFO2A,Avg-Last-10,0.0,0.0
AGYSAFZZTS372QLZRRDQUWFKFO2A,Recency-Weighted,0.0,0.0
AGYSAFZZTS372QLZRRDQUWFKFO2A,Essence (K=10),0.0,0.0
AGYWYLS6GOPTKBFEWTT6MTUP2VNQ,Random,0.0,0.0
AGYWYLS6GOPTKBFEWTT6MTUP2VNQ,Popularity,0.0,0.0
AGYWYLS6GOPTKBFEWTT6MTUP2VNQ,CF (ItemKNN),0.0,0.0
AGYWYLS6GOPTKBFEWTT6MTUP2VNQ,Content (Avg Emb),0.0,0.0
AGYWYLS6GOPTKBFEWTT6MTUP2VNQ,Last-Item,0.0,0.0
AGYWYLS6GOPTKBFEWTT6MTUP2VNQ,Avg-Last-10,0.0,0.0
AGYWYLS6GOPTKBFEWTT6MTUP2VNQ,Recency-Weighted,0.0,0.0
AGYWYLS6GOPTKBFEWTT6MTUP2VNQ,Essence (K=10),0.2,0.0
AGYXJGSICKN4ZUQUICDUELAXCUPA,Random,0.0,0.0
AGYXJGSICKN4ZUQUICDUELAXCUPA,Popularity,0.0,0.0
AGYXJGSICKN4ZUQUICDUELAXCUPA,CF (ItemKNN),0.0,0.0
AGYXJGSICKN4ZUQUICDUELAXCUPA,Content (Avg Emb),0.0,0.0
AGYXJGSICKN4ZUQUICDUELAXCUPA,Last-Item,0.0,0.0
AGYXJGSICKN4ZUQUICDUELAXCUPA,Avg-Last-10,0.0,0.0
AGYXJGSICKN4ZUQUICDUELAXCUPA,Recency-Weighted,0.0,0.0
AGYXJGSICKN4ZUQUICDUELAXCUPA,Essence (K=10),0.0,0.0
AGZ6HHURF2ZQ2OA3SERNBO4PEMEQ,Random,0.0,
AGZ6HHURF2ZQ2OA3SERNBO4PEMEQ,Popularity,0.0,
AGZ6HHURF2ZQ2OA3SERNBO4PEMEQ,CF (ItemKNN),0.0,
AGZ6HHURF2ZQ2OA3SERNBO4PEMEQ,Content (Avg Emb),0.0,
AGZ6HHURF2ZQ2OA3SERNBO4PEMEQ,Last-Item,0.0,
AGZ6HHURF2ZQ2OA3SERNBO4PEMEQ,Avg-Last-10,0.0,
AGZ6HHURF2ZQ2OA3SERNBO4PEMEQ,Recency-Weighted,0.0,
AGZ6HHURF2ZQ2OA3SERNBO4PEMEQ,Essence (K=10),0.0,
AGZAHLL5JVNJ27UQMUQM3HXO3CVQ,Random,0.0,
AGZAHLL5JVNJ27UQMUQM3HXO3CVQ,Popularity,0.0,
AGZAHLL5JVNJ27UQMUQM3HXO3CVQ,CF (ItemKNN),0.0,
AGZAHLL5JVNJ27UQMUQM3HXO3CVQ,Content (Avg Emb),0.0,
AGZAHLL5JVNJ27UQMUQM3HXO3CVQ,Last-Item,0.0,
AGZAHLL5JVNJ27UQMUQM3HXO3CVQ,Avg-Last-10,0.0,
AGZAHLL5JVNJ27UQMUQM3HXO3CVQ,Recency-Weighted,0.0,
AGZAHLL5JVNJ27UQMUQM3HXO3CVQ,Essence (K=10),0.0,
AGZC7435URSXORTVTDD53NTAE2SA,Random,0.0,
AGZC7435URSXORTVTDD53NTAE2SA,Popularity,0.0,
AGZC7435URSXORTVTDD53NTAE2SA,CF (ItemKNN),0.0,
AGZC7435URSXORTVTDD53NTAE2SA,Content (Avg Emb),0.0,
AGZC7435URSXORTVTDD53NTAE2SA,Last-Item,0.2,
AGZC7435URSXORTVTDD53NTAE2SA,Avg-Last-10,0.0,
AGZC7435URSXORTVTDD53NTAE2SA,Recency-Weighted,0.0,
AGZC7435URSXORTVTDD53NTAE2SA,Essence (K=10),0.0,
AGZCMD5G32CG3ESZADATS35WZ3IQ,Random,0.0,0.0
AGZCMD5G32CG3ESZADATS35WZ3IQ,Popularity,0.0,0.0
AGZCMD5G32CG3ESZADATS35WZ3IQ,CF (ItemKNN),0.0,0.0
AGZCMD5G32CG3ESZADATS35WZ3IQ,Content (Avg Emb),0.0,0.0
AGZCMD5G32CG3ESZADATS35WZ3IQ,Last-Item,0.0,0.0
AGZCMD5G32CG3ESZADATS35WZ3IQ,Avg-Last-10,0.0,0.0
AGZCMD5G32CG3ESZADATS35WZ3IQ,Recency-Weighted,0.0,0.0
AGZCMD5G32CG3ESZADATS35WZ3IQ,Essence (K=10),0.0,0.0
AGZCSH5ZYNRWH4XDRWQIBCXUWHWA,Random,0.0,
AGZCSH5ZYNRWH4XDRWQIBCXUWHWA,Popularity,0.0,
AGZCSH5ZYNRWH4XDRWQIBCXUWHWA,CF (ItemKNN),0.0,
AGZCSH5ZYNRWH4XDRWQIBCXUWHWA,Content (Avg Emb),0.0,
AGZCSH5ZYNRWH4XDRWQIBCXUWHWA,Last-Item,0.0,
AGZCSH5ZYNRWH4XDRWQIBCXUWHWA,Avg-Last-10,0.0,
AGZCSH5ZYNRWH4XDRWQIBCXUWHWA,Recency-Weighted,0.0,
AGZCSH5ZYNRWH4XDRWQIBCXUWHWA,Essence (K=10),0.0,
AGZDGXZNYHJDVH7DWVTH5Q6RWL7Q,Random,0.0,0.0
AGZDGXZNYHJDVH7DWVTH5Q6RWL7Q,Popularity,0.0,0.0
AGZDGXZNYHJDVH7DWVTH5Q6RWL7Q,CF (ItemKNN),0.0,0.0
AGZDGXZNYHJDVH7DWVTH5Q6RWL7Q,Content (Avg Emb),0.0,0.0
AGZDGXZNYHJDVH7DWVTH5Q6RWL7Q,Last-Item,0.0,0.0
AGZDGXZNYHJDVH7DWVTH5Q6RWL7Q,Avg-Last-10,0.0,0.0
AGZDGXZNYHJDVH7DWVTH5Q6RWL7Q,Recency-Weighted,0.0,0.0
AGZDGXZNYHJDVH7DWVTH5Q6RWL7Q,Essence (K=10),0.0,0.0
AGZEPTJWCXSWXWX7GZDX2SQYD2AA,Random,0.0,0.0
AGZEPTJWCXSWXWX7GZDX2SQYD2AA,Popularity,0.0,0.0
AGZEPTJWCXSWXWX7GZDX2SQYD2AA,CF (ItemKNN),0.0,0.0
AGZEPTJWCXSWXWX7GZDX2SQYD2AA,Content (Avg Emb),0.0,0.0
AGZEPTJWCXSWXWX7GZDX2SQYD2AA,Last-Item,0.0,0.0
AGZEPTJWCXSWXWX7GZDX2SQYD2AA,Avg-Last-10,0.0,0.0
AGZEPTJWCXSWXWX7GZDX2SQYD2AA,Recency-Weighted,0.0,0.0
AGZEPTJWCXSWXWX7GZDX2SQYD2AA,Essence (K=10),0.0,0.0
AGZFGWNGNTWNQ52WYLAL6GO7MBHQ,Random,0.0,0.0
AGZFGWNGNTWNQ52WYLAL6GO7MBHQ,Popularity,0.0,0.0
AGZFGWNGNTWNQ52WYLAL6GO7MBHQ,CF (ItemKNN),0.0,0.0
AGZFGWNGNTWNQ52WYLAL6GO7MBHQ,Content (Avg Emb),0.0,0.0
AGZFGWNGNTWNQ52WYLAL6GO7MBHQ,Last-Item,0.0,0.0
AGZFGWNGNTWNQ52WYLAL6GO7MBHQ,Avg-Last-10,0.0,0.0
AGZFGWNGNTWNQ52WYLAL6GO7MBHQ,Recency-Weighted,0.0,0.0
AGZFGWNGNTWNQ52WYLAL6GO7MBHQ,Essence (K=10),0.0,0.0
AGZGN6WV3DWMBS5CN4AXEXMYLMRA,Random,0.0,0.0
AGZGN6WV3DWMBS5CN4AXEXMYLMRA,Popularity,0.0,0.0
AGZGN6WV3DWMBS5CN4AXEXMYLMRA,CF (ItemKNN),0.0,0.0
AGZGN6WV3DWMBS5CN4AXEXMYLMRA,Content (Avg Emb),0.0,0.0
AGZGN6WV3DWMBS5CN4AXEXMYLMRA,Last-Item,0.0,0.0
AGZGN6WV3DWMBS5CN4AXEXMYLMRA,Avg-Last-10,0.0,0.0
AGZGN6WV3DWMBS5CN4AXEXMYLMRA,Recency-Weighted,0.0,0.0
AGZGN6WV3DWMBS5CN4AXEXMYLMRA,Essence (K=10),0.0,0.0
AGZKEZMHPTHHXFPE4O5XO4PWAHSQ,Random,0.0,0.0
AGZKEZMHPTHHXFPE4O5XO4PWAHSQ,Popularity,0.0,0.0
AGZKEZMHPTHHXFPE4O5XO4PWAHSQ,CF (ItemKNN),0.0,0.0
AGZKEZMHPTHHXFPE4O5XO4PWAHSQ,Content (Avg Emb),0.0,0.0
AGZKEZMHPTHHXFPE4O5XO4PWAHSQ,Last-Item,0.0,0.0
AGZKEZMHPTHHXFPE4O5XO4PWAHSQ,Avg-Last-10,0.2,1.0
AGZKEZMHPTHHXFPE4O5XO4PWAHSQ,Recency-Weighted,0.2,1.0
AGZKEZMHPTHHXFPE4O5XO4PWAHSQ,Essence (K=10),0.4,1.0
AGZT6KUVJYUFGZOAHLXX37LBRAAA,Random,0.0,0.0
AGZT6KUVJYUFGZOAHLXX37LBRAAA,Popularity,0.0,0.0
AGZT6KUVJYUFGZOAHLXX37LBRAAA,CF (ItemKNN),0.0,0.0
AGZT6KUVJYUFGZOAHLXX37LBRAAA,Content (Avg Emb),0.0,0.0
AGZT6KUVJYUFGZOAHLXX37LBRAAA,Last-Item,0.0,0.0
AGZT6KUVJYUFGZOAHLXX37LBRAAA,Avg-Last-10,0.0,0.0
AGZT6KUVJYUFGZOAHLXX37LBRAAA,Recency-Weighted,0.0,0.0
AGZT6KUVJYUFGZOAHLXX37LBRAAA,Essence (K=10),0.0,0.0
AGZV6FZR3TX556HFLGLA2OSFNI6Q,Random,0.0,
AGZV6FZR3TX556HFLGLA2OSFNI6Q,Popularity,0.0,
AGZV6FZR3TX556HFLGLA2OSFNI6Q,CF (ItemKNN),0.0,
AGZV6FZR3TX556HFLGLA2OSFNI6Q,Content (Avg Emb),0.0,
AGZV6FZR3TX556HFLGLA2OSFNI6Q,Last-Item,0.25,
AGZV6FZR3TX556HFLGLA2OSFNI6Q,Avg-Last-10,0.0,
AGZV6FZR3TX556HFLGLA2OSFNI6Q,Recency-Weighted,0.0,
AGZV6FZR3TX556HFLGLA2OSFNI6Q,Essence (K=10),0.0,
AGZVA5WGPNF23JZKK3FTGM4V36JA,Random,0.0,0.0
AGZVA5WGPNF23JZKK3FTGM4V36JA,Popularity,0.0,0.0
AGZVA5WGPNF23JZKK3FTGM4V36JA,CF (ItemKNN),0.0,0.0
AGZVA5WGPNF23JZKK3FTGM4V36JA,Content (Avg Emb),0.0,0.0
AGZVA5WGPNF23JZKK3FTGM4V36JA,Last-Item,0.0,0.0
AGZVA5WGPNF23JZKK3FTGM4V36JA,Avg-Last-10,0.0,0.0
AGZVA5WGPNF23JZKK3FTGM4V36JA,Recency-Weighted,0.0,0.0
AGZVA5WGPNF23JZKK3FTGM4V36JA,Essence (K=10),0.0,0.0
AGZZC7NVQCFFZF6V7TRXDEFHFR2A,Random,0.0,0.0
AGZZC7NVQCFFZF6V7TRXDEFHFR2A,Popularity,0.0,0.0
AGZZC7NVQCFFZF6V7TRXDEFHFR2A,CF (ItemKNN),0.0,0.0
AGZZC7NVQCFFZF6V7TRXDEFHFR2A,Content (Avg Emb),0.0,0.0
AGZZC7NVQCFFZF6V7TRXDEFHFR2A,Last-Item,0.0,0.0
AGZZC7NVQCFFZF6V7TRXDEFHFR2A,Avg-Last-10,0.0,0.0
AGZZC7NVQCFFZF6V7TRXDEFHFR2A,Recency-Weighted,0.0,0.0
AGZZC7NVQCFFZF6V7TRXDEFHFR2A,Essence (K=10),0.0,0.0
AH23KVPPAIVTSTPNWMP4YOX332LA,Random,0.0,
AH23KVPPAIVTSTPNWMP4YOX332LA,Popularity,0.0,
AH23KVPPAIVTSTPNWMP4YOX332LA,CF (ItemKNN),0.0,
AH23KVPPAIVTSTPNWMP4YOX332LA,Content (Avg Emb),0.0,
AH23KVPPAIVTSTPNWMP4YOX332LA,Last-Item,0.0,
AH23KVPPAIVTSTPNWMP4YOX332LA,Avg-Last-10,0.0,
AH23KVPPAIVTSTPNWMP4YOX332LA,Recency-Weighted,0.0,
AH23KVPPAIVTSTPNWMP4YOX332LA,Essence (K=10),0.0,
AH25HY77QDK6SKCT5DWZIXLZ37IQ,Random,0.0,0.0
AH25HY77QDK6SKCT5DWZIXLZ37IQ,Popularity,0.0,0.0
AH25HY77QDK6SKCT5DWZIXLZ37IQ,CF (ItemKNN),0.0,0.0
AH25HY77QDK6SKCT5DWZIXLZ37IQ,Content (Avg Emb),0.0,0.0
AH25HY77QDK6SKCT5DWZIXLZ37IQ,Last-Item,0.0,0.0
AH25HY77QDK6SKCT5DWZIXLZ37IQ,Avg-Last-10,0.0,0.0
AH25HY77QDK6SKCT5DWZIXLZ37IQ,Recency-Weighted,0.0,0.0
AH25HY77QDK6SKCT5DWZIXLZ37IQ,Essence (K=10),0.0,0.0
AH26US6WERRKF4ECFTCXK3I6RXWQ,Random,0.0,0.0
AH26US6WERRKF4ECFTCXK3I6RXWQ,Popularity,0.0,0.0
AH26US6WERRKF4ECFTCXK3I6RXWQ,CF (ItemKNN),0.0,0.0
AH26US6WERRKF4ECFTCXK3I6RXWQ,Content (Avg Emb),0.0,0.0
AH26US6WERRKF4ECFTCXK3I6RXWQ,Last-Item,0.0,0.0
AH26US6WERRKF4ECFTCXK3I6RXWQ,Avg-Last-10,0.0,0.0
AH26US6WERRKF4ECFTCXK3I6RXWQ,Recency-Weighted,0.0,0.0
AH26US6WERRKF4ECFTCXK3I6RXWQ,Essence (K=10),0.0,0.0
AH27FP6P62WSLCHAT4KV6CK5LK6A,Random,0.0,
AH27FP6P62WSLCHAT4KV6CK5LK6A,Popularity,0.0,
AH27FP6P62WSLCHAT4KV6CK5LK6A,CF (ItemKNN),0.0,
AH27FP6P62WSLCHAT4KV6CK5LK6A,Content (Avg Emb),0.0,
AH27FP6P62WSLCHAT4KV6CK5LK6A,Last-Item,0.0,
AH27FP6P62WSLCHAT4KV6CK5LK6A,Avg-Last-10,0.0,
AH27FP6P62WSLCHAT4KV6CK5LK6A,Recency-Weighted,0.0,
AH27FP6P62WSLCHAT4KV6CK5LK6A,Essence (K=10),0.0,
AH27VNW4PJTWXFLP4KTMBJPU74GQ,Random,0.0,0.0
AH27VNW4PJTWXFLP4KTMBJPU74GQ,Popularity,0.0,0.0
AH27VNW4PJTWXFLP4KTMBJPU74GQ,CF (ItemKNN),0.0,0.0
AH27VNW4PJTWXFLP4KTMBJPU74GQ,Content (Avg Emb),0.0,0.0
AH27VNW4PJTWXFLP4KTMBJPU74GQ,Last-Item,0.0,0.0
AH27VNW4PJTWXFLP4KTMBJPU74GQ,Avg-Last-10,0.0,0.0
AH27VNW4PJTWXFLP4KTMBJPU74GQ,Recency-Weighted,0.0,0.0
AH27VNW4PJTWXFLP4KTMBJPU74GQ,Essence (K=10),0.0,0.0
AH2BUHF7A3PK5ZVWNDXJYAD6KKOA,Random,0.0,
AH2BUHF7A3PK5ZVWNDXJYAD6KKOA,Popularity,0.0,
AH2BUHF7A3PK5ZVWNDXJYAD6KKOA,CF (ItemKNN),0.0,
AH2BUHF7A3PK5ZVWNDXJYAD6KKOA,Content (Avg Emb),0.0,
AH2BUHF7A3PK5ZVWNDXJYAD6KKOA,Last-Item,0.0,
AH2BUHF7A3PK5ZVWNDXJYAD6KKOA,Avg-Last-10,0.0,
AH2BUHF7A3PK5ZVWNDXJYAD6KKOA,Recency-Weighted,0.0,
AH2BUHF7A3PK5ZVWNDXJYAD6KKOA,Essence (K=10),0.0,
AH2FAQZXZOQVS6WIEGXNBS4VX6LA,Random,0.0,0.0
AH2FAQZXZOQVS6WIEGXNBS4VX6LA,Popularity,0.0,0.0
AH2FAQZXZOQVS6WIEGXNBS4VX6LA,CF (ItemKNN),0.0,0.0
AH2FAQZXZOQVS6WIEGXNBS4VX6LA,Content (Avg Emb),0.0,0.0
AH2FAQZXZOQVS6WIEGXNBS4VX6LA,Last-Item,0.0,0.0
AH2FAQZXZOQVS6WIEGXNBS4VX6LA,Avg-Last-10,0.0,0.0
AH2FAQZXZOQVS6WIEGXNBS4VX6LA,Recency-Weighted,0.0,0.0
AH2FAQZXZOQVS6WIEGXNBS4VX6LA,Essence (K=10),0.0,0.0
AH2G3ZBFARX4X2ZYY6D2JLPSZDWQ,Random,0.0,0.0
AH2G3ZBFARX4X2ZYY6D2JLPSZDWQ,Popularity,0.0,0.0
AH2G3ZBFARX4X2ZYY6D2JLPSZDWQ,CF (ItemKNN),0.0,0.0
AH2G3ZBFARX4X2ZYY6D2JLPSZDWQ,Content (Avg Emb),0.0,0.0
AH2G3ZBFARX4X2ZYY6D2JLPSZDWQ,Last-Item,0.0,0.0
AH2G3ZBFARX4X2ZYY6D2JLPSZDWQ,Avg-Last-10,0.0,0.0
AH2G3ZBFARX4X2ZYY6D2JLPSZDWQ,Recency-Weighted,0.0,0.0
AH2G3ZBFARX4X2ZYY6D2JLPSZDWQ,Essence (K=10),0.0,0.0
AH2GTGGDOJIBXJK5D3GF3QYI5UGA,Random,0.0,
AH2GTGGDOJIBXJK5D3GF3QYI5UGA,Popularity,0.0,
AH2GTGGDOJIBXJK5D3GF3QYI5UGA,CF (ItemKNN),0.0,
AH2GTGGDOJIBXJK5D3GF3QYI5UGA,Content (Avg Emb),0.0,
AH2GTGGDOJIBXJK5D3GF3QYI5UGA,Last-Item,0.0,
AH2GTGGDOJIBXJK5D3GF3QYI5UGA,Avg-Last-10,0.0,
AH2GTGGDOJIBXJK5D3GF3QYI5UGA,Recency-Weighted,0.0,
AH2GTGGDOJIBXJK5D3GF3QYI5UGA,Essence (K=10),0.0,
AH2HIVVJJ6A4XB7RJLZTAAEROYIQ,Random,0.0,0.0
AH2HIVVJJ6A4XB7RJLZTAAEROYIQ,Popularity,0.0,0.0
AH2HIVVJJ6A4XB7RJLZTAAEROYIQ,CF (ItemKNN),0.0,0.0
AH2HIVVJJ6A4XB7RJLZTAAEROYIQ,Content (Avg Emb),0.0,0.0
AH2HIVVJJ6A4XB7RJLZTAAEROYIQ,Last-Item,0.0,0.0
AH2HIVVJJ6A4XB7RJLZTAAEROYIQ,Avg-Last-10,0.0,0.0
AH2HIVVJJ6A4XB7RJLZTAAEROYIQ,Recency-Weighted,0.0,0.0
AH2HIVVJJ6A4XB7RJLZTAAEROYIQ,Essence (K=10),0.0,0.0
AH2IQHEG5XFPBGKYCFIUCMXDOX3Q,Random,0.0,
AH2IQHEG5XFPBGKYCFIUCMXDOX3Q,Popularity,0.0,
AH2IQHEG5XFPBGKYCFIUCMXDOX3Q,CF (ItemKNN),0.0,
AH2IQHEG5XFPBGKYCFIUCMXDOX3Q,Content (Avg Emb),0.0,
AH2IQHEG5XFPBGKYCFIUCMXDOX3Q,Last-Item,0.0,
AH2IQHEG5XFPBGKYCFIUCMXDOX3Q,Avg-Last-10,0.0,
AH2IQHEG5XFPBGKYCFIUCMXDOX3Q,Recency-Weighted,0.0,
AH2IQHEG5XFPBGKYCFIUCMXDOX3Q,Essence (K=10),0.0,
AH2KC7SRRR5HAYBQKZKVZDDOELPA,Random,0.0,0.0
AH2KC7SRRR5HAYBQKZKVZDDOELPA,Popularity,0.0,0.0
AH2KC7SRRR5HAYBQKZKVZDDOELPA,CF (ItemKNN),0.0,0.0
AH2KC7SRRR5HAYBQKZKVZDDOELPA,Content (Avg Emb),0.0,0.0
AH2KC7SRRR5HAYBQKZKVZDDOELPA,Last-Item,0.0,0.0
AH2KC7SRRR5HAYBQKZKVZDDOELPA,Avg-Last-10,0.0,0.0
AH2KC7SRRR5HAYBQKZKVZDDOELPA,Recency-Weighted,0.0,0.0
AH2KC7SRRR5HAYBQKZKVZDDOELPA,Essence (K=10),0.0,0.0
AH2OWAHA2VX3GFKIE3T5BX72GJRQ,Random,0.0,0.0
AH2OWAHA2VX3GFKIE3T5BX72GJRQ,Popularity,0.0,0.0
AH2OWAHA2VX3GFKIE3T5BX72GJRQ,CF (ItemKNN),0.0,0.0
AH2OWAHA2VX3GFKIE3T5BX72GJRQ,Content (Avg Emb),0.0,0.0
AH2OWAHA2VX3GFKIE3T5BX72GJRQ,Last-Item,0.125,0.0
AH2OWAHA2VX3GFKIE3T5BX72GJRQ,Avg-Last-10,0.0,0.0
AH2OWAHA2VX3GFKIE3T5BX72GJRQ,Recency-Weighted,0.0,0.0
AH2OWAHA2VX3GFKIE3T5BX72GJRQ,Essence (K=10),0.0,0.0
AH2TUXOFANK6LBHVYA4E7EFQXMTQ,Random,0.0,0.0
AH2TUXOFANK6LBHVYA4E7EFQXMTQ,Popularity,0.0,0.0
AH2TUXOFANK6LBHVYA4E7EFQXMTQ,CF (ItemKNN),0.0,0.0
AH2TUXOFANK6LBHVYA4E7EFQXMTQ,Content (Avg Emb),0.0,0.0
AH2TUXOFANK6LBHVYA4E7EFQXMTQ,Last-Item,0.0,0.0
AH2TUXOFANK6LBHVYA4E7EFQXMTQ,Avg-Last-10,0.0,0.0
AH2TUXOFANK6LBHVYA4E7EFQXMTQ,Recency-Weighted,0.0,0.0
AH2TUXOFANK6LBHVYA4E7EFQXMTQ,Essence (K=10),0.0,0.0
AH2VNF2LKSMG27ZE3KVCS3CTGBDA,Random,0.0,0.0
AH2VNF2LKSMG27ZE3KVCS3CTGBDA,Popularity,0.0,0.0
AH2VNF2LKSMG27ZE3KVCS3CTGBDA,CF (ItemKNN),0.0,0.0
AH2VNF2LKSMG27ZE3KVCS3CTGBDA,Content (Avg Emb),0.2,0.0
AH2VNF2LKSMG27ZE3KVCS3CTGBDA,Last-Item,0.0,0.0
AH2VNF2LKSMG27ZE3KVCS3CTGBDA,Avg-Last-10,0.0,0.0
AH2VNF2LKSMG27ZE3KVCS3CTGBDA,Recency-Weighted,0.0,0.0
AH2VNF2LKSMG27ZE3KVCS3CTGBDA,Essence (K=10),0.2,0.0
AH32WWHOXX44L2I56C4FMIIVJ4HQ,Random,0.0,
AH32WWHOXX44L2I56C4FMIIVJ4HQ,Popularity,0.0,
AH32WWHOXX44L2I56C4FMIIVJ4HQ,CF (ItemKNN),0.0,
AH32WWHOXX44L2I56C4FMIIVJ4HQ,Content (Avg Emb),0.0,
AH32WWHOXX44L2I56C4FMIIVJ4HQ,Last-Item,0.0,
AH32WWHOXX44L2I56C4FMIIVJ4HQ,Avg-Last-10,0.0,
AH32WWHOXX44L2I56C4FMIIVJ4HQ,Recency-Weighted,0.0,
AH32WWHOXX44L2I56C4FMIIVJ4HQ,Essence (K=10),0.2,
AH33RHMYYFWJYVWJJTOAEPFBZHDQ,Random,0.0,0.0
AH33RHMYYFWJYVWJJTOAEPFBZHDQ,Popularity,0.0,0.0
AH33RHMYYFWJYVWJJTOAEPFBZHDQ,CF (ItemKNN),0.0,0.0
AH33RHMYYFWJYVWJJTOAEPFBZHDQ,Content (Avg Emb),0.0,0.0
AH33RHMYYFWJYVWJJTOAEPFBZHDQ,Last-Item,0.0,0.0
AH33RHMYYFWJYVWJJTOAEPFBZHDQ,Avg-Last-10,0.0,0.0
AH33RHMYYFWJYVWJJTOAEPFBZHDQ,Recency-Weighted,0.0,0.0
AH33RHMYYFWJYVWJJTOAEPFBZHDQ,Essence (K=10),0.0,0.0
AH34RIXGI36EBUEIHL3IMSXVL7MA,Random,0.0,0.0
AH34RIXGI36EBUEIHL3IMSXVL7MA,Popularity,0.0,0.0
AH34RIXGI36EBUEIHL3IMSXVL7MA,CF (ItemKNN),0.0,0.0
AH34RIXGI36EBUEIHL3IMSXVL7MA,Content (Avg Emb),0.0,0.0
AH34RIXGI36EBUEIHL3IMSXVL7MA,Last-Item,0.0,0.0
AH34RIXGI36EBUEIHL3IMSXVL7MA,Avg-Last-10,0.0,0.0
AH34RIXGI36EBUEIHL3IMSXVL7MA,Recency-Weighted,0.0,0.0
AH34RIXGI36EBUEIHL3IMSXVL7MA,Essence (K=10),0.0,0.0
AH3AYO3JS6LDYIXCL42KNWCNSRAQ,Random,0.0,0.0
AH3AYO3JS6LDYIXCL42KNWCNSRAQ,Popularity,0.0,0.0
AH3AYO3JS6LDYIXCL42KNWCNSRAQ,CF (ItemKNN),0.0,0.0
AH3AYO3JS6LDYIXCL42KNWCNSRAQ,Content (Avg Emb),0.0,0.0
AH3AYO3JS6LDYIXCL42KNWCNSRAQ,Last-Item,0.0,0.0
AH3AYO3JS6LDYIXCL42KNWCNSRAQ,Avg-Last-10,0.0,0.0
AH3AYO3JS6LDYIXCL42KNWCNSRAQ,Recency-Weighted,0.0,0.0
AH3AYO3JS6LDYIXCL42KNWCNSRAQ,Essence (K=10),0.04,0.0
AH3DQATQ4GGYD5XXP63Y4M4HUF4Q,Random,0.0,0.0
AH3DQATQ4GGYD5XXP63Y4M4HUF4Q,Popularity,0.0,0.0
AH3DQATQ4GGYD5XXP63Y4M4HUF4Q,CF (ItemKNN),0.0,0.0
AH3DQATQ4GGYD5XXP63Y4M4HUF4Q,Content (Avg Emb),0.0,0.0
AH3DQATQ4GGYD5XXP63Y4M4HUF4Q,Last-Item,0.0,0.0
AH3DQATQ4GGYD5XXP63Y4M4HUF4Q,Avg-Last-10,0.0,0.0
AH3DQATQ4GGYD5XXP63Y4M4HUF4Q,Recency-Weighted,0.0,0.0
AH3DQATQ4GGYD5XXP63Y4M4HUF4Q,Essence (K=10),0.0,0.0
AH3GYNKNKCK3RMESE7LWH6EP7REA,Random,0.0,
AH3GYNKNKCK3RMESE7LWH6EP7REA,Popularity,0.0,
AH3GYNKNKCK3RMESE7LWH6EP7REA,CF (ItemKNN),0.0,
AH3GYNKNKCK3RMESE7LWH6EP7REA,Content (Avg Emb),0.25,
AH3GYNKNKCK3RMESE7LWH6EP7REA,Last-Item,0.0,
AH3GYNKNKCK3RMESE7LWH6EP7REA,Avg-Last-10,0.25,
AH3GYNKNKCK3RMESE7LWH6EP7REA,Recency-Weighted,0.0,
AH3GYNKNKCK3RMESE7LWH6EP7REA,Essence (K=10),0.0,
AH3I5PJWQVC73QGJVRVR5GK5CMJQ,Random,0.0,
AH3I5PJWQVC73QGJVRVR5GK5CMJQ,Popularity,0.0,
AH3I5PJWQVC73QGJVRVR5GK5CMJQ,CF (ItemKNN),0.0,
AH3I5PJWQVC73QGJVRVR5GK5CMJQ,Content (Avg Emb),0.0,
AH3I5PJWQVC73QGJVRVR5GK5CMJQ,Last-Item,0.0,
AH3I5PJWQVC73QGJVRVR5GK5CMJQ,Avg-Last-10,0.0,
AH3I5PJWQVC73QGJVRVR5GK5CMJQ,Recency-Weighted,0.0,
AH3I5PJWQVC73QGJVRVR5GK5CMJQ,Essence (K=10),0.0,
AH3KOVKRR42LN5TBRGVD63IOUIRQ,Random,0.0,0.0
AH3KOVKRR42LN5TBRGVD63IOUIRQ,Popularity,0.0,0.0
AH3KOVKRR42LN5TBRGVD63IOUIRQ,CF (ItemKNN),0.0,0.0
AH3KOVKRR42LN5TBRGVD63IOUIRQ,Content (Avg Emb),0.0,0.0
AH3KOVKRR42LN5TBRGVD63IOUIRQ,Last-Item,0.0,0.0
AH3KOVKRR42LN5TBRGVD63IOUIRQ,Avg-Last-10,0.0,0.0
AH3KOVKRR42LN5TBRGVD63IOUIRQ,Recency-Weighted,0.0,0.0
AH3KOVKRR42LN5TBRGVD63IOUIRQ,Essence (K=10),0.0,0.0
AH3O2TNJRJIZYCMV3OLEM2F5A4DA,Random,0.0,0.0
AH3O2TNJRJIZYCMV3OLEM2F5A4DA,Popularity,0.0,0.0
AH3O2TNJRJIZYCMV3OLEM2F5A4DA,CF (ItemKNN),0.0,0.0
AH3O2TNJRJIZYCMV3OLEM2F5A4DA,Content (Avg Emb),0.0,0.0
AH3O2TNJRJIZYCMV3OLEM2F5A4DA,Last-Item,0.0,0.0
AH3O2TNJRJIZYCMV3OLEM2F5A4DA,Avg-Last-10,0.0,0.0
AH3O2TNJRJIZYCMV3OLEM2F5A4DA,Recency-Weighted,0.0,0.0
AH3O2TNJRJIZYCMV3OLEM2F5A4DA,Essence (K=10),0.0,0.0
AH3P6L5V4CSFCMD6AZBWYD7X27LA,Random,0.0,0.0
AH3P6L5V4CSFCMD6AZBWYD7X27LA,Popularity,0.0,0.0
AH3P6L5V4CSFCMD6AZBWYD7X27LA,CF (ItemKNN),0.0,0.0
AH3P6L5V4CSFCMD6AZBWYD7X27LA,Content (Avg Emb),0.16666666666666666,0.0
AH3P6L5V4CSFCMD6AZBWYD7X27LA,Last-Item,0.16666666666666666,0.0
AH3P6L5V4CSFCMD6AZBWYD7X27LA,Avg-Last-10,0.3333333333333333,0.0
AH3P6L5V4CSFCMD6AZBWYD7X27LA,Recency-Weighted,0.5,0.0
AH3P6L5V4CSFCMD6AZBWYD7X27LA,Essence (K=10),0.5,0.0
AH3T7IW5Y43NB4DN7B6V6PD5SZCQ,Random,0.0,
AH3T7IW5Y43NB4DN7B6V6PD5SZCQ,Popularity,0.0,
AH3T7IW5Y43NB4DN7B6V6PD5SZCQ,CF (ItemKNN),0.0,
AH3T7IW5Y43NB4DN7B6V6PD5SZCQ,Content (Avg Emb),0.0,
AH3T7IW5Y43NB4DN7B6V6PD5SZCQ,Last-Item,0.14285714285714285,
AH3T7IW5Y43NB4DN7B6V6PD5SZCQ,Avg-Last-10,0.0,
AH3T7IW5Y43NB4DN7B6V6PD5SZCQ,Recency-Weighted,0.0,
AH3T7IW5Y43NB4DN7B6V6PD5SZCQ,Essence (K=10),0.14285714285714285,
AH3USHITQ6YSYJET2SFESP6GVAGQ,Random,0.0,0.0
AH3USHITQ6YSYJET2SFESP6GVAGQ,Popularity,0.0,0.0
AH3USHITQ6YSYJET2SFESP6GVAGQ,CF (ItemKNN),0.0,0.0
AH3USHITQ6YSYJET2SFESP6GVAGQ,Content (Avg Emb),0.0,0.0
AH3USHITQ6YSYJET2SFESP6GVAGQ,Last-Item,0.0,0.0
AH3USHITQ6YSYJET2SFESP6GVAGQ,Avg-Last-10,0.0,0.0
AH3USHITQ6YSYJET2SFESP6GVAGQ,Recency-Weighted,0.0,0.0
AH3USHITQ6YSYJET2SFESP6GVAGQ,Essence (K=10),0.0,0.0
AH3YYDSBQVNKS2MGZCGWLZA6F7QA,Random,0.0,
AH3YYDSBQVNKS2MGZCGWLZA6F7QA,Popularity,0.0,
AH3YYDSBQVNKS2MGZCGWLZA6F7QA,CF (ItemKNN),0.0,
AH3YYDSBQVNKS2MGZCGWLZA6F7QA,Content (Avg Emb),0.2,
AH3YYDSBQVNKS2MGZCGWLZA6F7QA,Last-Item,0.2,
AH3YYDSBQVNKS2MGZCGWLZA6F7QA,Avg-Last-10,0.0,
AH3YYDSBQVNKS2MGZCGWLZA6F7QA,Recency-Weighted,0.2,
AH3YYDSBQVNKS2MGZCGWLZA6F7QA,Essence (K=10),0.0,
AH46F5IQWUJA4PW4I4NM2TSE4SOA,Random,0.0,0.0
AH46F5IQWUJA4PW4I4NM2TSE4SOA,Popularity,0.0,0.0
AH46F5IQWUJA4PW4I4NM2TSE4SOA,CF (ItemKNN),0.0,0.0
AH46F5IQWUJA4PW4I4NM2TSE4SOA,Content (Avg Emb),0.0,0.0
AH46F5IQWUJA4PW4I4NM2TSE4SOA,Last-Item,0.0,0.0
AH46F5IQWUJA4PW4I4NM2TSE4SOA,Avg-Last-10,0.0,0.0
AH46F5IQWUJA4PW4I4NM2TSE4SOA,Recency-Weighted,0.0,0.0
AH46F5IQWUJA4PW4I4NM2TSE4SOA,Essence (K=10),0.0,0.0
AH46VH7BDUNL5ZMK56O2T4GO2Q6A,Random,0.0,0.0
AH46VH7BDUNL5ZMK56O2T4GO2Q6A,Popularity,0.0,0.0
AH46VH7BDUNL5ZMK56O2T4GO2Q6A,CF (ItemKNN),0.0,0.0
AH46VH7BDUNL5ZMK56O2T4GO2Q6A,Content (Avg Emb),0.0,0.0
AH46VH7BDUNL5ZMK56O2T4GO2Q6A,Last-Item,0.0,0.0
AH46VH7BDUNL5ZMK56O2T4GO2Q6A,Avg-Last-10,0.0,0.0
AH46VH7BDUNL5ZMK56O2T4GO2Q6A,Recency-Weighted,0.0,0.0
AH46VH7BDUNL5ZMK56O2T4GO2Q6A,Essence (K=10),0.0,0.0
AH474GXYYKHXC27XQLF6WZDGLOXQ,Random,0.0,0.0
AH474GXYYKHXC27XQLF6WZDGLOXQ,Popularity,0.0,0.0
AH474GXYYKHXC27XQLF6WZDGLOXQ,CF (ItemKNN),0.0,0.0
AH474GXYYKHXC27XQLF6WZDGLOXQ,Content (Avg Emb),0.2857142857142857,0.5
AH474GXYYKHXC27XQLF6WZDGLOXQ,Last-Item,0.0,0.0
AH474GXYYKHXC27XQLF6WZDGLOXQ,Avg-Last-10,0.2857142857142857,0.5
AH474GXYYKHXC27XQLF6WZDGLOXQ,Recency-Weighted,0.2857142857142857,0.5
AH474GXYYKHXC27XQLF6WZDGLOXQ,Essence (K=10),0.0,0.0
AH4BEWYOOYKX65BCLAKTONHCEVIQ,Random,0.0,0.0
AH4BEWYOOYKX65BCLAKTONHCEVIQ,Popularity,0.0,0.0
AH4BEWYOOYKX65BCLAKTONHCEVIQ,CF (ItemKNN),0.0,0.0
AH4BEWYOOYKX65BCLAKTONHCEVIQ,Content (Avg Emb),0.0,0.0
AH4BEWYOOYKX65BCLAKTONHCEVIQ,Last-Item,0.0,0.0
AH4BEWYOOYKX65BCLAKTONHCEVIQ,Avg-Last-10,0.0,0.0
AH4BEWYOOYKX65BCLAKTONHCEVIQ,Recency-Weighted,0.0,0.0
AH4BEWYOOYKX65BCLAKTONHCEVIQ,Essence (K=10),0.0,0.0
AH4LZBW2GRUR5BKUZ7GAKCNUW4EA,Random,0.0,0.0
AH4LZBW2GRUR5BKUZ7GAKCNUW4EA,Popularity,0.0,0.0
AH4LZBW2GRUR5BKUZ7GAKCNUW4EA,CF (ItemKNN),0.0,0.0
AH4LZBW2GRUR5BKUZ7GAKCNUW4EA,Content (Avg Emb),0.0,0.0
AH4LZBW2GRUR5BKUZ7GAKCNUW4EA,Last-Item,0.2,0.5
AH4LZBW2GRUR5BKUZ7GAKCNUW4EA,Avg-Last-10,0.0,0.0
AH4LZBW2GRUR5BKUZ7GAKCNUW4EA,Recency-Weighted,0.0,0.0
AH4LZBW2GRUR5BKUZ7GAKCNUW4EA,Essence (K=10),0.2,0.5
AH4RZAFFWLLYDZ5HQFYN7NREQVKQ,Random,0.0,0.0
AH4RZAFFWLLYDZ5HQFYN7NREQVKQ,Popularity,0.0,0.0
AH4RZAFFWLLYDZ5HQFYN7NREQVKQ,CF (ItemKNN),0.0,0.0
AH4RZAFFWLLYDZ5HQFYN7NREQVKQ,Content (Avg Emb),0.0,0.0
AH4RZAFFWLLYDZ5HQFYN7NREQVKQ,Last-Item,0.0,0.0
AH4RZAFFWLLYDZ5HQFYN7NREQVKQ,Avg-Last-10,0.0,0.0
AH4RZAFFWLLYDZ5HQFYN7NREQVKQ,Recency-Weighted,0.0,0.0
AH4RZAFFWLLYDZ5HQFYN7NREQVKQ,Essence (K=10),0.0,0.0
AH4VFMIO7MB3WE63AUC2ABAIHRPQ,Random,0.0,0.0
AH4VFMIO7MB3WE63AUC2ABAIHRPQ,Popularity,0.0,0.0
AH4VFMIO7MB3WE63AUC2ABAIHRPQ,CF (ItemKNN),0.0,0.0
AH4VFMIO7MB3WE63AUC2ABAIHRPQ,Content (Avg Emb),0.0,0.0
AH4VFMIO7MB3WE63AUC2ABAIHRPQ,Last-Item,0.0,0.0
AH4VFMIO7MB3WE63AUC2ABAIHRPQ,Avg-Last-10,0.0,0.0
AH4VFMIO7MB3WE63AUC2ABAIHRPQ,Recency-Weighted,0.0,0.0
AH4VFMIO7MB3WE63AUC2ABAIHRPQ,Essence (K=10),0.0,0.0
AH4XZE7MZMEN543DGINJQ6U2AGYA,Random,0.0,0.0
AH4XZE7MZMEN543DGINJQ6U2AGYA,Popularity,0.0,0.0
AH4XZE7MZMEN543DGINJQ6U2AGYA,CF (ItemKNN),0.0,0.0
AH4XZE7MZMEN543DGINJQ6U2AGYA,Content (Avg Emb),0.0,0.0
AH4XZE7MZMEN543DGINJQ6U2AGYA,Last-Item,0.0,0.0
AH4XZE7MZMEN543DGINJQ6U2AGYA,Avg-Last-10,0.0,0.0
AH4XZE7MZMEN543DGINJQ6U2AGYA,Recency-Weighted,0.0,0.0
AH4XZE7MZMEN543DGINJQ6U2AGYA,Essence (K=10),0.0,0.0
AH56DJACUKMRMSRO64Y5YBHSNFVQ,Random,0.0,0.0
AH56DJACUKMRMSRO64Y5YBHSNFVQ,Popularity,0.0,0.0
AH56DJACUKMRMSRO64Y5YBHSNFVQ,CF (ItemKNN),0.0,0.0
AH56DJACUKMRMSRO64Y5YBHSNFVQ,Content (Avg Emb),0.0,0.0
AH56DJACUKMRMSRO64Y5YBHSNFVQ,Last-Item,0.0,0.0
AH56DJACUKMRMSRO64Y5YBHSNFVQ,Avg-Last-10,0.0,0.0
AH56DJACUKMRMSRO64Y5YBHSNFVQ,Recency-Weighted,0.0,0.0
AH56DJACUKMRMSRO64Y5YBHSNFVQ,Essence (K=10),0.0,0.0
AH5A3OEGR57ZIE5SZ5PO5BHMYWQA,Random,0.0,0.0
AH5A3OEGR57ZIE5SZ5PO5BHMYWQA,Popularity,0.0,0.0
AH5A3OEGR57ZIE5SZ5PO5BHMYWQA,CF (ItemKNN),0.0,0.0
AH5A3OEGR57ZIE5SZ5PO5BHMYWQA,Content (Avg Emb),0.0,0.0
AH5A3OEGR57ZIE5SZ5PO5BHMYWQA,Last-Item,0.0,0.0
AH5A3OEGR57ZIE5SZ5PO5BHMYWQA,Avg-Last-10,0.0,0.0
AH5A3OEGR57ZIE5SZ5PO5BHMYWQA,Recency-Weighted,0.0,0.0
AH5A3OEGR57ZIE5SZ5PO5BHMYWQA,Essence (K=10),0.0,0.0
AH5ESTLEYNSBKWSGOA5FXHAIMRRQ,Random,0.0,
AH5ESTLEYNSBKWSGOA5FXHAIMRRQ,Popularity,0.0,
AH5ESTLEYNSBKWSGOA5FXHAIMRRQ,CF (ItemKNN),0.0,
AH5ESTLEYNSBKWSGOA5FXHAIMRRQ,Content (Avg Emb),0.0,
AH5ESTLEYNSBKWSGOA5FXHAIMRRQ,Last-Item,0.25,
AH5ESTLEYNSBKWSGOA5FXHAIMRRQ,Avg-Last-10,0.0,
AH5ESTLEYNSBKWSGOA5FXHAIMRRQ,Recency-Weighted,0.0,
AH5ESTLEYNSBKWSGOA5FXHAIMRRQ,Essence (K=10),0.0,
AH5G2DB7VQXZ2MH72S22LIGZ7F3Q,Random,0.0,0.0
AH5G2DB7VQXZ2MH72S22LIGZ7F3Q,Popularity,0.0,0.0
AH5G2DB7VQXZ2MH72S22LIGZ7F3Q,CF (ItemKNN),0.0,0.0
AH5G2DB7VQXZ2MH72S22LIGZ7F3Q,Content (Avg Emb),0.0,0.0
AH5G2DB7VQXZ2MH72S22LIGZ7F3Q,Last-Item,0.0,0.0
AH5G2DB7VQXZ2MH72S22LIGZ7F3Q,Avg-Last-10,0.0,0.0
AH5G2DB7VQXZ2MH72S22LIGZ7F3Q,Recency-Weighted,0.0,0.0
AH5G2DB7VQXZ2MH72S22LIGZ7F3Q,Essence (K=10),0.0,0.0
AH5HLSCDKIN5T5EFOHDVJUS7RXPQ,Random,0.0,0.0
AH5HLSCDKIN5T5EFOHDVJUS7RXPQ,Popularity,0.0,0.0
AH5HLSCDKIN5T5EFOHDVJUS7RXPQ,CF (ItemKNN),0.0,0.0
AH5HLSCDKIN5T5EFOHDVJUS7RXPQ,Content (Avg Emb),0.0,0.0
AH5HLSCDKIN5T5EFOHDVJUS7RXPQ,Last-Item,0.0,0.0
AH5HLSCDKIN5T5EFOHDVJUS7RXPQ,Avg-Last-10,0.0,0.0
AH5HLSCDKIN5T5EFOHDVJUS7RXPQ,Recency-Weighted,0.0,0.0
AH5HLSCDKIN5T5EFOHDVJUS7RXPQ,Essence (K=10),0.0,0.0
AH5NA6LIKHFQO3CDP6LULJT6VLYA,Random,0.0,0.0
AH5NA6LIKHFQO3CDP6LULJT6VLYA,Popularity,0.0,0.0
AH5NA6LIKHFQO3CDP6LULJT6VLYA,CF (ItemKNN),0.0,0.0
AH5NA6LIKHFQO3CDP6LULJT6VLYA,Content (Avg Emb),0.03333333333333333,0.0
AH5NA6LIKHFQO3CDP6LULJT6VLYA,Last-Item,0.0,0.0
AH5NA6LIKHFQO3CDP6LULJT6VLYA,Avg-Last-10,0.06666666666666667,0.14285714285714285
AH5NA6LIKHFQO3CDP6LULJT6VLYA,Recency-Weighted,0.1,0.14285714285714285
AH5NA6LIKHFQO3CDP6LULJT6VLYA,Essence (K=10),0.03333333333333333,0.14285714285714285
AH5OHMDSBMWMYMOA2734WQRJPYOA,Random,0.0,
AH5OHMDSBMWMYMOA2734WQRJPYOA,Popularity,0.0,
AH5OHMDSBMWMYMOA2734WQRJPYOA,CF (ItemKNN),0.0,
AH5OHMDSBMWMYMOA2734WQRJPYOA,Content (Avg Emb),0.0,
AH5OHMDSBMWMYMOA2734WQRJPYOA,Last-Item,0.0,
AH5OHMDSBMWMYMOA2734WQRJPYOA,Avg-Last-10,0.0,
AH5OHMDSBMWMYMOA2734WQRJPYOA,Recency-Weighted,0.0,
AH5OHMDSBMWMYMOA2734WQRJPYOA,Essence (K=10),0.0,
AH5QGTU36JXYGYPMAR2RWYFJ6UNQ,Random,0.0,
AH5QGTU36JXYGYPMAR2RWYFJ6UNQ,Popularity,0.0,
AH5QGTU36JXYGYPMAR2RWYFJ6UNQ,CF (ItemKNN),0.0,
AH5QGTU36JXYGYPMAR2RWYFJ6UNQ,Content (Avg Emb),0.0,
AH5QGTU36JXYGYPMAR2RWYFJ6UNQ,Last-Item,0.0,
AH5QGTU36JXYGYPMAR2RWYFJ6UNQ,Avg-Last-10,0.0,
AH5QGTU36JXYGYPMAR2RWYFJ6UNQ,Recency-Weighted,0.0,
AH5QGTU36JXYGYPMAR2RWYFJ6UNQ,Essence (K=10),0.0,
AH5SCTPI23KZM6SOSL4KMT6K3ALQ,Random,0.0,0.0
AH5SCTPI23KZM6SOSL4KMT6K3ALQ,Popularity,0.0,0.0
AH5SCTPI23KZM6SOSL4KMT6K3ALQ,CF (ItemKNN),0.0,0.0
AH5SCTPI23KZM6SOSL4KMT6K3ALQ,Content (Avg Emb),0.0,0.0
AH5SCTPI23KZM6SOSL4KMT6K3ALQ,Last-Item,0.0,0.0
AH5SCTPI23KZM6SOSL4KMT6K3ALQ,Avg-Last-10,0.0,0.0
AH5SCTPI23KZM6SOSL4KMT6K3ALQ,Recency-Weighted,0.0,0.0
AH5SCTPI23KZM6SOSL4KMT6K3ALQ,Essence (K=10),0.0,0.0
AH63IT3Q6OA23O3S4TZ3LJYYNBIQ,Random,0.0,0.0
AH63IT3Q6OA23O3S4TZ3LJYYNBIQ,Popularity,0.0,0.0
AH63IT3Q6OA23O3S4TZ3LJYYNBIQ,CF (ItemKNN),0.0,0.0
AH63IT3Q6OA23O3S4TZ3LJYYNBIQ,Content (Avg Emb),0.0,0.0
AH63IT3Q6OA23O3S4TZ3LJYYNBIQ,Last-Item,0.0,0.0
AH63IT3Q6OA23O3S4TZ3LJYYNBIQ,Avg-Last-10,0.0,0.0
AH63IT3Q6OA23O3S4TZ3LJYYNBIQ,Recency-Weighted,0.0,0.0
AH63IT3Q6OA23O3S4TZ3LJYYNBIQ,Essence (K=10),0.0,0.0
AH66FDRMCEV536LI3WLBAXSMGVGA,Random,0.0,
AH66FDRMCEV536LI3WLBAXSMGVGA,Popularity,0.0,
AH66FDRMCEV536LI3WLBAXSMGVGA,CF (ItemKNN),0.0,
AH66FDRMCEV536LI3WLBAXSMGVGA,Content (Avg Emb),0.0,
AH66FDRMCEV536LI3WLBAXSMGVGA,Last-Item,0.0,
AH66FDRMCEV536LI3WLBAXSMGVGA,Avg-Last-10,0.0,
AH66FDRMCEV536LI3WLBAXSMGVGA,Recency-Weighted,0.0,
AH66FDRMCEV536LI3WLBAXSMGVGA,Essence (K=10),0.0,
AH6C44AOMHR4YPCDHNF36L2WTXMQ,Random,0.0,0.0
AH6C44AOMHR4YPCDHNF36L2WTXMQ,Popularity,0.0,0.0
AH6C44AOMHR4YPCDHNF36L2WTXMQ,CF (ItemKNN),0.0,0.0
AH6C44AOMHR4YPCDHNF36L2WTXMQ,Content (Avg Emb),0.0,0.0
AH6C44AOMHR4YPCDHNF36L2WTXMQ,Last-Item,0.1111111111111111,0.0
AH6C44AOMHR4YPCDHNF36L2WTXMQ,Avg-Last-10,0.0,0.0
AH6C44AOMHR4YPCDHNF36L2WTXMQ,Recency-Weighted,0.0,0.0
AH6C44AOMHR4YPCDHNF36L2WTXMQ,Essence (K=10),0.0,0.0
AH6CCBGTTQVS67QHNTOKUDY5MM3A,Random,0.0,
AH6CCBGTTQVS67QHNTOKUDY5MM3A,Popularity,0.0,
AH6CCBGTTQVS67QHNTOKUDY5MM3A,CF (ItemKNN),0.0,
AH6CCBGTTQVS67QHNTOKUDY5MM3A,Content (Avg Emb),0.0,
AH6CCBGTTQVS67QHNTOKUDY5MM3A,Last-Item,0.0,
AH6CCBGTTQVS67QHNTOKUDY5MM3A,Avg-Last-10,0.0,
AH6CCBGTTQVS67QHNTOKUDY5MM3A,Recency-Weighted,0.0,
AH6CCBGTTQVS67QHNTOKUDY5MM3A,Essence (K=10),0.0,
AH6CMWZ754IEXWWHQMY2BPG6AM6A,Random,0.0,0.0
AH6CMWZ754IEXWWHQMY2BPG6AM6A,Popularity,0.0,0.0
AH6CMWZ754IEXWWHQMY2BPG6AM6A,CF (ItemKNN),0.0,0.0
AH6CMWZ754IEXWWHQMY2BPG6AM6A,Content (Avg Emb),0.0,0.0
AH6CMWZ754IEXWWHQMY2BPG6AM6A,Last-Item,0.0,0.0
AH6CMWZ754IEXWWHQMY2BPG6AM6A,Avg-Last-10,0.0,0.0
AH6CMWZ754IEXWWHQMY2BPG6AM6A,Recency-Weighted,0.0,0.0
AH6CMWZ754IEXWWHQMY2BPG6AM6A,Essence (K=10),0.0,0.0
AH6HLVUEFNKAYSH24X6BTYR3LEXQ,Random,0.0,
AH6HLVUEFNKAYSH24X6BTYR3LEXQ,Popularity,0.0,
AH6HLVUEFNKAYSH24X6BTYR3LEXQ,CF (ItemKNN),0.0,
AH6HLVUEFNKAYSH24X6BTYR3LEXQ,Content (Avg Emb),0.1,
AH6HLVUEFNKAYSH24X6BTYR3LEXQ,Last-Item,0.2,
AH6HLVUEFNKAYSH24X6BTYR3LEXQ,Avg-Last-10,0.0,
AH6HLVUEFNKAYSH24X6BTYR3LEXQ,Recency-Weighted,0.1,
AH6HLVUEFNKAYSH24X6BTYR3LEXQ,Essence (K=10),0.0,
AH6JK5PWUORTLJHXFBB53VS6FX7Q,Random,0.0,0.0
AH6JK5PWUORTLJHXFBB53VS6FX7Q,Popularity,0.0,0.0
AH6JK5PWUORTLJHXFBB53VS6FX7Q,CF (ItemKNN),0.0,0.0
AH6JK5PWUORTLJHXFBB53VS6FX7Q,Content (Avg Emb),0.0,0.0
AH6JK5PWUORTLJHXFBB53VS6FX7Q,Last-Item,0.0,0.0
AH6JK5PWUORTLJHXFBB53VS6FX7Q,Avg-Last-10,0.0,0.0
AH6JK5PWUORTLJHXFBB53VS6FX7Q,Recency-Weighted,0.0,0.0
AH6JK5PWUORTLJHXFBB53VS6FX7Q,Essence (K=10),0.0,0.0
AH6MFPSE2S47CLSAZYTPZGJOZMQA,Random,0.0,0.0
AH6MFPSE2S47CLSAZYTPZGJOZMQA,Popularity,0.0,0.0
AH6MFPSE2S47CLSAZYTPZGJOZMQA,CF (ItemKNN),0.0,0.0
AH6MFPSE2S47CLSAZYTPZGJOZMQA,Content (Avg Emb),0.0,0.0
AH6MFPSE2S47CLSAZYTPZGJOZMQA,Last-Item,0.0,0.0
AH6MFPSE2S47CLSAZYTPZGJOZMQA,Avg-Last-10,0.0,0.0
AH6MFPSE2S47CLSAZYTPZGJOZMQA,Recency-Weighted,0.0,0.0
AH6MFPSE2S47CLSAZYTPZGJOZMQA,Essence (K=10),0.25,0.25
AH6N2IJZ4CJBVSDEPCUHSYKRAKOA,Random,0.0,0.0
AH6N2IJZ4CJBVSDEPCUHSYKRAKOA,Popularity,0.0,0.0
AH6N2IJZ4CJBVSDEPCUHSYKRAKOA,CF (ItemKNN),0.2,0.5
AH6N2IJZ4CJBVSDEPCUHSYKRAKOA,Content (Avg Emb),0.2,0.5
AH6N2IJZ4CJBVSDEPCUHSYKRAKOA,Last-Item,0.2,0.5
AH6N2IJZ4CJBVSDEPCUHSYKRAKOA,Avg-Last-10,0.2,0.5
AH6N2IJZ4CJBVSDEPCUHSYKRAKOA,Recency-Weighted,0.2,0.5
AH6N2IJZ4CJBVSDEPCUHSYKRAKOA,Essence (K=10),0.0,0.0
AH6QFLGTZUWMNELVVPEQMFYXCCCA,Random,0.0,0.0
AH6QFLGTZUWMNELVVPEQMFYXCCCA,Popularity,0.0,0.0
AH6QFLGTZUWMNELVVPEQMFYXCCCA,CF (ItemKNN),0.0,0.0
AH6QFLGTZUWMNELVVPEQMFYXCCCA,Content (Avg Emb),0.1,0.0
AH6QFLGTZUWMNELVVPEQMFYXCCCA,Last-Item,0.0,0.0
AH6QFLGTZUWMNELVVPEQMFYXCCCA,Avg-Last-10,0.0,0.0
AH6QFLGTZUWMNELVVPEQMFYXCCCA,Recency-Weighted,0.0,0.0
AH6QFLGTZUWMNELVVPEQMFYXCCCA,Essence (K=10),0.0,0.0
AH6QQOPBE6MOWEI6IUDUO24LVXUQ,Random,0.0,
AH6QQOPBE6MOWEI6IUDUO24LVXUQ,Popularity,0.0,
AH6QQOPBE6MOWEI6IUDUO24LVXUQ,CF (ItemKNN),0.0,
AH6QQOPBE6MOWEI6IUDUO24LVXUQ,Content (Avg Emb),0.0,
AH6QQOPBE6MOWEI6IUDUO24LVXUQ,Last-Item,0.0,
AH6QQOPBE6MOWEI6IUDUO24LVXUQ,Avg-Last-10,0.0,
AH6QQOPBE6MOWEI6IUDUO24LVXUQ,Recency-Weighted,0.0,
AH6QQOPBE6MOWEI6IUDUO24LVXUQ,Essence (K=10),0.0,
AH6T6ORA6TQ6WPUTTL7JY4NSGUUA,Random,0.0,
AH6T6ORA6TQ6WPUTTL7JY4NSGUUA,Popularity,0.0,
AH6T6ORA6TQ6WPUTTL7JY4NSGUUA,CF (ItemKNN),0.0,
AH6T6ORA6TQ6WPUTTL7JY4NSGUUA,Content (Avg Emb),0.0,
AH6T6ORA6TQ6WPUTTL7JY4NSGUUA,Last-Item,0.0,
AH6T6ORA6TQ6WPUTTL7JY4NSGUUA,Avg-Last-10,0.0,
AH6T6ORA6TQ6WPUTTL7JY4NSGUUA,Recency-Weighted,0.0,
AH6T6ORA6TQ6WPUTTL7JY4NSGUUA,Essence (K=10),0.0,
AH6WIJ5MTYHU6KFPQKAWEU2DDILA,Random,0.0,
AH6WIJ5MTYHU6KFPQKAWEU2DDILA,Popularity,0.0,
AH6WIJ5MTYHU6KFPQKAWEU2DDILA,CF (ItemKNN),0.0,
AH6WIJ5MTYHU6KFPQKAWEU2DDILA,Content (Avg Emb),0.0,
AH6WIJ5MTYHU6KFPQKAWEU2DDILA,Last-Item,0.0,
AH6WIJ5MTYHU6KFPQKAWEU2DDILA,Avg-Last-10,0.0,
AH6WIJ5MTYHU6KFPQKAWEU2DDILA,Recency-Weighted,0.0,
AH6WIJ5MTYHU6KFPQKAWEU2DDILA,Essence (K=10),0.25,
AH6WLMC4CLGSVJN6AJGCWES6WSBQ,Random,0.0,
AH6WLMC4CLGSVJN6AJGCWES6WSBQ,Popularity,0.0,
AH6WLMC4CLGSVJN6AJGCWES6WSBQ,CF (ItemKNN),0.0,
AH6WLMC4CLGSVJN6AJGCWES6WSBQ,Content (Avg Emb),0.0,
AH6WLMC4CLGSVJN6AJGCWES6WSBQ,Last-Item,0.0,
AH6WLMC4CLGSVJN6AJGCWES6WSBQ,Avg-Last-10,0.0,
AH6WLMC4CLGSVJN6AJGCWES6WSBQ,Recency-Weighted,0.0,
AH6WLMC4CLGSVJN6AJGCWES6WSBQ,Essence (K=10),0.0,
AH7CPCRY2MGU4ZHHLOCFNKGLYVCA,Random,0.0,0.0
AH7CPCRY2MGU4ZHHLOCFNKGLYVCA,Popularity,0.0,0.0
AH7CPCRY2MGU4ZHHLOCFNKGLYVCA,CF (ItemKNN),0.0,0.0
AH7CPCRY2MGU4ZHHLOCFNKGLYVCA,Content (Avg Emb),0.0,0.0
AH7CPCRY2MGU4ZHHLOCFNKGLYVCA,Last-Item,0.0,0.0
AH7CPCRY2MGU4ZHHLOCFNKGLYVCA,Avg-Last-10,0.0,0.0
AH7CPCRY2MGU4ZHHLOCFNKGLYVCA,Recency-Weighted,0.0,0.0
AH7CPCRY2MGU4ZHHLOCFNKGLYVCA,Essence (K=10),0.0,0.0
AH7EQ5VNR7BOW3IEI2C6OGIIVBUA,Random,0.0,0.0
AH7EQ5VNR7BOW3IEI2C6OGIIVBUA,Popularity,0.0,0.0
AH7EQ5VNR7BOW3IEI2C6OGIIVBUA,CF (ItemKNN),0.0,0.0
AH7EQ5VNR7BOW3IEI2C6OGIIVBUA,Content (Avg Emb),0.0,0.0
AH7EQ5VNR7BOW3IEI2C6OGIIVBUA,Last-Item,0.0,0.0
AH7EQ5VNR7BOW3IEI2C6OGIIVBUA,Avg-Last-10,0.0,0.0
AH7EQ5VNR7BOW3IEI2C6OGIIVBUA,Recency-Weighted,0.0,0.0
AH7EQ5VNR7BOW3IEI2C6OGIIVBUA,Essence (K=10),0.0,0.0
AH7FSYKZ2E3FADRNITUPDMWCYJ3Q,Random,0.0,
AH7FSYKZ2E3FADRNITUPDMWCYJ3Q,Popularity,0.0,
AH7FSYKZ2E3FADRNITUPDMWCYJ3Q,CF (ItemKNN),0.0,
AH7FSYKZ2E3FADRNITUPDMWCYJ3Q,Content (Avg Emb),0.0,
AH7FSYKZ2E3FADRNITUPDMWCYJ3Q,Last-Item,0.0,
AH7FSYKZ2E3FADRNITUPDMWCYJ3Q,Avg-Last-10,0.0,
AH7FSYKZ2E3FADRNITUPDMWCYJ3Q,Recency-Weighted,0.0,
AH7FSYKZ2E3FADRNITUPDMWCYJ3Q,Essence (K=10),0.0,
AH7GUVVKGGPJ74ULLJXXUQ6TDQTQ,Random,0.0,0.0
AH7GUVVKGGPJ74ULLJXXUQ6TDQTQ,Popularity,0.0,0.0
AH7GUVVKGGPJ74ULLJXXUQ6TDQTQ,CF (ItemKNN),0.0,0.0
AH7GUVVKGGPJ74ULLJXXUQ6TDQTQ,Content (Avg Emb),0.0,0.0
AH7GUVVKGGPJ74ULLJXXUQ6TDQTQ,Last-Item,0.25,0.0
AH7GUVVKGGPJ74ULLJXXUQ6TDQTQ,Avg-Last-10,0.0,0.0
AH7GUVVKGGPJ74ULLJXXUQ6TDQTQ,Recency-Weighted,0.0,0.0
AH7GUVVKGGPJ74ULLJXXUQ6TDQTQ,Essence (K=10),0.0,0.0
AH7IA4WM2ISEQKMFCKVXWCZCLD7Q,Random,0.0,0.0
AH7IA4WM2ISEQKMFCKVXWCZCLD7Q,Popularity,0.0,0.0
AH7IA4WM2ISEQKMFCKVXWCZCLD7Q,CF (ItemKNN),0.0,0.0
AH7IA4WM2ISEQKMFCKVXWCZCLD7Q,Content (Avg Emb),0.0,0.0
AH7IA4WM2ISEQKMFCKVXWCZCLD7Q,Last-Item,0.0,0.0
AH7IA4WM2ISEQKMFCKVXWCZCLD7Q,Avg-Last-10,0.0,0.0
AH7IA4WM2ISEQKMFCKVXWCZCLD7Q,Recency-Weighted,0.0,0.0
AH7IA4WM2ISEQKMFCKVXWCZCLD7Q,Essence (K=10),0.0,0.0
AH7PCORVT76UBL3QQWA37M67XCAA,Random,0.0,0.0
AH7PCORVT76UBL3QQWA37M67XCAA,Popularity,0.0,0.0
AH7PCORVT76UBL3QQWA37M67XCAA,CF (ItemKNN),0.0,0.0
AH7PCORVT76UBL3QQWA37M67XCAA,Content (Avg Emb),0.0,0.0
AH7PCORVT76UBL3QQWA37M67XCAA,Last-Item,0.0,0.0
AH7PCORVT76UBL3QQWA37M67XCAA,Avg-Last-10,0.0,0.0
AH7PCORVT76UBL3QQWA37M67XCAA,Recency-Weighted,0.0,0.0
AH7PCORVT76UBL3QQWA37M67XCAA,Essence (K=10),0.0,0.0
AH7Q4H467WU4X3C7PG7RL2ON3X5Q,Random,0.0,0.0
AH7Q4H467WU4X3C7PG7RL2ON3X5Q,Popularity,0.0,0.0
AH7Q4H467WU4X3C7PG7RL2ON3X5Q,CF (ItemKNN),0.0,0.0
AH7Q4H467WU4X3C7PG7RL2ON3X5Q,Content (Avg Emb),0.0,0.0
AH7Q4H467WU4X3C7PG7RL2ON3X5Q,Last-Item,0.0,0.0
AH7Q4H467WU4X3C7PG7RL2ON3X5Q,Avg-Last-10,0.0,0.0
AH7Q4H467WU4X3C7PG7RL2ON3X5Q,Recency-Weighted,0.0,0.0
AH7Q4H467WU4X3C7PG7RL2ON3X5Q,Essence (K=10),0.0,0.0
AH7YFMUQ4T3L4F4AXWH6W35CAUTA,Random,0.0,0.0
AH7YFMUQ4T3L4F4AXWH6W35CAUTA,Popularity,0.0,0.0
AH7YFMUQ4T3L4F4AXWH6W35CAUTA,CF (ItemKNN),0.0,0.0
AH7YFMUQ4T3L4F4AXWH6W35CAUTA,Content (Avg Emb),0.16666666666666666,0.0
AH7YFMUQ4T3L4F4AXWH6W35CAUTA,Last-Item,0.0,0.0
AH7YFMUQ4T3L4F4AXWH6W35CAUTA,Avg-Last-10,0.08333333333333333,0.0
AH7YFMUQ4T3L4F4AXWH6W35CAUTA,Recency-Weighted,0.16666666666666666,0.0
AH7YFMUQ4T3L4F4AXWH6W35CAUTA,Essence (K=10),0.0,0.0
AHAAEJSXRPI5GRKDAFQACXEHSAJQ,Random,0.0,0.0
AHAAEJSXRPI5GRKDAFQACXEHSAJQ,Popularity,0.0,0.0
AHAAEJSXRPI5GRKDAFQACXEHSAJQ,CF (ItemKNN),0.0,0.0
AHAAEJSXRPI5GRKDAFQACXEHSAJQ,Content (Avg Emb),0.0,0.0
AHAAEJSXRPI5GRKDAFQACXEHSAJQ,Last-Item,0.0,0.0
AHAAEJSXRPI5GRKDAFQACXEHSAJQ,Avg-Last-10,0.0,0.0
AHAAEJSXRPI5GRKDAFQACXEHSAJQ,Recency-Weighted,0.0,0.0
AHAAEJSXRPI5GRKDAFQACXEHSAJQ,Essence (K=10),0.0,0.0
AHACQI3FPGL524EFQWSXOJG7VT5A,Random,0.0,0.0
AHACQI3FPGL524EFQWSXOJG7VT5A,Popularity,0.0,0.0
AHACQI3FPGL524EFQWSXOJG7VT5A,CF (ItemKNN),0.0,0.0
AHACQI3FPGL524EFQWSXOJG7VT5A,Content (Avg Emb),0.09090909090909091,0.0
AHACQI3FPGL524EFQWSXOJG7VT5A,Last-Item,0.09090909090909091,0.0
AHACQI3FPGL524EFQWSXOJG7VT5A,Avg-Last-10,0.09090909090909091,0.0
AHACQI3FPGL524EFQWSXOJG7VT5A,Recency-Weighted,0.09090909090909091,0.0
AHACQI3FPGL524EFQWSXOJG7VT5A,Essence (K=10),0.09090909090909091,0.0
AHADKG2OOQNIJBR7XRDI243NSZ3Q,Random,0.0,0.0
AHADKG2OOQNIJBR7XRDI243NSZ3Q,Popularity,0.0,0.0
AHADKG2OOQNIJBR7XRDI243NSZ3Q,CF (ItemKNN),0.0,0.0
AHADKG2OOQNIJBR7XRDI243NSZ3Q,Content (Avg Emb),0.0,0.0
AHADKG2OOQNIJBR7XRDI243NSZ3Q,Last-Item,0.0,0.0
AHADKG2OOQNIJBR7XRDI243NSZ3Q,Avg-Last-10,0.0,0.0
AHADKG2OOQNIJBR7XRDI243NSZ3Q,Recency-Weighted,0.0,0.0
AHADKG2OOQNIJBR7XRDI243NSZ3Q,Essence (K=10),0.0,0.0
AHAIEIRSORRPA62USNQVCCQSJLBQ,Random,0.0,0.0
AHAIEIRSORRPA62USNQVCCQSJLBQ,Popularity,0.0,0.0
AHAIEIRSORRPA62USNQVCCQSJLBQ,CF (ItemKNN),0.0,0.0
AHAIEIRSORRPA62USNQVCCQSJLBQ,Content (Avg Emb),0.0,0.0
AHAIEIRSORRPA62USNQVCCQSJLBQ,Last-Item,0.0,0.0
AHAIEIRSORRPA62USNQVCCQSJLBQ,Avg-Last-10,0.0,0.0
AHAIEIRSORRPA62USNQVCCQSJLBQ,Recency-Weighted,0.0,0.0
AHAIEIRSORRPA62USNQVCCQSJLBQ,Essence (K=10),0.0,0.0
AHAMHLUWZTVCHUQLQNDZZAAX4KGA,Random,0.0,
AHAMHLUWZTVCHUQLQNDZZAAX4KGA,Popularity,0.0,
AHAMHLUWZTVCHUQLQNDZZAAX4KGA,CF (ItemKNN),0.0,
AHAMHLUWZTVCHUQLQNDZZAAX4KGA,Content (Avg Emb),0.0,
AHAMHLUWZTVCHUQLQNDZZAAX4KGA,Last-Item,0.0,
AHAMHLUWZTVCHUQLQNDZZAAX4KGA,Avg-Last-10,0.0,
AHAMHLUWZTVCHUQLQNDZZAAX4KGA,Recency-Weighted,0.0,
AHAMHLUWZTVCHUQLQNDZZAAX4KGA,Essence (K=10),0.0,
AHAPOSKRPSKSAMXOKGNSUYWI5WOQ,Random,0.0,0.0
AHAPOSKRPSKSAMXOKGNSUYWI5WOQ,Popularity,0.0,0.0
AHAPOSKRPSKSAMXOKGNSUYWI5WOQ,CF (ItemKNN),0.0,0.0
AHAPOSKRPSKSAMXOKGNSUYWI5WOQ,Content (Avg Emb),0.0,0.0
AHAPOSKRPSKSAMXOKGNSUYWI5WOQ,Last-Item,0.0,0.0
AHAPOSKRPSKSAMXOKGNSUYWI5WOQ,Avg-Last-10,0.0,0.0
AHAPOSKRPSKSAMXOKGNSUYWI5WOQ,Recency-Weighted,0.0,0.0
AHAPOSKRPSKSAMXOKGNSUYWI5WOQ,Essence (K=10),0.0,0.0
AHAR2YSTNGRIJYEQBVS7W67JYS5A,Random,0.0,0.0
AHAR2YSTNGRIJYEQBVS7W67JYS5A,Popularity,0.0,0.0
AHAR2YSTNGRIJYEQBVS7W67JYS5A,CF (ItemKNN),0.0,0.0
AHAR2YSTNGRIJYEQBVS7W67JYS5A,Content (Avg Emb),0.0,0.0
AHAR2YSTNGRIJYEQBVS7W67JYS5A,Last-Item,0.0,0.0
AHAR2YSTNGRIJYEQBVS7W67JYS5A,Avg-Last-10,0.0,0.0
AHAR2YSTNGRIJYEQBVS7W67JYS5A,Recency-Weighted,0.0,0.0
AHAR2YSTNGRIJYEQBVS7W67JYS5A,Essence (K=10),0.0,0.0
AHARTDWK3UVRFPYYSKR5GHWTPA6A,Random,0.0,0.0
AHARTDWK3UVRFPYYSKR5GHWTPA6A,Popularity,0.0,0.0
AHARTDWK3UVRFPYYSKR5GHWTPA6A,CF (ItemKNN),0.0,0.0
AHARTDWK3UVRFPYYSKR5GHWTPA6A,Content (Avg Emb),0.0,0.0
AHARTDWK3UVRFPYYSKR5GHWTPA6A,Last-Item,0.0,0.0
AHARTDWK3UVRFPYYSKR5GHWTPA6A,Avg-Last-10,0.0,0.0
AHARTDWK3UVRFPYYSKR5GHWTPA6A,Recency-Weighted,0.0,0.0
AHARTDWK3UVRFPYYSKR5GHWTPA6A,Essence (K=10),0.0,0.0
AHAWBIWDFA7Z7EORQUHNKXOPBZYA,Random,0.0,
AHAWBIWDFA7Z7EORQUHNKXOPBZYA,Popularity,0.0,
AHAWBIWDFA7Z7EORQUHNKXOPBZYA,CF (ItemKNN),0.0,
AHAWBIWDFA7Z7EORQUHNKXOPBZYA,Content (Avg Emb),0.0,
AHAWBIWDFA7Z7EORQUHNKXOPBZYA,Last-Item,0.0,
AHAWBIWDFA7Z7EORQUHNKXOPBZYA,Avg-Last-10,0.0,
AHAWBIWDFA7Z7EORQUHNKXOPBZYA,Recency-Weighted,0.0,
AHAWBIWDFA7Z7EORQUHNKXOPBZYA,Essence (K=10),0.0,
AHAYX6YWLK52LPXFSE2QUNMMS44A,Random,0.0,
AHAYX6YWLK52LPXFSE2QUNMMS44A,Popularity,0.0,
AHAYX6YWLK52LPXFSE2QUNMMS44A,CF (ItemKNN),0.0,
AHAYX6YWLK52LPXFSE2QUNMMS44A,Content (Avg Emb),0.0,
AHAYX6YWLK52LPXFSE2QUNMMS44A,Last-Item,0.0,
AHAYX6YWLK52LPXFSE2QUNMMS44A,Avg-Last-10,0.0,
AHAYX6YWLK52LPXFSE2QUNMMS44A,Recency-Weighted,0.0,
AHAYX6YWLK52LPXFSE2QUNMMS44A,Essence (K=10),0.0,
AHB25DQEPBAQXEJMRTTRHYBLBEEQ,Random,0.0,0.0
AHB25DQEPBAQXEJMRTTRHYBLBEEQ,Popularity,0.0,0.0
AHB25DQEPBAQXEJMRTTRHYBLBEEQ,CF (ItemKNN),0.0,0.0
AHB25DQEPBAQXEJMRTTRHYBLBEEQ,Content (Avg Emb),0.0,0.0
AHB25DQEPBAQXEJMRTTRHYBLBEEQ,Last-Item,0.0,0.0
AHB25DQEPBAQXEJMRTTRHYBLBEEQ,Avg-Last-10,0.0,0.0
AHB25DQEPBAQXEJMRTTRHYBLBEEQ,Recency-Weighted,0.0,0.0
AHB25DQEPBAQXEJMRTTRHYBLBEEQ,Essence (K=10),0.0,0.0
AHB3UXKMIFBPCHFL3U25H4HT2PBQ,Random,0.0,0.0
AHB3UXKMIFBPCHFL3U25H4HT2PBQ,Popularity,0.0,0.0
AHB3UXKMIFBPCHFL3U25H4HT2PBQ,CF (ItemKNN),0.0,0.0
AHB3UXKMIFBPCHFL3U25H4HT2PBQ,Content (Avg Emb),0.0,0.0
AHB3UXKMIFBPCHFL3U25H4HT2PBQ,Last-Item,0.0,0.0
AHB3UXKMIFBPCHFL3U25H4HT2PBQ,Avg-Last-10,0.0,0.0
AHB3UXKMIFBPCHFL3U25H4HT2PBQ,Recency-Weighted,0.0,0.0
AHB3UXKMIFBPCHFL3U25H4HT2PBQ,Essence (K=10),0.0,0.0
AHB5USJ5J3KKUFYLQBYDFVGYZI7Q,Random,0.0,0.0
AHB5USJ5J3KKUFYLQBYDFVGYZI7Q,Popularity,0.0,0.0
AHB5USJ5J3KKUFYLQBYDFVGYZI7Q,CF (ItemKNN),0.0,0.0
AHB5USJ5J3KKUFYLQBYDFVGYZI7Q,Content (Avg Emb),0.0,0.0
AHB5USJ5J3KKUFYLQBYDFVGYZI7Q,Last-Item,0.0,0.0
AHB5USJ5J3KKUFYLQBYDFVGYZI7Q,Avg-Last-10,0.0,0.0
AHB5USJ5J3KKUFYLQBYDFVGYZI7Q,Recency-Weighted,0.0,0.0
AHB5USJ5J3KKUFYLQBYDFVGYZI7Q,Essence (K=10),0.0,0.0
AHB7SDVFNQQINSZ6MIX3J3V5MHMA,Random,0.0,0.0
AHB7SDVFNQQINSZ6MIX3J3V5MHMA,Popularity,0.0,0.0
AHB7SDVFNQQINSZ6MIX3J3V5MHMA,CF (ItemKNN),0.0,0.0
AHB7SDVFNQQINSZ6MIX3J3V5MHMA,Content (Avg Emb),0.0,0.0
AHB7SDVFNQQINSZ6MIX3J3V5MHMA,Last-Item,0.0,0.0
AHB7SDVFNQQINSZ6MIX3J3V5MHMA,Avg-Last-10,0.0,0.0
AHB7SDVFNQQINSZ6MIX3J3V5MHMA,Recency-Weighted,0.0,0.0
AHB7SDVFNQQINSZ6MIX3J3V5MHMA,Essence (K=10),0.0,0.0
AHB7URM2ZEBASDARVUBQPPCTKTRQ,Random,0.0,
AHB7URM2ZEBASDARVUBQPPCTKTRQ,Popularity,0.0,
AHB7URM2ZEBASDARVUBQPPCTKTRQ,CF (ItemKNN),0.0,
AHB7URM2ZEBASDARVUBQPPCTKTRQ,Content (Avg Emb),0.0,
AHB7URM2ZEBASDARVUBQPPCTKTRQ,Last-Item,0.0,
AHB7URM2ZEBASDARVUBQPPCTKTRQ,Avg-Last-10,0.0,
AHB7URM2ZEBASDARVUBQPPCTKTRQ,Recency-Weighted,0.0,
AHB7URM2ZEBASDARVUBQPPCTKTRQ,Essence (K=10),0.0,
AHBFWMXRA5DXHYFMFLYRC25DVUCQ,Random,0.0,0.0
AHBFWMXRA5DXHYFMFLYRC25DVUCQ,Popularity,0.0,0.0
AHBFWMXRA5DXHYFMFLYRC25DVUCQ,CF (ItemKNN),0.0,0.0
AHBFWMXRA5DXHYFMFLYRC25DVUCQ,Content (Avg Emb),0.0,0.0
AHBFWMXRA5DXHYFMFLYRC25DVUCQ,Last-Item,0.0,0.0
AHBFWMXRA5DXHYFMFLYRC25DVUCQ,Avg-Last-10,0.0,0.0
AHBFWMXRA5DXHYFMFLYRC25DVUCQ,Recency-Weighted,0.0,0.0
AHBFWMXRA5DXHYFMFLYRC25DVUCQ,Essence (K=10),0.0,0.0
AHBKPHIWICSBEESGB3EIWWUCMEJA,Random,0.0,0.0
AHBKPHIWICSBEESGB3EIWWUCMEJA,Popularity,0.0,0.0
AHBKPHIWICSBEESGB3EIWWUCMEJA,CF (ItemKNN),0.0,0.0
AHBKPHIWICSBEESGB3EIWWUCMEJA,Content (Avg Emb),0.0,0.0
AHBKPHIWICSBEESGB3EIWWUCMEJA,Last-Item,0.0,0.0
AHBKPHIWICSBEESGB3EIWWUCMEJA,Avg-Last-10,0.0,0.0
AHBKPHIWICSBEESGB3EIWWUCMEJA,Recency-Weighted,0.0,0.0
AHBKPHIWICSBEESGB3EIWWUCMEJA,Essence (K=10),0.0,0.0
AHBM2ZS3IHNCWH2XHOUUYN2N6EPA,Random,0.0,0.0
AHBM2ZS3IHNCWH2XHOUUYN2N6EPA,Popularity,0.0,0.0
AHBM2ZS3IHNCWH2XHOUUYN2N6EPA,CF (ItemKNN),0.0,0.0
AHBM2ZS3IHNCWH2XHOUUYN2N6EPA,Content (Avg Emb),0.0,0.0
AHBM2ZS3IHNCWH2XHOUUYN2N6EPA,Last-Item,0.0,0.0
AHBM2ZS3IHNCWH2XHOUUYN2N6EPA,Avg-Last-10,0.0,0.0
AHBM2ZS3IHNCWH2XHOUUYN2N6EPA,Recency-Weighted,0.0,0.0
AHBM2ZS3IHNCWH2XHOUUYN2N6EPA,Essence (K=10),0.0,0.0
AHBPQDWOYSP5QQEIETIMQFCX7EGQ,Random,0.0,0.0
AHBPQDWOYSP5QQEIETIMQFCX7EGQ,Popularity,0.0,0.0
AHBPQDWOYSP5QQEIETIMQFCX7EGQ,CF (ItemKNN),0.0,0.0
AHBPQDWOYSP5QQEIETIMQFCX7EGQ,Content (Avg Emb),0.0,0.0
AHBPQDWOYSP5QQEIETIMQFCX7EGQ,Last-Item,0.0,0.0
AHBPQDWOYSP5QQEIETIMQFCX7EGQ,Avg-Last-10,0.0,0.0
AHBPQDWOYSP5QQEIETIMQFCX7EGQ,Recency-Weighted,0.0,0.0
AHBPQDWOYSP5QQEIETIMQFCX7EGQ,Essence (K=10),0.0,0.0
AHBPVWEQQJYJV7OYQKXEXLNQCNLQ,Random,0.0,0.0
AHBPVWEQQJYJV7OYQKXEXLNQCNLQ,Popularity,0.0,0.0
AHBPVWEQQJYJV7OYQKXEXLNQCNLQ,CF (ItemKNN),0.16666666666666666,1.0
AHBPVWEQQJYJV7OYQKXEXLNQCNLQ,Content (Avg Emb),0.0,0.0
AHBPVWEQQJYJV7OYQKXEXLNQCNLQ,Last-Item,0.0,0.0
AHBPVWEQQJYJV7OYQKXEXLNQCNLQ,Avg-Last-10,0.0,0.0
AHBPVWEQQJYJV7OYQKXEXLNQCNLQ,Recency-Weighted,0.0,0.0
AHBPVWEQQJYJV7OYQKXEXLNQCNLQ,Essence (K=10),0.0,0.0
AHBQYAFF3P7663IHYQ7KCE75NQBA,Random,0.0,
AHBQYAFF3P7663IHYQ7KCE75NQBA,Popularity,0.0,
AHBQYAFF3P7663IHYQ7KCE75NQBA,CF (ItemKNN),0.0,
AHBQYAFF3P7663IHYQ7KCE75NQBA,Content (Avg Emb),0.0,
AHBQYAFF3P7663IHYQ7KCE75NQBA,Last-Item,0.0,
AHBQYAFF3P7663IHYQ7KCE75NQBA,Avg-Last-10,0.0,
AHBQYAFF3P7663IHYQ7KCE75NQBA,Recency-Weighted,0.0,
AHBQYAFF3P7663IHYQ7KCE75NQBA,Essence (K=10),0.0,
AHBT52J2ZQLELXSEBE6X6N2P7YSQ,Random,0.0,0.0
AHBT52J2ZQLELXSEBE6X6N2P7YSQ,Popularity,0.0,0.0
AHBT52J2ZQLELXSEBE6X6N2P7YSQ,CF (ItemKNN),0.0,0.0
AHBT52J2ZQLELXSEBE6X6N2P7YSQ,Content (Avg Emb),0.0,0.0
AHBT52J2ZQLELXSEBE6X6N2P7YSQ,Last-Item,0.25,1.0
AHBT52J2ZQLELXSEBE6X6N2P7YSQ,Avg-Last-10,0.0,0.0
AHBT52J2ZQLELXSEBE6X6N2P7YSQ,Recency-Weighted,0.0,0.0
AHBT52J2ZQLELXSEBE6X6N2P7YSQ,Essence (K=10),0.0,0.0
AHC3FSGWZO57J3CBTI6MPELPQEFA,Random,0.0,
AHC3FSGWZO57J3CBTI6MPELPQEFA,Popularity,0.0,
AHC3FSGWZO57J3CBTI6MPELPQEFA,CF (ItemKNN),0.0,
AHC3FSGWZO57J3CBTI6MPELPQEFA,Content (Avg Emb),0.0,
AHC3FSGWZO57J3CBTI6MPELPQEFA,Last-Item,0.0,
AHC3FSGWZO57J3CBTI6MPELPQEFA,Avg-Last-10,0.0,
AHC3FSGWZO57J3CBTI6MPELPQEFA,Recency-Weighted,0.0,
AHC3FSGWZO57J3CBTI6MPELPQEFA,Essence (K=10),0.0,
AHC3PL2MI23ASRTMEVN3Y7HSUX7Q,Random,0.0,0.0
AHC3PL2MI23ASRTMEVN3Y7HSUX7Q,Popularity,0.0,0.0
AHC3PL2MI23ASRTMEVN3Y7HSUX7Q,CF (ItemKNN),0.0,0.0
AHC3PL2MI23ASRTMEVN3Y7HSUX7Q,Content (Avg Emb),0.0,0.0
AHC3PL2MI23ASRTMEVN3Y7HSUX7Q,Last-Item,0.0,0.0
AHC3PL2MI23ASRTMEVN3Y7HSUX7Q,Avg-Last-10,0.0,0.0
AHC3PL2MI23ASRTMEVN3Y7HSUX7Q,Recency-Weighted,0.0,0.0
AHC3PL2MI23ASRTMEVN3Y7HSUX7Q,Essence (K=10),0.0,0.0
AHC4XG2P7FLTT4YTTYQCXFEX6DIA,Random,0.0,0.0
AHC4XG2P7FLTT4YTTYQCXFEX6DIA,Popularity,0.0,0.0
AHC4XG2P7FLTT4YTTYQCXFEX6DIA,CF (ItemKNN),0.0,0.0
AHC4XG2P7FLTT4YTTYQCXFEX6DIA,Content (Avg Emb),0.0,0.0
AHC4XG2P7FLTT4YTTYQCXFEX6DIA,Last-Item,0.0,0.0
AHC4XG2P7FLTT4YTTYQCXFEX6DIA,Avg-Last-10,0.0,0.0
AHC4XG2P7FLTT4YTTYQCXFEX6DIA,Recency-Weighted,0.0,0.0
AHC4XG2P7FLTT4YTTYQCXFEX6DIA,Essence (K=10),0.0,0.0
AHC4XNSYNNC2R7X6IQYREB6XVGTA,Random,0.0,0.0
AHC4XNSYNNC2R7X6IQYREB6XVGTA,Popularity,0.0,0.0
AHC4XNSYNNC2R7X6IQYREB6XVGTA,CF (ItemKNN),0.0,0.0
AHC4XNSYNNC2R7X6IQYREB6XVGTA,Content (Avg Emb),0.0,0.0
AHC4XNSYNNC2R7X6IQYREB6XVGTA,Last-Item,0.0,0.0
AHC4XNSYNNC2R7X6IQYREB6XVGTA,Avg-Last-10,0.0,0.0
AHC4XNSYNNC2R7X6IQYREB6XVGTA,Recency-Weighted,0.0,0.0
AHC4XNSYNNC2R7X6IQYREB6XVGTA,Essence (K=10),0.0,0.0
AHC5D76CWQV6UHSOJIWNXFGM4ATA,Random,0.0,0.0
AHC5D76CWQV6UHSOJIWNXFGM4ATA,Popularity,0.0,0.0
AHC5D76CWQV6UHSOJIWNXFGM4ATA,CF (ItemKNN),0.0,0.0
AHC5D76CWQV6UHSOJIWNXFGM4ATA,Content (Avg Emb),0.09090909090909091,0.3333333333333333
AHC5D76CWQV6UHSOJIWNXFGM4ATA,Last-Item,0.0,0.0
AHC5D76CWQV6UHSOJIWNXFGM4ATA,Avg-Last-10,0.0,0.0
AHC5D76CWQV6UHSOJIWNXFGM4ATA,Recency-Weighted,0.0,0.0
AHC5D76CWQV6UHSOJIWNXFGM4ATA,Essence (K=10),0.09090909090909091,0.3333333333333333
AHC6C4GKXZI2RI7TKGZ6FTGQMMCA,Random,0.0,0.0
AHC6C4GKXZI2RI7TKGZ6FTGQMMCA,Popularity,0.0,0.0
AHC6C4GKXZI2RI7TKGZ6FTGQMMCA,CF (ItemKNN),0.0,0.0
AHC6C4GKXZI2RI7TKGZ6FTGQMMCA,Content (Avg Emb),0.0,0.0
AHC6C4GKXZI2RI7TKGZ6FTGQMMCA,Last-Item,0.0,0.0
AHC6C4GKXZI2RI7TKGZ6FTGQMMCA,Avg-Last-10,0.0,0.0
AHC6C4GKXZI2RI7TKGZ6FTGQMMCA,Recency-Weighted,0.0,0.0
AHC6C4GKXZI2RI7TKGZ6FTGQMMCA,Essence (K=10),0.0,0.0
AHC6K467P7YVJTHM4EHJ34EGWNIQ,Random,0.0,0.0
AHC6K467P7YVJTHM4EHJ34EGWNIQ,Popularity,0.0,0.0
AHC6K467P7YVJTHM4EHJ34EGWNIQ,CF (ItemKNN),0.0,0.0
AHC6K467P7YVJTHM4EHJ34EGWNIQ,Content (Avg Emb),0.0,0.0
AHC6K467P7YVJTHM4EHJ34EGWNIQ,Last-Item,0.0,0.0
AHC6K467P7YVJTHM4EHJ34EGWNIQ,Avg-Last-10,0.0,0.0
AHC6K467P7YVJTHM4EHJ34EGWNIQ,Recency-Weighted,0.0,0.0
AHC6K467P7YVJTHM4EHJ34EGWNIQ,Essence (K=10),0.0,0.0
AHCA3FF2KQI7SRT32XBZCNHFEHOQ,Random,0.0,0.0
AHCA3FF2KQI7SRT32XBZCNHFEHOQ,Popularity,0.0,0.0
AHCA3FF2KQI7SRT32XBZCNHFEHOQ,CF (ItemKNN),0.0,0.0
AHCA3FF2KQI7SRT32XBZCNHFEHOQ,Content (Avg Emb),0.0,0.0
AHCA3FF2KQI7SRT32XBZCNHFEHOQ,Last-Item,0.0,0.0
AHCA3FF2KQI7SRT32XBZCNHFEHOQ,Avg-Last-10,0.0,0.0
AHCA3FF2KQI7SRT32XBZCNHFEHOQ,Recency-Weighted,0.0,0.0
AHCA3FF2KQI7SRT32XBZCNHFEHOQ,Essence (K=10),0.0,0.0
AHCCQILGSXELJC53YV6K3C3WBDFA,Random,0.0,0.0
AHCCQILGSXELJC53YV6K3C3WBDFA,Popularity,0.0,0.0
AHCCQILGSXELJC53YV6K3C3WBDFA,CF (ItemKNN),0.0,0.0
AHCCQILGSXELJC53YV6K3C3WBDFA,Content (Avg Emb),0.0,0.0
AHCCQILGSXELJC53YV6K3C3WBDFA,Last-Item,0.0,0.0
AHCCQILGSXELJC53YV6K3C3WBDFA,Avg-Last-10,0.0,0.0
AHCCQILGSXELJC53YV6K3C3WBDFA,Recency-Weighted,0.0,0.0
AHCCQILGSXELJC53YV6K3C3WBDFA,Essence (K=10),0.07142857142857142,0.0
AHCEGHGYWR4RIDWR2LGQDCCLJJAA,Random,0.0,0.0
AHCEGHGYWR4RIDWR2LGQDCCLJJAA,Popularity,0.0,0.0
AHCEGHGYWR4RIDWR2LGQDCCLJJAA,CF (ItemKNN),0.0,0.0
AHCEGHGYWR4RIDWR2LGQDCCLJJAA,Content (Avg Emb),0.0,0.0
AHCEGHGYWR4RIDWR2LGQDCCLJJAA,Last-Item,0.030303030303030304,0.0
AHCEGHGYWR4RIDWR2LGQDCCLJJAA,Avg-Last-10,0.0,0.0
AHCEGHGYWR4RIDWR2LGQDCCLJJAA,Recency-Weighted,0.0,0.0
AHCEGHGYWR4RIDWR2LGQDCCLJJAA,Essence (K=10),0.0,0.0
AHCFV3JUAQB2IEYXBMDPWDV3BF7A,Random,0.0,0.0
AHCFV3JUAQB2IEYXBMDPWDV3BF7A,Popularity,0.0,0.0
AHCFV3JUAQB2IEYXBMDPWDV3BF7A,CF (ItemKNN),0.0,0.0
AHCFV3JUAQB2IEYXBMDPWDV3BF7A,Content (Avg Emb),0.0,0.0
AHCFV3JUAQB2IEYXBMDPWDV3BF7A,Last-Item,0.0,0.0
AHCFV3JUAQB2IEYXBMDPWDV3BF7A,Avg-Last-10,0.0,0.0
AHCFV3JUAQB2IEYXBMDPWDV3BF7A,Recency-Weighted,0.0,0.0
AHCFV3JUAQB2IEYXBMDPWDV3BF7A,Essence (K=10),0.0,0.0
AHCGZ7DHLVG6ZOMYMT72HXIRSPVA,Random,0.0,0.0
AHCGZ7DHLVG6ZOMYMT72HXIRSPVA,Popularity,0.0,0.0
AHCGZ7DHLVG6ZOMYMT72HXIRSPVA,CF (ItemKNN),0.0,0.0
AHCGZ7DHLVG6ZOMYMT72HXIRSPVA,Content (Avg Emb),0.0,0.0
AHCGZ7DHLVG6ZOMYMT72HXIRSPVA,Last-Item,0.2,0.0
AHCGZ7DHLVG6ZOMYMT72HXIRSPVA,Avg-Last-10,0.0,0.0
AHCGZ7DHLVG6ZOMYMT72HXIRSPVA,Recency-Weighted,0.2,0.0
AHCGZ7DHLVG6ZOMYMT72HXIRSPVA,Essence (K=10),0.0,0.0
AHCKW36JOHBW4ALRQVU7R6YTDZLA,Random,0.0,0.0
AHCKW36JOHBW4ALRQVU7R6YTDZLA,Popularity,0.0,0.0
AHCKW36JOHBW4ALRQVU7R6YTDZLA,CF (ItemKNN),0.0,0.0
AHCKW36JOHBW4ALRQVU7R6YTDZLA,Content (Avg Emb),0.0,0.0
AHCKW36JOHBW4ALRQVU7R6YTDZLA,Last-Item,0.0,0.0
AHCKW36JOHBW4ALRQVU7R6YTDZLA,Avg-Last-10,0.0,0.0
AHCKW36JOHBW4ALRQVU7R6YTDZLA,Recency-Weighted,0.0,0.0
AHCKW36JOHBW4ALRQVU7R6YTDZLA,Essence (K=10),0.0,0.0
AHCODMEDV6AJKCF4N5LFS3LMAZXA,Random,0.0,0.0
AHCODMEDV6AJKCF4N5LFS3LMAZXA,Popularity,0.0,0.0
AHCODMEDV6AJKCF4N5LFS3LMAZXA,CF (ItemKNN),0.0,0.0
AHCODMEDV6AJKCF4N5LFS3LMAZXA,Content (Avg Emb),0.0,0.0
AHCODMEDV6AJKCF4N5LFS3LMAZXA,Last-Item,0.0,0.0
AHCODMEDV6AJKCF4N5LFS3LMAZXA,Avg-Last-10,0.0,0.0
AHCODMEDV6AJKCF4N5LFS3LMAZXA,Recency-Weighted,0.0,0.0
AHCODMEDV6AJKCF4N5LFS3LMAZXA,Essence (K=10),0.0,0.0
AHCR4E3C277EQLVE43JKUNMPGRBA,Random,0.0,0.0
AHCR4E3C277EQLVE43JKUNMPGRBA,Popularity,0.0,0.0
AHCR4E3C277EQLVE43JKUNMPGRBA,CF (ItemKNN),0.0,0.0
AHCR4E3C277EQLVE43JKUNMPGRBA,Content (Avg Emb),0.0,0.0
AHCR4E3C277EQLVE43JKUNMPGRBA,Last-Item,0.0,0.0
AHCR4E3C277EQLVE43JKUNMPGRBA,Avg-Last-10,0.0,0.0
AHCR4E3C277EQLVE43JKUNMPGRBA,Recency-Weighted,0.0,0.0
AHCR4E3C277EQLVE43JKUNMPGRBA,Essence (K=10),0.0,0.0
AHCWZL7LHNR6T7JLO3U3LCEQFLSQ,Random,0.0,0.0
AHCWZL7LHNR6T7JLO3U3LCEQFLSQ,Popularity,0.0,0.0
AHCWZL7LHNR6T7JLO3U3LCEQFLSQ,CF (ItemKNN),0.0,0.0
AHCWZL7LHNR6T7JLO3U3LCEQFLSQ,Content (Avg Emb),0.0,0.0
AHCWZL7LHNR6T7JLO3U3LCEQFLSQ,Last-Item,0.0,0.0
AHCWZL7LHNR6T7JLO3U3LCEQFLSQ,Avg-Last-10,0.0,0.0
AHCWZL7LHNR6T7JLO3U3LCEQFLSQ,Recency-Weighted,0.0,0.0
AHCWZL7LHNR6T7JLO3U3LCEQFLSQ,Essence (K=10),0.0,0.0
AHD4VSCBIOL3ZM6XDCZYCQKQYDNA,Random,0.0,
AHD4VSCBIOL3ZM6XDCZYCQKQYDNA,Popularity,0.0,
AHD4VSCBIOL3ZM6XDCZYCQKQYDNA,CF (ItemKNN),0.0,
AHD4VSCBIOL3ZM6XDCZYCQKQYDNA,Content (Avg Emb),0.0,
AHD4VSCBIOL3ZM6XDCZYCQKQYDNA,Last-Item,0.0,
AHD4VSCBIOL3ZM6XDCZYCQKQYDNA,Avg-Last-10,0.0,
AHD4VSCBIOL3ZM6XDCZYCQKQYDNA,Recency-Weighted,0.0,
AHD4VSCBIOL3ZM6XDCZYCQKQYDNA,Essence (K=10),0.0,
AHDB4MTGAFZQFPFUBC2GCW3H5MRA,Random,0.0,
AHDB4MTGAFZQFPFUBC2GCW3H5MRA,Popularity,0.0,
AHDB4MTGAFZQFPFUBC2GCW3H5MRA,CF (ItemKNN),0.0,
AHDB4MTGAFZQFPFUBC2GCW3H5MRA,Content (Avg Emb),0.0,
AHDB4MTGAFZQFPFUBC2GCW3H5MRA,Last-Item,0.0,
AHDB4MTGAFZQFPFUBC2GCW3H5MRA,Avg-Last-10,0.0,
AHDB4MTGAFZQFPFUBC2GCW3H5MRA,Recency-Weighted,0.0,
AHDB4MTGAFZQFPFUBC2GCW3H5MRA,Essence (K=10),0.0,
AHDD5MA26I3LNJPFE3DX74PVVGKA,Random,0.0,0.0
AHDD5MA26I3LNJPFE3DX74PVVGKA,Popularity,0.0,0.0
AHDD5MA26I3LNJPFE3DX74PVVGKA,CF (ItemKNN),0.0,0.0
AHDD5MA26I3LNJPFE3DX74PVVGKA,Content (Avg Emb),0.0,0.0
AHDD5MA26I3LNJPFE3DX74PVVGKA,Last-Item,0.0,0.0
AHDD5MA26I3LNJPFE3DX74PVVGKA,Avg-Last-10,0.0,0.0
AHDD5MA26I3LNJPFE3DX74PVVGKA,Recency-Weighted,0.0,0.0
AHDD5MA26I3LNJPFE3DX74PVVGKA,Essence (K=10),0.0,0.0
AHDLZL4XEAVBYPZ62GIZQQJRJZFQ,Random,0.0,0.0
AHDLZL4XEAVBYPZ62GIZQQJRJZFQ,Popularity,0.0,0.0
AHDLZL4XEAVBYPZ62GIZQQJRJZFQ,CF (ItemKNN),0.0,0.0
AHDLZL4XEAVBYPZ62GIZQQJRJZFQ,Content (Avg Emb),0.0,0.0
AHDLZL4XEAVBYPZ62GIZQQJRJZFQ,Last-Item,0.0,0.0
AHDLZL4XEAVBYPZ62GIZQQJRJZFQ,Avg-Last-10,0.0,0.0
AHDLZL4XEAVBYPZ62GIZQQJRJZFQ,Recency-Weighted,0.0,0.0
AHDLZL4XEAVBYPZ62GIZQQJRJZFQ,Essence (K=10),0.0,0.0
AHDQPQDNVBTIX2G6H3MDFCEQYADA,Random,0.0,0.0
AHDQPQDNVBTIX2G6H3MDFCEQYADA,Popularity,0.0,0.0
AHDQPQDNVBTIX2G6H3MDFCEQYADA,CF (ItemKNN),0.0,0.0
AHDQPQDNVBTIX2G6H3MDFCEQYADA,Content (Avg Emb),0.0,0.0
AHDQPQDNVBTIX2G6H3MDFCEQYADA,Last-Item,0.2,1.0
AHDQPQDNVBTIX2G6H3MDFCEQYADA,Avg-Last-10,0.0,0.0
AHDQPQDNVBTIX2G6H3MDFCEQYADA,Recency-Weighted,0.0,0.0
AHDQPQDNVBTIX2G6H3MDFCEQYADA,Essence (K=10),0.0,0.0
AHDTY7KXH5RGZPKHWWH5W37IIQ5Q,Random,0.0,0.0
AHDTY7KXH5RGZPKHWWH5W37IIQ5Q,Popularity,0.0,0.0
AHDTY7KXH5RGZPKHWWH5W37IIQ5Q,CF (ItemKNN),0.0,0.0
AHDTY7KXH5RGZPKHWWH5W37IIQ5Q,Content (Avg Emb),0.0,0.0
AHDTY7KXH5RGZPKHWWH5W37IIQ5Q,Last-Item,0.0,0.0
AHDTY7KXH5RGZPKHWWH5W37IIQ5Q,Avg-Last-10,0.0,0.0
AHDTY7KXH5RGZPKHWWH5W37IIQ5Q,Recency-Weighted,0.0,0.0
AHDTY7KXH5RGZPKHWWH5W37IIQ5Q,Essence (K=10),0.0,0.0
AHE6A2J23M6UUHWUSY4VUC3N7ROA,Random,0.0,
AHE6A2J23M6UUHWUSY4VUC3N7ROA,Popularity,0.0,
AHE6A2J23M6UUHWUSY4VUC3N7ROA,CF (ItemKNN),0.0,
AHE6A2J23M6UUHWUSY4VUC3N7ROA,Content (Avg Emb),0.0,
AHE6A2J23M6UUHWUSY4VUC3N7ROA,Last-Item,0.0,
AHE6A2J23M6UUHWUSY4VUC3N7ROA,Avg-Last-10,0.0,
AHE6A2J23M6UUHWUSY4VUC3N7ROA,Recency-Weighted,0.0,
AHE6A2J23M6UUHWUSY4VUC3N7ROA,Essence (K=10),0.0,
AHE7LV5BQBPV3JUMYW4LG542LBPA,Random,0.0,
AHE7LV5BQBPV3JUMYW4LG542LBPA,Popularity,0.0,
AHE7LV5BQBPV3JUMYW4LG542LBPA,CF (ItemKNN),0.0,
AHE7LV5BQBPV3JUMYW4LG542LBPA,Content (Avg Emb),0.0,
AHE7LV5BQBPV3JUMYW4LG542LBPA,Last-Item,0.0,
AHE7LV5BQBPV3JUMYW4LG542LBPA,Avg-Last-10,0.125,
AHE7LV5BQBPV3JUMYW4LG542LBPA,Recency-Weighted,0.0,
AHE7LV5BQBPV3JUMYW4LG542LBPA,Essence (K=10),0.125,
AHEC6MDJE57EX2CLUG5MGQNSLUTA,Random,0.0,0.0
AHEC6MDJE57EX2CLUG5MGQNSLUTA,Popularity,0.0,0.0
AHEC6MDJE57EX2CLUG5MGQNSLUTA,CF (ItemKNN),0.0,0.0
AHEC6MDJE57EX2CLUG5MGQNSLUTA,Content (Avg Emb),0.2222222222222222,1.0
AHEC6MDJE57EX2CLUG5MGQNSLUTA,Last-Item,0.0,0.0
AHEC6MDJE57EX2CLUG5MGQNSLUTA,Avg-Last-10,0.1111111111111111,1.0
AHEC6MDJE57EX2CLUG5MGQNSLUTA,Recency-Weighted,0.1111111111111111,1.0
AHEC6MDJE57EX2CLUG5MGQNSLUTA,Essence (K=10),0.1111111111111111,0.0
AHECR73DGU5JHS2GOGKLD3C4A3SA,Random,0.0,0.0
AHECR73DGU5JHS2GOGKLD3C4A3SA,Popularity,0.0,0.0
AHECR73DGU5JHS2GOGKLD3C4A3SA,CF (ItemKNN),0.0,0.0
AHECR73DGU5JHS2GOGKLD3C4A3SA,Content (Avg Emb),0.0,0.0
AHECR73DGU5JHS2GOGKLD3C4A3SA,Last-Item,0.0,0.0
AHECR73DGU5JHS2GOGKLD3C4A3SA,Avg-Last-10,0.0,0.0
AHECR73DGU5JHS2GOGKLD3C4A3SA,Recency-Weighted,0.0,0.0
AHECR73DGU5JHS2GOGKLD3C4A3SA,Essence (K=10),0.0,0.0
AHEFCAXVJIHAXFE4BJVGD5CQT25A,Random,0.0,
AHEFCAXVJIHAXFE4BJVGD5CQT25A,Popularity,0.0,
AHEFCAXVJIHAXFE4BJVGD5CQT25A,CF (ItemKNN),0.0,
AHEFCAXVJIHAXFE4BJVGD5CQT25A,Content (Avg Emb),0.0,
AHEFCAXVJIHAXFE4BJVGD5CQT25A,Last-Item,0.0,
AHEFCAXVJIHAXFE4BJVGD5CQT25A,Avg-Last-10,0.0,
AHEFCAXVJIHAXFE4BJVGD5CQT25A,Recency-Weighted,0.0,
AHEFCAXVJIHAXFE4BJVGD5CQT25A,Essence (K=10),0.0,
AHEILWZYRACQLSSOZTFZYJ6IXYEQ,Random,0.0,
AHEILWZYRACQLSSOZTFZYJ6IXYEQ,Popularity,0.0,
AHEILWZYRACQLSSOZTFZYJ6IXYEQ,CF (ItemKNN),0.0,
AHEILWZYRACQLSSOZTFZYJ6IXYEQ,Content (Avg Emb),0.0,
AHEILWZYRACQLSSOZTFZYJ6IXYEQ,Last-Item,0.0,
AHEILWZYRACQLSSOZTFZYJ6IXYEQ,Avg-Last-10,0.0,
AHEILWZYRACQLSSOZTFZYJ6IXYEQ,Recency-Weighted,0.0,
AHEILWZYRACQLSSOZTFZYJ6IXYEQ,Essence (K=10),0.0,
AHEIUQGGTZHTBHPH6T62JM3IOKSA,Random,0.0,0.0
AHEIUQGGTZHTBHPH6T62JM3IOKSA,Popularity,0.0,0.0
AHEIUQGGTZHTBHPH6T62JM3IOKSA,CF (ItemKNN),0.0,0.0
AHEIUQGGTZHTBHPH6T62JM3IOKSA,Content (Avg Emb),0.0,0.0
AHEIUQGGTZHTBHPH6T62JM3IOKSA,Last-Item,0.0,0.0
AHEIUQGGTZHTBHPH6T62JM3IOKSA,Avg-Last-10,0.0,0.0
AHEIUQGGTZHTBHPH6T62JM3IOKSA,Recency-Weighted,0.0,0.0
AHEIUQGGTZHTBHPH6T62JM3IOKSA,Essence (K=10),0.0,0.0
AHEOFRNCWPPXUG2Q26BUODZO4KTA,Random,0.0,0.0
AHEOFRNCWPPXUG2Q26BUODZO4KTA,Popularity,0.0,0.0
AHEOFRNCWPPXUG2Q26BUODZO4KTA,CF (ItemKNN),0.0,0.0
AHEOFRNCWPPXUG2Q26BUODZO4KTA,Content (Avg Emb),0.0,0.0
AHEOFRNCWPPXUG2Q26BUODZO4KTA,Last-Item,0.4,0.0
AHEOFRNCWPPXUG2Q26BUODZO4KTA,Avg-Last-10,0.0,0.0
AHEOFRNCWPPXUG2Q26BUODZO4KTA,Recency-Weighted,0.0,0.0
AHEOFRNCWPPXUG2Q26BUODZO4KTA,Essence (K=10),0.0,0.0
AHEXUYOR2PRRNNV5WDG463IFTNCQ,Random,0.0,
AHEXUYOR2PRRNNV5WDG463IFTNCQ,Popularity,0.0,
AHEXUYOR2PRRNNV5WDG463IFTNCQ,CF (ItemKNN),0.0,
AHEXUYOR2PRRNNV5WDG463IFTNCQ,Content (Avg Emb),0.0,
AHEXUYOR2PRRNNV5WDG463IFTNCQ,Last-Item,0.0,
AHEXUYOR2PRRNNV5WDG463IFTNCQ,Avg-Last-10,0.0,
AHEXUYOR2PRRNNV5WDG463IFTNCQ,Recency-Weighted,0.0,
AHEXUYOR2PRRNNV5WDG463IFTNCQ,Essence (K=10),0.0,
AHF24EZD4VJLOPJHYV7CLQZLQHOA,Random,0.0,0.0
AHF24EZD4VJLOPJHYV7CLQZLQHOA,Popularity,0.0,0.0
AHF24EZD4VJLOPJHYV7CLQZLQHOA,CF (ItemKNN),0.0,0.0
AHF24EZD4VJLOPJHYV7CLQZLQHOA,Content (Avg Emb),0.0,0.0
AHF24EZD4VJLOPJHYV7CLQZLQHOA,Last-Item,0.0,0.0
AHF24EZD4VJLOPJHYV7CLQZLQHOA,Avg-Last-10,0.0,0.0
AHF24EZD4VJLOPJHYV7CLQZLQHOA,Recency-Weighted,0.0,0.0
AHF24EZD4VJLOPJHYV7CLQZLQHOA,Essence (K=10),0.0,0.0
AHF7ZXYZLEFMZHRC6Y6T2J3P57FA,Random,0.0,
AHF7ZXYZLEFMZHRC6Y6T2J3P57FA,Popularity,0.0,
AHF7ZXYZLEFMZHRC6Y6T2J3P57FA,CF (ItemKNN),0.0,
AHF7ZXYZLEFMZHRC6Y6T2J3P57FA,Content (Avg Emb),0.0,
AHF7ZXYZLEFMZHRC6Y6T2J3P57FA,Last-Item,0.0,
AHF7ZXYZLEFMZHRC6Y6T2J3P57FA,Avg-Last-10,0.0,
AHF7ZXYZLEFMZHRC6Y6T2J3P57FA,Recency-Weighted,0.0,
AHF7ZXYZLEFMZHRC6Y6T2J3P57FA,Essence (K=10),0.0,
AHFBQ42QEWHFCKBRX7XBDXX3L4OQ,Random,0.0,
AHFBQ42QEWHFCKBRX7XBDXX3L4OQ,Popularity,0.0,
AHFBQ42QEWHFCKBRX7XBDXX3L4OQ,CF (ItemKNN),0.0,
AHFBQ42QEWHFCKBRX7XBDXX3L4OQ,Content (Avg Emb),0.0,
AHFBQ42QEWHFCKBRX7XBDXX3L4OQ,Last-Item,0.1,
AHFBQ42QEWHFCKBRX7XBDXX3L4OQ,Avg-Last-10,0.0,
AHFBQ42QEWHFCKBRX7XBDXX3L4OQ,Recency-Weighted,0.1,
AHFBQ42QEWHFCKBRX7XBDXX3L4OQ,Essence (K=10),0.0,
AHFBXB7WUVYP4IZEEOPTWUSMVJIQ,Random,0.0,0.0
AHFBXB7WUVYP4IZEEOPTWUSMVJIQ,Popularity,0.0,0.0
AHFBXB7WUVYP4IZEEOPTWUSMVJIQ,CF (ItemKNN),0.0,0.0
AHFBXB7WUVYP4IZEEOPTWUSMVJIQ,Content (Avg Emb),0.0,0.0
AHFBXB7WUVYP4IZEEOPTWUSMVJIQ,Last-Item,0.0,0.0
AHFBXB7WUVYP4IZEEOPTWUSMVJIQ,Avg-Last-10,0.0,0.0
AHFBXB7WUVYP4IZEEOPTWUSMVJIQ,Recency-Weighted,0.0,0.0
AHFBXB7WUVYP4IZEEOPTWUSMVJIQ,Essence (K=10),0.0,0.0
AHFGTI6NVRRJMAUQKDIIABDZYD7Q,Random,0.0,
AHFGTI6NVRRJMAUQKDIIABDZYD7Q,Popularity,0.0,
AHFGTI6NVRRJMAUQKDIIABDZYD7Q,CF (ItemKNN),0.0,
AHFGTI6NVRRJMAUQKDIIABDZYD7Q,Content (Avg Emb),0.0,
AHFGTI6NVRRJMAUQKDIIABDZYD7Q,Last-Item,0.0,
AHFGTI6NVRRJMAUQKDIIABDZYD7Q,Avg-Last-10,0.0,
AHFGTI6NVRRJMAUQKDIIABDZYD7Q,Recency-Weighted,0.16666666666666666,
AHFGTI6NVRRJMAUQKDIIABDZYD7Q,Essence (K=10),0.0,
AHFJQ7LMQ57B4HT4VKOUUXULGERA,Random,0.0,0.0
AHFJQ7LMQ57B4HT4VKOUUXULGERA,Popularity,0.0,0.0
AHFJQ7LMQ57B4HT4VKOUUXULGERA,CF (ItemKNN),0.0,0.0
AHFJQ7LMQ57B4HT4VKOUUXULGERA,Content (Avg Emb),0.0,0.0
AHFJQ7LMQ57B4HT4VKOUUXULGERA,Last-Item,0.0,0.0
AHFJQ7LMQ57B4HT4VKOUUXULGERA,Avg-Last-10,0.0,0.0
AHFJQ7LMQ57B4HT4VKOUUXULGERA,Recency-Weighted,0.0,0.0
AHFJQ7LMQ57B4HT4VKOUUXULGERA,Essence (K=10),0.0,0.0
AHFKDG33YKWZZOGTFP6YJ7LWOV6Q,Random,0.0,
AHFKDG33YKWZZOGTFP6YJ7LWOV6Q,Popularity,0.0,
AHFKDG33YKWZZOGTFP6YJ7LWOV6Q,CF (ItemKNN),0.0,
AHFKDG33YKWZZOGTFP6YJ7LWOV6Q,Content (Avg Emb),0.0,
AHFKDG33YKWZZOGTFP6YJ7LWOV6Q,Last-Item,0.0,
AHFKDG33YKWZZOGTFP6YJ7LWOV6Q,Avg-Last-10,0.0,
AHFKDG33YKWZZOGTFP6YJ7LWOV6Q,Recency-Weighted,0.0,
AHFKDG33YKWZZOGTFP6YJ7LWOV6Q,Essence (K=10),0.0,
AHFOXJTL3OFNCGNJP5TURBFLJ2HA,Random,0.0,0.0
AHFOXJTL3OFNCGNJP5TURBFLJ2HA,Popularity,0.0,0.0
AHFOXJTL3OFNCGNJP5TURBFLJ2HA,CF (ItemKNN),0.0,0.0
AHFOXJTL3OFNCGNJP5TURBFLJ2HA,Content (Avg Emb),0.0,0.0
AHFOXJTL3OFNCGNJP5TURBFLJ2HA,Last-Item,0.08333333333333333,0.0
AHFOXJTL3OFNCGNJP5TURBFLJ2HA,Avg-Last-10,0.0,0.0
AHFOXJTL3OFNCGNJP5TURBFLJ2HA,Recency-Weighted,0.0,0.0
AHFOXJTL3OFNCGNJP5TURBFLJ2HA,Essence (K=10),0.0,0.0
AHFWCJI7WYM3NK4TJGF2EOIZZSDA,Random,0.0,0.0
AHFWCJI7WYM3NK4TJGF2EOIZZSDA,Popularity,0.0,0.0
AHFWCJI7WYM3NK4TJGF2EOIZZSDA,CF (ItemKNN),0.0,0.0
AHFWCJI7WYM3NK4TJGF2EOIZZSDA,Content (Avg Emb),0.0,0.0
AHFWCJI7WYM3NK4TJGF2EOIZZSDA,Last-Item,0.0,0.0
AHFWCJI7WYM3NK4TJGF2EOIZZSDA,Avg-Last-10,0.0,0.0
AHFWCJI7WYM3NK4TJGF2EOIZZSDA,Recency-Weighted,0.0,0.0
AHFWCJI7WYM3NK4TJGF2EOIZZSDA,Essence (K=10),0.0,0.0
AHFXMYDHD7XLXAGNJJHX5HXRBYZQ,Random,0.0,
AHFXMYDHD7XLXAGNJJHX5HXRBYZQ,Popularity,0.0,
AHFXMYDHD7XLXAGNJJHX5HXRBYZQ,CF (ItemKNN),0.0,
AHFXMYDHD7XLXAGNJJHX5HXRBYZQ,Content (Avg Emb),0.0,
AHFXMYDHD7XLXAGNJJHX5HXRBYZQ,Last-Item,0.0,
AHFXMYDHD7XLXAGNJJHX5HXRBYZQ,Avg-Last-10,0.0,
AHFXMYDHD7XLXAGNJJHX5HXRBYZQ,Recency-Weighted,0.0,
AHFXMYDHD7XLXAGNJJHX5HXRBYZQ,Essence (K=10),0.0,
AHFY7OYDINYSXSNYCHVMEVWIC5QQ,Random,0.0,
AHFY7OYDINYSXSNYCHVMEVWIC5QQ,Popularity,0.0,
AHFY7OYDINYSXSNYCHVMEVWIC5QQ,CF (ItemKNN),0.0,
AHFY7OYDINYSXSNYCHVMEVWIC5QQ,Content (Avg Emb),0.0,
AHFY7OYDINYSXSNYCHVMEVWIC5QQ,Last-Item,0.0,
AHFY7OYDINYSXSNYCHVMEVWIC5QQ,Avg-Last-10,0.0,
AHFY7OYDINYSXSNYCHVMEVWIC5QQ,Recency-Weighted,0.0,
AHFY7OYDINYSXSNYCHVMEVWIC5QQ,Essence (K=10),0.0,
AHFYFYNJG4YZIOUI57L5QBXLEBTQ,Random,0.0,
AHFYFYNJG4YZIOUI57L5QBXLEBTQ,Popularity,0.0,
AHFYFYNJG4YZIOUI57L5QBXLEBTQ,CF (ItemKNN),0.0,
AHFYFYNJG4YZIOUI57L5QBXLEBTQ,Content (Avg Emb),0.2,
AHFYFYNJG4YZIOUI57L5QBXLEBTQ,Last-Item,0.2,
AHFYFYNJG4YZIOUI57L5QBXLEBTQ,Avg-Last-10,0.2,
AHFYFYNJG4YZIOUI57L5QBXLEBTQ,Recency-Weighted,0.2,
AHFYFYNJG4YZIOUI57L5QBXLEBTQ,Essence (K=10),0.4,
AHG22FGDCE4C5S6PKIBPUIKG2BFA,Random,0.0,0.0
AHG22FGDCE4C5S6PKIBPUIKG2BFA,Popularity,0.0,0.0
AHG22FGDCE4C5S6PKIBPUIKG2BFA,CF (ItemKNN),0.0,0.0
AHG22FGDCE4C5S6PKIBPUIKG2BFA,Content (Avg Emb),0.16666666666666666,0.0
AHG22FGDCE4C5S6PKIBPUIKG2BFA,Last-Item,0.0,0.0
AHG22FGDCE4C5S6PKIBPUIKG2BFA,Avg-Last-10,0.0,0.0
AHG22FGDCE4C5S6PKIBPUIKG2BFA,Recency-Weighted,0.16666666666666666,0.0
AHG22FGDCE4C5S6PKIBPUIKG2BFA,Essence (K=10),0.0,0.0
AHG3PO2W4CL73SBEWHST5ECOK6NQ,Random,0.0,
AHG3PO2W4CL73SBEWHST5ECOK6NQ,Popularity,0.0,
AHG3PO2W4CL73SBEWHST5ECOK6NQ,CF (ItemKNN),0.0,
AHG3PO2W4CL73SBEWHST5ECOK6NQ,Content (Avg Emb),0.0,
AHG3PO2W4CL73SBEWHST5ECOK6NQ,Last-Item,0.0,
AHG3PO2W4CL73SBEWHST5ECOK6NQ,Avg-Last-10,0.0,
AHG3PO2W4CL73SBEWHST5ECOK6NQ,Recency-Weighted,0.0,
AHG3PO2W4CL73SBEWHST5ECOK6NQ,Essence (K=10),0.0,
AHG72ACR5SCVBYCFM5VTLHZAP5RA,Random,0.0,0.0
AHG72ACR5SCVBYCFM5VTLHZAP5RA,Popularity,0.0,0.0
AHG72ACR5SCVBYCFM5VTLHZAP5RA,CF (ItemKNN),0.0,0.0
AHG72ACR5SCVBYCFM5VTLHZAP5RA,Content (Avg Emb),0.0,0.0
AHG72ACR5SCVBYCFM5VTLHZAP5RA,Last-Item,0.0,0.0
AHG72ACR5SCVBYCFM5VTLHZAP5RA,Avg-Last-10,0.0,0.0
AHG72ACR5SCVBYCFM5VTLHZAP5RA,Recency-Weighted,0.0,0.0
AHG72ACR5SCVBYCFM5VTLHZAP5RA,Essence (K=10),0.0,0.0
AHGCL2VOIB45FI4XNLWJCUDXN6IA,Random,0.0,0.0
AHGCL2VOIB45FI4XNLWJCUDXN6IA,Popularity,0.0,0.0
AHGCL2VOIB45FI4XNLWJCUDXN6IA,CF (ItemKNN),0.0,0.0
AHGCL2VOIB45FI4XNLWJCUDXN6IA,Content (Avg Emb),0.0,0.0
AHGCL2VOIB45FI4XNLWJCUDXN6IA,Last-Item,0.0,0.0
AHGCL2VOIB45FI4XNLWJCUDXN6IA,Avg-Last-10,0.0,0.0
AHGCL2VOIB45FI4XNLWJCUDXN6IA,Recency-Weighted,0.0,0.0
AHGCL2VOIB45FI4XNLWJCUDXN6IA,Essence (K=10),0.2,1.0
AHGE72BODDEH75S355KDPIQZITKQ,Random,0.0,
AHGE72BODDEH75S355KDPIQZITKQ,Popularity,0.0,
AHGE72BODDEH75S355KDPIQZITKQ,CF (ItemKNN),0.0,
AHGE72BODDEH75S355KDPIQZITKQ,Content (Avg Emb),0.0,
AHGE72BODDEH75S355KDPIQZITKQ,Last-Item,0.0,
AHGE72BODDEH75S355KDPIQZITKQ,Avg-Last-10,0.0,
AHGE72BODDEH75S355KDPIQZITKQ,Recency-Weighted,0.0,
AHGE72BODDEH75S355KDPIQZITKQ,Essence (K=10),0.0,
AHGEX4UH7GDLQOVPGZ2OW4LGD7LA,Random,0.0,0.0
AHGEX4UH7GDLQOVPGZ2OW4LGD7LA,Popularity,0.0,0.0
AHGEX4UH7GDLQOVPGZ2OW4LGD7LA,CF (ItemKNN),0.0,0.0
AHGEX4UH7GDLQOVPGZ2OW4LGD7LA,Content (Avg Emb),0.0,0.0
AHGEX4UH7GDLQOVPGZ2OW4LGD7LA,Last-Item,0.0,0.0
AHGEX4UH7GDLQOVPGZ2OW4LGD7LA,Avg-Last-10,0.0,0.0
AHGEX4UH7GDLQOVPGZ2OW4LGD7LA,Recency-Weighted,0.0,0.0
AHGEX4UH7GDLQOVPGZ2OW4LGD7LA,Essence (K=10),0.0,0.0
AHGLZNIXAROQF4PP2IEWEDEM6QTQ,Random,0.0,
AHGLZNIXAROQF4PP2IEWEDEM6QTQ,Popularity,0.0,
AHGLZNIXAROQF4PP2IEWEDEM6QTQ,CF (ItemKNN),0.0,
AHGLZNIXAROQF4PP2IEWEDEM6QTQ,Content (Avg Emb),0.0,
AHGLZNIXAROQF4PP2IEWEDEM6QTQ,Last-Item,0.0,
AHGLZNIXAROQF4PP2IEWEDEM6QTQ,Avg-Last-10,0.0,
AHGLZNIXAROQF4PP2IEWEDEM6QTQ,Recency-Weighted,0.0,
AHGLZNIXAROQF4PP2IEWEDEM6QTQ,Essence (K=10),0.0,
AHGMXOM4EFBCBNWIL6AYHPAGUI5Q,Random,0.0,
AHGMXOM4EFBCBNWIL6AYHPAGUI5Q,Popularity,0.0,
AHGMXOM4EFBCBNWIL6AYHPAGUI5Q,CF (ItemKNN),0.0,
AHGMXOM4EFBCBNWIL6AYHPAGUI5Q,Content (Avg Emb),0.2857142857142857,
AHGMXOM4EFBCBNWIL6AYHPAGUI5Q,Last-Item,0.14285714285714285,
AHGMXOM4EFBCBNWIL6AYHPAGUI5Q,Avg-Last-10,0.2857142857142857,
AHGMXOM4EFBCBNWIL6AYHPAGUI5Q,Recency-Weighted,0.2857142857142857,
AHGMXOM4EFBCBNWIL6AYHPAGUI5Q,Essence (K=10),0.2857142857142857,
AHGPNG6LJKHYC5WXK7TUE5CXQQKA,Random,0.0,
AHGPNG6LJKHYC5WXK7TUE5CXQQKA,Popularity,0.0,
AHGPNG6LJKHYC5WXK7TUE5CXQQKA,CF (ItemKNN),0.0,
AHGPNG6LJKHYC5WXK7TUE5CXQQKA,Content (Avg Emb),0.0,
AHGPNG6LJKHYC5WXK7TUE5CXQQKA,Last-Item,0.0,
AHGPNG6LJKHYC5WXK7TUE5CXQQKA,Avg-Last-10,0.0,
AHGPNG6LJKHYC5WXK7TUE5CXQQKA,Recency-Weighted,0.0,
AHGPNG6LJKHYC5WXK7TUE5CXQQKA,Essence (K=10),0.0,
AHGVWK2DQY4TARS4CTTZBWKJG2ZA,Random,0.0,0.0
AHGVWK2DQY4TARS4CTTZBWKJG2ZA,Popularity,0.0,0.0
AHGVWK2DQY4TARS4CTTZBWKJG2ZA,CF (ItemKNN),0.0,0.0
AHGVWK2DQY4TARS4CTTZBWKJG2ZA,Content (Avg Emb),0.0,0.0
AHGVWK2DQY4TARS4CTTZBWKJG2ZA,Last-Item,0.0,0.0
AHGVWK2DQY4TARS4CTTZBWKJG2ZA,Avg-Last-10,0.0,0.0
AHGVWK2DQY4TARS4CTTZBWKJG2ZA,Recency-Weighted,0.0,0.0
AHGVWK2DQY4TARS4CTTZBWKJG2ZA,Essence (K=10),0.0,0.0
AHGWKHXWZ4TWP4SWQZP4W5PMMNNQ,Random,0.0,
AHGWKHXWZ4TWP4SWQZP4W5PMMNNQ,Popularity,0.0,
AHGWKHXWZ4TWP4SWQZP4W5PMMNNQ,CF (ItemKNN),0.0,
AHGWKHXWZ4TWP4SWQZP4W5PMMNNQ,Content (Avg Emb),0.0,
AHGWKHXWZ4TWP4SWQZP4W5PMMNNQ,Last-Item,0.0,
AHGWKHXWZ4TWP4SWQZP4W5PMMNNQ,Avg-Last-10,0.0,
AHGWKHXWZ4TWP4SWQZP4W5PMMNNQ,Recency-Weighted,0.0,
AHGWKHXWZ4TWP4SWQZP4W5PMMNNQ,Essence (K=10),0.0,
AHGXBVGP5LO52UPX434LUA62TMWQ,Random,0.0,
AHGXBVGP5LO52UPX434LUA62TMWQ,Popularity,0.0,
AHGXBVGP5LO52UPX434LUA62TMWQ,CF (ItemKNN),0.0,
AHGXBVGP5LO52UPX434LUA62TMWQ,Content (Avg Emb),0.0,
AHGXBVGP5LO52UPX434LUA62TMWQ,Last-Item,0.0,
AHGXBVGP5LO52UPX434LUA62TMWQ,Avg-Last-10,0.0,
AHGXBVGP5LO52UPX434LUA62TMWQ,Recency-Weighted,0.0,
AHGXBVGP5LO52UPX434LUA62TMWQ,Essence (K=10),0.0,
AHGXIGSZFUEBG4BJV5C7F6VBKVRQ,Random,0.0,0.0
AHGXIGSZFUEBG4BJV5C7F6VBKVRQ,Popularity,0.0,0.0
AHGXIGSZFUEBG4BJV5C7F6VBKVRQ,CF (ItemKNN),0.0,0.0
AHGXIGSZFUEBG4BJV5C7F6VBKVRQ,Content (Avg Emb),0.0,0.0
AHGXIGSZFUEBG4BJV5C7F6VBKVRQ,Last-Item,0.0,0.0
AHGXIGSZFUEBG4BJV5C7F6VBKVRQ,Avg-Last-10,0.0,0.0
AHGXIGSZFUEBG4BJV5C7F6VBKVRQ,Recency-Weighted,0.0,0.0
AHGXIGSZFUEBG4BJV5C7F6VBKVRQ,Essence (K=10),0.0,0.0
AHGZGOELT5KZXFZ4NF3V2DHUDQ2Q,Random,0.0,
AHGZGOELT5KZXFZ4NF3V2DHUDQ2Q,Popularity,0.0,
AHGZGOELT5KZXFZ4NF3V2DHUDQ2Q,CF (ItemKNN),0.0,
AHGZGOELT5KZXFZ4NF3V2DHUDQ2Q,Content (Avg Emb),0.0,
AHGZGOELT5KZXFZ4NF3V2DHUDQ2Q,Last-Item,0.0,
AHGZGOELT5KZXFZ4NF3V2DHUDQ2Q,Avg-Last-10,0.0,
AHGZGOELT5KZXFZ4NF3V2DHUDQ2Q,Recency-Weighted,0.0,
AHGZGOELT5KZXFZ4NF3V2DHUDQ2Q,Essence (K=10),0.0,
AHH2TTXJBT3G6M727TYEIIBADARQ,Random,0.0,
AHH2TTXJBT3G6M727TYEIIBADARQ,Popularity,0.0,
AHH2TTXJBT3G6M727TYEIIBADARQ,CF (ItemKNN),0.0,
AHH2TTXJBT3G6M727TYEIIBADARQ,Content (Avg Emb),0.0,
AHH2TTXJBT3G6M727TYEIIBADARQ,Last-Item,0.07142857142857142,
AHH2TTXJBT3G6M727TYEIIBADARQ,Avg-Last-10,0.0,
AHH2TTXJBT3G6M727TYEIIBADARQ,Recency-Weighted,0.0,
AHH2TTXJBT3G6M727TYEIIBADARQ,Essence (K=10),0.07142857142857142,
AHH2WY6Y246M2HNR2AWVJJSCUCLA,Random,0.0,0.0
AHH2WY6Y246M2HNR2AWVJJSCUCLA,Popularity,0.0,0.0
AHH2WY6Y246M2HNR2AWVJJSCUCLA,CF (ItemKNN),0.0,0.0
AHH2WY6Y246M2HNR2AWVJJSCUCLA,Content (Avg Emb),0.0,0.0
AHH2WY6Y246M2HNR2AWVJJSCUCLA,Last-Item,0.0,0.0
AHH2WY6Y246M2HNR2AWVJJSCUCLA,Avg-Last-10,0.0,0.0
AHH2WY6Y246M2HNR2AWVJJSCUCLA,Recency-Weighted,0.0,0.0
AHH2WY6Y246M2HNR2AWVJJSCUCLA,Essence (K=10),0.0,0.0
AHHF4AFDEYNZVDT5SROI35S767YA,Random,0.0,
AHHF4AFDEYNZVDT5SROI35S767YA,Popularity,0.0,
AHHF4AFDEYNZVDT5SROI35S767YA,CF (ItemKNN),0.0,
AHHF4AFDEYNZVDT5SROI35S767YA,Content (Avg Emb),0.3333333333333333,
AHHF4AFDEYNZVDT5SROI35S767YA,Last-Item,0.16666666666666666,
AHHF4AFDEYNZVDT5SROI35S767YA,Avg-Last-10,0.16666666666666666,
AHHF4AFDEYNZVDT5SROI35S767YA,Recency-Weighted,0.16666666666666666,
AHHF4AFDEYNZVDT5SROI35S767YA,Essence (K=10),0.16666666666666666,
AHHFUZZOT2HPJ3PSELTBLOYQS4IA,Random,0.0,0.0
AHHFUZZOT2HPJ3PSELTBLOYQS4IA,Popularity,0.0,0.0
AHHFUZZOT2HPJ3PSELTBLOYQS4IA,CF (ItemKNN),0.0,0.0
AHHFUZZOT2HPJ3PSELTBLOYQS4IA,Content (Avg Emb),0.0,0.0
AHHFUZZOT2HPJ3PSELTBLOYQS4IA,Last-Item,0.0,0.0
AHHFUZZOT2HPJ3PSELTBLOYQS4IA,Avg-Last-10,0.0,0.0
AHHFUZZOT2HPJ3PSELTBLOYQS4IA,Recency-Weighted,0.0,0.0
AHHFUZZOT2HPJ3PSELTBLOYQS4IA,Essence (K=10),0.0,0.0
AHHFZB6IG3XVYSZGCCKHROEUL2DA,Random,0.0,0.0
AHHFZB6IG3XVYSZGCCKHROEUL2DA,Popularity,0.0,0.0
AHHFZB6IG3XVYSZGCCKHROEUL2DA,CF (ItemKNN),0.0,0.0
AHHFZB6IG3XVYSZGCCKHROEUL2DA,Content (Avg Emb),0.0,0.0
AHHFZB6IG3XVYSZGCCKHROEUL2DA,Last-Item,0.0,0.0
AHHFZB6IG3XVYSZGCCKHROEUL2DA,Avg-Last-10,0.0,0.0
AHHFZB6IG3XVYSZGCCKHROEUL2DA,Recency-Weighted,0.0,0.0
AHHFZB6IG3XVYSZGCCKHROEUL2DA,Essence (K=10),0.0,0.0
AHHKGC44C5EAIHLULTUGQLO455UQ,Random,0.0,
AHHKGC44C5EAIHLULTUGQLO455UQ,Popularity,0.0,
AHHKGC44C5EAIHLULTUGQLO455UQ,CF (ItemKNN),0.0,
AHHKGC44C5EAIHLULTUGQLO455UQ,Content (Avg Emb),0.0,
AHHKGC44C5EAIHLULTUGQLO455UQ,Last-Item,0.0,
AHHKGC44C5EAIHLULTUGQLO455UQ,Avg-Last-10,0.0,
AHHKGC44C5EAIHLULTUGQLO455UQ,Recency-Weighted,0.0,
AHHKGC44C5EAIHLULTUGQLO455UQ,Essence (K=10),0.25,
AHHLDA6ALQUOSZ7IZGQ73SLVI3ZQ,Random,0.0,0.0
AHHLDA6ALQUOSZ7IZGQ73SLVI3ZQ,Popularity,0.0,0.0
AHHLDA6ALQUOSZ7IZGQ73SLVI3ZQ,CF (ItemKNN),0.0,0.0
AHHLDA6ALQUOSZ7IZGQ73SLVI3ZQ,Content (Avg Emb),0.0,0.0
AHHLDA6ALQUOSZ7IZGQ73SLVI3ZQ,Last-Item,0.2,1.0
AHHLDA6ALQUOSZ7IZGQ73SLVI3ZQ,Avg-Last-10,0.2,1.0
AHHLDA6ALQUOSZ7IZGQ73SLVI3ZQ,Recency-Weighted,0.2,1.0
AHHLDA6ALQUOSZ7IZGQ73SLVI3ZQ,Essence (K=10),0.2,1.0
AHHOVMKTOHRFODCRFGSNPKTJ6BWQ,Random,0.0,0.0
AHHOVMKTOHRFODCRFGSNPKTJ6BWQ,Popularity,0.0,0.0
AHHOVMKTOHRFODCRFGSNPKTJ6BWQ,CF (ItemKNN),0.0,0.0
AHHOVMKTOHRFODCRFGSNPKTJ6BWQ,Content (Avg Emb),0.0,0.0
AHHOVMKTOHRFODCRFGSNPKTJ6BWQ,Last-Item,0.1111111111111111,0.0
AHHOVMKTOHRFODCRFGSNPKTJ6BWQ,Avg-Last-10,0.0,0.0
AHHOVMKTOHRFODCRFGSNPKTJ6BWQ,Recency-Weighted,0.0,0.0
AHHOVMKTOHRFODCRFGSNPKTJ6BWQ,Essence (K=10),0.0,0.0
AHHP5SHHKLP5QSWN4TFALSS56ZGQ,Random,0.0,0.0
AHHP5SHHKLP5QSWN4TFALSS56ZGQ,Popularity,0.0,0.0
AHHP5SHHKLP5QSWN4TFALSS56ZGQ,CF (ItemKNN),0.0,0.0
AHHP5SHHKLP5QSWN4TFALSS56ZGQ,Content (Avg Emb),0.0,0.0
AHHP5SHHKLP5QSWN4TFALSS56ZGQ,Last-Item,0.0,0.0
AHHP5SHHKLP5QSWN4TFALSS56ZGQ,Avg-Last-10,0.0,0.0
AHHP5SHHKLP5QSWN4TFALSS56ZGQ,Recency-Weighted,0.0,0.0
AHHP5SHHKLP5QSWN4TFALSS56ZGQ,Essence (K=10),0.16666666666666666,0.3333333333333333
AHI2WUS2Z36WV4AB6TT3MR5DXDHA,Random,0.0,0.0
AHI2WUS2Z36WV4AB6TT3MR5DXDHA,Popularity,0.0,0.0
AHI2WUS2Z36WV4AB6TT3MR5DXDHA,CF (ItemKNN),0.0,0.0
AHI2WUS2Z36WV4AB6TT3MR5DXDHA,Content (Avg Emb),0.0,0.0
AHI2WUS2Z36WV4AB6TT3MR5DXDHA,Last-Item,0.0,0.0
AHI2WUS2Z36WV4AB6TT3MR5DXDHA,Avg-Last-10,0.0,0.0
AHI2WUS2Z36WV4AB6TT3MR5DXDHA,Recency-Weighted,0.0,0.0
AHI2WUS2Z36WV4AB6TT3MR5DXDHA,Essence (K=10),0.0,0.0
AHI46ZL6NBNBRUD5F3YUP5ZWHEFQ,Random,0.0,
AHI46ZL6NBNBRUD5F3YUP5ZWHEFQ,Popularity,0.0,
AHI46ZL6NBNBRUD5F3YUP5ZWHEFQ,CF (ItemKNN),0.0,
AHI46ZL6NBNBRUD5F3YUP5ZWHEFQ,Content (Avg Emb),0.0,
AHI46ZL6NBNBRUD5F3YUP5ZWHEFQ,Last-Item,0.0,
AHI46ZL6NBNBRUD5F3YUP5ZWHEFQ,Avg-Last-10,0.0,
AHI46ZL6NBNBRUD5F3YUP5ZWHEFQ,Recency-Weighted,0.0,
AHI46ZL6NBNBRUD5F3YUP5ZWHEFQ,Essence (K=10),0.0,
AHI4PG33FLI6H3SWRDSDVGDDAPLA,Random,0.0,
AHI4PG33FLI6H3SWRDSDVGDDAPLA,Popularity,0.0,
AHI4PG33FLI6H3SWRDSDVGDDAPLA,CF (ItemKNN),0.0,
AHI4PG33FLI6H3SWRDSDVGDDAPLA,Content (Avg Emb),0.0,
AHI4PG33FLI6H3SWRDSDVGDDAPLA,Last-Item,0.0,
AHI4PG33FLI6H3SWRDSDVGDDAPLA,Avg-Last-10,0.0,
AHI4PG33FLI6H3SWRDSDVGDDAPLA,Recency-Weighted,0.0,
AHI4PG33FLI6H3SWRDSDVGDDAPLA,Essence (K=10),0.0,
AHI4QMBBHXRDUNUUC6WMI6FUSXBA,Random,0.0,
AHI4QMBBHXRDUNUUC6WMI6FUSXBA,Popularity,0.0,
AHI4QMBBHXRDUNUUC6WMI6FUSXBA,CF (ItemKNN),0.0,
AHI4QMBBHXRDUNUUC6WMI6FUSXBA,Content (Avg Emb),0.0,
AHI4QMBBHXRDUNUUC6WMI6FUSXBA,Last-Item,0.5,
AHI4QMBBHXRDUNUUC6WMI6FUSXBA,Avg-Last-10,0.0,
AHI4QMBBHXRDUNUUC6WMI6FUSXBA,Recency-Weighted,0.25,
AHI4QMBBHXRDUNUUC6WMI6FUSXBA,Essence (K=10),0.0,
AHI57FBXWZSC3JTQCE3VTAT4HNQQ,Random,0.0,
AHI57FBXWZSC3JTQCE3VTAT4HNQQ,Popularity,0.16666666666666666,
AHI57FBXWZSC3JTQCE3VTAT4HNQQ,CF (ItemKNN),0.16666666666666666,
AHI57FBXWZSC3JTQCE3VTAT4HNQQ,Content (Avg Emb),0.0,
AHI57FBXWZSC3JTQCE3VTAT4HNQQ,Last-Item,0.0,
AHI57FBXWZSC3JTQCE3VTAT4HNQQ,Avg-Last-10,0.0,
AHI57FBXWZSC3JTQCE3VTAT4HNQQ,Recency-Weighted,0.0,
AHI57FBXWZSC3JTQCE3VTAT4HNQQ,Essence (K=10),0.0,
AHI6QE5CQTL3FO5HTF6OUQFNACQA,Random,0.0,0.0
AHI6QE5CQTL3FO5HTF6OUQFNACQA,Popularity,0.0,0.0
AHI6QE5CQTL3FO5HTF6OUQFNACQA,CF (ItemKNN),0.0,0.0
AHI6QE5CQTL3FO5HTF6OUQFNACQA,Content (Avg Emb),0.0,0.0
AHI6QE5CQTL3FO5HTF6OUQFNACQA,Last-Item,0.0,0.0
AHI6QE5CQTL3FO5HTF6OUQFNACQA,Avg-Last-10,0.0,0.0
AHI6QE5CQTL3FO5HTF6OUQFNACQA,Recency-Weighted,0.0,0.0
AHI6QE5CQTL3FO5HTF6OUQFNACQA,Essence (K=10),0.0,0.0
AHIBHMJHIESF4HVKUSJCSCKVBSUA,Random,0.0,0.0
AHIBHMJHIESF4HVKUSJCSCKVBSUA,Popularity,0.0,0.0
AHIBHMJHIESF4HVKUSJCSCKVBSUA,CF (ItemKNN),0.0,0.0
AHIBHMJHIESF4HVKUSJCSCKVBSUA,Content (Avg Emb),0.0,0.0
AHIBHMJHIESF4HVKUSJCSCKVBSUA,Last-Item,0.0,0.0
AHIBHMJHIESF4HVKUSJCSCKVBSUA,Avg-Last-10,0.0,0.0
AHIBHMJHIESF4HVKUSJCSCKVBSUA,Recency-Weighted,0.0,0.0
AHIBHMJHIESF4HVKUSJCSCKVBSUA,Essence (K=10),0.0,0.0
AHIF5HZGSEWZJKQNLCOKGUATDF7Q,Random,0.0,0.0
AHIF5HZGSEWZJKQNLCOKGUATDF7Q,Popularity,0.0,0.0
AHIF5HZGSEWZJKQNLCOKGUATDF7Q,CF (ItemKNN),0.0,0.0
AHIF5HZGSEWZJKQNLCOKGUATDF7Q,Content (Avg Emb),0.0,0.0
AHIF5HZGSEWZJKQNLCOKGUATDF7Q,Last-Item,0.0,0.0
AHIF5HZGSEWZJKQNLCOKGUATDF7Q,Avg-Last-10,0.0,0.0
AHIF5HZGSEWZJKQNLCOKGUATDF7Q,Recency-Weighted,0.0,0.0
AHIF5HZGSEWZJKQNLCOKGUATDF7Q,Essence (K=10),0.0,0.0
AHIFMMUC22JSTO54NVEFJKGL4Q4A,Random,0.0,
AHIFMMUC22JSTO54NVEFJKGL4Q4A,Popularity,0.0,
AHIFMMUC22JSTO54NVEFJKGL4Q4A,CF (ItemKNN),0.0,
AHIFMMUC22JSTO54NVEFJKGL4Q4A,Content (Avg Emb),0.0,
AHIFMMUC22JSTO54NVEFJKGL4Q4A,Last-Item,0.0,
AHIFMMUC22JSTO54NVEFJKGL4Q4A,Avg-Last-10,0.0,
AHIFMMUC22JSTO54NVEFJKGL4Q4A,Recency-Weighted,0.0,
AHIFMMUC22JSTO54NVEFJKGL4Q4A,Essence (K=10),0.0,
AHIJ3OOZAUJFNUJS62VIBVZVVRUA,Random,0.0,0.0
AHIJ3OOZAUJFNUJS62VIBVZVVRUA,Popularity,0.0,0.0
AHIJ3OOZAUJFNUJS62VIBVZVVRUA,CF (ItemKNN),0.0,0.0
AHIJ3OOZAUJFNUJS62VIBVZVVRUA,Content (Avg Emb),0.0,0.0
AHIJ3OOZAUJFNUJS62VIBVZVVRUA,Last-Item,0.1,0.0
AHIJ3OOZAUJFNUJS62VIBVZVVRUA,Avg-Last-10,0.0,0.0
AHIJ3OOZAUJFNUJS62VIBVZVVRUA,Recency-Weighted,0.0,0.0
AHIJ3OOZAUJFNUJS62VIBVZVVRUA,Essence (K=10),0.0,0.0
AHIJEUUMT3WKONI35CDE645HB3DA,Random,0.0,
AHIJEUUMT3WKONI35CDE645HB3DA,Popularity,0.0,
AHIJEUUMT3WKONI35CDE645HB3DA,CF (ItemKNN),0.0,
AHIJEUUMT3WKONI35CDE645HB3DA,Content (Avg Emb),0.0,
AHIJEUUMT3WKONI35CDE645HB3DA,Last-Item,0.0,
AHIJEUUMT3WKONI35CDE645HB3DA,Avg-Last-10,0.0,
AHIJEUUMT3WKONI35CDE645HB3DA,Recency-Weighted,0.0,
AHIJEUUMT3WKONI35CDE645HB3DA,Essence (K=10),0.0,
AHILCBZMPDDT6ZH36BY6FX2VCKOQ,Random,0.0,0.0
AHILCBZMPDDT6ZH36BY6FX2VCKOQ,Popularity,0.0,0.0
AHILCBZMPDDT6ZH36BY6FX2VCKOQ,CF (ItemKNN),0.0,0.0
AHILCBZMPDDT6ZH36BY6FX2VCKOQ,Content (Avg Emb),0.0,0.0
AHILCBZMPDDT6ZH36BY6FX2VCKOQ,Last-Item,0.0,0.0
AHILCBZMPDDT6ZH36BY6FX2VCKOQ,Avg-Last-10,0.0,0.0
AHILCBZMPDDT6ZH36BY6FX2VCKOQ,Recency-Weighted,0.0,0.0
AHILCBZMPDDT6ZH36BY6FX2VCKOQ,Essence (K=10),0.1111111111111111,0.0
AHILXQL5R5XDILZXBNAVJKCHENTQ,Random,0.0,
AHILXQL5R5XDILZXBNAVJKCHENTQ,Popularity,0.0,
AHILXQL5R5XDILZXBNAVJKCHENTQ,CF (ItemKNN),0.0,
AHILXQL5R5XDILZXBNAVJKCHENTQ,Content (Avg Emb),0.0,
AHILXQL5R5XDILZXBNAVJKCHENTQ,Last-Item,0.0,
AHILXQL5R5XDILZXBNAVJKCHENTQ,Avg-Last-10,0.0,
AHILXQL5R5XDILZXBNAVJKCHENTQ,Recency-Weighted,0.0,
AHILXQL5R5XDILZXBNAVJKCHENTQ,Essence (K=10),0.0,
AHIOIBDRNST344VQCCGSJTSAZL2A,Random,0.0,
AHIOIBDRNST344VQCCGSJTSAZL2A,Popularity,0.0,
AHIOIBDRNST344VQCCGSJTSAZL2A,CF (ItemKNN),0.0,
AHIOIBDRNST344VQCCGSJTSAZL2A,Content (Avg Emb),0.0,
AHIOIBDRNST344VQCCGSJTSAZL2A,Last-Item,0.0,
AHIOIBDRNST344VQCCGSJTSAZL2A,Avg-Last-10,0.0,
AHIOIBDRNST344VQCCGSJTSAZL2A,Recency-Weighted,0.0,
AHIOIBDRNST344VQCCGSJTSAZL2A,Essence (K=10),0.0,
AHIQGQL6GAKB6WNNSLJZEUVFAPCA,Random,0.0,0.0
AHIQGQL6GAKB6WNNSLJZEUVFAPCA,Popularity,0.0,0.0
AHIQGQL6GAKB6WNNSLJZEUVFAPCA,CF (ItemKNN),0.0,0.0
AHIQGQL6GAKB6WNNSLJZEUVFAPCA,Content (Avg Emb),0.0,0.0
AHIQGQL6GAKB6WNNSLJZEUVFAPCA,Last-Item,0.0,0.0
AHIQGQL6GAKB6WNNSLJZEUVFAPCA,Avg-Last-10,0.0,0.0
AHIQGQL6GAKB6WNNSLJZEUVFAPCA,Recency-Weighted,0.0,0.0
AHIQGQL6GAKB6WNNSLJZEUVFAPCA,Essence (K=10),0.0,0.0
AHIQVGPHCBR5MH3RIITKQ75KL77Q,Random,0.0,
AHIQVGPHCBR5MH3RIITKQ75KL77Q,Popularity,0.0,
AHIQVGPHCBR5MH3RIITKQ75KL77Q,CF (ItemKNN),0.0,
AHIQVGPHCBR5MH3RIITKQ75KL77Q,Content (Avg Emb),0.0,
AHIQVGPHCBR5MH3RIITKQ75KL77Q,Last-Item,0.0,
AHIQVGPHCBR5MH3RIITKQ75KL77Q,Avg-Last-10,0.0,
AHIQVGPHCBR5MH3RIITKQ75KL77Q,Recency-Weighted,0.0,
AHIQVGPHCBR5MH3RIITKQ75KL77Q,Essence (K=10),0.0,
AHIRTEXYDINKP4DT3CGOQIFLKQJQ,Random,0.0,0.0
AHIRTEXYDINKP4DT3CGOQIFLKQJQ,Popularity,0.0,0.0
AHIRTEXYDINKP4DT3CGOQIFLKQJQ,CF (ItemKNN),0.0,0.0
AHIRTEXYDINKP4DT3CGOQIFLKQJQ,Content (Avg Emb),0.0,0.0
AHIRTEXYDINKP4DT3CGOQIFLKQJQ,Last-Item,0.0,0.0
AHIRTEXYDINKP4DT3CGOQIFLKQJQ,Avg-Last-10,0.0,0.0
AHIRTEXYDINKP4DT3CGOQIFLKQJQ,Recency-Weighted,0.0,0.0
AHIRTEXYDINKP4DT3CGOQIFLKQJQ,Essence (K=10),0.0,0.0
AHIRWYSPJZOYC5N2AJRM5MTABLIQ,Random,0.0,
AHIRWYSPJZOYC5N2AJRM5MTABLIQ,Popularity,0.0,
AHIRWYSPJZOYC5N2AJRM5MTABLIQ,CF (ItemKNN),0.0,
AHIRWYSPJZOYC5N2AJRM5MTABLIQ,Content (Avg Emb),0.0,
AHIRWYSPJZOYC5N2AJRM5MTABLIQ,Last-Item,0.0,
AHIRWYSPJZOYC5N2AJRM5MTABLIQ,Avg-Last-10,0.0,
AHIRWYSPJZOYC5N2AJRM5MTABLIQ,Recency-Weighted,0.0,
AHIRWYSPJZOYC5N2AJRM5MTABLIQ,Essence (K=10),0.0,
AHIUD4ASTIXKKM2CA3A72HXXBJNA,Random,0.0,
AHIUD4ASTIXKKM2CA3A72HXXBJNA,Popularity,0.0,
AHIUD4ASTIXKKM2CA3A72HXXBJNA,CF (ItemKNN),0.0,
AHIUD4ASTIXKKM2CA3A72HXXBJNA,Content (Avg Emb),0.0,
AHIUD4ASTIXKKM2CA3A72HXXBJNA,Last-Item,0.0,
AHIUD4ASTIXKKM2CA3A72HXXBJNA,Avg-Last-10,0.0,
AHIUD4ASTIXKKM2CA3A72HXXBJNA,Recency-Weighted,0.0,
AHIUD4ASTIXKKM2CA3A72HXXBJNA,Essence (K=10),0.0,
AHIVPVXLFHWZ76UQ3YTYXAAT4JDQ,Random,0.0,
AHIVPVXLFHWZ76UQ3YTYXAAT4JDQ,Popularity,0.0,
AHIVPVXLFHWZ76UQ3YTYXAAT4JDQ,CF (ItemKNN),0.0,
AHIVPVXLFHWZ76UQ3YTYXAAT4JDQ,Content (Avg Emb),0.0,
AHIVPVXLFHWZ76UQ3YTYXAAT4JDQ,Last-Item,0.2,
AHIVPVXLFHWZ76UQ3YTYXAAT4JDQ,Avg-Last-10,0.0,
AHIVPVXLFHWZ76UQ3YTYXAAT4JDQ,Recency-Weighted,0.0,
AHIVPVXLFHWZ76UQ3YTYXAAT4JDQ,Essence (K=10),0.0,
AHIWHHZVU4VERGL2ZENI32I3FDUA,Random,0.0,
AHIWHHZVU4VERGL2ZENI32I3FDUA,Popularity,0.0,
AHIWHHZVU4VERGL2ZENI32I3FDUA,CF (ItemKNN),0.0,
AHIWHHZVU4VERGL2ZENI32I3FDUA,Content (Avg Emb),0.2,
AHIWHHZVU4VERGL2ZENI32I3FDUA,Last-Item,0.4,
AHIWHHZVU4VERGL2ZENI32I3FDUA,Avg-Last-10,0.2,
AHIWHHZVU4VERGL2ZENI32I3FDUA,Recency-Weighted,0.2,
AHIWHHZVU4VERGL2ZENI32I3FDUA,Essence (K=10),0.2,
AHIWOE4225MCWH374GJ5WYPFNNWQ,Random,0.0,0.0
AHIWOE4225MCWH374GJ5WYPFNNWQ,Popularity,0.0,0.0
AHIWOE4225MCWH374GJ5WYPFNNWQ,CF (ItemKNN),0.0,0.0
AHIWOE4225MCWH374GJ5WYPFNNWQ,Content (Avg Emb),0.0,0.0
AHIWOE4225MCWH374GJ5WYPFNNWQ,Last-Item,0.0,0.0
AHIWOE4225MCWH374GJ5WYPFNNWQ,Avg-Last-10,0.0,0.0
AHIWOE4225MCWH374GJ5WYPFNNWQ,Recency-Weighted,0.0,0.0
AHIWOE4225MCWH374GJ5WYPFNNWQ,Essence (K=10),0.0,0.0
AHIWRGPY45DQ5FZ3OEBGGHYYFDBQ,Random,0.0,
AHIWRGPY45DQ5FZ3OEBGGHYYFDBQ,Popularity,0.0,
AHIWRGPY45DQ5FZ3OEBGGHYYFDBQ,CF (ItemKNN),0.0,
AHIWRGPY45DQ5FZ3OEBGGHYYFDBQ,Content (Avg Emb),0.0,
AHIWRGPY45DQ5FZ3OEBGGHYYFDBQ,Last-Item,0.0,
AHIWRGPY45DQ5FZ3OEBGGHYYFDBQ,Avg-Last-10,0.0,
AHIWRGPY45DQ5FZ3OEBGGHYYFDBQ,Recency-Weighted,0.0,
AHIWRGPY45DQ5FZ3OEBGGHYYFDBQ,Essence (K=10),0.0,
AHIZUUEBA4PWEZIMOIC242H44QMA,Random,0.0,0.0
AHIZUUEBA4PWEZIMOIC242H44QMA,Popularity,0.0,0.0
AHIZUUEBA4PWEZIMOIC242H44QMA,CF (ItemKNN),0.0,0.0
AHIZUUEBA4PWEZIMOIC242H44QMA,Content (Avg Emb),0.0,0.0
AHIZUUEBA4PWEZIMOIC242H44QMA,Last-Item,0.0,0.0
AHIZUUEBA4PWEZIMOIC242H44QMA,Avg-Last-10,0.0,0.0
AHIZUUEBA4PWEZIMOIC242H44QMA,Recency-Weighted,0.0,0.0
AHIZUUEBA4PWEZIMOIC242H44QMA,Essence (K=10),0.0,0.0
AHJ4QNNR4CSVJTARGV63HXQ7ECBA,Random,0.0,
AHJ4QNNR4CSVJTARGV63HXQ7ECBA,Popularity,0.0,
AHJ4QNNR4CSVJTARGV63HXQ7ECBA,CF (ItemKNN),0.0,
AHJ4QNNR4CSVJTARGV63HXQ7ECBA,Content (Avg Emb),0.0,
AHJ4QNNR4CSVJTARGV63HXQ7ECBA,Last-Item,0.0,
AHJ4QNNR4CSVJTARGV63HXQ7ECBA,Avg-Last-10,0.0,
AHJ4QNNR4CSVJTARGV63HXQ7ECBA,Recency-Weighted,0.0,
AHJ4QNNR4CSVJTARGV63HXQ7ECBA,Essence (K=10),0.0,
AHJESSK2XPBGMOFKLP5IKZ3QOH4Q,Random,0.0,
AHJESSK2XPBGMOFKLP5IKZ3QOH4Q,Popularity,0.0,
AHJESSK2XPBGMOFKLP5IKZ3QOH4Q,CF (ItemKNN),0.0,
AHJESSK2XPBGMOFKLP5IKZ3QOH4Q,Content (Avg Emb),0.14285714285714285,
AHJESSK2XPBGMOFKLP5IKZ3QOH4Q,Last-Item,0.0,
AHJESSK2XPBGMOFKLP5IKZ3QOH4Q,Avg-Last-10,0.14285714285714285,
AHJESSK2XPBGMOFKLP5IKZ3QOH4Q,Recency-Weighted,0.14285714285714285,
AHJESSK2XPBGMOFKLP5IKZ3QOH4Q,Essence (K=10),0.14285714285714285,
AHJETUBRCQ3U4CBL5MXYARLVJ5KA,Random,0.0,
AHJETUBRCQ3U4CBL5MXYARLVJ5KA,Popularity,0.0,
AHJETUBRCQ3U4CBL5MXYARLVJ5KA,CF (ItemKNN),0.0,
AHJETUBRCQ3U4CBL5MXYARLVJ5KA,Content (Avg Emb),0.0,
AHJETUBRCQ3U4CBL5MXYARLVJ5KA,Last-Item,0.2,
AHJETUBRCQ3U4CBL5MXYARLVJ5KA,Avg-Last-10,0.0,
AHJETUBRCQ3U4CBL5MXYARLVJ5KA,Recency-Weighted,0.0,
AHJETUBRCQ3U4CBL5MXYARLVJ5KA,Essence (K=10),0.0,
AHJGYZY3APTF23QWCDSM66CQCPZA,Random,0.0,0.0
AHJGYZY3APTF23QWCDSM66CQCPZA,Popularity,0.0,0.0
AHJGYZY3APTF23QWCDSM66CQCPZA,CF (ItemKNN),0.0,0.0
AHJGYZY3APTF23QWCDSM66CQCPZA,Content (Avg Emb),0.16666666666666666,0.25
AHJGYZY3APTF23QWCDSM66CQCPZA,Last-Item,0.16666666666666666,0.25
AHJGYZY3APTF23QWCDSM66CQCPZA,Avg-Last-10,0.16666666666666666,0.25
AHJGYZY3APTF23QWCDSM66CQCPZA,Recency-Weighted,0.16666666666666666,0.25
AHJGYZY3APTF23QWCDSM66CQCPZA,Essence (K=10),0.16666666666666666,0.25
AHJK3FGLVYOU2BIOY44JE2BMSOAQ,Random,0.0,
AHJK3FGLVYOU2BIOY44JE2BMSOAQ,Popularity,0.0,
AHJK3FGLVYOU2BIOY44JE2BMSOAQ,CF (ItemKNN),0.0,
AHJK3FGLVYOU2BIOY44JE2BMSOAQ,Content (Avg Emb),0.0,
AHJK3FGLVYOU2BIOY44JE2BMSOAQ,Last-Item,0.0,
AHJK3FGLVYOU2BIOY44JE2BMSOAQ,Avg-Last-10,0.0,
AHJK3FGLVYOU2BIOY44JE2BMSOAQ,Recency-Weighted,0.0,
AHJK3FGLVYOU2BIOY44JE2BMSOAQ,Essence (K=10),0.0,
AHJLJY6D7TTL3QSMN4TFAJJSAGUA,Random,0.0,
AHJLJY6D7TTL3QSMN4TFAJJSAGUA,Popularity,0.0,
AHJLJY6D7TTL3QSMN4TFAJJSAGUA,CF (ItemKNN),0.0,
AHJLJY6D7TTL3QSMN4TFAJJSAGUA,Content (Avg Emb),0.0,
AHJLJY6D7TTL3QSMN4TFAJJSAGUA,Last-Item,0.0,
AHJLJY6D7TTL3QSMN4TFAJJSAGUA,Avg-Last-10,0.0,
AHJLJY6D7TTL3QSMN4TFAJJSAGUA,Recency-Weighted,0.0,
AHJLJY6D7TTL3QSMN4TFAJJSAGUA,Essence (K=10),0.0,
AHJN6ADBXVTCSCTIPC4WXJFTYIRQ,Random,0.0,
AHJN6ADBXVTCSCTIPC4WXJFTYIRQ,Popularity,0.0,
AHJN6ADBXVTCSCTIPC4WXJFTYIRQ,CF (ItemKNN),0.0,
AHJN6ADBXVTCSCTIPC4WXJFTYIRQ,Content (Avg Emb),0.0,
AHJN6ADBXVTCSCTIPC4WXJFTYIRQ,Last-Item,0.0,
AHJN6ADBXVTCSCTIPC4WXJFTYIRQ,Avg-Last-10,0.0,
AHJN6ADBXVTCSCTIPC4WXJFTYIRQ,Recency-Weighted,0.0,
AHJN6ADBXVTCSCTIPC4WXJFTYIRQ,Essence (K=10),0.0,
AHJRQ62HQBVA3MMCU3EPZVCMSRAQ,Random,0.0,
AHJRQ62HQBVA3MMCU3EPZVCMSRAQ,Popularity,0.0,
AHJRQ62HQBVA3MMCU3EPZVCMSRAQ,CF (ItemKNN),0.0,
AHJRQ62HQBVA3MMCU3EPZVCMSRAQ,Content (Avg Emb),0.0,
AHJRQ62HQBVA3MMCU3EPZVCMSRAQ,Last-Item,0.0,
AHJRQ62HQBVA3MMCU3EPZVCMSRAQ,Avg-Last-10,0.0,
AHJRQ62HQBVA3MMCU3EPZVCMSRAQ,Recency-Weighted,0.0,
AHJRQ62HQBVA3MMCU3EPZVCMSRAQ,Essence (K=10),0.0,
AHJUCN3APUY6MTUCTFXKSVV3556A,Random,0.0,0.0
AHJUCN3APUY6MTUCTFXKSVV3556A,Popularity,0.0,0.0
AHJUCN3APUY6MTUCTFXKSVV3556A,CF (ItemKNN),0.0,0.0
AHJUCN3APUY6MTUCTFXKSVV3556A,Content (Avg Emb),0.0,0.0
AHJUCN3APUY6MTUCTFXKSVV3556A,Last-Item,0.0,0.0
AHJUCN3APUY6MTUCTFXKSVV3556A,Avg-Last-10,0.0,0.0
AHJUCN3APUY6MTUCTFXKSVV3556A,Recency-Weighted,0.0,0.0
AHJUCN3APUY6MTUCTFXKSVV3556A,Essence (K=10),0.0,0.0
AHJX53KKOPU4FTGRCWAGDDMXUUHA,Random,0.0,0.0
AHJX53KKOPU4FTGRCWAGDDMXUUHA,Popularity,0.0,0.0
AHJX53KKOPU4FTGRCWAGDDMXUUHA,CF (ItemKNN),0.0,0.0
AHJX53KKOPU4FTGRCWAGDDMXUUHA,Content (Avg Emb),0.0,0.0
AHJX53KKOPU4FTGRCWAGDDMXUUHA,Last-Item,0.0,0.0
AHJX53KKOPU4FTGRCWAGDDMXUUHA,Avg-Last-10,0.0,0.0
AHJX53KKOPU4FTGRCWAGDDMXUUHA,Recency-Weighted,0.0,0.0
AHJX53KKOPU4FTGRCWAGDDMXUUHA,Essence (K=10),0.0,0.0
AHJZLZSJYR62FOUM2QO4CYHLMQNA,Random,0.0,
AHJZLZSJYR62FOUM2QO4CYHLMQNA,Popularity,0.0,
AHJZLZSJYR62FOUM2QO4CYHLMQNA,CF (ItemKNN),0.0,
AHJZLZSJYR62FOUM2QO4CYHLMQNA,Content (Avg Emb),0.0,
AHJZLZSJYR62FOUM2QO4CYHLMQNA,Last-Item,0.0,
AHJZLZSJYR62FOUM2QO4CYHLMQNA,Avg-Last-10,0.0,
AHJZLZSJYR62FOUM2QO4CYHLMQNA,Recency-Weighted,0.0,
AHJZLZSJYR62FOUM2QO4CYHLMQNA,Essence (K=10),0.0,
AHK2HFL2O6XQAYQGN5JKL7PP3C3Q,Random,0.0,
AHK2HFL2O6XQAYQGN5JKL7PP3C3Q,Popularity,0.0,
AHK2HFL2O6XQAYQGN5JKL7PP3C3Q,CF (ItemKNN),0.0,
AHK2HFL2O6XQAYQGN5JKL7PP3C3Q,Content (Avg Emb),0.0,
AHK2HFL2O6XQAYQGN5JKL7PP3C3Q,Last-Item,0.0,
AHK2HFL2O6XQAYQGN5JKL7PP3C3Q,Avg-Last-10,0.0,
AHK2HFL2O6XQAYQGN5JKL7PP3C3Q,Recency-Weighted,0.0,
AHK2HFL2O6XQAYQGN5JKL7PP3C3Q,Essence (K=10),0.0,
AHK2W6ZH3HX72GUZERUZMQUGWYNA,Random,0.0,0.0
AHK2W6ZH3HX72GUZERUZMQUGWYNA,Popularity,0.0,0.0
AHK2W6ZH3HX72GUZERUZMQUGWYNA,CF (ItemKNN),0.14285714285714285,1.0
AHK2W6ZH3HX72GUZERUZMQUGWYNA,Content (Avg Emb),0.0,0.0
AHK2W6ZH3HX72GUZERUZMQUGWYNA,Last-Item,0.0,0.0
AHK2W6ZH3HX72GUZERUZMQUGWYNA,Avg-Last-10,0.0,0.0
AHK2W6ZH3HX72GUZERUZMQUGWYNA,Recency-Weighted,0.0,0.0
AHK2W6ZH3HX72GUZERUZMQUGWYNA,Essence (K=10),0.0,0.0
AHK5SGHSRFPRJBFW7FU6V5LYU64Q,Random,0.0,0.0
AHK5SGHSRFPRJBFW7FU6V5LYU64Q,Popularity,0.0,0.0
AHK5SGHSRFPRJBFW7FU6V5LYU64Q,CF (ItemKNN),0.0,0.0
AHK5SGHSRFPRJBFW7FU6V5LYU64Q,Content (Avg Emb),0.0,0.0
AHK5SGHSRFPRJBFW7FU6V5LYU64Q,Last-Item,0.0,0.0
AHK5SGHSRFPRJBFW7FU6V5LYU64Q,Avg-Last-10,0.0,0.0
AHK5SGHSRFPRJBFW7FU6V5LYU64Q,Recency-Weighted,0.0,0.0
AHK5SGHSRFPRJBFW7FU6V5LYU64Q,Essence (K=10),0.0,0.0
AHK6AQTWZXTKNOEVW754Q7SISBNA,Random,0.0,
AHK6AQTWZXTKNOEVW754Q7SISBNA,Popularity,0.0,
AHK6AQTWZXTKNOEVW754Q7SISBNA,CF (ItemKNN),0.0,
AHK6AQTWZXTKNOEVW754Q7SISBNA,Content (Avg Emb),0.0,
AHK6AQTWZXTKNOEVW754Q7SISBNA,Last-Item,0.0,
AHK6AQTWZXTKNOEVW754Q7SISBNA,Avg-Last-10,0.0,
AHK6AQTWZXTKNOEVW754Q7SISBNA,Recency-Weighted,0.0,
AHK6AQTWZXTKNOEVW754Q7SISBNA,Essence (K=10),0.0,
AHKITCQRKCZWF6O5WKSH6FRB2M6Q,Random,0.0,
AHKITCQRKCZWF6O5WKSH6FRB2M6Q,Popularity,0.0,
AHKITCQRKCZWF6O5WKSH6FRB2M6Q,CF (ItemKNN),0.0,
AHKITCQRKCZWF6O5WKSH6FRB2M6Q,Content (Avg Emb),0.1,
AHKITCQRKCZWF6O5WKSH6FRB2M6Q,Last-Item,0.0,
AHKITCQRKCZWF6O5WKSH6FRB2M6Q,Avg-Last-10,0.1,
AHKITCQRKCZWF6O5WKSH6FRB2M6Q,Recency-Weighted,0.1,
AHKITCQRKCZWF6O5WKSH6FRB2M6Q,Essence (K=10),0.1,
AHKNO5KU26W4HS2EPCIMPWZ5YXRQ,Random,0.0,0.0
AHKNO5KU26W4HS2EPCIMPWZ5YXRQ,Popularity,0.0,0.0
AHKNO5KU26W4HS2EPCIMPWZ5YXRQ,CF (ItemKNN),0.0,0.0
AHKNO5KU26W4HS2EPCIMPWZ5YXRQ,Content (Avg Emb),0.0,0.0
AHKNO5KU26W4HS2EPCIMPWZ5YXRQ,Last-Item,0.0,0.0
AHKNO5KU26W4HS2EPCIMPWZ5YXRQ,Avg-Last-10,0.0,0.0
AHKNO5KU26W4HS2EPCIMPWZ5YXRQ,Recency-Weighted,0.0,0.0
AHKNO5KU26W4HS2EPCIMPWZ5YXRQ,Essence (K=10),0.0,0.0
AHKQI5DHL4DCAKLYWF4C7KKP4W2Q,Random,0.0,
AHKQI5DHL4DCAKLYWF4C7KKP4W2Q,Popularity,0.0,
AHKQI5DHL4DCAKLYWF4C7KKP4W2Q,CF (ItemKNN),0.0,
AHKQI5DHL4DCAKLYWF4C7KKP4W2Q,Content (Avg Emb),0.0,
AHKQI5DHL4DCAKLYWF4C7KKP4W2Q,Last-Item,0.08333333333333333,
AHKQI5DHL4DCAKLYWF4C7KKP4W2Q,Avg-Last-10,0.25,
AHKQI5DHL4DCAKLYWF4C7KKP4W2Q,Recency-Weighted,0.25,
AHKQI5DHL4DCAKLYWF4C7KKP4W2Q,Essence (K=10),0.16666666666666666,
AHKUVDQJZUWZ5P4PCSJZGQYIDQNA,Random,0.0,
AHKUVDQJZUWZ5P4PCSJZGQYIDQNA,Popularity,0.0,
AHKUVDQJZUWZ5P4PCSJZGQYIDQNA,CF (ItemKNN),0.0,
AHKUVDQJZUWZ5P4PCSJZGQYIDQNA,Content (Avg Emb),0.0,
AHKUVDQJZUWZ5P4PCSJZGQYIDQNA,Last-Item,0.0,
AHKUVDQJZUWZ5P4PCSJZGQYIDQNA,Avg-Last-10,0.0,
AHKUVDQJZUWZ5P4PCSJZGQYIDQNA,Recency-Weighted,0.0,
AHKUVDQJZUWZ5P4PCSJZGQYIDQNA,Essence (K=10),0.0,
AHKWAW7SXIBUAWOM2EA3LQHMMG2A,Random,0.0,
AHKWAW7SXIBUAWOM2EA3LQHMMG2A,Popularity,0.0,
AHKWAW7SXIBUAWOM2EA3LQHMMG2A,CF (ItemKNN),0.0,
AHKWAW7SXIBUAWOM2EA3LQHMMG2A,Content (Avg Emb),0.125,
AHKWAW7SXIBUAWOM2EA3LQHMMG2A,Last-Item,0.125,
AHKWAW7SXIBUAWOM2EA3LQHMMG2A,Avg-Last-10,0.125,
AHKWAW7SXIBUAWOM2EA3LQHMMG2A,Recency-Weighted,0.125,
AHKWAW7SXIBUAWOM2EA3LQHMMG2A,Essence (K=10),0.125,
AHKYEIP6NQ7NGVMYINLBEFP7YBBQ,Random,0.0,0.0
AHKYEIP6NQ7NGVMYINLBEFP7YBBQ,Popularity,0.0,0.0
AHKYEIP6NQ7NGVMYINLBEFP7YBBQ,CF (ItemKNN),0.0,0.0
AHKYEIP6NQ7NGVMYINLBEFP7YBBQ,Content (Avg Emb),0.0,0.0
AHKYEIP6NQ7NGVMYINLBEFP7YBBQ,Last-Item,0.0,0.0
AHKYEIP6NQ7NGVMYINLBEFP7YBBQ,Avg-Last-10,0.0,0.0
AHKYEIP6NQ7NGVMYINLBEFP7YBBQ,Recency-Weighted,0.0,0.0
AHKYEIP6NQ7NGVMYINLBEFP7YBBQ,Essence (K=10),0.0,0.0
AHKYXV7JN2UO3QERHEGKW775HIQA,Random,0.0,0.0
AHKYXV7JN2UO3QERHEGKW775HIQA,Popularity,0.0,0.0
AHKYXV7JN2UO3QERHEGKW775HIQA,CF (ItemKNN),0.0,0.0
AHKYXV7JN2UO3QERHEGKW775HIQA,Content (Avg Emb),0.0,0.0
AHKYXV7JN2UO3QERHEGKW775HIQA,Last-Item,0.0,0.0
AHKYXV7JN2UO3QERHEGKW775HIQA,Avg-Last-10,0.0,0.0
AHKYXV7JN2UO3QERHEGKW775HIQA,Recency-Weighted,0.0,0.0
AHKYXV7JN2UO3QERHEGKW775HIQA,Essence (K=10),0.0,0.0
AHL3PEI32DHUY2CKIYE6G3662M6A,Random,0.0,
AHL3PEI32DHUY2CKIYE6G3662M6A,Popularity,0.0,
AHL3PEI32DHUY2CKIYE6G3662M6A,CF (ItemKNN),0.0,
AHL3PEI32DHUY2CKIYE6G3662M6A,Content (Avg Emb),0.0,
AHL3PEI32DHUY2CKIYE6G3662M6A,Last-Item,0.0,
AHL3PEI32DHUY2CKIYE6G3662M6A,Avg-Last-10,0.0,
AHL3PEI32DHUY2CKIYE6G3662M6A,Recency-Weighted,0.0,
AHL3PEI32DHUY2CKIYE6G3662M6A,Essence (K=10),0.0,
AHL6GOIWDTTV25AODOVLUHXGK5UA,Random,0.0,0.0
AHL6GOIWDTTV25AODOVLUHXGK5UA,Popularity,0.0,0.0
AHL6GOIWDTTV25AODOVLUHXGK5UA,CF (ItemKNN),0.0,0.0
AHL6GOIWDTTV25AODOVLUHXGK5UA,Content (Avg Emb),0.0,0.0
AHL6GOIWDTTV25AODOVLUHXGK5UA,Last-Item,0.0,0.0
AHL6GOIWDTTV25AODOVLUHXGK5UA,Avg-Last-10,0.0,0.0
AHL6GOIWDTTV25AODOVLUHXGK5UA,Recency-Weighted,0.0,0.0
AHL6GOIWDTTV25AODOVLUHXGK5UA,Essence (K=10),0.0,0.0
AHL6QPIJMK5YH5MRJOBYMFXS4NVQ,Random,0.0,0.0
AHL6QPIJMK5YH5MRJOBYMFXS4NVQ,Popularity,0.0,0.0
AHL6QPIJMK5YH5MRJOBYMFXS4NVQ,CF (ItemKNN),0.0,0.0
AHL6QPIJMK5YH5MRJOBYMFXS4NVQ,Content (Avg Emb),0.0,0.0
AHL6QPIJMK5YH5MRJOBYMFXS4NVQ,Last-Item,0.14285714285714285,0.0
AHL6QPIJMK5YH5MRJOBYMFXS4NVQ,Avg-Last-10,0.14285714285714285,0.0
AHL6QPIJMK5YH5MRJOBYMFXS4NVQ,Recency-Weighted,0.14285714285714285,0.0
AHL6QPIJMK5YH5MRJOBYMFXS4NVQ,Essence (K=10),0.0,0.0
AHL6T2DFXK5RJVTRAPLDHV4WGXEQ,Random,0.0,
AHL6T2DFXK5RJVTRAPLDHV4WGXEQ,Popularity,0.0,
AHL6T2DFXK5RJVTRAPLDHV4WGXEQ,CF (ItemKNN),0.0,
AHL6T2DFXK5RJVTRAPLDHV4WGXEQ,Content (Avg Emb),0.0,
AHL6T2DFXK5RJVTRAPLDHV4WGXEQ,Last-Item,0.0,
AHL6T2DFXK5RJVTRAPLDHV4WGXEQ,Avg-Last-10,0.0,
AHL6T2DFXK5RJVTRAPLDHV4WGXEQ,Recency-Weighted,0.0,
AHL6T2DFXK5RJVTRAPLDHV4WGXEQ,Essence (K=10),0.0,
AHLALNC7WGCMQ3ZU7VM2WX5M2NLQ,Random,0.0,0.0
AHLALNC7WGCMQ3ZU7VM2WX5M2NLQ,Popularity,0.0,0.0
AHLALNC7WGCMQ3ZU7VM2WX5M2NLQ,CF (ItemKNN),0.0,0.0
AHLALNC7WGCMQ3ZU7VM2WX5M2NLQ,Content (Avg Emb),0.0,0.0
AHLALNC7WGCMQ3ZU7VM2WX5M2NLQ,Last-Item,0.0,0.0
AHLALNC7WGCMQ3ZU7VM2WX5M2NLQ,Avg-Last-10,0.0,0.0
AHLALNC7WGCMQ3ZU7VM2WX5M2NLQ,Recency-Weighted,0.0,0.0
AHLALNC7WGCMQ3ZU7VM2WX5M2NLQ,Essence (K=10),0.0,0.0
AHLAVEDOCCOQJFFLE7DOC7G7USPQ,Random,0.0,0.0
AHLAVEDOCCOQJFFLE7DOC7G7USPQ,Popularity,0.0,0.0
AHLAVEDOCCOQJFFLE7DOC7G7USPQ,CF (ItemKNN),0.0,0.0
AHLAVEDOCCOQJFFLE7DOC7G7USPQ,Content (Avg Emb),0.0,0.0
AHLAVEDOCCOQJFFLE7DOC7G7USPQ,Last-Item,0.0,0.0
AHLAVEDOCCOQJFFLE7DOC7G7USPQ,Avg-Last-10,0.0,0.0
AHLAVEDOCCOQJFFLE7DOC7G7USPQ,Recency-Weighted,0.0,0.0
AHLAVEDOCCOQJFFLE7DOC7G7USPQ,Essence (K=10),0.0,0.0
AHLCTAMDJMLO45TGL5C3LFNNGFBQ,Random,0.0,0.0
AHLCTAMDJMLO45TGL5C3LFNNGFBQ,Popularity,0.0,0.0
AHLCTAMDJMLO45TGL5C3LFNNGFBQ,CF (ItemKNN),0.0,0.0
AHLCTAMDJMLO45TGL5C3LFNNGFBQ,Content (Avg Emb),0.0,0.0
AHLCTAMDJMLO45TGL5C3LFNNGFBQ,Last-Item,0.0,0.0
AHLCTAMDJMLO45TGL5C3LFNNGFBQ,Avg-Last-10,0.0,0.0
AHLCTAMDJMLO45TGL5C3LFNNGFBQ,Recency-Weighted,0.0,0.0
AHLCTAMDJMLO45TGL5C3LFNNGFBQ,Essence (K=10),0.0,0.0
AHLDFQ6XMNOCSFS7ULOPJ4LEB5WQ,Random,0.0,0.0
AHLDFQ6XMNOCSFS7ULOPJ4LEB5WQ,Popularity,0.0,0.0
AHLDFQ6XMNOCSFS7ULOPJ4LEB5WQ,CF (ItemKNN),0.0,0.0
AHLDFQ6XMNOCSFS7ULOPJ4LEB5WQ,Content (Avg Emb),0.0,0.0
AHLDFQ6XMNOCSFS7ULOPJ4LEB5WQ,Last-Item,0.0,0.0
AHLDFQ6XMNOCSFS7ULOPJ4LEB5WQ,Avg-Last-10,0.0,0.0
AHLDFQ6XMNOCSFS7ULOPJ4LEB5WQ,Recency-Weighted,0.0,0.0
AHLDFQ6XMNOCSFS7ULOPJ4LEB5WQ,Essence (K=10),0.0,0.0
AHLDL353YDVVU5WXY7654FL6IYNQ,Random,0.0,0.0
AHLDL353YDVVU5WXY7654FL6IYNQ,Popularity,0.0,0.0
AHLDL353YDVVU5WXY7654FL6IYNQ,CF (ItemKNN),0.0,0.0
AHLDL353YDVVU5WXY7654FL6IYNQ,Content (Avg Emb),0.0,0.0
AHLDL353YDVVU5WXY7654FL6IYNQ,Last-Item,0.0,0.0
AHLDL353YDVVU5WXY7654FL6IYNQ,Avg-Last-10,0.0,0.0
AHLDL353YDVVU5WXY7654FL6IYNQ,Recency-Weighted,0.0,0.0
AHLDL353YDVVU5WXY7654FL6IYNQ,Essence (K=10),0.0,0.0
AHLEIZP4DAP2IWRSS2LVARIQ3PBQ,Random,0.0,0.0
AHLEIZP4DAP2IWRSS2LVARIQ3PBQ,Popularity,0.0,0.0
AHLEIZP4DAP2IWRSS2LVARIQ3PBQ,CF (ItemKNN),0.0,0.0
AHLEIZP4DAP2IWRSS2LVARIQ3PBQ,Content (Avg Emb),0.0,0.0
AHLEIZP4DAP2IWRSS2LVARIQ3PBQ,Last-Item,0.0,0.0
AHLEIZP4DAP2IWRSS2LVARIQ3PBQ,Avg-Last-10,0.0,0.0
AHLEIZP4DAP2IWRSS2LVARIQ3PBQ,Recency-Weighted,0.0,0.0
AHLEIZP4DAP2IWRSS2LVARIQ3PBQ,Essence (K=10),0.0,0.0
AHLFXRTP4HGQIH7XW5IZ5KMQIXGA,Random,0.0,0.0
AHLFXRTP4HGQIH7XW5IZ5KMQIXGA,Popularity,0.0,0.0
AHLFXRTP4HGQIH7XW5IZ5KMQIXGA,CF (ItemKNN),0.0,0.0
AHLFXRTP4HGQIH7XW5IZ5KMQIXGA,Content (Avg Emb),0.0,0.0
AHLFXRTP4HGQIH7XW5IZ5KMQIXGA,Last-Item,0.0,0.0
AHLFXRTP4HGQIH7XW5IZ5KMQIXGA,Avg-Last-10,0.125,0.0
AHLFXRTP4HGQIH7XW5IZ5KMQIXGA,Recency-Weighted,0.125,0.0
AHLFXRTP4HGQIH7XW5IZ5KMQIXGA,Essence (K=10),0.0,0.0
AHLJSUDY7SD3VIRIQUNC3TRV4GKA,Random,0.0,0.0
AHLJSUDY7SD3VIRIQUNC3TRV4GKA,Popularity,0.0,0.0
AHLJSUDY7SD3VIRIQUNC3TRV4GKA,CF (ItemKNN),0.0,0.0
AHLJSUDY7SD3VIRIQUNC3TRV4GKA,Content (Avg Emb),0.0,0.0
AHLJSUDY7SD3VIRIQUNC3TRV4GKA,Last-Item,0.0,0.0
AHLJSUDY7SD3VIRIQUNC3TRV4GKA,Avg-Last-10,0.0,0.0
AHLJSUDY7SD3VIRIQUNC3TRV4GKA,Recency-Weighted,0.0,0.0
AHLJSUDY7SD3VIRIQUNC3TRV4GKA,Essence (K=10),0.0,0.0
AHLKSCFL4FKTB46WOBLE3DX556NA,Random,0.0,
AHLKSCFL4FKTB46WOBLE3DX556NA,Popularity,0.0,
AHLKSCFL4FKTB46WOBLE3DX556NA,CF (ItemKNN),0.0,
AHLKSCFL4FKTB46WOBLE3DX556NA,Content (Avg Emb),0.0,
AHLKSCFL4FKTB46WOBLE3DX556NA,Last-Item,0.0,
AHLKSCFL4FKTB46WOBLE3DX556NA,Avg-Last-10,0.0,
AHLKSCFL4FKTB46WOBLE3DX556NA,Recency-Weighted,0.0,
AHLKSCFL4FKTB46WOBLE3DX556NA,Essence (K=10),0.0,
AHLLSVTTSQ4BELN5KCOUTXUIYHHA,Random,0.0,0.0
AHLLSVTTSQ4BELN5KCOUTXUIYHHA,Popularity,0.0,0.0
AHLLSVTTSQ4BELN5KCOUTXUIYHHA,CF (ItemKNN),0.0,0.0
AHLLSVTTSQ4BELN5KCOUTXUIYHHA,Content (Avg Emb),0.0,0.0
AHLLSVTTSQ4BELN5KCOUTXUIYHHA,Last-Item,0.0,0.0
AHLLSVTTSQ4BELN5KCOUTXUIYHHA,Avg-Last-10,0.0,0.0
AHLLSVTTSQ4BELN5KCOUTXUIYHHA,Recency-Weighted,0.0,0.0
AHLLSVTTSQ4BELN5KCOUTXUIYHHA,Essence (K=10),0.0,0.0
AHLOIBNSUTHD54GMHMIWFVMXG2QQ,Random,0.0,0.0
AHLOIBNSUTHD54GMHMIWFVMXG2QQ,Popularity,0.0,0.0
AHLOIBNSUTHD54GMHMIWFVMXG2QQ,CF (ItemKNN),0.0,0.0
AHLOIBNSUTHD54GMHMIWFVMXG2QQ,Content (Avg Emb),0.0,0.0
AHLOIBNSUTHD54GMHMIWFVMXG2QQ,Last-Item,0.0,0.0
AHLOIBNSUTHD54GMHMIWFVMXG2QQ,Avg-Last-10,0.0,0.0
AHLOIBNSUTHD54GMHMIWFVMXG2QQ,Recency-Weighted,0.0,0.0
AHLOIBNSUTHD54GMHMIWFVMXG2QQ,Essence (K=10),0.0,0.0
AHLPFBPY5TW77NKF5PRR2YCCWD3A,Random,0.0,0.0
AHLPFBPY5TW77NKF5PRR2YCCWD3A,Popularity,0.0,0.0
AHLPFBPY5TW77NKF5PRR2YCCWD3A,CF (ItemKNN),0.0,0.0
AHLPFBPY5TW77NKF5PRR2YCCWD3A,Content (Avg Emb),0.0,0.0
AHLPFBPY5TW77NKF5PRR2YCCWD3A,Last-Item,0.16666666666666666,1.0
AHLPFBPY5TW77NKF5PRR2YCCWD3A,Avg-Last-10,0.0,0.0
AHLPFBPY5TW77NKF5PRR2YCCWD3A,Recency-Weighted,0.0,0.0
AHLPFBPY5TW77NKF5PRR2YCCWD3A,Essence (K=10),0.0,0.0
AHLRMQKR4DY4ZPHJVDAQMGCSRFGQ,Random,0.0,0.0
AHLRMQKR4DY4ZPHJVDAQMGCSRFGQ,Popularity,0.0,0.0
AHLRMQKR4DY4ZPHJVDAQMGCSRFGQ,CF (ItemKNN),0.0,0.0
AHLRMQKR4DY4ZPHJVDAQMGCSRFGQ,Content (Avg Emb),0.0,0.0
AHLRMQKR4DY4ZPHJVDAQMGCSRFGQ,Last-Item,0.0,0.0
AHLRMQKR4DY4ZPHJVDAQMGCSRFGQ,Avg-Last-10,0.0,0.0
AHLRMQKR4DY4ZPHJVDAQMGCSRFGQ,Recency-Weighted,0.0,0.0
AHLRMQKR4DY4ZPHJVDAQMGCSRFGQ,Essence (K=10),0.0,0.0
AHLSNLTZK6EATUSJZPL5K2FJHNFA,Random,0.0,0.0
AHLSNLTZK6EATUSJZPL5K2FJHNFA,Popularity,0.0,0.0
AHLSNLTZK6EATUSJZPL5K2FJHNFA,CF (ItemKNN),0.0,0.0
AHLSNLTZK6EATUSJZPL5K2FJHNFA,Content (Avg Emb),0.0,0.0
AHLSNLTZK6EATUSJZPL5K2FJHNFA,Last-Item,0.0,0.0
AHLSNLTZK6EATUSJZPL5K2FJHNFA,Avg-Last-10,0.0,0.0
AHLSNLTZK6EATUSJZPL5K2FJHNFA,Recency-Weighted,0.0,0.0
AHLSNLTZK6EATUSJZPL5K2FJHNFA,Essence (K=10),0.0,0.0
AHLT6VC2YEASH5M6MKB2CBDSUHPQ,Random,0.0,0.0
AHLT6VC2YEASH5M6MKB2CBDSUHPQ,Popularity,0.0,0.0
AHLT6VC2YEASH5M6MKB2CBDSUHPQ,CF (ItemKNN),0.0,0.0
AHLT6VC2YEASH5M6MKB2CBDSUHPQ,Content (Avg Emb),0.0,0.0
AHLT6VC2YEASH5M6MKB2CBDSUHPQ,Last-Item,0.058823529411764705,0.14285714285714285
AHLT6VC2YEASH5M6MKB2CBDSUHPQ,Avg-Last-10,0.0,0.0
AHLT6VC2YEASH5M6MKB2CBDSUHPQ,Recency-Weighted,0.0,0.0
AHLT6VC2YEASH5M6MKB2CBDSUHPQ,Essence (K=10),0.0,0.0
AHLWQQB3V7RBFOTIHWDR4T7XMDXA,Random,0.0,0.0
AHLWQQB3V7RBFOTIHWDR4T7XMDXA,Popularity,0.0,0.0
AHLWQQB3V7RBFOTIHWDR4T7XMDXA,CF (ItemKNN),0.0,0.0
AHLWQQB3V7RBFOTIHWDR4T7XMDXA,Content (Avg Emb),0.0,0.0
AHLWQQB3V7RBFOTIHWDR4T7XMDXA,Last-Item,0.0,0.0
AHLWQQB3V7RBFOTIHWDR4T7XMDXA,Avg-Last-10,0.0,0.0
AHLWQQB3V7RBFOTIHWDR4T7XMDXA,Recency-Weighted,0.0,0.0
AHLWQQB3V7RBFOTIHWDR4T7XMDXA,Essence (K=10),0.0,0.0
AHM2E3X72ZORE62AFX5ONQNGDWWA,Random,0.0,0.0
AHM2E3X72ZORE62AFX5ONQNGDWWA,Popularity,0.0,0.0
AHM2E3X72ZORE62AFX5ONQNGDWWA,CF (ItemKNN),0.0,0.0
AHM2E3X72ZORE62AFX5ONQNGDWWA,Content (Avg Emb),0.0,0.0
AHM2E3X72ZORE62AFX5ONQNGDWWA,Last-Item,0.0,0.0
AHM2E3X72ZORE62AFX5ONQNGDWWA,Avg-Last-10,0.0,0.0
AHM2E3X72ZORE62AFX5ONQNGDWWA,Recency-Weighted,0.0,0.0
AHM2E3X72ZORE62AFX5ONQNGDWWA,Essence (K=10),0.0,0.0
AHM2KGZMLINHQ2BXPP7AE52C4PAA,Random,0.0,0.0
AHM2KGZMLINHQ2BXPP7AE52C4PAA,Popularity,0.0,0.0
AHM2KGZMLINHQ2BXPP7AE52C4PAA,CF (ItemKNN),0.0,0.0
AHM2KGZMLINHQ2BXPP7AE52C4PAA,Content (Avg Emb),0.0,0.0
AHM2KGZMLINHQ2BXPP7AE52C4PAA,Last-Item,0.0,0.0
AHM2KGZMLINHQ2BXPP7AE52C4PAA,Avg-Last-10,0.0,0.0
AHM2KGZMLINHQ2BXPP7AE52C4PAA,Recency-Weighted,0.0,0.0
AHM2KGZMLINHQ2BXPP7AE52C4PAA,Essence (K=10),0.0,0.0
AHM5ZNS25TY5TGW7R3VM2RBNKE6Q,Random,0.0,
AHM5ZNS25TY5TGW7R3VM2RBNKE6Q,Popularity,0.0,
AHM5ZNS25TY5TGW7R3VM2RBNKE6Q,CF (ItemKNN),0.0,
AHM5ZNS25TY5TGW7R3VM2RBNKE6Q,Content (Avg Emb),0.0,
AHM5ZNS25TY5TGW7R3VM2RBNKE6Q,Last-Item,0.0,
AHM5ZNS25TY5TGW7R3VM2RBNKE6Q,Avg-Last-10,0.0,
AHM5ZNS25TY5TGW7R3VM2RBNKE6Q,Recency-Weighted,0.0,
AHM5ZNS25TY5TGW7R3VM2RBNKE6Q,Essence (K=10),0.0,
AHM6Q3656KXPYGTKJLYL4J2N55MA,Random,0.0,0.0
AHM6Q3656KXPYGTKJLYL4J2N55MA,Popularity,0.0,0.0
AHM6Q3656KXPYGTKJLYL4J2N55MA,CF (ItemKNN),0.0,0.0
AHM6Q3656KXPYGTKJLYL4J2N55MA,Content (Avg Emb),0.0,0.0
AHM6Q3656KXPYGTKJLYL4J2N55MA,Last-Item,0.0,0.0
AHM6Q3656KXPYGTKJLYL4J2N55MA,Avg-Last-10,0.07142857142857142,0.25
AHM6Q3656KXPYGTKJLYL4J2N55MA,Recency-Weighted,0.07142857142857142,0.25
AHM6Q3656KXPYGTKJLYL4J2N55MA,Essence (K=10),0.07142857142857142,0.0
AHMBM2M7FRWEX2X5GNYHQYT4IDMA,Random,0.0,0.0
AHMBM2M7FRWEX2X5GNYHQYT4IDMA,Popularity,0.0,0.0
AHMBM2M7FRWEX2X5GNYHQYT4IDMA,CF (ItemKNN),0.25,1.0
AHMBM2M7FRWEX2X5GNYHQYT4IDMA,Content (Avg Emb),0.0,0.0
AHMBM2M7FRWEX2X5GNYHQYT4IDMA,Last-Item,0.25,0.0
AHMBM2M7FRWEX2X5GNYHQYT4IDMA,Avg-Last-10,0.0,0.0
AHMBM2M7FRWEX2X5GNYHQYT4IDMA,Recency-Weighted,0.0,0.0
AHMBM2M7FRWEX2X5GNYHQYT4IDMA,Essence (K=10),0.0,0.0
AHMCVXJMJ5ZDPFC466MN3DFF427A,Random,0.0,0.0
AHMCVXJMJ5ZDPFC466MN3DFF427A,Popularity,0.0,0.0
AHMCVXJMJ5ZDPFC466MN3DFF427A,CF (ItemKNN),0.0,0.0
AHMCVXJMJ5ZDPFC466MN3DFF427A,Content (Avg Emb),0.0,0.0
AHMCVXJMJ5ZDPFC466MN3DFF427A,Last-Item,0.0,0.0
AHMCVXJMJ5ZDPFC466MN3DFF427A,Avg-Last-10,0.0,0.0
AHMCVXJMJ5ZDPFC466MN3DFF427A,Recency-Weighted,0.0,0.0
AHMCVXJMJ5ZDPFC466MN3DFF427A,Essence (K=10),0.0,0.0
AHMFKYURWH2B4ZLWBIDE2YBPGONQ,Random,0.0,0.0
AHMFKYURWH2B4ZLWBIDE2YBPGONQ,Popularity,0.0,0.0
AHMFKYURWH2B4ZLWBIDE2YBPGONQ,CF (ItemKNN),0.0,0.0
AHMFKYURWH2B4ZLWBIDE2YBPGONQ,Content (Avg Emb),0.0,0.0
AHMFKYURWH2B4ZLWBIDE2YBPGONQ,Last-Item,0.0,0.0
AHMFKYURWH2B4ZLWBIDE2YBPGONQ,Avg-Last-10,0.0,0.0
AHMFKYURWH2B4ZLWBIDE2YBPGONQ,Recency-Weighted,0.0,0.0
AHMFKYURWH2B4ZLWBIDE2YBPGONQ,Essence (K=10),0.0,0.0
AHMFSLIZ266QEOGB7WDMYZXGF2OQ,Random,0.0,0.0
AHMFSLIZ266QEOGB7WDMYZXGF2OQ,Popularity,0.0,0.0
AHMFSLIZ266QEOGB7WDMYZXGF2OQ,CF (ItemKNN),0.0,0.0
AHMFSLIZ266QEOGB7WDMYZXGF2OQ,Content (Avg Emb),0.0,0.0
AHMFSLIZ266QEOGB7WDMYZXGF2OQ,Last-Item,0.1111111111111111,0.0
AHMFSLIZ266QEOGB7WDMYZXGF2OQ,Avg-Last-10,0.0,0.0
AHMFSLIZ266QEOGB7WDMYZXGF2OQ,Recency-Weighted,0.0,0.0
AHMFSLIZ266QEOGB7WDMYZXGF2OQ,Essence (K=10),0.0,0.0
AHMJNZHZ5EYZH7WVHIUBGI23UP2Q,Random,0.0,0.0
AHMJNZHZ5EYZH7WVHIUBGI23UP2Q,Popularity,0.0,0.0
AHMJNZHZ5EYZH7WVHIUBGI23UP2Q,CF (ItemKNN),0.0,0.0
AHMJNZHZ5EYZH7WVHIUBGI23UP2Q,Content (Avg Emb),0.0,0.0
AHMJNZHZ5EYZH7WVHIUBGI23UP2Q,Last-Item,0.0,0.0
AHMJNZHZ5EYZH7WVHIUBGI23UP2Q,Avg-Last-10,0.0,0.0
AHMJNZHZ5EYZH7WVHIUBGI23UP2Q,Recency-Weighted,0.0,0.0
AHMJNZHZ5EYZH7WVHIUBGI23UP2Q,Essence (K=10),0.0,0.0
AHMKCCGYEEAOVDDD2CID5F4CXGLQ,Random,0.0,0.0
AHMKCCGYEEAOVDDD2CID5F4CXGLQ,Popularity,0.0,0.0
AHMKCCGYEEAOVDDD2CID5F4CXGLQ,CF (ItemKNN),0.0,0.0
AHMKCCGYEEAOVDDD2CID5F4CXGLQ,Content (Avg Emb),0.0,0.0
AHMKCCGYEEAOVDDD2CID5F4CXGLQ,Last-Item,0.0,0.0
AHMKCCGYEEAOVDDD2CID5F4CXGLQ,Avg-Last-10,0.0,0.0
AHMKCCGYEEAOVDDD2CID5F4CXGLQ,Recency-Weighted,0.0,0.0
AHMKCCGYEEAOVDDD2CID5F4CXGLQ,Essence (K=10),0.0,0.0
AHMOXT6UU4WXCDKMAGROYMBJJIJA,Random,0.0,0.0
AHMOXT6UU4WXCDKMAGROYMBJJIJA,Popularity,0.0,0.0
AHMOXT6UU4WXCDKMAGROYMBJJIJA,CF (ItemKNN),0.0,0.0
AHMOXT6UU4WXCDKMAGROYMBJJIJA,Content (Avg Emb),0.0,0.0
AHMOXT6UU4WXCDKMAGROYMBJJIJA,Last-Item,0.0,0.0
AHMOXT6UU4WXCDKMAGROYMBJJIJA,Avg-Last-10,0.0,0.0
AHMOXT6UU4WXCDKMAGROYMBJJIJA,Recency-Weighted,0.0,0.0
AHMOXT6UU4WXCDKMAGROYMBJJIJA,Essence (K=10),0.0,0.0
AHMQE4CUBESTD62NMJD3PC3BFQYQ,Random,0.0,0.0
AHMQE4CUBESTD62NMJD3PC3BFQYQ,Popularity,0.0,0.0
AHMQE4CUBESTD62NMJD3PC3BFQYQ,CF (ItemKNN),0.0,0.0
AHMQE4CUBESTD62NMJD3PC3BFQYQ,Content (Avg Emb),0.0,0.0
AHMQE4CUBESTD62NMJD3PC3BFQYQ,Last-Item,0.045454545454545456,0.0
AHMQE4CUBESTD62NMJD3PC3BFQYQ,Avg-Last-10,0.0,0.0
AHMQE4CUBESTD62NMJD3PC3BFQYQ,Recency-Weighted,0.0,0.0
AHMQE4CUBESTD62NMJD3PC3BFQYQ,Essence (K=10),0.0,0.0
AHMX3WE4J4JN2NRFKFAUGDYGSYGQ,Random,0.0,0.0
AHMX3WE4J4JN2NRFKFAUGDYGSYGQ,Popularity,0.0,0.0
AHMX3WE4J4JN2NRFKFAUGDYGSYGQ,CF (ItemKNN),0.0,0.0
AHMX3WE4J4JN2NRFKFAUGDYGSYGQ,Content (Avg Emb),0.0,0.0
AHMX3WE4J4JN2NRFKFAUGDYGSYGQ,Last-Item,0.0,0.0
AHMX3WE4J4JN2NRFKFAUGDYGSYGQ,Avg-Last-10,0.2,0.0
AHMX3WE4J4JN2NRFKFAUGDYGSYGQ,Recency-Weighted,0.2,0.0
AHMX3WE4J4JN2NRFKFAUGDYGSYGQ,Essence (K=10),0.2,0.0
AHN5QP7YL3S2AQPJLVXPIIFJZKMA,Random,0.0,
AHN5QP7YL3S2AQPJLVXPIIFJZKMA,Popularity,0.0,
AHN5QP7YL3S2AQPJLVXPIIFJZKMA,CF (ItemKNN),0.0,
AHN5QP7YL3S2AQPJLVXPIIFJZKMA,Content (Avg Emb),0.0,
AHN5QP7YL3S2AQPJLVXPIIFJZKMA,Last-Item,0.0,
AHN5QP7YL3S2AQPJLVXPIIFJZKMA,Avg-Last-10,0.0,
AHN5QP7YL3S2AQPJLVXPIIFJZKMA,Recency-Weighted,0.0,
AHN5QP7YL3S2AQPJLVXPIIFJZKMA,Essence (K=10),0.0,
AHN665XTQDKQVRNM67SCZTMX3BXQ,Random,0.0,0.0
AHN665XTQDKQVRNM67SCZTMX3BXQ,Popularity,0.0,0.0
AHN665XTQDKQVRNM67SCZTMX3BXQ,CF (ItemKNN),0.0,0.0
AHN665XTQDKQVRNM67SCZTMX3BXQ,Content (Avg Emb),0.0,0.0
AHN665XTQDKQVRNM67SCZTMX3BXQ,Last-Item,0.2,0.0
AHN665XTQDKQVRNM67SCZTMX3BXQ,Avg-Last-10,0.0,0.0
AHN665XTQDKQVRNM67SCZTMX3BXQ,Recency-Weighted,0.0,0.0
AHN665XTQDKQVRNM67SCZTMX3BXQ,Essence (K=10),0.0,0.0
AHNA2B2VZKL6CBMQGGHOQ3SXCUKA,Random,0.0,
AHNA2B2VZKL6CBMQGGHOQ3SXCUKA,Popularity,0.0,
AHNA2B2VZKL6CBMQGGHOQ3SXCUKA,CF (ItemKNN),0.0,
AHNA2B2VZKL6CBMQGGHOQ3SXCUKA,Content (Avg Emb),0.0,
AHNA2B2VZKL6CBMQGGHOQ3SXCUKA,Last-Item,0.0,
AHNA2B2VZKL6CBMQGGHOQ3SXCUKA,Avg-Last-10,0.0,
AHNA2B2VZKL6CBMQGGHOQ3SXCUKA,Recency-Weighted,0.0,
AHNA2B2VZKL6CBMQGGHOQ3SXCUKA,Essence (K=10),0.0,
AHNAZOJFPKO2OOH6HT7QAGNEBI2Q,Random,0.0,
AHNAZOJFPKO2OOH6HT7QAGNEBI2Q,Popularity,0.0,
AHNAZOJFPKO2OOH6HT7QAGNEBI2Q,CF (ItemKNN),0.0,
AHNAZOJFPKO2OOH6HT7QAGNEBI2Q,Content (Avg Emb),0.0,
AHNAZOJFPKO2OOH6HT7QAGNEBI2Q,Last-Item,0.0,
AHNAZOJFPKO2OOH6HT7QAGNEBI2Q,Avg-Last-10,0.0,
AHNAZOJFPKO2OOH6HT7QAGNEBI2Q,Recency-Weighted,0.0,
AHNAZOJFPKO2OOH6HT7QAGNEBI2Q,Essence (K=10),0.0,
AHNCVWGN3T4CU7E2MYKPMJ5ZRRGQ,Random,0.0,0.0
AHNCVWGN3T4CU7E2MYKPMJ5ZRRGQ,Popularity,0.0,0.0
AHNCVWGN3T4CU7E2MYKPMJ5ZRRGQ,CF (ItemKNN),0.0,0.0
AHNCVWGN3T4CU7E2MYKPMJ5ZRRGQ,Content (Avg Emb),0.06666666666666667,0.0
AHNCVWGN3T4CU7E2MYKPMJ5ZRRGQ,Last-Item,0.0,0.0
AHNCVWGN3T4CU7E2MYKPMJ5ZRRGQ,Avg-Last-10,0.0,0.0
AHNCVWGN3T4CU7E2MYKPMJ5ZRRGQ,Recency-Weighted,0.0,0.0
AHNCVWGN3T4CU7E2MYKPMJ5ZRRGQ,Essence (K=10),0.06666666666666667,0.0
AHNDLLLTAJJS2FEUGLTNSH6TXHXQ,Random,0.0,
AHNDLLLTAJJS2FEUGLTNSH6TXHXQ,Popularity,0.0,
AHNDLLLTAJJS2FEUGLTNSH6TXHXQ,CF (ItemKNN),0.0,
AHNDLLLTAJJS2FEUGLTNSH6TXHXQ,Content (Avg Emb),0.0,
AHNDLLLTAJJS2FEUGLTNSH6TXHXQ,Last-Item,0.0,
AHNDLLLTAJJS2FEUGLTNSH6TXHXQ,Avg-Last-10,0.0,
AHNDLLLTAJJS2FEUGLTNSH6TXHXQ,Recency-Weighted,0.0,
AHNDLLLTAJJS2FEUGLTNSH6TXHXQ,Essence (K=10),0.0,
AHNDM6NMNTEJ3LNCNUBFPXEUT3NA,Random,0.0,0.0
AHNDM6NMNTEJ3LNCNUBFPXEUT3NA,Popularity,0.0,0.0
AHNDM6NMNTEJ3LNCNUBFPXEUT3NA,CF (ItemKNN),0.0,0.0
AHNDM6NMNTEJ3LNCNUBFPXEUT3NA,Content (Avg Emb),0.0,0.0
AHNDM6NMNTEJ3LNCNUBFPXEUT3NA,Last-Item,0.0,0.0
AHNDM6NMNTEJ3LNCNUBFPXEUT3NA,Avg-Last-10,0.0,0.0
AHNDM6NMNTEJ3LNCNUBFPXEUT3NA,Recency-Weighted,0.0,0.0
AHNDM6NMNTEJ3LNCNUBFPXEUT3NA,Essence (K=10),0.0,0.0
AHNL4SK35JO2GU3D3RMNKIE2YRLQ,Random,0.0,
AHNL4SK35JO2GU3D3RMNKIE2YRLQ,Popularity,0.0,
AHNL4SK35JO2GU3D3RMNKIE2YRLQ,CF (ItemKNN),0.0,
AHNL4SK35JO2GU3D3RMNKIE2YRLQ,Content (Avg Emb),0.0,
AHNL4SK35JO2GU3D3RMNKIE2YRLQ,Last-Item,0.25,
AHNL4SK35JO2GU3D3RMNKIE2YRLQ,Avg-Last-10,0.0,
AHNL4SK35JO2GU3D3RMNKIE2YRLQ,Recency-Weighted,0.25,
AHNL4SK35JO2GU3D3RMNKIE2YRLQ,Essence (K=10),0.0,
AHNM6NCKNVH27QUN55BNWJAXP57A,Random,0.0,0.0
AHNM6NCKNVH27QUN55BNWJAXP57A,Popularity,0.0,0.0
AHNM6NCKNVH27QUN55BNWJAXP57A,CF (ItemKNN),0.0,0.0
AHNM6NCKNVH27QUN55BNWJAXP57A,Content (Avg Emb),0.0,0.0
AHNM6NCKNVH27QUN55BNWJAXP57A,Last-Item,0.0,0.0
AHNM6NCKNVH27QUN55BNWJAXP57A,Avg-Last-10,0.0,0.0
AHNM6NCKNVH27QUN55BNWJAXP57A,Recency-Weighted,0.0,0.0
AHNM6NCKNVH27QUN55BNWJAXP57A,Essence (K=10),0.0,0.0
AHNPSOEMF4AAVHHD537I42BTPDXA,Random,0.0,
AHNPSOEMF4AAVHHD537I42BTPDXA,Popularity,0.0,
AHNPSOEMF4AAVHHD537I42BTPDXA,CF (ItemKNN),0.0,
AHNPSOEMF4AAVHHD537I42BTPDXA,Content (Avg Emb),0.16666666666666666,
AHNPSOEMF4AAVHHD537I42BTPDXA,Last-Item,0.0,
AHNPSOEMF4AAVHHD537I42BTPDXA,Avg-Last-10,0.0,
AHNPSOEMF4AAVHHD537I42BTPDXA,Recency-Weighted,0.0,
AHNPSOEMF4AAVHHD537I42BTPDXA,Essence (K=10),0.16666666666666666,
AHNQO4ZQSLGCDHULGXOONGQJXWDQ,Random,0.0,0.0
AHNQO4ZQSLGCDHULGXOONGQJXWDQ,Popularity,0.0,0.0
AHNQO4ZQSLGCDHULGXOONGQJXWDQ,CF (ItemKNN),0.0,0.0
AHNQO4ZQSLGCDHULGXOONGQJXWDQ,Content (Avg Emb),0.0,0.0
AHNQO4ZQSLGCDHULGXOONGQJXWDQ,Last-Item,0.0,0.0
AHNQO4ZQSLGCDHULGXOONGQJXWDQ,Avg-Last-10,0.09090909090909091,0.25
AHNQO4ZQSLGCDHULGXOONGQJXWDQ,Recency-Weighted,0.09090909090909091,0.25
AHNQO4ZQSLGCDHULGXOONGQJXWDQ,Essence (K=10),0.09090909090909091,0.25
AHNRYMNJXHMCDNYW56G67BQUN3IQ,Random,0.0,
AHNRYMNJXHMCDNYW56G67BQUN3IQ,Popularity,0.0,
AHNRYMNJXHMCDNYW56G67BQUN3IQ,CF (ItemKNN),0.0,
AHNRYMNJXHMCDNYW56G67BQUN3IQ,Content (Avg Emb),0.0,
AHNRYMNJXHMCDNYW56G67BQUN3IQ,Last-Item,0.0,
AHNRYMNJXHMCDNYW56G67BQUN3IQ,Avg-Last-10,0.0,
AHNRYMNJXHMCDNYW56G67BQUN3IQ,Recency-Weighted,0.0,
AHNRYMNJXHMCDNYW56G67BQUN3IQ,Essence (K=10),0.0,
AHNUQU4SFS6TCQICMJP6J2INRCNQ,Random,0.0,0.0
AHNUQU4SFS6TCQICMJP6J2INRCNQ,Popularity,0.0,0.0
AHNUQU4SFS6TCQICMJP6J2INRCNQ,CF (ItemKNN),0.0,0.0
AHNUQU4SFS6TCQICMJP6J2INRCNQ,Content (Avg Emb),0.0,0.0
AHNUQU4SFS6TCQICMJP6J2INRCNQ,Last-Item,0.0,0.0
AHNUQU4SFS6TCQICMJP6J2INRCNQ,Avg-Last-10,0.0,0.0
AHNUQU4SFS6TCQICMJP6J2INRCNQ,Recency-Weighted,0.0,0.0
AHNUQU4SFS6TCQICMJP6J2INRCNQ,Essence (K=10),0.0,0.0
AHNZVWC4FQI2BVDA3VLA7WMQXITQ,Random,0.0,0.0
AHNZVWC4FQI2BVDA3VLA7WMQXITQ,Popularity,0.0,0.0
AHNZVWC4FQI2BVDA3VLA7WMQXITQ,CF (ItemKNN),0.0,0.0
AHNZVWC4FQI2BVDA3VLA7WMQXITQ,Content (Avg Emb),0.0,0.0
AHNZVWC4FQI2BVDA3VLA7WMQXITQ,Last-Item,0.0,0.0
AHNZVWC4FQI2BVDA3VLA7WMQXITQ,Avg-Last-10,0.0,0.0
AHNZVWC4FQI2BVDA3VLA7WMQXITQ,Recency-Weighted,0.0,0.0
AHNZVWC4FQI2BVDA3VLA7WMQXITQ,Essence (K=10),0.0,0.0
AHOHMETLXKVGD7PIBJ7GFG2LYZOA,Random,0.0,0.0
AHOHMETLXKVGD7PIBJ7GFG2LYZOA,Popularity,0.0,0.0
AHOHMETLXKVGD7PIBJ7GFG2LYZOA,CF (ItemKNN),0.0,0.0
AHOHMETLXKVGD7PIBJ7GFG2LYZOA,Content (Avg Emb),0.0,0.0
AHOHMETLXKVGD7PIBJ7GFG2LYZOA,Last-Item,0.0,0.0
AHOHMETLXKVGD7PIBJ7GFG2LYZOA,Avg-Last-10,0.0,0.0
AHOHMETLXKVGD7PIBJ7GFG2LYZOA,Recency-Weighted,0.0,0.0
AHOHMETLXKVGD7PIBJ7GFG2LYZOA,Essence (K=10),0.0,0.0
AHOIERADN5IACWTQRW2ZGUKCXXOA,Random,0.0,
AHOIERADN5IACWTQRW2ZGUKCXXOA,Popularity,0.0,
AHOIERADN5IACWTQRW2ZGUKCXXOA,CF (ItemKNN),0.0,
AHOIERADN5IACWTQRW2ZGUKCXXOA,Content (Avg Emb),0.0,
AHOIERADN5IACWTQRW2ZGUKCXXOA,Last-Item,0.0,
AHOIERADN5IACWTQRW2ZGUKCXXOA,Avg-Last-10,0.0,
AHOIERADN5IACWTQRW2ZGUKCXXOA,Recency-Weighted,0.2,
AHOIERADN5IACWTQRW2ZGUKCXXOA,Essence (K=10),0.0,
AHOQZ5FKGAWBUBXNEMZTFDWJI2DQ,Random,0.0,
AHOQZ5FKGAWBUBXNEMZTFDWJI2DQ,Popularity,0.0,
AHOQZ5FKGAWBUBXNEMZTFDWJI2DQ,CF (ItemKNN),0.0,
AHOQZ5FKGAWBUBXNEMZTFDWJI2DQ,Content (Avg Emb),0.0,
AHOQZ5FKGAWBUBXNEMZTFDWJI2DQ,Last-Item,0.0,
AHOQZ5FKGAWBUBXNEMZTFDWJI2DQ,Avg-Last-10,0.0,
AHOQZ5FKGAWBUBXNEMZTFDWJI2DQ,Recency-Weighted,0.0,
AHOQZ5FKGAWBUBXNEMZTFDWJI2DQ,Essence (K=10),0.0,
AHOY46LP7JHU6XIG2BIFODERF2OA,Random,0.0,0.0
AHOY46LP7JHU6XIG2BIFODERF2OA,Popularity,0.0,0.0
AHOY46LP7JHU6XIG2BIFODERF2OA,CF (ItemKNN),0.0,0.0
AHOY46LP7JHU6XIG2BIFODERF2OA,Content (Avg Emb),0.0,0.0
AHOY46LP7JHU6XIG2BIFODERF2OA,Last-Item,0.0,0.0
AHOY46LP7JHU6XIG2BIFODERF2OA,Avg-Last-10,0.0,0.0
AHOY46LP7JHU6XIG2BIFODERF2OA,Recency-Weighted,0.0,0.0
AHOY46LP7JHU6XIG2BIFODERF2OA,Essence (K=10),0.0,0.0
AHOZDFOCSXPNFDP5KZPQA6G5ZFEQ,Random,0.0,
AHOZDFOCSXPNFDP5KZPQA6G5ZFEQ,Popularity,0.1111111111111111,
AHOZDFOCSXPNFDP5KZPQA6G5ZFEQ,CF (ItemKNN),0.0,
AHOZDFOCSXPNFDP5KZPQA6G5ZFEQ,Content (Avg Emb),0.0,
AHOZDFOCSXPNFDP5KZPQA6G5ZFEQ,Last-Item,0.0,
AHOZDFOCSXPNFDP5KZPQA6G5ZFEQ,Avg-Last-10,0.0,
AHOZDFOCSXPNFDP5KZPQA6G5ZFEQ,Recency-Weighted,0.0,
AHOZDFOCSXPNFDP5KZPQA6G5ZFEQ,Essence (K=10),0.0,
AHP4SUEDAEQ245POTW2S3GRTINGA,Random,0.0,0.0
AHP4SUEDAEQ245POTW2S3GRTINGA,Popularity,0.0,0.0
AHP4SUEDAEQ245POTW2S3GRTINGA,CF (ItemKNN),0.0,0.0
AHP4SUEDAEQ245POTW2S3GRTINGA,Content (Avg Emb),0.0,0.0
AHP4SUEDAEQ245POTW2S3GRTINGA,Last-Item,0.2,0.0
AHP4SUEDAEQ245POTW2S3GRTINGA,Avg-Last-10,0.0,0.0
AHP4SUEDAEQ245POTW2S3GRTINGA,Recency-Weighted,0.0,0.0
AHP4SUEDAEQ245POTW2S3GRTINGA,Essence (K=10),0.0,0.0
AHP6GV5BUYKMTM3TZ5VBMTSRHGLQ,Random,0.0,
AHP6GV5BUYKMTM3TZ5VBMTSRHGLQ,Popularity,0.0,
AHP6GV5BUYKMTM3TZ5VBMTSRHGLQ,CF (ItemKNN),0.0,
AHP6GV5BUYKMTM3TZ5VBMTSRHGLQ,Content (Avg Emb),0.0,
AHP6GV5BUYKMTM3TZ5VBMTSRHGLQ,Last-Item,0.0,
AHP6GV5BUYKMTM3TZ5VBMTSRHGLQ,Avg-Last-10,0.0,
AHP6GV5BUYKMTM3TZ5VBMTSRHGLQ,Recency-Weighted,0.0,
AHP6GV5BUYKMTM3TZ5VBMTSRHGLQ,Essence (K=10),0.16666666666666666,
AHPADE4GXIL27RNENBLDDZNYML5A,Random,0.0,0.0
AHPADE4GXIL27RNENBLDDZNYML5A,Popularity,0.0,0.0
AHPADE4GXIL27RNENBLDDZNYML5A,CF (ItemKNN),0.0,0.0
AHPADE4GXIL27RNENBLDDZNYML5A,Content (Avg Emb),0.0,0.0
AHPADE4GXIL27RNENBLDDZNYML5A,Last-Item,0.0,0.0
AHPADE4GXIL27RNENBLDDZNYML5A,Avg-Last-10,0.0,0.0
AHPADE4GXIL27RNENBLDDZNYML5A,Recency-Weighted,0.0,0.0
AHPADE4GXIL27RNENBLDDZNYML5A,Essence (K=10),0.0,0.0
AHPEL2W2CY5IDDXR6DO7D46VUCWA,Random,0.0,
AHPEL2W2CY5IDDXR6DO7D46VUCWA,Popularity,0.0,
AHPEL2W2CY5IDDXR6DO7D46VUCWA,CF (ItemKNN),0.0,
AHPEL2W2CY5IDDXR6DO7D46VUCWA,Content (Avg Emb),0.0,
AHPEL2W2CY5IDDXR6DO7D46VUCWA,Last-Item,0.0,
AHPEL2W2CY5IDDXR6DO7D46VUCWA,Avg-Last-10,0.0,
AHPEL2W2CY5IDDXR6DO7D46VUCWA,Recency-Weighted,0.0,
AHPEL2W2CY5IDDXR6DO7D46VUCWA,Essence (K=10),0.25,
AHPFHP43AXWRYZZ4HPNCW7I7J3ZQ,Random,0.0,0.0
AHPFHP43AXWRYZZ4HPNCW7I7J3ZQ,Popularity,0.0,0.0
AHPFHP43AXWRYZZ4HPNCW7I7J3ZQ,CF (ItemKNN),0.0,0.0
AHPFHP43AXWRYZZ4HPNCW7I7J3ZQ,Content (Avg Emb),0.0,0.0
AHPFHP43AXWRYZZ4HPNCW7I7J3ZQ,Last-Item,0.0,0.0
AHPFHP43AXWRYZZ4HPNCW7I7J3ZQ,Avg-Last-10,0.0,0.0
AHPFHP43AXWRYZZ4HPNCW7I7J3ZQ,Recency-Weighted,0.0,0.0
AHPFHP43AXWRYZZ4HPNCW7I7J3ZQ,Essence (K=10),0.0,0.0
AHPG65LKS3QKRWDUWAKZNLEK5RZQ,Random,0.0,0.0
AHPG65LKS3QKRWDUWAKZNLEK5RZQ,Popularity,0.0,0.0
AHPG65LKS3QKRWDUWAKZNLEK5RZQ,CF (ItemKNN),0.0,0.0
AHPG65LKS3QKRWDUWAKZNLEK5RZQ,Content (Avg Emb),0.0,0.0
AHPG65LKS3QKRWDUWAKZNLEK5RZQ,Last-Item,0.0,0.0
AHPG65LKS3QKRWDUWAKZNLEK5RZQ,Avg-Last-10,0.0,0.0
AHPG65LKS3QKRWDUWAKZNLEK5RZQ,Recency-Weighted,0.0,0.0
AHPG65LKS3QKRWDUWAKZNLEK5RZQ,Essence (K=10),0.0,0.0
AHPHB42X5G2Q4BIDEAB5PGRQBNHQ,Random,0.0,0.0
AHPHB42X5G2Q4BIDEAB5PGRQBNHQ,Popularity,0.0,0.0
AHPHB42X5G2Q4BIDEAB5PGRQBNHQ,CF (ItemKNN),0.0,0.0
AHPHB42X5G2Q4BIDEAB5PGRQBNHQ,Content (Avg Emb),0.0,0.0
AHPHB42X5G2Q4BIDEAB5PGRQBNHQ,Last-Item,0.0,0.0
AHPHB42X5G2Q4BIDEAB5PGRQBNHQ,Avg-Last-10,0.0,0.0
AHPHB42X5G2Q4BIDEAB5PGRQBNHQ,Recency-Weighted,0.0,0.0
AHPHB42X5G2Q4BIDEAB5PGRQBNHQ,Essence (K=10),0.0,0.0
AHPHVQQS4HHPCKFBOGTOYQ3G46SA,Random,0.0,
AHPHVQQS4HHPCKFBOGTOYQ3G46SA,Popularity,0.0,
AHPHVQQS4HHPCKFBOGTOYQ3G46SA,CF (ItemKNN),0.0,
AHPHVQQS4HHPCKFBOGTOYQ3G46SA,Content (Avg Emb),0.0,
AHPHVQQS4HHPCKFBOGTOYQ3G46SA,Last-Item,0.25,
AHPHVQQS4HHPCKFBOGTOYQ3G46SA,Avg-Last-10,0.0,
AHPHVQQS4HHPCKFBOGTOYQ3G46SA,Recency-Weighted,0.0,
AHPHVQQS4HHPCKFBOGTOYQ3G46SA,Essence (K=10),0.0,
AHPOVOFCT7EFFHI7HGU5QQTWGN4A,Random,0.0,0.0
AHPOVOFCT7EFFHI7HGU5QQTWGN4A,Popularity,0.0,0.0
AHPOVOFCT7EFFHI7HGU5QQTWGN4A,CF (ItemKNN),0.0,0.0
AHPOVOFCT7EFFHI7HGU5QQTWGN4A,Content (Avg Emb),0.0,0.0
AHPOVOFCT7EFFHI7HGU5QQTWGN4A,Last-Item,0.0,0.0
AHPOVOFCT7EFFHI7HGU5QQTWGN4A,Avg-Last-10,0.0,0.0
AHPOVOFCT7EFFHI7HGU5QQTWGN4A,Recency-Weighted,0.0,0.0
AHPOVOFCT7EFFHI7HGU5QQTWGN4A,Essence (K=10),0.0,0.0
AHPUFPZBLT5FNKXNNNMGMSE4O72A,Random,0.0,0.0
AHPUFPZBLT5FNKXNNNMGMSE4O72A,Popularity,0.0,0.0
AHPUFPZBLT5FNKXNNNMGMSE4O72A,CF (ItemKNN),0.0,0.0
AHPUFPZBLT5FNKXNNNMGMSE4O72A,Content (Avg Emb),0.0,0.0
AHPUFPZBLT5FNKXNNNMGMSE4O72A,Last-Item,0.2,0.0
AHPUFPZBLT5FNKXNNNMGMSE4O72A,Avg-Last-10,0.0,0.0
AHPUFPZBLT5FNKXNNNMGMSE4O72A,Recency-Weighted,0.0,0.0
AHPUFPZBLT5FNKXNNNMGMSE4O72A,Essence (K=10),0.2,0.0
AHPUPAZYHWFP2OAONBT6UDRSM6FQ,Random,0.0,0.0
AHPUPAZYHWFP2OAONBT6UDRSM6FQ,Popularity,0.0,0.0
AHPUPAZYHWFP2OAONBT6UDRSM6FQ,CF (ItemKNN),0.05555555555555555,1.0
AHPUPAZYHWFP2OAONBT6UDRSM6FQ,Content (Avg Emb),0.0,0.0
AHPUPAZYHWFP2OAONBT6UDRSM6FQ,Last-Item,0.0,0.0
AHPUPAZYHWFP2OAONBT6UDRSM6FQ,Avg-Last-10,0.0,0.0
AHPUPAZYHWFP2OAONBT6UDRSM6FQ,Recency-Weighted,0.0,0.0
AHPUPAZYHWFP2OAONBT6UDRSM6FQ,Essence (K=10),0.0,0.0
AHPZ6VMNE7YJQ67RVOX4XPAPUFWQ,Random,0.0,0.0
AHPZ6VMNE7YJQ67RVOX4XPAPUFWQ,Popularity,0.0,0.0
AHPZ6VMNE7YJQ67RVOX4XPAPUFWQ,CF (ItemKNN),0.0,0.0
AHPZ6VMNE7YJQ67RVOX4XPAPUFWQ,Content (Avg Emb),0.0,0.0
AHPZ6VMNE7YJQ67RVOX4XPAPUFWQ,Last-Item,0.0967741935483871,0.0
AHPZ6VMNE7YJQ67RVOX4XPAPUFWQ,Avg-Last-10,0.03225806451612903,0.2
AHPZ6VMNE7YJQ67RVOX4XPAPUFWQ,Recency-Weighted,0.03225806451612903,0.2
AHPZ6VMNE7YJQ67RVOX4XPAPUFWQ,Essence (K=10),0.0,0.0
AHQ2B7J6O63XJU6D7PGOS3LNEONQ,Random,0.0,
AHQ2B7J6O63XJU6D7PGOS3LNEONQ,Popularity,0.0,
AHQ2B7J6O63XJU6D7PGOS3LNEONQ,CF (ItemKNN),0.0,
AHQ2B7J6O63XJU6D7PGOS3LNEONQ,Content (Avg Emb),0.0,
AHQ2B7J6O63XJU6D7PGOS3LNEONQ,Last-Item,0.0,
AHQ2B7J6O63XJU6D7PGOS3LNEONQ,Avg-Last-10,0.0,
AHQ2B7J6O63XJU6D7PGOS3LNEONQ,Recency-Weighted,0.0,
AHQ2B7J6O63XJU6D7PGOS3LNEONQ,Essence (K=10),0.0,
AHQ3D2NSTAUAXJ4WMYZHEMR4SM5Q,Random,0.0,
AHQ3D2NSTAUAXJ4WMYZHEMR4SM5Q,Popularity,0.0,
AHQ3D2NSTAUAXJ4WMYZHEMR4SM5Q,CF (ItemKNN),0.0,
AHQ3D2NSTAUAXJ4WMYZHEMR4SM5Q,Content (Avg Emb),0.0,
AHQ3D2NSTAUAXJ4WMYZHEMR4SM5Q,Last-Item,0.0,
AHQ3D2NSTAUAXJ4WMYZHEMR4SM5Q,Avg-Last-10,0.0,
AHQ3D2NSTAUAXJ4WMYZHEMR4SM5Q,Recency-Weighted,0.0,
AHQ3D2NSTAUAXJ4WMYZHEMR4SM5Q,Essence (K=10),0.0,
AHQ6JUW2JR4E4SATH7RQL73YYRVQ,Random,0.0,
AHQ6JUW2JR4E4SATH7RQL73YYRVQ,Popularity,0.0,
AHQ6JUW2JR4E4SATH7RQL73YYRVQ,CF (ItemKNN),0.0,
AHQ6JUW2JR4E4SATH7RQL73YYRVQ,Content (Avg Emb),0.0,
AHQ6JUW2JR4E4SATH7RQL73YYRVQ,Last-Item,0.0,
AHQ6JUW2JR4E4SATH7RQL73YYRVQ,Avg-Last-10,0.0,
AHQ6JUW2JR4E4SATH7RQL73YYRVQ,Recency-Weighted,0.0,
AHQ6JUW2JR4E4SATH7RQL73YYRVQ,Essence (K=10),0.0,
AHQ6LXS7RRO35EPT3GUASCGUC2XA,Random,0.0,
AHQ6LXS7RRO35EPT3GUASCGUC2XA,Popularity,0.0,
AHQ6LXS7RRO35EPT3GUASCGUC2XA,CF (ItemKNN),0.0,
AHQ6LXS7RRO35EPT3GUASCGUC2XA,Content (Avg Emb),0.0,
AHQ6LXS7RRO35EPT3GUASCGUC2XA,Last-Item,0.0,
AHQ6LXS7RRO35EPT3GUASCGUC2XA,Avg-Last-10,0.0,
AHQ6LXS7RRO35EPT3GUASCGUC2XA,Recency-Weighted,0.0,
AHQ6LXS7RRO35EPT3GUASCGUC2XA,Essence (K=10),0.0,
AHQ7NMNTQCQCYZSLFBA3YKSKFZRA,Random,0.0,0.0
AHQ7NMNTQCQCYZSLFBA3YKSKFZRA,Popularity,0.0,0.0
AHQ7NMNTQCQCYZSLFBA3YKSKFZRA,CF (ItemKNN),0.0,0.0
AHQ7NMNTQCQCYZSLFBA3YKSKFZRA,Content (Avg Emb),0.0,0.0
AHQ7NMNTQCQCYZSLFBA3YKSKFZRA,Last-Item,0.0,0.0
AHQ7NMNTQCQCYZSLFBA3YKSKFZRA,Avg-Last-10,0.0,0.0
AHQ7NMNTQCQCYZSLFBA3YKSKFZRA,Recency-Weighted,0.0,0.0
AHQ7NMNTQCQCYZSLFBA3YKSKFZRA,Essence (K=10),0.0,0.0
AHQCRSAU63LRJRMGTV2ZYJJZ54KA,Random,0.0,
AHQCRSAU63LRJRMGTV2ZYJJZ54KA,Popularity,0.0,
AHQCRSAU63LRJRMGTV2ZYJJZ54KA,CF (ItemKNN),0.0,
AHQCRSAU63LRJRMGTV2ZYJJZ54KA,Content (Avg Emb),0.0,
AHQCRSAU63LRJRMGTV2ZYJJZ54KA,Last-Item,0.0,
AHQCRSAU63LRJRMGTV2ZYJJZ54KA,Avg-Last-10,0.0,
AHQCRSAU63LRJRMGTV2ZYJJZ54KA,Recency-Weighted,0.0,
AHQCRSAU63LRJRMGTV2ZYJJZ54KA,Essence (K=10),0.0,
AHQDGG24AT6SLAPGE3MUIZNWW6YQ,Random,0.0,
AHQDGG24AT6SLAPGE3MUIZNWW6YQ,Popularity,0.0,
AHQDGG24AT6SLAPGE3MUIZNWW6YQ,CF (ItemKNN),0.0,
AHQDGG24AT6SLAPGE3MUIZNWW6YQ,Content (Avg Emb),0.0,
AHQDGG24AT6SLAPGE3MUIZNWW6YQ,Last-Item,0.0,
AHQDGG24AT6SLAPGE3MUIZNWW6YQ,Avg-Last-10,0.0,
AHQDGG24AT6SLAPGE3MUIZNWW6YQ,Recency-Weighted,0.0,
AHQDGG24AT6SLAPGE3MUIZNWW6YQ,Essence (K=10),0.0,
AHQF2VXWQPUBKYR3RMJ6VDFDYUSQ,Random,0.0,
AHQF2VXWQPUBKYR3RMJ6VDFDYUSQ,Popularity,0.0,
AHQF2VXWQPUBKYR3RMJ6VDFDYUSQ,CF (ItemKNN),0.0,
AHQF2VXWQPUBKYR3RMJ6VDFDYUSQ,Content (Avg Emb),0.0,
AHQF2VXWQPUBKYR3RMJ6VDFDYUSQ,Last-Item,0.2,
AHQF2VXWQPUBKYR3RMJ6VDFDYUSQ,Avg-Last-10,0.0,
AHQF2VXWQPUBKYR3RMJ6VDFDYUSQ,Recency-Weighted,0.0,
AHQF2VXWQPUBKYR3RMJ6VDFDYUSQ,Essence (K=10),0.0,
AHQG4L3AEH4SXNJJDSYDRNE66LAQ,Random,0.0,
AHQG4L3AEH4SXNJJDSYDRNE66LAQ,Popularity,0.0,
AHQG4L3AEH4SXNJJDSYDRNE66LAQ,CF (ItemKNN),0.0,
AHQG4L3AEH4SXNJJDSYDRNE66LAQ,Content (Avg Emb),0.0,
AHQG4L3AEH4SXNJJDSYDRNE66LAQ,Last-Item,0.0,
AHQG4L3AEH4SXNJJDSYDRNE66LAQ,Avg-Last-10,0.0,
AHQG4L3AEH4SXNJJDSYDRNE66LAQ,Recency-Weighted,0.0,
AHQG4L3AEH4SXNJJDSYDRNE66LAQ,Essence (K=10),0.0,
AHQHOQ5OMLE3WTOGP5D3EWVFTZHQ,Random,0.0,
AHQHOQ5OMLE3WTOGP5D3EWVFTZHQ,Popularity,0.0,
AHQHOQ5OMLE3WTOGP5D3EWVFTZHQ,CF (ItemKNN),0.0,
AHQHOQ5OMLE3WTOGP5D3EWVFTZHQ,Content (Avg Emb),0.0,
AHQHOQ5OMLE3WTOGP5D3EWVFTZHQ,Last-Item,0.14285714285714285,
AHQHOQ5OMLE3WTOGP5D3EWVFTZHQ,Avg-Last-10,0.0,
AHQHOQ5OMLE3WTOGP5D3EWVFTZHQ,Recency-Weighted,0.0,
AHQHOQ5OMLE3WTOGP5D3EWVFTZHQ,Essence (K=10),0.0,
AHQJIDLHAMC6RQCVVOKNU5NFR3JQ,Random,0.0,
AHQJIDLHAMC6RQCVVOKNU5NFR3JQ,Popularity,0.0,
AHQJIDLHAMC6RQCVVOKNU5NFR3JQ,CF (ItemKNN),0.0,
AHQJIDLHAMC6RQCVVOKNU5NFR3JQ,Content (Avg Emb),0.0,
AHQJIDLHAMC6RQCVVOKNU5NFR3JQ,Last-Item,0.0,
AHQJIDLHAMC6RQCVVOKNU5NFR3JQ,Avg-Last-10,0.0,
AHQJIDLHAMC6RQCVVOKNU5NFR3JQ,Recency-Weighted,0.0,
AHQJIDLHAMC6RQCVVOKNU5NFR3JQ,Essence (K=10),0.0,
AHQMWIPOOE5GHLHIFVEPYLY5R6UQ,Random,0.0,0.0
AHQMWIPOOE5GHLHIFVEPYLY5R6UQ,Popularity,0.0,0.0
AHQMWIPOOE5GHLHIFVEPYLY5R6UQ,CF (ItemKNN),0.0,0.0
AHQMWIPOOE5GHLHIFVEPYLY5R6UQ,Content (Avg Emb),0.0,0.0
AHQMWIPOOE5GHLHIFVEPYLY5R6UQ,Last-Item,0.0,0.0
AHQMWIPOOE5GHLHIFVEPYLY5R6UQ,Avg-Last-10,0.0,0.0
AHQMWIPOOE5GHLHIFVEPYLY5R6UQ,Recency-Weighted,0.0,0.0
AHQMWIPOOE5GHLHIFVEPYLY5R6UQ,Essence (K=10),0.0,0.0
AHQTH4NPZW2TOM2LTNCKOERIZEHA,Random,0.0,
AHQTH4NPZW2TOM2LTNCKOERIZEHA,Popularity,0.0,
AHQTH4NPZW2TOM2LTNCKOERIZEHA,CF (ItemKNN),0.0,
AHQTH4NPZW2TOM2LTNCKOERIZEHA,Content (Avg Emb),0.0,
AHQTH4NPZW2TOM2LTNCKOERIZEHA,Last-Item,0.25,
AHQTH4NPZW2TOM2LTNCKOERIZEHA,Avg-Last-10,0.0,
AHQTH4NPZW2TOM2LTNCKOERIZEHA,Recency-Weighted,0.0,
AHQTH4NPZW2TOM2LTNCKOERIZEHA,Essence (K=10),0.0,
AHQXVWLZDAUU7AHWWMRBQCPOQ5JQ,Random,0.0,0.0
AHQXVWLZDAUU7AHWWMRBQCPOQ5JQ,Popularity,0.0,0.0
AHQXVWLZDAUU7AHWWMRBQCPOQ5JQ,CF (ItemKNN),0.0,0.0
AHQXVWLZDAUU7AHWWMRBQCPOQ5JQ,Content (Avg Emb),0.0,0.0
AHQXVWLZDAUU7AHWWMRBQCPOQ5JQ,Last-Item,0.0,0.0
AHQXVWLZDAUU7AHWWMRBQCPOQ5JQ,Avg-Last-10,0.0,0.0
AHQXVWLZDAUU7AHWWMRBQCPOQ5JQ,Recency-Weighted,0.0,0.0
AHQXVWLZDAUU7AHWWMRBQCPOQ5JQ,Essence (K=10),0.0,0.0
AHR4MHDLPWKWZV6F64OBA5OBKF3A,Random,0.0,
AHR4MHDLPWKWZV6F64OBA5OBKF3A,Popularity,0.0,
AHR4MHDLPWKWZV6F64OBA5OBKF3A,CF (ItemKNN),0.0,
AHR4MHDLPWKWZV6F64OBA5OBKF3A,Content (Avg Emb),0.0,
AHR4MHDLPWKWZV6F64OBA5OBKF3A,Last-Item,0.0,
AHR4MHDLPWKWZV6F64OBA5OBKF3A,Avg-Last-10,0.0,
AHR4MHDLPWKWZV6F64OBA5OBKF3A,Recency-Weighted,0.0,
AHR4MHDLPWKWZV6F64OBA5OBKF3A,Essence (K=10),0.0,
AHR5UPHW7JTZY2QUTBQL77V6Q7JA,Random,0.0,0.0
AHR5UPHW7JTZY2QUTBQL77V6Q7JA,Popularity,0.0,0.0
AHR5UPHW7JTZY2QUTBQL77V6Q7JA,CF (ItemKNN),0.0,0.0
AHR5UPHW7JTZY2QUTBQL77V6Q7JA,Content (Avg Emb),0.0,0.0
AHR5UPHW7JTZY2QUTBQL77V6Q7JA,Last-Item,0.0,0.0
AHR5UPHW7JTZY2QUTBQL77V6Q7JA,Avg-Last-10,0.0,0.0
AHR5UPHW7JTZY2QUTBQL77V6Q7JA,Recency-Weighted,0.0,0.0
AHR5UPHW7JTZY2QUTBQL77V6Q7JA,Essence (K=10),0.0,0.0
AHR6G7IV2TM3T7SK4NV7TBGHUZOA,Random,0.0,
AHR6G7IV2TM3T7SK4NV7TBGHUZOA,Popularity,0.0,
AHR6G7IV2TM3T7SK4NV7TBGHUZOA,CF (ItemKNN),0.0,
AHR6G7IV2TM3T7SK4NV7TBGHUZOA,Content (Avg Emb),0.0,
AHR6G7IV2TM3T7SK4NV7TBGHUZOA,Last-Item,0.0,
AHR6G7IV2TM3T7SK4NV7TBGHUZOA,Avg-Last-10,0.0,
AHR6G7IV2TM3T7SK4NV7TBGHUZOA,Recency-Weighted,0.0,
AHR6G7IV2TM3T7SK4NV7TBGHUZOA,Essence (K=10),0.0,
AHREKRWM46C4QJNJBOU7B6SCUTNQ,Random,0.0,
AHREKRWM46C4QJNJBOU7B6SCUTNQ,Popularity,0.0,
AHREKRWM46C4QJNJBOU7B6SCUTNQ,CF (ItemKNN),0.0,
AHREKRWM46C4QJNJBOU7B6SCUTNQ,Content (Avg Emb),0.0,
AHREKRWM46C4QJNJBOU7B6SCUTNQ,Last-Item,0.0,
AHREKRWM46C4QJNJBOU7B6SCUTNQ,Avg-Last-10,0.0,
AHREKRWM46C4QJNJBOU7B6SCUTNQ,Recency-Weighted,0.0,
AHREKRWM46C4QJNJBOU7B6SCUTNQ,Essence (K=10),0.0,
AHRGVWNFDLZI4JITQGYLKPYACAJA,Random,0.0,0.0
AHRGVWNFDLZI4JITQGYLKPYACAJA,Popularity,0.0,0.0
AHRGVWNFDLZI4JITQGYLKPYACAJA,CF (ItemKNN),0.0,0.0
AHRGVWNFDLZI4JITQGYLKPYACAJA,Content (Avg Emb),0.0,0.0
AHRGVWNFDLZI4JITQGYLKPYACAJA,Last-Item,0.05263157894736842,0.0
AHRGVWNFDLZI4JITQGYLKPYACAJA,Avg-Last-10,0.0,0.0
AHRGVWNFDLZI4JITQGYLKPYACAJA,Recency-Weighted,0.0,0.0
AHRGVWNFDLZI4JITQGYLKPYACAJA,Essence (K=10),0.0,0.0
AHRKX23GMWLK2HUPEKFIJYN3AUFQ,Random,0.0,
AHRKX23GMWLK2HUPEKFIJYN3AUFQ,Popularity,0.0,
AHRKX23GMWLK2HUPEKFIJYN3AUFQ,CF (ItemKNN),0.0,
AHRKX23GMWLK2HUPEKFIJYN3AUFQ,Content (Avg Emb),0.0,
AHRKX23GMWLK2HUPEKFIJYN3AUFQ,Last-Item,0.0,
AHRKX23GMWLK2HUPEKFIJYN3AUFQ,Avg-Last-10,0.25,
AHRKX23GMWLK2HUPEKFIJYN3AUFQ,Recency-Weighted,0.5,
AHRKX23GMWLK2HUPEKFIJYN3AUFQ,Essence (K=10),0.5,
AHRM4WTYRIO2IJNRLYX4O5BKLAVA,Random,0.0,
AHRM4WTYRIO2IJNRLYX4O5BKLAVA,Popularity,0.0,
AHRM4WTYRIO2IJNRLYX4O5BKLAVA,CF (ItemKNN),0.0,
AHRM4WTYRIO2IJNRLYX4O5BKLAVA,Content (Avg Emb),0.0,
AHRM4WTYRIO2IJNRLYX4O5BKLAVA,Last-Item,0.0,
AHRM4WTYRIO2IJNRLYX4O5BKLAVA,Avg-Last-10,0.0,
AHRM4WTYRIO2IJNRLYX4O5BKLAVA,Recency-Weighted,0.0,
AHRM4WTYRIO2IJNRLYX4O5BKLAVA,Essence (K=10),0.0,
AHRP3KIADBDKJX2PO2PP2WSUUDPA,Random,0.0,0.0
AHRP3KIADBDKJX2PO2PP2WSUUDPA,Popularity,0.0,0.0
AHRP3KIADBDKJX2PO2PP2WSUUDPA,CF (ItemKNN),0.0,0.0
AHRP3KIADBDKJX2PO2PP2WSUUDPA,Content (Avg Emb),0.0,0.0
AHRP3KIADBDKJX2PO2PP2WSUUDPA,Last-Item,0.0,0.0
AHRP3KIADBDKJX2PO2PP2WSUUDPA,Avg-Last-10,0.0,0.0
AHRP3KIADBDKJX2PO2PP2WSUUDPA,Recency-Weighted,0.0,0.0
AHRP3KIADBDKJX2PO2PP2WSUUDPA,Essence (K=10),0.0,0.0
AHRRB4DPYCQK7MPKDX5KLM7B44XQ,Random,0.0,
AHRRB4DPYCQK7MPKDX5KLM7B44XQ,Popularity,0.0,
AHRRB4DPYCQK7MPKDX5KLM7B44XQ,CF (ItemKNN),0.0,
AHRRB4DPYCQK7MPKDX5KLM7B44XQ,Content (Avg Emb),0.25,
AHRRB4DPYCQK7MPKDX5KLM7B44XQ,Last-Item,0.0,
AHRRB4DPYCQK7MPKDX5KLM7B44XQ,Avg-Last-10,0.25,
AHRRB4DPYCQK7MPKDX5KLM7B44XQ,Recency-Weighted,0.5,
AHRRB4DPYCQK7MPKDX5KLM7B44XQ,Essence (K=10),0.75,
AHRV7TCSEIPOZ6VB5V7Q6RRQGYAQ,Random,0.0,0.0
AHRV7TCSEIPOZ6VB5V7Q6RRQGYAQ,Popularity,0.0,0.0
AHRV7TCSEIPOZ6VB5V7Q6RRQGYAQ,CF (ItemKNN),0.08333333333333333,0.3333333333333333
AHRV7TCSEIPOZ6VB5V7Q6RRQGYAQ,Content (Avg Emb),0.0,0.0
AHRV7TCSEIPOZ6VB5V7Q6RRQGYAQ,Last-Item,0.0,0.0
AHRV7TCSEIPOZ6VB5V7Q6RRQGYAQ,Avg-Last-10,0.0,0.0
AHRV7TCSEIPOZ6VB5V7Q6RRQGYAQ,Recency-Weighted,0.0,0.0
AHRV7TCSEIPOZ6VB5V7Q6RRQGYAQ,Essence (K=10),0.0,0.0
AHRVZOJWMGJ5ESPUOLTYMSSTP34A,Random,0.0,0.0
AHRVZOJWMGJ5ESPUOLTYMSSTP34A,Popularity,0.0,0.0
AHRVZOJWMGJ5ESPUOLTYMSSTP34A,CF (ItemKNN),0.0,0.0
AHRVZOJWMGJ5ESPUOLTYMSSTP34A,Content (Avg Emb),0.0,0.0
AHRVZOJWMGJ5ESPUOLTYMSSTP34A,Last-Item,0.03225806451612903,0.16666666666666666
AHRVZOJWMGJ5ESPUOLTYMSSTP34A,Avg-Last-10,0.0,0.0
AHRVZOJWMGJ5ESPUOLTYMSSTP34A,Recency-Weighted,0.0,0.0
AHRVZOJWMGJ5ESPUOLTYMSSTP34A,Essence (K=10),0.0,0.0
AHRY6FI53O4GO7UHMFB2Z3AN5PQA,Random,0.0,
AHRY6FI53O4GO7UHMFB2Z3AN5PQA,Popularity,0.0,
AHRY6FI53O4GO7UHMFB2Z3AN5PQA,CF (ItemKNN),0.0,
AHRY6FI53O4GO7UHMFB2Z3AN5PQA,Content (Avg Emb),1.0,
AHRY6FI53O4GO7UHMFB2Z3AN5PQA,Last-Item,1.0,
AHRY6FI53O4GO7UHMFB2Z3AN5PQA,Avg-Last-10,1.0,
AHRY6FI53O4GO7UHMFB2Z3AN5PQA,Recency-Weighted,1.0,
AHRY6FI53O4GO7UHMFB2Z3AN5PQA,Essence (K=10),1.0,
AHRYI2GT66AGOTCDJBVXTFZUJGSA,Random,0.0,
AHRYI2GT66AGOTCDJBVXTFZUJGSA,Popularity,0.0,
AHRYI2GT66AGOTCDJBVXTFZUJGSA,CF (ItemKNN),0.0,
AHRYI2GT66AGOTCDJBVXTFZUJGSA,Content (Avg Emb),0.0,
AHRYI2GT66AGOTCDJBVXTFZUJGSA,Last-Item,0.0,
AHRYI2GT66AGOTCDJBVXTFZUJGSA,Avg-Last-10,0.0,
AHRYI2GT66AGOTCDJBVXTFZUJGSA,Recency-Weighted,0.0,
AHRYI2GT66AGOTCDJBVXTFZUJGSA,Essence (K=10),0.0,
AHS6522QITVGEU2JNWYQMGMBC6LA,Random,0.0,0.0
AHS6522QITVGEU2JNWYQMGMBC6LA,Popularity,0.0,0.0
AHS6522QITVGEU2JNWYQMGMBC6LA,CF (ItemKNN),0.0,0.0
AHS6522QITVGEU2JNWYQMGMBC6LA,Content (Avg Emb),0.0,0.0
AHS6522QITVGEU2JNWYQMGMBC6LA,Last-Item,0.0,0.0
AHS6522QITVGEU2JNWYQMGMBC6LA,Avg-Last-10,0.0,0.0
AHS6522QITVGEU2JNWYQMGMBC6LA,Recency-Weighted,0.0,0.0
AHS6522QITVGEU2JNWYQMGMBC6LA,Essence (K=10),0.0,0.0
AHS6EPS7R27WSEHR5DP5ODNMOJNA,Random,0.0,0.0
AHS6EPS7R27WSEHR5DP5ODNMOJNA,Popularity,0.0,0.0
AHS6EPS7R27WSEHR5DP5ODNMOJNA,CF (ItemKNN),0.0,0.0
AHS6EPS7R27WSEHR5DP5ODNMOJNA,Content (Avg Emb),0.0,0.0
AHS6EPS7R27WSEHR5DP5ODNMOJNA,Last-Item,0.0,0.0
AHS6EPS7R27WSEHR5DP5ODNMOJNA,Avg-Last-10,0.0,0.0
AHS6EPS7R27WSEHR5DP5ODNMOJNA,Recency-Weighted,0.0,0.0
AHS6EPS7R27WSEHR5DP5ODNMOJNA,Essence (K=10),0.0,0.0
AHSFEQ5ZMQPASWAKRXDXLYU3TCRA,Random,0.0,0.0
AHSFEQ5ZMQPASWAKRXDXLYU3TCRA,Popularity,0.0,0.0
AHSFEQ5ZMQPASWAKRXDXLYU3TCRA,CF (ItemKNN),0.0,0.0
AHSFEQ5ZMQPASWAKRXDXLYU3TCRA,Content (Avg Emb),0.0,0.0
AHSFEQ5ZMQPASWAKRXDXLYU3TCRA,Last-Item,0.0,0.0
AHSFEQ5ZMQPASWAKRXDXLYU3TCRA,Avg-Last-10,0.0,0.0
AHSFEQ5ZMQPASWAKRXDXLYU3TCRA,Recency-Weighted,0.0,0.0
AHSFEQ5ZMQPASWAKRXDXLYU3TCRA,Essence (K=10),0.0,0.0
AHSIMT3FPNR67R42XQXYATKX2OTA,Random,0.0,0.0
AHSIMT3FPNR67R42XQXYATKX2OTA,Popularity,0.0,0.0
AHSIMT3FPNR67R42XQXYATKX2OTA,CF (ItemKNN),0.0,0.0
AHSIMT3FPNR67R42XQXYATKX2OTA,Content (Avg Emb),0.4,1.0
AHSIMT3FPNR67R42XQXYATKX2OTA,Last-Item,0.0,0.0
AHSIMT3FPNR67R42XQXYATKX2OTA,Avg-Last-10,0.2,1.0
AHSIMT3FPNR67R42XQXYATKX2OTA,Recency-Weighted,0.2,1.0
AHSIMT3FPNR67R42XQXYATKX2OTA,Essence (K=10),0.0,0.0
AHSK5D7OBKCQCWSOWSLXDGA6ZCBQ,Random,0.0,0.0
AHSK5D7OBKCQCWSOWSLXDGA6ZCBQ,Popularity,0.0,0.0
AHSK5D7OBKCQCWSOWSLXDGA6ZCBQ,CF (ItemKNN),0.0,0.0
AHSK5D7OBKCQCWSOWSLXDGA6ZCBQ,Content (Avg Emb),0.0,0.0
AHSK5D7OBKCQCWSOWSLXDGA6ZCBQ,Last-Item,0.0,0.0
AHSK5D7OBKCQCWSOWSLXDGA6ZCBQ,Avg-Last-10,0.0,0.0
AHSK5D7OBKCQCWSOWSLXDGA6ZCBQ,Recency-Weighted,0.0,0.0
AHSK5D7OBKCQCWSOWSLXDGA6ZCBQ,Essence (K=10),0.0,0.0
AHSLHYUXUZ4BUGGS7LPYD6FMK4NA,Random,0.0,0.0
AHSLHYUXUZ4BUGGS7LPYD6FMK4NA,Popularity,0.0,0.0
AHSLHYUXUZ4BUGGS7LPYD6FMK4NA,CF (ItemKNN),0.0,0.0
AHSLHYUXUZ4BUGGS7LPYD6FMK4NA,Content (Avg Emb),0.0,0.0
AHSLHYUXUZ4BUGGS7LPYD6FMK4NA,Last-Item,0.0,0.0
AHSLHYUXUZ4BUGGS7LPYD6FMK4NA,Avg-Last-10,0.0,0.0
AHSLHYUXUZ4BUGGS7LPYD6FMK4NA,Recency-Weighted,0.0,0.0
AHSLHYUXUZ4BUGGS7LPYD6FMK4NA,Essence (K=10),0.0,0.0
AHSNHIPANYAMDTPAVUBV222AD6FA,Random,0.0,0.0
AHSNHIPANYAMDTPAVUBV222AD6FA,Popularity,0.0,0.0
AHSNHIPANYAMDTPAVUBV222AD6FA,CF (ItemKNN),0.0,0.0
AHSNHIPANYAMDTPAVUBV222AD6FA,Content (Avg Emb),0.0,0.0
AHSNHIPANYAMDTPAVUBV222AD6FA,Last-Item,0.0,0.0
AHSNHIPANYAMDTPAVUBV222AD6FA,Avg-Last-10,0.0,0.0
AHSNHIPANYAMDTPAVUBV222AD6FA,Recency-Weighted,0.0,0.0
AHSNHIPANYAMDTPAVUBV222AD6FA,Essence (K=10),0.0,0.0
AHSPBUK3GIEJ3AAVLVMJVEVBAYRA,Random,0.0,0.0
AHSPBUK3GIEJ3AAVLVMJVEVBAYRA,Popularity,0.0,0.0
AHSPBUK3GIEJ3AAVLVMJVEVBAYRA,CF (ItemKNN),0.0,0.0
AHSPBUK3GIEJ3AAVLVMJVEVBAYRA,Content (Avg Emb),0.0,0.0
AHSPBUK3GIEJ3AAVLVMJVEVBAYRA,Last-Item,0.0,0.0
AHSPBUK3GIEJ3AAVLVMJVEVBAYRA,Avg-Last-10,0.0,0.0
AHSPBUK3GIEJ3AAVLVMJVEVBAYRA,Recency-Weighted,0.0,0.0
AHSPBUK3GIEJ3AAVLVMJVEVBAYRA,Essence (K=10),0.0,0.0
AHSTHKGETO7CATP2RZ5UFO2CP2EA,Random,0.0,0.0
AHSTHKGETO7CATP2RZ5UFO2CP2EA,Popularity,0.0,0.0
AHSTHKGETO7CATP2RZ5UFO2CP2EA,CF (ItemKNN),0.0,0.0
AHSTHKGETO7CATP2RZ5UFO2CP2EA,Content (Avg Emb),0.0,0.0
AHSTHKGETO7CATP2RZ5UFO2CP2EA,Last-Item,0.0,0.0
AHSTHKGETO7CATP2RZ5UFO2CP2EA,Avg-Last-10,0.0,0.0
AHSTHKGETO7CATP2RZ5UFO2CP2EA,Recency-Weighted,0.0,0.0
AHSTHKGETO7CATP2RZ5UFO2CP2EA,Essence (K=10),0.0,0.0
AHSVZZJGFSJNZDZ4HTRDHNR2LXIQ,Random,0.0,
AHSVZZJGFSJNZDZ4HTRDHNR2LXIQ,Popularity,0.0,
AHSVZZJGFSJNZDZ4HTRDHNR2LXIQ,CF (ItemKNN),0.0,
AHSVZZJGFSJNZDZ4HTRDHNR2LXIQ,Content (Avg Emb),0.0,
AHSVZZJGFSJNZDZ4HTRDHNR2LXIQ,Last-Item,0.5,
AHSVZZJGFSJNZDZ4HTRDHNR2LXIQ,Avg-Last-10,0.0,
AHSVZZJGFSJNZDZ4HTRDHNR2LXIQ,Recency-Weighted,0.0,
AHSVZZJGFSJNZDZ4HTRDHNR2LXIQ,Essence (K=10),0.0,
AHSW6GTG7CTWRIIKSLMAHZ5UGV6Q,Random,0.0,0.0
AHSW6GTG7CTWRIIKSLMAHZ5UGV6Q,Popularity,0.0,0.0
AHSW6GTG7CTWRIIKSLMAHZ5UGV6Q,CF (ItemKNN),0.0,0.0
AHSW6GTG7CTWRIIKSLMAHZ5UGV6Q,Content (Avg Emb),0.0,0.0
AHSW6GTG7CTWRIIKSLMAHZ5UGV6Q,Last-Item,0.3333333333333333,0.0
AHSW6GTG7CTWRIIKSLMAHZ5UGV6Q,Avg-Last-10,0.0,0.0
AHSW6GTG7CTWRIIKSLMAHZ5UGV6Q,Recency-Weighted,0.0,0.0
AHSW6GTG7CTWRIIKSLMAHZ5UGV6Q,Essence (K=10),0.0,0.0
AHT2X6NY6VY7KFQPGKKVNERQDVPA,Random,0.0,
AHT2X6NY6VY7KFQPGKKVNERQDVPA,Popularity,0.0,
AHT2X6NY6VY7KFQPGKKVNERQDVPA,CF (ItemKNN),0.0,
AHT2X6NY6VY7KFQPGKKVNERQDVPA,Content (Avg Emb),0.0,
AHT2X6NY6VY7KFQPGKKVNERQDVPA,Last-Item,0.0,
AHT2X6NY6VY7KFQPGKKVNERQDVPA,Avg-Last-10,0.0,
AHT2X6NY6VY7KFQPGKKVNERQDVPA,Recency-Weighted,0.0,
AHT2X6NY6VY7KFQPGKKVNERQDVPA,Essence (K=10),0.0,
AHT4FTOB4E63DCALDMJSKEIZR44Q,Random,0.0,
AHT4FTOB4E63DCALDMJSKEIZR44Q,Popularity,0.0,
AHT4FTOB4E63DCALDMJSKEIZR44Q,CF (ItemKNN),0.0,
AHT4FTOB4E63DCALDMJSKEIZR44Q,Content (Avg Emb),0.25,
AHT4FTOB4E63DCALDMJSKEIZR44Q,Last-Item,0.25,
AHT4FTOB4E63DCALDMJSKEIZR44Q,Avg-Last-10,0.5,
AHT4FTOB4E63DCALDMJSKEIZR44Q,Recency-Weighted,0.5,
AHT4FTOB4E63DCALDMJSKEIZR44Q,Essence (K=10),0.5,
AHT76NFW5YGQA53HISE4ACN6CG4Q,Random,0.0,
AHT76NFW5YGQA53HISE4ACN6CG4Q,Popularity,0.0,
AHT76NFW5YGQA53HISE4ACN6CG4Q,CF (ItemKNN),0.0,
AHT76NFW5YGQA53HISE4ACN6CG4Q,Content (Avg Emb),0.2,
AHT76NFW5YGQA53HISE4ACN6CG4Q,Last-Item,0.0,
AHT76NFW5YGQA53HISE4ACN6CG4Q,Avg-Last-10,0.0,
AHT76NFW5YGQA53HISE4ACN6CG4Q,Recency-Weighted,0.0,
AHT76NFW5YGQA53HISE4ACN6CG4Q,Essence (K=10),0.2,
AHTBKFGP4VB3G7MWNX5DTLUL5CUA,Random,0.0,0.0
AHTBKFGP4VB3G7MWNX5DTLUL5CUA,Popularity,0.0,0.0
AHTBKFGP4VB3G7MWNX5DTLUL5CUA,CF (ItemKNN),0.0,0.0
AHTBKFGP4VB3G7MWNX5DTLUL5CUA,Content (Avg Emb),0.0,0.0
AHTBKFGP4VB3G7MWNX5DTLUL5CUA,Last-Item,0.0,0.0
AHTBKFGP4VB3G7MWNX5DTLUL5CUA,Avg-Last-10,0.0,0.0
AHTBKFGP4VB3G7MWNX5DTLUL5CUA,Recency-Weighted,0.0,0.0
AHTBKFGP4VB3G7MWNX5DTLUL5CUA,Essence (K=10),0.0,0.0
AHTJE7UCULBTKD6SSNBQLPRRCQMQ,Random,0.0,0.0
AHTJE7UCULBTKD6SSNBQLPRRCQMQ,Popularity,0.0,0.0
AHTJE7UCULBTKD6SSNBQLPRRCQMQ,CF (ItemKNN),0.0,0.0
AHTJE7UCULBTKD6SSNBQLPRRCQMQ,Content (Avg Emb),0.0,0.0
AHTJE7UCULBTKD6SSNBQLPRRCQMQ,Last-Item,0.0,0.0
AHTJE7UCULBTKD6SSNBQLPRRCQMQ,Avg-Last-10,0.0,0.0
AHTJE7UCULBTKD6SSNBQLPRRCQMQ,Recency-Weighted,0.0,0.0
AHTJE7UCULBTKD6SSNBQLPRRCQMQ,Essence (K=10),0.0,0.0
AHTJX37C4WZYZA7LPXZNQHNRIUNA,Random,0.0,0.0
AHTJX37C4WZYZA7LPXZNQHNRIUNA,Popularity,0.0,0.0
AHTJX37C4WZYZA7LPXZNQHNRIUNA,CF (ItemKNN),0.0,0.0
AHTJX37C4WZYZA7LPXZNQHNRIUNA,Content (Avg Emb),0.0,0.0
AHTJX37C4WZYZA7LPXZNQHNRIUNA,Last-Item,0.08333333333333333,0.0
AHTJX37C4WZYZA7LPXZNQHNRIUNA,Avg-Last-10,0.0,0.0
AHTJX37C4WZYZA7LPXZNQHNRIUNA,Recency-Weighted,0.08333333333333333,0.0
AHTJX37C4WZYZA7LPXZNQHNRIUNA,Essence (K=10),0.0,0.0
AHTLBNDHKCOVVPK55GYL42YJBP5A,Random,0.0,
AHTLBNDHKCOVVPK55GYL42YJBP5A,Popularity,0.0,
AHTLBNDHKCOVVPK55GYL42YJBP5A,CF (ItemKNN),0.0,
AHTLBNDHKCOVVPK55GYL42YJBP5A,Content (Avg Emb),0.0,
AHTLBNDHKCOVVPK55GYL42YJBP5A,Last-Item,0.0,
AHTLBNDHKCOVVPK55GYL42YJBP5A,Avg-Last-10,0.0,
AHTLBNDHKCOVVPK55GYL42YJBP5A,Recency-Weighted,0.0,
AHTLBNDHKCOVVPK55GYL42YJBP5A,Essence (K=10),0.2,
AHTNFSP7L4UEOL3M2EJTV6MIRRAA,Random,0.0,
AHTNFSP7L4UEOL3M2EJTV6MIRRAA,Popularity,0.0,
AHTNFSP7L4UEOL3M2EJTV6MIRRAA,CF (ItemKNN),0.0,
AHTNFSP7L4UEOL3M2EJTV6MIRRAA,Content (Avg Emb),0.0,
AHTNFSP7L4UEOL3M2EJTV6MIRRAA,Last-Item,0.0,
AHTNFSP7L4UEOL3M2EJTV6MIRRAA,Avg-Last-10,0.0,
AHTNFSP7L4UEOL3M2EJTV6MIRRAA,Recency-Weighted,0.0,
AHTNFSP7L4UEOL3M2EJTV6MIRRAA,Essence (K=10),0.0,
AHTRI5Y4QU3P76VNLEN5TOCOIKAA,Random,0.0,
AHTRI5Y4QU3P76VNLEN5TOCOIKAA,Popularity,0.0,
AHTRI5Y4QU3P76VNLEN5TOCOIKAA,CF (ItemKNN),0.0,
AHTRI5Y4QU3P76VNLEN5TOCOIKAA,Content (Avg Emb),0.0,
AHTRI5Y4QU3P76VNLEN5TOCOIKAA,Last-Item,0.0,
AHTRI5Y4QU3P76VNLEN5TOCOIKAA,Avg-Last-10,0.0,
AHTRI5Y4QU3P76VNLEN5TOCOIKAA,Recency-Weighted,0.0,
AHTRI5Y4QU3P76VNLEN5TOCOIKAA,Essence (K=10),0.0,
AHTUKIGN3UIGSM73RW56PKRWPGMA,Random,0.0,
AHTUKIGN3UIGSM73RW56PKRWPGMA,Popularity,0.0,
AHTUKIGN3UIGSM73RW56PKRWPGMA,CF (ItemKNN),0.0,
AHTUKIGN3UIGSM73RW56PKRWPGMA,Content (Avg Emb),0.0,
AHTUKIGN3UIGSM73RW56PKRWPGMA,Last-Item,0.0,
AHTUKIGN3UIGSM73RW56PKRWPGMA,Avg-Last-10,0.0,
AHTUKIGN3UIGSM73RW56PKRWPGMA,Recency-Weighted,0.0,
AHTUKIGN3UIGSM73RW56PKRWPGMA,Essence (K=10),0.0,
AHTVG62EKINEGTA6S5RL7N5R6UZA,Random,0.0,0.0
AHTVG62EKINEGTA6S5RL7N5R6UZA,Popularity,0.0,0.0
AHTVG62EKINEGTA6S5RL7N5R6UZA,CF (ItemKNN),0.0,0.0
AHTVG62EKINEGTA6S5RL7N5R6UZA,Content (Avg Emb),0.0,0.0
AHTVG62EKINEGTA6S5RL7N5R6UZA,Last-Item,0.0,0.0
AHTVG62EKINEGTA6S5RL7N5R6UZA,Avg-Last-10,0.0,0.0
AHTVG62EKINEGTA6S5RL7N5R6UZA,Recency-Weighted,0.0,0.0
AHTVG62EKINEGTA6S5RL7N5R6UZA,Essence (K=10),0.0,0.0
AHTXA6JEGQ4Z2XOK6VT7X2XZKQEA,Random,0.0,0.0
AHTXA6JEGQ4Z2XOK6VT7X2XZKQEA,Popularity,0.0,0.0
AHTXA6JEGQ4Z2XOK6VT7X2XZKQEA,CF (ItemKNN),0.0,0.0
AHTXA6JEGQ4Z2XOK6VT7X2XZKQEA,Content (Avg Emb),0.0,0.0
AHTXA6JEGQ4Z2XOK6VT7X2XZKQEA,Last-Item,0.0,0.0
AHTXA6JEGQ4Z2XOK6VT7X2XZKQEA,Avg-Last-10,0.0,0.0
AHTXA6JEGQ4Z2XOK6VT7X2XZKQEA,Recency-Weighted,0.0,0.0
AHTXA6JEGQ4Z2XOK6VT7X2XZKQEA,Essence (K=10),0.0,0.0
AHU2HOKQW43TT75HTZTUGQKHELFQ,Random,0.0,
AHU2HOKQW43TT75HTZTUGQKHELFQ,Popularity,0.0,
AHU2HOKQW43TT75HTZTUGQKHELFQ,CF (ItemKNN),0.0,
AHU2HOKQW43TT75HTZTUGQKHELFQ,Content (Avg Emb),0.0,
AHU2HOKQW43TT75HTZTUGQKHELFQ,Last-Item,0.0,
AHU2HOKQW43TT75HTZTUGQKHELFQ,Avg-Last-10,0.0,
AHU2HOKQW43TT75HTZTUGQKHELFQ,Recency-Weighted,0.0,
AHU2HOKQW43TT75HTZTUGQKHELFQ,Essence (K=10),0.0,
AHUALHQGIUD6HTNZD5AUQK5UTZOQ,Random,0.0,0.0
AHUALHQGIUD6HTNZD5AUQK5UTZOQ,Popularity,0.0,0.0
AHUALHQGIUD6HTNZD5AUQK5UTZOQ,CF (ItemKNN),0.0,0.0
AHUALHQGIUD6HTNZD5AUQK5UTZOQ,Content (Avg Emb),0.0,0.0
AHUALHQGIUD6HTNZD5AUQK5UTZOQ,Last-Item,0.0,0.0
AHUALHQGIUD6HTNZD5AUQK5UTZOQ,Avg-Last-10,0.0,0.0
AHUALHQGIUD6HTNZD5AUQK5UTZOQ,Recency-Weighted,0.0,0.0
AHUALHQGIUD6HTNZD5AUQK5UTZOQ,Essence (K=10),0.0,0.0
AHUDTIODG5MYT7KGMOS4BJK7PSJA,Random,0.0,0.0
AHUDTIODG5MYT7KGMOS4BJK7PSJA,Popularity,0.0,0.0
AHUDTIODG5MYT7KGMOS4BJK7PSJA,CF (ItemKNN),0.0,0.0
AHUDTIODG5MYT7KGMOS4BJK7PSJA,Content (Avg Emb),0.0,0.0
AHUDTIODG5MYT7KGMOS4BJK7PSJA,Last-Item,0.2857142857142857,0.0
AHUDTIODG5MYT7KGMOS4BJK7PSJA,Avg-Last-10,0.0,0.0
AHUDTIODG5MYT7KGMOS4BJK7PSJA,Recency-Weighted,0.0,0.0
AHUDTIODG5MYT7KGMOS4BJK7PSJA,Essence (K=10),0.0,0.0
AHUEK63ZJS3LWSZWL73MT75YWBYA,Random,0.0,
AHUEK63ZJS3LWSZWL73MT75YWBYA,Popularity,0.0,
AHUEK63ZJS3LWSZWL73MT75YWBYA,CF (ItemKNN),0.0,
AHUEK63ZJS3LWSZWL73MT75YWBYA,Content (Avg Emb),0.0,
AHUEK63ZJS3LWSZWL73MT75YWBYA,Last-Item,0.0,
AHUEK63ZJS3LWSZWL73MT75YWBYA,Avg-Last-10,0.0,
AHUEK63ZJS3LWSZWL73MT75YWBYA,Recency-Weighted,0.0,
AHUEK63ZJS3LWSZWL73MT75YWBYA,Essence (K=10),0.0,
AHUFESQQCYRM6AYVJUAR4HUDOYEQ,Random,0.0,0.0
AHUFESQQCYRM6AYVJUAR4HUDOYEQ,Popularity,0.0,0.0
AHUFESQQCYRM6AYVJUAR4HUDOYEQ,CF (ItemKNN),0.0,0.0
AHUFESQQCYRM6AYVJUAR4HUDOYEQ,Content (Avg Emb),0.0,0.0
AHUFESQQCYRM6AYVJUAR4HUDOYEQ,Last-Item,0.0,0.0
AHUFESQQCYRM6AYVJUAR4HUDOYEQ,Avg-Last-10,0.0,0.0
AHUFESQQCYRM6AYVJUAR4HUDOYEQ,Recency-Weighted,0.0,0.0
AHUFESQQCYRM6AYVJUAR4HUDOYEQ,Essence (K=10),0.0,0.0
AHUFLGX7PDNTC7JAHTT72GWUCUWA,Random,0.0,0.0
AHUFLGX7PDNTC7JAHTT72GWUCUWA,Popularity,0.0,0.0
AHUFLGX7PDNTC7JAHTT72GWUCUWA,CF (ItemKNN),0.0,0.0
AHUFLGX7PDNTC7JAHTT72GWUCUWA,Content (Avg Emb),0.0,0.0
AHUFLGX7PDNTC7JAHTT72GWUCUWA,Last-Item,0.0,0.0
AHUFLGX7PDNTC7JAHTT72GWUCUWA,Avg-Last-10,0.0,0.0
AHUFLGX7PDNTC7JAHTT72GWUCUWA,Recency-Weighted,0.0,0.0
AHUFLGX7PDNTC7JAHTT72GWUCUWA,Essence (K=10),0.0,0.0
AHUFXHGENLW7LS5XVUHZWZALJTZA,Random,0.0,0.0
AHUFXHGENLW7LS5XVUHZWZALJTZA,Popularity,0.0,0.0
AHUFXHGENLW7LS5XVUHZWZALJTZA,CF (ItemKNN),0.0,0.0
AHUFXHGENLW7LS5XVUHZWZALJTZA,Content (Avg Emb),0.0,0.0
AHUFXHGENLW7LS5XVUHZWZALJTZA,Last-Item,0.0,0.0
AHUFXHGENLW7LS5XVUHZWZALJTZA,Avg-Last-10,0.0,0.0
AHUFXHGENLW7LS5XVUHZWZALJTZA,Recency-Weighted,0.0,0.0
AHUFXHGENLW7LS5XVUHZWZALJTZA,Essence (K=10),0.0,0.0
AHUIFUPJ7TX6C7UJTX7HB2FMLV2Q,Random,0.0,
AHUIFUPJ7TX6C7UJTX7HB2FMLV2Q,Popularity,0.0,
AHUIFUPJ7TX6C7UJTX7HB2FMLV2Q,CF (ItemKNN),0.0,
AHUIFUPJ7TX6C7UJTX7HB2FMLV2Q,Content (Avg Emb),0.0,
AHUIFUPJ7TX6C7UJTX7HB2FMLV2Q,Last-Item,0.14285714285714285,
AHUIFUPJ7TX6C7UJTX7HB2FMLV2Q,Avg-Last-10,0.0,
AHUIFUPJ7TX6C7UJTX7HB2FMLV2Q,Recency-Weighted,0.0,
AHUIFUPJ7TX6C7UJTX7HB2FMLV2Q,Essence (K=10),0.0,
AHUJSMFSTWJYI34S5PWGWV2ABQUA,Random,0.0,
AHUJSMFSTWJYI34S5PWGWV2ABQUA,Popularity,0.0,
AHUJSMFSTWJYI34S5PWGWV2ABQUA,CF (ItemKNN),0.0,
AHUJSMFSTWJYI34S5PWGWV2ABQUA,Content (Avg Emb),0.0,
AHUJSMFSTWJYI34S5PWGWV2ABQUA,Last-Item,0.2,
AHUJSMFSTWJYI34S5PWGWV2ABQUA,Avg-Last-10,0.0,
AHUJSMFSTWJYI34S5PWGWV2ABQUA,Recency-Weighted,0.2,
AHUJSMFSTWJYI34S5PWGWV2ABQUA,Essence (K=10),0.0,
AHUK6FFS5MKUQO6TEKNZW5ESUO2Q,Random,0.0,0.0
AHUK6FFS5MKUQO6TEKNZW5ESUO2Q,Popularity,0.0,0.0
AHUK6FFS5MKUQO6TEKNZW5ESUO2Q,CF (ItemKNN),0.18181818181818182,1.0
AHUK6FFS5MKUQO6TEKNZW5ESUO2Q,Content (Avg Emb),0.18181818181818182,0.5
AHUK6FFS5MKUQO6TEKNZW5ESUO2Q,Last-Item,0.0,0.0
AHUK6FFS5MKUQO6TEKNZW5ESUO2Q,Avg-Last-10,0.36363636363636365,0.5
AHUK6FFS5MKUQO6TEKNZW5ESUO2Q,Recency-Weighted,0.36363636363636365,0.5
AHUK6FFS5MKUQO6TEKNZW5ESUO2Q,Essence (K=10),0.36363636363636365,0.5
AHUMK57EQ57LE57UTOQ7VUUVJBVQ,Random,0.0,0.0
AHUMK57EQ57LE57UTOQ7VUUVJBVQ,Popularity,0.0,0.0
AHUMK57EQ57LE57UTOQ7VUUVJBVQ,CF (ItemKNN),0.16666666666666666,1.0
AHUMK57EQ57LE57UTOQ7VUUVJBVQ,Content (Avg Emb),0.16666666666666666,1.0
AHUMK57EQ57LE57UTOQ7VUUVJBVQ,Last-Item,0.0,0.0
AHUMK57EQ57LE57UTOQ7VUUVJBVQ,Avg-Last-10,0.16666666666666666,1.0
AHUMK57EQ57LE57UTOQ7VUUVJBVQ,Recency-Weighted,0.16666666666666666,1.0
AHUMK57EQ57LE57UTOQ7VUUVJBVQ,Essence (K=10),0.16666666666666666,1.0
AHUN3Y6S53NNWZSXNNEYDZ5ITD5A,Random,0.0,
AHUN3Y6S53NNWZSXNNEYDZ5ITD5A,Popularity,0.0,
AHUN3Y6S53NNWZSXNNEYDZ5ITD5A,CF (ItemKNN),0.0,
AHUN3Y6S53NNWZSXNNEYDZ5ITD5A,Content (Avg Emb),0.0,
AHUN3Y6S53NNWZSXNNEYDZ5ITD5A,Last-Item,0.0,
AHUN3Y6S53NNWZSXNNEYDZ5ITD5A,Avg-Last-10,0.0,
AHUN3Y6S53NNWZSXNNEYDZ5ITD5A,Recency-Weighted,0.0,
AHUN3Y6S53NNWZSXNNEYDZ5ITD5A,Essence (K=10),0.0,
AHURCZXJJQPLP7WNIKAS7R7CN7UA,Random,0.0,0.0
AHURCZXJJQPLP7WNIKAS7R7CN7UA,Popularity,0.0,0.0
AHURCZXJJQPLP7WNIKAS7R7CN7UA,CF (ItemKNN),0.0,0.0
AHURCZXJJQPLP7WNIKAS7R7CN7UA,Content (Avg Emb),0.0,0.0
AHURCZXJJQPLP7WNIKAS7R7CN7UA,Last-Item,0.0,0.0
AHURCZXJJQPLP7WNIKAS7R7CN7UA,Avg-Last-10,0.0,0.0
AHURCZXJJQPLP7WNIKAS7R7CN7UA,Recency-Weighted,0.0,0.0
AHURCZXJJQPLP7WNIKAS7R7CN7UA,Essence (K=10),0.0,0.0
AHURXXYNHZVWH3GOMYJJY4PQPJFQ,Random,0.0,
AHURXXYNHZVWH3GOMYJJY4PQPJFQ,Popularity,0.0,
AHURXXYNHZVWH3GOMYJJY4PQPJFQ,CF (ItemKNN),0.0,
AHURXXYNHZVWH3GOMYJJY4PQPJFQ,Content (Avg Emb),0.0,
AHURXXYNHZVWH3GOMYJJY4PQPJFQ,Last-Item,0.0,
AHURXXYNHZVWH3GOMYJJY4PQPJFQ,Avg-Last-10,0.0,
AHURXXYNHZVWH3GOMYJJY4PQPJFQ,Recency-Weighted,0.0,
AHURXXYNHZVWH3GOMYJJY4PQPJFQ,Essence (K=10),0.0,
AHV2JI6GAKDWJDNPEXR5V2QTMP4A,Random,0.0,
AHV2JI6GAKDWJDNPEXR5V2QTMP4A,Popularity,0.0,
AHV2JI6GAKDWJDNPEXR5V2QTMP4A,CF (ItemKNN),0.0,
AHV2JI6GAKDWJDNPEXR5V2QTMP4A,Content (Avg Emb),0.0,
AHV2JI6GAKDWJDNPEXR5V2QTMP4A,Last-Item,0.0,
AHV2JI6GAKDWJDNPEXR5V2QTMP4A,Avg-Last-10,0.0,
AHV2JI6GAKDWJDNPEXR5V2QTMP4A,Recency-Weighted,0.0,
AHV2JI6GAKDWJDNPEXR5V2QTMP4A,Essence (K=10),0.0,
AHV2VTH3DO4LWKLXB2BTYMLVLGYQ,Random,0.0,0.0
AHV2VTH3DO4LWKLXB2BTYMLVLGYQ,Popularity,0.0,0.0
AHV2VTH3DO4LWKLXB2BTYMLVLGYQ,CF (ItemKNN),0.0,0.0
AHV2VTH3DO4LWKLXB2BTYMLVLGYQ,Content (Avg Emb),0.0,0.0
AHV2VTH3DO4LWKLXB2BTYMLVLGYQ,Last-Item,0.14285714285714285,0.0
AHV2VTH3DO4LWKLXB2BTYMLVLGYQ,Avg-Last-10,0.0,0.0
AHV2VTH3DO4LWKLXB2BTYMLVLGYQ,Recency-Weighted,0.0,0.0
AHV2VTH3DO4LWKLXB2BTYMLVLGYQ,Essence (K=10),0.0,0.0
AHVAMPJUUCJMHRGZS5WZO7VCWTPA,Random,0.0,0.0
AHVAMPJUUCJMHRGZS5WZO7VCWTPA,Popularity,0.0,0.0
AHVAMPJUUCJMHRGZS5WZO7VCWTPA,CF (ItemKNN),0.0,0.0
AHVAMPJUUCJMHRGZS5WZO7VCWTPA,Content (Avg Emb),0.0,0.0
AHVAMPJUUCJMHRGZS5WZO7VCWTPA,Last-Item,0.0,0.0
AHVAMPJUUCJMHRGZS5WZO7VCWTPA,Avg-Last-10,0.0,0.0
AHVAMPJUUCJMHRGZS5WZO7VCWTPA,Recency-Weighted,0.0,0.0
AHVAMPJUUCJMHRGZS5WZO7VCWTPA,Essence (K=10),0.0,0.0
AHVKYKLHG4J2PPDY2ILDSRRYNHOQ,Random,0.0,
AHVKYKLHG4J2PPDY2ILDSRRYNHOQ,Popularity,0.0,
AHVKYKLHG4J2PPDY2ILDSRRYNHOQ,CF (ItemKNN),0.0,
AHVKYKLHG4J2PPDY2ILDSRRYNHOQ,Content (Avg Emb),0.25,
AHVKYKLHG4J2PPDY2ILDSRRYNHOQ,Last-Item,0.25,
AHVKYKLHG4J2PPDY2ILDSRRYNHOQ,Avg-Last-10,0.25,
AHVKYKLHG4J2PPDY2ILDSRRYNHOQ,Recency-Weighted,0.25,
AHVKYKLHG4J2PPDY2ILDSRRYNHOQ,Essence (K=10),0.25,
AHVNPE7LYJL3EAUTJOKBIGJ6THTQ,Random,0.0,
AHVNPE7LYJL3EAUTJOKBIGJ6THTQ,Popularity,0.0,
AHVNPE7LYJL3EAUTJOKBIGJ6THTQ,CF (ItemKNN),0.0,
AHVNPE7LYJL3EAUTJOKBIGJ6THTQ,Content (Avg Emb),0.25,
AHVNPE7LYJL3EAUTJOKBIGJ6THTQ,Last-Item,0.0,
AHVNPE7LYJL3EAUTJOKBIGJ6THTQ,Avg-Last-10,0.25,
AHVNPE7LYJL3EAUTJOKBIGJ6THTQ,Recency-Weighted,0.25,
AHVNPE7LYJL3EAUTJOKBIGJ6THTQ,Essence (K=10),0.0,
AHVO5OFVJEHI2YWZYNWMWSGYLDAQ,Random,0.0,0.0
AHVO5OFVJEHI2YWZYNWMWSGYLDAQ,Popularity,0.0,0.0
AHVO5OFVJEHI2YWZYNWMWSGYLDAQ,CF (ItemKNN),0.0,0.0
AHVO5OFVJEHI2YWZYNWMWSGYLDAQ,Content (Avg Emb),0.0,0.0
AHVO5OFVJEHI2YWZYNWMWSGYLDAQ,Last-Item,0.0,0.0
AHVO5OFVJEHI2YWZYNWMWSGYLDAQ,Avg-Last-10,0.0,0.0
AHVO5OFVJEHI2YWZYNWMWSGYLDAQ,Recency-Weighted,0.0,0.0
AHVO5OFVJEHI2YWZYNWMWSGYLDAQ,Essence (K=10),0.0,0.0
AHVPENM4MEQY33LRSMOELN2MVKHQ,Random,0.0,
AHVPENM4MEQY33LRSMOELN2MVKHQ,Popularity,0.0,
AHVPENM4MEQY33LRSMOELN2MVKHQ,CF (ItemKNN),0.0,
AHVPENM4MEQY33LRSMOELN2MVKHQ,Content (Avg Emb),0.0,
AHVPENM4MEQY33LRSMOELN2MVKHQ,Last-Item,0.0,
AHVPENM4MEQY33LRSMOELN2MVKHQ,Avg-Last-10,0.0,
AHVPENM4MEQY33LRSMOELN2MVKHQ,Recency-Weighted,0.0,
AHVPENM4MEQY33LRSMOELN2MVKHQ,Essence (K=10),0.0,
AHVPT7GZUSBW53MJVATJBNTJKGZA,Random,0.0,0.0
AHVPT7GZUSBW53MJVATJBNTJKGZA,Popularity,0.0,0.0
AHVPT7GZUSBW53MJVATJBNTJKGZA,CF (ItemKNN),0.0,0.0
AHVPT7GZUSBW53MJVATJBNTJKGZA,Content (Avg Emb),0.0,0.0
AHVPT7GZUSBW53MJVATJBNTJKGZA,Last-Item,0.0,0.0
AHVPT7GZUSBW53MJVATJBNTJKGZA,Avg-Last-10,0.0,0.0
AHVPT7GZUSBW53MJVATJBNTJKGZA,Recency-Weighted,0.0,0.0
AHVPT7GZUSBW53MJVATJBNTJKGZA,Essence (K=10),0.0,0.0
AHVTH3GTWVKHO6UZKJMADAMEVPZQ,Random,0.0,0.0
AHVTH3GTWVKHO6UZKJMADAMEVPZQ,Popularity,0.0,0.0
AHVTH3GTWVKHO6UZKJMADAMEVPZQ,CF (ItemKNN),0.0,0.0
AHVTH3GTWVKHO6UZKJMADAMEVPZQ,Content (Avg Emb),0.0,0.0
AHVTH3GTWVKHO6UZKJMADAMEVPZQ,Last-Item,0.14285714285714285,0.0
AHVTH3GTWVKHO6UZKJMADAMEVPZQ,Avg-Last-10,0.0,0.0
AHVTH3GTWVKHO6UZKJMADAMEVPZQ,Recency-Weighted,0.14285714285714285,0.0
AHVTH3GTWVKHO6UZKJMADAMEVPZQ,Essence (K=10),0.0,0.0
AHVW4WGTUKPFAUESD3VZPWTFPTFA,Random,0.0,
AHVW4WGTUKPFAUESD3VZPWTFPTFA,Popularity,0.0,
AHVW4WGTUKPFAUESD3VZPWTFPTFA,CF (ItemKNN),0.0,
AHVW4WGTUKPFAUESD3VZPWTFPTFA,Content (Avg Emb),0.0,
AHVW4WGTUKPFAUESD3VZPWTFPTFA,Last-Item,0.0,
AHVW4WGTUKPFAUESD3VZPWTFPTFA,Avg-Last-10,0.0,
AHVW4WGTUKPFAUESD3VZPWTFPTFA,Recency-Weighted,0.0,
AHVW4WGTUKPFAUESD3VZPWTFPTFA,Essence (K=10),0.0,
AHVW5NEO4B7SI3E7KHNLEQDJQQ5Q,Random,0.0,0.0
AHVW5NEO4B7SI3E7KHNLEQDJQQ5Q,Popularity,0.0,0.0
AHVW5NEO4B7SI3E7KHNLEQDJQQ5Q,CF (ItemKNN),0.0,0.0
AHVW5NEO4B7SI3E7KHNLEQDJQQ5Q,Content (Avg Emb),0.0,0.0
AHVW5NEO4B7SI3E7KHNLEQDJQQ5Q,Last-Item,0.0,0.0
AHVW5NEO4B7SI3E7KHNLEQDJQQ5Q,Avg-Last-10,0.0,0.0
AHVW5NEO4B7SI3E7KHNLEQDJQQ5Q,Recency-Weighted,0.0,0.0
AHVW5NEO4B7SI3E7KHNLEQDJQQ5Q,Essence (K=10),0.0,0.0
AHW3TLGGNUINL2OB6K7SDIJM4BYA,Random,0.0,0.0
AHW3TLGGNUINL2OB6K7SDIJM4BYA,Popularity,0.0,0.0
AHW3TLGGNUINL2OB6K7SDIJM4BYA,CF (ItemKNN),0.0,0.0
AHW3TLGGNUINL2OB6K7SDIJM4BYA,Content (Avg Emb),0.0,0.0
AHW3TLGGNUINL2OB6K7SDIJM4BYA,Last-Item,0.0,0.0
AHW3TLGGNUINL2OB6K7SDIJM4BYA,Avg-Last-10,0.0,0.0
AHW3TLGGNUINL2OB6K7SDIJM4BYA,Recency-Weighted,0.0,0.0
AHW3TLGGNUINL2OB6K7SDIJM4BYA,Essence (K=10),0.0,0.0
AHW53GXECBG3IN2C5YZ7I7QEJH5Q,Random,0.0,0.0
AHW53GXECBG3IN2C5YZ7I7QEJH5Q,Popularity,0.0,0.0
AHW53GXECBG3IN2C5YZ7I7QEJH5Q,CF (ItemKNN),0.0,0.0
AHW53GXECBG3IN2C5YZ7I7QEJH5Q,Content (Avg Emb),0.0,0.0
AHW53GXECBG3IN2C5YZ7I7QEJH5Q,Last-Item,0.0,0.0
AHW53GXECBG3IN2C5YZ7I7QEJH5Q,Avg-Last-10,0.0,0.0
AHW53GXECBG3IN2C5YZ7I7QEJH5Q,Recency-Weighted,0.0,0.0
AHW53GXECBG3IN2C5YZ7I7QEJH5Q,Essence (K=10),0.0,0.0
AHW6BF7A57LSA2DSZSTLXSOTU32Q,Random,0.0,
AHW6BF7A57LSA2DSZSTLXSOTU32Q,Popularity,0.0,
AHW6BF7A57LSA2DSZSTLXSOTU32Q,CF (ItemKNN),0.0,
AHW6BF7A57LSA2DSZSTLXSOTU32Q,Content (Avg Emb),0.0,
AHW6BF7A57LSA2DSZSTLXSOTU32Q,Last-Item,0.0,
AHW6BF7A57LSA2DSZSTLXSOTU32Q,Avg-Last-10,0.0,
AHW6BF7A57LSA2DSZSTLXSOTU32Q,Recency-Weighted,0.0,
AHW6BF7A57LSA2DSZSTLXSOTU32Q,Essence (K=10),0.0,
AHW6NPATYHJJ4F75UUDKEJI7OGQQ,Random,0.0,
AHW6NPATYHJJ4F75UUDKEJI7OGQQ,Popularity,0.0,
AHW6NPATYHJJ4F75UUDKEJI7OGQQ,CF (ItemKNN),0.0,
AHW6NPATYHJJ4F75UUDKEJI7OGQQ,Content (Avg Emb),0.0,
AHW6NPATYHJJ4F75UUDKEJI7OGQQ,Last-Item,0.0,
AHW6NPATYHJJ4F75UUDKEJI7OGQQ,Avg-Last-10,0.0,
AHW6NPATYHJJ4F75UUDKEJI7OGQQ,Recency-Weighted,0.0,
AHW6NPATYHJJ4F75UUDKEJI7OGQQ,Essence (K=10),0.1111111111111111,
AHW6YJXKMUV4TUNZSYOFSUKCGD2A,Random,0.0,0.0
AHW6YJXKMUV4TUNZSYOFSUKCGD2A,Popularity,0.0,0.0
AHW6YJXKMUV4TUNZSYOFSUKCGD2A,CF (ItemKNN),0.0,0.0
AHW6YJXKMUV4TUNZSYOFSUKCGD2A,Content (Avg Emb),0.0,0.0
AHW6YJXKMUV4TUNZSYOFSUKCGD2A,Last-Item,0.0,0.0
AHW6YJXKMUV4TUNZSYOFSUKCGD2A,Avg-Last-10,0.0,0.0
AHW6YJXKMUV4TUNZSYOFSUKCGD2A,Recency-Weighted,0.0,0.0
AHW6YJXKMUV4TUNZSYOFSUKCGD2A,Essence (K=10),0.0,0.0
AHWB4JND5BLAONVAEDILDP5LMX4Q,Random,0.0,0.0
AHWB4JND5BLAONVAEDILDP5LMX4Q,Popularity,0.0,0.0
AHWB4JND5BLAONVAEDILDP5LMX4Q,CF (ItemKNN),0.0,0.0
AHWB4JND5BLAONVAEDILDP5LMX4Q,Content (Avg Emb),0.1111111111111111,0.0
AHWB4JND5BLAONVAEDILDP5LMX4Q,Last-Item,0.05555555555555555,0.0
AHWB4JND5BLAONVAEDILDP5LMX4Q,Avg-Last-10,0.0,0.0
AHWB4JND5BLAONVAEDILDP5LMX4Q,Recency-Weighted,0.0,0.0
AHWB4JND5BLAONVAEDILDP5LMX4Q,Essence (K=10),0.0,0.0
AHWE2ESZEI7N45TVEATOFRLNTWRA,Random,0.0,0.0
AHWE2ESZEI7N45TVEATOFRLNTWRA,Popularity,0.0,0.0
AHWE2ESZEI7N45TVEATOFRLNTWRA,CF (ItemKNN),0.0,0.0
AHWE2ESZEI7N45TVEATOFRLNTWRA,Content (Avg Emb),0.0,0.0
AHWE2ESZEI7N45TVEATOFRLNTWRA,Last-Item,0.0,0.0
AHWE2ESZEI7N45TVEATOFRLNTWRA,Avg-Last-10,0.0,0.0
AHWE2ESZEI7N45TVEATOFRLNTWRA,Recency-Weighted,0.0,0.0
AHWE2ESZEI7N45TVEATOFRLNTWRA,Essence (K=10),0.0,0.0
AHWFVBDSKM7QTZXWUUX6Q4CZIWZA,Random,0.0,0.0
AHWFVBDSKM7QTZXWUUX6Q4CZIWZA,Popularity,0.0,0.0
AHWFVBDSKM7QTZXWUUX6Q4CZIWZA,CF (ItemKNN),0.0,0.0
AHWFVBDSKM7QTZXWUUX6Q4CZIWZA,Content (Avg Emb),0.0,0.0
AHWFVBDSKM7QTZXWUUX6Q4CZIWZA,Last-Item,0.0,0.0
AHWFVBDSKM7QTZXWUUX6Q4CZIWZA,Avg-Last-10,0.0,0.0
AHWFVBDSKM7QTZXWUUX6Q4CZIWZA,Recency-Weighted,0.0,0.0
AHWFVBDSKM7QTZXWUUX6Q4CZIWZA,Essence (K=10),0.0,0.0
AHWGMLTTRZRZGDNAATGFOJKVMK5Q,Random,0.0,
AHWGMLTTRZRZGDNAATGFOJKVMK5Q,Popularity,0.0,
AHWGMLTTRZRZGDNAATGFOJKVMK5Q,CF (ItemKNN),0.0,
AHWGMLTTRZRZGDNAATGFOJKVMK5Q,Content (Avg Emb),0.0,
AHWGMLTTRZRZGDNAATGFOJKVMK5Q,Last-Item,0.0,
AHWGMLTTRZRZGDNAATGFOJKVMK5Q,Avg-Last-10,0.1111111111111111,
AHWGMLTTRZRZGDNAATGFOJKVMK5Q,Recency-Weighted,0.0,
AHWGMLTTRZRZGDNAATGFOJKVMK5Q,Essence (K=10),0.0,
AHWGXUH6HLZGKWEEYOGN64BUXDDA,Random,0.0,0.0
AHWGXUH6HLZGKWEEYOGN64BUXDDA,Popularity,0.0,0.0
AHWGXUH6HLZGKWEEYOGN64BUXDDA,CF (ItemKNN),0.0,0.0
AHWGXUH6HLZGKWEEYOGN64BUXDDA,Content (Avg Emb),0.0,0.0
AHWGXUH6HLZGKWEEYOGN64BUXDDA,Last-Item,0.0,0.0
AHWGXUH6HLZGKWEEYOGN64BUXDDA,Avg-Last-10,0.0,0.0
AHWGXUH6HLZGKWEEYOGN64BUXDDA,Recency-Weighted,0.0,0.0
AHWGXUH6HLZGKWEEYOGN64BUXDDA,Essence (K=10),0.0,0.0
AHWHSWZNYBBBFG6R3V5ANKVQAO6Q,Random,0.0,
AHWHSWZNYBBBFG6R3V5ANKVQAO6Q,Popularity,0.0,
AHWHSWZNYBBBFG6R3V5ANKVQAO6Q,CF (ItemKNN),0.0,
AHWHSWZNYBBBFG6R3V5ANKVQAO6Q,Content (Avg Emb),0.0,
AHWHSWZNYBBBFG6R3V5ANKVQAO6Q,Last-Item,0.0,
AHWHSWZNYBBBFG6R3V5ANKVQAO6Q,Avg-Last-10,0.0,
AHWHSWZNYBBBFG6R3V5ANKVQAO6Q,Recency-Weighted,0.0,
AHWHSWZNYBBBFG6R3V5ANKVQAO6Q,Essence (K=10),0.0,
AHWI6M5IAVGWQA7Q7ORSHK5JMYFA,Random,0.0,0.0
AHWI6M5IAVGWQA7Q7ORSHK5JMYFA,Popularity,0.0,0.0
AHWI6M5IAVGWQA7Q7ORSHK5JMYFA,CF (ItemKNN),0.0,0.0
AHWI6M5IAVGWQA7Q7ORSHK5JMYFA,Content (Avg Emb),0.0,0.0
AHWI6M5IAVGWQA7Q7ORSHK5JMYFA,Last-Item,0.0,0.0
AHWI6M5IAVGWQA7Q7ORSHK5JMYFA,Avg-Last-10,0.0,0.0
AHWI6M5IAVGWQA7Q7ORSHK5JMYFA,Recency-Weighted,0.0,0.0
AHWI6M5IAVGWQA7Q7ORSHK5JMYFA,Essence (K=10),0.2222222222222222,0.3333333333333333
AHWLU6AC7NSWMVVH24OL7IHENUTQ,Random,0.0,0.0
AHWLU6AC7NSWMVVH24OL7IHENUTQ,Popularity,0.0,0.0
AHWLU6AC7NSWMVVH24OL7IHENUTQ,CF (ItemKNN),0.0,0.0
AHWLU6AC7NSWMVVH24OL7IHENUTQ,Content (Avg Emb),0.0,0.0
AHWLU6AC7NSWMVVH24OL7IHENUTQ,Last-Item,0.0,0.0
AHWLU6AC7NSWMVVH24OL7IHENUTQ,Avg-Last-10,0.0,0.0
AHWLU6AC7NSWMVVH24OL7IHENUTQ,Recency-Weighted,0.0,0.0
AHWLU6AC7NSWMVVH24OL7IHENUTQ,Essence (K=10),0.0,0.0
AHWOAZAYYM2S3RJRNKWTPAEFIT2Q,Random,0.0,0.0
AHWOAZAYYM2S3RJRNKWTPAEFIT2Q,Popularity,0.0,0.0
AHWOAZAYYM2S3RJRNKWTPAEFIT2Q,CF (ItemKNN),0.1111111111111111,0.25
AHWOAZAYYM2S3RJRNKWTPAEFIT2Q,Content (Avg Emb),0.0,0.0
AHWOAZAYYM2S3RJRNKWTPAEFIT2Q,Last-Item,0.0,0.0
AHWOAZAYYM2S3RJRNKWTPAEFIT2Q,Avg-Last-10,0.0,0.0
AHWOAZAYYM2S3RJRNKWTPAEFIT2Q,Recency-Weighted,0.0,0.0
AHWOAZAYYM2S3RJRNKWTPAEFIT2Q,Essence (K=10),0.0,0.0
AHWTHNC6SGRTE6RWRDP5COGXXITQ,Random,0.0,0.0
AHWTHNC6SGRTE6RWRDP5COGXXITQ,Popularity,0.0,0.0
AHWTHNC6SGRTE6RWRDP5COGXXITQ,CF (ItemKNN),0.0,0.0
AHWTHNC6SGRTE6RWRDP5COGXXITQ,Content (Avg Emb),0.2,0.0
AHWTHNC6SGRTE6RWRDP5COGXXITQ,Last-Item,0.0,0.0
AHWTHNC6SGRTE6RWRDP5COGXXITQ,Avg-Last-10,0.2,0.0
AHWTHNC6SGRTE6RWRDP5COGXXITQ,Recency-Weighted,0.2,0.0
AHWTHNC6SGRTE6RWRDP5COGXXITQ,Essence (K=10),0.0,0.0
AHWYPJ52IBKDEUNOTLOLIF42GS2A,Random,0.0,0.0
AHWYPJ52IBKDEUNOTLOLIF42GS2A,Popularity,0.0,0.0
AHWYPJ52IBKDEUNOTLOLIF42GS2A,CF (ItemKNN),0.0,0.0
AHWYPJ52IBKDEUNOTLOLIF42GS2A,Content (Avg Emb),0.0,0.0
AHWYPJ52IBKDEUNOTLOLIF42GS2A,Last-Item,0.0,0.0
AHWYPJ52IBKDEUNOTLOLIF42GS2A,Avg-Last-10,0.0,0.0
AHWYPJ52IBKDEUNOTLOLIF42GS2A,Recency-Weighted,0.0,0.0
AHWYPJ52IBKDEUNOTLOLIF42GS2A,Essence (K=10),0.0,0.0
AHX4DZ75CUPIIPFMFULH76YFGKMA,Random,0.0,0.0
AHX4DZ75CUPIIPFMFULH76YFGKMA,Popularity,0.0,0.0
AHX4DZ75CUPIIPFMFULH76YFGKMA,CF (ItemKNN),0.0,0.0
AHX4DZ75CUPIIPFMFULH76YFGKMA,Content (Avg Emb),0.0,0.0
AHX4DZ75CUPIIPFMFULH76YFGKMA,Last-Item,0.0,0.0
AHX4DZ75CUPIIPFMFULH76YFGKMA,Avg-Last-10,0.0,0.0
AHX4DZ75CUPIIPFMFULH76YFGKMA,Recency-Weighted,0.0,0.0
AHX4DZ75CUPIIPFMFULH76YFGKMA,Essence (K=10),0.0,0.0
AHX7CGMK37YC2BTDBVYRJJCM5S7A,Random,0.0,0.0
AHX7CGMK37YC2BTDBVYRJJCM5S7A,Popularity,0.0,0.0
AHX7CGMK37YC2BTDBVYRJJCM5S7A,CF (ItemKNN),0.0,0.0
AHX7CGMK37YC2BTDBVYRJJCM5S7A,Content (Avg Emb),0.0,0.0
AHX7CGMK37YC2BTDBVYRJJCM5S7A,Last-Item,0.0,0.0
AHX7CGMK37YC2BTDBVYRJJCM5S7A,Avg-Last-10,0.0,0.0
AHX7CGMK37YC2BTDBVYRJJCM5S7A,Recency-Weighted,0.0,0.0
AHX7CGMK37YC2BTDBVYRJJCM5S7A,Essence (K=10),0.0,0.0
AHXB4U7JJWIEGLK4CY5UVCY7LHUA,Random,0.0,0.0
AHXB4U7JJWIEGLK4CY5UVCY7LHUA,Popularity,0.0,0.0
AHXB4U7JJWIEGLK4CY5UVCY7LHUA,CF (ItemKNN),0.0,0.0
AHXB4U7JJWIEGLK4CY5UVCY7LHUA,Content (Avg Emb),0.0,0.0
AHXB4U7JJWIEGLK4CY5UVCY7LHUA,Last-Item,0.0,0.0
AHXB4U7JJWIEGLK4CY5UVCY7LHUA,Avg-Last-10,0.0,0.0
AHXB4U7JJWIEGLK4CY5UVCY7LHUA,Recency-Weighted,0.0,0.0
AHXB4U7JJWIEGLK4CY5UVCY7LHUA,Essence (K=10),0.0,0.0
AHXCUDRAP5MPBKYBWHVLRJZSEI3Q,Random,0.0,0.0
AHXCUDRAP5MPBKYBWHVLRJZSEI3Q,Popularity,0.0,0.0
AHXCUDRAP5MPBKYBWHVLRJZSEI3Q,CF (ItemKNN),0.0,0.0
AHXCUDRAP5MPBKYBWHVLRJZSEI3Q,Content (Avg Emb),0.0,0.0
AHXCUDRAP5MPBKYBWHVLRJZSEI3Q,Last-Item,0.0,0.0
AHXCUDRAP5MPBKYBWHVLRJZSEI3Q,Avg-Last-10,0.0,0.0
AHXCUDRAP5MPBKYBWHVLRJZSEI3Q,Recency-Weighted,0.0,0.0
AHXCUDRAP5MPBKYBWHVLRJZSEI3Q,Essence (K=10),0.0,0.0
AHXIXB5GU5AODB26FIJVGN76OU3A,Random,0.0,
AHXIXB5GU5AODB26FIJVGN76OU3A,Popularity,0.0,
AHXIXB5GU5AODB26FIJVGN76OU3A,CF (ItemKNN),0.0,
AHXIXB5GU5AODB26FIJVGN76OU3A,Content (Avg Emb),0.0,
AHXIXB5GU5AODB26FIJVGN76OU3A,Last-Item,0.0,
AHXIXB5GU5AODB26FIJVGN76OU3A,Avg-Last-10,0.0,
AHXIXB5GU5AODB26FIJVGN76OU3A,Recency-Weighted,0.0,
AHXIXB5GU5AODB26FIJVGN76OU3A,Essence (K=10),0.0,
AHXKOXDKOJCGLJISITIWZO3AZZ3Q,Random,0.0,0.0
AHXKOXDKOJCGLJISITIWZO3AZZ3Q,Popularity,0.0,0.0
AHXKOXDKOJCGLJISITIWZO3AZZ3Q,CF (ItemKNN),0.0,0.0
AHXKOXDKOJCGLJISITIWZO3AZZ3Q,Content (Avg Emb),0.0,0.0
AHXKOXDKOJCGLJISITIWZO3AZZ3Q,Last-Item,0.0,0.0
AHXKOXDKOJCGLJISITIWZO3AZZ3Q,Avg-Last-10,0.0,0.0
AHXKOXDKOJCGLJISITIWZO3AZZ3Q,Recency-Weighted,0.0,0.0
AHXKOXDKOJCGLJISITIWZO3AZZ3Q,Essence (K=10),0.0,0.0
AHXKZOGUU674KUYIBHHEW7N3CLRQ,Random,0.0,0.0
AHXKZOGUU674KUYIBHHEW7N3CLRQ,Popularity,0.0,0.0
AHXKZOGUU674KUYIBHHEW7N3CLRQ,CF (ItemKNN),0.0,0.0
AHXKZOGUU674KUYIBHHEW7N3CLRQ,Content (Avg Emb),0.0,0.0
AHXKZOGUU674KUYIBHHEW7N3CLRQ,Last-Item,0.0,0.0
AHXKZOGUU674KUYIBHHEW7N3CLRQ,Avg-Last-10,0.0,0.0
AHXKZOGUU674KUYIBHHEW7N3CLRQ,Recency-Weighted,0.0,0.0
AHXKZOGUU674KUYIBHHEW7N3CLRQ,Essence (K=10),0.0,0.0
AHXPFAV67BJ4HZBBQVUE5DACWTBA,Random,0.0,0.0
AHXPFAV67BJ4HZBBQVUE5DACWTBA,Popularity,0.0,0.0
AHXPFAV67BJ4HZBBQVUE5DACWTBA,CF (ItemKNN),0.0,0.0
AHXPFAV67BJ4HZBBQVUE5DACWTBA,Content (Avg Emb),0.0,0.0
AHXPFAV67BJ4HZBBQVUE5DACWTBA,Last-Item,0.0,0.0
AHXPFAV67BJ4HZBBQVUE5DACWTBA,Avg-Last-10,0.0,0.0
AHXPFAV67BJ4HZBBQVUE5DACWTBA,Recency-Weighted,0.0,0.0
AHXPFAV67BJ4HZBBQVUE5DACWTBA,Essence (K=10),0.0,0.0
AHXVJRI7Y33F4ZLH66NQ4FIUTMNA,Random,0.0,
AHXVJRI7Y33F4ZLH66NQ4FIUTMNA,Popularity,0.0,
AHXVJRI7Y33F4ZLH66NQ4FIUTMNA,CF (ItemKNN),0.0,
AHXVJRI7Y33F4ZLH66NQ4FIUTMNA,Content (Avg Emb),0.0,
AHXVJRI7Y33F4ZLH66NQ4FIUTMNA,Last-Item,0.0,
AHXVJRI7Y33F4ZLH66NQ4FIUTMNA,Avg-Last-10,0.0,
AHXVJRI7Y33F4ZLH66NQ4FIUTMNA,Recency-Weighted,0.0,
AHXVJRI7Y33F4ZLH66NQ4FIUTMNA,Essence (K=10),0.0,
AHY2RTVM2IXL2M3AINZUSSL5QLYQ,Random,0.0,
AHY2RTVM2IXL2M3AINZUSSL5QLYQ,Popularity,0.0,
AHY2RTVM2IXL2M3AINZUSSL5QLYQ,CF (ItemKNN),0.0,
AHY2RTVM2IXL2M3AINZUSSL5QLYQ,Content (Avg Emb),0.0,
AHY2RTVM2IXL2M3AINZUSSL5QLYQ,Last-Item,0.0,
AHY2RTVM2IXL2M3AINZUSSL5QLYQ,Avg-Last-10,0.0,
AHY2RTVM2IXL2M3AINZUSSL5QLYQ,Recency-Weighted,0.0,
AHY2RTVM2IXL2M3AINZUSSL5QLYQ,Essence (K=10),0.0,
AHY52B6X3PA6SNZ54OYIC3OTWY2A,Random,0.0,
AHY52B6X3PA6SNZ54OYIC3OTWY2A,Popularity,0.05555555555555555,
AHY52B6X3PA6SNZ54OYIC3OTWY2A,CF (ItemKNN),0.0,
AHY52B6X3PA6SNZ54OYIC3OTWY2A,Content (Avg Emb),0.0,
AHY52B6X3PA6SNZ54OYIC3OTWY2A,Last-Item,0.0,
AHY52B6X3PA6SNZ54OYIC3OTWY2A,Avg-Last-10,0.0,
AHY52B6X3PA6SNZ54OYIC3OTWY2A,Recency-Weighted,0.0,
AHY52B6X3PA6SNZ54OYIC3OTWY2A,Essence (K=10),0.0,
AHY67IQXT5DTKIBOALRECK7DFROQ,Random,0.0,0.0
AHY67IQXT5DTKIBOALRECK7DFROQ,Popularity,0.0,0.0
AHY67IQXT5DTKIBOALRECK7DFROQ,CF (ItemKNN),0.0,0.0
AHY67IQXT5DTKIBOALRECK7DFROQ,Content (Avg Emb),0.0,0.0
AHY67IQXT5DTKIBOALRECK7DFROQ,Last-Item,0.0,0.0
AHY67IQXT5DTKIBOALRECK7DFROQ,Avg-Last-10,0.0,0.0
AHY67IQXT5DTKIBOALRECK7DFROQ,Recency-Weighted,0.0,0.0
AHY67IQXT5DTKIBOALRECK7DFROQ,Essence (K=10),0.0,0.0
AHYAGPWVMGOZY24LZFQ3UKOEFHMA,Random,0.0,
AHYAGPWVMGOZY24LZFQ3UKOEFHMA,Popularity,0.0,
AHYAGPWVMGOZY24LZFQ3UKOEFHMA,CF (ItemKNN),0.0,
AHYAGPWVMGOZY24LZFQ3UKOEFHMA,Content (Avg Emb),0.0,
AHYAGPWVMGOZY24LZFQ3UKOEFHMA,Last-Item,0.0,
AHYAGPWVMGOZY24LZFQ3UKOEFHMA,Avg-Last-10,0.0,
AHYAGPWVMGOZY24LZFQ3UKOEFHMA,Recency-Weighted,0.0,
AHYAGPWVMGOZY24LZFQ3UKOEFHMA,Essence (K=10),0.2,
AHYBR4CBAFGI67PUJBAYRZX25CBQ,Random,0.0,0.0
AHYBR4CBAFGI67PUJBAYRZX25CBQ,Popularity,0.0,0.0
AHYBR4CBAFGI67PUJBAYRZX25CBQ,CF (ItemKNN),0.0,0.0
AHYBR4CBAFGI67PUJBAYRZX25CBQ,Content (Avg Emb),0.0,0.0
AHYBR4CBAFGI67PUJBAYRZX25CBQ,Last-Item,0.09090909090909091,0.0
AHYBR4CBAFGI67PUJBAYRZX25CBQ,Avg-Last-10,0.0,0.0
AHYBR4CBAFGI67PUJBAYRZX25CBQ,Recency-Weighted,0.0,0.0
AHYBR4CBAFGI67PUJBAYRZX25CBQ,Essence (K=10),0.09090909090909091,0.3333333333333333
AHYCJXMQZKCSWGOGZHBHUAMULAZQ,Random,0.0,0.0
AHYCJXMQZKCSWGOGZHBHUAMULAZQ,Popularity,0.0,0.0
AHYCJXMQZKCSWGOGZHBHUAMULAZQ,CF (ItemKNN),0.0,0.0
AHYCJXMQZKCSWGOGZHBHUAMULAZQ,Content (Avg Emb),0.0,0.0
AHYCJXMQZKCSWGOGZHBHUAMULAZQ,Last-Item,0.0,0.0
AHYCJXMQZKCSWGOGZHBHUAMULAZQ,Avg-Last-10,0.0,0.0
AHYCJXMQZKCSWGOGZHBHUAMULAZQ,Recency-Weighted,0.0,0.0
AHYCJXMQZKCSWGOGZHBHUAMULAZQ,Essence (K=10),0.0,0.0
AHYDZXS7MPPJWI5TRKNY3IA4NTYQ,Random,0.0,0.0
AHYDZXS7MPPJWI5TRKNY3IA4NTYQ,Popularity,0.0,0.0
AHYDZXS7MPPJWI5TRKNY3IA4NTYQ,CF (ItemKNN),0.0,0.0
AHYDZXS7MPPJWI5TRKNY3IA4NTYQ,Content (Avg Emb),0.25,0.0
AHYDZXS7MPPJWI5TRKNY3IA4NTYQ,Last-Item,0.0,0.0
AHYDZXS7MPPJWI5TRKNY3IA4NTYQ,Avg-Last-10,0.0,0.0
AHYDZXS7MPPJWI5TRKNY3IA4NTYQ,Recency-Weighted,0.0,0.0
AHYDZXS7MPPJWI5TRKNY3IA4NTYQ,Essence (K=10),0.0,0.0
AHYN6Q5FYHPXLI7G3FRRJ7C2TTXA,Random,0.0,0.0
AHYN6Q5FYHPXLI7G3FRRJ7C2TTXA,Popularity,0.0,0.0
AHYN6Q5FYHPXLI7G3FRRJ7C2TTXA,CF (ItemKNN),0.0,0.0
AHYN6Q5FYHPXLI7G3FRRJ7C2TTXA,Content (Avg Emb),0.0,0.0
AHYN6Q5FYHPXLI7G3FRRJ7C2TTXA,Last-Item,0.0,0.0
AHYN6Q5FYHPXLI7G3FRRJ7C2TTXA,Avg-Last-10,0.0,0.0
AHYN6Q5FYHPXLI7G3FRRJ7C2TTXA,Recency-Weighted,0.0,0.0
AHYN6Q5FYHPXLI7G3FRRJ7C2TTXA,Essence (K=10),0.0,0.0
AHYPZ7KDLCA6DMBJDVUCRNFGMLUQ,Random,0.0,0.0
AHYPZ7KDLCA6DMBJDVUCRNFGMLUQ,Popularity,0.0,0.0
AHYPZ7KDLCA6DMBJDVUCRNFGMLUQ,CF (ItemKNN),0.0,0.0
AHYPZ7KDLCA6DMBJDVUCRNFGMLUQ,Content (Avg Emb),0.0,0.0
AHYPZ7KDLCA6DMBJDVUCRNFGMLUQ,Last-Item,0.07142857142857142,0.5
AHYPZ7KDLCA6DMBJDVUCRNFGMLUQ,Avg-Last-10,0.0,0.0
AHYPZ7KDLCA6DMBJDVUCRNFGMLUQ,Recency-Weighted,0.0,0.0
AHYPZ7KDLCA6DMBJDVUCRNFGMLUQ,Essence (K=10),0.0,0.0
AHYR4SLZFIWQGWJYVGHYYPLDCEQQ,Random,0.0,0.0
AHYR4SLZFIWQGWJYVGHYYPLDCEQQ,Popularity,0.0,0.0
AHYR4SLZFIWQGWJYVGHYYPLDCEQQ,CF (ItemKNN),0.0,0.0
AHYR4SLZFIWQGWJYVGHYYPLDCEQQ,Content (Avg Emb),0.0,0.0
AHYR4SLZFIWQGWJYVGHYYPLDCEQQ,Last-Item,0.0,0.0
AHYR4SLZFIWQGWJYVGHYYPLDCEQQ,Avg-Last-10,0.0,0.0
AHYR4SLZFIWQGWJYVGHYYPLDCEQQ,Recency-Weighted,0.0,0.0
AHYR4SLZFIWQGWJYVGHYYPLDCEQQ,Essence (K=10),0.0,0.0
AHYRJ3OE7KHYNWMSOTJLM4ULR77Q,Random,0.0,0.0
AHYRJ3OE7KHYNWMSOTJLM4ULR77Q,Popularity,0.0,0.0
AHYRJ3OE7KHYNWMSOTJLM4ULR77Q,CF (ItemKNN),0.0,0.0
AHYRJ3OE7KHYNWMSOTJLM4ULR77Q,Content (Avg Emb),0.0,0.0
AHYRJ3OE7KHYNWMSOTJLM4ULR77Q,Last-Item,0.0,0.0
AHYRJ3OE7KHYNWMSOTJLM4ULR77Q,Avg-Last-10,0.0,0.0
AHYRJ3OE7KHYNWMSOTJLM4ULR77Q,Recency-Weighted,0.0,0.0
AHYRJ3OE7KHYNWMSOTJLM4ULR77Q,Essence (K=10),0.0,0.0
AHYRP2WDSE7O3Y4NUUBHRWLC3I2Q,Random,0.0,0.0
AHYRP2WDSE7O3Y4NUUBHRWLC3I2Q,Popularity,0.0,0.0
AHYRP2WDSE7O3Y4NUUBHRWLC3I2Q,CF (ItemKNN),0.0,0.0
AHYRP2WDSE7O3Y4NUUBHRWLC3I2Q,Content (Avg Emb),0.0,0.0
AHYRP2WDSE7O3Y4NUUBHRWLC3I2Q,Last-Item,0.0,0.0
AHYRP2WDSE7O3Y4NUUBHRWLC3I2Q,Avg-Last-10,0.0,0.0
AHYRP2WDSE7O3Y4NUUBHRWLC3I2Q,Recency-Weighted,0.0,0.0
AHYRP2WDSE7O3Y4NUUBHRWLC3I2Q,Essence (K=10),0.0,0.0
AHYTX5ULPQZXZ2QD3OYPZW4IJCKA,Random,0.0,0.0
AHYTX5ULPQZXZ2QD3OYPZW4IJCKA,Popularity,0.0,0.0
AHYTX5ULPQZXZ2QD3OYPZW4IJCKA,CF (ItemKNN),0.0,0.0
AHYTX5ULPQZXZ2QD3OYPZW4IJCKA,Content (Avg Emb),0.0,0.0
AHYTX5ULPQZXZ2QD3OYPZW4IJCKA,Last-Item,0.0,0.0
AHYTX5ULPQZXZ2QD3OYPZW4IJCKA,Avg-Last-10,0.0,0.0
AHYTX5ULPQZXZ2QD3OYPZW4IJCKA,Recency-Weighted,0.0,0.0
AHYTX5ULPQZXZ2QD3OYPZW4IJCKA,Essence (K=10),0.16666666666666666,0.0
AHYUGLGGO7PTTMBVT5XQ4RLJPOMQ,Random,0.0,0.0
AHYUGLGGO7PTTMBVT5XQ4RLJPOMQ,Popularity,0.0,0.0
AHYUGLGGO7PTTMBVT5XQ4RLJPOMQ,CF (ItemKNN),0.0,0.0
AHYUGLGGO7PTTMBVT5XQ4RLJPOMQ,Content (Avg Emb),0.0,0.0
AHYUGLGGO7PTTMBVT5XQ4RLJPOMQ,Last-Item,0.0,0.0
AHYUGLGGO7PTTMBVT5XQ4RLJPOMQ,Avg-Last-10,0.0,0.0
AHYUGLGGO7PTTMBVT5XQ4RLJPOMQ,Recency-Weighted,0.0,0.0
AHYUGLGGO7PTTMBVT5XQ4RLJPOMQ,Essence (K=10),0.0,0.0
AHYZUSXC6UD7O7OCOJZI6X2QP6BA,Random,0.0,0.0
AHYZUSXC6UD7O7OCOJZI6X2QP6BA,Popularity,0.0,0.0
AHYZUSXC6UD7O7OCOJZI6X2QP6BA,CF (ItemKNN),0.0,0.0
AHYZUSXC6UD7O7OCOJZI6X2QP6BA,Content (Avg Emb),0.0,0.0
AHYZUSXC6UD7O7OCOJZI6X2QP6BA,Last-Item,0.0,0.0
AHYZUSXC6UD7O7OCOJZI6X2QP6BA,Avg-Last-10,0.0,0.0
AHYZUSXC6UD7O7OCOJZI6X2QP6BA,Recency-Weighted,0.0,0.0
AHYZUSXC6UD7O7OCOJZI6X2QP6BA,Essence (K=10),0.0,0.0
AHZ2XHXAAWYC2KRKXM3USBZL7C5Q,Random,0.0,0.0
AHZ2XHXAAWYC2KRKXM3USBZL7C5Q,Popularity,0.0,0.0
AHZ2XHXAAWYC2KRKXM3USBZL7C5Q,CF (ItemKNN),0.0,0.0
AHZ2XHXAAWYC2KRKXM3USBZL7C5Q,Content (Avg Emb),0.0,0.0
AHZ2XHXAAWYC2KRKXM3USBZL7C5Q,Last-Item,0.0,0.0
AHZ2XHXAAWYC2KRKXM3USBZL7C5Q,Avg-Last-10,0.0,0.0
AHZ2XHXAAWYC2KRKXM3USBZL7C5Q,Recency-Weighted,0.0,0.0
AHZ2XHXAAWYC2KRKXM3USBZL7C5Q,Essence (K=10),0.0,0.0
AHZEDKV3PSD36NO4AEC5GCLE3GRQ,Random,0.0,0.0
AHZEDKV3PSD36NO4AEC5GCLE3GRQ,Popularity,0.0,0.0
AHZEDKV3PSD36NO4AEC5GCLE3GRQ,CF (ItemKNN),0.0,0.0
AHZEDKV3PSD36NO4AEC5GCLE3GRQ,Content (Avg Emb),0.0,0.0
AHZEDKV3PSD36NO4AEC5GCLE3GRQ,Last-Item,0.0,0.0
AHZEDKV3PSD36NO4AEC5GCLE3GRQ,Avg-Last-10,0.0,0.0
AHZEDKV3PSD36NO4AEC5GCLE3GRQ,Recency-Weighted,0.0,0.0
AHZEDKV3PSD36NO4AEC5GCLE3GRQ,Essence (K=10),0.0,0.0
AHZFB3BH5VENRYAFHBJPADWMKUNA,Random,0.0,
AHZFB3BH5VENRYAFHBJPADWMKUNA,Popularity,0.0,
AHZFB3BH5VENRYAFHBJPADWMKUNA,CF (ItemKNN),0.0,
AHZFB3BH5VENRYAFHBJPADWMKUNA,Content (Avg Emb),0.0,
AHZFB3BH5VENRYAFHBJPADWMKUNA,Last-Item,0.5,
AHZFB3BH5VENRYAFHBJPADWMKUNA,Avg-Last-10,0.0,
AHZFB3BH5VENRYAFHBJPADWMKUNA,Recency-Weighted,0.0,
AHZFB3BH5VENRYAFHBJPADWMKUNA,Essence (K=10),0.0,
AHZG66YIJOOWNIRABEC63BOHEEPQ,Random,0.0,0.0
AHZG66YIJOOWNIRABEC63BOHEEPQ,Popularity,0.0,0.0
AHZG66YIJOOWNIRABEC63BOHEEPQ,CF (ItemKNN),0.0,0.0
AHZG66YIJOOWNIRABEC63BOHEEPQ,Content (Avg Emb),0.0,0.0
AHZG66YIJOOWNIRABEC63BOHEEPQ,Last-Item,0.0,0.0
AHZG66YIJOOWNIRABEC63BOHEEPQ,Avg-Last-10,0.0,0.0
AHZG66YIJOOWNIRABEC63BOHEEPQ,Recency-Weighted,0.0,0.0
AHZG66YIJOOWNIRABEC63BOHEEPQ,Essence (K=10),0.0,0.0
AHZHAKSHUBW5LWZUIHUFMIW76HKA,Random,0.0,0.0
AHZHAKSHUBW5LWZUIHUFMIW76HKA,Popularity,0.0,0.0
AHZHAKSHUBW5LWZUIHUFMIW76HKA,CF (ItemKNN),0.0,0.0
AHZHAKSHUBW5LWZUIHUFMIW76HKA,Content (Avg Emb),0.0,0.0
AHZHAKSHUBW5LWZUIHUFMIW76HKA,Last-Item,0.0,0.0
AHZHAKSHUBW5LWZUIHUFMIW76HKA,Avg-Last-10,0.0,0.0
AHZHAKSHUBW5LWZUIHUFMIW76HKA,Recency-Weighted,0.0,0.0
AHZHAKSHUBW5LWZUIHUFMIW76HKA,Essence (K=10),0.0,0.0
AHZMVM7Q74J23RR2VBHYJRQCJLBA,Random,0.0,0.0
AHZMVM7Q74J23RR2VBHYJRQCJLBA,Popularity,0.0,0.0
AHZMVM7Q74J23RR2VBHYJRQCJLBA,CF (ItemKNN),0.0,0.0
AHZMVM7Q74J23RR2VBHYJRQCJLBA,Content (Avg Emb),0.0,0.0
AHZMVM7Q74J23RR2VBHYJRQCJLBA,Last-Item,0.0,0.0
AHZMVM7Q74J23RR2VBHYJRQCJLBA,Avg-Last-10,0.0,0.0
AHZMVM7Q74J23RR2VBHYJRQCJLBA,Recency-Weighted,0.0,0.0
AHZMVM7Q74J23RR2VBHYJRQCJLBA,Essence (K=10),0.0,0.0
AHZQPSHEYJODQN7UT4LCW6IY77VQ,Random,0.0,0.0
AHZQPSHEYJODQN7UT4LCW6IY77VQ,Popularity,0.0,0.0
AHZQPSHEYJODQN7UT4LCW6IY77VQ,CF (ItemKNN),0.0,0.0
AHZQPSHEYJODQN7UT4LCW6IY77VQ,Content (Avg Emb),0.0,0.0
AHZQPSHEYJODQN7UT4LCW6IY77VQ,Last-Item,0.0,0.0
AHZQPSHEYJODQN7UT4LCW6IY77VQ,Avg-Last-10,0.0,0.0
AHZQPSHEYJODQN7UT4LCW6IY77VQ,Recency-Weighted,0.0,0.0
AHZQPSHEYJODQN7UT4LCW6IY77VQ,Essence (K=10),0.0,0.0
AHZTBWAQJCFN3OK33YJPOWXRFPAQ,Random,0.0,0.0
AHZTBWAQJCFN3OK33YJPOWXRFPAQ,Popularity,0.0,0.0
AHZTBWAQJCFN3OK33YJPOWXRFPAQ,CF (ItemKNN),0.0,0.0
AHZTBWAQJCFN3OK33YJPOWXRFPAQ,Content (Avg Emb),0.0,0.0
AHZTBWAQJCFN3OK33YJPOWXRFPAQ,Last-Item,0.0,0.0
AHZTBWAQJCFN3OK33YJPOWXRFPAQ,Avg-Last-10,0.0,0.0
AHZTBWAQJCFN3OK33YJPOWXRFPAQ,Recency-Weighted,0.0,0.0
AHZTBWAQJCFN3OK33YJPOWXRFPAQ,Essence (K=10),0.0,0.0
AHZU3I6ZY2OETMYY7QPBRWWOQH2A,Random,0.0,0.0
AHZU3I6ZY2OETMYY7QPBRWWOQH2A,Popularity,0.0,0.0
AHZU3I6ZY2OETMYY7QPBRWWOQH2A,CF (ItemKNN),0.0,0.0
AHZU3I6ZY2OETMYY7QPBRWWOQH2A,Content (Avg Emb),0.0,0.0
AHZU3I6ZY2OETMYY7QPBRWWOQH2A,Last-Item,0.0,0.0
AHZU3I6ZY2OETMYY7QPBRWWOQH2A,Avg-Last-10,0.0,0.0
AHZU3I6ZY2OETMYY7QPBRWWOQH2A,Recency-Weighted,0.0,0.0
AHZU3I6ZY2OETMYY7QPBRWWOQH2A,Essence (K=10),0.0,0.0
