user_id,tier,essence_recall@10,recency_recall@10,essence_lt@10,recency_lt@10
AE22B2ANHYAO5UEY2ES44UULE3MA,low,0.0,0.0,0.0,0.0
AE22PJ54OVIRX3I6KSLMPRHPHA4A,low,0.2,0.0,1.0,0.0
AE246EXD4ELOLCO2E5SBMCLTGBZA,high,0.0,0.0,0.0,0.0
AE2AQKVYASF4ETBTWDGLLTDQO7OQ,high,0.0,0.0,,
AE2DLPD6BJSMRRM4TKY73HVMGIIQ,high,0.0,0.0,0.0,0.0
AE2EM4N53O2MBQZDO7HCDDDS7ENQ,high,0.2,0.1,0.5,0.0
AE2HIVUPHW24NGXO3Z4H242GEXMA,medium,0.0,0.0,,
AE2IKH73QTZNJC6252DYBDU6FG5Q,medium,0.0,0.0,0.0,0.0
AE2NVVV2V7YPI3FKKIQVJ2HV3LRA,low,0.0,0.0,0.0,0.0
AE2OV7ZHJHMWUYNHVYXQIFIKJRUA,medium,0.0,0.0,,
AE2QUTTHOYRCGPDMEWXS7KONPHIA,high,0.0,0.0,0.0,0.0
AE2RLTSZH3VQJ56DHRKPVD3PN3GA,high,0.0,0.1111111111111111,0.0,0.0
AE2T2N27BPZPMLWGPYDN36WSMMNQ,low,0.0,0.0,0.0,0.0
AE2W3LIVLBGYFXKV3IJHUIISCTMA,medium,0.0,0.0,,
AE2WHEDM37BCLZ3JZ7243F5LWPAA,low,0.0,0.0,0.0,0.0
AE2YCD3VFV37AJGQTVPJSPELUEAQ,medium,0.0,0.0,0.0,0.0
AE2ZUXNTUHBVHVQHK4WXFAUDSRBA,high,0.0,0.16666666666666666,0.0,0.0
AE33M3VCZVO73BZSJJE2FISKH5PA,medium,0.0,0.0,0.0,0.0
AE33ZI6SE6DTIUCGWRJKPGUINHMQ,high,0.0,0.0,,
AE35UUR244KJAQBB2DSS4DSGYALA,low,0.0,0.0,0.0,0.0
AE35YU4J47VU5YUOM363CB66XYEQ,high,0.14285714285714285,0.14285714285714285,0.0,0.0
AE36CG34JACRW2PJNZMHG77G7ZQQ,medium,0.0,0.0,0.0,0.0
AE37HZEVR5HEOOICLGRTYKDGLIXQ,medium,0.0,0.0,,
AE3BREF53CVP7AWMWGASOXY4IXHQ,low,0.0,0.0,0.0,0.0
AE3BRK3TKP2BMMTEVTFFFP4MWORA,high,0.0,0.0,,
AE3FB36HCQWBPNJMNR32OZF7R2VA,medium,0.0,0.0,,
AE3GFH2E2YRWOY3SITII4I626CHA,medium,0.0,0.0,,
AE3H6RAJ7XRY7FNNGGKM4RSFVELQ,high,0.16666666666666666,0.0,0.0,0.0
AE3K2OXLWBNC5ZNATW5R4D6MBHEQ,high,0.0,0.0,0.0,0.0
AE3K46F3D2L2PVPRVS2ZVGC5YPVQ,high,0.0,0.0,0.0,0.0
AE3K6X64XRJ2ULL6W2D6SLLW7WFA,low,0.0,0.0,,
AE3M2VAZQRK7BRNF24WBPLYWW2NA,medium,0.5,0.0,0.0,0.0
AE3ROSUFQMZSUWMRUGOEBKTGWCZA,low,0.0,0.0,0.0,0.0
AE3W3UEUDDSPYSYU74Z54Z5RMMYA,high,0.0,0.0,0.0,0.0
AE3WG2GDDQUDL46JBBJBQQ6WLYJQ,low,0.0,0.0,0.0,0.0
AE3YWQOAWZMF5SOY2OK5EDB3NMHA,low,0.0,0.0,0.0,0.0
AE3Z5SAHBOKKNBMWMXGKQCQ6355Q,medium,0.2,0.0,,
AE3ZLPQSQOQ5NUVKQ6BIU2WEUSTQ,medium,0.0,0.0,0.0,0.0
AE3ZM5A66ZMRTKETOBYU6I6R2BMQ,low,0.0,0.0,0.0,0.0
AE46MGZBHD7HMURCXEXNB2UYHMXA,low,0.0,0.0,0.0,0.0
AE46VKTQQFQ2I7AOH4RPKC4X7KJQ,medium,0.0,0.0,0.0,0.0
AE47I23PECQDARGWLKIPLYAIEBYQ,medium,0.0,0.0,0.0,0.0
AE4CMJUAWVPILVKQYDPAQDPCVZGA,high,0.09090909090909091,0.0,0.0,0.0
AE4DKNPPMHNBVGXFNG5RX7WMRSWQ,high,0.0,0.0,0.0,0.0
AE4DLC73C5EAZ45DPJT5MUHKSAKA,low,0.14285714285714285,0.0,0.0,0.0
AE4K3SU5YJEWRCEQLR7SHROOK7EA,high,0.3333333333333333,0.3333333333333333,,
AE4KNKLYVYDAYFBRORPPJWBKSNNA,low,0.0,0.0,0.0,0.0
AE4LSIW3GD2RFOJBPF5L2RIZALQQ,medium,0.0,0.0,0.0,0.0
AE4NM3XZ2AHMUTNCBM75OKOQIRRQ,medium,0.0,0.0,,
AE4OOMTWEFD5KQ7FE77YC4ZPIRIQ,low,0.25,0.0,,
AE4QJNMB4NSQTCXSE4MY355PADCA,low,0.0,0.0,0.0,0.0
AE4QQJIPUS2WLCFGUIODI4BVIXKA,medium,0.0,0.0,0.0,0.0
AE4SQ3PKWMMLYQLNVHOUOF3B63QA,low,0.0,0.0,0.0,0.0
AE4VPWGVAWNNGAK46ECJDA2RVSBA,low,0.0,0.0,,
AE4WZA3U5F5USDZHUTYHJKAQHG5Q,low,0.0,0.0,,
AE4XQAEPIT2O7LGNGP55JBL4JUGA,low,0.0,0.0,0.0,0.0
AE4Y6DHH3HZIU3OZ25767BLNWVTA,low,0.0,0.0,0.0,0.0
AE54LSEB5LBUTS4O4DS3UEPYUT3A,low,0.0,0.0,0.0,0.0
AE57RTULWPTYP3L6FD4RJDAZ2OJA,high,0.0,0.0,,
AE5ADAXQC4LQJXJOU2P6ZZD5AY4A,low,0.0,0.0,0.0,0.0
AE5CCQUB3TZTVAKMCRN6QOXO4H6A,low,0.0,0.0,,
AE5D5MVWXSV7OUWK6TZDO2KNZMHQ,medium,0.0,0.0,,
AE5DQJK2HYRILFZZGNLTREWFCWIQ,high,0.25,0.25,1.0,0.0
AE5ELIB45LPFP6HHMHLOQZEZSBQA,medium,0.0,0.0,0.0,0.0
AE5FQTHBFCBIIASMIQK2HGLPMJQA,medium,0.0,0.0,,
AE5GQLZFFP636LI7JUVC72KSIT7A,high,0.0,0.10344827586206896,0.0,0.0
AE5I45Z7NYVVERUVQQYDTCSDKETA,medium,0.0,0.0,0.0,0.0
AE5INRAIGFDNXPWT5LNVJEEAAHBQ,low,0.0,0.0,,
AE5LOIAKKAVCDE6OK7PHDTGZRYKQ,medium,0.4444444444444444,0.0,0.0,0.0
AE5MER3IFPMOXQCA3TDZRTS4KK2Q,medium,0.0,0.0,0.0,0.0
AE5NEHHZMHMNBXDYLO32MSUV2AFQ,medium,0.2,0.0,0.0,0.0
AE5OXUPADX5CISBGFTDAM3BNWQVA,high,0.2222222222222222,0.0,,
AE5SRUWVZVVC43MFVU4URVGGOZ5A,medium,0.0,0.0,,
AE5VAEG6LK7HHENJRBZ6G6M5GXWQ,medium,0.0,0.0,0.0,0.0
AE5VEKLDCAPEE56HCXKEDI26IGYA,medium,0.25,0.0,,
AE5XRPWFZWNCWPST7L3ZXRG44CAA,low,0.0,0.0,0.0,0.0
AE5Y732QCMVAZKGBWMMZ23TNVJFA,medium,0.0,0.0,0.0,0.0
AE5ZBQXULI5HTK4HCISK2YOIC5EA,low,0.0,0.0,0.0,0.0
AE63LPS66AQ7GHNG2YZWB2PAAO5A,medium,0.0,0.0,0.0,0.0
AE65J3QI4AE6R6VMJDM2GELREEUA,high,0.0,0.0,0.0,0.0
AE6BST5BDADSDX5TZMYYOPD5AUHQ,high,0.0,0.0,,
AE6CRX7IWU5TDZGKVB25DXUHXOVA,low,0.0,0.0,,
AE6GVVZZE6XC6ZJXUZW7SOOSRBFA,medium,0.0,0.0,,
AE6JDZAGQO33PLVP3ZL5QPT2Q4CQ,high,0.75,0.75,1.0,1.0
AE6NLFIUPPFBF6EVKF2EL6A4HZGA,high,0.0,0.0,0.0,0.0
AE6NVL42WS53YKTQNTPXKLWMS5VQ,high,0.0,0.0,0.0,0.0
AE6OYHDR6NW5J2366OZU2RE6BLNQ,low,0.0,0.0,,
AE6Q5ZH5IDCTLARX7VUZD7XFEBHQ,low,0.0,0.0,0.0,0.0
AE6QPUBF4UXY6ZYCVN5WBDCLBQVQ,low,0.0,0.0,0.0,0.0
AE6UGV5KCJMQEHMDAJOWKXWXQ4JQ,low,0.0,0.0,0.0,0.0
AE6XHHCIFNE7MI4QL3ELGTQIE27A,medium,0.0,0.0,0.0,0.0
AE6Y7WEWKDCDPORDRLI7MDEMNL4A,medium,0.0,0.0,0.0,0.0
AE72BPNMDHQGTOOWNIWG4DECT5JQ,high,0.0,0.0,0.0,0.0
AE73AAYUYUS2TJUIKC3EQQYSRMSQ,low,0.0,0.0,0.0,0.0
AE76IWAI3REBBR6WGQU5MGTNLTSA,high,0.1,0.1,0.0,0.0
AE7AZFE6SGSTENLOZC5SBS7VKOTQ,medium,0.0,0.0,0.0,0.0
AE7GYCYSPV76DQZL3HB4SOQVRZRQ,low,0.0,0.0,,
AE7JK3WNR6VVAAYCIG2LEMM3CBMA,high,0.16666666666666666,0.16666666666666666,0.5,0.5
AE7KY467DGG2A4C2CGGTXKPVOBOA,high,0.2,0.0,,
AE7L6TFFDGW4ABGV4TQ4ZBOABXTQ,high,0.1111111111111111,0.1111111111111111,0.0,0.0
AE7LHVMYVJ37S2AVVQ4VQ3AQDNOA,high,0.0,0.0,0.0,0.0
AE7LTIHE4GSUPFSWRPJUL7SDM46Q,high,0.0,0.0,,
AE7LXU7DY6CGEYYV2JBR4COC6VHA,low,0.0,0.0,0.0,0.0
AE7T2DM4EERFBGUOQCILDOQDGGXQ,high,0.0,0.0,,
AE7U6BWHJ4J6SOA2CYS7I2VGTRXQ,medium,0.0,0.0,0.0,0.0
AE7WNKLMEBUP26PCC4EDDAEJX2QA,medium,0.0,0.0,,
AE7YPKQ6JR22ADMFRAKUDIQAQ7UA,high,0.0,0.0,0.0,0.0
AEA3AXQQQCAPNAMOEQJ7BZ6CX7EQ,medium,0.0,0.0,,
AEA3KZ6LLULE6Y5MYIRWJCB7WV6A,high,0.0,0.0,0.0,0.0
AEACVCFAYZIVVG34BTH5TNPMQE3Q,medium,0.0,0.0,0.0,0.0
AEACWXABXEPPRWW2WZB3FUX3TFAA,medium,0.0,0.0,,
AEAD53JMZN2D2Z7FYODKEZRDSGMA,high,0.4,0.4,,
AEADOAFXCHKHEO6S4I57BSR357OQ,high,0.0,0.0,0.0,0.0
AEAEIQRBGYOU4CT45BBKXEFTMXZA,high,0.0,0.0,,
AEAFHND64VG3XQV73WIKWLTJ22AQ,low,0.0,0.14285714285714285,,
AEAIA64JG6KTJL6QMAEDZ3P5HIHA,medium,0.0,0.0,,
AEAIPSP2LKGUVSWG4T23NODV7XPA,medium,0.0,0.0,,
AEALFVNVTJLVRSCDDYDEZMY32JZA,low,0.0,0.0,0.0,0.0
AEAR2TC7VZCNLUVXVJGLO6UFOO4A,high,0.0,0.0,0.0,0.0
AEASGSGEVZF6LVKVUWTBWXQASJCA,low,0.0,0.0,0.0,0.0
AEAUSH3VFTWQDYQHJMCQ27D5GSSQ,medium,0.2,0.0,0.0,0.0
AEAV4HPBGBYILOGR6Z6VSYPXO43A,medium,0.2,0.0,0.0,0.0
AEAY663XMTCKO7Z5DVOYGKUDEQIA,low,0.0,0.0,0.0,0.0
AEB55SGRO4UZKR7IZ3XULM4EXOBQ,low,0.0,0.0,,
AEB6M5WFJ6OP4XBWE26HFOPOPWSA,low,0.0,0.0,0.0,0.0
AEB7OQTQTYJZLWL4UHEBS3MSOJUA,medium,0.0,0.0,0.0,0.0
AEB7PKMPG62G4NDDHHA7PMFYWPWA,high,0.0,0.0,,
AEBAOA6RPQHVB5IUJOA5CX2BFOKQ,high,0.42857142857142855,0.42857142857142855,0.0,0.0
AEBBG5VNNNKDL2ENT4LZGKFFOL7Q,medium,0.0,0.0,,
AEBBRFG6FGDXJHTQEBQ5BUG7R5EQ,high,0.25,0.25,0.0,0.0
AEBCYLNTBOYTOWX6TKT3NMM5BZFA,high,0.0,0.0,0.0,0.0
AEBDZUQ2FONI2T674OFNNDH3Q67Q,low,0.0,0.0,,
AEBEIMH65WDGYWRRT2XUTWT54VTA,medium,0.0,0.0,0.0,0.0
AEBFX66JP7X6UWGZKVVXGRWDFQJQ,low,0.0,0.0,0.0,0.0
AEBHJ5O7H4G754DPESWUGWF2ITZQ,low,0.0,0.0,,
AEBKAAZ3KYVZKGFIW5L6GNWGL5YA,low,0.0,0.0,0.0,0.0
AEBL4YEW3GSTAJDVOOSYML5RFVSA,medium,0.0,0.0,0.0,0.0
AEBMCEOEMQOOGO2CNXO7LHQFJCSQ,low,0.0,0.0,0.0,0.0
AEBPAO52PP5V5PUDF7V4FZEB3FKA,high,0.0,0.0,0.0,0.0
AEBVJOP7PCQQHSEFYJDYX3BGPNLQ,medium,0.0,0.0,,
AEBXIDB5P5IIEOCM7GF53QCS2WYQ,high,0.0,0.1111111111111111,0.0,0.0
AEBZL4LEXJB44S43WPCUYNIP2QAQ,low,0.1111111111111111,0.0,0.0,0.0
AEC2ABUVFJNWESLFYDWE4BA3FNCA,low,0.0,0.0,0.0,0.0
AEC2JZWPLGHZ2HXWRX5NWUHTWGHA,medium,0.0,0.0,,
AEC2TRXDG33HBLSQ7L7E7PCMXXOQ,high,0.0,0.0,,
AEC34O66ISFLJWJO7H5SJSJFOTKQ,low,0.0,0.0,0.0,0.0
AEC5LF53OQNEBJ7XY6Y45PSAULXQ,low,0.05263157894736842,0.0,0.0,0.0
AEC6F4EP5HEAJ5W3QONUX6N33MYA,low,0.0,0.0,0.0,0.0
AECBODH6OUSQUO5XD5FPYJ7DDLAA,high,0.0,0.08333333333333333,,
AECIZAGNE5FQOFI4R65L4HMQT5KQ,medium,0.0,0.0,,
AECJVXRIAN3JXLFHRCI67GGO5NLA,low,0.2,0.2,,
AECKD2N2Q5ADMWL2PDOOZTAPYRKA,medium,0.0,0.0,0.0,0.0
AECLQSW5XXN5FOYQVXFIRKHRG6SA,low,0.0,0.0,0.0,0.0
AECMECUW3SFVSJ7XMGVSOSE7IKKA,medium,0.0,0.0,,
AECMGKH4UFPCZANMILESOLTHLO5Q,low,0.0,0.0,,
AECNNOET4AKDOYAISZB22MAWU3YA,medium,0.0,0.0,0.0,0.0
AECPNHNQLJ2FOBVP75LN2GTCFL2Q,high,0.0,0.0,0.0,0.0
AECRDQRGBD33HSS7MCLZKGRCUHFA,high,0.0,0.0,0.0,0.0
AECXGB7IOAO4WMOE2XED3A2IDVRA,medium,0.0,0.0,0.0,0.0
AECXLP3HTDC5EKKNQB2SGPBPLBAA,medium,0.0,0.0,0.0,0.0
AECY6Z275YV4Q2UEMZLAPHBOSKCA,low,0.0,0.1111111111111111,,
AED2DL4LKLGDY5WCZLIQH5VECITA,high,0.25,0.25,0.5,0.5
AED3IALUODHLO2OCRTVTWPDBSFLQ,high,0.2,0.2,,
AED3IOH2VGHGUYCXGZVSQPCYDXOQ,medium,0.0,0.0,0.0,0.0
AED3OD5PW5HU5GXN3OF74NH7CFMA,low,0.0,0.0,0.0,0.0
AED5DGL4SJMXK6GYRGA3EMOUVXGQ,medium,0.0,0.0,0.0,0.0
AED6IGMCLSY57LXYHXEABBMHN3GQ,low,0.0,0.0,0.0,0.0
AEDAU3TS7GIYDQKGHTVJ5L2EFF7A,medium,0.0,0.0,,
AEDCSJIZR7GKBDNTRN65WXEOWL7Q,high,0.09090909090909091,0.09090909090909091,0.0,0.0
AEDFGMKJJ56IKF4ZS627AE3XN3AQ,low,0.0,0.0,,
AEDIORD6KJTCR6Q5PSSHFEYW3JLA,medium,0.0,0.0,0.0,0.0
AEDKFNXTW7PSLOLSSUMDMSAR7FJQ,high,0.5,0.5,,
AEDL3N6AUZBKSNTYCKW7XB6X6QLQ,medium,0.0,0.0,0.0,0.0
AEDN2RZOA5F2FIHWCXBEFDJ3HUMA,high,0.0,0.0,0.0,0.0
AEDOLPSSSZVHSZUWNY2QI3Y4MO6A,high,0.0,0.2,0.0,0.0
AEDPCCIMO6666TK2JQCGTFFAGVNA,low,0.0,0.0,0.0,0.0
AEDUX32KZDTMYL7IWYV6PQKLVPMQ,medium,0.0,0.0,,
AEDXYPOWKSDDJT425VB7GUTCNEJQ,medium,0.16666666666666666,0.16666666666666666,0.3333333333333333,0.3333333333333333
AEDZCAVGUYPQ5XKJNEB7PMU3ILFQ,medium,0.0,0.0,0.0,0.0
AEDZL4GYBLLT6B4UXUO75YDGDGOA,medium,0.0,0.0,0.0,0.0
AEDZR5FJ47OGBESU24EU3ADE5AVA,high,0.0,0.0,,
AEE2ADYBYSVFNVGF5TS3YCJO67EQ,high,0.0,0.0,,
AEE2N2Q6SVBHN4SQK7HBBSQXKCYQ,high,0.0,0.0,0.0,0.0
AEE2TME4PENMHZNQLLMX7ZRZY36A,medium,0.0,0.0,,
AEE3KEEXVXWYMTIQAYNMNY3XH5ZQ,low,0.0,0.0,,
AEE4AKVTOT5ZBRKIGNEFXAXZ6RPQ,high,0.0,0.0,0.0,0.0
AEE4VVA7GP4BJOCMDIGSBP3ML2XA,medium,0.0,0.0,,
AEE6SEUGLNWIIFTKK3SGOMJCO2PQ,low,0.0,0.0,0.0,0.0
AEEDHH7TDGKZADNC23IPALPVQLUA,medium,0.0,0.0,0.0,0.0
AEEDXXTTCBFT7ICXSPEPZEDHZN7Q,low,0.0,0.0,0.0,0.0
AEEEC7RIMUQSPE46PTKIKYNDBVVQ,low,0.0,0.0,0.0,0.0
AEEJG224ODAHQUXEQ4YHWBMWD4NA,medium,0.0,0.0,0.0,0.0
AEEMSAQMRBD6CWT5YQWMQI7FD5TA,high,0.0,0.0,0.0,0.0
AEENSLZS6WAJQE7GRMNHI74TIYYA,medium,0.0,0.0,0.0,0.0
AEEPMZHIUVLFDDJ7YTDROBZC56FQ,low,0.0,0.0,0.0,0.0
AEEQ7JY43QGOJAEXXHIYT5ZYA5KQ,low,0.0,0.0,,
AEEQSLAASMOGI7YGIRQ75DLPXI3A,low,0.25,0.25,0.0,0.0
AEEZH77THQPNLI7C3CLAR2JYZFFA,medium,0.0,0.0,0.0,0.0
AEF74H6LULUPWNEAJNDXYPPP7BVA,medium,0.09090909090909091,0.0,1.0,0.0
AEF7AGMEEWB5BUAWGYTHQAUWVGAA,medium,0.0,0.0,0.0,0.0
AEFAS5MVP7PSGTQ3EEYOBEMARC5Q,low,0.0,0.0,0.0,0.0
AEFGLZUYCRL3CJ6VCKEAVR2FLJKA,medium,0.0,0.0,0.0,0.0
AEFHLV4ARXJVCHA4C5ULSU2XWD6A,low,0.0,0.0,0.0,0.0
AEFQ772B2BBJXJSLZOS5OXY4CZFQ,high,0.0,0.0,,
AEFV3WCVIUJO2NPB7TQVGRU75FMQ,medium,0.0,0.0,,
AEFVHMYAWUNVLGD6KWZYOS4IWTPQ,high,0.0,0.0,,
AEFVMRR7LZHI56YKY2U5FORPMORQ,low,0.0,0.0,0.0,0.0
AEFXNGPCCBTAC3UGAJBMPJTVLX7Q,medium,0.0,0.0,,
AEFZ75LVLV4B33UL3MIXWLMLY7CA,low,0.0,0.0,0.0,0.0
AEFZAK7WLY7357P3W26BJEBO6JXA,medium,0.0,0.0,0.0,0.0
AEFZOXSNMTJGD7UALLAMW4Q6X56A,low,0.0,0.0,,
AEG2SFV7DI3OQPZZYQWW5BZZKE4A,low,0.0,0.0,0.0,0.0
AEG6OADVFNVFA4GYNAP3C325KBPQ,low,0.0,0.0,,
AEGEMALNUPZB7XT5DRTFG2BK43NA,high,0.0,0.0,0.0,0.0
AEGGCH3X6DE54XLFFJQXTIKT6DVA,medium,0.2,0.2,0.0,0.0
AEGI7EFPY2TUFUPCWWC3LNHJAJXA,medium,0.0,0.0,,
AEGK6KN7PGY6BZIEJSYG6IVIAMHQ,high,0.0,0.0,0.0,0.0
AEGMYQCOSY52BKEFZNPDT3SMPVWQ,high,0.0,0.0,,
AEGN2YROLIFU6HGVVUIWIMDQW5XQ,low,0.0,0.0,0.0,0.0
AEGNANKC3RYGEIV675Z2PI4FMUQQ,high,0.1,0.0,0.0,0.0
AEGS6KPGOICGJQ6NPQOM7B6524AQ,medium,0.1,0.1,,
AEGVEV6BQPHUPLGYCBH6B7QQJVZA,low,0.0,0.125,0.0,0.0
AEGVXN6EMN2ICM7L6PEFZGMKPC6A,medium,0.0,0.0,0.0,0.0
AEGWHDRXSDWY5B4MVSPGKHZ6QR4Q,high,0.16666666666666666,0.0,0.0,0.0
AEGXNR7OZE66DLSZUATYLGMR65HA,low,0.2,0.2,,
AEGY43MCQZNE2Z4LPZQEDMT6HAYQ,low,0.0,0.0,,
AEGZNQ3KODWLFERCG43US2IL4ULQ,medium,0.0,0.0,0.0,0.0
AEH22VUHLFDCOEKGV72GKRLO4YHQ,medium,0.0,0.0,0.0,0.0
AEH5RXOZPHEMCWTHKM7DILBU5QEA,high,0.0,0.0,0.0,0.0
AEH5T6MBIZ3A7GJG3YDPXGBMTJWA,low,0.0,0.07142857142857142,0.0,0.0
AEHBJ53LW6QNARQ3NU2DXVUBFL5A,low,0.1,0.05,0.0,0.0
AEHIE5MWPPNDM7IQWSDBG3KSBDIQ,medium,0.0,0.0,0.0,0.0
AEHO43EZDFMG4EUGPQBPUTZSBL4A,high,0.0,0.0,0.0,0.0
AEHQYOCSFR67CNT3KLB7FN3Y2LZA,medium,0.0,0.0,0.0,0.0
AEHRE3HNWPSC5S6ASK6I6AG5RTRQ,high,0.1111111111111111,0.0,,
AEHY2BMYV6JYDL57WRMTOABD6MAA,medium,0.0,0.0,0.0,0.0
AEHYF327BKFXPLQJNXAGX5ONJXXQ,high,0.0,0.0,0.0,0.0
AEI5PUPUNUXW55XM76C2H4VAUCGA,high,0.0,0.0,0.0,0.0
AEI6HNYUIYYNLV2TGAUCV6UXNSTQ,medium,0.0,0.0,0.0,0.0
AEIAPGN4FXB5OQQDIIUSV7LCHEXQ,medium,0.2,0.4,0.0,1.0
AEIDBNTQNM2DPWWOXVTZRAQSJRBQ,medium,0.0,0.0,,
AEII6QWZGMDSMY3CGFOIIT7W7EIA,high,0.0,0.0,,
AEIIIWDWTUIGZRRMJJJUV3RGYE3Q,high,0.0,0.0,0.0,0.0
AEIJ3NXKEBFOTZWJDY2HE4DUO4GQ,low,0.0,0.0,0.0,0.0
AEIK43DAKRD5YEAPEYJVIXNQ3QLA,low,0.0,0.0,,
AEIKGDSNOGKKRZLTTY6J2N5K2RTA,low,0.0,0.0,0.0,0.0
AEINLBNDASIBDLKDQFG7WZSOPV4Q,high,0.0,0.0,,
AEIOMSFYVC72HI3PAPU7XT3ISFWQ,high,0.07692307692307693,0.07692307692307693,,
AEIREM7EBFOI67IQTEKJ7QCQSE4Q,low,0.0,0.25,0.0,0.0
AEIRZ4UOLWJ3HQC3W4PN26JACB4Q,low,0.0,0.0,0.0,0.0
AEIXIM6U5SVZM27YLCYKWZNR4SHQ,medium,0.0,0.0,,
AEJ3EHJIHMPU6QBFJ76M77I2UDGA,high,0.0,0.0,,
AEJ3OS5CZLDGLOXYARQBC74CPVWQ,low,0.0,0.0,,
AEJ3TRK3QFXIFRT3YSQF4ZIDB3BA,medium,0.0,0.0,0.0,0.0
AEJ423W2LON2HY76JIZCJXZNDVKA,high,0.0,0.0,0.0,0.0
AEJ5P4THIYP3WVBFMY2ZYYJ77TAA,high,0.0,0.0,0.0,0.0
AEJ6CUTMK2FEJFXSFIUUAPWZZIDA,medium,0.0,0.0,,
AEJ6XYIXUZ7STUN56OSBXM6IRP5Q,medium,0.0,0.0,0.0,0.0
AEJ73CIY6R7MYAGGPYYXT45UOMCQ,low,0.0,0.0,0.0,0.0
AEJ74MD7R6762VHQISCQFN5ODLMQ,low,0.0,0.0,0.0,0.0
AEJATS34BFWLLPMDZCFNFQVMMU7Q,high,0.0,0.0,,
AEJDFBXPMTZQPNNRLI4D2KMPO7TQ,medium,0.0,0.0,0.0,0.0
AEJDWMZ5F3VT5BKBDD62OQFZHKMQ,medium,0.0,0.0,,
AEJH4SFNLYVBIQ2DQ3GVXGOJ5TNA,high,0.0,0.0,,
AEJII7ZQIX3B6QYBJCJRF7FBIAYQ,high,0.0,0.0,0.0,0.0
AEJJCIBOKMQDIH4IQQ2BJBTPQW2A,high,0.0,0.0,,
AEJK5ZSU76HVQ5I4U4XCOSWILPTQ,low,0.0,0.0,0.0,0.0
AEJPA2LN7GNXVOZVNBRLHUVOVNUQ,low,0.0,0.0,0.0,0.0
AEJPMQEDA5XMPM4RS7SDVDRRJSYA,medium,0.0,0.0,0.0,0.0
AEJPRDXVKIIZXJPNOXVMODV3DLFA,medium,0.0,0.0,,
AEJZ7EN262RHUP2BAHSDJCAJDPFA,high,0.0,0.0,0.0,0.0
AEK45SR5YMUDSQJ7UR56R5BACL3A,medium,0.25,0.0,,
AEK46AAA6FPD4XOVMGT7PJSYYHKA,medium,0.0,0.0,0.0,0.0
AEK52QLBSNNYZ7ESGCFNYVX5VMGQ,medium,0.0,0.0,,
AEKAKSQAHYRHGS3HFJWKNOMAR7EA,medium,0.0,0.0,0.0,0.0
AEKBUHJJMYOQHQ5GKRU4U56ZB5BQ,high,0.0,0.0,0.0,0.0
AEKHHBB7LPSXVVST3ISDZEW7TXJQ,medium,0.0,0.0,,
AEKJ5LP6QQX3NOWS5DIN333PRUFA,medium,0.0,0.0,,
AEKK4ZGGLMUDLTNOXA6HRBTSJXVQ,low,0.0,0.0,0.0,0.0
AEKKJPCVZPMYVLFNRH657RGCYWAA,medium,0.0,0.0,0.0,0.0
AEKKSQX5ABU6G5PL6J4P7ERJ2B6Q,low,0.0,0.0,0.0,0.0
AEKLGCC4SEUXF2S2XOMRFQADZCNA,medium,0.0,0.0,0.0,0.0
AEKMEQ47R54SWDIQSNHM5KARW4DQ,high,0.16666666666666666,0.6666666666666666,,
AEKOIEEHZQ75CVIUPXF3MM6Z5T3Q,high,0.0,0.0,,
AEKPPTLSXECAQ355Y73CWESUSG7Q,high,0.0,0.2,,
AEKPV4AG4ATA6R5ECVJVY6JPSLMA,low,0.0,0.0,0.0,0.0
AEKUHGRPRBNM6XGRYCV6PNYGUE5Q,high,0.1111111111111111,0.1111111111111111,0.0,0.0
AEKX53STNRGNJ45OY63N3KAKQ4RA,high,0.0,0.0,0.0,0.0
AEL2VUYDTGB7VTQQ7INYO5DORTDA,medium,0.0,0.0,0.0,0.0
AEL4KSSAAIKFWHVTCF4SS3M4YLEQ,high,0.0,0.0,0.0,0.0
AEL5BIABIVE6LX34VFDG7UKM6NDQ,low,0.0,0.0,0.0,0.0
AEL64LN6DHJ7AWYCUQQ6QSKDH5DQ,medium,0.0,0.25,,
AELC2GZMPFRMXF6XSOZVBXPT7KVQ,low,0.0,0.0,,
AELCOUUGDLTLAF22IRIJ67CSFFPA,high,0.0,0.0,,
AELES7HPX6AEG7P6YDXSROLPYTTQ,medium,0.0,0.0,,
AELGBLAWJZIUP6IWJHRZSINIQD3A,high,0.0,0.0,,
AELGLQDYQW35MOGHDDNU5ABEITBA,medium,0.0,0.0,,
AELHQEGA2PDZGUENPQWBMI7V5B7A,low,0.0,0.0,,
AELITT5MVTUOEB7O6WUUKTNLGZBQ,low,0.0,0.0,0.0,0.0
AELJLRB3VWLKQGY34EB5VYBWB62Q,medium,0.0,0.0,0.0,0.0
AELJUSXNG6ZIEGDMUKX7KHCT77NA,high,0.0,0.0,0.0,0.0
AELKTJOPR2YW5NPRPSC55LS4VIDQ,medium,0.0,0.0,,
AELLULC6OLAAEUJ3YMJXR5ZODZWA,low,0.0,0.0,0.0,0.0
AELQSZLXS6EDB5AUSF4CH5IIFY7A,high,0.0,0.0,0.0,0.0
AELRPSC2MVVRXVU6EZY3W7S73R7Q,medium,0.0,0.0,0.0,0.0
AELRZQJZOJQEPRFLWLHVV42FFYMA,low,0.0,0.0,0.0,0.0
AELSYYVUZ2TUWUON32MVDB5MBJIA,high,0.0,0.0,0.0,0.0
AELVIJEH3JAQ2DPTJG6WTVVDXSSA,high,0.0,0.0,0.0,0.0
AELVNFDAM7KAUYO6BUY42LNEWOLQ,low,0.0,0.0,0.0,0.0
AELVNKZ57C7Q7DLHA6DZFBXJ3G4Q,low,0.0,0.0,0.0,0.0
AELWQO4GH2OPNGLNRQAEHAT3MUEA,low,0.0,0.0,0.0,0.0
AELXQXFUCEQHFJ2JHYLADL6KSWLQ,high,0.0,0.0,0.0,0.0
AEM2JOOSW46ENPFRBP6XX33XHILA,medium,0.2,0.0,0.0,0.0
AEM5XSNLUH7OMVIVBXWENAHEVYOQ,medium,0.25,0.0,,
AEMDXXRY3UTW66LLB2OM62OQBA6Q,medium,0.0,0.0,,
AEMJKACDQYJV2FVUITOHKN7S3NWA,medium,0.0,0.0,0.0,0.0
AEMQUGJ4JTD7AFLV7ETZLEFA5W4A,medium,0.2,0.0,0.0,0.0
AEMT2XEYEIN4GZS3I5KE35AW4KMA,high,0.0,0.0,0.0,0.0
AEMYF7LJD6GDFJKZG7H6A27BRPXQ,high,0.0,0.0,,
AEMYGALWAPFDRZEQ7UTDJGRY63BQ,low,0.0,0.0,0.0,0.0
AEN2D3RDKA6FTPJSOBI44GQ5VGPA,low,0.0,0.0,,
AEN3VYHNYIP5BQDDYOUU5WDO2GAA,low,0.0,0.0,0.0,0.0
AENAXFURIVRWPAIR67C3UDN4BC2Q,high,0.0,0.0,0.0,0.0
AENDHV7GDD5O6T5GOGIHOMDGT6SQ,medium,0.0,0.0,0.0,0.0
AENFHZROPSHQJPARATBU36CFTBUQ,medium,0.0,0.0,0.0,0.0
AENLB336GDFY2WPXEU63GGD2MXMA,medium,0.0,0.0,0.0,0.0
AENOPNVA4HE4IFZNYKKUFIDMQOZQ,low,0.0,0.0,0.0,0.0
AENPO2ELMMXL4EL76H34B4BJFO7A,low,0.0,0.0,0.0,0.0
AENPREERA3ZKNJIYBUYKB5RYIDJQ,high,0.0,0.0,,
AENRW7VZGOLP4FOPRC2SERIOSLVA,low,0.0,0.0,,
AENWIVUMSWJ7FC4R6YXLE6OQ4VTA,low,0.0,0.0,,
AENXPYF25JPHDMTOVU7PV5XZL6BA,low,0.0,0.0,0.0,0.0
AEO3V6QEVI6RWUKVT2JDK43FEIVQ,medium,0.0,0.0,0.0,0.0
AEO54OMT5RL7P35ZKFNYPYQPSY5Q,high,0.0,0.0,0.0,0.0
AEO6KC4TKWDZKZSNCTF34AXXIZJA,high,0.14285714285714285,0.14285714285714285,0.2,0.2
AEO7DZDMAV2DO7Q4PGHTXI6MATXA,low,0.0,0.0,0.0,0.0
AEO7IE36RLN4Z52AYXMRGKDZDINA,low,0.0,0.0,0.0,0.0
AEOBFCF5IRKHITXMGEEUCKBRJMFA,high,0.0,0.0,0.0,0.0
AEOKG7XFC5SBZHGWOHSBCS7FTODA,medium,0.0,0.0,,
AEON6OL3UZZULFAMAKAKGH36LVKA,high,0.0,0.0,,
AEOOQFRSTTPE5YVOMOO2NMENASJQ,high,0.0,0.0,0.0,0.0
AEOQSFNOOPLE25PSW7TJDYR75RLA,high,0.16666666666666666,0.0,0.0,0.0
AEORWMCVXJ2TXO4J3UBXD7ZJXC6A,low,0.0,0.0,0.0,0.0
AEOVTTXDEOUUSOHQLVOAIL6T6Q4Q,high,0.0,0.0,0.0,0.0
AEOX5ECCL54YZKJGNTRHHPZ7UIFQ,medium,0.0,0.0,,
AEOYOYPGZUPBUXCX5ONEM4Q32XYA,medium,0.0,0.0,0.0,0.0
AEP443VB3FCHYRB6PHOFFDEVHAXA,high,0.0,0.0,,
AEP5AXTQZ47H3FJCI4NXEXYOTJBQ,high,0.4,0.4,,
AEPBHN5E4XZIVPUP62XYD63D7G7Q,medium,0.0,0.0,,
AEPBLF25JMO3QELTD5FN4MONGK5Q,medium,0.0,0.0,0.0,0.0
AEPCUUEX4ZGPNG3Z6WL2XPCRQSPA,medium,0.0,0.0,,
AEPHOC3WFI2KNHT4K7JDCEBP2YFA,medium,0.0,0.0,,
AEPLHCEMDY74XNN6GUSZWQ74YQEA,high,0.0,0.0,0.0,0.0
AEPLKY7XEVTVJTKHKQ77XVNLBYKQ,medium,0.0,0.0,0.0,0.0
AEPPAZ4I3Y3BV3ZGJHOG24W6VYSQ,high,0.0,0.0,0.0,0.0
AEPZQT4THCZDHYYJTUUTNLDQNNOA,high,0.1,0.1,0.0,0.0
AEQ4TRRSS4XCXDHEMZEWGI5DUYAQ,medium,0.0,0.0,0.0,0.0
AEQ52I5LG3ANB5LQ7EMCM2GIFYCA,high,0.0,0.0,0.0,0.0
AEQ6VXNCNAD4QOFEHMUL6P5DW5CA,high,0.1,0.0,,
AEQ6YPYDFGYTUTSDCJP2IUQVR3QA,low,0.0,0.0,0.0,0.0
AEQ7IW6BR3D5Y3JNV6DWPLC6UKZQ,low,0.0,0.0,0.0,0.0
AEQBQYEJINLZHHRRK63FMVZK5KKA,high,0.0,0.0,,
AEQCYRIDK2PR7GRFNXDPRONTLAGQ,high,0.0,0.0,0.0,0.0
AEQEHBECQ7REHQLK7ZRFUPTNWEHA,low,0.0,0.0,0.0,0.0
AEQIOLDTN4N5N2DH7ICC3JIJGKPQ,low,0.0,0.0,0.0,0.0
AEQO7TID74YNVRGCV7TGMA423TRQ,high,0.0,0.0,,
AEQP5LNWAIY5JU5RLAGWW7FDAMOA,low,0.0,0.0,0.0,0.0
AEQSNGY2W5QV6WNTS3I2JJ76MIVQ,medium,0.0,0.0,0.0,0.0
AEQTPR3EYLKVKUJFAQBBWYF7CBFA,medium,0.0,0.0,0.0,0.0
AER2NTA3VNTGHKF2RHF7VZB2U7GA,high,0.0,0.0,0.0,0.0
AER3VMR4B3XYZIZ4LZXPD5JTSMMA,medium,0.2857142857142857,0.0,,
AER4U3RNYYCPUPGVKXYATZ2QD7TA,medium,0.0,0.0,,
AER5WLOF4LV2A3OAHUQJSZ3ONEUA,low,0.0,0.0,0.0,0.0
AER6HKKF4QUQWMXZ55XOBOHQDFGQ,medium,0.0,0.0,0.0,0.0
AER6PIIILPSUBCD3UVUSETU4AQCQ,high,0.0,0.0,,
AER7X46XNRJM6VW4ESHLOHI6BH7A,medium,0.0,0.0,,
AERA4MXSYBOHDIJAP7Z4TJRLC6HQ,medium,0.0,0.0,,
AERAVFMU7X2HXJ2ERKSL6P6CTA6Q,high,0.0,0.0,0.0,0.0
AERBLQU5ZRHJ62XTTWCSAGHWWR5A,low,0.0,0.0,,
AERD6VJCC7ZLOFZOF6ASKTJIDYRQ,low,0.0,0.0,,
AERDETH4SKTBXJJY7E2RWI672IYQ,medium,0.0,0.0,0.0,0.0
AERDVKHH66NFTWD565LKDV4YWAHA,low,0.0,0.0,0.0,0.0
AERE5U7TRQHPT5RYW63BHZMPCFNQ,high,0.0,0.0,,
AERF72EOA4M5VXFRZ6KPQNMNWAXA,high,0.0,0.0,0.0,0.0
AERI2R2MMKXNUY4WXBF3LEDWTRNA,high,0.0,0.0,0.0,0.0
AERJG337XWFZYITZQQUZMNWF44FQ,low,0.0,0.0,,
AERLFMRRK7J2JCI6MJRO6YOA3ANA,high,0.0,0.8181818181818182,,
AERPP6KEGRPU57JOZPDG5ZHA3XGQ,high,0.25,0.25,0.5,0.5
AERRUTCWXDGICSQHXQYBMYAJCZ6A,high,0.0,0.0,0.0,0.0
AERYNGKSJQTS42ZVML365HFCW3OA,low,0.0,0.0,0.0,0.0
AERZAY2TGD7RVTZGAPZW5N7NZHPQ,low,0.0,0.0,,
AERZBLW2CPXBZZZ5B6ADAF7XB23Q,low,0.0,0.0,0.0,0.0
AES2WK2J3N4VBGQFUSZLMJPOJAVQ,high,0.0,0.0,,
AES3WJAGN3TDGFVMGF6HGJTFPR2A,low,0.0,0.0,0.0,0.0
AES5CDANACYPBCROLGDSOFFUGAZQ,high,0.0,0.0,,
AES7MTW4T634UN2R6FTKTUWQVQDA,high,0.0,0.0,0.0,0.0
AES7OMRAT2A2G74UWCW3V3CY2ZTQ,high,0.0,0.0,0.0,0.0
AESCG2YMI2HMSTWTNLJ2O6P2NVQQ,medium,0.0,0.0,0.0,0.0
AESD7HV7Y2BPAKRUQPWV7BIJ44AQ,low,0.0,0.0,0.0,0.0
AESDB7H4RWPHN3644ANLYU4PBXHQ,low,0.0,0.0,0.0,0.0
AESFF6ID3JET64FIM3YZPBSTGUTQ,low,0.0,0.0,,
AESFOTLNNH25T7BXCUCDKBAYGQ4Q,low,0.0,0.0,0.0,0.0
AESJHWQWPZVLT52UNX7PAVMMTZWA,medium,0.0,0.0,0.0,0.0
AESK6JHRCEHJW7CZNU5UJ67CQQKA,low,0.0,0.0,,
AESMKIVHT75GVGVM2CPNDX62VALQ,high,0.2,0.2,0.0,0.0
AESO2BOB7ILKKAVUTK5AO4PN75OA,low,0.0,0.0,0.0,0.0
AESPYM2DG7KX6SGY2RPDPYJA2S3A,medium,0.0,0.0,,
AET2YSJ5C3OYYYOEMH7CNLOUQ7XA,high,0.0,0.0,0.0,0.0
AET37RTIRE7VV4BESEFQYRU2VKHA,high,0.2222222222222222,0.2222222222222222,0.0,0.0
AET5OTOYNCFNDEJFHCLU4VT5YXGQ,high,0.0,0.0,,
AET5P6HBR4VVGBG2A76SKDLTWZ5A,high,0.14285714285714285,0.0,0.3333333333333333,0.0
AET5VB7KM74WTLJ4OXWQLBCO2HBQ,low,0.0,0.0,0.0,0.0
AETAVSO3HXKDRFBRHQA4CORUG3PA,medium,0.0,0.1,0.0,0.0
AETDMM5SY5FN2SYSFYZLD3625MCQ,low,0.0,0.0,0.0,0.0
AETGZKV4UTV6QCXX2UCNTA7JDLRA,high,0.0,0.0,0.0,0.0
AETHFQKNOLIOWUZQE5FWM22X62YA,medium,0.0,0.0,,
AETJ4MBRM5GNGM4ABXDMBE66N4JA,high,0.0,0.0,0.0,0.0
AETL7MLU7L5WUH6WF3JEIJAO7ENQ,medium,0.0,0.07142857142857142,0.0,0.0
AETLICRK5ML2FLHT32X3SAD32SBA,medium,0.0,0.0,,
AETM2VTUN7M53KA3XL3ZAQIYW5SA,medium,0.0,0.0,0.0,0.0
AETMMTLGCHZHKZ6NOKYQ6UPESONQ,medium,0.0,0.0,,
AETPDUOADFV3CCRH3UJOMDZVUJVA,low,0.0,0.0,0.0,0.0
AETWUC6OKR5FITZT75GMISVZQNFQ,medium,0.0,0.0,0.0,0.0
AETZDWMBP52J2UKWLQF6KOQ67FPA,medium,0.0,0.09090909090909091,0.0,0.0
AEU363UKZYDAJIQM3HORUEJADHFQ,medium,0.0,0.0,,
AEUAQ6BAUEBP2C754LR3ILYHP54Q,high,0.0,0.0,,
AEUBAOAFKGQOU3PNOINHVFXA7YVA,low,0.0,0.0,0.0,0.0
AEUC65FVVPRD4IR6WFZ7T4HELRPA,high,0.14285714285714285,0.14285714285714285,0.0,0.0
AEUFUPSBNIEJVVSFJA7WT45H3FIA,medium,0.0,0.0,0.0,0.0
AEUJYELFRFKKOCSJXG4RA4WBT6JA,high,0.0,0.0,0.0,0.0
AEUMFDOLSWFRNLMYKC2RV7A7ES4Q,high,0.0,0.0,0.0,0.0
AEUMLDSGD5KI3XPQBXGHU6GT7YGQ,medium,0.0,0.0,0.0,0.0
AEURBNPPIPFXC6RH7K73PBQGXLXQ,high,0.0,0.0,,
AEUTGDDNES4E2ETKOVDJPDAZZVPA,medium,0.0,0.0,0.0,0.0
AEUTRPJTBCIP6WJMGCYVCEMXIVHQ,medium,0.0,0.0,,
AEUV3ZV45K3VPIZ4Q5K3QSYVWUCQ,low,0.0,0.0,0.0,0.0
AEUVGQNEBFTZD5J5WTX4ABZZSJOQ,medium,0.0,0.0,0.0,0.0
AEUXRON6PKPZSFOSAK4JSP2TSUSQ,low,0.0,0.0,0.0,0.0
AEUYVL7UZ5MYKDNJCBZDXFZ5P6BQ,high,0.0,0.0,0.0,0.0
AEV4QXAAVSEWKZQDPTC7IZLKMBFQ,high,0.0,0.0,0.0,0.0
AEVCEO2MLBDGKO35A6FMSHUQFHYA,medium,0.0,0.0,0.0,0.0
AEVCH5QKYOGM6T6EFYIBDHH3MG7A,high,0.0,0.0,0.0,0.0
AEVFWS7JFEKHYDZKH4SI5YDSNGJQ_1,high,0.0,0.0,,
AEVGETBJEI434MTECX36GSYQE43A,medium,0.0,0.0,0.0,0.0
AEVMLPY3DSTJN64GHYSPXJ5SXSFQ,high,0.25,0.5,,
AEVNCMXO5X6W4VWAGOSD4OHYA7ZA,high,0.0,0.0,0.0,0.0
AEVNHH4CFFSOX3LMJ5HVCOPLLCLA,medium,0.0,0.0,,
AEVRVFOPUZ4NR7SX3NFSEHHXPALQ,high,0.0,0.0,0.0,0.0
AEVWLT3QLIVGYICLNASHYKABY5GA,medium,0.0,0.0,0.0,0.0
AEVXHXOXDC6I6RANGMEARPML4T3A,high,0.0,0.0,0.0,0.0
AEW4RPVXEM4M2ZG24USV5SPAGXGQ,high,0.0,0.0,0.0,0.0
AEW5YGBV6XCC6EVCARQEDFZL3DGA,medium,0.0,0.0,0.0,0.0
AEW65CDJYT5YSZCLVF4YWGODVOVQ,low,0.0,0.0,0.0,0.0
AEWCEZG2VZOMWVI4LNN6LPBGE3MQ,high,0.0,0.0,0.0,0.0
AEWDWRKNGH2YHYFTRS6PYLX56B3Q,medium,0.0,0.0,0.0,0.0
AEWGX53ZXJ4QFBD2L2ZS2SNIZ2QQ,medium,0.0,0.0,,
AEWH5HWZGIKNHHALMRYQYWMPMXJQ,medium,0.0,0.0,,
AEWMEUVQA6EXXSCQCIILJOCSEBYA,low,0.0,0.0,0.0,0.0
AEWPMOOE7SPJHMIOC3FAEUFWI6PQ,medium,0.0,0.0,0.0,0.0
AEWPYBLMLTPRNICDDHY6AGJ4F7WA,low,0.0,0.0,,
AEWR6WXCPIT4PGV6DZDHCJIFYAOQ,high,0.0,0.0,0.0,0.0
AEWU72WZDRH4AAKH5VAYJ4FEZOEQ,high,0.0,0.0,0.0,0.0
AEWVZYFW2TOJX7ZW2URVPX7DNKEA,low,0.0,0.0,0.0,0.0
AEWYGPQBILQDXC3K57YRTLTFMRPQ,medium,0.0,0.0,,
AEWYJHC343CEBQA4D2NYEXWEMMBA,medium,0.0,0.0,0.0,0.0
AEX5GC2MUOFDEU773WTUTKEIYBBA,high,0.14285714285714285,0.14285714285714285,,
AEXCOZSO5AAEP72BQOJ4X3SXEJOA,medium,0.0,0.0,,
AEXIAZTZN4SHUGEE5UCLXGIOE73A,low,0.0,0.0,0.0,0.0
AEXLIO2TQ54WUO35IW2XHRTS745A,medium,0.0,0.0,0.0,0.0
AEXNHMZT2MQHA3THV67O425TMGQQ,high,0.0,0.0,,
AEXQ2VQ5KH33HD656KHNCZSD4A7A,high,0.4,0.4,,
AEXT3KNWPCSGLXGVNB5QWDJHKSAQ,high,0.0,0.0,0.0,0.0
AEXTTRTLXIISUXJGB776626WGDVQ,high,0.0,0.0,0.0,0.0
AEXZF2KXCQ7D5OGTF7XO7TP7GX5Q,medium,0.0,0.0,0.0,0.0
AEY3HKEIYO6BW7FHULBJ5MTN63TA,high,0.0,0.0,0.0,0.0
AEY3M4W4HOERQUPTUC4QC6YYTZWQ,low,0.08333333333333333,0.0,0.0,0.0
AEY5KQVPOIHBZZTHLW6ONEW5RUOA,high,0.0,0.0,,
AEY7LDTXCTW5T7QI4T5XH7XI6KJA,low,0.0,0.0,,
AEYA2XIPXJVOQ4TAWIQIGOOZRHPQ,low,0.0,0.0,0.0,0.0
AEYARMTNNDIBPDJTC2TEJP4QFH4Q,medium,0.0,0.0,,
AEYC3OEQPD4GEHB4YGN2GWDPBK7A,high,0.0,0.0,0.0,0.0
AEYCFVZORHD7NFM3ZJEADARPF3HQ,high,0.25,0.25,,
AEYIX7VMHO6T42ZBBOW4X6E5YXTQ,high,0.0,0.0,,
AEYK5DLIDSBDZB626JYIGEN3JOGQ,medium,0.0,0.0,0.0,0.0
AEYKDAO2ZSY4XO4MNAEAYTQCQ5KQ,high,0.0,0.0,,
AEYPA2LUTZXFS7BPSDVXEXPXTLQA,low,0.0,0.0,0.0,0.0
AEYRFWGFQT5NKOY66C6UQGNCMNRQ,low,0.0,0.0,,
AEYSBM27NFW3OLZITUC3SSZQOYYQ,high,0.1,0.1,,
AEYZKBZYEYUBK4M7DI3BNT6AT6CA,low,0.0,0.0,,
AEZ25HR4EV4O63BP2FRHPW32MEPA,high,0.0,0.0,,
AEZ3ZUXNW7SMVQISCTQSIYQU7VFQ,low,0.0,0.0,0.0,0.0
AEZ4QERZ2N4LYZFFWQVZHPF644OA,medium,0.14285714285714285,0.0,0.0,0.0
AEZ5IZGK6RVKNP2CKTMUIM5UP6FQ,medium,0.0,0.0,0.0,0.0
AEZFRDBITZBFCL2GVDLKOF7ZJK3Q,low,0.0,0.0,,
AEZHFLSNZLK2SUF2QFFSLXONPP6Q,medium,0.0,0.0,0.0,0.0
AEZJX3QVNVGESBAY2BHT7FDVXNZQ,medium,0.0,0.0,0.0,0.0
AEZL3A6G6FIWO57CLI2AVBQCQ27A,medium,0.0,0.0,0.0,0.0
AEZY5EPABNE6DAPMIQ3URBB5TIVA,low,0.0,0.0,,
AEZZT6F7IUDHWWIMT5Z6QNKEK46Q,high,0.0,0.0,0.0,0.0
AF24SACNTDYOCOLAALM33LAD6FNQ,medium,0.0,0.0,0.0,0.0
AF27UOPTCCEXTSQTBSTIY7IMXVIA,high,0.0,0.0,,
AF2F3FYTYQBLBGXJDOVE4FW3HAMA,medium,0.2,0.0,,
AF2HHDT64J3O42LKF6M4H2XJIKWA,high,0.17647058823529413,0.11764705882352941,0.0,0.0
AF2IBR5R7IZV2RVSDICSNTYKDNQQ,low,0.0,0.0,0.0,0.0
AF2IVNYX6XFG7GYNS2GXH2XOQIFQ,medium,0.0,0.0,0.0,0.0
AF2JFXJ77AFV4U34TMXXKRTULVKQ,medium,0.0,0.0,0.0,0.0
AF2KQQB4BCXB4RAYEMBRJBPMXHXA,medium,0.0,0.0,0.0,0.0
AF2MIZX3HPSPBQPHK2KUNF3USH4A,medium,0.0,0.0,0.0,0.0
AF2NBJQ6LAXPKMIZILI7LHNKMZFA,high,0.0,0.0,0.0,0.0
AF2P3RLNKQGTDFRBGQPS6QKZC3FQ,low,0.0,0.0,0.0,0.0
AF2P44USEVP5HXJPTXUS4PWSSYTA,medium,0.0,0.0,0.0,0.0
AF2PPSBAI2BQZR66C2U7FS2DMIFA,high,0.0,0.0,0.0,0.0
AF2QYR65C4K7DW6EIYJUBCRA6A4A,medium,0.0,0.0,,
AF2R7AH6VMFP5J3LQGAJG35IOD4A,low,0.0,0.0,,
AF2RAGAUP6ZIP4ESX7BOQNJ73RFA,low,0.09090909090909091,0.0,0.0,0.0
AF2RIF2WTA3E3WUZDXZKGGAFDKPA,low,0.0,0.0,0.0,0.0
AF2SLTZCVAWWFPXBVLDQL6BVQCHA,low,0.0,0.0,0.0,0.0
AF2UZUUUQWIRL345POGVEYICCI3A,low,0.0,0.0,0.0,0.0
AF2V4OSBYHSZ66XRU5NOYN67OKEA,low,0.0,0.0,0.0,0.0
AF2VUOSDK6O7CIOL5VMXEG6TBCDA,low,0.0,0.0,0.0,0.0
AF2WENOEVREFHXGDIT5YFJZIRSNQ,low,0.0,0.0,0.0,0.0
AF33SB6ZZ4SZTBGCJ2A26GXEHOTQ,low,0.0,0.0,0.0,0.0
AF34CDMONYCRQ5HJEXH4KGDQ2PRQ,medium,0.0,0.0,,
AF36SALEHDLRFXZXAPGIWNGNKCWQ,medium,0.0,0.0,,
AF3AN7U57XZ25XRPMC2V7WV2WOGA,low,0.0,0.0,0.0,0.0
AF3AR6VNKCXAT4RYKN53ILGYEHNA,high,0.0,0.0,,
AF3CR6NCXPC24A2HN5FIKZGQI3UA,medium,0.0,0.0,0.0,0.0
AF3ET6OALC5USFPWMB5XDURM2QBQ,high,0.0,0.0,,
AF3F2JZWF337DFWEE7LDFPWLCFHQ,low,0.0,0.0,0.0,0.0
AF3GIJLNHQCMP4GEJ4ARFAQO67SQ,low,0.0,0.0,0.0,0.0
AF3H7F2GJLXH2F7XRJ6TF7CVFQAQ,low,0.0,0.0,0.0,0.0
AF3JIE5NSRVN7GHFSNRJTYN5T5UA,low,0.0,0.0,,
AF3KZFJWWWMXR47TMIIFA7XUCRZQ,medium,0.0,0.0,0.0,0.0
AF3PGPGYWOEGBUJT3GF7PD5JZROQ,medium,0.25,0.25,0.0,0.0
AF3RE4LALIYPKDZQWMCYYIXRMKIQ,medium,0.0,0.0,,
AF3ZMBFSS5VET7PNQ3LTOWPDN5IQ,medium,0.0,0.0,0.0,0.0
AF45SSUZJW4RABEVGVKNQM22RQVA,high,0.0,0.0,0.0,0.0
AF47ISI7XAIZUV6YOEUXFCV453BQ,high,0.0,0.0,0.0,0.0
AF4BZPD62PYUW5RTIFZEKVB3UF3Q,low,0.0,0.0,0.0,0.0
AF4DRNWYQUORJOPAVYG7FNYK236A,low,0.0,0.0,0.0,0.0
AF4ESS7KQD7EACZYE7J3YFEKTTJA,high,0.5,0.0,1.0,0.0
AF4GEIO6M3BLNUOBJEGWB446DPCQ,high,0.25,0.0,,
AF4GKDZ3M7TLQ52NU3PZCTYOHTFA,high,0.0,0.0,,
AF4KW2BX3W4B7NGTALLHIDFHZ5AA,high,0.07894736842105263,0.0,0.09090909090909091,0.0
AF4M3W3CYSUK4ARCVY5EPMNJQKXQ,high,0.0,0.2,,
AF4PNORZSKSVWJQ2UBXWB7TNO5QA,low,0.0,0.0,0.0,0.0
AF4VPJHZMKX33PVDPIQIIIINA7LQ,low,0.0,0.0,0.0,0.0
AF4VQ2M7HTOGWIN4YGZTYY65BC4A,low,0.0,0.0,0.0,0.0
AF4WMB67HMULQBPJVPU2HMWHEKAA,high,0.0,0.0,,
AF4WY5RPX3GE6KFWRIJFVBXF77SQ,high,0.2,0.2,0.0,0.0
AF54WM627WSGBIYR7UWEAHZ3SIHQ,medium,0.0,0.0,,
AF57P6FY6E7VNIDGAHXMWN4PPIVQ,medium,0.0,0.0,,
AF5B4QU74OA56QWB7RKIENNU7ZVA,high,0.0,0.0,0.0,0.0
AF5CJ7ZWTXPWQ6HAH275M7IMXQUA,low,0.0,0.0,0.0,0.0
AF5GPOX4K4REHMS5G6EAMGRBKDWA,medium,0.0,0.0,,
AF5JP3WOVJAZGJO7B5HCM6FZNXKQ,high,0.0,0.0,,
AF5JSUYMDDEOGONAIJWEFWAANDVA,medium,0.0,0.0,,
AF5JU3VCZM2XNQAN6T7NFJEENENA,medium,0.07692307692307693,0.0,0.0,0.0
AF5LVEMNFDPISQX5H4UPIHDMVRBA,medium,0.0,0.0,0.0,0.0
AF5MLXFPSZGSFF3E7YDUYZKISY7Q,high,0.25,0.25,,
AF5N7ZAJYB4DNJBUFOXAYMXZAK2A,high,0.5714285714285714,0.5714285714285714,,
AF5NYYMCCIGC2L5AAOS7PHHPOBNQ,high,0.0,0.07142857142857142,0.0,0.0
AF5O7NT4PM2W47WGL3NVPITVZ3KQ,high,0.0,0.0,0.0,0.0
AF5QNLBYGWH64JGSRWQVPWQWLYBA,medium,0.0,0.0,,
AF5R5G3J3KC3MWOQKQ5ERJS7XE5A,low,0.0,0.0,0.0,0.0
AF5SMV6GURMSSTI5LLVWJ7TQMWNA,medium,0.0,0.0,0.0,0.0
AF5TKHHQ74SD3VQVBOIDJ3D42YUQ,medium,0.0,0.0,0.0,0.0
AF5WKYKIB4DI6UTKFTSATUAESTLA,medium,0.0,0.0,0.0,0.0
AF5YZAVDY5O3VKB4HF2JI4UKXCZQ,high,0.0,0.0,0.0,0.0
AF65EDJOOIBQSYT3D4HEAECOMSTA,high,0.25,0.25,,
AF65N5YQQ3H32BK3P3IRTRRFZSWA,low,0.0,0.0,0.0,0.0
AF66G4OUZTTIEOIJAE2GHUFTMACQ,low,0.0,0.0,0.0,0.0
AF6AMLPSBVB7A6A2ZTWIJLD2BNVA,medium,0.0,0.0,,
AF6ARGGBFKIIZFQC633SHF5HWHJA,high,0.0,0.0,0.0,0.0
AF6CYLEF3EAPIDGGMR2MA6BV3S3A,low,0.36363636363636365,0.18181818181818182,0.0,0.0
AF6HKSFOHVXTVMCBEUTRDLH6ZFBA,low,0.0,0.0,0.0,0.0
AF6ID7PVDHYLHIBN43N2CRKMTODA,high,0.0,0.0,0.0,0.0
AF6IYRSZ2E44OI52DW3WP7NYMXSA,high,0.0,0.0,0.0,0.0
AF6JBAMYC7UVFC2WM46A3B4QKVZA,high,0.0,0.0,0.0,0.0
AF6LABBFOR6BTIVBMD66L5AOOKKA,low,0.0,0.0,,
AF6LAJC4ZCSB2DIN65H6SDAD7ZEA,medium,0.0,0.0,,
AF6OHZHDPTDPVP4TDC7CUV6S43LA,low,0.0,0.0,,
AF6ONZXDRTLLBTPUVH32ICUYZQPQ,high,0.0,0.0,0.0,0.0
AF6QITJEFG63PRTEW6YPWF4737PQ,low,0.0,0.0,,
AF6SCAT4DQAULGNDGOLUAV7ULGGQ,high,0.0,0.0,,
AF6TRVPG55XV5NENLGPHDKPRZNWQ,low,0.0,0.0,0.0,0.0
AF6URNRAFHPBI36R2ZCB3GRWK56Q,high,0.0,0.0,0.0,0.0
AF6V574DJK6W4ZUECZKS32HJGUIQ,medium,0.0,0.0,,
AF6XEF7YT2QG7V7X22XL4KVWKYBA,medium,0.0,0.0,0.0,0.0
AF6ZLNQCQ2ZW53TKVFAAKYLB4HSQ,low,0.0,0.0,0.0,0.0
AF7IDG5ADWYEDT5WS7CCSLIXCOVQ,low,0.0,0.0,,
AF7NEGZDLFNNFHMGRZYESULJ56VA,high,0.0,0.2,0.0,0.0
AF7QI2JRWLGEEG4ANDLZ347MN3WA,low,0.0,0.0,0.0,0.0
AF7QM6JGAEIZGG6K7I45IAUX66WA,medium,0.0,0.0,,
AF7RJBVR6KGUXXRHGR23GT5E4AGA,medium,0.0,0.0,0.0,0.0
AF7T5JCVTM6YBDTL2IIRZIGQIBDA,high,0.0,0.11764705882352941,0.0,0.5
AF7VIIE2WXIXWDLVOUAUA4TWYWPA,low,0.0,0.0,0.0,0.0
AF7YOAUQ5U6OIQMQTT3X4ZZSCZEA,high,0.0,0.0,0.0,0.0
AF7Z3F52AB3HLVGBUTPES3FCLR2A,high,0.0,0.0,0.0,0.0
AFA57DFNNDDVWUVHIHRSFWZYKPFA,low,0.0,0.0,0.0,0.0
AFA5QNRHR25RE7W4HB2RD6BJ7Q6Q,high,0.0,0.0,0.0,0.0
AFAAPX7S72YDMZHN5YAPSPFIA3HQ,low,0.0,0.0,0.0,0.0
AFABKLBBYSOOUVZ53BAQOFUQPDGA,high,0.0,0.0,0.0,0.0
AFABNLMKV3SVWSEDKDFHOZHM3Q3A,medium,0.0,0.1,0.0,0.0
AFADGPS7S4HXOBCAU5SQFOQZNV2Q,low,0.0,0.0,0.0,0.0
AFAEGWIRXCY7HHXW7FC7VD4BNADQ,medium,0.0,0.0,0.0,0.0
AFAFPPBP24R7XZFQZQ5DXGFEOITA,high,0.2,0.0,0.0,0.0
AFAGU3TFI6R5MW7JZGZZ33CHB4WA,medium,0.0,0.0,0.0,0.0
AFAPAL3PMYTDUTSORSIMYYDYXGDA,high,0.6,0.6,,
AFAPFV7EDHJQIDBJBWREN5F7TVVA,high,0.0,0.0,,
AFAREGILHZH2KUBEMIPIIC2K6RRA,medium,0.0,0.0,0.0,0.0
AFAVERZMOV6R6MDTFUBMMLJ5X4OQ,high,0.0,0.4,0.0,1.0
AFAY64Q346D6WWR2BU43L6QRR74Q,high,0.0,0.0,,
AFAZCDWBA44OCO64VGDGIECDNHQA,low,0.0,0.0,0.0,0.0
AFB2ASCACS5ZF62HEZ47DKC2QVNQ,medium,0.05555555555555555,0.1111111111111111,0.0,0.0
AFB4ZEYAALSE5ZKQ6HSK56D3ZSXA,low,0.0,0.0,0.0,0.0
AFB5LGMYRFTAPAEFZSNNR4TJBFBQ,medium,0.0,0.0,,
AFB6FYPPCN33UMUU5536IHXNOHCQ,high,0.0,0.0,0.0,0.0
AFB7NFSZEQUAXPQGV2Z4WVGNGF4A,low,0.0,0.0,0.0,0.0
AFBBIX6NI77PEAFGX2UEFUEXMXVA,high,0.0,0.0,0.0,0.0
AFBBRHIYLQ7I3MLAHTUTLSIASHQA,high,0.0,0.0,0.0,0.0
AFBC7W3QFGM4GCF2DD3GM3YCE53A,high,0.0,0.2,,
AFBDC33SAIFPWNEBBB4LFYE7NPQA,low,0.0,0.0,0.0,0.0
AFBGS5AZJW2AQZMHEEGR6XE7KL7Q,medium,0.0,0.0,0.0,0.0
AFBHGH37EISRCSGJEXETOFRB24CQ,low,0.0,0.0,0.0,0.0
AFBHXRE3W2663U5P4HEXIUWVJROQ,high,0.0,0.0,0.0,0.0
AFBKG2SFDP7SXDQ5BUH7EELSE5QA,medium,0.0,0.0,0.0,0.0
AFBMRTV62BR6MXFNXW6SX6WLIFVQ,high,0.0,0.0,0.0,0.0
AFBNUFMTXYOBG2GVLN5BOVNHFBFA,high,0.0,0.0,0.0,0.0
AFBOSFHSUYLEK4G3COBUYZBXO4SA,low,0.0,0.0,0.0,0.0
AFBPXJQGZ4WPLUVTAIA4V5RXWMCQ,medium,0.0,0.0,,
AFBQ4GXFDPB4CJPWTHBBTMAECRUA,low,0.0,0.0,0.0,0.0
AFBSAEF7S5PLEGN55IJS4PR4OCBA,high,0.0,0.0,,
AFBUNTA6B7NLJ77DVGDINM3M3VFQ,medium,0.0,0.0,0.0,0.0
AFBWIOVAQU5VRJPVWNOGKWUWRJIA,medium,0.0,0.0,0.0,0.0
AFBXIBQECVDZ4WLEHR2SQX5MPFXQ,medium,0.125,0.125,1.0,1.0
AFC7LBJ6ZZKZCKO6IQQBYMYVMIJA,high,0.0,0.0,0.0,0.0
AFC7TBJRKKH2QK7ARUHXANIEDODQ,low,0.1,0.1,0.0,0.0
AFCC2E25QNTR2R7EIIA4CH5Y6YGA,low,0.0,0.0,0.0,0.0
AFCDIODSXOPXERUKIVIZR2GS5W7Q,low,0.0,0.0,0.0,0.0
AFCI7ZFLYIFAP24J4GNHXROQ5CZA,medium,0.0,0.0,,
AFCKKZ2DSXLF25MQHFVOQ4ASGWZQ,medium,0.0,0.0,0.0,0.0
AFCLKHRTJTGUEGXES4FKPWC36ZYA,high,0.25,0.25,0.0,1.0
AFCNQW3XOTKKDH6EWHC27ZG3FYHA,high,0.0,0.0,,
AFCVRGBOPMCL6WD4DTRNGIH6VEIA,high,0.25,0.0,0.0,0.0
AFCX3WTSONES73GDLG3ATZHWIXSA,low,0.0,0.0,0.0,0.0
AFCX7AWCNP4WIVAB3XN7OPVAP5TQ,medium,0.0,0.0,0.0,0.0
AFD36ATGINXGMLX77XXVBGIKEBQA,medium,0.0,0.0,0.0,0.0
AFD6PNBNG46KCLC2AFCY222PWEFQ,low,0.0,0.0,,
AFDBFCRDSNMNFRUAFPVZ32WFZJMQ,medium,0.0,0.0,0.0,0.0
AFDEOI7WJYRWOV6ITXJCX2AP2F3A,medium,0.0,0.0,0.0,0.0
AFDF3PZ4IMDYV2R3ZDIT7SNJ6R3Q,medium,0.0,0.0,0.0,0.0
AFDGKQIKIC2YULWLM6O4JGC2ZQXA,low,0.0,0.0,0.0,0.0
AFDKBMSXQMH4MJWNFJWEAKBDSTWQ,high,0.0,0.0,0.0,0.0
AFDLURMX4LRA5Z44IUCBAT5SNWHQ,high,0.0,0.0,,
AFDNKXN2QLMXVHJHORC574XHZQBA,high,0.0,0.0,,
AFDOU5IFF464FNYSQ2V32TQO4DAQ,high,0.0,0.0,,
AFDOXTU4KMAVBMURY3FRIIVAHRRA,medium,0.0,0.0,0.0,0.0
AFDPYA34GXPDAS4PDEASKLXYJAWA,low,0.0,0.0,,
AFDPYQDV5C2SWKXOXA7XZ7JEWALQ,low,0.0,0.0,,
AFDRKYKWO4P7C2FOKYW4GOVL6Y4Q,low,0.0,0.0,0.0,0.0
AFDRNM7R6HO5QEXD7OULIXVK4WJQ,low,0.0,0.0,0.0,0.0
AFDSGHKNF23JBWQBKO7SG2Q7ED4Q,medium,0.0,0.0,0.0,0.0
AFDTWAOQTRUESYZ7ZZCP4R6PBE5A,high,0.0,0.0,0.0,0.0
AFDVQTGR3SLFHIIC2BRSKYANX5CQ,medium,0.0,0.0,0.0,0.0
AFDWPFSWDYRQV6EH6WJHKIRI6WHA,low,0.0,0.0,,
AFDXBRYT3UDRLMA3ODFBOMRSF6AQ,high,0.0,0.0,,
AFDZLAWMZLKXLSQZLNQ5URRWZAVQ,low,0.0,0.0,0.0,0.0
AFE2ZKCUBD52DBMDSJ62GSORSIZQ,medium,0.0,0.0,0.0,0.0
AFE4Q3WWAFBHR4HRYKOUUHPD6Z2A,low,0.0,0.0,,
AFE6G3UV5Y4DCYZB6XNYA52V44BA,low,0.0,0.0,,
AFEDXJQPWPDIR73J6ZKZGRU6JHDA,high,0.0,0.0,0.0,0.0
AFEGXFJTVRBH7AA6M26UM5Z52FPA,medium,0.0,0.0,0.0,0.0
AFEHLE4R3Z4S2UKGVZM5SZULQIBQ,high,0.2,0.2,,
AFEHQ4BNQV3PFLED3UKS4PHBYGMA,low,0.0,0.0,0.0,0.0
AFEII5V6FI2GVO5LFKONDSGHZADA,high,0.0,0.0,,
AFEM4RZJKQE6R57RGRKZ7D5GVLIQ,low,0.0,0.0,0.0,0.0
AFENMR4YQ2PHG5RNUNKW7JBU5YYA,low,0.0,0.0,,
AFEOBQG242WAFL2JUARGF3JOJCOQ,high,0.14285714285714285,0.14285714285714285,,
AFEOEJCAK4YZYY7MOFIHH6KYZ4YQ,medium,0.0,0.0,,
AFER63J4PEQ7DTC5SHDUGJXPOGDQ,medium,0.0,0.0,0.0,0.0
AFET4BNKJUGVCSFJ3NAKI6RS6MQQ,medium,0.0,0.0,,
AFEYQVF7IZZFU57Z2YVSMVE4T2HQ,low,0.16666666666666666,0.0,0.5,0.0
AFF3SGMX3IA6ZPWLML4NRKKSV2LA,high,0.25,0.25,,
AFF3XPN33T7JCOYXMFWAJQRSF6PQ,low,0.0,0.0,0.0,0.0
AFF5OHJEAGB4MVAQQFKOITZG5VKQ,high,0.2692307692307692,0.23076923076923078,0.0,0.0
AFF7JB3FLLLX6ANXL5QJW5MRRJ4Q,medium,0.0,0.0,,
AFFEKCGG3ORMCRO7SSU2TRULMZDQ,low,0.0,0.0,0.0,0.0
AFFFIG6PV3G2CTUDUQH63HAHOUGQ,low,0.0,0.0,,
AFFKVRCPU4AU22XATLIYI2FNDHSQ,low,0.0,0.0,0.0,0.0
AFFMC5ANU64PMLYEH46E6NDBRGZQ,medium,0.0,0.0,0.0,0.0
AFFQSUPMMVUS6TKQEBWWOZOYID5A,medium,0.0,0.0,0.0,0.0
AFFSGEDL7T3X35M6KXWNBBHOAN4A,medium,0.0,0.0,,
AFFUVVE5RUL3ZKHYD6LUWFN42EMA,high,0.0,0.0,,
AFFWWMN7BZYYKCRTXASNZZCL6MJA,medium,0.0,0.0,0.0,0.0
AFFXXPM7X2QUMSO6K23I5I3PHE3A,high,0.2,0.2,,
AFFZNBRGOCCPUSZ2C2P7FTWKICKA,medium,0.0,0.0,0.0,0.0
AFG46JLN6JBSSJKYUCSWZJ3BTFFQ,medium,0.0,0.0,0.0,0.0
AFG4YQPXXU3WT6IPRAMUGFY2YSAA,low,0.0,0.0,0.0,0.0
AFG57FRI4ZE53MM6PMYQDGBLNCBQ,medium,0.0,0.0,0.0,0.0
AFGBWVQQCGHCCQOADSFJQB5FOOIA,high,0.08333333333333333,0.0,0.0,0.0
AFGNWKWFZJ6WWWSXGEJ3SPIKGQFQ,medium,0.25,0.0,,
AFGO44ARBH2HOB4LR7PSH2LQGJMA,high,0.0,0.0,0.0,0.0
AFGPBY7EG6H72DAB6HVTLOBDSCYQ,high,0.2,0.2,0.0,0.0
AFGQV47XRTORVHCIOB7XQ3SNEFWA,high,0.16666666666666666,0.16666666666666666,0.0,0.0
AFGUSCXU4SCAFKMM2EW2OOY23GQQ,high,0.3333333333333333,0.5,,
AFGXKQVVWBFGVNHWQHPDZFNVVSMA,high,0.2,0.2,0.0,0.0
AFGXRA33RCWNVGY3R4O4ORDF26VQ,high,0.0,0.0,,
AFH5GXKAAYTHYW7MLBCB5WRMVMUQ,low,0.0,0.0,,
AFH7Z7GAEJIWYHQKVGGXQVMTAVAQ,medium,0.0,0.0,0.0,0.0
AFHB3C7OPKCJJZ2MUJI6L2AV5CVQ,high,0.0,0.0,,
AFHGHSRVM2GSMF7QRBPC7QC564DA,low,0.0,0.0,0.0,0.0
AFHMRRMVKJSXZJFSCHXWLNKOQVNQ,medium,0.125,0.0,1.0,0.0
AFHMWROTAUPLRDCTLSZUCSUQHUWQ,high,0.0,0.0,0.0,0.0
AFHQNETDHQMTEWIQ75IYN3FCMZTQ,medium,0.0,0.0,0.0,0.0
AFHSIRLX33HRBWSEPQFMK7SI5V6Q,high,0.0,0.0,0.0,0.0
AFHSVSJ7SBGLEQ3WJ4QQAIXR46JQ,low,0.0,0.0,,
AFHTVBN6H2QX6ENZDZZIUZGC2XJQ,medium,0.0,0.09090909090909091,0.0,0.0
AFHWBJPPE4U2RZ6ZCASLSKIQUSEA,medium,0.0,0.0,0.0,0.0
AFHWGRUBTVXR37IXP7TVTPTNMUAA,high,0.25,0.5,,
AFHXFDNJHBREE74L6MFOLPWDITZA,medium,0.0,0.0,,
AFI2MARJRSREK7BRS3SF3JRRK2DQ,high,0.05555555555555555,0.0,0.0,0.0
AFI3GGZENUUOKWP3YBUQY5JUBKIA,medium,0.0,0.0,,
AFI4G74VATELHOIUHAR3DHOCVOGQ,high,0.0,0.5,0.0,0.0
AFI7SWTISQBGATTOAS2U4U3DLNVQ,low,0.0,0.0,0.0,0.0
AFIBHCXIGFB3DLNBSKPXNREUIFDA,low,0.0,0.0,0.0,0.0
AFIDLACVP2L5ZILONXK5DLDNXHTA,medium,0.0,0.0,0.0,0.0
AFIDWUEVKVPMHTDOITU27VNA5JTQ,low,0.0,0.0,0.0,0.0
AFIEXKAZ5JP6UHEVYFLL5OQTQUCA,low,0.0,0.0,0.0,0.0
AFIIZSOFVP37BLZETIOMHVB32L4A,medium,0.0,0.0,,
AFIKH47F2C2BJGIW4R2PJH6OTHSQ,low,0.0,0.0,0.0,0.0
AFIKXP3KJMKSUVZZKSYJ5XD5A5WA,medium,0.0,0.0,,
AFIP76JED4OUBX7E6WIWVFKZIEDQ,medium,0.0,0.0,,
AFIPJH2I2GYM5EM4LMF3HX3JXW3Q,high,0.0,0.0,,
AFIRVQYE5QL3AZV6S3NQ7IGQ4YMA,high,0.0,0.0,0.0,0.0
AFIWJAGF6UWJ7DAMFWAU632E4J2Q,medium,0.0,0.0,,
AFJ5KWKT6BJAD6FUMBE7M2IDTGZA,low,0.0,0.0,,
AFJ6IEQ3C66AM3RM5H45ECXKS5DA,low,0.0,0.0,,
AFJBL73QQPEOISYJT3TKY4FKTIRQ,low,0.0,0.0,0.0,0.0
AFJFDVJB2EFHZP52F5M64H4GLRNQ,low,0.0,0.0,0.0,0.0
AFJGKBLFPIUOZAIJWSAJ3KW43W2Q,high,0.0,0.0,0.0,0.0
AFJJL24ZMPFCQOCJOXDPNG2HGJKA,medium,0.0,0.0,0.0,0.0
AFJOZ7ESYWQYGQEH7OKKBX4VJZYA,low,0.0,0.0,0.0,0.0
AFJPDFVHM5PZMQF5IBFFTW5YH7XQ,medium,0.0,0.0,0.0,0.0
AFJPUVLGB5CNUTTJAUOBQ4URG5UA,low,0.0,0.0,0.0,0.0
AFJSGTEOGVVR7PYQV6ARUZ4R6JTQ,high,0.125,0.125,0.0,0.0
AFJTAJV3O6WGU4QZSLXQQTYVRYXA,low,0.0,0.0,0.0,0.0
AFJVF45JBKRTRUIHUNPG244M47RA,low,0.0,0.0,0.0,0.0
AFJVHDTLLS5L7M6A4IAIQJHBESPA,low,0.0,0.0,,
AFJZBAUJOZKU3G4PDBZXXUS2IZJA,low,0.0,0.0,0.0,0.0
AFJZSNVSN26BAKPUY7YHPMOVTL5A,medium,0.0,0.0,0.0,0.0
AFK2PCAISZ6J25OHOOZ6SKF2FC5A,high,0.0,0.0,0.0,0.0
AFK5FYUJAXV4KVKZAUMAK6PCLUGQ,low,0.0,0.0,,
AFK5LZPMTFNQYW6RM3R3VSIW2EUA,low,0.0,0.0,,
AFK7DN5XJLBONRMTH6CZ4VYAD2SA,high,0.0,0.0,0.0,0.0
AFKDFVCEASIMPVGPNDUPBI3ZMEOA,high,0.2857142857142857,0.2857142857142857,,
AFKEBML7ERH3AXPWWEQPCHD6EN7A,low,0.0,0.0,,
AFKEE7DMAQVV6HHTRQL4H647GWPQ,medium,0.0,0.0,0.0,0.0
AFKFJK3P7JWTVYVFXISP2UAHIZ4A,low,0.0,0.0,,
AFKGYHEIUY3ZQEHG6LQGOAPN33DQ,high,0.0,0.0,,
AFKIOES32PKCIIMJSLWAPEUC5JXA,low,0.0,0.0,0.0,0.0
AFKMT6PAHIGZY7S2WAVWIGRHBWQQ,low,0.0,0.0,0.0,0.0
AFKQ366S6F6JOQYOVRY4Z3OGASNQ,low,0.0,0.0,0.0,0.0
AFKQOCCGK255VB77XSIVHACJ53UA,low,0.0,0.0,0.0,0.0
AFKVNMIJ33GL6OJYD3UWAW6ZGBMA,low,0.0,0.0,0.0,0.0
AFKX6T4CODZEQ5PYGDGFHF7B6K5A,high,0.0,0.0,,
AFKYN7HWTAT6UOZ723MZYWNCOM4A,medium,0.0,0.0,0.0,0.0
AFKZG2FKP4VESG32VJW4G65M4A4A,high,0.0,0.0,0.0,0.0
AFL2H3LTGBM43MAZ3RLH36FGSXFA,medium,0.0,0.0,,
AFL2H44UA6EUBR5BN6TP5XVFTZIQ,medium,0.0,0.0,0.0,0.0
AFL4VKXTLDZE7HSU4BCORK4H3UVA,low,0.0,0.0,0.0,0.0
AFL6L5WGK5EKBYKGAEMTKEZTJ75Q,low,0.0,0.0,0.0,0.0
AFLDGQVMYDQTSJPCT3WBRTNC6RJA,medium,0.0,0.0,,
AFLH26UL4R6BHY4KNE5IOYGYQEWA,medium,0.0,0.0,0.0,0.0
AFLH4ELTQ5GHVJI4MAJKGQVHEKMQ,medium,0.0,0.0,,
AFLIHO5TMYCKDAP75DCOZHD53AYA,low,0.0,0.0,0.0,0.0
AFLNREO7HJTWZV6VYFOMC2CZK24Q,high,0.0,0.0,,
AFLPYRBDGFSDQIJMCSSSG6RUOU6A,high,0.0,0.0,0.0,0.0
AFLQRGVX6KYSSTFP4RQSLNRNGBGA,low,0.0,0.0,0.0,0.0
AFLRUEBVUFTAPFOJ4C3BP5NSLIKA,low,0.0,0.0,0.0,0.0
AFLU35U57BCPFEROJYUA37AOCXMA,high,0.0,0.0,,
AFLWLINCCMSCIDGLGBMDYXI4WYGA,low,0.0,0.0,,
AFLXBL7S5O5HM732QFXXE26VIFIA,low,0.0,0.0,0.0,0.0
AFLYO3RV5HEC536Z6TA4VXDJ7G6Q,medium,0.0,0.0,0.0,0.0
AFM3HJAC47E4HA4GKGURDBWXFRLQ,low,0.0,0.0,0.0,0.0
AFM3UNT6TON2PPRYLQF4F2ZWHQ2Q,low,0.0,0.0,,
AFM4HNRPPSTSWQNJDH3ZNAPU2TBA,high,0.0,0.0,0.0,0.0
AFM77QXBKLMVFHFUUXG263G3HEEQ,medium,0.0,0.0,,
AFM7UZ6JPBJNAT75TXEZHTL2FDZQ,low,0.0,0.0,0.0,0.0
AFMCL56MKGN5CAPQGJFZLBW4UL4A,low,0.0,0.0,0.0,0.0
AFMDY7RPGBMYBPBJKYXBZHBVM7EA,medium,0.0,0.0,0.0,0.0
AFMG74ZXHJ2XIJW5OUELTC5KRPKA,medium,0.0,0.0,0.0,0.0
AFMGBFQGEGCRSBP4KKCUARXXJ5EA,medium,0.0,0.0,0.0,0.0
AFMOSH4ALUTMCOL2SPMA4PBGMAYQ,medium,0.0,0.0,,
AFMPIAFQ36MHHXS6B23W77G4BMJQ,medium,0.0,0.0,,
AFMVLA73TGNVT7IXL4Q5KQRKXB3Q,medium,0.0,0.0,,
AFMW43XN3ERFNSZ2HTR5VBBX3DPQ,high,0.0,0.0,0.0,0.0
AFMWAUAZC2Z6KNRSPYSTBCG73GIA,high,0.0,0.0,,
AFMX5EPNDWSH4UTA4WFK3FCHOVAA,high,0.0,0.0,0.0,0.0
AFMZGN6V5ZE6CAXIZJ2DITOXSXQQ,high,0.0,0.0,0.0,0.0
AFN2QABCUTNEQKABDB3YHWFXBBTA,low,0.0,0.0,,
AFN7NRSSCCUOITWQTGYMVMPFW5VA,medium,0.09090909090909091,0.0,0.0,0.0
AFNBPXD3XMLMSN35CL3NCCPLVTMA,high,0.0,0.0,0.0,0.0
AFNDNOCTD2GTDNO4NUDEWP7AIHNQ,low,0.0,0.0,0.0,0.0
AFNFT2WMA5IFUJ5RZKGSTGRIAFMA,low,0.0,0.0,0.0,0.0
AFNIDUCZVGK46BHWRZZ4VCCMDAJQ,high,0.0,0.0,,
AFNIUJS4UH6XF52URX4GHUIGIU5A,high,0.0,0.0,,
AFNJ5AIDUGNREW73XR4EA5KBLFZA,medium,0.0,0.0,0.0,0.0
AFNKYWKYPNFS3HB64VPHU2OH5MGA,medium,0.0,0.0,,
AFNL56JKQDOWBS4Q5PTGRRRWZJ2Q,low,0.0,0.0,,
AFNMCVCPM2AIBI4ZG6CCYYQOM7XA,low,0.0,0.0,,
AFNMWH6QIXMJDRVXK7I7BY5IDR3A,medium,0.0,0.16666666666666666,0.0,0.0
AFNOYV4MKKDHSY3XTR7CF5C5FQZQ,medium,0.0,0.0,,
AFNP4YKWKCWTHLPLJ7JEFIX6YYNQ,low,0.0,0.0,,
AFNSR7N6SEYHFWLTQ5OAB4HKHAZA,medium,0.0,0.25,,
AFNWGUALDW7YKZ7I5RK23YDRH2CQ,high,0.0,0.0,0.0,0.0
AFO2CDNY54XSMHLG2EBY3NQTKKUQ,low,0.0,0.0,0.0,0.0
AFO4BFHMLIZNLUB6VKQF7TIGNGOA,low,0.0,0.0,0.0,0.0
AFO5F47HDKP4CB2W3GSCIP772WSQ,low,0.0,0.0,0.0,0.0
AFO7J2YRPLDQL4WQLCBG2A6KHA3Q,low,0.0,0.0,,
AFODT3I3PFODE4CN5PUFHKCYC2EA,high,0.0,0.0,0.0,0.0
AFOGBA7EFTIJ4XKCWLS3Z4CNJKVA,medium,0.0,0.0,0.0,0.0
AFOIOTHZNZCHF7Q3QZ6YADHH5RJQ,medium,0.2857142857142857,0.21428571428571427,,
AFOPNMEKMPCNZUKH75Q532TEJ6PQ,medium,0.0,0.0,,
AFOVFSG4CTUO2Y2NGQ32DZYDVXXQ,low,0.0,0.0,,
AFOYBXZA6UK4YT32LKYCZLCQG3VQ,medium,0.2,0.0,,
AFP3S7ZMNAMS22R2KS4JWQEK2HQA,low,0.0,0.0,,
AFP46UGEXGAKTDJPGII5R62KFDUQ,low,0.0,0.0,0.0,0.0
AFP4MH7VLNYULKMFWDZ7CBLGRB6Q,high,0.0,0.0,0.0,0.0
AFP53BRNYQ2JP2RSAFDQIAKCIAOQ,low,0.0,0.0,0.0,0.0
AFP5GFZ5OVDJLC62MZNZ6L6DEQ6A,low,0.0,0.0,0.0,0.0
AFP7726G6O3AFTYULNNJY7ENXIJA,high,0.0,0.0,0.0,0.0
AFP7WU3HHZTU2IPGBPMWPVPRW4FA,low,0.0,0.0,0.0,0.0
AFPDR6MNE5L3H27CZANL43QYTFHQ,high,0.0,0.0,0.0,0.0
AFPEXF6VXGZWOJ74FSMXDBA53T7Q,high,0.0,0.0,,
AFPEYK4N3WMS3VHD2FABVXYBBGYQ,medium,0.0,0.0,0.0,0.0
AFPHCMYXH6JGOAJ36IPLCRWBNCYA,high,0.0,0.0,0.0,0.0
AFPHGUHAA5M6K3HCNKAVYGQHPXBQ,high,0.0,0.0,,
AFPILAXDHM2IXTXJGTJZGKSAS44Q,medium,0.0,0.0,0.0,0.0
AFPQSDVEJBNUSJJCVJX4SSBH3FCA,high,0.0,0.0,0.0,0.0
AFPQUBQK7OL7IOQV2Z7Y6ENTJDIA,low,0.0,0.0,0.0,0.0
AFPTHCAHR3HI5ELACENBCTN7JZYA,medium,0.0,0.0,0.0,0.0
AFPXD5NKO25EPCR6TSC4RRUR2E3A,low,0.0,0.0,,
AFPYWE7YLHYHVPTAG35O34VRBIUA,medium,0.0,0.0,,
AFQ2RXTEQZQ7FWAP4LOZGWXPT62A,high,0.0,0.0,,
AFQ3TT7O7D47IHD77XPPV3Q37F7A,medium,0.0,0.0,,
AFQ4Z433YHU3KFQ4FH2FVPVNPKUA,low,0.0,0.125,0.0,0.0
AFQ6DFTKAWHJTOBWJSBOCNLZH6QQ,low,0.0,0.0,0.0,0.0
AFQ6Z67UNRHCFOMWDIDRYWSM4L4Q,medium,0.0,0.0,0.0,0.0
AFQAXPDAUIFHXGHEGNY6VK6YVR6A,medium,0.2,0.2,0.0,0.0
AFQCZ7TXQP6YFOAKBZNZLX5A65JA,low,0.0,0.0,0.0,0.0
AFQFR7T3QVUTJN4L5AIME7FHKDBQ,high,0.0,0.0,0.0,0.0
AFQLHMKURF3XWIS2LGDYLGYVOHIA,high,0.25,0.25,0.0,0.0
AFQOXUE2FYFZZUJNWTTTARPIMVHA,high,0.0,0.0,,
AFQUZIINCACZAZWEX6U665LS7F6A,medium,0.0,0.0,,
AFQYCBV4Q7UI7SFUXZ764LLLA74Q,low,0.0,0.0,0.0,0.0
AFR5QZYBXOLCAL7TAF25KUNA42CA,medium,0.0,0.0,0.0,0.0
AFR65GHFZ6LANPLQ2G36EB6VXC4Q,low,0.1,0.2,,
AFR7TKRPLTPCJ7XALKA7LRWHILFA,medium,0.0,0.0,0.0,0.0
AFRBAXDT2LYEW66UCUQJ6WDGJ2BQ,low,0.0,0.0,0.0,0.0
AFRDPQAPGGH5QSVCAEUB74RKA4TA,high,0.0,0.0,,
AFRFZUZM4DDLUEE3SBGQ6KFCLKZA,low,0.0,0.0,0.0,0.0
AFRHZ3LV5LIJZH7OL5EMO6KB7IKA,medium,0.2,0.0,,
AFRJHT2Y22VBSIC25XCDS6SBLZHQ,medium,0.0,0.0,0.0,0.0
AFRKQULSGAUMDQQZXOTMLAYZ3PIQ,medium,0.0,0.0,0.0,0.0
AFRMXT7NYM46NENSEYBTVLVM5HBA,low,0.0,0.0,,
AFRP4ZYBYXWCD56ABG6BUREZXIDA,low,0.0,0.0,0.0,0.0
AFRQKHBQTW2CBWPMRLQB5TU53DRQ,high,0.0,0.0,,
AFRRNHS2K2YQOYB6DNEY5A72VLRQ,medium,0.0,0.0,0.0,0.0
AFRSUQS2OV5MSL6C355G552U3ATA,medium,0.0,0.0,,
AFRTE7JDSTGKNHAVLMEUOTUXDM5Q,low,0.0,0.0,0.0,0.0
AFRUEHAJE2RAR343ZITONJC2C5SQ,high,0.0,0.0,,
AFRVSFO2UWY5RTN77YCRI5OWXTFQ,medium,0.07692307692307693,0.0,,
AFRVZGXFKHEISEDAWCOGWU4I4KJQ,medium,0.0,0.0,0.0,0.0
AFRWARU6JKMIO32PVL6PBBYAXKLQ,medium,0.0,0.0,0.0,0.0
AFRWSQVJF7MDNTBOZM7XFZHLC4PQ,high,0.125,0.125,,
AFRY6ZTGLA6YBIUG2GQDTR5KTCUA,low,0.0,0.0,0.0,0.0
AFS3DH5A5XF7D6B2CLSBEG4TJ2NA,medium,0.0,0.0,,
AFS46HQW23B2OI3GYJVQX5YNG5GA,high,0.0,0.0,0.0,0.0
AFS64XZDUAMAMMR473X5TDFZC64A,low,0.0,0.0,,
AFSAIG5A2CRRYB774O6JYQRYJNZA,medium,0.0,0.0,,
AFSAKM6VZNODTF5RFGEEE3GQA2SQ,medium,0.0,0.0,0.0,0.0
AFSBSULJOHUZOYMM4UNKPJPVR4NQ,low,0.0,0.0,,
AFSDVJ7B4EFW2NHCWFUGQJXYATRA,low,0.0,0.0,0.0,0.0
AFSIFYQ2U4S2PSVQMDKUWODC6WDA,high,0.0,0.0,0.0,0.0
AFSODPVPFVLSN743DISXNJSHV7WQ,high,0.0,0.0,0.0,0.0
AFSRAF7JC4SS7NRMMG36E3CNAADA,medium,0.0,0.0,0.0,0.0
AFSW363LRMBA7IPBQSFEF37L4NWQ,medium,0.0,0.2,,
AFSWEZ425WGJNIFI7VKVB4GEJ7FQ,medium,0.0,0.0,,
AFSWXD34GLO5VTIPHE3HX52DCNMA,medium,0.0,0.0,0.0,0.0
AFSYHZQDAT4PQ7GKSNT7ISNICASQ,high,0.0,0.0,,
AFSZMAGTDG5BKCDCKK67F7QROUGQ,low,0.0,0.0,,
AFT3YHWCYHS2JFL3KGSYZE2WWEDQ,low,0.0,0.0,0.0,0.0
AFT4T2PAAZD5W54435XWYWRTNDAQ,high,0.0,0.045454545454545456,0.0,0.0
AFT4VYRAGWX2QDELVN2ZR7BVRSMA,medium,0.0,0.0,,
AFT56AY52G2YDF7THIDKQL3TKNJA,high,0.375,0.375,0.0,0.0
AFT5NNHKFXRF3XGSEHWEKX5N2MPA,low,0.0,0.0,0.0,0.0
AFTASIOGULNPNAV2QHJ2QM2GXAVQ,medium,0.0,0.0,,
AFTBP422RJVMGNJA5HQ4NJMYK3PQ,medium,0.0,0.0,0.0,0.0
AFTGOPUQWK3HHUF6XGXF4XLOXBLA,high,0.0,0.3333333333333333,,
AFTKJMRZVGETI7IBXDQWOULOBKSA,low,0.0,0.0,0.0,0.0
AFTKKUXXNUYCGVEUCNH7RISTVX5A,low,0.0,0.0,0.0,0.0
AFTNNUYO4K3HD6I2U2PRK7RLR2OA,low,0.0,0.0,0.0,0.0
AFTPD7ZP727XSPE3W7WIFJEFNHJA,medium,0.0,0.0,,
AFTPKM4HAK7LYVZCFCX62GMSQ4TA,low,0.0,0.0,0.0,0.0
AFTRJYNVYCJYM2PX7LW4GKFUQMZA,low,0.0,0.0,0.0,0.0
AFTTNYGQV7QLLL33JUVYBTSMSWQA,low,0.0,0.0,,
AFTV5USRMKUEOXLJOLA6BGGSLX5A,high,0.25,0.3333333333333333,0.0,0.0
AFTW7AY6OXXMBNJZA7GZEYZBU42Q,medium,0.0,0.0,,
AFTYAJUWTJUQAGJU3CRA7Y24LHKQ,low,0.0,0.0,0.0,0.0
AFU3FCPAJTMMESLEPHGBWHBKGGTQ,low,0.0,0.0,0.0,0.0
AFU5RFPYR6SSTS7RTNX2WU6TJDEA,medium,0.0,0.0,,
AFU6G2LUQN6DD356WNLHUWNQSZTQ,low,0.0,0.0,0.0,0.0
AFU6H2YGKXAWNLNTQHBODV3NPAEA,medium,0.0,0.0,,
AFU6PVE2K3CEEMZALEJ6LAMZ76RQ,low,0.0,0.0,0.0,0.0
AFUA2JGPQTAC4ZRCHYRWSQSU66JA,high,0.0,0.0,0.0,0.0
AFUB4WQT5LABYIYN5PSDBTFAYW5A,low,0.0,0.0,0.0,0.0
AFUD3FUDYPT7EXV3C5AAI5ULKJLQ,high,0.0,0.2,0.0,0.25
AFUDUAQHFTSGU2HD5U462H2OCZTA,medium,0.0,0.0,,
AFUHGIHKDPPICEN2ZGZV5XUAU27Q,high,0.0,0.0,0.0,0.0
AFUHUI2URN4L3V3SJSUCBC4PMUTA,low,0.0,0.0,,
AFUJOUZGWYAQEHGA2VXBWLSZEZSQ,medium,0.0,0.0,,
AFUKM3ZMTVL422UM36EXIUX4QW5Q,medium,0.0,0.0,0.0,0.0
AFUMIKVTEAUNXVVZDLEQANSRXCKQ,medium,0.0,0.0,0.0,0.0
AFUUT4PIL6GON5DYTYDGGGJI5LRA,high,0.0,0.0,,
AFUWAWDVNEFSIIBIWMBDLYQT3GPA,medium,0.0,0.0,,
AFUXCBNNXQEWX2PZNBXKMXD25GLA,high,0.0,0.0,0.0,0.0
AFUXKMDIT6XMYE35BTGEAXB7TNGA,medium,0.0,0.0,0.0,0.0
AFUXQL6CWLNTF5HEAIQOLHT5JMEQ,low,0.0,0.0,0.0,0.0
AFUZG4S57VOZIENQ5LJHBPEO5T2Q,high,0.0,0.0,0.0,0.0
AFV3NEEBX3WBMAC2Y3DWU3A3KWAQ,low,0.0,0.0,0.0,0.0
AFV3PFJC6GC472ROH6MY2EUJDSMQ,medium,0.0,0.0,,
AFV55HV64I3BGOSWNZ7IWUE2UJ4A,high,0.0,0.0,0.0,0.0
AFV5NL26UDUOOUL3CJMXCHMM35HA,low,0.0,0.0,0.0,0.0
AFVA5ZMBAKHNDSYOZ4XTKFTDBGNA,high,0.0,0.0,,
AFVAEZ7Q5YA5B75JT4SNDZSIG2AQ,medium,0.3125,0.3125,0.0,0.0
AFVBF4O55YFYHJU4CGHUHSAOTOSQ,low,0.0,0.0,0.0,0.0
AFVBJLDOZ422VDXIIPF5SXYWXRVQ,medium,0.0,0.0,0.0,0.0
AFVGNDZRDRJXFMNQ3KLEXN2EAZXQ,low,0.0,0.0,0.0,0.0
AFVHQUKSQ5PPN5IKN5W4N6NFXLIQ,low,0.0,0.0,0.0,0.0
AFVMIQNUPZ6Y2LZY3U3JJUNVOUVA,high,0.25,0.125,,
AFVMJ6JVNNXDM34IPILQ7MCQVV4A,high,0.0,0.0,,
AFVOLYKLJNF56TSGNTW6FCNGQPTQ,medium,0.0,0.0,,
AFVPMCWEGWGUMSS3RDD7LBWJHYQA,medium,0.0,0.0,0.0,0.0
AFVQUI7T3LNGVZRWTYGX7WNNK32Q,low,0.0,0.0,0.0,0.0
AFVR25VIRR5JJ5Q4Y7J7P6MLLJZQ,high,0.16666666666666666,0.16666666666666666,,
AFVRXBDEGJJLM73Z5QKG4HAMFDGA,high,0.0,0.07692307692307693,,
AFVSCQFSH36OGHHOJTA3XHF4N3GQ,high,0.25,0.25,,
AFVU5PD6LSJXJT6ZWYFHCRU22VRA,low,0.0,0.0,0.0,0.0
AFVUKMB4RMA5K5W2LDP5LKI5DGDQ,high,0.0,0.0,0.0,0.0
AFVV7NQYCHQFXO7VYKBD2A6GG7QQ,high,0.0,0.2,0.0,0.0
AFVVTBNY24EFOGRSEVAPGTEIJHKA,medium,0.2,0.2,,
AFVVW4ZP6WXCDGBCQWNZBRZY4S6A,high,0.0,0.0,0.0,0.0
AFVXFFNL5B637OSV5YXVCOFN5ZWA,medium,0.0,0.0,,
AFW2RLR262KWYPKIY25VUJSBT3IQ,low,0.0,0.0,0.0,0.0
AFW3A5TCPLMU7EMDZ6ESUPZ4Q2HA,medium,0.0,0.0,0.0,0.0
AFW4ZB66XCUPQ3VIJB2QEPB2CD7Q,low,0.0,0.0,,
AFW5XPPZT7B47QYRK5Y5JC2LDNDQ,high,0.0,0.0,0.0,0.0
AFW7BM3UZXTGE6I7KZR73AN6RRQQ,medium,0.0,0.0,0.0,0.0
AFW7ZBGCHK4F2WMJBSTCZLSUURDA,low,0.1111111111111111,0.0,0.0,0.0
AFWDL7N6TXGEISUEF5EPXT2TBBCQ,medium,0.0,0.0,0.0,0.0
AFWDNLGD3DHHSRGO64DFF4FCNH3A,low,0.0,0.04,,
AFWFRBQRB7RNWJHT4FBVXPV32DFQ,medium,0.0,0.0,0.0,0.0
AFWIYVEVEE3IMC6PVFFDENRD3UMA,high,0.0,0.0,0.0,0.0
AFWSLFW6MK3C73I5YIU3J7LBIIMA,low,0.0,0.0,0.0,0.0
AFWU4RHWHX4O7LHK6UT2DC5OLPPA,medium,0.0,0.0,,
AFWW6XYBKVH5IKC5RO34CUZ4FXEA,medium,0.0,0.0,,
AFX3LWBTQG6BDTC77S7YYLTLDWQQ,high,0.0,0.0,0.0,0.0
AFX5SFCT3JVMRGVPZQEEJKVQJJEQ,low,0.0,0.0,0.0,0.0
AFX5W6TME7BNFOOZAGYRM6HAN5YQ,medium,0.0,0.0,,
AFXCC7OJULDEEKPBTKYHO5H5NKMQ,medium,0.0,0.0,0.0,0.0
AFXD2OUKNTSJ7CJTC2PCUMLPU2UQ,medium,0.0,0.0,0.0,0.0
AFXEAGLAZZZBZ2SR76VWEQE4N54A,high,0.0,0.0,,
AFXFAI5DT66QNHVHKB73XJ6ULM2A,low,0.0,0.0,0.0,0.0
AFXHU6D4TPJODY2SG7XG4BJWPJTA,high,0.0,0.0,,
AFXJMLQUDOFS7XT2W5ZJYWMV2UIQ,low,0.0,0.0,0.0,0.0
AFXLDHL255CXZTXH7PL56NKMAOYQ,low,0.0,0.0,,
AFXOQ5PAKYDNIPPH24HVKYYV4CKA,high,0.0,0.0,0.0,0.0
AFXPW6CXX4WHNIBQITIPXC35PX2Q,medium,0.0,0.0,,
AFXQ6BNJRFGFVZOUZ4PAVRJO26GQ,low,0.0,0.0,,
AFXQDPAMSKFJA3H3EATYBKKK6NZA,low,0.0,0.0,,
AFXQWMWL4TVJBMTHVBPQQ3Z2XSOQ,low,0.0,0.0,0.0,0.0
AFXRE5GOLRCYVTM3B425CUCF4NKQ,medium,0.0,0.0,0.0,0.0
AFXRTF57VZQ6BZEONBWPTQC5TKAQ,medium,0.0,0.125,0.0,0.5
AFXS5RYYWG7I35JJV6AUZDK2FDGA,medium,0.0,0.0,,
AFXS6XXZDBN2STUAMQOIGRZMIT4A,medium,0.0,0.1,,
AFXUKENKFSB5DE7BMA2SYIZSI6VQ,medium,0.0,0.0,0.0,0.0
AFXUOIODH5OGSJZRPA3VD3TZQOJA,high,0.14285714285714285,0.14285714285714285,,
AFXVLS7XBOW7L5N4LJKYSCHNMG7Q,high,0.0,0.0,,
AFXW7APEWML3HUA73YONQFT2YLPQ,high,0.0,0.0,,
AFXWRGGWYVK4CP6HEI6MC24KEQ5A,high,0.0,0.0,,
AFY2EYOLDJLFVZGGL7BPXSUTAYRA,medium,0.0,0.0,0.0,0.0
AFY3KRUYYEYNEMKXM4P6TAWSKERQ,medium,0.0,0.0,0.0,0.0
AFY4GV2UAWP3IKJZSMTDHU3D7CIQ,medium,0.0,0.0,,
AFYMFYD6QRGBSXZQTHTIWDPCHOMA,high,0.0,0.0,0.0,0.0
AFYNNHPRKIDGE4YOKPQF55JGXRTA,medium,0.0,0.0,,
AFYREKFL74GCXCRWXECXRJTATI4Q,medium,0.0,0.0,0.0,0.0
AFYSV5V4MHBKQLFYK4IBRZQVEPQQ,low,0.0,0.0,,
AFYTVWDVOCRSS25UHDCAMQNY2QLQ,medium,0.0,0.0,,
AFYVB5JCP5O3S5LJFMTHB5N23IXA,high,0.0,0.0,,
AFYVHUJCSALO5LS6OF4ELYAZHRLA,high,0.0,0.0,,
AFYYRRKJQHMIS3YTTCM3IMYNNQGQ,low,0.0,0.0,0.0,0.0
AFZ464THQ6XQG7AITSHHVKKB3JRQ,low,0.0,0.0,0.0,0.0
AFZAVM2YYP5FM2GIBLFCUQ6Z34PQ,high,0.0,0.0,,
AFZIGPTK4HT3LJLHCTGYEBF267KQ,medium,0.0,0.0,,
AFZIHEGNKZ2X5MTTCMO2J7PGDUVQ,high,0.1,0.0,0.0,0.0
AFZLZ2UEW77DSRZQ7JETKGALUHIA,high,0.0,0.0,0.0,0.0
AFZMJARBLRPTRTI6R2XD76RHCQVA,high,0.0,0.0,,
AFZQCYZPUBJAGIZ4AEKRS4VFG34Q,medium,0.0,0.0,0.0,0.0
AFZULVYQCBPO7SIZYVSVDAOR7J5A,high,0.0,0.0,,
AFZUY43OPA56WNL6TTVB34YMTADQ,high,0.0,0.0,0.0,0.0
AFZVCV7M26BNBGJQBVUBECQPTH7Q,high,0.0,0.0,,
AFZW2ZM7D2VARKGHG7OB2KZCNO4A,high,0.0,0.0,0.0,0.0
AFZZPO3ZE5I2BBCLSXRHYYQVGCCQ,medium,0.0,0.16666666666666666,,
AG22R3UA3IMBYLQ3UZ6IHJFKT6ZA,low,0.0,0.0,0.0,0.0
AG26BTM2F5QT6GFB5DP7YPRINIXQ,high,0.0,0.0,0.0,0.0
AG27TPZ55S4GM7Z7CFX276RRSZSA,low,0.0,0.25,0.0,0.0
AG27ZVJDCISSK4ETW4ARC32MBZOA,medium,0.0,0.0,,
AG2B24WVHKG5GE4JFICUCGOD5PYA,high,0.5,0.25,0.0,0.0
AG2B75EHKCOOVIZAJXNXTOCENUKQ,medium,0.0,0.0,0.0,0.0
AG2CTOOCPTBNOLQNYOSY5QTKJIPQ,high,0.4,0.4,0.0,0.0
AG2D3UOYCK6X36KOZP3RG7CNIAWA,low,0.0,0.0,0.0,0.0
AG2ELZ2DRRAACHKCN676XALIEI7Q,high,0.0,0.0,,
AG2IKMZVI555WD2ETFUONMK2CUKA,high,0.0,0.0,0.0,0.0
AG2ODLEZQIK5AMES5L2AAEYAVS6Q,high,0.14285714285714285,0.14285714285714285,0.0,0.0
AG2R2JPAMDZKHEN2MYIRVU7FSUWA,low,0.05263157894736842,0.05263157894736842,0.0,0.0
AG2SNYTV3W5CAVOJVBSAYKEX2ZBA,medium,0.0,0.0,,
AG2ZJT6CUNHCHQDOC4F575DMG2CA,low,0.0,0.0,0.0,0.0
AG2ZKFYJ5DN5ZCHZ2IYBLAED6BEA,low,0.0,0.0,0.0,0.0
AG34NX5GU4VGIWZCM3ODZ3ZK6DEQ,low,0.0,0.0,0.0,0.0
AG35OGWHV7NVHNCKCTTEGOJSARBQ,low,0.0,0.0,0.0,0.0
AG36DYOEQKXDSUINJ6SFAUGURWWA,low,0.0,0.0,0.0,0.0
AG3FRJADO7ZZK5ALYPJ7QLS7NZTA,low,0.0,0.0,0.0,0.0
AG3GBRWHA563UMO4YXLG6B2R6IRQ,high,0.0,0.14285714285714285,0.0,0.0
AG3GWMJFL7K5XNT3AJKYKBGDNXTA,medium,0.0,0.0,0.0,0.0
AG3IP4BVB2DJR67ZEMPKYRKKWY5Q,medium,0.0,0.0,0.0,0.0
AG3IUGRST2EJQOYOGNXEWLLGYVMQ,high,0.0,0.0,,
AG3JLWLQUSSMBO5OK4TVOX2W23KQ,low,0.0,0.0,,
AG3KNRBGTSW7R7P3FRX5FTWIEAKQ,medium,0.0,0.0,0.0,0.0
AG3KWUXOR26H3IWYMS2B3FEOK5OA,medium,0.0,0.0,0.0,0.0
AG3L7AT2CWDLVP42KX6OI77EDH3Q,high,0.0,0.0,,
AG3NJRICSUORYNZZPMUIQFGMY26A,medium,0.0,0.0,0.0,0.0
AG3PTOP27UJTNVIRZ2SLVLJFICIQ,high,0.0,0.0,,
AG3SRYCHHKXSR65OG46CGLKNX3JA,high,0.0,0.0,,
AG3T6AOCLUYIR4OPA4L7FM3F4YWA,high,0.0,0.0,,
AG3UAQDHT4UBRL7MBCQOBGYMS5NQ,high,0.0,0.25,,
AG425P6TEO5EZJPETJM5EU3X5VJQ,high,0.25,0.5,,
AG42G3R3BQDASQYYMGDYWNKLJ3EQ,low,0.0,0.0,,
AG446OM7J6B63LYMIQSHP6USIZOA,high,0.0,0.25,,
AG476XVGFGHW4QINMWJCYENQXXVQ,high,0.2,0.0,0.0,0.0
AG4AMGA23JZ5M77ZWTX45UNXLRUA,low,0.0,0.0,0.0,0.0
AG4CBBA23IVQZZ3ZPQ3FQH35BDCA,high,0.0,0.0,,
AG4DROKTTR43W7ZT5T5DSDCVTDPQ,medium,0.0,0.0,,
AG4EUZ7JLBBBVDQIC2X45BBHZ5TQ,high,0.0,0.0,0.0,0.0
AG4FEOS6CM67KT6IO3LNJE3UVNRQ,low,0.0,0.0,0.0,0.0
AG4FHN4EWFMWHQTNDEIA3CQMWZFQ,high,0.06666666666666667,0.06666666666666667,0.0,0.0
AG4JQ65UE5UHFEL6MSBJMX75452A,low,0.0,0.043478260869565216,0.0,0.0
AG4MYD2WJUCEVKZBBTAC4WPRMDQA,high,0.0,0.125,,
AG4O4C3VW2YBM6XBFMY5WCVIUQGQ,high,0.3333333333333333,0.0,0.0,0.0
AG4QVJV74FTX5C6O6LGGPRBJ4SVA,low,0.0,0.0,,
AG4RIE4MY3KVS7M5NUZWHDTEEDKA,low,0.0,0.0,,
AG4S2EYCLZOYI7BFYP6F2GU4F52Q,medium,0.0,0.0,0.0,0.0
AG4U4UC626T3KE3QAJDSPJA66XDA,medium,0.0,0.0,0.0,0.0
AG4UA7UPBHVQIICQGX3FIPTOE24A,medium,0.0,0.0,0.0,0.0
AG4VT37EWXWXEHI557Y2GMHFJCTQ,medium,0.0,0.0,0.0,0.0
AG4W6U7FFFYDQHOU6ALWQWVX65QQ,low,0.0,0.0,0.0,0.0
AG4XW22SH56HD2ZGBP5UYR4UM4QQ,low,0.0,0.0,0.0,0.0
AG4Z3BVEK6BL4CL266OLIT7YJFBA,medium,0.0,0.0,0.0,0.0
AG52RMSI24FUAEM4A4AU3XVJ4L2Q,high,0.0,0.0,,
AG57DRSBZMWG6WKIWOKKWDITBEBQ,medium,0.0,0.0,,
AG57RWBRAEYWVFCTJYPWT2UDKOUQ,medium,0.0,0.0,,
AG5AYEYVDFKNOIEHNWACREWXRPSQ,high,0.0,0.0,0.0,0.0
AG5BBHKJ4LD6SQBICADYNZIHQKSA,high,0.0,0.0,0.0,0.0
AG5BWWXIK3XS4XFNPUJPP73OHFWQ,medium,0.0,0.0,0.0,0.0
AG5DH5HGZOB5QANOOIAN6LKUMVSQ,low,0.0,0.0,0.0,0.0
AG5IVRK3U4SZHP3KM6YR2DLJ2G7Q,high,0.0,0.0,0.0,0.0
AG5L2Z44ZXDYHIGIRWAZJXTVRELA,low,0.0,0.0,0.0,0.0
AG5L4VC526OJDNONOJ2KHTGQJZRQ,high,0.0,0.0,0.0,0.0
AG5NSA3RJL6EZDDB34VGEKFPIQZQ,high,0.0,0.0,,
AG5OELKW2QOA4FCUJENZJXOKOOSA,high,0.25,0.25,,
AG5OFUNCDTVQ6YEHSFYXTRJH3OLQ,low,0.0,0.0,,
AG5OTIZUADYSVZWDSX37LXJSVTJA,low,0.0,0.0,0.0,0.0
AG5OW2TRUJGKN66243XXIL6CYJLQ,low,0.0,0.0,0.0,0.0
AG5R5SRBOH7WCX3AWL56ZTXP6APA,medium,0.0,0.0,0.0,0.0
AG5SM4JLAOGMFZNNKF7MIEOWRQSA,low,0.0,0.0,,
AG62XJYRFEWOKWYS4AHLK7V5M7OQ,medium,0.0,0.0,0.0,0.0
AG63UVXX6DZB3OKX4ALD57RJONOA,medium,0.08333333333333333,0.0,0.3333333333333333,0.0
AG64B7CTVZGJTBJ4EHUMUE4IFY3A,high,0.0,0.0,,
AG65DXBJZIOGJCKHBHZT3NMXN2FQ,low,0.0,0.0,,
AG66FNG5TTWNK6PKVLVU63VWGEOQ,high,0.2,0.0,0.0,0.0
AG6AOCK7TCAVATLTCAFLK6CPLFQQ,high,0.0,0.0,0.0,0.0
AG6DR6NL3J7I3X6STLHZXHMHP3CQ,medium,0.0,0.0,0.0,0.0
AG6I7VT3MPVYP4MIXDUBDXIKKN2A,low,0.0,0.0,0.0,0.0
AG6JYUAQIG53E3FXXUYLGQR5JXEQ,high,0.0,0.0,0.0,0.0
AG6NXYCTUFZM6AY3UX7VK3TXE7KA,low,0.0,0.0,0.0,0.0
AG6Q44I7JGLJYFJX3TO3AL3YR72Q,medium,0.0,0.0,,
AG6TFA2LICWOPBCFS45OOVOWZ4JA,high,0.0,0.0,,
AG6WAVH6EDNI6WEW4YPZSYC3ESEQ,medium,0.0,0.0,0.0,0.0
AG74LAWRMK4O6FBQSYRSWUSJRNXQ,medium,0.0,0.0,,
AG74ZECYBNAB74FJ57B4LFZQPJWQ,low,0.0,0.0,,
AG7BCMT5JDTDDQXPF45ME5LFTVLQ,high,0.0,0.0,0.0,0.0
AG7JYHH3XVN7TT4T6O2RTSDSLWEQ,high,0.0,0.0,0.0,0.0
AG7K3TSWC4S4BV2QGOFQMJKAFF3A,high,0.0,0.0,0.0,0.0
AG7LIYIKT6APMJMOQ4B6EFHT46AQ,medium,0.0,0.0,0.0,0.0
AG7MAYRSSLB3HX4W3EWWFBV2372A,medium,0.0,0.125,,
AG7P7U5XTTT4PTFDJRK44MRAGITA,high,0.0,0.0,0.0,0.0
AG7Q7M7IIMZOG6G54KAXTCWVZ2VA,medium,0.0,0.0,0.0,0.0
AG7SSSGSKF7TS3UZP6QOL2ZGVNVQ,high,0.0,0.0,0.0,0.0
AG7SU6TOFWBXRCLIPTO4VFMJT2EA,medium,0.0,0.0,0.0,0.0
AG7TOYEMNAIAAN5WZWCQBTSKVC2Q,high,0.0,0.0,,
AG7WP5ANKPTG7QRDYRNNHHD34GTA,high,0.0,0.0,0.0,0.0
AG7ZOPPKCSOWI3HADVWEKR7INVMQ,high,0.0,0.0,0.0,0.0
AGA5UUCFQO3XC3QYS7HWUPQLL5MQ,high,0.16666666666666666,0.0,0.3333333333333333,0.0
AGA62BGFYCUUUP66VFVRLIO54YKA,high,0.8,0.8,,
AGABSHJPZ4MB3OYLKSYWXQ6TKZNA,high,0.0,0.0,,
AGADWSNI4D65TO2LXO2PYRFWGB3A,high,0.0,0.0,0.0,0.0
AGAGKFWVO475347C2ZN4DAGHGL7Q,low,0.0,0.0,,
AGAICXOXNFKRO74QT5YVCV4DQQYQ,high,0.2,0.6,0.5,1.0
AGAJ66XZKVLXL7AKOUUTNO3HSKOA,medium,0.0,0.0,0.0,0.0
AGAJL4IU7LS2GLY6YXKTDCAW2F6Q,low,0.0,0.0,0.0,0.0
AGAJWUVATBWCZHKAZWGGA4LVPVCQ,high,0.0,0.0,0.0,0.0
AGALLOVIZRBGXJK5PMOLGENCQUGA,low,0.0,0.0,,
AGAMXBCK5NSLUWWU5FXIXMIW62GQ,low,0.0,0.0,0.0,0.0
AGAPHUKI6FF62ZLHYLIB2G6BVEQQ,low,0.0,0.0,0.0,0.0
AGAQA25V3AR7HU6RKJ72C5PUT5UQ,medium,0.2,0.2,0.0,0.0
AGAQEQRFWODQQWVH5XMDVSKTBHFQ,high,0.0,0.0,,
AGASZ6R2F2GCG5WUFDZOW3ATSEVA,high,0.0,0.0,0.0,0.0
AGATMKVQ653NBAS4STXY2PZQ3UKQ,low,0.05,0.05,0.0,0.0
AGAURGGJTZ3GUDCX47YVL7DVN2FA,high,0.0,0.0,,
AGAWUF7XUNRUPJT3L25OYMVQUELA,medium,0.0,0.0,0.0,0.0
AGAYXYYYQYOZYABJWOLZNDCOGSDA,medium,0.0,0.0,,
AGB32NXO4E7PCKHZUGYM3C6DBCYA,high,0.0,0.0,0.0,0.0
AGB6J2UZOM7GOYAXV2BABPWIFP6A,low,0.0,0.0,0.0,0.0
AGBGTYJWL7FS7F6AAW5MB5RKM35Q,medium,0.0,0.0,,
AGBIUAH72VWLNGXZOAGFSMUZOKRQ,medium,0.0,0.0,0.0,0.0
AGBK5725ANIDPXFBJPMQBBDGTZ6Q,low,0.0,0.0,0.0,0.0
AGBKL6ILCMU5FVOEYCENT4ACZVQA,medium,0.0,0.0,0.0,0.0
AGBLJ3X2VLNDTK35XYWMB4VQAISA,high,0.0,0.0,0.0,0.0
AGBPACSXN3ZAVSK2FI3EXDB2VBUA,low,0.0,0.0,,
AGBRBIHZPLNYQKMJJXRMKDLL3FZQ,medium,0.0,0.0,0.0,0.0
AGBRO2U3OQNQZNBMFISNOSQGZCAA,medium,0.0,0.0,0.0,0.0
AGBXJMQP2NECW27MIQ6KFXAABBYA,high,0.0,0.0,,
AGBYNGAQE6TWZW3RWY3K5RCNJ42Q,medium,0.0,0.0,0.0,0.0
AGC3D3ZRRTDXROOWBKF7DTZAZSSA,high,0.4,0.8,,
AGC3JLWMCU7JKEUW2JZQAHPFZPTA,low,0.0,0.0,0.0,0.0
AGC67FQCCT3RG4OOX5H6CVHCFLQQ,high,0.0,0.0,0.0,0.0
AGC7233F2REL4QFRIKD44R4ZOJVA,high,0.0,0.0,,
AGC7Y3SJGWTX4B5RVHSR6UJ2BTBQ,low,0.0,0.0,0.0,0.0
AGCBPW3DRTZO4WDHFW2BIN5YPVMA,low,0.0,0.0,0.0,0.0
AGCDF6Y5MMMBKGJMQL734CKTE6MA,high,0.0,0.16666666666666666,0.0,0.0
AGCF2CZLZRXIAIYBTQ5FGH76FPIQ,medium,0.0,0.3333333333333333,0.0,0.0
AGCIKCLYRCB7HB5OSV6L75KQSEGQ,high,0.0,0.0,,
AGCK5CNG5ZS7QAXXRPWHDHTH5P4A,high,0.0,0.0,0.0,0.0
AGCNWNAPMVA2MVRCUXFXGQ2C5J6Q,high,0.0,0.0,,
AGCOSGC6SEAWQUTNMSBDNLEMGTLA,medium,0.0,0.0,,
AGCUHQ7R3PT65QAOHGG4FRDOS7FA,high,0.0,0.0,,
AGCV7EVZOT2ZIXB6HDECL5FEWMOQ,high,0.1111111111111111,0.0,0.5,0.0
AGCVEYGCRP3KAUS6OMMH4GQ2TPXQ,low,0.0,0.0,0.0,0.0
AGCZGSMHOGRSR6MGZWA64DPGZWNA,low,0.0,0.0,0.0,0.0
AGD3THPEE76SEQU65QTUCSCF7DJA,high,0.2,0.0,0.0,0.0
AGD6PU2AIGMSY36TPC2YGAZGYPGA,low,0.0,0.0,0.0,0.0
AGDA2FXNAQ27NHADV2TV5YFKADAQ,medium,0.0,0.0,,
AGDA3B3YRYYG25X44CGRZMONRJYQ,low,0.0,0.0,0.0,0.0
AGDCN7V4CLBI6HR6LQPPGKW76K4A,medium,0.0,0.0,0.0,0.0
AGDDRYS3WC7NXFPRFYSWHLPWWQTA,medium,0.0,0.0,0.0,0.0
AGDIPNDXOUI5VA6GJWLTUBNDC7KQ,medium,0.0,0.25,0.0,0.5
AGDKFRWSE2HV2QUGKIBYZQ4PEP2A,low,0.0,0.0,0.0,0.0
AGDMVICHRTM5AMSKBS4ZK43ULI3Q,high,0.0,0.0,0.0,0.0
AGDMWJ5UZJZW7TGDKYODVL4IZJXQ,low,0.0,0.0,,
AGDN436LWJT23XN73TFGEKJ2ONYQ,medium,0.0,0.0,,
AGDPIIWO5BDQBTNEWORE7VEUYVVA,high,0.0,0.14285714285714285,0.0,0.0
AGDXHNSE6KSS46G7YXEB7IN3DOHA,medium,0.0,0.0,0.0,0.0
AGDXU4HDQOJHQDV6742WKHZCMNAQ,low,0.0,0.0,,
AGE7CANXWHUHTCIR5B2Y6ZEMEEQQ,low,0.0,0.0,0.0,0.0
AGE7TRNBKLATJDWNOLM4GXVJIMHQ,medium,0.0,0.0,0.0,0.0
AGEACBU67Z5G2FVLK22H6M3G5DCQ,low,0.05555555555555555,0.0,0.0,0.0
AGECQEYKMAYBEUSTVLYNUUJOM67A,high,0.4,0.0,0.0,0.0
AGEEIDMSNMZ6P5F4RJYVLIFGZ2NA,high,0.0,0.0,0.0,0.0
AGEFXSHT2L45TSSXCLNKVDBGHE4Q,low,0.0,0.0,0.0,0.0
AGEJL2MBFQR2ZBVYFOESRIBHPYBQ,low,0.0,0.2,0.0,0.0
AGEMOH4W7KFSYQXXT2KE3GAK4TBA,medium,0.0,0.0,,
AGEMROMGASVD5NA6P2MJKY77UZIQ,low,0.0,0.0,0.0,0.0
AGEPFNCV74EI5NXIDBPU5764BT3Q,medium,0.0,0.0,0.0,0.0
AGEQH7Z4KC4WFHFABQLPQOJXSSBA,low,0.0,0.0,,
AGER6F4N5GE2MOCK2K5NO5MWBGKQ,medium,0.0,0.0,0.0,0.0
AGER7YCMJ7DZB2X2RBSCAGQNGG7A,high,0.0,0.0,0.0,0.0
AGETWNMR2VSXI7KRU7NIOORCWPGA,medium,0.0,0.0,,
AGEUJQ3XXCULZEVIIADVOESRS4BQ,high,0.0,0.07142857142857142,0.0,0.0
AGEUVLSDRZF6ZFW5ER7YOUZ24COQ,high,0.0,0.0,0.0,0.0
AGF4XAAUZH7BMA7FYC7TWBGSBRFQ,low,0.0,0.0,0.0,0.0
AGF5T2MN4WNDS3XDNGOK6THMVYIA,high,0.0,0.0,0.0,0.0
AGFB3FHZCHCWRNAKZQNIM4YQWWTA,low,0.0,0.0,0.0,0.0
AGFDZ4HPJZOGMDTLXHGGUUK5SUUA,high,0.0,0.0,0.0,0.0
AGFFDCZCKLCKF63FEUGB72GSSLBQ,low,0.0,0.0,0.0,0.0
AGFGNJM6RSNQOXYLIMNWTUUT2H6Q,medium,0.0,0.0,0.0,0.0
AGFNB7T2TJ6IS7RFQXSV4LG6UJOQ,low,0.0,0.0,0.0,0.0
AGFP2T4UJTGIZGWNXIVOXMYNSU7A,medium,0.0,0.0,0.0,0.0
AGFTNCKHI5DDNZTYTN363E7JJY4Q,high,0.0,0.0,0.0,0.0
AGFUQU7XRXGWMT3GNAISYFQV3SUA,medium,0.15,0.05,0.25,0.0
AGFW5YWZXYV3C5WWQSE7JXTO2CIA,low,0.0,0.0,,
AGFWLWJ7OTMCILS4AVP3JI3BGFIA,low,0.0,0.0,0.0,0.0
AGG2XQBTW5QZQTU7AKRIJXC7DGYA,high,0.0,0.0,0.0,0.0
AGG7HUFYPT7FJCE6PHVCVQUPP5GQ,high,0.0,0.0,0.0,0.0
AGGBN3DFN2UMDS7P3WTCMUSSXZVA,low,0.0,0.0,0.0,0.0
AGGCKHEWF2VFOZSYI56ENY4RSJZA,high,0.0,0.0,0.0,0.0
AGGE7SVOEFAGY4CFK2F5SSAQ7ICA,medium,0.0,0.0,0.0,0.0
AGGHH3VU3JAWUT5JB6UTGH4JHF3A,low,0.0,0.0,0.0,0.0
AGGIDJHEODLHT2I4T2UV4ODWVNFQ,low,0.0,0.0,,
AGGJ5MP5BOAOM6N46EF6MGDUUOMA,medium,0.0,0.0,0.0,0.0
AGGJ6ONONFTRXDCGQVYVSHRCEUQQ,high,0.09090909090909091,0.09090909090909091,0.0,0.0
AGGKJEUJJRHMMAWMKOYZLCDHTS3Q,high,0.0,0.0,,
AGGLOJ3Y22XOYZVOEHP63GFC5WPQ,medium,0.0,0.0,0.0,0.0
AGGN3C2225A5SXVUQNRHUUVR4PQA,high,0.0,0.0,0.0,0.0
AGGT7KIVYRQSC3Y7EVZ4GJI7TBVA,medium,0.0,0.0,,
AGGVQ4VTKWLEQQAIXH75JUCRZ5ZQ,medium,0.25,0.0,1.0,0.0
AGGWENDRP4YX5GRV4FFOJ22ML35A,low,0.0,0.0,0.0,0.0
AGGXZN2BD2YVS2A2KXCNZ7AQ2PMA,low,0.0,0.0,0.0,0.0
AGHE2FZPRWGRVTNGTMB6UDEVIWFQ,low,0.0,0.0,0.0,0.0
AGHFPF3DOVIEKHL5PZO6DNNHBOLQ,high,0.0,0.0,,
AGHGWPBANK5TTBVW3ADTSEQEPLUA,high,0.0,0.0,0.0,0.0
AGHLI6MWQUYALE53S3YE77OY4QPQ,low,0.0,0.0,0.0,0.0
AGHM4STPCDOP4JE5FAHC76BMZNVA,high,0.0,0.0,0.0,0.0
AGHMEPYCGSI75RAMZZX7EVYBZE5A,medium,0.0,0.0,,
AGHOWBDAIOVJZPKJXAGNKAS7UHZA,low,0.0,0.0,0.0,0.0
AGHS2IGE5P6EYDS43UC6BTQL2FWA,low,0.0,0.0,0.0,0.0
AGHUM5BAQPGKPVV2DBZDVGDHV6RA,high,0.5714285714285714,0.5714285714285714,1.0,1.0
AGHVM2DXFDNAAFXYX6E5F4UAUZXQ,medium,0.0,0.0,,
AGHWXNWCYSOPTFBXJ5GJDHEBOTDQ,high,0.0,0.0,0.0,0.0
AGICIIJLQN7C6IVPLGFZC5NRJRJQ,medium,0.0,0.2,0.0,0.0
AGIFNWWEIWYJZ7FFGUCKPR3NJB5A,medium,0.0,0.0,,
AGIICPP7YXDREYJKPTVK22HEM2TQ,medium,0.0,0.0,0.0,0.0
AGIITTS3YV4B3OCJENLDRWU4GXFQ,medium,0.0,0.0,0.0,0.0
AGIKFC47FTVDPNCJVK6J6M72PZ2A,medium,0.0,0.0,0.0,0.0
AGILV6ZJL6M2JSXSDOYS7LGST52A,high,0.14285714285714285,0.14285714285714285,0.5,0.5
AGIO4AMEQZKLPDNIKUYWGVQXIYUQ,high,0.0,0.0,0.0,0.0
AGIPLJAT4TF4SBVVGP77UWSV6KYA,high,0.0,0.0,0.0,0.0
AGIUN7NRJJPE5BBJC2LCAGO52C4A,low,0.0,0.0,0.0,0.0
AGJ44OZYH6ZK6BMZZXI7L4TJHTOA,low,0.0,0.0,,
AGJ6AXD47BURGPOFUQ7H7KHKTYFA,high,0.0,0.0,,
AGJCR2RSUPGFLE4WTUBAMGNKSO5Q,high,0.0,0.0,0.0,0.0
AGJLBZDQ6GERGMLVQLRCMWAQRV5A,high,0.4,0.2,0.5,0.5
AGJQHOL6VHBVEITK73E7YT57DJBQ,medium,0.0,0.0,,
AGJRBJ6BQN7WDJQEGUZMOTQQGAZQ,medium,0.0,0.0,0.0,0.0
AGJW5INVGJR3DNGPF3U3JA2AVP4A,medium,0.0,0.0,,
AGJXFQIW4V3YHD7KKMAGOASVYUEA,low,0.0,0.0,0.0,0.0
AGJYX7JZY7ZN4VNANCOOR7QOGQFQ,medium,0.25,0.0,,
AGK2RFI6CQ6K6MAKWLTGASRE742Q,high,0.0,0.0,0.0,0.0
AGK5RXQYRUMIAJ4AJADGK366LNZQ,high,0.4,0.4,,
AGK6EOMDX4657X2BKMG6ZWWDOLNA,high,0.0,0.0,,
AGKA2FFMLCBNFHT4TZK35MWMEUWQ,medium,0.0,0.0,0.0,0.0
AGKAQMN67BCEJ7TUO2EQWIJB6FOQ,low,0.07142857142857142,0.0,0.0,0.0
AGKATOSSF3W7NCL26HG55P2TST6Q,high,0.0,0.09090909090909091,0.0,0.0
AGKCP5BD2QULOPUKVATWDTK2GJDA,low,0.0,0.0,0.0,0.0
AGKEHVVFQIW3QDPE7RXYV3HJRKZA,high,0.0,0.0,0.0,0.0
AGKG7GR6RUPBJPLGYWEVE3TPCEIA,high,0.0,0.0,,
AGKGHO3ZXBSZKCORM5WUIIIXK2XA,medium,0.0,0.0,0.0,0.0
AGKGPJHMJOZ7X3H6BLQA4BJGPCDQ,medium,0.0,0.0,0.0,0.0
AGKGVTJFJOS247YT7NUUNFJ6EG4Q,medium,0.0,0.0,0.0,0.0
AGKHWDTGK7DIE3F7QMSPUBQZGTLQ,high,0.0,0.0,,
AGKV2ORMQMK74NTY4SU63T6K4KYA,high,0.3333333333333333,0.1111111111111111,0.0,0.0
AGKX2FAG2L6PHEDGJN2R7WHJFXXQ,high,0.6666666666666666,0.6666666666666666,0.0,0.0
AGKZ2ZEHIEAFWBVDNJFFSKC3IV4Q,low,0.0,0.0,0.0,0.0
AGL3NYRLP7YL7DVCNPLGF4U26V2Q,low,0.0,0.0,0.0,0.0
AGL4CQCJSF3KGYA5QSH4CRHYC7OQ,high,0.0,0.0,0.0,0.0
AGL4J2DUED3WYKK2BHZEE45V774Q,high,0.0,0.0,,
AGL6NP3NUZVH2QJBJZK5FWJ4EA5Q,high,0.0,0.5,,
AGL7V4274BKXGOZV46A5N3UAVFXQ,medium,0.0,0.0,0.0,0.0
AGLA5V5WHJRUREOHOJKIQ6B6BMXQ,high,0.0,0.0,,
AGLAJKD4O5ILP3K76OBGHB4QO34Q,low,0.0,0.0,0.0,0.0
AGLAKC5B65VOSCPN6J6B22SYTUCQ,low,0.0,0.0,,
AGLAXKW6OG6XNTBWBYQYMFT53BYQ,high,0.0,0.0,0.0,0.0
AGLLW3622CPBHW3WKKJBKYD363UQ,low,0.0,0.0,0.0,0.0
AGLMWG77GD7ORAUEVBIHF565ZSZA,medium,0.0,0.0,0.0,0.0
AGLN3IADDV3RHXQJNRE3HTOODUXA,medium,0.0,0.0,0.0,0.0
AGLR3EHODR3SZFD4VL7EDHNTV2UQ,high,0.8,0.7,0.0,0.0
AGLRB2QMMYFQNS45WYTFQAZ5TE7Q,medium,0.0,0.0,0.0,0.0
AGLSFIPVSSBECZBATIXQA3DQPM7A,high,0.0,0.0,0.0,0.0
AGLSWZDJ5X7VJZOV4DJDBGCVTCQQ,high,0.0,0.3333333333333333,,
AGLUGKDLF4WXTCRGY4DKMNGFMRBQ,high,0.1111111111111111,0.1111111111111111,0.0,0.0
AGLWDRJESN5FQAXAXLY2YPKVLKDA,medium,0.0,0.0,,
AGM4ZEPBMM423UYDEUJ7PQKIFXVQ,medium,0.0,0.0,,
AGM56E2JBRDH3YQMQMZOHVQIFIXQ,high,0.0,0.0,,
AGM5FTIUZOASBKJOEXGJ7BD6KCHA,medium,0.0,0.0,0.0,0.0
AGMBKOMWXHCOBCAIZR6ZYVHPVMBA,low,0.0,0.0,,
AGMBOMRXCEIACPZX7VJSZVQ6HV6A,low,0.0,0.0,0.0,0.0
AGMCKY6BQ4S6DK36E3TC4OVZY37Q,high,0.0,0.0,,
AGMEAMFA6FDDBO5QD7F6GNG5OQPQ,low,0.0,0.0,0.0,0.0
AGMEELLJOCW4QQQ5ZJRKFCXZKXTA,high,0.0,0.0,,
AGMHXBUVBUKGZUAY7S34BM2Z6KMA,high,0.0,0.2,,
AGMJZKJLJYV2EQX4DUZZU5C6KTVQ,low,0.0,0.0,0.0,0.0
AGMLNH5INNS2XK7S5RBL4ILPHL4Q,high,0.0,0.0,,
AGMMFO4UP5MNARJYJXQNH3VUSGMQ,medium,0.0,0.0,,
AGMN3ZOQS6TUQ3O2I5N733GHIIAQ,medium,0.0,0.0,,
AGMPPOAEA7LYQRGE4CGJJI2LKAXA,medium,0.07692307692307693,0.07692307692307693,0.0,0.0
AGMQVML3YHK6BT5P3GVFCPZU7ZUA,low,0.0,0.0,,
AGMSH7QLB4ZDTTAZBIG6CDXTIS5A,low,0.16666666666666666,0.0,0.0,0.0
AGMTGRJWX67SQ2PSA57TMKJA6RUQ,high,0.0,0.0,0.0,0.0
AGMW4SQTX4T3TJV5EVN2FI5M6VUA,low,0.0,0.0,0.0,0.0
AGMWUFS5MOI6C7DX7TE7NBPST4CQ,low,0.0,0.0,,
AGMYSBPVGZP3A7U7E3PKW72ABYBA,high,0.0,0.0,0.0,0.0
AGMZOPTMVMQOE4477UV3TVTFMYPQ,high,0.0,0.0,0.0,0.0
AGN27UFCDBUHBBSA3FKA3PAJFNPA,low,0.0,0.0,,
AGN4Y6S2XZVAT55EWY7XNHJYOGOQ,medium,0.0,0.0,0.0,0.0
AGN5U3CP2NELFNI6BRKB3ATBDWHQ,low,0.0,0.0,,
AGNAYR4ZPJ64IFGB7VC3PJQM6Y3A,medium,0.0,0.0,0.0,0.0
AGNC6TYOBWY5RDFT5BWFA4HJCDIA,medium,0.0,0.0,,
AGNES2JXT2MESM4JYGEYC6XR2RWQ,low,0.0,0.0,0.0,0.0
AGNEVNZZGTN7ZM75EFYVOUPYI7AA,high,0.0,0.14285714285714285,0.0,0.25
AGNL4B3NI2S4PKCZXVSOIAQOE5SQ,high,0.0,0.0,,
AGNR5FPUXJK7G3DJFEQD2PM3PODA,low,0.0,0.0,0.0,0.0
AGNRFB3YKMZFKGLEJH2YJO3BFLTA,medium,0.0,0.0,,
AGNTFG4JO7JO4GVRWRJEWN7KYLRA,low,0.0,0.0,0.0,0.0
AGNTPTH5CM37APEJGZU2TVWGXELQ,medium,0.0,0.0,,
AGNXM7QOAI3HDZG5VX65GIVRKKWA,high,0.0,0.0,,
AGNZT4DKRK6VIHSSD745TDZCNGKA,high,0.0,0.0,,
AGO3FGWANQLO7NOXTFKWDPXG67GQ,high,0.0,0.0,0.0,0.0
AGO3FIXYAKJU4HPLX37ZVXCPFEEA,low,0.0,0.0,,
AGOCH7XMLZQM43GZPHII4DS5SOIQ,medium,0.0,0.0,0.0,0.0
AGOFCC7MM5WA6Q4AHLOCEY6B3JIQ,low,0.0,0.0,,
AGOJ7DDEITGDKZDSMERVPRZF73NA,medium,0.0,0.0,0.0,0.0
AGOKJ3DARTXJ7ZIPP3IO7TWUMPAA,high,0.0,0.0,0.0,0.0
AGOLEQWFYIQ6B5CMYX5DMBEJQMOA,high,0.0,0.25,0.0,0.0
AGONHR4U5DFGV4S5CJSGLK6ISQYQ,high,0.0,0.0,0.0,0.0
AGONJSNZ2I5VYFLRUEVECUNTZURQ,low,0.0,0.0,,
AGOOX77V545BTTIUDMVBRXLK2A6A,medium,0.0,0.0,0.0,0.0
AGORHVWRSIXPYFQJO47MH65HD24A,medium,0.0,0.0,,
AGOUKV346VJC6KMM6SIZ25YPAEFQ,low,0.0,0.0,0.0,0.0
AGOVPJBN2KKVUOX6WGXZAISWGKUA,low,0.0,0.0,0.0,0.0
AGOWOP4YB2YA6JHS67NHLNPKVUYA,high,0.0,0.6666666666666666,,
AGOXKBUZOSCEHF555OLNVWLK2MVA,high,0.0,0.0,,
AGP3SX2H4HUXLNZYEAZBZC4UQGFQ,low,0.0,0.0,,
AGP4NU2CMGUCKMMYC4SOAWXXJBXQ,low,0.0,0.041666666666666664,0.0,0.0
AGP554IIX2X2LW3CX4H5QTPZCQMQ,high,0.5,0.0,0.0,0.0
AGP5NNJRBKBM43ZDSBTDSSUBAODA,medium,0.0,0.0,0.0,0.0
AGP5PLYXD6YQPA3RMXVYWGXQPMWQ,high,0.0,0.0,,
AGP753TKD22CZUH32NSQIYTXFBZQ,low,0.0,0.0,0.0,0.0
AGP7QZHXPJAU4HDDZFPLLSZRI5WQ,high,0.0,0.0,,
AGPAGVPOQIFCYGUKJKFZ2Q5SJEEQ,high,0.3333333333333333,0.3333333333333333,0.0,0.0
AGPBDBUGFCIGKOMZ4A63YYNUY7RA,low,0.0,0.0,,
AGPDYV4L7W35JOTJOPNFMZMLEBOQ,medium,0.0,0.0,0.0,0.0
AGPGCNN7PQ2AS7HWG3PRUWUPBT2Q,medium,0.0,0.0,0.0,0.0
AGPHM5FPDIWV674OAECB6ER7XAYA,high,0.0,0.0,0.0,0.0
AGPHUNPWUJDWFA57FGIWQ3EQUGCQ,low,0.0,0.0,0.0,0.0
AGPHXVHS5JXRJPXCDOTHW7NYAC2A,medium,0.0,0.0,0.0,0.0
AGPITRNJFR2RNMZJAKIDLL5TDT7A,medium,0.0,0.0,,
AGPIZHOQBEDHF65JFF3A24GUMOWQ,high,0.0,0.16666666666666666,,
AGPJNGIZ7UCNQDJD2JUOVTENMT2Q,high,0.0,0.0,0.0,0.0
AGPLBBCDC2RS7WURGFIEAU6DD2DQ,medium,0.0,0.0,,
AGPLI6J5KM5YBZEY34WFIIU765UQ,high,0.0,0.0,,
AGPMIZUEUPWA7T3WLFNUJUSLD67Q,high,0.0,0.0,0.0,0.0
AGPNJENPPQCMWIPFUWBOMYCVT7RA,high,0.0,0.0,0.0,0.0
AGPU4WRAKAHORM2M5P2UPHXCOXZQ,high,0.2,0.2,0.0,0.0
AGPUU27CLZWS7SJMGMOFZ3A3ZKEQ,medium,0.0,0.0,0.0,0.0
AGQ32ADUHW5FKRQ2FZYRT27QP5QA,high,0.0,0.0,,
AGQAMOVIAES4OMEE2XJLUOCU3UMQ,high,0.0,0.06666666666666667,0.0,0.0
AGQBIJX2ASZLJUZDQQIIP4WECLDA,high,0.0,0.0,0.0,0.0
AGQDQCVPEXZYB4ND4NY2CPX5DLPQ,medium,0.0,0.0,0.0,0.0
AGQEXIDNSBVIJ57AMAHLB2Q3KBGA,medium,0.0,0.0,0.0,0.0
AGQFOV2AKAU3YI7DYXFSMJ5IG5IQ,low,0.0,0.0,0.0,0.0
AGQH6S27IKGR3QURKFZHW3MDQ3ZQ,low,0.0,0.0,0.0,0.0
AGQHQKQCGH4PKEYQNXMLW5E3LHCQ,medium,0.0,0.0,,
AGQIOPVOBEHS2ELZRGBORDPMCVJA,low,0.0,0.0,0.0,0.0
AGQJ76ICAE6K6PFVQFPTIYCKFSEA,low,0.06666666666666667,0.0,0.0,0.0
AGQJA3R27F77XXSQGDR3MI4B3NHQ,high,0.0,0.0,,
AGQLZV5SAES3JYWBIPPOCDFLXBBA,high,0.0,0.0,0.0,0.0
AGQNDCL6W7HA5MNTEN7SNJS2KXIQ,medium,0.2,0.4,0.0,0.3333333333333333
AGQV7MTFMU6AXZHQFLJ5VIAEMPFQ,high,0.0,0.0,,
AGQZUBABJPDWFTJLXNKRNCN7QALQ,medium,0.0,0.0,0.0,0.0
AGR33FHZMZHL5SGSGGCDWR6S2ATA,low,0.10526315789473684,0.0,0.3333333333333333,0.0
AGR46RLHCHFI4GAWMCCLFK7NN6MQ,medium,0.25,0.0,0.0,0.0
AGRA5KWKWBGPHDJMXRUER6MZFYLA,low,0.0,0.0,0.0,0.0
AGRASPJXAZ5I72BQN22XJHAI6H4Q,low,0.0,0.0,0.0,0.0
AGRB27K6N2BMKYOY7EV4M3SWNEMA,medium,0.0,0.0,0.0,0.0
AGRCWVM5Z75UMVPALC4R66J7IWRQ,high,0.08333333333333333,0.08333333333333333,0.3333333333333333,0.3333333333333333
AGRDE3JY3YB4AJD7ZWNAE65JWACQ,high,0.16666666666666666,0.05555555555555555,0.0,0.0
AGREG7EHYDG42GR5SDXPBRPA7R3Q,high,0.0,0.0,0.0,0.0
AGRINEKGJRXBVYAKZ5KBRZD26KTA,medium,0.0,0.0,0.0,0.0
AGRKGDHARIS4THJPESLN3WJG5USA,high,0.0,0.0,0.0,0.0
AGRNNR2YCSR3WE25IOQSIYOO4VWA,low,0.0,0.0,0.0,0.0
AGROF5VBQPSR4WZT2TPXSNIZ6YGA,medium,0.0,0.0,,
AGRY6EUS242KUNUDL24AZRZXN5LA,low,0.0,0.0,0.0,0.0
AGS2QOVA7C7DUGZ3J6UCNQOYPUCA,low,0.0,0.0,0.0,0.0
AGSAGCNBVSXQUWIHLIOLVLK7ZIGA,low,0.0,0.0,0.0,0.0
AGSARFMCQULFFGXBVCHAXQERG4EQ,medium,0.0,0.0,0.0,0.0
AGSBDQO5BBS4NBFFLWH6XPBRE5IA,low,0.0,0.0,,
AGSG4LWZFXFCHPRIV3JUAA6PK66A,high,0.0,0.0,,
AGSHNS72EVBRLLNBCLG7P3X5LJOA,low,0.0,0.0,,
AGSNHUOIG2HBR6TAGEX5NMFUNHFA,low,0.0,0.0,,
AGSNP2HHLHS5WNOS3WMGXUE4MWPQ,medium,0.0,0.0,,
AGSO2HQDEAJGFC5M72QYVBBKRLOQ,medium,0.0,0.0,0.0,0.0
AGSONHMLWR6C3Z3XELQ6S47CDQLA,medium,0.0,0.0,0.0,0.0
AGSQJG2SJJ7LH5FS2JLNURTWITEA,medium,0.0,0.0,0.0,0.0
AGSQUDWFK6N6VHE4VZATF6SYNKYQ,low,0.0,0.0,0.0,0.0
AGSU2CO5NU5CCHWJWQBFNKRHLAVA,high,0.0,0.0,,
AGSVAGFZDRO6CYFM6PSHMEH6KEDA,low,0.0,0.0,,
AGSW5GFHT477PX4FT2AZIG6TFVYA,high,0.0,0.4,0.0,0.6666666666666666
AGSXDOESFN7JU5WIOBXQR7KREXBQ,medium,0.0,0.0,,
AGSYZJ6ZG7WQA3OHG2X37QQDZ43Q,low,0.0,0.0,0.0,0.0
AGSZHUTOWYF62MUDSO4UI2WVGIAA,low,0.0,0.0,0.0,0.0
AGT2E3ILL4SJXMGIPZ5MU3V7NJGA,medium,0.0,0.0,0.0,0.0
AGT5XWY6AWS2LMP5757MJQYY52VA,low,0.0,0.0,0.0,0.0
AGT6CVAQRS4ISXCGVOT2FVYETGRQ,high,0.0,0.0,0.0,0.0
AGT6NMCX7KQ7MB7VUWIS4APH2GJQ,medium,0.0,0.22727272727272727,0.0,0.4
AGT6ZUUDWA7GV6NC3M4Q77HJ7OGA,low,0.0,0.0,0.0,0.0
AGTA4RDY5V3KXYCRDPP4ETYL3GBQ,low,0.0,0.0,0.0,0.0
AGTAG4L4KAXBUJE2AW7Q4HTDC6DA,medium,0.0,0.0,0.0,0.0
AGTD4QXNKMEIUIQQYOULVZF222JA,low,0.0,0.0,,
AGTHW2UNUVFXSXUI3I6YHH27EGWA,medium,0.2222222222222222,0.1111111111111111,0.0,0.0
AGTHXKXUN7437PZSS6756INFHJRQ,high,0.0,0.0,,
AGTMZEO4SDQ3ZFIE4RCAU45YAQCA,medium,0.0,0.0,,
AGTPT2E3ZR7YPDEQ5N7X5V2PDYNQ,high,0.0,0.0,0.0,0.0
AGTPYWOVFZU2MXXYW45VRXL77ZJA,low,0.0,0.0,0.0,0.0
AGTQ4KHQD6NVQ2YT3CGCFI4ZFGIQ,high,0.0,0.0,,
AGTW5FDE2CB6XA25INKP6QJRJ4CQ,low,0.25,0.0,0.0,0.0
AGU54RRD3YZ3WILKWURH5QOLT2IQ,high,0.5,0.5,0.5,0.5
AGU5EXZYYNITGSHVFCZOAJVH36RA,high,0.0,0.0,0.0,0.0
AGU63FARU5R7L3EYI7VCK55V6PVQ,low,0.0,0.0,,
AGU67NHRVBPTS2UWA6W3JUM57A5A,high,0.0,0.2,,
AGUCNIHN3UU3VITNWOSNZ5IUZDZA,medium,0.0,0.0,,
AGUFEF7BVURES6Z4SYGTDZTQQGFQ,high,0.0,0.0,,
AGUH6JY72CL3NJ62KVGUJK5VJDEA,medium,0.0,0.0,0.0,0.0
AGUI4PCLFRQDALNQTG6AQMHE5GQQ,high,0.0,0.0,0.0,0.0
AGUKZ5SJVXM6N6NIXNET6QWBOQ5Q,high,0.0,0.0,,
AGUX5TDKW6W5O5RZG62RBKNDJ2IQ,low,0.0,0.0,0.0,0.0
AGUY6ATY4TAPSQO4C56DLCSDQGAQ,medium,0.0,0.0,0.0,0.0
AGUYHAZONJGFWLRU3UVCK7LY7Q5A,high,0.0,0.0,,
AGV3YIYSQ5G32RYBJIVVP7TNBPKQ,high,0.0,0.0,,
AGVB4IUSSW2OWDYPD7FPFO3OWCLA,medium,0.0,0.0,0.0,0.0
AGVDIEMTFK3N6AMPIRLCCIVWE6DQ,high,0.0,0.0,0.0,0.0
AGVHKQ5B6WGDXWFG32ZNFUOGNDBA,medium,0.0,0.0,0.0,0.0
AGVLWLNPXW5GHREKE5ZADVELHKDA,low,0.0,0.038461538461538464,0.0,0.0
AGVM2PBFTOHNTQ6RCUHO7NFCOYYA,medium,0.0,0.0,,
AGVM4OZGIHTSY3YME5KQRRE7D3RQ,high,0.0,0.07142857142857142,0.0,0.0
AGVP7GXCID4DI763NWMVEUNVF6WA,low,0.0,0.0,0.0,0.0
AGVU6UOFP73QXBWY5OVWRJSSGXKQ,low,0.0,0.0,0.0,0.0
AGVUKTCX2X4QA3KNQRWEWL2GFBGA,low,0.0,0.0,0.0,0.0
AGVV4QZ5GNYE6EWP7VPOJIQNGKCQ,medium,0.0,0.0,,
AGVVS7CPDRJ4WPTDTLLDNCLTGXWQ,low,0.0,0.0,,
AGW223CUGP4KI5QUIY2OXUX4OMHQ,medium,0.07692307692307693,0.0,0.0,0.0
AGW2EKQMPZM564X26WODZIRQUPQA,low,0.0,0.0,0.0,0.0
AGW3H33REDZA7OT4JPG3LUZYZNAQ,medium,0.0,0.0,,
AGW3PAVBNA6RQTMGPO6FW3ZUIUKA,high,0.16666666666666666,0.16666666666666666,0.0,0.0
AGWAN5FV3NTXLWM3EPZOIFDSRAKQ,high,0.0,0.4,0.0,1.0
AGWAZOF55VJ36APWWYM3OI4CMLHQ,high,0.0,0.0,0.0,0.0
AGWBV7EDGY5CO5GHSSCMF4XF7LZA,low,0.0,0.0,,
AGWGJRHZHUHMJOT7HHU4MU5NQU3Q,medium,0.0,0.0,,
AGWIVIT5YGBIBL7AZYM4ZY5D7FSA,medium,0.0,0.0,0.0,0.0
AGWMFDUI53TQJZTHHPALLKP43HOQ,medium,0.0,0.0,0.0,0.0
AGWNCF3MSGZZQYH7HMF5ZJQ4SBEQ,high,0.0,0.0,,
AGWNGLKLPALALWSSSSEMHGK6ENRA,medium,0.0,0.0,0.0,0.0
AGWNJ26FHSQYZOWBDW3YJYAINZBQ,low,0.0,0.0,0.0,0.0
AGWTPHHUUYKYR7VX5ORJULEGIGSA,high,0.0,0.0,0.0,0.0
AGWVVFBR44DI4N5A62PKVY5NGXWA,medium,0.0,0.0,,
AGWYDTA25SSOJ7NQRKUIZ2J6VDOQ,medium,0.0,0.0,0.0,0.0
AGWZQLLETVCCIVJNGS5UWK5OMKZQ,high,0.0,0.0,,
AGX7X3N5R3BASJGQH7XI3WTTBXUA,low,0.0,0.0,0.0,0.0
AGXFA5NRMF3ILKV6HEKUN47OTVYA,low,0.0,0.037037037037037035,0.0,0.0
AGXFSRH3EKFX2IOH5745TK4GHR6A,medium,0.0,0.0,,
AGXGMYR3NNDZIQEHH5CQ5FNHPKFA,medium,0.0,0.0,0.0,0.0
AGXGSTKBQGQUAT3573SAYTMC3DBQ,low,0.0,0.0,0.0,0.0
AGXGXHTUJXLJ25RQY77LOCXSSOUQ,medium,0.0,0.0,,
AGXJX5BJJGHZNUFA4FXEL22GAHKQ,medium,0.0,0.0,,
AGXMMPALAQKE4MXSPHSZOFQWIHPA,low,0.0,0.0,0.0,0.0
AGXNNDGBBN7K2RJQQW7UBR347SZA,low,0.0,0.0,0.0,0.0
AGXOZ4AQF7UQTHGHEP6ZFFQRUR5A,medium,0.0,0.0,0.0,0.0
AGXUG2EJAHUM57ZCDSTRZCCZY62Q,high,0.0,0.0,0.0,0.0
AGXWYNQC4NAV3QEYFBZUSVEGZ7NQ,high,0.0,0.0,0.0,0.0
AGXY34ARCLCWWMWLBINWJE6YSRIA,low,0.0,0.0,0.0,0.0
AGXY4W4HTZR64FCMU6RA3MOWLHCQ,low,0.0,0.0,0.0,0.0
AGY2DDVM6NHSR6RZERNUVUQLVJMQ,high,0.0,0.0,0.0,0.0
AGY34HIORSZHFD7PGLEHDUMW3DKA,low,0.36363636363636365,0.0,,
AGY3RRCMOUBWJ5S5KAYE73JPX5XQ,high,0.05263157894736842,0.05263157894736842,0.2,0.0
AGY5IK2OM6FAXENAMGUEVSN2LD2Q,low,0.0,0.0,0.0,0.0
AGY67CQBJW3NAC5WKJUSA2XXYFTA,low,0.06666666666666667,0.06666666666666667,0.0,0.0
AGYEWIOO2IB6M6F6GWZHCOSKA6PQ,low,0.0,0.0,0.0,0.0
AGYHMTXBIDNGHNP2MTF4ZVASOSLQ,medium,0.0,0.0,0.0,0.0
AGYIK6B24F2BY3BBIGSVVXPCZ3QA,high,0.125,0.0,1.0,0.0
AGYILE6D7B5D4BQ4TMKJKEGU5SYA,low,0.0,0.0,0.0,0.0
AGYIT57GDKQLYUIVR337H65XBGHA,high,0.0,0.0,0.0,0.0
AGYOUIEYSBGA55KHDGQZMIFYWPZA,low,0.0,0.0,,
AGYOZI2S5FC4OKDCXN2Q7L3EMIVQ,low,0.0,0.0,0.0,0.0
AGYPRH2MBLCZMUGIGYZAQNO3A4TA,high,0.2,0.1,,
AGYYA5PAI2TSDIFACTQ4CMDLIWXA,high,0.0,0.0,0.0,0.0
AGYZXHUK4LRJAB5RSZ6J5VNN25EQ,low,0.0,0.0,0.0,0.0
AGZ3BE3OM5TQO4F5A36BVMZW2CAQ,medium,0.0,0.0,,
AGZ3IX2TFVXAAF5G3KNTKHGHVTUA,medium,0.0,0.0,0.0,0.0
AGZ4DVLYHPDFUITRAQGMFOXDGGNA,low,0.0,0.0,,
AGZ4TBJABTGFXVTDXMVBHTNJK2DA,low,0.0,0.0,0.0,0.0
AGZ6WR5FWZIEZTJ4A5KOX5W56IHQ,medium,0.0,0.0,,
AGZ7WAJXY3VKKAOYT3UUE2E4E62Q,high,0.6666666666666666,0.5,1.0,0.75
AGZ7WJHXZNKASLP4O6NEOR77YRXA,low,0.0,0.0,0.0,0.0
AGZECJ7KL3PZZM5I5TYJW6QN2DMA,medium,0.0,0.0,0.0,0.0
AGZFH24CRE6MCFCUO6HC3EHT6EQQ,low,0.0,0.0,,
AGZH2ST3APBDSEOUJ6MDBMGVQ4BA,medium,0.0,0.0,0.0,0.0
AGZKFC5CXGXTI5LJSFXE5AQPHZQQ,high,0.0,0.0,0.0,0.0
AGZKSLZQNQ2NYDIITZKQZ3QYP4KA,medium,0.0,0.0,0.0,0.0
AGZOH7IKAR57AL5S42FCIDMPTFFQ,medium,0.0,0.0,0.0,0.0
AGZQJU2RDSB6V7YFXGSJDTFEQKPA,high,0.0,0.0,0.0,0.0
AGZQOJP75S74HYD44SRXTTVMMULA,high,0.0,0.0,0.0,0.0
AGZQWQE3MRDQ4EF73IN67CSS56DA,high,0.0,0.0,0.0,0.0
AGZT3BTBFJO7C636MY6QE2OQZBSA,low,0.0,0.0,,
AGZY67P2OKE7QHJ2G2SSAQBTGRCA,medium,0.0,0.0,0.0,0.0
AGZZ6O6HFTDSOJ2SNR7IZNMM63NA,low,0.0,0.0,0.0,0.0
AH227EGVADHYFBIKGKTZFL7ZDDUQ,medium,0.0,0.0,0.0,0.0
AH232QGKO6VL3674XFR2S4NWBRUA,high,0.0,0.0,0.0,0.0
AH23KVPPAIVTSTPNWMP4YOX332LA,low,0.0,0.0,0.0,0.0
AH24VLCXAMHTCPV3YPMF7DDUQ7OQ,high,0.0,0.0,0.0,0.0
AH26FLC6BPHBL63SUXSEUGQMXNWQ,low,0.0,0.0,0.0,0.0
AH276SFTVG7AVS5GBXFACGKQK6RQ,low,0.0,0.0,,
AH2EFOGF4XQC6EBVQ5WRKV7QZBMQ,high,0.0,0.0,,
AH2JJB2A7K6QAB3PF73LIOQVTHMA,medium,0.0,0.0,,
AH2LO236DZ5FGRMBCIFBOCI3MBKQ,low,0.0,0.0,0.0,0.0
AH2MEH4OK2SPZPLBBAYUPGGVXB4A,high,0.0,0.0,0.0,0.0
AH2QFKQ74Y2NJLWRKCBIPSOTC5NQ,low,0.0,0.0,0.0,0.0
AH2QGHBGNT6RNJ5HNP3FZCDF6K5Q,low,0.0,0.0,0.0,0.0
AH2RSUSQP3R5C5Z6UXMP5TQLVGIQ,medium,0.0,0.0,0.0,0.0
AH2TLZHL4HZCEO6UHF4NSZBO7L7A,low,0.0,0.0,0.0,0.0
AH2TTVHXMBUUY3EMXM4RX2OYNLWA,medium,0.0,0.0,0.0,0.0
AH2V2363PPQ3T4AQTLTLMVW26DJA,low,0.0,0.0,0.0,0.0
AH2XLJY3NBDNQYW73QFYA773QR5A,low,0.0,0.0,0.0,0.0
AH32YEBAAXOZP2GCW4YCBTWL6O4Q,low,0.0,0.0,0.0,0.0
AH33W6SYOY4VG7HHA6UFAQGZNVHQ,high,0.0,0.2,,
AH347H2JGJXR6OORA4BMY74I7IQA,high,0.0,0.0,0.0,0.0
AH34X7VFDO7SY5PT6XHW3UVV3LLQ,low,0.0,0.0,0.0,0.0
AH35S4JME5GTRFDVFMYSOB5EDYCA,low,0.0,0.0,0.0,0.0
AH36KWUMB24PUSFKKZXWS464VPRQ,medium,0.0,0.0,0.0,0.0
AH3BBW3ZDFENJQO2VJXNJWNBS75A,high,0.0,0.0,,
AH3IF3YZC3OPG4M6QAROMEI2KUVA,low,0.0,0.0,0.0,0.0
AH3KTRUURYKUVNIWFIZWL63ATR6Q,high,0.0,0.058823529411764705,0.0,0.0
AH3O53GIM74MBRQDFA2HD4DJOE3Q,low,0.0,0.0,0.0,0.0
AH3PHZMRBCJ5GHU4GKCFIZWM5BEA,low,0.0,0.0,0.0,0.0
AH3U7AE5X7JG6VK2AIM7P6FESXBA,high,0.0,0.0,0.0,0.0
AH3WE3BUFWZPIJGKPUED57WDOYWQ,medium,0.25,0.0,,
AH3WEXYMGWESCW3WXL4MW5NU5WZQ,low,0.0,0.0,,
AH3WLLNGMQQNYYF2FIFEL7M2YFTQ,medium,0.0,0.0,0.0,0.0
AH3XATQYVLAE4QIDBXF5EKPQ4BAQ,low,0.0,0.0,0.0,0.0
AH3XMLDEK5HDV7XU6O6W7VCYMXIA,medium,0.0,0.0,,
AH3YRAYNNPMX2XDKHDSIWRW7AVOA,high,0.0,0.0,0.0,0.0
AH463QO2BUIEVIV777PQW2RTDYTA,low,0.0,0.0,0.0,0.0
AH46NSSSLAE42FCZZZOITQ6PCN6A,medium,0.0,0.0,0.0,0.0
AH4ELM4FRCKDHYYFGF7NR7H3QNJA,medium,0.0,0.0,0.0,0.0
AH4JE3MACJFT7QFNZYOR6VWCPRIQ,high,0.0,0.0,,
AH4KAC7BEOHQCM4LNJQUMTYRFCWA,low,0.0,0.0,0.0,0.0
AH4LFQPPUIM5ZD35J6KN4ICFXIZA,low,0.0,0.0,,
AH4LFZCGDG37DTGFRUKLKKCEJ7UQ,medium,0.0,0.0,0.0,0.0
AH4MZBBMKMYDFAUEMSJXX4HVBC7Q,low,0.0,0.0,0.0,0.0
AH4OQXN77VLA7UPTMZPOS7EDYGBA,high,0.0,0.0,0.0,0.0
AH4SM7E5BLUAGQD6PO3ECNBTVWDQ,low,0.0,0.0,,
AH4UDYRNBETESAQE4RGDGALXOZ7Q,high,0.0,0.0,,
AH4VFZLTJXOJW3L7O25YOBIJVZMQ,medium,0.0,0.0,,
AH4ZGAIUCEKAFOUIEHFHHUNY4DPA,low,0.0,0.0,,
AH4ZVOXF736LDHVBOKW44AU775ZQ,low,0.0,0.0,0.0,0.0
AH55CUTLXGHQLEOZU3CELP6BV5CQ,medium,0.0,0.0,0.0,0.0
AH562DPWJVO4GQYYTWWHZ7SVMDMQ,medium,0.0,0.0,,
AH573WCS6DGYTJDZ5DHD2AIW3COQ,high,0.4,0.4,0.0,0.0
AH57SSN3NBRAI2V5H3J5R677GE7Q,low,0.0,0.0,0.0,0.0
AH57SSUA4ICGEN4HKSPK6XQFNOVQ,high,0.0,0.0,0.0,0.0
AH5BPVA2PZYMYJ5P5UC44RPABG4Q,low,0.0,0.0,0.0,0.0
AH5DW6BXU5DVSE5HBAIUBF6POATA,high,0.0,0.0,0.0,0.0
AH5G2DB7VQXZ2MH72S22LIGZ7F3Q,medium,0.0,0.0,,
AH5KU7PE5J7UIIBJSLKGBQCOF5HQ,high,0.0,0.0,,
AH5KZVWRZITINO33GXRP6BTFZCAQ,medium,0.0,0.0,0.0,0.0
AH5LOETGEQCE2NOIPFBHCBNHLCNA,low,0.0,0.0,,
AH5PFCO3OIGXD45ALWUSN7PZEOJQ,high,0.0,0.0,0.0,0.0
AH5WY53ETY3T3YVTED5MC7GM2RQA,low,0.0,0.0,0.0,0.0
AH5XX4HVI5E3THAQOGYO25YBMJTQ,low,0.0,0.0,0.0,0.0
AH5YAOPZOCGSBYG7NYWTPRNZTBTQ,medium,0.0,0.0,,
AH5Z5V55MMOFXDEDFMBDMFSXECUQ,high,0.0,0.0,0.0,0.0
AH63IT3Q6OA23O3S4TZ3LJYYNBIQ,medium,0.2222222222222222,0.1111111111111111,,
AH64735K4MFDOFKSI2TQFHD6GVCQ,medium,0.0,0.0,,
AH64M7ER4NG2JVUJMPEEPPVLKF5Q,medium,0.0,0.0,0.0,0.0
AH64Y34IXC5OQLSD3V2Y245WFYMA,low,0.0,0.0,0.0,0.0
AH6AY7MCIPAYODE2SSPIQKIIT4XQ,low,0.0,0.0,0.0,0.0
AH6KTVA2JFJ2ZRRNOSSURGCX52MA,low,0.0,0.0,,
AH6NVRCBSVC57YYYOA6LE63SUAHQ,low,0.0,0.0,,
AH6O2V64Y2N4LL65MHQFYCKI7BDA,high,0.0,0.0,,
AH6PKDK67G6SL6AITCJXZHKATMSA,low,0.0,0.0,0.0,0.0
AH6QPYCJHAJUBO4VMUDK7YZDS2TQ,high,0.0,0.0,0.0,0.0
AH6SIIH36SC2FOWPCECUBNBEKJCA,low,0.0,0.0,,
AH6TMWRBD5BAOX22RSAHZZZQRJHQ,high,0.0,0.25,0.0,0.0
AH6UFBYL5YWS44M4CT23C2KTFN7A,high,0.0,0.0,0.0,0.0
AH76RNVXZKA5VFZFH76O6U6QEVGQ,medium,0.0,0.0,0.0,0.0
AH76ZOKQGBU2HTEDCKXVYNKQHQHQ,low,0.0,0.0,,
AH7B62JPTW3MB3AJXKWMMUWRFQ3Q,medium,0.0,0.0,0.0,0.0
AH7FPFPKRPPZKUZMW3PGFMFVAOFA,medium,0.0,0.0,,
AH7HK4R3QRQ242BG3OLN2FWJFCVQ,low,0.0,0.0,0.0,0.0
AH7JD2DL2ZARIGXHNJJ3KUDWLUUA,medium,0.0,0.0,0.0,0.0
AH7KMI47YXXCRA4RGD7KIWJXGLSQ,medium,0.0,0.0,0.0,0.0
AH7LP4GCGLKGJE7XENJRWLFAJNEA,high,0.0,0.0,,
AH7OW3IONK67BBXIYISLDB52DKEQ,low,0.0,0.0,0.0,0.0
AH7UQDPBPPIDECIHGHKA7UZYAFWA,high,0.75,0.75,,
AH7VJDU6JG5OSHSMBFLJFVQSMIXQ,low,0.0,0.0,0.0,0.0
AH7X4RGPTCVCBOCYCHBTIJ75TWGQ,low,0.0,0.0,,
AH7Z26AXTW2PDUM55SENZV7VY2EQ,low,0.0,0.0,0.0,0.0
AH7ZNF5OTHV2LLNQWDSBHZ4XL3DQ,low,0.0,0.0,,
AHA252PM46TRNSREYDKZ47JT5JIQ,high,0.0,0.0,0.0,0.0
AHA6ZTEMPSTNCBTG3ODTX7HPOCPA,low,0.08333333333333333,0.08333333333333333,0.0,0.0
AHAA4HSA7CWF7Z26OCDMIPMUIU7A,medium,0.0,0.0,0.0,0.0
AHAGC7FB27J5IWYZPUV2E3Z6UOMA,low,0.0,0.0,0.0,0.0
AHAGQJU5C2AXZVVZJHHREGMWLWIA,low,0.0,0.0,0.0,0.0
AHALTJDMAOP5PE4SMZWEXYQW3LKA,medium,0.0,0.0,0.0,0.0
AHAOGTCA2VOPG6CZ4IVZU32LL4UQ,low,0.0,0.0,0.0,0.0
AHAOS7R725KSAMTIAULM24XOP4BA,low,0.0,0.0,0.0,0.0
AHARBDYXWACNU3SUIVCMFN7M3PBA,high,0.0,0.0,0.0,0.0
AHATPCVNPAPDFEQZQBZERUVOOVKQ,low,0.0,0.0,0.0,0.0
AHAVIAWU4UXK7CNP7MYPK4JTC36Q,low,0.0,0.0,0.0,0.0
AHAWNAGTSKXJYWBDUKSPFCZFVODQ,medium,0.0,0.0,0.0,0.0
AHAWYA6RMY5PKG4YPZEMQLNAYX2Q,medium,0.1111111111111111,0.0,0.0,0.0
AHAZUBLR5KFX5ETQK5HBEWCOYMJA,medium,0.05,0.0,0.14285714285714285,0.0
AHBBLNJT3J7ZUPZVD46MMEKJKRKQ,high,0.0,0.0,0.0,0.0
AHBCEF7OZ5PKXJCSUXV73QZWZEUQ,high,0.0,0.0,0.0,0.0
AHBFYZN7S3XHT3UX2XPJGYZYVTEA,medium,0.0,0.0,0.0,0.0
AHBG3TESBPC7CWL5LBSLU2O5IVPA,high,0.0,0.0,0.0,0.0
AHBG7GOVCMNUZOT4A27SSZO5KQTA,low,0.0,0.0,0.0,0.0
AHBGD7P4MIDNZZDPFQ3SJSIQBC2Q,low,0.0,0.0,0.0,0.0
AHBJ3FWM7BJLP3K5EHT2CN3VTZ3A,low,0.0,0.0,0.0,0.0
AHBJE3SPKHLVQFW25XOAWQRWZA3Q,low,0.0,0.0,0.0,0.0
AHBJSOXI5HSDH2CVNSSNN7LJEE3A,high,0.0,0.0,0.0,0.0
AHBOBJYDXYESFFZJWF4FCQ55VPKA,high,0.14285714285714285,0.09523809523809523,0.3333333333333333,0.3333333333333333
AHBPI666G2QI44DQTJWBLOREC26A,medium,0.0,0.0,,
AHBVL53IGV5NTJUEWG5X6KQILC7Q,medium,0.0,0.0,0.0,0.0
AHBXDOKTP4TXSLZRXSVJCP7F3BXA,high,0.0,0.0,,
AHC6BHAUAAK5D2L72PGNJZAHS62Q,low,0.0,0.0,,
AHC6UK7AUUJYG3QUWTXVV3WKN5GA,high,0.0,0.0,0.0,0.0
AHCCFWIDK5GVU6I4OM52I7RJL76Q,high,0.0,0.0,,
AHCESTP6ATGCAFH3QIDT4URGYXNA,high,0.0,0.0,,
AHCFSYVLTBNYIJ6OFENA2W2ULQRQ,medium,0.0,0.0,,
AHCLDWOSYYUNSGKR2GBPSE4Y4ZXA,high,0.0,0.2,0.0,0.0
AHCPNGO44JGPUHZDILZHZLJJW3DQ,medium,0.0,0.0,0.0,0.0
AHCQCL4Z72EFNK2KKO7LCBEULCEA,high,0.8333333333333334,0.8333333333333334,,
AHCRLE7WJ3E3JATWRCGAD73FGRPA,low,0.0,0.0,0.0,0.0
AHCTOQXGLUZH2JB4IJZTSDFHZEZA,high,0.0,0.0,0.0,0.0
AHCU7R3ZFK5U2LYRDXTMFJKZ6PQQ,low,0.0,0.0,,
AHCVAH32U6FBQR25FK7U2W4XLPMQ,high,0.0,0.0,,
AHCVOLDGU2DR4WDZKZCXXUXFG3VQ,medium,0.0,0.0,,
AHCZNPWQA2CJSXKXR3MSYVZK5AXQ,low,0.0,0.0,0.0,0.0
AHD3K46VOO7DCSV6IUNORCL2XWLQ,medium,0.0,0.0,,
AHD47HACOT4VLUYZRWC5DUFRGEEA,high,0.0,0.0,0.0,0.0
AHD654N4YSWJIGZ6WZNLL5U2ENJQ,high,0.0,0.25,,
AHDA3MMFVUUDMAAHVUPZPKN4N7JA,medium,0.0,0.0,0.0,0.0
AHDBFYSKRRX2JFTYY33AJNRXSBNA,low,0.0,0.0,0.0,0.0
AHDFZ4Z4GRVEQRKYMJI47T4EPZ5A,high,0.0,0.0,0.0,0.0
AHDJ7DODL42GRNSGMCMOCAV42D6A,high,0.0,0.0,,
AHDJRM26VZ6PRSEGSGTJCMLXPEUQ,low,0.0,0.0,0.0,0.0
AHDKTZ2OZZZCH7ANP4MJLRLIUZRQ,medium,0.0,0.0,0.0,0.0
AHDKYU7F4OJ2NJYZ6OAYDDKQ2AOA,medium,0.0,0.0,0.0,0.0
AHDNIGH3OSQ2A7FJ4D7B3HLY2EEQ,low,0.025,0.0,0.125,0.0
AHDPWEBQJ3HSKNUS32ZYBDYICEDA,low,0.0,0.0,0.0,0.0
AHDS7HRNOBWQUTGPRKFNPH6IXUKQ,high,0.0,0.0,,
AHDSUVWTDDSEH4UTBW2WGG76D4GA,medium,0.0,0.0,0.0,0.0
AHDWN4LOQ5HRNYSEKRMX5VZMNKUQ,high,0.0,0.0,0.0,0.0
AHDZ2YRTPXQ2B6ZF6H2EAJWZPH2A,high,0.0,0.0,,
AHE5LK3JEDMLRWEPDEWPWUZQJH3Q,medium,0.0,0.0,0.0,0.0
AHE6V6HM7EF4FQFTD3JKCDHP5UZQ,low,0.0,0.0,0.0,0.0
AHEB7Z2246WGYYOCDHGVG225VIGQ,low,0.0,0.0,,
AHEBO5L4AEJQKAPVMVWNGIHTLZ5Q,high,0.3333333333333333,0.16666666666666666,0.0,0.0
AHEC6QURIRTA2NFBBKLBAH4ZDPMQ,medium,0.0,0.0,0.0,0.0
AHECJNNORQ5YKHD5UKZOJ6TGEUWA,low,0.0,0.0,0.0,0.0
AHEJWKJE7XJTZ6YMOLM7TNDGHIPA,medium,0.0,0.0,0.0,0.0
AHEMMC3MGE3UXBARIQA4F7ZV7OFQ,low,0.0,0.0,0.0,0.0
AHEMRVLS746GN23TBNQGRKQDREMQ,medium,0.0,0.0,0.0,0.0
AHEP7JDWMEQ5EECTHUM4UYR4FEFQ,low,0.0,0.0,0.0,0.0
AHERNZVSBBLUNC3Z4533IQUFC25Q,low,0.0,0.0,,
AHEUNBWV6HPZTIK4FCLTK5ICA22Q,medium,0.0,0.0,0.0,0.0
AHEUNLZBHYD6K72TLVK6IHVJPMWQ,medium,0.0,0.0,,
AHEX3CRBEHB3H4X7TZUAO6NZ3GIQ,low,0.0,0.0,0.0,0.0
AHF4UJ4XCJCYPK2HMAY45T56XWOQ,low,0.0,0.0,0.0,0.0
AHF5JVOYFKO7GBJKVUP2W2F2TKPA,medium,0.0,0.0,,
AHF5WJA3XC2LTPEI4V64T4JLRKJQ,high,0.0,0.0,0.0,0.0
AHF6O44TIIBGUNGGJF42YK356AYA,medium,0.0,0.0,0.0,0.0
AHFHJIWFQH2IOCEFY6AZZVC2FC5Q,high,0.25,0.16666666666666666,0.0,0.0
AHFHS4Q37BYINIHAAE2K2JGOMPJA,low,0.0,0.0,,
AHFJ6XW2UOJIBJMWQEJRTHIGGULQ,high,0.2857142857142857,0.2857142857142857,,
AHFL4JVJGHCQNS4UUS6IJBUS6JQA,low,0.0,0.0,0.0,0.0
AHFLBEPGT2LCQCSUGP3SPR7NOX5Q,high,0.0,0.0,,
AHFNDAS4DTVYCPQCIFBWY363X4WQ,high,0.0,0.0,0.0,0.0
AHFQM27GEM645VRGSNNWBNJNJPOQ,high,0.0,0.0,0.0,0.0
AHFQUFNMDHO3UK7MENT27RBP5KKQ,medium,0.0,0.0,0.0,0.0
AHFSBELEVTYBZTZSLUCUFYNSX2NQ,medium,0.0,0.0,,
AHFVCWKOKFWU3HBBUQWMFQJXUXNQ,low,0.0,0.0,0.0,0.0
AHFY6UQ55WLQXK5CRE43472OFNEA,medium,0.0,0.0,0.0,0.0
AHG23L7GXKE4HTOAUYT6N5VALAWQ,high,0.0,0.14285714285714285,,
AHG4LDV5BUUAKFA5JBHTGPBMR4IQ,medium,0.0,0.0,,
AHGAZLUKVLBKRJPPGTMDYL56METQ,high,0.0,0.25,,
AHGDLJOYHYOQNK4HGOTBNRICETPQ,low,0.0,0.0,0.0,0.0
AHGDPCDM6C52L7IL7RT7LJUFJCEA,low,0.0,0.0,,
AHGG6LAFZRL3RTDA6AWMFJCPYYJQ,low,0.0,0.0,0.0,0.0
AHGKI7OXGUB6I6IFWOB2LUADEYPA,low,0.0,0.0,0.0,0.0
AHGKMW5HWTKY2SLJD7IMZX7GZP2A,medium,0.0,0.0,0.0,0.0
AHGLM6YLCXXADDXR5CRUOI2FCHSQ,medium,0.0,0.0,0.0,0.0
AHGM6PSCJA4TYIKN3WSI7DJLPUDA,high,0.0,0.0,,
AHGPOPI47OOX7JILPYHPNYTO4MEA,high,0.0,0.0,,
AHGRRZVPOTPAJ3AKFQS3C4J36QGQ,medium,0.0,0.0,0.0,0.0
AHGZ3O6SNMKBWQQCS5SKCAUAGWCA,low,0.0,0.0,,
AHH3GHRCSLRZYBKR2TM55XV3RH3Q,low,0.0,0.0,0.0,0.0
AHH3LEO5CPNCEB2Y3VUCFVRP4POA,high,0.0,0.0,,
AHH3QHCEIFXNBMYVFBJXOAFGNDZQ,medium,0.0,0.2,0.0,0.0
AHH4WMMHWZLOQRKP4B3QS27NESAQ,high,0.0,0.0,,
AHH5U765IM2TG27WGCXO7GA5IMMQ,low,0.0,0.0,0.0,0.0
AHH6YUXOLGDN7XPDZWF4OXHVFBEQ,high,0.0,0.0,,
AHHH4ADO6NO6TKUPYDCJUDAOGIFA,medium,0.0,0.0,0.0,0.0
AHHIBCKMRTOVC5PRAJROTSOHPLCA,high,0.0,0.0,,
AHHIZ5KTU7BLNVPJLJQ7PMDZQK6Q,medium,0.0,0.0,,
AHHJFS4V46LVNY4T7BBVLWW7VZTA,low,0.0,0.0,0.0,0.0
AHHK2HJNRAGHYALHKEFRVEZW6HVA,low,0.0,0.0,,
AHHKAWXJPWVGFQZQ3BEQVAC54QSQ,high,0.0,0.0,,
AHHKXVXP5W6YB25C37DFBIF3BM4A,medium,0.0,0.0,0.0,0.0
AHHTKFNBQ2USBG5R4BTL3GH7JEYQ,high,0.5,0.5,,
AHHUFZXS3W5SS3H6CU2Q5Y34WULQ,medium,0.0,0.0,,
AHHUHAL6HFQFODUMAAFW6PMWWM4Q,medium,0.0,0.0,,
AHHXO2MYPQRFO25T3NQGDA5HIUPQ,high,0.0,0.0,0.0,0.0
AHHZ64672VE4KMA65DLDS5ZUFEVQ,medium,0.07407407407407407,0.037037037037037035,0.0,0.0
AHI24TSIPMMKBTQW27COVFBEW3HA,medium,0.0,0.0,0.0,0.0
AHI2AM7N4QF44OLQWLWY2S3MATXA,low,0.0,0.0,,
AHI2V2BM7B2GQQL3XKFLWXFJEWCQ,low,0.0,0.0,,
AHI4BFVU7CZDBQ2KG4XZK5F2GXPQ,high,0.0,0.18181818181818182,0.0,0.16666666666666666
AHI7IND55SGIG5DQ4IQLSR3KOEBA,medium,0.0,0.0,,
AHIBORZYQECBNQWGXDIWLLFVJQMQ,low,0.0,0.0,0.0,0.0
AHICNWJSRWDVKMTF2UN6OSJOFN3Q,medium,0.08,0.0,0.0,0.0
AHIDHIQHOPDCDHO3L4PH5OJGXS3A,high,0.0,0.0,,
AHIF5FYBIFEXJ7EEBLEUBM4AH5SQ,medium,0.0,0.0,0.0,0.0
AHIFKJNH7JA6WOWGPAXA3CJNZHRQ,medium,0.0,0.05263157894736842,0.0,0.0
AHIFL7UVCNPZCIE7LS5MZQGAZHQQ,low,0.0,0.0,0.0,0.0
AHIHYEEHFTYXTAG4OSQ5SVUG2GKA,high,0.0,0.0,,
AHIJLRGUWPJ2A36UXT5DZHXBRPPA,medium,0.0,0.0,0.0,0.0
AHIKMQUMRH2RY6GHCVXBZDLOPKXQ,medium,0.0,0.0,0.0,0.0
AHIO4BIYAYENSKTI3Z52DU6H5BIQ,medium,0.0,0.0,0.0,0.0
AHIRBYOOLW3HO3XODADNZ3Z44MUQ,high,0.0,0.0,,
AHIS6FVYNGYAJF5EO5TJWQ2PWMCQ,low,0.0,0.0,0.0,0.0
AHISY4O6IM6GE43NOMQE2FX4T66Q,high,0.0,0.0,0.0,0.0
AHITOMOWZGJDDPDTZOEKK27P3HPA,low,0.0,0.0,0.0,0.0
AHIWWYAGCKVOZNVD7M3WCPMAGCTA,low,0.0,0.0,,
AHIZ5HIOVO2R4OWITZ3SVGIC2UBQ,high,0.0,0.0,,
AHJ24UW5VPU6K2AUUMUU635CKKGA,medium,0.0,0.0,,
AHJ2DADYAGDRLNDQ2JNVVUSGNGUQ,medium,0.0,0.0,0.0,0.0
AHJADTTTJ4UZWIPFKESOJF6RAIAA,low,0.0,0.0,0.0,0.0
AHJD7MRIUPHDD2YYJXY4V6EHBA7A,high,0.0,0.0,,
AHJDL37KBB3MFJ5LT3ZVOS5M44JQ,high,0.2,0.2,,
AHJJFWVCVMBFER7TO6P2NBWKYCDQ,low,0.0,0.0,0.0,0.0
AHJJUTCLPZ4URI5AEYJUOCYLWNIQ,medium,0.0,0.0,0.0,0.0
AHJKETNSUS2FSSFR5PXICBPT3TNA,low,0.0,0.0,0.0,0.0
AHJLJFQOTWOCTBCCBKBOYKRVRSDA,medium,0.0,0.0,,
AHJOR2QH7OP4N326XT7SCNF5SJDQ,low,0.0,0.0,,
AHJWMNSQEHYHY7YVMENN6LZ4LC5A,low,0.0,0.0,0.0,0.0
AHK23VSQ4X3RLXPXWEMXOQOAVYSQ,high,0.0,0.21428571428571427,,
AHK2KP7WFK7DRL6IFDUGPZLGQSGA,medium,0.0,0.2,,
AHK67RKJ3H7OBKBYECZRHIG64B5Q,high,0.0,0.0,0.0,0.0
AHK7NMWTAZGHBBIXLCQ4G4FEZP4Q,medium,0.0,0.0,0.0,0.0
AHKD6VA5TZOHSMQV4FFQX5XSAKUA,medium,0.0,0.0,,
AHKE5SOWXEDHV7WSYL4LKGH3M3YQ,medium,0.0,0.0,,
AHKISFC5I5K4BLBOECOHQAJLTUUA,medium,0.0,0.0,0.0,0.0
AHKJS2OOR7IUMEC4WLP3DKFGAUCQ,medium,0.0,0.0,0.0,0.0
AHKJZFTWLYARUWP2NRI5JFLGM3BQ,low,0.0,0.0,,
AHKMKSPOBY6QR2CWXTDKMOYTWUSA,high,0.0,0.0,,
AHKOMMVDU5EVNSSBOZEEM7H52ZIA,high,0.0,0.0,,
AHKSNXLVQ4I2ZDSYFHILCZYIGDRA,high,0.0,0.0,,
AHKUPGMQHTTH233EEPUOQIPZHOIQ,high,0.0,0.0,0.0,0.0
AHKWTPPZBJ7PL2RGYV2357UQ665Q,high,0.0,0.0,,
AHKY5XARVQMB2UFOSDVKWYFCWI6A,low,0.0,0.0,0.0,0.0
AHKZLB6ROETXUYLHHA7CTJM2I2XQ,medium,0.0,0.0,0.0,0.0
AHL3NB62FQR2WPHMMFVPKGRI5LUA,low,0.0,0.0,0.0,0.0
AHL7K3DQED6GSPB4VSSC72MBSE5Q,medium,0.0,0.0,0.0,0.0
AHL7SDC4PWWOQYLSJ34YXNBCZWCQ,medium,0.0,0.0,0.0,0.0
AHLADV76B6UGL26ZROLB5FWDT7GQ,low,0.058823529411764705,0.058823529411764705,0.0,0.0
AHLB2D2EYMJ2NVFNEVL23H3GOPAQ,medium,0.0,0.0,0.0,0.0
AHLCXXASRLIAFVAPIMRHBPV4PM6A,low,0.0,0.0,0.0,0.0
AHLFAFYBXKQFQUM5YYINO6RLBKJQ,medium,0.0,0.0,0.0,0.0
AHLGNS54RPGK6W5ITBHCIWJP3EJQ,low,0.0,0.0,,
AHLIY642SLSEQHIIVA2EZXGJDYGQ,high,0.0,0.0,0.0,0.0
AHLK2VDA4VJPNZNV7ZQZVMURMA2A,medium,0.0,0.0,,
AHLKCSWSSIAMYT5YEWPEBTLC6V7Q,medium,0.0,0.0,,
AHLMC6AHEXXCY2QW3RSU2X2M53GA,medium,0.0,0.0,0.0,0.0
AHLN75KJP3OYYWL67YOGMQXJJJHA,low,0.0,0.0,0.0,0.0
AHLNAPYNS5RKAQTVLWWBKCGSOJPQ,medium,0.0,0.0,,
AHLONUTLM47S7HN5NAIQA3QSY6PQ,medium,0.0,0.0,0.0,0.0
AHLS4ZZ54IMOQ3EHTTOXWMNKTHLA,low,0.0,0.0,0.0,0.0
AHLZX5U4VUMVSUSR7ZUTYJ7IIUUQ,low,0.0,0.0,0.0,0.0
AHM2XKCUWJ4GZQNGDGNEVEN7FJYQ,low,0.0,0.0,0.0,0.0
AHM3ZLJ62Q3KB5UBAQXZUGZFVJMA,low,0.0,0.0,,
AHMENLJDOT4TK4FNGHKGMQA3V6BQ,medium,0.0,0.0,0.0,0.0
AHMIUDW65KSCU5LIIDIVAA7M4SJA,low,0.0,0.0,0.0,0.0
AHMK52JFQ2AHQQ4ZUMNBL7E6ZNPA,high,0.5,0.5,,
AHMNVUSEB6ZXGJY5X2XQEJUJXFWQ,low,0.0,0.0,,
AHMNWM7W2I4IWM7RCXS54QFC2IYQ,high,0.0,0.0,,
AHMPYBA6MUPJDN25HFWYCCHW7ZWA,medium,0.08333333333333333,0.0,0.0,0.0
AHMVFG35KINKNPHPRUHBLWABPQPQ,low,0.0,0.0,0.0,0.0
AHMWFC6ZWFFJKSIPMCAOTOWGE7HA,low,0.0,0.0,,
AHMXZZDABVY6XRCR2ILIJKTSPVQA,low,0.0,0.0,,
AHMZPNRRDD4OQX25LHSUNKBJVKOA,high,0.0,0.0,0.0,0.0
AHMZVPXHPDGLVS5HKHPNC3I2AYYA,medium,0.0,0.1111111111111111,0.0,0.0
AHN4EBXELEGAMZUQBQLVSQ4HXE4Q,medium,0.0,0.0,0.0,0.0
AHN6YEAKRMYG3X3URFJE3PIAZ2LA,high,0.0,0.0,0.0,0.0
AHNB7EME4WTSW4L4VE4NFBOWTXFQ,low,0.0,0.0,0.0,0.0
AHNE4WVYMHU5SVU7PPQ6L7DYX5SA,medium,0.0,0.0,0.0,0.0
AHNHKQ27OJDRWJRADR5APP7JHQ7Q,high,0.4,0.4,0.0,0.0
AHNL4SK35JO2GU3D3RMNKIE2YRLQ,medium,0.25,0.25,,
AHNMGUE3MVE4IMAHET4DFIFSEOLA,low,0.0,0.0,0.0,0.0
AHNMHAJKOTGLUM5KIJJRI6HUCFPQ,medium,0.0,0.0,,
AHNMYATBI76A3IQQJZ4YLM5U3HWA,medium,0.0,0.0,0.0,0.0
AHNP57PRH7GB4AHBTKPXOBH33FHQ,high,0.125,0.25,0.0,0.0
AHNQ54NRZDNMWJ6LNQTM4POB4HYA,high,0.0,0.0,0.0,0.0
AHNQXPD2I4UTGHMGXGE3OUJIXPXA,low,0.0,0.0,0.0,0.0
AHNRBCQTVDKT4LGFHALSTZSQUS3Q,high,0.0,0.0,,
AHNSRAVAHWCH3TFXQRCTMLBTNKBA,high,0.0,0.0,,
AHNTZVONMCC55XXEESJJ2I3OMRMQ,high,0.0,0.0,,
AHNVX3FJM3CKIKCFIRR747GSNHGA,medium,0.0,0.0,0.0,0.0
AHNWZGT3CMRAFCAQ5RPDNM6ZR7ZQ,medium,0.0,0.0,,
AHNXSCSABLLA6SPVXA3LSIT663OA,high,0.0,0.0,0.0,0.0
AHNXVUFZSA7T5QWDCIQMSZUAJF7A,high,0.125,0.25,,
AHNYOV7WUMOIAJON7DVH4OL55O4Q,medium,0.0,0.0,,
AHNYUNPLFE4CD52FU4D3KEOERCDQ,medium,0.25,0.0,0.0,0.0
AHNZ3GHDN4S2DDU5G7CYXD2GQTQA,low,0.0,0.0,0.0,0.0
AHO2SA73FMXCNG5RWNHYINJW4BKA,low,0.0,0.0,0.0,0.0
AHOIOKQCQ4EHD2WUTRQ4NCPVRLZA,high,0.0,0.0,,
AHOPCGKTNGFHOR25H75ZFA4ZNN3Q,medium,0.0,0.0,0.0,0.0
AHOQRQVPGF26GSEA6S3X342QKXMQ,medium,0.0,0.0,0.0,0.0
AHORG6OGNUOEF5QES6NP5JVCK2UQ,low,0.0,0.0,0.0,0.0
AHOS5LGT2XD2QZJTHA6DGSR7EDAA,medium,0.0,0.0,,
AHOTSJLBS2XZMHOOFIAB73LEIFSA,medium,0.0,0.0,0.0,0.0
AHOVPG7OBJSOLVBNE6OM7QZ7HHMQ,high,0.0,0.0,0.0,0.0
AHOXT5N7OVP2ZN5FFUXRB6UMLTDQ,high,0.25,0.0,0.5,0.0
AHOZASRRCUPXDORJBM5ZGMH5AKNA,medium,0.0,0.0,0.0,0.0
AHOZE5RMLR5EXZT7CTVYXK7MJUAA,low,0.0,0.0,0.0,0.0
AHP577HFLZIGFBQSTR2ZHU7O2EWQ,high,0.0,0.0,0.0,0.0
AHP6ZPEG7NMCLOMPOMYZFH4IMWTA,low,0.0,0.0,0.0,0.0
AHPBB5JEE6JXY222UQZUEJTGQO3Q,medium,0.0,0.0,0.0,0.0
AHPBIITI5EBABML7DPQY663XUQSQ,high,0.0,0.0,0.0,0.0
AHPDLPFK34JAKMKFGEZ7XW4CKKOA,high,0.0,0.0,,
AHPHH3QW4B5TT3VBF4PWP5M6TV4Q,low,0.0,0.0,0.0,0.0
AHPIMGSAUWHVRMGKHAQNDSZSYJUQ,high,0.0,0.0,,
AHPLD6TOEOGHCHQNMDTNDI7OIPAQ,medium,0.0,0.0,,
AHPLDGZJ5HREIX47GAZ4TTECNPNA,medium,0.0,0.0,,
AHPM3F7OD4LPUT35IH7Y222JFR4A,medium,0.0,0.0,0.0,0.0
AHPS2E63DSDEJC4B5EBJVODQKDEQ,low,0.0,0.0,0.0,0.0
AHPSU3KUJ5VLOH72Y2VNOC7RZ53A,medium,0.0,0.0,0.0,0.0
AHPYKKO75CCO5L3CFNWLNTASLUQQ,low,0.0,0.0,0.0,0.0
AHPYUCBAWQ5DWZRQ724QEJEZUXDQ,high,0.0,0.0,0.0,0.0
AHQ2BD35ZZFLFBHJHS5CWQILGBUA,low,0.0,0.0,,
AHQ3BGLD4XCLHKNQRTCUMWRN4HPQ,low,0.0,0.0,0.0,0.0
AHQCIWAEKLMRPOO2E7XL6TOMHMPQ,high,1.0,1.0,1.0,1.0
AHQF2VXWQPUBKYR3RMJ6VDFDYUSQ,high,0.0,0.0,0.0,0.0
AHQGDJCTJDAOWFJNVVMXVAVNXAKQ,medium,0.0,0.0,0.0,0.0
AHQHUN43HWWRAEDUT3RV6BH6TYDQ,high,0.0,0.0,,
AHQLIM7SRWHKBFFYOTXQIO33EG7A,low,0.0,0.0,0.0,0.0
AHQLQCNMZDN6IMDPAM2IJXWDL7GA,medium,0.0,0.0,,
AHQN2UIAI65CREIGOQMA3REZEPUQ,high,0.0,0.0,,
AHQN7SWE5G3MB2XD5UHZ42OXT4UA,low,0.0,0.0,0.0,0.0
AHQOC3MSHDVMLB2LL52GEAXCFXVA,medium,0.0,0.0,0.0,0.0
AHQRAL7WS3NZUGKWBFONBM4V4NNQ,low,0.0,0.0,,
AHQVZ6V6LOLXVUSPPUFNAG6QLNLQ,medium,0.0,0.0,,
AHQY2EVF25LCENKRJZQMLNMJEPJA,medium,0.0,0.0,0.0,0.0
AHQY7QIVOAV6ODRMSCQUXY3H55EQ,high,0.0,0.0,0.0,0.0
AHQYK3VUY5JGNEMJMAPUHN7IF5RA,high,0.25,0.25,0.0,0.0
AHQYYFCS3OWHAFLYWJPCM5I6GDZQ,medium,0.0,0.0,0.0,0.0
AHR2V25IM6NUGZFYQCW54OYQYFHA,high,0.0,0.0,0.0,0.0
AHR7QDRVSY4OPBD6WQXOLO6PZZVA,medium,0.0,0.0,0.0,0.0
AHRBIMPQJKXWKEW6ACMJQK6OV72Q,medium,0.0,0.0,,
AHRBIPJVNRUVYNRDOJMCKRLR6RRA,low,0.0,0.0,,
AHRDHSVAQ33HUBQ4SI3GOOTEQIQA,medium,0.0,0.0,,
AHRL34P32WESSNH2KYDXYBNJ3NSQ,medium,0.0,0.0,0.0,0.0
AHRLHQP2TG5YFFHDFNM7CG2QUPGA,low,0.0,0.0,0.0,0.0
AHRLT6MQMYCE63FCW4BBYJCZWETQ,high,0.0,0.25,0.0,1.0
AHRMYCOKXVGSQ4JVQYU5VUYJZS3A,high,0.043478260869565216,0.0,0.0,0.0
AHRP6EMLMRTV5UERWWZ3PSAP3MSA,medium,0.0,0.0,0.0,0.0
AHRPWFHYWTDOPERET7TYO4PMMY7A,medium,0.0,0.0,,
AHRRIVUUF3UYDO7ENH3H55NQ3NAQ,medium,0.0,0.0,,
AHRRTEDWZW6VPUHUCUHNSEQ3AFPQ,low,0.0,0.0,0.0,0.0
AHRT7PQWZIVWFKFQDEEINKCJXOVQ,low,0.0,0.13043478260869565,0.0,0.0
AHRTWBTQ3L2FJKRBIW6A7U3K5HOA,high,0.25,0.25,,
AHRXNFN7NH5PSHZGH6ZJSSRF67QA,medium,0.0,0.0,0.0,0.0
AHRXS6UV2LA2GVHYE72J6YJDOF3A,high,0.0,0.0,0.0,0.0
AHRYJRPN7XNUXRUJFRCMCX5Q6DHA,medium,0.0,0.0,0.0,0.0
AHS63Y3NRBP3CFNGYWSP6MUJ72AA,high,0.0,0.0,0.0,0.0
AHS7KKQQLMWNBKL5OS2BRAIESFIQ,medium,0.0,0.0,0.0,0.0
AHSAKXFY5D5A2I56H7MHJUGFNP5Q,high,0.5,0.5,0.0,0.0
AHSBTA5WJW7EQG2HFPLSKDESD2IQ,medium,0.0,0.0,,
AHSLHYUXUZ4BUGGS7LPYD6FMK4NA,low,0.0,0.0,0.0,0.0
AHSQC5U3NXE3AQVY46CKWE554VAQ,high,0.14285714285714285,0.14285714285714285,,
AHSQOGBSGZQQV23KS5F46K3YYBRA,medium,0.0,0.0,0.0,0.0
AHSTKTDS54RWAOA5ESEPUHTV3Y2A,high,0.5,0.5,,
AHSUPLYAYHBB6GRIMVP5DSWLQDWQ,low,0.0,0.0,0.0,0.0
AHSXHF5UB2GOOIR3GFPTRCXDSPAA,low,0.0,0.0,0.0,0.0
AHSZGRFCTRSMPMMSOCQWHSO5B6PA,low,0.0,0.0,0.0,0.0
AHSZKFYX5WZJCRAKIWU3GTK5CW2A,medium,0.0,0.0,0.0,0.0
AHT3BAWU4VT4VAK424WE7H7GVUVA,medium,0.0,0.0,0.0,0.0
AHT5MSWQBGTIHEYRDMHOU2FGEEMA,low,0.0,0.0,,
AHTC6HPWKDAZLAECERD2WGAL73FQ,low,0.0,0.0,,
AHTCWOGSUKCNIWSQUI45EZSKEXZA,medium,0.0,0.0,,
AHTE2KAWSHMQNKARTAOY4TMA4ZUQ,low,0.0,0.0,0.0,0.0
AHTEJIFUI6YGMTHDW544OM3WRHPQ,low,0.0,0.0,,
AHTFA4ASPZK2TI5UGDB4FQTRHCKA,low,0.0,0.0,0.0,0.0
AHTFVHCNAPXR4QQV3XBX57GZO3PQ,high,0.0,0.0,0.0,0.0
AHTH6ZVBISSFHN2CYZCCNWU2LBJQ,medium,0.0,0.0,0.0,0.0
AHTHAAPTWZGGKGUR7Q3QSH73QC3A,medium,0.0,0.0,,
AHTJQVD7MG2GNZAEZMKOXXYSWHQQ,medium,0.0,0.0,0.0,0.0
AHTKC6HE6LUVQ4K57KYKZT56ODDA,high,0.0,0.0,0.0,0.0
AHTLRF5ZAMPV7CVJ635GGYMVEZGA,low,0.0,0.0,0.0,0.0
AHTM55HR4RRL7N4XPQAZFYLNY5BA,low,0.0,0.0,0.0,0.0
AHTNO3YZMAASQPIAMJ6TBQ4KD4TA,high,0.0,0.0,,
AHTO2OIK27U6WUMZ6USU5QECUXAQ,low,0.0,0.0,0.0,0.0
AHTSKF2NKHOWCPOVJFZZWJW6JUNQ,low,0.0,0.0,0.0,0.0
AHTUKIGN3UIGSM73RW56PKRWPGMA,medium,0.0,0.0,0.0,0.0
AHTURAWQ577CD6GNIFPLB5WZVHNQ,medium,0.0,0.0,0.0,0.0
AHTV64AJC6CP2EUPDOYLJKO264NA,low,0.0,0.0,0.0,0.0
AHTWDUGG3LSSBO67TKZI4BRN37QA,high,0.0,0.0,0.0,0.0
AHU5GJTNV6YJ5YL2XRZTZHYWAJYQ,high,0.0,0.0,0.0,0.0
AHUARC4SOYQZXL4G4OEPNO62VWNA,low,0.0,0.0,0.0,0.0
AHUC7EN3Z4Q5HIG25KADZ6VG2Z3Q,low,0.0,0.0,,
AHUDIVRNIQXQGXY3ZJRQAQOMHDJA,low,0.0,0.0,0.0,0.0
AHUDJI3W7RBFRR5LEVMKTASW7WRA,medium,0.0,0.0,,
AHUEH2UZVGPNWWCEN3YSBCI2Q3OQ,low,0.0,0.0,0.0,0.0
AHUFL4JC42AMUZ3IFYTPYTACYHRA,low,0.0,0.0,0.0,0.0
AHUFQMXOCVT7H7C4ICHWMKDKXFYQ,low,0.0,0.0,0.0,0.0
AHUI7GUMGXX4D7P3P2CF2MCW657Q,low,0.0,0.0,0.0,0.0
AHUMQJSR3XLQVV76WRUYV3P5EVKA,low,0.0,0.0,,
AHUNRMX3RUTCKWXBMW52HBTRI6ZQ,high,0.0,0.0,,
AHUOTAXMABVPQTKJMSYMKPL6DC3A,low,0.0,0.0,0.0,0.0
AHUQTF3R2JYGMDVTM2J4GZ7RKZ2Q,high,0.0,0.0,,
AHUTN5EL5ZHO64PVWOAX6CHLIRAQ,high,0.0,0.0,0.0,0.0
AHUU6GNUCEEX4CLDXXAKSKCX3RYA,medium,0.0,0.0,,
AHUXIAAII3TZS4JHFKV7AKJ7C74A,high,0.0,0.0,0.0,0.0
AHUXNWNMXLPBLU6HRN53S26Y5SDQ,low,0.0,0.0,,
AHUYF73EA637IB3FIIDFN3MFA4TQ,medium,0.0,0.0,0.0,0.0
AHUYGMZYSS77VUOTDQIMAHA6I6SA,medium,0.0,0.0,,
AHV3QAX2TF4FG7FYZAPKBRRKBYCA,high,0.0,0.0,0.0,0.0
AHV4M7YD2QSXZFNY4NSYC7W2DQJQ,high,0.0,0.0,0.0,0.0
AHV7MOUCWG5T4HCLLCK5TUON6BJA,low,0.0,0.0,0.0,0.0
AHVAGHOAUPPTOOK7FOUDIYXOFU7A,high,0.0,0.0,,
AHVHCLCLI5ECFFT6BP3QI7BQD5FA,medium,0.0,0.0,,
AHVJGTXK2ABFSCOIXUGSJVCUQLBA,low,0.0,0.0,0.0,0.0
AHVMC7YHBCU2LYEQCDRUZ6VEK7LQ,medium,0.0,0.0,0.0,0.0
AHVMRVVBF2IQTRV2BWXYFWFGPLKA,high,0.0,0.14285714285714285,,
AHVOV47GLF5ZVNSZQOSCZVGSYBDQ,medium,0.09090909090909091,0.0,0.0,0.0
AHVTH3GTWVKHO6UZKJMADAMEVPZQ,high,0.0,0.14285714285714285,0.0,0.0
AHVWPSGLJL4DG7P5QVU6VH4GRJBA,low,0.0,0.0,0.0,0.0
AHVXSY6D7MKHOQGETZWEGHJKZVVQ,high,0.0,0.0,,
AHVXZ7F4BGMQJONMTBHV4E4CO3DA,medium,0.0,0.0,,
AHVYW765TGUGV23LR6V5HRLNDHYQ,low,0.0,0.0,0.0,0.0
AHWDXOK4MU54VGG4ABLJD2ZWI4RA,high,0.3333333333333333,0.0,0.5,0.0
AHWE32BN6VJFZYLO6N6FQ5SKKWYQ,medium,0.0,0.0,0.0,0.0
AHWG2GIDSVBHGQEHRZNS2O7NUWAA,low,0.0,0.0,0.0,0.0
AHWHOLU7UPHC3SSHMCFZ4SAPGKVA,medium,0.0,0.0,,
AHWI35V42FZWIIWLTSGOVPZVJXTQ,medium,0.0,0.0,,
AHWI3MOCN4GIOW7BKUK4PWCJO74Q,high,0.0,0.0,0.0,0.0
AHWII4ARRVFZJEB36IZ34LZL64IQ,high,0.0,0.0,,
AHWMMOKEVVCRLSXXHZB7LXYBGH5A,high,0.0,0.0,0.0,0.0
AHWQ6BOWMZ4HN4M625GIHKKHJLVQ,low,0.0,0.0,0.0,0.0
AHWQSZZFH6ZWOLOOM3ZM2B5MIX4A,low,0.0,0.0,0.0,0.0
AHWUYI4KQSO4SFSZNHHLU47AL2HA,medium,0.0,0.0,,
AHWXBXCEV34BCM5AN7EZZEDAGZ5Q,high,0.0,0.25,0.0,0.3333333333333333
AHWYWTPXLSLFKF2QQXVXKHHZWXNQ,low,0.0,0.0,0.0,0.0
AHX4F5HSGAD6NYJ35ZHK3J53WKTA,medium,0.0,0.0,0.0,0.0
AHX5GCDZPCX57AIPPSLZNTMW7UXA,medium,0.0,0.0,,
AHX7UBGFEPCC4IPA7OFLK5AGBFTQ,high,0.0,0.0,0.0,0.0
AHXDMIQOM6YVT7B2XOX5JZBDGA2Q,low,0.0,0.0,0.0,0.0
AHXK4PLKYDVRFFW4LXMRNHMTCXJQ,low,0.0,0.0,,
AHXKSSLHNYD2TB4DTQCYWB7JYJZQ,low,0.0,0.0,0.0,0.0
AHXLAKMXR5YOP6FC33OMEILSRWLA,medium,0.0,0.0,0.0,0.0
AHXQACH7YTM7JYDD5BRNV5B3UZ4Q,low,0.0,0.0,,
AHXT4N2MYXQIHNFKHLF5FHNAQ46A,medium,0.0,0.0,0.0,0.0
AHXTRC363CBFB33ALXXRPGEMUL6Q,high,0.0,0.0,0.0,0.0
AHXUN5DI6DSOKQA3SP2V2QH7LNYQ,high,0.0,0.0,0.0,0.0
AHXVNG3JQBWDYA42PJ3FDXIOQLIA,high,0.0,0.0,0.0,0.0
AHXWTT5XD6STS4WJ7BFDECLV54VA,medium,0.0,0.0,,
AHXXSKBOL4E6Y3S4JPCOXILOMABA,low,0.0,0.0,0.0,0.0
AHY4RVBCQD2ZH5OH77IMQR7CKW7A,medium,0.25,0.0,,
AHY5G2D5LORMD64JNDL4UKKQB4DQ,low,0.0,0.0,0.0,0.0
AHYEODNHTO6JM7PQJ35KZRBESY3A,medium,0.0,0.0,,
AHYFY7FJX5LIR2R6Z3UYXHEUWWIA,high,0.0,0.0,,
AHYJE3VROVLI4OGTPZ44Z2XVXJKA,low,0.0,0.0,,
AHYK73XGDMNLVV6EYXL7G24SOGBQ,high,0.125,0.0,0.0,0.0
AHYLNVU7IZRJ572B2YGWXBOBQNHQ,high,0.2,0.2,1.0,1.0
AHYPWFDC5SEWW6O4VSZG3E6JRZDQ,medium,0.0,0.0,0.0,0.0
AHYTWOU5YT73TYGIYH4ANZBIOYEA,high,0.0,0.0,,
AHYW7EYQ3ELZCISZEGLH2LFVAWAQ,low,0.0,0.0,0.0,0.0
AHYXXYLYNAO2MUXLI6RTG76HL5CQ,medium,0.2,0.2,,
AHYY4HGUTUIXERLPH5FB3YHTYJ2Q,low,0.0,0.0,0.0,0.0
AHYYF3S75ZLZSZ4GU56OFUTHF27A,medium,0.0,0.0,0.0,0.0
AHYYS2K7YF7WRU3GZBXCHYI7LH6A,medium,0.0,0.0,0.0,0.0
AHYZZXBK4OUZR2OYL7X5YVFLPUKQ,low,0.0,0.0,0.0,0.0
AHZ3JIUG3FITKSZ47FVSLB72OJAA,low,0.0,0.0,,
AHZ7YVD6TUCVTKCZTU43FOZUQVFQ,low,0.0,0.0,0.0,0.0
AHZA33RDLCJPXWMP2NLKJVPC5OUA,low,0.0,0.0,0.0,0.0
AHZE4SYUBI3B5CZZQTGMU6A2CKHA,low,0.0,0.0,0.0,0.0
AHZFB3BH5VENRYAFHBJPADWMKUNA,medium,0.0,0.0,0.0,0.0
AHZHHVOLXE6RTRNG5EKDBIPNVBEA,medium,0.0,0.0,0.0,0.0
AHZHLKEPIEIEUVK7IN7VDY5DQA4Q,low,0.0,0.0,0.0,0.0
AHZHVFCSNROXGBIVQJSRFZLTSPOA,high,0.0,0.0,0.0,0.0
AHZJ3I2RM4S6XUEDGOVBYKM7TNTA,low,0.0,0.0,0.0,0.0
AHZKAOULDG3JEMJQVU6IERER7PUQ,high,0.0,0.0,0.0,0.0
AHZKH3A3F2YTKSGGK2DL4DJM64TQ,low,0.0,0.0,0.0,0.0
AHZNL4NCW7FJ2KT6FQUPNVIOXO2Q,high,0.0,0.0,0.0,0.0
AHZPQGR6I6GSI4QT6AK4O4ML43KQ,medium,0.2,0.0,1.0,0.0
AHZPVPYMCL5Y46BRCO3N3F6HTOHA,low,0.0,0.0,0.0,0.0
AHZQKWYHURMDJLW6DKBPP5CU7UPQ,high,0.0,0.0,,
AHZS5HQSVF5Z5JSX564Q2R5VOJQA,low,0.0,0.0,0.0,0.0
AHZSHLSRALGTOXKEAVIKIHA37JGA,high,0.0,0.0,0.0,0.0
AHZU2LATVOOXKN5JB3MCCTX7YVDQ,low,0.0,0.0,,
AHZWIQ77VRNU6QKNZORH5N5TKNKA,high,0.3333333333333333,0.0,,
AHZZ6Q6Y2NBBQDDCQHEEQMN4YHFA,medium,0.0,0.0,0.0,0.0
