user_id,system,recall@10,long_tail_recall@10
AE22B2ANHYAO5UEY2ES44UULE3MA,Random,0.0,0.0
AE22B2ANHYAO5UEY2ES44UULE3MA,Popularity,0.0,0.0
AE22B2ANHYAO5UEY2ES44UULE3MA,CF (ItemKNN),0.0,0.0
AE22B2ANHYAO5UEY2ES44UULE3MA,Content (Avg Emb),0.0,0.0
AE22B2ANHYAO5UEY2ES44UULE3MA,Last-Item,0.0,0.0
AE22B2ANHYAO5UEY2ES44UULE3MA,Avg-Last-10,0.0,0.0
AE22B2ANHYAO5UEY2ES44UULE3MA,Recency-Weighted,0.0,0.0
AE22B2ANHYAO5UEY2ES44UULE3MA,Essence (K=10),0.0,0.0
AE22PJ54OVIRX3I6KSLMPRHPHA4A,Random,0.0,0.0
AE22PJ54OVIRX3I6KSLMPRHPHA4A,Popularity,0.2,0.0
AE22PJ54OVIRX3I6KSLMPRHPHA4A,CF (ItemKNN),0.0,0.0
AE22PJ54OVIRX3I6KSLMPRHPHA4A,Content (Avg Emb),0.0,0.0
AE22PJ54OVIRX3I6KSLMPRHPHA4A,Last-Item,0.0,0.0
AE22PJ54OVIRX3I6KSLMPRHPHA4A,Avg-Last-10,0.0,0.0
AE22PJ54OVIRX3I6KSLMPRHPHA4A,Recency-Weighted,0.0,0.0
AE22PJ54OVIRX3I6KSLMPRHPHA4A,Essence (K=10),0.2,1.0
AE246EXD4ELOLCO2E5SBMCLTGBZA,Random,0.0,0.0
AE246EXD4ELOLCO2E5SBMCLTGBZA,Popularity,0.0,0.0
AE246EXD4ELOLCO2E5SBMCLTGBZA,CF (ItemKNN),0.0,0.0
AE246EXD4ELOLCO2E5SBMCLTGBZA,Content (Avg Emb),0.0,0.0
AE246EXD4ELOLCO2E5SBMCLTGBZA,Last-Item,0.0,0.0
AE246EXD4ELOLCO2E5SBMCLTGBZA,Avg-Last-10,0.0,0.0
AE246EXD4ELOLCO2E5SBMCLTGBZA,Recency-Weighted,0.0,0.0
AE246EXD4ELOLCO2E5SBMCLTGBZA,Essence (K=10),0.0,0.0
AE2AQKVYASF4ETBTWDGLLTDQO7OQ,Random,0.0,
AE2AQKVYASF4ETBTWDGLLTDQO7OQ,Popularity,0.0,
AE2AQKVYASF4ETBTWDGLLTDQO7OQ,CF (ItemKNN),0.0,
AE2AQKVYASF4ETBTWDGLLTDQO7OQ,Content (Avg Emb),0.0,
AE2AQKVYASF4ETBTWDGLLTDQO7OQ,Last-Item,0.25,
AE2AQKVYASF4ETBTWDGLLTDQO7OQ,Avg-Last-10,0.0,
AE2AQKVYASF4ETBTWDGLLTDQO7OQ,Recency-Weighted,0.0,
AE2AQKVYASF4ETBTWDGLLTDQO7OQ,Essence (K=10),0.0,
AE2DLPD6BJSMRRM4TKY73HVMGIIQ,Random,0.0,0.0
AE2DLPD6BJSMRRM4TKY73HVMGIIQ,Popularity,0.0,0.0
AE2DLPD6BJSMRRM4TKY73HVMGIIQ,CF (ItemKNN),0.0,0.0
AE2DLPD6BJSMRRM4TKY73HVMGIIQ,Content (Avg Emb),0.0,0.0
AE2DLPD6BJSMRRM4TKY73HVMGIIQ,Last-Item,0.0,0.0
AE2DLPD6BJSMRRM4TKY73HVMGIIQ,Avg-Last-10,0.0,0.0
AE2DLPD6BJSMRRM4TKY73HVMGIIQ,Recency-Weighted,0.0,0.0
AE2DLPD6BJSMRRM4TKY73HVMGIIQ,Essence (K=10),0.0,0.0
AE2EM4N53O2MBQZDO7HCDDDS7ENQ,Random,0.0,0.0
AE2EM4N53O2MBQZDO7HCDDDS7ENQ,Popularity,0.0,0.0
AE2EM4N53O2MBQZDO7HCDDDS7ENQ,CF (ItemKNN),0.0,0.0
AE2EM4N53O2MBQZDO7HCDDDS7ENQ,Content (Avg Emb),0.1,0.0
AE2EM4N53O2MBQZDO7HCDDDS7ENQ,Last-Item,0.1,0.0
AE2EM4N53O2MBQZDO7HCDDDS7ENQ,Avg-Last-10,0.1,0.0
AE2EM4N53O2MBQZDO7HCDDDS7ENQ,Recency-Weighted,0.1,0.0
AE2EM4N53O2MBQZDO7HCDDDS7ENQ,Essence (K=10),0.2,0.5
AE2HIVUPHW24NGXO3Z4H242GEXMA,Random,0.0,
AE2HIVUPHW24NGXO3Z4H242GEXMA,Popularity,0.0,
AE2HIVUPHW24NGXO3Z4H242GEXMA,CF (ItemKNN),0.0,
AE2HIVUPHW24NGXO3Z4H242GEXMA,Content (Avg Emb),0.0,
AE2HIVUPHW24NGXO3Z4H242GEXMA,Last-Item,0.0,
AE2HIVUPHW24NGXO3Z4H242GEXMA,Avg-Last-10,0.0,
AE2HIVUPHW24NGXO3Z4H242GEXMA,Recency-Weighted,0.0,
AE2HIVUPHW24NGXO3Z4H242GEXMA,Essence (K=10),0.0,
AE2IKH73QTZNJC6252DYBDU6FG5Q,Random,0.0,0.0
AE2IKH73QTZNJC6252DYBDU6FG5Q,Popularity,0.0,0.0
AE2IKH73QTZNJC6252DYBDU6FG5Q,CF (ItemKNN),0.0,0.0
AE2IKH73QTZNJC6252DYBDU6FG5Q,Content (Avg Emb),0.0,0.0
AE2IKH73QTZNJC6252DYBDU6FG5Q,Last-Item,0.0,0.0
AE2IKH73QTZNJC6252DYBDU6FG5Q,Avg-Last-10,0.0,0.0
AE2IKH73QTZNJC6252DYBDU6FG5Q,Recency-Weighted,0.0,0.0
AE2IKH73QTZNJC6252DYBDU6FG5Q,Essence (K=10),0.0,0.0
AE2NVVV2V7YPI3FKKIQVJ2HV3LRA,Random,0.0,0.0
AE2NVVV2V7YPI3FKKIQVJ2HV3LRA,Popularity,0.0,0.0
AE2NVVV2V7YPI3FKKIQVJ2HV3LRA,CF (ItemKNN),0.0,0.0
AE2NVVV2V7YPI3FKKIQVJ2HV3LRA,Content (Avg Emb),0.0,0.0
AE2NVVV2V7YPI3FKKIQVJ2HV3LRA,Last-Item,0.0,0.0
AE2NVVV2V7YPI3FKKIQVJ2HV3LRA,Avg-Last-10,0.0,0.0
AE2NVVV2V7YPI3FKKIQVJ2HV3LRA,Recency-Weighted,0.0,0.0
AE2NVVV2V7YPI3FKKIQVJ2HV3LRA,Essence (K=10),0.0,0.0
AE2OV7ZHJHMWUYNHVYXQIFIKJRUA,Random,0.0,
AE2OV7ZHJHMWUYNHVYXQIFIKJRUA,Popularity,0.0,
AE2OV7ZHJHMWUYNHVYXQIFIKJRUA,CF (ItemKNN),0.0,
AE2OV7ZHJHMWUYNHVYXQIFIKJRUA,Content (Avg Emb),0.0,
AE2OV7ZHJHMWUYNHVYXQIFIKJRUA,Last-Item,0.0,
AE2OV7ZHJHMWUYNHVYXQIFIKJRUA,Avg-Last-10,0.0,
AE2OV7ZHJHMWUYNHVYXQIFIKJRUA,Recency-Weighted,0.0,
AE2OV7ZHJHMWUYNHVYXQIFIKJRUA,Essence (K=10),0.0,
AE2QUTTHOYRCGPDMEWXS7KONPHIA,Random,0.0,0.0
AE2QUTTHOYRCGPDMEWXS7KONPHIA,Popularity,0.0,0.0
AE2QUTTHOYRCGPDMEWXS7KONPHIA,CF (ItemKNN),0.0,0.0
AE2QUTTHOYRCGPDMEWXS7KONPHIA,Content (Avg Emb),0.0,0.0
AE2QUTTHOYRCGPDMEWXS7KONPHIA,Last-Item,0.0,0.0
AE2QUTTHOYRCGPDMEWXS7KONPHIA,Avg-Last-10,0.0,0.0
AE2QUTTHOYRCGPDMEWXS7KONPHIA,Recency-Weighted,0.0,0.0
AE2QUTTHOYRCGPDMEWXS7KONPHIA,Essence (K=10),0.0,0.0
AE2RLTSZH3VQJ56DHRKPVD3PN3GA,Random,0.0,0.0
AE2RLTSZH3VQJ56DHRKPVD3PN3GA,Popularity,0.0,0.0
AE2RLTSZH3VQJ56DHRKPVD3PN3GA,CF (ItemKNN),0.0,0.0
AE2RLTSZH3VQJ56DHRKPVD3PN3GA,Content (Avg Emb),0.0,0.0
AE2RLTSZH3VQJ56DHRKPVD3PN3GA,Last-Item,0.1111111111111111,0.0
AE2RLTSZH3VQJ56DHRKPVD3PN3GA,Avg-Last-10,0.0,0.0
AE2RLTSZH3VQJ56DHRKPVD3PN3GA,Recency-Weighted,0.1111111111111111,0.0
AE2RLTSZH3VQJ56DHRKPVD3PN3GA,Essence (K=10),0.0,0.0
AE2T2N27BPZPMLWGPYDN36WSMMNQ,Random,0.0,0.0
AE2T2N27BPZPMLWGPYDN36WSMMNQ,Popularity,0.0,0.0
AE2T2N27BPZPMLWGPYDN36WSMMNQ,CF (ItemKNN),0.0,0.0
AE2T2N27BPZPMLWGPYDN36WSMMNQ,Content (Avg Emb),0.0,0.0
AE2T2N27BPZPMLWGPYDN36WSMMNQ,Last-Item,0.0,0.0
AE2T2N27BPZPMLWGPYDN36WSMMNQ,Avg-Last-10,0.0,0.0
AE2T2N27BPZPMLWGPYDN36WSMMNQ,Recency-Weighted,0.0,0.0
AE2T2N27BPZPMLWGPYDN36WSMMNQ,Essence (K=10),0.0,0.0
AE2W3LIVLBGYFXKV3IJHUIISCTMA,Random,0.0,
AE2W3LIVLBGYFXKV3IJHUIISCTMA,Popularity,0.0,
AE2W3LIVLBGYFXKV3IJHUIISCTMA,CF (ItemKNN),0.0,
AE2W3LIVLBGYFXKV3IJHUIISCTMA,Content (Avg Emb),0.0,
AE2W3LIVLBGYFXKV3IJHUIISCTMA,Last-Item,0.0,
AE2W3LIVLBGYFXKV3IJHUIISCTMA,Avg-Last-10,0.0,
AE2W3LIVLBGYFXKV3IJHUIISCTMA,Recency-Weighted,0.0,
AE2W3LIVLBGYFXKV3IJHUIISCTMA,Essence (K=10),0.0,
AE2WHEDM37BCLZ3JZ7243F5LWPAA,Random,0.0,0.0
AE2WHEDM37BCLZ3JZ7243F5LWPAA,Popularity,0.0,0.0
AE2WHEDM37BCLZ3JZ7243F5LWPAA,CF (ItemKNN),0.05555555555555555,0.125
AE2WHEDM37BCLZ3JZ7243F5LWPAA,Content (Avg Emb),0.0,0.0
AE2WHEDM37BCLZ3JZ7243F5LWPAA,Last-Item,0.0,0.0
AE2WHEDM37BCLZ3JZ7243F5LWPAA,Avg-Last-10,0.0,0.0
AE2WHEDM37BCLZ3JZ7243F5LWPAA,Recency-Weighted,0.0,0.0
AE2WHEDM37BCLZ3JZ7243F5LWPAA,Essence (K=10),0.0,0.0
AE2YCD3VFV37AJGQTVPJSPELUEAQ,Random,0.0,0.0
AE2YCD3VFV37AJGQTVPJSPELUEAQ,Popularity,0.0,0.0
AE2YCD3VFV37AJGQTVPJSPELUEAQ,CF (ItemKNN),0.0,0.0
AE2YCD3VFV37AJGQTVPJSPELUEAQ,Content (Avg Emb),0.0,0.0
AE2YCD3VFV37AJGQTVPJSPELUEAQ,Last-Item,0.0,0.0
AE2YCD3VFV37AJGQTVPJSPELUEAQ,Avg-Last-10,0.0,0.0
AE2YCD3VFV37AJGQTVPJSPELUEAQ,Recency-Weighted,0.0,0.0
AE2YCD3VFV37AJGQTVPJSPELUEAQ,Essence (K=10),0.0,0.0
AE2ZUXNTUHBVHVQHK4WXFAUDSRBA,Random,0.0,0.0
AE2ZUXNTUHBVHVQHK4WXFAUDSRBA,Popularity,0.0,0.0
AE2ZUXNTUHBVHVQHK4WXFAUDSRBA,CF (ItemKNN),0.0,0.0
AE2ZUXNTUHBVHVQHK4WXFAUDSRBA,Content (Avg Emb),0.0,0.0
AE2ZUXNTUHBVHVQHK4WXFAUDSRBA,Last-Item,0.0,0.0
AE2ZUXNTUHBVHVQHK4WXFAUDSRBA,Avg-Last-10,0.0,0.0
AE2ZUXNTUHBVHVQHK4WXFAUDSRBA,Recency-Weighted,0.16666666666666666,0.0
AE2ZUXNTUHBVHVQHK4WXFAUDSRBA,Essence (K=10),0.0,0.0
AE33M3VCZVO73BZSJJE2FISKH5PA,Random,0.0,0.0
AE33M3VCZVO73BZSJJE2FISKH5PA,Popularity,0.0,0.0
AE33M3VCZVO73BZSJJE2FISKH5PA,CF (ItemKNN),0.0,0.0
AE33M3VCZVO73BZSJJE2FISKH5PA,Content (Avg Emb),0.0,0.0
AE33M3VCZVO73BZSJJE2FISKH5PA,Last-Item,0.0,0.0
AE33M3VCZVO73BZSJJE2FISKH5PA,Avg-Last-10,0.0,0.0
AE33M3VCZVO73BZSJJE2FISKH5PA,Recency-Weighted,0.0,0.0
AE33M3VCZVO73BZSJJE2FISKH5PA,Essence (K=10),0.0,0.0
AE33ZI6SE6DTIUCGWRJKPGUINHMQ,Random,0.0,
AE33ZI6SE6DTIUCGWRJKPGUINHMQ,Popularity,0.0,
AE33ZI6SE6DTIUCGWRJKPGUINHMQ,CF (ItemKNN),0.0,
AE33ZI6SE6DTIUCGWRJKPGUINHMQ,Content (Avg Emb),0.0,
AE33ZI6SE6DTIUCGWRJKPGUINHMQ,Last-Item,0.0,
AE33ZI6SE6DTIUCGWRJKPGUINHMQ,Avg-Last-10,0.0,
AE33ZI6SE6DTIUCGWRJKPGUINHMQ,Recency-Weighted,0.0,
AE33ZI6SE6DTIUCGWRJKPGUINHMQ,Essence (K=10),0.0,
AE35UUR244KJAQBB2DSS4DSGYALA,Random,0.0,0.0
AE35UUR244KJAQBB2DSS4DSGYALA,Popularity,0.0,0.0
AE35UUR244KJAQBB2DSS4DSGYALA,CF (ItemKNN),0.0,0.0
AE35UUR244KJAQBB2DSS4DSGYALA,Content (Avg Emb),0.0,0.0
AE35UUR244KJAQBB2DSS4DSGYALA,Last-Item,0.0,0.0
AE35UUR244KJAQBB2DSS4DSGYALA,Avg-Last-10,0.0,0.0
AE35UUR244KJAQBB2DSS4DSGYALA,Recency-Weighted,0.0,0.0
AE35UUR244KJAQBB2DSS4DSGYALA,Essence (K=10),0.0,0.0
AE35YU4J47VU5YUOM363CB66XYEQ,Random,0.0,0.0
AE35YU4J47VU5YUOM363CB66XYEQ,Popularity,0.0,0.0
AE35YU4J47VU5YUOM363CB66XYEQ,CF (ItemKNN),0.0,0.0
AE35YU4J47VU5YUOM363CB66XYEQ,Content (Avg Emb),0.0,0.0
AE35YU4J47VU5YUOM363CB66XYEQ,Last-Item,0.0,0.0
AE35YU4J47VU5YUOM363CB66XYEQ,Avg-Last-10,0.14285714285714285,0.0
AE35YU4J47VU5YUOM363CB66XYEQ,Recency-Weighted,0.14285714285714285,0.0
AE35YU4J47VU5YUOM363CB66XYEQ,Essence (K=10),0.14285714285714285,0.0
AE36CG34JACRW2PJNZMHG77G7ZQQ,Random,0.0,0.0
AE36CG34JACRW2PJNZMHG77G7ZQQ,Popularity,0.0,0.0
AE36CG34JACRW2PJNZMHG77G7ZQQ,CF (ItemKNN),0.0,0.0
AE36CG34JACRW2PJNZMHG77G7ZQQ,Content (Avg Emb),0.0,0.0
AE36CG34JACRW2PJNZMHG77G7ZQQ,Last-Item,0.0,0.0
AE36CG34JACRW2PJNZMHG77G7ZQQ,Avg-Last-10,0.0,0.0
AE36CG34JACRW2PJNZMHG77G7ZQQ,Recency-Weighted,0.0,0.0
AE36CG34JACRW2PJNZMHG77G7ZQQ,Essence (K=10),0.0,0.0
AE37HZEVR5HEOOICLGRTYKDGLIXQ,Random,0.0,
AE37HZEVR5HEOOICLGRTYKDGLIXQ,Popularity,0.0,
AE37HZEVR5HEOOICLGRTYKDGLIXQ,CF (ItemKNN),0.0,
AE37HZEVR5HEOOICLGRTYKDGLIXQ,Content (Avg Emb),0.0,
AE37HZEVR5HEOOICLGRTYKDGLIXQ,Last-Item,0.0,
AE37HZEVR5HEOOICLGRTYKDGLIXQ,Avg-Last-10,0.0,
AE37HZEVR5HEOOICLGRTYKDGLIXQ,Recency-Weighted,0.0,
AE37HZEVR5HEOOICLGRTYKDGLIXQ,Essence (K=10),0.0,
AE3BREF53CVP7AWMWGASOXY4IXHQ,Random,0.0,0.0
AE3BREF53CVP7AWMWGASOXY4IXHQ,Popularity,0.0,0.0
AE3BREF53CVP7AWMWGASOXY4IXHQ,CF (ItemKNN),0.0,0.0
AE3BREF53CVP7AWMWGASOXY4IXHQ,Content (Avg Emb),0.0,0.0
AE3BREF53CVP7AWMWGASOXY4IXHQ,Last-Item,0.1,0.0
AE3BREF53CVP7AWMWGASOXY4IXHQ,Avg-Last-10,0.0,0.0
AE3BREF53CVP7AWMWGASOXY4IXHQ,Recency-Weighted,0.0,0.0
AE3BREF53CVP7AWMWGASOXY4IXHQ,Essence (K=10),0.0,0.0
AE3BRK3TKP2BMMTEVTFFFP4MWORA,Random,0.0,
AE3BRK3TKP2BMMTEVTFFFP4MWORA,Popularity,0.0,
AE3BRK3TKP2BMMTEVTFFFP4MWORA,CF (ItemKNN),0.0,
AE3BRK3TKP2BMMTEVTFFFP4MWORA,Content (Avg Emb),0.0,
AE3BRK3TKP2BMMTEVTFFFP4MWORA,Last-Item,0.0,
AE3BRK3TKP2BMMTEVTFFFP4MWORA,Avg-Last-10,0.0,
AE3BRK3TKP2BMMTEVTFFFP4MWORA,Recency-Weighted,0.0,
AE3BRK3TKP2BMMTEVTFFFP4MWORA,Essence (K=10),0.0,
AE3FB36HCQWBPNJMNR32OZF7R2VA,Random,0.0,
AE3FB36HCQWBPNJMNR32OZF7R2VA,Popularity,0.25,
AE3FB36HCQWBPNJMNR32OZF7R2VA,CF (ItemKNN),0.0,
AE3FB36HCQWBPNJMNR32OZF7R2VA,Content (Avg Emb),0.0,
AE3FB36HCQWBPNJMNR32OZF7R2VA,Last-Item,0.0,
AE3FB36HCQWBPNJMNR32OZF7R2VA,Avg-Last-10,0.0,
AE3FB36HCQWBPNJMNR32OZF7R2VA,Recency-Weighted,0.0,
AE3FB36HCQWBPNJMNR32OZF7R2VA,Essence (K=10),0.0,
AE3GFH2E2YRWOY3SITII4I626CHA,Random,0.0,
AE3GFH2E2YRWOY3SITII4I626CHA,Popularity,0.0,
AE3GFH2E2YRWOY3SITII4I626CHA,CF (ItemKNN),0.0,
AE3GFH2E2YRWOY3SITII4I626CHA,Content (Avg Emb),0.0,
AE3GFH2E2YRWOY3SITII4I626CHA,Last-Item,0.0,
AE3GFH2E2YRWOY3SITII4I626CHA,Avg-Last-10,0.0,
AE3GFH2E2YRWOY3SITII4I626CHA,Recency-Weighted,0.0,
AE3GFH2E2YRWOY3SITII4I626CHA,Essence (K=10),0.0,
AE3H6RAJ7XRY7FNNGGKM4RSFVELQ,Random,0.0,0.0
AE3H6RAJ7XRY7FNNGGKM4RSFVELQ,Popularity,0.0,0.0
AE3H6RAJ7XRY7FNNGGKM4RSFVELQ,CF (ItemKNN),0.0,0.0
AE3H6RAJ7XRY7FNNGGKM4RSFVELQ,Content (Avg Emb),0.16666666666666666,0.0
AE3H6RAJ7XRY7FNNGGKM4RSFVELQ,Last-Item,0.16666666666666666,0.0
AE3H6RAJ7XRY7FNNGGKM4RSFVELQ,Avg-Last-10,0.0,0.0
AE3H6RAJ7XRY7FNNGGKM4RSFVELQ,Recency-Weighted,0.0,0.0
AE3H6RAJ7XRY7FNNGGKM4RSFVELQ,Essence (K=10),0.16666666666666666,0.0
AE3K2OXLWBNC5ZNATW5R4D6MBHEQ,Random,0.0,0.0
AE3K2OXLWBNC5ZNATW5R4D6MBHEQ,Popularity,0.0,0.0
AE3K2OXLWBNC5ZNATW5R4D6MBHEQ,CF (ItemKNN),0.0,0.0
AE3K2OXLWBNC5ZNATW5R4D6MBHEQ,Content (Avg Emb),0.0,0.0
AE3K2OXLWBNC5ZNATW5R4D6MBHEQ,Last-Item,0.0,0.0
AE3K2OXLWBNC5ZNATW5R4D6MBHEQ,Avg-Last-10,0.0,0.0
AE3K2OXLWBNC5ZNATW5R4D6MBHEQ,Recency-Weighted,0.0,0.0
AE3K2OXLWBNC5ZNATW5R4D6MBHEQ,Essence (K=10),0.0,0.0
AE3K46F3D2L2PVPRVS2ZVGC5YPVQ,Random,0.0,0.0
AE3K46F3D2L2PVPRVS2ZVGC5YPVQ,Popularity,0.0,0.0
AE3K46F3D2L2PVPRVS2ZVGC5YPVQ,CF (ItemKNN),0.0,0.0
AE3K46F3D2L2PVPRVS2ZVGC5YPVQ,Content (Avg Emb),0.0,0.0
AE3K46F3D2L2PVPRVS2ZVGC5YPVQ,Last-Item,0.0,0.0
AE3K46F3D2L2PVPRVS2ZVGC5YPVQ,Avg-Last-10,0.0,0.0
AE3K46F3D2L2PVPRVS2ZVGC5YPVQ,Recency-Weighted,0.0,0.0
AE3K46F3D2L2PVPRVS2ZVGC5YPVQ,Essence (K=10),0.0,0.0
AE3K6X64XRJ2ULL6W2D6SLLW7WFA,Random,0.0,
AE3K6X64XRJ2ULL6W2D6SLLW7WFA,Popularity,0.0,
AE3K6X64XRJ2ULL6W2D6SLLW7WFA,CF (ItemKNN),0.0,
AE3K6X64XRJ2ULL6W2D6SLLW7WFA,Content (Avg Emb),0.0,
AE3K6X64XRJ2ULL6W2D6SLLW7WFA,Last-Item,0.0,
AE3K6X64XRJ2ULL6W2D6SLLW7WFA,Avg-Last-10,0.0,
AE3K6X64XRJ2ULL6W2D6SLLW7WFA,Recency-Weighted,0.0,
AE3K6X64XRJ2ULL6W2D6SLLW7WFA,Essence (K=10),0.0,
AE3M2VAZQRK7BRNF24WBPLYWW2NA,Random,0.0,0.0
AE3M2VAZQRK7BRNF24WBPLYWW2NA,Popularity,0.0,0.0
AE3M2VAZQRK7BRNF24WBPLYWW2NA,CF (ItemKNN),0.0,0.0
AE3M2VAZQRK7BRNF24WBPLYWW2NA,Content (Avg Emb),0.0,0.0
AE3M2VAZQRK7BRNF24WBPLYWW2NA,Last-Item,0.0,0.0
AE3M2VAZQRK7BRNF24WBPLYWW2NA,Avg-Last-10,0.0,0.0
AE3M2VAZQRK7BRNF24WBPLYWW2NA,Recency-Weighted,0.0,0.0
AE3M2VAZQRK7BRNF24WBPLYWW2NA,Essence (K=10),0.5,0.0
AE3ROSUFQMZSUWMRUGOEBKTGWCZA,Random,0.0,0.0
AE3ROSUFQMZSUWMRUGOEBKTGWCZA,Popularity,0.0,0.0
AE3ROSUFQMZSUWMRUGOEBKTGWCZA,CF (ItemKNN),0.0,0.0
AE3ROSUFQMZSUWMRUGOEBKTGWCZA,Content (Avg Emb),0.0,0.0
AE3ROSUFQMZSUWMRUGOEBKTGWCZA,Last-Item,0.0,0.0
AE3ROSUFQMZSUWMRUGOEBKTGWCZA,Avg-Last-10,0.0,0.0
AE3ROSUFQMZSUWMRUGOEBKTGWCZA,Recency-Weighted,0.0,0.0
AE3ROSUFQMZSUWMRUGOEBKTGWCZA,Essence (K=10),0.0,0.0
AE3W3UEUDDSPYSYU74Z54Z5RMMYA,Random,0.0,0.0
AE3W3UEUDDSPYSYU74Z54Z5RMMYA,Popularity,0.0,0.0
AE3W3UEUDDSPYSYU74Z54Z5RMMYA,CF (ItemKNN),0.0,0.0
AE3W3UEUDDSPYSYU74Z54Z5RMMYA,Content (Avg Emb),0.0,0.0
AE3W3UEUDDSPYSYU74Z54Z5RMMYA,Last-Item,0.2,1.0
AE3W3UEUDDSPYSYU74Z54Z5RMMYA,Avg-Last-10,0.0,0.0
AE3W3UEUDDSPYSYU74Z54Z5RMMYA,Recency-Weighted,0.0,0.0
AE3W3UEUDDSPYSYU74Z54Z5RMMYA,Essence (K=10),0.0,0.0
AE3WG2GDDQUDL46JBBJBQQ6WLYJQ,Random,0.0,0.0
AE3WG2GDDQUDL46JBBJBQQ6WLYJQ,Popularity,0.0,0.0
AE3WG2GDDQUDL46JBBJBQQ6WLYJQ,CF (ItemKNN),0.0,0.0
AE3WG2GDDQUDL46JBBJBQQ6WLYJQ,Content (Avg Emb),0.0,0.0
AE3WG2GDDQUDL46JBBJBQQ6WLYJQ,Last-Item,0.0,0.0
AE3WG2GDDQUDL46JBBJBQQ6WLYJQ,Avg-Last-10,0.0,0.0
AE3WG2GDDQUDL46JBBJBQQ6WLYJQ,Recency-Weighted,0.0,0.0
AE3WG2GDDQUDL46JBBJBQQ6WLYJQ,Essence (K=10),0.0,0.0
AE3YWQOAWZMF5SOY2OK5EDB3NMHA,Random,0.0,0.0
AE3YWQOAWZMF5SOY2OK5EDB3NMHA,Popularity,0.0,0.0
AE3YWQOAWZMF5SOY2OK5EDB3NMHA,CF (ItemKNN),0.0,0.0
AE3YWQOAWZMF5SOY2OK5EDB3NMHA,Content (Avg Emb),0.0,0.0
AE3YWQOAWZMF5SOY2OK5EDB3NMHA,Last-Item,0.0,0.0
AE3YWQOAWZMF5SOY2OK5EDB3NMHA,Avg-Last-10,0.0,0.0
AE3YWQOAWZMF5SOY2OK5EDB3NMHA,Recency-Weighted,0.0,0.0
AE3YWQOAWZMF5SOY2OK5EDB3NMHA,Essence (K=10),0.0,0.0
AE3Z5SAHBOKKNBMWMXGKQCQ6355Q,Random,0.0,
AE3Z5SAHBOKKNBMWMXGKQCQ6355Q,Popularity,0.0,
AE3Z5SAHBOKKNBMWMXGKQCQ6355Q,CF (ItemKNN),0.0,
AE3Z5SAHBOKKNBMWMXGKQCQ6355Q,Content (Avg Emb),0.0,
AE3Z5SAHBOKKNBMWMXGKQCQ6355Q,Last-Item,0.4,
AE3Z5SAHBOKKNBMWMXGKQCQ6355Q,Avg-Last-10,0.0,
AE3Z5SAHBOKKNBMWMXGKQCQ6355Q,Recency-Weighted,0.0,
AE3Z5SAHBOKKNBMWMXGKQCQ6355Q,Essence (K=10),0.2,
AE3ZLPQSQOQ5NUVKQ6BIU2WEUSTQ,Random,0.0,0.0
AE3ZLPQSQOQ5NUVKQ6BIU2WEUSTQ,Popularity,0.0,0.0
AE3ZLPQSQOQ5NUVKQ6BIU2WEUSTQ,CF (ItemKNN),0.0,0.0
AE3ZLPQSQOQ5NUVKQ6BIU2WEUSTQ,Content (Avg Emb),0.0,0.0
AE3ZLPQSQOQ5NUVKQ6BIU2WEUSTQ,Last-Item,0.0,0.0
AE3ZLPQSQOQ5NUVKQ6BIU2WEUSTQ,Avg-Last-10,0.0,0.0
AE3ZLPQSQOQ5NUVKQ6BIU2WEUSTQ,Recency-Weighted,0.0,0.0
AE3ZLPQSQOQ5NUVKQ6BIU2WEUSTQ,Essence (K=10),0.0,0.0
AE3ZM5A66ZMRTKETOBYU6I6R2BMQ,Random,0.0,0.0
AE3ZM5A66ZMRTKETOBYU6I6R2BMQ,Popularity,0.0,0.0
AE3ZM5A66ZMRTKETOBYU6I6R2BMQ,CF (ItemKNN),0.0,0.0
AE3ZM5A66ZMRTKETOBYU6I6R2BMQ,Content (Avg Emb),0.0,0.0
AE3ZM5A66ZMRTKETOBYU6I6R2BMQ,Last-Item,0.0,0.0
AE3ZM5A66ZMRTKETOBYU6I6R2BMQ,Avg-Last-10,0.0,0.0
AE3ZM5A66ZMRTKETOBYU6I6R2BMQ,Recency-Weighted,0.0,0.0
AE3ZM5A66ZMRTKETOBYU6I6R2BMQ,Essence (K=10),0.0,0.0
AE46MGZBHD7HMURCXEXNB2UYHMXA,Random,0.0,0.0
AE46MGZBHD7HMURCXEXNB2UYHMXA,Popularity,0.0,0.0
AE46MGZBHD7HMURCXEXNB2UYHMXA,CF (ItemKNN),0.0,0.0
AE46MGZBHD7HMURCXEXNB2UYHMXA,Content (Avg Emb),0.0,0.0
AE46MGZBHD7HMURCXEXNB2UYHMXA,Last-Item,0.0,0.0
AE46MGZBHD7HMURCXEXNB2UYHMXA,Avg-Last-10,0.0,0.0
AE46MGZBHD7HMURCXEXNB2UYHMXA,Recency-Weighted,0.0,0.0
AE46MGZBHD7HMURCXEXNB2UYHMXA,Essence (K=10),0.0,0.0
AE46VKTQQFQ2I7AOH4RPKC4X7KJQ,Random,0.0,0.0
AE46VKTQQFQ2I7AOH4RPKC4X7KJQ,Popularity,0.0,0.0
AE46VKTQQFQ2I7AOH4RPKC4X7KJQ,CF (ItemKNN),0.0,0.0
AE46VKTQQFQ2I7AOH4RPKC4X7KJQ,Content (Avg Emb),0.0,0.0
AE46VKTQQFQ2I7AOH4RPKC4X7KJQ,Last-Item,0.0,0.0
AE46VKTQQFQ2I7AOH4RPKC4X7KJQ,Avg-Last-10,0.0,0.0
AE46VKTQQFQ2I7AOH4RPKC4X7KJQ,Recency-Weighted,0.0,0.0
AE46VKTQQFQ2I7AOH4RPKC4X7KJQ,Essence (K=10),0.0,0.0
AE47I23PECQDARGWLKIPLYAIEBYQ,Random,0.0,0.0
AE47I23PECQDARGWLKIPLYAIEBYQ,Popularity,0.0,0.0
AE47I23PECQDARGWLKIPLYAIEBYQ,CF (ItemKNN),0.0,0.0
AE47I23PECQDARGWLKIPLYAIEBYQ,Content (Avg Emb),0.0,0.0
AE47I23PECQDARGWLKIPLYAIEBYQ,Last-Item,0.0,0.0
AE47I23PECQDARGWLKIPLYAIEBYQ,Avg-Last-10,0.0,0.0
AE47I23PECQDARGWLKIPLYAIEBYQ,Recency-Weighted,0.0,0.0
AE47I23PECQDARGWLKIPLYAIEBYQ,Essence (K=10),0.0,0.0
AE4CMJUAWVPILVKQYDPAQDPCVZGA,Random,0.0,0.0
AE4CMJUAWVPILVKQYDPAQDPCVZGA,Popularity,0.0,0.0
AE4CMJUAWVPILVKQYDPAQDPCVZGA,CF (ItemKNN),0.0,0.0
AE4CMJUAWVPILVKQYDPAQDPCVZGA,Content (Avg Emb),0.0,0.0
AE4CMJUAWVPILVKQYDPAQDPCVZGA,Last-Item,0.0,0.0
AE4CMJUAWVPILVKQYDPAQDPCVZGA,Avg-Last-10,0.0,0.0
AE4CMJUAWVPILVKQYDPAQDPCVZGA,Recency-Weighted,0.0,0.0
AE4CMJUAWVPILVKQYDPAQDPCVZGA,Essence (K=10),0.09090909090909091,0.0
AE4DKNPPMHNBVGXFNG5RX7WMRSWQ,Random,0.0,0.0
AE4DKNPPMHNBVGXFNG5RX7WMRSWQ,Popularity,0.0,0.0
AE4DKNPPMHNBVGXFNG5RX7WMRSWQ,CF (ItemKNN),0.0,0.0
AE4DKNPPMHNBVGXFNG5RX7WMRSWQ,Content (Avg Emb),0.0,0.0
AE4DKNPPMHNBVGXFNG5RX7WMRSWQ,Last-Item,0.0,0.0
AE4DKNPPMHNBVGXFNG5RX7WMRSWQ,Avg-Last-10,0.0,0.0
AE4DKNPPMHNBVGXFNG5RX7WMRSWQ,Recency-Weighted,0.0,0.0
AE4DKNPPMHNBVGXFNG5RX7WMRSWQ,Essence (K=10),0.0,0.0
AE4DLC73C5EAZ45DPJT5MUHKSAKA,Random,0.0,0.0
AE4DLC73C5EAZ45DPJT5MUHKSAKA,Popularity,0.0,0.0
AE4DLC73C5EAZ45DPJT5MUHKSAKA,CF (ItemKNN),0.0,0.0
AE4DLC73C5EAZ45DPJT5MUHKSAKA,Content (Avg Emb),0.0,0.0
AE4DLC73C5EAZ45DPJT5MUHKSAKA,Last-Item,0.0,0.0
AE4DLC73C5EAZ45DPJT5MUHKSAKA,Avg-Last-10,0.0,0.0
AE4DLC73C5EAZ45DPJT5MUHKSAKA,Recency-Weighted,0.0,0.0
AE4DLC73C5EAZ45DPJT5MUHKSAKA,Essence (K=10),0.14285714285714285,0.0
AE4K3SU5YJEWRCEQLR7SHROOK7EA,Random,0.0,
AE4K3SU5YJEWRCEQLR7SHROOK7EA,Popularity,0.0,
AE4K3SU5YJEWRCEQLR7SHROOK7EA,CF (ItemKNN),0.0,
AE4K3SU5YJEWRCEQLR7SHROOK7EA,Content (Avg Emb),0.3333333333333333,
AE4K3SU5YJEWRCEQLR7SHROOK7EA,Last-Item,0.16666666666666666,
AE4K3SU5YJEWRCEQLR7SHROOK7EA,Avg-Last-10,0.16666666666666666,
AE4K3SU5YJEWRCEQLR7SHROOK7EA,Recency-Weighted,0.3333333333333333,
AE4K3SU5YJEWRCEQLR7SHROOK7EA,Essence (K=10),0.3333333333333333,
AE4KNKLYVYDAYFBRORPPJWBKSNNA,Random,0.0,0.0
AE4KNKLYVYDAYFBRORPPJWBKSNNA,Popularity,0.0,0.0
AE4KNKLYVYDAYFBRORPPJWBKSNNA,CF (ItemKNN),0.0,0.0
AE4KNKLYVYDAYFBRORPPJWBKSNNA,Content (Avg Emb),0.0,0.0
AE4KNKLYVYDAYFBRORPPJWBKSNNA,Last-Item,0.0,0.0
AE4KNKLYVYDAYFBRORPPJWBKSNNA,Avg-Last-10,0.0,0.0
AE4KNKLYVYDAYFBRORPPJWBKSNNA,Recency-Weighted,0.0,0.0
AE4KNKLYVYDAYFBRORPPJWBKSNNA,Essence (K=10),0.0,0.0
AE4LSIW3GD2RFOJBPF5L2RIZALQQ,Random,0.0,0.0
AE4LSIW3GD2RFOJBPF5L2RIZALQQ,Popularity,0.0,0.0
AE4LSIW3GD2RFOJBPF5L2RIZALQQ,CF (ItemKNN),0.0,0.0
AE4LSIW3GD2RFOJBPF5L2RIZALQQ,Content (Avg Emb),0.0,0.0
AE4LSIW3GD2RFOJBPF5L2RIZALQQ,Last-Item,0.0,0.0
AE4LSIW3GD2RFOJBPF5L2RIZALQQ,Avg-Last-10,0.0,0.0
AE4LSIW3GD2RFOJBPF5L2RIZALQQ,Recency-Weighted,0.0,0.0
AE4LSIW3GD2RFOJBPF5L2RIZALQQ,Essence (K=10),0.0,0.0
AE4NM3XZ2AHMUTNCBM75OKOQIRRQ,Random,0.0,
AE4NM3XZ2AHMUTNCBM75OKOQIRRQ,Popularity,0.0,
AE4NM3XZ2AHMUTNCBM75OKOQIRRQ,CF (ItemKNN),0.0,
AE4NM3XZ2AHMUTNCBM75OKOQIRRQ,Content (Avg Emb),0.1,
AE4NM3XZ2AHMUTNCBM75OKOQIRRQ,Last-Item,0.0,
AE4NM3XZ2AHMUTNCBM75OKOQIRRQ,Avg-Last-10,0.0,
AE4NM3XZ2AHMUTNCBM75OKOQIRRQ,Recency-Weighted,0.0,
AE4NM3XZ2AHMUTNCBM75OKOQIRRQ,Essence (K=10),0.0,
AE4OOMTWEFD5KQ7FE77YC4ZPIRIQ,Random,0.0,
AE4OOMTWEFD5KQ7FE77YC4ZPIRIQ,Popularity,0.0,
AE4OOMTWEFD5KQ7FE77YC4ZPIRIQ,CF (ItemKNN),0.0,
AE4OOMTWEFD5KQ7FE77YC4ZPIRIQ,Content (Avg Emb),0.0,
AE4OOMTWEFD5KQ7FE77YC4ZPIRIQ,Last-Item,0.0,
AE4OOMTWEFD5KQ7FE77YC4ZPIRIQ,Avg-Last-10,0.0,
AE4OOMTWEFD5KQ7FE77YC4ZPIRIQ,Recency-Weighted,0.0,
AE4OOMTWEFD5KQ7FE77YC4ZPIRIQ,Essence (K=10),0.25,
AE4QJNMB4NSQTCXSE4MY355PADCA,Random,0.0,0.0
AE4QJNMB4NSQTCXSE4MY355PADCA,Popularity,0.0,0.0
AE4QJNMB4NSQTCXSE4MY355PADCA,CF (ItemKNN),0.0,0.0
AE4QJNMB4NSQTCXSE4MY355PADCA,Content (Avg Emb),0.0,0.0
AE4QJNMB4NSQTCXSE4MY355PADCA,Last-Item,0.0,0.0
AE4QJNMB4NSQTCXSE4MY355PADCA,Avg-Last-10,0.0,0.0
AE4QJNMB4NSQTCXSE4MY355PADCA,Recency-Weighted,0.0,0.0
AE4QJNMB4NSQTCXSE4MY355PADCA,Essence (K=10),0.0,0.0
AE4QQJIPUS2WLCFGUIODI4BVIXKA,Random,0.0,0.0
AE4QQJIPUS2WLCFGUIODI4BVIXKA,Popularity,0.0,0.0
AE4QQJIPUS2WLCFGUIODI4BVIXKA,CF (ItemKNN),0.0,0.0
AE4QQJIPUS2WLCFGUIODI4BVIXKA,Content (Avg Emb),0.0,0.0
AE4QQJIPUS2WLCFGUIODI4BVIXKA,Last-Item,0.0,0.0
AE4QQJIPUS2WLCFGUIODI4BVIXKA,Avg-Last-10,0.0,0.0
AE4QQJIPUS2WLCFGUIODI4BVIXKA,Recency-Weighted,0.0,0.0
AE4QQJIPUS2WLCFGUIODI4BVIXKA,Essence (K=10),0.0,0.0
AE4SQ3PKWMMLYQLNVHOUOF3B63QA,Random,0.0,0.0
AE4SQ3PKWMMLYQLNVHOUOF3B63QA,Popularity,0.0,0.0
AE4SQ3PKWMMLYQLNVHOUOF3B63QA,CF (ItemKNN),0.0,0.0
AE4SQ3PKWMMLYQLNVHOUOF3B63QA,Content (Avg Emb),0.0,0.0
AE4SQ3PKWMMLYQLNVHOUOF3B63QA,Last-Item,0.0,0.0
AE4SQ3PKWMMLYQLNVHOUOF3B63QA,Avg-Last-10,0.0,0.0
AE4SQ3PKWMMLYQLNVHOUOF3B63QA,Recency-Weighted,0.0,0.0
AE4SQ3PKWMMLYQLNVHOUOF3B63QA,Essence (K=10),0.0,0.0
AE4VPWGVAWNNGAK46ECJDA2RVSBA,Random,0.0,
AE4VPWGVAWNNGAK46ECJDA2RVSBA,Popularity,0.0,
AE4VPWGVAWNNGAK46ECJDA2RVSBA,CF (ItemKNN),0.0,
AE4VPWGVAWNNGAK46ECJDA2RVSBA,Content (Avg Emb),0.0,
AE4VPWGVAWNNGAK46ECJDA2RVSBA,Last-Item,0.0,
AE4VPWGVAWNNGAK46ECJDA2RVSBA,Avg-Last-10,0.0,
AE4VPWGVAWNNGAK46ECJDA2RVSBA,Recency-Weighted,0.0,
AE4VPWGVAWNNGAK46ECJDA2RVSBA,Essence (K=10),0.0,
AE4WZA3U5F5USDZHUTYHJKAQHG5Q,Random,0.0,
AE4WZA3U5F5USDZHUTYHJKAQHG5Q,Popularity,0.0,
AE4WZA3U5F5USDZHUTYHJKAQHG5Q,CF (ItemKNN),0.0,
AE4WZA3U5F5USDZHUTYHJKAQHG5Q,Content (Avg Emb),0.0,
AE4WZA3U5F5USDZHUTYHJKAQHG5Q,Last-Item,0.0,
AE4WZA3U5F5USDZHUTYHJKAQHG5Q,Avg-Last-10,0.0,
AE4WZA3U5F5USDZHUTYHJKAQHG5Q,Recency-Weighted,0.0,
AE4WZA3U5F5USDZHUTYHJKAQHG5Q,Essence (K=10),0.0,
AE4XQAEPIT2O7LGNGP55JBL4JUGA,Random,0.0,0.0
AE4XQAEPIT2O7LGNGP55JBL4JUGA,Popularity,0.0,0.0
AE4XQAEPIT2O7LGNGP55JBL4JUGA,CF (ItemKNN),0.0,0.0
AE4XQAEPIT2O7LGNGP55JBL4JUGA,Content (Avg Emb),0.0,0.0
AE4XQAEPIT2O7LGNGP55JBL4JUGA,Last-Item,0.0,0.0
AE4XQAEPIT2O7LGNGP55JBL4JUGA,Avg-Last-10,0.0,0.0
AE4XQAEPIT2O7LGNGP55JBL4JUGA,Recency-Weighted,0.0,0.0
AE4XQAEPIT2O7LGNGP55JBL4JUGA,Essence (K=10),0.0,0.0
AE4Y6DHH3HZIU3OZ25767BLNWVTA,Random,0.0,0.0
AE4Y6DHH3HZIU3OZ25767BLNWVTA,Popularity,0.0,0.0
AE4Y6DHH3HZIU3OZ25767BLNWVTA,CF (ItemKNN),0.0,0.0
AE4Y6DHH3HZIU3OZ25767BLNWVTA,Content (Avg Emb),0.0,0.0
AE4Y6DHH3HZIU3OZ25767BLNWVTA,Last-Item,0.0,0.0
AE4Y6DHH3HZIU3OZ25767BLNWVTA,Avg-Last-10,0.0,0.0
AE4Y6DHH3HZIU3OZ25767BLNWVTA,Recency-Weighted,0.0,0.0
AE4Y6DHH3HZIU3OZ25767BLNWVTA,Essence (K=10),0.0,0.0
AE54LSEB5LBUTS4O4DS3UEPYUT3A,Random,0.0,0.0
AE54LSEB5LBUTS4O4DS3UEPYUT3A,Popularity,0.0,0.0
AE54LSEB5LBUTS4O4DS3UEPYUT3A,CF (ItemKNN),0.0,0.0
AE54LSEB5LBUTS4O4DS3UEPYUT3A,Content (Avg Emb),0.0,0.0
AE54LSEB5LBUTS4O4DS3UEPYUT3A,Last-Item,0.0,0.0
AE54LSEB5LBUTS4O4DS3UEPYUT3A,Avg-Last-10,0.0,0.0
AE54LSEB5LBUTS4O4DS3UEPYUT3A,Recency-Weighted,0.0,0.0
AE54LSEB5LBUTS4O4DS3UEPYUT3A,Essence (K=10),0.0,0.0
AE57RTULWPTYP3L6FD4RJDAZ2OJA,Random,0.0,
AE57RTULWPTYP3L6FD4RJDAZ2OJA,Popularity,0.0,
AE57RTULWPTYP3L6FD4RJDAZ2OJA,CF (ItemKNN),0.0,
AE57RTULWPTYP3L6FD4RJDAZ2OJA,Content (Avg Emb),0.0,
AE57RTULWPTYP3L6FD4RJDAZ2OJA,Last-Item,0.5714285714285714,
AE57RTULWPTYP3L6FD4RJDAZ2OJA,Avg-Last-10,0.0,
AE57RTULWPTYP3L6FD4RJDAZ2OJA,Recency-Weighted,0.0,
AE57RTULWPTYP3L6FD4RJDAZ2OJA,Essence (K=10),0.0,
AE5ADAXQC4LQJXJOU2P6ZZD5AY4A,Random,0.0,0.0
AE5ADAXQC4LQJXJOU2P6ZZD5AY4A,Popularity,0.0,0.0
AE5ADAXQC4LQJXJOU2P6ZZD5AY4A,CF (ItemKNN),0.0,0.0
AE5ADAXQC4LQJXJOU2P6ZZD5AY4A,Content (Avg Emb),0.0,0.0
AE5ADAXQC4LQJXJOU2P6ZZD5AY4A,Last-Item,0.0,0.0
AE5ADAXQC4LQJXJOU2P6ZZD5AY4A,Avg-Last-10,0.0,0.0
AE5ADAXQC4LQJXJOU2P6ZZD5AY4A,Recency-Weighted,0.0,0.0
AE5ADAXQC4LQJXJOU2P6ZZD5AY4A,Essence (K=10),0.0,0.0
AE5CCQUB3TZTVAKMCRN6QOXO4H6A,Random,0.0,
AE5CCQUB3TZTVAKMCRN6QOXO4H6A,Popularity,0.0,
AE5CCQUB3TZTVAKMCRN6QOXO4H6A,CF (ItemKNN),0.0,
AE5CCQUB3TZTVAKMCRN6QOXO4H6A,Content (Avg Emb),0.0,
AE5CCQUB3TZTVAKMCRN6QOXO4H6A,Last-Item,0.0,
AE5CCQUB3TZTVAKMCRN6QOXO4H6A,Avg-Last-10,0.0,
AE5CCQUB3TZTVAKMCRN6QOXO4H6A,Recency-Weighted,0.0,
AE5CCQUB3TZTVAKMCRN6QOXO4H6A,Essence (K=10),0.0,
AE5D5MVWXSV7OUWK6TZDO2KNZMHQ,Random,0.0,
AE5D5MVWXSV7OUWK6TZDO2KNZMHQ,Popularity,0.0,
AE5D5MVWXSV7OUWK6TZDO2KNZMHQ,CF (ItemKNN),0.0,
AE5D5MVWXSV7OUWK6TZDO2KNZMHQ,Content (Avg Emb),0.0,
AE5D5MVWXSV7OUWK6TZDO2KNZMHQ,Last-Item,0.0,
AE5D5MVWXSV7OUWK6TZDO2KNZMHQ,Avg-Last-10,0.0,
AE5D5MVWXSV7OUWK6TZDO2KNZMHQ,Recency-Weighted,0.0,
AE5D5MVWXSV7OUWK6TZDO2KNZMHQ,Essence (K=10),0.0,
AE5DQJK2HYRILFZZGNLTREWFCWIQ,Random,0.0,0.0
AE5DQJK2HYRILFZZGNLTREWFCWIQ,Popularity,0.0,0.0
AE5DQJK2HYRILFZZGNLTREWFCWIQ,CF (ItemKNN),0.0,0.0
AE5DQJK2HYRILFZZGNLTREWFCWIQ,Content (Avg Emb),0.0,0.0
AE5DQJK2HYRILFZZGNLTREWFCWIQ,Last-Item,0.25,1.0
AE5DQJK2HYRILFZZGNLTREWFCWIQ,Avg-Last-10,0.25,0.0
AE5DQJK2HYRILFZZGNLTREWFCWIQ,Recency-Weighted,0.25,0.0
AE5DQJK2HYRILFZZGNLTREWFCWIQ,Essence (K=10),0.25,1.0
AE5ELIB45LPFP6HHMHLOQZEZSBQA,Random,0.0,0.0
AE5ELIB45LPFP6HHMHLOQZEZSBQA,Popularity,0.0,0.0
AE5ELIB45LPFP6HHMHLOQZEZSBQA,CF (ItemKNN),0.0,0.0
AE5ELIB45LPFP6HHMHLOQZEZSBQA,Content (Avg Emb),0.0,0.0
AE5ELIB45LPFP6HHMHLOQZEZSBQA,Last-Item,0.0,0.0
AE5ELIB45LPFP6HHMHLOQZEZSBQA,Avg-Last-10,0.0,0.0
AE5ELIB45LPFP6HHMHLOQZEZSBQA,Recency-Weighted,0.0,0.0
AE5ELIB45LPFP6HHMHLOQZEZSBQA,Essence (K=10),0.0,0.0
AE5FQTHBFCBIIASMIQK2HGLPMJQA,Random,0.0,
AE5FQTHBFCBIIASMIQK2HGLPMJQA,Popularity,0.0,
AE5FQTHBFCBIIASMIQK2HGLPMJQA,CF (ItemKNN),0.0,
AE5FQTHBFCBIIASMIQK2HGLPMJQA,Content (Avg Emb),0.0,
AE5FQTHBFCBIIASMIQK2HGLPMJQA,Last-Item,0.0,
AE5FQTHBFCBIIASMIQK2HGLPMJQA,Avg-Last-10,0.0,
AE5FQTHBFCBIIASMIQK2HGLPMJQA,Recency-Weighted,0.0,
AE5FQTHBFCBIIASMIQK2HGLPMJQA,Essence (K=10),0.0,
AE5GQLZFFP636LI7JUVC72KSIT7A,Random,0.0,0.0
AE5GQLZFFP636LI7JUVC72KSIT7A,Popularity,0.0,0.0
AE5GQLZFFP636LI7JUVC72KSIT7A,CF (ItemKNN),0.0,0.0
AE5GQLZFFP636LI7JUVC72KSIT7A,Content (Avg Emb),0.0,0.0
AE5GQLZFFP636LI7JUVC72KSIT7A,Last-Item,0.10344827586206896,0.0
AE5GQLZFFP636LI7JUVC72KSIT7A,Avg-Last-10,0.0,0.0
AE5GQLZFFP636LI7JUVC72KSIT7A,Recency-Weighted,0.10344827586206896,0.0
AE5GQLZFFP636LI7JUVC72KSIT7A,Essence (K=10),0.0,0.0
AE5I45Z7NYVVERUVQQYDTCSDKETA,Random,0.0,0.0
AE5I45Z7NYVVERUVQQYDTCSDKETA,Popularity,0.0,0.0
AE5I45Z7NYVVERUVQQYDTCSDKETA,CF (ItemKNN),0.0,0.0
AE5I45Z7NYVVERUVQQYDTCSDKETA,Content (Avg Emb),0.0,0.0
AE5I45Z7NYVVERUVQQYDTCSDKETA,Last-Item,0.0,0.0
AE5I45Z7NYVVERUVQQYDTCSDKETA,Avg-Last-10,0.0,0.0
AE5I45Z7NYVVERUVQQYDTCSDKETA,Recency-Weighted,0.0,0.0
AE5I45Z7NYVVERUVQQYDTCSDKETA,Essence (K=10),0.0,0.0
AE5INRAIGFDNXPWT5LNVJEEAAHBQ,Random,0.0,
AE5INRAIGFDNXPWT5LNVJEEAAHBQ,Popularity,0.0,
AE5INRAIGFDNXPWT5LNVJEEAAHBQ,CF (ItemKNN),0.0,
AE5INRAIGFDNXPWT5LNVJEEAAHBQ,Content (Avg Emb),0.0,
AE5INRAIGFDNXPWT5LNVJEEAAHBQ,Last-Item,0.0,
AE5INRAIGFDNXPWT5LNVJEEAAHBQ,Avg-Last-10,0.0,
AE5INRAIGFDNXPWT5LNVJEEAAHBQ,Recency-Weighted,0.0,
AE5INRAIGFDNXPWT5LNVJEEAAHBQ,Essence (K=10),0.0,
AE5LOIAKKAVCDE6OK7PHDTGZRYKQ,Random,0.0,0.0
AE5LOIAKKAVCDE6OK7PHDTGZRYKQ,Popularity,0.0,0.0
AE5LOIAKKAVCDE6OK7PHDTGZRYKQ,CF (ItemKNN),0.0,0.0
AE5LOIAKKAVCDE6OK7PHDTGZRYKQ,Content (Avg Emb),0.0,0.0
AE5LOIAKKAVCDE6OK7PHDTGZRYKQ,Last-Item,0.0,0.0
AE5LOIAKKAVCDE6OK7PHDTGZRYKQ,Avg-Last-10,0.0,0.0
AE5LOIAKKAVCDE6OK7PHDTGZRYKQ,Recency-Weighted,0.0,0.0
AE5LOIAKKAVCDE6OK7PHDTGZRYKQ,Essence (K=10),0.4444444444444444,0.0
AE5MER3IFPMOXQCA3TDZRTS4KK2Q,Random,0.0,0.0
AE5MER3IFPMOXQCA3TDZRTS4KK2Q,Popularity,0.0,0.0
AE5MER3IFPMOXQCA3TDZRTS4KK2Q,CF (ItemKNN),0.0,0.0
AE5MER3IFPMOXQCA3TDZRTS4KK2Q,Content (Avg Emb),0.0,0.0
AE5MER3IFPMOXQCA3TDZRTS4KK2Q,Last-Item,0.0,0.0
AE5MER3IFPMOXQCA3TDZRTS4KK2Q,Avg-Last-10,0.0,0.0
AE5MER3IFPMOXQCA3TDZRTS4KK2Q,Recency-Weighted,0.0,0.0
AE5MER3IFPMOXQCA3TDZRTS4KK2Q,Essence (K=10),0.0,0.0
AE5NEHHZMHMNBXDYLO32MSUV2AFQ,Random,0.0,0.0
AE5NEHHZMHMNBXDYLO32MSUV2AFQ,Popularity,0.0,0.0
AE5NEHHZMHMNBXDYLO32MSUV2AFQ,CF (ItemKNN),0.0,0.0
AE5NEHHZMHMNBXDYLO32MSUV2AFQ,Content (Avg Emb),0.2,0.0
AE5NEHHZMHMNBXDYLO32MSUV2AFQ,Last-Item,0.0,0.0
AE5NEHHZMHMNBXDYLO32MSUV2AFQ,Avg-Last-10,0.0,0.0
AE5NEHHZMHMNBXDYLO32MSUV2AFQ,Recency-Weighted,0.0,0.0
AE5NEHHZMHMNBXDYLO32MSUV2AFQ,Essence (K=10),0.2,0.0
AE5OXUPADX5CISBGFTDAM3BNWQVA,Random,0.0,
AE5OXUPADX5CISBGFTDAM3BNWQVA,Popularity,0.0,
AE5OXUPADX5CISBGFTDAM3BNWQVA,CF (ItemKNN),0.0,
AE5OXUPADX5CISBGFTDAM3BNWQVA,Content (Avg Emb),0.0,
AE5OXUPADX5CISBGFTDAM3BNWQVA,Last-Item,0.2222222222222222,
AE5OXUPADX5CISBGFTDAM3BNWQVA,Avg-Last-10,0.0,
AE5OXUPADX5CISBGFTDAM3BNWQVA,Recency-Weighted,0.0,
AE5OXUPADX5CISBGFTDAM3BNWQVA,Essence (K=10),0.2222222222222222,
AE5SRUWVZVVC43MFVU4URVGGOZ5A,Random,0.0,
AE5SRUWVZVVC43MFVU4URVGGOZ5A,Popularity,0.0,
AE5SRUWVZVVC43MFVU4URVGGOZ5A,CF (ItemKNN),0.0,
AE5SRUWVZVVC43MFVU4URVGGOZ5A,Content (Avg Emb),0.0,
AE5SRUWVZVVC43MFVU4URVGGOZ5A,Last-Item,0.0,
AE5SRUWVZVVC43MFVU4URVGGOZ5A,Avg-Last-10,0.0,
AE5SRUWVZVVC43MFVU4URVGGOZ5A,Recency-Weighted,0.0,
AE5SRUWVZVVC43MFVU4URVGGOZ5A,Essence (K=10),0.0,
AE5VAEG6LK7HHENJRBZ6G6M5GXWQ,Random,0.0,0.0
AE5VAEG6LK7HHENJRBZ6G6M5GXWQ,Popularity,0.0,0.0
AE5VAEG6LK7HHENJRBZ6G6M5GXWQ,CF (ItemKNN),0.0,0.0
AE5VAEG6LK7HHENJRBZ6G6M5GXWQ,Content (Avg Emb),0.0,0.0
AE5VAEG6LK7HHENJRBZ6G6M5GXWQ,Last-Item,0.16666666666666666,1.0
AE5VAEG6LK7HHENJRBZ6G6M5GXWQ,Avg-Last-10,0.0,0.0
AE5VAEG6LK7HHENJRBZ6G6M5GXWQ,Recency-Weighted,0.0,0.0
AE5VAEG6LK7HHENJRBZ6G6M5GXWQ,Essence (K=10),0.0,0.0
AE5VEKLDCAPEE56HCXKEDI26IGYA,Random,0.0,
AE5VEKLDCAPEE56HCXKEDI26IGYA,Popularity,0.0,
AE5VEKLDCAPEE56HCXKEDI26IGYA,CF (ItemKNN),0.0,
AE5VEKLDCAPEE56HCXKEDI26IGYA,Content (Avg Emb),0.0,
AE5VEKLDCAPEE56HCXKEDI26IGYA,Last-Item,0.25,
AE5VEKLDCAPEE56HCXKEDI26IGYA,Avg-Last-10,0.0,
AE5VEKLDCAPEE56HCXKEDI26IGYA,Recency-Weighted,0.0,
AE5VEKLDCAPEE56HCXKEDI26IGYA,Essence (K=10),0.25,
AE5XRPWFZWNCWPST7L3ZXRG44CAA,Random,0.0,0.0
AE5XRPWFZWNCWPST7L3ZXRG44CAA,Popularity,0.0,0.0
AE5XRPWFZWNCWPST7L3ZXRG44CAA,CF (ItemKNN),0.037037037037037035,0.16666666666666666
AE5XRPWFZWNCWPST7L3ZXRG44CAA,Content (Avg Emb),0.0,0.0
AE5XRPWFZWNCWPST7L3ZXRG44CAA,Last-Item,0.037037037037037035,0.0
AE5XRPWFZWNCWPST7L3ZXRG44CAA,Avg-Last-10,0.0,0.0
AE5XRPWFZWNCWPST7L3ZXRG44CAA,Recency-Weighted,0.0,0.0
AE5XRPWFZWNCWPST7L3ZXRG44CAA,Essence (K=10),0.0,0.0
AE5Y732QCMVAZKGBWMMZ23TNVJFA,Random,0.0,0.0
AE5Y732QCMVAZKGBWMMZ23TNVJFA,Popularity,0.0,0.0
AE5Y732QCMVAZKGBWMMZ23TNVJFA,CF (ItemKNN),0.0,0.0
AE5Y732QCMVAZKGBWMMZ23TNVJFA,Content (Avg Emb),0.0,0.0
AE5Y732QCMVAZKGBWMMZ23TNVJFA,Last-Item,0.0,0.0
AE5Y732QCMVAZKGBWMMZ23TNVJFA,Avg-Last-10,0.0,0.0
AE5Y732QCMVAZKGBWMMZ23TNVJFA,Recency-Weighted,0.0,0.0
AE5Y732QCMVAZKGBWMMZ23TNVJFA,Essence (K=10),0.0,0.0
AE5ZBQXULI5HTK4HCISK2YOIC5EA,Random,0.0,0.0
AE5ZBQXULI5HTK4HCISK2YOIC5EA,Popularity,0.0,0.0
AE5ZBQXULI5HTK4HCISK2YOIC5EA,CF (ItemKNN),0.0,0.0
AE5ZBQXULI5HTK4HCISK2YOIC5EA,Content (Avg Emb),0.0,0.0
AE5ZBQXULI5HTK4HCISK2YOIC5EA,Last-Item,0.0,0.0
AE5ZBQXULI5HTK4HCISK2YOIC5EA,Avg-Last-10,0.0,0.0
AE5ZBQXULI5HTK4HCISK2YOIC5EA,Recency-Weighted,0.0,0.0
AE5ZBQXULI5HTK4HCISK2YOIC5EA,Essence (K=10),0.0,0.0
AE63LPS66AQ7GHNG2YZWB2PAAO5A,Random,0.0,0.0
AE63LPS66AQ7GHNG2YZWB2PAAO5A,Popularity,0.0,0.0
AE63LPS66AQ7GHNG2YZWB2PAAO5A,CF (ItemKNN),0.0,0.0
AE63LPS66AQ7GHNG2YZWB2PAAO5A,Content (Avg Emb),0.0,0.0
AE63LPS66AQ7GHNG2YZWB2PAAO5A,Last-Item,0.0,0.0
AE63LPS66AQ7GHNG2YZWB2PAAO5A,Avg-Last-10,0.0,0.0
AE63LPS66AQ7GHNG2YZWB2PAAO5A,Recency-Weighted,0.0,0.0
AE63LPS66AQ7GHNG2YZWB2PAAO5A,Essence (K=10),0.0,0.0
AE65J3QI4AE6R6VMJDM2GELREEUA,Random,0.0,0.0
AE65J3QI4AE6R6VMJDM2GELREEUA,Popularity,0.0,0.0
AE65J3QI4AE6R6VMJDM2GELREEUA,CF (ItemKNN),0.0,0.0
AE65J3QI4AE6R6VMJDM2GELREEUA,Content (Avg Emb),0.0,0.0
AE65J3QI4AE6R6VMJDM2GELREEUA,Last-Item,0.0,0.0
AE65J3QI4AE6R6VMJDM2GELREEUA,Avg-Last-10,0.0,0.0
AE65J3QI4AE6R6VMJDM2GELREEUA,Recency-Weighted,0.0,0.0
AE65J3QI4AE6R6VMJDM2GELREEUA,Essence (K=10),0.0,0.0
AE6BST5BDADSDX5TZMYYOPD5AUHQ,Random,0.0,
AE6BST5BDADSDX5TZMYYOPD5AUHQ,Popularity,0.0,
AE6BST5BDADSDX5TZMYYOPD5AUHQ,CF (ItemKNN),0.0,
AE6BST5BDADSDX5TZMYYOPD5AUHQ,Content (Avg Emb),0.0,
AE6BST5BDADSDX5TZMYYOPD5AUHQ,Last-Item,0.2,
AE6BST5BDADSDX5TZMYYOPD5AUHQ,Avg-Last-10,0.0,
AE6BST5BDADSDX5TZMYYOPD5AUHQ,Recency-Weighted,0.0,
AE6BST5BDADSDX5TZMYYOPD5AUHQ,Essence (K=10),0.0,
AE6CRX7IWU5TDZGKVB25DXUHXOVA,Random,0.0,
AE6CRX7IWU5TDZGKVB25DXUHXOVA,Popularity,0.0,
AE6CRX7IWU5TDZGKVB25DXUHXOVA,CF (ItemKNN),0.0,
AE6CRX7IWU5TDZGKVB25DXUHXOVA,Content (Avg Emb),0.0,
AE6CRX7IWU5TDZGKVB25DXUHXOVA,Last-Item,0.0,
AE6CRX7IWU5TDZGKVB25DXUHXOVA,Avg-Last-10,0.0,
AE6CRX7IWU5TDZGKVB25DXUHXOVA,Recency-Weighted,0.0,
AE6CRX7IWU5TDZGKVB25DXUHXOVA,Essence (K=10),0.0,
AE6GVVZZE6XC6ZJXUZW7SOOSRBFA,Random,0.0,
AE6GVVZZE6XC6ZJXUZW7SOOSRBFA,Popularity,0.0,
AE6GVVZZE6XC6ZJXUZW7SOOSRBFA,CF (ItemKNN),0.0,
AE6GVVZZE6XC6ZJXUZW7SOOSRBFA,Content (Avg Emb),0.0,
AE6GVVZZE6XC6ZJXUZW7SOOSRBFA,Last-Item,0.42857142857142855,
AE6GVVZZE6XC6ZJXUZW7SOOSRBFA,Avg-Last-10,0.0,
AE6GVVZZE6XC6ZJXUZW7SOOSRBFA,Recency-Weighted,0.0,
AE6GVVZZE6XC6ZJXUZW7SOOSRBFA,Essence (K=10),0.0,
AE6JDZAGQO33PLVP3ZL5QPT2Q4CQ,Random,0.0,0.0
AE6JDZAGQO33PLVP3ZL5QPT2Q4CQ,Popularity,0.0,0.0
AE6JDZAGQO33PLVP3ZL5QPT2Q4CQ,CF (ItemKNN),0.0,0.0
AE6JDZAGQO33PLVP3ZL5QPT2Q4CQ,Content (Avg Emb),0.75,1.0
AE6JDZAGQO33PLVP3ZL5QPT2Q4CQ,Last-Item,0.75,1.0
AE6JDZAGQO33PLVP3ZL5QPT2Q4CQ,Avg-Last-10,0.75,1.0
AE6JDZAGQO33PLVP3ZL5QPT2Q4CQ,Recency-Weighted,0.75,1.0
AE6JDZAGQO33PLVP3ZL5QPT2Q4CQ,Essence (K=10),0.75,1.0
AE6NLFIUPPFBF6EVKF2EL6A4HZGA,Random,0.0,0.0
AE6NLFIUPPFBF6EVKF2EL6A4HZGA,Popularity,0.0,0.0
AE6NLFIUPPFBF6EVKF2EL6A4HZGA,CF (ItemKNN),0.0,0.0
AE6NLFIUPPFBF6EVKF2EL6A4HZGA,Content (Avg Emb),0.0,0.0
AE6NLFIUPPFBF6EVKF2EL6A4HZGA,Last-Item,0.0,0.0
AE6NLFIUPPFBF6EVKF2EL6A4HZGA,Avg-Last-10,0.0,0.0
AE6NLFIUPPFBF6EVKF2EL6A4HZGA,Recency-Weighted,0.0,0.0
AE6NLFIUPPFBF6EVKF2EL6A4HZGA,Essence (K=10),0.0,0.0
AE6NVL42WS53YKTQNTPXKLWMS5VQ,Random,0.0,0.0
AE6NVL42WS53YKTQNTPXKLWMS5VQ,Popularity,0.0,0.0
AE6NVL42WS53YKTQNTPXKLWMS5VQ,CF (ItemKNN),0.0,0.0
AE6NVL42WS53YKTQNTPXKLWMS5VQ,Content (Avg Emb),0.0,0.0
AE6NVL42WS53YKTQNTPXKLWMS5VQ,Last-Item,0.0,0.0
AE6NVL42WS53YKTQNTPXKLWMS5VQ,Avg-Last-10,0.0,0.0
AE6NVL42WS53YKTQNTPXKLWMS5VQ,Recency-Weighted,0.0,0.0
AE6NVL42WS53YKTQNTPXKLWMS5VQ,Essence (K=10),0.0,0.0
AE6OYHDR6NW5J2366OZU2RE6BLNQ,Random,0.0,
AE6OYHDR6NW5J2366OZU2RE6BLNQ,Popularity,0.0,
AE6OYHDR6NW5J2366OZU2RE6BLNQ,CF (ItemKNN),0.0,
AE6OYHDR6NW5J2366OZU2RE6BLNQ,Content (Avg Emb),0.0,
AE6OYHDR6NW5J2366OZU2RE6BLNQ,Last-Item,0.0,
AE6OYHDR6NW5J2366OZU2RE6BLNQ,Avg-Last-10,0.0,
AE6OYHDR6NW5J2366OZU2RE6BLNQ,Recency-Weighted,0.0,
AE6OYHDR6NW5J2366OZU2RE6BLNQ,Essence (K=10),0.0,
AE6Q5ZH5IDCTLARX7VUZD7XFEBHQ,Random,0.0,0.0
AE6Q5ZH5IDCTLARX7VUZD7XFEBHQ,Popularity,0.0,0.0
AE6Q5ZH5IDCTLARX7VUZD7XFEBHQ,CF (ItemKNN),0.0,0.0
AE6Q5ZH5IDCTLARX7VUZD7XFEBHQ,Content (Avg Emb),0.0,0.0
AE6Q5ZH5IDCTLARX7VUZD7XFEBHQ,Last-Item,0.0,0.0
AE6Q5ZH5IDCTLARX7VUZD7XFEBHQ,Avg-Last-10,0.0,0.0
AE6Q5ZH5IDCTLARX7VUZD7XFEBHQ,Recency-Weighted,0.0,0.0
AE6Q5ZH5IDCTLARX7VUZD7XFEBHQ,Essence (K=10),0.0,0.0
AE6QPUBF4UXY6ZYCVN5WBDCLBQVQ,Random,0.0,0.0
AE6QPUBF4UXY6ZYCVN5WBDCLBQVQ,Popularity,0.0,0.0
AE6QPUBF4UXY6ZYCVN5WBDCLBQVQ,CF (ItemKNN),0.0,0.0
AE6QPUBF4UXY6ZYCVN5WBDCLBQVQ,Content (Avg Emb),0.0,0.0
AE6QPUBF4UXY6ZYCVN5WBDCLBQVQ,Last-Item,0.0,0.0
AE6QPUBF4UXY6ZYCVN5WBDCLBQVQ,Avg-Last-10,0.0,0.0
AE6QPUBF4UXY6ZYCVN5WBDCLBQVQ,Recency-Weighted,0.0,0.0
AE6QPUBF4UXY6ZYCVN5WBDCLBQVQ,Essence (K=10),0.0,0.0
AE6UGV5KCJMQEHMDAJOWKXWXQ4JQ,Random,0.0,0.0
AE6UGV5KCJMQEHMDAJOWKXWXQ4JQ,Popularity,0.0,0.0
AE6UGV5KCJMQEHMDAJOWKXWXQ4JQ,CF (ItemKNN),0.0,0.0
AE6UGV5KCJMQEHMDAJOWKXWXQ4JQ,Content (Avg Emb),0.0,0.0
AE6UGV5KCJMQEHMDAJOWKXWXQ4JQ,Last-Item,0.0,0.0
AE6UGV5KCJMQEHMDAJOWKXWXQ4JQ,Avg-Last-10,0.0,0.0
AE6UGV5KCJMQEHMDAJOWKXWXQ4JQ,Recency-Weighted,0.0,0.0
AE6UGV5KCJMQEHMDAJOWKXWXQ4JQ,Essence (K=10),0.0,0.0
AE6XHHCIFNE7MI4QL3ELGTQIE27A,Random,0.0,0.0
AE6XHHCIFNE7MI4QL3ELGTQIE27A,Popularity,0.0,0.0
AE6XHHCIFNE7MI4QL3ELGTQIE27A,CF (ItemKNN),0.0,0.0
AE6XHHCIFNE7MI4QL3ELGTQIE27A,Content (Avg Emb),0.0,0.0
AE6XHHCIFNE7MI4QL3ELGTQIE27A,Last-Item,0.0,0.0
AE6XHHCIFNE7MI4QL3ELGTQIE27A,Avg-Last-10,0.0,0.0
AE6XHHCIFNE7MI4QL3ELGTQIE27A,Recency-Weighted,0.0,0.0
AE6XHHCIFNE7MI4QL3ELGTQIE27A,Essence (K=10),0.0,0.0
AE6Y7WEWKDCDPORDRLI7MDEMNL4A,Random,0.0,0.0
AE6Y7WEWKDCDPORDRLI7MDEMNL4A,Popularity,0.0,0.0
AE6Y7WEWKDCDPORDRLI7MDEMNL4A,CF (ItemKNN),0.0,0.0
AE6Y7WEWKDCDPORDRLI7MDEMNL4A,Content (Avg Emb),0.0,0.0
AE6Y7WEWKDCDPORDRLI7MDEMNL4A,Last-Item,0.0,0.0
AE6Y7WEWKDCDPORDRLI7MDEMNL4A,Avg-Last-10,0.0,0.0
AE6Y7WEWKDCDPORDRLI7MDEMNL4A,Recency-Weighted,0.0,0.0
AE6Y7WEWKDCDPORDRLI7MDEMNL4A,Essence (K=10),0.0,0.0
AE72BPNMDHQGTOOWNIWG4DECT5JQ,Random,0.0,0.0
AE72BPNMDHQGTOOWNIWG4DECT5JQ,Popularity,0.0,0.0
AE72BPNMDHQGTOOWNIWG4DECT5JQ,CF (ItemKNN),0.0,0.0
AE72BPNMDHQGTOOWNIWG4DECT5JQ,Content (Avg Emb),0.0,0.0
AE72BPNMDHQGTOOWNIWG4DECT5JQ,Last-Item,0.0,0.0
AE72BPNMDHQGTOOWNIWG4DECT5JQ,Avg-Last-10,0.0,0.0
AE72BPNMDHQGTOOWNIWG4DECT5JQ,Recency-Weighted,0.0,0.0
AE72BPNMDHQGTOOWNIWG4DECT5JQ,Essence (K=10),0.0,0.0
AE73AAYUYUS2TJUIKC3EQQYSRMSQ,Random,0.0,0.0
AE73AAYUYUS2TJUIKC3EQQYSRMSQ,Popularity,0.0,0.0
AE73AAYUYUS2TJUIKC3EQQYSRMSQ,CF (ItemKNN),0.0,0.0
AE73AAYUYUS2TJUIKC3EQQYSRMSQ,Content (Avg Emb),0.1111111111111111,0.0
AE73AAYUYUS2TJUIKC3EQQYSRMSQ,Last-Item,0.0,0.0
AE73AAYUYUS2TJUIKC3EQQYSRMSQ,Avg-Last-10,0.0,0.0
AE73AAYUYUS2TJUIKC3EQQYSRMSQ,Recency-Weighted,0.0,0.0
AE73AAYUYUS2TJUIKC3EQQYSRMSQ,Essence (K=10),0.0,0.0
AE76IWAI3REBBR6WGQU5MGTNLTSA,Random,0.0,0.0
AE76IWAI3REBBR6WGQU5MGTNLTSA,Popularity,0.0,0.0
AE76IWAI3REBBR6WGQU5MGTNLTSA,CF (ItemKNN),0.0,0.0
AE76IWAI3REBBR6WGQU5MGTNLTSA,Content (Avg Emb),0.0,0.0
AE76IWAI3REBBR6WGQU5MGTNLTSA,Last-Item,0.0,0.0
AE76IWAI3REBBR6WGQU5MGTNLTSA,Avg-Last-10,0.1,0.0
AE76IWAI3REBBR6WGQU5MGTNLTSA,Recency-Weighted,0.1,0.0
AE76IWAI3REBBR6WGQU5MGTNLTSA,Essence (K=10),0.1,0.0
AE7AZFE6SGSTENLOZC5SBS7VKOTQ,Random,0.0,0.0
AE7AZFE6SGSTENLOZC5SBS7VKOTQ,Popularity,0.0,0.0
AE7AZFE6SGSTENLOZC5SBS7VKOTQ,CF (ItemKNN),0.0,0.0
AE7AZFE6SGSTENLOZC5SBS7VKOTQ,Content (Avg Emb),0.0,0.0
AE7AZFE6SGSTENLOZC5SBS7VKOTQ,Last-Item,0.0,0.0
AE7AZFE6SGSTENLOZC5SBS7VKOTQ,Avg-Last-10,0.0,0.0
AE7AZFE6SGSTENLOZC5SBS7VKOTQ,Recency-Weighted,0.0,0.0
AE7AZFE6SGSTENLOZC5SBS7VKOTQ,Essence (K=10),0.0,0.0
AE7GYCYSPV76DQZL3HB4SOQVRZRQ,Random,0.0,
AE7GYCYSPV76DQZL3HB4SOQVRZRQ,Popularity,0.0,
AE7GYCYSPV76DQZL3HB4SOQVRZRQ,CF (ItemKNN),0.0,
AE7GYCYSPV76DQZL3HB4SOQVRZRQ,Content (Avg Emb),0.0,
AE7GYCYSPV76DQZL3HB4SOQVRZRQ,Last-Item,0.0,
AE7GYCYSPV76DQZL3HB4SOQVRZRQ,Avg-Last-10,0.0,
AE7GYCYSPV76DQZL3HB4SOQVRZRQ,Recency-Weighted,0.0,
AE7GYCYSPV76DQZL3HB4SOQVRZRQ,Essence (K=10),0.0,
AE7JK3WNR6VVAAYCIG2LEMM3CBMA,Random,0.0,0.0
AE7JK3WNR6VVAAYCIG2LEMM3CBMA,Popularity,0.0,0.0
AE7JK3WNR6VVAAYCIG2LEMM3CBMA,CF (ItemKNN),0.16666666666666666,0.5
AE7JK3WNR6VVAAYCIG2LEMM3CBMA,Content (Avg Emb),0.0,0.0
AE7JK3WNR6VVAAYCIG2LEMM3CBMA,Last-Item,0.0,0.0
AE7JK3WNR6VVAAYCIG2LEMM3CBMA,Avg-Last-10,0.16666666666666666,0.5
AE7JK3WNR6VVAAYCIG2LEMM3CBMA,Recency-Weighted,0.16666666666666666,0.5
AE7JK3WNR6VVAAYCIG2LEMM3CBMA,Essence (K=10),0.16666666666666666,0.5
AE7KY467DGG2A4C2CGGTXKPVOBOA,Random,0.0,
AE7KY467DGG2A4C2CGGTXKPVOBOA,Popularity,0.0,
AE7KY467DGG2A4C2CGGTXKPVOBOA,CF (ItemKNN),0.0,
AE7KY467DGG2A4C2CGGTXKPVOBOA,Content (Avg Emb),0.0,
AE7KY467DGG2A4C2CGGTXKPVOBOA,Last-Item,0.0,
AE7KY467DGG2A4C2CGGTXKPVOBOA,Avg-Last-10,0.0,
AE7KY467DGG2A4C2CGGTXKPVOBOA,Recency-Weighted,0.0,
AE7KY467DGG2A4C2CGGTXKPVOBOA,Essence (K=10),0.2,
AE7L6TFFDGW4ABGV4TQ4ZBOABXTQ,Random,0.0,0.0
AE7L6TFFDGW4ABGV4TQ4ZBOABXTQ,Popularity,0.0,0.0
AE7L6TFFDGW4ABGV4TQ4ZBOABXTQ,CF (ItemKNN),0.0,0.0
AE7L6TFFDGW4ABGV4TQ4ZBOABXTQ,Content (Avg Emb),0.0,0.0
AE7L6TFFDGW4ABGV4TQ4ZBOABXTQ,Last-Item,0.1111111111111111,0.0
AE7L6TFFDGW4ABGV4TQ4ZBOABXTQ,Avg-Last-10,0.1111111111111111,0.0
AE7L6TFFDGW4ABGV4TQ4ZBOABXTQ,Recency-Weighted,0.1111111111111111,0.0
AE7L6TFFDGW4ABGV4TQ4ZBOABXTQ,Essence (K=10),0.1111111111111111,0.0
AE7LHVMYVJ37S2AVVQ4VQ3AQDNOA,Random,0.0,0.0
AE7LHVMYVJ37S2AVVQ4VQ3AQDNOA,Popularity,0.0,0.0
AE7LHVMYVJ37S2AVVQ4VQ3AQDNOA,CF (ItemKNN),0.0,0.0
AE7LHVMYVJ37S2AVVQ4VQ3AQDNOA,Content (Avg Emb),0.0,0.0
AE7LHVMYVJ37S2AVVQ4VQ3AQDNOA,Last-Item,0.0,0.0
AE7LHVMYVJ37S2AVVQ4VQ3AQDNOA,Avg-Last-10,0.0,0.0
AE7LHVMYVJ37S2AVVQ4VQ3AQDNOA,Recency-Weighted,0.0,0.0
AE7LHVMYVJ37S2AVVQ4VQ3AQDNOA,Essence (K=10),0.0,0.0
AE7LTIHE4GSUPFSWRPJUL7SDM46Q,Random,0.0,
AE7LTIHE4GSUPFSWRPJUL7SDM46Q,Popularity,0.0,
AE7LTIHE4GSUPFSWRPJUL7SDM46Q,CF (ItemKNN),0.0,
AE7LTIHE4GSUPFSWRPJUL7SDM46Q,Content (Avg Emb),0.0,
AE7LTIHE4GSUPFSWRPJUL7SDM46Q,Last-Item,0.0,
AE7LTIHE4GSUPFSWRPJUL7SDM46Q,Avg-Last-10,0.0,
AE7LTIHE4GSUPFSWRPJUL7SDM46Q,Recency-Weighted,0.0,
AE7LTIHE4GSUPFSWRPJUL7SDM46Q,Essence (K=10),0.0,
AE7LXU7DY6CGEYYV2JBR4COC6VHA,Random,0.0,0.0
AE7LXU7DY6CGEYYV2JBR4COC6VHA,Popularity,0.0,0.0
AE7LXU7DY6CGEYYV2JBR4COC6VHA,CF (ItemKNN),0.0,0.0
AE7LXU7DY6CGEYYV2JBR4COC6VHA,Content (Avg Emb),0.0,0.0
AE7LXU7DY6CGEYYV2JBR4COC6VHA,Last-Item,0.0,0.0
AE7LXU7DY6CGEYYV2JBR4COC6VHA,Avg-Last-10,0.0,0.0
AE7LXU7DY6CGEYYV2JBR4COC6VHA,Recency-Weighted,0.0,0.0
AE7LXU7DY6CGEYYV2JBR4COC6VHA,Essence (K=10),0.0,0.0
AE7T2DM4EERFBGUOQCILDOQDGGXQ,Random,0.0,
AE7T2DM4EERFBGUOQCILDOQDGGXQ,Popularity,0.0,
AE7T2DM4EERFBGUOQCILDOQDGGXQ,CF (ItemKNN),0.0,
AE7T2DM4EERFBGUOQCILDOQDGGXQ,Content (Avg Emb),0.0,
AE7T2DM4EERFBGUOQCILDOQDGGXQ,Last-Item,0.0,
AE7T2DM4EERFBGUOQCILDOQDGGXQ,Avg-Last-10,0.0,
AE7T2DM4EERFBGUOQCILDOQDGGXQ,Recency-Weighted,0.0,
AE7T2DM4EERFBGUOQCILDOQDGGXQ,Essence (K=10),0.0,
AE7U6BWHJ4J6SOA2CYS7I2VGTRXQ,Random,0.0,0.0
AE7U6BWHJ4J6SOA2CYS7I2VGTRXQ,Popularity,0.0,0.0
AE7U6BWHJ4J6SOA2CYS7I2VGTRXQ,CF (ItemKNN),0.0,0.0
AE7U6BWHJ4J6SOA2CYS7I2VGTRXQ,Content (Avg Emb),0.0,0.0
AE7U6BWHJ4J6SOA2CYS7I2VGTRXQ,Last-Item,0.0,0.0
AE7U6BWHJ4J6SOA2CYS7I2VGTRXQ,Avg-Last-10,0.0,0.0
AE7U6BWHJ4J6SOA2CYS7I2VGTRXQ,Recency-Weighted,0.0,0.0
AE7U6BWHJ4J6SOA2CYS7I2VGTRXQ,Essence (K=10),0.0,0.0
AE7WNKLMEBUP26PCC4EDDAEJX2QA,Random,0.0,
AE7WNKLMEBUP26PCC4EDDAEJX2QA,Popularity,0.0,
AE7WNKLMEBUP26PCC4EDDAEJX2QA,CF (ItemKNN),0.0,
AE7WNKLMEBUP26PCC4EDDAEJX2QA,Content (Avg Emb),0.0,
AE7WNKLMEBUP26PCC4EDDAEJX2QA,Last-Item,0.0,
AE7WNKLMEBUP26PCC4EDDAEJX2QA,Avg-Last-10,0.0,
AE7WNKLMEBUP26PCC4EDDAEJX2QA,Recency-Weighted,0.0,
AE7WNKLMEBUP26PCC4EDDAEJX2QA,Essence (K=10),0.0,
AE7YPKQ6JR22ADMFRAKUDIQAQ7UA,Random,0.0,0.0
AE7YPKQ6JR22ADMFRAKUDIQAQ7UA,Popularity,0.0,0.0
AE7YPKQ6JR22ADMFRAKUDIQAQ7UA,CF (ItemKNN),0.0,0.0
AE7YPKQ6JR22ADMFRAKUDIQAQ7UA,Content (Avg Emb),0.0,0.0
AE7YPKQ6JR22ADMFRAKUDIQAQ7UA,Last-Item,0.25,0.0
AE7YPKQ6JR22ADMFRAKUDIQAQ7UA,Avg-Last-10,0.0,0.0
AE7YPKQ6JR22ADMFRAKUDIQAQ7UA,Recency-Weighted,0.0,0.0
AE7YPKQ6JR22ADMFRAKUDIQAQ7UA,Essence (K=10),0.0,0.0
AEA3AXQQQCAPNAMOEQJ7BZ6CX7EQ,Random,0.0,
AEA3AXQQQCAPNAMOEQJ7BZ6CX7EQ,Popularity,0.0,
AEA3AXQQQCAPNAMOEQJ7BZ6CX7EQ,CF (ItemKNN),0.0,
AEA3AXQQQCAPNAMOEQJ7BZ6CX7EQ,Content (Avg Emb),0.0,
AEA3AXQQQCAPNAMOEQJ7BZ6CX7EQ,Last-Item,0.0,
AEA3AXQQQCAPNAMOEQJ7BZ6CX7EQ,Avg-Last-10,0.0,
AEA3AXQQQCAPNAMOEQJ7BZ6CX7EQ,Recency-Weighted,0.0,
AEA3AXQQQCAPNAMOEQJ7BZ6CX7EQ,Essence (K=10),0.0,
AEA3KZ6LLULE6Y5MYIRWJCB7WV6A,Random,0.0,0.0
AEA3KZ6LLULE6Y5MYIRWJCB7WV6A,Popularity,0.0,0.0
AEA3KZ6LLULE6Y5MYIRWJCB7WV6A,CF (ItemKNN),0.0,0.0
AEA3KZ6LLULE6Y5MYIRWJCB7WV6A,Content (Avg Emb),0.0,0.0
AEA3KZ6LLULE6Y5MYIRWJCB7WV6A,Last-Item,0.14285714285714285,0.0
AEA3KZ6LLULE6Y5MYIRWJCB7WV6A,Avg-Last-10,0.0,0.0
AEA3KZ6LLULE6Y5MYIRWJCB7WV6A,Recency-Weighted,0.0,0.0
AEA3KZ6LLULE6Y5MYIRWJCB7WV6A,Essence (K=10),0.0,0.0
AEACVCFAYZIVVG34BTH5TNPMQE3Q,Random,0.0,0.0
AEACVCFAYZIVVG34BTH5TNPMQE3Q,Popularity,0.0,0.0
AEACVCFAYZIVVG34BTH5TNPMQE3Q,CF (ItemKNN),0.0,0.0
AEACVCFAYZIVVG34BTH5TNPMQE3Q,Content (Avg Emb),0.0,0.0
AEACVCFAYZIVVG34BTH5TNPMQE3Q,Last-Item,0.25,1.0
AEACVCFAYZIVVG34BTH5TNPMQE3Q,Avg-Last-10,0.0,0.0
AEACVCFAYZIVVG34BTH5TNPMQE3Q,Recency-Weighted,0.0,0.0
AEACVCFAYZIVVG34BTH5TNPMQE3Q,Essence (K=10),0.0,0.0
AEACWXABXEPPRWW2WZB3FUX3TFAA,Random,0.0,
AEACWXABXEPPRWW2WZB3FUX3TFAA,Popularity,0.0,
AEACWXABXEPPRWW2WZB3FUX3TFAA,CF (ItemKNN),0.0,
AEACWXABXEPPRWW2WZB3FUX3TFAA,Content (Avg Emb),0.0,
AEACWXABXEPPRWW2WZB3FUX3TFAA,Last-Item,0.0,
AEACWXABXEPPRWW2WZB3FUX3TFAA,Avg-Last-10,0.0,
AEACWXABXEPPRWW2WZB3FUX3TFAA,Recency-Weighted,0.0,
AEACWXABXEPPRWW2WZB3FUX3TFAA,Essence (K=10),0.0,
AEAD53JMZN2D2Z7FYODKEZRDSGMA,Random,0.0,
AEAD53JMZN2D2Z7FYODKEZRDSGMA,Popularity,0.0,
AEAD53JMZN2D2Z7FYODKEZRDSGMA,CF (ItemKNN),0.0,
AEAD53JMZN2D2Z7FYODKEZRDSGMA,Content (Avg Emb),0.2,
AEAD53JMZN2D2Z7FYODKEZRDSGMA,Last-Item,0.2,
AEAD53JMZN2D2Z7FYODKEZRDSGMA,Avg-Last-10,0.4,
AEAD53JMZN2D2Z7FYODKEZRDSGMA,Recency-Weighted,0.4,
AEAD53JMZN2D2Z7FYODKEZRDSGMA,Essence (K=10),0.4,
AEADOAFXCHKHEO6S4I57BSR357OQ,Random,0.0,0.0
AEADOAFXCHKHEO6S4I57BSR357OQ,Popularity,0.0,0.0
AEADOAFXCHKHEO6S4I57BSR357OQ,CF (ItemKNN),0.0,0.0
AEADOAFXCHKHEO6S4I57BSR357OQ,Content (Avg Emb),0.0,0.0
AEADOAFXCHKHEO6S4I57BSR357OQ,Last-Item,0.0,0.0
AEADOAFXCHKHEO6S4I57BSR357OQ,Avg-Last-10,0.0,0.0
AEADOAFXCHKHEO6S4I57BSR357OQ,Recency-Weighted,0.0,0.0
AEADOAFXCHKHEO6S4I57BSR357OQ,Essence (K=10),0.0,0.0
AEAEIQRBGYOU4CT45BBKXEFTMXZA,Random,0.0,
AEAEIQRBGYOU4CT45BBKXEFTMXZA,Popularity,0.0,
AEAEIQRBGYOU4CT45BBKXEFTMXZA,CF (ItemKNN),0.0,
AEAEIQRBGYOU4CT45BBKXEFTMXZA,Content (Avg Emb),0.0,
AEAEIQRBGYOU4CT45BBKXEFTMXZA,Last-Item,0.0,
AEAEIQRBGYOU4CT45BBKXEFTMXZA,Avg-Last-10,0.0,
AEAEIQRBGYOU4CT45BBKXEFTMXZA,Recency-Weighted,0.0,
AEAEIQRBGYOU4CT45BBKXEFTMXZA,Essence (K=10),0.0,
AEAFHND64VG3XQV73WIKWLTJ22AQ,Random,0.0,
AEAFHND64VG3XQV73WIKWLTJ22AQ,Popularity,0.0,
AEAFHND64VG3XQV73WIKWLTJ22AQ,CF (ItemKNN),0.0,
AEAFHND64VG3XQV73WIKWLTJ22AQ,Content (Avg Emb),0.14285714285714285,
AEAFHND64VG3XQV73WIKWLTJ22AQ,Last-Item,0.0,
AEAFHND64VG3XQV73WIKWLTJ22AQ,Avg-Last-10,0.14285714285714285,
AEAFHND64VG3XQV73WIKWLTJ22AQ,Recency-Weighted,0.14285714285714285,
AEAFHND64VG3XQV73WIKWLTJ22AQ,Essence (K=10),0.0,
AEAIA64JG6KTJL6QMAEDZ3P5HIHA,Random,0.0,
AEAIA64JG6KTJL6QMAEDZ3P5HIHA,Popularity,0.0,
AEAIA64JG6KTJL6QMAEDZ3P5HIHA,CF (ItemKNN),0.0,
AEAIA64JG6KTJL6QMAEDZ3P5HIHA,Content (Avg Emb),0.0,
AEAIA64JG6KTJL6QMAEDZ3P5HIHA,Last-Item,0.2,
AEAIA64JG6KTJL6QMAEDZ3P5HIHA,Avg-Last-10,0.0,
AEAIA64JG6KTJL6QMAEDZ3P5HIHA,Recency-Weighted,0.0,
AEAIA64JG6KTJL6QMAEDZ3P5HIHA,Essence (K=10),0.0,
AEAIPSP2LKGUVSWG4T23NODV7XPA,Random,0.0,
AEAIPSP2LKGUVSWG4T23NODV7XPA,Popularity,0.0,
AEAIPSP2LKGUVSWG4T23NODV7XPA,CF (ItemKNN),0.0,
AEAIPSP2LKGUVSWG4T23NODV7XPA,Content (Avg Emb),0.0,
AEAIPSP2LKGUVSWG4T23NODV7XPA,Last-Item,0.0,
AEAIPSP2LKGUVSWG4T23NODV7XPA,Avg-Last-10,0.0,
AEAIPSP2LKGUVSWG4T23NODV7XPA,Recency-Weighted,0.0,
AEAIPSP2LKGUVSWG4T23NODV7XPA,Essence (K=10),0.0,
AEALFVNVTJLVRSCDDYDEZMY32JZA,Random,0.0,0.0
AEALFVNVTJLVRSCDDYDEZMY32JZA,Popularity,0.0,0.0
AEALFVNVTJLVRSCDDYDEZMY32JZA,CF (ItemKNN),0.0,0.0
AEALFVNVTJLVRSCDDYDEZMY32JZA,Content (Avg Emb),0.058823529411764705,0.0
AEALFVNVTJLVRSCDDYDEZMY32JZA,Last-Item,0.0,0.0
AEALFVNVTJLVRSCDDYDEZMY32JZA,Avg-Last-10,0.0,0.0
AEALFVNVTJLVRSCDDYDEZMY32JZA,Recency-Weighted,0.0,0.0
AEALFVNVTJLVRSCDDYDEZMY32JZA,Essence (K=10),0.0,0.0
AEAR2TC7VZCNLUVXVJGLO6UFOO4A,Random,0.0,0.0
AEAR2TC7VZCNLUVXVJGLO6UFOO4A,Popularity,0.0,0.0
AEAR2TC7VZCNLUVXVJGLO6UFOO4A,CF (ItemKNN),0.0,0.0
AEAR2TC7VZCNLUVXVJGLO6UFOO4A,Content (Avg Emb),0.0,0.0
AEAR2TC7VZCNLUVXVJGLO6UFOO4A,Last-Item,0.16666666666666666,0.0
AEAR2TC7VZCNLUVXVJGLO6UFOO4A,Avg-Last-10,0.0,0.0
AEAR2TC7VZCNLUVXVJGLO6UFOO4A,Recency-Weighted,0.0,0.0
AEAR2TC7VZCNLUVXVJGLO6UFOO4A,Essence (K=10),0.0,0.0
AEASGSGEVZF6LVKVUWTBWXQASJCA,Random,0.0,0.0
AEASGSGEVZF6LVKVUWTBWXQASJCA,Popularity,0.0,0.0
AEASGSGEVZF6LVKVUWTBWXQASJCA,CF (ItemKNN),0.0,0.0
AEASGSGEVZF6LVKVUWTBWXQASJCA,Content (Avg Emb),0.0,0.0
AEASGSGEVZF6LVKVUWTBWXQASJCA,Last-Item,0.2,0.0
AEASGSGEVZF6LVKVUWTBWXQASJCA,Avg-Last-10,0.0,0.0
AEASGSGEVZF6LVKVUWTBWXQASJCA,Recency-Weighted,0.0,0.0
AEASGSGEVZF6LVKVUWTBWXQASJCA,Essence (K=10),0.0,0.0
AEAUSH3VFTWQDYQHJMCQ27D5GSSQ,Random,0.0,0.0
AEAUSH3VFTWQDYQHJMCQ27D5GSSQ,Popularity,0.0,0.0
AEAUSH3VFTWQDYQHJMCQ27D5GSSQ,CF (ItemKNN),0.0,0.0
AEAUSH3VFTWQDYQHJMCQ27D5GSSQ,Content (Avg Emb),0.0,0.0
AEAUSH3VFTWQDYQHJMCQ27D5GSSQ,Last-Item,0.0,0.0
AEAUSH3VFTWQDYQHJMCQ27D5GSSQ,Avg-Last-10,0.0,0.0
AEAUSH3VFTWQDYQHJMCQ27D5GSSQ,Recency-Weighted,0.0,0.0
AEAUSH3VFTWQDYQHJMCQ27D5GSSQ,Essence (K=10),0.2,0.0
AEAV4HPBGBYILOGR6Z6VSYPXO43A,Random,0.0,0.0
AEAV4HPBGBYILOGR6Z6VSYPXO43A,Popularity,0.0,0.0
AEAV4HPBGBYILOGR6Z6VSYPXO43A,CF (ItemKNN),0.0,0.0
AEAV4HPBGBYILOGR6Z6VSYPXO43A,Content (Avg Emb),0.0,0.0
AEAV4HPBGBYILOGR6Z6VSYPXO43A,Last-Item,0.4,0.0
AEAV4HPBGBYILOGR6Z6VSYPXO43A,Avg-Last-10,0.0,0.0
AEAV4HPBGBYILOGR6Z6VSYPXO43A,Recency-Weighted,0.0,0.0
AEAV4HPBGBYILOGR6Z6VSYPXO43A,Essence (K=10),0.2,0.0
AEAY663XMTCKO7Z5DVOYGKUDEQIA,Random,0.0,0.0
AEAY663XMTCKO7Z5DVOYGKUDEQIA,Popularity,0.0,0.0
AEAY663XMTCKO7Z5DVOYGKUDEQIA,CF (ItemKNN),0.0,0.0
AEAY663XMTCKO7Z5DVOYGKUDEQIA,Content (Avg Emb),0.0,0.0
AEAY663XMTCKO7Z5DVOYGKUDEQIA,Last-Item,0.0,0.0
AEAY663XMTCKO7Z5DVOYGKUDEQIA,Avg-Last-10,0.0,0.0
AEAY663XMTCKO7Z5DVOYGKUDEQIA,Recency-Weighted,0.0,0.0
AEAY663XMTCKO7Z5DVOYGKUDEQIA,Essence (K=10),0.0,0.0
AEB55SGRO4UZKR7IZ3XULM4EXOBQ,Random,0.0,
AEB55SGRO4UZKR7IZ3XULM4EXOBQ,Popularity,0.0,
AEB55SGRO4UZKR7IZ3XULM4EXOBQ,CF (ItemKNN),0.0,
AEB55SGRO4UZKR7IZ3XULM4EXOBQ,Content (Avg Emb),0.0,
AEB55SGRO4UZKR7IZ3XULM4EXOBQ,Last-Item,0.0,
AEB55SGRO4UZKR7IZ3XULM4EXOBQ,Avg-Last-10,0.0,
AEB55SGRO4UZKR7IZ3XULM4EXOBQ,Recency-Weighted,0.0,
AEB55SGRO4UZKR7IZ3XULM4EXOBQ,Essence (K=10),0.0,
AEB6M5WFJ6OP4XBWE26HFOPOPWSA,Random,0.0,0.0
AEB6M5WFJ6OP4XBWE26HFOPOPWSA,Popularity,0.0,0.0
AEB6M5WFJ6OP4XBWE26HFOPOPWSA,CF (ItemKNN),0.1,0.0
AEB6M5WFJ6OP4XBWE26HFOPOPWSA,Content (Avg Emb),0.0,0.0
AEB6M5WFJ6OP4XBWE26HFOPOPWSA,Last-Item,0.0,0.0
AEB6M5WFJ6OP4XBWE26HFOPOPWSA,Avg-Last-10,0.0,0.0
AEB6M5WFJ6OP4XBWE26HFOPOPWSA,Recency-Weighted,0.0,0.0
AEB6M5WFJ6OP4XBWE26HFOPOPWSA,Essence (K=10),0.0,0.0
AEB7OQTQTYJZLWL4UHEBS3MSOJUA,Random,0.0,0.0
AEB7OQTQTYJZLWL4UHEBS3MSOJUA,Popularity,0.0,0.0
AEB7OQTQTYJZLWL4UHEBS3MSOJUA,CF (ItemKNN),0.2,0.5
AEB7OQTQTYJZLWL4UHEBS3MSOJUA,Content (Avg Emb),0.0,0.0
AEB7OQTQTYJZLWL4UHEBS3MSOJUA,Last-Item,0.0,0.0
AEB7OQTQTYJZLWL4UHEBS3MSOJUA,Avg-Last-10,0.0,0.0
AEB7OQTQTYJZLWL4UHEBS3MSOJUA,Recency-Weighted,0.0,0.0
AEB7OQTQTYJZLWL4UHEBS3MSOJUA,Essence (K=10),0.0,0.0
AEB7PKMPG62G4NDDHHA7PMFYWPWA,Random,0.0,
AEB7PKMPG62G4NDDHHA7PMFYWPWA,Popularity,0.0,
AEB7PKMPG62G4NDDHHA7PMFYWPWA,CF (ItemKNN),0.0,
AEB7PKMPG62G4NDDHHA7PMFYWPWA,Content (Avg Emb),0.0,
AEB7PKMPG62G4NDDHHA7PMFYWPWA,Last-Item,0.0,
AEB7PKMPG62G4NDDHHA7PMFYWPWA,Avg-Last-10,0.0,
AEB7PKMPG62G4NDDHHA7PMFYWPWA,Recency-Weighted,0.0,
AEB7PKMPG62G4NDDHHA7PMFYWPWA,Essence (K=10),0.0,
AEBAOA6RPQHVB5IUJOA5CX2BFOKQ,Random,0.0,0.0
AEBAOA6RPQHVB5IUJOA5CX2BFOKQ,Popularity,0.0,0.0
AEBAOA6RPQHVB5IUJOA5CX2BFOKQ,CF (ItemKNN),0.0,0.0
AEBAOA6RPQHVB5IUJOA5CX2BFOKQ,Content (Avg Emb),0.0,0.0
AEBAOA6RPQHVB5IUJOA5CX2BFOKQ,Last-Item,0.14285714285714285,0.0
AEBAOA6RPQHVB5IUJOA5CX2BFOKQ,Avg-Last-10,0.42857142857142855,0.0
AEBAOA6RPQHVB5IUJOA5CX2BFOKQ,Recency-Weighted,0.42857142857142855,0.0
AEBAOA6RPQHVB5IUJOA5CX2BFOKQ,Essence (K=10),0.42857142857142855,0.0
AEBBG5VNNNKDL2ENT4LZGKFFOL7Q,Random,0.0,
AEBBG5VNNNKDL2ENT4LZGKFFOL7Q,Popularity,0.0,
AEBBG5VNNNKDL2ENT4LZGKFFOL7Q,CF (ItemKNN),0.0,
AEBBG5VNNNKDL2ENT4LZGKFFOL7Q,Content (Avg Emb),0.0,
AEBBG5VNNNKDL2ENT4LZGKFFOL7Q,Last-Item,0.16666666666666666,
AEBBG5VNNNKDL2ENT4LZGKFFOL7Q,Avg-Last-10,0.0,
AEBBG5VNNNKDL2ENT4LZGKFFOL7Q,Recency-Weighted,0.0,
AEBBG5VNNNKDL2ENT4LZGKFFOL7Q,Essence (K=10),0.0,
AEBBRFG6FGDXJHTQEBQ5BUG7R5EQ,Random,0.0,0.0
AEBBRFG6FGDXJHTQEBQ5BUG7R5EQ,Popularity,0.0,0.0
AEBBRFG6FGDXJHTQEBQ5BUG7R5EQ,CF (ItemKNN),0.0,0.0
AEBBRFG6FGDXJHTQEBQ5BUG7R5EQ,Content (Avg Emb),0.25,0.0
AEBBRFG6FGDXJHTQEBQ5BUG7R5EQ,Last-Item,0.0,0.0
AEBBRFG6FGDXJHTQEBQ5BUG7R5EQ,Avg-Last-10,0.25,0.0
AEBBRFG6FGDXJHTQEBQ5BUG7R5EQ,Recency-Weighted,0.25,0.0
AEBBRFG6FGDXJHTQEBQ5BUG7R5EQ,Essence (K=10),0.25,0.0
AEBCYLNTBOYTOWX6TKT3NMM5BZFA,Random,0.0,0.0
AEBCYLNTBOYTOWX6TKT3NMM5BZFA,Popularity,0.0,0.0
AEBCYLNTBOYTOWX6TKT3NMM5BZFA,CF (ItemKNN),0.0,0.0
AEBCYLNTBOYTOWX6TKT3NMM5BZFA,Content (Avg Emb),0.0,0.0
AEBCYLNTBOYTOWX6TKT3NMM5BZFA,Last-Item,0.0,0.0
AEBCYLNTBOYTOWX6TKT3NMM5BZFA,Avg-Last-10,0.0,0.0
AEBCYLNTBOYTOWX6TKT3NMM5BZFA,Recency-Weighted,0.0,0.0
AEBCYLNTBOYTOWX6TKT3NMM5BZFA,Essence (K=10),0.0,0.0
AEBDZUQ2FONI2T674OFNNDH3Q67Q,Random,0.0,
AEBDZUQ2FONI2T674OFNNDH3Q67Q,Popularity,0.0,
AEBDZUQ2FONI2T674OFNNDH3Q67Q,CF (ItemKNN),0.0,
AEBDZUQ2FONI2T674OFNNDH3Q67Q,Content (Avg Emb),0.0,
AEBDZUQ2FONI2T674OFNNDH3Q67Q,Last-Item,0.0,
AEBDZUQ2FONI2T674OFNNDH3Q67Q,Avg-Last-10,0.0,
AEBDZUQ2FONI2T674OFNNDH3Q67Q,Recency-Weighted,0.0,
AEBDZUQ2FONI2T674OFNNDH3Q67Q,Essence (K=10),0.0,
AEBEIMH65WDGYWRRT2XUTWT54VTA,Random,0.0,0.0
AEBEIMH65WDGYWRRT2XUTWT54VTA,Popularity,0.0,0.0
AEBEIMH65WDGYWRRT2XUTWT54VTA,CF (ItemKNN),0.0,0.0
AEBEIMH65WDGYWRRT2XUTWT54VTA,Content (Avg Emb),0.0,0.0
AEBEIMH65WDGYWRRT2XUTWT54VTA,Last-Item,0.25,0.0
AEBEIMH65WDGYWRRT2XUTWT54VTA,Avg-Last-10,0.0,0.0
AEBEIMH65WDGYWRRT2XUTWT54VTA,Recency-Weighted,0.0,0.0
AEBEIMH65WDGYWRRT2XUTWT54VTA,Essence (K=10),0.0,0.0
AEBFX66JP7X6UWGZKVVXGRWDFQJQ,Random,0.0,0.0
AEBFX66JP7X6UWGZKVVXGRWDFQJQ,Popularity,0.0,0.0
AEBFX66JP7X6UWGZKVVXGRWDFQJQ,CF (ItemKNN),0.0,0.0
AEBFX66JP7X6UWGZKVVXGRWDFQJQ,Content (Avg Emb),0.0,0.0
AEBFX66JP7X6UWGZKVVXGRWDFQJQ,Last-Item,0.0,0.0
AEBFX66JP7X6UWGZKVVXGRWDFQJQ,Avg-Last-10,0.0,0.0
AEBFX66JP7X6UWGZKVVXGRWDFQJQ,Recency-Weighted,0.0,0.0
AEBFX66JP7X6UWGZKVVXGRWDFQJQ,Essence (K=10),0.0,0.0
AEBHJ5O7H4G754DPESWUGWF2ITZQ,Random,0.0,
AEBHJ5O7H4G754DPESWUGWF2ITZQ,Popularity,0.0,
AEBHJ5O7H4G754DPESWUGWF2ITZQ,CF (ItemKNN),0.0,
AEBHJ5O7H4G754DPESWUGWF2ITZQ,Content (Avg Emb),0.0,
AEBHJ5O7H4G754DPESWUGWF2ITZQ,Last-Item,0.0,
AEBHJ5O7H4G754DPESWUGWF2ITZQ,Avg-Last-10,0.0,
AEBHJ5O7H4G754DPESWUGWF2ITZQ,Recency-Weighted,0.0,
AEBHJ5O7H4G754DPESWUGWF2ITZQ,Essence (K=10),0.0,
AEBKAAZ3KYVZKGFIW5L6GNWGL5YA,Random,0.0,0.0
AEBKAAZ3KYVZKGFIW5L6GNWGL5YA,Popularity,0.0,0.0
AEBKAAZ3KYVZKGFIW5L6GNWGL5YA,CF (ItemKNN),0.0,0.0
AEBKAAZ3KYVZKGFIW5L6GNWGL5YA,Content (Avg Emb),0.0,0.0
AEBKAAZ3KYVZKGFIW5L6GNWGL5YA,Last-Item,0.0,0.0
AEBKAAZ3KYVZKGFIW5L6GNWGL5YA,Avg-Last-10,0.0,0.0
AEBKAAZ3KYVZKGFIW5L6GNWGL5YA,Recency-Weighted,0.0,0.0
AEBKAAZ3KYVZKGFIW5L6GNWGL5YA,Essence (K=10),0.0,0.0
AEBL4YEW3GSTAJDVOOSYML5RFVSA,Random,0.0,0.0
AEBL4YEW3GSTAJDVOOSYML5RFVSA,Popularity,0.0,0.0
AEBL4YEW3GSTAJDVOOSYML5RFVSA,CF (ItemKNN),0.0,0.0
AEBL4YEW3GSTAJDVOOSYML5RFVSA,Content (Avg Emb),0.0,0.0
AEBL4YEW3GSTAJDVOOSYML5RFVSA,Last-Item,0.0,0.0
AEBL4YEW3GSTAJDVOOSYML5RFVSA,Avg-Last-10,0.0,0.0
AEBL4YEW3GSTAJDVOOSYML5RFVSA,Recency-Weighted,0.0,0.0
AEBL4YEW3GSTAJDVOOSYML5RFVSA,Essence (K=10),0.0,0.0
AEBMCEOEMQOOGO2CNXO7LHQFJCSQ,Random,0.0,0.0
AEBMCEOEMQOOGO2CNXO7LHQFJCSQ,Popularity,0.0,0.0
AEBMCEOEMQOOGO2CNXO7LHQFJCSQ,CF (ItemKNN),0.0,0.0
AEBMCEOEMQOOGO2CNXO7LHQFJCSQ,Content (Avg Emb),0.0,0.0
AEBMCEOEMQOOGO2CNXO7LHQFJCSQ,Last-Item,0.16666666666666666,0.5
AEBMCEOEMQOOGO2CNXO7LHQFJCSQ,Avg-Last-10,0.0,0.0
AEBMCEOEMQOOGO2CNXO7LHQFJCSQ,Recency-Weighted,0.0,0.0
AEBMCEOEMQOOGO2CNXO7LHQFJCSQ,Essence (K=10),0.0,0.0
AEBPAO52PP5V5PUDF7V4FZEB3FKA,Random,0.0,0.0
AEBPAO52PP5V5PUDF7V4FZEB3FKA,Popularity,0.0,0.0
AEBPAO52PP5V5PUDF7V4FZEB3FKA,CF (ItemKNN),0.0,0.0
AEBPAO52PP5V5PUDF7V4FZEB3FKA,Content (Avg Emb),0.0,0.0
AEBPAO52PP5V5PUDF7V4FZEB3FKA,Last-Item,0.125,0.3333333333333333
AEBPAO52PP5V5PUDF7V4FZEB3FKA,Avg-Last-10,0.0,0.0
AEBPAO52PP5V5PUDF7V4FZEB3FKA,Recency-Weighted,0.0,0.0
AEBPAO52PP5V5PUDF7V4FZEB3FKA,Essence (K=10),0.0,0.0
AEBVJOP7PCQQHSEFYJDYX3BGPNLQ,Random,0.0,
AEBVJOP7PCQQHSEFYJDYX3BGPNLQ,Popularity,0.0,
AEBVJOP7PCQQHSEFYJDYX3BGPNLQ,CF (ItemKNN),0.0,
AEBVJOP7PCQQHSEFYJDYX3BGPNLQ,Content (Avg Emb),0.0,
AEBVJOP7PCQQHSEFYJDYX3BGPNLQ,Last-Item,0.0,
AEBVJOP7PCQQHSEFYJDYX3BGPNLQ,Avg-Last-10,0.0,
AEBVJOP7PCQQHSEFYJDYX3BGPNLQ,Recency-Weighted,0.0,
AEBVJOP7PCQQHSEFYJDYX3BGPNLQ,Essence (K=10),0.0,
AEBXIDB5P5IIEOCM7GF53QCS2WYQ,Random,0.0,0.0
AEBXIDB5P5IIEOCM7GF53QCS2WYQ,Popularity,0.0,0.0
AEBXIDB5P5IIEOCM7GF53QCS2WYQ,CF (ItemKNN),0.0,0.0
AEBXIDB5P5IIEOCM7GF53QCS2WYQ,Content (Avg Emb),0.1111111111111111,0.0
AEBXIDB5P5IIEOCM7GF53QCS2WYQ,Last-Item,0.3333333333333333,0.4
AEBXIDB5P5IIEOCM7GF53QCS2WYQ,Avg-Last-10,0.1111111111111111,0.0
AEBXIDB5P5IIEOCM7GF53QCS2WYQ,Recency-Weighted,0.1111111111111111,0.0
AEBXIDB5P5IIEOCM7GF53QCS2WYQ,Essence (K=10),0.0,0.0
AEBZL4LEXJB44S43WPCUYNIP2QAQ,Random,0.0,0.0
AEBZL4LEXJB44S43WPCUYNIP2QAQ,Popularity,0.0,0.0
AEBZL4LEXJB44S43WPCUYNIP2QAQ,CF (ItemKNN),0.0,0.0
AEBZL4LEXJB44S43WPCUYNIP2QAQ,Content (Avg Emb),0.0,0.0
AEBZL4LEXJB44S43WPCUYNIP2QAQ,Last-Item,0.0,0.0
AEBZL4LEXJB44S43WPCUYNIP2QAQ,Avg-Last-10,0.0,0.0
AEBZL4LEXJB44S43WPCUYNIP2QAQ,Recency-Weighted,0.0,0.0
AEBZL4LEXJB44S43WPCUYNIP2QAQ,Essence (K=10),0.1111111111111111,0.0
AEC2ABUVFJNWESLFYDWE4BA3FNCA,Random,0.0,0.0
AEC2ABUVFJNWESLFYDWE4BA3FNCA,Popularity,0.0,0.0
AEC2ABUVFJNWESLFYDWE4BA3FNCA,CF (ItemKNN),0.0,0.0
AEC2ABUVFJNWESLFYDWE4BA3FNCA,Content (Avg Emb),0.0,0.0
AEC2ABUVFJNWESLFYDWE4BA3FNCA,Last-Item,0.0,0.0
AEC2ABUVFJNWESLFYDWE4BA3FNCA,Avg-Last-10,0.0,0.0
AEC2ABUVFJNWESLFYDWE4BA3FNCA,Recency-Weighted,0.0,0.0
AEC2ABUVFJNWESLFYDWE4BA3FNCA,Essence (K=10),0.0,0.0
AEC2JZWPLGHZ2HXWRX5NWUHTWGHA,Random,0.0,
AEC2JZWPLGHZ2HXWRX5NWUHTWGHA,Popularity,0.0,
AEC2JZWPLGHZ2HXWRX5NWUHTWGHA,CF (ItemKNN),0.0,
AEC2JZWPLGHZ2HXWRX5NWUHTWGHA,Content (Avg Emb),0.0,
AEC2JZWPLGHZ2HXWRX5NWUHTWGHA,Last-Item,0.0,
AEC2JZWPLGHZ2HXWRX5NWUHTWGHA,Avg-Last-10,0.0,
AEC2JZWPLGHZ2HXWRX5NWUHTWGHA,Recency-Weighted,0.0,
AEC2JZWPLGHZ2HXWRX5NWUHTWGHA,Essence (K=10),0.0,
AEC2TRXDG33HBLSQ7L7E7PCMXXOQ,Random,0.0,
AEC2TRXDG33HBLSQ7L7E7PCMXXOQ,Popularity,0.0,
AEC2TRXDG33HBLSQ7L7E7PCMXXOQ,CF (ItemKNN),0.0,
AEC2TRXDG33HBLSQ7L7E7PCMXXOQ,Content (Avg Emb),0.0,
AEC2TRXDG33HBLSQ7L7E7PCMXXOQ,Last-Item,0.0,
AEC2TRXDG33HBLSQ7L7E7PCMXXOQ,Avg-Last-10,0.0,
AEC2TRXDG33HBLSQ7L7E7PCMXXOQ,Recency-Weighted,0.0,
AEC2TRXDG33HBLSQ7L7E7PCMXXOQ,Essence (K=10),0.0,
AEC34O66ISFLJWJO7H5SJSJFOTKQ,Random,0.0,0.0
AEC34O66ISFLJWJO7H5SJSJFOTKQ,Popularity,0.0,0.0
AEC34O66ISFLJWJO7H5SJSJFOTKQ,CF (ItemKNN),0.0,0.0
AEC34O66ISFLJWJO7H5SJSJFOTKQ,Content (Avg Emb),0.0,0.0
AEC34O66ISFLJWJO7H5SJSJFOTKQ,Last-Item,0.0,0.0
AEC34O66ISFLJWJO7H5SJSJFOTKQ,Avg-Last-10,0.0,0.0
AEC34O66ISFLJWJO7H5SJSJFOTKQ,Recency-Weighted,0.0,0.0
AEC34O66ISFLJWJO7H5SJSJFOTKQ,Essence (K=10),0.0,0.0
AEC5LF53OQNEBJ7XY6Y45PSAULXQ,Random,0.0,0.0
AEC5LF53OQNEBJ7XY6Y45PSAULXQ,Popularity,0.0,0.0
AEC5LF53OQNEBJ7XY6Y45PSAULXQ,CF (ItemKNN),0.0,0.0
AEC5LF53OQNEBJ7XY6Y45PSAULXQ,Content (Avg Emb),0.0,0.0
AEC5LF53OQNEBJ7XY6Y45PSAULXQ,Last-Item,0.0,0.0
AEC5LF53OQNEBJ7XY6Y45PSAULXQ,Avg-Last-10,0.0,0.0
AEC5LF53OQNEBJ7XY6Y45PSAULXQ,Recency-Weighted,0.0,0.0
AEC5LF53OQNEBJ7XY6Y45PSAULXQ,Essence (K=10),0.05263157894736842,0.0
AEC6F4EP5HEAJ5W3QONUX6N33MYA,Random,0.0,0.0
AEC6F4EP5HEAJ5W3QONUX6N33MYA,Popularity,0.0,0.0
AEC6F4EP5HEAJ5W3QONUX6N33MYA,CF (ItemKNN),0.0,0.0
AEC6F4EP5HEAJ5W3QONUX6N33MYA,Content (Avg Emb),0.0,0.0
AEC6F4EP5HEAJ5W3QONUX6N33MYA,Last-Item,0.0,0.0
AEC6F4EP5HEAJ5W3QONUX6N33MYA,Avg-Last-10,0.0,0.0
AEC6F4EP5HEAJ5W3QONUX6N33MYA,Recency-Weighted,0.0,0.0
AEC6F4EP5HEAJ5W3QONUX6N33MYA,Essence (K=10),0.0,0.0
AECBODH6OUSQUO5XD5FPYJ7DDLAA,Random,0.0,
AECBODH6OUSQUO5XD5FPYJ7DDLAA,Popularity,0.0,
AECBODH6OUSQUO5XD5FPYJ7DDLAA,CF (ItemKNN),0.0,
AECBODH6OUSQUO5XD5FPYJ7DDLAA,Content (Avg Emb),0.0,
AECBODH6OUSQUO5XD5FPYJ7DDLAA,Last-Item,0.16666666666666666,
AECBODH6OUSQUO5XD5FPYJ7DDLAA,Avg-Last-10,0.0,
AECBODH6OUSQUO5XD5FPYJ7DDLAA,Recency-Weighted,0.08333333333333333,
AECBODH6OUSQUO5XD5FPYJ7DDLAA,Essence (K=10),0.0,
AECIZAGNE5FQOFI4R65L4HMQT5KQ,Random,0.0,
AECIZAGNE5FQOFI4R65L4HMQT5KQ,Popularity,0.0,
AECIZAGNE5FQOFI4R65L4HMQT5KQ,CF (ItemKNN),0.0,
AECIZAGNE5FQOFI4R65L4HMQT5KQ,Content (Avg Emb),0.2,
AECIZAGNE5FQOFI4R65L4HMQT5KQ,Last-Item,0.0,
AECIZAGNE5FQOFI4R65L4HMQT5KQ,Avg-Last-10,0.2,
AECIZAGNE5FQOFI4R65L4HMQT5KQ,Recency-Weighted,0.0,
AECIZAGNE5FQOFI4R65L4HMQT5KQ,Essence (K=10),0.0,
AECJVXRIAN3JXLFHRCI67GGO5NLA,Random,0.0,
AECJVXRIAN3JXLFHRCI67GGO5NLA,Popularity,0.0,
AECJVXRIAN3JXLFHRCI67GGO5NLA,CF (ItemKNN),0.0,
AECJVXRIAN3JXLFHRCI67GGO5NLA,Content (Avg Emb),0.2,
AECJVXRIAN3JXLFHRCI67GGO5NLA,Last-Item,0.0,
AECJVXRIAN3JXLFHRCI67GGO5NLA,Avg-Last-10,0.2,
AECJVXRIAN3JXLFHRCI67GGO5NLA,Recency-Weighted,0.2,
AECJVXRIAN3JXLFHRCI67GGO5NLA,Essence (K=10),0.2,
AECKD2N2Q5ADMWL2PDOOZTAPYRKA,Random,0.0,0.0
AECKD2N2Q5ADMWL2PDOOZTAPYRKA,Popularity,0.0,0.0
AECKD2N2Q5ADMWL2PDOOZTAPYRKA,CF (ItemKNN),0.0,0.0
AECKD2N2Q5ADMWL2PDOOZTAPYRKA,Content (Avg Emb),0.0,0.0
AECKD2N2Q5ADMWL2PDOOZTAPYRKA,Last-Item,0.0,0.0
AECKD2N2Q5ADMWL2PDOOZTAPYRKA,Avg-Last-10,0.0,0.0
AECKD2N2Q5ADMWL2PDOOZTAPYRKA,Recency-Weighted,0.0,0.0
AECKD2N2Q5ADMWL2PDOOZTAPYRKA,Essence (K=10),0.0,0.0
AECLQSW5XXN5FOYQVXFIRKHRG6SA,Random,0.0,0.0
AECLQSW5XXN5FOYQVXFIRKHRG6SA,Popularity,0.07692307692307693,0.0
AECLQSW5XXN5FOYQVXFIRKHRG6SA,CF (ItemKNN),0.0,0.0
AECLQSW5XXN5FOYQVXFIRKHRG6SA,Content (Avg Emb),0.0,0.0
AECLQSW5XXN5FOYQVXFIRKHRG6SA,Last-Item,0.0,0.0
AECLQSW5XXN5FOYQVXFIRKHRG6SA,Avg-Last-10,0.0,0.0
AECLQSW5XXN5FOYQVXFIRKHRG6SA,Recency-Weighted,0.0,0.0
AECLQSW5XXN5FOYQVXFIRKHRG6SA,Essence (K=10),0.0,0.0
AECMECUW3SFVSJ7XMGVSOSE7IKKA,Random,0.0,
AECMECUW3SFVSJ7XMGVSOSE7IKKA,Popularity,0.0,
AECMECUW3SFVSJ7XMGVSOSE7IKKA,CF (ItemKNN),0.0,
AECMECUW3SFVSJ7XMGVSOSE7IKKA,Content (Avg Emb),0.0,
AECMECUW3SFVSJ7XMGVSOSE7IKKA,Last-Item,0.0,
AECMECUW3SFVSJ7XMGVSOSE7IKKA,Avg-Last-10,0.0,
AECMECUW3SFVSJ7XMGVSOSE7IKKA,Recency-Weighted,0.0,
AECMECUW3SFVSJ7XMGVSOSE7IKKA,Essence (K=10),0.0,
AECMGKH4UFPCZANMILESOLTHLO5Q,Random,0.0,
AECMGKH4UFPCZANMILESOLTHLO5Q,Popularity,0.0,
AECMGKH4UFPCZANMILESOLTHLO5Q,CF (ItemKNN),0.0,
AECMGKH4UFPCZANMILESOLTHLO5Q,Content (Avg Emb),0.0,
AECMGKH4UFPCZANMILESOLTHLO5Q,Last-Item,0.0,
AECMGKH4UFPCZANMILESOLTHLO5Q,Avg-Last-10,0.0,
AECMGKH4UFPCZANMILESOLTHLO5Q,Recency-Weighted,0.0,
AECMGKH4UFPCZANMILESOLTHLO5Q,Essence (K=10),0.0,
AECNNOET4AKDOYAISZB22MAWU3YA,Random,0.0,0.0
AECNNOET4AKDOYAISZB22MAWU3YA,Popularity,0.0,0.0
AECNNOET4AKDOYAISZB22MAWU3YA,CF (ItemKNN),0.0,0.0
AECNNOET4AKDOYAISZB22MAWU3YA,Content (Avg Emb),0.0,0.0
AECNNOET4AKDOYAISZB22MAWU3YA,Last-Item,0.0,0.0
AECNNOET4AKDOYAISZB22MAWU3YA,Avg-Last-10,0.0,0.0
AECNNOET4AKDOYAISZB22MAWU3YA,Recency-Weighted,0.0,0.0
AECNNOET4AKDOYAISZB22MAWU3YA,Essence (K=10),0.0,0.0
AECPNHNQLJ2FOBVP75LN2GTCFL2Q,Random,0.0,0.0
AECPNHNQLJ2FOBVP75LN2GTCFL2Q,Popularity,0.0,0.0
AECPNHNQLJ2FOBVP75LN2GTCFL2Q,CF (ItemKNN),0.0,0.0
AECPNHNQLJ2FOBVP75LN2GTCFL2Q,Content (Avg Emb),0.0,0.0
AECPNHNQLJ2FOBVP75LN2GTCFL2Q,Last-Item,0.0,0.0
AECPNHNQLJ2FOBVP75LN2GTCFL2Q,Avg-Last-10,0.0,0.0
AECPNHNQLJ2FOBVP75LN2GTCFL2Q,Recency-Weighted,0.0,0.0
AECPNHNQLJ2FOBVP75LN2GTCFL2Q,Essence (K=10),0.0,0.0
AECRDQRGBD33HSS7MCLZKGRCUHFA,Random,0.0,0.0
AECRDQRGBD33HSS7MCLZKGRCUHFA,Popularity,0.0,0.0
AECRDQRGBD33HSS7MCLZKGRCUHFA,CF (ItemKNN),0.0,0.0
AECRDQRGBD33HSS7MCLZKGRCUHFA,Content (Avg Emb),0.0,0.0
AECRDQRGBD33HSS7MCLZKGRCUHFA,Last-Item,0.25,0.0
AECRDQRGBD33HSS7MCLZKGRCUHFA,Avg-Last-10,0.0,0.0
AECRDQRGBD33HSS7MCLZKGRCUHFA,Recency-Weighted,0.0,0.0
AECRDQRGBD33HSS7MCLZKGRCUHFA,Essence (K=10),0.0,0.0
AECXGB7IOAO4WMOE2XED3A2IDVRA,Random,0.0,0.0
AECXGB7IOAO4WMOE2XED3A2IDVRA,Popularity,0.0,0.0
AECXGB7IOAO4WMOE2XED3A2IDVRA,CF (ItemKNN),0.0,0.0
AECXGB7IOAO4WMOE2XED3A2IDVRA,Content (Avg Emb),0.0,0.0
AECXGB7IOAO4WMOE2XED3A2IDVRA,Last-Item,0.0,0.0
AECXGB7IOAO4WMOE2XED3A2IDVRA,Avg-Last-10,0.0,0.0
AECXGB7IOAO4WMOE2XED3A2IDVRA,Recency-Weighted,0.0,0.0
AECXGB7IOAO4WMOE2XED3A2IDVRA,Essence (K=10),0.0,0.0
AECXLP3HTDC5EKKNQB2SGPBPLBAA,Random,0.0,0.0
AECXLP3HTDC5EKKNQB2SGPBPLBAA,Popularity,0.0,0.0
AECXLP3HTDC5EKKNQB2SGPBPLBAA,CF (ItemKNN),0.0,0.0
AECXLP3HTDC5EKKNQB2SGPBPLBAA,Content (Avg Emb),0.0,0.0
AECXLP3HTDC5EKKNQB2SGPBPLBAA,Last-Item,0.0,0.0
AECXLP3HTDC5EKKNQB2SGPBPLBAA,Avg-Last-10,0.0,0.0
AECXLP3HTDC5EKKNQB2SGPBPLBAA,Recency-Weighted,0.0,0.0
AECXLP3HTDC5EKKNQB2SGPBPLBAA,Essence (K=10),0.0,0.0
AECY6Z275YV4Q2UEMZLAPHBOSKCA,Random,0.0,
AECY6Z275YV4Q2UEMZLAPHBOSKCA,Popularity,0.0,
AECY6Z275YV4Q2UEMZLAPHBOSKCA,CF (ItemKNN),0.0,
AECY6Z275YV4Q2UEMZLAPHBOSKCA,Content (Avg Emb),0.0,
AECY6Z275YV4Q2UEMZLAPHBOSKCA,Last-Item,0.3333333333333333,
AECY6Z275YV4Q2UEMZLAPHBOSKCA,Avg-Last-10,0.0,
AECY6Z275YV4Q2UEMZLAPHBOSKCA,Recency-Weighted,0.1111111111111111,
AECY6Z275YV4Q2UEMZLAPHBOSKCA,Essence (K=10),0.0,
AED2DL4LKLGDY5WCZLIQH5VECITA,Random,0.0,0.0
AED2DL4LKLGDY5WCZLIQH5VECITA,Popularity,0.0,0.0
AED2DL4LKLGDY5WCZLIQH5VECITA,CF (ItemKNN),0.125,0.5
AED2DL4LKLGDY5WCZLIQH5VECITA,Content (Avg Emb),0.0,0.0
AED2DL4LKLGDY5WCZLIQH5VECITA,Last-Item,0.25,0.5
AED2DL4LKLGDY5WCZLIQH5VECITA,Avg-Last-10,0.25,0.5
AED2DL4LKLGDY5WCZLIQH5VECITA,Recency-Weighted,0.25,0.5
AED2DL4LKLGDY5WCZLIQH5VECITA,Essence (K=10),0.25,0.5
AED3IALUODHLO2OCRTVTWPDBSFLQ,Random,0.0,
AED3IALUODHLO2OCRTVTWPDBSFLQ,Popularity,0.0,
AED3IALUODHLO2OCRTVTWPDBSFLQ,CF (ItemKNN),0.0,
AED3IALUODHLO2OCRTVTWPDBSFLQ,Content (Avg Emb),0.2,
AED3IALUODHLO2OCRTVTWPDBSFLQ,Last-Item,0.2,
AED3IALUODHLO2OCRTVTWPDBSFLQ,Avg-Last-10,0.2,
AED3IALUODHLO2OCRTVTWPDBSFLQ,Recency-Weighted,0.2,
AED3IALUODHLO2OCRTVTWPDBSFLQ,Essence (K=10),0.2,
AED3IOH2VGHGUYCXGZVSQPCYDXOQ,Random,0.0,0.0
AED3IOH2VGHGUYCXGZVSQPCYDXOQ,Popularity,0.0,0.0
AED3IOH2VGHGUYCXGZVSQPCYDXOQ,CF (ItemKNN),0.0,0.0
AED3IOH2VGHGUYCXGZVSQPCYDXOQ,Content (Avg Emb),0.0,0.0
AED3IOH2VGHGUYCXGZVSQPCYDXOQ,Last-Item,0.0,0.0
AED3IOH2VGHGUYCXGZVSQPCYDXOQ,Avg-Last-10,0.0,0.0
AED3IOH2VGHGUYCXGZVSQPCYDXOQ,Recency-Weighted,0.0,0.0
AED3IOH2VGHGUYCXGZVSQPCYDXOQ,Essence (K=10),0.0,0.0
AED3OD5PW5HU5GXN3OF74NH7CFMA,Random,0.0,0.0
AED3OD5PW5HU5GXN3OF74NH7CFMA,Popularity,0.0,0.0
AED3OD5PW5HU5GXN3OF74NH7CFMA,CF (ItemKNN),0.0,0.0
AED3OD5PW5HU5GXN3OF74NH7CFMA,Content (Avg Emb),0.0,0.0
AED3OD5PW5HU5GXN3OF74NH7CFMA,Last-Item,0.0,0.0
AED3OD5PW5HU5GXN3OF74NH7CFMA,Avg-Last-10,0.0,0.0
AED3OD5PW5HU5GXN3OF74NH7CFMA,Recency-Weighted,0.0,0.0
AED3OD5PW5HU5GXN3OF74NH7CFMA,Essence (K=10),0.0,0.0
AED5DGL4SJMXK6GYRGA3EMOUVXGQ,Random,0.0,0.0
AED5DGL4SJMXK6GYRGA3EMOUVXGQ,Popularity,0.0,0.0
AED5DGL4SJMXK6GYRGA3EMOUVXGQ,CF (ItemKNN),0.0,0.0
AED5DGL4SJMXK6GYRGA3EMOUVXGQ,Content (Avg Emb),0.0,0.0
AED5DGL4SJMXK6GYRGA3EMOUVXGQ,Last-Item,0.0,0.0
AED5DGL4SJMXK6GYRGA3EMOUVXGQ,Avg-Last-10,0.0,0.0
AED5DGL4SJMXK6GYRGA3EMOUVXGQ,Recency-Weighted,0.0,0.0
AED5DGL4SJMXK6GYRGA3EMOUVXGQ,Essence (K=10),0.0,0.0
AED6IGMCLSY57LXYHXEABBMHN3GQ,Random,0.0,0.0
AED6IGMCLSY57LXYHXEABBMHN3GQ,Popularity,0.0,0.0
AED6IGMCLSY57LXYHXEABBMHN3GQ,CF (ItemKNN),0.0,0.0
AED6IGMCLSY57LXYHXEABBMHN3GQ,Content (Avg Emb),0.0,0.0
AED6IGMCLSY57LXYHXEABBMHN3GQ,Last-Item,0.0,0.0
AED6IGMCLSY57LXYHXEABBMHN3GQ,Avg-Last-10,0.0,0.0
AED6IGMCLSY57LXYHXEABBMHN3GQ,Recency-Weighted,0.0,0.0
AED6IGMCLSY57LXYHXEABBMHN3GQ,Essence (K=10),0.0,0.0
AEDAU3TS7GIYDQKGHTVJ5L2EFF7A,Random,0.0,
AEDAU3TS7GIYDQKGHTVJ5L2EFF7A,Popularity,0.0,
AEDAU3TS7GIYDQKGHTVJ5L2EFF7A,CF (ItemKNN),0.0,
AEDAU3TS7GIYDQKGHTVJ5L2EFF7A,Content (Avg Emb),0.0,
AEDAU3TS7GIYDQKGHTVJ5L2EFF7A,Last-Item,0.09090909090909091,
AEDAU3TS7GIYDQKGHTVJ5L2EFF7A,Avg-Last-10,0.0,
AEDAU3TS7GIYDQKGHTVJ5L2EFF7A,Recency-Weighted,0.0,
AEDAU3TS7GIYDQKGHTVJ5L2EFF7A,Essence (K=10),0.0,
AEDCSJIZR7GKBDNTRN65WXEOWL7Q,Random,0.0,0.0
AEDCSJIZR7GKBDNTRN65WXEOWL7Q,Popularity,0.0,0.0
AEDCSJIZR7GKBDNTRN65WXEOWL7Q,CF (ItemKNN),0.0,0.0
AEDCSJIZR7GKBDNTRN65WXEOWL7Q,Content (Avg Emb),0.0,0.0
AEDCSJIZR7GKBDNTRN65WXEOWL7Q,Last-Item,0.0,0.0
AEDCSJIZR7GKBDNTRN65WXEOWL7Q,Avg-Last-10,0.09090909090909091,0.0
AEDCSJIZR7GKBDNTRN65WXEOWL7Q,Recency-Weighted,0.09090909090909091,0.0
AEDCSJIZR7GKBDNTRN65WXEOWL7Q,Essence (K=10),0.09090909090909091,0.0
AEDFGMKJJ56IKF4ZS627AE3XN3AQ,Random,0.0,
AEDFGMKJJ56IKF4ZS627AE3XN3AQ,Popularity,0.0,
AEDFGMKJJ56IKF4ZS627AE3XN3AQ,CF (ItemKNN),0.0,
AEDFGMKJJ56IKF4ZS627AE3XN3AQ,Content (Avg Emb),0.0,
AEDFGMKJJ56IKF4ZS627AE3XN3AQ,Last-Item,0.0,
AEDFGMKJJ56IKF4ZS627AE3XN3AQ,Avg-Last-10,0.0,
AEDFGMKJJ56IKF4ZS627AE3XN3AQ,Recency-Weighted,0.0,
AEDFGMKJJ56IKF4ZS627AE3XN3AQ,Essence (K=10),0.0,
AEDIORD6KJTCR6Q5PSSHFEYW3JLA,Random,0.0,0.0
AEDIORD6KJTCR6Q5PSSHFEYW3JLA,Popularity,0.0,0.0
AEDIORD6KJTCR6Q5PSSHFEYW3JLA,CF (ItemKNN),0.0,0.0
AEDIORD6KJTCR6Q5PSSHFEYW3JLA,Content (Avg Emb),0.0,0.0
AEDIORD6KJTCR6Q5PSSHFEYW3JLA,Last-Item,0.0,0.0
AEDIORD6KJTCR6Q5PSSHFEYW3JLA,Avg-Last-10,0.0,0.0
AEDIORD6KJTCR6Q5PSSHFEYW3JLA,Recency-Weighted,0.0,0.0
AEDIORD6KJTCR6Q5PSSHFEYW3JLA,Essence (K=10),0.0,0.0
AEDKFNXTW7PSLOLSSUMDMSAR7FJQ,Random,0.0,
AEDKFNXTW7PSLOLSSUMDMSAR7FJQ,Popularity,0.0,
AEDKFNXTW7PSLOLSSUMDMSAR7FJQ,CF (ItemKNN),0.0,
AEDKFNXTW7PSLOLSSUMDMSAR7FJQ,Content (Avg Emb),0.5,
AEDKFNXTW7PSLOLSSUMDMSAR7FJQ,Last-Item,0.0,
AEDKFNXTW7PSLOLSSUMDMSAR7FJQ,Avg-Last-10,0.5,
AEDKFNXTW7PSLOLSSUMDMSAR7FJQ,Recency-Weighted,0.5,
AEDKFNXTW7PSLOLSSUMDMSAR7FJQ,Essence (K=10),0.5,
AEDL3N6AUZBKSNTYCKW7XB6X6QLQ,Random,0.0,0.0
AEDL3N6AUZBKSNTYCKW7XB6X6QLQ,Popularity,0.0,0.0
AEDL3N6AUZBKSNTYCKW7XB6X6QLQ,CF (ItemKNN),0.0,0.0
AEDL3N6AUZBKSNTYCKW7XB6X6QLQ,Content (Avg Emb),0.0,0.0
AEDL3N6AUZBKSNTYCKW7XB6X6QLQ,Last-Item,0.16666666666666666,0.0
AEDL3N6AUZBKSNTYCKW7XB6X6QLQ,Avg-Last-10,0.0,0.0
AEDL3N6AUZBKSNTYCKW7XB6X6QLQ,Recency-Weighted,0.0,0.0
AEDL3N6AUZBKSNTYCKW7XB6X6QLQ,Essence (K=10),0.0,0.0
AEDN2RZOA5F2FIHWCXBEFDJ3HUMA,Random,0.0,0.0
AEDN2RZOA5F2FIHWCXBEFDJ3HUMA,Popularity,0.0,0.0
AEDN2RZOA5F2FIHWCXBEFDJ3HUMA,CF (ItemKNN),0.0,0.0
AEDN2RZOA5F2FIHWCXBEFDJ3HUMA,Content (Avg Emb),0.0,0.0
AEDN2RZOA5F2FIHWCXBEFDJ3HUMA,Last-Item,0.0,0.0
AEDN2RZOA5F2FIHWCXBEFDJ3HUMA,Avg-Last-10,0.0,0.0
AEDN2RZOA5F2FIHWCXBEFDJ3HUMA,Recency-Weighted,0.0,0.0
AEDN2RZOA5F2FIHWCXBEFDJ3HUMA,Essence (K=10),0.0,0.0
AEDOLPSSSZVHSZUWNY2QI3Y4MO6A,Random,0.0,0.0
AEDOLPSSSZVHSZUWNY2QI3Y4MO6A,Popularity,0.0,0.0
AEDOLPSSSZVHSZUWNY2QI3Y4MO6A,CF (ItemKNN),0.0,0.0
AEDOLPSSSZVHSZUWNY2QI3Y4MO6A,Content (Avg Emb),0.2,0.0
AEDOLPSSSZVHSZUWNY2QI3Y4MO6A,Last-Item,0.4,0.0
AEDOLPSSSZVHSZUWNY2QI3Y4MO6A,Avg-Last-10,0.2,0.0
AEDOLPSSSZVHSZUWNY2QI3Y4MO6A,Recency-Weighted,0.2,0.0
AEDOLPSSSZVHSZUWNY2QI3Y4MO6A,Essence (K=10),0.0,0.0
AEDPCCIMO6666TK2JQCGTFFAGVNA,Random,0.0,0.0
AEDPCCIMO6666TK2JQCGTFFAGVNA,Popularity,0.0,0.0
AEDPCCIMO6666TK2JQCGTFFAGVNA,CF (ItemKNN),0.0,0.0
AEDPCCIMO6666TK2JQCGTFFAGVNA,Content (Avg Emb),0.0,0.0
AEDPCCIMO6666TK2JQCGTFFAGVNA,Last-Item,0.0,0.0
AEDPCCIMO6666TK2JQCGTFFAGVNA,Avg-Last-10,0.0,0.0
AEDPCCIMO6666TK2JQCGTFFAGVNA,Recency-Weighted,0.0,0.0
AEDPCCIMO6666TK2JQCGTFFAGVNA,Essence (K=10),0.0,0.0
AEDUX32KZDTMYL7IWYV6PQKLVPMQ,Random,0.0,
AEDUX32KZDTMYL7IWYV6PQKLVPMQ,Popularity,0.0,
AEDUX32KZDTMYL7IWYV6PQKLVPMQ,CF (ItemKNN),0.0,
AEDUX32KZDTMYL7IWYV6PQKLVPMQ,Content (Avg Emb),0.0,
AEDUX32KZDTMYL7IWYV6PQKLVPMQ,Last-Item,0.0,
AEDUX32KZDTMYL7IWYV6PQKLVPMQ,Avg-Last-10,0.0,
AEDUX32KZDTMYL7IWYV6PQKLVPMQ,Recency-Weighted,0.0,
AEDUX32KZDTMYL7IWYV6PQKLVPMQ,Essence (K=10),0.0,
AEDXYPOWKSDDJT425VB7GUTCNEJQ,Random,0.0,0.0
AEDXYPOWKSDDJT425VB7GUTCNEJQ,Popularity,0.0,0.0
AEDXYPOWKSDDJT425VB7GUTCNEJQ,CF (ItemKNN),0.0,0.0
AEDXYPOWKSDDJT425VB7GUTCNEJQ,Content (Avg Emb),0.0,0.0
AEDXYPOWKSDDJT425VB7GUTCNEJQ,Last-Item,0.0,0.0
AEDXYPOWKSDDJT425VB7GUTCNEJQ,Avg-Last-10,0.16666666666666666,0.3333333333333333
AEDXYPOWKSDDJT425VB7GUTCNEJQ,Recency-Weighted,0.16666666666666666,0.3333333333333333
AEDXYPOWKSDDJT425VB7GUTCNEJQ,Essence (K=10),0.16666666666666666,0.3333333333333333
AEDZCAVGUYPQ5XKJNEB7PMU3ILFQ,Random,0.0,0.0
AEDZCAVGUYPQ5XKJNEB7PMU3ILFQ,Popularity,0.0,0.0
AEDZCAVGUYPQ5XKJNEB7PMU3ILFQ,CF (ItemKNN),0.0,0.0
AEDZCAVGUYPQ5XKJNEB7PMU3ILFQ,Content (Avg Emb),0.0,0.0
AEDZCAVGUYPQ5XKJNEB7PMU3ILFQ,Last-Item,0.0,0.0
AEDZCAVGUYPQ5XKJNEB7PMU3ILFQ,Avg-Last-10,0.0,0.0
AEDZCAVGUYPQ5XKJNEB7PMU3ILFQ,Recency-Weighted,0.0,0.0
AEDZCAVGUYPQ5XKJNEB7PMU3ILFQ,Essence (K=10),0.0,0.0
AEDZL4GYBLLT6B4UXUO75YDGDGOA,Random,0.0,0.0
AEDZL4GYBLLT6B4UXUO75YDGDGOA,Popularity,0.0,0.0
AEDZL4GYBLLT6B4UXUO75YDGDGOA,CF (ItemKNN),0.0,0.0
AEDZL4GYBLLT6B4UXUO75YDGDGOA,Content (Avg Emb),0.0,0.0
AEDZL4GYBLLT6B4UXUO75YDGDGOA,Last-Item,0.0,0.0
AEDZL4GYBLLT6B4UXUO75YDGDGOA,Avg-Last-10,0.0,0.0
AEDZL4GYBLLT6B4UXUO75YDGDGOA,Recency-Weighted,0.0,0.0
AEDZL4GYBLLT6B4UXUO75YDGDGOA,Essence (K=10),0.0,0.0
AEDZR5FJ47OGBESU24EU3ADE5AVA,Random,0.0,
AEDZR5FJ47OGBESU24EU3ADE5AVA,Popularity,0.0,
AEDZR5FJ47OGBESU24EU3ADE5AVA,CF (ItemKNN),0.0,
AEDZR5FJ47OGBESU24EU3ADE5AVA,Content (Avg Emb),0.0,
AEDZR5FJ47OGBESU24EU3ADE5AVA,Last-Item,0.0,
AEDZR5FJ47OGBESU24EU3ADE5AVA,Avg-Last-10,0.0,
AEDZR5FJ47OGBESU24EU3ADE5AVA,Recency-Weighted,0.0,
AEDZR5FJ47OGBESU24EU3ADE5AVA,Essence (K=10),0.0,
AEE2ADYBYSVFNVGF5TS3YCJO67EQ,Random,0.0,
AEE2ADYBYSVFNVGF5TS3YCJO67EQ,Popularity,0.0,
AEE2ADYBYSVFNVGF5TS3YCJO67EQ,CF (ItemKNN),0.0,
AEE2ADYBYSVFNVGF5TS3YCJO67EQ,Content (Avg Emb),0.0,
AEE2ADYBYSVFNVGF5TS3YCJO67EQ,Last-Item,0.0,
AEE2ADYBYSVFNVGF5TS3YCJO67EQ,Avg-Last-10,0.0,
AEE2ADYBYSVFNVGF5TS3YCJO67EQ,Recency-Weighted,0.0,
AEE2ADYBYSVFNVGF5TS3YCJO67EQ,Essence (K=10),0.0,
AEE2N2Q6SVBHN4SQK7HBBSQXKCYQ,Random,0.0,0.0
AEE2N2Q6SVBHN4SQK7HBBSQXKCYQ,Popularity,0.0,0.0
AEE2N2Q6SVBHN4SQK7HBBSQXKCYQ,CF (ItemKNN),0.0,0.0
AEE2N2Q6SVBHN4SQK7HBBSQXKCYQ,Content (Avg Emb),0.0,0.0
AEE2N2Q6SVBHN4SQK7HBBSQXKCYQ,Last-Item,0.0,0.0
AEE2N2Q6SVBHN4SQK7HBBSQXKCYQ,Avg-Last-10,0.0,0.0
AEE2N2Q6SVBHN4SQK7HBBSQXKCYQ,Recency-Weighted,0.0,0.0
AEE2N2Q6SVBHN4SQK7HBBSQXKCYQ,Essence (K=10),0.0,0.0
AEE2TME4PENMHZNQLLMX7ZRZY36A,Random,0.0,
AEE2TME4PENMHZNQLLMX7ZRZY36A,Popularity,0.0,
AEE2TME4PENMHZNQLLMX7ZRZY36A,CF (ItemKNN),0.0,
AEE2TME4PENMHZNQLLMX7ZRZY36A,Content (Avg Emb),0.0,
AEE2TME4PENMHZNQLLMX7ZRZY36A,Last-Item,0.0,
AEE2TME4PENMHZNQLLMX7ZRZY36A,Avg-Last-10,0.0,
AEE2TME4PENMHZNQLLMX7ZRZY36A,Recency-Weighted,0.0,
AEE2TME4PENMHZNQLLMX7ZRZY36A,Essence (K=10),0.0,
AEE3KEEXVXWYMTIQAYNMNY3XH5ZQ,Random,0.0,
AEE3KEEXVXWYMTIQAYNMNY3XH5ZQ,Popularity,0.0,
AEE3KEEXVXWYMTIQAYNMNY3XH5ZQ,CF (ItemKNN),0.0,
AEE3KEEXVXWYMTIQAYNMNY3XH5ZQ,Content (Avg Emb),0.0,
AEE3KEEXVXWYMTIQAYNMNY3XH5ZQ,Last-Item,0.0,
AEE3KEEXVXWYMTIQAYNMNY3XH5ZQ,Avg-Last-10,0.0,
AEE3KEEXVXWYMTIQAYNMNY3XH5ZQ,Recency-Weighted,0.0,
AEE3KEEXVXWYMTIQAYNMNY3XH5ZQ,Essence (K=10),0.0,
AEE4AKVTOT5ZBRKIGNEFXAXZ6RPQ,Random,0.0,0.0
AEE4AKVTOT5ZBRKIGNEFXAXZ6RPQ,Popularity,0.0,0.0
AEE4AKVTOT5ZBRKIGNEFXAXZ6RPQ,CF (ItemKNN),0.0,0.0
AEE4AKVTOT5ZBRKIGNEFXAXZ6RPQ,Content (Avg Emb),0.0,0.0
AEE4AKVTOT5ZBRKIGNEFXAXZ6RPQ,Last-Item,0.0,0.0
AEE4AKVTOT5ZBRKIGNEFXAXZ6RPQ,Avg-Last-10,0.0,0.0
AEE4AKVTOT5ZBRKIGNEFXAXZ6RPQ,Recency-Weighted,0.0,0.0
AEE4AKVTOT5ZBRKIGNEFXAXZ6RPQ,Essence (K=10),0.0,0.0
AEE4VVA7GP4BJOCMDIGSBP3ML2XA,Random,0.0,
AEE4VVA7GP4BJOCMDIGSBP3ML2XA,Popularity,0.0,
AEE4VVA7GP4BJOCMDIGSBP3ML2XA,CF (ItemKNN),0.0,
AEE4VVA7GP4BJOCMDIGSBP3ML2XA,Content (Avg Emb),0.0,
AEE4VVA7GP4BJOCMDIGSBP3ML2XA,Last-Item,0.0,
AEE4VVA7GP4BJOCMDIGSBP3ML2XA,Avg-Last-10,0.0,
AEE4VVA7GP4BJOCMDIGSBP3ML2XA,Recency-Weighted,0.0,
AEE4VVA7GP4BJOCMDIGSBP3ML2XA,Essence (K=10),0.0,
AEE6SEUGLNWIIFTKK3SGOMJCO2PQ,Random,0.0,0.0
AEE6SEUGLNWIIFTKK3SGOMJCO2PQ,Popularity,0.0,0.0
AEE6SEUGLNWIIFTKK3SGOMJCO2PQ,CF (ItemKNN),0.0,0.0
AEE6SEUGLNWIIFTKK3SGOMJCO2PQ,Content (Avg Emb),0.0,0.0
AEE6SEUGLNWIIFTKK3SGOMJCO2PQ,Last-Item,0.0,0.0
AEE6SEUGLNWIIFTKK3SGOMJCO2PQ,Avg-Last-10,0.0,0.0
AEE6SEUGLNWIIFTKK3SGOMJCO2PQ,Recency-Weighted,0.0,0.0
AEE6SEUGLNWIIFTKK3SGOMJCO2PQ,Essence (K=10),0.0,0.0
AEEDHH7TDGKZADNC23IPALPVQLUA,Random,0.0,0.0
AEEDHH7TDGKZADNC23IPALPVQLUA,Popularity,0.0,0.0
AEEDHH7TDGKZADNC23IPALPVQLUA,CF (ItemKNN),0.0,0.0
AEEDHH7TDGKZADNC23IPALPVQLUA,Content (Avg Emb),0.0,0.0
AEEDHH7TDGKZADNC23IPALPVQLUA,Last-Item,0.0,0.0
AEEDHH7TDGKZADNC23IPALPVQLUA,Avg-Last-10,0.0,0.0
AEEDHH7TDGKZADNC23IPALPVQLUA,Recency-Weighted,0.0,0.0
AEEDHH7TDGKZADNC23IPALPVQLUA,Essence (K=10),0.0,0.0
AEEDXXTTCBFT7ICXSPEPZEDHZN7Q,Random,0.0,0.0
AEEDXXTTCBFT7ICXSPEPZEDHZN7Q,Popularity,0.0,0.0
AEEDXXTTCBFT7ICXSPEPZEDHZN7Q,CF (ItemKNN),0.0,0.0
AEEDXXTTCBFT7ICXSPEPZEDHZN7Q,Content (Avg Emb),0.0,0.0
AEEDXXTTCBFT7ICXSPEPZEDHZN7Q,Last-Item,0.0,0.0
AEEDXXTTCBFT7ICXSPEPZEDHZN7Q,Avg-Last-10,0.0,0.0
AEEDXXTTCBFT7ICXSPEPZEDHZN7Q,Recency-Weighted,0.0,0.0
AEEDXXTTCBFT7ICXSPEPZEDHZN7Q,Essence (K=10),0.0,0.0
AEEEC7RIMUQSPE46PTKIKYNDBVVQ,Random,0.0,0.0
AEEEC7RIMUQSPE46PTKIKYNDBVVQ,Popularity,0.0,0.0
AEEEC7RIMUQSPE46PTKIKYNDBVVQ,CF (ItemKNN),0.0,0.0
AEEEC7RIMUQSPE46PTKIKYNDBVVQ,Content (Avg Emb),0.0,0.0
AEEEC7RIMUQSPE46PTKIKYNDBVVQ,Last-Item,0.0,0.0
AEEEC7RIMUQSPE46PTKIKYNDBVVQ,Avg-Last-10,0.0,0.0
AEEEC7RIMUQSPE46PTKIKYNDBVVQ,Recency-Weighted,0.0,0.0
AEEEC7RIMUQSPE46PTKIKYNDBVVQ,Essence (K=10),0.0,0.0
AEEJG224ODAHQUXEQ4YHWBMWD4NA,Random,0.0,0.0
AEEJG224ODAHQUXEQ4YHWBMWD4NA,Popularity,0.0,0.0
AEEJG224ODAHQUXEQ4YHWBMWD4NA,CF (ItemKNN),0.0,0.0
AEEJG224ODAHQUXEQ4YHWBMWD4NA,Content (Avg Emb),0.0,0.0
AEEJG224ODAHQUXEQ4YHWBMWD4NA,Last-Item,0.0,0.0
AEEJG224ODAHQUXEQ4YHWBMWD4NA,Avg-Last-10,0.0,0.0
AEEJG224ODAHQUXEQ4YHWBMWD4NA,Recency-Weighted,0.0,0.0
AEEJG224ODAHQUXEQ4YHWBMWD4NA,Essence (K=10),0.0,0.0
AEEMSAQMRBD6CWT5YQWMQI7FD5TA,Random,0.0,0.0
AEEMSAQMRBD6CWT5YQWMQI7FD5TA,Popularity,0.0,0.0
AEEMSAQMRBD6CWT5YQWMQI7FD5TA,CF (ItemKNN),0.0,0.0
AEEMSAQMRBD6CWT5YQWMQI7FD5TA,Content (Avg Emb),0.0,0.0
AEEMSAQMRBD6CWT5YQWMQI7FD5TA,Last-Item,0.0,0.0
AEEMSAQMRBD6CWT5YQWMQI7FD5TA,Avg-Last-10,0.0,0.0
AEEMSAQMRBD6CWT5YQWMQI7FD5TA,Recency-Weighted,0.0,0.0
AEEMSAQMRBD6CWT5YQWMQI7FD5TA,Essence (K=10),0.0,0.0
AEENSLZS6WAJQE7GRMNHI74TIYYA,Random,0.0,0.0
AEENSLZS6WAJQE7GRMNHI74TIYYA,Popularity,0.0,0.0
AEENSLZS6WAJQE7GRMNHI74TIYYA,CF (ItemKNN),0.0,0.0
AEENSLZS6WAJQE7GRMNHI74TIYYA,Content (Avg Emb),0.0,0.0
AEENSLZS6WAJQE7GRMNHI74TIYYA,Last-Item,0.0,0.0
AEENSLZS6WAJQE7GRMNHI74TIYYA,Avg-Last-10,0.0,0.0
AEENSLZS6WAJQE7GRMNHI74TIYYA,Recency-Weighted,0.0,0.0
AEENSLZS6WAJQE7GRMNHI74TIYYA,Essence (K=10),0.0,0.0
AEEPMZHIUVLFDDJ7YTDROBZC56FQ,Random,0.0,0.0
AEEPMZHIUVLFDDJ7YTDROBZC56FQ,Popularity,0.0,0.0
AEEPMZHIUVLFDDJ7YTDROBZC56FQ,CF (ItemKNN),0.0,0.0
AEEPMZHIUVLFDDJ7YTDROBZC56FQ,Content (Avg Emb),0.0,0.0
AEEPMZHIUVLFDDJ7YTDROBZC56FQ,Last-Item,0.0,0.0
AEEPMZHIUVLFDDJ7YTDROBZC56FQ,Avg-Last-10,0.0,0.0
AEEPMZHIUVLFDDJ7YTDROBZC56FQ,Recency-Weighted,0.0,0.0
AEEPMZHIUVLFDDJ7YTDROBZC56FQ,Essence (K=10),0.0,0.0
AEEQ7JY43QGOJAEXXHIYT5ZYA5KQ,Random,0.0,
AEEQ7JY43QGOJAEXXHIYT5ZYA5KQ,Popularity,0.0,
AEEQ7JY43QGOJAEXXHIYT5ZYA5KQ,CF (ItemKNN),0.0,
AEEQ7JY43QGOJAEXXHIYT5ZYA5KQ,Content (Avg Emb),0.0,
AEEQ7JY43QGOJAEXXHIYT5ZYA5KQ,Last-Item,0.0,
AEEQ7JY43QGOJAEXXHIYT5ZYA5KQ,Avg-Last-10,0.0,
AEEQ7JY43QGOJAEXXHIYT5ZYA5KQ,Recency-Weighted,0.0,
AEEQ7JY43QGOJAEXXHIYT5ZYA5KQ,Essence (K=10),0.0,
AEEQSLAASMOGI7YGIRQ75DLPXI3A,Random,0.0,0.0
AEEQSLAASMOGI7YGIRQ75DLPXI3A,Popularity,0.0,0.0
AEEQSLAASMOGI7YGIRQ75DLPXI3A,CF (ItemKNN),0.0,0.0
AEEQSLAASMOGI7YGIRQ75DLPXI3A,Content (Avg Emb),0.25,0.0
AEEQSLAASMOGI7YGIRQ75DLPXI3A,Last-Item,0.0,0.0
AEEQSLAASMOGI7YGIRQ75DLPXI3A,Avg-Last-10,0.25,0.0
AEEQSLAASMOGI7YGIRQ75DLPXI3A,Recency-Weighted,0.25,0.0
AEEQSLAASMOGI7YGIRQ75DLPXI3A,Essence (K=10),0.25,0.0
AEEZH77THQPNLI7C3CLAR2JYZFFA,Random,0.0,0.0
AEEZH77THQPNLI7C3CLAR2JYZFFA,Popularity,0.0,0.0
AEEZH77THQPNLI7C3CLAR2JYZFFA,CF (ItemKNN),0.0,0.0
AEEZH77THQPNLI7C3CLAR2JYZFFA,Content (Avg Emb),0.0,0.0
AEEZH77THQPNLI7C3CLAR2JYZFFA,Last-Item,0.0,0.0
AEEZH77THQPNLI7C3CLAR2JYZFFA,Avg-Last-10,0.0,0.0
AEEZH77THQPNLI7C3CLAR2JYZFFA,Recency-Weighted,0.0,0.0
AEEZH77THQPNLI7C3CLAR2JYZFFA,Essence (K=10),0.0,0.0
AEF74H6LULUPWNEAJNDXYPPP7BVA,Random,0.0,0.0
AEF74H6LULUPWNEAJNDXYPPP7BVA,Popularity,0.0,0.0
AEF74H6LULUPWNEAJNDXYPPP7BVA,CF (ItemKNN),0.0,0.0
AEF74H6LULUPWNEAJNDXYPPP7BVA,Content (Avg Emb),0.0,0.0
AEF74H6LULUPWNEAJNDXYPPP7BVA,Last-Item,0.09090909090909091,0.0
AEF74H6LULUPWNEAJNDXYPPP7BVA,Avg-Last-10,0.0,0.0
AEF74H6LULUPWNEAJNDXYPPP7BVA,Recency-Weighted,0.0,0.0
AEF74H6LULUPWNEAJNDXYPPP7BVA,Essence (K=10),0.09090909090909091,1.0
AEF7AGMEEWB5BUAWGYTHQAUWVGAA,Random,0.0,0.0
AEF7AGMEEWB5BUAWGYTHQAUWVGAA,Popularity,0.0,0.0
AEF7AGMEEWB5BUAWGYTHQAUWVGAA,CF (ItemKNN),0.0,0.0
AEF7AGMEEWB5BUAWGYTHQAUWVGAA,Content (Avg Emb),0.0,0.0
AEF7AGMEEWB5BUAWGYTHQAUWVGAA,Last-Item,0.0,0.0
AEF7AGMEEWB5BUAWGYTHQAUWVGAA,Avg-Last-10,0.0,0.0
AEF7AGMEEWB5BUAWGYTHQAUWVGAA,Recency-Weighted,0.0,0.0
AEF7AGMEEWB5BUAWGYTHQAUWVGAA,Essence (K=10),0.0,0.0
AEFAS5MVP7PSGTQ3EEYOBEMARC5Q,Random,0.0,0.0
AEFAS5MVP7PSGTQ3EEYOBEMARC5Q,Popularity,0.0,0.0
AEFAS5MVP7PSGTQ3EEYOBEMARC5Q,CF (ItemKNN),0.0,0.0
AEFAS5MVP7PSGTQ3EEYOBEMARC5Q,Content (Avg Emb),0.0,0.0
AEFAS5MVP7PSGTQ3EEYOBEMARC5Q,Last-Item,0.0,0.0
AEFAS5MVP7PSGTQ3EEYOBEMARC5Q,Avg-Last-10,0.0,0.0
AEFAS5MVP7PSGTQ3EEYOBEMARC5Q,Recency-Weighted,0.0,0.0
AEFAS5MVP7PSGTQ3EEYOBEMARC5Q,Essence (K=10),0.0,0.0
AEFGLZUYCRL3CJ6VCKEAVR2FLJKA,Random,0.0,0.0
AEFGLZUYCRL3CJ6VCKEAVR2FLJKA,Popularity,0.0,0.0
AEFGLZUYCRL3CJ6VCKEAVR2FLJKA,CF (ItemKNN),0.0,0.0
AEFGLZUYCRL3CJ6VCKEAVR2FLJKA,Content (Avg Emb),0.0,0.0
AEFGLZUYCRL3CJ6VCKEAVR2FLJKA,Last-Item,0.16666666666666666,0.0
AEFGLZUYCRL3CJ6VCKEAVR2FLJKA,Avg-Last-10,0.0,0.0
AEFGLZUYCRL3CJ6VCKEAVR2FLJKA,Recency-Weighted,0.0,0.0
AEFGLZUYCRL3CJ6VCKEAVR2FLJKA,Essence (K=10),0.0,0.0
AEFHLV4ARXJVCHA4C5ULSU2XWD6A,Random,0.0,0.0
AEFHLV4ARXJVCHA4C5ULSU2XWD6A,Popularity,0.0,0.0
AEFHLV4ARXJVCHA4C5ULSU2XWD6A,CF (ItemKNN),0.0,0.0
AEFHLV4ARXJVCHA4C5ULSU2XWD6A,Content (Avg Emb),0.0,0.0
AEFHLV4ARXJVCHA4C5ULSU2XWD6A,Last-Item,0.0,0.0
AEFHLV4ARXJVCHA4C5ULSU2XWD6A,Avg-Last-10,0.0,0.0
AEFHLV4ARXJVCHA4C5ULSU2XWD6A,Recency-Weighted,0.0,0.0
AEFHLV4ARXJVCHA4C5ULSU2XWD6A,Essence (K=10),0.0,0.0
AEFQ772B2BBJXJSLZOS5OXY4CZFQ,Random,0.0,
AEFQ772B2BBJXJSLZOS5OXY4CZFQ,Popularity,0.0,
AEFQ772B2BBJXJSLZOS5OXY4CZFQ,CF (ItemKNN),0.0,
AEFQ772B2BBJXJSLZOS5OXY4CZFQ,Content (Avg Emb),0.0,
AEFQ772B2BBJXJSLZOS5OXY4CZFQ,Last-Item,0.0,
AEFQ772B2BBJXJSLZOS5OXY4CZFQ,Avg-Last-10,0.0,
AEFQ772B2BBJXJSLZOS5OXY4CZFQ,Recency-Weighted,0.0,
AEFQ772B2BBJXJSLZOS5OXY4CZFQ,Essence (K=10),0.0,
AEFV3WCVIUJO2NPB7TQVGRU75FMQ,Random,0.0,
AEFV3WCVIUJO2NPB7TQVGRU75FMQ,Popularity,0.0,
AEFV3WCVIUJO2NPB7TQVGRU75FMQ,CF (ItemKNN),0.0,
AEFV3WCVIUJO2NPB7TQVGRU75FMQ,Content (Avg Emb),0.0,
AEFV3WCVIUJO2NPB7TQVGRU75FMQ,Last-Item,0.0,
AEFV3WCVIUJO2NPB7TQVGRU75FMQ,Avg-Last-10,0.0,
AEFV3WCVIUJO2NPB7TQVGRU75FMQ,Recency-Weighted,0.0,
AEFV3WCVIUJO2NPB7TQVGRU75FMQ,Essence (K=10),0.0,
AEFVHMYAWUNVLGD6KWZYOS4IWTPQ,Random,0.0,
AEFVHMYAWUNVLGD6KWZYOS4IWTPQ,Popularity,0.0,
AEFVHMYAWUNVLGD6KWZYOS4IWTPQ,CF (ItemKNN),0.0,
AEFVHMYAWUNVLGD6KWZYOS4IWTPQ,Content (Avg Emb),0.0,
AEFVHMYAWUNVLGD6KWZYOS4IWTPQ,Last-Item,0.0,
AEFVHMYAWUNVLGD6KWZYOS4IWTPQ,Avg-Last-10,0.0,
AEFVHMYAWUNVLGD6KWZYOS4IWTPQ,Recency-Weighted,0.0,
AEFVHMYAWUNVLGD6KWZYOS4IWTPQ,Essence (K=10),0.0,
AEFVMRR7LZHI56YKY2U5FORPMORQ,Random,0.0,0.0
AEFVMRR7LZHI56YKY2U5FORPMORQ,Popularity,0.0,0.0
AEFVMRR7LZHI56YKY2U5FORPMORQ,CF (ItemKNN),0.0,0.0
AEFVMRR7LZHI56YKY2U5FORPMORQ,Content (Avg Emb),0.0,0.0
AEFVMRR7LZHI56YKY2U5FORPMORQ,Last-Item,0.0,0.0
AEFVMRR7LZHI56YKY2U5FORPMORQ,Avg-Last-10,0.0,0.0
AEFVMRR7LZHI56YKY2U5FORPMORQ,Recency-Weighted,0.0,0.0
AEFVMRR7LZHI56YKY2U5FORPMORQ,Essence (K=10),0.0,0.0
AEFXNGPCCBTAC3UGAJBMPJTVLX7Q,Random,0.0,
AEFXNGPCCBTAC3UGAJBMPJTVLX7Q,Popularity,0.0,
AEFXNGPCCBTAC3UGAJBMPJTVLX7Q,CF (ItemKNN),0.0,
AEFXNGPCCBTAC3UGAJBMPJTVLX7Q,Content (Avg Emb),0.0,
AEFXNGPCCBTAC3UGAJBMPJTVLX7Q,Last-Item,0.0,
AEFXNGPCCBTAC3UGAJBMPJTVLX7Q,Avg-Last-10,0.0,
AEFXNGPCCBTAC3UGAJBMPJTVLX7Q,Recency-Weighted,0.0,
AEFXNGPCCBTAC3UGAJBMPJTVLX7Q,Essence (K=10),0.0,
AEFZ75LVLV4B33UL3MIXWLMLY7CA,Random,0.0,0.0
AEFZ75LVLV4B33UL3MIXWLMLY7CA,Popularity,0.0,0.0
AEFZ75LVLV4B33UL3MIXWLMLY7CA,CF (ItemKNN),0.0,0.0
AEFZ75LVLV4B33UL3MIXWLMLY7CA,Content (Avg Emb),0.0,0.0
AEFZ75LVLV4B33UL3MIXWLMLY7CA,Last-Item,0.0,0.0
AEFZ75LVLV4B33UL3MIXWLMLY7CA,Avg-Last-10,0.0,0.0
AEFZ75LVLV4B33UL3MIXWLMLY7CA,Recency-Weighted,0.0,0.0
AEFZ75LVLV4B33UL3MIXWLMLY7CA,Essence (K=10),0.0,0.0
AEFZAK7WLY7357P3W26BJEBO6JXA,Random,0.0,0.0
AEFZAK7WLY7357P3W26BJEBO6JXA,Popularity,0.0,0.0
AEFZAK7WLY7357P3W26BJEBO6JXA,CF (ItemKNN),0.0,0.0
AEFZAK7WLY7357P3W26BJEBO6JXA,Content (Avg Emb),0.0,0.0
AEFZAK7WLY7357P3W26BJEBO6JXA,Last-Item,0.0,0.0
AEFZAK7WLY7357P3W26BJEBO6JXA,Avg-Last-10,0.0,0.0
AEFZAK7WLY7357P3W26BJEBO6JXA,Recency-Weighted,0.0,0.0
AEFZAK7WLY7357P3W26BJEBO6JXA,Essence (K=10),0.0,0.0
AEFZOXSNMTJGD7UALLAMW4Q6X56A,Random,0.0,
AEFZOXSNMTJGD7UALLAMW4Q6X56A,Popularity,0.0,
AEFZOXSNMTJGD7UALLAMW4Q6X56A,CF (ItemKNN),0.0,
AEFZOXSNMTJGD7UALLAMW4Q6X56A,Content (Avg Emb),0.0,
AEFZOXSNMTJGD7UALLAMW4Q6X56A,Last-Item,0.0,
AEFZOXSNMTJGD7UALLAMW4Q6X56A,Avg-Last-10,0.0,
AEFZOXSNMTJGD7UALLAMW4Q6X56A,Recency-Weighted,0.0,
AEFZOXSNMTJGD7UALLAMW4Q6X56A,Essence (K=10),0.0,
AEG2SFV7DI3OQPZZYQWW5BZZKE4A,Random,0.0,0.0
AEG2SFV7DI3OQPZZYQWW5BZZKE4A,Popularity,0.0,0.0
AEG2SFV7DI3OQPZZYQWW5BZZKE4A,CF (ItemKNN),0.0,0.0
AEG2SFV7DI3OQPZZYQWW5BZZKE4A,Content (Avg Emb),0.0,0.0
AEG2SFV7DI3OQPZZYQWW5BZZKE4A,Last-Item,0.0,0.0
AEG2SFV7DI3OQPZZYQWW5BZZKE4A,Avg-Last-10,0.0,0.0
AEG2SFV7DI3OQPZZYQWW5BZZKE4A,Recency-Weighted,0.0,0.0
AEG2SFV7DI3OQPZZYQWW5BZZKE4A,Essence (K=10),0.0,0.0
AEG6OADVFNVFA4GYNAP3C325KBPQ,Random,0.0,
AEG6OADVFNVFA4GYNAP3C325KBPQ,Popularity,0.0,
AEG6OADVFNVFA4GYNAP3C325KBPQ,CF (ItemKNN),0.0,
AEG6OADVFNVFA4GYNAP3C325KBPQ,Content (Avg Emb),0.0,
AEG6OADVFNVFA4GYNAP3C325KBPQ,Last-Item,0.0,
AEG6OADVFNVFA4GYNAP3C325KBPQ,Avg-Last-10,0.0,
AEG6OADVFNVFA4GYNAP3C325KBPQ,Recency-Weighted,0.0,
AEG6OADVFNVFA4GYNAP3C325KBPQ,Essence (K=10),0.0,
AEGEMALNUPZB7XT5DRTFG2BK43NA,Random,0.0,0.0
AEGEMALNUPZB7XT5DRTFG2BK43NA,Popularity,0.0,0.0
AEGEMALNUPZB7XT5DRTFG2BK43NA,CF (ItemKNN),0.0,0.0
AEGEMALNUPZB7XT5DRTFG2BK43NA,Content (Avg Emb),0.0,0.0
AEGEMALNUPZB7XT5DRTFG2BK43NA,Last-Item,0.0,0.0
AEGEMALNUPZB7XT5DRTFG2BK43NA,Avg-Last-10,0.0,0.0
AEGEMALNUPZB7XT5DRTFG2BK43NA,Recency-Weighted,0.0,0.0
AEGEMALNUPZB7XT5DRTFG2BK43NA,Essence (K=10),0.0,0.0
AEGGCH3X6DE54XLFFJQXTIKT6DVA,Random,0.0,0.0
AEGGCH3X6DE54XLFFJQXTIKT6DVA,Popularity,0.0,0.0
AEGGCH3X6DE54XLFFJQXTIKT6DVA,CF (ItemKNN),0.0,0.0
AEGGCH3X6DE54XLFFJQXTIKT6DVA,Content (Avg Emb),0.2,0.0
AEGGCH3X6DE54XLFFJQXTIKT6DVA,Last-Item,0.2,0.0
AEGGCH3X6DE54XLFFJQXTIKT6DVA,Avg-Last-10,0.2,0.0
AEGGCH3X6DE54XLFFJQXTIKT6DVA,Recency-Weighted,0.2,0.0
AEGGCH3X6DE54XLFFJQXTIKT6DVA,Essence (K=10),0.2,0.0
AEGI7EFPY2TUFUPCWWC3LNHJAJXA,Random,0.0,
AEGI7EFPY2TUFUPCWWC3LNHJAJXA,Popularity,0.0,
AEGI7EFPY2TUFUPCWWC3LNHJAJXA,CF (ItemKNN),0.0,
AEGI7EFPY2TUFUPCWWC3LNHJAJXA,Content (Avg Emb),0.0,
AEGI7EFPY2TUFUPCWWC3LNHJAJXA,Last-Item,0.0,
AEGI7EFPY2TUFUPCWWC3LNHJAJXA,Avg-Last-10,0.0,
AEGI7EFPY2TUFUPCWWC3LNHJAJXA,Recency-Weighted,0.0,
AEGI7EFPY2TUFUPCWWC3LNHJAJXA,Essence (K=10),0.0,
AEGK6KN7PGY6BZIEJSYG6IVIAMHQ,Random,0.0,0.0
AEGK6KN7PGY6BZIEJSYG6IVIAMHQ,Popularity,0.0,0.0
AEGK6KN7PGY6BZIEJSYG6IVIAMHQ,CF (ItemKNN),0.0,0.0
AEGK6KN7PGY6BZIEJSYG6IVIAMHQ,Content (Avg Emb),0.0,0.0
AEGK6KN7PGY6BZIEJSYG6IVIAMHQ,Last-Item,0.0,0.0
AEGK6KN7PGY6BZIEJSYG6IVIAMHQ,Avg-Last-10,0.0,0.0
AEGK6KN7PGY6BZIEJSYG6IVIAMHQ,Recency-Weighted,0.0,0.0
AEGK6KN7PGY6BZIEJSYG6IVIAMHQ,Essence (K=10),0.0,0.0
AEGMYQCOSY52BKEFZNPDT3SMPVWQ,Random,0.0,
AEGMYQCOSY52BKEFZNPDT3SMPVWQ,Popularity,0.0,
AEGMYQCOSY52BKEFZNPDT3SMPVWQ,CF (ItemKNN),0.0,
AEGMYQCOSY52BKEFZNPDT3SMPVWQ,Content (Avg Emb),0.0,
AEGMYQCOSY52BKEFZNPDT3SMPVWQ,Last-Item,0.0,
AEGMYQCOSY52BKEFZNPDT3SMPVWQ,Avg-Last-10,0.0,
AEGMYQCOSY52BKEFZNPDT3SMPVWQ,Recency-Weighted,0.0,
AEGMYQCOSY52BKEFZNPDT3SMPVWQ,Essence (K=10),0.0,
AEGN2YROLIFU6HGVVUIWIMDQW5XQ,Random,0.0,0.0
AEGN2YROLIFU6HGVVUIWIMDQW5XQ,Popularity,0.0,0.0
AEGN2YROLIFU6HGVVUIWIMDQW5XQ,CF (ItemKNN),0.0,0.0
AEGN2YROLIFU6HGVVUIWIMDQW5XQ,Content (Avg Emb),0.0,0.0
AEGN2YROLIFU6HGVVUIWIMDQW5XQ,Last-Item,0.0,0.0
AEGN2YROLIFU6HGVVUIWIMDQW5XQ,Avg-Last-10,0.0,0.0
AEGN2YROLIFU6HGVVUIWIMDQW5XQ,Recency-Weighted,0.0,0.0
AEGN2YROLIFU6HGVVUIWIMDQW5XQ,Essence (K=10),0.0,0.0
AEGNANKC3RYGEIV675Z2PI4FMUQQ,Random,0.0,0.0
AEGNANKC3RYGEIV675Z2PI4FMUQQ,Popularity,0.0,0.0
AEGNANKC3RYGEIV675Z2PI4FMUQQ,CF (ItemKNN),0.0,0.0
AEGNANKC3RYGEIV675Z2PI4FMUQQ,Content (Avg Emb),0.1,0.0
AEGNANKC3RYGEIV675Z2PI4FMUQQ,Last-Item,0.0,0.0
AEGNANKC3RYGEIV675Z2PI4FMUQQ,Avg-Last-10,0.0,0.0
AEGNANKC3RYGEIV675Z2PI4FMUQQ,Recency-Weighted,0.0,0.0
AEGNANKC3RYGEIV675Z2PI4FMUQQ,Essence (K=10),0.1,0.0
AEGS6KPGOICGJQ6NPQOM7B6524AQ,Random,0.0,
AEGS6KPGOICGJQ6NPQOM7B6524AQ,Popularity,0.0,
AEGS6KPGOICGJQ6NPQOM7B6524AQ,CF (ItemKNN),0.0,
AEGS6KPGOICGJQ6NPQOM7B6524AQ,Content (Avg Emb),0.0,
AEGS6KPGOICGJQ6NPQOM7B6524AQ,Last-Item,0.0,
AEGS6KPGOICGJQ6NPQOM7B6524AQ,Avg-Last-10,0.1,
AEGS6KPGOICGJQ6NPQOM7B6524AQ,Recency-Weighted,0.1,
AEGS6KPGOICGJQ6NPQOM7B6524AQ,Essence (K=10),0.1,
AEGVEV6BQPHUPLGYCBH6B7QQJVZA,Random,0.0,0.0
AEGVEV6BQPHUPLGYCBH6B7QQJVZA,Popularity,0.0,0.0
AEGVEV6BQPHUPLGYCBH6B7QQJVZA,CF (ItemKNN),0.0,0.0
AEGVEV6BQPHUPLGYCBH6B7QQJVZA,Content (Avg Emb),0.0,0.0
AEGVEV6BQPHUPLGYCBH6B7QQJVZA,Last-Item,0.0,0.0
AEGVEV6BQPHUPLGYCBH6B7QQJVZA,Avg-Last-10,0.125,0.0
AEGVEV6BQPHUPLGYCBH6B7QQJVZA,Recency-Weighted,0.125,0.0
AEGVEV6BQPHUPLGYCBH6B7QQJVZA,Essence (K=10),0.0,0.0
AEGVXN6EMN2ICM7L6PEFZGMKPC6A,Random,0.0,0.0
AEGVXN6EMN2ICM7L6PEFZGMKPC6A,Popularity,0.0,0.0
AEGVXN6EMN2ICM7L6PEFZGMKPC6A,CF (ItemKNN),0.0,0.0
AEGVXN6EMN2ICM7L6PEFZGMKPC6A,Content (Avg Emb),0.0,0.0
AEGVXN6EMN2ICM7L6PEFZGMKPC6A,Last-Item,0.16666666666666666,0.0
AEGVXN6EMN2ICM7L6PEFZGMKPC6A,Avg-Last-10,0.0,0.0
AEGVXN6EMN2ICM7L6PEFZGMKPC6A,Recency-Weighted,0.0,0.0
AEGVXN6EMN2ICM7L6PEFZGMKPC6A,Essence (K=10),0.0,0.0
AEGWHDRXSDWY5B4MVSPGKHZ6QR4Q,Random,0.0,0.0
AEGWHDRXSDWY5B4MVSPGKHZ6QR4Q,Popularity,0.0,0.0
AEGWHDRXSDWY5B4MVSPGKHZ6QR4Q,CF (ItemKNN),0.0,0.0
AEGWHDRXSDWY5B4MVSPGKHZ6QR4Q,Content (Avg Emb),0.0,0.0
AEGWHDRXSDWY5B4MVSPGKHZ6QR4Q,Last-Item,0.3333333333333333,0.0
AEGWHDRXSDWY5B4MVSPGKHZ6QR4Q,Avg-Last-10,0.0,0.0
AEGWHDRXSDWY5B4MVSPGKHZ6QR4Q,Recency-Weighted,0.0,0.0
AEGWHDRXSDWY5B4MVSPGKHZ6QR4Q,Essence (K=10),0.16666666666666666,0.0
AEGXNR7OZE66DLSZUATYLGMR65HA,Random,0.0,
AEGXNR7OZE66DLSZUATYLGMR65HA,Popularity,0.0,
AEGXNR7OZE66DLSZUATYLGMR65HA,CF (ItemKNN),0.0,
AEGXNR7OZE66DLSZUATYLGMR65HA,Content (Avg Emb),0.0,
AEGXNR7OZE66DLSZUATYLGMR65HA,Last-Item,0.0,
AEGXNR7OZE66DLSZUATYLGMR65HA,Avg-Last-10,0.2,
AEGXNR7OZE66DLSZUATYLGMR65HA,Recency-Weighted,0.2,
AEGXNR7OZE66DLSZUATYLGMR65HA,Essence (K=10),0.2,
AEGY43MCQZNE2Z4LPZQEDMT6HAYQ,Random,0.0,
AEGY43MCQZNE2Z4LPZQEDMT6HAYQ,Popularity,0.0,
AEGY43MCQZNE2Z4LPZQEDMT6HAYQ,CF (ItemKNN),0.0,
AEGY43MCQZNE2Z4LPZQEDMT6HAYQ,Content (Avg Emb),0.0,
AEGY43MCQZNE2Z4LPZQEDMT6HAYQ,Last-Item,0.0,
AEGY43MCQZNE2Z4LPZQEDMT6HAYQ,Avg-Last-10,0.0,
AEGY43MCQZNE2Z4LPZQEDMT6HAYQ,Recency-Weighted,0.0,
AEGY43MCQZNE2Z4LPZQEDMT6HAYQ,Essence (K=10),0.0,
AEGZNQ3KODWLFERCG43US2IL4ULQ,Random,0.0,0.0
AEGZNQ3KODWLFERCG43US2IL4ULQ,Popularity,0.0,0.0
AEGZNQ3KODWLFERCG43US2IL4ULQ,CF (ItemKNN),0.0,0.0
AEGZNQ3KODWLFERCG43US2IL4ULQ,Content (Avg Emb),0.0,0.0
AEGZNQ3KODWLFERCG43US2IL4ULQ,Last-Item,0.0,0.0
AEGZNQ3KODWLFERCG43US2IL4ULQ,Avg-Last-10,0.0,0.0
AEGZNQ3KODWLFERCG43US2IL4ULQ,Recency-Weighted,0.0,0.0
AEGZNQ3KODWLFERCG43US2IL4ULQ,Essence (K=10),0.0,0.0
AEH22VUHLFDCOEKGV72GKRLO4YHQ,Random,0.0,0.0
AEH22VUHLFDCOEKGV72GKRLO4YHQ,Popularity,0.0,0.0
AEH22VUHLFDCOEKGV72GKRLO4YHQ,CF (ItemKNN),0.0,0.0
AEH22VUHLFDCOEKGV72GKRLO4YHQ,Content (Avg Emb),0.0,0.0
AEH22VUHLFDCOEKGV72GKRLO4YHQ,Last-Item,0.0,0.0
AEH22VUHLFDCOEKGV72GKRLO4YHQ,Avg-Last-10,0.0,0.0
AEH22VUHLFDCOEKGV72GKRLO4YHQ,Recency-Weighted,0.0,0.0
AEH22VUHLFDCOEKGV72GKRLO4YHQ,Essence (K=10),0.0,0.0
AEH5RXOZPHEMCWTHKM7DILBU5QEA,Random,0.0,0.0
AEH5RXOZPHEMCWTHKM7DILBU5QEA,Popularity,0.0,0.0
AEH5RXOZPHEMCWTHKM7DILBU5QEA,CF (ItemKNN),0.0,0.0
AEH5RXOZPHEMCWTHKM7DILBU5QEA,Content (Avg Emb),0.0,0.0
AEH5RXOZPHEMCWTHKM7DILBU5QEA,Last-Item,0.0,0.0
AEH5RXOZPHEMCWTHKM7DILBU5QEA,Avg-Last-10,0.0,0.0
AEH5RXOZPHEMCWTHKM7DILBU5QEA,Recency-Weighted,0.0,0.0
AEH5RXOZPHEMCWTHKM7DILBU5QEA,Essence (K=10),0.0,0.0
AEH5T6MBIZ3A7GJG3YDPXGBMTJWA,Random,0.0,0.0
AEH5T6MBIZ3A7GJG3YDPXGBMTJWA,Popularity,0.0,0.0
AEH5T6MBIZ3A7GJG3YDPXGBMTJWA,CF (ItemKNN),0.0,0.0
AEH5T6MBIZ3A7GJG3YDPXGBMTJWA,Content (Avg Emb),0.0,0.0
AEH5T6MBIZ3A7GJG3YDPXGBMTJWA,Last-Item,0.0,0.0
AEH5T6MBIZ3A7GJG3YDPXGBMTJWA,Avg-Last-10,0.07142857142857142,0.0
AEH5T6MBIZ3A7GJG3YDPXGBMTJWA,Recency-Weighted,0.07142857142857142,0.0
AEH5T6MBIZ3A7GJG3YDPXGBMTJWA,Essence (K=10),0.0,0.0
AEHBJ53LW6QNARQ3NU2DXVUBFL5A,Random,0.0,0.0
AEHBJ53LW6QNARQ3NU2DXVUBFL5A,Popularity,0.0,0.0
AEHBJ53LW6QNARQ3NU2DXVUBFL5A,CF (ItemKNN),0.0,0.0
AEHBJ53LW6QNARQ3NU2DXVUBFL5A,Content (Avg Emb),0.05,0.0
AEHBJ53LW6QNARQ3NU2DXVUBFL5A,Last-Item,0.0,0.0
AEHBJ53LW6QNARQ3NU2DXVUBFL5A,Avg-Last-10,0.0,0.0
AEHBJ53LW6QNARQ3NU2DXVUBFL5A,Recency-Weighted,0.05,0.0
AEHBJ53LW6QNARQ3NU2DXVUBFL5A,Essence (K=10),0.1,0.0
AEHIE5MWPPNDM7IQWSDBG3KSBDIQ,Random,0.0,0.0
AEHIE5MWPPNDM7IQWSDBG3KSBDIQ,Popularity,0.0,0.0
AEHIE5MWPPNDM7IQWSDBG3KSBDIQ,CF (ItemKNN),0.0,0.0
AEHIE5MWPPNDM7IQWSDBG3KSBDIQ,Content (Avg Emb),0.0,0.0
AEHIE5MWPPNDM7IQWSDBG3KSBDIQ,Last-Item,0.0,0.0
AEHIE5MWPPNDM7IQWSDBG3KSBDIQ,Avg-Last-10,0.0,0.0
AEHIE5MWPPNDM7IQWSDBG3KSBDIQ,Recency-Weighted,0.0,0.0
AEHIE5MWPPNDM7IQWSDBG3KSBDIQ,Essence (K=10),0.0,0.0
AEHO43EZDFMG4EUGPQBPUTZSBL4A,Random,0.0,0.0
AEHO43EZDFMG4EUGPQBPUTZSBL4A,Popularity,0.0,0.0
AEHO43EZDFMG4EUGPQBPUTZSBL4A,CF (ItemKNN),0.0,0.0
AEHO43EZDFMG4EUGPQBPUTZSBL4A,Content (Avg Emb),0.0,0.0
AEHO43EZDFMG4EUGPQBPUTZSBL4A,Last-Item,0.0,0.0
AEHO43EZDFMG4EUGPQBPUTZSBL4A,Avg-Last-10,0.0,0.0
AEHO43EZDFMG4EUGPQBPUTZSBL4A,Recency-Weighted,0.0,0.0
AEHO43EZDFMG4EUGPQBPUTZSBL4A,Essence (K=10),0.0,0.0
AEHQYOCSFR67CNT3KLB7FN3Y2LZA,Random,0.0,0.0
AEHQYOCSFR67CNT3KLB7FN3Y2LZA,Popularity,0.0,0.0
AEHQYOCSFR67CNT3KLB7FN3Y2LZA,CF (ItemKNN),0.0,0.0
AEHQYOCSFR67CNT3KLB7FN3Y2LZA,Content (Avg Emb),0.0,0.0
AEHQYOCSFR67CNT3KLB7FN3Y2LZA,Last-Item,0.0,0.0
AEHQYOCSFR67CNT3KLB7FN3Y2LZA,Avg-Last-10,0.0,0.0
AEHQYOCSFR67CNT3KLB7FN3Y2LZA,Recency-Weighted,0.0,0.0
AEHQYOCSFR67CNT3KLB7FN3Y2LZA,Essence (K=10),0.0,0.0
AEHRE3HNWPSC5S6ASK6I6AG5RTRQ,Random,0.0,
AEHRE3HNWPSC5S6ASK6I6AG5RTRQ,Popularity,0.0,
AEHRE3HNWPSC5S6ASK6I6AG5RTRQ,CF (ItemKNN),0.0,
AEHRE3HNWPSC5S6ASK6I6AG5RTRQ,Content (Avg Emb),0.0,
AEHRE3HNWPSC5S6ASK6I6AG5RTRQ,Last-Item,0.0,
AEHRE3HNWPSC5S6ASK6I6AG5RTRQ,Avg-Last-10,0.0,
AEHRE3HNWPSC5S6ASK6I6AG5RTRQ,Recency-Weighted,0.0,
AEHRE3HNWPSC5S6ASK6I6AG5RTRQ,Essence (K=10),0.1111111111111111,
AEHY2BMYV6JYDL57WRMTOABD6MAA,Random,0.0,0.0
AEHY2BMYV6JYDL57WRMTOABD6MAA,Popularity,0.0,0.0
AEHY2BMYV6JYDL57WRMTOABD6MAA,CF (ItemKNN),0.0,0.0
AEHY2BMYV6JYDL57WRMTOABD6MAA,Content (Avg Emb),0.0,0.0
AEHY2BMYV6JYDL57WRMTOABD6MAA,Last-Item,0.0,0.0
AEHY2BMYV6JYDL57WRMTOABD6MAA,Avg-Last-10,0.0,0.0
AEHY2BMYV6JYDL57WRMTOABD6MAA,Recency-Weighted,0.0,0.0
AEHY2BMYV6JYDL57WRMTOABD6MAA,Essence (K=10),0.0,0.0
AEHYF327BKFXPLQJNXAGX5ONJXXQ,Random,0.0,0.0
AEHYF327BKFXPLQJNXAGX5ONJXXQ,Popularity,0.0,0.0
AEHYF327BKFXPLQJNXAGX5ONJXXQ,CF (ItemKNN),0.0,0.0
AEHYF327BKFXPLQJNXAGX5ONJXXQ,Content (Avg Emb),0.0,0.0
AEHYF327BKFXPLQJNXAGX5ONJXXQ,Last-Item,0.0,0.0
AEHYF327BKFXPLQJNXAGX5ONJXXQ,Avg-Last-10,0.0,0.0
AEHYF327BKFXPLQJNXAGX5ONJXXQ,Recency-Weighted,0.0,0.0
AEHYF327BKFXPLQJNXAGX5ONJXXQ,Essence (K=10),0.0,0.0
AEI5PUPUNUXW55XM76C2H4VAUCGA,Random,0.0,0.0
AEI5PUPUNUXW55XM76C2H4VAUCGA,Popularity,0.0,0.0
AEI5PUPUNUXW55XM76C2H4VAUCGA,CF (ItemKNN),0.0,0.0
AEI5PUPUNUXW55XM76C2H4VAUCGA,Content (Avg Emb),0.0,0.0
AEI5PUPUNUXW55XM76C2H4VAUCGA,Last-Item,0.0,0.0
AEI5PUPUNUXW55XM76C2H4VAUCGA,Avg-Last-10,0.0,0.0
AEI5PUPUNUXW55XM76C2H4VAUCGA,Recency-Weighted,0.0,0.0
AEI5PUPUNUXW55XM76C2H4VAUCGA,Essence (K=10),0.0,0.0
AEI6HNYUIYYNLV2TGAUCV6UXNSTQ,Random,0.0,0.0
AEI6HNYUIYYNLV2TGAUCV6UXNSTQ,Popularity,0.0,0.0
AEI6HNYUIYYNLV2TGAUCV6UXNSTQ,CF (ItemKNN),0.0,0.0
AEI6HNYUIYYNLV2TGAUCV6UXNSTQ,Content (Avg Emb),0.0,0.0
AEI6HNYUIYYNLV2TGAUCV6UXNSTQ,Last-Item,0.125,0.0
AEI6HNYUIYYNLV2TGAUCV6UXNSTQ,Avg-Last-10,0.0,0.0
AEI6HNYUIYYNLV2TGAUCV6UXNSTQ,Recency-Weighted,0.0,0.0
AEI6HNYUIYYNLV2TGAUCV6UXNSTQ,Essence (K=10),0.0,0.0
AEIAPGN4FXB5OQQDIIUSV7LCHEXQ,Random,0.0,0.0
AEIAPGN4FXB5OQQDIIUSV7LCHEXQ,Popularity,0.0,0.0
AEIAPGN4FXB5OQQDIIUSV7LCHEXQ,CF (ItemKNN),0.0,0.0
AEIAPGN4FXB5OQQDIIUSV7LCHEXQ,Content (Avg Emb),0.4,1.0
AEIAPGN4FXB5OQQDIIUSV7LCHEXQ,Last-Item,0.4,1.0
AEIAPGN4FXB5OQQDIIUSV7LCHEXQ,Avg-Last-10,0.4,1.0
AEIAPGN4FXB5OQQDIIUSV7LCHEXQ,Recency-Weighted,0.4,1.0
AEIAPGN4FXB5OQQDIIUSV7LCHEXQ,Essence (K=10),0.2,0.0
AEIDBNTQNM2DPWWOXVTZRAQSJRBQ,Random,0.0,
AEIDBNTQNM2DPWWOXVTZRAQSJRBQ,Popularity,0.0,
AEIDBNTQNM2DPWWOXVTZRAQSJRBQ,CF (ItemKNN),0.0,
AEIDBNTQNM2DPWWOXVTZRAQSJRBQ,Content (Avg Emb),0.0,
AEIDBNTQNM2DPWWOXVTZRAQSJRBQ,Last-Item,0.0,
AEIDBNTQNM2DPWWOXVTZRAQSJRBQ,Avg-Last-10,0.0,
AEIDBNTQNM2DPWWOXVTZRAQSJRBQ,Recency-Weighted,0.0,
AEIDBNTQNM2DPWWOXVTZRAQSJRBQ,Essence (K=10),0.0,
AEII6QWZGMDSMY3CGFOIIT7W7EIA,Random,0.0,
AEII6QWZGMDSMY3CGFOIIT7W7EIA,Popularity,0.0,
AEII6QWZGMDSMY3CGFOIIT7W7EIA,CF (ItemKNN),0.0,
AEII6QWZGMDSMY3CGFOIIT7W7EIA,Content (Avg Emb),0.0,
AEII6QWZGMDSMY3CGFOIIT7W7EIA,Last-Item,0.25,
AEII6QWZGMDSMY3CGFOIIT7W7EIA,Avg-Last-10,0.0,
AEII6QWZGMDSMY3CGFOIIT7W7EIA,Recency-Weighted,0.0,
AEII6QWZGMDSMY3CGFOIIT7W7EIA,Essence (K=10),0.0,
AEIIIWDWTUIGZRRMJJJUV3RGYE3Q,Random,0.0,0.0
AEIIIWDWTUIGZRRMJJJUV3RGYE3Q,Popularity,0.0,0.0
AEIIIWDWTUIGZRRMJJJUV3RGYE3Q,CF (ItemKNN),0.0,0.0
AEIIIWDWTUIGZRRMJJJUV3RGYE3Q,Content (Avg Emb),0.0,0.0
AEIIIWDWTUIGZRRMJJJUV3RGYE3Q,Last-Item,0.0,0.0
AEIIIWDWTUIGZRRMJJJUV3RGYE3Q,Avg-Last-10,0.0,0.0
AEIIIWDWTUIGZRRMJJJUV3RGYE3Q,Recency-Weighted,0.0,0.0
AEIIIWDWTUIGZRRMJJJUV3RGYE3Q,Essence (K=10),0.0,0.0
AEIJ3NXKEBFOTZWJDY2HE4DUO4GQ,Random,0.0,0.0
AEIJ3NXKEBFOTZWJDY2HE4DUO4GQ,Popularity,0.0,0.0
AEIJ3NXKEBFOTZWJDY2HE4DUO4GQ,CF (ItemKNN),0.0,0.0
AEIJ3NXKEBFOTZWJDY2HE4DUO4GQ,Content (Avg Emb),0.0,0.0
AEIJ3NXKEBFOTZWJDY2HE4DUO4GQ,Last-Item,0.0,0.0
AEIJ3NXKEBFOTZWJDY2HE4DUO4GQ,Avg-Last-10,0.0,0.0
AEIJ3NXKEBFOTZWJDY2HE4DUO4GQ,Recency-Weighted,0.0,0.0
AEIJ3NXKEBFOTZWJDY2HE4DUO4GQ,Essence (K=10),0.0,0.0
AEIK43DAKRD5YEAPEYJVIXNQ3QLA,Random,0.0,
AEIK43DAKRD5YEAPEYJVIXNQ3QLA,Popularity,0.0,
AEIK43DAKRD5YEAPEYJVIXNQ3QLA,CF (ItemKNN),0.0,
AEIK43DAKRD5YEAPEYJVIXNQ3QLA,Content (Avg Emb),0.0,
AEIK43DAKRD5YEAPEYJVIXNQ3QLA,Last-Item,0.0,
AEIK43DAKRD5YEAPEYJVIXNQ3QLA,Avg-Last-10,0.0,
AEIK43DAKRD5YEAPEYJVIXNQ3QLA,Recency-Weighted,0.0,
AEIK43DAKRD5YEAPEYJVIXNQ3QLA,Essence (K=10),0.0,
AEIKGDSNOGKKRZLTTY6J2N5K2RTA,Random,0.0,0.0
AEIKGDSNOGKKRZLTTY6J2N5K2RTA,Popularity,0.0,0.0
AEIKGDSNOGKKRZLTTY6J2N5K2RTA,CF (ItemKNN),0.0,0.0
AEIKGDSNOGKKRZLTTY6J2N5K2RTA,Content (Avg Emb),0.0,0.0
AEIKGDSNOGKKRZLTTY6J2N5K2RTA,Last-Item,0.0,0.0
AEIKGDSNOGKKRZLTTY6J2N5K2RTA,Avg-Last-10,0.0,0.0
AEIKGDSNOGKKRZLTTY6J2N5K2RTA,Recency-Weighted,0.0,0.0
AEIKGDSNOGKKRZLTTY6J2N5K2RTA,Essence (K=10),0.0,0.0
AEINLBNDASIBDLKDQFG7WZSOPV4Q,Random,0.0,
AEINLBNDASIBDLKDQFG7WZSOPV4Q,Popularity,0.0,
AEINLBNDASIBDLKDQFG7WZSOPV4Q,CF (ItemKNN),0.0,
AEINLBNDASIBDLKDQFG7WZSOPV4Q,Content (Avg Emb),0.0,
AEINLBNDASIBDLKDQFG7WZSOPV4Q,Last-Item,0.0,
AEINLBNDASIBDLKDQFG7WZSOPV4Q,Avg-Last-10,0.0,
AEINLBNDASIBDLKDQFG7WZSOPV4Q,Recency-Weighted,0.0,
AEINLBNDASIBDLKDQFG7WZSOPV4Q,Essence (K=10),0.0,
AEIOMSFYVC72HI3PAPU7XT3ISFWQ,Random,0.0,
AEIOMSFYVC72HI3PAPU7XT3ISFWQ,Popularity,0.0,
AEIOMSFYVC72HI3PAPU7XT3ISFWQ,CF (ItemKNN),0.0,
AEIOMSFYVC72HI3PAPU7XT3ISFWQ,Content (Avg Emb),0.15384615384615385,
AEIOMSFYVC72HI3PAPU7XT3ISFWQ,Last-Item,0.15384615384615385,
AEIOMSFYVC72HI3PAPU7XT3ISFWQ,Avg-Last-10,0.07692307692307693,
AEIOMSFYVC72HI3PAPU7XT3ISFWQ,Recency-Weighted,0.07692307692307693,
AEIOMSFYVC72HI3PAPU7XT3ISFWQ,Essence (K=10),0.07692307692307693,
AEIREM7EBFOI67IQTEKJ7QCQSE4Q,Random,0.0,0.0
AEIREM7EBFOI67IQTEKJ7QCQSE4Q,Popularity,0.0,0.0
AEIREM7EBFOI67IQTEKJ7QCQSE4Q,CF (ItemKNN),0.0,0.0
AEIREM7EBFOI67IQTEKJ7QCQSE4Q,Content (Avg Emb),0.25,0.0
AEIREM7EBFOI67IQTEKJ7QCQSE4Q,Last-Item,0.0,0.0
AEIREM7EBFOI67IQTEKJ7QCQSE4Q,Avg-Last-10,0.25,0.0
AEIREM7EBFOI67IQTEKJ7QCQSE4Q,Recency-Weighted,0.25,0.0
AEIREM7EBFOI67IQTEKJ7QCQSE4Q,Essence (K=10),0.0,0.0
AEIRZ4UOLWJ3HQC3W4PN26JACB4Q,Random,0.0,0.0
AEIRZ4UOLWJ3HQC3W4PN26JACB4Q,Popularity,0.0,0.0
AEIRZ4UOLWJ3HQC3W4PN26JACB4Q,CF (ItemKNN),0.0,0.0
AEIRZ4UOLWJ3HQC3W4PN26JACB4Q,Content (Avg Emb),0.0,0.0
AEIRZ4UOLWJ3HQC3W4PN26JACB4Q,Last-Item,0.0,0.0
AEIRZ4UOLWJ3HQC3W4PN26JACB4Q,Avg-Last-10,0.0,0.0
AEIRZ4UOLWJ3HQC3W4PN26JACB4Q,Recency-Weighted,0.0,0.0
AEIRZ4UOLWJ3HQC3W4PN26JACB4Q,Essence (K=10),0.0,0.0
AEIXIM6U5SVZM27YLCYKWZNR4SHQ,Random,0.0,
AEIXIM6U5SVZM27YLCYKWZNR4SHQ,Popularity,0.0,
AEIXIM6U5SVZM27YLCYKWZNR4SHQ,CF (ItemKNN),0.0,
AEIXIM6U5SVZM27YLCYKWZNR4SHQ,Content (Avg Emb),0.0,
AEIXIM6U5SVZM27YLCYKWZNR4SHQ,Last-Item,0.0,
AEIXIM6U5SVZM27YLCYKWZNR4SHQ,Avg-Last-10,0.0,
AEIXIM6U5SVZM27YLCYKWZNR4SHQ,Recency-Weighted,0.0,
AEIXIM6U5SVZM27YLCYKWZNR4SHQ,Essence (K=10),0.0,
AEJ3EHJIHMPU6QBFJ76M77I2UDGA,Random,0.0,
AEJ3EHJIHMPU6QBFJ76M77I2UDGA,Popularity,0.0,
AEJ3EHJIHMPU6QBFJ76M77I2UDGA,CF (ItemKNN),0.0,
AEJ3EHJIHMPU6QBFJ76M77I2UDGA,Content (Avg Emb),0.0,
AEJ3EHJIHMPU6QBFJ76M77I2UDGA,Last-Item,0.25,
AEJ3EHJIHMPU6QBFJ76M77I2UDGA,Avg-Last-10,0.0,
AEJ3EHJIHMPU6QBFJ76M77I2UDGA,Recency-Weighted,0.0,
AEJ3EHJIHMPU6QBFJ76M77I2UDGA,Essence (K=10),0.0,
AEJ3OS5CZLDGLOXYARQBC74CPVWQ,Random,0.0,
AEJ3OS5CZLDGLOXYARQBC74CPVWQ,Popularity,0.0,
AEJ3OS5CZLDGLOXYARQBC74CPVWQ,CF (ItemKNN),0.0,
AEJ3OS5CZLDGLOXYARQBC74CPVWQ,Content (Avg Emb),0.0,
AEJ3OS5CZLDGLOXYARQBC74CPVWQ,Last-Item,0.0,
AEJ3OS5CZLDGLOXYARQBC74CPVWQ,Avg-Last-10,0.0,
AEJ3OS5CZLDGLOXYARQBC74CPVWQ,Recency-Weighted,0.0,
AEJ3OS5CZLDGLOXYARQBC74CPVWQ,Essence (K=10),0.0,
AEJ3TRK3QFXIFRT3YSQF4ZIDB3BA,Random,0.0,0.0
AEJ3TRK3QFXIFRT3YSQF4ZIDB3BA,Popularity,0.0,0.0
AEJ3TRK3QFXIFRT3YSQF4ZIDB3BA,CF (ItemKNN),0.0,0.0
AEJ3TRK3QFXIFRT3YSQF4ZIDB3BA,Content (Avg Emb),0.0,0.0
AEJ3TRK3QFXIFRT3YSQF4ZIDB3BA,Last-Item,0.0,0.0
AEJ3TRK3QFXIFRT3YSQF4ZIDB3BA,Avg-Last-10,0.0,0.0
AEJ3TRK3QFXIFRT3YSQF4ZIDB3BA,Recency-Weighted,0.0,0.0
AEJ3TRK3QFXIFRT3YSQF4ZIDB3BA,Essence (K=10),0.0,0.0
AEJ423W2LON2HY76JIZCJXZNDVKA,Random,0.0,0.0
AEJ423W2LON2HY76JIZCJXZNDVKA,Popularity,0.0,0.0
AEJ423W2LON2HY76JIZCJXZNDVKA,CF (ItemKNN),0.0,0.0
AEJ423W2LON2HY76JIZCJXZNDVKA,Content (Avg Emb),0.0,0.0
AEJ423W2LON2HY76JIZCJXZNDVKA,Last-Item,0.0,0.0
AEJ423W2LON2HY76JIZCJXZNDVKA,Avg-Last-10,0.0,0.0
AEJ423W2LON2HY76JIZCJXZNDVKA,Recency-Weighted,0.0,0.0
AEJ423W2LON2HY76JIZCJXZNDVKA,Essence (K=10),0.0,0.0
AEJ5P4THIYP3WVBFMY2ZYYJ77TAA,Random,0.0,0.0
AEJ5P4THIYP3WVBFMY2ZYYJ77TAA,Popularity,0.0,0.0
AEJ5P4THIYP3WVBFMY2ZYYJ77TAA,CF (ItemKNN),0.0,0.0
AEJ5P4THIYP3WVBFMY2ZYYJ77TAA,Content (Avg Emb),0.0,0.0
AEJ5P4THIYP3WVBFMY2ZYYJ77TAA,Last-Item,0.0,0.0
AEJ5P4THIYP3WVBFMY2ZYYJ77TAA,Avg-Last-10,0.0,0.0
AEJ5P4THIYP3WVBFMY2ZYYJ77TAA,Recency-Weighted,0.0,0.0
AEJ5P4THIYP3WVBFMY2ZYYJ77TAA,Essence (K=10),0.0,0.0
AEJ6CUTMK2FEJFXSFIUUAPWZZIDA,Random,0.0,
AEJ6CUTMK2FEJFXSFIUUAPWZZIDA,Popularity,0.0,
AEJ6CUTMK2FEJFXSFIUUAPWZZIDA,CF (ItemKNN),0.0,
AEJ6CUTMK2FEJFXSFIUUAPWZZIDA,Content (Avg Emb),0.0,
AEJ6CUTMK2FEJFXSFIUUAPWZZIDA,Last-Item,0.0,
AEJ6CUTMK2FEJFXSFIUUAPWZZIDA,Avg-Last-10,0.0,
AEJ6CUTMK2FEJFXSFIUUAPWZZIDA,Recency-Weighted,0.0,
AEJ6CUTMK2FEJFXSFIUUAPWZZIDA,Essence (K=10),0.0,
AEJ6XYIXUZ7STUN56OSBXM6IRP5Q,Random,0.0,0.0
AEJ6XYIXUZ7STUN56OSBXM6IRP5Q,Popularity,0.0,0.0
AEJ6XYIXUZ7STUN56OSBXM6IRP5Q,CF (ItemKNN),0.0,0.0
AEJ6XYIXUZ7STUN56OSBXM6IRP5Q,Content (Avg Emb),0.0,0.0
AEJ6XYIXUZ7STUN56OSBXM6IRP5Q,Last-Item,0.0,0.0
AEJ6XYIXUZ7STUN56OSBXM6IRP5Q,Avg-Last-10,0.0,0.0
AEJ6XYIXUZ7STUN56OSBXM6IRP5Q,Recency-Weighted,0.0,0.0
AEJ6XYIXUZ7STUN56OSBXM6IRP5Q,Essence (K=10),0.0,0.0
AEJ73CIY6R7MYAGGPYYXT45UOMCQ,Random,0.0,0.0
AEJ73CIY6R7MYAGGPYYXT45UOMCQ,Popularity,0.0,0.0
AEJ73CIY6R7MYAGGPYYXT45UOMCQ,CF (ItemKNN),0.0,0.0
AEJ73CIY6R7MYAGGPYYXT45UOMCQ,Content (Avg Emb),0.0,0.0
AEJ73CIY6R7MYAGGPYYXT45UOMCQ,Last-Item,0.0,0.0
AEJ73CIY6R7MYAGGPYYXT45UOMCQ,Avg-Last-10,0.0,0.0
AEJ73CIY6R7MYAGGPYYXT45UOMCQ,Recency-Weighted,0.0,0.0
AEJ73CIY6R7MYAGGPYYXT45UOMCQ,Essence (K=10),0.0,0.0
AEJ74MD7R6762VHQISCQFN5ODLMQ,Random,0.0,0.0
AEJ74MD7R6762VHQISCQFN5ODLMQ,Popularity,0.0,0.0
AEJ74MD7R6762VHQISCQFN5ODLMQ,CF (ItemKNN),0.0,0.0
AEJ74MD7R6762VHQISCQFN5ODLMQ,Content (Avg Emb),0.0,0.0
AEJ74MD7R6762VHQISCQFN5ODLMQ,Last-Item,0.0,0.0
AEJ74MD7R6762VHQISCQFN5ODLMQ,Avg-Last-10,0.0,0.0
AEJ74MD7R6762VHQISCQFN5ODLMQ,Recency-Weighted,0.0,0.0
AEJ74MD7R6762VHQISCQFN5ODLMQ,Essence (K=10),0.0,0.0
AEJATS34BFWLLPMDZCFNFQVMMU7Q,Random,0.0,
AEJATS34BFWLLPMDZCFNFQVMMU7Q,Popularity,0.0,
AEJATS34BFWLLPMDZCFNFQVMMU7Q,CF (ItemKNN),0.0,
AEJATS34BFWLLPMDZCFNFQVMMU7Q,Content (Avg Emb),0.0,
AEJATS34BFWLLPMDZCFNFQVMMU7Q,Last-Item,0.0,
AEJATS34BFWLLPMDZCFNFQVMMU7Q,Avg-Last-10,0.0,
AEJATS34BFWLLPMDZCFNFQVMMU7Q,Recency-Weighted,0.0,
AEJATS34BFWLLPMDZCFNFQVMMU7Q,Essence (K=10),0.0,
AEJDFBXPMTZQPNNRLI4D2KMPO7TQ,Random,0.0,0.0
AEJDFBXPMTZQPNNRLI4D2KMPO7TQ,Popularity,0.0,0.0
AEJDFBXPMTZQPNNRLI4D2KMPO7TQ,CF (ItemKNN),0.0,0.0
AEJDFBXPMTZQPNNRLI4D2KMPO7TQ,Content (Avg Emb),0.0,0.0
AEJDFBXPMTZQPNNRLI4D2KMPO7TQ,Last-Item,0.0,0.0
AEJDFBXPMTZQPNNRLI4D2KMPO7TQ,Avg-Last-10,0.0,0.0
AEJDFBXPMTZQPNNRLI4D2KMPO7TQ,Recency-Weighted,0.0,0.0
AEJDFBXPMTZQPNNRLI4D2KMPO7TQ,Essence (K=10),0.0,0.0
AEJDWMZ5F3VT5BKBDD62OQFZHKMQ,Random,0.0,
AEJDWMZ5F3VT5BKBDD62OQFZHKMQ,Popularity,0.0,
AEJDWMZ5F3VT5BKBDD62OQFZHKMQ,CF (ItemKNN),0.0,
AEJDWMZ5F3VT5BKBDD62OQFZHKMQ,Content (Avg Emb),0.0,
AEJDWMZ5F3VT5BKBDD62OQFZHKMQ,Last-Item,0.0,
AEJDWMZ5F3VT5BKBDD62OQFZHKMQ,Avg-Last-10,0.0,
AEJDWMZ5F3VT5BKBDD62OQFZHKMQ,Recency-Weighted,0.0,
AEJDWMZ5F3VT5BKBDD62OQFZHKMQ,Essence (K=10),0.0,
AEJH4SFNLYVBIQ2DQ3GVXGOJ5TNA,Random,0.0,
AEJH4SFNLYVBIQ2DQ3GVXGOJ5TNA,Popularity,0.0,
AEJH4SFNLYVBIQ2DQ3GVXGOJ5TNA,CF (ItemKNN),0.0,
AEJH4SFNLYVBIQ2DQ3GVXGOJ5TNA,Content (Avg Emb),0.0,
AEJH4SFNLYVBIQ2DQ3GVXGOJ5TNA,Last-Item,0.2,
AEJH4SFNLYVBIQ2DQ3GVXGOJ5TNA,Avg-Last-10,0.0,
AEJH4SFNLYVBIQ2DQ3GVXGOJ5TNA,Recency-Weighted,0.0,
AEJH4SFNLYVBIQ2DQ3GVXGOJ5TNA,Essence (K=10),0.0,
AEJII7ZQIX3B6QYBJCJRF7FBIAYQ,Random,0.0,0.0
AEJII7ZQIX3B6QYBJCJRF7FBIAYQ,Popularity,0.0,0.0
AEJII7ZQIX3B6QYBJCJRF7FBIAYQ,CF (ItemKNN),0.0,0.0
AEJII7ZQIX3B6QYBJCJRF7FBIAYQ,Content (Avg Emb),0.0,0.0
AEJII7ZQIX3B6QYBJCJRF7FBIAYQ,Last-Item,0.0,0.0
AEJII7ZQIX3B6QYBJCJRF7FBIAYQ,Avg-Last-10,0.0,0.0
AEJII7ZQIX3B6QYBJCJRF7FBIAYQ,Recency-Weighted,0.0,0.0
AEJII7ZQIX3B6QYBJCJRF7FBIAYQ,Essence (K=10),0.0,0.0
AEJJCIBOKMQDIH4IQQ2BJBTPQW2A,Random,0.0,
AEJJCIBOKMQDIH4IQQ2BJBTPQW2A,Popularity,0.0,
AEJJCIBOKMQDIH4IQQ2BJBTPQW2A,CF (ItemKNN),0.0,
AEJJCIBOKMQDIH4IQQ2BJBTPQW2A,Content (Avg Emb),0.0,
AEJJCIBOKMQDIH4IQQ2BJBTPQW2A,Last-Item,0.0,
AEJJCIBOKMQDIH4IQQ2BJBTPQW2A,Avg-Last-10,0.0,
AEJJCIBOKMQDIH4IQQ2BJBTPQW2A,Recency-Weighted,0.0,
AEJJCIBOKMQDIH4IQQ2BJBTPQW2A,Essence (K=10),0.0,
AEJK5ZSU76HVQ5I4U4XCOSWILPTQ,Random,0.0,0.0
AEJK5ZSU76HVQ5I4U4XCOSWILPTQ,Popularity,0.0,0.0
AEJK5ZSU76HVQ5I4U4XCOSWILPTQ,CF (ItemKNN),0.0,0.0
AEJK5ZSU76HVQ5I4U4XCOSWILPTQ,Content (Avg Emb),0.0,0.0
AEJK5ZSU76HVQ5I4U4XCOSWILPTQ,Last-Item,0.0,0.0
AEJK5ZSU76HVQ5I4U4XCOSWILPTQ,Avg-Last-10,0.0,0.0
AEJK5ZSU76HVQ5I4U4XCOSWILPTQ,Recency-Weighted,0.0,0.0
AEJK5ZSU76HVQ5I4U4XCOSWILPTQ,Essence (K=10),0.0,0.0
AEJPA2LN7GNXVOZVNBRLHUVOVNUQ,Random,0.0,0.0
AEJPA2LN7GNXVOZVNBRLHUVOVNUQ,Popularity,0.0,0.0
AEJPA2LN7GNXVOZVNBRLHUVOVNUQ,CF (ItemKNN),0.045454545454545456,0.2
AEJPA2LN7GNXVOZVNBRLHUVOVNUQ,Content (Avg Emb),0.0,0.0
AEJPA2LN7GNXVOZVNBRLHUVOVNUQ,Last-Item,0.0,0.0
AEJPA2LN7GNXVOZVNBRLHUVOVNUQ,Avg-Last-10,0.0,0.0
AEJPA2LN7GNXVOZVNBRLHUVOVNUQ,Recency-Weighted,0.0,0.0
AEJPA2LN7GNXVOZVNBRLHUVOVNUQ,Essence (K=10),0.0,0.0
AEJPMQEDA5XMPM4RS7SDVDRRJSYA,Random,0.0,0.0
AEJPMQEDA5XMPM4RS7SDVDRRJSYA,Popularity,0.0,0.0
AEJPMQEDA5XMPM4RS7SDVDRRJSYA,CF (ItemKNN),0.0,0.0
AEJPMQEDA5XMPM4RS7SDVDRRJSYA,Content (Avg Emb),0.0,0.0
AEJPMQEDA5XMPM4RS7SDVDRRJSYA,Last-Item,0.0,0.0
AEJPMQEDA5XMPM4RS7SDVDRRJSYA,Avg-Last-10,0.0,0.0
AEJPMQEDA5XMPM4RS7SDVDRRJSYA,Recency-Weighted,0.0,0.0
AEJPMQEDA5XMPM4RS7SDVDRRJSYA,Essence (K=10),0.0,0.0
AEJPRDXVKIIZXJPNOXVMODV3DLFA,Random,0.0,
AEJPRDXVKIIZXJPNOXVMODV3DLFA,Popularity,0.0,
AEJPRDXVKIIZXJPNOXVMODV3DLFA,CF (ItemKNN),0.0,
AEJPRDXVKIIZXJPNOXVMODV3DLFA,Content (Avg Emb),0.0,
AEJPRDXVKIIZXJPNOXVMODV3DLFA,Last-Item,0.0,
AEJPRDXVKIIZXJPNOXVMODV3DLFA,Avg-Last-10,0.0,
AEJPRDXVKIIZXJPNOXVMODV3DLFA,Recency-Weighted,0.0,
AEJPRDXVKIIZXJPNOXVMODV3DLFA,Essence (K=10),0.0,
AEJZ7EN262RHUP2BAHSDJCAJDPFA,Random,0.0,0.0
AEJZ7EN262RHUP2BAHSDJCAJDPFA,Popularity,0.0,0.0
AEJZ7EN262RHUP2BAHSDJCAJDPFA,CF (ItemKNN),0.0,0.0
AEJZ7EN262RHUP2BAHSDJCAJDPFA,Content (Avg Emb),0.0,0.0
AEJZ7EN262RHUP2BAHSDJCAJDPFA,Last-Item,0.0,0.0
AEJZ7EN262RHUP2BAHSDJCAJDPFA,Avg-Last-10,0.0,0.0
AEJZ7EN262RHUP2BAHSDJCAJDPFA,Recency-Weighted,0.0,0.0
AEJZ7EN262RHUP2BAHSDJCAJDPFA,Essence (K=10),0.0,0.0
AEK45SR5YMUDSQJ7UR56R5BACL3A,Random,0.0,
AEK45SR5YMUDSQJ7UR56R5BACL3A,Popularity,0.0,
AEK45SR5YMUDSQJ7UR56R5BACL3A,CF (ItemKNN),0.0,
AEK45SR5YMUDSQJ7UR56R5BACL3A,Content (Avg Emb),0.0,
AEK45SR5YMUDSQJ7UR56R5BACL3A,Last-Item,0.0,
AEK45SR5YMUDSQJ7UR56R5BACL3A,Avg-Last-10,0.0,
AEK45SR5YMUDSQJ7UR56R5BACL3A,Recency-Weighted,0.0,
AEK45SR5YMUDSQJ7UR56R5BACL3A,Essence (K=10),0.25,
AEK46AAA6FPD4XOVMGT7PJSYYHKA,Random,0.0,0.0
AEK46AAA6FPD4XOVMGT7PJSYYHKA,Popularity,0.0,0.0
AEK46AAA6FPD4XOVMGT7PJSYYHKA,CF (ItemKNN),0.0,0.0
AEK46AAA6FPD4XOVMGT7PJSYYHKA,Content (Avg Emb),0.0,0.0
AEK46AAA6FPD4XOVMGT7PJSYYHKA,Last-Item,0.0,0.0
AEK46AAA6FPD4XOVMGT7PJSYYHKA,Avg-Last-10,0.0,0.0
AEK46AAA6FPD4XOVMGT7PJSYYHKA,Recency-Weighted,0.0,0.0
AEK46AAA6FPD4XOVMGT7PJSYYHKA,Essence (K=10),0.0,0.0
AEK52QLBSNNYZ7ESGCFNYVX5VMGQ,Random,0.0,
AEK52QLBSNNYZ7ESGCFNYVX5VMGQ,Popularity,0.0,
AEK52QLBSNNYZ7ESGCFNYVX5VMGQ,CF (ItemKNN),0.0,
AEK52QLBSNNYZ7ESGCFNYVX5VMGQ,Content (Avg Emb),0.0,
AEK52QLBSNNYZ7ESGCFNYVX5VMGQ,Last-Item,0.0,
AEK52QLBSNNYZ7ESGCFNYVX5VMGQ,Avg-Last-10,0.0,
AEK52QLBSNNYZ7ESGCFNYVX5VMGQ,Recency-Weighted,0.0,
AEK52QLBSNNYZ7ESGCFNYVX5VMGQ,Essence (K=10),0.0,
AEKAKSQAHYRHGS3HFJWKNOMAR7EA,Random,0.0,0.0
AEKAKSQAHYRHGS3HFJWKNOMAR7EA,Popularity,0.0,0.0
AEKAKSQAHYRHGS3HFJWKNOMAR7EA,CF (ItemKNN),0.0,0.0
AEKAKSQAHYRHGS3HFJWKNOMAR7EA,Content (Avg Emb),0.2,0.0
AEKAKSQAHYRHGS3HFJWKNOMAR7EA,Last-Item,0.0,0.0
AEKAKSQAHYRHGS3HFJWKNOMAR7EA,Avg-Last-10,0.0,0.0
AEKAKSQAHYRHGS3HFJWKNOMAR7EA,Recency-Weighted,0.0,0.0
AEKAKSQAHYRHGS3HFJWKNOMAR7EA,Essence (K=10),0.0,0.0
AEKBUHJJMYOQHQ5GKRU4U56ZB5BQ,Random,0.0,0.0
AEKBUHJJMYOQHQ5GKRU4U56ZB5BQ,Popularity,0.0,0.0
AEKBUHJJMYOQHQ5GKRU4U56ZB5BQ,CF (ItemKNN),0.0,0.0
AEKBUHJJMYOQHQ5GKRU4U56ZB5BQ,Content (Avg Emb),0.0,0.0
AEKBUHJJMYOQHQ5GKRU4U56ZB5BQ,Last-Item,0.0,0.0
AEKBUHJJMYOQHQ5GKRU4U56ZB5BQ,Avg-Last-10,0.0,0.0
AEKBUHJJMYOQHQ5GKRU4U56ZB5BQ,Recency-Weighted,0.0,0.0
AEKBUHJJMYOQHQ5GKRU4U56ZB5BQ,Essence (K=10),0.0,0.0
AEKHHBB7LPSXVVST3ISDZEW7TXJQ,Random,0.0,
AEKHHBB7LPSXVVST3ISDZEW7TXJQ,Popularity,0.0,
AEKHHBB7LPSXVVST3ISDZEW7TXJQ,CF (ItemKNN),0.0,
AEKHHBB7LPSXVVST3ISDZEW7TXJQ,Content (Avg Emb),0.0,
AEKHHBB7LPSXVVST3ISDZEW7TXJQ,Last-Item,0.2,
AEKHHBB7LPSXVVST3ISDZEW7TXJQ,Avg-Last-10,0.0,
AEKHHBB7LPSXVVST3ISDZEW7TXJQ,Recency-Weighted,0.0,
AEKHHBB7LPSXVVST3ISDZEW7TXJQ,Essence (K=10),0.0,
AEKJ5LP6QQX3NOWS5DIN333PRUFA,Random,0.0,
AEKJ5LP6QQX3NOWS5DIN333PRUFA,Popularity,0.0,
AEKJ5LP6QQX3NOWS5DIN333PRUFA,CF (ItemKNN),0.0,
AEKJ5LP6QQX3NOWS5DIN333PRUFA,Content (Avg Emb),0.0,
AEKJ5LP6QQX3NOWS5DIN333PRUFA,Last-Item,0.0,
AEKJ5LP6QQX3NOWS5DIN333PRUFA,Avg-Last-10,0.0,
AEKJ5LP6QQX3NOWS5DIN333PRUFA,Recency-Weighted,0.0,
AEKJ5LP6QQX3NOWS5DIN333PRUFA,Essence (K=10),0.0,
AEKK4ZGGLMUDLTNOXA6HRBTSJXVQ,Random,0.0,0.0
AEKK4ZGGLMUDLTNOXA6HRBTSJXVQ,Popularity,0.0,0.0
AEKK4ZGGLMUDLTNOXA6HRBTSJXVQ,CF (ItemKNN),0.0,0.0
AEKK4ZGGLMUDLTNOXA6HRBTSJXVQ,Content (Avg Emb),0.0,0.0
AEKK4ZGGLMUDLTNOXA6HRBTSJXVQ,Last-Item,0.0,0.0
AEKK4ZGGLMUDLTNOXA6HRBTSJXVQ,Avg-Last-10,0.0,0.0
AEKK4ZGGLMUDLTNOXA6HRBTSJXVQ,Recency-Weighted,0.0,0.0
AEKK4ZGGLMUDLTNOXA6HRBTSJXVQ,Essence (K=10),0.0,0.0
AEKKJPCVZPMYVLFNRH657RGCYWAA,Random,0.0,0.0
AEKKJPCVZPMYVLFNRH657RGCYWAA,Popularity,0.0,0.0
AEKKJPCVZPMYVLFNRH657RGCYWAA,CF (ItemKNN),0.0,0.0
AEKKJPCVZPMYVLFNRH657RGCYWAA,Content (Avg Emb),0.0,0.0
AEKKJPCVZPMYVLFNRH657RGCYWAA,Last-Item,0.0,0.0
AEKKJPCVZPMYVLFNRH657RGCYWAA,Avg-Last-10,0.0,0.0
AEKKJPCVZPMYVLFNRH657RGCYWAA,Recency-Weighted,0.0,0.0
AEKKJPCVZPMYVLFNRH657RGCYWAA,Essence (K=10),0.0,0.0
AEKKSQX5ABU6G5PL6J4P7ERJ2B6Q,Random,0.0,0.0
AEKKSQX5ABU6G5PL6J4P7ERJ2B6Q,Popularity,0.0,0.0
AEKKSQX5ABU6G5PL6J4P7ERJ2B6Q,CF (ItemKNN),0.0,0.0
AEKKSQX5ABU6G5PL6J4P7ERJ2B6Q,Content (Avg Emb),0.0,0.0
AEKKSQX5ABU6G5PL6J4P7ERJ2B6Q,Last-Item,0.0,0.0
AEKKSQX5ABU6G5PL6J4P7ERJ2B6Q,Avg-Last-10,0.0,0.0
AEKKSQX5ABU6G5PL6J4P7ERJ2B6Q,Recency-Weighted,0.0,0.0
AEKKSQX5ABU6G5PL6J4P7ERJ2B6Q,Essence (K=10),0.0,0.0
AEKLGCC4SEUXF2S2XOMRFQADZCNA,Random,0.0,0.0
AEKLGCC4SEUXF2S2XOMRFQADZCNA,Popularity,0.0,0.0
AEKLGCC4SEUXF2S2XOMRFQADZCNA,CF (ItemKNN),0.2,0.0
AEKLGCC4SEUXF2S2XOMRFQADZCNA,Content (Avg Emb),0.0,0.0
AEKLGCC4SEUXF2S2XOMRFQADZCNA,Last-Item,0.0,0.0
AEKLGCC4SEUXF2S2XOMRFQADZCNA,Avg-Last-10,0.0,0.0
AEKLGCC4SEUXF2S2XOMRFQADZCNA,Recency-Weighted,0.0,0.0
AEKLGCC4SEUXF2S2XOMRFQADZCNA,Essence (K=10),0.0,0.0
AEKMEQ47R54SWDIQSNHM5KARW4DQ,Random,0.0,
AEKMEQ47R54SWDIQSNHM5KARW4DQ,Popularity,0.0,
AEKMEQ47R54SWDIQSNHM5KARW4DQ,CF (ItemKNN),0.0,
AEKMEQ47R54SWDIQSNHM5KARW4DQ,Content (Avg Emb),0.3333333333333333,
AEKMEQ47R54SWDIQSNHM5KARW4DQ,Last-Item,0.5,
AEKMEQ47R54SWDIQSNHM5KARW4DQ,Avg-Last-10,0.6666666666666666,
AEKMEQ47R54SWDIQSNHM5KARW4DQ,Recency-Weighted,0.6666666666666666,
AEKMEQ47R54SWDIQSNHM5KARW4DQ,Essence (K=10),0.16666666666666666,
AEKOIEEHZQ75CVIUPXF3MM6Z5T3Q,Random,0.0,
AEKOIEEHZQ75CVIUPXF3MM6Z5T3Q,Popularity,0.0,
AEKOIEEHZQ75CVIUPXF3MM6Z5T3Q,CF (ItemKNN),0.0,
AEKOIEEHZQ75CVIUPXF3MM6Z5T3Q,Content (Avg Emb),0.0,
AEKOIEEHZQ75CVIUPXF3MM6Z5T3Q,Last-Item,0.0,
AEKOIEEHZQ75CVIUPXF3MM6Z5T3Q,Avg-Last-10,0.0,
AEKOIEEHZQ75CVIUPXF3MM6Z5T3Q,Recency-Weighted,0.0,
AEKOIEEHZQ75CVIUPXF3MM6Z5T3Q,Essence (K=10),0.0,
AEKPPTLSXECAQ355Y73CWESUSG7Q,Random,0.0,
AEKPPTLSXECAQ355Y73CWESUSG7Q,Popularity,0.0,
AEKPPTLSXECAQ355Y73CWESUSG7Q,CF (ItemKNN),0.0,
AEKPPTLSXECAQ355Y73CWESUSG7Q,Content (Avg Emb),0.2,
AEKPPTLSXECAQ355Y73CWESUSG7Q,Last-Item,0.0,
AEKPPTLSXECAQ355Y73CWESUSG7Q,Avg-Last-10,0.2,
AEKPPTLSXECAQ355Y73CWESUSG7Q,Recency-Weighted,0.2,
AEKPPTLSXECAQ355Y73CWESUSG7Q,Essence (K=10),0.0,
AEKPV4AG4ATA6R5ECVJVY6JPSLMA,Random,0.0,0.0
AEKPV4AG4ATA6R5ECVJVY6JPSLMA,Popularity,0.0,0.0
AEKPV4AG4ATA6R5ECVJVY6JPSLMA,CF (ItemKNN),0.0,0.0
AEKPV4AG4ATA6R5ECVJVY6JPSLMA,Content (Avg Emb),0.0,0.0
AEKPV4AG4ATA6R5ECVJVY6JPSLMA,Last-Item,0.0,0.0
AEKPV4AG4ATA6R5ECVJVY6JPSLMA,Avg-Last-10,0.0,0.0
AEKPV4AG4ATA6R5ECVJVY6JPSLMA,Recency-Weighted,0.0,0.0
AEKPV4AG4ATA6R5ECVJVY6JPSLMA,Essence (K=10),0.0,0.0
AEKUHGRPRBNM6XGRYCV6PNYGUE5Q,Random,0.0,0.0
AEKUHGRPRBNM6XGRYCV6PNYGUE5Q,Popularity,0.0,0.0
AEKUHGRPRBNM6XGRYCV6PNYGUE5Q,CF (ItemKNN),0.0,0.0
AEKUHGRPRBNM6XGRYCV6PNYGUE5Q,Content (Avg Emb),0.1111111111111111,0.0
AEKUHGRPRBNM6XGRYCV6PNYGUE5Q,Last-Item,0.1111111111111111,0.0
AEKUHGRPRBNM6XGRYCV6PNYGUE5Q,Avg-Last-10,0.1111111111111111,0.0
AEKUHGRPRBNM6XGRYCV6PNYGUE5Q,Recency-Weighted,0.1111111111111111,0.0
AEKUHGRPRBNM6XGRYCV6PNYGUE5Q,Essence (K=10),0.1111111111111111,0.0
AEKX53STNRGNJ45OY63N3KAKQ4RA,Random,0.0,0.0
AEKX53STNRGNJ45OY63N3KAKQ4RA,Popularity,0.0,0.0
AEKX53STNRGNJ45OY63N3KAKQ4RA,CF (ItemKNN),0.0,0.0
AEKX53STNRGNJ45OY63N3KAKQ4RA,Content (Avg Emb),0.0,0.0
AEKX53STNRGNJ45OY63N3KAKQ4RA,Last-Item,0.0,0.0
AEKX53STNRGNJ45OY63N3KAKQ4RA,Avg-Last-10,0.0,0.0
AEKX53STNRGNJ45OY63N3KAKQ4RA,Recency-Weighted,0.0,0.0
AEKX53STNRGNJ45OY63N3KAKQ4RA,Essence (K=10),0.0,0.0
AEL2VUYDTGB7VTQQ7INYO5DORTDA,Random,0.0,0.0
AEL2VUYDTGB7VTQQ7INYO5DORTDA,Popularity,0.0,0.0
AEL2VUYDTGB7VTQQ7INYO5DORTDA,CF (ItemKNN),0.0,0.0
AEL2VUYDTGB7VTQQ7INYO5DORTDA,Content (Avg Emb),0.0,0.0
AEL2VUYDTGB7VTQQ7INYO5DORTDA,Last-Item,0.07142857142857142,0.0
AEL2VUYDTGB7VTQQ7INYO5DORTDA,Avg-Last-10,0.0,0.0
AEL2VUYDTGB7VTQQ7INYO5DORTDA,Recency-Weighted,0.0,0.0
AEL2VUYDTGB7VTQQ7INYO5DORTDA,Essence (K=10),0.0,0.0
AEL4KSSAAIKFWHVTCF4SS3M4YLEQ,Random,0.0,0.0
AEL4KSSAAIKFWHVTCF4SS3M4YLEQ,Popularity,0.0,0.0
AEL4KSSAAIKFWHVTCF4SS3M4YLEQ,CF (ItemKNN),0.0,0.0
AEL4KSSAAIKFWHVTCF4SS3M4YLEQ,Content (Avg Emb),0.0,0.0
AEL4KSSAAIKFWHVTCF4SS3M4YLEQ,Last-Item,0.0,0.0
AEL4KSSAAIKFWHVTCF4SS3M4YLEQ,Avg-Last-10,0.0,0.0
AEL4KSSAAIKFWHVTCF4SS3M4YLEQ,Recency-Weighted,0.0,0.0
AEL4KSSAAIKFWHVTCF4SS3M4YLEQ,Essence (K=10),0.0,0.0
AEL5BIABIVE6LX34VFDG7UKM6NDQ,Random,0.0,0.0
AEL5BIABIVE6LX34VFDG7UKM6NDQ,Popularity,0.0,0.0
AEL5BIABIVE6LX34VFDG7UKM6NDQ,CF (ItemKNN),0.0,0.0
AEL5BIABIVE6LX34VFDG7UKM6NDQ,Content (Avg Emb),0.0,0.0
AEL5BIABIVE6LX34VFDG7UKM6NDQ,Last-Item,0.0,0.0
AEL5BIABIVE6LX34VFDG7UKM6NDQ,Avg-Last-10,0.0,0.0
AEL5BIABIVE6LX34VFDG7UKM6NDQ,Recency-Weighted,0.0,0.0
AEL5BIABIVE6LX34VFDG7UKM6NDQ,Essence (K=10),0.0,0.0
AEL64LN6DHJ7AWYCUQQ6QSKDH5DQ,Random,0.0,
AEL64LN6DHJ7AWYCUQQ6QSKDH5DQ,Popularity,0.0,
AEL64LN6DHJ7AWYCUQQ6QSKDH5DQ,CF (ItemKNN),0.0,
AEL64LN6DHJ7AWYCUQQ6QSKDH5DQ,Content (Avg Emb),0.0,
AEL64LN6DHJ7AWYCUQQ6QSKDH5DQ,Last-Item,1.0,
AEL64LN6DHJ7AWYCUQQ6QSKDH5DQ,Avg-Last-10,0.0,
AEL64LN6DHJ7AWYCUQQ6QSKDH5DQ,Recency-Weighted,0.25,
AEL64LN6DHJ7AWYCUQQ6QSKDH5DQ,Essence (K=10),0.0,
AELC2GZMPFRMXF6XSOZVBXPT7KVQ,Random,0.0,
AELC2GZMPFRMXF6XSOZVBXPT7KVQ,Popularity,0.0,
AELC2GZMPFRMXF6XSOZVBXPT7KVQ,CF (ItemKNN),0.0,
AELC2GZMPFRMXF6XSOZVBXPT7KVQ,Content (Avg Emb),0.0,
AELC2GZMPFRMXF6XSOZVBXPT7KVQ,Last-Item,0.0,
AELC2GZMPFRMXF6XSOZVBXPT7KVQ,Avg-Last-10,0.0,
AELC2GZMPFRMXF6XSOZVBXPT7KVQ,Recency-Weighted,0.0,
AELC2GZMPFRMXF6XSOZVBXPT7KVQ,Essence (K=10),0.0,
AELCOUUGDLTLAF22IRIJ67CSFFPA,Random,0.0,
AELCOUUGDLTLAF22IRIJ67CSFFPA,Popularity,0.0,
AELCOUUGDLTLAF22IRIJ67CSFFPA,CF (ItemKNN),0.0,
AELCOUUGDLTLAF22IRIJ67CSFFPA,Content (Avg Emb),0.0,
AELCOUUGDLTLAF22IRIJ67CSFFPA,Last-Item,0.0,
AELCOUUGDLTLAF22IRIJ67CSFFPA,Avg-Last-10,0.0,
AELCOUUGDLTLAF22IRIJ67CSFFPA,Recency-Weighted,0.0,
AELCOUUGDLTLAF22IRIJ67CSFFPA,Essence (K=10),0.0,
AELES7HPX6AEG7P6YDXSROLPYTTQ,Random,0.0,
AELES7HPX6AEG7P6YDXSROLPYTTQ,Popularity,0.0,
AELES7HPX6AEG7P6YDXSROLPYTTQ,CF (ItemKNN),0.0,
AELES7HPX6AEG7P6YDXSROLPYTTQ,Content (Avg Emb),0.0,
AELES7HPX6AEG7P6YDXSROLPYTTQ,Last-Item,0.0,
AELES7HPX6AEG7P6YDXSROLPYTTQ,Avg-Last-10,0.0,
AELES7HPX6AEG7P6YDXSROLPYTTQ,Recency-Weighted,0.0,
AELES7HPX6AEG7P6YDXSROLPYTTQ,Essence (K=10),0.0,
AELGBLAWJZIUP6IWJHRZSINIQD3A,Random,0.0,
AELGBLAWJZIUP6IWJHRZSINIQD3A,Popularity,0.0,
AELGBLAWJZIUP6IWJHRZSINIQD3A,CF (ItemKNN),0.0,
AELGBLAWJZIUP6IWJHRZSINIQD3A,Content (Avg Emb),0.0,
AELGBLAWJZIUP6IWJHRZSINIQD3A,Last-Item,0.0,
AELGBLAWJZIUP6IWJHRZSINIQD3A,Avg-Last-10,0.0,
AELGBLAWJZIUP6IWJHRZSINIQD3A,Recency-Weighted,0.0,
AELGBLAWJZIUP6IWJHRZSINIQD3A,Essence (K=10),0.0,
AELGLQDYQW35MOGHDDNU5ABEITBA,Random,0.0,
AELGLQDYQW35MOGHDDNU5ABEITBA,Popularity,0.0,
AELGLQDYQW35MOGHDDNU5ABEITBA,CF (ItemKNN),0.0,
AELGLQDYQW35MOGHDDNU5ABEITBA,Content (Avg Emb),0.0,
AELGLQDYQW35MOGHDDNU5ABEITBA,Last-Item,0.0,
AELGLQDYQW35MOGHDDNU5ABEITBA,Avg-Last-10,0.0,
AELGLQDYQW35MOGHDDNU5ABEITBA,Recency-Weighted,0.0,
AELGLQDYQW35MOGHDDNU5ABEITBA,Essence (K=10),0.0,
AELHQEGA2PDZGUENPQWBMI7V5B7A,Random,0.0,
AELHQEGA2PDZGUENPQWBMI7V5B7A,Popularity,0.0,
AELHQEGA2PDZGUENPQWBMI7V5B7A,CF (ItemKNN),0.0,
AELHQEGA2PDZGUENPQWBMI7V5B7A,Content (Avg Emb),0.0,
AELHQEGA2PDZGUENPQWBMI7V5B7A,Last-Item,0.0,
AELHQEGA2PDZGUENPQWBMI7V5B7A,Avg-Last-10,0.0,
AELHQEGA2PDZGUENPQWBMI7V5B7A,Recency-Weighted,0.0,
AELHQEGA2PDZGUENPQWBMI7V5B7A,Essence (K=10),0.0,
AELITT5MVTUOEB7O6WUUKTNLGZBQ,Random,0.0,0.0
AELITT5MVTUOEB7O6WUUKTNLGZBQ,Popularity,0.0,0.0
AELITT5MVTUOEB7O6WUUKTNLGZBQ,CF (ItemKNN),0.0,0.0
AELITT5MVTUOEB7O6WUUKTNLGZBQ,Content (Avg Emb),0.0,0.0
AELITT5MVTUOEB7O6WUUKTNLGZBQ,Last-Item,0.0,0.0
AELITT5MVTUOEB7O6WUUKTNLGZBQ,Avg-Last-10,0.0,0.0
AELITT5MVTUOEB7O6WUUKTNLGZBQ,Recency-Weighted,0.0,0.0
AELITT5MVTUOEB7O6WUUKTNLGZBQ,Essence (K=10),0.0,0.0
AELJLRB3VWLKQGY34EB5VYBWB62Q,Random,0.0,0.0
AELJLRB3VWLKQGY34EB5VYBWB62Q,Popularity,0.0,0.0
AELJLRB3VWLKQGY34EB5VYBWB62Q,CF (ItemKNN),0.0,0.0
AELJLRB3VWLKQGY34EB5VYBWB62Q,Content (Avg Emb),0.0,0.0
AELJLRB3VWLKQGY34EB5VYBWB62Q,Last-Item,0.0,0.0
AELJLRB3VWLKQGY34EB5VYBWB62Q,Avg-Last-10,0.0,0.0
AELJLRB3VWLKQGY34EB5VYBWB62Q,Recency-Weighted,0.0,0.0
AELJLRB3VWLKQGY34EB5VYBWB62Q,Essence (K=10),0.0,0.0
AELJUSXNG6ZIEGDMUKX7KHCT77NA,Random,0.0,0.0
AELJUSXNG6ZIEGDMUKX7KHCT77NA,Popularity,0.0,0.0
AELJUSXNG6ZIEGDMUKX7KHCT77NA,CF (ItemKNN),0.0,0.0
AELJUSXNG6ZIEGDMUKX7KHCT77NA,Content (Avg Emb),0.0,0.0
AELJUSXNG6ZIEGDMUKX7KHCT77NA,Last-Item,0.125,0.0
AELJUSXNG6ZIEGDMUKX7KHCT77NA,Avg-Last-10,0.0,0.0
AELJUSXNG6ZIEGDMUKX7KHCT77NA,Recency-Weighted,0.0,0.0
AELJUSXNG6ZIEGDMUKX7KHCT77NA,Essence (K=10),0.0,0.0
AELKTJOPR2YW5NPRPSC55LS4VIDQ,Random,0.0,
AELKTJOPR2YW5NPRPSC55LS4VIDQ,Popularity,0.0,
AELKTJOPR2YW5NPRPSC55LS4VIDQ,CF (ItemKNN),0.0,
AELKTJOPR2YW5NPRPSC55LS4VIDQ,Content (Avg Emb),0.2,
AELKTJOPR2YW5NPRPSC55LS4VIDQ,Last-Item,0.0,
AELKTJOPR2YW5NPRPSC55LS4VIDQ,Avg-Last-10,0.0,
AELKTJOPR2YW5NPRPSC55LS4VIDQ,Recency-Weighted,0.0,
AELKTJOPR2YW5NPRPSC55LS4VIDQ,Essence (K=10),0.0,
AELLULC6OLAAEUJ3YMJXR5ZODZWA,Random,0.0,0.0
AELLULC6OLAAEUJ3YMJXR5ZODZWA,Popularity,0.0,0.0
AELLULC6OLAAEUJ3YMJXR5ZODZWA,CF (ItemKNN),0.0,0.0
AELLULC6OLAAEUJ3YMJXR5ZODZWA,Content (Avg Emb),0.0,0.0
AELLULC6OLAAEUJ3YMJXR5ZODZWA,Last-Item,0.0,0.0
AELLULC6OLAAEUJ3YMJXR5ZODZWA,Avg-Last-10,0.0,0.0
AELLULC6OLAAEUJ3YMJXR5ZODZWA,Recency-Weighted,0.0,0.0
AELLULC6OLAAEUJ3YMJXR5ZODZWA,Essence (K=10),0.0,0.0
AELQSZLXS6EDB5AUSF4CH5IIFY7A,Random,0.0,0.0
AELQSZLXS6EDB5AUSF4CH5IIFY7A,Popularity,0.0,0.0
AELQSZLXS6EDB5AUSF4CH5IIFY7A,CF (ItemKNN),0.0,0.0
AELQSZLXS6EDB5AUSF4CH5IIFY7A,Content (Avg Emb),0.0,0.0
AELQSZLXS6EDB5AUSF4CH5IIFY7A,Last-Item,0.0,0.0
AELQSZLXS6EDB5AUSF4CH5IIFY7A,Avg-Last-10,0.0,0.0
AELQSZLXS6EDB5AUSF4CH5IIFY7A,Recency-Weighted,0.0,0.0
AELQSZLXS6EDB5AUSF4CH5IIFY7A,Essence (K=10),0.0,0.0
AELRPSC2MVVRXVU6EZY3W7S73R7Q,Random,0.0,0.0
AELRPSC2MVVRXVU6EZY3W7S73R7Q,Popularity,0.0,0.0
AELRPSC2MVVRXVU6EZY3W7S73R7Q,CF (ItemKNN),0.0,0.0
AELRPSC2MVVRXVU6EZY3W7S73R7Q,Content (Avg Emb),0.0,0.0
AELRPSC2MVVRXVU6EZY3W7S73R7Q,Last-Item,0.0,0.0
AELRPSC2MVVRXVU6EZY3W7S73R7Q,Avg-Last-10,0.0,0.0
AELRPSC2MVVRXVU6EZY3W7S73R7Q,Recency-Weighted,0.0,0.0
AELRPSC2MVVRXVU6EZY3W7S73R7Q,Essence (K=10),0.0,0.0
AELRZQJZOJQEPRFLWLHVV42FFYMA,Random,0.0,0.0
AELRZQJZOJQEPRFLWLHVV42FFYMA,Popularity,0.0,0.0
AELRZQJZOJQEPRFLWLHVV42FFYMA,CF (ItemKNN),0.0,0.0
AELRZQJZOJQEPRFLWLHVV42FFYMA,Content (Avg Emb),0.0,0.0
AELRZQJZOJQEPRFLWLHVV42FFYMA,Last-Item,0.0,0.0
AELRZQJZOJQEPRFLWLHVV42FFYMA,Avg-Last-10,0.0,0.0
AELRZQJZOJQEPRFLWLHVV42FFYMA,Recency-Weighted,0.0,0.0
AELRZQJZOJQEPRFLWLHVV42FFYMA,Essence (K=10),0.0,0.0
AELSYYVUZ2TUWUON32MVDB5MBJIA,Random,0.0,0.0
AELSYYVUZ2TUWUON32MVDB5MBJIA,Popularity,0.0,0.0
AELSYYVUZ2TUWUON32MVDB5MBJIA,CF (ItemKNN),0.0,0.0
AELSYYVUZ2TUWUON32MVDB5MBJIA,Content (Avg Emb),0.0,0.0
AELSYYVUZ2TUWUON32MVDB5MBJIA,Last-Item,0.0,0.0
AELSYYVUZ2TUWUON32MVDB5MBJIA,Avg-Last-10,0.0,0.0
AELSYYVUZ2TUWUON32MVDB5MBJIA,Recency-Weighted,0.0,0.0
AELSYYVUZ2TUWUON32MVDB5MBJIA,Essence (K=10),0.0,0.0
AELVIJEH3JAQ2DPTJG6WTVVDXSSA,Random,0.0,0.0
AELVIJEH3JAQ2DPTJG6WTVVDXSSA,Popularity,0.0,0.0
AELVIJEH3JAQ2DPTJG6WTVVDXSSA,CF (ItemKNN),0.0,0.0
AELVIJEH3JAQ2DPTJG6WTVVDXSSA,Content (Avg Emb),0.0,0.0
AELVIJEH3JAQ2DPTJG6WTVVDXSSA,Last-Item,0.0,0.0
AELVIJEH3JAQ2DPTJG6WTVVDXSSA,Avg-Last-10,0.0,0.0
AELVIJEH3JAQ2DPTJG6WTVVDXSSA,Recency-Weighted,0.0,0.0
AELVIJEH3JAQ2DPTJG6WTVVDXSSA,Essence (K=10),0.0,0.0
AELVNFDAM7KAUYO6BUY42LNEWOLQ,Random,0.0,0.0
AELVNFDAM7KAUYO6BUY42LNEWOLQ,Popularity,0.0,0.0
AELVNFDAM7KAUYO6BUY42LNEWOLQ,CF (ItemKNN),0.0,0.0
AELVNFDAM7KAUYO6BUY42LNEWOLQ,Content (Avg Emb),0.0,0.0
AELVNFDAM7KAUYO6BUY42LNEWOLQ,Last-Item,0.0,0.0
AELVNFDAM7KAUYO6BUY42LNEWOLQ,Avg-Last-10,0.0,0.0
AELVNFDAM7KAUYO6BUY42LNEWOLQ,Recency-Weighted,0.0,0.0
AELVNFDAM7KAUYO6BUY42LNEWOLQ,Essence (K=10),0.0,0.0
AELVNKZ57C7Q7DLHA6DZFBXJ3G4Q,Random,0.0,0.0
AELVNKZ57C7Q7DLHA6DZFBXJ3G4Q,Popularity,0.0,0.0
AELVNKZ57C7Q7DLHA6DZFBXJ3G4Q,CF (ItemKNN),0.0,0.0
AELVNKZ57C7Q7DLHA6DZFBXJ3G4Q,Content (Avg Emb),0.0,0.0
AELVNKZ57C7Q7DLHA6DZFBXJ3G4Q,Last-Item,0.0,0.0
AELVNKZ57C7Q7DLHA6DZFBXJ3G4Q,Avg-Last-10,0.0,0.0
AELVNKZ57C7Q7DLHA6DZFBXJ3G4Q,Recency-Weighted,0.0,0.0
AELVNKZ57C7Q7DLHA6DZFBXJ3G4Q,Essence (K=10),0.0,0.0
AELWQO4GH2OPNGLNRQAEHAT3MUEA,Random,0.0,0.0
AELWQO4GH2OPNGLNRQAEHAT3MUEA,Popularity,0.0,0.0
AELWQO4GH2OPNGLNRQAEHAT3MUEA,CF (ItemKNN),0.0,0.0
AELWQO4GH2OPNGLNRQAEHAT3MUEA,Content (Avg Emb),0.0,0.0
AELWQO4GH2OPNGLNRQAEHAT3MUEA,Last-Item,0.0,0.0
AELWQO4GH2OPNGLNRQAEHAT3MUEA,Avg-Last-10,0.0,0.0
AELWQO4GH2OPNGLNRQAEHAT3MUEA,Recency-Weighted,0.0,0.0
AELWQO4GH2OPNGLNRQAEHAT3MUEA,Essence (K=10),0.0,0.0
AELXQXFUCEQHFJ2JHYLADL6KSWLQ,Random,0.0,0.0
AELXQXFUCEQHFJ2JHYLADL6KSWLQ,Popularity,0.0,0.0
AELXQXFUCEQHFJ2JHYLADL6KSWLQ,CF (ItemKNN),0.0,0.0
AELXQXFUCEQHFJ2JHYLADL6KSWLQ,Content (Avg Emb),0.0,0.0
AELXQXFUCEQHFJ2JHYLADL6KSWLQ,Last-Item,0.0,0.0
AELXQXFUCEQHFJ2JHYLADL6KSWLQ,Avg-Last-10,0.0,0.0
AELXQXFUCEQHFJ2JHYLADL6KSWLQ,Recency-Weighted,0.0,0.0
AELXQXFUCEQHFJ2JHYLADL6KSWLQ,Essence (K=10),0.0,0.0
AEM2JOOSW46ENPFRBP6XX33XHILA,Random,0.0,0.0
AEM2JOOSW46ENPFRBP6XX33XHILA,Popularity,0.0,0.0
AEM2JOOSW46ENPFRBP6XX33XHILA,CF (ItemKNN),0.0,0.0
AEM2JOOSW46ENPFRBP6XX33XHILA,Content (Avg Emb),0.2,0.0
AEM2JOOSW46ENPFRBP6XX33XHILA,Last-Item,0.0,0.0
AEM2JOOSW46ENPFRBP6XX33XHILA,Avg-Last-10,0.0,0.0
AEM2JOOSW46ENPFRBP6XX33XHILA,Recency-Weighted,0.0,0.0
AEM2JOOSW46ENPFRBP6XX33XHILA,Essence (K=10),0.2,0.0
AEM5XSNLUH7OMVIVBXWENAHEVYOQ,Random,0.0,
AEM5XSNLUH7OMVIVBXWENAHEVYOQ,Popularity,0.0,
AEM5XSNLUH7OMVIVBXWENAHEVYOQ,CF (ItemKNN),0.0,
AEM5XSNLUH7OMVIVBXWENAHEVYOQ,Content (Avg Emb),0.25,
AEM5XSNLUH7OMVIVBXWENAHEVYOQ,Last-Item,0.25,
AEM5XSNLUH7OMVIVBXWENAHEVYOQ,Avg-Last-10,0.0,
AEM5XSNLUH7OMVIVBXWENAHEVYOQ,Recency-Weighted,0.0,
AEM5XSNLUH7OMVIVBXWENAHEVYOQ,Essence (K=10),0.25,
AEMDXXRY3UTW66LLB2OM62OQBA6Q,Random,0.0,
AEMDXXRY3UTW66LLB2OM62OQBA6Q,Popularity,0.0,
AEMDXXRY3UTW66LLB2OM62OQBA6Q,CF (ItemKNN),0.0,
AEMDXXRY3UTW66LLB2OM62OQBA6Q,Content (Avg Emb),0.0,
AEMDXXRY3UTW66LLB2OM62OQBA6Q,Last-Item,0.0,
AEMDXXRY3UTW66LLB2OM62OQBA6Q,Avg-Last-10,0.0,
AEMDXXRY3UTW66LLB2OM62OQBA6Q,Recency-Weighted,0.0,
AEMDXXRY3UTW66LLB2OM62OQBA6Q,Essence (K=10),0.0,
AEMJKACDQYJV2FVUITOHKN7S3NWA,Random,0.0,0.0
AEMJKACDQYJV2FVUITOHKN7S3NWA,Popularity,0.0,0.0
AEMJKACDQYJV2FVUITOHKN7S3NWA,CF (ItemKNN),0.0,0.0
AEMJKACDQYJV2FVUITOHKN7S3NWA,Content (Avg Emb),0.0,0.0
AEMJKACDQYJV2FVUITOHKN7S3NWA,Last-Item,0.0,0.0
AEMJKACDQYJV2FVUITOHKN7S3NWA,Avg-Last-10,0.0,0.0
AEMJKACDQYJV2FVUITOHKN7S3NWA,Recency-Weighted,0.0,0.0
AEMJKACDQYJV2FVUITOHKN7S3NWA,Essence (K=10),0.0,0.0
AEMQUGJ4JTD7AFLV7ETZLEFA5W4A,Random,0.0,0.0
AEMQUGJ4JTD7AFLV7ETZLEFA5W4A,Popularity,0.0,0.0
AEMQUGJ4JTD7AFLV7ETZLEFA5W4A,CF (ItemKNN),0.0,0.0
AEMQUGJ4JTD7AFLV7ETZLEFA5W4A,Content (Avg Emb),0.2,0.0
AEMQUGJ4JTD7AFLV7ETZLEFA5W4A,Last-Item,0.0,0.0
AEMQUGJ4JTD7AFLV7ETZLEFA5W4A,Avg-Last-10,0.2,0.5
AEMQUGJ4JTD7AFLV7ETZLEFA5W4A,Recency-Weighted,0.0,0.0
AEMQUGJ4JTD7AFLV7ETZLEFA5W4A,Essence (K=10),0.2,0.0
AEMT2XEYEIN4GZS3I5KE35AW4KMA,Random,0.0,0.0
AEMT2XEYEIN4GZS3I5KE35AW4KMA,Popularity,0.0,0.0
AEMT2XEYEIN4GZS3I5KE35AW4KMA,CF (ItemKNN),0.09090909090909091,0.25
AEMT2XEYEIN4GZS3I5KE35AW4KMA,Content (Avg Emb),0.0,0.0
AEMT2XEYEIN4GZS3I5KE35AW4KMA,Last-Item,0.0,0.0
AEMT2XEYEIN4GZS3I5KE35AW4KMA,Avg-Last-10,0.0,0.0
AEMT2XEYEIN4GZS3I5KE35AW4KMA,Recency-Weighted,0.0,0.0
AEMT2XEYEIN4GZS3I5KE35AW4KMA,Essence (K=10),0.0,0.0
AEMYF7LJD6GDFJKZG7H6A27BRPXQ,Random,0.0,
AEMYF7LJD6GDFJKZG7H6A27BRPXQ,Popularity,0.0,
AEMYF7LJD6GDFJKZG7H6A27BRPXQ,CF (ItemKNN),0.0,
AEMYF7LJD6GDFJKZG7H6A27BRPXQ,Content (Avg Emb),0.0,
AEMYF7LJD6GDFJKZG7H6A27BRPXQ,Last-Item,0.0,
AEMYF7LJD6GDFJKZG7H6A27BRPXQ,Avg-Last-10,0.0,
AEMYF7LJD6GDFJKZG7H6A27BRPXQ,Recency-Weighted,0.0,
AEMYF7LJD6GDFJKZG7H6A27BRPXQ,Essence (K=10),0.0,
AEMYGALWAPFDRZEQ7UTDJGRY63BQ,Random,0.0,0.0
AEMYGALWAPFDRZEQ7UTDJGRY63BQ,Popularity,0.0,0.0
AEMYGALWAPFDRZEQ7UTDJGRY63BQ,CF (ItemKNN),0.0,0.0
AEMYGALWAPFDRZEQ7UTDJGRY63BQ,Content (Avg Emb),0.0,0.0
AEMYGALWAPFDRZEQ7UTDJGRY63BQ,Last-Item,0.0,0.0
AEMYGALWAPFDRZEQ7UTDJGRY63BQ,Avg-Last-10,0.0,0.0
AEMYGALWAPFDRZEQ7UTDJGRY63BQ,Recency-Weighted,0.0,0.0
AEMYGALWAPFDRZEQ7UTDJGRY63BQ,Essence (K=10),0.0,0.0
AEN2D3RDKA6FTPJSOBI44GQ5VGPA,Random,0.0,
AEN2D3RDKA6FTPJSOBI44GQ5VGPA,Popularity,0.0,
AEN2D3RDKA6FTPJSOBI44GQ5VGPA,CF (ItemKNN),0.0,
AEN2D3RDKA6FTPJSOBI44GQ5VGPA,Content (Avg Emb),0.0,
AEN2D3RDKA6FTPJSOBI44GQ5VGPA,Last-Item,0.0,
AEN2D3RDKA6FTPJSOBI44GQ5VGPA,Avg-Last-10,0.0,
AEN2D3RDKA6FTPJSOBI44GQ5VGPA,Recency-Weighted,0.0,
AEN2D3RDKA6FTPJSOBI44GQ5VGPA,Essence (K=10),0.0,
AEN3VYHNYIP5BQDDYOUU5WDO2GAA,Random,0.0,0.0
AEN3VYHNYIP5BQDDYOUU5WDO2GAA,Popularity,0.0,0.0
AEN3VYHNYIP5BQDDYOUU5WDO2GAA,CF (ItemKNN),0.0,0.0
AEN3VYHNYIP5BQDDYOUU5WDO2GAA,Content (Avg Emb),0.0,0.0
AEN3VYHNYIP5BQDDYOUU5WDO2GAA,Last-Item,0.0,0.0
AEN3VYHNYIP5BQDDYOUU5WDO2GAA,Avg-Last-10,0.0,0.0
AEN3VYHNYIP5BQDDYOUU5WDO2GAA,Recency-Weighted,0.0,0.0
AEN3VYHNYIP5BQDDYOUU5WDO2GAA,Essence (K=10),0.0,0.0
AENAXFURIVRWPAIR67C3UDN4BC2Q,Random,0.0,0.0
AENAXFURIVRWPAIR67C3UDN4BC2Q,Popularity,0.0,0.0
AENAXFURIVRWPAIR67C3UDN4BC2Q,CF (ItemKNN),0.0,0.0
AENAXFURIVRWPAIR67C3UDN4BC2Q,Content (Avg Emb),0.0,0.0
AENAXFURIVRWPAIR67C3UDN4BC2Q,Last-Item,0.0,0.0
AENAXFURIVRWPAIR67C3UDN4BC2Q,Avg-Last-10,0.0,0.0
AENAXFURIVRWPAIR67C3UDN4BC2Q,Recency-Weighted,0.0,0.0
AENAXFURIVRWPAIR67C3UDN4BC2Q,Essence (K=10),0.0,0.0
AENDHV7GDD5O6T5GOGIHOMDGT6SQ,Random,0.0,0.0
AENDHV7GDD5O6T5GOGIHOMDGT6SQ,Popularity,0.0,0.0
AENDHV7GDD5O6T5GOGIHOMDGT6SQ,CF (ItemKNN),0.0,0.0
AENDHV7GDD5O6T5GOGIHOMDGT6SQ,Content (Avg Emb),0.0,0.0
AENDHV7GDD5O6T5GOGIHOMDGT6SQ,Last-Item,0.1111111111111111,0.0
AENDHV7GDD5O6T5GOGIHOMDGT6SQ,Avg-Last-10,0.0,0.0
AENDHV7GDD5O6T5GOGIHOMDGT6SQ,Recency-Weighted,0.0,0.0
AENDHV7GDD5O6T5GOGIHOMDGT6SQ,Essence (K=10),0.0,0.0
AENFHZROPSHQJPARATBU36CFTBUQ,Random,0.0,0.0
AENFHZROPSHQJPARATBU36CFTBUQ,Popularity,0.0,0.0
AENFHZROPSHQJPARATBU36CFTBUQ,CF (ItemKNN),0.0,0.0
AENFHZROPSHQJPARATBU36CFTBUQ,Content (Avg Emb),0.0,0.0
AENFHZROPSHQJPARATBU36CFTBUQ,Last-Item,0.0,0.0
AENFHZROPSHQJPARATBU36CFTBUQ,Avg-Last-10,0.0,0.0
AENFHZROPSHQJPARATBU36CFTBUQ,Recency-Weighted,0.0,0.0
AENFHZROPSHQJPARATBU36CFTBUQ,Essence (K=10),0.0,0.0
AENLB336GDFY2WPXEU63GGD2MXMA,Random,0.0,0.0
AENLB336GDFY2WPXEU63GGD2MXMA,Popularity,0.0,0.0
AENLB336GDFY2WPXEU63GGD2MXMA,CF (ItemKNN),0.0,0.0
AENLB336GDFY2WPXEU63GGD2MXMA,Content (Avg Emb),0.0,0.0
AENLB336GDFY2WPXEU63GGD2MXMA,Last-Item,0.0,0.0
AENLB336GDFY2WPXEU63GGD2MXMA,Avg-Last-10,0.0,0.0
AENLB336GDFY2WPXEU63GGD2MXMA,Recency-Weighted,0.0,0.0
AENLB336GDFY2WPXEU63GGD2MXMA,Essence (K=10),0.0,0.0
AENOPNVA4HE4IFZNYKKUFIDMQOZQ,Random,0.0,0.0
AENOPNVA4HE4IFZNYKKUFIDMQOZQ,Popularity,0.0,0.0
AENOPNVA4HE4IFZNYKKUFIDMQOZQ,CF (ItemKNN),0.0,0.0
AENOPNVA4HE4IFZNYKKUFIDMQOZQ,Content (Avg Emb),0.0,0.0
AENOPNVA4HE4IFZNYKKUFIDMQOZQ,Last-Item,0.0,0.0
AENOPNVA4HE4IFZNYKKUFIDMQOZQ,Avg-Last-10,0.0,0.0
AENOPNVA4HE4IFZNYKKUFIDMQOZQ,Recency-Weighted,0.0,0.0
AENOPNVA4HE4IFZNYKKUFIDMQOZQ,Essence (K=10),0.0,0.0
AENPO2ELMMXL4EL76H34B4BJFO7A,Random,0.0,0.0
AENPO2ELMMXL4EL76H34B4BJFO7A,Popularity,0.0,0.0
AENPO2ELMMXL4EL76H34B4BJFO7A,CF (ItemKNN),0.0,0.0
AENPO2ELMMXL4EL76H34B4BJFO7A,Content (Avg Emb),0.0,0.0
AENPO2ELMMXL4EL76H34B4BJFO7A,Last-Item,0.0,0.0
AENPO2ELMMXL4EL76H34B4BJFO7A,Avg-Last-10,0.0,0.0
AENPO2ELMMXL4EL76H34B4BJFO7A,Recency-Weighted,0.0,0.0
AENPO2ELMMXL4EL76H34B4BJFO7A,Essence (K=10),0.0,0.0
AENPREERA3ZKNJIYBUYKB5RYIDJQ,Random,0.0,
AENPREERA3ZKNJIYBUYKB5RYIDJQ,Popularity,0.0,
AENPREERA3ZKNJIYBUYKB5RYIDJQ,CF (ItemKNN),0.0,
AENPREERA3ZKNJIYBUYKB5RYIDJQ,Content (Avg Emb),0.0,
AENPREERA3ZKNJIYBUYKB5RYIDJQ,Last-Item,0.5,
AENPREERA3ZKNJIYBUYKB5RYIDJQ,Avg-Last-10,0.0,
AENPREERA3ZKNJIYBUYKB5RYIDJQ,Recency-Weighted,0.0,
AENPREERA3ZKNJIYBUYKB5RYIDJQ,Essence (K=10),0.0,
AENRW7VZGOLP4FOPRC2SERIOSLVA,Random,0.0,
AENRW7VZGOLP4FOPRC2SERIOSLVA,Popularity,0.0,
AENRW7VZGOLP4FOPRC2SERIOSLVA,CF (ItemKNN),0.0,
AENRW7VZGOLP4FOPRC2SERIOSLVA,Content (Avg Emb),0.0,
AENRW7VZGOLP4FOPRC2SERIOSLVA,Last-Item,0.0,
AENRW7VZGOLP4FOPRC2SERIOSLVA,Avg-Last-10,0.0,
AENRW7VZGOLP4FOPRC2SERIOSLVA,Recency-Weighted,0.0,
AENRW7VZGOLP4FOPRC2SERIOSLVA,Essence (K=10),0.0,
AENWIVUMSWJ7FC4R6YXLE6OQ4VTA,Random,0.0,
AENWIVUMSWJ7FC4R6YXLE6OQ4VTA,Popularity,0.0,
AENWIVUMSWJ7FC4R6YXLE6OQ4VTA,CF (ItemKNN),0.0,
AENWIVUMSWJ7FC4R6YXLE6OQ4VTA,Content (Avg Emb),0.0,
AENWIVUMSWJ7FC4R6YXLE6OQ4VTA,Last-Item,0.0,
AENWIVUMSWJ7FC4R6YXLE6OQ4VTA,Avg-Last-10,0.0,
AENWIVUMSWJ7FC4R6YXLE6OQ4VTA,Recency-Weighted,0.0,
AENWIVUMSWJ7FC4R6YXLE6OQ4VTA,Essence (K=10),0.0,
AENXPYF25JPHDMTOVU7PV5XZL6BA,Random,0.0,0.0
AENXPYF25JPHDMTOVU7PV5XZL6BA,Popularity,0.0,0.0
AENXPYF25JPHDMTOVU7PV5XZL6BA,CF (ItemKNN),0.0,0.0
AENXPYF25JPHDMTOVU7PV5XZL6BA,Content (Avg Emb),0.0,0.0
AENXPYF25JPHDMTOVU7PV5XZL6BA,Last-Item,0.0,0.0
AENXPYF25JPHDMTOVU7PV5XZL6BA,Avg-Last-10,0.0,0.0
AENXPYF25JPHDMTOVU7PV5XZL6BA,Recency-Weighted,0.0,0.0
AENXPYF25JPHDMTOVU7PV5XZL6BA,Essence (K=10),0.0,0.0
AEO3V6QEVI6RWUKVT2JDK43FEIVQ,Random,0.0,0.0
AEO3V6QEVI6RWUKVT2JDK43FEIVQ,Popularity,0.0,0.0
AEO3V6QEVI6RWUKVT2JDK43FEIVQ,CF (ItemKNN),0.0,0.0
AEO3V6QEVI6RWUKVT2JDK43FEIVQ,Content (Avg Emb),0.0,0.0
AEO3V6QEVI6RWUKVT2JDK43FEIVQ,Last-Item,0.0,0.0
AEO3V6QEVI6RWUKVT2JDK43FEIVQ,Avg-Last-10,0.0,0.0
AEO3V6QEVI6RWUKVT2JDK43FEIVQ,Recency-Weighted,0.0,0.0
AEO3V6QEVI6RWUKVT2JDK43FEIVQ,Essence (K=10),0.0,0.0
AEO54OMT5RL7P35ZKFNYPYQPSY5Q,Random,0.0,0.0
AEO54OMT5RL7P35ZKFNYPYQPSY5Q,Popularity,0.0,0.0
AEO54OMT5RL7P35ZKFNYPYQPSY5Q,CF (ItemKNN),0.0,0.0
AEO54OMT5RL7P35ZKFNYPYQPSY5Q,Content (Avg Emb),0.0,0.0
AEO54OMT5RL7P35ZKFNYPYQPSY5Q,Last-Item,0.0,0.0
AEO54OMT5RL7P35ZKFNYPYQPSY5Q,Avg-Last-10,0.0,0.0
AEO54OMT5RL7P35ZKFNYPYQPSY5Q,Recency-Weighted,0.0,0.0
AEO54OMT5RL7P35ZKFNYPYQPSY5Q,Essence (K=10),0.0,0.0
AEO6KC4TKWDZKZSNCTF34AXXIZJA,Random,0.0,0.0
AEO6KC4TKWDZKZSNCTF34AXXIZJA,Popularity,0.0,0.0
AEO6KC4TKWDZKZSNCTF34AXXIZJA,CF (ItemKNN),0.0,0.0
AEO6KC4TKWDZKZSNCTF34AXXIZJA,Content (Avg Emb),0.0,0.0
AEO6KC4TKWDZKZSNCTF34AXXIZJA,Last-Item,0.07142857142857142,0.2
AEO6KC4TKWDZKZSNCTF34AXXIZJA,Avg-Last-10,0.14285714285714285,0.4
AEO6KC4TKWDZKZSNCTF34AXXIZJA,Recency-Weighted,0.14285714285714285,0.2
AEO6KC4TKWDZKZSNCTF34AXXIZJA,Essence (K=10),0.14285714285714285,0.2
AEO7DZDMAV2DO7Q4PGHTXI6MATXA,Random,0.0,0.0
AEO7DZDMAV2DO7Q4PGHTXI6MATXA,Popularity,0.0,0.0
AEO7DZDMAV2DO7Q4PGHTXI6MATXA,CF (ItemKNN),0.0,0.0
AEO7DZDMAV2DO7Q4PGHTXI6MATXA,Content (Avg Emb),0.0,0.0
AEO7DZDMAV2DO7Q4PGHTXI6MATXA,Last-Item,0.0,0.0
AEO7DZDMAV2DO7Q4PGHTXI6MATXA,Avg-Last-10,0.0,0.0
AEO7DZDMAV2DO7Q4PGHTXI6MATXA,Recency-Weighted,0.0,0.0
AEO7DZDMAV2DO7Q4PGHTXI6MATXA,Essence (K=10),0.0,0.0
AEO7IE36RLN4Z52AYXMRGKDZDINA,Random,0.0,0.0
AEO7IE36RLN4Z52AYXMRGKDZDINA,Popularity,0.0,0.0
AEO7IE36RLN4Z52AYXMRGKDZDINA,CF (ItemKNN),0.0,0.0
AEO7IE36RLN4Z52AYXMRGKDZDINA,Content (Avg Emb),0.0,0.0
AEO7IE36RLN4Z52AYXMRGKDZDINA,Last-Item,0.0,0.0
AEO7IE36RLN4Z52AYXMRGKDZDINA,Avg-Last-10,0.0,0.0
AEO7IE36RLN4Z52AYXMRGKDZDINA,Recency-Weighted,0.0,0.0
AEO7IE36RLN4Z52AYXMRGKDZDINA,Essence (K=10),0.0,0.0
AEOBFCF5IRKHITXMGEEUCKBRJMFA,Random,0.0,0.0
AEOBFCF5IRKHITXMGEEUCKBRJMFA,Popularity,0.0,0.0
AEOBFCF5IRKHITXMGEEUCKBRJMFA,CF (ItemKNN),0.0,0.0
AEOBFCF5IRKHITXMGEEUCKBRJMFA,Content (Avg Emb),0.0,0.0
AEOBFCF5IRKHITXMGEEUCKBRJMFA,Last-Item,0.0,0.0
AEOBFCF5IRKHITXMGEEUCKBRJMFA,Avg-Last-10,0.0,0.0
AEOBFCF5IRKHITXMGEEUCKBRJMFA,Recency-Weighted,0.0,0.0
AEOBFCF5IRKHITXMGEEUCKBRJMFA,Essence (K=10),0.0,0.0
AEOKG7XFC5SBZHGWOHSBCS7FTODA,Random,0.0,
AEOKG7XFC5SBZHGWOHSBCS7FTODA,Popularity,0.0,
AEOKG7XFC5SBZHGWOHSBCS7FTODA,CF (ItemKNN),0.0,
AEOKG7XFC5SBZHGWOHSBCS7FTODA,Content (Avg Emb),0.0,
AEOKG7XFC5SBZHGWOHSBCS7FTODA,Last-Item,0.0,
AEOKG7XFC5SBZHGWOHSBCS7FTODA,Avg-Last-10,0.0,
AEOKG7XFC5SBZHGWOHSBCS7FTODA,Recency-Weighted,0.0,
AEOKG7XFC5SBZHGWOHSBCS7FTODA,Essence (K=10),0.0,
AEON6OL3UZZULFAMAKAKGH36LVKA,Random,0.0,
AEON6OL3UZZULFAMAKAKGH36LVKA,Popularity,0.0,
AEON6OL3UZZULFAMAKAKGH36LVKA,CF (ItemKNN),0.0,
AEON6OL3UZZULFAMAKAKGH36LVKA,Content (Avg Emb),0.0,
AEON6OL3UZZULFAMAKAKGH36LVKA,Last-Item,0.0,
AEON6OL3UZZULFAMAKAKGH36LVKA,Avg-Last-10,0.0,
AEON6OL3UZZULFAMAKAKGH36LVKA,Recency-Weighted,0.0,
AEON6OL3UZZULFAMAKAKGH36LVKA,Essence (K=10),0.0,
AEOOQFRSTTPE5YVOMOO2NMENASJQ,Random,0.0,0.0
AEOOQFRSTTPE5YVOMOO2NMENASJQ,Popularity,0.0,0.0
AEOOQFRSTTPE5YVOMOO2NMENASJQ,CF (ItemKNN),0.0,0.0
AEOOQFRSTTPE5YVOMOO2NMENASJQ,Content (Avg Emb),0.0,0.0
AEOOQFRSTTPE5YVOMOO2NMENASJQ,Last-Item,0.0,0.0
AEOOQFRSTTPE5YVOMOO2NMENASJQ,Avg-Last-10,0.0,0.0
AEOOQFRSTTPE5YVOMOO2NMENASJQ,Recency-Weighted,0.0,0.0
AEOOQFRSTTPE5YVOMOO2NMENASJQ,Essence (K=10),0.0,0.0
AEOQSFNOOPLE25PSW7TJDYR75RLA,Random,0.0,0.0
AEOQSFNOOPLE25PSW7TJDYR75RLA,Popularity,0.0,0.0
AEOQSFNOOPLE25PSW7TJDYR75RLA,CF (ItemKNN),0.0,0.0
AEOQSFNOOPLE25PSW7TJDYR75RLA,Content (Avg Emb),0.0,0.0
AEOQSFNOOPLE25PSW7TJDYR75RLA,Last-Item,0.16666666666666666,0.0
AEOQSFNOOPLE25PSW7TJDYR75RLA,Avg-Last-10,0.0,0.0
AEOQSFNOOPLE25PSW7TJDYR75RLA,Recency-Weighted,0.0,0.0
AEOQSFNOOPLE25PSW7TJDYR75RLA,Essence (K=10),0.16666666666666666,0.0
AEORWMCVXJ2TXO4J3UBXD7ZJXC6A,Random,0.0,0.0
AEORWMCVXJ2TXO4J3UBXD7ZJXC6A,Popularity,0.0,0.0
AEORWMCVXJ2TXO4J3UBXD7ZJXC6A,CF (ItemKNN),0.0,0.0
AEORWMCVXJ2TXO4J3UBXD7ZJXC6A,Content (Avg Emb),0.0,0.0
AEORWMCVXJ2TXO4J3UBXD7ZJXC6A,Last-Item,0.0,0.0
AEORWMCVXJ2TXO4J3UBXD7ZJXC6A,Avg-Last-10,0.0,0.0
AEORWMCVXJ2TXO4J3UBXD7ZJXC6A,Recency-Weighted,0.0,0.0
AEORWMCVXJ2TXO4J3UBXD7ZJXC6A,Essence (K=10),0.0,0.0
AEOVTTXDEOUUSOHQLVOAIL6T6Q4Q,Random,0.0,0.0
AEOVTTXDEOUUSOHQLVOAIL6T6Q4Q,Popularity,0.0,0.0
AEOVTTXDEOUUSOHQLVOAIL6T6Q4Q,CF (ItemKNN),0.0,0.0
AEOVTTXDEOUUSOHQLVOAIL6T6Q4Q,Content (Avg Emb),0.0,0.0
AEOVTTXDEOUUSOHQLVOAIL6T6Q4Q,Last-Item,0.0,0.0
AEOVTTXDEOUUSOHQLVOAIL6T6Q4Q,Avg-Last-10,0.0,0.0
AEOVTTXDEOUUSOHQLVOAIL6T6Q4Q,Recency-Weighted,0.0,0.0
AEOVTTXDEOUUSOHQLVOAIL6T6Q4Q,Essence (K=10),0.0,0.0
AEOX5ECCL54YZKJGNTRHHPZ7UIFQ,Random,0.0,
AEOX5ECCL54YZKJGNTRHHPZ7UIFQ,Popularity,0.0,
AEOX5ECCL54YZKJGNTRHHPZ7UIFQ,CF (ItemKNN),0.0,
AEOX5ECCL54YZKJGNTRHHPZ7UIFQ,Content (Avg Emb),0.0,
AEOX5ECCL54YZKJGNTRHHPZ7UIFQ,Last-Item,0.0,
AEOX5ECCL54YZKJGNTRHHPZ7UIFQ,Avg-Last-10,0.0,
AEOX5ECCL54YZKJGNTRHHPZ7UIFQ,Recency-Weighted,0.0,
AEOX5ECCL54YZKJGNTRHHPZ7UIFQ,Essence (K=10),0.0,
AEOYOYPGZUPBUXCX5ONEM4Q32XYA,Random,0.0,0.0
AEOYOYPGZUPBUXCX5ONEM4Q32XYA,Popularity,0.0,0.0
AEOYOYPGZUPBUXCX5ONEM4Q32XYA,CF (ItemKNN),0.0,0.0
AEOYOYPGZUPBUXCX5ONEM4Q32XYA,Content (Avg Emb),0.0,0.0
AEOYOYPGZUPBUXCX5ONEM4Q32XYA,Last-Item,0.0,0.0
AEOYOYPGZUPBUXCX5ONEM4Q32XYA,Avg-Last-10,0.0,0.0
AEOYOYPGZUPBUXCX5ONEM4Q32XYA,Recency-Weighted,0.0,0.0
AEOYOYPGZUPBUXCX5ONEM4Q32XYA,Essence (K=10),0.0,0.0
AEP443VB3FCHYRB6PHOFFDEVHAXA,Random,0.0,
AEP443VB3FCHYRB6PHOFFDEVHAXA,Popularity,0.0,
AEP443VB3FCHYRB6PHOFFDEVHAXA,CF (ItemKNN),0.0,
AEP443VB3FCHYRB6PHOFFDEVHAXA,Content (Avg Emb),0.0,
AEP443VB3FCHYRB6PHOFFDEVHAXA,Last-Item,0.0,
AEP443VB3FCHYRB6PHOFFDEVHAXA,Avg-Last-10,0.0,
AEP443VB3FCHYRB6PHOFFDEVHAXA,Recency-Weighted,0.0,
AEP443VB3FCHYRB6PHOFFDEVHAXA,Essence (K=10),0.0,
AEP5AXTQZ47H3FJCI4NXEXYOTJBQ,Random,0.0,
AEP5AXTQZ47H3FJCI4NXEXYOTJBQ,Popularity,0.0,
AEP5AXTQZ47H3FJCI4NXEXYOTJBQ,CF (ItemKNN),0.0,
AEP5AXTQZ47H3FJCI4NXEXYOTJBQ,Content (Avg Emb),0.4,
AEP5AXTQZ47H3FJCI4NXEXYOTJBQ,Last-Item,0.2,
AEP5AXTQZ47H3FJCI4NXEXYOTJBQ,Avg-Last-10,0.4,
AEP5AXTQZ47H3FJCI4NXEXYOTJBQ,Recency-Weighted,0.4,
AEP5AXTQZ47H3FJCI4NXEXYOTJBQ,Essence (K=10),0.4,
AEPBHN5E4XZIVPUP62XYD63D7G7Q,Random,0.0,
AEPBHN5E4XZIVPUP62XYD63D7G7Q,Popularity,0.0,
AEPBHN5E4XZIVPUP62XYD63D7G7Q,CF (ItemKNN),0.0,
AEPBHN5E4XZIVPUP62XYD63D7G7Q,Content (Avg Emb),0.0,
AEPBHN5E4XZIVPUP62XYD63D7G7Q,Last-Item,0.0,
AEPBHN5E4XZIVPUP62XYD63D7G7Q,Avg-Last-10,0.0,
AEPBHN5E4XZIVPUP62XYD63D7G7Q,Recency-Weighted,0.0,
AEPBHN5E4XZIVPUP62XYD63D7G7Q,Essence (K=10),0.0,
AEPBLF25JMO3QELTD5FN4MONGK5Q,Random,0.0,0.0
AEPBLF25JMO3QELTD5FN4MONGK5Q,Popularity,0.0,0.0
AEPBLF25JMO3QELTD5FN4MONGK5Q,CF (ItemKNN),0.0,0.0
AEPBLF25JMO3QELTD5FN4MONGK5Q,Content (Avg Emb),0.0,0.0
AEPBLF25JMO3QELTD5FN4MONGK5Q,Last-Item,0.3333333333333333,0.0
AEPBLF25JMO3QELTD5FN4MONGK5Q,Avg-Last-10,0.0,0.0
AEPBLF25JMO3QELTD5FN4MONGK5Q,Recency-Weighted,0.0,0.0
AEPBLF25JMO3QELTD5FN4MONGK5Q,Essence (K=10),0.0,0.0
AEPCUUEX4ZGPNG3Z6WL2XPCRQSPA,Random,0.0,
AEPCUUEX4ZGPNG3Z6WL2XPCRQSPA,Popularity,0.0,
AEPCUUEX4ZGPNG3Z6WL2XPCRQSPA,CF (ItemKNN),0.0,
AEPCUUEX4ZGPNG3Z6WL2XPCRQSPA,Content (Avg Emb),0.0,
AEPCUUEX4ZGPNG3Z6WL2XPCRQSPA,Last-Item,0.0,
AEPCUUEX4ZGPNG3Z6WL2XPCRQSPA,Avg-Last-10,0.0,
AEPCUUEX4ZGPNG3Z6WL2XPCRQSPA,Recency-Weighted,0.0,
AEPCUUEX4ZGPNG3Z6WL2XPCRQSPA,Essence (K=10),0.0,
AEPHOC3WFI2KNHT4K7JDCEBP2YFA,Random,0.0,
AEPHOC3WFI2KNHT4K7JDCEBP2YFA,Popularity,0.0,
AEPHOC3WFI2KNHT4K7JDCEBP2YFA,CF (ItemKNN),0.0,
AEPHOC3WFI2KNHT4K7JDCEBP2YFA,Content (Avg Emb),0.0,
AEPHOC3WFI2KNHT4K7JDCEBP2YFA,Last-Item,0.0,
AEPHOC3WFI2KNHT4K7JDCEBP2YFA,Avg-Last-10,0.0,
AEPHOC3WFI2KNHT4K7JDCEBP2YFA,Recency-Weighted,0.0,
AEPHOC3WFI2KNHT4K7JDCEBP2YFA,Essence (K=10),0.0,
AEPLHCEMDY74XNN6GUSZWQ74YQEA,Random,0.0,0.0
AEPLHCEMDY74XNN6GUSZWQ74YQEA,Popularity,0.0,0.0
AEPLHCEMDY74XNN6GUSZWQ74YQEA,CF (ItemKNN),0.0,0.0
AEPLHCEMDY74XNN6GUSZWQ74YQEA,Content (Avg Emb),0.0,0.0
AEPLHCEMDY74XNN6GUSZWQ74YQEA,Last-Item,0.0,0.0
AEPLHCEMDY74XNN6GUSZWQ74YQEA,Avg-Last-10,0.0,0.0
AEPLHCEMDY74XNN6GUSZWQ74YQEA,Recency-Weighted,0.0,0.0
AEPLHCEMDY74XNN6GUSZWQ74YQEA,Essence (K=10),0.0,0.0
AEPLKY7XEVTVJTKHKQ77XVNLBYKQ,Random,0.0,0.0
AEPLKY7XEVTVJTKHKQ77XVNLBYKQ,Popularity,0.0,0.0
AEPLKY7XEVTVJTKHKQ77XVNLBYKQ,CF (ItemKNN),0.0,0.0
AEPLKY7XEVTVJTKHKQ77XVNLBYKQ,Content (Avg Emb),0.0,0.0
AEPLKY7XEVTVJTKHKQ77XVNLBYKQ,Last-Item,0.0,0.0
AEPLKY7XEVTVJTKHKQ77XVNLBYKQ,Avg-Last-10,0.0,0.0
AEPLKY7XEVTVJTKHKQ77XVNLBYKQ,Recency-Weighted,0.0,0.0
AEPLKY7XEVTVJTKHKQ77XVNLBYKQ,Essence (K=10),0.0,0.0
AEPPAZ4I3Y3BV3ZGJHOG24W6VYSQ,Random,0.0,0.0
AEPPAZ4I3Y3BV3ZGJHOG24W6VYSQ,Popularity,0.0,0.0
AEPPAZ4I3Y3BV3ZGJHOG24W6VYSQ,CF (ItemKNN),0.0,0.0
AEPPAZ4I3Y3BV3ZGJHOG24W6VYSQ,Content (Avg Emb),0.0,0.0
AEPPAZ4I3Y3BV3ZGJHOG24W6VYSQ,Last-Item,0.0,0.0
AEPPAZ4I3Y3BV3ZGJHOG24W6VYSQ,Avg-Last-10,0.0,0.0
AEPPAZ4I3Y3BV3ZGJHOG24W6VYSQ,Recency-Weighted,0.0,0.0
AEPPAZ4I3Y3BV3ZGJHOG24W6VYSQ,Essence (K=10),0.0,0.0
AEPZQT4THCZDHYYJTUUTNLDQNNOA,Random,0.0,0.0
AEPZQT4THCZDHYYJTUUTNLDQNNOA,Popularity,0.0,0.0
AEPZQT4THCZDHYYJTUUTNLDQNNOA,CF (ItemKNN),0.0,0.0
AEPZQT4THCZDHYYJTUUTNLDQNNOA,Content (Avg Emb),0.0,0.0
AEPZQT4THCZDHYYJTUUTNLDQNNOA,Last-Item,0.1,0.0
AEPZQT4THCZDHYYJTUUTNLDQNNOA,Avg-Last-10,0.1,0.0
AEPZQT4THCZDHYYJTUUTNLDQNNOA,Recency-Weighted,0.1,0.0
AEPZQT4THCZDHYYJTUUTNLDQNNOA,Essence (K=10),0.1,0.0
AEQ4TRRSS4XCXDHEMZEWGI5DUYAQ,Random,0.0,0.0
AEQ4TRRSS4XCXDHEMZEWGI5DUYAQ,Popularity,0.0,0.0
AEQ4TRRSS4XCXDHEMZEWGI5DUYAQ,CF (ItemKNN),0.0,0.0
AEQ4TRRSS4XCXDHEMZEWGI5DUYAQ,Content (Avg Emb),0.0,0.0
AEQ4TRRSS4XCXDHEMZEWGI5DUYAQ,Last-Item,0.0,0.0
AEQ4TRRSS4XCXDHEMZEWGI5DUYAQ,Avg-Last-10,0.0,0.0
AEQ4TRRSS4XCXDHEMZEWGI5DUYAQ,Recency-Weighted,0.0,0.0
AEQ4TRRSS4XCXDHEMZEWGI5DUYAQ,Essence (K=10),0.0,0.0
AEQ52I5LG3ANB5LQ7EMCM2GIFYCA,Random,0.0,0.0
AEQ52I5LG3ANB5LQ7EMCM2GIFYCA,Popularity,0.0,0.0
AEQ52I5LG3ANB5LQ7EMCM2GIFYCA,CF (ItemKNN),0.0,0.0
AEQ52I5LG3ANB5LQ7EMCM2GIFYCA,Content (Avg Emb),0.0,0.0
AEQ52I5LG3ANB5LQ7EMCM2GIFYCA,Last-Item,0.0,0.0
AEQ52I5LG3ANB5LQ7EMCM2GIFYCA,Avg-Last-10,0.0,0.0
AEQ52I5LG3ANB5LQ7EMCM2GIFYCA,Recency-Weighted,0.0,0.0
AEQ52I5LG3ANB5LQ7EMCM2GIFYCA,Essence (K=10),0.0,0.0
AEQ6VXNCNAD4QOFEHMUL6P5DW5CA,Random,0.0,
AEQ6VXNCNAD4QOFEHMUL6P5DW5CA,Popularity,0.0,
AEQ6VXNCNAD4QOFEHMUL6P5DW5CA,CF (ItemKNN),0.1,
AEQ6VXNCNAD4QOFEHMUL6P5DW5CA,Content (Avg Emb),0.0,
AEQ6VXNCNAD4QOFEHMUL6P5DW5CA,Last-Item,0.0,
AEQ6VXNCNAD4QOFEHMUL6P5DW5CA,Avg-Last-10,0.0,
AEQ6VXNCNAD4QOFEHMUL6P5DW5CA,Recency-Weighted,0.0,
AEQ6VXNCNAD4QOFEHMUL6P5DW5CA,Essence (K=10),0.1,
AEQ6YPYDFGYTUTSDCJP2IUQVR3QA,Random,0.0,0.0
AEQ6YPYDFGYTUTSDCJP2IUQVR3QA,Popularity,0.0,0.0
AEQ6YPYDFGYTUTSDCJP2IUQVR3QA,CF (ItemKNN),0.0,0.0
AEQ6YPYDFGYTUTSDCJP2IUQVR3QA,Content (Avg Emb),0.0,0.0
AEQ6YPYDFGYTUTSDCJP2IUQVR3QA,Last-Item,0.0,0.0
AEQ6YPYDFGYTUTSDCJP2IUQVR3QA,Avg-Last-10,0.0,0.0
AEQ6YPYDFGYTUTSDCJP2IUQVR3QA,Recency-Weighted,0.0,0.0
AEQ6YPYDFGYTUTSDCJP2IUQVR3QA,Essence (K=10),0.0,0.0
AEQ7IW6BR3D5Y3JNV6DWPLC6UKZQ,Random,0.0,0.0
AEQ7IW6BR3D5Y3JNV6DWPLC6UKZQ,Popularity,0.0,0.0
AEQ7IW6BR3D5Y3JNV6DWPLC6UKZQ,CF (ItemKNN),0.0,0.0
AEQ7IW6BR3D5Y3JNV6DWPLC6UKZQ,Content (Avg Emb),0.0,0.0
AEQ7IW6BR3D5Y3JNV6DWPLC6UKZQ,Last-Item,0.0,0.0
AEQ7IW6BR3D5Y3JNV6DWPLC6UKZQ,Avg-Last-10,0.0,0.0
AEQ7IW6BR3D5Y3JNV6DWPLC6UKZQ,Recency-Weighted,0.0,0.0
AEQ7IW6BR3D5Y3JNV6DWPLC6UKZQ,Essence (K=10),0.0,0.0
AEQBQYEJINLZHHRRK63FMVZK5KKA,Random,0.0,
AEQBQYEJINLZHHRRK63FMVZK5KKA,Popularity,0.0,
AEQBQYEJINLZHHRRK63FMVZK5KKA,CF (ItemKNN),0.0,
AEQBQYEJINLZHHRRK63FMVZK5KKA,Content (Avg Emb),0.0,
AEQBQYEJINLZHHRRK63FMVZK5KKA,Last-Item,0.2,
AEQBQYEJINLZHHRRK63FMVZK5KKA,Avg-Last-10,0.0,
AEQBQYEJINLZHHRRK63FMVZK5KKA,Recency-Weighted,0.0,
AEQBQYEJINLZHHRRK63FMVZK5KKA,Essence (K=10),0.0,
AEQCYRIDK2PR7GRFNXDPRONTLAGQ,Random,0.0,0.0
AEQCYRIDK2PR7GRFNXDPRONTLAGQ,Popularity,0.0,0.0
AEQCYRIDK2PR7GRFNXDPRONTLAGQ,CF (ItemKNN),0.0,0.0
AEQCYRIDK2PR7GRFNXDPRONTLAGQ,Content (Avg Emb),0.0,0.0
AEQCYRIDK2PR7GRFNXDPRONTLAGQ,Last-Item,0.5,0.0
AEQCYRIDK2PR7GRFNXDPRONTLAGQ,Avg-Last-10,0.0,0.0
AEQCYRIDK2PR7GRFNXDPRONTLAGQ,Recency-Weighted,0.0,0.0
AEQCYRIDK2PR7GRFNXDPRONTLAGQ,Essence (K=10),0.0,0.0
AEQEHBECQ7REHQLK7ZRFUPTNWEHA,Random,0.0,0.0
AEQEHBECQ7REHQLK7ZRFUPTNWEHA,Popularity,0.0,0.0
AEQEHBECQ7REHQLK7ZRFUPTNWEHA,CF (ItemKNN),0.0,0.0
AEQEHBECQ7REHQLK7ZRFUPTNWEHA,Content (Avg Emb),0.0,0.0
AEQEHBECQ7REHQLK7ZRFUPTNWEHA,Last-Item,0.0,0.0
AEQEHBECQ7REHQLK7ZRFUPTNWEHA,Avg-Last-10,0.0,0.0
AEQEHBECQ7REHQLK7ZRFUPTNWEHA,Recency-Weighted,0.0,0.0
AEQEHBECQ7REHQLK7ZRFUPTNWEHA,Essence (K=10),0.0,0.0
AEQIOLDTN4N5N2DH7ICC3JIJGKPQ,Random,0.0,0.0
AEQIOLDTN4N5N2DH7ICC3JIJGKPQ,Popularity,0.0,0.0
AEQIOLDTN4N5N2DH7ICC3JIJGKPQ,CF (ItemKNN),0.0,0.0
AEQIOLDTN4N5N2DH7ICC3JIJGKPQ,Content (Avg Emb),0.0,0.0
AEQIOLDTN4N5N2DH7ICC3JIJGKPQ,Last-Item,0.0,0.0
AEQIOLDTN4N5N2DH7ICC3JIJGKPQ,Avg-Last-10,0.0,0.0
AEQIOLDTN4N5N2DH7ICC3JIJGKPQ,Recency-Weighted,0.0,0.0
AEQIOLDTN4N5N2DH7ICC3JIJGKPQ,Essence (K=10),0.0,0.0
AEQO7TID74YNVRGCV7TGMA423TRQ,Random,0.0,
AEQO7TID74YNVRGCV7TGMA423TRQ,Popularity,0.25,
AEQO7TID74YNVRGCV7TGMA423TRQ,CF (ItemKNN),0.25,
AEQO7TID74YNVRGCV7TGMA423TRQ,Content (Avg Emb),0.0,
AEQO7TID74YNVRGCV7TGMA423TRQ,Last-Item,0.25,
AEQO7TID74YNVRGCV7TGMA423TRQ,Avg-Last-10,0.0,
AEQO7TID74YNVRGCV7TGMA423TRQ,Recency-Weighted,0.0,
AEQO7TID74YNVRGCV7TGMA423TRQ,Essence (K=10),0.0,
AEQP5LNWAIY5JU5RLAGWW7FDAMOA,Random,0.0,0.0
AEQP5LNWAIY5JU5RLAGWW7FDAMOA,Popularity,0.0,0.0
AEQP5LNWAIY5JU5RLAGWW7FDAMOA,CF (ItemKNN),0.0,0.0
AEQP5LNWAIY5JU5RLAGWW7FDAMOA,Content (Avg Emb),0.0,0.0
AEQP5LNWAIY5JU5RLAGWW7FDAMOA,Last-Item,0.0,0.0
AEQP5LNWAIY5JU5RLAGWW7FDAMOA,Avg-Last-10,0.0,0.0
AEQP5LNWAIY5JU5RLAGWW7FDAMOA,Recency-Weighted,0.0,0.0
AEQP5LNWAIY5JU5RLAGWW7FDAMOA,Essence (K=10),0.0,0.0
AEQSNGY2W5QV6WNTS3I2JJ76MIVQ,Random,0.0,0.0
AEQSNGY2W5QV6WNTS3I2JJ76MIVQ,Popularity,0.0,0.0
AEQSNGY2W5QV6WNTS3I2JJ76MIVQ,CF (ItemKNN),0.0,0.0
AEQSNGY2W5QV6WNTS3I2JJ76MIVQ,Content (Avg Emb),0.0,0.0
AEQSNGY2W5QV6WNTS3I2JJ76MIVQ,Last-Item,0.0,0.0
AEQSNGY2W5QV6WNTS3I2JJ76MIVQ,Avg-Last-10,0.0,0.0
AEQSNGY2W5QV6WNTS3I2JJ76MIVQ,Recency-Weighted,0.0,0.0
AEQSNGY2W5QV6WNTS3I2JJ76MIVQ,Essence (K=10),0.0,0.0
AEQTPR3EYLKVKUJFAQBBWYF7CBFA,Random,0.0,0.0
AEQTPR3EYLKVKUJFAQBBWYF7CBFA,Popularity,0.0,0.0
AEQTPR3EYLKVKUJFAQBBWYF7CBFA,CF (ItemKNN),0.0,0.0
AEQTPR3EYLKVKUJFAQBBWYF7CBFA,Content (Avg Emb),0.0,0.0
AEQTPR3EYLKVKUJFAQBBWYF7CBFA,Last-Item,0.0,0.0
AEQTPR3EYLKVKUJFAQBBWYF7CBFA,Avg-Last-10,0.0,0.0
AEQTPR3EYLKVKUJFAQBBWYF7CBFA,Recency-Weighted,0.0,0.0
AEQTPR3EYLKVKUJFAQBBWYF7CBFA,Essence (K=10),0.0,0.0
AER2NTA3VNTGHKF2RHF7VZB2U7GA,Random,0.0,0.0
AER2NTA3VNTGHKF2RHF7VZB2U7GA,Popularity,0.0,0.0
AER2NTA3VNTGHKF2RHF7VZB2U7GA,CF (ItemKNN),0.0,0.0
AER2NTA3VNTGHKF2RHF7VZB2U7GA,Content (Avg Emb),0.0,0.0
AER2NTA3VNTGHKF2RHF7VZB2U7GA,Last-Item,0.0,0.0
AER2NTA3VNTGHKF2RHF7VZB2U7GA,Avg-Last-10,0.0,0.0
AER2NTA3VNTGHKF2RHF7VZB2U7GA,Recency-Weighted,0.0,0.0
AER2NTA3VNTGHKF2RHF7VZB2U7GA,Essence (K=10),0.0,0.0
AER3VMR4B3XYZIZ4LZXPD5JTSMMA,Random,0.0,
AER3VMR4B3XYZIZ4LZXPD5JTSMMA,Popularity,0.0,
AER3VMR4B3XYZIZ4LZXPD5JTSMMA,CF (ItemKNN),0.0,
AER3VMR4B3XYZIZ4LZXPD5JTSMMA,Content (Avg Emb),0.0,
AER3VMR4B3XYZIZ4LZXPD5JTSMMA,Last-Item,0.14285714285714285,
AER3VMR4B3XYZIZ4LZXPD5JTSMMA,Avg-Last-10,0.0,
AER3VMR4B3XYZIZ4LZXPD5JTSMMA,Recency-Weighted,0.0,
AER3VMR4B3XYZIZ4LZXPD5JTSMMA,Essence (K=10),0.2857142857142857,
AER4U3RNYYCPUPGVKXYATZ2QD7TA,Random,0.0,
AER4U3RNYYCPUPGVKXYATZ2QD7TA,Popularity,0.0,
AER4U3RNYYCPUPGVKXYATZ2QD7TA,CF (ItemKNN),0.0,
AER4U3RNYYCPUPGVKXYATZ2QD7TA,Content (Avg Emb),0.0,
AER4U3RNYYCPUPGVKXYATZ2QD7TA,Last-Item,0.0,
AER4U3RNYYCPUPGVKXYATZ2QD7TA,Avg-Last-10,0.0,
AER4U3RNYYCPUPGVKXYATZ2QD7TA,Recency-Weighted,0.0,
AER4U3RNYYCPUPGVKXYATZ2QD7TA,Essence (K=10),0.0,
AER5WLOF4LV2A3OAHUQJSZ3ONEUA,Random,0.0,0.0
AER5WLOF4LV2A3OAHUQJSZ3ONEUA,Popularity,0.05555555555555555,0.0
AER5WLOF4LV2A3OAHUQJSZ3ONEUA,CF (ItemKNN),0.0,0.0
AER5WLOF4LV2A3OAHUQJSZ3ONEUA,Content (Avg Emb),0.0,0.0
AER5WLOF4LV2A3OAHUQJSZ3ONEUA,Last-Item,0.05555555555555555,0.0
AER5WLOF4LV2A3OAHUQJSZ3ONEUA,Avg-Last-10,0.0,0.0
AER5WLOF4LV2A3OAHUQJSZ3ONEUA,Recency-Weighted,0.0,0.0
AER5WLOF4LV2A3OAHUQJSZ3ONEUA,Essence (K=10),0.0,0.0
AER6HKKF4QUQWMXZ55XOBOHQDFGQ,Random,0.0,0.0
AER6HKKF4QUQWMXZ55XOBOHQDFGQ,Popularity,0.0,0.0
AER6HKKF4QUQWMXZ55XOBOHQDFGQ,CF (ItemKNN),0.125,0.3333333333333333
AER6HKKF4QUQWMXZ55XOBOHQDFGQ,Content (Avg Emb),0.0,0.0
AER6HKKF4QUQWMXZ55XOBOHQDFGQ,Last-Item,0.0,0.0
AER6HKKF4QUQWMXZ55XOBOHQDFGQ,Avg-Last-10,0.0,0.0
AER6HKKF4QUQWMXZ55XOBOHQDFGQ,Recency-Weighted,0.0,0.0
AER6HKKF4QUQWMXZ55XOBOHQDFGQ,Essence (K=10),0.0,0.0
AER6PIIILPSUBCD3UVUSETU4AQCQ,Random,0.0,
AER6PIIILPSUBCD3UVUSETU4AQCQ,Popularity,0.0,
AER6PIIILPSUBCD3UVUSETU4AQCQ,CF (ItemKNN),0.0,
AER6PIIILPSUBCD3UVUSETU4AQCQ,Content (Avg Emb),0.0,
AER6PIIILPSUBCD3UVUSETU4AQCQ,Last-Item,0.0,
AER6PIIILPSUBCD3UVUSETU4AQCQ,Avg-Last-10,0.0,
AER6PIIILPSUBCD3UVUSETU4AQCQ,Recency-Weighted,0.0,
AER6PIIILPSUBCD3UVUSETU4AQCQ,Essence (K=10),0.0,
AER7X46XNRJM6VW4ESHLOHI6BH7A,Random,0.0,
AER7X46XNRJM6VW4ESHLOHI6BH7A,Popularity,0.0,
AER7X46XNRJM6VW4ESHLOHI6BH7A,CF (ItemKNN),0.0,
AER7X46XNRJM6VW4ESHLOHI6BH7A,Content (Avg Emb),0.0,
AER7X46XNRJM6VW4ESHLOHI6BH7A,Last-Item,0.0,
AER7X46XNRJM6VW4ESHLOHI6BH7A,Avg-Last-10,0.0,
AER7X46XNRJM6VW4ESHLOHI6BH7A,Recency-Weighted,0.0,
AER7X46XNRJM6VW4ESHLOHI6BH7A,Essence (K=10),0.0,
AERA4MXSYBOHDIJAP7Z4TJRLC6HQ,Random,0.0,
AERA4MXSYBOHDIJAP7Z4TJRLC6HQ,Popularity,0.0,
AERA4MXSYBOHDIJAP7Z4TJRLC6HQ,CF (ItemKNN),0.0,
AERA4MXSYBOHDIJAP7Z4TJRLC6HQ,Content (Avg Emb),0.0,
AERA4MXSYBOHDIJAP7Z4TJRLC6HQ,Last-Item,0.0,
AERA4MXSYBOHDIJAP7Z4TJRLC6HQ,Avg-Last-10,0.0,
AERA4MXSYBOHDIJAP7Z4TJRLC6HQ,Recency-Weighted,0.0,
AERA4MXSYBOHDIJAP7Z4TJRLC6HQ,Essence (K=10),0.0,
AERAVFMU7X2HXJ2ERKSL6P6CTA6Q,Random,0.0,0.0
AERAVFMU7X2HXJ2ERKSL6P6CTA6Q,Popularity,0.0,0.0
AERAVFMU7X2HXJ2ERKSL6P6CTA6Q,CF (ItemKNN),0.0,0.0
AERAVFMU7X2HXJ2ERKSL6P6CTA6Q,Content (Avg Emb),0.0,0.0
AERAVFMU7X2HXJ2ERKSL6P6CTA6Q,Last-Item,0.0,0.0
AERAVFMU7X2HXJ2ERKSL6P6CTA6Q,Avg-Last-10,0.0,0.0
AERAVFMU7X2HXJ2ERKSL6P6CTA6Q,Recency-Weighted,0.0,0.0
AERAVFMU7X2HXJ2ERKSL6P6CTA6Q,Essence (K=10),0.0,0.0
AERBLQU5ZRHJ62XTTWCSAGHWWR5A,Random,0.0,
AERBLQU5ZRHJ62XTTWCSAGHWWR5A,Popularity,0.0,
AERBLQU5ZRHJ62XTTWCSAGHWWR5A,CF (ItemKNN),0.0,
AERBLQU5ZRHJ62XTTWCSAGHWWR5A,Content (Avg Emb),0.0,
AERBLQU5ZRHJ62XTTWCSAGHWWR5A,Last-Item,0.0,
AERBLQU5ZRHJ62XTTWCSAGHWWR5A,Avg-Last-10,0.0,
AERBLQU5ZRHJ62XTTWCSAGHWWR5A,Recency-Weighted,0.0,
AERBLQU5ZRHJ62XTTWCSAGHWWR5A,Essence (K=10),0.0,
AERD6VJCC7ZLOFZOF6ASKTJIDYRQ,Random,0.0,
AERD6VJCC7ZLOFZOF6ASKTJIDYRQ,Popularity,0.0,
AERD6VJCC7ZLOFZOF6ASKTJIDYRQ,CF (ItemKNN),0.0,
AERD6VJCC7ZLOFZOF6ASKTJIDYRQ,Content (Avg Emb),0.0,
AERD6VJCC7ZLOFZOF6ASKTJIDYRQ,Last-Item,0.2,
AERD6VJCC7ZLOFZOF6ASKTJIDYRQ,Avg-Last-10,0.0,
AERD6VJCC7ZLOFZOF6ASKTJIDYRQ,Recency-Weighted,0.0,
AERD6VJCC7ZLOFZOF6ASKTJIDYRQ,Essence (K=10),0.0,
AERDETH4SKTBXJJY7E2RWI672IYQ,Random,0.0,0.0
AERDETH4SKTBXJJY7E2RWI672IYQ,Popularity,0.0,0.0
AERDETH4SKTBXJJY7E2RWI672IYQ,CF (ItemKNN),0.0,0.0
AERDETH4SKTBXJJY7E2RWI672IYQ,Content (Avg Emb),0.0,0.0
AERDETH4SKTBXJJY7E2RWI672IYQ,Last-Item,0.0,0.0
AERDETH4SKTBXJJY7E2RWI672IYQ,Avg-Last-10,0.0,0.0
AERDETH4SKTBXJJY7E2RWI672IYQ,Recency-Weighted,0.0,0.0
AERDETH4SKTBXJJY7E2RWI672IYQ,Essence (K=10),0.0,0.0
AERDVKHH66NFTWD565LKDV4YWAHA,Random,0.0,0.0
AERDVKHH66NFTWD565LKDV4YWAHA,Popularity,0.0,0.0
AERDVKHH66NFTWD565LKDV4YWAHA,CF (ItemKNN),0.0,0.0
AERDVKHH66NFTWD565LKDV4YWAHA,Content (Avg Emb),0.0,0.0
AERDVKHH66NFTWD565LKDV4YWAHA,Last-Item,0.0,0.0
AERDVKHH66NFTWD565LKDV4YWAHA,Avg-Last-10,0.0,0.0
AERDVKHH66NFTWD565LKDV4YWAHA,Recency-Weighted,0.0,0.0
AERDVKHH66NFTWD565LKDV4YWAHA,Essence (K=10),0.0,0.0
AERE5U7TRQHPT5RYW63BHZMPCFNQ,Random,0.0,
AERE5U7TRQHPT5RYW63BHZMPCFNQ,Popularity,0.0,
AERE5U7TRQHPT5RYW63BHZMPCFNQ,CF (ItemKNN),0.0,
AERE5U7TRQHPT5RYW63BHZMPCFNQ,Content (Avg Emb),0.0,
AERE5U7TRQHPT5RYW63BHZMPCFNQ,Last-Item,0.0,
AERE5U7TRQHPT5RYW63BHZMPCFNQ,Avg-Last-10,0.0,
AERE5U7TRQHPT5RYW63BHZMPCFNQ,Recency-Weighted,0.0,
AERE5U7TRQHPT5RYW63BHZMPCFNQ,Essence (K=10),0.0,
AERF72EOA4M5VXFRZ6KPQNMNWAXA,Random,0.0,0.0
AERF72EOA4M5VXFRZ6KPQNMNWAXA,Popularity,0.0,0.0
AERF72EOA4M5VXFRZ6KPQNMNWAXA,CF (ItemKNN),0.0,0.0
AERF72EOA4M5VXFRZ6KPQNMNWAXA,Content (Avg Emb),0.0,0.0
AERF72EOA4M5VXFRZ6KPQNMNWAXA,Last-Item,0.0,0.0
AERF72EOA4M5VXFRZ6KPQNMNWAXA,Avg-Last-10,0.0,0.0
AERF72EOA4M5VXFRZ6KPQNMNWAXA,Recency-Weighted,0.0,0.0
AERF72EOA4M5VXFRZ6KPQNMNWAXA,Essence (K=10),0.0,0.0
AERI2R2MMKXNUY4WXBF3LEDWTRNA,Random,0.0,0.0
AERI2R2MMKXNUY4WXBF3LEDWTRNA,Popularity,0.0,0.0
AERI2R2MMKXNUY4WXBF3LEDWTRNA,CF (ItemKNN),0.0,0.0
AERI2R2MMKXNUY4WXBF3LEDWTRNA,Content (Avg Emb),0.0,0.0
AERI2R2MMKXNUY4WXBF3LEDWTRNA,Last-Item,0.0,0.0
AERI2R2MMKXNUY4WXBF3LEDWTRNA,Avg-Last-10,0.0,0.0
AERI2R2MMKXNUY4WXBF3LEDWTRNA,Recency-Weighted,0.0,0.0
AERI2R2MMKXNUY4WXBF3LEDWTRNA,Essence (K=10),0.0,0.0
AERJG337XWFZYITZQQUZMNWF44FQ,Random,0.0,
AERJG337XWFZYITZQQUZMNWF44FQ,Popularity,0.0,
AERJG337XWFZYITZQQUZMNWF44FQ,CF (ItemKNN),0.0,
AERJG337XWFZYITZQQUZMNWF44FQ,Content (Avg Emb),0.0,
AERJG337XWFZYITZQQUZMNWF44FQ,Last-Item,0.0,
AERJG337XWFZYITZQQUZMNWF44FQ,Avg-Last-10,0.0,
AERJG337XWFZYITZQQUZMNWF44FQ,Recency-Weighted,0.0,
AERJG337XWFZYITZQQUZMNWF44FQ,Essence (K=10),0.0,
AERLFMRRK7J2JCI6MJRO6YOA3ANA,Random,0.0,
AERLFMRRK7J2JCI6MJRO6YOA3ANA,Popularity,0.0,
AERLFMRRK7J2JCI6MJRO6YOA3ANA,CF (ItemKNN),0.0,
AERLFMRRK7J2JCI6MJRO6YOA3ANA,Content (Avg Emb),0.2727272727272727,
AERLFMRRK7J2JCI6MJRO6YOA3ANA,Last-Item,0.8181818181818182,
AERLFMRRK7J2JCI6MJRO6YOA3ANA,Avg-Last-10,0.8181818181818182,
AERLFMRRK7J2JCI6MJRO6YOA3ANA,Recency-Weighted,0.8181818181818182,
AERLFMRRK7J2JCI6MJRO6YOA3ANA,Essence (K=10),0.0,
AERPP6KEGRPU57JOZPDG5ZHA3XGQ,Random,0.0,0.0
AERPP6KEGRPU57JOZPDG5ZHA3XGQ,Popularity,0.0,0.0
AERPP6KEGRPU57JOZPDG5ZHA3XGQ,CF (ItemKNN),0.0,0.0
AERPP6KEGRPU57JOZPDG5ZHA3XGQ,Content (Avg Emb),0.0,0.0
AERPP6KEGRPU57JOZPDG5ZHA3XGQ,Last-Item,0.0,0.0
AERPP6KEGRPU57JOZPDG5ZHA3XGQ,Avg-Last-10,0.25,0.5
AERPP6KEGRPU57JOZPDG5ZHA3XGQ,Recency-Weighted,0.25,0.5
AERPP6KEGRPU57JOZPDG5ZHA3XGQ,Essence (K=10),0.25,0.5
AERRUTCWXDGICSQHXQYBMYAJCZ6A,Random,0.0,0.0
AERRUTCWXDGICSQHXQYBMYAJCZ6A,Popularity,0.0,0.0
AERRUTCWXDGICSQHXQYBMYAJCZ6A,CF (ItemKNN),0.0,0.0
AERRUTCWXDGICSQHXQYBMYAJCZ6A,Content (Avg Emb),0.0,0.0
AERRUTCWXDGICSQHXQYBMYAJCZ6A,Last-Item,0.0,0.0
AERRUTCWXDGICSQHXQYBMYAJCZ6A,Avg-Last-10,0.0,0.0
AERRUTCWXDGICSQHXQYBMYAJCZ6A,Recency-Weighted,0.0,0.0
AERRUTCWXDGICSQHXQYBMYAJCZ6A,Essence (K=10),0.0,0.0
AERYNGKSJQTS42ZVML365HFCW3OA,Random,0.0,0.0
AERYNGKSJQTS42ZVML365HFCW3OA,Popularity,0.0,0.0
AERYNGKSJQTS42ZVML365HFCW3OA,CF (ItemKNN),0.0,0.0
AERYNGKSJQTS42ZVML365HFCW3OA,Content (Avg Emb),0.0,0.0
AERYNGKSJQTS42ZVML365HFCW3OA,Last-Item,0.0,0.0
AERYNGKSJQTS42ZVML365HFCW3OA,Avg-Last-10,0.0,0.0
AERYNGKSJQTS42ZVML365HFCW3OA,Recency-Weighted,0.0,0.0
AERYNGKSJQTS42ZVML365HFCW3OA,Essence (K=10),0.0,0.0
AERZAY2TGD7RVTZGAPZW5N7NZHPQ,Random,0.0,
AERZAY2TGD7RVTZGAPZW5N7NZHPQ,Popularity,0.0,
AERZAY2TGD7RVTZGAPZW5N7NZHPQ,CF (ItemKNN),0.0,
AERZAY2TGD7RVTZGAPZW5N7NZHPQ,Content (Avg Emb),0.0,
AERZAY2TGD7RVTZGAPZW5N7NZHPQ,Last-Item,0.0,
AERZAY2TGD7RVTZGAPZW5N7NZHPQ,Avg-Last-10,0.0,
AERZAY2TGD7RVTZGAPZW5N7NZHPQ,Recency-Weighted,0.0,
AERZAY2TGD7RVTZGAPZW5N7NZHPQ,Essence (K=10),0.0,
AERZBLW2CPXBZZZ5B6ADAF7XB23Q,Random,0.0,0.0
AERZBLW2CPXBZZZ5B6ADAF7XB23Q,Popularity,0.0,0.0
AERZBLW2CPXBZZZ5B6ADAF7XB23Q,CF (ItemKNN),0.0,0.0
AERZBLW2CPXBZZZ5B6ADAF7XB23Q,Content (Avg Emb),0.0,0.0
AERZBLW2CPXBZZZ5B6ADAF7XB23Q,Last-Item,0.0,0.0
AERZBLW2CPXBZZZ5B6ADAF7XB23Q,Avg-Last-10,0.0,0.0
AERZBLW2CPXBZZZ5B6ADAF7XB23Q,Recency-Weighted,0.0,0.0
AERZBLW2CPXBZZZ5B6ADAF7XB23Q,Essence (K=10),0.0,0.0
AES2WK2J3N4VBGQFUSZLMJPOJAVQ,Random,0.0,
AES2WK2J3N4VBGQFUSZLMJPOJAVQ,Popularity,0.0,
AES2WK2J3N4VBGQFUSZLMJPOJAVQ,CF (ItemKNN),0.0,
AES2WK2J3N4VBGQFUSZLMJPOJAVQ,Content (Avg Emb),0.0,
AES2WK2J3N4VBGQFUSZLMJPOJAVQ,Last-Item,0.0,
AES2WK2J3N4VBGQFUSZLMJPOJAVQ,Avg-Last-10,0.0,
AES2WK2J3N4VBGQFUSZLMJPOJAVQ,Recency-Weighted,0.0,
AES2WK2J3N4VBGQFUSZLMJPOJAVQ,Essence (K=10),0.0,
AES3WJAGN3TDGFVMGF6HGJTFPR2A,Random,0.0,0.0
AES3WJAGN3TDGFVMGF6HGJTFPR2A,Popularity,0.0,0.0
AES3WJAGN3TDGFVMGF6HGJTFPR2A,CF (ItemKNN),0.0,0.0
AES3WJAGN3TDGFVMGF6HGJTFPR2A,Content (Avg Emb),0.0,0.0
AES3WJAGN3TDGFVMGF6HGJTFPR2A,Last-Item,0.0,0.0
AES3WJAGN3TDGFVMGF6HGJTFPR2A,Avg-Last-10,0.0,0.0
AES3WJAGN3TDGFVMGF6HGJTFPR2A,Recency-Weighted,0.0,0.0
AES3WJAGN3TDGFVMGF6HGJTFPR2A,Essence (K=10),0.0,0.0
AES5CDANACYPBCROLGDSOFFUGAZQ,Random,0.0,
AES5CDANACYPBCROLGDSOFFUGAZQ,Popularity,0.0,
AES5CDANACYPBCROLGDSOFFUGAZQ,CF (ItemKNN),0.0,
AES5CDANACYPBCROLGDSOFFUGAZQ,Content (Avg Emb),0.0,
AES5CDANACYPBCROLGDSOFFUGAZQ,Last-Item,0.0,
AES5CDANACYPBCROLGDSOFFUGAZQ,Avg-Last-10,0.0,
AES5CDANACYPBCROLGDSOFFUGAZQ,Recency-Weighted,0.0,
AES5CDANACYPBCROLGDSOFFUGAZQ,Essence (K=10),0.0,
AES7MTW4T634UN2R6FTKTUWQVQDA,Random,0.0,0.0
AES7MTW4T634UN2R6FTKTUWQVQDA,Popularity,0.0,0.0
AES7MTW4T634UN2R6FTKTUWQVQDA,CF (ItemKNN),0.0,0.0
AES7MTW4T634UN2R6FTKTUWQVQDA,Content (Avg Emb),0.0,0.0
AES7MTW4T634UN2R6FTKTUWQVQDA,Last-Item,0.0,0.0
AES7MTW4T634UN2R6FTKTUWQVQDA,Avg-Last-10,0.0,0.0
AES7MTW4T634UN2R6FTKTUWQVQDA,Recency-Weighted,0.0,0.0
AES7MTW4T634UN2R6FTKTUWQVQDA,Essence (K=10),0.0,0.0
AES7OMRAT2A2G74UWCW3V3CY2ZTQ,Random,0.0,0.0
AES7OMRAT2A2G74UWCW3V3CY2ZTQ,Popularity,0.0,0.0
AES7OMRAT2A2G74UWCW3V3CY2ZTQ,CF (ItemKNN),0.0,0.0
AES7OMRAT2A2G74UWCW3V3CY2ZTQ,Content (Avg Emb),0.42857142857142855,0.0
AES7OMRAT2A2G74UWCW3V3CY2ZTQ,Last-Item,0.0,0.0
AES7OMRAT2A2G74UWCW3V3CY2ZTQ,Avg-Last-10,0.0,0.0
AES7OMRAT2A2G74UWCW3V3CY2ZTQ,Recency-Weighted,0.0,0.0
AES7OMRAT2A2G74UWCW3V3CY2ZTQ,Essence (K=10),0.0,0.0
AESCG2YMI2HMSTWTNLJ2O6P2NVQQ,Random,0.0,0.0
AESCG2YMI2HMSTWTNLJ2O6P2NVQQ,Popularity,0.0,0.0
AESCG2YMI2HMSTWTNLJ2O6P2NVQQ,CF (ItemKNN),0.0,0.0
AESCG2YMI2HMSTWTNLJ2O6P2NVQQ,Content (Avg Emb),0.0,0.0
AESCG2YMI2HMSTWTNLJ2O6P2NVQQ,Last-Item,0.0,0.0
AESCG2YMI2HMSTWTNLJ2O6P2NVQQ,Avg-Last-10,0.0,0.0
AESCG2YMI2HMSTWTNLJ2O6P2NVQQ,Recency-Weighted,0.0,0.0
AESCG2YMI2HMSTWTNLJ2O6P2NVQQ,Essence (K=10),0.0,0.0
AESD7HV7Y2BPAKRUQPWV7BIJ44AQ,Random,0.0,0.0
AESD7HV7Y2BPAKRUQPWV7BIJ44AQ,Popularity,0.0,0.0
AESD7HV7Y2BPAKRUQPWV7BIJ44AQ,CF (ItemKNN),0.0,0.0
AESD7HV7Y2BPAKRUQPWV7BIJ44AQ,Content (Avg Emb),0.0,0.0
AESD7HV7Y2BPAKRUQPWV7BIJ44AQ,Last-Item,0.0,0.0
AESD7HV7Y2BPAKRUQPWV7BIJ44AQ,Avg-Last-10,0.0,0.0
AESD7HV7Y2BPAKRUQPWV7BIJ44AQ,Recency-Weighted,0.0,0.0
AESD7HV7Y2BPAKRUQPWV7BIJ44AQ,Essence (K=10),0.0,0.0
AESDB7H4RWPHN3644ANLYU4PBXHQ,Random,0.0,0.0
AESDB7H4RWPHN3644ANLYU4PBXHQ,Popularity,0.0,0.0
AESDB7H4RWPHN3644ANLYU4PBXHQ,CF (ItemKNN),0.0,0.0
AESDB7H4RWPHN3644ANLYU4PBXHQ,Content (Avg Emb),0.0,0.0
AESDB7H4RWPHN3644ANLYU4PBXHQ,Last-Item,0.0,0.0
AESDB7H4RWPHN3644ANLYU4PBXHQ,Avg-Last-10,0.0,0.0
AESDB7H4RWPHN3644ANLYU4PBXHQ,Recency-Weighted,0.0,0.0
AESDB7H4RWPHN3644ANLYU4PBXHQ,Essence (K=10),0.0,0.0
AESFF6ID3JET64FIM3YZPBSTGUTQ,Random,0.0,
AESFF6ID3JET64FIM3YZPBSTGUTQ,Popularity,0.0,
AESFF6ID3JET64FIM3YZPBSTGUTQ,CF (ItemKNN),0.0,
AESFF6ID3JET64FIM3YZPBSTGUTQ,Content (Avg Emb),0.0,
AESFF6ID3JET64FIM3YZPBSTGUTQ,Last-Item,0.0,
AESFF6ID3JET64FIM3YZPBSTGUTQ,Avg-Last-10,0.0,
AESFF6ID3JET64FIM3YZPBSTGUTQ,Recency-Weighted,0.0,
AESFF6ID3JET64FIM3YZPBSTGUTQ,Essence (K=10),0.0,
AESFOTLNNH25T7BXCUCDKBAYGQ4Q,Random,0.0,0.0
AESFOTLNNH25T7BXCUCDKBAYGQ4Q,Popularity,0.0,0.0
AESFOTLNNH25T7BXCUCDKBAYGQ4Q,CF (ItemKNN),0.0,0.0
AESFOTLNNH25T7BXCUCDKBAYGQ4Q,Content (Avg Emb),0.0,0.0
AESFOTLNNH25T7BXCUCDKBAYGQ4Q,Last-Item,0.0,0.0
AESFOTLNNH25T7BXCUCDKBAYGQ4Q,Avg-Last-10,0.0,0.0
AESFOTLNNH25T7BXCUCDKBAYGQ4Q,Recency-Weighted,0.0,0.0
AESFOTLNNH25T7BXCUCDKBAYGQ4Q,Essence (K=10),0.0,0.0
AESJHWQWPZVLT52UNX7PAVMMTZWA,Random,0.0,0.0
AESJHWQWPZVLT52UNX7PAVMMTZWA,Popularity,0.0,0.0
AESJHWQWPZVLT52UNX7PAVMMTZWA,CF (ItemKNN),0.0,0.0
AESJHWQWPZVLT52UNX7PAVMMTZWA,Content (Avg Emb),0.0,0.0
AESJHWQWPZVLT52UNX7PAVMMTZWA,Last-Item,0.0,0.0
AESJHWQWPZVLT52UNX7PAVMMTZWA,Avg-Last-10,0.0,0.0
AESJHWQWPZVLT52UNX7PAVMMTZWA,Recency-Weighted,0.0,0.0
AESJHWQWPZVLT52UNX7PAVMMTZWA,Essence (K=10),0.0,0.0
AESK6JHRCEHJW7CZNU5UJ67CQQKA,Random,0.0,
AESK6JHRCEHJW7CZNU5UJ67CQQKA,Popularity,0.0,
AESK6JHRCEHJW7CZNU5UJ67CQQKA,CF (ItemKNN),0.0,
AESK6JHRCEHJW7CZNU5UJ67CQQKA,Content (Avg Emb),0.0,
AESK6JHRCEHJW7CZNU5UJ67CQQKA,Last-Item,0.0,
AESK6JHRCEHJW7CZNU5UJ67CQQKA,Avg-Last-10,0.0,
AESK6JHRCEHJW7CZNU5UJ67CQQKA,Recency-Weighted,0.0,
AESK6JHRCEHJW7CZNU5UJ67CQQKA,Essence (K=10),0.0,
AESMKIVHT75GVGVM2CPNDX62VALQ,Random,0.0,0.0
AESMKIVHT75GVGVM2CPNDX62VALQ,Popularity,0.0,0.0
AESMKIVHT75GVGVM2CPNDX62VALQ,CF (ItemKNN),0.0,0.0
AESMKIVHT75GVGVM2CPNDX62VALQ,Content (Avg Emb),0.2,0.0
AESMKIVHT75GVGVM2CPNDX62VALQ,Last-Item,0.2,0.0
AESMKIVHT75GVGVM2CPNDX62VALQ,Avg-Last-10,0.2,0.0
AESMKIVHT75GVGVM2CPNDX62VALQ,Recency-Weighted,0.2,0.0
AESMKIVHT75GVGVM2CPNDX62VALQ,Essence (K=10),0.2,0.0
AESO2BOB7ILKKAVUTK5AO4PN75OA,Random,0.0,0.0
AESO2BOB7ILKKAVUTK5AO4PN75OA,Popularity,0.0,0.0
AESO2BOB7ILKKAVUTK5AO4PN75OA,CF (ItemKNN),0.0,0.0
AESO2BOB7ILKKAVUTK5AO4PN75OA,Content (Avg Emb),0.0,0.0
AESO2BOB7ILKKAVUTK5AO4PN75OA,Last-Item,0.0,0.0
AESO2BOB7ILKKAVUTK5AO4PN75OA,Avg-Last-10,0.0,0.0
AESO2BOB7ILKKAVUTK5AO4PN75OA,Recency-Weighted,0.0,0.0
AESO2BOB7ILKKAVUTK5AO4PN75OA,Essence (K=10),0.0,0.0
AESPYM2DG7KX6SGY2RPDPYJA2S3A,Random,0.0,
AESPYM2DG7KX6SGY2RPDPYJA2S3A,Popularity,0.0,
AESPYM2DG7KX6SGY2RPDPYJA2S3A,CF (ItemKNN),0.0,
AESPYM2DG7KX6SGY2RPDPYJA2S3A,Content (Avg Emb),0.0,
AESPYM2DG7KX6SGY2RPDPYJA2S3A,Last-Item,0.0,
AESPYM2DG7KX6SGY2RPDPYJA2S3A,Avg-Last-10,0.0,
AESPYM2DG7KX6SGY2RPDPYJA2S3A,Recency-Weighted,0.0,
AESPYM2DG7KX6SGY2RPDPYJA2S3A,Essence (K=10),0.0,
AET2YSJ5C3OYYYOEMH7CNLOUQ7XA,Random,0.0,0.0
AET2YSJ5C3OYYYOEMH7CNLOUQ7XA,Popularity,0.0,0.0
AET2YSJ5C3OYYYOEMH7CNLOUQ7XA,CF (ItemKNN),0.0,0.0
AET2YSJ5C3OYYYOEMH7CNLOUQ7XA,Content (Avg Emb),0.0,0.0
AET2YSJ5C3OYYYOEMH7CNLOUQ7XA,Last-Item,0.0,0.0
AET2YSJ5C3OYYYOEMH7CNLOUQ7XA,Avg-Last-10,0.0,0.0
AET2YSJ5C3OYYYOEMH7CNLOUQ7XA,Recency-Weighted,0.0,0.0
AET2YSJ5C3OYYYOEMH7CNLOUQ7XA,Essence (K=10),0.0,0.0
AET37RTIRE7VV4BESEFQYRU2VKHA,Random,0.0,0.0
AET37RTIRE7VV4BESEFQYRU2VKHA,Popularity,0.0,0.0
AET37RTIRE7VV4BESEFQYRU2VKHA,CF (ItemKNN),0.0,0.0
AET37RTIRE7VV4BESEFQYRU2VKHA,Content (Avg Emb),0.0,0.0
AET37RTIRE7VV4BESEFQYRU2VKHA,Last-Item,0.2222222222222222,0.0
AET37RTIRE7VV4BESEFQYRU2VKHA,Avg-Last-10,0.2222222222222222,0.0
AET37RTIRE7VV4BESEFQYRU2VKHA,Recency-Weighted,0.2222222222222222,0.0
AET37RTIRE7VV4BESEFQYRU2VKHA,Essence (K=10),0.2222222222222222,0.0
AET5OTOYNCFNDEJFHCLU4VT5YXGQ,Random,0.0,
AET5OTOYNCFNDEJFHCLU4VT5YXGQ,Popularity,0.0,
AET5OTOYNCFNDEJFHCLU4VT5YXGQ,CF (ItemKNN),0.0,
AET5OTOYNCFNDEJFHCLU4VT5YXGQ,Content (Avg Emb),0.0,
AET5OTOYNCFNDEJFHCLU4VT5YXGQ,Last-Item,0.0,
AET5OTOYNCFNDEJFHCLU4VT5YXGQ,Avg-Last-10,0.0,
AET5OTOYNCFNDEJFHCLU4VT5YXGQ,Recency-Weighted,0.0,
AET5OTOYNCFNDEJFHCLU4VT5YXGQ,Essence (K=10),0.0,
AET5P6HBR4VVGBG2A76SKDLTWZ5A,Random,0.0,0.0
AET5P6HBR4VVGBG2A76SKDLTWZ5A,Popularity,0.0,0.0
AET5P6HBR4VVGBG2A76SKDLTWZ5A,CF (ItemKNN),0.0,0.0
AET5P6HBR4VVGBG2A76SKDLTWZ5A,Content (Avg Emb),0.14285714285714285,0.0
AET5P6HBR4VVGBG2A76SKDLTWZ5A,Last-Item,0.0,0.0
AET5P6HBR4VVGBG2A76SKDLTWZ5A,Avg-Last-10,0.0,0.0
AET5P6HBR4VVGBG2A76SKDLTWZ5A,Recency-Weighted,0.0,0.0
AET5P6HBR4VVGBG2A76SKDLTWZ5A,Essence (K=10),0.14285714285714285,0.3333333333333333
AET5VB7KM74WTLJ4OXWQLBCO2HBQ,Random,0.0,0.0
AET5VB7KM74WTLJ4OXWQLBCO2HBQ,Popularity,0.16666666666666666,0.0
AET5VB7KM74WTLJ4OXWQLBCO2HBQ,CF (ItemKNN),0.0,0.0
AET5VB7KM74WTLJ4OXWQLBCO2HBQ,Content (Avg Emb),0.0,0.0
AET5VB7KM74WTLJ4OXWQLBCO2HBQ,Last-Item,0.0,0.0
AET5VB7KM74WTLJ4OXWQLBCO2HBQ,Avg-Last-10,0.0,0.0
AET5VB7KM74WTLJ4OXWQLBCO2HBQ,Recency-Weighted,0.0,0.0
AET5VB7KM74WTLJ4OXWQLBCO2HBQ,Essence (K=10),0.0,0.0
AETAVSO3HXKDRFBRHQA4CORUG3PA,Random,0.0,0.0
AETAVSO3HXKDRFBRHQA4CORUG3PA,Popularity,0.0,0.0
AETAVSO3HXKDRFBRHQA4CORUG3PA,CF (ItemKNN),0.0,0.0
AETAVSO3HXKDRFBRHQA4CORUG3PA,Content (Avg Emb),0.0,0.0
AETAVSO3HXKDRFBRHQA4CORUG3PA,Last-Item,0.1,0.0
AETAVSO3HXKDRFBRHQA4CORUG3PA,Avg-Last-10,0.1,0.0
AETAVSO3HXKDRFBRHQA4CORUG3PA,Recency-Weighted,0.1,0.0
AETAVSO3HXKDRFBRHQA4CORUG3PA,Essence (K=10),0.0,0.0
AETDMM5SY5FN2SYSFYZLD3625MCQ,Random,0.0,0.0
AETDMM5SY5FN2SYSFYZLD3625MCQ,Popularity,0.0,0.0
AETDMM5SY5FN2SYSFYZLD3625MCQ,CF (ItemKNN),0.0,0.0
AETDMM5SY5FN2SYSFYZLD3625MCQ,Content (Avg Emb),0.0,0.0
AETDMM5SY5FN2SYSFYZLD3625MCQ,Last-Item,0.0,0.0
AETDMM5SY5FN2SYSFYZLD3625MCQ,Avg-Last-10,0.0,0.0
AETDMM5SY5FN2SYSFYZLD3625MCQ,Recency-Weighted,0.0,0.0
AETDMM5SY5FN2SYSFYZLD3625MCQ,Essence (K=10),0.0,0.0
AETGZKV4UTV6QCXX2UCNTA7JDLRA,Random,0.0,0.0
AETGZKV4UTV6QCXX2UCNTA7JDLRA,Popularity,0.0,0.0
AETGZKV4UTV6QCXX2UCNTA7JDLRA,CF (ItemKNN),0.0,0.0
AETGZKV4UTV6QCXX2UCNTA7JDLRA,Content (Avg Emb),0.0,0.0
AETGZKV4UTV6QCXX2UCNTA7JDLRA,Last-Item,0.0,0.0
AETGZKV4UTV6QCXX2UCNTA7JDLRA,Avg-Last-10,0.0,0.0
AETGZKV4UTV6QCXX2UCNTA7JDLRA,Recency-Weighted,0.0,0.0
AETGZKV4UTV6QCXX2UCNTA7JDLRA,Essence (K=10),0.0,0.0
AETHFQKNOLIOWUZQE5FWM22X62YA,Random,0.0,
AETHFQKNOLIOWUZQE5FWM22X62YA,Popularity,0.0,
AETHFQKNOLIOWUZQE5FWM22X62YA,CF (ItemKNN),0.0,
AETHFQKNOLIOWUZQE5FWM22X62YA,Content (Avg Emb),0.0,
AETHFQKNOLIOWUZQE5FWM22X62YA,Last-Item,0.0,
AETHFQKNOLIOWUZQE5FWM22X62YA,Avg-Last-10,0.0,
AETHFQKNOLIOWUZQE5FWM22X62YA,Recency-Weighted,0.0,
AETHFQKNOLIOWUZQE5FWM22X62YA,Essence (K=10),0.0,
AETJ4MBRM5GNGM4ABXDMBE66N4JA,Random,0.0,0.0
AETJ4MBRM5GNGM4ABXDMBE66N4JA,Popularity,0.0,0.0
AETJ4MBRM5GNGM4ABXDMBE66N4JA,CF (ItemKNN),0.0,0.0
AETJ4MBRM5GNGM4ABXDMBE66N4JA,Content (Avg Emb),0.0,0.0
AETJ4MBRM5GNGM4ABXDMBE66N4JA,Last-Item,0.0,0.0
AETJ4MBRM5GNGM4ABXDMBE66N4JA,Avg-Last-10,0.0,0.0
AETJ4MBRM5GNGM4ABXDMBE66N4JA,Recency-Weighted,0.0,0.0
AETJ4MBRM5GNGM4ABXDMBE66N4JA,Essence (K=10),0.0,0.0
AETL7MLU7L5WUH6WF3JEIJAO7ENQ,Random,0.0,0.0
AETL7MLU7L5WUH6WF3JEIJAO7ENQ,Popularity,0.0,0.0
AETL7MLU7L5WUH6WF3JEIJAO7ENQ,CF (ItemKNN),0.0,0.0
AETL7MLU7L5WUH6WF3JEIJAO7ENQ,Content (Avg Emb),0.0,0.0
AETL7MLU7L5WUH6WF3JEIJAO7ENQ,Last-Item,0.07142857142857142,0.0
AETL7MLU7L5WUH6WF3JEIJAO7ENQ,Avg-Last-10,0.07142857142857142,0.0
AETL7MLU7L5WUH6WF3JEIJAO7ENQ,Recency-Weighted,0.07142857142857142,0.0
AETL7MLU7L5WUH6WF3JEIJAO7ENQ,Essence (K=10),0.0,0.0
AETLICRK5ML2FLHT32X3SAD32SBA,Random,0.0,
AETLICRK5ML2FLHT32X3SAD32SBA,Popularity,0.0,
AETLICRK5ML2FLHT32X3SAD32SBA,CF (ItemKNN),0.0,
AETLICRK5ML2FLHT32X3SAD32SBA,Content (Avg Emb),0.0,
AETLICRK5ML2FLHT32X3SAD32SBA,Last-Item,0.0,
AETLICRK5ML2FLHT32X3SAD32SBA,Avg-Last-10,0.0,
AETLICRK5ML2FLHT32X3SAD32SBA,Recency-Weighted,0.0,
AETLICRK5ML2FLHT32X3SAD32SBA,Essence (K=10),0.0,
AETM2VTUN7M53KA3XL3ZAQIYW5SA,Random,0.0,0.0
AETM2VTUN7M53KA3XL3ZAQIYW5SA,Popularity,0.0,0.0
AETM2VTUN7M53KA3XL3ZAQIYW5SA,CF (ItemKNN),0.0,0.0
AETM2VTUN7M53KA3XL3ZAQIYW5SA,Content (Avg Emb),0.0,0.0
AETM2VTUN7M53KA3XL3ZAQIYW5SA,Last-Item,0.0,0.0
AETM2VTUN7M53KA3XL3ZAQIYW5SA,Avg-Last-10,0.0,0.0
AETM2VTUN7M53KA3XL3ZAQIYW5SA,Recency-Weighted,0.0,0.0
AETM2VTUN7M53KA3XL3ZAQIYW5SA,Essence (K=10),0.0,0.0
AETMMTLGCHZHKZ6NOKYQ6UPESONQ,Random,0.0,
AETMMTLGCHZHKZ6NOKYQ6UPESONQ,Popularity,0.0,
AETMMTLGCHZHKZ6NOKYQ6UPESONQ,CF (ItemKNN),0.0,
AETMMTLGCHZHKZ6NOKYQ6UPESONQ,Content (Avg Emb),0.0,
AETMMTLGCHZHKZ6NOKYQ6UPESONQ,Last-Item,0.0,
AETMMTLGCHZHKZ6NOKYQ6UPESONQ,Avg-Last-10,0.0,
AETMMTLGCHZHKZ6NOKYQ6UPESONQ,Recency-Weighted,0.0,
AETMMTLGCHZHKZ6NOKYQ6UPESONQ,Essence (K=10),0.0,
AETPDUOADFV3CCRH3UJOMDZVUJVA,Random,0.0,0.0
AETPDUOADFV3CCRH3UJOMDZVUJVA,Popularity,0.0,0.0
AETPDUOADFV3CCRH3UJOMDZVUJVA,CF (ItemKNN),0.0,0.0
AETPDUOADFV3CCRH3UJOMDZVUJVA,Content (Avg Emb),0.0,0.0
AETPDUOADFV3CCRH3UJOMDZVUJVA,Last-Item,0.0,0.0
AETPDUOADFV3CCRH3UJOMDZVUJVA,Avg-Last-10,0.0,0.0
AETPDUOADFV3CCRH3UJOMDZVUJVA,Recency-Weighted,0.0,0.0
AETPDUOADFV3CCRH3UJOMDZVUJVA,Essence (K=10),0.0,0.0
AETWUC6OKR5FITZT75GMISVZQNFQ,Random,0.0,0.0
AETWUC6OKR5FITZT75GMISVZQNFQ,Popularity,0.0,0.0
AETWUC6OKR5FITZT75GMISVZQNFQ,CF (ItemKNN),0.0,0.0
AETWUC6OKR5FITZT75GMISVZQNFQ,Content (Avg Emb),0.0,0.0
AETWUC6OKR5FITZT75GMISVZQNFQ,Last-Item,0.0,0.0
AETWUC6OKR5FITZT75GMISVZQNFQ,Avg-Last-10,0.0,0.0
AETWUC6OKR5FITZT75GMISVZQNFQ,Recency-Weighted,0.0,0.0
AETWUC6OKR5FITZT75GMISVZQNFQ,Essence (K=10),0.0,0.0
AETZDWMBP52J2UKWLQF6KOQ67FPA,Random,0.0,0.0
AETZDWMBP52J2UKWLQF6KOQ67FPA,Popularity,0.0,0.0
AETZDWMBP52J2UKWLQF6KOQ67FPA,CF (ItemKNN),0.0,0.0
AETZDWMBP52J2UKWLQF6KOQ67FPA,Content (Avg Emb),0.0,0.0
AETZDWMBP52J2UKWLQF6KOQ67FPA,Last-Item,0.09090909090909091,0.0
AETZDWMBP52J2UKWLQF6KOQ67FPA,Avg-Last-10,0.09090909090909091,0.0
AETZDWMBP52J2UKWLQF6KOQ67FPA,Recency-Weighted,0.09090909090909091,0.0
AETZDWMBP52J2UKWLQF6KOQ67FPA,Essence (K=10),0.0,0.0
AEU363UKZYDAJIQM3HORUEJADHFQ,Random,0.0,
AEU363UKZYDAJIQM3HORUEJADHFQ,Popularity,0.0,
AEU363UKZYDAJIQM3HORUEJADHFQ,CF (ItemKNN),0.0,
AEU363UKZYDAJIQM3HORUEJADHFQ,Content (Avg Emb),0.0,
AEU363UKZYDAJIQM3HORUEJADHFQ,Last-Item,0.0,
AEU363UKZYDAJIQM3HORUEJADHFQ,Avg-Last-10,0.0,
AEU363UKZYDAJIQM3HORUEJADHFQ,Recency-Weighted,0.0,
AEU363UKZYDAJIQM3HORUEJADHFQ,Essence (K=10),0.0,
AEUAQ6BAUEBP2C754LR3ILYHP54Q,Random,0.0,
AEUAQ6BAUEBP2C754LR3ILYHP54Q,Popularity,0.0,
AEUAQ6BAUEBP2C754LR3ILYHP54Q,CF (ItemKNN),0.0,
AEUAQ6BAUEBP2C754LR3ILYHP54Q,Content (Avg Emb),0.0,
AEUAQ6BAUEBP2C754LR3ILYHP54Q,Last-Item,0.0,
AEUAQ6BAUEBP2C754LR3ILYHP54Q,Avg-Last-10,0.0,
AEUAQ6BAUEBP2C754LR3ILYHP54Q,Recency-Weighted,0.0,
AEUAQ6BAUEBP2C754LR3ILYHP54Q,Essence (K=10),0.0,
AEUBAOAFKGQOU3PNOINHVFXA7YVA,Random,0.0,0.0
AEUBAOAFKGQOU3PNOINHVFXA7YVA,Popularity,0.0,0.0
AEUBAOAFKGQOU3PNOINHVFXA7YVA,CF (ItemKNN),0.0,0.0
AEUBAOAFKGQOU3PNOINHVFXA7YVA,Content (Avg Emb),0.0,0.0
AEUBAOAFKGQOU3PNOINHVFXA7YVA,Last-Item,0.0,0.0
AEUBAOAFKGQOU3PNOINHVFXA7YVA,Avg-Last-10,0.0,0.0
AEUBAOAFKGQOU3PNOINHVFXA7YVA,Recency-Weighted,0.0,0.0
AEUBAOAFKGQOU3PNOINHVFXA7YVA,Essence (K=10),0.0,0.0
AEUC65FVVPRD4IR6WFZ7T4HELRPA,Random,0.0,0.0
AEUC65FVVPRD4IR6WFZ7T4HELRPA,Popularity,0.0,0.0
AEUC65FVVPRD4IR6WFZ7T4HELRPA,CF (ItemKNN),0.0,0.0
AEUC65FVVPRD4IR6WFZ7T4HELRPA,Content (Avg Emb),0.0,0.0
AEUC65FVVPRD4IR6WFZ7T4HELRPA,Last-Item,0.0,0.0
AEUC65FVVPRD4IR6WFZ7T4HELRPA,Avg-Last-10,0.14285714285714285,0.0
AEUC65FVVPRD4IR6WFZ7T4HELRPA,Recency-Weighted,0.14285714285714285,0.0
AEUC65FVVPRD4IR6WFZ7T4HELRPA,Essence (K=10),0.14285714285714285,0.0
AEUFUPSBNIEJVVSFJA7WT45H3FIA,Random,0.0,0.0
AEUFUPSBNIEJVVSFJA7WT45H3FIA,Popularity,0.0,0.0
AEUFUPSBNIEJVVSFJA7WT45H3FIA,CF (ItemKNN),0.14285714285714285,0.25
AEUFUPSBNIEJVVSFJA7WT45H3FIA,Content (Avg Emb),0.0,0.0
AEUFUPSBNIEJVVSFJA7WT45H3FIA,Last-Item,0.14285714285714285,0.0
AEUFUPSBNIEJVVSFJA7WT45H3FIA,Avg-Last-10,0.0,0.0
AEUFUPSBNIEJVVSFJA7WT45H3FIA,Recency-Weighted,0.0,0.0
AEUFUPSBNIEJVVSFJA7WT45H3FIA,Essence (K=10),0.0,0.0
AEUJYELFRFKKOCSJXG4RA4WBT6JA,Random,0.0,0.0
AEUJYELFRFKKOCSJXG4RA4WBT6JA,Popularity,0.0,0.0
AEUJYELFRFKKOCSJXG4RA4WBT6JA,CF (ItemKNN),0.0,0.0
AEUJYELFRFKKOCSJXG4RA4WBT6JA,Content (Avg Emb),0.0,0.0
AEUJYELFRFKKOCSJXG4RA4WBT6JA,Last-Item,0.0,0.0
AEUJYELFRFKKOCSJXG4RA4WBT6JA,Avg-Last-10,0.0,0.0
AEUJYELFRFKKOCSJXG4RA4WBT6JA,Recency-Weighted,0.0,0.0
AEUJYELFRFKKOCSJXG4RA4WBT6JA,Essence (K=10),0.0,0.0
AEUMFDOLSWFRNLMYKC2RV7A7ES4Q,Random,0.0,0.0
AEUMFDOLSWFRNLMYKC2RV7A7ES4Q,Popularity,0.0,0.0
AEUMFDOLSWFRNLMYKC2RV7A7ES4Q,CF (ItemKNN),0.0,0.0
AEUMFDOLSWFRNLMYKC2RV7A7ES4Q,Content (Avg Emb),0.0,0.0
AEUMFDOLSWFRNLMYKC2RV7A7ES4Q,Last-Item,0.16666666666666666,0.0
AEUMFDOLSWFRNLMYKC2RV7A7ES4Q,Avg-Last-10,0.0,0.0
AEUMFDOLSWFRNLMYKC2RV7A7ES4Q,Recency-Weighted,0.0,0.0
AEUMFDOLSWFRNLMYKC2RV7A7ES4Q,Essence (K=10),0.0,0.0
AEUMLDSGD5KI3XPQBXGHU6GT7YGQ,Random,0.0,0.0
AEUMLDSGD5KI3XPQBXGHU6GT7YGQ,Popularity,0.0,0.0
AEUMLDSGD5KI3XPQBXGHU6GT7YGQ,CF (ItemKNN),0.0,0.0
AEUMLDSGD5KI3XPQBXGHU6GT7YGQ,Content (Avg Emb),0.0,0.0
AEUMLDSGD5KI3XPQBXGHU6GT7YGQ,Last-Item,0.0,0.0
AEUMLDSGD5KI3XPQBXGHU6GT7YGQ,Avg-Last-10,0.0,0.0
AEUMLDSGD5KI3XPQBXGHU6GT7YGQ,Recency-Weighted,0.0,0.0
AEUMLDSGD5KI3XPQBXGHU6GT7YGQ,Essence (K=10),0.0,0.0
AEURBNPPIPFXC6RH7K73PBQGXLXQ,Random,0.0,
AEURBNPPIPFXC6RH7K73PBQGXLXQ,Popularity,0.0,
AEURBNPPIPFXC6RH7K73PBQGXLXQ,CF (ItemKNN),0.0,
AEURBNPPIPFXC6RH7K73PBQGXLXQ,Content (Avg Emb),0.14285714285714285,
AEURBNPPIPFXC6RH7K73PBQGXLXQ,Last-Item,0.0,
AEURBNPPIPFXC6RH7K73PBQGXLXQ,Avg-Last-10,0.0,
AEURBNPPIPFXC6RH7K73PBQGXLXQ,Recency-Weighted,0.0,
AEURBNPPIPFXC6RH7K73PBQGXLXQ,Essence (K=10),0.0,
AEUTGDDNES4E2ETKOVDJPDAZZVPA,Random,0.0,0.0
AEUTGDDNES4E2ETKOVDJPDAZZVPA,Popularity,0.0,0.0
AEUTGDDNES4E2ETKOVDJPDAZZVPA,CF (ItemKNN),0.0,0.0
AEUTGDDNES4E2ETKOVDJPDAZZVPA,Content (Avg Emb),0.0,0.0
AEUTGDDNES4E2ETKOVDJPDAZZVPA,Last-Item,0.0,0.0
AEUTGDDNES4E2ETKOVDJPDAZZVPA,Avg-Last-10,0.0,0.0
AEUTGDDNES4E2ETKOVDJPDAZZVPA,Recency-Weighted,0.0,0.0
AEUTGDDNES4E2ETKOVDJPDAZZVPA,Essence (K=10),0.0,0.0
AEUTRPJTBCIP6WJMGCYVCEMXIVHQ,Random,0.0,
AEUTRPJTBCIP6WJMGCYVCEMXIVHQ,Popularity,0.0,
AEUTRPJTBCIP6WJMGCYVCEMXIVHQ,CF (ItemKNN),0.0,
AEUTRPJTBCIP6WJMGCYVCEMXIVHQ,Content (Avg Emb),0.0,
AEUTRPJTBCIP6WJMGCYVCEMXIVHQ,Last-Item,0.0,
AEUTRPJTBCIP6WJMGCYVCEMXIVHQ,Avg-Last-10,0.0,
AEUTRPJTBCIP6WJMGCYVCEMXIVHQ,Recency-Weighted,0.0,
AEUTRPJTBCIP6WJMGCYVCEMXIVHQ,Essence (K=10),0.0,
AEUV3ZV45K3VPIZ4Q5K3QSYVWUCQ,Random,0.0,0.0
AEUV3ZV45K3VPIZ4Q5K3QSYVWUCQ,Popularity,0.0,0.0
AEUV3ZV45K3VPIZ4Q5K3QSYVWUCQ,CF (ItemKNN),0.0,0.0
AEUV3ZV45K3VPIZ4Q5K3QSYVWUCQ,Content (Avg Emb),0.0,0.0
AEUV3ZV45K3VPIZ4Q5K3QSYVWUCQ,Last-Item,0.0,0.0
AEUV3ZV45K3VPIZ4Q5K3QSYVWUCQ,Avg-Last-10,0.0,0.0
AEUV3ZV45K3VPIZ4Q5K3QSYVWUCQ,Recency-Weighted,0.0,0.0
AEUV3ZV45K3VPIZ4Q5K3QSYVWUCQ,Essence (K=10),0.0,0.0
AEUVGQNEBFTZD5J5WTX4ABZZSJOQ,Random,0.0,0.0
AEUVGQNEBFTZD5J5WTX4ABZZSJOQ,Popularity,0.0,0.0
AEUVGQNEBFTZD5J5WTX4ABZZSJOQ,CF (ItemKNN),0.0,0.0
AEUVGQNEBFTZD5J5WTX4ABZZSJOQ,Content (Avg Emb),0.0,0.0
AEUVGQNEBFTZD5J5WTX4ABZZSJOQ,Last-Item,0.0,0.0
AEUVGQNEBFTZD5J5WTX4ABZZSJOQ,Avg-Last-10,0.0,0.0
AEUVGQNEBFTZD5J5WTX4ABZZSJOQ,Recency-Weighted,0.0,0.0
AEUVGQNEBFTZD5J5WTX4ABZZSJOQ,Essence (K=10),0.0,0.0
AEUXRON6PKPZSFOSAK4JSP2TSUSQ,Random,0.0,0.0
AEUXRON6PKPZSFOSAK4JSP2TSUSQ,Popularity,0.0,0.0
AEUXRON6PKPZSFOSAK4JSP2TSUSQ,CF (ItemKNN),0.0,0.0
AEUXRON6PKPZSFOSAK4JSP2TSUSQ,Content (Avg Emb),0.0,0.0
AEUXRON6PKPZSFOSAK4JSP2TSUSQ,Last-Item,0.0,0.0
AEUXRON6PKPZSFOSAK4JSP2TSUSQ,Avg-Last-10,0.0,0.0
AEUXRON6PKPZSFOSAK4JSP2TSUSQ,Recency-Weighted,0.0,0.0
AEUXRON6PKPZSFOSAK4JSP2TSUSQ,Essence (K=10),0.0,0.0
AEUYVL7UZ5MYKDNJCBZDXFZ5P6BQ,Random,0.0,0.0
AEUYVL7UZ5MYKDNJCBZDXFZ5P6BQ,Popularity,0.0,0.0
AEUYVL7UZ5MYKDNJCBZDXFZ5P6BQ,CF (ItemKNN),0.0,0.0
AEUYVL7UZ5MYKDNJCBZDXFZ5P6BQ,Content (Avg Emb),0.0,0.0
AEUYVL7UZ5MYKDNJCBZDXFZ5P6BQ,Last-Item,0.0,0.0
AEUYVL7UZ5MYKDNJCBZDXFZ5P6BQ,Avg-Last-10,0.0,0.0
AEUYVL7UZ5MYKDNJCBZDXFZ5P6BQ,Recency-Weighted,0.0,0.0
AEUYVL7UZ5MYKDNJCBZDXFZ5P6BQ,Essence (K=10),0.0,0.0
AEV4QXAAVSEWKZQDPTC7IZLKMBFQ,Random,0.0,0.0
AEV4QXAAVSEWKZQDPTC7IZLKMBFQ,Popularity,0.0,0.0
AEV4QXAAVSEWKZQDPTC7IZLKMBFQ,CF (ItemKNN),0.0,0.0
AEV4QXAAVSEWKZQDPTC7IZLKMBFQ,Content (Avg Emb),0.0,0.0
AEV4QXAAVSEWKZQDPTC7IZLKMBFQ,Last-Item,0.0,0.0
AEV4QXAAVSEWKZQDPTC7IZLKMBFQ,Avg-Last-10,0.0,0.0
AEV4QXAAVSEWKZQDPTC7IZLKMBFQ,Recency-Weighted,0.0,0.0
AEV4QXAAVSEWKZQDPTC7IZLKMBFQ,Essence (K=10),0.0,0.0
AEVCEO2MLBDGKO35A6FMSHUQFHYA,Random,0.0,0.0
AEVCEO2MLBDGKO35A6FMSHUQFHYA,Popularity,0.0,0.0
AEVCEO2MLBDGKO35A6FMSHUQFHYA,CF (ItemKNN),0.0,0.0
AEVCEO2MLBDGKO35A6FMSHUQFHYA,Content (Avg Emb),0.0,0.0
AEVCEO2MLBDGKO35A6FMSHUQFHYA,Last-Item,0.0,0.0
AEVCEO2MLBDGKO35A6FMSHUQFHYA,Avg-Last-10,0.0,0.0
AEVCEO2MLBDGKO35A6FMSHUQFHYA,Recency-Weighted,0.0,0.0
AEVCEO2MLBDGKO35A6FMSHUQFHYA,Essence (K=10),0.0,0.0
AEVCH5QKYOGM6T6EFYIBDHH3MG7A,Random,0.0,0.0
AEVCH5QKYOGM6T6EFYIBDHH3MG7A,Popularity,0.0,0.0
AEVCH5QKYOGM6T6EFYIBDHH3MG7A,CF (ItemKNN),0.0,0.0
AEVCH5QKYOGM6T6EFYIBDHH3MG7A,Content (Avg Emb),0.0,0.0
AEVCH5QKYOGM6T6EFYIBDHH3MG7A,Last-Item,0.0,0.0
AEVCH5QKYOGM6T6EFYIBDHH3MG7A,Avg-Last-10,0.0,0.0
AEVCH5QKYOGM6T6EFYIBDHH3MG7A,Recency-Weighted,0.0,0.0
AEVCH5QKYOGM6T6EFYIBDHH3MG7A,Essence (K=10),0.0,0.0
AEVFWS7JFEKHYDZKH4SI5YDSNGJQ_1,Random,0.0,
AEVFWS7JFEKHYDZKH4SI5YDSNGJQ_1,Popularity,0.0,
AEVFWS7JFEKHYDZKH4SI5YDSNGJQ_1,CF (ItemKNN),0.0,
AEVFWS7JFEKHYDZKH4SI5YDSNGJQ_1,Content (Avg Emb),0.0,
AEVFWS7JFEKHYDZKH4SI5YDSNGJQ_1,Last-Item,0.0,
AEVFWS7JFEKHYDZKH4SI5YDSNGJQ_1,Avg-Last-10,0.0,
AEVFWS7JFEKHYDZKH4SI5YDSNGJQ_1,Recency-Weighted,0.0,
AEVFWS7JFEKHYDZKH4SI5YDSNGJQ_1,Essence (K=10),0.0,
AEVGETBJEI434MTECX36GSYQE43A,Random,0.0,0.0
AEVGETBJEI434MTECX36GSYQE43A,Popularity,0.0,0.0
AEVGETBJEI434MTECX36GSYQE43A,CF (ItemKNN),0.09090909090909091,0.0
AEVGETBJEI434MTECX36GSYQE43A,Content (Avg Emb),0.0,0.0
AEVGETBJEI434MTECX36GSYQE43A,Last-Item,0.0,0.0
AEVGETBJEI434MTECX36GSYQE43A,Avg-Last-10,0.0,0.0
AEVGETBJEI434MTECX36GSYQE43A,Recency-Weighted,0.0,0.0
AEVGETBJEI434MTECX36GSYQE43A,Essence (K=10),0.0,0.0
AEVMLPY3DSTJN64GHYSPXJ5SXSFQ,Random,0.0,
AEVMLPY3DSTJN64GHYSPXJ5SXSFQ,Popularity,0.0,
AEVMLPY3DSTJN64GHYSPXJ5SXSFQ,CF (ItemKNN),0.0,
AEVMLPY3DSTJN64GHYSPXJ5SXSFQ,Content (Avg Emb),0.0,
AEVMLPY3DSTJN64GHYSPXJ5SXSFQ,Last-Item,0.5,
AEVMLPY3DSTJN64GHYSPXJ5SXSFQ,Avg-Last-10,0.25,
AEVMLPY3DSTJN64GHYSPXJ5SXSFQ,Recency-Weighted,0.5,
AEVMLPY3DSTJN64GHYSPXJ5SXSFQ,Essence (K=10),0.25,
AEVNCMXO5X6W4VWAGOSD4OHYA7ZA,Random,0.0,0.0
AEVNCMXO5X6W4VWAGOSD4OHYA7ZA,Popularity,0.0,0.0
AEVNCMXO5X6W4VWAGOSD4OHYA7ZA,CF (ItemKNN),0.0,0.0
AEVNCMXO5X6W4VWAGOSD4OHYA7ZA,Content (Avg Emb),0.0,0.0
AEVNCMXO5X6W4VWAGOSD4OHYA7ZA,Last-Item,0.0,0.0
AEVNCMXO5X6W4VWAGOSD4OHYA7ZA,Avg-Last-10,0.0,0.0
AEVNCMXO5X6W4VWAGOSD4OHYA7ZA,Recency-Weighted,0.0,0.0
AEVNCMXO5X6W4VWAGOSD4OHYA7ZA,Essence (K=10),0.0,0.0
AEVNHH4CFFSOX3LMJ5HVCOPLLCLA,Random,0.0,
AEVNHH4CFFSOX3LMJ5HVCOPLLCLA,Popularity,0.0,
AEVNHH4CFFSOX3LMJ5HVCOPLLCLA,CF (ItemKNN),0.0,
AEVNHH4CFFSOX3LMJ5HVCOPLLCLA,Content (Avg Emb),0.0,
AEVNHH4CFFSOX3LMJ5HVCOPLLCLA,Last-Item,0.0,
AEVNHH4CFFSOX3LMJ5HVCOPLLCLA,Avg-Last-10,0.0,
AEVNHH4CFFSOX3LMJ5HVCOPLLCLA,Recency-Weighted,0.0,
AEVNHH4CFFSOX3LMJ5HVCOPLLCLA,Essence (K=10),0.0,
AEVRVFOPUZ4NR7SX3NFSEHHXPALQ,Random,0.0,0.0
AEVRVFOPUZ4NR7SX3NFSEHHXPALQ,Popularity,0.0,0.0
AEVRVFOPUZ4NR7SX3NFSEHHXPALQ,CF (ItemKNN),0.0,0.0
AEVRVFOPUZ4NR7SX3NFSEHHXPALQ,Content (Avg Emb),0.0,0.0
AEVRVFOPUZ4NR7SX3NFSEHHXPALQ,Last-Item,0.25,0.0
AEVRVFOPUZ4NR7SX3NFSEHHXPALQ,Avg-Last-10,0.0,0.0
AEVRVFOPUZ4NR7SX3NFSEHHXPALQ,Recency-Weighted,0.0,0.0
AEVRVFOPUZ4NR7SX3NFSEHHXPALQ,Essence (K=10),0.0,0.0
AEVWLT3QLIVGYICLNASHYKABY5GA,Random,0.0,0.0
AEVWLT3QLIVGYICLNASHYKABY5GA,Popularity,0.0,0.0
AEVWLT3QLIVGYICLNASHYKABY5GA,CF (ItemKNN),0.0,0.0
AEVWLT3QLIVGYICLNASHYKABY5GA,Content (Avg Emb),0.0,0.0
AEVWLT3QLIVGYICLNASHYKABY5GA,Last-Item,0.0,0.0
AEVWLT3QLIVGYICLNASHYKABY5GA,Avg-Last-10,0.0,0.0
AEVWLT3QLIVGYICLNASHYKABY5GA,Recency-Weighted,0.0,0.0
AEVWLT3QLIVGYICLNASHYKABY5GA,Essence (K=10),0.0,0.0
AEVXHXOXDC6I6RANGMEARPML4T3A,Random,0.0,0.0
AEVXHXOXDC6I6RANGMEARPML4T3A,Popularity,0.0,0.0
AEVXHXOXDC6I6RANGMEARPML4T3A,CF (ItemKNN),0.25,1.0
AEVXHXOXDC6I6RANGMEARPML4T3A,Content (Avg Emb),0.0,0.0
AEVXHXOXDC6I6RANGMEARPML4T3A,Last-Item,0.0,0.0
AEVXHXOXDC6I6RANGMEARPML4T3A,Avg-Last-10,0.0,0.0
AEVXHXOXDC6I6RANGMEARPML4T3A,Recency-Weighted,0.0,0.0
AEVXHXOXDC6I6RANGMEARPML4T3A,Essence (K=10),0.0,0.0
AEW4RPVXEM4M2ZG24USV5SPAGXGQ,Random,0.0,0.0
AEW4RPVXEM4M2ZG24USV5SPAGXGQ,Popularity,0.0,0.0
AEW4RPVXEM4M2ZG24USV5SPAGXGQ,CF (ItemKNN),0.0,0.0
AEW4RPVXEM4M2ZG24USV5SPAGXGQ,Content (Avg Emb),0.0,0.0
AEW4RPVXEM4M2ZG24USV5SPAGXGQ,Last-Item,0.0,0.0
AEW4RPVXEM4M2ZG24USV5SPAGXGQ,Avg-Last-10,0.0,0.0
AEW4RPVXEM4M2ZG24USV5SPAGXGQ,Recency-Weighted,0.0,0.0
AEW4RPVXEM4M2ZG24USV5SPAGXGQ,Essence (K=10),0.0,0.0
AEW5YGBV6XCC6EVCARQEDFZL3DGA,Random,0.0,0.0
AEW5YGBV6XCC6EVCARQEDFZL3DGA,Popularity,0.0,0.0
AEW5YGBV6XCC6EVCARQEDFZL3DGA,CF (ItemKNN),0.0,0.0
AEW5YGBV6XCC6EVCARQEDFZL3DGA,Content (Avg Emb),0.0,0.0
AEW5YGBV6XCC6EVCARQEDFZL3DGA,Last-Item,0.0,0.0
AEW5YGBV6XCC6EVCARQEDFZL3DGA,Avg-Last-10,0.0,0.0
AEW5YGBV6XCC6EVCARQEDFZL3DGA,Recency-Weighted,0.0,0.0
AEW5YGBV6XCC6EVCARQEDFZL3DGA,Essence (K=10),0.0,0.0
AEW65CDJYT5YSZCLVF4YWGODVOVQ,Random,0.0,0.0
AEW65CDJYT5YSZCLVF4YWGODVOVQ,Popularity,0.0,0.0
AEW65CDJYT5YSZCLVF4YWGODVOVQ,CF (ItemKNN),0.0,0.0
AEW65CDJYT5YSZCLVF4YWGODVOVQ,Content (Avg Emb),0.0,0.0
AEW65CDJYT5YSZCLVF4YWGODVOVQ,Last-Item,0.0,0.0
AEW65CDJYT5YSZCLVF4YWGODVOVQ,Avg-Last-10,0.0,0.0
AEW65CDJYT5YSZCLVF4YWGODVOVQ,Recency-Weighted,0.0,0.0
AEW65CDJYT5YSZCLVF4YWGODVOVQ,Essence (K=10),0.0,0.0
AEWCEZG2VZOMWVI4LNN6LPBGE3MQ,Random,0.0,0.0
AEWCEZG2VZOMWVI4LNN6LPBGE3MQ,Popularity,0.0,0.0
AEWCEZG2VZOMWVI4LNN6LPBGE3MQ,CF (ItemKNN),0.0,0.0
AEWCEZG2VZOMWVI4LNN6LPBGE3MQ,Content (Avg Emb),0.0,0.0
AEWCEZG2VZOMWVI4LNN6LPBGE3MQ,Last-Item,0.0,0.0
AEWCEZG2VZOMWVI4LNN6LPBGE3MQ,Avg-Last-10,0.0,0.0
AEWCEZG2VZOMWVI4LNN6LPBGE3MQ,Recency-Weighted,0.0,0.0
AEWCEZG2VZOMWVI4LNN6LPBGE3MQ,Essence (K=10),0.0,0.0
AEWDWRKNGH2YHYFTRS6PYLX56B3Q,Random,0.0,0.0
AEWDWRKNGH2YHYFTRS6PYLX56B3Q,Popularity,0.0,0.0
AEWDWRKNGH2YHYFTRS6PYLX56B3Q,CF (ItemKNN),0.0,0.0
AEWDWRKNGH2YHYFTRS6PYLX56B3Q,Content (Avg Emb),0.0,0.0
AEWDWRKNGH2YHYFTRS6PYLX56B3Q,Last-Item,0.0,0.0
AEWDWRKNGH2YHYFTRS6PYLX56B3Q,Avg-Last-10,0.0,0.0
AEWDWRKNGH2YHYFTRS6PYLX56B3Q,Recency-Weighted,0.0,0.0
AEWDWRKNGH2YHYFTRS6PYLX56B3Q,Essence (K=10),0.0,0.0
AEWGX53ZXJ4QFBD2L2ZS2SNIZ2QQ,Random,0.0,
AEWGX53ZXJ4QFBD2L2ZS2SNIZ2QQ,Popularity,0.0,
AEWGX53ZXJ4QFBD2L2ZS2SNIZ2QQ,CF (ItemKNN),0.0,
AEWGX53ZXJ4QFBD2L2ZS2SNIZ2QQ,Content (Avg Emb),0.0,
AEWGX53ZXJ4QFBD2L2ZS2SNIZ2QQ,Last-Item,0.0,
AEWGX53ZXJ4QFBD2L2ZS2SNIZ2QQ,Avg-Last-10,0.0,
AEWGX53ZXJ4QFBD2L2ZS2SNIZ2QQ,Recency-Weighted,0.0,
AEWGX53ZXJ4QFBD2L2ZS2SNIZ2QQ,Essence (K=10),0.0,
AEWH5HWZGIKNHHALMRYQYWMPMXJQ,Random,0.0,
AEWH5HWZGIKNHHALMRYQYWMPMXJQ,Popularity,0.0,
AEWH5HWZGIKNHHALMRYQYWMPMXJQ,CF (ItemKNN),0.0,
AEWH5HWZGIKNHHALMRYQYWMPMXJQ,Content (Avg Emb),0.0,
AEWH5HWZGIKNHHALMRYQYWMPMXJQ,Last-Item,0.0,
AEWH5HWZGIKNHHALMRYQYWMPMXJQ,Avg-Last-10,0.0,
AEWH5HWZGIKNHHALMRYQYWMPMXJQ,Recency-Weighted,0.0,
AEWH5HWZGIKNHHALMRYQYWMPMXJQ,Essence (K=10),0.0,
AEWMEUVQA6EXXSCQCIILJOCSEBYA,Random,0.0,0.0
AEWMEUVQA6EXXSCQCIILJOCSEBYA,Popularity,0.0,0.0
AEWMEUVQA6EXXSCQCIILJOCSEBYA,CF (ItemKNN),0.0,0.0
AEWMEUVQA6EXXSCQCIILJOCSEBYA,Content (Avg Emb),0.0,0.0
AEWMEUVQA6EXXSCQCIILJOCSEBYA,Last-Item,0.0,0.0
AEWMEUVQA6EXXSCQCIILJOCSEBYA,Avg-Last-10,0.0,0.0
AEWMEUVQA6EXXSCQCIILJOCSEBYA,Recency-Weighted,0.0,0.0
AEWMEUVQA6EXXSCQCIILJOCSEBYA,Essence (K=10),0.0,0.0
AEWPMOOE7SPJHMIOC3FAEUFWI6PQ,Random,0.0,0.0
AEWPMOOE7SPJHMIOC3FAEUFWI6PQ,Popularity,0.0,0.0
AEWPMOOE7SPJHMIOC3FAEUFWI6PQ,CF (ItemKNN),0.0,0.0
AEWPMOOE7SPJHMIOC3FAEUFWI6PQ,Content (Avg Emb),0.0,0.0
AEWPMOOE7SPJHMIOC3FAEUFWI6PQ,Last-Item,0.0,0.0
AEWPMOOE7SPJHMIOC3FAEUFWI6PQ,Avg-Last-10,0.0,0.0
AEWPMOOE7SPJHMIOC3FAEUFWI6PQ,Recency-Weighted,0.0,0.0
AEWPMOOE7SPJHMIOC3FAEUFWI6PQ,Essence (K=10),0.0,0.0
AEWPYBLMLTPRNICDDHY6AGJ4F7WA,Random,0.0,
AEWPYBLMLTPRNICDDHY6AGJ4F7WA,Popularity,0.0,
AEWPYBLMLTPRNICDDHY6AGJ4F7WA,CF (ItemKNN),0.0,
AEWPYBLMLTPRNICDDHY6AGJ4F7WA,Content (Avg Emb),0.0,
AEWPYBLMLTPRNICDDHY6AGJ4F7WA,Last-Item,0.0,
AEWPYBLMLTPRNICDDHY6AGJ4F7WA,Avg-Last-10,0.0,
AEWPYBLMLTPRNICDDHY6AGJ4F7WA,Recency-Weighted,0.0,
AEWPYBLMLTPRNICDDHY6AGJ4F7WA,Essence (K=10),0.0,
AEWR6WXCPIT4PGV6DZDHCJIFYAOQ,Random,0.0,0.0
AEWR6WXCPIT4PGV6DZDHCJIFYAOQ,Popularity,0.0,0.0
AEWR6WXCPIT4PGV6DZDHCJIFYAOQ,CF (ItemKNN),0.0,0.0
AEWR6WXCPIT4PGV6DZDHCJIFYAOQ,Content (Avg Emb),0.0,0.0
AEWR6WXCPIT4PGV6DZDHCJIFYAOQ,Last-Item,0.125,0.5
AEWR6WXCPIT4PGV6DZDHCJIFYAOQ,Avg-Last-10,0.0,0.0
AEWR6WXCPIT4PGV6DZDHCJIFYAOQ,Recency-Weighted,0.0,0.0
AEWR6WXCPIT4PGV6DZDHCJIFYAOQ,Essence (K=10),0.0,0.0
AEWU72WZDRH4AAKH5VAYJ4FEZOEQ,Random,0.0,0.0
AEWU72WZDRH4AAKH5VAYJ4FEZOEQ,Popularity,0.0,0.0
AEWU72WZDRH4AAKH5VAYJ4FEZOEQ,CF (ItemKNN),0.0,0.0
AEWU72WZDRH4AAKH5VAYJ4FEZOEQ,Content (Avg Emb),0.0,0.0
AEWU72WZDRH4AAKH5VAYJ4FEZOEQ,Last-Item,0.0,0.0
AEWU72WZDRH4AAKH5VAYJ4FEZOEQ,Avg-Last-10,0.0,0.0
AEWU72WZDRH4AAKH5VAYJ4FEZOEQ,Recency-Weighted,0.0,0.0
AEWU72WZDRH4AAKH5VAYJ4FEZOEQ,Essence (K=10),0.0,0.0
AEWVZYFW2TOJX7ZW2URVPX7DNKEA,Random,0.0,0.0
AEWVZYFW2TOJX7ZW2URVPX7DNKEA,Popularity,0.0,0.0
AEWVZYFW2TOJX7ZW2URVPX7DNKEA,CF (ItemKNN),0.0,0.0
AEWVZYFW2TOJX7ZW2URVPX7DNKEA,Content (Avg Emb),0.0,0.0
AEWVZYFW2TOJX7ZW2URVPX7DNKEA,Last-Item,0.0,0.0
AEWVZYFW2TOJX7ZW2URVPX7DNKEA,Avg-Last-10,0.0,0.0
AEWVZYFW2TOJX7ZW2URVPX7DNKEA,Recency-Weighted,0.0,0.0
AEWVZYFW2TOJX7ZW2URVPX7DNKEA,Essence (K=10),0.0,0.0
AEWYGPQBILQDXC3K57YRTLTFMRPQ,Random,0.0,
AEWYGPQBILQDXC3K57YRTLTFMRPQ,Popularity,0.0,
AEWYGPQBILQDXC3K57YRTLTFMRPQ,CF (ItemKNN),0.0,
AEWYGPQBILQDXC3K57YRTLTFMRPQ,Content (Avg Emb),0.0,
AEWYGPQBILQDXC3K57YRTLTFMRPQ,Last-Item,0.0,
AEWYGPQBILQDXC3K57YRTLTFMRPQ,Avg-Last-10,0.0,
AEWYGPQBILQDXC3K57YRTLTFMRPQ,Recency-Weighted,0.0,
AEWYGPQBILQDXC3K57YRTLTFMRPQ,Essence (K=10),0.0,
AEWYJHC343CEBQA4D2NYEXWEMMBA,Random,0.0,0.0
AEWYJHC343CEBQA4D2NYEXWEMMBA,Popularity,0.0,0.0
AEWYJHC343CEBQA4D2NYEXWEMMBA,CF (ItemKNN),0.0,0.0
AEWYJHC343CEBQA4D2NYEXWEMMBA,Content (Avg Emb),0.0,0.0
AEWYJHC343CEBQA4D2NYEXWEMMBA,Last-Item,0.0,0.0
AEWYJHC343CEBQA4D2NYEXWEMMBA,Avg-Last-10,0.0,0.0
AEWYJHC343CEBQA4D2NYEXWEMMBA,Recency-Weighted,0.0,0.0
AEWYJHC343CEBQA4D2NYEXWEMMBA,Essence (K=10),0.0,0.0
AEX5GC2MUOFDEU773WTUTKEIYBBA,Random,0.0,
AEX5GC2MUOFDEU773WTUTKEIYBBA,Popularity,0.0,
AEX5GC2MUOFDEU773WTUTKEIYBBA,CF (ItemKNN),0.0,
AEX5GC2MUOFDEU773WTUTKEIYBBA,Content (Avg Emb),0.0,
AEX5GC2MUOFDEU773WTUTKEIYBBA,Last-Item,0.14285714285714285,
AEX5GC2MUOFDEU773WTUTKEIYBBA,Avg-Last-10,0.14285714285714285,
AEX5GC2MUOFDEU773WTUTKEIYBBA,Recency-Weighted,0.14285714285714285,
AEX5GC2MUOFDEU773WTUTKEIYBBA,Essence (K=10),0.14285714285714285,
AEXCOZSO5AAEP72BQOJ4X3SXEJOA,Random,0.0,
AEXCOZSO5AAEP72BQOJ4X3SXEJOA,Popularity,0.0,
AEXCOZSO5AAEP72BQOJ4X3SXEJOA,CF (ItemKNN),0.0,
AEXCOZSO5AAEP72BQOJ4X3SXEJOA,Content (Avg Emb),0.0,
AEXCOZSO5AAEP72BQOJ4X3SXEJOA,Last-Item,0.0,
AEXCOZSO5AAEP72BQOJ4X3SXEJOA,Avg-Last-10,0.0,
AEXCOZSO5AAEP72BQOJ4X3SXEJOA,Recency-Weighted,0.0,
AEXCOZSO5AAEP72BQOJ4X3SXEJOA,Essence (K=10),0.0,
AEXIAZTZN4SHUGEE5UCLXGIOE73A,Random,0.0,0.0
AEXIAZTZN4SHUGEE5UCLXGIOE73A,Popularity,0.0,0.0
AEXIAZTZN4SHUGEE5UCLXGIOE73A,CF (ItemKNN),0.0,0.0
AEXIAZTZN4SHUGEE5UCLXGIOE73A,Content (Avg Emb),0.0,0.0
AEXIAZTZN4SHUGEE5UCLXGIOE73A,Last-Item,0.08333333333333333,0.0
AEXIAZTZN4SHUGEE5UCLXGIOE73A,Avg-Last-10,0.0,0.0
AEXIAZTZN4SHUGEE5UCLXGIOE73A,Recency-Weighted,0.0,0.0
AEXIAZTZN4SHUGEE5UCLXGIOE73A,Essence (K=10),0.0,0.0
AEXLIO2TQ54WUO35IW2XHRTS745A,Random,0.0,0.0
AEXLIO2TQ54WUO35IW2XHRTS745A,Popularity,0.0,0.0
AEXLIO2TQ54WUO35IW2XHRTS745A,CF (ItemKNN),0.0,0.0
AEXLIO2TQ54WUO35IW2XHRTS745A,Content (Avg Emb),0.0,0.0
AEXLIO2TQ54WUO35IW2XHRTS745A,Last-Item,0.0,0.0
AEXLIO2TQ54WUO35IW2XHRTS745A,Avg-Last-10,0.0,0.0
AEXLIO2TQ54WUO35IW2XHRTS745A,Recency-Weighted,0.0,0.0
AEXLIO2TQ54WUO35IW2XHRTS745A,Essence (K=10),0.0,0.0
AEXNHMZT2MQHA3THV67O425TMGQQ,Random,0.0,
AEXNHMZT2MQHA3THV67O425TMGQQ,Popularity,0.0,
AEXNHMZT2MQHA3THV67O425TMGQQ,CF (ItemKNN),0.0,
AEXNHMZT2MQHA3THV67O425TMGQQ,Content (Avg Emb),0.0,
AEXNHMZT2MQHA3THV67O425TMGQQ,Last-Item,0.0,
AEXNHMZT2MQHA3THV67O425TMGQQ,Avg-Last-10,0.0,
AEXNHMZT2MQHA3THV67O425TMGQQ,Recency-Weighted,0.0,
AEXNHMZT2MQHA3THV67O425TMGQQ,Essence (K=10),0.0,
AEXQ2VQ5KH33HD656KHNCZSD4A7A,Random,0.0,
AEXQ2VQ5KH33HD656KHNCZSD4A7A,Popularity,0.0,
AEXQ2VQ5KH33HD656KHNCZSD4A7A,CF (ItemKNN),0.0,
AEXQ2VQ5KH33HD656KHNCZSD4A7A,Content (Avg Emb),0.4,
AEXQ2VQ5KH33HD656KHNCZSD4A7A,Last-Item,0.2,
AEXQ2VQ5KH33HD656KHNCZSD4A7A,Avg-Last-10,0.4,
AEXQ2VQ5KH33HD656KHNCZSD4A7A,Recency-Weighted,0.4,
AEXQ2VQ5KH33HD656KHNCZSD4A7A,Essence (K=10),0.4,
AEXT3KNWPCSGLXGVNB5QWDJHKSAQ,Random,0.0,0.0
AEXT3KNWPCSGLXGVNB5QWDJHKSAQ,Popularity,0.0,0.0
AEXT3KNWPCSGLXGVNB5QWDJHKSAQ,CF (ItemKNN),0.0,0.0
AEXT3KNWPCSGLXGVNB5QWDJHKSAQ,Content (Avg Emb),0.0,0.0
AEXT3KNWPCSGLXGVNB5QWDJHKSAQ,Last-Item,0.0,0.0
AEXT3KNWPCSGLXGVNB5QWDJHKSAQ,Avg-Last-10,0.0,0.0
AEXT3KNWPCSGLXGVNB5QWDJHKSAQ,Recency-Weighted,0.0,0.0
AEXT3KNWPCSGLXGVNB5QWDJHKSAQ,Essence (K=10),0.0,0.0
AEXTTRTLXIISUXJGB776626WGDVQ,Random,0.0,0.0
AEXTTRTLXIISUXJGB776626WGDVQ,Popularity,0.0,0.0
AEXTTRTLXIISUXJGB776626WGDVQ,CF (ItemKNN),0.0,0.0
AEXTTRTLXIISUXJGB776626WGDVQ,Content (Avg Emb),0.0,0.0
AEXTTRTLXIISUXJGB776626WGDVQ,Last-Item,0.0,0.0
AEXTTRTLXIISUXJGB776626WGDVQ,Avg-Last-10,0.0,0.0
AEXTTRTLXIISUXJGB776626WGDVQ,Recency-Weighted,0.0,0.0
AEXTTRTLXIISUXJGB776626WGDVQ,Essence (K=10),0.0,0.0
AEXZF2KXCQ7D5OGTF7XO7TP7GX5Q,Random,0.0,0.0
AEXZF2KXCQ7D5OGTF7XO7TP7GX5Q,Popularity,0.0,0.0
AEXZF2KXCQ7D5OGTF7XO7TP7GX5Q,CF (ItemKNN),0.0,0.0
AEXZF2KXCQ7D5OGTF7XO7TP7GX5Q,Content (Avg Emb),0.0,0.0
AEXZF2KXCQ7D5OGTF7XO7TP7GX5Q,Last-Item,0.029411764705882353,0.25
AEXZF2KXCQ7D5OGTF7XO7TP7GX5Q,Avg-Last-10,0.0,0.0
AEXZF2KXCQ7D5OGTF7XO7TP7GX5Q,Recency-Weighted,0.0,0.0
AEXZF2KXCQ7D5OGTF7XO7TP7GX5Q,Essence (K=10),0.0,0.0
AEY3HKEIYO6BW7FHULBJ5MTN63TA,Random,0.0,0.0
AEY3HKEIYO6BW7FHULBJ5MTN63TA,Popularity,0.0,0.0
AEY3HKEIYO6BW7FHULBJ5MTN63TA,CF (ItemKNN),0.0,0.0
AEY3HKEIYO6BW7FHULBJ5MTN63TA,Content (Avg Emb),0.0,0.0
AEY3HKEIYO6BW7FHULBJ5MTN63TA,Last-Item,0.0,0.0
AEY3HKEIYO6BW7FHULBJ5MTN63TA,Avg-Last-10,0.0,0.0
AEY3HKEIYO6BW7FHULBJ5MTN63TA,Recency-Weighted,0.0,0.0
AEY3HKEIYO6BW7FHULBJ5MTN63TA,Essence (K=10),0.0,0.0
AEY3M4W4HOERQUPTUC4QC6YYTZWQ,Random,0.0,0.0
AEY3M4W4HOERQUPTUC4QC6YYTZWQ,Popularity,0.0,0.0
AEY3M4W4HOERQUPTUC4QC6YYTZWQ,CF (ItemKNN),0.0,0.0
AEY3M4W4HOERQUPTUC4QC6YYTZWQ,Content (Avg Emb),0.08333333333333333,0.0
AEY3M4W4HOERQUPTUC4QC6YYTZWQ,Last-Item,0.0,0.0
AEY3M4W4HOERQUPTUC4QC6YYTZWQ,Avg-Last-10,0.0,0.0
AEY3M4W4HOERQUPTUC4QC6YYTZWQ,Recency-Weighted,0.0,0.0
AEY3M4W4HOERQUPTUC4QC6YYTZWQ,Essence (K=10),0.08333333333333333,0.0
AEY5KQVPOIHBZZTHLW6ONEW5RUOA,Random,0.0,
AEY5KQVPOIHBZZTHLW6ONEW5RUOA,Popularity,0.0,
AEY5KQVPOIHBZZTHLW6ONEW5RUOA,CF (ItemKNN),0.0,
AEY5KQVPOIHBZZTHLW6ONEW5RUOA,Content (Avg Emb),0.0,
AEY5KQVPOIHBZZTHLW6ONEW5RUOA,Last-Item,0.0,
AEY5KQVPOIHBZZTHLW6ONEW5RUOA,Avg-Last-10,0.0,
AEY5KQVPOIHBZZTHLW6ONEW5RUOA,Recency-Weighted,0.0,
AEY5KQVPOIHBZZTHLW6ONEW5RUOA,Essence (K=10),0.0,
AEY7LDTXCTW5T7QI4T5XH7XI6KJA,Random,0.0,
AEY7LDTXCTW5T7QI4T5XH7XI6KJA,Popularity,0.0,
AEY7LDTXCTW5T7QI4T5XH7XI6KJA,CF (ItemKNN),0.0,
AEY7LDTXCTW5T7QI4T5XH7XI6KJA,Content (Avg Emb),0.0,
AEY7LDTXCTW5T7QI4T5XH7XI6KJA,Last-Item,0.0,
AEY7LDTXCTW5T7QI4T5XH7XI6KJA,Avg-Last-10,0.0,
AEY7LDTXCTW5T7QI4T5XH7XI6KJA,Recency-Weighted,0.0,
AEY7LDTXCTW5T7QI4T5XH7XI6KJA,Essence (K=10),0.0,
AEYA2XIPXJVOQ4TAWIQIGOOZRHPQ,Random,0.0,0.0
AEYA2XIPXJVOQ4TAWIQIGOOZRHPQ,Popularity,0.0,0.0
AEYA2XIPXJVOQ4TAWIQIGOOZRHPQ,CF (ItemKNN),0.0,0.0
AEYA2XIPXJVOQ4TAWIQIGOOZRHPQ,Content (Avg Emb),0.0,0.0
AEYA2XIPXJVOQ4TAWIQIGOOZRHPQ,Last-Item,0.0,0.0
AEYA2XIPXJVOQ4TAWIQIGOOZRHPQ,Avg-Last-10,0.0,0.0
AEYA2XIPXJVOQ4TAWIQIGOOZRHPQ,Recency-Weighted,0.0,0.0
AEYA2XIPXJVOQ4TAWIQIGOOZRHPQ,Essence (K=10),0.0,0.0
AEYARMTNNDIBPDJTC2TEJP4QFH4Q,Random,0.0,
AEYARMTNNDIBPDJTC2TEJP4QFH4Q,Popularity,0.13333333333333333,
AEYARMTNNDIBPDJTC2TEJP4QFH4Q,CF (ItemKNN),0.0,
AEYARMTNNDIBPDJTC2TEJP4QFH4Q,Content (Avg Emb),0.0,
AEYARMTNNDIBPDJTC2TEJP4QFH4Q,Last-Item,0.0,
AEYARMTNNDIBPDJTC2TEJP4QFH4Q,Avg-Last-10,0.0,
AEYARMTNNDIBPDJTC2TEJP4QFH4Q,Recency-Weighted,0.0,
AEYARMTNNDIBPDJTC2TEJP4QFH4Q,Essence (K=10),0.0,
AEYC3OEQPD4GEHB4YGN2GWDPBK7A,Random,0.0,0.0
AEYC3OEQPD4GEHB4YGN2GWDPBK7A,Popularity,0.0,0.0
AEYC3OEQPD4GEHB4YGN2GWDPBK7A,CF (ItemKNN),0.0,0.0
AEYC3OEQPD4GEHB4YGN2GWDPBK7A,Content (Avg Emb),0.0,0.0
AEYC3OEQPD4GEHB4YGN2GWDPBK7A,Last-Item,0.0,0.0
AEYC3OEQPD4GEHB4YGN2GWDPBK7A,Avg-Last-10,0.0,0.0
AEYC3OEQPD4GEHB4YGN2GWDPBK7A,Recency-Weighted,0.0,0.0
AEYC3OEQPD4GEHB4YGN2GWDPBK7A,Essence (K=10),0.0,0.0
AEYCFVZORHD7NFM3ZJEADARPF3HQ,Random,0.0,
AEYCFVZORHD7NFM3ZJEADARPF3HQ,Popularity,0.0,
AEYCFVZORHD7NFM3ZJEADARPF3HQ,CF (ItemKNN),0.0,
AEYCFVZORHD7NFM3ZJEADARPF3HQ,Content (Avg Emb),0.25,
AEYCFVZORHD7NFM3ZJEADARPF3HQ,Last-Item,0.0,
AEYCFVZORHD7NFM3ZJEADARPF3HQ,Avg-Last-10,0.25,
AEYCFVZORHD7NFM3ZJEADARPF3HQ,Recency-Weighted,0.25,
AEYCFVZORHD7NFM3ZJEADARPF3HQ,Essence (K=10),0.25,
AEYIX7VMHO6T42ZBBOW4X6E5YXTQ,Random,0.0,
AEYIX7VMHO6T42ZBBOW4X6E5YXTQ,Popularity,0.0,
AEYIX7VMHO6T42ZBBOW4X6E5YXTQ,CF (ItemKNN),0.0,
AEYIX7VMHO6T42ZBBOW4X6E5YXTQ,Content (Avg Emb),0.0,
AEYIX7VMHO6T42ZBBOW4X6E5YXTQ,Last-Item,0.0,
AEYIX7VMHO6T42ZBBOW4X6E5YXTQ,Avg-Last-10,0.0,
AEYIX7VMHO6T42ZBBOW4X6E5YXTQ,Recency-Weighted,0.0,
AEYIX7VMHO6T42ZBBOW4X6E5YXTQ,Essence (K=10),0.0,
AEYK5DLIDSBDZB626JYIGEN3JOGQ,Random,0.0,0.0
AEYK5DLIDSBDZB626JYIGEN3JOGQ,Popularity,0.0,0.0
AEYK5DLIDSBDZB626JYIGEN3JOGQ,CF (ItemKNN),0.0,0.0
AEYK5DLIDSBDZB626JYIGEN3JOGQ,Content (Avg Emb),0.0,0.0
AEYK5DLIDSBDZB626JYIGEN3JOGQ,Last-Item,0.0,0.0
AEYK5DLIDSBDZB626JYIGEN3JOGQ,Avg-Last-10,0.0,0.0
AEYK5DLIDSBDZB626JYIGEN3JOGQ,Recency-Weighted,0.0,0.0
AEYK5DLIDSBDZB626JYIGEN3JOGQ,Essence (K=10),0.0,0.0
AEYKDAO2ZSY4XO4MNAEAYTQCQ5KQ,Random,0.0,
AEYKDAO2ZSY4XO4MNAEAYTQCQ5KQ,Popularity,0.0,
AEYKDAO2ZSY4XO4MNAEAYTQCQ5KQ,CF (ItemKNN),0.0,
AEYKDAO2ZSY4XO4MNAEAYTQCQ5KQ,Content (Avg Emb),0.0,
AEYKDAO2ZSY4XO4MNAEAYTQCQ5KQ,Last-Item,0.0,
AEYKDAO2ZSY4XO4MNAEAYTQCQ5KQ,Avg-Last-10,0.0,
AEYKDAO2ZSY4XO4MNAEAYTQCQ5KQ,Recency-Weighted,0.0,
AEYKDAO2ZSY4XO4MNAEAYTQCQ5KQ,Essence (K=10),0.0,
AEYPA2LUTZXFS7BPSDVXEXPXTLQA,Random,0.0,0.0
AEYPA2LUTZXFS7BPSDVXEXPXTLQA,Popularity,0.0,0.0
AEYPA2LUTZXFS7BPSDVXEXPXTLQA,CF (ItemKNN),0.0,0.0
AEYPA2LUTZXFS7BPSDVXEXPXTLQA,Content (Avg Emb),0.0,0.0
AEYPA2LUTZXFS7BPSDVXEXPXTLQA,Last-Item,0.0,0.0
AEYPA2LUTZXFS7BPSDVXEXPXTLQA,Avg-Last-10,0.0,0.0
AEYPA2LUTZXFS7BPSDVXEXPXTLQA,Recency-Weighted,0.0,0.0
AEYPA2LUTZXFS7BPSDVXEXPXTLQA,Essence (K=10),0.0,0.0
AEYRFWGFQT5NKOY66C6UQGNCMNRQ,Random,0.0,
AEYRFWGFQT5NKOY66C6UQGNCMNRQ,Popularity,0.0,
AEYRFWGFQT5NKOY66C6UQGNCMNRQ,CF (ItemKNN),0.0,
AEYRFWGFQT5NKOY66C6UQGNCMNRQ,Content (Avg Emb),0.0,
AEYRFWGFQT5NKOY66C6UQGNCMNRQ,Last-Item,0.0,
AEYRFWGFQT5NKOY66C6UQGNCMNRQ,Avg-Last-10,0.0,
AEYRFWGFQT5NKOY66C6UQGNCMNRQ,Recency-Weighted,0.0,
AEYRFWGFQT5NKOY66C6UQGNCMNRQ,Essence (K=10),0.0,
AEYSBM27NFW3OLZITUC3SSZQOYYQ,Random,0.0,
AEYSBM27NFW3OLZITUC3SSZQOYYQ,Popularity,0.0,
AEYSBM27NFW3OLZITUC3SSZQOYYQ,CF (ItemKNN),0.0,
AEYSBM27NFW3OLZITUC3SSZQOYYQ,Content (Avg Emb),0.0,
AEYSBM27NFW3OLZITUC3SSZQOYYQ,Last-Item,0.1,
AEYSBM27NFW3OLZITUC3SSZQOYYQ,Avg-Last-10,0.0,
AEYSBM27NFW3OLZITUC3SSZQOYYQ,Recency-Weighted,0.1,
AEYSBM27NFW3OLZITUC3SSZQOYYQ,Essence (K=10),0.1,
AEYZKBZYEYUBK4M7DI3BNT6AT6CA,Random,0.0,
AEYZKBZYEYUBK4M7DI3BNT6AT6CA,Popularity,0.0,
AEYZKBZYEYUBK4M7DI3BNT6AT6CA,CF (ItemKNN),0.0,
AEYZKBZYEYUBK4M7DI3BNT6AT6CA,Content (Avg Emb),0.0,
AEYZKBZYEYUBK4M7DI3BNT6AT6CA,Last-Item,0.1111111111111111,
AEYZKBZYEYUBK4M7DI3BNT6AT6CA,Avg-Last-10,0.0,
AEYZKBZYEYUBK4M7DI3BNT6AT6CA,Recency-Weighted,0.0,
AEYZKBZYEYUBK4M7DI3BNT6AT6CA,Essence (K=10),0.0,
AEZ25HR4EV4O63BP2FRHPW32MEPA,Random,0.0,
AEZ25HR4EV4O63BP2FRHPW32MEPA,Popularity,0.0,
AEZ25HR4EV4O63BP2FRHPW32MEPA,CF (ItemKNN),0.0,
AEZ25HR4EV4O63BP2FRHPW32MEPA,Content (Avg Emb),0.0,
AEZ25HR4EV4O63BP2FRHPW32MEPA,Last-Item,0.0,
AEZ25HR4EV4O63BP2FRHPW32MEPA,Avg-Last-10,0.0,
AEZ25HR4EV4O63BP2FRHPW32MEPA,Recency-Weighted,0.0,
AEZ25HR4EV4O63BP2FRHPW32MEPA,Essence (K=10),0.0,
AEZ3ZUXNW7SMVQISCTQSIYQU7VFQ,Random,0.0,0.0
AEZ3ZUXNW7SMVQISCTQSIYQU7VFQ,Popularity,0.0,0.0
AEZ3ZUXNW7SMVQISCTQSIYQU7VFQ,CF (ItemKNN),0.0,0.0
AEZ3ZUXNW7SMVQISCTQSIYQU7VFQ,Content (Avg Emb),0.1,0.0
AEZ3ZUXNW7SMVQISCTQSIYQU7VFQ,Last-Item,0.0,0.0
AEZ3ZUXNW7SMVQISCTQSIYQU7VFQ,Avg-Last-10,0.1,0.0
AEZ3ZUXNW7SMVQISCTQSIYQU7VFQ,Recency-Weighted,0.0,0.0
AEZ3ZUXNW7SMVQISCTQSIYQU7VFQ,Essence (K=10),0.0,0.0
AEZ4QERZ2N4LYZFFWQVZHPF644OA,Random,0.0,0.0
AEZ4QERZ2N4LYZFFWQVZHPF644OA,Popularity,0.0,0.0
AEZ4QERZ2N4LYZFFWQVZHPF644OA,CF (ItemKNN),0.0,0.0
AEZ4QERZ2N4LYZFFWQVZHPF644OA,Content (Avg Emb),0.07142857142857142,0.0
AEZ4QERZ2N4LYZFFWQVZHPF644OA,Last-Item,0.0,0.0
AEZ4QERZ2N4LYZFFWQVZHPF644OA,Avg-Last-10,0.0,0.0
AEZ4QERZ2N4LYZFFWQVZHPF644OA,Recency-Weighted,0.0,0.0
AEZ4QERZ2N4LYZFFWQVZHPF644OA,Essence (K=10),0.14285714285714285,0.0
AEZ5IZGK6RVKNP2CKTMUIM5UP6FQ,Random,0.0,0.0
AEZ5IZGK6RVKNP2CKTMUIM5UP6FQ,Popularity,0.0,0.0
AEZ5IZGK6RVKNP2CKTMUIM5UP6FQ,CF (ItemKNN),0.04,0.0
AEZ5IZGK6RVKNP2CKTMUIM5UP6FQ,Content (Avg Emb),0.0,0.0
AEZ5IZGK6RVKNP2CKTMUIM5UP6FQ,Last-Item,0.0,0.0
AEZ5IZGK6RVKNP2CKTMUIM5UP6FQ,Avg-Last-10,0.0,0.0
AEZ5IZGK6RVKNP2CKTMUIM5UP6FQ,Recency-Weighted,0.0,0.0
AEZ5IZGK6RVKNP2CKTMUIM5UP6FQ,Essence (K=10),0.0,0.0
AEZFRDBITZBFCL2GVDLKOF7ZJK3Q,Random,0.0,
AEZFRDBITZBFCL2GVDLKOF7ZJK3Q,Popularity,0.0,
AEZFRDBITZBFCL2GVDLKOF7ZJK3Q,CF (ItemKNN),0.0,
AEZFRDBITZBFCL2GVDLKOF7ZJK3Q,Content (Avg Emb),0.0,
AEZFRDBITZBFCL2GVDLKOF7ZJK3Q,Last-Item,0.0,
AEZFRDBITZBFCL2GVDLKOF7ZJK3Q,Avg-Last-10,0.0,
AEZFRDBITZBFCL2GVDLKOF7ZJK3Q,Recency-Weighted,0.0,
AEZFRDBITZBFCL2GVDLKOF7ZJK3Q,Essence (K=10),0.0,
AEZHFLSNZLK2SUF2QFFSLXONPP6Q,Random,0.0,0.0
AEZHFLSNZLK2SUF2QFFSLXONPP6Q,Popularity,0.0,0.0
AEZHFLSNZLK2SUF2QFFSLXONPP6Q,CF (ItemKNN),0.0,0.0
AEZHFLSNZLK2SUF2QFFSLXONPP6Q,Content (Avg Emb),0.0,0.0
AEZHFLSNZLK2SUF2QFFSLXONPP6Q,Last-Item,0.0,0.0
AEZHFLSNZLK2SUF2QFFSLXONPP6Q,Avg-Last-10,0.0,0.0
AEZHFLSNZLK2SUF2QFFSLXONPP6Q,Recency-Weighted,0.0,0.0
AEZHFLSNZLK2SUF2QFFSLXONPP6Q,Essence (K=10),0.0,0.0
AEZJX3QVNVGESBAY2BHT7FDVXNZQ,Random,0.0,0.0
AEZJX3QVNVGESBAY2BHT7FDVXNZQ,Popularity,0.0,0.0
AEZJX3QVNVGESBAY2BHT7FDVXNZQ,CF (ItemKNN),0.0,0.0
AEZJX3QVNVGESBAY2BHT7FDVXNZQ,Content (Avg Emb),0.0,0.0
AEZJX3QVNVGESBAY2BHT7FDVXNZQ,Last-Item,0.0,0.0
AEZJX3QVNVGESBAY2BHT7FDVXNZQ,Avg-Last-10,0.0,0.0
AEZJX3QVNVGESBAY2BHT7FDVXNZQ,Recency-Weighted,0.0,0.0
AEZJX3QVNVGESBAY2BHT7FDVXNZQ,Essence (K=10),0.0,0.0
AEZL3A6G6FIWO57CLI2AVBQCQ27A,Random,0.0,0.0
AEZL3A6G6FIWO57CLI2AVBQCQ27A,Popularity,0.0,0.0
AEZL3A6G6FIWO57CLI2AVBQCQ27A,CF (ItemKNN),0.0,0.0
AEZL3A6G6FIWO57CLI2AVBQCQ27A,Content (Avg Emb),0.0,0.0
AEZL3A6G6FIWO57CLI2AVBQCQ27A,Last-Item,0.0,0.0
AEZL3A6G6FIWO57CLI2AVBQCQ27A,Avg-Last-10,0.0,0.0
AEZL3A6G6FIWO57CLI2AVBQCQ27A,Recency-Weighted,0.0,0.0
AEZL3A6G6FIWO57CLI2AVBQCQ27A,Essence (K=10),0.0,0.0
AEZY5EPABNE6DAPMIQ3URBB5TIVA,Random,0.0,
AEZY5EPABNE6DAPMIQ3URBB5TIVA,Popularity,0.0,
AEZY5EPABNE6DAPMIQ3URBB5TIVA,CF (ItemKNN),0.0,
AEZY5EPABNE6DAPMIQ3URBB5TIVA,Content (Avg Emb),0.0,
AEZY5EPABNE6DAPMIQ3URBB5TIVA,Last-Item,0.0,
AEZY5EPABNE6DAPMIQ3URBB5TIVA,Avg-Last-10,0.0,
AEZY5EPABNE6DAPMIQ3URBB5TIVA,Recency-Weighted,0.0,
AEZY5EPABNE6DAPMIQ3URBB5TIVA,Essence (K=10),0.0,
AEZZT6F7IUDHWWIMT5Z6QNKEK46Q,Random,0.0,0.0
AEZZT6F7IUDHWWIMT5Z6QNKEK46Q,Popularity,0.0,0.0
AEZZT6F7IUDHWWIMT5Z6QNKEK46Q,CF (ItemKNN),0.0,0.0
AEZZT6F7IUDHWWIMT5Z6QNKEK46Q,Content (Avg Emb),0.0,0.0
AEZZT6F7IUDHWWIMT5Z6QNKEK46Q,Last-Item,0.0,0.0
AEZZT6F7IUDHWWIMT5Z6QNKEK46Q,Avg-Last-10,0.0,0.0
AEZZT6F7IUDHWWIMT5Z6QNKEK46Q,Recency-Weighted,0.0,0.0
AEZZT6F7IUDHWWIMT5Z6QNKEK46Q,Essence (K=10),0.0,0.0
AF24SACNTDYOCOLAALM33LAD6FNQ,Random,0.0,0.0
AF24SACNTDYOCOLAALM33LAD6FNQ,Popularity,0.0,0.0
AF24SACNTDYOCOLAALM33LAD6FNQ,CF (ItemKNN),0.0,0.0
AF24SACNTDYOCOLAALM33LAD6FNQ,Content (Avg Emb),0.0,0.0
AF24SACNTDYOCOLAALM33LAD6FNQ,Last-Item,0.0,0.0
AF24SACNTDYOCOLAALM33LAD6FNQ,Avg-Last-10,0.0,0.0
AF24SACNTDYOCOLAALM33LAD6FNQ,Recency-Weighted,0.0,0.0
AF24SACNTDYOCOLAALM33LAD6FNQ,Essence (K=10),0.0,0.0
AF27UOPTCCEXTSQTBSTIY7IMXVIA,Random,0.0,
AF27UOPTCCEXTSQTBSTIY7IMXVIA,Popularity,0.0,
AF27UOPTCCEXTSQTBSTIY7IMXVIA,CF (ItemKNN),0.0,
AF27UOPTCCEXTSQTBSTIY7IMXVIA,Content (Avg Emb),0.0,
AF27UOPTCCEXTSQTBSTIY7IMXVIA,Last-Item,0.0,
AF27UOPTCCEXTSQTBSTIY7IMXVIA,Avg-Last-10,0.0,
AF27UOPTCCEXTSQTBSTIY7IMXVIA,Recency-Weighted,0.0,
AF27UOPTCCEXTSQTBSTIY7IMXVIA,Essence (K=10),0.0,
AF2F3FYTYQBLBGXJDOVE4FW3HAMA,Random,0.0,
AF2F3FYTYQBLBGXJDOVE4FW3HAMA,Popularity,0.0,
AF2F3FYTYQBLBGXJDOVE4FW3HAMA,CF (ItemKNN),0.0,
AF2F3FYTYQBLBGXJDOVE4FW3HAMA,Content (Avg Emb),0.0,
AF2F3FYTYQBLBGXJDOVE4FW3HAMA,Last-Item,0.0,
AF2F3FYTYQBLBGXJDOVE4FW3HAMA,Avg-Last-10,0.0,
AF2F3FYTYQBLBGXJDOVE4FW3HAMA,Recency-Weighted,0.0,
AF2F3FYTYQBLBGXJDOVE4FW3HAMA,Essence (K=10),0.2,
AF2HHDT64J3O42LKF6M4H2XJIKWA,Random,0.0,0.0
AF2HHDT64J3O42LKF6M4H2XJIKWA,Popularity,0.0,0.0
AF2HHDT64J3O42LKF6M4H2XJIKWA,CF (ItemKNN),0.0,0.0
AF2HHDT64J3O42LKF6M4H2XJIKWA,Content (Avg Emb),0.0,0.0
AF2HHDT64J3O42LKF6M4H2XJIKWA,Last-Item,0.17647058823529413,0.0
AF2HHDT64J3O42LKF6M4H2XJIKWA,Avg-Last-10,0.11764705882352941,0.0
AF2HHDT64J3O42LKF6M4H2XJIKWA,Recency-Weighted,0.11764705882352941,0.0
AF2HHDT64J3O42LKF6M4H2XJIKWA,Essence (K=10),0.17647058823529413,0.0
AF2IBR5R7IZV2RVSDICSNTYKDNQQ,Random,0.0,0.0
AF2IBR5R7IZV2RVSDICSNTYKDNQQ,Popularity,0.0,0.0
AF2IBR5R7IZV2RVSDICSNTYKDNQQ,CF (ItemKNN),0.0,0.0
AF2IBR5R7IZV2RVSDICSNTYKDNQQ,Content (Avg Emb),0.0,0.0
AF2IBR5R7IZV2RVSDICSNTYKDNQQ,Last-Item,0.0,0.0
AF2IBR5R7IZV2RVSDICSNTYKDNQQ,Avg-Last-10,0.0,0.0
AF2IBR5R7IZV2RVSDICSNTYKDNQQ,Recency-Weighted,0.0,0.0
AF2IBR5R7IZV2RVSDICSNTYKDNQQ,Essence (K=10),0.0,0.0
AF2IVNYX6XFG7GYNS2GXH2XOQIFQ,Random,0.0,0.0
AF2IVNYX6XFG7GYNS2GXH2XOQIFQ,Popularity,0.0,0.0
AF2IVNYX6XFG7GYNS2GXH2XOQIFQ,CF (ItemKNN),0.0,0.0
AF2IVNYX6XFG7GYNS2GXH2XOQIFQ,Content (Avg Emb),0.25,0.0
AF2IVNYX6XFG7GYNS2GXH2XOQIFQ,Last-Item,0.0,0.0
AF2IVNYX6XFG7GYNS2GXH2XOQIFQ,Avg-Last-10,0.0,0.0
AF2IVNYX6XFG7GYNS2GXH2XOQIFQ,Recency-Weighted,0.0,0.0
AF2IVNYX6XFG7GYNS2GXH2XOQIFQ,Essence (K=10),0.0,0.0
AF2JFXJ77AFV4U34TMXXKRTULVKQ,Random,0.0,0.0
AF2JFXJ77AFV4U34TMXXKRTULVKQ,Popularity,0.0,0.0
AF2JFXJ77AFV4U34TMXXKRTULVKQ,CF (ItemKNN),0.0,0.0
AF2JFXJ77AFV4U34TMXXKRTULVKQ,Content (Avg Emb),0.0,0.0
AF2JFXJ77AFV4U34TMXXKRTULVKQ,Last-Item,0.0,0.0
AF2JFXJ77AFV4U34TMXXKRTULVKQ,Avg-Last-10,0.0,0.0
AF2JFXJ77AFV4U34TMXXKRTULVKQ,Recency-Weighted,0.0,0.0
AF2JFXJ77AFV4U34TMXXKRTULVKQ,Essence (K=10),0.0,0.0
AF2KQQB4BCXB4RAYEMBRJBPMXHXA,Random,0.0,0.0
AF2KQQB4BCXB4RAYEMBRJBPMXHXA,Popularity,0.0,0.0
AF2KQQB4BCXB4RAYEMBRJBPMXHXA,CF (ItemKNN),0.0,0.0
AF2KQQB4BCXB4RAYEMBRJBPMXHXA,Content (Avg Emb),0.0,0.0
AF2KQQB4BCXB4RAYEMBRJBPMXHXA,Last-Item,0.0,0.0
AF2KQQB4BCXB4RAYEMBRJBPMXHXA,Avg-Last-10,0.0,0.0
AF2KQQB4BCXB4RAYEMBRJBPMXHXA,Recency-Weighted,0.0,0.0
AF2KQQB4BCXB4RAYEMBRJBPMXHXA,Essence (K=10),0.0,0.0
AF2MIZX3HPSPBQPHK2KUNF3USH4A,Random,0.0,0.0
AF2MIZX3HPSPBQPHK2KUNF3USH4A,Popularity,0.0,0.0
AF2MIZX3HPSPBQPHK2KUNF3USH4A,CF (ItemKNN),0.0,0.0
AF2MIZX3HPSPBQPHK2KUNF3USH4A,Content (Avg Emb),0.0,0.0
AF2MIZX3HPSPBQPHK2KUNF3USH4A,Last-Item,0.0,0.0
AF2MIZX3HPSPBQPHK2KUNF3USH4A,Avg-Last-10,0.0,0.0
AF2MIZX3HPSPBQPHK2KUNF3USH4A,Recency-Weighted,0.0,0.0
AF2MIZX3HPSPBQPHK2KUNF3USH4A,Essence (K=10),0.0,0.0
AF2NBJQ6LAXPKMIZILI7LHNKMZFA,Random,0.0,0.0
AF2NBJQ6LAXPKMIZILI7LHNKMZFA,Popularity,0.0,0.0
AF2NBJQ6LAXPKMIZILI7LHNKMZFA,CF (ItemKNN),0.0,0.0
AF2NBJQ6LAXPKMIZILI7LHNKMZFA,Content (Avg Emb),0.0,0.0
AF2NBJQ6LAXPKMIZILI7LHNKMZFA,Last-Item,0.0,0.0
AF2NBJQ6LAXPKMIZILI7LHNKMZFA,Avg-Last-10,0.0,0.0
AF2NBJQ6LAXPKMIZILI7LHNKMZFA,Recency-Weighted,0.0,0.0
AF2NBJQ6LAXPKMIZILI7LHNKMZFA,Essence (K=10),0.0,0.0
AF2P3RLNKQGTDFRBGQPS6QKZC3FQ,Random,0.0,0.0
AF2P3RLNKQGTDFRBGQPS6QKZC3FQ,Popularity,0.0,0.0
AF2P3RLNKQGTDFRBGQPS6QKZC3FQ,CF (ItemKNN),0.0,0.0
AF2P3RLNKQGTDFRBGQPS6QKZC3FQ,Content (Avg Emb),0.0,0.0
AF2P3RLNKQGTDFRBGQPS6QKZC3FQ,Last-Item,0.0,0.0
AF2P3RLNKQGTDFRBGQPS6QKZC3FQ,Avg-Last-10,0.0,0.0
AF2P3RLNKQGTDFRBGQPS6QKZC3FQ,Recency-Weighted,0.0,0.0
AF2P3RLNKQGTDFRBGQPS6QKZC3FQ,Essence (K=10),0.0,0.0
AF2P44USEVP5HXJPTXUS4PWSSYTA,Random,0.0,0.0
AF2P44USEVP5HXJPTXUS4PWSSYTA,Popularity,0.0,0.0
AF2P44USEVP5HXJPTXUS4PWSSYTA,CF (ItemKNN),0.0,0.0
AF2P44USEVP5HXJPTXUS4PWSSYTA,Content (Avg Emb),0.0,0.0
AF2P44USEVP5HXJPTXUS4PWSSYTA,Last-Item,0.0,0.0
AF2P44USEVP5HXJPTXUS4PWSSYTA,Avg-Last-10,0.0,0.0
AF2P44USEVP5HXJPTXUS4PWSSYTA,Recency-Weighted,0.0,0.0
AF2P44USEVP5HXJPTXUS4PWSSYTA,Essence (K=10),0.0,0.0
AF2PPSBAI2BQZR66C2U7FS2DMIFA,Random,0.0,0.0
AF2PPSBAI2BQZR66C2U7FS2DMIFA,Popularity,0.0,0.0
AF2PPSBAI2BQZR66C2U7FS2DMIFA,CF (ItemKNN),0.0,0.0
AF2PPSBAI2BQZR66C2U7FS2DMIFA,Content (Avg Emb),0.0,0.0
AF2PPSBAI2BQZR66C2U7FS2DMIFA,Last-Item,0.0,0.0
AF2PPSBAI2BQZR66C2U7FS2DMIFA,Avg-Last-10,0.0,0.0
AF2PPSBAI2BQZR66C2U7FS2DMIFA,Recency-Weighted,0.0,0.0
AF2PPSBAI2BQZR66C2U7FS2DMIFA,Essence (K=10),0.0,0.0
AF2QYR65C4K7DW6EIYJUBCRA6A4A,Random,0.0,
AF2QYR65C4K7DW6EIYJUBCRA6A4A,Popularity,0.0,
AF2QYR65C4K7DW6EIYJUBCRA6A4A,CF (ItemKNN),0.0,
AF2QYR65C4K7DW6EIYJUBCRA6A4A,Content (Avg Emb),0.0,
AF2QYR65C4K7DW6EIYJUBCRA6A4A,Last-Item,0.0,
AF2QYR65C4K7DW6EIYJUBCRA6A4A,Avg-Last-10,0.0,
AF2QYR65C4K7DW6EIYJUBCRA6A4A,Recency-Weighted,0.0,
AF2QYR65C4K7DW6EIYJUBCRA6A4A,Essence (K=10),0.0,
AF2R7AH6VMFP5J3LQGAJG35IOD4A,Random,0.0,
AF2R7AH6VMFP5J3LQGAJG35IOD4A,Popularity,0.0,
AF2R7AH6VMFP5J3LQGAJG35IOD4A,CF (ItemKNN),0.0,
AF2R7AH6VMFP5J3LQGAJG35IOD4A,Content (Avg Emb),0.0,
AF2R7AH6VMFP5J3LQGAJG35IOD4A,Last-Item,0.0,
AF2R7AH6VMFP5J3LQGAJG35IOD4A,Avg-Last-10,0.0,
AF2R7AH6VMFP5J3LQGAJG35IOD4A,Recency-Weighted,0.0,
AF2R7AH6VMFP5J3LQGAJG35IOD4A,Essence (K=10),0.0,
AF2RAGAUP6ZIP4ESX7BOQNJ73RFA,Random,0.0,0.0
AF2RAGAUP6ZIP4ESX7BOQNJ73RFA,Popularity,0.0,0.0
AF2RAGAUP6ZIP4ESX7BOQNJ73RFA,CF (ItemKNN),0.0,0.0
AF2RAGAUP6ZIP4ESX7BOQNJ73RFA,Content (Avg Emb),0.0,0.0
AF2RAGAUP6ZIP4ESX7BOQNJ73RFA,Last-Item,0.0,0.0
AF2RAGAUP6ZIP4ESX7BOQNJ73RFA,Avg-Last-10,0.0,0.0
AF2RAGAUP6ZIP4ESX7BOQNJ73RFA,Recency-Weighted,0.0,0.0
AF2RAGAUP6ZIP4ESX7BOQNJ73RFA,Essence (K=10),0.09090909090909091,0.0
AF2RIF2WTA3E3WUZDXZKGGAFDKPA,Random,0.0,0.0
AF2RIF2WTA3E3WUZDXZKGGAFDKPA,Popularity,0.0,0.0
AF2RIF2WTA3E3WUZDXZKGGAFDKPA,CF (ItemKNN),0.0,0.0
AF2RIF2WTA3E3WUZDXZKGGAFDKPA,Content (Avg Emb),0.0,0.0
AF2RIF2WTA3E3WUZDXZKGGAFDKPA,Last-Item,0.0,0.0
AF2RIF2WTA3E3WUZDXZKGGAFDKPA,Avg-Last-10,0.0,0.0
AF2RIF2WTA3E3WUZDXZKGGAFDKPA,Recency-Weighted,0.0,0.0
AF2RIF2WTA3E3WUZDXZKGGAFDKPA,Essence (K=10),0.0,0.0
AF2SLTZCVAWWFPXBVLDQL6BVQCHA,Random,0.0,0.0
AF2SLTZCVAWWFPXBVLDQL6BVQCHA,Popularity,0.0,0.0
AF2SLTZCVAWWFPXBVLDQL6BVQCHA,CF (ItemKNN),0.0,0.0
AF2SLTZCVAWWFPXBVLDQL6BVQCHA,Content (Avg Emb),0.0,0.0
AF2SLTZCVAWWFPXBVLDQL6BVQCHA,Last-Item,0.0,0.0
AF2SLTZCVAWWFPXBVLDQL6BVQCHA,Avg-Last-10,0.0,0.0
AF2SLTZCVAWWFPXBVLDQL6BVQCHA,Recency-Weighted,0.0,0.0
AF2SLTZCVAWWFPXBVLDQL6BVQCHA,Essence (K=10),0.0,0.0
AF2UZUUUQWIRL345POGVEYICCI3A,Random,0.0,0.0
AF2UZUUUQWIRL345POGVEYICCI3A,Popularity,0.0,0.0
AF2UZUUUQWIRL345POGVEYICCI3A,CF (ItemKNN),0.0,0.0
AF2UZUUUQWIRL345POGVEYICCI3A,Content (Avg Emb),0.0,0.0
AF2UZUUUQWIRL345POGVEYICCI3A,Last-Item,0.0,0.0
AF2UZUUUQWIRL345POGVEYICCI3A,Avg-Last-10,0.0,0.0
AF2UZUUUQWIRL345POGVEYICCI3A,Recency-Weighted,0.0,0.0
AF2UZUUUQWIRL345POGVEYICCI3A,Essence (K=10),0.0,0.0
AF2V4OSBYHSZ66XRU5NOYN67OKEA,Random,0.0,0.0
AF2V4OSBYHSZ66XRU5NOYN67OKEA,Popularity,0.0,0.0
AF2V4OSBYHSZ66XRU5NOYN67OKEA,CF (ItemKNN),0.0,0.0
AF2V4OSBYHSZ66XRU5NOYN67OKEA,Content (Avg Emb),0.0,0.0
AF2V4OSBYHSZ66XRU5NOYN67OKEA,Last-Item,0.0,0.0
AF2V4OSBYHSZ66XRU5NOYN67OKEA,Avg-Last-10,0.0,0.0
AF2V4OSBYHSZ66XRU5NOYN67OKEA,Recency-Weighted,0.0,0.0
AF2V4OSBYHSZ66XRU5NOYN67OKEA,Essence (K=10),0.0,0.0
AF2VUOSDK6O7CIOL5VMXEG6TBCDA,Random,0.0,0.0
AF2VUOSDK6O7CIOL5VMXEG6TBCDA,Popularity,0.0,0.0
AF2VUOSDK6O7CIOL5VMXEG6TBCDA,CF (ItemKNN),0.0,0.0
AF2VUOSDK6O7CIOL5VMXEG6TBCDA,Content (Avg Emb),0.0,0.0
AF2VUOSDK6O7CIOL5VMXEG6TBCDA,Last-Item,0.1111111111111111,1.0
AF2VUOSDK6O7CIOL5VMXEG6TBCDA,Avg-Last-10,0.0,0.0
AF2VUOSDK6O7CIOL5VMXEG6TBCDA,Recency-Weighted,0.0,0.0
AF2VUOSDK6O7CIOL5VMXEG6TBCDA,Essence (K=10),0.0,0.0
AF2WENOEVREFHXGDIT5YFJZIRSNQ,Random,0.0,0.0
AF2WENOEVREFHXGDIT5YFJZIRSNQ,Popularity,0.0,0.0
AF2WENOEVREFHXGDIT5YFJZIRSNQ,CF (ItemKNN),0.0,0.0
AF2WENOEVREFHXGDIT5YFJZIRSNQ,Content (Avg Emb),0.0,0.0
AF2WENOEVREFHXGDIT5YFJZIRSNQ,Last-Item,0.0,0.0
AF2WENOEVREFHXGDIT5YFJZIRSNQ,Avg-Last-10,0.0,0.0
AF2WENOEVREFHXGDIT5YFJZIRSNQ,Recency-Weighted,0.0,0.0
AF2WENOEVREFHXGDIT5YFJZIRSNQ,Essence (K=10),0.0,0.0
AF33SB6ZZ4SZTBGCJ2A26GXEHOTQ,Random,0.0,0.0
AF33SB6ZZ4SZTBGCJ2A26GXEHOTQ,Popularity,0.0,0.0
AF33SB6ZZ4SZTBGCJ2A26GXEHOTQ,CF (ItemKNN),0.0,0.0
AF33SB6ZZ4SZTBGCJ2A26GXEHOTQ,Content (Avg Emb),0.0,0.0
AF33SB6ZZ4SZTBGCJ2A26GXEHOTQ,Last-Item,0.0,0.0
AF33SB6ZZ4SZTBGCJ2A26GXEHOTQ,Avg-Last-10,0.0,0.0
AF33SB6ZZ4SZTBGCJ2A26GXEHOTQ,Recency-Weighted,0.0,0.0
AF33SB6ZZ4SZTBGCJ2A26GXEHOTQ,Essence (K=10),0.0,0.0
AF34CDMONYCRQ5HJEXH4KGDQ2PRQ,Random,0.0,
AF34CDMONYCRQ5HJEXH4KGDQ2PRQ,Popularity,0.0,
AF34CDMONYCRQ5HJEXH4KGDQ2PRQ,CF (ItemKNN),0.0,
AF34CDMONYCRQ5HJEXH4KGDQ2PRQ,Content (Avg Emb),0.0,
AF34CDMONYCRQ5HJEXH4KGDQ2PRQ,Last-Item,0.0,
AF34CDMONYCRQ5HJEXH4KGDQ2PRQ,Avg-Last-10,0.0,
AF34CDMONYCRQ5HJEXH4KGDQ2PRQ,Recency-Weighted,0.0,
AF34CDMONYCRQ5HJEXH4KGDQ2PRQ,Essence (K=10),0.0,
AF36SALEHDLRFXZXAPGIWNGNKCWQ,Random,0.0,
AF36SALEHDLRFXZXAPGIWNGNKCWQ,Popularity,0.0,
AF36SALEHDLRFXZXAPGIWNGNKCWQ,CF (ItemKNN),0.0,
AF36SALEHDLRFXZXAPGIWNGNKCWQ,Content (Avg Emb),0.0,
AF36SALEHDLRFXZXAPGIWNGNKCWQ,Last-Item,0.0,
AF36SALEHDLRFXZXAPGIWNGNKCWQ,Avg-Last-10,0.0,
AF36SALEHDLRFXZXAPGIWNGNKCWQ,Recency-Weighted,0.0,
AF36SALEHDLRFXZXAPGIWNGNKCWQ,Essence (K=10),0.0,
AF3AN7U57XZ25XRPMC2V7WV2WOGA,Random,0.0,0.0
AF3AN7U57XZ25XRPMC2V7WV2WOGA,Popularity,0.0,0.0
AF3AN7U57XZ25XRPMC2V7WV2WOGA,CF (ItemKNN),0.0,0.0
AF3AN7U57XZ25XRPMC2V7WV2WOGA,Content (Avg Emb),0.0,0.0
AF3AN7U57XZ25XRPMC2V7WV2WOGA,Last-Item,0.0,0.0
AF3AN7U57XZ25XRPMC2V7WV2WOGA,Avg-Last-10,0.0,0.0
AF3AN7U57XZ25XRPMC2V7WV2WOGA,Recency-Weighted,0.0,0.0
AF3AN7U57XZ25XRPMC2V7WV2WOGA,Essence (K=10),0.0,0.0
AF3AR6VNKCXAT4RYKN53ILGYEHNA,Random,0.0,
AF3AR6VNKCXAT4RYKN53ILGYEHNA,Popularity,0.0,
AF3AR6VNKCXAT4RYKN53ILGYEHNA,CF (ItemKNN),0.0,
AF3AR6VNKCXAT4RYKN53ILGYEHNA,Content (Avg Emb),0.0,
AF3AR6VNKCXAT4RYKN53ILGYEHNA,Last-Item,0.0,
AF3AR6VNKCXAT4RYKN53ILGYEHNA,Avg-Last-10,0.0,
AF3AR6VNKCXAT4RYKN53ILGYEHNA,Recency-Weighted,0.0,
AF3AR6VNKCXAT4RYKN53ILGYEHNA,Essence (K=10),0.0,
AF3CR6NCXPC24A2HN5FIKZGQI3UA,Random,0.0,0.0
AF3CR6NCXPC24A2HN5FIKZGQI3UA,Popularity,0.0,0.0
AF3CR6NCXPC24A2HN5FIKZGQI3UA,CF (ItemKNN),0.0,0.0
AF3CR6NCXPC24A2HN5FIKZGQI3UA,Content (Avg Emb),0.0,0.0
AF3CR6NCXPC24A2HN5FIKZGQI3UA,Last-Item,0.25,0.0
AF3CR6NCXPC24A2HN5FIKZGQI3UA,Avg-Last-10,0.0,0.0
AF3CR6NCXPC24A2HN5FIKZGQI3UA,Recency-Weighted,0.0,0.0
AF3CR6NCXPC24A2HN5FIKZGQI3UA,Essence (K=10),0.0,0.0
AF3ET6OALC5USFPWMB5XDURM2QBQ,Random,0.0,
AF3ET6OALC5USFPWMB5XDURM2QBQ,Popularity,0.0,
AF3ET6OALC5USFPWMB5XDURM2QBQ,CF (ItemKNN),0.0,
AF3ET6OALC5USFPWMB5XDURM2QBQ,Content (Avg Emb),0.0,
AF3ET6OALC5USFPWMB5XDURM2QBQ,Last-Item,0.0,
AF3ET6OALC5USFPWMB5XDURM2QBQ,Avg-Last-10,0.0,
AF3ET6OALC5USFPWMB5XDURM2QBQ,Recency-Weighted,0.0,
AF3ET6OALC5USFPWMB5XDURM2QBQ,Essence (K=10),0.0,
AF3F2JZWF337DFWEE7LDFPWLCFHQ,Random,0.0,0.0
AF3F2JZWF337DFWEE7LDFPWLCFHQ,Popularity,0.0,0.0
AF3F2JZWF337DFWEE7LDFPWLCFHQ,CF (ItemKNN),0.0,0.0
AF3F2JZWF337DFWEE7LDFPWLCFHQ,Content (Avg Emb),0.0,0.0
AF3F2JZWF337DFWEE7LDFPWLCFHQ,Last-Item,0.0,0.0
AF3F2JZWF337DFWEE7LDFPWLCFHQ,Avg-Last-10,0.0,0.0
AF3F2JZWF337DFWEE7LDFPWLCFHQ,Recency-Weighted,0.0,0.0
AF3F2JZWF337DFWEE7LDFPWLCFHQ,Essence (K=10),0.0,0.0
AF3GIJLNHQCMP4GEJ4ARFAQO67SQ,Random,0.0,0.0
AF3GIJLNHQCMP4GEJ4ARFAQO67SQ,Popularity,0.0,0.0
AF3GIJLNHQCMP4GEJ4ARFAQO67SQ,CF (ItemKNN),0.0,0.0
AF3GIJLNHQCMP4GEJ4ARFAQO67SQ,Content (Avg Emb),0.0,0.0
AF3GIJLNHQCMP4GEJ4ARFAQO67SQ,Last-Item,0.0,0.0
AF3GIJLNHQCMP4GEJ4ARFAQO67SQ,Avg-Last-10,0.0,0.0
AF3GIJLNHQCMP4GEJ4ARFAQO67SQ,Recency-Weighted,0.0,0.0
AF3GIJLNHQCMP4GEJ4ARFAQO67SQ,Essence (K=10),0.0,0.0
AF3H7F2GJLXH2F7XRJ6TF7CVFQAQ,Random,0.0,0.0
AF3H7F2GJLXH2F7XRJ6TF7CVFQAQ,Popularity,0.0,0.0
AF3H7F2GJLXH2F7XRJ6TF7CVFQAQ,CF (ItemKNN),0.0,0.0
AF3H7F2GJLXH2F7XRJ6TF7CVFQAQ,Content (Avg Emb),0.0,0.0
AF3H7F2GJLXH2F7XRJ6TF7CVFQAQ,Last-Item,0.0,0.0
AF3H7F2GJLXH2F7XRJ6TF7CVFQAQ,Avg-Last-10,0.0,0.0
AF3H7F2GJLXH2F7XRJ6TF7CVFQAQ,Recency-Weighted,0.0,0.0
AF3H7F2GJLXH2F7XRJ6TF7CVFQAQ,Essence (K=10),0.0,0.0
AF3JIE5NSRVN7GHFSNRJTYN5T5UA,Random,0.0,
AF3JIE5NSRVN7GHFSNRJTYN5T5UA,Popularity,0.0,
AF3JIE5NSRVN7GHFSNRJTYN5T5UA,CF (ItemKNN),0.0,
AF3JIE5NSRVN7GHFSNRJTYN5T5UA,Content (Avg Emb),0.0,
AF3JIE5NSRVN7GHFSNRJTYN5T5UA,Last-Item,0.0,
AF3JIE5NSRVN7GHFSNRJTYN5T5UA,Avg-Last-10,0.0,
AF3JIE5NSRVN7GHFSNRJTYN5T5UA,Recency-Weighted,0.0,
AF3JIE5NSRVN7GHFSNRJTYN5T5UA,Essence (K=10),0.0,
AF3KZFJWWWMXR47TMIIFA7XUCRZQ,Random,0.0,0.0
AF3KZFJWWWMXR47TMIIFA7XUCRZQ,Popularity,0.0,0.0
AF3KZFJWWWMXR47TMIIFA7XUCRZQ,CF (ItemKNN),0.0,0.0
AF3KZFJWWWMXR47TMIIFA7XUCRZQ,Content (Avg Emb),0.0,0.0
AF3KZFJWWWMXR47TMIIFA7XUCRZQ,Last-Item,0.0,0.0
AF3KZFJWWWMXR47TMIIFA7XUCRZQ,Avg-Last-10,0.0,0.0
AF3KZFJWWWMXR47TMIIFA7XUCRZQ,Recency-Weighted,0.0,0.0
AF3KZFJWWWMXR47TMIIFA7XUCRZQ,Essence (K=10),0.0,0.0
AF3PGPGYWOEGBUJT3GF7PD5JZROQ,Random,0.0,0.0
AF3PGPGYWOEGBUJT3GF7PD5JZROQ,Popularity,0.0,0.0
AF3PGPGYWOEGBUJT3GF7PD5JZROQ,CF (ItemKNN),0.0,0.0
AF3PGPGYWOEGBUJT3GF7PD5JZROQ,Content (Avg Emb),0.0,0.0
AF3PGPGYWOEGBUJT3GF7PD5JZROQ,Last-Item,0.0,0.0
AF3PGPGYWOEGBUJT3GF7PD5JZROQ,Avg-Last-10,0.25,0.0
AF3PGPGYWOEGBUJT3GF7PD5JZROQ,Recency-Weighted,0.25,0.0
AF3PGPGYWOEGBUJT3GF7PD5JZROQ,Essence (K=10),0.25,0.0
AF3RE4LALIYPKDZQWMCYYIXRMKIQ,Random,0.0,
AF3RE4LALIYPKDZQWMCYYIXRMKIQ,Popularity,0.0,
AF3RE4LALIYPKDZQWMCYYIXRMKIQ,CF (ItemKNN),0.0,
AF3RE4LALIYPKDZQWMCYYIXRMKIQ,Content (Avg Emb),0.0,
AF3RE4LALIYPKDZQWMCYYIXRMKIQ,Last-Item,0.0,
AF3RE4LALIYPKDZQWMCYYIXRMKIQ,Avg-Last-10,0.0,
AF3RE4LALIYPKDZQWMCYYIXRMKIQ,Recency-Weighted,0.0,
AF3RE4LALIYPKDZQWMCYYIXRMKIQ,Essence (K=10),0.0,
AF3ZMBFSS5VET7PNQ3LTOWPDN5IQ,Random,0.0,0.0
AF3ZMBFSS5VET7PNQ3LTOWPDN5IQ,Popularity,0.0,0.0
AF3ZMBFSS5VET7PNQ3LTOWPDN5IQ,CF (ItemKNN),0.0,0.0
AF3ZMBFSS5VET7PNQ3LTOWPDN5IQ,Content (Avg Emb),0.0,0.0
AF3ZMBFSS5VET7PNQ3LTOWPDN5IQ,Last-Item,0.0,0.0
AF3ZMBFSS5VET7PNQ3LTOWPDN5IQ,Avg-Last-10,0.0,0.0
AF3ZMBFSS5VET7PNQ3LTOWPDN5IQ,Recency-Weighted,0.0,0.0
AF3ZMBFSS5VET7PNQ3LTOWPDN5IQ,Essence (K=10),0.0,0.0
AF45SSUZJW4RABEVGVKNQM22RQVA,Random,0.0,0.0
AF45SSUZJW4RABEVGVKNQM22RQVA,Popularity,0.0,0.0
AF45SSUZJW4RABEVGVKNQM22RQVA,CF (ItemKNN),0.0,0.0
AF45SSUZJW4RABEVGVKNQM22RQVA,Content (Avg Emb),0.0,0.0
AF45SSUZJW4RABEVGVKNQM22RQVA,Last-Item,0.0,0.0
AF45SSUZJW4RABEVGVKNQM22RQVA,Avg-Last-10,0.0,0.0
AF45SSUZJW4RABEVGVKNQM22RQVA,Recency-Weighted,0.0,0.0
AF45SSUZJW4RABEVGVKNQM22RQVA,Essence (K=10),0.0,0.0
AF47ISI7XAIZUV6YOEUXFCV453BQ,Random,0.0,0.0
AF47ISI7XAIZUV6YOEUXFCV453BQ,Popularity,0.0,0.0
AF47ISI7XAIZUV6YOEUXFCV453BQ,CF (ItemKNN),0.0,0.0
AF47ISI7XAIZUV6YOEUXFCV453BQ,Content (Avg Emb),0.0,0.0
AF47ISI7XAIZUV6YOEUXFCV453BQ,Last-Item,0.0,0.0
AF47ISI7XAIZUV6YOEUXFCV453BQ,Avg-Last-10,0.0,0.0
AF47ISI7XAIZUV6YOEUXFCV453BQ,Recency-Weighted,0.0,0.0
AF47ISI7XAIZUV6YOEUXFCV453BQ,Essence (K=10),0.0,0.0
AF4BZPD62PYUW5RTIFZEKVB3UF3Q,Random,0.0,0.0
AF4BZPD62PYUW5RTIFZEKVB3UF3Q,Popularity,0.0,0.0
AF4BZPD62PYUW5RTIFZEKVB3UF3Q,CF (ItemKNN),0.0,0.0
AF4BZPD62PYUW5RTIFZEKVB3UF3Q,Content (Avg Emb),0.0,0.0
AF4BZPD62PYUW5RTIFZEKVB3UF3Q,Last-Item,0.0,0.0
AF4BZPD62PYUW5RTIFZEKVB3UF3Q,Avg-Last-10,0.0,0.0
AF4BZPD62PYUW5RTIFZEKVB3UF3Q,Recency-Weighted,0.0,0.0
AF4BZPD62PYUW5RTIFZEKVB3UF3Q,Essence (K=10),0.0,0.0
AF4DRNWYQUORJOPAVYG7FNYK236A,Random,0.0,0.0
AF4DRNWYQUORJOPAVYG7FNYK236A,Popularity,0.0,0.0
AF4DRNWYQUORJOPAVYG7FNYK236A,CF (ItemKNN),0.0,0.0
AF4DRNWYQUORJOPAVYG7FNYK236A,Content (Avg Emb),0.0,0.0
AF4DRNWYQUORJOPAVYG7FNYK236A,Last-Item,0.0,0.0
AF4DRNWYQUORJOPAVYG7FNYK236A,Avg-Last-10,0.0,0.0
AF4DRNWYQUORJOPAVYG7FNYK236A,Recency-Weighted,0.0,0.0
AF4DRNWYQUORJOPAVYG7FNYK236A,Essence (K=10),0.0,0.0
AF4ESS7KQD7EACZYE7J3YFEKTTJA,Random,0.0,0.0
AF4ESS7KQD7EACZYE7J3YFEKTTJA,Popularity,0.0,0.0
AF4ESS7KQD7EACZYE7J3YFEKTTJA,CF (ItemKNN),0.0,0.0
AF4ESS7KQD7EACZYE7J3YFEKTTJA,Content (Avg Emb),0.0,0.0
AF4ESS7KQD7EACZYE7J3YFEKTTJA,Last-Item,0.0,0.0
AF4ESS7KQD7EACZYE7J3YFEKTTJA,Avg-Last-10,0.0,0.0
AF4ESS7KQD7EACZYE7J3YFEKTTJA,Recency-Weighted,0.0,0.0
AF4ESS7KQD7EACZYE7J3YFEKTTJA,Essence (K=10),0.5,1.0
AF4GEIO6M3BLNUOBJEGWB446DPCQ,Random,0.0,
AF4GEIO6M3BLNUOBJEGWB446DPCQ,Popularity,0.0,
AF4GEIO6M3BLNUOBJEGWB446DPCQ,CF (ItemKNN),0.0,
AF4GEIO6M3BLNUOBJEGWB446DPCQ,Content (Avg Emb),0.0,
AF4GEIO6M3BLNUOBJEGWB446DPCQ,Last-Item,0.0,
AF4GEIO6M3BLNUOBJEGWB446DPCQ,Avg-Last-10,0.0,
AF4GEIO6M3BLNUOBJEGWB446DPCQ,Recency-Weighted,0.0,
AF4GEIO6M3BLNUOBJEGWB446DPCQ,Essence (K=10),0.25,
AF4GKDZ3M7TLQ52NU3PZCTYOHTFA,Random,0.0,
AF4GKDZ3M7TLQ52NU3PZCTYOHTFA,Popularity,0.0,
AF4GKDZ3M7TLQ52NU3PZCTYOHTFA,CF (ItemKNN),0.0,
AF4GKDZ3M7TLQ52NU3PZCTYOHTFA,Content (Avg Emb),0.0,
AF4GKDZ3M7TLQ52NU3PZCTYOHTFA,Last-Item,0.0,
AF4GKDZ3M7TLQ52NU3PZCTYOHTFA,Avg-Last-10,0.0,
AF4GKDZ3M7TLQ52NU3PZCTYOHTFA,Recency-Weighted,0.0,
AF4GKDZ3M7TLQ52NU3PZCTYOHTFA,Essence (K=10),0.0,
AF4KW2BX3W4B7NGTALLHIDFHZ5AA,Random,0.0,0.0
AF4KW2BX3W4B7NGTALLHIDFHZ5AA,Popularity,0.0,0.0
AF4KW2BX3W4B7NGTALLHIDFHZ5AA,CF (ItemKNN),0.02631578947368421,0.0
AF4KW2BX3W4B7NGTALLHIDFHZ5AA,Content (Avg Emb),0.02631578947368421,0.0
AF4KW2BX3W4B7NGTALLHIDFHZ5AA,Last-Item,0.0,0.0
AF4KW2BX3W4B7NGTALLHIDFHZ5AA,Avg-Last-10,0.02631578947368421,0.0
AF4KW2BX3W4B7NGTALLHIDFHZ5AA,Recency-Weighted,0.0,0.0
AF4KW2BX3W4B7NGTALLHIDFHZ5AA,Essence (K=10),0.07894736842105263,0.09090909090909091
AF4M3W3CYSUK4ARCVY5EPMNJQKXQ,Random,0.0,
AF4M3W3CYSUK4ARCVY5EPMNJQKXQ,Popularity,0.0,
AF4M3W3CYSUK4ARCVY5EPMNJQKXQ,CF (ItemKNN),0.0,
AF4M3W3CYSUK4ARCVY5EPMNJQKXQ,Content (Avg Emb),0.0,
AF4M3W3CYSUK4ARCVY5EPMNJQKXQ,Last-Item,0.4,
AF4M3W3CYSUK4ARCVY5EPMNJQKXQ,Avg-Last-10,0.0,
AF4M3W3CYSUK4ARCVY5EPMNJQKXQ,Recency-Weighted,0.2,
AF4M3W3CYSUK4ARCVY5EPMNJQKXQ,Essence (K=10),0.0,
AF4PNORZSKSVWJQ2UBXWB7TNO5QA,Random,0.0,0.0
AF4PNORZSKSVWJQ2UBXWB7TNO5QA,Popularity,0.0,0.0
AF4PNORZSKSVWJQ2UBXWB7TNO5QA,CF (ItemKNN),0.0,0.0
AF4PNORZSKSVWJQ2UBXWB7TNO5QA,Content (Avg Emb),0.0,0.0
AF4PNORZSKSVWJQ2UBXWB7TNO5QA,Last-Item,0.0,0.0
AF4PNORZSKSVWJQ2UBXWB7TNO5QA,Avg-Last-10,0.0,0.0
AF4PNORZSKSVWJQ2UBXWB7TNO5QA,Recency-Weighted,0.0,0.0
AF4PNORZSKSVWJQ2UBXWB7TNO5QA,Essence (K=10),0.0,0.0
AF4VPJHZMKX33PVDPIQIIIINA7LQ,Random,0.0,0.0
AF4VPJHZMKX33PVDPIQIIIINA7LQ,Popularity,0.0,0.0
AF4VPJHZMKX33PVDPIQIIIINA7LQ,CF (ItemKNN),0.0,0.0
AF4VPJHZMKX33PVDPIQIIIINA7LQ,Content (Avg Emb),0.0,0.0
AF4VPJHZMKX33PVDPIQIIIINA7LQ,Last-Item,0.0,0.0
AF4VPJHZMKX33PVDPIQIIIINA7LQ,Avg-Last-10,0.0,0.0
AF4VPJHZMKX33PVDPIQIIIINA7LQ,Recency-Weighted,0.0,0.0
AF4VPJHZMKX33PVDPIQIIIINA7LQ,Essence (K=10),0.0,0.0
AF4VQ2M7HTOGWIN4YGZTYY65BC4A,Random,0.0,0.0
AF4VQ2M7HTOGWIN4YGZTYY65BC4A,Popularity,0.0,0.0
AF4VQ2M7HTOGWIN4YGZTYY65BC4A,CF (ItemKNN),0.0,0.0
AF4VQ2M7HTOGWIN4YGZTYY65BC4A,Content (Avg Emb),0.0,0.0
AF4VQ2M7HTOGWIN4YGZTYY65BC4A,Last-Item,0.0,0.0
AF4VQ2M7HTOGWIN4YGZTYY65BC4A,Avg-Last-10,0.0,0.0
AF4VQ2M7HTOGWIN4YGZTYY65BC4A,Recency-Weighted,0.0,0.0
AF4VQ2M7HTOGWIN4YGZTYY65BC4A,Essence (K=10),0.0,0.0
AF4WMB67HMULQBPJVPU2HMWHEKAA,Random,0.0,
AF4WMB67HMULQBPJVPU2HMWHEKAA,Popularity,0.0,
AF4WMB67HMULQBPJVPU2HMWHEKAA,CF (ItemKNN),0.0,
AF4WMB67HMULQBPJVPU2HMWHEKAA,Content (Avg Emb),0.0,
AF4WMB67HMULQBPJVPU2HMWHEKAA,Last-Item,0.0,
AF4WMB67HMULQBPJVPU2HMWHEKAA,Avg-Last-10,0.0,
AF4WMB67HMULQBPJVPU2HMWHEKAA,Recency-Weighted,0.0,
AF4WMB67HMULQBPJVPU2HMWHEKAA,Essence (K=10),0.0,
AF4WY5RPX3GE6KFWRIJFVBXF77SQ,Random,0.0,0.0
AF4WY5RPX3GE6KFWRIJFVBXF77SQ,Popularity,0.0,0.0
AF4WY5RPX3GE6KFWRIJFVBXF77SQ,CF (ItemKNN),0.0,0.0
AF4WY5RPX3GE6KFWRIJFVBXF77SQ,Content (Avg Emb),0.0,0.0
AF4WY5RPX3GE6KFWRIJFVBXF77SQ,Last-Item,0.2,0.0
AF4WY5RPX3GE6KFWRIJFVBXF77SQ,Avg-Last-10,0.0,0.0
AF4WY5RPX3GE6KFWRIJFVBXF77SQ,Recency-Weighted,0.2,0.0
AF4WY5RPX3GE6KFWRIJFVBXF77SQ,Essence (K=10),0.2,0.0
AF54WM627WSGBIYR7UWEAHZ3SIHQ,Random,0.0,
AF54WM627WSGBIYR7UWEAHZ3SIHQ,Popularity,0.0,
AF54WM627WSGBIYR7UWEAHZ3SIHQ,CF (ItemKNN),0.0,
AF54WM627WSGBIYR7UWEAHZ3SIHQ,Content (Avg Emb),0.0,
AF54WM627WSGBIYR7UWEAHZ3SIHQ,Last-Item,0.0,
AF54WM627WSGBIYR7UWEAHZ3SIHQ,Avg-Last-10,0.0,
AF54WM627WSGBIYR7UWEAHZ3SIHQ,Recency-Weighted,0.0,
AF54WM627WSGBIYR7UWEAHZ3SIHQ,Essence (K=10),0.0,
AF57P6FY6E7VNIDGAHXMWN4PPIVQ,Random,0.0,
AF57P6FY6E7VNIDGAHXMWN4PPIVQ,Popularity,0.0,
AF57P6FY6E7VNIDGAHXMWN4PPIVQ,CF (ItemKNN),0.0,
AF57P6FY6E7VNIDGAHXMWN4PPIVQ,Content (Avg Emb),0.0,
AF57P6FY6E7VNIDGAHXMWN4PPIVQ,Last-Item,0.0,
AF57P6FY6E7VNIDGAHXMWN4PPIVQ,Avg-Last-10,0.0,
AF57P6FY6E7VNIDGAHXMWN4PPIVQ,Recency-Weighted,0.0,
AF57P6FY6E7VNIDGAHXMWN4PPIVQ,Essence (K=10),0.0,
AF5B4QU74OA56QWB7RKIENNU7ZVA,Random,0.0,0.0
AF5B4QU74OA56QWB7RKIENNU7ZVA,Popularity,0.0,0.0
AF5B4QU74OA56QWB7RKIENNU7ZVA,CF (ItemKNN),0.0,0.0
AF5B4QU74OA56QWB7RKIENNU7ZVA,Content (Avg Emb),0.0,0.0
AF5B4QU74OA56QWB7RKIENNU7ZVA,Last-Item,0.0,0.0
AF5B4QU74OA56QWB7RKIENNU7ZVA,Avg-Last-10,0.0,0.0
AF5B4QU74OA56QWB7RKIENNU7ZVA,Recency-Weighted,0.0,0.0
AF5B4QU74OA56QWB7RKIENNU7ZVA,Essence (K=10),0.0,0.0
AF5CJ7ZWTXPWQ6HAH275M7IMXQUA,Random,0.0,0.0
AF5CJ7ZWTXPWQ6HAH275M7IMXQUA,Popularity,0.0,0.0
AF5CJ7ZWTXPWQ6HAH275M7IMXQUA,CF (ItemKNN),0.0,0.0
AF5CJ7ZWTXPWQ6HAH275M7IMXQUA,Content (Avg Emb),0.0,0.0
AF5CJ7ZWTXPWQ6HAH275M7IMXQUA,Last-Item,0.0,0.0
AF5CJ7ZWTXPWQ6HAH275M7IMXQUA,Avg-Last-10,0.0,0.0
AF5CJ7ZWTXPWQ6HAH275M7IMXQUA,Recency-Weighted,0.0,0.0
AF5CJ7ZWTXPWQ6HAH275M7IMXQUA,Essence (K=10),0.0,0.0
AF5GPOX4K4REHMS5G6EAMGRBKDWA,Random,0.0,
AF5GPOX4K4REHMS5G6EAMGRBKDWA,Popularity,0.0,
AF5GPOX4K4REHMS5G6EAMGRBKDWA,CF (ItemKNN),0.0,
AF5GPOX4K4REHMS5G6EAMGRBKDWA,Content (Avg Emb),0.0,
AF5GPOX4K4REHMS5G6EAMGRBKDWA,Last-Item,0.0,
AF5GPOX4K4REHMS5G6EAMGRBKDWA,Avg-Last-10,0.0,
AF5GPOX4K4REHMS5G6EAMGRBKDWA,Recency-Weighted,0.0,
AF5GPOX4K4REHMS5G6EAMGRBKDWA,Essence (K=10),0.0,
AF5JP3WOVJAZGJO7B5HCM6FZNXKQ,Random,0.0,
AF5JP3WOVJAZGJO7B5HCM6FZNXKQ,Popularity,0.0,
AF5JP3WOVJAZGJO7B5HCM6FZNXKQ,CF (ItemKNN),0.0,
AF5JP3WOVJAZGJO7B5HCM6FZNXKQ,Content (Avg Emb),0.0,
AF5JP3WOVJAZGJO7B5HCM6FZNXKQ,Last-Item,0.0,
AF5JP3WOVJAZGJO7B5HCM6FZNXKQ,Avg-Last-10,0.0,
AF5JP3WOVJAZGJO7B5HCM6FZNXKQ,Recency-Weighted,0.0,
AF5JP3WOVJAZGJO7B5HCM6FZNXKQ,Essence (K=10),0.0,
AF5JSUYMDDEOGONAIJWEFWAANDVA,Random,0.0,
AF5JSUYMDDEOGONAIJWEFWAANDVA,Popularity,0.0,
AF5JSUYMDDEOGONAIJWEFWAANDVA,CF (ItemKNN),0.0,
AF5JSUYMDDEOGONAIJWEFWAANDVA,Content (Avg Emb),0.0,
AF5JSUYMDDEOGONAIJWEFWAANDVA,Last-Item,0.0,
AF5JSUYMDDEOGONAIJWEFWAANDVA,Avg-Last-10,0.0,
AF5JSUYMDDEOGONAIJWEFWAANDVA,Recency-Weighted,0.0,
AF5JSUYMDDEOGONAIJWEFWAANDVA,Essence (K=10),0.0,
AF5JU3VCZM2XNQAN6T7NFJEENENA,Random,0.0,0.0
AF5JU3VCZM2XNQAN6T7NFJEENENA,Popularity,0.0,0.0
AF5JU3VCZM2XNQAN6T7NFJEENENA,CF (ItemKNN),0.0,0.0
AF5JU3VCZM2XNQAN6T7NFJEENENA,Content (Avg Emb),0.0,0.0
AF5JU3VCZM2XNQAN6T7NFJEENENA,Last-Item,0.07692307692307693,0.0
AF5JU3VCZM2XNQAN6T7NFJEENENA,Avg-Last-10,0.0,0.0
AF5JU3VCZM2XNQAN6T7NFJEENENA,Recency-Weighted,0.0,0.0
AF5JU3VCZM2XNQAN6T7NFJEENENA,Essence (K=10),0.07692307692307693,0.0
AF5LVEMNFDPISQX5H4UPIHDMVRBA,Random,0.0,0.0
AF5LVEMNFDPISQX5H4UPIHDMVRBA,Popularity,0.0,0.0
AF5LVEMNFDPISQX5H4UPIHDMVRBA,CF (ItemKNN),0.0,0.0
AF5LVEMNFDPISQX5H4UPIHDMVRBA,Content (Avg Emb),0.0,0.0
AF5LVEMNFDPISQX5H4UPIHDMVRBA,Last-Item,0.0,0.0
AF5LVEMNFDPISQX5H4UPIHDMVRBA,Avg-Last-10,0.0,0.0
AF5LVEMNFDPISQX5H4UPIHDMVRBA,Recency-Weighted,0.0,0.0
AF5LVEMNFDPISQX5H4UPIHDMVRBA,Essence (K=10),0.0,0.0
AF5MLXFPSZGSFF3E7YDUYZKISY7Q,Random,0.0,
AF5MLXFPSZGSFF3E7YDUYZKISY7Q,Popularity,0.0,
AF5MLXFPSZGSFF3E7YDUYZKISY7Q,CF (ItemKNN),0.0,
AF5MLXFPSZGSFF3E7YDUYZKISY7Q,Content (Avg Emb),0.25,
AF5MLXFPSZGSFF3E7YDUYZKISY7Q,Last-Item,0.25,
AF5MLXFPSZGSFF3E7YDUYZKISY7Q,Avg-Last-10,0.25,
AF5MLXFPSZGSFF3E7YDUYZKISY7Q,Recency-Weighted,0.25,
AF5MLXFPSZGSFF3E7YDUYZKISY7Q,Essence (K=10),0.25,
AF5N7ZAJYB4DNJBUFOXAYMXZAK2A,Random,0.0,
AF5N7ZAJYB4DNJBUFOXAYMXZAK2A,Popularity,0.0,
AF5N7ZAJYB4DNJBUFOXAYMXZAK2A,CF (ItemKNN),0.0,
AF5N7ZAJYB4DNJBUFOXAYMXZAK2A,Content (Avg Emb),0.2857142857142857,
AF5N7ZAJYB4DNJBUFOXAYMXZAK2A,Last-Item,0.2857142857142857,
AF5N7ZAJYB4DNJBUFOXAYMXZAK2A,Avg-Last-10,0.5714285714285714,
AF5N7ZAJYB4DNJBUFOXAYMXZAK2A,Recency-Weighted,0.5714285714285714,
AF5N7ZAJYB4DNJBUFOXAYMXZAK2A,Essence (K=10),0.5714285714285714,
AF5NYYMCCIGC2L5AAOS7PHHPOBNQ,Random,0.0,0.0
AF5NYYMCCIGC2L5AAOS7PHHPOBNQ,Popularity,0.0,0.0
AF5NYYMCCIGC2L5AAOS7PHHPOBNQ,CF (ItemKNN),0.0,0.0
AF5NYYMCCIGC2L5AAOS7PHHPOBNQ,Content (Avg Emb),0.0,0.0
AF5NYYMCCIGC2L5AAOS7PHHPOBNQ,Last-Item,0.0,0.0
AF5NYYMCCIGC2L5AAOS7PHHPOBNQ,Avg-Last-10,0.0,0.0
AF5NYYMCCIGC2L5AAOS7PHHPOBNQ,Recency-Weighted,0.07142857142857142,0.0
AF5NYYMCCIGC2L5AAOS7PHHPOBNQ,Essence (K=10),0.0,0.0
AF5O7NT4PM2W47WGL3NVPITVZ3KQ,Random,0.0,0.0
AF5O7NT4PM2W47WGL3NVPITVZ3KQ,Popularity,0.0,0.0
AF5O7NT4PM2W47WGL3NVPITVZ3KQ,CF (ItemKNN),0.16666666666666666,0.0
AF5O7NT4PM2W47WGL3NVPITVZ3KQ,Content (Avg Emb),0.0,0.0
AF5O7NT4PM2W47WGL3NVPITVZ3KQ,Last-Item,0.0,0.0
AF5O7NT4PM2W47WGL3NVPITVZ3KQ,Avg-Last-10,0.0,0.0
AF5O7NT4PM2W47WGL3NVPITVZ3KQ,Recency-Weighted,0.0,0.0
AF5O7NT4PM2W47WGL3NVPITVZ3KQ,Essence (K=10),0.0,0.0
AF5QNLBYGWH64JGSRWQVPWQWLYBA,Random,0.0,
AF5QNLBYGWH64JGSRWQVPWQWLYBA,Popularity,0.0,
AF5QNLBYGWH64JGSRWQVPWQWLYBA,CF (ItemKNN),0.0,
AF5QNLBYGWH64JGSRWQVPWQWLYBA,Content (Avg Emb),0.0,
AF5QNLBYGWH64JGSRWQVPWQWLYBA,Last-Item,0.0,
AF5QNLBYGWH64JGSRWQVPWQWLYBA,Avg-Last-10,0.0,
AF5QNLBYGWH64JGSRWQVPWQWLYBA,Recency-Weighted,0.0,
AF5QNLBYGWH64JGSRWQVPWQWLYBA,Essence (K=10),0.0,
AF5R5G3J3KC3MWOQKQ5ERJS7XE5A,Random,0.0,0.0
AF5R5G3J3KC3MWOQKQ5ERJS7XE5A,Popularity,0.0,0.0
AF5R5G3J3KC3MWOQKQ5ERJS7XE5A,CF (ItemKNN),0.0,0.0
AF5R5G3J3KC3MWOQKQ5ERJS7XE5A,Content (Avg Emb),0.0,0.0
AF5R5G3J3KC3MWOQKQ5ERJS7XE5A,Last-Item,0.0,0.0
AF5R5G3J3KC3MWOQKQ5ERJS7XE5A,Avg-Last-10,0.0,0.0
AF5R5G3J3KC3MWOQKQ5ERJS7XE5A,Recency-Weighted,0.0,0.0
AF5R5G3J3KC3MWOQKQ5ERJS7XE5A,Essence (K=10),0.0,0.0
AF5SMV6GURMSSTI5LLVWJ7TQMWNA,Random,0.0,0.0
AF5SMV6GURMSSTI5LLVWJ7TQMWNA,Popularity,0.0,0.0
AF5SMV6GURMSSTI5LLVWJ7TQMWNA,CF (ItemKNN),0.0,0.0
AF5SMV6GURMSSTI5LLVWJ7TQMWNA,Content (Avg Emb),0.0,0.0
AF5SMV6GURMSSTI5LLVWJ7TQMWNA,Last-Item,0.0,0.0
AF5SMV6GURMSSTI5LLVWJ7TQMWNA,Avg-Last-10,0.0,0.0
AF5SMV6GURMSSTI5LLVWJ7TQMWNA,Recency-Weighted,0.0,0.0
AF5SMV6GURMSSTI5LLVWJ7TQMWNA,Essence (K=10),0.0,0.0
AF5TKHHQ74SD3VQVBOIDJ3D42YUQ,Random,0.0,0.0
AF5TKHHQ74SD3VQVBOIDJ3D42YUQ,Popularity,0.0,0.0
AF5TKHHQ74SD3VQVBOIDJ3D42YUQ,CF (ItemKNN),0.0,0.0
AF5TKHHQ74SD3VQVBOIDJ3D42YUQ,Content (Avg Emb),0.0,0.0
AF5TKHHQ74SD3VQVBOIDJ3D42YUQ,Last-Item,0.0,0.0
AF5TKHHQ74SD3VQVBOIDJ3D42YUQ,Avg-Last-10,0.0,0.0
AF5TKHHQ74SD3VQVBOIDJ3D42YUQ,Recency-Weighted,0.0,0.0
AF5TKHHQ74SD3VQVBOIDJ3D42YUQ,Essence (K=10),0.0,0.0
AF5WKYKIB4DI6UTKFTSATUAESTLA,Random,0.0,0.0
AF5WKYKIB4DI6UTKFTSATUAESTLA,Popularity,0.0,0.0
AF5WKYKIB4DI6UTKFTSATUAESTLA,CF (ItemKNN),0.0,0.0
AF5WKYKIB4DI6UTKFTSATUAESTLA,Content (Avg Emb),0.0,0.0
AF5WKYKIB4DI6UTKFTSATUAESTLA,Last-Item,0.0,0.0
AF5WKYKIB4DI6UTKFTSATUAESTLA,Avg-Last-10,0.0,0.0
AF5WKYKIB4DI6UTKFTSATUAESTLA,Recency-Weighted,0.0,0.0
AF5WKYKIB4DI6UTKFTSATUAESTLA,Essence (K=10),0.0,0.0
AF5YZAVDY5O3VKB4HF2JI4UKXCZQ,Random,0.0,0.0
AF5YZAVDY5O3VKB4HF2JI4UKXCZQ,Popularity,0.0,0.0
AF5YZAVDY5O3VKB4HF2JI4UKXCZQ,CF (ItemKNN),0.0,0.0
AF5YZAVDY5O3VKB4HF2JI4UKXCZQ,Content (Avg Emb),0.0,0.0
AF5YZAVDY5O3VKB4HF2JI4UKXCZQ,Last-Item,0.0,0.0
AF5YZAVDY5O3VKB4HF2JI4UKXCZQ,Avg-Last-10,0.0,0.0
AF5YZAVDY5O3VKB4HF2JI4UKXCZQ,Recency-Weighted,0.0,0.0
AF5YZAVDY5O3VKB4HF2JI4UKXCZQ,Essence (K=10),0.0,0.0
AF65EDJOOIBQSYT3D4HEAECOMSTA,Random,0.0,
AF65EDJOOIBQSYT3D4HEAECOMSTA,Popularity,0.0,
AF65EDJOOIBQSYT3D4HEAECOMSTA,CF (ItemKNN),0.0,
AF65EDJOOIBQSYT3D4HEAECOMSTA,Content (Avg Emb),0.0,
AF65EDJOOIBQSYT3D4HEAECOMSTA,Last-Item,0.0,
AF65EDJOOIBQSYT3D4HEAECOMSTA,Avg-Last-10,0.25,
AF65EDJOOIBQSYT3D4HEAECOMSTA,Recency-Weighted,0.25,
AF65EDJOOIBQSYT3D4HEAECOMSTA,Essence (K=10),0.25,
AF65N5YQQ3H32BK3P3IRTRRFZSWA,Random,0.0,0.0
AF65N5YQQ3H32BK3P3IRTRRFZSWA,Popularity,0.0,0.0
AF65N5YQQ3H32BK3P3IRTRRFZSWA,CF (ItemKNN),0.0,0.0
AF65N5YQQ3H32BK3P3IRTRRFZSWA,Content (Avg Emb),0.0,0.0
AF65N5YQQ3H32BK3P3IRTRRFZSWA,Last-Item,0.0,0.0
AF65N5YQQ3H32BK3P3IRTRRFZSWA,Avg-Last-10,0.0,0.0
AF65N5YQQ3H32BK3P3IRTRRFZSWA,Recency-Weighted,0.0,0.0
AF65N5YQQ3H32BK3P3IRTRRFZSWA,Essence (K=10),0.0,0.0
AF66G4OUZTTIEOIJAE2GHUFTMACQ,Random,0.0,0.0
AF66G4OUZTTIEOIJAE2GHUFTMACQ,Popularity,0.0,0.0
AF66G4OUZTTIEOIJAE2GHUFTMACQ,CF (ItemKNN),0.0,0.0
AF66G4OUZTTIEOIJAE2GHUFTMACQ,Content (Avg Emb),0.0,0.0
AF66G4OUZTTIEOIJAE2GHUFTMACQ,Last-Item,0.0,0.0
AF66G4OUZTTIEOIJAE2GHUFTMACQ,Avg-Last-10,0.0,0.0
AF66G4OUZTTIEOIJAE2GHUFTMACQ,Recency-Weighted,0.0,0.0
AF66G4OUZTTIEOIJAE2GHUFTMACQ,Essence (K=10),0.0,0.0
AF6AMLPSBVB7A6A2ZTWIJLD2BNVA,Random,0.0,
AF6AMLPSBVB7A6A2ZTWIJLD2BNVA,Popularity,0.0,
AF6AMLPSBVB7A6A2ZTWIJLD2BNVA,CF (ItemKNN),0.0,
AF6AMLPSBVB7A6A2ZTWIJLD2BNVA,Content (Avg Emb),0.0,
AF6AMLPSBVB7A6A2ZTWIJLD2BNVA,Last-Item,0.1,
AF6AMLPSBVB7A6A2ZTWIJLD2BNVA,Avg-Last-10,0.0,
AF6AMLPSBVB7A6A2ZTWIJLD2BNVA,Recency-Weighted,0.0,
AF6AMLPSBVB7A6A2ZTWIJLD2BNVA,Essence (K=10),0.0,
AF6ARGGBFKIIZFQC633SHF5HWHJA,Random,0.0,0.0
AF6ARGGBFKIIZFQC633SHF5HWHJA,Popularity,0.0,0.0
AF6ARGGBFKIIZFQC633SHF5HWHJA,CF (ItemKNN),0.0,0.0
AF6ARGGBFKIIZFQC633SHF5HWHJA,Content (Avg Emb),0.07692307692307693,0.0
AF6ARGGBFKIIZFQC633SHF5HWHJA,Last-Item,0.0,0.0
AF6ARGGBFKIIZFQC633SHF5HWHJA,Avg-Last-10,0.0,0.0
AF6ARGGBFKIIZFQC633SHF5HWHJA,Recency-Weighted,0.0,0.0
AF6ARGGBFKIIZFQC633SHF5HWHJA,Essence (K=10),0.0,0.0
AF6CYLEF3EAPIDGGMR2MA6BV3S3A,Random,0.0,0.0
AF6CYLEF3EAPIDGGMR2MA6BV3S3A,Popularity,0.0,0.0
AF6CYLEF3EAPIDGGMR2MA6BV3S3A,CF (ItemKNN),0.0,0.0
AF6CYLEF3EAPIDGGMR2MA6BV3S3A,Content (Avg Emb),0.09090909090909091,0.0
AF6CYLEF3EAPIDGGMR2MA6BV3S3A,Last-Item,0.18181818181818182,0.0
AF6CYLEF3EAPIDGGMR2MA6BV3S3A,Avg-Last-10,0.18181818181818182,0.0
AF6CYLEF3EAPIDGGMR2MA6BV3S3A,Recency-Weighted,0.18181818181818182,0.0
AF6CYLEF3EAPIDGGMR2MA6BV3S3A,Essence (K=10),0.36363636363636365,0.0
AF6HKSFOHVXTVMCBEUTRDLH6ZFBA,Random,0.0,0.0
AF6HKSFOHVXTVMCBEUTRDLH6ZFBA,Popularity,0.0,0.0
AF6HKSFOHVXTVMCBEUTRDLH6ZFBA,CF (ItemKNN),0.0,0.0
AF6HKSFOHVXTVMCBEUTRDLH6ZFBA,Content (Avg Emb),0.0,0.0
AF6HKSFOHVXTVMCBEUTRDLH6ZFBA,Last-Item,0.0,0.0
AF6HKSFOHVXTVMCBEUTRDLH6ZFBA,Avg-Last-10,0.0,0.0
AF6HKSFOHVXTVMCBEUTRDLH6ZFBA,Recency-Weighted,0.0,0.0
AF6HKSFOHVXTVMCBEUTRDLH6ZFBA,Essence (K=10),0.0,0.0
AF6ID7PVDHYLHIBN43N2CRKMTODA,Random,0.0,0.0
AF6ID7PVDHYLHIBN43N2CRKMTODA,Popularity,0.0,0.0
AF6ID7PVDHYLHIBN43N2CRKMTODA,CF (ItemKNN),0.0,0.0
AF6ID7PVDHYLHIBN43N2CRKMTODA,Content (Avg Emb),0.0,0.0
AF6ID7PVDHYLHIBN43N2CRKMTODA,Last-Item,0.0,0.0
AF6ID7PVDHYLHIBN43N2CRKMTODA,Avg-Last-10,0.0,0.0
AF6ID7PVDHYLHIBN43N2CRKMTODA,Recency-Weighted,0.0,0.0
AF6ID7PVDHYLHIBN43N2CRKMTODA,Essence (K=10),0.0,0.0
AF6IYRSZ2E44OI52DW3WP7NYMXSA,Random,0.0,0.0
AF6IYRSZ2E44OI52DW3WP7NYMXSA,Popularity,0.0,0.0
AF6IYRSZ2E44OI52DW3WP7NYMXSA,CF (ItemKNN),0.0,0.0
AF6IYRSZ2E44OI52DW3WP7NYMXSA,Content (Avg Emb),0.0,0.0
AF6IYRSZ2E44OI52DW3WP7NYMXSA,Last-Item,0.0,0.0
AF6IYRSZ2E44OI52DW3WP7NYMXSA,Avg-Last-10,0.0,0.0
AF6IYRSZ2E44OI52DW3WP7NYMXSA,Recency-Weighted,0.0,0.0
AF6IYRSZ2E44OI52DW3WP7NYMXSA,Essence (K=10),0.0,0.0
AF6JBAMYC7UVFC2WM46A3B4QKVZA,Random,0.0,0.0
AF6JBAMYC7UVFC2WM46A3B4QKVZA,Popularity,0.0,0.0
AF6JBAMYC7UVFC2WM46A3B4QKVZA,CF (ItemKNN),0.0,0.0
AF6JBAMYC7UVFC2WM46A3B4QKVZA,Content (Avg Emb),0.0,0.0
AF6JBAMYC7UVFC2WM46A3B4QKVZA,Last-Item,0.0,0.0
AF6JBAMYC7UVFC2WM46A3B4QKVZA,Avg-Last-10,0.0,0.0
AF6JBAMYC7UVFC2WM46A3B4QKVZA,Recency-Weighted,0.0,0.0
AF6JBAMYC7UVFC2WM46A3B4QKVZA,Essence (K=10),0.0,0.0
AF6LABBFOR6BTIVBMD66L5AOOKKA,Random,0.0,
AF6LABBFOR6BTIVBMD66L5AOOKKA,Popularity,0.0,
AF6LABBFOR6BTIVBMD66L5AOOKKA,CF (ItemKNN),0.0,
AF6LABBFOR6BTIVBMD66L5AOOKKA,Content (Avg Emb),0.0,
AF6LABBFOR6BTIVBMD66L5AOOKKA,Last-Item,0.0,
AF6LABBFOR6BTIVBMD66L5AOOKKA,Avg-Last-10,0.0,
AF6LABBFOR6BTIVBMD66L5AOOKKA,Recency-Weighted,0.0,
AF6LABBFOR6BTIVBMD66L5AOOKKA,Essence (K=10),0.0,
AF6LAJC4ZCSB2DIN65H6SDAD7ZEA,Random,0.0,
AF6LAJC4ZCSB2DIN65H6SDAD7ZEA,Popularity,0.0,
AF6LAJC4ZCSB2DIN65H6SDAD7ZEA,CF (ItemKNN),0.0,
AF6LAJC4ZCSB2DIN65H6SDAD7ZEA,Content (Avg Emb),0.0,
AF6LAJC4ZCSB2DIN65H6SDAD7ZEA,Last-Item,0.0,
AF6LAJC4ZCSB2DIN65H6SDAD7ZEA,Avg-Last-10,0.0,
AF6LAJC4ZCSB2DIN65H6SDAD7ZEA,Recency-Weighted,0.0,
AF6LAJC4ZCSB2DIN65H6SDAD7ZEA,Essence (K=10),0.0,
AF6OHZHDPTDPVP4TDC7CUV6S43LA,Random,0.0,
AF6OHZHDPTDPVP4TDC7CUV6S43LA,Popularity,0.0,
AF6OHZHDPTDPVP4TDC7CUV6S43LA,CF (ItemKNN),0.0,
AF6OHZHDPTDPVP4TDC7CUV6S43LA,Content (Avg Emb),0.0,
AF6OHZHDPTDPVP4TDC7CUV6S43LA,Last-Item,0.058823529411764705,
AF6OHZHDPTDPVP4TDC7CUV6S43LA,Avg-Last-10,0.0,
AF6OHZHDPTDPVP4TDC7CUV6S43LA,Recency-Weighted,0.0,
AF6OHZHDPTDPVP4TDC7CUV6S43LA,Essence (K=10),0.0,
AF6ONZXDRTLLBTPUVH32ICUYZQPQ,Random,0.0,0.0
AF6ONZXDRTLLBTPUVH32ICUYZQPQ,Popularity,0.16666666666666666,0.0
AF6ONZXDRTLLBTPUVH32ICUYZQPQ,CF (ItemKNN),0.0,0.0
AF6ONZXDRTLLBTPUVH32ICUYZQPQ,Content (Avg Emb),0.0,0.0
AF6ONZXDRTLLBTPUVH32ICUYZQPQ,Last-Item,0.0,0.0
AF6ONZXDRTLLBTPUVH32ICUYZQPQ,Avg-Last-10,0.0,0.0
AF6ONZXDRTLLBTPUVH32ICUYZQPQ,Recency-Weighted,0.0,0.0
AF6ONZXDRTLLBTPUVH32ICUYZQPQ,Essence (K=10),0.0,0.0
AF6QITJEFG63PRTEW6YPWF4737PQ,Random,0.0,
AF6QITJEFG63PRTEW6YPWF4737PQ,Popularity,0.0,
AF6QITJEFG63PRTEW6YPWF4737PQ,CF (ItemKNN),0.0,
AF6QITJEFG63PRTEW6YPWF4737PQ,Content (Avg Emb),0.0,
AF6QITJEFG63PRTEW6YPWF4737PQ,Last-Item,0.0,
AF6QITJEFG63PRTEW6YPWF4737PQ,Avg-Last-10,0.0,
AF6QITJEFG63PRTEW6YPWF4737PQ,Recency-Weighted,0.0,
AF6QITJEFG63PRTEW6YPWF4737PQ,Essence (K=10),0.0,
AF6SCAT4DQAULGNDGOLUAV7ULGGQ,Random,0.0,
AF6SCAT4DQAULGNDGOLUAV7ULGGQ,Popularity,0.0,
AF6SCAT4DQAULGNDGOLUAV7ULGGQ,CF (ItemKNN),0.0,
AF6SCAT4DQAULGNDGOLUAV7ULGGQ,Content (Avg Emb),0.0,
AF6SCAT4DQAULGNDGOLUAV7ULGGQ,Last-Item,0.0,
AF6SCAT4DQAULGNDGOLUAV7ULGGQ,Avg-Last-10,0.0,
AF6SCAT4DQAULGNDGOLUAV7ULGGQ,Recency-Weighted,0.0,
AF6SCAT4DQAULGNDGOLUAV7ULGGQ,Essence (K=10),0.0,
AF6TRVPG55XV5NENLGPHDKPRZNWQ,Random,0.0,0.0
AF6TRVPG55XV5NENLGPHDKPRZNWQ,Popularity,0.0,0.0
AF6TRVPG55XV5NENLGPHDKPRZNWQ,CF (ItemKNN),0.0,0.0
AF6TRVPG55XV5NENLGPHDKPRZNWQ,Content (Avg Emb),0.0,0.0
AF6TRVPG55XV5NENLGPHDKPRZNWQ,Last-Item,0.0,0.0
AF6TRVPG55XV5NENLGPHDKPRZNWQ,Avg-Last-10,0.0,0.0
AF6TRVPG55XV5NENLGPHDKPRZNWQ,Recency-Weighted,0.0,0.0
AF6TRVPG55XV5NENLGPHDKPRZNWQ,Essence (K=10),0.0,0.0
AF6URNRAFHPBI36R2ZCB3GRWK56Q,Random,0.0,0.0
AF6URNRAFHPBI36R2ZCB3GRWK56Q,Popularity,0.0,0.0
AF6URNRAFHPBI36R2ZCB3GRWK56Q,CF (ItemKNN),0.0,0.0
AF6URNRAFHPBI36R2ZCB3GRWK56Q,Content (Avg Emb),0.0,0.0
AF6URNRAFHPBI36R2ZCB3GRWK56Q,Last-Item,0.0,0.0
AF6URNRAFHPBI36R2ZCB3GRWK56Q,Avg-Last-10,0.0,0.0
AF6URNRAFHPBI36R2ZCB3GRWK56Q,Recency-Weighted,0.0,0.0
AF6URNRAFHPBI36R2ZCB3GRWK56Q,Essence (K=10),0.0,0.0
AF6V574DJK6W4ZUECZKS32HJGUIQ,Random,0.0,
AF6V574DJK6W4ZUECZKS32HJGUIQ,Popularity,0.0,
AF6V574DJK6W4ZUECZKS32HJGUIQ,CF (ItemKNN),0.0,
AF6V574DJK6W4ZUECZKS32HJGUIQ,Content (Avg Emb),0.0,
AF6V574DJK6W4ZUECZKS32HJGUIQ,Last-Item,0.0,
AF6V574DJK6W4ZUECZKS32HJGUIQ,Avg-Last-10,0.0,
AF6V574DJK6W4ZUECZKS32HJGUIQ,Recency-Weighted,0.0,
AF6V574DJK6W4ZUECZKS32HJGUIQ,Essence (K=10),0.0,
AF6XEF7YT2QG7V7X22XL4KVWKYBA,Random,0.0,0.0
AF6XEF7YT2QG7V7X22XL4KVWKYBA,Popularity,0.0,0.0
AF6XEF7YT2QG7V7X22XL4KVWKYBA,CF (ItemKNN),0.0,0.0
AF6XEF7YT2QG7V7X22XL4KVWKYBA,Content (Avg Emb),0.0,0.0
AF6XEF7YT2QG7V7X22XL4KVWKYBA,Last-Item,0.0,0.0
AF6XEF7YT2QG7V7X22XL4KVWKYBA,Avg-Last-10,0.0,0.0
AF6XEF7YT2QG7V7X22XL4KVWKYBA,Recency-Weighted,0.0,0.0
AF6XEF7YT2QG7V7X22XL4KVWKYBA,Essence (K=10),0.0,0.0
AF6ZLNQCQ2ZW53TKVFAAKYLB4HSQ,Random,0.0,0.0
AF6ZLNQCQ2ZW53TKVFAAKYLB4HSQ,Popularity,0.0,0.0
AF6ZLNQCQ2ZW53TKVFAAKYLB4HSQ,CF (ItemKNN),0.0,0.0
AF6ZLNQCQ2ZW53TKVFAAKYLB4HSQ,Content (Avg Emb),0.0,0.0
AF6ZLNQCQ2ZW53TKVFAAKYLB4HSQ,Last-Item,0.0,0.0
AF6ZLNQCQ2ZW53TKVFAAKYLB4HSQ,Avg-Last-10,0.0,0.0
AF6ZLNQCQ2ZW53TKVFAAKYLB4HSQ,Recency-Weighted,0.0,0.0
AF6ZLNQCQ2ZW53TKVFAAKYLB4HSQ,Essence (K=10),0.0,0.0
AF7IDG5ADWYEDT5WS7CCSLIXCOVQ,Random,0.0,
AF7IDG5ADWYEDT5WS7CCSLIXCOVQ,Popularity,0.0,
AF7IDG5ADWYEDT5WS7CCSLIXCOVQ,CF (ItemKNN),0.0,
AF7IDG5ADWYEDT5WS7CCSLIXCOVQ,Content (Avg Emb),0.0,
AF7IDG5ADWYEDT5WS7CCSLIXCOVQ,Last-Item,0.0,
AF7IDG5ADWYEDT5WS7CCSLIXCOVQ,Avg-Last-10,0.0,
AF7IDG5ADWYEDT5WS7CCSLIXCOVQ,Recency-Weighted,0.0,
AF7IDG5ADWYEDT5WS7CCSLIXCOVQ,Essence (K=10),0.0,
AF7NEGZDLFNNFHMGRZYESULJ56VA,Random,0.0,0.0
AF7NEGZDLFNNFHMGRZYESULJ56VA,Popularity,0.0,0.0
AF7NEGZDLFNNFHMGRZYESULJ56VA,CF (ItemKNN),0.0,0.0
AF7NEGZDLFNNFHMGRZYESULJ56VA,Content (Avg Emb),0.0,0.0
AF7NEGZDLFNNFHMGRZYESULJ56VA,Last-Item,0.2,0.0
AF7NEGZDLFNNFHMGRZYESULJ56VA,Avg-Last-10,0.0,0.0
AF7NEGZDLFNNFHMGRZYESULJ56VA,Recency-Weighted,0.2,0.0
AF7NEGZDLFNNFHMGRZYESULJ56VA,Essence (K=10),0.0,0.0
AF7QI2JRWLGEEG4ANDLZ347MN3WA,Random,0.0,0.0
AF7QI2JRWLGEEG4ANDLZ347MN3WA,Popularity,0.0,0.0
AF7QI2JRWLGEEG4ANDLZ347MN3WA,CF (ItemKNN),0.0,0.0
AF7QI2JRWLGEEG4ANDLZ347MN3WA,Content (Avg Emb),0.0,0.0
AF7QI2JRWLGEEG4ANDLZ347MN3WA,Last-Item,0.0,0.0
AF7QI2JRWLGEEG4ANDLZ347MN3WA,Avg-Last-10,0.0,0.0
AF7QI2JRWLGEEG4ANDLZ347MN3WA,Recency-Weighted,0.0,0.0
AF7QI2JRWLGEEG4ANDLZ347MN3WA,Essence (K=10),0.0,0.0
AF7QM6JGAEIZGG6K7I45IAUX66WA,Random,0.0,
AF7QM6JGAEIZGG6K7I45IAUX66WA,Popularity,0.0,
AF7QM6JGAEIZGG6K7I45IAUX66WA,CF (ItemKNN),0.0,
AF7QM6JGAEIZGG6K7I45IAUX66WA,Content (Avg Emb),0.0,
AF7QM6JGAEIZGG6K7I45IAUX66WA,Last-Item,0.0,
AF7QM6JGAEIZGG6K7I45IAUX66WA,Avg-Last-10,0.0,
AF7QM6JGAEIZGG6K7I45IAUX66WA,Recency-Weighted,0.0,
AF7QM6JGAEIZGG6K7I45IAUX66WA,Essence (K=10),0.0,
AF7RJBVR6KGUXXRHGR23GT5E4AGA,Random,0.0,0.0
AF7RJBVR6KGUXXRHGR23GT5E4AGA,Popularity,0.0,0.0
AF7RJBVR6KGUXXRHGR23GT5E4AGA,CF (ItemKNN),0.0,0.0
AF7RJBVR6KGUXXRHGR23GT5E4AGA,Content (Avg Emb),0.0,0.0
AF7RJBVR6KGUXXRHGR23GT5E4AGA,Last-Item,0.0,0.0
AF7RJBVR6KGUXXRHGR23GT5E4AGA,Avg-Last-10,0.0,0.0
AF7RJBVR6KGUXXRHGR23GT5E4AGA,Recency-Weighted,0.0,0.0
AF7RJBVR6KGUXXRHGR23GT5E4AGA,Essence (K=10),0.0,0.0
AF7T5JCVTM6YBDTL2IIRZIGQIBDA,Random,0.0,0.0
AF7T5JCVTM6YBDTL2IIRZIGQIBDA,Popularity,0.0,0.0
AF7T5JCVTM6YBDTL2IIRZIGQIBDA,CF (ItemKNN),0.0,0.0
AF7T5JCVTM6YBDTL2IIRZIGQIBDA,Content (Avg Emb),0.058823529411764705,0.5
AF7T5JCVTM6YBDTL2IIRZIGQIBDA,Last-Item,0.11764705882352941,0.0
AF7T5JCVTM6YBDTL2IIRZIGQIBDA,Avg-Last-10,0.058823529411764705,0.0
AF7T5JCVTM6YBDTL2IIRZIGQIBDA,Recency-Weighted,0.11764705882352941,0.5
AF7T5JCVTM6YBDTL2IIRZIGQIBDA,Essence (K=10),0.0,0.0
AF7VIIE2WXIXWDLVOUAUA4TWYWPA,Random,0.0,0.0
AF7VIIE2WXIXWDLVOUAUA4TWYWPA,Popularity,0.0,0.0
AF7VIIE2WXIXWDLVOUAUA4TWYWPA,CF (ItemKNN),0.0,0.0
AF7VIIE2WXIXWDLVOUAUA4TWYWPA,Content (Avg Emb),0.0,0.0
AF7VIIE2WXIXWDLVOUAUA4TWYWPA,Last-Item,0.0,0.0
AF7VIIE2WXIXWDLVOUAUA4TWYWPA,Avg-Last-10,0.0,0.0
AF7VIIE2WXIXWDLVOUAUA4TWYWPA,Recency-Weighted,0.0,0.0
AF7VIIE2WXIXWDLVOUAUA4TWYWPA,Essence (K=10),0.0,0.0
AF7YOAUQ5U6OIQMQTT3X4ZZSCZEA,Random,0.0,0.0
AF7YOAUQ5U6OIQMQTT3X4ZZSCZEA,Popularity,0.0,0.0
AF7YOAUQ5U6OIQMQTT3X4ZZSCZEA,CF (ItemKNN),0.0,0.0
AF7YOAUQ5U6OIQMQTT3X4ZZSCZEA,Content (Avg Emb),0.0,0.0
AF7YOAUQ5U6OIQMQTT3X4ZZSCZEA,Last-Item,0.0,0.0
AF7YOAUQ5U6OIQMQTT3X4ZZSCZEA,Avg-Last-10,0.0,0.0
AF7YOAUQ5U6OIQMQTT3X4ZZSCZEA,Recency-Weighted,0.0,0.0
AF7YOAUQ5U6OIQMQTT3X4ZZSCZEA,Essence (K=10),0.0,0.0
AF7Z3F52AB3HLVGBUTPES3FCLR2A,Random,0.0,0.0
AF7Z3F52AB3HLVGBUTPES3FCLR2A,Popularity,0.0,0.0
AF7Z3F52AB3HLVGBUTPES3FCLR2A,CF (ItemKNN),0.0,0.0
AF7Z3F52AB3HLVGBUTPES3FCLR2A,Content (Avg Emb),0.0,0.0
AF7Z3F52AB3HLVGBUTPES3FCLR2A,Last-Item,0.0,0.0
AF7Z3F52AB3HLVGBUTPES3FCLR2A,Avg-Last-10,0.0,0.0
AF7Z3F52AB3HLVGBUTPES3FCLR2A,Recency-Weighted,0.0,0.0
AF7Z3F52AB3HLVGBUTPES3FCLR2A,Essence (K=10),0.0,0.0
AFA57DFNNDDVWUVHIHRSFWZYKPFA,Random,0.0,0.0
AFA57DFNNDDVWUVHIHRSFWZYKPFA,Popularity,0.0,0.0
AFA57DFNNDDVWUVHIHRSFWZYKPFA,CF (ItemKNN),0.0,0.0
AFA57DFNNDDVWUVHIHRSFWZYKPFA,Content (Avg Emb),0.0,0.0
AFA57DFNNDDVWUVHIHRSFWZYKPFA,Last-Item,0.0,0.0
AFA57DFNNDDVWUVHIHRSFWZYKPFA,Avg-Last-10,0.0,0.0
AFA57DFNNDDVWUVHIHRSFWZYKPFA,Recency-Weighted,0.0,0.0
AFA57DFNNDDVWUVHIHRSFWZYKPFA,Essence (K=10),0.0,0.0
AFA5QNRHR25RE7W4HB2RD6BJ7Q6Q,Random,0.0,0.0
AFA5QNRHR25RE7W4HB2RD6BJ7Q6Q,Popularity,0.0,0.0
AFA5QNRHR25RE7W4HB2RD6BJ7Q6Q,CF (ItemKNN),0.0,0.0
AFA5QNRHR25RE7W4HB2RD6BJ7Q6Q,Content (Avg Emb),0.0,0.0
AFA5QNRHR25RE7W4HB2RD6BJ7Q6Q,Last-Item,0.0,0.0
AFA5QNRHR25RE7W4HB2RD6BJ7Q6Q,Avg-Last-10,0.0,0.0
AFA5QNRHR25RE7W4HB2RD6BJ7Q6Q,Recency-Weighted,0.0,0.0
AFA5QNRHR25RE7W4HB2RD6BJ7Q6Q,Essence (K=10),0.0,0.0
AFAAPX7S72YDMZHN5YAPSPFIA3HQ,Random,0.0,0.0
AFAAPX7S72YDMZHN5YAPSPFIA3HQ,Popularity,0.0,0.0
AFAAPX7S72YDMZHN5YAPSPFIA3HQ,CF (ItemKNN),0.0,0.0
AFAAPX7S72YDMZHN5YAPSPFIA3HQ,Content (Avg Emb),0.0,0.0
AFAAPX7S72YDMZHN5YAPSPFIA3HQ,Last-Item,0.0,0.0
AFAAPX7S72YDMZHN5YAPSPFIA3HQ,Avg-Last-10,0.0,0.0
AFAAPX7S72YDMZHN5YAPSPFIA3HQ,Recency-Weighted,0.0,0.0
AFAAPX7S72YDMZHN5YAPSPFIA3HQ,Essence (K=10),0.0,0.0
AFABKLBBYSOOUVZ53BAQOFUQPDGA,Random,0.0,0.0
AFABKLBBYSOOUVZ53BAQOFUQPDGA,Popularity,0.0,0.0
AFABKLBBYSOOUVZ53BAQOFUQPDGA,CF (ItemKNN),0.0,0.0
AFABKLBBYSOOUVZ53BAQOFUQPDGA,Content (Avg Emb),0.0,0.0
AFABKLBBYSOOUVZ53BAQOFUQPDGA,Last-Item,0.0,0.0
AFABKLBBYSOOUVZ53BAQOFUQPDGA,Avg-Last-10,0.0,0.0
AFABKLBBYSOOUVZ53BAQOFUQPDGA,Recency-Weighted,0.0,0.0
AFABKLBBYSOOUVZ53BAQOFUQPDGA,Essence (K=10),0.0,0.0
AFABNLMKV3SVWSEDKDFHOZHM3Q3A,Random,0.0,0.0
AFABNLMKV3SVWSEDKDFHOZHM3Q3A,Popularity,0.0,0.0
AFABNLMKV3SVWSEDKDFHOZHM3Q3A,CF (ItemKNN),0.0,0.0
AFABNLMKV3SVWSEDKDFHOZHM3Q3A,Content (Avg Emb),0.0,0.0
AFABNLMKV3SVWSEDKDFHOZHM3Q3A,Last-Item,0.0,0.0
AFABNLMKV3SVWSEDKDFHOZHM3Q3A,Avg-Last-10,0.1,0.0
AFABNLMKV3SVWSEDKDFHOZHM3Q3A,Recency-Weighted,0.1,0.0
AFABNLMKV3SVWSEDKDFHOZHM3Q3A,Essence (K=10),0.0,0.0
AFADGPS7S4HXOBCAU5SQFOQZNV2Q,Random,0.0,0.0
AFADGPS7S4HXOBCAU5SQFOQZNV2Q,Popularity,0.0,0.0
AFADGPS7S4HXOBCAU5SQFOQZNV2Q,CF (ItemKNN),0.0,0.0
AFADGPS7S4HXOBCAU5SQFOQZNV2Q,Content (Avg Emb),0.0,0.0
AFADGPS7S4HXOBCAU5SQFOQZNV2Q,Last-Item,0.0,0.0
AFADGPS7S4HXOBCAU5SQFOQZNV2Q,Avg-Last-10,0.0,0.0
AFADGPS7S4HXOBCAU5SQFOQZNV2Q,Recency-Weighted,0.0,0.0
AFADGPS7S4HXOBCAU5SQFOQZNV2Q,Essence (K=10),0.0,0.0
AFAEGWIRXCY7HHXW7FC7VD4BNADQ,Random,0.0,0.0
AFAEGWIRXCY7HHXW7FC7VD4BNADQ,Popularity,0.0,0.0
AFAEGWIRXCY7HHXW7FC7VD4BNADQ,CF (ItemKNN),0.0,0.0
AFAEGWIRXCY7HHXW7FC7VD4BNADQ,Content (Avg Emb),0.0,0.0
AFAEGWIRXCY7HHXW7FC7VD4BNADQ,Last-Item,0.0,0.0
AFAEGWIRXCY7HHXW7FC7VD4BNADQ,Avg-Last-10,0.0,0.0
AFAEGWIRXCY7HHXW7FC7VD4BNADQ,Recency-Weighted,0.0,0.0
AFAEGWIRXCY7HHXW7FC7VD4BNADQ,Essence (K=10),0.0,0.0
AFAFPPBP24R7XZFQZQ5DXGFEOITA,Random,0.0,0.0
AFAFPPBP24R7XZFQZQ5DXGFEOITA,Popularity,0.0,0.0
AFAFPPBP24R7XZFQZQ5DXGFEOITA,CF (ItemKNN),0.0,0.0
AFAFPPBP24R7XZFQZQ5DXGFEOITA,Content (Avg Emb),0.0,0.0
AFAFPPBP24R7XZFQZQ5DXGFEOITA,Last-Item,0.0,0.0
AFAFPPBP24R7XZFQZQ5DXGFEOITA,Avg-Last-10,0.0,0.0
AFAFPPBP24R7XZFQZQ5DXGFEOITA,Recency-Weighted,0.0,0.0
AFAFPPBP24R7XZFQZQ5DXGFEOITA,Essence (K=10),0.2,0.0
AFAGU3TFI6R5MW7JZGZZ33CHB4WA,Random,0.0,0.0
AFAGU3TFI6R5MW7JZGZZ33CHB4WA,Popularity,0.0,0.0
AFAGU3TFI6R5MW7JZGZZ33CHB4WA,CF (ItemKNN),0.0,0.0
AFAGU3TFI6R5MW7JZGZZ33CHB4WA,Content (Avg Emb),0.0,0.0
AFAGU3TFI6R5MW7JZGZZ33CHB4WA,Last-Item,0.0,0.0
AFAGU3TFI6R5MW7JZGZZ33CHB4WA,Avg-Last-10,0.0,0.0
AFAGU3TFI6R5MW7JZGZZ33CHB4WA,Recency-Weighted,0.0,0.0
AFAGU3TFI6R5MW7JZGZZ33CHB4WA,Essence (K=10),0.0,0.0
AFAPAL3PMYTDUTSORSIMYYDYXGDA,Random,0.0,
AFAPAL3PMYTDUTSORSIMYYDYXGDA,Popularity,0.0,
AFAPAL3PMYTDUTSORSIMYYDYXGDA,CF (ItemKNN),0.0,
AFAPAL3PMYTDUTSORSIMYYDYXGDA,Content (Avg Emb),0.4,
AFAPAL3PMYTDUTSORSIMYYDYXGDA,Last-Item,0.4,
AFAPAL3PMYTDUTSORSIMYYDYXGDA,Avg-Last-10,0.6,
AFAPAL3PMYTDUTSORSIMYYDYXGDA,Recency-Weighted,0.6,
AFAPAL3PMYTDUTSORSIMYYDYXGDA,Essence (K=10),0.6,
AFAPFV7EDHJQIDBJBWREN5F7TVVA,Random,0.0,
AFAPFV7EDHJQIDBJBWREN5F7TVVA,Popularity,0.0,
AFAPFV7EDHJQIDBJBWREN5F7TVVA,CF (ItemKNN),0.0,
AFAPFV7EDHJQIDBJBWREN5F7TVVA,Content (Avg Emb),0.125,
AFAPFV7EDHJQIDBJBWREN5F7TVVA,Last-Item,0.25,
AFAPFV7EDHJQIDBJBWREN5F7TVVA,Avg-Last-10,0.0,
AFAPFV7EDHJQIDBJBWREN5F7TVVA,Recency-Weighted,0.0,
AFAPFV7EDHJQIDBJBWREN5F7TVVA,Essence (K=10),0.0,
AFAREGILHZH2KUBEMIPIIC2K6RRA,Random,0.0,0.0
AFAREGILHZH2KUBEMIPIIC2K6RRA,Popularity,0.0,0.0
AFAREGILHZH2KUBEMIPIIC2K6RRA,CF (ItemKNN),0.0,0.0
AFAREGILHZH2KUBEMIPIIC2K6RRA,Content (Avg Emb),0.0,0.0
AFAREGILHZH2KUBEMIPIIC2K6RRA,Last-Item,0.0,0.0
AFAREGILHZH2KUBEMIPIIC2K6RRA,Avg-Last-10,0.0,0.0
AFAREGILHZH2KUBEMIPIIC2K6RRA,Recency-Weighted,0.0,0.0
AFAREGILHZH2KUBEMIPIIC2K6RRA,Essence (K=10),0.0,0.0
AFAVERZMOV6R6MDTFUBMMLJ5X4OQ,Random,0.0,0.0
AFAVERZMOV6R6MDTFUBMMLJ5X4OQ,Popularity,0.0,0.0
AFAVERZMOV6R6MDTFUBMMLJ5X4OQ,CF (ItemKNN),0.2,1.0
AFAVERZMOV6R6MDTFUBMMLJ5X4OQ,Content (Avg Emb),0.4,1.0
AFAVERZMOV6R6MDTFUBMMLJ5X4OQ,Last-Item,0.0,0.0
AFAVERZMOV6R6MDTFUBMMLJ5X4OQ,Avg-Last-10,0.4,1.0
AFAVERZMOV6R6MDTFUBMMLJ5X4OQ,Recency-Weighted,0.4,1.0
AFAVERZMOV6R6MDTFUBMMLJ5X4OQ,Essence (K=10),0.0,0.0
AFAY64Q346D6WWR2BU43L6QRR74Q,Random,0.0,
AFAY64Q346D6WWR2BU43L6QRR74Q,Popularity,0.0,
AFAY64Q346D6WWR2BU43L6QRR74Q,CF (ItemKNN),0.0,
AFAY64Q346D6WWR2BU43L6QRR74Q,Content (Avg Emb),0.0,
AFAY64Q346D6WWR2BU43L6QRR74Q,Last-Item,0.0,
AFAY64Q346D6WWR2BU43L6QRR74Q,Avg-Last-10,0.0,
AFAY64Q346D6WWR2BU43L6QRR74Q,Recency-Weighted,0.0,
AFAY64Q346D6WWR2BU43L6QRR74Q,Essence (K=10),0.0,
AFAZCDWBA44OCO64VGDGIECDNHQA,Random,0.0,0.0
AFAZCDWBA44OCO64VGDGIECDNHQA,Popularity,0.0,0.0
AFAZCDWBA44OCO64VGDGIECDNHQA,CF (ItemKNN),0.0,0.0
AFAZCDWBA44OCO64VGDGIECDNHQA,Content (Avg Emb),0.0,0.0
AFAZCDWBA44OCO64VGDGIECDNHQA,Last-Item,0.0,0.0
AFAZCDWBA44OCO64VGDGIECDNHQA,Avg-Last-10,0.0,0.0
AFAZCDWBA44OCO64VGDGIECDNHQA,Recency-Weighted,0.0,0.0
AFAZCDWBA44OCO64VGDGIECDNHQA,Essence (K=10),0.0,0.0
AFB2ASCACS5ZF62HEZ47DKC2QVNQ,Random,0.0,0.0
AFB2ASCACS5ZF62HEZ47DKC2QVNQ,Popularity,0.0,0.0
AFB2ASCACS5ZF62HEZ47DKC2QVNQ,CF (ItemKNN),0.0,0.0
AFB2ASCACS5ZF62HEZ47DKC2QVNQ,Content (Avg Emb),0.0,0.0
AFB2ASCACS5ZF62HEZ47DKC2QVNQ,Last-Item,0.05555555555555555,0.0
AFB2ASCACS5ZF62HEZ47DKC2QVNQ,Avg-Last-10,0.1111111111111111,0.0
AFB2ASCACS5ZF62HEZ47DKC2QVNQ,Recency-Weighted,0.1111111111111111,0.0
AFB2ASCACS5ZF62HEZ47DKC2QVNQ,Essence (K=10),0.05555555555555555,0.0
AFB4ZEYAALSE5ZKQ6HSK56D3ZSXA,Random,0.0,0.0
AFB4ZEYAALSE5ZKQ6HSK56D3ZSXA,Popularity,0.0,0.0
AFB4ZEYAALSE5ZKQ6HSK56D3ZSXA,CF (ItemKNN),0.0,0.0
AFB4ZEYAALSE5ZKQ6HSK56D3ZSXA,Content (Avg Emb),0.0,0.0
AFB4ZEYAALSE5ZKQ6HSK56D3ZSXA,Last-Item,0.0,0.0
AFB4ZEYAALSE5ZKQ6HSK56D3ZSXA,Avg-Last-10,0.0,0.0
AFB4ZEYAALSE5ZKQ6HSK56D3ZSXA,Recency-Weighted,0.0,0.0
AFB4ZEYAALSE5ZKQ6HSK56D3ZSXA,Essence (K=10),0.0,0.0
AFB5LGMYRFTAPAEFZSNNR4TJBFBQ,Random,0.0,
AFB5LGMYRFTAPAEFZSNNR4TJBFBQ,Popularity,0.0,
AFB5LGMYRFTAPAEFZSNNR4TJBFBQ,CF (ItemKNN),0.0,
AFB5LGMYRFTAPAEFZSNNR4TJBFBQ,Content (Avg Emb),0.0,
AFB5LGMYRFTAPAEFZSNNR4TJBFBQ,Last-Item,0.0,
AFB5LGMYRFTAPAEFZSNNR4TJBFBQ,Avg-Last-10,0.0,
AFB5LGMYRFTAPAEFZSNNR4TJBFBQ,Recency-Weighted,0.0,
AFB5LGMYRFTAPAEFZSNNR4TJBFBQ,Essence (K=10),0.0,
AFB6FYPPCN33UMUU5536IHXNOHCQ,Random,0.0,0.0
AFB6FYPPCN33UMUU5536IHXNOHCQ,Popularity,0.0,0.0
AFB6FYPPCN33UMUU5536IHXNOHCQ,CF (ItemKNN),0.0,0.0
AFB6FYPPCN33UMUU5536IHXNOHCQ,Content (Avg Emb),0.0,0.0
AFB6FYPPCN33UMUU5536IHXNOHCQ,Last-Item,0.0,0.0
AFB6FYPPCN33UMUU5536IHXNOHCQ,Avg-Last-10,0.0,0.0
AFB6FYPPCN33UMUU5536IHXNOHCQ,Recency-Weighted,0.0,0.0
AFB6FYPPCN33UMUU5536IHXNOHCQ,Essence (K=10),0.0,0.0
AFB7NFSZEQUAXPQGV2Z4WVGNGF4A,Random,0.0,0.0
AFB7NFSZEQUAXPQGV2Z4WVGNGF4A,Popularity,0.0,0.0
AFB7NFSZEQUAXPQGV2Z4WVGNGF4A,CF (ItemKNN),0.0,0.0
AFB7NFSZEQUAXPQGV2Z4WVGNGF4A,Content (Avg Emb),0.0,0.0
AFB7NFSZEQUAXPQGV2Z4WVGNGF4A,Last-Item,0.0,0.0
AFB7NFSZEQUAXPQGV2Z4WVGNGF4A,Avg-Last-10,0.0,0.0
AFB7NFSZEQUAXPQGV2Z4WVGNGF4A,Recency-Weighted,0.0,0.0
AFB7NFSZEQUAXPQGV2Z4WVGNGF4A,Essence (K=10),0.0,0.0
AFBBIX6NI77PEAFGX2UEFUEXMXVA,Random,0.0,0.0
AFBBIX6NI77PEAFGX2UEFUEXMXVA,Popularity,0.0,0.0
AFBBIX6NI77PEAFGX2UEFUEXMXVA,CF (ItemKNN),0.0,0.0
AFBBIX6NI77PEAFGX2UEFUEXMXVA,Content (Avg Emb),0.0,0.0
AFBBIX6NI77PEAFGX2UEFUEXMXVA,Last-Item,0.42857142857142855,0.0
AFBBIX6NI77PEAFGX2UEFUEXMXVA,Avg-Last-10,0.0,0.0
AFBBIX6NI77PEAFGX2UEFUEXMXVA,Recency-Weighted,0.0,0.0
AFBBIX6NI77PEAFGX2UEFUEXMXVA,Essence (K=10),0.0,0.0
AFBBRHIYLQ7I3MLAHTUTLSIASHQA,Random,0.0,0.0
AFBBRHIYLQ7I3MLAHTUTLSIASHQA,Popularity,0.0,0.0
AFBBRHIYLQ7I3MLAHTUTLSIASHQA,CF (ItemKNN),0.0,0.0
AFBBRHIYLQ7I3MLAHTUTLSIASHQA,Content (Avg Emb),0.0,0.0
AFBBRHIYLQ7I3MLAHTUTLSIASHQA,Last-Item,0.0,0.0
AFBBRHIYLQ7I3MLAHTUTLSIASHQA,Avg-Last-10,0.0,0.0
AFBBRHIYLQ7I3MLAHTUTLSIASHQA,Recency-Weighted,0.0,0.0
AFBBRHIYLQ7I3MLAHTUTLSIASHQA,Essence (K=10),0.0,0.0
AFBC7W3QFGM4GCF2DD3GM3YCE53A,Random,0.0,
AFBC7W3QFGM4GCF2DD3GM3YCE53A,Popularity,0.0,
AFBC7W3QFGM4GCF2DD3GM3YCE53A,CF (ItemKNN),0.0,
AFBC7W3QFGM4GCF2DD3GM3YCE53A,Content (Avg Emb),0.0,
AFBC7W3QFGM4GCF2DD3GM3YCE53A,Last-Item,0.0,
AFBC7W3QFGM4GCF2DD3GM3YCE53A,Avg-Last-10,0.2,
AFBC7W3QFGM4GCF2DD3GM3YCE53A,Recency-Weighted,0.2,
AFBC7W3QFGM4GCF2DD3GM3YCE53A,Essence (K=10),0.0,
AFBDC33SAIFPWNEBBB4LFYE7NPQA,Random,0.0,0.0
AFBDC33SAIFPWNEBBB4LFYE7NPQA,Popularity,0.0,0.0
AFBDC33SAIFPWNEBBB4LFYE7NPQA,CF (ItemKNN),0.0,0.0
AFBDC33SAIFPWNEBBB4LFYE7NPQA,Content (Avg Emb),0.0,0.0
AFBDC33SAIFPWNEBBB4LFYE7NPQA,Last-Item,0.0,0.0
AFBDC33SAIFPWNEBBB4LFYE7NPQA,Avg-Last-10,0.0,0.0
AFBDC33SAIFPWNEBBB4LFYE7NPQA,Recency-Weighted,0.0,0.0
AFBDC33SAIFPWNEBBB4LFYE7NPQA,Essence (K=10),0.0,0.0
AFBGS5AZJW2AQZMHEEGR6XE7KL7Q,Random,0.0,0.0
AFBGS5AZJW2AQZMHEEGR6XE7KL7Q,Popularity,0.0,0.0
AFBGS5AZJW2AQZMHEEGR6XE7KL7Q,CF (ItemKNN),0.0,0.0
AFBGS5AZJW2AQZMHEEGR6XE7KL7Q,Content (Avg Emb),0.0,0.0
AFBGS5AZJW2AQZMHEEGR6XE7KL7Q,Last-Item,0.0,0.0
AFBGS5AZJW2AQZMHEEGR6XE7KL7Q,Avg-Last-10,0.0,0.0
AFBGS5AZJW2AQZMHEEGR6XE7KL7Q,Recency-Weighted,0.0,0.0
AFBGS5AZJW2AQZMHEEGR6XE7KL7Q,Essence (K=10),0.0,0.0
AFBHGH37EISRCSGJEXETOFRB24CQ,Random,0.0,0.0
AFBHGH37EISRCSGJEXETOFRB24CQ,Popularity,0.0,0.0
AFBHGH37EISRCSGJEXETOFRB24CQ,CF (ItemKNN),0.0,0.0
AFBHGH37EISRCSGJEXETOFRB24CQ,Content (Avg Emb),0.0,0.0
AFBHGH37EISRCSGJEXETOFRB24CQ,Last-Item,0.0,0.0
AFBHGH37EISRCSGJEXETOFRB24CQ,Avg-Last-10,0.0,0.0
AFBHGH37EISRCSGJEXETOFRB24CQ,Recency-Weighted,0.0,0.0
AFBHGH37EISRCSGJEXETOFRB24CQ,Essence (K=10),0.0,0.0
AFBHXRE3W2663U5P4HEXIUWVJROQ,Random,0.0,0.0
AFBHXRE3W2663U5P4HEXIUWVJROQ,Popularity,0.0,0.0
AFBHXRE3W2663U5P4HEXIUWVJROQ,CF (ItemKNN),0.0,0.0
AFBHXRE3W2663U5P4HEXIUWVJROQ,Content (Avg Emb),0.0,0.0
AFBHXRE3W2663U5P4HEXIUWVJROQ,Last-Item,0.0,0.0
AFBHXRE3W2663U5P4HEXIUWVJROQ,Avg-Last-10,0.0,0.0
AFBHXRE3W2663U5P4HEXIUWVJROQ,Recency-Weighted,0.0,0.0
AFBHXRE3W2663U5P4HEXIUWVJROQ,Essence (K=10),0.0,0.0
AFBKG2SFDP7SXDQ5BUH7EELSE5QA,Random,0.0,0.0
AFBKG2SFDP7SXDQ5BUH7EELSE5QA,Popularity,0.0,0.0
AFBKG2SFDP7SXDQ5BUH7EELSE5QA,CF (ItemKNN),0.0,0.0
AFBKG2SFDP7SXDQ5BUH7EELSE5QA,Content (Avg Emb),0.0,0.0
AFBKG2SFDP7SXDQ5BUH7EELSE5QA,Last-Item,0.0,0.0
AFBKG2SFDP7SXDQ5BUH7EELSE5QA,Avg-Last-10,0.0,0.0
AFBKG2SFDP7SXDQ5BUH7EELSE5QA,Recency-Weighted,0.0,0.0
AFBKG2SFDP7SXDQ5BUH7EELSE5QA,Essence (K=10),0.0,0.0
AFBMRTV62BR6MXFNXW6SX6WLIFVQ,Random,0.0,0.0
AFBMRTV62BR6MXFNXW6SX6WLIFVQ,Popularity,0.0,0.0
AFBMRTV62BR6MXFNXW6SX6WLIFVQ,CF (ItemKNN),0.0,0.0
AFBMRTV62BR6MXFNXW6SX6WLIFVQ,Content (Avg Emb),0.0,0.0
AFBMRTV62BR6MXFNXW6SX6WLIFVQ,Last-Item,0.0,0.0
AFBMRTV62BR6MXFNXW6SX6WLIFVQ,Avg-Last-10,0.0,0.0
AFBMRTV62BR6MXFNXW6SX6WLIFVQ,Recency-Weighted,0.0,0.0
AFBMRTV62BR6MXFNXW6SX6WLIFVQ,Essence (K=10),0.0,0.0
AFBNUFMTXYOBG2GVLN5BOVNHFBFA,Random,0.0,0.0
AFBNUFMTXYOBG2GVLN5BOVNHFBFA,Popularity,0.0,0.0
AFBNUFMTXYOBG2GVLN5BOVNHFBFA,CF (ItemKNN),0.0,0.0
AFBNUFMTXYOBG2GVLN5BOVNHFBFA,Content (Avg Emb),0.0,0.0
AFBNUFMTXYOBG2GVLN5BOVNHFBFA,Last-Item,0.0,0.0
AFBNUFMTXYOBG2GVLN5BOVNHFBFA,Avg-Last-10,0.0,0.0
AFBNUFMTXYOBG2GVLN5BOVNHFBFA,Recency-Weighted,0.0,0.0
AFBNUFMTXYOBG2GVLN5BOVNHFBFA,Essence (K=10),0.0,0.0
AFBOSFHSUYLEK4G3COBUYZBXO4SA,Random,0.0,0.0
AFBOSFHSUYLEK4G3COBUYZBXO4SA,Popularity,0.0,0.0
AFBOSFHSUYLEK4G3COBUYZBXO4SA,CF (ItemKNN),0.0,0.0
AFBOSFHSUYLEK4G3COBUYZBXO4SA,Content (Avg Emb),0.0,0.0
AFBOSFHSUYLEK4G3COBUYZBXO4SA,Last-Item,0.0,0.0
AFBOSFHSUYLEK4G3COBUYZBXO4SA,Avg-Last-10,0.0,0.0
AFBOSFHSUYLEK4G3COBUYZBXO4SA,Recency-Weighted,0.0,0.0
AFBOSFHSUYLEK4G3COBUYZBXO4SA,Essence (K=10),0.0,0.0
AFBPXJQGZ4WPLUVTAIA4V5RXWMCQ,Random,0.0,
AFBPXJQGZ4WPLUVTAIA4V5RXWMCQ,Popularity,0.0,
AFBPXJQGZ4WPLUVTAIA4V5RXWMCQ,CF (ItemKNN),0.0,
AFBPXJQGZ4WPLUVTAIA4V5RXWMCQ,Content (Avg Emb),0.0,
AFBPXJQGZ4WPLUVTAIA4V5RXWMCQ,Last-Item,0.0,
AFBPXJQGZ4WPLUVTAIA4V5RXWMCQ,Avg-Last-10,0.0,
AFBPXJQGZ4WPLUVTAIA4V5RXWMCQ,Recency-Weighted,0.0,
AFBPXJQGZ4WPLUVTAIA4V5RXWMCQ,Essence (K=10),0.0,
AFBQ4GXFDPB4CJPWTHBBTMAECRUA,Random,0.0,0.0
AFBQ4GXFDPB4CJPWTHBBTMAECRUA,Popularity,0.0,0.0
AFBQ4GXFDPB4CJPWTHBBTMAECRUA,CF (ItemKNN),0.0,0.0
AFBQ4GXFDPB4CJPWTHBBTMAECRUA,Content (Avg Emb),0.0,0.0
AFBQ4GXFDPB4CJPWTHBBTMAECRUA,Last-Item,0.0,0.0
AFBQ4GXFDPB4CJPWTHBBTMAECRUA,Avg-Last-10,0.0,0.0
AFBQ4GXFDPB4CJPWTHBBTMAECRUA,Recency-Weighted,0.0,0.0
AFBQ4GXFDPB4CJPWTHBBTMAECRUA,Essence (K=10),0.0,0.0
AFBSAEF7S5PLEGN55IJS4PR4OCBA,Random,0.0,
AFBSAEF7S5PLEGN55IJS4PR4OCBA,Popularity,0.0,
AFBSAEF7S5PLEGN55IJS4PR4OCBA,CF (ItemKNN),0.0,
AFBSAEF7S5PLEGN55IJS4PR4OCBA,Content (Avg Emb),0.0,
AFBSAEF7S5PLEGN55IJS4PR4OCBA,Last-Item,0.0,
AFBSAEF7S5PLEGN55IJS4PR4OCBA,Avg-Last-10,0.0,
AFBSAEF7S5PLEGN55IJS4PR4OCBA,Recency-Weighted,0.0,
AFBSAEF7S5PLEGN55IJS4PR4OCBA,Essence (K=10),0.0,
AFBUNTA6B7NLJ77DVGDINM3M3VFQ,Random,0.0,0.0
AFBUNTA6B7NLJ77DVGDINM3M3VFQ,Popularity,0.0,0.0
AFBUNTA6B7NLJ77DVGDINM3M3VFQ,CF (ItemKNN),0.0,0.0
AFBUNTA6B7NLJ77DVGDINM3M3VFQ,Content (Avg Emb),0.0,0.0
AFBUNTA6B7NLJ77DVGDINM3M3VFQ,Last-Item,0.0,0.0
AFBUNTA6B7NLJ77DVGDINM3M3VFQ,Avg-Last-10,0.0,0.0
AFBUNTA6B7NLJ77DVGDINM3M3VFQ,Recency-Weighted,0.0,0.0
AFBUNTA6B7NLJ77DVGDINM3M3VFQ,Essence (K=10),0.0,0.0
AFBWIOVAQU5VRJPVWNOGKWUWRJIA,Random,0.0,0.0
AFBWIOVAQU5VRJPVWNOGKWUWRJIA,Popularity,0.0,0.0
AFBWIOVAQU5VRJPVWNOGKWUWRJIA,CF (ItemKNN),0.0,0.0
AFBWIOVAQU5VRJPVWNOGKWUWRJIA,Content (Avg Emb),0.0,0.0
AFBWIOVAQU5VRJPVWNOGKWUWRJIA,Last-Item,0.0,0.0
AFBWIOVAQU5VRJPVWNOGKWUWRJIA,Avg-Last-10,0.0,0.0
AFBWIOVAQU5VRJPVWNOGKWUWRJIA,Recency-Weighted,0.0,0.0
AFBWIOVAQU5VRJPVWNOGKWUWRJIA,Essence (K=10),0.0,0.0
AFBXIBQECVDZ4WLEHR2SQX5MPFXQ,Random,0.0,0.0
AFBXIBQECVDZ4WLEHR2SQX5MPFXQ,Popularity,0.0,0.0
AFBXIBQECVDZ4WLEHR2SQX5MPFXQ,CF (ItemKNN),0.0,0.0
AFBXIBQECVDZ4WLEHR2SQX5MPFXQ,Content (Avg Emb),0.125,1.0
AFBXIBQECVDZ4WLEHR2SQX5MPFXQ,Last-Item,0.0,0.0
AFBXIBQECVDZ4WLEHR2SQX5MPFXQ,Avg-Last-10,0.125,1.0
AFBXIBQECVDZ4WLEHR2SQX5MPFXQ,Recency-Weighted,0.125,1.0
AFBXIBQECVDZ4WLEHR2SQX5MPFXQ,Essence (K=10),0.125,1.0
AFC7LBJ6ZZKZCKO6IQQBYMYVMIJA,Random,0.0,0.0
AFC7LBJ6ZZKZCKO6IQQBYMYVMIJA,Popularity,0.0,0.0
AFC7LBJ6ZZKZCKO6IQQBYMYVMIJA,CF (ItemKNN),0.0,0.0
AFC7LBJ6ZZKZCKO6IQQBYMYVMIJA,Content (Avg Emb),0.0,0.0
AFC7LBJ6ZZKZCKO6IQQBYMYVMIJA,Last-Item,0.0,0.0
AFC7LBJ6ZZKZCKO6IQQBYMYVMIJA,Avg-Last-10,0.0,0.0
AFC7LBJ6ZZKZCKO6IQQBYMYVMIJA,Recency-Weighted,0.0,0.0
AFC7LBJ6ZZKZCKO6IQQBYMYVMIJA,Essence (K=10),0.0,0.0
AFC7TBJRKKH2QK7ARUHXANIEDODQ,Random,0.0,0.0
AFC7TBJRKKH2QK7ARUHXANIEDODQ,Popularity,0.0,0.0
AFC7TBJRKKH2QK7ARUHXANIEDODQ,CF (ItemKNN),0.0,0.0
AFC7TBJRKKH2QK7ARUHXANIEDODQ,Content (Avg Emb),0.0,0.0
AFC7TBJRKKH2QK7ARUHXANIEDODQ,Last-Item,0.0,0.0
AFC7TBJRKKH2QK7ARUHXANIEDODQ,Avg-Last-10,0.1,0.0
AFC7TBJRKKH2QK7ARUHXANIEDODQ,Recency-Weighted,0.1,0.0
AFC7TBJRKKH2QK7ARUHXANIEDODQ,Essence (K=10),0.1,0.0
AFCC2E25QNTR2R7EIIA4CH5Y6YGA,Random,0.0,0.0
AFCC2E25QNTR2R7EIIA4CH5Y6YGA,Popularity,0.0,0.0
AFCC2E25QNTR2R7EIIA4CH5Y6YGA,CF (ItemKNN),0.0,0.0
AFCC2E25QNTR2R7EIIA4CH5Y6YGA,Content (Avg Emb),0.0,0.0
AFCC2E25QNTR2R7EIIA4CH5Y6YGA,Last-Item,0.0,0.0
AFCC2E25QNTR2R7EIIA4CH5Y6YGA,Avg-Last-10,0.0,0.0
AFCC2E25QNTR2R7EIIA4CH5Y6YGA,Recency-Weighted,0.0,0.0
AFCC2E25QNTR2R7EIIA4CH5Y6YGA,Essence (K=10),0.0,0.0
AFCDIODSXOPXERUKIVIZR2GS5W7Q,Random,0.0,0.0
AFCDIODSXOPXERUKIVIZR2GS5W7Q,Popularity,0.0,0.0
AFCDIODSXOPXERUKIVIZR2GS5W7Q,CF (ItemKNN),0.0,0.0
AFCDIODSXOPXERUKIVIZR2GS5W7Q,Content (Avg Emb),0.0,0.0
AFCDIODSXOPXERUKIVIZR2GS5W7Q,Last-Item,0.05,0.0
AFCDIODSXOPXERUKIVIZR2GS5W7Q,Avg-Last-10,0.0,0.0
AFCDIODSXOPXERUKIVIZR2GS5W7Q,Recency-Weighted,0.0,0.0
AFCDIODSXOPXERUKIVIZR2GS5W7Q,Essence (K=10),0.0,0.0
AFCI7ZFLYIFAP24J4GNHXROQ5CZA,Random,0.0,
AFCI7ZFLYIFAP24J4GNHXROQ5CZA,Popularity,0.0,
AFCI7ZFLYIFAP24J4GNHXROQ5CZA,CF (ItemKNN),0.0,
AFCI7ZFLYIFAP24J4GNHXROQ5CZA,Content (Avg Emb),0.0,
AFCI7ZFLYIFAP24J4GNHXROQ5CZA,Last-Item,0.0,
AFCI7ZFLYIFAP24J4GNHXROQ5CZA,Avg-Last-10,0.0,
AFCI7ZFLYIFAP24J4GNHXROQ5CZA,Recency-Weighted,0.0,
AFCI7ZFLYIFAP24J4GNHXROQ5CZA,Essence (K=10),0.0,
AFCKKZ2DSXLF25MQHFVOQ4ASGWZQ,Random,0.0,0.0
AFCKKZ2DSXLF25MQHFVOQ4ASGWZQ,Popularity,0.0,0.0
AFCKKZ2DSXLF25MQHFVOQ4ASGWZQ,CF (ItemKNN),0.0,0.0
AFCKKZ2DSXLF25MQHFVOQ4ASGWZQ,Content (Avg Emb),0.0,0.0
AFCKKZ2DSXLF25MQHFVOQ4ASGWZQ,Last-Item,0.0,0.0
AFCKKZ2DSXLF25MQHFVOQ4ASGWZQ,Avg-Last-10,0.0,0.0
AFCKKZ2DSXLF25MQHFVOQ4ASGWZQ,Recency-Weighted,0.0,0.0
AFCKKZ2DSXLF25MQHFVOQ4ASGWZQ,Essence (K=10),0.0,0.0
AFCLKHRTJTGUEGXES4FKPWC36ZYA,Random,0.0,0.0
AFCLKHRTJTGUEGXES4FKPWC36ZYA,Popularity,0.0,0.0
AFCLKHRTJTGUEGXES4FKPWC36ZYA,CF (ItemKNN),0.0,0.0
AFCLKHRTJTGUEGXES4FKPWC36ZYA,Content (Avg Emb),0.0,0.0
AFCLKHRTJTGUEGXES4FKPWC36ZYA,Last-Item,0.5,1.0
AFCLKHRTJTGUEGXES4FKPWC36ZYA,Avg-Last-10,0.0,0.0
AFCLKHRTJTGUEGXES4FKPWC36ZYA,Recency-Weighted,0.25,1.0
AFCLKHRTJTGUEGXES4FKPWC36ZYA,Essence (K=10),0.25,0.0
AFCNQW3XOTKKDH6EWHC27ZG3FYHA,Random,0.0,
AFCNQW3XOTKKDH6EWHC27ZG3FYHA,Popularity,0.0,
AFCNQW3XOTKKDH6EWHC27ZG3FYHA,CF (ItemKNN),0.0,
AFCNQW3XOTKKDH6EWHC27ZG3FYHA,Content (Avg Emb),0.0,
AFCNQW3XOTKKDH6EWHC27ZG3FYHA,Last-Item,0.25,
AFCNQW3XOTKKDH6EWHC27ZG3FYHA,Avg-Last-10,0.0,
AFCNQW3XOTKKDH6EWHC27ZG3FYHA,Recency-Weighted,0.0,
AFCNQW3XOTKKDH6EWHC27ZG3FYHA,Essence (K=10),0.0,
AFCVRGBOPMCL6WD4DTRNGIH6VEIA,Random,0.0,0.0
AFCVRGBOPMCL6WD4DTRNGIH6VEIA,Popularity,0.0,0.0
AFCVRGBOPMCL6WD4DTRNGIH6VEIA,CF (ItemKNN),0.0,0.0
AFCVRGBOPMCL6WD4DTRNGIH6VEIA,Content (Avg Emb),0.0,0.0
AFCVRGBOPMCL6WD4DTRNGIH6VEIA,Last-Item,0.0,0.0
AFCVRGBOPMCL6WD4DTRNGIH6VEIA,Avg-Last-10,0.0,0.0
AFCVRGBOPMCL6WD4DTRNGIH6VEIA,Recency-Weighted,0.0,0.0
AFCVRGBOPMCL6WD4DTRNGIH6VEIA,Essence (K=10),0.25,0.0
AFCX3WTSONES73GDLG3ATZHWIXSA,Random,0.0,0.0
AFCX3WTSONES73GDLG3ATZHWIXSA,Popularity,0.0,0.0
AFCX3WTSONES73GDLG3ATZHWIXSA,CF (ItemKNN),0.0,0.0
AFCX3WTSONES73GDLG3ATZHWIXSA,Content (Avg Emb),0.0,0.0
AFCX3WTSONES73GDLG3ATZHWIXSA,Last-Item,0.0,0.0
AFCX3WTSONES73GDLG3ATZHWIXSA,Avg-Last-10,0.0,0.0
AFCX3WTSONES73GDLG3ATZHWIXSA,Recency-Weighted,0.0,0.0
AFCX3WTSONES73GDLG3ATZHWIXSA,Essence (K=10),0.0,0.0
AFCX7AWCNP4WIVAB3XN7OPVAP5TQ,Random,0.0,0.0
AFCX7AWCNP4WIVAB3XN7OPVAP5TQ,Popularity,0.0,0.0
AFCX7AWCNP4WIVAB3XN7OPVAP5TQ,CF (ItemKNN),0.0,0.0
AFCX7AWCNP4WIVAB3XN7OPVAP5TQ,Content (Avg Emb),0.0,0.0
AFCX7AWCNP4WIVAB3XN7OPVAP5TQ,Last-Item,0.0,0.0
AFCX7AWCNP4WIVAB3XN7OPVAP5TQ,Avg-Last-10,0.0,0.0
AFCX7AWCNP4WIVAB3XN7OPVAP5TQ,Recency-Weighted,0.0,0.0
AFCX7AWCNP4WIVAB3XN7OPVAP5TQ,Essence (K=10),0.0,0.0
AFD36ATGINXGMLX77XXVBGIKEBQA,Random,0.0,0.0
AFD36ATGINXGMLX77XXVBGIKEBQA,Popularity,0.0,0.0
AFD36ATGINXGMLX77XXVBGIKEBQA,CF (ItemKNN),0.0,0.0
AFD36ATGINXGMLX77XXVBGIKEBQA,Content (Avg Emb),0.0,0.0
AFD36ATGINXGMLX77XXVBGIKEBQA,Last-Item,0.0,0.0
AFD36ATGINXGMLX77XXVBGIKEBQA,Avg-Last-10,0.0,0.0
AFD36ATGINXGMLX77XXVBGIKEBQA,Recency-Weighted,0.0,0.0
AFD36ATGINXGMLX77XXVBGIKEBQA,Essence (K=10),0.0,0.0
AFD6PNBNG46KCLC2AFCY222PWEFQ,Random,0.0,
AFD6PNBNG46KCLC2AFCY222PWEFQ,Popularity,0.0,
AFD6PNBNG46KCLC2AFCY222PWEFQ,CF (ItemKNN),0.0,
AFD6PNBNG46KCLC2AFCY222PWEFQ,Content (Avg Emb),0.0,
AFD6PNBNG46KCLC2AFCY222PWEFQ,Last-Item,0.0,
AFD6PNBNG46KCLC2AFCY222PWEFQ,Avg-Last-10,0.0,
AFD6PNBNG46KCLC2AFCY222PWEFQ,Recency-Weighted,0.0,
AFD6PNBNG46KCLC2AFCY222PWEFQ,Essence (K=10),0.0,
AFDBFCRDSNMNFRUAFPVZ32WFZJMQ,Random,0.0,0.0
AFDBFCRDSNMNFRUAFPVZ32WFZJMQ,Popularity,0.0,0.0
AFDBFCRDSNMNFRUAFPVZ32WFZJMQ,CF (ItemKNN),0.0,0.0
AFDBFCRDSNMNFRUAFPVZ32WFZJMQ,Content (Avg Emb),0.0,0.0
AFDBFCRDSNMNFRUAFPVZ32WFZJMQ,Last-Item,0.5,0.0
AFDBFCRDSNMNFRUAFPVZ32WFZJMQ,Avg-Last-10,0.0,0.0
AFDBFCRDSNMNFRUAFPVZ32WFZJMQ,Recency-Weighted,0.0,0.0
AFDBFCRDSNMNFRUAFPVZ32WFZJMQ,Essence (K=10),0.0,0.0
AFDEOI7WJYRWOV6ITXJCX2AP2F3A,Random,0.0,0.0
AFDEOI7WJYRWOV6ITXJCX2AP2F3A,Popularity,0.0,0.0
AFDEOI7WJYRWOV6ITXJCX2AP2F3A,CF (ItemKNN),0.0,0.0
AFDEOI7WJYRWOV6ITXJCX2AP2F3A,Content (Avg Emb),0.0,0.0
AFDEOI7WJYRWOV6ITXJCX2AP2F3A,Last-Item,0.0,0.0
AFDEOI7WJYRWOV6ITXJCX2AP2F3A,Avg-Last-10,0.0,0.0
AFDEOI7WJYRWOV6ITXJCX2AP2F3A,Recency-Weighted,0.0,0.0
AFDEOI7WJYRWOV6ITXJCX2AP2F3A,Essence (K=10),0.0,0.0
AFDF3PZ4IMDYV2R3ZDIT7SNJ6R3Q,Random,0.0,0.0
AFDF3PZ4IMDYV2R3ZDIT7SNJ6R3Q,Popularity,0.0,0.0
AFDF3PZ4IMDYV2R3ZDIT7SNJ6R3Q,CF (ItemKNN),0.0,0.0
AFDF3PZ4IMDYV2R3ZDIT7SNJ6R3Q,Content (Avg Emb),0.0,0.0
AFDF3PZ4IMDYV2R3ZDIT7SNJ6R3Q,Last-Item,0.0,0.0
AFDF3PZ4IMDYV2R3ZDIT7SNJ6R3Q,Avg-Last-10,0.0,0.0
AFDF3PZ4IMDYV2R3ZDIT7SNJ6R3Q,Recency-Weighted,0.0,0.0
AFDF3PZ4IMDYV2R3ZDIT7SNJ6R3Q,Essence (K=10),0.0,0.0
AFDGKQIKIC2YULWLM6O4JGC2ZQXA,Random,0.0,0.0
AFDGKQIKIC2YULWLM6O4JGC2ZQXA,Popularity,0.0,0.0
AFDGKQIKIC2YULWLM6O4JGC2ZQXA,CF (ItemKNN),0.0,0.0
AFDGKQIKIC2YULWLM6O4JGC2ZQXA,Content (Avg Emb),0.0,0.0
AFDGKQIKIC2YULWLM6O4JGC2ZQXA,Last-Item,0.0,0.0
AFDGKQIKIC2YULWLM6O4JGC2ZQXA,Avg-Last-10,0.0,0.0
AFDGKQIKIC2YULWLM6O4JGC2ZQXA,Recency-Weighted,0.0,0.0
AFDGKQIKIC2YULWLM6O4JGC2ZQXA,Essence (K=10),0.0,0.0
AFDKBMSXQMH4MJWNFJWEAKBDSTWQ,Random,0.0,0.0
AFDKBMSXQMH4MJWNFJWEAKBDSTWQ,Popularity,0.0,0.0
AFDKBMSXQMH4MJWNFJWEAKBDSTWQ,CF (ItemKNN),0.0,0.0
AFDKBMSXQMH4MJWNFJWEAKBDSTWQ,Content (Avg Emb),0.0,0.0
AFDKBMSXQMH4MJWNFJWEAKBDSTWQ,Last-Item,0.4,0.0
AFDKBMSXQMH4MJWNFJWEAKBDSTWQ,Avg-Last-10,0.0,0.0
AFDKBMSXQMH4MJWNFJWEAKBDSTWQ,Recency-Weighted,0.0,0.0
AFDKBMSXQMH4MJWNFJWEAKBDSTWQ,Essence (K=10),0.0,0.0
AFDLURMX4LRA5Z44IUCBAT5SNWHQ,Random,0.0,
AFDLURMX4LRA5Z44IUCBAT5SNWHQ,Popularity,0.0,
AFDLURMX4LRA5Z44IUCBAT5SNWHQ,CF (ItemKNN),0.0,
AFDLURMX4LRA5Z44IUCBAT5SNWHQ,Content (Avg Emb),0.0,
AFDLURMX4LRA5Z44IUCBAT5SNWHQ,Last-Item,0.0,
AFDLURMX4LRA5Z44IUCBAT5SNWHQ,Avg-Last-10,0.0,
AFDLURMX4LRA5Z44IUCBAT5SNWHQ,Recency-Weighted,0.0,
AFDLURMX4LRA5Z44IUCBAT5SNWHQ,Essence (K=10),0.0,
AFDNKXN2QLMXVHJHORC574XHZQBA,Random,0.0,
AFDNKXN2QLMXVHJHORC574XHZQBA,Popularity,0.0,
AFDNKXN2QLMXVHJHORC574XHZQBA,CF (ItemKNN),0.0,
AFDNKXN2QLMXVHJHORC574XHZQBA,Content (Avg Emb),0.0,
AFDNKXN2QLMXVHJHORC574XHZQBA,Last-Item,0.0,
AFDNKXN2QLMXVHJHORC574XHZQBA,Avg-Last-10,0.0,
AFDNKXN2QLMXVHJHORC574XHZQBA,Recency-Weighted,0.0,
AFDNKXN2QLMXVHJHORC574XHZQBA,Essence (K=10),0.0,
AFDOU5IFF464FNYSQ2V32TQO4DAQ,Random,0.0,
AFDOU5IFF464FNYSQ2V32TQO4DAQ,Popularity,0.0,
AFDOU5IFF464FNYSQ2V32TQO4DAQ,CF (ItemKNN),0.0,
AFDOU5IFF464FNYSQ2V32TQO4DAQ,Content (Avg Emb),0.0,
AFDOU5IFF464FNYSQ2V32TQO4DAQ,Last-Item,0.0,
AFDOU5IFF464FNYSQ2V32TQO4DAQ,Avg-Last-10,0.0,
AFDOU5IFF464FNYSQ2V32TQO4DAQ,Recency-Weighted,0.0,
AFDOU5IFF464FNYSQ2V32TQO4DAQ,Essence (K=10),0.0,
AFDOXTU4KMAVBMURY3FRIIVAHRRA,Random,0.0,0.0
AFDOXTU4KMAVBMURY3FRIIVAHRRA,Popularity,0.0,0.0
AFDOXTU4KMAVBMURY3FRIIVAHRRA,CF (ItemKNN),0.0,0.0
AFDOXTU4KMAVBMURY3FRIIVAHRRA,Content (Avg Emb),0.0,0.0
AFDOXTU4KMAVBMURY3FRIIVAHRRA,Last-Item,0.0,0.0
AFDOXTU4KMAVBMURY3FRIIVAHRRA,Avg-Last-10,0.0,0.0
AFDOXTU4KMAVBMURY3FRIIVAHRRA,Recency-Weighted,0.0,0.0
AFDOXTU4KMAVBMURY3FRIIVAHRRA,Essence (K=10),0.0,0.0
AFDPYA34GXPDAS4PDEASKLXYJAWA,Random,0.0,
AFDPYA34GXPDAS4PDEASKLXYJAWA,Popularity,0.0,
AFDPYA34GXPDAS4PDEASKLXYJAWA,CF (ItemKNN),0.0,
AFDPYA34GXPDAS4PDEASKLXYJAWA,Content (Avg Emb),0.0,
AFDPYA34GXPDAS4PDEASKLXYJAWA,Last-Item,0.0,
AFDPYA34GXPDAS4PDEASKLXYJAWA,Avg-Last-10,0.0,
AFDPYA34GXPDAS4PDEASKLXYJAWA,Recency-Weighted,0.0,
AFDPYA34GXPDAS4PDEASKLXYJAWA,Essence (K=10),0.0,
AFDPYQDV5C2SWKXOXA7XZ7JEWALQ,Random,0.0,
AFDPYQDV5C2SWKXOXA7XZ7JEWALQ,Popularity,0.0,
AFDPYQDV5C2SWKXOXA7XZ7JEWALQ,CF (ItemKNN),0.0,
AFDPYQDV5C2SWKXOXA7XZ7JEWALQ,Content (Avg Emb),0.0,
AFDPYQDV5C2SWKXOXA7XZ7JEWALQ,Last-Item,0.0,
AFDPYQDV5C2SWKXOXA7XZ7JEWALQ,Avg-Last-10,0.0,
AFDPYQDV5C2SWKXOXA7XZ7JEWALQ,Recency-Weighted,0.0,
AFDPYQDV5C2SWKXOXA7XZ7JEWALQ,Essence (K=10),0.0,
AFDRKYKWO4P7C2FOKYW4GOVL6Y4Q,Random,0.0,0.0
AFDRKYKWO4P7C2FOKYW4GOVL6Y4Q,Popularity,0.0,0.0
AFDRKYKWO4P7C2FOKYW4GOVL6Y4Q,CF (ItemKNN),0.0,0.0
AFDRKYKWO4P7C2FOKYW4GOVL6Y4Q,Content (Avg Emb),0.0,0.0
AFDRKYKWO4P7C2FOKYW4GOVL6Y4Q,Last-Item,0.0,0.0
AFDRKYKWO4P7C2FOKYW4GOVL6Y4Q,Avg-Last-10,0.0,0.0
AFDRKYKWO4P7C2FOKYW4GOVL6Y4Q,Recency-Weighted,0.0,0.0
AFDRKYKWO4P7C2FOKYW4GOVL6Y4Q,Essence (K=10),0.0,0.0
AFDRNM7R6HO5QEXD7OULIXVK4WJQ,Random,0.0,0.0
AFDRNM7R6HO5QEXD7OULIXVK4WJQ,Popularity,0.0,0.0
AFDRNM7R6HO5QEXD7OULIXVK4WJQ,CF (ItemKNN),0.0,0.0
AFDRNM7R6HO5QEXD7OULIXVK4WJQ,Content (Avg Emb),0.0,0.0
AFDRNM7R6HO5QEXD7OULIXVK4WJQ,Last-Item,0.0,0.0
AFDRNM7R6HO5QEXD7OULIXVK4WJQ,Avg-Last-10,0.0,0.0
AFDRNM7R6HO5QEXD7OULIXVK4WJQ,Recency-Weighted,0.0,0.0
AFDRNM7R6HO5QEXD7OULIXVK4WJQ,Essence (K=10),0.0,0.0
AFDSGHKNF23JBWQBKO7SG2Q7ED4Q,Random,0.0,0.0
AFDSGHKNF23JBWQBKO7SG2Q7ED4Q,Popularity,0.25,0.0
AFDSGHKNF23JBWQBKO7SG2Q7ED4Q,CF (ItemKNN),0.0,0.0
AFDSGHKNF23JBWQBKO7SG2Q7ED4Q,Content (Avg Emb),0.0,0.0
AFDSGHKNF23JBWQBKO7SG2Q7ED4Q,Last-Item,0.0,0.0
AFDSGHKNF23JBWQBKO7SG2Q7ED4Q,Avg-Last-10,0.0,0.0
AFDSGHKNF23JBWQBKO7SG2Q7ED4Q,Recency-Weighted,0.0,0.0
AFDSGHKNF23JBWQBKO7SG2Q7ED4Q,Essence (K=10),0.0,0.0
AFDTWAOQTRUESYZ7ZZCP4R6PBE5A,Random,0.0,0.0
AFDTWAOQTRUESYZ7ZZCP4R6PBE5A,Popularity,0.0,0.0
AFDTWAOQTRUESYZ7ZZCP4R6PBE5A,CF (ItemKNN),0.0,0.0
AFDTWAOQTRUESYZ7ZZCP4R6PBE5A,Content (Avg Emb),0.0,0.0
AFDTWAOQTRUESYZ7ZZCP4R6PBE5A,Last-Item,0.0,0.0
AFDTWAOQTRUESYZ7ZZCP4R6PBE5A,Avg-Last-10,0.0,0.0
AFDTWAOQTRUESYZ7ZZCP4R6PBE5A,Recency-Weighted,0.0,0.0
AFDTWAOQTRUESYZ7ZZCP4R6PBE5A,Essence (K=10),0.0,0.0
AFDVQTGR3SLFHIIC2BRSKYANX5CQ,Random,0.0,0.0
AFDVQTGR3SLFHIIC2BRSKYANX5CQ,Popularity,0.0,0.0
AFDVQTGR3SLFHIIC2BRSKYANX5CQ,CF (ItemKNN),0.0,0.0
AFDVQTGR3SLFHIIC2BRSKYANX5CQ,Content (Avg Emb),0.0,0.0
AFDVQTGR3SLFHIIC2BRSKYANX5CQ,Last-Item,0.0,0.0
AFDVQTGR3SLFHIIC2BRSKYANX5CQ,Avg-Last-10,0.0,0.0
AFDVQTGR3SLFHIIC2BRSKYANX5CQ,Recency-Weighted,0.0,0.0
AFDVQTGR3SLFHIIC2BRSKYANX5CQ,Essence (K=10),0.0,0.0
AFDWPFSWDYRQV6EH6WJHKIRI6WHA,Random,0.0,
AFDWPFSWDYRQV6EH6WJHKIRI6WHA,Popularity,0.0,
AFDWPFSWDYRQV6EH6WJHKIRI6WHA,CF (ItemKNN),0.0,
AFDWPFSWDYRQV6EH6WJHKIRI6WHA,Content (Avg Emb),0.0,
AFDWPFSWDYRQV6EH6WJHKIRI6WHA,Last-Item,0.0,
AFDWPFSWDYRQV6EH6WJHKIRI6WHA,Avg-Last-10,0.0,
AFDWPFSWDYRQV6EH6WJHKIRI6WHA,Recency-Weighted,0.0,
AFDWPFSWDYRQV6EH6WJHKIRI6WHA,Essence (K=10),0.0,
AFDXBRYT3UDRLMA3ODFBOMRSF6AQ,Random,0.0,
AFDXBRYT3UDRLMA3ODFBOMRSF6AQ,Popularity,0.0,
AFDXBRYT3UDRLMA3ODFBOMRSF6AQ,CF (ItemKNN),0.0,
AFDXBRYT3UDRLMA3ODFBOMRSF6AQ,Content (Avg Emb),0.0,
AFDXBRYT3UDRLMA3ODFBOMRSF6AQ,Last-Item,0.0,
AFDXBRYT3UDRLMA3ODFBOMRSF6AQ,Avg-Last-10,0.0,
AFDXBRYT3UDRLMA3ODFBOMRSF6AQ,Recency-Weighted,0.0,
AFDXBRYT3UDRLMA3ODFBOMRSF6AQ,Essence (K=10),0.0,
AFDZLAWMZLKXLSQZLNQ5URRWZAVQ,Random,0.0,0.0
AFDZLAWMZLKXLSQZLNQ5URRWZAVQ,Popularity,0.0,0.0
AFDZLAWMZLKXLSQZLNQ5URRWZAVQ,CF (ItemKNN),0.0,0.0
AFDZLAWMZLKXLSQZLNQ5URRWZAVQ,Content (Avg Emb),0.0,0.0
AFDZLAWMZLKXLSQZLNQ5URRWZAVQ,Last-Item,0.0,0.0
AFDZLAWMZLKXLSQZLNQ5URRWZAVQ,Avg-Last-10,0.0,0.0
AFDZLAWMZLKXLSQZLNQ5URRWZAVQ,Recency-Weighted,0.0,0.0
AFDZLAWMZLKXLSQZLNQ5URRWZAVQ,Essence (K=10),0.0,0.0
AFE2ZKCUBD52DBMDSJ62GSORSIZQ,Random,0.0,0.0
AFE2ZKCUBD52DBMDSJ62GSORSIZQ,Popularity,0.0,0.0
AFE2ZKCUBD52DBMDSJ62GSORSIZQ,CF (ItemKNN),0.0,0.0
AFE2ZKCUBD52DBMDSJ62GSORSIZQ,Content (Avg Emb),0.0,0.0
AFE2ZKCUBD52DBMDSJ62GSORSIZQ,Last-Item,0.0,0.0
AFE2ZKCUBD52DBMDSJ62GSORSIZQ,Avg-Last-10,0.0,0.0
AFE2ZKCUBD52DBMDSJ62GSORSIZQ,Recency-Weighted,0.0,0.0
AFE2ZKCUBD52DBMDSJ62GSORSIZQ,Essence (K=10),0.0,0.0
AFE4Q3WWAFBHR4HRYKOUUHPD6Z2A,Random,0.0,
AFE4Q3WWAFBHR4HRYKOUUHPD6Z2A,Popularity,0.0,
AFE4Q3WWAFBHR4HRYKOUUHPD6Z2A,CF (ItemKNN),0.0,
AFE4Q3WWAFBHR4HRYKOUUHPD6Z2A,Content (Avg Emb),0.0,
AFE4Q3WWAFBHR4HRYKOUUHPD6Z2A,Last-Item,0.0,
AFE4Q3WWAFBHR4HRYKOUUHPD6Z2A,Avg-Last-10,0.0,
AFE4Q3WWAFBHR4HRYKOUUHPD6Z2A,Recency-Weighted,0.0,
AFE4Q3WWAFBHR4HRYKOUUHPD6Z2A,Essence (K=10),0.0,
AFE6G3UV5Y4DCYZB6XNYA52V44BA,Random,0.0,
AFE6G3UV5Y4DCYZB6XNYA52V44BA,Popularity,0.0,
AFE6G3UV5Y4DCYZB6XNYA52V44BA,CF (ItemKNN),0.0,
AFE6G3UV5Y4DCYZB6XNYA52V44BA,Content (Avg Emb),0.0,
AFE6G3UV5Y4DCYZB6XNYA52V44BA,Last-Item,0.0,
AFE6G3UV5Y4DCYZB6XNYA52V44BA,Avg-Last-10,0.0,
AFE6G3UV5Y4DCYZB6XNYA52V44BA,Recency-Weighted,0.0,
AFE6G3UV5Y4DCYZB6XNYA52V44BA,Essence (K=10),0.0,
AFEDXJQPWPDIR73J6ZKZGRU6JHDA,Random,0.0,0.0
AFEDXJQPWPDIR73J6ZKZGRU6JHDA,Popularity,0.0,0.0
AFEDXJQPWPDIR73J6ZKZGRU6JHDA,CF (ItemKNN),0.0,0.0
AFEDXJQPWPDIR73J6ZKZGRU6JHDA,Content (Avg Emb),0.0,0.0
AFEDXJQPWPDIR73J6ZKZGRU6JHDA,Last-Item,0.0,0.0
AFEDXJQPWPDIR73J6ZKZGRU6JHDA,Avg-Last-10,0.0,0.0
AFEDXJQPWPDIR73J6ZKZGRU6JHDA,Recency-Weighted,0.0,0.0
AFEDXJQPWPDIR73J6ZKZGRU6JHDA,Essence (K=10),0.0,0.0
AFEGXFJTVRBH7AA6M26UM5Z52FPA,Random,0.0,0.0
AFEGXFJTVRBH7AA6M26UM5Z52FPA,Popularity,0.0,0.0
AFEGXFJTVRBH7AA6M26UM5Z52FPA,CF (ItemKNN),0.0,0.0
AFEGXFJTVRBH7AA6M26UM5Z52FPA,Content (Avg Emb),0.0,0.0
AFEGXFJTVRBH7AA6M26UM5Z52FPA,Last-Item,0.0,0.0
AFEGXFJTVRBH7AA6M26UM5Z52FPA,Avg-Last-10,0.0,0.0
AFEGXFJTVRBH7AA6M26UM5Z52FPA,Recency-Weighted,0.0,0.0
AFEGXFJTVRBH7AA6M26UM5Z52FPA,Essence (K=10),0.0,0.0
AFEHLE4R3Z4S2UKGVZM5SZULQIBQ,Random,0.0,
AFEHLE4R3Z4S2UKGVZM5SZULQIBQ,Popularity,0.0,
AFEHLE4R3Z4S2UKGVZM5SZULQIBQ,CF (ItemKNN),0.0,
AFEHLE4R3Z4S2UKGVZM5SZULQIBQ,Content (Avg Emb),0.0,
AFEHLE4R3Z4S2UKGVZM5SZULQIBQ,Last-Item,0.2,
AFEHLE4R3Z4S2UKGVZM5SZULQIBQ,Avg-Last-10,0.2,
AFEHLE4R3Z4S2UKGVZM5SZULQIBQ,Recency-Weighted,0.2,
AFEHLE4R3Z4S2UKGVZM5SZULQIBQ,Essence (K=10),0.2,
AFEHQ4BNQV3PFLED3UKS4PHBYGMA,Random,0.0,0.0
AFEHQ4BNQV3PFLED3UKS4PHBYGMA,Popularity,0.0,0.0
AFEHQ4BNQV3PFLED3UKS4PHBYGMA,CF (ItemKNN),0.0,0.0
AFEHQ4BNQV3PFLED3UKS4PHBYGMA,Content (Avg Emb),0.0,0.0
AFEHQ4BNQV3PFLED3UKS4PHBYGMA,Last-Item,0.0,0.0
AFEHQ4BNQV3PFLED3UKS4PHBYGMA,Avg-Last-10,0.0,0.0
AFEHQ4BNQV3PFLED3UKS4PHBYGMA,Recency-Weighted,0.0,0.0
AFEHQ4BNQV3PFLED3UKS4PHBYGMA,Essence (K=10),0.0,0.0
AFEII5V6FI2GVO5LFKONDSGHZADA,Random,0.0,
AFEII5V6FI2GVO5LFKONDSGHZADA,Popularity,0.0,
AFEII5V6FI2GVO5LFKONDSGHZADA,CF (ItemKNN),0.0,
AFEII5V6FI2GVO5LFKONDSGHZADA,Content (Avg Emb),0.0,
AFEII5V6FI2GVO5LFKONDSGHZADA,Last-Item,0.0,
AFEII5V6FI2GVO5LFKONDSGHZADA,Avg-Last-10,0.0,
AFEII5V6FI2GVO5LFKONDSGHZADA,Recency-Weighted,0.0,
AFEII5V6FI2GVO5LFKONDSGHZADA,Essence (K=10),0.0,
AFEM4RZJKQE6R57RGRKZ7D5GVLIQ,Random,0.0,0.0
AFEM4RZJKQE6R57RGRKZ7D5GVLIQ,Popularity,0.0,0.0
AFEM4RZJKQE6R57RGRKZ7D5GVLIQ,CF (ItemKNN),0.0,0.0
AFEM4RZJKQE6R57RGRKZ7D5GVLIQ,Content (Avg Emb),0.0,0.0
AFEM4RZJKQE6R57RGRKZ7D5GVLIQ,Last-Item,0.0,0.0
AFEM4RZJKQE6R57RGRKZ7D5GVLIQ,Avg-Last-10,0.0,0.0
AFEM4RZJKQE6R57RGRKZ7D5GVLIQ,Recency-Weighted,0.0,0.0
AFEM4RZJKQE6R57RGRKZ7D5GVLIQ,Essence (K=10),0.0,0.0
AFENMR4YQ2PHG5RNUNKW7JBU5YYA,Random,0.0,
AFENMR4YQ2PHG5RNUNKW7JBU5YYA,Popularity,0.0,
AFENMR4YQ2PHG5RNUNKW7JBU5YYA,CF (ItemKNN),0.0,
AFENMR4YQ2PHG5RNUNKW7JBU5YYA,Content (Avg Emb),0.0,
AFENMR4YQ2PHG5RNUNKW7JBU5YYA,Last-Item,0.0,
AFENMR4YQ2PHG5RNUNKW7JBU5YYA,Avg-Last-10,0.0,
AFENMR4YQ2PHG5RNUNKW7JBU5YYA,Recency-Weighted,0.0,
AFENMR4YQ2PHG5RNUNKW7JBU5YYA,Essence (K=10),0.0,
AFEOBQG242WAFL2JUARGF3JOJCOQ,Random,0.0,
AFEOBQG242WAFL2JUARGF3JOJCOQ,Popularity,0.0,
AFEOBQG242WAFL2JUARGF3JOJCOQ,CF (ItemKNN),0.0,
AFEOBQG242WAFL2JUARGF3JOJCOQ,Content (Avg Emb),0.14285714285714285,
AFEOBQG242WAFL2JUARGF3JOJCOQ,Last-Item,0.14285714285714285,
AFEOBQG242WAFL2JUARGF3JOJCOQ,Avg-Last-10,0.14285714285714285,
AFEOBQG242WAFL2JUARGF3JOJCOQ,Recency-Weighted,0.14285714285714285,
AFEOBQG242WAFL2JUARGF3JOJCOQ,Essence (K=10),0.14285714285714285,
AFEOEJCAK4YZYY7MOFIHH6KYZ4YQ,Random,0.0,
AFEOEJCAK4YZYY7MOFIHH6KYZ4YQ,Popularity,0.0,
AFEOEJCAK4YZYY7MOFIHH6KYZ4YQ,CF (ItemKNN),0.0,
AFEOEJCAK4YZYY7MOFIHH6KYZ4YQ,Content (Avg Emb),0.0,
AFEOEJCAK4YZYY7MOFIHH6KYZ4YQ,Last-Item,0.0,
AFEOEJCAK4YZYY7MOFIHH6KYZ4YQ,Avg-Last-10,0.0,
AFEOEJCAK4YZYY7MOFIHH6KYZ4YQ,Recency-Weighted,0.0,
AFEOEJCAK4YZYY7MOFIHH6KYZ4YQ,Essence (K=10),0.0,
AFER63J4PEQ7DTC5SHDUGJXPOGDQ,Random,0.0,0.0
AFER63J4PEQ7DTC5SHDUGJXPOGDQ,Popularity,0.0,0.0
AFER63J4PEQ7DTC5SHDUGJXPOGDQ,CF (ItemKNN),0.0,0.0
AFER63J4PEQ7DTC5SHDUGJXPOGDQ,Content (Avg Emb),0.0,0.0
AFER63J4PEQ7DTC5SHDUGJXPOGDQ,Last-Item,0.0,0.0
AFER63J4PEQ7DTC5SHDUGJXPOGDQ,Avg-Last-10,0.0,0.0
AFER63J4PEQ7DTC5SHDUGJXPOGDQ,Recency-Weighted,0.0,0.0
AFER63J4PEQ7DTC5SHDUGJXPOGDQ,Essence (K=10),0.0,0.0
AFET4BNKJUGVCSFJ3NAKI6RS6MQQ,Random,0.0,
AFET4BNKJUGVCSFJ3NAKI6RS6MQQ,Popularity,0.0,
AFET4BNKJUGVCSFJ3NAKI6RS6MQQ,CF (ItemKNN),0.0,
AFET4BNKJUGVCSFJ3NAKI6RS6MQQ,Content (Avg Emb),0.0,
AFET4BNKJUGVCSFJ3NAKI6RS6MQQ,Last-Item,0.0,
AFET4BNKJUGVCSFJ3NAKI6RS6MQQ,Avg-Last-10,0.0,
AFET4BNKJUGVCSFJ3NAKI6RS6MQQ,Recency-Weighted,0.0,
AFET4BNKJUGVCSFJ3NAKI6RS6MQQ,Essence (K=10),0.0,
AFEYQVF7IZZFU57Z2YVSMVE4T2HQ,Random,0.0,0.0
AFEYQVF7IZZFU57Z2YVSMVE4T2HQ,Popularity,0.0,0.0
AFEYQVF7IZZFU57Z2YVSMVE4T2HQ,CF (ItemKNN),0.0,0.0
AFEYQVF7IZZFU57Z2YVSMVE4T2HQ,Content (Avg Emb),0.0,0.0
AFEYQVF7IZZFU57Z2YVSMVE4T2HQ,Last-Item,0.0,0.0
AFEYQVF7IZZFU57Z2YVSMVE4T2HQ,Avg-Last-10,0.0,0.0
AFEYQVF7IZZFU57Z2YVSMVE4T2HQ,Recency-Weighted,0.0,0.0
AFEYQVF7IZZFU57Z2YVSMVE4T2HQ,Essence (K=10),0.16666666666666666,0.5
AFF3SGMX3IA6ZPWLML4NRKKSV2LA,Random,0.0,
AFF3SGMX3IA6ZPWLML4NRKKSV2LA,Popularity,0.0,
AFF3SGMX3IA6ZPWLML4NRKKSV2LA,CF (ItemKNN),0.0,
AFF3SGMX3IA6ZPWLML4NRKKSV2LA,Content (Avg Emb),0.0,
AFF3SGMX3IA6ZPWLML4NRKKSV2LA,Last-Item,0.25,
AFF3SGMX3IA6ZPWLML4NRKKSV2LA,Avg-Last-10,0.0,
AFF3SGMX3IA6ZPWLML4NRKKSV2LA,Recency-Weighted,0.25,
AFF3SGMX3IA6ZPWLML4NRKKSV2LA,Essence (K=10),0.25,
AFF3XPN33T7JCOYXMFWAJQRSF6PQ,Random,0.0,0.0
AFF3XPN33T7JCOYXMFWAJQRSF6PQ,Popularity,0.0,0.0
AFF3XPN33T7JCOYXMFWAJQRSF6PQ,CF (ItemKNN),0.0,0.0
AFF3XPN33T7JCOYXMFWAJQRSF6PQ,Content (Avg Emb),0.0,0.0
AFF3XPN33T7JCOYXMFWAJQRSF6PQ,Last-Item,0.0,0.0
AFF3XPN33T7JCOYXMFWAJQRSF6PQ,Avg-Last-10,0.0,0.0
AFF3XPN33T7JCOYXMFWAJQRSF6PQ,Recency-Weighted,0.0,0.0
AFF3XPN33T7JCOYXMFWAJQRSF6PQ,Essence (K=10),0.0,0.0
AFF5OHJEAGB4MVAQQFKOITZG5VKQ,Random,0.0,0.0
AFF5OHJEAGB4MVAQQFKOITZG5VKQ,Popularity,0.0,0.0
AFF5OHJEAGB4MVAQQFKOITZG5VKQ,CF (ItemKNN),0.0,0.0
AFF5OHJEAGB4MVAQQFKOITZG5VKQ,Content (Avg Emb),0.038461538461538464,0.0
AFF5OHJEAGB4MVAQQFKOITZG5VKQ,Last-Item,0.038461538461538464,0.0
AFF5OHJEAGB4MVAQQFKOITZG5VKQ,Avg-Last-10,0.23076923076923078,0.0
AFF5OHJEAGB4MVAQQFKOITZG5VKQ,Recency-Weighted,0.23076923076923078,0.0
AFF5OHJEAGB4MVAQQFKOITZG5VKQ,Essence (K=10),0.2692307692307692,0.0
AFF7JB3FLLLX6ANXL5QJW5MRRJ4Q,Random,0.0,
AFF7JB3FLLLX6ANXL5QJW5MRRJ4Q,Popularity,0.0,
AFF7JB3FLLLX6ANXL5QJW5MRRJ4Q,CF (ItemKNN),0.0,
AFF7JB3FLLLX6ANXL5QJW5MRRJ4Q,Content (Avg Emb),0.0,
AFF7JB3FLLLX6ANXL5QJW5MRRJ4Q,Last-Item,0.0,
AFF7JB3FLLLX6ANXL5QJW5MRRJ4Q,Avg-Last-10,0.0,
AFF7JB3FLLLX6ANXL5QJW5MRRJ4Q,Recency-Weighted,0.0,
AFF7JB3FLLLX6ANXL5QJW5MRRJ4Q,Essence (K=10),0.0,
AFFEKCGG3ORMCRO7SSU2TRULMZDQ,Random,0.0,0.0
AFFEKCGG3ORMCRO7SSU2TRULMZDQ,Popularity,0.0,0.0
AFFEKCGG3ORMCRO7SSU2TRULMZDQ,CF (ItemKNN),0.0,0.0
AFFEKCGG3ORMCRO7SSU2TRULMZDQ,Content (Avg Emb),0.0,0.0
AFFEKCGG3ORMCRO7SSU2TRULMZDQ,Last-Item,0.0,0.0
AFFEKCGG3ORMCRO7SSU2TRULMZDQ,Avg-Last-10,0.0,0.0
AFFEKCGG3ORMCRO7SSU2TRULMZDQ,Recency-Weighted,0.0,0.0
AFFEKCGG3ORMCRO7SSU2TRULMZDQ,Essence (K=10),0.0,0.0
AFFFIG6PV3G2CTUDUQH63HAHOUGQ,Random,0.0,
AFFFIG6PV3G2CTUDUQH63HAHOUGQ,Popularity,0.0,
AFFFIG6PV3G2CTUDUQH63HAHOUGQ,CF (ItemKNN),0.0,
AFFFIG6PV3G2CTUDUQH63HAHOUGQ,Content (Avg Emb),0.0,
AFFFIG6PV3G2CTUDUQH63HAHOUGQ,Last-Item,0.0,
AFFFIG6PV3G2CTUDUQH63HAHOUGQ,Avg-Last-10,0.0,
AFFFIG6PV3G2CTUDUQH63HAHOUGQ,Recency-Weighted,0.0,
AFFFIG6PV3G2CTUDUQH63HAHOUGQ,Essence (K=10),0.0,
AFFKVRCPU4AU22XATLIYI2FNDHSQ,Random,0.0,0.0
AFFKVRCPU4AU22XATLIYI2FNDHSQ,Popularity,0.0,0.0
AFFKVRCPU4AU22XATLIYI2FNDHSQ,CF (ItemKNN),0.0,0.0
AFFKVRCPU4AU22XATLIYI2FNDHSQ,Content (Avg Emb),0.0,0.0
AFFKVRCPU4AU22XATLIYI2FNDHSQ,Last-Item,0.0,0.0
AFFKVRCPU4AU22XATLIYI2FNDHSQ,Avg-Last-10,0.0,0.0
AFFKVRCPU4AU22XATLIYI2FNDHSQ,Recency-Weighted,0.0,0.0
AFFKVRCPU4AU22XATLIYI2FNDHSQ,Essence (K=10),0.0,0.0
AFFMC5ANU64PMLYEH46E6NDBRGZQ,Random,0.0,0.0
AFFMC5ANU64PMLYEH46E6NDBRGZQ,Popularity,0.0,0.0
AFFMC5ANU64PMLYEH46E6NDBRGZQ,CF (ItemKNN),0.0,0.0
AFFMC5ANU64PMLYEH46E6NDBRGZQ,Content (Avg Emb),0.0,0.0
AFFMC5ANU64PMLYEH46E6NDBRGZQ,Last-Item,0.0,0.0
AFFMC5ANU64PMLYEH46E6NDBRGZQ,Avg-Last-10,0.0,0.0
AFFMC5ANU64PMLYEH46E6NDBRGZQ,Recency-Weighted,0.0,0.0
AFFMC5ANU64PMLYEH46E6NDBRGZQ,Essence (K=10),0.0,0.0
AFFQSUPMMVUS6TKQEBWWOZOYID5A,Random,0.0,0.0
AFFQSUPMMVUS6TKQEBWWOZOYID5A,Popularity,0.0,0.0
AFFQSUPMMVUS6TKQEBWWOZOYID5A,CF (ItemKNN),0.0,0.0
AFFQSUPMMVUS6TKQEBWWOZOYID5A,Content (Avg Emb),0.0,0.0
AFFQSUPMMVUS6TKQEBWWOZOYID5A,Last-Item,0.0,0.0
AFFQSUPMMVUS6TKQEBWWOZOYID5A,Avg-Last-10,0.0,0.0
AFFQSUPMMVUS6TKQEBWWOZOYID5A,Recency-Weighted,0.0,0.0
AFFQSUPMMVUS6TKQEBWWOZOYID5A,Essence (K=10),0.0,0.0
AFFSGEDL7T3X35M6KXWNBBHOAN4A,Random,0.0,
AFFSGEDL7T3X35M6KXWNBBHOAN4A,Popularity,0.0,
AFFSGEDL7T3X35M6KXWNBBHOAN4A,CF (ItemKNN),0.0,
AFFSGEDL7T3X35M6KXWNBBHOAN4A,Content (Avg Emb),0.0,
AFFSGEDL7T3X35M6KXWNBBHOAN4A,Last-Item,0.2,
AFFSGEDL7T3X35M6KXWNBBHOAN4A,Avg-Last-10,0.0,
AFFSGEDL7T3X35M6KXWNBBHOAN4A,Recency-Weighted,0.0,
AFFSGEDL7T3X35M6KXWNBBHOAN4A,Essence (K=10),0.0,
AFFUVVE5RUL3ZKHYD6LUWFN42EMA,Random,0.0,
AFFUVVE5RUL3ZKHYD6LUWFN42EMA,Popularity,0.0,
AFFUVVE5RUL3ZKHYD6LUWFN42EMA,CF (ItemKNN),0.0,
AFFUVVE5RUL3ZKHYD6LUWFN42EMA,Content (Avg Emb),0.16666666666666666,
AFFUVVE5RUL3ZKHYD6LUWFN42EMA,Last-Item,0.0,
AFFUVVE5RUL3ZKHYD6LUWFN42EMA,Avg-Last-10,0.0,
AFFUVVE5RUL3ZKHYD6LUWFN42EMA,Recency-Weighted,0.0,
AFFUVVE5RUL3ZKHYD6LUWFN42EMA,Essence (K=10),0.0,
AFFWWMN7BZYYKCRTXASNZZCL6MJA,Random,0.0,0.0
AFFWWMN7BZYYKCRTXASNZZCL6MJA,Popularity,0.0,0.0
AFFWWMN7BZYYKCRTXASNZZCL6MJA,CF (ItemKNN),0.0,0.0
AFFWWMN7BZYYKCRTXASNZZCL6MJA,Content (Avg Emb),0.0,0.0
AFFWWMN7BZYYKCRTXASNZZCL6MJA,Last-Item,0.0,0.0
AFFWWMN7BZYYKCRTXASNZZCL6MJA,Avg-Last-10,0.0,0.0
AFFWWMN7BZYYKCRTXASNZZCL6MJA,Recency-Weighted,0.0,0.0
AFFWWMN7BZYYKCRTXASNZZCL6MJA,Essence (K=10),0.0,0.0
AFFXXPM7X2QUMSO6K23I5I3PHE3A,Random,0.0,
AFFXXPM7X2QUMSO6K23I5I3PHE3A,Popularity,0.0,
AFFXXPM7X2QUMSO6K23I5I3PHE3A,CF (ItemKNN),0.0,
AFFXXPM7X2QUMSO6K23I5I3PHE3A,Content (Avg Emb),0.2,
AFFXXPM7X2QUMSO6K23I5I3PHE3A,Last-Item,0.0,
AFFXXPM7X2QUMSO6K23I5I3PHE3A,Avg-Last-10,0.0,
AFFXXPM7X2QUMSO6K23I5I3PHE3A,Recency-Weighted,0.2,
AFFXXPM7X2QUMSO6K23I5I3PHE3A,Essence (K=10),0.2,
AFFZNBRGOCCPUSZ2C2P7FTWKICKA,Random,0.0,0.0
AFFZNBRGOCCPUSZ2C2P7FTWKICKA,Popularity,0.0,0.0
AFFZNBRGOCCPUSZ2C2P7FTWKICKA,CF (ItemKNN),0.0,0.0
AFFZNBRGOCCPUSZ2C2P7FTWKICKA,Content (Avg Emb),0.0,0.0
AFFZNBRGOCCPUSZ2C2P7FTWKICKA,Last-Item,0.0,0.0
AFFZNBRGOCCPUSZ2C2P7FTWKICKA,Avg-Last-10,0.0,0.0
AFFZNBRGOCCPUSZ2C2P7FTWKICKA,Recency-Weighted,0.0,0.0
AFFZNBRGOCCPUSZ2C2P7FTWKICKA,Essence (K=10),0.0,0.0
AFG46JLN6JBSSJKYUCSWZJ3BTFFQ,Random,0.0,0.0
AFG46JLN6JBSSJKYUCSWZJ3BTFFQ,Popularity,0.0,0.0
AFG46JLN6JBSSJKYUCSWZJ3BTFFQ,CF (ItemKNN),0.0,0.0
AFG46JLN6JBSSJKYUCSWZJ3BTFFQ,Content (Avg Emb),0.0,0.0
AFG46JLN6JBSSJKYUCSWZJ3BTFFQ,Last-Item,0.09090909090909091,0.0
AFG46JLN6JBSSJKYUCSWZJ3BTFFQ,Avg-Last-10,0.0,0.0
AFG46JLN6JBSSJKYUCSWZJ3BTFFQ,Recency-Weighted,0.0,0.0
AFG46JLN6JBSSJKYUCSWZJ3BTFFQ,Essence (K=10),0.0,0.0
AFG4YQPXXU3WT6IPRAMUGFY2YSAA,Random,0.0,0.0
AFG4YQPXXU3WT6IPRAMUGFY2YSAA,Popularity,0.0,0.0
AFG4YQPXXU3WT6IPRAMUGFY2YSAA,CF (ItemKNN),0.0,0.0
AFG4YQPXXU3WT6IPRAMUGFY2YSAA,Content (Avg Emb),0.0,0.0
AFG4YQPXXU3WT6IPRAMUGFY2YSAA,Last-Item,0.0,0.0
AFG4YQPXXU3WT6IPRAMUGFY2YSAA,Avg-Last-10,0.0,0.0
AFG4YQPXXU3WT6IPRAMUGFY2YSAA,Recency-Weighted,0.0,0.0
AFG4YQPXXU3WT6IPRAMUGFY2YSAA,Essence (K=10),0.0,0.0
AFG57FRI4ZE53MM6PMYQDGBLNCBQ,Random,0.0,0.0
AFG57FRI4ZE53MM6PMYQDGBLNCBQ,Popularity,0.0,0.0
AFG57FRI4ZE53MM6PMYQDGBLNCBQ,CF (ItemKNN),0.0,0.0
AFG57FRI4ZE53MM6PMYQDGBLNCBQ,Content (Avg Emb),0.0,0.0
AFG57FRI4ZE53MM6PMYQDGBLNCBQ,Last-Item,0.0,0.0
AFG57FRI4ZE53MM6PMYQDGBLNCBQ,Avg-Last-10,0.0,0.0
AFG57FRI4ZE53MM6PMYQDGBLNCBQ,Recency-Weighted,0.0,0.0
AFG57FRI4ZE53MM6PMYQDGBLNCBQ,Essence (K=10),0.0,0.0
AFGBWVQQCGHCCQOADSFJQB5FOOIA,Random,0.0,0.0
AFGBWVQQCGHCCQOADSFJQB5FOOIA,Popularity,0.0,0.0
AFGBWVQQCGHCCQOADSFJQB5FOOIA,CF (ItemKNN),0.0,0.0
AFGBWVQQCGHCCQOADSFJQB5FOOIA,Content (Avg Emb),0.0,0.0
AFGBWVQQCGHCCQOADSFJQB5FOOIA,Last-Item,0.0,0.0
AFGBWVQQCGHCCQOADSFJQB5FOOIA,Avg-Last-10,0.0,0.0
AFGBWVQQCGHCCQOADSFJQB5FOOIA,Recency-Weighted,0.0,0.0
AFGBWVQQCGHCCQOADSFJQB5FOOIA,Essence (K=10),0.08333333333333333,0.0
AFGNWKWFZJ6WWWSXGEJ3SPIKGQFQ,Random,0.0,
AFGNWKWFZJ6WWWSXGEJ3SPIKGQFQ,Popularity,0.0,
AFGNWKWFZJ6WWWSXGEJ3SPIKGQFQ,CF (ItemKNN),0.0,
AFGNWKWFZJ6WWWSXGEJ3SPIKGQFQ,Content (Avg Emb),0.0,
AFGNWKWFZJ6WWWSXGEJ3SPIKGQFQ,Last-Item,0.25,
AFGNWKWFZJ6WWWSXGEJ3SPIKGQFQ,Avg-Last-10,0.0,
AFGNWKWFZJ6WWWSXGEJ3SPIKGQFQ,Recency-Weighted,0.0,
AFGNWKWFZJ6WWWSXGEJ3SPIKGQFQ,Essence (K=10),0.25,
AFGO44ARBH2HOB4LR7PSH2LQGJMA,Random,0.0,0.0
AFGO44ARBH2HOB4LR7PSH2LQGJMA,Popularity,0.0,0.0
AFGO44ARBH2HOB4LR7PSH2LQGJMA,CF (ItemKNN),0.0,0.0
AFGO44ARBH2HOB4LR7PSH2LQGJMA,Content (Avg Emb),0.0,0.0
AFGO44ARBH2HOB4LR7PSH2LQGJMA,Last-Item,0.0,0.0
AFGO44ARBH2HOB4LR7PSH2LQGJMA,Avg-Last-10,0.0,0.0
AFGO44ARBH2HOB4LR7PSH2LQGJMA,Recency-Weighted,0.0,0.0
AFGO44ARBH2HOB4LR7PSH2LQGJMA,Essence (K=10),0.0,0.0
AFGPBY7EG6H72DAB6HVTLOBDSCYQ,Random,0.0,0.0
AFGPBY7EG6H72DAB6HVTLOBDSCYQ,Popularity,0.0,0.0
AFGPBY7EG6H72DAB6HVTLOBDSCYQ,CF (ItemKNN),0.0,0.0
AFGPBY7EG6H72DAB6HVTLOBDSCYQ,Content (Avg Emb),0.2,0.0
AFGPBY7EG6H72DAB6HVTLOBDSCYQ,Last-Item,0.0,0.0
AFGPBY7EG6H72DAB6HVTLOBDSCYQ,Avg-Last-10,0.2,0.0
AFGPBY7EG6H72DAB6HVTLOBDSCYQ,Recency-Weighted,0.2,0.0
AFGPBY7EG6H72DAB6HVTLOBDSCYQ,Essence (K=10),0.2,0.0
AFGQV47XRTORVHCIOB7XQ3SNEFWA,Random,0.0,0.0
AFGQV47XRTORVHCIOB7XQ3SNEFWA,Popularity,0.0,0.0
AFGQV47XRTORVHCIOB7XQ3SNEFWA,CF (ItemKNN),0.0,0.0
AFGQV47XRTORVHCIOB7XQ3SNEFWA,Content (Avg Emb),0.0,0.0
AFGQV47XRTORVHCIOB7XQ3SNEFWA,Last-Item,0.0,0.0
AFGQV47XRTORVHCIOB7XQ3SNEFWA,Avg-Last-10,0.16666666666666666,0.0
AFGQV47XRTORVHCIOB7XQ3SNEFWA,Recency-Weighted,0.16666666666666666,0.0
AFGQV47XRTORVHCIOB7XQ3SNEFWA,Essence (K=10),0.16666666666666666,0.0
AFGUSCXU4SCAFKMM2EW2OOY23GQQ,Random,0.0,
AFGUSCXU4SCAFKMM2EW2OOY23GQQ,Popularity,0.0,
AFGUSCXU4SCAFKMM2EW2OOY23GQQ,CF (ItemKNN),0.0,
AFGUSCXU4SCAFKMM2EW2OOY23GQQ,Content (Avg Emb),0.5,
AFGUSCXU4SCAFKMM2EW2OOY23GQQ,Last-Item,0.16666666666666666,
AFGUSCXU4SCAFKMM2EW2OOY23GQQ,Avg-Last-10,0.5,
AFGUSCXU4SCAFKMM2EW2OOY23GQQ,Recency-Weighted,0.5,
AFGUSCXU4SCAFKMM2EW2OOY23GQQ,Essence (K=10),0.3333333333333333,
AFGXKQVVWBFGVNHWQHPDZFNVVSMA,Random,0.0,0.0
AFGXKQVVWBFGVNHWQHPDZFNVVSMA,Popularity,0.0,0.0
AFGXKQVVWBFGVNHWQHPDZFNVVSMA,CF (ItemKNN),0.0,0.0
AFGXKQVVWBFGVNHWQHPDZFNVVSMA,Content (Avg Emb),0.2,0.0
AFGXKQVVWBFGVNHWQHPDZFNVVSMA,Last-Item,0.2,0.0
AFGXKQVVWBFGVNHWQHPDZFNVVSMA,Avg-Last-10,0.2,0.0
AFGXKQVVWBFGVNHWQHPDZFNVVSMA,Recency-Weighted,0.2,0.0
AFGXKQVVWBFGVNHWQHPDZFNVVSMA,Essence (K=10),0.2,0.0
AFGXRA33RCWNVGY3R4O4ORDF26VQ,Random,0.0,
AFGXRA33RCWNVGY3R4O4ORDF26VQ,Popularity,0.0,
AFGXRA33RCWNVGY3R4O4ORDF26VQ,CF (ItemKNN),0.0,
AFGXRA33RCWNVGY3R4O4ORDF26VQ,Content (Avg Emb),0.0,
AFGXRA33RCWNVGY3R4O4ORDF26VQ,Last-Item,0.0,
AFGXRA33RCWNVGY3R4O4ORDF26VQ,Avg-Last-10,0.0,
AFGXRA33RCWNVGY3R4O4ORDF26VQ,Recency-Weighted,0.0,
AFGXRA33RCWNVGY3R4O4ORDF26VQ,Essence (K=10),0.0,
AFH5GXKAAYTHYW7MLBCB5WRMVMUQ,Random,0.0,
AFH5GXKAAYTHYW7MLBCB5WRMVMUQ,Popularity,0.0,
AFH5GXKAAYTHYW7MLBCB5WRMVMUQ,CF (ItemKNN),0.0,
AFH5GXKAAYTHYW7MLBCB5WRMVMUQ,Content (Avg Emb),0.0,
AFH5GXKAAYTHYW7MLBCB5WRMVMUQ,Last-Item,0.0,
AFH5GXKAAYTHYW7MLBCB5WRMVMUQ,Avg-Last-10,0.0,
AFH5GXKAAYTHYW7MLBCB5WRMVMUQ,Recency-Weighted,0.0,
AFH5GXKAAYTHYW7MLBCB5WRMVMUQ,Essence (K=10),0.0,
AFH7Z7GAEJIWYHQKVGGXQVMTAVAQ,Random,0.0,0.0
AFH7Z7GAEJIWYHQKVGGXQVMTAVAQ,Popularity,0.0,0.0
AFH7Z7GAEJIWYHQKVGGXQVMTAVAQ,CF (ItemKNN),0.0,0.0
AFH7Z7GAEJIWYHQKVGGXQVMTAVAQ,Content (Avg Emb),0.045454545454545456,0.0
AFH7Z7GAEJIWYHQKVGGXQVMTAVAQ,Last-Item,0.0,0.0
AFH7Z7GAEJIWYHQKVGGXQVMTAVAQ,Avg-Last-10,0.0,0.0
AFH7Z7GAEJIWYHQKVGGXQVMTAVAQ,Recency-Weighted,0.0,0.0
AFH7Z7GAEJIWYHQKVGGXQVMTAVAQ,Essence (K=10),0.0,0.0
AFHB3C7OPKCJJZ2MUJI6L2AV5CVQ,Random,0.0,
AFHB3C7OPKCJJZ2MUJI6L2AV5CVQ,Popularity,0.0,
AFHB3C7OPKCJJZ2MUJI6L2AV5CVQ,CF (ItemKNN),0.0,
AFHB3C7OPKCJJZ2MUJI6L2AV5CVQ,Content (Avg Emb),0.0,
AFHB3C7OPKCJJZ2MUJI6L2AV5CVQ,Last-Item,0.0,
AFHB3C7OPKCJJZ2MUJI6L2AV5CVQ,Avg-Last-10,0.0,
AFHB3C7OPKCJJZ2MUJI6L2AV5CVQ,Recency-Weighted,0.0,
AFHB3C7OPKCJJZ2MUJI6L2AV5CVQ,Essence (K=10),0.0,
AFHGHSRVM2GSMF7QRBPC7QC564DA,Random,0.0,0.0
AFHGHSRVM2GSMF7QRBPC7QC564DA,Popularity,0.0,0.0
AFHGHSRVM2GSMF7QRBPC7QC564DA,CF (ItemKNN),0.0,0.0
AFHGHSRVM2GSMF7QRBPC7QC564DA,Content (Avg Emb),0.0,0.0
AFHGHSRVM2GSMF7QRBPC7QC564DA,Last-Item,0.1111111111111111,0.0
AFHGHSRVM2GSMF7QRBPC7QC564DA,Avg-Last-10,0.0,0.0
AFHGHSRVM2GSMF7QRBPC7QC564DA,Recency-Weighted,0.0,0.0
AFHGHSRVM2GSMF7QRBPC7QC564DA,Essence (K=10),0.0,0.0
AFHMRRMVKJSXZJFSCHXWLNKOQVNQ,Random,0.0,0.0
AFHMRRMVKJSXZJFSCHXWLNKOQVNQ,Popularity,0.0,0.0
AFHMRRMVKJSXZJFSCHXWLNKOQVNQ,CF (ItemKNN),0.0,0.0
AFHMRRMVKJSXZJFSCHXWLNKOQVNQ,Content (Avg Emb),0.125,1.0
AFHMRRMVKJSXZJFSCHXWLNKOQVNQ,Last-Item,0.25,0.0
AFHMRRMVKJSXZJFSCHXWLNKOQVNQ,Avg-Last-10,0.0,0.0
AFHMRRMVKJSXZJFSCHXWLNKOQVNQ,Recency-Weighted,0.0,0.0
AFHMRRMVKJSXZJFSCHXWLNKOQVNQ,Essence (K=10),0.125,1.0
AFHMWROTAUPLRDCTLSZUCSUQHUWQ,Random,0.0,0.0
AFHMWROTAUPLRDCTLSZUCSUQHUWQ,Popularity,0.0,0.0
AFHMWROTAUPLRDCTLSZUCSUQHUWQ,CF (ItemKNN),0.0,0.0
AFHMWROTAUPLRDCTLSZUCSUQHUWQ,Content (Avg Emb),0.0,0.0
AFHMWROTAUPLRDCTLSZUCSUQHUWQ,Last-Item,0.16666666666666666,0.5
AFHMWROTAUPLRDCTLSZUCSUQHUWQ,Avg-Last-10,0.0,0.0
AFHMWROTAUPLRDCTLSZUCSUQHUWQ,Recency-Weighted,0.0,0.0
AFHMWROTAUPLRDCTLSZUCSUQHUWQ,Essence (K=10),0.0,0.0
AFHQNETDHQMTEWIQ75IYN3FCMZTQ,Random,0.0,0.0
AFHQNETDHQMTEWIQ75IYN3FCMZTQ,Popularity,0.0,0.0
AFHQNETDHQMTEWIQ75IYN3FCMZTQ,CF (ItemKNN),0.0,0.0
AFHQNETDHQMTEWIQ75IYN3FCMZTQ,Content (Avg Emb),0.0,0.0
AFHQNETDHQMTEWIQ75IYN3FCMZTQ,Last-Item,0.0,0.0
AFHQNETDHQMTEWIQ75IYN3FCMZTQ,Avg-Last-10,0.0,0.0
AFHQNETDHQMTEWIQ75IYN3FCMZTQ,Recency-Weighted,0.0,0.0
AFHQNETDHQMTEWIQ75IYN3FCMZTQ,Essence (K=10),0.0,0.0
AFHSIRLX33HRBWSEPQFMK7SI5V6Q,Random,0.0,0.0
AFHSIRLX33HRBWSEPQFMK7SI5V6Q,Popularity,0.0,0.0
AFHSIRLX33HRBWSEPQFMK7SI5V6Q,CF (ItemKNN),0.0,0.0
AFHSIRLX33HRBWSEPQFMK7SI5V6Q,Content (Avg Emb),0.0,0.0
AFHSIRLX33HRBWSEPQFMK7SI5V6Q,Last-Item,0.3333333333333333,0.5
AFHSIRLX33HRBWSEPQFMK7SI5V6Q,Avg-Last-10,0.0,0.0
AFHSIRLX33HRBWSEPQFMK7SI5V6Q,Recency-Weighted,0.0,0.0
AFHSIRLX33HRBWSEPQFMK7SI5V6Q,Essence (K=10),0.0,0.0
AFHSVSJ7SBGLEQ3WJ4QQAIXR46JQ,Random,0.0,
AFHSVSJ7SBGLEQ3WJ4QQAIXR46JQ,Popularity,0.0,
AFHSVSJ7SBGLEQ3WJ4QQAIXR46JQ,CF (ItemKNN),0.0,
AFHSVSJ7SBGLEQ3WJ4QQAIXR46JQ,Content (Avg Emb),0.0,
AFHSVSJ7SBGLEQ3WJ4QQAIXR46JQ,Last-Item,0.0,
AFHSVSJ7SBGLEQ3WJ4QQAIXR46JQ,Avg-Last-10,0.0,
AFHSVSJ7SBGLEQ3WJ4QQAIXR46JQ,Recency-Weighted,0.0,
AFHSVSJ7SBGLEQ3WJ4QQAIXR46JQ,Essence (K=10),0.0,
AFHTVBN6H2QX6ENZDZZIUZGC2XJQ,Random,0.0,0.0
AFHTVBN6H2QX6ENZDZZIUZGC2XJQ,Popularity,0.0,0.0
AFHTVBN6H2QX6ENZDZZIUZGC2XJQ,CF (ItemKNN),0.0,0.0
AFHTVBN6H2QX6ENZDZZIUZGC2XJQ,Content (Avg Emb),0.0,0.0
AFHTVBN6H2QX6ENZDZZIUZGC2XJQ,Last-Item,0.0,0.0
AFHTVBN6H2QX6ENZDZZIUZGC2XJQ,Avg-Last-10,0.0,0.0
AFHTVBN6H2QX6ENZDZZIUZGC2XJQ,Recency-Weighted,0.09090909090909091,0.0
AFHTVBN6H2QX6ENZDZZIUZGC2XJQ,Essence (K=10),0.0,0.0
AFHWBJPPE4U2RZ6ZCASLSKIQUSEA,Random,0.0,0.0
AFHWBJPPE4U2RZ6ZCASLSKIQUSEA,Popularity,0.0,0.0
AFHWBJPPE4U2RZ6ZCASLSKIQUSEA,CF (ItemKNN),0.0,0.0
AFHWBJPPE4U2RZ6ZCASLSKIQUSEA,Content (Avg Emb),0.0,0.0
AFHWBJPPE4U2RZ6ZCASLSKIQUSEA,Last-Item,0.0,0.0
AFHWBJPPE4U2RZ6ZCASLSKIQUSEA,Avg-Last-10,0.0,0.0
AFHWBJPPE4U2RZ6ZCASLSKIQUSEA,Recency-Weighted,0.0,0.0
AFHWBJPPE4U2RZ6ZCASLSKIQUSEA,Essence (K=10),0.0,0.0
AFHWGRUBTVXR37IXP7TVTPTNMUAA,Random,0.0,
AFHWGRUBTVXR37IXP7TVTPTNMUAA,Popularity,0.0,
AFHWGRUBTVXR37IXP7TVTPTNMUAA,CF (ItemKNN),0.0,
AFHWGRUBTVXR37IXP7TVTPTNMUAA,Content (Avg Emb),0.0,
AFHWGRUBTVXR37IXP7TVTPTNMUAA,Last-Item,0.0,
AFHWGRUBTVXR37IXP7TVTPTNMUAA,Avg-Last-10,0.5,
AFHWGRUBTVXR37IXP7TVTPTNMUAA,Recency-Weighted,0.5,
AFHWGRUBTVXR37IXP7TVTPTNMUAA,Essence (K=10),0.25,
AFHXFDNJHBREE74L6MFOLPWDITZA,Random,0.0,
AFHXFDNJHBREE74L6MFOLPWDITZA,Popularity,0.0,
AFHXFDNJHBREE74L6MFOLPWDITZA,CF (ItemKNN),0.0,
AFHXFDNJHBREE74L6MFOLPWDITZA,Content (Avg Emb),0.0,
AFHXFDNJHBREE74L6MFOLPWDITZA,Last-Item,0.0,
AFHXFDNJHBREE74L6MFOLPWDITZA,Avg-Last-10,0.0,
AFHXFDNJHBREE74L6MFOLPWDITZA,Recency-Weighted,0.0,
AFHXFDNJHBREE74L6MFOLPWDITZA,Essence (K=10),0.0,
AFI2MARJRSREK7BRS3SF3JRRK2DQ,Random,0.0,0.0
AFI2MARJRSREK7BRS3SF3JRRK2DQ,Popularity,0.0,0.0
AFI2MARJRSREK7BRS3SF3JRRK2DQ,CF (ItemKNN),0.0,0.0
AFI2MARJRSREK7BRS3SF3JRRK2DQ,Content (Avg Emb),0.027777777777777776,0.0
AFI2MARJRSREK7BRS3SF3JRRK2DQ,Last-Item,0.027777777777777776,0.0
AFI2MARJRSREK7BRS3SF3JRRK2DQ,Avg-Last-10,0.0,0.0
AFI2MARJRSREK7BRS3SF3JRRK2DQ,Recency-Weighted,0.0,0.0
AFI2MARJRSREK7BRS3SF3JRRK2DQ,Essence (K=10),0.05555555555555555,0.0
AFI3GGZENUUOKWP3YBUQY5JUBKIA,Random,0.0,
AFI3GGZENUUOKWP3YBUQY5JUBKIA,Popularity,0.0,
AFI3GGZENUUOKWP3YBUQY5JUBKIA,CF (ItemKNN),0.0,
AFI3GGZENUUOKWP3YBUQY5JUBKIA,Content (Avg Emb),0.0,
AFI3GGZENUUOKWP3YBUQY5JUBKIA,Last-Item,0.0,
AFI3GGZENUUOKWP3YBUQY5JUBKIA,Avg-Last-10,0.0,
AFI3GGZENUUOKWP3YBUQY5JUBKIA,Recency-Weighted,0.0,
AFI3GGZENUUOKWP3YBUQY5JUBKIA,Essence (K=10),0.0,
AFI4G74VATELHOIUHAR3DHOCVOGQ,Random,0.0,0.0
AFI4G74VATELHOIUHAR3DHOCVOGQ,Popularity,0.0,0.0
AFI4G74VATELHOIUHAR3DHOCVOGQ,CF (ItemKNN),0.0,0.0
AFI4G74VATELHOIUHAR3DHOCVOGQ,Content (Avg Emb),0.5,0.0
AFI4G74VATELHOIUHAR3DHOCVOGQ,Last-Item,0.0,0.0
AFI4G74VATELHOIUHAR3DHOCVOGQ,Avg-Last-10,0.5,0.0
AFI4G74VATELHOIUHAR3DHOCVOGQ,Recency-Weighted,0.5,0.0
AFI4G74VATELHOIUHAR3DHOCVOGQ,Essence (K=10),0.0,0.0
AFI7SWTISQBGATTOAS2U4U3DLNVQ,Random,0.0,0.0
AFI7SWTISQBGATTOAS2U4U3DLNVQ,Popularity,0.0,0.0
AFI7SWTISQBGATTOAS2U4U3DLNVQ,CF (ItemKNN),0.0,0.0
AFI7SWTISQBGATTOAS2U4U3DLNVQ,Content (Avg Emb),0.0,0.0
AFI7SWTISQBGATTOAS2U4U3DLNVQ,Last-Item,0.0,0.0
AFI7SWTISQBGATTOAS2U4U3DLNVQ,Avg-Last-10,0.0,0.0
AFI7SWTISQBGATTOAS2U4U3DLNVQ,Recency-Weighted,0.0,0.0
AFI7SWTISQBGATTOAS2U4U3DLNVQ,Essence (K=10),0.0,0.0
AFIBHCXIGFB3DLNBSKPXNREUIFDA,Random,0.0,0.0
AFIBHCXIGFB3DLNBSKPXNREUIFDA,Popularity,0.0,0.0
AFIBHCXIGFB3DLNBSKPXNREUIFDA,CF (ItemKNN),0.08333333333333333,0.25
AFIBHCXIGFB3DLNBSKPXNREUIFDA,Content (Avg Emb),0.0,0.0
AFIBHCXIGFB3DLNBSKPXNREUIFDA,Last-Item,0.0,0.0
AFIBHCXIGFB3DLNBSKPXNREUIFDA,Avg-Last-10,0.0,0.0
AFIBHCXIGFB3DLNBSKPXNREUIFDA,Recency-Weighted,0.0,0.0
AFIBHCXIGFB3DLNBSKPXNREUIFDA,Essence (K=10),0.0,0.0
AFIDLACVP2L5ZILONXK5DLDNXHTA,Random,0.0,0.0
AFIDLACVP2L5ZILONXK5DLDNXHTA,Popularity,0.0,0.0
AFIDLACVP2L5ZILONXK5DLDNXHTA,CF (ItemKNN),0.0,0.0
AFIDLACVP2L5ZILONXK5DLDNXHTA,Content (Avg Emb),0.0,0.0
AFIDLACVP2L5ZILONXK5DLDNXHTA,Last-Item,0.0,0.0
AFIDLACVP2L5ZILONXK5DLDNXHTA,Avg-Last-10,0.0,0.0
AFIDLACVP2L5ZILONXK5DLDNXHTA,Recency-Weighted,0.0,0.0
AFIDLACVP2L5ZILONXK5DLDNXHTA,Essence (K=10),0.0,0.0
AFIDWUEVKVPMHTDOITU27VNA5JTQ,Random,0.0,0.0
AFIDWUEVKVPMHTDOITU27VNA5JTQ,Popularity,0.0,0.0
AFIDWUEVKVPMHTDOITU27VNA5JTQ,CF (ItemKNN),0.0,0.0
AFIDWUEVKVPMHTDOITU27VNA5JTQ,Content (Avg Emb),0.0,0.0
AFIDWUEVKVPMHTDOITU27VNA5JTQ,Last-Item,0.0,0.0
AFIDWUEVKVPMHTDOITU27VNA5JTQ,Avg-Last-10,0.0,0.0
AFIDWUEVKVPMHTDOITU27VNA5JTQ,Recency-Weighted,0.0,0.0
AFIDWUEVKVPMHTDOITU27VNA5JTQ,Essence (K=10),0.0,0.0
AFIEXKAZ5JP6UHEVYFLL5OQTQUCA,Random,0.0,0.0
AFIEXKAZ5JP6UHEVYFLL5OQTQUCA,Popularity,0.0,0.0
AFIEXKAZ5JP6UHEVYFLL5OQTQUCA,CF (ItemKNN),0.0,0.0
AFIEXKAZ5JP6UHEVYFLL5OQTQUCA,Content (Avg Emb),0.0,0.0
AFIEXKAZ5JP6UHEVYFLL5OQTQUCA,Last-Item,0.0,0.0
AFIEXKAZ5JP6UHEVYFLL5OQTQUCA,Avg-Last-10,0.0,0.0
AFIEXKAZ5JP6UHEVYFLL5OQTQUCA,Recency-Weighted,0.0,0.0
AFIEXKAZ5JP6UHEVYFLL5OQTQUCA,Essence (K=10),0.0,0.0
AFIIZSOFVP37BLZETIOMHVB32L4A,Random,0.0,
AFIIZSOFVP37BLZETIOMHVB32L4A,Popularity,0.0,
AFIIZSOFVP37BLZETIOMHVB32L4A,CF (ItemKNN),0.0,
AFIIZSOFVP37BLZETIOMHVB32L4A,Content (Avg Emb),0.0,
AFIIZSOFVP37BLZETIOMHVB32L4A,Last-Item,0.0,
AFIIZSOFVP37BLZETIOMHVB32L4A,Avg-Last-10,0.0,
AFIIZSOFVP37BLZETIOMHVB32L4A,Recency-Weighted,0.0,
AFIIZSOFVP37BLZETIOMHVB32L4A,Essence (K=10),0.0,
AFIKH47F2C2BJGIW4R2PJH6OTHSQ,Random,0.0,0.0
AFIKH47F2C2BJGIW4R2PJH6OTHSQ,Popularity,0.0,0.0
AFIKH47F2C2BJGIW4R2PJH6OTHSQ,CF (ItemKNN),0.0,0.0
AFIKH47F2C2BJGIW4R2PJH6OTHSQ,Content (Avg Emb),0.0,0.0
AFIKH47F2C2BJGIW4R2PJH6OTHSQ,Last-Item,0.0,0.0
AFIKH47F2C2BJGIW4R2PJH6OTHSQ,Avg-Last-10,0.0,0.0
AFIKH47F2C2BJGIW4R2PJH6OTHSQ,Recency-Weighted,0.0,0.0
AFIKH47F2C2BJGIW4R2PJH6OTHSQ,Essence (K=10),0.0,0.0
AFIKXP3KJMKSUVZZKSYJ5XD5A5WA,Random,0.0,
AFIKXP3KJMKSUVZZKSYJ5XD5A5WA,Popularity,0.0,
AFIKXP3KJMKSUVZZKSYJ5XD5A5WA,CF (ItemKNN),0.0,
AFIKXP3KJMKSUVZZKSYJ5XD5A5WA,Content (Avg Emb),0.0,
AFIKXP3KJMKSUVZZKSYJ5XD5A5WA,Last-Item,0.0,
AFIKXP3KJMKSUVZZKSYJ5XD5A5WA,Avg-Last-10,0.0,
AFIKXP3KJMKSUVZZKSYJ5XD5A5WA,Recency-Weighted,0.0,
AFIKXP3KJMKSUVZZKSYJ5XD5A5WA,Essence (K=10),0.0,
AFIP76JED4OUBX7E6WIWVFKZIEDQ,Random,0.0,
AFIP76JED4OUBX7E6WIWVFKZIEDQ,Popularity,0.0,
AFIP76JED4OUBX7E6WIWVFKZIEDQ,CF (ItemKNN),0.0,
AFIP76JED4OUBX7E6WIWVFKZIEDQ,Content (Avg Emb),0.0,
AFIP76JED4OUBX7E6WIWVFKZIEDQ,Last-Item,0.0,
AFIP76JED4OUBX7E6WIWVFKZIEDQ,Avg-Last-10,0.0,
AFIP76JED4OUBX7E6WIWVFKZIEDQ,Recency-Weighted,0.0,
AFIP76JED4OUBX7E6WIWVFKZIEDQ,Essence (K=10),0.0,
AFIPJH2I2GYM5EM4LMF3HX3JXW3Q,Random,0.0,
AFIPJH2I2GYM5EM4LMF3HX3JXW3Q,Popularity,0.0,
AFIPJH2I2GYM5EM4LMF3HX3JXW3Q,CF (ItemKNN),0.0,
AFIPJH2I2GYM5EM4LMF3HX3JXW3Q,Content (Avg Emb),0.0,
AFIPJH2I2GYM5EM4LMF3HX3JXW3Q,Last-Item,0.0,
AFIPJH2I2GYM5EM4LMF3HX3JXW3Q,Avg-Last-10,0.0,
AFIPJH2I2GYM5EM4LMF3HX3JXW3Q,Recency-Weighted,0.0,
AFIPJH2I2GYM5EM4LMF3HX3JXW3Q,Essence (K=10),0.0,
AFIRVQYE5QL3AZV6S3NQ7IGQ4YMA,Random,0.0,0.0
AFIRVQYE5QL3AZV6S3NQ7IGQ4YMA,Popularity,0.0,0.0
AFIRVQYE5QL3AZV6S3NQ7IGQ4YMA,CF (ItemKNN),0.0,0.0
AFIRVQYE5QL3AZV6S3NQ7IGQ4YMA,Content (Avg Emb),0.0,0.0
AFIRVQYE5QL3AZV6S3NQ7IGQ4YMA,Last-Item,0.0,0.0
AFIRVQYE5QL3AZV6S3NQ7IGQ4YMA,Avg-Last-10,0.0,0.0
AFIRVQYE5QL3AZV6S3NQ7IGQ4YMA,Recency-Weighted,0.0,0.0
AFIRVQYE5QL3AZV6S3NQ7IGQ4YMA,Essence (K=10),0.0,0.0
AFIWJAGF6UWJ7DAMFWAU632E4J2Q,Random,0.0,
AFIWJAGF6UWJ7DAMFWAU632E4J2Q,Popularity,0.0,
AFIWJAGF6UWJ7DAMFWAU632E4J2Q,CF (ItemKNN),0.0,
AFIWJAGF6UWJ7DAMFWAU632E4J2Q,Content (Avg Emb),0.0,
AFIWJAGF6UWJ7DAMFWAU632E4J2Q,Last-Item,0.0,
AFIWJAGF6UWJ7DAMFWAU632E4J2Q,Avg-Last-10,0.0,
AFIWJAGF6UWJ7DAMFWAU632E4J2Q,Recency-Weighted,0.0,
AFIWJAGF6UWJ7DAMFWAU632E4J2Q,Essence (K=10),0.0,
AFJ5KWKT6BJAD6FUMBE7M2IDTGZA,Random,0.0,
AFJ5KWKT6BJAD6FUMBE7M2IDTGZA,Popularity,0.0,
AFJ5KWKT6BJAD6FUMBE7M2IDTGZA,CF (ItemKNN),0.0,
AFJ5KWKT6BJAD6FUMBE7M2IDTGZA,Content (Avg Emb),0.0,
AFJ5KWKT6BJAD6FUMBE7M2IDTGZA,Last-Item,0.0,
AFJ5KWKT6BJAD6FUMBE7M2IDTGZA,Avg-Last-10,0.0,
AFJ5KWKT6BJAD6FUMBE7M2IDTGZA,Recency-Weighted,0.0,
AFJ5KWKT6BJAD6FUMBE7M2IDTGZA,Essence (K=10),0.0,
AFJ6IEQ3C66AM3RM5H45ECXKS5DA,Random,0.0,
AFJ6IEQ3C66AM3RM5H45ECXKS5DA,Popularity,0.0,
AFJ6IEQ3C66AM3RM5H45ECXKS5DA,CF (ItemKNN),0.0,
AFJ6IEQ3C66AM3RM5H45ECXKS5DA,Content (Avg Emb),0.25,
AFJ6IEQ3C66AM3RM5H45ECXKS5DA,Last-Item,0.0,
AFJ6IEQ3C66AM3RM5H45ECXKS5DA,Avg-Last-10,0.0,
AFJ6IEQ3C66AM3RM5H45ECXKS5DA,Recency-Weighted,0.0,
AFJ6IEQ3C66AM3RM5H45ECXKS5DA,Essence (K=10),0.0,
AFJBL73QQPEOISYJT3TKY4FKTIRQ,Random,0.0,0.0
AFJBL73QQPEOISYJT3TKY4FKTIRQ,Popularity,0.0,0.0
AFJBL73QQPEOISYJT3TKY4FKTIRQ,CF (ItemKNN),0.0,0.0
AFJBL73QQPEOISYJT3TKY4FKTIRQ,Content (Avg Emb),0.0,0.0
AFJBL73QQPEOISYJT3TKY4FKTIRQ,Last-Item,0.0,0.0
AFJBL73QQPEOISYJT3TKY4FKTIRQ,Avg-Last-10,0.0,0.0
AFJBL73QQPEOISYJT3TKY4FKTIRQ,Recency-Weighted,0.0,0.0
AFJBL73QQPEOISYJT3TKY4FKTIRQ,Essence (K=10),0.0,0.0
AFJFDVJB2EFHZP52F5M64H4GLRNQ,Random,0.0,0.0
AFJFDVJB2EFHZP52F5M64H4GLRNQ,Popularity,0.0,0.0
AFJFDVJB2EFHZP52F5M64H4GLRNQ,CF (ItemKNN),0.0,0.0
AFJFDVJB2EFHZP52F5M64H4GLRNQ,Content (Avg Emb),0.0,0.0
AFJFDVJB2EFHZP52F5M64H4GLRNQ,Last-Item,0.0,0.0
AFJFDVJB2EFHZP52F5M64H4GLRNQ,Avg-Last-10,0.0,0.0
AFJFDVJB2EFHZP52F5M64H4GLRNQ,Recency-Weighted,0.0,0.0
AFJFDVJB2EFHZP52F5M64H4GLRNQ,Essence (K=10),0.0,0.0
AFJGKBLFPIUOZAIJWSAJ3KW43W2Q,Random,0.0,0.0
AFJGKBLFPIUOZAIJWSAJ3KW43W2Q,Popularity,0.0,0.0
AFJGKBLFPIUOZAIJWSAJ3KW43W2Q,CF (ItemKNN),0.0,0.0
AFJGKBLFPIUOZAIJWSAJ3KW43W2Q,Content (Avg Emb),0.0,0.0
AFJGKBLFPIUOZAIJWSAJ3KW43W2Q,Last-Item,0.0,0.0
AFJGKBLFPIUOZAIJWSAJ3KW43W2Q,Avg-Last-10,0.0,0.0
AFJGKBLFPIUOZAIJWSAJ3KW43W2Q,Recency-Weighted,0.0,0.0
AFJGKBLFPIUOZAIJWSAJ3KW43W2Q,Essence (K=10),0.0,0.0
AFJJL24ZMPFCQOCJOXDPNG2HGJKA,Random,0.0,0.0
AFJJL24ZMPFCQOCJOXDPNG2HGJKA,Popularity,0.0,0.0
AFJJL24ZMPFCQOCJOXDPNG2HGJKA,CF (ItemKNN),0.0,0.0
AFJJL24ZMPFCQOCJOXDPNG2HGJKA,Content (Avg Emb),0.0,0.0
AFJJL24ZMPFCQOCJOXDPNG2HGJKA,Last-Item,0.0,0.0
AFJJL24ZMPFCQOCJOXDPNG2HGJKA,Avg-Last-10,0.0,0.0
AFJJL24ZMPFCQOCJOXDPNG2HGJKA,Recency-Weighted,0.0,0.0
AFJJL24ZMPFCQOCJOXDPNG2HGJKA,Essence (K=10),0.0,0.0
AFJOZ7ESYWQYGQEH7OKKBX4VJZYA,Random,0.0,0.0
AFJOZ7ESYWQYGQEH7OKKBX4VJZYA,Popularity,0.0,0.0
AFJOZ7ESYWQYGQEH7OKKBX4VJZYA,CF (ItemKNN),0.0,0.0
AFJOZ7ESYWQYGQEH7OKKBX4VJZYA,Content (Avg Emb),0.0,0.0
AFJOZ7ESYWQYGQEH7OKKBX4VJZYA,Last-Item,0.0,0.0
AFJOZ7ESYWQYGQEH7OKKBX4VJZYA,Avg-Last-10,0.0,0.0
AFJOZ7ESYWQYGQEH7OKKBX4VJZYA,Recency-Weighted,0.0,0.0
AFJOZ7ESYWQYGQEH7OKKBX4VJZYA,Essence (K=10),0.0,0.0
AFJPDFVHM5PZMQF5IBFFTW5YH7XQ,Random,0.0,0.0
AFJPDFVHM5PZMQF5IBFFTW5YH7XQ,Popularity,0.0,0.0
AFJPDFVHM5PZMQF5IBFFTW5YH7XQ,CF (ItemKNN),0.0,0.0
AFJPDFVHM5PZMQF5IBFFTW5YH7XQ,Content (Avg Emb),0.0,0.0
AFJPDFVHM5PZMQF5IBFFTW5YH7XQ,Last-Item,0.0,0.0
AFJPDFVHM5PZMQF5IBFFTW5YH7XQ,Avg-Last-10,0.0,0.0
AFJPDFVHM5PZMQF5IBFFTW5YH7XQ,Recency-Weighted,0.0,0.0
AFJPDFVHM5PZMQF5IBFFTW5YH7XQ,Essence (K=10),0.0,0.0
AFJPUVLGB5CNUTTJAUOBQ4URG5UA,Random,0.0,0.0
AFJPUVLGB5CNUTTJAUOBQ4URG5UA,Popularity,0.0,0.0
AFJPUVLGB5CNUTTJAUOBQ4URG5UA,CF (ItemKNN),0.0,0.0
AFJPUVLGB5CNUTTJAUOBQ4URG5UA,Content (Avg Emb),0.0,0.0
AFJPUVLGB5CNUTTJAUOBQ4URG5UA,Last-Item,0.0,0.0
AFJPUVLGB5CNUTTJAUOBQ4URG5UA,Avg-Last-10,0.0,0.0
AFJPUVLGB5CNUTTJAUOBQ4URG5UA,Recency-Weighted,0.0,0.0
AFJPUVLGB5CNUTTJAUOBQ4URG5UA,Essence (K=10),0.0,0.0
AFJSGTEOGVVR7PYQV6ARUZ4R6JTQ,Random,0.0,0.0
AFJSGTEOGVVR7PYQV6ARUZ4R6JTQ,Popularity,0.0,0.0
AFJSGTEOGVVR7PYQV6ARUZ4R6JTQ,CF (ItemKNN),0.0,0.0
AFJSGTEOGVVR7PYQV6ARUZ4R6JTQ,Content (Avg Emb),0.125,0.0
AFJSGTEOGVVR7PYQV6ARUZ4R6JTQ,Last-Item,0.125,0.0
AFJSGTEOGVVR7PYQV6ARUZ4R6JTQ,Avg-Last-10,0.125,0.0
AFJSGTEOGVVR7PYQV6ARUZ4R6JTQ,Recency-Weighted,0.125,0.0
AFJSGTEOGVVR7PYQV6ARUZ4R6JTQ,Essence (K=10),0.125,0.0
AFJTAJV3O6WGU4QZSLXQQTYVRYXA,Random,0.0,0.0
AFJTAJV3O6WGU4QZSLXQQTYVRYXA,Popularity,0.0,0.0
AFJTAJV3O6WGU4QZSLXQQTYVRYXA,CF (ItemKNN),0.0,0.0
AFJTAJV3O6WGU4QZSLXQQTYVRYXA,Content (Avg Emb),0.0,0.0
AFJTAJV3O6WGU4QZSLXQQTYVRYXA,Last-Item,0.0,0.0
AFJTAJV3O6WGU4QZSLXQQTYVRYXA,Avg-Last-10,0.0,0.0
AFJTAJV3O6WGU4QZSLXQQTYVRYXA,Recency-Weighted,0.0,0.0
AFJTAJV3O6WGU4QZSLXQQTYVRYXA,Essence (K=10),0.0,0.0
AFJVF45JBKRTRUIHUNPG244M47RA,Random,0.0,0.0
AFJVF45JBKRTRUIHUNPG244M47RA,Popularity,0.0,0.0
AFJVF45JBKRTRUIHUNPG244M47RA,CF (ItemKNN),0.0,0.0
AFJVF45JBKRTRUIHUNPG244M47RA,Content (Avg Emb),0.0,0.0
AFJVF45JBKRTRUIHUNPG244M47RA,Last-Item,0.0,0.0
AFJVF45JBKRTRUIHUNPG244M47RA,Avg-Last-10,0.0,0.0
AFJVF45JBKRTRUIHUNPG244M47RA,Recency-Weighted,0.0,0.0
AFJVF45JBKRTRUIHUNPG244M47RA,Essence (K=10),0.0,0.0
AFJVHDTLLS5L7M6A4IAIQJHBESPA,Random,0.0,
AFJVHDTLLS5L7M6A4IAIQJHBESPA,Popularity,0.0,
AFJVHDTLLS5L7M6A4IAIQJHBESPA,CF (ItemKNN),0.0,
AFJVHDTLLS5L7M6A4IAIQJHBESPA,Content (Avg Emb),0.0,
AFJVHDTLLS5L7M6A4IAIQJHBESPA,Last-Item,0.0,
AFJVHDTLLS5L7M6A4IAIQJHBESPA,Avg-Last-10,0.0,
AFJVHDTLLS5L7M6A4IAIQJHBESPA,Recency-Weighted,0.0,
AFJVHDTLLS5L7M6A4IAIQJHBESPA,Essence (K=10),0.0,
AFJZBAUJOZKU3G4PDBZXXUS2IZJA,Random,0.0,0.0
AFJZBAUJOZKU3G4PDBZXXUS2IZJA,Popularity,0.0,0.0
AFJZBAUJOZKU3G4PDBZXXUS2IZJA,CF (ItemKNN),0.0,0.0
AFJZBAUJOZKU3G4PDBZXXUS2IZJA,Content (Avg Emb),0.0,0.0
AFJZBAUJOZKU3G4PDBZXXUS2IZJA,Last-Item,0.0,0.0
AFJZBAUJOZKU3G4PDBZXXUS2IZJA,Avg-Last-10,0.0,0.0
AFJZBAUJOZKU3G4PDBZXXUS2IZJA,Recency-Weighted,0.0,0.0
AFJZBAUJOZKU3G4PDBZXXUS2IZJA,Essence (K=10),0.0,0.0
AFJZSNVSN26BAKPUY7YHPMOVTL5A,Random,0.0,0.0
AFJZSNVSN26BAKPUY7YHPMOVTL5A,Popularity,0.0,0.0
AFJZSNVSN26BAKPUY7YHPMOVTL5A,CF (ItemKNN),0.0,0.0
AFJZSNVSN26BAKPUY7YHPMOVTL5A,Content (Avg Emb),0.0,0.0
AFJZSNVSN26BAKPUY7YHPMOVTL5A,Last-Item,0.0,0.0
AFJZSNVSN26BAKPUY7YHPMOVTL5A,Avg-Last-10,0.0,0.0
AFJZSNVSN26BAKPUY7YHPMOVTL5A,Recency-Weighted,0.0,0.0
AFJZSNVSN26BAKPUY7YHPMOVTL5A,Essence (K=10),0.0,0.0
AFK2PCAISZ6J25OHOOZ6SKF2FC5A,Random,0.0,0.0
AFK2PCAISZ6J25OHOOZ6SKF2FC5A,Popularity,0.0,0.0
AFK2PCAISZ6J25OHOOZ6SKF2FC5A,CF (ItemKNN),0.0,0.0
AFK2PCAISZ6J25OHOOZ6SKF2FC5A,Content (Avg Emb),0.0,0.0
AFK2PCAISZ6J25OHOOZ6SKF2FC5A,Last-Item,0.0,0.0
AFK2PCAISZ6J25OHOOZ6SKF2FC5A,Avg-Last-10,0.0,0.0
AFK2PCAISZ6J25OHOOZ6SKF2FC5A,Recency-Weighted,0.0,0.0
AFK2PCAISZ6J25OHOOZ6SKF2FC5A,Essence (K=10),0.0,0.0
AFK5FYUJAXV4KVKZAUMAK6PCLUGQ,Random,0.0,
AFK5FYUJAXV4KVKZAUMAK6PCLUGQ,Popularity,0.0,
AFK5FYUJAXV4KVKZAUMAK6PCLUGQ,CF (ItemKNN),0.0,
AFK5FYUJAXV4KVKZAUMAK6PCLUGQ,Content (Avg Emb),0.0,
AFK5FYUJAXV4KVKZAUMAK6PCLUGQ,Last-Item,0.0,
AFK5FYUJAXV4KVKZAUMAK6PCLUGQ,Avg-Last-10,0.0,
AFK5FYUJAXV4KVKZAUMAK6PCLUGQ,Recency-Weighted,0.0,
AFK5FYUJAXV4KVKZAUMAK6PCLUGQ,Essence (K=10),0.0,
AFK5LZPMTFNQYW6RM3R3VSIW2EUA,Random,0.0,
AFK5LZPMTFNQYW6RM3R3VSIW2EUA,Popularity,0.0,
AFK5LZPMTFNQYW6RM3R3VSIW2EUA,CF (ItemKNN),0.0,
AFK5LZPMTFNQYW6RM3R3VSIW2EUA,Content (Avg Emb),0.0,
AFK5LZPMTFNQYW6RM3R3VSIW2EUA,Last-Item,0.06666666666666667,
AFK5LZPMTFNQYW6RM3R3VSIW2EUA,Avg-Last-10,0.0,
AFK5LZPMTFNQYW6RM3R3VSIW2EUA,Recency-Weighted,0.0,
AFK5LZPMTFNQYW6RM3R3VSIW2EUA,Essence (K=10),0.0,
AFK7DN5XJLBONRMTH6CZ4VYAD2SA,Random,0.0,0.0
AFK7DN5XJLBONRMTH6CZ4VYAD2SA,Popularity,0.0,0.0
AFK7DN5XJLBONRMTH6CZ4VYAD2SA,CF (ItemKNN),0.0,0.0
AFK7DN5XJLBONRMTH6CZ4VYAD2SA,Content (Avg Emb),0.0,0.0
AFK7DN5XJLBONRMTH6CZ4VYAD2SA,Last-Item,0.0,0.0
AFK7DN5XJLBONRMTH6CZ4VYAD2SA,Avg-Last-10,0.0,0.0
AFK7DN5XJLBONRMTH6CZ4VYAD2SA,Recency-Weighted,0.0,0.0
AFK7DN5XJLBONRMTH6CZ4VYAD2SA,Essence (K=10),0.0,0.0
AFKDFVCEASIMPVGPNDUPBI3ZMEOA,Random,0.0,
AFKDFVCEASIMPVGPNDUPBI3ZMEOA,Popularity,0.0,
AFKDFVCEASIMPVGPNDUPBI3ZMEOA,CF (ItemKNN),0.0,
AFKDFVCEASIMPVGPNDUPBI3ZMEOA,Content (Avg Emb),0.14285714285714285,
AFKDFVCEASIMPVGPNDUPBI3ZMEOA,Last-Item,0.14285714285714285,
AFKDFVCEASIMPVGPNDUPBI3ZMEOA,Avg-Last-10,0.2857142857142857,
AFKDFVCEASIMPVGPNDUPBI3ZMEOA,Recency-Weighted,0.2857142857142857,
AFKDFVCEASIMPVGPNDUPBI3ZMEOA,Essence (K=10),0.2857142857142857,
AFKEBML7ERH3AXPWWEQPCHD6EN7A,Random,0.0,
AFKEBML7ERH3AXPWWEQPCHD6EN7A,Popularity,0.0,
AFKEBML7ERH3AXPWWEQPCHD6EN7A,CF (ItemKNN),0.0,
AFKEBML7ERH3AXPWWEQPCHD6EN7A,Content (Avg Emb),0.0,
AFKEBML7ERH3AXPWWEQPCHD6EN7A,Last-Item,0.0,
AFKEBML7ERH3AXPWWEQPCHD6EN7A,Avg-Last-10,0.0,
AFKEBML7ERH3AXPWWEQPCHD6EN7A,Recency-Weighted,0.0,
AFKEBML7ERH3AXPWWEQPCHD6EN7A,Essence (K=10),0.0,
AFKEE7DMAQVV6HHTRQL4H647GWPQ,Random,0.0,0.0
AFKEE7DMAQVV6HHTRQL4H647GWPQ,Popularity,0.0,0.0
AFKEE7DMAQVV6HHTRQL4H647GWPQ,CF (ItemKNN),0.0,0.0
AFKEE7DMAQVV6HHTRQL4H647GWPQ,Content (Avg Emb),0.0,0.0
AFKEE7DMAQVV6HHTRQL4H647GWPQ,Last-Item,0.0,0.0
AFKEE7DMAQVV6HHTRQL4H647GWPQ,Avg-Last-10,0.0,0.0
AFKEE7DMAQVV6HHTRQL4H647GWPQ,Recency-Weighted,0.0,0.0
AFKEE7DMAQVV6HHTRQL4H647GWPQ,Essence (K=10),0.0,0.0
AFKFJK3P7JWTVYVFXISP2UAHIZ4A,Random,0.0,
AFKFJK3P7JWTVYVFXISP2UAHIZ4A,Popularity,0.0,
AFKFJK3P7JWTVYVFXISP2UAHIZ4A,CF (ItemKNN),0.0,
AFKFJK3P7JWTVYVFXISP2UAHIZ4A,Content (Avg Emb),0.0,
AFKFJK3P7JWTVYVFXISP2UAHIZ4A,Last-Item,0.0,
AFKFJK3P7JWTVYVFXISP2UAHIZ4A,Avg-Last-10,0.0,
AFKFJK3P7JWTVYVFXISP2UAHIZ4A,Recency-Weighted,0.0,
AFKFJK3P7JWTVYVFXISP2UAHIZ4A,Essence (K=10),0.0,
AFKGYHEIUY3ZQEHG6LQGOAPN33DQ,Random,0.0,
AFKGYHEIUY3ZQEHG6LQGOAPN33DQ,Popularity,0.0,
AFKGYHEIUY3ZQEHG6LQGOAPN33DQ,CF (ItemKNN),0.0,
AFKGYHEIUY3ZQEHG6LQGOAPN33DQ,Content (Avg Emb),0.0,
AFKGYHEIUY3ZQEHG6LQGOAPN33DQ,Last-Item,0.0,
AFKGYHEIUY3ZQEHG6LQGOAPN33DQ,Avg-Last-10,0.0,
AFKGYHEIUY3ZQEHG6LQGOAPN33DQ,Recency-Weighted,0.0,
AFKGYHEIUY3ZQEHG6LQGOAPN33DQ,Essence (K=10),0.0,
AFKIOES32PKCIIMJSLWAPEUC5JXA,Random,0.0,0.0
AFKIOES32PKCIIMJSLWAPEUC5JXA,Popularity,0.0,0.0
AFKIOES32PKCIIMJSLWAPEUC5JXA,CF (ItemKNN),0.0,0.0
AFKIOES32PKCIIMJSLWAPEUC5JXA,Content (Avg Emb),0.0,0.0
AFKIOES32PKCIIMJSLWAPEUC5JXA,Last-Item,0.2,0.5
AFKIOES32PKCIIMJSLWAPEUC5JXA,Avg-Last-10,0.0,0.0
AFKIOES32PKCIIMJSLWAPEUC5JXA,Recency-Weighted,0.0,0.0
AFKIOES32PKCIIMJSLWAPEUC5JXA,Essence (K=10),0.0,0.0
AFKMT6PAHIGZY7S2WAVWIGRHBWQQ,Random,0.0,0.0
AFKMT6PAHIGZY7S2WAVWIGRHBWQQ,Popularity,0.0,0.0
AFKMT6PAHIGZY7S2WAVWIGRHBWQQ,CF (ItemKNN),0.0,0.0
AFKMT6PAHIGZY7S2WAVWIGRHBWQQ,Content (Avg Emb),0.0,0.0
AFKMT6PAHIGZY7S2WAVWIGRHBWQQ,Last-Item,0.0,0.0
AFKMT6PAHIGZY7S2WAVWIGRHBWQQ,Avg-Last-10,0.0,0.0
AFKMT6PAHIGZY7S2WAVWIGRHBWQQ,Recency-Weighted,0.0,0.0
AFKMT6PAHIGZY7S2WAVWIGRHBWQQ,Essence (K=10),0.0,0.0
AFKQ366S6F6JOQYOVRY4Z3OGASNQ,Random,0.0,0.0
AFKQ366S6F6JOQYOVRY4Z3OGASNQ,Popularity,0.0,0.0
AFKQ366S6F6JOQYOVRY4Z3OGASNQ,CF (ItemKNN),0.0,0.0
AFKQ366S6F6JOQYOVRY4Z3OGASNQ,Content (Avg Emb),0.0,0.0
AFKQ366S6F6JOQYOVRY4Z3OGASNQ,Last-Item,0.0,0.0
AFKQ366S6F6JOQYOVRY4Z3OGASNQ,Avg-Last-10,0.0,0.0
AFKQ366S6F6JOQYOVRY4Z3OGASNQ,Recency-Weighted,0.0,0.0
AFKQ366S6F6JOQYOVRY4Z3OGASNQ,Essence (K=10),0.0,0.0
AFKQOCCGK255VB77XSIVHACJ53UA,Random,0.0,0.0
AFKQOCCGK255VB77XSIVHACJ53UA,Popularity,0.0,0.0
AFKQOCCGK255VB77XSIVHACJ53UA,CF (ItemKNN),0.0,0.0
AFKQOCCGK255VB77XSIVHACJ53UA,Content (Avg Emb),0.0,0.0
AFKQOCCGK255VB77XSIVHACJ53UA,Last-Item,0.0,0.0
AFKQOCCGK255VB77XSIVHACJ53UA,Avg-Last-10,0.0,0.0
AFKQOCCGK255VB77XSIVHACJ53UA,Recency-Weighted,0.0,0.0
AFKQOCCGK255VB77XSIVHACJ53UA,Essence (K=10),0.0,0.0
AFKVNMIJ33GL6OJYD3UWAW6ZGBMA,Random,0.0,0.0
AFKVNMIJ33GL6OJYD3UWAW6ZGBMA,Popularity,0.0,0.0
AFKVNMIJ33GL6OJYD3UWAW6ZGBMA,CF (ItemKNN),0.0,0.0
AFKVNMIJ33GL6OJYD3UWAW6ZGBMA,Content (Avg Emb),0.0,0.0
AFKVNMIJ33GL6OJYD3UWAW6ZGBMA,Last-Item,0.0,0.0
AFKVNMIJ33GL6OJYD3UWAW6ZGBMA,Avg-Last-10,0.0,0.0
AFKVNMIJ33GL6OJYD3UWAW6ZGBMA,Recency-Weighted,0.0,0.0
AFKVNMIJ33GL6OJYD3UWAW6ZGBMA,Essence (K=10),0.0,0.0
AFKX6T4CODZEQ5PYGDGFHF7B6K5A,Random,0.0,
AFKX6T4CODZEQ5PYGDGFHF7B6K5A,Popularity,0.0,
AFKX6T4CODZEQ5PYGDGFHF7B6K5A,CF (ItemKNN),0.0,
AFKX6T4CODZEQ5PYGDGFHF7B6K5A,Content (Avg Emb),0.0,
AFKX6T4CODZEQ5PYGDGFHF7B6K5A,Last-Item,0.0,
AFKX6T4CODZEQ5PYGDGFHF7B6K5A,Avg-Last-10,0.16666666666666666,
AFKX6T4CODZEQ5PYGDGFHF7B6K5A,Recency-Weighted,0.0,
AFKX6T4CODZEQ5PYGDGFHF7B6K5A,Essence (K=10),0.0,
AFKYN7HWTAT6UOZ723MZYWNCOM4A,Random,0.0,0.0
AFKYN7HWTAT6UOZ723MZYWNCOM4A,Popularity,0.0,0.0
AFKYN7HWTAT6UOZ723MZYWNCOM4A,CF (ItemKNN),0.0,0.0
AFKYN7HWTAT6UOZ723MZYWNCOM4A,Content (Avg Emb),0.0,0.0
AFKYN7HWTAT6UOZ723MZYWNCOM4A,Last-Item,0.0,0.0
AFKYN7HWTAT6UOZ723MZYWNCOM4A,Avg-Last-10,0.0,0.0
AFKYN7HWTAT6UOZ723MZYWNCOM4A,Recency-Weighted,0.0,0.0
AFKYN7HWTAT6UOZ723MZYWNCOM4A,Essence (K=10),0.0,0.0
AFKZG2FKP4VESG32VJW4G65M4A4A,Random,0.0,0.0
AFKZG2FKP4VESG32VJW4G65M4A4A,Popularity,0.0,0.0
AFKZG2FKP4VESG32VJW4G65M4A4A,CF (ItemKNN),0.0,0.0
AFKZG2FKP4VESG32VJW4G65M4A4A,Content (Avg Emb),0.0,0.0
AFKZG2FKP4VESG32VJW4G65M4A4A,Last-Item,0.0,0.0
AFKZG2FKP4VESG32VJW4G65M4A4A,Avg-Last-10,0.0,0.0
AFKZG2FKP4VESG32VJW4G65M4A4A,Recency-Weighted,0.0,0.0
AFKZG2FKP4VESG32VJW4G65M4A4A,Essence (K=10),0.0,0.0
AFL2H3LTGBM43MAZ3RLH36FGSXFA,Random,0.0,
AFL2H3LTGBM43MAZ3RLH36FGSXFA,Popularity,0.0,
AFL2H3LTGBM43MAZ3RLH36FGSXFA,CF (ItemKNN),0.0,
AFL2H3LTGBM43MAZ3RLH36FGSXFA,Content (Avg Emb),0.0,
AFL2H3LTGBM43MAZ3RLH36FGSXFA,Last-Item,0.16666666666666666,
AFL2H3LTGBM43MAZ3RLH36FGSXFA,Avg-Last-10,0.0,
AFL2H3LTGBM43MAZ3RLH36FGSXFA,Recency-Weighted,0.0,
AFL2H3LTGBM43MAZ3RLH36FGSXFA,Essence (K=10),0.0,
AFL2H44UA6EUBR5BN6TP5XVFTZIQ,Random,0.0,0.0
AFL2H44UA6EUBR5BN6TP5XVFTZIQ,Popularity,0.0,0.0
AFL2H44UA6EUBR5BN6TP5XVFTZIQ,CF (ItemKNN),0.0,0.0
AFL2H44UA6EUBR5BN6TP5XVFTZIQ,Content (Avg Emb),0.0,0.0
AFL2H44UA6EUBR5BN6TP5XVFTZIQ,Last-Item,0.0,0.0
AFL2H44UA6EUBR5BN6TP5XVFTZIQ,Avg-Last-10,0.0,0.0
AFL2H44UA6EUBR5BN6TP5XVFTZIQ,Recency-Weighted,0.0,0.0
AFL2H44UA6EUBR5BN6TP5XVFTZIQ,Essence (K=10),0.0,0.0
AFL4VKXTLDZE7HSU4BCORK4H3UVA,Random,0.0,0.0
AFL4VKXTLDZE7HSU4BCORK4H3UVA,Popularity,0.0,0.0
AFL4VKXTLDZE7HSU4BCORK4H3UVA,CF (ItemKNN),0.0,0.0
AFL4VKXTLDZE7HSU4BCORK4H3UVA,Content (Avg Emb),0.0,0.0
AFL4VKXTLDZE7HSU4BCORK4H3UVA,Last-Item,0.0,0.0
AFL4VKXTLDZE7HSU4BCORK4H3UVA,Avg-Last-10,0.0,0.0
AFL4VKXTLDZE7HSU4BCORK4H3UVA,Recency-Weighted,0.0,0.0
AFL4VKXTLDZE7HSU4BCORK4H3UVA,Essence (K=10),0.0,0.0
AFL6L5WGK5EKBYKGAEMTKEZTJ75Q,Random,0.0,0.0
AFL6L5WGK5EKBYKGAEMTKEZTJ75Q,Popularity,0.0,0.0
AFL6L5WGK5EKBYKGAEMTKEZTJ75Q,CF (ItemKNN),0.0,0.0
AFL6L5WGK5EKBYKGAEMTKEZTJ75Q,Content (Avg Emb),0.0,0.0
AFL6L5WGK5EKBYKGAEMTKEZTJ75Q,Last-Item,0.0,0.0
AFL6L5WGK5EKBYKGAEMTKEZTJ75Q,Avg-Last-10,0.0,0.0
AFL6L5WGK5EKBYKGAEMTKEZTJ75Q,Recency-Weighted,0.0,0.0
AFL6L5WGK5EKBYKGAEMTKEZTJ75Q,Essence (K=10),0.0,0.0
AFLDGQVMYDQTSJPCT3WBRTNC6RJA,Random,0.0,
AFLDGQVMYDQTSJPCT3WBRTNC6RJA,Popularity,0.0,
AFLDGQVMYDQTSJPCT3WBRTNC6RJA,CF (ItemKNN),0.0,
AFLDGQVMYDQTSJPCT3WBRTNC6RJA,Content (Avg Emb),0.0,
AFLDGQVMYDQTSJPCT3WBRTNC6RJA,Last-Item,0.0,
AFLDGQVMYDQTSJPCT3WBRTNC6RJA,Avg-Last-10,0.0,
AFLDGQVMYDQTSJPCT3WBRTNC6RJA,Recency-Weighted,0.0,
AFLDGQVMYDQTSJPCT3WBRTNC6RJA,Essence (K=10),0.0,
AFLH26UL4R6BHY4KNE5IOYGYQEWA,Random,0.0,0.0
AFLH26UL4R6BHY4KNE5IOYGYQEWA,Popularity,0.0,0.0
AFLH26UL4R6BHY4KNE5IOYGYQEWA,CF (ItemKNN),0.0,0.0
AFLH26UL4R6BHY4KNE5IOYGYQEWA,Content (Avg Emb),0.0,0.0
AFLH26UL4R6BHY4KNE5IOYGYQEWA,Last-Item,0.0,0.0
AFLH26UL4R6BHY4KNE5IOYGYQEWA,Avg-Last-10,0.0,0.0
AFLH26UL4R6BHY4KNE5IOYGYQEWA,Recency-Weighted,0.0,0.0
AFLH26UL4R6BHY4KNE5IOYGYQEWA,Essence (K=10),0.0,0.0
AFLH4ELTQ5GHVJI4MAJKGQVHEKMQ,Random,0.0,
AFLH4ELTQ5GHVJI4MAJKGQVHEKMQ,Popularity,0.0,
AFLH4ELTQ5GHVJI4MAJKGQVHEKMQ,CF (ItemKNN),0.0,
AFLH4ELTQ5GHVJI4MAJKGQVHEKMQ,Content (Avg Emb),0.0,
AFLH4ELTQ5GHVJI4MAJKGQVHEKMQ,Last-Item,0.0,
AFLH4ELTQ5GHVJI4MAJKGQVHEKMQ,Avg-Last-10,0.0,
AFLH4ELTQ5GHVJI4MAJKGQVHEKMQ,Recency-Weighted,0.0,
AFLH4ELTQ5GHVJI4MAJKGQVHEKMQ,Essence (K=10),0.0,
AFLIHO5TMYCKDAP75DCOZHD53AYA,Random,0.0,0.0
AFLIHO5TMYCKDAP75DCOZHD53AYA,Popularity,0.0,0.0
AFLIHO5TMYCKDAP75DCOZHD53AYA,CF (ItemKNN),0.0,0.0
AFLIHO5TMYCKDAP75DCOZHD53AYA,Content (Avg Emb),0.0,0.0
AFLIHO5TMYCKDAP75DCOZHD53AYA,Last-Item,0.0,0.0
AFLIHO5TMYCKDAP75DCOZHD53AYA,Avg-Last-10,0.0,0.0
AFLIHO5TMYCKDAP75DCOZHD53AYA,Recency-Weighted,0.0,0.0
AFLIHO5TMYCKDAP75DCOZHD53AYA,Essence (K=10),0.0,0.0
AFLNREO7HJTWZV6VYFOMC2CZK24Q,Random,0.0,
AFLNREO7HJTWZV6VYFOMC2CZK24Q,Popularity,0.0,
AFLNREO7HJTWZV6VYFOMC2CZK24Q,CF (ItemKNN),0.0,
AFLNREO7HJTWZV6VYFOMC2CZK24Q,Content (Avg Emb),0.0,
AFLNREO7HJTWZV6VYFOMC2CZK24Q,Last-Item,0.0,
AFLNREO7HJTWZV6VYFOMC2CZK24Q,Avg-Last-10,0.0,
AFLNREO7HJTWZV6VYFOMC2CZK24Q,Recency-Weighted,0.0,
AFLNREO7HJTWZV6VYFOMC2CZK24Q,Essence (K=10),0.0,
AFLPYRBDGFSDQIJMCSSSG6RUOU6A,Random,0.0,0.0
AFLPYRBDGFSDQIJMCSSSG6RUOU6A,Popularity,0.0,0.0
AFLPYRBDGFSDQIJMCSSSG6RUOU6A,CF (ItemKNN),0.2,0.3333333333333333
AFLPYRBDGFSDQIJMCSSSG6RUOU6A,Content (Avg Emb),0.0,0.0
AFLPYRBDGFSDQIJMCSSSG6RUOU6A,Last-Item,0.0,0.0
AFLPYRBDGFSDQIJMCSSSG6RUOU6A,Avg-Last-10,0.0,0.0
AFLPYRBDGFSDQIJMCSSSG6RUOU6A,Recency-Weighted,0.0,0.0
AFLPYRBDGFSDQIJMCSSSG6RUOU6A,Essence (K=10),0.0,0.0
AFLQRGVX6KYSSTFP4RQSLNRNGBGA,Random,0.0,0.0
AFLQRGVX6KYSSTFP4RQSLNRNGBGA,Popularity,0.0,0.0
AFLQRGVX6KYSSTFP4RQSLNRNGBGA,CF (ItemKNN),0.0,0.0
AFLQRGVX6KYSSTFP4RQSLNRNGBGA,Content (Avg Emb),0.0,0.0
AFLQRGVX6KYSSTFP4RQSLNRNGBGA,Last-Item,0.0,0.0
AFLQRGVX6KYSSTFP4RQSLNRNGBGA,Avg-Last-10,0.0,0.0
AFLQRGVX6KYSSTFP4RQSLNRNGBGA,Recency-Weighted,0.0,0.0
AFLQRGVX6KYSSTFP4RQSLNRNGBGA,Essence (K=10),0.0,0.0
AFLRUEBVUFTAPFOJ4C3BP5NSLIKA,Random,0.0,0.0
AFLRUEBVUFTAPFOJ4C3BP5NSLIKA,Popularity,0.0,0.0
AFLRUEBVUFTAPFOJ4C3BP5NSLIKA,CF (ItemKNN),0.0,0.0
AFLRUEBVUFTAPFOJ4C3BP5NSLIKA,Content (Avg Emb),0.0,0.0
AFLRUEBVUFTAPFOJ4C3BP5NSLIKA,Last-Item,0.0,0.0
AFLRUEBVUFTAPFOJ4C3BP5NSLIKA,Avg-Last-10,0.0,0.0
AFLRUEBVUFTAPFOJ4C3BP5NSLIKA,Recency-Weighted,0.0,0.0
AFLRUEBVUFTAPFOJ4C3BP5NSLIKA,Essence (K=10),0.0,0.0
AFLU35U57BCPFEROJYUA37AOCXMA,Random,0.0,
AFLU35U57BCPFEROJYUA37AOCXMA,Popularity,0.0,
AFLU35U57BCPFEROJYUA37AOCXMA,CF (ItemKNN),0.0,
AFLU35U57BCPFEROJYUA37AOCXMA,Content (Avg Emb),0.0,
AFLU35U57BCPFEROJYUA37AOCXMA,Last-Item,0.0,
AFLU35U57BCPFEROJYUA37AOCXMA,Avg-Last-10,0.0,
AFLU35U57BCPFEROJYUA37AOCXMA,Recency-Weighted,0.0,
AFLU35U57BCPFEROJYUA37AOCXMA,Essence (K=10),0.0,
AFLWLINCCMSCIDGLGBMDYXI4WYGA,Random,0.0,
AFLWLINCCMSCIDGLGBMDYXI4WYGA,Popularity,0.0,
AFLWLINCCMSCIDGLGBMDYXI4WYGA,CF (ItemKNN),0.0,
AFLWLINCCMSCIDGLGBMDYXI4WYGA,Content (Avg Emb),0.0,
AFLWLINCCMSCIDGLGBMDYXI4WYGA,Last-Item,0.0,
AFLWLINCCMSCIDGLGBMDYXI4WYGA,Avg-Last-10,0.0,
AFLWLINCCMSCIDGLGBMDYXI4WYGA,Recency-Weighted,0.0,
AFLWLINCCMSCIDGLGBMDYXI4WYGA,Essence (K=10),0.0,
AFLXBL7S5O5HM732QFXXE26VIFIA,Random,0.0,0.0
AFLXBL7S5O5HM732QFXXE26VIFIA,Popularity,0.0,0.0
AFLXBL7S5O5HM732QFXXE26VIFIA,CF (ItemKNN),0.0,0.0
AFLXBL7S5O5HM732QFXXE26VIFIA,Content (Avg Emb),0.0,0.0
AFLXBL7S5O5HM732QFXXE26VIFIA,Last-Item,0.0,0.0
AFLXBL7S5O5HM732QFXXE26VIFIA,Avg-Last-10,0.0,0.0
AFLXBL7S5O5HM732QFXXE26VIFIA,Recency-Weighted,0.0,0.0
AFLXBL7S5O5HM732QFXXE26VIFIA,Essence (K=10),0.0,0.0
AFLYO3RV5HEC536Z6TA4VXDJ7G6Q,Random,0.0,0.0
AFLYO3RV5HEC536Z6TA4VXDJ7G6Q,Popularity,0.0,0.0
AFLYO3RV5HEC536Z6TA4VXDJ7G6Q,CF (ItemKNN),0.0,0.0
AFLYO3RV5HEC536Z6TA4VXDJ7G6Q,Content (Avg Emb),0.0,0.0
AFLYO3RV5HEC536Z6TA4VXDJ7G6Q,Last-Item,0.0,0.0
AFLYO3RV5HEC536Z6TA4VXDJ7G6Q,Avg-Last-10,0.0,0.0
AFLYO3RV5HEC536Z6TA4VXDJ7G6Q,Recency-Weighted,0.0,0.0
AFLYO3RV5HEC536Z6TA4VXDJ7G6Q,Essence (K=10),0.0,0.0
AFM3HJAC47E4HA4GKGURDBWXFRLQ,Random,0.0,0.0
AFM3HJAC47E4HA4GKGURDBWXFRLQ,Popularity,0.0,0.0
AFM3HJAC47E4HA4GKGURDBWXFRLQ,CF (ItemKNN),0.0,0.0
AFM3HJAC47E4HA4GKGURDBWXFRLQ,Content (Avg Emb),0.0,0.0
AFM3HJAC47E4HA4GKGURDBWXFRLQ,Last-Item,0.0,0.0
AFM3HJAC47E4HA4GKGURDBWXFRLQ,Avg-Last-10,0.0,0.0
AFM3HJAC47E4HA4GKGURDBWXFRLQ,Recency-Weighted,0.0,0.0
AFM3HJAC47E4HA4GKGURDBWXFRLQ,Essence (K=10),0.0,0.0
AFM3UNT6TON2PPRYLQF4F2ZWHQ2Q,Random,0.0,
AFM3UNT6TON2PPRYLQF4F2ZWHQ2Q,Popularity,0.0,
AFM3UNT6TON2PPRYLQF4F2ZWHQ2Q,CF (ItemKNN),0.0,
AFM3UNT6TON2PPRYLQF4F2ZWHQ2Q,Content (Avg Emb),0.0,
AFM3UNT6TON2PPRYLQF4F2ZWHQ2Q,Last-Item,0.0,
AFM3UNT6TON2PPRYLQF4F2ZWHQ2Q,Avg-Last-10,0.0,
AFM3UNT6TON2PPRYLQF4F2ZWHQ2Q,Recency-Weighted,0.0,
AFM3UNT6TON2PPRYLQF4F2ZWHQ2Q,Essence (K=10),0.0,
AFM4HNRPPSTSWQNJDH3ZNAPU2TBA,Random,0.0,0.0
AFM4HNRPPSTSWQNJDH3ZNAPU2TBA,Popularity,0.0,0.0
AFM4HNRPPSTSWQNJDH3ZNAPU2TBA,CF (ItemKNN),0.0,0.0
AFM4HNRPPSTSWQNJDH3ZNAPU2TBA,Content (Avg Emb),0.0,0.0
AFM4HNRPPSTSWQNJDH3ZNAPU2TBA,Last-Item,0.0,0.0
AFM4HNRPPSTSWQNJDH3ZNAPU2TBA,Avg-Last-10,0.0,0.0
AFM4HNRPPSTSWQNJDH3ZNAPU2TBA,Recency-Weighted,0.0,0.0
AFM4HNRPPSTSWQNJDH3ZNAPU2TBA,Essence (K=10),0.0,0.0
AFM77QXBKLMVFHFUUXG263G3HEEQ,Random,0.0,
AFM77QXBKLMVFHFUUXG263G3HEEQ,Popularity,0.0,
AFM77QXBKLMVFHFUUXG263G3HEEQ,CF (ItemKNN),0.0,
AFM77QXBKLMVFHFUUXG263G3HEEQ,Content (Avg Emb),0.0,
AFM77QXBKLMVFHFUUXG263G3HEEQ,Last-Item,0.0,
AFM77QXBKLMVFHFUUXG263G3HEEQ,Avg-Last-10,0.0,
AFM77QXBKLMVFHFUUXG263G3HEEQ,Recency-Weighted,0.0,
AFM77QXBKLMVFHFUUXG263G3HEEQ,Essence (K=10),0.0,
AFM7UZ6JPBJNAT75TXEZHTL2FDZQ,Random,0.0,0.0
AFM7UZ6JPBJNAT75TXEZHTL2FDZQ,Popularity,0.0,0.0
AFM7UZ6JPBJNAT75TXEZHTL2FDZQ,CF (ItemKNN),0.0,0.0
AFM7UZ6JPBJNAT75TXEZHTL2FDZQ,Content (Avg Emb),0.0,0.0
AFM7UZ6JPBJNAT75TXEZHTL2FDZQ,Last-Item,0.0,0.0
AFM7UZ6JPBJNAT75TXEZHTL2FDZQ,Avg-Last-10,0.0,0.0
AFM7UZ6JPBJNAT75TXEZHTL2FDZQ,Recency-Weighted,0.0,0.0
AFM7UZ6JPBJNAT75TXEZHTL2FDZQ,Essence (K=10),0.0,0.0
AFMCL56MKGN5CAPQGJFZLBW4UL4A,Random,0.0,0.0
AFMCL56MKGN5CAPQGJFZLBW4UL4A,Popularity,0.0,0.0
AFMCL56MKGN5CAPQGJFZLBW4UL4A,CF (ItemKNN),0.0,0.0
AFMCL56MKGN5CAPQGJFZLBW4UL4A,Content (Avg Emb),0.0,0.0
AFMCL56MKGN5CAPQGJFZLBW4UL4A,Last-Item,0.0,0.0
AFMCL56MKGN5CAPQGJFZLBW4UL4A,Avg-Last-10,0.0,0.0
AFMCL56MKGN5CAPQGJFZLBW4UL4A,Recency-Weighted,0.0,0.0
AFMCL56MKGN5CAPQGJFZLBW4UL4A,Essence (K=10),0.0,0.0
AFMDY7RPGBMYBPBJKYXBZHBVM7EA,Random,0.0,0.0
AFMDY7RPGBMYBPBJKYXBZHBVM7EA,Popularity,0.0,0.0
AFMDY7RPGBMYBPBJKYXBZHBVM7EA,CF (ItemKNN),0.0,0.0
AFMDY7RPGBMYBPBJKYXBZHBVM7EA,Content (Avg Emb),0.2222222222222222,1.0
AFMDY7RPGBMYBPBJKYXBZHBVM7EA,Last-Item,0.0,0.0
AFMDY7RPGBMYBPBJKYXBZHBVM7EA,Avg-Last-10,0.0,0.0
AFMDY7RPGBMYBPBJKYXBZHBVM7EA,Recency-Weighted,0.0,0.0
AFMDY7RPGBMYBPBJKYXBZHBVM7EA,Essence (K=10),0.0,0.0
AFMG74ZXHJ2XIJW5OUELTC5KRPKA,Random,0.0,0.0
AFMG74ZXHJ2XIJW5OUELTC5KRPKA,Popularity,0.0,0.0
AFMG74ZXHJ2XIJW5OUELTC5KRPKA,CF (ItemKNN),0.0,0.0
AFMG74ZXHJ2XIJW5OUELTC5KRPKA,Content (Avg Emb),0.0,0.0
AFMG74ZXHJ2XIJW5OUELTC5KRPKA,Last-Item,0.0,0.0
AFMG74ZXHJ2XIJW5OUELTC5KRPKA,Avg-Last-10,0.0,0.0
AFMG74ZXHJ2XIJW5OUELTC5KRPKA,Recency-Weighted,0.0,0.0
AFMG74ZXHJ2XIJW5OUELTC5KRPKA,Essence (K=10),0.0,0.0
AFMGBFQGEGCRSBP4KKCUARXXJ5EA,Random,0.0,0.0
AFMGBFQGEGCRSBP4KKCUARXXJ5EA,Popularity,0.0,0.0
AFMGBFQGEGCRSBP4KKCUARXXJ5EA,CF (ItemKNN),0.0,0.0
AFMGBFQGEGCRSBP4KKCUARXXJ5EA,Content (Avg Emb),0.0,0.0
AFMGBFQGEGCRSBP4KKCUARXXJ5EA,Last-Item,0.0,0.0
AFMGBFQGEGCRSBP4KKCUARXXJ5EA,Avg-Last-10,0.0,0.0
AFMGBFQGEGCRSBP4KKCUARXXJ5EA,Recency-Weighted,0.0,0.0
AFMGBFQGEGCRSBP4KKCUARXXJ5EA,Essence (K=10),0.0,0.0
AFMOSH4ALUTMCOL2SPMA4PBGMAYQ,Random,0.0,
AFMOSH4ALUTMCOL2SPMA4PBGMAYQ,Popularity,0.0,
AFMOSH4ALUTMCOL2SPMA4PBGMAYQ,CF (ItemKNN),0.0,
AFMOSH4ALUTMCOL2SPMA4PBGMAYQ,Content (Avg Emb),0.0,
AFMOSH4ALUTMCOL2SPMA4PBGMAYQ,Last-Item,0.0,
AFMOSH4ALUTMCOL2SPMA4PBGMAYQ,Avg-Last-10,0.0,
AFMOSH4ALUTMCOL2SPMA4PBGMAYQ,Recency-Weighted,0.0,
AFMOSH4ALUTMCOL2SPMA4PBGMAYQ,Essence (K=10),0.0,
AFMPIAFQ36MHHXS6B23W77G4BMJQ,Random,0.0,
AFMPIAFQ36MHHXS6B23W77G4BMJQ,Popularity,0.0,
AFMPIAFQ36MHHXS6B23W77G4BMJQ,CF (ItemKNN),0.0,
AFMPIAFQ36MHHXS6B23W77G4BMJQ,Content (Avg Emb),0.0,
AFMPIAFQ36MHHXS6B23W77G4BMJQ,Last-Item,0.0,
AFMPIAFQ36MHHXS6B23W77G4BMJQ,Avg-Last-10,0.0,
AFMPIAFQ36MHHXS6B23W77G4BMJQ,Recency-Weighted,0.0,
AFMPIAFQ36MHHXS6B23W77G4BMJQ,Essence (K=10),0.0,
AFMVLA73TGNVT7IXL4Q5KQRKXB3Q,Random,0.0,
AFMVLA73TGNVT7IXL4Q5KQRKXB3Q,Popularity,0.0,
AFMVLA73TGNVT7IXL4Q5KQRKXB3Q,CF (ItemKNN),0.0,
AFMVLA73TGNVT7IXL4Q5KQRKXB3Q,Content (Avg Emb),0.0,
AFMVLA73TGNVT7IXL4Q5KQRKXB3Q,Last-Item,0.0,
AFMVLA73TGNVT7IXL4Q5KQRKXB3Q,Avg-Last-10,0.0,
AFMVLA73TGNVT7IXL4Q5KQRKXB3Q,Recency-Weighted,0.0,
AFMVLA73TGNVT7IXL4Q5KQRKXB3Q,Essence (K=10),0.0,
AFMW43XN3ERFNSZ2HTR5VBBX3DPQ,Random,0.0,0.0
AFMW43XN3ERFNSZ2HTR5VBBX3DPQ,Popularity,0.0,0.0
AFMW43XN3ERFNSZ2HTR5VBBX3DPQ,CF (ItemKNN),0.0,0.0
AFMW43XN3ERFNSZ2HTR5VBBX3DPQ,Content (Avg Emb),0.0,0.0
AFMW43XN3ERFNSZ2HTR5VBBX3DPQ,Last-Item,0.0,0.0
AFMW43XN3ERFNSZ2HTR5VBBX3DPQ,Avg-Last-10,0.0,0.0
AFMW43XN3ERFNSZ2HTR5VBBX3DPQ,Recency-Weighted,0.0,0.0
AFMW43XN3ERFNSZ2HTR5VBBX3DPQ,Essence (K=10),0.0,0.0
AFMWAUAZC2Z6KNRSPYSTBCG73GIA,Random,0.0,
AFMWAUAZC2Z6KNRSPYSTBCG73GIA,Popularity,0.0,
AFMWAUAZC2Z6KNRSPYSTBCG73GIA,CF (ItemKNN),0.0,
AFMWAUAZC2Z6KNRSPYSTBCG73GIA,Content (Avg Emb),0.0,
AFMWAUAZC2Z6KNRSPYSTBCG73GIA,Last-Item,0.0,
AFMWAUAZC2Z6KNRSPYSTBCG73GIA,Avg-Last-10,0.0,
AFMWAUAZC2Z6KNRSPYSTBCG73GIA,Recency-Weighted,0.0,
AFMWAUAZC2Z6KNRSPYSTBCG73GIA,Essence (K=10),0.0,
AFMX5EPNDWSH4UTA4WFK3FCHOVAA,Random,0.05263157894736842,0.0
AFMX5EPNDWSH4UTA4WFK3FCHOVAA,Popularity,0.0,0.0
AFMX5EPNDWSH4UTA4WFK3FCHOVAA,CF (ItemKNN),0.0,0.0
AFMX5EPNDWSH4UTA4WFK3FCHOVAA,Content (Avg Emb),0.0,0.0
AFMX5EPNDWSH4UTA4WFK3FCHOVAA,Last-Item,0.47368421052631576,0.0
AFMX5EPNDWSH4UTA4WFK3FCHOVAA,Avg-Last-10,0.0,0.0
AFMX5EPNDWSH4UTA4WFK3FCHOVAA,Recency-Weighted,0.0,0.0
AFMX5EPNDWSH4UTA4WFK3FCHOVAA,Essence (K=10),0.0,0.0
AFMZGN6V5ZE6CAXIZJ2DITOXSXQQ,Random,0.0,0.0
AFMZGN6V5ZE6CAXIZJ2DITOXSXQQ,Popularity,0.0,0.0
AFMZGN6V5ZE6CAXIZJ2DITOXSXQQ,CF (ItemKNN),0.0,0.0
AFMZGN6V5ZE6CAXIZJ2DITOXSXQQ,Content (Avg Emb),0.0,0.0
AFMZGN6V5ZE6CAXIZJ2DITOXSXQQ,Last-Item,0.0,0.0
AFMZGN6V5ZE6CAXIZJ2DITOXSXQQ,Avg-Last-10,0.0,0.0
AFMZGN6V5ZE6CAXIZJ2DITOXSXQQ,Recency-Weighted,0.0,0.0
AFMZGN6V5ZE6CAXIZJ2DITOXSXQQ,Essence (K=10),0.0,0.0
AFN2QABCUTNEQKABDB3YHWFXBBTA,Random,0.0,
AFN2QABCUTNEQKABDB3YHWFXBBTA,Popularity,0.0,
AFN2QABCUTNEQKABDB3YHWFXBBTA,CF (ItemKNN),0.0,
AFN2QABCUTNEQKABDB3YHWFXBBTA,Content (Avg Emb),0.0,
AFN2QABCUTNEQKABDB3YHWFXBBTA,Last-Item,0.0,
AFN2QABCUTNEQKABDB3YHWFXBBTA,Avg-Last-10,0.0,
AFN2QABCUTNEQKABDB3YHWFXBBTA,Recency-Weighted,0.0,
AFN2QABCUTNEQKABDB3YHWFXBBTA,Essence (K=10),0.0,
AFN7NRSSCCUOITWQTGYMVMPFW5VA,Random,0.0,0.0
AFN7NRSSCCUOITWQTGYMVMPFW5VA,Popularity,0.0,0.0
AFN7NRSSCCUOITWQTGYMVMPFW5VA,CF (ItemKNN),0.0,0.0
AFN7NRSSCCUOITWQTGYMVMPFW5VA,Content (Avg Emb),0.0,0.0
AFN7NRSSCCUOITWQTGYMVMPFW5VA,Last-Item,0.0,0.0
AFN7NRSSCCUOITWQTGYMVMPFW5VA,Avg-Last-10,0.0,0.0
AFN7NRSSCCUOITWQTGYMVMPFW5VA,Recency-Weighted,0.0,0.0
AFN7NRSSCCUOITWQTGYMVMPFW5VA,Essence (K=10),0.09090909090909091,0.0
AFNBPXD3XMLMSN35CL3NCCPLVTMA,Random,0.0,0.0
AFNBPXD3XMLMSN35CL3NCCPLVTMA,Popularity,0.0,0.0
AFNBPXD3XMLMSN35CL3NCCPLVTMA,CF (ItemKNN),0.0,0.0
AFNBPXD3XMLMSN35CL3NCCPLVTMA,Content (Avg Emb),0.0,0.0
AFNBPXD3XMLMSN35CL3NCCPLVTMA,Last-Item,0.0,0.0
AFNBPXD3XMLMSN35CL3NCCPLVTMA,Avg-Last-10,0.0,0.0
AFNBPXD3XMLMSN35CL3NCCPLVTMA,Recency-Weighted,0.0,0.0
AFNBPXD3XMLMSN35CL3NCCPLVTMA,Essence (K=10),0.0,0.0
AFNDNOCTD2GTDNO4NUDEWP7AIHNQ,Random,0.0,0.0
AFNDNOCTD2GTDNO4NUDEWP7AIHNQ,Popularity,0.0,0.0
AFNDNOCTD2GTDNO4NUDEWP7AIHNQ,CF (ItemKNN),0.0,0.0
AFNDNOCTD2GTDNO4NUDEWP7AIHNQ,Content (Avg Emb),0.0,0.0
AFNDNOCTD2GTDNO4NUDEWP7AIHNQ,Last-Item,0.0,0.0
AFNDNOCTD2GTDNO4NUDEWP7AIHNQ,Avg-Last-10,0.0,0.0
AFNDNOCTD2GTDNO4NUDEWP7AIHNQ,Recency-Weighted,0.0,0.0
AFNDNOCTD2GTDNO4NUDEWP7AIHNQ,Essence (K=10),0.0,0.0
AFNFT2WMA5IFUJ5RZKGSTGRIAFMA,Random,0.0,0.0
AFNFT2WMA5IFUJ5RZKGSTGRIAFMA,Popularity,0.0,0.0
AFNFT2WMA5IFUJ5RZKGSTGRIAFMA,CF (ItemKNN),0.0,0.0
AFNFT2WMA5IFUJ5RZKGSTGRIAFMA,Content (Avg Emb),0.0,0.0
AFNFT2WMA5IFUJ5RZKGSTGRIAFMA,Last-Item,0.0,0.0
AFNFT2WMA5IFUJ5RZKGSTGRIAFMA,Avg-Last-10,0.0,0.0
AFNFT2WMA5IFUJ5RZKGSTGRIAFMA,Recency-Weighted,0.0,0.0
AFNFT2WMA5IFUJ5RZKGSTGRIAFMA,Essence (K=10),0.0,0.0
AFNIDUCZVGK46BHWRZZ4VCCMDAJQ,Random,0.0,
AFNIDUCZVGK46BHWRZZ4VCCMDAJQ,Popularity,0.0,
AFNIDUCZVGK46BHWRZZ4VCCMDAJQ,CF (ItemKNN),0.0,
AFNIDUCZVGK46BHWRZZ4VCCMDAJQ,Content (Avg Emb),0.0,
AFNIDUCZVGK46BHWRZZ4VCCMDAJQ,Last-Item,0.0,
AFNIDUCZVGK46BHWRZZ4VCCMDAJQ,Avg-Last-10,0.0,
AFNIDUCZVGK46BHWRZZ4VCCMDAJQ,Recency-Weighted,0.0,
AFNIDUCZVGK46BHWRZZ4VCCMDAJQ,Essence (K=10),0.0,
AFNIUJS4UH6XF52URX4GHUIGIU5A,Random,0.0,
AFNIUJS4UH6XF52URX4GHUIGIU5A,Popularity,0.0,
AFNIUJS4UH6XF52URX4GHUIGIU5A,CF (ItemKNN),0.0,
AFNIUJS4UH6XF52URX4GHUIGIU5A,Content (Avg Emb),0.0,
AFNIUJS4UH6XF52URX4GHUIGIU5A,Last-Item,0.0,
AFNIUJS4UH6XF52URX4GHUIGIU5A,Avg-Last-10,0.0,
AFNIUJS4UH6XF52URX4GHUIGIU5A,Recency-Weighted,0.0,
AFNIUJS4UH6XF52URX4GHUIGIU5A,Essence (K=10),0.0,
AFNJ5AIDUGNREW73XR4EA5KBLFZA,Random,0.0,0.0
AFNJ5AIDUGNREW73XR4EA5KBLFZA,Popularity,0.0,0.0
AFNJ5AIDUGNREW73XR4EA5KBLFZA,CF (ItemKNN),0.0,0.0
AFNJ5AIDUGNREW73XR4EA5KBLFZA,Content (Avg Emb),0.0,0.0
AFNJ5AIDUGNREW73XR4EA5KBLFZA,Last-Item,0.0,0.0
AFNJ5AIDUGNREW73XR4EA5KBLFZA,Avg-Last-10,0.0,0.0
AFNJ5AIDUGNREW73XR4EA5KBLFZA,Recency-Weighted,0.0,0.0
AFNJ5AIDUGNREW73XR4EA5KBLFZA,Essence (K=10),0.0,0.0
AFNKYWKYPNFS3HB64VPHU2OH5MGA,Random,0.0,
AFNKYWKYPNFS3HB64VPHU2OH5MGA,Popularity,0.0,
AFNKYWKYPNFS3HB64VPHU2OH5MGA,CF (ItemKNN),0.0,
AFNKYWKYPNFS3HB64VPHU2OH5MGA,Content (Avg Emb),0.0,
AFNKYWKYPNFS3HB64VPHU2OH5MGA,Last-Item,0.0,
AFNKYWKYPNFS3HB64VPHU2OH5MGA,Avg-Last-10,0.0,
AFNKYWKYPNFS3HB64VPHU2OH5MGA,Recency-Weighted,0.0,
AFNKYWKYPNFS3HB64VPHU2OH5MGA,Essence (K=10),0.0,
AFNL56JKQDOWBS4Q5PTGRRRWZJ2Q,Random,0.0,
AFNL56JKQDOWBS4Q5PTGRRRWZJ2Q,Popularity,0.0,
AFNL56JKQDOWBS4Q5PTGRRRWZJ2Q,CF (ItemKNN),0.0,
AFNL56JKQDOWBS4Q5PTGRRRWZJ2Q,Content (Avg Emb),0.0,
AFNL56JKQDOWBS4Q5PTGRRRWZJ2Q,Last-Item,0.0,
AFNL56JKQDOWBS4Q5PTGRRRWZJ2Q,Avg-Last-10,0.0,
AFNL56JKQDOWBS4Q5PTGRRRWZJ2Q,Recency-Weighted,0.0,
AFNL56JKQDOWBS4Q5PTGRRRWZJ2Q,Essence (K=10),0.0,
AFNMCVCPM2AIBI4ZG6CCYYQOM7XA,Random,0.0,
AFNMCVCPM2AIBI4ZG6CCYYQOM7XA,Popularity,0.0,
AFNMCVCPM2AIBI4ZG6CCYYQOM7XA,CF (ItemKNN),0.0,
AFNMCVCPM2AIBI4ZG6CCYYQOM7XA,Content (Avg Emb),0.0,
AFNMCVCPM2AIBI4ZG6CCYYQOM7XA,Last-Item,0.0,
AFNMCVCPM2AIBI4ZG6CCYYQOM7XA,Avg-Last-10,0.0,
AFNMCVCPM2AIBI4ZG6CCYYQOM7XA,Recency-Weighted,0.0,
AFNMCVCPM2AIBI4ZG6CCYYQOM7XA,Essence (K=10),0.0,
AFNMWH6QIXMJDRVXK7I7BY5IDR3A,Random,0.0,0.0
AFNMWH6QIXMJDRVXK7I7BY5IDR3A,Popularity,0.0,0.0
AFNMWH6QIXMJDRVXK7I7BY5IDR3A,CF (ItemKNN),0.0,0.0
AFNMWH6QIXMJDRVXK7I7BY5IDR3A,Content (Avg Emb),0.0,0.0
AFNMWH6QIXMJDRVXK7I7BY5IDR3A,Last-Item,0.0,0.0
AFNMWH6QIXMJDRVXK7I7BY5IDR3A,Avg-Last-10,0.0,0.0
AFNMWH6QIXMJDRVXK7I7BY5IDR3A,Recency-Weighted,0.16666666666666666,0.0
AFNMWH6QIXMJDRVXK7I7BY5IDR3A,Essence (K=10),0.0,0.0
AFNOYV4MKKDHSY3XTR7CF5C5FQZQ,Random,0.0,
AFNOYV4MKKDHSY3XTR7CF5C5FQZQ,Popularity,0.0,
AFNOYV4MKKDHSY3XTR7CF5C5FQZQ,CF (ItemKNN),0.0,
AFNOYV4MKKDHSY3XTR7CF5C5FQZQ,Content (Avg Emb),0.0,
AFNOYV4MKKDHSY3XTR7CF5C5FQZQ,Last-Item,0.0,
AFNOYV4MKKDHSY3XTR7CF5C5FQZQ,Avg-Last-10,0.0,
AFNOYV4MKKDHSY3XTR7CF5C5FQZQ,Recency-Weighted,0.0,
AFNOYV4MKKDHSY3XTR7CF5C5FQZQ,Essence (K=10),0.0,
AFNP4YKWKCWTHLPLJ7JEFIX6YYNQ,Random,0.0,
AFNP4YKWKCWTHLPLJ7JEFIX6YYNQ,Popularity,0.0,
AFNP4YKWKCWTHLPLJ7JEFIX6YYNQ,CF (ItemKNN),0.0,
AFNP4YKWKCWTHLPLJ7JEFIX6YYNQ,Content (Avg Emb),0.0,
AFNP4YKWKCWTHLPLJ7JEFIX6YYNQ,Last-Item,0.0,
AFNP4YKWKCWTHLPLJ7JEFIX6YYNQ,Avg-Last-10,0.0,
AFNP4YKWKCWTHLPLJ7JEFIX6YYNQ,Recency-Weighted,0.0,
AFNP4YKWKCWTHLPLJ7JEFIX6YYNQ,Essence (K=10),0.0,
AFNSR7N6SEYHFWLTQ5OAB4HKHAZA,Random,0.0,
AFNSR7N6SEYHFWLTQ5OAB4HKHAZA,Popularity,0.0,
AFNSR7N6SEYHFWLTQ5OAB4HKHAZA,CF (ItemKNN),0.0,
AFNSR7N6SEYHFWLTQ5OAB4HKHAZA,Content (Avg Emb),0.0,
AFNSR7N6SEYHFWLTQ5OAB4HKHAZA,Last-Item,0.0,
AFNSR7N6SEYHFWLTQ5OAB4HKHAZA,Avg-Last-10,0.0,
AFNSR7N6SEYHFWLTQ5OAB4HKHAZA,Recency-Weighted,0.25,
AFNSR7N6SEYHFWLTQ5OAB4HKHAZA,Essence (K=10),0.0,
AFNWGUALDW7YKZ7I5RK23YDRH2CQ,Random,0.0,0.0
AFNWGUALDW7YKZ7I5RK23YDRH2CQ,Popularity,0.0,0.0
AFNWGUALDW7YKZ7I5RK23YDRH2CQ,CF (ItemKNN),0.0,0.0
AFNWGUALDW7YKZ7I5RK23YDRH2CQ,Content (Avg Emb),0.0,0.0
AFNWGUALDW7YKZ7I5RK23YDRH2CQ,Last-Item,0.0,0.0
AFNWGUALDW7YKZ7I5RK23YDRH2CQ,Avg-Last-10,0.0,0.0
AFNWGUALDW7YKZ7I5RK23YDRH2CQ,Recency-Weighted,0.0,0.0
AFNWGUALDW7YKZ7I5RK23YDRH2CQ,Essence (K=10),0.0,0.0
AFO2CDNY54XSMHLG2EBY3NQTKKUQ,Random,0.0,0.0
AFO2CDNY54XSMHLG2EBY3NQTKKUQ,Popularity,0.0,0.0
AFO2CDNY54XSMHLG2EBY3NQTKKUQ,CF (ItemKNN),0.0,0.0
AFO2CDNY54XSMHLG2EBY3NQTKKUQ,Content (Avg Emb),0.0,0.0
AFO2CDNY54XSMHLG2EBY3NQTKKUQ,Last-Item,0.0,0.0
AFO2CDNY54XSMHLG2EBY3NQTKKUQ,Avg-Last-10,0.0,0.0
AFO2CDNY54XSMHLG2EBY3NQTKKUQ,Recency-Weighted,0.0,0.0
AFO2CDNY54XSMHLG2EBY3NQTKKUQ,Essence (K=10),0.0,0.0
AFO4BFHMLIZNLUB6VKQF7TIGNGOA,Random,0.0,0.0
AFO4BFHMLIZNLUB6VKQF7TIGNGOA,Popularity,0.0,0.0
AFO4BFHMLIZNLUB6VKQF7TIGNGOA,CF (ItemKNN),0.0,0.0
AFO4BFHMLIZNLUB6VKQF7TIGNGOA,Content (Avg Emb),0.0,0.0
AFO4BFHMLIZNLUB6VKQF7TIGNGOA,Last-Item,0.0,0.0
AFO4BFHMLIZNLUB6VKQF7TIGNGOA,Avg-Last-10,0.0,0.0
AFO4BFHMLIZNLUB6VKQF7TIGNGOA,Recency-Weighted,0.0,0.0
AFO4BFHMLIZNLUB6VKQF7TIGNGOA,Essence (K=10),0.0,0.0
AFO5F47HDKP4CB2W3GSCIP772WSQ,Random,0.0,0.0
AFO5F47HDKP4CB2W3GSCIP772WSQ,Popularity,0.0,0.0
AFO5F47HDKP4CB2W3GSCIP772WSQ,CF (ItemKNN),0.0,0.0
AFO5F47HDKP4CB2W3GSCIP772WSQ,Content (Avg Emb),0.0,0.0
AFO5F47HDKP4CB2W3GSCIP772WSQ,Last-Item,0.0,0.0
AFO5F47HDKP4CB2W3GSCIP772WSQ,Avg-Last-10,0.0,0.0
AFO5F47HDKP4CB2W3GSCIP772WSQ,Recency-Weighted,0.0,0.0
AFO5F47HDKP4CB2W3GSCIP772WSQ,Essence (K=10),0.0,0.0
AFO7J2YRPLDQL4WQLCBG2A6KHA3Q,Random,0.0,
AFO7J2YRPLDQL4WQLCBG2A6KHA3Q,Popularity,0.0,
AFO7J2YRPLDQL4WQLCBG2A6KHA3Q,CF (ItemKNN),0.0,
AFO7J2YRPLDQL4WQLCBG2A6KHA3Q,Content (Avg Emb),0.0,
AFO7J2YRPLDQL4WQLCBG2A6KHA3Q,Last-Item,0.0,
AFO7J2YRPLDQL4WQLCBG2A6KHA3Q,Avg-Last-10,0.0,
AFO7J2YRPLDQL4WQLCBG2A6KHA3Q,Recency-Weighted,0.0,
AFO7J2YRPLDQL4WQLCBG2A6KHA3Q,Essence (K=10),0.0,
AFODT3I3PFODE4CN5PUFHKCYC2EA,Random,0.0,0.0
AFODT3I3PFODE4CN5PUFHKCYC2EA,Popularity,0.0,0.0
AFODT3I3PFODE4CN5PUFHKCYC2EA,CF (ItemKNN),0.0,0.0
AFODT3I3PFODE4CN5PUFHKCYC2EA,Content (Avg Emb),0.0,0.0
AFODT3I3PFODE4CN5PUFHKCYC2EA,Last-Item,0.0,0.0
AFODT3I3PFODE4CN5PUFHKCYC2EA,Avg-Last-10,0.0,0.0
AFODT3I3PFODE4CN5PUFHKCYC2EA,Recency-Weighted,0.0,0.0
AFODT3I3PFODE4CN5PUFHKCYC2EA,Essence (K=10),0.0,0.0
AFOGBA7EFTIJ4XKCWLS3Z4CNJKVA,Random,0.0,0.0
AFOGBA7EFTIJ4XKCWLS3Z4CNJKVA,Popularity,0.0,0.0
AFOGBA7EFTIJ4XKCWLS3Z4CNJKVA,CF (ItemKNN),0.0,0.0
AFOGBA7EFTIJ4XKCWLS3Z4CNJKVA,Content (Avg Emb),0.0,0.0
AFOGBA7EFTIJ4XKCWLS3Z4CNJKVA,Last-Item,0.1111111111111111,0.0
AFOGBA7EFTIJ4XKCWLS3Z4CNJKVA,Avg-Last-10,0.0,0.0
AFOGBA7EFTIJ4XKCWLS3Z4CNJKVA,Recency-Weighted,0.0,0.0
AFOGBA7EFTIJ4XKCWLS3Z4CNJKVA,Essence (K=10),0.0,0.0
AFOIOTHZNZCHF7Q3QZ6YADHH5RJQ,Random,0.0,
AFOIOTHZNZCHF7Q3QZ6YADHH5RJQ,Popularity,0.0,
AFOIOTHZNZCHF7Q3QZ6YADHH5RJQ,CF (ItemKNN),0.0,
AFOIOTHZNZCHF7Q3QZ6YADHH5RJQ,Content (Avg Emb),0.07142857142857142,
AFOIOTHZNZCHF7Q3QZ6YADHH5RJQ,Last-Item,0.2857142857142857,
AFOIOTHZNZCHF7Q3QZ6YADHH5RJQ,Avg-Last-10,0.21428571428571427,
AFOIOTHZNZCHF7Q3QZ6YADHH5RJQ,Recency-Weighted,0.21428571428571427,
AFOIOTHZNZCHF7Q3QZ6YADHH5RJQ,Essence (K=10),0.2857142857142857,
AFOPNMEKMPCNZUKH75Q532TEJ6PQ,Random,0.0,
AFOPNMEKMPCNZUKH75Q532TEJ6PQ,Popularity,0.0,
AFOPNMEKMPCNZUKH75Q532TEJ6PQ,CF (ItemKNN),0.0,
AFOPNMEKMPCNZUKH75Q532TEJ6PQ,Content (Avg Emb),0.0,
AFOPNMEKMPCNZUKH75Q532TEJ6PQ,Last-Item,0.0,
AFOPNMEKMPCNZUKH75Q532TEJ6PQ,Avg-Last-10,0.0,
AFOPNMEKMPCNZUKH75Q532TEJ6PQ,Recency-Weighted,0.0,
AFOPNMEKMPCNZUKH75Q532TEJ6PQ,Essence (K=10),0.0,
AFOVFSG4CTUO2Y2NGQ32DZYDVXXQ,Random,0.0,
AFOVFSG4CTUO2Y2NGQ32DZYDVXXQ,Popularity,0.0,
AFOVFSG4CTUO2Y2NGQ32DZYDVXXQ,CF (ItemKNN),0.0,
AFOVFSG4CTUO2Y2NGQ32DZYDVXXQ,Content (Avg Emb),0.0,
AFOVFSG4CTUO2Y2NGQ32DZYDVXXQ,Last-Item,0.0,
AFOVFSG4CTUO2Y2NGQ32DZYDVXXQ,Avg-Last-10,0.0,
AFOVFSG4CTUO2Y2NGQ32DZYDVXXQ,Recency-Weighted,0.0,
AFOVFSG4CTUO2Y2NGQ32DZYDVXXQ,Essence (K=10),0.0,
AFOYBXZA6UK4YT32LKYCZLCQG3VQ,Random,0.0,
AFOYBXZA6UK4YT32LKYCZLCQG3VQ,Popularity,0.0,
AFOYBXZA6UK4YT32LKYCZLCQG3VQ,CF (ItemKNN),0.0,
AFOYBXZA6UK4YT32LKYCZLCQG3VQ,Content (Avg Emb),0.0,
AFOYBXZA6UK4YT32LKYCZLCQG3VQ,Last-Item,0.2,
AFOYBXZA6UK4YT32LKYCZLCQG3VQ,Avg-Last-10,0.0,
AFOYBXZA6UK4YT32LKYCZLCQG3VQ,Recency-Weighted,0.0,
AFOYBXZA6UK4YT32LKYCZLCQG3VQ,Essence (K=10),0.2,
AFP3S7ZMNAMS22R2KS4JWQEK2HQA,Random,0.0,
AFP3S7ZMNAMS22R2KS4JWQEK2HQA,Popularity,0.0,
AFP3S7ZMNAMS22R2KS4JWQEK2HQA,CF (ItemKNN),0.0,
AFP3S7ZMNAMS22R2KS4JWQEK2HQA,Content (Avg Emb),0.0,
AFP3S7ZMNAMS22R2KS4JWQEK2HQA,Last-Item,0.0,
AFP3S7ZMNAMS22R2KS4JWQEK2HQA,Avg-Last-10,0.0,
AFP3S7ZMNAMS22R2KS4JWQEK2HQA,Recency-Weighted,0.0,
AFP3S7ZMNAMS22R2KS4JWQEK2HQA,Essence (K=10),0.0,
AFP46UGEXGAKTDJPGII5R62KFDUQ,Random,0.0,0.0
AFP46UGEXGAKTDJPGII5R62KFDUQ,Popularity,0.0,0.0
AFP46UGEXGAKTDJPGII5R62KFDUQ,CF (ItemKNN),0.0,0.0
AFP46UGEXGAKTDJPGII5R62KFDUQ,Content (Avg Emb),0.0,0.0
AFP46UGEXGAKTDJPGII5R62KFDUQ,Last-Item,0.0,0.0
AFP46UGEXGAKTDJPGII5R62KFDUQ,Avg-Last-10,0.0,0.0
AFP46UGEXGAKTDJPGII5R62KFDUQ,Recency-Weighted,0.0,0.0
AFP46UGEXGAKTDJPGII5R62KFDUQ,Essence (K=10),0.0,0.0
AFP4MH7VLNYULKMFWDZ7CBLGRB6Q,Random,0.0,0.0
AFP4MH7VLNYULKMFWDZ7CBLGRB6Q,Popularity,0.0,0.0
AFP4MH7VLNYULKMFWDZ7CBLGRB6Q,CF (ItemKNN),0.0,0.0
AFP4MH7VLNYULKMFWDZ7CBLGRB6Q,Content (Avg Emb),0.0,0.0
AFP4MH7VLNYULKMFWDZ7CBLGRB6Q,Last-Item,0.0,0.0
AFP4MH7VLNYULKMFWDZ7CBLGRB6Q,Avg-Last-10,0.0,0.0
AFP4MH7VLNYULKMFWDZ7CBLGRB6Q,Recency-Weighted,0.0,0.0
AFP4MH7VLNYULKMFWDZ7CBLGRB6Q,Essence (K=10),0.0,0.0
AFP53BRNYQ2JP2RSAFDQIAKCIAOQ,Random,0.0,0.0
AFP53BRNYQ2JP2RSAFDQIAKCIAOQ,Popularity,0.0,0.0
AFP53BRNYQ2JP2RSAFDQIAKCIAOQ,CF (ItemKNN),0.0,0.0
AFP53BRNYQ2JP2RSAFDQIAKCIAOQ,Content (Avg Emb),0.0,0.0
AFP53BRNYQ2JP2RSAFDQIAKCIAOQ,Last-Item,0.0,0.0
AFP53BRNYQ2JP2RSAFDQIAKCIAOQ,Avg-Last-10,0.0,0.0
AFP53BRNYQ2JP2RSAFDQIAKCIAOQ,Recency-Weighted,0.0,0.0
AFP53BRNYQ2JP2RSAFDQIAKCIAOQ,Essence (K=10),0.0,0.0
AFP5GFZ5OVDJLC62MZNZ6L6DEQ6A,Random,0.0,0.0
AFP5GFZ5OVDJLC62MZNZ6L6DEQ6A,Popularity,0.0,0.0
AFP5GFZ5OVDJLC62MZNZ6L6DEQ6A,CF (ItemKNN),0.0,0.0
AFP5GFZ5OVDJLC62MZNZ6L6DEQ6A,Content (Avg Emb),0.0,0.0
AFP5GFZ5OVDJLC62MZNZ6L6DEQ6A,Last-Item,0.0,0.0
AFP5GFZ5OVDJLC62MZNZ6L6DEQ6A,Avg-Last-10,0.0,0.0
AFP5GFZ5OVDJLC62MZNZ6L6DEQ6A,Recency-Weighted,0.0,0.0
AFP5GFZ5OVDJLC62MZNZ6L6DEQ6A,Essence (K=10),0.0,0.0
AFP7726G6O3AFTYULNNJY7ENXIJA,Random,0.0,0.0
AFP7726G6O3AFTYULNNJY7ENXIJA,Popularity,0.0,0.0
AFP7726G6O3AFTYULNNJY7ENXIJA,CF (ItemKNN),0.0,0.0
AFP7726G6O3AFTYULNNJY7ENXIJA,Content (Avg Emb),0.0,0.0
AFP7726G6O3AFTYULNNJY7ENXIJA,Last-Item,0.0,0.0
AFP7726G6O3AFTYULNNJY7ENXIJA,Avg-Last-10,0.0,0.0
AFP7726G6O3AFTYULNNJY7ENXIJA,Recency-Weighted,0.0,0.0
AFP7726G6O3AFTYULNNJY7ENXIJA,Essence (K=10),0.0,0.0
AFP7WU3HHZTU2IPGBPMWPVPRW4FA,Random,0.0,0.0
AFP7WU3HHZTU2IPGBPMWPVPRW4FA,Popularity,0.0,0.0
AFP7WU3HHZTU2IPGBPMWPVPRW4FA,CF (ItemKNN),0.0,0.0
AFP7WU3HHZTU2IPGBPMWPVPRW4FA,Content (Avg Emb),0.0,0.0
AFP7WU3HHZTU2IPGBPMWPVPRW4FA,Last-Item,0.0,0.0
AFP7WU3HHZTU2IPGBPMWPVPRW4FA,Avg-Last-10,0.0,0.0
AFP7WU3HHZTU2IPGBPMWPVPRW4FA,Recency-Weighted,0.0,0.0
AFP7WU3HHZTU2IPGBPMWPVPRW4FA,Essence (K=10),0.0,0.0
AFPDR6MNE5L3H27CZANL43QYTFHQ,Random,0.0,0.0
AFPDR6MNE5L3H27CZANL43QYTFHQ,Popularity,0.0,0.0
AFPDR6MNE5L3H27CZANL43QYTFHQ,CF (ItemKNN),0.0,0.0
AFPDR6MNE5L3H27CZANL43QYTFHQ,Content (Avg Emb),0.0,0.0
AFPDR6MNE5L3H27CZANL43QYTFHQ,Last-Item,0.0,0.0
AFPDR6MNE5L3H27CZANL43QYTFHQ,Avg-Last-10,0.0,0.0
AFPDR6MNE5L3H27CZANL43QYTFHQ,Recency-Weighted,0.0,0.0
AFPDR6MNE5L3H27CZANL43QYTFHQ,Essence (K=10),0.0,0.0
AFPEXF6VXGZWOJ74FSMXDBA53T7Q,Random,0.0,
AFPEXF6VXGZWOJ74FSMXDBA53T7Q,Popularity,0.0,
AFPEXF6VXGZWOJ74FSMXDBA53T7Q,CF (ItemKNN),0.0,
AFPEXF6VXGZWOJ74FSMXDBA53T7Q,Content (Avg Emb),0.0,
AFPEXF6VXGZWOJ74FSMXDBA53T7Q,Last-Item,0.0,
AFPEXF6VXGZWOJ74FSMXDBA53T7Q,Avg-Last-10,0.0,
AFPEXF6VXGZWOJ74FSMXDBA53T7Q,Recency-Weighted,0.0,
AFPEXF6VXGZWOJ74FSMXDBA53T7Q,Essence (K=10),0.0,
AFPEYK4N3WMS3VHD2FABVXYBBGYQ,Random,0.0,0.0
AFPEYK4N3WMS3VHD2FABVXYBBGYQ,Popularity,0.0,0.0
AFPEYK4N3WMS3VHD2FABVXYBBGYQ,CF (ItemKNN),0.0,0.0
AFPEYK4N3WMS3VHD2FABVXYBBGYQ,Content (Avg Emb),0.0,0.0
AFPEYK4N3WMS3VHD2FABVXYBBGYQ,Last-Item,0.0,0.0
AFPEYK4N3WMS3VHD2FABVXYBBGYQ,Avg-Last-10,0.0,0.0
AFPEYK4N3WMS3VHD2FABVXYBBGYQ,Recency-Weighted,0.0,0.0
AFPEYK4N3WMS3VHD2FABVXYBBGYQ,Essence (K=10),0.0,0.0
AFPHCMYXH6JGOAJ36IPLCRWBNCYA,Random,0.0,0.0
AFPHCMYXH6JGOAJ36IPLCRWBNCYA,Popularity,0.0,0.0
AFPHCMYXH6JGOAJ36IPLCRWBNCYA,CF (ItemKNN),0.0,0.0
AFPHCMYXH6JGOAJ36IPLCRWBNCYA,Content (Avg Emb),0.0,0.0
AFPHCMYXH6JGOAJ36IPLCRWBNCYA,Last-Item,0.0,0.0
AFPHCMYXH6JGOAJ36IPLCRWBNCYA,Avg-Last-10,0.0,0.0
AFPHCMYXH6JGOAJ36IPLCRWBNCYA,Recency-Weighted,0.0,0.0
AFPHCMYXH6JGOAJ36IPLCRWBNCYA,Essence (K=10),0.0,0.0
AFPHGUHAA5M6K3HCNKAVYGQHPXBQ,Random,0.0,
AFPHGUHAA5M6K3HCNKAVYGQHPXBQ,Popularity,0.0,
AFPHGUHAA5M6K3HCNKAVYGQHPXBQ,CF (ItemKNN),0.0,
AFPHGUHAA5M6K3HCNKAVYGQHPXBQ,Content (Avg Emb),0.0,
AFPHGUHAA5M6K3HCNKAVYGQHPXBQ,Last-Item,0.0,
AFPHGUHAA5M6K3HCNKAVYGQHPXBQ,Avg-Last-10,0.0,
AFPHGUHAA5M6K3HCNKAVYGQHPXBQ,Recency-Weighted,0.0,
AFPHGUHAA5M6K3HCNKAVYGQHPXBQ,Essence (K=10),0.0,
AFPILAXDHM2IXTXJGTJZGKSAS44Q,Random,0.0,0.0
AFPILAXDHM2IXTXJGTJZGKSAS44Q,Popularity,0.0,0.0
AFPILAXDHM2IXTXJGTJZGKSAS44Q,CF (ItemKNN),0.0,0.0
AFPILAXDHM2IXTXJGTJZGKSAS44Q,Content (Avg Emb),0.0,0.0
AFPILAXDHM2IXTXJGTJZGKSAS44Q,Last-Item,0.0,0.0
AFPILAXDHM2IXTXJGTJZGKSAS44Q,Avg-Last-10,0.0,0.0
AFPILAXDHM2IXTXJGTJZGKSAS44Q,Recency-Weighted,0.0,0.0
AFPILAXDHM2IXTXJGTJZGKSAS44Q,Essence (K=10),0.0,0.0
AFPQSDVEJBNUSJJCVJX4SSBH3FCA,Random,0.0,0.0
AFPQSDVEJBNUSJJCVJX4SSBH3FCA,Popularity,0.0,0.0
AFPQSDVEJBNUSJJCVJX4SSBH3FCA,CF (ItemKNN),0.0,0.0
AFPQSDVEJBNUSJJCVJX4SSBH3FCA,Content (Avg Emb),0.0,0.0
AFPQSDVEJBNUSJJCVJX4SSBH3FCA,Last-Item,0.0,0.0
AFPQSDVEJBNUSJJCVJX4SSBH3FCA,Avg-Last-10,0.0,0.0
AFPQSDVEJBNUSJJCVJX4SSBH3FCA,Recency-Weighted,0.0,0.0
AFPQSDVEJBNUSJJCVJX4SSBH3FCA,Essence (K=10),0.0,0.0
AFPQUBQK7OL7IOQV2Z7Y6ENTJDIA,Random,0.0,0.0
AFPQUBQK7OL7IOQV2Z7Y6ENTJDIA,Popularity,0.0,0.0
AFPQUBQK7OL7IOQV2Z7Y6ENTJDIA,CF (ItemKNN),0.0,0.0
AFPQUBQK7OL7IOQV2Z7Y6ENTJDIA,Content (Avg Emb),0.0,0.0
AFPQUBQK7OL7IOQV2Z7Y6ENTJDIA,Last-Item,0.0,0.0
AFPQUBQK7OL7IOQV2Z7Y6ENTJDIA,Avg-Last-10,0.0,0.0
AFPQUBQK7OL7IOQV2Z7Y6ENTJDIA,Recency-Weighted,0.0,0.0
AFPQUBQK7OL7IOQV2Z7Y6ENTJDIA,Essence (K=10),0.0,0.0
AFPTHCAHR3HI5ELACENBCTN7JZYA,Random,0.0,0.0
AFPTHCAHR3HI5ELACENBCTN7JZYA,Popularity,0.0,0.0
AFPTHCAHR3HI5ELACENBCTN7JZYA,CF (ItemKNN),0.0,0.0
AFPTHCAHR3HI5ELACENBCTN7JZYA,Content (Avg Emb),0.0,0.0
AFPTHCAHR3HI5ELACENBCTN7JZYA,Last-Item,0.0,0.0
AFPTHCAHR3HI5ELACENBCTN7JZYA,Avg-Last-10,0.0,0.0
AFPTHCAHR3HI5ELACENBCTN7JZYA,Recency-Weighted,0.0,0.0
AFPTHCAHR3HI5ELACENBCTN7JZYA,Essence (K=10),0.0,0.0
AFPXD5NKO25EPCR6TSC4RRUR2E3A,Random,0.0,
AFPXD5NKO25EPCR6TSC4RRUR2E3A,Popularity,0.0,
AFPXD5NKO25EPCR6TSC4RRUR2E3A,CF (ItemKNN),0.0,
AFPXD5NKO25EPCR6TSC4RRUR2E3A,Content (Avg Emb),0.0,
AFPXD5NKO25EPCR6TSC4RRUR2E3A,Last-Item,0.0,
AFPXD5NKO25EPCR6TSC4RRUR2E3A,Avg-Last-10,0.0,
AFPXD5NKO25EPCR6TSC4RRUR2E3A,Recency-Weighted,0.0,
AFPXD5NKO25EPCR6TSC4RRUR2E3A,Essence (K=10),0.0,
AFPYWE7YLHYHVPTAG35O34VRBIUA,Random,0.0,
AFPYWE7YLHYHVPTAG35O34VRBIUA,Popularity,0.0,
AFPYWE7YLHYHVPTAG35O34VRBIUA,CF (ItemKNN),0.0,
AFPYWE7YLHYHVPTAG35O34VRBIUA,Content (Avg Emb),0.0,
AFPYWE7YLHYHVPTAG35O34VRBIUA,Last-Item,0.0,
AFPYWE7YLHYHVPTAG35O34VRBIUA,Avg-Last-10,0.0,
AFPYWE7YLHYHVPTAG35O34VRBIUA,Recency-Weighted,0.0,
AFPYWE7YLHYHVPTAG35O34VRBIUA,Essence (K=10),0.0,
AFQ2RXTEQZQ7FWAP4LOZGWXPT62A,Random,0.0,
AFQ2RXTEQZQ7FWAP4LOZGWXPT62A,Popularity,0.0,
AFQ2RXTEQZQ7FWAP4LOZGWXPT62A,CF (ItemKNN),0.0,
AFQ2RXTEQZQ7FWAP4LOZGWXPT62A,Content (Avg Emb),0.0,
AFQ2RXTEQZQ7FWAP4LOZGWXPT62A,Last-Item,0.0,
AFQ2RXTEQZQ7FWAP4LOZGWXPT62A,Avg-Last-10,0.0,
AFQ2RXTEQZQ7FWAP4LOZGWXPT62A,Recency-Weighted,0.0,
AFQ2RXTEQZQ7FWAP4LOZGWXPT62A,Essence (K=10),0.0,
AFQ3TT7O7D47IHD77XPPV3Q37F7A,Random,0.0,
AFQ3TT7O7D47IHD77XPPV3Q37F7A,Popularity,0.0,
AFQ3TT7O7D47IHD77XPPV3Q37F7A,CF (ItemKNN),0.0,
AFQ3TT7O7D47IHD77XPPV3Q37F7A,Content (Avg Emb),0.0,
AFQ3TT7O7D47IHD77XPPV3Q37F7A,Last-Item,0.0,
AFQ3TT7O7D47IHD77XPPV3Q37F7A,Avg-Last-10,0.0,
AFQ3TT7O7D47IHD77XPPV3Q37F7A,Recency-Weighted,0.0,
AFQ3TT7O7D47IHD77XPPV3Q37F7A,Essence (K=10),0.0,
AFQ4Z433YHU3KFQ4FH2FVPVNPKUA,Random,0.0,0.0
AFQ4Z433YHU3KFQ4FH2FVPVNPKUA,Popularity,0.0,0.0
AFQ4Z433YHU3KFQ4FH2FVPVNPKUA,CF (ItemKNN),0.0,0.0
AFQ4Z433YHU3KFQ4FH2FVPVNPKUA,Content (Avg Emb),0.0,0.0
AFQ4Z433YHU3KFQ4FH2FVPVNPKUA,Last-Item,0.0,0.0
AFQ4Z433YHU3KFQ4FH2FVPVNPKUA,Avg-Last-10,0.0,0.0
AFQ4Z433YHU3KFQ4FH2FVPVNPKUA,Recency-Weighted,0.125,0.0
AFQ4Z433YHU3KFQ4FH2FVPVNPKUA,Essence (K=10),0.0,0.0
AFQ6DFTKAWHJTOBWJSBOCNLZH6QQ,Random,0.0,0.0
AFQ6DFTKAWHJTOBWJSBOCNLZH6QQ,Popularity,0.0,0.0
AFQ6DFTKAWHJTOBWJSBOCNLZH6QQ,CF (ItemKNN),0.0,0.0
AFQ6DFTKAWHJTOBWJSBOCNLZH6QQ,Content (Avg Emb),0.0,0.0
AFQ6DFTKAWHJTOBWJSBOCNLZH6QQ,Last-Item,0.0,0.0
AFQ6DFTKAWHJTOBWJSBOCNLZH6QQ,Avg-Last-10,0.0,0.0
AFQ6DFTKAWHJTOBWJSBOCNLZH6QQ,Recency-Weighted,0.0,0.0
AFQ6DFTKAWHJTOBWJSBOCNLZH6QQ,Essence (K=10),0.0,0.0
AFQ6Z67UNRHCFOMWDIDRYWSM4L4Q,Random,0.0,0.0
AFQ6Z67UNRHCFOMWDIDRYWSM4L4Q,Popularity,0.0,0.0
AFQ6Z67UNRHCFOMWDIDRYWSM4L4Q,CF (ItemKNN),0.0,0.0
AFQ6Z67UNRHCFOMWDIDRYWSM4L4Q,Content (Avg Emb),0.0,0.0
AFQ6Z67UNRHCFOMWDIDRYWSM4L4Q,Last-Item,0.0,0.0
AFQ6Z67UNRHCFOMWDIDRYWSM4L4Q,Avg-Last-10,0.0,0.0
AFQ6Z67UNRHCFOMWDIDRYWSM4L4Q,Recency-Weighted,0.0,0.0
AFQ6Z67UNRHCFOMWDIDRYWSM4L4Q,Essence (K=10),0.0,0.0
AFQAXPDAUIFHXGHEGNY6VK6YVR6A,Random,0.0,0.0
AFQAXPDAUIFHXGHEGNY6VK6YVR6A,Popularity,0.0,0.0
AFQAXPDAUIFHXGHEGNY6VK6YVR6A,CF (ItemKNN),0.0,0.0
AFQAXPDAUIFHXGHEGNY6VK6YVR6A,Content (Avg Emb),0.0,0.0
AFQAXPDAUIFHXGHEGNY6VK6YVR6A,Last-Item,0.0,0.0
AFQAXPDAUIFHXGHEGNY6VK6YVR6A,Avg-Last-10,0.2,0.0
AFQAXPDAUIFHXGHEGNY6VK6YVR6A,Recency-Weighted,0.2,0.0
AFQAXPDAUIFHXGHEGNY6VK6YVR6A,Essence (K=10),0.2,0.0
AFQCZ7TXQP6YFOAKBZNZLX5A65JA,Random,0.0,0.0
AFQCZ7TXQP6YFOAKBZNZLX5A65JA,Popularity,0.0,0.0
AFQCZ7TXQP6YFOAKBZNZLX5A65JA,CF (ItemKNN),0.0,0.0
AFQCZ7TXQP6YFOAKBZNZLX5A65JA,Content (Avg Emb),0.0,0.0
AFQCZ7TXQP6YFOAKBZNZLX5A65JA,Last-Item,0.0,0.0
AFQCZ7TXQP6YFOAKBZNZLX5A65JA,Avg-Last-10,0.0,0.0
AFQCZ7TXQP6YFOAKBZNZLX5A65JA,Recency-Weighted,0.0,0.0
AFQCZ7TXQP6YFOAKBZNZLX5A65JA,Essence (K=10),0.0,0.0
AFQFR7T3QVUTJN4L5AIME7FHKDBQ,Random,0.0,0.0
AFQFR7T3QVUTJN4L5AIME7FHKDBQ,Popularity,0.0,0.0
AFQFR7T3QVUTJN4L5AIME7FHKDBQ,CF (ItemKNN),0.0,0.0
AFQFR7T3QVUTJN4L5AIME7FHKDBQ,Content (Avg Emb),0.0,0.0
AFQFR7T3QVUTJN4L5AIME7FHKDBQ,Last-Item,0.0,0.0
AFQFR7T3QVUTJN4L5AIME7FHKDBQ,Avg-Last-10,0.0,0.0
AFQFR7T3QVUTJN4L5AIME7FHKDBQ,Recency-Weighted,0.0,0.0
AFQFR7T3QVUTJN4L5AIME7FHKDBQ,Essence (K=10),0.0,0.0
AFQLHMKURF3XWIS2LGDYLGYVOHIA,Random,0.0,0.0
AFQLHMKURF3XWIS2LGDYLGYVOHIA,Popularity,0.0,0.0
AFQLHMKURF3XWIS2LGDYLGYVOHIA,CF (ItemKNN),0.0,0.0
AFQLHMKURF3XWIS2LGDYLGYVOHIA,Content (Avg Emb),0.0,0.0
AFQLHMKURF3XWIS2LGDYLGYVOHIA,Last-Item,0.0,0.0
AFQLHMKURF3XWIS2LGDYLGYVOHIA,Avg-Last-10,0.25,0.0
AFQLHMKURF3XWIS2LGDYLGYVOHIA,Recency-Weighted,0.25,0.0
AFQLHMKURF3XWIS2LGDYLGYVOHIA,Essence (K=10),0.25,0.0
AFQOXUE2FYFZZUJNWTTTARPIMVHA,Random,0.0,
AFQOXUE2FYFZZUJNWTTTARPIMVHA,Popularity,0.0,
AFQOXUE2FYFZZUJNWTTTARPIMVHA,CF (ItemKNN),0.0,
AFQOXUE2FYFZZUJNWTTTARPIMVHA,Content (Avg Emb),0.0,
AFQOXUE2FYFZZUJNWTTTARPIMVHA,Last-Item,0.0,
AFQOXUE2FYFZZUJNWTTTARPIMVHA,Avg-Last-10,0.0,
AFQOXUE2FYFZZUJNWTTTARPIMVHA,Recency-Weighted,0.0,
AFQOXUE2FYFZZUJNWTTTARPIMVHA,Essence (K=10),0.0,
AFQUZIINCACZAZWEX6U665LS7F6A,Random,0.0,
AFQUZIINCACZAZWEX6U665LS7F6A,Popularity,0.0,
AFQUZIINCACZAZWEX6U665LS7F6A,CF (ItemKNN),0.0,
AFQUZIINCACZAZWEX6U665LS7F6A,Content (Avg Emb),0.0,
AFQUZIINCACZAZWEX6U665LS7F6A,Last-Item,0.0,
AFQUZIINCACZAZWEX6U665LS7F6A,Avg-Last-10,0.0,
AFQUZIINCACZAZWEX6U665LS7F6A,Recency-Weighted,0.0,
AFQUZIINCACZAZWEX6U665LS7F6A,Essence (K=10),0.0,
AFQYCBV4Q7UI7SFUXZ764LLLA74Q,Random,0.0,0.0
AFQYCBV4Q7UI7SFUXZ764LLLA74Q,Popularity,0.0,0.0
AFQYCBV4Q7UI7SFUXZ764LLLA74Q,CF (ItemKNN),0.0,0.0
AFQYCBV4Q7UI7SFUXZ764LLLA74Q,Content (Avg Emb),0.0,0.0
AFQYCBV4Q7UI7SFUXZ764LLLA74Q,Last-Item,0.0,0.0
AFQYCBV4Q7UI7SFUXZ764LLLA74Q,Avg-Last-10,0.0,0.0
AFQYCBV4Q7UI7SFUXZ764LLLA74Q,Recency-Weighted,0.0,0.0
AFQYCBV4Q7UI7SFUXZ764LLLA74Q,Essence (K=10),0.0,0.0
AFR5QZYBXOLCAL7TAF25KUNA42CA,Random,0.0,0.0
AFR5QZYBXOLCAL7TAF25KUNA42CA,Popularity,0.0,0.0
AFR5QZYBXOLCAL7TAF25KUNA42CA,CF (ItemKNN),0.0,0.0
AFR5QZYBXOLCAL7TAF25KUNA42CA,Content (Avg Emb),0.0,0.0
AFR5QZYBXOLCAL7TAF25KUNA42CA,Last-Item,0.0,0.0
AFR5QZYBXOLCAL7TAF25KUNA42CA,Avg-Last-10,0.0,0.0
AFR5QZYBXOLCAL7TAF25KUNA42CA,Recency-Weighted,0.0,0.0
AFR5QZYBXOLCAL7TAF25KUNA42CA,Essence (K=10),0.0,0.0
AFR65GHFZ6LANPLQ2G36EB6VXC4Q,Random,0.0,
AFR65GHFZ6LANPLQ2G36EB6VXC4Q,Popularity,0.0,
AFR65GHFZ6LANPLQ2G36EB6VXC4Q,CF (ItemKNN),0.0,
AFR65GHFZ6LANPLQ2G36EB6VXC4Q,Content (Avg Emb),0.1,
AFR65GHFZ6LANPLQ2G36EB6VXC4Q,Last-Item,0.0,
AFR65GHFZ6LANPLQ2G36EB6VXC4Q,Avg-Last-10,0.2,
AFR65GHFZ6LANPLQ2G36EB6VXC4Q,Recency-Weighted,0.2,
AFR65GHFZ6LANPLQ2G36EB6VXC4Q,Essence (K=10),0.1,
AFR7TKRPLTPCJ7XALKA7LRWHILFA,Random,0.0,0.0
AFR7TKRPLTPCJ7XALKA7LRWHILFA,Popularity,0.0,0.0
AFR7TKRPLTPCJ7XALKA7LRWHILFA,CF (ItemKNN),0.0,0.0
AFR7TKRPLTPCJ7XALKA7LRWHILFA,Content (Avg Emb),0.0,0.0
AFR7TKRPLTPCJ7XALKA7LRWHILFA,Last-Item,0.0,0.0
AFR7TKRPLTPCJ7XALKA7LRWHILFA,Avg-Last-10,0.0,0.0
AFR7TKRPLTPCJ7XALKA7LRWHILFA,Recency-Weighted,0.0,0.0
AFR7TKRPLTPCJ7XALKA7LRWHILFA,Essence (K=10),0.0,0.0
AFRBAXDT2LYEW66UCUQJ6WDGJ2BQ,Random,0.0,0.0
AFRBAXDT2LYEW66UCUQJ6WDGJ2BQ,Popularity,0.0,0.0
AFRBAXDT2LYEW66UCUQJ6WDGJ2BQ,CF (ItemKNN),0.0,0.0
AFRBAXDT2LYEW66UCUQJ6WDGJ2BQ,Content (Avg Emb),0.0,0.0
AFRBAXDT2LYEW66UCUQJ6WDGJ2BQ,Last-Item,0.0,0.0
AFRBAXDT2LYEW66UCUQJ6WDGJ2BQ,Avg-Last-10,0.0,0.0
AFRBAXDT2LYEW66UCUQJ6WDGJ2BQ,Recency-Weighted,0.0,0.0
AFRBAXDT2LYEW66UCUQJ6WDGJ2BQ,Essence (K=10),0.0,0.0
AFRDPQAPGGH5QSVCAEUB74RKA4TA,Random,0.0,
AFRDPQAPGGH5QSVCAEUB74RKA4TA,Popularity,0.0,
AFRDPQAPGGH5QSVCAEUB74RKA4TA,CF (ItemKNN),0.0,
AFRDPQAPGGH5QSVCAEUB74RKA4TA,Content (Avg Emb),0.0,
AFRDPQAPGGH5QSVCAEUB74RKA4TA,Last-Item,0.0,
AFRDPQAPGGH5QSVCAEUB74RKA4TA,Avg-Last-10,0.0,
AFRDPQAPGGH5QSVCAEUB74RKA4TA,Recency-Weighted,0.0,
AFRDPQAPGGH5QSVCAEUB74RKA4TA,Essence (K=10),0.0,
AFRFZUZM4DDLUEE3SBGQ6KFCLKZA,Random,0.0,0.0
AFRFZUZM4DDLUEE3SBGQ6KFCLKZA,Popularity,0.0,0.0
AFRFZUZM4DDLUEE3SBGQ6KFCLKZA,CF (ItemKNN),0.0,0.0
AFRFZUZM4DDLUEE3SBGQ6KFCLKZA,Content (Avg Emb),0.0,0.0
AFRFZUZM4DDLUEE3SBGQ6KFCLKZA,Last-Item,0.0,0.0
AFRFZUZM4DDLUEE3SBGQ6KFCLKZA,Avg-Last-10,0.0,0.0
AFRFZUZM4DDLUEE3SBGQ6KFCLKZA,Recency-Weighted,0.0,0.0
AFRFZUZM4DDLUEE3SBGQ6KFCLKZA,Essence (K=10),0.0,0.0
AFRHZ3LV5LIJZH7OL5EMO6KB7IKA,Random,0.0,
AFRHZ3LV5LIJZH7OL5EMO6KB7IKA,Popularity,0.0,
AFRHZ3LV5LIJZH7OL5EMO6KB7IKA,CF (ItemKNN),0.0,
AFRHZ3LV5LIJZH7OL5EMO6KB7IKA,Content (Avg Emb),0.0,
AFRHZ3LV5LIJZH7OL5EMO6KB7IKA,Last-Item,0.0,
AFRHZ3LV5LIJZH7OL5EMO6KB7IKA,Avg-Last-10,0.0,
AFRHZ3LV5LIJZH7OL5EMO6KB7IKA,Recency-Weighted,0.0,
AFRHZ3LV5LIJZH7OL5EMO6KB7IKA,Essence (K=10),0.2,
AFRJHT2Y22VBSIC25XCDS6SBLZHQ,Random,0.0,0.0
AFRJHT2Y22VBSIC25XCDS6SBLZHQ,Popularity,0.0,0.0
AFRJHT2Y22VBSIC25XCDS6SBLZHQ,CF (ItemKNN),0.0,0.0
AFRJHT2Y22VBSIC25XCDS6SBLZHQ,Content (Avg Emb),0.0,0.0
AFRJHT2Y22VBSIC25XCDS6SBLZHQ,Last-Item,0.0,0.0
AFRJHT2Y22VBSIC25XCDS6SBLZHQ,Avg-Last-10,0.0,0.0
AFRJHT2Y22VBSIC25XCDS6SBLZHQ,Recency-Weighted,0.0,0.0
AFRJHT2Y22VBSIC25XCDS6SBLZHQ,Essence (K=10),0.0,0.0
AFRKQULSGAUMDQQZXOTMLAYZ3PIQ,Random,0.0,0.0
AFRKQULSGAUMDQQZXOTMLAYZ3PIQ,Popularity,0.0,0.0
AFRKQULSGAUMDQQZXOTMLAYZ3PIQ,CF (ItemKNN),0.0,0.0
AFRKQULSGAUMDQQZXOTMLAYZ3PIQ,Content (Avg Emb),0.0,0.0
AFRKQULSGAUMDQQZXOTMLAYZ3PIQ,Last-Item,0.0,0.0
AFRKQULSGAUMDQQZXOTMLAYZ3PIQ,Avg-Last-10,0.0,0.0
AFRKQULSGAUMDQQZXOTMLAYZ3PIQ,Recency-Weighted,0.0,0.0
AFRKQULSGAUMDQQZXOTMLAYZ3PIQ,Essence (K=10),0.0,0.0
AFRMXT7NYM46NENSEYBTVLVM5HBA,Random,0.0,
AFRMXT7NYM46NENSEYBTVLVM5HBA,Popularity,0.0,
AFRMXT7NYM46NENSEYBTVLVM5HBA,CF (ItemKNN),0.0,
AFRMXT7NYM46NENSEYBTVLVM5HBA,Content (Avg Emb),0.0,
AFRMXT7NYM46NENSEYBTVLVM5HBA,Last-Item,0.0,
AFRMXT7NYM46NENSEYBTVLVM5HBA,Avg-Last-10,0.0,
AFRMXT7NYM46NENSEYBTVLVM5HBA,Recency-Weighted,0.0,
AFRMXT7NYM46NENSEYBTVLVM5HBA,Essence (K=10),0.0,
AFRP4ZYBYXWCD56ABG6BUREZXIDA,Random,0.0,0.0
AFRP4ZYBYXWCD56ABG6BUREZXIDA,Popularity,0.0,0.0
AFRP4ZYBYXWCD56ABG6BUREZXIDA,CF (ItemKNN),0.0,0.0
AFRP4ZYBYXWCD56ABG6BUREZXIDA,Content (Avg Emb),0.0,0.0
AFRP4ZYBYXWCD56ABG6BUREZXIDA,Last-Item,0.0,0.0
AFRP4ZYBYXWCD56ABG6BUREZXIDA,Avg-Last-10,0.0,0.0
AFRP4ZYBYXWCD56ABG6BUREZXIDA,Recency-Weighted,0.0,0.0
AFRP4ZYBYXWCD56ABG6BUREZXIDA,Essence (K=10),0.0,0.0
AFRQKHBQTW2CBWPMRLQB5TU53DRQ,Random,0.0,
AFRQKHBQTW2CBWPMRLQB5TU53DRQ,Popularity,0.0,
AFRQKHBQTW2CBWPMRLQB5TU53DRQ,CF (ItemKNN),0.0,
AFRQKHBQTW2CBWPMRLQB5TU53DRQ,Content (Avg Emb),0.0,
AFRQKHBQTW2CBWPMRLQB5TU53DRQ,Last-Item,0.0,
AFRQKHBQTW2CBWPMRLQB5TU53DRQ,Avg-Last-10,0.0,
AFRQKHBQTW2CBWPMRLQB5TU53DRQ,Recency-Weighted,0.0,
AFRQKHBQTW2CBWPMRLQB5TU53DRQ,Essence (K=10),0.0,
AFRRNHS2K2YQOYB6DNEY5A72VLRQ,Random,0.0,0.0
AFRRNHS2K2YQOYB6DNEY5A72VLRQ,Popularity,0.0,0.0
AFRRNHS2K2YQOYB6DNEY5A72VLRQ,CF (ItemKNN),0.0,0.0
AFRRNHS2K2YQOYB6DNEY5A72VLRQ,Content (Avg Emb),0.0,0.0
AFRRNHS2K2YQOYB6DNEY5A72VLRQ,Last-Item,0.0,0.0
AFRRNHS2K2YQOYB6DNEY5A72VLRQ,Avg-Last-10,0.0,0.0
AFRRNHS2K2YQOYB6DNEY5A72VLRQ,Recency-Weighted,0.0,0.0
AFRRNHS2K2YQOYB6DNEY5A72VLRQ,Essence (K=10),0.0,0.0
AFRSUQS2OV5MSL6C355G552U3ATA,Random,0.0,
AFRSUQS2OV5MSL6C355G552U3ATA,Popularity,0.0,
AFRSUQS2OV5MSL6C355G552U3ATA,CF (ItemKNN),0.0,
AFRSUQS2OV5MSL6C355G552U3ATA,Content (Avg Emb),0.0,
AFRSUQS2OV5MSL6C355G552U3ATA,Last-Item,0.0,
AFRSUQS2OV5MSL6C355G552U3ATA,Avg-Last-10,0.0,
AFRSUQS2OV5MSL6C355G552U3ATA,Recency-Weighted,0.0,
AFRSUQS2OV5MSL6C355G552U3ATA,Essence (K=10),0.0,
AFRTE7JDSTGKNHAVLMEUOTUXDM5Q,Random,0.0,0.0
AFRTE7JDSTGKNHAVLMEUOTUXDM5Q,Popularity,0.0,0.0
AFRTE7JDSTGKNHAVLMEUOTUXDM5Q,CF (ItemKNN),0.0,0.0
AFRTE7JDSTGKNHAVLMEUOTUXDM5Q,Content (Avg Emb),0.0,0.0
AFRTE7JDSTGKNHAVLMEUOTUXDM5Q,Last-Item,0.0,0.0
AFRTE7JDSTGKNHAVLMEUOTUXDM5Q,Avg-Last-10,0.0,0.0
AFRTE7JDSTGKNHAVLMEUOTUXDM5Q,Recency-Weighted,0.0,0.0
AFRTE7JDSTGKNHAVLMEUOTUXDM5Q,Essence (K=10),0.0,0.0
AFRUEHAJE2RAR343ZITONJC2C5SQ,Random,0.0,
AFRUEHAJE2RAR343ZITONJC2C5SQ,Popularity,0.0,
AFRUEHAJE2RAR343ZITONJC2C5SQ,CF (ItemKNN),0.0,
AFRUEHAJE2RAR343ZITONJC2C5SQ,Content (Avg Emb),0.0,
AFRUEHAJE2RAR343ZITONJC2C5SQ,Last-Item,0.0,
AFRUEHAJE2RAR343ZITONJC2C5SQ,Avg-Last-10,0.0,
AFRUEHAJE2RAR343ZITONJC2C5SQ,Recency-Weighted,0.0,
AFRUEHAJE2RAR343ZITONJC2C5SQ,Essence (K=10),0.0,
AFRVSFO2UWY5RTN77YCRI5OWXTFQ,Random,0.0,
AFRVSFO2UWY5RTN77YCRI5OWXTFQ,Popularity,0.0,
AFRVSFO2UWY5RTN77YCRI5OWXTFQ,CF (ItemKNN),0.0,
AFRVSFO2UWY5RTN77YCRI5OWXTFQ,Content (Avg Emb),0.0,
AFRVSFO2UWY5RTN77YCRI5OWXTFQ,Last-Item,0.0,
AFRVSFO2UWY5RTN77YCRI5OWXTFQ,Avg-Last-10,0.07692307692307693,
AFRVSFO2UWY5RTN77YCRI5OWXTFQ,Recency-Weighted,0.0,
AFRVSFO2UWY5RTN77YCRI5OWXTFQ,Essence (K=10),0.07692307692307693,
AFRVZGXFKHEISEDAWCOGWU4I4KJQ,Random,0.0,0.0
AFRVZGXFKHEISEDAWCOGWU4I4KJQ,Popularity,0.0,0.0
AFRVZGXFKHEISEDAWCOGWU4I4KJQ,CF (ItemKNN),0.0,0.0
AFRVZGXFKHEISEDAWCOGWU4I4KJQ,Content (Avg Emb),0.0,0.0
AFRVZGXFKHEISEDAWCOGWU4I4KJQ,Last-Item,0.0,0.0
AFRVZGXFKHEISEDAWCOGWU4I4KJQ,Avg-Last-10,0.0,0.0
AFRVZGXFKHEISEDAWCOGWU4I4KJQ,Recency-Weighted,0.0,0.0
AFRVZGXFKHEISEDAWCOGWU4I4KJQ,Essence (K=10),0.0,0.0
AFRWARU6JKMIO32PVL6PBBYAXKLQ,Random,0.0,0.0
AFRWARU6JKMIO32PVL6PBBYAXKLQ,Popularity,0.0,0.0
AFRWARU6JKMIO32PVL6PBBYAXKLQ,CF (ItemKNN),0.0,0.0
AFRWARU6JKMIO32PVL6PBBYAXKLQ,Content (Avg Emb),0.0,0.0
AFRWARU6JKMIO32PVL6PBBYAXKLQ,Last-Item,0.0,0.0
AFRWARU6JKMIO32PVL6PBBYAXKLQ,Avg-Last-10,0.0,0.0
AFRWARU6JKMIO32PVL6PBBYAXKLQ,Recency-Weighted,0.0,0.0
AFRWARU6JKMIO32PVL6PBBYAXKLQ,Essence (K=10),0.0,0.0
AFRWSQVJF7MDNTBOZM7XFZHLC4PQ,Random,0.0,
AFRWSQVJF7MDNTBOZM7XFZHLC4PQ,Popularity,0.0,
AFRWSQVJF7MDNTBOZM7XFZHLC4PQ,CF (ItemKNN),0.0,
AFRWSQVJF7MDNTBOZM7XFZHLC4PQ,Content (Avg Emb),0.0,
AFRWSQVJF7MDNTBOZM7XFZHLC4PQ,Last-Item,0.125,
AFRWSQVJF7MDNTBOZM7XFZHLC4PQ,Avg-Last-10,0.125,
AFRWSQVJF7MDNTBOZM7XFZHLC4PQ,Recency-Weighted,0.125,
AFRWSQVJF7MDNTBOZM7XFZHLC4PQ,Essence (K=10),0.125,
AFRY6ZTGLA6YBIUG2GQDTR5KTCUA,Random,0.0,0.0
AFRY6ZTGLA6YBIUG2GQDTR5KTCUA,Popularity,0.0,0.0
AFRY6ZTGLA6YBIUG2GQDTR5KTCUA,CF (ItemKNN),0.0,0.0
AFRY6ZTGLA6YBIUG2GQDTR5KTCUA,Content (Avg Emb),0.0,0.0
AFRY6ZTGLA6YBIUG2GQDTR5KTCUA,Last-Item,0.0,0.0
AFRY6ZTGLA6YBIUG2GQDTR5KTCUA,Avg-Last-10,0.0,0.0
AFRY6ZTGLA6YBIUG2GQDTR5KTCUA,Recency-Weighted,0.0,0.0
AFRY6ZTGLA6YBIUG2GQDTR5KTCUA,Essence (K=10),0.0,0.0
AFS3DH5A5XF7D6B2CLSBEG4TJ2NA,Random,0.0,
AFS3DH5A5XF7D6B2CLSBEG4TJ2NA,Popularity,0.0,
AFS3DH5A5XF7D6B2CLSBEG4TJ2NA,CF (ItemKNN),0.0,
AFS3DH5A5XF7D6B2CLSBEG4TJ2NA,Content (Avg Emb),0.0,
AFS3DH5A5XF7D6B2CLSBEG4TJ2NA,Last-Item,0.0,
AFS3DH5A5XF7D6B2CLSBEG4TJ2NA,Avg-Last-10,0.0,
AFS3DH5A5XF7D6B2CLSBEG4TJ2NA,Recency-Weighted,0.0,
AFS3DH5A5XF7D6B2CLSBEG4TJ2NA,Essence (K=10),0.0,
AFS46HQW23B2OI3GYJVQX5YNG5GA,Random,0.0,0.0
AFS46HQW23B2OI3GYJVQX5YNG5GA,Popularity,0.0,0.0
AFS46HQW23B2OI3GYJVQX5YNG5GA,CF (ItemKNN),0.0,0.0
AFS46HQW23B2OI3GYJVQX5YNG5GA,Content (Avg Emb),0.0,0.0
AFS46HQW23B2OI3GYJVQX5YNG5GA,Last-Item,0.0,0.0
AFS46HQW23B2OI3GYJVQX5YNG5GA,Avg-Last-10,0.0,0.0
AFS46HQW23B2OI3GYJVQX5YNG5GA,Recency-Weighted,0.0,0.0
AFS46HQW23B2OI3GYJVQX5YNG5GA,Essence (K=10),0.0,0.0
AFS64XZDUAMAMMR473X5TDFZC64A,Random,0.0,
AFS64XZDUAMAMMR473X5TDFZC64A,Popularity,0.0,
AFS64XZDUAMAMMR473X5TDFZC64A,CF (ItemKNN),0.0,
AFS64XZDUAMAMMR473X5TDFZC64A,Content (Avg Emb),0.0,
AFS64XZDUAMAMMR473X5TDFZC64A,Last-Item,0.0,
AFS64XZDUAMAMMR473X5TDFZC64A,Avg-Last-10,0.0,
AFS64XZDUAMAMMR473X5TDFZC64A,Recency-Weighted,0.0,
AFS64XZDUAMAMMR473X5TDFZC64A,Essence (K=10),0.0,
AFSAIG5A2CRRYB774O6JYQRYJNZA,Random,0.0,
AFSAIG5A2CRRYB774O6JYQRYJNZA,Popularity,0.0,
AFSAIG5A2CRRYB774O6JYQRYJNZA,CF (ItemKNN),0.0,
AFSAIG5A2CRRYB774O6JYQRYJNZA,Content (Avg Emb),0.0,
AFSAIG5A2CRRYB774O6JYQRYJNZA,Last-Item,0.0,
AFSAIG5A2CRRYB774O6JYQRYJNZA,Avg-Last-10,0.0,
AFSAIG5A2CRRYB774O6JYQRYJNZA,Recency-Weighted,0.0,
AFSAIG5A2CRRYB774O6JYQRYJNZA,Essence (K=10),0.0,
AFSAKM6VZNODTF5RFGEEE3GQA2SQ,Random,0.0,0.0
AFSAKM6VZNODTF5RFGEEE3GQA2SQ,Popularity,0.0,0.0
AFSAKM6VZNODTF5RFGEEE3GQA2SQ,CF (ItemKNN),0.0,0.0
AFSAKM6VZNODTF5RFGEEE3GQA2SQ,Content (Avg Emb),0.0,0.0
AFSAKM6VZNODTF5RFGEEE3GQA2SQ,Last-Item,0.0,0.0
AFSAKM6VZNODTF5RFGEEE3GQA2SQ,Avg-Last-10,0.0,0.0
AFSAKM6VZNODTF5RFGEEE3GQA2SQ,Recency-Weighted,0.0,0.0
AFSAKM6VZNODTF5RFGEEE3GQA2SQ,Essence (K=10),0.0,0.0
AFSBSULJOHUZOYMM4UNKPJPVR4NQ,Random,0.0,
AFSBSULJOHUZOYMM4UNKPJPVR4NQ,Popularity,0.0,
AFSBSULJOHUZOYMM4UNKPJPVR4NQ,CF (ItemKNN),0.0,
AFSBSULJOHUZOYMM4UNKPJPVR4NQ,Content (Avg Emb),0.0,
AFSBSULJOHUZOYMM4UNKPJPVR4NQ,Last-Item,0.125,
AFSBSULJOHUZOYMM4UNKPJPVR4NQ,Avg-Last-10,0.0,
AFSBSULJOHUZOYMM4UNKPJPVR4NQ,Recency-Weighted,0.0,
AFSBSULJOHUZOYMM4UNKPJPVR4NQ,Essence (K=10),0.0,
AFSDVJ7B4EFW2NHCWFUGQJXYATRA,Random,0.0,0.0
AFSDVJ7B4EFW2NHCWFUGQJXYATRA,Popularity,0.0,0.0
AFSDVJ7B4EFW2NHCWFUGQJXYATRA,CF (ItemKNN),0.0,0.0
AFSDVJ7B4EFW2NHCWFUGQJXYATRA,Content (Avg Emb),0.0,0.0
AFSDVJ7B4EFW2NHCWFUGQJXYATRA,Last-Item,0.0,0.0
AFSDVJ7B4EFW2NHCWFUGQJXYATRA,Avg-Last-10,0.0,0.0
AFSDVJ7B4EFW2NHCWFUGQJXYATRA,Recency-Weighted,0.0,0.0
AFSDVJ7B4EFW2NHCWFUGQJXYATRA,Essence (K=10),0.0,0.0
AFSIFYQ2U4S2PSVQMDKUWODC6WDA,Random,0.0,0.0
AFSIFYQ2U4S2PSVQMDKUWODC6WDA,Popularity,0.0,0.0
AFSIFYQ2U4S2PSVQMDKUWODC6WDA,CF (ItemKNN),0.0,0.0
AFSIFYQ2U4S2PSVQMDKUWODC6WDA,Content (Avg Emb),0.0,0.0
AFSIFYQ2U4S2PSVQMDKUWODC6WDA,Last-Item,0.0,0.0
AFSIFYQ2U4S2PSVQMDKUWODC6WDA,Avg-Last-10,0.0,0.0
AFSIFYQ2U4S2PSVQMDKUWODC6WDA,Recency-Weighted,0.0,0.0
AFSIFYQ2U4S2PSVQMDKUWODC6WDA,Essence (K=10),0.0,0.0
AFSODPVPFVLSN743DISXNJSHV7WQ,Random,0.0,0.0
AFSODPVPFVLSN743DISXNJSHV7WQ,Popularity,0.0,0.0
AFSODPVPFVLSN743DISXNJSHV7WQ,CF (ItemKNN),0.0,0.0
AFSODPVPFVLSN743DISXNJSHV7WQ,Content (Avg Emb),0.0,0.0
AFSODPVPFVLSN743DISXNJSHV7WQ,Last-Item,0.0,0.0
AFSODPVPFVLSN743DISXNJSHV7WQ,Avg-Last-10,0.0,0.0
AFSODPVPFVLSN743DISXNJSHV7WQ,Recency-Weighted,0.0,0.0
AFSODPVPFVLSN743DISXNJSHV7WQ,Essence (K=10),0.0,0.0
AFSRAF7JC4SS7NRMMG36E3CNAADA,Random,0.0,0.0
AFSRAF7JC4SS7NRMMG36E3CNAADA,Popularity,0.0,0.0
AFSRAF7JC4SS7NRMMG36E3CNAADA,CF (ItemKNN),0.0,0.0
AFSRAF7JC4SS7NRMMG36E3CNAADA,Content (Avg Emb),0.0,0.0
AFSRAF7JC4SS7NRMMG36E3CNAADA,Last-Item,0.0,0.0
AFSRAF7JC4SS7NRMMG36E3CNAADA,Avg-Last-10,0.0,0.0
AFSRAF7JC4SS7NRMMG36E3CNAADA,Recency-Weighted,0.0,0.0
AFSRAF7JC4SS7NRMMG36E3CNAADA,Essence (K=10),0.0,0.0
AFSW363LRMBA7IPBQSFEF37L4NWQ,Random,0.0,
AFSW363LRMBA7IPBQSFEF37L4NWQ,Popularity,0.0,
AFSW363LRMBA7IPBQSFEF37L4NWQ,CF (ItemKNN),0.0,
AFSW363LRMBA7IPBQSFEF37L4NWQ,Content (Avg Emb),0.0,
AFSW363LRMBA7IPBQSFEF37L4NWQ,Last-Item,0.0,
AFSW363LRMBA7IPBQSFEF37L4NWQ,Avg-Last-10,0.2,
AFSW363LRMBA7IPBQSFEF37L4NWQ,Recency-Weighted,0.2,
AFSW363LRMBA7IPBQSFEF37L4NWQ,Essence (K=10),0.0,
AFSWEZ425WGJNIFI7VKVB4GEJ7FQ,Random,0.0,
AFSWEZ425WGJNIFI7VKVB4GEJ7FQ,Popularity,0.0,
AFSWEZ425WGJNIFI7VKVB4GEJ7FQ,CF (ItemKNN),0.0,
AFSWEZ425WGJNIFI7VKVB4GEJ7FQ,Content (Avg Emb),0.0,
AFSWEZ425WGJNIFI7VKVB4GEJ7FQ,Last-Item,0.0,
AFSWEZ425WGJNIFI7VKVB4GEJ7FQ,Avg-Last-10,0.0,
AFSWEZ425WGJNIFI7VKVB4GEJ7FQ,Recency-Weighted,0.0,
AFSWEZ425WGJNIFI7VKVB4GEJ7FQ,Essence (K=10),0.0,
AFSWXD34GLO5VTIPHE3HX52DCNMA,Random,0.0,0.0
AFSWXD34GLO5VTIPHE3HX52DCNMA,Popularity,0.0,0.0
AFSWXD34GLO5VTIPHE3HX52DCNMA,CF (ItemKNN),0.0,0.0
AFSWXD34GLO5VTIPHE3HX52DCNMA,Content (Avg Emb),0.0,0.0
AFSWXD34GLO5VTIPHE3HX52DCNMA,Last-Item,0.0,0.0
AFSWXD34GLO5VTIPHE3HX52DCNMA,Avg-Last-10,0.0,0.0
AFSWXD34GLO5VTIPHE3HX52DCNMA,Recency-Weighted,0.0,0.0
AFSWXD34GLO5VTIPHE3HX52DCNMA,Essence (K=10),0.0,0.0
AFSYHZQDAT4PQ7GKSNT7ISNICASQ,Random,0.0,
AFSYHZQDAT4PQ7GKSNT7ISNICASQ,Popularity,0.0,
AFSYHZQDAT4PQ7GKSNT7ISNICASQ,CF (ItemKNN),0.0,
AFSYHZQDAT4PQ7GKSNT7ISNICASQ,Content (Avg Emb),0.0,
AFSYHZQDAT4PQ7GKSNT7ISNICASQ,Last-Item,0.0,
AFSYHZQDAT4PQ7GKSNT7ISNICASQ,Avg-Last-10,0.0,
AFSYHZQDAT4PQ7GKSNT7ISNICASQ,Recency-Weighted,0.0,
AFSYHZQDAT4PQ7GKSNT7ISNICASQ,Essence (K=10),0.0,
AFSZMAGTDG5BKCDCKK67F7QROUGQ,Random,0.0,
AFSZMAGTDG5BKCDCKK67F7QROUGQ,Popularity,0.0,
AFSZMAGTDG5BKCDCKK67F7QROUGQ,CF (ItemKNN),0.0,
AFSZMAGTDG5BKCDCKK67F7QROUGQ,Content (Avg Emb),0.0,
AFSZMAGTDG5BKCDCKK67F7QROUGQ,Last-Item,0.0,
AFSZMAGTDG5BKCDCKK67F7QROUGQ,Avg-Last-10,0.0,
AFSZMAGTDG5BKCDCKK67F7QROUGQ,Recency-Weighted,0.0,
AFSZMAGTDG5BKCDCKK67F7QROUGQ,Essence (K=10),0.0,
AFT3YHWCYHS2JFL3KGSYZE2WWEDQ,Random,0.0,0.0
AFT3YHWCYHS2JFL3KGSYZE2WWEDQ,Popularity,0.0,0.0
AFT3YHWCYHS2JFL3KGSYZE2WWEDQ,CF (ItemKNN),0.0,0.0
AFT3YHWCYHS2JFL3KGSYZE2WWEDQ,Content (Avg Emb),0.0,0.0
AFT3YHWCYHS2JFL3KGSYZE2WWEDQ,Last-Item,0.0,0.0
AFT3YHWCYHS2JFL3KGSYZE2WWEDQ,Avg-Last-10,0.0,0.0
AFT3YHWCYHS2JFL3KGSYZE2WWEDQ,Recency-Weighted,0.0,0.0
AFT3YHWCYHS2JFL3KGSYZE2WWEDQ,Essence (K=10),0.0,0.0
AFT4T2PAAZD5W54435XWYWRTNDAQ,Random,0.0,0.0
AFT4T2PAAZD5W54435XWYWRTNDAQ,Popularity,0.0,0.0
AFT4T2PAAZD5W54435XWYWRTNDAQ,CF (ItemKNN),0.0,0.0
AFT4T2PAAZD5W54435XWYWRTNDAQ,Content (Avg Emb),0.0,0.0
AFT4T2PAAZD5W54435XWYWRTNDAQ,Last-Item,0.0,0.0
AFT4T2PAAZD5W54435XWYWRTNDAQ,Avg-Last-10,0.045454545454545456,0.0
AFT4T2PAAZD5W54435XWYWRTNDAQ,Recency-Weighted,0.045454545454545456,0.0
AFT4T2PAAZD5W54435XWYWRTNDAQ,Essence (K=10),0.0,0.0
AFT4VYRAGWX2QDELVN2ZR7BVRSMA,Random,0.0,
AFT4VYRAGWX2QDELVN2ZR7BVRSMA,Popularity,0.0,
AFT4VYRAGWX2QDELVN2ZR7BVRSMA,CF (ItemKNN),0.0,
AFT4VYRAGWX2QDELVN2ZR7BVRSMA,Content (Avg Emb),0.0,
AFT4VYRAGWX2QDELVN2ZR7BVRSMA,Last-Item,0.0,
AFT4VYRAGWX2QDELVN2ZR7BVRSMA,Avg-Last-10,0.0,
AFT4VYRAGWX2QDELVN2ZR7BVRSMA,Recency-Weighted,0.0,
AFT4VYRAGWX2QDELVN2ZR7BVRSMA,Essence (K=10),0.0,
AFT56AY52G2YDF7THIDKQL3TKNJA,Random,0.0,0.0
AFT56AY52G2YDF7THIDKQL3TKNJA,Popularity,0.0,0.0
AFT56AY52G2YDF7THIDKQL3TKNJA,CF (ItemKNN),0.0,0.0
AFT56AY52G2YDF7THIDKQL3TKNJA,Content (Avg Emb),0.375,0.0
AFT56AY52G2YDF7THIDKQL3TKNJA,Last-Item,0.375,0.0
AFT56AY52G2YDF7THIDKQL3TKNJA,Avg-Last-10,0.375,0.0
AFT56AY52G2YDF7THIDKQL3TKNJA,Recency-Weighted,0.375,0.0
AFT56AY52G2YDF7THIDKQL3TKNJA,Essence (K=10),0.375,0.0
AFT5NNHKFXRF3XGSEHWEKX5N2MPA,Random,0.0,0.0
AFT5NNHKFXRF3XGSEHWEKX5N2MPA,Popularity,0.0,0.0
AFT5NNHKFXRF3XGSEHWEKX5N2MPA,CF (ItemKNN),0.0,0.0
AFT5NNHKFXRF3XGSEHWEKX5N2MPA,Content (Avg Emb),0.0,0.0
AFT5NNHKFXRF3XGSEHWEKX5N2MPA,Last-Item,0.0,0.0
AFT5NNHKFXRF3XGSEHWEKX5N2MPA,Avg-Last-10,0.0,0.0
AFT5NNHKFXRF3XGSEHWEKX5N2MPA,Recency-Weighted,0.0,0.0
AFT5NNHKFXRF3XGSEHWEKX5N2MPA,Essence (K=10),0.0,0.0
AFTASIOGULNPNAV2QHJ2QM2GXAVQ,Random,0.0,
AFTASIOGULNPNAV2QHJ2QM2GXAVQ,Popularity,0.0,
AFTASIOGULNPNAV2QHJ2QM2GXAVQ,CF (ItemKNN),0.0,
AFTASIOGULNPNAV2QHJ2QM2GXAVQ,Content (Avg Emb),0.0,
AFTASIOGULNPNAV2QHJ2QM2GXAVQ,Last-Item,0.0,
AFTASIOGULNPNAV2QHJ2QM2GXAVQ,Avg-Last-10,0.0,
AFTASIOGULNPNAV2QHJ2QM2GXAVQ,Recency-Weighted,0.0,
AFTASIOGULNPNAV2QHJ2QM2GXAVQ,Essence (K=10),0.0,
AFTBP422RJVMGNJA5HQ4NJMYK3PQ,Random,0.0,0.0
AFTBP422RJVMGNJA5HQ4NJMYK3PQ,Popularity,0.0,0.0
AFTBP422RJVMGNJA5HQ4NJMYK3PQ,CF (ItemKNN),0.0,0.0
AFTBP422RJVMGNJA5HQ4NJMYK3PQ,Content (Avg Emb),0.0,0.0
AFTBP422RJVMGNJA5HQ4NJMYK3PQ,Last-Item,0.0,0.0
AFTBP422RJVMGNJA5HQ4NJMYK3PQ,Avg-Last-10,0.0,0.0
AFTBP422RJVMGNJA5HQ4NJMYK3PQ,Recency-Weighted,0.0,0.0
AFTBP422RJVMGNJA5HQ4NJMYK3PQ,Essence (K=10),0.0,0.0
AFTGOPUQWK3HHUF6XGXF4XLOXBLA,Random,0.0,
AFTGOPUQWK3HHUF6XGXF4XLOXBLA,Popularity,0.0,
AFTGOPUQWK3HHUF6XGXF4XLOXBLA,CF (ItemKNN),0.0,
AFTGOPUQWK3HHUF6XGXF4XLOXBLA,Content (Avg Emb),0.0,
AFTGOPUQWK3HHUF6XGXF4XLOXBLA,Last-Item,0.0,
AFTGOPUQWK3HHUF6XGXF4XLOXBLA,Avg-Last-10,0.3333333333333333,
AFTGOPUQWK3HHUF6XGXF4XLOXBLA,Recency-Weighted,0.3333333333333333,
AFTGOPUQWK3HHUF6XGXF4XLOXBLA,Essence (K=10),0.0,
AFTKJMRZVGETI7IBXDQWOULOBKSA,Random,0.0,0.0
AFTKJMRZVGETI7IBXDQWOULOBKSA,Popularity,0.0,0.0
AFTKJMRZVGETI7IBXDQWOULOBKSA,CF (ItemKNN),0.0,0.0
AFTKJMRZVGETI7IBXDQWOULOBKSA,Content (Avg Emb),0.0,0.0
AFTKJMRZVGETI7IBXDQWOULOBKSA,Last-Item,0.0,0.0
AFTKJMRZVGETI7IBXDQWOULOBKSA,Avg-Last-10,0.0,0.0
AFTKJMRZVGETI7IBXDQWOULOBKSA,Recency-Weighted,0.0,0.0
AFTKJMRZVGETI7IBXDQWOULOBKSA,Essence (K=10),0.0,0.0
AFTKKUXXNUYCGVEUCNH7RISTVX5A,Random,0.0,0.0
AFTKKUXXNUYCGVEUCNH7RISTVX5A,Popularity,0.0,0.0
AFTKKUXXNUYCGVEUCNH7RISTVX5A,CF (ItemKNN),0.0,0.0
AFTKKUXXNUYCGVEUCNH7RISTVX5A,Content (Avg Emb),0.0,0.0
AFTKKUXXNUYCGVEUCNH7RISTVX5A,Last-Item,0.0,0.0
AFTKKUXXNUYCGVEUCNH7RISTVX5A,Avg-Last-10,0.0,0.0
AFTKKUXXNUYCGVEUCNH7RISTVX5A,Recency-Weighted,0.0,0.0
AFTKKUXXNUYCGVEUCNH7RISTVX5A,Essence (K=10),0.0,0.0
AFTNNUYO4K3HD6I2U2PRK7RLR2OA,Random,0.0,0.0
AFTNNUYO4K3HD6I2U2PRK7RLR2OA,Popularity,0.0,0.0
AFTNNUYO4K3HD6I2U2PRK7RLR2OA,CF (ItemKNN),0.0,0.0
AFTNNUYO4K3HD6I2U2PRK7RLR2OA,Content (Avg Emb),0.0,0.0
AFTNNUYO4K3HD6I2U2PRK7RLR2OA,Last-Item,0.0,0.0
AFTNNUYO4K3HD6I2U2PRK7RLR2OA,Avg-Last-10,0.0,0.0
AFTNNUYO4K3HD6I2U2PRK7RLR2OA,Recency-Weighted,0.0,0.0
AFTNNUYO4K3HD6I2U2PRK7RLR2OA,Essence (K=10),0.0,0.0
AFTPD7ZP727XSPE3W7WIFJEFNHJA,Random,0.0,
AFTPD7ZP727XSPE3W7WIFJEFNHJA,Popularity,0.0,
AFTPD7ZP727XSPE3W7WIFJEFNHJA,CF (ItemKNN),0.0,
AFTPD7ZP727XSPE3W7WIFJEFNHJA,Content (Avg Emb),0.0,
AFTPD7ZP727XSPE3W7WIFJEFNHJA,Last-Item,0.0,
AFTPD7ZP727XSPE3W7WIFJEFNHJA,Avg-Last-10,0.0,
AFTPD7ZP727XSPE3W7WIFJEFNHJA,Recency-Weighted,0.0,
AFTPD7ZP727XSPE3W7WIFJEFNHJA,Essence (K=10),0.0,
AFTPKM4HAK7LYVZCFCX62GMSQ4TA,Random,0.0,0.0
AFTPKM4HAK7LYVZCFCX62GMSQ4TA,Popularity,0.0,0.0
AFTPKM4HAK7LYVZCFCX62GMSQ4TA,CF (ItemKNN),0.0,0.0
AFTPKM4HAK7LYVZCFCX62GMSQ4TA,Content (Avg Emb),0.0,0.0
AFTPKM4HAK7LYVZCFCX62GMSQ4TA,Last-Item,0.0,0.0
AFTPKM4HAK7LYVZCFCX62GMSQ4TA,Avg-Last-10,0.0,0.0
AFTPKM4HAK7LYVZCFCX62GMSQ4TA,Recency-Weighted,0.0,0.0
AFTPKM4HAK7LYVZCFCX62GMSQ4TA,Essence (K=10),0.0,0.0
AFTRJYNVYCJYM2PX7LW4GKFUQMZA,Random,0.0,0.0
AFTRJYNVYCJYM2PX7LW4GKFUQMZA,Popularity,0.0,0.0
AFTRJYNVYCJYM2PX7LW4GKFUQMZA,CF (ItemKNN),0.0,0.0
AFTRJYNVYCJYM2PX7LW4GKFUQMZA,Content (Avg Emb),0.0,0.0
AFTRJYNVYCJYM2PX7LW4GKFUQMZA,Last-Item,0.0,0.0
AFTRJYNVYCJYM2PX7LW4GKFUQMZA,Avg-Last-10,0.0,0.0
AFTRJYNVYCJYM2PX7LW4GKFUQMZA,Recency-Weighted,0.0,0.0
AFTRJYNVYCJYM2PX7LW4GKFUQMZA,Essence (K=10),0.0,0.0
AFTTNYGQV7QLLL33JUVYBTSMSWQA,Random,0.0,
AFTTNYGQV7QLLL33JUVYBTSMSWQA,Popularity,0.0,
AFTTNYGQV7QLLL33JUVYBTSMSWQA,CF (ItemKNN),0.0,
AFTTNYGQV7QLLL33JUVYBTSMSWQA,Content (Avg Emb),0.0,
AFTTNYGQV7QLLL33JUVYBTSMSWQA,Last-Item,0.0,
AFTTNYGQV7QLLL33JUVYBTSMSWQA,Avg-Last-10,0.0,
AFTTNYGQV7QLLL33JUVYBTSMSWQA,Recency-Weighted,0.0,
AFTTNYGQV7QLLL33JUVYBTSMSWQA,Essence (K=10),0.0,
AFTV5USRMKUEOXLJOLA6BGGSLX5A,Random,0.0,0.0
AFTV5USRMKUEOXLJOLA6BGGSLX5A,Popularity,0.0,0.0
AFTV5USRMKUEOXLJOLA6BGGSLX5A,CF (ItemKNN),0.0,0.0
AFTV5USRMKUEOXLJOLA6BGGSLX5A,Content (Avg Emb),0.3333333333333333,0.0
AFTV5USRMKUEOXLJOLA6BGGSLX5A,Last-Item,0.3333333333333333,0.0
AFTV5USRMKUEOXLJOLA6BGGSLX5A,Avg-Last-10,0.25,0.0
AFTV5USRMKUEOXLJOLA6BGGSLX5A,Recency-Weighted,0.3333333333333333,0.0
AFTV5USRMKUEOXLJOLA6BGGSLX5A,Essence (K=10),0.25,0.0
AFTW7AY6OXXMBNJZA7GZEYZBU42Q,Random,0.0,
AFTW7AY6OXXMBNJZA7GZEYZBU42Q,Popularity,0.0,
AFTW7AY6OXXMBNJZA7GZEYZBU42Q,CF (ItemKNN),0.0,
AFTW7AY6OXXMBNJZA7GZEYZBU42Q,Content (Avg Emb),0.0,
AFTW7AY6OXXMBNJZA7GZEYZBU42Q,Last-Item,0.0,
AFTW7AY6OXXMBNJZA7GZEYZBU42Q,Avg-Last-10,0.0,
AFTW7AY6OXXMBNJZA7GZEYZBU42Q,Recency-Weighted,0.0,
AFTW7AY6OXXMBNJZA7GZEYZBU42Q,Essence (K=10),0.0,
AFTYAJUWTJUQAGJU3CRA7Y24LHKQ,Random,0.0,0.0
AFTYAJUWTJUQAGJU3CRA7Y24LHKQ,Popularity,0.0,0.0
AFTYAJUWTJUQAGJU3CRA7Y24LHKQ,CF (ItemKNN),0.0,0.0
AFTYAJUWTJUQAGJU3CRA7Y24LHKQ,Content (Avg Emb),0.0,0.0
AFTYAJUWTJUQAGJU3CRA7Y24LHKQ,Last-Item,0.0,0.0
AFTYAJUWTJUQAGJU3CRA7Y24LHKQ,Avg-Last-10,0.0,0.0
AFTYAJUWTJUQAGJU3CRA7Y24LHKQ,Recency-Weighted,0.0,0.0
AFTYAJUWTJUQAGJU3CRA7Y24LHKQ,Essence (K=10),0.0,0.0
AFU3FCPAJTMMESLEPHGBWHBKGGTQ,Random,0.0,0.0
AFU3FCPAJTMMESLEPHGBWHBKGGTQ,Popularity,0.0,0.0
AFU3FCPAJTMMESLEPHGBWHBKGGTQ,CF (ItemKNN),0.0,0.0
AFU3FCPAJTMMESLEPHGBWHBKGGTQ,Content (Avg Emb),0.0,0.0
AFU3FCPAJTMMESLEPHGBWHBKGGTQ,Last-Item,0.0,0.0
AFU3FCPAJTMMESLEPHGBWHBKGGTQ,Avg-Last-10,0.0,0.0
AFU3FCPAJTMMESLEPHGBWHBKGGTQ,Recency-Weighted,0.0,0.0
AFU3FCPAJTMMESLEPHGBWHBKGGTQ,Essence (K=10),0.0,0.0
AFU5RFPYR6SSTS7RTNX2WU6TJDEA,Random,0.0,
AFU5RFPYR6SSTS7RTNX2WU6TJDEA,Popularity,0.0,
AFU5RFPYR6SSTS7RTNX2WU6TJDEA,CF (ItemKNN),0.0,
AFU5RFPYR6SSTS7RTNX2WU6TJDEA,Content (Avg Emb),0.0,
AFU5RFPYR6SSTS7RTNX2WU6TJDEA,Last-Item,0.0,
AFU5RFPYR6SSTS7RTNX2WU6TJDEA,Avg-Last-10,0.0,
AFU5RFPYR6SSTS7RTNX2WU6TJDEA,Recency-Weighted,0.0,
AFU5RFPYR6SSTS7RTNX2WU6TJDEA,Essence (K=10),0.0,
AFU6G2LUQN6DD356WNLHUWNQSZTQ,Random,0.0,0.0
AFU6G2LUQN6DD356WNLHUWNQSZTQ,Popularity,0.0,0.0
AFU6G2LUQN6DD356WNLHUWNQSZTQ,CF (ItemKNN),0.05,0.0
AFU6G2LUQN6DD356WNLHUWNQSZTQ,Content (Avg Emb),0.0,0.0
AFU6G2LUQN6DD356WNLHUWNQSZTQ,Last-Item,0.0,0.0
AFU6G2LUQN6DD356WNLHUWNQSZTQ,Avg-Last-10,0.0,0.0
AFU6G2LUQN6DD356WNLHUWNQSZTQ,Recency-Weighted,0.0,0.0
AFU6G2LUQN6DD356WNLHUWNQSZTQ,Essence (K=10),0.0,0.0
AFU6H2YGKXAWNLNTQHBODV3NPAEA,Random,0.0,
AFU6H2YGKXAWNLNTQHBODV3NPAEA,Popularity,0.0,
AFU6H2YGKXAWNLNTQHBODV3NPAEA,CF (ItemKNN),0.0,
AFU6H2YGKXAWNLNTQHBODV3NPAEA,Content (Avg Emb),0.0,
AFU6H2YGKXAWNLNTQHBODV3NPAEA,Last-Item,0.0,
AFU6H2YGKXAWNLNTQHBODV3NPAEA,Avg-Last-10,0.0,
AFU6H2YGKXAWNLNTQHBODV3NPAEA,Recency-Weighted,0.0,
AFU6H2YGKXAWNLNTQHBODV3NPAEA,Essence (K=10),0.0,
AFU6PVE2K3CEEMZALEJ6LAMZ76RQ,Random,0.0,0.0
AFU6PVE2K3CEEMZALEJ6LAMZ76RQ,Popularity,0.0,0.0
AFU6PVE2K3CEEMZALEJ6LAMZ76RQ,CF (ItemKNN),0.0,0.0
AFU6PVE2K3CEEMZALEJ6LAMZ76RQ,Content (Avg Emb),0.0,0.0
AFU6PVE2K3CEEMZALEJ6LAMZ76RQ,Last-Item,0.0,0.0
AFU6PVE2K3CEEMZALEJ6LAMZ76RQ,Avg-Last-10,0.0,0.0
AFU6PVE2K3CEEMZALEJ6LAMZ76RQ,Recency-Weighted,0.0,0.0
AFU6PVE2K3CEEMZALEJ6LAMZ76RQ,Essence (K=10),0.0,0.0
AFUA2JGPQTAC4ZRCHYRWSQSU66JA,Random,0.0,0.0
AFUA2JGPQTAC4ZRCHYRWSQSU66JA,Popularity,0.0,0.0
AFUA2JGPQTAC4ZRCHYRWSQSU66JA,CF (ItemKNN),0.0,0.0
AFUA2JGPQTAC4ZRCHYRWSQSU66JA,Content (Avg Emb),0.0,0.0
AFUA2JGPQTAC4ZRCHYRWSQSU66JA,Last-Item,0.2,0.5
AFUA2JGPQTAC4ZRCHYRWSQSU66JA,Avg-Last-10,0.0,0.0
AFUA2JGPQTAC4ZRCHYRWSQSU66JA,Recency-Weighted,0.0,0.0
AFUA2JGPQTAC4ZRCHYRWSQSU66JA,Essence (K=10),0.0,0.0
AFUB4WQT5LABYIYN5PSDBTFAYW5A,Random,0.0,0.0
AFUB4WQT5LABYIYN5PSDBTFAYW5A,Popularity,0.0,0.0
AFUB4WQT5LABYIYN5PSDBTFAYW5A,CF (ItemKNN),0.0,0.0
AFUB4WQT5LABYIYN5PSDBTFAYW5A,Content (Avg Emb),0.0,0.0
AFUB4WQT5LABYIYN5PSDBTFAYW5A,Last-Item,0.0,0.0
AFUB4WQT5LABYIYN5PSDBTFAYW5A,Avg-Last-10,0.0,0.0
AFUB4WQT5LABYIYN5PSDBTFAYW5A,Recency-Weighted,0.0,0.0
AFUB4WQT5LABYIYN5PSDBTFAYW5A,Essence (K=10),0.0,0.0
AFUD3FUDYPT7EXV3C5AAI5ULKJLQ,Random,0.0,0.0
AFUD3FUDYPT7EXV3C5AAI5ULKJLQ,Popularity,0.0,0.0
AFUD3FUDYPT7EXV3C5AAI5ULKJLQ,CF (ItemKNN),0.0,0.0
AFUD3FUDYPT7EXV3C5AAI5ULKJLQ,Content (Avg Emb),0.0,0.0
AFUD3FUDYPT7EXV3C5AAI5ULKJLQ,Last-Item,0.4,0.5
AFUD3FUDYPT7EXV3C5AAI5ULKJLQ,Avg-Last-10,0.0,0.0
AFUD3FUDYPT7EXV3C5AAI5ULKJLQ,Recency-Weighted,0.2,0.25
AFUD3FUDYPT7EXV3C5AAI5ULKJLQ,Essence (K=10),0.0,0.0
AFUDUAQHFTSGU2HD5U462H2OCZTA,Random,0.0,
AFUDUAQHFTSGU2HD5U462H2OCZTA,Popularity,0.0,
AFUDUAQHFTSGU2HD5U462H2OCZTA,CF (ItemKNN),0.0,
AFUDUAQHFTSGU2HD5U462H2OCZTA,Content (Avg Emb),0.0,
AFUDUAQHFTSGU2HD5U462H2OCZTA,Last-Item,0.0,
AFUDUAQHFTSGU2HD5U462H2OCZTA,Avg-Last-10,0.0,
AFUDUAQHFTSGU2HD5U462H2OCZTA,Recency-Weighted,0.0,
AFUDUAQHFTSGU2HD5U462H2OCZTA,Essence (K=10),0.0,
AFUHGIHKDPPICEN2ZGZV5XUAU27Q,Random,0.0,0.0
AFUHGIHKDPPICEN2ZGZV5XUAU27Q,Popularity,0.0,0.0
AFUHGIHKDPPICEN2ZGZV5XUAU27Q,CF (ItemKNN),0.0,0.0
AFUHGIHKDPPICEN2ZGZV5XUAU27Q,Content (Avg Emb),0.0,0.0
AFUHGIHKDPPICEN2ZGZV5XUAU27Q,Last-Item,0.0,0.0
AFUHGIHKDPPICEN2ZGZV5XUAU27Q,Avg-Last-10,0.0,0.0
AFUHGIHKDPPICEN2ZGZV5XUAU27Q,Recency-Weighted,0.0,0.0
AFUHGIHKDPPICEN2ZGZV5XUAU27Q,Essence (K=10),0.0,0.0
AFUHUI2URN4L3V3SJSUCBC4PMUTA,Random,0.0,
AFUHUI2URN4L3V3SJSUCBC4PMUTA,Popularity,0.0,
AFUHUI2URN4L3V3SJSUCBC4PMUTA,CF (ItemKNN),0.0,
AFUHUI2URN4L3V3SJSUCBC4PMUTA,Content (Avg Emb),0.0,
AFUHUI2URN4L3V3SJSUCBC4PMUTA,Last-Item,0.0,
AFUHUI2URN4L3V3SJSUCBC4PMUTA,Avg-Last-10,0.0,
AFUHUI2URN4L3V3SJSUCBC4PMUTA,Recency-Weighted,0.0,
AFUHUI2URN4L3V3SJSUCBC4PMUTA,Essence (K=10),0.0,
AFUJOUZGWYAQEHGA2VXBWLSZEZSQ,Random,0.0,
AFUJOUZGWYAQEHGA2VXBWLSZEZSQ,Popularity,0.0,
AFUJOUZGWYAQEHGA2VXBWLSZEZSQ,CF (ItemKNN),0.0,
AFUJOUZGWYAQEHGA2VXBWLSZEZSQ,Content (Avg Emb),0.0,
AFUJOUZGWYAQEHGA2VXBWLSZEZSQ,Last-Item,0.0,
AFUJOUZGWYAQEHGA2VXBWLSZEZSQ,Avg-Last-10,0.0,
AFUJOUZGWYAQEHGA2VXBWLSZEZSQ,Recency-Weighted,0.0,
AFUJOUZGWYAQEHGA2VXBWLSZEZSQ,Essence (K=10),0.0,
AFUKM3ZMTVL422UM36EXIUX4QW5Q,Random,0.0,0.0
AFUKM3ZMTVL422UM36EXIUX4QW5Q,Popularity,0.0,0.0
AFUKM3ZMTVL422UM36EXIUX4QW5Q,CF (ItemKNN),0.0,0.0
AFUKM3ZMTVL422UM36EXIUX4QW5Q,Content (Avg Emb),0.0,0.0
AFUKM3ZMTVL422UM36EXIUX4QW5Q,Last-Item,0.0,0.0
AFUKM3ZMTVL422UM36EXIUX4QW5Q,Avg-Last-10,0.0,0.0
AFUKM3ZMTVL422UM36EXIUX4QW5Q,Recency-Weighted,0.0,0.0
AFUKM3ZMTVL422UM36EXIUX4QW5Q,Essence (K=10),0.0,0.0
AFUMIKVTEAUNXVVZDLEQANSRXCKQ,Random,0.0,0.0
AFUMIKVTEAUNXVVZDLEQANSRXCKQ,Popularity,0.0,0.0
AFUMIKVTEAUNXVVZDLEQANSRXCKQ,CF (ItemKNN),0.0,0.0
AFUMIKVTEAUNXVVZDLEQANSRXCKQ,Content (Avg Emb),0.0,0.0
AFUMIKVTEAUNXVVZDLEQANSRXCKQ,Last-Item,0.0,0.0
AFUMIKVTEAUNXVVZDLEQANSRXCKQ,Avg-Last-10,0.0,0.0
AFUMIKVTEAUNXVVZDLEQANSRXCKQ,Recency-Weighted,0.0,0.0
AFUMIKVTEAUNXVVZDLEQANSRXCKQ,Essence (K=10),0.0,0.0
AFUUT4PIL6GON5DYTYDGGGJI5LRA,Random,0.0,
AFUUT4PIL6GON5DYTYDGGGJI5LRA,Popularity,0.0,
AFUUT4PIL6GON5DYTYDGGGJI5LRA,CF (ItemKNN),0.0,
AFUUT4PIL6GON5DYTYDGGGJI5LRA,Content (Avg Emb),0.0,
AFUUT4PIL6GON5DYTYDGGGJI5LRA,Last-Item,0.0,
AFUUT4PIL6GON5DYTYDGGGJI5LRA,Avg-Last-10,0.0,
AFUUT4PIL6GON5DYTYDGGGJI5LRA,Recency-Weighted,0.0,
AFUUT4PIL6GON5DYTYDGGGJI5LRA,Essence (K=10),0.0,
AFUWAWDVNEFSIIBIWMBDLYQT3GPA,Random,0.0,
AFUWAWDVNEFSIIBIWMBDLYQT3GPA,Popularity,0.0,
AFUWAWDVNEFSIIBIWMBDLYQT3GPA,CF (ItemKNN),0.0,
AFUWAWDVNEFSIIBIWMBDLYQT3GPA,Content (Avg Emb),0.0,
AFUWAWDVNEFSIIBIWMBDLYQT3GPA,Last-Item,0.0,
AFUWAWDVNEFSIIBIWMBDLYQT3GPA,Avg-Last-10,0.0,
AFUWAWDVNEFSIIBIWMBDLYQT3GPA,Recency-Weighted,0.0,
AFUWAWDVNEFSIIBIWMBDLYQT3GPA,Essence (K=10),0.0,
AFUXCBNNXQEWX2PZNBXKMXD25GLA,Random,0.0,0.0
AFUXCBNNXQEWX2PZNBXKMXD25GLA,Popularity,0.0,0.0
AFUXCBNNXQEWX2PZNBXKMXD25GLA,CF (ItemKNN),0.0,0.0
AFUXCBNNXQEWX2PZNBXKMXD25GLA,Content (Avg Emb),0.0,0.0
AFUXCBNNXQEWX2PZNBXKMXD25GLA,Last-Item,0.0,0.0
AFUXCBNNXQEWX2PZNBXKMXD25GLA,Avg-Last-10,0.0,0.0
AFUXCBNNXQEWX2PZNBXKMXD25GLA,Recency-Weighted,0.0,0.0
AFUXCBNNXQEWX2PZNBXKMXD25GLA,Essence (K=10),0.0,0.0
AFUXKMDIT6XMYE35BTGEAXB7TNGA,Random,0.0,0.0
AFUXKMDIT6XMYE35BTGEAXB7TNGA,Popularity,0.0,0.0
AFUXKMDIT6XMYE35BTGEAXB7TNGA,CF (ItemKNN),0.0,0.0
AFUXKMDIT6XMYE35BTGEAXB7TNGA,Content (Avg Emb),0.0,0.0
AFUXKMDIT6XMYE35BTGEAXB7TNGA,Last-Item,0.0,0.0
AFUXKMDIT6XMYE35BTGEAXB7TNGA,Avg-Last-10,0.0,0.0
AFUXKMDIT6XMYE35BTGEAXB7TNGA,Recency-Weighted,0.0,0.0
AFUXKMDIT6XMYE35BTGEAXB7TNGA,Essence (K=10),0.0,0.0
AFUXQL6CWLNTF5HEAIQOLHT5JMEQ,Random,0.0,0.0
AFUXQL6CWLNTF5HEAIQOLHT5JMEQ,Popularity,0.0,0.0
AFUXQL6CWLNTF5HEAIQOLHT5JMEQ,CF (ItemKNN),0.0,0.0
AFUXQL6CWLNTF5HEAIQOLHT5JMEQ,Content (Avg Emb),0.0,0.0
AFUXQL6CWLNTF5HEAIQOLHT5JMEQ,Last-Item,0.0,0.0
AFUXQL6CWLNTF5HEAIQOLHT5JMEQ,Avg-Last-10,0.0,0.0
AFUXQL6CWLNTF5HEAIQOLHT5JMEQ,Recency-Weighted,0.0,0.0
AFUXQL6CWLNTF5HEAIQOLHT5JMEQ,Essence (K=10),0.0,0.0
AFUZG4S57VOZIENQ5LJHBPEO5T2Q,Random,0.0,0.0
AFUZG4S57VOZIENQ5LJHBPEO5T2Q,Popularity,0.0,0.0
AFUZG4S57VOZIENQ5LJHBPEO5T2Q,CF (ItemKNN),0.0,0.0
AFUZG4S57VOZIENQ5LJHBPEO5T2Q,Content (Avg Emb),0.0,0.0
AFUZG4S57VOZIENQ5LJHBPEO5T2Q,Last-Item,0.0,0.0
AFUZG4S57VOZIENQ5LJHBPEO5T2Q,Avg-Last-10,0.0,0.0
AFUZG4S57VOZIENQ5LJHBPEO5T2Q,Recency-Weighted,0.0,0.0
AFUZG4S57VOZIENQ5LJHBPEO5T2Q,Essence (K=10),0.0,0.0
AFV3NEEBX3WBMAC2Y3DWU3A3KWAQ,Random,0.0,0.0
AFV3NEEBX3WBMAC2Y3DWU3A3KWAQ,Popularity,0.0,0.0
AFV3NEEBX3WBMAC2Y3DWU3A3KWAQ,CF (ItemKNN),0.0,0.0
AFV3NEEBX3WBMAC2Y3DWU3A3KWAQ,Content (Avg Emb),0.0,0.0
AFV3NEEBX3WBMAC2Y3DWU3A3KWAQ,Last-Item,0.0,0.0
AFV3NEEBX3WBMAC2Y3DWU3A3KWAQ,Avg-Last-10,0.0,0.0
AFV3NEEBX3WBMAC2Y3DWU3A3KWAQ,Recency-Weighted,0.0,0.0
AFV3NEEBX3WBMAC2Y3DWU3A3KWAQ,Essence (K=10),0.0,0.0
AFV3PFJC6GC472ROH6MY2EUJDSMQ,Random,0.0,
AFV3PFJC6GC472ROH6MY2EUJDSMQ,Popularity,0.0,
AFV3PFJC6GC472ROH6MY2EUJDSMQ,CF (ItemKNN),0.0,
AFV3PFJC6GC472ROH6MY2EUJDSMQ,Content (Avg Emb),0.0,
AFV3PFJC6GC472ROH6MY2EUJDSMQ,Last-Item,0.0,
AFV3PFJC6GC472ROH6MY2EUJDSMQ,Avg-Last-10,0.0,
AFV3PFJC6GC472ROH6MY2EUJDSMQ,Recency-Weighted,0.0,
AFV3PFJC6GC472ROH6MY2EUJDSMQ,Essence (K=10),0.0,
AFV55HV64I3BGOSWNZ7IWUE2UJ4A,Random,0.0,0.0
AFV55HV64I3BGOSWNZ7IWUE2UJ4A,Popularity,0.0,0.0
AFV55HV64I3BGOSWNZ7IWUE2UJ4A,CF (ItemKNN),0.0,0.0
AFV55HV64I3BGOSWNZ7IWUE2UJ4A,Content (Avg Emb),0.0,0.0
AFV55HV64I3BGOSWNZ7IWUE2UJ4A,Last-Item,0.0,0.0
AFV55HV64I3BGOSWNZ7IWUE2UJ4A,Avg-Last-10,0.0,0.0
AFV55HV64I3BGOSWNZ7IWUE2UJ4A,Recency-Weighted,0.0,0.0
AFV55HV64I3BGOSWNZ7IWUE2UJ4A,Essence (K=10),0.0,0.0
AFV5NL26UDUOOUL3CJMXCHMM35HA,Random,0.0,0.0
AFV5NL26UDUOOUL3CJMXCHMM35HA,Popularity,0.0,0.0
AFV5NL26UDUOOUL3CJMXCHMM35HA,CF (ItemKNN),0.0,0.0
AFV5NL26UDUOOUL3CJMXCHMM35HA,Content (Avg Emb),0.0,0.0
AFV5NL26UDUOOUL3CJMXCHMM35HA,Last-Item,0.0,0.0
AFV5NL26UDUOOUL3CJMXCHMM35HA,Avg-Last-10,0.0,0.0
AFV5NL26UDUOOUL3CJMXCHMM35HA,Recency-Weighted,0.0,0.0
AFV5NL26UDUOOUL3CJMXCHMM35HA,Essence (K=10),0.0,0.0
AFVA5ZMBAKHNDSYOZ4XTKFTDBGNA,Random,0.0,
AFVA5ZMBAKHNDSYOZ4XTKFTDBGNA,Popularity,0.0,
AFVA5ZMBAKHNDSYOZ4XTKFTDBGNA,CF (ItemKNN),0.0,
AFVA5ZMBAKHNDSYOZ4XTKFTDBGNA,Content (Avg Emb),0.0,
AFVA5ZMBAKHNDSYOZ4XTKFTDBGNA,Last-Item,0.0,
AFVA5ZMBAKHNDSYOZ4XTKFTDBGNA,Avg-Last-10,0.0,
AFVA5ZMBAKHNDSYOZ4XTKFTDBGNA,Recency-Weighted,0.0,
AFVA5ZMBAKHNDSYOZ4XTKFTDBGNA,Essence (K=10),0.0,
AFVAEZ7Q5YA5B75JT4SNDZSIG2AQ,Random,0.0,0.0
AFVAEZ7Q5YA5B75JT4SNDZSIG2AQ,Popularity,0.0,0.0
AFVAEZ7Q5YA5B75JT4SNDZSIG2AQ,CF (ItemKNN),0.0,0.0
AFVAEZ7Q5YA5B75JT4SNDZSIG2AQ,Content (Avg Emb),0.0,0.0
AFVAEZ7Q5YA5B75JT4SNDZSIG2AQ,Last-Item,0.3125,0.0
AFVAEZ7Q5YA5B75JT4SNDZSIG2AQ,Avg-Last-10,0.3125,0.0
AFVAEZ7Q5YA5B75JT4SNDZSIG2AQ,Recency-Weighted,0.3125,0.0
AFVAEZ7Q5YA5B75JT4SNDZSIG2AQ,Essence (K=10),0.3125,0.0
AFVBF4O55YFYHJU4CGHUHSAOTOSQ,Random,0.0,0.0
AFVBF4O55YFYHJU4CGHUHSAOTOSQ,Popularity,0.0,0.0
AFVBF4O55YFYHJU4CGHUHSAOTOSQ,CF (ItemKNN),0.0,0.0
AFVBF4O55YFYHJU4CGHUHSAOTOSQ,Content (Avg Emb),0.0,0.0
AFVBF4O55YFYHJU4CGHUHSAOTOSQ,Last-Item,0.0,0.0
AFVBF4O55YFYHJU4CGHUHSAOTOSQ,Avg-Last-10,0.0,0.0
AFVBF4O55YFYHJU4CGHUHSAOTOSQ,Recency-Weighted,0.0,0.0
AFVBF4O55YFYHJU4CGHUHSAOTOSQ,Essence (K=10),0.0,0.0
AFVBJLDOZ422VDXIIPF5SXYWXRVQ,Random,0.0,0.0
AFVBJLDOZ422VDXIIPF5SXYWXRVQ,Popularity,0.125,0.0
AFVBJLDOZ422VDXIIPF5SXYWXRVQ,CF (ItemKNN),0.0,0.0
AFVBJLDOZ422VDXIIPF5SXYWXRVQ,Content (Avg Emb),0.0,0.0
AFVBJLDOZ422VDXIIPF5SXYWXRVQ,Last-Item,0.125,1.0
AFVBJLDOZ422VDXIIPF5SXYWXRVQ,Avg-Last-10,0.0,0.0
AFVBJLDOZ422VDXIIPF5SXYWXRVQ,Recency-Weighted,0.0,0.0
AFVBJLDOZ422VDXIIPF5SXYWXRVQ,Essence (K=10),0.0,0.0
AFVGNDZRDRJXFMNQ3KLEXN2EAZXQ,Random,0.0,0.0
AFVGNDZRDRJXFMNQ3KLEXN2EAZXQ,Popularity,0.0,0.0
AFVGNDZRDRJXFMNQ3KLEXN2EAZXQ,CF (ItemKNN),0.0,0.0
AFVGNDZRDRJXFMNQ3KLEXN2EAZXQ,Content (Avg Emb),0.0,0.0
AFVGNDZRDRJXFMNQ3KLEXN2EAZXQ,Last-Item,0.0,0.0
AFVGNDZRDRJXFMNQ3KLEXN2EAZXQ,Avg-Last-10,0.0,0.0
AFVGNDZRDRJXFMNQ3KLEXN2EAZXQ,Recency-Weighted,0.0,0.0
AFVGNDZRDRJXFMNQ3KLEXN2EAZXQ,Essence (K=10),0.0,0.0
AFVHQUKSQ5PPN5IKN5W4N6NFXLIQ,Random,0.0,0.0
AFVHQUKSQ5PPN5IKN5W4N6NFXLIQ,Popularity,0.0,0.0
AFVHQUKSQ5PPN5IKN5W4N6NFXLIQ,CF (ItemKNN),0.0,0.0
AFVHQUKSQ5PPN5IKN5W4N6NFXLIQ,Content (Avg Emb),0.0,0.0
AFVHQUKSQ5PPN5IKN5W4N6NFXLIQ,Last-Item,0.0,0.0
AFVHQUKSQ5PPN5IKN5W4N6NFXLIQ,Avg-Last-10,0.0,0.0
AFVHQUKSQ5PPN5IKN5W4N6NFXLIQ,Recency-Weighted,0.0,0.0
AFVHQUKSQ5PPN5IKN5W4N6NFXLIQ,Essence (K=10),0.0,0.0
AFVMIQNUPZ6Y2LZY3U3JJUNVOUVA,Random,0.0,
AFVMIQNUPZ6Y2LZY3U3JJUNVOUVA,Popularity,0.0,
AFVMIQNUPZ6Y2LZY3U3JJUNVOUVA,CF (ItemKNN),0.0,
AFVMIQNUPZ6Y2LZY3U3JJUNVOUVA,Content (Avg Emb),0.125,
AFVMIQNUPZ6Y2LZY3U3JJUNVOUVA,Last-Item,0.125,
AFVMIQNUPZ6Y2LZY3U3JJUNVOUVA,Avg-Last-10,0.125,
AFVMIQNUPZ6Y2LZY3U3JJUNVOUVA,Recency-Weighted,0.125,
AFVMIQNUPZ6Y2LZY3U3JJUNVOUVA,Essence (K=10),0.25,
AFVMJ6JVNNXDM34IPILQ7MCQVV4A,Random,0.0,
AFVMJ6JVNNXDM34IPILQ7MCQVV4A,Popularity,0.0,
AFVMJ6JVNNXDM34IPILQ7MCQVV4A,CF (ItemKNN),0.0,
AFVMJ6JVNNXDM34IPILQ7MCQVV4A,Content (Avg Emb),0.0,
AFVMJ6JVNNXDM34IPILQ7MCQVV4A,Last-Item,0.0,
AFVMJ6JVNNXDM34IPILQ7MCQVV4A,Avg-Last-10,0.0,
AFVMJ6JVNNXDM34IPILQ7MCQVV4A,Recency-Weighted,0.0,
AFVMJ6JVNNXDM34IPILQ7MCQVV4A,Essence (K=10),0.0,
AFVOLYKLJNF56TSGNTW6FCNGQPTQ,Random,0.0,
AFVOLYKLJNF56TSGNTW6FCNGQPTQ,Popularity,0.0,
AFVOLYKLJNF56TSGNTW6FCNGQPTQ,CF (ItemKNN),0.0,
AFVOLYKLJNF56TSGNTW6FCNGQPTQ,Content (Avg Emb),0.0,
AFVOLYKLJNF56TSGNTW6FCNGQPTQ,Last-Item,0.0,
AFVOLYKLJNF56TSGNTW6FCNGQPTQ,Avg-Last-10,0.0,
AFVOLYKLJNF56TSGNTW6FCNGQPTQ,Recency-Weighted,0.0,
AFVOLYKLJNF56TSGNTW6FCNGQPTQ,Essence (K=10),0.0,
AFVPMCWEGWGUMSS3RDD7LBWJHYQA,Random,0.0,0.0
AFVPMCWEGWGUMSS3RDD7LBWJHYQA,Popularity,0.0,0.0
AFVPMCWEGWGUMSS3RDD7LBWJHYQA,CF (ItemKNN),0.0,0.0
AFVPMCWEGWGUMSS3RDD7LBWJHYQA,Content (Avg Emb),0.0,0.0
AFVPMCWEGWGUMSS3RDD7LBWJHYQA,Last-Item,0.0,0.0
AFVPMCWEGWGUMSS3RDD7LBWJHYQA,Avg-Last-10,0.0,0.0
AFVPMCWEGWGUMSS3RDD7LBWJHYQA,Recency-Weighted,0.0,0.0
AFVPMCWEGWGUMSS3RDD7LBWJHYQA,Essence (K=10),0.0,0.0
AFVQUI7T3LNGVZRWTYGX7WNNK32Q,Random,0.0,0.0
AFVQUI7T3LNGVZRWTYGX7WNNK32Q,Popularity,0.0,0.0
AFVQUI7T3LNGVZRWTYGX7WNNK32Q,CF (ItemKNN),0.0,0.0
AFVQUI7T3LNGVZRWTYGX7WNNK32Q,Content (Avg Emb),0.0,0.0
AFVQUI7T3LNGVZRWTYGX7WNNK32Q,Last-Item,0.0,0.0
AFVQUI7T3LNGVZRWTYGX7WNNK32Q,Avg-Last-10,0.0,0.0
AFVQUI7T3LNGVZRWTYGX7WNNK32Q,Recency-Weighted,0.0,0.0
AFVQUI7T3LNGVZRWTYGX7WNNK32Q,Essence (K=10),0.0,0.0
AFVR25VIRR5JJ5Q4Y7J7P6MLLJZQ,Random,0.0,
AFVR25VIRR5JJ5Q4Y7J7P6MLLJZQ,Popularity,0.0,
AFVR25VIRR5JJ5Q4Y7J7P6MLLJZQ,CF (ItemKNN),0.0,
AFVR25VIRR5JJ5Q4Y7J7P6MLLJZQ,Content (Avg Emb),0.16666666666666666,
AFVR25VIRR5JJ5Q4Y7J7P6MLLJZQ,Last-Item,0.0,
AFVR25VIRR5JJ5Q4Y7J7P6MLLJZQ,Avg-Last-10,0.16666666666666666,
AFVR25VIRR5JJ5Q4Y7J7P6MLLJZQ,Recency-Weighted,0.16666666666666666,
AFVR25VIRR5JJ5Q4Y7J7P6MLLJZQ,Essence (K=10),0.16666666666666666,
AFVRXBDEGJJLM73Z5QKG4HAMFDGA,Random,0.0,
AFVRXBDEGJJLM73Z5QKG4HAMFDGA,Popularity,0.0,
AFVRXBDEGJJLM73Z5QKG4HAMFDGA,CF (ItemKNN),0.0,
AFVRXBDEGJJLM73Z5QKG4HAMFDGA,Content (Avg Emb),0.0,
AFVRXBDEGJJLM73Z5QKG4HAMFDGA,Last-Item,0.0,
AFVRXBDEGJJLM73Z5QKG4HAMFDGA,Avg-Last-10,0.07692307692307693,
AFVRXBDEGJJLM73Z5QKG4HAMFDGA,Recency-Weighted,0.07692307692307693,
AFVRXBDEGJJLM73Z5QKG4HAMFDGA,Essence (K=10),0.0,
AFVSCQFSH36OGHHOJTA3XHF4N3GQ,Random,0.0,
AFVSCQFSH36OGHHOJTA3XHF4N3GQ,Popularity,0.0,
AFVSCQFSH36OGHHOJTA3XHF4N3GQ,CF (ItemKNN),0.0,
AFVSCQFSH36OGHHOJTA3XHF4N3GQ,Content (Avg Emb),0.25,
AFVSCQFSH36OGHHOJTA3XHF4N3GQ,Last-Item,0.25,
AFVSCQFSH36OGHHOJTA3XHF4N3GQ,Avg-Last-10,0.25,
AFVSCQFSH36OGHHOJTA3XHF4N3GQ,Recency-Weighted,0.25,
AFVSCQFSH36OGHHOJTA3XHF4N3GQ,Essence (K=10),0.25,
AFVU5PD6LSJXJT6ZWYFHCRU22VRA,Random,0.0,0.0
AFVU5PD6LSJXJT6ZWYFHCRU22VRA,Popularity,0.0,0.0
AFVU5PD6LSJXJT6ZWYFHCRU22VRA,CF (ItemKNN),0.0,0.0
AFVU5PD6LSJXJT6ZWYFHCRU22VRA,Content (Avg Emb),0.0,0.0
AFVU5PD6LSJXJT6ZWYFHCRU22VRA,Last-Item,0.0,0.0
AFVU5PD6LSJXJT6ZWYFHCRU22VRA,Avg-Last-10,0.0,0.0
AFVU5PD6LSJXJT6ZWYFHCRU22VRA,Recency-Weighted,0.0,0.0
AFVU5PD6LSJXJT6ZWYFHCRU22VRA,Essence (K=10),0.0,0.0
AFVUKMB4RMA5K5W2LDP5LKI5DGDQ,Random,0.0,0.0
AFVUKMB4RMA5K5W2LDP5LKI5DGDQ,Popularity,0.0,0.0
AFVUKMB4RMA5K5W2LDP5LKI5DGDQ,CF (ItemKNN),0.0,0.0
AFVUKMB4RMA5K5W2LDP5LKI5DGDQ,Content (Avg Emb),0.0,0.0
AFVUKMB4RMA5K5W2LDP5LKI5DGDQ,Last-Item,0.3076923076923077,0.5
AFVUKMB4RMA5K5W2LDP5LKI5DGDQ,Avg-Last-10,0.0,0.0
AFVUKMB4RMA5K5W2LDP5LKI5DGDQ,Recency-Weighted,0.0,0.0
AFVUKMB4RMA5K5W2LDP5LKI5DGDQ,Essence (K=10),0.0,0.0
AFVV7NQYCHQFXO7VYKBD2A6GG7QQ,Random,0.0,0.0
AFVV7NQYCHQFXO7VYKBD2A6GG7QQ,Popularity,0.0,0.0
AFVV7NQYCHQFXO7VYKBD2A6GG7QQ,CF (ItemKNN),0.0,0.0
AFVV7NQYCHQFXO7VYKBD2A6GG7QQ,Content (Avg Emb),0.0,0.0
AFVV7NQYCHQFXO7VYKBD2A6GG7QQ,Last-Item,0.0,0.0
AFVV7NQYCHQFXO7VYKBD2A6GG7QQ,Avg-Last-10,0.2,0.0
AFVV7NQYCHQFXO7VYKBD2A6GG7QQ,Recency-Weighted,0.2,0.0
AFVV7NQYCHQFXO7VYKBD2A6GG7QQ,Essence (K=10),0.0,0.0
AFVVTBNY24EFOGRSEVAPGTEIJHKA,Random,0.0,
AFVVTBNY24EFOGRSEVAPGTEIJHKA,Popularity,0.0,
AFVVTBNY24EFOGRSEVAPGTEIJHKA,CF (ItemKNN),0.0,
AFVVTBNY24EFOGRSEVAPGTEIJHKA,Content (Avg Emb),0.0,
AFVVTBNY24EFOGRSEVAPGTEIJHKA,Last-Item,0.2,
AFVVTBNY24EFOGRSEVAPGTEIJHKA,Avg-Last-10,0.2,
AFVVTBNY24EFOGRSEVAPGTEIJHKA,Recency-Weighted,0.2,
AFVVTBNY24EFOGRSEVAPGTEIJHKA,Essence (K=10),0.2,
AFVVW4ZP6WXCDGBCQWNZBRZY4S6A,Random,0.0,0.0
AFVVW4ZP6WXCDGBCQWNZBRZY4S6A,Popularity,0.0,0.0
AFVVW4ZP6WXCDGBCQWNZBRZY4S6A,CF (ItemKNN),0.0,0.0
AFVVW4ZP6WXCDGBCQWNZBRZY4S6A,Content (Avg Emb),0.0,0.0
AFVVW4ZP6WXCDGBCQWNZBRZY4S6A,Last-Item,0.0,0.0
AFVVW4ZP6WXCDGBCQWNZBRZY4S6A,Avg-Last-10,0.0,0.0
AFVVW4ZP6WXCDGBCQWNZBRZY4S6A,Recency-Weighted,0.0,0.0
AFVVW4ZP6WXCDGBCQWNZBRZY4S6A,Essence (K=10),0.0,0.0
AFVXFFNL5B637OSV5YXVCOFN5ZWA,Random,0.0,
AFVXFFNL5B637OSV5YXVCOFN5ZWA,Popularity,0.0,
AFVXFFNL5B637OSV5YXVCOFN5ZWA,CF (ItemKNN),0.0,
AFVXFFNL5B637OSV5YXVCOFN5ZWA,Content (Avg Emb),0.0,
AFVXFFNL5B637OSV5YXVCOFN5ZWA,Last-Item,0.0,
AFVXFFNL5B637OSV5YXVCOFN5ZWA,Avg-Last-10,0.0,
AFVXFFNL5B637OSV5YXVCOFN5ZWA,Recency-Weighted,0.0,
AFVXFFNL5B637OSV5YXVCOFN5ZWA,Essence (K=10),0.0,
AFW2RLR262KWYPKIY25VUJSBT3IQ,Random,0.0,0.0
AFW2RLR262KWYPKIY25VUJSBT3IQ,Popularity,0.0,0.0
AFW2RLR262KWYPKIY25VUJSBT3IQ,CF (ItemKNN),0.0,0.0
AFW2RLR262KWYPKIY25VUJSBT3IQ,Content (Avg Emb),0.0,0.0
AFW2RLR262KWYPKIY25VUJSBT3IQ,Last-Item,0.0,0.0
AFW2RLR262KWYPKIY25VUJSBT3IQ,Avg-Last-10,0.0,0.0
AFW2RLR262KWYPKIY25VUJSBT3IQ,Recency-Weighted,0.0,0.0
AFW2RLR262KWYPKIY25VUJSBT3IQ,Essence (K=10),0.0,0.0
AFW3A5TCPLMU7EMDZ6ESUPZ4Q2HA,Random,0.0,0.0
AFW3A5TCPLMU7EMDZ6ESUPZ4Q2HA,Popularity,0.0,0.0
AFW3A5TCPLMU7EMDZ6ESUPZ4Q2HA,CF (ItemKNN),0.0,0.0
AFW3A5TCPLMU7EMDZ6ESUPZ4Q2HA,Content (Avg Emb),0.0,0.0
AFW3A5TCPLMU7EMDZ6ESUPZ4Q2HA,Last-Item,0.0,0.0
AFW3A5TCPLMU7EMDZ6ESUPZ4Q2HA,Avg-Last-10,0.0,0.0
AFW3A5TCPLMU7EMDZ6ESUPZ4Q2HA,Recency-Weighted,0.0,0.0
AFW3A5TCPLMU7EMDZ6ESUPZ4Q2HA,Essence (K=10),0.0,0.0
AFW4ZB66XCUPQ3VIJB2QEPB2CD7Q,Random,0.0,
AFW4ZB66XCUPQ3VIJB2QEPB2CD7Q,Popularity,0.0,
AFW4ZB66XCUPQ3VIJB2QEPB2CD7Q,CF (ItemKNN),0.0,
AFW4ZB66XCUPQ3VIJB2QEPB2CD7Q,Content (Avg Emb),0.0,
AFW4ZB66XCUPQ3VIJB2QEPB2CD7Q,Last-Item,0.0,
AFW4ZB66XCUPQ3VIJB2QEPB2CD7Q,Avg-Last-10,0.0,
AFW4ZB66XCUPQ3VIJB2QEPB2CD7Q,Recency-Weighted,0.0,
AFW4ZB66XCUPQ3VIJB2QEPB2CD7Q,Essence (K=10),0.0,
AFW5XPPZT7B47QYRK5Y5JC2LDNDQ,Random,0.0,0.0
AFW5XPPZT7B47QYRK5Y5JC2LDNDQ,Popularity,0.0,0.0
AFW5XPPZT7B47QYRK5Y5JC2LDNDQ,CF (ItemKNN),0.0,0.0
AFW5XPPZT7B47QYRK5Y5JC2LDNDQ,Content (Avg Emb),0.0,0.0
AFW5XPPZT7B47QYRK5Y5JC2LDNDQ,Last-Item,0.0,0.0
AFW5XPPZT7B47QYRK5Y5JC2LDNDQ,Avg-Last-10,0.0,0.0
AFW5XPPZT7B47QYRK5Y5JC2LDNDQ,Recency-Weighted,0.0,0.0
AFW5XPPZT7B47QYRK5Y5JC2LDNDQ,Essence (K=10),0.0,0.0
AFW7BM3UZXTGE6I7KZR73AN6RRQQ,Random,0.0,0.0
AFW7BM3UZXTGE6I7KZR73AN6RRQQ,Popularity,0.0,0.0
AFW7BM3UZXTGE6I7KZR73AN6RRQQ,CF (ItemKNN),0.0,0.0
AFW7BM3UZXTGE6I7KZR73AN6RRQQ,Content (Avg Emb),0.0,0.0
AFW7BM3UZXTGE6I7KZR73AN6RRQQ,Last-Item,0.0,0.0
AFW7BM3UZXTGE6I7KZR73AN6RRQQ,Avg-Last-10,0.0,0.0
AFW7BM3UZXTGE6I7KZR73AN6RRQQ,Recency-Weighted,0.0,0.0
AFW7BM3UZXTGE6I7KZR73AN6RRQQ,Essence (K=10),0.0,0.0
AFW7ZBGCHK4F2WMJBSTCZLSUURDA,Random,0.0,0.0
AFW7ZBGCHK4F2WMJBSTCZLSUURDA,Popularity,0.0,0.0
AFW7ZBGCHK4F2WMJBSTCZLSUURDA,CF (ItemKNN),0.0,0.0
AFW7ZBGCHK4F2WMJBSTCZLSUURDA,Content (Avg Emb),0.0,0.0
AFW7ZBGCHK4F2WMJBSTCZLSUURDA,Last-Item,0.1111111111111111,0.5
AFW7ZBGCHK4F2WMJBSTCZLSUURDA,Avg-Last-10,0.0,0.0
AFW7ZBGCHK4F2WMJBSTCZLSUURDA,Recency-Weighted,0.0,0.0
AFW7ZBGCHK4F2WMJBSTCZLSUURDA,Essence (K=10),0.1111111111111111,0.0
AFWDL7N6TXGEISUEF5EPXT2TBBCQ,Random,0.0,0.0
AFWDL7N6TXGEISUEF5EPXT2TBBCQ,Popularity,0.0,0.0
AFWDL7N6TXGEISUEF5EPXT2TBBCQ,CF (ItemKNN),0.0,0.0
AFWDL7N6TXGEISUEF5EPXT2TBBCQ,Content (Avg Emb),0.0,0.0
AFWDL7N6TXGEISUEF5EPXT2TBBCQ,Last-Item,0.0,0.0
AFWDL7N6TXGEISUEF5EPXT2TBBCQ,Avg-Last-10,0.0,0.0
AFWDL7N6TXGEISUEF5EPXT2TBBCQ,Recency-Weighted,0.0,0.0
AFWDL7N6TXGEISUEF5EPXT2TBBCQ,Essence (K=10),0.0,0.0
AFWDNLGD3DHHSRGO64DFF4FCNH3A,Random,0.0,
AFWDNLGD3DHHSRGO64DFF4FCNH3A,Popularity,0.0,
AFWDNLGD3DHHSRGO64DFF4FCNH3A,CF (ItemKNN),0.0,
AFWDNLGD3DHHSRGO64DFF4FCNH3A,Content (Avg Emb),0.0,
AFWDNLGD3DHHSRGO64DFF4FCNH3A,Last-Item,0.0,
AFWDNLGD3DHHSRGO64DFF4FCNH3A,Avg-Last-10,0.04,
AFWDNLGD3DHHSRGO64DFF4FCNH3A,Recency-Weighted,0.04,
AFWDNLGD3DHHSRGO64DFF4FCNH3A,Essence (K=10),0.0,
AFWFRBQRB7RNWJHT4FBVXPV32DFQ,Random,0.0,0.0
AFWFRBQRB7RNWJHT4FBVXPV32DFQ,Popularity,0.0,0.0
AFWFRBQRB7RNWJHT4FBVXPV32DFQ,CF (ItemKNN),0.0,0.0
AFWFRBQRB7RNWJHT4FBVXPV32DFQ,Content (Avg Emb),0.0,0.0
AFWFRBQRB7RNWJHT4FBVXPV32DFQ,Last-Item,0.0,0.0
AFWFRBQRB7RNWJHT4FBVXPV32DFQ,Avg-Last-10,0.0,0.0
AFWFRBQRB7RNWJHT4FBVXPV32DFQ,Recency-Weighted,0.0,0.0
AFWFRBQRB7RNWJHT4FBVXPV32DFQ,Essence (K=10),0.0,0.0
AFWIYVEVEE3IMC6PVFFDENRD3UMA,Random,0.0,0.0
AFWIYVEVEE3IMC6PVFFDENRD3UMA,Popularity,0.0,0.0
AFWIYVEVEE3IMC6PVFFDENRD3UMA,CF (ItemKNN),0.0,0.0
AFWIYVEVEE3IMC6PVFFDENRD3UMA,Content (Avg Emb),0.0,0.0
AFWIYVEVEE3IMC6PVFFDENRD3UMA,Last-Item,0.25,0.0
AFWIYVEVEE3IMC6PVFFDENRD3UMA,Avg-Last-10,0.125,0.0
AFWIYVEVEE3IMC6PVFFDENRD3UMA,Recency-Weighted,0.0,0.0
AFWIYVEVEE3IMC6PVFFDENRD3UMA,Essence (K=10),0.0,0.0
AFWSLFW6MK3C73I5YIU3J7LBIIMA,Random,0.0,0.0
AFWSLFW6MK3C73I5YIU3J7LBIIMA,Popularity,0.0,0.0
AFWSLFW6MK3C73I5YIU3J7LBIIMA,CF (ItemKNN),0.0,0.0
AFWSLFW6MK3C73I5YIU3J7LBIIMA,Content (Avg Emb),0.0,0.0
AFWSLFW6MK3C73I5YIU3J7LBIIMA,Last-Item,0.0,0.0
AFWSLFW6MK3C73I5YIU3J7LBIIMA,Avg-Last-10,0.0,0.0
AFWSLFW6MK3C73I5YIU3J7LBIIMA,Recency-Weighted,0.0,0.0
AFWSLFW6MK3C73I5YIU3J7LBIIMA,Essence (K=10),0.0,0.0
AFWU4RHWHX4O7LHK6UT2DC5OLPPA,Random,0.0,
AFWU4RHWHX4O7LHK6UT2DC5OLPPA,Popularity,0.0,
AFWU4RHWHX4O7LHK6UT2DC5OLPPA,CF (ItemKNN),0.2,
AFWU4RHWHX4O7LHK6UT2DC5OLPPA,Content (Avg Emb),0.0,
AFWU4RHWHX4O7LHK6UT2DC5OLPPA,Last-Item,0.0,
AFWU4RHWHX4O7LHK6UT2DC5OLPPA,Avg-Last-10,0.0,
AFWU4RHWHX4O7LHK6UT2DC5OLPPA,Recency-Weighted,0.0,
AFWU4RHWHX4O7LHK6UT2DC5OLPPA,Essence (K=10),0.0,
AFWW6XYBKVH5IKC5RO34CUZ4FXEA,Random,0.0,
AFWW6XYBKVH5IKC5RO34CUZ4FXEA,Popularity,0.0,
AFWW6XYBKVH5IKC5RO34CUZ4FXEA,CF (ItemKNN),0.0,
AFWW6XYBKVH5IKC5RO34CUZ4FXEA,Content (Avg Emb),0.0,
AFWW6XYBKVH5IKC5RO34CUZ4FXEA,Last-Item,0.0,
AFWW6XYBKVH5IKC5RO34CUZ4FXEA,Avg-Last-10,0.0,
AFWW6XYBKVH5IKC5RO34CUZ4FXEA,Recency-Weighted,0.0,
AFWW6XYBKVH5IKC5RO34CUZ4FXEA,Essence (K=10),0.0,
AFX3LWBTQG6BDTC77S7YYLTLDWQQ,Random,0.0,0.0
AFX3LWBTQG6BDTC77S7YYLTLDWQQ,Popularity,0.0,0.0
AFX3LWBTQG6BDTC77S7YYLTLDWQQ,CF (ItemKNN),0.0,0.0
AFX3LWBTQG6BDTC77S7YYLTLDWQQ,Content (Avg Emb),0.0,0.0
AFX3LWBTQG6BDTC77S7YYLTLDWQQ,Last-Item,0.05555555555555555,0.0
AFX3LWBTQG6BDTC77S7YYLTLDWQQ,Avg-Last-10,0.0,0.0
AFX3LWBTQG6BDTC77S7YYLTLDWQQ,Recency-Weighted,0.0,0.0
AFX3LWBTQG6BDTC77S7YYLTLDWQQ,Essence (K=10),0.0,0.0
AFX5SFCT3JVMRGVPZQEEJKVQJJEQ,Random,0.0,0.0
AFX5SFCT3JVMRGVPZQEEJKVQJJEQ,Popularity,0.0,0.0
AFX5SFCT3JVMRGVPZQEEJKVQJJEQ,CF (ItemKNN),0.0,0.0
AFX5SFCT3JVMRGVPZQEEJKVQJJEQ,Content (Avg Emb),0.0,0.0
AFX5SFCT3JVMRGVPZQEEJKVQJJEQ,Last-Item,0.0,0.0
AFX5SFCT3JVMRGVPZQEEJKVQJJEQ,Avg-Last-10,0.0,0.0
AFX5SFCT3JVMRGVPZQEEJKVQJJEQ,Recency-Weighted,0.0,0.0
AFX5SFCT3JVMRGVPZQEEJKVQJJEQ,Essence (K=10),0.0,0.0
AFX5W6TME7BNFOOZAGYRM6HAN5YQ,Random,0.0,
AFX5W6TME7BNFOOZAGYRM6HAN5YQ,Popularity,0.0,
AFX5W6TME7BNFOOZAGYRM6HAN5YQ,CF (ItemKNN),0.0,
AFX5W6TME7BNFOOZAGYRM6HAN5YQ,Content (Avg Emb),0.0,
AFX5W6TME7BNFOOZAGYRM6HAN5YQ,Last-Item,0.0,
AFX5W6TME7BNFOOZAGYRM6HAN5YQ,Avg-Last-10,0.0,
AFX5W6TME7BNFOOZAGYRM6HAN5YQ,Recency-Weighted,0.0,
AFX5W6TME7BNFOOZAGYRM6HAN5YQ,Essence (K=10),0.0,
AFXCC7OJULDEEKPBTKYHO5H5NKMQ,Random,0.0,0.0
AFXCC7OJULDEEKPBTKYHO5H5NKMQ,Popularity,0.0,0.0
AFXCC7OJULDEEKPBTKYHO5H5NKMQ,CF (ItemKNN),0.0,0.0
AFXCC7OJULDEEKPBTKYHO5H5NKMQ,Content (Avg Emb),0.0,0.0
AFXCC7OJULDEEKPBTKYHO5H5NKMQ,Last-Item,0.0,0.0
AFXCC7OJULDEEKPBTKYHO5H5NKMQ,Avg-Last-10,0.0,0.0
AFXCC7OJULDEEKPBTKYHO5H5NKMQ,Recency-Weighted,0.0,0.0
AFXCC7OJULDEEKPBTKYHO5H5NKMQ,Essence (K=10),0.0,0.0
AFXD2OUKNTSJ7CJTC2PCUMLPU2UQ,Random,0.0,0.0
AFXD2OUKNTSJ7CJTC2PCUMLPU2UQ,Popularity,0.0,0.0
AFXD2OUKNTSJ7CJTC2PCUMLPU2UQ,CF (ItemKNN),0.0,0.0
AFXD2OUKNTSJ7CJTC2PCUMLPU2UQ,Content (Avg Emb),0.0,0.0
AFXD2OUKNTSJ7CJTC2PCUMLPU2UQ,Last-Item,0.0,0.0
AFXD2OUKNTSJ7CJTC2PCUMLPU2UQ,Avg-Last-10,0.0,0.0
AFXD2OUKNTSJ7CJTC2PCUMLPU2UQ,Recency-Weighted,0.0,0.0
AFXD2OUKNTSJ7CJTC2PCUMLPU2UQ,Essence (K=10),0.0,0.0
AFXEAGLAZZZBZ2SR76VWEQE4N54A,Random,0.0,
AFXEAGLAZZZBZ2SR76VWEQE4N54A,Popularity,0.25,
AFXEAGLAZZZBZ2SR76VWEQE4N54A,CF (ItemKNN),0.0,
AFXEAGLAZZZBZ2SR76VWEQE4N54A,Content (Avg Emb),0.0,
AFXEAGLAZZZBZ2SR76VWEQE4N54A,Last-Item,0.0,
AFXEAGLAZZZBZ2SR76VWEQE4N54A,Avg-Last-10,0.0,
AFXEAGLAZZZBZ2SR76VWEQE4N54A,Recency-Weighted,0.0,
AFXEAGLAZZZBZ2SR76VWEQE4N54A,Essence (K=10),0.0,
AFXFAI5DT66QNHVHKB73XJ6ULM2A,Random,0.0,0.0
AFXFAI5DT66QNHVHKB73XJ6ULM2A,Popularity,0.0,0.0
AFXFAI5DT66QNHVHKB73XJ6ULM2A,CF (ItemKNN),0.0,0.0
AFXFAI5DT66QNHVHKB73XJ6ULM2A,Content (Avg Emb),0.0,0.0
AFXFAI5DT66QNHVHKB73XJ6ULM2A,Last-Item,0.0,0.0
AFXFAI5DT66QNHVHKB73XJ6ULM2A,Avg-Last-10,0.0,0.0
AFXFAI5DT66QNHVHKB73XJ6ULM2A,Recency-Weighted,0.0,0.0
AFXFAI5DT66QNHVHKB73XJ6ULM2A,Essence (K=10),0.0,0.0
AFXHU6D4TPJODY2SG7XG4BJWPJTA,Random,0.0,
AFXHU6D4TPJODY2SG7XG4BJWPJTA,Popularity,0.0,
AFXHU6D4TPJODY2SG7XG4BJWPJTA,CF (ItemKNN),0.0,
AFXHU6D4TPJODY2SG7XG4BJWPJTA,Content (Avg Emb),0.0,
AFXHU6D4TPJODY2SG7XG4BJWPJTA,Last-Item,0.4,
AFXHU6D4TPJODY2SG7XG4BJWPJTA,Avg-Last-10,0.0,
AFXHU6D4TPJODY2SG7XG4BJWPJTA,Recency-Weighted,0.0,
AFXHU6D4TPJODY2SG7XG4BJWPJTA,Essence (K=10),0.0,
AFXJMLQUDOFS7XT2W5ZJYWMV2UIQ,Random,0.0,0.0
AFXJMLQUDOFS7XT2W5ZJYWMV2UIQ,Popularity,0.0,0.0
AFXJMLQUDOFS7XT2W5ZJYWMV2UIQ,CF (ItemKNN),0.0,0.0
AFXJMLQUDOFS7XT2W5ZJYWMV2UIQ,Content (Avg Emb),0.0,0.0
AFXJMLQUDOFS7XT2W5ZJYWMV2UIQ,Last-Item,0.0,0.0
AFXJMLQUDOFS7XT2W5ZJYWMV2UIQ,Avg-Last-10,0.0,0.0
AFXJMLQUDOFS7XT2W5ZJYWMV2UIQ,Recency-Weighted,0.0,0.0
AFXJMLQUDOFS7XT2W5ZJYWMV2UIQ,Essence (K=10),0.0,0.0
AFXLDHL255CXZTXH7PL56NKMAOYQ,Random,0.0,
AFXLDHL255CXZTXH7PL56NKMAOYQ,Popularity,0.0,
AFXLDHL255CXZTXH7PL56NKMAOYQ,CF (ItemKNN),0.0,
AFXLDHL255CXZTXH7PL56NKMAOYQ,Content (Avg Emb),0.0,
AFXLDHL255CXZTXH7PL56NKMAOYQ,Last-Item,0.0,
AFXLDHL255CXZTXH7PL56NKMAOYQ,Avg-Last-10,0.0,
AFXLDHL255CXZTXH7PL56NKMAOYQ,Recency-Weighted,0.0,
AFXLDHL255CXZTXH7PL56NKMAOYQ,Essence (K=10),0.0,
AFXOQ5PAKYDNIPPH24HVKYYV4CKA,Random,0.0,0.0
AFXOQ5PAKYDNIPPH24HVKYYV4CKA,Popularity,0.0,0.0
AFXOQ5PAKYDNIPPH24HVKYYV4CKA,CF (ItemKNN),0.0,0.0
AFXOQ5PAKYDNIPPH24HVKYYV4CKA,Content (Avg Emb),0.0,0.0
AFXOQ5PAKYDNIPPH24HVKYYV4CKA,Last-Item,0.0,0.0
AFXOQ5PAKYDNIPPH24HVKYYV4CKA,Avg-Last-10,0.0,0.0
AFXOQ5PAKYDNIPPH24HVKYYV4CKA,Recency-Weighted,0.0,0.0
AFXOQ5PAKYDNIPPH24HVKYYV4CKA,Essence (K=10),0.0,0.0
AFXPW6CXX4WHNIBQITIPXC35PX2Q,Random,0.0,
AFXPW6CXX4WHNIBQITIPXC35PX2Q,Popularity,0.0,
AFXPW6CXX4WHNIBQITIPXC35PX2Q,CF (ItemKNN),0.0,
AFXPW6CXX4WHNIBQITIPXC35PX2Q,Content (Avg Emb),0.0,
AFXPW6CXX4WHNIBQITIPXC35PX2Q,Last-Item,0.0,
AFXPW6CXX4WHNIBQITIPXC35PX2Q,Avg-Last-10,0.0,
AFXPW6CXX4WHNIBQITIPXC35PX2Q,Recency-Weighted,0.0,
AFXPW6CXX4WHNIBQITIPXC35PX2Q,Essence (K=10),0.0,
AFXQ6BNJRFGFVZOUZ4PAVRJO26GQ,Random,0.0,
AFXQ6BNJRFGFVZOUZ4PAVRJO26GQ,Popularity,0.0,
AFXQ6BNJRFGFVZOUZ4PAVRJO26GQ,CF (ItemKNN),0.0,
AFXQ6BNJRFGFVZOUZ4PAVRJO26GQ,Content (Avg Emb),0.0,
AFXQ6BNJRFGFVZOUZ4PAVRJO26GQ,Last-Item,0.0,
AFXQ6BNJRFGFVZOUZ4PAVRJO26GQ,Avg-Last-10,0.0,
AFXQ6BNJRFGFVZOUZ4PAVRJO26GQ,Recency-Weighted,0.0,
AFXQ6BNJRFGFVZOUZ4PAVRJO26GQ,Essence (K=10),0.0,
AFXQDPAMSKFJA3H3EATYBKKK6NZA,Random,0.0,
AFXQDPAMSKFJA3H3EATYBKKK6NZA,Popularity,0.0,
AFXQDPAMSKFJA3H3EATYBKKK6NZA,CF (ItemKNN),0.0,
AFXQDPAMSKFJA3H3EATYBKKK6NZA,Content (Avg Emb),0.0,
AFXQDPAMSKFJA3H3EATYBKKK6NZA,Last-Item,0.0,
AFXQDPAMSKFJA3H3EATYBKKK6NZA,Avg-Last-10,0.0,
AFXQDPAMSKFJA3H3EATYBKKK6NZA,Recency-Weighted,0.0,
AFXQDPAMSKFJA3H3EATYBKKK6NZA,Essence (K=10),0.0,
AFXQWMWL4TVJBMTHVBPQQ3Z2XSOQ,Random,0.0,0.0
AFXQWMWL4TVJBMTHVBPQQ3Z2XSOQ,Popularity,0.0,0.0
AFXQWMWL4TVJBMTHVBPQQ3Z2XSOQ,CF (ItemKNN),0.0,0.0
AFXQWMWL4TVJBMTHVBPQQ3Z2XSOQ,Content (Avg Emb),0.0,0.0
AFXQWMWL4TVJBMTHVBPQQ3Z2XSOQ,Last-Item,0.0,0.0
AFXQWMWL4TVJBMTHVBPQQ3Z2XSOQ,Avg-Last-10,0.0,0.0
AFXQWMWL4TVJBMTHVBPQQ3Z2XSOQ,Recency-Weighted,0.0,0.0
AFXQWMWL4TVJBMTHVBPQQ3Z2XSOQ,Essence (K=10),0.0,0.0
AFXRE5GOLRCYVTM3B425CUCF4NKQ,Random,0.0,0.0
AFXRE5GOLRCYVTM3B425CUCF4NKQ,Popularity,0.0,0.0
AFXRE5GOLRCYVTM3B425CUCF4NKQ,CF (ItemKNN),0.0,0.0
AFXRE5GOLRCYVTM3B425CUCF4NKQ,Content (Avg Emb),0.18518518518518517,0.3333333333333333
AFXRE5GOLRCYVTM3B425CUCF4NKQ,Last-Item,0.0,0.0
AFXRE5GOLRCYVTM3B425CUCF4NKQ,Avg-Last-10,0.0,0.0
AFXRE5GOLRCYVTM3B425CUCF4NKQ,Recency-Weighted,0.0,0.0
AFXRE5GOLRCYVTM3B425CUCF4NKQ,Essence (K=10),0.0,0.0
AFXRTF57VZQ6BZEONBWPTQC5TKAQ,Random,0.0,0.0
AFXRTF57VZQ6BZEONBWPTQC5TKAQ,Popularity,0.0,0.0
AFXRTF57VZQ6BZEONBWPTQC5TKAQ,CF (ItemKNN),0.0,0.0
AFXRTF57VZQ6BZEONBWPTQC5TKAQ,Content (Avg Emb),0.125,0.5
AFXRTF57VZQ6BZEONBWPTQC5TKAQ,Last-Item,0.375,0.5
AFXRTF57VZQ6BZEONBWPTQC5TKAQ,Avg-Last-10,0.25,0.5
AFXRTF57VZQ6BZEONBWPTQC5TKAQ,Recency-Weighted,0.125,0.5
AFXRTF57VZQ6BZEONBWPTQC5TKAQ,Essence (K=10),0.0,0.0
AFXS5RYYWG7I35JJV6AUZDK2FDGA,Random,0.0,
AFXS5RYYWG7I35JJV6AUZDK2FDGA,Popularity,0.0,
AFXS5RYYWG7I35JJV6AUZDK2FDGA,CF (ItemKNN),0.0,
AFXS5RYYWG7I35JJV6AUZDK2FDGA,Content (Avg Emb),0.0,
AFXS5RYYWG7I35JJV6AUZDK2FDGA,Last-Item,0.0,
AFXS5RYYWG7I35JJV6AUZDK2FDGA,Avg-Last-10,0.0,
AFXS5RYYWG7I35JJV6AUZDK2FDGA,Recency-Weighted,0.0,
AFXS5RYYWG7I35JJV6AUZDK2FDGA,Essence (K=10),0.0,
AFXS6XXZDBN2STUAMQOIGRZMIT4A,Random,0.0,
AFXS6XXZDBN2STUAMQOIGRZMIT4A,Popularity,0.0,
AFXS6XXZDBN2STUAMQOIGRZMIT4A,CF (ItemKNN),0.0,
AFXS6XXZDBN2STUAMQOIGRZMIT4A,Content (Avg Emb),0.0,
AFXS6XXZDBN2STUAMQOIGRZMIT4A,Last-Item,0.1,
AFXS6XXZDBN2STUAMQOIGRZMIT4A,Avg-Last-10,0.0,
AFXS6XXZDBN2STUAMQOIGRZMIT4A,Recency-Weighted,0.1,
AFXS6XXZDBN2STUAMQOIGRZMIT4A,Essence (K=10),0.0,
AFXUKENKFSB5DE7BMA2SYIZSI6VQ,Random,0.0,0.0
AFXUKENKFSB5DE7BMA2SYIZSI6VQ,Popularity,0.0,0.0
AFXUKENKFSB5DE7BMA2SYIZSI6VQ,CF (ItemKNN),0.0,0.0
AFXUKENKFSB5DE7BMA2SYIZSI6VQ,Content (Avg Emb),0.0,0.0
AFXUKENKFSB5DE7BMA2SYIZSI6VQ,Last-Item,0.14285714285714285,0.0
AFXUKENKFSB5DE7BMA2SYIZSI6VQ,Avg-Last-10,0.14285714285714285,0.0
AFXUKENKFSB5DE7BMA2SYIZSI6VQ,Recency-Weighted,0.0,0.0
AFXUKENKFSB5DE7BMA2SYIZSI6VQ,Essence (K=10),0.0,0.0
AFXUOIODH5OGSJZRPA3VD3TZQOJA,Random,0.0,
AFXUOIODH5OGSJZRPA3VD3TZQOJA,Popularity,0.0,
AFXUOIODH5OGSJZRPA3VD3TZQOJA,CF (ItemKNN),0.0,
AFXUOIODH5OGSJZRPA3VD3TZQOJA,Content (Avg Emb),0.14285714285714285,
AFXUOIODH5OGSJZRPA3VD3TZQOJA,Last-Item,0.14285714285714285,
AFXUOIODH5OGSJZRPA3VD3TZQOJA,Avg-Last-10,0.14285714285714285,
AFXUOIODH5OGSJZRPA3VD3TZQOJA,Recency-Weighted,0.14285714285714285,
AFXUOIODH5OGSJZRPA3VD3TZQOJA,Essence (K=10),0.14285714285714285,
AFXVLS7XBOW7L5N4LJKYSCHNMG7Q,Random,0.0,
AFXVLS7XBOW7L5N4LJKYSCHNMG7Q,Popularity,0.0,
AFXVLS7XBOW7L5N4LJKYSCHNMG7Q,CF (ItemKNN),0.0,
AFXVLS7XBOW7L5N4LJKYSCHNMG7Q,Content (Avg Emb),0.0,
AFXVLS7XBOW7L5N4LJKYSCHNMG7Q,Last-Item,0.0,
AFXVLS7XBOW7L5N4LJKYSCHNMG7Q,Avg-Last-10,0.0,
AFXVLS7XBOW7L5N4LJKYSCHNMG7Q,Recency-Weighted,0.0,
AFXVLS7XBOW7L5N4LJKYSCHNMG7Q,Essence (K=10),0.0,
AFXW7APEWML3HUA73YONQFT2YLPQ,Random,0.0,
AFXW7APEWML3HUA73YONQFT2YLPQ,Popularity,0.0,
AFXW7APEWML3HUA73YONQFT2YLPQ,CF (ItemKNN),0.0,
AFXW7APEWML3HUA73YONQFT2YLPQ,Content (Avg Emb),0.0,
AFXW7APEWML3HUA73YONQFT2YLPQ,Last-Item,0.0,
AFXW7APEWML3HUA73YONQFT2YLPQ,Avg-Last-10,0.0,
AFXW7APEWML3HUA73YONQFT2YLPQ,Recency-Weighted,0.0,
AFXW7APEWML3HUA73YONQFT2YLPQ,Essence (K=10),0.0,
AFXWRGGWYVK4CP6HEI6MC24KEQ5A,Random,0.0,
AFXWRGGWYVK4CP6HEI6MC24KEQ5A,Popularity,0.0,
AFXWRGGWYVK4CP6HEI6MC24KEQ5A,CF (ItemKNN),0.0,
AFXWRGGWYVK4CP6HEI6MC24KEQ5A,Content (Avg Emb),0.0,
AFXWRGGWYVK4CP6HEI6MC24KEQ5A,Last-Item,0.0,
AFXWRGGWYVK4CP6HEI6MC24KEQ5A,Avg-Last-10,0.0,
AFXWRGGWYVK4CP6HEI6MC24KEQ5A,Recency-Weighted,0.0,
AFXWRGGWYVK4CP6HEI6MC24KEQ5A,Essence (K=10),0.0,
AFY2EYOLDJLFVZGGL7BPXSUTAYRA,Random,0.0,0.0
AFY2EYOLDJLFVZGGL7BPXSUTAYRA,Popularity,0.0,0.0
AFY2EYOLDJLFVZGGL7BPXSUTAYRA,CF (ItemKNN),0.0,0.0
AFY2EYOLDJLFVZGGL7BPXSUTAYRA,Content (Avg Emb),0.0,0.0
AFY2EYOLDJLFVZGGL7BPXSUTAYRA,Last-Item,0.0,0.0
AFY2EYOLDJLFVZGGL7BPXSUTAYRA,Avg-Last-10,0.0,0.0
AFY2EYOLDJLFVZGGL7BPXSUTAYRA,Recency-Weighted,0.0,0.0
AFY2EYOLDJLFVZGGL7BPXSUTAYRA,Essence (K=10),0.0,0.0
AFY3KRUYYEYNEMKXM4P6TAWSKERQ,Random,0.0,0.0
AFY3KRUYYEYNEMKXM4P6TAWSKERQ,Popularity,0.0,0.0
AFY3KRUYYEYNEMKXM4P6TAWSKERQ,CF (ItemKNN),0.0,0.0
AFY3KRUYYEYNEMKXM4P6TAWSKERQ,Content (Avg Emb),0.0,0.0
AFY3KRUYYEYNEMKXM4P6TAWSKERQ,Last-Item,0.0,0.0
AFY3KRUYYEYNEMKXM4P6TAWSKERQ,Avg-Last-10,0.0,0.0
AFY3KRUYYEYNEMKXM4P6TAWSKERQ,Recency-Weighted,0.0,0.0
AFY3KRUYYEYNEMKXM4P6TAWSKERQ,Essence (K=10),0.0,0.0
AFY4GV2UAWP3IKJZSMTDHU3D7CIQ,Random,0.0,
AFY4GV2UAWP3IKJZSMTDHU3D7CIQ,Popularity,0.0,
AFY4GV2UAWP3IKJZSMTDHU3D7CIQ,CF (ItemKNN),0.0,
AFY4GV2UAWP3IKJZSMTDHU3D7CIQ,Content (Avg Emb),0.0,
AFY4GV2UAWP3IKJZSMTDHU3D7CIQ,Last-Item,0.0,
AFY4GV2UAWP3IKJZSMTDHU3D7CIQ,Avg-Last-10,0.0,
AFY4GV2UAWP3IKJZSMTDHU3D7CIQ,Recency-Weighted,0.0,
AFY4GV2UAWP3IKJZSMTDHU3D7CIQ,Essence (K=10),0.0,
AFYMFYD6QRGBSXZQTHTIWDPCHOMA,Random,0.0,0.0
AFYMFYD6QRGBSXZQTHTIWDPCHOMA,Popularity,0.0,0.0
AFYMFYD6QRGBSXZQTHTIWDPCHOMA,CF (ItemKNN),0.0,0.0
AFYMFYD6QRGBSXZQTHTIWDPCHOMA,Content (Avg Emb),0.0,0.0
AFYMFYD6QRGBSXZQTHTIWDPCHOMA,Last-Item,0.16666666666666666,0.0
AFYMFYD6QRGBSXZQTHTIWDPCHOMA,Avg-Last-10,0.0,0.0
AFYMFYD6QRGBSXZQTHTIWDPCHOMA,Recency-Weighted,0.0,0.0
AFYMFYD6QRGBSXZQTHTIWDPCHOMA,Essence (K=10),0.0,0.0
AFYNNHPRKIDGE4YOKPQF55JGXRTA,Random,0.0,
AFYNNHPRKIDGE4YOKPQF55JGXRTA,Popularity,0.0,
AFYNNHPRKIDGE4YOKPQF55JGXRTA,CF (ItemKNN),0.0,
AFYNNHPRKIDGE4YOKPQF55JGXRTA,Content (Avg Emb),0.0,
AFYNNHPRKIDGE4YOKPQF55JGXRTA,Last-Item,0.0,
AFYNNHPRKIDGE4YOKPQF55JGXRTA,Avg-Last-10,0.0,
AFYNNHPRKIDGE4YOKPQF55JGXRTA,Recency-Weighted,0.0,
AFYNNHPRKIDGE4YOKPQF55JGXRTA,Essence (K=10),0.0,
AFYREKFL74GCXCRWXECXRJTATI4Q,Random,0.0,0.0
AFYREKFL74GCXCRWXECXRJTATI4Q,Popularity,0.0,0.0
AFYREKFL74GCXCRWXECXRJTATI4Q,CF (ItemKNN),0.0,0.0
AFYREKFL74GCXCRWXECXRJTATI4Q,Content (Avg Emb),0.0,0.0
AFYREKFL74GCXCRWXECXRJTATI4Q,Last-Item,0.0,0.0
AFYREKFL74GCXCRWXECXRJTATI4Q,Avg-Last-10,0.0,0.0
AFYREKFL74GCXCRWXECXRJTATI4Q,Recency-Weighted,0.0,0.0
AFYREKFL74GCXCRWXECXRJTATI4Q,Essence (K=10),0.0,0.0
AFYSV5V4MHBKQLFYK4IBRZQVEPQQ,Random,0.0,
AFYSV5V4MHBKQLFYK4IBRZQVEPQQ,Popularity,0.0,
AFYSV5V4MHBKQLFYK4IBRZQVEPQQ,CF (ItemKNN),0.0,
AFYSV5V4MHBKQLFYK4IBRZQVEPQQ,Content (Avg Emb),0.0,
AFYSV5V4MHBKQLFYK4IBRZQVEPQQ,Last-Item,0.0,
AFYSV5V4MHBKQLFYK4IBRZQVEPQQ,Avg-Last-10,0.0,
AFYSV5V4MHBKQLFYK4IBRZQVEPQQ,Recency-Weighted,0.0,
AFYSV5V4MHBKQLFYK4IBRZQVEPQQ,Essence (K=10),0.0,
AFYTVWDVOCRSS25UHDCAMQNY2QLQ,Random,0.0,
AFYTVWDVOCRSS25UHDCAMQNY2QLQ,Popularity,0.0,
AFYTVWDVOCRSS25UHDCAMQNY2QLQ,CF (ItemKNN),0.0,
AFYTVWDVOCRSS25UHDCAMQNY2QLQ,Content (Avg Emb),0.0,
AFYTVWDVOCRSS25UHDCAMQNY2QLQ,Last-Item,0.0,
AFYTVWDVOCRSS25UHDCAMQNY2QLQ,Avg-Last-10,0.0,
AFYTVWDVOCRSS25UHDCAMQNY2QLQ,Recency-Weighted,0.0,
AFYTVWDVOCRSS25UHDCAMQNY2QLQ,Essence (K=10),0.0,
AFYVB5JCP5O3S5LJFMTHB5N23IXA,Random,0.0,
AFYVB5JCP5O3S5LJFMTHB5N23IXA,Popularity,0.0,
AFYVB5JCP5O3S5LJFMTHB5N23IXA,CF (ItemKNN),0.0,
AFYVB5JCP5O3S5LJFMTHB5N23IXA,Content (Avg Emb),0.0,
AFYVB5JCP5O3S5LJFMTHB5N23IXA,Last-Item,0.0,
AFYVB5JCP5O3S5LJFMTHB5N23IXA,Avg-Last-10,0.0,
AFYVB5JCP5O3S5LJFMTHB5N23IXA,Recency-Weighted,0.0,
AFYVB5JCP5O3S5LJFMTHB5N23IXA,Essence (K=10),0.0,
AFYVHUJCSALO5LS6OF4ELYAZHRLA,Random,0.0,
AFYVHUJCSALO5LS6OF4ELYAZHRLA,Popularity,0.0,
AFYVHUJCSALO5LS6OF4ELYAZHRLA,CF (ItemKNN),0.0,
AFYVHUJCSALO5LS6OF4ELYAZHRLA,Content (Avg Emb),0.0,
AFYVHUJCSALO5LS6OF4ELYAZHRLA,Last-Item,0.0,
AFYVHUJCSALO5LS6OF4ELYAZHRLA,Avg-Last-10,0.0,
AFYVHUJCSALO5LS6OF4ELYAZHRLA,Recency-Weighted,0.0,
AFYVHUJCSALO5LS6OF4ELYAZHRLA,Essence (K=10),0.0,
AFYYRRKJQHMIS3YTTCM3IMYNNQGQ,Random,0.0,0.0
AFYYRRKJQHMIS3YTTCM3IMYNNQGQ,Popularity,0.0,0.0
AFYYRRKJQHMIS3YTTCM3IMYNNQGQ,CF (ItemKNN),0.0,0.0
AFYYRRKJQHMIS3YTTCM3IMYNNQGQ,Content (Avg Emb),0.0,0.0
AFYYRRKJQHMIS3YTTCM3IMYNNQGQ,Last-Item,0.0,0.0
AFYYRRKJQHMIS3YTTCM3IMYNNQGQ,Avg-Last-10,0.0,0.0
AFYYRRKJQHMIS3YTTCM3IMYNNQGQ,Recency-Weighted,0.0,0.0
AFYYRRKJQHMIS3YTTCM3IMYNNQGQ,Essence (K=10),0.0,0.0
AFZ464THQ6XQG7AITSHHVKKB3JRQ,Random,0.0,0.0
AFZ464THQ6XQG7AITSHHVKKB3JRQ,Popularity,0.0,0.0
AFZ464THQ6XQG7AITSHHVKKB3JRQ,CF (ItemKNN),0.0,0.0
AFZ464THQ6XQG7AITSHHVKKB3JRQ,Content (Avg Emb),0.0,0.0
AFZ464THQ6XQG7AITSHHVKKB3JRQ,Last-Item,0.0,0.0
AFZ464THQ6XQG7AITSHHVKKB3JRQ,Avg-Last-10,0.0,0.0
AFZ464THQ6XQG7AITSHHVKKB3JRQ,Recency-Weighted,0.0,0.0
AFZ464THQ6XQG7AITSHHVKKB3JRQ,Essence (K=10),0.0,0.0
AFZAVM2YYP5FM2GIBLFCUQ6Z34PQ,Random,0.0,
AFZAVM2YYP5FM2GIBLFCUQ6Z34PQ,Popularity,0.0,
AFZAVM2YYP5FM2GIBLFCUQ6Z34PQ,CF (ItemKNN),0.0,
AFZAVM2YYP5FM2GIBLFCUQ6Z34PQ,Content (Avg Emb),0.0,
AFZAVM2YYP5FM2GIBLFCUQ6Z34PQ,Last-Item,0.0,
AFZAVM2YYP5FM2GIBLFCUQ6Z34PQ,Avg-Last-10,0.0,
AFZAVM2YYP5FM2GIBLFCUQ6Z34PQ,Recency-Weighted,0.0,
AFZAVM2YYP5FM2GIBLFCUQ6Z34PQ,Essence (K=10),0.0,
AFZIGPTK4HT3LJLHCTGYEBF267KQ,Random,0.0,
AFZIGPTK4HT3LJLHCTGYEBF267KQ,Popularity,0.0,
AFZIGPTK4HT3LJLHCTGYEBF267KQ,CF (ItemKNN),0.0,
AFZIGPTK4HT3LJLHCTGYEBF267KQ,Content (Avg Emb),0.0,
AFZIGPTK4HT3LJLHCTGYEBF267KQ,Last-Item,0.0,
AFZIGPTK4HT3LJLHCTGYEBF267KQ,Avg-Last-10,0.0,
AFZIGPTK4HT3LJLHCTGYEBF267KQ,Recency-Weighted,0.0,
AFZIGPTK4HT3LJLHCTGYEBF267KQ,Essence (K=10),0.0,
AFZIHEGNKZ2X5MTTCMO2J7PGDUVQ,Random,0.0,0.0
AFZIHEGNKZ2X5MTTCMO2J7PGDUVQ,Popularity,0.0,0.0
AFZIHEGNKZ2X5MTTCMO2J7PGDUVQ,CF (ItemKNN),0.0,0.0
AFZIHEGNKZ2X5MTTCMO2J7PGDUVQ,Content (Avg Emb),0.0,0.0
AFZIHEGNKZ2X5MTTCMO2J7PGDUVQ,Last-Item,0.3,0.0
AFZIHEGNKZ2X5MTTCMO2J7PGDUVQ,Avg-Last-10,0.0,0.0
AFZIHEGNKZ2X5MTTCMO2J7PGDUVQ,Recency-Weighted,0.0,0.0
AFZIHEGNKZ2X5MTTCMO2J7PGDUVQ,Essence (K=10),0.1,0.0
AFZLZ2UEW77DSRZQ7JETKGALUHIA,Random,0.0,0.0
AFZLZ2UEW77DSRZQ7JETKGALUHIA,Popularity,0.0,0.0
AFZLZ2UEW77DSRZQ7JETKGALUHIA,CF (ItemKNN),0.0,0.0
AFZLZ2UEW77DSRZQ7JETKGALUHIA,Content (Avg Emb),0.0,0.0
AFZLZ2UEW77DSRZQ7JETKGALUHIA,Last-Item,0.0,0.0
AFZLZ2UEW77DSRZQ7JETKGALUHIA,Avg-Last-10,0.0,0.0
AFZLZ2UEW77DSRZQ7JETKGALUHIA,Recency-Weighted,0.0,0.0
AFZLZ2UEW77DSRZQ7JETKGALUHIA,Essence (K=10),0.0,0.0
AFZMJARBLRPTRTI6R2XD76RHCQVA,Random,0.0,
AFZMJARBLRPTRTI6R2XD76RHCQVA,Popularity,0.0,
AFZMJARBLRPTRTI6R2XD76RHCQVA,CF (ItemKNN),0.0,
AFZMJARBLRPTRTI6R2XD76RHCQVA,Content (Avg Emb),0.0,
AFZMJARBLRPTRTI6R2XD76RHCQVA,Last-Item,0.0,
AFZMJARBLRPTRTI6R2XD76RHCQVA,Avg-Last-10,0.0,
AFZMJARBLRPTRTI6R2XD76RHCQVA,Recency-Weighted,0.0,
AFZMJARBLRPTRTI6R2XD76RHCQVA,Essence (K=10),0.0,
AFZQCYZPUBJAGIZ4AEKRS4VFG34Q,Random,0.0,0.0
AFZQCYZPUBJAGIZ4AEKRS4VFG34Q,Popularity,0.0,0.0
AFZQCYZPUBJAGIZ4AEKRS4VFG34Q,CF (ItemKNN),0.0,0.0
AFZQCYZPUBJAGIZ4AEKRS4VFG34Q,Content (Avg Emb),0.0,0.0
AFZQCYZPUBJAGIZ4AEKRS4VFG34Q,Last-Item,0.0,0.0
AFZQCYZPUBJAGIZ4AEKRS4VFG34Q,Avg-Last-10,0.0,0.0
AFZQCYZPUBJAGIZ4AEKRS4VFG34Q,Recency-Weighted,0.0,0.0
AFZQCYZPUBJAGIZ4AEKRS4VFG34Q,Essence (K=10),0.0,0.0
AFZULVYQCBPO7SIZYVSVDAOR7J5A,Random,0.0,
AFZULVYQCBPO7SIZYVSVDAOR7J5A,Popularity,0.0,
AFZULVYQCBPO7SIZYVSVDAOR7J5A,CF (ItemKNN),0.0,
AFZULVYQCBPO7SIZYVSVDAOR7J5A,Content (Avg Emb),0.0,
AFZULVYQCBPO7SIZYVSVDAOR7J5A,Last-Item,0.0,
AFZULVYQCBPO7SIZYVSVDAOR7J5A,Avg-Last-10,0.0,
AFZULVYQCBPO7SIZYVSVDAOR7J5A,Recency-Weighted,0.0,
AFZULVYQCBPO7SIZYVSVDAOR7J5A,Essence (K=10),0.0,
AFZUY43OPA56WNL6TTVB34YMTADQ,Random,0.0,0.0
AFZUY43OPA56WNL6TTVB34YMTADQ,Popularity,0.0,0.0
AFZUY43OPA56WNL6TTVB34YMTADQ,CF (ItemKNN),0.0,0.0
AFZUY43OPA56WNL6TTVB34YMTADQ,Content (Avg Emb),0.0,0.0
AFZUY43OPA56WNL6TTVB34YMTADQ,Last-Item,0.0,0.0
AFZUY43OPA56WNL6TTVB34YMTADQ,Avg-Last-10,0.0,0.0
AFZUY43OPA56WNL6TTVB34YMTADQ,Recency-Weighted,0.0,0.0
AFZUY43OPA56WNL6TTVB34YMTADQ,Essence (K=10),0.0,0.0
AFZVCV7M26BNBGJQBVUBECQPTH7Q,Random,0.0,
AFZVCV7M26BNBGJQBVUBECQPTH7Q,Popularity,0.0,
AFZVCV7M26BNBGJQBVUBECQPTH7Q,CF (ItemKNN),0.0,
AFZVCV7M26BNBGJQBVUBECQPTH7Q,Content (Avg Emb),0.0,
AFZVCV7M26BNBGJQBVUBECQPTH7Q,Last-Item,0.0,
AFZVCV7M26BNBGJQBVUBECQPTH7Q,Avg-Last-10,0.0,
AFZVCV7M26BNBGJQBVUBECQPTH7Q,Recency-Weighted,0.0,
AFZVCV7M26BNBGJQBVUBECQPTH7Q,Essence (K=10),0.0,
AFZW2ZM7D2VARKGHG7OB2KZCNO4A,Random,0.0,0.0
AFZW2ZM7D2VARKGHG7OB2KZCNO4A,Popularity,0.0,0.0
AFZW2ZM7D2VARKGHG7OB2KZCNO4A,CF (ItemKNN),0.0,0.0
AFZW2ZM7D2VARKGHG7OB2KZCNO4A,Content (Avg Emb),0.0,0.0
AFZW2ZM7D2VARKGHG7OB2KZCNO4A,Last-Item,0.0,0.0
AFZW2ZM7D2VARKGHG7OB2KZCNO4A,Avg-Last-10,0.0,0.0
AFZW2ZM7D2VARKGHG7OB2KZCNO4A,Recency-Weighted,0.0,0.0
AFZW2ZM7D2VARKGHG7OB2KZCNO4A,Essence (K=10),0.0,0.0
AFZZPO3ZE5I2BBCLSXRHYYQVGCCQ,Random,0.0,
AFZZPO3ZE5I2BBCLSXRHYYQVGCCQ,Popularity,0.0,
AFZZPO3ZE5I2BBCLSXRHYYQVGCCQ,CF (ItemKNN),0.0,
AFZZPO3ZE5I2BBCLSXRHYYQVGCCQ,Content (Avg Emb),0.0,
AFZZPO3ZE5I2BBCLSXRHYYQVGCCQ,Last-Item,0.16666666666666666,
AFZZPO3ZE5I2BBCLSXRHYYQVGCCQ,Avg-Last-10,0.0,
AFZZPO3ZE5I2BBCLSXRHYYQVGCCQ,Recency-Weighted,0.16666666666666666,
AFZZPO3ZE5I2BBCLSXRHYYQVGCCQ,Essence (K=10),0.0,
AG22R3UA3IMBYLQ3UZ6IHJFKT6ZA,Random,0.0,0.0
AG22R3UA3IMBYLQ3UZ6IHJFKT6ZA,Popularity,0.0,0.0
AG22R3UA3IMBYLQ3UZ6IHJFKT6ZA,CF (ItemKNN),0.0,0.0
AG22R3UA3IMBYLQ3UZ6IHJFKT6ZA,Content (Avg Emb),0.0,0.0
AG22R3UA3IMBYLQ3UZ6IHJFKT6ZA,Last-Item,0.0,0.0
AG22R3UA3IMBYLQ3UZ6IHJFKT6ZA,Avg-Last-10,0.0,0.0
AG22R3UA3IMBYLQ3UZ6IHJFKT6ZA,Recency-Weighted,0.0,0.0
AG22R3UA3IMBYLQ3UZ6IHJFKT6ZA,Essence (K=10),0.0,0.0
AG26BTM2F5QT6GFB5DP7YPRINIXQ,Random,0.0,0.0
AG26BTM2F5QT6GFB5DP7YPRINIXQ,Popularity,0.0,0.0
AG26BTM2F5QT6GFB5DP7YPRINIXQ,CF (ItemKNN),0.0,0.0
AG26BTM2F5QT6GFB5DP7YPRINIXQ,Content (Avg Emb),0.0,0.0
AG26BTM2F5QT6GFB5DP7YPRINIXQ,Last-Item,0.0,0.0
AG26BTM2F5QT6GFB5DP7YPRINIXQ,Avg-Last-10,0.0,0.0
AG26BTM2F5QT6GFB5DP7YPRINIXQ,Recency-Weighted,0.0,0.0
AG26BTM2F5QT6GFB5DP7YPRINIXQ,Essence (K=10),0.0,0.0
AG27TPZ55S4GM7Z7CFX276RRSZSA,Random,0.0,0.0
AG27TPZ55S4GM7Z7CFX276RRSZSA,Popularity,0.0,0.0
AG27TPZ55S4GM7Z7CFX276RRSZSA,CF (ItemKNN),0.0,0.0
AG27TPZ55S4GM7Z7CFX276RRSZSA,Content (Avg Emb),0.25,0.0
AG27TPZ55S4GM7Z7CFX276RRSZSA,Last-Item,0.0,0.0
AG27TPZ55S4GM7Z7CFX276RRSZSA,Avg-Last-10,0.0,0.0
AG27TPZ55S4GM7Z7CFX276RRSZSA,Recency-Weighted,0.25,0.0
AG27TPZ55S4GM7Z7CFX276RRSZSA,Essence (K=10),0.0,0.0
AG27ZVJDCISSK4ETW4ARC32MBZOA,Random,0.0,
AG27ZVJDCISSK4ETW4ARC32MBZOA,Popularity,0.0,
AG27ZVJDCISSK4ETW4ARC32MBZOA,CF (ItemKNN),0.0,
AG27ZVJDCISSK4ETW4ARC32MBZOA,Content (Avg Emb),0.0,
AG27ZVJDCISSK4ETW4ARC32MBZOA,Last-Item,0.0,
AG27ZVJDCISSK4ETW4ARC32MBZOA,Avg-Last-10,0.0,
AG27ZVJDCISSK4ETW4ARC32MBZOA,Recency-Weighted,0.0,
AG27ZVJDCISSK4ETW4ARC32MBZOA,Essence (K=10),0.0,
AG2B24WVHKG5GE4JFICUCGOD5PYA,Random,0.0,0.0
AG2B24WVHKG5GE4JFICUCGOD5PYA,Popularity,0.0,0.0
AG2B24WVHKG5GE4JFICUCGOD5PYA,CF (ItemKNN),0.0,0.0
AG2B24WVHKG5GE4JFICUCGOD5PYA,Content (Avg Emb),0.5,0.0
AG2B24WVHKG5GE4JFICUCGOD5PYA,Last-Item,0.0,0.0
AG2B24WVHKG5GE4JFICUCGOD5PYA,Avg-Last-10,0.25,0.0
AG2B24WVHKG5GE4JFICUCGOD5PYA,Recency-Weighted,0.25,0.0
AG2B24WVHKG5GE4JFICUCGOD5PYA,Essence (K=10),0.5,0.0
AG2B75EHKCOOVIZAJXNXTOCENUKQ,Random,0.0,0.0
AG2B75EHKCOOVIZAJXNXTOCENUKQ,Popularity,0.0,0.0
AG2B75EHKCOOVIZAJXNXTOCENUKQ,CF (ItemKNN),0.0,0.0
AG2B75EHKCOOVIZAJXNXTOCENUKQ,Content (Avg Emb),0.0,0.0
AG2B75EHKCOOVIZAJXNXTOCENUKQ,Last-Item,0.0,0.0
AG2B75EHKCOOVIZAJXNXTOCENUKQ,Avg-Last-10,0.0,0.0
AG2B75EHKCOOVIZAJXNXTOCENUKQ,Recency-Weighted,0.0,0.0
AG2B75EHKCOOVIZAJXNXTOCENUKQ,Essence (K=10),0.0,0.0
AG2CTOOCPTBNOLQNYOSY5QTKJIPQ,Random,0.0,0.0
AG2CTOOCPTBNOLQNYOSY5QTKJIPQ,Popularity,0.0,0.0
AG2CTOOCPTBNOLQNYOSY5QTKJIPQ,CF (ItemKNN),0.6,0.0
AG2CTOOCPTBNOLQNYOSY5QTKJIPQ,Content (Avg Emb),0.2,0.0
AG2CTOOCPTBNOLQNYOSY5QTKJIPQ,Last-Item,0.4,0.0
AG2CTOOCPTBNOLQNYOSY5QTKJIPQ,Avg-Last-10,0.4,0.0
AG2CTOOCPTBNOLQNYOSY5QTKJIPQ,Recency-Weighted,0.4,0.0
AG2CTOOCPTBNOLQNYOSY5QTKJIPQ,Essence (K=10),0.4,0.0
AG2D3UOYCK6X36KOZP3RG7CNIAWA,Random,0.0,0.0
AG2D3UOYCK6X36KOZP3RG7CNIAWA,Popularity,0.0,0.0
AG2D3UOYCK6X36KOZP3RG7CNIAWA,CF (ItemKNN),0.0,0.0
AG2D3UOYCK6X36KOZP3RG7CNIAWA,Content (Avg Emb),0.0,0.0
AG2D3UOYCK6X36KOZP3RG7CNIAWA,Last-Item,0.0,0.0
AG2D3UOYCK6X36KOZP3RG7CNIAWA,Avg-Last-10,0.0,0.0
AG2D3UOYCK6X36KOZP3RG7CNIAWA,Recency-Weighted,0.0,0.0
AG2D3UOYCK6X36KOZP3RG7CNIAWA,Essence (K=10),0.0,0.0
AG2ELZ2DRRAACHKCN676XALIEI7Q,Random,0.0,
AG2ELZ2DRRAACHKCN676XALIEI7Q,Popularity,0.0,
AG2ELZ2DRRAACHKCN676XALIEI7Q,CF (ItemKNN),0.0,
AG2ELZ2DRRAACHKCN676XALIEI7Q,Content (Avg Emb),0.0,
AG2ELZ2DRRAACHKCN676XALIEI7Q,Last-Item,0.0,
AG2ELZ2DRRAACHKCN676XALIEI7Q,Avg-Last-10,0.0,
AG2ELZ2DRRAACHKCN676XALIEI7Q,Recency-Weighted,0.0,
AG2ELZ2DRRAACHKCN676XALIEI7Q,Essence (K=10),0.0,
AG2IKMZVI555WD2ETFUONMK2CUKA,Random,0.0,0.0
AG2IKMZVI555WD2ETFUONMK2CUKA,Popularity,0.0,0.0
AG2IKMZVI555WD2ETFUONMK2CUKA,CF (ItemKNN),0.0,0.0
AG2IKMZVI555WD2ETFUONMK2CUKA,Content (Avg Emb),0.0,0.0
AG2IKMZVI555WD2ETFUONMK2CUKA,Last-Item,0.0,0.0
AG2IKMZVI555WD2ETFUONMK2CUKA,Avg-Last-10,0.0,0.0
AG2IKMZVI555WD2ETFUONMK2CUKA,Recency-Weighted,0.0,0.0
AG2IKMZVI555WD2ETFUONMK2CUKA,Essence (K=10),0.0,0.0
AG2ODLEZQIK5AMES5L2AAEYAVS6Q,Random,0.0,0.0
AG2ODLEZQIK5AMES5L2AAEYAVS6Q,Popularity,0.0,0.0
AG2ODLEZQIK5AMES5L2AAEYAVS6Q,CF (ItemKNN),0.0,0.0
AG2ODLEZQIK5AMES5L2AAEYAVS6Q,Content (Avg Emb),0.0,0.0
AG2ODLEZQIK5AMES5L2AAEYAVS6Q,Last-Item,0.14285714285714285,0.0
AG2ODLEZQIK5AMES5L2AAEYAVS6Q,Avg-Last-10,0.42857142857142855,0.0
AG2ODLEZQIK5AMES5L2AAEYAVS6Q,Recency-Weighted,0.14285714285714285,0.0
AG2ODLEZQIK5AMES5L2AAEYAVS6Q,Essence (K=10),0.14285714285714285,0.0
AG2R2JPAMDZKHEN2MYIRVU7FSUWA,Random,0.0,0.0
AG2R2JPAMDZKHEN2MYIRVU7FSUWA,Popularity,0.0,0.0
AG2R2JPAMDZKHEN2MYIRVU7FSUWA,CF (ItemKNN),0.0,0.0
AG2R2JPAMDZKHEN2MYIRVU7FSUWA,Content (Avg Emb),0.05263157894736842,0.0
AG2R2JPAMDZKHEN2MYIRVU7FSUWA,Last-Item,0.0,0.0
AG2R2JPAMDZKHEN2MYIRVU7FSUWA,Avg-Last-10,0.05263157894736842,0.0
AG2R2JPAMDZKHEN2MYIRVU7FSUWA,Recency-Weighted,0.05263157894736842,0.0
AG2R2JPAMDZKHEN2MYIRVU7FSUWA,Essence (K=10),0.05263157894736842,0.0
AG2SNYTV3W5CAVOJVBSAYKEX2ZBA,Random,0.0,
AG2SNYTV3W5CAVOJVBSAYKEX2ZBA,Popularity,0.0,
AG2SNYTV3W5CAVOJVBSAYKEX2ZBA,CF (ItemKNN),0.0,
AG2SNYTV3W5CAVOJVBSAYKEX2ZBA,Content (Avg Emb),0.0,
AG2SNYTV3W5CAVOJVBSAYKEX2ZBA,Last-Item,0.25,
AG2SNYTV3W5CAVOJVBSAYKEX2ZBA,Avg-Last-10,0.0,
AG2SNYTV3W5CAVOJVBSAYKEX2ZBA,Recency-Weighted,0.0,
AG2SNYTV3W5CAVOJVBSAYKEX2ZBA,Essence (K=10),0.0,
AG2ZJT6CUNHCHQDOC4F575DMG2CA,Random,0.0,0.0
AG2ZJT6CUNHCHQDOC4F575DMG2CA,Popularity,0.0,0.0
AG2ZJT6CUNHCHQDOC4F575DMG2CA,CF (ItemKNN),0.0,0.0
AG2ZJT6CUNHCHQDOC4F575DMG2CA,Content (Avg Emb),0.0,0.0
AG2ZJT6CUNHCHQDOC4F575DMG2CA,Last-Item,0.0,0.0
AG2ZJT6CUNHCHQDOC4F575DMG2CA,Avg-Last-10,0.0,0.0
AG2ZJT6CUNHCHQDOC4F575DMG2CA,Recency-Weighted,0.0,0.0
AG2ZJT6CUNHCHQDOC4F575DMG2CA,Essence (K=10),0.0,0.0
AG2ZKFYJ5DN5ZCHZ2IYBLAED6BEA,Random,0.0,0.0
AG2ZKFYJ5DN5ZCHZ2IYBLAED6BEA,Popularity,0.0,0.0
AG2ZKFYJ5DN5ZCHZ2IYBLAED6BEA,CF (ItemKNN),0.0,0.0
AG2ZKFYJ5DN5ZCHZ2IYBLAED6BEA,Content (Avg Emb),0.0,0.0
AG2ZKFYJ5DN5ZCHZ2IYBLAED6BEA,Last-Item,0.0,0.0
AG2ZKFYJ5DN5ZCHZ2IYBLAED6BEA,Avg-Last-10,0.0,0.0
AG2ZKFYJ5DN5ZCHZ2IYBLAED6BEA,Recency-Weighted,0.0,0.0
AG2ZKFYJ5DN5ZCHZ2IYBLAED6BEA,Essence (K=10),0.0,0.0
AG34NX5GU4VGIWZCM3ODZ3ZK6DEQ,Random,0.0,0.0
AG34NX5GU4VGIWZCM3ODZ3ZK6DEQ,Popularity,0.0,0.0
AG34NX5GU4VGIWZCM3ODZ3ZK6DEQ,CF (ItemKNN),0.0,0.0
AG34NX5GU4VGIWZCM3ODZ3ZK6DEQ,Content (Avg Emb),0.0,0.0
AG34NX5GU4VGIWZCM3ODZ3ZK6DEQ,Last-Item,0.0,0.0
AG34NX5GU4VGIWZCM3ODZ3ZK6DEQ,Avg-Last-10,0.0,0.0
AG34NX5GU4VGIWZCM3ODZ3ZK6DEQ,Recency-Weighted,0.0,0.0
AG34NX5GU4VGIWZCM3ODZ3ZK6DEQ,Essence (K=10),0.0,0.0
AG35OGWHV7NVHNCKCTTEGOJSARBQ,Random,0.0,0.0
AG35OGWHV7NVHNCKCTTEGOJSARBQ,Popularity,0.0,0.0
AG35OGWHV7NVHNCKCTTEGOJSARBQ,CF (ItemKNN),0.0,0.0
AG35OGWHV7NVHNCKCTTEGOJSARBQ,Content (Avg Emb),0.0,0.0
AG35OGWHV7NVHNCKCTTEGOJSARBQ,Last-Item,0.0,0.0
AG35OGWHV7NVHNCKCTTEGOJSARBQ,Avg-Last-10,0.0,0.0
AG35OGWHV7NVHNCKCTTEGOJSARBQ,Recency-Weighted,0.0,0.0
AG35OGWHV7NVHNCKCTTEGOJSARBQ,Essence (K=10),0.0,0.0
AG36DYOEQKXDSUINJ6SFAUGURWWA,Random,0.0,0.0
AG36DYOEQKXDSUINJ6SFAUGURWWA,Popularity,0.0,0.0
AG36DYOEQKXDSUINJ6SFAUGURWWA,CF (ItemKNN),0.0,0.0
AG36DYOEQKXDSUINJ6SFAUGURWWA,Content (Avg Emb),0.0,0.0
AG36DYOEQKXDSUINJ6SFAUGURWWA,Last-Item,0.0,0.0
AG36DYOEQKXDSUINJ6SFAUGURWWA,Avg-Last-10,0.0,0.0
AG36DYOEQKXDSUINJ6SFAUGURWWA,Recency-Weighted,0.0,0.0
AG36DYOEQKXDSUINJ6SFAUGURWWA,Essence (K=10),0.0,0.0
AG3FRJADO7ZZK5ALYPJ7QLS7NZTA,Random,0.0,0.0
AG3FRJADO7ZZK5ALYPJ7QLS7NZTA,Popularity,0.0,0.0
AG3FRJADO7ZZK5ALYPJ7QLS7NZTA,CF (ItemKNN),0.0,0.0
AG3FRJADO7ZZK5ALYPJ7QLS7NZTA,Content (Avg Emb),0.0,0.0
AG3FRJADO7ZZK5ALYPJ7QLS7NZTA,Last-Item,0.0,0.0
AG3FRJADO7ZZK5ALYPJ7QLS7NZTA,Avg-Last-10,0.0,0.0
AG3FRJADO7ZZK5ALYPJ7QLS7NZTA,Recency-Weighted,0.0,0.0
AG3FRJADO7ZZK5ALYPJ7QLS7NZTA,Essence (K=10),0.0,0.0
AG3GBRWHA563UMO4YXLG6B2R6IRQ,Random,0.0,0.0
AG3GBRWHA563UMO4YXLG6B2R6IRQ,Popularity,0.0,0.0
AG3GBRWHA563UMO4YXLG6B2R6IRQ,CF (ItemKNN),0.0,0.0
AG3GBRWHA563UMO4YXLG6B2R6IRQ,Content (Avg Emb),0.0,0.0
AG3GBRWHA563UMO4YXLG6B2R6IRQ,Last-Item,0.14285714285714285,0.0
AG3GBRWHA563UMO4YXLG6B2R6IRQ,Avg-Last-10,0.14285714285714285,0.0
AG3GBRWHA563UMO4YXLG6B2R6IRQ,Recency-Weighted,0.14285714285714285,0.0
AG3GBRWHA563UMO4YXLG6B2R6IRQ,Essence (K=10),0.0,0.0
AG3GWMJFL7K5XNT3AJKYKBGDNXTA,Random,0.0,0.0
AG3GWMJFL7K5XNT3AJKYKBGDNXTA,Popularity,0.0,0.0
AG3GWMJFL7K5XNT3AJKYKBGDNXTA,CF (ItemKNN),0.0,0.0
AG3GWMJFL7K5XNT3AJKYKBGDNXTA,Content (Avg Emb),0.0,0.0
AG3GWMJFL7K5XNT3AJKYKBGDNXTA,Last-Item,0.0,0.0
AG3GWMJFL7K5XNT3AJKYKBGDNXTA,Avg-Last-10,0.0,0.0
AG3GWMJFL7K5XNT3AJKYKBGDNXTA,Recency-Weighted,0.0,0.0
AG3GWMJFL7K5XNT3AJKYKBGDNXTA,Essence (K=10),0.0,0.0
AG3IP4BVB2DJR67ZEMPKYRKKWY5Q,Random,0.0,0.0
AG3IP4BVB2DJR67ZEMPKYRKKWY5Q,Popularity,0.0,0.0
AG3IP4BVB2DJR67ZEMPKYRKKWY5Q,CF (ItemKNN),0.0,0.0
AG3IP4BVB2DJR67ZEMPKYRKKWY5Q,Content (Avg Emb),0.0,0.0
AG3IP4BVB2DJR67ZEMPKYRKKWY5Q,Last-Item,0.0,0.0
AG3IP4BVB2DJR67ZEMPKYRKKWY5Q,Avg-Last-10,0.0,0.0
AG3IP4BVB2DJR67ZEMPKYRKKWY5Q,Recency-Weighted,0.0,0.0
AG3IP4BVB2DJR67ZEMPKYRKKWY5Q,Essence (K=10),0.0,0.0
AG3IUGRST2EJQOYOGNXEWLLGYVMQ,Random,0.0,
AG3IUGRST2EJQOYOGNXEWLLGYVMQ,Popularity,0.0,
AG3IUGRST2EJQOYOGNXEWLLGYVMQ,CF (ItemKNN),0.0,
AG3IUGRST2EJQOYOGNXEWLLGYVMQ,Content (Avg Emb),0.0,
AG3IUGRST2EJQOYOGNXEWLLGYVMQ,Last-Item,0.0,
AG3IUGRST2EJQOYOGNXEWLLGYVMQ,Avg-Last-10,0.0,
AG3IUGRST2EJQOYOGNXEWLLGYVMQ,Recency-Weighted,0.0,
AG3IUGRST2EJQOYOGNXEWLLGYVMQ,Essence (K=10),0.0,
AG3JLWLQUSSMBO5OK4TVOX2W23KQ,Random,0.0,
AG3JLWLQUSSMBO5OK4TVOX2W23KQ,Popularity,0.0,
AG3JLWLQUSSMBO5OK4TVOX2W23KQ,CF (ItemKNN),0.0,
AG3JLWLQUSSMBO5OK4TVOX2W23KQ,Content (Avg Emb),0.0,
AG3JLWLQUSSMBO5OK4TVOX2W23KQ,Last-Item,0.0,
AG3JLWLQUSSMBO5OK4TVOX2W23KQ,Avg-Last-10,0.0,
AG3JLWLQUSSMBO5OK4TVOX2W23KQ,Recency-Weighted,0.0,
AG3JLWLQUSSMBO5OK4TVOX2W23KQ,Essence (K=10),0.0,
AG3KNRBGTSW7R7P3FRX5FTWIEAKQ,Random,0.0,0.0
AG3KNRBGTSW7R7P3FRX5FTWIEAKQ,Popularity,0.0,0.0
AG3KNRBGTSW7R7P3FRX5FTWIEAKQ,CF (ItemKNN),0.0,0.0
AG3KNRBGTSW7R7P3FRX5FTWIEAKQ,Content (Avg Emb),0.0,0.0
AG3KNRBGTSW7R7P3FRX5FTWIEAKQ,Last-Item,0.0,0.0
AG3KNRBGTSW7R7P3FRX5FTWIEAKQ,Avg-Last-10,0.0,0.0
AG3KNRBGTSW7R7P3FRX5FTWIEAKQ,Recency-Weighted,0.0,0.0
AG3KNRBGTSW7R7P3FRX5FTWIEAKQ,Essence (K=10),0.0,0.0
AG3KWUXOR26H3IWYMS2B3FEOK5OA,Random,0.0,0.0
AG3KWUXOR26H3IWYMS2B3FEOK5OA,Popularity,0.0,0.0
AG3KWUXOR26H3IWYMS2B3FEOK5OA,CF (ItemKNN),0.0,0.0
AG3KWUXOR26H3IWYMS2B3FEOK5OA,Content (Avg Emb),0.0,0.0
AG3KWUXOR26H3IWYMS2B3FEOK5OA,Last-Item,0.0,0.0
AG3KWUXOR26H3IWYMS2B3FEOK5OA,Avg-Last-10,0.0,0.0
AG3KWUXOR26H3IWYMS2B3FEOK5OA,Recency-Weighted,0.0,0.0
AG3KWUXOR26H3IWYMS2B3FEOK5OA,Essence (K=10),0.0,0.0
AG3L7AT2CWDLVP42KX6OI77EDH3Q,Random,0.0,
AG3L7AT2CWDLVP42KX6OI77EDH3Q,Popularity,0.25,
AG3L7AT2CWDLVP42KX6OI77EDH3Q,CF (ItemKNN),0.0,
AG3L7AT2CWDLVP42KX6OI77EDH3Q,Content (Avg Emb),0.0,
AG3L7AT2CWDLVP42KX6OI77EDH3Q,Last-Item,0.0,
AG3L7AT2CWDLVP42KX6OI77EDH3Q,Avg-Last-10,0.0,
AG3L7AT2CWDLVP42KX6OI77EDH3Q,Recency-Weighted,0.0,
AG3L7AT2CWDLVP42KX6OI77EDH3Q,Essence (K=10),0.0,
AG3NJRICSUORYNZZPMUIQFGMY26A,Random,0.0,0.0
AG3NJRICSUORYNZZPMUIQFGMY26A,Popularity,0.0,0.0
AG3NJRICSUORYNZZPMUIQFGMY26A,CF (ItemKNN),0.08,0.0
AG3NJRICSUORYNZZPMUIQFGMY26A,Content (Avg Emb),0.0,0.0
AG3NJRICSUORYNZZPMUIQFGMY26A,Last-Item,0.0,0.0
AG3NJRICSUORYNZZPMUIQFGMY26A,Avg-Last-10,0.0,0.0
AG3NJRICSUORYNZZPMUIQFGMY26A,Recency-Weighted,0.0,0.0
AG3NJRICSUORYNZZPMUIQFGMY26A,Essence (K=10),0.0,0.0
AG3PTOP27UJTNVIRZ2SLVLJFICIQ,Random,0.0,
AG3PTOP27UJTNVIRZ2SLVLJFICIQ,Popularity,0.0,
AG3PTOP27UJTNVIRZ2SLVLJFICIQ,CF (ItemKNN),0.0,
AG3PTOP27UJTNVIRZ2SLVLJFICIQ,Content (Avg Emb),0.0,
AG3PTOP27UJTNVIRZ2SLVLJFICIQ,Last-Item,0.0,
AG3PTOP27UJTNVIRZ2SLVLJFICIQ,Avg-Last-10,0.0,
AG3PTOP27UJTNVIRZ2SLVLJFICIQ,Recency-Weighted,0.0,
AG3PTOP27UJTNVIRZ2SLVLJFICIQ,Essence (K=10),0.0,
AG3SRYCHHKXSR65OG46CGLKNX3JA,Random,0.0,
AG3SRYCHHKXSR65OG46CGLKNX3JA,Popularity,0.0,
AG3SRYCHHKXSR65OG46CGLKNX3JA,CF (ItemKNN),0.0,
AG3SRYCHHKXSR65OG46CGLKNX3JA,Content (Avg Emb),0.0,
AG3SRYCHHKXSR65OG46CGLKNX3JA,Last-Item,0.0,
AG3SRYCHHKXSR65OG46CGLKNX3JA,Avg-Last-10,0.0,
AG3SRYCHHKXSR65OG46CGLKNX3JA,Recency-Weighted,0.0,
AG3SRYCHHKXSR65OG46CGLKNX3JA,Essence (K=10),0.0,
AG3T6AOCLUYIR4OPA4L7FM3F4YWA,Random,0.0,
AG3T6AOCLUYIR4OPA4L7FM3F4YWA,Popularity,0.0,
AG3T6AOCLUYIR4OPA4L7FM3F4YWA,CF (ItemKNN),0.0,
AG3T6AOCLUYIR4OPA4L7FM3F4YWA,Content (Avg Emb),0.0,
AG3T6AOCLUYIR4OPA4L7FM3F4YWA,Last-Item,0.6666666666666666,
AG3T6AOCLUYIR4OPA4L7FM3F4YWA,Avg-Last-10,0.0,
AG3T6AOCLUYIR4OPA4L7FM3F4YWA,Recency-Weighted,0.0,
AG3T6AOCLUYIR4OPA4L7FM3F4YWA,Essence (K=10),0.0,
AG3UAQDHT4UBRL7MBCQOBGYMS5NQ,Random,0.0,
AG3UAQDHT4UBRL7MBCQOBGYMS5NQ,Popularity,0.0,
AG3UAQDHT4UBRL7MBCQOBGYMS5NQ,CF (ItemKNN),0.25,
AG3UAQDHT4UBRL7MBCQOBGYMS5NQ,Content (Avg Emb),0.0,
AG3UAQDHT4UBRL7MBCQOBGYMS5NQ,Last-Item,0.25,
AG3UAQDHT4UBRL7MBCQOBGYMS5NQ,Avg-Last-10,0.0,
AG3UAQDHT4UBRL7MBCQOBGYMS5NQ,Recency-Weighted,0.25,
AG3UAQDHT4UBRL7MBCQOBGYMS5NQ,Essence (K=10),0.0,
AG425P6TEO5EZJPETJM5EU3X5VJQ,Random,0.0,
AG425P6TEO5EZJPETJM5EU3X5VJQ,Popularity,0.0,
AG425P6TEO5EZJPETJM5EU3X5VJQ,CF (ItemKNN),0.0,
AG425P6TEO5EZJPETJM5EU3X5VJQ,Content (Avg Emb),0.5,
AG425P6TEO5EZJPETJM5EU3X5VJQ,Last-Item,0.25,
AG425P6TEO5EZJPETJM5EU3X5VJQ,Avg-Last-10,0.5,
AG425P6TEO5EZJPETJM5EU3X5VJQ,Recency-Weighted,0.5,
AG425P6TEO5EZJPETJM5EU3X5VJQ,Essence (K=10),0.25,
AG42G3R3BQDASQYYMGDYWNKLJ3EQ,Random,0.0,
AG42G3R3BQDASQYYMGDYWNKLJ3EQ,Popularity,0.0,
AG42G3R3BQDASQYYMGDYWNKLJ3EQ,CF (ItemKNN),0.0,
AG42G3R3BQDASQYYMGDYWNKLJ3EQ,Content (Avg Emb),0.0,
AG42G3R3BQDASQYYMGDYWNKLJ3EQ,Last-Item,0.0,
AG42G3R3BQDASQYYMGDYWNKLJ3EQ,Avg-Last-10,0.0,
AG42G3R3BQDASQYYMGDYWNKLJ3EQ,Recency-Weighted,0.0,
AG42G3R3BQDASQYYMGDYWNKLJ3EQ,Essence (K=10),0.0,
AG446OM7J6B63LYMIQSHP6USIZOA,Random,0.0,
AG446OM7J6B63LYMIQSHP6USIZOA,Popularity,0.0,
AG446OM7J6B63LYMIQSHP6USIZOA,CF (ItemKNN),0.0,
AG446OM7J6B63LYMIQSHP6USIZOA,Content (Avg Emb),0.25,
AG446OM7J6B63LYMIQSHP6USIZOA,Last-Item,0.0,
AG446OM7J6B63LYMIQSHP6USIZOA,Avg-Last-10,0.0,
AG446OM7J6B63LYMIQSHP6USIZOA,Recency-Weighted,0.25,
AG446OM7J6B63LYMIQSHP6USIZOA,Essence (K=10),0.0,
AG476XVGFGHW4QINMWJCYENQXXVQ,Random,0.0,0.0
AG476XVGFGHW4QINMWJCYENQXXVQ,Popularity,0.0,0.0
AG476XVGFGHW4QINMWJCYENQXXVQ,CF (ItemKNN),0.0,0.0
AG476XVGFGHW4QINMWJCYENQXXVQ,Content (Avg Emb),0.0,0.0
AG476XVGFGHW4QINMWJCYENQXXVQ,Last-Item,0.2,0.0
AG476XVGFGHW4QINMWJCYENQXXVQ,Avg-Last-10,0.0,0.0
AG476XVGFGHW4QINMWJCYENQXXVQ,Recency-Weighted,0.0,0.0
AG476XVGFGHW4QINMWJCYENQXXVQ,Essence (K=10),0.2,0.0
AG4AMGA23JZ5M77ZWTX45UNXLRUA,Random,0.0,0.0
AG4AMGA23JZ5M77ZWTX45UNXLRUA,Popularity,0.0,0.0
AG4AMGA23JZ5M77ZWTX45UNXLRUA,CF (ItemKNN),0.0,0.0
AG4AMGA23JZ5M77ZWTX45UNXLRUA,Content (Avg Emb),0.0,0.0
AG4AMGA23JZ5M77ZWTX45UNXLRUA,Last-Item,0.0,0.0
AG4AMGA23JZ5M77ZWTX45UNXLRUA,Avg-Last-10,0.0,0.0
AG4AMGA23JZ5M77ZWTX45UNXLRUA,Recency-Weighted,0.0,0.0
AG4AMGA23JZ5M77ZWTX45UNXLRUA,Essence (K=10),0.0,0.0
AG4CBBA23IVQZZ3ZPQ3FQH35BDCA,Random,0.0,
AG4CBBA23IVQZZ3ZPQ3FQH35BDCA,Popularity,0.0,
AG4CBBA23IVQZZ3ZPQ3FQH35BDCA,CF (ItemKNN),0.0,
AG4CBBA23IVQZZ3ZPQ3FQH35BDCA,Content (Avg Emb),0.0,
AG4CBBA23IVQZZ3ZPQ3FQH35BDCA,Last-Item,0.2,
AG4CBBA23IVQZZ3ZPQ3FQH35BDCA,Avg-Last-10,0.0,
AG4CBBA23IVQZZ3ZPQ3FQH35BDCA,Recency-Weighted,0.0,
AG4CBBA23IVQZZ3ZPQ3FQH35BDCA,Essence (K=10),0.0,
AG4DROKTTR43W7ZT5T5DSDCVTDPQ,Random,0.0,
AG4DROKTTR43W7ZT5T5DSDCVTDPQ,Popularity,0.0,
AG4DROKTTR43W7ZT5T5DSDCVTDPQ,CF (ItemKNN),0.0,
AG4DROKTTR43W7ZT5T5DSDCVTDPQ,Content (Avg Emb),0.0,
AG4DROKTTR43W7ZT5T5DSDCVTDPQ,Last-Item,0.0,
AG4DROKTTR43W7ZT5T5DSDCVTDPQ,Avg-Last-10,0.0,
AG4DROKTTR43W7ZT5T5DSDCVTDPQ,Recency-Weighted,0.0,
AG4DROKTTR43W7ZT5T5DSDCVTDPQ,Essence (K=10),0.0,
AG4EUZ7JLBBBVDQIC2X45BBHZ5TQ,Random,0.0,0.0
AG4EUZ7JLBBBVDQIC2X45BBHZ5TQ,Popularity,0.0,0.0
AG4EUZ7JLBBBVDQIC2X45BBHZ5TQ,CF (ItemKNN),0.0,0.0
AG4EUZ7JLBBBVDQIC2X45BBHZ5TQ,Content (Avg Emb),0.0,0.0
AG4EUZ7JLBBBVDQIC2X45BBHZ5TQ,Last-Item,0.0,0.0
AG4EUZ7JLBBBVDQIC2X45BBHZ5TQ,Avg-Last-10,0.0,0.0
AG4EUZ7JLBBBVDQIC2X45BBHZ5TQ,Recency-Weighted,0.0,0.0
AG4EUZ7JLBBBVDQIC2X45BBHZ5TQ,Essence (K=10),0.0,0.0
AG4FEOS6CM67KT6IO3LNJE3UVNRQ,Random,0.0,0.0
AG4FEOS6CM67KT6IO3LNJE3UVNRQ,Popularity,0.0,0.0
AG4FEOS6CM67KT6IO3LNJE3UVNRQ,CF (ItemKNN),0.0,0.0
AG4FEOS6CM67KT6IO3LNJE3UVNRQ,Content (Avg Emb),0.0,0.0
AG4FEOS6CM67KT6IO3LNJE3UVNRQ,Last-Item,0.0,0.0
AG4FEOS6CM67KT6IO3LNJE3UVNRQ,Avg-Last-10,0.0,0.0
AG4FEOS6CM67KT6IO3LNJE3UVNRQ,Recency-Weighted,0.0,0.0
AG4FEOS6CM67KT6IO3LNJE3UVNRQ,Essence (K=10),0.0,0.0
AG4FHN4EWFMWHQTNDEIA3CQMWZFQ,Random,0.0,0.0
AG4FHN4EWFMWHQTNDEIA3CQMWZFQ,Popularity,0.0,0.0
AG4FHN4EWFMWHQTNDEIA3CQMWZFQ,CF (ItemKNN),0.06666666666666667,0.5
AG4FHN4EWFMWHQTNDEIA3CQMWZFQ,Content (Avg Emb),0.0,0.0
AG4FHN4EWFMWHQTNDEIA3CQMWZFQ,Last-Item,0.0,0.0
AG4FHN4EWFMWHQTNDEIA3CQMWZFQ,Avg-Last-10,0.06666666666666667,0.0
AG4FHN4EWFMWHQTNDEIA3CQMWZFQ,Recency-Weighted,0.06666666666666667,0.0
AG4FHN4EWFMWHQTNDEIA3CQMWZFQ,Essence (K=10),0.06666666666666667,0.0
AG4JQ65UE5UHFEL6MSBJMX75452A,Random,0.0,0.0
AG4JQ65UE5UHFEL6MSBJMX75452A,Popularity,0.0,0.0
AG4JQ65UE5UHFEL6MSBJMX75452A,CF (ItemKNN),0.0,0.0
AG4JQ65UE5UHFEL6MSBJMX75452A,Content (Avg Emb),0.0,0.0
AG4JQ65UE5UHFEL6MSBJMX75452A,Last-Item,0.043478260869565216,0.0
AG4JQ65UE5UHFEL6MSBJMX75452A,Avg-Last-10,0.043478260869565216,0.0
AG4JQ65UE5UHFEL6MSBJMX75452A,Recency-Weighted,0.043478260869565216,0.0
AG4JQ65UE5UHFEL6MSBJMX75452A,Essence (K=10),0.0,0.0
AG4MYD2WJUCEVKZBBTAC4WPRMDQA,Random,0.0,
AG4MYD2WJUCEVKZBBTAC4WPRMDQA,Popularity,0.0,
AG4MYD2WJUCEVKZBBTAC4WPRMDQA,CF (ItemKNN),0.0,
AG4MYD2WJUCEVKZBBTAC4WPRMDQA,Content (Avg Emb),0.25,
AG4MYD2WJUCEVKZBBTAC4WPRMDQA,Last-Item,0.0,
AG4MYD2WJUCEVKZBBTAC4WPRMDQA,Avg-Last-10,0.125,
AG4MYD2WJUCEVKZBBTAC4WPRMDQA,Recency-Weighted,0.125,
AG4MYD2WJUCEVKZBBTAC4WPRMDQA,Essence (K=10),0.0,
AG4O4C3VW2YBM6XBFMY5WCVIUQGQ,Random,0.0,0.0
AG4O4C3VW2YBM6XBFMY5WCVIUQGQ,Popularity,0.0,0.0
AG4O4C3VW2YBM6XBFMY5WCVIUQGQ,CF (ItemKNN),0.0,0.0
AG4O4C3VW2YBM6XBFMY5WCVIUQGQ,Content (Avg Emb),0.16666666666666666,0.0
AG4O4C3VW2YBM6XBFMY5WCVIUQGQ,Last-Item,0.0,0.0
AG4O4C3VW2YBM6XBFMY5WCVIUQGQ,Avg-Last-10,0.0,0.0
AG4O4C3VW2YBM6XBFMY5WCVIUQGQ,Recency-Weighted,0.0,0.0
AG4O4C3VW2YBM6XBFMY5WCVIUQGQ,Essence (K=10),0.3333333333333333,0.0
AG4QVJV74FTX5C6O6LGGPRBJ4SVA,Random,0.0,
AG4QVJV74FTX5C6O6LGGPRBJ4SVA,Popularity,0.0,
AG4QVJV74FTX5C6O6LGGPRBJ4SVA,CF (ItemKNN),0.0,
AG4QVJV74FTX5C6O6LGGPRBJ4SVA,Content (Avg Emb),0.0,
AG4QVJV74FTX5C6O6LGGPRBJ4SVA,Last-Item,0.0,
AG4QVJV74FTX5C6O6LGGPRBJ4SVA,Avg-Last-10,0.0,
AG4QVJV74FTX5C6O6LGGPRBJ4SVA,Recency-Weighted,0.0,
AG4QVJV74FTX5C6O6LGGPRBJ4SVA,Essence (K=10),0.0,
AG4RIE4MY3KVS7M5NUZWHDTEEDKA,Random,0.0,
AG4RIE4MY3KVS7M5NUZWHDTEEDKA,Popularity,0.0,
AG4RIE4MY3KVS7M5NUZWHDTEEDKA,CF (ItemKNN),0.0,
AG4RIE4MY3KVS7M5NUZWHDTEEDKA,Content (Avg Emb),0.0,
AG4RIE4MY3KVS7M5NUZWHDTEEDKA,Last-Item,0.0,
AG4RIE4MY3KVS7M5NUZWHDTEEDKA,Avg-Last-10,0.0,
AG4RIE4MY3KVS7M5NUZWHDTEEDKA,Recency-Weighted,0.0,
AG4RIE4MY3KVS7M5NUZWHDTEEDKA,Essence (K=10),0.0,
AG4S2EYCLZOYI7BFYP6F2GU4F52Q,Random,0.0,0.0
AG4S2EYCLZOYI7BFYP6F2GU4F52Q,Popularity,0.0,0.0
AG4S2EYCLZOYI7BFYP6F2GU4F52Q,CF (ItemKNN),0.0,0.0
AG4S2EYCLZOYI7BFYP6F2GU4F52Q,Content (Avg Emb),0.0,0.0
AG4S2EYCLZOYI7BFYP6F2GU4F52Q,Last-Item,0.0,0.0
AG4S2EYCLZOYI7BFYP6F2GU4F52Q,Avg-Last-10,0.0,0.0
AG4S2EYCLZOYI7BFYP6F2GU4F52Q,Recency-Weighted,0.0,0.0
AG4S2EYCLZOYI7BFYP6F2GU4F52Q,Essence (K=10),0.0,0.0
AG4U4UC626T3KE3QAJDSPJA66XDA,Random,0.0,0.0
AG4U4UC626T3KE3QAJDSPJA66XDA,Popularity,0.0,0.0
AG4U4UC626T3KE3QAJDSPJA66XDA,CF (ItemKNN),0.0,0.0
AG4U4UC626T3KE3QAJDSPJA66XDA,Content (Avg Emb),0.0,0.0
AG4U4UC626T3KE3QAJDSPJA66XDA,Last-Item,0.0,0.0
AG4U4UC626T3KE3QAJDSPJA66XDA,Avg-Last-10,0.0,0.0
AG4U4UC626T3KE3QAJDSPJA66XDA,Recency-Weighted,0.0,0.0
AG4U4UC626T3KE3QAJDSPJA66XDA,Essence (K=10),0.0,0.0
AG4UA7UPBHVQIICQGX3FIPTOE24A,Random,0.0,0.0
AG4UA7UPBHVQIICQGX3FIPTOE24A,Popularity,0.0,0.0
AG4UA7UPBHVQIICQGX3FIPTOE24A,CF (ItemKNN),0.0,0.0
AG4UA7UPBHVQIICQGX3FIPTOE24A,Content (Avg Emb),0.0,0.0
AG4UA7UPBHVQIICQGX3FIPTOE24A,Last-Item,0.0,0.0
AG4UA7UPBHVQIICQGX3FIPTOE24A,Avg-Last-10,0.0,0.0
AG4UA7UPBHVQIICQGX3FIPTOE24A,Recency-Weighted,0.0,0.0
AG4UA7UPBHVQIICQGX3FIPTOE24A,Essence (K=10),0.0,0.0
AG4VT37EWXWXEHI557Y2GMHFJCTQ,Random,0.0,0.0
AG4VT37EWXWXEHI557Y2GMHFJCTQ,Popularity,0.0,0.0
AG4VT37EWXWXEHI557Y2GMHFJCTQ,CF (ItemKNN),0.0,0.0
AG4VT37EWXWXEHI557Y2GMHFJCTQ,Content (Avg Emb),0.0,0.0
AG4VT37EWXWXEHI557Y2GMHFJCTQ,Last-Item,0.0,0.0
AG4VT37EWXWXEHI557Y2GMHFJCTQ,Avg-Last-10,0.0,0.0
AG4VT37EWXWXEHI557Y2GMHFJCTQ,Recency-Weighted,0.0,0.0
AG4VT37EWXWXEHI557Y2GMHFJCTQ,Essence (K=10),0.0,0.0
AG4W6U7FFFYDQHOU6ALWQWVX65QQ,Random,0.0,0.0
AG4W6U7FFFYDQHOU6ALWQWVX65QQ,Popularity,0.0,0.0
AG4W6U7FFFYDQHOU6ALWQWVX65QQ,CF (ItemKNN),0.0,0.0
AG4W6U7FFFYDQHOU6ALWQWVX65QQ,Content (Avg Emb),0.0,0.0
AG4W6U7FFFYDQHOU6ALWQWVX65QQ,Last-Item,0.0,0.0
AG4W6U7FFFYDQHOU6ALWQWVX65QQ,Avg-Last-10,0.0,0.0
AG4W6U7FFFYDQHOU6ALWQWVX65QQ,Recency-Weighted,0.0,0.0
AG4W6U7FFFYDQHOU6ALWQWVX65QQ,Essence (K=10),0.0,0.0
AG4XW22SH56HD2ZGBP5UYR4UM4QQ,Random,0.0,0.0
AG4XW22SH56HD2ZGBP5UYR4UM4QQ,Popularity,0.0,0.0
AG4XW22SH56HD2ZGBP5UYR4UM4QQ,CF (ItemKNN),0.0,0.0
AG4XW22SH56HD2ZGBP5UYR4UM4QQ,Content (Avg Emb),0.0,0.0
AG4XW22SH56HD2ZGBP5UYR4UM4QQ,Last-Item,0.0,0.0
AG4XW22SH56HD2ZGBP5UYR4UM4QQ,Avg-Last-10,0.0,0.0
AG4XW22SH56HD2ZGBP5UYR4UM4QQ,Recency-Weighted,0.0,0.0
AG4XW22SH56HD2ZGBP5UYR4UM4QQ,Essence (K=10),0.0,0.0
AG4Z3BVEK6BL4CL266OLIT7YJFBA,Random,0.0,0.0
AG4Z3BVEK6BL4CL266OLIT7YJFBA,Popularity,0.0,0.0
AG4Z3BVEK6BL4CL266OLIT7YJFBA,CF (ItemKNN),0.0,0.0
AG4Z3BVEK6BL4CL266OLIT7YJFBA,Content (Avg Emb),0.0,0.0
AG4Z3BVEK6BL4CL266OLIT7YJFBA,Last-Item,0.2,0.0
AG4Z3BVEK6BL4CL266OLIT7YJFBA,Avg-Last-10,0.0,0.0
AG4Z3BVEK6BL4CL266OLIT7YJFBA,Recency-Weighted,0.0,0.0
AG4Z3BVEK6BL4CL266OLIT7YJFBA,Essence (K=10),0.0,0.0
AG52RMSI24FUAEM4A4AU3XVJ4L2Q,Random,0.0,
AG52RMSI24FUAEM4A4AU3XVJ4L2Q,Popularity,0.0,
AG52RMSI24FUAEM4A4AU3XVJ4L2Q,CF (ItemKNN),0.0,
AG52RMSI24FUAEM4A4AU3XVJ4L2Q,Content (Avg Emb),0.0,
AG52RMSI24FUAEM4A4AU3XVJ4L2Q,Last-Item,0.09090909090909091,
AG52RMSI24FUAEM4A4AU3XVJ4L2Q,Avg-Last-10,0.0,
AG52RMSI24FUAEM4A4AU3XVJ4L2Q,Recency-Weighted,0.0,
AG52RMSI24FUAEM4A4AU3XVJ4L2Q,Essence (K=10),0.0,
AG57DRSBZMWG6WKIWOKKWDITBEBQ,Random,0.0,
AG57DRSBZMWG6WKIWOKKWDITBEBQ,Popularity,0.0,
AG57DRSBZMWG6WKIWOKKWDITBEBQ,CF (ItemKNN),0.0,
AG57DRSBZMWG6WKIWOKKWDITBEBQ,Content (Avg Emb),0.0,
AG57DRSBZMWG6WKIWOKKWDITBEBQ,Last-Item,0.0,
AG57DRSBZMWG6WKIWOKKWDITBEBQ,Avg-Last-10,0.0,
AG57DRSBZMWG6WKIWOKKWDITBEBQ,Recency-Weighted,0.0,
AG57DRSBZMWG6WKIWOKKWDITBEBQ,Essence (K=10),0.0,
AG57RWBRAEYWVFCTJYPWT2UDKOUQ,Random,0.0,
AG57RWBRAEYWVFCTJYPWT2UDKOUQ,Popularity,0.0,
AG57RWBRAEYWVFCTJYPWT2UDKOUQ,CF (ItemKNN),0.0,
AG57RWBRAEYWVFCTJYPWT2UDKOUQ,Content (Avg Emb),0.0,
AG57RWBRAEYWVFCTJYPWT2UDKOUQ,Last-Item,0.0,
AG57RWBRAEYWVFCTJYPWT2UDKOUQ,Avg-Last-10,0.0,
AG57RWBRAEYWVFCTJYPWT2UDKOUQ,Recency-Weighted,0.0,
AG57RWBRAEYWVFCTJYPWT2UDKOUQ,Essence (K=10),0.0,
AG5AYEYVDFKNOIEHNWACREWXRPSQ,Random,0.0,0.0
AG5AYEYVDFKNOIEHNWACREWXRPSQ,Popularity,0.0,0.0
AG5AYEYVDFKNOIEHNWACREWXRPSQ,CF (ItemKNN),0.0,0.0
AG5AYEYVDFKNOIEHNWACREWXRPSQ,Content (Avg Emb),0.0,0.0
AG5AYEYVDFKNOIEHNWACREWXRPSQ,Last-Item,0.0,0.0
AG5AYEYVDFKNOIEHNWACREWXRPSQ,Avg-Last-10,0.0,0.0
AG5AYEYVDFKNOIEHNWACREWXRPSQ,Recency-Weighted,0.0,0.0
AG5AYEYVDFKNOIEHNWACREWXRPSQ,Essence (K=10),0.0,0.0
AG5BBHKJ4LD6SQBICADYNZIHQKSA,Random,0.0,0.0
AG5BBHKJ4LD6SQBICADYNZIHQKSA,Popularity,0.0,0.0
AG5BBHKJ4LD6SQBICADYNZIHQKSA,CF (ItemKNN),0.0,0.0
AG5BBHKJ4LD6SQBICADYNZIHQKSA,Content (Avg Emb),0.0,0.0
AG5BBHKJ4LD6SQBICADYNZIHQKSA,Last-Item,0.0,0.0
AG5BBHKJ4LD6SQBICADYNZIHQKSA,Avg-Last-10,0.0,0.0
AG5BBHKJ4LD6SQBICADYNZIHQKSA,Recency-Weighted,0.0,0.0
AG5BBHKJ4LD6SQBICADYNZIHQKSA,Essence (K=10),0.0,0.0
AG5BWWXIK3XS4XFNPUJPP73OHFWQ,Random,0.0,0.0
AG5BWWXIK3XS4XFNPUJPP73OHFWQ,Popularity,0.0,0.0
AG5BWWXIK3XS4XFNPUJPP73OHFWQ,CF (ItemKNN),0.0,0.0
AG5BWWXIK3XS4XFNPUJPP73OHFWQ,Content (Avg Emb),0.0,0.0
AG5BWWXIK3XS4XFNPUJPP73OHFWQ,Last-Item,0.0,0.0
AG5BWWXIK3XS4XFNPUJPP73OHFWQ,Avg-Last-10,0.0,0.0
AG5BWWXIK3XS4XFNPUJPP73OHFWQ,Recency-Weighted,0.0,0.0
AG5BWWXIK3XS4XFNPUJPP73OHFWQ,Essence (K=10),0.0,0.0
AG5DH5HGZOB5QANOOIAN6LKUMVSQ,Random,0.0,0.0
AG5DH5HGZOB5QANOOIAN6LKUMVSQ,Popularity,0.0,0.0
AG5DH5HGZOB5QANOOIAN6LKUMVSQ,CF (ItemKNN),0.0,0.0
AG5DH5HGZOB5QANOOIAN6LKUMVSQ,Content (Avg Emb),0.0,0.0
AG5DH5HGZOB5QANOOIAN6LKUMVSQ,Last-Item,0.0,0.0
AG5DH5HGZOB5QANOOIAN6LKUMVSQ,Avg-Last-10,0.0,0.0
AG5DH5HGZOB5QANOOIAN6LKUMVSQ,Recency-Weighted,0.0,0.0
AG5DH5HGZOB5QANOOIAN6LKUMVSQ,Essence (K=10),0.0,0.0
AG5IVRK3U4SZHP3KM6YR2DLJ2G7Q,Random,0.0,0.0
AG5IVRK3U4SZHP3KM6YR2DLJ2G7Q,Popularity,0.0,0.0
AG5IVRK3U4SZHP3KM6YR2DLJ2G7Q,CF (ItemKNN),0.0,0.0
AG5IVRK3U4SZHP3KM6YR2DLJ2G7Q,Content (Avg Emb),0.0,0.0
AG5IVRK3U4SZHP3KM6YR2DLJ2G7Q,Last-Item,0.5,0.5
AG5IVRK3U4SZHP3KM6YR2DLJ2G7Q,Avg-Last-10,0.0,0.0
AG5IVRK3U4SZHP3KM6YR2DLJ2G7Q,Recency-Weighted,0.0,0.0
AG5IVRK3U4SZHP3KM6YR2DLJ2G7Q,Essence (K=10),0.0,0.0
AG5L2Z44ZXDYHIGIRWAZJXTVRELA,Random,0.0,0.0
AG5L2Z44ZXDYHIGIRWAZJXTVRELA,Popularity,0.0,0.0
AG5L2Z44ZXDYHIGIRWAZJXTVRELA,CF (ItemKNN),0.0,0.0
AG5L2Z44ZXDYHIGIRWAZJXTVRELA,Content (Avg Emb),0.0,0.0
AG5L2Z44ZXDYHIGIRWAZJXTVRELA,Last-Item,0.0,0.0
AG5L2Z44ZXDYHIGIRWAZJXTVRELA,Avg-Last-10,0.0,0.0
AG5L2Z44ZXDYHIGIRWAZJXTVRELA,Recency-Weighted,0.0,0.0
AG5L2Z44ZXDYHIGIRWAZJXTVRELA,Essence (K=10),0.0,0.0
AG5L4VC526OJDNONOJ2KHTGQJZRQ,Random,0.0,0.0
AG5L4VC526OJDNONOJ2KHTGQJZRQ,Popularity,0.0,0.0
AG5L4VC526OJDNONOJ2KHTGQJZRQ,CF (ItemKNN),0.0,0.0
AG5L4VC526OJDNONOJ2KHTGQJZRQ,Content (Avg Emb),0.0,0.0
AG5L4VC526OJDNONOJ2KHTGQJZRQ,Last-Item,0.0,0.0
AG5L4VC526OJDNONOJ2KHTGQJZRQ,Avg-Last-10,0.0,0.0
AG5L4VC526OJDNONOJ2KHTGQJZRQ,Recency-Weighted,0.0,0.0
AG5L4VC526OJDNONOJ2KHTGQJZRQ,Essence (K=10),0.0,0.0
AG5NSA3RJL6EZDDB34VGEKFPIQZQ,Random,0.0,
AG5NSA3RJL6EZDDB34VGEKFPIQZQ,Popularity,0.0,
AG5NSA3RJL6EZDDB34VGEKFPIQZQ,CF (ItemKNN),0.0,
AG5NSA3RJL6EZDDB34VGEKFPIQZQ,Content (Avg Emb),0.0,
AG5NSA3RJL6EZDDB34VGEKFPIQZQ,Last-Item,0.8,
AG5NSA3RJL6EZDDB34VGEKFPIQZQ,Avg-Last-10,0.0,
AG5NSA3RJL6EZDDB34VGEKFPIQZQ,Recency-Weighted,0.0,
AG5NSA3RJL6EZDDB34VGEKFPIQZQ,Essence (K=10),0.0,
AG5OELKW2QOA4FCUJENZJXOKOOSA,Random,0.0,
AG5OELKW2QOA4FCUJENZJXOKOOSA,Popularity,0.0,
AG5OELKW2QOA4FCUJENZJXOKOOSA,CF (ItemKNN),0.0,
AG5OELKW2QOA4FCUJENZJXOKOOSA,Content (Avg Emb),0.0,
AG5OELKW2QOA4FCUJENZJXOKOOSA,Last-Item,0.25,
AG5OELKW2QOA4FCUJENZJXOKOOSA,Avg-Last-10,0.25,
AG5OELKW2QOA4FCUJENZJXOKOOSA,Recency-Weighted,0.25,
AG5OELKW2QOA4FCUJENZJXOKOOSA,Essence (K=10),0.25,
AG5OFUNCDTVQ6YEHSFYXTRJH3OLQ,Random,0.0,
AG5OFUNCDTVQ6YEHSFYXTRJH3OLQ,Popularity,0.0,
AG5OFUNCDTVQ6YEHSFYXTRJH3OLQ,CF (ItemKNN),0.0,
AG5OFUNCDTVQ6YEHSFYXTRJH3OLQ,Content (Avg Emb),0.0,
AG5OFUNCDTVQ6YEHSFYXTRJH3OLQ,Last-Item,0.0,
AG5OFUNCDTVQ6YEHSFYXTRJH3OLQ,Avg-Last-10,0.0,
AG5OFUNCDTVQ6YEHSFYXTRJH3OLQ,Recency-Weighted,0.0,
AG5OFUNCDTVQ6YEHSFYXTRJH3OLQ,Essence (K=10),0.0,
AG5OTIZUADYSVZWDSX37LXJSVTJA,Random,0.0,0.0
AG5OTIZUADYSVZWDSX37LXJSVTJA,Popularity,0.16666666666666666,0.0
AG5OTIZUADYSVZWDSX37LXJSVTJA,CF (ItemKNN),0.0,0.0
AG5OTIZUADYSVZWDSX37LXJSVTJA,Content (Avg Emb),0.0,0.0
AG5OTIZUADYSVZWDSX37LXJSVTJA,Last-Item,0.0,0.0
AG5OTIZUADYSVZWDSX37LXJSVTJA,Avg-Last-10,0.0,0.0
AG5OTIZUADYSVZWDSX37LXJSVTJA,Recency-Weighted,0.0,0.0
AG5OTIZUADYSVZWDSX37LXJSVTJA,Essence (K=10),0.0,0.0
AG5OW2TRUJGKN66243XXIL6CYJLQ,Random,0.0,0.0
AG5OW2TRUJGKN66243XXIL6CYJLQ,Popularity,0.0,0.0
AG5OW2TRUJGKN66243XXIL6CYJLQ,CF (ItemKNN),0.0,0.0
AG5OW2TRUJGKN66243XXIL6CYJLQ,Content (Avg Emb),0.0,0.0
AG5OW2TRUJGKN66243XXIL6CYJLQ,Last-Item,0.0,0.0
AG5OW2TRUJGKN66243XXIL6CYJLQ,Avg-Last-10,0.0,0.0
AG5OW2TRUJGKN66243XXIL6CYJLQ,Recency-Weighted,0.0,0.0
AG5OW2TRUJGKN66243XXIL6CYJLQ,Essence (K=10),0.0,0.0
AG5R5SRBOH7WCX3AWL56ZTXP6APA,Random,0.0,0.0
AG5R5SRBOH7WCX3AWL56ZTXP6APA,Popularity,0.0,0.0
AG5R5SRBOH7WCX3AWL56ZTXP6APA,CF (ItemKNN),0.0,0.0
AG5R5SRBOH7WCX3AWL56ZTXP6APA,Content (Avg Emb),0.0,0.0
AG5R5SRBOH7WCX3AWL56ZTXP6APA,Last-Item,0.0,0.0
AG5R5SRBOH7WCX3AWL56ZTXP6APA,Avg-Last-10,0.0,0.0
AG5R5SRBOH7WCX3AWL56ZTXP6APA,Recency-Weighted,0.0,0.0
AG5R5SRBOH7WCX3AWL56ZTXP6APA,Essence (K=10),0.0,0.0
AG5SM4JLAOGMFZNNKF7MIEOWRQSA,Random,0.0,
AG5SM4JLAOGMFZNNKF7MIEOWRQSA,Popularity,0.0,
AG5SM4JLAOGMFZNNKF7MIEOWRQSA,CF (ItemKNN),0.0,
AG5SM4JLAOGMFZNNKF7MIEOWRQSA,Content (Avg Emb),0.0,
AG5SM4JLAOGMFZNNKF7MIEOWRQSA,Last-Item,0.0,
AG5SM4JLAOGMFZNNKF7MIEOWRQSA,Avg-Last-10,0.0,
AG5SM4JLAOGMFZNNKF7MIEOWRQSA,Recency-Weighted,0.0,
AG5SM4JLAOGMFZNNKF7MIEOWRQSA,Essence (K=10),0.0,
AG62XJYRFEWOKWYS4AHLK7V5M7OQ,Random,0.0,0.0
AG62XJYRFEWOKWYS4AHLK7V5M7OQ,Popularity,0.07692307692307693,0.0
AG62XJYRFEWOKWYS4AHLK7V5M7OQ,CF (ItemKNN),0.0,0.0
AG62XJYRFEWOKWYS4AHLK7V5M7OQ,Content (Avg Emb),0.0,0.0
AG62XJYRFEWOKWYS4AHLK7V5M7OQ,Last-Item,0.0,0.0
AG62XJYRFEWOKWYS4AHLK7V5M7OQ,Avg-Last-10,0.0,0.0
AG62XJYRFEWOKWYS4AHLK7V5M7OQ,Recency-Weighted,0.0,0.0
AG62XJYRFEWOKWYS4AHLK7V5M7OQ,Essence (K=10),0.0,0.0
AG63UVXX6DZB3OKX4ALD57RJONOA,Random,0.0,0.0
AG63UVXX6DZB3OKX4ALD57RJONOA,Popularity,0.0,0.0
AG63UVXX6DZB3OKX4ALD57RJONOA,CF (ItemKNN),0.0,0.0
AG63UVXX6DZB3OKX4ALD57RJONOA,Content (Avg Emb),0.0,0.0
AG63UVXX6DZB3OKX4ALD57RJONOA,Last-Item,0.0,0.0
AG63UVXX6DZB3OKX4ALD57RJONOA,Avg-Last-10,0.0,0.0
AG63UVXX6DZB3OKX4ALD57RJONOA,Recency-Weighted,0.0,0.0
AG63UVXX6DZB3OKX4ALD57RJONOA,Essence (K=10),0.08333333333333333,0.3333333333333333
AG64B7CTVZGJTBJ4EHUMUE4IFY3A,Random,0.0,
AG64B7CTVZGJTBJ4EHUMUE4IFY3A,Popularity,0.0,
AG64B7CTVZGJTBJ4EHUMUE4IFY3A,CF (ItemKNN),0.0,
AG64B7CTVZGJTBJ4EHUMUE4IFY3A,Content (Avg Emb),0.0,
AG64B7CTVZGJTBJ4EHUMUE4IFY3A,Last-Item,0.0,
AG64B7CTVZGJTBJ4EHUMUE4IFY3A,Avg-Last-10,0.0,
AG64B7CTVZGJTBJ4EHUMUE4IFY3A,Recency-Weighted,0.0,
AG64B7CTVZGJTBJ4EHUMUE4IFY3A,Essence (K=10),0.0,
AG65DXBJZIOGJCKHBHZT3NMXN2FQ,Random,0.0,
AG65DXBJZIOGJCKHBHZT3NMXN2FQ,Popularity,0.0,
AG65DXBJZIOGJCKHBHZT3NMXN2FQ,CF (ItemKNN),0.0,
AG65DXBJZIOGJCKHBHZT3NMXN2FQ,Content (Avg Emb),0.0,
AG65DXBJZIOGJCKHBHZT3NMXN2FQ,Last-Item,0.0,
AG65DXBJZIOGJCKHBHZT3NMXN2FQ,Avg-Last-10,0.0,
AG65DXBJZIOGJCKHBHZT3NMXN2FQ,Recency-Weighted,0.0,
AG65DXBJZIOGJCKHBHZT3NMXN2FQ,Essence (K=10),0.0,
AG66FNG5TTWNK6PKVLVU63VWGEOQ,Random,0.0,0.0
AG66FNG5TTWNK6PKVLVU63VWGEOQ,Popularity,0.0,0.0
AG66FNG5TTWNK6PKVLVU63VWGEOQ,CF (ItemKNN),0.0,0.0
AG66FNG5TTWNK6PKVLVU63VWGEOQ,Content (Avg Emb),0.0,0.0
AG66FNG5TTWNK6PKVLVU63VWGEOQ,Last-Item,0.0,0.0
AG66FNG5TTWNK6PKVLVU63VWGEOQ,Avg-Last-10,0.0,0.0
AG66FNG5TTWNK6PKVLVU63VWGEOQ,Recency-Weighted,0.0,0.0
AG66FNG5TTWNK6PKVLVU63VWGEOQ,Essence (K=10),0.2,0.0
AG6AOCK7TCAVATLTCAFLK6CPLFQQ,Random,0.0,0.0
AG6AOCK7TCAVATLTCAFLK6CPLFQQ,Popularity,0.0,0.0
AG6AOCK7TCAVATLTCAFLK6CPLFQQ,CF (ItemKNN),0.0,0.0
AG6AOCK7TCAVATLTCAFLK6CPLFQQ,Content (Avg Emb),0.0,0.0
AG6AOCK7TCAVATLTCAFLK6CPLFQQ,Last-Item,0.0,0.0
AG6AOCK7TCAVATLTCAFLK6CPLFQQ,Avg-Last-10,0.0,0.0
AG6AOCK7TCAVATLTCAFLK6CPLFQQ,Recency-Weighted,0.0,0.0
AG6AOCK7TCAVATLTCAFLK6CPLFQQ,Essence (K=10),0.0,0.0
AG6DR6NL3J7I3X6STLHZXHMHP3CQ,Random,0.0,0.0
AG6DR6NL3J7I3X6STLHZXHMHP3CQ,Popularity,0.0,0.0
AG6DR6NL3J7I3X6STLHZXHMHP3CQ,CF (ItemKNN),0.0,0.0
AG6DR6NL3J7I3X6STLHZXHMHP3CQ,Content (Avg Emb),0.0,0.0
AG6DR6NL3J7I3X6STLHZXHMHP3CQ,Last-Item,0.0,0.0
AG6DR6NL3J7I3X6STLHZXHMHP3CQ,Avg-Last-10,0.0,0.0
AG6DR6NL3J7I3X6STLHZXHMHP3CQ,Recency-Weighted,0.0,0.0
AG6DR6NL3J7I3X6STLHZXHMHP3CQ,Essence (K=10),0.0,0.0
AG6I7VT3MPVYP4MIXDUBDXIKKN2A,Random,0.0,0.0
AG6I7VT3MPVYP4MIXDUBDXIKKN2A,Popularity,0.0,0.0
AG6I7VT3MPVYP4MIXDUBDXIKKN2A,CF (ItemKNN),0.0,0.0
AG6I7VT3MPVYP4MIXDUBDXIKKN2A,Content (Avg Emb),0.0,0.0
AG6I7VT3MPVYP4MIXDUBDXIKKN2A,Last-Item,0.0,0.0
AG6I7VT3MPVYP4MIXDUBDXIKKN2A,Avg-Last-10,0.0,0.0
AG6I7VT3MPVYP4MIXDUBDXIKKN2A,Recency-Weighted,0.0,0.0
AG6I7VT3MPVYP4MIXDUBDXIKKN2A,Essence (K=10),0.0,0.0
AG6JYUAQIG53E3FXXUYLGQR5JXEQ,Random,0.0,0.0
AG6JYUAQIG53E3FXXUYLGQR5JXEQ,Popularity,0.0,0.0
AG6JYUAQIG53E3FXXUYLGQR5JXEQ,CF (ItemKNN),0.0,0.0
AG6JYUAQIG53E3FXXUYLGQR5JXEQ,Content (Avg Emb),0.0,0.0
AG6JYUAQIG53E3FXXUYLGQR5JXEQ,Last-Item,0.0,0.0
AG6JYUAQIG53E3FXXUYLGQR5JXEQ,Avg-Last-10,0.0,0.0
AG6JYUAQIG53E3FXXUYLGQR5JXEQ,Recency-Weighted,0.0,0.0
AG6JYUAQIG53E3FXXUYLGQR5JXEQ,Essence (K=10),0.0,0.0
AG6NXYCTUFZM6AY3UX7VK3TXE7KA,Random,0.0,0.0
AG6NXYCTUFZM6AY3UX7VK3TXE7KA,Popularity,0.0,0.0
AG6NXYCTUFZM6AY3UX7VK3TXE7KA,CF (ItemKNN),0.0,0.0
AG6NXYCTUFZM6AY3UX7VK3TXE7KA,Content (Avg Emb),0.0,0.0
AG6NXYCTUFZM6AY3UX7VK3TXE7KA,Last-Item,0.0,0.0
AG6NXYCTUFZM6AY3UX7VK3TXE7KA,Avg-Last-10,0.0,0.0
AG6NXYCTUFZM6AY3UX7VK3TXE7KA,Recency-Weighted,0.0,0.0
AG6NXYCTUFZM6AY3UX7VK3TXE7KA,Essence (K=10),0.0,0.0
AG6Q44I7JGLJYFJX3TO3AL3YR72Q,Random,0.0,
AG6Q44I7JGLJYFJX3TO3AL3YR72Q,Popularity,0.0,
AG6Q44I7JGLJYFJX3TO3AL3YR72Q,CF (ItemKNN),0.0,
AG6Q44I7JGLJYFJX3TO3AL3YR72Q,Content (Avg Emb),0.0,
AG6Q44I7JGLJYFJX3TO3AL3YR72Q,Last-Item,0.0,
AG6Q44I7JGLJYFJX3TO3AL3YR72Q,Avg-Last-10,0.0,
AG6Q44I7JGLJYFJX3TO3AL3YR72Q,Recency-Weighted,0.0,
AG6Q44I7JGLJYFJX3TO3AL3YR72Q,Essence (K=10),0.0,
AG6TFA2LICWOPBCFS45OOVOWZ4JA,Random,0.0,
AG6TFA2LICWOPBCFS45OOVOWZ4JA,Popularity,0.0,
AG6TFA2LICWOPBCFS45OOVOWZ4JA,CF (ItemKNN),0.0,
AG6TFA2LICWOPBCFS45OOVOWZ4JA,Content (Avg Emb),0.0,
AG6TFA2LICWOPBCFS45OOVOWZ4JA,Last-Item,0.0,
AG6TFA2LICWOPBCFS45OOVOWZ4JA,Avg-Last-10,0.0,
AG6TFA2LICWOPBCFS45OOVOWZ4JA,Recency-Weighted,0.0,
AG6TFA2LICWOPBCFS45OOVOWZ4JA,Essence (K=10),0.0,
AG6WAVH6EDNI6WEW4YPZSYC3ESEQ,Random,0.0,0.0
AG6WAVH6EDNI6WEW4YPZSYC3ESEQ,Popularity,0.0,0.0
AG6WAVH6EDNI6WEW4YPZSYC3ESEQ,CF (ItemKNN),0.0,0.0
AG6WAVH6EDNI6WEW4YPZSYC3ESEQ,Content (Avg Emb),0.0,0.0
AG6WAVH6EDNI6WEW4YPZSYC3ESEQ,Last-Item,0.0,0.0
AG6WAVH6EDNI6WEW4YPZSYC3ESEQ,Avg-Last-10,0.0,0.0
AG6WAVH6EDNI6WEW4YPZSYC3ESEQ,Recency-Weighted,0.0,0.0
AG6WAVH6EDNI6WEW4YPZSYC3ESEQ,Essence (K=10),0.0,0.0
AG74LAWRMK4O6FBQSYRSWUSJRNXQ,Random,0.0,
AG74LAWRMK4O6FBQSYRSWUSJRNXQ,Popularity,0.0,
AG74LAWRMK4O6FBQSYRSWUSJRNXQ,CF (ItemKNN),0.0,
AG74LAWRMK4O6FBQSYRSWUSJRNXQ,Content (Avg Emb),0.0,
AG74LAWRMK4O6FBQSYRSWUSJRNXQ,Last-Item,0.2,
AG74LAWRMK4O6FBQSYRSWUSJRNXQ,Avg-Last-10,0.0,
AG74LAWRMK4O6FBQSYRSWUSJRNXQ,Recency-Weighted,0.0,
AG74LAWRMK4O6FBQSYRSWUSJRNXQ,Essence (K=10),0.0,
AG74ZECYBNAB74FJ57B4LFZQPJWQ,Random,0.0,
AG74ZECYBNAB74FJ57B4LFZQPJWQ,Popularity,0.0,
AG74ZECYBNAB74FJ57B4LFZQPJWQ,CF (ItemKNN),0.0,
AG74ZECYBNAB74FJ57B4LFZQPJWQ,Content (Avg Emb),0.0,
AG74ZECYBNAB74FJ57B4LFZQPJWQ,Last-Item,0.0,
AG74ZECYBNAB74FJ57B4LFZQPJWQ,Avg-Last-10,0.0,
AG74ZECYBNAB74FJ57B4LFZQPJWQ,Recency-Weighted,0.0,
AG74ZECYBNAB74FJ57B4LFZQPJWQ,Essence (K=10),0.0,
AG7BCMT5JDTDDQXPF45ME5LFTVLQ,Random,0.0,0.0
AG7BCMT5JDTDDQXPF45ME5LFTVLQ,Popularity,0.0,0.0
AG7BCMT5JDTDDQXPF45ME5LFTVLQ,CF (ItemKNN),0.0,0.0
AG7BCMT5JDTDDQXPF45ME5LFTVLQ,Content (Avg Emb),0.08,0.0
AG7BCMT5JDTDDQXPF45ME5LFTVLQ,Last-Item,0.0,0.0
AG7BCMT5JDTDDQXPF45ME5LFTVLQ,Avg-Last-10,0.0,0.0
AG7BCMT5JDTDDQXPF45ME5LFTVLQ,Recency-Weighted,0.0,0.0
AG7BCMT5JDTDDQXPF45ME5LFTVLQ,Essence (K=10),0.0,0.0
AG7JYHH3XVN7TT4T6O2RTSDSLWEQ,Random,0.0,0.0
AG7JYHH3XVN7TT4T6O2RTSDSLWEQ,Popularity,0.0,0.0
AG7JYHH3XVN7TT4T6O2RTSDSLWEQ,CF (ItemKNN),0.0,0.0
AG7JYHH3XVN7TT4T6O2RTSDSLWEQ,Content (Avg Emb),0.0,0.0
AG7JYHH3XVN7TT4T6O2RTSDSLWEQ,Last-Item,0.0,0.0
AG7JYHH3XVN7TT4T6O2RTSDSLWEQ,Avg-Last-10,0.0,0.0
AG7JYHH3XVN7TT4T6O2RTSDSLWEQ,Recency-Weighted,0.0,0.0
AG7JYHH3XVN7TT4T6O2RTSDSLWEQ,Essence (K=10),0.0,0.0
AG7K3TSWC4S4BV2QGOFQMJKAFF3A,Random,0.0,0.0
AG7K3TSWC4S4BV2QGOFQMJKAFF3A,Popularity,0.0,0.0
AG7K3TSWC4S4BV2QGOFQMJKAFF3A,CF (ItemKNN),0.0,0.0
AG7K3TSWC4S4BV2QGOFQMJKAFF3A,Content (Avg Emb),0.0,0.0
AG7K3TSWC4S4BV2QGOFQMJKAFF3A,Last-Item,0.2,0.0
AG7K3TSWC4S4BV2QGOFQMJKAFF3A,Avg-Last-10,0.0,0.0
AG7K3TSWC4S4BV2QGOFQMJKAFF3A,Recency-Weighted,0.0,0.0
AG7K3TSWC4S4BV2QGOFQMJKAFF3A,Essence (K=10),0.0,0.0
AG7LIYIKT6APMJMOQ4B6EFHT46AQ,Random,0.0,0.0
AG7LIYIKT6APMJMOQ4B6EFHT46AQ,Popularity,0.0,0.0
AG7LIYIKT6APMJMOQ4B6EFHT46AQ,CF (ItemKNN),0.0,0.0
AG7LIYIKT6APMJMOQ4B6EFHT46AQ,Content (Avg Emb),0.0,0.0
AG7LIYIKT6APMJMOQ4B6EFHT46AQ,Last-Item,0.0,0.0
AG7LIYIKT6APMJMOQ4B6EFHT46AQ,Avg-Last-10,0.0,0.0
AG7LIYIKT6APMJMOQ4B6EFHT46AQ,Recency-Weighted,0.0,0.0
AG7LIYIKT6APMJMOQ4B6EFHT46AQ,Essence (K=10),0.0,0.0
AG7MAYRSSLB3HX4W3EWWFBV2372A,Random,0.0,
AG7MAYRSSLB3HX4W3EWWFBV2372A,Popularity,0.0,
AG7MAYRSSLB3HX4W3EWWFBV2372A,CF (ItemKNN),0.0,
AG7MAYRSSLB3HX4W3EWWFBV2372A,Content (Avg Emb),0.0,
AG7MAYRSSLB3HX4W3EWWFBV2372A,Last-Item,0.0,
AG7MAYRSSLB3HX4W3EWWFBV2372A,Avg-Last-10,0.125,
AG7MAYRSSLB3HX4W3EWWFBV2372A,Recency-Weighted,0.125,
AG7MAYRSSLB3HX4W3EWWFBV2372A,Essence (K=10),0.0,
AG7P7U5XTTT4PTFDJRK44MRAGITA,Random,0.0,0.0
AG7P7U5XTTT4PTFDJRK44MRAGITA,Popularity,0.0,0.0
AG7P7U5XTTT4PTFDJRK44MRAGITA,CF (ItemKNN),0.0,0.0
AG7P7U5XTTT4PTFDJRK44MRAGITA,Content (Avg Emb),0.0,0.0
AG7P7U5XTTT4PTFDJRK44MRAGITA,Last-Item,0.0,0.0
AG7P7U5XTTT4PTFDJRK44MRAGITA,Avg-Last-10,0.0,0.0
AG7P7U5XTTT4PTFDJRK44MRAGITA,Recency-Weighted,0.0,0.0
AG7P7U5XTTT4PTFDJRK44MRAGITA,Essence (K=10),0.0,0.0
AG7Q7M7IIMZOG6G54KAXTCWVZ2VA,Random,0.0,0.0
AG7Q7M7IIMZOG6G54KAXTCWVZ2VA,Popularity,0.0,0.0
AG7Q7M7IIMZOG6G54KAXTCWVZ2VA,CF (ItemKNN),0.0,0.0
AG7Q7M7IIMZOG6G54KAXTCWVZ2VA,Content (Avg Emb),0.0,0.0
AG7Q7M7IIMZOG6G54KAXTCWVZ2VA,Last-Item,0.0,0.0
AG7Q7M7IIMZOG6G54KAXTCWVZ2VA,Avg-Last-10,0.0,0.0
AG7Q7M7IIMZOG6G54KAXTCWVZ2VA,Recency-Weighted,0.0,0.0
AG7Q7M7IIMZOG6G54KAXTCWVZ2VA,Essence (K=10),0.0,0.0
AG7SSSGSKF7TS3UZP6QOL2ZGVNVQ,Random,0.0,0.0
AG7SSSGSKF7TS3UZP6QOL2ZGVNVQ,Popularity,0.0,0.0
AG7SSSGSKF7TS3UZP6QOL2ZGVNVQ,CF (ItemKNN),0.0,0.0
AG7SSSGSKF7TS3UZP6QOL2ZGVNVQ,Content (Avg Emb),0.0,0.0
AG7SSSGSKF7TS3UZP6QOL2ZGVNVQ,Last-Item,0.0,0.0
AG7SSSGSKF7TS3UZP6QOL2ZGVNVQ,Avg-Last-10,0.0,0.0
AG7SSSGSKF7TS3UZP6QOL2ZGVNVQ,Recency-Weighted,0.0,0.0
AG7SSSGSKF7TS3UZP6QOL2ZGVNVQ,Essence (K=10),0.0,0.0
AG7SU6TOFWBXRCLIPTO4VFMJT2EA,Random,0.0,0.0
AG7SU6TOFWBXRCLIPTO4VFMJT2EA,Popularity,0.2,0.0
AG7SU6TOFWBXRCLIPTO4VFMJT2EA,CF (ItemKNN),0.0,0.0
AG7SU6TOFWBXRCLIPTO4VFMJT2EA,Content (Avg Emb),0.0,0.0
AG7SU6TOFWBXRCLIPTO4VFMJT2EA,Last-Item,0.0,0.0
AG7SU6TOFWBXRCLIPTO4VFMJT2EA,Avg-Last-10,0.0,0.0
AG7SU6TOFWBXRCLIPTO4VFMJT2EA,Recency-Weighted,0.0,0.0
AG7SU6TOFWBXRCLIPTO4VFMJT2EA,Essence (K=10),0.0,0.0
AG7TOYEMNAIAAN5WZWCQBTSKVC2Q,Random,0.0,
AG7TOYEMNAIAAN5WZWCQBTSKVC2Q,Popularity,0.0,
AG7TOYEMNAIAAN5WZWCQBTSKVC2Q,CF (ItemKNN),0.0,
AG7TOYEMNAIAAN5WZWCQBTSKVC2Q,Content (Avg Emb),0.0,
AG7TOYEMNAIAAN5WZWCQBTSKVC2Q,Last-Item,0.0,
AG7TOYEMNAIAAN5WZWCQBTSKVC2Q,Avg-Last-10,0.0,
AG7TOYEMNAIAAN5WZWCQBTSKVC2Q,Recency-Weighted,0.0,
AG7TOYEMNAIAAN5WZWCQBTSKVC2Q,Essence (K=10),0.0,
AG7WP5ANKPTG7QRDYRNNHHD34GTA,Random,0.0,0.0
AG7WP5ANKPTG7QRDYRNNHHD34GTA,Popularity,0.0,0.0
AG7WP5ANKPTG7QRDYRNNHHD34GTA,CF (ItemKNN),0.0,0.0
AG7WP5ANKPTG7QRDYRNNHHD34GTA,Content (Avg Emb),0.0,0.0
AG7WP5ANKPTG7QRDYRNNHHD34GTA,Last-Item,0.0,0.0
AG7WP5ANKPTG7QRDYRNNHHD34GTA,Avg-Last-10,0.0,0.0
AG7WP5ANKPTG7QRDYRNNHHD34GTA,Recency-Weighted,0.0,0.0
AG7WP5ANKPTG7QRDYRNNHHD34GTA,Essence (K=10),0.0,0.0
AG7ZOPPKCSOWI3HADVWEKR7INVMQ,Random,0.0,0.0
AG7ZOPPKCSOWI3HADVWEKR7INVMQ,Popularity,0.0,0.0
AG7ZOPPKCSOWI3HADVWEKR7INVMQ,CF (ItemKNN),0.0,0.0
AG7ZOPPKCSOWI3HADVWEKR7INVMQ,Content (Avg Emb),0.0,0.0
AG7ZOPPKCSOWI3HADVWEKR7INVMQ,Last-Item,0.0,0.0
AG7ZOPPKCSOWI3HADVWEKR7INVMQ,Avg-Last-10,0.0,0.0
AG7ZOPPKCSOWI3HADVWEKR7INVMQ,Recency-Weighted,0.0,0.0
AG7ZOPPKCSOWI3HADVWEKR7INVMQ,Essence (K=10),0.0,0.0
AGA5UUCFQO3XC3QYS7HWUPQLL5MQ,Random,0.0,0.0
AGA5UUCFQO3XC3QYS7HWUPQLL5MQ,Popularity,0.0,0.0
AGA5UUCFQO3XC3QYS7HWUPQLL5MQ,CF (ItemKNN),0.0,0.0
AGA5UUCFQO3XC3QYS7HWUPQLL5MQ,Content (Avg Emb),0.16666666666666666,0.3333333333333333
AGA5UUCFQO3XC3QYS7HWUPQLL5MQ,Last-Item,0.5,0.6666666666666666
AGA5UUCFQO3XC3QYS7HWUPQLL5MQ,Avg-Last-10,0.0,0.0
AGA5UUCFQO3XC3QYS7HWUPQLL5MQ,Recency-Weighted,0.0,0.0
AGA5UUCFQO3XC3QYS7HWUPQLL5MQ,Essence (K=10),0.16666666666666666,0.3333333333333333
AGA62BGFYCUUUP66VFVRLIO54YKA,Random,0.0,
AGA62BGFYCUUUP66VFVRLIO54YKA,Popularity,0.0,
AGA62BGFYCUUUP66VFVRLIO54YKA,CF (ItemKNN),0.0,
AGA62BGFYCUUUP66VFVRLIO54YKA,Content (Avg Emb),0.4,
AGA62BGFYCUUUP66VFVRLIO54YKA,Last-Item,0.8,
AGA62BGFYCUUUP66VFVRLIO54YKA,Avg-Last-10,0.8,
AGA62BGFYCUUUP66VFVRLIO54YKA,Recency-Weighted,0.8,
AGA62BGFYCUUUP66VFVRLIO54YKA,Essence (K=10),0.8,
AGABSHJPZ4MB3OYLKSYWXQ6TKZNA,Random,0.0,
AGABSHJPZ4MB3OYLKSYWXQ6TKZNA,Popularity,0.0,
AGABSHJPZ4MB3OYLKSYWXQ6TKZNA,CF (ItemKNN),0.0,
AGABSHJPZ4MB3OYLKSYWXQ6TKZNA,Content (Avg Emb),0.0,
AGABSHJPZ4MB3OYLKSYWXQ6TKZNA,Last-Item,0.0,
AGABSHJPZ4MB3OYLKSYWXQ6TKZNA,Avg-Last-10,0.0,
AGABSHJPZ4MB3OYLKSYWXQ6TKZNA,Recency-Weighted,0.0,
AGABSHJPZ4MB3OYLKSYWXQ6TKZNA,Essence (K=10),0.0,
AGADWSNI4D65TO2LXO2PYRFWGB3A,Random,0.0,0.0
AGADWSNI4D65TO2LXO2PYRFWGB3A,Popularity,0.0,0.0
AGADWSNI4D65TO2LXO2PYRFWGB3A,CF (ItemKNN),0.0,0.0
AGADWSNI4D65TO2LXO2PYRFWGB3A,Content (Avg Emb),0.0,0.0
AGADWSNI4D65TO2LXO2PYRFWGB3A,Last-Item,0.0,0.0
AGADWSNI4D65TO2LXO2PYRFWGB3A,Avg-Last-10,0.0,0.0
AGADWSNI4D65TO2LXO2PYRFWGB3A,Recency-Weighted,0.0,0.0
AGADWSNI4D65TO2LXO2PYRFWGB3A,Essence (K=10),0.0,0.0
AGAGKFWVO475347C2ZN4DAGHGL7Q,Random,0.0,
AGAGKFWVO475347C2ZN4DAGHGL7Q,Popularity,0.0,
AGAGKFWVO475347C2ZN4DAGHGL7Q,CF (ItemKNN),0.0,
AGAGKFWVO475347C2ZN4DAGHGL7Q,Content (Avg Emb),0.0,
AGAGKFWVO475347C2ZN4DAGHGL7Q,Last-Item,0.0,
AGAGKFWVO475347C2ZN4DAGHGL7Q,Avg-Last-10,0.0,
AGAGKFWVO475347C2ZN4DAGHGL7Q,Recency-Weighted,0.0,
AGAGKFWVO475347C2ZN4DAGHGL7Q,Essence (K=10),0.0,
AGAICXOXNFKRO74QT5YVCV4DQQYQ,Random,0.0,0.0
AGAICXOXNFKRO74QT5YVCV4DQQYQ,Popularity,0.0,0.0
AGAICXOXNFKRO74QT5YVCV4DQQYQ,CF (ItemKNN),0.0,0.0
AGAICXOXNFKRO74QT5YVCV4DQQYQ,Content (Avg Emb),0.2,0.5
AGAICXOXNFKRO74QT5YVCV4DQQYQ,Last-Item,0.2,0.5
AGAICXOXNFKRO74QT5YVCV4DQQYQ,Avg-Last-10,0.4,0.5
AGAICXOXNFKRO74QT5YVCV4DQQYQ,Recency-Weighted,0.6,1.0
AGAICXOXNFKRO74QT5YVCV4DQQYQ,Essence (K=10),0.2,0.5
AGAJ66XZKVLXL7AKOUUTNO3HSKOA,Random,0.0,0.0
AGAJ66XZKVLXL7AKOUUTNO3HSKOA,Popularity,0.0,0.0
AGAJ66XZKVLXL7AKOUUTNO3HSKOA,CF (ItemKNN),0.0,0.0
AGAJ66XZKVLXL7AKOUUTNO3HSKOA,Content (Avg Emb),0.0,0.0
AGAJ66XZKVLXL7AKOUUTNO3HSKOA,Last-Item,0.16666666666666666,0.0
AGAJ66XZKVLXL7AKOUUTNO3HSKOA,Avg-Last-10,0.0,0.0
AGAJ66XZKVLXL7AKOUUTNO3HSKOA,Recency-Weighted,0.0,0.0
AGAJ66XZKVLXL7AKOUUTNO3HSKOA,Essence (K=10),0.0,0.0
AGAJL4IU7LS2GLY6YXKTDCAW2F6Q,Random,0.0,0.0
AGAJL4IU7LS2GLY6YXKTDCAW2F6Q,Popularity,0.0,0.0
AGAJL4IU7LS2GLY6YXKTDCAW2F6Q,CF (ItemKNN),0.0,0.0
AGAJL4IU7LS2GLY6YXKTDCAW2F6Q,Content (Avg Emb),0.0,0.0
AGAJL4IU7LS2GLY6YXKTDCAW2F6Q,Last-Item,0.0,0.0
AGAJL4IU7LS2GLY6YXKTDCAW2F6Q,Avg-Last-10,0.0,0.0
AGAJL4IU7LS2GLY6YXKTDCAW2F6Q,Recency-Weighted,0.0,0.0
AGAJL4IU7LS2GLY6YXKTDCAW2F6Q,Essence (K=10),0.0,0.0
AGAJWUVATBWCZHKAZWGGA4LVPVCQ,Random,0.0,0.0
AGAJWUVATBWCZHKAZWGGA4LVPVCQ,Popularity,0.0,0.0
AGAJWUVATBWCZHKAZWGGA4LVPVCQ,CF (ItemKNN),0.0,0.0
AGAJWUVATBWCZHKAZWGGA4LVPVCQ,Content (Avg Emb),0.0,0.0
AGAJWUVATBWCZHKAZWGGA4LVPVCQ,Last-Item,0.0,0.0
AGAJWUVATBWCZHKAZWGGA4LVPVCQ,Avg-Last-10,0.0,0.0
AGAJWUVATBWCZHKAZWGGA4LVPVCQ,Recency-Weighted,0.0,0.0
AGAJWUVATBWCZHKAZWGGA4LVPVCQ,Essence (K=10),0.0,0.0
AGALLOVIZRBGXJK5PMOLGENCQUGA,Random,0.0,
AGALLOVIZRBGXJK5PMOLGENCQUGA,Popularity,0.0,
AGALLOVIZRBGXJK5PMOLGENCQUGA,CF (ItemKNN),0.0,
AGALLOVIZRBGXJK5PMOLGENCQUGA,Content (Avg Emb),0.0,
AGALLOVIZRBGXJK5PMOLGENCQUGA,Last-Item,0.0,
AGALLOVIZRBGXJK5PMOLGENCQUGA,Avg-Last-10,0.0,
AGALLOVIZRBGXJK5PMOLGENCQUGA,Recency-Weighted,0.0,
AGALLOVIZRBGXJK5PMOLGENCQUGA,Essence (K=10),0.0,
AGAMXBCK5NSLUWWU5FXIXMIW62GQ,Random,0.0,0.0
AGAMXBCK5NSLUWWU5FXIXMIW62GQ,Popularity,0.0,0.0
AGAMXBCK5NSLUWWU5FXIXMIW62GQ,CF (ItemKNN),0.0,0.0
AGAMXBCK5NSLUWWU5FXIXMIW62GQ,Content (Avg Emb),0.0,0.0
AGAMXBCK5NSLUWWU5FXIXMIW62GQ,Last-Item,0.0,0.0
AGAMXBCK5NSLUWWU5FXIXMIW62GQ,Avg-Last-10,0.0,0.0
AGAMXBCK5NSLUWWU5FXIXMIW62GQ,Recency-Weighted,0.0,0.0
AGAMXBCK5NSLUWWU5FXIXMIW62GQ,Essence (K=10),0.0,0.0
AGAPHUKI6FF62ZLHYLIB2G6BVEQQ,Random,0.0,0.0
AGAPHUKI6FF62ZLHYLIB2G6BVEQQ,Popularity,0.16666666666666666,0.0
AGAPHUKI6FF62ZLHYLIB2G6BVEQQ,CF (ItemKNN),0.0,0.0
AGAPHUKI6FF62ZLHYLIB2G6BVEQQ,Content (Avg Emb),0.0,0.0
AGAPHUKI6FF62ZLHYLIB2G6BVEQQ,Last-Item,0.0,0.0
AGAPHUKI6FF62ZLHYLIB2G6BVEQQ,Avg-Last-10,0.0,0.0
AGAPHUKI6FF62ZLHYLIB2G6BVEQQ,Recency-Weighted,0.0,0.0
AGAPHUKI6FF62ZLHYLIB2G6BVEQQ,Essence (K=10),0.0,0.0
AGAQA25V3AR7HU6RKJ72C5PUT5UQ,Random,0.0,0.0
AGAQA25V3AR7HU6RKJ72C5PUT5UQ,Popularity,0.0,0.0
AGAQA25V3AR7HU6RKJ72C5PUT5UQ,CF (ItemKNN),0.0,0.0
AGAQA25V3AR7HU6RKJ72C5PUT5UQ,Content (Avg Emb),0.0,0.0
AGAQA25V3AR7HU6RKJ72C5PUT5UQ,Last-Item,0.2,0.0
AGAQA25V3AR7HU6RKJ72C5PUT5UQ,Avg-Last-10,0.2,0.0
AGAQA25V3AR7HU6RKJ72C5PUT5UQ,Recency-Weighted,0.2,0.0
AGAQA25V3AR7HU6RKJ72C5PUT5UQ,Essence (K=10),0.2,0.0
AGAQEQRFWODQQWVH5XMDVSKTBHFQ,Random,0.0,
AGAQEQRFWODQQWVH5XMDVSKTBHFQ,Popularity,0.0,
AGAQEQRFWODQQWVH5XMDVSKTBHFQ,CF (ItemKNN),0.0,
AGAQEQRFWODQQWVH5XMDVSKTBHFQ,Content (Avg Emb),0.0,
AGAQEQRFWODQQWVH5XMDVSKTBHFQ,Last-Item,0.2,
AGAQEQRFWODQQWVH5XMDVSKTBHFQ,Avg-Last-10,0.0,
AGAQEQRFWODQQWVH5XMDVSKTBHFQ,Recency-Weighted,0.0,
AGAQEQRFWODQQWVH5XMDVSKTBHFQ,Essence (K=10),0.0,
AGASZ6R2F2GCG5WUFDZOW3ATSEVA,Random,0.0,0.0
AGASZ6R2F2GCG5WUFDZOW3ATSEVA,Popularity,0.0,0.0
AGASZ6R2F2GCG5WUFDZOW3ATSEVA,CF (ItemKNN),0.0,0.0
AGASZ6R2F2GCG5WUFDZOW3ATSEVA,Content (Avg Emb),0.0,0.0
AGASZ6R2F2GCG5WUFDZOW3ATSEVA,Last-Item,0.0,0.0
AGASZ6R2F2GCG5WUFDZOW3ATSEVA,Avg-Last-10,0.0,0.0
AGASZ6R2F2GCG5WUFDZOW3ATSEVA,Recency-Weighted,0.0,0.0
AGASZ6R2F2GCG5WUFDZOW3ATSEVA,Essence (K=10),0.0,0.0
AGATMKVQ653NBAS4STXY2PZQ3UKQ,Random,0.0,0.0
AGATMKVQ653NBAS4STXY2PZQ3UKQ,Popularity,0.0,0.0
AGATMKVQ653NBAS4STXY2PZQ3UKQ,CF (ItemKNN),0.0,0.0
AGATMKVQ653NBAS4STXY2PZQ3UKQ,Content (Avg Emb),0.0,0.0
AGATMKVQ653NBAS4STXY2PZQ3UKQ,Last-Item,0.05,0.0
AGATMKVQ653NBAS4STXY2PZQ3UKQ,Avg-Last-10,0.05,0.0
AGATMKVQ653NBAS4STXY2PZQ3UKQ,Recency-Weighted,0.05,0.0
AGATMKVQ653NBAS4STXY2PZQ3UKQ,Essence (K=10),0.05,0.0
AGAURGGJTZ3GUDCX47YVL7DVN2FA,Random,0.0,
AGAURGGJTZ3GUDCX47YVL7DVN2FA,Popularity,0.0,
AGAURGGJTZ3GUDCX47YVL7DVN2FA,CF (ItemKNN),0.0,
AGAURGGJTZ3GUDCX47YVL7DVN2FA,Content (Avg Emb),0.0,
AGAURGGJTZ3GUDCX47YVL7DVN2FA,Last-Item,0.0,
AGAURGGJTZ3GUDCX47YVL7DVN2FA,Avg-Last-10,0.0,
AGAURGGJTZ3GUDCX47YVL7DVN2FA,Recency-Weighted,0.0,
AGAURGGJTZ3GUDCX47YVL7DVN2FA,Essence (K=10),0.0,
AGAWUF7XUNRUPJT3L25OYMVQUELA,Random,0.0,0.0
AGAWUF7XUNRUPJT3L25OYMVQUELA,Popularity,0.0,0.0
AGAWUF7XUNRUPJT3L25OYMVQUELA,CF (ItemKNN),0.0,0.0
AGAWUF7XUNRUPJT3L25OYMVQUELA,Content (Avg Emb),0.0,0.0
AGAWUF7XUNRUPJT3L25OYMVQUELA,Last-Item,0.0,0.0
AGAWUF7XUNRUPJT3L25OYMVQUELA,Avg-Last-10,0.0,0.0
AGAWUF7XUNRUPJT3L25OYMVQUELA,Recency-Weighted,0.0,0.0
AGAWUF7XUNRUPJT3L25OYMVQUELA,Essence (K=10),0.0,0.0
AGAYXYYYQYOZYABJWOLZNDCOGSDA,Random,0.0,
AGAYXYYYQYOZYABJWOLZNDCOGSDA,Popularity,0.0,
AGAYXYYYQYOZYABJWOLZNDCOGSDA,CF (ItemKNN),0.0,
AGAYXYYYQYOZYABJWOLZNDCOGSDA,Content (Avg Emb),0.0,
AGAYXYYYQYOZYABJWOLZNDCOGSDA,Last-Item,0.0,
AGAYXYYYQYOZYABJWOLZNDCOGSDA,Avg-Last-10,0.0,
AGAYXYYYQYOZYABJWOLZNDCOGSDA,Recency-Weighted,0.0,
AGAYXYYYQYOZYABJWOLZNDCOGSDA,Essence (K=10),0.0,
AGB32NXO4E7PCKHZUGYM3C6DBCYA,Random,0.0,0.0
AGB32NXO4E7PCKHZUGYM3C6DBCYA,Popularity,0.0,0.0
AGB32NXO4E7PCKHZUGYM3C6DBCYA,CF (ItemKNN),0.125,0.0
AGB32NXO4E7PCKHZUGYM3C6DBCYA,Content (Avg Emb),0.125,0.0
AGB32NXO4E7PCKHZUGYM3C6DBCYA,Last-Item,0.0,0.0
AGB32NXO4E7PCKHZUGYM3C6DBCYA,Avg-Last-10,0.0,0.0
AGB32NXO4E7PCKHZUGYM3C6DBCYA,Recency-Weighted,0.0,0.0
AGB32NXO4E7PCKHZUGYM3C6DBCYA,Essence (K=10),0.0,0.0
AGB6J2UZOM7GOYAXV2BABPWIFP6A,Random,0.0,0.0
AGB6J2UZOM7GOYAXV2BABPWIFP6A,Popularity,0.0,0.0
AGB6J2UZOM7GOYAXV2BABPWIFP6A,CF (ItemKNN),0.0,0.0
AGB6J2UZOM7GOYAXV2BABPWIFP6A,Content (Avg Emb),0.0,0.0
AGB6J2UZOM7GOYAXV2BABPWIFP6A,Last-Item,0.0,0.0
AGB6J2UZOM7GOYAXV2BABPWIFP6A,Avg-Last-10,0.0,0.0
AGB6J2UZOM7GOYAXV2BABPWIFP6A,Recency-Weighted,0.0,0.0
AGB6J2UZOM7GOYAXV2BABPWIFP6A,Essence (K=10),0.0,0.0
AGBGTYJWL7FS7F6AAW5MB5RKM35Q,Random,0.0,
AGBGTYJWL7FS7F6AAW5MB5RKM35Q,Popularity,0.0,
AGBGTYJWL7FS7F6AAW5MB5RKM35Q,CF (ItemKNN),0.0,
AGBGTYJWL7FS7F6AAW5MB5RKM35Q,Content (Avg Emb),0.0,
AGBGTYJWL7FS7F6AAW5MB5RKM35Q,Last-Item,0.0,
AGBGTYJWL7FS7F6AAW5MB5RKM35Q,Avg-Last-10,0.0,
AGBGTYJWL7FS7F6AAW5MB5RKM35Q,Recency-Weighted,0.0,
AGBGTYJWL7FS7F6AAW5MB5RKM35Q,Essence (K=10),0.0,
AGBIUAH72VWLNGXZOAGFSMUZOKRQ,Random,0.0,0.0
AGBIUAH72VWLNGXZOAGFSMUZOKRQ,Popularity,0.0,0.0
AGBIUAH72VWLNGXZOAGFSMUZOKRQ,CF (ItemKNN),0.0,0.0
AGBIUAH72VWLNGXZOAGFSMUZOKRQ,Content (Avg Emb),0.0,0.0
AGBIUAH72VWLNGXZOAGFSMUZOKRQ,Last-Item,0.2,0.5
AGBIUAH72VWLNGXZOAGFSMUZOKRQ,Avg-Last-10,0.0,0.0
AGBIUAH72VWLNGXZOAGFSMUZOKRQ,Recency-Weighted,0.0,0.0
AGBIUAH72VWLNGXZOAGFSMUZOKRQ,Essence (K=10),0.0,0.0
AGBK5725ANIDPXFBJPMQBBDGTZ6Q,Random,0.0,0.0
AGBK5725ANIDPXFBJPMQBBDGTZ6Q,Popularity,0.0,0.0
AGBK5725ANIDPXFBJPMQBBDGTZ6Q,CF (ItemKNN),0.0,0.0
AGBK5725ANIDPXFBJPMQBBDGTZ6Q,Content (Avg Emb),0.0,0.0
AGBK5725ANIDPXFBJPMQBBDGTZ6Q,Last-Item,0.0,0.0
AGBK5725ANIDPXFBJPMQBBDGTZ6Q,Avg-Last-10,0.0,0.0
AGBK5725ANIDPXFBJPMQBBDGTZ6Q,Recency-Weighted,0.0,0.0
AGBK5725ANIDPXFBJPMQBBDGTZ6Q,Essence (K=10),0.0,0.0
AGBKL6ILCMU5FVOEYCENT4ACZVQA,Random,0.0,0.0
AGBKL6ILCMU5FVOEYCENT4ACZVQA,Popularity,0.0,0.0
AGBKL6ILCMU5FVOEYCENT4ACZVQA,CF (ItemKNN),0.0,0.0
AGBKL6ILCMU5FVOEYCENT4ACZVQA,Content (Avg Emb),0.0,0.0
AGBKL6ILCMU5FVOEYCENT4ACZVQA,Last-Item,0.0,0.0
AGBKL6ILCMU5FVOEYCENT4ACZVQA,Avg-Last-10,0.0,0.0
AGBKL6ILCMU5FVOEYCENT4ACZVQA,Recency-Weighted,0.0,0.0
AGBKL6ILCMU5FVOEYCENT4ACZVQA,Essence (K=10),0.0,0.0
AGBLJ3X2VLNDTK35XYWMB4VQAISA,Random,0.0,0.0
AGBLJ3X2VLNDTK35XYWMB4VQAISA,Popularity,0.0,0.0
AGBLJ3X2VLNDTK35XYWMB4VQAISA,CF (ItemKNN),0.0,0.0
AGBLJ3X2VLNDTK35XYWMB4VQAISA,Content (Avg Emb),0.0,0.0
AGBLJ3X2VLNDTK35XYWMB4VQAISA,Last-Item,0.0,0.0
AGBLJ3X2VLNDTK35XYWMB4VQAISA,Avg-Last-10,0.0,0.0
AGBLJ3X2VLNDTK35XYWMB4VQAISA,Recency-Weighted,0.0,0.0
AGBLJ3X2VLNDTK35XYWMB4VQAISA,Essence (K=10),0.0,0.0
AGBPACSXN3ZAVSK2FI3EXDB2VBUA,Random,0.0,
AGBPACSXN3ZAVSK2FI3EXDB2VBUA,Popularity,0.0,
AGBPACSXN3ZAVSK2FI3EXDB2VBUA,CF (ItemKNN),0.0,
AGBPACSXN3ZAVSK2FI3EXDB2VBUA,Content (Avg Emb),0.0,
AGBPACSXN3ZAVSK2FI3EXDB2VBUA,Last-Item,0.0,
AGBPACSXN3ZAVSK2FI3EXDB2VBUA,Avg-Last-10,0.0,
AGBPACSXN3ZAVSK2FI3EXDB2VBUA,Recency-Weighted,0.0,
AGBPACSXN3ZAVSK2FI3EXDB2VBUA,Essence (K=10),0.0,
AGBRBIHZPLNYQKMJJXRMKDLL3FZQ,Random,0.0,0.0
AGBRBIHZPLNYQKMJJXRMKDLL3FZQ,Popularity,0.0,0.0
AGBRBIHZPLNYQKMJJXRMKDLL3FZQ,CF (ItemKNN),0.0,0.0
AGBRBIHZPLNYQKMJJXRMKDLL3FZQ,Content (Avg Emb),0.0,0.0
AGBRBIHZPLNYQKMJJXRMKDLL3FZQ,Last-Item,0.0,0.0
AGBRBIHZPLNYQKMJJXRMKDLL3FZQ,Avg-Last-10,0.0,0.0
AGBRBIHZPLNYQKMJJXRMKDLL3FZQ,Recency-Weighted,0.0,0.0
AGBRBIHZPLNYQKMJJXRMKDLL3FZQ,Essence (K=10),0.0,0.0
AGBRO2U3OQNQZNBMFISNOSQGZCAA,Random,0.0,0.0
AGBRO2U3OQNQZNBMFISNOSQGZCAA,Popularity,0.0,0.0
AGBRO2U3OQNQZNBMFISNOSQGZCAA,CF (ItemKNN),0.0,0.0
AGBRO2U3OQNQZNBMFISNOSQGZCAA,Content (Avg Emb),0.0,0.0
AGBRO2U3OQNQZNBMFISNOSQGZCAA,Last-Item,0.0,0.0
AGBRO2U3OQNQZNBMFISNOSQGZCAA,Avg-Last-10,0.0,0.0
AGBRO2U3OQNQZNBMFISNOSQGZCAA,Recency-Weighted,0.0,0.0
AGBRO2U3OQNQZNBMFISNOSQGZCAA,Essence (K=10),0.0,0.0
AGBXJMQP2NECW27MIQ6KFXAABBYA,Random,0.0,
AGBXJMQP2NECW27MIQ6KFXAABBYA,Popularity,0.0,
AGBXJMQP2NECW27MIQ6KFXAABBYA,CF (ItemKNN),0.0,
AGBXJMQP2NECW27MIQ6KFXAABBYA,Content (Avg Emb),0.0,
AGBXJMQP2NECW27MIQ6KFXAABBYA,Last-Item,0.0,
AGBXJMQP2NECW27MIQ6KFXAABBYA,Avg-Last-10,0.0,
AGBXJMQP2NECW27MIQ6KFXAABBYA,Recency-Weighted,0.0,
AGBXJMQP2NECW27MIQ6KFXAABBYA,Essence (K=10),0.0,
AGBYNGAQE6TWZW3RWY3K5RCNJ42Q,Random,0.0,0.0
AGBYNGAQE6TWZW3RWY3K5RCNJ42Q,Popularity,0.0,0.0
AGBYNGAQE6TWZW3RWY3K5RCNJ42Q,CF (ItemKNN),0.05,0.25
AGBYNGAQE6TWZW3RWY3K5RCNJ42Q,Content (Avg Emb),0.0,0.0
AGBYNGAQE6TWZW3RWY3K5RCNJ42Q,Last-Item,0.0,0.0
AGBYNGAQE6TWZW3RWY3K5RCNJ42Q,Avg-Last-10,0.0,0.0
AGBYNGAQE6TWZW3RWY3K5RCNJ42Q,Recency-Weighted,0.0,0.0
AGBYNGAQE6TWZW3RWY3K5RCNJ42Q,Essence (K=10),0.0,0.0
AGC3D3ZRRTDXROOWBKF7DTZAZSSA,Random,0.0,
AGC3D3ZRRTDXROOWBKF7DTZAZSSA,Popularity,0.0,
AGC3D3ZRRTDXROOWBKF7DTZAZSSA,CF (ItemKNN),0.0,
AGC3D3ZRRTDXROOWBKF7DTZAZSSA,Content (Avg Emb),0.8,
AGC3D3ZRRTDXROOWBKF7DTZAZSSA,Last-Item,0.6,
AGC3D3ZRRTDXROOWBKF7DTZAZSSA,Avg-Last-10,0.8,
AGC3D3ZRRTDXROOWBKF7DTZAZSSA,Recency-Weighted,0.8,
AGC3D3ZRRTDXROOWBKF7DTZAZSSA,Essence (K=10),0.4,
AGC3JLWMCU7JKEUW2JZQAHPFZPTA,Random,0.0,0.0
AGC3JLWMCU7JKEUW2JZQAHPFZPTA,Popularity,0.0,0.0
AGC3JLWMCU7JKEUW2JZQAHPFZPTA,CF (ItemKNN),0.0,0.0
AGC3JLWMCU7JKEUW2JZQAHPFZPTA,Content (Avg Emb),0.0,0.0
AGC3JLWMCU7JKEUW2JZQAHPFZPTA,Last-Item,0.125,0.0
AGC3JLWMCU7JKEUW2JZQAHPFZPTA,Avg-Last-10,0.0,0.0
AGC3JLWMCU7JKEUW2JZQAHPFZPTA,Recency-Weighted,0.0,0.0
AGC3JLWMCU7JKEUW2JZQAHPFZPTA,Essence (K=10),0.0,0.0
AGC67FQCCT3RG4OOX5H6CVHCFLQQ,Random,0.0,0.0
AGC67FQCCT3RG4OOX5H6CVHCFLQQ,Popularity,0.0,0.0
AGC67FQCCT3RG4OOX5H6CVHCFLQQ,CF (ItemKNN),0.0,0.0
AGC67FQCCT3RG4OOX5H6CVHCFLQQ,Content (Avg Emb),0.125,0.0
AGC67FQCCT3RG4OOX5H6CVHCFLQQ,Last-Item,0.0,0.0
AGC67FQCCT3RG4OOX5H6CVHCFLQQ,Avg-Last-10,0.0,0.0
AGC67FQCCT3RG4OOX5H6CVHCFLQQ,Recency-Weighted,0.0,0.0
AGC67FQCCT3RG4OOX5H6CVHCFLQQ,Essence (K=10),0.0,0.0
AGC7233F2REL4QFRIKD44R4ZOJVA,Random,0.0,
AGC7233F2REL4QFRIKD44R4ZOJVA,Popularity,0.0,
AGC7233F2REL4QFRIKD44R4ZOJVA,CF (ItemKNN),0.0,
AGC7233F2REL4QFRIKD44R4ZOJVA,Content (Avg Emb),0.0,
AGC7233F2REL4QFRIKD44R4ZOJVA,Last-Item,0.0,
AGC7233F2REL4QFRIKD44R4ZOJVA,Avg-Last-10,0.0,
AGC7233F2REL4QFRIKD44R4ZOJVA,Recency-Weighted,0.0,
AGC7233F2REL4QFRIKD44R4ZOJVA,Essence (K=10),0.0,
AGC7Y3SJGWTX4B5RVHSR6UJ2BTBQ,Random,0.0,0.0
AGC7Y3SJGWTX4B5RVHSR6UJ2BTBQ,Popularity,0.0,0.0
AGC7Y3SJGWTX4B5RVHSR6UJ2BTBQ,CF (ItemKNN),0.0,0.0
AGC7Y3SJGWTX4B5RVHSR6UJ2BTBQ,Content (Avg Emb),0.0,0.0
AGC7Y3SJGWTX4B5RVHSR6UJ2BTBQ,Last-Item,0.25,1.0
AGC7Y3SJGWTX4B5RVHSR6UJ2BTBQ,Avg-Last-10,0.0,0.0
AGC7Y3SJGWTX4B5RVHSR6UJ2BTBQ,Recency-Weighted,0.0,0.0
AGC7Y3SJGWTX4B5RVHSR6UJ2BTBQ,Essence (K=10),0.0,0.0
AGCBPW3DRTZO4WDHFW2BIN5YPVMA,Random,0.0,0.0
AGCBPW3DRTZO4WDHFW2BIN5YPVMA,Popularity,0.0,0.0
AGCBPW3DRTZO4WDHFW2BIN5YPVMA,CF (ItemKNN),0.0,0.0
AGCBPW3DRTZO4WDHFW2BIN5YPVMA,Content (Avg Emb),0.0,0.0
AGCBPW3DRTZO4WDHFW2BIN5YPVMA,Last-Item,0.0,0.0
AGCBPW3DRTZO4WDHFW2BIN5YPVMA,Avg-Last-10,0.0,0.0
AGCBPW3DRTZO4WDHFW2BIN5YPVMA,Recency-Weighted,0.0,0.0
AGCBPW3DRTZO4WDHFW2BIN5YPVMA,Essence (K=10),0.0,0.0
AGCDF6Y5MMMBKGJMQL734CKTE6MA,Random,0.0,0.0
AGCDF6Y5MMMBKGJMQL734CKTE6MA,Popularity,0.0,0.0
AGCDF6Y5MMMBKGJMQL734CKTE6MA,CF (ItemKNN),0.0,0.0
AGCDF6Y5MMMBKGJMQL734CKTE6MA,Content (Avg Emb),0.0,0.0
AGCDF6Y5MMMBKGJMQL734CKTE6MA,Last-Item,0.0,0.0
AGCDF6Y5MMMBKGJMQL734CKTE6MA,Avg-Last-10,0.16666666666666666,0.0
AGCDF6Y5MMMBKGJMQL734CKTE6MA,Recency-Weighted,0.16666666666666666,0.0
AGCDF6Y5MMMBKGJMQL734CKTE6MA,Essence (K=10),0.0,0.0
AGCF2CZLZRXIAIYBTQ5FGH76FPIQ,Random,0.0,0.0
AGCF2CZLZRXIAIYBTQ5FGH76FPIQ,Popularity,0.0,0.0
AGCF2CZLZRXIAIYBTQ5FGH76FPIQ,CF (ItemKNN),0.0,0.0
AGCF2CZLZRXIAIYBTQ5FGH76FPIQ,Content (Avg Emb),0.0,0.0
AGCF2CZLZRXIAIYBTQ5FGH76FPIQ,Last-Item,0.16666666666666666,0.0
AGCF2CZLZRXIAIYBTQ5FGH76FPIQ,Avg-Last-10,0.16666666666666666,0.0
AGCF2CZLZRXIAIYBTQ5FGH76FPIQ,Recency-Weighted,0.3333333333333333,0.0
AGCF2CZLZRXIAIYBTQ5FGH76FPIQ,Essence (K=10),0.0,0.0
AGCIKCLYRCB7HB5OSV6L75KQSEGQ,Random,0.0,
AGCIKCLYRCB7HB5OSV6L75KQSEGQ,Popularity,0.0,
AGCIKCLYRCB7HB5OSV6L75KQSEGQ,CF (ItemKNN),0.0,
AGCIKCLYRCB7HB5OSV6L75KQSEGQ,Content (Avg Emb),0.0,
AGCIKCLYRCB7HB5OSV6L75KQSEGQ,Last-Item,0.0,
AGCIKCLYRCB7HB5OSV6L75KQSEGQ,Avg-Last-10,0.0,
AGCIKCLYRCB7HB5OSV6L75KQSEGQ,Recency-Weighted,0.0,
AGCIKCLYRCB7HB5OSV6L75KQSEGQ,Essence (K=10),0.0,
AGCK5CNG5ZS7QAXXRPWHDHTH5P4A,Random,0.0,0.0
AGCK5CNG5ZS7QAXXRPWHDHTH5P4A,Popularity,0.0,0.0
AGCK5CNG5ZS7QAXXRPWHDHTH5P4A,CF (ItemKNN),0.0,0.0
AGCK5CNG5ZS7QAXXRPWHDHTH5P4A,Content (Avg Emb),0.0,0.0
AGCK5CNG5ZS7QAXXRPWHDHTH5P4A,Last-Item,0.0,0.0
AGCK5CNG5ZS7QAXXRPWHDHTH5P4A,Avg-Last-10,0.0,0.0
AGCK5CNG5ZS7QAXXRPWHDHTH5P4A,Recency-Weighted,0.0,0.0
AGCK5CNG5ZS7QAXXRPWHDHTH5P4A,Essence (K=10),0.0,0.0
AGCNWNAPMVA2MVRCUXFXGQ2C5J6Q,Random,0.0,
AGCNWNAPMVA2MVRCUXFXGQ2C5J6Q,Popularity,0.0,
AGCNWNAPMVA2MVRCUXFXGQ2C5J6Q,CF (ItemKNN),0.0,
AGCNWNAPMVA2MVRCUXFXGQ2C5J6Q,Content (Avg Emb),0.0,
AGCNWNAPMVA2MVRCUXFXGQ2C5J6Q,Last-Item,0.0,
AGCNWNAPMVA2MVRCUXFXGQ2C5J6Q,Avg-Last-10,0.0,
AGCNWNAPMVA2MVRCUXFXGQ2C5J6Q,Recency-Weighted,0.0,
AGCNWNAPMVA2MVRCUXFXGQ2C5J6Q,Essence (K=10),0.0,
AGCOSGC6SEAWQUTNMSBDNLEMGTLA,Random,0.0,
AGCOSGC6SEAWQUTNMSBDNLEMGTLA,Popularity,0.0,
AGCOSGC6SEAWQUTNMSBDNLEMGTLA,CF (ItemKNN),0.0,
AGCOSGC6SEAWQUTNMSBDNLEMGTLA,Content (Avg Emb),0.0,
AGCOSGC6SEAWQUTNMSBDNLEMGTLA,Last-Item,0.0,
AGCOSGC6SEAWQUTNMSBDNLEMGTLA,Avg-Last-10,0.0,
AGCOSGC6SEAWQUTNMSBDNLEMGTLA,Recency-Weighted,0.0,
AGCOSGC6SEAWQUTNMSBDNLEMGTLA,Essence (K=10),0.0,
AGCUHQ7R3PT65QAOHGG4FRDOS7FA,Random,0.0,
AGCUHQ7R3PT65QAOHGG4FRDOS7FA,Popularity,0.0,
AGCUHQ7R3PT65QAOHGG4FRDOS7FA,CF (ItemKNN),0.0,
AGCUHQ7R3PT65QAOHGG4FRDOS7FA,Content (Avg Emb),0.0,
AGCUHQ7R3PT65QAOHGG4FRDOS7FA,Last-Item,0.0,
AGCUHQ7R3PT65QAOHGG4FRDOS7FA,Avg-Last-10,0.0,
AGCUHQ7R3PT65QAOHGG4FRDOS7FA,Recency-Weighted,0.0,
AGCUHQ7R3PT65QAOHGG4FRDOS7FA,Essence (K=10),0.0,
AGCV7EVZOT2ZIXB6HDECL5FEWMOQ,Random,0.0,0.0
AGCV7EVZOT2ZIXB6HDECL5FEWMOQ,Popularity,0.0,0.0
AGCV7EVZOT2ZIXB6HDECL5FEWMOQ,CF (ItemKNN),0.0,0.0
AGCV7EVZOT2ZIXB6HDECL5FEWMOQ,Content (Avg Emb),0.0,0.0
AGCV7EVZOT2ZIXB6HDECL5FEWMOQ,Last-Item,0.0,0.0
AGCV7EVZOT2ZIXB6HDECL5FEWMOQ,Avg-Last-10,0.0,0.0
AGCV7EVZOT2ZIXB6HDECL5FEWMOQ,Recency-Weighted,0.0,0.0
AGCV7EVZOT2ZIXB6HDECL5FEWMOQ,Essence (K=10),0.1111111111111111,0.5
AGCVEYGCRP3KAUS6OMMH4GQ2TPXQ,Random,0.0,0.0
AGCVEYGCRP3KAUS6OMMH4GQ2TPXQ,Popularity,0.0,0.0
AGCVEYGCRP3KAUS6OMMH4GQ2TPXQ,CF (ItemKNN),0.0,0.0
AGCVEYGCRP3KAUS6OMMH4GQ2TPXQ,Content (Avg Emb),0.0,0.0
AGCVEYGCRP3KAUS6OMMH4GQ2TPXQ,Last-Item,0.0,0.0
AGCVEYGCRP3KAUS6OMMH4GQ2TPXQ,Avg-Last-10,0.0,0.0
AGCVEYGCRP3KAUS6OMMH4GQ2TPXQ,Recency-Weighted,0.0,0.0
AGCVEYGCRP3KAUS6OMMH4GQ2TPXQ,Essence (K=10),0.0,0.0
AGCZGSMHOGRSR6MGZWA64DPGZWNA,Random,0.0,0.0
AGCZGSMHOGRSR6MGZWA64DPGZWNA,Popularity,0.0,0.0
AGCZGSMHOGRSR6MGZWA64DPGZWNA,CF (ItemKNN),0.0,0.0
AGCZGSMHOGRSR6MGZWA64DPGZWNA,Content (Avg Emb),0.0,0.0
AGCZGSMHOGRSR6MGZWA64DPGZWNA,Last-Item,0.0,0.0
AGCZGSMHOGRSR6MGZWA64DPGZWNA,Avg-Last-10,0.0,0.0
AGCZGSMHOGRSR6MGZWA64DPGZWNA,Recency-Weighted,0.0,0.0
AGCZGSMHOGRSR6MGZWA64DPGZWNA,Essence (K=10),0.0,0.0
AGD3THPEE76SEQU65QTUCSCF7DJA,Random,0.0,0.0
AGD3THPEE76SEQU65QTUCSCF7DJA,Popularity,0.0,0.0
AGD3THPEE76SEQU65QTUCSCF7DJA,CF (ItemKNN),0.0,0.0
AGD3THPEE76SEQU65QTUCSCF7DJA,Content (Avg Emb),0.0,0.0
AGD3THPEE76SEQU65QTUCSCF7DJA,Last-Item,0.0,0.0
AGD3THPEE76SEQU65QTUCSCF7DJA,Avg-Last-10,0.0,0.0
AGD3THPEE76SEQU65QTUCSCF7DJA,Recency-Weighted,0.0,0.0
AGD3THPEE76SEQU65QTUCSCF7DJA,Essence (K=10),0.2,0.0
AGD6PU2AIGMSY36TPC2YGAZGYPGA,Random,0.0,0.0
AGD6PU2AIGMSY36TPC2YGAZGYPGA,Popularity,0.0,0.0
AGD6PU2AIGMSY36TPC2YGAZGYPGA,CF (ItemKNN),0.0,0.0
AGD6PU2AIGMSY36TPC2YGAZGYPGA,Content (Avg Emb),0.0,0.0
AGD6PU2AIGMSY36TPC2YGAZGYPGA,Last-Item,0.3333333333333333,0.0
AGD6PU2AIGMSY36TPC2YGAZGYPGA,Avg-Last-10,0.0,0.0
AGD6PU2AIGMSY36TPC2YGAZGYPGA,Recency-Weighted,0.0,0.0
AGD6PU2AIGMSY36TPC2YGAZGYPGA,Essence (K=10),0.0,0.0
AGDA2FXNAQ27NHADV2TV5YFKADAQ,Random,0.0,
AGDA2FXNAQ27NHADV2TV5YFKADAQ,Popularity,0.0,
AGDA2FXNAQ27NHADV2TV5YFKADAQ,CF (ItemKNN),0.0,
AGDA2FXNAQ27NHADV2TV5YFKADAQ,Content (Avg Emb),0.0,
AGDA2FXNAQ27NHADV2TV5YFKADAQ,Last-Item,0.0,
AGDA2FXNAQ27NHADV2TV5YFKADAQ,Avg-Last-10,0.0,
AGDA2FXNAQ27NHADV2TV5YFKADAQ,Recency-Weighted,0.0,
AGDA2FXNAQ27NHADV2TV5YFKADAQ,Essence (K=10),0.0,
AGDA3B3YRYYG25X44CGRZMONRJYQ,Random,0.0,0.0
AGDA3B3YRYYG25X44CGRZMONRJYQ,Popularity,0.0,0.0
AGDA3B3YRYYG25X44CGRZMONRJYQ,CF (ItemKNN),0.0,0.0
AGDA3B3YRYYG25X44CGRZMONRJYQ,Content (Avg Emb),0.0,0.0
AGDA3B3YRYYG25X44CGRZMONRJYQ,Last-Item,0.0,0.0
AGDA3B3YRYYG25X44CGRZMONRJYQ,Avg-Last-10,0.0,0.0
AGDA3B3YRYYG25X44CGRZMONRJYQ,Recency-Weighted,0.0,0.0
AGDA3B3YRYYG25X44CGRZMONRJYQ,Essence (K=10),0.0,0.0
AGDCN7V4CLBI6HR6LQPPGKW76K4A,Random,0.0,0.0
AGDCN7V4CLBI6HR6LQPPGKW76K4A,Popularity,0.0,0.0
AGDCN7V4CLBI6HR6LQPPGKW76K4A,CF (ItemKNN),0.0,0.0
AGDCN7V4CLBI6HR6LQPPGKW76K4A,Content (Avg Emb),0.0,0.0
AGDCN7V4CLBI6HR6LQPPGKW76K4A,Last-Item,0.0,0.0
AGDCN7V4CLBI6HR6LQPPGKW76K4A,Avg-Last-10,0.0,0.0
AGDCN7V4CLBI6HR6LQPPGKW76K4A,Recency-Weighted,0.0,0.0
AGDCN7V4CLBI6HR6LQPPGKW76K4A,Essence (K=10),0.0,0.0
AGDDRYS3WC7NXFPRFYSWHLPWWQTA,Random,0.0,0.0
AGDDRYS3WC7NXFPRFYSWHLPWWQTA,Popularity,0.0,0.0
AGDDRYS3WC7NXFPRFYSWHLPWWQTA,CF (ItemKNN),0.0,0.0
AGDDRYS3WC7NXFPRFYSWHLPWWQTA,Content (Avg Emb),0.0,0.0
AGDDRYS3WC7NXFPRFYSWHLPWWQTA,Last-Item,0.0,0.0
AGDDRYS3WC7NXFPRFYSWHLPWWQTA,Avg-Last-10,0.0,0.0
AGDDRYS3WC7NXFPRFYSWHLPWWQTA,Recency-Weighted,0.0,0.0
AGDDRYS3WC7NXFPRFYSWHLPWWQTA,Essence (K=10),0.0,0.0
AGDIPNDXOUI5VA6GJWLTUBNDC7KQ,Random,0.0,0.0
AGDIPNDXOUI5VA6GJWLTUBNDC7KQ,Popularity,0.0,0.0
AGDIPNDXOUI5VA6GJWLTUBNDC7KQ,CF (ItemKNN),0.0,0.0
AGDIPNDXOUI5VA6GJWLTUBNDC7KQ,Content (Avg Emb),0.25,0.5
AGDIPNDXOUI5VA6GJWLTUBNDC7KQ,Last-Item,0.0,0.0
AGDIPNDXOUI5VA6GJWLTUBNDC7KQ,Avg-Last-10,0.0,0.0
AGDIPNDXOUI5VA6GJWLTUBNDC7KQ,Recency-Weighted,0.25,0.5
AGDIPNDXOUI5VA6GJWLTUBNDC7KQ,Essence (K=10),0.0,0.0
AGDKFRWSE2HV2QUGKIBYZQ4PEP2A,Random,0.0,0.0
AGDKFRWSE2HV2QUGKIBYZQ4PEP2A,Popularity,0.0,0.0
AGDKFRWSE2HV2QUGKIBYZQ4PEP2A,CF (ItemKNN),0.0,0.0
AGDKFRWSE2HV2QUGKIBYZQ4PEP2A,Content (Avg Emb),0.0,0.0
AGDKFRWSE2HV2QUGKIBYZQ4PEP2A,Last-Item,0.0,0.0
AGDKFRWSE2HV2QUGKIBYZQ4PEP2A,Avg-Last-10,0.0,0.0
AGDKFRWSE2HV2QUGKIBYZQ4PEP2A,Recency-Weighted,0.0,0.0
AGDKFRWSE2HV2QUGKIBYZQ4PEP2A,Essence (K=10),0.0,0.0
AGDMVICHRTM5AMSKBS4ZK43ULI3Q,Random,0.0,0.0
AGDMVICHRTM5AMSKBS4ZK43ULI3Q,Popularity,0.0,0.0
AGDMVICHRTM5AMSKBS4ZK43ULI3Q,CF (ItemKNN),0.0,0.0
AGDMVICHRTM5AMSKBS4ZK43ULI3Q,Content (Avg Emb),0.0,0.0
AGDMVICHRTM5AMSKBS4ZK43ULI3Q,Last-Item,0.1,0.0
AGDMVICHRTM5AMSKBS4ZK43ULI3Q,Avg-Last-10,0.0,0.0
AGDMVICHRTM5AMSKBS4ZK43ULI3Q,Recency-Weighted,0.0,0.0
AGDMVICHRTM5AMSKBS4ZK43ULI3Q,Essence (K=10),0.0,0.0
AGDMWJ5UZJZW7TGDKYODVL4IZJXQ,Random,0.0,
AGDMWJ5UZJZW7TGDKYODVL4IZJXQ,Popularity,0.0,
AGDMWJ5UZJZW7TGDKYODVL4IZJXQ,CF (ItemKNN),0.0,
AGDMWJ5UZJZW7TGDKYODVL4IZJXQ,Content (Avg Emb),0.0,
AGDMWJ5UZJZW7TGDKYODVL4IZJXQ,Last-Item,0.0,
AGDMWJ5UZJZW7TGDKYODVL4IZJXQ,Avg-Last-10,0.0,
AGDMWJ5UZJZW7TGDKYODVL4IZJXQ,Recency-Weighted,0.0,
AGDMWJ5UZJZW7TGDKYODVL4IZJXQ,Essence (K=10),0.0,
AGDN436LWJT23XN73TFGEKJ2ONYQ,Random,0.0,
AGDN436LWJT23XN73TFGEKJ2ONYQ,Popularity,0.0,
AGDN436LWJT23XN73TFGEKJ2ONYQ,CF (ItemKNN),0.0,
AGDN436LWJT23XN73TFGEKJ2ONYQ,Content (Avg Emb),0.2,
AGDN436LWJT23XN73TFGEKJ2ONYQ,Last-Item,0.0,
AGDN436LWJT23XN73TFGEKJ2ONYQ,Avg-Last-10,0.0,
AGDN436LWJT23XN73TFGEKJ2ONYQ,Recency-Weighted,0.0,
AGDN436LWJT23XN73TFGEKJ2ONYQ,Essence (K=10),0.0,
AGDPIIWO5BDQBTNEWORE7VEUYVVA,Random,0.0,0.0
AGDPIIWO5BDQBTNEWORE7VEUYVVA,Popularity,0.0,0.0
AGDPIIWO5BDQBTNEWORE7VEUYVVA,CF (ItemKNN),0.0,0.0
AGDPIIWO5BDQBTNEWORE7VEUYVVA,Content (Avg Emb),0.0,0.0
AGDPIIWO5BDQBTNEWORE7VEUYVVA,Last-Item,0.0,0.0
AGDPIIWO5BDQBTNEWORE7VEUYVVA,Avg-Last-10,0.14285714285714285,0.0
AGDPIIWO5BDQBTNEWORE7VEUYVVA,Recency-Weighted,0.14285714285714285,0.0
AGDPIIWO5BDQBTNEWORE7VEUYVVA,Essence (K=10),0.0,0.0
AGDXHNSE6KSS46G7YXEB7IN3DOHA,Random,0.0,0.0
AGDXHNSE6KSS46G7YXEB7IN3DOHA,Popularity,0.0,0.0
AGDXHNSE6KSS46G7YXEB7IN3DOHA,CF (ItemKNN),0.0,0.0
AGDXHNSE6KSS46G7YXEB7IN3DOHA,Content (Avg Emb),0.0,0.0
AGDXHNSE6KSS46G7YXEB7IN3DOHA,Last-Item,0.1,0.0
AGDXHNSE6KSS46G7YXEB7IN3DOHA,Avg-Last-10,0.0,0.0
AGDXHNSE6KSS46G7YXEB7IN3DOHA,Recency-Weighted,0.0,0.0
AGDXHNSE6KSS46G7YXEB7IN3DOHA,Essence (K=10),0.0,0.0
AGDXU4HDQOJHQDV6742WKHZCMNAQ,Random,0.0,
AGDXU4HDQOJHQDV6742WKHZCMNAQ,Popularity,0.0,
AGDXU4HDQOJHQDV6742WKHZCMNAQ,CF (ItemKNN),0.0,
AGDXU4HDQOJHQDV6742WKHZCMNAQ,Content (Avg Emb),0.0,
AGDXU4HDQOJHQDV6742WKHZCMNAQ,Last-Item,0.0,
AGDXU4HDQOJHQDV6742WKHZCMNAQ,Avg-Last-10,0.0,
AGDXU4HDQOJHQDV6742WKHZCMNAQ,Recency-Weighted,0.0,
AGDXU4HDQOJHQDV6742WKHZCMNAQ,Essence (K=10),0.0,
AGE7CANXWHUHTCIR5B2Y6ZEMEEQQ,Random,0.0,0.0
AGE7CANXWHUHTCIR5B2Y6ZEMEEQQ,Popularity,0.0,0.0
AGE7CANXWHUHTCIR5B2Y6ZEMEEQQ,CF (ItemKNN),0.0,0.0
AGE7CANXWHUHTCIR5B2Y6ZEMEEQQ,Content (Avg Emb),0.0,0.0
AGE7CANXWHUHTCIR5B2Y6ZEMEEQQ,Last-Item,0.0,0.0
AGE7CANXWHUHTCIR5B2Y6ZEMEEQQ,Avg-Last-10,0.0,0.0
AGE7CANXWHUHTCIR5B2Y6ZEMEEQQ,Recency-Weighted,0.0,0.0
AGE7CANXWHUHTCIR5B2Y6ZEMEEQQ,Essence (K=10),0.0,0.0
AGE7TRNBKLATJDWNOLM4GXVJIMHQ,Random,0.0,0.0
AGE7TRNBKLATJDWNOLM4GXVJIMHQ,Popularity,0.0,0.0
AGE7TRNBKLATJDWNOLM4GXVJIMHQ,CF (ItemKNN),0.0,0.0
AGE7TRNBKLATJDWNOLM4GXVJIMHQ,Content (Avg Emb),0.0,0.0
AGE7TRNBKLATJDWNOLM4GXVJIMHQ,Last-Item,0.1,0.0
AGE7TRNBKLATJDWNOLM4GXVJIMHQ,Avg-Last-10,0.0,0.0
AGE7TRNBKLATJDWNOLM4GXVJIMHQ,Recency-Weighted,0.0,0.0
AGE7TRNBKLATJDWNOLM4GXVJIMHQ,Essence (K=10),0.0,0.0
AGEACBU67Z5G2FVLK22H6M3G5DCQ,Random,0.0,0.0
AGEACBU67Z5G2FVLK22H6M3G5DCQ,Popularity,0.0,0.0
AGEACBU67Z5G2FVLK22H6M3G5DCQ,CF (ItemKNN),0.05555555555555555,0.0
AGEACBU67Z5G2FVLK22H6M3G5DCQ,Content (Avg Emb),0.0,0.0
AGEACBU67Z5G2FVLK22H6M3G5DCQ,Last-Item,0.05555555555555555,0.0
AGEACBU67Z5G2FVLK22H6M3G5DCQ,Avg-Last-10,0.0,0.0
AGEACBU67Z5G2FVLK22H6M3G5DCQ,Recency-Weighted,0.0,0.0
AGEACBU67Z5G2FVLK22H6M3G5DCQ,Essence (K=10),0.05555555555555555,0.0
AGECQEYKMAYBEUSTVLYNUUJOM67A,Random,0.0,0.0
AGECQEYKMAYBEUSTVLYNUUJOM67A,Popularity,0.0,0.0
AGECQEYKMAYBEUSTVLYNUUJOM67A,CF (ItemKNN),0.0,0.0
AGECQEYKMAYBEUSTVLYNUUJOM67A,Content (Avg Emb),0.0,0.0
AGECQEYKMAYBEUSTVLYNUUJOM67A,Last-Item,0.0,0.0
AGECQEYKMAYBEUSTVLYNUUJOM67A,Avg-Last-10,0.0,0.0
AGECQEYKMAYBEUSTVLYNUUJOM67A,Recency-Weighted,0.0,0.0
AGECQEYKMAYBEUSTVLYNUUJOM67A,Essence (K=10),0.4,0.0
AGEEIDMSNMZ6P5F4RJYVLIFGZ2NA,Random,0.0,0.0
AGEEIDMSNMZ6P5F4RJYVLIFGZ2NA,Popularity,0.0,0.0
AGEEIDMSNMZ6P5F4RJYVLIFGZ2NA,CF (ItemKNN),0.0,0.0
AGEEIDMSNMZ6P5F4RJYVLIFGZ2NA,Content (Avg Emb),0.0,0.0
AGEEIDMSNMZ6P5F4RJYVLIFGZ2NA,Last-Item,0.0,0.0
AGEEIDMSNMZ6P5F4RJYVLIFGZ2NA,Avg-Last-10,0.0,0.0
AGEEIDMSNMZ6P5F4RJYVLIFGZ2NA,Recency-Weighted,0.0,0.0
AGEEIDMSNMZ6P5F4RJYVLIFGZ2NA,Essence (K=10),0.0,0.0
AGEFXSHT2L45TSSXCLNKVDBGHE4Q,Random,0.0,0.0
AGEFXSHT2L45TSSXCLNKVDBGHE4Q,Popularity,0.0,0.0
AGEFXSHT2L45TSSXCLNKVDBGHE4Q,CF (ItemKNN),0.0,0.0
AGEFXSHT2L45TSSXCLNKVDBGHE4Q,Content (Avg Emb),0.13333333333333333,0.0
AGEFXSHT2L45TSSXCLNKVDBGHE4Q,Last-Item,0.0,0.0
AGEFXSHT2L45TSSXCLNKVDBGHE4Q,Avg-Last-10,0.0,0.0
AGEFXSHT2L45TSSXCLNKVDBGHE4Q,Recency-Weighted,0.0,0.0
AGEFXSHT2L45TSSXCLNKVDBGHE4Q,Essence (K=10),0.0,0.0
AGEJL2MBFQR2ZBVYFOESRIBHPYBQ,Random,0.0,0.0
AGEJL2MBFQR2ZBVYFOESRIBHPYBQ,Popularity,0.0,0.0
AGEJL2MBFQR2ZBVYFOESRIBHPYBQ,CF (ItemKNN),0.0,0.0
AGEJL2MBFQR2ZBVYFOESRIBHPYBQ,Content (Avg Emb),0.2,0.0
AGEJL2MBFQR2ZBVYFOESRIBHPYBQ,Last-Item,0.0,0.0
AGEJL2MBFQR2ZBVYFOESRIBHPYBQ,Avg-Last-10,0.2,0.0
AGEJL2MBFQR2ZBVYFOESRIBHPYBQ,Recency-Weighted,0.2,0.0
AGEJL2MBFQR2ZBVYFOESRIBHPYBQ,Essence (K=10),0.0,0.0
AGEMOH4W7KFSYQXXT2KE3GAK4TBA,Random,0.0,
AGEMOH4W7KFSYQXXT2KE3GAK4TBA,Popularity,0.0,
AGEMOH4W7KFSYQXXT2KE3GAK4TBA,CF (ItemKNN),0.0,
AGEMOH4W7KFSYQXXT2KE3GAK4TBA,Content (Avg Emb),0.0,
AGEMOH4W7KFSYQXXT2KE3GAK4TBA,Last-Item,0.0,
AGEMOH4W7KFSYQXXT2KE3GAK4TBA,Avg-Last-10,0.0,
AGEMOH4W7KFSYQXXT2KE3GAK4TBA,Recency-Weighted,0.0,
AGEMOH4W7KFSYQXXT2KE3GAK4TBA,Essence (K=10),0.0,
AGEMROMGASVD5NA6P2MJKY77UZIQ,Random,0.0,0.0
AGEMROMGASVD5NA6P2MJKY77UZIQ,Popularity,0.0,0.0
AGEMROMGASVD5NA6P2MJKY77UZIQ,CF (ItemKNN),0.0,0.0
AGEMROMGASVD5NA6P2MJKY77UZIQ,Content (Avg Emb),0.0,0.0
AGEMROMGASVD5NA6P2MJKY77UZIQ,Last-Item,0.0,0.0
AGEMROMGASVD5NA6P2MJKY77UZIQ,Avg-Last-10,0.0,0.0
AGEMROMGASVD5NA6P2MJKY77UZIQ,Recency-Weighted,0.0,0.0
AGEMROMGASVD5NA6P2MJKY77UZIQ,Essence (K=10),0.0,0.0
AGEPFNCV74EI5NXIDBPU5764BT3Q,Random,0.0,0.0
AGEPFNCV74EI5NXIDBPU5764BT3Q,Popularity,0.0,0.0
AGEPFNCV74EI5NXIDBPU5764BT3Q,CF (ItemKNN),0.0,0.0
AGEPFNCV74EI5NXIDBPU5764BT3Q,Content (Avg Emb),0.0,0.0
AGEPFNCV74EI5NXIDBPU5764BT3Q,Last-Item,0.0,0.0
AGEPFNCV74EI5NXIDBPU5764BT3Q,Avg-Last-10,0.0,0.0
AGEPFNCV74EI5NXIDBPU5764BT3Q,Recency-Weighted,0.0,0.0
AGEPFNCV74EI5NXIDBPU5764BT3Q,Essence (K=10),0.0,0.0
AGEQH7Z4KC4WFHFABQLPQOJXSSBA,Random,0.0,
AGEQH7Z4KC4WFHFABQLPQOJXSSBA,Popularity,0.0,
AGEQH7Z4KC4WFHFABQLPQOJXSSBA,CF (ItemKNN),0.0,
AGEQH7Z4KC4WFHFABQLPQOJXSSBA,Content (Avg Emb),0.0,
AGEQH7Z4KC4WFHFABQLPQOJXSSBA,Last-Item,0.0,
AGEQH7Z4KC4WFHFABQLPQOJXSSBA,Avg-Last-10,0.0,
AGEQH7Z4KC4WFHFABQLPQOJXSSBA,Recency-Weighted,0.0,
AGEQH7Z4KC4WFHFABQLPQOJXSSBA,Essence (K=10),0.0,
AGER6F4N5GE2MOCK2K5NO5MWBGKQ,Random,0.0,0.0
AGER6F4N5GE2MOCK2K5NO5MWBGKQ,Popularity,0.0,0.0
AGER6F4N5GE2MOCK2K5NO5MWBGKQ,CF (ItemKNN),0.0,0.0
AGER6F4N5GE2MOCK2K5NO5MWBGKQ,Content (Avg Emb),0.0,0.0
AGER6F4N5GE2MOCK2K5NO5MWBGKQ,Last-Item,0.0,0.0
AGER6F4N5GE2MOCK2K5NO5MWBGKQ,Avg-Last-10,0.0,0.0
AGER6F4N5GE2MOCK2K5NO5MWBGKQ,Recency-Weighted,0.0,0.0
AGER6F4N5GE2MOCK2K5NO5MWBGKQ,Essence (K=10),0.0,0.0
AGER7YCMJ7DZB2X2RBSCAGQNGG7A,Random,0.0,0.0
AGER7YCMJ7DZB2X2RBSCAGQNGG7A,Popularity,0.0,0.0
AGER7YCMJ7DZB2X2RBSCAGQNGG7A,CF (ItemKNN),0.0,0.0
AGER7YCMJ7DZB2X2RBSCAGQNGG7A,Content (Avg Emb),0.0,0.0
AGER7YCMJ7DZB2X2RBSCAGQNGG7A,Last-Item,0.0,0.0
AGER7YCMJ7DZB2X2RBSCAGQNGG7A,Avg-Last-10,0.0,0.0
AGER7YCMJ7DZB2X2RBSCAGQNGG7A,Recency-Weighted,0.0,0.0
AGER7YCMJ7DZB2X2RBSCAGQNGG7A,Essence (K=10),0.0,0.0
AGETWNMR2VSXI7KRU7NIOORCWPGA,Random,0.0,
AGETWNMR2VSXI7KRU7NIOORCWPGA,Popularity,0.0,
AGETWNMR2VSXI7KRU7NIOORCWPGA,CF (ItemKNN),0.0,
AGETWNMR2VSXI7KRU7NIOORCWPGA,Content (Avg Emb),0.0,
AGETWNMR2VSXI7KRU7NIOORCWPGA,Last-Item,0.0,
AGETWNMR2VSXI7KRU7NIOORCWPGA,Avg-Last-10,0.0,
AGETWNMR2VSXI7KRU7NIOORCWPGA,Recency-Weighted,0.0,
AGETWNMR2VSXI7KRU7NIOORCWPGA,Essence (K=10),0.0,
AGEUJQ3XXCULZEVIIADVOESRS4BQ,Random,0.0,0.0
AGEUJQ3XXCULZEVIIADVOESRS4BQ,Popularity,0.0,0.0
AGEUJQ3XXCULZEVIIADVOESRS4BQ,CF (ItemKNN),0.0,0.0
AGEUJQ3XXCULZEVIIADVOESRS4BQ,Content (Avg Emb),0.07142857142857142,0.0
AGEUJQ3XXCULZEVIIADVOESRS4BQ,Last-Item,0.0,0.0
AGEUJQ3XXCULZEVIIADVOESRS4BQ,Avg-Last-10,0.07142857142857142,0.0
AGEUJQ3XXCULZEVIIADVOESRS4BQ,Recency-Weighted,0.07142857142857142,0.0
AGEUJQ3XXCULZEVIIADVOESRS4BQ,Essence (K=10),0.0,0.0
AGEUVLSDRZF6ZFW5ER7YOUZ24COQ,Random,0.0,0.0
AGEUVLSDRZF6ZFW5ER7YOUZ24COQ,Popularity,0.0,0.0
AGEUVLSDRZF6ZFW5ER7YOUZ24COQ,CF (ItemKNN),0.0,0.0
AGEUVLSDRZF6ZFW5ER7YOUZ24COQ,Content (Avg Emb),0.0,0.0
AGEUVLSDRZF6ZFW5ER7YOUZ24COQ,Last-Item,0.0,0.0
AGEUVLSDRZF6ZFW5ER7YOUZ24COQ,Avg-Last-10,0.0,0.0
AGEUVLSDRZF6ZFW5ER7YOUZ24COQ,Recency-Weighted,0.0,0.0
AGEUVLSDRZF6ZFW5ER7YOUZ24COQ,Essence (K=10),0.0,0.0
AGF4XAAUZH7BMA7FYC7TWBGSBRFQ,Random,0.0,0.0
AGF4XAAUZH7BMA7FYC7TWBGSBRFQ,Popularity,0.0,0.0
AGF4XAAUZH7BMA7FYC7TWBGSBRFQ,CF (ItemKNN),0.0,0.0
AGF4XAAUZH7BMA7FYC7TWBGSBRFQ,Content (Avg Emb),0.0,0.0
AGF4XAAUZH7BMA7FYC7TWBGSBRFQ,Last-Item,0.0,0.0
AGF4XAAUZH7BMA7FYC7TWBGSBRFQ,Avg-Last-10,0.0,0.0
AGF4XAAUZH7BMA7FYC7TWBGSBRFQ,Recency-Weighted,0.0,0.0
AGF4XAAUZH7BMA7FYC7TWBGSBRFQ,Essence (K=10),0.0,0.0
AGF5T2MN4WNDS3XDNGOK6THMVYIA,Random,0.0,0.0
AGF5T2MN4WNDS3XDNGOK6THMVYIA,Popularity,0.0,0.0
AGF5T2MN4WNDS3XDNGOK6THMVYIA,CF (ItemKNN),0.0,0.0
AGF5T2MN4WNDS3XDNGOK6THMVYIA,Content (Avg Emb),0.0,0.0
AGF5T2MN4WNDS3XDNGOK6THMVYIA,Last-Item,0.0,0.0
AGF5T2MN4WNDS3XDNGOK6THMVYIA,Avg-Last-10,0.0,0.0
AGF5T2MN4WNDS3XDNGOK6THMVYIA,Recency-Weighted,0.0,0.0
AGF5T2MN4WNDS3XDNGOK6THMVYIA,Essence (K=10),0.0,0.0
AGFB3FHZCHCWRNAKZQNIM4YQWWTA,Random,0.0,0.0
AGFB3FHZCHCWRNAKZQNIM4YQWWTA,Popularity,0.0,0.0
AGFB3FHZCHCWRNAKZQNIM4YQWWTA,CF (ItemKNN),0.0,0.0
AGFB3FHZCHCWRNAKZQNIM4YQWWTA,Content (Avg Emb),0.0,0.0
AGFB3FHZCHCWRNAKZQNIM4YQWWTA,Last-Item,0.0,0.0
AGFB3FHZCHCWRNAKZQNIM4YQWWTA,Avg-Last-10,0.0,0.0
AGFB3FHZCHCWRNAKZQNIM4YQWWTA,Recency-Weighted,0.0,0.0
AGFB3FHZCHCWRNAKZQNIM4YQWWTA,Essence (K=10),0.0,0.0
AGFDZ4HPJZOGMDTLXHGGUUK5SUUA,Random,0.0,0.0
AGFDZ4HPJZOGMDTLXHGGUUK5SUUA,Popularity,0.0,0.0
AGFDZ4HPJZOGMDTLXHGGUUK5SUUA,CF (ItemKNN),0.0,0.0
AGFDZ4HPJZOGMDTLXHGGUUK5SUUA,Content (Avg Emb),0.0,0.0
AGFDZ4HPJZOGMDTLXHGGUUK5SUUA,Last-Item,0.0,0.0
AGFDZ4HPJZOGMDTLXHGGUUK5SUUA,Avg-Last-10,0.0,0.0
AGFDZ4HPJZOGMDTLXHGGUUK5SUUA,Recency-Weighted,0.0,0.0
AGFDZ4HPJZOGMDTLXHGGUUK5SUUA,Essence (K=10),0.0,0.0
AGFFDCZCKLCKF63FEUGB72GSSLBQ,Random,0.0,0.0
AGFFDCZCKLCKF63FEUGB72GSSLBQ,Popularity,0.0,0.0
AGFFDCZCKLCKF63FEUGB72GSSLBQ,CF (ItemKNN),0.0,0.0
AGFFDCZCKLCKF63FEUGB72GSSLBQ,Content (Avg Emb),0.0,0.0
AGFFDCZCKLCKF63FEUGB72GSSLBQ,Last-Item,0.0,0.0
AGFFDCZCKLCKF63FEUGB72GSSLBQ,Avg-Last-10,0.0,0.0
AGFFDCZCKLCKF63FEUGB72GSSLBQ,Recency-Weighted,0.0,0.0
AGFFDCZCKLCKF63FEUGB72GSSLBQ,Essence (K=10),0.0,0.0
AGFGNJM6RSNQOXYLIMNWTUUT2H6Q,Random,0.0,0.0
AGFGNJM6RSNQOXYLIMNWTUUT2H6Q,Popularity,0.0,0.0
AGFGNJM6RSNQOXYLIMNWTUUT2H6Q,CF (ItemKNN),0.0,0.0
AGFGNJM6RSNQOXYLIMNWTUUT2H6Q,Content (Avg Emb),0.0,0.0
AGFGNJM6RSNQOXYLIMNWTUUT2H6Q,Last-Item,0.0,0.0
AGFGNJM6RSNQOXYLIMNWTUUT2H6Q,Avg-Last-10,0.0,0.0
AGFGNJM6RSNQOXYLIMNWTUUT2H6Q,Recency-Weighted,0.0,0.0
AGFGNJM6RSNQOXYLIMNWTUUT2H6Q,Essence (K=10),0.0,0.0
AGFNB7T2TJ6IS7RFQXSV4LG6UJOQ,Random,0.0,0.0
AGFNB7T2TJ6IS7RFQXSV4LG6UJOQ,Popularity,0.0,0.0
AGFNB7T2TJ6IS7RFQXSV4LG6UJOQ,CF (ItemKNN),0.0,0.0
AGFNB7T2TJ6IS7RFQXSV4LG6UJOQ,Content (Avg Emb),0.0,0.0
AGFNB7T2TJ6IS7RFQXSV4LG6UJOQ,Last-Item,0.0,0.0
AGFNB7T2TJ6IS7RFQXSV4LG6UJOQ,Avg-Last-10,0.0,0.0
AGFNB7T2TJ6IS7RFQXSV4LG6UJOQ,Recency-Weighted,0.0,0.0
AGFNB7T2TJ6IS7RFQXSV4LG6UJOQ,Essence (K=10),0.0,0.0
AGFP2T4UJTGIZGWNXIVOXMYNSU7A,Random,0.0,0.0
AGFP2T4UJTGIZGWNXIVOXMYNSU7A,Popularity,0.0,0.0
AGFP2T4UJTGIZGWNXIVOXMYNSU7A,CF (ItemKNN),0.0,0.0
AGFP2T4UJTGIZGWNXIVOXMYNSU7A,Content (Avg Emb),0.0,0.0
AGFP2T4UJTGIZGWNXIVOXMYNSU7A,Last-Item,0.0,0.0
AGFP2T4UJTGIZGWNXIVOXMYNSU7A,Avg-Last-10,0.0,0.0
AGFP2T4UJTGIZGWNXIVOXMYNSU7A,Recency-Weighted,0.0,0.0
AGFP2T4UJTGIZGWNXIVOXMYNSU7A,Essence (K=10),0.0,0.0
AGFTNCKHI5DDNZTYTN363E7JJY4Q,Random,0.0,0.0
AGFTNCKHI5DDNZTYTN363E7JJY4Q,Popularity,0.0,0.0
AGFTNCKHI5DDNZTYTN363E7JJY4Q,CF (ItemKNN),0.0,0.0
AGFTNCKHI5DDNZTYTN363E7JJY4Q,Content (Avg Emb),0.0,0.0
AGFTNCKHI5DDNZTYTN363E7JJY4Q,Last-Item,0.16666666666666666,1.0
AGFTNCKHI5DDNZTYTN363E7JJY4Q,Avg-Last-10,0.0,0.0
AGFTNCKHI5DDNZTYTN363E7JJY4Q,Recency-Weighted,0.0,0.0
AGFTNCKHI5DDNZTYTN363E7JJY4Q,Essence (K=10),0.0,0.0
AGFUQU7XRXGWMT3GNAISYFQV3SUA,Random,0.0,0.0
AGFUQU7XRXGWMT3GNAISYFQV3SUA,Popularity,0.0,0.0
AGFUQU7XRXGWMT3GNAISYFQV3SUA,CF (ItemKNN),0.0,0.0
AGFUQU7XRXGWMT3GNAISYFQV3SUA,Content (Avg Emb),0.05,0.25
AGFUQU7XRXGWMT3GNAISYFQV3SUA,Last-Item,0.0,0.0
AGFUQU7XRXGWMT3GNAISYFQV3SUA,Avg-Last-10,0.05,0.0
AGFUQU7XRXGWMT3GNAISYFQV3SUA,Recency-Weighted,0.05,0.0
AGFUQU7XRXGWMT3GNAISYFQV3SUA,Essence (K=10),0.15,0.25
AGFW5YWZXYV3C5WWQSE7JXTO2CIA,Random,0.0,
AGFW5YWZXYV3C5WWQSE7JXTO2CIA,Popularity,0.0,
AGFW5YWZXYV3C5WWQSE7JXTO2CIA,CF (ItemKNN),0.0,
AGFW5YWZXYV3C5WWQSE7JXTO2CIA,Content (Avg Emb),0.0,
AGFW5YWZXYV3C5WWQSE7JXTO2CIA,Last-Item,0.0,
AGFW5YWZXYV3C5WWQSE7JXTO2CIA,Avg-Last-10,0.0,
AGFW5YWZXYV3C5WWQSE7JXTO2CIA,Recency-Weighted,0.0,
AGFW5YWZXYV3C5WWQSE7JXTO2CIA,Essence (K=10),0.0,
AGFWLWJ7OTMCILS4AVP3JI3BGFIA,Random,0.0,0.0
AGFWLWJ7OTMCILS4AVP3JI3BGFIA,Popularity,0.0,0.0
AGFWLWJ7OTMCILS4AVP3JI3BGFIA,CF (ItemKNN),0.0,0.0
AGFWLWJ7OTMCILS4AVP3JI3BGFIA,Content (Avg Emb),0.0,0.0
AGFWLWJ7OTMCILS4AVP3JI3BGFIA,Last-Item,0.0,0.0
AGFWLWJ7OTMCILS4AVP3JI3BGFIA,Avg-Last-10,0.0,0.0
AGFWLWJ7OTMCILS4AVP3JI3BGFIA,Recency-Weighted,0.0,0.0
AGFWLWJ7OTMCILS4AVP3JI3BGFIA,Essence (K=10),0.0,0.0
AGG2XQBTW5QZQTU7AKRIJXC7DGYA,Random,0.0,0.0
AGG2XQBTW5QZQTU7AKRIJXC7DGYA,Popularity,0.0,0.0
AGG2XQBTW5QZQTU7AKRIJXC7DGYA,CF (ItemKNN),0.0,0.0
AGG2XQBTW5QZQTU7AKRIJXC7DGYA,Content (Avg Emb),0.0,0.0
AGG2XQBTW5QZQTU7AKRIJXC7DGYA,Last-Item,0.0,0.0
AGG2XQBTW5QZQTU7AKRIJXC7DGYA,Avg-Last-10,0.0,0.0
AGG2XQBTW5QZQTU7AKRIJXC7DGYA,Recency-Weighted,0.0,0.0
AGG2XQBTW5QZQTU7AKRIJXC7DGYA,Essence (K=10),0.0,0.0
AGG7HUFYPT7FJCE6PHVCVQUPP5GQ,Random,0.0,0.0
AGG7HUFYPT7FJCE6PHVCVQUPP5GQ,Popularity,0.0,0.0
AGG7HUFYPT7FJCE6PHVCVQUPP5GQ,CF (ItemKNN),0.0,0.0
AGG7HUFYPT7FJCE6PHVCVQUPP5GQ,Content (Avg Emb),0.0,0.0
AGG7HUFYPT7FJCE6PHVCVQUPP5GQ,Last-Item,0.0,0.0
AGG7HUFYPT7FJCE6PHVCVQUPP5GQ,Avg-Last-10,0.0,0.0
AGG7HUFYPT7FJCE6PHVCVQUPP5GQ,Recency-Weighted,0.0,0.0
AGG7HUFYPT7FJCE6PHVCVQUPP5GQ,Essence (K=10),0.0,0.0
AGGBN3DFN2UMDS7P3WTCMUSSXZVA,Random,0.0,0.0
AGGBN3DFN2UMDS7P3WTCMUSSXZVA,Popularity,0.0,0.0
AGGBN3DFN2UMDS7P3WTCMUSSXZVA,CF (ItemKNN),0.0,0.0
AGGBN3DFN2UMDS7P3WTCMUSSXZVA,Content (Avg Emb),0.0,0.0
AGGBN3DFN2UMDS7P3WTCMUSSXZVA,Last-Item,0.0,0.0
AGGBN3DFN2UMDS7P3WTCMUSSXZVA,Avg-Last-10,0.0,0.0
AGGBN3DFN2UMDS7P3WTCMUSSXZVA,Recency-Weighted,0.0,0.0
AGGBN3DFN2UMDS7P3WTCMUSSXZVA,Essence (K=10),0.0,0.0
AGGCKHEWF2VFOZSYI56ENY4RSJZA,Random,0.0,0.0
AGGCKHEWF2VFOZSYI56ENY4RSJZA,Popularity,0.0,0.0
AGGCKHEWF2VFOZSYI56ENY4RSJZA,CF (ItemKNN),0.0,0.0
AGGCKHEWF2VFOZSYI56ENY4RSJZA,Content (Avg Emb),0.0,0.0
AGGCKHEWF2VFOZSYI56ENY4RSJZA,Last-Item,0.0,0.0
AGGCKHEWF2VFOZSYI56ENY4RSJZA,Avg-Last-10,0.0,0.0
AGGCKHEWF2VFOZSYI56ENY4RSJZA,Recency-Weighted,0.0,0.0
AGGCKHEWF2VFOZSYI56ENY4RSJZA,Essence (K=10),0.0,0.0
AGGE7SVOEFAGY4CFK2F5SSAQ7ICA,Random,0.0,0.0
AGGE7SVOEFAGY4CFK2F5SSAQ7ICA,Popularity,0.0,0.0
AGGE7SVOEFAGY4CFK2F5SSAQ7ICA,CF (ItemKNN),0.0,0.0
AGGE7SVOEFAGY4CFK2F5SSAQ7ICA,Content (Avg Emb),0.0,0.0
AGGE7SVOEFAGY4CFK2F5SSAQ7ICA,Last-Item,0.0,0.0
AGGE7SVOEFAGY4CFK2F5SSAQ7ICA,Avg-Last-10,0.0,0.0
AGGE7SVOEFAGY4CFK2F5SSAQ7ICA,Recency-Weighted,0.0,0.0
AGGE7SVOEFAGY4CFK2F5SSAQ7ICA,Essence (K=10),0.0,0.0
AGGHH3VU3JAWUT5JB6UTGH4JHF3A,Random,0.0,0.0
AGGHH3VU3JAWUT5JB6UTGH4JHF3A,Popularity,0.0,0.0
AGGHH3VU3JAWUT5JB6UTGH4JHF3A,CF (ItemKNN),0.0,0.0
AGGHH3VU3JAWUT5JB6UTGH4JHF3A,Content (Avg Emb),0.0,0.0
AGGHH3VU3JAWUT5JB6UTGH4JHF3A,Last-Item,0.0,0.0
AGGHH3VU3JAWUT5JB6UTGH4JHF3A,Avg-Last-10,0.0,0.0
AGGHH3VU3JAWUT5JB6UTGH4JHF3A,Recency-Weighted,0.0,0.0
AGGHH3VU3JAWUT5JB6UTGH4JHF3A,Essence (K=10),0.0,0.0
AGGIDJHEODLHT2I4T2UV4ODWVNFQ,Random,0.0,
AGGIDJHEODLHT2I4T2UV4ODWVNFQ,Popularity,0.0,
AGGIDJHEODLHT2I4T2UV4ODWVNFQ,CF (ItemKNN),0.0,
AGGIDJHEODLHT2I4T2UV4ODWVNFQ,Content (Avg Emb),0.0,
AGGIDJHEODLHT2I4T2UV4ODWVNFQ,Last-Item,0.0,
AGGIDJHEODLHT2I4T2UV4ODWVNFQ,Avg-Last-10,0.0,
AGGIDJHEODLHT2I4T2UV4ODWVNFQ,Recency-Weighted,0.0,
AGGIDJHEODLHT2I4T2UV4ODWVNFQ,Essence (K=10),0.0,
AGGJ5MP5BOAOM6N46EF6MGDUUOMA,Random,0.0,0.0
AGGJ5MP5BOAOM6N46EF6MGDUUOMA,Popularity,0.0,0.0
AGGJ5MP5BOAOM6N46EF6MGDUUOMA,CF (ItemKNN),0.0,0.0
AGGJ5MP5BOAOM6N46EF6MGDUUOMA,Content (Avg Emb),0.0,0.0
AGGJ5MP5BOAOM6N46EF6MGDUUOMA,Last-Item,0.0,0.0
AGGJ5MP5BOAOM6N46EF6MGDUUOMA,Avg-Last-10,0.0,0.0
AGGJ5MP5BOAOM6N46EF6MGDUUOMA,Recency-Weighted,0.0,0.0
AGGJ5MP5BOAOM6N46EF6MGDUUOMA,Essence (K=10),0.0,0.0
AGGJ6ONONFTRXDCGQVYVSHRCEUQQ,Random,0.0,0.0
AGGJ6ONONFTRXDCGQVYVSHRCEUQQ,Popularity,0.0,0.0
AGGJ6ONONFTRXDCGQVYVSHRCEUQQ,CF (ItemKNN),0.0,0.0
AGGJ6ONONFTRXDCGQVYVSHRCEUQQ,Content (Avg Emb),0.09090909090909091,0.0
AGGJ6ONONFTRXDCGQVYVSHRCEUQQ,Last-Item,0.0,0.0
AGGJ6ONONFTRXDCGQVYVSHRCEUQQ,Avg-Last-10,0.09090909090909091,0.0
AGGJ6ONONFTRXDCGQVYVSHRCEUQQ,Recency-Weighted,0.09090909090909091,0.0
AGGJ6ONONFTRXDCGQVYVSHRCEUQQ,Essence (K=10),0.09090909090909091,0.0
AGGKJEUJJRHMMAWMKOYZLCDHTS3Q,Random,0.0,
AGGKJEUJJRHMMAWMKOYZLCDHTS3Q,Popularity,0.0,
AGGKJEUJJRHMMAWMKOYZLCDHTS3Q,CF (ItemKNN),0.0,
AGGKJEUJJRHMMAWMKOYZLCDHTS3Q,Content (Avg Emb),0.0,
AGGKJEUJJRHMMAWMKOYZLCDHTS3Q,Last-Item,0.0,
AGGKJEUJJRHMMAWMKOYZLCDHTS3Q,Avg-Last-10,0.0,
AGGKJEUJJRHMMAWMKOYZLCDHTS3Q,Recency-Weighted,0.0,
AGGKJEUJJRHMMAWMKOYZLCDHTS3Q,Essence (K=10),0.0,
AGGLOJ3Y22XOYZVOEHP63GFC5WPQ,Random,0.0,0.0
AGGLOJ3Y22XOYZVOEHP63GFC5WPQ,Popularity,0.0,0.0
AGGLOJ3Y22XOYZVOEHP63GFC5WPQ,CF (ItemKNN),0.0,0.0
AGGLOJ3Y22XOYZVOEHP63GFC5WPQ,Content (Avg Emb),0.0,0.0
AGGLOJ3Y22XOYZVOEHP63GFC5WPQ,Last-Item,0.0,0.0
AGGLOJ3Y22XOYZVOEHP63GFC5WPQ,Avg-Last-10,0.0,0.0
AGGLOJ3Y22XOYZVOEHP63GFC5WPQ,Recency-Weighted,0.0,0.0
AGGLOJ3Y22XOYZVOEHP63GFC5WPQ,Essence (K=10),0.0,0.0
AGGN3C2225A5SXVUQNRHUUVR4PQA,Random,0.0,0.0
AGGN3C2225A5SXVUQNRHUUVR4PQA,Popularity,0.0,0.0
AGGN3C2225A5SXVUQNRHUUVR4PQA,CF (ItemKNN),0.0,0.0
AGGN3C2225A5SXVUQNRHUUVR4PQA,Content (Avg Emb),0.1111111111111111,0.0
AGGN3C2225A5SXVUQNRHUUVR4PQA,Last-Item,0.0,0.0
AGGN3C2225A5SXVUQNRHUUVR4PQA,Avg-Last-10,0.0,0.0
AGGN3C2225A5SXVUQNRHUUVR4PQA,Recency-Weighted,0.0,0.0
AGGN3C2225A5SXVUQNRHUUVR4PQA,Essence (K=10),0.0,0.0
AGGT7KIVYRQSC3Y7EVZ4GJI7TBVA,Random,0.0,
AGGT7KIVYRQSC3Y7EVZ4GJI7TBVA,Popularity,0.0,
AGGT7KIVYRQSC3Y7EVZ4GJI7TBVA,CF (ItemKNN),0.0,
AGGT7KIVYRQSC3Y7EVZ4GJI7TBVA,Content (Avg Emb),0.0,
AGGT7KIVYRQSC3Y7EVZ4GJI7TBVA,Last-Item,0.2,
AGGT7KIVYRQSC3Y7EVZ4GJI7TBVA,Avg-Last-10,0.0,
AGGT7KIVYRQSC3Y7EVZ4GJI7TBVA,Recency-Weighted,0.0,
AGGT7KIVYRQSC3Y7EVZ4GJI7TBVA,Essence (K=10),0.0,
AGGVQ4VTKWLEQQAIXH75JUCRZ5ZQ,Random,0.0,0.0
AGGVQ4VTKWLEQQAIXH75JUCRZ5ZQ,Popularity,0.0,0.0
AGGVQ4VTKWLEQQAIXH75JUCRZ5ZQ,CF (ItemKNN),0.0,0.0
AGGVQ4VTKWLEQQAIXH75JUCRZ5ZQ,Content (Avg Emb),0.0,0.0
AGGVQ4VTKWLEQQAIXH75JUCRZ5ZQ,Last-Item,0.0,0.0
AGGVQ4VTKWLEQQAIXH75JUCRZ5ZQ,Avg-Last-10,0.0,0.0
AGGVQ4VTKWLEQQAIXH75JUCRZ5ZQ,Recency-Weighted,0.0,0.0
AGGVQ4VTKWLEQQAIXH75JUCRZ5ZQ,Essence (K=10),0.25,1.0
AGGWENDRP4YX5GRV4FFOJ22ML35A,Random,0.0,0.0
AGGWENDRP4YX5GRV4FFOJ22ML35A,Popularity,0.0,0.0
AGGWENDRP4YX5GRV4FFOJ22ML35A,CF (ItemKNN),0.0,0.0
AGGWENDRP4YX5GRV4FFOJ22ML35A,Content (Avg Emb),0.0,0.0
AGGWENDRP4YX5GRV4FFOJ22ML35A,Last-Item,0.0,0.0
AGGWENDRP4YX5GRV4FFOJ22ML35A,Avg-Last-10,0.0,0.0
AGGWENDRP4YX5GRV4FFOJ22ML35A,Recency-Weighted,0.0,0.0
AGGWENDRP4YX5GRV4FFOJ22ML35A,Essence (K=10),0.0,0.0
AGGXZN2BD2YVS2A2KXCNZ7AQ2PMA,Random,0.0,0.0
AGGXZN2BD2YVS2A2KXCNZ7AQ2PMA,Popularity,0.0,0.0
AGGXZN2BD2YVS2A2KXCNZ7AQ2PMA,CF (ItemKNN),0.0,0.0
AGGXZN2BD2YVS2A2KXCNZ7AQ2PMA,Content (Avg Emb),0.0,0.0
AGGXZN2BD2YVS2A2KXCNZ7AQ2PMA,Last-Item,0.0,0.0
AGGXZN2BD2YVS2A2KXCNZ7AQ2PMA,Avg-Last-10,0.0,0.0
AGGXZN2BD2YVS2A2KXCNZ7AQ2PMA,Recency-Weighted,0.0,0.0
AGGXZN2BD2YVS2A2KXCNZ7AQ2PMA,Essence (K=10),0.0,0.0
AGHE2FZPRWGRVTNGTMB6UDEVIWFQ,Random,0.0,0.0
AGHE2FZPRWGRVTNGTMB6UDEVIWFQ,Popularity,0.0,0.0
AGHE2FZPRWGRVTNGTMB6UDEVIWFQ,CF (ItemKNN),0.0,0.0
AGHE2FZPRWGRVTNGTMB6UDEVIWFQ,Content (Avg Emb),0.0,0.0
AGHE2FZPRWGRVTNGTMB6UDEVIWFQ,Last-Item,0.0,0.0
AGHE2FZPRWGRVTNGTMB6UDEVIWFQ,Avg-Last-10,0.0,0.0
AGHE2FZPRWGRVTNGTMB6UDEVIWFQ,Recency-Weighted,0.0,0.0
AGHE2FZPRWGRVTNGTMB6UDEVIWFQ,Essence (K=10),0.0,0.0
AGHFPF3DOVIEKHL5PZO6DNNHBOLQ,Random,0.0,
AGHFPF3DOVIEKHL5PZO6DNNHBOLQ,Popularity,0.0,
AGHFPF3DOVIEKHL5PZO6DNNHBOLQ,CF (ItemKNN),0.0,
AGHFPF3DOVIEKHL5PZO6DNNHBOLQ,Content (Avg Emb),0.0,
AGHFPF3DOVIEKHL5PZO6DNNHBOLQ,Last-Item,0.0,
AGHFPF3DOVIEKHL5PZO6DNNHBOLQ,Avg-Last-10,0.0,
AGHFPF3DOVIEKHL5PZO6DNNHBOLQ,Recency-Weighted,0.0,
AGHFPF3DOVIEKHL5PZO6DNNHBOLQ,Essence (K=10),0.0,
AGHGWPBANK5TTBVW3ADTSEQEPLUA,Random,0.0,0.0
AGHGWPBANK5TTBVW3ADTSEQEPLUA,Popularity,0.0,0.0
AGHGWPBANK5TTBVW3ADTSEQEPLUA,CF (ItemKNN),0.0,0.0
AGHGWPBANK5TTBVW3ADTSEQEPLUA,Content (Avg Emb),0.0,0.0
AGHGWPBANK5TTBVW3ADTSEQEPLUA,Last-Item,0.0,0.0
AGHGWPBANK5TTBVW3ADTSEQEPLUA,Avg-Last-10,0.0,0.0
AGHGWPBANK5TTBVW3ADTSEQEPLUA,Recency-Weighted,0.0,0.0
AGHGWPBANK5TTBVW3ADTSEQEPLUA,Essence (K=10),0.0,0.0
AGHLI6MWQUYALE53S3YE77OY4QPQ,Random,0.0,0.0
AGHLI6MWQUYALE53S3YE77OY4QPQ,Popularity,0.0,0.0
AGHLI6MWQUYALE53S3YE77OY4QPQ,CF (ItemKNN),0.0,0.0
AGHLI6MWQUYALE53S3YE77OY4QPQ,Content (Avg Emb),0.0,0.0
AGHLI6MWQUYALE53S3YE77OY4QPQ,Last-Item,0.0,0.0
AGHLI6MWQUYALE53S3YE77OY4QPQ,Avg-Last-10,0.0,0.0
AGHLI6MWQUYALE53S3YE77OY4QPQ,Recency-Weighted,0.0,0.0
AGHLI6MWQUYALE53S3YE77OY4QPQ,Essence (K=10),0.0,0.0
AGHM4STPCDOP4JE5FAHC76BMZNVA,Random,0.0,0.0
AGHM4STPCDOP4JE5FAHC76BMZNVA,Popularity,0.0,0.0
AGHM4STPCDOP4JE5FAHC76BMZNVA,CF (ItemKNN),0.0,0.0
AGHM4STPCDOP4JE5FAHC76BMZNVA,Content (Avg Emb),0.0,0.0
AGHM4STPCDOP4JE5FAHC76BMZNVA,Last-Item,0.0,0.0
AGHM4STPCDOP4JE5FAHC76BMZNVA,Avg-Last-10,0.0,0.0
AGHM4STPCDOP4JE5FAHC76BMZNVA,Recency-Weighted,0.0,0.0
AGHM4STPCDOP4JE5FAHC76BMZNVA,Essence (K=10),0.0,0.0
AGHMEPYCGSI75RAMZZX7EVYBZE5A,Random,0.0,
AGHMEPYCGSI75RAMZZX7EVYBZE5A,Popularity,0.0,
AGHMEPYCGSI75RAMZZX7EVYBZE5A,CF (ItemKNN),0.0,
AGHMEPYCGSI75RAMZZX7EVYBZE5A,Content (Avg Emb),0.0,
AGHMEPYCGSI75RAMZZX7EVYBZE5A,Last-Item,0.0,
AGHMEPYCGSI75RAMZZX7EVYBZE5A,Avg-Last-10,0.0,
AGHMEPYCGSI75RAMZZX7EVYBZE5A,Recency-Weighted,0.0,
AGHMEPYCGSI75RAMZZX7EVYBZE5A,Essence (K=10),0.0,
AGHOWBDAIOVJZPKJXAGNKAS7UHZA,Random,0.0,0.0
AGHOWBDAIOVJZPKJXAGNKAS7UHZA,Popularity,0.0,0.0
AGHOWBDAIOVJZPKJXAGNKAS7UHZA,CF (ItemKNN),0.0,0.0
AGHOWBDAIOVJZPKJXAGNKAS7UHZA,Content (Avg Emb),0.0,0.0
AGHOWBDAIOVJZPKJXAGNKAS7UHZA,Last-Item,0.0,0.0
AGHOWBDAIOVJZPKJXAGNKAS7UHZA,Avg-Last-10,0.0,0.0
AGHOWBDAIOVJZPKJXAGNKAS7UHZA,Recency-Weighted,0.0,0.0
AGHOWBDAIOVJZPKJXAGNKAS7UHZA,Essence (K=10),0.0,0.0
AGHS2IGE5P6EYDS43UC6BTQL2FWA,Random,0.0,0.0
AGHS2IGE5P6EYDS43UC6BTQL2FWA,Popularity,0.0,0.0
AGHS2IGE5P6EYDS43UC6BTQL2FWA,CF (ItemKNN),0.0,0.0
AGHS2IGE5P6EYDS43UC6BTQL2FWA,Content (Avg Emb),0.0,0.0
AGHS2IGE5P6EYDS43UC6BTQL2FWA,Last-Item,0.0,0.0
AGHS2IGE5P6EYDS43UC6BTQL2FWA,Avg-Last-10,0.0,0.0
AGHS2IGE5P6EYDS43UC6BTQL2FWA,Recency-Weighted,0.0,0.0
AGHS2IGE5P6EYDS43UC6BTQL2FWA,Essence (K=10),0.0,0.0
AGHUM5BAQPGKPVV2DBZDVGDHV6RA,Random,0.0,0.0
AGHUM5BAQPGKPVV2DBZDVGDHV6RA,Popularity,0.0,0.0
AGHUM5BAQPGKPVV2DBZDVGDHV6RA,CF (ItemKNN),0.0,0.0
AGHUM5BAQPGKPVV2DBZDVGDHV6RA,Content (Avg Emb),0.14285714285714285,0.0
AGHUM5BAQPGKPVV2DBZDVGDHV6RA,Last-Item,0.5714285714285714,1.0
AGHUM5BAQPGKPVV2DBZDVGDHV6RA,Avg-Last-10,0.5714285714285714,1.0
AGHUM5BAQPGKPVV2DBZDVGDHV6RA,Recency-Weighted,0.5714285714285714,1.0
AGHUM5BAQPGKPVV2DBZDVGDHV6RA,Essence (K=10),0.5714285714285714,1.0
AGHVM2DXFDNAAFXYX6E5F4UAUZXQ,Random,0.0,
AGHVM2DXFDNAAFXYX6E5F4UAUZXQ,Popularity,0.0,
AGHVM2DXFDNAAFXYX6E5F4UAUZXQ,CF (ItemKNN),0.0,
AGHVM2DXFDNAAFXYX6E5F4UAUZXQ,Content (Avg Emb),0.0,
AGHVM2DXFDNAAFXYX6E5F4UAUZXQ,Last-Item,0.2,
AGHVM2DXFDNAAFXYX6E5F4UAUZXQ,Avg-Last-10,0.0,
AGHVM2DXFDNAAFXYX6E5F4UAUZXQ,Recency-Weighted,0.0,
AGHVM2DXFDNAAFXYX6E5F4UAUZXQ,Essence (K=10),0.0,
AGHWXNWCYSOPTFBXJ5GJDHEBOTDQ,Random,0.0,0.0
AGHWXNWCYSOPTFBXJ5GJDHEBOTDQ,Popularity,0.0,0.0
AGHWXNWCYSOPTFBXJ5GJDHEBOTDQ,CF (ItemKNN),0.0,0.0
AGHWXNWCYSOPTFBXJ5GJDHEBOTDQ,Content (Avg Emb),0.0,0.0
AGHWXNWCYSOPTFBXJ5GJDHEBOTDQ,Last-Item,0.0,0.0
AGHWXNWCYSOPTFBXJ5GJDHEBOTDQ,Avg-Last-10,0.0,0.0
AGHWXNWCYSOPTFBXJ5GJDHEBOTDQ,Recency-Weighted,0.0,0.0
AGHWXNWCYSOPTFBXJ5GJDHEBOTDQ,Essence (K=10),0.0,0.0
AGICIIJLQN7C6IVPLGFZC5NRJRJQ,Random,0.0,0.0
AGICIIJLQN7C6IVPLGFZC5NRJRJQ,Popularity,0.0,0.0
AGICIIJLQN7C6IVPLGFZC5NRJRJQ,CF (ItemKNN),0.0,0.0
AGICIIJLQN7C6IVPLGFZC5NRJRJQ,Content (Avg Emb),0.2,0.0
AGICIIJLQN7C6IVPLGFZC5NRJRJQ,Last-Item,0.2,1.0
AGICIIJLQN7C6IVPLGFZC5NRJRJQ,Avg-Last-10,0.2,0.0
AGICIIJLQN7C6IVPLGFZC5NRJRJQ,Recency-Weighted,0.2,0.0
AGICIIJLQN7C6IVPLGFZC5NRJRJQ,Essence (K=10),0.0,0.0
AGIFNWWEIWYJZ7FFGUCKPR3NJB5A,Random,0.0,
AGIFNWWEIWYJZ7FFGUCKPR3NJB5A,Popularity,0.0,
AGIFNWWEIWYJZ7FFGUCKPR3NJB5A,CF (ItemKNN),0.0,
AGIFNWWEIWYJZ7FFGUCKPR3NJB5A,Content (Avg Emb),0.0,
AGIFNWWEIWYJZ7FFGUCKPR3NJB5A,Last-Item,0.0,
AGIFNWWEIWYJZ7FFGUCKPR3NJB5A,Avg-Last-10,0.0,
AGIFNWWEIWYJZ7FFGUCKPR3NJB5A,Recency-Weighted,0.0,
AGIFNWWEIWYJZ7FFGUCKPR3NJB5A,Essence (K=10),0.0,
AGIICPP7YXDREYJKPTVK22HEM2TQ,Random,0.0,0.0
AGIICPP7YXDREYJKPTVK22HEM2TQ,Popularity,0.0,0.0
AGIICPP7YXDREYJKPTVK22HEM2TQ,CF (ItemKNN),0.0,0.0
AGIICPP7YXDREYJKPTVK22HEM2TQ,Content (Avg Emb),0.0,0.0
AGIICPP7YXDREYJKPTVK22HEM2TQ,Last-Item,0.0,0.0
AGIICPP7YXDREYJKPTVK22HEM2TQ,Avg-Last-10,0.0,0.0
AGIICPP7YXDREYJKPTVK22HEM2TQ,Recency-Weighted,0.0,0.0
AGIICPP7YXDREYJKPTVK22HEM2TQ,Essence (K=10),0.0,0.0
AGIITTS3YV4B3OCJENLDRWU4GXFQ,Random,0.0,0.0
AGIITTS3YV4B3OCJENLDRWU4GXFQ,Popularity,0.0,0.0
AGIITTS3YV4B3OCJENLDRWU4GXFQ,CF (ItemKNN),0.0,0.0
AGIITTS3YV4B3OCJENLDRWU4GXFQ,Content (Avg Emb),0.0,0.0
AGIITTS3YV4B3OCJENLDRWU4GXFQ,Last-Item,0.0,0.0
AGIITTS3YV4B3OCJENLDRWU4GXFQ,Avg-Last-10,0.0,0.0
AGIITTS3YV4B3OCJENLDRWU4GXFQ,Recency-Weighted,0.0,0.0
AGIITTS3YV4B3OCJENLDRWU4GXFQ,Essence (K=10),0.0,0.0
AGIKFC47FTVDPNCJVK6J6M72PZ2A,Random,0.0,0.0
AGIKFC47FTVDPNCJVK6J6M72PZ2A,Popularity,0.0,0.0
AGIKFC47FTVDPNCJVK6J6M72PZ2A,CF (ItemKNN),0.0,0.0
AGIKFC47FTVDPNCJVK6J6M72PZ2A,Content (Avg Emb),0.0,0.0
AGIKFC47FTVDPNCJVK6J6M72PZ2A,Last-Item,0.0,0.0
AGIKFC47FTVDPNCJVK6J6M72PZ2A,Avg-Last-10,0.0,0.0
AGIKFC47FTVDPNCJVK6J6M72PZ2A,Recency-Weighted,0.0,0.0
AGIKFC47FTVDPNCJVK6J6M72PZ2A,Essence (K=10),0.0,0.0
AGILV6ZJL6M2JSXSDOYS7LGST52A,Random,0.0,0.0
AGILV6ZJL6M2JSXSDOYS7LGST52A,Popularity,0.0,0.0
AGILV6ZJL6M2JSXSDOYS7LGST52A,CF (ItemKNN),0.0,0.0
AGILV6ZJL6M2JSXSDOYS7LGST52A,Content (Avg Emb),0.0,0.0
AGILV6ZJL6M2JSXSDOYS7LGST52A,Last-Item,0.14285714285714285,0.5
AGILV6ZJL6M2JSXSDOYS7LGST52A,Avg-Last-10,0.14285714285714285,0.5
AGILV6ZJL6M2JSXSDOYS7LGST52A,Recency-Weighted,0.14285714285714285,0.5
AGILV6ZJL6M2JSXSDOYS7LGST52A,Essence (K=10),0.14285714285714285,0.5
AGIO4AMEQZKLPDNIKUYWGVQXIYUQ,Random,0.0,0.0
AGIO4AMEQZKLPDNIKUYWGVQXIYUQ,Popularity,0.0,0.0
AGIO4AMEQZKLPDNIKUYWGVQXIYUQ,CF (ItemKNN),0.0,0.0
AGIO4AMEQZKLPDNIKUYWGVQXIYUQ,Content (Avg Emb),0.0,0.0
AGIO4AMEQZKLPDNIKUYWGVQXIYUQ,Last-Item,0.0,0.0
AGIO4AMEQZKLPDNIKUYWGVQXIYUQ,Avg-Last-10,0.0,0.0
AGIO4AMEQZKLPDNIKUYWGVQXIYUQ,Recency-Weighted,0.0,0.0
AGIO4AMEQZKLPDNIKUYWGVQXIYUQ,Essence (K=10),0.0,0.0
AGIPLJAT4TF4SBVVGP77UWSV6KYA,Random,0.0,0.0
AGIPLJAT4TF4SBVVGP77UWSV6KYA,Popularity,0.0,0.0
AGIPLJAT4TF4SBVVGP77UWSV6KYA,CF (ItemKNN),0.0,0.0
AGIPLJAT4TF4SBVVGP77UWSV6KYA,Content (Avg Emb),0.0,0.0
AGIPLJAT4TF4SBVVGP77UWSV6KYA,Last-Item,0.0,0.0
AGIPLJAT4TF4SBVVGP77UWSV6KYA,Avg-Last-10,0.0,0.0
AGIPLJAT4TF4SBVVGP77UWSV6KYA,Recency-Weighted,0.0,0.0
AGIPLJAT4TF4SBVVGP77UWSV6KYA,Essence (K=10),0.0,0.0
AGIUN7NRJJPE5BBJC2LCAGO52C4A,Random,0.0,0.0
AGIUN7NRJJPE5BBJC2LCAGO52C4A,Popularity,0.0,0.0
AGIUN7NRJJPE5BBJC2LCAGO52C4A,CF (ItemKNN),0.0,0.0
AGIUN7NRJJPE5BBJC2LCAGO52C4A,Content (Avg Emb),0.0,0.0
AGIUN7NRJJPE5BBJC2LCAGO52C4A,Last-Item,0.0,0.0
AGIUN7NRJJPE5BBJC2LCAGO52C4A,Avg-Last-10,0.0,0.0
AGIUN7NRJJPE5BBJC2LCAGO52C4A,Recency-Weighted,0.0,0.0
AGIUN7NRJJPE5BBJC2LCAGO52C4A,Essence (K=10),0.0,0.0
AGJ44OZYH6ZK6BMZZXI7L4TJHTOA,Random,0.0,
AGJ44OZYH6ZK6BMZZXI7L4TJHTOA,Popularity,0.0,
AGJ44OZYH6ZK6BMZZXI7L4TJHTOA,CF (ItemKNN),0.0,
AGJ44OZYH6ZK6BMZZXI7L4TJHTOA,Content (Avg Emb),0.0,
AGJ44OZYH6ZK6BMZZXI7L4TJHTOA,Last-Item,0.0,
AGJ44OZYH6ZK6BMZZXI7L4TJHTOA,Avg-Last-10,0.0,
AGJ44OZYH6ZK6BMZZXI7L4TJHTOA,Recency-Weighted,0.0,
AGJ44OZYH6ZK6BMZZXI7L4TJHTOA,Essence (K=10),0.0,
AGJ6AXD47BURGPOFUQ7H7KHKTYFA,Random,0.0,
AGJ6AXD47BURGPOFUQ7H7KHKTYFA,Popularity,0.0,
AGJ6AXD47BURGPOFUQ7H7KHKTYFA,CF (ItemKNN),0.0,
AGJ6AXD47BURGPOFUQ7H7KHKTYFA,Content (Avg Emb),0.0,
AGJ6AXD47BURGPOFUQ7H7KHKTYFA,Last-Item,0.0,
AGJ6AXD47BURGPOFUQ7H7KHKTYFA,Avg-Last-10,0.0,
AGJ6AXD47BURGPOFUQ7H7KHKTYFA,Recency-Weighted,0.0,
AGJ6AXD47BURGPOFUQ7H7KHKTYFA,Essence (K=10),0.0,
AGJCR2RSUPGFLE4WTUBAMGNKSO5Q,Random,0.0,0.0
AGJCR2RSUPGFLE4WTUBAMGNKSO5Q,Popularity,0.0,0.0
AGJCR2RSUPGFLE4WTUBAMGNKSO5Q,CF (ItemKNN),0.0,0.0
AGJCR2RSUPGFLE4WTUBAMGNKSO5Q,Content (Avg Emb),0.0,0.0
AGJCR2RSUPGFLE4WTUBAMGNKSO5Q,Last-Item,0.0,0.0
AGJCR2RSUPGFLE4WTUBAMGNKSO5Q,Avg-Last-10,0.0,0.0
AGJCR2RSUPGFLE4WTUBAMGNKSO5Q,Recency-Weighted,0.0,0.0
AGJCR2RSUPGFLE4WTUBAMGNKSO5Q,Essence (K=10),0.0,0.0
AGJLBZDQ6GERGMLVQLRCMWAQRV5A,Random,0.0,0.0
AGJLBZDQ6GERGMLVQLRCMWAQRV5A,Popularity,0.0,0.0
AGJLBZDQ6GERGMLVQLRCMWAQRV5A,CF (ItemKNN),0.0,0.0
AGJLBZDQ6GERGMLVQLRCMWAQRV5A,Content (Avg Emb),0.0,0.0
AGJLBZDQ6GERGMLVQLRCMWAQRV5A,Last-Item,0.2,0.5
AGJLBZDQ6GERGMLVQLRCMWAQRV5A,Avg-Last-10,0.2,0.5
AGJLBZDQ6GERGMLVQLRCMWAQRV5A,Recency-Weighted,0.2,0.5
AGJLBZDQ6GERGMLVQLRCMWAQRV5A,Essence (K=10),0.4,0.5
AGJQHOL6VHBVEITK73E7YT57DJBQ,Random,0.0,
AGJQHOL6VHBVEITK73E7YT57DJBQ,Popularity,0.0,
AGJQHOL6VHBVEITK73E7YT57DJBQ,CF (ItemKNN),0.0,
AGJQHOL6VHBVEITK73E7YT57DJBQ,Content (Avg Emb),0.0,
AGJQHOL6VHBVEITK73E7YT57DJBQ,Last-Item,0.0,
AGJQHOL6VHBVEITK73E7YT57DJBQ,Avg-Last-10,0.0,
AGJQHOL6VHBVEITK73E7YT57DJBQ,Recency-Weighted,0.0,
AGJQHOL6VHBVEITK73E7YT57DJBQ,Essence (K=10),0.0,
AGJRBJ6BQN7WDJQEGUZMOTQQGAZQ,Random,0.0,0.0
AGJRBJ6BQN7WDJQEGUZMOTQQGAZQ,Popularity,0.0,0.0
AGJRBJ6BQN7WDJQEGUZMOTQQGAZQ,CF (ItemKNN),0.0,0.0
AGJRBJ6BQN7WDJQEGUZMOTQQGAZQ,Content (Avg Emb),0.0,0.0
AGJRBJ6BQN7WDJQEGUZMOTQQGAZQ,Last-Item,0.0,0.0
AGJRBJ6BQN7WDJQEGUZMOTQQGAZQ,Avg-Last-10,0.0,0.0
AGJRBJ6BQN7WDJQEGUZMOTQQGAZQ,Recency-Weighted,0.0,0.0
AGJRBJ6BQN7WDJQEGUZMOTQQGAZQ,Essence (K=10),0.0,0.0
AGJW5INVGJR3DNGPF3U3JA2AVP4A,Random,0.0,
AGJW5INVGJR3DNGPF3U3JA2AVP4A,Popularity,0.0,
AGJW5INVGJR3DNGPF3U3JA2AVP4A,CF (ItemKNN),0.0,
AGJW5INVGJR3DNGPF3U3JA2AVP4A,Content (Avg Emb),0.0,
AGJW5INVGJR3DNGPF3U3JA2AVP4A,Last-Item,0.0,
AGJW5INVGJR3DNGPF3U3JA2AVP4A,Avg-Last-10,0.0,
AGJW5INVGJR3DNGPF3U3JA2AVP4A,Recency-Weighted,0.0,
AGJW5INVGJR3DNGPF3U3JA2AVP4A,Essence (K=10),0.0,
AGJXFQIW4V3YHD7KKMAGOASVYUEA,Random,0.0,0.0
AGJXFQIW4V3YHD7KKMAGOASVYUEA,Popularity,0.0,0.0
AGJXFQIW4V3YHD7KKMAGOASVYUEA,CF (ItemKNN),0.0,0.0
AGJXFQIW4V3YHD7KKMAGOASVYUEA,Content (Avg Emb),0.0,0.0
AGJXFQIW4V3YHD7KKMAGOASVYUEA,Last-Item,0.0,0.0
AGJXFQIW4V3YHD7KKMAGOASVYUEA,Avg-Last-10,0.0,0.0
AGJXFQIW4V3YHD7KKMAGOASVYUEA,Recency-Weighted,0.0,0.0
AGJXFQIW4V3YHD7KKMAGOASVYUEA,Essence (K=10),0.0,0.0
AGJYX7JZY7ZN4VNANCOOR7QOGQFQ,Random,0.0,
AGJYX7JZY7ZN4VNANCOOR7QOGQFQ,Popularity,0.0,
AGJYX7JZY7ZN4VNANCOOR7QOGQFQ,CF (ItemKNN),0.0,
AGJYX7JZY7ZN4VNANCOOR7QOGQFQ,Content (Avg Emb),0.0,
AGJYX7JZY7ZN4VNANCOOR7QOGQFQ,Last-Item,0.5,
AGJYX7JZY7ZN4VNANCOOR7QOGQFQ,Avg-Last-10,0.0,
AGJYX7JZY7ZN4VNANCOOR7QOGQFQ,Recency-Weighted,0.0,
AGJYX7JZY7ZN4VNANCOOR7QOGQFQ,Essence (K=10),0.25,
AGK2RFI6CQ6K6MAKWLTGASRE742Q,Random,0.0,0.0
AGK2RFI6CQ6K6MAKWLTGASRE742Q,Popularity,0.0,0.0
AGK2RFI6CQ6K6MAKWLTGASRE742Q,CF (ItemKNN),0.0,0.0
AGK2RFI6CQ6K6MAKWLTGASRE742Q,Content (Avg Emb),0.0,0.0
AGK2RFI6CQ6K6MAKWLTGASRE742Q,Last-Item,0.0,0.0
AGK2RFI6CQ6K6MAKWLTGASRE742Q,Avg-Last-10,0.0,0.0
AGK2RFI6CQ6K6MAKWLTGASRE742Q,Recency-Weighted,0.0,0.0
AGK2RFI6CQ6K6MAKWLTGASRE742Q,Essence (K=10),0.0,0.0
AGK5RXQYRUMIAJ4AJADGK366LNZQ,Random,0.0,
AGK5RXQYRUMIAJ4AJADGK366LNZQ,Popularity,0.0,
AGK5RXQYRUMIAJ4AJADGK366LNZQ,CF (ItemKNN),0.0,
AGK5RXQYRUMIAJ4AJADGK366LNZQ,Content (Avg Emb),0.0,
AGK5RXQYRUMIAJ4AJADGK366LNZQ,Last-Item,0.4,
AGK5RXQYRUMIAJ4AJADGK366LNZQ,Avg-Last-10,0.4,
AGK5RXQYRUMIAJ4AJADGK366LNZQ,Recency-Weighted,0.4,
AGK5RXQYRUMIAJ4AJADGK366LNZQ,Essence (K=10),0.4,
AGK6EOMDX4657X2BKMG6ZWWDOLNA,Random,0.0,
AGK6EOMDX4657X2BKMG6ZWWDOLNA,Popularity,0.0,
AGK6EOMDX4657X2BKMG6ZWWDOLNA,CF (ItemKNN),0.0,
AGK6EOMDX4657X2BKMG6ZWWDOLNA,Content (Avg Emb),0.0,
AGK6EOMDX4657X2BKMG6ZWWDOLNA,Last-Item,0.0,
AGK6EOMDX4657X2BKMG6ZWWDOLNA,Avg-Last-10,0.0,
AGK6EOMDX4657X2BKMG6ZWWDOLNA,Recency-Weighted,0.0,
AGK6EOMDX4657X2BKMG6ZWWDOLNA,Essence (K=10),0.0,
AGKA2FFMLCBNFHT4TZK35MWMEUWQ,Random,0.0,0.0
AGKA2FFMLCBNFHT4TZK35MWMEUWQ,Popularity,0.0,0.0
AGKA2FFMLCBNFHT4TZK35MWMEUWQ,CF (ItemKNN),0.0,0.0
AGKA2FFMLCBNFHT4TZK35MWMEUWQ,Content (Avg Emb),0.0,0.0
AGKA2FFMLCBNFHT4TZK35MWMEUWQ,Last-Item,0.0,0.0
AGKA2FFMLCBNFHT4TZK35MWMEUWQ,Avg-Last-10,0.0,0.0
AGKA2FFMLCBNFHT4TZK35MWMEUWQ,Recency-Weighted,0.0,0.0
AGKA2FFMLCBNFHT4TZK35MWMEUWQ,Essence (K=10),0.0,0.0
AGKAQMN67BCEJ7TUO2EQWIJB6FOQ,Random,0.0,0.0
AGKAQMN67BCEJ7TUO2EQWIJB6FOQ,Popularity,0.0,0.0
AGKAQMN67BCEJ7TUO2EQWIJB6FOQ,CF (ItemKNN),0.0,0.0
AGKAQMN67BCEJ7TUO2EQWIJB6FOQ,Content (Avg Emb),0.0,0.0
AGKAQMN67BCEJ7TUO2EQWIJB6FOQ,Last-Item,0.0,0.0
AGKAQMN67BCEJ7TUO2EQWIJB6FOQ,Avg-Last-10,0.0,0.0
AGKAQMN67BCEJ7TUO2EQWIJB6FOQ,Recency-Weighted,0.0,0.0
AGKAQMN67BCEJ7TUO2EQWIJB6FOQ,Essence (K=10),0.07142857142857142,0.0
AGKATOSSF3W7NCL26HG55P2TST6Q,Random,0.0,0.0
AGKATOSSF3W7NCL26HG55P2TST6Q,Popularity,0.0,0.0
AGKATOSSF3W7NCL26HG55P2TST6Q,CF (ItemKNN),0.0,0.0
AGKATOSSF3W7NCL26HG55P2TST6Q,Content (Avg Emb),0.045454545454545456,0.0
AGKATOSSF3W7NCL26HG55P2TST6Q,Last-Item,0.09090909090909091,0.0
AGKATOSSF3W7NCL26HG55P2TST6Q,Avg-Last-10,0.045454545454545456,0.0
AGKATOSSF3W7NCL26HG55P2TST6Q,Recency-Weighted,0.09090909090909091,0.0
AGKATOSSF3W7NCL26HG55P2TST6Q,Essence (K=10),0.0,0.0
AGKCP5BD2QULOPUKVATWDTK2GJDA,Random,0.0,0.0
AGKCP5BD2QULOPUKVATWDTK2GJDA,Popularity,0.0,0.0
AGKCP5BD2QULOPUKVATWDTK2GJDA,CF (ItemKNN),0.0,0.0
AGKCP5BD2QULOPUKVATWDTK2GJDA,Content (Avg Emb),0.0,0.0
AGKCP5BD2QULOPUKVATWDTK2GJDA,Last-Item,0.0,0.0
AGKCP5BD2QULOPUKVATWDTK2GJDA,Avg-Last-10,0.0,0.0
AGKCP5BD2QULOPUKVATWDTK2GJDA,Recency-Weighted,0.0,0.0
AGKCP5BD2QULOPUKVATWDTK2GJDA,Essence (K=10),0.0,0.0
AGKEHVVFQIW3QDPE7RXYV3HJRKZA,Random,0.0,0.0
AGKEHVVFQIW3QDPE7RXYV3HJRKZA,Popularity,0.0,0.0
AGKEHVVFQIW3QDPE7RXYV3HJRKZA,CF (ItemKNN),0.0,0.0
AGKEHVVFQIW3QDPE7RXYV3HJRKZA,Content (Avg Emb),0.0,0.0
AGKEHVVFQIW3QDPE7RXYV3HJRKZA,Last-Item,0.0,0.0
AGKEHVVFQIW3QDPE7RXYV3HJRKZA,Avg-Last-10,0.0,0.0
AGKEHVVFQIW3QDPE7RXYV3HJRKZA,Recency-Weighted,0.0,0.0
AGKEHVVFQIW3QDPE7RXYV3HJRKZA,Essence (K=10),0.0,0.0
AGKG7GR6RUPBJPLGYWEVE3TPCEIA,Random,0.0,
AGKG7GR6RUPBJPLGYWEVE3TPCEIA,Popularity,0.0,
AGKG7GR6RUPBJPLGYWEVE3TPCEIA,CF (ItemKNN),0.0,
AGKG7GR6RUPBJPLGYWEVE3TPCEIA,Content (Avg Emb),0.0,
AGKG7GR6RUPBJPLGYWEVE3TPCEIA,Last-Item,0.25,
AGKG7GR6RUPBJPLGYWEVE3TPCEIA,Avg-Last-10,0.0,
AGKG7GR6RUPBJPLGYWEVE3TPCEIA,Recency-Weighted,0.0,
AGKG7GR6RUPBJPLGYWEVE3TPCEIA,Essence (K=10),0.0,
AGKGHO3ZXBSZKCORM5WUIIIXK2XA,Random,0.0,0.0
AGKGHO3ZXBSZKCORM5WUIIIXK2XA,Popularity,0.0,0.0
AGKGHO3ZXBSZKCORM5WUIIIXK2XA,CF (ItemKNN),0.0,0.0
AGKGHO3ZXBSZKCORM5WUIIIXK2XA,Content (Avg Emb),0.0,0.0
AGKGHO3ZXBSZKCORM5WUIIIXK2XA,Last-Item,0.0,0.0
AGKGHO3ZXBSZKCORM5WUIIIXK2XA,Avg-Last-10,0.0,0.0
AGKGHO3ZXBSZKCORM5WUIIIXK2XA,Recency-Weighted,0.0,0.0
AGKGHO3ZXBSZKCORM5WUIIIXK2XA,Essence (K=10),0.0,0.0
AGKGPJHMJOZ7X3H6BLQA4BJGPCDQ,Random,0.0,0.0
AGKGPJHMJOZ7X3H6BLQA4BJGPCDQ,Popularity,0.0,0.0
AGKGPJHMJOZ7X3H6BLQA4BJGPCDQ,CF (ItemKNN),0.0,0.0
AGKGPJHMJOZ7X3H6BLQA4BJGPCDQ,Content (Avg Emb),0.0,0.0
AGKGPJHMJOZ7X3H6BLQA4BJGPCDQ,Last-Item,0.0,0.0
AGKGPJHMJOZ7X3H6BLQA4BJGPCDQ,Avg-Last-10,0.0,0.0
AGKGPJHMJOZ7X3H6BLQA4BJGPCDQ,Recency-Weighted,0.0,0.0
AGKGPJHMJOZ7X3H6BLQA4BJGPCDQ,Essence (K=10),0.0,0.0
AGKGVTJFJOS247YT7NUUNFJ6EG4Q,Random,0.0,0.0
AGKGVTJFJOS247YT7NUUNFJ6EG4Q,Popularity,0.0,0.0
AGKGVTJFJOS247YT7NUUNFJ6EG4Q,CF (ItemKNN),0.0,0.0
AGKGVTJFJOS247YT7NUUNFJ6EG4Q,Content (Avg Emb),0.0,0.0
AGKGVTJFJOS247YT7NUUNFJ6EG4Q,Last-Item,0.0,0.0
AGKGVTJFJOS247YT7NUUNFJ6EG4Q,Avg-Last-10,0.0,0.0
AGKGVTJFJOS247YT7NUUNFJ6EG4Q,Recency-Weighted,0.0,0.0
AGKGVTJFJOS247YT7NUUNFJ6EG4Q,Essence (K=10),0.0,0.0
AGKHWDTGK7DIE3F7QMSPUBQZGTLQ,Random,0.0,
AGKHWDTGK7DIE3F7QMSPUBQZGTLQ,Popularity,0.0,
AGKHWDTGK7DIE3F7QMSPUBQZGTLQ,CF (ItemKNN),0.0,
AGKHWDTGK7DIE3F7QMSPUBQZGTLQ,Content (Avg Emb),0.0,
AGKHWDTGK7DIE3F7QMSPUBQZGTLQ,Last-Item,0.0,
AGKHWDTGK7DIE3F7QMSPUBQZGTLQ,Avg-Last-10,0.0,
AGKHWDTGK7DIE3F7QMSPUBQZGTLQ,Recency-Weighted,0.0,
AGKHWDTGK7DIE3F7QMSPUBQZGTLQ,Essence (K=10),0.0,
AGKV2ORMQMK74NTY4SU63T6K4KYA,Random,0.0,0.0
AGKV2ORMQMK74NTY4SU63T6K4KYA,Popularity,0.0,0.0
AGKV2ORMQMK74NTY4SU63T6K4KYA,CF (ItemKNN),0.0,0.0
AGKV2ORMQMK74NTY4SU63T6K4KYA,Content (Avg Emb),0.2222222222222222,0.0
AGKV2ORMQMK74NTY4SU63T6K4KYA,Last-Item,0.0,0.0
AGKV2ORMQMK74NTY4SU63T6K4KYA,Avg-Last-10,0.3333333333333333,0.0
AGKV2ORMQMK74NTY4SU63T6K4KYA,Recency-Weighted,0.1111111111111111,0.0
AGKV2ORMQMK74NTY4SU63T6K4KYA,Essence (K=10),0.3333333333333333,0.0
AGKX2FAG2L6PHEDGJN2R7WHJFXXQ,Random,0.0,0.0
AGKX2FAG2L6PHEDGJN2R7WHJFXXQ,Popularity,0.0,0.0
AGKX2FAG2L6PHEDGJN2R7WHJFXXQ,CF (ItemKNN),0.0,0.0
AGKX2FAG2L6PHEDGJN2R7WHJFXXQ,Content (Avg Emb),0.5555555555555556,0.0
AGKX2FAG2L6PHEDGJN2R7WHJFXXQ,Last-Item,0.4444444444444444,0.0
AGKX2FAG2L6PHEDGJN2R7WHJFXXQ,Avg-Last-10,0.6666666666666666,0.0
AGKX2FAG2L6PHEDGJN2R7WHJFXXQ,Recency-Weighted,0.6666666666666666,0.0
AGKX2FAG2L6PHEDGJN2R7WHJFXXQ,Essence (K=10),0.6666666666666666,0.0
AGKZ2ZEHIEAFWBVDNJFFSKC3IV4Q,Random,0.0,0.0
AGKZ2ZEHIEAFWBVDNJFFSKC3IV4Q,Popularity,0.0,0.0
AGKZ2ZEHIEAFWBVDNJFFSKC3IV4Q,CF (ItemKNN),0.0,0.0
AGKZ2ZEHIEAFWBVDNJFFSKC3IV4Q,Content (Avg Emb),0.0,0.0
AGKZ2ZEHIEAFWBVDNJFFSKC3IV4Q,Last-Item,0.0,0.0
AGKZ2ZEHIEAFWBVDNJFFSKC3IV4Q,Avg-Last-10,0.0,0.0
AGKZ2ZEHIEAFWBVDNJFFSKC3IV4Q,Recency-Weighted,0.0,0.0
AGKZ2ZEHIEAFWBVDNJFFSKC3IV4Q,Essence (K=10),0.0,0.0
AGL3NYRLP7YL7DVCNPLGF4U26V2Q,Random,0.0,0.0
AGL3NYRLP7YL7DVCNPLGF4U26V2Q,Popularity,0.0,0.0
AGL3NYRLP7YL7DVCNPLGF4U26V2Q,CF (ItemKNN),0.0,0.0
AGL3NYRLP7YL7DVCNPLGF4U26V2Q,Content (Avg Emb),0.0,0.0
AGL3NYRLP7YL7DVCNPLGF4U26V2Q,Last-Item,0.0,0.0
AGL3NYRLP7YL7DVCNPLGF4U26V2Q,Avg-Last-10,0.0,0.0
AGL3NYRLP7YL7DVCNPLGF4U26V2Q,Recency-Weighted,0.0,0.0
AGL3NYRLP7YL7DVCNPLGF4U26V2Q,Essence (K=10),0.0,0.0
AGL4CQCJSF3KGYA5QSH4CRHYC7OQ,Random,0.0,0.0
AGL4CQCJSF3KGYA5QSH4CRHYC7OQ,Popularity,0.0,0.0
AGL4CQCJSF3KGYA5QSH4CRHYC7OQ,CF (ItemKNN),0.0,0.0
AGL4CQCJSF3KGYA5QSH4CRHYC7OQ,Content (Avg Emb),0.0,0.0
AGL4CQCJSF3KGYA5QSH4CRHYC7OQ,Last-Item,0.0,0.0
AGL4CQCJSF3KGYA5QSH4CRHYC7OQ,Avg-Last-10,0.0,0.0
AGL4CQCJSF3KGYA5QSH4CRHYC7OQ,Recency-Weighted,0.0,0.0
AGL4CQCJSF3KGYA5QSH4CRHYC7OQ,Essence (K=10),0.0,0.0
AGL4J2DUED3WYKK2BHZEE45V774Q,Random,0.0,
AGL4J2DUED3WYKK2BHZEE45V774Q,Popularity,0.0,
AGL4J2DUED3WYKK2BHZEE45V774Q,CF (ItemKNN),0.0,
AGL4J2DUED3WYKK2BHZEE45V774Q,Content (Avg Emb),0.0,
AGL4J2DUED3WYKK2BHZEE45V774Q,Last-Item,0.0,
AGL4J2DUED3WYKK2BHZEE45V774Q,Avg-Last-10,0.0,
AGL4J2DUED3WYKK2BHZEE45V774Q,Recency-Weighted,0.0,
AGL4J2DUED3WYKK2BHZEE45V774Q,Essence (K=10),0.0,
AGL6NP3NUZVH2QJBJZK5FWJ4EA5Q,Random,0.0,
AGL6NP3NUZVH2QJBJZK5FWJ4EA5Q,Popularity,0.0,
AGL6NP3NUZVH2QJBJZK5FWJ4EA5Q,CF (ItemKNN),0.0,
AGL6NP3NUZVH2QJBJZK5FWJ4EA5Q,Content (Avg Emb),0.5,
AGL6NP3NUZVH2QJBJZK5FWJ4EA5Q,Last-Item,0.0,
AGL6NP3NUZVH2QJBJZK5FWJ4EA5Q,Avg-Last-10,0.5,
AGL6NP3NUZVH2QJBJZK5FWJ4EA5Q,Recency-Weighted,0.5,
AGL6NP3NUZVH2QJBJZK5FWJ4EA5Q,Essence (K=10),0.0,
AGL7V4274BKXGOZV46A5N3UAVFXQ,Random,0.0,0.0
AGL7V4274BKXGOZV46A5N3UAVFXQ,Popularity,0.0,0.0
AGL7V4274BKXGOZV46A5N3UAVFXQ,CF (ItemKNN),0.0,0.0
AGL7V4274BKXGOZV46A5N3UAVFXQ,Content (Avg Emb),0.0,0.0
AGL7V4274BKXGOZV46A5N3UAVFXQ,Last-Item,0.0,0.0
AGL7V4274BKXGOZV46A5N3UAVFXQ,Avg-Last-10,0.0,0.0
AGL7V4274BKXGOZV46A5N3UAVFXQ,Recency-Weighted,0.0,0.0
AGL7V4274BKXGOZV46A5N3UAVFXQ,Essence (K=10),0.0,0.0
AGLA5V5WHJRUREOHOJKIQ6B6BMXQ,Random,0.0,
AGLA5V5WHJRUREOHOJKIQ6B6BMXQ,Popularity,0.0,
AGLA5V5WHJRUREOHOJKIQ6B6BMXQ,CF (ItemKNN),0.0,
AGLA5V5WHJRUREOHOJKIQ6B6BMXQ,Content (Avg Emb),0.0,
AGLA5V5WHJRUREOHOJKIQ6B6BMXQ,Last-Item,0.0,
AGLA5V5WHJRUREOHOJKIQ6B6BMXQ,Avg-Last-10,0.0,
AGLA5V5WHJRUREOHOJKIQ6B6BMXQ,Recency-Weighted,0.0,
AGLA5V5WHJRUREOHOJKIQ6B6BMXQ,Essence (K=10),0.0,
AGLAJKD4O5ILP3K76OBGHB4QO34Q,Random,0.0,0.0
AGLAJKD4O5ILP3K76OBGHB4QO34Q,Popularity,0.0,0.0
AGLAJKD4O5ILP3K76OBGHB4QO34Q,CF (ItemKNN),0.0,0.0
AGLAJKD4O5ILP3K76OBGHB4QO34Q,Content (Avg Emb),0.0,0.0
AGLAJKD4O5ILP3K76OBGHB4QO34Q,Last-Item,0.0,0.0
AGLAJKD4O5ILP3K76OBGHB4QO34Q,Avg-Last-10,0.0,0.0
AGLAJKD4O5ILP3K76OBGHB4QO34Q,Recency-Weighted,0.0,0.0
AGLAJKD4O5ILP3K76OBGHB4QO34Q,Essence (K=10),0.0,0.0
AGLAKC5B65VOSCPN6J6B22SYTUCQ,Random,0.0,
AGLAKC5B65VOSCPN6J6B22SYTUCQ,Popularity,0.0,
AGLAKC5B65VOSCPN6J6B22SYTUCQ,CF (ItemKNN),0.0,
AGLAKC5B65VOSCPN6J6B22SYTUCQ,Content (Avg Emb),0.0,
AGLAKC5B65VOSCPN6J6B22SYTUCQ,Last-Item,0.0,
AGLAKC5B65VOSCPN6J6B22SYTUCQ,Avg-Last-10,0.0,
AGLAKC5B65VOSCPN6J6B22SYTUCQ,Recency-Weighted,0.0,
AGLAKC5B65VOSCPN6J6B22SYTUCQ,Essence (K=10),0.0,
AGLAXKW6OG6XNTBWBYQYMFT53BYQ,Random,0.0,0.0
AGLAXKW6OG6XNTBWBYQYMFT53BYQ,Popularity,0.0,0.0
AGLAXKW6OG6XNTBWBYQYMFT53BYQ,CF (ItemKNN),0.0,0.0
AGLAXKW6OG6XNTBWBYQYMFT53BYQ,Content (Avg Emb),0.0,0.0
AGLAXKW6OG6XNTBWBYQYMFT53BYQ,Last-Item,0.0,0.0
AGLAXKW6OG6XNTBWBYQYMFT53BYQ,Avg-Last-10,0.0,0.0
AGLAXKW6OG6XNTBWBYQYMFT53BYQ,Recency-Weighted,0.0,0.0
AGLAXKW6OG6XNTBWBYQYMFT53BYQ,Essence (K=10),0.0,0.0
AGLLW3622CPBHW3WKKJBKYD363UQ,Random,0.0,0.0
AGLLW3622CPBHW3WKKJBKYD363UQ,Popularity,0.0,0.0
AGLLW3622CPBHW3WKKJBKYD363UQ,CF (ItemKNN),0.0,0.0
AGLLW3622CPBHW3WKKJBKYD363UQ,Content (Avg Emb),0.0,0.0
AGLLW3622CPBHW3WKKJBKYD363UQ,Last-Item,0.0,0.0
AGLLW3622CPBHW3WKKJBKYD363UQ,Avg-Last-10,0.0,0.0
AGLLW3622CPBHW3WKKJBKYD363UQ,Recency-Weighted,0.0,0.0
AGLLW3622CPBHW3WKKJBKYD363UQ,Essence (K=10),0.0,0.0
AGLMWG77GD7ORAUEVBIHF565ZSZA,Random,0.0,0.0
AGLMWG77GD7ORAUEVBIHF565ZSZA,Popularity,0.0,0.0
AGLMWG77GD7ORAUEVBIHF565ZSZA,CF (ItemKNN),0.0,0.0
AGLMWG77GD7ORAUEVBIHF565ZSZA,Content (Avg Emb),0.0,0.0
AGLMWG77GD7ORAUEVBIHF565ZSZA,Last-Item,0.0,0.0
AGLMWG77GD7ORAUEVBIHF565ZSZA,Avg-Last-10,0.0,0.0
AGLMWG77GD7ORAUEVBIHF565ZSZA,Recency-Weighted,0.0,0.0
AGLMWG77GD7ORAUEVBIHF565ZSZA,Essence (K=10),0.0,0.0
AGLN3IADDV3RHXQJNRE3HTOODUXA,Random,0.0,0.0
AGLN3IADDV3RHXQJNRE3HTOODUXA,Popularity,0.0,0.0
AGLN3IADDV3RHXQJNRE3HTOODUXA,CF (ItemKNN),0.0,0.0
AGLN3IADDV3RHXQJNRE3HTOODUXA,Content (Avg Emb),0.0,0.0
AGLN3IADDV3RHXQJNRE3HTOODUXA,Last-Item,0.0,0.0
AGLN3IADDV3RHXQJNRE3HTOODUXA,Avg-Last-10,0.0,0.0
AGLN3IADDV3RHXQJNRE3HTOODUXA,Recency-Weighted,0.0,0.0
AGLN3IADDV3RHXQJNRE3HTOODUXA,Essence (K=10),0.0,0.0
AGLR3EHODR3SZFD4VL7EDHNTV2UQ,Random,0.0,0.0
AGLR3EHODR3SZFD4VL7EDHNTV2UQ,Popularity,0.0,0.0
AGLR3EHODR3SZFD4VL7EDHNTV2UQ,CF (ItemKNN),0.0,0.0
AGLR3EHODR3SZFD4VL7EDHNTV2UQ,Content (Avg Emb),0.0,0.0
AGLR3EHODR3SZFD4VL7EDHNTV2UQ,Last-Item,0.8,0.0
AGLR3EHODR3SZFD4VL7EDHNTV2UQ,Avg-Last-10,0.5,0.0
AGLR3EHODR3SZFD4VL7EDHNTV2UQ,Recency-Weighted,0.7,0.0
AGLR3EHODR3SZFD4VL7EDHNTV2UQ,Essence (K=10),0.8,0.0
AGLRB2QMMYFQNS45WYTFQAZ5TE7Q,Random,0.0,0.0
AGLRB2QMMYFQNS45WYTFQAZ5TE7Q,Popularity,0.0,0.0
AGLRB2QMMYFQNS45WYTFQAZ5TE7Q,CF (ItemKNN),0.0,0.0
AGLRB2QMMYFQNS45WYTFQAZ5TE7Q,Content (Avg Emb),0.0,0.0
AGLRB2QMMYFQNS45WYTFQAZ5TE7Q,Last-Item,0.0,0.0
AGLRB2QMMYFQNS45WYTFQAZ5TE7Q,Avg-Last-10,0.0,0.0
AGLRB2QMMYFQNS45WYTFQAZ5TE7Q,Recency-Weighted,0.0,0.0
AGLRB2QMMYFQNS45WYTFQAZ5TE7Q,Essence (K=10),0.0,0.0
AGLSFIPVSSBECZBATIXQA3DQPM7A,Random,0.0,0.0
AGLSFIPVSSBECZBATIXQA3DQPM7A,Popularity,0.0,0.0
AGLSFIPVSSBECZBATIXQA3DQPM7A,CF (ItemKNN),0.0,0.0
AGLSFIPVSSBECZBATIXQA3DQPM7A,Content (Avg Emb),0.0,0.0
AGLSFIPVSSBECZBATIXQA3DQPM7A,Last-Item,0.0,0.0
AGLSFIPVSSBECZBATIXQA3DQPM7A,Avg-Last-10,0.0,0.0
AGLSFIPVSSBECZBATIXQA3DQPM7A,Recency-Weighted,0.0,0.0
AGLSFIPVSSBECZBATIXQA3DQPM7A,Essence (K=10),0.0,0.0
AGLSWZDJ5X7VJZOV4DJDBGCVTCQQ,Random,0.0,
AGLSWZDJ5X7VJZOV4DJDBGCVTCQQ,Popularity,0.0,
AGLSWZDJ5X7VJZOV4DJDBGCVTCQQ,CF (ItemKNN),0.0,
AGLSWZDJ5X7VJZOV4DJDBGCVTCQQ,Content (Avg Emb),0.3333333333333333,
AGLSWZDJ5X7VJZOV4DJDBGCVTCQQ,Last-Item,0.0,
AGLSWZDJ5X7VJZOV4DJDBGCVTCQQ,Avg-Last-10,0.4166666666666667,
AGLSWZDJ5X7VJZOV4DJDBGCVTCQQ,Recency-Weighted,0.3333333333333333,
AGLSWZDJ5X7VJZOV4DJDBGCVTCQQ,Essence (K=10),0.0,
AGLUGKDLF4WXTCRGY4DKMNGFMRBQ,Random,0.0,0.0
AGLUGKDLF4WXTCRGY4DKMNGFMRBQ,Popularity,0.0,0.0
AGLUGKDLF4WXTCRGY4DKMNGFMRBQ,CF (ItemKNN),0.0,0.0
AGLUGKDLF4WXTCRGY4DKMNGFMRBQ,Content (Avg Emb),0.1111111111111111,0.0
AGLUGKDLF4WXTCRGY4DKMNGFMRBQ,Last-Item,0.2222222222222222,0.0
AGLUGKDLF4WXTCRGY4DKMNGFMRBQ,Avg-Last-10,0.1111111111111111,0.0
AGLUGKDLF4WXTCRGY4DKMNGFMRBQ,Recency-Weighted,0.1111111111111111,0.0
AGLUGKDLF4WXTCRGY4DKMNGFMRBQ,Essence (K=10),0.1111111111111111,0.0
AGLWDRJESN5FQAXAXLY2YPKVLKDA,Random,0.0,
AGLWDRJESN5FQAXAXLY2YPKVLKDA,Popularity,0.0,
AGLWDRJESN5FQAXAXLY2YPKVLKDA,CF (ItemKNN),0.0,
AGLWDRJESN5FQAXAXLY2YPKVLKDA,Content (Avg Emb),0.0,
AGLWDRJESN5FQAXAXLY2YPKVLKDA,Last-Item,0.0,
AGLWDRJESN5FQAXAXLY2YPKVLKDA,Avg-Last-10,0.0,
AGLWDRJESN5FQAXAXLY2YPKVLKDA,Recency-Weighted,0.0,
AGLWDRJESN5FQAXAXLY2YPKVLKDA,Essence (K=10),0.0,
AGM4ZEPBMM423UYDEUJ7PQKIFXVQ,Random,0.0,
AGM4ZEPBMM423UYDEUJ7PQKIFXVQ,Popularity,0.0,
AGM4ZEPBMM423UYDEUJ7PQKIFXVQ,CF (ItemKNN),0.0,
AGM4ZEPBMM423UYDEUJ7PQKIFXVQ,Content (Avg Emb),0.0,
AGM4ZEPBMM423UYDEUJ7PQKIFXVQ,Last-Item,0.0,
AGM4ZEPBMM423UYDEUJ7PQKIFXVQ,Avg-Last-10,0.0,
AGM4ZEPBMM423UYDEUJ7PQKIFXVQ,Recency-Weighted,0.0,
AGM4ZEPBMM423UYDEUJ7PQKIFXVQ,Essence (K=10),0.0,
AGM56E2JBRDH3YQMQMZOHVQIFIXQ,Random,0.0,
AGM56E2JBRDH3YQMQMZOHVQIFIXQ,Popularity,0.0,
AGM56E2JBRDH3YQMQMZOHVQIFIXQ,CF (ItemKNN),0.0,
AGM56E2JBRDH3YQMQMZOHVQIFIXQ,Content (Avg Emb),0.0,
AGM56E2JBRDH3YQMQMZOHVQIFIXQ,Last-Item,0.0,
AGM56E2JBRDH3YQMQMZOHVQIFIXQ,Avg-Last-10,0.0,
AGM56E2JBRDH3YQMQMZOHVQIFIXQ,Recency-Weighted,0.0,
AGM56E2JBRDH3YQMQMZOHVQIFIXQ,Essence (K=10),0.0,
AGM5FTIUZOASBKJOEXGJ7BD6KCHA,Random,0.0,0.0
AGM5FTIUZOASBKJOEXGJ7BD6KCHA,Popularity,0.0,0.0
AGM5FTIUZOASBKJOEXGJ7BD6KCHA,CF (ItemKNN),0.0,0.0
AGM5FTIUZOASBKJOEXGJ7BD6KCHA,Content (Avg Emb),0.0,0.0
AGM5FTIUZOASBKJOEXGJ7BD6KCHA,Last-Item,0.0,0.0
AGM5FTIUZOASBKJOEXGJ7BD6KCHA,Avg-Last-10,0.0,0.0
AGM5FTIUZOASBKJOEXGJ7BD6KCHA,Recency-Weighted,0.0,0.0
AGM5FTIUZOASBKJOEXGJ7BD6KCHA,Essence (K=10),0.0,0.0
AGMBKOMWXHCOBCAIZR6ZYVHPVMBA,Random,0.0,
AGMBKOMWXHCOBCAIZR6ZYVHPVMBA,Popularity,0.0,
AGMBKOMWXHCOBCAIZR6ZYVHPVMBA,CF (ItemKNN),0.0,
AGMBKOMWXHCOBCAIZR6ZYVHPVMBA,Content (Avg Emb),0.0,
AGMBKOMWXHCOBCAIZR6ZYVHPVMBA,Last-Item,0.0,
AGMBKOMWXHCOBCAIZR6ZYVHPVMBA,Avg-Last-10,0.0,
AGMBKOMWXHCOBCAIZR6ZYVHPVMBA,Recency-Weighted,0.0,
AGMBKOMWXHCOBCAIZR6ZYVHPVMBA,Essence (K=10),0.0,
AGMBOMRXCEIACPZX7VJSZVQ6HV6A,Random,0.0,0.0
AGMBOMRXCEIACPZX7VJSZVQ6HV6A,Popularity,0.0,0.0
AGMBOMRXCEIACPZX7VJSZVQ6HV6A,CF (ItemKNN),0.0,0.0
AGMBOMRXCEIACPZX7VJSZVQ6HV6A,Content (Avg Emb),0.0,0.0
AGMBOMRXCEIACPZX7VJSZVQ6HV6A,Last-Item,0.2,0.0
AGMBOMRXCEIACPZX7VJSZVQ6HV6A,Avg-Last-10,0.0,0.0
AGMBOMRXCEIACPZX7VJSZVQ6HV6A,Recency-Weighted,0.0,0.0
AGMBOMRXCEIACPZX7VJSZVQ6HV6A,Essence (K=10),0.0,0.0
AGMCKY6BQ4S6DK36E3TC4OVZY37Q,Random,0.0,
AGMCKY6BQ4S6DK36E3TC4OVZY37Q,Popularity,0.0,
AGMCKY6BQ4S6DK36E3TC4OVZY37Q,CF (ItemKNN),0.0,
AGMCKY6BQ4S6DK36E3TC4OVZY37Q,Content (Avg Emb),0.25,
AGMCKY6BQ4S6DK36E3TC4OVZY37Q,Last-Item,0.75,
AGMCKY6BQ4S6DK36E3TC4OVZY37Q,Avg-Last-10,0.0,
AGMCKY6BQ4S6DK36E3TC4OVZY37Q,Recency-Weighted,0.0,
AGMCKY6BQ4S6DK36E3TC4OVZY37Q,Essence (K=10),0.0,
AGMEAMFA6FDDBO5QD7F6GNG5OQPQ,Random,0.0,0.0
AGMEAMFA6FDDBO5QD7F6GNG5OQPQ,Popularity,0.0,0.0
AGMEAMFA6FDDBO5QD7F6GNG5OQPQ,CF (ItemKNN),0.0,0.0
AGMEAMFA6FDDBO5QD7F6GNG5OQPQ,Content (Avg Emb),0.0,0.0
AGMEAMFA6FDDBO5QD7F6GNG5OQPQ,Last-Item,0.0,0.0
AGMEAMFA6FDDBO5QD7F6GNG5OQPQ,Avg-Last-10,0.0,0.0
AGMEAMFA6FDDBO5QD7F6GNG5OQPQ,Recency-Weighted,0.0,0.0
AGMEAMFA6FDDBO5QD7F6GNG5OQPQ,Essence (K=10),0.0,0.0
AGMEELLJOCW4QQQ5ZJRKFCXZKXTA,Random,0.0,
AGMEELLJOCW4QQQ5ZJRKFCXZKXTA,Popularity,0.0,
AGMEELLJOCW4QQQ5ZJRKFCXZKXTA,CF (ItemKNN),0.0,
AGMEELLJOCW4QQQ5ZJRKFCXZKXTA,Content (Avg Emb),0.6,
AGMEELLJOCW4QQQ5ZJRKFCXZKXTA,Last-Item,0.0,
AGMEELLJOCW4QQQ5ZJRKFCXZKXTA,Avg-Last-10,0.2,
AGMEELLJOCW4QQQ5ZJRKFCXZKXTA,Recency-Weighted,0.0,
AGMEELLJOCW4QQQ5ZJRKFCXZKXTA,Essence (K=10),0.0,
AGMHXBUVBUKGZUAY7S34BM2Z6KMA,Random,0.0,
AGMHXBUVBUKGZUAY7S34BM2Z6KMA,Popularity,0.0,
AGMHXBUVBUKGZUAY7S34BM2Z6KMA,CF (ItemKNN),0.0,
AGMHXBUVBUKGZUAY7S34BM2Z6KMA,Content (Avg Emb),0.0,
AGMHXBUVBUKGZUAY7S34BM2Z6KMA,Last-Item,0.0,
AGMHXBUVBUKGZUAY7S34BM2Z6KMA,Avg-Last-10,0.2,
AGMHXBUVBUKGZUAY7S34BM2Z6KMA,Recency-Weighted,0.2,
AGMHXBUVBUKGZUAY7S34BM2Z6KMA,Essence (K=10),0.0,
AGMJZKJLJYV2EQX4DUZZU5C6KTVQ,Random,0.0,0.0
AGMJZKJLJYV2EQX4DUZZU5C6KTVQ,Popularity,0.0,0.0
AGMJZKJLJYV2EQX4DUZZU5C6KTVQ,CF (ItemKNN),0.0,0.0
AGMJZKJLJYV2EQX4DUZZU5C6KTVQ,Content (Avg Emb),0.0,0.0
AGMJZKJLJYV2EQX4DUZZU5C6KTVQ,Last-Item,0.0,0.0
AGMJZKJLJYV2EQX4DUZZU5C6KTVQ,Avg-Last-10,0.0,0.0
AGMJZKJLJYV2EQX4DUZZU5C6KTVQ,Recency-Weighted,0.0,0.0
AGMJZKJLJYV2EQX4DUZZU5C6KTVQ,Essence (K=10),0.0,0.0
AGMLNH5INNS2XK7S5RBL4ILPHL4Q,Random,0.0,
AGMLNH5INNS2XK7S5RBL4ILPHL4Q,Popularity,0.0,
AGMLNH5INNS2XK7S5RBL4ILPHL4Q,CF (ItemKNN),0.0,
AGMLNH5INNS2XK7S5RBL4ILPHL4Q,Content (Avg Emb),0.0,
AGMLNH5INNS2XK7S5RBL4ILPHL4Q,Last-Item,0.0,
AGMLNH5INNS2XK7S5RBL4ILPHL4Q,Avg-Last-10,0.0,
AGMLNH5INNS2XK7S5RBL4ILPHL4Q,Recency-Weighted,0.0,
AGMLNH5INNS2XK7S5RBL4ILPHL4Q,Essence (K=10),0.0,
AGMMFO4UP5MNARJYJXQNH3VUSGMQ,Random,0.0,
AGMMFO4UP5MNARJYJXQNH3VUSGMQ,Popularity,0.0,
AGMMFO4UP5MNARJYJXQNH3VUSGMQ,CF (ItemKNN),0.0,
AGMMFO4UP5MNARJYJXQNH3VUSGMQ,Content (Avg Emb),0.0,
AGMMFO4UP5MNARJYJXQNH3VUSGMQ,Last-Item,0.0,
AGMMFO4UP5MNARJYJXQNH3VUSGMQ,Avg-Last-10,0.0,
AGMMFO4UP5MNARJYJXQNH3VUSGMQ,Recency-Weighted,0.0,
AGMMFO4UP5MNARJYJXQNH3VUSGMQ,Essence (K=10),0.0,
AGMN3ZOQS6TUQ3O2I5N733GHIIAQ,Random,0.0,
AGMN3ZOQS6TUQ3O2I5N733GHIIAQ,Popularity,0.0,
AGMN3ZOQS6TUQ3O2I5N733GHIIAQ,CF (ItemKNN),0.0,
AGMN3ZOQS6TUQ3O2I5N733GHIIAQ,Content (Avg Emb),0.0,
AGMN3ZOQS6TUQ3O2I5N733GHIIAQ,Last-Item,0.0,
AGMN3ZOQS6TUQ3O2I5N733GHIIAQ,Avg-Last-10,0.0,
AGMN3ZOQS6TUQ3O2I5N733GHIIAQ,Recency-Weighted,0.0,
AGMN3ZOQS6TUQ3O2I5N733GHIIAQ,Essence (K=10),0.0,
AGMPPOAEA7LYQRGE4CGJJI2LKAXA,Random,0.0,0.0
AGMPPOAEA7LYQRGE4CGJJI2LKAXA,Popularity,0.0,0.0
AGMPPOAEA7LYQRGE4CGJJI2LKAXA,CF (ItemKNN),0.0,0.0
AGMPPOAEA7LYQRGE4CGJJI2LKAXA,Content (Avg Emb),0.0,0.0
AGMPPOAEA7LYQRGE4CGJJI2LKAXA,Last-Item,0.0,0.0
AGMPPOAEA7LYQRGE4CGJJI2LKAXA,Avg-Last-10,0.07692307692307693,0.0
AGMPPOAEA7LYQRGE4CGJJI2LKAXA,Recency-Weighted,0.07692307692307693,0.0
AGMPPOAEA7LYQRGE4CGJJI2LKAXA,Essence (K=10),0.07692307692307693,0.0
AGMQVML3YHK6BT5P3GVFCPZU7ZUA,Random,0.0,
AGMQVML3YHK6BT5P3GVFCPZU7ZUA,Popularity,0.0,
AGMQVML3YHK6BT5P3GVFCPZU7ZUA,CF (ItemKNN),0.0,
AGMQVML3YHK6BT5P3GVFCPZU7ZUA,Content (Avg Emb),0.0,
AGMQVML3YHK6BT5P3GVFCPZU7ZUA,Last-Item,0.0,
AGMQVML3YHK6BT5P3GVFCPZU7ZUA,Avg-Last-10,0.0,
AGMQVML3YHK6BT5P3GVFCPZU7ZUA,Recency-Weighted,0.0,
AGMQVML3YHK6BT5P3GVFCPZU7ZUA,Essence (K=10),0.0,
AGMSH7QLB4ZDTTAZBIG6CDXTIS5A,Random,0.0,0.0
AGMSH7QLB4ZDTTAZBIG6CDXTIS5A,Popularity,0.0,0.0
AGMSH7QLB4ZDTTAZBIG6CDXTIS5A,CF (ItemKNN),0.0,0.0
AGMSH7QLB4ZDTTAZBIG6CDXTIS5A,Content (Avg Emb),0.0,0.0
AGMSH7QLB4ZDTTAZBIG6CDXTIS5A,Last-Item,0.0,0.0
AGMSH7QLB4ZDTTAZBIG6CDXTIS5A,Avg-Last-10,0.0,0.0
AGMSH7QLB4ZDTTAZBIG6CDXTIS5A,Recency-Weighted,0.0,0.0
AGMSH7QLB4ZDTTAZBIG6CDXTIS5A,Essence (K=10),0.16666666666666666,0.0
AGMTGRJWX67SQ2PSA57TMKJA6RUQ,Random,0.0,0.0
AGMTGRJWX67SQ2PSA57TMKJA6RUQ,Popularity,0.0,0.0
AGMTGRJWX67SQ2PSA57TMKJA6RUQ,CF (ItemKNN),0.0,0.0
AGMTGRJWX67SQ2PSA57TMKJA6RUQ,Content (Avg Emb),0.0,0.0
AGMTGRJWX67SQ2PSA57TMKJA6RUQ,Last-Item,0.0,0.0
AGMTGRJWX67SQ2PSA57TMKJA6RUQ,Avg-Last-10,0.0,0.0
AGMTGRJWX67SQ2PSA57TMKJA6RUQ,Recency-Weighted,0.0,0.0
AGMTGRJWX67SQ2PSA57TMKJA6RUQ,Essence (K=10),0.0,0.0
AGMW4SQTX4T3TJV5EVN2FI5M6VUA,Random,0.0,0.0
AGMW4SQTX4T3TJV5EVN2FI5M6VUA,Popularity,0.0,0.0
AGMW4SQTX4T3TJV5EVN2FI5M6VUA,CF (ItemKNN),0.0,0.0
AGMW4SQTX4T3TJV5EVN2FI5M6VUA,Content (Avg Emb),0.0,0.0
AGMW4SQTX4T3TJV5EVN2FI5M6VUA,Last-Item,0.0,0.0
AGMW4SQTX4T3TJV5EVN2FI5M6VUA,Avg-Last-10,0.0,0.0
AGMW4SQTX4T3TJV5EVN2FI5M6VUA,Recency-Weighted,0.0,0.0
AGMW4SQTX4T3TJV5EVN2FI5M6VUA,Essence (K=10),0.0,0.0
AGMWUFS5MOI6C7DX7TE7NBPST4CQ,Random,0.0,
AGMWUFS5MOI6C7DX7TE7NBPST4CQ,Popularity,0.0,
AGMWUFS5MOI6C7DX7TE7NBPST4CQ,CF (ItemKNN),0.0,
AGMWUFS5MOI6C7DX7TE7NBPST4CQ,Content (Avg Emb),0.0,
AGMWUFS5MOI6C7DX7TE7NBPST4CQ,Last-Item,0.0,
AGMWUFS5MOI6C7DX7TE7NBPST4CQ,Avg-Last-10,0.0,
AGMWUFS5MOI6C7DX7TE7NBPST4CQ,Recency-Weighted,0.0,
AGMWUFS5MOI6C7DX7TE7NBPST4CQ,Essence (K=10),0.0,
AGMYSBPVGZP3A7U7E3PKW72ABYBA,Random,0.0,0.0
AGMYSBPVGZP3A7U7E3PKW72ABYBA,Popularity,0.0,0.0
AGMYSBPVGZP3A7U7E3PKW72ABYBA,CF (ItemKNN),0.0,0.0
AGMYSBPVGZP3A7U7E3PKW72ABYBA,Content (Avg Emb),0.1111111111111111,0.0
AGMYSBPVGZP3A7U7E3PKW72ABYBA,Last-Item,0.1111111111111111,0.0
AGMYSBPVGZP3A7U7E3PKW72ABYBA,Avg-Last-10,0.0,0.0
AGMYSBPVGZP3A7U7E3PKW72ABYBA,Recency-Weighted,0.0,0.0
AGMYSBPVGZP3A7U7E3PKW72ABYBA,Essence (K=10),0.0,0.0
AGMZOPTMVMQOE4477UV3TVTFMYPQ,Random,0.0,0.0
AGMZOPTMVMQOE4477UV3TVTFMYPQ,Popularity,0.0,0.0
AGMZOPTMVMQOE4477UV3TVTFMYPQ,CF (ItemKNN),0.0,0.0
AGMZOPTMVMQOE4477UV3TVTFMYPQ,Content (Avg Emb),0.0,0.0
AGMZOPTMVMQOE4477UV3TVTFMYPQ,Last-Item,0.0,0.0
AGMZOPTMVMQOE4477UV3TVTFMYPQ,Avg-Last-10,0.0,0.0
AGMZOPTMVMQOE4477UV3TVTFMYPQ,Recency-Weighted,0.0,0.0
AGMZOPTMVMQOE4477UV3TVTFMYPQ,Essence (K=10),0.0,0.0
AGN27UFCDBUHBBSA3FKA3PAJFNPA,Random,0.0,
AGN27UFCDBUHBBSA3FKA3PAJFNPA,Popularity,0.0,
AGN27UFCDBUHBBSA3FKA3PAJFNPA,CF (ItemKNN),0.0,
AGN27UFCDBUHBBSA3FKA3PAJFNPA,Content (Avg Emb),0.0,
AGN27UFCDBUHBBSA3FKA3PAJFNPA,Last-Item,0.0,
AGN27UFCDBUHBBSA3FKA3PAJFNPA,Avg-Last-10,0.0,
AGN27UFCDBUHBBSA3FKA3PAJFNPA,Recency-Weighted,0.0,
AGN27UFCDBUHBBSA3FKA3PAJFNPA,Essence (K=10),0.0,
AGN4Y6S2XZVAT55EWY7XNHJYOGOQ,Random,0.0,0.0
AGN4Y6S2XZVAT55EWY7XNHJYOGOQ,Popularity,0.0,0.0
AGN4Y6S2XZVAT55EWY7XNHJYOGOQ,CF (ItemKNN),0.0,0.0
AGN4Y6S2XZVAT55EWY7XNHJYOGOQ,Content (Avg Emb),0.0,0.0
AGN4Y6S2XZVAT55EWY7XNHJYOGOQ,Last-Item,0.0,0.0
AGN4Y6S2XZVAT55EWY7XNHJYOGOQ,Avg-Last-10,0.0,0.0
AGN4Y6S2XZVAT55EWY7XNHJYOGOQ,Recency-Weighted,0.0,0.0
AGN4Y6S2XZVAT55EWY7XNHJYOGOQ,Essence (K=10),0.0,0.0
AGN5U3CP2NELFNI6BRKB3ATBDWHQ,Random,0.0,
AGN5U3CP2NELFNI6BRKB3ATBDWHQ,Popularity,0.0,
AGN5U3CP2NELFNI6BRKB3ATBDWHQ,CF (ItemKNN),0.0,
AGN5U3CP2NELFNI6BRKB3ATBDWHQ,Content (Avg Emb),0.0,
AGN5U3CP2NELFNI6BRKB3ATBDWHQ,Last-Item,0.0,
AGN5U3CP2NELFNI6BRKB3ATBDWHQ,Avg-Last-10,0.0,
AGN5U3CP2NELFNI6BRKB3ATBDWHQ,Recency-Weighted,0.0,
AGN5U3CP2NELFNI6BRKB3ATBDWHQ,Essence (K=10),0.0,
AGNAYR4ZPJ64IFGB7VC3PJQM6Y3A,Random,0.0,0.0
AGNAYR4ZPJ64IFGB7VC3PJQM6Y3A,Popularity,0.0,0.0
AGNAYR4ZPJ64IFGB7VC3PJQM6Y3A,CF (ItemKNN),0.0,0.0
AGNAYR4ZPJ64IFGB7VC3PJQM6Y3A,Content (Avg Emb),0.0,0.0
AGNAYR4ZPJ64IFGB7VC3PJQM6Y3A,Last-Item,0.0,0.0
AGNAYR4ZPJ64IFGB7VC3PJQM6Y3A,Avg-Last-10,0.0,0.0
AGNAYR4ZPJ64IFGB7VC3PJQM6Y3A,Recency-Weighted,0.0,0.0
AGNAYR4ZPJ64IFGB7VC3PJQM6Y3A,Essence (K=10),0.0,0.0
AGNC6TYOBWY5RDFT5BWFA4HJCDIA,Random,0.0,
AGNC6TYOBWY5RDFT5BWFA4HJCDIA,Popularity,0.0,
AGNC6TYOBWY5RDFT5BWFA4HJCDIA,CF (ItemKNN),0.0,
AGNC6TYOBWY5RDFT5BWFA4HJCDIA,Content (Avg Emb),0.0,
AGNC6TYOBWY5RDFT5BWFA4HJCDIA,Last-Item,0.0,
AGNC6TYOBWY5RDFT5BWFA4HJCDIA,Avg-Last-10,0.0,
AGNC6TYOBWY5RDFT5BWFA4HJCDIA,Recency-Weighted,0.0,
AGNC6TYOBWY5RDFT5BWFA4HJCDIA,Essence (K=10),0.0,
AGNES2JXT2MESM4JYGEYC6XR2RWQ,Random,0.0,0.0
AGNES2JXT2MESM4JYGEYC6XR2RWQ,Popularity,0.0,0.0
AGNES2JXT2MESM4JYGEYC6XR2RWQ,CF (ItemKNN),0.0,0.0
AGNES2JXT2MESM4JYGEYC6XR2RWQ,Content (Avg Emb),0.0,0.0
AGNES2JXT2MESM4JYGEYC6XR2RWQ,Last-Item,0.0,0.0
AGNES2JXT2MESM4JYGEYC6XR2RWQ,Avg-Last-10,0.0,0.0
AGNES2JXT2MESM4JYGEYC6XR2RWQ,Recency-Weighted,0.0,0.0
AGNES2JXT2MESM4JYGEYC6XR2RWQ,Essence (K=10),0.0,0.0
AGNEVNZZGTN7ZM75EFYVOUPYI7AA,Random,0.0,0.0
AGNEVNZZGTN7ZM75EFYVOUPYI7AA,Popularity,0.0,0.0
AGNEVNZZGTN7ZM75EFYVOUPYI7AA,CF (ItemKNN),0.0,0.0
AGNEVNZZGTN7ZM75EFYVOUPYI7AA,Content (Avg Emb),0.0,0.0
AGNEVNZZGTN7ZM75EFYVOUPYI7AA,Last-Item,0.0,0.0
AGNEVNZZGTN7ZM75EFYVOUPYI7AA,Avg-Last-10,0.14285714285714285,0.25
AGNEVNZZGTN7ZM75EFYVOUPYI7AA,Recency-Weighted,0.14285714285714285,0.25
AGNEVNZZGTN7ZM75EFYVOUPYI7AA,Essence (K=10),0.0,0.0
AGNL4B3NI2S4PKCZXVSOIAQOE5SQ,Random,0.0,
AGNL4B3NI2S4PKCZXVSOIAQOE5SQ,Popularity,0.0,
AGNL4B3NI2S4PKCZXVSOIAQOE5SQ,CF (ItemKNN),0.0,
AGNL4B3NI2S4PKCZXVSOIAQOE5SQ,Content (Avg Emb),0.0,
AGNL4B3NI2S4PKCZXVSOIAQOE5SQ,Last-Item,0.0,
AGNL4B3NI2S4PKCZXVSOIAQOE5SQ,Avg-Last-10,0.0,
AGNL4B3NI2S4PKCZXVSOIAQOE5SQ,Recency-Weighted,0.0,
AGNL4B3NI2S4PKCZXVSOIAQOE5SQ,Essence (K=10),0.0,
AGNR5FPUXJK7G3DJFEQD2PM3PODA,Random,0.0,0.0
AGNR5FPUXJK7G3DJFEQD2PM3PODA,Popularity,0.0,0.0
AGNR5FPUXJK7G3DJFEQD2PM3PODA,CF (ItemKNN),0.0,0.0
AGNR5FPUXJK7G3DJFEQD2PM3PODA,Content (Avg Emb),0.0,0.0
AGNR5FPUXJK7G3DJFEQD2PM3PODA,Last-Item,0.0,0.0
AGNR5FPUXJK7G3DJFEQD2PM3PODA,Avg-Last-10,0.0,0.0
AGNR5FPUXJK7G3DJFEQD2PM3PODA,Recency-Weighted,0.0,0.0
AGNR5FPUXJK7G3DJFEQD2PM3PODA,Essence (K=10),0.0,0.0
AGNRFB3YKMZFKGLEJH2YJO3BFLTA,Random,0.0,
AGNRFB3YKMZFKGLEJH2YJO3BFLTA,Popularity,0.0,
AGNRFB3YKMZFKGLEJH2YJO3BFLTA,CF (ItemKNN),0.0,
AGNRFB3YKMZFKGLEJH2YJO3BFLTA,Content (Avg Emb),0.0,
AGNRFB3YKMZFKGLEJH2YJO3BFLTA,Last-Item,0.0,
AGNRFB3YKMZFKGLEJH2YJO3BFLTA,Avg-Last-10,0.0,
AGNRFB3YKMZFKGLEJH2YJO3BFLTA,Recency-Weighted,0.0,
AGNRFB3YKMZFKGLEJH2YJO3BFLTA,Essence (K=10),0.0,
AGNTFG4JO7JO4GVRWRJEWN7KYLRA,Random,0.0,0.0
AGNTFG4JO7JO4GVRWRJEWN7KYLRA,Popularity,0.0,0.0
AGNTFG4JO7JO4GVRWRJEWN7KYLRA,CF (ItemKNN),0.0,0.0
AGNTFG4JO7JO4GVRWRJEWN7KYLRA,Content (Avg Emb),0.0,0.0
AGNTFG4JO7JO4GVRWRJEWN7KYLRA,Last-Item,0.0,0.0
AGNTFG4JO7JO4GVRWRJEWN7KYLRA,Avg-Last-10,0.0,0.0
AGNTFG4JO7JO4GVRWRJEWN7KYLRA,Recency-Weighted,0.0,0.0
AGNTFG4JO7JO4GVRWRJEWN7KYLRA,Essence (K=10),0.0,0.0
AGNTPTH5CM37APEJGZU2TVWGXELQ,Random,0.0,
AGNTPTH5CM37APEJGZU2TVWGXELQ,Popularity,0.0,
AGNTPTH5CM37APEJGZU2TVWGXELQ,CF (ItemKNN),0.0,
AGNTPTH5CM37APEJGZU2TVWGXELQ,Content (Avg Emb),0.0,
AGNTPTH5CM37APEJGZU2TVWGXELQ,Last-Item,0.0,
AGNTPTH5CM37APEJGZU2TVWGXELQ,Avg-Last-10,0.0,
AGNTPTH5CM37APEJGZU2TVWGXELQ,Recency-Weighted,0.0,
AGNTPTH5CM37APEJGZU2TVWGXELQ,Essence (K=10),0.0,
AGNXM7QOAI3HDZG5VX65GIVRKKWA,Random,0.0,
AGNXM7QOAI3HDZG5VX65GIVRKKWA,Popularity,0.0,
AGNXM7QOAI3HDZG5VX65GIVRKKWA,CF (ItemKNN),0.0,
AGNXM7QOAI3HDZG5VX65GIVRKKWA,Content (Avg Emb),0.0,
AGNXM7QOAI3HDZG5VX65GIVRKKWA,Last-Item,0.0,
AGNXM7QOAI3HDZG5VX65GIVRKKWA,Avg-Last-10,0.0,
AGNXM7QOAI3HDZG5VX65GIVRKKWA,Recency-Weighted,0.0,
AGNXM7QOAI3HDZG5VX65GIVRKKWA,Essence (K=10),0.0,
AGNZT4DKRK6VIHSSD745TDZCNGKA,Random,0.0,
AGNZT4DKRK6VIHSSD745TDZCNGKA,Popularity,0.0,
AGNZT4DKRK6VIHSSD745TDZCNGKA,CF (ItemKNN),0.0,
AGNZT4DKRK6VIHSSD745TDZCNGKA,Content (Avg Emb),0.0,
AGNZT4DKRK6VIHSSD745TDZCNGKA,Last-Item,0.0,
AGNZT4DKRK6VIHSSD745TDZCNGKA,Avg-Last-10,0.0,
AGNZT4DKRK6VIHSSD745TDZCNGKA,Recency-Weighted,0.0,
AGNZT4DKRK6VIHSSD745TDZCNGKA,Essence (K=10),0.0,
AGO3FGWANQLO7NOXTFKWDPXG67GQ,Random,0.0,0.0
AGO3FGWANQLO7NOXTFKWDPXG67GQ,Popularity,0.0,0.0
AGO3FGWANQLO7NOXTFKWDPXG67GQ,CF (ItemKNN),0.0,0.0
AGO3FGWANQLO7NOXTFKWDPXG67GQ,Content (Avg Emb),0.0,0.0
AGO3FGWANQLO7NOXTFKWDPXG67GQ,Last-Item,0.0,0.0
AGO3FGWANQLO7NOXTFKWDPXG67GQ,Avg-Last-10,0.0,0.0
AGO3FGWANQLO7NOXTFKWDPXG67GQ,Recency-Weighted,0.0,0.0
AGO3FGWANQLO7NOXTFKWDPXG67GQ,Essence (K=10),0.0,0.0
AGO3FIXYAKJU4HPLX37ZVXCPFEEA,Random,0.0,
AGO3FIXYAKJU4HPLX37ZVXCPFEEA,Popularity,0.0,
AGO3FIXYAKJU4HPLX37ZVXCPFEEA,CF (ItemKNN),0.0,
AGO3FIXYAKJU4HPLX37ZVXCPFEEA,Content (Avg Emb),0.0,
AGO3FIXYAKJU4HPLX37ZVXCPFEEA,Last-Item,0.0,
AGO3FIXYAKJU4HPLX37ZVXCPFEEA,Avg-Last-10,0.0,
AGO3FIXYAKJU4HPLX37ZVXCPFEEA,Recency-Weighted,0.0,
AGO3FIXYAKJU4HPLX37ZVXCPFEEA,Essence (K=10),0.0,
AGOCH7XMLZQM43GZPHII4DS5SOIQ,Random,0.0,0.0
AGOCH7XMLZQM43GZPHII4DS5SOIQ,Popularity,0.0,0.0
AGOCH7XMLZQM43GZPHII4DS5SOIQ,CF (ItemKNN),0.0,0.0
AGOCH7XMLZQM43GZPHII4DS5SOIQ,Content (Avg Emb),0.0,0.0
AGOCH7XMLZQM43GZPHII4DS5SOIQ,Last-Item,0.0,0.0
AGOCH7XMLZQM43GZPHII4DS5SOIQ,Avg-Last-10,0.0,0.0
AGOCH7XMLZQM43GZPHII4DS5SOIQ,Recency-Weighted,0.0,0.0
AGOCH7XMLZQM43GZPHII4DS5SOIQ,Essence (K=10),0.0,0.0
AGOFCC7MM5WA6Q4AHLOCEY6B3JIQ,Random,0.0,
AGOFCC7MM5WA6Q4AHLOCEY6B3JIQ,Popularity,0.0,
AGOFCC7MM5WA6Q4AHLOCEY6B3JIQ,CF (ItemKNN),0.0,
AGOFCC7MM5WA6Q4AHLOCEY6B3JIQ,Content (Avg Emb),0.0,
AGOFCC7MM5WA6Q4AHLOCEY6B3JIQ,Last-Item,0.0,
AGOFCC7MM5WA6Q4AHLOCEY6B3JIQ,Avg-Last-10,0.0,
AGOFCC7MM5WA6Q4AHLOCEY6B3JIQ,Recency-Weighted,0.0,
AGOFCC7MM5WA6Q4AHLOCEY6B3JIQ,Essence (K=10),0.0,
AGOJ7DDEITGDKZDSMERVPRZF73NA,Random,0.0,0.0
AGOJ7DDEITGDKZDSMERVPRZF73NA,Popularity,0.0,0.0
AGOJ7DDEITGDKZDSMERVPRZF73NA,CF (ItemKNN),0.0,0.0
AGOJ7DDEITGDKZDSMERVPRZF73NA,Content (Avg Emb),0.0,0.0
AGOJ7DDEITGDKZDSMERVPRZF73NA,Last-Item,0.0,0.0
AGOJ7DDEITGDKZDSMERVPRZF73NA,Avg-Last-10,0.0,0.0
AGOJ7DDEITGDKZDSMERVPRZF73NA,Recency-Weighted,0.0,0.0
AGOJ7DDEITGDKZDSMERVPRZF73NA,Essence (K=10),0.0,0.0
AGOKJ3DARTXJ7ZIPP3IO7TWUMPAA,Random,0.0,0.0
AGOKJ3DARTXJ7ZIPP3IO7TWUMPAA,Popularity,0.0,0.0
AGOKJ3DARTXJ7ZIPP3IO7TWUMPAA,CF (ItemKNN),0.0,0.0
AGOKJ3DARTXJ7ZIPP3IO7TWUMPAA,Content (Avg Emb),0.0,0.0
AGOKJ3DARTXJ7ZIPP3IO7TWUMPAA,Last-Item,0.0,0.0
AGOKJ3DARTXJ7ZIPP3IO7TWUMPAA,Avg-Last-10,0.0,0.0
AGOKJ3DARTXJ7ZIPP3IO7TWUMPAA,Recency-Weighted,0.0,0.0
AGOKJ3DARTXJ7ZIPP3IO7TWUMPAA,Essence (K=10),0.0,0.0
AGOLEQWFYIQ6B5CMYX5DMBEJQMOA,Random,0.0,0.0
AGOLEQWFYIQ6B5CMYX5DMBEJQMOA,Popularity,0.0,0.0
AGOLEQWFYIQ6B5CMYX5DMBEJQMOA,CF (ItemKNN),0.0,0.0
AGOLEQWFYIQ6B5CMYX5DMBEJQMOA,Content (Avg Emb),0.25,0.0
AGOLEQWFYIQ6B5CMYX5DMBEJQMOA,Last-Item,0.25,0.0
AGOLEQWFYIQ6B5CMYX5DMBEJQMOA,Avg-Last-10,0.25,0.0
AGOLEQWFYIQ6B5CMYX5DMBEJQMOA,Recency-Weighted,0.25,0.0
AGOLEQWFYIQ6B5CMYX5DMBEJQMOA,Essence (K=10),0.0,0.0
AGONHR4U5DFGV4S5CJSGLK6ISQYQ,Random,0.0,0.0
AGONHR4U5DFGV4S5CJSGLK6ISQYQ,Popularity,0.0,0.0
AGONHR4U5DFGV4S5CJSGLK6ISQYQ,CF (ItemKNN),0.0,0.0
AGONHR4U5DFGV4S5CJSGLK6ISQYQ,Content (Avg Emb),0.0,0.0
AGONHR4U5DFGV4S5CJSGLK6ISQYQ,Last-Item,0.0,0.0
AGONHR4U5DFGV4S5CJSGLK6ISQYQ,Avg-Last-10,0.0,0.0
AGONHR4U5DFGV4S5CJSGLK6ISQYQ,Recency-Weighted,0.0,0.0
AGONHR4U5DFGV4S5CJSGLK6ISQYQ,Essence (K=10),0.0,0.0
AGONJSNZ2I5VYFLRUEVECUNTZURQ,Random,0.0,
AGONJSNZ2I5VYFLRUEVECUNTZURQ,Popularity,0.0,
AGONJSNZ2I5VYFLRUEVECUNTZURQ,CF (ItemKNN),0.0,
AGONJSNZ2I5VYFLRUEVECUNTZURQ,Content (Avg Emb),0.0,
AGONJSNZ2I5VYFLRUEVECUNTZURQ,Last-Item,0.0,
AGONJSNZ2I5VYFLRUEVECUNTZURQ,Avg-Last-10,0.0,
AGONJSNZ2I5VYFLRUEVECUNTZURQ,Recency-Weighted,0.0,
AGONJSNZ2I5VYFLRUEVECUNTZURQ,Essence (K=10),0.0,
AGOOX77V545BTTIUDMVBRXLK2A6A,Random,0.0,0.0
AGOOX77V545BTTIUDMVBRXLK2A6A,Popularity,0.0,0.0
AGOOX77V545BTTIUDMVBRXLK2A6A,CF (ItemKNN),0.0,0.0
AGOOX77V545BTTIUDMVBRXLK2A6A,Content (Avg Emb),0.0,0.0
AGOOX77V545BTTIUDMVBRXLK2A6A,Last-Item,0.0,0.0
AGOOX77V545BTTIUDMVBRXLK2A6A,Avg-Last-10,0.0,0.0
AGOOX77V545BTTIUDMVBRXLK2A6A,Recency-Weighted,0.0,0.0
AGOOX77V545BTTIUDMVBRXLK2A6A,Essence (K=10),0.0,0.0
AGORHVWRSIXPYFQJO47MH65HD24A,Random,0.0,
AGORHVWRSIXPYFQJO47MH65HD24A,Popularity,0.0,
AGORHVWRSIXPYFQJO47MH65HD24A,CF (ItemKNN),0.0,
AGORHVWRSIXPYFQJO47MH65HD24A,Content (Avg Emb),0.0,
AGORHVWRSIXPYFQJO47MH65HD24A,Last-Item,0.2,
AGORHVWRSIXPYFQJO47MH65HD24A,Avg-Last-10,0.0,
AGORHVWRSIXPYFQJO47MH65HD24A,Recency-Weighted,0.0,
AGORHVWRSIXPYFQJO47MH65HD24A,Essence (K=10),0.0,
AGOUKV346VJC6KMM6SIZ25YPAEFQ,Random,0.0,0.0
AGOUKV346VJC6KMM6SIZ25YPAEFQ,Popularity,0.0,0.0
AGOUKV346VJC6KMM6SIZ25YPAEFQ,CF (ItemKNN),0.0,0.0
AGOUKV346VJC6KMM6SIZ25YPAEFQ,Content (Avg Emb),0.0,0.0
AGOUKV346VJC6KMM6SIZ25YPAEFQ,Last-Item,0.0,0.0
AGOUKV346VJC6KMM6SIZ25YPAEFQ,Avg-Last-10,0.0,0.0
AGOUKV346VJC6KMM6SIZ25YPAEFQ,Recency-Weighted,0.0,0.0
AGOUKV346VJC6KMM6SIZ25YPAEFQ,Essence (K=10),0.0,0.0
AGOVPJBN2KKVUOX6WGXZAISWGKUA,Random,0.0,0.0
AGOVPJBN2KKVUOX6WGXZAISWGKUA,Popularity,0.0,0.0
AGOVPJBN2KKVUOX6WGXZAISWGKUA,CF (ItemKNN),0.0,0.0
AGOVPJBN2KKVUOX6WGXZAISWGKUA,Content (Avg Emb),0.0,0.0
AGOVPJBN2KKVUOX6WGXZAISWGKUA,Last-Item,0.0,0.0
AGOVPJBN2KKVUOX6WGXZAISWGKUA,Avg-Last-10,0.0,0.0
AGOVPJBN2KKVUOX6WGXZAISWGKUA,Recency-Weighted,0.0,0.0
AGOVPJBN2KKVUOX6WGXZAISWGKUA,Essence (K=10),0.0,0.0
AGOWOP4YB2YA6JHS67NHLNPKVUYA,Random,0.0,
AGOWOP4YB2YA6JHS67NHLNPKVUYA,Popularity,0.0,
AGOWOP4YB2YA6JHS67NHLNPKVUYA,CF (ItemKNN),0.0,
AGOWOP4YB2YA6JHS67NHLNPKVUYA,Content (Avg Emb),0.0,
AGOWOP4YB2YA6JHS67NHLNPKVUYA,Last-Item,0.6666666666666666,
AGOWOP4YB2YA6JHS67NHLNPKVUYA,Avg-Last-10,0.0,
AGOWOP4YB2YA6JHS67NHLNPKVUYA,Recency-Weighted,0.6666666666666666,
AGOWOP4YB2YA6JHS67NHLNPKVUYA,Essence (K=10),0.0,
AGOXKBUZOSCEHF555OLNVWLK2MVA,Random,0.0,
AGOXKBUZOSCEHF555OLNVWLK2MVA,Popularity,0.0,
AGOXKBUZOSCEHF555OLNVWLK2MVA,CF (ItemKNN),0.0,
AGOXKBUZOSCEHF555OLNVWLK2MVA,Content (Avg Emb),0.0,
AGOXKBUZOSCEHF555OLNVWLK2MVA,Last-Item,0.0,
AGOXKBUZOSCEHF555OLNVWLK2MVA,Avg-Last-10,0.0,
AGOXKBUZOSCEHF555OLNVWLK2MVA,Recency-Weighted,0.0,
AGOXKBUZOSCEHF555OLNVWLK2MVA,Essence (K=10),0.0,
AGP3SX2H4HUXLNZYEAZBZC4UQGFQ,Random,0.0,
AGP3SX2H4HUXLNZYEAZBZC4UQGFQ,Popularity,0.0,
AGP3SX2H4HUXLNZYEAZBZC4UQGFQ,CF (ItemKNN),0.0,
AGP3SX2H4HUXLNZYEAZBZC4UQGFQ,Content (Avg Emb),0.0,
AGP3SX2H4HUXLNZYEAZBZC4UQGFQ,Last-Item,0.0,
AGP3SX2H4HUXLNZYEAZBZC4UQGFQ,Avg-Last-10,0.0,
AGP3SX2H4HUXLNZYEAZBZC4UQGFQ,Recency-Weighted,0.0,
AGP3SX2H4HUXLNZYEAZBZC4UQGFQ,Essence (K=10),0.0,
AGP4NU2CMGUCKMMYC4SOAWXXJBXQ,Random,0.0,0.0
AGP4NU2CMGUCKMMYC4SOAWXXJBXQ,Popularity,0.0,0.0
AGP4NU2CMGUCKMMYC4SOAWXXJBXQ,CF (ItemKNN),0.0,0.0
AGP4NU2CMGUCKMMYC4SOAWXXJBXQ,Content (Avg Emb),0.0,0.0
AGP4NU2CMGUCKMMYC4SOAWXXJBXQ,Last-Item,0.041666666666666664,0.0
AGP4NU2CMGUCKMMYC4SOAWXXJBXQ,Avg-Last-10,0.0,0.0
AGP4NU2CMGUCKMMYC4SOAWXXJBXQ,Recency-Weighted,0.041666666666666664,0.0
AGP4NU2CMGUCKMMYC4SOAWXXJBXQ,Essence (K=10),0.0,0.0
AGP554IIX2X2LW3CX4H5QTPZCQMQ,Random,0.0,0.0
AGP554IIX2X2LW3CX4H5QTPZCQMQ,Popularity,0.0,0.0
AGP554IIX2X2LW3CX4H5QTPZCQMQ,CF (ItemKNN),0.0,0.0
AGP554IIX2X2LW3CX4H5QTPZCQMQ,Content (Avg Emb),0.0,0.0
AGP554IIX2X2LW3CX4H5QTPZCQMQ,Last-Item,0.5,0.0
AGP554IIX2X2LW3CX4H5QTPZCQMQ,Avg-Last-10,0.0,0.0
AGP554IIX2X2LW3CX4H5QTPZCQMQ,Recency-Weighted,0.0,0.0
AGP554IIX2X2LW3CX4H5QTPZCQMQ,Essence (K=10),0.5,0.0
AGP5NNJRBKBM43ZDSBTDSSUBAODA,Random,0.0,0.0
AGP5NNJRBKBM43ZDSBTDSSUBAODA,Popularity,0.0,0.0
AGP5NNJRBKBM43ZDSBTDSSUBAODA,CF (ItemKNN),0.0,0.0
AGP5NNJRBKBM43ZDSBTDSSUBAODA,Content (Avg Emb),0.0,0.0
AGP5NNJRBKBM43ZDSBTDSSUBAODA,Last-Item,0.07692307692307693,0.0
AGP5NNJRBKBM43ZDSBTDSSUBAODA,Avg-Last-10,0.0,0.0
AGP5NNJRBKBM43ZDSBTDSSUBAODA,Recency-Weighted,0.0,0.0
AGP5NNJRBKBM43ZDSBTDSSUBAODA,Essence (K=10),0.0,0.0
AGP5PLYXD6YQPA3RMXVYWGXQPMWQ,Random,0.0,
AGP5PLYXD6YQPA3RMXVYWGXQPMWQ,Popularity,0.0,
AGP5PLYXD6YQPA3RMXVYWGXQPMWQ,CF (ItemKNN),0.0,
AGP5PLYXD6YQPA3RMXVYWGXQPMWQ,Content (Avg Emb),0.0,
AGP5PLYXD6YQPA3RMXVYWGXQPMWQ,Last-Item,0.0,
AGP5PLYXD6YQPA3RMXVYWGXQPMWQ,Avg-Last-10,0.0,
AGP5PLYXD6YQPA3RMXVYWGXQPMWQ,Recency-Weighted,0.0,
AGP5PLYXD6YQPA3RMXVYWGXQPMWQ,Essence (K=10),0.0,
AGP753TKD22CZUH32NSQIYTXFBZQ,Random,0.0,0.0
AGP753TKD22CZUH32NSQIYTXFBZQ,Popularity,0.0,0.0
AGP753TKD22CZUH32NSQIYTXFBZQ,CF (ItemKNN),0.0,0.0
AGP753TKD22CZUH32NSQIYTXFBZQ,Content (Avg Emb),0.0,0.0
AGP753TKD22CZUH32NSQIYTXFBZQ,Last-Item,0.0,0.0
AGP753TKD22CZUH32NSQIYTXFBZQ,Avg-Last-10,0.0,0.0
AGP753TKD22CZUH32NSQIYTXFBZQ,Recency-Weighted,0.0,0.0
AGP753TKD22CZUH32NSQIYTXFBZQ,Essence (K=10),0.0,0.0
AGP7QZHXPJAU4HDDZFPLLSZRI5WQ,Random,0.0,
AGP7QZHXPJAU4HDDZFPLLSZRI5WQ,Popularity,0.0,
AGP7QZHXPJAU4HDDZFPLLSZRI5WQ,CF (ItemKNN),0.0,
AGP7QZHXPJAU4HDDZFPLLSZRI5WQ,Content (Avg Emb),0.0,
AGP7QZHXPJAU4HDDZFPLLSZRI5WQ,Last-Item,0.16666666666666666,
AGP7QZHXPJAU4HDDZFPLLSZRI5WQ,Avg-Last-10,0.0,
AGP7QZHXPJAU4HDDZFPLLSZRI5WQ,Recency-Weighted,0.0,
AGP7QZHXPJAU4HDDZFPLLSZRI5WQ,Essence (K=10),0.0,
AGPAGVPOQIFCYGUKJKFZ2Q5SJEEQ,Random,0.0,0.0
AGPAGVPOQIFCYGUKJKFZ2Q5SJEEQ,Popularity,0.0,0.0
AGPAGVPOQIFCYGUKJKFZ2Q5SJEEQ,CF (ItemKNN),0.0,0.0
AGPAGVPOQIFCYGUKJKFZ2Q5SJEEQ,Content (Avg Emb),0.3333333333333333,0.0
AGPAGVPOQIFCYGUKJKFZ2Q5SJEEQ,Last-Item,0.1111111111111111,0.0
AGPAGVPOQIFCYGUKJKFZ2Q5SJEEQ,Avg-Last-10,0.3333333333333333,0.0
AGPAGVPOQIFCYGUKJKFZ2Q5SJEEQ,Recency-Weighted,0.3333333333333333,0.0
AGPAGVPOQIFCYGUKJKFZ2Q5SJEEQ,Essence (K=10),0.3333333333333333,0.0
AGPBDBUGFCIGKOMZ4A63YYNUY7RA,Random,0.0,
AGPBDBUGFCIGKOMZ4A63YYNUY7RA,Popularity,0.0,
AGPBDBUGFCIGKOMZ4A63YYNUY7RA,CF (ItemKNN),0.0,
AGPBDBUGFCIGKOMZ4A63YYNUY7RA,Content (Avg Emb),0.0,
AGPBDBUGFCIGKOMZ4A63YYNUY7RA,Last-Item,0.0,
AGPBDBUGFCIGKOMZ4A63YYNUY7RA,Avg-Last-10,0.0,
AGPBDBUGFCIGKOMZ4A63YYNUY7RA,Recency-Weighted,0.0,
AGPBDBUGFCIGKOMZ4A63YYNUY7RA,Essence (K=10),0.0,
AGPDYV4L7W35JOTJOPNFMZMLEBOQ,Random,0.0,0.0
AGPDYV4L7W35JOTJOPNFMZMLEBOQ,Popularity,0.0,0.0
AGPDYV4L7W35JOTJOPNFMZMLEBOQ,CF (ItemKNN),0.0,0.0
AGPDYV4L7W35JOTJOPNFMZMLEBOQ,Content (Avg Emb),0.0,0.0
AGPDYV4L7W35JOTJOPNFMZMLEBOQ,Last-Item,0.0,0.0
AGPDYV4L7W35JOTJOPNFMZMLEBOQ,Avg-Last-10,0.0,0.0
AGPDYV4L7W35JOTJOPNFMZMLEBOQ,Recency-Weighted,0.0,0.0
AGPDYV4L7W35JOTJOPNFMZMLEBOQ,Essence (K=10),0.0,0.0
AGPGCNN7PQ2AS7HWG3PRUWUPBT2Q,Random,0.0,0.0
AGPGCNN7PQ2AS7HWG3PRUWUPBT2Q,Popularity,0.0,0.0
AGPGCNN7PQ2AS7HWG3PRUWUPBT2Q,CF (ItemKNN),0.0,0.0
AGPGCNN7PQ2AS7HWG3PRUWUPBT2Q,Content (Avg Emb),0.0,0.0
AGPGCNN7PQ2AS7HWG3PRUWUPBT2Q,Last-Item,0.0,0.0
AGPGCNN7PQ2AS7HWG3PRUWUPBT2Q,Avg-Last-10,0.0,0.0
AGPGCNN7PQ2AS7HWG3PRUWUPBT2Q,Recency-Weighted,0.0,0.0
AGPGCNN7PQ2AS7HWG3PRUWUPBT2Q,Essence (K=10),0.0,0.0
AGPHM5FPDIWV674OAECB6ER7XAYA,Random,0.0,0.0
AGPHM5FPDIWV674OAECB6ER7XAYA,Popularity,0.0,0.0
AGPHM5FPDIWV674OAECB6ER7XAYA,CF (ItemKNN),0.0,0.0
AGPHM5FPDIWV674OAECB6ER7XAYA,Content (Avg Emb),0.0,0.0
AGPHM5FPDIWV674OAECB6ER7XAYA,Last-Item,0.0,0.0
AGPHM5FPDIWV674OAECB6ER7XAYA,Avg-Last-10,0.0,0.0
AGPHM5FPDIWV674OAECB6ER7XAYA,Recency-Weighted,0.0,0.0
AGPHM5FPDIWV674OAECB6ER7XAYA,Essence (K=10),0.0,0.0
AGPHUNPWUJDWFA57FGIWQ3EQUGCQ,Random,0.0,0.0
AGPHUNPWUJDWFA57FGIWQ3EQUGCQ,Popularity,0.0,0.0
AGPHUNPWUJDWFA57FGIWQ3EQUGCQ,CF (ItemKNN),0.0,0.0
AGPHUNPWUJDWFA57FGIWQ3EQUGCQ,Content (Avg Emb),0.0,0.0
AGPHUNPWUJDWFA57FGIWQ3EQUGCQ,Last-Item,0.0,0.0
AGPHUNPWUJDWFA57FGIWQ3EQUGCQ,Avg-Last-10,0.0,0.0
AGPHUNPWUJDWFA57FGIWQ3EQUGCQ,Recency-Weighted,0.0,0.0
AGPHUNPWUJDWFA57FGIWQ3EQUGCQ,Essence (K=10),0.0,0.0
AGPHXVHS5JXRJPXCDOTHW7NYAC2A,Random,0.0,0.0
AGPHXVHS5JXRJPXCDOTHW7NYAC2A,Popularity,0.0,0.0
AGPHXVHS5JXRJPXCDOTHW7NYAC2A,CF (ItemKNN),0.0,0.0
AGPHXVHS5JXRJPXCDOTHW7NYAC2A,Content (Avg Emb),0.0,0.0
AGPHXVHS5JXRJPXCDOTHW7NYAC2A,Last-Item,0.0,0.0
AGPHXVHS5JXRJPXCDOTHW7NYAC2A,Avg-Last-10,0.0,0.0
AGPHXVHS5JXRJPXCDOTHW7NYAC2A,Recency-Weighted,0.0,0.0
AGPHXVHS5JXRJPXCDOTHW7NYAC2A,Essence (K=10),0.0,0.0
AGPITRNJFR2RNMZJAKIDLL5TDT7A,Random,0.0,
AGPITRNJFR2RNMZJAKIDLL5TDT7A,Popularity,0.16666666666666666,
AGPITRNJFR2RNMZJAKIDLL5TDT7A,CF (ItemKNN),0.0,
AGPITRNJFR2RNMZJAKIDLL5TDT7A,Content (Avg Emb),0.0,
AGPITRNJFR2RNMZJAKIDLL5TDT7A,Last-Item,0.0,
AGPITRNJFR2RNMZJAKIDLL5TDT7A,Avg-Last-10,0.0,
AGPITRNJFR2RNMZJAKIDLL5TDT7A,Recency-Weighted,0.0,
AGPITRNJFR2RNMZJAKIDLL5TDT7A,Essence (K=10),0.0,
AGPIZHOQBEDHF65JFF3A24GUMOWQ,Random,0.0,
AGPIZHOQBEDHF65JFF3A24GUMOWQ,Popularity,0.0,
AGPIZHOQBEDHF65JFF3A24GUMOWQ,CF (ItemKNN),0.0,
AGPIZHOQBEDHF65JFF3A24GUMOWQ,Content (Avg Emb),0.0,
AGPIZHOQBEDHF65JFF3A24GUMOWQ,Last-Item,0.16666666666666666,
AGPIZHOQBEDHF65JFF3A24GUMOWQ,Avg-Last-10,0.16666666666666666,
AGPIZHOQBEDHF65JFF3A24GUMOWQ,Recency-Weighted,0.16666666666666666,
AGPIZHOQBEDHF65JFF3A24GUMOWQ,Essence (K=10),0.0,
AGPJNGIZ7UCNQDJD2JUOVTENMT2Q,Random,0.0,0.0
AGPJNGIZ7UCNQDJD2JUOVTENMT2Q,Popularity,0.0,0.0
AGPJNGIZ7UCNQDJD2JUOVTENMT2Q,CF (ItemKNN),0.0,0.0
AGPJNGIZ7UCNQDJD2JUOVTENMT2Q,Content (Avg Emb),0.16666666666666666,0.0
AGPJNGIZ7UCNQDJD2JUOVTENMT2Q,Last-Item,0.0,0.0
AGPJNGIZ7UCNQDJD2JUOVTENMT2Q,Avg-Last-10,0.0,0.0
AGPJNGIZ7UCNQDJD2JUOVTENMT2Q,Recency-Weighted,0.0,0.0
AGPJNGIZ7UCNQDJD2JUOVTENMT2Q,Essence (K=10),0.0,0.0
AGPLBBCDC2RS7WURGFIEAU6DD2DQ,Random,0.0,
AGPLBBCDC2RS7WURGFIEAU6DD2DQ,Popularity,0.0,
AGPLBBCDC2RS7WURGFIEAU6DD2DQ,CF (ItemKNN),0.0,
AGPLBBCDC2RS7WURGFIEAU6DD2DQ,Content (Avg Emb),0.0,
AGPLBBCDC2RS7WURGFIEAU6DD2DQ,Last-Item,0.0,
AGPLBBCDC2RS7WURGFIEAU6DD2DQ,Avg-Last-10,0.0,
AGPLBBCDC2RS7WURGFIEAU6DD2DQ,Recency-Weighted,0.0,
AGPLBBCDC2RS7WURGFIEAU6DD2DQ,Essence (K=10),0.0,
AGPLI6J5KM5YBZEY34WFIIU765UQ,Random,0.0,
AGPLI6J5KM5YBZEY34WFIIU765UQ,Popularity,0.0,
AGPLI6J5KM5YBZEY34WFIIU765UQ,CF (ItemKNN),0.0,
AGPLI6J5KM5YBZEY34WFIIU765UQ,Content (Avg Emb),0.0,
AGPLI6J5KM5YBZEY34WFIIU765UQ,Last-Item,0.0,
AGPLI6J5KM5YBZEY34WFIIU765UQ,Avg-Last-10,0.0,
AGPLI6J5KM5YBZEY34WFIIU765UQ,Recency-Weighted,0.0,
AGPLI6J5KM5YBZEY34WFIIU765UQ,Essence (K=10),0.0,
AGPMIZUEUPWA7T3WLFNUJUSLD67Q,Random,0.0,0.0
AGPMIZUEUPWA7T3WLFNUJUSLD67Q,Popularity,0.0,0.0
AGPMIZUEUPWA7T3WLFNUJUSLD67Q,CF (ItemKNN),0.0,0.0
AGPMIZUEUPWA7T3WLFNUJUSLD67Q,Content (Avg Emb),0.0,0.0
AGPMIZUEUPWA7T3WLFNUJUSLD67Q,Last-Item,0.0,0.0
AGPMIZUEUPWA7T3WLFNUJUSLD67Q,Avg-Last-10,0.0,0.0
AGPMIZUEUPWA7T3WLFNUJUSLD67Q,Recency-Weighted,0.0,0.0
AGPMIZUEUPWA7T3WLFNUJUSLD67Q,Essence (K=10),0.0,0.0
AGPNJENPPQCMWIPFUWBOMYCVT7RA,Random,0.0,0.0
AGPNJENPPQCMWIPFUWBOMYCVT7RA,Popularity,0.0,0.0
AGPNJENPPQCMWIPFUWBOMYCVT7RA,CF (ItemKNN),0.0,0.0
AGPNJENPPQCMWIPFUWBOMYCVT7RA,Content (Avg Emb),0.0,0.0
AGPNJENPPQCMWIPFUWBOMYCVT7RA,Last-Item,0.0,0.0
AGPNJENPPQCMWIPFUWBOMYCVT7RA,Avg-Last-10,0.0,0.0
AGPNJENPPQCMWIPFUWBOMYCVT7RA,Recency-Weighted,0.0,0.0
AGPNJENPPQCMWIPFUWBOMYCVT7RA,Essence (K=10),0.0,0.0
AGPU4WRAKAHORM2M5P2UPHXCOXZQ,Random,0.0,0.0
AGPU4WRAKAHORM2M5P2UPHXCOXZQ,Popularity,0.0,0.0
AGPU4WRAKAHORM2M5P2UPHXCOXZQ,CF (ItemKNN),0.0,0.0
AGPU4WRAKAHORM2M5P2UPHXCOXZQ,Content (Avg Emb),0.2,0.0
AGPU4WRAKAHORM2M5P2UPHXCOXZQ,Last-Item,0.2,0.0
AGPU4WRAKAHORM2M5P2UPHXCOXZQ,Avg-Last-10,0.2,0.0
AGPU4WRAKAHORM2M5P2UPHXCOXZQ,Recency-Weighted,0.2,0.0
AGPU4WRAKAHORM2M5P2UPHXCOXZQ,Essence (K=10),0.2,0.0
AGPUU27CLZWS7SJMGMOFZ3A3ZKEQ,Random,0.0,0.0
AGPUU27CLZWS7SJMGMOFZ3A3ZKEQ,Popularity,0.0,0.0
AGPUU27CLZWS7SJMGMOFZ3A3ZKEQ,CF (ItemKNN),0.0,0.0
AGPUU27CLZWS7SJMGMOFZ3A3ZKEQ,Content (Avg Emb),0.0,0.0
AGPUU27CLZWS7SJMGMOFZ3A3ZKEQ,Last-Item,0.0,0.0
AGPUU27CLZWS7SJMGMOFZ3A3ZKEQ,Avg-Last-10,0.0,0.0
AGPUU27CLZWS7SJMGMOFZ3A3ZKEQ,Recency-Weighted,0.0,0.0
AGPUU27CLZWS7SJMGMOFZ3A3ZKEQ,Essence (K=10),0.0,0.0
AGQ32ADUHW5FKRQ2FZYRT27QP5QA,Random,0.0,
AGQ32ADUHW5FKRQ2FZYRT27QP5QA,Popularity,0.0,
AGQ32ADUHW5FKRQ2FZYRT27QP5QA,CF (ItemKNN),0.0,
AGQ32ADUHW5FKRQ2FZYRT27QP5QA,Content (Avg Emb),0.0,
AGQ32ADUHW5FKRQ2FZYRT27QP5QA,Last-Item,0.0,
AGQ32ADUHW5FKRQ2FZYRT27QP5QA,Avg-Last-10,0.0,
AGQ32ADUHW5FKRQ2FZYRT27QP5QA,Recency-Weighted,0.0,
AGQ32ADUHW5FKRQ2FZYRT27QP5QA,Essence (K=10),0.0,
AGQAMOVIAES4OMEE2XJLUOCU3UMQ,Random,0.0,0.0
AGQAMOVIAES4OMEE2XJLUOCU3UMQ,Popularity,0.0,0.0
AGQAMOVIAES4OMEE2XJLUOCU3UMQ,CF (ItemKNN),0.0,0.0
AGQAMOVIAES4OMEE2XJLUOCU3UMQ,Content (Avg Emb),0.0,0.0
AGQAMOVIAES4OMEE2XJLUOCU3UMQ,Last-Item,0.06666666666666667,0.0
AGQAMOVIAES4OMEE2XJLUOCU3UMQ,Avg-Last-10,0.06666666666666667,0.0
AGQAMOVIAES4OMEE2XJLUOCU3UMQ,Recency-Weighted,0.06666666666666667,0.0
AGQAMOVIAES4OMEE2XJLUOCU3UMQ,Essence (K=10),0.0,0.0
AGQBIJX2ASZLJUZDQQIIP4WECLDA,Random,0.0,0.0
AGQBIJX2ASZLJUZDQQIIP4WECLDA,Popularity,0.0,0.0
AGQBIJX2ASZLJUZDQQIIP4WECLDA,CF (ItemKNN),0.0,0.0
AGQBIJX2ASZLJUZDQQIIP4WECLDA,Content (Avg Emb),0.0,0.0
AGQBIJX2ASZLJUZDQQIIP4WECLDA,Last-Item,0.0,0.0
AGQBIJX2ASZLJUZDQQIIP4WECLDA,Avg-Last-10,0.0,0.0
AGQBIJX2ASZLJUZDQQIIP4WECLDA,Recency-Weighted,0.0,0.0
AGQBIJX2ASZLJUZDQQIIP4WECLDA,Essence (K=10),0.0,0.0
AGQDQCVPEXZYB4ND4NY2CPX5DLPQ,Random,0.0,0.0
AGQDQCVPEXZYB4ND4NY2CPX5DLPQ,Popularity,0.0,0.0
AGQDQCVPEXZYB4ND4NY2CPX5DLPQ,CF (ItemKNN),0.0,0.0
AGQDQCVPEXZYB4ND4NY2CPX5DLPQ,Content (Avg Emb),0.0,0.0
AGQDQCVPEXZYB4ND4NY2CPX5DLPQ,Last-Item,0.0,0.0
AGQDQCVPEXZYB4ND4NY2CPX5DLPQ,Avg-Last-10,0.0,0.0
AGQDQCVPEXZYB4ND4NY2CPX5DLPQ,Recency-Weighted,0.0,0.0
AGQDQCVPEXZYB4ND4NY2CPX5DLPQ,Essence (K=10),0.0,0.0
AGQEXIDNSBVIJ57AMAHLB2Q3KBGA,Random,0.0,0.0
AGQEXIDNSBVIJ57AMAHLB2Q3KBGA,Popularity,0.0,0.0
AGQEXIDNSBVIJ57AMAHLB2Q3KBGA,CF (ItemKNN),0.0,0.0
AGQEXIDNSBVIJ57AMAHLB2Q3KBGA,Content (Avg Emb),0.0,0.0
AGQEXIDNSBVIJ57AMAHLB2Q3KBGA,Last-Item,0.0,0.0
AGQEXIDNSBVIJ57AMAHLB2Q3KBGA,Avg-Last-10,0.0,0.0
AGQEXIDNSBVIJ57AMAHLB2Q3KBGA,Recency-Weighted,0.0,0.0
AGQEXIDNSBVIJ57AMAHLB2Q3KBGA,Essence (K=10),0.0,0.0
AGQFOV2AKAU3YI7DYXFSMJ5IG5IQ,Random,0.0,0.0
AGQFOV2AKAU3YI7DYXFSMJ5IG5IQ,Popularity,0.0,0.0
AGQFOV2AKAU3YI7DYXFSMJ5IG5IQ,CF (ItemKNN),0.0,0.0
AGQFOV2AKAU3YI7DYXFSMJ5IG5IQ,Content (Avg Emb),0.0,0.0
AGQFOV2AKAU3YI7DYXFSMJ5IG5IQ,Last-Item,0.0,0.0
AGQFOV2AKAU3YI7DYXFSMJ5IG5IQ,Avg-Last-10,0.0,0.0
AGQFOV2AKAU3YI7DYXFSMJ5IG5IQ,Recency-Weighted,0.0,0.0
AGQFOV2AKAU3YI7DYXFSMJ5IG5IQ,Essence (K=10),0.0,0.0
AGQH6S27IKGR3QURKFZHW3MDQ3ZQ,Random,0.0,0.0
AGQH6S27IKGR3QURKFZHW3MDQ3ZQ,Popularity,0.0,0.0
AGQH6S27IKGR3QURKFZHW3MDQ3ZQ,CF (ItemKNN),0.0,0.0
AGQH6S27IKGR3QURKFZHW3MDQ3ZQ,Content (Avg Emb),0.0,0.0
AGQH6S27IKGR3QURKFZHW3MDQ3ZQ,Last-Item,0.0,0.0
AGQH6S27IKGR3QURKFZHW3MDQ3ZQ,Avg-Last-10,0.0,0.0
AGQH6S27IKGR3QURKFZHW3MDQ3ZQ,Recency-Weighted,0.0,0.0
AGQH6S27IKGR3QURKFZHW3MDQ3ZQ,Essence (K=10),0.0,0.0
AGQHQKQCGH4PKEYQNXMLW5E3LHCQ,Random,0.0,
AGQHQKQCGH4PKEYQNXMLW5E3LHCQ,Popularity,0.0,
AGQHQKQCGH4PKEYQNXMLW5E3LHCQ,CF (ItemKNN),0.0,
AGQHQKQCGH4PKEYQNXMLW5E3LHCQ,Content (Avg Emb),0.0,
AGQHQKQCGH4PKEYQNXMLW5E3LHCQ,Last-Item,0.0,
AGQHQKQCGH4PKEYQNXMLW5E3LHCQ,Avg-Last-10,0.0,
AGQHQKQCGH4PKEYQNXMLW5E3LHCQ,Recency-Weighted,0.0,
AGQHQKQCGH4PKEYQNXMLW5E3LHCQ,Essence (K=10),0.0,
AGQIOPVOBEHS2ELZRGBORDPMCVJA,Random,0.0,0.0
AGQIOPVOBEHS2ELZRGBORDPMCVJA,Popularity,0.0,0.0
AGQIOPVOBEHS2ELZRGBORDPMCVJA,CF (ItemKNN),0.0,0.0
AGQIOPVOBEHS2ELZRGBORDPMCVJA,Content (Avg Emb),0.0,0.0
AGQIOPVOBEHS2ELZRGBORDPMCVJA,Last-Item,0.0,0.0
AGQIOPVOBEHS2ELZRGBORDPMCVJA,Avg-Last-10,0.0,0.0
AGQIOPVOBEHS2ELZRGBORDPMCVJA,Recency-Weighted,0.0,0.0
AGQIOPVOBEHS2ELZRGBORDPMCVJA,Essence (K=10),0.0,0.0
AGQJ76ICAE6K6PFVQFPTIYCKFSEA,Random,0.0,0.0
AGQJ76ICAE6K6PFVQFPTIYCKFSEA,Popularity,0.0,0.0
AGQJ76ICAE6K6PFVQFPTIYCKFSEA,CF (ItemKNN),0.0,0.0
AGQJ76ICAE6K6PFVQFPTIYCKFSEA,Content (Avg Emb),0.0,0.0
AGQJ76ICAE6K6PFVQFPTIYCKFSEA,Last-Item,0.0,0.0
AGQJ76ICAE6K6PFVQFPTIYCKFSEA,Avg-Last-10,0.0,0.0
AGQJ76ICAE6K6PFVQFPTIYCKFSEA,Recency-Weighted,0.0,0.0
AGQJ76ICAE6K6PFVQFPTIYCKFSEA,Essence (K=10),0.06666666666666667,0.0
AGQJA3R27F77XXSQGDR3MI4B3NHQ,Random,0.0,
AGQJA3R27F77XXSQGDR3MI4B3NHQ,Popularity,0.0,
AGQJA3R27F77XXSQGDR3MI4B3NHQ,CF (ItemKNN),0.0,
AGQJA3R27F77XXSQGDR3MI4B3NHQ,Content (Avg Emb),0.0,
AGQJA3R27F77XXSQGDR3MI4B3NHQ,Last-Item,0.2,
AGQJA3R27F77XXSQGDR3MI4B3NHQ,Avg-Last-10,0.0,
AGQJA3R27F77XXSQGDR3MI4B3NHQ,Recency-Weighted,0.0,
AGQJA3R27F77XXSQGDR3MI4B3NHQ,Essence (K=10),0.0,
AGQLZV5SAES3JYWBIPPOCDFLXBBA,Random,0.0,0.0
AGQLZV5SAES3JYWBIPPOCDFLXBBA,Popularity,0.0,0.0
AGQLZV5SAES3JYWBIPPOCDFLXBBA,CF (ItemKNN),0.0,0.0
AGQLZV5SAES3JYWBIPPOCDFLXBBA,Content (Avg Emb),0.0,0.0
AGQLZV5SAES3JYWBIPPOCDFLXBBA,Last-Item,0.0,0.0
AGQLZV5SAES3JYWBIPPOCDFLXBBA,Avg-Last-10,0.0,0.0
AGQLZV5SAES3JYWBIPPOCDFLXBBA,Recency-Weighted,0.0,0.0
AGQLZV5SAES3JYWBIPPOCDFLXBBA,Essence (K=10),0.0,0.0
AGQNDCL6W7HA5MNTEN7SNJS2KXIQ,Random,0.0,0.0
AGQNDCL6W7HA5MNTEN7SNJS2KXIQ,Popularity,0.0,0.0
AGQNDCL6W7HA5MNTEN7SNJS2KXIQ,CF (ItemKNN),0.0,0.0
AGQNDCL6W7HA5MNTEN7SNJS2KXIQ,Content (Avg Emb),0.0,0.0
AGQNDCL6W7HA5MNTEN7SNJS2KXIQ,Last-Item,0.6,0.3333333333333333
AGQNDCL6W7HA5MNTEN7SNJS2KXIQ,Avg-Last-10,0.0,0.0
AGQNDCL6W7HA5MNTEN7SNJS2KXIQ,Recency-Weighted,0.4,0.3333333333333333
AGQNDCL6W7HA5MNTEN7SNJS2KXIQ,Essence (K=10),0.2,0.0
AGQV7MTFMU6AXZHQFLJ5VIAEMPFQ,Random,0.0,
AGQV7MTFMU6AXZHQFLJ5VIAEMPFQ,Popularity,0.0,
AGQV7MTFMU6AXZHQFLJ5VIAEMPFQ,CF (ItemKNN),0.0,
AGQV7MTFMU6AXZHQFLJ5VIAEMPFQ,Content (Avg Emb),0.0,
AGQV7MTFMU6AXZHQFLJ5VIAEMPFQ,Last-Item,0.0,
AGQV7MTFMU6AXZHQFLJ5VIAEMPFQ,Avg-Last-10,0.0,
AGQV7MTFMU6AXZHQFLJ5VIAEMPFQ,Recency-Weighted,0.0,
AGQV7MTFMU6AXZHQFLJ5VIAEMPFQ,Essence (K=10),0.0,
AGQZUBABJPDWFTJLXNKRNCN7QALQ,Random,0.0,0.0
AGQZUBABJPDWFTJLXNKRNCN7QALQ,Popularity,0.0,0.0
AGQZUBABJPDWFTJLXNKRNCN7QALQ,CF (ItemKNN),0.0,0.0
AGQZUBABJPDWFTJLXNKRNCN7QALQ,Content (Avg Emb),0.0,0.0
AGQZUBABJPDWFTJLXNKRNCN7QALQ,Last-Item,0.0,0.0
AGQZUBABJPDWFTJLXNKRNCN7QALQ,Avg-Last-10,0.0,0.0
AGQZUBABJPDWFTJLXNKRNCN7QALQ,Recency-Weighted,0.0,0.0
AGQZUBABJPDWFTJLXNKRNCN7QALQ,Essence (K=10),0.0,0.0
AGR33FHZMZHL5SGSGGCDWR6S2ATA,Random,0.0,0.0
AGR33FHZMZHL5SGSGGCDWR6S2ATA,Popularity,0.0,0.0
AGR33FHZMZHL5SGSGGCDWR6S2ATA,CF (ItemKNN),0.0,0.0
AGR33FHZMZHL5SGSGGCDWR6S2ATA,Content (Avg Emb),0.0,0.0
AGR33FHZMZHL5SGSGGCDWR6S2ATA,Last-Item,0.0,0.0
AGR33FHZMZHL5SGSGGCDWR6S2ATA,Avg-Last-10,0.0,0.0
AGR33FHZMZHL5SGSGGCDWR6S2ATA,Recency-Weighted,0.0,0.0
AGR33FHZMZHL5SGSGGCDWR6S2ATA,Essence (K=10),0.10526315789473684,0.3333333333333333
AGR46RLHCHFI4GAWMCCLFK7NN6MQ,Random,0.0,0.0
AGR46RLHCHFI4GAWMCCLFK7NN6MQ,Popularity,0.0,0.0
AGR46RLHCHFI4GAWMCCLFK7NN6MQ,CF (ItemKNN),0.0,0.0
AGR46RLHCHFI4GAWMCCLFK7NN6MQ,Content (Avg Emb),0.0,0.0
AGR46RLHCHFI4GAWMCCLFK7NN6MQ,Last-Item,0.0,0.0
AGR46RLHCHFI4GAWMCCLFK7NN6MQ,Avg-Last-10,0.0,0.0
AGR46RLHCHFI4GAWMCCLFK7NN6MQ,Recency-Weighted,0.0,0.0
AGR46RLHCHFI4GAWMCCLFK7NN6MQ,Essence (K=10),0.25,0.0
AGRA5KWKWBGPHDJMXRUER6MZFYLA,Random,0.0,0.0
AGRA5KWKWBGPHDJMXRUER6MZFYLA,Popularity,0.0,0.0
AGRA5KWKWBGPHDJMXRUER6MZFYLA,CF (ItemKNN),0.0,0.0
AGRA5KWKWBGPHDJMXRUER6MZFYLA,Content (Avg Emb),0.0,0.0
AGRA5KWKWBGPHDJMXRUER6MZFYLA,Last-Item,0.0,0.0
AGRA5KWKWBGPHDJMXRUER6MZFYLA,Avg-Last-10,0.0,0.0
AGRA5KWKWBGPHDJMXRUER6MZFYLA,Recency-Weighted,0.0,0.0
AGRA5KWKWBGPHDJMXRUER6MZFYLA,Essence (K=10),0.0,0.0
AGRASPJXAZ5I72BQN22XJHAI6H4Q,Random,0.0,0.0
AGRASPJXAZ5I72BQN22XJHAI6H4Q,Popularity,0.0,0.0
AGRASPJXAZ5I72BQN22XJHAI6H4Q,CF (ItemKNN),0.0,0.0
AGRASPJXAZ5I72BQN22XJHAI6H4Q,Content (Avg Emb),0.0,0.0
AGRASPJXAZ5I72BQN22XJHAI6H4Q,Last-Item,0.0,0.0
AGRASPJXAZ5I72BQN22XJHAI6H4Q,Avg-Last-10,0.0,0.0
AGRASPJXAZ5I72BQN22XJHAI6H4Q,Recency-Weighted,0.0,0.0
AGRASPJXAZ5I72BQN22XJHAI6H4Q,Essence (K=10),0.0,0.0
AGRB27K6N2BMKYOY7EV4M3SWNEMA,Random,0.0,0.0
AGRB27K6N2BMKYOY7EV4M3SWNEMA,Popularity,0.0,0.0
AGRB27K6N2BMKYOY7EV4M3SWNEMA,CF (ItemKNN),0.0,0.0
AGRB27K6N2BMKYOY7EV4M3SWNEMA,Content (Avg Emb),0.0,0.0
AGRB27K6N2BMKYOY7EV4M3SWNEMA,Last-Item,0.0,0.0
AGRB27K6N2BMKYOY7EV4M3SWNEMA,Avg-Last-10,0.0,0.0
AGRB27K6N2BMKYOY7EV4M3SWNEMA,Recency-Weighted,0.0,0.0
AGRB27K6N2BMKYOY7EV4M3SWNEMA,Essence (K=10),0.0,0.0
AGRCWVM5Z75UMVPALC4R66J7IWRQ,Random,0.0,0.0
AGRCWVM5Z75UMVPALC4R66J7IWRQ,Popularity,0.0,0.0
AGRCWVM5Z75UMVPALC4R66J7IWRQ,CF (ItemKNN),0.0,0.0
AGRCWVM5Z75UMVPALC4R66J7IWRQ,Content (Avg Emb),0.08333333333333333,0.3333333333333333
AGRCWVM5Z75UMVPALC4R66J7IWRQ,Last-Item,0.16666666666666666,0.0
AGRCWVM5Z75UMVPALC4R66J7IWRQ,Avg-Last-10,0.08333333333333333,0.3333333333333333
AGRCWVM5Z75UMVPALC4R66J7IWRQ,Recency-Weighted,0.08333333333333333,0.3333333333333333
AGRCWVM5Z75UMVPALC4R66J7IWRQ,Essence (K=10),0.08333333333333333,0.3333333333333333
AGRDE3JY3YB4AJD7ZWNAE65JWACQ,Random,0.0,0.0
AGRDE3JY3YB4AJD7ZWNAE65JWACQ,Popularity,0.0,0.0
AGRDE3JY3YB4AJD7ZWNAE65JWACQ,CF (ItemKNN),0.0,0.0
AGRDE3JY3YB4AJD7ZWNAE65JWACQ,Content (Avg Emb),0.0,0.0
AGRDE3JY3YB4AJD7ZWNAE65JWACQ,Last-Item,0.0,0.0
AGRDE3JY3YB4AJD7ZWNAE65JWACQ,Avg-Last-10,0.05555555555555555,0.0
AGRDE3JY3YB4AJD7ZWNAE65JWACQ,Recency-Weighted,0.05555555555555555,0.0
AGRDE3JY3YB4AJD7ZWNAE65JWACQ,Essence (K=10),0.16666666666666666,0.0
AGREG7EHYDG42GR5SDXPBRPA7R3Q,Random,0.0,0.0
AGREG7EHYDG42GR5SDXPBRPA7R3Q,Popularity,0.0,0.0
AGREG7EHYDG42GR5SDXPBRPA7R3Q,CF (ItemKNN),0.0,0.0
AGREG7EHYDG42GR5SDXPBRPA7R3Q,Content (Avg Emb),0.0,0.0
AGREG7EHYDG42GR5SDXPBRPA7R3Q,Last-Item,0.0,0.0
AGREG7EHYDG42GR5SDXPBRPA7R3Q,Avg-Last-10,0.0,0.0
AGREG7EHYDG42GR5SDXPBRPA7R3Q,Recency-Weighted,0.0,0.0
AGREG7EHYDG42GR5SDXPBRPA7R3Q,Essence (K=10),0.0,0.0
AGRINEKGJRXBVYAKZ5KBRZD26KTA,Random,0.0,0.0
AGRINEKGJRXBVYAKZ5KBRZD26KTA,Popularity,0.0,0.0
AGRINEKGJRXBVYAKZ5KBRZD26KTA,CF (ItemKNN),0.0,0.0
AGRINEKGJRXBVYAKZ5KBRZD26KTA,Content (Avg Emb),0.0,0.0
AGRINEKGJRXBVYAKZ5KBRZD26KTA,Last-Item,0.0,0.0
AGRINEKGJRXBVYAKZ5KBRZD26KTA,Avg-Last-10,0.0,0.0
AGRINEKGJRXBVYAKZ5KBRZD26KTA,Recency-Weighted,0.0,0.0
AGRINEKGJRXBVYAKZ5KBRZD26KTA,Essence (K=10),0.0,0.0
AGRKGDHARIS4THJPESLN3WJG5USA,Random,0.0,0.0
AGRKGDHARIS4THJPESLN3WJG5USA,Popularity,0.0,0.0
AGRKGDHARIS4THJPESLN3WJG5USA,CF (ItemKNN),0.0,0.0
AGRKGDHARIS4THJPESLN3WJG5USA,Content (Avg Emb),0.0,0.0
AGRKGDHARIS4THJPESLN3WJG5USA,Last-Item,0.0,0.0
AGRKGDHARIS4THJPESLN3WJG5USA,Avg-Last-10,0.0,0.0
AGRKGDHARIS4THJPESLN3WJG5USA,Recency-Weighted,0.0,0.0
AGRKGDHARIS4THJPESLN3WJG5USA,Essence (K=10),0.0,0.0
AGRNNR2YCSR3WE25IOQSIYOO4VWA,Random,0.0,0.0
AGRNNR2YCSR3WE25IOQSIYOO4VWA,Popularity,0.0,0.0
AGRNNR2YCSR3WE25IOQSIYOO4VWA,CF (ItemKNN),0.0,0.0
AGRNNR2YCSR3WE25IOQSIYOO4VWA,Content (Avg Emb),0.0,0.0
AGRNNR2YCSR3WE25IOQSIYOO4VWA,Last-Item,0.0,0.0
AGRNNR2YCSR3WE25IOQSIYOO4VWA,Avg-Last-10,0.0,0.0
AGRNNR2YCSR3WE25IOQSIYOO4VWA,Recency-Weighted,0.0,0.0
AGRNNR2YCSR3WE25IOQSIYOO4VWA,Essence (K=10),0.0,0.0
AGROF5VBQPSR4WZT2TPXSNIZ6YGA,Random,0.0,
AGROF5VBQPSR4WZT2TPXSNIZ6YGA,Popularity,0.0,
AGROF5VBQPSR4WZT2TPXSNIZ6YGA,CF (ItemKNN),0.0,
AGROF5VBQPSR4WZT2TPXSNIZ6YGA,Content (Avg Emb),0.0,
AGROF5VBQPSR4WZT2TPXSNIZ6YGA,Last-Item,0.0,
AGROF5VBQPSR4WZT2TPXSNIZ6YGA,Avg-Last-10,0.0,
AGROF5VBQPSR4WZT2TPXSNIZ6YGA,Recency-Weighted,0.0,
AGROF5VBQPSR4WZT2TPXSNIZ6YGA,Essence (K=10),0.0,
AGRY6EUS242KUNUDL24AZRZXN5LA,Random,0.0,0.0
AGRY6EUS242KUNUDL24AZRZXN5LA,Popularity,0.0,0.0
AGRY6EUS242KUNUDL24AZRZXN5LA,CF (ItemKNN),0.0,0.0
AGRY6EUS242KUNUDL24AZRZXN5LA,Content (Avg Emb),0.0,0.0
AGRY6EUS242KUNUDL24AZRZXN5LA,Last-Item,0.0,0.0
AGRY6EUS242KUNUDL24AZRZXN5LA,Avg-Last-10,0.0,0.0
AGRY6EUS242KUNUDL24AZRZXN5LA,Recency-Weighted,0.0,0.0
AGRY6EUS242KUNUDL24AZRZXN5LA,Essence (K=10),0.0,0.0
AGS2QOVA7C7DUGZ3J6UCNQOYPUCA,Random,0.0,0.0
AGS2QOVA7C7DUGZ3J6UCNQOYPUCA,Popularity,0.0,0.0
AGS2QOVA7C7DUGZ3J6UCNQOYPUCA,CF (ItemKNN),0.0,0.0
AGS2QOVA7C7DUGZ3J6UCNQOYPUCA,Content (Avg Emb),0.0,0.0
AGS2QOVA7C7DUGZ3J6UCNQOYPUCA,Last-Item,0.0,0.0
AGS2QOVA7C7DUGZ3J6UCNQOYPUCA,Avg-Last-10,0.0,0.0
AGS2QOVA7C7DUGZ3J6UCNQOYPUCA,Recency-Weighted,0.0,0.0
AGS2QOVA7C7DUGZ3J6UCNQOYPUCA,Essence (K=10),0.0,0.0
AGSAGCNBVSXQUWIHLIOLVLK7ZIGA,Random,0.0,0.0
AGSAGCNBVSXQUWIHLIOLVLK7ZIGA,Popularity,0.0,0.0
AGSAGCNBVSXQUWIHLIOLVLK7ZIGA,CF (ItemKNN),0.0,0.0
AGSAGCNBVSXQUWIHLIOLVLK7ZIGA,Content (Avg Emb),0.0,0.0
AGSAGCNBVSXQUWIHLIOLVLK7ZIGA,Last-Item,0.0,0.0
AGSAGCNBVSXQUWIHLIOLVLK7ZIGA,Avg-Last-10,0.0,0.0
AGSAGCNBVSXQUWIHLIOLVLK7ZIGA,Recency-Weighted,0.0,0.0
AGSAGCNBVSXQUWIHLIOLVLK7ZIGA,Essence (K=10),0.0,0.0
AGSARFMCQULFFGXBVCHAXQERG4EQ,Random,0.0,0.0
AGSARFMCQULFFGXBVCHAXQERG4EQ,Popularity,0.0,0.0
AGSARFMCQULFFGXBVCHAXQERG4EQ,CF (ItemKNN),0.0,0.0
AGSARFMCQULFFGXBVCHAXQERG4EQ,Content (Avg Emb),0.0,0.0
AGSARFMCQULFFGXBVCHAXQERG4EQ,Last-Item,0.0,0.0
AGSARFMCQULFFGXBVCHAXQERG4EQ,Avg-Last-10,0.0,0.0
AGSARFMCQULFFGXBVCHAXQERG4EQ,Recency-Weighted,0.0,0.0
AGSARFMCQULFFGXBVCHAXQERG4EQ,Essence (K=10),0.0,0.0
AGSBDQO5BBS4NBFFLWH6XPBRE5IA,Random,0.0,
AGSBDQO5BBS4NBFFLWH6XPBRE5IA,Popularity,0.0,
AGSBDQO5BBS4NBFFLWH6XPBRE5IA,CF (ItemKNN),0.0,
AGSBDQO5BBS4NBFFLWH6XPBRE5IA,Content (Avg Emb),0.0,
AGSBDQO5BBS4NBFFLWH6XPBRE5IA,Last-Item,0.0,
AGSBDQO5BBS4NBFFLWH6XPBRE5IA,Avg-Last-10,0.0,
AGSBDQO5BBS4NBFFLWH6XPBRE5IA,Recency-Weighted,0.0,
AGSBDQO5BBS4NBFFLWH6XPBRE5IA,Essence (K=10),0.0,
AGSG4LWZFXFCHPRIV3JUAA6PK66A,Random,0.0,
AGSG4LWZFXFCHPRIV3JUAA6PK66A,Popularity,0.0,
AGSG4LWZFXFCHPRIV3JUAA6PK66A,CF (ItemKNN),0.0,
AGSG4LWZFXFCHPRIV3JUAA6PK66A,Content (Avg Emb),0.0,
AGSG4LWZFXFCHPRIV3JUAA6PK66A,Last-Item,0.0,
AGSG4LWZFXFCHPRIV3JUAA6PK66A,Avg-Last-10,0.0,
AGSG4LWZFXFCHPRIV3JUAA6PK66A,Recency-Weighted,0.0,
AGSG4LWZFXFCHPRIV3JUAA6PK66A,Essence (K=10),0.0,
AGSHNS72EVBRLLNBCLG7P3X5LJOA,Random,0.0,
AGSHNS72EVBRLLNBCLG7P3X5LJOA,Popularity,0.0,
AGSHNS72EVBRLLNBCLG7P3X5LJOA,CF (ItemKNN),0.0,
AGSHNS72EVBRLLNBCLG7P3X5LJOA,Content (Avg Emb),0.0,
AGSHNS72EVBRLLNBCLG7P3X5LJOA,Last-Item,0.0,
AGSHNS72EVBRLLNBCLG7P3X5LJOA,Avg-Last-10,0.0,
AGSHNS72EVBRLLNBCLG7P3X5LJOA,Recency-Weighted,0.0,
AGSHNS72EVBRLLNBCLG7P3X5LJOA,Essence (K=10),0.0,
AGSNHUOIG2HBR6TAGEX5NMFUNHFA,Random,0.0,
AGSNHUOIG2HBR6TAGEX5NMFUNHFA,Popularity,0.0,
AGSNHUOIG2HBR6TAGEX5NMFUNHFA,CF (ItemKNN),0.0,
AGSNHUOIG2HBR6TAGEX5NMFUNHFA,Content (Avg Emb),0.0,
AGSNHUOIG2HBR6TAGEX5NMFUNHFA,Last-Item,0.0,
AGSNHUOIG2HBR6TAGEX5NMFUNHFA,Avg-Last-10,0.0,
AGSNHUOIG2HBR6TAGEX5NMFUNHFA,Recency-Weighted,0.0,
AGSNHUOIG2HBR6TAGEX5NMFUNHFA,Essence (K=10),0.0,
AGSNP2HHLHS5WNOS3WMGXUE4MWPQ,Random,0.0,
AGSNP2HHLHS5WNOS3WMGXUE4MWPQ,Popularity,0.0,
AGSNP2HHLHS5WNOS3WMGXUE4MWPQ,CF (ItemKNN),0.0,
AGSNP2HHLHS5WNOS3WMGXUE4MWPQ,Content (Avg Emb),0.0,
AGSNP2HHLHS5WNOS3WMGXUE4MWPQ,Last-Item,0.0,
AGSNP2HHLHS5WNOS3WMGXUE4MWPQ,Avg-Last-10,0.0,
AGSNP2HHLHS5WNOS3WMGXUE4MWPQ,Recency-Weighted,0.0,
AGSNP2HHLHS5WNOS3WMGXUE4MWPQ,Essence (K=10),0.0,
AGSO2HQDEAJGFC5M72QYVBBKRLOQ,Random,0.0,0.0
AGSO2HQDEAJGFC5M72QYVBBKRLOQ,Popularity,0.0,0.0
AGSO2HQDEAJGFC5M72QYVBBKRLOQ,CF (ItemKNN),0.0,0.0
AGSO2HQDEAJGFC5M72QYVBBKRLOQ,Content (Avg Emb),0.0,0.0
AGSO2HQDEAJGFC5M72QYVBBKRLOQ,Last-Item,0.0,0.0
AGSO2HQDEAJGFC5M72QYVBBKRLOQ,Avg-Last-10,0.0,0.0
AGSO2HQDEAJGFC5M72QYVBBKRLOQ,Recency-Weighted,0.0,0.0
AGSO2HQDEAJGFC5M72QYVBBKRLOQ,Essence (K=10),0.0,0.0
AGSONHMLWR6C3Z3XELQ6S47CDQLA,Random,0.0,0.0
AGSONHMLWR6C3Z3XELQ6S47CDQLA,Popularity,0.0,0.0
AGSONHMLWR6C3Z3XELQ6S47CDQLA,CF (ItemKNN),0.0,0.0
AGSONHMLWR6C3Z3XELQ6S47CDQLA,Content (Avg Emb),0.0,0.0
AGSONHMLWR6C3Z3XELQ6S47CDQLA,Last-Item,0.0,0.0
AGSONHMLWR6C3Z3XELQ6S47CDQLA,Avg-Last-10,0.0,0.0
AGSONHMLWR6C3Z3XELQ6S47CDQLA,Recency-Weighted,0.0,0.0
AGSONHMLWR6C3Z3XELQ6S47CDQLA,Essence (K=10),0.0,0.0
AGSQJG2SJJ7LH5FS2JLNURTWITEA,Random,0.0,0.0
AGSQJG2SJJ7LH5FS2JLNURTWITEA,Popularity,0.0,0.0
AGSQJG2SJJ7LH5FS2JLNURTWITEA,CF (ItemKNN),0.0,0.0
AGSQJG2SJJ7LH5FS2JLNURTWITEA,Content (Avg Emb),0.0,0.0
AGSQJG2SJJ7LH5FS2JLNURTWITEA,Last-Item,0.0,0.0
AGSQJG2SJJ7LH5FS2JLNURTWITEA,Avg-Last-10,0.0,0.0
AGSQJG2SJJ7LH5FS2JLNURTWITEA,Recency-Weighted,0.0,0.0
AGSQJG2SJJ7LH5FS2JLNURTWITEA,Essence (K=10),0.0,0.0
AGSQUDWFK6N6VHE4VZATF6SYNKYQ,Random,0.0,0.0
AGSQUDWFK6N6VHE4VZATF6SYNKYQ,Popularity,0.0,0.0
AGSQUDWFK6N6VHE4VZATF6SYNKYQ,CF (ItemKNN),0.0,0.0
AGSQUDWFK6N6VHE4VZATF6SYNKYQ,Content (Avg Emb),0.0,0.0
AGSQUDWFK6N6VHE4VZATF6SYNKYQ,Last-Item,0.0,0.0
AGSQUDWFK6N6VHE4VZATF6SYNKYQ,Avg-Last-10,0.0,0.0
AGSQUDWFK6N6VHE4VZATF6SYNKYQ,Recency-Weighted,0.0,0.0
AGSQUDWFK6N6VHE4VZATF6SYNKYQ,Essence (K=10),0.0,0.0
AGSU2CO5NU5CCHWJWQBFNKRHLAVA,Random,0.0,
AGSU2CO5NU5CCHWJWQBFNKRHLAVA,Popularity,0.0,
AGSU2CO5NU5CCHWJWQBFNKRHLAVA,CF (ItemKNN),0.0,
AGSU2CO5NU5CCHWJWQBFNKRHLAVA,Content (Avg Emb),0.0,
AGSU2CO5NU5CCHWJWQBFNKRHLAVA,Last-Item,0.0,
AGSU2CO5NU5CCHWJWQBFNKRHLAVA,Avg-Last-10,0.0,
AGSU2CO5NU5CCHWJWQBFNKRHLAVA,Recency-Weighted,0.0,
AGSU2CO5NU5CCHWJWQBFNKRHLAVA,Essence (K=10),0.0,
AGSVAGFZDRO6CYFM6PSHMEH6KEDA,Random,0.0,
AGSVAGFZDRO6CYFM6PSHMEH6KEDA,Popularity,0.0,
AGSVAGFZDRO6CYFM6PSHMEH6KEDA,CF (ItemKNN),0.0,
AGSVAGFZDRO6CYFM6PSHMEH6KEDA,Content (Avg Emb),0.0,
AGSVAGFZDRO6CYFM6PSHMEH6KEDA,Last-Item,0.0,
AGSVAGFZDRO6CYFM6PSHMEH6KEDA,Avg-Last-10,0.0,
AGSVAGFZDRO6CYFM6PSHMEH6KEDA,Recency-Weighted,0.0,
AGSVAGFZDRO6CYFM6PSHMEH6KEDA,Essence (K=10),0.0,
AGSW5GFHT477PX4FT2AZIG6TFVYA,Random,0.0,0.0
AGSW5GFHT477PX4FT2AZIG6TFVYA,Popularity,0.0,0.0
AGSW5GFHT477PX4FT2AZIG6TFVYA,CF (ItemKNN),0.4,0.6666666666666666
AGSW5GFHT477PX4FT2AZIG6TFVYA,Content (Avg Emb),0.0,0.0
AGSW5GFHT477PX4FT2AZIG6TFVYA,Last-Item,0.4,0.6666666666666666
AGSW5GFHT477PX4FT2AZIG6TFVYA,Avg-Last-10,0.0,0.0
AGSW5GFHT477PX4FT2AZIG6TFVYA,Recency-Weighted,0.4,0.6666666666666666
AGSW5GFHT477PX4FT2AZIG6TFVYA,Essence (K=10),0.0,0.0
AGSXDOESFN7JU5WIOBXQR7KREXBQ,Random,0.0,
AGSXDOESFN7JU5WIOBXQR7KREXBQ,Popularity,0.0,
AGSXDOESFN7JU5WIOBXQR7KREXBQ,CF (ItemKNN),0.0,
AGSXDOESFN7JU5WIOBXQR7KREXBQ,Content (Avg Emb),0.0,
AGSXDOESFN7JU5WIOBXQR7KREXBQ,Last-Item,0.0,
AGSXDOESFN7JU5WIOBXQR7KREXBQ,Avg-Last-10,0.0,
AGSXDOESFN7JU5WIOBXQR7KREXBQ,Recency-Weighted,0.0,
AGSXDOESFN7JU5WIOBXQR7KREXBQ,Essence (K=10),0.0,
AGSYZJ6ZG7WQA3OHG2X37QQDZ43Q,Random,0.0,0.0
AGSYZJ6ZG7WQA3OHG2X37QQDZ43Q,Popularity,0.0,0.0
AGSYZJ6ZG7WQA3OHG2X37QQDZ43Q,CF (ItemKNN),0.0,0.0
AGSYZJ6ZG7WQA3OHG2X37QQDZ43Q,Content (Avg Emb),0.0,0.0
AGSYZJ6ZG7WQA3OHG2X37QQDZ43Q,Last-Item,0.0,0.0
AGSYZJ6ZG7WQA3OHG2X37QQDZ43Q,Avg-Last-10,0.0,0.0
AGSYZJ6ZG7WQA3OHG2X37QQDZ43Q,Recency-Weighted,0.0,0.0
AGSYZJ6ZG7WQA3OHG2X37QQDZ43Q,Essence (K=10),0.0,0.0
AGSZHUTOWYF62MUDSO4UI2WVGIAA,Random,0.0,0.0
AGSZHUTOWYF62MUDSO4UI2WVGIAA,Popularity,0.25,0.0
AGSZHUTOWYF62MUDSO4UI2WVGIAA,CF (ItemKNN),0.0,0.0
AGSZHUTOWYF62MUDSO4UI2WVGIAA,Content (Avg Emb),0.0,0.0
AGSZHUTOWYF62MUDSO4UI2WVGIAA,Last-Item,0.0,0.0
AGSZHUTOWYF62MUDSO4UI2WVGIAA,Avg-Last-10,0.0,0.0
AGSZHUTOWYF62MUDSO4UI2WVGIAA,Recency-Weighted,0.0,0.0
AGSZHUTOWYF62MUDSO4UI2WVGIAA,Essence (K=10),0.0,0.0
AGT2E3ILL4SJXMGIPZ5MU3V7NJGA,Random,0.0,0.0
AGT2E3ILL4SJXMGIPZ5MU3V7NJGA,Popularity,0.0,0.0
AGT2E3ILL4SJXMGIPZ5MU3V7NJGA,CF (ItemKNN),0.0,0.0
AGT2E3ILL4SJXMGIPZ5MU3V7NJGA,Content (Avg Emb),0.0,0.0
AGT2E3ILL4SJXMGIPZ5MU3V7NJGA,Last-Item,0.0,0.0
AGT2E3ILL4SJXMGIPZ5MU3V7NJGA,Avg-Last-10,0.0,0.0
AGT2E3ILL4SJXMGIPZ5MU3V7NJGA,Recency-Weighted,0.0,0.0
AGT2E3ILL4SJXMGIPZ5MU3V7NJGA,Essence (K=10),0.0,0.0
AGT5XWY6AWS2LMP5757MJQYY52VA,Random,0.0,0.0
AGT5XWY6AWS2LMP5757MJQYY52VA,Popularity,0.0,0.0
AGT5XWY6AWS2LMP5757MJQYY52VA,CF (ItemKNN),0.0,0.0
AGT5XWY6AWS2LMP5757MJQYY52VA,Content (Avg Emb),0.0,0.0
AGT5XWY6AWS2LMP5757MJQYY52VA,Last-Item,0.0,0.0
AGT5XWY6AWS2LMP5757MJQYY52VA,Avg-Last-10,0.0,0.0
AGT5XWY6AWS2LMP5757MJQYY52VA,Recency-Weighted,0.0,0.0
AGT5XWY6AWS2LMP5757MJQYY52VA,Essence (K=10),0.0,0.0
AGT6CVAQRS4ISXCGVOT2FVYETGRQ,Random,0.0,0.0
AGT6CVAQRS4ISXCGVOT2FVYETGRQ,Popularity,0.0,0.0
AGT6CVAQRS4ISXCGVOT2FVYETGRQ,CF (ItemKNN),0.0,0.0
AGT6CVAQRS4ISXCGVOT2FVYETGRQ,Content (Avg Emb),0.0,0.0
AGT6CVAQRS4ISXCGVOT2FVYETGRQ,Last-Item,0.2,0.0
AGT6CVAQRS4ISXCGVOT2FVYETGRQ,Avg-Last-10,0.0,0.0
AGT6CVAQRS4ISXCGVOT2FVYETGRQ,Recency-Weighted,0.0,0.0
AGT6CVAQRS4ISXCGVOT2FVYETGRQ,Essence (K=10),0.0,0.0
AGT6NMCX7KQ7MB7VUWIS4APH2GJQ,Random,0.0,0.0
AGT6NMCX7KQ7MB7VUWIS4APH2GJQ,Popularity,0.0,0.0
AGT6NMCX7KQ7MB7VUWIS4APH2GJQ,CF (ItemKNN),0.0,0.0
AGT6NMCX7KQ7MB7VUWIS4APH2GJQ,Content (Avg Emb),0.0,0.0
AGT6NMCX7KQ7MB7VUWIS4APH2GJQ,Last-Item,0.2727272727272727,0.4
AGT6NMCX7KQ7MB7VUWIS4APH2GJQ,Avg-Last-10,0.18181818181818182,0.4
AGT6NMCX7KQ7MB7VUWIS4APH2GJQ,Recency-Weighted,0.22727272727272727,0.4
AGT6NMCX7KQ7MB7VUWIS4APH2GJQ,Essence (K=10),0.0,0.0
AGT6ZUUDWA7GV6NC3M4Q77HJ7OGA,Random,0.0,0.0
AGT6ZUUDWA7GV6NC3M4Q77HJ7OGA,Popularity,0.0,0.0
AGT6ZUUDWA7GV6NC3M4Q77HJ7OGA,CF (ItemKNN),0.0,0.0
AGT6ZUUDWA7GV6NC3M4Q77HJ7OGA,Content (Avg Emb),0.0,0.0
AGT6ZUUDWA7GV6NC3M4Q77HJ7OGA,Last-Item,0.0,0.0
AGT6ZUUDWA7GV6NC3M4Q77HJ7OGA,Avg-Last-10,0.0,0.0
AGT6ZUUDWA7GV6NC3M4Q77HJ7OGA,Recency-Weighted,0.0,0.0
AGT6ZUUDWA7GV6NC3M4Q77HJ7OGA,Essence (K=10),0.0,0.0
AGTA4RDY5V3KXYCRDPP4ETYL3GBQ,Random,0.0,0.0
AGTA4RDY5V3KXYCRDPP4ETYL3GBQ,Popularity,0.0,0.0
AGTA4RDY5V3KXYCRDPP4ETYL3GBQ,CF (ItemKNN),0.0,0.0
AGTA4RDY5V3KXYCRDPP4ETYL3GBQ,Content (Avg Emb),0.0,0.0
AGTA4RDY5V3KXYCRDPP4ETYL3GBQ,Last-Item,0.0,0.0
AGTA4RDY5V3KXYCRDPP4ETYL3GBQ,Avg-Last-10,0.0,0.0
AGTA4RDY5V3KXYCRDPP4ETYL3GBQ,Recency-Weighted,0.0,0.0
AGTA4RDY5V3KXYCRDPP4ETYL3GBQ,Essence (K=10),0.0,0.0
AGTAG4L4KAXBUJE2AW7Q4HTDC6DA,Random,0.0,0.0
AGTAG4L4KAXBUJE2AW7Q4HTDC6DA,Popularity,0.0,0.0
AGTAG4L4KAXBUJE2AW7Q4HTDC6DA,CF (ItemKNN),0.0,0.0
AGTAG4L4KAXBUJE2AW7Q4HTDC6DA,Content (Avg Emb),0.0,0.0
AGTAG4L4KAXBUJE2AW7Q4HTDC6DA,Last-Item,0.0,0.0
AGTAG4L4KAXBUJE2AW7Q4HTDC6DA,Avg-Last-10,0.0,0.0
AGTAG4L4KAXBUJE2AW7Q4HTDC6DA,Recency-Weighted,0.0,0.0
AGTAG4L4KAXBUJE2AW7Q4HTDC6DA,Essence (K=10),0.0,0.0
AGTD4QXNKMEIUIQQYOULVZF222JA,Random,0.0,
AGTD4QXNKMEIUIQQYOULVZF222JA,Popularity,0.0,
AGTD4QXNKMEIUIQQYOULVZF222JA,CF (ItemKNN),0.0,
AGTD4QXNKMEIUIQQYOULVZF222JA,Content (Avg Emb),0.0,
AGTD4QXNKMEIUIQQYOULVZF222JA,Last-Item,0.0,
AGTD4QXNKMEIUIQQYOULVZF222JA,Avg-Last-10,0.0,
AGTD4QXNKMEIUIQQYOULVZF222JA,Recency-Weighted,0.0,
AGTD4QXNKMEIUIQQYOULVZF222JA,Essence (K=10),0.0,
AGTHW2UNUVFXSXUI3I6YHH27EGWA,Random,0.0,0.0
AGTHW2UNUVFXSXUI3I6YHH27EGWA,Popularity,0.0,0.0
AGTHW2UNUVFXSXUI3I6YHH27EGWA,CF (ItemKNN),0.1111111111111111,0.3333333333333333
AGTHW2UNUVFXSXUI3I6YHH27EGWA,Content (Avg Emb),0.0,0.0
AGTHW2UNUVFXSXUI3I6YHH27EGWA,Last-Item,0.0,0.0
AGTHW2UNUVFXSXUI3I6YHH27EGWA,Avg-Last-10,0.1111111111111111,0.0
AGTHW2UNUVFXSXUI3I6YHH27EGWA,Recency-Weighted,0.1111111111111111,0.0
AGTHW2UNUVFXSXUI3I6YHH27EGWA,Essence (K=10),0.2222222222222222,0.0
AGTHXKXUN7437PZSS6756INFHJRQ,Random,0.0,
AGTHXKXUN7437PZSS6756INFHJRQ,Popularity,0.0,
AGTHXKXUN7437PZSS6756INFHJRQ,CF (ItemKNN),0.0,
AGTHXKXUN7437PZSS6756INFHJRQ,Content (Avg Emb),0.0,
AGTHXKXUN7437PZSS6756INFHJRQ,Last-Item,0.0,
AGTHXKXUN7437PZSS6756INFHJRQ,Avg-Last-10,0.0,
AGTHXKXUN7437PZSS6756INFHJRQ,Recency-Weighted,0.0,
AGTHXKXUN7437PZSS6756INFHJRQ,Essence (K=10),0.0,
AGTMZEO4SDQ3ZFIE4RCAU45YAQCA,Random,0.0,
AGTMZEO4SDQ3ZFIE4RCAU45YAQCA,Popularity,0.25,
AGTMZEO4SDQ3ZFIE4RCAU45YAQCA,CF (ItemKNN),0.0,
AGTMZEO4SDQ3ZFIE4RCAU45YAQCA,Content (Avg Emb),0.0,
AGTMZEO4SDQ3ZFIE4RCAU45YAQCA,Last-Item,0.0,
AGTMZEO4SDQ3ZFIE4RCAU45YAQCA,Avg-Last-10,0.0,
AGTMZEO4SDQ3ZFIE4RCAU45YAQCA,Recency-Weighted,0.0,
AGTMZEO4SDQ3ZFIE4RCAU45YAQCA,Essence (K=10),0.0,
AGTPT2E3ZR7YPDEQ5N7X5V2PDYNQ,Random,0.0,0.0
AGTPT2E3ZR7YPDEQ5N7X5V2PDYNQ,Popularity,0.0,0.0
AGTPT2E3ZR7YPDEQ5N7X5V2PDYNQ,CF (ItemKNN),0.0,0.0
AGTPT2E3ZR7YPDEQ5N7X5V2PDYNQ,Content (Avg Emb),0.0,0.0
AGTPT2E3ZR7YPDEQ5N7X5V2PDYNQ,Last-Item,0.0,0.0
AGTPT2E3ZR7YPDEQ5N7X5V2PDYNQ,Avg-Last-10,0.0,0.0
AGTPT2E3ZR7YPDEQ5N7X5V2PDYNQ,Recency-Weighted,0.0,0.0
AGTPT2E3ZR7YPDEQ5N7X5V2PDYNQ,Essence (K=10),0.0,0.0
AGTPYWOVFZU2MXXYW45VRXL77ZJA,Random,0.0,0.0
AGTPYWOVFZU2MXXYW45VRXL77ZJA,Popularity,0.0,0.0
AGTPYWOVFZU2MXXYW45VRXL77ZJA,CF (ItemKNN),0.0,0.0
AGTPYWOVFZU2MXXYW45VRXL77ZJA,Content (Avg Emb),0.0625,0.0
AGTPYWOVFZU2MXXYW45VRXL77ZJA,Last-Item,0.0,0.0
AGTPYWOVFZU2MXXYW45VRXL77ZJA,Avg-Last-10,0.0,0.0
AGTPYWOVFZU2MXXYW45VRXL77ZJA,Recency-Weighted,0.0,0.0
AGTPYWOVFZU2MXXYW45VRXL77ZJA,Essence (K=10),0.0,0.0
AGTQ4KHQD6NVQ2YT3CGCFI4ZFGIQ,Random,0.0,
AGTQ4KHQD6NVQ2YT3CGCFI4ZFGIQ,Popularity,0.0,
AGTQ4KHQD6NVQ2YT3CGCFI4ZFGIQ,CF (ItemKNN),0.0,
AGTQ4KHQD6NVQ2YT3CGCFI4ZFGIQ,Content (Avg Emb),0.0,
AGTQ4KHQD6NVQ2YT3CGCFI4ZFGIQ,Last-Item,0.0,
AGTQ4KHQD6NVQ2YT3CGCFI4ZFGIQ,Avg-Last-10,0.0,
AGTQ4KHQD6NVQ2YT3CGCFI4ZFGIQ,Recency-Weighted,0.0,
AGTQ4KHQD6NVQ2YT3CGCFI4ZFGIQ,Essence (K=10),0.0,
AGTW5FDE2CB6XA25INKP6QJRJ4CQ,Random,0.0,0.0
AGTW5FDE2CB6XA25INKP6QJRJ4CQ,Popularity,0.0,0.0
AGTW5FDE2CB6XA25INKP6QJRJ4CQ,CF (ItemKNN),0.0,0.0
AGTW5FDE2CB6XA25INKP6QJRJ4CQ,Content (Avg Emb),0.0,0.0
AGTW5FDE2CB6XA25INKP6QJRJ4CQ,Last-Item,0.0,0.0
AGTW5FDE2CB6XA25INKP6QJRJ4CQ,Avg-Last-10,0.0,0.0
AGTW5FDE2CB6XA25INKP6QJRJ4CQ,Recency-Weighted,0.0,0.0
AGTW5FDE2CB6XA25INKP6QJRJ4CQ,Essence (K=10),0.25,0.0
AGU54RRD3YZ3WILKWURH5QOLT2IQ,Random,0.0,0.0
AGU54RRD3YZ3WILKWURH5QOLT2IQ,Popularity,0.0,0.0
AGU54RRD3YZ3WILKWURH5QOLT2IQ,CF (ItemKNN),0.0,0.0
AGU54RRD3YZ3WILKWURH5QOLT2IQ,Content (Avg Emb),0.125,0.0
AGU54RRD3YZ3WILKWURH5QOLT2IQ,Last-Item,0.5,0.5
AGU54RRD3YZ3WILKWURH5QOLT2IQ,Avg-Last-10,0.5,0.5
AGU54RRD3YZ3WILKWURH5QOLT2IQ,Recency-Weighted,0.5,0.5
AGU54RRD3YZ3WILKWURH5QOLT2IQ,Essence (K=10),0.5,0.5
AGU5EXZYYNITGSHVFCZOAJVH36RA,Random,0.0,0.0
AGU5EXZYYNITGSHVFCZOAJVH36RA,Popularity,0.0,0.0
AGU5EXZYYNITGSHVFCZOAJVH36RA,CF (ItemKNN),0.0,0.0
AGU5EXZYYNITGSHVFCZOAJVH36RA,Content (Avg Emb),0.0,0.0
AGU5EXZYYNITGSHVFCZOAJVH36RA,Last-Item,0.0,0.0
AGU5EXZYYNITGSHVFCZOAJVH36RA,Avg-Last-10,0.0,0.0
AGU5EXZYYNITGSHVFCZOAJVH36RA,Recency-Weighted,0.0,0.0
AGU5EXZYYNITGSHVFCZOAJVH36RA,Essence (K=10),0.0,0.0
AGU63FARU5R7L3EYI7VCK55V6PVQ,Random,0.0,
AGU63FARU5R7L3EYI7VCK55V6PVQ,Popularity,0.0,
AGU63FARU5R7L3EYI7VCK55V6PVQ,CF (ItemKNN),0.0,
AGU63FARU5R7L3EYI7VCK55V6PVQ,Content (Avg Emb),0.0,
AGU63FARU5R7L3EYI7VCK55V6PVQ,Last-Item,0.0,
AGU63FARU5R7L3EYI7VCK55V6PVQ,Avg-Last-10,0.0,
AGU63FARU5R7L3EYI7VCK55V6PVQ,Recency-Weighted,0.0,
AGU63FARU5R7L3EYI7VCK55V6PVQ,Essence (K=10),0.0,
AGU67NHRVBPTS2UWA6W3JUM57A5A,Random,0.0,
AGU67NHRVBPTS2UWA6W3JUM57A5A,Popularity,0.0,
AGU67NHRVBPTS2UWA6W3JUM57A5A,CF (ItemKNN),0.0,
AGU67NHRVBPTS2UWA6W3JUM57A5A,Content (Avg Emb),0.0,
AGU67NHRVBPTS2UWA6W3JUM57A5A,Last-Item,0.2,
AGU67NHRVBPTS2UWA6W3JUM57A5A,Avg-Last-10,0.0,
AGU67NHRVBPTS2UWA6W3JUM57A5A,Recency-Weighted,0.2,
AGU67NHRVBPTS2UWA6W3JUM57A5A,Essence (K=10),0.0,
AGUCNIHN3UU3VITNWOSNZ5IUZDZA,Random,0.0,
AGUCNIHN3UU3VITNWOSNZ5IUZDZA,Popularity,0.0,
AGUCNIHN3UU3VITNWOSNZ5IUZDZA,CF (ItemKNN),0.0,
AGUCNIHN3UU3VITNWOSNZ5IUZDZA,Content (Avg Emb),0.0,
AGUCNIHN3UU3VITNWOSNZ5IUZDZA,Last-Item,0.0,
AGUCNIHN3UU3VITNWOSNZ5IUZDZA,Avg-Last-10,0.0,
AGUCNIHN3UU3VITNWOSNZ5IUZDZA,Recency-Weighted,0.0,
AGUCNIHN3UU3VITNWOSNZ5IUZDZA,Essence (K=10),0.0,
AGUFEF7BVURES6Z4SYGTDZTQQGFQ,Random,0.0,
AGUFEF7BVURES6Z4SYGTDZTQQGFQ,Popularity,0.0,
AGUFEF7BVURES6Z4SYGTDZTQQGFQ,CF (ItemKNN),0.0,
AGUFEF7BVURES6Z4SYGTDZTQQGFQ,Content (Avg Emb),0.0,
AGUFEF7BVURES6Z4SYGTDZTQQGFQ,Last-Item,0.2,
AGUFEF7BVURES6Z4SYGTDZTQQGFQ,Avg-Last-10,0.0,
AGUFEF7BVURES6Z4SYGTDZTQQGFQ,Recency-Weighted,0.0,
AGUFEF7BVURES6Z4SYGTDZTQQGFQ,Essence (K=10),0.0,
AGUH6JY72CL3NJ62KVGUJK5VJDEA,Random,0.0,0.0
AGUH6JY72CL3NJ62KVGUJK5VJDEA,Popularity,0.0,0.0
AGUH6JY72CL3NJ62KVGUJK5VJDEA,CF (ItemKNN),0.0,0.0
AGUH6JY72CL3NJ62KVGUJK5VJDEA,Content (Avg Emb),0.0,0.0
AGUH6JY72CL3NJ62KVGUJK5VJDEA,Last-Item,0.0,0.0
AGUH6JY72CL3NJ62KVGUJK5VJDEA,Avg-Last-10,0.0,0.0
AGUH6JY72CL3NJ62KVGUJK5VJDEA,Recency-Weighted,0.0,0.0
AGUH6JY72CL3NJ62KVGUJK5VJDEA,Essence (K=10),0.0,0.0
AGUI4PCLFRQDALNQTG6AQMHE5GQQ,Random,0.0,0.0
AGUI4PCLFRQDALNQTG6AQMHE5GQQ,Popularity,0.0,0.0
AGUI4PCLFRQDALNQTG6AQMHE5GQQ,CF (ItemKNN),0.0,0.0
AGUI4PCLFRQDALNQTG6AQMHE5GQQ,Content (Avg Emb),0.0,0.0
AGUI4PCLFRQDALNQTG6AQMHE5GQQ,Last-Item,0.0,0.0
AGUI4PCLFRQDALNQTG6AQMHE5GQQ,Avg-Last-10,0.0,0.0
AGUI4PCLFRQDALNQTG6AQMHE5GQQ,Recency-Weighted,0.0,0.0
AGUI4PCLFRQDALNQTG6AQMHE5GQQ,Essence (K=10),0.0,0.0
AGUKZ5SJVXM6N6NIXNET6QWBOQ5Q,Random,0.0,
AGUKZ5SJVXM6N6NIXNET6QWBOQ5Q,Popularity,0.0,
AGUKZ5SJVXM6N6NIXNET6QWBOQ5Q,CF (ItemKNN),0.0,
AGUKZ5SJVXM6N6NIXNET6QWBOQ5Q,Content (Avg Emb),0.0,
AGUKZ5SJVXM6N6NIXNET6QWBOQ5Q,Last-Item,0.0,
AGUKZ5SJVXM6N6NIXNET6QWBOQ5Q,Avg-Last-10,0.0,
AGUKZ5SJVXM6N6NIXNET6QWBOQ5Q,Recency-Weighted,0.0,
AGUKZ5SJVXM6N6NIXNET6QWBOQ5Q,Essence (K=10),0.0,
AGUX5TDKW6W5O5RZG62RBKNDJ2IQ,Random,0.0,0.0
AGUX5TDKW6W5O5RZG62RBKNDJ2IQ,Popularity,0.0,0.0
AGUX5TDKW6W5O5RZG62RBKNDJ2IQ,CF (ItemKNN),0.0,0.0
AGUX5TDKW6W5O5RZG62RBKNDJ2IQ,Content (Avg Emb),0.0,0.0
AGUX5TDKW6W5O5RZG62RBKNDJ2IQ,Last-Item,0.0,0.0
AGUX5TDKW6W5O5RZG62RBKNDJ2IQ,Avg-Last-10,0.0,0.0
AGUX5TDKW6W5O5RZG62RBKNDJ2IQ,Recency-Weighted,0.0,0.0
AGUX5TDKW6W5O5RZG62RBKNDJ2IQ,Essence (K=10),0.0,0.0
AGUY6ATY4TAPSQO4C56DLCSDQGAQ,Random,0.0,0.0
AGUY6ATY4TAPSQO4C56DLCSDQGAQ,Popularity,0.0,0.0
AGUY6ATY4TAPSQO4C56DLCSDQGAQ,CF (ItemKNN),0.0,0.0
AGUY6ATY4TAPSQO4C56DLCSDQGAQ,Content (Avg Emb),0.0,0.0
AGUY6ATY4TAPSQO4C56DLCSDQGAQ,Last-Item,0.0,0.0
AGUY6ATY4TAPSQO4C56DLCSDQGAQ,Avg-Last-10,0.0,0.0
AGUY6ATY4TAPSQO4C56DLCSDQGAQ,Recency-Weighted,0.0,0.0
AGUY6ATY4TAPSQO4C56DLCSDQGAQ,Essence (K=10),0.0,0.0
AGUYHAZONJGFWLRU3UVCK7LY7Q5A,Random,0.0,
AGUYHAZONJGFWLRU3UVCK7LY7Q5A,Popularity,0.0,
AGUYHAZONJGFWLRU3UVCK7LY7Q5A,CF (ItemKNN),0.0,
AGUYHAZONJGFWLRU3UVCK7LY7Q5A,Content (Avg Emb),0.0,
AGUYHAZONJGFWLRU3UVCK7LY7Q5A,Last-Item,0.0,
AGUYHAZONJGFWLRU3UVCK7LY7Q5A,Avg-Last-10,0.0,
AGUYHAZONJGFWLRU3UVCK7LY7Q5A,Recency-Weighted,0.0,
AGUYHAZONJGFWLRU3UVCK7LY7Q5A,Essence (K=10),0.0,
AGV3YIYSQ5G32RYBJIVVP7TNBPKQ,Random,0.0,
AGV3YIYSQ5G32RYBJIVVP7TNBPKQ,Popularity,0.0,
AGV3YIYSQ5G32RYBJIVVP7TNBPKQ,CF (ItemKNN),0.0,
AGV3YIYSQ5G32RYBJIVVP7TNBPKQ,Content (Avg Emb),0.0,
AGV3YIYSQ5G32RYBJIVVP7TNBPKQ,Last-Item,0.0,
AGV3YIYSQ5G32RYBJIVVP7TNBPKQ,Avg-Last-10,0.0,
AGV3YIYSQ5G32RYBJIVVP7TNBPKQ,Recency-Weighted,0.0,
AGV3YIYSQ5G32RYBJIVVP7TNBPKQ,Essence (K=10),0.0,
AGVB4IUSSW2OWDYPD7FPFO3OWCLA,Random,0.0,0.0
AGVB4IUSSW2OWDYPD7FPFO3OWCLA,Popularity,0.0,0.0
AGVB4IUSSW2OWDYPD7FPFO3OWCLA,CF (ItemKNN),0.0,0.0
AGVB4IUSSW2OWDYPD7FPFO3OWCLA,Content (Avg Emb),0.0,0.0
AGVB4IUSSW2OWDYPD7FPFO3OWCLA,Last-Item,0.0,0.0
AGVB4IUSSW2OWDYPD7FPFO3OWCLA,Avg-Last-10,0.0,0.0
AGVB4IUSSW2OWDYPD7FPFO3OWCLA,Recency-Weighted,0.0,0.0
AGVB4IUSSW2OWDYPD7FPFO3OWCLA,Essence (K=10),0.0,0.0
AGVDIEMTFK3N6AMPIRLCCIVWE6DQ,Random,0.0,0.0
AGVDIEMTFK3N6AMPIRLCCIVWE6DQ,Popularity,0.0,0.0
AGVDIEMTFK3N6AMPIRLCCIVWE6DQ,CF (ItemKNN),0.0,0.0
AGVDIEMTFK3N6AMPIRLCCIVWE6DQ,Content (Avg Emb),0.0,0.0
AGVDIEMTFK3N6AMPIRLCCIVWE6DQ,Last-Item,0.0,0.0
AGVDIEMTFK3N6AMPIRLCCIVWE6DQ,Avg-Last-10,0.0,0.0
AGVDIEMTFK3N6AMPIRLCCIVWE6DQ,Recency-Weighted,0.0,0.0
AGVDIEMTFK3N6AMPIRLCCIVWE6DQ,Essence (K=10),0.0,0.0
AGVHKQ5B6WGDXWFG32ZNFUOGNDBA,Random,0.0,0.0
AGVHKQ5B6WGDXWFG32ZNFUOGNDBA,Popularity,0.0,0.0
AGVHKQ5B6WGDXWFG32ZNFUOGNDBA,CF (ItemKNN),0.0,0.0
AGVHKQ5B6WGDXWFG32ZNFUOGNDBA,Content (Avg Emb),0.0,0.0
AGVHKQ5B6WGDXWFG32ZNFUOGNDBA,Last-Item,0.0,0.0
AGVHKQ5B6WGDXWFG32ZNFUOGNDBA,Avg-Last-10,0.0,0.0
AGVHKQ5B6WGDXWFG32ZNFUOGNDBA,Recency-Weighted,0.0,0.0
AGVHKQ5B6WGDXWFG32ZNFUOGNDBA,Essence (K=10),0.0,0.0
AGVLWLNPXW5GHREKE5ZADVELHKDA,Random,0.0,0.0
AGVLWLNPXW5GHREKE5ZADVELHKDA,Popularity,0.038461538461538464,0.0
AGVLWLNPXW5GHREKE5ZADVELHKDA,CF (ItemKNN),0.0,0.0
AGVLWLNPXW5GHREKE5ZADVELHKDA,Content (Avg Emb),0.0,0.0
AGVLWLNPXW5GHREKE5ZADVELHKDA,Last-Item,0.0,0.0
AGVLWLNPXW5GHREKE5ZADVELHKDA,Avg-Last-10,0.0,0.0
AGVLWLNPXW5GHREKE5ZADVELHKDA,Recency-Weighted,0.038461538461538464,0.0
AGVLWLNPXW5GHREKE5ZADVELHKDA,Essence (K=10),0.0,0.0
AGVM2PBFTOHNTQ6RCUHO7NFCOYYA,Random,0.0,
AGVM2PBFTOHNTQ6RCUHO7NFCOYYA,Popularity,0.0,
AGVM2PBFTOHNTQ6RCUHO7NFCOYYA,CF (ItemKNN),0.0,
AGVM2PBFTOHNTQ6RCUHO7NFCOYYA,Content (Avg Emb),0.0,
AGVM2PBFTOHNTQ6RCUHO7NFCOYYA,Last-Item,0.0,
AGVM2PBFTOHNTQ6RCUHO7NFCOYYA,Avg-Last-10,0.0,
AGVM2PBFTOHNTQ6RCUHO7NFCOYYA,Recency-Weighted,0.0,
AGVM2PBFTOHNTQ6RCUHO7NFCOYYA,Essence (K=10),0.0,
AGVM4OZGIHTSY3YME5KQRRE7D3RQ,Random,0.0,0.0
AGVM4OZGIHTSY3YME5KQRRE7D3RQ,Popularity,0.0,0.0
AGVM4OZGIHTSY3YME5KQRRE7D3RQ,CF (ItemKNN),0.0,0.0
AGVM4OZGIHTSY3YME5KQRRE7D3RQ,Content (Avg Emb),0.07142857142857142,0.0
AGVM4OZGIHTSY3YME5KQRRE7D3RQ,Last-Item,0.0,0.0
AGVM4OZGIHTSY3YME5KQRRE7D3RQ,Avg-Last-10,0.07142857142857142,0.0
AGVM4OZGIHTSY3YME5KQRRE7D3RQ,Recency-Weighted,0.07142857142857142,0.0
AGVM4OZGIHTSY3YME5KQRRE7D3RQ,Essence (K=10),0.0,0.0
AGVP7GXCID4DI763NWMVEUNVF6WA,Random,0.0,0.0
AGVP7GXCID4DI763NWMVEUNVF6WA,Popularity,0.0,0.0
AGVP7GXCID4DI763NWMVEUNVF6WA,CF (ItemKNN),0.0,0.0
AGVP7GXCID4DI763NWMVEUNVF6WA,Content (Avg Emb),0.0,0.0
AGVP7GXCID4DI763NWMVEUNVF6WA,Last-Item,0.0,0.0
AGVP7GXCID4DI763NWMVEUNVF6WA,Avg-Last-10,0.0,0.0
AGVP7GXCID4DI763NWMVEUNVF6WA,Recency-Weighted,0.0,0.0
AGVP7GXCID4DI763NWMVEUNVF6WA,Essence (K=10),0.0,0.0
AGVU6UOFP73QXBWY5OVWRJSSGXKQ,Random,0.0,0.0
AGVU6UOFP73QXBWY5OVWRJSSGXKQ,Popularity,0.0,0.0
AGVU6UOFP73QXBWY5OVWRJSSGXKQ,CF (ItemKNN),0.0,0.0
AGVU6UOFP73QXBWY5OVWRJSSGXKQ,Content (Avg Emb),0.0,0.0
AGVU6UOFP73QXBWY5OVWRJSSGXKQ,Last-Item,0.0,0.0
AGVU6UOFP73QXBWY5OVWRJSSGXKQ,Avg-Last-10,0.0,0.0
AGVU6UOFP73QXBWY5OVWRJSSGXKQ,Recency-Weighted,0.0,0.0
AGVU6UOFP73QXBWY5OVWRJSSGXKQ,Essence (K=10),0.0,0.0
AGVUKTCX2X4QA3KNQRWEWL2GFBGA,Random,0.0,0.0
AGVUKTCX2X4QA3KNQRWEWL2GFBGA,Popularity,0.0,0.0
AGVUKTCX2X4QA3KNQRWEWL2GFBGA,CF (ItemKNN),0.0,0.0
AGVUKTCX2X4QA3KNQRWEWL2GFBGA,Content (Avg Emb),0.0,0.0
AGVUKTCX2X4QA3KNQRWEWL2GFBGA,Last-Item,0.0,0.0
AGVUKTCX2X4QA3KNQRWEWL2GFBGA,Avg-Last-10,0.0,0.0
AGVUKTCX2X4QA3KNQRWEWL2GFBGA,Recency-Weighted,0.0,0.0
AGVUKTCX2X4QA3KNQRWEWL2GFBGA,Essence (K=10),0.0,0.0
AGVV4QZ5GNYE6EWP7VPOJIQNGKCQ,Random,0.0,
AGVV4QZ5GNYE6EWP7VPOJIQNGKCQ,Popularity,0.0,
AGVV4QZ5GNYE6EWP7VPOJIQNGKCQ,CF (ItemKNN),0.0,
AGVV4QZ5GNYE6EWP7VPOJIQNGKCQ,Content (Avg Emb),0.0,
AGVV4QZ5GNYE6EWP7VPOJIQNGKCQ,Last-Item,0.0,
AGVV4QZ5GNYE6EWP7VPOJIQNGKCQ,Avg-Last-10,0.0,
AGVV4QZ5GNYE6EWP7VPOJIQNGKCQ,Recency-Weighted,0.0,
AGVV4QZ5GNYE6EWP7VPOJIQNGKCQ,Essence (K=10),0.0,
AGVVS7CPDRJ4WPTDTLLDNCLTGXWQ,Random,0.0,
AGVVS7CPDRJ4WPTDTLLDNCLTGXWQ,Popularity,0.0,
AGVVS7CPDRJ4WPTDTLLDNCLTGXWQ,CF (ItemKNN),0.0,
AGVVS7CPDRJ4WPTDTLLDNCLTGXWQ,Content (Avg Emb),0.0,
AGVVS7CPDRJ4WPTDTLLDNCLTGXWQ,Last-Item,0.0,
AGVVS7CPDRJ4WPTDTLLDNCLTGXWQ,Avg-Last-10,0.0,
AGVVS7CPDRJ4WPTDTLLDNCLTGXWQ,Recency-Weighted,0.0,
AGVVS7CPDRJ4WPTDTLLDNCLTGXWQ,Essence (K=10),0.0,
AGW223CUGP4KI5QUIY2OXUX4OMHQ,Random,0.0,0.0
AGW223CUGP4KI5QUIY2OXUX4OMHQ,Popularity,0.0,0.0
AGW223CUGP4KI5QUIY2OXUX4OMHQ,CF (ItemKNN),0.0,0.0
AGW223CUGP4KI5QUIY2OXUX4OMHQ,Content (Avg Emb),0.0,0.0
AGW223CUGP4KI5QUIY2OXUX4OMHQ,Last-Item,0.0,0.0
AGW223CUGP4KI5QUIY2OXUX4OMHQ,Avg-Last-10,0.0,0.0
AGW223CUGP4KI5QUIY2OXUX4OMHQ,Recency-Weighted,0.0,0.0
AGW223CUGP4KI5QUIY2OXUX4OMHQ,Essence (K=10),0.07692307692307693,0.0
AGW2EKQMPZM564X26WODZIRQUPQA,Random,0.0,0.0
AGW2EKQMPZM564X26WODZIRQUPQA,Popularity,0.0,0.0
AGW2EKQMPZM564X26WODZIRQUPQA,CF (ItemKNN),0.0,0.0
AGW2EKQMPZM564X26WODZIRQUPQA,Content (Avg Emb),0.0,0.0
AGW2EKQMPZM564X26WODZIRQUPQA,Last-Item,0.0,0.0
AGW2EKQMPZM564X26WODZIRQUPQA,Avg-Last-10,0.0,0.0
AGW2EKQMPZM564X26WODZIRQUPQA,Recency-Weighted,0.0,0.0
AGW2EKQMPZM564X26WODZIRQUPQA,Essence (K=10),0.0,0.0
AGW3H33REDZA7OT4JPG3LUZYZNAQ,Random,0.0,
AGW3H33REDZA7OT4JPG3LUZYZNAQ,Popularity,0.0,
AGW3H33REDZA7OT4JPG3LUZYZNAQ,CF (ItemKNN),0.0,
AGW3H33REDZA7OT4JPG3LUZYZNAQ,Content (Avg Emb),0.0,
AGW3H33REDZA7OT4JPG3LUZYZNAQ,Last-Item,0.0,
AGW3H33REDZA7OT4JPG3LUZYZNAQ,Avg-Last-10,0.0,
AGW3H33REDZA7OT4JPG3LUZYZNAQ,Recency-Weighted,0.0,
AGW3H33REDZA7OT4JPG3LUZYZNAQ,Essence (K=10),0.0,
AGW3PAVBNA6RQTMGPO6FW3ZUIUKA,Random,0.0,0.0
AGW3PAVBNA6RQTMGPO6FW3ZUIUKA,Popularity,0.0,0.0
AGW3PAVBNA6RQTMGPO6FW3ZUIUKA,CF (ItemKNN),0.0,0.0
AGW3PAVBNA6RQTMGPO6FW3ZUIUKA,Content (Avg Emb),0.0,0.0
AGW3PAVBNA6RQTMGPO6FW3ZUIUKA,Last-Item,0.16666666666666666,0.0
AGW3PAVBNA6RQTMGPO6FW3ZUIUKA,Avg-Last-10,0.16666666666666666,0.0
AGW3PAVBNA6RQTMGPO6FW3ZUIUKA,Recency-Weighted,0.16666666666666666,0.0
AGW3PAVBNA6RQTMGPO6FW3ZUIUKA,Essence (K=10),0.16666666666666666,0.0
AGWAN5FV3NTXLWM3EPZOIFDSRAKQ,Random,0.0,0.0
AGWAN5FV3NTXLWM3EPZOIFDSRAKQ,Popularity,0.0,0.0
AGWAN5FV3NTXLWM3EPZOIFDSRAKQ,CF (ItemKNN),0.0,0.0
AGWAN5FV3NTXLWM3EPZOIFDSRAKQ,Content (Avg Emb),0.4,0.0
AGWAN5FV3NTXLWM3EPZOIFDSRAKQ,Last-Item,0.4,1.0
AGWAN5FV3NTXLWM3EPZOIFDSRAKQ,Avg-Last-10,0.4,0.0
AGWAN5FV3NTXLWM3EPZOIFDSRAKQ,Recency-Weighted,0.4,1.0
AGWAN5FV3NTXLWM3EPZOIFDSRAKQ,Essence (K=10),0.0,0.0
AGWAZOF55VJ36APWWYM3OI4CMLHQ,Random,0.0,0.0
AGWAZOF55VJ36APWWYM3OI4CMLHQ,Popularity,0.0,0.0
AGWAZOF55VJ36APWWYM3OI4CMLHQ,CF (ItemKNN),0.0,0.0
AGWAZOF55VJ36APWWYM3OI4CMLHQ,Content (Avg Emb),0.0,0.0
AGWAZOF55VJ36APWWYM3OI4CMLHQ,Last-Item,0.0,0.0
AGWAZOF55VJ36APWWYM3OI4CMLHQ,Avg-Last-10,0.0,0.0
AGWAZOF55VJ36APWWYM3OI4CMLHQ,Recency-Weighted,0.0,0.0
AGWAZOF55VJ36APWWYM3OI4CMLHQ,Essence (K=10),0.0,0.0
AGWBV7EDGY5CO5GHSSCMF4XF7LZA,Random,0.0,
AGWBV7EDGY5CO5GHSSCMF4XF7LZA,Popularity,0.0,
AGWBV7EDGY5CO5GHSSCMF4XF7LZA,CF (ItemKNN),0.0,
AGWBV7EDGY5CO5GHSSCMF4XF7LZA,Content (Avg Emb),0.0,
AGWBV7EDGY5CO5GHSSCMF4XF7LZA,Last-Item,0.0,
AGWBV7EDGY5CO5GHSSCMF4XF7LZA,Avg-Last-10,0.0,
AGWBV7EDGY5CO5GHSSCMF4XF7LZA,Recency-Weighted,0.0,
AGWBV7EDGY5CO5GHSSCMF4XF7LZA,Essence (K=10),0.0,
AGWGJRHZHUHMJOT7HHU4MU5NQU3Q,Random,0.0,
AGWGJRHZHUHMJOT7HHU4MU5NQU3Q,Popularity,0.0,
AGWGJRHZHUHMJOT7HHU4MU5NQU3Q,CF (ItemKNN),0.0,
AGWGJRHZHUHMJOT7HHU4MU5NQU3Q,Content (Avg Emb),0.0,
AGWGJRHZHUHMJOT7HHU4MU5NQU3Q,Last-Item,0.0,
AGWGJRHZHUHMJOT7HHU4MU5NQU3Q,Avg-Last-10,0.0,
AGWGJRHZHUHMJOT7HHU4MU5NQU3Q,Recency-Weighted,0.0,
AGWGJRHZHUHMJOT7HHU4MU5NQU3Q,Essence (K=10),0.0,
AGWIVIT5YGBIBL7AZYM4ZY5D7FSA,Random,0.0,0.0
AGWIVIT5YGBIBL7AZYM4ZY5D7FSA,Popularity,0.0,0.0
AGWIVIT5YGBIBL7AZYM4ZY5D7FSA,CF (ItemKNN),0.14285714285714285,0.3333333333333333
AGWIVIT5YGBIBL7AZYM4ZY5D7FSA,Content (Avg Emb),0.0,0.0
AGWIVIT5YGBIBL7AZYM4ZY5D7FSA,Last-Item,0.2857142857142857,0.0
AGWIVIT5YGBIBL7AZYM4ZY5D7FSA,Avg-Last-10,0.0,0.0
AGWIVIT5YGBIBL7AZYM4ZY5D7FSA,Recency-Weighted,0.0,0.0
AGWIVIT5YGBIBL7AZYM4ZY5D7FSA,Essence (K=10),0.0,0.0
AGWMFDUI53TQJZTHHPALLKP43HOQ,Random,0.0,0.0
AGWMFDUI53TQJZTHHPALLKP43HOQ,Popularity,0.0,0.0
AGWMFDUI53TQJZTHHPALLKP43HOQ,CF (ItemKNN),0.0,0.0
AGWMFDUI53TQJZTHHPALLKP43HOQ,Content (Avg Emb),0.0,0.0
AGWMFDUI53TQJZTHHPALLKP43HOQ,Last-Item,0.0,0.0
AGWMFDUI53TQJZTHHPALLKP43HOQ,Avg-Last-10,0.0,0.0
AGWMFDUI53TQJZTHHPALLKP43HOQ,Recency-Weighted,0.0,0.0
AGWMFDUI53TQJZTHHPALLKP43HOQ,Essence (K=10),0.0,0.0
AGWNCF3MSGZZQYH7HMF5ZJQ4SBEQ,Random,0.0,
AGWNCF3MSGZZQYH7HMF5ZJQ4SBEQ,Popularity,0.0,
AGWNCF3MSGZZQYH7HMF5ZJQ4SBEQ,CF (ItemKNN),0.0,
AGWNCF3MSGZZQYH7HMF5ZJQ4SBEQ,Content (Avg Emb),0.0,
AGWNCF3MSGZZQYH7HMF5ZJQ4SBEQ,Last-Item,0.0,
AGWNCF3MSGZZQYH7HMF5ZJQ4SBEQ,Avg-Last-10,0.0,
AGWNCF3MSGZZQYH7HMF5ZJQ4SBEQ,Recency-Weighted,0.0,
AGWNCF3MSGZZQYH7HMF5ZJQ4SBEQ,Essence (K=10),0.0,
AGWNGLKLPALALWSSSSEMHGK6ENRA,Random,0.0,0.0
AGWNGLKLPALALWSSSSEMHGK6ENRA,Popularity,0.0,0.0
AGWNGLKLPALALWSSSSEMHGK6ENRA,CF (ItemKNN),0.0,0.0
AGWNGLKLPALALWSSSSEMHGK6ENRA,Content (Avg Emb),0.0,0.0
AGWNGLKLPALALWSSSSEMHGK6ENRA,Last-Item,0.2,0.0
AGWNGLKLPALALWSSSSEMHGK6ENRA,Avg-Last-10,0.0,0.0
AGWNGLKLPALALWSSSSEMHGK6ENRA,Recency-Weighted,0.0,0.0
AGWNGLKLPALALWSSSSEMHGK6ENRA,Essence (K=10),0.0,0.0
AGWNJ26FHSQYZOWBDW3YJYAINZBQ,Random,0.0,0.0
AGWNJ26FHSQYZOWBDW3YJYAINZBQ,Popularity,0.0,0.0
AGWNJ26FHSQYZOWBDW3YJYAINZBQ,CF (ItemKNN),0.0,0.0
AGWNJ26FHSQYZOWBDW3YJYAINZBQ,Content (Avg Emb),0.0,0.0
AGWNJ26FHSQYZOWBDW3YJYAINZBQ,Last-Item,0.0,0.0
AGWNJ26FHSQYZOWBDW3YJYAINZBQ,Avg-Last-10,0.0,0.0
AGWNJ26FHSQYZOWBDW3YJYAINZBQ,Recency-Weighted,0.0,0.0
AGWNJ26FHSQYZOWBDW3YJYAINZBQ,Essence (K=10),0.0,0.0
AGWTPHHUUYKYR7VX5ORJULEGIGSA,Random,0.0,0.0
AGWTPHHUUYKYR7VX5ORJULEGIGSA,Popularity,0.0,0.0
AGWTPHHUUYKYR7VX5ORJULEGIGSA,CF (ItemKNN),0.0,0.0
AGWTPHHUUYKYR7VX5ORJULEGIGSA,Content (Avg Emb),0.125,0.5
AGWTPHHUUYKYR7VX5ORJULEGIGSA,Last-Item,0.0,0.0
AGWTPHHUUYKYR7VX5ORJULEGIGSA,Avg-Last-10,0.0,0.0
AGWTPHHUUYKYR7VX5ORJULEGIGSA,Recency-Weighted,0.0,0.0
AGWTPHHUUYKYR7VX5ORJULEGIGSA,Essence (K=10),0.0,0.0
AGWVVFBR44DI4N5A62PKVY5NGXWA,Random,0.0,
AGWVVFBR44DI4N5A62PKVY5NGXWA,Popularity,0.0,
AGWVVFBR44DI4N5A62PKVY5NGXWA,CF (ItemKNN),0.0,
AGWVVFBR44DI4N5A62PKVY5NGXWA,Content (Avg Emb),0.0,
AGWVVFBR44DI4N5A62PKVY5NGXWA,Last-Item,0.0,
AGWVVFBR44DI4N5A62PKVY5NGXWA,Avg-Last-10,0.0,
AGWVVFBR44DI4N5A62PKVY5NGXWA,Recency-Weighted,0.0,
AGWVVFBR44DI4N5A62PKVY5NGXWA,Essence (K=10),0.0,
AGWYDTA25SSOJ7NQRKUIZ2J6VDOQ,Random,0.0,0.0
AGWYDTA25SSOJ7NQRKUIZ2J6VDOQ,Popularity,0.0,0.0
AGWYDTA25SSOJ7NQRKUIZ2J6VDOQ,CF (ItemKNN),0.0,0.0
AGWYDTA25SSOJ7NQRKUIZ2J6VDOQ,Content (Avg Emb),0.0,0.0
AGWYDTA25SSOJ7NQRKUIZ2J6VDOQ,Last-Item,0.0,0.0
AGWYDTA25SSOJ7NQRKUIZ2J6VDOQ,Avg-Last-10,0.0,0.0
AGWYDTA25SSOJ7NQRKUIZ2J6VDOQ,Recency-Weighted,0.0,0.0
AGWYDTA25SSOJ7NQRKUIZ2J6VDOQ,Essence (K=10),0.0,0.0
AGWZQLLETVCCIVJNGS5UWK5OMKZQ,Random,0.0,
AGWZQLLETVCCIVJNGS5UWK5OMKZQ,Popularity,0.0,
AGWZQLLETVCCIVJNGS5UWK5OMKZQ,CF (ItemKNN),0.0,
AGWZQLLETVCCIVJNGS5UWK5OMKZQ,Content (Avg Emb),0.0,
AGWZQLLETVCCIVJNGS5UWK5OMKZQ,Last-Item,0.0,
AGWZQLLETVCCIVJNGS5UWK5OMKZQ,Avg-Last-10,0.0,
AGWZQLLETVCCIVJNGS5UWK5OMKZQ,Recency-Weighted,0.0,
AGWZQLLETVCCIVJNGS5UWK5OMKZQ,Essence (K=10),0.0,
AGX7X3N5R3BASJGQH7XI3WTTBXUA,Random,0.0,0.0
AGX7X3N5R3BASJGQH7XI3WTTBXUA,Popularity,0.0,0.0
AGX7X3N5R3BASJGQH7XI3WTTBXUA,CF (ItemKNN),0.0,0.0
AGX7X3N5R3BASJGQH7XI3WTTBXUA,Content (Avg Emb),0.0,0.0
AGX7X3N5R3BASJGQH7XI3WTTBXUA,Last-Item,0.0,0.0
AGX7X3N5R3BASJGQH7XI3WTTBXUA,Avg-Last-10,0.0,0.0
AGX7X3N5R3BASJGQH7XI3WTTBXUA,Recency-Weighted,0.0,0.0
AGX7X3N5R3BASJGQH7XI3WTTBXUA,Essence (K=10),0.0,0.0
AGXFA5NRMF3ILKV6HEKUN47OTVYA,Random,0.0,0.0
AGXFA5NRMF3ILKV6HEKUN47OTVYA,Popularity,0.0,0.0
AGXFA5NRMF3ILKV6HEKUN47OTVYA,CF (ItemKNN),0.0,0.0
AGXFA5NRMF3ILKV6HEKUN47OTVYA,Content (Avg Emb),0.0,0.0
AGXFA5NRMF3ILKV6HEKUN47OTVYA,Last-Item,0.0,0.0
AGXFA5NRMF3ILKV6HEKUN47OTVYA,Avg-Last-10,0.037037037037037035,0.0
AGXFA5NRMF3ILKV6HEKUN47OTVYA,Recency-Weighted,0.037037037037037035,0.0
AGXFA5NRMF3ILKV6HEKUN47OTVYA,Essence (K=10),0.0,0.0
AGXFSRH3EKFX2IOH5745TK4GHR6A,Random,0.0,
AGXFSRH3EKFX2IOH5745TK4GHR6A,Popularity,0.0,
AGXFSRH3EKFX2IOH5745TK4GHR6A,CF (ItemKNN),0.0,
AGXFSRH3EKFX2IOH5745TK4GHR6A,Content (Avg Emb),0.0,
AGXFSRH3EKFX2IOH5745TK4GHR6A,Last-Item,0.0,
AGXFSRH3EKFX2IOH5745TK4GHR6A,Avg-Last-10,0.0,
AGXFSRH3EKFX2IOH5745TK4GHR6A,Recency-Weighted,0.0,
AGXFSRH3EKFX2IOH5745TK4GHR6A,Essence (K=10),0.0,
AGXGMYR3NNDZIQEHH5CQ5FNHPKFA,Random,0.0,0.0
AGXGMYR3NNDZIQEHH5CQ5FNHPKFA,Popularity,0.0,0.0
AGXGMYR3NNDZIQEHH5CQ5FNHPKFA,CF (ItemKNN),0.0,0.0
AGXGMYR3NNDZIQEHH5CQ5FNHPKFA,Content (Avg Emb),0.0,0.0
AGXGMYR3NNDZIQEHH5CQ5FNHPKFA,Last-Item,0.0,0.0
AGXGMYR3NNDZIQEHH5CQ5FNHPKFA,Avg-Last-10,0.0,0.0
AGXGMYR3NNDZIQEHH5CQ5FNHPKFA,Recency-Weighted,0.0,0.0
AGXGMYR3NNDZIQEHH5CQ5FNHPKFA,Essence (K=10),0.0,0.0
AGXGSTKBQGQUAT3573SAYTMC3DBQ,Random,0.0,0.0
AGXGSTKBQGQUAT3573SAYTMC3DBQ,Popularity,0.0,0.0
AGXGSTKBQGQUAT3573SAYTMC3DBQ,CF (ItemKNN),0.0,0.0
AGXGSTKBQGQUAT3573SAYTMC3DBQ,Content (Avg Emb),0.0,0.0
AGXGSTKBQGQUAT3573SAYTMC3DBQ,Last-Item,0.0,0.0
AGXGSTKBQGQUAT3573SAYTMC3DBQ,Avg-Last-10,0.0,0.0
AGXGSTKBQGQUAT3573SAYTMC3DBQ,Recency-Weighted,0.0,0.0
AGXGSTKBQGQUAT3573SAYTMC3DBQ,Essence (K=10),0.0,0.0
AGXGXHTUJXLJ25RQY77LOCXSSOUQ,Random,0.0,
AGXGXHTUJXLJ25RQY77LOCXSSOUQ,Popularity,0.0,
AGXGXHTUJXLJ25RQY77LOCXSSOUQ,CF (ItemKNN),0.0,
AGXGXHTUJXLJ25RQY77LOCXSSOUQ,Content (Avg Emb),0.0,
AGXGXHTUJXLJ25RQY77LOCXSSOUQ,Last-Item,0.0,
AGXGXHTUJXLJ25RQY77LOCXSSOUQ,Avg-Last-10,0.0,
AGXGXHTUJXLJ25RQY77LOCXSSOUQ,Recency-Weighted,0.0,
AGXGXHTUJXLJ25RQY77LOCXSSOUQ,Essence (K=10),0.0,
AGXJX5BJJGHZNUFA4FXEL22GAHKQ,Random,0.0,
AGXJX5BJJGHZNUFA4FXEL22GAHKQ,Popularity,0.0,
AGXJX5BJJGHZNUFA4FXEL22GAHKQ,CF (ItemKNN),0.0,
AGXJX5BJJGHZNUFA4FXEL22GAHKQ,Content (Avg Emb),0.0,
AGXJX5BJJGHZNUFA4FXEL22GAHKQ,Last-Item,0.0,
AGXJX5BJJGHZNUFA4FXEL22GAHKQ,Avg-Last-10,0.0,
AGXJX5BJJGHZNUFA4FXEL22GAHKQ,Recency-Weighted,0.0,
AGXJX5BJJGHZNUFA4FXEL22GAHKQ,Essence (K=10),0.0,
AGXMMPALAQKE4MXSPHSZOFQWIHPA,Random,0.0,0.0
AGXMMPALAQKE4MXSPHSZOFQWIHPA,Popularity,0.0,0.0
AGXMMPALAQKE4MXSPHSZOFQWIHPA,CF (ItemKNN),0.0,0.0
AGXMMPALAQKE4MXSPHSZOFQWIHPA,Content (Avg Emb),0.0,0.0
AGXMMPALAQKE4MXSPHSZOFQWIHPA,Last-Item,0.0,0.0
AGXMMPALAQKE4MXSPHSZOFQWIHPA,Avg-Last-10,0.0,0.0
AGXMMPALAQKE4MXSPHSZOFQWIHPA,Recency-Weighted,0.0,0.0
AGXMMPALAQKE4MXSPHSZOFQWIHPA,Essence (K=10),0.0,0.0
AGXNNDGBBN7K2RJQQW7UBR347SZA,Random,0.0,0.0
AGXNNDGBBN7K2RJQQW7UBR347SZA,Popularity,0.0,0.0
AGXNNDGBBN7K2RJQQW7UBR347SZA,CF (ItemKNN),0.0,0.0
AGXNNDGBBN7K2RJQQW7UBR347SZA,Content (Avg Emb),0.0,0.0
AGXNNDGBBN7K2RJQQW7UBR347SZA,Last-Item,0.0,0.0
AGXNNDGBBN7K2RJQQW7UBR347SZA,Avg-Last-10,0.0,0.0
AGXNNDGBBN7K2RJQQW7UBR347SZA,Recency-Weighted,0.0,0.0
AGXNNDGBBN7K2RJQQW7UBR347SZA,Essence (K=10),0.0,0.0
AGXOZ4AQF7UQTHGHEP6ZFFQRUR5A,Random,0.0,0.0
AGXOZ4AQF7UQTHGHEP6ZFFQRUR5A,Popularity,0.0,0.0
AGXOZ4AQF7UQTHGHEP6ZFFQRUR5A,CF (ItemKNN),0.0,0.0
AGXOZ4AQF7UQTHGHEP6ZFFQRUR5A,Content (Avg Emb),0.0,0.0
AGXOZ4AQF7UQTHGHEP6ZFFQRUR5A,Last-Item,0.0,0.0
AGXOZ4AQF7UQTHGHEP6ZFFQRUR5A,Avg-Last-10,0.0,0.0
AGXOZ4AQF7UQTHGHEP6ZFFQRUR5A,Recency-Weighted,0.0,0.0
AGXOZ4AQF7UQTHGHEP6ZFFQRUR5A,Essence (K=10),0.0,0.0
AGXUG2EJAHUM57ZCDSTRZCCZY62Q,Random,0.0,0.0
AGXUG2EJAHUM57ZCDSTRZCCZY62Q,Popularity,0.0,0.0
AGXUG2EJAHUM57ZCDSTRZCCZY62Q,CF (ItemKNN),0.0,0.0
AGXUG2EJAHUM57ZCDSTRZCCZY62Q,Content (Avg Emb),0.0,0.0
AGXUG2EJAHUM57ZCDSTRZCCZY62Q,Last-Item,0.0,0.0
AGXUG2EJAHUM57ZCDSTRZCCZY62Q,Avg-Last-10,0.0,0.0
AGXUG2EJAHUM57ZCDSTRZCCZY62Q,Recency-Weighted,0.0,0.0
AGXUG2EJAHUM57ZCDSTRZCCZY62Q,Essence (K=10),0.0,0.0
AGXWYNQC4NAV3QEYFBZUSVEGZ7NQ,Random,0.0,0.0
AGXWYNQC4NAV3QEYFBZUSVEGZ7NQ,Popularity,0.0,0.0
AGXWYNQC4NAV3QEYFBZUSVEGZ7NQ,CF (ItemKNN),0.0,0.0
AGXWYNQC4NAV3QEYFBZUSVEGZ7NQ,Content (Avg Emb),0.0,0.0
AGXWYNQC4NAV3QEYFBZUSVEGZ7NQ,Last-Item,0.0,0.0
AGXWYNQC4NAV3QEYFBZUSVEGZ7NQ,Avg-Last-10,0.0,0.0
AGXWYNQC4NAV3QEYFBZUSVEGZ7NQ,Recency-Weighted,0.0,0.0
AGXWYNQC4NAV3QEYFBZUSVEGZ7NQ,Essence (K=10),0.0,0.0
AGXY34ARCLCWWMWLBINWJE6YSRIA,Random,0.0,0.0
AGXY34ARCLCWWMWLBINWJE6YSRIA,Popularity,0.0,0.0
AGXY34ARCLCWWMWLBINWJE6YSRIA,CF (ItemKNN),0.0,0.0
AGXY34ARCLCWWMWLBINWJE6YSRIA,Content (Avg Emb),0.0,0.0
AGXY34ARCLCWWMWLBINWJE6YSRIA,Last-Item,0.0,0.0
AGXY34ARCLCWWMWLBINWJE6YSRIA,Avg-Last-10,0.0,0.0
AGXY34ARCLCWWMWLBINWJE6YSRIA,Recency-Weighted,0.0,0.0
AGXY34ARCLCWWMWLBINWJE6YSRIA,Essence (K=10),0.0,0.0
AGXY4W4HTZR64FCMU6RA3MOWLHCQ,Random,0.0,0.0
AGXY4W4HTZR64FCMU6RA3MOWLHCQ,Popularity,0.0,0.0
AGXY4W4HTZR64FCMU6RA3MOWLHCQ,CF (ItemKNN),0.0,0.0
AGXY4W4HTZR64FCMU6RA3MOWLHCQ,Content (Avg Emb),0.0,0.0
AGXY4W4HTZR64FCMU6RA3MOWLHCQ,Last-Item,0.0,0.0
AGXY4W4HTZR64FCMU6RA3MOWLHCQ,Avg-Last-10,0.0,0.0
AGXY4W4HTZR64FCMU6RA3MOWLHCQ,Recency-Weighted,0.0,0.0
AGXY4W4HTZR64FCMU6RA3MOWLHCQ,Essence (K=10),0.0,0.0
AGY2DDVM6NHSR6RZERNUVUQLVJMQ,Random,0.0,0.0
AGY2DDVM6NHSR6RZERNUVUQLVJMQ,Popularity,0.0,0.0
AGY2DDVM6NHSR6RZERNUVUQLVJMQ,CF (ItemKNN),0.0,0.0
AGY2DDVM6NHSR6RZERNUVUQLVJMQ,Content (Avg Emb),0.0,0.0
AGY2DDVM6NHSR6RZERNUVUQLVJMQ,Last-Item,0.0,0.0
AGY2DDVM6NHSR6RZERNUVUQLVJMQ,Avg-Last-10,0.0,0.0
AGY2DDVM6NHSR6RZERNUVUQLVJMQ,Recency-Weighted,0.0,0.0
AGY2DDVM6NHSR6RZERNUVUQLVJMQ,Essence (K=10),0.0,0.0
AGY34HIORSZHFD7PGLEHDUMW3DKA,Random,0.0,
AGY34HIORSZHFD7PGLEHDUMW3DKA,Popularity,0.0,
AGY34HIORSZHFD7PGLEHDUMW3DKA,CF (ItemKNN),0.0,
AGY34HIORSZHFD7PGLEHDUMW3DKA,Content (Avg Emb),0.2727272727272727,
AGY34HIORSZHFD7PGLEHDUMW3DKA,Last-Item,0.0,
AGY34HIORSZHFD7PGLEHDUMW3DKA,Avg-Last-10,0.0,
AGY34HIORSZHFD7PGLEHDUMW3DKA,Recency-Weighted,0.0,
AGY34HIORSZHFD7PGLEHDUMW3DKA,Essence (K=10),0.36363636363636365,
AGY3RRCMOUBWJ5S5KAYE73JPX5XQ,Random,0.0,0.0
AGY3RRCMOUBWJ5S5KAYE73JPX5XQ,Popularity,0.0,0.0
AGY3RRCMOUBWJ5S5KAYE73JPX5XQ,CF (ItemKNN),0.05263157894736842,0.2
AGY3RRCMOUBWJ5S5KAYE73JPX5XQ,Content (Avg Emb),0.0,0.0
AGY3RRCMOUBWJ5S5KAYE73JPX5XQ,Last-Item,0.05263157894736842,0.0
AGY3RRCMOUBWJ5S5KAYE73JPX5XQ,Avg-Last-10,0.0,0.0
AGY3RRCMOUBWJ5S5KAYE73JPX5XQ,Recency-Weighted,0.05263157894736842,0.0
AGY3RRCMOUBWJ5S5KAYE73JPX5XQ,Essence (K=10),0.05263157894736842,0.2
AGY5IK2OM6FAXENAMGUEVSN2LD2Q,Random,0.0,0.0
AGY5IK2OM6FAXENAMGUEVSN2LD2Q,Popularity,0.0,0.0
AGY5IK2OM6FAXENAMGUEVSN2LD2Q,CF (ItemKNN),0.0,0.0
AGY5IK2OM6FAXENAMGUEVSN2LD2Q,Content (Avg Emb),0.0,0.0
AGY5IK2OM6FAXENAMGUEVSN2LD2Q,Last-Item,0.0,0.0
AGY5IK2OM6FAXENAMGUEVSN2LD2Q,Avg-Last-10,0.0,0.0
AGY5IK2OM6FAXENAMGUEVSN2LD2Q,Recency-Weighted,0.0,0.0
AGY5IK2OM6FAXENAMGUEVSN2LD2Q,Essence (K=10),0.0,0.0
AGY67CQBJW3NAC5WKJUSA2XXYFTA,Random,0.0,0.0
AGY67CQBJW3NAC5WKJUSA2XXYFTA,Popularity,0.0,0.0
AGY67CQBJW3NAC5WKJUSA2XXYFTA,CF (ItemKNN),0.0,0.0
AGY67CQBJW3NAC5WKJUSA2XXYFTA,Content (Avg Emb),0.06666666666666667,0.0
AGY67CQBJW3NAC5WKJUSA2XXYFTA,Last-Item,0.0,0.0
AGY67CQBJW3NAC5WKJUSA2XXYFTA,Avg-Last-10,0.06666666666666667,0.0
AGY67CQBJW3NAC5WKJUSA2XXYFTA,Recency-Weighted,0.06666666666666667,0.0
AGY67CQBJW3NAC5WKJUSA2XXYFTA,Essence (K=10),0.06666666666666667,0.0
AGYEWIOO2IB6M6F6GWZHCOSKA6PQ,Random,0.0,0.0
AGYEWIOO2IB6M6F6GWZHCOSKA6PQ,Popularity,0.0,0.0
AGYEWIOO2IB6M6F6GWZHCOSKA6PQ,CF (ItemKNN),0.0,0.0
AGYEWIOO2IB6M6F6GWZHCOSKA6PQ,Content (Avg Emb),0.0,0.0
AGYEWIOO2IB6M6F6GWZHCOSKA6PQ,Last-Item,0.0,0.0
AGYEWIOO2IB6M6F6GWZHCOSKA6PQ,Avg-Last-10,0.0,0.0
AGYEWIOO2IB6M6F6GWZHCOSKA6PQ,Recency-Weighted,0.0,0.0
AGYEWIOO2IB6M6F6GWZHCOSKA6PQ,Essence (K=10),0.0,0.0
AGYHMTXBIDNGHNP2MTF4ZVASOSLQ,Random,0.0,0.0
AGYHMTXBIDNGHNP2MTF4ZVASOSLQ,Popularity,0.0,0.0
AGYHMTXBIDNGHNP2MTF4ZVASOSLQ,CF (ItemKNN),0.0,0.0
AGYHMTXBIDNGHNP2MTF4ZVASOSLQ,Content (Avg Emb),0.0,0.0
AGYHMTXBIDNGHNP2MTF4ZVASOSLQ,Last-Item,0.0,0.0
AGYHMTXBIDNGHNP2MTF4ZVASOSLQ,Avg-Last-10,0.0,0.0
AGYHMTXBIDNGHNP2MTF4ZVASOSLQ,Recency-Weighted,0.0,0.0
AGYHMTXBIDNGHNP2MTF4ZVASOSLQ,Essence (K=10),0.0,0.0
AGYIK6B24F2BY3BBIGSVVXPCZ3QA,Random,0.0,0.0
AGYIK6B24F2BY3BBIGSVVXPCZ3QA,Popularity,0.0,0.0
AGYIK6B24F2BY3BBIGSVVXPCZ3QA,CF (ItemKNN),0.0,0.0
AGYIK6B24F2BY3BBIGSVVXPCZ3QA,Content (Avg Emb),0.0,0.0
AGYIK6B24F2BY3BBIGSVVXPCZ3QA,Last-Item,0.0,0.0
AGYIK6B24F2BY3BBIGSVVXPCZ3QA,Avg-Last-10,0.0,0.0
AGYIK6B24F2BY3BBIGSVVXPCZ3QA,Recency-Weighted,0.0,0.0
AGYIK6B24F2BY3BBIGSVVXPCZ3QA,Essence (K=10),0.125,1.0
AGYILE6D7B5D4BQ4TMKJKEGU5SYA,Random,0.0,0.0
AGYILE6D7B5D4BQ4TMKJKEGU5SYA,Popularity,0.0,0.0
AGYILE6D7B5D4BQ4TMKJKEGU5SYA,CF (ItemKNN),0.0,0.0
AGYILE6D7B5D4BQ4TMKJKEGU5SYA,Content (Avg Emb),0.0,0.0
AGYILE6D7B5D4BQ4TMKJKEGU5SYA,Last-Item,0.0,0.0
AGYILE6D7B5D4BQ4TMKJKEGU5SYA,Avg-Last-10,0.0,0.0
AGYILE6D7B5D4BQ4TMKJKEGU5SYA,Recency-Weighted,0.0,0.0
AGYILE6D7B5D4BQ4TMKJKEGU5SYA,Essence (K=10),0.0,0.0
AGYIT57GDKQLYUIVR337H65XBGHA,Random,0.0,0.0
AGYIT57GDKQLYUIVR337H65XBGHA,Popularity,0.0,0.0
AGYIT57GDKQLYUIVR337H65XBGHA,CF (ItemKNN),0.0,0.0
AGYIT57GDKQLYUIVR337H65XBGHA,Content (Avg Emb),0.0,0.0
AGYIT57GDKQLYUIVR337H65XBGHA,Last-Item,0.0,0.0
AGYIT57GDKQLYUIVR337H65XBGHA,Avg-Last-10,0.0,0.0
AGYIT57GDKQLYUIVR337H65XBGHA,Recency-Weighted,0.0,0.0
AGYIT57GDKQLYUIVR337H65XBGHA,Essence (K=10),0.0,0.0
AGYOUIEYSBGA55KHDGQZMIFYWPZA,Random,0.0,
AGYOUIEYSBGA55KHDGQZMIFYWPZA,Popularity,0.0,
AGYOUIEYSBGA55KHDGQZMIFYWPZA,CF (ItemKNN),0.0,
AGYOUIEYSBGA55KHDGQZMIFYWPZA,Content (Avg Emb),0.0,
AGYOUIEYSBGA55KHDGQZMIFYWPZA,Last-Item,0.0,
AGYOUIEYSBGA55KHDGQZMIFYWPZA,Avg-Last-10,0.0,
AGYOUIEYSBGA55KHDGQZMIFYWPZA,Recency-Weighted,0.0,
AGYOUIEYSBGA55KHDGQZMIFYWPZA,Essence (K=10),0.0,
AGYOZI2S5FC4OKDCXN2Q7L3EMIVQ,Random,0.0,0.0
AGYOZI2S5FC4OKDCXN2Q7L3EMIVQ,Popularity,0.0,0.0
AGYOZI2S5FC4OKDCXN2Q7L3EMIVQ,CF (ItemKNN),0.0,0.0
AGYOZI2S5FC4OKDCXN2Q7L3EMIVQ,Content (Avg Emb),0.0,0.0
AGYOZI2S5FC4OKDCXN2Q7L3EMIVQ,Last-Item,0.0,0.0
AGYOZI2S5FC4OKDCXN2Q7L3EMIVQ,Avg-Last-10,0.0,0.0
AGYOZI2S5FC4OKDCXN2Q7L3EMIVQ,Recency-Weighted,0.0,0.0
AGYOZI2S5FC4OKDCXN2Q7L3EMIVQ,Essence (K=10),0.0,0.0
AGYPRH2MBLCZMUGIGYZAQNO3A4TA,Random,0.0,
AGYPRH2MBLCZMUGIGYZAQNO3A4TA,Popularity,0.0,
AGYPRH2MBLCZMUGIGYZAQNO3A4TA,CF (ItemKNN),0.0,
AGYPRH2MBLCZMUGIGYZAQNO3A4TA,Content (Avg Emb),0.0,
AGYPRH2MBLCZMUGIGYZAQNO3A4TA,Last-Item,0.2,
AGYPRH2MBLCZMUGIGYZAQNO3A4TA,Avg-Last-10,0.1,
AGYPRH2MBLCZMUGIGYZAQNO3A4TA,Recency-Weighted,0.1,
AGYPRH2MBLCZMUGIGYZAQNO3A4TA,Essence (K=10),0.2,
AGYYA5PAI2TSDIFACTQ4CMDLIWXA,Random,0.0,0.0
AGYYA5PAI2TSDIFACTQ4CMDLIWXA,Popularity,0.0,0.0
AGYYA5PAI2TSDIFACTQ4CMDLIWXA,CF (ItemKNN),0.0,0.0
AGYYA5PAI2TSDIFACTQ4CMDLIWXA,Content (Avg Emb),0.0,0.0
AGYYA5PAI2TSDIFACTQ4CMDLIWXA,Last-Item,0.0,0.0
AGYYA5PAI2TSDIFACTQ4CMDLIWXA,Avg-Last-10,0.0,0.0
AGYYA5PAI2TSDIFACTQ4CMDLIWXA,Recency-Weighted,0.0,0.0
AGYYA5PAI2TSDIFACTQ4CMDLIWXA,Essence (K=10),0.0,0.0
AGYZXHUK4LRJAB5RSZ6J5VNN25EQ,Random,0.0,0.0
AGYZXHUK4LRJAB5RSZ6J5VNN25EQ,Popularity,0.0,0.0
AGYZXHUK4LRJAB5RSZ6J5VNN25EQ,CF (ItemKNN),0.1111111111111111,1.0
AGYZXHUK4LRJAB5RSZ6J5VNN25EQ,Content (Avg Emb),0.0,0.0
AGYZXHUK4LRJAB5RSZ6J5VNN25EQ,Last-Item,0.0,0.0
AGYZXHUK4LRJAB5RSZ6J5VNN25EQ,Avg-Last-10,0.0,0.0
AGYZXHUK4LRJAB5RSZ6J5VNN25EQ,Recency-Weighted,0.0,0.0
AGYZXHUK4LRJAB5RSZ6J5VNN25EQ,Essence (K=10),0.0,0.0
AGZ3BE3OM5TQO4F5A36BVMZW2CAQ,Random,0.0,
AGZ3BE3OM5TQO4F5A36BVMZW2CAQ,Popularity,0.0,
AGZ3BE3OM5TQO4F5A36BVMZW2CAQ,CF (ItemKNN),0.0,
AGZ3BE3OM5TQO4F5A36BVMZW2CAQ,Content (Avg Emb),0.0,
AGZ3BE3OM5TQO4F5A36BVMZW2CAQ,Last-Item,0.0,
AGZ3BE3OM5TQO4F5A36BVMZW2CAQ,Avg-Last-10,0.0,
AGZ3BE3OM5TQO4F5A36BVMZW2CAQ,Recency-Weighted,0.0,
AGZ3BE3OM5TQO4F5A36BVMZW2CAQ,Essence (K=10),0.0,
AGZ3IX2TFVXAAF5G3KNTKHGHVTUA,Random,0.0,0.0
AGZ3IX2TFVXAAF5G3KNTKHGHVTUA,Popularity,0.0,0.0
AGZ3IX2TFVXAAF5G3KNTKHGHVTUA,CF (ItemKNN),0.0,0.0
AGZ3IX2TFVXAAF5G3KNTKHGHVTUA,Content (Avg Emb),0.0,0.0
AGZ3IX2TFVXAAF5G3KNTKHGHVTUA,Last-Item,0.0,0.0
AGZ3IX2TFVXAAF5G3KNTKHGHVTUA,Avg-Last-10,0.0,0.0
AGZ3IX2TFVXAAF5G3KNTKHGHVTUA,Recency-Weighted,0.0,0.0
AGZ3IX2TFVXAAF5G3KNTKHGHVTUA,Essence (K=10),0.0,0.0
AGZ4DVLYHPDFUITRAQGMFOXDGGNA,Random,0.0,
AGZ4DVLYHPDFUITRAQGMFOXDGGNA,Popularity,0.0,
AGZ4DVLYHPDFUITRAQGMFOXDGGNA,CF (ItemKNN),0.0,
AGZ4DVLYHPDFUITRAQGMFOXDGGNA,Content (Avg Emb),0.0,
AGZ4DVLYHPDFUITRAQGMFOXDGGNA,Last-Item,0.0,
AGZ4DVLYHPDFUITRAQGMFOXDGGNA,Avg-Last-10,0.0,
AGZ4DVLYHPDFUITRAQGMFOXDGGNA,Recency-Weighted,0.0,
AGZ4DVLYHPDFUITRAQGMFOXDGGNA,Essence (K=10),0.0,
AGZ4TBJABTGFXVTDXMVBHTNJK2DA,Random,0.0,0.0
AGZ4TBJABTGFXVTDXMVBHTNJK2DA,Popularity,0.0,0.0
AGZ4TBJABTGFXVTDXMVBHTNJK2DA,CF (ItemKNN),0.0,0.0
AGZ4TBJABTGFXVTDXMVBHTNJK2DA,Content (Avg Emb),0.0,0.0
AGZ4TBJABTGFXVTDXMVBHTNJK2DA,Last-Item,0.0,0.0
AGZ4TBJABTGFXVTDXMVBHTNJK2DA,Avg-Last-10,0.0,0.0
AGZ4TBJABTGFXVTDXMVBHTNJK2DA,Recency-Weighted,0.0,0.0
AGZ4TBJABTGFXVTDXMVBHTNJK2DA,Essence (K=10),0.0,0.0
AGZ6WR5FWZIEZTJ4A5KOX5W56IHQ,Random,0.0,
AGZ6WR5FWZIEZTJ4A5KOX5W56IHQ,Popularity,0.0,
AGZ6WR5FWZIEZTJ4A5KOX5W56IHQ,CF (ItemKNN),0.0,
AGZ6WR5FWZIEZTJ4A5KOX5W56IHQ,Content (Avg Emb),0.0,
AGZ6WR5FWZIEZTJ4A5KOX5W56IHQ,Last-Item,0.0,
AGZ6WR5FWZIEZTJ4A5KOX5W56IHQ,Avg-Last-10,0.0,
AGZ6WR5FWZIEZTJ4A5KOX5W56IHQ,Recency-Weighted,0.0,
AGZ6WR5FWZIEZTJ4A5KOX5W56IHQ,Essence (K=10),0.0,
AGZ7WAJXY3VKKAOYT3UUE2E4E62Q,Random,0.0,0.0
AGZ7WAJXY3VKKAOYT3UUE2E4E62Q,Popularity,0.0,0.0
AGZ7WAJXY3VKKAOYT3UUE2E4E62Q,CF (ItemKNN),0.0,0.0
AGZ7WAJXY3VKKAOYT3UUE2E4E62Q,Content (Avg Emb),0.16666666666666666,0.25
AGZ7WAJXY3VKKAOYT3UUE2E4E62Q,Last-Item,0.0,0.0
AGZ7WAJXY3VKKAOYT3UUE2E4E62Q,Avg-Last-10,0.5,0.75
AGZ7WAJXY3VKKAOYT3UUE2E4E62Q,Recency-Weighted,0.5,0.75
AGZ7WAJXY3VKKAOYT3UUE2E4E62Q,Essence (K=10),0.6666666666666666,1.0
AGZ7WJHXZNKASLP4O6NEOR77YRXA,Random,0.0,0.0
AGZ7WJHXZNKASLP4O6NEOR77YRXA,Popularity,0.0,0.0
AGZ7WJHXZNKASLP4O6NEOR77YRXA,CF (ItemKNN),0.0,0.0
AGZ7WJHXZNKASLP4O6NEOR77YRXA,Content (Avg Emb),0.0,0.0
AGZ7WJHXZNKASLP4O6NEOR77YRXA,Last-Item,0.0,0.0
AGZ7WJHXZNKASLP4O6NEOR77YRXA,Avg-Last-10,0.0,0.0
AGZ7WJHXZNKASLP4O6NEOR77YRXA,Recency-Weighted,0.0,0.0
AGZ7WJHXZNKASLP4O6NEOR77YRXA,Essence (K=10),0.0,0.0
AGZECJ7KL3PZZM5I5TYJW6QN2DMA,Random,0.0,0.0
AGZECJ7KL3PZZM5I5TYJW6QN2DMA,Popularity,0.0,0.0
AGZECJ7KL3PZZM5I5TYJW6QN2DMA,CF (ItemKNN),0.0,0.0
AGZECJ7KL3PZZM5I5TYJW6QN2DMA,Content (Avg Emb),0.0,0.0
AGZECJ7KL3PZZM5I5TYJW6QN2DMA,Last-Item,0.0,0.0
AGZECJ7KL3PZZM5I5TYJW6QN2DMA,Avg-Last-10,0.0,0.0
AGZECJ7KL3PZZM5I5TYJW6QN2DMA,Recency-Weighted,0.0,0.0
AGZECJ7KL3PZZM5I5TYJW6QN2DMA,Essence (K=10),0.0,0.0
AGZFH24CRE6MCFCUO6HC3EHT6EQQ,Random,0.0,
AGZFH24CRE6MCFCUO6HC3EHT6EQQ,Popularity,0.0,
AGZFH24CRE6MCFCUO6HC3EHT6EQQ,CF (ItemKNN),0.0,
AGZFH24CRE6MCFCUO6HC3EHT6EQQ,Content (Avg Emb),0.0,
AGZFH24CRE6MCFCUO6HC3EHT6EQQ,Last-Item,0.0,
AGZFH24CRE6MCFCUO6HC3EHT6EQQ,Avg-Last-10,0.0,
AGZFH24CRE6MCFCUO6HC3EHT6EQQ,Recency-Weighted,0.0,
AGZFH24CRE6MCFCUO6HC3EHT6EQQ,Essence (K=10),0.0,
AGZH2ST3APBDSEOUJ6MDBMGVQ4BA,Random,0.0,0.0
AGZH2ST3APBDSEOUJ6MDBMGVQ4BA,Popularity,0.0,0.0
AGZH2ST3APBDSEOUJ6MDBMGVQ4BA,CF (ItemKNN),0.0,0.0
AGZH2ST3APBDSEOUJ6MDBMGVQ4BA,Content (Avg Emb),0.0,0.0
AGZH2ST3APBDSEOUJ6MDBMGVQ4BA,Last-Item,0.0,0.0
AGZH2ST3APBDSEOUJ6MDBMGVQ4BA,Avg-Last-10,0.0,0.0
AGZH2ST3APBDSEOUJ6MDBMGVQ4BA,Recency-Weighted,0.0,0.0
AGZH2ST3APBDSEOUJ6MDBMGVQ4BA,Essence (K=10),0.0,0.0
AGZKFC5CXGXTI5LJSFXE5AQPHZQQ,Random,0.0,0.0
AGZKFC5CXGXTI5LJSFXE5AQPHZQQ,Popularity,0.0,0.0
AGZKFC5CXGXTI5LJSFXE5AQPHZQQ,CF (ItemKNN),0.0,0.0
AGZKFC5CXGXTI5LJSFXE5AQPHZQQ,Content (Avg Emb),0.0,0.0
AGZKFC5CXGXTI5LJSFXE5AQPHZQQ,Last-Item,0.0,0.0
AGZKFC5CXGXTI5LJSFXE5AQPHZQQ,Avg-Last-10,0.0,0.0
AGZKFC5CXGXTI5LJSFXE5AQPHZQQ,Recency-Weighted,0.0,0.0
AGZKFC5CXGXTI5LJSFXE5AQPHZQQ,Essence (K=10),0.0,0.0
AGZKSLZQNQ2NYDIITZKQZ3QYP4KA,Random,0.0,0.0
AGZKSLZQNQ2NYDIITZKQZ3QYP4KA,Popularity,0.0,0.0
AGZKSLZQNQ2NYDIITZKQZ3QYP4KA,CF (ItemKNN),0.0,0.0
AGZKSLZQNQ2NYDIITZKQZ3QYP4KA,Content (Avg Emb),0.0,0.0
AGZKSLZQNQ2NYDIITZKQZ3QYP4KA,Last-Item,0.0,0.0
AGZKSLZQNQ2NYDIITZKQZ3QYP4KA,Avg-Last-10,0.0,0.0
AGZKSLZQNQ2NYDIITZKQZ3QYP4KA,Recency-Weighted,0.0,0.0
AGZKSLZQNQ2NYDIITZKQZ3QYP4KA,Essence (K=10),0.0,0.0
AGZOH7IKAR57AL5S42FCIDMPTFFQ,Random,0.0,0.0
AGZOH7IKAR57AL5S42FCIDMPTFFQ,Popularity,0.0,0.0
AGZOH7IKAR57AL5S42FCIDMPTFFQ,CF (ItemKNN),0.0,0.0
AGZOH7IKAR57AL5S42FCIDMPTFFQ,Content (Avg Emb),0.0,0.0
AGZOH7IKAR57AL5S42FCIDMPTFFQ,Last-Item,0.0,0.0
AGZOH7IKAR57AL5S42FCIDMPTFFQ,Avg-Last-10,0.0,0.0
AGZOH7IKAR57AL5S42FCIDMPTFFQ,Recency-Weighted,0.0,0.0
AGZOH7IKAR57AL5S42FCIDMPTFFQ,Essence (K=10),0.0,0.0
AGZQJU2RDSB6V7YFXGSJDTFEQKPA,Random,0.0,0.0
AGZQJU2RDSB6V7YFXGSJDTFEQKPA,Popularity,0.0,0.0
AGZQJU2RDSB6V7YFXGSJDTFEQKPA,CF (ItemKNN),0.0,0.0
AGZQJU2RDSB6V7YFXGSJDTFEQKPA,Content (Avg Emb),0.0,0.0
AGZQJU2RDSB6V7YFXGSJDTFEQKPA,Last-Item,0.0,0.0
AGZQJU2RDSB6V7YFXGSJDTFEQKPA,Avg-Last-10,0.0,0.0
AGZQJU2RDSB6V7YFXGSJDTFEQKPA,Recency-Weighted,0.0,0.0
AGZQJU2RDSB6V7YFXGSJDTFEQKPA,Essence (K=10),0.0,0.0
AGZQOJP75S74HYD44SRXTTVMMULA,Random,0.0,0.0
AGZQOJP75S74HYD44SRXTTVMMULA,Popularity,0.0,0.0
AGZQOJP75S74HYD44SRXTTVMMULA,CF (ItemKNN),0.0,0.0
AGZQOJP75S74HYD44SRXTTVMMULA,Content (Avg Emb),0.0,0.0
AGZQOJP75S74HYD44SRXTTVMMULA,Last-Item,0.0,0.0
AGZQOJP75S74HYD44SRXTTVMMULA,Avg-Last-10,0.0,0.0
AGZQOJP75S74HYD44SRXTTVMMULA,Recency-Weighted,0.0,0.0
AGZQOJP75S74HYD44SRXTTVMMULA,Essence (K=10),0.0,0.0
AGZQWQE3MRDQ4EF73IN67CSS56DA,Random,0.0,0.0
AGZQWQE3MRDQ4EF73IN67CSS56DA,Popularity,0.0,0.0
AGZQWQE3MRDQ4EF73IN67CSS56DA,CF (ItemKNN),0.0,0.0
AGZQWQE3MRDQ4EF73IN67CSS56DA,Content (Avg Emb),0.0,0.0
AGZQWQE3MRDQ4EF73IN67CSS56DA,Last-Item,0.0,0.0
AGZQWQE3MRDQ4EF73IN67CSS56DA,Avg-Last-10,0.0,0.0
AGZQWQE3MRDQ4EF73IN67CSS56DA,Recency-Weighted,0.0,0.0
AGZQWQE3MRDQ4EF73IN67CSS56DA,Essence (K=10),0.0,0.0
AGZT3BTBFJO7C636MY6QE2OQZBSA,Random,0.0,
AGZT3BTBFJO7C636MY6QE2OQZBSA,Popularity,0.0,
AGZT3BTBFJO7C636MY6QE2OQZBSA,CF (ItemKNN),0.0,
AGZT3BTBFJO7C636MY6QE2OQZBSA,Content (Avg Emb),0.0,
AGZT3BTBFJO7C636MY6QE2OQZBSA,Last-Item,0.0,
AGZT3BTBFJO7C636MY6QE2OQZBSA,Avg-Last-10,0.0,
AGZT3BTBFJO7C636MY6QE2OQZBSA,Recency-Weighted,0.0,
AGZT3BTBFJO7C636MY6QE2OQZBSA,Essence (K=10),0.0,
AGZY67P2OKE7QHJ2G2SSAQBTGRCA,Random,0.0,0.0
AGZY67P2OKE7QHJ2G2SSAQBTGRCA,Popularity,0.0,0.0
AGZY67P2OKE7QHJ2G2SSAQBTGRCA,CF (ItemKNN),0.0,0.0
AGZY67P2OKE7QHJ2G2SSAQBTGRCA,Content (Avg Emb),0.0,0.0
AGZY67P2OKE7QHJ2G2SSAQBTGRCA,Last-Item,0.0,0.0
AGZY67P2OKE7QHJ2G2SSAQBTGRCA,Avg-Last-10,0.0,0.0
AGZY67P2OKE7QHJ2G2SSAQBTGRCA,Recency-Weighted,0.0,0.0
AGZY67P2OKE7QHJ2G2SSAQBTGRCA,Essence (K=10),0.0,0.0
AGZZ6O6HFTDSOJ2SNR7IZNMM63NA,Random,0.0,0.0
AGZZ6O6HFTDSOJ2SNR7IZNMM63NA,Popularity,0.0,0.0
AGZZ6O6HFTDSOJ2SNR7IZNMM63NA,CF (ItemKNN),0.0,0.0
AGZZ6O6HFTDSOJ2SNR7IZNMM63NA,Content (Avg Emb),0.0,0.0
AGZZ6O6HFTDSOJ2SNR7IZNMM63NA,Last-Item,0.0,0.0
AGZZ6O6HFTDSOJ2SNR7IZNMM63NA,Avg-Last-10,0.0,0.0
AGZZ6O6HFTDSOJ2SNR7IZNMM63NA,Recency-Weighted,0.0,0.0
AGZZ6O6HFTDSOJ2SNR7IZNMM63NA,Essence (K=10),0.0,0.0
AH227EGVADHYFBIKGKTZFL7ZDDUQ,Random,0.0,0.0
AH227EGVADHYFBIKGKTZFL7ZDDUQ,Popularity,0.16666666666666666,0.0
AH227EGVADHYFBIKGKTZFL7ZDDUQ,CF (ItemKNN),0.0,0.0
AH227EGVADHYFBIKGKTZFL7ZDDUQ,Content (Avg Emb),0.0,0.0
AH227EGVADHYFBIKGKTZFL7ZDDUQ,Last-Item,0.0,0.0
AH227EGVADHYFBIKGKTZFL7ZDDUQ,Avg-Last-10,0.0,0.0
AH227EGVADHYFBIKGKTZFL7ZDDUQ,Recency-Weighted,0.0,0.0
AH227EGVADHYFBIKGKTZFL7ZDDUQ,Essence (K=10),0.0,0.0
AH232QGKO6VL3674XFR2S4NWBRUA,Random,0.0,0.0
AH232QGKO6VL3674XFR2S4NWBRUA,Popularity,0.0,0.0
AH232QGKO6VL3674XFR2S4NWBRUA,CF (ItemKNN),0.0,0.0
AH232QGKO6VL3674XFR2S4NWBRUA,Content (Avg Emb),0.0,0.0
AH232QGKO6VL3674XFR2S4NWBRUA,Last-Item,0.0,0.0
AH232QGKO6VL3674XFR2S4NWBRUA,Avg-Last-10,0.0,0.0
AH232QGKO6VL3674XFR2S4NWBRUA,Recency-Weighted,0.0,0.0
AH232QGKO6VL3674XFR2S4NWBRUA,Essence (K=10),0.0,0.0
AH23KVPPAIVTSTPNWMP4YOX332LA,Random,0.0,0.0
AH23KVPPAIVTSTPNWMP4YOX332LA,Popularity,0.0,0.0
AH23KVPPAIVTSTPNWMP4YOX332LA,CF (ItemKNN),0.0,0.0
AH23KVPPAIVTSTPNWMP4YOX332LA,Content (Avg Emb),0.0,0.0
AH23KVPPAIVTSTPNWMP4YOX332LA,Last-Item,0.0,0.0
AH23KVPPAIVTSTPNWMP4YOX332LA,Avg-Last-10,0.0,0.0
AH23KVPPAIVTSTPNWMP4YOX332LA,Recency-Weighted,0.0,0.0
AH23KVPPAIVTSTPNWMP4YOX332LA,Essence (K=10),0.0,0.0
AH24VLCXAMHTCPV3YPMF7DDUQ7OQ,Random,0.0,0.0
AH24VLCXAMHTCPV3YPMF7DDUQ7OQ,Popularity,0.0,0.0
AH24VLCXAMHTCPV3YPMF7DDUQ7OQ,CF (ItemKNN),0.0,0.0
AH24VLCXAMHTCPV3YPMF7DDUQ7OQ,Content (Avg Emb),0.0,0.0
AH24VLCXAMHTCPV3YPMF7DDUQ7OQ,Last-Item,0.09090909090909091,0.0
AH24VLCXAMHTCPV3YPMF7DDUQ7OQ,Avg-Last-10,0.0,0.0
AH24VLCXAMHTCPV3YPMF7DDUQ7OQ,Recency-Weighted,0.0,0.0
AH24VLCXAMHTCPV3YPMF7DDUQ7OQ,Essence (K=10),0.0,0.0
AH26FLC6BPHBL63SUXSEUGQMXNWQ,Random,0.0,0.0
AH26FLC6BPHBL63SUXSEUGQMXNWQ,Popularity,0.0,0.0
AH26FLC6BPHBL63SUXSEUGQMXNWQ,CF (ItemKNN),0.0,0.0
AH26FLC6BPHBL63SUXSEUGQMXNWQ,Content (Avg Emb),0.0,0.0
AH26FLC6BPHBL63SUXSEUGQMXNWQ,Last-Item,0.0,0.0
AH26FLC6BPHBL63SUXSEUGQMXNWQ,Avg-Last-10,0.0,0.0
AH26FLC6BPHBL63SUXSEUGQMXNWQ,Recency-Weighted,0.0,0.0
AH26FLC6BPHBL63SUXSEUGQMXNWQ,Essence (K=10),0.0,0.0
AH276SFTVG7AVS5GBXFACGKQK6RQ,Random,0.0,
AH276SFTVG7AVS5GBXFACGKQK6RQ,Popularity,0.0,
AH276SFTVG7AVS5GBXFACGKQK6RQ,CF (ItemKNN),0.0,
AH276SFTVG7AVS5GBXFACGKQK6RQ,Content (Avg Emb),0.0,
AH276SFTVG7AVS5GBXFACGKQK6RQ,Last-Item,0.0,
AH276SFTVG7AVS5GBXFACGKQK6RQ,Avg-Last-10,0.0,
AH276SFTVG7AVS5GBXFACGKQK6RQ,Recency-Weighted,0.0,
AH276SFTVG7AVS5GBXFACGKQK6RQ,Essence (K=10),0.0,
AH2EFOGF4XQC6EBVQ5WRKV7QZBMQ,Random,0.0,
AH2EFOGF4XQC6EBVQ5WRKV7QZBMQ,Popularity,0.0,
AH2EFOGF4XQC6EBVQ5WRKV7QZBMQ,CF (ItemKNN),0.0,
AH2EFOGF4XQC6EBVQ5WRKV7QZBMQ,Content (Avg Emb),0.0,
AH2EFOGF4XQC6EBVQ5WRKV7QZBMQ,Last-Item,0.0,
AH2EFOGF4XQC6EBVQ5WRKV7QZBMQ,Avg-Last-10,0.0,
AH2EFOGF4XQC6EBVQ5WRKV7QZBMQ,Recency-Weighted,0.0,
AH2EFOGF4XQC6EBVQ5WRKV7QZBMQ,Essence (K=10),0.0,
AH2JJB2A7K6QAB3PF73LIOQVTHMA,Random,0.0,
AH2JJB2A7K6QAB3PF73LIOQVTHMA,Popularity,0.0,
AH2JJB2A7K6QAB3PF73LIOQVTHMA,CF (ItemKNN),0.0,
AH2JJB2A7K6QAB3PF73LIOQVTHMA,Content (Avg Emb),0.0,
AH2JJB2A7K6QAB3PF73LIOQVTHMA,Last-Item,0.0,
AH2JJB2A7K6QAB3PF73LIOQVTHMA,Avg-Last-10,0.0,
AH2JJB2A7K6QAB3PF73LIOQVTHMA,Recency-Weighted,0.0,
AH2JJB2A7K6QAB3PF73LIOQVTHMA,Essence (K=10),0.0,
AH2LO236DZ5FGRMBCIFBOCI3MBKQ,Random,0.0,0.0
AH2LO236DZ5FGRMBCIFBOCI3MBKQ,Popularity,0.0,0.0
AH2LO236DZ5FGRMBCIFBOCI3MBKQ,CF (ItemKNN),0.0,0.0
AH2LO236DZ5FGRMBCIFBOCI3MBKQ,Content (Avg Emb),0.0,0.0
AH2LO236DZ5FGRMBCIFBOCI3MBKQ,Last-Item,0.0,0.0
AH2LO236DZ5FGRMBCIFBOCI3MBKQ,Avg-Last-10,0.0,0.0
AH2LO236DZ5FGRMBCIFBOCI3MBKQ,Recency-Weighted,0.0,0.0
AH2LO236DZ5FGRMBCIFBOCI3MBKQ,Essence (K=10),0.0,0.0
AH2MEH4OK2SPZPLBBAYUPGGVXB4A,Random,0.0,0.0
AH2MEH4OK2SPZPLBBAYUPGGVXB4A,Popularity,0.0,0.0
AH2MEH4OK2SPZPLBBAYUPGGVXB4A,CF (ItemKNN),0.0,0.0
AH2MEH4OK2SPZPLBBAYUPGGVXB4A,Content (Avg Emb),0.0,0.0
AH2MEH4OK2SPZPLBBAYUPGGVXB4A,Last-Item,0.0,0.0
AH2MEH4OK2SPZPLBBAYUPGGVXB4A,Avg-Last-10,0.0,0.0
AH2MEH4OK2SPZPLBBAYUPGGVXB4A,Recency-Weighted,0.0,0.0
AH2MEH4OK2SPZPLBBAYUPGGVXB4A,Essence (K=10),0.0,0.0
AH2QFKQ74Y2NJLWRKCBIPSOTC5NQ,Random,0.0,0.0
AH2QFKQ74Y2NJLWRKCBIPSOTC5NQ,Popularity,0.0,0.0
AH2QFKQ74Y2NJLWRKCBIPSOTC5NQ,CF (ItemKNN),0.0,0.0
AH2QFKQ74Y2NJLWRKCBIPSOTC5NQ,Content (Avg Emb),0.0,0.0
AH2QFKQ74Y2NJLWRKCBIPSOTC5NQ,Last-Item,0.0,0.0
AH2QFKQ74Y2NJLWRKCBIPSOTC5NQ,Avg-Last-10,0.0,0.0
AH2QFKQ74Y2NJLWRKCBIPSOTC5NQ,Recency-Weighted,0.0,0.0
AH2QFKQ74Y2NJLWRKCBIPSOTC5NQ,Essence (K=10),0.0,0.0
AH2QGHBGNT6RNJ5HNP3FZCDF6K5Q,Random,0.0,0.0
AH2QGHBGNT6RNJ5HNP3FZCDF6K5Q,Popularity,0.0,0.0
AH2QGHBGNT6RNJ5HNP3FZCDF6K5Q,CF (ItemKNN),0.0,0.0
AH2QGHBGNT6RNJ5HNP3FZCDF6K5Q,Content (Avg Emb),0.0,0.0
AH2QGHBGNT6RNJ5HNP3FZCDF6K5Q,Last-Item,0.0,0.0
AH2QGHBGNT6RNJ5HNP3FZCDF6K5Q,Avg-Last-10,0.0,0.0
AH2QGHBGNT6RNJ5HNP3FZCDF6K5Q,Recency-Weighted,0.0,0.0
AH2QGHBGNT6RNJ5HNP3FZCDF6K5Q,Essence (K=10),0.0,0.0
AH2RSUSQP3R5C5Z6UXMP5TQLVGIQ,Random,0.0,0.0
AH2RSUSQP3R5C5Z6UXMP5TQLVGIQ,Popularity,0.0,0.0
AH2RSUSQP3R5C5Z6UXMP5TQLVGIQ,CF (ItemKNN),0.0,0.0
AH2RSUSQP3R5C5Z6UXMP5TQLVGIQ,Content (Avg Emb),0.0,0.0
AH2RSUSQP3R5C5Z6UXMP5TQLVGIQ,Last-Item,0.0,0.0
AH2RSUSQP3R5C5Z6UXMP5TQLVGIQ,Avg-Last-10,0.0,0.0
AH2RSUSQP3R5C5Z6UXMP5TQLVGIQ,Recency-Weighted,0.0,0.0
AH2RSUSQP3R5C5Z6UXMP5TQLVGIQ,Essence (K=10),0.0,0.0
AH2TLZHL4HZCEO6UHF4NSZBO7L7A,Random,0.0,0.0
AH2TLZHL4HZCEO6UHF4NSZBO7L7A,Popularity,0.0,0.0
AH2TLZHL4HZCEO6UHF4NSZBO7L7A,CF (ItemKNN),0.0,0.0
AH2TLZHL4HZCEO6UHF4NSZBO7L7A,Content (Avg Emb),0.0,0.0
AH2TLZHL4HZCEO6UHF4NSZBO7L7A,Last-Item,0.0,0.0
AH2TLZHL4HZCEO6UHF4NSZBO7L7A,Avg-Last-10,0.0,0.0
AH2TLZHL4HZCEO6UHF4NSZBO7L7A,Recency-Weighted,0.0,0.0
AH2TLZHL4HZCEO6UHF4NSZBO7L7A,Essence (K=10),0.0,0.0
AH2TTVHXMBUUY3EMXM4RX2OYNLWA,Random,0.0,0.0
AH2TTVHXMBUUY3EMXM4RX2OYNLWA,Popularity,0.0,0.0
AH2TTVHXMBUUY3EMXM4RX2OYNLWA,CF (ItemKNN),0.0,0.0
AH2TTVHXMBUUY3EMXM4RX2OYNLWA,Content (Avg Emb),0.0,0.0
AH2TTVHXMBUUY3EMXM4RX2OYNLWA,Last-Item,0.0,0.0
AH2TTVHXMBUUY3EMXM4RX2OYNLWA,Avg-Last-10,0.0,0.0
AH2TTVHXMBUUY3EMXM4RX2OYNLWA,Recency-Weighted,0.0,0.0
AH2TTVHXMBUUY3EMXM4RX2OYNLWA,Essence (K=10),0.0,0.0
AH2V2363PPQ3T4AQTLTLMVW26DJA,Random,0.0,0.0
AH2V2363PPQ3T4AQTLTLMVW26DJA,Popularity,0.0,0.0
AH2V2363PPQ3T4AQTLTLMVW26DJA,CF (ItemKNN),0.0,0.0
AH2V2363PPQ3T4AQTLTLMVW26DJA,Content (Avg Emb),0.0,0.0
AH2V2363PPQ3T4AQTLTLMVW26DJA,Last-Item,0.0,0.0
AH2V2363PPQ3T4AQTLTLMVW26DJA,Avg-Last-10,0.0,0.0
AH2V2363PPQ3T4AQTLTLMVW26DJA,Recency-Weighted,0.0,0.0
AH2V2363PPQ3T4AQTLTLMVW26DJA,Essence (K=10),0.0,0.0
AH2XLJY3NBDNQYW73QFYA773QR5A,Random,0.0,0.0
AH2XLJY3NBDNQYW73QFYA773QR5A,Popularity,0.0,0.0
AH2XLJY3NBDNQYW73QFYA773QR5A,CF (ItemKNN),0.0,0.0
AH2XLJY3NBDNQYW73QFYA773QR5A,Content (Avg Emb),0.0,0.0
AH2XLJY3NBDNQYW73QFYA773QR5A,Last-Item,0.2,0.5
AH2XLJY3NBDNQYW73QFYA773QR5A,Avg-Last-10,0.0,0.0
AH2XLJY3NBDNQYW73QFYA773QR5A,Recency-Weighted,0.0,0.0
AH2XLJY3NBDNQYW73QFYA773QR5A,Essence (K=10),0.0,0.0
AH32YEBAAXOZP2GCW4YCBTWL6O4Q,Random,0.0,0.0
AH32YEBAAXOZP2GCW4YCBTWL6O4Q,Popularity,0.0,0.0
AH32YEBAAXOZP2GCW4YCBTWL6O4Q,CF (ItemKNN),0.0,0.0
AH32YEBAAXOZP2GCW4YCBTWL6O4Q,Content (Avg Emb),0.0,0.0
AH32YEBAAXOZP2GCW4YCBTWL6O4Q,Last-Item,0.1111111111111111,0.25
AH32YEBAAXOZP2GCW4YCBTWL6O4Q,Avg-Last-10,0.0,0.0
AH32YEBAAXOZP2GCW4YCBTWL6O4Q,Recency-Weighted,0.0,0.0
AH32YEBAAXOZP2GCW4YCBTWL6O4Q,Essence (K=10),0.0,0.0
AH33W6SYOY4VG7HHA6UFAQGZNVHQ,Random,0.0,
AH33W6SYOY4VG7HHA6UFAQGZNVHQ,Popularity,0.0,
AH33W6SYOY4VG7HHA6UFAQGZNVHQ,CF (ItemKNN),0.0,
AH33W6SYOY4VG7HHA6UFAQGZNVHQ,Content (Avg Emb),0.2,
AH33W6SYOY4VG7HHA6UFAQGZNVHQ,Last-Item,0.0,
AH33W6SYOY4VG7HHA6UFAQGZNVHQ,Avg-Last-10,0.2,
AH33W6SYOY4VG7HHA6UFAQGZNVHQ,Recency-Weighted,0.2,
AH33W6SYOY4VG7HHA6UFAQGZNVHQ,Essence (K=10),0.0,
AH347H2JGJXR6OORA4BMY74I7IQA,Random,0.0,0.0
AH347H2JGJXR6OORA4BMY74I7IQA,Popularity,0.0,0.0
AH347H2JGJXR6OORA4BMY74I7IQA,CF (ItemKNN),0.0,0.0
AH347H2JGJXR6OORA4BMY74I7IQA,Content (Avg Emb),0.0,0.0
AH347H2JGJXR6OORA4BMY74I7IQA,Last-Item,0.0,0.0
AH347H2JGJXR6OORA4BMY74I7IQA,Avg-Last-10,0.0,0.0
AH347H2JGJXR6OORA4BMY74I7IQA,Recency-Weighted,0.0,0.0
AH347H2JGJXR6OORA4BMY74I7IQA,Essence (K=10),0.0,0.0
AH34X7VFDO7SY5PT6XHW3UVV3LLQ,Random,0.0,0.0
AH34X7VFDO7SY5PT6XHW3UVV3LLQ,Popularity,0.0,0.0
AH34X7VFDO7SY5PT6XHW3UVV3LLQ,CF (ItemKNN),0.0,0.0
AH34X7VFDO7SY5PT6XHW3UVV3LLQ,Content (Avg Emb),0.0,0.0
AH34X7VFDO7SY5PT6XHW3UVV3LLQ,Last-Item,0.0,0.0
AH34X7VFDO7SY5PT6XHW3UVV3LLQ,Avg-Last-10,0.0,0.0
AH34X7VFDO7SY5PT6XHW3UVV3LLQ,Recency-Weighted,0.0,0.0
AH34X7VFDO7SY5PT6XHW3UVV3LLQ,Essence (K=10),0.0,0.0
AH35S4JME5GTRFDVFMYSOB5EDYCA,Random,0.0,0.0
AH35S4JME5GTRFDVFMYSOB5EDYCA,Popularity,0.0,0.0
AH35S4JME5GTRFDVFMYSOB5EDYCA,CF (ItemKNN),0.0,0.0
AH35S4JME5GTRFDVFMYSOB5EDYCA,Content (Avg Emb),0.0,0.0
AH35S4JME5GTRFDVFMYSOB5EDYCA,Last-Item,0.0,0.0
AH35S4JME5GTRFDVFMYSOB5EDYCA,Avg-Last-10,0.0,0.0
AH35S4JME5GTRFDVFMYSOB5EDYCA,Recency-Weighted,0.0,0.0
AH35S4JME5GTRFDVFMYSOB5EDYCA,Essence (K=10),0.0,0.0
AH36KWUMB24PUSFKKZXWS464VPRQ,Random,0.0,0.0
AH36KWUMB24PUSFKKZXWS464VPRQ,Popularity,0.0,0.0
AH36KWUMB24PUSFKKZXWS464VPRQ,CF (ItemKNN),0.0,0.0
AH36KWUMB24PUSFKKZXWS464VPRQ,Content (Avg Emb),0.0,0.0
AH36KWUMB24PUSFKKZXWS464VPRQ,Last-Item,0.0,0.0
AH36KWUMB24PUSFKKZXWS464VPRQ,Avg-Last-10,0.0,0.0
AH36KWUMB24PUSFKKZXWS464VPRQ,Recency-Weighted,0.0,0.0
AH36KWUMB24PUSFKKZXWS464VPRQ,Essence (K=10),0.0,0.0
AH3BBW3ZDFENJQO2VJXNJWNBS75A,Random,0.0,
AH3BBW3ZDFENJQO2VJXNJWNBS75A,Popularity,0.0,
AH3BBW3ZDFENJQO2VJXNJWNBS75A,CF (ItemKNN),0.0,
AH3BBW3ZDFENJQO2VJXNJWNBS75A,Content (Avg Emb),0.0,
AH3BBW3ZDFENJQO2VJXNJWNBS75A,Last-Item,0.0,
AH3BBW3ZDFENJQO2VJXNJWNBS75A,Avg-Last-10,0.0,
AH3BBW3ZDFENJQO2VJXNJWNBS75A,Recency-Weighted,0.0,
AH3BBW3ZDFENJQO2VJXNJWNBS75A,Essence (K=10),0.0,
AH3IF3YZC3OPG4M6QAROMEI2KUVA,Random,0.0,0.0
AH3IF3YZC3OPG4M6QAROMEI2KUVA,Popularity,0.0,0.0
AH3IF3YZC3OPG4M6QAROMEI2KUVA,CF (ItemKNN),0.0,0.0
AH3IF3YZC3OPG4M6QAROMEI2KUVA,Content (Avg Emb),0.0,0.0
AH3IF3YZC3OPG4M6QAROMEI2KUVA,Last-Item,0.0,0.0
AH3IF3YZC3OPG4M6QAROMEI2KUVA,Avg-Last-10,0.0,0.0
AH3IF3YZC3OPG4M6QAROMEI2KUVA,Recency-Weighted,0.0,0.0
AH3IF3YZC3OPG4M6QAROMEI2KUVA,Essence (K=10),0.0,0.0
AH3KTRUURYKUVNIWFIZWL63ATR6Q,Random,0.0,0.0
AH3KTRUURYKUVNIWFIZWL63ATR6Q,Popularity,0.0,0.0
AH3KTRUURYKUVNIWFIZWL63ATR6Q,CF (ItemKNN),0.0,0.0
AH3KTRUURYKUVNIWFIZWL63ATR6Q,Content (Avg Emb),0.058823529411764705,0.0
AH3KTRUURYKUVNIWFIZWL63ATR6Q,Last-Item,0.17647058823529413,0.0
AH3KTRUURYKUVNIWFIZWL63ATR6Q,Avg-Last-10,0.058823529411764705,0.0
AH3KTRUURYKUVNIWFIZWL63ATR6Q,Recency-Weighted,0.058823529411764705,0.0
AH3KTRUURYKUVNIWFIZWL63ATR6Q,Essence (K=10),0.0,0.0
AH3O53GIM74MBRQDFA2HD4DJOE3Q,Random,0.0,0.0
AH3O53GIM74MBRQDFA2HD4DJOE3Q,Popularity,0.0,0.0
AH3O53GIM74MBRQDFA2HD4DJOE3Q,CF (ItemKNN),0.0,0.0
AH3O53GIM74MBRQDFA2HD4DJOE3Q,Content (Avg Emb),0.0,0.0
AH3O53GIM74MBRQDFA2HD4DJOE3Q,Last-Item,0.0,0.0
AH3O53GIM74MBRQDFA2HD4DJOE3Q,Avg-Last-10,0.0,0.0
AH3O53GIM74MBRQDFA2HD4DJOE3Q,Recency-Weighted,0.0,0.0
AH3O53GIM74MBRQDFA2HD4DJOE3Q,Essence (K=10),0.0,0.0
AH3PHZMRBCJ5GHU4GKCFIZWM5BEA,Random,0.0,0.0
AH3PHZMRBCJ5GHU4GKCFIZWM5BEA,Popularity,0.0,0.0
AH3PHZMRBCJ5GHU4GKCFIZWM5BEA,CF (ItemKNN),0.0,0.0
AH3PHZMRBCJ5GHU4GKCFIZWM5BEA,Content (Avg Emb),0.0,0.0
AH3PHZMRBCJ5GHU4GKCFIZWM5BEA,Last-Item,0.0,0.0
AH3PHZMRBCJ5GHU4GKCFIZWM5BEA,Avg-Last-10,0.0,0.0
AH3PHZMRBCJ5GHU4GKCFIZWM5BEA,Recency-Weighted,0.0,0.0
AH3PHZMRBCJ5GHU4GKCFIZWM5BEA,Essence (K=10),0.0,0.0
AH3U7AE5X7JG6VK2AIM7P6FESXBA,Random,0.0,0.0
AH3U7AE5X7JG6VK2AIM7P6FESXBA,Popularity,0.0,0.0
AH3U7AE5X7JG6VK2AIM7P6FESXBA,CF (ItemKNN),0.0,0.0
AH3U7AE5X7JG6VK2AIM7P6FESXBA,Content (Avg Emb),0.0,0.0
AH3U7AE5X7JG6VK2AIM7P6FESXBA,Last-Item,0.0,0.0
AH3U7AE5X7JG6VK2AIM7P6FESXBA,Avg-Last-10,0.0,0.0
AH3U7AE5X7JG6VK2AIM7P6FESXBA,Recency-Weighted,0.0,0.0
AH3U7AE5X7JG6VK2AIM7P6FESXBA,Essence (K=10),0.0,0.0
AH3WE3BUFWZPIJGKPUED57WDOYWQ,Random,0.0,
AH3WE3BUFWZPIJGKPUED57WDOYWQ,Popularity,0.0,
AH3WE3BUFWZPIJGKPUED57WDOYWQ,CF (ItemKNN),0.0,
AH3WE3BUFWZPIJGKPUED57WDOYWQ,Content (Avg Emb),0.0,
AH3WE3BUFWZPIJGKPUED57WDOYWQ,Last-Item,0.0,
AH3WE3BUFWZPIJGKPUED57WDOYWQ,Avg-Last-10,0.0,
AH3WE3BUFWZPIJGKPUED57WDOYWQ,Recency-Weighted,0.0,
AH3WE3BUFWZPIJGKPUED57WDOYWQ,Essence (K=10),0.25,
AH3WEXYMGWESCW3WXL4MW5NU5WZQ,Random,0.0,
AH3WEXYMGWESCW3WXL4MW5NU5WZQ,Popularity,0.0,
AH3WEXYMGWESCW3WXL4MW5NU5WZQ,CF (ItemKNN),0.0,
AH3WEXYMGWESCW3WXL4MW5NU5WZQ,Content (Avg Emb),0.0,
AH3WEXYMGWESCW3WXL4MW5NU5WZQ,Last-Item,0.0,
AH3WEXYMGWESCW3WXL4MW5NU5WZQ,Avg-Last-10,0.0,
AH3WEXYMGWESCW3WXL4MW5NU5WZQ,Recency-Weighted,0.0,
AH3WEXYMGWESCW3WXL4MW5NU5WZQ,Essence (K=10),0.0,
AH3WLLNGMQQNYYF2FIFEL7M2YFTQ,Random,0.0,0.0
AH3WLLNGMQQNYYF2FIFEL7M2YFTQ,Popularity,0.0,0.0
AH3WLLNGMQQNYYF2FIFEL7M2YFTQ,CF (ItemKNN),0.0,0.0
AH3WLLNGMQQNYYF2FIFEL7M2YFTQ,Content (Avg Emb),0.0,0.0
AH3WLLNGMQQNYYF2FIFEL7M2YFTQ,Last-Item,0.0,0.0
AH3WLLNGMQQNYYF2FIFEL7M2YFTQ,Avg-Last-10,0.0,0.0
AH3WLLNGMQQNYYF2FIFEL7M2YFTQ,Recency-Weighted,0.0,0.0
AH3WLLNGMQQNYYF2FIFEL7M2YFTQ,Essence (K=10),0.0,0.0
AH3XATQYVLAE4QIDBXF5EKPQ4BAQ,Random,0.0,0.0
AH3XATQYVLAE4QIDBXF5EKPQ4BAQ,Popularity,0.0,0.0
AH3XATQYVLAE4QIDBXF5EKPQ4BAQ,CF (ItemKNN),0.0,0.0
AH3XATQYVLAE4QIDBXF5EKPQ4BAQ,Content (Avg Emb),0.0,0.0
AH3XATQYVLAE4QIDBXF5EKPQ4BAQ,Last-Item,0.0,0.0
AH3XATQYVLAE4QIDBXF5EKPQ4BAQ,Avg-Last-10,0.0,0.0
AH3XATQYVLAE4QIDBXF5EKPQ4BAQ,Recency-Weighted,0.0,0.0
AH3XATQYVLAE4QIDBXF5EKPQ4BAQ,Essence (K=10),0.0,0.0
AH3XMLDEK5HDV7XU6O6W7VCYMXIA,Random,0.0,
AH3XMLDEK5HDV7XU6O6W7VCYMXIA,Popularity,0.0,
AH3XMLDEK5HDV7XU6O6W7VCYMXIA,CF (ItemKNN),0.0,
AH3XMLDEK5HDV7XU6O6W7VCYMXIA,Content (Avg Emb),0.0,
AH3XMLDEK5HDV7XU6O6W7VCYMXIA,Last-Item,0.0,
AH3XMLDEK5HDV7XU6O6W7VCYMXIA,Avg-Last-10,0.0,
AH3XMLDEK5HDV7XU6O6W7VCYMXIA,Recency-Weighted,0.0,
AH3XMLDEK5HDV7XU6O6W7VCYMXIA,Essence (K=10),0.0,
AH3YRAYNNPMX2XDKHDSIWRW7AVOA,Random,0.0,0.0
AH3YRAYNNPMX2XDKHDSIWRW7AVOA,Popularity,0.0,0.0
AH3YRAYNNPMX2XDKHDSIWRW7AVOA,CF (ItemKNN),0.0,0.0
AH3YRAYNNPMX2XDKHDSIWRW7AVOA,Content (Avg Emb),0.0,0.0
AH3YRAYNNPMX2XDKHDSIWRW7AVOA,Last-Item,0.0,0.0
AH3YRAYNNPMX2XDKHDSIWRW7AVOA,Avg-Last-10,0.0,0.0
AH3YRAYNNPMX2XDKHDSIWRW7AVOA,Recency-Weighted,0.0,0.0
AH3YRAYNNPMX2XDKHDSIWRW7AVOA,Essence (K=10),0.0,0.0
AH463QO2BUIEVIV777PQW2RTDYTA,Random,0.0,0.0
AH463QO2BUIEVIV777PQW2RTDYTA,Popularity,0.0,0.0
AH463QO2BUIEVIV777PQW2RTDYTA,CF (ItemKNN),0.0,0.0
AH463QO2BUIEVIV777PQW2RTDYTA,Content (Avg Emb),0.0,0.0
AH463QO2BUIEVIV777PQW2RTDYTA,Last-Item,0.0,0.0
AH463QO2BUIEVIV777PQW2RTDYTA,Avg-Last-10,0.0,0.0
AH463QO2BUIEVIV777PQW2RTDYTA,Recency-Weighted,0.0,0.0
AH463QO2BUIEVIV777PQW2RTDYTA,Essence (K=10),0.0,0.0
AH46NSSSLAE42FCZZZOITQ6PCN6A,Random,0.0,0.0
AH46NSSSLAE42FCZZZOITQ6PCN6A,Popularity,0.0,0.0
AH46NSSSLAE42FCZZZOITQ6PCN6A,CF (ItemKNN),0.0,0.0
AH46NSSSLAE42FCZZZOITQ6PCN6A,Content (Avg Emb),0.0,0.0
AH46NSSSLAE42FCZZZOITQ6PCN6A,Last-Item,0.0,0.0
AH46NSSSLAE42FCZZZOITQ6PCN6A,Avg-Last-10,0.0,0.0
AH46NSSSLAE42FCZZZOITQ6PCN6A,Recency-Weighted,0.0,0.0
AH46NSSSLAE42FCZZZOITQ6PCN6A,Essence (K=10),0.0,0.0
AH4ELM4FRCKDHYYFGF7NR7H3QNJA,Random,0.0,0.0
AH4ELM4FRCKDHYYFGF7NR7H3QNJA,Popularity,0.14285714285714285,0.0
AH4ELM4FRCKDHYYFGF7NR7H3QNJA,CF (ItemKNN),0.0,0.0
AH4ELM4FRCKDHYYFGF7NR7H3QNJA,Content (Avg Emb),0.0,0.0
AH4ELM4FRCKDHYYFGF7NR7H3QNJA,Last-Item,0.0,0.0
AH4ELM4FRCKDHYYFGF7NR7H3QNJA,Avg-Last-10,0.0,0.0
AH4ELM4FRCKDHYYFGF7NR7H3QNJA,Recency-Weighted,0.0,0.0
AH4ELM4FRCKDHYYFGF7NR7H3QNJA,Essence (K=10),0.0,0.0
AH4JE3MACJFT7QFNZYOR6VWCPRIQ,Random,0.0,
AH4JE3MACJFT7QFNZYOR6VWCPRIQ,Popularity,0.0,
AH4JE3MACJFT7QFNZYOR6VWCPRIQ,CF (ItemKNN),0.0,
AH4JE3MACJFT7QFNZYOR6VWCPRIQ,Content (Avg Emb),0.0,
AH4JE3MACJFT7QFNZYOR6VWCPRIQ,Last-Item,0.0,
AH4JE3MACJFT7QFNZYOR6VWCPRIQ,Avg-Last-10,0.0,
AH4JE3MACJFT7QFNZYOR6VWCPRIQ,Recency-Weighted,0.0,
AH4JE3MACJFT7QFNZYOR6VWCPRIQ,Essence (K=10),0.0,
AH4KAC7BEOHQCM4LNJQUMTYRFCWA,Random,0.0,0.0
AH4KAC7BEOHQCM4LNJQUMTYRFCWA,Popularity,0.0,0.0
AH4KAC7BEOHQCM4LNJQUMTYRFCWA,CF (ItemKNN),0.0,0.0
AH4KAC7BEOHQCM4LNJQUMTYRFCWA,Content (Avg Emb),0.0,0.0
AH4KAC7BEOHQCM4LNJQUMTYRFCWA,Last-Item,0.0,0.0
AH4KAC7BEOHQCM4LNJQUMTYRFCWA,Avg-Last-10,0.0,0.0
AH4KAC7BEOHQCM4LNJQUMTYRFCWA,Recency-Weighted,0.0,0.0
AH4KAC7BEOHQCM4LNJQUMTYRFCWA,Essence (K=10),0.0,0.0
AH4LFQPPUIM5ZD35J6KN4ICFXIZA,Random,0.0,
AH4LFQPPUIM5ZD35J6KN4ICFXIZA,Popularity,0.0,
AH4LFQPPUIM5ZD35J6KN4ICFXIZA,CF (ItemKNN),0.0,
AH4LFQPPUIM5ZD35J6KN4ICFXIZA,Content (Avg Emb),0.0,
AH4LFQPPUIM5ZD35J6KN4ICFXIZA,Last-Item,0.0,
AH4LFQPPUIM5ZD35J6KN4ICFXIZA,Avg-Last-10,0.0,
AH4LFQPPUIM5ZD35J6KN4ICFXIZA,Recency-Weighted,0.0,
AH4LFQPPUIM5ZD35J6KN4ICFXIZA,Essence (K=10),0.0,
AH4LFZCGDG37DTGFRUKLKKCEJ7UQ,Random,0.0,0.0
AH4LFZCGDG37DTGFRUKLKKCEJ7UQ,Popularity,0.0,0.0
AH4LFZCGDG37DTGFRUKLKKCEJ7UQ,CF (ItemKNN),0.0,0.0
AH4LFZCGDG37DTGFRUKLKKCEJ7UQ,Content (Avg Emb),0.0,0.0
AH4LFZCGDG37DTGFRUKLKKCEJ7UQ,Last-Item,0.0,0.0
AH4LFZCGDG37DTGFRUKLKKCEJ7UQ,Avg-Last-10,0.0,0.0
AH4LFZCGDG37DTGFRUKLKKCEJ7UQ,Recency-Weighted,0.0,0.0
AH4LFZCGDG37DTGFRUKLKKCEJ7UQ,Essence (K=10),0.0,0.0
AH4MZBBMKMYDFAUEMSJXX4HVBC7Q,Random,0.0,0.0
AH4MZBBMKMYDFAUEMSJXX4HVBC7Q,Popularity,0.0,0.0
AH4MZBBMKMYDFAUEMSJXX4HVBC7Q,CF (ItemKNN),0.0,0.0
AH4MZBBMKMYDFAUEMSJXX4HVBC7Q,Content (Avg Emb),0.0,0.0
AH4MZBBMKMYDFAUEMSJXX4HVBC7Q,Last-Item,0.0,0.0
AH4MZBBMKMYDFAUEMSJXX4HVBC7Q,Avg-Last-10,0.0,0.0
AH4MZBBMKMYDFAUEMSJXX4HVBC7Q,Recency-Weighted,0.0,0.0
AH4MZBBMKMYDFAUEMSJXX4HVBC7Q,Essence (K=10),0.0,0.0
AH4OQXN77VLA7UPTMZPOS7EDYGBA,Random,0.0,0.0
AH4OQXN77VLA7UPTMZPOS7EDYGBA,Popularity,0.0,0.0
AH4OQXN77VLA7UPTMZPOS7EDYGBA,CF (ItemKNN),0.0,0.0
AH4OQXN77VLA7UPTMZPOS7EDYGBA,Content (Avg Emb),0.0,0.0
AH4OQXN77VLA7UPTMZPOS7EDYGBA,Last-Item,0.0,0.0
AH4OQXN77VLA7UPTMZPOS7EDYGBA,Avg-Last-10,0.0,0.0
AH4OQXN77VLA7UPTMZPOS7EDYGBA,Recency-Weighted,0.0,0.0
AH4OQXN77VLA7UPTMZPOS7EDYGBA,Essence (K=10),0.0,0.0
AH4SM7E5BLUAGQD6PO3ECNBTVWDQ,Random,0.0,
AH4SM7E5BLUAGQD6PO3ECNBTVWDQ,Popularity,0.0,
AH4SM7E5BLUAGQD6PO3ECNBTVWDQ,CF (ItemKNN),0.0,
AH4SM7E5BLUAGQD6PO3ECNBTVWDQ,Content (Avg Emb),0.0,
AH4SM7E5BLUAGQD6PO3ECNBTVWDQ,Last-Item,0.0,
AH4SM7E5BLUAGQD6PO3ECNBTVWDQ,Avg-Last-10,0.0,
AH4SM7E5BLUAGQD6PO3ECNBTVWDQ,Recency-Weighted,0.0,
AH4SM7E5BLUAGQD6PO3ECNBTVWDQ,Essence (K=10),0.0,
AH4UDYRNBETESAQE4RGDGALXOZ7Q,Random,0.0,
AH4UDYRNBETESAQE4RGDGALXOZ7Q,Popularity,0.0,
AH4UDYRNBETESAQE4RGDGALXOZ7Q,CF (ItemKNN),0.0,
AH4UDYRNBETESAQE4RGDGALXOZ7Q,Content (Avg Emb),0.0,
AH4UDYRNBETESAQE4RGDGALXOZ7Q,Last-Item,0.0,
AH4UDYRNBETESAQE4RGDGALXOZ7Q,Avg-Last-10,0.0,
AH4UDYRNBETESAQE4RGDGALXOZ7Q,Recency-Weighted,0.0,
AH4UDYRNBETESAQE4RGDGALXOZ7Q,Essence (K=10),0.0,
AH4VFZLTJXOJW3L7O25YOBIJVZMQ,Random,0.0,
AH4VFZLTJXOJW3L7O25YOBIJVZMQ,Popularity,0.0,
AH4VFZLTJXOJW3L7O25YOBIJVZMQ,CF (ItemKNN),0.0,
AH4VFZLTJXOJW3L7O25YOBIJVZMQ,Content (Avg Emb),0.0,
AH4VFZLTJXOJW3L7O25YOBIJVZMQ,Last-Item,0.0,
AH4VFZLTJXOJW3L7O25YOBIJVZMQ,Avg-Last-10,0.0,
AH4VFZLTJXOJW3L7O25YOBIJVZMQ,Recency-Weighted,0.0,
AH4VFZLTJXOJW3L7O25YOBIJVZMQ,Essence (K=10),0.0,
AH4ZGAIUCEKAFOUIEHFHHUNY4DPA,Random,0.0,
AH4ZGAIUCEKAFOUIEHFHHUNY4DPA,Popularity,0.0,
AH4ZGAIUCEKAFOUIEHFHHUNY4DPA,CF (ItemKNN),0.0,
AH4ZGAIUCEKAFOUIEHFHHUNY4DPA,Content (Avg Emb),0.0,
AH4ZGAIUCEKAFOUIEHFHHUNY4DPA,Last-Item,0.0,
AH4ZGAIUCEKAFOUIEHFHHUNY4DPA,Avg-Last-10,0.0,
AH4ZGAIUCEKAFOUIEHFHHUNY4DPA,Recency-Weighted,0.0,
AH4ZGAIUCEKAFOUIEHFHHUNY4DPA,Essence (K=10),0.0,
AH4ZVOXF736LDHVBOKW44AU775ZQ,Random,0.0,0.0
AH4ZVOXF736LDHVBOKW44AU775ZQ,Popularity,0.0,0.0
AH4ZVOXF736LDHVBOKW44AU775ZQ,CF (ItemKNN),0.0,0.0
AH4ZVOXF736LDHVBOKW44AU775ZQ,Content (Avg Emb),0.0,0.0
AH4ZVOXF736LDHVBOKW44AU775ZQ,Last-Item,0.0,0.0
AH4ZVOXF736LDHVBOKW44AU775ZQ,Avg-Last-10,0.0,0.0
AH4ZVOXF736LDHVBOKW44AU775ZQ,Recency-Weighted,0.0,0.0
AH4ZVOXF736LDHVBOKW44AU775ZQ,Essence (K=10),0.0,0.0
AH55CUTLXGHQLEOZU3CELP6BV5CQ,Random,0.0,0.0
AH55CUTLXGHQLEOZU3CELP6BV5CQ,Popularity,0.0,0.0
AH55CUTLXGHQLEOZU3CELP6BV5CQ,CF (ItemKNN),0.0,0.0
AH55CUTLXGHQLEOZU3CELP6BV5CQ,Content (Avg Emb),0.0,0.0
AH55CUTLXGHQLEOZU3CELP6BV5CQ,Last-Item,0.0,0.0
AH55CUTLXGHQLEOZU3CELP6BV5CQ,Avg-Last-10,0.0,0.0
AH55CUTLXGHQLEOZU3CELP6BV5CQ,Recency-Weighted,0.0,0.0
AH55CUTLXGHQLEOZU3CELP6BV5CQ,Essence (K=10),0.0,0.0
AH562DPWJVO4GQYYTWWHZ7SVMDMQ,Random,0.0,
AH562DPWJVO4GQYYTWWHZ7SVMDMQ,Popularity,0.0,
AH562DPWJVO4GQYYTWWHZ7SVMDMQ,CF (ItemKNN),0.0,
AH562DPWJVO4GQYYTWWHZ7SVMDMQ,Content (Avg Emb),0.0,
AH562DPWJVO4GQYYTWWHZ7SVMDMQ,Last-Item,0.0,
AH562DPWJVO4GQYYTWWHZ7SVMDMQ,Avg-Last-10,0.0,
AH562DPWJVO4GQYYTWWHZ7SVMDMQ,Recency-Weighted,0.0,
AH562DPWJVO4GQYYTWWHZ7SVMDMQ,Essence (K=10),0.0,
AH573WCS6DGYTJDZ5DHD2AIW3COQ,Random,0.0,0.0
AH573WCS6DGYTJDZ5DHD2AIW3COQ,Popularity,0.0,0.0
AH573WCS6DGYTJDZ5DHD2AIW3COQ,CF (ItemKNN),0.0,0.0
AH573WCS6DGYTJDZ5DHD2AIW3COQ,Content (Avg Emb),0.4,0.0
AH573WCS6DGYTJDZ5DHD2AIW3COQ,Last-Item,0.4,0.0
AH573WCS6DGYTJDZ5DHD2AIW3COQ,Avg-Last-10,0.4,0.0
AH573WCS6DGYTJDZ5DHD2AIW3COQ,Recency-Weighted,0.4,0.0
AH573WCS6DGYTJDZ5DHD2AIW3COQ,Essence (K=10),0.4,0.0
AH57SSN3NBRAI2V5H3J5R677GE7Q,Random,0.0,0.0
AH57SSN3NBRAI2V5H3J5R677GE7Q,Popularity,0.0,0.0
AH57SSN3NBRAI2V5H3J5R677GE7Q,CF (ItemKNN),0.0,0.0
AH57SSN3NBRAI2V5H3J5R677GE7Q,Content (Avg Emb),0.0,0.0
AH57SSN3NBRAI2V5H3J5R677GE7Q,Last-Item,0.0,0.0
AH57SSN3NBRAI2V5H3J5R677GE7Q,Avg-Last-10,0.0,0.0
AH57SSN3NBRAI2V5H3J5R677GE7Q,Recency-Weighted,0.0,0.0
AH57SSN3NBRAI2V5H3J5R677GE7Q,Essence (K=10),0.0,0.0
AH57SSUA4ICGEN4HKSPK6XQFNOVQ,Random,0.0,0.0
AH57SSUA4ICGEN4HKSPK6XQFNOVQ,Popularity,0.0,0.0
AH57SSUA4ICGEN4HKSPK6XQFNOVQ,CF (ItemKNN),0.0,0.0
AH57SSUA4ICGEN4HKSPK6XQFNOVQ,Content (Avg Emb),0.0,0.0
AH57SSUA4ICGEN4HKSPK6XQFNOVQ,Last-Item,0.0,0.0
AH57SSUA4ICGEN4HKSPK6XQFNOVQ,Avg-Last-10,0.0,0.0
AH57SSUA4ICGEN4HKSPK6XQFNOVQ,Recency-Weighted,0.0,0.0
AH57SSUA4ICGEN4HKSPK6XQFNOVQ,Essence (K=10),0.0,0.0
AH5BPVA2PZYMYJ5P5UC44RPABG4Q,Random,0.0,0.0
AH5BPVA2PZYMYJ5P5UC44RPABG4Q,Popularity,0.0,0.0
AH5BPVA2PZYMYJ5P5UC44RPABG4Q,CF (ItemKNN),0.0,0.0
AH5BPVA2PZYMYJ5P5UC44RPABG4Q,Content (Avg Emb),0.0,0.0
AH5BPVA2PZYMYJ5P5UC44RPABG4Q,Last-Item,0.0,0.0
AH5BPVA2PZYMYJ5P5UC44RPABG4Q,Avg-Last-10,0.0,0.0
AH5BPVA2PZYMYJ5P5UC44RPABG4Q,Recency-Weighted,0.0,0.0
AH5BPVA2PZYMYJ5P5UC44RPABG4Q,Essence (K=10),0.0,0.0
AH5DW6BXU5DVSE5HBAIUBF6POATA,Random,0.0,0.0
AH5DW6BXU5DVSE5HBAIUBF6POATA,Popularity,0.0,0.0
AH5DW6BXU5DVSE5HBAIUBF6POATA,CF (ItemKNN),0.0,0.0
AH5DW6BXU5DVSE5HBAIUBF6POATA,Content (Avg Emb),0.06666666666666667,0.25
AH5DW6BXU5DVSE5HBAIUBF6POATA,Last-Item,0.0,0.0
AH5DW6BXU5DVSE5HBAIUBF6POATA,Avg-Last-10,0.0,0.0
AH5DW6BXU5DVSE5HBAIUBF6POATA,Recency-Weighted,0.0,0.0
AH5DW6BXU5DVSE5HBAIUBF6POATA,Essence (K=10),0.0,0.0
AH5G2DB7VQXZ2MH72S22LIGZ7F3Q,Random,0.0,
AH5G2DB7VQXZ2MH72S22LIGZ7F3Q,Popularity,0.0,
AH5G2DB7VQXZ2MH72S22LIGZ7F3Q,CF (ItemKNN),0.0,
AH5G2DB7VQXZ2MH72S22LIGZ7F3Q,Content (Avg Emb),0.0,
AH5G2DB7VQXZ2MH72S22LIGZ7F3Q,Last-Item,0.0,
AH5G2DB7VQXZ2MH72S22LIGZ7F3Q,Avg-Last-10,0.0,
AH5G2DB7VQXZ2MH72S22LIGZ7F3Q,Recency-Weighted,0.0,
AH5G2DB7VQXZ2MH72S22LIGZ7F3Q,Essence (K=10),0.0,
AH5KU7PE5J7UIIBJSLKGBQCOF5HQ,Random,0.0,
AH5KU7PE5J7UIIBJSLKGBQCOF5HQ,Popularity,0.0,
AH5KU7PE5J7UIIBJSLKGBQCOF5HQ,CF (ItemKNN),0.0,
AH5KU7PE5J7UIIBJSLKGBQCOF5HQ,Content (Avg Emb),0.0,
AH5KU7PE5J7UIIBJSLKGBQCOF5HQ,Last-Item,0.16666666666666666,
AH5KU7PE5J7UIIBJSLKGBQCOF5HQ,Avg-Last-10,0.0,
AH5KU7PE5J7UIIBJSLKGBQCOF5HQ,Recency-Weighted,0.0,
AH5KU7PE5J7UIIBJSLKGBQCOF5HQ,Essence (K=10),0.0,
AH5KZVWRZITINO33GXRP6BTFZCAQ,Random,0.0,0.0
AH5KZVWRZITINO33GXRP6BTFZCAQ,Popularity,0.0,0.0
AH5KZVWRZITINO33GXRP6BTFZCAQ,CF (ItemKNN),0.0,0.0
AH5KZVWRZITINO33GXRP6BTFZCAQ,Content (Avg Emb),0.0,0.0
AH5KZVWRZITINO33GXRP6BTFZCAQ,Last-Item,0.125,0.0
AH5KZVWRZITINO33GXRP6BTFZCAQ,Avg-Last-10,0.0,0.0
AH5KZVWRZITINO33GXRP6BTFZCAQ,Recency-Weighted,0.0,0.0
AH5KZVWRZITINO33GXRP6BTFZCAQ,Essence (K=10),0.0,0.0
AH5LOETGEQCE2NOIPFBHCBNHLCNA,Random,0.0,
AH5LOETGEQCE2NOIPFBHCBNHLCNA,Popularity,0.0,
AH5LOETGEQCE2NOIPFBHCBNHLCNA,CF (ItemKNN),0.0,
AH5LOETGEQCE2NOIPFBHCBNHLCNA,Content (Avg Emb),0.0,
AH5LOETGEQCE2NOIPFBHCBNHLCNA,Last-Item,0.0,
AH5LOETGEQCE2NOIPFBHCBNHLCNA,Avg-Last-10,0.0,
AH5LOETGEQCE2NOIPFBHCBNHLCNA,Recency-Weighted,0.0,
AH5LOETGEQCE2NOIPFBHCBNHLCNA,Essence (K=10),0.0,
AH5PFCO3OIGXD45ALWUSN7PZEOJQ,Random,0.0,0.0
AH5PFCO3OIGXD45ALWUSN7PZEOJQ,Popularity,0.0,0.0
AH5PFCO3OIGXD45ALWUSN7PZEOJQ,CF (ItemKNN),0.2,0.3333333333333333
AH5PFCO3OIGXD45ALWUSN7PZEOJQ,Content (Avg Emb),0.0,0.0
AH5PFCO3OIGXD45ALWUSN7PZEOJQ,Last-Item,0.0,0.0
AH5PFCO3OIGXD45ALWUSN7PZEOJQ,Avg-Last-10,0.0,0.0
AH5PFCO3OIGXD45ALWUSN7PZEOJQ,Recency-Weighted,0.0,0.0
AH5PFCO3OIGXD45ALWUSN7PZEOJQ,Essence (K=10),0.0,0.0
AH5WY53ETY3T3YVTED5MC7GM2RQA,Random,0.0,0.0
AH5WY53ETY3T3YVTED5MC7GM2RQA,Popularity,0.0,0.0
AH5WY53ETY3T3YVTED5MC7GM2RQA,CF (ItemKNN),0.07692307692307693,0.25
AH5WY53ETY3T3YVTED5MC7GM2RQA,Content (Avg Emb),0.0,0.0
AH5WY53ETY3T3YVTED5MC7GM2RQA,Last-Item,0.0,0.0
AH5WY53ETY3T3YVTED5MC7GM2RQA,Avg-Last-10,0.0,0.0
AH5WY53ETY3T3YVTED5MC7GM2RQA,Recency-Weighted,0.0,0.0
AH5WY53ETY3T3YVTED5MC7GM2RQA,Essence (K=10),0.0,0.0
AH5XX4HVI5E3THAQOGYO25YBMJTQ,Random,0.0,0.0
AH5XX4HVI5E3THAQOGYO25YBMJTQ,Popularity,0.0,0.0
AH5XX4HVI5E3THAQOGYO25YBMJTQ,CF (ItemKNN),0.0,0.0
AH5XX4HVI5E3THAQOGYO25YBMJTQ,Content (Avg Emb),0.0,0.0
AH5XX4HVI5E3THAQOGYO25YBMJTQ,Last-Item,0.0,0.0
AH5XX4HVI5E3THAQOGYO25YBMJTQ,Avg-Last-10,0.0,0.0
AH5XX4HVI5E3THAQOGYO25YBMJTQ,Recency-Weighted,0.0,0.0
AH5XX4HVI5E3THAQOGYO25YBMJTQ,Essence (K=10),0.0,0.0
AH5YAOPZOCGSBYG7NYWTPRNZTBTQ,Random,0.0,
AH5YAOPZOCGSBYG7NYWTPRNZTBTQ,Popularity,0.0,
AH5YAOPZOCGSBYG7NYWTPRNZTBTQ,CF (ItemKNN),0.0,
AH5YAOPZOCGSBYG7NYWTPRNZTBTQ,Content (Avg Emb),0.0,
AH5YAOPZOCGSBYG7NYWTPRNZTBTQ,Last-Item,0.0,
AH5YAOPZOCGSBYG7NYWTPRNZTBTQ,Avg-Last-10,0.0,
AH5YAOPZOCGSBYG7NYWTPRNZTBTQ,Recency-Weighted,0.0,
AH5YAOPZOCGSBYG7NYWTPRNZTBTQ,Essence (K=10),0.0,
AH5Z5V55MMOFXDEDFMBDMFSXECUQ,Random,0.0,0.0
AH5Z5V55MMOFXDEDFMBDMFSXECUQ,Popularity,0.0,0.0
AH5Z5V55MMOFXDEDFMBDMFSXECUQ,CF (ItemKNN),0.0,0.0
AH5Z5V55MMOFXDEDFMBDMFSXECUQ,Content (Avg Emb),0.0,0.0
AH5Z5V55MMOFXDEDFMBDMFSXECUQ,Last-Item,0.0,0.0
AH5Z5V55MMOFXDEDFMBDMFSXECUQ,Avg-Last-10,0.0,0.0
AH5Z5V55MMOFXDEDFMBDMFSXECUQ,Recency-Weighted,0.0,0.0
AH5Z5V55MMOFXDEDFMBDMFSXECUQ,Essence (K=10),0.0,0.0
AH63IT3Q6OA23O3S4TZ3LJYYNBIQ,Random,0.0,
AH63IT3Q6OA23O3S4TZ3LJYYNBIQ,Popularity,0.0,
AH63IT3Q6OA23O3S4TZ3LJYYNBIQ,CF (ItemKNN),0.0,
AH63IT3Q6OA23O3S4TZ3LJYYNBIQ,Content (Avg Emb),0.1111111111111111,
AH63IT3Q6OA23O3S4TZ3LJYYNBIQ,Last-Item,0.0,
AH63IT3Q6OA23O3S4TZ3LJYYNBIQ,Avg-Last-10,0.1111111111111111,
AH63IT3Q6OA23O3S4TZ3LJYYNBIQ,Recency-Weighted,0.1111111111111111,
AH63IT3Q6OA23O3S4TZ3LJYYNBIQ,Essence (K=10),0.2222222222222222,
AH64735K4MFDOFKSI2TQFHD6GVCQ,Random,0.0,
AH64735K4MFDOFKSI2TQFHD6GVCQ,Popularity,0.0,
AH64735K4MFDOFKSI2TQFHD6GVCQ,CF (ItemKNN),0.0,
AH64735K4MFDOFKSI2TQFHD6GVCQ,Content (Avg Emb),0.0,
AH64735K4MFDOFKSI2TQFHD6GVCQ,Last-Item,0.0,
AH64735K4MFDOFKSI2TQFHD6GVCQ,Avg-Last-10,0.0,
AH64735K4MFDOFKSI2TQFHD6GVCQ,Recency-Weighted,0.0,
AH64735K4MFDOFKSI2TQFHD6GVCQ,Essence (K=10),0.0,
AH64M7ER4NG2JVUJMPEEPPVLKF5Q,Random,0.0,0.0
AH64M7ER4NG2JVUJMPEEPPVLKF5Q,Popularity,0.0,0.0
AH64M7ER4NG2JVUJMPEEPPVLKF5Q,CF (ItemKNN),0.0,0.0
AH64M7ER4NG2JVUJMPEEPPVLKF5Q,Content (Avg Emb),0.0,0.0
AH64M7ER4NG2JVUJMPEEPPVLKF5Q,Last-Item,0.0,0.0
AH64M7ER4NG2JVUJMPEEPPVLKF5Q,Avg-Last-10,0.0,0.0
AH64M7ER4NG2JVUJMPEEPPVLKF5Q,Recency-Weighted,0.0,0.0
AH64M7ER4NG2JVUJMPEEPPVLKF5Q,Essence (K=10),0.0,0.0
AH64Y34IXC5OQLSD3V2Y245WFYMA,Random,0.0,0.0
AH64Y34IXC5OQLSD3V2Y245WFYMA,Popularity,0.0,0.0
AH64Y34IXC5OQLSD3V2Y245WFYMA,CF (ItemKNN),0.0,0.0
AH64Y34IXC5OQLSD3V2Y245WFYMA,Content (Avg Emb),0.0,0.0
AH64Y34IXC5OQLSD3V2Y245WFYMA,Last-Item,0.0,0.0
AH64Y34IXC5OQLSD3V2Y245WFYMA,Avg-Last-10,0.0,0.0
AH64Y34IXC5OQLSD3V2Y245WFYMA,Recency-Weighted,0.0,0.0
AH64Y34IXC5OQLSD3V2Y245WFYMA,Essence (K=10),0.0,0.0
AH6AY7MCIPAYODE2SSPIQKIIT4XQ,Random,0.0,0.0
AH6AY7MCIPAYODE2SSPIQKIIT4XQ,Popularity,0.0,0.0
AH6AY7MCIPAYODE2SSPIQKIIT4XQ,CF (ItemKNN),0.0,0.0
AH6AY7MCIPAYODE2SSPIQKIIT4XQ,Content (Avg Emb),0.0,0.0
AH6AY7MCIPAYODE2SSPIQKIIT4XQ,Last-Item,0.0,0.0
AH6AY7MCIPAYODE2SSPIQKIIT4XQ,Avg-Last-10,0.0,0.0
AH6AY7MCIPAYODE2SSPIQKIIT4XQ,Recency-Weighted,0.0,0.0
AH6AY7MCIPAYODE2SSPIQKIIT4XQ,Essence (K=10),0.0,0.0
AH6KTVA2JFJ2ZRRNOSSURGCX52MA,Random,0.0,
AH6KTVA2JFJ2ZRRNOSSURGCX52MA,Popularity,0.0,
AH6KTVA2JFJ2ZRRNOSSURGCX52MA,CF (ItemKNN),0.0,
AH6KTVA2JFJ2ZRRNOSSURGCX52MA,Content (Avg Emb),0.0,
AH6KTVA2JFJ2ZRRNOSSURGCX52MA,Last-Item,0.0,
AH6KTVA2JFJ2ZRRNOSSURGCX52MA,Avg-Last-10,0.0,
AH6KTVA2JFJ2ZRRNOSSURGCX52MA,Recency-Weighted,0.0,
AH6KTVA2JFJ2ZRRNOSSURGCX52MA,Essence (K=10),0.0,
AH6NVRCBSVC57YYYOA6LE63SUAHQ,Random,0.0,
AH6NVRCBSVC57YYYOA6LE63SUAHQ,Popularity,0.0,
AH6NVRCBSVC57YYYOA6LE63SUAHQ,CF (ItemKNN),0.0,
AH6NVRCBSVC57YYYOA6LE63SUAHQ,Content (Avg Emb),0.0,
AH6NVRCBSVC57YYYOA6LE63SUAHQ,Last-Item,0.0,
AH6NVRCBSVC57YYYOA6LE63SUAHQ,Avg-Last-10,0.0,
AH6NVRCBSVC57YYYOA6LE63SUAHQ,Recency-Weighted,0.0,
AH6NVRCBSVC57YYYOA6LE63SUAHQ,Essence (K=10),0.0,
AH6O2V64Y2N4LL65MHQFYCKI7BDA,Random,0.0,
AH6O2V64Y2N4LL65MHQFYCKI7BDA,Popularity,0.0,
AH6O2V64Y2N4LL65MHQFYCKI7BDA,CF (ItemKNN),0.0,
AH6O2V64Y2N4LL65MHQFYCKI7BDA,Content (Avg Emb),0.0,
AH6O2V64Y2N4LL65MHQFYCKI7BDA,Last-Item,0.0,
AH6O2V64Y2N4LL65MHQFYCKI7BDA,Avg-Last-10,0.0,
AH6O2V64Y2N4LL65MHQFYCKI7BDA,Recency-Weighted,0.0,
AH6O2V64Y2N4LL65MHQFYCKI7BDA,Essence (K=10),0.0,
AH6PKDK67G6SL6AITCJXZHKATMSA,Random,0.0,0.0
AH6PKDK67G6SL6AITCJXZHKATMSA,Popularity,0.0,0.0
AH6PKDK67G6SL6AITCJXZHKATMSA,CF (ItemKNN),0.0,0.0
AH6PKDK67G6SL6AITCJXZHKATMSA,Content (Avg Emb),0.0,0.0
AH6PKDK67G6SL6AITCJXZHKATMSA,Last-Item,0.0,0.0
AH6PKDK67G6SL6AITCJXZHKATMSA,Avg-Last-10,0.0,0.0
AH6PKDK67G6SL6AITCJXZHKATMSA,Recency-Weighted,0.0,0.0
AH6PKDK67G6SL6AITCJXZHKATMSA,Essence (K=10),0.0,0.0
AH6QPYCJHAJUBO4VMUDK7YZDS2TQ,Random,0.0,0.0
AH6QPYCJHAJUBO4VMUDK7YZDS2TQ,Popularity,0.0,0.0
AH6QPYCJHAJUBO4VMUDK7YZDS2TQ,CF (ItemKNN),0.0,0.0
AH6QPYCJHAJUBO4VMUDK7YZDS2TQ,Content (Avg Emb),0.0,0.0
AH6QPYCJHAJUBO4VMUDK7YZDS2TQ,Last-Item,0.0,0.0
AH6QPYCJHAJUBO4VMUDK7YZDS2TQ,Avg-Last-10,0.0,0.0
AH6QPYCJHAJUBO4VMUDK7YZDS2TQ,Recency-Weighted,0.0,0.0
AH6QPYCJHAJUBO4VMUDK7YZDS2TQ,Essence (K=10),0.0,0.0
AH6SIIH36SC2FOWPCECUBNBEKJCA,Random,0.0,
AH6SIIH36SC2FOWPCECUBNBEKJCA,Popularity,0.0,
AH6SIIH36SC2FOWPCECUBNBEKJCA,CF (ItemKNN),0.0,
AH6SIIH36SC2FOWPCECUBNBEKJCA,Content (Avg Emb),0.0,
AH6SIIH36SC2FOWPCECUBNBEKJCA,Last-Item,0.0,
AH6SIIH36SC2FOWPCECUBNBEKJCA,Avg-Last-10,0.0,
AH6SIIH36SC2FOWPCECUBNBEKJCA,Recency-Weighted,0.0,
AH6SIIH36SC2FOWPCECUBNBEKJCA,Essence (K=10),0.0,
AH6TMWRBD5BAOX22RSAHZZZQRJHQ,Random,0.0,0.0
AH6TMWRBD5BAOX22RSAHZZZQRJHQ,Popularity,0.0,0.0
AH6TMWRBD5BAOX22RSAHZZZQRJHQ,CF (ItemKNN),0.0,0.0
AH6TMWRBD5BAOX22RSAHZZZQRJHQ,Content (Avg Emb),0.0,0.0
AH6TMWRBD5BAOX22RSAHZZZQRJHQ,Last-Item,0.25,0.0
AH6TMWRBD5BAOX22RSAHZZZQRJHQ,Avg-Last-10,0.0,0.0
AH6TMWRBD5BAOX22RSAHZZZQRJHQ,Recency-Weighted,0.25,0.0
AH6TMWRBD5BAOX22RSAHZZZQRJHQ,Essence (K=10),0.0,0.0
AH6UFBYL5YWS44M4CT23C2KTFN7A,Random,0.0,0.0
AH6UFBYL5YWS44M4CT23C2KTFN7A,Popularity,0.0,0.0
AH6UFBYL5YWS44M4CT23C2KTFN7A,CF (ItemKNN),0.0,0.0
AH6UFBYL5YWS44M4CT23C2KTFN7A,Content (Avg Emb),0.0,0.0
AH6UFBYL5YWS44M4CT23C2KTFN7A,Last-Item,0.0,0.0
AH6UFBYL5YWS44M4CT23C2KTFN7A,Avg-Last-10,0.0,0.0
AH6UFBYL5YWS44M4CT23C2KTFN7A,Recency-Weighted,0.0,0.0
AH6UFBYL5YWS44M4CT23C2KTFN7A,Essence (K=10),0.0,0.0
AH76RNVXZKA5VFZFH76O6U6QEVGQ,Random,0.0,0.0
AH76RNVXZKA5VFZFH76O6U6QEVGQ,Popularity,0.0,0.0
AH76RNVXZKA5VFZFH76O6U6QEVGQ,CF (ItemKNN),0.0,0.0
AH76RNVXZKA5VFZFH76O6U6QEVGQ,Content (Avg Emb),0.0,0.0
AH76RNVXZKA5VFZFH76O6U6QEVGQ,Last-Item,0.0,0.0
AH76RNVXZKA5VFZFH76O6U6QEVGQ,Avg-Last-10,0.0,0.0
AH76RNVXZKA5VFZFH76O6U6QEVGQ,Recency-Weighted,0.0,0.0
AH76RNVXZKA5VFZFH76O6U6QEVGQ,Essence (K=10),0.0,0.0
AH76ZOKQGBU2HTEDCKXVYNKQHQHQ,Random,0.0,
AH76ZOKQGBU2HTEDCKXVYNKQHQHQ,Popularity,0.0,
AH76ZOKQGBU2HTEDCKXVYNKQHQHQ,CF (ItemKNN),0.0,
AH76ZOKQGBU2HTEDCKXVYNKQHQHQ,Content (Avg Emb),0.0,
AH76ZOKQGBU2HTEDCKXVYNKQHQHQ,Last-Item,0.0,
AH76ZOKQGBU2HTEDCKXVYNKQHQHQ,Avg-Last-10,0.0,
AH76ZOKQGBU2HTEDCKXVYNKQHQHQ,Recency-Weighted,0.0,
AH76ZOKQGBU2HTEDCKXVYNKQHQHQ,Essence (K=10),0.0,
AH7B62JPTW3MB3AJXKWMMUWRFQ3Q,Random,0.0,0.0
AH7B62JPTW3MB3AJXKWMMUWRFQ3Q,Popularity,0.0,0.0
AH7B62JPTW3MB3AJXKWMMUWRFQ3Q,CF (ItemKNN),0.0,0.0
AH7B62JPTW3MB3AJXKWMMUWRFQ3Q,Content (Avg Emb),0.0,0.0
AH7B62JPTW3MB3AJXKWMMUWRFQ3Q,Last-Item,0.0,0.0
AH7B62JPTW3MB3AJXKWMMUWRFQ3Q,Avg-Last-10,0.0,0.0
AH7B62JPTW3MB3AJXKWMMUWRFQ3Q,Recency-Weighted,0.0,0.0
AH7B62JPTW3MB3AJXKWMMUWRFQ3Q,Essence (K=10),0.0,0.0
AH7FPFPKRPPZKUZMW3PGFMFVAOFA,Random,0.0,
AH7FPFPKRPPZKUZMW3PGFMFVAOFA,Popularity,0.0,
AH7FPFPKRPPZKUZMW3PGFMFVAOFA,CF (ItemKNN),0.0,
AH7FPFPKRPPZKUZMW3PGFMFVAOFA,Content (Avg Emb),0.0,
AH7FPFPKRPPZKUZMW3PGFMFVAOFA,Last-Item,0.0,
AH7FPFPKRPPZKUZMW3PGFMFVAOFA,Avg-Last-10,0.0,
AH7FPFPKRPPZKUZMW3PGFMFVAOFA,Recency-Weighted,0.0,
AH7FPFPKRPPZKUZMW3PGFMFVAOFA,Essence (K=10),0.0,
AH7HK4R3QRQ242BG3OLN2FWJFCVQ,Random,0.0,0.0
AH7HK4R3QRQ242BG3OLN2FWJFCVQ,Popularity,0.0,0.0
AH7HK4R3QRQ242BG3OLN2FWJFCVQ,CF (ItemKNN),0.0,0.0
AH7HK4R3QRQ242BG3OLN2FWJFCVQ,Content (Avg Emb),0.0,0.0
AH7HK4R3QRQ242BG3OLN2FWJFCVQ,Last-Item,0.0,0.0
AH7HK4R3QRQ242BG3OLN2FWJFCVQ,Avg-Last-10,0.0,0.0
AH7HK4R3QRQ242BG3OLN2FWJFCVQ,Recency-Weighted,0.0,0.0
AH7HK4R3QRQ242BG3OLN2FWJFCVQ,Essence (K=10),0.0,0.0
AH7JD2DL2ZARIGXHNJJ3KUDWLUUA,Random,0.0,0.0
AH7JD2DL2ZARIGXHNJJ3KUDWLUUA,Popularity,0.0,0.0
AH7JD2DL2ZARIGXHNJJ3KUDWLUUA,CF (ItemKNN),0.0,0.0
AH7JD2DL2ZARIGXHNJJ3KUDWLUUA,Content (Avg Emb),0.0,0.0
AH7JD2DL2ZARIGXHNJJ3KUDWLUUA,Last-Item,0.0,0.0
AH7JD2DL2ZARIGXHNJJ3KUDWLUUA,Avg-Last-10,0.0,0.0
AH7JD2DL2ZARIGXHNJJ3KUDWLUUA,Recency-Weighted,0.0,0.0
AH7JD2DL2ZARIGXHNJJ3KUDWLUUA,Essence (K=10),0.0,0.0
AH7KMI47YXXCRA4RGD7KIWJXGLSQ,Random,0.0,0.0
AH7KMI47YXXCRA4RGD7KIWJXGLSQ,Popularity,0.0,0.0
AH7KMI47YXXCRA4RGD7KIWJXGLSQ,CF (ItemKNN),0.0,0.0
AH7KMI47YXXCRA4RGD7KIWJXGLSQ,Content (Avg Emb),0.0,0.0
AH7KMI47YXXCRA4RGD7KIWJXGLSQ,Last-Item,0.0,0.0
AH7KMI47YXXCRA4RGD7KIWJXGLSQ,Avg-Last-10,0.0,0.0
AH7KMI47YXXCRA4RGD7KIWJXGLSQ,Recency-Weighted,0.0,0.0
AH7KMI47YXXCRA4RGD7KIWJXGLSQ,Essence (K=10),0.0,0.0
AH7LP4GCGLKGJE7XENJRWLFAJNEA,Random,0.0,
AH7LP4GCGLKGJE7XENJRWLFAJNEA,Popularity,0.0,
AH7LP4GCGLKGJE7XENJRWLFAJNEA,CF (ItemKNN),0.0,
AH7LP4GCGLKGJE7XENJRWLFAJNEA,Content (Avg Emb),0.0,
AH7LP4GCGLKGJE7XENJRWLFAJNEA,Last-Item,0.0,
AH7LP4GCGLKGJE7XENJRWLFAJNEA,Avg-Last-10,0.0,
AH7LP4GCGLKGJE7XENJRWLFAJNEA,Recency-Weighted,0.0,
AH7LP4GCGLKGJE7XENJRWLFAJNEA,Essence (K=10),0.0,
AH7OW3IONK67BBXIYISLDB52DKEQ,Random,0.0,0.0
AH7OW3IONK67BBXIYISLDB52DKEQ,Popularity,0.0,0.0
AH7OW3IONK67BBXIYISLDB52DKEQ,CF (ItemKNN),0.0,0.0
AH7OW3IONK67BBXIYISLDB52DKEQ,Content (Avg Emb),0.0,0.0
AH7OW3IONK67BBXIYISLDB52DKEQ,Last-Item,0.0625,0.0
AH7OW3IONK67BBXIYISLDB52DKEQ,Avg-Last-10,0.0,0.0
AH7OW3IONK67BBXIYISLDB52DKEQ,Recency-Weighted,0.0,0.0
AH7OW3IONK67BBXIYISLDB52DKEQ,Essence (K=10),0.0,0.0
AH7UQDPBPPIDECIHGHKA7UZYAFWA,Random,0.0,
AH7UQDPBPPIDECIHGHKA7UZYAFWA,Popularity,0.0,
AH7UQDPBPPIDECIHGHKA7UZYAFWA,CF (ItemKNN),0.0,
AH7UQDPBPPIDECIHGHKA7UZYAFWA,Content (Avg Emb),0.75,
AH7UQDPBPPIDECIHGHKA7UZYAFWA,Last-Item,0.75,
AH7UQDPBPPIDECIHGHKA7UZYAFWA,Avg-Last-10,0.75,
AH7UQDPBPPIDECIHGHKA7UZYAFWA,Recency-Weighted,0.75,
AH7UQDPBPPIDECIHGHKA7UZYAFWA,Essence (K=10),0.75,
AH7VJDU6JG5OSHSMBFLJFVQSMIXQ,Random,0.0,0.0
AH7VJDU6JG5OSHSMBFLJFVQSMIXQ,Popularity,0.0,0.0
AH7VJDU6JG5OSHSMBFLJFVQSMIXQ,CF (ItemKNN),0.0,0.0
AH7VJDU6JG5OSHSMBFLJFVQSMIXQ,Content (Avg Emb),0.0,0.0
AH7VJDU6JG5OSHSMBFLJFVQSMIXQ,Last-Item,0.0,0.0
AH7VJDU6JG5OSHSMBFLJFVQSMIXQ,Avg-Last-10,0.0,0.0
AH7VJDU6JG5OSHSMBFLJFVQSMIXQ,Recency-Weighted,0.0,0.0
AH7VJDU6JG5OSHSMBFLJFVQSMIXQ,Essence (K=10),0.0,0.0
AH7X4RGPTCVCBOCYCHBTIJ75TWGQ,Random,0.0,
AH7X4RGPTCVCBOCYCHBTIJ75TWGQ,Popularity,0.0,
AH7X4RGPTCVCBOCYCHBTIJ75TWGQ,CF (ItemKNN),0.0,
AH7X4RGPTCVCBOCYCHBTIJ75TWGQ,Content (Avg Emb),0.0,
AH7X4RGPTCVCBOCYCHBTIJ75TWGQ,Last-Item,0.0,
AH7X4RGPTCVCBOCYCHBTIJ75TWGQ,Avg-Last-10,0.0,
AH7X4RGPTCVCBOCYCHBTIJ75TWGQ,Recency-Weighted,0.0,
AH7X4RGPTCVCBOCYCHBTIJ75TWGQ,Essence (K=10),0.0,
AH7Z26AXTW2PDUM55SENZV7VY2EQ,Random,0.0,0.0
AH7Z26AXTW2PDUM55SENZV7VY2EQ,Popularity,0.0,0.0
AH7Z26AXTW2PDUM55SENZV7VY2EQ,CF (ItemKNN),0.0,0.0
AH7Z26AXTW2PDUM55SENZV7VY2EQ,Content (Avg Emb),0.0,0.0
AH7Z26AXTW2PDUM55SENZV7VY2EQ,Last-Item,0.0,0.0
AH7Z26AXTW2PDUM55SENZV7VY2EQ,Avg-Last-10,0.0,0.0
AH7Z26AXTW2PDUM55SENZV7VY2EQ,Recency-Weighted,0.0,0.0
AH7Z26AXTW2PDUM55SENZV7VY2EQ,Essence (K=10),0.0,0.0
AH7ZNF5OTHV2LLNQWDSBHZ4XL3DQ,Random,0.0,
AH7ZNF5OTHV2LLNQWDSBHZ4XL3DQ,Popularity,0.0,
AH7ZNF5OTHV2LLNQWDSBHZ4XL3DQ,CF (ItemKNN),0.0,
AH7ZNF5OTHV2LLNQWDSBHZ4XL3DQ,Content (Avg Emb),0.0,
AH7ZNF5OTHV2LLNQWDSBHZ4XL3DQ,Last-Item,0.0,
AH7ZNF5OTHV2LLNQWDSBHZ4XL3DQ,Avg-Last-10,0.0,
AH7ZNF5OTHV2LLNQWDSBHZ4XL3DQ,Recency-Weighted,0.0,
AH7ZNF5OTHV2LLNQWDSBHZ4XL3DQ,Essence (K=10),0.0,
AHA252PM46TRNSREYDKZ47JT5JIQ,Random,0.0,0.0
AHA252PM46TRNSREYDKZ47JT5JIQ,Popularity,0.25,0.0
AHA252PM46TRNSREYDKZ47JT5JIQ,CF (ItemKNN),0.0,0.0
AHA252PM46TRNSREYDKZ47JT5JIQ,Content (Avg Emb),0.0,0.0
AHA252PM46TRNSREYDKZ47JT5JIQ,Last-Item,0.0,0.0
AHA252PM46TRNSREYDKZ47JT5JIQ,Avg-Last-10,0.0,0.0
AHA252PM46TRNSREYDKZ47JT5JIQ,Recency-Weighted,0.0,0.0
AHA252PM46TRNSREYDKZ47JT5JIQ,Essence (K=10),0.0,0.0
AHA6ZTEMPSTNCBTG3ODTX7HPOCPA,Random,0.0,0.0
AHA6ZTEMPSTNCBTG3ODTX7HPOCPA,Popularity,0.0,0.0
AHA6ZTEMPSTNCBTG3ODTX7HPOCPA,CF (ItemKNN),0.0,0.0
AHA6ZTEMPSTNCBTG3ODTX7HPOCPA,Content (Avg Emb),0.0,0.0
AHA6ZTEMPSTNCBTG3ODTX7HPOCPA,Last-Item,0.0,0.0
AHA6ZTEMPSTNCBTG3ODTX7HPOCPA,Avg-Last-10,0.08333333333333333,0.0
AHA6ZTEMPSTNCBTG3ODTX7HPOCPA,Recency-Weighted,0.08333333333333333,0.0
AHA6ZTEMPSTNCBTG3ODTX7HPOCPA,Essence (K=10),0.08333333333333333,0.0
AHAA4HSA7CWF7Z26OCDMIPMUIU7A,Random,0.0,0.0
AHAA4HSA7CWF7Z26OCDMIPMUIU7A,Popularity,0.0,0.0
AHAA4HSA7CWF7Z26OCDMIPMUIU7A,CF (ItemKNN),0.0,0.0
AHAA4HSA7CWF7Z26OCDMIPMUIU7A,Content (Avg Emb),0.0,0.0
AHAA4HSA7CWF7Z26OCDMIPMUIU7A,Last-Item,0.09090909090909091,0.0
AHAA4HSA7CWF7Z26OCDMIPMUIU7A,Avg-Last-10,0.0,0.0
AHAA4HSA7CWF7Z26OCDMIPMUIU7A,Recency-Weighted,0.0,0.0
AHAA4HSA7CWF7Z26OCDMIPMUIU7A,Essence (K=10),0.0,0.0
AHAGC7FB27J5IWYZPUV2E3Z6UOMA,Random,0.0,0.0
AHAGC7FB27J5IWYZPUV2E3Z6UOMA,Popularity,0.0,0.0
AHAGC7FB27J5IWYZPUV2E3Z6UOMA,CF (ItemKNN),0.0,0.0
AHAGC7FB27J5IWYZPUV2E3Z6UOMA,Content (Avg Emb),0.0,0.0
AHAGC7FB27J5IWYZPUV2E3Z6UOMA,Last-Item,0.0,0.0
AHAGC7FB27J5IWYZPUV2E3Z6UOMA,Avg-Last-10,0.0,0.0
AHAGC7FB27J5IWYZPUV2E3Z6UOMA,Recency-Weighted,0.0,0.0
AHAGC7FB27J5IWYZPUV2E3Z6UOMA,Essence (K=10),0.0,0.0
AHAGQJU5C2AXZVVZJHHREGMWLWIA,Random,0.0,0.0
AHAGQJU5C2AXZVVZJHHREGMWLWIA,Popularity,0.0,0.0
AHAGQJU5C2AXZVVZJHHREGMWLWIA,CF (ItemKNN),0.0,0.0
AHAGQJU5C2AXZVVZJHHREGMWLWIA,Content (Avg Emb),0.0,0.0
AHAGQJU5C2AXZVVZJHHREGMWLWIA,Last-Item,0.1,0.0
AHAGQJU5C2AXZVVZJHHREGMWLWIA,Avg-Last-10,0.0,0.0
AHAGQJU5C2AXZVVZJHHREGMWLWIA,Recency-Weighted,0.0,0.0
AHAGQJU5C2AXZVVZJHHREGMWLWIA,Essence (K=10),0.0,0.0
AHALTJDMAOP5PE4SMZWEXYQW3LKA,Random,0.0,0.0
AHALTJDMAOP5PE4SMZWEXYQW3LKA,Popularity,0.0,0.0
AHALTJDMAOP5PE4SMZWEXYQW3LKA,CF (ItemKNN),0.0,0.0
AHALTJDMAOP5PE4SMZWEXYQW3LKA,Content (Avg Emb),0.0,0.0
AHALTJDMAOP5PE4SMZWEXYQW3LKA,Last-Item,0.0,0.0
AHALTJDMAOP5PE4SMZWEXYQW3LKA,Avg-Last-10,0.0,0.0
AHALTJDMAOP5PE4SMZWEXYQW3LKA,Recency-Weighted,0.0,0.0
AHALTJDMAOP5PE4SMZWEXYQW3LKA,Essence (K=10),0.0,0.0
AHAOGTCA2VOPG6CZ4IVZU32LL4UQ,Random,0.0,0.0
AHAOGTCA2VOPG6CZ4IVZU32LL4UQ,Popularity,0.0,0.0
AHAOGTCA2VOPG6CZ4IVZU32LL4UQ,CF (ItemKNN),0.0,0.0
AHAOGTCA2VOPG6CZ4IVZU32LL4UQ,Content (Avg Emb),0.0,0.0
AHAOGTCA2VOPG6CZ4IVZU32LL4UQ,Last-Item,0.0,0.0
AHAOGTCA2VOPG6CZ4IVZU32LL4UQ,Avg-Last-10,0.0,0.0
AHAOGTCA2VOPG6CZ4IVZU32LL4UQ,Recency-Weighted,0.0,0.0
AHAOGTCA2VOPG6CZ4IVZU32LL4UQ,Essence (K=10),0.0,0.0
AHAOS7R725KSAMTIAULM24XOP4BA,Random,0.0,0.0
AHAOS7R725KSAMTIAULM24XOP4BA,Popularity,0.0,0.0
AHAOS7R725KSAMTIAULM24XOP4BA,CF (ItemKNN),0.0,0.0
AHAOS7R725KSAMTIAULM24XOP4BA,Content (Avg Emb),0.0,0.0
AHAOS7R725KSAMTIAULM24XOP4BA,Last-Item,0.0,0.0
AHAOS7R725KSAMTIAULM24XOP4BA,Avg-Last-10,0.0,0.0
AHAOS7R725KSAMTIAULM24XOP4BA,Recency-Weighted,0.0,0.0
AHAOS7R725KSAMTIAULM24XOP4BA,Essence (K=10),0.0,0.0
AHARBDYXWACNU3SUIVCMFN7M3PBA,Random,0.0,0.0
AHARBDYXWACNU3SUIVCMFN7M3PBA,Popularity,0.0,0.0
AHARBDYXWACNU3SUIVCMFN7M3PBA,CF (ItemKNN),0.0,0.0
AHARBDYXWACNU3SUIVCMFN7M3PBA,Content (Avg Emb),0.0,0.0
AHARBDYXWACNU3SUIVCMFN7M3PBA,Last-Item,0.2,0.0
AHARBDYXWACNU3SUIVCMFN7M3PBA,Avg-Last-10,0.0,0.0
AHARBDYXWACNU3SUIVCMFN7M3PBA,Recency-Weighted,0.0,0.0
AHARBDYXWACNU3SUIVCMFN7M3PBA,Essence (K=10),0.0,0.0
AHATPCVNPAPDFEQZQBZERUVOOVKQ,Random,0.0,0.0
AHATPCVNPAPDFEQZQBZERUVOOVKQ,Popularity,0.0,0.0
AHATPCVNPAPDFEQZQBZERUVOOVKQ,CF (ItemKNN),0.0,0.0
AHATPCVNPAPDFEQZQBZERUVOOVKQ,Content (Avg Emb),0.0,0.0
AHATPCVNPAPDFEQZQBZERUVOOVKQ,Last-Item,0.0,0.0
AHATPCVNPAPDFEQZQBZERUVOOVKQ,Avg-Last-10,0.0,0.0
AHATPCVNPAPDFEQZQBZERUVOOVKQ,Recency-Weighted,0.0,0.0
AHATPCVNPAPDFEQZQBZERUVOOVKQ,Essence (K=10),0.0,0.0
AHAVIAWU4UXK7CNP7MYPK4JTC36Q,Random,0.0,0.0
AHAVIAWU4UXK7CNP7MYPK4JTC36Q,Popularity,0.0,0.0
AHAVIAWU4UXK7CNP7MYPK4JTC36Q,CF (ItemKNN),0.0,0.0
AHAVIAWU4UXK7CNP7MYPK4JTC36Q,Content (Avg Emb),0.0,0.0
AHAVIAWU4UXK7CNP7MYPK4JTC36Q,Last-Item,0.0,0.0
AHAVIAWU4UXK7CNP7MYPK4JTC36Q,Avg-Last-10,0.0,0.0
AHAVIAWU4UXK7CNP7MYPK4JTC36Q,Recency-Weighted,0.0,0.0
AHAVIAWU4UXK7CNP7MYPK4JTC36Q,Essence (K=10),0.0,0.0
AHAWNAGTSKXJYWBDUKSPFCZFVODQ,Random,0.0,0.0
AHAWNAGTSKXJYWBDUKSPFCZFVODQ,Popularity,0.0,0.0
AHAWNAGTSKXJYWBDUKSPFCZFVODQ,CF (ItemKNN),0.0,0.0
AHAWNAGTSKXJYWBDUKSPFCZFVODQ,Content (Avg Emb),0.0,0.0
AHAWNAGTSKXJYWBDUKSPFCZFVODQ,Last-Item,0.0,0.0
AHAWNAGTSKXJYWBDUKSPFCZFVODQ,Avg-Last-10,0.0,0.0
AHAWNAGTSKXJYWBDUKSPFCZFVODQ,Recency-Weighted,0.0,0.0
AHAWNAGTSKXJYWBDUKSPFCZFVODQ,Essence (K=10),0.0,0.0
AHAWYA6RMY5PKG4YPZEMQLNAYX2Q,Random,0.0,0.0
AHAWYA6RMY5PKG4YPZEMQLNAYX2Q,Popularity,0.0,0.0
AHAWYA6RMY5PKG4YPZEMQLNAYX2Q,CF (ItemKNN),0.0,0.0
AHAWYA6RMY5PKG4YPZEMQLNAYX2Q,Content (Avg Emb),0.1111111111111111,0.0
AHAWYA6RMY5PKG4YPZEMQLNAYX2Q,Last-Item,0.0,0.0
AHAWYA6RMY5PKG4YPZEMQLNAYX2Q,Avg-Last-10,0.0,0.0
AHAWYA6RMY5PKG4YPZEMQLNAYX2Q,Recency-Weighted,0.0,0.0
AHAWYA6RMY5PKG4YPZEMQLNAYX2Q,Essence (K=10),0.1111111111111111,0.0
AHAZUBLR5KFX5ETQK5HBEWCOYMJA,Random,0.0,0.0
AHAZUBLR5KFX5ETQK5HBEWCOYMJA,Popularity,0.0,0.0
AHAZUBLR5KFX5ETQK5HBEWCOYMJA,CF (ItemKNN),0.0,0.0
AHAZUBLR5KFX5ETQK5HBEWCOYMJA,Content (Avg Emb),0.0,0.0
AHAZUBLR5KFX5ETQK5HBEWCOYMJA,Last-Item,0.0,0.0
AHAZUBLR5KFX5ETQK5HBEWCOYMJA,Avg-Last-10,0.0,0.0
AHAZUBLR5KFX5ETQK5HBEWCOYMJA,Recency-Weighted,0.0,0.0
AHAZUBLR5KFX5ETQK5HBEWCOYMJA,Essence (K=10),0.05,0.14285714285714285
AHBBLNJT3J7ZUPZVD46MMEKJKRKQ,Random,0.0,0.0
AHBBLNJT3J7ZUPZVD46MMEKJKRKQ,Popularity,0.0,0.0
AHBBLNJT3J7ZUPZVD46MMEKJKRKQ,CF (ItemKNN),0.0,0.0
AHBBLNJT3J7ZUPZVD46MMEKJKRKQ,Content (Avg Emb),0.0,0.0
AHBBLNJT3J7ZUPZVD46MMEKJKRKQ,Last-Item,0.0,0.0
AHBBLNJT3J7ZUPZVD46MMEKJKRKQ,Avg-Last-10,0.0,0.0
AHBBLNJT3J7ZUPZVD46MMEKJKRKQ,Recency-Weighted,0.0,0.0
AHBBLNJT3J7ZUPZVD46MMEKJKRKQ,Essence (K=10),0.0,0.0
AHBCEF7OZ5PKXJCSUXV73QZWZEUQ,Random,0.0,0.0
AHBCEF7OZ5PKXJCSUXV73QZWZEUQ,Popularity,0.0,0.0
AHBCEF7OZ5PKXJCSUXV73QZWZEUQ,CF (ItemKNN),0.0,0.0
AHBCEF7OZ5PKXJCSUXV73QZWZEUQ,Content (Avg Emb),0.0,0.0
AHBCEF7OZ5PKXJCSUXV73QZWZEUQ,Last-Item,0.0,0.0
AHBCEF7OZ5PKXJCSUXV73QZWZEUQ,Avg-Last-10,0.0,0.0
AHBCEF7OZ5PKXJCSUXV73QZWZEUQ,Recency-Weighted,0.0,0.0
AHBCEF7OZ5PKXJCSUXV73QZWZEUQ,Essence (K=10),0.0,0.0
AHBFYZN7S3XHT3UX2XPJGYZYVTEA,Random,0.0,0.0
AHBFYZN7S3XHT3UX2XPJGYZYVTEA,Popularity,0.0,0.0
AHBFYZN7S3XHT3UX2XPJGYZYVTEA,CF (ItemKNN),0.0,0.0
AHBFYZN7S3XHT3UX2XPJGYZYVTEA,Content (Avg Emb),0.0,0.0
AHBFYZN7S3XHT3UX2XPJGYZYVTEA,Last-Item,0.25,0.0
AHBFYZN7S3XHT3UX2XPJGYZYVTEA,Avg-Last-10,0.0,0.0
AHBFYZN7S3XHT3UX2XPJGYZYVTEA,Recency-Weighted,0.0,0.0
AHBFYZN7S3XHT3UX2XPJGYZYVTEA,Essence (K=10),0.0,0.0
AHBG3TESBPC7CWL5LBSLU2O5IVPA,Random,0.0,0.0
AHBG3TESBPC7CWL5LBSLU2O5IVPA,Popularity,0.0,0.0
AHBG3TESBPC7CWL5LBSLU2O5IVPA,CF (ItemKNN),0.0,0.0
AHBG3TESBPC7CWL5LBSLU2O5IVPA,Content (Avg Emb),0.0,0.0
AHBG3TESBPC7CWL5LBSLU2O5IVPA,Last-Item,0.0,0.0
AHBG3TESBPC7CWL5LBSLU2O5IVPA,Avg-Last-10,0.0,0.0
AHBG3TESBPC7CWL5LBSLU2O5IVPA,Recency-Weighted,0.0,0.0
AHBG3TESBPC7CWL5LBSLU2O5IVPA,Essence (K=10),0.0,0.0
AHBG7GOVCMNUZOT4A27SSZO5KQTA,Random,0.0,0.0
AHBG7GOVCMNUZOT4A27SSZO5KQTA,Popularity,0.0,0.0
AHBG7GOVCMNUZOT4A27SSZO5KQTA,CF (ItemKNN),0.0,0.0
AHBG7GOVCMNUZOT4A27SSZO5KQTA,Content (Avg Emb),0.0,0.0
AHBG7GOVCMNUZOT4A27SSZO5KQTA,Last-Item,0.0,0.0
AHBG7GOVCMNUZOT4A27SSZO5KQTA,Avg-Last-10,0.0,0.0
AHBG7GOVCMNUZOT4A27SSZO5KQTA,Recency-Weighted,0.0,0.0
AHBG7GOVCMNUZOT4A27SSZO5KQTA,Essence (K=10),0.0,0.0
AHBGD7P4MIDNZZDPFQ3SJSIQBC2Q,Random,0.0,0.0
AHBGD7P4MIDNZZDPFQ3SJSIQBC2Q,Popularity,0.0,0.0
AHBGD7P4MIDNZZDPFQ3SJSIQBC2Q,CF (ItemKNN),0.0,0.0
AHBGD7P4MIDNZZDPFQ3SJSIQBC2Q,Content (Avg Emb),0.0,0.0
AHBGD7P4MIDNZZDPFQ3SJSIQBC2Q,Last-Item,0.0,0.0
AHBGD7P4MIDNZZDPFQ3SJSIQBC2Q,Avg-Last-10,0.0,0.0
AHBGD7P4MIDNZZDPFQ3SJSIQBC2Q,Recency-Weighted,0.0,0.0
AHBGD7P4MIDNZZDPFQ3SJSIQBC2Q,Essence (K=10),0.0,0.0
AHBJ3FWM7BJLP3K5EHT2CN3VTZ3A,Random,0.0,0.0
AHBJ3FWM7BJLP3K5EHT2CN3VTZ3A,Popularity,0.0,0.0
AHBJ3FWM7BJLP3K5EHT2CN3VTZ3A,CF (ItemKNN),0.0,0.0
AHBJ3FWM7BJLP3K5EHT2CN3VTZ3A,Content (Avg Emb),0.0,0.0
AHBJ3FWM7BJLP3K5EHT2CN3VTZ3A,Last-Item,0.0,0.0
AHBJ3FWM7BJLP3K5EHT2CN3VTZ3A,Avg-Last-10,0.0,0.0
AHBJ3FWM7BJLP3K5EHT2CN3VTZ3A,Recency-Weighted,0.0,0.0
AHBJ3FWM7BJLP3K5EHT2CN3VTZ3A,Essence (K=10),0.0,0.0
AHBJE3SPKHLVQFW25XOAWQRWZA3Q,Random,0.0,0.0
AHBJE3SPKHLVQFW25XOAWQRWZA3Q,Popularity,0.0,0.0
AHBJE3SPKHLVQFW25XOAWQRWZA3Q,CF (ItemKNN),0.0,0.0
AHBJE3SPKHLVQFW25XOAWQRWZA3Q,Content (Avg Emb),0.0,0.0
AHBJE3SPKHLVQFW25XOAWQRWZA3Q,Last-Item,0.0,0.0
AHBJE3SPKHLVQFW25XOAWQRWZA3Q,Avg-Last-10,0.0,0.0
AHBJE3SPKHLVQFW25XOAWQRWZA3Q,Recency-Weighted,0.0,0.0
AHBJE3SPKHLVQFW25XOAWQRWZA3Q,Essence (K=10),0.0,0.0
AHBJSOXI5HSDH2CVNSSNN7LJEE3A,Random,0.0,0.0
AHBJSOXI5HSDH2CVNSSNN7LJEE3A,Popularity,0.0,0.0
AHBJSOXI5HSDH2CVNSSNN7LJEE3A,CF (ItemKNN),0.0,0.0
AHBJSOXI5HSDH2CVNSSNN7LJEE3A,Content (Avg Emb),0.0,0.0
AHBJSOXI5HSDH2CVNSSNN7LJEE3A,Last-Item,0.16666666666666666,0.5
AHBJSOXI5HSDH2CVNSSNN7LJEE3A,Avg-Last-10,0.0,0.0
AHBJSOXI5HSDH2CVNSSNN7LJEE3A,Recency-Weighted,0.0,0.0
AHBJSOXI5HSDH2CVNSSNN7LJEE3A,Essence (K=10),0.0,0.0
AHBOBJYDXYESFFZJWF4FCQ55VPKA,Random,0.0,0.0
AHBOBJYDXYESFFZJWF4FCQ55VPKA,Popularity,0.0,0.0
AHBOBJYDXYESFFZJWF4FCQ55VPKA,CF (ItemKNN),0.0,0.0
AHBOBJYDXYESFFZJWF4FCQ55VPKA,Content (Avg Emb),0.09523809523809523,0.6666666666666666
AHBOBJYDXYESFFZJWF4FCQ55VPKA,Last-Item,0.047619047619047616,0.3333333333333333
AHBOBJYDXYESFFZJWF4FCQ55VPKA,Avg-Last-10,0.09523809523809523,0.3333333333333333
AHBOBJYDXYESFFZJWF4FCQ55VPKA,Recency-Weighted,0.09523809523809523,0.3333333333333333
AHBOBJYDXYESFFZJWF4FCQ55VPKA,Essence (K=10),0.14285714285714285,0.3333333333333333
AHBPI666G2QI44DQTJWBLOREC26A,Random,0.0,
AHBPI666G2QI44DQTJWBLOREC26A,Popularity,0.0,
AHBPI666G2QI44DQTJWBLOREC26A,CF (ItemKNN),0.0,
AHBPI666G2QI44DQTJWBLOREC26A,Content (Avg Emb),0.0,
AHBPI666G2QI44DQTJWBLOREC26A,Last-Item,0.0,
AHBPI666G2QI44DQTJWBLOREC26A,Avg-Last-10,0.0,
AHBPI666G2QI44DQTJWBLOREC26A,Recency-Weighted,0.0,
AHBPI666G2QI44DQTJWBLOREC26A,Essence (K=10),0.0,
AHBVL53IGV5NTJUEWG5X6KQILC7Q,Random,0.0,0.0
AHBVL53IGV5NTJUEWG5X6KQILC7Q,Popularity,0.0,0.0
AHBVL53IGV5NTJUEWG5X6KQILC7Q,CF (ItemKNN),0.0,0.0
AHBVL53IGV5NTJUEWG5X6KQILC7Q,Content (Avg Emb),0.0,0.0
AHBVL53IGV5NTJUEWG5X6KQILC7Q,Last-Item,0.0,0.0
AHBVL53IGV5NTJUEWG5X6KQILC7Q,Avg-Last-10,0.0,0.0
AHBVL53IGV5NTJUEWG5X6KQILC7Q,Recency-Weighted,0.0,0.0
AHBVL53IGV5NTJUEWG5X6KQILC7Q,Essence (K=10),0.0,0.0
AHBXDOKTP4TXSLZRXSVJCP7F3BXA,Random,0.0,
AHBXDOKTP4TXSLZRXSVJCP7F3BXA,Popularity,0.0,
AHBXDOKTP4TXSLZRXSVJCP7F3BXA,CF (ItemKNN),0.0,
AHBXDOKTP4TXSLZRXSVJCP7F3BXA,Content (Avg Emb),0.0,
AHBXDOKTP4TXSLZRXSVJCP7F3BXA,Last-Item,0.0,
AHBXDOKTP4TXSLZRXSVJCP7F3BXA,Avg-Last-10,0.0,
AHBXDOKTP4TXSLZRXSVJCP7F3BXA,Recency-Weighted,0.0,
AHBXDOKTP4TXSLZRXSVJCP7F3BXA,Essence (K=10),0.0,
AHC6BHAUAAK5D2L72PGNJZAHS62Q,Random,0.0,
AHC6BHAUAAK5D2L72PGNJZAHS62Q,Popularity,0.0,
AHC6BHAUAAK5D2L72PGNJZAHS62Q,CF (ItemKNN),0.0,
AHC6BHAUAAK5D2L72PGNJZAHS62Q,Content (Avg Emb),0.0,
AHC6BHAUAAK5D2L72PGNJZAHS62Q,Last-Item,0.0,
AHC6BHAUAAK5D2L72PGNJZAHS62Q,Avg-Last-10,0.0,
AHC6BHAUAAK5D2L72PGNJZAHS62Q,Recency-Weighted,0.0,
AHC6BHAUAAK5D2L72PGNJZAHS62Q,Essence (K=10),0.0,
AHC6UK7AUUJYG3QUWTXVV3WKN5GA,Random,0.0,0.0
AHC6UK7AUUJYG3QUWTXVV3WKN5GA,Popularity,0.25,0.0
AHC6UK7AUUJYG3QUWTXVV3WKN5GA,CF (ItemKNN),0.0,0.0
AHC6UK7AUUJYG3QUWTXVV3WKN5GA,Content (Avg Emb),0.0,0.0
AHC6UK7AUUJYG3QUWTXVV3WKN5GA,Last-Item,0.0,0.0
AHC6UK7AUUJYG3QUWTXVV3WKN5GA,Avg-Last-10,0.0,0.0
AHC6UK7AUUJYG3QUWTXVV3WKN5GA,Recency-Weighted,0.0,0.0
AHC6UK7AUUJYG3QUWTXVV3WKN5GA,Essence (K=10),0.0,0.0
AHCCFWIDK5GVU6I4OM52I7RJL76Q,Random,0.0,
AHCCFWIDK5GVU6I4OM52I7RJL76Q,Popularity,0.0,
AHCCFWIDK5GVU6I4OM52I7RJL76Q,CF (ItemKNN),0.0,
AHCCFWIDK5GVU6I4OM52I7RJL76Q,Content (Avg Emb),0.2,
AHCCFWIDK5GVU6I4OM52I7RJL76Q,Last-Item,0.0,
AHCCFWIDK5GVU6I4OM52I7RJL76Q,Avg-Last-10,0.0,
AHCCFWIDK5GVU6I4OM52I7RJL76Q,Recency-Weighted,0.0,
AHCCFWIDK5GVU6I4OM52I7RJL76Q,Essence (K=10),0.0,
AHCESTP6ATGCAFH3QIDT4URGYXNA,Random,0.0,
AHCESTP6ATGCAFH3QIDT4URGYXNA,Popularity,0.0,
AHCESTP6ATGCAFH3QIDT4URGYXNA,CF (ItemKNN),0.0,
AHCESTP6ATGCAFH3QIDT4URGYXNA,Content (Avg Emb),0.25,
AHCESTP6ATGCAFH3QIDT4URGYXNA,Last-Item,0.0,
AHCESTP6ATGCAFH3QIDT4URGYXNA,Avg-Last-10,0.0,
AHCESTP6ATGCAFH3QIDT4URGYXNA,Recency-Weighted,0.0,
AHCESTP6ATGCAFH3QIDT4URGYXNA,Essence (K=10),0.0,
AHCFSYVLTBNYIJ6OFENA2W2ULQRQ,Random,0.0,
AHCFSYVLTBNYIJ6OFENA2W2ULQRQ,Popularity,0.0,
AHCFSYVLTBNYIJ6OFENA2W2ULQRQ,CF (ItemKNN),0.0,
AHCFSYVLTBNYIJ6OFENA2W2ULQRQ,Content (Avg Emb),0.0,
AHCFSYVLTBNYIJ6OFENA2W2ULQRQ,Last-Item,0.0,
AHCFSYVLTBNYIJ6OFENA2W2ULQRQ,Avg-Last-10,0.0,
AHCFSYVLTBNYIJ6OFENA2W2ULQRQ,Recency-Weighted,0.0,
AHCFSYVLTBNYIJ6OFENA2W2ULQRQ,Essence (K=10),0.0,
AHCLDWOSYYUNSGKR2GBPSE4Y4ZXA,Random,0.0,0.0
AHCLDWOSYYUNSGKR2GBPSE4Y4ZXA,Popularity,0.0,0.0
AHCLDWOSYYUNSGKR2GBPSE4Y4ZXA,CF (ItemKNN),0.1,1.0
AHCLDWOSYYUNSGKR2GBPSE4Y4ZXA,Content (Avg Emb),0.0,0.0
AHCLDWOSYYUNSGKR2GBPSE4Y4ZXA,Last-Item,0.2,0.0
AHCLDWOSYYUNSGKR2GBPSE4Y4ZXA,Avg-Last-10,0.0,0.0
AHCLDWOSYYUNSGKR2GBPSE4Y4ZXA,Recency-Weighted,0.2,0.0
AHCLDWOSYYUNSGKR2GBPSE4Y4ZXA,Essence (K=10),0.0,0.0
AHCPNGO44JGPUHZDILZHZLJJW3DQ,Random,0.0,0.0
AHCPNGO44JGPUHZDILZHZLJJW3DQ,Popularity,0.0,0.0
AHCPNGO44JGPUHZDILZHZLJJW3DQ,CF (ItemKNN),0.0,0.0
AHCPNGO44JGPUHZDILZHZLJJW3DQ,Content (Avg Emb),0.0,0.0
AHCPNGO44JGPUHZDILZHZLJJW3DQ,Last-Item,0.0,0.0
AHCPNGO44JGPUHZDILZHZLJJW3DQ,Avg-Last-10,0.0,0.0
AHCPNGO44JGPUHZDILZHZLJJW3DQ,Recency-Weighted,0.0,0.0
AHCPNGO44JGPUHZDILZHZLJJW3DQ,Essence (K=10),0.0,0.0
AHCQCL4Z72EFNK2KKO7LCBEULCEA,Random,0.0,
AHCQCL4Z72EFNK2KKO7LCBEULCEA,Popularity,0.0,
AHCQCL4Z72EFNK2KKO7LCBEULCEA,CF (ItemKNN),0.0,
AHCQCL4Z72EFNK2KKO7LCBEULCEA,Content (Avg Emb),0.6666666666666666,
AHCQCL4Z72EFNK2KKO7LCBEULCEA,Last-Item,0.8333333333333334,
AHCQCL4Z72EFNK2KKO7LCBEULCEA,Avg-Last-10,0.8333333333333334,
AHCQCL4Z72EFNK2KKO7LCBEULCEA,Recency-Weighted,0.8333333333333334,
AHCQCL4Z72EFNK2KKO7LCBEULCEA,Essence (K=10),0.8333333333333334,
AHCRLE7WJ3E3JATWRCGAD73FGRPA,Random,0.0,0.0
AHCRLE7WJ3E3JATWRCGAD73FGRPA,Popularity,0.0,0.0
AHCRLE7WJ3E3JATWRCGAD73FGRPA,CF (ItemKNN),0.0,0.0
AHCRLE7WJ3E3JATWRCGAD73FGRPA,Content (Avg Emb),0.0,0.0
AHCRLE7WJ3E3JATWRCGAD73FGRPA,Last-Item,0.42857142857142855,0.0
AHCRLE7WJ3E3JATWRCGAD73FGRPA,Avg-Last-10,0.0,0.0
AHCRLE7WJ3E3JATWRCGAD73FGRPA,Recency-Weighted,0.0,0.0
AHCRLE7WJ3E3JATWRCGAD73FGRPA,Essence (K=10),0.0,0.0
AHCTOQXGLUZH2JB4IJZTSDFHZEZA,Random,0.0,0.0
AHCTOQXGLUZH2JB4IJZTSDFHZEZA,Popularity,0.0,0.0
AHCTOQXGLUZH2JB4IJZTSDFHZEZA,CF (ItemKNN),0.0,0.0
AHCTOQXGLUZH2JB4IJZTSDFHZEZA,Content (Avg Emb),0.0,0.0
AHCTOQXGLUZH2JB4IJZTSDFHZEZA,Last-Item,0.0,0.0
AHCTOQXGLUZH2JB4IJZTSDFHZEZA,Avg-Last-10,0.0,0.0
AHCTOQXGLUZH2JB4IJZTSDFHZEZA,Recency-Weighted,0.0,0.0
AHCTOQXGLUZH2JB4IJZTSDFHZEZA,Essence (K=10),0.0,0.0
AHCU7R3ZFK5U2LYRDXTMFJKZ6PQQ,Random,0.0,
AHCU7R3ZFK5U2LYRDXTMFJKZ6PQQ,Popularity,0.0,
AHCU7R3ZFK5U2LYRDXTMFJKZ6PQQ,CF (ItemKNN),0.0,
AHCU7R3ZFK5U2LYRDXTMFJKZ6PQQ,Content (Avg Emb),0.0,
AHCU7R3ZFK5U2LYRDXTMFJKZ6PQQ,Last-Item,0.0,
AHCU7R3ZFK5U2LYRDXTMFJKZ6PQQ,Avg-Last-10,0.0,
AHCU7R3ZFK5U2LYRDXTMFJKZ6PQQ,Recency-Weighted,0.0,
AHCU7R3ZFK5U2LYRDXTMFJKZ6PQQ,Essence (K=10),0.0,
AHCVAH32U6FBQR25FK7U2W4XLPMQ,Random,0.0,
AHCVAH32U6FBQR25FK7U2W4XLPMQ,Popularity,0.0,
AHCVAH32U6FBQR25FK7U2W4XLPMQ,CF (ItemKNN),0.0,
AHCVAH32U6FBQR25FK7U2W4XLPMQ,Content (Avg Emb),0.0,
AHCVAH32U6FBQR25FK7U2W4XLPMQ,Last-Item,0.0,
AHCVAH32U6FBQR25FK7U2W4XLPMQ,Avg-Last-10,0.0,
AHCVAH32U6FBQR25FK7U2W4XLPMQ,Recency-Weighted,0.0,
AHCVAH32U6FBQR25FK7U2W4XLPMQ,Essence (K=10),0.0,
AHCVOLDGU2DR4WDZKZCXXUXFG3VQ,Random,0.0,
AHCVOLDGU2DR4WDZKZCXXUXFG3VQ,Popularity,0.0,
AHCVOLDGU2DR4WDZKZCXXUXFG3VQ,CF (ItemKNN),0.0,
AHCVOLDGU2DR4WDZKZCXXUXFG3VQ,Content (Avg Emb),0.0,
AHCVOLDGU2DR4WDZKZCXXUXFG3VQ,Last-Item,0.0,
AHCVOLDGU2DR4WDZKZCXXUXFG3VQ,Avg-Last-10,0.0,
AHCVOLDGU2DR4WDZKZCXXUXFG3VQ,Recency-Weighted,0.0,
AHCVOLDGU2DR4WDZKZCXXUXFG3VQ,Essence (K=10),0.0,
AHCZNPWQA2CJSXKXR3MSYVZK5AXQ,Random,0.0,0.0
AHCZNPWQA2CJSXKXR3MSYVZK5AXQ,Popularity,0.0,0.0
AHCZNPWQA2CJSXKXR3MSYVZK5AXQ,CF (ItemKNN),0.0,0.0
AHCZNPWQA2CJSXKXR3MSYVZK5AXQ,Content (Avg Emb),0.0,0.0
AHCZNPWQA2CJSXKXR3MSYVZK5AXQ,Last-Item,0.0,0.0
AHCZNPWQA2CJSXKXR3MSYVZK5AXQ,Avg-Last-10,0.0,0.0
AHCZNPWQA2CJSXKXR3MSYVZK5AXQ,Recency-Weighted,0.0,0.0
AHCZNPWQA2CJSXKXR3MSYVZK5AXQ,Essence (K=10),0.0,0.0
AHD3K46VOO7DCSV6IUNORCL2XWLQ,Random,0.0,
AHD3K46VOO7DCSV6IUNORCL2XWLQ,Popularity,0.0,
AHD3K46VOO7DCSV6IUNORCL2XWLQ,CF (ItemKNN),0.0,
AHD3K46VOO7DCSV6IUNORCL2XWLQ,Content (Avg Emb),0.0,
AHD3K46VOO7DCSV6IUNORCL2XWLQ,Last-Item,0.0,
AHD3K46VOO7DCSV6IUNORCL2XWLQ,Avg-Last-10,0.0,
AHD3K46VOO7DCSV6IUNORCL2XWLQ,Recency-Weighted,0.0,
AHD3K46VOO7DCSV6IUNORCL2XWLQ,Essence (K=10),0.0,
AHD47HACOT4VLUYZRWC5DUFRGEEA,Random,0.0,0.0
AHD47HACOT4VLUYZRWC5DUFRGEEA,Popularity,0.0,0.0
AHD47HACOT4VLUYZRWC5DUFRGEEA,CF (ItemKNN),0.0,0.0
AHD47HACOT4VLUYZRWC5DUFRGEEA,Content (Avg Emb),0.0,0.0
AHD47HACOT4VLUYZRWC5DUFRGEEA,Last-Item,0.0,0.0
AHD47HACOT4VLUYZRWC5DUFRGEEA,Avg-Last-10,0.0,0.0
AHD47HACOT4VLUYZRWC5DUFRGEEA,Recency-Weighted,0.0,0.0
AHD47HACOT4VLUYZRWC5DUFRGEEA,Essence (K=10),0.0,0.0
AHD654N4YSWJIGZ6WZNLL5U2ENJQ,Random,0.0,
AHD654N4YSWJIGZ6WZNLL5U2ENJQ,Popularity,0.0,
AHD654N4YSWJIGZ6WZNLL5U2ENJQ,CF (ItemKNN),0.0,
AHD654N4YSWJIGZ6WZNLL5U2ENJQ,Content (Avg Emb),0.0,
AHD654N4YSWJIGZ6WZNLL5U2ENJQ,Last-Item,0.0,
AHD654N4YSWJIGZ6WZNLL5U2ENJQ,Avg-Last-10,0.0,
AHD654N4YSWJIGZ6WZNLL5U2ENJQ,Recency-Weighted,0.25,
AHD654N4YSWJIGZ6WZNLL5U2ENJQ,Essence (K=10),0.0,
AHDA3MMFVUUDMAAHVUPZPKN4N7JA,Random,0.0,0.0
AHDA3MMFVUUDMAAHVUPZPKN4N7JA,Popularity,0.0,0.0
AHDA3MMFVUUDMAAHVUPZPKN4N7JA,CF (ItemKNN),0.0,0.0
AHDA3MMFVUUDMAAHVUPZPKN4N7JA,Content (Avg Emb),0.0,0.0
AHDA3MMFVUUDMAAHVUPZPKN4N7JA,Last-Item,0.0,0.0
AHDA3MMFVUUDMAAHVUPZPKN4N7JA,Avg-Last-10,0.0,0.0
AHDA3MMFVUUDMAAHVUPZPKN4N7JA,Recency-Weighted,0.0,0.0
AHDA3MMFVUUDMAAHVUPZPKN4N7JA,Essence (K=10),0.0,0.0
AHDBFYSKRRX2JFTYY33AJNRXSBNA,Random,0.0,0.0
AHDBFYSKRRX2JFTYY33AJNRXSBNA,Popularity,0.0,0.0
AHDBFYSKRRX2JFTYY33AJNRXSBNA,CF (ItemKNN),0.0,0.0
AHDBFYSKRRX2JFTYY33AJNRXSBNA,Content (Avg Emb),0.0,0.0
AHDBFYSKRRX2JFTYY33AJNRXSBNA,Last-Item,0.0,0.0
AHDBFYSKRRX2JFTYY33AJNRXSBNA,Avg-Last-10,0.0,0.0
AHDBFYSKRRX2JFTYY33AJNRXSBNA,Recency-Weighted,0.0,0.0
AHDBFYSKRRX2JFTYY33AJNRXSBNA,Essence (K=10),0.0,0.0
AHDFZ4Z4GRVEQRKYMJI47T4EPZ5A,Random,0.0,0.0
AHDFZ4Z4GRVEQRKYMJI47T4EPZ5A,Popularity,0.0,0.0
AHDFZ4Z4GRVEQRKYMJI47T4EPZ5A,CF (ItemKNN),0.0,0.0
AHDFZ4Z4GRVEQRKYMJI47T4EPZ5A,Content (Avg Emb),0.0,0.0
AHDFZ4Z4GRVEQRKYMJI47T4EPZ5A,Last-Item,0.0,0.0
AHDFZ4Z4GRVEQRKYMJI47T4EPZ5A,Avg-Last-10,0.0,0.0
AHDFZ4Z4GRVEQRKYMJI47T4EPZ5A,Recency-Weighted,0.0,0.0
AHDFZ4Z4GRVEQRKYMJI47T4EPZ5A,Essence (K=10),0.0,0.0
AHDJ7DODL42GRNSGMCMOCAV42D6A,Random,0.0,
AHDJ7DODL42GRNSGMCMOCAV42D6A,Popularity,0.0,
AHDJ7DODL42GRNSGMCMOCAV42D6A,CF (ItemKNN),0.0,
AHDJ7DODL42GRNSGMCMOCAV42D6A,Content (Avg Emb),0.0,
AHDJ7DODL42GRNSGMCMOCAV42D6A,Last-Item,0.0,
AHDJ7DODL42GRNSGMCMOCAV42D6A,Avg-Last-10,0.0,
AHDJ7DODL42GRNSGMCMOCAV42D6A,Recency-Weighted,0.0,
AHDJ7DODL42GRNSGMCMOCAV42D6A,Essence (K=10),0.0,
AHDJRM26VZ6PRSEGSGTJCMLXPEUQ,Random,0.0,0.0
AHDJRM26VZ6PRSEGSGTJCMLXPEUQ,Popularity,0.0,0.0
AHDJRM26VZ6PRSEGSGTJCMLXPEUQ,CF (ItemKNN),0.0,0.0
AHDJRM26VZ6PRSEGSGTJCMLXPEUQ,Content (Avg Emb),0.0,0.0
AHDJRM26VZ6PRSEGSGTJCMLXPEUQ,Last-Item,0.0,0.0
AHDJRM26VZ6PRSEGSGTJCMLXPEUQ,Avg-Last-10,0.0,0.0
AHDJRM26VZ6PRSEGSGTJCMLXPEUQ,Recency-Weighted,0.0,0.0
AHDJRM26VZ6PRSEGSGTJCMLXPEUQ,Essence (K=10),0.0,0.0
AHDKTZ2OZZZCH7ANP4MJLRLIUZRQ,Random,0.0,0.0
AHDKTZ2OZZZCH7ANP4MJLRLIUZRQ,Popularity,0.0,0.0
AHDKTZ2OZZZCH7ANP4MJLRLIUZRQ,CF (ItemKNN),0.0,0.0
AHDKTZ2OZZZCH7ANP4MJLRLIUZRQ,Content (Avg Emb),0.0,0.0
AHDKTZ2OZZZCH7ANP4MJLRLIUZRQ,Last-Item,0.0,0.0
AHDKTZ2OZZZCH7ANP4MJLRLIUZRQ,Avg-Last-10,0.0,0.0
AHDKTZ2OZZZCH7ANP4MJLRLIUZRQ,Recency-Weighted,0.0,0.0
AHDKTZ2OZZZCH7ANP4MJLRLIUZRQ,Essence (K=10),0.0,0.0
AHDKYU7F4OJ2NJYZ6OAYDDKQ2AOA,Random,0.0,0.0
AHDKYU7F4OJ2NJYZ6OAYDDKQ2AOA,Popularity,0.0,0.0
AHDKYU7F4OJ2NJYZ6OAYDDKQ2AOA,CF (ItemKNN),0.0,0.0
AHDKYU7F4OJ2NJYZ6OAYDDKQ2AOA,Content (Avg Emb),0.0,0.0
AHDKYU7F4OJ2NJYZ6OAYDDKQ2AOA,Last-Item,0.0,0.0
AHDKYU7F4OJ2NJYZ6OAYDDKQ2AOA,Avg-Last-10,0.0,0.0
AHDKYU7F4OJ2NJYZ6OAYDDKQ2AOA,Recency-Weighted,0.0,0.0
AHDKYU7F4OJ2NJYZ6OAYDDKQ2AOA,Essence (K=10),0.0,0.0
AHDNIGH3OSQ2A7FJ4D7B3HLY2EEQ,Random,0.0,0.0
AHDNIGH3OSQ2A7FJ4D7B3HLY2EEQ,Popularity,0.0,0.0
AHDNIGH3OSQ2A7FJ4D7B3HLY2EEQ,CF (ItemKNN),0.0,0.0
AHDNIGH3OSQ2A7FJ4D7B3HLY2EEQ,Content (Avg Emb),0.0,0.0
AHDNIGH3OSQ2A7FJ4D7B3HLY2EEQ,Last-Item,0.025,0.0
AHDNIGH3OSQ2A7FJ4D7B3HLY2EEQ,Avg-Last-10,0.0,0.0
AHDNIGH3OSQ2A7FJ4D7B3HLY2EEQ,Recency-Weighted,0.0,0.0
AHDNIGH3OSQ2A7FJ4D7B3HLY2EEQ,Essence (K=10),0.025,0.125
AHDPWEBQJ3HSKNUS32ZYBDYICEDA,Random,0.0,0.0
AHDPWEBQJ3HSKNUS32ZYBDYICEDA,Popularity,0.0,0.0
AHDPWEBQJ3HSKNUS32ZYBDYICEDA,CF (ItemKNN),0.0,0.0
AHDPWEBQJ3HSKNUS32ZYBDYICEDA,Content (Avg Emb),0.0,0.0
AHDPWEBQJ3HSKNUS32ZYBDYICEDA,Last-Item,0.0,0.0
AHDPWEBQJ3HSKNUS32ZYBDYICEDA,Avg-Last-10,0.0,0.0
AHDPWEBQJ3HSKNUS32ZYBDYICEDA,Recency-Weighted,0.0,0.0
AHDPWEBQJ3HSKNUS32ZYBDYICEDA,Essence (K=10),0.0,0.0
AHDS7HRNOBWQUTGPRKFNPH6IXUKQ,Random,0.0,
AHDS7HRNOBWQUTGPRKFNPH6IXUKQ,Popularity,0.0,
AHDS7HRNOBWQUTGPRKFNPH6IXUKQ,CF (ItemKNN),0.0,
AHDS7HRNOBWQUTGPRKFNPH6IXUKQ,Content (Avg Emb),0.0,
AHDS7HRNOBWQUTGPRKFNPH6IXUKQ,Last-Item,0.0,
AHDS7HRNOBWQUTGPRKFNPH6IXUKQ,Avg-Last-10,0.0,
AHDS7HRNOBWQUTGPRKFNPH6IXUKQ,Recency-Weighted,0.0,
AHDS7HRNOBWQUTGPRKFNPH6IXUKQ,Essence (K=10),0.0,
AHDSUVWTDDSEH4UTBW2WGG76D4GA,Random,0.0,0.0
AHDSUVWTDDSEH4UTBW2WGG76D4GA,Popularity,0.0,0.0
AHDSUVWTDDSEH4UTBW2WGG76D4GA,CF (ItemKNN),0.0,0.0
AHDSUVWTDDSEH4UTBW2WGG76D4GA,Content (Avg Emb),0.0,0.0
AHDSUVWTDDSEH4UTBW2WGG76D4GA,Last-Item,0.0,0.0
AHDSUVWTDDSEH4UTBW2WGG76D4GA,Avg-Last-10,0.0,0.0
AHDSUVWTDDSEH4UTBW2WGG76D4GA,Recency-Weighted,0.0,0.0
AHDSUVWTDDSEH4UTBW2WGG76D4GA,Essence (K=10),0.0,0.0
AHDWN4LOQ5HRNYSEKRMX5VZMNKUQ,Random,0.0,0.0
AHDWN4LOQ5HRNYSEKRMX5VZMNKUQ,Popularity,0.0,0.0
AHDWN4LOQ5HRNYSEKRMX5VZMNKUQ,CF (ItemKNN),0.0,0.0
AHDWN4LOQ5HRNYSEKRMX5VZMNKUQ,Content (Avg Emb),0.0,0.0
AHDWN4LOQ5HRNYSEKRMX5VZMNKUQ,Last-Item,0.0,0.0
AHDWN4LOQ5HRNYSEKRMX5VZMNKUQ,Avg-Last-10,0.0,0.0
AHDWN4LOQ5HRNYSEKRMX5VZMNKUQ,Recency-Weighted,0.0,0.0
AHDWN4LOQ5HRNYSEKRMX5VZMNKUQ,Essence (K=10),0.0,0.0
AHDZ2YRTPXQ2B6ZF6H2EAJWZPH2A,Random,0.0,
AHDZ2YRTPXQ2B6ZF6H2EAJWZPH2A,Popularity,0.0,
AHDZ2YRTPXQ2B6ZF6H2EAJWZPH2A,CF (ItemKNN),0.0,
AHDZ2YRTPXQ2B6ZF6H2EAJWZPH2A,Content (Avg Emb),0.0,
AHDZ2YRTPXQ2B6ZF6H2EAJWZPH2A,Last-Item,0.2,
AHDZ2YRTPXQ2B6ZF6H2EAJWZPH2A,Avg-Last-10,0.0,
AHDZ2YRTPXQ2B6ZF6H2EAJWZPH2A,Recency-Weighted,0.0,
AHDZ2YRTPXQ2B6ZF6H2EAJWZPH2A,Essence (K=10),0.0,
AHE5LK3JEDMLRWEPDEWPWUZQJH3Q,Random,0.0,0.0
AHE5LK3JEDMLRWEPDEWPWUZQJH3Q,Popularity,0.0,0.0
AHE5LK3JEDMLRWEPDEWPWUZQJH3Q,CF (ItemKNN),0.0,0.0
AHE5LK3JEDMLRWEPDEWPWUZQJH3Q,Content (Avg Emb),0.0,0.0
AHE5LK3JEDMLRWEPDEWPWUZQJH3Q,Last-Item,0.0,0.0
AHE5LK3JEDMLRWEPDEWPWUZQJH3Q,Avg-Last-10,0.0,0.0
AHE5LK3JEDMLRWEPDEWPWUZQJH3Q,Recency-Weighted,0.0,0.0
AHE5LK3JEDMLRWEPDEWPWUZQJH3Q,Essence (K=10),0.0,0.0
AHE6V6HM7EF4FQFTD3JKCDHP5UZQ,Random,0.0,0.0
AHE6V6HM7EF4FQFTD3JKCDHP5UZQ,Popularity,0.0,0.0
AHE6V6HM7EF4FQFTD3JKCDHP5UZQ,CF (ItemKNN),0.0,0.0
AHE6V6HM7EF4FQFTD3JKCDHP5UZQ,Content (Avg Emb),0.0,0.0
AHE6V6HM7EF4FQFTD3JKCDHP5UZQ,Last-Item,0.0,0.0
AHE6V6HM7EF4FQFTD3JKCDHP5UZQ,Avg-Last-10,0.0,0.0
AHE6V6HM7EF4FQFTD3JKCDHP5UZQ,Recency-Weighted,0.0,0.0
AHE6V6HM7EF4FQFTD3JKCDHP5UZQ,Essence (K=10),0.0,0.0
AHEB7Z2246WGYYOCDHGVG225VIGQ,Random,0.0,
AHEB7Z2246WGYYOCDHGVG225VIGQ,Popularity,0.0,
AHEB7Z2246WGYYOCDHGVG225VIGQ,CF (ItemKNN),0.0,
AHEB7Z2246WGYYOCDHGVG225VIGQ,Content (Avg Emb),0.0,
AHEB7Z2246WGYYOCDHGVG225VIGQ,Last-Item,0.0,
AHEB7Z2246WGYYOCDHGVG225VIGQ,Avg-Last-10,0.0,
AHEB7Z2246WGYYOCDHGVG225VIGQ,Recency-Weighted,0.0,
AHEB7Z2246WGYYOCDHGVG225VIGQ,Essence (K=10),0.0,
AHEBO5L4AEJQKAPVMVWNGIHTLZ5Q,Random,0.0,0.0
AHEBO5L4AEJQKAPVMVWNGIHTLZ5Q,Popularity,0.0,0.0
AHEBO5L4AEJQKAPVMVWNGIHTLZ5Q,CF (ItemKNN),0.0,0.0
AHEBO5L4AEJQKAPVMVWNGIHTLZ5Q,Content (Avg Emb),0.16666666666666666,0.0
AHEBO5L4AEJQKAPVMVWNGIHTLZ5Q,Last-Item,0.16666666666666666,0.0
AHEBO5L4AEJQKAPVMVWNGIHTLZ5Q,Avg-Last-10,0.16666666666666666,0.0
AHEBO5L4AEJQKAPVMVWNGIHTLZ5Q,Recency-Weighted,0.16666666666666666,0.0
AHEBO5L4AEJQKAPVMVWNGIHTLZ5Q,Essence (K=10),0.3333333333333333,0.0
AHEC6QURIRTA2NFBBKLBAH4ZDPMQ,Random,0.0,0.0
AHEC6QURIRTA2NFBBKLBAH4ZDPMQ,Popularity,0.0,0.0
AHEC6QURIRTA2NFBBKLBAH4ZDPMQ,CF (ItemKNN),0.0,0.0
AHEC6QURIRTA2NFBBKLBAH4ZDPMQ,Content (Avg Emb),0.0,0.0
AHEC6QURIRTA2NFBBKLBAH4ZDPMQ,Last-Item,0.0,0.0
AHEC6QURIRTA2NFBBKLBAH4ZDPMQ,Avg-Last-10,0.0,0.0
AHEC6QURIRTA2NFBBKLBAH4ZDPMQ,Recency-Weighted,0.0,0.0
AHEC6QURIRTA2NFBBKLBAH4ZDPMQ,Essence (K=10),0.0,0.0
AHECJNNORQ5YKHD5UKZOJ6TGEUWA,Random,0.0,0.0
AHECJNNORQ5YKHD5UKZOJ6TGEUWA,Popularity,0.0,0.0
AHECJNNORQ5YKHD5UKZOJ6TGEUWA,CF (ItemKNN),0.0,0.0
AHECJNNORQ5YKHD5UKZOJ6TGEUWA,Content (Avg Emb),0.0,0.0
AHECJNNORQ5YKHD5UKZOJ6TGEUWA,Last-Item,0.0,0.0
AHECJNNORQ5YKHD5UKZOJ6TGEUWA,Avg-Last-10,0.0,0.0
AHECJNNORQ5YKHD5UKZOJ6TGEUWA,Recency-Weighted,0.0,0.0
AHECJNNORQ5YKHD5UKZOJ6TGEUWA,Essence (K=10),0.0,0.0
AHEJWKJE7XJTZ6YMOLM7TNDGHIPA,Random,0.0,0.0
AHEJWKJE7XJTZ6YMOLM7TNDGHIPA,Popularity,0.0,0.0
AHEJWKJE7XJTZ6YMOLM7TNDGHIPA,CF (ItemKNN),0.0,0.0
AHEJWKJE7XJTZ6YMOLM7TNDGHIPA,Content (Avg Emb),0.0,0.0
AHEJWKJE7XJTZ6YMOLM7TNDGHIPA,Last-Item,0.0,0.0
AHEJWKJE7XJTZ6YMOLM7TNDGHIPA,Avg-Last-10,0.0,0.0
AHEJWKJE7XJTZ6YMOLM7TNDGHIPA,Recency-Weighted,0.0,0.0
AHEJWKJE7XJTZ6YMOLM7TNDGHIPA,Essence (K=10),0.0,0.0
AHEMMC3MGE3UXBARIQA4F7ZV7OFQ,Random,0.0,0.0
AHEMMC3MGE3UXBARIQA4F7ZV7OFQ,Popularity,0.0,0.0
AHEMMC3MGE3UXBARIQA4F7ZV7OFQ,CF (ItemKNN),0.0,0.0
AHEMMC3MGE3UXBARIQA4F7ZV7OFQ,Content (Avg Emb),0.0,0.0
AHEMMC3MGE3UXBARIQA4F7ZV7OFQ,Last-Item,0.0,0.0
AHEMMC3MGE3UXBARIQA4F7ZV7OFQ,Avg-Last-10,0.0,0.0
AHEMMC3MGE3UXBARIQA4F7ZV7OFQ,Recency-Weighted,0.0,0.0
AHEMMC3MGE3UXBARIQA4F7ZV7OFQ,Essence (K=10),0.0,0.0
AHEMRVLS746GN23TBNQGRKQDREMQ,Random,0.0,0.0
AHEMRVLS746GN23TBNQGRKQDREMQ,Popularity,0.0,0.0
AHEMRVLS746GN23TBNQGRKQDREMQ,CF (ItemKNN),0.0,0.0
AHEMRVLS746GN23TBNQGRKQDREMQ,Content (Avg Emb),0.0,0.0
AHEMRVLS746GN23TBNQGRKQDREMQ,Last-Item,0.0,0.0
AHEMRVLS746GN23TBNQGRKQDREMQ,Avg-Last-10,0.0,0.0
AHEMRVLS746GN23TBNQGRKQDREMQ,Recency-Weighted,0.0,0.0
AHEMRVLS746GN23TBNQGRKQDREMQ,Essence (K=10),0.0,0.0
AHEP7JDWMEQ5EECTHUM4UYR4FEFQ,Random,0.0,0.0
AHEP7JDWMEQ5EECTHUM4UYR4FEFQ,Popularity,0.0,0.0
AHEP7JDWMEQ5EECTHUM4UYR4FEFQ,CF (ItemKNN),0.0,0.0
AHEP7JDWMEQ5EECTHUM4UYR4FEFQ,Content (Avg Emb),0.0,0.0
AHEP7JDWMEQ5EECTHUM4UYR4FEFQ,Last-Item,0.0,0.0
AHEP7JDWMEQ5EECTHUM4UYR4FEFQ,Avg-Last-10,0.0,0.0
AHEP7JDWMEQ5EECTHUM4UYR4FEFQ,Recency-Weighted,0.0,0.0
AHEP7JDWMEQ5EECTHUM4UYR4FEFQ,Essence (K=10),0.0,0.0
AHERNZVSBBLUNC3Z4533IQUFC25Q,Random,0.0,
AHERNZVSBBLUNC3Z4533IQUFC25Q,Popularity,0.0,
AHERNZVSBBLUNC3Z4533IQUFC25Q,CF (ItemKNN),0.0,
AHERNZVSBBLUNC3Z4533IQUFC25Q,Content (Avg Emb),0.0,
AHERNZVSBBLUNC3Z4533IQUFC25Q,Last-Item,0.0,
AHERNZVSBBLUNC3Z4533IQUFC25Q,Avg-Last-10,0.0,
AHERNZVSBBLUNC3Z4533IQUFC25Q,Recency-Weighted,0.0,
AHERNZVSBBLUNC3Z4533IQUFC25Q,Essence (K=10),0.0,
AHEUNBWV6HPZTIK4FCLTK5ICA22Q,Random,0.0,0.0
AHEUNBWV6HPZTIK4FCLTK5ICA22Q,Popularity,0.0,0.0
AHEUNBWV6HPZTIK4FCLTK5ICA22Q,CF (ItemKNN),0.0,0.0
AHEUNBWV6HPZTIK4FCLTK5ICA22Q,Content (Avg Emb),0.0,0.0
AHEUNBWV6HPZTIK4FCLTK5ICA22Q,Last-Item,0.0,0.0
AHEUNBWV6HPZTIK4FCLTK5ICA22Q,Avg-Last-10,0.0,0.0
AHEUNBWV6HPZTIK4FCLTK5ICA22Q,Recency-Weighted,0.0,0.0
AHEUNBWV6HPZTIK4FCLTK5ICA22Q,Essence (K=10),0.0,0.0
AHEUNLZBHYD6K72TLVK6IHVJPMWQ,Random,0.0,
AHEUNLZBHYD6K72TLVK6IHVJPMWQ,Popularity,0.0,
AHEUNLZBHYD6K72TLVK6IHVJPMWQ,CF (ItemKNN),0.0,
AHEUNLZBHYD6K72TLVK6IHVJPMWQ,Content (Avg Emb),0.0,
AHEUNLZBHYD6K72TLVK6IHVJPMWQ,Last-Item,0.0,
AHEUNLZBHYD6K72TLVK6IHVJPMWQ,Avg-Last-10,0.0,
AHEUNLZBHYD6K72TLVK6IHVJPMWQ,Recency-Weighted,0.0,
AHEUNLZBHYD6K72TLVK6IHVJPMWQ,Essence (K=10),0.0,
AHEX3CRBEHB3H4X7TZUAO6NZ3GIQ,Random,0.0,0.0
AHEX3CRBEHB3H4X7TZUAO6NZ3GIQ,Popularity,0.0,0.0
AHEX3CRBEHB3H4X7TZUAO6NZ3GIQ,CF (ItemKNN),0.0,0.0
AHEX3CRBEHB3H4X7TZUAO6NZ3GIQ,Content (Avg Emb),0.0,0.0
AHEX3CRBEHB3H4X7TZUAO6NZ3GIQ,Last-Item,0.0,0.0
AHEX3CRBEHB3H4X7TZUAO6NZ3GIQ,Avg-Last-10,0.0,0.0
AHEX3CRBEHB3H4X7TZUAO6NZ3GIQ,Recency-Weighted,0.0,0.0
AHEX3CRBEHB3H4X7TZUAO6NZ3GIQ,Essence (K=10),0.0,0.0
AHF4UJ4XCJCYPK2HMAY45T56XWOQ,Random,0.0,0.0
AHF4UJ4XCJCYPK2HMAY45T56XWOQ,Popularity,0.0,0.0
AHF4UJ4XCJCYPK2HMAY45T56XWOQ,CF (ItemKNN),0.0,0.0
AHF4UJ4XCJCYPK2HMAY45T56XWOQ,Content (Avg Emb),0.0,0.0
AHF4UJ4XCJCYPK2HMAY45T56XWOQ,Last-Item,0.0,0.0
AHF4UJ4XCJCYPK2HMAY45T56XWOQ,Avg-Last-10,0.0,0.0
AHF4UJ4XCJCYPK2HMAY45T56XWOQ,Recency-Weighted,0.0,0.0
AHF4UJ4XCJCYPK2HMAY45T56XWOQ,Essence (K=10),0.0,0.0
AHF5JVOYFKO7GBJKVUP2W2F2TKPA,Random,0.0,
AHF5JVOYFKO7GBJKVUP2W2F2TKPA,Popularity,0.0,
AHF5JVOYFKO7GBJKVUP2W2F2TKPA,CF (ItemKNN),0.0,
AHF5JVOYFKO7GBJKVUP2W2F2TKPA,Content (Avg Emb),0.0,
AHF5JVOYFKO7GBJKVUP2W2F2TKPA,Last-Item,0.0,
AHF5JVOYFKO7GBJKVUP2W2F2TKPA,Avg-Last-10,0.0,
AHF5JVOYFKO7GBJKVUP2W2F2TKPA,Recency-Weighted,0.0,
AHF5JVOYFKO7GBJKVUP2W2F2TKPA,Essence (K=10),0.0,
AHF5WJA3XC2LTPEI4V64T4JLRKJQ,Random,0.0,0.0
AHF5WJA3XC2LTPEI4V64T4JLRKJQ,Popularity,0.0,0.0
AHF5WJA3XC2LTPEI4V64T4JLRKJQ,CF (ItemKNN),0.0,0.0
AHF5WJA3XC2LTPEI4V64T4JLRKJQ,Content (Avg Emb),0.0,0.0
AHF5WJA3XC2LTPEI4V64T4JLRKJQ,Last-Item,0.0,0.0
AHF5WJA3XC2LTPEI4V64T4JLRKJQ,Avg-Last-10,0.0,0.0
AHF5WJA3XC2LTPEI4V64T4JLRKJQ,Recency-Weighted,0.0,0.0
AHF5WJA3XC2LTPEI4V64T4JLRKJQ,Essence (K=10),0.0,0.0
AHF6O44TIIBGUNGGJF42YK356AYA,Random,0.0,0.0
AHF6O44TIIBGUNGGJF42YK356AYA,Popularity,0.0,0.0
AHF6O44TIIBGUNGGJF42YK356AYA,CF (ItemKNN),0.0,0.0
AHF6O44TIIBGUNGGJF42YK356AYA,Content (Avg Emb),0.0,0.0
AHF6O44TIIBGUNGGJF42YK356AYA,Last-Item,0.0,0.0
AHF6O44TIIBGUNGGJF42YK356AYA,Avg-Last-10,0.0,0.0
AHF6O44TIIBGUNGGJF42YK356AYA,Recency-Weighted,0.0,0.0
AHF6O44TIIBGUNGGJF42YK356AYA,Essence (K=10),0.0,0.0
AHFHJIWFQH2IOCEFY6AZZVC2FC5Q,Random,0.0,0.0
AHFHJIWFQH2IOCEFY6AZZVC2FC5Q,Popularity,0.0,0.0
AHFHJIWFQH2IOCEFY6AZZVC2FC5Q,CF (ItemKNN),0.0,0.0
AHFHJIWFQH2IOCEFY6AZZVC2FC5Q,Content (Avg Emb),0.16666666666666666,0.0
AHFHJIWFQH2IOCEFY6AZZVC2FC5Q,Last-Item,0.0,0.0
AHFHJIWFQH2IOCEFY6AZZVC2FC5Q,Avg-Last-10,0.16666666666666666,0.0
AHFHJIWFQH2IOCEFY6AZZVC2FC5Q,Recency-Weighted,0.16666666666666666,0.0
AHFHJIWFQH2IOCEFY6AZZVC2FC5Q,Essence (K=10),0.25,0.0
AHFHS4Q37BYINIHAAE2K2JGOMPJA,Random,0.0,
AHFHS4Q37BYINIHAAE2K2JGOMPJA,Popularity,0.0,
AHFHS4Q37BYINIHAAE2K2JGOMPJA,CF (ItemKNN),0.0,
AHFHS4Q37BYINIHAAE2K2JGOMPJA,Content (Avg Emb),0.0,
AHFHS4Q37BYINIHAAE2K2JGOMPJA,Last-Item,0.0,
AHFHS4Q37BYINIHAAE2K2JGOMPJA,Avg-Last-10,0.0,
AHFHS4Q37BYINIHAAE2K2JGOMPJA,Recency-Weighted,0.0,
AHFHS4Q37BYINIHAAE2K2JGOMPJA,Essence (K=10),0.0,
AHFJ6XW2UOJIBJMWQEJRTHIGGULQ,Random,0.0,
AHFJ6XW2UOJIBJMWQEJRTHIGGULQ,Popularity,0.0,
AHFJ6XW2UOJIBJMWQEJRTHIGGULQ,CF (ItemKNN),0.0,
AHFJ6XW2UOJIBJMWQEJRTHIGGULQ,Content (Avg Emb),0.2857142857142857,
AHFJ6XW2UOJIBJMWQEJRTHIGGULQ,Last-Item,0.2857142857142857,
AHFJ6XW2UOJIBJMWQEJRTHIGGULQ,Avg-Last-10,0.2857142857142857,
AHFJ6XW2UOJIBJMWQEJRTHIGGULQ,Recency-Weighted,0.2857142857142857,
AHFJ6XW2UOJIBJMWQEJRTHIGGULQ,Essence (K=10),0.2857142857142857,
AHFL4JVJGHCQNS4UUS6IJBUS6JQA,Random,0.0,0.0
AHFL4JVJGHCQNS4UUS6IJBUS6JQA,Popularity,0.0,0.0
AHFL4JVJGHCQNS4UUS6IJBUS6JQA,CF (ItemKNN),0.0,0.0
AHFL4JVJGHCQNS4UUS6IJBUS6JQA,Content (Avg Emb),0.0,0.0
AHFL4JVJGHCQNS4UUS6IJBUS6JQA,Last-Item,0.0,0.0
AHFL4JVJGHCQNS4UUS6IJBUS6JQA,Avg-Last-10,0.0,0.0
AHFL4JVJGHCQNS4UUS6IJBUS6JQA,Recency-Weighted,0.0,0.0
AHFL4JVJGHCQNS4UUS6IJBUS6JQA,Essence (K=10),0.0,0.0
AHFLBEPGT2LCQCSUGP3SPR7NOX5Q,Random,0.0,
AHFLBEPGT2LCQCSUGP3SPR7NOX5Q,Popularity,0.0,
AHFLBEPGT2LCQCSUGP3SPR7NOX5Q,CF (ItemKNN),0.0,
AHFLBEPGT2LCQCSUGP3SPR7NOX5Q,Content (Avg Emb),0.0,
AHFLBEPGT2LCQCSUGP3SPR7NOX5Q,Last-Item,0.0,
AHFLBEPGT2LCQCSUGP3SPR7NOX5Q,Avg-Last-10,0.0,
AHFLBEPGT2LCQCSUGP3SPR7NOX5Q,Recency-Weighted,0.0,
AHFLBEPGT2LCQCSUGP3SPR7NOX5Q,Essence (K=10),0.0,
AHFNDAS4DTVYCPQCIFBWY363X4WQ,Random,0.0,0.0
AHFNDAS4DTVYCPQCIFBWY363X4WQ,Popularity,0.0,0.0
AHFNDAS4DTVYCPQCIFBWY363X4WQ,CF (ItemKNN),0.25,0.0
AHFNDAS4DTVYCPQCIFBWY363X4WQ,Content (Avg Emb),0.0,0.0
AHFNDAS4DTVYCPQCIFBWY363X4WQ,Last-Item,0.0,0.0
AHFNDAS4DTVYCPQCIFBWY363X4WQ,Avg-Last-10,0.0,0.0
AHFNDAS4DTVYCPQCIFBWY363X4WQ,Recency-Weighted,0.0,0.0
AHFNDAS4DTVYCPQCIFBWY363X4WQ,Essence (K=10),0.0,0.0
AHFQM27GEM645VRGSNNWBNJNJPOQ,Random,0.0,0.0
AHFQM27GEM645VRGSNNWBNJNJPOQ,Popularity,0.0,0.0
AHFQM27GEM645VRGSNNWBNJNJPOQ,CF (ItemKNN),0.0,0.0
AHFQM27GEM645VRGSNNWBNJNJPOQ,Content (Avg Emb),0.0,0.0
AHFQM27GEM645VRGSNNWBNJNJPOQ,Last-Item,0.0,0.0
AHFQM27GEM645VRGSNNWBNJNJPOQ,Avg-Last-10,0.0,0.0
AHFQM27GEM645VRGSNNWBNJNJPOQ,Recency-Weighted,0.0,0.0
AHFQM27GEM645VRGSNNWBNJNJPOQ,Essence (K=10),0.0,0.0
AHFQUFNMDHO3UK7MENT27RBP5KKQ,Random,0.0,0.0
AHFQUFNMDHO3UK7MENT27RBP5KKQ,Popularity,0.0,0.0
AHFQUFNMDHO3UK7MENT27RBP5KKQ,CF (ItemKNN),0.0,0.0
AHFQUFNMDHO3UK7MENT27RBP5KKQ,Content (Avg Emb),0.0,0.0
AHFQUFNMDHO3UK7MENT27RBP5KKQ,Last-Item,0.0,0.0
AHFQUFNMDHO3UK7MENT27RBP5KKQ,Avg-Last-10,0.0,0.0
AHFQUFNMDHO3UK7MENT27RBP5KKQ,Recency-Weighted,0.0,0.0
AHFQUFNMDHO3UK7MENT27RBP5KKQ,Essence (K=10),0.0,0.0
AHFSBELEVTYBZTZSLUCUFYNSX2NQ,Random,0.0,
AHFSBELEVTYBZTZSLUCUFYNSX2NQ,Popularity,0.0,
AHFSBELEVTYBZTZSLUCUFYNSX2NQ,CF (ItemKNN),0.0,
AHFSBELEVTYBZTZSLUCUFYNSX2NQ,Content (Avg Emb),0.0,
AHFSBELEVTYBZTZSLUCUFYNSX2NQ,Last-Item,0.0,
AHFSBELEVTYBZTZSLUCUFYNSX2NQ,Avg-Last-10,0.0,
AHFSBELEVTYBZTZSLUCUFYNSX2NQ,Recency-Weighted,0.0,
AHFSBELEVTYBZTZSLUCUFYNSX2NQ,Essence (K=10),0.0,
AHFVCWKOKFWU3HBBUQWMFQJXUXNQ,Random,0.0,0.0
AHFVCWKOKFWU3HBBUQWMFQJXUXNQ,Popularity,0.0,0.0
AHFVCWKOKFWU3HBBUQWMFQJXUXNQ,CF (ItemKNN),0.07692307692307693,0.0
AHFVCWKOKFWU3HBBUQWMFQJXUXNQ,Content (Avg Emb),0.0,0.0
AHFVCWKOKFWU3HBBUQWMFQJXUXNQ,Last-Item,0.0,0.0
AHFVCWKOKFWU3HBBUQWMFQJXUXNQ,Avg-Last-10,0.0,0.0
AHFVCWKOKFWU3HBBUQWMFQJXUXNQ,Recency-Weighted,0.0,0.0
AHFVCWKOKFWU3HBBUQWMFQJXUXNQ,Essence (K=10),0.0,0.0
AHFY6UQ55WLQXK5CRE43472OFNEA,Random,0.0,0.0
AHFY6UQ55WLQXK5CRE43472OFNEA,Popularity,0.0,0.0
AHFY6UQ55WLQXK5CRE43472OFNEA,CF (ItemKNN),0.0,0.0
AHFY6UQ55WLQXK5CRE43472OFNEA,Content (Avg Emb),0.0,0.0
AHFY6UQ55WLQXK5CRE43472OFNEA,Last-Item,0.0,0.0
AHFY6UQ55WLQXK5CRE43472OFNEA,Avg-Last-10,0.0,0.0
AHFY6UQ55WLQXK5CRE43472OFNEA,Recency-Weighted,0.0,0.0
AHFY6UQ55WLQXK5CRE43472OFNEA,Essence (K=10),0.0,0.0
AHG23L7GXKE4HTOAUYT6N5VALAWQ,Random,0.0,
AHG23L7GXKE4HTOAUYT6N5VALAWQ,Popularity,0.0,
AHG23L7GXKE4HTOAUYT6N5VALAWQ,CF (ItemKNN),0.0,
AHG23L7GXKE4HTOAUYT6N5VALAWQ,Content (Avg Emb),0.0,
AHG23L7GXKE4HTOAUYT6N5VALAWQ,Last-Item,0.0,
AHG23L7GXKE4HTOAUYT6N5VALAWQ,Avg-Last-10,0.14285714285714285,
AHG23L7GXKE4HTOAUYT6N5VALAWQ,Recency-Weighted,0.14285714285714285,
AHG23L7GXKE4HTOAUYT6N5VALAWQ,Essence (K=10),0.0,
AHG4LDV5BUUAKFA5JBHTGPBMR4IQ,Random,0.0,
AHG4LDV5BUUAKFA5JBHTGPBMR4IQ,Popularity,0.0,
AHG4LDV5BUUAKFA5JBHTGPBMR4IQ,CF (ItemKNN),0.0,
AHG4LDV5BUUAKFA5JBHTGPBMR4IQ,Content (Avg Emb),0.0,
AHG4LDV5BUUAKFA5JBHTGPBMR4IQ,Last-Item,0.0,
AHG4LDV5BUUAKFA5JBHTGPBMR4IQ,Avg-Last-10,0.0,
AHG4LDV5BUUAKFA5JBHTGPBMR4IQ,Recency-Weighted,0.0,
AHG4LDV5BUUAKFA5JBHTGPBMR4IQ,Essence (K=10),0.0,
AHGAZLUKVLBKRJPPGTMDYL56METQ,Random,0.0,
AHGAZLUKVLBKRJPPGTMDYL56METQ,Popularity,0.0,
AHGAZLUKVLBKRJPPGTMDYL56METQ,CF (ItemKNN),0.0,
AHGAZLUKVLBKRJPPGTMDYL56METQ,Content (Avg Emb),0.0,
AHGAZLUKVLBKRJPPGTMDYL56METQ,Last-Item,0.0,
AHGAZLUKVLBKRJPPGTMDYL56METQ,Avg-Last-10,0.25,
AHGAZLUKVLBKRJPPGTMDYL56METQ,Recency-Weighted,0.25,
AHGAZLUKVLBKRJPPGTMDYL56METQ,Essence (K=10),0.0,
AHGDLJOYHYOQNK4HGOTBNRICETPQ,Random,0.0,0.0
AHGDLJOYHYOQNK4HGOTBNRICETPQ,Popularity,0.0,0.0
AHGDLJOYHYOQNK4HGOTBNRICETPQ,CF (ItemKNN),0.0,0.0
AHGDLJOYHYOQNK4HGOTBNRICETPQ,Content (Avg Emb),0.0,0.0
AHGDLJOYHYOQNK4HGOTBNRICETPQ,Last-Item,0.0,0.0
AHGDLJOYHYOQNK4HGOTBNRICETPQ,Avg-Last-10,0.0,0.0
AHGDLJOYHYOQNK4HGOTBNRICETPQ,Recency-Weighted,0.0,0.0
AHGDLJOYHYOQNK4HGOTBNRICETPQ,Essence (K=10),0.0,0.0
AHGDPCDM6C52L7IL7RT7LJUFJCEA,Random,0.0,
AHGDPCDM6C52L7IL7RT7LJUFJCEA,Popularity,0.0,
AHGDPCDM6C52L7IL7RT7LJUFJCEA,CF (ItemKNN),0.0,
AHGDPCDM6C52L7IL7RT7LJUFJCEA,Content (Avg Emb),0.0,
AHGDPCDM6C52L7IL7RT7LJUFJCEA,Last-Item,0.0,
AHGDPCDM6C52L7IL7RT7LJUFJCEA,Avg-Last-10,0.0,
AHGDPCDM6C52L7IL7RT7LJUFJCEA,Recency-Weighted,0.0,
AHGDPCDM6C52L7IL7RT7LJUFJCEA,Essence (K=10),0.0,
AHGG6LAFZRL3RTDA6AWMFJCPYYJQ,Random,0.0,0.0
AHGG6LAFZRL3RTDA6AWMFJCPYYJQ,Popularity,0.0,0.0
AHGG6LAFZRL3RTDA6AWMFJCPYYJQ,CF (ItemKNN),0.0,0.0
AHGG6LAFZRL3RTDA6AWMFJCPYYJQ,Content (Avg Emb),0.0,0.0
AHGG6LAFZRL3RTDA6AWMFJCPYYJQ,Last-Item,0.0,0.0
AHGG6LAFZRL3RTDA6AWMFJCPYYJQ,Avg-Last-10,0.0,0.0
AHGG6LAFZRL3RTDA6AWMFJCPYYJQ,Recency-Weighted,0.0,0.0
AHGG6LAFZRL3RTDA6AWMFJCPYYJQ,Essence (K=10),0.0,0.0
AHGKI7OXGUB6I6IFWOB2LUADEYPA,Random,0.0,0.0
AHGKI7OXGUB6I6IFWOB2LUADEYPA,Popularity,0.0,0.0
AHGKI7OXGUB6I6IFWOB2LUADEYPA,CF (ItemKNN),0.0,0.0
AHGKI7OXGUB6I6IFWOB2LUADEYPA,Content (Avg Emb),0.0,0.0
AHGKI7OXGUB6I6IFWOB2LUADEYPA,Last-Item,0.0,0.0
AHGKI7OXGUB6I6IFWOB2LUADEYPA,Avg-Last-10,0.0,0.0
AHGKI7OXGUB6I6IFWOB2LUADEYPA,Recency-Weighted,0.0,0.0
AHGKI7OXGUB6I6IFWOB2LUADEYPA,Essence (K=10),0.0,0.0
AHGKMW5HWTKY2SLJD7IMZX7GZP2A,Random,0.0,0.0
AHGKMW5HWTKY2SLJD7IMZX7GZP2A,Popularity,0.0,0.0
AHGKMW5HWTKY2SLJD7IMZX7GZP2A,CF (ItemKNN),0.05,0.0
AHGKMW5HWTKY2SLJD7IMZX7GZP2A,Content (Avg Emb),0.0,0.0
AHGKMW5HWTKY2SLJD7IMZX7GZP2A,Last-Item,0.0,0.0
AHGKMW5HWTKY2SLJD7IMZX7GZP2A,Avg-Last-10,0.0,0.0
AHGKMW5HWTKY2SLJD7IMZX7GZP2A,Recency-Weighted,0.0,0.0
AHGKMW5HWTKY2SLJD7IMZX7GZP2A,Essence (K=10),0.0,0.0
AHGLM6YLCXXADDXR5CRUOI2FCHSQ,Random,0.0,0.0
AHGLM6YLCXXADDXR5CRUOI2FCHSQ,Popularity,0.0,0.0
AHGLM6YLCXXADDXR5CRUOI2FCHSQ,CF (ItemKNN),0.0,0.0
AHGLM6YLCXXADDXR5CRUOI2FCHSQ,Content (Avg Emb),0.0,0.0
AHGLM6YLCXXADDXR5CRUOI2FCHSQ,Last-Item,0.0,0.0
AHGLM6YLCXXADDXR5CRUOI2FCHSQ,Avg-Last-10,0.0,0.0
AHGLM6YLCXXADDXR5CRUOI2FCHSQ,Recency-Weighted,0.0,0.0
AHGLM6YLCXXADDXR5CRUOI2FCHSQ,Essence (K=10),0.0,0.0
AHGM6PSCJA4TYIKN3WSI7DJLPUDA,Random,0.0,
AHGM6PSCJA4TYIKN3WSI7DJLPUDA,Popularity,0.0,
AHGM6PSCJA4TYIKN3WSI7DJLPUDA,CF (ItemKNN),0.0,
AHGM6PSCJA4TYIKN3WSI7DJLPUDA,Content (Avg Emb),0.0,
AHGM6PSCJA4TYIKN3WSI7DJLPUDA,Last-Item,0.0,
AHGM6PSCJA4TYIKN3WSI7DJLPUDA,Avg-Last-10,0.0,
AHGM6PSCJA4TYIKN3WSI7DJLPUDA,Recency-Weighted,0.0,
AHGM6PSCJA4TYIKN3WSI7DJLPUDA,Essence (K=10),0.0,
AHGPOPI47OOX7JILPYHPNYTO4MEA,Random,0.0,
AHGPOPI47OOX7JILPYHPNYTO4MEA,Popularity,0.0,
AHGPOPI47OOX7JILPYHPNYTO4MEA,CF (ItemKNN),0.0,
AHGPOPI47OOX7JILPYHPNYTO4MEA,Content (Avg Emb),0.0,
AHGPOPI47OOX7JILPYHPNYTO4MEA,Last-Item,0.0,
AHGPOPI47OOX7JILPYHPNYTO4MEA,Avg-Last-10,0.0,
AHGPOPI47OOX7JILPYHPNYTO4MEA,Recency-Weighted,0.0,
AHGPOPI47OOX7JILPYHPNYTO4MEA,Essence (K=10),0.0,
AHGRRZVPOTPAJ3AKFQS3C4J36QGQ,Random,0.0,0.0
AHGRRZVPOTPAJ3AKFQS3C4J36QGQ,Popularity,0.0,0.0
AHGRRZVPOTPAJ3AKFQS3C4J36QGQ,CF (ItemKNN),0.0,0.0
AHGRRZVPOTPAJ3AKFQS3C4J36QGQ,Content (Avg Emb),0.0,0.0
AHGRRZVPOTPAJ3AKFQS3C4J36QGQ,Last-Item,0.0,0.0
AHGRRZVPOTPAJ3AKFQS3C4J36QGQ,Avg-Last-10,0.0,0.0
AHGRRZVPOTPAJ3AKFQS3C4J36QGQ,Recency-Weighted,0.0,0.0
AHGRRZVPOTPAJ3AKFQS3C4J36QGQ,Essence (K=10),0.0,0.0
AHGZ3O6SNMKBWQQCS5SKCAUAGWCA,Random,0.0,
AHGZ3O6SNMKBWQQCS5SKCAUAGWCA,Popularity,0.0,
AHGZ3O6SNMKBWQQCS5SKCAUAGWCA,CF (ItemKNN),0.0,
AHGZ3O6SNMKBWQQCS5SKCAUAGWCA,Content (Avg Emb),0.0,
AHGZ3O6SNMKBWQQCS5SKCAUAGWCA,Last-Item,0.0,
AHGZ3O6SNMKBWQQCS5SKCAUAGWCA,Avg-Last-10,0.0,
AHGZ3O6SNMKBWQQCS5SKCAUAGWCA,Recency-Weighted,0.0,
AHGZ3O6SNMKBWQQCS5SKCAUAGWCA,Essence (K=10),0.0,
AHH3GHRCSLRZYBKR2TM55XV3RH3Q,Random,0.0,0.0
AHH3GHRCSLRZYBKR2TM55XV3RH3Q,Popularity,0.0,0.0
AHH3GHRCSLRZYBKR2TM55XV3RH3Q,CF (ItemKNN),0.0,0.0
AHH3GHRCSLRZYBKR2TM55XV3RH3Q,Content (Avg Emb),0.0,0.0
AHH3GHRCSLRZYBKR2TM55XV3RH3Q,Last-Item,0.0,0.0
AHH3GHRCSLRZYBKR2TM55XV3RH3Q,Avg-Last-10,0.0,0.0
AHH3GHRCSLRZYBKR2TM55XV3RH3Q,Recency-Weighted,0.0,0.0
AHH3GHRCSLRZYBKR2TM55XV3RH3Q,Essence (K=10),0.0,0.0
AHH3LEO5CPNCEB2Y3VUCFVRP4POA,Random,0.0,
AHH3LEO5CPNCEB2Y3VUCFVRP4POA,Popularity,0.0,
AHH3LEO5CPNCEB2Y3VUCFVRP4POA,CF (ItemKNN),0.0,
AHH3LEO5CPNCEB2Y3VUCFVRP4POA,Content (Avg Emb),0.0,
AHH3LEO5CPNCEB2Y3VUCFVRP4POA,Last-Item,0.0,
AHH3LEO5CPNCEB2Y3VUCFVRP4POA,Avg-Last-10,0.0,
AHH3LEO5CPNCEB2Y3VUCFVRP4POA,Recency-Weighted,0.0,
AHH3LEO5CPNCEB2Y3VUCFVRP4POA,Essence (K=10),0.0,
AHH3QHCEIFXNBMYVFBJXOAFGNDZQ,Random,0.0,0.0
AHH3QHCEIFXNBMYVFBJXOAFGNDZQ,Popularity,0.0,0.0
AHH3QHCEIFXNBMYVFBJXOAFGNDZQ,CF (ItemKNN),0.0,0.0
AHH3QHCEIFXNBMYVFBJXOAFGNDZQ,Content (Avg Emb),0.2,0.0
AHH3QHCEIFXNBMYVFBJXOAFGNDZQ,Last-Item,0.0,0.0
AHH3QHCEIFXNBMYVFBJXOAFGNDZQ,Avg-Last-10,0.2,0.0
AHH3QHCEIFXNBMYVFBJXOAFGNDZQ,Recency-Weighted,0.2,0.0
AHH3QHCEIFXNBMYVFBJXOAFGNDZQ,Essence (K=10),0.0,0.0
AHH4WMMHWZLOQRKP4B3QS27NESAQ,Random,0.0,
AHH4WMMHWZLOQRKP4B3QS27NESAQ,Popularity,0.0,
AHH4WMMHWZLOQRKP4B3QS27NESAQ,CF (ItemKNN),0.0,
AHH4WMMHWZLOQRKP4B3QS27NESAQ,Content (Avg Emb),0.0,
AHH4WMMHWZLOQRKP4B3QS27NESAQ,Last-Item,0.0,
AHH4WMMHWZLOQRKP4B3QS27NESAQ,Avg-Last-10,0.0,
AHH4WMMHWZLOQRKP4B3QS27NESAQ,Recency-Weighted,0.0,
AHH4WMMHWZLOQRKP4B3QS27NESAQ,Essence (K=10),0.0,
AHH5U765IM2TG27WGCXO7GA5IMMQ,Random,0.0,0.0
AHH5U765IM2TG27WGCXO7GA5IMMQ,Popularity,0.0,0.0
AHH5U765IM2TG27WGCXO7GA5IMMQ,CF (ItemKNN),0.0,0.0
AHH5U765IM2TG27WGCXO7GA5IMMQ,Content (Avg Emb),0.0,0.0
AHH5U765IM2TG27WGCXO7GA5IMMQ,Last-Item,0.0,0.0
AHH5U765IM2TG27WGCXO7GA5IMMQ,Avg-Last-10,0.0,0.0
AHH5U765IM2TG27WGCXO7GA5IMMQ,Recency-Weighted,0.0,0.0
AHH5U765IM2TG27WGCXO7GA5IMMQ,Essence (K=10),0.0,0.0
AHH6YUXOLGDN7XPDZWF4OXHVFBEQ,Random,0.0,
AHH6YUXOLGDN7XPDZWF4OXHVFBEQ,Popularity,0.0,
AHH6YUXOLGDN7XPDZWF4OXHVFBEQ,CF (ItemKNN),0.0,
AHH6YUXOLGDN7XPDZWF4OXHVFBEQ,Content (Avg Emb),0.0,
AHH6YUXOLGDN7XPDZWF4OXHVFBEQ,Last-Item,0.0,
AHH6YUXOLGDN7XPDZWF4OXHVFBEQ,Avg-Last-10,0.0,
AHH6YUXOLGDN7XPDZWF4OXHVFBEQ,Recency-Weighted,0.0,
AHH6YUXOLGDN7XPDZWF4OXHVFBEQ,Essence (K=10),0.0,
AHHH4ADO6NO6TKUPYDCJUDAOGIFA,Random,0.0,0.0
AHHH4ADO6NO6TKUPYDCJUDAOGIFA,Popularity,0.0,0.0
AHHH4ADO6NO6TKUPYDCJUDAOGIFA,CF (ItemKNN),0.0,0.0
AHHH4ADO6NO6TKUPYDCJUDAOGIFA,Content (Avg Emb),0.0,0.0
AHHH4ADO6NO6TKUPYDCJUDAOGIFA,Last-Item,0.0,0.0
AHHH4ADO6NO6TKUPYDCJUDAOGIFA,Avg-Last-10,0.0,0.0
AHHH4ADO6NO6TKUPYDCJUDAOGIFA,Recency-Weighted,0.0,0.0
AHHH4ADO6NO6TKUPYDCJUDAOGIFA,Essence (K=10),0.0,0.0
AHHIBCKMRTOVC5PRAJROTSOHPLCA,Random,0.0,
AHHIBCKMRTOVC5PRAJROTSOHPLCA,Popularity,0.0,
AHHIBCKMRTOVC5PRAJROTSOHPLCA,CF (ItemKNN),0.0,
AHHIBCKMRTOVC5PRAJROTSOHPLCA,Content (Avg Emb),0.0,
AHHIBCKMRTOVC5PRAJROTSOHPLCA,Last-Item,0.0,
AHHIBCKMRTOVC5PRAJROTSOHPLCA,Avg-Last-10,0.0,
AHHIBCKMRTOVC5PRAJROTSOHPLCA,Recency-Weighted,0.0,
AHHIBCKMRTOVC5PRAJROTSOHPLCA,Essence (K=10),0.0,
AHHIZ5KTU7BLNVPJLJQ7PMDZQK6Q,Random,0.0,
AHHIZ5KTU7BLNVPJLJQ7PMDZQK6Q,Popularity,0.0,
AHHIZ5KTU7BLNVPJLJQ7PMDZQK6Q,CF (ItemKNN),0.0,
AHHIZ5KTU7BLNVPJLJQ7PMDZQK6Q,Content (Avg Emb),0.125,
AHHIZ5KTU7BLNVPJLJQ7PMDZQK6Q,Last-Item,0.0,
AHHIZ5KTU7BLNVPJLJQ7PMDZQK6Q,Avg-Last-10,0.125,
AHHIZ5KTU7BLNVPJLJQ7PMDZQK6Q,Recency-Weighted,0.0,
AHHIZ5KTU7BLNVPJLJQ7PMDZQK6Q,Essence (K=10),0.0,
AHHJFS4V46LVNY4T7BBVLWW7VZTA,Random,0.0,0.0
AHHJFS4V46LVNY4T7BBVLWW7VZTA,Popularity,0.0,0.0
AHHJFS4V46LVNY4T7BBVLWW7VZTA,CF (ItemKNN),0.0,0.0
AHHJFS4V46LVNY4T7BBVLWW7VZTA,Content (Avg Emb),0.0,0.0
AHHJFS4V46LVNY4T7BBVLWW7VZTA,Last-Item,0.0,0.0
AHHJFS4V46LVNY4T7BBVLWW7VZTA,Avg-Last-10,0.0,0.0
AHHJFS4V46LVNY4T7BBVLWW7VZTA,Recency-Weighted,0.0,0.0
AHHJFS4V46LVNY4T7BBVLWW7VZTA,Essence (K=10),0.0,0.0
AHHK2HJNRAGHYALHKEFRVEZW6HVA,Random,0.0,
AHHK2HJNRAGHYALHKEFRVEZW6HVA,Popularity,0.0,
AHHK2HJNRAGHYALHKEFRVEZW6HVA,CF (ItemKNN),0.0,
AHHK2HJNRAGHYALHKEFRVEZW6HVA,Content (Avg Emb),0.0,
AHHK2HJNRAGHYALHKEFRVEZW6HVA,Last-Item,0.0,
AHHK2HJNRAGHYALHKEFRVEZW6HVA,Avg-Last-10,0.0,
AHHK2HJNRAGHYALHKEFRVEZW6HVA,Recency-Weighted,0.0,
AHHK2HJNRAGHYALHKEFRVEZW6HVA,Essence (K=10),0.0,
AHHKAWXJPWVGFQZQ3BEQVAC54QSQ,Random,0.0,
AHHKAWXJPWVGFQZQ3BEQVAC54QSQ,Popularity,0.0,
AHHKAWXJPWVGFQZQ3BEQVAC54QSQ,CF (ItemKNN),0.0,
AHHKAWXJPWVGFQZQ3BEQVAC54QSQ,Content (Avg Emb),0.0,
AHHKAWXJPWVGFQZQ3BEQVAC54QSQ,Last-Item,0.0,
AHHKAWXJPWVGFQZQ3BEQVAC54QSQ,Avg-Last-10,0.0,
AHHKAWXJPWVGFQZQ3BEQVAC54QSQ,Recency-Weighted,0.0,
AHHKAWXJPWVGFQZQ3BEQVAC54QSQ,Essence (K=10),0.0,
AHHKXVXP5W6YB25C37DFBIF3BM4A,Random,0.0,0.0
AHHKXVXP5W6YB25C37DFBIF3BM4A,Popularity,0.0,0.0
AHHKXVXP5W6YB25C37DFBIF3BM4A,CF (ItemKNN),0.0,0.0
AHHKXVXP5W6YB25C37DFBIF3BM4A,Content (Avg Emb),0.0,0.0
AHHKXVXP5W6YB25C37DFBIF3BM4A,Last-Item,0.0,0.0
AHHKXVXP5W6YB25C37DFBIF3BM4A,Avg-Last-10,0.0,0.0
AHHKXVXP5W6YB25C37DFBIF3BM4A,Recency-Weighted,0.0,0.0
AHHKXVXP5W6YB25C37DFBIF3BM4A,Essence (K=10),0.0,0.0
AHHTKFNBQ2USBG5R4BTL3GH7JEYQ,Random,0.0,
AHHTKFNBQ2USBG5R4BTL3GH7JEYQ,Popularity,0.0,
AHHTKFNBQ2USBG5R4BTL3GH7JEYQ,CF (ItemKNN),0.0,
AHHTKFNBQ2USBG5R4BTL3GH7JEYQ,Content (Avg Emb),0.16666666666666666,
AHHTKFNBQ2USBG5R4BTL3GH7JEYQ,Last-Item,0.5,
AHHTKFNBQ2USBG5R4BTL3GH7JEYQ,Avg-Last-10,0.3333333333333333,
AHHTKFNBQ2USBG5R4BTL3GH7JEYQ,Recency-Weighted,0.5,
AHHTKFNBQ2USBG5R4BTL3GH7JEYQ,Essence (K=10),0.5,
AHHUFZXS3W5SS3H6CU2Q5Y34WULQ,Random,0.0,
AHHUFZXS3W5SS3H6CU2Q5Y34WULQ,Popularity,0.0,
AHHUFZXS3W5SS3H6CU2Q5Y34WULQ,CF (ItemKNN),0.0,
AHHUFZXS3W5SS3H6CU2Q5Y34WULQ,Content (Avg Emb),0.0,
AHHUFZXS3W5SS3H6CU2Q5Y34WULQ,Last-Item,0.0,
AHHUFZXS3W5SS3H6CU2Q5Y34WULQ,Avg-Last-10,0.0,
AHHUFZXS3W5SS3H6CU2Q5Y34WULQ,Recency-Weighted,0.0,
AHHUFZXS3W5SS3H6CU2Q5Y34WULQ,Essence (K=10),0.0,
AHHUHAL6HFQFODUMAAFW6PMWWM4Q,Random,0.0,
AHHUHAL6HFQFODUMAAFW6PMWWM4Q,Popularity,0.0,
AHHUHAL6HFQFODUMAAFW6PMWWM4Q,CF (ItemKNN),0.0,
AHHUHAL6HFQFODUMAAFW6PMWWM4Q,Content (Avg Emb),0.0,
AHHUHAL6HFQFODUMAAFW6PMWWM4Q,Last-Item,0.0,
AHHUHAL6HFQFODUMAAFW6PMWWM4Q,Avg-Last-10,0.0,
AHHUHAL6HFQFODUMAAFW6PMWWM4Q,Recency-Weighted,0.0,
AHHUHAL6HFQFODUMAAFW6PMWWM4Q,Essence (K=10),0.0,
AHHXO2MYPQRFO25T3NQGDA5HIUPQ,Random,0.0,0.0
AHHXO2MYPQRFO25T3NQGDA5HIUPQ,Popularity,0.0,0.0
AHHXO2MYPQRFO25T3NQGDA5HIUPQ,CF (ItemKNN),0.0,0.0
AHHXO2MYPQRFO25T3NQGDA5HIUPQ,Content (Avg Emb),0.0,0.0
AHHXO2MYPQRFO25T3NQGDA5HIUPQ,Last-Item,0.0,0.0
AHHXO2MYPQRFO25T3NQGDA5HIUPQ,Avg-Last-10,0.0,0.0
AHHXO2MYPQRFO25T3NQGDA5HIUPQ,Recency-Weighted,0.0,0.0
AHHXO2MYPQRFO25T3NQGDA5HIUPQ,Essence (K=10),0.0,0.0
AHHZ64672VE4KMA65DLDS5ZUFEVQ,Random,0.0,0.0
AHHZ64672VE4KMA65DLDS5ZUFEVQ,Popularity,0.0,0.0
AHHZ64672VE4KMA65DLDS5ZUFEVQ,CF (ItemKNN),0.0,0.0
AHHZ64672VE4KMA65DLDS5ZUFEVQ,Content (Avg Emb),0.1111111111111111,0.0
AHHZ64672VE4KMA65DLDS5ZUFEVQ,Last-Item,0.14814814814814814,0.0
AHHZ64672VE4KMA65DLDS5ZUFEVQ,Avg-Last-10,0.07407407407407407,0.0
AHHZ64672VE4KMA65DLDS5ZUFEVQ,Recency-Weighted,0.037037037037037035,0.0
AHHZ64672VE4KMA65DLDS5ZUFEVQ,Essence (K=10),0.07407407407407407,0.0
AHI24TSIPMMKBTQW27COVFBEW3HA,Random,0.0,0.0
AHI24TSIPMMKBTQW27COVFBEW3HA,Popularity,0.0,0.0
AHI24TSIPMMKBTQW27COVFBEW3HA,CF (ItemKNN),0.0,0.0
AHI24TSIPMMKBTQW27COVFBEW3HA,Content (Avg Emb),0.0,0.0
AHI24TSIPMMKBTQW27COVFBEW3HA,Last-Item,0.0,0.0
AHI24TSIPMMKBTQW27COVFBEW3HA,Avg-Last-10,0.0,0.0
AHI24TSIPMMKBTQW27COVFBEW3HA,Recency-Weighted,0.0,0.0
AHI24TSIPMMKBTQW27COVFBEW3HA,Essence (K=10),0.0,0.0
AHI2AM7N4QF44OLQWLWY2S3MATXA,Random,0.0,
AHI2AM7N4QF44OLQWLWY2S3MATXA,Popularity,0.0,
AHI2AM7N4QF44OLQWLWY2S3MATXA,CF (ItemKNN),0.0,
AHI2AM7N4QF44OLQWLWY2S3MATXA,Content (Avg Emb),0.0,
AHI2AM7N4QF44OLQWLWY2S3MATXA,Last-Item,0.0,
AHI2AM7N4QF44OLQWLWY2S3MATXA,Avg-Last-10,0.0,
AHI2AM7N4QF44OLQWLWY2S3MATXA,Recency-Weighted,0.0,
AHI2AM7N4QF44OLQWLWY2S3MATXA,Essence (K=10),0.0,
AHI2V2BM7B2GQQL3XKFLWXFJEWCQ,Random,0.0,
AHI2V2BM7B2GQQL3XKFLWXFJEWCQ,Popularity,0.0,
AHI2V2BM7B2GQQL3XKFLWXFJEWCQ,CF (ItemKNN),0.0,
AHI2V2BM7B2GQQL3XKFLWXFJEWCQ,Content (Avg Emb),0.0,
AHI2V2BM7B2GQQL3XKFLWXFJEWCQ,Last-Item,0.0,
AHI2V2BM7B2GQQL3XKFLWXFJEWCQ,Avg-Last-10,0.0,
AHI2V2BM7B2GQQL3XKFLWXFJEWCQ,Recency-Weighted,0.0,
AHI2V2BM7B2GQQL3XKFLWXFJEWCQ,Essence (K=10),0.0,
AHI4BFVU7CZDBQ2KG4XZK5F2GXPQ,Random,0.0,0.0
AHI4BFVU7CZDBQ2KG4XZK5F2GXPQ,Popularity,0.0,0.0
AHI4BFVU7CZDBQ2KG4XZK5F2GXPQ,CF (ItemKNN),0.0,0.0
AHI4BFVU7CZDBQ2KG4XZK5F2GXPQ,Content (Avg Emb),0.09090909090909091,0.16666666666666666
AHI4BFVU7CZDBQ2KG4XZK5F2GXPQ,Last-Item,0.09090909090909091,0.0
AHI4BFVU7CZDBQ2KG4XZK5F2GXPQ,Avg-Last-10,0.0,0.0
AHI4BFVU7CZDBQ2KG4XZK5F2GXPQ,Recency-Weighted,0.18181818181818182,0.16666666666666666
AHI4BFVU7CZDBQ2KG4XZK5F2GXPQ,Essence (K=10),0.0,0.0
AHI7IND55SGIG5DQ4IQLSR3KOEBA,Random,0.0,
AHI7IND55SGIG5DQ4IQLSR3KOEBA,Popularity,0.0,
AHI7IND55SGIG5DQ4IQLSR3KOEBA,CF (ItemKNN),0.0,
AHI7IND55SGIG5DQ4IQLSR3KOEBA,Content (Avg Emb),0.0,
AHI7IND55SGIG5DQ4IQLSR3KOEBA,Last-Item,0.0,
AHI7IND55SGIG5DQ4IQLSR3KOEBA,Avg-Last-10,0.0,
AHI7IND55SGIG5DQ4IQLSR3KOEBA,Recency-Weighted,0.0,
AHI7IND55SGIG5DQ4IQLSR3KOEBA,Essence (K=10),0.0,
AHIBORZYQECBNQWGXDIWLLFVJQMQ,Random,0.0,0.0
AHIBORZYQECBNQWGXDIWLLFVJQMQ,Popularity,0.0,0.0
AHIBORZYQECBNQWGXDIWLLFVJQMQ,CF (ItemKNN),0.0,0.0
AHIBORZYQECBNQWGXDIWLLFVJQMQ,Content (Avg Emb),0.0,0.0
AHIBORZYQECBNQWGXDIWLLFVJQMQ,Last-Item,0.0,0.0
AHIBORZYQECBNQWGXDIWLLFVJQMQ,Avg-Last-10,0.0,0.0
AHIBORZYQECBNQWGXDIWLLFVJQMQ,Recency-Weighted,0.0,0.0
AHIBORZYQECBNQWGXDIWLLFVJQMQ,Essence (K=10),0.0,0.0
AHICNWJSRWDVKMTF2UN6OSJOFN3Q,Random,0.0,0.0
AHICNWJSRWDVKMTF2UN6OSJOFN3Q,Popularity,0.0,0.0
AHICNWJSRWDVKMTF2UN6OSJOFN3Q,CF (ItemKNN),0.0,0.0
AHICNWJSRWDVKMTF2UN6OSJOFN3Q,Content (Avg Emb),0.0,0.0
AHICNWJSRWDVKMTF2UN6OSJOFN3Q,Last-Item,0.0,0.0
AHICNWJSRWDVKMTF2UN6OSJOFN3Q,Avg-Last-10,0.0,0.0
AHICNWJSRWDVKMTF2UN6OSJOFN3Q,Recency-Weighted,0.0,0.0
AHICNWJSRWDVKMTF2UN6OSJOFN3Q,Essence (K=10),0.08,0.0
AHIDHIQHOPDCDHO3L4PH5OJGXS3A,Random,0.0,
AHIDHIQHOPDCDHO3L4PH5OJGXS3A,Popularity,0.0,
AHIDHIQHOPDCDHO3L4PH5OJGXS3A,CF (ItemKNN),0.0,
AHIDHIQHOPDCDHO3L4PH5OJGXS3A,Content (Avg Emb),0.0,
AHIDHIQHOPDCDHO3L4PH5OJGXS3A,Last-Item,0.0,
AHIDHIQHOPDCDHO3L4PH5OJGXS3A,Avg-Last-10,0.0,
AHIDHIQHOPDCDHO3L4PH5OJGXS3A,Recency-Weighted,0.0,
AHIDHIQHOPDCDHO3L4PH5OJGXS3A,Essence (K=10),0.0,
AHIF5FYBIFEXJ7EEBLEUBM4AH5SQ,Random,0.0,0.0
AHIF5FYBIFEXJ7EEBLEUBM4AH5SQ,Popularity,0.0,0.0
AHIF5FYBIFEXJ7EEBLEUBM4AH5SQ,CF (ItemKNN),0.0,0.0
AHIF5FYBIFEXJ7EEBLEUBM4AH5SQ,Content (Avg Emb),0.0,0.0
AHIF5FYBIFEXJ7EEBLEUBM4AH5SQ,Last-Item,0.0,0.0
AHIF5FYBIFEXJ7EEBLEUBM4AH5SQ,Avg-Last-10,0.0,0.0
AHIF5FYBIFEXJ7EEBLEUBM4AH5SQ,Recency-Weighted,0.0,0.0
AHIF5FYBIFEXJ7EEBLEUBM4AH5SQ,Essence (K=10),0.0,0.0
AHIFKJNH7JA6WOWGPAXA3CJNZHRQ,Random,0.0,0.0
AHIFKJNH7JA6WOWGPAXA3CJNZHRQ,Popularity,0.0,0.0
AHIFKJNH7JA6WOWGPAXA3CJNZHRQ,CF (ItemKNN),0.0,0.0
AHIFKJNH7JA6WOWGPAXA3CJNZHRQ,Content (Avg Emb),0.0,0.0
AHIFKJNH7JA6WOWGPAXA3CJNZHRQ,Last-Item,0.0,0.0
AHIFKJNH7JA6WOWGPAXA3CJNZHRQ,Avg-Last-10,0.0,0.0
AHIFKJNH7JA6WOWGPAXA3CJNZHRQ,Recency-Weighted,0.05263157894736842,0.0
AHIFKJNH7JA6WOWGPAXA3CJNZHRQ,Essence (K=10),0.0,0.0
AHIFL7UVCNPZCIE7LS5MZQGAZHQQ,Random,0.0,0.0
AHIFL7UVCNPZCIE7LS5MZQGAZHQQ,Popularity,0.0,0.0
AHIFL7UVCNPZCIE7LS5MZQGAZHQQ,CF (ItemKNN),0.0,0.0
AHIFL7UVCNPZCIE7LS5MZQGAZHQQ,Content (Avg Emb),0.0,0.0
AHIFL7UVCNPZCIE7LS5MZQGAZHQQ,Last-Item,0.0,0.0
AHIFL7UVCNPZCIE7LS5MZQGAZHQQ,Avg-Last-10,0.0,0.0
AHIFL7UVCNPZCIE7LS5MZQGAZHQQ,Recency-Weighted,0.0,0.0
AHIFL7UVCNPZCIE7LS5MZQGAZHQQ,Essence (K=10),0.0,0.0
AHIHYEEHFTYXTAG4OSQ5SVUG2GKA,Random,0.0,
AHIHYEEHFTYXTAG4OSQ5SVUG2GKA,Popularity,0.0,
AHIHYEEHFTYXTAG4OSQ5SVUG2GKA,CF (ItemKNN),0.0,
AHIHYEEHFTYXTAG4OSQ5SVUG2GKA,Content (Avg Emb),0.0,
AHIHYEEHFTYXTAG4OSQ5SVUG2GKA,Last-Item,0.0,
AHIHYEEHFTYXTAG4OSQ5SVUG2GKA,Avg-Last-10,0.0,
AHIHYEEHFTYXTAG4OSQ5SVUG2GKA,Recency-Weighted,0.0,
AHIHYEEHFTYXTAG4OSQ5SVUG2GKA,Essence (K=10),0.0,
AHIJLRGUWPJ2A36UXT5DZHXBRPPA,Random,0.0,0.0
AHIJLRGUWPJ2A36UXT5DZHXBRPPA,Popularity,0.0,0.0
AHIJLRGUWPJ2A36UXT5DZHXBRPPA,CF (ItemKNN),0.0,0.0
AHIJLRGUWPJ2A36UXT5DZHXBRPPA,Content (Avg Emb),0.0,0.0
AHIJLRGUWPJ2A36UXT5DZHXBRPPA,Last-Item,0.0,0.0
AHIJLRGUWPJ2A36UXT5DZHXBRPPA,Avg-Last-10,0.0,0.0
AHIJLRGUWPJ2A36UXT5DZHXBRPPA,Recency-Weighted,0.0,0.0
AHIJLRGUWPJ2A36UXT5DZHXBRPPA,Essence (K=10),0.0,0.0
AHIKMQUMRH2RY6GHCVXBZDLOPKXQ,Random,0.0,0.0
AHIKMQUMRH2RY6GHCVXBZDLOPKXQ,Popularity,0.0,0.0
AHIKMQUMRH2RY6GHCVXBZDLOPKXQ,CF (ItemKNN),0.0,0.0
AHIKMQUMRH2RY6GHCVXBZDLOPKXQ,Content (Avg Emb),0.0,0.0
AHIKMQUMRH2RY6GHCVXBZDLOPKXQ,Last-Item,0.0,0.0
AHIKMQUMRH2RY6GHCVXBZDLOPKXQ,Avg-Last-10,0.0,0.0
AHIKMQUMRH2RY6GHCVXBZDLOPKXQ,Recency-Weighted,0.0,0.0
AHIKMQUMRH2RY6GHCVXBZDLOPKXQ,Essence (K=10),0.0,0.0
AHIO4BIYAYENSKTI3Z52DU6H5BIQ,Random,0.0,0.0
AHIO4BIYAYENSKTI3Z52DU6H5BIQ,Popularity,0.0,0.0
AHIO4BIYAYENSKTI3Z52DU6H5BIQ,CF (ItemKNN),0.0,0.0
AHIO4BIYAYENSKTI3Z52DU6H5BIQ,Content (Avg Emb),0.0,0.0
AHIO4BIYAYENSKTI3Z52DU6H5BIQ,Last-Item,0.0,0.0
AHIO4BIYAYENSKTI3Z52DU6H5BIQ,Avg-Last-10,0.0,0.0
AHIO4BIYAYENSKTI3Z52DU6H5BIQ,Recency-Weighted,0.0,0.0
AHIO4BIYAYENSKTI3Z52DU6H5BIQ,Essence (K=10),0.0,0.0
AHIRBYOOLW3HO3XODADNZ3Z44MUQ,Random,0.0,
AHIRBYOOLW3HO3XODADNZ3Z44MUQ,Popularity,0.0,
AHIRBYOOLW3HO3XODADNZ3Z44MUQ,CF (ItemKNN),0.0,
AHIRBYOOLW3HO3XODADNZ3Z44MUQ,Content (Avg Emb),0.0,
AHIRBYOOLW3HO3XODADNZ3Z44MUQ,Last-Item,0.0,
AHIRBYOOLW3HO3XODADNZ3Z44MUQ,Avg-Last-10,0.0,
AHIRBYOOLW3HO3XODADNZ3Z44MUQ,Recency-Weighted,0.0,
AHIRBYOOLW3HO3XODADNZ3Z44MUQ,Essence (K=10),0.0,
AHIS6FVYNGYAJF5EO5TJWQ2PWMCQ,Random,0.0,0.0
AHIS6FVYNGYAJF5EO5TJWQ2PWMCQ,Popularity,0.0,0.0
AHIS6FVYNGYAJF5EO5TJWQ2PWMCQ,CF (ItemKNN),0.0,0.0
AHIS6FVYNGYAJF5EO5TJWQ2PWMCQ,Content (Avg Emb),0.0,0.0
AHIS6FVYNGYAJF5EO5TJWQ2PWMCQ,Last-Item,0.0,0.0
AHIS6FVYNGYAJF5EO5TJWQ2PWMCQ,Avg-Last-10,0.0,0.0
AHIS6FVYNGYAJF5EO5TJWQ2PWMCQ,Recency-Weighted,0.0,0.0
AHIS6FVYNGYAJF5EO5TJWQ2PWMCQ,Essence (K=10),0.0,0.0
AHISY4O6IM6GE43NOMQE2FX4T66Q,Random,0.0,0.0
AHISY4O6IM6GE43NOMQE2FX4T66Q,Popularity,0.0,0.0
AHISY4O6IM6GE43NOMQE2FX4T66Q,CF (ItemKNN),0.0,0.0
AHISY4O6IM6GE43NOMQE2FX4T66Q,Content (Avg Emb),0.0,0.0
AHISY4O6IM6GE43NOMQE2FX4T66Q,Last-Item,0.0,0.0
AHISY4O6IM6GE43NOMQE2FX4T66Q,Avg-Last-10,0.0,0.0
AHISY4O6IM6GE43NOMQE2FX4T66Q,Recency-Weighted,0.0,0.0
AHISY4O6IM6GE43NOMQE2FX4T66Q,Essence (K=10),0.0,0.0
AHITOMOWZGJDDPDTZOEKK27P3HPA,Random,0.0,0.0
AHITOMOWZGJDDPDTZOEKK27P3HPA,Popularity,0.0,0.0
AHITOMOWZGJDDPDTZOEKK27P3HPA,CF (ItemKNN),0.0,0.0
AHITOMOWZGJDDPDTZOEKK27P3HPA,Content (Avg Emb),0.0,0.0
AHITOMOWZGJDDPDTZOEKK27P3HPA,Last-Item,0.058823529411764705,0.0
AHITOMOWZGJDDPDTZOEKK27P3HPA,Avg-Last-10,0.0,0.0
AHITOMOWZGJDDPDTZOEKK27P3HPA,Recency-Weighted,0.0,0.0
AHITOMOWZGJDDPDTZOEKK27P3HPA,Essence (K=10),0.0,0.0
AHIWWYAGCKVOZNVD7M3WCPMAGCTA,Random,0.0,
AHIWWYAGCKVOZNVD7M3WCPMAGCTA,Popularity,0.0,
AHIWWYAGCKVOZNVD7M3WCPMAGCTA,CF (ItemKNN),0.0,
AHIWWYAGCKVOZNVD7M3WCPMAGCTA,Content (Avg Emb),0.0,
AHIWWYAGCKVOZNVD7M3WCPMAGCTA,Last-Item,0.25,
AHIWWYAGCKVOZNVD7M3WCPMAGCTA,Avg-Last-10,0.0,
AHIWWYAGCKVOZNVD7M3WCPMAGCTA,Recency-Weighted,0.0,
AHIWWYAGCKVOZNVD7M3WCPMAGCTA,Essence (K=10),0.0,
AHIZ5HIOVO2R4OWITZ3SVGIC2UBQ,Random,0.0,
AHIZ5HIOVO2R4OWITZ3SVGIC2UBQ,Popularity,0.0,
AHIZ5HIOVO2R4OWITZ3SVGIC2UBQ,CF (ItemKNN),0.0,
AHIZ5HIOVO2R4OWITZ3SVGIC2UBQ,Content (Avg Emb),0.0,
AHIZ5HIOVO2R4OWITZ3SVGIC2UBQ,Last-Item,0.0,
AHIZ5HIOVO2R4OWITZ3SVGIC2UBQ,Avg-Last-10,0.0,
AHIZ5HIOVO2R4OWITZ3SVGIC2UBQ,Recency-Weighted,0.0,
AHIZ5HIOVO2R4OWITZ3SVGIC2UBQ,Essence (K=10),0.0,
AHJ24UW5VPU6K2AUUMUU635CKKGA,Random,0.0,
AHJ24UW5VPU6K2AUUMUU635CKKGA,Popularity,0.0,
AHJ24UW5VPU6K2AUUMUU635CKKGA,CF (ItemKNN),0.0,
AHJ24UW5VPU6K2AUUMUU635CKKGA,Content (Avg Emb),0.0,
AHJ24UW5VPU6K2AUUMUU635CKKGA,Last-Item,0.0,
AHJ24UW5VPU6K2AUUMUU635CKKGA,Avg-Last-10,0.0,
AHJ24UW5VPU6K2AUUMUU635CKKGA,Recency-Weighted,0.0,
AHJ24UW5VPU6K2AUUMUU635CKKGA,Essence (K=10),0.0,
AHJ2DADYAGDRLNDQ2JNVVUSGNGUQ,Random,0.0,0.0
AHJ2DADYAGDRLNDQ2JNVVUSGNGUQ,Popularity,0.0,0.0
AHJ2DADYAGDRLNDQ2JNVVUSGNGUQ,CF (ItemKNN),0.0,0.0
AHJ2DADYAGDRLNDQ2JNVVUSGNGUQ,Content (Avg Emb),0.0,0.0
AHJ2DADYAGDRLNDQ2JNVVUSGNGUQ,Last-Item,0.0,0.0
AHJ2DADYAGDRLNDQ2JNVVUSGNGUQ,Avg-Last-10,0.0,0.0
AHJ2DADYAGDRLNDQ2JNVVUSGNGUQ,Recency-Weighted,0.0,0.0
AHJ2DADYAGDRLNDQ2JNVVUSGNGUQ,Essence (K=10),0.0,0.0
AHJADTTTJ4UZWIPFKESOJF6RAIAA,Random,0.0,0.0
AHJADTTTJ4UZWIPFKESOJF6RAIAA,Popularity,0.0,0.0
AHJADTTTJ4UZWIPFKESOJF6RAIAA,CF (ItemKNN),0.0,0.0
AHJADTTTJ4UZWIPFKESOJF6RAIAA,Content (Avg Emb),0.0,0.0
AHJADTTTJ4UZWIPFKESOJF6RAIAA,Last-Item,0.0,0.0
AHJADTTTJ4UZWIPFKESOJF6RAIAA,Avg-Last-10,0.0,0.0
AHJADTTTJ4UZWIPFKESOJF6RAIAA,Recency-Weighted,0.0,0.0
AHJADTTTJ4UZWIPFKESOJF6RAIAA,Essence (K=10),0.0,0.0
AHJD7MRIUPHDD2YYJXY4V6EHBA7A,Random,0.0,
AHJD7MRIUPHDD2YYJXY4V6EHBA7A,Popularity,0.0,
AHJD7MRIUPHDD2YYJXY4V6EHBA7A,CF (ItemKNN),0.0,
AHJD7MRIUPHDD2YYJXY4V6EHBA7A,Content (Avg Emb),0.0,
AHJD7MRIUPHDD2YYJXY4V6EHBA7A,Last-Item,0.5,
AHJD7MRIUPHDD2YYJXY4V6EHBA7A,Avg-Last-10,0.0,
AHJD7MRIUPHDD2YYJXY4V6EHBA7A,Recency-Weighted,0.0,
AHJD7MRIUPHDD2YYJXY4V6EHBA7A,Essence (K=10),0.0,
AHJDL37KBB3MFJ5LT3ZVOS5M44JQ,Random,0.0,
AHJDL37KBB3MFJ5LT3ZVOS5M44JQ,Popularity,0.0,
AHJDL37KBB3MFJ5LT3ZVOS5M44JQ,CF (ItemKNN),0.0,
AHJDL37KBB3MFJ5LT3ZVOS5M44JQ,Content (Avg Emb),0.2,
AHJDL37KBB3MFJ5LT3ZVOS5M44JQ,Last-Item,0.0,
AHJDL37KBB3MFJ5LT3ZVOS5M44JQ,Avg-Last-10,0.2,
AHJDL37KBB3MFJ5LT3ZVOS5M44JQ,Recency-Weighted,0.2,
AHJDL37KBB3MFJ5LT3ZVOS5M44JQ,Essence (K=10),0.2,
AHJJFWVCVMBFER7TO6P2NBWKYCDQ,Random,0.0,0.0
AHJJFWVCVMBFER7TO6P2NBWKYCDQ,Popularity,0.0,0.0
AHJJFWVCVMBFER7TO6P2NBWKYCDQ,CF (ItemKNN),0.0,0.0
AHJJFWVCVMBFER7TO6P2NBWKYCDQ,Content (Avg Emb),0.0,0.0
AHJJFWVCVMBFER7TO6P2NBWKYCDQ,Last-Item,0.0,0.0
AHJJFWVCVMBFER7TO6P2NBWKYCDQ,Avg-Last-10,0.0,0.0
AHJJFWVCVMBFER7TO6P2NBWKYCDQ,Recency-Weighted,0.0,0.0
AHJJFWVCVMBFER7TO6P2NBWKYCDQ,Essence (K=10),0.0,0.0
AHJJUTCLPZ4URI5AEYJUOCYLWNIQ,Random,0.0,0.0
AHJJUTCLPZ4URI5AEYJUOCYLWNIQ,Popularity,0.0,0.0
AHJJUTCLPZ4URI5AEYJUOCYLWNIQ,CF (ItemKNN),0.0,0.0
AHJJUTCLPZ4URI5AEYJUOCYLWNIQ,Content (Avg Emb),0.0,0.0
AHJJUTCLPZ4URI5AEYJUOCYLWNIQ,Last-Item,0.0,0.0
AHJJUTCLPZ4URI5AEYJUOCYLWNIQ,Avg-Last-10,0.0,0.0
AHJJUTCLPZ4URI5AEYJUOCYLWNIQ,Recency-Weighted,0.0,0.0
AHJJUTCLPZ4URI5AEYJUOCYLWNIQ,Essence (K=10),0.0,0.0
AHJKETNSUS2FSSFR5PXICBPT3TNA,Random,0.0,0.0
AHJKETNSUS2FSSFR5PXICBPT3TNA,Popularity,0.0,0.0
AHJKETNSUS2FSSFR5PXICBPT3TNA,CF (ItemKNN),0.0,0.0
AHJKETNSUS2FSSFR5PXICBPT3TNA,Content (Avg Emb),0.0,0.0
AHJKETNSUS2FSSFR5PXICBPT3TNA,Last-Item,0.0,0.0
AHJKETNSUS2FSSFR5PXICBPT3TNA,Avg-Last-10,0.0,0.0
AHJKETNSUS2FSSFR5PXICBPT3TNA,Recency-Weighted,0.0,0.0
AHJKETNSUS2FSSFR5PXICBPT3TNA,Essence (K=10),0.0,0.0
AHJLJFQOTWOCTBCCBKBOYKRVRSDA,Random,0.0,
AHJLJFQOTWOCTBCCBKBOYKRVRSDA,Popularity,0.0,
AHJLJFQOTWOCTBCCBKBOYKRVRSDA,CF (ItemKNN),0.0,
AHJLJFQOTWOCTBCCBKBOYKRVRSDA,Content (Avg Emb),0.0,
AHJLJFQOTWOCTBCCBKBOYKRVRSDA,Last-Item,0.2,
AHJLJFQOTWOCTBCCBKBOYKRVRSDA,Avg-Last-10,0.0,
AHJLJFQOTWOCTBCCBKBOYKRVRSDA,Recency-Weighted,0.0,
AHJLJFQOTWOCTBCCBKBOYKRVRSDA,Essence (K=10),0.0,
AHJOR2QH7OP4N326XT7SCNF5SJDQ,Random,0.0,
AHJOR2QH7OP4N326XT7SCNF5SJDQ,Popularity,0.0,
AHJOR2QH7OP4N326XT7SCNF5SJDQ,CF (ItemKNN),0.0,
AHJOR2QH7OP4N326XT7SCNF5SJDQ,Content (Avg Emb),0.0,
AHJOR2QH7OP4N326XT7SCNF5SJDQ,Last-Item,0.0,
AHJOR2QH7OP4N326XT7SCNF5SJDQ,Avg-Last-10,0.0,
AHJOR2QH7OP4N326XT7SCNF5SJDQ,Recency-Weighted,0.0,
AHJOR2QH7OP4N326XT7SCNF5SJDQ,Essence (K=10),0.0,
AHJWMNSQEHYHY7YVMENN6LZ4LC5A,Random,0.0,0.0
AHJWMNSQEHYHY7YVMENN6LZ4LC5A,Popularity,0.0,0.0
AHJWMNSQEHYHY7YVMENN6LZ4LC5A,CF (ItemKNN),0.0,0.0
AHJWMNSQEHYHY7YVMENN6LZ4LC5A,Content (Avg Emb),0.0,0.0
AHJWMNSQEHYHY7YVMENN6LZ4LC5A,Last-Item,0.0,0.0
AHJWMNSQEHYHY7YVMENN6LZ4LC5A,Avg-Last-10,0.0,0.0
AHJWMNSQEHYHY7YVMENN6LZ4LC5A,Recency-Weighted,0.0,0.0
AHJWMNSQEHYHY7YVMENN6LZ4LC5A,Essence (K=10),0.0,0.0
AHK23VSQ4X3RLXPXWEMXOQOAVYSQ,Random,0.0,
AHK23VSQ4X3RLXPXWEMXOQOAVYSQ,Popularity,0.0,
AHK23VSQ4X3RLXPXWEMXOQOAVYSQ,CF (ItemKNN),0.0,
AHK23VSQ4X3RLXPXWEMXOQOAVYSQ,Content (Avg Emb),0.07142857142857142,
AHK23VSQ4X3RLXPXWEMXOQOAVYSQ,Last-Item,0.14285714285714285,
AHK23VSQ4X3RLXPXWEMXOQOAVYSQ,Avg-Last-10,0.14285714285714285,
AHK23VSQ4X3RLXPXWEMXOQOAVYSQ,Recency-Weighted,0.21428571428571427,
AHK23VSQ4X3RLXPXWEMXOQOAVYSQ,Essence (K=10),0.0,
AHK2KP7WFK7DRL6IFDUGPZLGQSGA,Random,0.0,
AHK2KP7WFK7DRL6IFDUGPZLGQSGA,Popularity,0.0,
AHK2KP7WFK7DRL6IFDUGPZLGQSGA,CF (ItemKNN),0.0,
AHK2KP7WFK7DRL6IFDUGPZLGQSGA,Content (Avg Emb),0.0,
AHK2KP7WFK7DRL6IFDUGPZLGQSGA,Last-Item,0.0,
AHK2KP7WFK7DRL6IFDUGPZLGQSGA,Avg-Last-10,0.0,
AHK2KP7WFK7DRL6IFDUGPZLGQSGA,Recency-Weighted,0.2,
AHK2KP7WFK7DRL6IFDUGPZLGQSGA,Essence (K=10),0.0,
AHK67RKJ3H7OBKBYECZRHIG64B5Q,Random,0.0,0.0
AHK67RKJ3H7OBKBYECZRHIG64B5Q,Popularity,0.0,0.0
AHK67RKJ3H7OBKBYECZRHIG64B5Q,CF (ItemKNN),0.25,1.0
AHK67RKJ3H7OBKBYECZRHIG64B5Q,Content (Avg Emb),0.0,0.0
AHK67RKJ3H7OBKBYECZRHIG64B5Q,Last-Item,0.0,0.0
AHK67RKJ3H7OBKBYECZRHIG64B5Q,Avg-Last-10,0.0,0.0
AHK67RKJ3H7OBKBYECZRHIG64B5Q,Recency-Weighted,0.0,0.0
AHK67RKJ3H7OBKBYECZRHIG64B5Q,Essence (K=10),0.0,0.0
AHK7NMWTAZGHBBIXLCQ4G4FEZP4Q,Random,0.0,0.0
AHK7NMWTAZGHBBIXLCQ4G4FEZP4Q,Popularity,0.0,0.0
AHK7NMWTAZGHBBIXLCQ4G4FEZP4Q,CF (ItemKNN),0.0,0.0
AHK7NMWTAZGHBBIXLCQ4G4FEZP4Q,Content (Avg Emb),0.0,0.0
AHK7NMWTAZGHBBIXLCQ4G4FEZP4Q,Last-Item,0.0,0.0
AHK7NMWTAZGHBBIXLCQ4G4FEZP4Q,Avg-Last-10,0.0,0.0
AHK7NMWTAZGHBBIXLCQ4G4FEZP4Q,Recency-Weighted,0.0,0.0
AHK7NMWTAZGHBBIXLCQ4G4FEZP4Q,Essence (K=10),0.0,0.0
AHKD6VA5TZOHSMQV4FFQX5XSAKUA,Random,0.0,
AHKD6VA5TZOHSMQV4FFQX5XSAKUA,Popularity,0.0,
AHKD6VA5TZOHSMQV4FFQX5XSAKUA,CF (ItemKNN),0.0,
AHKD6VA5TZOHSMQV4FFQX5XSAKUA,Content (Avg Emb),0.0,
AHKD6VA5TZOHSMQV4FFQX5XSAKUA,Last-Item,0.0,
AHKD6VA5TZOHSMQV4FFQX5XSAKUA,Avg-Last-10,0.0,
AHKD6VA5TZOHSMQV4FFQX5XSAKUA,Recency-Weighted,0.0,
AHKD6VA5TZOHSMQV4FFQX5XSAKUA,Essence (K=10),0.0,
AHKE5SOWXEDHV7WSYL4LKGH3M3YQ,Random,0.0,
AHKE5SOWXEDHV7WSYL4LKGH3M3YQ,Popularity,0.0,
AHKE5SOWXEDHV7WSYL4LKGH3M3YQ,CF (ItemKNN),0.0,
AHKE5SOWXEDHV7WSYL4LKGH3M3YQ,Content (Avg Emb),0.0,
AHKE5SOWXEDHV7WSYL4LKGH3M3YQ,Last-Item,0.0,
AHKE5SOWXEDHV7WSYL4LKGH3M3YQ,Avg-Last-10,0.0,
AHKE5SOWXEDHV7WSYL4LKGH3M3YQ,Recency-Weighted,0.0,
AHKE5SOWXEDHV7WSYL4LKGH3M3YQ,Essence (K=10),0.0,
AHKISFC5I5K4BLBOECOHQAJLTUUA,Random,0.0,0.0
AHKISFC5I5K4BLBOECOHQAJLTUUA,Popularity,0.0,0.0
AHKISFC5I5K4BLBOECOHQAJLTUUA,CF (ItemKNN),0.0,0.0
AHKISFC5I5K4BLBOECOHQAJLTUUA,Content (Avg Emb),0.0,0.0
AHKISFC5I5K4BLBOECOHQAJLTUUA,Last-Item,0.0,0.0
AHKISFC5I5K4BLBOECOHQAJLTUUA,Avg-Last-10,0.0,0.0
AHKISFC5I5K4BLBOECOHQAJLTUUA,Recency-Weighted,0.0,0.0
AHKISFC5I5K4BLBOECOHQAJLTUUA,Essence (K=10),0.0,0.0
AHKJS2OOR7IUMEC4WLP3DKFGAUCQ,Random,0.0,0.0
AHKJS2OOR7IUMEC4WLP3DKFGAUCQ,Popularity,0.0,0.0
AHKJS2OOR7IUMEC4WLP3DKFGAUCQ,CF (ItemKNN),0.0,0.0
AHKJS2OOR7IUMEC4WLP3DKFGAUCQ,Content (Avg Emb),0.0,0.0
AHKJS2OOR7IUMEC4WLP3DKFGAUCQ,Last-Item,0.0,0.0
AHKJS2OOR7IUMEC4WLP3DKFGAUCQ,Avg-Last-10,0.0,0.0
AHKJS2OOR7IUMEC4WLP3DKFGAUCQ,Recency-Weighted,0.0,0.0
AHKJS2OOR7IUMEC4WLP3DKFGAUCQ,Essence (K=10),0.0,0.0
AHKJZFTWLYARUWP2NRI5JFLGM3BQ,Random,0.0,
AHKJZFTWLYARUWP2NRI5JFLGM3BQ,Popularity,0.0,
AHKJZFTWLYARUWP2NRI5JFLGM3BQ,CF (ItemKNN),0.0,
AHKJZFTWLYARUWP2NRI5JFLGM3BQ,Content (Avg Emb),0.0,
AHKJZFTWLYARUWP2NRI5JFLGM3BQ,Last-Item,0.0,
AHKJZFTWLYARUWP2NRI5JFLGM3BQ,Avg-Last-10,0.0,
AHKJZFTWLYARUWP2NRI5JFLGM3BQ,Recency-Weighted,0.0,
AHKJZFTWLYARUWP2NRI5JFLGM3BQ,Essence (K=10),0.0,
AHKMKSPOBY6QR2CWXTDKMOYTWUSA,Random,0.0,
AHKMKSPOBY6QR2CWXTDKMOYTWUSA,Popularity,0.0,
AHKMKSPOBY6QR2CWXTDKMOYTWUSA,CF (ItemKNN),0.0,
AHKMKSPOBY6QR2CWXTDKMOYTWUSA,Content (Avg Emb),0.0,
AHKMKSPOBY6QR2CWXTDKMOYTWUSA,Last-Item,0.0,
AHKMKSPOBY6QR2CWXTDKMOYTWUSA,Avg-Last-10,0.0,
AHKMKSPOBY6QR2CWXTDKMOYTWUSA,Recency-Weighted,0.0,
AHKMKSPOBY6QR2CWXTDKMOYTWUSA,Essence (K=10),0.0,
AHKOMMVDU5EVNSSBOZEEM7H52ZIA,Random,0.0,
AHKOMMVDU5EVNSSBOZEEM7H52ZIA,Popularity,0.0,
AHKOMMVDU5EVNSSBOZEEM7H52ZIA,CF (ItemKNN),0.0,
AHKOMMVDU5EVNSSBOZEEM7H52ZIA,Content (Avg Emb),0.0,
AHKOMMVDU5EVNSSBOZEEM7H52ZIA,Last-Item,0.0,
AHKOMMVDU5EVNSSBOZEEM7H52ZIA,Avg-Last-10,0.0,
AHKOMMVDU5EVNSSBOZEEM7H52ZIA,Recency-Weighted,0.0,
AHKOMMVDU5EVNSSBOZEEM7H52ZIA,Essence (K=10),0.0,
AHKSNXLVQ4I2ZDSYFHILCZYIGDRA,Random,0.0,
AHKSNXLVQ4I2ZDSYFHILCZYIGDRA,Popularity,0.0,
AHKSNXLVQ4I2ZDSYFHILCZYIGDRA,CF (ItemKNN),0.0,
AHKSNXLVQ4I2ZDSYFHILCZYIGDRA,Content (Avg Emb),0.0,
AHKSNXLVQ4I2ZDSYFHILCZYIGDRA,Last-Item,0.0,
AHKSNXLVQ4I2ZDSYFHILCZYIGDRA,Avg-Last-10,0.0,
AHKSNXLVQ4I2ZDSYFHILCZYIGDRA,Recency-Weighted,0.0,
AHKSNXLVQ4I2ZDSYFHILCZYIGDRA,Essence (K=10),0.0,
AHKUPGMQHTTH233EEPUOQIPZHOIQ,Random,0.0,0.0
AHKUPGMQHTTH233EEPUOQIPZHOIQ,Popularity,0.0,0.0
AHKUPGMQHTTH233EEPUOQIPZHOIQ,CF (ItemKNN),0.0,0.0
AHKUPGMQHTTH233EEPUOQIPZHOIQ,Content (Avg Emb),0.0,0.0
AHKUPGMQHTTH233EEPUOQIPZHOIQ,Last-Item,0.0,0.0
AHKUPGMQHTTH233EEPUOQIPZHOIQ,Avg-Last-10,0.0,0.0
AHKUPGMQHTTH233EEPUOQIPZHOIQ,Recency-Weighted,0.0,0.0
AHKUPGMQHTTH233EEPUOQIPZHOIQ,Essence (K=10),0.0,0.0
AHKWTPPZBJ7PL2RGYV2357UQ665Q,Random,0.0,
AHKWTPPZBJ7PL2RGYV2357UQ665Q,Popularity,0.0,
AHKWTPPZBJ7PL2RGYV2357UQ665Q,CF (ItemKNN),0.0,
AHKWTPPZBJ7PL2RGYV2357UQ665Q,Content (Avg Emb),0.0,
AHKWTPPZBJ7PL2RGYV2357UQ665Q,Last-Item,0.0,
AHKWTPPZBJ7PL2RGYV2357UQ665Q,Avg-Last-10,0.14285714285714285,
AHKWTPPZBJ7PL2RGYV2357UQ665Q,Recency-Weighted,0.0,
AHKWTPPZBJ7PL2RGYV2357UQ665Q,Essence (K=10),0.0,
AHKY5XARVQMB2UFOSDVKWYFCWI6A,Random,0.0,0.0
AHKY5XARVQMB2UFOSDVKWYFCWI6A,Popularity,0.0,0.0
AHKY5XARVQMB2UFOSDVKWYFCWI6A,CF (ItemKNN),0.0,0.0
AHKY5XARVQMB2UFOSDVKWYFCWI6A,Content (Avg Emb),0.0,0.0
AHKY5XARVQMB2UFOSDVKWYFCWI6A,Last-Item,0.0,0.0
AHKY5XARVQMB2UFOSDVKWYFCWI6A,Avg-Last-10,0.0,0.0
AHKY5XARVQMB2UFOSDVKWYFCWI6A,Recency-Weighted,0.0,0.0
AHKY5XARVQMB2UFOSDVKWYFCWI6A,Essence (K=10),0.0,0.0
AHKZLB6ROETXUYLHHA7CTJM2I2XQ,Random,0.0,0.0
AHKZLB6ROETXUYLHHA7CTJM2I2XQ,Popularity,0.0,0.0
AHKZLB6ROETXUYLHHA7CTJM2I2XQ,CF (ItemKNN),0.0,0.0
AHKZLB6ROETXUYLHHA7CTJM2I2XQ,Content (Avg Emb),0.0,0.0
AHKZLB6ROETXUYLHHA7CTJM2I2XQ,Last-Item,0.0,0.0
AHKZLB6ROETXUYLHHA7CTJM2I2XQ,Avg-Last-10,0.0,0.0
AHKZLB6ROETXUYLHHA7CTJM2I2XQ,Recency-Weighted,0.0,0.0
AHKZLB6ROETXUYLHHA7CTJM2I2XQ,Essence (K=10),0.0,0.0
AHL3NB62FQR2WPHMMFVPKGRI5LUA,Random,0.0,0.0
AHL3NB62FQR2WPHMMFVPKGRI5LUA,Popularity,0.0,0.0
AHL3NB62FQR2WPHMMFVPKGRI5LUA,CF (ItemKNN),0.0,0.0
AHL3NB62FQR2WPHMMFVPKGRI5LUA,Content (Avg Emb),0.0,0.0
AHL3NB62FQR2WPHMMFVPKGRI5LUA,Last-Item,0.1111111111111111,0.0
AHL3NB62FQR2WPHMMFVPKGRI5LUA,Avg-Last-10,0.0,0.0
AHL3NB62FQR2WPHMMFVPKGRI5LUA,Recency-Weighted,0.0,0.0
AHL3NB62FQR2WPHMMFVPKGRI5LUA,Essence (K=10),0.0,0.0
AHL7K3DQED6GSPB4VSSC72MBSE5Q,Random,0.0,0.0
AHL7K3DQED6GSPB4VSSC72MBSE5Q,Popularity,0.0,0.0
AHL7K3DQED6GSPB4VSSC72MBSE5Q,CF (ItemKNN),0.0,0.0
AHL7K3DQED6GSPB4VSSC72MBSE5Q,Content (Avg Emb),0.0,0.0
AHL7K3DQED6GSPB4VSSC72MBSE5Q,Last-Item,0.1,0.25
AHL7K3DQED6GSPB4VSSC72MBSE5Q,Avg-Last-10,0.0,0.0
AHL7K3DQED6GSPB4VSSC72MBSE5Q,Recency-Weighted,0.0,0.0
AHL7K3DQED6GSPB4VSSC72MBSE5Q,Essence (K=10),0.0,0.0
AHL7SDC4PWWOQYLSJ34YXNBCZWCQ,Random,0.0,0.0
AHL7SDC4PWWOQYLSJ34YXNBCZWCQ,Popularity,0.0,0.0
AHL7SDC4PWWOQYLSJ34YXNBCZWCQ,CF (ItemKNN),0.0,0.0
AHL7SDC4PWWOQYLSJ34YXNBCZWCQ,Content (Avg Emb),0.0,0.0
AHL7SDC4PWWOQYLSJ34YXNBCZWCQ,Last-Item,0.0,0.0
AHL7SDC4PWWOQYLSJ34YXNBCZWCQ,Avg-Last-10,0.0,0.0
AHL7SDC4PWWOQYLSJ34YXNBCZWCQ,Recency-Weighted,0.0,0.0
AHL7SDC4PWWOQYLSJ34YXNBCZWCQ,Essence (K=10),0.0,0.0
AHLADV76B6UGL26ZROLB5FWDT7GQ,Random,0.0,0.0
AHLADV76B6UGL26ZROLB5FWDT7GQ,Popularity,0.0,0.0
AHLADV76B6UGL26ZROLB5FWDT7GQ,CF (ItemKNN),0.0,0.0
AHLADV76B6UGL26ZROLB5FWDT7GQ,Content (Avg Emb),0.0,0.0
AHLADV76B6UGL26ZROLB5FWDT7GQ,Last-Item,0.0,0.0
AHLADV76B6UGL26ZROLB5FWDT7GQ,Avg-Last-10,0.058823529411764705,0.0
AHLADV76B6UGL26ZROLB5FWDT7GQ,Recency-Weighted,0.058823529411764705,0.0
AHLADV76B6UGL26ZROLB5FWDT7GQ,Essence (K=10),0.058823529411764705,0.0
AHLB2D2EYMJ2NVFNEVL23H3GOPAQ,Random,0.0,0.0
AHLB2D2EYMJ2NVFNEVL23H3GOPAQ,Popularity,0.0,0.0
AHLB2D2EYMJ2NVFNEVL23H3GOPAQ,CF (ItemKNN),0.0,0.0
AHLB2D2EYMJ2NVFNEVL23H3GOPAQ,Content (Avg Emb),0.0,0.0
AHLB2D2EYMJ2NVFNEVL23H3GOPAQ,Last-Item,0.0,0.0
AHLB2D2EYMJ2NVFNEVL23H3GOPAQ,Avg-Last-10,0.0,0.0
AHLB2D2EYMJ2NVFNEVL23H3GOPAQ,Recency-Weighted,0.0,0.0
AHLB2D2EYMJ2NVFNEVL23H3GOPAQ,Essence (K=10),0.0,0.0
AHLCXXASRLIAFVAPIMRHBPV4PM6A,Random,0.0,0.0
AHLCXXASRLIAFVAPIMRHBPV4PM6A,Popularity,0.0,0.0
AHLCXXASRLIAFVAPIMRHBPV4PM6A,CF (ItemKNN),0.0,0.0
AHLCXXASRLIAFVAPIMRHBPV4PM6A,Content (Avg Emb),0.0,0.0
AHLCXXASRLIAFVAPIMRHBPV4PM6A,Last-Item,0.0,0.0
AHLCXXASRLIAFVAPIMRHBPV4PM6A,Avg-Last-10,0.0,0.0
AHLCXXASRLIAFVAPIMRHBPV4PM6A,Recency-Weighted,0.0,0.0
AHLCXXASRLIAFVAPIMRHBPV4PM6A,Essence (K=10),0.0,0.0
AHLFAFYBXKQFQUM5YYINO6RLBKJQ,Random,0.0,0.0
AHLFAFYBXKQFQUM5YYINO6RLBKJQ,Popularity,0.0,0.0
AHLFAFYBXKQFQUM5YYINO6RLBKJQ,CF (ItemKNN),0.0,0.0
AHLFAFYBXKQFQUM5YYINO6RLBKJQ,Content (Avg Emb),0.0,0.0
AHLFAFYBXKQFQUM5YYINO6RLBKJQ,Last-Item,0.0,0.0
AHLFAFYBXKQFQUM5YYINO6RLBKJQ,Avg-Last-10,0.0,0.0
AHLFAFYBXKQFQUM5YYINO6RLBKJQ,Recency-Weighted,0.0,0.0
AHLFAFYBXKQFQUM5YYINO6RLBKJQ,Essence (K=10),0.0,0.0
AHLGNS54RPGK6W5ITBHCIWJP3EJQ,Random,0.0,
AHLGNS54RPGK6W5ITBHCIWJP3EJQ,Popularity,0.0,
AHLGNS54RPGK6W5ITBHCIWJP3EJQ,CF (ItemKNN),0.0,
AHLGNS54RPGK6W5ITBHCIWJP3EJQ,Content (Avg Emb),0.0,
AHLGNS54RPGK6W5ITBHCIWJP3EJQ,Last-Item,0.0,
AHLGNS54RPGK6W5ITBHCIWJP3EJQ,Avg-Last-10,0.0,
AHLGNS54RPGK6W5ITBHCIWJP3EJQ,Recency-Weighted,0.0,
AHLGNS54RPGK6W5ITBHCIWJP3EJQ,Essence (K=10),0.0,
AHLIY642SLSEQHIIVA2EZXGJDYGQ,Random,0.0,0.0
AHLIY642SLSEQHIIVA2EZXGJDYGQ,Popularity,0.0,0.0
AHLIY642SLSEQHIIVA2EZXGJDYGQ,CF (ItemKNN),0.0,0.0
AHLIY642SLSEQHIIVA2EZXGJDYGQ,Content (Avg Emb),0.0,0.0
AHLIY642SLSEQHIIVA2EZXGJDYGQ,Last-Item,0.125,0.0
AHLIY642SLSEQHIIVA2EZXGJDYGQ,Avg-Last-10,0.0,0.0
AHLIY642SLSEQHIIVA2EZXGJDYGQ,Recency-Weighted,0.0,0.0
AHLIY642SLSEQHIIVA2EZXGJDYGQ,Essence (K=10),0.0,0.0
AHLK2VDA4VJPNZNV7ZQZVMURMA2A,Random,0.0,
AHLK2VDA4VJPNZNV7ZQZVMURMA2A,Popularity,0.0,
AHLK2VDA4VJPNZNV7ZQZVMURMA2A,CF (ItemKNN),0.0,
AHLK2VDA4VJPNZNV7ZQZVMURMA2A,Content (Avg Emb),0.0,
AHLK2VDA4VJPNZNV7ZQZVMURMA2A,Last-Item,0.0,
AHLK2VDA4VJPNZNV7ZQZVMURMA2A,Avg-Last-10,0.09090909090909091,
AHLK2VDA4VJPNZNV7ZQZVMURMA2A,Recency-Weighted,0.0,
AHLK2VDA4VJPNZNV7ZQZVMURMA2A,Essence (K=10),0.0,
AHLKCSWSSIAMYT5YEWPEBTLC6V7Q,Random,0.0,
AHLKCSWSSIAMYT5YEWPEBTLC6V7Q,Popularity,0.0,
AHLKCSWSSIAMYT5YEWPEBTLC6V7Q,CF (ItemKNN),0.0,
AHLKCSWSSIAMYT5YEWPEBTLC6V7Q,Content (Avg Emb),0.0,
AHLKCSWSSIAMYT5YEWPEBTLC6V7Q,Last-Item,0.0,
AHLKCSWSSIAMYT5YEWPEBTLC6V7Q,Avg-Last-10,0.0,
AHLKCSWSSIAMYT5YEWPEBTLC6V7Q,Recency-Weighted,0.0,
AHLKCSWSSIAMYT5YEWPEBTLC6V7Q,Essence (K=10),0.0,
AHLMC6AHEXXCY2QW3RSU2X2M53GA,Random,0.0,0.0
AHLMC6AHEXXCY2QW3RSU2X2M53GA,Popularity,0.0,0.0
AHLMC6AHEXXCY2QW3RSU2X2M53GA,CF (ItemKNN),0.0,0.0
AHLMC6AHEXXCY2QW3RSU2X2M53GA,Content (Avg Emb),0.0,0.0
AHLMC6AHEXXCY2QW3RSU2X2M53GA,Last-Item,0.0,0.0
AHLMC6AHEXXCY2QW3RSU2X2M53GA,Avg-Last-10,0.0,0.0
AHLMC6AHEXXCY2QW3RSU2X2M53GA,Recency-Weighted,0.0,0.0
AHLMC6AHEXXCY2QW3RSU2X2M53GA,Essence (K=10),0.0,0.0
AHLN75KJP3OYYWL67YOGMQXJJJHA,Random,0.0,0.0
AHLN75KJP3OYYWL67YOGMQXJJJHA,Popularity,0.0,0.0
AHLN75KJP3OYYWL67YOGMQXJJJHA,CF (ItemKNN),0.0,0.0
AHLN75KJP3OYYWL67YOGMQXJJJHA,Content (Avg Emb),0.0,0.0
AHLN75KJP3OYYWL67YOGMQXJJJHA,Last-Item,0.0,0.0
AHLN75KJP3OYYWL67YOGMQXJJJHA,Avg-Last-10,0.0,0.0
AHLN75KJP3OYYWL67YOGMQXJJJHA,Recency-Weighted,0.0,0.0
AHLN75KJP3OYYWL67YOGMQXJJJHA,Essence (K=10),0.0,0.0
AHLNAPYNS5RKAQTVLWWBKCGSOJPQ,Random,0.0,
AHLNAPYNS5RKAQTVLWWBKCGSOJPQ,Popularity,0.0,
AHLNAPYNS5RKAQTVLWWBKCGSOJPQ,CF (ItemKNN),0.0,
AHLNAPYNS5RKAQTVLWWBKCGSOJPQ,Content (Avg Emb),0.0,
AHLNAPYNS5RKAQTVLWWBKCGSOJPQ,Last-Item,0.0,
AHLNAPYNS5RKAQTVLWWBKCGSOJPQ,Avg-Last-10,0.0,
AHLNAPYNS5RKAQTVLWWBKCGSOJPQ,Recency-Weighted,0.0,
AHLNAPYNS5RKAQTVLWWBKCGSOJPQ,Essence (K=10),0.0,
AHLONUTLM47S7HN5NAIQA3QSY6PQ,Random,0.0,0.0
AHLONUTLM47S7HN5NAIQA3QSY6PQ,Popularity,0.0,0.0
AHLONUTLM47S7HN5NAIQA3QSY6PQ,CF (ItemKNN),0.14285714285714285,0.0
AHLONUTLM47S7HN5NAIQA3QSY6PQ,Content (Avg Emb),0.0,0.0
AHLONUTLM47S7HN5NAIQA3QSY6PQ,Last-Item,0.0,0.0
AHLONUTLM47S7HN5NAIQA3QSY6PQ,Avg-Last-10,0.0,0.0
AHLONUTLM47S7HN5NAIQA3QSY6PQ,Recency-Weighted,0.0,0.0
AHLONUTLM47S7HN5NAIQA3QSY6PQ,Essence (K=10),0.0,0.0
AHLS4ZZ54IMOQ3EHTTOXWMNKTHLA,Random,0.0,0.0
AHLS4ZZ54IMOQ3EHTTOXWMNKTHLA,Popularity,0.0,0.0
AHLS4ZZ54IMOQ3EHTTOXWMNKTHLA,CF (ItemKNN),0.0,0.0
AHLS4ZZ54IMOQ3EHTTOXWMNKTHLA,Content (Avg Emb),0.0,0.0
AHLS4ZZ54IMOQ3EHTTOXWMNKTHLA,Last-Item,0.0,0.0
AHLS4ZZ54IMOQ3EHTTOXWMNKTHLA,Avg-Last-10,0.0,0.0
AHLS4ZZ54IMOQ3EHTTOXWMNKTHLA,Recency-Weighted,0.0,0.0
AHLS4ZZ54IMOQ3EHTTOXWMNKTHLA,Essence (K=10),0.0,0.0
AHLZX5U4VUMVSUSR7ZUTYJ7IIUUQ,Random,0.0,0.0
AHLZX5U4VUMVSUSR7ZUTYJ7IIUUQ,Popularity,0.0,0.0
AHLZX5U4VUMVSUSR7ZUTYJ7IIUUQ,CF (ItemKNN),0.0,0.0
AHLZX5U4VUMVSUSR7ZUTYJ7IIUUQ,Content (Avg Emb),0.0,0.0
AHLZX5U4VUMVSUSR7ZUTYJ7IIUUQ,Last-Item,0.0,0.0
AHLZX5U4VUMVSUSR7ZUTYJ7IIUUQ,Avg-Last-10,0.0,0.0
AHLZX5U4VUMVSUSR7ZUTYJ7IIUUQ,Recency-Weighted,0.0,0.0
AHLZX5U4VUMVSUSR7ZUTYJ7IIUUQ,Essence (K=10),0.0,0.0
AHM2XKCUWJ4GZQNGDGNEVEN7FJYQ,Random,0.0,0.0
AHM2XKCUWJ4GZQNGDGNEVEN7FJYQ,Popularity,0.0,0.0
AHM2XKCUWJ4GZQNGDGNEVEN7FJYQ,CF (ItemKNN),0.0,0.0
AHM2XKCUWJ4GZQNGDGNEVEN7FJYQ,Content (Avg Emb),0.0,0.0
AHM2XKCUWJ4GZQNGDGNEVEN7FJYQ,Last-Item,0.0,0.0
AHM2XKCUWJ4GZQNGDGNEVEN7FJYQ,Avg-Last-10,0.0,0.0
AHM2XKCUWJ4GZQNGDGNEVEN7FJYQ,Recency-Weighted,0.0,0.0
AHM2XKCUWJ4GZQNGDGNEVEN7FJYQ,Essence (K=10),0.0,0.0
AHM3ZLJ62Q3KB5UBAQXZUGZFVJMA,Random,0.0,
AHM3ZLJ62Q3KB5UBAQXZUGZFVJMA,Popularity,0.0,
AHM3ZLJ62Q3KB5UBAQXZUGZFVJMA,CF (ItemKNN),0.0,
AHM3ZLJ62Q3KB5UBAQXZUGZFVJMA,Content (Avg Emb),0.0,
AHM3ZLJ62Q3KB5UBAQXZUGZFVJMA,Last-Item,0.0,
AHM3ZLJ62Q3KB5UBAQXZUGZFVJMA,Avg-Last-10,0.0,
AHM3ZLJ62Q3KB5UBAQXZUGZFVJMA,Recency-Weighted,0.0,
AHM3ZLJ62Q3KB5UBAQXZUGZFVJMA,Essence (K=10),0.0,
AHMENLJDOT4TK4FNGHKGMQA3V6BQ,Random,0.0,0.0
AHMENLJDOT4TK4FNGHKGMQA3V6BQ,Popularity,0.0,0.0
AHMENLJDOT4TK4FNGHKGMQA3V6BQ,CF (ItemKNN),0.0,0.0
AHMENLJDOT4TK4FNGHKGMQA3V6BQ,Content (Avg Emb),0.0,0.0
AHMENLJDOT4TK4FNGHKGMQA3V6BQ,Last-Item,0.0,0.0
AHMENLJDOT4TK4FNGHKGMQA3V6BQ,Avg-Last-10,0.0,0.0
AHMENLJDOT4TK4FNGHKGMQA3V6BQ,Recency-Weighted,0.0,0.0
AHMENLJDOT4TK4FNGHKGMQA3V6BQ,Essence (K=10),0.0,0.0
AHMIUDW65KSCU5LIIDIVAA7M4SJA,Random,0.0,0.0
AHMIUDW65KSCU5LIIDIVAA7M4SJA,Popularity,0.0,0.0
AHMIUDW65KSCU5LIIDIVAA7M4SJA,CF (ItemKNN),0.0,0.0
AHMIUDW65KSCU5LIIDIVAA7M4SJA,Content (Avg Emb),0.0,0.0
AHMIUDW65KSCU5LIIDIVAA7M4SJA,Last-Item,0.0,0.0
AHMIUDW65KSCU5LIIDIVAA7M4SJA,Avg-Last-10,0.0,0.0
AHMIUDW65KSCU5LIIDIVAA7M4SJA,Recency-Weighted,0.0,0.0
AHMIUDW65KSCU5LIIDIVAA7M4SJA,Essence (K=10),0.0,0.0
AHMK52JFQ2AHQQ4ZUMNBL7E6ZNPA,Random,0.0,
AHMK52JFQ2AHQQ4ZUMNBL7E6ZNPA,Popularity,0.0,
AHMK52JFQ2AHQQ4ZUMNBL7E6ZNPA,CF (ItemKNN),0.0,
AHMK52JFQ2AHQQ4ZUMNBL7E6ZNPA,Content (Avg Emb),0.25,
AHMK52JFQ2AHQQ4ZUMNBL7E6ZNPA,Last-Item,0.0,
AHMK52JFQ2AHQQ4ZUMNBL7E6ZNPA,Avg-Last-10,0.5,
AHMK52JFQ2AHQQ4ZUMNBL7E6ZNPA,Recency-Weighted,0.5,
AHMK52JFQ2AHQQ4ZUMNBL7E6ZNPA,Essence (K=10),0.5,
AHMNVUSEB6ZXGJY5X2XQEJUJXFWQ,Random,0.0,
AHMNVUSEB6ZXGJY5X2XQEJUJXFWQ,Popularity,0.0,
AHMNVUSEB6ZXGJY5X2XQEJUJXFWQ,CF (ItemKNN),0.0,
AHMNVUSEB6ZXGJY5X2XQEJUJXFWQ,Content (Avg Emb),0.0,
AHMNVUSEB6ZXGJY5X2XQEJUJXFWQ,Last-Item,0.0,
AHMNVUSEB6ZXGJY5X2XQEJUJXFWQ,Avg-Last-10,0.0,
AHMNVUSEB6ZXGJY5X2XQEJUJXFWQ,Recency-Weighted,0.0,
AHMNVUSEB6ZXGJY5X2XQEJUJXFWQ,Essence (K=10),0.0,
AHMNWM7W2I4IWM7RCXS54QFC2IYQ,Random,0.0,
AHMNWM7W2I4IWM7RCXS54QFC2IYQ,Popularity,0.0,
AHMNWM7W2I4IWM7RCXS54QFC2IYQ,CF (ItemKNN),0.0,
AHMNWM7W2I4IWM7RCXS54QFC2IYQ,Content (Avg Emb),0.0,
AHMNWM7W2I4IWM7RCXS54QFC2IYQ,Last-Item,0.0,
AHMNWM7W2I4IWM7RCXS54QFC2IYQ,Avg-Last-10,0.0,
AHMNWM7W2I4IWM7RCXS54QFC2IYQ,Recency-Weighted,0.0,
AHMNWM7W2I4IWM7RCXS54QFC2IYQ,Essence (K=10),0.0,
AHMPYBA6MUPJDN25HFWYCCHW7ZWA,Random,0.0,0.0
AHMPYBA6MUPJDN25HFWYCCHW7ZWA,Popularity,0.0,0.0
AHMPYBA6MUPJDN25HFWYCCHW7ZWA,CF (ItemKNN),0.0,0.0
AHMPYBA6MUPJDN25HFWYCCHW7ZWA,Content (Avg Emb),0.0,0.0
AHMPYBA6MUPJDN25HFWYCCHW7ZWA,Last-Item,0.0,0.0
AHMPYBA6MUPJDN25HFWYCCHW7ZWA,Avg-Last-10,0.0,0.0
AHMPYBA6MUPJDN25HFWYCCHW7ZWA,Recency-Weighted,0.0,0.0
AHMPYBA6MUPJDN25HFWYCCHW7ZWA,Essence (K=10),0.08333333333333333,0.0
AHMVFG35KINKNPHPRUHBLWABPQPQ,Random,0.0,0.0
AHMVFG35KINKNPHPRUHBLWABPQPQ,Popularity,0.0,0.0
AHMVFG35KINKNPHPRUHBLWABPQPQ,CF (ItemKNN),0.0,0.0
AHMVFG35KINKNPHPRUHBLWABPQPQ,Content (Avg Emb),0.0,0.0
AHMVFG35KINKNPHPRUHBLWABPQPQ,Last-Item,0.0,0.0
AHMVFG35KINKNPHPRUHBLWABPQPQ,Avg-Last-10,0.0,0.0
AHMVFG35KINKNPHPRUHBLWABPQPQ,Recency-Weighted,0.0,0.0
AHMVFG35KINKNPHPRUHBLWABPQPQ,Essence (K=10),0.0,0.0
AHMWFC6ZWFFJKSIPMCAOTOWGE7HA,Random,0.0,
AHMWFC6ZWFFJKSIPMCAOTOWGE7HA,Popularity,0.0,
AHMWFC6ZWFFJKSIPMCAOTOWGE7HA,CF (ItemKNN),0.0,
AHMWFC6ZWFFJKSIPMCAOTOWGE7HA,Content (Avg Emb),0.0,
AHMWFC6ZWFFJKSIPMCAOTOWGE7HA,Last-Item,0.0,
AHMWFC6ZWFFJKSIPMCAOTOWGE7HA,Avg-Last-10,0.0,
AHMWFC6ZWFFJKSIPMCAOTOWGE7HA,Recency-Weighted,0.0,
AHMWFC6ZWFFJKSIPMCAOTOWGE7HA,Essence (K=10),0.0,
AHMXZZDABVY6XRCR2ILIJKTSPVQA,Random,0.0,
AHMXZZDABVY6XRCR2ILIJKTSPVQA,Popularity,0.0,
AHMXZZDABVY6XRCR2ILIJKTSPVQA,CF (ItemKNN),0.0,
AHMXZZDABVY6XRCR2ILIJKTSPVQA,Content (Avg Emb),0.0,
AHMXZZDABVY6XRCR2ILIJKTSPVQA,Last-Item,0.0,
AHMXZZDABVY6XRCR2ILIJKTSPVQA,Avg-Last-10,0.0,
AHMXZZDABVY6XRCR2ILIJKTSPVQA,Recency-Weighted,0.0,
AHMXZZDABVY6XRCR2ILIJKTSPVQA,Essence (K=10),0.0,
AHMZPNRRDD4OQX25LHSUNKBJVKOA,Random,0.0,0.0
AHMZPNRRDD4OQX25LHSUNKBJVKOA,Popularity,0.0,0.0
AHMZPNRRDD4OQX25LHSUNKBJVKOA,CF (ItemKNN),0.0,0.0
AHMZPNRRDD4OQX25LHSUNKBJVKOA,Content (Avg Emb),0.0,0.0
AHMZPNRRDD4OQX25LHSUNKBJVKOA,Last-Item,0.0,0.0
AHMZPNRRDD4OQX25LHSUNKBJVKOA,Avg-Last-10,0.0,0.0
AHMZPNRRDD4OQX25LHSUNKBJVKOA,Recency-Weighted,0.0,0.0
AHMZPNRRDD4OQX25LHSUNKBJVKOA,Essence (K=10),0.0,0.0
AHMZVPXHPDGLVS5HKHPNC3I2AYYA,Random,0.0,0.0
AHMZVPXHPDGLVS5HKHPNC3I2AYYA,Popularity,0.0,0.0
AHMZVPXHPDGLVS5HKHPNC3I2AYYA,CF (ItemKNN),0.0,0.0
AHMZVPXHPDGLVS5HKHPNC3I2AYYA,Content (Avg Emb),0.1111111111111111,0.0
AHMZVPXHPDGLVS5HKHPNC3I2AYYA,Last-Item,0.0,0.0
AHMZVPXHPDGLVS5HKHPNC3I2AYYA,Avg-Last-10,0.1111111111111111,0.0
AHMZVPXHPDGLVS5HKHPNC3I2AYYA,Recency-Weighted,0.1111111111111111,0.0
AHMZVPXHPDGLVS5HKHPNC3I2AYYA,Essence (K=10),0.0,0.0
AHN4EBXELEGAMZUQBQLVSQ4HXE4Q,Random,0.0,0.0
AHN4EBXELEGAMZUQBQLVSQ4HXE4Q,Popularity,0.0,0.0
AHN4EBXELEGAMZUQBQLVSQ4HXE4Q,CF (ItemKNN),0.0,0.0
AHN4EBXELEGAMZUQBQLVSQ4HXE4Q,Content (Avg Emb),0.0,0.0
AHN4EBXELEGAMZUQBQLVSQ4HXE4Q,Last-Item,0.0,0.0
AHN4EBXELEGAMZUQBQLVSQ4HXE4Q,Avg-Last-10,0.0,0.0
AHN4EBXELEGAMZUQBQLVSQ4HXE4Q,Recency-Weighted,0.0,0.0
AHN4EBXELEGAMZUQBQLVSQ4HXE4Q,Essence (K=10),0.0,0.0
AHN6YEAKRMYG3X3URFJE3PIAZ2LA,Random,0.0,0.0
AHN6YEAKRMYG3X3URFJE3PIAZ2LA,Popularity,0.0,0.0
AHN6YEAKRMYG3X3URFJE3PIAZ2LA,CF (ItemKNN),0.0,0.0
AHN6YEAKRMYG3X3URFJE3PIAZ2LA,Content (Avg Emb),0.0,0.0
AHN6YEAKRMYG3X3URFJE3PIAZ2LA,Last-Item,0.0,0.0
AHN6YEAKRMYG3X3URFJE3PIAZ2LA,Avg-Last-10,0.0,0.0
AHN6YEAKRMYG3X3URFJE3PIAZ2LA,Recency-Weighted,0.0,0.0
AHN6YEAKRMYG3X3URFJE3PIAZ2LA,Essence (K=10),0.0,0.0
AHNB7EME4WTSW4L4VE4NFBOWTXFQ,Random,0.0,0.0
AHNB7EME4WTSW4L4VE4NFBOWTXFQ,Popularity,0.0,0.0
AHNB7EME4WTSW4L4VE4NFBOWTXFQ,CF (ItemKNN),0.06666666666666667,0.0
AHNB7EME4WTSW4L4VE4NFBOWTXFQ,Content (Avg Emb),0.0,0.0
AHNB7EME4WTSW4L4VE4NFBOWTXFQ,Last-Item,0.0,0.0
AHNB7EME4WTSW4L4VE4NFBOWTXFQ,Avg-Last-10,0.0,0.0
AHNB7EME4WTSW4L4VE4NFBOWTXFQ,Recency-Weighted,0.0,0.0
AHNB7EME4WTSW4L4VE4NFBOWTXFQ,Essence (K=10),0.0,0.0
AHNE4WVYMHU5SVU7PPQ6L7DYX5SA,Random,0.0,0.0
AHNE4WVYMHU5SVU7PPQ6L7DYX5SA,Popularity,0.0,0.0
AHNE4WVYMHU5SVU7PPQ6L7DYX5SA,CF (ItemKNN),0.0,0.0
AHNE4WVYMHU5SVU7PPQ6L7DYX5SA,Content (Avg Emb),0.0,0.0
AHNE4WVYMHU5SVU7PPQ6L7DYX5SA,Last-Item,0.0,0.0
AHNE4WVYMHU5SVU7PPQ6L7DYX5SA,Avg-Last-10,0.0,0.0
AHNE4WVYMHU5SVU7PPQ6L7DYX5SA,Recency-Weighted,0.0,0.0
AHNE4WVYMHU5SVU7PPQ6L7DYX5SA,Essence (K=10),0.0,0.0
AHNHKQ27OJDRWJRADR5APP7JHQ7Q,Random,0.0,0.0
AHNHKQ27OJDRWJRADR5APP7JHQ7Q,Popularity,0.0,0.0
AHNHKQ27OJDRWJRADR5APP7JHQ7Q,CF (ItemKNN),0.0,0.0
AHNHKQ27OJDRWJRADR5APP7JHQ7Q,Content (Avg Emb),0.4,0.0
AHNHKQ27OJDRWJRADR5APP7JHQ7Q,Last-Item,0.4,0.0
AHNHKQ27OJDRWJRADR5APP7JHQ7Q,Avg-Last-10,0.4,0.0
AHNHKQ27OJDRWJRADR5APP7JHQ7Q,Recency-Weighted,0.4,0.0
AHNHKQ27OJDRWJRADR5APP7JHQ7Q,Essence (K=10),0.4,0.0
AHNL4SK35JO2GU3D3RMNKIE2YRLQ,Random,0.0,
AHNL4SK35JO2GU3D3RMNKIE2YRLQ,Popularity,0.0,
AHNL4SK35JO2GU3D3RMNKIE2YRLQ,CF (ItemKNN),0.0,
AHNL4SK35JO2GU3D3RMNKIE2YRLQ,Content (Avg Emb),0.0,
AHNL4SK35JO2GU3D3RMNKIE2YRLQ,Last-Item,0.0,
AHNL4SK35JO2GU3D3RMNKIE2YRLQ,Avg-Last-10,0.0,
AHNL4SK35JO2GU3D3RMNKIE2YRLQ,Recency-Weighted,0.25,
AHNL4SK35JO2GU3D3RMNKIE2YRLQ,Essence (K=10),0.25,
AHNMGUE3MVE4IMAHET4DFIFSEOLA,Random,0.0,0.0
AHNMGUE3MVE4IMAHET4DFIFSEOLA,Popularity,0.0,0.0
AHNMGUE3MVE4IMAHET4DFIFSEOLA,CF (ItemKNN),0.0,0.0
AHNMGUE3MVE4IMAHET4DFIFSEOLA,Content (Avg Emb),0.0,0.0
AHNMGUE3MVE4IMAHET4DFIFSEOLA,Last-Item,0.0,0.0
AHNMGUE3MVE4IMAHET4DFIFSEOLA,Avg-Last-10,0.0,0.0
AHNMGUE3MVE4IMAHET4DFIFSEOLA,Recency-Weighted,0.0,0.0
AHNMGUE3MVE4IMAHET4DFIFSEOLA,Essence (K=10),0.0,0.0
AHNMHAJKOTGLUM5KIJJRI6HUCFPQ,Random,0.0,
AHNMHAJKOTGLUM5KIJJRI6HUCFPQ,Popularity,0.0,
AHNMHAJKOTGLUM5KIJJRI6HUCFPQ,CF (ItemKNN),0.0,
AHNMHAJKOTGLUM5KIJJRI6HUCFPQ,Content (Avg Emb),0.0,
AHNMHAJKOTGLUM5KIJJRI6HUCFPQ,Last-Item,0.0,
AHNMHAJKOTGLUM5KIJJRI6HUCFPQ,Avg-Last-10,0.0,
AHNMHAJKOTGLUM5KIJJRI6HUCFPQ,Recency-Weighted,0.0,
AHNMHAJKOTGLUM5KIJJRI6HUCFPQ,Essence (K=10),0.0,
AHNMYATBI76A3IQQJZ4YLM5U3HWA,Random,0.0,0.0
AHNMYATBI76A3IQQJZ4YLM5U3HWA,Popularity,0.0,0.0
AHNMYATBI76A3IQQJZ4YLM5U3HWA,CF (ItemKNN),0.0,0.0
AHNMYATBI76A3IQQJZ4YLM5U3HWA,Content (Avg Emb),0.0,0.0
AHNMYATBI76A3IQQJZ4YLM5U3HWA,Last-Item,0.0,0.0
AHNMYATBI76A3IQQJZ4YLM5U3HWA,Avg-Last-10,0.0,0.0
AHNMYATBI76A3IQQJZ4YLM5U3HWA,Recency-Weighted,0.0,0.0
AHNMYATBI76A3IQQJZ4YLM5U3HWA,Essence (K=10),0.0,0.0
AHNP57PRH7GB4AHBTKPXOBH33FHQ,Random,0.0,0.0
AHNP57PRH7GB4AHBTKPXOBH33FHQ,Popularity,0.0,0.0
AHNP57PRH7GB4AHBTKPXOBH33FHQ,CF (ItemKNN),0.0,0.0
AHNP57PRH7GB4AHBTKPXOBH33FHQ,Content (Avg Emb),0.0,0.0
AHNP57PRH7GB4AHBTKPXOBH33FHQ,Last-Item,0.125,0.0
AHNP57PRH7GB4AHBTKPXOBH33FHQ,Avg-Last-10,0.125,0.0
AHNP57PRH7GB4AHBTKPXOBH33FHQ,Recency-Weighted,0.25,0.0
AHNP57PRH7GB4AHBTKPXOBH33FHQ,Essence (K=10),0.125,0.0
AHNQ54NRZDNMWJ6LNQTM4POB4HYA,Random,0.0,0.0
AHNQ54NRZDNMWJ6LNQTM4POB4HYA,Popularity,0.0,0.0
AHNQ54NRZDNMWJ6LNQTM4POB4HYA,CF (ItemKNN),0.0,0.0
AHNQ54NRZDNMWJ6LNQTM4POB4HYA,Content (Avg Emb),0.0,0.0
AHNQ54NRZDNMWJ6LNQTM4POB4HYA,Last-Item,0.0,0.0
AHNQ54NRZDNMWJ6LNQTM4POB4HYA,Avg-Last-10,0.0,0.0
AHNQ54NRZDNMWJ6LNQTM4POB4HYA,Recency-Weighted,0.0,0.0
AHNQ54NRZDNMWJ6LNQTM4POB4HYA,Essence (K=10),0.0,0.0
AHNQXPD2I4UTGHMGXGE3OUJIXPXA,Random,0.0,0.0
AHNQXPD2I4UTGHMGXGE3OUJIXPXA,Popularity,0.0,0.0
AHNQXPD2I4UTGHMGXGE3OUJIXPXA,CF (ItemKNN),0.0,0.0
AHNQXPD2I4UTGHMGXGE3OUJIXPXA,Content (Avg Emb),0.0,0.0
AHNQXPD2I4UTGHMGXGE3OUJIXPXA,Last-Item,0.1,0.3333333333333333
AHNQXPD2I4UTGHMGXGE3OUJIXPXA,Avg-Last-10,0.0,0.0
AHNQXPD2I4UTGHMGXGE3OUJIXPXA,Recency-Weighted,0.0,0.0
AHNQXPD2I4UTGHMGXGE3OUJIXPXA,Essence (K=10),0.0,0.0
AHNRBCQTVDKT4LGFHALSTZSQUS3Q,Random,0.0,
AHNRBCQTVDKT4LGFHALSTZSQUS3Q,Popularity,0.0,
AHNRBCQTVDKT4LGFHALSTZSQUS3Q,CF (ItemKNN),0.0,
AHNRBCQTVDKT4LGFHALSTZSQUS3Q,Content (Avg Emb),0.0,
AHNRBCQTVDKT4LGFHALSTZSQUS3Q,Last-Item,0.0,
AHNRBCQTVDKT4LGFHALSTZSQUS3Q,Avg-Last-10,0.0,
AHNRBCQTVDKT4LGFHALSTZSQUS3Q,Recency-Weighted,0.0,
AHNRBCQTVDKT4LGFHALSTZSQUS3Q,Essence (K=10),0.0,
AHNSRAVAHWCH3TFXQRCTMLBTNKBA,Random,0.0,
AHNSRAVAHWCH3TFXQRCTMLBTNKBA,Popularity,0.0,
AHNSRAVAHWCH3TFXQRCTMLBTNKBA,CF (ItemKNN),0.0,
AHNSRAVAHWCH3TFXQRCTMLBTNKBA,Content (Avg Emb),0.0,
AHNSRAVAHWCH3TFXQRCTMLBTNKBA,Last-Item,0.0,
AHNSRAVAHWCH3TFXQRCTMLBTNKBA,Avg-Last-10,0.0,
AHNSRAVAHWCH3TFXQRCTMLBTNKBA,Recency-Weighted,0.0,
AHNSRAVAHWCH3TFXQRCTMLBTNKBA,Essence (K=10),0.0,
AHNTZVONMCC55XXEESJJ2I3OMRMQ,Random,0.0,
AHNTZVONMCC55XXEESJJ2I3OMRMQ,Popularity,0.0,
AHNTZVONMCC55XXEESJJ2I3OMRMQ,CF (ItemKNN),0.0,
AHNTZVONMCC55XXEESJJ2I3OMRMQ,Content (Avg Emb),0.0,
AHNTZVONMCC55XXEESJJ2I3OMRMQ,Last-Item,0.0,
AHNTZVONMCC55XXEESJJ2I3OMRMQ,Avg-Last-10,0.0,
AHNTZVONMCC55XXEESJJ2I3OMRMQ,Recency-Weighted,0.0,
AHNTZVONMCC55XXEESJJ2I3OMRMQ,Essence (K=10),0.0,
AHNVX3FJM3CKIKCFIRR747GSNHGA,Random,0.0,0.0
AHNVX3FJM3CKIKCFIRR747GSNHGA,Popularity,0.0,0.0
AHNVX3FJM3CKIKCFIRR747GSNHGA,CF (ItemKNN),0.0,0.0
AHNVX3FJM3CKIKCFIRR747GSNHGA,Content (Avg Emb),0.0,0.0
AHNVX3FJM3CKIKCFIRR747GSNHGA,Last-Item,0.0,0.0
AHNVX3FJM3CKIKCFIRR747GSNHGA,Avg-Last-10,0.0,0.0
AHNVX3FJM3CKIKCFIRR747GSNHGA,Recency-Weighted,0.0,0.0
AHNVX3FJM3CKIKCFIRR747GSNHGA,Essence (K=10),0.0,0.0
AHNWZGT3CMRAFCAQ5RPDNM6ZR7ZQ,Random,0.0,
AHNWZGT3CMRAFCAQ5RPDNM6ZR7ZQ,Popularity,0.0,
AHNWZGT3CMRAFCAQ5RPDNM6ZR7ZQ,CF (ItemKNN),0.0,
AHNWZGT3CMRAFCAQ5RPDNM6ZR7ZQ,Content (Avg Emb),0.0,
AHNWZGT3CMRAFCAQ5RPDNM6ZR7ZQ,Last-Item,0.0,
AHNWZGT3CMRAFCAQ5RPDNM6ZR7ZQ,Avg-Last-10,0.0,
AHNWZGT3CMRAFCAQ5RPDNM6ZR7ZQ,Recency-Weighted,0.0,
AHNWZGT3CMRAFCAQ5RPDNM6ZR7ZQ,Essence (K=10),0.0,
AHNXSCSABLLA6SPVXA3LSIT663OA,Random,0.0,0.0
AHNXSCSABLLA6SPVXA3LSIT663OA,Popularity,0.0,0.0
AHNXSCSABLLA6SPVXA3LSIT663OA,CF (ItemKNN),0.0,0.0
AHNXSCSABLLA6SPVXA3LSIT663OA,Content (Avg Emb),0.0,0.0
AHNXSCSABLLA6SPVXA3LSIT663OA,Last-Item,0.0,0.0
AHNXSCSABLLA6SPVXA3LSIT663OA,Avg-Last-10,0.0,0.0
AHNXSCSABLLA6SPVXA3LSIT663OA,Recency-Weighted,0.0,0.0
AHNXSCSABLLA6SPVXA3LSIT663OA,Essence (K=10),0.0,0.0
AHNXVUFZSA7T5QWDCIQMSZUAJF7A,Random,0.0,
AHNXVUFZSA7T5QWDCIQMSZUAJF7A,Popularity,0.0,
AHNXVUFZSA7T5QWDCIQMSZUAJF7A,CF (ItemKNN),0.0,
AHNXVUFZSA7T5QWDCIQMSZUAJF7A,Content (Avg Emb),0.0,
AHNXVUFZSA7T5QWDCIQMSZUAJF7A,Last-Item,0.125,
AHNXVUFZSA7T5QWDCIQMSZUAJF7A,Avg-Last-10,0.25,
AHNXVUFZSA7T5QWDCIQMSZUAJF7A,Recency-Weighted,0.25,
AHNXVUFZSA7T5QWDCIQMSZUAJF7A,Essence (K=10),0.125,
AHNYOV7WUMOIAJON7DVH4OL55O4Q,Random,0.0,
AHNYOV7WUMOIAJON7DVH4OL55O4Q,Popularity,0.0,
AHNYOV7WUMOIAJON7DVH4OL55O4Q,CF (ItemKNN),0.0,
AHNYOV7WUMOIAJON7DVH4OL55O4Q,Content (Avg Emb),0.0,
AHNYOV7WUMOIAJON7DVH4OL55O4Q,Last-Item,0.0,
AHNYOV7WUMOIAJON7DVH4OL55O4Q,Avg-Last-10,0.0,
AHNYOV7WUMOIAJON7DVH4OL55O4Q,Recency-Weighted,0.0,
AHNYOV7WUMOIAJON7DVH4OL55O4Q,Essence (K=10),0.0,
AHNYUNPLFE4CD52FU4D3KEOERCDQ,Random,0.0,0.0
AHNYUNPLFE4CD52FU4D3KEOERCDQ,Popularity,0.0,0.0
AHNYUNPLFE4CD52FU4D3KEOERCDQ,CF (ItemKNN),0.0,0.0
AHNYUNPLFE4CD52FU4D3KEOERCDQ,Content (Avg Emb),0.0,0.0
AHNYUNPLFE4CD52FU4D3KEOERCDQ,Last-Item,0.0,0.0
AHNYUNPLFE4CD52FU4D3KEOERCDQ,Avg-Last-10,0.0,0.0
AHNYUNPLFE4CD52FU4D3KEOERCDQ,Recency-Weighted,0.0,0.0
AHNYUNPLFE4CD52FU4D3KEOERCDQ,Essence (K=10),0.25,0.0
AHNZ3GHDN4S2DDU5G7CYXD2GQTQA,Random,0.0,0.0
AHNZ3GHDN4S2DDU5G7CYXD2GQTQA,Popularity,0.0,0.0
AHNZ3GHDN4S2DDU5G7CYXD2GQTQA,CF (ItemKNN),0.0,0.0
AHNZ3GHDN4S2DDU5G7CYXD2GQTQA,Content (Avg Emb),0.0,0.0
AHNZ3GHDN4S2DDU5G7CYXD2GQTQA,Last-Item,0.0,0.0
AHNZ3GHDN4S2DDU5G7CYXD2GQTQA,Avg-Last-10,0.0,0.0
AHNZ3GHDN4S2DDU5G7CYXD2GQTQA,Recency-Weighted,0.0,0.0
AHNZ3GHDN4S2DDU5G7CYXD2GQTQA,Essence (K=10),0.0,0.0
AHO2SA73FMXCNG5RWNHYINJW4BKA,Random,0.0,0.0
AHO2SA73FMXCNG5RWNHYINJW4BKA,Popularity,0.0,0.0
AHO2SA73FMXCNG5RWNHYINJW4BKA,CF (ItemKNN),0.0,0.0
AHO2SA73FMXCNG5RWNHYINJW4BKA,Content (Avg Emb),0.0,0.0
AHO2SA73FMXCNG5RWNHYINJW4BKA,Last-Item,0.0,0.0
AHO2SA73FMXCNG5RWNHYINJW4BKA,Avg-Last-10,0.0,0.0
AHO2SA73FMXCNG5RWNHYINJW4BKA,Recency-Weighted,0.0,0.0
AHO2SA73FMXCNG5RWNHYINJW4BKA,Essence (K=10),0.0,0.0
AHOIOKQCQ4EHD2WUTRQ4NCPVRLZA,Random,0.0,
AHOIOKQCQ4EHD2WUTRQ4NCPVRLZA,Popularity,0.0,
AHOIOKQCQ4EHD2WUTRQ4NCPVRLZA,CF (ItemKNN),0.0,
AHOIOKQCQ4EHD2WUTRQ4NCPVRLZA,Content (Avg Emb),0.0,
AHOIOKQCQ4EHD2WUTRQ4NCPVRLZA,Last-Item,0.0,
AHOIOKQCQ4EHD2WUTRQ4NCPVRLZA,Avg-Last-10,0.0,
AHOIOKQCQ4EHD2WUTRQ4NCPVRLZA,Recency-Weighted,0.0,
AHOIOKQCQ4EHD2WUTRQ4NCPVRLZA,Essence (K=10),0.0,
AHOPCGKTNGFHOR25H75ZFA4ZNN3Q,Random,0.0,0.0
AHOPCGKTNGFHOR25H75ZFA4ZNN3Q,Popularity,0.0,0.0
AHOPCGKTNGFHOR25H75ZFA4ZNN3Q,CF (ItemKNN),0.0,0.0
AHOPCGKTNGFHOR25H75ZFA4ZNN3Q,Content (Avg Emb),0.0,0.0
AHOPCGKTNGFHOR25H75ZFA4ZNN3Q,Last-Item,0.0,0.0
AHOPCGKTNGFHOR25H75ZFA4ZNN3Q,Avg-Last-10,0.0,0.0
AHOPCGKTNGFHOR25H75ZFA4ZNN3Q,Recency-Weighted,0.0,0.0
AHOPCGKTNGFHOR25H75ZFA4ZNN3Q,Essence (K=10),0.0,0.0
AHOQRQVPGF26GSEA6S3X342QKXMQ,Random,0.0,0.0
AHOQRQVPGF26GSEA6S3X342QKXMQ,Popularity,0.0,0.0
AHOQRQVPGF26GSEA6S3X342QKXMQ,CF (ItemKNN),0.0,0.0
AHOQRQVPGF26GSEA6S3X342QKXMQ,Content (Avg Emb),0.0,0.0
AHOQRQVPGF26GSEA6S3X342QKXMQ,Last-Item,0.0,0.0
AHOQRQVPGF26GSEA6S3X342QKXMQ,Avg-Last-10,0.0,0.0
AHOQRQVPGF26GSEA6S3X342QKXMQ,Recency-Weighted,0.0,0.0
AHOQRQVPGF26GSEA6S3X342QKXMQ,Essence (K=10),0.0,0.0
AHORG6OGNUOEF5QES6NP5JVCK2UQ,Random,0.0,0.0
AHORG6OGNUOEF5QES6NP5JVCK2UQ,Popularity,0.0,0.0
AHORG6OGNUOEF5QES6NP5JVCK2UQ,CF (ItemKNN),0.0,0.0
AHORG6OGNUOEF5QES6NP5JVCK2UQ,Content (Avg Emb),0.0,0.0
AHORG6OGNUOEF5QES6NP5JVCK2UQ,Last-Item,0.0,0.0
AHORG6OGNUOEF5QES6NP5JVCK2UQ,Avg-Last-10,0.0,0.0
AHORG6OGNUOEF5QES6NP5JVCK2UQ,Recency-Weighted,0.0,0.0
AHORG6OGNUOEF5QES6NP5JVCK2UQ,Essence (K=10),0.0,0.0
AHOS5LGT2XD2QZJTHA6DGSR7EDAA,Random,0.0,
AHOS5LGT2XD2QZJTHA6DGSR7EDAA,Popularity,0.0,
AHOS5LGT2XD2QZJTHA6DGSR7EDAA,CF (ItemKNN),0.0,
AHOS5LGT2XD2QZJTHA6DGSR7EDAA,Content (Avg Emb),0.0,
AHOS5LGT2XD2QZJTHA6DGSR7EDAA,Last-Item,0.0,
AHOS5LGT2XD2QZJTHA6DGSR7EDAA,Avg-Last-10,0.0,
AHOS5LGT2XD2QZJTHA6DGSR7EDAA,Recency-Weighted,0.0,
AHOS5LGT2XD2QZJTHA6DGSR7EDAA,Essence (K=10),0.0,
AHOTSJLBS2XZMHOOFIAB73LEIFSA,Random,0.0,0.0
AHOTSJLBS2XZMHOOFIAB73LEIFSA,Popularity,0.16666666666666666,0.0
AHOTSJLBS2XZMHOOFIAB73LEIFSA,CF (ItemKNN),0.0,0.0
AHOTSJLBS2XZMHOOFIAB73LEIFSA,Content (Avg Emb),0.0,0.0
AHOTSJLBS2XZMHOOFIAB73LEIFSA,Last-Item,0.16666666666666666,0.5
AHOTSJLBS2XZMHOOFIAB73LEIFSA,Avg-Last-10,0.0,0.0
AHOTSJLBS2XZMHOOFIAB73LEIFSA,Recency-Weighted,0.0,0.0
AHOTSJLBS2XZMHOOFIAB73LEIFSA,Essence (K=10),0.0,0.0
AHOVPG7OBJSOLVBNE6OM7QZ7HHMQ,Random,0.0,0.0
AHOVPG7OBJSOLVBNE6OM7QZ7HHMQ,Popularity,0.0,0.0
AHOVPG7OBJSOLVBNE6OM7QZ7HHMQ,CF (ItemKNN),0.0,0.0
AHOVPG7OBJSOLVBNE6OM7QZ7HHMQ,Content (Avg Emb),0.0,0.0
AHOVPG7OBJSOLVBNE6OM7QZ7HHMQ,Last-Item,0.0,0.0
AHOVPG7OBJSOLVBNE6OM7QZ7HHMQ,Avg-Last-10,0.0,0.0
AHOVPG7OBJSOLVBNE6OM7QZ7HHMQ,Recency-Weighted,0.0,0.0
AHOVPG7OBJSOLVBNE6OM7QZ7HHMQ,Essence (K=10),0.0,0.0
AHOXT5N7OVP2ZN5FFUXRB6UMLTDQ,Random,0.0,0.0
AHOXT5N7OVP2ZN5FFUXRB6UMLTDQ,Popularity,0.0,0.0
AHOXT5N7OVP2ZN5FFUXRB6UMLTDQ,CF (ItemKNN),0.0,0.0
AHOXT5N7OVP2ZN5FFUXRB6UMLTDQ,Content (Avg Emb),0.0,0.0
AHOXT5N7OVP2ZN5FFUXRB6UMLTDQ,Last-Item,0.0,0.0
AHOXT5N7OVP2ZN5FFUXRB6UMLTDQ,Avg-Last-10,0.0,0.0
AHOXT5N7OVP2ZN5FFUXRB6UMLTDQ,Recency-Weighted,0.0,0.0
AHOXT5N7OVP2ZN5FFUXRB6UMLTDQ,Essence (K=10),0.25,0.5
AHOZASRRCUPXDORJBM5ZGMH5AKNA,Random,0.0,0.0
AHOZASRRCUPXDORJBM5ZGMH5AKNA,Popularity,0.0,0.0
AHOZASRRCUPXDORJBM5ZGMH5AKNA,CF (ItemKNN),0.0,0.0
AHOZASRRCUPXDORJBM5ZGMH5AKNA,Content (Avg Emb),0.0,0.0
AHOZASRRCUPXDORJBM5ZGMH5AKNA,Last-Item,0.0,0.0
AHOZASRRCUPXDORJBM5ZGMH5AKNA,Avg-Last-10,0.0,0.0
AHOZASRRCUPXDORJBM5ZGMH5AKNA,Recency-Weighted,0.0,0.0
AHOZASRRCUPXDORJBM5ZGMH5AKNA,Essence (K=10),0.0,0.0
AHOZE5RMLR5EXZT7CTVYXK7MJUAA,Random,0.0,0.0
AHOZE5RMLR5EXZT7CTVYXK7MJUAA,Popularity,0.0,0.0
AHOZE5RMLR5EXZT7CTVYXK7MJUAA,CF (ItemKNN),0.0,0.0
AHOZE5RMLR5EXZT7CTVYXK7MJUAA,Content (Avg Emb),0.0,0.0
AHOZE5RMLR5EXZT7CTVYXK7MJUAA,Last-Item,0.0,0.0
AHOZE5RMLR5EXZT7CTVYXK7MJUAA,Avg-Last-10,0.0,0.0
AHOZE5RMLR5EXZT7CTVYXK7MJUAA,Recency-Weighted,0.0,0.0
AHOZE5RMLR5EXZT7CTVYXK7MJUAA,Essence (K=10),0.0,0.0
AHP577HFLZIGFBQSTR2ZHU7O2EWQ,Random,0.0,0.0
AHP577HFLZIGFBQSTR2ZHU7O2EWQ,Popularity,0.0,0.0
AHP577HFLZIGFBQSTR2ZHU7O2EWQ,CF (ItemKNN),0.0,0.0
AHP577HFLZIGFBQSTR2ZHU7O2EWQ,Content (Avg Emb),0.0,0.0
AHP577HFLZIGFBQSTR2ZHU7O2EWQ,Last-Item,0.0,0.0
AHP577HFLZIGFBQSTR2ZHU7O2EWQ,Avg-Last-10,0.0,0.0
AHP577HFLZIGFBQSTR2ZHU7O2EWQ,Recency-Weighted,0.0,0.0
AHP577HFLZIGFBQSTR2ZHU7O2EWQ,Essence (K=10),0.0,0.0
AHP6ZPEG7NMCLOMPOMYZFH4IMWTA,Random,0.0,0.0
AHP6ZPEG7NMCLOMPOMYZFH4IMWTA,Popularity,0.0,0.0
AHP6ZPEG7NMCLOMPOMYZFH4IMWTA,CF (ItemKNN),0.2,0.6666666666666666
AHP6ZPEG7NMCLOMPOMYZFH4IMWTA,Content (Avg Emb),0.0,0.0
AHP6ZPEG7NMCLOMPOMYZFH4IMWTA,Last-Item,0.0,0.0
AHP6ZPEG7NMCLOMPOMYZFH4IMWTA,Avg-Last-10,0.0,0.0
AHP6ZPEG7NMCLOMPOMYZFH4IMWTA,Recency-Weighted,0.0,0.0
AHP6ZPEG7NMCLOMPOMYZFH4IMWTA,Essence (K=10),0.0,0.0
AHPBB5JEE6JXY222UQZUEJTGQO3Q,Random,0.0,0.0
AHPBB5JEE6JXY222UQZUEJTGQO3Q,Popularity,0.0,0.0
AHPBB5JEE6JXY222UQZUEJTGQO3Q,CF (ItemKNN),0.0,0.0
AHPBB5JEE6JXY222UQZUEJTGQO3Q,Content (Avg Emb),0.0,0.0
AHPBB5JEE6JXY222UQZUEJTGQO3Q,Last-Item,0.0,0.0
AHPBB5JEE6JXY222UQZUEJTGQO3Q,Avg-Last-10,0.0,0.0
AHPBB5JEE6JXY222UQZUEJTGQO3Q,Recency-Weighted,0.0,0.0
AHPBB5JEE6JXY222UQZUEJTGQO3Q,Essence (K=10),0.0,0.0
AHPBIITI5EBABML7DPQY663XUQSQ,Random,0.0,0.0
AHPBIITI5EBABML7DPQY663XUQSQ,Popularity,0.0,0.0
AHPBIITI5EBABML7DPQY663XUQSQ,CF (ItemKNN),0.0,0.0
AHPBIITI5EBABML7DPQY663XUQSQ,Content (Avg Emb),0.0,0.0
AHPBIITI5EBABML7DPQY663XUQSQ,Last-Item,0.0,0.0
AHPBIITI5EBABML7DPQY663XUQSQ,Avg-Last-10,0.0,0.0
AHPBIITI5EBABML7DPQY663XUQSQ,Recency-Weighted,0.0,0.0
AHPBIITI5EBABML7DPQY663XUQSQ,Essence (K=10),0.0,0.0
AHPDLPFK34JAKMKFGEZ7XW4CKKOA,Random,0.0,
AHPDLPFK34JAKMKFGEZ7XW4CKKOA,Popularity,0.0,
AHPDLPFK34JAKMKFGEZ7XW4CKKOA,CF (ItemKNN),0.0,
AHPDLPFK34JAKMKFGEZ7XW4CKKOA,Content (Avg Emb),0.0,
AHPDLPFK34JAKMKFGEZ7XW4CKKOA,Last-Item,0.0,
AHPDLPFK34JAKMKFGEZ7XW4CKKOA,Avg-Last-10,0.0,
AHPDLPFK34JAKMKFGEZ7XW4CKKOA,Recency-Weighted,0.0,
AHPDLPFK34JAKMKFGEZ7XW4CKKOA,Essence (K=10),0.0,
AHPHH3QW4B5TT3VBF4PWP5M6TV4Q,Random,0.0,0.0
AHPHH3QW4B5TT3VBF4PWP5M6TV4Q,Popularity,0.0,0.0
AHPHH3QW4B5TT3VBF4PWP5M6TV4Q,CF (ItemKNN),0.0,0.0
AHPHH3QW4B5TT3VBF4PWP5M6TV4Q,Content (Avg Emb),0.0,0.0
AHPHH3QW4B5TT3VBF4PWP5M6TV4Q,Last-Item,0.0,0.0
AHPHH3QW4B5TT3VBF4PWP5M6TV4Q,Avg-Last-10,0.0,0.0
AHPHH3QW4B5TT3VBF4PWP5M6TV4Q,Recency-Weighted,0.0,0.0
AHPHH3QW4B5TT3VBF4PWP5M6TV4Q,Essence (K=10),0.0,0.0
AHPIMGSAUWHVRMGKHAQNDSZSYJUQ,Random,0.0,
AHPIMGSAUWHVRMGKHAQNDSZSYJUQ,Popularity,0.0,
AHPIMGSAUWHVRMGKHAQNDSZSYJUQ,CF (ItemKNN),0.0,
AHPIMGSAUWHVRMGKHAQNDSZSYJUQ,Content (Avg Emb),0.0,
AHPIMGSAUWHVRMGKHAQNDSZSYJUQ,Last-Item,0.0,
AHPIMGSAUWHVRMGKHAQNDSZSYJUQ,Avg-Last-10,0.0,
AHPIMGSAUWHVRMGKHAQNDSZSYJUQ,Recency-Weighted,0.0,
AHPIMGSAUWHVRMGKHAQNDSZSYJUQ,Essence (K=10),0.0,
AHPLD6TOEOGHCHQNMDTNDI7OIPAQ,Random,0.0,
AHPLD6TOEOGHCHQNMDTNDI7OIPAQ,Popularity,0.0,
AHPLD6TOEOGHCHQNMDTNDI7OIPAQ,CF (ItemKNN),0.0,
AHPLD6TOEOGHCHQNMDTNDI7OIPAQ,Content (Avg Emb),0.0,
AHPLD6TOEOGHCHQNMDTNDI7OIPAQ,Last-Item,0.0,
AHPLD6TOEOGHCHQNMDTNDI7OIPAQ,Avg-Last-10,0.0,
AHPLD6TOEOGHCHQNMDTNDI7OIPAQ,Recency-Weighted,0.0,
AHPLD6TOEOGHCHQNMDTNDI7OIPAQ,Essence (K=10),0.0,
AHPLDGZJ5HREIX47GAZ4TTECNPNA,Random,0.0,
AHPLDGZJ5HREIX47GAZ4TTECNPNA,Popularity,0.0,
AHPLDGZJ5HREIX47GAZ4TTECNPNA,CF (ItemKNN),0.0,
AHPLDGZJ5HREIX47GAZ4TTECNPNA,Content (Avg Emb),0.0,
AHPLDGZJ5HREIX47GAZ4TTECNPNA,Last-Item,0.0,
AHPLDGZJ5HREIX47GAZ4TTECNPNA,Avg-Last-10,0.0,
AHPLDGZJ5HREIX47GAZ4TTECNPNA,Recency-Weighted,0.0,
AHPLDGZJ5HREIX47GAZ4TTECNPNA,Essence (K=10),0.0,
AHPM3F7OD4LPUT35IH7Y222JFR4A,Random,0.0,0.0
AHPM3F7OD4LPUT35IH7Y222JFR4A,Popularity,0.0,0.0
AHPM3F7OD4LPUT35IH7Y222JFR4A,CF (ItemKNN),0.0,0.0
AHPM3F7OD4LPUT35IH7Y222JFR4A,Content (Avg Emb),0.0,0.0
AHPM3F7OD4LPUT35IH7Y222JFR4A,Last-Item,0.0,0.0
AHPM3F7OD4LPUT35IH7Y222JFR4A,Avg-Last-10,0.0,0.0
AHPM3F7OD4LPUT35IH7Y222JFR4A,Recency-Weighted,0.0,0.0
AHPM3F7OD4LPUT35IH7Y222JFR4A,Essence (K=10),0.0,0.0
AHPS2E63DSDEJC4B5EBJVODQKDEQ,Random,0.0,0.0
AHPS2E63DSDEJC4B5EBJVODQKDEQ,Popularity,0.0,0.0
AHPS2E63DSDEJC4B5EBJVODQKDEQ,CF (ItemKNN),0.0,0.0
AHPS2E63DSDEJC4B5EBJVODQKDEQ,Content (Avg Emb),0.0,0.0
AHPS2E63DSDEJC4B5EBJVODQKDEQ,Last-Item,0.0,0.0
AHPS2E63DSDEJC4B5EBJVODQKDEQ,Avg-Last-10,0.0,0.0
AHPS2E63DSDEJC4B5EBJVODQKDEQ,Recency-Weighted,0.0,0.0
AHPS2E63DSDEJC4B5EBJVODQKDEQ,Essence (K=10),0.0,0.0
AHPSU3KUJ5VLOH72Y2VNOC7RZ53A,Random,0.0,0.0
AHPSU3KUJ5VLOH72Y2VNOC7RZ53A,Popularity,0.0,0.0
AHPSU3KUJ5VLOH72Y2VNOC7RZ53A,CF (ItemKNN),0.0,0.0
AHPSU3KUJ5VLOH72Y2VNOC7RZ53A,Content (Avg Emb),0.0,0.0
AHPSU3KUJ5VLOH72Y2VNOC7RZ53A,Last-Item,0.0,0.0
AHPSU3KUJ5VLOH72Y2VNOC7RZ53A,Avg-Last-10,0.0,0.0
AHPSU3KUJ5VLOH72Y2VNOC7RZ53A,Recency-Weighted,0.0,0.0
AHPSU3KUJ5VLOH72Y2VNOC7RZ53A,Essence (K=10),0.0,0.0
AHPYKKO75CCO5L3CFNWLNTASLUQQ,Random,0.0,0.0
AHPYKKO75CCO5L3CFNWLNTASLUQQ,Popularity,0.0,0.0
AHPYKKO75CCO5L3CFNWLNTASLUQQ,CF (ItemKNN),0.0,0.0
AHPYKKO75CCO5L3CFNWLNTASLUQQ,Content (Avg Emb),0.0,0.0
AHPYKKO75CCO5L3CFNWLNTASLUQQ,Last-Item,0.0,0.0
AHPYKKO75CCO5L3CFNWLNTASLUQQ,Avg-Last-10,0.0,0.0
AHPYKKO75CCO5L3CFNWLNTASLUQQ,Recency-Weighted,0.0,0.0
AHPYKKO75CCO5L3CFNWLNTASLUQQ,Essence (K=10),0.0,0.0
AHPYUCBAWQ5DWZRQ724QEJEZUXDQ,Random,0.0,0.0
AHPYUCBAWQ5DWZRQ724QEJEZUXDQ,Popularity,0.0,0.0
AHPYUCBAWQ5DWZRQ724QEJEZUXDQ,CF (ItemKNN),0.0,0.0
AHPYUCBAWQ5DWZRQ724QEJEZUXDQ,Content (Avg Emb),0.0,0.0
AHPYUCBAWQ5DWZRQ724QEJEZUXDQ,Last-Item,0.0,0.0
AHPYUCBAWQ5DWZRQ724QEJEZUXDQ,Avg-Last-10,0.0,0.0
AHPYUCBAWQ5DWZRQ724QEJEZUXDQ,Recency-Weighted,0.0,0.0
AHPYUCBAWQ5DWZRQ724QEJEZUXDQ,Essence (K=10),0.0,0.0
AHQ2BD35ZZFLFBHJHS5CWQILGBUA,Random,0.0,
AHQ2BD35ZZFLFBHJHS5CWQILGBUA,Popularity,0.0,
AHQ2BD35ZZFLFBHJHS5CWQILGBUA,CF (ItemKNN),0.0,
AHQ2BD35ZZFLFBHJHS5CWQILGBUA,Content (Avg Emb),0.0,
AHQ2BD35ZZFLFBHJHS5CWQILGBUA,Last-Item,0.0,
AHQ2BD35ZZFLFBHJHS5CWQILGBUA,Avg-Last-10,0.0,
AHQ2BD35ZZFLFBHJHS5CWQILGBUA,Recency-Weighted,0.0,
AHQ2BD35ZZFLFBHJHS5CWQILGBUA,Essence (K=10),0.0,
AHQ3BGLD4XCLHKNQRTCUMWRN4HPQ,Random,0.0,0.0
AHQ3BGLD4XCLHKNQRTCUMWRN4HPQ,Popularity,0.0,0.0
AHQ3BGLD4XCLHKNQRTCUMWRN4HPQ,CF (ItemKNN),0.0,0.0
AHQ3BGLD4XCLHKNQRTCUMWRN4HPQ,Content (Avg Emb),0.0,0.0
AHQ3BGLD4XCLHKNQRTCUMWRN4HPQ,Last-Item,0.0,0.0
AHQ3BGLD4XCLHKNQRTCUMWRN4HPQ,Avg-Last-10,0.0,0.0
AHQ3BGLD4XCLHKNQRTCUMWRN4HPQ,Recency-Weighted,0.0,0.0
AHQ3BGLD4XCLHKNQRTCUMWRN4HPQ,Essence (K=10),0.0,0.0
AHQCIWAEKLMRPOO2E7XL6TOMHMPQ,Random,0.0,0.0
AHQCIWAEKLMRPOO2E7XL6TOMHMPQ,Popularity,0.0,0.0
AHQCIWAEKLMRPOO2E7XL6TOMHMPQ,CF (ItemKNN),0.0,0.0
AHQCIWAEKLMRPOO2E7XL6TOMHMPQ,Content (Avg Emb),0.6,0.6
AHQCIWAEKLMRPOO2E7XL6TOMHMPQ,Last-Item,1.0,1.0
AHQCIWAEKLMRPOO2E7XL6TOMHMPQ,Avg-Last-10,1.0,1.0
AHQCIWAEKLMRPOO2E7XL6TOMHMPQ,Recency-Weighted,1.0,1.0
AHQCIWAEKLMRPOO2E7XL6TOMHMPQ,Essence (K=10),1.0,1.0
AHQF2VXWQPUBKYR3RMJ6VDFDYUSQ,Random,0.0,0.0
AHQF2VXWQPUBKYR3RMJ6VDFDYUSQ,Popularity,0.0,0.0
AHQF2VXWQPUBKYR3RMJ6VDFDYUSQ,CF (ItemKNN),0.0,0.0
AHQF2VXWQPUBKYR3RMJ6VDFDYUSQ,Content (Avg Emb),0.0,0.0
AHQF2VXWQPUBKYR3RMJ6VDFDYUSQ,Last-Item,0.2,0.0
AHQF2VXWQPUBKYR3RMJ6VDFDYUSQ,Avg-Last-10,0.0,0.0
AHQF2VXWQPUBKYR3RMJ6VDFDYUSQ,Recency-Weighted,0.0,0.0
AHQF2VXWQPUBKYR3RMJ6VDFDYUSQ,Essence (K=10),0.0,0.0
AHQGDJCTJDAOWFJNVVMXVAVNXAKQ,Random,0.0,0.0
AHQGDJCTJDAOWFJNVVMXVAVNXAKQ,Popularity,0.0,0.0
AHQGDJCTJDAOWFJNVVMXVAVNXAKQ,CF (ItemKNN),0.0,0.0
AHQGDJCTJDAOWFJNVVMXVAVNXAKQ,Content (Avg Emb),0.0,0.0
AHQGDJCTJDAOWFJNVVMXVAVNXAKQ,Last-Item,0.16666666666666666,0.0
AHQGDJCTJDAOWFJNVVMXVAVNXAKQ,Avg-Last-10,0.0,0.0
AHQGDJCTJDAOWFJNVVMXVAVNXAKQ,Recency-Weighted,0.0,0.0
AHQGDJCTJDAOWFJNVVMXVAVNXAKQ,Essence (K=10),0.0,0.0
AHQHUN43HWWRAEDUT3RV6BH6TYDQ,Random,0.0,
AHQHUN43HWWRAEDUT3RV6BH6TYDQ,Popularity,0.0,
AHQHUN43HWWRAEDUT3RV6BH6TYDQ,CF (ItemKNN),0.0,
AHQHUN43HWWRAEDUT3RV6BH6TYDQ,Content (Avg Emb),0.0,
AHQHUN43HWWRAEDUT3RV6BH6TYDQ,Last-Item,0.08333333333333333,
AHQHUN43HWWRAEDUT3RV6BH6TYDQ,Avg-Last-10,0.0,
AHQHUN43HWWRAEDUT3RV6BH6TYDQ,Recency-Weighted,0.0,
AHQHUN43HWWRAEDUT3RV6BH6TYDQ,Essence (K=10),0.0,
AHQLIM7SRWHKBFFYOTXQIO33EG7A,Random,0.0,0.0
AHQLIM7SRWHKBFFYOTXQIO33EG7A,Popularity,0.0,0.0
AHQLIM7SRWHKBFFYOTXQIO33EG7A,CF (ItemKNN),0.0,0.0
AHQLIM7SRWHKBFFYOTXQIO33EG7A,Content (Avg Emb),0.0,0.0
AHQLIM7SRWHKBFFYOTXQIO33EG7A,Last-Item,0.0,0.0
AHQLIM7SRWHKBFFYOTXQIO33EG7A,Avg-Last-10,0.0,0.0
AHQLIM7SRWHKBFFYOTXQIO33EG7A,Recency-Weighted,0.0,0.0
AHQLIM7SRWHKBFFYOTXQIO33EG7A,Essence (K=10),0.0,0.0
AHQLQCNMZDN6IMDPAM2IJXWDL7GA,Random,0.0,
AHQLQCNMZDN6IMDPAM2IJXWDL7GA,Popularity,0.0,
AHQLQCNMZDN6IMDPAM2IJXWDL7GA,CF (ItemKNN),0.0,
AHQLQCNMZDN6IMDPAM2IJXWDL7GA,Content (Avg Emb),0.0,
AHQLQCNMZDN6IMDPAM2IJXWDL7GA,Last-Item,0.0,
AHQLQCNMZDN6IMDPAM2IJXWDL7GA,Avg-Last-10,0.0,
AHQLQCNMZDN6IMDPAM2IJXWDL7GA,Recency-Weighted,0.0,
AHQLQCNMZDN6IMDPAM2IJXWDL7GA,Essence (K=10),0.0,
AHQN2UIAI65CREIGOQMA3REZEPUQ,Random,0.0,
AHQN2UIAI65CREIGOQMA3REZEPUQ,Popularity,0.0,
AHQN2UIAI65CREIGOQMA3REZEPUQ,CF (ItemKNN),0.0,
AHQN2UIAI65CREIGOQMA3REZEPUQ,Content (Avg Emb),0.0,
AHQN2UIAI65CREIGOQMA3REZEPUQ,Last-Item,0.0,
AHQN2UIAI65CREIGOQMA3REZEPUQ,Avg-Last-10,0.0,
AHQN2UIAI65CREIGOQMA3REZEPUQ,Recency-Weighted,0.0,
AHQN2UIAI65CREIGOQMA3REZEPUQ,Essence (K=10),0.0,
AHQN7SWE5G3MB2XD5UHZ42OXT4UA,Random,0.0,0.0
AHQN7SWE5G3MB2XD5UHZ42OXT4UA,Popularity,0.0,0.0
AHQN7SWE5G3MB2XD5UHZ42OXT4UA,CF (ItemKNN),0.0,0.0
AHQN7SWE5G3MB2XD5UHZ42OXT4UA,Content (Avg Emb),0.0,0.0
AHQN7SWE5G3MB2XD5UHZ42OXT4UA,Last-Item,0.0,0.0
AHQN7SWE5G3MB2XD5UHZ42OXT4UA,Avg-Last-10,0.0,0.0
AHQN7SWE5G3MB2XD5UHZ42OXT4UA,Recency-Weighted,0.0,0.0
AHQN7SWE5G3MB2XD5UHZ42OXT4UA,Essence (K=10),0.0,0.0
AHQOC3MSHDVMLB2LL52GEAXCFXVA,Random,0.0,0.0
AHQOC3MSHDVMLB2LL52GEAXCFXVA,Popularity,0.0,0.0
AHQOC3MSHDVMLB2LL52GEAXCFXVA,CF (ItemKNN),0.0,0.0
AHQOC3MSHDVMLB2LL52GEAXCFXVA,Content (Avg Emb),0.0,0.0
AHQOC3MSHDVMLB2LL52GEAXCFXVA,Last-Item,0.0,0.0
AHQOC3MSHDVMLB2LL52GEAXCFXVA,Avg-Last-10,0.0,0.0
AHQOC3MSHDVMLB2LL52GEAXCFXVA,Recency-Weighted,0.0,0.0
AHQOC3MSHDVMLB2LL52GEAXCFXVA,Essence (K=10),0.0,0.0
AHQRAL7WS3NZUGKWBFONBM4V4NNQ,Random,0.0,
AHQRAL7WS3NZUGKWBFONBM4V4NNQ,Popularity,0.0,
AHQRAL7WS3NZUGKWBFONBM4V4NNQ,CF (ItemKNN),0.0,
AHQRAL7WS3NZUGKWBFONBM4V4NNQ,Content (Avg Emb),0.0,
AHQRAL7WS3NZUGKWBFONBM4V4NNQ,Last-Item,0.0,
AHQRAL7WS3NZUGKWBFONBM4V4NNQ,Avg-Last-10,0.0,
AHQRAL7WS3NZUGKWBFONBM4V4NNQ,Recency-Weighted,0.0,
AHQRAL7WS3NZUGKWBFONBM4V4NNQ,Essence (K=10),0.0,
AHQVZ6V6LOLXVUSPPUFNAG6QLNLQ,Random,0.0,
AHQVZ6V6LOLXVUSPPUFNAG6QLNLQ,Popularity,0.0,
AHQVZ6V6LOLXVUSPPUFNAG6QLNLQ,CF (ItemKNN),0.0,
AHQVZ6V6LOLXVUSPPUFNAG6QLNLQ,Content (Avg Emb),0.0,
AHQVZ6V6LOLXVUSPPUFNAG6QLNLQ,Last-Item,0.0,
AHQVZ6V6LOLXVUSPPUFNAG6QLNLQ,Avg-Last-10,0.0,
AHQVZ6V6LOLXVUSPPUFNAG6QLNLQ,Recency-Weighted,0.0,
AHQVZ6V6LOLXVUSPPUFNAG6QLNLQ,Essence (K=10),0.0,
AHQY2EVF25LCENKRJZQMLNMJEPJA,Random,0.0,0.0
AHQY2EVF25LCENKRJZQMLNMJEPJA,Popularity,0.0,0.0
AHQY2EVF25LCENKRJZQMLNMJEPJA,CF (ItemKNN),0.0,0.0
AHQY2EVF25LCENKRJZQMLNMJEPJA,Content (Avg Emb),0.0,0.0
AHQY2EVF25LCENKRJZQMLNMJEPJA,Last-Item,0.0,0.0
AHQY2EVF25LCENKRJZQMLNMJEPJA,Avg-Last-10,0.0,0.0
AHQY2EVF25LCENKRJZQMLNMJEPJA,Recency-Weighted,0.0,0.0
AHQY2EVF25LCENKRJZQMLNMJEPJA,Essence (K=10),0.0,0.0
AHQY7QIVOAV6ODRMSCQUXY3H55EQ,Random,0.0,0.0
AHQY7QIVOAV6ODRMSCQUXY3H55EQ,Popularity,0.0,0.0
AHQY7QIVOAV6ODRMSCQUXY3H55EQ,CF (ItemKNN),0.0,0.0
AHQY7QIVOAV6ODRMSCQUXY3H55EQ,Content (Avg Emb),0.0,0.0
AHQY7QIVOAV6ODRMSCQUXY3H55EQ,Last-Item,0.0,0.0
AHQY7QIVOAV6ODRMSCQUXY3H55EQ,Avg-Last-10,0.0,0.0
AHQY7QIVOAV6ODRMSCQUXY3H55EQ,Recency-Weighted,0.0,0.0
AHQY7QIVOAV6ODRMSCQUXY3H55EQ,Essence (K=10),0.0,0.0
AHQYK3VUY5JGNEMJMAPUHN7IF5RA,Random,0.0,0.0
AHQYK3VUY5JGNEMJMAPUHN7IF5RA,Popularity,0.0,0.0
AHQYK3VUY5JGNEMJMAPUHN7IF5RA,CF (ItemKNN),0.0,0.0
AHQYK3VUY5JGNEMJMAPUHN7IF5RA,Content (Avg Emb),0.0,0.0
AHQYK3VUY5JGNEMJMAPUHN7IF5RA,Last-Item,0.0,0.0
AHQYK3VUY5JGNEMJMAPUHN7IF5RA,Avg-Last-10,0.25,0.0
AHQYK3VUY5JGNEMJMAPUHN7IF5RA,Recency-Weighted,0.25,0.0
AHQYK3VUY5JGNEMJMAPUHN7IF5RA,Essence (K=10),0.25,0.0
AHQYYFCS3OWHAFLYWJPCM5I6GDZQ,Random,0.0,0.0
AHQYYFCS3OWHAFLYWJPCM5I6GDZQ,Popularity,0.0,0.0
AHQYYFCS3OWHAFLYWJPCM5I6GDZQ,CF (ItemKNN),0.2,0.0
AHQYYFCS3OWHAFLYWJPCM5I6GDZQ,Content (Avg Emb),0.0,0.0
AHQYYFCS3OWHAFLYWJPCM5I6GDZQ,Last-Item,0.0,0.0
AHQYYFCS3OWHAFLYWJPCM5I6GDZQ,Avg-Last-10,0.0,0.0
AHQYYFCS3OWHAFLYWJPCM5I6GDZQ,Recency-Weighted,0.0,0.0
AHQYYFCS3OWHAFLYWJPCM5I6GDZQ,Essence (K=10),0.0,0.0
AHR2V25IM6NUGZFYQCW54OYQYFHA,Random,0.0,0.0
AHR2V25IM6NUGZFYQCW54OYQYFHA,Popularity,0.0,0.0
AHR2V25IM6NUGZFYQCW54OYQYFHA,CF (ItemKNN),0.0,0.0
AHR2V25IM6NUGZFYQCW54OYQYFHA,Content (Avg Emb),0.0,0.0
AHR2V25IM6NUGZFYQCW54OYQYFHA,Last-Item,0.0,0.0
AHR2V25IM6NUGZFYQCW54OYQYFHA,Avg-Last-10,0.0,0.0
AHR2V25IM6NUGZFYQCW54OYQYFHA,Recency-Weighted,0.0,0.0
AHR2V25IM6NUGZFYQCW54OYQYFHA,Essence (K=10),0.0,0.0
AHR7QDRVSY4OPBD6WQXOLO6PZZVA,Random,0.0,0.0
AHR7QDRVSY4OPBD6WQXOLO6PZZVA,Popularity,0.0,0.0
AHR7QDRVSY4OPBD6WQXOLO6PZZVA,CF (ItemKNN),0.0,0.0
AHR7QDRVSY4OPBD6WQXOLO6PZZVA,Content (Avg Emb),0.0,0.0
AHR7QDRVSY4OPBD6WQXOLO6PZZVA,Last-Item,0.0,0.0
AHR7QDRVSY4OPBD6WQXOLO6PZZVA,Avg-Last-10,0.0,0.0
AHR7QDRVSY4OPBD6WQXOLO6PZZVA,Recency-Weighted,0.0,0.0
AHR7QDRVSY4OPBD6WQXOLO6PZZVA,Essence (K=10),0.0,0.0
AHRBIMPQJKXWKEW6ACMJQK6OV72Q,Random,0.0,
AHRBIMPQJKXWKEW6ACMJQK6OV72Q,Popularity,0.0,
AHRBIMPQJKXWKEW6ACMJQK6OV72Q,CF (ItemKNN),0.0,
AHRBIMPQJKXWKEW6ACMJQK6OV72Q,Content (Avg Emb),0.0,
AHRBIMPQJKXWKEW6ACMJQK6OV72Q,Last-Item,0.0,
AHRBIMPQJKXWKEW6ACMJQK6OV72Q,Avg-Last-10,0.0,
AHRBIMPQJKXWKEW6ACMJQK6OV72Q,Recency-Weighted,0.0,
AHRBIMPQJKXWKEW6ACMJQK6OV72Q,Essence (K=10),0.0,
AHRBIPJVNRUVYNRDOJMCKRLR6RRA,Random,0.0,
AHRBIPJVNRUVYNRDOJMCKRLR6RRA,Popularity,0.0,
AHRBIPJVNRUVYNRDOJMCKRLR6RRA,CF (ItemKNN),0.0,
AHRBIPJVNRUVYNRDOJMCKRLR6RRA,Content (Avg Emb),0.0,
AHRBIPJVNRUVYNRDOJMCKRLR6RRA,Last-Item,0.0,
AHRBIPJVNRUVYNRDOJMCKRLR6RRA,Avg-Last-10,0.0,
AHRBIPJVNRUVYNRDOJMCKRLR6RRA,Recency-Weighted,0.0,
AHRBIPJVNRUVYNRDOJMCKRLR6RRA,Essence (K=10),0.0,
AHRDHSVAQ33HUBQ4SI3GOOTEQIQA,Random,0.0,
AHRDHSVAQ33HUBQ4SI3GOOTEQIQA,Popularity,0.0,
AHRDHSVAQ33HUBQ4SI3GOOTEQIQA,CF (ItemKNN),0.0,
AHRDHSVAQ33HUBQ4SI3GOOTEQIQA,Content (Avg Emb),0.0,
AHRDHSVAQ33HUBQ4SI3GOOTEQIQA,Last-Item,0.2,
AHRDHSVAQ33HUBQ4SI3GOOTEQIQA,Avg-Last-10,0.0,
AHRDHSVAQ33HUBQ4SI3GOOTEQIQA,Recency-Weighted,0.0,
AHRDHSVAQ33HUBQ4SI3GOOTEQIQA,Essence (K=10),0.0,
AHRL34P32WESSNH2KYDXYBNJ3NSQ,Random,0.0,0.0
AHRL34P32WESSNH2KYDXYBNJ3NSQ,Popularity,0.0,0.0
AHRL34P32WESSNH2KYDXYBNJ3NSQ,CF (ItemKNN),0.0,0.0
AHRL34P32WESSNH2KYDXYBNJ3NSQ,Content (Avg Emb),0.0,0.0
AHRL34P32WESSNH2KYDXYBNJ3NSQ,Last-Item,0.0,0.0
AHRL34P32WESSNH2KYDXYBNJ3NSQ,Avg-Last-10,0.0,0.0
AHRL34P32WESSNH2KYDXYBNJ3NSQ,Recency-Weighted,0.0,0.0
AHRL34P32WESSNH2KYDXYBNJ3NSQ,Essence (K=10),0.0,0.0
AHRLHQP2TG5YFFHDFNM7CG2QUPGA,Random,0.0,0.0
AHRLHQP2TG5YFFHDFNM7CG2QUPGA,Popularity,0.0,0.0
AHRLHQP2TG5YFFHDFNM7CG2QUPGA,CF (ItemKNN),0.0,0.0
AHRLHQP2TG5YFFHDFNM7CG2QUPGA,Content (Avg Emb),0.0,0.0
AHRLHQP2TG5YFFHDFNM7CG2QUPGA,Last-Item,0.0,0.0
AHRLHQP2TG5YFFHDFNM7CG2QUPGA,Avg-Last-10,0.0,0.0
AHRLHQP2TG5YFFHDFNM7CG2QUPGA,Recency-Weighted,0.0,0.0
AHRLHQP2TG5YFFHDFNM7CG2QUPGA,Essence (K=10),0.0,0.0
AHRLT6MQMYCE63FCW4BBYJCZWETQ,Random,0.0,0.0
AHRLT6MQMYCE63FCW4BBYJCZWETQ,Popularity,0.0,0.0
AHRLT6MQMYCE63FCW4BBYJCZWETQ,CF (ItemKNN),0.0,0.0
AHRLT6MQMYCE63FCW4BBYJCZWETQ,Content (Avg Emb),0.0,0.0
AHRLT6MQMYCE63FCW4BBYJCZWETQ,Last-Item,0.0,0.0
AHRLT6MQMYCE63FCW4BBYJCZWETQ,Avg-Last-10,0.25,1.0
AHRLT6MQMYCE63FCW4BBYJCZWETQ,Recency-Weighted,0.25,1.0
AHRLT6MQMYCE63FCW4BBYJCZWETQ,Essence (K=10),0.0,0.0
AHRMYCOKXVGSQ4JVQYU5VUYJZS3A,Random,0.0,0.0
AHRMYCOKXVGSQ4JVQYU5VUYJZS3A,Popularity,0.0,0.0
AHRMYCOKXVGSQ4JVQYU5VUYJZS3A,CF (ItemKNN),0.0,0.0
AHRMYCOKXVGSQ4JVQYU5VUYJZS3A,Content (Avg Emb),0.0,0.0
AHRMYCOKXVGSQ4JVQYU5VUYJZS3A,Last-Item,0.0,0.0
AHRMYCOKXVGSQ4JVQYU5VUYJZS3A,Avg-Last-10,0.0,0.0
AHRMYCOKXVGSQ4JVQYU5VUYJZS3A,Recency-Weighted,0.0,0.0
AHRMYCOKXVGSQ4JVQYU5VUYJZS3A,Essence (K=10),0.043478260869565216,0.0
AHRP6EMLMRTV5UERWWZ3PSAP3MSA,Random,0.0,0.0
AHRP6EMLMRTV5UERWWZ3PSAP3MSA,Popularity,0.0,0.0
AHRP6EMLMRTV5UERWWZ3PSAP3MSA,CF (ItemKNN),0.0,0.0
AHRP6EMLMRTV5UERWWZ3PSAP3MSA,Content (Avg Emb),0.0,0.0
AHRP6EMLMRTV5UERWWZ3PSAP3MSA,Last-Item,0.0,0.0
AHRP6EMLMRTV5UERWWZ3PSAP3MSA,Avg-Last-10,0.0,0.0
AHRP6EMLMRTV5UERWWZ3PSAP3MSA,Recency-Weighted,0.0,0.0
AHRP6EMLMRTV5UERWWZ3PSAP3MSA,Essence (K=10),0.0,0.0
AHRPWFHYWTDOPERET7TYO4PMMY7A,Random,0.0,
AHRPWFHYWTDOPERET7TYO4PMMY7A,Popularity,0.0,
AHRPWFHYWTDOPERET7TYO4PMMY7A,CF (ItemKNN),0.0,
AHRPWFHYWTDOPERET7TYO4PMMY7A,Content (Avg Emb),0.0,
AHRPWFHYWTDOPERET7TYO4PMMY7A,Last-Item,0.0,
AHRPWFHYWTDOPERET7TYO4PMMY7A,Avg-Last-10,0.0,
AHRPWFHYWTDOPERET7TYO4PMMY7A,Recency-Weighted,0.0,
AHRPWFHYWTDOPERET7TYO4PMMY7A,Essence (K=10),0.0,
AHRRIVUUF3UYDO7ENH3H55NQ3NAQ,Random,0.0,
AHRRIVUUF3UYDO7ENH3H55NQ3NAQ,Popularity,0.0,
AHRRIVUUF3UYDO7ENH3H55NQ3NAQ,CF (ItemKNN),0.0,
AHRRIVUUF3UYDO7ENH3H55NQ3NAQ,Content (Avg Emb),0.0,
AHRRIVUUF3UYDO7ENH3H55NQ3NAQ,Last-Item,0.0,
AHRRIVUUF3UYDO7ENH3H55NQ3NAQ,Avg-Last-10,0.0,
AHRRIVUUF3UYDO7ENH3H55NQ3NAQ,Recency-Weighted,0.0,
AHRRIVUUF3UYDO7ENH3H55NQ3NAQ,Essence (K=10),0.0,
AHRRTEDWZW6VPUHUCUHNSEQ3AFPQ,Random,0.0,0.0
AHRRTEDWZW6VPUHUCUHNSEQ3AFPQ,Popularity,0.0,0.0
AHRRTEDWZW6VPUHUCUHNSEQ3AFPQ,CF (ItemKNN),0.0,0.0
AHRRTEDWZW6VPUHUCUHNSEQ3AFPQ,Content (Avg Emb),0.0,0.0
AHRRTEDWZW6VPUHUCUHNSEQ3AFPQ,Last-Item,0.0,0.0
AHRRTEDWZW6VPUHUCUHNSEQ3AFPQ,Avg-Last-10,0.0,0.0
AHRRTEDWZW6VPUHUCUHNSEQ3AFPQ,Recency-Weighted,0.0,0.0
AHRRTEDWZW6VPUHUCUHNSEQ3AFPQ,Essence (K=10),0.0,0.0
AHRT7PQWZIVWFKFQDEEINKCJXOVQ,Random,0.0,0.0
AHRT7PQWZIVWFKFQDEEINKCJXOVQ,Popularity,0.0,0.0
AHRT7PQWZIVWFKFQDEEINKCJXOVQ,CF (ItemKNN),0.0,0.0
AHRT7PQWZIVWFKFQDEEINKCJXOVQ,Content (Avg Emb),0.0,0.0
AHRT7PQWZIVWFKFQDEEINKCJXOVQ,Last-Item,0.13043478260869565,0.0
AHRT7PQWZIVWFKFQDEEINKCJXOVQ,Avg-Last-10,0.08695652173913043,0.0
AHRT7PQWZIVWFKFQDEEINKCJXOVQ,Recency-Weighted,0.13043478260869565,0.0
AHRT7PQWZIVWFKFQDEEINKCJXOVQ,Essence (K=10),0.0,0.0
AHRTWBTQ3L2FJKRBIW6A7U3K5HOA,Random,0.0,
AHRTWBTQ3L2FJKRBIW6A7U3K5HOA,Popularity,0.0,
AHRTWBTQ3L2FJKRBIW6A7U3K5HOA,CF (ItemKNN),0.0,
AHRTWBTQ3L2FJKRBIW6A7U3K5HOA,Content (Avg Emb),0.25,
AHRTWBTQ3L2FJKRBIW6A7U3K5HOA,Last-Item,0.0,
AHRTWBTQ3L2FJKRBIW6A7U3K5HOA,Avg-Last-10,0.25,
AHRTWBTQ3L2FJKRBIW6A7U3K5HOA,Recency-Weighted,0.25,
AHRTWBTQ3L2FJKRBIW6A7U3K5HOA,Essence (K=10),0.25,
AHRXNFN7NH5PSHZGH6ZJSSRF67QA,Random,0.0,0.0
AHRXNFN7NH5PSHZGH6ZJSSRF67QA,Popularity,0.0,0.0
AHRXNFN7NH5PSHZGH6ZJSSRF67QA,CF (ItemKNN),0.0,0.0
AHRXNFN7NH5PSHZGH6ZJSSRF67QA,Content (Avg Emb),0.0,0.0
AHRXNFN7NH5PSHZGH6ZJSSRF67QA,Last-Item,0.0,0.0
AHRXNFN7NH5PSHZGH6ZJSSRF67QA,Avg-Last-10,0.0,0.0
AHRXNFN7NH5PSHZGH6ZJSSRF67QA,Recency-Weighted,0.0,0.0
AHRXNFN7NH5PSHZGH6ZJSSRF67QA,Essence (K=10),0.0,0.0
AHRXS6UV2LA2GVHYE72J6YJDOF3A,Random,0.0,0.0
AHRXS6UV2LA2GVHYE72J6YJDOF3A,Popularity,0.0,0.0
AHRXS6UV2LA2GVHYE72J6YJDOF3A,CF (ItemKNN),0.0,0.0
AHRXS6UV2LA2GVHYE72J6YJDOF3A,Content (Avg Emb),0.0,0.0
AHRXS6UV2LA2GVHYE72J6YJDOF3A,Last-Item,0.0,0.0
AHRXS6UV2LA2GVHYE72J6YJDOF3A,Avg-Last-10,0.0,0.0
AHRXS6UV2LA2GVHYE72J6YJDOF3A,Recency-Weighted,0.0,0.0
AHRXS6UV2LA2GVHYE72J6YJDOF3A,Essence (K=10),0.0,0.0
AHRYJRPN7XNUXRUJFRCMCX5Q6DHA,Random,0.0,0.0
AHRYJRPN7XNUXRUJFRCMCX5Q6DHA,Popularity,0.0,0.0
AHRYJRPN7XNUXRUJFRCMCX5Q6DHA,CF (ItemKNN),0.0,0.0
AHRYJRPN7XNUXRUJFRCMCX5Q6DHA,Content (Avg Emb),0.0,0.0
AHRYJRPN7XNUXRUJFRCMCX5Q6DHA,Last-Item,0.0,0.0
AHRYJRPN7XNUXRUJFRCMCX5Q6DHA,Avg-Last-10,0.0,0.0
AHRYJRPN7XNUXRUJFRCMCX5Q6DHA,Recency-Weighted,0.0,0.0
AHRYJRPN7XNUXRUJFRCMCX5Q6DHA,Essence (K=10),0.0,0.0
AHS63Y3NRBP3CFNGYWSP6MUJ72AA,Random,0.0,0.0
AHS63Y3NRBP3CFNGYWSP6MUJ72AA,Popularity,0.0,0.0
AHS63Y3NRBP3CFNGYWSP6MUJ72AA,CF (ItemKNN),0.0,0.0
AHS63Y3NRBP3CFNGYWSP6MUJ72AA,Content (Avg Emb),0.0,0.0
AHS63Y3NRBP3CFNGYWSP6MUJ72AA,Last-Item,0.0,0.0
AHS63Y3NRBP3CFNGYWSP6MUJ72AA,Avg-Last-10,0.0,0.0
AHS63Y3NRBP3CFNGYWSP6MUJ72AA,Recency-Weighted,0.0,0.0
AHS63Y3NRBP3CFNGYWSP6MUJ72AA,Essence (K=10),0.0,0.0
AHS7KKQQLMWNBKL5OS2BRAIESFIQ,Random,0.0,0.0
AHS7KKQQLMWNBKL5OS2BRAIESFIQ,Popularity,0.0,0.0
AHS7KKQQLMWNBKL5OS2BRAIESFIQ,CF (ItemKNN),0.0,0.0
AHS7KKQQLMWNBKL5OS2BRAIESFIQ,Content (Avg Emb),0.0,0.0
AHS7KKQQLMWNBKL5OS2BRAIESFIQ,Last-Item,0.0,0.0
AHS7KKQQLMWNBKL5OS2BRAIESFIQ,Avg-Last-10,0.0,0.0
AHS7KKQQLMWNBKL5OS2BRAIESFIQ,Recency-Weighted,0.0,0.0
AHS7KKQQLMWNBKL5OS2BRAIESFIQ,Essence (K=10),0.0,0.0
AHSAKXFY5D5A2I56H7MHJUGFNP5Q,Random,0.0,0.0
AHSAKXFY5D5A2I56H7MHJUGFNP5Q,Popularity,0.0,0.0
AHSAKXFY5D5A2I56H7MHJUGFNP5Q,CF (ItemKNN),0.0,0.0
AHSAKXFY5D5A2I56H7MHJUGFNP5Q,Content (Avg Emb),0.0,0.0
AHSAKXFY5D5A2I56H7MHJUGFNP5Q,Last-Item,0.5,0.0
AHSAKXFY5D5A2I56H7MHJUGFNP5Q,Avg-Last-10,0.25,0.0
AHSAKXFY5D5A2I56H7MHJUGFNP5Q,Recency-Weighted,0.5,0.0
AHSAKXFY5D5A2I56H7MHJUGFNP5Q,Essence (K=10),0.5,0.0
AHSBTA5WJW7EQG2HFPLSKDESD2IQ,Random,0.0,
AHSBTA5WJW7EQG2HFPLSKDESD2IQ,Popularity,0.0,
AHSBTA5WJW7EQG2HFPLSKDESD2IQ,CF (ItemKNN),0.0,
AHSBTA5WJW7EQG2HFPLSKDESD2IQ,Content (Avg Emb),0.0,
AHSBTA5WJW7EQG2HFPLSKDESD2IQ,Last-Item,0.0,
AHSBTA5WJW7EQG2HFPLSKDESD2IQ,Avg-Last-10,0.0,
AHSBTA5WJW7EQG2HFPLSKDESD2IQ,Recency-Weighted,0.0,
AHSBTA5WJW7EQG2HFPLSKDESD2IQ,Essence (K=10),0.0,
AHSLHYUXUZ4BUGGS7LPYD6FMK4NA,Random,0.0,0.0
AHSLHYUXUZ4BUGGS7LPYD6FMK4NA,Popularity,0.0,0.0
AHSLHYUXUZ4BUGGS7LPYD6FMK4NA,CF (ItemKNN),0.0,0.0
AHSLHYUXUZ4BUGGS7LPYD6FMK4NA,Content (Avg Emb),0.0,0.0
AHSLHYUXUZ4BUGGS7LPYD6FMK4NA,Last-Item,0.0,0.0
AHSLHYUXUZ4BUGGS7LPYD6FMK4NA,Avg-Last-10,0.0,0.0
AHSLHYUXUZ4BUGGS7LPYD6FMK4NA,Recency-Weighted,0.0,0.0
AHSLHYUXUZ4BUGGS7LPYD6FMK4NA,Essence (K=10),0.0,0.0
AHSQC5U3NXE3AQVY46CKWE554VAQ,Random,0.0,
AHSQC5U3NXE3AQVY46CKWE554VAQ,Popularity,0.0,
AHSQC5U3NXE3AQVY46CKWE554VAQ,CF (ItemKNN),0.0,
AHSQC5U3NXE3AQVY46CKWE554VAQ,Content (Avg Emb),0.0,
AHSQC5U3NXE3AQVY46CKWE554VAQ,Last-Item,0.0,
AHSQC5U3NXE3AQVY46CKWE554VAQ,Avg-Last-10,0.2857142857142857,
AHSQC5U3NXE3AQVY46CKWE554VAQ,Recency-Weighted,0.14285714285714285,
AHSQC5U3NXE3AQVY46CKWE554VAQ,Essence (K=10),0.14285714285714285,
AHSQOGBSGZQQV23KS5F46K3YYBRA,Random,0.0,0.0
AHSQOGBSGZQQV23KS5F46K3YYBRA,Popularity,0.0,0.0
AHSQOGBSGZQQV23KS5F46K3YYBRA,CF (ItemKNN),0.0,0.0
AHSQOGBSGZQQV23KS5F46K3YYBRA,Content (Avg Emb),0.0,0.0
AHSQOGBSGZQQV23KS5F46K3YYBRA,Last-Item,0.0,0.0
AHSQOGBSGZQQV23KS5F46K3YYBRA,Avg-Last-10,0.0,0.0
AHSQOGBSGZQQV23KS5F46K3YYBRA,Recency-Weighted,0.0,0.0
AHSQOGBSGZQQV23KS5F46K3YYBRA,Essence (K=10),0.0,0.0
AHSTKTDS54RWAOA5ESEPUHTV3Y2A,Random,0.0,
AHSTKTDS54RWAOA5ESEPUHTV3Y2A,Popularity,0.0,
AHSTKTDS54RWAOA5ESEPUHTV3Y2A,CF (ItemKNN),0.0,
AHSTKTDS54RWAOA5ESEPUHTV3Y2A,Content (Avg Emb),0.5,
AHSTKTDS54RWAOA5ESEPUHTV3Y2A,Last-Item,0.0,
AHSTKTDS54RWAOA5ESEPUHTV3Y2A,Avg-Last-10,0.5,
AHSTKTDS54RWAOA5ESEPUHTV3Y2A,Recency-Weighted,0.5,
AHSTKTDS54RWAOA5ESEPUHTV3Y2A,Essence (K=10),0.5,
AHSUPLYAYHBB6GRIMVP5DSWLQDWQ,Random,0.0,0.0
AHSUPLYAYHBB6GRIMVP5DSWLQDWQ,Popularity,0.0,0.0
AHSUPLYAYHBB6GRIMVP5DSWLQDWQ,CF (ItemKNN),0.0,0.0
AHSUPLYAYHBB6GRIMVP5DSWLQDWQ,Content (Avg Emb),0.0,0.0
AHSUPLYAYHBB6GRIMVP5DSWLQDWQ,Last-Item,0.0,0.0
AHSUPLYAYHBB6GRIMVP5DSWLQDWQ,Avg-Last-10,0.0,0.0
AHSUPLYAYHBB6GRIMVP5DSWLQDWQ,Recency-Weighted,0.0,0.0
AHSUPLYAYHBB6GRIMVP5DSWLQDWQ,Essence (K=10),0.0,0.0
AHSXHF5UB2GOOIR3GFPTRCXDSPAA,Random,0.0,0.0
AHSXHF5UB2GOOIR3GFPTRCXDSPAA,Popularity,0.0,0.0
AHSXHF5UB2GOOIR3GFPTRCXDSPAA,CF (ItemKNN),0.0,0.0
AHSXHF5UB2GOOIR3GFPTRCXDSPAA,Content (Avg Emb),0.0,0.0
AHSXHF5UB2GOOIR3GFPTRCXDSPAA,Last-Item,0.0,0.0
AHSXHF5UB2GOOIR3GFPTRCXDSPAA,Avg-Last-10,0.0,0.0
AHSXHF5UB2GOOIR3GFPTRCXDSPAA,Recency-Weighted,0.0,0.0
AHSXHF5UB2GOOIR3GFPTRCXDSPAA,Essence (K=10),0.0,0.0
AHSZGRFCTRSMPMMSOCQWHSO5B6PA,Random,0.0,0.0
AHSZGRFCTRSMPMMSOCQWHSO5B6PA,Popularity,0.0,0.0
AHSZGRFCTRSMPMMSOCQWHSO5B6PA,CF (ItemKNN),0.0,0.0
AHSZGRFCTRSMPMMSOCQWHSO5B6PA,Content (Avg Emb),0.0,0.0
AHSZGRFCTRSMPMMSOCQWHSO5B6PA,Last-Item,0.0,0.0
AHSZGRFCTRSMPMMSOCQWHSO5B6PA,Avg-Last-10,0.0,0.0
AHSZGRFCTRSMPMMSOCQWHSO5B6PA,Recency-Weighted,0.0,0.0
AHSZGRFCTRSMPMMSOCQWHSO5B6PA,Essence (K=10),0.0,0.0
AHSZKFYX5WZJCRAKIWU3GTK5CW2A,Random,0.0,0.0
AHSZKFYX5WZJCRAKIWU3GTK5CW2A,Popularity,0.0,0.0
AHSZKFYX5WZJCRAKIWU3GTK5CW2A,CF (ItemKNN),0.0,0.0
AHSZKFYX5WZJCRAKIWU3GTK5CW2A,Content (Avg Emb),0.0,0.0
AHSZKFYX5WZJCRAKIWU3GTK5CW2A,Last-Item,0.0,0.0
AHSZKFYX5WZJCRAKIWU3GTK5CW2A,Avg-Last-10,0.0,0.0
AHSZKFYX5WZJCRAKIWU3GTK5CW2A,Recency-Weighted,0.0,0.0
AHSZKFYX5WZJCRAKIWU3GTK5CW2A,Essence (K=10),0.0,0.0
AHT3BAWU4VT4VAK424WE7H7GVUVA,Random,0.0,0.0
AHT3BAWU4VT4VAK424WE7H7GVUVA,Popularity,0.0,0.0
AHT3BAWU4VT4VAK424WE7H7GVUVA,CF (ItemKNN),0.0,0.0
AHT3BAWU4VT4VAK424WE7H7GVUVA,Content (Avg Emb),0.0,0.0
AHT3BAWU4VT4VAK424WE7H7GVUVA,Last-Item,0.0,0.0
AHT3BAWU4VT4VAK424WE7H7GVUVA,Avg-Last-10,0.0,0.0
AHT3BAWU4VT4VAK424WE7H7GVUVA,Recency-Weighted,0.0,0.0
AHT3BAWU4VT4VAK424WE7H7GVUVA,Essence (K=10),0.0,0.0
AHT5MSWQBGTIHEYRDMHOU2FGEEMA,Random,0.0,
AHT5MSWQBGTIHEYRDMHOU2FGEEMA,Popularity,0.0,
AHT5MSWQBGTIHEYRDMHOU2FGEEMA,CF (ItemKNN),0.0,
AHT5MSWQBGTIHEYRDMHOU2FGEEMA,Content (Avg Emb),0.0,
AHT5MSWQBGTIHEYRDMHOU2FGEEMA,Last-Item,0.0,
AHT5MSWQBGTIHEYRDMHOU2FGEEMA,Avg-Last-10,0.0,
AHT5MSWQBGTIHEYRDMHOU2FGEEMA,Recency-Weighted,0.0,
AHT5MSWQBGTIHEYRDMHOU2FGEEMA,Essence (K=10),0.0,
AHTC6HPWKDAZLAECERD2WGAL73FQ,Random,0.0,
AHTC6HPWKDAZLAECERD2WGAL73FQ,Popularity,0.0,
AHTC6HPWKDAZLAECERD2WGAL73FQ,CF (ItemKNN),0.0,
AHTC6HPWKDAZLAECERD2WGAL73FQ,Content (Avg Emb),0.0,
AHTC6HPWKDAZLAECERD2WGAL73FQ,Last-Item,0.0,
AHTC6HPWKDAZLAECERD2WGAL73FQ,Avg-Last-10,0.0,
AHTC6HPWKDAZLAECERD2WGAL73FQ,Recency-Weighted,0.0,
AHTC6HPWKDAZLAECERD2WGAL73FQ,Essence (K=10),0.0,
AHTCWOGSUKCNIWSQUI45EZSKEXZA,Random,0.0,
AHTCWOGSUKCNIWSQUI45EZSKEXZA,Popularity,0.0,
AHTCWOGSUKCNIWSQUI45EZSKEXZA,CF (ItemKNN),0.0,
AHTCWOGSUKCNIWSQUI45EZSKEXZA,Content (Avg Emb),0.0,
AHTCWOGSUKCNIWSQUI45EZSKEXZA,Last-Item,0.0,
AHTCWOGSUKCNIWSQUI45EZSKEXZA,Avg-Last-10,0.0,
AHTCWOGSUKCNIWSQUI45EZSKEXZA,Recency-Weighted,0.0,
AHTCWOGSUKCNIWSQUI45EZSKEXZA,Essence (K=10),0.0,
AHTE2KAWSHMQNKARTAOY4TMA4ZUQ,Random,0.0,0.0
AHTE2KAWSHMQNKARTAOY4TMA4ZUQ,Popularity,0.0,0.0
AHTE2KAWSHMQNKARTAOY4TMA4ZUQ,CF (ItemKNN),0.0,0.0
AHTE2KAWSHMQNKARTAOY4TMA4ZUQ,Content (Avg Emb),0.0,0.0
AHTE2KAWSHMQNKARTAOY4TMA4ZUQ,Last-Item,0.09090909090909091,0.0
AHTE2KAWSHMQNKARTAOY4TMA4ZUQ,Avg-Last-10,0.0,0.0
AHTE2KAWSHMQNKARTAOY4TMA4ZUQ,Recency-Weighted,0.0,0.0
AHTE2KAWSHMQNKARTAOY4TMA4ZUQ,Essence (K=10),0.0,0.0
AHTEJIFUI6YGMTHDW544OM3WRHPQ,Random,0.0,
AHTEJIFUI6YGMTHDW544OM3WRHPQ,Popularity,0.0,
AHTEJIFUI6YGMTHDW544OM3WRHPQ,CF (ItemKNN),0.0,
AHTEJIFUI6YGMTHDW544OM3WRHPQ,Content (Avg Emb),0.0,
AHTEJIFUI6YGMTHDW544OM3WRHPQ,Last-Item,0.125,
AHTEJIFUI6YGMTHDW544OM3WRHPQ,Avg-Last-10,0.0,
AHTEJIFUI6YGMTHDW544OM3WRHPQ,Recency-Weighted,0.0,
AHTEJIFUI6YGMTHDW544OM3WRHPQ,Essence (K=10),0.0,
AHTFA4ASPZK2TI5UGDB4FQTRHCKA,Random,0.0,0.0
AHTFA4ASPZK2TI5UGDB4FQTRHCKA,Popularity,0.0,0.0
AHTFA4ASPZK2TI5UGDB4FQTRHCKA,CF (ItemKNN),0.0,0.0
AHTFA4ASPZK2TI5UGDB4FQTRHCKA,Content (Avg Emb),0.0,0.0
AHTFA4ASPZK2TI5UGDB4FQTRHCKA,Last-Item,0.0,0.0
AHTFA4ASPZK2TI5UGDB4FQTRHCKA,Avg-Last-10,0.0,0.0
AHTFA4ASPZK2TI5UGDB4FQTRHCKA,Recency-Weighted,0.0,0.0
AHTFA4ASPZK2TI5UGDB4FQTRHCKA,Essence (K=10),0.0,0.0
AHTFVHCNAPXR4QQV3XBX57GZO3PQ,Random,0.0,0.0
AHTFVHCNAPXR4QQV3XBX57GZO3PQ,Popularity,0.0,0.0
AHTFVHCNAPXR4QQV3XBX57GZO3PQ,CF (ItemKNN),0.0,0.0
AHTFVHCNAPXR4QQV3XBX57GZO3PQ,Content (Avg Emb),0.0,0.0
AHTFVHCNAPXR4QQV3XBX57GZO3PQ,Last-Item,0.0,0.0
AHTFVHCNAPXR4QQV3XBX57GZO3PQ,Avg-Last-10,0.0,0.0
AHTFVHCNAPXR4QQV3XBX57GZO3PQ,Recency-Weighted,0.0,0.0
AHTFVHCNAPXR4QQV3XBX57GZO3PQ,Essence (K=10),0.0,0.0
AHTH6ZVBISSFHN2CYZCCNWU2LBJQ,Random,0.0,0.0
AHTH6ZVBISSFHN2CYZCCNWU2LBJQ,Popularity,0.0,0.0
AHTH6ZVBISSFHN2CYZCCNWU2LBJQ,CF (ItemKNN),0.0,0.0
AHTH6ZVBISSFHN2CYZCCNWU2LBJQ,Content (Avg Emb),0.0,0.0
AHTH6ZVBISSFHN2CYZCCNWU2LBJQ,Last-Item,0.0,0.0
AHTH6ZVBISSFHN2CYZCCNWU2LBJQ,Avg-Last-10,0.0,0.0
AHTH6ZVBISSFHN2CYZCCNWU2LBJQ,Recency-Weighted,0.0,0.0
AHTH6ZVBISSFHN2CYZCCNWU2LBJQ,Essence (K=10),0.0,0.0
AHTHAAPTWZGGKGUR7Q3QSH73QC3A,Random,0.0,
AHTHAAPTWZGGKGUR7Q3QSH73QC3A,Popularity,0.0,
AHTHAAPTWZGGKGUR7Q3QSH73QC3A,CF (ItemKNN),0.0,
AHTHAAPTWZGGKGUR7Q3QSH73QC3A,Content (Avg Emb),0.0,
AHTHAAPTWZGGKGUR7Q3QSH73QC3A,Last-Item,0.0,
AHTHAAPTWZGGKGUR7Q3QSH73QC3A,Avg-Last-10,0.0,
AHTHAAPTWZGGKGUR7Q3QSH73QC3A,Recency-Weighted,0.0,
AHTHAAPTWZGGKGUR7Q3QSH73QC3A,Essence (K=10),0.0,
AHTJQVD7MG2GNZAEZMKOXXYSWHQQ,Random,0.0,0.0
AHTJQVD7MG2GNZAEZMKOXXYSWHQQ,Popularity,0.0,0.0
AHTJQVD7MG2GNZAEZMKOXXYSWHQQ,CF (ItemKNN),0.0,0.0
AHTJQVD7MG2GNZAEZMKOXXYSWHQQ,Content (Avg Emb),0.0,0.0
AHTJQVD7MG2GNZAEZMKOXXYSWHQQ,Last-Item,0.0,0.0
AHTJQVD7MG2GNZAEZMKOXXYSWHQQ,Avg-Last-10,0.0,0.0
AHTJQVD7MG2GNZAEZMKOXXYSWHQQ,Recency-Weighted,0.0,0.0
AHTJQVD7MG2GNZAEZMKOXXYSWHQQ,Essence (K=10),0.0,0.0
AHTKC6HE6LUVQ4K57KYKZT56ODDA,Random,0.0,0.0
AHTKC6HE6LUVQ4K57KYKZT56ODDA,Popularity,0.0,0.0
AHTKC6HE6LUVQ4K57KYKZT56ODDA,CF (ItemKNN),0.0,0.0
AHTKC6HE6LUVQ4K57KYKZT56ODDA,Content (Avg Emb),0.0,0.0
AHTKC6HE6LUVQ4K57KYKZT56ODDA,Last-Item,0.0,0.0
AHTKC6HE6LUVQ4K57KYKZT56ODDA,Avg-Last-10,0.0,0.0
AHTKC6HE6LUVQ4K57KYKZT56ODDA,Recency-Weighted,0.0,0.0
AHTKC6HE6LUVQ4K57KYKZT56ODDA,Essence (K=10),0.0,0.0
AHTLRF5ZAMPV7CVJ635GGYMVEZGA,Random,0.0,0.0
AHTLRF5ZAMPV7CVJ635GGYMVEZGA,Popularity,0.0,0.0
AHTLRF5ZAMPV7CVJ635GGYMVEZGA,CF (ItemKNN),0.0,0.0
AHTLRF5ZAMPV7CVJ635GGYMVEZGA,Content (Avg Emb),0.0,0.0
AHTLRF5ZAMPV7CVJ635GGYMVEZGA,Last-Item,0.0,0.0
AHTLRF5ZAMPV7CVJ635GGYMVEZGA,Avg-Last-10,0.0,0.0
AHTLRF5ZAMPV7CVJ635GGYMVEZGA,Recency-Weighted,0.0,0.0
AHTLRF5ZAMPV7CVJ635GGYMVEZGA,Essence (K=10),0.0,0.0
AHTM55HR4RRL7N4XPQAZFYLNY5BA,Random,0.0,0.0
AHTM55HR4RRL7N4XPQAZFYLNY5BA,Popularity,0.0,0.0
AHTM55HR4RRL7N4XPQAZFYLNY5BA,CF (ItemKNN),0.0,0.0
AHTM55HR4RRL7N4XPQAZFYLNY5BA,Content (Avg Emb),0.0,0.0
AHTM55HR4RRL7N4XPQAZFYLNY5BA,Last-Item,0.0,0.0
AHTM55HR4RRL7N4XPQAZFYLNY5BA,Avg-Last-10,0.0,0.0
AHTM55HR4RRL7N4XPQAZFYLNY5BA,Recency-Weighted,0.0,0.0
AHTM55HR4RRL7N4XPQAZFYLNY5BA,Essence (K=10),0.0,0.0
AHTNO3YZMAASQPIAMJ6TBQ4KD4TA,Random,0.0,
AHTNO3YZMAASQPIAMJ6TBQ4KD4TA,Popularity,0.0,
AHTNO3YZMAASQPIAMJ6TBQ4KD4TA,CF (ItemKNN),0.0,
AHTNO3YZMAASQPIAMJ6TBQ4KD4TA,Content (Avg Emb),0.0,
AHTNO3YZMAASQPIAMJ6TBQ4KD4TA,Last-Item,0.0,
AHTNO3YZMAASQPIAMJ6TBQ4KD4TA,Avg-Last-10,0.0,
AHTNO3YZMAASQPIAMJ6TBQ4KD4TA,Recency-Weighted,0.0,
AHTNO3YZMAASQPIAMJ6TBQ4KD4TA,Essence (K=10),0.0,
AHTO2OIK27U6WUMZ6USU5QECUXAQ,Random,0.0,0.0
AHTO2OIK27U6WUMZ6USU5QECUXAQ,Popularity,0.0,0.0
AHTO2OIK27U6WUMZ6USU5QECUXAQ,CF (ItemKNN),0.0,0.0
AHTO2OIK27U6WUMZ6USU5QECUXAQ,Content (Avg Emb),0.0,0.0
AHTO2OIK27U6WUMZ6USU5QECUXAQ,Last-Item,0.0,0.0
AHTO2OIK27U6WUMZ6USU5QECUXAQ,Avg-Last-10,0.0,0.0
AHTO2OIK27U6WUMZ6USU5QECUXAQ,Recency-Weighted,0.0,0.0
AHTO2OIK27U6WUMZ6USU5QECUXAQ,Essence (K=10),0.0,0.0
AHTSKF2NKHOWCPOVJFZZWJW6JUNQ,Random,0.0,0.0
AHTSKF2NKHOWCPOVJFZZWJW6JUNQ,Popularity,0.0,0.0
AHTSKF2NKHOWCPOVJFZZWJW6JUNQ,CF (ItemKNN),0.0,0.0
AHTSKF2NKHOWCPOVJFZZWJW6JUNQ,Content (Avg Emb),0.0,0.0
AHTSKF2NKHOWCPOVJFZZWJW6JUNQ,Last-Item,0.0,0.0
AHTSKF2NKHOWCPOVJFZZWJW6JUNQ,Avg-Last-10,0.0,0.0
AHTSKF2NKHOWCPOVJFZZWJW6JUNQ,Recency-Weighted,0.0,0.0
AHTSKF2NKHOWCPOVJFZZWJW6JUNQ,Essence (K=10),0.0,0.0
AHTUKIGN3UIGSM73RW56PKRWPGMA,Random,0.0,0.0
AHTUKIGN3UIGSM73RW56PKRWPGMA,Popularity,0.0,0.0
AHTUKIGN3UIGSM73RW56PKRWPGMA,CF (ItemKNN),0.0,0.0
AHTUKIGN3UIGSM73RW56PKRWPGMA,Content (Avg Emb),0.0,0.0
AHTUKIGN3UIGSM73RW56PKRWPGMA,Last-Item,0.125,0.0
AHTUKIGN3UIGSM73RW56PKRWPGMA,Avg-Last-10,0.0,0.0
AHTUKIGN3UIGSM73RW56PKRWPGMA,Recency-Weighted,0.0,0.0
AHTUKIGN3UIGSM73RW56PKRWPGMA,Essence (K=10),0.0,0.0
AHTURAWQ577CD6GNIFPLB5WZVHNQ,Random,0.0,0.0
AHTURAWQ577CD6GNIFPLB5WZVHNQ,Popularity,0.0,0.0
AHTURAWQ577CD6GNIFPLB5WZVHNQ,CF (ItemKNN),0.0,0.0
AHTURAWQ577CD6GNIFPLB5WZVHNQ,Content (Avg Emb),0.0,0.0
AHTURAWQ577CD6GNIFPLB5WZVHNQ,Last-Item,0.16666666666666666,0.0
AHTURAWQ577CD6GNIFPLB5WZVHNQ,Avg-Last-10,0.0,0.0
AHTURAWQ577CD6GNIFPLB5WZVHNQ,Recency-Weighted,0.0,0.0
AHTURAWQ577CD6GNIFPLB5WZVHNQ,Essence (K=10),0.0,0.0
AHTV64AJC6CP2EUPDOYLJKO264NA,Random,0.0,0.0
AHTV64AJC6CP2EUPDOYLJKO264NA,Popularity,0.0,0.0
AHTV64AJC6CP2EUPDOYLJKO264NA,CF (ItemKNN),0.0,0.0
AHTV64AJC6CP2EUPDOYLJKO264NA,Content (Avg Emb),0.0,0.0
AHTV64AJC6CP2EUPDOYLJKO264NA,Last-Item,0.0,0.0
AHTV64AJC6CP2EUPDOYLJKO264NA,Avg-Last-10,0.0,0.0
AHTV64AJC6CP2EUPDOYLJKO264NA,Recency-Weighted,0.0,0.0
AHTV64AJC6CP2EUPDOYLJKO264NA,Essence (K=10),0.0,0.0
AHTWDUGG3LSSBO67TKZI4BRN37QA,Random,0.0,0.0
AHTWDUGG3LSSBO67TKZI4BRN37QA,Popularity,0.0,0.0
AHTWDUGG3LSSBO67TKZI4BRN37QA,CF (ItemKNN),0.0,0.0
AHTWDUGG3LSSBO67TKZI4BRN37QA,Content (Avg Emb),0.0,0.0
AHTWDUGG3LSSBO67TKZI4BRN37QA,Last-Item,0.0,0.0
AHTWDUGG3LSSBO67TKZI4BRN37QA,Avg-Last-10,0.0,0.0
AHTWDUGG3LSSBO67TKZI4BRN37QA,Recency-Weighted,0.0,0.0
AHTWDUGG3LSSBO67TKZI4BRN37QA,Essence (K=10),0.0,0.0
AHU5GJTNV6YJ5YL2XRZTZHYWAJYQ,Random,0.0,0.0
AHU5GJTNV6YJ5YL2XRZTZHYWAJYQ,Popularity,0.0,0.0
AHU5GJTNV6YJ5YL2XRZTZHYWAJYQ,CF (ItemKNN),0.2222222222222222,0.0
AHU5GJTNV6YJ5YL2XRZTZHYWAJYQ,Content (Avg Emb),0.0,0.0
AHU5GJTNV6YJ5YL2XRZTZHYWAJYQ,Last-Item,0.0,0.0
AHU5GJTNV6YJ5YL2XRZTZHYWAJYQ,Avg-Last-10,0.0,0.0
AHU5GJTNV6YJ5YL2XRZTZHYWAJYQ,Recency-Weighted,0.0,0.0
AHU5GJTNV6YJ5YL2XRZTZHYWAJYQ,Essence (K=10),0.0,0.0
AHUARC4SOYQZXL4G4OEPNO62VWNA,Random,0.0,0.0
AHUARC4SOYQZXL4G4OEPNO62VWNA,Popularity,0.0,0.0
AHUARC4SOYQZXL4G4OEPNO62VWNA,CF (ItemKNN),0.0,0.0
AHUARC4SOYQZXL4G4OEPNO62VWNA,Content (Avg Emb),0.0,0.0
AHUARC4SOYQZXL4G4OEPNO62VWNA,Last-Item,0.0,0.0
AHUARC4SOYQZXL4G4OEPNO62VWNA,Avg-Last-10,0.0,0.0
AHUARC4SOYQZXL4G4OEPNO62VWNA,Recency-Weighted,0.0,0.0
AHUARC4SOYQZXL4G4OEPNO62VWNA,Essence (K=10),0.0,0.0
AHUC7EN3Z4Q5HIG25KADZ6VG2Z3Q,Random,0.0,
AHUC7EN3Z4Q5HIG25KADZ6VG2Z3Q,Popularity,0.0,
AHUC7EN3Z4Q5HIG25KADZ6VG2Z3Q,CF (ItemKNN),0.0,
AHUC7EN3Z4Q5HIG25KADZ6VG2Z3Q,Content (Avg Emb),0.0,
AHUC7EN3Z4Q5HIG25KADZ6VG2Z3Q,Last-Item,0.0,
AHUC7EN3Z4Q5HIG25KADZ6VG2Z3Q,Avg-Last-10,0.0,
AHUC7EN3Z4Q5HIG25KADZ6VG2Z3Q,Recency-Weighted,0.0,
AHUC7EN3Z4Q5HIG25KADZ6VG2Z3Q,Essence (K=10),0.0,
AHUDIVRNIQXQGXY3ZJRQAQOMHDJA,Random,0.0,0.0
AHUDIVRNIQXQGXY3ZJRQAQOMHDJA,Popularity,0.0,0.0
AHUDIVRNIQXQGXY3ZJRQAQOMHDJA,CF (ItemKNN),0.0,0.0
AHUDIVRNIQXQGXY3ZJRQAQOMHDJA,Content (Avg Emb),0.0,0.0
AHUDIVRNIQXQGXY3ZJRQAQOMHDJA,Last-Item,0.14285714285714285,0.0
AHUDIVRNIQXQGXY3ZJRQAQOMHDJA,Avg-Last-10,0.0,0.0
AHUDIVRNIQXQGXY3ZJRQAQOMHDJA,Recency-Weighted,0.0,0.0
AHUDIVRNIQXQGXY3ZJRQAQOMHDJA,Essence (K=10),0.0,0.0
AHUDJI3W7RBFRR5LEVMKTASW7WRA,Random,0.0,
AHUDJI3W7RBFRR5LEVMKTASW7WRA,Popularity,0.0,
AHUDJI3W7RBFRR5LEVMKTASW7WRA,CF (ItemKNN),0.0,
AHUDJI3W7RBFRR5LEVMKTASW7WRA,Content (Avg Emb),0.0,
AHUDJI3W7RBFRR5LEVMKTASW7WRA,Last-Item,0.0,
AHUDJI3W7RBFRR5LEVMKTASW7WRA,Avg-Last-10,0.0,
AHUDJI3W7RBFRR5LEVMKTASW7WRA,Recency-Weighted,0.0,
AHUDJI3W7RBFRR5LEVMKTASW7WRA,Essence (K=10),0.0,
AHUEH2UZVGPNWWCEN3YSBCI2Q3OQ,Random,0.0,0.0
AHUEH2UZVGPNWWCEN3YSBCI2Q3OQ,Popularity,0.0,0.0
AHUEH2UZVGPNWWCEN3YSBCI2Q3OQ,CF (ItemKNN),0.0,0.0
AHUEH2UZVGPNWWCEN3YSBCI2Q3OQ,Content (Avg Emb),0.0,0.0
AHUEH2UZVGPNWWCEN3YSBCI2Q3OQ,Last-Item,0.0,0.0
AHUEH2UZVGPNWWCEN3YSBCI2Q3OQ,Avg-Last-10,0.0,0.0
AHUEH2UZVGPNWWCEN3YSBCI2Q3OQ,Recency-Weighted,0.0,0.0
AHUEH2UZVGPNWWCEN3YSBCI2Q3OQ,Essence (K=10),0.0,0.0
AHUFL4JC42AMUZ3IFYTPYTACYHRA,Random,0.0,0.0
AHUFL4JC42AMUZ3IFYTPYTACYHRA,Popularity,0.0,0.0
AHUFL4JC42AMUZ3IFYTPYTACYHRA,CF (ItemKNN),0.0,0.0
AHUFL4JC42AMUZ3IFYTPYTACYHRA,Content (Avg Emb),0.0,0.0
AHUFL4JC42AMUZ3IFYTPYTACYHRA,Last-Item,0.0,0.0
AHUFL4JC42AMUZ3IFYTPYTACYHRA,Avg-Last-10,0.0,0.0
AHUFL4JC42AMUZ3IFYTPYTACYHRA,Recency-Weighted,0.0,0.0
AHUFL4JC42AMUZ3IFYTPYTACYHRA,Essence (K=10),0.0,0.0
AHUFQMXOCVT7H7C4ICHWMKDKXFYQ,Random,0.0,0.0
AHUFQMXOCVT7H7C4ICHWMKDKXFYQ,Popularity,0.0,0.0
AHUFQMXOCVT7H7C4ICHWMKDKXFYQ,CF (ItemKNN),0.0,0.0
AHUFQMXOCVT7H7C4ICHWMKDKXFYQ,Content (Avg Emb),0.0,0.0
AHUFQMXOCVT7H7C4ICHWMKDKXFYQ,Last-Item,0.0,0.0
AHUFQMXOCVT7H7C4ICHWMKDKXFYQ,Avg-Last-10,0.0,0.0
AHUFQMXOCVT7H7C4ICHWMKDKXFYQ,Recency-Weighted,0.0,0.0
AHUFQMXOCVT7H7C4ICHWMKDKXFYQ,Essence (K=10),0.0,0.0
AHUI7GUMGXX4D7P3P2CF2MCW657Q,Random,0.0,0.0
AHUI7GUMGXX4D7P3P2CF2MCW657Q,Popularity,0.0,0.0
AHUI7GUMGXX4D7P3P2CF2MCW657Q,CF (ItemKNN),0.0,0.0
AHUI7GUMGXX4D7P3P2CF2MCW657Q,Content (Avg Emb),0.0,0.0
AHUI7GUMGXX4D7P3P2CF2MCW657Q,Last-Item,0.0,0.0
AHUI7GUMGXX4D7P3P2CF2MCW657Q,Avg-Last-10,0.0,0.0
AHUI7GUMGXX4D7P3P2CF2MCW657Q,Recency-Weighted,0.0,0.0
AHUI7GUMGXX4D7P3P2CF2MCW657Q,Essence (K=10),0.0,0.0
AHUMQJSR3XLQVV76WRUYV3P5EVKA,Random,0.0,
AHUMQJSR3XLQVV76WRUYV3P5EVKA,Popularity,0.0,
AHUMQJSR3XLQVV76WRUYV3P5EVKA,CF (ItemKNN),0.0,
AHUMQJSR3XLQVV76WRUYV3P5EVKA,Content (Avg Emb),0.0,
AHUMQJSR3XLQVV76WRUYV3P5EVKA,Last-Item,0.0,
AHUMQJSR3XLQVV76WRUYV3P5EVKA,Avg-Last-10,0.0,
AHUMQJSR3XLQVV76WRUYV3P5EVKA,Recency-Weighted,0.0,
AHUMQJSR3XLQVV76WRUYV3P5EVKA,Essence (K=10),0.0,
AHUNRMX3RUTCKWXBMW52HBTRI6ZQ,Random,0.0,
AHUNRMX3RUTCKWXBMW52HBTRI6ZQ,Popularity,0.0,
AHUNRMX3RUTCKWXBMW52HBTRI6ZQ,CF (ItemKNN),0.0,
AHUNRMX3RUTCKWXBMW52HBTRI6ZQ,Content (Avg Emb),0.0,
AHUNRMX3RUTCKWXBMW52HBTRI6ZQ,Last-Item,0.0,
AHUNRMX3RUTCKWXBMW52HBTRI6ZQ,Avg-Last-10,0.0,
AHUNRMX3RUTCKWXBMW52HBTRI6ZQ,Recency-Weighted,0.0,
AHUNRMX3RUTCKWXBMW52HBTRI6ZQ,Essence (K=10),0.0,
AHUOTAXMABVPQTKJMSYMKPL6DC3A,Random,0.0,0.0
AHUOTAXMABVPQTKJMSYMKPL6DC3A,Popularity,0.0,0.0
AHUOTAXMABVPQTKJMSYMKPL6DC3A,CF (ItemKNN),0.0,0.0
AHUOTAXMABVPQTKJMSYMKPL6DC3A,Content (Avg Emb),0.0,0.0
AHUOTAXMABVPQTKJMSYMKPL6DC3A,Last-Item,0.0,0.0
AHUOTAXMABVPQTKJMSYMKPL6DC3A,Avg-Last-10,0.0,0.0
AHUOTAXMABVPQTKJMSYMKPL6DC3A,Recency-Weighted,0.0,0.0
AHUOTAXMABVPQTKJMSYMKPL6DC3A,Essence (K=10),0.0,0.0
AHUQTF3R2JYGMDVTM2J4GZ7RKZ2Q,Random,0.0,
AHUQTF3R2JYGMDVTM2J4GZ7RKZ2Q,Popularity,0.0,
AHUQTF3R2JYGMDVTM2J4GZ7RKZ2Q,CF (ItemKNN),0.0,
AHUQTF3R2JYGMDVTM2J4GZ7RKZ2Q,Content (Avg Emb),0.0,
AHUQTF3R2JYGMDVTM2J4GZ7RKZ2Q,Last-Item,0.0,
AHUQTF3R2JYGMDVTM2J4GZ7RKZ2Q,Avg-Last-10,0.0,
AHUQTF3R2JYGMDVTM2J4GZ7RKZ2Q,Recency-Weighted,0.0,
AHUQTF3R2JYGMDVTM2J4GZ7RKZ2Q,Essence (K=10),0.0,
AHUTN5EL5ZHO64PVWOAX6CHLIRAQ,Random,0.0,0.0
AHUTN5EL5ZHO64PVWOAX6CHLIRAQ,Popularity,0.0,0.0
AHUTN5EL5ZHO64PVWOAX6CHLIRAQ,CF (ItemKNN),0.0,0.0
AHUTN5EL5ZHO64PVWOAX6CHLIRAQ,Content (Avg Emb),0.0,0.0
AHUTN5EL5ZHO64PVWOAX6CHLIRAQ,Last-Item,0.0,0.0
AHUTN5EL5ZHO64PVWOAX6CHLIRAQ,Avg-Last-10,0.0,0.0
AHUTN5EL5ZHO64PVWOAX6CHLIRAQ,Recency-Weighted,0.0,0.0
AHUTN5EL5ZHO64PVWOAX6CHLIRAQ,Essence (K=10),0.0,0.0
AHUU6GNUCEEX4CLDXXAKSKCX3RYA,Random,0.0,
AHUU6GNUCEEX4CLDXXAKSKCX3RYA,Popularity,0.0,
AHUU6GNUCEEX4CLDXXAKSKCX3RYA,CF (ItemKNN),0.0,
AHUU6GNUCEEX4CLDXXAKSKCX3RYA,Content (Avg Emb),0.0,
AHUU6GNUCEEX4CLDXXAKSKCX3RYA,Last-Item,0.0,
AHUU6GNUCEEX4CLDXXAKSKCX3RYA,Avg-Last-10,0.0,
AHUU6GNUCEEX4CLDXXAKSKCX3RYA,Recency-Weighted,0.0,
AHUU6GNUCEEX4CLDXXAKSKCX3RYA,Essence (K=10),0.0,
AHUXIAAII3TZS4JHFKV7AKJ7C74A,Random,0.0,0.0
AHUXIAAII3TZS4JHFKV7AKJ7C74A,Popularity,0.0,0.0
AHUXIAAII3TZS4JHFKV7AKJ7C74A,CF (ItemKNN),0.0,0.0
AHUXIAAII3TZS4JHFKV7AKJ7C74A,Content (Avg Emb),0.0,0.0
AHUXIAAII3TZS4JHFKV7AKJ7C74A,Last-Item,0.0,0.0
AHUXIAAII3TZS4JHFKV7AKJ7C74A,Avg-Last-10,0.0,0.0
AHUXIAAII3TZS4JHFKV7AKJ7C74A,Recency-Weighted,0.0,0.0
AHUXIAAII3TZS4JHFKV7AKJ7C74A,Essence (K=10),0.0,0.0
AHUXNWNMXLPBLU6HRN53S26Y5SDQ,Random,0.0,
AHUXNWNMXLPBLU6HRN53S26Y5SDQ,Popularity,0.0,
AHUXNWNMXLPBLU6HRN53S26Y5SDQ,CF (ItemKNN),0.0,
AHUXNWNMXLPBLU6HRN53S26Y5SDQ,Content (Avg Emb),0.0,
AHUXNWNMXLPBLU6HRN53S26Y5SDQ,Last-Item,0.0,
AHUXNWNMXLPBLU6HRN53S26Y5SDQ,Avg-Last-10,0.0,
AHUXNWNMXLPBLU6HRN53S26Y5SDQ,Recency-Weighted,0.0,
AHUXNWNMXLPBLU6HRN53S26Y5SDQ,Essence (K=10),0.0,
AHUYF73EA637IB3FIIDFN3MFA4TQ,Random,0.0,0.0
AHUYF73EA637IB3FIIDFN3MFA4TQ,Popularity,0.0,0.0
AHUYF73EA637IB3FIIDFN3MFA4TQ,CF (ItemKNN),0.0,0.0
AHUYF73EA637IB3FIIDFN3MFA4TQ,Content (Avg Emb),0.0,0.0
AHUYF73EA637IB3FIIDFN3MFA4TQ,Last-Item,0.0,0.0
AHUYF73EA637IB3FIIDFN3MFA4TQ,Avg-Last-10,0.0,0.0
AHUYF73EA637IB3FIIDFN3MFA4TQ,Recency-Weighted,0.0,0.0
AHUYF73EA637IB3FIIDFN3MFA4TQ,Essence (K=10),0.0,0.0
AHUYGMZYSS77VUOTDQIMAHA6I6SA,Random,0.0,
AHUYGMZYSS77VUOTDQIMAHA6I6SA,Popularity,0.0,
AHUYGMZYSS77VUOTDQIMAHA6I6SA,CF (ItemKNN),0.0,
AHUYGMZYSS77VUOTDQIMAHA6I6SA,Content (Avg Emb),0.0,
AHUYGMZYSS77VUOTDQIMAHA6I6SA,Last-Item,0.0,
AHUYGMZYSS77VUOTDQIMAHA6I6SA,Avg-Last-10,0.0,
AHUYGMZYSS77VUOTDQIMAHA6I6SA,Recency-Weighted,0.0,
AHUYGMZYSS77VUOTDQIMAHA6I6SA,Essence (K=10),0.0,
AHV3QAX2TF4FG7FYZAPKBRRKBYCA,Random,0.0,0.0
AHV3QAX2TF4FG7FYZAPKBRRKBYCA,Popularity,0.0,0.0
AHV3QAX2TF4FG7FYZAPKBRRKBYCA,CF (ItemKNN),0.0,0.0
AHV3QAX2TF4FG7FYZAPKBRRKBYCA,Content (Avg Emb),0.0,0.0
AHV3QAX2TF4FG7FYZAPKBRRKBYCA,Last-Item,0.0,0.0
AHV3QAX2TF4FG7FYZAPKBRRKBYCA,Avg-Last-10,0.0,0.0
AHV3QAX2TF4FG7FYZAPKBRRKBYCA,Recency-Weighted,0.0,0.0
AHV3QAX2TF4FG7FYZAPKBRRKBYCA,Essence (K=10),0.0,0.0
AHV4M7YD2QSXZFNY4NSYC7W2DQJQ,Random,0.0,0.0
AHV4M7YD2QSXZFNY4NSYC7W2DQJQ,Popularity,0.0,0.0
AHV4M7YD2QSXZFNY4NSYC7W2DQJQ,CF (ItemKNN),0.0,0.0
AHV4M7YD2QSXZFNY4NSYC7W2DQJQ,Content (Avg Emb),0.0,0.0
AHV4M7YD2QSXZFNY4NSYC7W2DQJQ,Last-Item,0.0,0.0
AHV4M7YD2QSXZFNY4NSYC7W2DQJQ,Avg-Last-10,0.0,0.0
AHV4M7YD2QSXZFNY4NSYC7W2DQJQ,Recency-Weighted,0.0,0.0
AHV4M7YD2QSXZFNY4NSYC7W2DQJQ,Essence (K=10),0.0,0.0
AHV7MOUCWG5T4HCLLCK5TUON6BJA,Random,0.0,0.0
AHV7MOUCWG5T4HCLLCK5TUON6BJA,Popularity,0.0,0.0
AHV7MOUCWG5T4HCLLCK5TUON6BJA,CF (ItemKNN),0.07142857142857142,0.14285714285714285
AHV7MOUCWG5T4HCLLCK5TUON6BJA,Content (Avg Emb),0.0,0.0
AHV7MOUCWG5T4HCLLCK5TUON6BJA,Last-Item,0.0,0.0
AHV7MOUCWG5T4HCLLCK5TUON6BJA,Avg-Last-10,0.0,0.0
AHV7MOUCWG5T4HCLLCK5TUON6BJA,Recency-Weighted,0.0,0.0
AHV7MOUCWG5T4HCLLCK5TUON6BJA,Essence (K=10),0.0,0.0
AHVAGHOAUPPTOOK7FOUDIYXOFU7A,Random,0.0,
AHVAGHOAUPPTOOK7FOUDIYXOFU7A,Popularity,0.0,
AHVAGHOAUPPTOOK7FOUDIYXOFU7A,CF (ItemKNN),0.0,
AHVAGHOAUPPTOOK7FOUDIYXOFU7A,Content (Avg Emb),0.0,
AHVAGHOAUPPTOOK7FOUDIYXOFU7A,Last-Item,0.0,
AHVAGHOAUPPTOOK7FOUDIYXOFU7A,Avg-Last-10,0.0,
AHVAGHOAUPPTOOK7FOUDIYXOFU7A,Recency-Weighted,0.0,
AHVAGHOAUPPTOOK7FOUDIYXOFU7A,Essence (K=10),0.0,
AHVHCLCLI5ECFFT6BP3QI7BQD5FA,Random,0.0,
AHVHCLCLI5ECFFT6BP3QI7BQD5FA,Popularity,0.0,
AHVHCLCLI5ECFFT6BP3QI7BQD5FA,CF (ItemKNN),0.0,
AHVHCLCLI5ECFFT6BP3QI7BQD5FA,Content (Avg Emb),0.0,
AHVHCLCLI5ECFFT6BP3QI7BQD5FA,Last-Item,0.0,
AHVHCLCLI5ECFFT6BP3QI7BQD5FA,Avg-Last-10,0.0,
AHVHCLCLI5ECFFT6BP3QI7BQD5FA,Recency-Weighted,0.0,
AHVHCLCLI5ECFFT6BP3QI7BQD5FA,Essence (K=10),0.0,
AHVJGTXK2ABFSCOIXUGSJVCUQLBA,Random,0.0,0.0
AHVJGTXK2ABFSCOIXUGSJVCUQLBA,Popularity,0.0,0.0
AHVJGTXK2ABFSCOIXUGSJVCUQLBA,CF (ItemKNN),0.0,0.0
AHVJGTXK2ABFSCOIXUGSJVCUQLBA,Content (Avg Emb),0.05,0.0
AHVJGTXK2ABFSCOIXUGSJVCUQLBA,Last-Item,0.0,0.0
AHVJGTXK2ABFSCOIXUGSJVCUQLBA,Avg-Last-10,0.0,0.0
AHVJGTXK2ABFSCOIXUGSJVCUQLBA,Recency-Weighted,0.0,0.0
AHVJGTXK2ABFSCOIXUGSJVCUQLBA,Essence (K=10),0.0,0.0
AHVMC7YHBCU2LYEQCDRUZ6VEK7LQ,Random,0.0,0.0
AHVMC7YHBCU2LYEQCDRUZ6VEK7LQ,Popularity,0.0,0.0
AHVMC7YHBCU2LYEQCDRUZ6VEK7LQ,CF (ItemKNN),0.0,0.0
AHVMC7YHBCU2LYEQCDRUZ6VEK7LQ,Content (Avg Emb),0.0,0.0
AHVMC7YHBCU2LYEQCDRUZ6VEK7LQ,Last-Item,0.0,0.0
AHVMC7YHBCU2LYEQCDRUZ6VEK7LQ,Avg-Last-10,0.0,0.0
AHVMC7YHBCU2LYEQCDRUZ6VEK7LQ,Recency-Weighted,0.0,0.0
AHVMC7YHBCU2LYEQCDRUZ6VEK7LQ,Essence (K=10),0.0,0.0
AHVMRVVBF2IQTRV2BWXYFWFGPLKA,Random,0.0,
AHVMRVVBF2IQTRV2BWXYFWFGPLKA,Popularity,0.0,
AHVMRVVBF2IQTRV2BWXYFWFGPLKA,CF (ItemKNN),0.0,
AHVMRVVBF2IQTRV2BWXYFWFGPLKA,Content (Avg Emb),0.14285714285714285,
AHVMRVVBF2IQTRV2BWXYFWFGPLKA,Last-Item,0.14285714285714285,
AHVMRVVBF2IQTRV2BWXYFWFGPLKA,Avg-Last-10,0.0,
AHVMRVVBF2IQTRV2BWXYFWFGPLKA,Recency-Weighted,0.14285714285714285,
AHVMRVVBF2IQTRV2BWXYFWFGPLKA,Essence (K=10),0.0,
AHVOV47GLF5ZVNSZQOSCZVGSYBDQ,Random,0.0,0.0
AHVOV47GLF5ZVNSZQOSCZVGSYBDQ,Popularity,0.0,0.0
AHVOV47GLF5ZVNSZQOSCZVGSYBDQ,CF (ItemKNN),0.09090909090909091,0.5
AHVOV47GLF5ZVNSZQOSCZVGSYBDQ,Content (Avg Emb),0.0,0.0
AHVOV47GLF5ZVNSZQOSCZVGSYBDQ,Last-Item,0.0,0.0
AHVOV47GLF5ZVNSZQOSCZVGSYBDQ,Avg-Last-10,0.0,0.0
AHVOV47GLF5ZVNSZQOSCZVGSYBDQ,Recency-Weighted,0.0,0.0
AHVOV47GLF5ZVNSZQOSCZVGSYBDQ,Essence (K=10),0.09090909090909091,0.0
AHVTH3GTWVKHO6UZKJMADAMEVPZQ,Random,0.0,0.0
AHVTH3GTWVKHO6UZKJMADAMEVPZQ,Popularity,0.0,0.0
AHVTH3GTWVKHO6UZKJMADAMEVPZQ,CF (ItemKNN),0.0,0.0
AHVTH3GTWVKHO6UZKJMADAMEVPZQ,Content (Avg Emb),0.0,0.0
AHVTH3GTWVKHO6UZKJMADAMEVPZQ,Last-Item,0.14285714285714285,0.0
AHVTH3GTWVKHO6UZKJMADAMEVPZQ,Avg-Last-10,0.0,0.0
AHVTH3GTWVKHO6UZKJMADAMEVPZQ,Recency-Weighted,0.14285714285714285,0.0
AHVTH3GTWVKHO6UZKJMADAMEVPZQ,Essence (K=10),0.0,0.0
AHVWPSGLJL4DG7P5QVU6VH4GRJBA,Random,0.0,0.0
AHVWPSGLJL4DG7P5QVU6VH4GRJBA,Popularity,0.0,0.0
AHVWPSGLJL4DG7P5QVU6VH4GRJBA,CF (ItemKNN),0.0,0.0
AHVWPSGLJL4DG7P5QVU6VH4GRJBA,Content (Avg Emb),0.0,0.0
AHVWPSGLJL4DG7P5QVU6VH4GRJBA,Last-Item,0.0,0.0
AHVWPSGLJL4DG7P5QVU6VH4GRJBA,Avg-Last-10,0.0,0.0
AHVWPSGLJL4DG7P5QVU6VH4GRJBA,Recency-Weighted,0.0,0.0
AHVWPSGLJL4DG7P5QVU6VH4GRJBA,Essence (K=10),0.0,0.0
AHVXSY6D7MKHOQGETZWEGHJKZVVQ,Random,0.0,
AHVXSY6D7MKHOQGETZWEGHJKZVVQ,Popularity,0.0,
AHVXSY6D7MKHOQGETZWEGHJKZVVQ,CF (ItemKNN),0.0,
AHVXSY6D7MKHOQGETZWEGHJKZVVQ,Content (Avg Emb),0.0,
AHVXSY6D7MKHOQGETZWEGHJKZVVQ,Last-Item,0.0,
AHVXSY6D7MKHOQGETZWEGHJKZVVQ,Avg-Last-10,0.0,
AHVXSY6D7MKHOQGETZWEGHJKZVVQ,Recency-Weighted,0.0,
AHVXSY6D7MKHOQGETZWEGHJKZVVQ,Essence (K=10),0.0,
AHVXZ7F4BGMQJONMTBHV4E4CO3DA,Random,0.0,
AHVXZ7F4BGMQJONMTBHV4E4CO3DA,Popularity,0.0,
AHVXZ7F4BGMQJONMTBHV4E4CO3DA,CF (ItemKNN),0.0,
AHVXZ7F4BGMQJONMTBHV4E4CO3DA,Content (Avg Emb),0.0,
AHVXZ7F4BGMQJONMTBHV4E4CO3DA,Last-Item,0.0,
AHVXZ7F4BGMQJONMTBHV4E4CO3DA,Avg-Last-10,0.0,
AHVXZ7F4BGMQJONMTBHV4E4CO3DA,Recency-Weighted,0.0,
AHVXZ7F4BGMQJONMTBHV4E4CO3DA,Essence (K=10),0.0,
AHVYW765TGUGV23LR6V5HRLNDHYQ,Random,0.0,0.0
AHVYW765TGUGV23LR6V5HRLNDHYQ,Popularity,0.0,0.0
AHVYW765TGUGV23LR6V5HRLNDHYQ,CF (ItemKNN),0.0,0.0
AHVYW765TGUGV23LR6V5HRLNDHYQ,Content (Avg Emb),0.0,0.0
AHVYW765TGUGV23LR6V5HRLNDHYQ,Last-Item,0.0,0.0
AHVYW765TGUGV23LR6V5HRLNDHYQ,Avg-Last-10,0.0,0.0
AHVYW765TGUGV23LR6V5HRLNDHYQ,Recency-Weighted,0.0,0.0
AHVYW765TGUGV23LR6V5HRLNDHYQ,Essence (K=10),0.0,0.0
AHWDXOK4MU54VGG4ABLJD2ZWI4RA,Random,0.0,0.0
AHWDXOK4MU54VGG4ABLJD2ZWI4RA,Popularity,0.0,0.0
AHWDXOK4MU54VGG4ABLJD2ZWI4RA,CF (ItemKNN),0.0,0.0
AHWDXOK4MU54VGG4ABLJD2ZWI4RA,Content (Avg Emb),0.0,0.0
AHWDXOK4MU54VGG4ABLJD2ZWI4RA,Last-Item,0.0,0.0
AHWDXOK4MU54VGG4ABLJD2ZWI4RA,Avg-Last-10,0.0,0.0
AHWDXOK4MU54VGG4ABLJD2ZWI4RA,Recency-Weighted,0.0,0.0
AHWDXOK4MU54VGG4ABLJD2ZWI4RA,Essence (K=10),0.3333333333333333,0.5
AHWE32BN6VJFZYLO6N6FQ5SKKWYQ,Random,0.0,0.0
AHWE32BN6VJFZYLO6N6FQ5SKKWYQ,Popularity,0.0,0.0
AHWE32BN6VJFZYLO6N6FQ5SKKWYQ,CF (ItemKNN),0.0,0.0
AHWE32BN6VJFZYLO6N6FQ5SKKWYQ,Content (Avg Emb),0.0,0.0
AHWE32BN6VJFZYLO6N6FQ5SKKWYQ,Last-Item,0.0,0.0
AHWE32BN6VJFZYLO6N6FQ5SKKWYQ,Avg-Last-10,0.0,0.0
AHWE32BN6VJFZYLO6N6FQ5SKKWYQ,Recency-Weighted,0.0,0.0
AHWE32BN6VJFZYLO6N6FQ5SKKWYQ,Essence (K=10),0.0,0.0
AHWG2GIDSVBHGQEHRZNS2O7NUWAA,Random,0.0,0.0
AHWG2GIDSVBHGQEHRZNS2O7NUWAA,Popularity,0.0,0.0
AHWG2GIDSVBHGQEHRZNS2O7NUWAA,CF (ItemKNN),0.09090909090909091,0.0
AHWG2GIDSVBHGQEHRZNS2O7NUWAA,Content (Avg Emb),0.0,0.0
AHWG2GIDSVBHGQEHRZNS2O7NUWAA,Last-Item,0.0,0.0
AHWG2GIDSVBHGQEHRZNS2O7NUWAA,Avg-Last-10,0.0,0.0
AHWG2GIDSVBHGQEHRZNS2O7NUWAA,Recency-Weighted,0.0,0.0
AHWG2GIDSVBHGQEHRZNS2O7NUWAA,Essence (K=10),0.0,0.0
AHWHOLU7UPHC3SSHMCFZ4SAPGKVA,Random,0.0,
AHWHOLU7UPHC3SSHMCFZ4SAPGKVA,Popularity,0.0,
AHWHOLU7UPHC3SSHMCFZ4SAPGKVA,CF (ItemKNN),0.0,
AHWHOLU7UPHC3SSHMCFZ4SAPGKVA,Content (Avg Emb),0.0,
AHWHOLU7UPHC3SSHMCFZ4SAPGKVA,Last-Item,0.0,
AHWHOLU7UPHC3SSHMCFZ4SAPGKVA,Avg-Last-10,0.0,
AHWHOLU7UPHC3SSHMCFZ4SAPGKVA,Recency-Weighted,0.0,
AHWHOLU7UPHC3SSHMCFZ4SAPGKVA,Essence (K=10),0.0,
AHWI35V42FZWIIWLTSGOVPZVJXTQ,Random,0.0,
AHWI35V42FZWIIWLTSGOVPZVJXTQ,Popularity,0.0,
AHWI35V42FZWIIWLTSGOVPZVJXTQ,CF (ItemKNN),0.0,
AHWI35V42FZWIIWLTSGOVPZVJXTQ,Content (Avg Emb),0.0,
AHWI35V42FZWIIWLTSGOVPZVJXTQ,Last-Item,0.0,
AHWI35V42FZWIIWLTSGOVPZVJXTQ,Avg-Last-10,0.0,
AHWI35V42FZWIIWLTSGOVPZVJXTQ,Recency-Weighted,0.0,
AHWI35V42FZWIIWLTSGOVPZVJXTQ,Essence (K=10),0.0,
AHWI3MOCN4GIOW7BKUK4PWCJO74Q,Random,0.0,0.0
AHWI3MOCN4GIOW7BKUK4PWCJO74Q,Popularity,0.0,0.0
AHWI3MOCN4GIOW7BKUK4PWCJO74Q,CF (ItemKNN),0.0,0.0
AHWI3MOCN4GIOW7BKUK4PWCJO74Q,Content (Avg Emb),0.0,0.0
AHWI3MOCN4GIOW7BKUK4PWCJO74Q,Last-Item,0.5,0.0
AHWI3MOCN4GIOW7BKUK4PWCJO74Q,Avg-Last-10,0.0,0.0
AHWI3MOCN4GIOW7BKUK4PWCJO74Q,Recency-Weighted,0.0,0.0
AHWI3MOCN4GIOW7BKUK4PWCJO74Q,Essence (K=10),0.0,0.0
AHWII4ARRVFZJEB36IZ34LZL64IQ,Random,0.0,
AHWII4ARRVFZJEB36IZ34LZL64IQ,Popularity,0.0,
AHWII4ARRVFZJEB36IZ34LZL64IQ,CF (ItemKNN),0.0,
AHWII4ARRVFZJEB36IZ34LZL64IQ,Content (Avg Emb),0.0,
AHWII4ARRVFZJEB36IZ34LZL64IQ,Last-Item,0.0,
AHWII4ARRVFZJEB36IZ34LZL64IQ,Avg-Last-10,0.0,
AHWII4ARRVFZJEB36IZ34LZL64IQ,Recency-Weighted,0.0,
AHWII4ARRVFZJEB36IZ34LZL64IQ,Essence (K=10),0.0,
AHWMMOKEVVCRLSXXHZB7LXYBGH5A,Random,0.0,0.0
AHWMMOKEVVCRLSXXHZB7LXYBGH5A,Popularity,0.0,0.0
AHWMMOKEVVCRLSXXHZB7LXYBGH5A,CF (ItemKNN),0.0,0.0
AHWMMOKEVVCRLSXXHZB7LXYBGH5A,Content (Avg Emb),0.0,0.0
AHWMMOKEVVCRLSXXHZB7LXYBGH5A,Last-Item,0.0,0.0
AHWMMOKEVVCRLSXXHZB7LXYBGH5A,Avg-Last-10,0.0,0.0
AHWMMOKEVVCRLSXXHZB7LXYBGH5A,Recency-Weighted,0.0,0.0
AHWMMOKEVVCRLSXXHZB7LXYBGH5A,Essence (K=10),0.0,0.0
AHWQ6BOWMZ4HN4M625GIHKKHJLVQ,Random,0.0,0.0
AHWQ6BOWMZ4HN4M625GIHKKHJLVQ,Popularity,0.0,0.0
AHWQ6BOWMZ4HN4M625GIHKKHJLVQ,CF (ItemKNN),0.0,0.0
AHWQ6BOWMZ4HN4M625GIHKKHJLVQ,Content (Avg Emb),0.0,0.0
AHWQ6BOWMZ4HN4M625GIHKKHJLVQ,Last-Item,0.0,0.0
AHWQ6BOWMZ4HN4M625GIHKKHJLVQ,Avg-Last-10,0.0,0.0
AHWQ6BOWMZ4HN4M625GIHKKHJLVQ,Recency-Weighted,0.0,0.0
AHWQ6BOWMZ4HN4M625GIHKKHJLVQ,Essence (K=10),0.0,0.0
AHWQSZZFH6ZWOLOOM3ZM2B5MIX4A,Random,0.0,0.0
AHWQSZZFH6ZWOLOOM3ZM2B5MIX4A,Popularity,0.0,0.0
AHWQSZZFH6ZWOLOOM3ZM2B5MIX4A,CF (ItemKNN),0.0,0.0
AHWQSZZFH6ZWOLOOM3ZM2B5MIX4A,Content (Avg Emb),0.0,0.0
AHWQSZZFH6ZWOLOOM3ZM2B5MIX4A,Last-Item,0.0,0.0
AHWQSZZFH6ZWOLOOM3ZM2B5MIX4A,Avg-Last-10,0.0,0.0
AHWQSZZFH6ZWOLOOM3ZM2B5MIX4A,Recency-Weighted,0.0,0.0
AHWQSZZFH6ZWOLOOM3ZM2B5MIX4A,Essence (K=10),0.0,0.0
AHWUYI4KQSO4SFSZNHHLU47AL2HA,Random,0.0,
AHWUYI4KQSO4SFSZNHHLU47AL2HA,Popularity,0.0,
AHWUYI4KQSO4SFSZNHHLU47AL2HA,CF (ItemKNN),0.0,
AHWUYI4KQSO4SFSZNHHLU47AL2HA,Content (Avg Emb),0.0,
AHWUYI4KQSO4SFSZNHHLU47AL2HA,Last-Item,0.0,
AHWUYI4KQSO4SFSZNHHLU47AL2HA,Avg-Last-10,0.0,
AHWUYI4KQSO4SFSZNHHLU47AL2HA,Recency-Weighted,0.0,
AHWUYI4KQSO4SFSZNHHLU47AL2HA,Essence (K=10),0.0,
AHWXBXCEV34BCM5AN7EZZEDAGZ5Q,Random,0.0,0.0
AHWXBXCEV34BCM5AN7EZZEDAGZ5Q,Popularity,0.0,0.0
AHWXBXCEV34BCM5AN7EZZEDAGZ5Q,CF (ItemKNN),0.0,0.0
AHWXBXCEV34BCM5AN7EZZEDAGZ5Q,Content (Avg Emb),0.0,0.0
AHWXBXCEV34BCM5AN7EZZEDAGZ5Q,Last-Item,0.75,1.0
AHWXBXCEV34BCM5AN7EZZEDAGZ5Q,Avg-Last-10,0.0,0.0
AHWXBXCEV34BCM5AN7EZZEDAGZ5Q,Recency-Weighted,0.25,0.3333333333333333
AHWXBXCEV34BCM5AN7EZZEDAGZ5Q,Essence (K=10),0.0,0.0
AHWYWTPXLSLFKF2QQXVXKHHZWXNQ,Random,0.0,0.0
AHWYWTPXLSLFKF2QQXVXKHHZWXNQ,Popularity,0.0,0.0
AHWYWTPXLSLFKF2QQXVXKHHZWXNQ,CF (ItemKNN),0.0,0.0
AHWYWTPXLSLFKF2QQXVXKHHZWXNQ,Content (Avg Emb),0.0,0.0
AHWYWTPXLSLFKF2QQXVXKHHZWXNQ,Last-Item,0.0,0.0
AHWYWTPXLSLFKF2QQXVXKHHZWXNQ,Avg-Last-10,0.0,0.0
AHWYWTPXLSLFKF2QQXVXKHHZWXNQ,Recency-Weighted,0.0,0.0
AHWYWTPXLSLFKF2QQXVXKHHZWXNQ,Essence (K=10),0.0,0.0
AHX4F5HSGAD6NYJ35ZHK3J53WKTA,Random,0.0,0.0
AHX4F5HSGAD6NYJ35ZHK3J53WKTA,Popularity,0.0,0.0
AHX4F5HSGAD6NYJ35ZHK3J53WKTA,CF (ItemKNN),0.0,0.0
AHX4F5HSGAD6NYJ35ZHK3J53WKTA,Content (Avg Emb),0.0,0.0
AHX4F5HSGAD6NYJ35ZHK3J53WKTA,Last-Item,0.0,0.0
AHX4F5HSGAD6NYJ35ZHK3J53WKTA,Avg-Last-10,0.0,0.0
AHX4F5HSGAD6NYJ35ZHK3J53WKTA,Recency-Weighted,0.0,0.0
AHX4F5HSGAD6NYJ35ZHK3J53WKTA,Essence (K=10),0.0,0.0
AHX5GCDZPCX57AIPPSLZNTMW7UXA,Random,0.0,
AHX5GCDZPCX57AIPPSLZNTMW7UXA,Popularity,0.0,
AHX5GCDZPCX57AIPPSLZNTMW7UXA,CF (ItemKNN),0.0,
AHX5GCDZPCX57AIPPSLZNTMW7UXA,Content (Avg Emb),0.0,
AHX5GCDZPCX57AIPPSLZNTMW7UXA,Last-Item,0.0,
AHX5GCDZPCX57AIPPSLZNTMW7UXA,Avg-Last-10,0.0,
AHX5GCDZPCX57AIPPSLZNTMW7UXA,Recency-Weighted,0.0,
AHX5GCDZPCX57AIPPSLZNTMW7UXA,Essence (K=10),0.0,
AHX7UBGFEPCC4IPA7OFLK5AGBFTQ,Random,0.0,0.0
AHX7UBGFEPCC4IPA7OFLK5AGBFTQ,Popularity,0.0,0.0
AHX7UBGFEPCC4IPA7OFLK5AGBFTQ,CF (ItemKNN),0.0,0.0
AHX7UBGFEPCC4IPA7OFLK5AGBFTQ,Content (Avg Emb),0.0,0.0
AHX7UBGFEPCC4IPA7OFLK5AGBFTQ,Last-Item,0.0,0.0
AHX7UBGFEPCC4IPA7OFLK5AGBFTQ,Avg-Last-10,0.0,0.0
AHX7UBGFEPCC4IPA7OFLK5AGBFTQ,Recency-Weighted,0.0,0.0
AHX7UBGFEPCC4IPA7OFLK5AGBFTQ,Essence (K=10),0.0,0.0
AHXDMIQOM6YVT7B2XOX5JZBDGA2Q,Random,0.0,0.0
AHXDMIQOM6YVT7B2XOX5JZBDGA2Q,Popularity,0.0,0.0
AHXDMIQOM6YVT7B2XOX5JZBDGA2Q,CF (ItemKNN),0.0,0.0
AHXDMIQOM6YVT7B2XOX5JZBDGA2Q,Content (Avg Emb),0.0,0.0
AHXDMIQOM6YVT7B2XOX5JZBDGA2Q,Last-Item,0.0,0.0
AHXDMIQOM6YVT7B2XOX5JZBDGA2Q,Avg-Last-10,0.0,0.0
AHXDMIQOM6YVT7B2XOX5JZBDGA2Q,Recency-Weighted,0.0,0.0
AHXDMIQOM6YVT7B2XOX5JZBDGA2Q,Essence (K=10),0.0,0.0
AHXK4PLKYDVRFFW4LXMRNHMTCXJQ,Random,0.0,
AHXK4PLKYDVRFFW4LXMRNHMTCXJQ,Popularity,0.0,
AHXK4PLKYDVRFFW4LXMRNHMTCXJQ,CF (ItemKNN),0.0,
AHXK4PLKYDVRFFW4LXMRNHMTCXJQ,Content (Avg Emb),0.0,
AHXK4PLKYDVRFFW4LXMRNHMTCXJQ,Last-Item,0.0,
AHXK4PLKYDVRFFW4LXMRNHMTCXJQ,Avg-Last-10,0.0,
AHXK4PLKYDVRFFW4LXMRNHMTCXJQ,Recency-Weighted,0.0,
AHXK4PLKYDVRFFW4LXMRNHMTCXJQ,Essence (K=10),0.0,
AHXKSSLHNYD2TB4DTQCYWB7JYJZQ,Random,0.0,0.0
AHXKSSLHNYD2TB4DTQCYWB7JYJZQ,Popularity,0.0,0.0
AHXKSSLHNYD2TB4DTQCYWB7JYJZQ,CF (ItemKNN),0.0,0.0
AHXKSSLHNYD2TB4DTQCYWB7JYJZQ,Content (Avg Emb),0.0,0.0
AHXKSSLHNYD2TB4DTQCYWB7JYJZQ,Last-Item,0.0,0.0
AHXKSSLHNYD2TB4DTQCYWB7JYJZQ,Avg-Last-10,0.0,0.0
AHXKSSLHNYD2TB4DTQCYWB7JYJZQ,Recency-Weighted,0.0,0.0
AHXKSSLHNYD2TB4DTQCYWB7JYJZQ,Essence (K=10),0.0,0.0
AHXLAKMXR5YOP6FC33OMEILSRWLA,Random,0.0,0.0
AHXLAKMXR5YOP6FC33OMEILSRWLA,Popularity,0.0,0.0
AHXLAKMXR5YOP6FC33OMEILSRWLA,CF (ItemKNN),0.0,0.0
AHXLAKMXR5YOP6FC33OMEILSRWLA,Content (Avg Emb),0.0,0.0
AHXLAKMXR5YOP6FC33OMEILSRWLA,Last-Item,0.0,0.0
AHXLAKMXR5YOP6FC33OMEILSRWLA,Avg-Last-10,0.0,0.0
AHXLAKMXR5YOP6FC33OMEILSRWLA,Recency-Weighted,0.0,0.0
AHXLAKMXR5YOP6FC33OMEILSRWLA,Essence (K=10),0.0,0.0
AHXQACH7YTM7JYDD5BRNV5B3UZ4Q,Random,0.0,
AHXQACH7YTM7JYDD5BRNV5B3UZ4Q,Popularity,0.0,
AHXQACH7YTM7JYDD5BRNV5B3UZ4Q,CF (ItemKNN),0.0,
AHXQACH7YTM7JYDD5BRNV5B3UZ4Q,Content (Avg Emb),0.0,
AHXQACH7YTM7JYDD5BRNV5B3UZ4Q,Last-Item,0.0,
AHXQACH7YTM7JYDD5BRNV5B3UZ4Q,Avg-Last-10,0.0,
AHXQACH7YTM7JYDD5BRNV5B3UZ4Q,Recency-Weighted,0.0,
AHXQACH7YTM7JYDD5BRNV5B3UZ4Q,Essence (K=10),0.0,
AHXT4N2MYXQIHNFKHLF5FHNAQ46A,Random,0.0,0.0
AHXT4N2MYXQIHNFKHLF5FHNAQ46A,Popularity,0.0,0.0
AHXT4N2MYXQIHNFKHLF5FHNAQ46A,CF (ItemKNN),0.0,0.0
AHXT4N2MYXQIHNFKHLF5FHNAQ46A,Content (Avg Emb),0.0,0.0
AHXT4N2MYXQIHNFKHLF5FHNAQ46A,Last-Item,0.0,0.0
AHXT4N2MYXQIHNFKHLF5FHNAQ46A,Avg-Last-10,0.0,0.0
AHXT4N2MYXQIHNFKHLF5FHNAQ46A,Recency-Weighted,0.0,0.0
AHXT4N2MYXQIHNFKHLF5FHNAQ46A,Essence (K=10),0.0,0.0
AHXTRC363CBFB33ALXXRPGEMUL6Q,Random,0.0,0.0
AHXTRC363CBFB33ALXXRPGEMUL6Q,Popularity,0.0,0.0
AHXTRC363CBFB33ALXXRPGEMUL6Q,CF (ItemKNN),0.2,0.0
AHXTRC363CBFB33ALXXRPGEMUL6Q,Content (Avg Emb),0.0,0.0
AHXTRC363CBFB33ALXXRPGEMUL6Q,Last-Item,0.0,0.0
AHXTRC363CBFB33ALXXRPGEMUL6Q,Avg-Last-10,0.0,0.0
AHXTRC363CBFB33ALXXRPGEMUL6Q,Recency-Weighted,0.0,0.0
AHXTRC363CBFB33ALXXRPGEMUL6Q,Essence (K=10),0.0,0.0
AHXUN5DI6DSOKQA3SP2V2QH7LNYQ,Random,0.0,0.0
AHXUN5DI6DSOKQA3SP2V2QH7LNYQ,Popularity,0.0,0.0
AHXUN5DI6DSOKQA3SP2V2QH7LNYQ,CF (ItemKNN),0.0,0.0
AHXUN5DI6DSOKQA3SP2V2QH7LNYQ,Content (Avg Emb),0.0,0.0
AHXUN5DI6DSOKQA3SP2V2QH7LNYQ,Last-Item,0.0,0.0
AHXUN5DI6DSOKQA3SP2V2QH7LNYQ,Avg-Last-10,0.0,0.0
AHXUN5DI6DSOKQA3SP2V2QH7LNYQ,Recency-Weighted,0.0,0.0
AHXUN5DI6DSOKQA3SP2V2QH7LNYQ,Essence (K=10),0.0,0.0
AHXVNG3JQBWDYA42PJ3FDXIOQLIA,Random,0.0,0.0
AHXVNG3JQBWDYA42PJ3FDXIOQLIA,Popularity,0.0,0.0
AHXVNG3JQBWDYA42PJ3FDXIOQLIA,CF (ItemKNN),0.0,0.0
AHXVNG3JQBWDYA42PJ3FDXIOQLIA,Content (Avg Emb),0.0,0.0
AHXVNG3JQBWDYA42PJ3FDXIOQLIA,Last-Item,0.15384615384615385,0.0
AHXVNG3JQBWDYA42PJ3FDXIOQLIA,Avg-Last-10,0.0,0.0
AHXVNG3JQBWDYA42PJ3FDXIOQLIA,Recency-Weighted,0.0,0.0
AHXVNG3JQBWDYA42PJ3FDXIOQLIA,Essence (K=10),0.0,0.0
AHXWTT5XD6STS4WJ7BFDECLV54VA,Random,0.0,
AHXWTT5XD6STS4WJ7BFDECLV54VA,Popularity,0.0,
AHXWTT5XD6STS4WJ7BFDECLV54VA,CF (ItemKNN),0.0,
AHXWTT5XD6STS4WJ7BFDECLV54VA,Content (Avg Emb),0.0,
AHXWTT5XD6STS4WJ7BFDECLV54VA,Last-Item,0.0,
AHXWTT5XD6STS4WJ7BFDECLV54VA,Avg-Last-10,0.0,
AHXWTT5XD6STS4WJ7BFDECLV54VA,Recency-Weighted,0.0,
AHXWTT5XD6STS4WJ7BFDECLV54VA,Essence (K=10),0.0,
AHXXSKBOL4E6Y3S4JPCOXILOMABA,Random,0.0,0.0
AHXXSKBOL4E6Y3S4JPCOXILOMABA,Popularity,0.0,0.0
AHXXSKBOL4E6Y3S4JPCOXILOMABA,CF (ItemKNN),0.0,0.0
AHXXSKBOL4E6Y3S4JPCOXILOMABA,Content (Avg Emb),0.0,0.0
AHXXSKBOL4E6Y3S4JPCOXILOMABA,Last-Item,0.0,0.0
AHXXSKBOL4E6Y3S4JPCOXILOMABA,Avg-Last-10,0.0,0.0
AHXXSKBOL4E6Y3S4JPCOXILOMABA,Recency-Weighted,0.0,0.0
AHXXSKBOL4E6Y3S4JPCOXILOMABA,Essence (K=10),0.0,0.0
AHY4RVBCQD2ZH5OH77IMQR7CKW7A,Random,0.0,
AHY4RVBCQD2ZH5OH77IMQR7CKW7A,Popularity,0.0,
AHY4RVBCQD2ZH5OH77IMQR7CKW7A,CF (ItemKNN),0.0,
AHY4RVBCQD2ZH5OH77IMQR7CKW7A,Content (Avg Emb),0.0,
AHY4RVBCQD2ZH5OH77IMQR7CKW7A,Last-Item,0.0,
AHY4RVBCQD2ZH5OH77IMQR7CKW7A,Avg-Last-10,0.0,
AHY4RVBCQD2ZH5OH77IMQR7CKW7A,Recency-Weighted,0.0,
AHY4RVBCQD2ZH5OH77IMQR7CKW7A,Essence (K=10),0.25,
AHY5G2D5LORMD64JNDL4UKKQB4DQ,Random,0.0,0.0
AHY5G2D5LORMD64JNDL4UKKQB4DQ,Popularity,0.0,0.0
AHY5G2D5LORMD64JNDL4UKKQB4DQ,CF (ItemKNN),0.0,0.0
AHY5G2D5LORMD64JNDL4UKKQB4DQ,Content (Avg Emb),0.0,0.0
AHY5G2D5LORMD64JNDL4UKKQB4DQ,Last-Item,0.0,0.0
AHY5G2D5LORMD64JNDL4UKKQB4DQ,Avg-Last-10,0.0,0.0
AHY5G2D5LORMD64JNDL4UKKQB4DQ,Recency-Weighted,0.0,0.0
AHY5G2D5LORMD64JNDL4UKKQB4DQ,Essence (K=10),0.0,0.0
AHYEODNHTO6JM7PQJ35KZRBESY3A,Random,0.0,
AHYEODNHTO6JM7PQJ35KZRBESY3A,Popularity,0.0,
AHYEODNHTO6JM7PQJ35KZRBESY3A,CF (ItemKNN),0.0,
AHYEODNHTO6JM7PQJ35KZRBESY3A,Content (Avg Emb),0.0,
AHYEODNHTO6JM7PQJ35KZRBESY3A,Last-Item,0.2,
AHYEODNHTO6JM7PQJ35KZRBESY3A,Avg-Last-10,0.0,
AHYEODNHTO6JM7PQJ35KZRBESY3A,Recency-Weighted,0.0,
AHYEODNHTO6JM7PQJ35KZRBESY3A,Essence (K=10),0.0,
AHYFY7FJX5LIR2R6Z3UYXHEUWWIA,Random,0.0,
AHYFY7FJX5LIR2R6Z3UYXHEUWWIA,Popularity,0.0,
AHYFY7FJX5LIR2R6Z3UYXHEUWWIA,CF (ItemKNN),0.0,
AHYFY7FJX5LIR2R6Z3UYXHEUWWIA,Content (Avg Emb),0.0,
AHYFY7FJX5LIR2R6Z3UYXHEUWWIA,Last-Item,0.25,
AHYFY7FJX5LIR2R6Z3UYXHEUWWIA,Avg-Last-10,0.0,
AHYFY7FJX5LIR2R6Z3UYXHEUWWIA,Recency-Weighted,0.0,
AHYFY7FJX5LIR2R6Z3UYXHEUWWIA,Essence (K=10),0.0,
AHYJE3VROVLI4OGTPZ44Z2XVXJKA,Random,0.0,
AHYJE3VROVLI4OGTPZ44Z2XVXJKA,Popularity,0.0,
AHYJE3VROVLI4OGTPZ44Z2XVXJKA,CF (ItemKNN),0.0,
AHYJE3VROVLI4OGTPZ44Z2XVXJKA,Content (Avg Emb),0.0,
AHYJE3VROVLI4OGTPZ44Z2XVXJKA,Last-Item,0.0,
AHYJE3VROVLI4OGTPZ44Z2XVXJKA,Avg-Last-10,0.0,
AHYJE3VROVLI4OGTPZ44Z2XVXJKA,Recency-Weighted,0.0,
AHYJE3VROVLI4OGTPZ44Z2XVXJKA,Essence (K=10),0.0,
AHYK73XGDMNLVV6EYXL7G24SOGBQ,Random,0.0,0.0
AHYK73XGDMNLVV6EYXL7G24SOGBQ,Popularity,0.0,0.0
AHYK73XGDMNLVV6EYXL7G24SOGBQ,CF (ItemKNN),0.0,0.0
AHYK73XGDMNLVV6EYXL7G24SOGBQ,Content (Avg Emb),0.125,0.0
AHYK73XGDMNLVV6EYXL7G24SOGBQ,Last-Item,0.0,0.0
AHYK73XGDMNLVV6EYXL7G24SOGBQ,Avg-Last-10,0.0,0.0
AHYK73XGDMNLVV6EYXL7G24SOGBQ,Recency-Weighted,0.0,0.0
AHYK73XGDMNLVV6EYXL7G24SOGBQ,Essence (K=10),0.125,0.0
AHYLNVU7IZRJ572B2YGWXBOBQNHQ,Random,0.0,0.0
AHYLNVU7IZRJ572B2YGWXBOBQNHQ,Popularity,0.0,0.0
AHYLNVU7IZRJ572B2YGWXBOBQNHQ,CF (ItemKNN),0.0,0.0
AHYLNVU7IZRJ572B2YGWXBOBQNHQ,Content (Avg Emb),0.0,0.0
AHYLNVU7IZRJ572B2YGWXBOBQNHQ,Last-Item,0.0,0.0
AHYLNVU7IZRJ572B2YGWXBOBQNHQ,Avg-Last-10,0.2,1.0
AHYLNVU7IZRJ572B2YGWXBOBQNHQ,Recency-Weighted,0.2,1.0
AHYLNVU7IZRJ572B2YGWXBOBQNHQ,Essence (K=10),0.2,1.0
AHYPWFDC5SEWW6O4VSZG3E6JRZDQ,Random,0.0,0.0
AHYPWFDC5SEWW6O4VSZG3E6JRZDQ,Popularity,0.0,0.0
AHYPWFDC5SEWW6O4VSZG3E6JRZDQ,CF (ItemKNN),0.0,0.0
AHYPWFDC5SEWW6O4VSZG3E6JRZDQ,Content (Avg Emb),0.0,0.0
AHYPWFDC5SEWW6O4VSZG3E6JRZDQ,Last-Item,0.0,0.0
AHYPWFDC5SEWW6O4VSZG3E6JRZDQ,Avg-Last-10,0.0,0.0
AHYPWFDC5SEWW6O4VSZG3E6JRZDQ,Recency-Weighted,0.0,0.0
AHYPWFDC5SEWW6O4VSZG3E6JRZDQ,Essence (K=10),0.0,0.0
AHYTWOU5YT73TYGIYH4ANZBIOYEA,Random,0.0,
AHYTWOU5YT73TYGIYH4ANZBIOYEA,Popularity,0.0,
AHYTWOU5YT73TYGIYH4ANZBIOYEA,CF (ItemKNN),0.0,
AHYTWOU5YT73TYGIYH4ANZBIOYEA,Content (Avg Emb),0.0,
AHYTWOU5YT73TYGIYH4ANZBIOYEA,Last-Item,0.0,
AHYTWOU5YT73TYGIYH4ANZBIOYEA,Avg-Last-10,0.0,
AHYTWOU5YT73TYGIYH4ANZBIOYEA,Recency-Weighted,0.0,
AHYTWOU5YT73TYGIYH4ANZBIOYEA,Essence (K=10),0.0,
AHYW7EYQ3ELZCISZEGLH2LFVAWAQ,Random,0.0,0.0
AHYW7EYQ3ELZCISZEGLH2LFVAWAQ,Popularity,0.0,0.0
AHYW7EYQ3ELZCISZEGLH2LFVAWAQ,CF (ItemKNN),0.0,0.0
AHYW7EYQ3ELZCISZEGLH2LFVAWAQ,Content (Avg Emb),0.0,0.0
AHYW7EYQ3ELZCISZEGLH2LFVAWAQ,Last-Item,0.0,0.0
AHYW7EYQ3ELZCISZEGLH2LFVAWAQ,Avg-Last-10,0.0,0.0
AHYW7EYQ3ELZCISZEGLH2LFVAWAQ,Recency-Weighted,0.0,0.0
AHYW7EYQ3ELZCISZEGLH2LFVAWAQ,Essence (K=10),0.0,0.0
AHYXXYLYNAO2MUXLI6RTG76HL5CQ,Random,0.0,
AHYXXYLYNAO2MUXLI6RTG76HL5CQ,Popularity,0.0,
AHYXXYLYNAO2MUXLI6RTG76HL5CQ,CF (ItemKNN),0.0,
AHYXXYLYNAO2MUXLI6RTG76HL5CQ,Content (Avg Emb),0.0,
AHYXXYLYNAO2MUXLI6RTG76HL5CQ,Last-Item,0.2,
AHYXXYLYNAO2MUXLI6RTG76HL5CQ,Avg-Last-10,0.2,
AHYXXYLYNAO2MUXLI6RTG76HL5CQ,Recency-Weighted,0.2,
AHYXXYLYNAO2MUXLI6RTG76HL5CQ,Essence (K=10),0.2,
AHYY4HGUTUIXERLPH5FB3YHTYJ2Q,Random,0.0,0.0
AHYY4HGUTUIXERLPH5FB3YHTYJ2Q,Popularity,0.0,0.0
AHYY4HGUTUIXERLPH5FB3YHTYJ2Q,CF (ItemKNN),0.0,0.0
AHYY4HGUTUIXERLPH5FB3YHTYJ2Q,Content (Avg Emb),0.0,0.0
AHYY4HGUTUIXERLPH5FB3YHTYJ2Q,Last-Item,0.0,0.0
AHYY4HGUTUIXERLPH5FB3YHTYJ2Q,Avg-Last-10,0.0,0.0
AHYY4HGUTUIXERLPH5FB3YHTYJ2Q,Recency-Weighted,0.0,0.0
AHYY4HGUTUIXERLPH5FB3YHTYJ2Q,Essence (K=10),0.0,0.0
AHYYF3S75ZLZSZ4GU56OFUTHF27A,Random,0.0,0.0
AHYYF3S75ZLZSZ4GU56OFUTHF27A,Popularity,0.0,0.0
AHYYF3S75ZLZSZ4GU56OFUTHF27A,CF (ItemKNN),0.0,0.0
AHYYF3S75ZLZSZ4GU56OFUTHF27A,Content (Avg Emb),0.0,0.0
AHYYF3S75ZLZSZ4GU56OFUTHF27A,Last-Item,0.0,0.0
AHYYF3S75ZLZSZ4GU56OFUTHF27A,Avg-Last-10,0.0,0.0
AHYYF3S75ZLZSZ4GU56OFUTHF27A,Recency-Weighted,0.0,0.0
AHYYF3S75ZLZSZ4GU56OFUTHF27A,Essence (K=10),0.0,0.0
AHYYS2K7YF7WRU3GZBXCHYI7LH6A,Random,0.0,0.0
AHYYS2K7YF7WRU3GZBXCHYI7LH6A,Popularity,0.0,0.0
AHYYS2K7YF7WRU3GZBXCHYI7LH6A,CF (ItemKNN),0.0,0.0
AHYYS2K7YF7WRU3GZBXCHYI7LH6A,Content (Avg Emb),0.0,0.0
AHYYS2K7YF7WRU3GZBXCHYI7LH6A,Last-Item,0.0,0.0
AHYYS2K7YF7WRU3GZBXCHYI7LH6A,Avg-Last-10,0.0,0.0
AHYYS2K7YF7WRU3GZBXCHYI7LH6A,Recency-Weighted,0.0,0.0
AHYYS2K7YF7WRU3GZBXCHYI7LH6A,Essence (K=10),0.0,0.0
AHYZZXBK4OUZR2OYL7X5YVFLPUKQ,Random,0.0,0.0
AHYZZXBK4OUZR2OYL7X5YVFLPUKQ,Popularity,0.0,0.0
AHYZZXBK4OUZR2OYL7X5YVFLPUKQ,CF (ItemKNN),0.0,0.0
AHYZZXBK4OUZR2OYL7X5YVFLPUKQ,Content (Avg Emb),0.0,0.0
AHYZZXBK4OUZR2OYL7X5YVFLPUKQ,Last-Item,0.0,0.0
AHYZZXBK4OUZR2OYL7X5YVFLPUKQ,Avg-Last-10,0.0,0.0
AHYZZXBK4OUZR2OYL7X5YVFLPUKQ,Recency-Weighted,0.0,0.0
AHYZZXBK4OUZR2OYL7X5YVFLPUKQ,Essence (K=10),0.0,0.0
AHZ3JIUG3FITKSZ47FVSLB72OJAA,Random,0.0,
AHZ3JIUG3FITKSZ47FVSLB72OJAA,Popularity,0.0,
AHZ3JIUG3FITKSZ47FVSLB72OJAA,CF (ItemKNN),0.0,
AHZ3JIUG3FITKSZ47FVSLB72OJAA,Content (Avg Emb),0.0,
AHZ3JIUG3FITKSZ47FVSLB72OJAA,Last-Item,0.0,
AHZ3JIUG3FITKSZ47FVSLB72OJAA,Avg-Last-10,0.0,
AHZ3JIUG3FITKSZ47FVSLB72OJAA,Recency-Weighted,0.0,
AHZ3JIUG3FITKSZ47FVSLB72OJAA,Essence (K=10),0.0,
AHZ7YVD6TUCVTKCZTU43FOZUQVFQ,Random,0.0,0.0
AHZ7YVD6TUCVTKCZTU43FOZUQVFQ,Popularity,0.0,0.0
AHZ7YVD6TUCVTKCZTU43FOZUQVFQ,CF (ItemKNN),0.0,0.0
AHZ7YVD6TUCVTKCZTU43FOZUQVFQ,Content (Avg Emb),0.0,0.0
AHZ7YVD6TUCVTKCZTU43FOZUQVFQ,Last-Item,0.0,0.0
AHZ7YVD6TUCVTKCZTU43FOZUQVFQ,Avg-Last-10,0.0,0.0
AHZ7YVD6TUCVTKCZTU43FOZUQVFQ,Recency-Weighted,0.0,0.0
AHZ7YVD6TUCVTKCZTU43FOZUQVFQ,Essence (K=10),0.0,0.0
AHZA33RDLCJPXWMP2NLKJVPC5OUA,Random,0.0,0.0
AHZA33RDLCJPXWMP2NLKJVPC5OUA,Popularity,0.0,0.0
AHZA33RDLCJPXWMP2NLKJVPC5OUA,CF (ItemKNN),0.0,0.0
AHZA33RDLCJPXWMP2NLKJVPC5OUA,Content (Avg Emb),0.0,0.0
AHZA33RDLCJPXWMP2NLKJVPC5OUA,Last-Item,0.0,0.0
AHZA33RDLCJPXWMP2NLKJVPC5OUA,Avg-Last-10,0.0,0.0
AHZA33RDLCJPXWMP2NLKJVPC5OUA,Recency-Weighted,0.0,0.0
AHZA33RDLCJPXWMP2NLKJVPC5OUA,Essence (K=10),0.0,0.0
AHZE4SYUBI3B5CZZQTGMU6A2CKHA,Random,0.0,0.0
AHZE4SYUBI3B5CZZQTGMU6A2CKHA,Popularity,0.0,0.0
AHZE4SYUBI3B5CZZQTGMU6A2CKHA,CF (ItemKNN),0.0,0.0
AHZE4SYUBI3B5CZZQTGMU6A2CKHA,Content (Avg Emb),0.0,0.0
AHZE4SYUBI3B5CZZQTGMU6A2CKHA,Last-Item,0.0,0.0
AHZE4SYUBI3B5CZZQTGMU6A2CKHA,Avg-Last-10,0.0,0.0
AHZE4SYUBI3B5CZZQTGMU6A2CKHA,Recency-Weighted,0.0,0.0
AHZE4SYUBI3B5CZZQTGMU6A2CKHA,Essence (K=10),0.0,0.0
AHZFB3BH5VENRYAFHBJPADWMKUNA,Random,0.0,0.0
AHZFB3BH5VENRYAFHBJPADWMKUNA,Popularity,0.0,0.0
AHZFB3BH5VENRYAFHBJPADWMKUNA,CF (ItemKNN),0.0,0.0
AHZFB3BH5VENRYAFHBJPADWMKUNA,Content (Avg Emb),0.0,0.0
AHZFB3BH5VENRYAFHBJPADWMKUNA,Last-Item,0.5,0.0
AHZFB3BH5VENRYAFHBJPADWMKUNA,Avg-Last-10,0.0,0.0
AHZFB3BH5VENRYAFHBJPADWMKUNA,Recency-Weighted,0.0,0.0
AHZFB3BH5VENRYAFHBJPADWMKUNA,Essence (K=10),0.0,0.0
AHZHHVOLXE6RTRNG5EKDBIPNVBEA,Random,0.0,0.0
AHZHHVOLXE6RTRNG5EKDBIPNVBEA,Popularity,0.0,0.0
AHZHHVOLXE6RTRNG5EKDBIPNVBEA,CF (ItemKNN),0.0,0.0
AHZHHVOLXE6RTRNG5EKDBIPNVBEA,Content (Avg Emb),0.0,0.0
AHZHHVOLXE6RTRNG5EKDBIPNVBEA,Last-Item,0.0,0.0
AHZHHVOLXE6RTRNG5EKDBIPNVBEA,Avg-Last-10,0.0,0.0
AHZHHVOLXE6RTRNG5EKDBIPNVBEA,Recency-Weighted,0.0,0.0
AHZHHVOLXE6RTRNG5EKDBIPNVBEA,Essence (K=10),0.0,0.0
AHZHLKEPIEIEUVK7IN7VDY5DQA4Q,Random,0.0,0.0
AHZHLKEPIEIEUVK7IN7VDY5DQA4Q,Popularity,0.0,0.0
AHZHLKEPIEIEUVK7IN7VDY5DQA4Q,CF (ItemKNN),0.0,0.0
AHZHLKEPIEIEUVK7IN7VDY5DQA4Q,Content (Avg Emb),0.0,0.0
AHZHLKEPIEIEUVK7IN7VDY5DQA4Q,Last-Item,0.0,0.0
AHZHLKEPIEIEUVK7IN7VDY5DQA4Q,Avg-Last-10,0.0,0.0
AHZHLKEPIEIEUVK7IN7VDY5DQA4Q,Recency-Weighted,0.0,0.0
AHZHLKEPIEIEUVK7IN7VDY5DQA4Q,Essence (K=10),0.0,0.0
AHZHVFCSNROXGBIVQJSRFZLTSPOA,Random,0.0,0.0
AHZHVFCSNROXGBIVQJSRFZLTSPOA,Popularity,0.0,0.0
AHZHVFCSNROXGBIVQJSRFZLTSPOA,CF (ItemKNN),0.0,0.0
AHZHVFCSNROXGBIVQJSRFZLTSPOA,Content (Avg Emb),0.0,0.0
AHZHVFCSNROXGBIVQJSRFZLTSPOA,Last-Item,0.5,0.5
AHZHVFCSNROXGBIVQJSRFZLTSPOA,Avg-Last-10,0.0,0.0
AHZHVFCSNROXGBIVQJSRFZLTSPOA,Recency-Weighted,0.0,0.0
AHZHVFCSNROXGBIVQJSRFZLTSPOA,Essence (K=10),0.0,0.0
AHZJ3I2RM4S6XUEDGOVBYKM7TNTA,Random,0.0,0.0
AHZJ3I2RM4S6XUEDGOVBYKM7TNTA,Popularity,0.0,0.0
AHZJ3I2RM4S6XUEDGOVBYKM7TNTA,CF (ItemKNN),0.0,0.0
AHZJ3I2RM4S6XUEDGOVBYKM7TNTA,Content (Avg Emb),0.0,0.0
AHZJ3I2RM4S6XUEDGOVBYKM7TNTA,Last-Item,0.0,0.0
AHZJ3I2RM4S6XUEDGOVBYKM7TNTA,Avg-Last-10,0.0,0.0
AHZJ3I2RM4S6XUEDGOVBYKM7TNTA,Recency-Weighted,0.0,0.0
AHZJ3I2RM4S6XUEDGOVBYKM7TNTA,Essence (K=10),0.0,0.0
AHZKAOULDG3JEMJQVU6IERER7PUQ,Random,0.0,0.0
AHZKAOULDG3JEMJQVU6IERER7PUQ,Popularity,0.0,0.0
AHZKAOULDG3JEMJQVU6IERER7PUQ,CF (ItemKNN),0.0,0.0
AHZKAOULDG3JEMJQVU6IERER7PUQ,Content (Avg Emb),0.0,0.0
AHZKAOULDG3JEMJQVU6IERER7PUQ,Last-Item,0.0,0.0
AHZKAOULDG3JEMJQVU6IERER7PUQ,Avg-Last-10,0.0,0.0
AHZKAOULDG3JEMJQVU6IERER7PUQ,Recency-Weighted,0.0,0.0
AHZKAOULDG3JEMJQVU6IERER7PUQ,Essence (K=10),0.0,0.0
AHZKH3A3F2YTKSGGK2DL4DJM64TQ,Random,0.0,0.0
AHZKH3A3F2YTKSGGK2DL4DJM64TQ,Popularity,0.0,0.0
AHZKH3A3F2YTKSGGK2DL4DJM64TQ,CF (ItemKNN),0.0,0.0
AHZKH3A3F2YTKSGGK2DL4DJM64TQ,Content (Avg Emb),0.0,0.0
AHZKH3A3F2YTKSGGK2DL4DJM64TQ,Last-Item,0.0,0.0
AHZKH3A3F2YTKSGGK2DL4DJM64TQ,Avg-Last-10,0.0,0.0
AHZKH3A3F2YTKSGGK2DL4DJM64TQ,Recency-Weighted,0.0,0.0
AHZKH3A3F2YTKSGGK2DL4DJM64TQ,Essence (K=10),0.0,0.0
AHZNL4NCW7FJ2KT6FQUPNVIOXO2Q,Random,0.0,0.0
AHZNL4NCW7FJ2KT6FQUPNVIOXO2Q,Popularity,0.0,0.0
AHZNL4NCW7FJ2KT6FQUPNVIOXO2Q,CF (ItemKNN),0.0,0.0
AHZNL4NCW7FJ2KT6FQUPNVIOXO2Q,Content (Avg Emb),0.0,0.0
AHZNL4NCW7FJ2KT6FQUPNVIOXO2Q,Last-Item,0.0,0.0
AHZNL4NCW7FJ2KT6FQUPNVIOXO2Q,Avg-Last-10,0.0,0.0
AHZNL4NCW7FJ2KT6FQUPNVIOXO2Q,Recency-Weighted,0.0,0.0
AHZNL4NCW7FJ2KT6FQUPNVIOXO2Q,Essence (K=10),0.0,0.0
AHZPQGR6I6GSI4QT6AK4O4ML43KQ,Random,0.0,0.0
AHZPQGR6I6GSI4QT6AK4O4ML43KQ,Popularity,0.0,0.0
AHZPQGR6I6GSI4QT6AK4O4ML43KQ,CF (ItemKNN),0.0,0.0
AHZPQGR6I6GSI4QT6AK4O4ML43KQ,Content (Avg Emb),0.0,0.0
AHZPQGR6I6GSI4QT6AK4O4ML43KQ,Last-Item,0.0,0.0
AHZPQGR6I6GSI4QT6AK4O4ML43KQ,Avg-Last-10,0.0,0.0
AHZPQGR6I6GSI4QT6AK4O4ML43KQ,Recency-Weighted,0.0,0.0
AHZPQGR6I6GSI4QT6AK4O4ML43KQ,Essence (K=10),0.2,1.0
AHZPVPYMCL5Y46BRCO3N3F6HTOHA,Random,0.0,0.0
AHZPVPYMCL5Y46BRCO3N3F6HTOHA,Popularity,0.0,0.0
AHZPVPYMCL5Y46BRCO3N3F6HTOHA,CF (ItemKNN),0.0,0.0
AHZPVPYMCL5Y46BRCO3N3F6HTOHA,Content (Avg Emb),0.0,0.0
AHZPVPYMCL5Y46BRCO3N3F6HTOHA,Last-Item,0.0,0.0
AHZPVPYMCL5Y46BRCO3N3F6HTOHA,Avg-Last-10,0.0,0.0
AHZPVPYMCL5Y46BRCO3N3F6HTOHA,Recency-Weighted,0.0,0.0
AHZPVPYMCL5Y46BRCO3N3F6HTOHA,Essence (K=10),0.0,0.0
AHZQKWYHURMDJLW6DKBPP5CU7UPQ,Random,0.0,
AHZQKWYHURMDJLW6DKBPP5CU7UPQ,Popularity,0.0,
AHZQKWYHURMDJLW6DKBPP5CU7UPQ,CF (ItemKNN),0.0,
AHZQKWYHURMDJLW6DKBPP5CU7UPQ,Content (Avg Emb),0.0,
AHZQKWYHURMDJLW6DKBPP5CU7UPQ,Last-Item,0.25,
AHZQKWYHURMDJLW6DKBPP5CU7UPQ,Avg-Last-10,0.0,
AHZQKWYHURMDJLW6DKBPP5CU7UPQ,Recency-Weighted,0.0,
AHZQKWYHURMDJLW6DKBPP5CU7UPQ,Essence (K=10),0.0,
AHZS5HQSVF5Z5JSX564Q2R5VOJQA,Random,0.0,0.0
AHZS5HQSVF5Z5JSX564Q2R5VOJQA,Popularity,0.0,0.0
AHZS5HQSVF5Z5JSX564Q2R5VOJQA,CF (ItemKNN),0.1,0.5
AHZS5HQSVF5Z5JSX564Q2R5VOJQA,Content (Avg Emb),0.0,0.0
AHZS5HQSVF5Z5JSX564Q2R5VOJQA,Last-Item,0.0,0.0
AHZS5HQSVF5Z5JSX564Q2R5VOJQA,Avg-Last-10,0.0,0.0
AHZS5HQSVF5Z5JSX564Q2R5VOJQA,Recency-Weighted,0.0,0.0
AHZS5HQSVF5Z5JSX564Q2R5VOJQA,Essence (K=10),0.0,0.0
AHZSHLSRALGTOXKEAVIKIHA37JGA,Random,0.0,0.0
AHZSHLSRALGTOXKEAVIKIHA37JGA,Popularity,0.0,0.0
AHZSHLSRALGTOXKEAVIKIHA37JGA,CF (ItemKNN),0.0,0.0
AHZSHLSRALGTOXKEAVIKIHA37JGA,Content (Avg Emb),0.0,0.0
AHZSHLSRALGTOXKEAVIKIHA37JGA,Last-Item,0.0,0.0
AHZSHLSRALGTOXKEAVIKIHA37JGA,Avg-Last-10,0.0,0.0
AHZSHLSRALGTOXKEAVIKIHA37JGA,Recency-Weighted,0.0,0.0
AHZSHLSRALGTOXKEAVIKIHA37JGA,Essence (K=10),0.0,0.0
AHZU2LATVOOXKN5JB3MCCTX7YVDQ,Random,0.0,
AHZU2LATVOOXKN5JB3MCCTX7YVDQ,Popularity,0.0,
AHZU2LATVOOXKN5JB3MCCTX7YVDQ,CF (ItemKNN),0.0,
AHZU2LATVOOXKN5JB3MCCTX7YVDQ,Content (Avg Emb),0.0,
AHZU2LATVOOXKN5JB3MCCTX7YVDQ,Last-Item,0.0,
AHZU2LATVOOXKN5JB3MCCTX7YVDQ,Avg-Last-10,0.0,
AHZU2LATVOOXKN5JB3MCCTX7YVDQ,Recency-Weighted,0.0,
AHZU2LATVOOXKN5JB3MCCTX7YVDQ,Essence (K=10),0.0,
AHZWIQ77VRNU6QKNZORH5N5TKNKA,Random,0.0,
AHZWIQ77VRNU6QKNZORH5N5TKNKA,Popularity,0.0,
AHZWIQ77VRNU6QKNZORH5N5TKNKA,CF (ItemKNN),0.0,
AHZWIQ77VRNU6QKNZORH5N5TKNKA,Content (Avg Emb),0.0,
AHZWIQ77VRNU6QKNZORH5N5TKNKA,Last-Item,0.16666666666666666,
AHZWIQ77VRNU6QKNZORH5N5TKNKA,Avg-Last-10,0.0,
AHZWIQ77VRNU6QKNZORH5N5TKNKA,Recency-Weighted,0.0,
AHZWIQ77VRNU6QKNZORH5N5TKNKA,Essence (K=10),0.3333333333333333,
AHZZ6Q6Y2NBBQDDCQHEEQMN4YHFA,Random,0.0,0.0
AHZZ6Q6Y2NBBQDDCQHEEQMN4YHFA,Popularity,0.0,0.0
AHZZ6Q6Y2NBBQDDCQHEEQMN4YHFA,CF (ItemKNN),0.0,0.0
AHZZ6Q6Y2NBBQDDCQHEEQMN4YHFA,Content (Avg Emb),0.0,0.0
AHZZ6Q6Y2NBBQDDCQHEEQMN4YHFA,Last-Item,0.0,0.0
AHZZ6Q6Y2NBBQDDCQHEEQMN4YHFA,Avg-Last-10,0.0,0.0
AHZZ6Q6Y2NBBQDDCQHEEQMN4YHFA,Recency-Weighted,0.0,0.0
AHZZ6Q6Y2NBBQDDCQHEEQMN4YHFA,Essence (K=10),0.0,0.0
